lon,lat,radius_lon,radius_lat,count,neighbors
109.50,20.50,0.96,0.90,106,"GG209,GG208,G2485,GG201,G2487,G7413,G7417,GG106,GG205,G7445,GG203,G7475,GG213,G2442,GG207,G2484,GG105,G7542,GG210,G2486,G7414,G2416,59759,GG204,G7410,GG312,G7412,G2477,GG111,GG211,G7474,G7418,G2489,G7440,GG206,G7447,G7416,GG317,G7448,GG217,G7434,GG103,G2441,G7571,G7570,GG218,G7548,G7510,G2482,59754,G7543,G7441,G7431,G7443,G7419,GG108,GG215,GG214,G2481,GG202,GG104,G2402,GG216,59750,G2449,G2440,G7525,GG110,G7536,G7537,GG101,GG310,G7524,G2488,G7544,GG212,G2480,G7415,GG309,G2471,G7535,G7534,GG107,G2444,G2405,GG102,G7540,G7442,G7411,G7517,G7516,G7513,G2475,G2472,G7439,GG109,G2446,GG219,G2426,G2483,G2470,G7473,G2448,G7444,GG318,59755"
109.50,21.00,0.96,0.90,164,"GG210,GG312,G2477,G7414,G7431,G7536,G7537,GG213,GG205,GG310,GG317,G7434,G2487,G7534,G7535,G2471,G2484,G2472,GG211,GG309,GG209,GG212,G7439,G2475,GG318,GG203,G7418,GG214,G2480,G2402,G7413,GG215,GG207,GG315,G7474,G7433,G7510,G2416,59750,G2405,G7416,GG217,G7432,G7419,G7565,G7566,G7412,G2474,G2470,G2481,G7415,G7473,GG208,GG316,GG201,G7436,G7475,G2485,GG301,GG304,G7461,G7524,GG308,G7567,GG314,G7468,G7417,G2426,GG305,GG313,GG405,G2489,G2486,GG415,G2468,G7531,GG302,G7525,GG412,G7430,G7470,GG306,G2462,G2400,G2476,GG202,G2473,GG216,G2482,G7471,G7472,GG012,GG307,G7460,GG106,GG413,GG011,G7410,GG204,G2404,G2466,G7445,GG010,GG001,G7513,G7411,GG218,GG206,59658,G7542,GG411,GG007,G7422,G2425,G7465,G2479,G7440,GG002,59650,G2488,G2478,GG003,G7423,G2483,G7435,G7532,GG006,G2421,G7516,G7517,G7438,GG404,G7467,GG219,GG101,GG410,G2408,G2409,G7443,G2442,GG111,G2467,GG303,G7447,G7491,GG105,59759,G2420,G2410,G2411,GG421,G7441,GG311,G7463,GG403,GG408,GG107,GG103,59657,GG104,G7490,G2423,G2422,G2446"
109.50,21.50,0.97,0.90,151,"G7567,G2468,G7565,G7566,GG405,G7461,GG318,GG412,G2472,G7470,GG413,GG415,G7534,G7535,G7537,G7536,GG310,G7468,G2471,G2474,G2466,GG315,G7433,G7431,GG411,G7439,G2475,G7471,GG309,GG404,G2462,GG316,G2477,GG403,GG308,G7465,GG312,G2467,G7432,G7460,GG410,G7472,GG317,GG212,G7434,GG301,GG306,GG210,G2464,GG305,GG406,GG307,GG402,G7463,GG304,G2473,G7414,G7436,GG409,GG314,GG421,G2480,GG407,G2470,GG214,G7466,G7467,G2404,G2476,G7473,GG211,G7531,G2402,GG213,G2400,GG313,G2405,G7438,G7435,GG417,59650,G2479,GG418,GG215,G2465,G7563,GG001,GG416,G7532,GG205,G2484,GG408,G7464,GG302,G7418,GG419,G2463,GG011,G7430,59750,GG012,GG311,59654,G2478,GG007,G7510,G2426,G2425,G7469,G7415,GG303,G2487,G7462,G7419,GG414,G2481,GG401,GG010,G2421,GG217,GG006,G7474,59658,G7560,GG203,G7437,G2460,G2407,G7416,GG003,G7524,GG420,GG002,GG209,G2461,GK213,G7423,G7821,GG207,G2413,G2412,G2428,G7412,G7820,G7829,G7491,G2420,G2416,G2423,GK218,G7521"
110.00,20.50,0.96,0.90,164,"GG204,G7410,G7417,G2486,G7542,G7475,GG201,G7440,G7445,GG206,GG106,G2485,GG208,GG111,G7447,G7413,GG103,GG218,G2489,G7441,G7443,59759,G7548,GG207,G2441,GG104,G2416,G2442,GG105,GG101,G2482,G7412,GG108,GG110,GG203,G7544,G2488,GG209,G7571,G7570,G7448,59754,G7543,G2449,G2440,G2444,GG107,GG216,GG202,GG102,G7474,G7442,G2487,G7416,G7540,GG109,G7525,G7517,G7516,G2446,G2484,GG217,GG205,G7418,G7444,GG219,G2448,G7411,G7513,G7510,GG213,G7419,G7524,G2481,G2483,G2443,G7541,59755,GG211,G7446,59750,GG215,G2447,G2445,G7415,G7414,G2402,GG214,GG210,G2405,G2426,G7422,G2480,GG317,G7434,GG312,G2477,GG212,G7473,G7430,G2470,GG302,G7431,GG309,GG313,GG012,G2422,GG010,G2401,59751,59658,G7523,G7522,G7436,GG310,G2475,G7531,GG002,G7537,G7536,G2415,G2414,G7439,G2408,G2409,G2471,GG011,G7423,GG304,G7534,G7535,GG314,G2400,59657,G7432,GG003,G2411,G2410,G2476,G2424,G7491,G2472,G2420,G7490,GG301,G2425,GG007,GG305,GG001,GG006,GG316,G7433,GG315,G2421,G2423,GG308,GG318,G7521,G2473,G2404,G2478,G2413,G2412,G2427"
110.00,21.00,0.96,0.90,276,"G2402,GG215,GG214,59750,G2480,G7510,G2405,G7419,G7415,GG211,G7418,G2481,GG217,GG212,G7416,G7473,G7524,G2426,G7434,G2470,G7474,GG317,G2484,G7414,GG309,G7430,GG302,GG313,GG213,G7436,G7412,G7525,G2475,G7439,G2416,G7531,GG304,GG203,G2477,G7431,GG314,G7432,GG012,GG207,GG312,GG202,G2471,GG210,GG216,G2400,GG310,GG205,GG010,G7535,G7534,GG011,GG301,G7536,G7537,G2476,G7422,59658,G7513,G2487,G2489,GG305,GG316,G7411,G2482,G7433,GG315,G2472,GG002,GG308,GG001,G7423,G7413,G2473,G2425,GG007,G7475,GG003,GG209,G2483,GG318,G2408,G2409,G2404,G2486,G2474,GG306,GG006,GG307,G2411,G2410,GG219,G7491,G2421,G2420,G7517,G7516,G2422,G2478,59657,GG218,G7490,G2479,G2488,G2462,G7472,59650,G2423,G2415,G2414,G7522,G7523,GG201,G7410,G7521,GG206,G7532,G7460,G2413,G2412,G7468,GG303,59751,G2401,GG101,GG204,G7435,G2446,G7417,G7566,G7565,GG208,G7438,GG311,GG107,G7471,G2485,G2424,G7437,G2427,G7443,59755,G7440,GG415,GG408,G7461,G2428,G7467,GG414,G7444,G7441,GG405,G7470,G2444,GG104,GG005,GG412,G7421,G7541,G7542,G7457,GG004,G7420,G7567,G2460,G7465,GG106,G7458,G7447,G7445,GG103,GG421,G2466,GG416,GG109,G2406,G2403,GG013,G7544,G7469,GG411,GG111,G2451,GG503,G2468,GG420,GG413,G7463,G7456,GG102,G7563,G2463,G7446,G7459,GG110,G7442,G7548,G2407,GG410,G2441,59654,G2455,GK211,G2467,G2465,GG404,59759,G2443,GG407,GG108,G2554,G7540,GG504,G2457,GG402,GG401,G2447,G2445,G2442,GG403,G2440,G2449,GG105,G7821,GK213,G7570,G7571,G7814,59754,G2448,G7543,G7966,G7448,GK222,G7453,G7462,G7454,G2557,G2453,G7815,G7466,G7553,G7552,G2458,G2464,GK218,GK226,GG419,GK217,G2551,GG409,G7824,G7829,GG406,G2459,G7560,59656,G7451,G7817,G7831,G7455,GG418,G7464,G7823,GK220,GK225,GK224,GG507,GK215,G2450,GG417,G7701"
110.00,21.50,0.97,0.90,310,"G7471,G2462,G7460,G7468,G7472,GG415,GG306,G7465,G2474,GG308,G2466,G7470,GG411,GG307,G7461,GG412,GG316,GG405,G7467,GG421,G7433,GG410,G2473,GG315,G7463,G7565,G7566,GG301,GG305,GG413,G2467,GG404,G2404,G7432,G7438,G7435,G7567,GG402,59650,GG407,GG403,GG318,G2479,G2468,GG304,GG408,GG416,G7532,G7563,GG314,G2476,G2465,G2463,G7436,G7439,G2475,GG311,G2400,GG001,G2464,G7469,G7466,59654,G2472,GG303,G7531,G2478,GG409,GG406,GG414,G2471,G7535,G7534,GG309,GG007,GG313,G2470,G2425,G7462,GG419,GG401,GG011,G2460,G7437,G2407,G7473,GG212,GG420,G2421,GG418,GG310,GG012,G7537,G7536,G7464,GG006,GG302,GG417,GK213,G2480,G7430,G7821,G2428,G7560,G7431,GG010,GG003,G2413,G2412,G2405,59658,GG005,GK218,G7829,G2554,G7434,G7521,G2423,GG214,GG002,G7423,GG317,G2420,G2426,G7456,G7491,G2551,G2402,G7820,G2557,G2461,GK226,G2410,G2411,GK215,G7490,GK211,G7421,G2409,G2408,GG215,G7814,GK224,G2427,G7415,G7824,GK225,59657,G2477,59750,G2552,GG312,GK214,G2455,G7457,GK222,G7966,GG211,G7822,G7815,GK217,G2451,GG013,G7510,G7419,G2481,G7414,G7831,GK212,G7458,GK220,G7701,G7422,GG503,GG210,G7418,59655,G7524,G2422,GK205,G7828,G7813,G7453,G7420,GG217,G2414,G2415,G7816,G7823,G2406,G2403,G2505,GG004,GK223,GG504,GG213,G7522,G7523,GK210,G7459,G2424,G7416,G2457,G2458,GK221,G7819,G2484,GK209,G7474,G2453,G7817,GK202,G7812,G7451,G7454,G2401,59751,G7525,G2452,G7553,G7552,G7918,GK204,G7825,GK416,GK206,G2550,G2459,G7869,GK421,GG205,G7513,G7830,G7412,G2553,GK207,G7827,GK201,G7411,GK002,G7455,GG202,G7865,GG203,GG507,GK402,G2416,GG216,59656,GK001,G2487,G2454,GG207,G7913,G2517,G2528,G7857,GG501,GK419,G2483,G7550,GG502,G7826,G7914,G2555,GK413,G2513,GK806,G2482,GG505,GK219,G7912,G2450,GK401,GK406,G2558,G2556,G2489,G2526,GK216,GG219,GK811,GK407,G2518,GG506,G2510,GG209,GK208,G7517,G7516,G7915,G7919,G2509,G7818,G7908,G7859,G7413,G7860,G2529,G7916,G7811,G2456,GK203,G7475,59659,G2507,G2508,G2515,GK415,G7907"
110.00,22.00,0.97,0.90,246,"GG417,GG406,GG409,G2464,GG418,G7464,G7466,GG403,GG402,GG404,G2467,GG419,GG407,G2461,GG410,G7830,GG411,GK205,G7560,G2505,G7463,GK207,G7462,G2466,G7465,GG413,G7820,G2465,G2550,GG421,G7828,GK206,G7826,GG412,G7470,G7563,G2552,GK215,GK202,G2468,59654,G2463,G7827,GK209,G7829,GG401,GG405,GG415,G7471,GK214,GK204,G7567,GK223,GG416,GK218,GK213,G7461,G7467,G2553,GK224,GK201,GK219,G7821,G7468,G7469,G7460,G7812,G2551,GK225,G2462,G7472,G7813,G2558,G2407,G7565,G7566,GK212,G2556,GK226,G7819,G7822,G2555,GG408,G7438,G2557,GG306,G7818,G7435,GG420,GK216,G2474,G7824,GK208,GG307,GK203,59655,G2460,GK402,G7811,G2554,G7816,59650,GG311,G7532,GG308,GG414,G7701,G2526,GK421,G2473,G2479,GK220,GK406,G7814,G2404,GG316,G2528,G7831,G7865,G7867,G7433,GG315,GK419,GG303,GK430,GK416,GG305,GK401,GK412,GG318,G2521,GG301,GK217,G7437,G7456,GK415,G2478,GK211,G7857,G7815,G7908,GK436,GK405,G7432,G7869,GK222,GK407,G2570,GK210,G7966,GG001,GG005,G2428,GK429,G2476,G7902,GK221,G7825,GG304,GG314,G7823,G2472,G7918,G2400,GK002,GG007,G2529,G7861,G2425,G7439,GK413,GK617,G7436,G2475,G7754,G2421,G7860,G7767,59653,G7531,G7907,G2455,GK611,G7534,G7535,GG006,G7421,G7913,G2471,G2537,G7912,G2413,G2412,G2452,GK616,G7906,G7817,G7868,GG011,G7859,G7453,GK433,G7451,G7858,GK001,GG309,GG313,G7521,G7914,G7904,GG310,GK432,G2423,GK426,G7537,G7536,G2517,G2470,G2530,G2458,GG012,GG003,G2451,G7760,G7457,G7862,GG013,G7473,G2427,G2420,GG212,G2453,GG302,G7491,59659,GG010,G2510,G7919,GG503,59658,G7423,G7431,G7490,G7430,G2522,GG002"
110.00,22.50,0.98,0.90,101,"G7830,GK207,G7826,G2550,GK206,G2505,GK219,GK205,G7827,GG417,G7767,GG418,G2558,G7464,GG406,GK202,G2461,G7828,GG409,GK204,GK617,G7818,GK201,G2556,G2553,GK203,G2464,G7754,G2521,GK209,GK430,G7811,GK208,G7466,G2555,G7760,GK216,GG419,G7867,GK223,GG403,G2533,G7820,GK429,G2537,GK606,G7560,G7812,G2552,GG402,GK405,GK618,GK616,GG404,GK412,G2467,GK611,GG407,GK215,GK214,G7462,GG410,G2526,G7902,G7759,GK436,G7761,GK402,GK415,G7819,G7813,GK406,G2570,G2465,G7829,GG411,G7463,GK433,GK224,G7858,G2530,59456,GK601,GG413,G2538,G2466,G2569,GK401,G7465,GK218,GK612,GK212,G2528,G2561,GK419,GK225,GK605,G7968,GG401,GG421,G7908"
110.50,20.50,0.96,0.90,154,"G7446,G2447,G2445,G7541,G2443,G7444,GG109,G2444,59755,GG102,G7442,G2446,GG107,G2448,GG101,G7544,G7540,GG104,G2488,G7443,G7517,G7516,G7441,GG110,GG219,GG218,GG103,G2483,GG206,G7440,G7548,GG108,G2440,G7447,G2441,G2449,G7411,G2482,G7513,G7410,GG216,GG202,GG204,59754,G7543,GG111,G2489,G7570,G7571,G2486,G7448,G7525,G7542,G7475,59759,59751,G2401,G7422,G7412,G7524,G2416,G7416,G7523,G7522,G7445,GG217,G7417,G2422,G7474,G2481,GG207,G2415,G2414,G7419,GG106,GG201,G2442,GG105,G2424,G7510,G7415,59750,G7413,G2485,GG208,GG203,G2426,G7418,G2409,G2408,59657,GG215,GG002,59658,G7430,GG010,G2410,G2411,G7423,G2402,G2405,G2484,GG302,G7490,GG004,G7491,GG211,GG209,G2420,GG012,GG003,GG214,G7473,G7420,G2487,G2403,G2406,G2480,GG011,GG313,G2423,G2427,GG213,G2470,GG205,G7521,GG006,G7531,G7458,G2421,G2412,G2413,G2425,G7459,GG007,G2400,G7457,G7414,G7436,GG503,GG013,G2476,GG001,GG314,GG212,G7434,GG304,G2451,GG317,G2478,G7421,G2457,GG504,G2428"
110.50,21.00,0.96,0.90,349,"G2401,59751,G7522,G7523,G2414,G2415,G2422,G2424,G7422,59657,G2408,G2409,G2411,G2410,G7490,GG002,G7423,G7491,GG004,G2420,59658,GG003,G7420,GG010,G2483,G2427,G2423,G2406,G2403,G7513,G7411,G7521,GG219,G7458,GG006,G2413,G2412,GG012,G7430,G7457,G2426,G2421,G7459,GG302,GG011,GG503,GG013,G2425,G7517,G7516,G7525,GG007,G7524,59755,G2451,G7415,G7421,GG202,GG216,GG313,G7531,G2446,GG001,G2478,G2481,G2428,G2400,G7473,G2457,GG504,G7419,G2405,59750,GG005,G2476,G7437,G2482,GG303,G7541,GG217,G2470,G2455,G7444,G2488,G7510,GG314,GG215,G7416,G7553,G7552,G7436,G7454,G2479,GG107,GG304,G2402,G2404,G7532,GG311,59650,GG414,G7456,G2453,G2480,GG101,GK211,G7474,G2489,GG218,G7453,GG214,G7446,G7412,G2473,G2458,59656,GG305,G7435,G2459,G2460,G2450,G7438,G7418,GG408,G7455,GG307,GG301,G2444,G2416,G7432,GG109,G7966,G7550,GG420,GK222,GG506,G7443,GG507,G2447,G2445,GG211,G7815,GG316,GG212,GG206,G2554,GG308,G7451,GG505,GG306,G7814,G7817,G2443,GG501,G2486,GG207,G2407,GG502,G2518,GG104,G7469,G7467,GK217,G2456,G2454,G7441,GG102,G7410,G7921,G7472,G2475,GK806,GG416,G7442,G7439,G7823,G7475,GG203,G7440,GG309,G7544,G7434,G2484,GK811,G7460,G2462,G2452,G7433,GG204,GG317,G2557,G2508,GG315,G2513,G2463,GK221,G7831,G7735,G7736,GK210,59654,G7821,G7824,G7563,GG103,GK226,G7414,GK213,GK220,GG213,GG401,GG110,G7540,G2474,G2549,G2448,GG421,G7447,G2471,G2551,G7413,G7701,G2517,G7471,GK001,G7918,G7431,59664,GK218,G7916,G7535,G7534,G2465,GG310,G7468,G7548,G7737,G7738,GG205,G7915,G7825,G2472,G2487,G7463,G2477,G2441,59655,G7536,G7537,GG201,G7829,G2544,GK225,GG318,G7719,GK003,G7822,GG312,GG111,G7914,G7417,GG108,GK002,G7465,G7913,G7721,G7462,GG209,G2509,G7712,GG210,GK224,G7542,G7816,G2507,G7869,G2510,G2440,G2449,GK212,GG415,G7731,G7732,G2515,G7919,G7969,GG407,G7917,GG208,G2485,GK215,G2516,G7566,G7565,G7560,G7912,GG410,GK416,GK808,59754,G7723,G7543,G7461,GG411,G7445,GG402,G7470,GK214,G2545,G2466,G7571,G7570,GK413,GG419,G2542,G2548,G7813,GG106,G2467,59659,G7722,G7820,G2506,G7448,GG412,G7734,G7733,G7729,G7730,GG405,G2552,59759,G7715,G7466,G7720,GK421,G7857,G7716,G7819,GG404,G7865,GK807,GG413,G2543,59665,G7859,G7863,GG403,G7567"
110.50,21.50,0.97,0.90,431,"G7456,GK211,G2554,G7814,GG420,GG005,G2460,GK222,G7966,G7815,G2455,G2407,G2428,GK217,G2557,GG414,G7421,G7437,G7453,G7824,GK226,G7821,G7469,G7831,G2451,GK213,GG311,GG013,G2551,GK220,G2458,G7823,GG303,G7457,GG408,G7817,GG503,G7451,G2453,GG401,G7701,GK218,GK210,GG504,G2413,G2412,GK221,GG416,G2457,59654,G7532,G7458,G2463,G2427,G7438,G7454,G7521,GK225,G7435,G7822,59655,G7829,G2478,G2452,59650,G7563,G2459,G2423,G7553,G7552,G2479,GK224,G7459,G2421,GG006,G7918,G7455,GK212,G7816,G7467,G7420,GG507,G7825,G2406,G2403,G2465,GG007,G7462,G2425,59656,G2454,GK215,G2420,G7490,G7491,GG501,GG001,GG004,GK001,G7869,GK002,GG003,G2517,GK214,G2404,G7550,G2411,G2410,GG502,G7560,GG421,GK806,G7813,G2513,GG505,G7913,GK416,G7423,G2552,59657,G7820,G2450,GG307,G7914,GK811,G2473,GG002,G2409,G2408,G7463,GG011,G7819,G2518,G2476,GG506,GG419,GK421,G2400,59658,G7912,GG407,G7915,GG010,GK413,G7865,G7472,G2424,G2510,G7460,GG306,G7857,GG012,G2509,G7919,G7916,G2456,G2508,G2461,G7531,G2415,G2414,GG305,G2507,GK223,G2515,G7812,G2462,G2422,GG314,G7921,GG402,G7465,G2528,G7522,G7523,GG304,GG313,59659,59664,GK402,GK419,G7466,GG308,G7464,GG302,G7828,G2549,G7859,G7430,G7471,GG301,GK209,GG410,G2516,GG418,G7436,G7736,G7735,G7917,GG316,59751,G2401,GK401,GK407,G2467,G7860,GK202,G7863,GK205,G7719,GK406,G7432,GG409,G2529,GK204,G2544,GG417,G7473,G2470,GG411,GK808,G2553,G7422,G7907,G2526,G7908,G7738,G7737,GK423,G7468,G7969,GK201,G2505,G2426,GG403,G7904,GG404,G2506,GG406,59653,G7712,G2466,G7864,G2504,G2474,G7723,G2464,GG415,G7433,G2555,GK422,GK003,GG315,G7861,G7827,GK206,GK216,G7906,G2405,G7720,GK802,G7721,G7470,G7715,GK415,GK807,G2556,G2550,GK425,G7713,G2571,GK414,GG412,G2558,GG413,GK208,G7732,G7731,G2570,G2480,G2545,G7415,G7461,GK424,GK436,G7862,GK412,GK427,G2475,G7439,GG405,GK219,GK417,G7909,G7818,G7811,GK432,G7566,G7565,G2541,GK804,GK207,GG212,GK203,G2402,GK400,G7722,GK420,G2527,59750,GG214,G7524,GG309,GG318,GG215,G7867,G7830,G2548,G2542,GK426,G7729,G7730,G7716,GK803,G7902,G2481,G7868,G2546,G7567,G7900,G7419,G7826,G7513,G2468,G2472,G2471,GK405,G7411,G7853,G7510,G2501,G7866,G7733,G7734,G7535,G7534,G2524,G2483,G7525,GK430,GG217,GK409,G7434,G2521,G2522,G2543,GK433,GK403,59665,GK429,GG310,G7858,G7711,GG317,GK434,GG219,G7416,GK805,G7536,G7537,GK408,GG202,G7431,G7714,G7851,GG216,G7418,G7717,G7718,GG211,G7967,G7910,G7727,G2530,G2520,G7725,G7474,GK611,GK404,G7516,G7517,G7726,G2540,G7920,GK809,G7903,GK615,GK431,G2482,59755,G2547,GK418,G7412,G7922,GK616,G2572,GK801,G7414,GK810,G2561,GQ025,G7724,G2537,GQ030,G2335,G2477,G2446,GK435,GQ024,G7852,G7740,G7739,G7854,GG312,G2484,G2416,G2523,G2369,G2336,G2489,GQ016"
110.50,22.00,0.97,0.90,426,"GK202,GK209,GK204,G2553,GK201,G7828,GK223,G7827,G7812,GK206,G2505,GK205,G2555,G2550,G2556,G2558,GK219,GK216,G2552,G7819,GK402,GK208,GK214,G7813,G7818,G2526,GK207,G7811,G7820,G2461,GK203,GK406,G7826,GK215,G2528,GK421,GK419,G7830,GK401,GK212,GK224,GK412,G7865,G7867,GK415,G7560,GK225,G7822,G7908,GK436,G7816,G7829,G2570,GK407,GK416,GK430,59655,G7857,GK405,G2521,GK218,G7902,G2551,G7861,G2529,G7464,G7701,GG419,G7462,GK226,GK429,59653,G7824,G7869,G7860,G7907,GK213,G7906,GG418,G7821,GK220,G7868,G2557,GK413,GG401,GG417,G7831,G7825,GK432,GK002,G7859,GK426,GK433,G7904,GK611,G7858,G7912,G7918,G2465,GK210,G7862,59654,G7913,G7466,GK221,GK217,GK616,G2530,G2537,G7814,G2463,G2407,G2554,G7563,GG409,G7754,G7823,GG407,G2522,G7909,G7914,GK617,G7864,GK420,GK001,G2571,G7469,59659,G7815,GG402,GG416,GG406,G2517,G2452,GK222,GG420,GK615,G7863,G7966,G2524,G2561,G7919,G2510,G7903,G7463,G7767,GK404,GG421,GK408,G7817,G2464,GK427,G2509,G2460,GK431,G7900,GK414,GK423,G7451,GK211,G2504,GK434,G2515,59456,GK400,G7456,G7962,G2569,G2507,G2527,G2467,G7915,GG410,GK422,G7762,G7760,GG403,GK425,G7467,GK417,G2516,G7853,G7852,G2520,G7453,G2513,GG408,GK409,GG414,G7851,G2454,GK601,G7465,GK424,GG404,G2458,G2572,G7916,G2539,G2455,G7438,G7917,GK609,GK806,GK612,GG005,GG311,G7910,G2538,G2533,GG507,G7761,G2523,GG501,G7435,GK621,GK802,GK619,G2453,GK804,GG502,GK811,GK618,G2459,G7437,G7455,GG411,G2428,GK435,G7532,G7713,GK808,G2546,G7866,G2506,GG303,G2532,G7759,GG505,GK606,G7421,59650,59664,G7454,GK803,GK428,G7905,G7550,G7763,G2573,GK403,G2466,G7552,G7553,G2479,G2518,G7460,59656,G7968,GG504,G2508,G2451,G2457,G7471,GK608,G7723,G7720,GK807,G7472,G2563,GG013,G2549,G7719,G7969,G2525,G7714,G2478,GG307,GG503,G7715,G2564,G7457,G2462,G2456,G2574,G2541,G2544,G2565,G2450,G2501,GG413,GK418,G2534,G7854,G7967,GG506,GK805,G2404,G7856,GG306,G2412,G2413,GK604,G7726,G2566,G7711,G7764,G2575,G7458,G2567,G7921,G2568,G2576,G2473,G7470,G7712,GG415,G7735,G7736,GK410,G7459,G7521,G2421,G7961,G2427,GG412,GK607,G7737,G7738,G2562,GG001,G7468,GG006,GG007,G2423,G2425,GK605,GG405,G2545,G7855,GG308,G7420,GK003,G7758,G2403,G2406,G2503,GG305,G7461,G2560,G2476,GK411,G7721,G7757,G2420,G2350,G2468,G7901,G7490,G7727,G7491,GK603,GG003,G2400,G7354,GG004,GG316,G2474,GG301,G7567,G7732,G7731,G7765,G7724,GK602,GQ016,GG011,GK620,G2410,G2411,G7716,G7722,GK810,GG314,GK614,G7322,G7423,G7755,G7565,G7566,GG304,G7730,G7729,G7531,G2340,59657,GG002,G7725,G2531,G2548,G2542,G7356,G2547,GQ025,G7433,G7432,G2409,G2408,59658,GG315,GG012,GQ057,GG010,GQ049,G7717,G7436,GK809,G7768,G3078,GG313,GK610,G2370,G7349,G7350,G7769,G7960"
110.50,22.50,0.98,0.90,251,"G7767,GK617,G7754,G7760,G2533,GK606,G7826,GK618,G2521,G2537,GK430,GK616,GK219,G7759,GK429,GK207,G7830,GK203,G7761,G7818,GK611,G7811,G2558,G7867,G2550,GK405,GK601,G2556,GK208,G2538,G7827,59456,GK206,GK612,G2569,G7968,G7764,GK605,GK216,G2530,G2555,G7902,GK412,G2561,GK619,G7858,GK201,GK433,G2553,G2539,G2505,GK609,G7962,G7762,GK204,GK615,GK436,GK202,G7758,GK205,G2534,G2570,GK415,GK209,G7903,G7868,G2526,G7828,GK604,G7763,G2522,GK223,GK431,GK406,G7812,G2562,GK621,GK426,GK404,GK608,G2531,G7852,GK402,G7908,G2532,G7765,GK432,G7861,GK401,GK614,G3078,GK419,G2528,GW610,G7906,GK408,G2461,G3097,GK407,G7819,GK602,G9243,G7961,GK603,59653,G2552,G2523,G2563,G2529,G2524,G7862,G3047,GK434,G2572,GW611,G2564,G7813,GK421,G7907,GK214,G2573,G7865,G7820,GK420,G2565,G2520,GK607,G2566,GK428,G2567,G7755,G7909,G2568,G7860,G7769,G2574,G7464,G2560,GG417,G7904,GK215,G7857,G2576,G2575,GK435,GG418,G7560,G7905,G7851,GK212,GK416,G3055,G2571,G7900,GK224,G7757,GK409,GG419,G7816,GK620,G7910,GK225,G7859,G7822,G7856,GK610,G3058,G7829,G7960,G7864,G7853,59655,G7855,GK413,G3094,G3095,G3046,GK400,GK427,G7462,GG409,G7901,G2527,G7869,G7466,GK218,GG406,G2536,G2525,GW615,G2551,G3079,G7912,GK414,GK410,G2503,G7701,G9240,GW608,GK002,GK226,GK411,GK417,G7863,G7825,GK213,G2464,G7824,G7854,GK220,59659,GK425,G7821,G7913,GG401,G2504,GW603,G2465,GG407,G2535,G7918,GG402,G7768,G7831,G2557,GK423,GK613,G3043,G3057,G3048,GK422,GW609,GK418,GK424,G7866,G7914,G7322,GK210,GK403,G3056,GW607,59654,G3044,G2350,G7766,GG403,G7919,GK221,GK804,G2546,G2510"
111.00,21.00,0.96,0.90,285,"GG004,G2450,GG506,G2406,G2403,G7459,G7921,G2424,G7420,G2401,59751,G2456,59656,G7735,G7736,G7553,G7552,G7550,G2457,G7523,G7522,GG504,G2518,G7454,GG505,G7458,G2414,G2415,GG503,G7721,G2508,GK003,G7455,G2459,G7738,G7737,G7732,G7731,G2549,GG013,G2453,GG502,GG507,G2451,G7734,G7733,GG501,G7457,G2422,GK811,GK806,G2542,G2548,G7712,G2458,G2544,G2427,59665,G2543,G7719,59664,59657,G2454,G7730,G7729,G7722,G7453,G2455,G2545,G7490,G2513,G7421,G7969,G7716,G2411,G2410,G2408,G2409,G7916,G7451,G7817,G7521,G2423,G2420,G7491,G7723,G2412,G2413,G7422,59755,G7423,G7915,G7920,G7922,G2452,GG002,G7917,GK808,G7715,GG005,G7718,GG003,G7966,G2483,GK211,G2428,GK222,G2517,G2507,G7456,G7720,G7541,G2506,G7815,GG219,G7823,G2509,GG006,GK807,59658,GK001,G2515,G2516,G2540,G2369,G7740,G7739,G2421,G7446,G2510,GK221,GG010,G7513,G2446,G7717,G7444,G2332,G7411,G7516,G7517,G7919,GK217,G7437,GK210,G7914,G7814,GQ030,G7918,G2447,G2445,G2541,G2425,GG007,G7913,G2335,G7334,G7333,G7825,G2478,GG012,GG011,G7831,G7713,GK801,GQ026,GK802,GK002,G2554,GG303,G7332,G7725,GG414,G2460,59659,GK220,G7430,G7132,GG107,GK809,GG420,GG302,GQ029,G7912,G2443,GG001,GK423,GG311,GQ024,G2426,G7869,G2488,59669,G7131,G7701,G7863,GK422,G7525,GG109,GG216,G7133,G2557,G7824,GG202,G2504,G7532,GK413,GG101,G2479,G7524,G7335,G7336,G7727,G2400,G2444,G2336,G2501,G2407,59650,G7531,G2547,GQ027,GG313,G2337,GK803,GK226,G2476,GK424,59655,G2482,GG408,GK804,GQ028,G7415,GK425,G7859,G7816,G7435,G2404,G7438,GK416,GQ025,G2481,G2546,G7473,G7821,G2551,G7822,G7469,GG218,GG102,G7442,G7711,G7864,G7419,GK417,GK414,G7857,GG314,GK213,G2405,GK225,59750,G7443,GK212,GK810,G2470,GK805,GK218,G2473,GG217,GG304,G2370,G7436,G2448,GG104,GK427,GG416,G7866,G7860,G7544,G7865,GG401,G7416,G2489,G7510"
111.00,21.50,0.97,0.90,451,"G2549,59664,G2508,G7736,G7735,G2544,G7719,G7738,G7737,G2456,G7921,G7712,GK811,G7969,G2518,G7916,GK003,GK806,GG505,G7721,GG502,G7917,G7723,GG506,G2513,GK808,G7915,GG501,G7550,G7731,G7732,G2454,G2507,G2545,G2506,G2450,G2516,G7715,G2515,G2509,GG507,G7720,GK807,G7455,59656,G7722,G2510,G7919,G2517,G2548,G2542,G7730,G7729,G7716,G2459,GK001,G7914,G2452,GK802,G7451,G7713,G2541,G7553,G7552,G7817,59659,G7734,G7733,G7454,G7913,GK423,G2453,G2458,G7863,GK422,G2504,G7918,G2543,59665,G7912,GK002,G7823,GK221,G7453,G7825,GK210,G2457,GK424,GG504,G7718,GK413,GK425,GK804,G7717,GK803,G7869,G7859,G2501,G2540,G7864,G7920,G7966,G7815,GK414,G2546,GK417,GK222,G7725,GK217,G7459,G2455,G7727,G7831,G7922,GK427,GK220,GK809,G7711,G7857,GK416,GK801,GG503,G2451,GQ030,G7860,G7701,G7904,G7866,G2335,G2527,G7740,G7739,GK400,GK805,GG013,G2571,G2547,G7814,GK211,G7816,GQ024,G2369,G2403,G2406,G7458,GK403,59655,G7907,G2332,G7714,GQ025,G7865,G7132,G2529,G7457,G7420,G2336,G7967,G7824,G7456,GK421,59653,GK407,GK810,GG004,G7853,G7421,G7909,G7726,G7133,G7900,G7724,G7822,G2557,GK419,G2528,G2554,G7862,G7906,G7332,GK420,G2370,GK212,GK226,GG005,GK401,GQ026,G7334,G7333,G7908,G7861,GK225,GQ016,GK409,G7350,G7349,G2427,G7819,GQ029,G7813,G2551,GK402,GK418,GQ027,G2428,GK406,GK432,GK224,G2524,G7910,G7354,GG420,G7851,G7314,G7315,G2337,G7821,G2460,GK218,G2526,G2407,GK426,G2424,GK213,GK434,GK214,G7521,GQ053,G2412,G2413,GQ028,G7437,G2340,59669,G7131,G7854,GK415,G7829,G2570,G2423,G7812,G2520,GG414,GK408,G7335,G7336,GK215,G7868,GK436,G7490,G2368,G2552,GQ022,GK223,G2525,G2331,GG401,59657,G2522,G2420,G7469,G2414,G2415,G2333,G7491,G2411,G2410,GG303,GK412,GK435,GG311,G7522,G7523,G2366,G2572,G2421,GQ054,GG006,GK216,59751,G2401,G7902,G2555,GK209,59654,GK404,GG408,G7820,G2409,G2408,G2422,G7905,GG003,G2478,G2463,G2553,GQ049,G7423,GG416,GK204,G7532,GK201,G2350,GK410,G7828,G7560,GK208,GK433,GK202,G2523,GK431,G7462,GQ014,G7858,GQ021,GG002,G2425,GQ057,G7563,G2556,G7438,GG007,G7435,G7867,G7811,59650,GK405,G2479,G7903,GK428,G7856,G7852,G2334,G7818,G2558,G7356,G2465,G2530,GK203,G2346,GK615,59658,G2573,GG001,GQ015,G2461,G7355,G7827,G2330,G7467,GG010,GK205,GK429,GK411,G7322,G7190,G2503,GQ047,G2574,GG011,GK430,G7331,G2311,GQ023,G2561,G2505,GK206,GK611,G2404,G2343,GG419,GK219,G2352,G2314,G2304,G2521,GQ013,GK621,GG012,G2575,G2364,GG421,G7855,G2565,G7962,G2576,G2563,G2564,G7422,G2400,G2476,GQ001,G2532,G7762,GQ038,G2568,GG307,G2550,G2567,GQ036,G2566,G2473,GK616,G7901,G7463,GQ046,GG407,G7531,G7430,G7464,GG302,G2537,G2309,GQ003,G2569,59456,GK607,GG313,GQ004,G7763,G2539,G7317,GG418,G2308,GG314,G7144,G7768,GQ059,GK608,G7472,GG306,G7466,G7460,GK609,G7757,G2317,GK207,G7352,GG305,GQ040,GG402,GQ002,G7826,G2310,GG304,GQ058,G2306,G2426,G2351,G7961,GQ060"
111.00,22.00,0.97,0.90,511,"GK420,G7909,G2524,G7900,G7862,G2571,GK432,GK434,GK409,G7853,GK400,GK408,G7851,GK426,G2527,GK427,G7906,G2520,G2522,G7904,G7910,GK414,59653,G7864,G7868,G7861,GK417,G7907,GK404,G2572,G2529,GK425,G7860,GK431,GK435,G7866,GK424,G2570,G7908,G2504,GK403,G7903,G2523,G2546,GK407,GK804,GK433,GK436,G7859,GK422,G7852,GK415,G7863,G7858,G7905,GK423,G7902,GK615,G2525,GK418,G7854,G7714,G2530,GK803,GK401,GK428,G7967,GK412,59659,GK406,G7726,G2573,GK805,GK419,GK802,G2561,G2526,G7857,G2528,GK405,GK413,G7713,G7856,GK410,G7711,GK621,G7912,G2501,G7962,GK611,G2574,G7865,G7762,G7867,GK429,GK402,G2532,G7919,G2563,G2565,G2516,GK421,G2564,G2575,GK216,G2510,G2515,G2576,G2350,G2541,GK416,G7811,GK208,G7354,GK616,G2509,G2506,G7913,GK430,G7914,G2569,G2566,G2568,G2567,G2507,59456,G2503,G2555,G7869,GK002,GK807,GK411,G2521,G2539,G7917,G7855,GK203,GK808,G7763,G7720,GQ016,GK609,G7818,G7724,G2537,GK608,G2556,GK607,G2340,G7915,G7825,G7727,G7715,GK810,G7322,G7819,G7901,GK001,G7723,GK619,G7356,G2558,G2517,GQ057,G7918,GQ049,GK601,G7812,G7961,GK612,G7816,G7916,GK201,G7757,G2553,GQ025,G7969,G2538,G7813,G2560,G2547,G7349,G7350,GK204,G7754,GK223,G2370,G2364,GK620,59664,59655,GK219,G7719,G7725,GK209,G2513,G7355,GK212,GK604,GK221,G7768,GK210,GK617,G2452,G2346,G2544,G7761,GK202,G7701,G7827,GK809,G7315,G7314,G2545,G7712,G2534,G7822,GK220,G2562,G7823,G7968,GK811,G2549,G7717,G7831,G2454,GK806,G2336,GK214,G7760,G7716,GK603,GK206,G7828,G7738,G7737,GQ024,G2508,GK225,G2366,GK613,G7722,GK801,G7755,G7817,GG502,G2552,GK224,G7759,GG501,GQ044,G7451,GK003,G7767,GQ053,G2535,GQ022,GK602,GK610,G7729,G7730,G7824,GK217,GK618,G7721,GQ015,G2518,G7731,G7732,G2540,G7718,G2533,G7735,G7736,G2550,GG507,GG505,GQ043,G2505,G2352,G7960,G2335,GQ054,G2363,G2548,G2542,G2456,G2333,GK215,G7133,G7766,GK205,GK226,G7826,G7764,G7765,G7132,GQ030,G7815,G2551,G7352,G7921,G2536,G7144,GK614,G7455,G7550,G2557,GK222,GK606,G7966,G7758,G7814,G2368,G7820,G2459,GQ060,GK218,GK207,G7829,G7769,G3057,G2458,G7920,GG506,GQ047,G7453,G2348,G3094,59656,G2331,G7734,G7733,G2543,G2343,59665,G2450,G7740,G7739,GQ059,G2453,GQ035,GK605,GQ045,GQ036,G7922,GQ038,G7821,GQ014,G2332,G2461,G7830,GQ027,GW615,G2369,G2531,GK213,G2554,G7332,G2351,G7454,GQ046,G7560,G3078,G7553,G7552,G3095,GK211,GQ058,GQ029,GQ026,G2337,G3043,G3058,G3055,G2455,GG401,G7333,G7334,GQ021,GW607,G3075,G2306,G9243,G7456,G7331,GQ013,GG504,G2407,G2457,GQ028,G7462,G2502,GQ037,G7351,GW605,G3047,GQ041,GG420,GW610,G2330,G3097,GQ050,GQ023,59469,G7756,G3056,GQ032,GW608,GQ040,59654,GG419,G2317,G7353,GW611,G3048,G7141,G2460,G2451,GQ011,G7469,G2362,G7131,59669,G2463,G7336,G7335,G7464,G2367,G2344,G3046,GG005,GG503,G2465,GQ031,G7963,G3079,GG013,G2334,G7190,G7421,G7459,G7563,G2308,G2311,GQ017,GG416,G9240,GG418,G7457,GW621,G2314,G3077,G7458,G2428,GG414,GW616,GW609,G3051,GG417,G3042,GQ001,G3090,GW606,G7437,GQ048,GQ003,G2406,G2403,G3092,G3054,GG408,G7466,GQ018,GG407,G7420,G2354,GG311,G2347,GQ004,G7142,GW620,G2309,G2319,G2328,G3052,G2427,GG421,GQ002,GG004,GQ052,GW602,GG303,GQ006,G7463,G7467,GG409,GW601,G7438,GG402,G2304,G2323,GQ005,G2305,G2413,G2412,G7435,G7532,G3045,G3044,GQ056"
111.00,22.50,0.98,0.90,408,"G7968,G2534,G7764,G2538,GK612,G7761,GK604,G7759,GK619,G7758,G2562,GK601,GK609,G2539,GK605,G7765,GK618,G7763,G2569,GK614,59456,GK608,G2531,G2533,GK602,GK606,GK603,G7762,G7760,G3078,G7962,G7961,G2532,GK621,G7755,G9243,G2561,G7769,GW610,G2537,G3047,G3097,GK616,GK607,G2560,G2563,G7754,GK617,GK615,G2564,G2566,G7767,G2567,GW611,G2565,G2568,G7852,G7903,G3055,GK611,G2530,GK610,G7960,GK431,G2576,G7757,GK620,G3058,G3094,G2575,G2573,G3095,G2574,G7858,G2523,GK404,G2536,GK428,GK433,GW615,GK429,G3046,G2572,G7855,G2522,G7901,G3079,GW608,G2521,G7905,G7856,GK405,GK408,G9240,GK435,GK430,G2535,G3043,G3057,G2520,G7902,G7868,G2503,GK613,G3048,GK434,GW607,G7768,G3056,G7766,GK411,GK426,G7867,GW609,GW605,GK410,G2524,G3075,G7851,GW621,G2525,GW603,GK436,GK432,GQ043,GK412,G2570,GK203,G3092,G7910,G7322,G3044,G7811,G2363,GK415,GK409,G7818,GQ044,GK420,GW617,G7963,GK208,G7862,G2350,G7854,G3054,GW616,G3052,G2502,G7900,G7909,G7861,G2364,G3051,G7906,GK216,G7356,G2556,G2558,G7853,GW604,G3090,GW602,GW601,GK219,G2555,G7908,G2526,59653,GK418,G3042,G2571,GQ057,G9242,G7756,G3059,G3091,GK400,GK406,G3077,GW620,59462,G3053,G2527,G3040,G7907,GW606,G2529,G9462,G7904,G2348,GQ049,GK427,GK401,G7355,G7826,GK407,GK201,G3098,G7827,GQ032,GK403,G2553,G7352,G7860,GK414,G7866,G3034,G2346,G7864,GK417,GK419,GQ060,GK402,G7714,G7726,G3076,G2528,G7967,G7144,GK204,G3045,GW600,G3089,G3083,GK206,G7354,G3081,G2550,GQ035,GK425,GQ048,G2340,G2546,GK207,G3096,GW619,GQ045,GK805,GK202,GW614,GK424,G7859,G2344,GK804,G7812,GW411,GK209,G7865,G7857,G7830,G2504,G3035,GK803,G7711,GK421,GQ016,G2362,GQ037,GK223,GK422,G3082,G7863,G2352,G2505,GK423,GQ059,GW405,GW612,GW409,GW412,G2351,G7819,G3041,GQ031,GK413,GW100,G2501,G7828,G7724,GQ041,GQ015,G2372,G3099,G7351,G3086,59659,GK205,G3037,GW618,GK416,G7912,GK802,G9463,GQ033,GK810,G3087,G7713,G7813,GQ042,G3030,G2345,GQ058,G3093,G7350,G7349,GW101,G2366,G3026,G3031,GW613,GW407,G2354,GQ036,G3085,G7869,G7353,G2353,GW106,59469,GQ038,G7314,G7315,G3038,G7727,G2370,G3084,GQ047,GW105,G7919,G7141,G7816,GK002,G2541,G9467,G7913,G2343,GQ046,GQ025,G2347,GK214,G2306,G2552,G2510,G2516,GQ017,GK212,G3022,G7914,GQ022,G2515,G3033,GW404,GQ056,GQ054,GW414,GW406,G7825,GW408,G3036,G2547,G2509,G2506,G2507,GW413,G2355,GK807,59655,GW102,G2333,GQ053,G7720,GQ034,G7822,G3023,G7918,G7917,G2342,GQ050,GK808,GW401,GW402,GK001,G3080,G8173,G2367,G2461,GK224,G7820,GK215,G3070,G7143,GW103,GK225,G7715,G2517,G7915,G7701,G7725,GW415,GW107,G7142,G9461,G7723,GW410,GW403,GK809,G9460"
111.00,23.00,0.98,0.90,264,"GW610,G3097,GW611,G3047,G9243,GW603,GK605,G2531,G9462,G3078,GW604,G3035,G3046,G3044,G7758,GW405,G9463,G3079,G9240,G7764,GW617,G3085,G3081,G3055,G3036,G3030,GK606,G7765,GK614,GW404,GW609,G3037,G3058,G7759,GW403,GW608,GW402,GK618,G3034,GW406,G7968,G7769,G2533,GW401,G3092,G3038,G3095,G8115,G9467,G2534,GK602,G3080,G2562,G3048,G2631,G3082,G7761,GW621,G9242,G8173,GW413,G9461,G9460,G3052,G3089,GK604,GK603,G3053,59268,G3094,G7760,GW615,G3091,G3033,G3056,G2538,G7755,G3059,G3054,GW601,GK612,GW602,GH302,G8137,GK601,G3098,G8103,GW412,GK619,G8127,G8112,G3087,G3043,G3083,G7767,GW411,G7960,59264,G3040,GW607,G8126,GK610,GW415,GW605,59462,G2536,GW600,GK609,GW616,G2630,G2539,G8113,G3051,GW614,G7961,G7963,GK608,G7763,G3090,GW414,G8124,GK617,G8119,G2569,59456,G3075,G8152,G8114,G7754,G3031,G8168,G2560,GH301,G3086,G3096,GW620,GW407,G8136,GW409,G3076,G8174,G3057,G8101,G8125,G7762,GH306,G3042,GK620,GK607,G7962,G2537,GW100,G2532,GW410,GW612,G2640,G3084,G7757,GK616,GK621,G8122,GW606,G2566,G2563,G8160,G2567,G8148,G2561,G8162,G3041,G2535,G2564,G2568,G3077,GW101,G8183,G3045,G7766,G2565,GW408,G3026,G2502,G3099,G3088,G2576,GK613,GK611,G3032,G8105,G8163,G2575,GW619,GK615,G8102,GH303,G8135,G2632,G2574,G2530,G7852,59269,GW613,G7901,G7903,G2573,G2641,G7756,G8150,GQ043,G7855,G8164,G7768,G8161,G8158,GK431,GK429,G8141,G3093,GW618,GW102,G3022,G2521,GK428,G2363,G7858,G3024,G2523,GK433,G8151,G8140,GK404,GK430,G8139,G2633,GW103,G8128,GQ048,GQ044,G7856,G2503,G8170,GW105,G3074,GK405,GH300,G2572,GQ032,GW108,GK411,G7905,GQ033,G2522,G8129,G8176,G3070,GK435,G7867,G7902,GQ042,G2372,G8118,GW106,GK408,G2345"
111.00,23.50,0.98,0.90,127,"G8127,GW403,GH301,G8115,G8124,G3036,G8112,G8119,G2630,G8113,G8125,59264,G2631,GW402,G3085,GW404,G8122,GW401,G9463,G8137,G8126,G2632,G9460,GW406,G3080,GW405,G3035,G9461,G3030,59268,GH306,G8114,G8102,G8173,G8103,G8101,GH302,G8136,GH303,G9467,G3038,GW413,G3037,G8141,G9462,G8135,G8107,G8128,G8105,G3081,G8140,G3033,G8130,G8139,G2633,G8131,G8117,GW415,GH300,G8174,G8152,G8129,GW604,G8183,G2641,G8168,G8118,G8123,GW603,G8133,G3082,G8106,G8163,G2635,G3034,GH305,G3044,G2640,G8151,G8162,GW611,G8150,GW617,G8148,G3097,GW610,G3087,GW414,G8160,G8158,G8138,GW412,G3089,G8170,G3047,G8116,G2634,G9243,G3046,GW410,G8109,G3032,GH304,G9240,59269,G8104,G3079,G8161,G8134,G8164,G9242,G8176,GW411,G2531,GK605,G3078,GW609,G8175,G3031,G8034,GW407,G3053,G2642,G3092,G8035,G3091,G3083"
111.50,21.00,0.96,0.90,156,"59665,G7734,G7733,G2543,G7922,G2369,G7920,59669,G7131,G7333,G7334,G7739,G7740,G2332,G2542,G2548,G7336,G7335,GQ026,G7730,G7729,G7731,G7732,G7332,GQ029,G7718,G7721,G7722,G2540,G7716,GQ030,GK003,GQ028,G2337,G2335,G7132,G2545,GQ027,G7737,G7738,G7717,G7735,G7736,GK801,G7712,G7133,G7921,G2304,GQ024,G2544,G2456,G2549,GK809,GG506,G7719,G7725,G7969,G2334,G2336,G2508,G2450,G7715,G7723,G2518,G7317,59664,G7720,G2547,GK807,G7550,GG505,G2541,59656,GK808,GK811,G7190,G2331,G7727,G2311,GQ025,G2506,G2314,G2368,GG502,GQ008,G2310,GQ021,GK806,G7916,G7328,G7316,GQ001,GG501,G7917,G2370,G2309,G7455,G7552,G7553,GG507,GQ053,G2330,G2459,G2513,G2454,G7454,G7713,GK810,G7349,G7350,G2501,G7915,GQ004,G2516,G7315,G7314,G7459,GK802,GQ023,G2457,G2333,GQ003,G2507,G2403,G2406,GQ014,GG504,G7724,GQ002,GG004,G2453,GQ022,G2515,G2509,G7711,G7319,G7320,G7420,GK803,GQ054,G2458,G7331,GK805,G2510,G2424,GQ016,GG503,GK804,G7919,G2305,G7451,G7458,GK422,G2517,G2366,G2546"
111.50,21.50,0.97,0.90,374,"G2369,G2332,G7333,G7334,G7739,G7740,GQ026,G7332,G7922,GQ029,G7920,GQ030,59669,G7131,G2335,G7132,G2337,GQ027,G2540,G7336,G7335,GQ028,G7133,G7718,GK801,59665,G2543,GQ024,G7717,G2336,GK809,G7733,G7734,G7725,G7729,G7730,G2548,G2542,G7716,G2547,G7722,G2331,GQ025,G2368,G2334,G7727,G2370,GQ053,G2545,G7732,G7731,GQ021,G2304,G7349,G7350,G7315,G7314,GK810,G7721,G7190,G2333,G2311,GQ022,G2314,GK003,G7724,G2330,G2541,GQ014,G7715,GQ054,G7712,GQ001,GK807,G7720,GQ023,G2501,G7737,G7738,GQ016,G7723,G2366,G7711,G7969,G7331,G7317,G2309,G2544,GK805,G7719,G2506,G7713,GQ003,G2310,GQ004,GQ013,GK803,GK808,G2340,G7354,G7735,G7736,GK802,G7967,G7726,GQ002,GQ008,G7714,G2549,G2546,GK804,59664,GQ047,G7917,GK403,G7316,G7328,G2343,G7866,G2308,G7320,G7319,GK424,G2305,G7921,GQ015,GQ018,G2508,G2516,GK422,G2456,GK425,G7916,GK418,GQ038,G2317,GK417,GQ055,GQ046,GK423,G2504,GQ040,GQ036,G2507,G2352,GQ049,G2515,GQ052,G2518,G7915,G2346,G2307,59663,GK414,GK811,GG506,G2509,G2527,G7863,GQ011,GQ057,GK427,GK400,G7854,G2328,G7312,G7355,G7919,G7853,GK806,GG505,G2510,G2513,GQ020,GG502,59659,G2306,G2325,G2450,GQ050,G2326,G7550,G2350,GG501,GQ058,G7864,G7356,G2338,G2454,G7900,GQ059,GK409,G7910,G2525,G2571,G7914,GG507,G2517,G7321,G2367,59656,G2351,G7455,G7851,GK001,GQ009,G2319,GK410,G7144,G2364,G7912,G7909,G7859,G7913,G7322,GQ010,G2459,G2318,GK420,G7904,G7352,59469,GQ045,GQ006,G2452,GK413,GQ060,G7141,GK435,G2520,GQ035,G7552,G7553,GK411,G2323,G2524,GQ005,G7862,GK434,G7311,GK002,G7905,G2320,G7353,G7860,G7451,G2503,G7856,G7454,G2322,G7817,G7351,GQ007,G7918,G7907,G7825,G2453,GQ039,G2360,G2458,G2572,59653,GK408,GQ041,G2359,GQ051,G7906,G2529,G7869,GK221,GQ017,G7823,GK428,G2348,GK432,G7857,GK210,G2457,G7855,G2523,GQ037,G7453,GG504,GQ044,GK407,G7901,G2573,G7861,G2574,G7768,GK426,G7142,GK416,G2575,G2522,GK404,G7459,G2576,G2321,G7908,G7865,G2363,G2565,G7852,GK431,G7815,G7966,GK419,GQ019,GK222,G2568,G7868,G2528,GK401,GK217,GQ043,G7831,G2564,GK421,GK220,G2567,GQ031,G2566,G2563,GG503,G2455,G7816,G2403,G2406,G2185,G7701,G2362,GK613,G7757,G2451,G6652,G2327,GQ012,G7903,G6527,GG013,G2570,59655,GK406,GK607,GJ200,G7458,GJ206,G6611,G7420,GK415,GG004,GJ201,G6658,G2535,G2347,GK620,G2161,GK621,G2532,G7766,GK436,G6645,G7814,GK402,G2344,G2167,G6659,G7457,GK615,G2354,GK211,G2526,GK433"
111.50,22.00,0.97,0.90,569,"G2346,GQ049,GQ015,G7355,GQ057,G2340,G2352,G2366,G7356,G7354,GQ047,GQ054,G2343,GQ022,G2350,GQ016,G7315,G7314,G2364,GQ038,GQ036,G2333,G7350,G7349,G7144,GQ059,GQ046,G7352,G7322,GQ053,G7724,G2351,GQ058,G2370,GQ060,GK810,GK418,G7854,GQ014,GQ045,GQ035,G2306,G7726,GK410,GK411,G2368,G7967,G2525,GQ013,GQ025,G2503,G2331,G7331,G7714,GQ050,G2348,GK805,GQ040,GQ044,G2317,G7711,G2547,G7351,GQ011,59469,G7856,G7768,GK403,G7727,GQ021,GQ041,G2336,G2367,G7855,G7353,G7141,G7901,GQ023,GQ037,G2363,G2330,G7905,G7866,G7910,G2308,GQ043,G2501,GQ024,GK435,GK809,G7133,G7725,GK613,G2546,GQ017,G2574,G2575,G7851,GK428,GK409,GK803,G2576,GK801,G7853,G7132,G2535,GQ027,G2573,G7766,G7190,G7757,G2520,G2311,G2572,G2568,G2362,GQ031,G2565,GK804,G2567,G2523,G2335,GQ018,G2566,GK620,G2319,G2314,G2564,G2328,G2527,G2337,GQ003,G7900,G2334,G7717,GK400,GQ030,GK417,GQ006,G2344,G2563,GQ001,GQ052,GK607,GK434,GK424,G7142,GQ028,G2541,G2323,GQ032,G7332,GQ005,GQ029,G2540,GQ004,G2560,GK427,GK425,GK408,GQ002,G7713,GK414,G2524,G3057,G2307,G2305,GQ026,G2309,G2347,G2354,GQ055,GK802,G7852,G2332,G7718,59663,G7756,G7740,G7739,G7312,G2532,G7334,G7333,G2502,GK420,G7961,G2369,GQ007,GK610,G2571,G7909,GK422,GK621,GQ020,GK404,GK807,G2536,GK431,G2326,G7336,G7335,G7960,G7920,G2504,G7720,G7320,G7319,G7131,59669,GQ056,G7715,G7922,GK608,GK423,G2522,G2310,G7862,G7864,GQ039,G7763,G7716,G2506,G3075,G7903,G2304,G2318,G7755,GQ048,G2325,G2353,G7723,G2545,G7863,GK432,G3043,G3094,G7722,GK603,G7317,GK426,GK808,GW607,G7730,G7729,GW615,G2322,GQ008,GW605,GK615,G3077,G7904,G7321,G7962,G7762,G2543,59665,G2548,G2542,G7906,GK602,G2372,G7969,G2516,G6645,G7868,G6658,GJ201,G7917,GK604,G2561,G2338,G7963,GK609,G2539,G2342,GW606,G2562,GQ009,59653,G7316,G7328,G7769,G7733,G7734,59659,G7907,GQ010,G7712,G3095,G3042,G2530,G7143,G7731,G7732,G7858,G3056,GK433,G7861,G7859,G7860,GK619,G2515,G7719,G2544,G2161,G2569,GJ200,G2529,G2507,G3051,G7721,GW616,GJ206,G6651,G2534,GK003,GQ051,59456,G3090,G3058,G7919,G2365,GK614,G2345,G3048,G7737,G7738,G2509,G7765,G6659,GQ042,G3045,G2510,G2355,GK612,GW619,GW620,GQ019,59664,GQ033,G2327,G2570,GW608,GK601,G6652,GQ034,G7915,G7902,G7908,G7916,G3055,GK407,G7912,G7311,G6640,G2538,GK436,GW621,GK413,G6648,GK611,GK415,G2549,GW106,GW205,G3054,G2167,G7914,G3014,G7968,GK616,GK405,G7857,G6516,GK401,G7736,G7735,G7913,GK412,GW602,59462,G3078,G2320,GW618,G7761,GK429,GW609,GW601,G3079,G3092,G3076,G6642,G3052,G9263,GK419,G2537,G2508,59477,G6564,GK406,G7758,G6655,G2517,G2531,G6649,G2528,G3040,GK001,G3046,G9240,G6643,GK002,G2321,G2513,G2526,GK811,G3018,G9243,GW202,G3061,G3017,G2168,G7865,G7867,G7764,G3047,G6745,G6699,G6650,G6519,G7921,G7869,G2360,GW105,G2359,G2456,G2160,G2163,G7759,GK806,G3093,G7825,GK416,G3059,G6514,G3064,G3023,GK421,GK430,G3091,GW211,G2518,GK402,G2521,G3096,G7918,GQ012,GW207,G2454,GG502,G3053,G3099,G3041,GW611,G3097,G3098,GW610,G7811,G9242,G3013,GK216,G7754,GW104,GW600,GK208,GG501,GG505,G2452,GW215,GK618,GW210,G6646,GK605,G6647,GW612,GK203,G7760,G6747,GK617,GW613,G6515,G2555,GJ202,GG506,G6653,G3083,G7818,GW617,GW107,G6512,G2533,G3044,GW614,G7550,GK221,GW213,G9261,GG507,G2156,GW100,GK210,G6513,G3022,G2556,GW203,G2164,G6621,GW409,G7816,G3067,G6528,G6527,G3070,G7819,GK606,G3028,GW603,G2450,G2162,G7455,G7823,G7817,G3026,G2558,G7451,G6531,GW101,G2185,G6510,G6592,G6657,G6535,G7767,G6611,59656,G7812,G9221,GW411,59655,G2105,G6641,G2459,G6705,G6701,G3089,G3071,G9260,G7813,G7701,GW102,GK201,GW103,GK220,G2553,G3086,GJ203,G3063,G7831"
111.50,22.50,0.98,0.90,577,"G3075,GW605,GW607,G3043,G2502,G3057,G7963,G3056,G7766,G2536,G7756,GW615,G3077,GW616,G3051,G3042,G2535,G3094,G3090,G3048,GW606,G7960,GQ043,GK613,GK610,G3095,GW621,G2363,GW620,G3054,GW608,GQ032,G3058,GQ048,GQ044,GW602,G3045,G3052,G3092,GW601,59462,G7769,GW609,GK620,G7768,G7755,GW619,G3055,G3040,G3079,G2344,G3076,G2348,G9240,G7757,G2560,G3059,G3046,GK603,G3091,GK602,G2372,G7901,G2362,G3053,G9242,G3098,G3096,GQ033,GK614,GK607,GW600,G7961,GQ031,G7855,GW618,GQ042,G2345,GQ060,GW617,G7352,GQ037,G7765,G3083,G3044,G2364,GQ035,G2568,G2567,G2566,G2576,G3041,G2503,GK411,G2353,GW614,G7322,G3078,G3047,GQ045,G2575,GW106,GW612,G3099,G7144,G2562,G9243,G2354,G3093,G2565,G2564,GQ041,GW603,GW100,G2563,GW409,GK604,G2574,GW611,GW105,G2531,G7351,G3089,GK608,GQ056,G2355,GW411,G2347,GW613,G3097,G7356,G7856,GW610,GQ034,G2342,G7763,GW604,G3034,G2351,GW101,G3026,G2534,G7355,G2532,G3086,G2573,G3023,G7143,GK410,GQ059,G3022,G2350,GQ057,G7353,GK428,G7758,GQ017,G2346,59469,G7141,GK621,GW412,GW107,G7905,GQ049,G3070,GW102,GW104,GQ058,G3014,G9263,G3084,G2352,G3028,G2523,GW103,GW407,G3031,G9462,GK609,G2525,G7142,G2365,GK619,G3082,GW408,G2539,GK435,G7968,GW205,G7764,G3081,G3087,G9221,G7852,G2306,GK612,G3064,G2572,GQ015,G7854,GQ036,G2538,GK605,G7762,G2367,GQ038,G7962,GK601,GQ050,GQ046,G3071,G2569,G3018,GK431,G7761,59456,G2520,GW203,G7759,G2343,GQ047,G7903,G2340,GW414,GK418,G3024,GW215,GK404,G7910,G3017,G3088,G2561,GW108,G3020,G3061,GK615,G6651,G7354,G7851,GQ011,GW204,GK408,GW211,GK434,G3003,G3037,GW410,G3016,GQ040,G3035,G2323,GQ005,G2366,GQ006,GW217,GK618,G9207,G2317,GK409,G3025,G3067,GW405,G2319,GW202,G2522,GW206,G3033,G6516,GQ016,G2530,GK606,GW213,G2524,G6645,G2533,G3013,G9260,G7726,G3038,GW210,GQ054,G9203,G3027,G3004,G7967,G9467,G3030,G6658,G6650,GJ201,GQ022,G7853,G7714,G7760,G7858,G6640,GQ007,G9463,GK616,G9204,G9206,GW207,GW415,GK403,GQ013,G3063,GK433,G2333,G7900,G7314,G7315,G9200,G2537,G9261,GK611,GW413,G7724,GW002,G7349,G7350,G6699,GW218,G2168,GQ014,GK805,59471,G8160,G9265,G7866,G3032,G2308,G2640,G7331,G8168,G9362,G9264,GK420,GW003,GK426,G3010,G3073,GQ053,GK810,G2328,GW406,G3085,59470,G7868,G9360,G7754,GW001,G3068,G7711,G2370,G8148,G2527,GQ039,G3062,G8152,GK400,59477,G6564,G3060,G8173,G2161,GK432,GK617,G7909,G9262,GW404,G8162,G9201,59269,G2163,GJ200,G6621,G3015,G3021,G3080,GW004,G7862,G8164,G3012,G3074,G6659,GJ206,G9363,G2546,G6642,GW110,GK429,GQ052,G2368,G6531,G7767,GW401,GQ023,G3072,GK427,G9461,G8161,GH302,GQ025,G2571,G8174,G7902,GK417,G2331,GQ018,G9460,G3036,GK405,GW216,59268,G2330,GK803,G2501,GW402,GJ504,GQ021,G9209,GK414,G6514,GK804,G2307,G3005,G9267,G7727,G8103,G2318,G7312,G9268,G2547,G2322,G6648,G7906,G3069,GK424,G2326,G2175,GQ020,GK425,G2521,G3066,G8153,GW214,G2570,59663,G6641,GK436,G3006,G6649,G8163,G8165,G6747,GK430,G2327,G3007,G2164,G7861,G8158,GQ055,G6519,G6652,G2336,G2631,GQ003,G2167,GW109,G6515,G7867,G6745,G7864,59653,GW403,G2305,GK415,GK412,G3065,G7904,G8183,GJ506,G3001,GW212,G6647,GQ019,G2645,G8150,G8137,G8115,G7190,G2311,G2109,GQ002,GK809,G9361,G7907,GQ004,GQ024,G8271,G6643,G7725,GK422,G2314,G2504,GQ001,G6510,G8229,G2325,G8176,G7713,GW209,G8126,GW208,G2529,G2162,G7133,G7321,G7908,G6637,GK802,G8136,G2541,G2165,G3002,G8169,G6644,G2107,GK423,G7811,G2309,GQ051,G7860,G6655,GK203,GK801,G8236,G7320,G7319,G8275,G8170,G6657,G2642,G7035,G8114,G7056,G6512,G8181,G2334,GQ010,G7863,G7132,GQ027,GQ009,GJ203,G2166,G2214,G6625,G6656,GK407,GK208,G8101,G7818,G8151,GJ204,G2160,G6513,G2526,GW200,GJ205,G2641,GE305,G6622,G2335,59264,GK406"
111.50,23.00,0.98,0.90,455,"G3081,G3082,G9462,G3037,G3034,G3035,GW604,GW405,G3038,G3089,G3087,GW412,G3033,G3030,G9467,G9463,GW413,GW411,GW414,GW617,GW406,G3044,GW415,GW603,G9242,G3085,G3031,G8173,G3083,G3053,GW407,GW404,G3080,G3091,G3098,G3086,G3059,GW614,GW401,G9461,GW600,G8168,GW410,GH302,G9460,G8152,59268,G3036,GW402,GW409,G3084,G3052,G3092,G2640,G8103,GW601,G3040,GW602,GW100,GW609,G3096,G8174,G8160,G3088,GW408,G8148,59462,G9240,G2631,GW612,G8162,G3054,GW101,G3032,GW403,G3026,G3079,GW621,G8137,G8115,G3076,G3046,G3041,59269,G8126,G3099,G8163,G8164,GW608,G3024,G8183,G3048,G8136,G8161,GW620,G3090,GW616,GW613,G3051,GW102,G8114,G3056,G8158,G3022,G8101,G8150,59264,GW611,G3074,GW108,G8112,G7963,GW103,G3093,G3042,GH306,G3055,G3045,G3058,G3047,G3097,GW619,G2630,GW610,GW618,G2641,GW606,G3095,GW605,G9243,G8113,G8105,GW110,GW607,G3070,G8151,G8170,G8176,G3043,GW105,G8153,G3021,G3077,G3073,G9207,G8127,G3072,GW615,G8119,G3075,G8124,G8135,G9206,G3020,G3028,G3078,G9204,G2642,G9203,GW107,G9221,G3094,G9200,G8165,G7769,G8125,G3004,G3023,G2531,GH301,GQ033,GH303,G8175,G3003,G8141,G8122,GW106,G8171,G8102,G2502,GW003,GK614,59471,GQ042,G8140,G8139,G2536,GW104,GW001,GW002,G3025,G2345,G8181,G2633,GH300,G7765,G7960,G3057,GQ048,GW004,G3071,G7756,G9201,GK602,G8129,G2372,GW109,GK610,G8128,G7755,G2645,G8149,G2632,G8118,G8157,G7758,G8123,GK603,G2634,G3027,G2644,G2646,G3007,G8134,GQ034,GW204,G2355,G7766,GK605,GQ032,G9209,G8133,G2562,G2535,G8178,G8169,G8130,G3005,G3016,G8159,GW203,G9263,GW217,G8180,G3002,G7764,G8166,G8179,G3064,GK613,G8109,GK604,GW206,G2534,G8156,GQ043,G2560,G2353,GK620,G8182,G3014,G8106,G8155,G3006,G8107,G8282,G2344,G2363,G8167,G7961,G2342,G7143,59470,G2643,G9220,G7757,G7968,G8154,G9362,GW215,G3012,G3068,GW205,G2362,GQ044,G8229,G8117,GK607,G3010,G8172,G7768,G8035,G3001,G3018,G7759,G8236,GK608,G9260,G9265,GQ056,G2354,GQ031,G8116,G3067,G9262,G7763,G2365,GW214,G2348,G2661,G7901,G2566,G2567,G9264,G2568,GW218,G8271,G8131,GK606,G8177,GK619,G7761,G2538,G3063,GK612,GH305,GW211,G2347,G2576,GK618,G3017,G8251,G2564,G2668,G2563,G8284,G3066,G3061,G7855,G8275,G2565,GK609,G2575,G3062,GW213,G8276,G8241,G8249,GQ037,GW216,G2532,GK601,G2539,G2533,G2635,G8225,G8235,G8024,G2662,G8280,G8034,G8228,G8056,G2574,G2613,G8247,G8081,GQ060,G9361,GK621,G2503,GQ035,G3015,G3069,GW210,GQ041,G8268,G9360,G7352,G3013,GK411,GW212,G8138,G8252,G2686,GQ045,G2364,G2569,G7322,G2573,G8254,G7762,G7351,G3060,59456,G9268,G7760,G7144,G2663,G9261,GW202,GH304,G8230,G9363,G2696,GW209,G8256,G8261,G7856,G7962,G2672,G8243,G8260,GK428,G8232,G8227,G8054,G8255,G8270,GQ017,G2611,G8239,G2605,G2666,G3065,G8060,G2699,G8104,G8262,GW207,G2667,G7353,G6651,G9267,G2214,G2660,G7142,G8283,G2671,G6650,G7056,G7852,G8006,G2351,G7356,G2523,G6516,GK410,G8224,G2679,G8267,GW208,G7141,59469,G7905"
111.50,23.50,0.98,0.90,301,"G8125,G8124,G8119,GH301,G8122,G8113,G2630,G8127,G8112,59264,G2632,G8102,GH306,GH303,G8114,G8126,G8101,G8137,G8115,G8141,G8136,G2631,G8128,G8135,GW403,G8140,G8105,G8139,G2633,G8107,G8130,GH300,GW402,G8103,59268,G9460,G8129,GW401,G9461,G3036,G8118,G3080,GH302,G8123,GW404,G8117,G2641,G8133,G8173,GW406,G8131,G3085,G8183,G8106,G8174,GW413,G8151,G9463,G3030,G9467,G8152,GH305,G3038,G2635,G8163,G2634,G8150,GW415,G8168,G8109,G8116,G3033,GW405,G8170,G8134,G3037,G8158,G8162,G3035,G8138,G2640,G8148,G8175,GH304,G8035,G8160,G8034,G8176,G8157,G8104,G2642,59269,G8161,G8159,G3032,G8164,G8171,G8024,G2611,G3081,GW414,GW410,G3082,G8178,G2636,G9462,G2613,G3074,G3087,G8153,G8132,G8149,G8006,G8179,G2643,G8181,GW412,G2646,G3088,G8156,G3034,GW110,G3031,G8177,GW604,G8165,G2644,GW407,G8056,G8060,G3072,G3089,G8002,G3021,G8155,G8016,GW411,G3084,G8081,G8154,G8015,G8180,G8004,G3086,GW408,G8038,G3024,G3073,GW603,G8023,G8054,G2612,G8039,GW617,G3044,G8172,G8225,G3083,GW109,G2645,GW614,G8008,G8001,G9242,GW409,G8032,GW108,G8166,G3053,G9206,G3098,GW600,G9204,G8020,G8167,GW100,GW101,G3091,G8018,G8276,G8037,G3026,G2662,G3059,G2626,G9200,G8247,G9203,G8022,G8282,G8169,G9207,GW612,G8051,G8080,G8025,G3096,GW102,G8182,GW001,GW004,GW003,G3004,59270,G8026,G8261,G3007,G3052,59471,G3002,G8009,G3040,G3092,G2622,GW601,G3041,G9201,G8036,GW103,G8005,G9220,G8268,GW609,G9240,GW602,G8243,G3020,G2661,G3099,G3022,GW613,GW002,59462,G8071,G8228,G8283,G8059,G8241,G3046,G3079,G8019,G8227,G3076,G3054,G8010,G8027,GW611,GW621,G3003,G8255,G8074,G3070,G9209,G8272,G2605,G3097,G3025,G3093,G8072,G8055,GW610,G9221,G3005,G8280,GW608,G3047,G3028,G2604,59271,GW620,G8076,G8065,G2614,G3048,G8066,G3090,G8240,GW616,G8007,G9243,GW107,G3051,G8082,G8052,G8284,G8085,GW105,G2660,G3006,GW618,G2623,G8014,G8400,G3055,G8070,G3027,G3056,G2668,G8003,G3045,G8028"
111.50,24.00,0.99,0.90,189,"G8131,G2635,G8117,G2636,G8132,G8104,G8107,G8138,G8008,GH305,GH304,G8026,G2632,G8039,G8038,G8015,G2612,G8130,G8027,G8004,G8122,GH301,G8102,G2611,G8116,G8034,G8009,G8018,G8106,G8125,G8128,G8002,G8037,G8133,G8032,GH303,G8124,G8119,G8127,G8400,G8140,G2633,G8141,G8139,G8123,G8129,G8118,G8113,GH300,G8023,G2630,G8016,G8003,G8024,G8112,G8006,G8035,G8135,G8109,GH306,59264,G8010,G8028,G2614,G8025,G8022,GR003,G8105,G8101,59270,G8114,G2730,G2613,G2634,G8126,G8404,G8407,G8136,G8029,G8134,G8001,G8413,G8137,G8402,G8115,G8020,G2641,GW403,G2631,G8406,G8405,G8060,G8007,G8418,G8036,G8431,G8159,G8151,G8103,GW402,59268,G8021,G9460,G8157,G8183,G3036,G8005,G9461,GW401,G8014,GH302,G3080,G8435,G2615,G8056,G8012,59074,G8175,G2616,G8170,GW404,G8019,G8173,G8150,G2740,G8401,G8174,G8011,GW406,G8163,G8051,GR002,G8080,G3085,G8177,G8408,G8430,G8424,G8178,G2643,G2626,G8071,G8409,G8158,G2642,G8081,G8432,G8152,G8072,G8054,GW413,G8171,G8074,G8176,G8033,G8070,G8030,GR052,G9463,G8076,G3030,G8179,G9467,G8017,G8031,G8168,G8061,G8433,G8162,G2623,G3038,GW415,G8425,G8073,G8420,G8156,G8148,G2640,G8077,G8075,G8415,G8416,G3033,GW405,G8520,G2741,G8161,G8149,G8160"
111.50,24.50,0.99,0.90,117,"G8405,GR002,G8407,G8408,G8401,G8026,G8027,59074,G8409,G8418,G8402,G8415,G8400,G8404,G8416,G8008,G8424,G8431,G2731,G8003,G2730,G8430,G8009,G2741,G8403,G8039,G8410,G2612,G2733,G8413,G8038,GR003,G8420,G8028,G8411,G8429,G8015,G8435,G8406,G8018,G8037,G8132,G8425,G8432,G8029,G2614,G2636,GR046,G8004,G2740,GR053,G8032,G8422,G8423,GR047,59071,G8433,G8010,G8426,GR050,G8428,G2742,GR052,GR049,G8011,G8104,G8338,GR014,G8427,G8464,GR055,G8453,GR051,G8002,GR013,GR048,G8131,GH304,G2635,G8421,G8138,G8012,G2757,GR017,GR019,G8462,GR016,G8023,GR018,GH305,G8021,G2752,G8117,G8025,59270,GR054,G2764,G8467,G8022,G8446,59072,G8460,G2756,G8017,G8521,G8016,G2611,G8107,G2615,G8463,G8449,G8007,G8465,G8030,G8034,G8513,GR015"
112.00,21.50,0.97,0.90,267,"G7316,G7328,G7317,GQ008,G2304,G2310,G2309,G7319,G7320,GQ001,GQ004,GQ002,G2314,G2334,G2311,GQ003,G7190,G2305,G2338,G2320,G2360,GQ055,G7336,G7335,G2325,G2359,59669,G7131,59663,GQ009,G7311,G7321,GQ018,G2330,G2307,GQ028,GQ010,GQ020,GQ023,G7312,G2326,GQ021,GQ052,G2337,G2308,GQ029,G7331,G2185,G7333,G7334,GQ027,G2328,GQ026,G2318,GQ051,G2331,GQ013,G6611,G2321,G7332,G6527,GQ014,G2368,G2322,GQ012,G2317,G2332,GQ040,G2369,G7133,G2333,G7132,G7740,G7739,GQ039,GQ053,GQ011,GQ054,G6592,G2319,GQ030,GQ022,GQ019,G7922,G2335,G6526,GQ007,G2105,G2343,G2336,G6705,G6701,GQ047,GQ024,GQ006,G2154,GK801,G7920,G2323,GQ005,GQ046,G2366,GQ050,GJ202,G6652,G7315,G7314,GQ038,G6522,G2327,G2540,GQ036,G6655,G2367,G2306,GK809,G2370,G2167,G7718,G7350,G7349,G6646,G2160,G2547,G7717,GQ015,GQ025,G2157,G7725,GJ206,GJ200,G6528,59665,G2543,GQ058,G6648,G2161,G6653,G6591,G6643,G6659,G2352,GK810,G2180,G7733,G7734,59469,G7141,GJ201,G6658,G7727,G7724,GQ059,G2156,GQ016,G2351,G7353,G6645,G6710,G6503,G2340,G7142,G6649,GQ017,G6745,G7729,G7730,G7716,G2548,G2542,G6520,G2346,G7722,G2122,G7354,G7351,G6519,G6512,G6513,GQ041,GQ045,G7355,G6535,GQ049,G2108,59673,G7144,G6642,GQ035,G7711,59672,G6618,G2545,GJ505,G6590,G7732,G7731,G6640,G6709,GQ060,G7352,G2501,GQ057,GK805,GQ037,G7726,G2541,G6647,59477,G6564,G2188,G6514,G7967,G2174,G7721,G7714,G2347,G6651,G7356,G7715,G2153,G6515,GK003,G6523,G2162,GK807,GQ031,G6657,G6747,G7720,GK803,G2364,G2163,G6505,GK418,G7712,G2348,GK403,G2354,G2350,G2362,G7723,G2546,G7737,G7738,GJ203,G7713,G2168,GQ056,G7969,G7866,G6510,G6516,GK804,G7854,G2164,G6699,G2506,G2544,G7322,GK802,G2106,G6624,G7719,GK808,G6521,G2344"
112.00,22.00,0.97,0.90,534,"GQ007,GQ039,G2319,GQ006,G2323,GQ005,G2318,G2328,G2322,G2326,G7312,GQ020,GQ052,G2307,59663,GQ011,G7321,G2367,G2325,GQ055,GQ018,G2317,GQ040,GQ051,GJ200,G2308,GQ019,GJ206,GQ010,GJ201,GQ050,G6658,G2161,GQ009,G2327,G6652,G6645,G6659,G7142,G2305,G2338,G2167,G6648,G2306,G7141,GQ017,59469,G7353,G7319,G7320,GQ002,G7311,GQ003,GQ013,G6655,GQ046,GQ058,GQ004,G6643,GQ038,GQ036,G7331,G2321,G6649,GQ023,G2160,G6640,G7351,G2343,G2309,G6745,G2351,GQ041,GQ001,GQ047,G6642,G2330,G6519,G6651,GQ059,G2320,G2347,GQ012,G2314,G2310,59477,G6564,G2311,G6646,G7190,GQ037,GQ014,GQ008,GJ202,G6653,G2354,G6514,GQ045,GQ056,GQ021,GQ031,G2359,G7328,G7316,G2352,G2156,G2360,GQ015,GQ035,G6528,G6512,G6516,G6647,G2163,G6513,G2168,G2362,G7317,G7144,GQ060,G6515,GQ054,G6699,G6747,G6527,G2334,G6592,G6535,G7352,G2333,G2105,G6701,G6705,G2365,G2366,G2162,G6650,G2331,G2344,GQ022,G2353,G2342,G2368,G2185,G6657,G2164,G7143,GW202,G2348,G6611,G2304,G6510,G2346,GW207,GJ203,GQ053,GW205,G7355,G2174,G2180,G3061,G3017,G6621,GQ032,G7314,G7315,G3013,G6644,G2166,G6641,G2108,G3018,G3014,G6531,GW211,GW210,G2109,GQ049,GJ505,G2355,G9261,GQ057,G2364,GQ034,G2372,GQ028,G6522,GQ048,G2340,G6511,GQ044,G7350,G7349,G2337,G7356,G9263,GQ027,G6624,G6505,G2165,G2157,G6539,GW213,G2363,GJ204,G2170,G7756,G2370,GJ205,G6520,G7336,G7335,GJ504,G2345,G6656,GW215,G6523,GQ042,G3064,GQ043,G7354,GQ016,G2188,G7131,59669,G7322,G6538,GQ029,G3067,G7133,G2173,G2336,G2350,GW106,GQ033,G3060,G2175,G2502,GQ025,GK810,G7724,G7332,G9360,GQ026,G7768,G7132,G2176,GQ024,G9363,G7766,G7333,G7334,G3063,G2547,GK613,G9260,G6626,G3077,G2154,G6526,GK411,G9267,GW203,G2122,G2535,GK801,G2151,G6537,G6533,GK809,G2335,G2503,G3015,GJ506,G6504,GW606,GW619,GW104,GQ030,G3023,GW218,G2332,G7727,G2107,G6502,GK410,G6625,G3045,G3062,G7725,G3057,G6591,G7901,GW618,G7854,G7726,GK418,G2172,G2369,G2184,G2106,G2153,G9264,G6620,G3042,G6532,G7739,G7740,GW105,G7855,G7967,G3075,G2178,G6524,G9268,G3016,GW217,G2525,GJ501,G9265,GK805,G7711,G6612,G2540,GW206,G7714,GW204,G6536,GW107,G7856,G7717,59475,G3093,G6622,G7963,G6623,GJ500,G6509,G6606,G3071,GW620,G6530,GK620,GW605,G6773,G7922,G3065,G3010,G7757,G3090,G3051,G6506,G2177,G3028,GW607,G7920,G9262,GK403,G6637,G3011,G3069,G7718,GW616,G3043,G2536,GW216,G2501,G9362,G3070,G6521,G6534,G9221,59673,G2152,G2575,GW208,G6525,G2576,59478,G3068,G3076,G7905,G2574,G6590,GK610,G6774,GW201,G3099,G7960,GW613,G7866,G6613,G2568,59470,G3022,GJ507,G3041,G2560,G2567,G6710,G6503,G6603,GK435,G2566,G6709,G2565,G2183,G7910,G3056,GK428,GK607,G2182,GW615,59462,GW200,G7035,G2546,G6618,59672,GK803,GW212,G2573,G2564,G3094,G3054,GJ503,GW103,G3066,G3012,G3096,GW612,G2114,G3040,GW209,G7056,G6529,G3027,G2171,G6508,G6507,G2541,G2563,GW602,GW102,G7021,G7851,G3048,GW601,G6610,GK409,G6609,GK804,GE305,GW621,G3003,GJ502,G3025,G3026,G2523,G7853,G6501,G2543,59665,GW100,G2572,G9361,G2214,GW101,G7961,G7755,G2520,G6605,G7716,G3095,G3052,G3020,G7031,GW600,GW214,GW409,G2155,G2150,G6638,G3059,G3098,G7713,GK424,G2527,G7730,G7729,GW608,G2147,G6608,GW614,G7028,GK417,G6604,G3091,G2140,G6708,G6704,G7733,G7734,G7722,GK400,G6660,G3092,G7900,G6607,G2532,GK434,G2110,GK603,G2548,GK807,G3083,G2542,G6557,G3053,G7769,G3058,G7030,G7054,G2104,GK802,G2118,G7720,GK425,G7715,GE304,G2181,G2545,G9242,GW609"
112.00,22.50,0.98,0.90,720,"G3014,GW205,G9263,G7143,GQ034,G2365,G2355,G3018,G2342,G3064,G3017,G3061,GW215,GW211,G2353,G2345,GW106,GQ042,GW203,G3067,GW104,GW213,GW202,G3013,GQ056,G2372,GW210,GQ033,G3023,G9260,G6651,G6516,G9261,GW207,G6650,G2354,G3063,GW105,G3016,G2347,GW107,GW217,GW204,G3071,GW206,GW618,GQ048,G3028,G6699,G9360,GW218,G3060,G2168,G3093,G9221,G9264,G3070,G6621,G9265,G3062,G9363,GW619,G2344,G6640,G3015,G6531,GQ031,G3010,G2362,G9362,GJ504,G3045,G3022,G2163,G9262,GW613,G7142,G9267,59477,G6564,G3068,GQ032,GW103,G2175,G6645,59470,G3099,G3027,G9268,G3003,G3077,GW216,G6641,G3025,GW606,G3041,GW102,G7756,G6658,GQ017,GJ201,G6642,G3020,G3069,G3012,GJ506,G6514,GQ037,G2164,G3042,G3076,G3026,GW612,GQ041,G3065,G6747,GW101,G2109,GW620,G3066,G7353,GW100,G7351,G3096,G6515,G2502,G7141,G2107,GW212,G2161,G2165,G9207,G6637,GW208,G6659,59469,G6510,GW214,G3090,G6647,GW409,G6644,GW108,GJ200,G3004,GW002,G6625,G3051,GJ206,G6519,G6649,59462,GW209,G9361,G6656,G9203,G2162,G7963,GQ005,GW616,GJ204,G2323,GW408,G3040,G7035,G2348,G6622,GW614,G2166,G6745,GW600,GJ205,59471,G7056,GQ006,G6648,G3011,GQ035,G6657,G3024,GQ045,GJ203,G3086,G3084,GW200,GW003,G9200,G9204,GQ007,G2367,G2214,G9206,G6511,G3098,G6620,GE305,G3083,GW602,G3001,G6504,GW001,GW601,G3005,G3075,G9201,GW201,G3006,G8271,GQ060,G3054,G2351,G9209,G6626,G2319,G3059,G7031,G6512,GW004,G3091,GW605,G2167,G6643,GQ039,G6506,GW411,GQ058,G2327,G3053,G7352,GW407,GQ050,G7028,G2363,G6513,GQ059,G3052,G6652,G7144,G2306,G8262,GW607,G8275,G3031,GQ043,G2114,G2172,G9242,G8229,G3088,G3073,G7766,GW621,GQ044,G3056,GE304,G3057,G3043,G2663,G7021,G7054,G6623,GQ011,GQ019,G6535,G3007,G3089,G8236,G2170,G6655,G2173,GW412,G2178,G3092,G3048,G6539,G2160,G2322,G2156,G8230,GK613,G2535,G8249,G7034,G6537,G2176,G7030,G6538,GE306,G2174,GQ036,G3021,GQ040,GQ046,G6532,G2318,G3087,G2317,GQ038,G7050,G6624,G2328,GE302,G6502,GW609,G3072,G6653,G8251,GW615,G8273,G7044,G2536,GW410,GW109,G2352,GW608,G3034,GW110,G8260,GE303,G3002,G6646,G8256,G7768,GW414,G2645,G2140,G7029,G2177,GJ507,G6533,G2364,GE301,G8169,G6507,G6508,59475,G3094,G3082,GW617,GQ051,G2343,G3095,G7960,GQ052,G6528,G8242,G8246,G2326,G7355,GJ503,GK610,G3074,GQ047,G7312,GQ015,GQ020,G8165,G8224,G8270,G2346,G9240,GJ501,G6530,G2308,GE307,G2307,G3079,G2668,G3044,G3058,G6505,G8182,G6509,G8235,G3032,GJ202,G7039,GJ500,59663,G8285,G9220,G2151,G6536,G8232,G6534,G6638,G7322,59278,G8153,G7321,GK620,G7045,G8284,G7356,GQ018,GE322,GQ010,G8252,G2171,G8164,GQ013,G3046,G6524,G2666,G2108,59269,G7901,G8160,GJ505,G8248,G8282,GW604,GQ057,G2667,GQ009,G2325,GJ502,G3055,G2118,GQ055,G2145,G8161,G8259,G7757,G8267,G8166,G2672,GW603,G7769,G2321,GK411,G2640,GQ049,G2686,G8238,G2147,G3081,G8148,G2699,G7755,GQ012,G2503,G7040,G2696,G2679,G7055,G7331,G7855,G2560,G7049,GE319,G6523,G6609,G8233,G2207,G8167,G8162,G2305,G2104,G6501,G6606,G2338,G8278,G7311,G7026,G8181,G9462,G2671,G2350,G2146,G2183,G8168,G3033,GW415,G6660,G2689,G8258,GE320,G2661,G2670,G2366,G8254,G2180,G7025,G8274,G2664,G8226,GQ023,G2676,GK603,G2644,G8279,GQ014,G7022,G8280,GQ054,GE323,G6701,G6705,G6610,GK602,GQ003,GK607,G8234,G6557,G6553,G2105,G3037,GQ002,G2212,G8180,G8152,G8257,G2576,G2184,G7032,G8158,G6592,G2568,G6697,G2188,G7038,G7319,G7320,GE325,G2575,G2567,G2698,G2693,G2695,GQ004,G8176,GK410,G2566,G2330,G7961,G2117,G2646,G3038,G7023,G8149,59478,G7856,G2333,G8163,GK614,G2155,G7043,GQ022,G8244,G3047,G8174,G8241,G9467,G8239,G2642,G2565,G2574,G2340,G7027,GW413,G8150,GE321,G2564,G6721,G2320,G8265,G2110,G2215,G9243,G2136,G2694,G8277,G7765,GQ021,G3078,G6774,G6525,GW611,GQ001,G8171,G2697,G2309,G6527,G6520,G2563,G8155,G7019,G6552,G2311,GE318,G2314,G3035,G8170,G2115,G8250,G7190,G7024,GE324,GW405,G8172,G6604,G2359,G7354,G3097,G2143,G3030,G8228,G2562,G2525,G6556,G8183,GQ053,G8245,G2360,G2573,G7315,G7314,G2106,GW610,G2368,GE310,G2331,GK428,G7854,GE313,G8173,G8253,G2531,G7905,G2152,GH302,G2310,GK608,G8175,G2673,G8263,GK604,GE309,G8154,G6611,GW406,G7020,G6612,G2660,G9463,G2681,G8156,G2185,GQ016,G2532,G6550,G2150,G8151,G7349,G7350,G2103,G7763,G3080,G2157,GE311,G8179,G7042,G7033,GQ008,G8268,G2691,G9461,G8103,G2141,GK418,G8276,GK435,G2135,G6603,59268,GE312,G9460,G8178,G2605,G6522,G6773,G7316,G7328,G2534,G2334,G8255,G2523,GE314,GE315,G2144,G3085,G8264,GW404,G7053,GW401,G2684,GE101,G6605,G2370,GK621,G8281,G2641,G2142,G7041,G2153,G6551,G2205,G2137,G2662,GE317,G7758,G8157,G2680,G7724,G6558,G8240,G6823,G7317,G2607"
112.00,23.00,0.98,0.90,751,"G3073,G9206,G9204,G9200,G3021,G9203,G3072,GW003,GW001,G3004,G9207,GW110,59471,GW004,GW108,G9201,GW002,G3024,GW109,G8165,G2645,G3074,G3007,G3020,G8153,G3088,G3003,G9209,G3025,G8169,G3005,G3002,G8164,GW408,G3032,G8161,G3027,59269,GW103,GW410,G8181,G3006,GW102,G8182,G8166,G3084,G9221,G8282,G8160,G2644,G9220,G3070,GW407,G3028,G8229,G8148,G3022,G3031,G8167,G3026,G3071,GW101,G8176,G8149,G2640,G2646,G8236,GW414,G8162,G8180,G8158,G2642,G3001,GW107,GW613,G3086,G8171,GW204,G3012,59470,G8251,G8271,G8163,GW100,G8150,G3087,GW217,G3016,G2668,GW409,GW214,G2661,G8168,GW206,G8155,G8170,G8284,G8249,G9362,G8275,G3099,GW104,GW612,G3068,GW412,G3093,G3041,G8175,G8235,GW105,G3023,G8152,G3010,GW415,G8172,GW411,G8174,G8156,G8154,GW614,G8179,GW203,G9262,G8241,G3066,G8280,G8252,G8183,G8151,G8178,G2686,G9265,G3096,G3082,GW618,G3033,G8157,G3083,G8254,G9361,G2696,GW600,G8256,G8230,GW216,G2672,G2663,G8228,G8232,G8260,G9264,G8270,G3089,G2666,GW218,G8276,GW212,G2699,G2667,G2641,G9260,G2643,G3064,G3076,G3098,GW106,G8239,G3062,G8268,G3069,G2671,G8224,G8267,G2679,G8262,GW209,G2662,GW413,GW215,G3034,59278,G8159,G3063,G8246,G9263,GQ033,G8285,G3038,G3067,G8247,G9467,GH302,GW619,G3053,G2676,G2214,G2689,GQ042,G8225,G3040,G8255,G3091,G2660,G2605,G3059,G3037,G2695,G8134,G2345,G3015,G9242,G9268,G3045,59462,G8173,G7056,G8278,G8227,G2670,GQ034,G8103,G2634,G8243,G2698,G8105,G3065,G2697,G3081,G7031,G2355,G3014,G8136,GE305,G8177,G8261,G7028,G2693,G7035,G2694,G9360,G8240,GW213,G9461,59268,G8257,GW208,G8238,GW601,G8273,GE304,GW620,G3018,G3080,G9460,G8226,GW602,G7034,GW406,G2684,G9363,G2691,G3030,G3060,G8135,G8101,GW211,G8283,G7054,G6637,GW200,G8114,G7050,G8272,G3052,G2372,GW205,G8248,G8274,G8081,G9267,G3017,GW401,G3090,G8137,GW606,G2673,G3054,G3042,G8126,G3061,G8242,GW405,G9462,GH300,GW210,GH306,G8109,GE306,G8056,G3051,G3035,GW404,G8129,G8244,GW604,G8139,G8118,G3013,G9463,G2664,G8234,G2681,G8123,GW616,G2633,GE301,GW617,G8140,G7143,G8141,G9261,G8233,G3077,GJ506,G2675,GW402,G8259,G2342,G2622,G3092,G3085,G2631,G8054,GQ048,G2365,G2692,G7030,G3011,G7029,G2175,G7039,GW201,GE302,G3044,GW621,G7963,G2680,GH303,G8035,G2353,G8258,G2114,G8133,G8250,G8277,G2674,GJ504,G3036,G8128,G6622,G2107,G7044,GW202,59264,G7021,GW609,GE307,G8115,GW207,G8279,GE303,G8055,G8263,GE319,GW603,GE322,G8265,G8195,GW403,G8106,G2613,G6625,G2606,G8102,G2607,G6531,G8112,G8192,G7023,G8253,G2630,G2207,G6621,G6650,G2651,G8059,G3048,G8113,G3056,G8060,G7045,G7756,GE323,G7049,G8196,G8189,G8203,G6506,GW605,GE320,GQ056,G8024,G8245,G9240,G8130,G2604,G8119,G2502,G2682,G2653,G6516,G8052,G8116,G3075,G8122,G8063,G8124,GW608,G6620,G7055,GW607,G2687,G8125,GQ032,G7032,G3079,G8217,G8281,G2626,GE321,G2140,G6699,G8264,G2354,G2688,59276,G2344,GE318,G6641,GE325,G3043,G2683,G7026,G6651,G7020,G2659,G3046,G2168,G7019,G2632,G6504,GE313,G2347,G8206,G8034,GH301,G8107,G8127,G2658,G2690,G7027,G8197,G2656,G2165,G2109,G7022,G2362,G8006,G8216,G8204,G8208,G8194,G2665,G6656,G7040,G8080,G8057,G7024,G8051,GQ031,G6623,G8117,G8223,G2654,GE324,G6626,G2655,G7025,G8269,G2163,G2172,G2145,GH305,GW615,G3058,G3095,G7042,G8231,G8193,G8209,G7043,GE310,G2205,G6956,GJ204,59271,G8221,G2215,G8066,G8065,GJ205,G2164,G6640,G8062,G2611,G6508,G6507,G7038,G2211,G8211,G7053,G3057,G3055,G7046,GE309,G8219,G8222,GE314,GE311,59477,G6564,G6962,G6644,G8082,G8287,G2212,G2178,G3094,G2635,G8220,GE317,G7037,G8071,G7009,G8138,GJ507,GE312,G8198,G8289,G8131,G7033,G6747,G2652,G2217,GH304,G2536,GJ503,G8212,G6638,GE308,G8191,G8085,GE315,G2228,G8214,G6510,G6511,G7017,G2166,G6514,G6955,G2118,G6958,G6964,G7766,G6963,GQ037,G6642,G7048,G6515,G7041,G6825,GW611,G2602,G7142,G2146,GE101,G3047,G6965,G2677,G7960,G8053,G8104,G6645,G6532,G2177,G7769,G8001,G2115,G6822,GQ043,G6823,G8074,G7015,G2363,GE316,G2287,GQ041,G6961,GQ017,G6537,G6957,G2535,G2348,G6945,GK610,GJ203,G2162,59279,G7018,G9243,G3097,G6647,G6959,G2291,G8019,G7016,G6658,GJ201,G8005,G6828,G8020,G2255,G6966,G2258,G2117,G2601,G6657,GK613,G6550,G7036,GW610,G2147,G2171,G2254,G8199,G2285,G7006,G8067,G6553,G6502,G7351,G8016,G6960,59475,G6953,GJ502,G2173,G2104,G7011,G6827,G8072,G7068,G6865,G2176,G8215,G8200,G8076,G3078,G6824,GQ044,G7353,G2144,G7014,G8202,G6951,G7013,G6519,G6954,GQ035,G2289,G7755,G7141,G7069,G6933,G2170,G2286,G2623,G2271,G6820,G6850,G6530,G6818,G6842,G8036,G6697,G6649,G2290,GQ045,G8083,G2220,59469,G6538,G2288,G8075,GQ060,G6660,G6952,G6539,GK614,G6534,G2161,G6930,G6929,G6938,G6745,G2297,G6659,G6533,G2113,G8023,G7001,GK602,G2636,G6551,G8002,G7061,G2273,G6868,G6509,G2142,G2531,G6934,GJ501,G6944,G7065,G6552,G6826,G6845,G6609,G6808"
112.00,23.50,0.98,0.90,577,"G8159,G8134,G8109,G8035,G2634,G8157,G2613,G2643,G8178,G8177,G8024,G8056,G8179,G8175,G8123,G8116,G8106,G8081,G8133,G8118,G8060,G8156,G8171,G8129,G8034,GH300,G8054,G8006,G8151,G2642,G8170,G2633,G8149,G8139,G8154,G8140,G2646,G8225,G2641,G2611,G8176,G8155,G8128,G8141,G8130,G8135,GH305,G2644,G8105,G8150,G8181,G2626,G8172,G8138,G8180,G2662,G8158,G8247,GH304,G8276,G8117,G2635,GH303,G8183,G8163,G8107,G2622,G8080,G8051,G8261,G8104,G8153,G8059,G8102,G8243,G8001,G8283,G8016,G8131,G8161,G8268,G8227,G8101,G8165,G8164,G8136,G8020,GH306,G8167,59269,G8071,G8166,G8162,G3074,G8228,G8174,G8114,G8055,G8002,G8148,G8272,G2632,G8023,G2636,G8255,G8005,G2604,G8241,GW110,G8019,G3032,G8282,G2605,59271,G8160,G8122,G2640,G8132,G2661,G8065,G8074,G3072,G8052,G8066,G8036,G8152,G2645,G8168,GW109,G8082,G3021,G8182,G8126,G8240,G8085,G8072,G9220,G8125,G8169,G8103,G8022,G8076,G8004,G8137,G2660,G8025,GH302,G8119,G8113,59264,G2630,G8062,G8280,G8124,G3002,GW415,59270,G8063,G2623,G8057,G3073,G8112,G8189,59268,G2684,G8032,GH301,G8075,G2653,G8015,G8070,G8195,G9460,GW410,G9461,G8196,G3007,G8173,G8038,G8239,G8073,G2631,G3080,GW413,G8254,G8284,G2612,G3033,G8039,G8067,G2691,G8037,GW004,G8083,G8217,G8192,G8053,G3088,G9206,G8077,G8127,G8018,GW401,G2668,G8061,GW414,G8115,G2692,G8014,G9204,GW001,G9467,GW406,G9200,G2675,G2686,GW402,G9201,G8203,G8058,GW003,G3038,G8007,G8235,G2696,G2651,59471,GW403,G3024,G8010,G8100,GW404,G9203,G8252,G2697,G8033,G8079,G9209,G2616,G3004,G2672,GW108,GW002,G8214,G8289,G2695,G8208,G3005,G2671,G3036,G9207,G8008,G2694,G8251,G2699,G3030,G8236,G8078,G2652,G8009,G8191,G3037,G8209,G3085,G3087,G8229,G2673,G2676,59276,G3006,G2625,G2666,G2698,G8232,G2679,G3031,G8084,G2674,G2667,GW407,G2606,G2689,G8069,G9463,GW408,G2624,G2681,G8212,G2680,G2614,G2693,G8206,G8215,G3084,G8249,G8204,G8267,G2656,G2670,G2659,G3082,G3020,G2658,G8270,GW405,G8257,G8202,GW412,G8278,G8200,G8197,G3001,G8211,G2615,G3003,G3025,G2655,G8013,G8021,G3035,59278,G8256,G8026,G8198,G8199,G8275,G8226,G8223,G8260,G8190,G3086,G8285,G8213,G8271,G8224,G8194,G8201,G8221,G2687,G8028,G2607,G3027,GW102,GR009,G3081,GW103,G8064,G8027,G8216,G8031,G8205,G8193,GW101,G8230,G8222,G8244,G8246,G3026,GW411,G8029,G2682,G8274,G8238,GR003,G8003,GR066,GW409,G3089,G3034,G8219,G2654,GW214,G2688,G2663,G8250,G9221,G6945,GW100,G3022,G8287,G8400,G2720,G8234,G3012,G3070,G8263,G2726,G2683,G8207,GW614,G9462,G2664,G8012,G3028,G8277,G2690,GW613,59470,GW612,G8333,G2220,G3071,G3083,G8248,G2706,G2601,G2602,G8030,G6956,G8253,G3041,G3099,GW107,G8220,G2224,GW600,G6941,G8520,G6939,G3068,G8233,G8413,G3066,G9362,GW204,G2760,G8281,G8262,GR065,G2677,G2730,G9361,G3096,G2707,G3098,G6967,G2299,GW206,GW217,G8273,G8265,G8330,G8264,G3016,GW604,G3093,G8406,G3010,G8335,G8322,G8258,GR067,G6944,GR071,G8017,G2291,G2722,G9262,G3053,G8259,GR070,G9242,G6955,G8321,G8245,GW105,G6942,GW212,G7009,G6951,G7017,G7008,GW104,G8242,G3091,G6937,G2665,G8269,G2287,G8279,G6938,G6962,G2227,G7011,G3059,G6965,G7034,G3023,GW209,GW216,G7023,G2217,G7050,G9265,G7003,G6946,G2214,G2210,G8011,G3076,G8525,GE304,G2290,G7028,G2211,G8331,GR032,G6953,G3040,GW618,G7031,G6966,GW617,GW203,59279,G3069,G7015,G7056,G7000,GE301,G7020,G9264,G6948,G2286,G7039,G7054,G8231,G7004,GE305,G8320,G2725,59462,GE319,G2285,G7016,G6961,G6958,G6934,G3044,G6959,G2297,GW601,GW218,G2288,G6947,GE323,G8323,G8404,G2296,GE306,G7018,G6954,G7010,G6933,G2703,G2298,GW602,G6943,GE318,G7035,G3062,G8313,G2740,G6957,GW603,G6936,G6952,GE313,G7006,G3052,GE321,G2207,G6960,G8519,G3409,G2289,G9260"
112.00,24.00,0.99,0.90,376,"G8038,G8015,G2612,G8039,G8004,G8018,G8037,G8032,G8009,G8008,G8002,G8132,G2636,G8023,G8010,G8025,G8022,59270,G8016,G2614,G8026,G8027,G8028,G8003,G8104,G8400,GR003,G2611,GH304,G8007,G8029,G8020,G8001,G8138,G8006,G8036,G8021,G8014,G8034,G2730,G2635,G8413,G2616,G2615,GH305,G8005,G8406,G8024,G8012,G8116,G8019,G8131,G8033,G2613,G8404,G8117,G8031,G8070,G8072,G8060,G8030,G8061,G8011,G8035,G8074,G8402,G8076,G8071,G8051,G8080,G8017,G2623,G8106,G2740,G8073,G8077,G8435,G8520,G8013,G8107,G8075,G8100,G8431,G8084,G2626,G8407,G8130,G8109,G8133,GR009,G8079,G8418,GR052,G8432,G8056,G2706,G8078,G2624,G8123,G8433,G8085,GR054,G8118,G2760,G8054,59271,G8128,G8517,G8129,G8065,G8082,G8519,G2707,G8066,G8058,G8525,G2634,G8430,G8134,G8083,G8081,G8069,GH300,G2633,G8177,G8159,G8425,G8139,G8140,G8405,G8421,G8064,G8333,G8506,G2632,G8059,59074,GR055,G8141,G8330,G8102,G8067,GH303,GR047,G8424,59075,GR059,G2643,G2761,G8420,G8062,G8157,G8427,G2604,G2622,G8135,G8401,G8178,G8122,G8513,G2625,G8053,GR048,G2763,G8052,G2725,G8521,G8225,G8409,G8055,G8179,G8105,G8057,G2742,G2741,G8125,G8175,G8156,G8512,G2641,G8408,G8151,GH301,G8509,G8261,G2726,GR002,G8283,G8247,GH306,G2764,G8154,G2662,GR051,G8119,G8336,G8171,G8124,GR063,G8429,G8170,G8337,GR053,G8325,G8063,G8101,G8423,GR046,G8243,G2722,GR005,G2733,G8276,G8113,G8416,G8415,G2642,G8155,GR049,G8114,G2630,GR019,G8272,G8136,G8149,G2653,G8324,G8189,G8227,G2646,G8172,GR058,G8419,G8514,G8176,G8410,G8183,G8150,59264,G8213,G8201,G8112,G2757,G8127,G8214,GR071,G8268,G8411,G8529,GR065,G8215,G2708,G8196,G8518,G8190,GR008,G8528,G8289,G8126,G2731,G2644,G8426,G8338,59071,G8158,G8180,G8255,GR068,G8163,G2652,G8195,G8202,G8191,G8554,GR057,G8181,G8217,G8516,G2605,GR014,G8332,G8523,G8137,G8200,G8240,G8228,G8323,GR007,G8526,G8331,G8335,GR013,GR044,G8403,G8465,GR066,GR018,G8460,G8212,G8174,G8205,G8192,G8208,G2762,G8103,G8209,GR064,G8203,G8507,G8241,G8428,G2774,G2720,G8322,G8153,G8199,G8167,G8326,G8161,G2631,G2660,G2684,G8162,G2724,G8464,GH302,G8115,G8469,59268,G8555,G8166,G2721,GR050,G8164,G8543,59269,G8152,G8328,G2651,G8148,G8452,G2661,G9460,G8446,G8321,G9461,G8165,G8422,GW403,G2692,G8168,G2640,59072,GR004,G8317,G8316,G3074,G8282,GR020,59276,G8160,GR056,G3080,G2675,G2765,G8173,G3032,GW402,G8204,GW401,G8511,G8280,G2691,G8198,G6941,G2656"
112.00,24.50,0.99,0.90,245,"G8407,G8405,G8418,59074,G8402,G8431,G8401,G8424,G8404,G8409,G8430,G8408,GR002,G2741,G8420,G8416,G8415,G8435,G8425,G2730,G8432,G8429,G2733,G8400,G8410,G2731,G8413,G8406,GR047,G8411,G2740,GR046,G8003,G8433,G8027,GR053,G2742,G8423,GR052,G8427,G8403,GR055,GR003,GR048,GR049,G8026,GR051,G8028,59071,G8426,G8421,G8011,G8338,G8029,GR014,GR019,G2757,G8428,GR013,G2764,G8009,GR050,G8422,G8521,GR054,G8464,G2614,G8008,GR018,G8012,G8460,G8513,G8017,G8446,G8465,GR005,G2763,59072,G8462,G8018,G8517,G8039,G8010,G8037,G8467,G2612,G8021,G8030,G8038,G2752,GR020,G8516,GR016,G8015,G8453,G2615,G8337,G8519,G8032,GR008,GR017,G8452,G8520,G8469,G8443,G8004,G2761,G8442,59075,G2762,G8449,G8031,GR007,G2756,G8007,G8506,G8523,G8419,G2708,59270,GR059,GR058,G8025,G8463,G8468,G8132,G8022,G2616,G8525,G8447,G2753,G8514,GR015,G8002,G2636,G8023,G8509,G8014,GR021,G8511,G2706,GR004,G2750,G8526,G8336,G2760,G2765,G8508,GR057,G8518,G8528,G2707,G8317,G8316,G8457,G8016,G8440,G8529,G8013,G8033,G8450,G8458,GR012,GR009,GR010,G8512,GR006,G8507,G2758,G8036,G8104,G2751,G8515,GR023,G8451,G8020,GR022,G8001,G8456,G8330,G8454,GH304,GR011,G8061,G8084,G8554,G2611,GR063,G2725,G8138,G8333,GR056,G8445,G8005,G8070,G8100,G2766,G8077,GR068,G2635,G8019,G8448,G8079,G8006,G8073,G8441,G2624,G8325,G8455,G2767,G8072,GR044,G8078,G8034,G2623,GH305,G8064,G8076,G8131,G8510,G8075,G8524,G8564,G8074,G8444,G8500,G8069,G8024,G8117,G8071,G8324,G8116,G2721,G2770,G8051,G8501,G8080,G2774,G8058,G2613,GF706,G8543,G8060,G8107,G8083"
112.00,25.00,0.99,0.90,153,"G8453,GR017,G2756,G8403,G8463,GR016,G8440,G2731,G8422,G2758,GR015,G8451,G8449,G2752,G8415,GR050,G8416,G8410,G8462,G8411,G8428,GR002,G8450,G8464,G8408,G2733,G8456,G8467,G8409,G8443,G2750,G8429,59071,GR023,G8401,GR013,GR014,G8426,G2741,59072,G8338,G8446,GR046,GR053,GR018,G8424,G8423,59074,G8405,G8468,GR049,G8460,G2757,G8454,GR020,G8420,G8442,G8458,GR019,GR051,G2742,G8465,G2751,G8430,GR021,G8418,G8407,GR022,G8455,G8425,GR048,GR047,G8447,G8431,G8452,G2764,G8427,G8441,G8457,G8445,G8402,G8469,G2753,GR055,G8432,G8444,GR005,G8404,G8516,G8521,G8433,G8435,G8421,G8448,G2762,GR010,GR052,GR008,G8508,G2740,G8513,GR007,G8511,G2763,G8523,G2730,GR012,GR004,GR011,G8337,G8406,GR054,G2765,G8413,G8011,G8400,G8515,GR006,G2767,G2708,G8316,G8317,G8419,G8003,G8500,GR058,G8027,GR003,G8501,G8517,G8526,G8514,G8028,G8029,G8026,G4564,G8017,G8012,GR057,G2761,G8502,G8519,G8507,G8503,59075,G8528,G8518,G8504,GF208,G2614,G8009,G8509,G8030"
112.50,21.50,0.97,0.90,224,"G6526,G2154,G6591,G6710,G6503,G2185,G6611,G6522,G6527,G2360,G2359,G2157,59672,G6618,59673,G2320,G6709,G6590,G6592,G2105,G6701,G6705,G2122,GQ012,G2321,G7311,G6520,G2180,GJ202,G2338,G7328,G7316,GQ009,GQ010,G2153,GQ051,G7321,G6528,GQ008,G6646,G2325,G6708,G6704,G6608,G2188,G7317,G6653,G6521,G2310,G7320,G7319,G2108,G2160,G6655,GJ505,GQ019,G6529,G6707,G6703,G2326,GQ020,G2322,G2318,G2156,GQ055,59663,G2106,G2186,G6613,G6523,G2305,G6773,G6652,G7312,G6612,G2187,G2327,GQ002,G2182,G2309,G2307,G2167,G2304,GQ004,G6643,G6535,GQ003,G6505,GQ052,GQ001,GQ039,G6648,GQ018,G2174,G6513,G6512,G2314,G2328,G2158,GJ206,G6745,GJ200,G6649,G6659,G2311,G2184,G6607,G2161,G7190,G6603,G2152,G6519,GQ007,G2334,G6771,G2308,G6624,G2181,G6615,G6772,G6647,G2319,GQ023,G2330,G6657,G2162,G6525,GQ006,GQ005,G2323,GJ201,G6658,G6539,G2151,GJ203,G6642,G6774,G6515,G6514,G6770,G2170,G6605,G6645,G1235,G1234,GQ021,G7331,G2317,G7336,G7335,G6538,59478,G6747,GQ013,G6510,GQ040,G3982,G3983,G1225,G6564,G6606,59477,GQ011,59669,G7131,G3999,G1214,G2191,G2166,G2173,G6524,G1203,G1208,G6640,GQ028,G2164,G6533,G2176,G2163,G6511,G6644,G2111,59682,G1286,GQ014,G1269,G3985,G3984,G1274,G2367,G2150,G2337,GQ050,G6536,G2331,G1207,GJ501,GJ500,G1241,G2168,GQ029,G6502,GJ205,G6537,GQ027,GJ106,GJ204,G3966,G6509,G2368,G2109,G1202,G7333,G7334,G2306,G7142,G6699,G2190,GQ046,GQ026,G2183,G6651,G6698,G2343"
112.50,22.00,0.97,0.90,570,"G2180,G2108,G6528,GJ505,G6653,GJ202,G6520,G6646,G2156,G2188,G6701,G6705,G2105,G6523,G6535,G2174,G6592,G6505,G2160,G2157,G6513,G6655,G6512,GQ012,G6643,G6522,G2122,G6624,G2106,G2153,G2321,G6745,G6527,G2167,G6612,G6519,G6657,G6649,G6539,G2184,G6652,G6611,GQ019,G2162,G2327,G6647,G6648,GJ203,G6773,G2170,G2151,G2185,G6538,G6521,G6515,G6510,GQ051,G6613,G6659,G2166,G2173,G6747,G6514,G2152,GJ206,GJ200,G6642,G2182,G6511,G2176,G2161,G6591,G6533,G6603,G6525,G6644,G7311,G6524,G2164,G6606,G2359,G6774,G2154,G6529,59478,G2360,G2320,G6564,59477,59673,G6590,G2322,GQ010,G2163,G6526,G6536,GJ205,GJ204,GJ501,G6537,G6502,G2109,GJ500,GQ009,G6709,GJ201,G6658,G2165,G6509,GQ039,G6640,G2318,G6656,G6605,59672,G6618,G7321,G6645,G6608,G6641,G6532,G6607,G6530,G2168,G6708,G6704,59475,G2338,G6626,G2181,G2183,G6699,G6534,G6615,G6503,G6710,G2150,GQ007,G2187,G2186,G6772,G6771,G6707,G6703,G2325,G2178,G2177,G6621,G2326,G2172,G6516,G6610,G6770,G6531,GQ020,G2158,G6504,G6650,G6604,G6651,G7312,G2155,GW207,G6623,G6609,G2191,GQ005,G2323,59663,G6501,GJ504,GQ006,G2110,G2307,G6620,GW202,G2171,G2319,GJ507,GJ502,GQ055,G2328,G2175,GQ052,G6625,G2190,GJ503,G9261,G6721,G6557,G2107,G2111,G2138,G3013,G6660,G7319,G7320,G2305,GW210,G6506,G1225,G2147,G6508,G6507,GJ106,GJ506,GJ100,GJ101,G2134,GJ108,GQ018,G6698,G1269,GJ102,G7142,G2104,G6622,G6724,G3982,G3983,G3061,G9267,G7316,G7328,G3060,G6638,G2136,G6706,G6702,G3017,G2193,G9363,G1208,G1268,GJ103,G6558,G1202,GW211,GJ104,GQ002,G2103,GJ107,G3966,G1235,G1234,GQ008,GW213,GJ105,G2120,G9360,G3011,G6500,G2118,G6720,G2365,G6722,G6697,GQ004,G2310,G3999,G2308,G2367,G3958,GW201,G6556,GQ011,G2137,GQ003,G3018,G2130,G6546,G1254,G2309,G3015,GW205,G3954,G2317,GQ017,G3986,GQ040,G1274,G6637,G6593,G3067,GQ050,G6553,G3063,G2146,G2135,G2114,G9268,G7021,G2140,G1241,G2347,G6554,G7317,G3967,G2133,GQ056,G7141,G3993,G3065,G2192,G3957,G7143,GW208,GQ001,GW215,G3985,G3984,G2112,G2132,59469,G2143,G1290,G7353,G6552,G1207,G3062,G9260,G1203,G2342,G3968,G1214,GW200,G1260,G2354,G3014,G1253,GW218,G1278,G2117,G2141,G2306,G2194,G2145,G2314,G7035,G9264,G3069,GQ013,G6517,G3965,G2197,G6518,GQ023,G1265,G2311,G1286,59682,G3951,G3962,G3064,G9263,G1293,G2353,G7190,G1251,G7331,59476,G6560,G7351,G7030,G2198,G7056,G9265,GQ058,GE305,G2330,GE303,GW216,GQ041,G3955,G1255,G1264,G3990,GQ046,G7044,GQ031,G3950,G7040,G1257,G2195,G3963,GE302,G2304,G2355,GW209,GQ034,G6555,G7031,G9262,G6540,GW203,G3964,GW212,G2214,GQ038,GQ036,G6543,G2127,G7028,G3010,G2131,GQ037,G7054,G1250,G2212,G1273,G3969,G2351,G3988,G1289,G2362,G2125,G3956,GE306,G6542,G2343,G3952,G1263,G2101,59487,G1297,GE304,G2334,G6723,G7029,GW206,GQ059,G3959,GQ021,G7025,G9362,G1258,GQ047,G3068,G3066,G3016,GW217,G3961,G7045,G9361,G3989,G1298,G7038,GE307,GQ014,G2344,G1261,G2115,G1262,G2102,G1210,GQ045,G7034,G1259,G2196,G1222,G6549,G3960,GW204,59470,GE301,G7050,G7055,G3987,G1218,G7026,G2129,G7022,GQ035,G1256,G8262,GE322,G3953,G2372,G2060,G1220,G1299,G1205,G6544,G2070,G2345,G3012,G2031,G2046,GQ042,G6548,GW104,G7043,G2142,GW106,G1252,G2017,G2352,G2057,G6541,G6550,G2058,G6207,GW214,G2039,G2128,G6551,G2123,G7039,GQ015,GQ060,G7049,G8273,G7144,G8242,G3071,G2126,G2116,G2215,G2144,GQ033,G2331,G1240,G3023,GQ054,G2019,G6562,G2064,59473,G7352,GQ048,G6700,GQ032,G2018,G2207,G2088,G2333,G2348,G2663,G1206,G2368,GE320,G2020,G1238,GE325,G2037,G2084,G2036,GE319,G1295,G2124,G6559,G3980,G6208,G1232,G2021,G2366,G7027,G7032,G2076,G3027,GQ022,G8271,GW107,G2055,G6204,G6201,G2063,G2087,G6212,G2002"
112.50,22.50,0.98,0.90,1142,"G6620,G6504,G6625,G2172,G6626,G6623,G6506,G2107,G6622,G2178,G6656,G3011,GJ506,G2165,GJ205,GJ204,GW201,G6532,G2175,GJ507,G6537,G2177,G6507,G6508,GJ504,G2109,G2114,G7021,GJ503,G6502,G6511,G6637,59475,G9267,G6641,G2176,G6644,G2173,GW200,G2140,GW208,G6531,G2166,G6530,G3065,G9363,G2171,G6638,G6533,G6621,G9268,G7035,G6534,G6509,GJ501,G3060,GJ502,G6538,G2170,G2118,GJ500,G3015,G7030,G9360,G2147,GE305,G2164,G6510,G6539,G7056,G6536,GE303,G7044,GJ203,G6609,G2104,G9261,G3069,GE302,G7031,G6501,G7054,G2145,G2214,G7028,G6660,GW209,G3062,G6524,G6657,GE306,G2146,GE304,GW207,G2162,G6747,GW212,G6624,G2183,G6515,GW216,GW210,G7029,G3063,G6557,G2151,G3013,GW218,GW213,G9264,G6553,G7040,G6610,G6697,G6699,G2163,G6650,G7034,G2168,GE307,G9361,G7045,G6606,G7050,G6647,GE301,G9265,GW202,G9262,G9260,G6514,G3066,G3067,G2117,G8262,G2155,G6721,G2136,GE322,G2110,GW211,G3010,G2212,G7025,G2174,G7055,G6564,59477,G6516,G8273,G3061,G7026,G6552,G7039,G3068,G8242,G3017,G7038,G9362,G6556,G6512,G6642,G2143,G6513,G7022,G6505,G6535,59478,G7049,GW215,G6604,GW214,G6519,G2663,59470,G3012,G3018,G2207,G7043,G6640,GW206,G2115,G6745,GE319,G2103,G6774,GE320,G2184,G6649,G2141,G6525,G2135,GW217,G8259,G3016,G8230,GE325,G2215,GW203,G8271,G7032,G6651,G2150,G8275,GE323,G7027,G6523,G2156,G2137,G3064,G8248,GJ505,GW205,G6558,G6550,GW204,G3001,G8246,G2108,G6724,G8260,G8233,G8279,GE324,G6543,G8258,G6643,G2365,G8256,G7024,G2142,GE321,G2192,G3014,G9263,G2144,G2152,G8224,G6551,G2138,GE310,G7019,G6540,G2130,GE309,G6648,G8249,G7023,G6653,G6659,G3027,G2195,G6605,G8285,G2125,G7033,GE318,G6645,G8238,G2161,G2188,G2160,G6554,GJ201,G8229,G6658,59278,G8270,G3071,G6603,G2664,G3006,G6720,GJ206,59476,G6560,GJ200,GE311,G2167,G6528,G6562,GE101,G8236,G6646,GE312,59473,GE313,G2106,GJ105,G6559,GE315,G8265,G8234,G2197,G6655,G7143,G6823,G6546,G8251,G6612,G2116,G7041,G7042,G2194,G8274,G6555,G3005,GJ104,GW104,G3025,G2327,G2113,GJ102,G7036,GQ034,G8232,G2342,GE314,G2101,G6652,G6500,GJ103,G6542,GE316,G7020,G8267,G2129,GJ101,G6661,G9209,GJ107,G8245,GJ108,G2667,G2126,G2355,G6818,G2666,G2190,G8226,G2132,G8278,GE317,G7053,G8277,G6773,G6541,G2127,G7048,GE308,G3003,G2257,GJ100,G2180,G8244,G2134,G2679,G6824,GJ202,G6544,G6861,G6822,G6930,G2148,G2670,G9221,G2205,GQ019,G8252,G2265,G3023,GW002,G8253,G2258,G8235,G2672,G2699,G2689,G6722,G8257,GW107,G8250,G2128,G3028,G6700,G6593,G6520,G2133,G2668,G9201,GQ056,G6856,G2671,G2676,59471,G6770,G7037,G3020,G2181,G6613,G2693,G2198,G8263,G6517,G2191,G6819,G2696,G2182,G2353,G7046,G6845,GW106,GW003,G7057,G7069,G3004,G2228,G2698,G2686,G2120,GW001,G6615,G6864,GW004,G8264,G6702,G6706,G3070,G8284,G2153,G6772,G6910,G6607,G6907,G3007,G2345,G2241,G6698,G6820,G2131,G8231,G7068,GQ042,GE233,G6521,GJ106,G2695,G2196,G6868,GE227,G9203,G9207,G8281,G2347,GE210,GW105,G2124,GE208,G6771,G9200,G6701,G6705,GE209,G6518,G2354,G7142,G2123,GE231,G2193,GQ033,G6863,G1257,G3002,G6931,G6964,GQ039,G9204,G2105,G2112,G6827,G2235,G2064,G2694,G6906,G2055,G2264,GQ007,G2263,GW103,G2665,G8254,G2237,G2372,G2057,G9206,G2021,G1268,G2111,G2102,GQ012,G6529,G6216,GE232,G6592,G6811,G2255,G6821,GE212,G2697,G8269,G8169,G6723,G6808,GE228,G2211,G2322,G1265,G9220,G6929,G3093,GQ005,G3022,G3954,G2226,G6548,G2681,G6963,G2323,G2208,G2673,G6825,GE229,G6919,GW108,GW618,G1264,GQ051,G3967,G1202,GE027,G2225,G8182,G6920,G2321,GW102,G2122,GE236,GE218,G2607,G2157,G2039,G3958,GE028,G2254,GQ006,G3966,GE020,G2079,G8239,G8280,G1251,GE230,G3200,GW109,G1269,G1263,G1253,GW613,G2645,G6908,G3965,G2020,G3073,G6809,G6911,G2683,GE017,G3988,GQ017,G6826,G6549,G3957,G2202,G6905,G8282,G3955,GE235,G2318,G6958,G2246,G2271,GE026,G2239,G2047,GE018,G2078,G6865,GE237,G2682,G6212,G6925,G2046,G2680,GQ031,GE219,GE240,G6962,G2158,G2688,G2319,G2033,G1225,G3959,G6849,G2661,G2069,G6803,G1254,GQ048,GE214,G6802,G6801,G3969,G3986,GE234,G3024,G6522,G1290,G6917,G1255,G6810,GE220,G2690,G3099,G7058,G1260,G2674,G2362,G6807,G6812,GE217,G2019,G6828,GE019,G2344,G1262,G2075,G2059,G6851,G6205,GW619,G6904,G2001,GE211,G8166,G6527,G6202,GE005,G2691,G6909,G7009,G6804,G2060,G3026,G2063,G2273,G2187,GE215,G3021,G8167,G6957,GE205,GE006,G2236,G2012,G2217,GE025,GW101,GE014,G3961,G3041,G2011,G6207,G2234,GQ010,GE226,G6814,GE013,G7141,G2204,G8241,GE012,G7353,G2687,GE015,G3072,G1208,GE029,G6217,G3982,G3983,G2186,GE008,G6805,G2067,G6902,G2088,G2238,G3964,G3993,GE011,GE223,59480,G6608,GE009,G2002,G6956,GE225,G7018,G2244,G6961,G3956,GE007,G6844,G6215,G6866,G3045,G7311,G2082,G2034,G1278,GE201,59469,GW408,G2660,G6703,G6707,G6708,G6704,G2270,GE024,G2367,G3963,G2606,G7061,G6901,G6960,G6806,G6959,GQ009,GQ041,G2221,G2087,G1261,G6611,G2013,G7321,G7017,GE010,G2018,G7006,G2267,G3968,G7015,GE016,G3952,GE204,G3989,GW612,GQ037,G6201,G6842,GE001,G2675,G2201,GW110,G7351,GE023,G6955,G6903,G7016,G8165,GE030,GE031,GE032,GW100,G6209,GQ032,G2230,GE221,G2326,G7014,G2684,GE002,G8228,G6800,G6838,G7065,G2233,G2185,GE022,GQ020,GE202,59279,G3962,G2061,GE222,G2328,G1241,G2058,G6915,G6850,G7062,G8220,GE004,G2040,G2222,G1250,G6965,G6867,G6900,G3084,G2692,G2654,G2285,G6913,G2076,59487,G7013,G2024,G7312,GE003,G2007,GE239,G3950,G2070,G6926,GE238,G1235,G1234,GE021,G6923,G2017,G6813,G6214,GW409,G2223,G2029,G3999,G6855,G2242,G2325,G3076,G6833,G3088,GW606,G8216,G1274,GE216,G2015,G3077,59288,G1259,G6966,G3096,G2014,GQ050,G6590,G2253,G2289,G2320,G3951,G2605,G2338,G8180,G2287,G2256,G6832,G7756,59673,G2359,G8240,G2259,G6839,G6847,GQ011,G6918,GE213,G2260,GQ052,G2307,G6835,GE224,G8255,G2245,G6924,59485,G2090,G2243,G3086,G6927,G2030,59663,G7001,G1289,G6954,G2031,G6591,G2065,GE206,G6953,G2016,G2360,G2280,G2274,G8268,G3953,G6208,G1258,G2232,G2266,G2044,G2009,G6860,G6203,G3042,G8153,G2062,G3074,G3960,G6843,G2644,G8194,G6933,G8193,GW620,G2306,G3117,GE207,G2056,G8172,G1207,G6709,G8219,G2209,G2659,GW407,G6916,G2261,G9523,G8181,G8287,G2231,G2004,GW614,G7064,G6952,G2032,G6848,GQ058,G3134,G2651,G2025,G6817,G3987,G6213,G6204,G2035,G1049,G6853,G6862,G3156,G2291,G2054,G3985,G3984,G3031,G2351,G2288,G8197,GQ040,GQ055,G2677,G9573,G8223,GQ045,G2317,GW600,G2096,GQ035,G7059,G2286,G8227,G8155,G2658,G6618,59672,G2272,G2036,G2602,G7011,G3990,G8276,G6211,G2154,G2646,GE203,G2252,G8222,G2080,G6840,G8221,59276,G1070,G2068,G8206,G6836,G1298,G1293,G6912,G2297,59462,G2502,G2219,G9746,G1297,G9807,G8192,G6950,G1252,G2094,G3090,G2022,G2240,GQ018,G2655,G3111,G7060,G2348,G3083,G3040,G6834,G2010,GQ059,G2084,G2072,G1256,G2077,G1069,G9793,G2656,G8149,G2276,G9710,GW411,G1210,G6841,G3347,G2026,G8243,G6934,G2281,G7002,G8203,GW410,G8154,G2308,G8272,G1203,G2662,G3051,G1092,G7067,G3324,G3098,G3137,G1088,G2092,G6816,G1220,G6526,GQ060,G2279,G9806,G2290,G8204,G9543,G2305,G8164,G3145,G8247,G2083,G2081,G3249,G3237,G3107,G2041,G2099,G6951,G9804,GW616,G1214,G1273,G6852,G6837,G7066,G7012,G3142,G3112,G3032,G3108,G8195,G2093,GQ046,G7963,G2027,G9517,G1240,G9792,G9524,G2037,G3110,G8161,G8261,G9544,59269,G2008,G1206,G7063,G7144,G3310,G8211,GQ036,G9803,G9802,G9805,G1016,G2218,G7005,G7352,G1299,GW412"
112.50,23.00,0.98,0.90,1341,"59278,G8285,G8238,G8278,G8267,G8224,G8226,G2667,G8270,G2679,G2670,G2666,G8246,G8274,G8232,G2689,G8257,G2699,G2676,G8256,G8260,G2693,G2671,G2672,G8248,G8234,G2664,G2698,G8244,G8252,G8233,G2695,G2696,G8230,G2686,G8277,G2694,G8235,G8250,G8259,G8258,G8249,G8251,G2697,G8273,G2668,G2663,G8265,G8254,G8242,G8279,G8263,G8284,G2673,G8253,G2681,G7023,G8275,G8239,G7050,G7039,G8236,G8245,GE319,G7034,G8262,GE301,GE323,G8229,G8280,G2607,G8271,G2207,G2680,G8281,G8264,G2691,GE304,GE320,GE321,G3001,G2674,GE322,GE318,G7020,GE306,G7049,G7029,G7054,GE307,G7032,G7028,GE313,G7019,G2682,G7031,GE325,G9220,G2660,G2683,G9361,G2214,GE302,G2661,G3006,G2688,G7045,G2675,GW214,G2606,G7055,G2684,G2665,G8241,G7044,GE305,G7030,G2687,G7027,GW209,G8231,G2205,G3002,G7042,G7024,G8269,G8182,G7056,G2692,G7026,GE303,G2690,G3005,GE324,GW212,G8282,G3066,G7046,G7053,GE310,G9209,G8228,G2211,G8169,GE314,G7035,G8240,G2605,G7022,GE311,G7037,G3007,GE309,GE317,GW200,G8167,G2215,G6962,G8255,G6956,G3012,G7043,GE312,G2228,GE308,G8166,G6964,G7033,G7009,G2654,G8216,G2114,G7025,GE315,G6963,G8268,G2651,GW208,G7021,G7048,G6958,G6825,G3069,G2217,G2659,GW216,G7041,G7038,G7040,59470,G8194,G9201,G2645,G8227,G8220,G6637,G8192,G3065,G6822,G3068,GE101,G7017,GW004,GW109,G8193,G8197,G6955,59276,GW201,G2140,GE316,G9262,G2658,G6823,G8203,G8206,G8223,G2212,G8272,G9362,G2255,G8219,G6957,GW001,G2258,G8172,G6961,G8287,G8243,G2145,G2254,G3010,G8276,G7015,G3011,G6965,G2656,G6828,G7018,G8195,G8221,G2655,GW003,G6827,59471,G7068,G6959,G7036,G9268,GW002,G8180,G8222,G6865,59279,G8204,G7016,G3027,G2287,G2662,G7006,G6960,G6824,G8247,G9265,G2285,G2115,G8261,G8283,G6966,G2602,G6622,G7069,G6820,G2271,G2677,G6550,G8196,G9264,G3062,G8217,G8211,G7014,G8155,G2291,G6953,G6929,G6818,G9200,G7013,G6842,G3004,G6850,G6868,G8154,G3025,G6506,G2289,G6930,GW218,G2273,G3015,G2644,G6826,G8189,G2144,G6808,G6954,G9204,G7061,G8208,GW206,G7011,G6845,G7058,G6821,G6933,G9206,G9203,G2113,G2653,GJ506,G7065,G2264,G8198,G3073,G2107,GE017,G7001,G2286,G8209,G6849,G9267,G8225,G6952,G2288,G8165,G6866,GW217,G3200,G3003,G6864,G2646,G2146,G6625,G3016,G3072,G3021,G2225,G2601,G6843,G7062,G6951,G8063,G6802,G6551,GE018,G2297,G8181,GE027,G9207,G9363,G6507,G6508,G2290,G2117,G2118,GW204,G6945,G6839,G6819,G2142,G6861,G3063,G6811,G6838,G6934,G9360,G6638,G8055,G2263,G6620,G2265,G6832,G9260,G6844,G2622,GE026,G6851,G8149,G8156,G6812,G6809,G6559,G3020,59288,G2267,G2257,G3060,GW110,G6553,G6863,G6862,G6938,GE020,G6801,G2202,G6661,GE005,G6931,G2175,G2226,G6810,G6867,G6950,G8212,GE028,G2296,G6623,G2270,GE006,GJ503,GE210,G3071,G6840,G8179,G7064,GE007,G6562,G8153,G7012,GJ507,G2210,G6907,59473,GE008,G8052,G6948,G2218,G7003,G6944,GE025,GE019,G6504,G6856,GE009,G6935,G3067,GW203,G2652,G7002,G6803,G6807,G8289,G2604,G8191,GW108,G2148,G6552,G6833,GE218,G2221,GE010,G2204,G2104,G2220,G2147,G6949,GE240,G7057,G2172,G2280,G6946,G6814,GJ504,G2298,G6906,G6697,G2643,G7005,G7067,GE014,GE011,G7059,GE024,G8214,GE209,G2116,G2143,GE012,G2216,GE022,GW213,G8199,GE023,G8057,G8178,GE013,G9221,G3074,GE208,G8059,G2292,GE219,G6804,G6947,G2178,G2294,G6800,G2241,GE015,GW215,G8081,G2171,G2276,GJ502,GE220,G2279,G6936,G7063,G6813,G8177,G8171,GE001,G3024,G2261,GE212,G2234,GE029,G7060,G6626,G6908,G6909,G2201,G2227,G6853,G6925,G2223,G2295,GE016,G6660,GE002,GE032,GE030,GE031,G3254,G9261,G2208,G2177,G2299,G6835,G6937,G8054,G7010,G3028,G2268,GE004,G7066,GE021,G6543,G6806,GE217,G8200,G8207,G6841,G6805,G3452,G2141,GE235,GW210,GE003,G2126,GW103,G2642,G6942,G6860,G3253,G6855,G6847,G2259,G7004,G2256,GW104,G6531,GE236,G3064,G3070,GW107,G6917,G6556,G3119,G3013,G2293,G7008,G6656,G2260,G8215,G8062,GW211,G6943,GE227,G8202,G6532,G2224,G2136,G8176,G2222,G6834,G6557,G7000,G2251,G6905,G2235,G2248,G6501,G2165,G3252,G8056,G6830,GE204,G6621,G8164,G6609,G2233,G2125,G6540,G6836,G6919,59475,G6829,G3256,G2238,GE234,G8161,GW102,G3018,G8175,GJ204,G2253,G8157,GJ205,G6541,GE233,G6641,G6939,GE205,G2272,GE214,G9573,G6967,G3088,G2135,G3017,G3409,G6910,59269,G6537,G3061,G8205,G2274,G6534,G2239,G8159,G8053,G2109,G3023,G2195,G2282,GW207,G6852,G6530,G2206,G2129,G6502,G6920,G3310,G8066,GE202,G9263,G6858,G8065,G2281,G3032,G2247,G6923,GR032,G6837,G3022,59271,G6700,G2275,G6721,G6918,GE206,G2244,G6941,G1043,G2626,GE229,GW408,G2250,G8082,G6859,G8170,G8158,G6915,G9706,GE237,G2237,G6509,GE230,GW202,G2720,G3126,GR066,GE228,G6902,G6831,GE231,G1026,G9806,G3420,G9804,G9807,G9793,G6848,G8190,G9802,GR067,G2103,GE213,G6511,G3014,G2128,G9796,GW105,GJ501,G6544,G2219,G6650,G6857,G6644,G3237,G3249,GE207,GJ500,G2249,G6817,G1094,G9487,GR070,G2176,G9797,G6610,G9803,G2110,GW613,G3255,GR033,G9488,G3404,GW410,G2252,GE211,GW205,G2155,G8160,G2101,59476,G6560,G9800,G3084,G2246,G2137,G8150,G8085,G8213,G3026,G8067,G6903,G1088,G2240,G9588,G6542,G6904,G9576,GE201,G2183,G8148,G2173,G3236,GW101,G9726,G2192,G6536,G9587,G9539,G9805,G1044,G6533,G9589,GE232,G6555,G8201,G2209,G9791,G2166,G3093,59480,G9801,G6816,G3222,G9845,G8162,G1033,G9794,G8134,G3412,G1070,G3107,G1046,G8060,G2245,G9792,G9567,GE239,G6699,G8080,G9799,G9795,G8051,G6916,G8163,G9798,G2164,G2703,G3157,G2124,G9815,G2230,GQ034,G3451,G2640,G3156,G3411,G8151,G9472,G6216,G6911,G9778,G9846,G3225,G9844,G9708,G9473,G9710,GE216,G9847,G2168,GW407,G1045,GW106,G9498,GE215,G6538,G9474,G9825,G2055,G2127,G6558,G6516,G2197,G9515,G2355,G3403,GE223,G2634,G3099,G9771,G6510,GE238,G1073,G1051,G9475,GE226,G1010,G3031,G9571,G3450,G2170,G9476,G3145,G6900,G6524,G2033,G3219,G8071,G3224,GE221,G9777,GW618,G9824,GE203,G2365,G9566,G6901,G9471,G9782,G2130,G2236,G2163,G9470,G1009,G3117,G9833,G1042,G3041,GW100,G9722,GW414,G2232,G6554,G2613,G6604,G2625,G9477,G3402,G3086,G6539,GE225,G3444,G1095,G1037,G3416,G8083,G9484,G3410,G2194,G9770,G2021,GJ203,G1047,G6926,G9813,G3346,G6747,GW612,G2079,G6202,G6724,G1093,G9725,G3223,G3447,G9742,GE222,G9772,G8313,G9996,G6924,GQ042,G3108,GW409,GQ033,G2345,G8183,G1053,G2064,G7143,G3324,G8320,G2069,G3134,G9720,G9575,G8168,G1025,G9507,G6606,G6515,G2242,G3347,G1000,G9723,G9485,G9773,G1092,G8074,G3104,G9715,G2012,G8321,G6657,G3449,G2162,G3316,G6927,G2123,G2641,G8109,G3138,G9505,G9501,G3159,G1001,G2151,G9746,G1097,G1011,G3314,G8035,G8058,G3241,G9788,G9506,G9834,G2342,G3345,G9478,G9500,G3101,G3435,G8174,G9721,G9724,G8152,G6913,G3362,G3339,G3325,G2196,G3129,G6514,G6564,59477,G3405,G6624,G1039,G3087,G3344,G2013,G9564,G9563,G3260,G9483,G3438,G1069,G8322,G9523,G6720,G9491,G6651,G2001,GE224,G6546,G9504,G9570,G8076,G2078,G2266,G9482,G3221,G1049,G1014,G3218,G3259,G9499,G3309,G2138,G6647,G2132,G2040,G8075,G8072,G9565,G9508,G2057,G1099,G9848,GW412,G3096,GW415,GW614,G3443,G2623,G3407,G2231,59481,G1087,G3220,G8024,59284,G8019,59478,GW411,G6640,GJ105,G3102,G9829,G6209,G1015,G6642,G1081,G2243,G9709,G2372,G9590,G8303,GW619,G2047,G8300,G9543,G2082,G3330,G2150,G2198,G2715,G9489,G3128,G8335,G2059,G9541,G3155,G2131,G2011,G9842,G1071,G1036,G3242,G8005,G9577,G8334,G6912,G9544,G8006,G2014,G3251,G2056,G3076,G2353,GW600,G8073,GJ104,G6212,G9817,G6500,G3083,G3442,G6205,G9694,G2061,G2034,G3112,G2020,G9707,G8301,G2705,G6517,G6774,G2102,G8105,G6548,G8123,G3045,G3137,G9518,G9745,G9486,G8118,G3141,G3240,G3033,GJ103,G8070,G1006,G3130,G3446,G1059,GJ107,G3448,G3415,G3125,G2039,GH300,G2174,G2716,G8129,GR065,G9510,G9841,G6525,G3111,G3302,G9547,G9747,G0902,G3082,G0903,G8001,G8069,G3454,G9835,G1030,G6519,G2015,GJ102,G1034,G3238,G9832,G6512,G2090,G9548,G9779,G8304,G8077,G8135,G9714,G6513,G2133,G1052,GA006,G8133,G3190,G6593,G3098,G3089,G6215,GJ101,GQ056,G8020,G3311,G2075,G9517,GJ108,G2633,G8139,G6505,G8078,G6535,G2726,G8079,G3131,G2184,G1257,G9524,G8106,G9695,G9703,G8140,G9768,G6745,G8116,G8036,G9697,G9582,G9822,G6649,G9527,G1016,G2072,G9823,G3232,G9545,G8100,G8136,G3228,G6723,G3414,G1008,G3136,G3110,G1024,G3406,G6722,G9528,G8034,GQ048,G2063,G2032,G6217,G3135,G3040,G1054,GH302,G2701,G8061,G8141,G1018,GJ100,GW413,59462,G9828,G9554,G2044,G6518,G3235,G2134,GR069,G1032,GW620,G9780,G8302,G3419,G9526,G9789,G2190,G2624,G3142,G3263,G8331,GR071,G6605,G3053,G8103,G2067,G2041,G1086,G3059,59280,G8101,G3091,G9766,G6645,G9580,G9713,G9814,G2046,G2019,G3034,G3140,GW606,G1003,G3038,G9467,G8311,G3417,G3113,G2002,G2354,G2611,G6549,G8128"
112.50,23.50,0.98,0.90,1093,"G8063,G8052,G8057,G2653,G2604,G8189,G8055,G8196,G8062,G8217,G8195,G8059,G8289,G8214,G8053,G2622,G2652,G8066,G8191,G8065,G8208,G8192,59271,G8203,G8082,G8272,G8209,G8283,G8212,G8067,G2651,G8085,G8215,G8261,G8243,G8200,59276,G8202,G8227,G8240,G8204,G8199,G2692,G2656,G8206,G2626,G8255,G2605,G2684,G8211,G8198,G8247,G8083,G2675,G8054,G2658,G2659,G2655,G2662,G8190,G8225,G8080,G8197,G8268,G8051,G2625,G8071,G8213,G2660,G8205,G8201,G8058,G8223,G8081,G8276,G8221,G2691,G8074,G2606,GR066,G8194,G8228,G8222,G2720,G8075,G6945,G8076,G8207,G2623,G8193,G2674,G8072,G8056,G2220,G8216,G8177,G2680,G8219,G8019,G8241,G8073,G2224,G8287,G6939,G2687,G6941,G8060,G2601,G8172,G8239,G2654,G2673,G8070,G8154,G6967,G2299,G8069,G2681,G2697,G8005,G2602,G8077,G8280,G8078,G8079,GR067,GR070,G2643,G2694,G6942,G2682,G6944,G8100,G2677,G7008,G2607,G2661,G6937,G8155,G8254,G2227,G8061,G2688,G8156,G8220,G8321,G2695,G8322,G2624,G6938,G6946,G2690,G6951,G6956,G2726,GR032,G7003,G2291,G8179,G2210,G8036,G8335,G2683,GR065,G8001,G2698,G7000,G8020,G7011,G2613,G8180,G8167,G7004,G2693,G2676,G2671,G2696,G8084,G2290,G2686,G8320,G2287,G8178,G6948,G6955,G2703,G7010,G6943,G2689,G8257,G8064,G6947,G6965,G7017,G8313,G2670,G2699,G3409,G2298,G8282,G8284,G6953,G6936,G2672,GR071,G8166,G2286,G2296,G8033,G2679,G2646,G7009,G9220,G6934,G6966,G8006,G8159,G2644,G8252,G2297,G2217,G8263,59279,G2288,G8278,G3119,G8250,G8244,G2668,G6935,G8226,G8331,G6962,G8235,G8182,G8149,G8334,G7015,G2667,G6933,GR033,G2666,G6954,G2285,G8267,G8281,G6952,G6949,G2722,G7016,G8024,G8014,G3126,G8232,G2218,G2294,G6961,G8269,G6959,G2289,G8253,G2665,G8264,G8274,G7012,G7018,G8277,G3253,G8157,G3252,G8013,G8035,G7006,G8016,GR069,G7013,G7001,G6960,G2211,G8181,G6957,G6958,G8328,G3420,G8169,GR009,G2616,G8234,G8323,G6843,59278,G2293,G7014,G3002,G8022,G6850,G8270,G6950,G8238,G8171,G2292,G8134,G8333,G8285,G8025,59270,G7005,G8301,G2664,G2701,G8023,G2216,G8007,G8251,G6828,G8300,G6842,G8231,GR064,G6862,G8245,G2645,G8224,G8109,G6840,G8265,G3452,G8304,G7002,G6963,G1073,G6839,G1026,G2634,G2295,G8175,G7065,G6825,G8302,GW109,G2611,G3256,G8256,G8327,G8034,G8260,G8246,G7061,G3254,G7067,G2642,G6832,G8236,G8249,G8233,G8326,G7062,G7020,G6865,G8330,G7046,G7063,G3411,G8165,G8002,G8248,G6964,G3007,59280,G7064,G8437,G8258,G7023,G9484,G1043,G2254,G8116,59288,G2205,G2268,G6829,G2273,G8229,G2723,G8279,G8303,G6838,G8153,G8031,G8176,G2706,G7037,G6866,G2279,G2271,G8332,G2760,GE313,G1025,G2705,G2228,G2707,G2255,G8230,G2715,G2250,G2615,G7059,G2276,G3259,GE318,G3412,G8170,G8259,G2251,G8329,G7066,G7058,G8312,G3416,G8306,G3072,G3255,G8032,G2282,G7053,G8275,G2725,G8106,G6867,G6859,GE321,G7060,G2275,G7042,G3006,G2716,G9209,GW110,G3021,G8010,G8021,G2248,G8004,G8324,G9485,G9847,G3005,G8307,G2280,G9488,G2267,G6826,G7019,G6827,G2724,G9833,GE323,G6844,GW004,GE317,G8151,G2663,GE314,G9846,G8133,GH304,G8123,G9571,G3001,G6849,G6830,GE319,G9201,G8271,G8118,G6841,GE308,G3074,G8273,G2704,G8242,G8311,G6833,G1042,G6929,G8138,G8104,G1081,G6802,G7068,GW001,G9845,G3073,G8158,G3415,G9768,GE017,G3260,G2247,G7048,G2249,G6853,G7032,G2270,G3404,G2207,G8520,G3159,G8129,GE320,G8150,G8037,G9566,G6851,G8325,G2261,G6822,GH305,G7039,GE311,G6831,GE018,G3104,G6812,GW003,G2636,G7024,G9483,G6808,G2206,G3325,GH300,G8161,G8132,G3200,G8525,G9567,GE310,59284,GE312,G8018,GE007,59471,G3417,G8164,GE325,G2641,GE324,G9832,G8030,G8015,G6821,G2258,GE005,G7050,GE315,G8262,G7027,G9589,G6820,G7049,G2614,GE309,G6834,G9200,G2635,GE006,GE008,G9715,GE301,G9844,G2633,GE026,G7041,G7034,G6858,G9206,G8038,G2225,59269,G9204,GE010,GE009,G9487,G8163,G8139,G2221,GW002,GE022,GE316,G8308,G7069,G6801,G8556,G1010,GR030,G6810,G7033,G3251,G1059,GE322,G8555,G9482,GE027,G8140,G6809,G2612,G2264,G6813,G6868,G9486,GE025,G6835,G3310,GW214,GE023,G6857,G3109,GR043,G6800,G6836,GE101,G8012,G9703,GE024,G8039,G6823,G8130,G2202,G9564,G2204,G6852,G9706,G8128,G1046,G2223,G3004,G9848,GE307,G6824,GR031,G9203,G8183,G6860,GR063,GE019,G1027,GE304,G6814,G3346,G3419,G3032,GE011,G8141,G8117,G7055,G7029,G7036,G8135,G9766,G6837,G6807,GE306,G3438,G3403,G6811,G8105,G1094,GE021,GE020,G2215,G9701,G6845,G1011,G9361,G9815,G7026,G9813,G7045,G8162,GE014,G8541,G7054,GE012,G6847,G8017,GE001,G6803,G2259,G8029,GE004,G8009,G7028,G8148,GE028,G9796,G2256,G2201,G9769,G2272,GE002,GE013,G9707,G9587,G9767,G2263,G2260,G2281,G3414,GE030,GE032,GE031,G8506,G7043,G3405,G9207,G6855,G7022,G6930,G7031,G8160,G2226,G9573,GE015,G8512,GE003,G6864,G1095,G9588,G8107,G1024,G3012,G2214,G9778,G8028,G3222,G3352,GE240,G3066,GE016,G1051,GR029,GE302,G9802,G6804,G8131,G6818,G1044,G9797,G2774,G9565,G9777,G3236,G8519,G9563,GW209,GR059,G2702,G2640,GE029,G9804,G9800,G9817,G9782,G9795,G7044,G9742,G6863,G9539,G3240,G2234,G3027,GH303,GE305,GW212,G9576,GR003,G2754,G6806,G6819,G7030,G9823,G9806,G6931,G3025,G9803,G9798,G3219,G9694,GE303,G7056,G1033,G9770,G9726,G9801,GE218,G9771,G1014,G9799,G9773,G8174,G6909,G2222,GE219,GE220,G9794,59470,GW108,G1009,G9515,G9825,G7025,G3237,G3249,G2274,G9708,G7038,G2113,G9697,G3263,G9793,G9725,G3024,G3003,G8008,G9822,G6805,G8543,G3157,G2253,G9724,G9737,G1045,G3258,G9723,G3224,G9722,G9791,59075,G3020,G9695,G3262,G9807,G9772,G2233,GE210,G9805,G9472,G3257,G3068,G9507,G6861,GR062,G7035,G8102,GR068,G3225,G1052,G3413,G9473,G9721,G8168,G9720,G9824,G2265,G3088,G1006,G8152,G8003,GE217,GW410,G2219,G8136,G6925,G9476,G3451,G9362,G2761,G9474,G2745,G8011,GE204,GR075,G8517,G7040,G6907,G9475,G9842,G6550,GE206,GR077,G8101,GW200,G1037,GW216,G1088,G6908,G9792,G2212,G9996,G2144,G9262,G9470,G6906,G3407,G3402,G6918,G9570,G9816,G9471,GH306,G3069,G1053,G9736,G6848,G2257,G2721,G3446,G3107,G3450,G9498,G3010,G8413,G2115,G8535,G6816,G2252,G1001,G2240,G8406,GR044,G6923,G1040,G3241,G9834,G8566,G3410,G2781,GE209,GW208,G8114,G3418,G1093,G3223,G6917,G2238,GE235,G6817,G3406,GR041,GE202,G6856,G2114,G3362,G9506,G1099,G9505,G7021,G9841,G3316,G3426,G8336,G1058,G9814,GE212,G3440,G7057,G2208,G8509,G9477,G6661,GE207,G3314,G9491,G2632,G3354,G3246,GE208,G8540,G6559,G3065,G1021,G1036,GW415,G3221,G8554,G2730,G6551,G3123,G8400,G2145,G8027,GE213,G9829,G6637,G9504,G1070,G9265,G3345,G9478,G3444,G3447,G2791,G2140,G8026,G3449,G9754,G2142,GW206,GR054,GE205,GR073,G9781,G6915,G2241,G2148,GE234,G8353,G3344,G9780,GE236,G6905,G9758,G9710,GW414,GW201,G9501,GW204,GW217,G9577,G8122,G9788,G9500,G3101,G3435,G2209,G9528,G9268,G1008,G3016,G2768,G9264,G2740,G1047,G3339,G3145,G8103,G9568,G9709,GW408,G9738,G1097,G1039,G9756,G8126,GH302,G6562,G9499,G3309,G2244,GE214,G3071,59473,G9489,G3102,G3401,G2772,G3062,G3437,G3156,G9221,G3011,G6916,G8362,GW103,G3138,G9740,G9739,GW218,G8530,G8315,G9705,G3232,G9572,G3311,G9569,G1028,G6919,G2245,G9575,G2736,G8137"
112.50,24.00,0.99,0.90,585,"G8013,GR009,G8084,G8033,G2706,G8333,G8031,G2760,G2624,G2707,G8064,G8100,G8330,G2616,G8079,G8078,G8061,G8077,G8014,G8520,G2615,G8069,G8525,G8073,G8070,G8007,G8030,G2725,G8021,G8075,G2623,G8058,G8076,G8072,G8017,G8506,G8012,G8083,G8036,G8519,G2726,G8019,G8325,G2722,GR059,G8005,G8074,G8324,59270,G8512,GR063,G2625,59075,G8025,G8022,G8010,G8517,G2761,G8020,G8067,G8085,G8071,GR071,G2614,G8029,G8332,G8001,G8011,GR065,G8082,G8323,G8509,GR054,G8336,59271,G8065,G8066,G8051,G8080,G8028,GR068,G8053,G8331,G8023,GR064,GR003,G8326,G2724,G8032,G8406,G8016,G2774,G8555,G8062,G8335,G8413,G2740,G8554,G8201,G8037,G8213,GR044,GR052,G8018,G8328,G2626,G8543,G8190,G8529,G8002,G8003,G2721,G2730,G8322,G8009,G8004,G8518,G8528,G2763,G8057,GR043,G8433,G8513,G2723,G8215,G8514,G8435,G8421,GR066,G8202,G8321,GR069,G8059,G8432,GR058,G8329,G2612,GR057,G8015,G8038,G2604,G8006,G8039,G8337,G8052,G8060,G8400,G2720,G8419,G8205,G8214,GR055,G8200,G2708,G8521,G8289,G8566,G2652,G8191,G8556,G8507,G8334,G8541,G8027,G8526,G8055,G2770,G8404,G8063,G8054,G2701,G8008,G8327,G8427,G8425,G8320,G8199,GR047,G2613,G2611,G6941,GR056,G8132,G2622,G8212,G2653,G8402,GR070,GR005,G8026,G8189,GR048,G2636,G8431,G8056,GR008,GR067,G8523,G8302,G8024,G8313,GR073,G6939,G8081,G8207,G8564,G2764,G8196,G8565,G8307,G8209,GR035,G8217,G2772,G6967,G8437,GR007,G2224,G8208,G8430,G2766,G8418,G8034,G8301,G8304,59280,G8516,G8195,G8104,G2703,G8540,G8316,G8317,GH304,G8177,G2742,G8283,G8420,G2762,G8524,G2771,G8198,GR032,GR051,G8203,G8261,G8035,G8272,G2220,G8306,GR004,G8407,G2765,G2299,G8300,G8192,G8225,G8138,G7008,G8542,G8312,G6942,G8308,GR019,GR034,G8211,GR075,G8243,G8204,G2745,G8116,GR006,G8247,G2656,59276,G6945,G8511,G6937,G2651,G8227,G8206,G2662,G2227,G7000,G8510,G8424,G8469,G2655,G8537,G8423,GR049,GR042,G2658,G2643,GR053,G2757,59074,G2635,GR033,GH305,G8342,G8197,G8240,G7004,GR041,G3409,G8276,G2659,G8221,G8255,G8515,GR030,G8223,G8535,GR012,GR046,G8465,G6944,G8109,G2704,G2601,G8452,G8508,G8538,G2605,G8268,G2741,G8222,G8159,G6943,G2692,G6946,G8315,G8530,G3126,G2702,G2684,G8194,GR040,G8545,GF701,G8429,G8563,G8106,G7010,G2675,G8460,G2705,G7003,G2747,G8193,G8154,G8405,G8338,G8303,G8311,G2210,G8156,G8179,G8134,G6938,G8178,G8219,G8426,GR018,G8287,G2660,GF706,G6947,G3119,G2602,G2733,G8228,G8172,G8401,G1073,G6936,G2715,59071,G3420,G2606,G8216,G8409,G8567,G2634,GR031,GR014,G2716,G2753,G8131,GR029,G8117,G6951,G6948,G1466,G2691,GF700,G8133,G2754,G2298,G2677,GR020,GR013,G8157,G4555,G8155,GR010,G2654,GR011,GR077,G3252,GR036,GR062,G9768,G3417,G3259,G1460,G2674,GR074,G2290,G8411,G9484,G8241,G2291,G8547,G8410,G2687,G8123,G3253,G7011,G2296,G8446,G2781,G8447,G8118,G2680,G6935,G2294,G8130,G3411,G8552,G1026,G1025,G2293,G2791,G6949,G8220,G8107,G3415,59072,G4538,G8408,G6934,G3109,G8416,G8180,G8129,G8428,G8239,G2286,G2646,G8464,G8415,G8442,G2297,G2218,G2767,G2287,G2773,G3352,G8149,G2673,G6956,G2787,G2711,G6953,G2682,G2661,G4540,G2681,G8280,GH300,GR037,G2288,G3416,G8175,G7012,G2688,G2697,G8561,G2644,G8171,G1081,G9832,G6965,G2690,G1027,G8546,G6955,G9769,GR039,GR002,G2607,G9701,G2633,G9737,59088,G8362,G2731,G8128,G9485,G2292,GR050,G3256,G6966,G3426,G8167,G2736,G6952,G9736,G6933,G2777,G8457,G8139,G8347,G8348,G8532,G8536,G3452,GR021,G7017,G8140,G2694,G6954,G8467,GR038,G8353,G8352,G2683,G2768,G2216,G7005,G8500,G8254,G9767,59279,G1043,G3412,GF004,G2295,G8403,G9766,G2285,G3260,G9833,G3419,G9754,G8557,G9703,G6950,G8166,G3262,G8422,G8181,G2695,G7009,GF092,G2289,G8462,G8568,G7015,59284,G2217,G2642,G8141,G7016,G1059,G7001,G9847,G6843,G8282,G1021,GR025,G2738,G9483"
112.50,24.50,0.99,0.90,365,"G8513,G2763,G8521,GR005,G8337,GR008,G2764,G8516,G8421,G8419,G8523,G2708,GR007,GR055,GR048,G8427,GR058,G2762,GR054,G8514,GR047,GR019,G8433,GR051,G8526,G8517,G2742,G8469,GR052,G2761,GR057,GR004,G8425,G8452,G8465,59075,G2765,G8518,G8528,G8432,G8316,G8317,G8511,G2757,G8509,G8519,G8529,G8507,GR049,G8336,G8460,G8423,GR059,G2740,GR006,G8508,GR053,G8506,G8420,G8011,GR018,GR012,G8435,GR020,GR046,G2753,G8338,G8017,G8515,G8430,G8426,GR056,GR014,GR013,59071,G8447,G2766,G8446,GR010,G8512,G8554,G8429,G8525,G8442,G8030,59072,G2741,G8520,GR011,G8406,G8012,G8431,G2733,G8510,G8524,G8424,G8464,G8564,GR021,G8418,G8428,G8457,GR068,G8413,G8411,GR044,G8402,G8467,GR063,G8404,G8410,59074,G2730,GR050,G2760,G2767,G2706,G2707,G8462,G8029,G8031,G8468,G8443,G8409,G8021,G2770,G8422,GR003,G2615,GF706,G2725,G8407,G8401,G2721,G8500,G8325,G8028,G8330,G8416,G2752,G2731,G8403,G8415,G8003,G8448,G8542,G8458,G4555,G8543,G8405,GR022,G2774,G8445,G8501,GF701,GR009,G2614,G8400,G8408,GR016,G2751,G8013,G8333,G8324,GR035,G4540,G8449,GF700,G2750,G2616,G4538,GR002,GF705,G8565,G8007,G8010,G8563,G8502,G8441,G8454,GR017,G8503,G8453,G8033,G8555,G1466,G8014,G8027,G8566,G8444,G8084,G2756,G8009,G8455,G1460,G8064,GR015,G8463,G8504,G8332,G8537,G8545,G2624,G8505,G4545,G4556,G2771,G8037,G8450,G8018,GR023,G8026,59270,G8061,G8100,G2724,GR043,G4542,G4543,G2772,G8079,GR034,G8025,G8078,GR073,GF092,G2747,G2722,G8022,G8032,G8077,GR042,GF004,G8069,G8008,G4547,G4544,G4407,G2612,G8039,G8070,G8456,G8073,G8440,G8038,G1464,G8326,G8036,G8015,G8004,G4549,G2726,G8541,G8538,G8323,GR064,G4554,G8023,G2623,G8075,GR071,G2758,G8072,G8076,G8005,G8540,G8020,GF099,G8556,G8547,G8058,G8019,G8451,G8002,GF702,G8016,G8001,G4535,G8331,G1462,G2723,G8342,GR065,G8561,G8329,G4557,G8074,G8083,G1426,G4567,59081,G8328,G1414,G8567,GF209,G2625,G9880,G4536,G8568,G8071,G1410,G4548,G8132,G1415,G4534,GF098,G2777,G4566,G4614,G8335,G8067,G8085,G2636,G8348,G8347,G8532,G4563,GF707,GF704,G4541,GR069,GR075,G2745,G1458,G8051,GR040,G8080,G8082,G4564,G8548,G8322,G4601,G1403,G4619,59271,G8065,G8533,GR074,G8066,G8315,G8530,G4551,G8201,G8053,G4546,GR036,G8006,G8213,G9881,G8327,GF208,G8307,GR041,G8546,59088,G9884,G2701,G4553,G8321,G2611,GF096,G4401,GF007,G8190,G4550"
112.50,25.00,0.99,0.90,280,"G8458,G2751,G8454,G8468,G2750,GR022,G8455,G8441,G8443,G8445,GR021,GR023,G8442,G8444,G8457,G8449,G8450,G2752,G8467,G8448,GR015,G8447,G8456,59072,G8462,GR016,GR020,G8463,G8446,G2756,G2753,GR017,G8464,G8460,GR018,G8440,GR050,G8453,G8452,GR013,G8428,GR010,G8465,G8422,GR014,G2758,G8469,G8338,G8451,G8426,59071,G2757,GR011,G8508,G2767,GR049,G8500,GR019,G8501,GR012,G8511,G8423,G8411,GR046,GR053,G8516,G2762,GR051,G8403,G8515,G8410,G2733,G8429,GR004,G8502,G8503,G2765,G2764,G2742,GR007,G8504,GR006,GR005,G4564,G2731,GR008,G4545,G8505,G2741,G8523,G8317,G8316,GR048,GF209,G4542,G4566,GF208,G4543,G8416,G8415,G8427,G4567,G8420,G8521,GF705,GR047,G8337,G2708,G4649,G4544,G8409,G8526,GR055,G8419,G8510,G8425,G1458,G8424,G8513,G4601,G2763,GF098,G1410,G4563,G4536,GR058,GF096,G8421,GF706,G8430,G8401,GF097,G8408,G4548,G4540,G1470,59074,G1414,G1462,G2766,G1415,GF099,G8514,G8507,GR002,G1464,GR057,G4555,G8433,G4518,G8432,G8524,GF207,G9880,G1413,GR056,G8528,G8518,G4538,GR052,G4556,G8418,GF702,G1412,G8405,G4549,GR054,G8431,G8529,G4516,G8564,G8435,GF701,GF700,G4547,G4648,G2740,G8509,G4554,G8517,G8407,G2761,G8336,G8402,GF095,G4546,59075,G4562,GF707,GF210,G8404,G8011,G4565,G8542,G4519,G8519,G1472,GF092,G8554,G4557,G1466,GR059,G1460,59081,G8563,G4606,GF204,G4600,G8506,G4407,G4535,G1454,GF200,G8406,G4534,G2770,G4608,GF211,G4553,G8017,57988,G4604,G1411,GF004,G4517,G4552,G4663,G8413,G8512,G1456,GR044,G4602,G2730,G4561,GR068,GF704,G4569,G9881,GF703,G8012,G1471,G4551,G8030,G8525,G4550,GR035,GF203,G8520,G9883,G4609,G4541,G1463,G9884,G2721,GR063,G8545,G8029,GR003,G4560,GF202,GF000,GF212,G8565,GF205,GF201,G1404,G8003,G8400,G8537,GF206,G4605,G4402,G8028,G4568,G8543,G1403,G2747,G4607,G1461,GF003"
112.50,25.50,1.00,0.90,143,"G8456,GR023,G4564,G8451,G8450,G2758,G8455,GF208,G8440,G8454,G4649,G8441,G8444,G2750,GR015,G2751,G8463,G8458,GF207,G2756,GR022,G8449,G1470,GF097,G8445,G4566,GR017,GF096,G8468,GF209,G4648,GR016,G8453,G4601,G8443,G8448,G2752,G1458,G4518,G4600,G4606,GF211,G4565,GF210,G1413,G4567,GR021,G1472,G8457,G8462,G4563,G8467,G8442,GF098,G1471,G1412,G1410,59072,G4536,G8422,G8447,GF212,G4516,GR050,G4548,G8446,G4561,G8504,G8464,G4545,G1415,GR020,G8505,G8501,G8428,GF204,G8503,G4542,G2753,G8502,G4543,G1414,G4519,GF095,GR010,G8500,GR013,G4562,GR018,G2767,G8460,GR014,G1462,G8403,G4544,GR011,G8452,G9880,59071,G8465,G8338,G8426,GF206,GF099,GF205,G8411,G4560,G4609,G8469,G2731,G8508,G8410,G2757,G4602,GF200,G1456,GF203,G4663,GR012,GR049,G1464,G4604,G2733,GF705,GR046,G4608,G4546,57988,G8423,G1454,G8429,GR053,GR019,G8511,G8515,G8416,G8415,GF702,GR051,G2762,G8516,G4517,G1411"
113.00,21.50,0.97,0.90,221,"G6710,G6503,59672,G6618,G6709,G6590,59673,G6704,G6708,G6591,G6608,G6707,G6703,G2186,G2154,G2187,G6526,G2122,G6529,G2158,G1214,G6521,G2153,G1203,59682,G1286,G6522,G2157,G1235,G1234,G6613,G2182,G3999,G3985,G3984,G3982,G3983,G6607,G6773,G6520,G6771,G1207,G1274,G1208,G1225,G6772,G6615,G6612,G2181,G2106,G1293,G1241,G6611,G2185,G1273,G2188,G1222,G3990,G2180,G6770,G1269,G1205,G2105,G6603,G6701,G6705,G6527,G6592,G2111,G2191,G2152,G3951,G3993,G3966,G3968,G1218,G1254,G1202,G1297,G3986,G6523,G1278,G6605,G2108,G3962,GJ505,GJ106,G1268,G3958,G1299,G2184,G1210,G1298,G2193,G2359,G2360,G6698,GQ012,G3950,G1290,G6525,G1289,GJ202,G1260,G1220,G1224,G3954,G1256,G6774,G3957,G6706,G6702,G6528,G1258,G2190,G6505,G2321,G1292,G2320,G3967,G1250,G3963,59478,G2120,G1217,G3987,G1232,G6646,G2150,G1295,59487,G2134,GJ100,G1253,G1252,G6653,G1240,G3960,G3980,G1238,G3964,G1280,GJ108,GJ101,G1206,G3965,G3952,G1255,G7311,G3953,G6722,G2156,GJ102,G2174,G2037,G1259,G6606,G1226,G2151,G3994,G1230,G3956,G2112,G2031,G2160,G3955,GJ103,GJ107,G6535,G1251,G6624,G3989,GJ104,G1265,G2138,G6655,G6500,G6524,G2084,G6593,G1261,G6604,G1221,G2070,G3969,G3995,G2133,G3961,GQ051,G6513,G1264,G2085,GJ105,G2036,G2017,G3996,G6518,G6539,GQ010,G6512,G1212,G1276,G6536,GQ009,G3988,G6720,G6643,G2003,G6538,G2183,G2338,G3959,G2170,G2058,GQ019,G6533,G2083,G3991,G6724,GJ500,G6546"
113.00,22.00,0.97,0.90,666,"G2158,G6771,G6607,G2187,G6772,G6615,G2186,G2181,G6703,G6707,G6529,G1225,G2182,G6770,G3982,G3983,G6613,G1235,G1234,G1208,G6608,G6708,G6704,G2191,G2111,G3999,G1269,G6521,G6603,G6773,G1274,G3966,G1202,G1241,GJ106,G6605,G3985,G3984,G6612,G1207,G1268,G1203,G2152,G1254,G1214,G6698,G2193,G3986,G3958,G3993,G2106,G2153,G3968,G2190,G6706,G6702,G1286,59682,G1293,G1278,G3954,G3951,G1290,G6525,G3990,G2134,G3957,G2120,GJ100,G1260,G3962,G6774,G3967,G2150,G2184,GJ101,GJ108,G1273,G3950,GJ102,G1253,59478,G6722,G1297,G6590,G2122,G1289,G6709,GJ103,G3963,GJ107,G2188,59673,G2112,G3965,G1250,G1222,GJ104,G2138,G1298,G6500,G1258,G6618,59672,G1255,G1210,G1218,G3964,G1205,59487,G6593,G6523,G1299,G6520,G1251,G3955,GJ105,G1265,G6604,G2133,G3952,G6606,G1256,G1220,G3956,G3987,G3960,G6720,G1264,G6518,G1259,G6724,G3989,G3969,G6546,G1252,G3953,G2151,G1261,G3961,G6524,GJ505,G2031,G6505,G3988,G1240,G2183,G2108,G2155,G2132,G6517,G6558,G3959,G2070,G6610,G2110,G1263,G2157,G1257,G1295,G1238,G6591,G1206,G2130,G1232,G3980,G2037,G2017,G6536,G1224,G1262,G2180,G6554,G2198,G6710,G6503,GJ500,G2058,G2084,G6723,G6721,GJ501,G2036,G2060,G2103,G1217,G2137,G6509,G2194,G6522,G6533,G6624,G6549,G2131,G6534,G2085,G6530,G2192,G6207,G1230,G6609,G1292,G6208,G6501,G3994,G6538,G6204,G2197,G2083,G2174,G6557,G2046,G2077,G1226,G1280,G6539,G2003,G2102,G2018,G2136,G2170,G2176,59475,G6502,G2154,G2173,G2076,G2135,G2054,G2088,G2010,G1221,G2086,G6660,G3995,G6556,G6560,59476,G6701,G6705,G2019,G6537,G2127,G6548,G2105,G2039,GJ502,G3991,G6532,G2196,G2171,G6555,G3996,G6528,G6526,G1212,G2053,G2177,G6535,G6214,G2081,G1272,G2035,G6201,G6592,G1237,G2087,G1271,G2068,G2057,G6542,G6203,G2029,G1276,G2147,G2156,G2101,G2104,G6653,G2002,G2141,G6697,G2195,GJ202,G2038,G2004,G2067,G1215,G2063,G2020,G1233,G6646,G2123,G6513,G1270,G2024,G3992,G3970,G2050,59488,G2143,G1209,G2178,G3981,G6540,G2075,G6511,G3997,GJ503,GJ507,G2027,G2030,GJ203,G6217,59485,G6552,G6512,G3971,G4005,G6212,G6657,G2125,G3972,G1228,G1223,G2064,G6611,G1236,G6213,G2166,G2007,G6527,G6543,G1283,G6544,G2065,G6638,G6553,G2172,G2047,G2162,G2042,GJ205,G2160,G2118,G6626,G2129,G2009,GQ012,G2025,GJ204,G2026,G1204,G2185,G6623,G6508,G6507,G2128,G3998,G6644,G2021,G3973,G2080,G6510,G6205,G1244,G2146,G1285,G6215,G6656,G1243,G2051,G2117,G1282,G2124,G6647,G2062,G2028,G6541,G2059,G2055,G6655,G6504,G2078,G6643,G6211,G2165,G6515,G1229,G6700,G6745,G6519,G6200,G2321,G2011,G2109,G3974,G6747,G2016,G1227,G2079,G6216,G2164,G2034,G2126,G6649,G6620,G2005,G2089,G1211,G2001,G6514,G2082,G2167,G3975,G6218,GE232,G6506,G2094,G2116,G2096,GE231,G2145,G2008,G2069,G6641,G3976,G2071,G1294,G6648,G6910,G6652,G2043,G2327,GQ019,G2044,G2140,G2359,G2061,59473,G6562,G2142,G6625,G6642,G2074,G2015,G2237,G2052,GE233,G2360,G6551,G2023,G6911,G3977,G2012,G2115,G2212,G3978,G2033,G2163,G6209,G2092,G7040,GE228,G6564,G6202,59477,G2006,G2099,G2107,G2090,G2320,G6622,G2032,G6659,G6559,G2091,G2013,GQ051,GE227,G2073,G6550,G2045,G3979,G2144,GJ206,G7311,G1277,G2014,G2022,G7038,GJ200,G6661,G7025,G6531,G7021,G2148,GE229,G2236,G6210,G2066,G3011,G6621,G2161,GW201,G2235,GJ504,G2246,G2040,G2175,G2114,G2168,G2049,GE230,GE225,GJ506,G6920,GE215,G6699,GE226,G2257,G1090,G2241,G9718,G6640,G6913,G6856,GE303,G7022,G7057,GE223,G2093,G3211,G7043,G2243,GQ010,G2056,G6901,G9552,G6919,GE237,G2113,G2048,G7044,G6904,G2072,G2041,G7026,GE208,G1078,G2265,G2322,G6861,G7030,GQ009,G9521,G2215,GE211,59490,G7045,G9574,G6650,G9818,G9267,GJ201,G7055,GW207,G3142,G6658,GE222,G3205,GE302,GE224,G6637,G3206,GE209,GE221,G2239,G6907,G6516,G1017,59480,G2242,G3209,GW200,G6818,G6645,G1191,GE212,GE236,G3111,G7321,G2266,GE307,G9261,G2338,G6926,G2231,G6906,G6219,G2208,G7029,G2318,G9363,G3207,GQ039,GW208,GE210,G3060,G1055,G6819,GE322,GE201,G3239,G3110,G6930,G6905,G6900,GE214,G7036,GA005,GW202,GE101,G6927,G2230,GE306,G6912,G6823,G9535,G7033,G7027,G7049,G9523,G3065,G7035,G3202,G9524,GE325,G6902,G9517,GE309,G1016,G1049,G3013,GE324,GE238,GE234,G9360,GW210,G7054,G9748,G6924,G6864,G9268,G9522,GE305,G6824,G3137,G6931,G6651,G9551,GE310,GE235,G6903,G7041,G3204"
113.00,22.50,0.98,0.90,1619,"G2192,59476,G6560,G2137,G2197,G6554,G2194,G2135,G2130,G6555,G2195,G2103,G6558,G2127,G6542,G2101,G6540,G2141,G6556,G2132,G6724,G2125,G6546,G6720,G6543,G2136,GJ105,G2198,G2129,G2143,G6544,G6517,G2131,G6721,G2196,G6552,G2138,G6500,G2128,GJ104,G6541,G2110,G2133,GJ107,GJ103,G2123,G6593,G6697,G6557,G2057,G2102,G6700,G2064,G1257,GJ102,G2155,G2126,G2124,G6604,G6660,G6548,G6518,GJ101,GJ108,G6723,G6553,G6722,G2021,G2055,G2039,G2117,G2104,G2116,G6501,G6610,GJ100,G2134,G6609,G2020,G2147,G6216,59473,G2112,G6562,G2146,G6549,G1264,G6910,G1263,G6212,G2046,G2142,G1265,GE231,G2047,GJ502,G2120,G2190,GE232,G2079,G6551,G2150,G3988,GE233,G2183,G2078,G2019,G2171,G2118,G2075,G2237,G1251,G2063,G6559,G3959,G6706,G6702,G6205,G6638,G2059,G2115,GE227,G1262,G6217,G2067,G2060,G6661,G3955,G2144,G2148,G6207,G2002,G2088,GE228,G6550,G3969,G3965,G2069,G6534,G2011,G6698,G6911,G2001,G6215,G2087,G3967,G1253,GJ503,G2212,G2235,G2193,G6201,G2033,G2018,G3961,G3954,GE229,G2257,G2034,GJ106,G1255,G2145,G2082,G2241,G6856,G6530,G2012,G7057,G6507,G6508,G1268,G6202,GJ507,59478,G6509,GE230,G6920,GJ500,G2024,G2246,G2007,G6605,G3957,G7038,G2113,G2177,G2076,G6536,G1261,G7040,G2029,G6774,G6214,G2265,G6606,G6861,G3956,59475,GE208,G3958,G2236,G7025,G6919,GJ501,G3964,G3989,G2058,G2191,G2013,G2061,G6209,GE215,G6524,G6525,59485,G1260,G1290,GE237,GE209,G2030,G6907,G1202,G3952,GE226,GE225,G2065,G6818,G2017,G2009,G7043,G2015,G2070,G3966,G2062,G6203,G2016,G6904,GE212,G2111,G3963,GE223,G6906,G7022,GE236,GE211,G2239,G6770,G2215,G2040,G2004,GE210,G6819,G2208,G6532,G2140,G6208,G3986,G2025,G6901,G6930,G2014,G6213,G2044,G1254,G6502,G2090,G2035,G7036,G1259,G6913,59487,G2178,G6905,59480,GE101,G6823,G2054,G1250,G6533,G6211,G1269,G2080,GE214,G7026,G2096,G6204,G6864,G6623,G2031,G2032,G7033,G6931,GE222,GE221,G1278,G6824,G2068,G2152,G6863,G6603,G6537,G2151,G3993,G6845,G2243,GE201,GE234,G2094,G3953,GE235,G2181,G2026,GE316,G7055,GE309,G7041,G2242,G6902,G6772,G3950,G6615,G6908,G2056,GE315,G6926,G2230,G2172,G3968,G7027,GE224,G3962,G2036,G3960,G2010,GE324,G6900,G2184,GE310,G2022,GE312,G7045,G6917,G2263,GE205,GE218,G2077,G2092,G6903,G2244,G6925,G7024,G2266,G2176,G1258,GE311,GE325,G2081,G2027,GE238,G2258,G6771,G7069,G1289,G2099,G6927,G3987,G2226,GE303,G2231,G2008,G6868,G1225,G2084,G6218,G6811,G6607,G2072,G6506,G7048,G6924,G6822,G7049,G2083,G9523,G2050,GE217,GE239,GE219,G6820,G7032,GE216,G7044,G2238,G3951,G2071,G7021,G2264,GE028,GE322,G2091,G3111,G1049,GE307,G2173,GE308,G2093,G1252,G2041,G6538,GE320,GE220,G6504,G1208,G6912,G2006,GE020,G6626,G6620,G2051,G3142,GE314,G2038,G2042,GE240,G2232,GE302,G2207,G1241,GE317,G7019,G2114,G6909,G7042,G3982,G3983,G7030,G6915,GE027,G7068,G2085,G6821,G3134,G2086,G3117,G2053,G7029,G6805,G1256,G1298,G2037,G3137,G3110,G2225,GE321,G6803,GE323,G2028,GE204,GE202,G2202,G7053,G9517,G9524,G2245,G2003,G6804,G1206,G2023,G1240,G2234,G3209,G2170,G2005,G1220,G6808,GE319,G6809,G1016,GW201,GE029,G1210,G2048,G1237,GE318,G6539,G1283,G1297,G6807,G7039,G6612,G2066,G6200,G1274,GE313,G3112,GE015,G9543,G9746,G6923,G6806,G6624,G1238,G3200,G6622,G2043,G3206,GE019,GE026,GE013,GE014,G6827,G1069,G6773,GE213,G6929,G3011,GE306,G2182,G2233,GE301,GE012,G6625,G6916,G6801,G2106,G6810,G2089,G3980,G3990,G2228,G2045,G6814,G2209,GE016,G2049,G6613,G7037,GJ205,G9544,G1223,G9546,G2205,G9545,GE011,G1244,G1055,G3999,GE018,G3156,G2204,G6656,G2222,G6511,G1207,GE017,G1295,GE203,G6918,GJ204,G2158,GE025,G1299,G3347,GE207,G1234,G1235,G2201,G2052,GE032,GE030,GE031,G1232,G6505,GE001,GE005,G1092,G3205,G1293,G2253,GE006,G2107,G7020,G3207,G3204,G8279,GE002,G6812,G7023,G2255,GA005,GE024,G3131,G7054,G3324,G1285,GE206,G6802,G3132,G1204,G1078,G8242,G2074,GE009,G7046,GE008,G7050,G3991,G6826,G1271,G6851,GE003,G6210,G1087,G1090,G8259,G6523,G6849,G6817,G1273,G3985,G3984,GE004,GW200,G1218,G1272,G9518,GA006,G2165,G6848,G2221,G9541,G9547,GE023,G6855,GE010,G1270,G6964,G8258,G9819,G1086,G2274,GE007,G1070,G7034,G6800,G3239,G1233,G6529,GE304,GE021,G9551,G1089,G3141,G9552,G2166,G9710,G1015,G3108,G2256,G6521,G1230,G9548,G2252,G1282,G7028,G2254,G2260,GE022,G2259,G4005,G2223,G2270,G2271,G6847,G3995,G6637,G8245,G9522,G1048,GE305,G3145,G1243,G8273,G7031,G7058,G6644,G1056,G1221,G8265,G9747,G2240,G3994,G1212,59481,59488,G6813,G7035,G8231,GJ506,G8233,G3213,G3996,G3202,G1236,G1227,G2219,G3113,G2073,G6844,G3998,G2188,G1217,G1215,GW208,G3211,G2109,G3203,G3997,G3128,G1017,G1226,G6825,G2174,G2187,G3135,G9807,G9574,G6816,G1222,G1228,G3129,G3121,G6865,G6835,G7056,G6963,G2267,G9575,G9718,G1000,G6860,G1203,GJ203,G8248,G1229,G1224,G1088,G3308,G3120,G1211,GJ505,G1294,G2273,G9573,GA038,G1077,G9521,G3107,G2214,G3992,G3130,G9793,G1047,G1205,G2186,G1209,G2175,G3210,G3218,G2272,G6866,G9549,G6833,G9837,G1214,G2153,G9792,G3065,G1054,G1276,G3133,G2664,G2108,G6510,G9818,G6867,G8264,G6657,G9510,G9717,G9806,G1286,G6641,G3201,G2211,G1071,G6707,G6703,G1280,G3249,G3237,59682,G8253,G8262,G3970,G3118,G9533,G2665,G3138,G9508,G3981,G8277,G2281,GW209,G9550,G3444,G1072,G8234,GJ504,G9267,G9805,G9532,G9838,G9765,G3971,G9498,G6828,G6836,G2261,G3972,G9804,G6838,G9519,G8269,G2162,G7061,G6958,G9791,G8281,G3451,G9509,G9779,G3447,G3244,G3208,G9477,G9803,G9503,G3212,G9534,G9789,G1097,G1091,G6853,G2280,G9540,G6608,G9535,G9839,G2164,G3220,G9268,G3450,G1292,G6535,G9802,G7062,G3973,G8238,G6708,G6704,G9749,59288,G9520,G9474,G9748,G6837,G6834,GW212,G9726,G9501,G5967,G3443,G8263,G8250,G3115,G9788,G9840,G8274,G6957,G6852,G9472,G6531,G9500,G3101,G3435,G9473,G6842,G3157,G9794,G3225,G8246,G9797,G7065,G1967,G9800,G9801,G3069,G9576,G3140,G9475,G3339,G9471,G9745,G1039,G9363,G3410,G3449,G1033,G6515,G2663,G3125,G9361,G3242,G8244,G9539,G6962,G1019,G1093,G3223,G9470,G6513,G9476,G6832,G6747,G9799,G6621,G7018,G1966,G6960,G6142,G6088,G6219,G3236,G5951,G3310,G9796,G3402,G3155,G7014,G1045,G6520,G9597,G9798,G7006,G6961,G8230,G6841,G6512,G6647,G3330,G9708,G8224,G3015,G3060,G3974,G3345,G9499,G7059,G9478,G3309,G1044,G8285,G6850,G6839,G6959,G1018,G3344,G9824,G7060,G7064,G5952,G9588,G9706,G9795,G1037,G9590,G5949,G3314,G2217,G3316,G9825,G7009,G8226,G6075,G9505,G3224,G9360,G3222,G7013,G3139,G9515,59278,GW216,G1989,G1997,G1053,G6143,G9996,G6056,G6858,G8260,G7015,G3975,G7016,G1094,G1030,G3442,G3102,G2276,G9506,G3136,G3066,G9587,G8256,G9771,G3448,G3302,G3114,G1919,G1901,G2156,G9722,G3976,G9504,G1001,G3062,G2683,G1904,G2285,G3241,G8278,G2289,G3190,G9834,G2180,G2279,G5950,G3362,G6862,59279,G6514,G7001,G7066,G6097,G9491,G7017,G2206,G3219,G6843,G6830,G1009,G6857,G2122,G3221,G9709,G8270,G9261,G8257,G2163,G9778,G9714,G9772,G9489,G1034,G2690,G6055,G6840,G9554,G1926,G6053,G6955,G9502,G8267,G9720,G2670,G6072,G7067,G9725,G3614,G3977,G2688,G2248,G6966,G6965,G6954,G6126,G9527,G1032,G3978,G6519,G9264,G3158,G8275,G9815,G9262,G6956,G6130,G9507,G9782,G1051,G2607,59490,GW218,GW207,G6129,G7002,GW214,G1136,G2247,G9770,G6933,G1985,G2693,G9829,G9487,G6151,G1003,G6112,G2682,G6653,G9777,G5968,G3063,G6152,G6699,G2689,G6950,G6528,G1099,G2667,G6745,G1031,G2268,G3454,G2168,G8271,G6952,G3526,G7063,G1046,G0903,G9723,G6003,G9577,G9835,G2679,G9525,G0902,G1152,G8232,G3238,G9265,G6128,G2666,G2287,G2251,G9559,G6059,G6953,G1947,GW210,G6087,G9526,G6071,G2698,G9570,G6008,G1996,G6831,G6153,G3680,G6564,59477,G6650,G8249,G3013,G3979,G9721,G2288,G6642,G2676,G3010,G9742,G3746,G6031,G8220,GW213,GA003,G1139,G1277,G6649,G3068,G6058,G3734,G6018,G9773,G3681,G3636,G3704,G6100,G3403,G3254,G6646,G2699,G1191,G6019,G1095,G5946,G9713,G2286,G6054,G9828,G3012,G7005,G1036,G2681,G9260,G3001,G2671,G9724,G3407,G2297,G1907,G9589,G3688,G9362,G3228,G1929,G2216,G3312,G6127,G2672,G2282,G7012,G9582,GW202,G2249,G2695,G5947,G1911,G2687,G6643,G9711,G3663,G1151,G3067,G5948,G2694,G2295,G2275,G1975,G3575,G1964,59470,G2160,G1145,G3404,G3311,G5966,G1982,G9712,G1079,G2157,G6590,G2673,G6934,G3781,G6829,G6032,G3235,G3643,G8251,G3768,G2291,G2292,G2654,G7011,G2680,G6516,G8252,G2218,G1915,G9813,G6859,G3250,G6002,G9567,G3557,GJ202,G6099,59673,G1935,G9844,G3715,G3227,G1956,G2696,G3671,G9514,G1945,GA007,G3699,G3329,GW211,G3452,G2697,G8236,G2290,G6709,G3556,G2674,G1010,G8229,G3346,G2677,G6049,G9580,G3232,G1189,G9579,G9586,GA014,G6123,G8235,G6640,G3664,G1014,G6000,G3161,G9845,M9988,G6935,G2296,G8216,G1197,G6949,G1196,G1960,G2686,G1153,G9563,G3061,G6705,G6701,G6655,M0003,G3327,G2250,G6057,G9842,G6060,G3650,G3733,G3017,G3759,G5940,G9488,M0004,G6007,G2602,G2105,GW206,G8287,G6648,G3226,G3521,G8219,G6951,G3550,G3717,G9513,G1179,G3619,G6618,59672,G1002,G9841,G1933,G3256,G3714,G6084,G6001,G2294,G1970,GW215,G2606,G3692,GA018,G9775,G3231,59289,G2668,G3405,G6017,G1011,G2167,G8193,G6522,G3697,GA008,G3765,G3255,G3718,G3006,G3682,G1008,G6120,G1043,G3446,G9591,G6089,G3702,G1131,G1971,G9565,G3332,G6592,G6048,G1132,GW217,59287,G9528,G1983,G3530,G3785,G6948,G8194,G6132,59486,G8254,G3502,G3016,G1142,G3618,G1062,G3018,G3585,G3790,G3583,G6659,G8284,G6163,G2298,G3546,G2293,GA015,GA009,G3728,G6162,G6050,GA024,G6938,G1931,G3756,G3555,G5969,G9566,G3568,G8222,G3253,G1193,G3438,G1922,G9846,G3784,G3531,G6052,G1006,G6651,G6652,G8239,G2210,G2327,G6046,GJ206,G3540,GW203,G6591,G5955,G3233,G2161,G8223,G9578,G1183,G5954,G3738,GA010,G3647,G3703,G3005,G2691,G1143,G3694,GJ200,G5953,G8221,G1924,G3162,G7003,GW204,G5956,G1195,G3412,G9847,G9780,G6947,G2659,G9564,G6051,G6085,G3529,G3548,G1909,G9715,G6936,G8197,G9571,GA004,GA012,G1932,G1176,G2601,G3234,G3503,G3569,G3252,G3641,G6092,G1042,GS010,G3146,G2675,GA016,G3675,G3027,G6045,G3720,GA021,G1920,G9209,G1156,G9694,G9774,GA019,G6044,GS014,G9572,G2658,GQ012,G6041,G1170,GS011,G1978,G3635,G5965,G1187,G2655,G3406,GQ019,GS012,GA011,G1918,G6010,G6946,GA023,G1923,GA013,G3617,G1921,G9817,GS009,G3064,G3532,GJ201,G9848,G6658,G2692,G5958,G1026,G1052,G1936,G6645,GA022,G6944,G3119,G3686,G8280,GS013,G3515,G3104,G9833,G8206,GW205,G7010,GS007,GS015,GA020,G3727,G3561,G3240,GA017,G9482,G6047,G1944,G3152,GA027,G3504,G3757"
113.00,23.00,0.98,0.90,1843,"G3200,GE018,GE017,G2225,GE026,G6808,GE027,G6809,G6821,G6929,G6802,G6801,G6812,G6849,G2202,G6810,G6826,G6851,GE005,G2264,GE006,GE020,G6811,GE019,GE025,GE008,GE028,G6807,G6803,GE007,G6827,GE009,G7058,G6868,G2204,G6820,G6814,G2270,G2226,G7068,G2271,G6844,G2263,G2221,GE014,GE011,GE010,GE240,GE024,GE012,G2255,G7069,GE013,G2267,GE023,G6804,GE015,G2254,G2273,GE022,G6845,G6800,GE218,G6863,G6866,GE001,G2201,G6864,GE219,GE029,G6865,G2234,G6931,GE220,GE016,GE031,GE030,GE032,G6909,GE002,G6867,G2258,G6813,G6833,GE004,G2223,G6806,GE021,G6838,G6822,G6819,GE003,G6805,G6964,G6824,G2228,G7061,G6835,G6925,G6855,GE210,G6930,GE217,G2256,G6847,G2259,G6825,G6908,G2222,G7062,G2260,G7048,G6963,G2280,59288,G7037,G6860,G6828,GE308,G2261,GE316,G6906,G2233,G6907,GE204,G7065,G7036,G6818,GE235,G6853,G6842,G6917,G2253,GE317,G6832,G7046,GE209,G6861,G2265,G2238,G7041,G6823,G2208,GE212,G2274,G7053,GE314,GE315,G6958,G9573,G6957,G6839,G6836,G2205,G2272,GE101,G7014,G7064,G7059,G2113,GE208,GE202,GE312,G6923,G6850,G6960,G6918,G6834,GE206,G8231,GE205,GE234,G6856,G6905,G7057,GE236,G7018,G7006,G7060,G6841,G2211,G2257,GE311,G7042,G7013,G6961,G2281,G6959,G2241,G7033,G2276,G6915,GE214,G6848,G9807,G6862,G6852,G2244,GE213,G6837,G9793,G7016,G2219,G9806,G6817,GE207,G2279,G7001,G6843,G2289,G8269,G7015,GE309,G9804,G2665,G3310,G2252,G6962,G6840,G7066,G2148,G6661,G3237,G3249,G2285,G2239,G6919,G7067,G2217,GE310,G2240,G9802,G1088,G6902,59279,G9803,GE313,G7020,G7009,G7002,G6858,G6830,G2209,G6816,G1070,G9706,G9797,G6954,G6559,G6950,G9805,G3107,G9796,G7024,GE324,G9792,G9791,G2235,G6933,G9800,G2248,G6916,G7063,G2206,G9726,G6966,G2245,G2268,G7017,G6952,G9576,G3156,G6903,G2144,G9539,G9801,GE318,G9710,G8264,G3236,G9794,G7019,G1033,G1094,G6965,G6920,G3451,GE237,GE239,GE227,G9588,G6955,G1044,G2251,G3157,GE201,G9799,G2288,G6953,G9498,G2247,G9472,G6857,G9798,G3145,G3222,G8281,G3225,G9587,G3254,59473,G9473,G6562,G6550,G9795,G9474,G7005,G2287,GE211,G6551,G7027,G8245,GE321,GE216,G2216,GE230,GE203,59480,G9708,G3450,G1045,G2230,G2215,GE229,G2297,G2286,G7012,G9475,G2142,G9487,G6904,G9476,G9825,G2295,G6831,G1047,G3444,G9471,G9477,G9515,GE238,G2116,G3117,GE233,G9470,G2292,G6956,G6934,G9824,G9771,G9778,G3224,G3108,G2282,G2218,G3447,G2232,G6829,G3410,G3402,G9815,G1046,G2246,G2690,G7043,G6900,GE325,GE228,G9575,G1093,G8253,G3324,G3223,G8220,G1000,G2275,G1037,G2683,G3219,G7032,G6910,G9722,G3347,G7011,G7023,G1092,G1009,G3452,G8265,G1051,G2249,G2291,G2237,G3138,G9996,GE221,G2115,G9589,G3134,G1053,G1097,G9501,G6859,G3449,G9782,G3404,G2290,GE323,G9777,G6924,G6949,G6935,GE223,G9788,G2296,G6926,GE215,G9772,G9746,G2126,G3316,G9500,G3435,G3101,G3129,G9725,G2688,G9770,G6901,G8263,G3403,G9505,G3314,G3345,G9478,G3339,GE226,GE320,GE231,G1001,G9720,G9506,G1039,G7022,G2294,G2250,G3241,GE222,G9567,G7038,G8279,G9834,G9507,G3256,G3344,G3218,G2677,G1069,G6927,G9742,G1095,G9723,G8277,G9508,G2242,G3362,G6951,G9844,G2682,G9499,G9845,G3309,G9488,GE225,G3443,G2236,G8250,59481,G6911,G3220,G9504,G9491,G9773,G7026,G2654,G1087,G2207,G1043,G8258,G6948,G3221,G7025,GE232,G1010,G1015,G7049,G2602,G9721,G9813,G9523,GE319,G6700,G2298,G3255,G2033,G2293,G2212,G1049,G6541,G3102,G2607,G9570,G7055,G9590,G9724,G3253,G3346,G1099,G3128,G1071,G3330,G2266,G6938,G6202,G3155,G3242,G9541,G8287,GE224,G9709,G2687,G9829,G6913,G8219,G2210,G9543,G2231,G9489,G8216,G8234,G3407,G2664,G6947,G9544,G6936,G6216,G7003,G8233,G9745,G3442,G3252,G8244,G9577,G9846,G2129,G3130,G3141,G9518,G9563,G2012,G8193,G3125,G9566,G1011,G3412,G9510,G1014,G2128,G8259,G1036,G3448,G3112,G2013,G6912,G7040,G6543,G2040,GE322,G2069,G9747,G9847,G2124,G3405,G3302,G9779,G1030,G9547,G6946,G2601,G2243,G3119,G7045,G9571,G2055,G2125,G3137,G9548,G1026,G1034,G8194,G8222,G2079,G6544,G7010,G8274,G0902,G3454,G0903,G9835,G9714,G3190,G1042,G7039,G6944,G3238,G9565,GA006,G9842,G3438,G2056,G6540,G9715,G2117,G8248,G8221,G9564,G6209,GE307,G9833,G3131,G3136,G8223,G3111,G9527,G2680,G2001,G1054,G3311,G1018,G3135,G2021,G2014,G2681,G9517,G3104,G8226,G2145,G9554,G9841,G2674,G6943,G3446,G9582,G8238,G2195,G2606,G9545,G3228,G9789,G1032,G6552,G8197,G9524,G3411,G6945,G3420,G7004,G9848,G2143,G9828,G3159,G1016,G8242,G9526,G2655,G9482,G2659,G2141,G3140,G3232,G8257,G1006,G2227,G2101,G3235,G2078,G3416,G2658,G2082,G3325,G1003,G3110,G2673,G6542,G9694,G1086,G2061,G9713,G9502,G2146,G6553,GE301,G2064,G3114,G3113,G9817,G2693,G1008,G6937,G1077,G9483,G7029,G2072,G3409,G3139,G3312,G7000,G9485,G2090,G3126,G9528,G8278,G9580,G1019,G3240,G8206,G2670,G2011,G3260,G2015,G8211,G2656,G2698,G9525,G6555,G3133,GE303,G3244,G1052,G9546,G2034,G3132,G2220,G3142,G2123,G2059,G7044,G3161,G9707,G2694,G8204,GA003,G6560,59476,G9484,G9780,G2041,GE302,G3406,G8198,G2689,G6942,G2299,G9712,59284,G1025,G8273,G8285,59276,G2127,G3158,G1031,G7050,G3327,G2032,G7008,G9509,G1073,G2047,G2676,G3227,59278,G6697,G3203,G2135,G2695,G9695,G6205,GE306,G9597,G8246,G9837,GR033,G2697,G9559,G3251,G8267,G2118,G2140,G9775,G6556,G3209,59287,G9579,G8224,G2093,G2679,G2044,G9822,G9697,G6003,G9572,G7030,G9814,G2057,G1002,G2022,G2675,G7034,G2196,G9838,G6212,G3231,G6129,G3115,G2651,G9578,G1081,G9486,G3329,G1056,G3204,G6215,G1079,G2671,G1919,G6087,G2692,G9823,GR032,G2197,G9513,G2667,G6075,G2192,G9514,G1059,G9711,G3226,G9586,G3332,G2699,G2020,G6638,G6127,G2666,G3164,G9839,G6126,G9819,G2104,G2691,G3259,G3213,G8270,G3118,G9540,G2136,G8232,G9532,G7054,GA007,G2224,G3210,G1055,G3120,G3263,G1975,G3250,G3401,G1089,G9765,G8207,G8260,G3414,GA038,G8203,G1024,GE304,GA004,G2672,G2075,G2147,G5946,G3206,G8256,G9781,G1907,G2194,G9840,G2137,G6967,G9816,G1040,G8209,G8208,G9774,G1029,G3233,G5949,G2092,G5948,G6548,G5947,G8192,G6002,G9591,G6128,G2016,G9717,G2096,G7021,G3413,G2696,G2103,G2048,G6217,G9832,G2099,G2039,G6939,G3230,G6660,G9703,G3234,G6153,GA005,G6508,G6507,GA014,G8230,G6151,G1926,G6554,G5967,G2063,G1048,G7028,G9569,G5966,G3162,G3415,G2102,G8212,G3207,G8199,G2114,G1947,G2703,G8239,G8252,G9533,G1929,G9551,G6557,G3308,G2715,G8262,G6019,G2686,G5951,G2684,G6072,G2094,G3335,G6008,G2663,G2131,G8303,G2130,G0816,G2067,G5950,G2091,G8254,GJ503,G9561,G6152,GA018,G7031,G3146,GA008,G3419,G1904,G9550,GR067,G3201,G6018,G8217,GJ502,G6000,G6941,G6721,G2062,G6558,G2002,GR070,G2007,G9766,G2198,G1058,G1062,G2171,G1967,G3257,G2716,G3121,G9522,G8195,GE305,GA009,GA024,G2132,G2006,G2705,G9555,G8235,G3239,G1945,G9568,G3205,G2660,GJ507,G9558,G2019,G6031,G3333,G3229,GA015,G6501,G3440,G8196,G2214,G9768,G6007,G8191,G3258,G9776,G3437,G2652,G0817,G9584,G9503,G1956,G3322,GW201,GW200,G2009,G1982,G1983,G1072,G6609,G8249,G9585,G5969,G1989,G2087,G1970,G6211,G1007,G2008,G6546,G6517,G8289,G8200,G3246,G2024,G3160,G6724,GA010,G9562,GA012,G7056,G2065,G6084,G9581,G2046,G6053,G9549,G9560,G1996,G1915,G8251,GA016,G1027,G2668,G6723,G8240,G6100,GA023,G9826,G2066,G2110,G7035,G9783,G9784,G8284,G6142,G9767,G1931,G6201,G1078,G8313,G6720,G8280,G6112,G2025,G8205,GA022,G6506,GA011,GA019,G8214,GA021,G8275,G3202,59485,G6218,G2071,G1028,G6032,G1257,G6088,G2653,G8189,G2088,GA013,GA027,G2030,G6549,G1966,G8300,G6097,G3011,G9701,G2720,GA020,G6089,G3417,G3152,GW209,G2049,GA028,G2155,G8202,G2080,G9557,G6130,G6071,GJ105,G9556,G2029,G3109,GA017,G3328,G3356,G9741,G6056,G2605,G8320,G5965,G6623,G6213,GR066,G9361,G1022,GA025,GA026,G6049,G6017,G2023,G8215,G9769,G3144,GW208,G6622,G2177,G6610,G6051,G6214,G8063,G8271,G9519,G9740,G5940,G6637,G1971,G3418,G8255,G6207,G2133,G8236,G2018,GS010,G8311,G1997,G2045,G6518,G5952,G1090,GW212,G6500,G1964,G2026,G2138,G6593,G1263,GJ104,G6099,G6041,G6534,G8272,GS011,G8301,GS009,G2004,GS007,G9552,G2060,GS012,G6203,G8241,G6055,G2076,G6604,G1935,G6620,G8229,G2178,G6050,G6052,G8228,G1924,G9762,GJ107,G9534,G9520,G1978,GJ103,G1936,G3001,G1017,G3212,GS008,G3208,G9512,GS014,G2172,G2183,G1920,G8190,G3065,G6143,G3988,59475,G8304,G1023,G2661,G6132,G1262,G8227,G3319,G3428,G1264,G3354,G3151,GS006,GS015,G6530,G3959,G6010,59289,G6054,G3355,GS013,G6210,G6092,G3066,GS004,G6625,G9704,GW214,G1922,G2043,G1909,G3352,G1901,G3262,G8321,G8268,G5956,GJ102,G5955,G9763,G2107,G9574,G5954,G1948,G5953,G9739,G3320,G8213,G6504,G6532,GS005,G6722,G2704,G1265,G2005,G2035,G1923,G3069,GA001,GS002,G6509,G9761,G8334,G8201,G6045,G3364,G8243,GJ101,GJ108,GS003,G6077,G6001,G6059,G8057,G3266,G9220,GS001,G8283,G1994,G1091,G3211,G2112,G1921,G2068,G2052,G2051,GJ500,G1961,G9521,G6162,G9749,G3969,G8055,G1251,G9594,G2027,59280,G9758,G1995,GJ506,G8312,G8052,GW216,G3124,GJ501,G8322,G3006,G9268,G3961,G1963,G6163,G6044,G6502,GJ100,G6120,G2134,G1985,G3261,G6536,G2089,G8261,G3955,G9718,G9737,G6148,G6626,G3367,G2058,G2054,G2074,GR031,G3267,G6042,G2028,G8302,G6200,G9705,G3123,G8306,G1911,G6123,G9535,G8182,G6208,G6537,G2042,G9818,G9744,G9743,G9748,G8282,G2120,G2604,G2150,G9760,G2050,G3012,G3002,G1918,G1949,G5968,G8437,G2701,G1261,G6046,G8276,G3300,G3429,G3965,G8247,G3363,G8053,G1933,G1934,G8167,G2662,G3005,G2190,G1973,GA002,G2017,G6204,G9267,G2081,G9262,G1255,G3122,G6058,G9719,G9481,G9583,G1136,G2010,G2073,G8062,G1960,G6524,G2622,G3989,G8169,G9209,G2070,G3154,G3068,G1253,G9764,G6533,G9756,G6706,G6702,G3956,G8335,G9757,G1993,G6048,G6606,G1981,G6060,G3614,G8327,G1021,G3526,G3015,59470,G1080,G8166,G2175,G3967,G2038,GR030,G8172,G9736,G3307,G6043,G9480,G3062,G6009,G1932,G3010,G3321,G6094,G3781,G3007,G1283,G2176,G6036,G6076,GR069,G9362,GR029,59478,G3964,G9596,G9734,G3952,G9363,G2077,G6057,G6656,G9265,G3954,G1992,G9264,G6698,G6015,G6047,G1244,G6037,G1152,G3746,G3143,G8059,G3663,G3338,G3353,G3583,G3318,G3357,G2036,G8225,G2193,G6020,G3957,G9759,GJ205,G3303,GW218,G2754,GJ204,G1259,G6219,G2173,G6774,G1928,G8067,G6014,G3245,G3550,G2625,G2031,G9716,G9754,G1912,G1792,G3426,G6144,G3557,GJ106,G2083,G9360,GJ504,G1944,G3060,G1952,G2165,G2053,G3688,G9738,G1285,G3785,G3317,G3963,G3304,G6021,G6035,G3326,G6085,G3103,G3153,G1268,G1913,G9598,G1223,G2151,G8180,G3127,G1793,G3636,G3681,59285,G1910,GR065,G2645,G8307,G1962,G1260,G9735,G5958,G6605,G3756,G6538,G3953,G6525,G6156,G1204,59487,G2086,G8154,G1290,G9201,G8066,G3664,G3958,G1237,G1151,GW109,GR062,G1294,G2084,G3532,G6016,G8155,G8065,G6027,GW004,G3680,G1131,G9553,G1193,G6511,G8082,G9595,G3063,59271,G1250,G8353,G6093,G9536,59294,G8328,G1227,G8331,G1083,G8308,G6023,G1987,G3247,G1740,G3734,G1176,G3960,G3027,G1211,G1282,G3351,G3790,G1202,G2170,G2109,G3568,G6039,G2003,G6026,GW001,G5387,G2702,G2085,G2191,GW206,G1747,G1139,G2785,G3427,GR077,G2768,G9260,G1243,G3682,G3966,GW002,G3575,G3728,G3529,59471,GW003,G5944,G5959,G1065,G8085,G3986,G6038,G6539,G3686,G6641,G3269,G3987,G3671,G1143,G5945,G1254,GA037,G6531,G1977,G9733,G6644,G8083,GR071,G2111,GA031,G9732,G3733,G2709,G3950,G1984,G2644,G2781,G3768,G1937,G1278,G1229,G1258,GW217,G1183,G2166,G1943,G8356,GA030,G1252,G3016,G2726,G1270,G1132,G1060,G6770,GA029,G1950,G6074,G3998,G2037,G1271,G8054,G5388,G3569,G1940,G9531,G3515,GA036,G1289,G2184,G1145,G3962,G1170,G4005,G6621,G1233,G8156,G8058,G9755,G1775,G8081,GA032,G3993,G2710,G2152,G9261,GA035,G3025,G3067,G3702,G6624,G1942,G3531,G3704,G2646,G1925,G1939,GA034,G1206,GW213,G3243,G5389,G1269,G1064,G3991,G5424,G1272,GW204,G3968,G3699,G1156,G9592,G6603,G8323,G6040,G2723,G1236,G9200,G2791,G8362,G3004,G1240,G2732,G6024,G5392,G8367,59486,G3643,G3502,59488,G1972,G6062,G2738,G1986,G9593,G2626,G6022,G6061,G8329,GR064"
113.00,23.50,0.98,0.90,1525,"GR033,G3126,G3409,GR032,G2703,G7000,G3420,G6943,G7004,G1073,G7008,G6942,G6937,G3119,G2227,G7010,G6967,GR067,G8313,GR070,G2299,G3252,G9484,G2224,G6939,G8300,G6936,G3411,G1026,G8303,G6947,G8320,G6946,G6941,G3253,G1025,G3259,G2715,G2293,G2705,G6944,G2298,G7003,G8207,G8301,G2220,G2210,G3416,G6948,G2294,G2716,G8304,G6938,G9485,G3256,G6949,G6935,G3412,G8334,G1043,G2296,G3415,G1081,G9833,G2720,G3452,G9768,G8321,G2601,G2218,G9847,G2292,G3260,G6951,G6945,G8311,G9571,G2290,59280,G8205,G3255,G9832,G2295,GR066,G9846,G2250,G7012,G3159,59284,G2216,G1042,G8302,G9483,G6934,G7005,G3417,G3325,G8199,G8312,G3104,G6829,G2701,G8322,G2704,G9488,G3254,G2297,G8437,G1059,G8306,G7011,G9566,G3251,G9486,G2286,G6859,G9703,G2291,G8200,G2282,G2288,G2602,G2677,G2275,G3109,G6950,G8198,G7063,G8327,G9845,G9715,G3419,G1027,G9482,G7002,G9766,G6952,G2268,G8202,G8190,GR069,G2251,G7067,G9701,G6840,G6933,G6953,G8213,G8201,G8335,G9848,G8212,G3404,G6954,G8222,G9767,G8211,G2249,G9769,G9567,G9564,G6862,G8215,G3414,G6843,G8287,G2287,G7001,G1024,G8219,G8221,G2248,G9707,G6966,G9844,G2279,GR031,G1010,G7066,G2289,G3438,G8191,G2655,G6831,G9589,G3352,G8193,G2247,G2652,GR030,G8223,G2276,G6965,G2285,G6830,G8209,G7064,59279,G8307,G8289,G1011,G8220,G8204,G7013,G6839,G8214,G3346,G8194,G9823,G2656,G7059,G8197,G6955,G6850,G7016,G3240,G7060,G2658,G9817,G8328,G3258,G8208,G6832,G2206,G2654,G3405,G9487,G3263,G8216,G7015,G7014,G8206,G7017,G3257,G9813,GR065,G9565,G8331,G9697,G9694,G7006,G6959,G3262,G9822,G6841,G3413,G7065,G3403,GR029,G6960,G1046,G2659,59288,G9737,G6842,G6961,G9695,G8308,G7062,G7018,G9563,G6956,59276,G6857,G6858,G2217,G1095,G1052,G9815,G2754,G2280,G9816,G7009,G1014,G6838,G6957,G7061,G3418,G1006,GR071,G1040,G6853,G9706,G3310,G9742,G1051,G2723,G1094,G1058,G6834,G3440,G9777,G3246,G6867,G6828,G2702,G3354,G2261,G9736,G9778,G9587,G9773,G2690,G9782,G8323,G6866,G6962,G8329,G8217,GR062,G2687,G9724,G6852,G6833,G8203,G9842,G9770,G3123,G9814,GR064,G3406,G6958,G3222,G2625,G3446,G9796,G2273,G9588,G2651,G1021,G6837,G9758,G2726,G3219,G2267,G9723,G9781,G6836,G2688,G8053,G3426,G1044,G9721,G9725,GR077,G1009,G9795,G9568,G9771,G6844,G2683,G9507,G3236,G6865,G8192,G9841,G9772,G2606,G3407,G2682,G8196,G8326,G9754,G9797,G3437,G9515,G9720,G9740,G9798,G2653,G7058,G9539,G9739,G9825,G9756,G9722,G9802,G9800,G9570,G9780,G9576,G6835,G2781,G2281,G9705,G9799,G2270,G1033,G3224,G9708,G1028,G2271,G8057,G8189,G8353,G3401,G9801,G6860,G2211,G8063,G9738,G6825,G6963,G9726,G8269,G1045,G2272,G9794,G6813,G8195,G9804,G2722,G2254,G9569,G9824,GE022,G9803,G9719,G3157,G9528,G1036,GE007,G1008,G8067,G2768,G1099,G9573,G9996,G2223,G1037,G9472,G6849,G3160,G3353,G2665,G3225,G1001,GE010,G9572,G9473,G9806,G6851,G9834,G6826,G3241,G9476,G1053,G2607,G2221,G2674,G6802,G6800,G2791,G3363,G3364,G9581,G6847,GE023,G9791,G6812,G3237,G3249,GE008,G3164,G9757,G3362,G2259,G9475,G8062,GE021,G2692,G3402,GE009,G9829,G9470,G9474,G9805,G2256,G2260,G2680,GE005,G9506,GE006,G3335,G9491,G3221,G9471,G3356,G9505,G8556,GE024,G3451,G2255,G1029,G3355,G3316,GE017,G9793,G2675,G6964,GE018,G8362,GE004,G3232,G1093,G3410,G9504,G3223,G9577,G9762,G3314,G6855,GE025,G3450,G8281,G8231,G2204,GE003,GE002,G9807,GE001,G3311,G9498,G6810,G1080,G6801,GE011,G2736,G2201,G8356,G9478,G3345,G9555,G9792,G8052,G8083,G6814,G6929,G3303,GE030,GE032,GE031,G3200,GE026,G8535,G9826,G3333,G9709,G8264,G8058,G3344,G1088,G1007,G9489,G2785,G2219,G2274,GE019,G2724,G9761,G3449,G6827,G9477,G2738,GE012,G3367,G3107,GE014,G9760,G9741,G8332,GE016,G0817,G9578,G8367,G6807,G6809,G9582,GE013,G6808,G3102,G9584,G2709,G7046,G2745,G9759,G9580,G6816,G3447,G2681,G0902,G8069,GR075,G2604,G0903,G3309,G9499,G3238,G9835,GE015,GR041,G9501,G3454,G2202,G3428,G2222,G3444,G2225,G9561,G2253,G3235,G3228,G2228,G9500,G3435,G3101,G3339,G9788,G9558,G1039,G2240,G6821,G9735,GE027,G6803,G7037,G8541,G8055,G2252,G6806,59287,G8263,G2673,G8082,GE206,GE029,G6804,G3307,G9557,G9481,G6848,G1097,G3161,G3230,G9590,G8066,G7068,G2691,G9763,G9560,G9480,G2234,G9828,G2711,G2233,G3127,G8065,G2684,GE020,G0816,G8085,G3327,G8253,G2205,G6817,G1034,59271,G9775,GE240,G6918,G3442,GR060,G1047,G3330,G8064,G2264,G2710,G3138,G9774,G8358,GE028,G3429,GR025,G6909,GA004,G9714,G6805,G3443,G2787,G3448,G1070,G8250,GR043,G9556,G3155,G6820,G9783,G9784,G9512,G9713,G6811,G9710,G3302,G3312,GE207,GE204,GE220,G3145,G9527,G8352,G8078,G3326,G6923,G8272,G8240,G6868,G3231,G9526,G1002,G3190,G3220,G3242,GR076,G2226,G9716,GE219,G8245,G1030,G2624,G7020,G3229,G7053,G9575,G3332,G7069,G1000,59285,G3227,G9734,G9562,G8059,GE213,G2263,GE202,G2694,G2697,G8277,GE317,G6822,G9508,G9579,GE308,G3234,G1032,G3233,GE217,G3427,G9712,G3328,GR024,GE218,G2782,G2258,G8530,G9513,G8315,G8079,G9554,G9764,G2660,G2209,G8244,G7048,G2732,GE314,G9745,G8361,G9776,G8555,G3151,G9585,G1003,G3304,G8075,G3218,G6925,G8283,G3156,G2238,G3108,G3226,G7042,G3125,G3129,G8324,G2622,G6845,G3357,G8265,GE313,G2605,G6915,G6863,G6916,G3136,G2693,G3162,G1022,G2698,G8255,G8100,G6931,G6864,G6908,G2695,G2789,GA003,G3261,G8257,G3329,G6917,G8227,G8540,G8355,G8073,G9704,59087,G6824,G9502,GE203,G2623,G8357,GR039,G1071,G9525,G8077,G8333,GE316,G8243,G3322,G9586,G9732,GE318,G3146,G3320,G2734,G2245,G2748,G8234,GE235,G1064,G8239,G8084,G8076,GE205,G3324,GE312,G7041,G9591,GE315,G8226,GE311,G8261,G1018,G8274,G9514,G3351,G6819,GR040,G2676,G9755,G6930,G7023,G2670,GE210,G8074,GA001,59481,G1092,G2664,G7036,G2244,G1079,G9779,G2689,GE234,G6823,G2773,G3347,G7019,G3114,G8072,G1031,G9731,G6906,G3423,G8071,G8070,G3128,GE101,G3103,GA007,GR001,GE321,G8278,GR061,G8061,G9510,G8268,G2208,G6905,G9559,G6818,G7033,G3158,G6907,G2671,GE310,G8330,G1015,GE212,G9711,GE309,GE214,G8279,GE239,G3130,G9531,G9594,G7024,G3250,GE209,G9733,G3139,G8258,G2725,G6902,G6127,GE236,G3117,G2626,G3350,G8325,G3144,G8228,G8254,G6903,G2679,G1087,G8080,G8247,GE324,G8051,G6003,GE216,G6861,G2265,G2786,G3422,G8238,G9746,G1975,GR073,G8233,G3266,G2699,G2232,G3140,GR009,GE208,GA014,G6087,G2662,G3143,G3243,GA002,G2113,GA037,G2696,G8267,G6002,GA008,GE323,G9827,G2774,G9541,G2239,G8280,GA023,G9789,G1062,G1069,G3134,GA018,G8013,G3321,G8019,GA027,GA024,G8566,GA009,GA022,G7057,G2783,G8552,GE201,G7027,G6856,G2672,G8241,G6129,GA028,G8276,G2667,G9747,G1019,G3141,GE238,G8557,G7032,GA012,G2230,GR036,G2686,GA016,G5948,G2241,G1907,G3152,GA011,G2257,G2666,G1054,GA025,GA020,G8225,G2772,G6919,G8033,G5946,G3124,G5947,G2788,G8054,GE325,GA015,GA019,G8248,GA013,G3163,59278,GA010,G8342,G9518,G8543,G9548,G6924,GA021,G1020,59480,G8285,G6900,GE320,G9753,G8232,G5969,G8259,GR074,GA017,GA026,GE319,G6000,G3319,GE237,G8005,GE211,G6126,G8252,G5966,G9547,G8351,G9544,G2707,GA031,GA029,G3135,G2215,G1060,G2207,G2148,G6661,G9543,G1983,G9597,G6904,G1919,G6920,G6926,G2760,G2235,GA006,G3247,G3349,G9729,GA030,G6927,G3244,GE221,G2661,GR063,G8081,G8224,G3105,G8270,G2714,G3300,G1931,G5965,G1929,G6128,G9743,G9744,G2706,GA036,G9553,G6007,G1049,G6559,G6153,G7049,G8284,G9523,G8235,G1023,G7043,GE230,G2144,GR037,G8246,G3112,G1970,G6019,G1077,G2242,GE227,G6075,GE222,G3133,GE229,G9752,G3248,G8172,G8350,G9509,G3131,GE223,G6084,G6550,G6901,G2721,GA035,G1945,G2668,G3338,G2735,G3267,G3113,GA034,G2246,G1947,G8036,G6151,G2266,G1085,G3323,G7039,G7022,GE215,G6008,G7026,GS007,G2231,G6551,G6051,GE226,G3137,G6018,G8014,G8256,G7055,59473,G6562,G8056,G1956,G8260,GA032,G6912,GS010,GE224,G3115,G1926,G2771,G8242,GE228,G1065,GS009,G2142,G6089,G1086,G8360,G6041,GE322,GR026,GS008,G2616,G8536,GE233,GS011,G9545,GS004,GR068,G8154,G8567,G8354,GE225,GS006,G8177,GS012,G1948,G8060,G6152,G7038,59294,G9592,G9837,G1936,G3317,G8549,G2115,GR034,G9838,G2236,G6072,G3425,GS002,G6913,GA033,G2116,G2237,G1982,G3245,G5949,G8020,G8512,G1978,G1915,G9730,GR044,G6910,G8538,59088,G7025,G8546,G8525,GS001,G8167,G9517,G2784,G8001,G8031,GR078,GS015,G9839,G8251,G9220,GS005,G7045,G3122,G8273,G3203,G3318,GR038,GS003,GE307,G8565,G6031,GS014,G9524,GS013,G8366,G6017,G9583,G1016,G1961,G9540,G3111,GE301,G8155,G6911,G2243,G1971,G1920,G5950,G8282,G3132,GR027,GE231,G1924,G6010,GL701,G2033,G9840,G9596,G8230,G2212,G6202,G1904,G2713,G6148,G8365,G6032,G1083,GR042,G2056,G3269,G2040,G9532,G6052,G2126,G8249,G3110,G9546,G6077,G3118,G7050,G8007,G6100,G8182,G2643,G9765,G6092,G3348,G1061,G8180,G1750,G9595,G6049,GE232,G6050,G5940,G8156,G8166,G9593,G2013,G7029,G1963,G1996,G1934,G1082,G1994,G1909,G1056,G2012,G7040,G5951,G1923,GR035,G3210,G5967,G3154,G2737,G8520,G2712,G8554,G7034,G2780,G5956,G3148,G2663,G3120,G6700,G3365,G1922,G8236,G3213,G2072,G1973,G1995,GA038,G6045,G8179,G2014,G2615,G9717,G5953,G2069,G1921,G9598,G6132,G5955,GE306,G5954,G3153,G6541,G8506,G6112,G6053,G2770,G6209,G3142,G6216,G9536,GR059,G3204,G3002,GE302,G9819,G7044,G8275,GE303,G3268,G8169,G2041,G6099,G3150,G2613,G1792,GF811,59270,G6071,G8537,G9533,G3209,G8022,59289,G1993,G6076,G1089,GR028,G5424,G8229,G2079,G1967,G8262,G8553,G1775,G1989,G8341,G1964,G8025,G6042,G2644,GE304,G5387,G2124,G2145,G2001,G9751,G1935,G2646,G7054,G8178,G2090,G2055,G8030,G6044,G2129,G6130,G9550,G2128,G8336,G8021,G7030,G6020,G1793,G8347,G8532,G8348,G1912,G2061,G9702,G3201,G3147,G8006,G2729,G2093,G6097,G3308,GL708,G8531,G1992,G1949,G5551,G6543,G1055,G8547,G6043,G2117,G8519,59075,G2727,G1740,G6162,G2082,G2015,G1057,G1048,G6544,G8509,G8271,G8016,G1755,G2125,G7028,G2032,G6144,G8149,G6021,G2747,G1981,G5543,GL710,G1962,G6001,G6142"
113.00,24.00,0.99,0.90,866,"GR043,G8556,G2724,G8541,G8329,G8326,G8555,G2723,G8332,GR064,G8323,G8540,G8566,G8328,GR073,G8324,G2774,GR075,G2745,G2772,G8543,G8307,G8331,G2722,GR069,GR071,G8327,GR041,G8325,G8308,G8535,G2721,G2701,G8315,G8530,G8437,G8302,GR065,G8342,GR040,G2771,G8335,G2725,G2726,G8565,GR063,59280,G8306,GR034,G8334,GR068,GR044,G2702,G8312,G8322,GR030,GR035,G8304,G8538,GR042,G8330,G8301,G8321,GR036,G8333,G2770,GR074,G8567,G8064,G8552,G8554,G8512,GR077,G2704,G8320,G2754,G8537,GR029,G2781,GR062,G2773,G2791,G8300,G8313,G2787,GR031,G2711,G2707,GR039,GR037,G2760,G2747,G8311,G8352,G8069,G8546,G8201,59088,G8362,G8536,G2736,G8557,G8213,G2624,G2706,GR038,G8547,G8336,G2625,G8545,G8525,GR009,G2720,GR070,GR066,G8190,G8542,G2703,G2768,G2748,GR067,GR025,G3426,G8353,G2705,G8078,G8509,G8529,GR059,G8564,G6941,G8084,G2738,G8347,G8532,G8348,G8013,G9736,G3417,G8506,G8303,G8205,G8549,G2716,G8357,G9754,G2777,G3352,G9737,G8367,G8518,G8079,G8528,G2715,G9768,G2789,G8058,G6939,G3109,GR024,GR056,59075,G6967,59087,G8561,G8100,G9738,G8356,G8563,G1021,G2761,G8533,GR032,G2714,G8355,G8202,GR057,G8531,G2788,G2735,G8083,G9769,G2224,GR060,G8215,G8507,GR033,G9701,G8519,G8524,G3262,G8200,G8568,G8520,G8207,G1027,G3415,G2727,G8067,G8077,G8553,G2766,G3259,G8350,G2783,G8031,G8514,GR026,G1466,G2709,G1073,G7008,G8061,G8033,G9767,G3123,G9756,G8053,G8358,G2785,GF701,G6942,G8548,G3353,GR061,G3126,G8073,G1460,G3409,G8199,G2299,G9832,G8361,G7000,GR076,G9484,G8075,G9766,GR058,G8526,GR001,G8340,G1025,G3419,G6937,G8365,G3420,G2734,GR078,G8517,G8070,G9758,G7004,G1081,G8030,G8214,GF700,G2710,G2227,G6943,G2786,G2623,G9703,G8419,G8191,G2220,G8341,G9719,G2652,G8289,G2708,G3354,G2616,G3411,G9705,G2782,G8510,G9757,G8212,G8354,G8076,G8017,G1059,G1426,G3303,G3418,G8085,G3416,G9485,G7010,G8351,G2615,G3119,G8062,G3258,G2728,GR027,G8014,G8072,G9486,GF004,G8082,G1026,59284,G3363,G2712,G3260,G8337,G4555,G9735,GR072,G6946,G3251,G6944,GF706,G3414,G3252,G3257,G9739,G8057,G9759,G2732,G8074,G1024,G6936,G1080,G8316,G8317,G8066,G6947,G4538,G8065,G9483,GR045,59271,G8021,G2780,G2763,G4614,G2775,G6945,G3422,G2790,G9833,GR054,G7003,GF092,G3253,G3325,G3159,G8198,G8523,G3127,G8209,G8012,G8007,G2210,G2713,G8551,G2293,G8366,G8019,G2298,G3412,G4407,G8513,G3104,G2601,G8208,G3246,G6938,GR006,G9847,G3423,G6948,GR028,G9571,G9753,G3364,G1042,G8071,G3440,G2765,G3413,G9740,G2729,G3263,G9482,G8360,G2294,G9823,G8005,G8211,GR007,G3427,GR004,G9846,GR008,G1043,G9707,G1058,G3256,G9731,G8036,G3307,G4540,G9752,G4619,G2784,G9760,G3326,G8063,G6949,G9848,G9715,G9480,G8011,G6935,G3255,G9566,G4664,G8052,G8558,G6951,G2296,G8534,G2653,G1064,G8515,G3367,G8204,G8217,G9816,G2744,G2604,G3452,G9697,59285,G3355,G2250,G9822,G9481,G9564,G2743,G9716,G9729,G2737,G1028,G2290,G2655,G2656,G8189,G1040,G9488,G2218,GF100,G9568,G8222,G2292,G2762,G8221,G8511,G8521,G8196,G3240,G8080,G8051,G3437,G9827,G9695,G2602,G1020,GR012,G9755,G9732,G3425,G9762,G8421,G2295,G8206,G9761,G9817,G4612,G6934,GR005,G3438,G8223,G7012,GF811,G2658,GR052,G9845,G6829,G2677,G2216,G7011,59276,G6859,G8197,G7005,G8059,G8516,G9694,G8287,G4556,G8203,G2291,G8020,G2297,G3304,G8219,59270,G3356,G8055,G3254,G2275,GF810,G9734,G8193,G2282,G2286,G2776,G9730,G3160,G2740,G1052,G8194,G8569,G3429,G3350,G8508,G9781,G8195,G2659,G2626,G1011,G9567,G8029,G1010,G8025,G4547,G8433,G9581,G1085,G2288,G8022,GR055,G3404,G8192,G9844,G8001,G4618,G1483,G9565,G2249,G9814,G3405,G3428,G3351,G6950,G7063,G2651,G3357,G3346,G8010,G6952,G2268,G2251,G7002,G6953,G3349,G2746,G9531,G8216,G4558,G9763,G3365,G1006,G9569,G6933,G9589,G2614,G4667,G9764,G3406,G2764,G7067,G2287,G1429,G8406,GR011,G6840,GF705,G6954,G2654,G3401,G9813,G6831,G9563,G1409,G9741,G4535,G8427,G4615,G8220,G8432,G2248,G6966,G9826,G6843,G9733,G6862,G8550,G2247,G8469,G3243,G4630,G7001,G1014,G9879,G3335,GR048,G6965,G2279,G2622,G2767,G7066,G8413,G1057,GR003,G8544,G2289,G3403,G1007,G8435,G1403,G8028,G4554,G9555,G3333,G6830,G1082,G3105,G2755,G3446,G9487,G2285,GF102,GF007,59279,G6955,G8539,GR047,GR010,G1482,G2276,G9780,G3163,G1095,G9842,G1046,GF104,G9512,G0817,G3103,G2206,G4541,G7013,G1029,G4557,G9584,G9557,G7017,G3164,G8500,G7064,GA037,G8023,G7016,G6956,G4666,G6839,G8452,G9872,59081,G9572,G2606,G9841,G7015,G2692,G7059,G6850,G7060,G2687,G9815,G9742,G4610,G9871,G9750,G8425,G6857,G1478,G8272,G9773,G9702,G9724,G3348,G4549,G8016,G9558,G7014,G6832,G6959,GF804,G4628,G4652,G2730,G7006,G4401,G9777,G9560,G6841,G8283,G1051,G9528,G8054,G2753,G6858,GF809,G9556,G6960,G6961,G4631,G2675,G1008,G3261,G2217,G9782,G7018,G9878,G7065,G3248,G8032,G9561,G4632,GF605,G7009,G9770,G6842,G2690,G9778,G8060,G9721,59288,G3407,G3368,G4629,G9751,G9723,G7062,G1094,G3151,GR019,GR051,GF704,G2742,G8501,G9706,G8003,GF005,G9587,G9783,G9784,G8037,G2688,G1428,G4534,G3106,G6957,G3310,G1492,G9725,G3424,G2674,G9507,G2280,G3219,G2682,59082,G9570,G8465,G8261,G1491,G4660,G9867,GA029,G4617,G1009,G8502,G3222,G7061,G8240,G6838,G1060,G8018,G6834,G9772,G6853,G1036,G6962,G9720,G0816,G8243,G2684,G9588,G2683,G9578,G3230,G9771,G3328,G9796,GA031,G4411,G2680,G3232,G9704,G1750,G8002,G6852,G3323,G1464,GF606,G8227,G1044,G9795,G6828,G8081,G2261,G8503,G3320,G9722,G1493,G8447,G3143,G1063,G9515,G9874,G1099,G6867,G8009,G6837,G9873,G3236,G9825,G2757,G3229,G9562,G6958,GA030,G8056,G8004,G9798,G3224,G6866,G8006,G2607"
113.00,24.50,0.99,0.90,570,"GF701,G8542,G8563,G8524,GF700,G8564,G1466,G4555,GF706,G1460,G8510,G2766,G4538,GR056,G2770,G8545,GR035,G4540,G8537,G8565,GF092,GF004,G2747,G8507,G4407,G4556,G8316,G8317,GR006,GR057,GR042,G2771,G8554,GR044,GR034,G8526,G2721,G8515,G8528,G8518,G8529,GF705,G4547,G2765,GR068,G8547,GR012,GR004,G1426,G8514,G8543,G8561,G8538,G8566,G2708,GR058,G2767,G2772,GR011,G8511,G8419,G8336,G8500,G2774,G8523,G4554,G8508,GR073,G8568,G8509,G4535,G4614,GR007,G4549,G8501,G2777,G8502,G4557,GR010,G2762,59081,G8512,G8567,G8503,GR063,G8337,GR008,G1464,G8532,G8347,G8348,G8342,G8548,G4619,G8555,G4544,G4543,G4541,G8504,G8505,GF702,G4545,G4542,G4534,G8516,G8325,G8533,G8540,G2761,G1403,GF704,59075,GR059,G8469,GR043,G2753,GF100,G4664,G2763,GF007,GF099,GR005,G2728,G8324,G8340,G8506,G8452,G4401,G8513,G1429,G4612,G8541,G2775,GF102,G4551,G8546,G8447,59088,G8531,G2725,GF707,G8457,GR074,GF005,G1462,G9881,GR038,G9884,G2724,G8519,G8448,G8521,G4610,GR036,GR040,G8525,G2727,G8517,G8536,G8332,G9880,G4550,G4667,G4666,GR072,GR037,G8556,G2764,G1414,G4615,GR021,G1409,G4411,G8552,G8465,G4403,G4553,GF104,G8315,G9883,G8530,G8330,G2707,G8553,GR054,GR075,G4618,GR020,G8569,G2745,G2760,G4402,G1404,G4617,G8421,G8445,G8442,G4546,G1415,G4536,59082,G4548,GF006,G8549,GR048,G8326,G1401,G2706,GR019,GR055,GF003,G1463,G8427,G4567,G8551,G1406,G8460,G4415,GR041,G1410,G8520,G8333,G8329,GR022,G4412,G4405,GF098,GR051,G2757,G4552,G4408,G2744,G8017,GR064,G2723,G4406,G4409,G8535,G4630,G2773,GR018,G4404,G1428,G8444,GR047,G4616,G4400,G2742,G1405,GF703,G4410,G8557,G1491,GF101,G8433,GR052,G1411,G2722,GF209,G8030,G8323,G4563,G8441,G8468,GF000,G8446,G4517,GR049,G8458,G2751,G4628,G9879,59072,G2790,G1454,G8341,GR009,G8011,G1492,G8031,GR039,G8423,G8425,G1402,G8338,G8432,GR045,GR013,G4566,GR053,G1458,G2740,G8328,G2735,G8064,GR014,G4608,G4569,GR071,G9878,G8455,G8426,G8558,G4611,G8013,57988,G8331,G8550,G8012,G9882,GR026,G2714,GF001,G4620,G4516,GR046,G8443,G8467,59071,G4621,G4601,G8307,GF200,G4604,G8308,G8365,GF002,G2787,G8454,G8420,GF095,G2726,G8350,G9872,G8435,G8464,G1412,GF103,G1425,G4562,G4663,G2748,G2711,GF202,GR069,G2615,GR065,GR078,G1413,G8352,G2788,G8327,G8428,G8462,GF096,G8539,G2702,G8084,G2624,G8021,G8430,G4518,G1456,G9871,G8429,G2776,G2746,G2750,G2755,GF201,G4439,G4602,G9877,G8406,G4519,GR050,G1493,G2791,G8357,GF606,G2712,G2701,G4631,G4665,G8335,G8069,G8437,G1445,G4639,G2752,G2733,G2781,G2741,G4605,GR077,G2783,G8302,G8078,G8033,G2789,GR025,GF097,GR027,59087,G8411,G2616,G4525,G4568,G2736,GR030,GF605,G4438,G8413,G8354,G1470,G8079,G8306,GF308,G8362,G8100,G2780,G8029,GR062,G4564,59280,G2729,G1424,G8422,G4613,GF208,GR024,G8355,G8431,G2754,G2743,G8534,GR028,G8410,GF312,G8449,G8312,G8334,GF204,G8322,GF304,G4649,G4629,G9873,GR016,G4524,G8424,G9876,GF203,GR029,G8061,G1461,G1442,G4607,G2730,G8014,G2738,G9875,G9874,G8418,G8077,G8007,G8544,G8304,GR023,GR003,GR061,G8321,G2768,G8402,G8367,G2713,G8404,G4632,G1455,G8301,GF303,G1474,G2704,G8353,GF207,G8028,G2625,59074,GR031,G4526,G4609,G8366,G8058,G2786,G1439,GR060,GR001,G8351,G8073,G8450,G2614,G3426,G4441,G4442,G4661,G1448,GR015,G8403,G4558,G1482,G8356,G8070,G4431,G1446,G8320,G4453,G8409,G4529,G4648,G2756,GR017,G8463,G2731,G8361,G4636,G9754,G4625,G4622,GF804,G4603,G8083,GF810,G2734,G8201,G9867,G8003,G8075,GF600,G8300,G9736,G1449,G9864,G4531,G1472,G8416,G9865,G4523,G4560,G8213,G8010,G8313,G8358,G4454,G8453,57989,G9738,GF210,G8401,G1440,G8415,G2623,GR076,G9866,G8311,G9863,G8456,G8407,G1459,G1465,GF300"
113.00,25.00,0.99,0.90,394,"G4545,G4542,G8505,G8504,G4543,G4567,G4544,G4536,G8503,G1414,G1462,G1410,GF209,GF098,G4548,G8502,GF099,G1415,G4563,G9880,G4566,G1464,G1458,G8501,G4601,GF702,GF705,G8500,GF096,G4516,G4549,G1413,G4546,G1412,G4518,G8448,G2767,GF707,GF097,GF095,G1470,G4554,G8444,G4562,G4556,GF208,G4649,G4564,G4547,G4540,G1454,G4553,G8445,G1411,GF200,G4608,G4517,G4552,G4519,57988,GR011,G8441,G4557,G4604,59081,G4534,GF207,G4663,G1456,GF204,G4569,GR010,GF703,G4535,G4602,GR022,G8455,G4538,G8457,GF706,G4555,G9881,GF704,G4648,G4550,G1463,G9883,G4551,G8515,G9884,G2751,GF000,GR012,G1472,GF210,GF202,GF203,GR021,GF092,G8508,G1404,G4565,G8510,GF201,G4407,G4541,G8458,G8447,G2753,GF700,G4402,G4609,G4605,G8454,GR006,G4561,G4568,GF003,GF701,G8511,G4606,G4607,G1461,GF004,G4560,G4600,G2765,GR004,G1403,G1460,GF205,G8468,G4401,G1405,G4404,G8316,G8317,GF211,G1466,G8442,G1474,GF308,G8524,GF005,GF206,G1425,G4603,G1471,G8452,G2766,G8469,G8563,GF007,G4415,GF001,G2762,G4405,G4525,G4403,GR020,G1401,G2750,GR007,G4647,G1448,G4411,GF102,G1406,G1449,GF212,G8542,G8564,GR056,G8523,G4409,G1459,GR023,G8443,G4408,G4400,G8516,GF006,G4610,G8526,G1426,G1465,G4412,G1446,G8507,G4439,G1455,G1445,G8465,G4406,G4410,GR008,GF312,G4614,G1429,G1418,G1452,59072,G4619,G4422,G8446,G2708,G8460,GF303,G8545,G4666,G4529,G8467,G8450,GF002,G9882,G4438,G4617,GR057,G8456,G8419,GR018,G1417,GF100,GR058,GR005,G8449,G1442,G1402,G8514,59082,G2752,G8337,G8462,G2747,G8528,G8518,G4664,G2770,G4612,GR015,G2757,GF104,G8537,G4667,G4526,GF101,GR013,G4615,GR019,G1439,G4611,G8529,GF300,G2764,G4441,GR035,G4442,GR016,G8464,G8561,G1409,GR014,G8463,G4616,GF103,G1437,G4444,G8338,G8568,GF304,G2756,57989,G4524,G8428,GR051,G8426,GR049,GR050,G8547,G8565,59071,G8521,G2763,G4621,G8554,G8440,G8513,GR017,GF093,G1428,G1491,G8423,GR042,G8422,G8548,G8336,GR048,G8509,GR053,G2742,G4530,G2758,G4521,G2775,GR044,G4618,G2777,GR034,GR046,G8453,G2728,G4523,G8451,G1420,G2771,G8427,G8569,G2721,GR068,G8538,G4613,GF307,GF310,G8347,G8348,G8532,G4620,GR055,GR047,G8411,G1492,G8340,G8421,G8429,G8533,G2761,G4630,G4531,G2733,G4628,G4665,G4520,G8543,59075,G1424,GF305,G8410,GR072,G4522,GF309,G8512,G8566,G2772,G8567,G8420,GF302,GR059,G8403,G8425,GF301,G2741,G2774,GR054,G8517,G9878,G9879,GR073,G4510,GR063,G8433,G8531,G4622,G8506,G4413,G8519,G4639,G2731,G8342,G2744,G4414,G2727,GR052,G4504,G8432,G8551,GF506,G4661,G1496,G8430,G8546,59088,G1453,G9877,GR038"
113.00,25.50,1.00,0.90,215,"GF207,G4600,GF211,G4606,G4648,G4565,G4649,GF210,GF208,G1470,GF097,G1471,G1472,G4564,GF212,GF096,G4518,G4561,G1413,G4601,G4566,G1458,GF204,G1412,GF206,GF209,G4516,GF205,G4519,G4563,G4560,G4609,GF095,G4562,G4567,GF098,G1410,GF203,G4536,G4602,G4548,G1456,G1415,G4647,GF200,G4663,G4604,57988,G4608,G1414,G4603,G4607,G1461,G1454,G1474,G9880,G8444,G4568,G1462,G4605,GF201,G4546,G4517,G4569,G1418,G8455,G1411,GF202,GF099,G8441,G1459,G4542,G4545,G8505,G8504,G1449,G4543,G1452,G4552,G4544,G1465,G1417,G1448,GF308,GF703,G8503,G8445,G8454,G8448,G8502,G4553,G4422,G1464,GF707,GR022,GF702,G2751,G1446,GF093,GF000,G8501,G1463,G4525,GR023,G8458,G4521,G1455,G8456,G4529,G4549,G8500,G9883,G1425,GF705,G8450,G2750,G4550,GF303,G8457,G1404,G9881,G2767,GF312,G4534,G4554,G4402,GF003,GR021,GF307,G8468,G4551,G4444,G9884,GF001,59081,G4557,G1405,G4404,GF704,G1445,GF300,G4439,G4556,GR011,G4547,GR010,G1437,G8451,G8440,GR015,G2758,G4530,G8447,G4535,G4438,G1442,G8443,G4540,G8442,G4526,G8449,G8463,G4441,G4442,G1439,57989,G2753,G4520,GF311,G4541,GF302,G4415,G4405,G2756,G1453,G8508,G1401,GR012,G4413,G2752,G8515,G1419,G4409,G1420,GR016,G4401,G4538,GF005,G4400,GF002,G4424,GR020,G1406,GF706,G8467,G4555,GR017,G4403,G4522,G1403,G4408,GF301,G9882,G4410,G8462,59072,G4412,G8452,GF304,G4443,GF306,G4407,GF092,G8511,G4423"
113.50,21.50,0.97,0.90,194,"59682,G1286,G1214,G1203,G1205,G1222,G3984,G3985,G1273,G1293,G1292,G1207,G1235,G1234,G3999,G1218,G1224,G3990,G1274,G6707,G6703,G1299,G1297,G1280,G2186,G1217,G1241,G6708,G6704,G2187,G3983,G3982,G6608,G1210,G1208,G3951,G1298,G2158,G1226,G1220,G1232,G1295,G3994,G1256,G1230,G1225,59672,G6618,G3980,G6709,G3968,G1238,G3962,G1289,G1240,G3993,G1221,G6590,G3950,G1258,G1276,G1206,G1278,G3995,G1252,G6710,G6503,59673,G1269,G3996,G3987,G3970,G2037,G1254,G3981,G1212,G3986,G3971,G6529,G3972,G3960,G1250,G3966,G6771,G3992,G1209,G1202,G2111,59487,G1290,G3991,G1215,G1260,G3973,G6607,G3953,G1272,G3963,G6772,G3958,G2085,G6615,G3997,G2084,G2003,G1259,59488,G2031,G1271,G3974,G3957,G2181,G1228,G6521,G1268,G2182,G1233,G6770,G3952,G3964,G6613,G1270,G2191,G1236,G3954,G2036,G3975,G2193,G6591,GJ106,G4005,G2083,G2086,G3967,G3976,G3956,G1253,G3989,G3977,G6698,G1255,G3978,G1237,G2070,G2077,G3979,G1277,G2053,G3998,G3965,G2153,G2017,G2122,G1261,G6702,G6706,G6773,G3955,G6204,G3961,G2058,G1243,G2010,G2120,G1223,G1229,G1251,G3969,G6208,G1282,G2154,G1204,G2112,G2038,G2081,G6603,G6612,G2190,G1265,G6526,G2054,G1285,G2134,GJ100,G1283,G6605,G2106,G3959,G1264,G1227,G3988,G1262,G1244,G6722"
113.50,22.00,0.97,0.90,731,"G1292,G1224,G1205,G1222,G1280,G1217,G1218,G1299,G1226,G3994,G1273,G1232,G1230,G1295,G1210,G3980,G1297,G1220,G1238,G3990,G1298,G1221,G1256,G1293,G1240,G3995,G1276,G1206,G1286,59682,G3996,G1212,G2037,G3970,G1252,G3981,G3971,G1207,G3984,G3985,G3972,G1289,G1203,G3987,G3951,G1214,G1258,G3992,G1209,G3991,G1215,G1272,G2085,G3960,G3950,G3962,G3997,G2003,G3973,G1274,G1271,G2084,G1241,59488,G3953,G1228,G1233,G1250,G3968,59487,G1270,G1278,G2031,G1236,G3999,G1259,G2086,G4005,G2083,G3993,G3974,G2036,G1234,G1235,G1237,G3963,G2053,G2077,G3952,G3998,G1208,G3975,G3986,G1260,G3964,G1254,G1290,G2070,G3983,G3982,G3976,G3989,G3956,G2017,G6204,G1223,G2010,G1243,G3977,G1261,G3957,G3978,G1229,G1282,G1204,G1225,G2038,G1255,G2081,G6208,G2058,G3966,G3958,G1269,G3979,G1277,G2054,G1202,G1253,G1285,G3961,G1283,G3965,G3967,G3954,G1244,G3955,G1227,G2050,G3969,G1268,G1251,G2068,G2111,G1211,G2035,G2193,G2027,G1262,G3959,G2042,G3988,G1265,G2060,GJ106,G2076,G1294,G1264,G6698,G2112,G2028,G6203,G2158,G2018,G6207,G6702,G6706,G1263,G2004,G2051,G2120,G6200,G6214,G2191,G2029,G2088,G6518,G6549,G6771,G2089,G2026,G6770,G6213,G6201,G6772,G2187,59490,G2046,G1191,G6722,G2186,G2030,G6707,G6703,G6615,G2005,G6723,G1257,59485,G2134,G2087,GJ100,G2024,G6593,G2019,G2133,G2181,G2080,G2190,G2074,G6607,G2025,G2065,G2073,GJ108,GJ101,G2052,G2002,G2009,G2043,G6517,GJ102,GJ107,GJ103,G2067,G2007,G6211,G6500,G6704,G6708,G6608,GJ104,G2063,G2198,G2102,G2131,G2039,G2062,G6218,G6217,G6548,GJ105,G2071,G1179,G2075,G6529,G2023,G2132,G2008,G6210,G6546,G9718,G2045,G2020,G6720,G6219,G3521,G1189,G6605,G2182,G3211,G2138,G2016,G9818,G2094,G6212,G3585,G3619,G2057,G6613,G6215,G3556,G2196,G9521,G1142,G1090,G2096,G2006,G2049,G6603,G2066,G9574,G3704,G2194,G6205,G2047,G9552,G6554,G1195,G6521,G3540,G2150,G3618,G6724,G2091,G2130,G3717,G3715,G3697,G2123,G3650,G9535,G2059,G2092,G2099,G3643,G1153,G1017,G2197,G1196,G3714,G1197,M9988,G3718,G3641,G9748,M0003,G3647,G2152,M0004,G6773,G6558,G2127,G2034,G3555,G2011,G2064,G2044,G3759,G1078,G1145,G3675,G2078,G1139,G3546,G3738,G1091,G3530,G2192,G6612,G6555,G9749,G2082,G2021,G6774,G3699,G3205,G3734,G6525,G2137,G3784,G6604,G2022,G6560,59476,G3680,G2015,G2032,G6542,G3720,G3768,G3765,G3561,G2061,G2101,G2048,G1186,G3694,G2001,G2106,G3575,G3202,G2153,G2090,G6709,G2103,59478,G6590,G3692,G2079,G3239,G3208,G2055,G3757,G3713,G3645,G3212,G1187,G3752,59493,59672,G6618,G3501,G3776,G9534,G2124,G3681,G2093,G3636,G3206,G6544,G3671,G6209,G3207,G1152,G3614,G3648,59673,G2069,G3548,G3634,G2110,G3669,G9522,G1130,G2128,G2014,G6216,G9519,G3740,G9520,G2195,GA005,G2184,G1151,G2155,G3580,G2135,G2041,G3565,G3519,G1055,G2012,G3688,G3746,G3658,G3209,G3526,G9551,G3733,G3504,G2013,G3502,59486,G6721,G9549,G3142,G2129,G3778,G2072,G3773,G3503,G1136,G3562,G3684,G3121,G6540,G1135,G3766,G3702,G6610,G3703,G3547,GE232,G3617,G2125,G2040,G6202,G6606,G6700,G2033,G1048,G3775,G1178,G2122,G3797,G2056,G2183,G3747,G3691,G6541,G3576,G6556,G6911,G3779,G5968,G3774,G2136,G3793,G2243,G3761,G3204,G2141,G1129,G3663,G1132,G1149,G1072,G1089,GE231,G3522,G9819,G3579,G6143,G3523,G3557,G3308,G6543,G3110,G2236,G3581,G1175,G1901,G6913,GB060,G3664,G3111,G3631,G3553,G6058,G6557,G3635,G1985,G3698,GE225,G3682,G1121,G5952,G3527,G3531,G2237,G3789,G2188,G9503,G1120,G1184,G6503,G6710,G3201,G9524,G9546,G1016,G3781,G1188,G3653,G6910,G6524,G3577,G1146,G2126,GE226,G9517,G3721,GE228,G3213,G6501,GE224,GE215,G1997,G6609,G1155,G9550,G1966,G3630,G6088,GE233,G2143,G6523,G1056,G9533,G2151,G2246,G3132,G2231,GA038,G3524,G3574,G3751,G6901,G3728,GE223,G6912,G2266,G3798,G6536,G3120,G3790,G6660,G3620,G3534,G6142,G3551,G3739,G6520,G1156,GE222,G1183,GJ500,G3137,G1131,G6056,G2242,G9717,GE229,G6591,G6552,G3727,G1173,G3569,G3210,G6697,G9545,G6534,G6059,GE230,G3550,G3572,G6055,G1166,G6509,G1143,G3696,G3568,G1967,G9523,GE221,G1190,G3799,GJ501,G1049,G6904,G1180,G3506,GE227,G6926,G6057,G1170,G1911,G6927,G2116,G3693,G3744,G3203,G3552,G6920,G6530,G1086,G3659,G3112,GJ502,G2104,G3118,GE211,G3558,G9765,G2235,G3785,G3529,GE237,G3783,G3513,G1193,G9532,G3528,G6505,G1144,59480,G3543,G3131,G1161,G2147,G3514,G6900,G5967,G2171,G3756,G1989,G3573,G3535,G6060,G3518,G1174,G3510,G3515,G6924,G6097,G9543,G6533,G3764,GJ505,G1960,G6553,G2157,G3578,G9837,59473,G3701,G2230,G1176,G6562,G3726,G5951,GE238,59475,G9540,G3113,G6919,G9544,G2108,GE201,G3507,G1182,G3794,G9840,G3750,G9838,GA006,G3583,G9839,G3743,G2117,G3559,G6054,G2239,G3758,G6130,G3686,G3791,G3722,G2148,G3134"
113.50,22.50,0.98,0.90,1756,"G2005,G2051,G2089,G2043,G6200,G2028,G2026,G6218,G2052,G2080,G2042,G2071,G2074,G2023,G6211,G2008,G2027,G2025,G6213,G2045,G2050,G6210,G2009,G2065,G2004,G2030,59485,G1283,G1244,G2062,G2073,G2068,G2006,G2094,G6203,G2066,G2049,G2035,G1090,G2038,G1285,G2091,G2029,G2024,G2007,G9718,G2096,G3211,G2081,G2016,G6214,G1204,G9552,G1294,G1223,G2099,G1227,G2092,G9521,G2054,G1211,G9574,G1282,G2010,G6201,G1078,G9818,G2076,G2087,G1243,G1017,G2053,G2002,G2067,G1237,G1229,G3205,G6217,G6208,G2018,G6204,G2044,G2088,G2048,G2063,G2077,G6215,G2022,G2086,G3998,G9535,G2075,G2019,G6219,G2083,G2032,G4005,G1270,G3202,G3239,G6207,G9748,G3206,G1091,G1233,G1236,G2093,G2015,G3207,G6205,G1271,G2034,G2058,G2003,G9749,G2036,G2060,G2090,G2046,G6212,59488,GA005,G2011,G9522,G2059,G1228,G2061,G2017,G2020,G1272,G3208,G1055,G3212,G2085,G3997,G2082,G2047,G3991,G2041,G9534,G9551,G3209,G6549,G2039,G2084,G1262,G9519,G1215,G2070,G3142,G9549,G3121,G2072,G6548,G9520,G2014,G2078,G1048,G3992,G6209,G1261,G1209,G3959,G2001,G3961,59490,G2031,G3204,G1212,G1263,G1089,G2102,G3989,G3996,G9819,G3973,G3988,G2057,G6723,G3995,G3308,G3972,G1072,G3969,G3971,G3974,G2056,G1259,G3975,G3953,G2037,G3981,G3110,G3970,G2013,G1221,G3976,G2040,G3704,G3614,G1276,G2243,G2069,G3111,G2012,G3680,G1139,G3956,G9546,G1206,G2123,G3201,G2079,G2064,G3734,G1191,G9503,G9524,G1016,G3952,G3213,G1152,G2196,G2021,G3960,G3977,G1264,G6143,G9517,G1257,G3978,G9550,G1252,G1136,G1056,G2131,G3526,G1240,G1238,G3681,G3132,G3636,G5952,GA038,G3955,G1230,G1145,G3643,G9533,G6202,G1901,G3120,G6913,G3980,G3987,G3964,G1251,G3746,G3994,59487,G1255,G1966,G3575,G3768,G3715,G5968,G6088,G9717,G3979,G2055,G1997,G6912,G2033,G1226,GE224,G3556,G3210,G1265,G3688,G1277,G1295,G6142,G1151,G1189,G9545,G6518,G6216,G2231,G3137,G1232,G3699,G1985,G2236,G1250,GE225,G2198,G2266,G3963,M9988,G1197,G1196,G1153,G3965,G6911,G2124,G1967,M0003,G6056,G3671,G3650,G1258,G3203,G6517,G6058,G3759,M0004,G1086,G3521,G3663,G3717,G3619,G3118,G1179,G3714,GE226,GE232,G1256,G9765,G2242,GE222,G9523,G9532,G3112,G1217,G1220,G3697,G1049,GE215,G6901,G6055,G3718,G3131,G5967,G1253,G1280,GE223,G3692,G1289,G3557,G3733,G3765,G2112,G3781,G6927,G6059,G3618,G1142,G3530,G9837,G3585,G1989,G6926,G3950,GE221,G2127,G9543,G3113,G9540,G3664,G3546,G1298,G5951,G3555,G9838,G6097,G1210,G2246,G9840,GE231,G2128,G9839,G2133,G3702,GA006,G9544,G6544,59486,G3502,G3784,G3540,G1260,G2237,G1911,G6924,G2132,G3967,GE228,G3957,G3647,G3738,G1077,G6593,G6542,G1132,G6900,G1224,G1299,G6904,G3694,G9547,G3682,G1195,G2101,G1290,G3133,G6700,G3962,G2194,G6555,G3641,G3675,G9518,GE230,59480,G2197,G6130,G3548,GE229,G3703,GE211,G3720,GE238,G3550,G9548,G3115,G1292,G3135,G6057,G9509,G1278,G2230,G3134,G6053,G3503,G1131,G3954,G1069,G6910,G6054,G1297,G3531,G3790,G1187,G3728,GE237,G2129,G3141,GE233,G5949,G6060,GE201,G2232,G1960,59476,G6560,G1904,G9747,G9541,G6541,G9746,G6920,G6722,G6546,G6112,G3561,G3244,G3617,G1218,G6071,G5950,G3951,G1183,G3568,GE216,G3785,G3757,G2120,G6554,G3635,G3968,G3117,G6123,G1087,G3504,G1143,G1054,G6500,G3565,G3993,G3958,G3766,G6903,G3569,G3756,G3986,G1156,G1186,G1193,GJ107,GE239,GE227,GJ104,G2235,GJ105,GJ103,G3583,G3648,G1254,G3529,G6720,G3653,G6075,G1015,G1933,G2239,G6902,G1170,G2195,G1996,G6702,G6706,G2126,G6919,G9597,G6072,G1964,G3347,G3727,G2130,G2192,G6048,G2193,59493,G2125,G3501,G1176,G1092,G1268,G3130,G3684,G9789,G1926,GJ102,G1178,GJ108,G3574,G2134,G3990,G3740,G3128,GJ100,GJ101,G6540,G6100,G3634,G1935,G3515,G3752,GE214,G6698,G6152,59481,G3324,G1273,G1202,G1019,G3966,G6085,G2245,G2244,G6031,G3693,G9510,G6099,G1919,GB060,G3528,GE203,G3686,G1222,G3140,G1205,G3645,G6120,G3669,GJ106,G6151,G3562,G6905,GE236,G3713,G6001,GE234,G3744,G3551,G2137,G3658,G3764,G3532,G6008,G1155,G6916,GE205,G6032,G6543,G9779,G6724,G1947,G1293,G1241,G6558,G3553,G6018,G2116,G5958,G3156,G2241,G3776,G3701,G1130,G3547,G6915,G3108,G1071,G1932,G2190,G3519,G3722,G6128,G6163,G2138,G6126,G3783,G2208,G3778,G1982,G3129,G2209,G3691,59289,GE212,G6049,G1190,G6153,G1135,GE208,G3698,G6046,G3139,G1269,G3580,G3620,G2135,G1915,G3218,GE235,G2148,G3773,G6917,G6019,G6162,GE213,G5940,G2238,G7057,G2111,G1164,G1944,GE209,G2141,G3572,G3761,G1207,G6129,GE202,G3797,G1000,G2103,G1175,59473,G1018,G9575,G1274,G1929,G6856,G6562,G5959,G9508,G6132,G3114,G3543,G3145,G1956,G3775,G3576,G6906,GE207,G6908,G3513,G9710,G6047,G3774,G3751,G3750,G1188,G6923,G3125,G6156,G1987,G1070,G1180,G1208,G6925,G3579,G9745,G6661,G1184,G1945,G3779,G1976,G1910,G3696,G6087,G3747,G6003,GE217,G3158,G5946,G6017,G1149,G6907,G1906,GE204,G3984,G3985,GB031,G5966,G3220,G6817,G1047,G1922,G1907,G1971,G3739,G1918,G6918,G6006,G3527,G3522,G6559,G1225,G5955,G6050,G3793,G3523,G3136,G5947,G3138,G2257,G5954,G3510,G2191,G5953,G9559,G1031,G5948,G3242,G6044,G3581,GE210,G1129,G3983,G3982,G6848,G6556,G1121,G3443,G6805,G3630,G5956,GE206,G9502,G2252,G1942,G6089,G2233,G2265,G6052,G3789,GE219,G2240,G6033,G3999,GE220,G6084,G3631,G6037,G3721,GE218,G3506,G6045,G6007,G2142,G3155,G6909,G3791,G2143,G1909,G1097,G1975,G1970,G6861,G1120,G6127,G1030,G6000,G6551,G3577,G3732,G9525,G6816,G3798,G6931,G6062,G3330,G2253,G6002,G1166,G3444,G1924,G1984,G9554,G1949,G1921,G3573,G6092,G9711,G6036,G1968,G6009,G3507,G6042,G2222,G6013,G3107,G2234,G3302,G3190,G6863,G6806,G6552,G3447,G1003,G9788,G2219,G1234,G1923,G1235,G9501,G2136,G3448,GE029,G3101,G3435,G1039,G9500,G6819,G1032,G3339,G1286,G1088,G3442,G1203,GA003,G2274,G1146,G3250,G3534,59682,G1161,G1943,G6770,G1920,G9590,G6034,GA014,G9477,G6804,G1079,GE240,G1913,G9792,G2113,G1983,G6721,G1148,G9714,GS014,G2226,G3524,G1995,G6110,G6010,G9527,G9807,G9499,G3309,G6093,G6604,G3558,G9498,G1931,G3449,GE016,GE015,GA007,G3559,G2144,G1981,G2110,G6061,G1994,G6051,G1034,G1214,G1978,G2150,G2263,G1990,G6864,GE028,G6103,GA018,GS010,G1173,GS013,GE013,G9793,G9526,G9514,G6803,G3102,G3450,G3743,GS011,GE030,GE032,GE031,G3518,GA008,GS012,G3344,G5945,GE003,G6041,G6094,G3345,G1916,G3451,G9478,GE012,G5962,G5969,GS015,GE014,GE020,G1936,G2201,G6077,G6855,GA015,GE002,G3410,GS009,G6930,G1144,G6818,G3223,G6154,G6811,G1093,G9805,GE001,G6807,G3552,G1062,G2155,G3329,G3249,G3237,G1953,G3799,G6096,G6035,G9586,GE004,G6697,G9471,G9712,G6550,G9474,G9791,GA009,G6845,G2260,G6028,G6772,G3314,GA024,G1917,G6024,G9713,GE011,G2256,G6814,G6012,G6015,G9806,GE019,G6043,G9475,G6038,G9470,G1963,G6039,G3312,GA010,G3316,G9489,G6557,G2202,G9709,GS007,G2259,G6615,G1937,GS008,G3402,G5960,G6605,G3659,G3454,G3758,G6847,G6102,G5965,G9505,G1174,G9473,G9835,G6104,G0903,G2117,GE021,G2204,G3225,G1955,G2181,G9573,GS005,G6107,G6771,G3238,G0902,G9504,G9476,G1902,GS006,G9472,G1950,G1182,G3737,G9506,G1952,G1998,G9828,G9803,G3227,G6553,GE024,G3157,G9804,GA021,G6029,G6809,G2115,GS003,GA012,GS004,GE027,G6040,G9591,G6105,G1053,GE025,G6014,G2264,G9579,G9491,G1037,G6091,G2272,GA016,G1986,G9726,G3560,G6800,G2223,G3221,G9794,G6810,GA019,GE023,G6868,G3226,G9996,G3362,G1993,G6801,G1961,G6824,G9801,G9824,G1045,G1001,G3241,G6660,G6106,G3228,G6610,G2225,G9834,G2281,G1905,GS002,GA013,G3514,G1948,G6090,G7036,G1033,G1973,GE026,G6860,GS001,GA011,G3726,G9576,G9577,G9799,G9513,GE009,G3649,G1992,G9802,G9708,G2221,G9800,G7069,GA017,GE010,G9582,G6813,GE006,G9829,G9539,G1972,G1928,G6148,GE008,G3535,G3235,G3224,G9797,GE022,GA023,G6101,G3517,G6821,G9798,G6607,GE005,G6835,G3621,GA022,GA020,GA026,G6098,G2104,G6074,G9825,G5964,G6820,G6016,G1002,G6501,G5961,G6078,G9515,G3236,G1934,G6030,G3152,G3578,G6076,G6080,G3200,G3231,G3327,G9722,G1925,G1099,G2146,G3161,G1954,G3678,G6823,G6609,GE007,G3554,GA027,G6079,G9795,G6144,G6808,G3332,GA028,G3311,G5944,G1044,G6081,GE018,G6836,G2158,G6812,G1979,G6837,G9771,GE101,G9580,G3794,G6131,G3661,GE316,G6011,G2258,G9775,G3742,G6021,G6020,G2147,G9720,G6155,G9772,G9796,G6851,G2183,G6082,GA025,G3146,G9588,G3162,G1023,G1177,G6023,G1009,G3222,GE017,G3154,G6852,G3219,G2270,G1036,G6802,G9507,G9725,G3233,G9570,G1962,G6027,G6774,G3760,G1939,G2212,G6026,G1912,G6929,G7041,G1974,G1951,G3509,59478,G1185,G7068,G6083,GJ502,G3232,G1965,G9587,59287,G6822,G6063,G9723,G3234,G6005,G6095,G7033,G6603,G6849,G6525,G3310,G3796,G2118,GE315,G1094,G9721,G6834,G6064,G9706,G6022,G9778,G3549,G9770,G7038,G3545,G1940,G3407,G3685,G1980,G2261,G9782,G3570,G6073,G2171,G6833,G1977,G1793,G7048,G6826,G1137,G3567,GA004,GE312,G6113,G6117,G1051,G6844,G6827,G5963,G6853,G9777,G1747,G1792,G2215,G3319,G7043,G3564,G2152,G6638,G3322,G2267,G5957,G1930,G9773,G1959,G9774,G9724,GE309,G9583,G7025,G3144,GE308,G6858,G9742,G6025,G3122,G9815,G1171,G9578,G6067,G1914,G6857,G6065,GE311,G3687,G6534,G3723,G6606,G6867,G2145,G7058,G1008,G7040,G6086,G1941,G3780,G1740,G2280,GE310,G1133,G3748,G9528,G1908,G7022,G3267,GE317,G6115,G1095,G9841,G1046,GE324,G6841,G1957,G2255,G5390,G2187,G5471,G1991,GE314,G9776,G2271,G5392,G3753,GJ503,G3153,G3230,G2206,G9842,G3623,G9585,GJ500,G1125,G9487,G7024,G9598,G3403,G9596,G1988,G1946,G6068,G5388,G6866,G6509,G2182,G6536,G6530,G3787,G7027,G2228,G2273,G2186,G1147,G1927,G3446,G3622,G7053,G6524,G1958,G7060,G0816,G1014,G2254,G6838,G6069,G6066,G3229,G7042,G5340,G3536,G6508,G6507,G6830,G9572,G6114,G7037,G6707,G6703,G6613,GJ501,G7026,GJ507,G9780,G9813,G5468,G9744,G3508,G2247,G9562,G9563,G5387,G9743,G7059,G6529,G6865,G3633,G5446,59288,G5406,G2177,G5391,59475,G2184,G6831,G6964,G3539,GE325,G2276,G9536,G9589,G3164,G1181,G3788,G9561,G5326,G7062,G1022,G2248,G3730,G3538,G7066,G7061,G6773,G3300,G3318,G3346,G2205,G7055,G3520,G7019,G3124,G3749,G3719,G7046,G1029,G1138,G1006,G2279,G5437,G3405,G7064,G5393,G6832,G6612,G7032,G6070,G9565,G3266,G9844,G3683,G2249,G3406,G6825,G3516,G1010,GE313,G9784,G9783,G3404,G2151,G2140,G1011,G5467,G3328,G5438,G9567,G7065,G6963,G5389,GE321,GE318,G2251,G9558,G1784,G6521,G1786,G6608,G9595,GE320,G6828,G7049,G3662,G6502,G6532,G6839,G7045,G3245,G6533,G2106,G6842,G9560,G6704,G6708,G3544,G3401,G5327,G5316,G2268,G3646,G3537,G5470,G2275,G5474,G1052,G2282,G9814,G7067,G5339,G3335,G7020,G5400,G5398,G8231,G9694,G9584,G3792,GE323,G9845,G0817,G3438,G7063,G2207,G9594,G3754,G3317,G9556,G6859,G1773,G9555,G2178,G6862,GA001,G3654,G1083,G3333,G7014,G1721,G6850,GE322,G1775,G6840,G9817,G1774,G9569,G9704,G3731,G3338,G6537,G6958,G6957,G1163,G3627,G3320,G6623,G5341,G1779,G7002,G5439,G1007,G1720,G6960,G5475,G5469,G6829,G3240,G9564,G9488,G9557,G3254,G3542,G9781,GE319,GE307,G2211,GE303,G5441,G7006,G7013,G7018,G9695,G6843,G3151,G3762,G5424,G3512,G5338,G9826,G5404,G1165,G7001,G2176,G3795,G2250,G9566,G6950,G6959,G6961,G9715,G3657,G7023,GA002,G2172,G7044,G9848,G5412,G5464,G2289,G3255,G2665,G9822,G2295,G8245,G3689,G8269,G9697,G7016,G5325,G3695,G1741,G8279,G7005,59294,G2216,G3269,G1780,G7039,G9846,G6538,GE302,G7015,G7029,G9741,G1040,G2153,G2285,G5357,G9482,G9707,G5361,G5303,G9512,G6962,G2173,G7021,G9581,G1042,G8264"
113.50,23.00,0.98,0.90,2101,"G1019,G3139,G3140,G3114,G9597,G9789,G1919,G6129,G3158,G1018,G6126,G6003,G6075,G3244,G6087,G1031,G9559,G9779,G1054,G9502,G3136,G6128,G9509,G9510,G9525,G5946,G6153,G1907,G6151,G3125,G3115,G6127,G3133,G3130,G5947,G1926,G1947,G5948,G9554,G1003,G9711,G1975,GA003,G3135,G9745,G6019,G1929,G1077,G6008,G5966,G1032,G5949,G1071,G1079,G1030,G6002,G6072,G6152,G9747,G6018,G3250,G3190,G3128,G9838,G9839,G9548,G3302,G9527,GA007,G3242,G3113,G9837,G3141,G9514,GA014,G3448,G5950,G9526,G9714,G9540,G3155,G6000,G9840,G1904,G1945,59481,G3329,G9508,G3220,G3442,G9712,G1015,G3218,G9547,G3330,G1034,G6031,G9586,G9518,G9541,GA006,G1956,G1982,G9713,G3443,G3312,G9532,GA018,G6007,G3129,G3203,G3118,G1915,G9590,G1087,GA008,G9765,G3227,G5951,G1086,G1970,G3131,G9579,G5967,G6084,G6100,G9828,G1996,G3226,G6032,G1062,G1983,G3454,G9591,G9835,G0903,G3238,G3138,G0902,G9544,G1000,G3102,G3309,G9499,GA009,G9513,G1039,GA015,G9575,G3210,GA024,G1097,G3339,G3228,G5969,G6053,G6089,G3101,G3435,G9500,G1931,G9788,G6112,G9489,G3108,G1002,G9501,G1092,G3235,G9717,G9709,G3324,G9545,G6049,G9582,G3120,G3231,G1056,G6017,G3327,G3347,GA010,G9543,G3344,G3132,G1069,G1047,GA038,G3161,G3112,G3332,G3449,G5940,G1989,G1971,G1967,G6071,G3345,G9478,GA012,G3447,G3213,G9746,G9775,GA016,G3444,G9580,G9577,G9533,G9504,GA021,G3145,G6130,G6051,G3311,GA019,G3314,G3162,G9477,G9546,GE203,G3221,G6099,G6097,G3146,G9491,GA011,G3233,G1964,GS010,G3316,G5965,GA013,GA023,G9550,G9505,G9829,G9506,G3137,G6050,G3223,GA022,G1093,G6052,59287,G9710,G3362,G3410,G1924,G6041,G1935,G9517,G1016,GS011,G3134,G3201,G3234,GA020,G9819,GS012,GA017,G9524,GS009,G6132,G3232,G9834,G3241,G3152,GA027,G1978,G1001,G1089,G3450,G1920,G1099,GS014,G6142,G1053,GS007,G3156,G9471,59289,G1936,GA026,GA028,G9498,G3308,G3402,G3117,G3204,G1922,G9470,G6912,G6092,GA004,G1909,G1070,G1049,G1036,G9996,G6010,G2232,G5956,G3110,G9503,G1037,GS008,G6916,G5955,G6088,GS013,GS015,G9475,G5954,G5953,G3107,G6816,GA025,G9474,G9476,G9774,G1966,G9792,G6056,G9523,G2209,G3451,GS006,G2240,G1048,G6045,G1923,G9578,G9824,G6924,G3111,G9473,G2245,G9570,GS004,G3225,G1088,G3322,G2252,G2231,G1072,G6001,G6927,G6054,G9472,G1921,G6077,G6817,G9720,GS005,G1994,G3224,GE207,G6162,G1045,G9805,GE216,G9722,G2266,G9791,G3407,G3157,G1948,G6055,G9772,G1008,G9507,G2219,GS003,G9708,GS002,G6848,G9551,G1023,G1997,G3121,G1055,G1995,G3209,G6044,G9825,GE213,G9528,G9515,G9721,GE238,GE239,G9794,G3230,G9725,G6163,GS001,G3144,G3142,G9799,G1009,G9723,GE224,G9807,G1961,G9801,G9776,G3249,G3237,G9771,G1033,G9793,G9726,GA005,G1963,G9798,G5952,G6926,G6900,G6120,G2242,G6042,G9803,G9841,G9549,G3219,G9585,G2072,G9576,G9539,G2041,GE206,G9795,G0816,G9806,G9724,G6918,G9800,G9770,G9522,G3319,G3207,G6915,G2056,G1918,G2230,G1949,G3236,G6903,G9804,G6148,G3229,G3206,G6923,G9773,GE222,G2243,G9572,G1044,G9797,G9782,G6046,GE221,G6059,G9842,G9802,G3222,GE202,G9780,G9588,G3446,G6123,G6143,G9562,G2274,G2093,G9742,G9777,G9778,G1051,GE201,G3164,G3239,G6913,G1901,G9561,G1973,G1934,G2253,G9587,G9796,G1933,G2281,G2244,G9519,G1981,G2048,G6902,59480,G6901,G1029,G9573,G1911,G1014,G1095,G1022,G1993,G2233,G3202,G2272,G6009,G1094,G6043,G9815,G2040,GE204,G6094,G6036,G6837,GE223,G9520,G2222,G3154,G9784,G9783,G3267,G3205,G2238,G1932,G6048,G3406,G9563,GE205,G2014,G1960,G9706,G9558,G1985,G3328,G1006,GE225,GE211,G6076,G6852,G2260,G6037,G9534,G9583,GE226,G3122,G6015,G6904,G3403,G6047,G2022,G1992,G6855,G3212,G1046,G9560,G2256,G6857,GE215,G3401,G3208,G2259,GE003,G6847,G3310,G9813,G6060,G2090,G6836,G2032,G3335,G9744,G9743,GE234,G6806,GE214,G6805,G2013,G9584,G2236,G3266,G6860,G0817,G9565,G3124,G6014,G6020,G9814,G3405,G1928,G1078,GE004,G9555,G6917,G1952,GE021,GE031,GE032,GE030,GE016,G6035,GE002,G5968,G6858,G3333,G1913,G6209,G6144,G9556,GE237,G2239,G1944,GE217,G9487,G3346,G1052,G6058,G9569,G3300,G3583,G1912,G2201,GE029,G2223,G2234,G6021,G1910,G6057,G9596,GE001,G6834,G1007,G6905,G6909,G1011,G6835,G6202,G2015,G1792,G2099,G9694,G2246,G6156,GE235,G9557,G2092,G1962,G2012,GE015,G2061,G9781,G9704,G6925,GE220,GA001,G2091,G6813,G1793,G6016,G6085,G3781,G5958,G9594,G6093,G9589,G2206,G6804,G2044,G6800,G9826,G3320,GE013,G1010,G6027,G1136,G9817,GE230,GE012,G9844,G9749,G2033,G1017,G6908,GE023,G1091,G3153,GE219,GE236,G3151,G6023,G3532,G9598,G2066,G3785,G3438,GE011,GE014,G6831,G1987,GE022,G3550,GE024,G9695,G6039,G3240,G3318,G2049,G6920,G2006,G6919,G6814,G2247,G3526,G2261,G3756,G6911,G9567,G6026,G6853,G9552,G2204,GE229,G2208,G3663,GE240,G6038,G2221,GE010,G5944,G1740,G2249,G2082,G1090,G9741,G3404,G6807,G9822,G2069,G1747,G6841,G3614,G5945,G6803,G1193,G9697,G9581,G9564,G2096,G6830,GE019,G1040,G5959,GE009,G2001,GE025,G3557,G9512,G3245,G1937,G1176,GE212,G3160,GE218,G9574,GE228,G1984,G3746,G1977,G9536,G1943,GA002,G1131,GE008,G2094,G9816,G3338,G1950,G5387,G9748,G6074,G9848,G9845,G6833,G2034,GE007,GE006,G1152,G3317,G9535,G2248,G3664,G3686,G9595,G2235,G2045,G6810,G1940,G9707,G3568,G9715,G7060,G9568,G3437,G9521,GE005,G2270,G6801,G3529,GE028,G2202,G1925,G3688,G2280,G2011,G3790,G2237,G1939,G6906,G2008,G9823,G3261,G3356,GE020,G1942,G2016,G2023,G5388,G6040,G2226,G2275,G9566,G3211,G9482,GE209,G3263,G2071,G1083,G7066,G6210,GE232,G6024,G6859,G2079,GE208,G3728,G2282,G1143,G6809,G2251,G1972,GE026,G1986,G9488,G6812,G2276,G3413,GE227,G1151,G1028,G6851,G3636,G9818,G3681,G6218,G3321,G1058,G6062,G6061,G6022,G3682,GE231,G7059,G6867,G5392,G3428,G2241,G6931,G3515,G2078,G9763,G2059,GE233,G2267,G1183,G1902,G6216,G2279,G6863,G1941,GE210,G9718,G6844,G6064,G6811,G1170,59294,G3104,G1042,G9846,GE027,GE018,G5389,G2263,G3569,G6215,G6025,G1976,G6907,G6802,G3255,G2225,G6910,G3440,G9571,G2268,G2250,G7057,G1775,G6205,G3200,G9762,G3325,G2062,G6829,G3159,G3269,G9847,G3680,G5391,G3143,GE017,G3722,G6211,G3246,G5390,G6849,G1916,G1132,G1156,G9483,G1024,G2043,G6856,G1965,G2055,G6102,G3531,G3733,G6034,G5424,G7063,G7064,G3528,G3414,G3734,59288,G1968,G9553,G6838,G3671,G2264,G3251,G1786,G6821,G3575,G2047,G9833,G1164,G6073,G7067,G2052,G3412,G2021,G9761,G2124,G6808,G6819,G9740,G6864,G3254,G3355,G6866,G3702,G3727,59284,G5400,G6826,G1908,G1065,G3257,G1043,G9486,G6063,G7058,G3764,G3260,G1139,G2148,G6219,G3701,G2009,G3693,G6832,G6033,G6929,G3768,G6212,G3247,G6868,G7062,G2265,G2007,G2025,G2074,G2080,G6845,G1059,G1980,G2005,G5406,G2273,G1774,G9764,G6217,59486,G2295,G3502,G6861,G6700,G2065,G2073,G3429,G7002,G3258,G6006,G2075,G6840,G2257,G2064,G9485,G3256,G6065,G3635,G1988,G6820,G6839,G3452,G6862,G2271,G5398,G7061,G3416,G1145,G7069,G2026,G9593,G2089,G3744,G6661,G6098,G7065,G2020,G3699,G2216,G3364,G3367,G6930,G1957,G2063,G9703,G3574,G3703,59485,G2128,G7005,G1906,G1951,G2067,G3653,G2126,G6213,G3103,G3692,G2030,GA032,G2024,G6950,G1081,G6827,G2123,G2292,G7068,G6541,G6067,G2002,G9592,G3783,G3418,G9760,G3419,G6086,G3357,G6865,G2116,G2113,G6842,G5957,G9734,G6818,G9481,G2051,G6200,G6544,G1955,G3704,GA030,G3503,G6824,G6030,G9739,G9766,G2254,G3643,GA031,G1773,G5404,G2255,G2057,G5437,GA035,G6843,G6559,G1026,GB031,G3411,59473,G9832,GA034,GA036,G6562,G3765,G6113,G3617,G6850,G2087,G3147,G2258,G1025,G1061,G3750,G2028,G2129,G7001,G2293,G7012,G1914,G7014,G1946,G1060,G2029,G5357,G6066,G6011,GA029,G6028,G1784,G6201,G2004,G2039,G3354,G3551,G9480,G1979,G1779,G7013,G6828,G3715,G1927,G6115,G3268,G3307,G3548,G7036,G3759,G6013,G6548,G9484,G1190,G2218,GA033,G3304,G6080,M0003,G9767,M9988,G2196,G2289,G6822,G3253,G1197,G5360,GA037,G1196,G2019,G6203,G2294,G2042,G1153,G6214,M0004,G6960,G5425,G6949,G3766,G3530,G6117,G3415,G3252,GE316,G7006,G6952,G3543,G2027,G9716,G5393,G5438,G5412,G1990,G6091,G1027,G3504,G6095,G1953,G3259,G5413,G6957,G5361,G6933,G6954,G6825,G3650,G3694,G3363,G1155,G6935,G2088,G3351,G6964,G3513,G3714,G6823,G7018,G9733,G6012,G5326,G3784,G6551,G7048,G2288,G6959,GB060,G9701,G2228,G6068,G2101,G9705,G6542,G6963,G1294,59285,G2142,G5964,G2297,G3546,G2285,G3718,G7016,G9758,G1187,G3565,G2102,G1930,G3717,G6961,G2144,G1080,G3326,G1780,GE101,G2068,G2035,G6934,G7041,GE308,G3556,G3420,G1178,G1991,G5340,G2050,G5358,G2125,G1073,G3572,G2296,G9769,G3620,G5359,G2076,G3732,G2046,G3697,G2286,G6958,G6110,G2127,G1244,G7015,G2018,G3791,G7037,59279,GE315,G5397,G6966,G3555,G3720,G6131,G3738,G3119,G3243,G6090,G1283,G3323,G9719,G9757,G2298,G6555,G6953,G3262,G9531,G3510,GE317,G6114,G3684,G1211,G9768,G5439,G3148,G6540,G3553,G3109,G6005,G6079,G1180,GE312,G6936,G3757,G1741,G9759,G1189,G6543,G1285,G1227,G6207,G6096,G3163,G6103,G3127,G2195,G3618,G7046,G6082,G5386,G6550,G3123,G7033,G2715,G5543,G6948,GE314,G6947,G6078,G2290,G3150,G1705,G3619,G9732,G6549,G6154,G3648,G6069,G7053,G5550,G2716,G1905,G3647,G3675,G2131,G2038,G3126,G6965,G3696,G3561,G2081,G2217,G2054,GE311,G2287,G3417,G5963,G1720,G5327,59476,G6560,G1917,G3303,G3427,G6104,G7010,G1204,G2211,G1974,G1148,G2205,G7011,G3698,59490,G3521,G8303,G9735,G7017,G9755,G6723,G5962,G8231,G3751,G1142,G6962,G6107,G7009,G3740,G3507,G3352,G3641,G2060,G9756,G1282,G1223,G6955,G5341,GE309,G6081,G3248,G1186,G7042,G3540,G6070,G3562,G6943,G3585,G3350,G1958,G2210,G6951,G2291,G2010,G2705,G2197,59493,G3501,GL701,G3634,G1243,G7003,G5435,G6208,G6938,G1195,G3409,G5436,G1179,G8269,G1229,G6029,G3573,G2198,GE310,G1064,G5961,GR033,G3353,G3691,G9737,G5432,G6083,G6946,G3739,G2115,G5403,G2665,G6204,G7004,G1191,G3547,G1262,G1188,G3658,G3752,G2194,G1257,G5551,G3506,G1959,G6106,G1175,G3559,G1263,G5431,G6105,G3669,GE324,G1021,G5394,G2053,G3105,G7024,G5325,G2141,G2058,G2677,G5316,G1135,G3761,G7000,G1184,G3959,GL251,G8311,G8220,G1237,G1998,G3998,G3778,G6517,G1161,G2215,G2077,G3685,GE313,G6944,G3988,G5339,G3645,G3519,G7020,G2192,G3743,G3797,G6956,G1954,G6101,G5960,G2227,G1166,GL257,G1130,G2086,G3713,G3773,G6155,G9736,G3774,G3579,G3630,G7027,G7019,G2602,G5429,G7043,G3527,G2132,G2017,G3576,G6937,G6554,G2083,G9731,GE318,G4005,G2732,G3509,G3580,G8264,G3775,G3961,G9738,G2135,G5338,G1270,G6518,G2143,G2785,G1264,G3776,G3558,G3737,G5384,G1236,G3779,G3969,G3798,G1149,G9754,G2036,G5468,G6552,G5474,G2601,G2690,G7038,G5342,G8281,G9827,G2070,G1261,G1233,G3721,G1121,G3649,G3661,G5385,G3523,G3518,G5405,GE321,G3522,G1755,GL255,G3747,G2710,59297,G3564,G6942,G5418,G5471,GR031,G7008,G5446,G5395,G3349,G5564,G3581,G1271,G3758,G2212,G3789,GR032,G3678,G5430,G2003,G2709,G5383,G1228,G3577,G3793,G2683,G3426,GE325,59488,G3423,G8245,G2137,G1750,G2130,G8287,G2117,G3560,G7022,G3534,G2704,G1120,G3989,G1265,G2654,G2299,G3631,G1144,G1129,G6546,GL254,G8219,G3997,G7032,G8300,G7025,G3570,G5321,G2782,GL710,G1251,G2133,G3621,G2085,G1272,G1185,G2084,G3955,G6556,GL706,G3748,G2688,GL256,G2703,G3991,G1182,G5422,G5441,G8353,G5343,G3760,G3976,G3975,G3524,G1215,G6593,G2031,G3956,G1146,G8356,G1020,G3552,G8253,G1173,G3977,G1174,G3978,G5475,G2220,G6945,G3554,GE323,G7026,G2103,G7023,GR029,G3633,G6720,G8193,G3974,G8358,G8216,GE320,G6553,G1259,G5302,G8222,G6558,G3780,G3979,G5416,GR076,G3992,G8265,G1255,G1209,G2768,G2112,G1277,G2682,G3952,G3799,G3973,GL253,G5434,G5473,G3659,G3953,G3965,GJ105,G5470,G2754,G3517,G7040,G8263,G3964,G5467,G3539,G7055,G1171,G5433,GL252,G6500,G6697,G1212,G6967,G1721,G2687,G8194,G2146,G6724,G7049,G3726,G3972,G3520,G2224,G8221,G3971,G2136,G8279,G2207,G3622,G8301,GR062,G3996,G8312,GJ104,G8367,G3981,G5476,G5552,GR060,GR030,G2037,G8304,GJ107,G3970,G3995,G8313,G1085,G5409,G1177,G8223,G8277,G3348,G2607,G1137,G3960,GJ103,GE319,G1253,G3514,G8361,G1799,GL709,G6722,59487,G6939,G2738,G8250,GR067,G3662,G5363,G3516,G3796,G2145,G1221,G3422,G1276,G8306,GR070,G8258,G9729,G5451,G1206,G5469,G1797,G3963,G8207,G3742,G3535,G5300,G2655,G3753,G1252,G5320,GR077,G3987,59280,G3508,G1147,G3578,59298,G1250,G1785,G2734,G8197,G8362,G5401,G3549,G2781,GL708,GJ102,G7045,G1240,G1712,G8198,G6941,G8211,G3967,G5337,G3787,G1238,G8320,G3794,GE322,G5542,G2138,G9753,GL707,G2736,GJ108,G2658,G6721,G3683,G2120,G3980,G2104,GJ101,G3687,G3623,G3545,G1230,G2659,G5322,G3646,G2118,G8234,G5305,G5362,G1258,G2664,G3957,G8233,G3994,G2791,G3719,G6557,G5382,GL705,G3788,G2656,G3538,G8244,G2702,G6660,G8437,G2134,G1133,GJ100,G8259,G1295,G8206,G3723,G3954,G3537,G1260,G1226,G8204,G1719,G1232,G1082,G8302,G7039,G1181,G3567,G2147,GE307,G3749,G1716,G1783,G2606,G1290,G1710,G5472,G1289,GR001,G2110,G3654,G3950,G1256,G2680,G6702,G6706,G5312,G6638,GR024,GR025,G5452,G5381,G9730,G2674,G1125,G8334,G9752,G1220,G5323,G5301,G8274,G5464,G9751,59276,G8199,G5396,G5463,G2681,G5448,G2786,G9530,G8248,G8308,G3754,G5563,GR061,G1217,G8355,G2701,G3657,G2155,G5308,G1787,G3795,G2193,G1138,G1298,G2190,G3536,G1280,G3958,G3962,G5315,G6698,G3425,G6501,G1278,G5427,GJ502,G2140,G1210,GE303,G2720,G7029,G5306,G8327,G1798,G1268,G6604,G3730,G8242,G5443,G6609,G8226,59087,GE301,G3731,G2789,G3542,G1714,G8212,G7044,G8238,G8205,G2673,G8209,G8321,G8307,G1748,G2711,G3986,G2171,G5465,GJ106,G5460,G3792,G8352,G5553,G8257,G5549,G5365,GE302,G5311,G8208,G1254,G1299,G5417,G6610,G3106,G6508,G6507,GR066,G8351,G3968,G9702,G5445,G3993,G5457,GJ503"
113.50,23.50,0.98,0.90,1689,"G3364,G3355,G9740,G9762,G9739,G9761,G3367,G9760,G1028,G3356,G3246,G9481,G3363,G3428,G3418,G3440,G3437,G3354,G3307,G9705,G9568,G3429,G9480,G9763,G3160,G1080,G1058,G9581,G9758,G9757,G9719,G9741,G9734,G3257,G3258,G9759,G9716,G9764,G3326,G9826,59285,G3127,G3303,G3123,G9512,G3357,G3413,G3304,G1007,G9816,G1040,G9735,G9756,G9557,G3333,G9569,G9555,G9781,G3263,G3262,G0817,G3335,G9584,G3353,G3427,G9556,G3261,G1024,G9767,G3401,G3351,G9560,G3414,G9823,G9558,G3151,G3103,G9732,G9766,G9697,G9822,G1021,G3419,G9814,G9769,G9701,G1029,G9695,G9783,G9784,G1027,G9755,G9703,G9737,G9561,G9733,G1064,G9704,G3352,G2785,G9531,G3164,G3328,G3320,G9738,G3406,G1052,GA037,G2732,G9736,G1059,G9707,G9486,G3109,G2710,G3240,G9754,GA001,G3243,G3350,G2709,G9572,G3143,G0816,G3251,G9562,G9832,G9817,G3229,G1022,G9780,G9694,G3230,G9731,G3321,G3426,G2782,G9594,G1006,G3163,GA002,G8356,G9585,59284,G3417,G8353,GA029,GA031,G1060,G3415,G9848,G3423,G9776,G8358,G9482,G9578,G1081,GR076,G9768,G9528,G9774,GA030,G3446,G9827,G2768,G9483,G1008,G3247,G3325,G3266,G9564,G3260,GA036,GA004,G3438,G9841,G9565,G3159,G8367,GR060,G3105,G9553,GR031,G3104,G9715,G9842,G3322,59287,GA035,G3405,G3234,G3248,GA034,G2716,G8361,G2738,G3323,G3124,G1011,G9485,G8311,G1014,GR029,G3233,G3349,G9563,G3232,G1020,G3259,G2754,G9775,GR062,GA032,G3144,G3162,G2715,G1042,G2734,G8362,G9580,G3332,G9833,G1025,G3422,G3416,G9566,G3161,G3231,G3146,G3327,G1065,G1002,G9592,G2705,G9571,G2736,GA033,G3346,G3338,GR077,G3311,G2781,G8303,G3300,G9813,G2704,G3407,G9513,G9847,G1036,G3235,G9846,G9743,G9724,G9744,G1010,G9484,G9582,59294,G2791,G3226,G9729,G9579,G3228,GL701,G9753,G3319,G9773,G9844,GR024,G3227,G9721,G1095,GR025,GR030,G9591,GR001,G3412,G9570,G1085,G9742,G9828,GA027,G3317,GA025,GA028,G9845,G3411,G9567,G3312,G3403,GA023,GA022,G9577,G1099,G9723,G1061,G3152,G9713,G9712,G8355,G3245,G9829,G3267,GR061,G9586,G3255,G3329,GA020,G3238,G9488,G2702,G0902,G9835,G0903,G2786,G9507,G3454,G1073,G9770,G9593,G3269,G9589,GA011,G1750,G9777,G3148,GA026,G9782,G3404,GA016,G9720,G9725,GA013,59087,GA012,G1051,GA017,G2789,G9514,G9526,GA019,G2249,G1083,G9772,G3318,G1046,G1023,G3221,G9489,G9752,GA024,G9815,GA021,G2711,G9709,GA009,G1062,G9491,G8312,G8352,GA007,G1009,G3362,G2250,G3348,G9834,GA010,G6859,G3241,G3219,GA008,G9778,G1001,G1043,G1026,G8357,G9527,G9504,G1079,G1034,G3150,GA003,G9487,GA018,G9722,G9595,G6831,GA015,G8306,G3268,G9714,G2275,G1032,G9730,G9506,G1003,G3250,G9771,G5969,G2787,G8351,GA014,G3122,G9996,G3102,G9596,G1053,G5965,G8300,G9505,G9711,G9525,G9554,G2282,G3224,G6857,G3425,G9515,G3190,G9583,G3316,G3314,G3448,G1037,G9587,G3420,G3302,G1082,G3442,G9825,G6127,G6002,G9824,G3344,G2247,G5551,G3222,G1975,G9478,G8308,G3345,G9590,G9795,G9502,G3309,G1983,G1094,G9499,G1030,G2748,G9708,G3147,G1931,59280,G3402,G3256,G1031,G9588,GS007,G6829,G1045,G1948,G9798,G8360,G9559,G5424,G1044,G1755,GS004,G5543,G2206,G8304,G3223,G1093,G9470,G9476,G3330,G6000,GS002,G2783,GS008,GS006,G3126,G1775,G9799,G9536,GL710,G3236,GS001,G3410,G3136,G3449,G3155,G5948,G9471,G9706,G8301,G9475,G3158,G1039,GR033,GS009,G6858,G9539,G3339,G2251,G1033,G9796,GL708,G9598,G5947,G6003,G6051,G3225,G9473,G1907,GS010,G6041,G3435,G3101,G9500,G6087,G9472,G3157,G2248,G3153,G9801,GS003,G9576,G9794,G1961,G8437,GS011,G6007,G2784,G9788,G9800,G3242,GS012,G9474,G9501,G6830,G3252,G5564,G1936,G5946,G6148,GS005,G1970,G2293,G9797,G5966,G9751,G9726,G3114,G3450,G3452,G3443,G3310,G3154,G6084,GS015,G3365,G1934,G9745,G5387,G1978,G3125,G3253,G9477,G1018,G1097,G3447,G9802,G6129,GR039,G3451,GS013,G3254,G2268,G8302,G2295,G3220,G9803,G9791,G6837,G6852,G8307,G2788,G9498,G1792,G6089,GL709,G3119,GS014,G3444,G9805,G1945,G3139,G8535,G7066,G3409,G6077,G1929,G9702,G6010,G9804,G1963,G5389,G5550,G7063,G1920,G1973,G3138,G9530,G6841,G5360,G3237,G3249,G6126,G6834,G9508,G3106,G8366,G2703,G1924,G6019,G2292,G2281,G2279,G9792,G9806,G1956,G1740,G1793,G6943,G6153,G1994,G5552,G2216,G6128,G2737,G2276,G7060,G6076,G2294,G8327,G6836,G1912,G6092,GR041,G1047,G7005,G8313,G3107,G6052,G9779,GL706,G7067,G8354,G6020,G1971,G6017,G9793,G7010,G1923,G2701,G1993,G1088,G1071,G6936,G3140,G3218,G2713,G7004,G7000,G1995,G1947,G5400,G1909,G2272,G2773,G6816,G6018,G1019,G9575,G1919,G1000,G1057,G6008,G6949,GR032,G9807,G1915,G6853,G7059,G1063,G7002,G6050,G3424,G6947,G6151,G1786,G1962,G9573,G1982,G1992,G1774,G6021,G3369,G6144,G1921,G2219,G3129,G2714,G5956,G5388,G9510,G2298,G6045,G1747,G8334,G2261,G8350,G8320,G2240,G2218,G9789,G6935,GF811,G7012,G6027,G3145,G9597,G6840,G2745,G1922,G1928,G5953,G6043,G5954,G2252,GR027,G5955,G5940,G6860,G8557,G6950,GR075,G5386,G9710,G6152,G2280,G7064,G1926,G6042,G6075,G3130,G9750,G6049,G6032,G7008,G3128,G3108,G2227,G6948,G6937,G6031,G6835,G8530,G2296,G6132,G6023,G1070,G8315,G5358,G6862,G6942,G9727,59481,G6026,G1977,G2735,G5431,G6946,G6014,G9728,G6072,G5391,GR078,G6015,G6848,G2260,G1949,G6847,G1981,G6016,G2274,G6094,G1054,G2259,G5432,G6044,G6817,GR026,G5392,GR070,G5542,G7003,G5413,G2256,G2780,GR067,G6833,G2210,G3244,G3368,G5398,G5425,G5357,G1952,G6100,G6813,G2223,G1483,G1015,GE206,GR069,GE021,G5404,G6934,G6967,G6855,G6832,59288,G2299,GE207,59289,G3324,G5385,G1940,G2712,G6839,G6867,G6944,G6843,G1996,G2253,G2297,G6938,G9747,G5949,G9509,G5944,GE003,GE022,G5950,G1941,GE004,G6918,G3421,G3156,G3115,G1092,GE203,G1918,G6800,G6035,G8365,G2290,G3135,GR028,G2209,G1904,G6952,G1087,G3141,G5403,G6009,G2288,G6099,G6939,G6162,GL707,G3347,G7001,G2224,G6838,G9541,G3133,GE002,GE023,G2222,G7062,G6036,G6941,G2286,GR040,G9548,G8552,G6916,GE030,GE031,GE032,GE213,G8321,G5541,G8329,G6951,GE001,G1077,G2201,GE010,G6933,G2267,G5390,G2221,GF810,G1935,G6923,G2270,G2233,G1084,G5384,G1939,G1478,G7065,G5359,G9518,GE024,G1964,G6025,G6954,G2723,GE016,G1773,G6112,G2729,G2289,GE007,G9547,G6844,G5383,G6022,G9838,G6163,G9839,G6001,GE009,G5361,G7011,G6850,G5406,G2220,G6071,G6866,G6806,G5429,G6053,G6037,G3113,G6074,GE008,G6039,G9840,G1913,G7013,GE011,G9540,G2245,GA006,G8556,GE202,G9837,GR036,G7061,G9746,G6953,G8322,G8207,G2204,G1069,G8328,G6842,G1705,G6814,GE204,GE012,G7014,G1925,G6064,GE025,GE006,G5563,G5951,G6046,GE015,GE013,G6915,G1779,G4652,GE014,GE029,G5412,G9544,G5435,GE005,G2291,G6038,G2601,G8549,G6966,G6093,G2285,G5433,G6851,G2234,G6120,G1908,G3117,G1753,GR037,G6805,G6130,G9532,G8534,G6812,G2273,GR074,G5967,G3131,GE019,G6804,G1937,G3118,G9765,GL705,G6807,G3134,G7006,G6810,G6960,G1780,G1950,G5430,G5397,G7058,G3203,G7016,G9543,G1086,G2232,59279,G5553,G2287,G2720,G6801,G6909,G6802,G2677,G8335,G6047,G1989,G1972,G6959,G6849,G2238,G5945,G8541,G6803,G6945,G6097,G2743,GF809,GE239,G3112,GE216,G7018,G6965,G7015,GE018,G1988,G5437,G2602,GE220,G6040,GE026,G1965,G6073,G6961,G3210,GE217,G8540,G6054,G8331,G5436,GE240,G1784,G8536,G8341,G1932,G4651,G2202,GR066,G6828,G9545,G6826,GE017,G1967,G6957,G1986,G2271,G6809,G9717,G2244,G1910,G8205,GE219,G6903,G6865,G6924,GE205,GR064,G4558,G3120,G3200,G6955,GE238,G1056,GA038,G8326,G3132,G7017,G1944,G6156,G6917,G5544,G6063,G1049,G6925,G6024,G6065,G1957,G3137,G1943,G1933,G9533,GE020,G6123,G6902,G3213,G8323,GE028,G9523,G5416,G1741,G1785,G2225,GL251,G2230,G6927,GR038,G1980,GE027,G1902,G6142,G1984,G9550,59088,G8220,G6900,G2217,G8546,G2254,GE234,G8199,G6056,G6912,G9546,GL257,G8287,GE201,G6048,G6929,G6908,G5561,G1987,G9517,GE218,GE235,G5405,G8342,G6055,G6808,G6088,G1016,GR065,G6926,G3201,G2226,G9524,G7009,G8219,G6958,G5438,G1966,G6821,GE214,G2231,G8222,G5434,GL255,G2266,G5549,G8198,G9503,G6811,G8190,G5556,G6061,G9819,G2242,G6905,GR071,G6086,G8201,G3308,G5958,GL702,G6066,G5393,59480,GE221,G2255,G8200,G1089,G8213,G3110,G6825,G1997,G6067,G8553,GR045,GR043,GL254,G6059,G6962,G3204,G5439,G2264,G1960,G3111,G6963,GE224,G6956,G2724,GE222,G8221,G8202,G8193,G2263,G5959,G1946,G6102,G6827,G1911,G2239,G1942,G8211,G2654,G1072,G5546,G1927,G3532,G6085,GL253,G5952,GE211,G6060,GE236,G2208,G1048,G5394,G3583,G5957,G6062,G5381,G1916,G4658,G6863,GL256,GL252,G1951,G5326,G6931,59290,G4660,G8223,G5418,G5363,G6901,G6904,G2655,G8194,G5382,G2790,G1482,G8216,G8212,G6964,GF808,G6868,GE212,G8215,G8567,G5365,G5554,G5401,G7068,GE223,GE237,G6115,G6820,G3121,G2211,G6906,G1720,G1914,G1752,G2243,G6143,G4659,G6913,G2056,G9551,G1901,G5362,GR073,G3209,G3142,G6113,G1055,G2727,G8197,G2690,GE210,G2072,G9549,G8332,G6919,G6057,G6098,G1423,G6034,GE226,G7069,G8269,G8204,59297,GE215,GE209,GA005,G6864,G2656,G2658,G2041,G8191,GE225,G6845,G8531,G1985,GF804,G3785,G3756,G2722,G5353,G2772,G9522,G5341,G2652,G8209,G2228,G5409,G1968,G2726,G1176,G6907,G8206,G3207,G6920,G1783,GE208,G2665,G8544,G3686,G1976,G6068,G6819,GE230,G2040,G2246,G5340,G5547,G1193,G5327,G2659,G3206,G8289,GL704,GF803,G8214,G2776,G2236,G3550,G8231,G5395,G2683,G8555,G8558,G2093,GF807,G5545,G9519,G7037,G2688,G6058,G5540,G6030,G7046,G8208,G5422,G2258,G4654,G3781,G3239,GE229,G2687,G5968,G5325,G9520,G6117,G2241,G8538,G2235,G2014,59276,G6822,G1991,G6114,G7057,GF091,G1748,G6011,G2013,G3529,G6930,G5427,G5356,G2048,G6824,G3202,G5367,G2682,G1131,G6033,GL703,G6202,G6856,G9534,G8566,G3568,G1979,G8532,G8347,G8348,G2265,G3212,G1797,G3515,G8533,G3208,G6861,G1955,G6095,G1787,GE228,G1930,G7048,G2033,G2205,GE308,G3205,G3722,G1476,G2090,G6209,G2012,G6911,GE227,G1136,G3663,G1143,G1164,G3790,G2746,G2022,G5364,GF801,G6080,G1799,G8281,G6069,G6070,G3557,GE317,G2032,G8264,G9867,G6818,GE316,G2625,GR034,G2771,G7053,G5402,G3728,G1170,G7036,G3526,G3664,G8551,G5355,G6006,G2257,G2237,GE314,G1183,G5417,G2148,G9869,G3569,G1745,G4634,G5342,G5423,G2015,GR042,G2606,G2061,GE233,G1078,G2113,G3528,G2777,G1523,G2607,G7041,G4632,G4657,G6823,59097,G3746,G4655,G1421,G2069,G6028,G8340,G8203,G3614,G3764,G3701,G2651,G3682,G1712,GE315,G5354,G8217,G8324,G9749,G5366,G5316,G7042,GE101,G1156,GE312,G6661,G1091,GE231,GP201,G6910,G2099,G1906,G5338,G2044,GE232,G3688,G2092,G5339,G6091,G5964,G1152,G7020,GR072,G2001,G1958,G8053,G3693,G1788,G2082,G5374,G8547,G2091,GE311,G3727,G1017,G6005,G5321,GP203,G2774,G8192,G1742,G2674,G3531,G1151,G6131,G7033,GF802,G2680,GF600,G2066,GE313,G8253,GF800,G8263,G5396,G8543,G5963,G1132,G1953,G2049,G2744,G6559,G2079,G2006,G2755,G8245,G8196,G9552,G1495,G3636,G6216,G6012,G3681,G5301,G8548,GB031,G5373,G6013,G5343,G3744,G2034,G5410,G9748,G2653,G1090,G5380,G1798,G1990,G6079,GE309,G5300,G6082,G9870,G2096,G8565,G9574,G9535,G4629,G2011,G8067,G9866,G3733,G6090,G3783,GE310,G1789,G8057,G8189"
113.50,24.00,0.99,0.90,949,"G8557,G2714,G2788,GR039,G2748,G2735,G8350,G2773,GR026,G2783,G8357,G2789,59087,G8352,GR078,G2787,G8365,G8549,G8552,G8355,G2711,G8354,GR024,GR025,GR037,GR061,GR027,GR036,G2712,G2786,G8536,GR001,G8351,GR074,G2780,G8530,G8315,G8341,GR040,G2713,G2736,GR038,G8366,59088,G8546,G2738,G8362,G2734,GR060,GR028,G2791,GR041,G8361,G8367,G8535,G8553,G2729,G8360,G2781,GR076,G8358,G2784,G8356,G8534,GR045,G2768,G2745,GR075,G2737,GR077,G2727,G3422,G2743,G8531,G9753,G2790,G9752,G8353,G2709,GF811,G2782,GR062,G8342,G2702,G2710,GF810,G8567,G2785,G3425,G3426,G9754,G9738,G1483,G2754,G9729,G2732,G8540,G8533,G3423,G8532,G8347,G8348,G8558,G9730,G4558,GR029,G9736,G3365,G3353,G1021,G8308,G8551,G2776,G1020,G8340,G9731,G1057,G2777,G8538,G1085,G9756,GR030,G3303,GR072,G9827,G9735,G1482,G9737,G1478,GR031,G8544,G9750,G4652,G2746,G1064,G9759,G3127,G3123,G8548,GF809,G9757,G9719,G1082,G3427,G8541,G8547,G2744,G8556,GR073,G9702,G2772,G3349,G3368,GF804,G1080,G2728,G8307,GR042,G9755,G9705,G9758,GR034,G3352,G3363,G8568,G3262,G9732,G3350,G8561,G4660,G3326,G2771,G3424,G2775,59285,G3106,G9751,G2704,G3348,G2755,G8306,G4632,G9716,G8312,G3307,G3354,G9867,G9480,G1063,G8539,G3105,G8329,G9739,G9769,G9531,GF803,G8311,G8550,GR043,G3109,G2747,G3304,G8437,G1084,G3351,G4629,G9760,G8566,G9481,59280,G9701,G9871,G3417,G8537,GF605,G3243,G3418,G9869,G3364,G2723,G9530,G3367,G3163,G8327,G3369,G9734,G4631,G9767,GF600,G9733,G1027,G4651,G9872,GF091,G8302,GL708,G9728,G3357,G9879,G1750,G8569,G3421,GF808,G8565,G3248,G9866,G9874,G9768,G8545,G3429,G8304,G3355,G2701,G9740,G4618,G4634,GA037,G9873,G9761,G2724,G3258,G9727,G9766,G4654,G4630,G4664,G2716,G8555,G9764,G1495,G2705,G3419,G1426,G9865,G8301,GR035,G8326,G9762,G3103,G4614,G3257,G3246,GR069,GF606,G3415,G4612,G8300,G3323,G1493,G9878,G3440,G2715,GF100,G9703,G9832,G8328,G8303,G4659,G4619,G9868,GR064,G9870,GL701,G1028,G1753,G1423,G3428,GA029,G4628,G9763,G1060,G1485,G4658,G8543,G1058,G3356,G8332,GL709,G8334,G4635,G2774,G4640,GA031,G1409,G3414,G3437,G1024,G9568,GF807,G4667,GF802,G8323,G1059,G3413,G3259,GL710,GF607,GA036,GA030,G4615,G9877,G3160,G1081,G2721,G1492,G9486,G9581,G5561,G4641,G3263,G1755,G8331,G9741,GF801,G8563,GA035,GA034,G9816,G9850,G9512,G9875,G4657,G3251,G3261,G2770,G1040,G5552,G9863,G9823,GF104,G4636,G3143,G8542,GA033,G1466,G8313,G1460,G5541,59284,G5564,G9826,G1429,G8320,G1025,G1428,GF004,G3247,G1491,G3148,G1473,G8324,G9484,G9697,G3260,GA032,G5551,G9557,G9822,G4644,G1007,G9851,G9781,G1421,G4655,G1073,G9876,G9569,GR071,G9707,G3151,G9485,G8335,G3321,G3333,G5544,G9592,G9483,59097,G9555,GF604,G8321,G4666,G1476,G8322,G9864,G9695,G3150,G4656,G0817,G9862,59094,G9584,G4620,G3335,G9556,G3325,G3416,G2703,GR044,G9553,G2722,G4639,G3159,G3320,G9704,GR065,G3401,G9482,G9560,G9814,G4407,G3240,GF102,GF800,G4638,GA002,59082,G9558,GF092,G4623,G1752,G1499,G3104,G9848,G3411,G1061,GR033,G4610,G8325,G5542,GA001,GR068,GF601,G1481,GL706,G9817,G4616,G1052,G4624,G9833,GF701,G1065,G9783,G9784,G9852,G4617,G9694,G1029,GF007,G3328,G9860,GL704,GF700,G4633,G9594,G1486,G3406,G9853,G9715,G9564,G9561,G1042,G3126,G5543,GR070,G3420,G3164,G9571,G8564,GR067,G1403,GR063,GF101,G9847,G3438,G4559,G4645,G3268,G1022,G9593,G1006,G8554,GR032,59290,G2726,G3412,G4431,G9566,G9562,G9572,G1026,G9846,G5556,G9780,GL707,G0816,G3229,59294,G3266,G3409,G9565,G5563,G1484,G5553,G4401,G4411,G6941,G3338,G3230,G4665,G1011,G2725,G9861,G3405,GF603,G5545,G4538,G9585,GF005,G6967,G1440,GF602,G1488,G3446,G3124,G9776,G8524,G4621,G9856,G4541,G7000,G3269,G6939,G3255,G4668,G2720,G3147,G9528,G6943,G4642,G4453,G1490,G5550,G9563,G9578,G7008,G4454,G9841,G1043,GF006,G4403,G1008,G9842,G3252,G3317,G9488,G1014,G7004,G4555,G9774,G3346,G4643,G3119,G9845,G4535,GR066,G1010,G9859,G6942,G2224,GR056,G3300,G8512,GF806,GA004,G9854,G4653,G2250,G9844,G4625,G8201,G3322,G5547,G3245,G4669,G9813,G9567,G9743,G1083,G6937,G2293,G9744,G4412,G7010,G3253,GL702,G2766,G1424,G3256,G4406,G8213,G2299,GP104,G2227,G4611,G8205,G3144,59287,G4547,G1475,G3234,G8330,G5554,G6859,G1402,GF706,G1406,G8190,G3404,G8207,GL705,G3232,G4408,G4556,G3233,G8333,G2249,G6936,G1401,G4410,G9589,G4661,G8529,G4528,G2275,G4557,G1095,G9724,59081,G9595,G9775,G3318,G5385,G3403,GF704,G4540,G6947,G3162,G5424,G8510,G4527,G3407,G2282,G5360,G9580,G8064,G8336,G5431,G6829,G3146,G3332,G1468,G9773,G3452,G3319,G1540,G9742,G4897,G4409,G3161,G3267,G4400,G3231,G3327,GF103,G1494,G1036,G5546,G6946,G8507,G8528,G8518,G1002,G3311,G2294,G9721,G4554,G1775,G4846,G6831,G1542,G4415,G2298,G5432,G9857,G1046,G2220,G9570,G4405,GL703,G3235,G4534,G9513,G9723,G9777,G2295,G8509,G9582,G5386,G4551,G6944,G9487,GA025,GR057,G5540,G9770,G7003,GP203,G9884,G9855,G1051,G4613,G9815,G1523,G8202,G9782,GA027,G5433,GA028,G2625,G3226,G1519,G2292,G6949,G2247,G3228,G2210,G9596,G9507,G2251,GP105,GF805,G9579,G2707,G3254,G6948,G1099,G5549,G8200,G5383,G3152,GA023,GA022,G9725,G9591,G3227,G5384,G4416,G6935,G9536,G9720,GA020,G9577,G9829,G2216,G9828,G9778,G3122,G8215,GF094,G8199,G1023,G9882,G9772,G6857,G2248,GA026,G2268,G7005,GA011,G8069,G3219,G1009,G9583,G3312,G6938,G9881,G4740,G2218,GA017,G9858,G4637,G2296,G2760,G3238,G2206,G0902,GA013,G9713,G5358,G7063,G9712,G0903,G9835,GP107,GA016,GP206,G5403,G4549,G3454,G1469,GP201,G9586,GA012,GA019,G3329,G6830,G4502,GR059,G9598,G3221,G7012,G9722,G9771,G9587,G1517,G9834,G8525,G3362,GA021,G9491,G3241,G5389,G3153,G8514,G5387,G4550,GP106,G1001,G1094,G9489,G5429,G8526,GP202,GF002,G9709,G4622,GA024,G2624,G4533,G7066,G9514,G3222,G6858,GA009,G9526,G4402,GA010,G4742,G9504,G9515,G1062,G2706,G4899,G3224,G7067,G9996,G9825,G9506,G8506,G7002,G9795,G9706,G4646,G9588,G1053,G6945,G2279,G2601,GF003,G5413,GA008,G6951,G5400,GA007,G1404,G2290,G1489,G1467,GA015,G1044,G5965,G6934,G1774,G1037,G9505,G9824,G1034,GR009,G4404,G1785,G9527,GA018,59075,G9708,G5969,G6950,G3316,G9798"
113.50,24.50,0.99,0.90,634,"G4664,G4612,GF100,G2775,G4619,G2728,G4667,G4614,G4618,G1409,G8569,G4615,G1429,G8548,GF104,G1426,GR072,G8340,G8568,G4666,G4630,GF102,G4610,G2744,G8561,G1428,GF007,59082,G4628,G9879,G8533,G1491,G2777,G8551,G4617,G1492,G1403,G8348,G8347,G8532,G4616,G9878,G8531,G4411,G4401,G2727,GF101,G8550,GF005,G8547,G4620,G9872,G4403,GF004,G4541,GF006,G4407,G8553,G4412,G4406,G1406,G9877,GF092,G8539,G8558,G2747,G4621,G9871,G1493,G1401,G2790,GF606,G4408,G4535,G4410,G1402,G4631,GR038,G8546,G8545,59088,G4639,G2755,G4611,G4409,G4400,GF704,G1460,GR045,G4415,G8567,G4405,G4665,G2746,G8536,G1466,59081,G4557,G9884,G8538,G4551,GF605,G8537,GR042,GF103,G2776,G8341,G4534,G9876,G9873,G8563,G9875,G8549,G9881,G4547,G4629,G9882,GR037,G1424,G9874,G4550,G4402,G4554,GR034,GF003,GR074,G1404,G4404,GF002,GF700,G4556,G1405,G4613,G9883,G8342,G4538,GR036,G2771,G4431,G4632,GF701,G4636,G8552,G4453,G9864,G4549,G8544,G4661,G8365,G4625,G8542,G9863,G1440,G9865,G4454,GR026,G2735,G4668,G1463,GF600,GF001,G8565,GR035,GF707,G2743,G8557,G4555,G9866,G4540,G9867,G4635,G8534,GR078,G4553,G2712,GR040,GF702,G2772,G4622,G4528,G2714,G1482,G2729,G8350,GF304,GF804,G4524,G4527,GF000,G4439,G2773,GR073,GR028,G1485,G2780,G1464,G4558,GF706,G9869,G1468,G1425,GR027,G9862,G8540,GF607,G4438,G1445,GF703,G4531,G8315,G8530,GF601,G4633,G4533,G4640,G9859,G4552,G1484,G2788,G8354,GF705,G2770,G1495,GR039,G8566,GF603,G4644,G1442,G9868,G8524,GF094,G8564,G9850,G4546,GF810,GF099,G1411,G4660,G4523,GF803,GF310,G1469,G2713,G4502,G4643,G4416,G4544,GF312,G8510,G4645,G4526,G2748,G1439,G2783,G4517,G9880,G1467,G9870,GF305,G9860,G4441,G4442,G4634,G9856,G8366,59094,GR041,G4641,GR075,G1462,G4525,G2745,G4569,GF091,G1499,GF604,G4504,G2766,GF602,G1489,G4543,G1483,G8357,G2787,GF202,G1454,G8535,G1486,G2721,GF811,GF809,57989,GF303,G1494,G1414,G9851,G8352,G9861,G4542,G8543,GR056,G8541,G2789,G4501,59087,G2737,G4510,G1490,G2711,G4608,G1455,57988,G8502,G8505,GF308,G1451,G4652,G8503,G8351,G4545,G4512,GF508,G1420,G8355,GF201,G4515,G9853,G1437,GF300,G9857,G8504,GR043,G2774,GR061,G4514,GR044,G4604,G4646,G2784,GF802,G4448,G1478,G1473,G1415,GR024,G2786,GR025,G4654,G9858,G8360,G4638,G4605,G4529,GF200,GF502,G9852,G9854,GF501,G8556,G4548,G4663,GR001,G4568,G8555,G8500,G4506,G8501,G4536,GF503,GF808,G4662,G1446,G8554,G4656,59090,G4444,GF309,G8507,GR068,G4623,G2767,G4642,GF506,G1456,G2736,G1410,G2791,G1448,G1057,G8515,G4508,GF098,G4602,G9855,G8362,GR006,G2734,GF505,G9750,G9752,G4637,G1461,GF095,G4607,G3425,G2738,G4562,G8317,G8316,GF500,G8361,G3368,G2781,G3365,GR060,G4503,G1488,G8367,G1474,GR057,G4530,G1542,G8529,GR011,G4422,G8528,G2724,G1444,G1449,G4567,G8518,G4516,G4507,G4563,G2702,G9753,GR077,G8526,G1465,GR012,G4447,G4522,G4624,G3422,G4657,G2765,G4651,G9730,G1459,G4500,G1481,GR076,GF203,G4744,G1423,G4659,G8308,G8358,G4519,G2768,GR004,G8329,GF801,GF807,G8356,G1496,GR062,GF301,G4414,GR063,G1412,G1084,G4603,G9729,G8514,GP108,G8332,G8336,G1452,G8353,G8508,G1450,G9702,G8324,G8511,G4509,G8325,GP106,G3424,G2782,G2723,G4658,G2754,G2709,GP107,GF209,G4505,GR010,G1458,G8307,GR058,G2708,G1421,G4655,G8512,G8509,G2710,G8326,G3426,G4609,G4520,G1443,G8419,G1082,G2785,GR029,GF204,G4511,G1417,G3106,G8523,G1413,G1085,G9754,59097,G1063,GR030,G1418,G4897,GF800,G9738,G3423,G4601,G1020,G2732,GR007,G4566,GF302,GP115,G9751,G3421,GR064,G4518,G9736,GF507,G4899,G4413,G4560,GF307,G2762,G9728,G4647,G9731,G1476,G4559,G9827,G4462,G8448,G1021,GF096,G3369,G2725,GP104,G3353,GR031,GR008,G1540,G8337,G8323,G8327,G3348,G4521,G8306,G4653,GF205,G9530,G1753,GF504,G8328,G8437,G4748,G3349,G2753,G5561,G9756,GP105,G1441,GF093,GP113,G8312,GF412,G9737,GR059,G9727,G9735,G3303,GF806,G4846,G1064,G2761,59075,G4513,G4742,G8457,G2704,59280,G8302,GF097,G8516,G4450,GR069,G8469,GF206,GF401,G3427,G2701,G1470,G3123,G9759,G3127,GF411,G8506,G9757,G2722,GL708,G9719,G8447,G4561,G8331,G9755,G3352,G4740,G3350,57996"
113.50,25.00,0.99,0.90,445,"GF000,G1425,G1463,GF001,GF703,G1405,G4404,G4525,GF003,GF202,G1404,G4402,G9883,G4552,G4569,G4439,GF308,G1445,G1411,GF312,GF201,G4517,G4553,G4605,G4550,G1455,G4438,G4568,GF303,G1454,G4405,G4415,57988,G9881,G4608,G9884,G1442,G4604,G1446,G4529,G4551,GF002,G1448,G4409,G4546,G4663,G4400,G1401,GF200,G1461,GF707,G4607,G9882,G4526,G1406,G1439,G1474,G4408,G1456,G4441,G4442,G4410,G1449,G4602,G4412,GF300,G1465,G4406,G4403,G4422,GF704,G1459,G1437,GF304,57989,G4534,GF006,G4524,GF005,GF203,G4603,G4444,G4411,G1402,G4401,G1452,G4562,G4541,GF095,GF103,G4611,59081,G9880,GF702,G4523,G4519,G4557,G1420,G1403,G4609,G1418,G1417,GF007,G4530,G4610,G4535,G4617,G4516,GF102,GF310,G1414,G1462,G4647,GF099,GF101,G1415,G4560,GF204,G4549,G4554,G4548,59082,G4621,G4666,G1464,G1412,G4531,G4613,GF305,G4616,GF205,G4536,GF309,G1410,G1429,GF098,G4522,G4563,GF093,G4521,GF307,G4520,G4547,G4510,GF206,G4544,GF104,GF301,G1413,GF302,G1424,G1428,G1491,G4615,G4561,G4622,G4667,G4504,G4665,G4414,G4518,G4567,G4556,G1458,GF506,G1409,G4543,G4413,G1496,G4601,G4620,G4542,GF100,G4619,G4407,G1472,G4612,GF508,GF096,G8505,G4545,GF092,GF209,GF210,G4664,G4512,G4614,G4661,G1492,G4566,G8504,G1451,GF004,G4565,GF097,G4648,G1470,G4505,G4447,59090,GF705,G4618,G1453,G1426,G4662,G4628,G4462,G4639,G1419,G8503,G1471,G4533,G8502,G4606,G8569,GF502,G4540,G4630,G4625,GF212,GF207,G4508,G4600,GF306,G4538,G4453,GF503,GF211,G9878,G4501,GF411,G4528,G4443,GF311,GF500,G4454,G4527,G4649,GF505,G4509,G1460,GF401,G2775,G9879,G9877,G4431,GF700,G1440,G9876,G4425,G4424,G4668,G4503,G4555,G8501,G1443,G1466,G4507,G1468,G2728,GF507,G4423,GF501,GF208,G1467,GF094,G1469,G8568,G4502,GF706,G1493,G8500,GF701,G8548,GF606,G4506,G4511,G9875,G9872,G8563,G8561,G4460,G8550,G4564,GR072,G4416,G2744,G1489,GF412,G1450,G4466,G8340,G2767,G4500,G9864,G8545,G1435,G2777,G9871,G9859,G4450,G4631,G2747,G8551,G4448,G8547,G4514,G4636,G4515,57996,G8539,G8533,GF410,G8510,G9873,G4434,G8532,G8347,G8348,G4467,G8542,G9863,G8448,G1484,GF605,G2755,GR011,G8537,GF603,GF409,G9874,G8531,GF504,G8524,G4646,G1427,G1444,G4643,G2727,G8444,G1434,G1407,G4633,G4629,G1422,G1441,G8515,G1494,GF601,G8558,G4468,GR042,G9862,G2746,G4513,GR010,GF400,G8445,G2766,G8564,GR012,G9858,G9856,G4635,G8553,G9865,G8538,G2790,GR006,G4436,G8441,G9857,G4645,G4432,GR035,G2776,GR034,G4463,G8567,G8508,GR045,G4632,G8457,GF602,G8546,GR038,59088,GR056,G8565,G2771,G9866,G4644,GF607,G8455,G8316,G8317,G2765,GF600,GR022,G1485,G1430,G8511,G9860,G2770,GR004,G1490,G9861,G4459,G8536,GF405,G4455,G4640,G2753,G8341,G8544,G9850,G9867,G2751,G8447,59094,G1499,GR021,GF406,G8507,G4435,G1486,G4637,G8549,G8342,G9854,GR037,GF604,G9855,G8458,GR074,G9869,G8526,G9868,G4744,G2772,G1495,G8454,G4458,GF804,G1431"
113.50,25.50,1.00,0.90,253,"GF206,G4647,GF205,GF212,G1418,G4560,G1471,G1417,G4561,GF093,G4603,G4609,G1452,G1459,G4521,G1474,G1449,GF203,G1465,GF211,G4607,G1472,G1461,G4600,G4606,G4422,GF210,GF204,G4565,G1448,G4568,G4602,GF307,G4519,G1446,G4605,G1456,G4648,GF201,GF308,G4663,GF311,G4562,G4529,GF095,G4604,GF200,GF202,G1455,G1453,57988,G4444,G1412,G4608,G4520,G4525,GF302,G4424,G4530,G4516,G1419,GF207,G4569,G1413,GF303,G4518,G1454,GF300,G4413,G4423,G1470,G4443,G1437,GF306,GF097,G4517,GF312,GF096,G4425,G1411,GF301,G4601,G1425,GF703,57989,G4522,G4552,G1458,G4649,GF000,G4441,G4442,G4526,G1439,G4563,G1445,G1442,G4546,G1420,G4439,GF098,G4438,G4414,G1410,G1415,G4548,GF001,GF309,G1463,G4536,GF208,G4566,GF411,G4462,G4553,G1496,GF209,G1414,G9880,G4567,G1405,G9883,G4404,G4523,G4564,GF401,G1404,GF003,G1462,GF707,G4402,G4505,GF304,G4524,GF506,GF310,G4550,G4460,GF099,G4510,GF002,GF305,G9881,G1435,G4405,G9884,G9882,GF702,G4415,G4551,G4447,G4409,G4400,G4531,G4544,GF410,G1401,G4534,G1464,G4408,G4410,G4504,G1406,GF704,G4542,GF508,G4543,G4467,G4406,G4412,GF507,G4466,59090,GF103,G4545,G8505,G1402,G4403,G4549,59081,GF006,G4509,G4512,G4557,G4662,G1443,G8504,G4611,GF005,G4554,G4508,G4541,G4411,G1451,G4613,G4401,GF412,G4434,G1430,G4535,GF500,GF502,G8503,G4622,G1403,GF503,57996,G4450,G1407,G8502,G4511,GF505,G4621,GF007,GF101,G4547,G4503,G4507,G4617,G4610,G1422,GF102,G4463,59082,G1424,G4556,G4616,GF400,G4501,G4432,GF705,G4666,G4435,G8501,G1434,G1427,G8444,G4665,GF409,GF406,G1450,G1429,G4533,GF403,G4661,G4459,G4468,GF501,G4458,G4436,GF104,G1491,G1428"
114.00,22.00,0.97,0.90,640,"G1277,G3979,G3978,G3977,G3976,G3975,G3974,G3973,G3972,G3971,G3981,G1191,G3970,G1276,G1292,G1209,G1280,G1179,G3992,59490,G1228,G3997,G1215,G3585,G3996,G1226,G3521,G1212,G1195,G1221,59488,G1236,G1142,G3995,G3994,G3540,G3998,G1217,G1189,G3619,G4005,G1229,G1230,G1224,G3776,G1233,G3641,G1272,G3713,G1270,G3618,G3991,G1243,G3645,G1271,G3647,G3556,G1282,G1211,G3580,G3675,G1130,G1227,G3697,G3752,G1186,G3555,G3717,G3519,G3561,G3669,G1129,G1294,G3501,G3773,59493,G3738,G3718,G3650,G3793,G3747,G1232,G3714,G1204,G3778,G3634,G3775,G3779,G3546,G3720,G1295,G3658,G3631,G1149,G3522,G3576,G1285,G1135,G1153,G3581,G1223,G3980,G3523,G1196,G3797,G1197,M0004,G3715,M9988,G3740,G1146,G3757,G3774,M0003,G1120,G3784,G3648,G3547,G3789,G1237,G1238,G1121,G3759,G2003,G3579,G3530,G1205,G3562,G3761,G3704,G3577,G3524,G3694,G1244,G2085,G3691,G3643,G3527,G2086,G1187,G1206,G3721,G2053,G2037,G1222,G1173,G1240,G3534,G1218,G1299,G1175,G3799,G1283,G3535,G1184,G3684,G3514,G3798,G3765,G3565,G3630,G3659,G3578,G3794,G3552,G1188,G1220,G3548,G2038,G1145,G2083,G3504,G6219,G3699,G3698,G1256,G2084,G1210,G1178,G1252,G3726,G2073,G1174,G3766,G1166,G3692,G3553,G1144,G3567,G3742,G3739,G2077,G1298,G1139,G1273,G3558,G6200,G2028,G1297,G2042,G3768,G2081,G3751,G2050,G2036,G3545,G3518,GB060,G3503,G2089,G3617,G1182,G3987,G2074,G3517,G2010,G3506,G3734,G1177,G3575,G3549,G1161,G3960,G3680,G3703,G2051,G2027,G3696,G3953,G1258,G3758,G2052,G1155,G3725,G3620,G3990,G6204,G3723,G3502,59486,G2031,G3671,G9718,G1289,G2005,G9818,G3573,G1293,G3560,G3796,G3743,G1180,G2054,G3536,G3572,G1125,G2068,G3702,G1133,G3554,G1259,G1286,G3733,59682,G2043,G6208,G3687,G3737,G3559,G3211,G3551,G3640,G3681,G3636,G1154,G3621,G3635,G9521,G9535,G3653,G2035,59487,G3507,G9748,G1137,G3950,G1250,G2017,G3951,G2070,G6210,G3510,G1151,G1190,G5960,G3730,G3566,G3563,G1132,G3513,G3574,G1134,G3649,G3512,G9574,G1152,G3962,G3674,G3626,G3543,G3688,G2058,G2026,G1214,G1203,G1207,G3984,G3985,G3531,G3623,G3544,G3952,G2004,G3678,G3989,G1159,G1148,G6203,G3760,G3614,G3627,G3963,G1998,G2045,G3746,G3791,G1138,G3582,G1261,G1091,G1140,G9749,G2023,G9552,G3783,G3682,G3744,G3956,G1090,G3732,G1017,G3787,G3964,G6213,G1172,G3968,G3525,G3727,G3753,G1278,G1185,G3526,G2076,G2080,G3762,G5962,G1156,G3668,G1241,G3661,G1171,G1274,G6105,G3664,G1162,G3750,G6101,G6214,G3693,G6218,G2071,G1181,G1136,G3557,G1163,G3663,G6103,G3961,G1183,G1147,G3993,G2025,G2029,G2049,G3724,G3569,G2030,G3728,G1165,G6106,G6029,G3695,G3792,59485,G6110,G1954,G3788,G3570,G2018,G3511,G3749,G3666,G1917,G3790,G2008,G6154,G6211,G1255,G1260,G6107,G3538,GB031,G3528,G3764,G1170,G2066,G2065,G6155,G3999,G1143,G3701,G3208,G1290,G3625,G2009,G3689,G6104,G3212,G3969,G6096,G1262,G2060,G3780,G3508,G1131,G9534,G6207,G5968,G3533,G2024,G3568,G1078,G3719,G6201,G3781,G3509,G3986,G6058,G1234,G1235,G2006,G3959,G3955,G6013,G1906,G1254,G9520,G2088,G3515,G3957,G3571,G3622,G3731,G3529,G5961,G3965,G2087,G2062,G1253,G3550,G1990,G1208,G3722,G2007,G3564,G9519,G3202,G3988,G3754,G1985,G1251,G2094,G1164,G3748,G3683,G2091,G1905,G3541,G3542,G1193,G3983,G3205,G3982,G6006,G1263,G3967,G3785,G2002,G3958,G3756,G6057,G1176,G1953,G2019,G1901,G6549,G6012,G1264,G6081,G5303,G6143,G2046,G3954,G3537,G3685,G3239,G3686,G2096,G3966,G2067,G2016,G1265,G2099,G6090,G3539,G2092,G3654,G1202,G6083,G1225,G1269,G6078,G9549,G3624,G3646,G9522,G3516,G2063,G5471,G3520,G6217,G6033,G3633,G5952,G6060,G2048,G1911,G6028,G3795,G2112,G1268,G3583,G6079,G6059,G3207,G6091,G1976,G6723,G3121,G3657,G1960,G1997,G6082,G2075,G1974,G6085,G1072,G2193,GA005,G9551,G1959,G6518,G3206,G3662,G5964,G3532,G6131,G1257,G2111,G6215,G6055,G2044,G5464,G2039,G2022,G1966,G5467,G9503,G1968,G5460,G1048,G6088,G1955,G6056,G1055,G5958,GJ106,G6698,G6048,G2120,G6706,G6702,G6548,G5959,G2020,G3308,G5446,G2102,G6142,G2093,G1717,G6123,G5330,G6005,G6212,G6034,G2032,G3201,G5468,G1701,G1933,G5963,G6205,G1702,G5457,G6080,G9550,G1942,G1089,G6062"
114.00,22.50,0.98,0.90,1384,"G3645,G3713,G3752,G1186,G3501,59493,G3776,G3561,G3669,G3634,G3641,G1130,G3675,G3519,G1195,G3580,G3740,G3658,G3647,G3540,G3757,G3648,G3778,G3720,G3773,G3738,G1135,G3562,G3547,G3555,G3618,G1142,G3585,G3797,G3775,G1187,G3691,G3576,G3546,G3784,G3684,G3761,G3774,G3747,G3694,G3779,G3697,G3565,G3718,G1149,G3619,G3793,G3579,G3717,G3522,G1175,G3530,G1129,G3714,G3523,G3521,G3581,G3504,G1178,G3650,G3527,G1179,G1121,G1184,G3698,M0004,G3548,G3631,G1189,G1188,G3789,G1153,G3766,G3556,M0003,G3759,G1196,G3553,G1197,M9988,G1120,G3721,G3765,G3577,G3630,GB060,G3715,G1146,G3798,G3617,G3751,G3739,G3503,G3534,G3524,G3692,G3643,G1166,G1155,G3620,G3699,G1173,G3696,G3506,G3703,G3704,G1145,G3572,G1180,G3799,G3558,G3552,G3502,59486,G3551,G1161,G1144,G3768,G3659,G3518,G3573,G3653,G3635,G1191,G1190,G1174,G3702,G3510,G1139,G3574,G3575,G3671,G3513,G3514,G3743,G1182,G3507,G3733,G3543,G3559,G3535,G3734,G3758,G3726,59490,G1132,G3578,G3680,G3531,G3783,G3517,G3744,G3560,G3791,G3737,G3794,G1148,G5960,G3727,G3732,G3742,G3750,G1151,G3681,G3636,G1156,G3693,G1177,G3682,G3621,G3554,G3649,G1998,G5962,G3688,G3569,G1183,G6103,GB031,G3764,G3545,G6219,G3528,G3549,G6110,G3567,G3701,G3728,G1152,G3664,G1170,G6105,G3678,G3796,G3746,G6154,G3790,G1143,G1917,G6029,G6101,G3557,G6106,G6107,G1906,G3760,G6096,G6013,G1137,G3661,G6104,G3614,G3663,G3568,G3515,G3723,G1131,G3526,G1185,G1954,G1277,G3722,G3687,G3529,G3979,G1164,G1990,G1133,G6155,G6006,G1136,G1125,G5961,G3781,G3570,G3978,G9748,G3550,G1171,G1193,G3977,G1905,G3509,G9535,G1953,G3623,G6012,G3536,G1176,G3686,G6058,G3756,G3785,G3753,G9818,G5968,G3787,G6033,G6090,G3976,G9749,G6081,G6057,G3780,G3564,G1147,G1091,G1294,G6078,G2073,G9718,G6028,G1976,G3730,G3975,G9521,G3685,G1985,G6091,G6083,G1211,G3748,G1181,G3211,G6079,G1138,G3622,G3583,G3508,G3788,G6060,G9574,G6085,G6082,G3538,G1968,G3532,G3749,G5964,G1974,G6131,G3208,G1227,G3212,G1960,G1955,G3544,G3719,G1911,G3974,G9534,G5471,G9520,G1017,G1901,G1229,G5959,G1959,G6034,G5958,G2074,G6143,G3683,G3539,G6059,G6210,G9552,G1942,G3792,G3633,G2052,G6062,G6080,G6048,G3627,G6005,G9519,G1282,G1243,G3520,G1163,G5963,G1090,G3512,G3516,G1987,G3754,G6123,G1933,G3998,G5952,G2089,G3762,G3537,G1979,G3731,G3973,G1916,G1285,G1165,G3646,G6030,G1997,G6011,G1944,G2043,G5446,G6055,G5468,G1204,G2045,G6156,G3542,G3654,G1244,G6061,G3202,G6200,G5467,G3662,G6095,G1984,G3695,G1932,G3689,G2005,G1910,G6098,G6102,G1236,G2049,G1078,G1228,G3563,G1162,G9549,G4005,G6056,G6054,G1943,G2028,G3566,G3725,G1966,G1172,G2023,G1930,G3795,G1223,G3972,G6088,G6047,G3971,G3997,G1072,G1283,G3657,G5303,59488,G6117,G2066,G1154,G3239,G1209,G6142,G5470,G1958,G3205,G9522,G6120,G1270,G9503,G2051,G3525,G3981,G1902,G3992,G5464,G3121,G6024,G1233,G1215,G3511,G2042,G3970,G6046,G1159,G5469,G6097,G1951,G1721,G3571,G5945,G6113,G2071,G1991,G5460,G3640,G6130,G6163,G6069,G1271,G6001,G3201,G9551,G1986,G6218,G6093,G1989,G1276,G2006,G9550,G3541,G6037,G3207,G3308,G6040,G3626,G1967,G1914,G2038,G3724,G1048,G1272,G2008,G2050,G5957,G1140,GA005,G3533,G1937,G6071,G1950,G1913,G1237,G1935,G1964,G6068,G9533,G1212,G2027,G5474,G5457,G6114,G6038,G5443,G3991,G2091,G1702,G5475,G3996,G6162,G6115,G1972,G2048,G2053,G6053,G6112,G5340,G1134,G3674,G3666,G1918,G6099,G6036,G2026,G6067,G5463,G1980,G6039,G6063,G3206,G6009,G6070,G5441,G1717,G1089,G9717,59289,G3995,G1055,G3582,G6086,G5316,G2086,G5339,G1221,G2081,G1965,GA038,G5951,G5967,G2099,G2080,G5445,G1946,G9819,G6211,G1925,G3120,G5458,G1927,G3213,G2094,G6035,G5448,G6073,G6074,G2092,G1996,G6065,G3210,G6044,G2068,G3625,G3204,G2003,G1949,G9765,G1701,G5465,G6213,G2025,G6132,G6100,G6066,G1904,G3624,G1957,G1981,G3118,G9532,G1056,G2010,G5459,G9840,G6094,G5326,G2096,G5950,G6064,G2004,G5955,G2035,G3209,G6049,G6042,G5954,G1952,G5953,G1922,G1226,G5940,G2083,G6015,G2093,G9540,G6032,G5338,G5476,G1939,G3994,G2009,G5327,G2085,G2062,G2077,G6022,G1230,G2065,G6031,G2054,G6203,G5473,G5944,G2022,G5330,G9839,G6045,G6014,G2030,G1280,G5956,59485,G5949,G1921,G1988,G6043,G2016,G5393,G6050,G3668,G6072,G1908,G6016,G3203,G2041,G9838,G1909,G5472,G6204,G3142,G6152,G6025,G9546,G1995,G3132,G1982,G9837,G1915,G5343,G5302,G1923,G1940,G1928,G6052,G1971,G6017,G5438,G1926,G2029,G5447,G5341,G6092,G3115,G6023,G2044,G6214,G2032,G6208,G2036,G2007,G2024,G5451,G6026,G5328,G1992,G2084,G1718,G1217,G5321,G5390,G1994,G2072,G1924,G5342,G6018,G1292,G6008,G1720,G1993,G6144,G3110,G2037,G1941,G5437,G6151,G1977,G2076,G6027,G6021,G5325,G1920,G1947,G1956,G1086,G3980,G9509,G1016,G6075,G6010,G1206,G5477,G1962,G1238,G9524,G5406,G6077,G1232,GS014,G1963,G5439,G1784,G3133,G1295,G6076,G6201,G6020,G3113,G2090,G6089,G9545,G1973,GS013,G9517,G6019,G2087,G1077,G2015,G5392,G1945,G5466,G1747,G6153,G1240,G1912,G1978,G6128,G3111,GS015,G1224,G2018,G3244,G1919,G5440,G9597,G5320,G5308,G1929,G2002,G5442,G6084,G2017,G2058,G2067,G3131,G1936,G6215,GS012,G6217,GS011,GS005,G2088,G2061,G1793,G1934,G6041,G5317,GS010,G1970,G6051,G2031,G1252,G2014,GS003,G6126,G1961,G2056,GS009,G6007,G6148,G2070,G5388,G5337,G2063,G5391,G3137,G2034,G3135,G3154,G3953,GS008,GS006,G5449,G6207,GA006,GS001,G5966,GS002,G1792,G1740,G5312,G6912,GS004,G2075,GS007,G2243,59298,G1741,G2019,G5344,G3112,G2082,G1948,G1931,G3987,G6209,G1019,G1779,G1259,G2011,G3960,G6205,G6000,G1773,G5946,G5315,G1054,G5456,G9547,G1983,G2060,G5313,G5947,G6129,G9548,G1907,G1220,G5322,G2059,G1261,G1256,G5948,G2040,G9789,G5336,G2231,G3989,G5300,G9544,G9518,G5965,G9543,G5394,G3140,G9747,G1262,G6212,G2046,G6087,G5412,G5398,GE224,G1719,G3141,G1780,G5969,G5454,G1735,G2266,G1299,G3961,G2013,G5395,G2047,G2001,G6003,G6002,G2020,G3153,G6913,G5461,G1049,GA015,G3139,G1210,G1258,G6549,G1786,G9598,G1975,G9523,G3952,59487,G5305,G5387,GA010,GA014,G3956,G5452,G9583,G1298,G2078,G3959,GA018,G5397,G9541,GA021,G6127,G2039,G3158,GA008,G3122,G2012,G9559,GA009,G1062,G5361,G3130,G1023,G1250,GA024,G5404,G1218,G3969,GA019,G1716,GA017,G5307,G9711,G3250,59297,G5400,GA013,G1289,G5389,G3114,GA012,G5335,GA026,G6927,G9510,GA016,G2242,G5306,G1031,G6548,G3988,G5422,G1774,G3964,G1263,G2069,G1710,GA011,G9596,G9536,G1087,G1069,G9779,G5323,GL510,G6202,GA020,GE222,G1015,GL509,G5444,G3963,G5450,GA007,G3128,G1018,G3152,GE225,G1297,GA022,G1079,GA023,G6926,G5357,G6924,G6723,G2236,G1255,GA028,GA025,G1733,G9746,G3950,G2102,G2079,G1205,GA027,G3134,G6901,G2057,G3955,59481,G9502,GL512,G9514,G5359,G9525,G2033,G3267,GE221,GE226,G5521,G5418,G1222,G5436,G1264,GE223,G1071,GL251,GA003,G3319,G1251,G1722,G3136,G6900,G1705,GE215,G1799,G1712,G5425,G9586,G2232,G2021,G2064,G2123,G3318,G3347,G6911,G3125,G1092,G9591,G3329,GE238,G3965,GL257,G3117,G3962,G1775,G1003,G1257,G9595,G1265,G1273,G9745,G5413,G2196,G9554,G3324,G6216,G1711,G2230,G2055,G1032,G3218,G3951,G2131,GE216,G3129,G1253,GL505,G3990,G9744,59480,G5424,G9743,GL255,G1797,G3226,G9712,GL256,G6518,G1260,G6904,GL504,G3146,G5301,G1278,G1030,G5435,G2246,G9508,G3144,GE232,G3245,G3190,GE203,G3242,G2124,GE201,G5311,G3108,GE239,G5405,G1290,GE211,G9579,G9526,G9527,G1083,G3227,G3300,G9513,G5455,G5503,G3220,GL254,G3302,G3162,G1714,G3957,G5345,G3968,G6903,G2198,G3448,G3155,G5358,G9714,G3312,G1000,G1706,G2112,G9713,G9575,G5396,G1293,G3317,G6517,59492,G3443,G3967,G2245,G3330,G3322,G3442,G1034,GE228,G3332,GE230,G1002,G3993,G5502,GE237,G3233,G3231,G5409,G6916,GE231,G3156,G2237,G5504,G3124,G3138,GE229,G3234,G1739,G1798,GL513,G6902,G9590,G9828,G5462,G3145,G5360,G5415,G5510,G3954,G3986,G1047,GL253,G2209,G3327,G3269,G3338,G1097,G6920,G9775,GL511,G5515,G9710,G2133,G1254,G1039,G3454,GL252,G3161,G2128,G3266,G9835,G3238,G0903,G3339,G2244,G3228,G9499,G3309,G0902,G9788,G3101,G3435,G9500,G2239,G5386,G3235,G9776,G3102,G2127,G3958,G9501,G1241,G6544,G6593,GA004,G9585,G1070,G5403,G6915,59294,G9582,G1207,G6910,G6700,GE213,GE233,G3444,G9489,G9774,GE214,G3447,59287,G9580,G2132,GE207,G9709,G3449,G3344,G6919,G6542,G5434,GE205,G2101,G9477,G3345,G2235,G9478,G3147,G1022,GE234,G6817,G2120,GL516,G3984,G3985,G5429,G5310,G1274,G5363,G3229,G5309,G6555,G3311,G9562,G2194,GE227,GE202,G3966,G6722,G6905,G2240,G5430,G9594,G9577,G1268,G9504,G2252,G1202,G2197,G3314,G6816,G1286,G5416,G6923,59682,G2193,G6848,G2129,G3107,G5432,G6541,G3230,G9578,G3223,G3316,G1093,GE236,G2238,G9498,G3221,G3410,G9593,G9505,G0816,G9491,G6702,G6706,G6918,G3232,G3450,G9506,GL508,G1715,G9829,G9792,G5401,G1734,G1088,GA001,G3362,G6546,GE206,G6917,GA002,G3328,G6560,59476,G9471,G5519,G1203,G6500,G2219,G6698,G1065,G9470,G3402,GJ107,G3241,G9834,GE235,G5431,G1001,G3451,G1053"
114.00,23.00,0.98,0.90,1793,"G1986,G1972,G6063,G1965,G6040,G1902,G1980,G6073,G6024,G1950,G1925,G1937,G6064,G6102,G6065,G6074,G1951,G6038,G5945,G6022,G6067,G6061,G1939,G1957,G6086,G5957,G1916,G6039,G1943,G1908,G6098,G1988,G6025,G6113,G6093,G1984,G1914,G1946,G5944,G6115,G1940,G5390,G6066,G1927,G6062,G1913,G6030,G6034,G1941,G1942,G6035,G5406,G6016,G6011,G6117,G6026,G1952,G6023,G1977,G1968,G5437,G6068,G5326,G1979,G5393,G1910,G5392,G1987,G6014,G6037,G6156,G5340,G6095,G5438,G1991,G1955,G6015,G6036,G6027,G1784,G5959,G1930,G6080,G1928,G6009,G6094,G1747,G6047,G1944,G6114,G6021,G6144,G1962,G1976,G5391,G1981,G6043,G6033,G1992,G5388,G6069,G6020,G5958,G1912,G6028,G5327,G1932,G1773,G5439,G1949,G1793,G3532,G1918,G1993,G6076,G1779,G5964,G6091,G1740,G1720,G6070,G6005,G5398,G6046,G6042,G5341,G6006,G6131,G6085,G6044,G1792,G1958,G1164,G5963,G1786,G3686,G1973,G5412,G1741,G3722,G1953,G6163,G6012,G6079,G1995,G6082,G1780,G6162,G6048,G1906,G1921,G5404,G3154,G6120,G6090,G5400,G5316,G1176,G1934,G1974,G5387,G1963,G1990,G6045,G3583,G1774,G5325,G5361,G5389,G6013,G6078,G1994,G5339,G3153,G5953,G5954,G1933,G5397,G5955,G1923,G3515,G9598,G6001,G5956,G3701,G3756,G1922,G6077,G6148,G1193,G1909,GB031,G3529,G3764,59289,G5357,G6132,G6092,G3528,G3785,G6123,G5338,G1905,G9536,G1961,G1959,G6060,G1960,G6081,G6010,G5394,GS003,G6050,G1170,GS005,GS013,G1920,G6052,G5342,GS001,G5474,G6083,G1924,G3568,GS014,G5359,GS015,G3750,G1143,G9583,G3693,G6057,G6096,G5425,GS002,G6110,G1935,G9596,G3122,G1978,G3569,G3550,G1948,G6099,G1131,G3783,G3744,G1936,G5940,GS006,G6104,GS004,G6154,G1705,G1971,G1183,G3727,G5413,G3790,GS012,G1775,G1156,GS008,G5468,G5321,G5961,G1917,G3728,G6103,GS011,G3685,G1964,G6017,GS009,G6049,G6107,G6041,G5436,G3732,G1911,G6054,G5343,G5395,G5446,G5441,GS010,GS007,G3791,G9595,G5424,G6051,G3543,GL251,59297,G3318,G6029,G5962,G5475,G5302,G6089,G3574,G3513,G6032,G1190,G5471,G6106,G3682,G5473,G3531,G3781,G5435,G1148,GL257,G5358,G6071,G3267,G1023,G6059,G3664,G1915,G5418,G6105,G6100,G5422,G3510,G3653,G3551,G1083,G3509,G5965,G3557,G6155,G1954,G1982,G3635,G3564,G6084,G1996,G3245,G6130,G1956,G6112,G6058,G5476,G1931,G1132,G5470,G1970,G6101,G3663,G5360,G6031,G1721,G3507,G3572,GL255,G6055,G1998,G1945,G6007,G3317,G1985,G1180,G3633,G6053,GA026,GA017,G5405,G5451,G1983,G3748,G9744,G9743,G1155,G3319,G5467,G3620,G6097,GA021,GL256,G5320,G5968,G5969,G3269,G5386,G3661,GA013,G3702,G3300,G6018,GL254,GA019,G3559,G5300,59298,GA010,GA020,GA025,G3696,G3152,G3570,GA011,G3573,G6152,G5960,G3733,GA015,G5337,G3703,G6008,G3539,G5469,GA016,G3520,GA028,GA012,G5403,59486,G3502,G6019,G6000,G3688,G6056,G1901,GB060,GA022,G1929,G3746,G6072,G1136,GA027,G1799,G1997,G1989,G1947,G3526,G3678,G3338,G3617,G1904,G1151,G3662,G5950,G3649,G3147,GA023,G5322,G3780,G1185,GA009,GA024,G3503,59294,G3743,G6143,G6151,G5966,G1926,G6153,G1062,G3751,G5952,G3516,G3737,G5305,G3553,GA018,G1161,G1712,G3506,GA008,G6128,G3622,G3766,G3124,G3671,G1797,G3760,G6142,G6088,G1719,G5429,G1152,GL253,G1966,G1178,G5432,G3636,G3681,G3614,G5472,G5947,G3739,G3144,G5409,G5948,G5312,G9593,G3698,G3504,G1716,GA014,G5951,G3621,GL252,G5946,G1710,G1907,G1171,G6002,G5949,G5430,G3560,G5452,G1967,G3758,G3548,G3575,G3692,G5431,G5434,G5323,G3565,G3646,G6126,G3266,G1166,G3684,G3268,G1188,G3518,G3558,G5550,G5308,G1975,G3508,G3554,G5967,G5416,G3683,G3768,G5315,G5384,G1065,G3250,G6075,G5448,G1919,G9840,G9503,G3680,G5463,G1147,G3734,G6127,G6087,G1184,G5301,G1175,G6129,G5363,G3537,GA007,G9520,G5306,G3765,G1182,G3753,G3699,G9711,G1187,G3630,G3691,G1144,G5464,G5383,G3146,G9550,G9591,G3562,G1072,G3654,G3719,G3322,G9540,G1137,G1061,G6003,G9839,G3798,G3694,G5396,G9594,G9533,G1139,G3115,G3787,G3648,G9765,G3761,G3201,G9553,G1079,GA002,G9514,G3538,G9532,G3547,G3527,G1145,G9519,G9534,G9597,G3788,G3740,G3757,G5401,G1174,G3212,G5443,G9717,G5465,G3517,G9559,G3208,G3657,G5385,G9586,G3118,G3721,G3162,G3579,G3784,G3530,G3796,G3795,G1714,G5543,G5344,G3623,G3534,G9838,G5307,G3749,G3658,G1135,G3797,G3552,G1798,G3774,G9549,G3158,G1181,G3634,G1177,G9749,G3720,G9592,G5311,G1121,G3329,G1031,G3577,G3210,G5445,GA001,G3576,G3778,G3759,G1022,G1711,G3754,G3321,G9509,G5447,G9776,G9585,G3789,59493,G3308,G3501,G5440,G3726,G3226,G3546,GA038,GA032,G3523,G5460,G5362,G1149,G1091,G1173,G3669,G3687,G3561,G3643,G3775,G3120,G3522,G3779,G3581,G3659,G5457,G1120,G3247,M0004,M0003,G3524,G3773,G3234,G3121,G3738,G3519,G3233,G3799,G1783,G9837,M9988,G1197,G3244,G3549,G1019,G1186,G1196,G3320,G1153,G3752,G9513,G3747,G5456,G3139,G3631,G9748,GA003,G3742,G1702,G3542,G5382,G3714,G5458,G9704,G1133,G3793,G3715,G3718,G1146,G9525,G9562,G3555,G3731,G5433,G3332,G1130,G1787,G3114,G3213,G3133,G3675,G9579,G3650,G3229,G1785,G1129,G3580,G3514,G3328,G3150,G3704,G1048,G3143,G9535,G3545,G3203,G3723,GA033,G3645,G9712,G3717,G3140,G1056,G3227,G9502,G9522,G3231,G3202,G1002,G3697,G1138,G3647,G3535,GA035,GA034,G3578,G3713,G5466,G5449,G3148,GA004,G1125,G1089,G9551,G1077,G5427,G9774,G9789,G3794,G5459,G3792,G3151,G1003,G3776,G3641,G3618,G9819,G9784,G9783,G5417,G5303,G5454,G1018,G3113,G3567,G3239,G0816,G9775,G3730,GA030,G3556,G1017,GA036,G5450,G3536,G5381,G3312,G3261,G1054,G3327,G1032,G3230,G9554,G3136,G1717,G1748,G9713,G3540,G9526,G9556,G6219,GA005,G3135,G5551,G3204,GA031,59287,G3207,G5477,G1163,G1195,G3161,G3619,G9574,G1086,G5442,G9818,G1743,G5444,G9560,G9521,G3132,G5345,G1722,G1142,G3544,G9527,G9561,G1189,G5461,G1055,G9779,G3205,G1060,G9578,G9558,G9828,G1078,G3585,GA029,G9552,G3689,G1791,G1165,G3190,G9512,G5380,G3521,G9557,G9510,G9546,G9580,GL706,G3235,G3211,G3125,G1030,G9714,G9548,G1742,G1715,G9747,G9584,G3130,G3228,G3131,G9718,G3302,G3206,GA006,G0817,G3762,G9745,G3627,G1034,G5462,G1701,G1090,G9545,G9582,G5455,G3448,G9547,GL705,G1744,G3695,G3323,G3141,G5564,G1007,G3333,G3103,G2048,G1179,G3238,G1745,G3454,G9555,G9835,G3209,G9518,G0903,G5310,G1071,G3442,G0902,G5365,GL701,G1029,G3242,G3128,G2049,G9826,G3311,G3232,G1016,G9741,G3155,G1755,G5379,G6210,G3164,G9541,G3330,G9524,G3110,GA037,G3335,G5378,G9517,G2066,G9763,G9572,G5309,G1015,G9544,GL707,G9590,G3541,G3512,G3112,G9764,G5328,G3220,59481,G1162,G3142,G2045,G3571,G1788,G9489,G9508,G3443,G1008,G3428,G1087,G2093,G3218,G5549,G9528,G2041,G1733,G3102,GL710,G3137,G5375,G9543,G9709,G9577,G2073,G1718,G3309,G9569,G9499,G3129,G5330,G3401,G3511,G5542,G3248,G3111,G1172,G9780,G9581,G2072,G3357,G5410,G9733,G2091,G5353,G2006,G1039,G3429,G6912,59490,G5324,G9829,59492,G3163,G1036,G3339,G2023,G5552,G3356,G3160,G3344,G1069,G3435,G3101,G9500,G3138,G2052,G9504,G5374,G1097,G3243,G9788,G1191,G3221,G2099,G5563,G5313,G9841,G2074,G1000,G9501,G9491,G9734,G9575,G9478,G3345,G1099,G2022,GL504,G1092,G3525,G3449,G2043,G9761,G9746,G3351,G9762,G3347,G2092,G3324,G1704,G1703,G3314,G3108,G3362,G3563,G5317,G3533,G1049,G9506,G5356,G9781,G9505,G3316,G9531,G3406,G2231,G3304,G3446,G1047,G9834,G2071,G3241,G3447,G9814,G3407,G9523,G9570,G3566,G1001,G3624,G2056,GL709,G3437,G1750,G3444,G2008,G5504,G3134,G1028,GL509,G5553,G2266,G3355,G3223,G5399,G1093,G9842,G9477,G2032,G1053,G9568,G6218,G3105,G3410,G5402,G5350,G5376,G3724,G5352,G9481,G2243,G3145,GE203,G9996,G3367,G1159,GE224,G5336,G6927,G2089,G3402,G9721,G2005,G1739,G2094,G1789,G1037,G5546,G9470,G3117,G9471,G9720,G1006,G6924,G2232,G5366,G1294,G3450,G5367,G9716,G5373,G2090,G9507,G2096,G9760,G9710,GL508,G9724,G1154,G9723,G9772,G1040,G9498,G9475,G9476,G9480,G2044,G3666,G5500,G9824,G1052,G2014,59285,G3350,G2242,G9722,G5517,G3307,G9725,G5515,G3156,G5407,G9474,G5371,G9732,G3224,G5411,GL505,G1713,G3725,G9773,G9740,G1014,G1746,G6926,G6913,G9816,G9473,G1070,G6916,G3451,G1009,G3225,G3364,G6200,G3326,G2015,G1058,G9755,G3107,G2040,G1045,G5419,G9792,G9770,G9472,G1140,G9695,G5355,G6816,GE216,G1211,G9515,GL702,GE222,GE238,G9825,G2209,G9708,G2245,G3219,G6900,G9771,G3157,G9742,G1749,G2240,G3440,G9694,G3626,G9563,G5364,G9782,G1088,G5372,G9822,G3246,G9791,G5351,G9805,G9697,G2061,GE221,G2252,G2016,G9799,G6211,GE239,G9798,G9794,G9777,G9565,G6209,G5521,GL708,G2028,G9801,G5414,G1033,G6817,G3625,G9817,G1227,GE207,G2051,G3240,GL506,G9795,G3640,G2230,G1051,G3349,G1095,G9726,G3413,G2219,G2013,G9576,GL512,G9539,G3405,G1064,G9778,G6901,G3427,G6848,GE213,G5314,G3249,G3237,G3263,G9803,G3236,G9800,G1044,G6903,G5541,G2062,G3222,G9807,G9793,G5354,G1796,G2080,GE225,G5423,G9823,G9588,G9739,G3582,G9813,G9797,GE223,G2026,G3348,G9806,G3674,GE201,G9587,G1011,G9804,G3127,G5554,G1244,G9815,G1134,G9802,GE226,G6915,59480,G1080,G2025,G3403,G2082,GE206,G6918,G2042,G1285,G1794,G9827,G2236,G5540,G3346,G1229,G3438,G9796,G2009,G2012,GE215,G2034,G6923,G3363,G1282,G9707,G9759,G3257,G1277,G6202,G3979,G1094,G1046,GE202,G5368,G6902,G5408,G9731,G1243,G2065,G6904,G2274,G2244,G3978,G6213,G1204,GE211,G2281,G1283,G3977,G9564,G5377,G5369,G3418,G2001,G9735,G5502,G2011,G9530,G9848,G5370,G6857,G2253,G1735,G3258,G9706,G6837,G6215,G2027,G1020,G9573,G1010,G3976,G1024,G9705,G2007,G5556,59485,G9757,G2033,G2272,G2069,G3354,G2030,G3414,GL510,G9487,G3303,G3975,G9844,G6852,G2233,G5522,G1085,GE205,G1223,G2050,G3998,GE204,G2246,G3310,G2238,G9719,G9482,G2059,G9589,GL703,G9751,G2222,G3423,G5428,GE237,G9727,G9715,GP004,G6911,G6205,G2004,G9758,G6858,GE214,G2260,G2732,G9567,G1782,G2024,G6836,G1082,GE234,G3369,G2239,G2078,G6855,G2038,G2256,G3668,G2259,G6847,G1591,GE230,GE003,G6217,G3974,G6831,G1586,G6203,G6860,G2068,G3251,G2206,G6917,G3404,G6805,G2249,G1790,G6806,G9486,G5547,G2079,G2029,G9566,G1781,G6834,G6905,G1587,G4005,G9845,GE004,GE021,G1236,G9729,G3104,G5544,G2035,GE217,G2247,G2067,G2047,G3325,GE031,GE030,GE032,G6920,GE016,GE229,GE002,G2075,G3106,G1059,G9728,G1501,G2002,G2081,G5503,59290,G9483,G2063,G6214,GE235,G2223,G6835,G1572,G2201,G6212,G3159,GE029,GE228,G3123,G2234,G9703,G1228,G6909,G1795,GP201,G2087,59284,GE001,G9756,G6919,G1042,G1063,G3419,G1270,G5335,G3353,G6201,GE236,GL507,G9766,G6925,G3973,GE232,G6813,GE220,GE015,G1233,G2782,G2710,G1237,59488,G9702,G6216,G2053,G9571,G6830,G9846,G6800,G3260,G6908,G6804,G3997,G9488,G1523,G2237,G9767,GE013,G9730,GE012,GE219,GE023,G6853,G2020,G2261,G6841,G3262,G2054,G3421,G2208,G2275,G6859,GE022,G4975,G9847,G2010,GE011,GE014,GE024,G2076,G1753,G2248,G3424,G9833,GL516,G2785,G1271,G3422,GE231,G2021,G9753,GP003,G2235,G6814,G2055,GL513,G2282,G3255,G1215,GE212,G1209,G2204,G2088,G9832,G2086,GE240,G1027,GE010,G2221,G2019,G3992,G9701,G3972,G1081,G6807,G3971,G4801,G9769,G2709,G6803,G2251,G2018,G5507,G9485,GP002,G1272,G2250,G7060,GE019,GE009,GE218,GE233,G3412,G2124,G1021,G5545,GE025,G2064,G3425,GE227,G1734,G9752,G4843,G3981,G7066,GR076,G1507,G6833,G6204,G5501,GE008,G3991,G2077,G6208,G3365,G6910,G2039,G3970,G8358,GE007,G3416,G2280,G1706,G6906,G1588,GE006,G9738,G2276,GE208,G2083,GE209,GP203,G2057,G2123,G6829,G6810,G1598,G2003,G2270,G6548,G9737,G1752,GE028,GE005,G6207,G2279,G6801,G2241,G2202,G3415,G1126,G1043,G1212,G3352,G7059,G3109,G2046,GE020,G2268,G2226,G4708,G8361,G5561,G1276,G3656,G2734,G3996,G9754,G6809,G1084,G9736,G8356,G6867,G1592,GE026,G6812,G1025,G6931,GP202,G6851,G2085,GP001,GE210"
114.00,23.50,0.98,0.90,1538,"G5551,G5543,G3150,G5564,GL706,G1755,G3148,G5550,GL710,G3268,G5552,GL701,G1061,G5385,G5431,G5542,GA033,G3147,GL707,GL709,G5432,G9592,G9593,G3323,G5386,G5360,GA032,GA034,G5384,GA035,G5383,G1750,G5433,GL705,GA036,G5563,G5403,G3248,GA030,G1065,G5429,G1060,GA029,G5358,GA031,G3247,GL708,G3269,G5553,G9553,G5430,59294,G5424,G3163,G3105,G5413,G5541,G1785,GA037,G5425,G1775,G3348,G1083,G3243,G5549,G5435,G9530,G3143,G5416,G5357,G3317,G9733,G3338,G5359,G3321,G3103,G1705,G9595,G1774,G9531,G3349,G3245,G9727,G5400,GL702,G5381,G5404,G9751,G5434,G5546,G3369,G5365,G5389,G3350,GA002,G3351,G1786,G5382,G5361,G5436,G3318,G9536,G5405,G5398,G1082,G9728,G3106,G5401,G5363,G5353,G5362,G5387,G1085,G5556,G3357,GL255,GL253,GL257,G5397,G1063,GL251,G9755,GL252,GL254,G5554,G9827,G3300,G9732,G5412,G3304,G1780,G3261,G9764,G5544,G1020,G1773,G9594,G9598,G9702,G3421,G9596,G9743,G9744,G1783,G3153,G3124,G1779,G9734,G1064,G5391,G3424,GL256,G1753,G5356,GA001,G3266,G5388,G5367,G1748,G3320,G9731,G5540,G1740,59285,G9716,G5427,G3267,59290,G9729,G9704,G3429,G5418,G5409,G9730,G3122,G9583,G3151,G3427,G3326,G1792,G5392,G5364,G1741,G5402,G5547,G3423,G1787,G5406,G1793,G5355,GL703,G1747,G9481,G3365,G9512,G9480,G1745,G9763,G1941,G3307,G5394,G1784,G1084,G5423,G5390,G3425,G5366,G5417,G1977,59297,G5561,G5437,G1912,G3319,G5354,G3154,G3428,G9753,G1962,G1022,G9760,G3127,G5374,G3367,G6027,G3368,G9752,G9750,G1788,G9761,G1752,G3328,G2732,G6020,G1057,G6025,G1940,G1797,G6026,G5545,G9556,G6021,G5422,G1908,G3422,G6023,G3144,G1934,G5439,G6076,G6144,G1023,G1742,G9557,G5373,G5395,G1988,G9735,G9759,G1523,G6148,G9741,G5438,G5410,G6022,G1799,GP201,G9762,G9784,G9783,G3355,G1973,G1928,G1939,G1992,G6016,G1789,G5944,G1080,GS001,G9562,G6064,G9560,GL704,GS002,G1993,G1961,G1948,GA025,G5399,G5380,G9585,G5393,G2782,G1720,G3364,GS003,G5414,G3356,G9826,G4651,G9776,G3229,G1957,GS004,G1007,GA028,G8360,G3303,GA026,G9584,G1704,G6014,G3322,G0817,G2784,G1712,G9558,GS005,G3152,GA027,G5375,G6073,GS006,G5371,G1963,GA017,G6065,GA020,G3333,G3363,G2710,G1952,G6074,G1925,G6066,GP203,G6043,G5369,GS008,G1965,GA022,G5396,G1743,G9555,G5341,G9581,GS007,G6015,G5326,G9757,GA013,GA023,G4975,GA011,G5325,G1798,G5378,G5372,G6077,G3160,G1478,G2737,G5965,GA019,G5301,GS015,G0816,G9561,G5411,G6063,G1936,GS009,G1927,GA021,G1946,G2734,G1980,G6086,G1028,GA016,G6094,G6035,GS013,G9740,G4658,G9739,GR076,GS012,G6041,G1994,GS011,GA012,G9719,G1972,G5376,G1978,G6067,G5327,G1796,G3146,G6039,G1995,GF811,G1981,G9705,G8361,GS010,G6010,G3335,GA010,G1749,GS014,G8358,G8351,G6051,G3230,G3437,G5324,G2785,G6038,GP202,G1950,G2786,G1920,G1937,G3162,GR001,G1746,G1483,G3234,G1923,G4652,G2709,G6040,G1744,G1714,G5370,G6115,G5969,G9568,G6042,G1986,G9774,G3353,G5957,GA024,GA009,GA015,G1921,G9569,G1931,G6092,G1791,G1029,G5350,G5342,G3233,G1949,G1924,GA004,G4659,G1062,G1914,G6009,G1909,G9758,G1913,G6045,G5340,G6036,G1983,G8366,G6093,G5945,G5300,G5408,G9756,G1423,G5311,GR061,G4843,G6052,G6068,GP200,G3246,G5956,G1476,GA008,G1951,G3354,G9591,G5419,G6113,GR060,G1902,G5305,G6024,G3440,GA018,G1710,G6044,G3401,GF809,G3164,G5953,G6089,G5954,G1058,G6114,G5321,G1794,G5955,G5352,G1716,G6037,G3332,G1970,G3418,G6050,G2713,G5323,G1922,G6084,G9578,GF807,G3123,G9781,GP206,G6007,G5368,G1971,G6070,G8356,G1918,G5379,59298,G5338,G3226,G1991,G9513,G6017,G5407,G3231,G6000,GA014,GF808,G5322,GF810,G9572,59287,GP004,G9738,G1002,G1711,G1943,G1715,G1719,G1713,G6102,G5343,G9586,G9775,G5351,G6132,G5452,G1040,G8355,G8367,G6069,G5316,GA007,G6117,G4734,G1021,G6098,G1501,G9514,G5339,G6002,G9816,G3329,G3250,G6061,G9579,G5337,GR024,G1945,G1984,G9814,G5302,59097,G5428,G3327,G5940,G1956,G5320,G3257,G6162,GF801,G4708,G9754,G5306,G2738,G1916,59087,G3258,G3227,G3413,G8354,G6047,G1930,G1975,G5966,G1079,G2783,G9780,G3161,G5948,G1421,G4655,59289,G9711,G2789,G1910,G5947,G6049,G6030,G1790,G6127,G4801,G1915,G3262,G6046,G6011,G6095,G1907,G6163,G3406,G9712,G1781,G6156,G8353,G9580,G1929,G9528,G2768,G3263,G5946,G1517,G1982,GR027,G2780,G1979,G9736,G1008,GR025,G5473,G5312,G6062,GP005,G8357,G3426,GR028,G6019,G1987,G6032,G1944,G1958,G4654,G5377,GF800,G1942,G9822,G6001,G5451,G4657,G9695,G9697,G3312,G3232,GA003,G1932,G9737,G3235,G6034,G4669,G6087,G5474,G6018,G9823,G6153,G1507,G6120,G1052,G9713,G6099,G9559,G6080,G8362,G2736,G5310,G4558,G1475,G6003,G2729,G5307,G4660,G5315,G6008,G9828,G6128,G1935,G4559,G2788,G1947,G1031,G1519,G9582,G3228,G9525,G1024,G5959,G1795,G1782,G5476,G6031,G9841,G5441,G1968,G3311,G6129,G6100,G1955,G4805,G2712,G3414,G1006,G9526,G9767,G3446,G3158,G8534,G4733,GP210,G6151,G6126,G1003,G1964,G1506,G9769,G3352,G2748,G3240,G6152,G5958,G4856,G6005,G5345,G1572,G9694,G8352,GR078,G1580,G9701,G1996,G9502,G9766,G5963,G1032,G9817,G2743,GF091,G3419,G5475,G5309,G1703,G9527,G8350,GF803,G5308,G9842,G1926,G9707,G1027,G9554,G3238,G3532,G5462,G1976,G6072,G5964,G9835,G0902,G0903,G3454,G1933,G6048,G9703,G6131,G2791,G2711,G6033,GP001,G3114,G1036,G4803,G1919,G6071,G6028,G6091,G6085,G2781,G2714,G9714,G1034,G6112,GP209,G3109,G6123,G2787,GR062,G3190,G1508,G9577,G9486,G3139,G5344,G1482,G8365,G3136,G6082,G1059,GF806,GR026,G5472,G5950,G9565,G1974,GR077,G6079,GP003,G3251,G3407,G1014,G6054,G1904,G3302,G6075,G6053,GF802,G4706,G3448,G3583,G2735,G1030,G9489,G1018,G9848,G9829,GF804,G5468,G4634,G6130,G2754,G9563,G1959,G5455,G9832,G3405,G3686,G9709,GR029,G9597,G1099,G3438,G3442,G1722,G6006,G9570,G6090,G5949,G1960,G5450,G6078,G5314,G1953,G6012,G5446,G9482,G9564,G1481,G1019,GR039,G9724,G5456,G1721,G4653,G6060,G1164,G1176,G1509,GR031,G1011,G9721,G3417,59284,G3221,G3140,G3102,G3722,G5470,G9590,G9491,G3756,G3125,G9504,G6083,G6097,G3330,G4731,G3155,G1990,G9773,G6081,G3415,GP214,G4624,G3785,G9745,G1193,GP006,G3362,G9483,G1906,G3325,G9715,G5444,G5440,G1081,G9723,G3242,G9768,G1911,GP002,G1905,G6013,G9834,G9507,G3115,G3515,G3241,G6057,G1989,G3309,G9499,G8544,G3260,G5951,G1586,G9789,G9720,G5454,G9813,G9869,G3529,G3346,G1001,G9742,G1591,G9506,G5469,G3104,G3344,G3159,G8557,G3244,G3685,G1095,G1526,G9779,G9505,G6059,G3314,G9870,G9725,G9840,G9772,G3701,G9770,G5471,G9509,G9478,G6055,G3316,G3345,G2702,G1527,G3550,GP104,G9867,G3443,GB031,G3764,G2773,G5467,G1039,G9839,G5449,G1053,G3528,G1528,G1502,G3568,G3339,G8311,G9996,GF805,G3220,G9782,G9540,G4656,G9777,G5967,G5448,G1170,G5500,G5961,G1010,G6096,G8341,G1009,G3435,G3101,G9500,G1495,G1143,G9722,G3449,G9566,G1473,G1131,G3403,G6056,G2716,G9838,G9788,G9510,G1051,G1042,G1037,G9485,G6104,G5447,G3219,G9501,G6110,G1054,GR030,G3633,G1071,GP213,G1967,G3133,G3223,G1093,G6154,G9844,G3569,G1595,G9508,G3402,G3224,G3790,G3693,G5461,GP208,G1097,G3750,G9532,G1917,G9824,G9771,G9833,G6107,G6142,G9765,G3410,G4846,G3662,59293,G9571,G5463,G1183,G2704,G3728,G3259,G9778,G1582,G9470,G9515,G1997,G9868,G5466,G3130,G6103,G4623,G9837,G3118,G6088,G3564,G3781,G9815,G5465,GP514,G9825,G4902,G9471,G3520,G1966,G9476,G1077,G3416,G2715,G1156,G3727,GR045,G3744,G3138,G3783,G2776,G3447,G9567,G9846,G5517,G1046,G3218,G3509,G9847,G6029,G1025,G1045,G3539,G9475,G1985,G1588,G9708,59492,G3135,G3748,G1540,G4969,G3732,G9477,G6058,G2705,G4632,G9589,G4641,G6106,G9845,G1587,G5952,G6155,G3450,G3128,G9795,G5962,G3444,G3516,G1901,G9717,G9473,G9474,G9798,G3225,G8549,GF600,G1954,G3791,GL508,G3222,G8303,G9472,G3210,G9587,G3113,G9533,G4740,G9799,G3664,G6143,G3129,G9747,G3557,G9550,G3157,G6105,G3682,G3404,GP211,G5445,G1044,G1571,G3543,G9588,G9503,G3203,G5443,G5968,G9487,G1033,G3412,G9498,G9866,G2790,59481,G1516,G1000,G2249,G3663,G1047,G8535,G9575,G9794,G9484,G3236,G1148,G9801,G9539,G6101,G9488,G4638,G9548,G3531,G3451,G5442,G9851,G4822,G3574,G6857,G3120,GA038,G3513,G3201,G9576,G1094,G3141,G3255,G5464,G9726,G1015,G1190,G2746,G3646,G9800,G6831,G3570,G4973,G1598,GP105,G9791,G3780,G8308,G8558,G9797,G3622,G9796,G1998,G4640,G3510,G3661,G5458,G1733,G8552,G1072,GR041,G9805,G9547,G3411,G5477,G9541,G3653,G1132,G9852,GA006,G9792,G1056,G9518,G3551,G9803,G3635,G3213,G1086,GL504,G1136,G5504,G9706,G6859,G3108,G8312,G5457,G9802,G3308,G3507,G1087,G1485,G3107,G3145,G3526,G9850,G3537,G2250,G2247,G1488,G2275,G3657,G3654,G3683,G1185,G4650,G8530,G8306,G5459,G3131,G3237,G3249,G8315,GR037,G3746,G1702,G5460,G3572,G6816,G9804,G6858,G1088,G4894,G2206,G3795,G1573,G1073,G3688,G3678,GP205,G1180,GL506,G5960,GF604,G9710,GP212,G1043,G9806,G2282,G1592,G3310,G3559,G1739,G3324,G3508,G3702,G6837,GF607,G4897,G3649,G4629,G3132,G1092,G1155,G9865,GP510,G3620,G8553,G9793,G9549,G3760,G1151,G3733,G1171,G2240,G9520,G6852,G1089,G9544,G8536,GR036,G1518,G3121,G3347,G3614,G3573,G9819,G1048,G2281,G9807,G2219,G9545,G3696,G9519,G1152,G1026,G9853,G1070,G5515,G3719,59486,G3502,G2252,G3703,G3737,59094,G2745,G3743,G1147,GR040,G2755,GE203,G6830,GR074,G1069,G3636,G3681,GR075,G4742,G9534,G9546,G2248,G6829,G9543,G3204,G3112,GB060,G3621,G2251,G4635,G3212,59280,G3754,G8300,G9746,G3617,G3538,G3671,G9551,GR038,G3208,G4900,G1503,G3753,G3503,G3788,G1161,G3156,G6817,GF605,G2272,G9874,G1717,G1499,G6848,G6836,G9522,G3751,G6834,G9573,G3506,G3256,G3560,GP204,G4644,G3542,G3749,59088,G3787,G8307,G3420,G8546,G3553,G3554,G2209,G8437,G3758,G8304,G6916,GE207,G1486,G3766,G4642,G1181,G1016,G3575,G3739,G3137,G4735,G3731,G1178,G9517,G8539,G6841,GA005,G4901,G9524,G2727,GE206,G1137,G3134,G3202,G1055,G2274,G8301,G3698,G7066,G9749,G3504,GL514,G3518,G2268,G5303,G3680,G3117,G3623,G3239,G3692,G3207,G3558,G3110,G5507,G1166,G3768,GE213,G6918,G8551,G3452,G3734,G3548,G2245,G9873,G1091"
114.00,24.00,0.99,0.90,830,"G4651,GF808,G4652,GF809,G1478,G4659,G1084,G1423,G4658,G3368,G4654,G4660,GF807,G9750,GF091,GF803,G1483,G1057,GF801,G3421,G3424,GF810,G4657,G4558,G5561,G1753,G1063,G4634,G9728,GF811,G4655,G1421,G1476,59097,G1482,G9702,GF802,GF804,G3106,G3365,G3369,G2737,G9727,GF800,G9869,G9870,G2743,G8534,G9751,G9867,G9530,G1495,G8544,GR028,G1752,G2729,G2784,GL704,G5544,G2713,G1082,G4559,G1481,G8366,G3425,G9868,G9730,G1473,G8360,G4624,G2780,G4656,G4641,GF600,G4632,G9866,GL708,GR027,G9752,G2712,G5541,G4623,G3348,G4640,G9851,G8354,59290,G5545,G2776,G1485,G4638,G1085,G4669,GF806,G9850,G1475,G4653,G9729,G8351,GF607,G2746,G9852,G9753,G9865,G5556,GR078,GF604,G4629,GL709,GP104,G8365,G4635,59094,G9853,GR045,G1020,G1488,G9874,G4644,G1750,G5547,G8558,G3422,G2786,G1499,G2755,GF605,G8341,G5552,G8350,G3349,G1519,GR026,G2790,G1540,G4846,G2783,G1486,GR001,GF805,GL710,G2788,GR061,G9873,G9827,G2735,G8539,GP203,G2714,G5542,G5553,G9860,G4642,G5554,G4897,G4631,G1517,GP206,G9871,GP105,G2734,G3423,G1523,G3105,G9862,G1755,G5563,GL702,G4740,GL703,G9863,G9731,G5564,G8355,GP202,GL707,GP209,GF601,G9861,59087,G4645,G8361,G3248,G5540,G2789,GP201,G4636,GL701,G8357,G3350,GL706,G9854,G2782,G8550,G4633,G1490,G4742,GF602,G2732,G5546,G9872,GR024,G1064,G2748,GP200,GR076,G8551,G3163,G8549,GF606,G9755,G5551,G2744,G8553,G1493,G8557,G1542,G8358,G3323,G3243,G9856,G9531,G4975,GR060,G9864,G2710,G9732,G9875,G4899,GP107,GL705,G1528,GR025,G4650,G3427,G4734,G1484,GF603,GR039,G9733,G3148,G8352,G3150,G9855,GP210,G2727,G5549,G3351,GP106,G2709,G9879,G4643,GA037,G5423,G8367,G2773,G9877,GP115,G5364,G2785,G2738,GR072,G2787,GA029,59285,G9735,G3127,G1060,G8356,G8536,G3326,G5367,G5354,G2711,G9876,GR037,GA033,G8531,G9878,G5543,G3304,GR038,G4894,G9716,GA036,G4637,G4843,G5355,G9857,GA031,G4847,G2736,GA034,GA030,G9759,GP112,GA035,G8552,G3303,59088,G9859,G5353,G8546,G1494,G8362,G3357,G3103,G4630,G4896,G5356,G5433,G5385,G8340,G9734,G4805,G9480,G3307,G4744,G5365,GA032,G9592,GP214,G2768,G1061,G1080,G4856,G3353,GP108,G4628,G4895,G5402,G5550,G4748,GP113,G4431,59096,GR036,G9738,GR074,G8569,G9757,G3268,G8353,G9858,G9481,G2791,G5369,G8533,G4733,G5366,G2728,G1440,G4639,G9764,G3247,G5431,G2775,G9754,G9719,G1506,G5383,G4668,G3363,G4618,G1492,G9760,G9756,G4708,G1785,GP005,G3429,G5384,G3426,G1546,G2781,G5432,G3367,G9593,GP114,G1021,G4454,G3143,G5381,GP211,G9705,G5414,G3147,G9553,G1065,G1518,G8532,G8347,G8348,G4453,G8530,GR040,G5373,G8315,G8548,GR077,G9736,GP208,G4646,GP205,G3123,G1516,G9758,G1468,G3364,G5429,GR062,GP006,G5386,G4620,G4416,G3321,G9761,GP103,G1548,G5370,GP111,G5430,G4625,G5403,G2777,G1789,G9739,G5374,G4527,G8535,G5360,GP213,G4969,G4528,GR041,G5382,G3355,G4892,GP212,G3261,G8567,G4801,G5372,G1796,G4845,GP204,G9763,G1508,G5371,G1491,59294,GF094,G1428,G1541,G5416,G4731,G2754,G4893,G5399,G1509,G3269,G3428,G3354,G9737,G1409,G9762,G1469,G4502,G1745,G2702,G4515,G1748,GA002,G1501,G5358,G1489,G1788,G4612,G4664,G1526,G5362,G8568,G5408,G4667,GR029,G4615,GP110,G5411,G4665,G1527,G3262,G1515,G1543,G8342,G5410,G5434,G9740,G1580,G5401,G2745,G9512,G4661,G1749,G4514,GR075,GP004,G4803,G1507,GP215,G1783,G3338,G4706,G3418,G5427,G1704,G1544,GF104,G4448,GP101,G1467,G5363,G5424,GF100,G3151,G1502,G3317,G1083,G3356,G3320,G8561,G5413,G3352,G9594,GA001,G5368,GP102,G5435,G1794,G8547,G9704,G1746,G9741,G4973,G1424,G4616,G4741,G1028,59293,G1775,G1521,G5376,GP218,G1790,G3245,G5425,GR031,GL252,G5428,G4898,G1787,GL253,G1781,G4619,G4891,G1742,G5417,G8538,G9595,G5375,G3246,G4971,GP001,G4533,G9557,GR030,G9581,G3160,G5405,G1705,59082,G1444,G3266,G9556,G5359,G9769,G3437,G5357,G4621,G9826,G3440,G3124,GL254,G8540,G8308,G5419,GF101,G3300,G4614,G9568,GL255,G4666,G3258,G3318,G1429,G5350,G1007,G1774,G9701,G5436,G9767,G1058,G3328,G5380,G1545,GL257,G3257,G5400,G4617,G9743,G9744,G5409,G3109,G5378,G3333,G9560,G5389,G1795,G5404,G0817,G9584,GL256,GL251,GP219,G5324,G9555,G1022,G9784,G9783,G9536,G1027,G1426,G5361,G1512,G4743,G1786,G5351,G9558,GR042,G4970,G4622,G5407,G4613,G5352,G5387,G4610,G5398,G5397,G1503,G1554,G9766,G3417,G3335,G9596,G2704,G1713,GP109,G1572,G9569,G9562,G5377,G3267,G3413,G1743,GR034,G3419,G5418,G4739,G4506,G1782,GF102,G5412,G4611,G9598,G1780,G8311,G1571,G1547,G2747,G9816,G1040,G3153,G3229,G9561,GP305,G9781,G1773,G9585,GF501,G2772,G3263,G3122,G1797,G2771,GF103,G1779,GR073,G1024,G4501,G1402,G9776,G9703,G3414,G9583,G1744,G3319,G3144,G3401,G9768,G8307,G0816,G1029,GP003,GP216,G4759,G8306,G5391,G8312,G1513,GF007,G1740,G4735,G5388,G4411,G8541,GP217,G9823,G1595,G4756,G8537,59297,G9832,G8556,GP510,G4862,GF006,G3322,G1792,G1741,G3230,G1791,G3164,G5394,G3415,G4406,G1799,G9697,G9814,G9822,G4968,G4412,G1798,GP303,G8545,G5422,G2716,G1059,G4831,G5396,G1793,G5392,G9695,G4410,G9486,G1023,G4403,G1520,G5379,G1747,GA025,G5406,G9774,G3154,G4408,G1712,G1403,G9572,G4500,G4754,G8437,59280,G5395,G2705,G1406,GF005,G5301,G3251,GA028,G1784,G1557,G4401,G4833,G1912,GA027,GA004,G3406,G1941,GP304,G3234,G1556,G9707,G3152,G1582,GP002,G2715,G1977,G4400,GP514,G1052,G5390,GA026,G5437,G1081,G3146,G4531,G9578,GA020,G1962,G1934,G1401,G4409"
114.00,24.50,0.99,0.90,615,"G9864,G4636,G9863,G1484,G4633,GF601,GF603,G9875,G9862,G9859,G4431,G9876,G4643,G1440,G4668,G4645,G9856,G4454,G4635,G4644,GF602,G4453,G9860,G9873,G9877,G1493,GF606,G1468,G1494,GF607,G9865,G9874,G4527,G9861,G4528,G4625,G1490,G4639,G1485,G4416,G1499,59094,G9857,G1486,G9850,GF094,G4640,G4631,GF605,G1469,G4502,GF604,G9858,G4629,G9871,G9866,G9854,G9872,G4646,G1489,G4661,GF600,G9878,G9853,G8539,G1467,G4515,G9868,G4641,G2755,G9851,G9855,G8550,G4637,G4665,G4514,G4632,G1495,G4533,G4620,G4448,G4642,G1492,G9852,G4628,G9879,G1424,G4638,G1542,G9870,G9867,G9869,G4744,G4630,G2746,G1473,GP108,G4623,G1488,G4622,G4634,G1491,GP106,G4656,G8544,G1428,G1444,G2776,GP107,G4621,GF804,G4613,G4506,G2744,G4501,GF802,GF501,G8569,GF803,G4618,GF091,G4616,G1482,G8558,GP115,GF101,G4624,G4899,G4897,G4660,G1409,G8551,G4611,GF104,GF103,G1481,G4615,59082,G4654,G4667,G4748,G1451,G4531,GF502,GP113,G4500,G2790,GF503,G1402,G4617,G4512,G4558,G4504,GR045,GR072,GF505,G4666,G4612,G4657,G4503,GF508,G2775,G2743,G4507,G4662,G1540,GF808,G4742,GP105,G4508,G1450,GF500,GP104,G4664,G4406,G2728,G8534,59090,GF305,G9882,59096,G4410,G4896,GF100,GF801,G1429,G4412,G4610,GF006,G4524,GF809,GF310,G4846,GF304,GP114,GF002,GP110,G4408,G4847,G4653,G1421,G4655,GF800,G4411,G4400,G4510,G8341,GF807,G8340,G1406,G4409,G2729,GF102,G1423,G4740,G4523,59097,GF810,G4559,G4659,G4403,G4652,G4619,G1401,GF806,G4845,GR028,G2727,G8553,G1441,G4511,G1546,GF504,GF805,G4513,G4405,GF007,G4415,G4509,G1544,G8548,G8531,G2712,G1478,G4447,GF005,GF506,G4658,GP112,G1483,G2780,G1443,G1476,G8365,G4895,G4891,G4651,G4401,G8533,G4614,G4438,G1403,GR027,GR078,GF811,GP111,G1442,G1439,G4439,G4669,G4526,G4650,G1475,G1420,G8568,GF309,G4442,G4441,GF507,GR026,G4404,G2713,G8549,G1405,GF001,G1445,G8532,G8347,G8348,G2777,G3368,57989,GF409,G8354,G1426,GF412,G4450,G2737,G2735,G8366,G9750,G1084,GR038,G4505,GP109,G8350,GF003,G4541,G1057,G1427,59088,G8546,G1496,G8536,G4402,G8561,57996,G2714,G4468,G1434,G1404,G9884,G4414,GF312,G5561,G1437,G1519,G1425,G4893,G2784,G4551,G4522,GF300,GR037,G4894,G4898,GP103,G4550,GL704,GF704,G4466,G2788,G3424,G9881,G3421,G3365,G8547,G8360,GF303,GF301,G9883,G1753,G4436,G8557,GP209,G4434,G4862,G1752,G1063,G4444,G2783,G1528,G9702,G1557,G4462,G1548,G9728,G1463,G1422,G8351,G4530,GR074,G4535,G4525,GP102,G8567,G3425,G3106,G8552,G4534,G4455,GF000,G1455,G1543,G4759,GF400,G1517,GR036,GF401,59081,G4529,G1541,G3369,G4557,G1407,GF004,G4756,GF405,G4407,G9752,G9730,G9727,G2773,G5544,G5545,G2786,G4520,G9751,GF411,G2748,G1082,GF092,G2747,G4413,G4432,GR039,G4833,GF703,GR061,G1554,G9530,G8538,G4553,GP206,GF302,G4460,G4892,G8357,G1446,GR001,G9753,59290,G4754,GP313,G4467,GP303,59087,G2789,GF308,G4464,G4463,GF410,G4741,G8355,G4459,G8342,G8545,G4743,GF707,G4554,G9729,GR042,G4552,GP101,GR040,GP305,G4831,G1518,G4547,G1085,G3422,G1460,G1431,GF202,G1435,GP203,G4422,GR024,G2734,G1545,G8537,G5541,GP215,G1432,G3348,G8352,G1448,G5556,GL708,G1411,G1466,G1515,G2787,G4569,G5547,GF307,G8315,GR034,G8530,GP202,GP210,G4517,G4549,GP205,GF201,G1547,GR025,GP204,G8361,GF408,G1465,G4605,G1020,G2711,G4556,G8563,GF306,GP200,G1523,G1449,GF702,GP211,G1419,G4568,GP214,GF406,G2771,GP300,G4546,G4461,G1459,G1453,G4971,G1454,G4734,GR060,G1452,G4753,G1559,G4443,GR076,G3423,GP212,G3349,GF700,G4970,G1516,G4608,57988,GL709,G9827,59099,G1474,GP201,G4755,G4435,G2782,G4521,GL703,G4538,G8358,G4933,G4425,G4449,G1417,G4832,G1461,GR041,G4452,G5554,G4607,G8540,G4458,G4433,G2738,GP219,G8367,G2736,G4604,G1750,G2772,G9731,G1464,G8535,G1521,GF701,GP208,GP218,G4663,G1430,G4975,GP304,G8362,GF200,G4757,G2732,GR075,G2745,GF093,G2710,G4739,G5552,G1556,GR073,GL702,G4805,G4856,G8565,G1418,G5540,GP312,G2791,G4603,G5553,GF407,G4969,G8356,G8542,G4423,G1456,G2709,G9880,GR035,G3105,GF099"
114.00,25.00,0.99,0.90,434,"GF506,G4447,59090,GF508,G4510,G4662,G4512,G4504,G4508,G1451,GF305,G4505,GF502,GF500,G4509,GF309,G1496,GF503,GF505,G1443,GF310,G4414,G4503,G4507,GF507,G4531,G4523,G1420,G4511,G4522,G4501,GF301,G4462,GF412,G1450,GF501,GF401,G4622,57989,G4466,G4450,G4524,G4500,GF304,G4442,G4441,GF411,G4506,G1439,G4526,G4533,57996,G1437,G4530,G4413,G4520,GF300,GF302,G1442,G4613,G4434,G4460,G4444,GF409,GF504,G1427,G4438,G1434,G1467,G4661,G1441,GF410,G4468,G4467,G1435,G1422,G1424,G1407,G1469,G4502,G4513,GF303,GF306,G1445,GF312,GF094,GF103,G4439,G1419,G4528,G4527,G1489,GF002,GF400,GF307,G4448,G4625,G4436,G4529,G1453,G4514,G1468,G4443,G9882,G1455,G4416,G4515,G4425,G4665,G1444,G4611,G4453,G4432,G4454,G4621,G4463,G1402,GF001,G4668,G1446,G4525,G1440,G4455,G4423,GF405,G1425,G4422,G4521,G4459,G4424,G4431,G4410,G4400,G4646,GF311,G4409,G4406,G4408,G4639,GF101,G4412,GF093,G1448,G1465,G4405,G9859,G1405,G4620,G4404,GF406,G1430,G1406,GF308,G1417,G4415,G1452,G4616,G1401,G1449,G4464,G4435,G1431,GF006,G1459,G9876,G9858,G1494,G4458,GF003,G1491,59082,G4617,G1428,G4403,G1418,G4643,G1484,G4449,GF603,G4411,GF000,G1492,G4402,G9864,G9857,G4452,G1404,G1474,G9877,GF202,G9875,G4605,G4568,GF403,GF201,G1463,G1461,G4603,G4461,G4666,G9856,G4607,GF104,G4628,G4610,G9883,GF005,G1432,GF703,G4633,G4636,G9878,G4433,GF404,G4569,GF601,G4456,G4550,G1493,G4637,G4615,G9884,GF102,G9863,GF606,G4744,GF408,G4401,G1409,GF602,G4645,G4647,G4667,GF007,G9881,G9862,G4552,G4630,G4551,G1429,G1490,GP108,G1411,G4517,G9855,G4553,G9861,G9879,G1403,G4618,57988,GF203,GF407,G4608,G4451,G4604,G9872,G4663,G1454,G9854,G9860,G1456,G8569,G4602,G9873,G1433,G4541,GF704,GF200,G4612,G4631,G4644,G4609,G8550,G4635,G1542,G9871,GF100,G9874,G4560,G4534,G1486,GP106,G1499,GF707,G4546,G4664,GF605,GF205,59094,G4465,G9865,GF607,G8539,G9885,G4619,G1485,GF206,GP107,G4642,G4629,G9850,GF604,59081,GP110,G9853,G2755,G4748,G4562,G4557,G4640,G4519,GP113,GP115,G4457,GF095,G4535,G2744,G9866,GF402,GF204,G2775,G9851,GF600,G9852,G4614,G4641,G4899,G4891,GF702,G4638,G9868,G4632,G1544,G1488,G2746,G2728,GP114,G4554,G9880,G4516,G4561,G4845,G1495,GR072,G8551,59096,G4549,GP109,G9867,G1426,G1412,G9870,G4896,G4623,G9869,G1473,G1414,G1462,GF099,G8558,G1415,G2776,G4547,G4897,G4656,G4548,G1464,G4407,G8340,G8544,G1472,G1546,G8548,G4847,G1557,G4536,GF212,G4634,G1410,G1471,G1413,GF098,GF092,GF004,GF804,G4862,G4563,G4742,GF210,G8568,G4556,G2790,GF802,G4624,G4544,G4518,G4565,G1482,GP111,GF803,GR045,GF091,GP105,G1481,G4606,G8533,GP313,G1458,G8561,G4895,G1540,G4648,G2727,G4600,G4601,GF211,G8531,GP112,G4567,G2777,G4759,G4660,GF096,G4543,G4756,G8553,GP104,G8532,G8347,G8348,G4542,G4846,G4654"
114.00,25.50,1.00,0.90,246,"G4424,G4423,GF311,G4425,G4443,GF306,G1453,G1419,GF411,G4413,G1435,GF302,GF307,G4460,G4521,GF401,G4520,GF093,G4462,GF410,G4467,GF301,G1430,G4414,G4522,G4530,G1496,G4505,G1417,G4466,G4444,G4435,G4434,GF309,G1452,G1407,G1418,GF403,G4463,G4422,GF507,GF406,G1437,G4458,G4432,GF506,GF300,G1465,G4447,G1420,G1422,GF412,G1459,GF400,G4529,57996,G1446,G1449,G1443,G4459,57989,G4450,G4509,G4647,G1448,G4449,G1455,GF303,G4442,G4441,G4510,G4603,G4456,G1434,G4452,G1439,G1427,G4526,GF404,G4436,G4511,59090,G1474,GF409,G4468,GF405,G4523,G1431,GF312,GF305,G4508,G4662,GF310,G1442,GF508,GF500,G4525,GF308,G4455,G1461,G4607,G4504,GF206,G4464,G4512,GF205,G4507,GF505,G4560,G4438,G4503,G4568,G1451,G1445,GF503,GF502,G4433,G4605,G4461,G1433,G4609,G1450,G4439,GF203,G4524,GF304,GF201,G4531,GF504,G4451,G4465,G1425,GF202,GF212,G1441,G4513,G4561,G4500,GF407,G4457,G4602,G4501,GF001,G9885,G1456,G1432,G1471,GF501,G4663,GF408,G4569,GF402,GF204,G4604,GF002,G4622,G4506,57988,GF200,GF000,G4519,G4608,G9882,G1472,G4613,GF703,G1454,G4517,G1405,G4562,GF211,G4404,G1411,G4533,GF210,G4606,G4600,GF103,GF095,G4565,G4552,G1463,GF003,G4400,G4405,G4611,G4409,G1402,G1404,G1467,G4402,G4410,G4415,G1424,G4661,G4648,G4516,G4408,G9883,G1412,G4406,G4553,G1401,G1444,G1406,G4412,G1469,G4502,G4546,G4448,G4621,G1489,G4514,GF094,G4550,G4528,G4527,G4665,G1413,GF006,G4515,G4625,G1468,G4518,G4416,G4403,G9881,G9884,GF101,G4453,G4454,GF207,GF707,G4551,G4411,G1470,G4668,G4616,GF097,GF096,G1440,GF005,G4646,G4617,G1415,G4563"
114.50,22.00,0.97,0.90,352,"G3668,G1134,G3640,G3725,G3674,G3582,G3626,G1154,G1140,G3566,G1159,G3563,G3625,G3666,G3724,G3525,G3512,G1172,G3533,G1162,G3567,G3511,G3794,G3578,G3627,G3535,G3536,G3514,G3762,G3544,G3545,G1125,G3730,G3695,G3723,G3742,G3571,G1146,G3799,G3659,G3549,G1129,G1165,G3624,G3726,G3524,G1133,G1173,G3631,G5335,G1163,G3793,G1120,G3541,G1177,G3689,G3552,G3687,G3776,G1138,G3747,G3581,G3789,G3577,G3522,G3517,G3534,G3523,G3580,G1174,G3779,G1149,G3796,G1121,G5510,G5415,G3713,G3775,G3792,G3721,G1130,G3576,G3773,G3645,G1144,G3774,G3623,G1182,G3519,G3798,G3579,G3797,G3527,G1137,G3778,G1735,G1135,G3630,G1181,G3669,G3761,G3752,G3554,G3518,G3787,G3558,G3658,G1184,G3749,G3731,G3547,G3758,G1166,G3753,G3560,G3788,G1175,G5303,G1195,G3501,G3634,G3538,G3691,59493,G5330,G3621,G1186,G1188,G1147,G3542,G3540,G3562,G1706,G3641,G3754,G3585,G3740,G1179,G1277,G3719,G3737,G1161,G1171,G3739,G3979,G1142,G3760,G3561,GL511,G3506,GL510,G3743,G3675,G3508,G3647,G3649,G3648,G3521,G3678,G3698,G1701,G1185,G3757,G3618,G5960,G3751,G3619,G1191,G3683,G3978,G3573,G3559,G3720,G3738,G3977,G3684,G3555,G1718,G3537,G1189,G3654,G1717,G3553,G3622,G3661,G3780,G3795,G3570,G3696,G3697,G3657,G1998,G5328,G1187,G3546,G3565,G1178,G3718,G3717,G3784,G3507,G3556,G5460,G3976,G3646,G6101,G5317,G3694,G1180,G3714,G3650,59490,G3504,GB060,G3620,G1702,G3975,GL513,G6105,G5503,G3530,G1954,G6155,G5464,G3766,G3572,G5457,M0004,G3748,G3516,G1148,G1153,G3510,G1196,G3509,G5336,G1197,M0003,G6106,G1155,G3539,M9988,G3548,G3759,GL502,G3564,G3974,G5962,G6029,G3520,G3715,G5459,G3765,G5458,G5443,G3791,G3617,G3662,G3513,G3633,G6107,G1917,G6103,G3732,G3503,G3551,G5313,G3543,G3643,G1190,G5519,G6154,GL512,G5961,G6104,G5445,G5523,GL503,G3973,G3704,G5471,G3692,G5467,G6096,G6110,G3685,G5521,G3703,G3699,G5463,G1145,G3653,G5465,G3972,G1905,G3971,G6081,G6083,G3574,G5469,G3750,G5477,G3502,59486,G3635,G5506,G3783,G3981,GL516,G3768,G5448,G3970,G5470,G3744,G5446,GB031,G1990,GL509,G1734,G6013,G3702,G1139,G1959,G6078,G1209,G3628,G1824,G1276,G1721,G5468,G6090,G3575,G3671,G5442,G3992,G5502,G6012,G1229,G3733,G3734,G1953,G1228,G5447,G1974,G3727,G3997,G6079,G3693,G1132,G1211,G3531,G3998"
114.50,22.50,0.98,0.90,848,"G1154,G3725,G3640,G3626,G3566,G1159,G1140,G3563,G3674,G1134,G3582,G3525,G3724,G3666,G1172,G3625,G3512,G3533,G3511,G1162,G3668,G3627,G3571,G3762,G3695,G1165,G3541,G3544,G3624,G3689,G1163,G3730,G3536,G3792,G1138,G1125,G3723,G5303,G3567,G1133,G3731,G5330,G3542,G3545,G3687,G1181,G3749,G3623,G3754,G3549,G3788,G3794,G3538,G1701,G3787,G3742,G3796,G3578,G3719,G3753,G1717,G1137,G1177,G3535,G1147,G1718,G1735,G3795,G5335,G3514,G3508,G3654,G3537,G5328,G3683,G3657,G3726,G5460,G3517,G1171,G1702,G3554,G5457,G3659,G3646,G5317,G5464,G3622,G3799,G1174,GL510,G3760,G1182,G3552,G5459,G3621,G3780,G5458,G1173,G1185,G3560,G5443,G3516,G1144,G5336,G3524,G3758,G3570,G3678,G1146,G5445,G3539,G3649,G3520,G3518,G3534,G3737,G3662,G3661,G3748,G5313,G3558,G1120,G3577,G5463,G3631,G3633,G3798,G3789,G5960,G5465,G3721,G3743,G3564,G1129,G1706,G5477,G3581,G5467,G6101,G1121,G3509,G1166,G3793,G6155,G1954,G3523,G1998,G3522,G1161,G3630,G5415,G5510,GL512,G5448,G5469,G1149,G3747,G3527,G3779,G3559,G5503,G5471,G5521,G6105,G3579,G3506,G6106,GL511,G3775,G3576,G3774,G5442,G1184,G3573,G5447,G5470,GL513,G3739,G3797,G6029,G3685,GL509,G1188,G1721,G3761,G3773,G1175,G5466,G5961,G3507,G3580,G5446,G5962,G1148,G1135,G6107,G3778,G3519,G3776,G1130,G3751,G5468,G1917,G3691,G6083,G6104,G3696,G3547,G6154,G3713,G3658,G6081,G6103,G3698,G1959,G3645,G3669,G1180,G6096,G3510,G1905,G3562,G5502,G3791,G5449,G5440,G3732,G3752,G6110,G5472,GL505,G3634,G3553,G5475,G3572,G6078,G3620,G3740,G1974,GL502,G3501,GL516,G5519,59493,G5461,G1733,G6090,G3513,G6082,G6079,G3684,G3543,GL503,G5441,G1155,G1186,G3648,G1734,GB060,G5454,G1178,G1990,G5963,G6012,G5476,G5456,G6131,G1953,G1190,G5474,G6013,G6005,G3757,G3561,G5506,G5523,G5308,G3551,G5344,G3565,G5964,G3750,G6091,GL504,G3504,G1958,G5473,GB031,G3766,G5451,G1187,G3675,G3641,G5444,G3720,G6028,G3783,G1195,G3628,G3647,G3738,G3540,G1739,G3617,G5450,G1906,G3656,G3694,G5339,G3744,G3548,G1124,G6080,G5515,G5302,G1824,G3574,G5504,G5315,G3784,G5316,G3653,G3555,G1116,G3503,G3546,G6095,G5312,G1930,G1955,G5343,G3618,G3585,G6069,G1142,G1979,G6006,59492,G1722,G5320,G5338,G3530,G3635,G6011,G3703,G3718,G6070,G3697,G1114,G3701,G1126,G3693,G1194,G1119,G5337,G3764,G5307,G1818,G3619,G3714,G6117,G3717,G1991,G5321,G3765,G3521,G3629,G3727,G6033,G6030,G1179,G1164,G3673,G6114,M0004,G3650,G3528,G3759,G3655,M0003,G3692,G1153,G1196,G3502,59486,G1197,M9988,59298,G1189,G3722,G3769,G5322,G3556,G1156,G5455,G5342,G6068,G1719,G3531,G5522,G5340,G3702,G5306,G1968,G3715,G6098,G5452,G1859,G1170,G3569,G1132,G3637,G3699,G3632,G6113,G6034,G1976,G3515,G1183,G3643,G5300,GL506,G1914,G5327,G1115,G1866,G3733,G1118,G5305,G1122,G6115,G5345,G1716,GL508,G1143,G1951,G1145,G3671,G5323,G3682,G3768,G3728,G1916,G1710,G5325,G5957,G3529,G3704,G5341,G6102,G3790,G5462,G3575,G3741,G3686,G3568,G6062,G1127,G3638,G1927,G5326,G1191,G1117,G1946,G6067,G1942,G1821,G1139,G1176,G1711,G3735,G1131,G5517,G6086,G6061,G3734,G3664,G1720,G1193,G1151,G6066,G3660,G3615,G3670,G3680,G5959,G3665,G3756,G3681,G3636,G5393,G1826,59490,G3688,G1902,G3557,G1980,G5501,G3785,G3532,G3550,G3755,G5309,G1984,G6024,G6063,G3642,G5311,G5438,G6065,G3613,G5500,G5439,G3663,G1957,G6085,G1943,G5395,G5958,G1987,G3746,G5310,G1152,G1986,G3652,G1714,GN040,G3583,G6057,G1712,G3781,G1965,G6073,G1277,G6040,G1864,G1123,G5301,G5422,G3979,G6156,G3526,GL507,GN007,G1972,GN006,G1988,G3614,G1799,G5945,G1944,G5394,G1910,G6060,59297,G1950,G1136,G6058,G1937,G5437,G3644,G5396,G1784,GN008,G6219,G1960,G3978,G1741,G6048,GN005,G3977,G1798,G5639,G1908,G6038,G5968,GL501,G1925,G6064,G6093,GN009,G1715,G1932,G6047,GN010,G1797,G1703,GN004,G6074,GN012,G1128,G6039,G1911,G6022,G1985,G1933,G1813,GN002,G1707,G5418,G1913,G3976,G1939,G6025,G5406,G6123,GN015,G1830,GN013,GN014,GN016,G6037,G9748,GN011,G5390,GN003,G3975,GN001,G5512,G9535,G1779,G1803,G1780,G6059,G1791,GN017,G9749,G6046,G5944,G6035,G5379,G5412,G1941,G5507,G5397,G1940,GL256,G6036,G1091,G1773,G1901,GL251,G6120,G9818,G6009,G5409,GL257,G1882,G3974,G6143,G1952,GL255,G5436,G6163,G6016,GL254,G5392,G1744,G1294,G6054,G5361,G1918,G1743,G9718,G9521,G6026,G1977,GN030,G5314,G9520,G6023,G3208,G6014,G5602,G3212,G6055,G2073,G6015,G9534,G1211,G6094,G5405,G6001,G1981,G5391,G5625,G5952,G6162,G3211,G9574,G1997,GL253,G5398,G1928,G1949,GN033,G6027,G1705,GL252,G6043,G9519,G1227,G1747,GN037,G5359,G1229,G5404,G1731,G6044,G1017,G6144,G6021,G3973,G1962,G5388,G6056,G5690,G1992,G5623,G1935,G6042,G1587,G1816,G5604,59289,G5380,G1787,G5435,59501,G1964,G5357,G1966,G5417,G5678,G9552,G2074,G5363,G6020,G6099,G5601,G6088,G1243,G1854,G6130,G1912,G1282,G6097,G1993,G6210,G1814,G1786,G3998,G6142,G6071,G5954,G5955,G6132,G5513,G6076,G5953,G5434,G5378,G5425,G2052,G1921,G1793,G5508,G6045,G1740,G1774,G5401,G1090,G1922,G1995,G1783,G3202,G9549,G1742,G3972,G5400,G5956,G3971,G5413,G1863,G5603,G1072,G1808,G5427,G9503,G1285,G1228,G1989,G1236,G6112,G5324,G1973,G2089,G1923,G5362,G1204,G1909,G6053,G1792,G3981,G4005,G1994,G5416,G6050,G1209,G5940,G2045,G1244,G3997,G2043,G6049,G6092,G1591,G5616,G3970,G1078,G1963,G5389,G5509,G1886,G3992,G1825,59488,G5352,G1967,G3121,G1996,G6200,G6052,G1586,G5375,G2049,GL514,G9522,G6100,G1934,G6077,G5387,G3154,G1215,G3239,G1748,G5358"
114.50,23.00,0.98,0.90,1181,"G5344,G5456,G5454,G5308,G5450,G5440,G5315,G5449,G5444,G5307,G1722,G5312,G5461,G5472,G5466,G5306,G5447,G5452,G5337,G5455,G1719,G5451,G5320,G5442,G5322,G5345,59298,G1716,G5323,G5476,G1733,G5305,G1710,G5477,G5448,G1711,G5462,G5465,G5473,G5300,59492,G5302,GL504,G5463,G5343,G5445,G5311,G5321,G5458,G5441,G5504,G5475,G5459,G5309,G5443,G1714,G5310,G1721,G5469,G1739,G5342,G5301,G5338,G5457,G5474,G1702,G5470,G5515,GL508,G1712,GL509,G5313,G5396,G5464,G5460,G5339,G1798,G1715,G5517,GL505,G1717,G5316,G1799,G5467,G5328,G3662,G5500,G3657,GL506,G5325,G1701,G3795,G5395,G5422,G1703,G5446,G1718,G5468,G5317,G3646,G1797,G3516,G6070,G3654,G5336,G1791,G3520,G3633,G5379,G3537,G1958,59297,G5341,G3539,G5327,G5521,G6069,G5303,G5471,G5330,G3683,G3542,G1744,G1720,GL512,G1743,G3754,G6114,G5394,G5522,G1959,G5418,G3731,G5502,G5409,G5340,G3622,G3748,G5963,G3719,G1991,G5439,G3508,G6068,GL256,G3685,G3564,G1930,G5326,G3538,G6005,G3780,G3749,G6083,G1974,G3788,G5380,G5314,G3541,G5393,G6117,G3792,G3689,G1147,G6095,G1741,GL254,G1787,G5417,G1181,G6082,G5438,G6115,GL255,G1927,G6131,G5378,G3509,GL257,GL252,GL253,G6081,G3570,GL251,G6079,G1914,G3571,G1163,G1946,G6066,G1165,G3753,G3624,G1171,G3787,G1742,G6078,GL507,G5405,G6113,G3695,G5964,G6155,G5324,G5961,G1979,G6011,G1138,G6080,G5363,G5957,G1783,G5427,G6090,G6086,G1185,G3762,G1954,G5436,G1905,G6067,G3623,G5401,G1784,G3661,G5375,G6030,G5352,GL510,G6091,G3511,G3544,G3760,G1951,G5397,G1780,G1162,G6101,G5434,G5362,G3627,G5437,G6106,G3533,G1957,G5501,G3730,G1587,G1735,G1748,G3678,G5503,G6029,G6098,G6104,G6012,G6107,GL516,G1137,G6105,G1713,G5407,G6065,G5412,G1955,G5350,G1953,G6028,G1172,G1779,G5507,G1917,G6096,G3687,G1988,G1980,G1133,G1745,G5416,G5382,G3649,G1998,G6154,G1705,G3512,G5435,G1125,G1734,G5361,G3525,G1126,G3536,G1591,G1788,G3621,G1990,G3796,G6063,G5410,G3724,G3554,G5962,G1586,G5351,G1773,G5376,G6103,G3723,GL513,G1704,G5359,G5960,G6073,G3656,G3666,G6110,G5419,G3737,G1908,G5406,G3549,G1965,G3560,G6013,G3563,G6102,G1177,G1148,G5430,G1159,G3655,G3545,G5381,G3625,G3566,G1746,G1916,G3758,G1116,G3559,G3517,G3743,G5374,G1866,G3732,G5404,G5377,G5399,G1194,G6034,G5335,G1902,G5390,G3791,G5429,G6064,G3567,G3742,G1140,G3507,GL501,G1182,G5357,G1785,G1968,G5425,G6025,G6033,G5398,G1124,G5411,G1986,G1972,G5413,G1707,G5403,G1749,G1818,G6022,G5519,G6024,G6061,G1154,G5506,G3726,G1706,G3518,GB031,G3573,G6040,G6006,G1161,G1906,G3626,G1174,G1731,G1941,G1789,G1598,G5371,G3510,G1144,G1925,G3794,G3558,G1782,G6062,G5358,G1592,GL514,GL503,G3629,G1939,G3615,G3578,G3637,G3750,G5384,G5391,G3582,G1794,G5383,G1950,G3514,G6074,G3535,G5392,G3506,G1588,G5372,G3552,G3513,G3659,G3543,G5365,G5373,G1976,G3725,GL511,G5512,G5368,G1937,G1942,G3741,G1940,G3628,G3674,G3640,G1180,G1166,G1943,G1774,G1859,G5513,G3696,G5945,G1134,G5386,G3799,G1164,G1984,G5433,G6038,GL502,G1786,G5432,G1119,G1796,G1115,G1572,G3572,G5400,G1173,GP002,G3739,G3783,G5944,G1821,G5428,G5408,G1190,G3769,G6039,G3534,G3798,G1977,G5366,G1824,G5523,G3751,G1117,G3701,G5431,G5388,G3722,G5353,G5402,G3630,G3524,G3620,G5356,G5508,G1573,GP003,G5414,G5385,G1795,G3764,G3673,G3744,G6093,G6026,G1864,G5959,G3721,G1114,G3642,G1118,G3668,G3577,G3551,GP004,G1188,G1781,G1790,G3632,G3660,G6023,G1747,G1184,G1146,G1987,G1155,G5360,G6016,G3527,G3528,G3693,G1120,G3789,G1123,G5389,G5370,G1121,G3638,G3755,G3698,G1122,G1913,G6027,G3644,G3670,G6035,G1175,G6156,G3631,G3553,G5549,G1910,G1128,G5510,G5415,G3581,G3574,G3579,G3515,G3523,G1952,G3686,G1740,G3522,G1962,G5367,GB060,G3727,G6014,G1149,G3761,G1127,G6021,G3774,G4822,G4900,G3532,G5355,G1928,G1944,G3779,G5958,G3793,G1129,G6144,G3691,G3576,G1170,G3653,G3797,GL705,G1501,G3747,G6037,G1793,G5387,G3735,G3775,G4902,G6015,G1912,G5550,G1176,G1156,G5369,G1596,G6047,G3529,G1826,G3569,G6020,G1178,G3547,G6036,G1775,G1135,G1992,G6085,G5364,G6009,G6094,G3665,G3635,G5424,G1143,G1792,G3562,G3773,G3778,G1183,G6043,GN040,G5354,G1582,G3684,G1981,G1193,G9536,G3658,G3568,G6076,GP514,G3766,G1932,G3153,G3519,G5639,G3756,G9598,GN006,G3147,G3617,G3531,G5423,G3580,G1993,G3728,G3504,G3613,G3740,G3790,G1130,G3583,G3565,G3669,GN002,G3785,G1507,G3634,G1131,GN007,G3503,G3703,GN005,G5546,G1949,G3648,G1918,G6048,G4801,GN037,G6046,G3682,G3154,G1973,GP001,GN004,G1882,G1132,G3501,G3776,G3752,59493,G9595,G5509,G3645,G3550,G3713,G6042,G3548,GN008,G3757,G5543,G1934,G3502,59486,G3702,G1187,G6057,GL707,GN010,G3652,G6044,G6060,G3268,G9596,GN001,G1933,GN009,G1083,G5625,GN015,G1595,G1803,G6163,G1186,G1960,G3664,G1995,G6120,G3269,GN012,G1963,G9583,G3561,G6162,G3318,G5563,GN003,G5505,GN014,GN016,G1921,G3733,G6148,G3122,G3694,GL706,G6123,G9593,G1580,G1594,G3720,G1994,GL702,G3557,G6045,G5540,G3245,G6001,G3692,G5553,G1923,G6077,G5953,GN013,G5954,G3784,G1961,G5955,G3781,G3317,G5956,G1830,GN017,G3765,G1922,GS003,G1909,GS001,G3738,G3663,G3671,G3675,GN011,G6092,GS005,G1911,G1061,59289,G3530,G5542,G4803,G6132,59294,G4708,GS002,G3546,G3150,G6010,G5623,G5554,GS013,G1825,G1151,G1948,GP506,G1920,GS015,G3688,G3555,G6050,GS014,G3641,G3647,G6052,G5551,G6058,G1924,G3267,GS004,G1813,G4843,G3699,GS006,GL703,G3575,G1978,G5511,G1935,G1578,G3768,G1936,G3759,G3338,G3746,G3718,GS008,G5678,G6054,G4901,G1065,G3148,M0004,G4706,G3636,G6099,G3681,GS012,G4975,G3714,G5564,GP507,M0003,GS011,GS009,G6059,GP005,G1883,G5940,G6041,G1195,G3540,G1971,G3697,G1197,M9988,G1196,G9744,G1153,G9743,GP201,G1964,GS007,G3300,G1816,G3618,G3526,G5968,G1145,G3717,GN030,G1985,G3650,G9592,G1152,G5604,GS010,G6017,G1023,G1136,G6049,G3734,G6051,G3680,G3643,G3715,59500,G1139,G5552,G1755,GA032,G3614,G1142,GA033,G1858,G1508,G6089,G1886,G3585,G5638,G3319,G9553,G3619,G6071,G6055,G1523,G6032,G1730,G5965,G3556,G1571,G5520,GL710,G5547,G6130,G3124,G1863,GP508,G5556,G1901,G1915,G5516,G3704,GP500,G6100,G1581,G3521,GA026,G5602,G1597,GA017,G6112,GA034,G1931,G1189,G6084,G1996,G3247,G5637,GA035,G1982,G1956,GP513,G1970,G6143,G1506,GA025,G6097,G4733,G5601,GA021,G1997,G6053,GA013,G6031,GN036,GA020,G1509,G3152,G1179,G1983,G6007,GA019,G6056,GL709,G1945,GA028,G5952,GA011,G3266,G5969,GA010,G5541,GL701,GA027,GA036,GA002,G1814,GA022,GA016,GP200,GA012,GP202,GA030,G5642,G3321,G1502,G4734,GP203,GN039,GP510,GA015,GA023,G1989,G4731,G6018,G3144,G4805,G5603,GP509,G1854,G9594,59290,G5605,G1966,G6088,G6152,G1828,G6000,GN033,G4856,G6142,GA009,G6008,GA031,GA024,GN038,59501,G3323,G6019,G3143,G1526,G1904,G6072,59293,G1929,G1527,G5950,G1062,G1576,G1947,GL515,G9520,G1060,G5690,GA029,G1817,GA018,G5622,GA008,G5966,G1872,G9749,G6151,G1926,G6153,G1820,G9534,GA001,G9748,G3212,G3208,G1967,G6128,G1091,G5545,G5951,GP006,GA014,G9519,G5544,G5947,G9503,G6219,G5948,GN022,G9535,G6002,GN021,G3320,G5949,G5946,G1907,G1750,G1585,G3322,G1072,G4821,GN019,G9704,G5967,GN020,G3248,G1022,GN031,G1823,G5616,G3146,G1975,GP505,G1574,G6126,G9550,G1593,G3250,G1807,G9840,GN018,G1191,G9549,GP206,G3201,G9533,G3261,G6075,G9591,GL708,GA007,G6127,G1919,GA037,G9585,GP210,G9776,G6087,G9711,59490,G6129,G3151,GN032,GP504,G3162,G9540,G3103,G1589,G9765,G4736,G3328,G9717,G9818,G5640,G1819,G9839,G1881,GN024,G9532,G1827,G4735,G9514,G9562,G3121,G3115,G6003,G3163,G1752,G1079,G3308,G3118,GP213,59304,G9586,G9727,G9521,GN023,G1017,G3202,G4973,G3229,G1575,G4824,G9597,G9574,G5624"
114.50,23.50,0.98,0.90,1033,"G5371,G1789,G5372,G5411,G5399,G5373,G1749,G1796,G5414,G1704,G1746,G5374,G5376,G5366,G5410,G5408,G5370,G1794,G5368,G1788,G5419,G5402,G5350,G5369,G5375,GP004,G1745,G5356,G5355,G5428,G5351,G5324,G5407,G5354,G5352,G1501,G1713,G5367,G1790,G5364,G5378,G1781,G1742,G5353,G5423,G5377,G5380,G1748,G1795,G5365,G1782,G4801,G5417,G1572,G5427,G1507,G5381,G1744,G1743,G1787,G5549,G1783,G5382,G4708,G4843,GP003,G5546,G5540,G5362,G1791,G5379,GP001,G1580,G4975,G5401,G1785,GP201,GP005,GL703,G4803,G5363,GL702,G5554,GP002,G1715,GL705,G1523,G4706,G1798,G5434,G5416,GL252,G1586,G5433,G5409,G1591,G1508,GL253,G5396,G5314,G1506,G4733,G1703,GP200,G5547,G4734,G1582,GP202,G5553,G1595,G4902,GP514,G1714,G1797,G5563,GP203,G5301,G4805,G5430,G1588,G5310,G5311,G4856,G5383,G1509,GL254,GL256,G5556,GL707,G4822,G5384,G1799,G1712,G5405,G4731,GL255,G5309,G5429,G5385,G1711,G1502,G1587,G1526,59290,G1598,G1527,G5418,G1571,GL257,GP006,GP206,G5545,G5542,59293,GP210,G5422,G1573,G5462,G5403,GL251,G5431,G5323,G5345,G1710,59297,G5432,G5435,G1592,G1716,G5500,G5436,G5305,G5395,G5306,G4900,GL706,G5452,G5541,G5544,GP510,GP213,G5300,G1719,G1705,G5386,G5455,G5394,G1517,G4901,GP214,G1752,G5322,G5307,G5517,GP208,59298,GL704,G4973,G5552,G5358,G5550,G5359,G4969,GL514,G5397,G1722,G5337,G5413,GL508,G5312,G5564,G5315,G1741,G1780,G5425,G5361,G5450,G5320,G1503,GP509,G4735,GL709,G5543,G1576,G5360,G5412,G5357,G5325,G1755,G1597,G5551,G5507,G1516,GL710,G5444,G1519,G5342,GP209,G5561,59492,G5321,G4736,G5439,G5344,GP211,G1753,G1594,G1779,GL506,G1720,G5404,G5308,G1596,G5343,G5341,G5302,G3150,G5456,G5451,G1578,G9727,G1773,GP507,G3147,GP508,G5454,GL507,G3268,G5504,G1784,G4669,G5338,GP212,G1475,G3148,G5398,G5473,G1528,G5438,G5327,G1774,G5461,G1731,G9728,G5437,GL504,G1739,GP506,GP505,G5393,G3421,G1476,G5476,G5513,GP205,G5440,GL708,G3369,G5449,G1581,G5515,G9530,G5400,G5472,G1061,G5326,G1786,G1733,G5339,G5316,GL701,G5406,G9593,G6070,G1504,G5424,G1518,G1750,G6066,G4658,G5522,G5441,GP204,G5391,G1775,G1927,G5508,G5389,G1988,G1063,GA033,G5466,G1505,G5340,G1946,G5474,59097,G6114,GP218,G1521,G1957,G4559,G1084,G5475,G9592,G5447,G1908,G6068,G3106,G5390,G9751,G3269,G6115,G6086,GF806,GF800,G6069,G4655,G1421,G5442,G5501,GA032,G6065,G4651,G5392,GP500,G3424,G4659,G3323,G1941,GF807,G6067,G1423,G3348,G1991,G5388,GA034,G4824,G1914,59304,G6025,G1065,GA035,G5957,G1589,G1083,G1512,G4968,G5387,G5448,GF801,G1958,G4894,G6073,59294,G3248,G9595,G1980,GL505,G9702,G9536,G5477,G1707,G6113,G1570,GA036,GF805,G4653,G6064,G5465,G6063,G1721,G6022,G1965,GA030,GL501,G6117,G1940,G1740,G1515,GP513,G1930,G1082,G1977,G3317,G9553,G3368,G1951,G1747,G3247,G1060,G5463,GA029,GA031,G4657,GL509,G1939,G5470,G3245,GP504,G5469,G5512,G9598,GP217,G3153,G3105,G5445,G4650,GP221,G6095,G3318,GP503,G4892,G9750,G6026,G4971,G3338,GP215,GP104,GP216,G5468,G1925,G1793,G1522,G3163,G4846,G1792,G4972,G5446,G5944,G5458,G6027,G6023,G6074,G5443,G1972,G5459,G4740,GF808,G4821,G6011,G9596,G1962,G5963,G4825,G6098,G5505,G3349,G1979,G1912,G6030,G1057,G5313,GA037,GP219,G6005,G5467,G6021,G1986,G6016,G1085,G6040,G3365,G3243,G6144,G6020,G1540,G5457,G5511,G6080,G1481,G3143,G3662,GP101,G5502,G1902,G1950,G3321,G1478,G1959,G1702,G1513,G1928,G9583,G5464,G1574,G6102,G3122,G1937,G9730,G4974,G9733,G4654,G6024,G3300,G5521,G6038,G4739,G6131,G1974,G6039,G6076,G3154,G1524,G1992,G6014,G9531,G5460,G4624,GP105,G4652,G3633,G1952,GA002,G6082,G5964,G9743,G9744,G5471,G3103,G3520,GP207,G3350,G1548,G5336,GL512,G3267,G3516,G5945,G1525,G5328,G6079,G1916,G1020,G1541,G1955,G6035,G1717,G5509,G3657,G4970,G1510,G5317,G3539,G1993,G3646,G6083,G6015,G3425,G9827,G6061,G1934,GF809,G1126,G1514,G3795,G3124,G9729,G6091,GP222,G1973,G3685,G3351,G6043,G6078,G6093,G1718,GP502,G1866,G4741,G3654,G1701,G1943,GF802,G6081,G6094,G6090,G3615,G9594,G3537,G6028,G1913,G6148,G6034,G9755,G3266,G3748,GP103,GP220,G4742,G1984,G1593,G3655,G1981,G3564,G9732,G6062,G4957,G9752,GP112,G1520,G1511,G3357,G3683,G1483,G1905,G6012,G1968,G1128,G1961,G3261,GF091,GS001,G4656,G1953,G1963,GA001,G3656,G1064,G9731,G6036,G1543,G3622,G6009,G3304,G1864,G5961,G3319,G1545,G1942,GS002,G1585,GS003,G4737,G9764,GF811,G6037,G4897,G3320,G1948,G9753,G2737,G3509,GL516,G3754,G3542,G1023,G2784,G5303,G3644,G5330,G4623,G3780,GS005,G3741,G1194,G3423,G9734,G4660,G1734,G4895,G9704,G1730,G1949,GN037,G6077,G1473,G6033,GS004,G3508,G1995,G8360,G5516,G3719,G6042,G1990,G4925,G6155,G3637,G1994,G1116,G1123,G1583,GP511,GS006,G4634,GF803,G3642,G1910,G3731,59285,G3570,G1821,G1818,G6104,G5520,G1987,G3151,G4920,G9716,G6156,G1954,G6096,GS008,G3427,GS015,G6107,GS013,G1976,G3538,G1921,G4893,G3422,G4956,GP512,GF810,G1923,G6047,G6106,G5959,G1918,G3429,G1917,G3326,G6013,G1117,G3788,GS007,G6029,G1936,G6010,G1488,G6154,G3749,G3144,G6044,G1147,G1124,G6006,G1858,GS009,G6045,G1978,G3629,G1944,GS014,G1859,G6101,GS012,GA025,G4847,GP102,G5503,G3661,G1171,G1920,G1115,GS011,G1564,G6092,G6041,GA026,G3755,G3660,G6110,G6105,G9870,G1185,G1022,G9512,G1547,G1909,GL515,G4638,G1181,G5637,G6103,GA017,G5956,G1584,G1825,G3753,G5953,GS010,GA028,G1577,G1569,G1575,G9480,G4927,G5965,G1924,G9481,G5954,G3152,G1906,G2732,G1883,G1882,G9763,G5955,G5962,G4743,G3792,G3787,GA020,G5625,G3328,G3307,GA027,G6051,GL510,GP501,G9852,G3670,G6052,G3541,G4752,G8366,G1922,G3760,G3689,GN039,GA013,G5958,G1932,G1164,G3678,G1998,G6046,G4558,GA022,GB031,GA011,GL513,GA019,G3127,GA021,GP306,G6050,G1556,G9556,G1118,G6162,GN002,G9851,GA023,G5639,G3532,G5506,GN038,G3428,G1163,G4641,G3769,GN036,G3638,G2713,G3732,G1119,G3623,G4899,GA016,G1165,G4958,G6163,G6132,G1148,G9760,G3722,GP304,G3624,G3571,G8351,G3367,G4926,G3649,G1138,GP111,GA012,G1495,G4896,G3322,G9761,G9585,G9562,G3791,G1642,GA010,G3632,G2782,G1643,G9784,G1971,G9783,G1546,G9557,G1931,G9868,GP400,G4713,G3695,G1735,G9869,G3750,G9776,GF804,G4828,G4940,G3628,G5960,G5519,G9735,G3686,G6085,G1482,G1122,G5638,GN040,G6089,G5969,59289,G1137,G6017,G9759,G3701,G3229,GN006,G6120,G3621,GP305,G3673,G9741,G3762,G9560,G1127,G1826,GA015,G9853,G1983,G6001,GL503,G5642,GN001,GN004,G2786,GN005,G2734,G3737,G4642,G1536,59096,G1803,G3764,59500,G3735,GA024,GA009,G5940,G5623,G3554,G1565,G3544,G5129,G3507,G9762,G4898,G6084,G1554,G1080,G1970,G6048,G3559,G1824,GR028,G3355,G1176,G1114,G3515,G3687,G3730,G2710,G1062,GR001,G3511,GF604,G3627,G3665,G3146,G3528,G3510,G3543,G3783"
114.50,24.00,0.99,0.90,676,"GP209,G1528,G1519,G1517,G1475,G4669,GP210,GP206,GP214,G4894,GF805,GF806,G4650,GP211,G1518,GP205,G4653,G4734,GP200,G4740,G1516,GP202,G4846,GP208,G4559,G4856,G4805,GP104,GP212,GP203,GP204,G4969,G1540,GP213,GP105,G4733,GF800,GP006,G4892,G1506,G1476,GL704,59097,G5545,G1515,G1523,G1421,G4655,G4975,G4742,G1548,GP112,GP215,G4843,GP201,G1521,GP218,G1752,G1541,G4731,GP005,G1526,GP101,GP103,G1527,G1509,G1481,G4973,G4895,G5547,G4971,GF801,G4624,G1508,G4708,G4897,G4657,59290,GL703,G1502,G1543,GF807,G4741,G4847,59293,G1512,G4893,GP219,G5561,G4658,G1423,G4659,G4706,G5556,G5540,G5544,G4970,G4896,G4803,G1488,GP102,G5554,G1503,G4656,G1545,G4623,G4899,G1546,G4739,GP111,G1580,G4801,G5423,59096,GP216,GF802,G1473,G5354,GP217,G1513,G5369,G4968,G1753,G1507,G4638,G4743,G4654,GL702,G5364,G9852,GF808,G4735,GP115,G4898,G1547,GP114,GP107,G4651,G5355,G1501,GP001,G4642,G1571,G5546,G5370,G1520,GP113,G5367,G4748,G1522,G1554,G9851,GP305,G9853,GP510,G4845,G5414,GP106,G1504,G5541,G1514,GP004,G1542,G9870,GF091,G4641,G4634,G5553,G5366,G3421,G1084,G5402,GP220,G1796,G5408,G1790,G4736,G1556,GF604,GP304,G1781,G5356,G5373,G5372,G1486,G1544,G5428,G9727,G9728,G1499,59094,G9854,G5563,G5353,G9868,G5368,GP306,G1595,G4752,GF803,G5371,G1789,G4972,G1795,G1794,G5549,G1495,G9850,G4831,G9855,GP207,G1749,GP110,G5411,G3369,G4660,GP221,G4891,G4933,GP303,G9861,G9860,G5399,GP108,G4640,GF809,G4759,G3368,GP222,G1490,G4652,G1572,G1063,G5374,G4756,G4644,G1478,G9869,G1746,G4637,G1576,G5365,G4744,G5542,GL707,G4920,G3424,GP003,GP314,GF607,GF602,GL705,G4754,G1485,G1782,G4755,G9750,G9530,GP509,G1524,GP514,G1704,G1582,GP109,G4645,G3106,G5376,G5419,G1511,G5410,G4833,G5377,G4862,G1505,G1788,G5552,G4858,G9866,G9867,GF804,GL709,G4902,G5351,G9702,G9856,GF600,G1057,G4751,G5350,G9862,G1745,G4901,G4635,G9751,G1559,GL708,GP002,G9857,GF601,G1482,G5381,G5407,GP505,G9865,G1713,G1536,G4758,G5375,G4633,G4859,G1483,G1557,G4558,59099,G5352,GL706,G1597,G4956,G1785,G1748,G4822,G5433,G5324,G4632,G4974,G4643,G1564,GF810,G1510,G3365,GP308,G1494,G9858,GL710,G8544,G4957,GF603,G1742,G1082,G1552,G4958,G5564,G5378,G4753,G1484,G5382,G9863,GF811,G1755,GP313,G5427,G3348,G4925,G5380,G5362,GP309,G5417,GP302,G9874,G4919,G1553,G1783,G2737,G4629,G4855,G5385,G1588,GP300,G4832,G4636,G1750,GP508,G5383,G1787,G9730,G2743,G5401,G1525,G4646,G8534,G3425,G4861,G4926,G9859,G9873,G5551,G1586,G5384,G4824,G4715,G9864,G4718,GF605,G5416,G1591,G2784,G1743,G1744,G4854,G5363,G1573,G4900,59304,G4835,G2729,G5430,GR028,G1085,G2776,G5434,G2746,G4750,G5431,G4710,GP445,G4825,G8360,G1570,G4814,GP507,G5429,59107,G1598,G8366,G2755,G2713,G1578,G1589,G1581,G5379,G4927,GL701,G9752,G1791,G5432,G4631,G4938,GL252,G4713,G4757,G1551,GP503,G2780,G3150,G5543,G9875,G9729,GL253,G5550,G9871,G8539,G4515,G1594,G4837,G3349,G3148,G5403,G4918,GP444,G5314,G1592,GP307,G4416,G4737,G5409,G4928,G2712,G4514,G4934,G3105,GR027,G1550,G1020,G1444,G3248,G4860,G9753,G4448,GF606,G1715,G1493,G1535,G5386,G1489,GL254,G4915,G1587,G1531,G4836,GP301,G8354,G4935,G8558,G5405,G3323,G9876,G4668,G1440,G4940,G1798,GP506,GP504,G4431,G1565,GP400,G4852,GL256,GP312,G1537,G8351,G4941,GL255,G1703,G4937,G1468,GF094,G4921,G9827,G9872,G5396,G4502,G1469,G1797,G5435,GR045,G1555,G3268,G8550,GP448,G4454,G3422,G9877,GA033,GP424,GR078,G3163,G4939,G4841,G2790,G5358,GL257,GP408,G1558,G4712,G1061,G4527,G8365,G5360,G5301,G1467,G4839,G3147,G1714,GL514,GP311,GL251,G1596,G4528,G1568,G3350,GP500,G4453,G5418,G5310,G1799,G3423,G4955,G5436,G8341,G2786,G3243,G9731,G5311,GA034,GP453,G1705,G1712,G1583,GP449,GA035,G4711,G9592,GA036,GP460,GA029,G1060,G5413,G4625,GA032,G9531,G1590,G1567,GA030,G5309,G9593,GR026,G8350,G5359,GR001,GA031,GA037,G4929,GP310,G4936,G4910,G5425,G9755,GP452,G2783,G9733,G4639,G1064,G5422,G4821,GR061,G9878,59297,G1643,G4924,G4952,G9879,G1711,G2744,G2734,G9732,G4953,G2788,GP513,G2735,G4863,G4506,G8551,G2714,G5357,G1611,G3351,G5397,G4923,G5500,G2732,G1065,G5361,G3247,G5462,G4916,G5395,G5041,G4911,G2782,GP502,G5394,G4533,G4959,G8361,G4661,G1710,G5323,G4811,G1780,GP501,G5345,G3427,G1574,G9553,G5404,G3103,GF501,G4628,G1563,G1716,G8355,G3269,G5412,GM410,G4909,G5424"
114.50,24.50,0.99,0.90,555,"GP110,G4845,G1544,GP114,GP113,G4748,G4891,59096,G4896,G1546,GP115,GP108,GP109,GP106,G4744,G4847,GP111,GP107,G4899,G4637,G4895,G1542,G9855,G4862,GP112,G4898,G1557,G4742,G4759,G4893,G4756,G4897,G9854,G9858,G9857,G4642,G4833,GP102,GP103,GP105,G1490,G4754,G4646,G1488,GP313,GP303,G1494,G1554,G9861,G1543,G1444,GF602,G4740,G1540,G4650,G4831,G1548,G9856,G9853,G4846,G1541,G1486,GP305,G4643,G4515,G4743,G4645,G9852,G4514,G4448,G9860,GP104,G1499,G4638,GF805,GF603,G4894,G4623,GP300,G4741,59094,GF604,G1484,G4753,G1489,G1559,G1547,G1545,G4633,G9859,G9851,GF601,G4416,59099,G4653,G4656,G4624,G4832,G4644,G4755,G4892,GP101,G1473,G9862,G4933,G1481,G4502,GF806,G1469,G9850,GF094,G4757,G1467,G4641,G4506,GP215,G4513,G4500,GP312,GP304,G1441,G1550,GF607,G1468,GP302,G1515,G4640,G1528,G1556,GP307,G4861,G4970,GF501,GF504,G4559,G9863,G1485,GF802,G1518,G4527,G9868,G9864,G4971,G4635,G9870,G4668,G1450,G4636,G1440,G1475,G4758,G4528,GF800,GP219,G4669,G4454,GP204,GP209,G4739,G1495,G4431,GP306,G4657,G4501,G1519,GP311,GP308,GP205,G9865,G4533,G1421,G4655,GP314,G1520,G4453,59097,G4634,G4752,G4625,G1551,G4503,G4507,G9866,GF801,G4858,G9875,GF505,G1521,GP301,GP218,G1513,G1552,GF503,G1590,G9876,GF600,GP212,GP211,G4751,G9869,GF409,G4654,GF091,G4854,GF502,G4511,G4468,G4661,GF500,G9874,G1476,G1517,G4860,GF807,G1427,G9873,G1512,GP216,G1516,GP310,G4455,G1434,G4508,G1451,GP220,G1432,GF803,G9867,G4436,G1558,G1423,G4855,G1514,GP309,GP214,G4629,G4859,G4662,G4750,GF408,G4512,G4632,GP217,G4659,G4450,GF808,GF405,GF606,G1493,G9877,GF605,G4639,G4622,59090,G4509,G1443,G4464,57996,GP208,G4631,GP210,GF412,G4658,G4969,G4660,GF508,GP206,GF804,G4852,G9871,G1424,G1555,GF400,G4504,G4863,G1422,G1553,GF507,G4920,G4665,G2755,G1522,G1431,G4968,G8539,G8544,GP213,GP445,GL704,G9872,G1482,G1536,G4461,G4434,G4903,G4447,GP444,G4432,G4459,G1407,G4910,G4915,G9878,G2746,G4613,GF407,G8550,G4531,G1752,G4651,G4466,G4620,G4433,GP460,GP207,G4734,G4856,G4973,GP006,GP200,GP202,G4805,G5561,G4463,GP222,GF809,G4837,G4510,GP203,G5545,G2776,G1492,G1538,GF305,G1531,G4628,G9879,G1567,G4919,GF506,G4839,G4558,G4733,G4652,G4452,G4972,G4451,G1506,G1511,G4909,G4621,G1526,G1503,G4838,G1527,G4449,G4731,G4505,GP448,G4710,GF406,GF310,GP480,G4630,G4815,G4918,G4958,G1478,G4904,G1523,59290,G4836,G9885,G1509,G4835,G1491,G1084,G1504,59293,G1530,G1753,G4467,G8558,G1428,G1502,GP221,G4458,G4911,G4942,G1524,G4711,G5544,G1564,GF103,G5547,G1433,GF404,G2743,G4975,G4523,G4956,GP201,G4435,GF410,G2744,G1508,GP005,G4817,G4611,GF810,G4843,G4616,G1496,G4735,G4456,G4811,GP481,GP449,G8534,G3368,G4524,GF402,GP476,G4715,G4718,GF309,G3421,GF401,GF101,GF304,G1483,G4465,G8569,G5556,GL703,G4618,59107,G4708,G4460,G4457,G9750,G4814,G4912,G4414,G1402,G4841,G4462,G4959,G2790,G1535,GR045,G8551,G2729,G4816,GF403,G4706,G1435,G4719,G9728,G4813,59082,G1420,G4957,G4926,G4952,G1430,GP453,G1057,GR028,G4736,GF104,G1409,G4916,G4925,G1566,G3424,G9882,GF811,G4906,G5554,GF411,G4803,G1561,G9727,G4615,G5540,G4913,GF002,G1063,G4522,G4617,G4921,GP452,GP510,G4667,G4938,G3369,GF301,G4947,G1571,G1510,G1580,G5541,G4714,G4941,G4410,G2780,G4406,G4717,GR072,G1439,G3106,G2737,G4928,G4974,G4442,57989,G4441,G4908,G2712,G4801,G4526,G8341,G9702,G4412,G4666,G4953,G4955,G4945,G4946,GL702,G1563,G1442,G4400,G5423,G4408,GP424,GF006,G4438,G1560,G3365,G2713,G4612,G4409,G1505,G5354,G2775,G9530,G1507,G4713,G4934,G4939,GR027,G4905,G1406"
114.50,25.00,0.99,0.90,365,"G4455,G1432,G4464,GF405,GF408,G4436,G1431,G4468,G4513,G4461,G1434,G1427,G1441,GF409,GF504,G4459,GF400,G4433,G4432,G1422,GF407,G4452,G4463,57996,G1407,G4450,G4449,G4451,GF406,G4434,G4458,GF412,GF404,G1450,G4511,G1433,G4435,G4456,G9885,G4500,G4466,G4465,GF403,G1443,GF507,G4467,G4507,GF402,G4457,G4503,G4509,GF410,G1430,G1444,GF505,GF500,G4506,GF501,G4508,GF503,G1435,G4460,GF502,G4662,G4447,59090,G4448,G4501,G4514,GF401,G4505,G1451,G4515,G4512,GF508,G1489,G4646,G1467,GF411,G4462,GF506,GP110,GP109,G1557,G4502,G1469,G1496,G4891,G4504,G9858,G4416,GF094,G4533,G4744,GP108,G4510,GP313,G4414,G1544,G4862,GP312,G1494,G4637,G9857,G1468,GF309,GF305,G4845,G4527,G4748,GP113,GF301,G4528,G4425,G4522,G4622,GF306,G9855,GP114,G4531,GP300,G4757,G1550,G9859,G4443,GF310,G4833,G4759,G4413,GP106,G4643,G4756,G4661,G4625,GP115,G1419,GP311,G4454,G4423,G4668,GP307,59096,G4523,GF603,G4832,G1420,G1542,GF302,G9856,G4754,G1440,GP107,G4453,G1484,G4520,G1453,G4753,G1546,G1490,G4896,G4424,GF602,G9854,G1590,GP303,G4431,GP111,G4899,G9861,G4613,G4898,G4645,G4530,G1424,59099,G4633,G4847,57989,G4524,GF311,G1559,G4831,G4861,GF304,GF601,GP310,G4442,G1437,G4441,G4642,G1439,GP302,G9860,GF307,G9864,G4526,G4665,GF300,G4895,G4444,G9862,G1554,G1486,G4903,GP301,G4893,G9876,G1442,G1499,GP112,G4755,G4639,GP102,G9853,G1551,G4636,G9863,GP305,G4897,G4742,GF103,G4644,59094,G4438,G1488,G9875,G1558,G1538,G4621,GF604,G9852,G4933,G4743,GP103,G4521,G4860,GF303,G4904,G4611,G1543,GF002,G4863,G1445,GF312,G4638,G4529,G9882,G4620,G4439,G9877,G9850,GP105,G9851,GF607,G4635,G4758,G1402,G1547,G1455,GP308,GF093,G1548,G4623,G4854,G4817,G4640,GP480,G1541,G1540,G1485,G1493,G4815,GF606,G4719,G4740,G4641,G4942,G1446,G1545,G4422,GF101,G9865,G4741,GP304,G4650,G1473,G4656,G9873,G1492,G4846,G4616,GF001,G4410,G4852,G4525,G1552,G4906,G1556,G1491,G1555,G9878,G9874,G4400,GP104,G1428,G4406,G9868,G4910,G1417,G4750,G1425,G4409,G4624,G1530,G4628,G4408,G4813,G4838,G4412,G1465,G1452,G9866,GP101,GF805,GP314,G1448,G4631,G4858,G9870,G1481,G4894,G1495,G9872,G4816,G1406,G4405,GF605,59082,GF006,G1449,G4855,G4892,G9871,GP460,GP306,GF600,G4751,G1459,G4617,G4629,GP309,G1401,G4415,G4909,G4653,G1405,G4404,GF308,G9879,G4970,G1418,GP481,GF802,G4630,G4752"
114.50,25.50,1.00,0.90,135,"GF403,G4456,GF404,G1430,G4458,G4435,G4465,G1433,G4449,G4452,GF406,G4457,G4451,G9885,GF402,G4433,G4463,G4459,G4461,G1431,GF407,G4432,G4467,GF410,G1435,G4464,G1407,GF400,GF405,G1422,G4460,GF408,G1432,G4455,G4434,G4436,G4466,G4425,G1434,G4423,57996,G4468,GF401,G1427,GF411,G4424,G4443,G4450,GF409,GF412,GF306,G4462,GF507,GF311,G1419,G1453,G1443,G4505,G4511,GF504,G4509,G4513,G1441,G4413,G1496,G4414,G4447,GF302,GF301,G1450,G4520,GF500,G4507,G4522,GF506,G4503,G4508,GF307,GF505,59090,G4662,G4500,GF309,GF503,G4521,GF502,G4530,GF508,G4512,G4510,G1451,GF093,G1420,GF501,G4504,G4506,G4501,G4444,GF305,G1437,GF310,57989,GF300,G1444,G4523,G1417,G4442,G4441,G4531,G1439,G4526,G4422,G4529,G4448,G1452,G4514,GF303,G1418,G1467,G1446,G1442,G4533,G1465,G4515,G1455,G1489,G4622,G4524,GF304,G1459,G1449,G4502,GF312,G1469,G1448"
115.00,22.00,0.97,0.90,141,"G5415,G5510,G3668,G1134,G5335,G3674,G3582,GL511,G1706,G3640,G3626,G3625,G1140,G3725,GL502,G1154,G3666,G1735,G5523,G1159,G3724,G3566,GL503,GL510,GL513,G5519,G3563,G3525,G3533,G1824,G5503,G3624,G5506,G3628,G1114,G1172,G3511,G3673,G3512,G1162,G1119,G3571,G1808,G3541,G1734,GL516,G1124,G3769,G3632,G1122,G3652,G3695,G5330,G3627,G3762,G1127,G3629,G1116,G3735,G1118,G3665,GN033,G1165,G1813,G3613,G1818,G3689,GL512,G3544,G3656,G5690,G3638,G1859,G5317,G5336,G1194,G5618,G1826,G1718,G1115,GN027,G1163,G5686,G5689,G1811,G5521,G5602,GN007,G3730,G3536,G5328,G3637,G1810,GN008,59501,G3670,G1701,GN029,G5502,G1801,GN040,G3792,G1117,G3655,G1830,GN011,G3660,GN009,GN012,G1125,GN006,G1138,G5303,G3567,G5616,G1126,GN013,G5313,G1805,GN010,G1821,G1854,G3741,G5669,G5666,G3755,G3723,GN005,GN028,G3731,G1717,G1133,G3545,GN014,GN016,GN030,G3794,GN004,GN017,G3542,G1814"
115.00,22.50,0.98,0.90,518,"G5415,G5510,GL511,GL502,G1706,G5523,GL503,G5519,G5335,G1824,GL513,G3628,G5506,G1114,G5503,G3673,G1119,GL510,G1735,G1124,G3769,G1734,G3632,GL516,G1122,G3629,G1116,G1127,G1118,G1818,G3735,G3652,G1859,G3656,G3665,G1194,G3638,G1115,G3613,G3668,G1826,G3637,G3670,G3655,G1117,G1813,G3660,GN007,G1126,GL512,GN040,GN008,G1821,G3625,G3741,G5502,GN006,G3755,G5521,GN009,G3582,GN012,G1866,G1830,GN010,GN005,GN011,G3674,G5336,GN013,G1134,G3642,G3624,GN033,G3666,G5602,GN004,GN014,GN016,G5639,G1140,G3615,G5317,G5690,GN015,G3626,G1123,GN003,GN017,G1808,G3724,G3640,GN030,G3533,G1864,GN002,59501,G5330,GN001,G1803,G1718,G5313,G1159,G3644,G1854,GL509,G1154,GL505,G5328,G3525,G1814,G5601,G3511,G3725,G5616,G3541,G3566,G3571,G3563,G1128,G5603,G1172,G1882,G5604,G1816,G1701,G5618,G1162,GN032,G1807,G1805,G1863,G5622,G5625,G5623,G5678,G1801,GN027,G5522,G3695,G3512,GN029,G1717,G5501,G3689,GN028,G3762,G1819,G1817,G1165,G5515,G5686,G5689,G1811,G3627,G1739,G5477,G1733,G5303,G1886,GN037,GL501,GN034,G5459,GL504,GN031,G1810,G1163,G5669,G5666,G5620,G5442,G5504,G5605,GN021,G3544,G5512,G1707,G1702,G5458,G3792,GN018,GN020,G5457,G3542,G3731,G5460,G5640,G1879,GN019,59500,G1825,GL506,G1828,G1872,G5466,G5445,G5461,GN022,G3730,G5673,G5672,G3754,G3795,G1138,G3657,59492,G5443,G1822,GN024,G5465,G5447,GN023,GL507,G5449,G3536,G5464,G1827,G3654,GN047,G3749,G5638,G1883,G1181,G5454,G5463,G3537,GL508,G1125,G1880,G1834,G3538,G3788,G3719,G5448,G5440,G5509,G5444,G3646,G3683,G1847,G5624,G1133,G3623,G3723,G3787,G5456,G5517,G3508,G3687,G1147,G3567,G5450,G1820,G3753,GN046,G1722,G3545,G3516,G3662,G3549,G5344,G5507,GN041,G5455,G3622,G5469,G1137,G1873,G3796,G1731,G3520,G1858,G5642,G5472,G5508,G3539,G1171,G3794,G5500,G3742,GN036,G1177,G5467,G3780,G5308,G3578,G5513,G3633,G1868,G3535,G1721,G1881,G5470,G5637,G3514,G3517,G3748,G3726,G3760,G3554,G5520,G5462,G1185,G3570,G5345,G5315,G5626,G5307,G5505,G1730,G5643,G1892,G1815,G3621,G1843,GN039,G3659,G3564,G3678,G5471,G5476,G1174,G1182,G1835,G5516,G3661,G5312,G5309,G3560,GN038,G3799,G5475,59502,G5446,G3649,G5451,G3552,G3509,G5641,G3758,G5468,G1144,G1173,G6155,G3737,G5441,G5628,G5667,G5668,G1954,G5306,G1823,G6101,G5473,G3524,G3518,G5310,G3685,G5320,G5960,G1146,G5511,G5337,G3534,G1998,G3558,G5636,GL514,G5452,G5635,G1703,G3743,G1719,GL515,G5474,G6105,G6106,G5302,G1587,G5322,G1865,G1959,G3577,G5607,G1120,G6083,G5961,G1711,G3798,G3631,59298,G6029,G3789,G3721,G1161,G5671,G5670,G1166,G3559,G5323,G1832,G1716,G5343,G1129,G3581,G5314,G1121,G1841,G6081,G1710,G5305,G3630,G3793,G1804,G3523,G3522,G6107,GN048,G3506,G3527,G5962,G3573,G5300,G1149,G6104,G3747,G1848,G1917,G3779,G1974,G5321,G1845,G1905,G3579,G1148,G5339,G3507,G5311,G5338,GN053,G6154,G1184,G6078,G1596,G3775,G3774,G3739,G3576,G5963,G1958,G5316,G5608,G1715,G6096,G6082,G1592,G6103,G5614,GN025,G1188,G6079,G3797,G1856,G3761,G6090,G1175,G1714,GN049,G6005,G3773,G1836,GN045,G5342,G6131,G3580,G3751,G3696,G6110,G1135,G1598,GN044,G3778,G3791,G3510,G1591,G3519,G3732,G1885,G1130,G3776,G3691,G1180,G6070,GN026,G1586,G3547,G5964,G5379,GN052,G6012,G6069,GN043,G5301,G3698,G1870,G1849,G1953,G3658,G1990,G5692,G3713,G6091,G5631,G3669,G3645,G3572,G5632"
115.00,23.00,0.98,0.90,763,"GL501,G5501,G1707,G3615,G5512,G1866,G1864,G1128,G3644,G3741,G1123,G3642,G3655,G1126,G1821,G3637,G5522,G1117,GL507,G3755,G3660,G1194,G1115,G1859,G1818,G3670,G3656,G1116,G3629,G5639,GN037,GN002,G3638,G1882,G1118,G1731,GN040,G5507,G5508,G1124,GN006,G5625,G3769,G1826,G3632,GN005,G1122,G1127,GN004,G5509,G3735,G5513,GN001,G1119,GL506,G3665,G1803,G1734,GN007,GN015,G3673,GN010,G3613,GL516,GN003,GN008,GN009,G5502,GN016,GN014,G5515,GN012,G3628,G5623,G1114,G1825,G5506,GN017,G1739,G1824,GN013,GL505,GL508,G1830,G3652,G5678,G5504,GN011,G5517,G1883,G5505,G1816,GL503,G5519,59500,G5604,GL504,G1886,GL514,G5523,G5500,GN030,G5638,G5521,G1813,59492,GL512,GL513,G1858,G5503,GL509,G1863,GL502,G1733,G1587,G5520,G5511,G1730,G5637,GN036,G5601,G1596,G5516,G5602,G5642,G5605,G1828,G1592,G1814,G5603,GN039,G5336,G1872,G5313,G1817,G1820,G1854,G5455,GL510,GL511,G5314,G5622,GN038,G1706,G1598,GN022,59501,G5461,GN021,G5444,G5309,G1722,G1703,GN033,GN019,GN020,G5462,GL515,G5317,G1591,G5690,GN031,G5450,GN018,G1586,G1573,G5454,G5345,G1823,G5442,G1735,G5310,GN024,G5640,G1827,G1807,G1881,G4900,G5616,G1588,G5449,GN023,G1819,G5624,G5477,GN032,GN041,G5466,G5328,G5456,G1815,G1718,GN047,G5415,G5510,G5335,G1594,G5641,GP506,G1865,G5440,G1847,G5344,GP513,G1585,G5307,G5614,G1715,G5447,G5330,GP500,G5628,G4822,GN046,GN034,G1808,G1805,G5459,G1822,G5379,G1701,G1578,G1575,GP002,G1593,G1835,G1711,G5315,GP507,G5308,G5692,G5306,G5458,G1873,G5465,G1717,G1834,G5445,G3624,G4902,G1791,G5311,G5312,G1801,GN028,G5620,G5618,G5472,G5452,G1744,G5448,G1856,G1702,G1574,G1713,G5323,G1581,G5457,G1714,G5377,G5352,G5407,G1719,GN054,G1880,G5443,G1851,G4828,G1582,GP003,G5463,G1716,G1782,G4821,G5626,GP514,G1710,G1841,GN053,G5351,GN029,G5322,G1848,G5460,G5337,G5305,G1572,G3541,GP508,G5324,G1885,G1798,G5320,GP511,G1743,GN027,59298,GN051,G5301,G5451,G5350,GN052,G5396,G1832,G3571,G5378,G5419,G4901,G3533,G5303,G5300,G5607,G1876,G5464,G5158,G1861,G5666,G5669,G3625,G3657,G5476,G1892,G1795,G1879,G3795,59502,G3666,G1569,G5672,G5673,G5380,GN048,G3511,G3724,G1597,GN050,G5375,G1868,G5473,G1712,G5469,G5613,G5376,G5686,G5689,GP504,G1811,G1595,GP502,G3542,GP512,G5302,G3689,G1746,G3654,G1810,G5428,G1794,G3695,G1721,G5368,G1742,G3525,G3731,G1162,G1781,G5679,G3754,G5343,G1172,G1165,G1790,G3646,G1140,G5475,G3537,G1874,G5441,G5129,G3582,G1799,G1704,G5470,G3662,G3668,G1749,G1159,G5321,G3762,G1163,G1589,G5417,G1797,G5411,G3792,G1853,G3626,G5410,G5467,G3516,GP004,G1584,G3674,G1875,G3683,G5635,G1870,G1642,G5408,G3563,G1134,G3627,G3566,G5615,G1787,GN055,G3520,G1843,59304,G5342,G1788,G3512,G5399,G1570,GP001,G3719,G5643,G5474,G1802,GP509,G5338,G5371,G1154,GN044,G1836,G3749,G5422,G5372,G3640,G3539,G4824,G1796,G3544,G3538,G1745,GN025,G3788,G3633,G1501,G1852,G5427,G1181,G1138,G3508,G1789,G5395,GN026,G5632,G5409,G1507,G5446,G5374,G1576,G5339,GP505,G5468,G3622,GP503,G5370,G1748,G5316,G3725,G5629,59297,G5608,G1147,G1783,G3730,G1850,G5325,G5373,G5667,G5668,G3787,G5471,G1571,G1862,GN056,G3748,G3753,G1580,G5414,G4801,G3780,G5418,G5636,G3623,GL256,GL252,G5362,G5401,G1577,G5363,G1849,GP510,G4803,G6070,G1845,G3536,GL253,G1171,G1958,G3564,G5341,GN049,G1860,G1125,G5394,G8906,GL254,G4825,G1133,G5327,G5382,G4706,G5366,G1959,G9013,G3570,G3687,GL255,G1884,G1720,G6069,G3685,G5369,G3723,G1647,G1137,G5434,G5405,G3509,G1185,G5402,GL257,G6114,G5963,G6083,G5381,G3760,G1844,GP501,GL251,G2967,G3796,G4736,G6155,G5439,G1974,G3661,G5340,G1804,G5356,G1505,G3549,G1991,G5416,G1583,G5630,GN045,GN035,G6005,G1954,G3545,GV314,G3678,G6081,G6068,G1508,G3567,G4708,G1930,G2932,G5961,G1741,G6082,GV213,G5365,G2902,G5326,G8923,G5355,G3554,G6101,G5353,G1177,G5436,G1502,G6131,G6079,G3621,G6078,G5670,G5671,GV312,G3649,G5354,G5393,G1785,GP005,G6106,G5367,59293,G6095,G6117,G5438,G3742,G4735,G1509,G1905,G1838,G6105,G5364,G6115,G1927,G8908,G6029,G5964,G3517,G6090,G1998,G1840,G3560,G5423,G3794,G1914,G5631,G2935,G6066,G1946,G6107,G4731,G5430,G3737,G1527,G6104,G5397,G8902,G1526,G5960,G6080,G1979,GN043,G6113,G5435,G6011,G3578,G1894,G1780,G3726,G1917,G6091,G4843,G3758,G1182,G1869,G1784,G6096,G5957,G3535,G1705,G6154,G6086,G1842,G2981,G1806,G5962,G3514,GM403,G6012,G6067,G1506,G4737,G6030,G1174,G5412,G1503,G1614,G1525,G1953,G5437,G5549,G4733,G3743,G5429,G6103,G9011,G1951,G1779,G1893,GM402,G3659,G6028,G1144,G5361,G3559,G3518,G5680,G1957,G5359,G1643,G1148,G1955,G5433,G1990,G6110,G3552,G6098,G5383,GP006,G3799,G8931,G6065,G3558,G8935,G5384,G4973,GV306,G8936,G1988,G1161,G5403,G3507,G1504,G2954,G8933,G1980,G8925,G1773,G4975,G4805,G1173,G4856,G3573,G9014,G2939,G1877,G1878,G3732,G6013,G3791,G5546,G4974,G6063,GM408,G8955,G1166,G3524,G3534,GV313,G3506,G1837,G8901"
115.00,23.50,0.98,0.90,755,"G1578,G1594,GP507,G4900,GP508,G4901,GP506,G1581,G1597,G4822,G1573,G4902,GP514,G1596,G1582,GP500,G1588,GP509,G1592,G1598,G1595,G1576,GP002,GP505,GP513,G1589,GL514,59304,GP504,G4824,G1570,G4821,GP003,GP510,G1571,G1586,G1591,GP503,G1574,G1587,G1572,G4736,G5513,G1505,GP001,G1782,G1795,G4825,GP502,G1731,G5508,G5377,G5511,G4735,G1593,G1781,G5507,G4803,G4706,G5505,G1580,G1507,G1790,G5314,G5428,G1585,59293,GP511,G1502,GP512,G1503,GP004,G1501,G5351,G4801,G5368,G1508,G1794,G1509,G1713,G1527,G1504,G1584,G1526,G5407,G1569,G1583,G1525,G4731,G5419,G5408,G1577,G1575,G4973,G5352,GL507,G4737,G4974,GP501,G1642,G1746,G5516,G5370,G5350,G1730,G1749,G5509,G4708,GP005,G1707,G1703,G1796,G4828,GP006,GL515,G5512,G5520,G5129,G5376,G5500,G5411,GP221,G1510,G1506,G5372,GL501,G4733,G5324,GP213,G5371,G5158,G5637,G1647,G5517,GN039,G1858,G1643,GN038,G1704,G4972,G5414,G5501,G5369,G5379,G4856,G5399,G4969,G4805,G1789,G1524,G5375,G5378,G4843,G4957,G5692,GP208,GL508,GN036,G4968,G5309,G5373,GL506,G1744,G5410,G5614,G1861,GN054,G5310,G1823,G1715,G1883,G4927,G1791,G4925,G5374,GN037,GP400,G5642,G4940,G1788,G1825,G1522,G5522,G5366,G1516,G5380,GN055,G1743,GP214,G1742,GP207,G5462,G4734,G1865,G5638,G1565,GP222,G5354,G1128,GP217,GP212,G1511,G1745,G5402,G1851,G5041,G1512,GM402,GP211,G4975,G5355,G4713,GP210,G5423,GP218,G1521,G4956,G5345,G1874,G5455,59500,G1862,59492,G5364,G5625,G5515,GP216,G5504,G3644,GM408,GN050,GP200,G5356,G5417,G5641,G1864,G1739,G1564,G4926,G5367,G1882,G4935,G1852,G3615,G1614,G1820,GN056,GP205,G1876,G1613,G1881,G1123,G1815,G1748,GP201,GN051,G1798,GP202,G5311,GP204,G4934,G1856,G5623,G5427,G1787,G1866,G1514,G1714,G1711,GL504,G1722,G5353,G3642,GM403,G5615,G1886,G1513,G5613,GN002,G5396,G1537,G4938,G5678,G4958,G4929,GP408,G5628,G1518,G3741,G4920,GP220,G1523,G5639,G1885,G1821,G5540,G5301,G4937,G5450,G1126,G5365,GL703,G3755,G1783,G5444,GN001,G1803,G4928,G1828,GN052,G1802,GV314,GP203,GP206,G3655,GP219,G8923,G4971,G5679,GN053,G1117,G3660,GM405,G4715,G2932,G4718,G4739,GN004,G1733,G5381,G3637,G5307,G1515,G1816,G4936,G5362,G1872,G4712,GN015,G5306,G5382,GN005,GL505,GN003,G3670,G5604,GN041,G5605,G5323,G4814,GN006,G1646,G1517,G5546,GN040,GN016,GN014,G5401,G1115,G1863,G1194,G1710,GN022,G5040,59107,G1648,G5549,G1841,G1835,G1848,GN010,G1520,G1712,GP215,GN017,G1859,G5454,G1716,G5461,G1797,G3656,G1568,G5452,G1818,G2967,G5554,G3638,GN009,G1528,G5363,G5409,G5624,G1850,GN012,GN007,G4970,GM410,G4939,GP209,G5547,G1826,G5502,G1116,GN008,G1799,G5305,G1536,GN013,G3629,G1118,G5456,GN019,G1860,G1719,GL702,G4941,G5315,G1827,GP424,G5344,G5128,G1785,GL252,G4892,G1830,GN020,G3735,G3665,GN011,G1127,GN021,GN030,G4919,G1853,G3613,GL509,G1122,G3632,G1817,GN024,G5322,G1124,GL253,G3769,G5312,GV312,G8935,G5449,GP101,G2935,G4835,G5630,GN018,G5434,GN023,G5300,GM409,G1734,G5629,G1615,G4921,G1611,GL516,G1119,G5416,59298,G1847,G5640,G1519,G4752,G1832,GN047,G5601,G5337,G1640,G5308,GN031,G5440,GL256,G5545,G5622,G3673,G3652,G1875,G5521,G4924,GL254,GN046,G5603,G5422,G1535,GL705,G8936,G8933,G4894,G1884,GP306,G5556,G1814,GN035,G5442,G5466,G5320,G5607,G1813,G4955,GL512,GN048,G4741,59290,G4710,G5433,G5418,G1114,G3628,G8926,GL255,G5405,G5506,G5553,G1545,59297,G1873,G5626,G1824,G5395,G5313,GV306,G5602,G1854,G5430,G1541,G1556,G5563,G5131,G4859,G5477,GM407,G1870,G8906,G5451,G1819,G5447,GL257,G2939,G1548,GP314,G5472,GP304,G2933,GV310,G5383,GV309,G9013,G5336,59306,G5519,G1553,G1475,59501,GL503,G1807,G1610,G4907,GL251,G1547,G4751,G4918,GL704,G4669,G5224,G5429,G5384,G5503,G4923,G5302,G4858,GL707,G1752,G5321,G1822,GM406,G5343,G4841,GL513,G5394,G1645,GN032,G5523,G1532,G1543,G4650,G1649,59303,G1834,G5476,59502,G5473,GV313,G5342,G5317,G5616,GV213,G5632,GP453,G5385,GN044,GN033,G5690,G8931,G5436,G1609,G8925,G5544,G8902,GP103,G4953,G4743,G1892,G4836,G5435,GM401,G1836,G2960,G5148,G5465,GP452,GL502,G5448,G5403,GN026,G5325,GN034,G1612,G5542,G5328,G5459,G1644,G5338,GF805,G4837,G2968,GP309,G5445,G2902,G1718,GN025,G5431,G5432,GP102,G5458,GL510,GP445,G1880,GV317,G5541,G1705,GP305,G9014,G4855,G5463,G2966,G8921,GF806,G5441,G8934,G4933,G1741,G1552,G4952,G2981,GM404,G5341,G4922,GM255,G4893,G5475,G1720,G4954,G5397,G1868,G2931,G5635,G1805,G8932,G5443,G1563,G4840,G1531,GV305,G4740,G8918,G5359,G5339,G5439,G1476,GP449,G5561,GL706,G1554,G4559,G8909,G5386,G1780,G4758,G5457,G5620,G1701,G1702,GP444,G4653,G1706,G5316,G5474,GP456,GL511,G1661,G8904,G8908,G1717,GP448,G5327,G2936,GP308,G5608,G1721,G4846,G1634,GV301,G1735,G5358,G5469,G5361,GP112,G5330,G1849,G5412,GN028,GV303,G4916,59109,G4755,G5413,G5460,G6070,G1534,G4711,G4895,GP104,G5552,G5470,G1808,GV209,G5425,GF800"
115.00,24.00,0.99,0.90,589,"G1522,G4968,G4972,GP207,GP217,GP222,GP221,GP216,G1514,G1524,G1511,G1504,G1512,GP220,G1513,G4920,G4956,G4739,G1520,G1564,GP218,G1521,G4957,GP219,G1510,G4925,G4958,G4974,G1503,G4971,G4735,G4970,G1536,G4752,G4736,G1505,G4926,GP212,GP306,G4973,GP204,G1515,GP215,G4715,G4718,G4919,GP205,G1516,G1525,G1556,G4969,G4927,GP101,G4713,G4814,GP314,G4938,G4859,59107,GP304,GP211,G4835,G1518,G1545,GP213,GP208,G4751,G4892,G4858,GP510,G4741,G4934,59293,G4928,G1547,G1576,G1553,G4710,GP505,G4935,G1527,G1526,G1502,G1537,GP509,G1565,GP006,G4940,G4937,GP400,G4737,G1571,G4941,G1535,G1541,G4731,G4743,GP214,G4825,G4921,GP408,GP309,G4918,G4712,GP424,G4939,G4933,G1509,G4855,G1552,G1548,G1543,GP305,G1568,G4824,GP445,G4758,G4837,G4836,59304,GP308,G4955,GP503,G4929,G1570,G1508,G4936,G4841,G1597,GP102,GP103,G1554,G4755,G4894,G4706,G4856,GP444,G1589,G4924,GP453,G1506,G1531,G1528,G4733,G4805,G4901,G4750,G1611,GP210,G4831,G4893,G4803,G1643,G1583,GP448,GP452,G4915,G4854,GP508,G5041,G4953,G1595,G4923,GM410,GP449,G4952,G1580,GP005,G1559,G4711,GP303,G4898,GM405,GP504,G4839,GP209,GP001,G4650,59099,G1581,G1532,G1563,G4708,G4916,GP302,G4734,G4754,G4852,G4907,GP514,GP501,G1582,G5040,G1507,GP507,G1555,G4922,G4895,G4801,GP112,GP456,G4959,G1578,G1517,G4861,GP111,G1551,G4756,G1567,G4860,G4753,G4902,G4759,GP460,G4840,G4833,G4843,GP200,G1534,G1577,G1519,G4811,GP206,G4954,G4911,G4822,G4832,G4717,GM255,GP502,G4951,G1561,G1501,G4821,G1594,G4910,GM401,GP202,G1546,GP301,GP003,GF805,G1795,GP506,G4740,GP500,G1558,GP300,G1781,G1790,G1640,G4847,G1645,G4975,G4812,GP002,G1572,G4862,G4900,G1613,GP004,G4909,G1475,G4913,G4917,G1574,G5428,G1647,GP440,GM408,G4846,G4669,G4742,GP203,GP307,GP468,G4896,59109,GP313,GP105,G4757,G5370,G1584,GP513,GM402,G1782,G4845,59096,G1573,G5128,G4863,G5369,GF806,G5408,GP201,GP114,G1588,G1557,G1540,GP512,G5368,G1562,G1544,GP109,G1550,G4653,G1523,GP104,G1794,G5101,G4891,G4838,G4914,G5377,G1796,GP310,G5102,GM406,G1642,G1609,G4714,G4912,GP511,GP476,G1598,GM253,GP311,G1590,G4950,G5414,G5110,G1596,G1634,GP481,G5372,G5354,G1569,G1592,GP312,G5423,G1533,GL703,G4897,G1749,G4559,G1615,G4899,G1614,G5224,G1530,GP113,GP110,G1593,G4748,G5411,G1586,G5545,G1746,G5371,G5351,G1633,G5126,G5419,G5547,G1630,G1591,G5129,GM257,G4948,G5364,G5355,G5540,G4947,G5373,GP115,G5127,G1789,G1649,GM409,G1646,59303,G5113,G5109,G1566,G5366,G4949,GL704,G1713,GF800,G5407,G4815,GP480,G5399,G5376,GL514,G1644,GM254,G5402,G5367,GM260,G5350,G1476,GM403,G1585,G5100,GP107,59097,G4945,G4946,59290,G5131,G5554,G1752,G1635,G5352,G4903,G1704,G1538,G1481,G4942,G4655,G1421,G4624,G1587,G5148,G1636,G5356,G5374,GP106,G1488,G5107,G5105,G4828,G5556,G1648,G5410,G4816,G5124,G1638,G1575,G4908,G5158,GL702,G5546,G5324,GM258,G5108,G5314,GF801,G5375,G5111,G5353,G4657,G1788,G4817,G5511,GM407,G4904,G1542,G4623,GM256,G1612,GM251,GN055,G4943,G5544,G4642,G4656,G4813,G5513,G1862,GF807,GP108,G5378,G5561,G5106,G1745,G1610,G1637,G1861,G5505,G9852,G4658,G4638,G5103,G5508,G1731,G5549,G1423,G4744,G5365,G1473,G1560,GM259,GN056,G4659,G5042,G9855,G1742,G1632,G8923,G5507,GV314,G9853,G5380,G4906,G5553,GF802,GN054,G4637,GM102,G4719,G1744,GM252,G9854,G5379,G2932,G1852,G1703,GM404,G4905,GL515,G5692,G1748,G9851,G4944,G1874,G5104,G1753,G5516,G5009,G8935,G1743,G5130,G5563,G1791,G5417,GV309,G5381,G1730,G5212,G1486,G4654,G5541,G1631,G5427,GF604,G5614,GM262,G1490,G1499,G9861,GF808,GL705,G5520,G1715,G4641,GM551,GN050,G1787,59094,G4651,G8926,GM104,G1851,G5382,GN038,G5500,G9870,GN039,G1783,GF602,G2933,G5615,G9860,GM760,G5003,G2967,G8933,GL707,GL507,G5637,G1785,G8936,G5362,G5509,G9857,G2935,G1641"
115.00,24.50,0.99,0.90,480,"G4861,GP302,G4832,59099,G4753,G1551,G1559,GP307,GP300,GP301,G4757,G1550,G4860,G4755,G4758,G4854,GP308,G1558,GP311,G4754,GP312,G1590,G4933,G1552,G4833,GP310,G4831,GP303,G4750,GP313,G4852,G1555,G4756,G4855,G4863,GP309,G4759,G4858,G4751,G4910,GP314,GP305,G4862,G1554,G1557,GP304,GP460,G1556,G4915,GP445,GP444,G4859,GP306,G1547,G4743,G1567,G4903,G1553,G4839,G4752,G4909,G4838,G1531,G4898,G4837,G1538,GP109,GP480,G4815,GP102,GP448,G4911,G1545,G1530,G4711,G4942,GP481,GP476,G4811,G1520,G4904,G1543,G1536,G4836,G4741,G4918,G4893,G4912,G4970,G4891,G4817,GP449,G4710,G4959,G4919,GP220,GP111,G1544,G4739,G4816,G1541,GP103,G1566,G4920,GP101,G4913,G1561,G1514,G1513,G1548,G4835,GP219,G4813,G4845,G4947,G4916,G4714,G4841,G4952,G4719,G4971,GP215,G4717,G1546,G4945,G4946,G4906,GP453,G4908,GP110,G4892,G1535,GP452,GP216,G4958,G1515,GP114,G4895,G1560,G1563,G4715,59107,G4718,G4914,G4943,GP217,G4814,G4953,G4951,GP222,59096,G4905,G1533,GP112,GP207,G4921,G1512,G1511,G1564,G1522,G4896,G4847,G4955,G4956,GP456,G1562,G1521,GP218,G1534,G4948,G4941,G4950,G4944,G4923,GP204,GP468,GP113,G4968,G4748,G4922,G4917,GP424,G4938,G4894,G1518,G5107,G4926,G4949,G4928,G4939,G4840,G4972,G1524,G4650,G4924,GM259,GP205,GP440,G5101,G1532,GM257,G1568,GP212,G4925,GP115,G4937,G4934,GP221,G4812,G4712,G4957,G4742,G4899,G4954,G1611,G1537,G5100,GM258,G4713,GM255,GP211,G4907,GP408,GP108,G4935,GP107,GP106,G1516,G4740,G1528,G1510,GP105,G4936,G1504,G4744,G4927,G5127,G4897,G4974,59109,GF805,G5108,G4929,G4969,G4846,GM410,G1540,G1565,GP208,G1542,G4637,GM401,G1637,G1503,G9855,G4940,G4973,GP214,G5102,GP400,G1630,GP213,GP104,G5212,GP209,GF408,G1432,G4735,GM253,G1525,G5104,G4653,G1645,G1488,G4642,G5124,GM256,GM405,G1444,G1635,G5110,G9854,GM262,G9858,GF806,G1505,G4736,G9857,GP006,G4513,G1519,GM260,G1683,G5040,G4646,GM551,GP210,G4737,G1527,G1682,59293,G1441,G5126,G1526,GF407,G5120,G1490,G1475,G5208,GM104,GM254,GM102,G1517,G1633,G1494,G4669,G5009,G5219,G5041,G4731,G9861,G1634,G1502,G5109,G9853,G1684,GF504,GF602,G9852,G5132,G1636,G4624,G4856,G4515,G4514,G4448,G4461,G4623,G4464,G5122,G5008,G1509,G4455,G1481,GP510,G4638,G5103,G4805,G1486,G4559,G1640,G9856,G9885,G4433,59106,G5113,G5204,G4656,G4733,G4451,G1506,GF405,G1499,G4643,GF402,G9860,G1643,G4645,G4500,G1576,G4825,G1431,G5105,GP505,GP206,G1571,G1609,G4468,G1508,G5221,GM553,G5123,G1473,GF604,G1489,G4436,G1696,GF800,G9851,59094,GM406,G4734,G1680,GP509,GF409,GF603,G1450,G4506,GM101,G1427,G4457,GM557,G5111,G4416,G1434,G1433,G1484,GM252,G4706,G5214,G1583,GP200,G4465,G9859,G4633,G4824,G5133,G4644,GF601,59097,GP503,G1421,G4655,GP005,G1638,G4502,GF501,G1467,G4452,G5211,G1469,G4641,59304,G9850,G5218,G4459,G4657,GF094,G9862,G1681,GP202,G1570,G5058,G4803,G5128,GF802,GM251,GF400,GM554,G1626,G1476,G5021,G5224,G4449,G1686,GF801,GF404,G1685,G4708,G1422,G4432,G4511,G1589,G4450,G4507,G5209,G1597,G4503,G1580,57996,G1631,GP203,G4843,G4456,GF607,G1468,G9870,G4640,G5213,G1644"
115.00,25.00,0.99,0.90,283,"GP312,G4903,GP311,GF408,GF402,G1590,GF407,G9885,G4904,G1432,G1550,G1538,GP310,G4457,G4719,G4757,G4451,GP307,G4817,G4465,G4906,G4461,G4433,G1433,G4942,GP480,G4815,GP300,GP313,G4813,GP301,G4863,G4832,G1558,G4464,G1557,G4816,G4905,G4861,G4753,G1431,G1530,GF404,G1551,G1560,G4452,G4456,G4860,G4838,GP302,G4455,G4449,G4862,GF405,59099,G4833,G4944,GP481,G4908,G4910,GP109,G1559,GP476,G1566,G4754,G4943,G4909,G4459,G4756,G4458,G4759,G1555,G4852,GF406,G4436,G4912,G4946,G4945,G4854,GF403,GP460,G4947,GP303,G4513,G4468,G4435,G4432,G4891,G4755,GF400,G4463,G4831,G1441,G1567,G1434,G4750,GP308,G1427,G4758,GF409,GF504,G1422,G1544,G4911,GP110,G1407,G4714,G1552,GM259,G4933,G4915,G4839,G4811,G1554,G4855,G1430,57996,G4845,G4898,GP309,GP444,G4434,G4913,GP305,G4450,GP445,G5107,G4858,G1531,GF412,G1533,GP448,G1561,G4751,G4711,G1450,G4959,G4467,G4743,GP114,GP314,G4914,GP111,G4837,G4500,G1444,GP304,G4948,G4466,G4511,GP102,G1547,G5123,G1556,GF410,G4859,G1546,G1553,G4717,G4893,GP449,GP113,G4748,G4949,GP306,59096,G4950,GF507,G4916,G1684,G1443,G5208,G4836,GM258,GP108,G4752,G4507,G1543,G4896,G1545,G1562,G4503,GM553,G4744,G4509,G1435,G4918,G4506,G5133,G1682,G4952,G4951,GF505,GP103,G4448,G4895,G5122,GF500,G4514,G4847,GF501,G4460,G5100,G4741,G5214,GM257,GP115,GP468,GM554,G4515,G4646,G4710,G4841,G1541,G4637,GP106,G5058,G1548,G1563,G4508,GF503,G9858,G4917,GP112,G5212,GP453,G1536,G1520,GP452,G4970,G4919,GP107,G4899,G5219,G5101,GF401,G1683,G1680,G1534,G1489,GF502,G9855,GP101,G4501,GP456,G4662,G4835,G1637,G9857,G4447,59090,G4953,G5217,G5108,GP440,G4739,G1542,G1467,G1535,GP220,G1687,G5104,G1494,G5206,G4505,GM555,G4920,GM262,G1451,G5211,G4922,G4502,GP219,G4416,G5120,G4892,G1469,GP215,GF411,G4512,G1513,G4840,G5127"
115.50,22.50,0.98,0.90,338,"G1811,G5686,G5689,G1810,GN027,G1808,G5618,GN029,G5666,G5669,G1801,GN028,G1879,G1805,G5673,G5672,G5620,G5690,GN033,G5616,GN032,GN034,59501,G1807,G1854,G5602,G1819,G1880,G1814,G1822,G5603,G1813,G5601,G5622,G1834,GN031,G5643,GN030,G1843,G5671,G5670,G1817,G1868,G3652,GN011,G5640,G5667,G5668,G1830,GN018,GN021,GN013,GN020,G5636,GN047,G1804,G1863,GN012,GN023,GN017,GN024,GN008,GN019,GN009,G5604,G3613,GN016,GN014,GN010,G1816,G1847,GN007,G1827,G1873,GN046,GN003,G5605,G3665,GN015,GN022,G1892,GN005,G3735,GN004,G1826,G1872,GN006,G1803,GN040,G1127,GN001,G5624,59502,G5678,G1828,G5635,G1122,GN043,GN045,G5626,G1886,G1114,G1845,G3632,G3673,G5639,G3638,G5623,GN002,G1824,G5631,G1118,G3670,G1878,G1877,G5523,G3769,G1119,GN041,GN049,G1837,G3755,G3660,G3628,G1882,G5608,GL502,G1115,G5625,G1117,G1859,59500,GL503,G1821,G3642,G3629,G1123,G5506,GN025,G1842,G5510,G5415,G1820,G3637,G5519,G3741,G1844,G3644,G1835,G1124,G5607,G1849,G1818,G1864,GL511,G5638,G1836,G1194,G1116,G1825,G1128,G1832,G1881,GN048,GN037,GN026,GN044,G3615,G3655,G1815,G1883,G5633,GN042,G1706,G3656,G1866,G5628,G1840,G1734,G5680,G1893,G5632,G5642,G1841,G1806,GL513,G1870,G2954,G5641,G1126,G1848,GL516,59503,G5634,G5611,GN036,G1838,G5503,GN053,G1858,GV014,G2972,G8955,G1833,G5637,G2951,G1875,G5335,G5509,G1865,G1823,GN039,GV011,GN038,G1856,G1885,GN052,G1894,G5520,GV001,G8941,G5512,G8948,GV009,GL510,G1853,GL501,G8944,G1730,G8959,G2952,G5516,G1869,G1707,G1735,G5612,G5502,GV015,GN051,GL515,G8908,G2976,G8942,G5501,G5614,G9011,G2902,G9013,G8943,G5679,G8906,G1876,GL512,G1851,G5613,G2973,G5629,G5521,GV010,G5505,G5692,G8952,GV204,G9040,G9031,G2948,G5522,G8901,GV213,G9042,G2955,G8919,G5511,G9041,GN050,G9043,G5508,GN054,G3668,G5336,GL505,G2981,G1850,G1884,G1802,G2975,G2974,GL509,GL507,G5615,GV004,G8958,G1731,G5317,GV003,G5513,G3625,G8902,G5313,G1575,G1874,G1860,G5515,GV000,G1861,G3582,G3624,G2977,GN035,G2945,G1739,G1585,G3674,G1134,G5507,G1718,GL506,G3666,GV212,G4828,G5330,G8947,G2904,59317,G1140,G8904,G5328,G5504,G3626,GL504,G5158,G1852,G9019,G8949,G3724,G5630,G3533,G9014"
115.50,23.00,0.98,0.90,574,"GN041,G5624,G1847,GN046,G1827,GN047,GN023,GN024,G1873,G1835,GN022,GN019,G1881,G5640,GN020,G1872,G5626,GN018,G1820,G1815,G1828,GN021,G5628,G5605,GN031,G1834,G1822,G5641,G5607,G1817,G1832,59502,G1841,G1892,G1848,G1819,GN048,G5642,G1886,G5622,G1880,G5638,GN053,59500,G1863,G1868,G1865,GN034,GN036,G1807,G1856,G1823,G5603,GN032,G1883,G5635,G5678,G1885,G5604,G5601,G1816,GN052,G1814,GN038,G1870,GN039,G1825,G1836,G5637,G1858,GN044,G5623,GN025,G5620,G1854,G5616,GN026,G1875,G5632,G1843,G1805,GN051,G5614,59501,G5643,GN030,G5520,G5608,G1853,GN028,G5625,G1851,G1730,GL515,G5516,G1876,G5602,G5673,G5672,G5690,G1849,G1801,GN017,G1879,G5679,G5613,GN037,GN033,G1882,G5692,G1845,G1803,G5667,G5668,GN049,GN003,GN001,GN011,G5636,GN014,GN016,GN029,GN013,G1830,GN015,G5666,G5669,G5618,GN012,G5509,GN002,GN050,GN054,GN004,GN010,G5629,G1813,G1844,GN009,GN027,G1808,GN005,G5639,GN008,G8906,G9013,G1802,G1810,GN045,G5689,G5686,G1811,GN006,GN007,G5615,G1128,G1850,G1804,G1874,G1575,GN040,G3644,G1861,G5505,G1838,G5511,G1840,G3652,G2902,G1884,G1123,G3613,G8908,G1864,G4828,G5631,G1894,GV213,G1826,G1585,G3755,G1806,G1860,G3665,G3642,G5670,G5671,G1842,G5158,GN043,G1869,G3670,G1893,G1852,G3735,G3660,G5680,G9011,G1127,GN035,G5512,G3638,G1821,G1117,G2954,GN055,G2981,G8902,G3615,G1593,G3741,G1122,G5630,G8955,G1118,GN056,G1707,G2952,GV001,G1115,G3632,GL501,G1877,G1878,G2967,G5633,G5508,G8901,G8944,G1859,G1837,GV014,G3637,GV204,G1862,G3769,GV312,G8919,G1866,G1569,G5129,GP511,G3673,G3629,G9014,G1119,G8904,GV011,GV010,G8931,G1114,G5513,G1818,G8948,GN042,G3655,G2935,G2972,G2932,G1731,G1194,GV314,G2948,G8925,G2945,GP513,G8923,GP512,G1824,G5501,G1574,G8941,G1642,G1116,G1124,G1126,G5634,G3628,GV015,G2960,GV313,GV306,GV212,G9019,G3656,G8943,G8909,G2939,GV209,G1584,G8958,G2951,G2975,GP500,G1596,59306,G2980,G4821,G8936,G8918,G8942,G5506,G8933,G5523,G8959,G1833,G8934,GV310,GV214,GP502,G2976,G5507,G8935,G8907,GL503,GL507,GV301,G8952,G5611,G9012,GP506,G2968,G1734,GV009,59503,G8905,G5519,GL514,GV305,GL502,G9031,G9018,G2934,G2936,G8926,GL516,G2940,G2974,GV317,G5522,G1594,G2973,GM403,G1647,GV303,G2955,G5612,GV304,G8953,G2982,G9020,G1577,G2933,GV000,GP504,G1578,GV217,GV205,GP507,G9040,GV206,G1581,GV203,G1614,G8910,G2949,G8949,G1592,GL513,G2953,GV211,G9041,G2987,G2931,GV307,G8914,G5502,G2961,G1648,GV004,G2937,G4900,GL511,G8921,G9042,GL506,G5503,G1573,GP501,G8915,G1598,G2943,G2970,G8924,G1587,G9043,GV003,GM402,G1706,G8911,GV302,GV201,GV309,GP508,G1589,G8932,G5515,G8954,G8922,G2962,G5415,G5510,G1570,G2977,GL505,G1739,G8903,GL508,G5517,G2944,G1646,GV202,GP503,59304,G2965,GV315,G2903,G5521,GL512,G2963,G2966,GV308,G1583,GM408,G5504,G2946,GV311,G1588,G4824,G2959,GV210,G5500,GV207,59317,G2983,G8916,GV218,GL510,G2904,G9032,G8947,G4822,G2942,G1597,GL504,G1591,59314,G1586,G8900,GL509,G8917,GV316,G1379,G4825,G2938,59492,G9015,G1613,G4901,G8929,G5314,G8945,G2941,G8928,GV005,G1378,G5335,G1610,G8965,G1735,G2964,GM407,G1643,G1733,GV208,G5336,G2930,G9016,G1661,G2978,GV002,G4902,GM409,G8927,GD702,GP505,G1372,G9022,GP002,G8913,G5313,G9021,59511,GP514,G2947,G1582,G8964,GV215,G8956,G1703,GP509,G2984,G5317,G1342,GV216,G2926,G4737,G1376,G5455,G1373,G5309,G4146,G1615,G1576,G1347,G2985,G2986,GM752,G2957,G5131,GV012,G5462,G2971,GM404,G5461,G5444,G1722,GV219,GP003,G5041,G1595,G2992,G9017,G5310,G8912,G4147,G1525,G2922,G1505,G5128,G5450,G1718,G5345,GV007,GD405,G5328,G5442,G5454,GM760,G2997,GD701,GV006,G1612,G1371,G1663,G5139,GV103,G1782,G1572,G5477,GD402,G5449,G2927,G5377"
115.50,23.50,0.98,0.90,803,"G5129,G1642,G1569,G1584,GP512,GN055,G5158,G1862,GP511,G1647,G4828,GN056,G1861,G1577,G1852,GP502,GM403,G1874,G1614,GV314,G8923,G1575,G1593,G2932,GN054,GM402,G1574,GP501,G1585,GN050,G5615,G5692,G4821,G2967,G1648,GM408,G1802,G1851,G8935,G2935,G1583,GV312,G1876,G1646,G5614,G5613,G1860,G5630,GP504,GP513,G1613,G8936,G8933,GN051,G1850,G5679,G8926,G1643,GL515,GP500,GV306,GN035,GP503,G1856,G2939,G2933,GV310,G1865,G1885,GN052,G1589,59306,G1570,G1884,G1823,GV309,G5629,GM409,G4825,59304,GN038,G5511,G5516,G4824,GV313,GN039,G1853,GN053,G4737,G1730,GM407,G5041,G1581,G8925,G8931,G1615,G2960,G5520,G5641,G1610,GP506,G5637,G2968,GV317,G1848,G8906,G5128,G8902,G8921,G5628,G1841,G1875,GP507,G9013,G5131,G8934,GN036,G5505,G1578,G1815,G2966,G2931,GV213,GP508,G1858,G8932,G9014,GV305,G5642,G1525,G1594,G1881,G8918,G2936,G8909,GP400,GV301,GV303,G4940,G1661,G1835,G8904,G2981,GP505,G1832,G1612,GM404,G2902,G1870,G5040,GM405,G2963,G1597,GV304,G1820,GN048,G1565,G1596,GV209,G1640,G5148,G5607,G2934,G1883,G2980,GV316,G2937,G5224,G1649,59303,G8929,G5509,G5638,G4927,G2964,GN041,G5632,G1505,G4974,G2940,G4929,G8908,G8922,GN044,GM760,G8927,GP509,G1510,G4901,G1825,G4935,G1644,G2961,GN026,GV308,G1836,G5508,GM406,G1576,G5130,59500,G2945,G4713,G2962,G5624,G4900,GM410,G4936,GP408,G5626,G5513,G9011,G1609,GV307,G5139,G9019,G8905,G2930,G1828,G1869,G8924,G4957,GN025,G1537,G5042,GV315,G8901,G4925,G1872,G4934,G1641,GN046,G1827,G1847,GN022,G2982,GL514,G1873,G4937,G8919,GN037,G1894,59502,GV204,G1731,GV212,G4712,G1573,G1886,GV206,GN023,GN024,G5605,G8907,GV302,GN019,GN047,G8914,G4736,G8965,G1849,GV217,G2965,G1892,GV214,G1592,GN020,G4926,G2938,G1568,G1838,G2903,G1645,G4822,GM752,G4928,G5608,G4938,GN018,GN021,GV311,G9012,G5640,G5625,G5635,G5623,G5125,GP221,G5678,G5512,G1611,G1524,G1598,GV203,G9018,GV205,G4939,G2926,G8928,G1632,G8911,GP510,G4902,G1863,GP514,G1504,G1817,G1707,GN031,G4956,G1882,G1582,G5157,G1588,G1844,G1663,G2949,G8964,G2952,GP424,G1840,G1816,GM401,G2948,GN049,G1834,G1564,G5604,G8900,G4972,G4924,GV010,GV202,GM759,G4735,G4941,G1634,G5507,G4907,GM758,GL501,G1868,G1822,G1595,G2997,G1128,G8958,GV001,G1511,G1806,G2946,G9022,G5113,G4814,G8910,G1571,G1845,G5622,G5044,G4715,G8944,G4718,G9020,GM261,59314,G9021,59107,G5106,G2987,G2975,G8903,G8916,G2992,G1638,G2943,GV208,G1819,G1803,G5156,G1880,G4958,GN001,GP002,G4921,GN002,G3644,GP222,G1893,G5011,G8955,G5603,G5015,G4955,G1587,G1532,GP207,G2941,G5680,G1633,G5601,G5019,G2921,G1843,GN003,G1503,G2922,GN017,GM251,59310,G5140,GN015,GN030,G2954,G1814,GV201,G2927,G5643,G1864,G5109,G5639,G5126,GN014,GN016,G1586,G5110,GV207,G1591,GN004,GV211,G1123,G1807,G2985,GV219,G5012,G4923,GL507,GN034,G5636,GM255,G1535,GV218,G8912,G5501,G5003,G5667,G5668,GN005,GM253,G8917,GN013,G5142,G1854,G8953,GP003,GN032,GN010,GN045,GV014,59109,G5045,G1522,G8948,G9002,GN011,G1842,G5105,GN012,G4954,G5111,G1830,G4968,G8961,GV103,GN009,G3642,G4835,G8913,G5102,GV011,GN006,G8943,G9001,G2953,G3615,G5616,G2925,GV210,GN008,G2942,G3755,59501,GM254,G2986,G5620,G5602,GV015,GN040,59293,G4953,G5037,GN007,G9015,G4919,G5631,G4920,G8960,G4840,G2983,G5016,G4922,GP001,G5633,G1572,G2984,G8915,G2924,G8941,G1636,G1502,G2944,G2912,G1821,G3660,G8962,GV104,G4973,G1805,GP453,G1804,G3670,G1813,G2974,G1660,G4710,G8949,G3741,G2913,G8952,G2947,GV105,G2972,GP452,G5690,GV215,G4841,G1117,GP217,G4706,G5314,G1782,G1795,GV216,G1536,G4812,G1625,GN028,GN043,GM260,G1826,GN033,G8942,G1866,G3613,G1527,G4803,G5672,G5673,GP456,G2993,G9016,G1514,G2928,GV000,G1526,GM751,G1879,G3665,G9031,G1580,G3652,G1563,G3638,G9017,GV101,G2970,G1801,G1509,G3735,G1630,G5377,G5043,G1534,GP216,GP220,G4918,G4731,G2976,G2908,G3637,G1507,G2905,G1115,G2906,G1127,G1508,G1664,GM115,G8959,G1781,G1512,G5522,G4952,G1635,G1378,GN029,G1118,GN042,G1790,G5669,G5666,G2909,G1859,G1631,G3655,G9003,GP440,G4836,G5618,G4146,G1122,G5670,G1347,G5671,G5020,G1376,GD405,G5500,G1878,G1877,G5428,G2951,G5634,G2955,G1837,G4148,GL506,G3632,GP006,G1126,G1513,GP213,G5517,GM252,GM110,G8967,G4801,GM761,G1808,G2901,G1818,G1194,GN027,G4969,GV102,G3769,G3629,G4147,G1501,G4916,G2907,G1345,G8954,G4917,G5017,GP004,G5351,G2973,GP449,GM116,GP218,G1521,G1553,GV004,GL508,GV009,G4951,G1833,59315,G5368,G1713,G1373,G1810,G1703,GD702,G5124,GP208,G1794,G5013,G5407,G5101,G1520,G2998,G1116,G4837,G5689,G5686,G5103,G3673,G1811,G1119,G3656,G1342,G4859,G8963,GP468,G9040,G1379,GD403,G9041,GP005,G1340,G1506,GD404,G5127,G2910,G1627,G4739,G5419,G1516,GP212,G1124,G5408,GD402,G4733,GV106,G4708,G5352,GP448,G1662,GM762,G4752,GP219,G1531,G4711,G9032,G1114,G2911,G4717,G2959,GP445,GM754,GV003,G5515,G4856,G4959,G5350,G1746,G5370,G5612,G5611,GP211,G4971,GP306,G8966,GM256,G4805,G1316,GD406,G1749,G4751,G2977,G1824,G1604,G3628,G1562,G8945,59503,G9042,G1739,G1608,GP204,G1796,G5309,G5504,GP444,G4970,GP205,G2929,G1623,GP314,G5376,GP214,GM764,G1734,G4858,GV107,G1561,GP309,G5411,G5021,G9043,G1341,59492"
115.50,24.00,0.99,0.90,680,"GM410,GM405,G5040,G4936,G4929,G1611,GP408,G1640,G4712,G1568,G1645,G4907,G1537,G4937,G4924,GM401,G4935,G4939,G5041,G1565,G4934,GP424,G1532,G4940,GP400,G4928,G4941,GM406,G1609,G4713,G4955,G5128,G4923,G4938,GM255,G4921,G4927,G4954,G1634,59109,G5224,G4926,G4840,G4814,G4922,G4953,59107,G1643,G5110,G1535,GM253,G5102,G1613,G1633,G1649,59303,G4718,G4715,G5113,G5126,G4812,G1644,G1615,GP456,GP452,GP453,G5109,G4925,G4737,G1563,G1534,G4841,GM408,G4835,G4957,G5148,GM254,G1564,G4956,GP440,G4958,G4952,G1638,GM409,G5131,G1525,G1510,G1630,G4710,G5105,GM260,G1583,GM402,G1636,G4917,G4918,G4919,G4974,G5111,G4951,G4916,GM251,G4836,GP501,G1635,G5106,G5101,GP468,GP449,G1646,G1612,G1511,G1632,G1524,G5042,G4717,G5127,GM407,G1614,G1536,G4711,G5124,G4959,G1562,G1577,G4825,G1647,GP448,G4837,GP222,G1531,G1610,G1561,G4920,GP207,GP221,G1553,G5103,GM257,G5130,GM252,G4972,G1648,GM404,GM256,G4950,GP503,GM403,GP445,G1631,GP444,G4914,G4811,G4839,G5003,G4913,G5100,G4915,G4859,G1505,G5108,G1570,G1641,G4824,G4949,G4911,G1533,59304,GM102,GM760,G4948,GM261,G1584,G1522,GP309,G5125,G4855,G1589,GP220,G1514,G1567,G1625,G5020,GP502,G1642,G1637,G4751,GP504,G1504,GV309,G5009,G4714,G5021,GM116,GM115,GM258,GP505,G4750,G4858,GP512,G4968,GP460,G1661,G5156,G4752,G1552,G1604,G1623,GP314,GP217,GM101,G5129,G5139,G5107,G4852,GP306,G1555,GM109,G5104,GM758,GP216,G1520,G2966,G4909,G1513,G8935,G1569,G4912,G4736,G4821,G2933,G4910,G4854,GM551,G8923,G1626,GP511,GM262,GM104,G8926,GV314,GP308,G1627,G1574,G1862,GP476,G1576,G5008,G4947,G2932,G5212,GP509,G4758,GM110,G1512,G1556,G2964,G4735,G1695,GP481,G4739,G8933,GP508,G1597,G1581,GN056,GN055,G4945,G4946,G8932,GP304,G8936,G4838,G1566,G5142,59117,G1660,G8927,G5120,G1629,G8921,G8929,G5157,G1503,G5011,G4860,GV316,G5132,GP219,G1608,G1605,G4970,G5158,G1690,G2963,GP500,G2935,G1530,G1593,GM259,GV310,G1694,G1692,GM005,G1852,G2931,G1683,GP513,G1681,GP510,G4828,G4933,G1551,G1601,GP218,G1558,GP507,G1521,G1603,G4863,GV306,GM754,G5213,G4971,G1664,G1602,G4908,G2967,G5135,59306,G1578,G5221,G2939,GV312,G4901,G1861,G4943,G4755,G5045,G1607,G5015,G5222,G1547,GV317,GP301,G5204,59106,59310,G1585,G5140,G1600,G1874,GP302,GM003,GM004,GP506,G1575,G2930,GM764,G4973,G1545,GM557,G4815,G4816,G2968,G5019,G5037,GM762,G5013,GP480,GM752,G5219,G4861,GM759,GM106,G1571,G5630,G5044,G1696,GP215,G1515,GV313,GM107,G1686,G1594,G4942,GM108,G5615,G1559,G1663,GP101,G8922,GN054,GP212,G5017,GP204,G4743,G5001,GP305,G1699,G5016,59099,G4741,GV305,G5005,GV308,G2960,59293,G5012,GM006,G1560,GV303,G8934,G1860,G2936,GN050,G2937,GP310,G4944,G4813,G1802,G5209,G8925,G1606,G4969,GV304,G4831,G1516,GP205,G1502,G1682,G5692,G1538,G2997,GN035,G4817,G4892,GP213,G8931,G2962,G1527,G8965,G4753,G1554,G4905,G1850,GV301,G2926,G1526,GM757,GP208,G1518,G5043,GM761,G5218,G8918,GP211,G4832,GM751,G1595,G1851,G9001,GV315,G1590,G5010,GP307,GP303,G8960,G4903,G1876,G1541,G5031,G4731,G1662,G2921,G5613,G4904,GP006,GM105,G1543,GM001,G8909,G4906,G5208,G2934,G2938,G8961,G5614,G2961,G1509,G5122,G1884,GP514,GM002,GP102,G4754,GM654,G5679,GP311,G1582,G4900,G8964,G9014,GN051,G4757,GP300,G1548,G4719,G8924,G1671,G1550,G4822,G2992,G2940,G5511,G4902,G4706,G1596,G1680,G2993,GL515,GM658,G5018,G2927,G8928,G8902,G1508,G8962,G1684,GV307,GV209,G1685,G5629,GM552,G4833,GP214,G5002,GM755,G2965,G5134,G2980,G5211,GP103,G9002,G2903,G4803,G4756,G2922,G5004,G1666,GV311,G8904,G1573,GV302,G4893,G5036,G4898,GV104,G2924,G4759,G5032,G1856,G1885,GN052,G9022,GP001,G5516,GM883,GM882,G1865,GP312,GV213,G1580,G1823,G1676,G1691,G9021,G5505,G8906,G1506,G1853,GN038,G1730,G4856,G5034,G4733,G2925,G2982,GV219,G9013,G8900,GN039,G4894,G8914,GP313,G5520,GV206,GV103,G4805,G2981,G8912,GP002,G1588,G5143,G8905,G9003,GM553,G5121,GN053,GM653,GV105,G2985,G2928,GV208,G1592,GP003,G1507,G1598,G5637,GP005,GV217,G5022,GM651,GM652,G1528,G5137,G4862,G5214,G1622,G1875,G2913,GL514,G5641,G8911,GP210,GM656,GV202,G5207,G1668,G2945,G1620,G2902,59314,G5014,G1848,G9019,G2905,G4801,GN036,G1667,G5028,G2912,G2901,G4708,G1858,G2946,GM756,G2941,G5058,G1795,G1841,G1572,GP111,G1557,59114,G1678,GV203,G5628,G5220,G1688,G8916,GV102,GM555,GV101,G5133,G8907,GV205,G1815,G2908,G5138"
115.50,24.50,0.99,0.90,460,"G1533,G4714,G4948,G4914,G5107,G4947,G4949,G4950,G4946,G4945,G4913,G4912,G1566,G1562,GM258,GP476,G1561,GM259,GM257,GP481,G4908,G5100,G4943,G4717,G4811,G4911,GP468,G4959,G4909,G4951,G4917,G5101,G1530,G4838,G4816,G1560,G1567,G5108,G4916,G4944,G1637,GP440,GP460,G5127,G4711,G1534,G4910,G4815,G4813,G4839,G5212,G4942,GP480,G4905,GP449,G1563,GP456,G4952,G5104,GP448,G4812,G4817,GM262,G1555,G4922,G4915,G4840,G4906,G1531,G4863,GP452,G4852,G1683,GM256,GM551,G1538,G4719,G4953,GP444,GP453,G5120,G4904,G4836,G4954,GM104,G1630,G4841,G5124,G4837,GM255,G5009,G5219,GM102,G5132,G1682,G1558,G4923,G5008,G1635,59109,GP445,G4918,G4903,G4860,G4750,G1532,G5102,G5208,59106,G5204,GM260,G5122,GP310,G5221,G4854,G4955,GM253,G1684,GP301,G1535,G1696,G5103,G4710,G4907,G4855,GP309,G1551,GM557,G1553,G5110,G4921,GM101,G4924,GM254,GM401,G1680,G1636,G1590,G4835,G5126,G1552,G1681,G4941,G1611,GP424,G5218,G1633,GM553,G5109,G4919,G1686,GP308,G4939,G5211,G1626,G4859,GM252,59107,G5209,GP311,G4814,G1568,G5213,G1685,G4861,G5021,G1645,G1634,G5105,G5214,G4758,G4751,GP302,G5123,G4718,G4715,G4858,GP307,G5113,G4712,G1536,G5133,G5111,G4928,GM552,G5058,GM410,G4937,G1550,G4938,G4936,GM554,G1631,G1623,GP314,G4958,G1537,G1690,G4757,GM658,GP408,GM109,GM555,G1638,G4832,G4934,G1604,59099,GM251,GP312,G5031,G4753,G4926,G4929,G1559,G5059,G5121,G4755,GM107,GM108,G1564,G4935,G1609,G5005,G5207,GP300,G1688,G4752,G5032,GP306,G4920,G5220,G4933,G4956,G1695,GM405,GM406,G4713,G5040,G5106,G1640,59117,G1694,GM653,G1556,GP304,GM116,G5020,G1602,G1687,G1671,G5217,G5036,G5210,G1676,GM654,G5206,G1629,GM556,G1511,GM106,G1565,G5137,G4925,G1600,G1699,GP220,G5034,G1692,G4927,G1691,G1601,GP222,G4831,GM652,G4940,G5222,G5135,G1520,G1672,GM651,G1644,G5224,G4754,G1514,GP400,G4957,GP303,GP313,GP207,GM115,G4833,G1678,59114,G1632,G1603,G1605,G1625,G5004,G5033,G1649,59303,G1627,GP305,G1547,G5003,GM006,GM105,GM656,G1524,G1607,G5041,GM005,G5128,G4756,G1554,G1513,G4743,G1510,G4759,G1673,G1608,G5001,G4739,GM003,G1522,G4970,G4972,G5148,G1675,G1545,G1557,GP216,G4862,G4974,G5042,GP221,GP217,G5134,GP219,G1674,G5136,GM004,GM655,G1615,GM110,G5030,G5002,G1525,G4737,GM261,G4741,G4968,G1643,G5035,G5131,GP102,G4898,G4971,GM001,G1612,G1512,G1613,G5028,GM754,GP101,G1543,GM409,GM111,GP109,GP215,G5130,G1622,GM764,G5156,G1606,GM002,G1541,G1677,G5125,G5006,G1515,GM408,G4893,G1504,G1521,GP218,G1641,G4892,G1548,GP103,G1583,G1620,GM407,GM404,G1660,G5022,GM402,GM882,GM762,G1646,G4891,G1505,G1624,GP111,GM758,G1610,G4825,G1619,G1618,GM112,GP204,GP501,GM755,GM883,GM760,G1670,G1664,G1617,G1544,GM113,G5023,G5000,G5013,GM657,GM119,GM103,G5142,G1628,GM886,G1518,G4845,G5010,GP212,G5007,GP205,GM757,GM121,G1614,GM114,GP503,GM659,G1546,G1503,GM117,G4736,G1577,G4895,G4735,G1647,G5139,GP110,G5011,G5017,G1648,G1655,G5018,G4824,G1570,GP114"
115.50,25.00,0.99,0.90,268,"G4719,G4906,G4905,G4944,G1560,G5123,G4813,G4817,G4904,G4943,G4816,G5133,G4908,GM553,G4942,G1684,GM554,G1538,G5214,G5208,GM259,GP480,G4815,G5058,G4903,G4945,G4946,G5122,G5217,G1566,G1682,G1687,G1530,G5206,G4947,GP481,GM555,G1680,GP476,G4838,G4912,G5107,G5211,G5210,G5059,G5219,G4863,GP310,G4714,G1590,G1683,G1685,G4909,GM258,G5212,G1688,G4948,G1533,G5220,GM556,GP311,G4910,59106,G4949,G5218,G5204,G1558,G1696,G5207,GM552,G5120,G4914,G4913,GM262,G5121,GP301,G4911,G4950,G5132,G5104,GP460,GM557,G5100,G5221,G1637,GP312,G1567,G4811,G1555,GM551,G4860,G1550,GM257,GP307,G5209,GM104,G4852,G1561,G5108,GM658,G1562,G1551,G5008,G1686,G4757,G1674,G4717,G4959,GM653,G4839,G1672,G5032,GP468,G4861,G5137,G1681,G4915,G5101,G4951,G5035,G5033,G4711,G5009,G4854,G4917,G1675,G5127,G4832,G4750,G5031,GP302,GP448,G4916,GP300,GM102,G1678,GM652,GP444,G1676,GM256,G1531,59114,G5213,GP449,GM651,GP440,G5036,G4753,G5136,G5034,GM101,G1534,G4952,GP445,G1691,G4837,G5124,G1563,59099,G1673,GP456,G4855,GP308,GM656,GP313,G1671,GF402,GP309,G1552,G4812,G1626,G4836,G1559,G4758,GM654,GP452,G1630,G4922,G5005,G4840,G1635,GM108,G5103,GM107,G9885,GP453,G4841,G4457,G4918,G4953,G1677,G1690,G1553,GM657,GM655,GF407,G4954,G4755,GM659,G5004,G5021,G4833,G1557,GF408,G1670,GM260,GM255,G4754,G4465,59109,G5030,G5102,G4751,G4923,G4858,G4451,G4859,G4710,G1432,G4933,G4862,G1532,GP303,GM252,G4756,GM253,G1433,G5000,G1535,G4831,G1623,G1636,GP314,GM254,G1699,GM106,GM109,G4759,G4955,GM105,G5110,G4433,G1602,G4835,G5006,G1694,G4461,G4921,G1604,G4919,G4907,G5126,GM111,G1600,G1695,G4924,59117,GM117,GP109,G5109,GM401,GM103,G1633,G1536,GP304,G1631,G5105,GP306"
116.00,22.50,0.98,0.90,321,"G5671,G5670,G1877,G1878,G1837,59503,G5611,GN043,G1804,GN042,G5631,G5634,G1833,GN045,G5668,G5667,G5612,G2951,G5636,G5633,G1842,GV009,G1810,G1811,G5689,G5686,G5643,G2972,G5672,G5673,G1843,G1879,G5666,G5669,G8959,G1845,G2954,GV014,GN027,G9042,G5680,G9043,G2973,G1893,G8941,GN049,G2976,GV011,G9040,GN029,G1844,G1806,G8942,G9041,G1868,G8948,G8955,GV015,G1840,GN028,G5618,G1801,G5620,G2955,G5635,G5608,G1880,GV003,G1849,G9031,G8943,G8952,GV004,GV001,G8947,G8944,G2977,G2904,G1805,G1892,59511,G1838,59317,GN034,G1834,GN025,59502,G1808,G2952,G1822,G2974,GV005,G1836,GN026,G2971,G1894,GV000,GV010,G2959,G1873,GN032,G5626,G8956,GN044,G8954,G5616,GV007,G1819,G2948,G1807,G2978,G5632,G1869,GV006,GN046,G2975,GV002,G9044,G9032,GN047,G1847,G5607,G9011,G8949,G5690,G8958,G8945,GN048,G5640,G1870,G8946,GV204,GN033,G2957,GN031,GN023,59501,G8908,GN024,G2970,GN018,G1832,G8901,G8919,GV012,G1854,G5622,G1372,G1827,G8953,GV013,GN020,GN021,G5603,G5624,G1379,GN019,G1814,G1817,G2953,G2902,G5602,GV008,G5601,G1835,GN041,GN022,G2950,G1875,G8915,G1872,G1841,G5605,G1848,G2956,GV211,GV212,G9013,G8951,G8906,G2981,G1828,G1863,G9020,G9012,G2945,GV214,G1853,GN030,G1371,GV213,G5628,G1813,G9018,G2944,G9019,G8957,GN053,GD702,G5604,G8907,G1881,G2987,G1816,G1815,G8910,G5629,GN011,G1886,G1820,GN052,G1830,G1885,G1378,GV201,GN013,G8902,GN017,G5641,GD701,G5678,G8904,G1342,G2983,G1856,GV210,G2949,G1884,GN012,GN014,GN016,GV205,G3652,G8905,G2943,GN003,G5623,G5679,GN009,59500,G1377,GV203,GN008,GN010,GN015,G9014,G2942,GN051,G1803,G1373,GN001,GV209,G5638,G1374,G2980,G5613,G4111,G1850,GN007,GN004,GV217,G1865,G9016,GN005,G3613,G9015,G5642,G1876,GN035,GV207,GV218,G2982,GN006,GV206,G1376,G8903,G8909,GN002,G5625,G1375,G3665,GN040,G1802,G8931,G1823,G1882,G1860,G5639,G1825,G8914,G1883,G8911,G1826,GN036,G1851,G8917,G1346,G4146,G1317,G3735,G8925,G2940,G1347,G8918,G1344,G1127,GN050,G5615,G1341,GV202,G2934,G2946,G2947,G5614,GN038,G8916,G5630,G4147,GN039,G1858,GV301"
116.00,23.00,0.98,0.90,633,"G8955,GV014,G8948,GV011,G8944,GV001,G2954,G8941,G5680,G1893,GV015,G2972,G2952,G1806,G8943,G5633,G8942,G1840,GV010,G8959,G2976,G1838,G8952,G1842,G2948,G2951,G1894,G5634,GN042,G9031,G2975,G1869,GV009,G1833,G1844,G2974,GV204,G9011,G8958,G2973,G2955,G8919,G8901,G5631,G1849,GV000,G9040,GN045,G1837,GN049,G8908,GN043,G5612,G1878,G1877,G9041,G5611,GV004,59503,G1845,G5608,G8949,G8953,G9042,GV212,G2902,GV003,GN026,GN025,G9043,G2953,G1804,G2945,G5632,G1836,G8954,GV214,G9012,G2970,GN044,G2977,G5636,G2981,G9019,GV211,G9020,G9018,G5635,G8907,G8915,G5667,G5668,G2959,59317,G5670,G5671,G1870,GV213,G9013,G2904,G8947,G2987,G8906,G9032,G8910,G8904,G1843,G5643,G8902,G8905,G2944,G1875,G1379,G8945,GV005,G2949,GV205,59502,GN048,GV201,G1892,GV203,G2978,G9014,GV209,G2980,G5607,GV002,G1868,G2943,GV217,G1832,G5629,G1853,G1372,GV210,59511,G2983,G1884,G2982,G8956,GV206,G8909,G5626,G1378,GD702,G8914,G2942,G8931,G2940,GN035,G8903,G8911,GV207,G8918,GV218,G2957,G1848,G8925,G2934,GV012,G9015,G1841,G2971,G1850,GV301,G1873,G9016,G1342,GV202,G8917,GV307,G2960,G2946,GN053,G5679,G1860,GN052,GV007,G1880,G8916,G8934,G1835,GV006,G1885,GV302,G1373,G1834,GV313,G5630,G2961,GN046,G1371,G1376,G2936,GV305,59314,G1802,G5613,GV304,GD701,GV008,G2947,G8924,GV303,G4146,G5673,G5672,G1856,GN051,GV215,G1347,G2968,G5628,G2941,G1847,G2903,G1822,G2965,GV311,GV312,G1876,G1879,GV216,G2939,G8951,G8900,G8913,G2956,G5615,G8946,G2984,GV306,59306,G2967,GV013,G4147,GN041,G2937,GN047,G1374,GV317,G9044,G2950,G5624,G1377,GV208,G5620,G2935,GN050,GV315,GV310,GD402,G2962,GN023,G1815,G5669,G5666,G1317,G1827,GN034,G5641,GD405,GN024,G1851,G9017,G1341,G1346,G8957,G1881,G5640,G1810,G8928,GN028,G8922,G1874,G8936,G2986,G2938,G4111,G9021,G8933,G1852,G9022,G1340,GN018,GV308,G1865,G2931,G1811,G5686,G5689,GN029,GN019,GN020,G1819,G1801,GN022,GN031,GN027,G2985,GN021,G1805,GD404,G2932,G1375,GN056,GD409,G1820,G1872,G8921,GV314,G5614,G8926,G8965,G8923,GD403,GN054,G5618,GD408,G8964,GN032,G5692,G8935,G1807,GV219,G1823,G1828,G4148,G8912,G1817,G1861,G2933,G5605,G8932,G1862,GN055,G2963,G5622,G1345,GD410,G5616,G2912,G2906,G1344,G2926,GV103,G5642,G2922,G2930,G1348,G2992,G1318,G1343,G5603,GN038,GV316,G4141,G1316,GN036,G5158,59318,G1808,GN039,G8929,G1854,G1814,G2913,G2925,G1863,GV101,G8967,G2910,G5638,G1886,59501,G5601,G8969,G2966,G2927,GL515,G2909,G2908,GD407,59500,GD401,G4828,G5690,G5637,GV309,G8927,GM752,GD406,G2964,G2997,GV105,G9002,GN033,G1575,G1858,G5604,G9000,G2911,G1883,G1816,G5520,G1332,G5678,G8966,G2921,G5516,G5602,G2905,G1663,GD201,G1730,G2928,G2991,G2907,GN030,G1825,G5129,G2920,G5623,G2924,GM403,G8963,G1648,G1661,G1302,GV104,G9004,59315,G1386,G1385,GM759,G1585,G4190,G8961,GV102,G1569,G1382,GN017,GV106,GV107,G5044,G1305,G2998,GN011,G5625,G2990,G2901,G8962,GU011,GU012,G1642,G1830,G1813,GN013,GN003,G1803,GN016,GN014,G9003,G1593,G2929,GP511,G1614,G1383,59316,G1306,GN001,G1399,GN037,G8968,G1882,GN015,G1334,G9001,GN012,GU014,G5139,G1610,GN010,GP512,G5509,GN009,G5012,G5511,GN004,G2813,G8960,GU039,G1646,G1584,GN002,G5019,G2923,GN008,59512,G2993,GM407,G1323,GN005,GU032,GU016,GU007,G2801,G5505,G2805,G2823,G5157,G2994,G5639,G5015,G1647,GM760,59513,GU035,G1329,GN007,G1307,G1326,GM404,GU033,G3652,GN006,G5140,59310,G1308,GU009,G2826,G1324,G1327,G1328,GM402,GN040,G2825,G2812,G3613,GU015,G1322,G1128,G1320,G1574,GU008,GM409,G3644,GU030,GU029,G1826,G3665,G1123,G5016,GP502,GM751,G1321,GM408,G1358,G1577,G5011,G3755,G1641,G5045,GU005,G2808,G1864,GU018,G2821,G3735,G1325,G1355,G2824,G2806,G3670,G3642,G5131,G1612,G2827,GP513,G5043,G5130,G5037,G4102,G4101,59319,GD510,G1127,G3660,G2820,GU001,G2819,G4821,G1359,G3638,G2884,G1613,GU017,GM758,G1615,GU006,GD508,G1821,G1117,GU027,G1122,G5512,GD505,GP501,GD511,G5125,G1118,GU020,G1311,GD509,GU038,G1310,G1319,G1351,G3632,G2829,G1352,G3741,G2882,G3615,GD507,GP500,G1115,G5508,G1309,G5142,GD504,G1357"
116.00,23.50,0.98,0.90,827,"G2937,G8922,GV308,G2962,GV304,G2931,GV303,G2963,G2936,GV315,GV317,G2961,G8921,GV305,G8932,G8924,G2968,GV316,G2934,GV301,G2930,GV307,G8934,G2938,G8965,G8929,G2940,G2965,G2903,G8918,GV302,GV311,G8927,G2964,GV310,G8928,G2966,59306,G2960,GV313,G2933,G8909,G2926,G8964,G2939,G2982,G8914,G2980,GM752,GV206,GV306,GV209,G8926,G8900,G8925,G9022,G8933,G8936,GV217,G8931,G9021,GV309,G8911,G8905,G1661,GV202,GV208,G2992,G9014,G2997,G1663,59314,G2946,G8935,GV203,G8904,G8916,G2922,G2941,GV205,G2935,G2985,GV219,G2927,GM759,G8903,G8912,G2921,G2949,GV312,G8907,G9019,GV103,G5139,G5044,G2945,G9002,G2943,G8902,G5630,GV214,G9018,G2925,G8913,GV207,G9012,G2986,GN035,G8917,G2967,GV212,G8910,GV218,G2932,G2912,G8961,GM760,G8923,G2987,G5157,G1610,GV314,G2981,GV201,G2913,G2984,G5019,G2924,GV105,GM404,G5012,G9020,G1648,GV104,G5015,G9001,GM407,G1860,G2942,G9015,GV216,GV215,GV213,G1884,G2947,G8962,GV101,G2928,59310,G5140,G2908,G9017,GV210,G2906,G8960,G2905,G2983,GV211,G2909,G8919,G1641,GM403,G8901,G9016,G1850,G5011,G2993,GV204,G4148,GN056,G2902,G5130,G1646,G8967,GD405,G9003,G2944,G8906,G9013,G5045,G1862,G8958,G1345,G1612,G5016,GM758,G2907,G8908,G1347,G4146,G9011,G1852,GV102,G5629,G2901,G8953,G1802,G5125,G1376,G5037,G2953,GM409,59315,G8915,G5615,G2975,GM751,G1614,G5131,G2948,G4147,G8963,G1378,G2998,G2910,G1869,GD403,G5043,GD404,GV010,G1340,GV106,G2911,G5142,GN055,G1874,G1373,GD402,G8966,G5042,GD406,G1894,G1316,G8949,G1615,G5679,G5156,G5148,G1853,G2970,G2952,GN050,G1342,G5613,G2929,GV107,GD702,G8969,GM402,G1875,G2991,GM261,GM761,G8944,GM408,G1876,GV001,GV000,G2974,GD409,G1341,G2994,G1861,G1838,59303,GN051,G1660,G1649,G1613,G8968,G2923,G1348,G1317,G8943,G2990,G2820,GU029,GN052,G1379,G5632,G1870,G5129,G5158,G1647,GD408,G5128,G1644,G8952,G1885,G1664,G1851,G5224,G8954,G1632,G9004,G8955,GN054,GU012,G8948,GV015,G5017,G1346,G9031,G1642,G1374,GU007,G2920,G1662,GN044,GM756,G1840,GN026,GD701,G2819,G9032,G1806,G1856,GN053,GU005,GU027,GV011,G8942,G1836,G1848,G2812,G4828,GV014,GU001,G8941,G8945,G1893,G9000,G2954,G1343,G5680,GN048,G5692,G2955,GU011,G2959,G2813,GV004,G1841,G1569,G1849,G1584,G1372,G5003,G2976,GU006,G2827,G1377,G5013,GN025,G1832,GU030,G1844,G2826,GM406,G2824,GP512,GU014,GU018,G5607,G1371,G1577,59318,G5614,GU009,G2972,GU035,GV002,G8959,GU032,G2805,G1609,GU008,G2806,GD410,G5106,G5608,GP511,G1575,G2973,G1640,G9041,GU002,GV003,GM762,G2977,GP501,G2978,G9040,G4111,G1382,G2825,G1625,G4141,GN049,G2810,G1865,G1302,59317,G5633,G2811,GU020,G5628,GM110,G2884,G1375,G1318,G1667,G2801,G1842,G1383,GU015,GV012,G2951,G1835,G2821,GU039,GV005,G2882,G1666,GV009,G5641,G1638,G2904,GM757,G2957,G8947,G9042,G5635,GM251,GU016,G1845,GM115,G2823,G1585,GU022,G5040,G2887,G1593,G2829,G1643,G5041,G5634,GM754,GP502,G1823,G8956,59502,G1815,G9043,G8951,GU013,G2808,G1833,G1385,GD407,G2807,GN042,GU033,G1386,G5626,GD201,GV008,59316,G1583,G5010,G2880,G4190,GM764,G2956,GU036,GU017,GU038,G5113,G5612,GN045,GU021,G1344,GU000,G1892,GM405,G5631,GL515,G1323,GU019,G1881,G1324,G1332,GD510,G1306,GU023,G1634,G1355,G5020,G1574,G5111,G5138,G5018,GD505,G1305,GU004,GN038,G8957,59312,G1627,G1308,GD401,59511,G1645,G2816,G2817,GD509,GN043,G1351,G2828,GN041,G5105,59319,G2971,G1873,GN039,G1608,G5636,GM116,GV006,G1633,G2818,GV007,G2950,G5109,G5611,G4821,G5143,GD504,G1837,G1868,GU010,GD511,GN046,G1878,G1877,G5668,G5667,G5141,59503,GU025,G1358,G1321,G1843,G1631,G5126,G1329,GV013,G1307,G1322,G1804,G5516,G5643,G5642,G1668,59512,GU026,G1820,GN036,G5637,G1359,GU003,G5624,GM410,G1847,G5520,G1730,G1606,G4929,G8946,GU037,G4737,GM004,G1334,G2822,G5110,G1326,G1320,GM254,GM401,G1636,GU024,G2885,G2802,GP504,GP400,GD508,GU028,GM005,GP513,G4940,G1352,GD503,G1858,G1605,GD513,G1827,GN047,GM253,G1565,G4936,G1357,G1328,G1327,GP503,GM252,G9044,G1834,GN023,GD502,G2814,G2886,G5511,G1399,GD507,GN024,G4101,G4102,G1325,G4825,G5670,GD501,G5671,G2815,GM003,G1604,G1331,GM260,GP500,G1880,GN022,G1356,GM755,G5102,G1603,G5014,GU052,GP408,G1570,G5638,G1872,G1822,G1354,G1589,G1665,GN019,G1828,G4907,G1311,G5640,G1607,G1319,G1629,GU061,G4935,G1623,GN020,59109,GN018,GU034,G1611,GD512,G1883,GM109,59304,G1310,G1695,G4927,GU031,59117,G1692,G1525,GM002,59513,G1537,G4824,G4712,GN021,G2854,G4157,G4158,G1309,G5505,G1601,G5605,G5135,G1635,G1568,59500,G4937,GM753,GM763,G5103,GD506,GM883,GN031,GM255,G5001,G4713,G2858,G5021,G4934,G1630,G1353,GM887,G1532,G4924,G5222,G1825,G1694,G4954,G4154,G4155,GU074,G1886,G1817,G1581,GM001,GM882,G4939,G2832,G1819,GM900,GN034,GP506,G1657,GM891,G5124,G1602,G5509,G4928,GU064,GP424,G4153,G4152,GU062,G5673,G5672,G5026,G1600,G5620,G2889,G2850,G5622,G4938,G2843,G4974,GU073,G4812,G1863,G1879,G4163,GM006,GP507,G4941,G1510,G1578,G4923,G4840,GP508,G2867,GM894,G5678,G4925,G1807,G4955,G4926,GU072,G1655,G5052,G2845,GD601,GU055,G1626,GN032,G2834,G5623,G4922,GM256,G4957,GM106,G1594,GU058,GN028,G5603,G2837,G1816,G1690,GN037,G5604,G1361,G4921,GP505,G2838,GM101,GM102,GU057,G5669,G5666,G2857,G1805,G2841,G1699,G5601,GP440,GM899,G5127,G5625,G1814,G2831,GU059,G1505,G2804,G5616,G4814,G1801,GP456,G4953"
116.00,24.00,0.99,0.90,832,"G5003,GM261,G1625,G5156,G1632,GM115,G5125,G5106,GM110,G5042,G1660,GM758,G5020,G5142,G1641,GM251,G1627,G5130,GM116,G1664,G1638,GM754,G1631,G1608,G5111,G5011,G5013,GM762,G1644,GM764,G5148,GM760,G1612,G5105,G5017,59303,G1649,G5113,G5045,G5157,GM404,G1605,GM005,G5139,G1604,GM252,G5037,GM004,G5224,G5109,G1623,G1609,G1629,G1636,GM109,G1603,59310,G5015,GM406,GM757,G5140,G1633,G1634,GM003,G1695,G5131,59117,G5016,GM254,G1606,G5126,G1607,G5010,G1692,GM761,G1662,G5019,G1601,G5135,G5021,G1610,G5043,GM407,GM260,G1661,G5110,G1694,G5103,G5222,GM751,G5012,G1615,G5001,G5018,G5044,GM253,G1602,GM759,GM409,G1666,G1635,G1600,G1640,G5128,G1645,G2964,GM002,G8927,G5102,G8960,GM755,G1626,G9001,GM006,GM001,G1663,G1690,G5124,G1630,G8929,GM106,GM752,G2966,GM101,GV316,G2993,GM401,G5143,G1699,59109,GM883,G8961,GM102,GM256,GV309,G2997,GM882,G2930,G1646,G2921,G8962,G1668,G5009,G2963,G5040,G1667,G5014,G8932,GM107,GM108,G5138,G5002,GM255,G2926,GM756,GM105,G5213,G5005,GV104,G1648,G1613,G5127,G2924,G5134,G8921,G4907,GM405,G2927,G9002,G4954,G9003,G8965,G2933,G2992,G4812,G1681,G5022,GM410,G5008,GM408,GV308,G1655,G2931,G1665,G8922,G2820,G5026,GM887,GM104,G8964,G5108,G1532,G2922,GM551,GP440,G2928,G8926,G2901,G1614,G2925,G1620,G4840,GM402,G5101,GV105,G1637,G2938,GM403,G1611,G5104,G2962,GM654,G1622,GV102,GM262,G2811,G5041,G2905,G5141,GV315,G4922,G4936,G2937,GV103,G8935,GU027,G4929,GM891,G5132,G8928,GM894,G5004,GU002,G4917,G1671,G2913,GV219,G1686,GV317,G2998,G8912,GM257,G1618,G4924,G1534,G5221,G5120,G9022,G5100,G5052,GU029,GP456,G8933,G5031,GP468,G4923,GV310,G2819,59315,G1628,G8936,G9021,GU000,G2908,GM900,G1619,GV101,GM557,G5028,GV303,G2817,G1617,G2985,GV304,G1568,G2912,G2880,G2907,G2968,GV106,G5212,GP408,G2965,G8924,G4712,59306,G5209,G2936,G2909,GV305,G2903,GM886,G5204,G1562,GV311,G2961,59106,G5023,G8963,GU001,G2994,G4951,GU006,GU005,G4939,G4953,GV306,G2939,G2810,G1563,G1696,G4955,GU036,GM885,GM258,G5036,G2814,GP424,G1691,GV208,G8900,G2929,G4950,GM753,G4937,G1683,G1537,G1643,G4949,G8934,G8923,G5053,G1657,GV302,G1565,GV307,GV314,G4935,G2932,G2906,G8967,GV313,GM899,GU004,GV301,G5034,G2935,G1676,GP400,G5047,G4940,G5144,G4941,G1647,GP452,G2923,G2934,G2827,GV107,G1653,G2960,G2815,G4921,G2986,GM763,G4934,G2818,GM658,G2802,G5218,G1624,G4948,G4928,G2940,G8918,GU013,GP453,G5032,G5219,GM656,G2941,G4717,G4914,GM112,GM111,GU031,59314,G4952,G2911,GM119,GP501,G4916,G5030,GU034,GM651,G8968,G1533,GV312,G2812,G8925,GV202,G8966,G4713,GM652,G2824,G8914,G2910,G4841,G4938,GM113,G8909,G1535,GU007,G2946,GU003,G4148,GU020,GU018,G8916,G5107,G8913,G1651,G2967,G4927,G8911,GV206,G2982,GM552,G8931,G1345,G1862,GM655,G1577,GU022,G1583,G1561,G2816,GM653,G5137,GM898,GU030,G2806,GD406,59114,G2990,G2980,GN056,G1678,GU028,G5147,G2882,GV209,G2807,G4814,G2984,59107,G9017,GV217,G2991,G1673,G5630,G4959,G5006,G2887,G4737,G2886,GU021,G5201,GP449,G5048,G2884,G1685,G4913,G8903,G4926,G1652,GU023,G9014,GM896,GM121,G8905,G5121,G1316,GU012,G4718,G1682,GV216,G8917,G4715,G2826,GU008,G2838,GV203,G2829,G5155,G5205,G1642,GV215,GM884,G4836,GV207,G5211,G4714,G4711,G2947,GN055,GV205,GN035,G2813,G1852,GD403,G5033,GD405,G1697,G4835,G1584,GV218,G8969,GU009,G4918,G1680,G8904,G1672,GU067,G5145,GU074,GU055,G4811,G5129,G9004,G2949,G4710,G5122,G1860,GU019,G2850,G4925,59312,G2943,GM259,GU035,GD404,G5207,GM881,GP448,G2821,G2825,GU061,G5024,G1525,GU024,G8902,G9015,G2805,GU038,G5208,GM114,59116,G8907,GU032,GU073,GU011,G2855,G1340,G2942,GU025,G9019,G4957,G4911,GP512,G4958,G2920,GU063,G1564,GM120,G1531,G2804,G4919,G8910,GV201,G1347,G5220,GU014,G4956,G2889,G5007,G2854,G9018,G1688,G1884,G4146,G4147,G4837,G5615,G2945,G1569,G5136,G1510,G1874,GU015,G9016,G2987,GU017,GV214,G1850,GM103,G4947,G2885,G1684,G5049,G9012,G2828,G1675,G4839,GV210,G5054,G4946,G4945,G1802,G2808,G5057,G5050,GM888,G4974,G4825,G4912,GP502,GU026,G2983,G1376,G5158,G1348,GV212,GM893,G2981,G5051,G9020,GD402,G1677,G1861,G2801,G2851,GD505,G2857,GV213,GP511,GU064,G1567,G5059,GM118,GU010,GP444,G1566,G4915,G1351,GD509,GP503,G2822,GD409,GD510,GM556,GP476,G9000,G4943,GM555,GP445,GN050,GD504,GM553,GU037,G1511,GV211,G4828,G1553,G5629,G2833,G5214,G1536,G1355,G2944,GU016,GM889,G4908,G4909,GU039,G1654,GM892,GP481,G2858,G2823,G2837,G5146,G5000,GU052,GD408,GP460,G1373,G1382,G1378,G1524,G5027,G8906,G2849,G5058,G5055,G2871,G9013,GU033,G1383,G1341,G1570,G5152,GP504,G5613,G2831,GM117,G5679,59319,GD511,GN054,G2902,G2830,G8919,GM897,GD503,G8901,G1658,G1343,G1574,G4824,G1876,59304,G4944,G1589,G1317,G1324,GU053,G5133,GP222,G4821,G4838,G5035,G8915,GV204,G5210,G4910,G1302,G1342,G1674,GM554,GD502,G4920,G5046,G2843,G1331,G2953,G5200,G8953,G1670,G1593,G1530,G8908,G1575,G1555,G1851,G2848,G2832,G4859,G8958,GP221,GU054,GP309,GP207,GN051,G4852,G4855,GM890,GD501,G1560,G1650,G9011,59318,G1346,G1853,GU070,G4816,G1323,GD702,GD513,G4750,G5692,G4972,GU069,G5056,G1308,G1359,G1356,G1505,G2852,59316,G2975,GU062,G1585,GU071,G2840,G1358,G1352,GM657,G2948,G4905,G5123,G1321,G1357,G1869,GU058,G1374,GD506,GD508,G1687,GN052,GM895,G1875,G1354,G1885,GU072,G1385,G1353,G2970,G4141,G5206,G8949,G4813"
116.00,24.50,0.99,0.90,477,"G1686,G5213,G1681,G5209,G5031,GM557,G5005,GM108,G5221,GM107,GM658,G1671,G1696,GM654,G1690,G5218,G5204,59106,G5132,G5008,G5036,G5032,G1626,G1676,GM101,GM552,G1691,GM104,G5034,G5120,GM551,G1699,GM106,G5004,GM653,G1685,GM651,GM652,G5219,G1683,G5137,GM262,G5009,G1602,G5121,GM105,GM656,G1694,G1600,G5021,G5104,59114,G1678,G5211,GM102,GM109,G1695,G5207,G5212,GM006,G1623,59117,G5222,G1680,G1672,G1601,G5033,G1673,G1692,G5135,G1604,G1629,G1682,G5220,G1688,G5122,G5134,G1637,G5030,GM655,GM256,G5103,G1603,G1607,G5208,G5001,G5002,G5108,G5028,G5059,GM252,G1605,GM556,G1684,G1675,GM555,G5124,GM111,G5136,GM003,GM005,G1622,G1631,G5214,GM116,GM553,G5058,GM001,GM258,G5006,G1635,G5100,G5020,G5210,G5127,G1627,G1620,GM004,G5133,G1608,GM554,G1677,G1624,GM260,G1674,GM112,G1636,GM257,G1619,G1630,G5022,GM002,G1618,G5035,GM113,G5023,G4949,G1617,GM119,G5107,GM115,G1687,GM254,GM259,G1628,G5111,G5105,G5206,GM886,G5217,GM882,GM103,G1606,G5123,GM121,G4948,G5101,G1625,G5000,G5007,GM114,G4950,GM883,G5109,GM251,G5126,G5102,GM754,GM253,G1670,GM110,G1533,GM755,G5110,GM764,G1633,G1562,G1638,GM117,GM657,GP440,GP468,GM120,G4914,G4917,G5003,G5106,G5113,G1655,59109,G5047,G4812,G1634,G5024,G4943,GM659,GM896,G4944,G4946,G4945,G4714,G4951,G5053,GM118,GM255,GM762,G4947,G4954,GM885,G1534,G4908,G5010,G1651,G1632,G5026,GM893,G4840,G4913,G4717,GM757,G1566,GP456,G5018,G1560,GM401,G4922,G1561,G5014,G5201,G4905,G5013,GM261,G5050,G4912,G1645,GM894,G1660,G1563,G1664,GM892,GM887,G1532,G1609,GP476,G4907,G4959,G4916,G4816,G5156,GM884,G5052,GP481,G5143,G4811,GM406,G5046,G4813,G5049,G1644,G1668,G5147,G5042,G5017,G4952,G4953,G4923,G4911,GM891,G4906,GP452,G1666,G1530,G1654,G1665,G5142,G5125,G5224,G4909,GP449,59303,G1649,G1697,G4838,G4711,GP453,G5144,GM881,G4942,G4719,GM758,G4817,G4815,G4924,G5148,G1653,G1611,G1662,G1640,GP480,G1567,G4841,GM900,GM899,G4955,59116,G5130,GP448,G4839,G1641,GP460,GM410,G5138,G5200,G1658,G4910,G5048,G4836,G5011,G4904,GM761,G1612,G1531,G4921,G5040,GP424,G1538,G1535,G5045,G5037,G1568,G4939,G4915,GM897,G4941,G4918,G5146,G4936,GM890,GM405,G5128,G4837,G1657,G1667,G5131,G1555,GP444,G4863,GM889,G4712,GM760,G5054,GM898,G1656,G5016,G4852,GM404,G5145,G1615,G5157,G5043,G4929,G4710,GM888,59310,G5140,GM753,GP408,G4937,G4903,G5139,GP445,G5015,G5141,GM751,G1652,G1537,G4928,G4835,G5056,59107,G5155,G5205,G5051,G4814,G5019,G5152,GM409,G1558,G4934,G4750,GM407,G4938,GM763,G1610,G4935,G4718,G4860,G4715,G5012,G1553,G2814,G4919,G5057,GP310,GM756,GU067,G4855,G5055,GP309,G4854,G5041,G5044,G8960,GU063,G1661,G1565,GP301,G2817,GU031,G4713,GM895,G9001,GM759,G2815,G2838,G4926,G2993,G1613,G1551,G2855,G2811,GU000,GU034,G4940,G1590,G4958,GP400,G1552,G4859,G2880,G1646,G1650,G1536,G2964,G5027,GU002,G8927,G4927,G1663,G8961,G2802,G2820,GM408,G8962,G1564,GP308,GU055,GM752,G4751,GU036,G4956,GP311,G8929,G2966,GU027,GU004,G2997,G2921,G2818,GV316,G2833,G4925,GV309,G4858,G2871,G4758,G2851"
116.00,25.00,0.99,0.90,253,"G5206,G5217,G1687,G5210,GM554,GM555,G5133,GM556,G5058,G5059,G5123,G5214,G1674,G1688,G5220,GM553,G5035,G5207,G5211,G1675,G5121,G1684,G1680,G1672,G1685,G5122,G5033,G5136,GM552,G5208,GM653,GM659,GM657,G5137,G1682,G1678,GM658,59114,G5218,G5032,G1670,G1677,GM652,GM651,G1673,G1676,G5219,G5034,G5209,G1696,G5000,GM656,G5036,G1691,59106,G5204,GM557,GM655,G5031,G1686,G1683,GM117,G5221,G5030,G1671,GM103,G5120,G5132,G5006,GM654,G5004,G1681,G5212,G4944,G5007,GM111,GM259,G5213,GM262,G5008,GM104,GM551,G5005,GM114,G4905,G5104,GM108,GM107,G1560,G4943,G5028,GM120,GM121,GM105,GM258,GM113,G1637,G5107,G4906,GM112,G1624,G4908,G1690,G4719,G5009,GM119,GM101,GM118,G4813,G1699,G1626,G4945,G4946,GM106,G5108,G5134,G4816,GM102,G1622,G5024,G5100,G4949,GM893,G4947,G1566,G4948,G4817,G1602,G1600,G5023,G5002,GM006,G1619,G1694,GM256,G1533,G1617,G5046,GM257,G4904,G4942,G5021,G1618,G1620,GM886,G5222,GM892,G1628,G4950,G4714,GM896,GM109,59117,G1695,G5050,G1601,GP481,G4815,G5135,G4912,GP480,G1623,G4914,G1692,G1530,GP476,G5127,G5103,G5124,G1629,G5001,G1538,G1604,G5022,G1562,G5047,G1607,GM001,G1603,G4838,G5101,G4913,GM252,G4903,G1635,GM003,G1605,GP468,G1654,G1651,G1656,GM005,G5049,G5201,G1630,G4909,G4917,G1561,GM002,GM882,G1631,G5053,GM260,GP440,G4717,GM116,G4951,G4911,G4811,GM004,GM884,GM885,G1636,G4863,G1655,G5200,GM883,G1608,G5020,G1627,G4910,GM254,G4959,G4812,G1658,G1567,G1534,G5102,G1606,GP460,GM755,G5105,GM253,GP310,G5111,G4916,G5147,59109,GP456,GM890,GM881,G5110,G5126,GM115,G5109,G4840,G1697,G1563,G1558,G4839,G4711,G1555,GM897"
116.50,22.50,0.98,0.90,196,"G9044,59511,G2971,G8946,GV007,GV006,G9043,59503,GV013,G5612,G5611,G8947,G9042,G2904,G8956,GV005,59317,G2950,G2977,GV003,G9040,G1833,GV009,G9041,G2957,G2978,G2973,GV008,GV012,G2951,G5634,G2956,GV002,GV004,G8957,G2959,G8951,G2955,G8959,GN042,G2976,G8945,G1372,G1837,G9032,G1878,G1877,G9031,G8954,G8942,G2972,G8941,G1371,G8952,G5633,GV015,G1379,GV000,G2974,GV011,G8943,G8948,GN043,GV014,G5671,G5670,G5631,G2970,G1842,G8949,G4111,G2954,GD701,G1377,G1344,G1375,G1804,G8955,G5680,G1893,GD702,GN045,G8944,G1374,GD401,GV001,G2953,G8915,G1806,G8953,G1342,G2975,G2952,GV010,G1840,G2948,G1346,G1378,G8958,G5636,G2944,G1318,GD407,GD410,G1373,G1399,G5667,G5668,G1317,G1844,GV211,G1332,G1845,GN049,G1838,G4141,G1341,59513,G2983,GD201,G9020,GV210,G1894,G5643,G1376,G1843,G1334,G9016,GV204,G1849,59318,G2987,GD402,GV201,G8919,GD408,G5608,G1869,G2942,G4146,G8910,G8901,G1343,G1347,G9011,G4147,G9015,GD409,G9012,G9018,G1386,G1305,GV214,GV212,G5635,G2943,G1385,G4190,GV218,G2949,G1340,G8907,GN025,GV207,59512,G5673,G5672,G1810,G1868,G2947,G8908,G1879,G1328,G1327,GV215,G8917,GV205,G1326,G1348,G1306,G9019,G1811,G5686,G5689,GN026,GD405,G2945,G1302,GV216,GV203,GD404,G1836,G8903,G5666,G5669,G9000"
116.50,23.00,0.98,0.90,562,"GV013,G2950,G8946,GV008,GV006,G2956,GV007,G9044,G8951,G2957,G8957,GV012,G2971,G8956,G2978,G1371,59511,GV002,GV005,G1372,G8945,G8947,G2904,59317,G4111,G9032,G1377,G2959,GD701,G1375,G1379,G2977,G1344,G1374,GV003,G8954,GD702,G9043,GD401,G1346,G1342,GV004,G9042,GD410,G9041,G1318,G1317,G2970,GD407,G9040,G1373,G1341,G1378,G4141,GV000,G1332,G2955,G8949,G2973,G8915,GD201,GD408,G2974,59318,G9031,G2944,G5612,GD402,G1376,G1399,G2953,G1343,GD409,G8952,G4146,G4147,G9016,G8953,G2983,G1347,G2976,GV009,GV210,G1334,G1386,G8942,GV211,G8959,59513,G1340,G1385,G1305,G4190,G2942,G9015,G1348,G8943,G1833,GV201,GD404,GV015,G2951,G1302,GD405,G2947,G9000,GV215,G1306,G8941,59512,G9020,G2975,G2987,GV218,G5611,GV216,GD403,59503,GV207,G8910,59316,G8917,G8958,G2943,G1326,G5634,G1328,G1327,G8948,G2972,G2984,G9017,GV011,G1382,G1329,G1307,G8969,G8903,G2948,G2949,G1383,G8913,G1316,GV010,G9018,G2920,G1323,G9012,GN042,G1345,GV014,G4148,GV205,G1320,G1322,G8944,G8916,GV203,G1308,GV214,G2946,GU039,G1325,GV001,G2941,G9004,G8955,G8907,G2986,59314,GV202,GD406,G2952,G8911,G5633,G2910,GV212,GU011,GU016,G4101,G4102,G2823,G1324,GU033,G2991,GV217,G2954,GU014,G1321,G8919,G2906,G2801,GV204,G1358,G8966,GV206,G8914,G9019,G5680,G2911,GV208,G1310,G1893,G8901,G8967,GU012,G1311,G8905,G2982,G8900,G1319,GU032,G1309,G2945,G1837,G1806,G2990,G2805,G2813,G2985,G1359,G2912,GD508,GV302,G1878,G1877,G1842,G2909,G9011,GU035,GD512,G9021,GU015,GV311,GD507,59319,G1894,G1840,GV101,G1355,G2903,G1869,G8912,G2908,G9022,G2965,GV219,G2825,G1838,GV307,GU009,G4158,G4157,G1352,GV107,G8968,G8963,GV103,GD510,G2907,G2913,G2808,G2826,G1357,G5631,GD511,G8924,G8928,G2980,GN043,G2940,GU007,G4163,G8908,G2929,59315,GV209,G2961,GD601,GD513,GU008,GV106,G2821,G2905,G2925,G8904,GV105,G2923,GD505,G2922,GU017,G2934,GD509,G2938,G1844,G1361,G1351,G2981,G8964,GV315,G1354,GN045,59311,GU030,G2812,G2998,GD504,G2928,G4161,G4162,GV102,G8909,G2992,G2902,G2962,G2994,G1356,G2806,GU038,G2927,GD501,G1365,G9014,G4155,G4154,GD503,GV301,G9002,GU018,G2901,G8918,GU010,GN049,GV304,G1804,G2884,G8965,GD502,59324,G2824,G1849,G2828,G2937,G5670,G5671,G2924,G2926,G1845,GU037,G8902,GV303,G2867,G2829,GV213,GV104,G2936,GV308,G1331,G8922,G4152,G4153,G2827,GV305,G9003,GU019,G2834,G8934,G5608,G2882,G2822,GU005,GU020,G8931,G2921,GU029,GD604,G5636,GD506,G8925,G1353,G9013,GU026,G2887,G1363,G2960,G2997,G2860,G2844,59312,GN026,GU001,GD602,GN025,G5632,G8906,G8962,G2968,G5668,G5667,G1836,G8961,GU006,GU057,GU022,GN044,GV313,G2807,GU025,G2819,G2930,G4191,GV317,G1367,59325,GU021,GU023,G5635,GM752,GU052,G1663,G1312,G1313,G2885,G1884,G1870,G1314,G1315,G2931,GU056,GN035,G1364,GU027,G2993,G5643,G1843,G9001,G2845,G2820,GD603,G2963,59306,G2939,G8960,G1875,G5629,G2868,G2869,GM759,G2810,GV306,GU013,GV310,G8921,GV316,G5044,GU024,GU062,G8932,G8929,G2816,G5630,G2861,G1853,G5012,G2832,GN048,G8927,59502,G2873,G1868,G1860,G1892,G1850,GV312,G2835,GU072,G2964,G5607,GU002,G2858,G5019,G1832,G8936,G2935,G8933,G2842,GM756,G2846,G2870,G2841,GM751,G2967,G2875,G2933,GU036,GU058,G8926,G2811,G2966,G5015,G2843,G5626,G5140,59310,GU066,GU059,G5043,G5679,GU004,59313,GU060,G1802,G5016,G1848,GU003,G2880,G1841,G2818,G2854,G2803,GU028,G8935,GN052,GU061,G5157,G2859,GN053,G5613,GU000,G1885,G5615,G1661,G1873,G2836,G2872,G1880,G5037,GV309,G5045,G5673,G5672,G2932,G2886,G5139,GU068,G1834,GN051,G1835,G1879,G1876,GV314,G8923,GM761,GU064,G2817,G1856,GN046,G5011,GU065,G1852,GN050,G2802"
116.50,23.50,0.98,0.90,696,"G2991,G9004,GD406,G2990,G8966,GU012,G2911,G8969,G1316,G2920,G8968,G2910,GV107,GU011,G2813,GU014,GU007,G2929,G8963,G2923,G8967,GU032,G2805,G1345,GU035,G2826,GU009,GV106,G1348,G2907,G9000,GD403,G4148,G2812,59315,G2825,G2909,G2994,GU008,G2801,G2906,GU030,GD404,G1382,GU015,G2998,G2908,GU039,G1383,GV101,GU016,G2823,GV102,GU018,G2806,G2821,G1340,G2824,G2905,GD409,G1302,GU033,G2808,G2901,G1343,GD408,G2884,G2827,GD405,G2912,G2913,GU005,G9017,GU029,G2928,GV105,GU017,G1324,59318,GD510,G1355,GU001,59316,G1323,GD402,GU020,GU038,G2829,G2986,G2882,G4147,GD505,G2819,GU006,G9003,G1308,G2925,59319,GV103,G1341,G1385,GD509,G2887,G1351,GV216,G1386,G4190,G8912,G2984,G1306,G1347,GU019,G2924,GV104,GV215,G4141,GD511,GV219,G2985,G4146,GU022,G2828,G1317,GD504,GU027,G1358,G1321,G2947,G2807,G8913,G9002,G2820,GD410,GU010,G1359,G1346,G1305,59312,GD201,GU021,G1376,G1322,G2922,G1318,G1329,G2927,GU023,G1307,G8962,G2810,GD508,G1352,GU037,G9021,GV208,G1373,G1320,GD407,GU026,G2941,GD513,GU025,G9016,GU013,G2992,GD503,59512,G2822,G9022,G1357,G1332,G1374,G2993,G8917,G1326,G8961,GD507,G9015,G2921,GD502,59314,GD501,GU002,G4102,G4101,G2816,G2885,GV218,G1325,G1342,G1356,G8964,G8916,G8900,G1331,G2942,G1354,G1375,G1327,G1328,G9001,GM756,GV207,G1377,G1334,G8960,G8928,G1319,G1311,G2946,G1378,G4111,GD701,GD512,GU024,GD401,G2997,G2811,G2983,G8903,GU036,G1310,GV202,G2926,G1344,GU052,GV210,G4158,G4157,G1309,GD702,GV311,G2938,GU004,G2880,G2903,GD506,G8965,G2965,G5012,G1663,GM751,G8911,G1353,G1399,G2818,G4155,G4154,G2943,GV201,GU000,G2944,GU003,G5044,GM759,G5043,GV302,GM752,GU028,G1371,GV315,G4152,G4153,G5019,59513,G2858,G5016,G8924,G8914,G2817,G4163,G2949,G2832,GV203,G2987,GU061,G2962,G2867,G8910,G5140,59310,GU062,G2886,GV205,G2930,G2854,GV206,G5015,GV217,GV308,GV307,G2834,G8915,GD601,GM761,G2802,GV211,G1379,G1667,G2845,G5037,G2982,G1361,G2961,G8951,GU057,G9020,G8922,G2843,GU072,G5045,G8957,G1372,G2956,G2953,G4162,G4161,G2970,GU058,G2937,G1662,G9018,G2869,G2868,G2844,G2860,G2841,GU064,G8945,G5157,GV008,59311,G5141,G8953,G9032,GV012,G2815,G8905,GU059,G8927,G2940,G9012,GV002,G8907,G5011,G8949,GV304,GV316,G8929,G2842,G2957,G2934,G2814,GU056,G2963,GV214,G2870,G2859,GU074,GU034,G2950,G2964,G8954,G5138,G2889,G2978,59324,GV303,G1365,G2837,G2873,G5017,GU031,G2959,59313,G1666,G2936,G2980,G2831,GU073,G2840,G9019,GV301,GV212,G5142,GV000,G2850,GV013,G5139,G2931,GV305,G8956,G8932,GV209,GU065,G2857,GD604,G8958,G8918,G8921,GM763,GV005,GU060,GV317,GV006,G8909,GD602,G1664,G2975,G2861,G2945,G8934,GM758,G2974,G8946,GV007,GU068,G2968,G2835,59317,G4191,G2849,G1661,G2966,G2847,GM753,G5013,G1660,GU055,G2971,G2977,GV004,G1364,GU051,G2904,G8947,G2804,G2848,G1363,G8904,GD603,G5143,G1668,G9044,GM757,GU066,G2853,G2846,G1314,G1315,GV003,G2948,G2960,GM760,G9014,59511,G9031,G8919,G8952,GV313,G1313,G1312,GM762,G5018,G5156,G2955,G2875,G5010,G2838,G1641,G8925,59325,G1367,G5125,GV010,GV204,G8901,G2803,G1665,G8931,59306,G1657,GU071,GV310,G9041,G2933,GU070,G8943,G2939,G2836,G2872,G9040,GV309,GV306,GU069,G2981,G9042,G9043,G8942,GM404,G8926,G2973,GM900,GV015,G2976,G5130,G8902,GM261,G2851,G2830,G8933,G9011,G8936,G5014,G2952,G8944,GU067,G8948,GM764,GV001,GM891,G8941,G2855,GM887,G8959,GM754,G1869,G1610,G8908,GV011,G8935,GV213,GM110,G2935,G1652,G2902,G5155,G5205,GN035,GM898,G1894,GV312,GM899,GV009,G5612,GM407,GU063,G8955,G2833,G5042,G5630,G1612,GV014,G2972,G1606,G2951,GM755,G5052,G2871,G1653,GM894,G1884,G5026,G5144,G2967,G9013,G5003,G1833,G1838,G8906,GU053,G2954,G1625,G1860,G2932,GU054,G1648,G1806,G1632,G5680,G1893,G5634,G8923,GM883,G1608,GV314,GM115,G5131,GM004,G1840,G5145,G5148,G5057,G5633,G5027,G1627,GM002,G1850,G5048,G5629,GM882,G1655,GM409,GN042,G5611,G1646,59503,GM403,GM005,GM003,59303,G1644,G1649,G1842,G1615,G1802,G5020,GN056,G2852,G1605,G5106,G1844,G5051,GM116,G5632,GM001,G5615,G1853,G1875,G1852,G1862,G1849,G1607,GM888,G1603,G1614,GM885,G5224,GN026,G5055,G1870,G5001,GN044,G5679,G5054,G1836,G5022,G5147,G5053,GM251,GN049,G1650,G1837,GN025,G5631,G1874,G5613,G1638,G5608,G5135,G1629,G1692,G1877,G1878,GN055,G1601,G5128,G1697,GN045,GN050,GN043,G1631,59116,G5222,G1845,59117,G1876,GM406,G1695,GM402,GM408,GN052,G1609,GN048,G5152,GM881,G1604,GN051,G5111,G1613,G1620,GM006,G5002,G1885,G5047,G1694"
116.50,24.00,0.99,0.90,709,"G5138,G5141,G1668,G1667,G5143,G1665,G1666,G2814,GM753,G2817,G5018,G5014,GM900,G1657,GM763,GM887,GU000,G2815,GM891,GU031,G2880,G2811,G5010,GU034,GM757,G1662,G2802,GM756,GU002,GU036,G5052,GM894,GM899,GU004,G5026,G2818,G5017,GM761,G1653,G5144,GM755,G2838,GU003,G5013,GM898,GM762,G2886,GU028,G2810,GU055,G1652,GU027,G2820,GM883,GU074,G5205,G5155,G2850,GU067,G1655,GU013,G1606,GM764,G5043,G1664,GM882,G2816,GU073,G2819,G2804,G2855,GU006,GM751,G5048,GM002,GM754,G2889,GU001,GU063,GU061,G5145,GU029,G5037,GU005,G5016,GM885,G2851,G1660,GU022,G2857,GU021,G2854,G2807,G2827,GU023,GM004,G2993,GU020,G5045,G5053,G5057,GU024,G2887,GU064,GM001,G5022,G5142,GM110,G2882,G5147,G8960,G2833,G2849,G2824,G2994,G9003,G2837,G1608,GU018,G2871,G2830,G9001,G5140,59310,GM003,59312,G5051,GM888,G2806,G2884,G2829,G8962,G5011,G5012,G5027,G2901,G2831,G1697,GU025,G2812,G5015,GU019,G5054,G2885,G5019,GM005,G2923,GU030,G5001,G2998,GU053,G5047,G1620,GV102,59116,G1628,G2848,G1651,G8961,GM881,G2858,G2929,G1607,G1618,GU070,GU054,GV106,G1627,GV104,G5055,G1605,GU069,GU007,GM884,GU026,G5201,G1603,GM886,G5156,GU038,G2924,G1617,G5002,59315,GU008,GM758,GU071,G1619,G5044,G8968,G2828,G5157,G2928,GV107,G2826,G2843,GU052,G2821,GM115,G2905,G5023,G2822,G8963,G2852,G1622,G2907,G2840,G5135,GM759,G5152,G1625,GM006,G1650,G2921,GU009,G1601,G1692,GM261,GU017,G5134,GU010,G5222,GV105,G9002,G2832,GM889,G2825,GU037,G2990,G1629,GU035,G2813,GD505,G5146,GU058,G1351,G1663,G2808,GD509,GD504,G2908,G5125,G1600,GM896,G2927,G5003,GM116,G2997,G2925,GU012,G2859,G2909,G2913,GU062,G2853,G2805,59117,GV101,G5020,GU015,G2911,G8966,GU059,G1694,GU032,GU072,GU051,G5049,G1602,G1695,GD503,GD510,G2841,G1331,G8967,G2991,GU065,GM106,G1699,GM105,GD502,GM119,GM895,GM897,G2992,G1624,G5028,G2922,GM752,GV103,GM112,G5139,GU014,G1355,G1641,GD406,G2912,GD501,GD511,G9004,G2910,GU011,G5056,GD506,G2801,GM113,G2906,G1604,G1353,G1356,59319,G8912,G2847,G1658,G2926,GV219,GM109,G5050,GD513,G1654,GM890,G5024,G2842,G1623,G2845,G2870,59313,G2920,GU016,G1316,G2823,GM760,GM121,G8964,G1632,G1354,G8969,G1345,G5130,GU033,G5200,GU039,G2985,G4148,G1631,G1357,G1352,G2930,GU068,G8927,G5042,G1690,G1324,G1359,GM111,G8965,G5004,GM107,GM893,GM108,G2869,G2868,G9022,G5106,G2964,G5005,GD508,G9021,G4152,G4153,G1383,GM892,G2986,G4154,G4155,G1382,G1358,G5021,G8929,G1321,G8928,GM120,GD507,GM654,GD403,GU057,GV316,G2938,GM251,G1308,GM404,G1661,G9000,GM118,G5006,GU060,G1323,G2873,GM114,GV208,GM252,G9017,G5030,G1671,G1348,G2834,G2867,GD404,G1626,G5046,GV308,G1638,G4157,G4158,G5111,G1302,GD512,G2963,59316,G1612,GD405,G8900,G1322,G5007,GV315,G8913,G1340,GU056,G2984,G2941,G1319,GM655,G8922,G2962,G5213,G1311,G1691,GV311,G2860,G2844,G5105,G2965,G2903,G2966,GV216,G1320,G5148,G4101,G4102,GM656,G1306,59314,GM101,GD409,G1309,G1310,GM103,G5036,GV215,G1329,G1307,G1644,G1343,G8932,G5031,G5034,G1325,G5103,G2947,G1385,GD408,G4163,GU066,G4190,G1610,G8924,G8916,G1386,G4147,G1676,G2835,G1636,59318,GD402,G1681,G2946,59303,G5113,G1649,G2937,GV302,G2861,GM651,G1673,GV202,GD601,G1347,G1361,G1305,GM407,G8921,G1326,G1656,G8917,G4146,G5131,59512,GM652,G5109,G2931,G2803,G2961,GM254,G2836,G2872,G2846,G4161,G4162,G5224,59114,G1328,G1327,G1341,GV309,GV307,G1633,G1678,G8903,G8911,G1376,GV218,GV207,GD201,G1686,G4141,GM102,G5126,GM260,G9015,G2875,G5032,GV304,G1634,G5009,G9016,GM117,G1609,G1317,59311,G5137,G8914,GM406,GV303,G1635,GD410,G2942,G5209,G5000,G1677,G1346,G5124,G1318,G5008,GM658,GM653,GV206,G2933,59324,G1334,GV317,G1373,GM409,GM256,G5110,G1615,G1332,GD407,G2936,G5033,G1365,G2982,GV217,G1364,G2943,G2934,GV305,G2940,G5221,G5136,GM557,GD604,GM253,GV210,GD603,G2983,GM104,GD602,GV203,G4191,G1672,G2968,G1630,GV205,GM551,GV201,G1374,G2949,G5132,GV301,G1378,G8926,G1314,G1315,G1342,G5102,G8934,G1675,G5128,G1696,G1670,G5218,GV310,G5204,GM552,59106,GD401,G5120,G1646,G8910,G8918,G5121,G1399,G1375,GM262,G2987,G8905,G1640,G1645,G1312,G1313,G1377,G1648,59306,G2944,59513,G5104,G1363,GD701,G4111,G2980,GD702,G1344,G8933,G8909,GV313,G8936,G2939,G8935,G2960,59109,GV209,GM657,G1367,59325,GV306,G5127,G1637,G5108,G9020,G9018,G5207,GM401,G8907,G1685,GV211,G1683,G9012,G8925,G5212,GV214,G8915,G5219,G5035,G5220,G8931,G9019,G1688,GM659,GM403,G9014,G1371,G1613,G5211,G2935,G8904,G1674,G2953,G5040,GM255,GV212,G1614,G2945,GM556,G4812,G8953,GM408,G1379,G5100,G4954"
116.50,24.50,0.99,0.90,396,"GM896,G5024,GM119,GM121,GM113,GM112,G1624,GM893,GM120,G5050,G5023,G5047,GM886,G1651,GM118,G1617,G5201,GM114,G1619,G1628,GM892,G1618,G5049,G5007,GM884,G5053,GM111,G1654,G5006,G1620,G5028,G1622,G5046,GM885,GM103,G5022,G5147,GM881,G1697,G5030,G5200,G1658,GM117,G1655,GM655,59116,G5134,G5002,GM897,G5000,GM890,G5146,GM882,G5004,G1677,GM889,G5026,GM894,GM105,G1673,G1656,GM656,G5052,GM883,GM001,G5144,G5054,G5048,G5056,G1670,GM002,G1691,G1653,GM654,GM651,G5034,59114,G5136,G1671,GM887,GM888,GM006,G1678,GM755,GM652,G5152,GM891,GM899,G5036,GM657,G1699,G1676,G5001,G5014,G5145,G5033,G5051,G1675,GM106,G5137,G5005,GM659,G1600,GM900,GM895,GM108,G1672,G5222,GM898,GM107,G1606,GM653,G5055,G5031,GM003,G1607,G5032,G1665,G5135,G1602,G5035,G1601,G1652,G5057,GM004,G1603,G1694,G1692,G5205,G5155,G1650,G1668,G1657,GM005,GM658,G1674,G5143,G1605,G1629,G1690,G5018,59117,G5121,GU063,G1695,G5027,GU067,G5010,G5213,G1608,GM764,G5207,GM753,G5209,G2855,G1686,GM552,GM757,GM754,G5220,G2852,G1681,G1688,GM556,GM109,G1627,G5138,G2838,GM763,G1626,G1666,G5218,G1604,G2871,G1623,G2833,GM762,G1685,GU053,GM557,GU054,GM110,G5059,GM116,G5141,G5021,G5221,G2851,G1696,G2814,G5013,GU031,GM101,G5210,G5211,GU055,G5204,G5020,GM115,59106,GU034,G2815,GM555,G1667,G5008,G5132,G2804,G1680,G5017,G1625,G1662,G1664,G2830,G1631,GM104,G2850,G5120,G5219,G2817,G5009,GM551,G1687,G5206,GM252,G2802,G5058,G1683,G1660,GM102,G5217,GU074,GU073,G5122,GM262,G5214,G5103,GU000,GM554,G1682,GM761,G5003,G5104,G2857,G2880,GM553,G2889,G5133,GU069,G1684,G5208,G2811,G2818,G2849,G2886,G5212,GU070,GU004,GM256,GU036,GU003,GM756,GU028,G5142,GU002,G1637,G5124,GU071,GM261,G5156,G2848,G5111,GM251,G5043,G5037,G1636,G2837,GU061,G5105,G5106,G5123,G5108,GU064,G1635,G2831,G5045,GM751,GM260,G5016,G2854,G2810,G1638,GM254,GM758,GU013,G1632,G5011,G2816,G2820,GU027,G1630,G5109,G5125,G5127,GM258,59310,G5140,G5126,G2819,G5113,G5100,G1633,GU006,G5015,G2840,GU024,G2853,GU001,G2993,GU023,G5019,GU021,G8960,G5110,GM253,GU022,GU029,G2807,G5157,G5012,GU051,G5042,GU005,GM257,G5102,G2858,G1641,G1634,G9001,GU020,G2827,G2887,G2843,G4949,G5107,GM259,G2882,G2885,G5130,GU025,59312,G8962,GU065,G5101,G9003,G2859,G5044,G2824,59109,G8961,GU058,G2829,G4948,GU018,G2994,GU019,G1644,G2884,G4950,G2832,GU059,G2806,G5139,G2847,GM759,G2901,GU026,GU052,GM760,GP440,GV104,G2812,G1609,G2841,GV102,G2998,G1562,GU030,G4812,G1533,GU072,G2924,G2923,G5148,GP468,GU062,G4917"
116.50,25.00,0.99,0.90,195,"GM659,GM657,G1670,GM117,G5000,G5035,G1677,G1674,GM103,G5007,G5136,G1675,GM114,GM118,GM120,G5046,G5006,GM893,G5033,G1656,GM892,G1673,GM655,G1672,GM121,GM556,G5024,G1678,59114,G5030,G5210,GM111,G5050,GM113,G5137,GM656,GM652,GM651,G5220,G5206,G1688,GM112,GM653,G1687,G5207,GM119,G5217,G1624,G1654,G5059,G5121,G5034,GM896,G1676,G1691,G5200,G5032,GM555,G5036,G5049,G5028,G1658,G5023,GM658,G5004,GM552,GM554,GM890,G5058,G1671,G1619,GM886,G1617,G5201,G1685,GM654,G1651,G5031,G1622,G5047,G5133,G5211,G5214,G1628,G1618,GM884,GM897,G1620,GM553,G5218,G1680,G5209,G5134,G5123,GM105,G5146,GM881,G5056,G5053,G5002,G1697,G5005,G1686,GM889,GM885,59116,G5022,G5147,G5122,G1684,GM108,GM107,G1696,GM557,G1699,G5208,G1682,G5204,59106,G5213,GM106,G5221,GM006,G1681,G5219,G5152,G1655,GM895,G5054,GM001,G1600,GM882,G1690,GM888,G1602,G5132,G1683,G5001,G5222,G5048,GM883,G5120,G1694,GM002,G5026,G5051,GM894,G5135,G5052,G1601,G5008,G5144,G5055,G1692,G1626,G1607,G1653,GM104,G5145,GM551,G1650,59117,G1603,GM755,GM003,G1629,GM262,G1695,GM101,GM899,G5212,GM887,GM891,G5104,G1605,G5057,GM005,GM004,GM109,G1606,G5014,GM898,G5009,G1623,G5021,G1604,GM900,G1652,G5205,G5155,G5027,GM102,G2852,G1608,G1637"
117.00,23.00,0.98,0.90,367,"59513,G1399,G1334,GD401,G1328,G1327,G1344,G1332,G1326,59512,G1365,G1363,59311,G8957,GD407,G1325,G1367,59325,59324,G1305,GD201,G1310,G1307,G1329,G2950,G4102,G4101,G4161,G4162,GD601,G1309,G1320,GD604,G1361,GV013,GD602,G4163,G1311,G9044,G1313,G1312,G4190,G1386,G1375,G1319,G8946,G1318,G1306,G1385,G2956,G4191,G1322,G8951,G4141,G1315,G1314,GD512,G4111,GD410,G4158,G4157,GV008,59316,G1364,GD603,G1323,G1308,GV006,59318,GD507,G1321,G1358,GV007,G1302,G1377,GD508,G1371,G2844,G2860,G1359,G2867,G1343,GV012,G2957,G2971,G1324,G1352,G2834,G4154,G4155,G1383,G1357,G1382,G1374,G1346,GD701,GU033,GU039,G1354,G4152,G4153,G2823,GU016,G9000,GU056,G8956,GD513,GD408,G2861,59319,G1317,GU057,59511,G1341,GD511,G2875,G1356,G2846,G2835,G1372,G1355,G2801,GV002,G2978,GD409,GD501,G1348,GV005,GD510,G1353,GD502,G2920,GD506,GU014,GD503,G8945,G2868,G2869,G1331,G2873,GU011,GU066,G2803,GU015,GD509,GD504,G1342,G1351,G2808,G2845,GU032,GD505,GD402,G8947,G2872,G2836,G2904,GD702,G2805,G1379,G1373,G9032,G9004,59317,GU037,GU017,GU010,GU035,G2959,G2825,G1340,G8969,G2813,GD404,GU060,G4147,G2821,GU009,G2977,G2822,GU012,G2828,GD403,G1316,G1376,G2842,G1378,G2870,G4146,G1347,GU038,G2826,G8954,G2991,GU062,GU052,GU026,GU008,GV003,59313,G2990,GD406,GU072,GD405,G9043,G2832,G2841,G9016,GU019,G2970,G9042,G8966,G1345,G2910,G2829,GV004,GU030,GU025,GU007,G2884,GU068,59312,G2885,G8968,GU059,GU058,G9041,G2911,G2806,G4148,G2944,G9017,G2947,GV215,G2983,G2812,GV216,G9040,G8915,GU018,G9015,G2882,GV107,GV210,G2824,G8949,G2942,G2858,GV000,G2843,G2887,G2859,G2923,G2984,G2955,GU020,G8967,G2953,GU023,G2807,GU021,G2973,G2847,GU024,G2929,GU022,GU065,G2906,G5612,GV218,G8917,G2974,G8963,G2827,G8913,G9031,G8953,GV211,GV207,G2994,GV201,G2986,G2909,GV106,G2907,G8952,59315,GU005,G2840,GV009,G2908,GV101,G2976,G2943,GU001,G2816,G2987,GU006,G2912,G8903,G2998,GU051,G2854,G8942,G9020,G8959,G2941,G8910,GU013,G8916,GU029,G2905,GV102,G2913,59314,G2819,G2946,GU061,G1833,G2853,G8943,GU064,G2951,G5611,G2985,G2810,59503,G2949,GV208,GV015,G2901,GV202,G2975,G8912,GV105,GV103,G2928,G2831,GV219,G2837,G8941,G8911,G8958,GV205,GU027,GV203,GU028,G2925,G9018,G8900,G9021,GU003,G5634,G9012,G9022,G8948,G2972,G2886,G9003,GU004,GU036,GV011,G2818,G2820,GV217,G2922,G2948"
117.00,23.50,0.98,0.90,470,"G2844,G2860,G2834,G2867,GU056,G4162,G4161,G1361,59324,GU057,59311,GD601,G4163,G1365,GD604,GD602,G4153,G4152,G2861,G4191,G1364,G4154,G4155,GD603,G2835,G2868,G2869,G1314,G1315,G2873,G2846,G4157,G4158,G1363,G2845,G1313,G1312,G2875,GD512,G1353,GU066,G1309,59325,G1367,G1354,GD506,G1319,G1310,GU060,G1311,G2803,G1356,GD507,G2842,G1357,G2870,G2836,G2872,GD501,GD513,G1352,G1331,59313,GD502,GD508,G4101,G4102,GU062,GU072,G1325,GD503,G2841,G1359,GU068,G2832,G1358,G1321,GD511,GU059,G1320,GU058,GU037,GU052,59319,G1322,GD504,G2822,G2859,G1328,G1327,GU010,G1351,GD509,G1355,G2843,G1307,G1329,G1326,G1308,G2847,GD510,GD505,G1324,GU065,GU026,G2858,G2828,59512,G1323,G2885,GU033,GU017,G2808,G2823,GU025,GU016,G1306,GU038,G2840,59316,59513,GU039,G1334,GU015,G2801,GU051,GU019,59312,G1305,GU024,G2821,G1383,G2853,G4190,G2825,G2829,G1399,G1385,G1386,GU032,G2805,G1382,G2854,GU035,GU023,GU014,GU064,GU009,G1302,GU008,G2884,GU021,G2887,G2831,G2807,G2837,G2882,G2826,GU061,GD201,GU011,GU022,G2813,G2806,G1332,GU030,GU020,G2816,GU018,G2824,G2848,G9000,G2920,GU012,GD407,G2812,G9004,GU028,GU013,GU007,GU071,G2889,59318,G2849,G2886,GD401,G4141,GU003,G2827,G2857,G2990,G1343,G1318,GU070,G8968,GU073,GU074,G2810,G2818,GU006,G2923,GD410,GU004,GU001,GU005,G2991,GU069,G1348,G1344,GU036,G8969,G2850,G2994,GV107,G2802,G2819,GD408,GD406,G2929,G8966,G1316,GU029,G2880,G2804,GD409,G1375,G2911,GU027,GU002,GU000,G2830,G2910,GU034,GU055,G2811,G2815,G2817,GV106,G4111,G1346,G8963,GD403,G1341,GU031,GD404,G1317,G2820,G2998,59315,G1340,G1345,G2907,G8967,G2814,G2851,G1377,G1374,GD402,G4148,GV102,G2838,G2909,G2901,GM763,GM756,G2906,GD405,G5141,G8957,G4147,G2908,GD701,G2905,GV101,G2833,G9003,G9017,G2871,GU054,G1347,G2855,GM753,GU053,G2928,G8951,G4146,G1371,G1373,G2913,G2956,GV105,G1376,G2912,GU067,G1342,G1667,G2950,GV216,GV215,G2986,GU063,GV008,GV104,G2984,G2947,G2924,G2925,G1657,GV103,G9016,GD702,G8962,G5138,G2993,GV013,G8912,G8913,G5155,G5205,G1378,G9002,G1652,G5027,GV219,G2985,GV012,G2852,G9015,G2922,G8946,G2927,G2957,G8961,GM898,G8960,G1372,G8917,G2942,G5057,G9001,G9044,G2941,GM751,G2983,GV218,GV208,GM900,G9021,G5043,G2992,G2921,GV006,G1379,GV210,G9022,GV207,G1665,GV007,GV002,59314,G8945,GM761,G8916,G2944,G1666,G1662,G5145,G2978,G1668,GM899,G8956,G8900,G2946,G8964,G8903,G9032,G5012,G2971,G2997,G5016,G1650,G5143,G8928,GV202,GV201,G5055,G1653,GM891,G5051,G2926,G2943,G8915,G5144,G5044,GV005,G5048,G5019,G1663,G2970,G2959,G5037,GV311,GM759,G8911,G2938,GM887,G5140,59310,G2903,GM888,G8954,G8965,59511,G2965,G5015,G2987,GV211,G5017,G5045,G5052,G2953,G5014,G8910,G5018,GM752,G2949,59317,GV302,G2904,G8947,GM894,G8949,GV203,G5054,GV205,G9020,GM757,GV315,G8914,G8953,G2977,G5010,G8924,GV217,G5152,GV206,G5026,G2930,G5013,GV000,G2962,GM895,GV307,G5011,G2982,GV003,G5157,GV308,G1664,G9018,GV004,G2961,GM762,G5142,G8922,G9012,59116,G2974,G8907,G5147"
117.00,24.00,0.99,0.90,455,"GU069,GU070,GU071,G2830,G2848,G2849,GU054,G2851,GU053,G2833,G2871,G2853,G2857,G2804,G2831,GU051,G2837,GU073,G2840,G2889,GU055,G2850,G2855,G2852,G5027,GU064,GU063,GU074,G2838,GU065,G2847,GU067,G2859,G5057,G2854,G5155,G5205,G2843,GU059,GU068,GU061,G1650,G1652,GU058,GU034,GU031,G5055,G2886,G2841,GM763,G2858,59313,G2815,GM898,GU072,G5145,G5051,GU028,G2870,G2832,G2842,G2802,GM753,G2814,GU062,G1657,GU003,GU060,GM888,GU024,G2818,G5152,GM895,G5048,G5054,GU052,G2845,GM899,G2885,GU004,G2873,G2868,G2869,G2816,G2817,G1653,GM900,G5141,GU066,G5144,GU025,GU036,G2872,G2836,GU000,G2803,G2880,GU023,GU026,GD506,G1353,GU013,G2822,GM889,GU021,G2835,59312,GU057,G1331,GU056,59116,GM891,G2807,G2846,GU037,G2861,G1665,G5056,GU022,G2875,G5146,GU019,GD502,G4153,G4152,G2887,G5052,G2828,G2810,G2811,G1697,GD503,GU010,GD501,G1356,GM881,G2834,GU002,G5147,G2882,G5138,G2829,G2844,G2860,GM894,G2867,GM887,GU038,GU020,G4155,G4154,GD504,GM897,G1354,G1351,GD509,G2884,G1667,GD505,G1668,GD513,GU017,GU006,GM890,GD511,G5026,G2806,G2824,G1357,G2827,GU018,G5014,GM884,GU001,G2821,GU027,G1364,GD510,G5143,GD603,G2819,G2808,G1352,G1658,GM885,GU005,GU030,GU008,G1355,59319,GM756,G5053,G4157,G4158,G4191,G1314,G1315,GD507,G5201,GD508,G4163,G1361,G2812,G1359,G5200,GD602,G2825,G4162,G4161,G2820,GU015,GD604,G1666,GD601,G2826,G1651,GD512,G5049,GU029,GU009,59324,G1655,G1313,G1312,59311,GU035,G1365,GU007,G2805,G1319,G1358,G1654,G5018,G1311,G1321,G1309,GU032,G2994,G2801,G1363,G2923,G2813,G1324,G1310,G5047,GU033,59325,G1367,G2823,GU016,GU014,G4101,G4102,G8968,G1308,GU039,GM883,GM755,G1662,G5010,GM896,GU012,G2929,G1325,G1322,G2990,GM757,G5050,GU011,G1320,GM882,G1323,GV107,G1383,GM761,G1628,GM886,GV106,G5022,G9004,G2998,G1307,G1329,GM892,G1382,G1656,G1617,G1618,G2901,59316,G5017,GV102,GM002,G2920,G2991,59315,G5023,G9003,G1619,G1326,G8963,G5043,G5024,G1327,G1328,G1620,GM893,G1306,G1606,G8966,GM751,G5046,G5013,GM762,59512,G2993,G2911,G2907,G1302,GD406,GM764,G9000,GM001,GM119,G4190,G1305,G2905,G1385,G8969,G8962,G8960,G5016,G1386,GM118,G2910,G2928,G1622,G1664,GM112,G1624,GV104,G1316,GM113,G8967,G5037,G2909,GM121,G2924,G9001,GM754,G2908,G1334,G5002,GM120,GV105,GM004,GV101,G8961,G1348,G5045,G2913,G5012,GD201,G1345,G1660,59513,G2906,G5134,G1343,G5001,59318,GM003,G9002,G5140,59310,G5028,G2925,GM114,G4148,G5019,G2912,G5142,G1399,GD403,G5015,G1332,G1608,G2921,GM110,G4141,G2927,G1607,GV103,GM005,GD404,G5011,G5007,GD407,GD409,G5044,GD408,GM111,GM006,G1603,G1318,G2922,G1605,G8912,GM759,G1340,GD410,G5006,GV219,G2997,G2992,GM105,G5135,G5222,G1627,G1663,GM103,G5157,GD401,G9017,G1601,GD405,G2985,G2986,G1692,G1600,GM758,G1341,GD402,G5156,G1699,G1629,GM106,G5030,G4147,G1317,G1346,G2926,G1602,GM115,GM752,G5004,G1694,G8964,G1344,G9021,59117,GM117,G2984,G9022,GV216"
117.00,24.50,0.99,0.90,252,"G5056,GM895,GM890,GM897,G5152,G5146,G5200,G1658,GM889,G1656,G1650,G5055,G5054,G1654,GM888,G5051,59116,G2852,GM881,G5049,G1697,G5027,G5046,G5057,GM884,GM892,G5050,G5145,G5147,G5048,GU054,G5201,GU053,GM893,G2871,GU063,G1651,G2833,GM896,G5155,G5205,GM118,G5024,G1652,GM898,G2855,GU067,G1653,G5144,G5053,GM885,G5047,GM899,G2851,GM120,G2830,GM121,G5052,G2838,GM894,GM114,GM886,GM119,G1657,GM900,G5007,GM113,GM891,GU069,G5023,G1628,GM112,G2804,G1617,GU055,G1624,G5026,G1619,GU070,G1618,G1655,GM103,GM887,GM753,GM117,GU071,GM763,G2849,G1620,G2850,G1665,G2857,G5022,G2848,G5006,GU073,GU031,G5000,G1622,GM111,G5014,GU034,GU074,G5028,G2889,G2814,GM882,G2815,GM883,G1670,G2831,G2837,G2853,G1668,G1677,G5030,GM657,G5141,GM755,GM659,G5002,GU051,GM655,G5143,GU064,G5134,G2802,G2840,GM002,G5138,G2886,GM001,G2817,GU061,G2854,GU028,G5018,GU065,G1673,G2847,GU003,G5004,G5136,G2818,GM105,GM656,GU000,G1606,G2859,GU004,G1666,G2880,G5010,G2843,G1667,G5001,59114,GM006,G1675,G1691,G1678,GM651,GU036,GU059,GU068,GU058,G2858,G5035,G5034,GM652,GM757,GM654,G5033,G1671,G1699,G2841,GM003,GM004,G5036,G2811,G1676,G2816,GU024,59313,G5137,G1607,GM106,G2832,GU072,G1672,G1600,G5222,GM764,G1674,G2870,GU013,GU002,G2842,GU062,G1603,G5135,G5005,GM653,G1601,GM005,GM108,G2885,G2810,GM762,GM107,GU060,G1602,G1692,GM754,G5032,G1605,GU023,G5031,GU052,G1694,G1662,GU021,G1608,GU025,GM756,G5013,G2807,G1629,GU022,59117,59312,G2845,G5017,GU026,G2873,G2887,G2869,G2868,GM658,GU027,G1695,G5121,GU066,G2822,G1690,G2836,G2872,GU006,GU019,G2882,GU020,G2803"
117.00,25.00,0.99,0.90,102,"G1656,G5046,G5200,GM892,GM890,G1654,G1658,GM118,GM893,GM117,GM659,G5050,GM897,G5056,GM120,GM657,G5049,G1670,G5000,G5024,G5007,G5146,GM114,GM103,GM895,GM889,GM896,GM121,G1677,G5152,GM884,GM881,G5201,59116,GM113,G1697,G1651,G5006,GM119,G5054,GM112,G5035,G1624,G1650,G5147,GM888,G5055,G5136,G5047,GM111,G5051,G1674,GM655,G1675,G5023,G5030,GM886,G5053,G1617,G1673,G1619,GM885,G1628,G2852,G5048,G1618,G5028,G5145,G5057,G5033,G5027,59114,G1678,GM656,G1622,G1672,G1620,GM651,GM652,G5144,G5137,G1653,G5034,G5022,G1691,GU053,GU054,GU063,GM898,GM556,G5155,G5205,G5004,GM653,G1652,GM899,G1676,G2871,G1655,G5052,GM894,G5036"
117.50,23.00,0.98,0.90,117,"G1367,59325,G1363,G1313,G1312,G1315,G1314,G4191,GD602,GD604,GD603,G1364,G1365,59324,59311,G4161,G4162,G2875,G1361,G2846,GD601,G2861,59513,G2835,G4163,G2803,G2836,G2872,G2860,G2844,GU066,GU056,G1399,G1309,G1310,G2834,G2867,G1327,G1328,G1311,G1325,G1319,G4157,G4158,GD512,G4101,G4102,G1334,GU057,G2873,G1326,G4154,G4155,59512,G4153,G4152,G1320,GU060,G2868,G2869,G1307,G1329,GD507,G1322,GD401,G1305,GD508,G2845,G1354,G1332,G1357,G1321,G1352,G1358,G1306,G2870,G2842,G1359,G1353,59313,GD201,G4190,GU068,G1356,GD513,GD506,G1308,G1386,GD407,G1344,G1385,G1323,59316,GD501,G1324,GD502,G1331,59319,GD511,G2841,GU072,GD503,G1318,GU062,G8957,G4141,G2847,GU033,GU059,G1302,G1355,G1375,G1383,G2823,GU058,GU016,G2950"
117.50,23.50,0.98,0.90,220,"G2875,G2836,G2872,G1313,G1312,59325,G1367,G2803,G1315,G1314,GD603,G2846,G1364,G1363,G4191,GU066,G2835,G2861,GD602,GD604,59324,GU060,G1365,GU056,G2873,G2844,G2860,59311,GU068,G4161,G4162,G2869,G2868,59313,GU057,G2870,G1361,G2842,G2834,G2847,GD601,G2867,G4163,G2845,GU065,G4153,G4152,G2841,G4154,G4155,GU059,GU051,G2859,GU072,G2853,GU058,G1353,GU062,G4158,G4157,GD506,G1309,G2840,GD512,G2832,G1310,G1354,G2843,G1319,G1311,G1356,GD507,GD501,G1331,G1357,G4102,G4101,GD502,GD513,G1325,G1352,G2858,GU052,GU071,GD508,GD503,G2848,G2831,G1359,G1320,G2837,G1328,G1327,GU070,GU037,G1358,G1321,G2822,GU069,GD511,59513,G1322,GU064,G1326,GD504,G2849,GU010,G1307,G1329,59319,GU026,G2885,59512,G1351,GD509,G2854,G1308,G1355,G2828,GD505,G2857,GD510,GU025,G1334,G1324,GU024,G1399,GU061,G1323,G2889,G2830,GU017,GU033,G1306,59312,G2808,GU038,G1305,GU019,59316,G2823,GU073,GU016,GU039,G4190,GU015,G2801,GU074,GU023,G2821,G1383,G1385,G1386,G2829,G2804,G2850,GU021,G2886,GU028,G2825,G2816,G2807,G2887,G2851,GD201,G1382,G1332,GU054,G2882,GU032,G2805,G1302,GU022,G2884,GU003,GU035,GU014,GU008,GU009,GU055,GU053,G2833,G2871,GU020,G2826,GD401,G2806,GD407,GU013,GU011,G2813,GU030,GU018,G2818,G2824,G2802,GU004,G4141,G9000,GU034,59318,G2852,G2838,G1318,G2812,G2920,G2855,GU012,G2827,GU036,G1344,G2815,GU031,GU007,G9004,G2810,G1343,G5027,GD410,G2990"
117.50,24.00,0.99,0.90,203,"G2853,GU051,G2847,G2836,G2872,GU071,GU069,GU068,G2803,GU070,GU065,GU066,G2848,GU060,GU054,G2830,G2875,G2840,59313,GU053,G2846,G2852,G2859,G2849,G2835,G2870,G2871,G2831,G2842,G2873,G2833,GU059,G2861,G2837,G2841,G2851,GU058,G2857,G5027,G1650,GU072,G2869,G2868,G2843,G2804,GU056,GD603,GU064,G1364,G2889,G2845,GU073,GU062,G1315,G1314,G2855,G2832,G5055,GU063,G2850,G1313,G1312,GU057,GU055,GM895,G5057,G4191,G2858,G2844,G2860,GU074,G2854,GU067,GD602,G1367,59325,G2838,GD604,G2834,G5051,G1363,GU061,G5152,G4152,G4153,G1353,G2867,G5155,G5205,GD506,GM888,GU052,G1652,59324,G5145,G1365,G4154,G4155,G2886,G5054,G4162,G4161,G5056,GU034,GU024,59311,GM898,G1331,GU031,G2885,GU028,G1361,GM889,GM763,G1356,GD601,GD502,GD501,G4163,G2815,G2822,G1354,GU003,GU026,G2802,GD503,GU037,G5048,G5146,GU025,GM753,G2814,G1657,GD513,G2816,GM897,G4158,G4157,G2818,GU010,59116,G1357,59312,GM890,G2828,GU023,GD504,GD512,GM899,GU004,G1653,G1352,GD507,GU019,GU021,G1351,G1309,GD509,GD511,G5144,GM881,G1697,G1319,G2807,G2817,GD508,GD505,G1311,GU013,GM900,G1310,GU036,G1658,GU038,GU022,G2887,G1359,G2829,GU000,G2880,G5141,GU017,59319,G5200,GD510,G5147,G2882,G1355,G4102,G4101,G2808,G1358,GU020,G1321,G2884,G2810,G1325,GM891,G2821,GM884,G5052,G1665,G2811"
