lon,lat,radius_lon,radius_lat,count,neighbors
109.90,21.20,0.19,0.18,24,"G2475,G7439,GG309,GG212,G2471,G7534,G7535,G7432,GG315,G7433,G2472,GG310,G7434,G2480,G7431,G7537,G7536,GG317,GG316,G2470,G7436,GG301,GG318,GG214"
109.90,21.40,0.19,0.18,21,"G2474,GG315,G7433,G7468,GG318,G7566,G7565,GG316,GG308,G2462,GG415,G7461,G7471,GG301,GG306,G7432,G7472,G7439,G7460,G2472,G2475"
109.90,21.50,0.19,0.18,21,"G7468,GG415,G7461,G7470,G7471,G2474,GG405,GG412,G7566,G7565,G2462,G2466,GG413,G7567,G7460,GG411,G7472,GG315,G7433,G7465,G2468"
110.00,21.00,0.19,0.18,22,"G2402,GG215,GG214,59750,G2480,G7510,G2405,G7419,G7415,GG211,G7418,G2481,GG217,GG212,G7416,G7473,G7524,G2426,G7434,G2470,G7474,GG317"
110.00,21.20,0.19,0.18,23,"G7432,G7436,G2470,GG304,G2475,GG212,G7439,GG314,G7473,GG301,G2480,GG316,GG309,GG305,GG313,G7531,G2405,G7433,GG315,GG308,GG214,G2400,G2476"
110.00,21.30,0.19,0.18,24,"G7432,GG316,GG301,GG308,GG305,G7433,GG315,GG304,G7436,GG314,GG306,G2475,G7439,G2474,G2473,GG307,G2470,G2462,G2476,G7472,G7531,G2400,GG309,G2404"
110.00,21.60,0.19,0.18,21,"G7465,GG411,G7471,G2466,GG410,G2467,GG415,GG404,G7463,G7470,G7460,G7468,G2462,GG413,GG421,GG412,GG403,GG402,G7472,GG407,GG405"
110.10,20.40,0.19,0.18,25,"G7447,GG111,GG103,G7440,G7542,G7548,G2441,GG204,G7441,G7410,GG108,59759,GG206,GG104,GG110,G7443,G7445,G7570,G7571,59754,G2449,G7544,G2440,G7543,G7448"
110.10,21.10,0.19,0.18,23,"G7473,G2405,G2470,G2426,GG313,GG302,G2480,G7430,G7415,G2402,G7436,G7531,GG214,GG215,59750,GG012,GG304,GG314,G2400,GG011,G2481,GG010,G7419"
110.10,21.20,0.19,0.18,25,"G7436,GG313,GG304,GG314,G2470,G7531,G7473,G2400,G2476,GG302,G7432,G7430,GG305,GG301,GG012,GG011,G2405,G2480,GG316,G2426,GG001,G2473,GG308,G2404,GG010"
110.10,21.30,0.19,0.18,29,"GG305,GG304,GG314,GG301,G2473,G2476,G7436,G2400,GG308,GG316,G7432,G2404,G7531,GG307,GG306,GG001,GG313,G2470,GG011,G7472,G2479,G7473,59650,GG007,G2462,G7433,G2425,GG012,GG315"
110.10,21.40,0.19,0.18,25,"GG307,GG306,G2473,G7472,GG308,GG305,G7460,G2462,G2404,GG301,GG316,59650,G2479,G7435,G2476,G7438,GG304,GG314,G7471,G7432,G7467,G7532,GG001,G2400,G2474"
110.20,20.30,0.19,0.18,22,"GG108,G2440,G2449,G2441,G7548,59754,G7543,GG110,G7570,G7571,GG103,G7448,G7447,GG111,G7540,G7544,G7441,GG104,G7442,GG102,59759,G2448"
110.20,20.40,0.19,0.18,25,"GG103,G7447,G7441,GG110,G7548,GG104,G2441,G7544,G7440,GG108,GG111,G7443,G2440,GG102,G2449,G7442,G7540,GG206,G2444,GG204,59754,G7543,G7410,G7570,G7571"
110.20,20.50,0.19,0.18,23,"G7443,G7441,G7440,GG206,GG104,GG218,GG101,GG103,G7410,G7544,G2444,G7447,GG204,G2488,GG107,GG110,GG102,G7548,G7442,GG109,G2441,G2486,GG111"
110.20,21.10,0.19,0.18,21,"G7430,GG302,G2426,GG012,GG313,GG010,G7473,59658,GG011,G7531,G2405,G2470,G7415,GG002,G2400,G7423,G7436,G7422,GG314,G2476,GG003"
110.20,21.20,0.19,0.18,28,"GG011,G7531,GG012,GG313,G2400,GG302,G2476,G7430,GG010,GG314,GG001,59658,G2425,GG007,GG304,G7473,G7436,G2470,GG002,GG003,G2426,GG006,G7423,G2421,G2404,G2478,GG305,G2473"
110.20,21.30,0.19,0.18,35,"GG001,G2476,G2400,G2404,GG007,G2473,G2425,G7531,GG011,G2479,G2478,GG314,59650,GG305,GG304,GG307,GG313,G7532,G2421,GG012,G7436,GG006,GG303,GG301,G7435,GG302,GG306,GG010,GG311,G7438,GG003,GG308,59658,G7430,GG316"
110.20,21.40,0.19,0.18,29,"59650,G2479,G2404,G7435,GG307,G7532,G7438,G2473,GG311,GG001,G2478,GG303,GG408,GG306,G7467,G2476,G7472,GG305,GG007,G7460,G2400,G2425,GG414,GG308,G2462,G7437,GG314,GG301,G2421"
110.20,21.50,0.19,0.18,25,"G7467,G7438,G7435,GG408,59650,GG416,G7532,GG307,GG421,G2479,GG311,G7460,G7472,G7469,G7563,G2463,G2404,GG306,GG414,G2473,GG303,G7463,59654,G2462,G2460"
110.20,21.70,0.19,0.18,22,"G2465,GG407,G7463,G7563,G7462,GG421,GG419,GG402,G2463,59654,G7466,GG416,GG401,G7560,G7464,GG410,GG418,G7467,G7469,G7465,G2467,GG409"
110.30,20.40,0.19,0.18,22,"G7544,GG102,G7442,GG110,G7540,GG104,G7441,G2444,GG109,GG103,G2448,G7443,G7548,GG108,G2441,G7447,G2440,G2443,G2449,G7440,GG101,GG107"
110.30,20.50,0.19,0.18,21,"G2444,G7443,GG104,GG101,GG109,GG107,G7441,G7544,GG102,G7442,G2488,G7444,GG218,GG110,GG206,G7440,GG103,G2446,G7540,G2443,G7541"
110.30,21.10,0.19,0.18,25,"59658,GG010,GG002,G7423,G7430,GG012,G2408,G2409,GG302,G7422,GG003,GG011,G2411,G2410,G2426,G7491,59657,G2420,G2422,G7490,GG313,GG006,G2425,G7531,GG007"
110.30,21.20,0.19,0.18,31,"GG003,59658,GG010,GG002,GG011,G7423,GG012,G2425,GG006,GG007,G2421,G7491,G2420,G2411,G2410,G2409,G2408,GG001,G7430,GG302,G7490,G2423,G2400,G7531,G2478,G7521,59657,G2476,GG313,G2412,G2413"
110.30,21.30,0.19,0.18,39,"GG007,G2425,G2478,G2421,GG006,GG001,GG303,G2479,GG011,GG003,G2412,G2413,G7532,59650,G2423,G2404,G7437,G7521,G2400,G2476,G2420,GG311,G7491,G7423,GG012,59658,GG002,GG010,G2428,G2410,G2411,G7531,G7490,G7435,GG414,G2473,G7438,G2409,G2408"
110.30,21.40,0.19,0.18,29,"GG303,G7532,GG311,59650,G2479,G2478,G7435,GG414,G7437,G7438,GG408,G2404,GG001,GG007,G2421,G2428,G2460,G2425,GG006,G2412,G2413,GG005,GG307,G2473,G7467,GG420,G7469,G2476,G7521"
110.30,21.50,0.19,0.18,23,"GG408,G7438,GG311,GG414,G7435,G7469,GG416,G2460,G7532,G7467,GG420,59650,GG303,G2407,G2463,G2479,G7437,G7563,59654,G2478,GG401,G2428,GG421"
110.30,21.60,0.19,0.18,24,"G2463,GG416,59654,G7469,G7563,GG401,G2407,G2465,GK213,GG420,GG408,G7467,G7821,GG421,G2460,G7462,G7438,GG414,G7435,GK218,G7463,GG311,G2554,G7829"
110.30,21.70,0.19,0.18,21,"G7462,GG401,G2465,59654,G2463,G7563,G7560,GK213,G7829,GG419,G7821,GG416,GK218,G7469,G2407,GG407,G7820,GK215,GG421,G2551,G7463"
110.40,21.10,0.19,0.18,26,"G2409,G2408,59657,G2422,G2410,G2411,GG002,G7423,G2415,G2414,G7491,G7490,59658,G2420,G7523,G7522,GG003,GG010,G7422,G2424,G2401,59751,G2423,G7521,GG006,GG012"
110.40,21.20,0.19,0.18,30,"G7491,G2420,G2410,G2411,G7490,G7423,GG003,G2423,G2408,G2409,59657,GG002,G7521,GG006,G2412,G2413,G2421,59658,G2427,GG010,G2425,GG007,G2422,GG011,G2414,G2415,GG012,G2478,G2424,GG001"
110.40,21.30,0.19,0.18,37,"G2413,G2412,G7521,G2423,G2421,GG006,G2428,G2420,G7437,G7491,G2427,G2478,G7490,GG003,G2425,GG007,GG303,G2411,G2410,GG005,G7421,G7423,GG002,GG001,59657,G7457,GG311,GG414,G2408,G2409,G7532,G2479,59658,GG011,59650,GG013,G7458"
110.40,21.40,0.19,0.18,29,"G7437,G2428,GG005,GG414,GG303,GG311,G2460,G2413,G2412,G2478,G7532,G7421,G7456,G2421,GG420,GG408,G7521,G2479,59650,GG006,G2423,G7435,GK211,G7438,GG007,G2427,G2425,G7457,G2407"
110.40,21.50,0.19,0.18,26,"G2460,GG420,GG414,G2407,G2554,G7469,G7456,G7437,GG311,GG408,GG005,G2428,GK211,GG303,GG416,G7532,G7438,G7435,G7821,G7814,59654,G2463,GK213,G2557,GG401,59650"
110.40,21.60,0.19,0.18,26,"G2407,G7821,GG420,GK213,G7469,GG401,G2554,59654,G2460,G2557,G2463,GK218,GK226,G2551,GG416,G7563,G7829,G7814,G7824,GG414,GG408,G7456,G2465,G7462,GK211,GK225"
110.40,21.70,0.19,0.18,28,"GK218,GK213,G7829,G7821,GG401,G2551,GK226,GK215,GK224,G7462,GK225,59654,G2557,G7560,G2407,G7824,G2463,G7820,G7469,G2465,GK214,G7822,G7563,G2554,G2552,GG420,GK212,GG416"
110.40,21.80,0.19,0.18,22,"GK215,G7820,G7829,G7560,G2552,GK214,GK224,GK218,G2461,G7462,GK225,G2551,GK213,GG401,G7821,GK212,G7822,GK226,G7813,GG419,G7828,GK223"
110.50,21.10,0.19,0.18,23,"G2415,G2414,G2424,G7522,G7523,G2422,59657,G2401,59751,G2408,G2409,G2410,G2411,G7490,G7491,G2420,GG004,G7423,GG002,G2427,G7420,G2423,GG003"
110.50,21.20,0.19,0.18,35,"G2427,G7490,59657,G2410,G2411,G2423,G2420,G7521,G7491,G7420,GG004,G2424,G2408,G2409,G2412,G2413,G7458,G7457,G2414,G2415,G2403,G2406,G7423,GG003,G2422,GG013,GG002,G7522,G7523,GG503,GG006,G7421,G2451,G2421,G7459"
110.50,21.30,0.19,0.18,30,"G2427,G7457,G7421,G7521,G2413,G2412,GG013,G7458,G2423,G2451,G2428,GG503,GG005,G7490,G7420,G2420,G7491,G2406,G2403,G7437,G2410,G2411,G2455,GG006,GG004,G2421,G7459,59657,GG003,G7456"
110.50,21.40,0.19,0.18,27,"GG005,G7421,G2428,G7456,G2455,GK211,G2451,G7457,G7437,GG013,GG503,G2412,G2413,G2427,G2460,GG414,G7458,G7521,GG420,G7966,G2423,G2554,GG303,GK222,G7453,GG504,GG311"
110.50,21.50,0.19,0.18,22,"G7456,GK211,G2554,G7814,GG420,GG005,G2460,GK222,G7966,G7815,G2455,G2407,G2428,GK217,G2557,GG414,G7421,G7437,G7453,G7824,GK226,G7821"
110.50,21.60,0.19,0.18,30,"G2554,G2557,G7814,GK226,G7824,G7821,G2551,GK217,G2407,GG420,GK213,G7815,G7831,GK222,GK211,G7966,GK218,GK220,G7456,G7701,G2460,GK225,G7822,GG401,G7829,59655,GK224,G7469,G7823,GK210"
110.50,21.70,0.19,0.18,27,"G2551,GK226,GK225,G7824,G2557,GK218,GK224,G7822,G7821,G7829,GK213,GK212,59655,G7701,GK220,GK215,G7831,GK214,G7816,G2554,G7814,GG401,GK217,G7813,G2552,G2407,G7820"
110.50,21.80,0.19,0.18,28,"GK214,GK224,GK225,GK212,GK215,G2552,G7813,G7822,G7829,G2551,GK218,G7819,59655,G7820,GK226,G7816,GK223,G7824,G7812,G7701,G7560,GK213,G2557,G7821,G7828,GK220,GK209,GK421"
110.50,21.90,0.19,0.18,23,"GK223,G7812,G2552,GK214,GK209,G7828,G7813,G7819,GK202,GK204,GK215,G7820,GK212,G2553,GK224,GK205,GK201,GK402,GK225,G2505,G7822,G2461,GK421"
110.50,22.00,0.19,0.18,25,"GK202,GK209,GK204,G2553,GK201,G7828,GK223,G7827,G7812,GK206,G2505,GK205,G2555,G2550,G2556,G2558,GK219,GK216,G2552,G7819,GK402,GK208,GK214,G7813,G7818"
110.50,22.10,0.19,0.18,25,"G7827,GK219,GK206,GK201,G2558,G2553,G2550,GK204,G2556,GK202,G2505,G2555,G7826,G7818,GK209,GK207,GK208,GK216,GK203,GK205,G7811,G7828,GK223,G7830,G7812"
110.60,21.20,0.19,0.18,23,"GG004,G7420,G2403,G2406,G7458,G7459,G2424,G2427,G7457,GG503,GG013,G2451,59657,G7490,G2415,G2414,G7521,G7421,G2457,G2423,GG504,G7523,G7522"
110.60,21.30,0.19,0.18,26,"G7458,GG503,GG013,G7457,G2451,G7459,G7420,G2403,G2406,G7421,GG504,G2427,G2457,GG004,G2455,G7454,GG005,G7553,G7552,G7521,G2453,G2412,G2413,G2428,G2423,G7453"
110.60,21.40,0.19,0.18,30,"G2455,G2451,GG013,G7421,GG503,GG504,G2457,G7453,G7457,GK211,G7456,G2453,G7458,G2458,GG005,G7454,G7966,G7459,GK222,G7552,G7553,G7815,G2428,G2459,G2427,G7420,G2406,G2403,G7451,G7817"
110.60,21.50,0.19,0.18,30,"G7966,GK222,G7815,GK211,G7453,G2455,G7814,G7456,GK217,G2458,G7817,G7451,G7823,G2554,G2453,G7831,GG005,GK221,GK210,G7421,G2451,GG504,G7454,GK220,G2557,G2457,G2452,G2459,G7824,GG013"
110.60,21.60,0.19,0.18,31,"GK217,G7815,G7831,G7814,GK222,GK220,G7966,G7823,G7824,GK210,G7701,G2557,GK221,G2554,GK226,GK211,G7817,59655,G7451,G2452,G7918,G7453,G7822,G2551,G7456,G7816,G7825,GK225,G2458,G7821,G2455"
110.60,21.70,0.19,0.18,34,"G7701,59655,GK220,G7831,G7822,G7816,G7824,GK212,GK225,GK226,GK210,GK217,G2557,G2551,GK221,GK224,G7869,G7825,G7918,G7814,GK416,G7823,G7813,G7815,GK002,GK218,GK222,G7819,GK214,GK421,G7966,G2554,G7821,G7829"
110.60,21.80,0.19,0.18,29,"GK212,G7813,G7816,G7819,59655,G7822,GK421,GK416,GK225,G7701,GK224,GK214,G7865,GK220,G7869,G7812,GK402,G2552,G7824,G7857,G2528,G7831,GK223,G2551,GK419,GK215,GK226,G7825,GK002"
110.60,21.90,0.19,0.18,31,"G7819,G7812,GK402,G7813,GK223,GK421,G2528,G7865,GK419,GK209,GK212,GK406,GK214,GK401,G2526,GK204,G2553,GK416,GK202,G7816,GK201,G2552,G7828,G2555,G7857,G7822,59655,GK407,GK224,GK216,GK225"
110.60,22.00,0.19,0.18,32,"G2555,G2553,GK201,GK204,G7812,GK216,G2526,GK402,GK209,GK223,G2556,GK202,GK406,G2558,GK208,G7827,G7819,G7818,GK401,G7811,G2528,GK419,G7828,GK219,GK203,GK412,GK206,GK415,GK421,G7813,G7908,G7865"
110.60,22.10,0.19,0.18,29,"G2556,G2558,GK208,G7818,G2555,GK216,G7811,GK203,GK219,GK201,G2553,G7827,GK204,G7867,GK412,G2526,GK206,GK430,GK202,GK209,G2521,GK415,GK405,GK436,GK406,G7812,G2550,G2570,GK223"
110.70,21.30,0.19,0.18,24,"G7459,G2457,GG504,GG503,G2403,G2406,G7552,G7553,G7454,G7458,GG013,G2451,G7420,GG004,G7457,G2453,59656,G2459,G2455,G2458,G7453,G7455,G2450,G7421"
110.70,21.40,0.19,0.18,34,"G7454,G2453,GG504,G2457,G7552,G7553,G2458,G7453,G2459,G2455,59656,G7455,G2451,GG503,G7459,GG507,GG013,G7451,G7817,G7550,G7458,G2450,G7966,GG501,G7457,GK222,GG505,G2454,GG502,GK211,G7421,G7815,G2403,G2406"
110.70,21.50,0.19,0.18,36,"G7451,G7453,G2458,G7817,G2453,G7966,G2459,GK222,G7823,G7815,G2452,G7455,GG507,G7454,G2454,G7553,G7552,G2455,GK221,GK217,GG501,GK210,59656,GG504,G2457,GG502,GK211,G7550,GK806,G7814,GG505,G2513,G7831,G2517,G7918,GK001"
110.70,21.60,0.19,0.18,35,"G7823,GK221,GK210,G2452,G7817,G7451,G7918,GK217,G7831,G7815,G7825,GK220,GK222,G7966,GK001,G2517,G7701,GK002,G7453,G7913,G7814,G2454,G7869,G2458,G7914,G2513,59655,GG507,G7824,G7816,GG501,G2453,G2459,G7455,GK806"
110.70,21.70,0.19,0.18,31,"G7825,G7918,G7869,GK002,GK210,GK221,G7701,GK220,G7816,GK416,G7831,G7913,59655,G7823,GK001,G2452,G7914,GK413,G7912,G2517,GK217,G7822,G7857,GK212,GK421,G7824,G7865,G7817,G7815,G7451,GK225"
110.70,21.80,0.19,0.18,32,"GK416,GK421,G7865,G7857,G7869,G7816,GK413,G2528,GK002,GK419,G7825,59655,G7819,G7912,G7813,GK212,G7918,GK402,G7701,G7913,GK407,GK401,G7822,G7859,GK220,G7860,GK210,G2529,GK406,G7831,GK221,G7914"
110.70,21.90,0.19,0.18,29,"G2528,GK419,GK402,G7865,GK421,GK401,GK406,GK407,G7857,G2526,G7908,G7819,GK416,G2529,G7812,G7860,G7813,G7907,G7861,59653,G7816,GK413,GK415,G7869,GK223,G7859,G2555,GK216,GK212"
110.70,22.00,0.19,0.18,37,"G2526,GK406,GK401,GK402,GK415,G7908,GK216,GK419,G2555,G2528,GK412,G2570,GK436,GK407,GK208,G7861,G2556,G7811,G2529,G7865,G7812,GK201,G2553,GK421,G7818,G7867,G7902,G2558,59653,GK203,G7819,GK204,G7906,G7907,G7857,GK223,G7860"
110.70,22.10,0.19,0.18,29,"GK412,GK208,G7811,G7867,GK216,GK203,GK436,G7818,GK415,G2555,G2570,G2556,G7902,GK405,G2526,G2558,GK430,GK406,G2521,GK429,G7908,GK201,G7868,G2553,GK219,GK401,G7861,GK402,GK433"
110.70,22.20,0.19,0.18,25,"GK430,G2521,G7867,GK429,GK405,GK203,G7811,G7818,GK208,GK412,G7902,GK611,G2556,G2558,GK216,GK436,GK616,G2537,GK433,G7858,G2555,G2570,GK415,GK219,G2530"
110.80,21.40,0.19,0.18,29,"59656,G2459,G7552,G7553,G7455,G7550,G2450,G7454,GG507,G2453,GG505,GG506,GG501,GG502,G2458,G2518,G2457,GG504,G2454,GK806,G7453,G2456,GK811,G7451,G7817,G7921,G2508,G2513,G7459"
110.80,21.50,0.19,0.18,37,"GG507,G2454,GG501,G7455,GG502,GK806,G2459,G7451,GG505,G7550,G2513,G7817,GK811,59656,G2458,G2452,G2518,G2453,G7454,G7553,G7552,G7453,G2450,G2517,GG506,G7823,G2508,GK001,G2456,G7916,GK221,G7915,GK210,G7921,G2457,GG504,G7966"
110.80,21.60,0.19,0.18,38,"G2517,G2452,GK001,G2513,G2454,G7914,G7918,G7817,GK221,G7451,G7913,G7823,G7915,GK806,G7825,GK210,GK002,G2510,GG501,G2509,GG502,GK811,GG507,G7919,G7916,G2507,G2515,G7455,G7869,GG505,G7912,G2459,G2458,G2518,G7550,GK217,G7453,G7831"
110.80,21.70,0.19,0.18,34,"G7913,GK002,G7914,G7825,GK001,G7912,G7918,G2517,G7869,GK413,G2510,G7919,G2509,59659,GK221,G2452,GK210,G2515,G7915,GK416,G7859,G2507,G7857,G7823,G2513,G7863,G7816,G2516,G7916,GK220,G7817,G7865,G7701,G2454"
110.80,21.80,0.19,0.18,32,"GK413,G7857,G7912,G7859,G7869,GK416,G7860,GK002,G7913,G7865,59659,GK407,G7825,GK421,G2529,G7914,G7907,GK419,G2528,G7904,G7918,G7919,G7863,G2510,GK401,59653,GK001,G7864,G7816,G7908,G2517,G2509"
110.80,21.90,0.19,0.18,31,"GK407,G2529,G7860,G7907,G7908,59653,GK401,GK419,G7857,G2528,G7904,G7861,G7865,G7859,G7906,GK406,GK421,GK413,GK402,G2526,GK416,G7912,GK415,G7864,G7862,G2570,GK432,G2571,G7869,GK436,G7909"
110.80,22.00,0.19,0.18,33,"G7861,G7908,GK415,G2570,G7906,GK436,59653,GK401,GK406,GK407,G2529,G2526,G7907,GK432,GK412,GK419,G7868,GK426,G2528,G7860,G7862,G7902,G7904,GK402,GK216,G7909,G7865,G7857,GK420,G7867,G2555,GK405,GK208"
110.80,22.10,0.19,0.18,32,"G7902,GK436,G2570,GK412,GK415,G7868,GK405,GK433,G7867,GK426,G7858,G7861,GK432,GK429,G7908,G2526,G7811,G7906,GK208,G2530,GK430,GK216,G2522,GK406,GK203,GK611,G2521,G7818,59653,GK401,G2555,G7862"
110.80,22.20,0.19,0.18,26,"GK429,GK405,GK611,GK433,G7858,G7902,G2530,GK430,G7867,G2521,GK616,GK412,G2537,G7868,GK436,G2570,GK615,G2561,G7811,GK203,GK415,G2522,GK426,G7903,GK208,G7818"
110.80,22.30,0.19,0.18,22,"GK616,G2537,GK611,GK429,G7754,G2530,G2521,GK617,59456,G2561,G7858,GK405,GK430,G2569,GK433,GK615,G7962,GK601,G7762,G7867,G7902,G7760"
110.90,21.40,0.19,0.18,26,"GG506,G2450,G2456,G2518,G7550,GG505,G7921,59656,G2508,GG502,GG501,G7455,GK811,GG507,GK806,G7736,G7735,G2459,G2549,G7552,G7553,G2454,G7454,G2513,59664,G2453"
110.90,21.50,0.19,0.18,39,"GK811,GK806,G2518,GG502,G2508,GG505,GG501,G2513,G2454,G2456,G7550,GG507,G7916,G2549,59664,G7921,GG506,G7455,G2450,G7915,G7736,G7735,59656,G2459,G7719,G2544,G2517,G2507,G2509,G2452,G7451,G7917,G7737,G7738,GK001,G7817,G2515,G7969,G2510"
110.90,21.60,0.19,0.18,42,"G7915,G7916,G2513,G2509,G2507,G2515,G2510,G2517,G7919,GK811,GK806,GK001,59664,G7917,G7914,G2516,G2454,GG502,G2508,GG501,G7913,G2452,G2549,G2518,GK808,GG505,G7719,59659,GG507,G2544,G7918,G2456,GK002,G7969,G7912,G2506,G7550,G7451,G7825,G7817,G7723,G7455"
110.90,21.70,0.19,0.18,32,"G7919,G2510,G2509,G2515,59659,G2507,G7914,G2516,G7915,G7912,G7913,G7863,G2517,GK001,G7917,GK413,GK423,G7916,GK002,G7859,G2504,GK422,G7825,G2513,G7918,GK808,G7869,G2506,G7864,G2452,59664,GK802"
110.90,21.80,0.19,0.18,34,"G7859,59659,G7863,G7864,G7912,GK413,GK423,G7860,G7904,G2504,G7919,G2510,G7907,GK422,G7914,G7913,G2515,G2529,G7857,G2509,GK414,G2571,59653,G2516,GK425,G2507,GK002,GK427,GK407,G7869,GK417,GK424,G7906,GK001"
110.90,21.90,0.19,0.18,35,"G7904,G7907,G7860,59653,G7864,G2529,G7906,G2571,G7859,G7862,G7909,G7861,GK407,GK420,GK427,G7908,G7863,GK414,GK432,GK413,G7857,G2504,GK400,59659,GK401,GK423,G2527,G7900,G7912,GK425,GK419,GK417,GK426,GK422,G2528"
110.90,22.00,0.19,0.18,31,"G7906,GK432,G7862,G7861,59653,GK426,G7909,GK420,G7907,G7904,G7868,G2529,G2571,G7908,G2524,G2570,G7860,GK415,GK436,GK407,G2522,G7900,G7864,GK408,GK434,GK401,G7902,GK427,GK400,GK406,GK412"
110.90,22.10,0.19,0.18,31,"G7868,GK426,G2522,GK432,GK433,G7858,G7902,G2570,GK404,GK436,G2524,G7862,GK408,G2530,G7906,G7861,G7903,GK420,GK415,GK615,GK431,GK434,GK405,G7909,GK412,59653,G2561,GK611,G7908,G2520,GK429"
110.90,22.20,0.19,0.18,26,"G2530,G7858,GK433,GK615,G7903,G2561,G2522,GK611,GK404,GK431,G7868,G7962,G7902,GK616,GK426,GK429,GK405,G7762,G7852,59456,G2569,GK408,G2537,GK432,GK436,G2570"
110.90,22.30,0.19,0.18,27,"G2561,59456,G2569,G7962,G7762,GK616,G2530,GK615,GK611,G2537,G2539,GK601,G7858,G7903,GK609,GK433,GK612,GK619,G2538,GK431,GK429,GK621,G7852,G7754,G7761,GK404,G2522"
110.90,22.40,0.19,0.18,26,"GK601,G2538,GK612,59456,G2569,G7761,GK619,G2539,GK609,G7762,G7968,G7962,G2537,G7759,GK616,G7760,G2561,GK618,G7754,G2533,GK617,GK611,G2534,GK615,G7763,G2530"
111.00,21.40,0.19,0.18,26,"G7921,G7735,G7736,G2456,GG506,G2508,G2549,G2518,G7738,G7737,G2450,GK003,GG505,G2544,G7721,G7550,59664,GK811,G7719,G7712,GG502,GK806,G7731,G7732,GG501,59656"
111.00,21.50,0.19,0.18,39,"G2549,59664,G2508,G7736,G7735,G2544,G7719,G7738,G7737,G2456,G7921,G7712,GK811,G7969,G2518,G7916,GK003,GK806,GG505,G7721,GG502,G7917,G7723,GG506,G2513,GK808,G7915,GG501,G7550,G7731,G7732,G2454,G2507,G2545,G2506,G2450,G2516,G7715,G2515"
111.00,21.60,0.19,0.18,42,"G7917,59664,GK808,G7916,G7719,G2516,G7969,G2507,G7723,G7915,G2506,G2544,G2515,G2549,G2509,G7712,G7720,G7715,G2508,G2510,GK807,G7919,G7737,G7738,GK811,G2513,G7736,G7735,GK806,GK802,GK003,G2518,G2545,G7713,G2456,G2517,59659,G7914,GK423,GG502,G7921,G2454"
111.00,21.70,0.19,0.18,36,"G2516,G7917,G2515,GK423,G2507,G2506,GK808,GK422,GK802,G7863,G2509,G2504,59659,G7919,G2510,G7713,G7915,G7720,G7723,GK807,G7916,GK425,G7715,GK424,G7969,G7914,59664,G7719,GK804,G7864,G2541,GK414,G7912,GK417,G7859,G2544"
111.00,21.80,0.19,0.18,37,"G2504,GK423,GK422,G7863,GK425,G7864,GK414,GK424,GK417,59659,GK427,GK802,GK804,G2571,G7713,G2527,GK400,G7859,G2516,G7904,G2515,G7919,G2546,GK803,G2510,G2506,G2507,G2509,G7917,G7860,G7912,G7909,GK808,G7866,G7907,GK413,G7900"
111.00,21.90,0.19,0.18,35,"G2571,GK427,GK414,G7864,GK400,G2527,G7909,GK417,G7900,GK425,G7904,GK420,G7862,G7853,G2504,GK424,GK422,G7863,GK423,G7907,G7906,59653,GK409,GK804,G7860,G7859,G2524,G7866,G2546,GK432,G2529,59659,G7861,G7851,GK803"
111.00,22.00,0.19,0.18,32,"GK420,G7909,G2524,G7900,G7862,G2571,GK432,GK434,GK409,G7853,GK400,GK408,G7851,GK426,G2527,GK427,G7906,G2520,G2522,G7904,G7910,GK414,59653,G7864,G7868,G7861,GK417,G7907,GK404,G2572,G2529,GK425"
111.00,22.10,0.19,0.18,30,"GK408,G2522,G2524,GK434,GK404,G2520,GK426,GK431,GK432,G2572,GK420,G7903,G7851,G7868,G7852,G7862,GK409,G7909,G2523,G7900,GK615,G7910,GK433,GK435,G7858,G2530,G7853,G7906,G7905,G2571"
111.00,22.20,0.19,0.18,33,"GK431,G7903,GK404,G7852,GK615,G2522,G2561,GK408,G7962,G2530,GK621,G2523,G7762,G2572,G7858,GK433,GK434,G2520,G2532,G2524,G2573,GK428,G7868,GK426,G2569,GK435,59456,G2539,GK609,GK611,G7905,G2563,G7763"
111.00,22.30,0.19,0.18,31,"G7762,G7962,G2539,GK621,G2561,GK609,G2569,59456,GK615,G7903,G7852,G2532,G7763,GK619,GK431,GK608,GK601,GK612,G2530,GK404,G2538,G2563,G2523,G7858,G2573,G2564,GK616,GK433,GK611,G2522,GK604"
111.00,22.40,0.19,0.18,24,"GK619,GK609,G2539,GK612,G2538,GK601,G2569,59456,G7763,G7762,G2534,G7968,G7962,GK604,GK608,G7761,G2562,GK621,G2532,G2561,G7759,G7961,G7764,GK615"
111.00,22.50,0.20,0.18,25,"G7968,G2534,G7764,G2538,GK612,G7761,GK604,G7759,GK619,G7758,G2562,GK601,GK609,G2539,GK605,G7765,GK618,G7763,G2569,GK614,59456,GK608,G2531,G2533,GK602"
111.10,21.40,0.19,0.18,25,"G7721,GK003,G7735,G7736,G7737,G7738,G7732,G7731,G7712,G7921,G2549,G2544,G2542,G2548,G2456,G7719,G7722,G2545,G7730,G7729,G2508,G7733,G7734,G7969,59664"
111.10,21.50,0.19,0.18,34,"G7737,G7738,G7712,GK003,G7721,G2544,G7719,G7732,G7731,G7969,G2545,G7736,G7735,G2549,G7723,G7722,59664,G2548,G2542,G7729,G7730,G7715,G7716,G2508,GK808,G7921,G7720,G2506,G2456,GK807,G7917,G7916,G7733,G7734"
111.10,21.60,0.19,0.18,36,"G7723,G7715,G7969,G7720,GK808,GK807,G2506,G7719,G7712,G2544,G2545,G7917,G7738,G7737,59664,G2541,GK003,G2516,G7713,G2549,G7721,GK802,G7722,G7716,G7731,G7732,G7916,G7730,G7729,G2507,G2515,G7736,G7735,G2548,G2542,G7915"
111.10,21.70,0.19,0.18,30,"G7713,GK802,GK807,G2506,G7720,G2541,G7715,GK808,G7723,GK422,G7917,G2516,GK424,GK804,GK423,GK803,G2504,G7969,GK425,G2501,G2546,G7863,G2515,G2507,GK417,G7719,G2545,GK414,G2544,G7712"
111.10,21.80,0.19,0.18,34,"GK424,GK804,GK425,GK803,G2546,GK802,GK417,GK422,G7713,G2504,GK414,GK423,G7866,GK427,G2501,G2527,GK400,G2541,GK403,G7863,G7711,G7864,GK805,GK807,G2506,G7714,G7720,G7853,G2571,G7967,G2516,GK808,G7715,G7900"
111.10,21.90,0.19,0.18,36,"G2527,GK400,GK417,G7853,GK427,G7866,GK414,G2546,GK425,G7900,GK424,GK804,GK403,GK409,G2571,GK803,G7714,G7909,GK422,G2504,G7864,G7967,G7910,GK420,GK805,G7851,G7726,GK423,G7711,G2501,GK802,GK418,G7713,G2524,G7862,G7863"
111.10,22.00,0.19,0.18,30,"GK409,G7853,G7851,G7900,G7910,GK434,G2524,GK400,G2520,G2527,GK420,G7909,GK408,GK427,G2571,G7866,GK403,GK435,GK417,G2572,GK418,GK414,G7862,G7854,G2525,G7714,G7905,G2546,GK425,G7967"
111.10,22.10,0.19,0.18,27,"G2520,G2572,GK434,G7851,GK435,GK408,G7910,G2523,G2524,G7905,GK409,GK404,GK428,GK431,G7852,G2525,G2573,G2522,G7900,G7853,GK420,G7856,G7903,G7854,GK410,G2574,G7909"
111.10,22.20,0.19,0.18,38,"G2523,G7852,G2572,G2573,GK428,GK431,GK435,GK621,G7905,GK404,G2532,G2574,G2520,G2563,G7903,G2565,G2564,GK408,G2575,GK434,G7856,G2576,G2566,G2567,G2568,GK615,G2522,G7851,G7962,G7762,G7763,GK608,GK607,G2524,G2561,G7910,G2525,GK410"
111.10,22.30,0.19,0.18,40,"G2532,GK621,G7763,GK608,G2563,G2564,G2565,G7852,G2573,G2566,G2567,G2568,G7961,GK607,G7762,G2574,GK609,G2523,G2539,GK428,G2576,G7962,G2575,GK431,G7903,GK619,G2572,GK604,G2560,GK615,G2561,G2569,GK404,G7905,59456,G7757,GK612,G2562,G7856,GK435"
111.10,22.40,0.19,0.18,34,"GK608,G7763,GK604,G2562,G7961,G2534,GK609,G2532,GK619,G2539,GK621,GK603,GK607,G2563,GK612,GK602,G2564,G2560,G2566,G7762,G2567,G2538,G2568,GK601,G2565,G7755,G7968,G7962,G2569,G7765,59456,G2576,GK614,G2575"
111.10,22.50,0.20,0.18,23,"G2562,GK604,G2534,G7765,GK614,GK602,GK603,G7758,G7968,G7755,G2531,G7764,GK608,G7763,GK619,G7961,G3078,G7769,GK612,GK609,G2538,G2539,GK601"
111.20,21.50,0.19,0.18,30,"G7722,G7730,G7729,G2548,G2542,G7731,G7732,G7716,G2545,G7721,GK003,G7734,G7733,G7712,G7737,G7738,G2543,59665,G7969,G2544,G7715,G7718,G7719,G7723,G7720,G7717,GK807,G7920,G7735,G7736"
111.20,21.60,0.19,0.18,32,"G2545,G7716,G7715,G7722,G7720,GK807,G2541,G7723,G7730,G7729,G7969,G2548,G7712,G2542,G7717,G7731,G7732,G2506,GK808,G7718,G7721,GK003,G2544,G7719,G7713,G7725,G7737,G7738,G2540,GK802,G7733,G7734"
111.20,21.70,0.19,0.18,25,"G2541,GK807,G2501,G7713,G7720,G7715,GK803,GK802,G7727,G2506,GK804,G7711,G7723,G7725,G2546,GK808,GK424,GK805,G2545,G7717,G7716,GK809,G2547,G7969,GK422"
111.20,21.80,0.19,0.18,29,"G2501,GK803,G7711,G2546,GK805,GK804,G7866,G7714,GK403,G7967,G2541,GK424,G7713,G7726,GK802,G7727,GK417,GK425,G7724,GK422,GK810,GK807,G2527,GK414,G7720,GK400,G2504,GK427,G2547"
111.20,21.90,0.19,0.18,28,"GK403,G7714,G7866,G7967,G7726,GK805,G2546,G7711,GK418,GK803,GK804,G7853,G2501,G2527,GK417,GK400,GK424,GK409,G7910,G7854,GK425,GK427,G7900,GK414,G7354,G7724,GQ016,G7851"
111.20,22.00,0.19,0.18,27,"GK418,G7910,G7854,GK409,G2525,G7851,GK403,G7853,G7714,G7726,G7967,G7866,GK435,G2520,G7900,G2527,G7905,GK410,GK805,GK400,GK434,G2572,G2546,G7354,G2350,G2524,G7711"
111.20,22.10,0.19,0.18,28,"G2525,GK435,G7905,GK410,G7854,G7910,G7856,G2572,G2520,G7851,GK428,G2523,G2573,GK409,GK418,GK434,G2574,G2350,G2503,GK411,GK408,G2575,G7855,G7853,G2576,G2565,G2524,G7852"
111.20,22.20,0.19,0.18,35,"GK428,G2574,G2573,G7856,G7905,G2575,G2565,G2576,G2523,GK435,G2564,G2568,G2563,G2567,G7855,G2566,GK410,G2572,G2503,G2525,GK411,G7901,GK607,G2532,G7852,GK621,G2520,G7757,G7854,G7322,GK431,G7910,G7851,G2350,G7961"
111.20,22.30,0.19,0.18,31,"G2566,G2567,G2568,G2564,G2565,GK607,G2563,G2576,G2575,G2574,G7961,G7757,G2532,G2573,G2560,G7855,GK608,GK428,GK620,G7901,G7763,GK621,G7856,G2523,G2503,G7905,G7852,GK411,GK435,GK603,G2572"
111.20,22.40,0.19,0.18,32,"G7961,G2560,GK607,GK603,G7755,GK608,G7757,GK620,G2566,G2567,GK602,G2562,G2568,G7763,GK604,G2563,G2564,GK610,G2565,G2532,G2576,G7960,G2575,G2534,G2574,G7769,G7765,GK614,GK621,G2536,G7901,G7855"
111.20,22.50,0.20,0.18,26,"GK602,GK603,G7755,GK614,G7765,G7769,G2562,GK604,GK610,G7961,G7960,G3094,G2560,G2534,G3078,G3095,G2536,G3055,G3058,G2531,GK608,GW615,GK620,GK607,G7758,G7763"
111.20,22.60,0.20,0.18,26,"GK614,G3078,G7765,G7769,G3055,G9243,G2531,GK602,G3047,G3058,GK603,G3095,G3097,G7755,GW610,GW611,G2562,G3094,G7758,G3046,GW615,G3079,GK604,GW608,G7960,G2534"
111.30,21.50,0.19,0.18,27,"G2543,59665,G7730,G7729,G2548,G2542,G7734,G7733,G7718,G7716,G7722,G7920,G2540,G7922,G7717,G7732,G7731,G2545,G7739,G7740,GQ030,G2369,G7721,G2335,G2332,GK801,GK003"
111.30,21.60,0.19,0.18,37,"G7717,G7718,G2540,G7725,G7716,GK809,GK801,G7722,G7730,G7729,G2335,GQ030,G7920,G2545,GQ024,G2548,G2542,G7727,G2543,G2541,59665,G2547,G7922,G7739,G7740,G7132,G7715,G2336,G7733,G7734,G2369,G2332,GK807,G7133,G7720,G7732,G7731"
111.30,21.70,0.19,0.18,30,"G7727,G7725,GK809,G2547,G7717,GQ025,G2501,G2541,GK801,GQ024,GK810,G2336,G7711,G2540,G7724,G2370,G2335,G7718,GK805,GQ030,GK803,GK807,G7132,G7133,G7716,G7715,G7720,G7349,G7350,G7713"
111.30,21.80,0.19,0.18,29,"G7711,G7727,GK810,G7724,GK805,G2501,GQ025,G2547,G7967,G7726,GQ016,G7714,G2370,GK803,G7350,G7349,G7725,GK403,G2546,GK809,G7354,G7866,G2541,GK804,G2336,G7314,G7315,G2340,GQ024"
111.30,21.90,0.19,0.18,22,"G7726,G7967,G7714,GK805,G7354,GQ016,G7711,G7724,GK418,GK403,GK810,G2340,G7866,G2501,G7854,G7349,G7350,G2546,G7727,GK803,G2370,GQ025"
111.30,22.10,0.19,0.18,24,"GK410,G2350,G2525,G7854,GK411,G7856,G2503,G7322,G7356,G7905,GQ057,GK418,GK435,GQ049,G7855,G2364,GK428,G7910,G2574,G7901,G2573,G2575,G7355,G7354"
111.30,22.20,0.19,0.18,31,"G2503,GK411,G7855,G7856,G7901,GK410,G7322,G2575,G2574,G2576,G2350,G7905,G2568,G2565,GK428,G7768,G2567,G2525,G2573,G2566,G7757,G2564,G7356,G2364,G2563,GK607,GK435,GK620,G7854,G2523,GQ057"
111.30,22.30,0.19,0.18,32,"G7757,G7901,G7855,GK620,G2576,G2568,G2575,GK607,G2567,G2566,G2560,G7768,G2503,G2565,G2574,G2564,GK411,G2563,GK613,G2535,G7856,G7961,G2573,G7322,GK610,GK428,G7766,GK410,GQ043,G7960,GQ044,G2532"
111.30,22.40,0.19,0.18,30,"GK620,G2560,GK610,G7757,G7960,G7755,G2536,GK607,G7961,G2535,GK603,GK613,G7901,G2568,G2567,G2566,G3094,G3057,G7766,G2576,GK602,G7768,G7855,G2575,G2564,GW615,G7769,G2565,G2563,GQ043"
111.30,22.50,0.20,0.18,26,"G7960,G3094,GK610,G7755,G2536,G7769,GW615,G3095,GK603,GK602,G3058,G2560,G3043,G3055,GK614,G3057,GK620,G7765,GW607,G7961,G2535,G7757,GW608,G2562,GW605,G3056"
111.30,22.60,0.20,0.18,30,"G3058,G3095,G3055,G7769,G3094,GW615,GW608,G3046,G3079,G3048,GK614,GK602,G7960,G7755,G9240,G3043,G3056,G2536,G3078,G3047,GK610,G9243,G7765,GW607,GK603,GW609,GW605,GW611,GW621,G2531"
111.30,22.70,0.20,0.18,24,"G3046,G3079,G9240,G3055,G3058,GW608,G3047,GW609,G3095,GW611,G9243,G3048,G3097,G3078,GW603,G3044,GW610,G7769,G3092,GW621,G3056,GW615,GW617,G3094"
111.40,21.50,0.19,0.18,31,"G7920,G7922,G7740,G7739,G2369,G7718,G2332,G2540,GQ030,59665,G2543,G2335,G7717,G7734,G7733,G7332,G7132,GK801,G7334,G7333,GQ026,G7730,G7729,G2548,G2542,G7716,GQ029,G7133,GQ024,G7722,GK809"
111.40,21.60,0.19,0.18,31,"G2335,GQ030,G2540,GK801,G7717,G7132,G7718,GQ024,GK809,G7740,G7739,G7920,G7133,G7725,G2332,G2369,G2336,G7922,G7332,G2547,GQ026,GQ029,GQ027,G7333,G7334,GQ025,G7727,G7716,G2543,59665,G2337"
111.40,21.70,0.19,0.18,28,"GK809,G2336,G2547,GQ024,G7725,GQ025,GK801,G7727,G7133,G2370,G7132,G2335,G7717,GK810,GQ030,G2540,G7350,G7349,G7724,G7315,G7314,G7718,GQ053,GQ027,G7332,G7739,G7740,G2332"
111.40,21.80,0.19,0.18,29,"G2370,GK810,GQ025,G7350,G7349,G7724,G2547,GQ016,G7314,G7315,G7727,G2336,GK809,GQ053,G7725,GQ024,G7354,G7711,G2340,GQ022,GK805,G7726,GK801,G7967,G7133,G2501,G2366,G2333,G7714"
111.40,21.90,0.19,0.18,25,"GQ016,G2340,G7354,G7724,G7349,G7350,GK810,G7314,G7315,G2370,G7726,G7967,GQ025,G2366,GQ049,GK805,GQ022,GK418,G7714,G7711,GQ053,G2547,G7727,GQ054,GQ057"
111.40,22.00,0.19,0.18,22,"GQ049,G2340,G7354,GQ057,G2350,G2346,G7356,G7355,GQ016,GK418,G7854,G7726,G7724,G7322,G2525,GK410,G2364,G2366,G7967,GQ015,G7349,G7350"
111.40,22.20,0.19,0.18,24,"G7322,G2364,GK411,G2503,G7768,G7356,G7901,G7855,G2350,GQ044,GQ057,GK410,G7355,G7856,GK613,G2363,GQ043,GQ049,G2346,G7757,G2535,G2575,G2576,G7352"
111.40,22.30,0.19,0.18,25,"G7768,GK613,G2535,GQ043,G7901,GQ044,G2363,G7766,GK620,G7757,G7855,GK411,G2503,G7322,G2364,G3057,G2560,G2576,G2575,GK610,G2568,GK607,G2567,G2536,G2566"
111.40,22.40,0.19,0.18,23,"G2535,G7766,GK613,G3057,G2536,GK610,G7960,GQ043,GK620,G7768,G2363,G7757,G2560,G3094,GQ044,GW615,G3043,G7901,G3075,GW607,G7755,G2502,GW605"
111.40,22.50,0.20,0.18,24,"G2536,GW615,G3043,G3057,G3094,G7960,GW607,GK610,G3075,GW605,G3095,G3056,G7766,G2535,G3058,G3048,G7769,G7755,GK613,GW608,G7963,G2502,GK620,G3055"
111.40,22.60,0.20,0.18,29,"G3048,G3056,GW608,GW615,G3095,G3043,GW607,G3058,GW605,G3094,GW621,G3075,G3055,GW609,G3079,G9240,G2536,G7963,G3092,G3046,G7769,GW616,G7960,G3054,G3051,G3057,GK610,G3052,G3090"
111.40,22.70,0.20,0.18,32,"GW609,G9240,GW608,G3079,G3092,G3048,GW621,G3046,G3056,G3052,G3058,G3044,G3054,GW617,G3095,G3055,GW602,GW601,GW603,GW607,GW616,GW615,G3043,GW605,G9242,G3059,G3091,G3051,G7963,G3053,G3094,G3090"
111.40,22.80,0.20,0.18,22,"G3044,GW617,GW603,GW609,G9240,G3092,GW604,G3079,G3046,G3052,G9242,GW621,GW608,G3053,G3091,G3059,GW601,G3048,G3034,GW602,G3054,G9462"
111.40,23.20,0.20,0.18,25,"G3085,G9463,G3036,GW404,G3030,GW402,GW405,GW401,GW406,G3035,GW403,G3080,G8115,G2631,G9461,G9460,G8173,G9467,G3038,G3037,59268,GW413,GH302,G8103,G8137"
111.40,23.30,0.20,0.18,25,"GW403,G8115,G3036,GW402,G2631,GW404,GW401,G3085,G9460,G3080,G8137,GW406,G8112,G9461,59268,59264,G9463,G8126,G8173,G3030,G2630,G8127,G8103,G8113,GH302"
111.50,21.50,0.19,0.18,27,"G2369,G2332,G7333,G7334,G7739,G7740,GQ026,G7332,G7922,GQ029,G7920,GQ030,59669,G7131,G2335,G7132,G2337,GQ027,G2540,G7336,G7335,GQ028,G7133,G7718,GK801,59665,G2543"
111.50,21.60,0.19,0.18,31,"G7332,G7132,G7133,GQ027,GQ029,GQ026,GQ030,G2335,G2332,G7333,G7334,G7739,G7740,G2337,G2369,GK801,GQ024,G2336,GQ028,G2540,G7922,G7920,GK809,G7717,G7718,G7131,59669,G7336,G7335,G7725,G2547"
111.50,21.70,0.19,0.18,36,"G7133,G2336,GQ024,G7132,GQ027,GK801,GQ053,G2368,G2370,GK809,G2335,G2547,GQ025,G2331,G7315,G7314,GQ030,G7332,G2337,G7350,G7349,G7725,GQ029,G2333,GQ022,GQ028,GQ026,GK810,G2540,G2332,G7727,G7717,G7740,G7739,G7334,G7333"
111.50,21.80,0.19,0.18,24,"G7315,G7314,GQ053,G7349,G7350,G2370,GQ022,G2333,G2368,GQ054,G2366,GQ025,G2331,G2336,GK810,G2547,G7724,GQ016,GQ024,G7133,GQ014,G2340,GK809,G7727"
111.50,21.90,0.19,0.18,25,"G2366,G7315,G7314,GQ022,GQ054,G2340,G7350,G7349,G2333,GQ053,GQ016,G7354,G2370,GQ015,G7724,GK810,GQ049,GQ047,G2368,G2346,G2352,GQ014,G2343,GQ025,G2331"
111.50,22.00,0.19,0.18,21,"G2346,GQ049,GQ015,G7355,GQ057,G2340,G2352,G2366,G7356,G7354,GQ047,GQ054,G2343,GQ022,G2350,GQ016,G7314,G7315,G2364,GQ038,GQ036"
111.50,22.20,0.19,0.18,22,"G2364,GQ044,G7352,G7144,GQ060,G2348,G7322,G7355,G7356,G2363,G7768,GQ035,GQ043,GQ057,G2346,GQ045,GK411,GQ049,GK613,G2350,G2503,GQ059"
111.50,22.50,0.20,0.18,28,"G3075,GW605,GW607,G3043,G2502,G3057,G7963,G3056,G7766,G2536,G7756,GW615,G3077,GW616,G3051,G3042,G2535,G3094,G3090,G3048,GW606,G7960,GQ043,GK613,GK610,G3095,GW621,G2363"
111.50,22.60,0.20,0.18,32,"G7963,GW605,G3056,GW616,GW607,G3051,G3075,G3048,G3043,GW621,G3090,G3054,G3042,GW620,GW608,GW602,G3052,G3092,GW601,GW615,GW606,G3077,GW609,59462,G2502,G3095,G3040,G3057,G3094,G3058,G3059,G2536"
111.50,22.70,0.20,0.18,37,"G3052,G3054,GW621,G3092,GW602,GW601,GW609,GW616,G3048,G3059,59462,G3091,G3040,G3051,G3090,G3056,G9242,G3053,G7963,GW608,GW620,G3098,G9240,GW617,GW605,G3079,G3042,GW607,G3044,G3076,GW600,G3083,G3043,G3046,G3075,GW606,G3096"
111.50,22.80,0.20,0.18,29,"G9242,G3053,G3091,GW617,G3059,G3052,G3092,GW601,G3098,G3044,GW602,G3089,G3034,GW609,G3040,G3054,G3083,GW621,GW600,59462,GW604,GW603,GW411,G9240,GW614,G3079,G3096,G3048,GW616"
111.50,22.90,0.20,0.18,22,"G3034,G3089,GW604,G3081,GW617,G9462,G3082,G9242,G3044,G3053,GW412,GW411,G3091,G3083,G3059,GW603,G3098,G3087,GW600,G3052,GW614,G3092"
111.50,23.10,0.20,0.18,25,"G3037,G3038,G3030,G9467,GW405,G3035,G9463,GW413,G3033,GW406,G3081,G3085,G8173,GW404,G3080,GW401,G3082,G9461,G9462,GW415,G9460,GH302,59268,GW402,G3036"
111.50,23.20,0.20,0.18,29,"GW406,G3080,G8173,GW401,GW404,G9461,G3030,G9467,G9460,GW413,G3038,G3085,59268,GW402,G9463,GH302,G3036,G8103,G3037,G2631,GW405,G3033,G3035,G8137,GW403,G8115,GW415,G8126,G8152"
111.50,23.30,0.20,0.18,33,"G2631,G8137,G9460,GW402,59268,GW401,G8115,G9461,G8126,G3080,GW403,G8103,GW404,G8173,G3036,GW406,GH302,59264,G8112,G8114,G3085,G8136,G2630,G8101,GW413,G8113,GH306,G3030,G9467,G9463,G3038,G8119,G8124"
111.50,23.40,0.20,0.18,30,"59264,G8112,G2630,G8113,G8119,G8126,G8124,G8137,G8115,G2631,G8114,GH306,G8127,G8125,G8101,GH301,GW403,G8122,G8136,GW402,59268,G9460,G8103,GW401,G9461,G8102,G3036,G3080,GH303,GH302"
111.60,21.60,0.19,0.18,25,"G2337,GQ028,GQ027,GQ029,GQ026,G7332,G7335,G7336,G7333,G7334,G7131,59669,G7133,G7132,G2332,G2369,G2334,G2331,G7740,G7739,GQ030,G2335,G2368,GQ024,G2336"
111.60,21.70,0.19,0.18,28,"G2331,G2368,GQ027,G2337,GQ021,GQ028,GQ053,G7133,G2333,GQ029,GQ014,G2336,G2334,G7132,G7332,GQ022,G2330,GQ026,GQ054,GQ024,G7314,G7315,G7190,G7335,G7336,G2311,G7333,G7334"
111.60,21.90,0.19,0.18,23,"GQ054,G2366,G2333,GQ022,GQ047,G2343,GQ014,GQ015,GQ053,G7314,G7315,GQ038,G2368,GQ013,G2352,G7331,GQ036,GQ046,G2331,G7349,G7350,GQ021,G2340"
111.60,22.10,0.19,0.18,26,"G7144,GQ059,G2352,G7352,G2351,GQ060,GQ045,G2346,G7355,GQ035,GQ015,GQ058,GQ036,GQ038,GQ046,G2306,GQ047,G2364,G2343,GQ057,G2348,G7351,GQ049,G7356,GQ041,59469"
111.60,22.20,0.19,0.18,21,"GQ060,G7352,G7144,GQ035,GQ045,G2348,G2351,GQ059,GQ037,GQ044,G7351,GQ041,G2364,G7355,G2363,GQ058,G2352,G2346,GQ043,G7353,59469"
111.60,22.50,0.20,0.18,21,"G2502,G7756,G3077,GW606,G3042,G3075,G7963,GQ032,GQ048,GW605,G3051,G3090,GW616,GW607,GW620,G3045,G3043,G3057,GW619,G3056,G7766"
111.60,22.60,0.20,0.18,31,"G3042,G3090,G3051,GW606,GW620,GW616,G7963,G3077,G3045,G3054,59462,GW619,GW605,G3075,GW602,G3076,GW601,G3040,G2502,G3056,GW607,GW621,G3052,G7756,G3043,G3048,GQ048,G3059,G3091,G3092,G3096"
111.60,22.70,0.20,0.18,39,"59462,G3040,GW602,GW601,GW620,G3076,G3054,G3090,G3059,G3091,G3052,G3051,GW616,G3098,G3053,GW600,G3096,G3042,G9242,G3083,G3045,G7963,GW621,GW606,GW614,G3092,GW619,GW612,G3041,G3077,GW409,GW100,G3056,G3099,G3048,GW411,GW609,G3089,GW605"
111.60,22.80,0.20,0.18,38,"G3098,G3083,G3053,GW600,G3091,G3059,G9242,GW614,G3040,GW411,G3089,G3096,GW601,59462,GW602,GW409,G3052,G3076,GW100,GW612,G3034,G3086,G3054,GW412,G3092,G3041,GW620,GW617,G3099,G3090,GW101,GW621,G3026,G3031,GW407,GW616,G3051,G3082"
111.60,22.90,0.20,0.18,27,"G3089,GW412,GW411,G3034,G3082,G3083,G3087,GW614,G3086,G3098,G3031,GW600,G9242,G3053,GW407,GW409,G3091,G3059,G3081,G3084,GW100,G3096,GW414,G3040,GW612,GW604,GW617"
111.60,23.10,0.20,0.18,32,"G3033,G3038,GW415,G9467,GW413,G3037,G8168,GW414,G8152,G3082,G8173,G3030,G3087,GW406,GH302,G3080,G2640,G3081,G9461,G8174,GW405,GW410,G9460,59268,G8160,G8103,G9463,G3035,GW412,G8148,GW401,G8162"
111.60,23.20,0.20,0.18,34,"GW413,GH302,G8173,GW415,G8103,G9467,G9461,G3033,59268,G3080,G8152,G3038,G9460,GW406,G8174,G8168,GW401,G3030,G3037,G8137,GW404,GW402,G2640,G8136,G8126,G2631,G8183,G8162,G3085,G9463,G8148,G8114,G8160,G8101"
111.60,23.30,0.20,0.18,37,"G8103,G8136,G8137,GH302,G8126,59268,G8114,G9460,G8101,G9461,G8173,G3080,GH306,G2631,G8174,GW401,59264,GW413,G8152,GW406,G8183,GW402,G8105,G8115,G8112,GW404,G9467,GW415,G8168,G2630,G2641,G8135,G8113,GW403,G3038,G3033,G3036"
111.60,23.40,0.20,0.18,35,"GH306,G8101,G8114,G8136,G8126,59264,G8137,G2630,G8105,G8113,G8135,G8112,GH303,G8119,G8102,G8124,G8125,G8122,G8141,G8103,G2631,59268,G8140,G8139,GH302,G9460,G2641,GH301,G2633,G8115,G9461,G8128,GH300,G8183,G2632"
111.60,23.50,0.20,0.18,30,"G8102,G8122,GH303,G8125,G2632,GH306,G8141,G8119,G8124,G8113,G8128,G2630,G8135,G8140,GH301,G8101,G8139,G2633,G8114,59264,G8112,G8105,GH300,G8130,G8136,G8129,G8126,G8107,G8127,G8118"
111.70,21.60,0.19,0.18,21,"G2334,GQ028,G7336,G7335,G2337,G7131,59669,GQ027,G2304,GQ029,G7190,G2311,G2314,GQ021,GQ026,G7334,G7333,G7332,GQ001,G2331,G2330"
111.70,21.70,0.19,0.18,22,"GQ021,G2334,G7190,G2311,G2330,G2331,G2314,GQ023,G2368,GQ001,GQ014,GQ028,G2337,G7331,GQ027,GQ003,G2309,G2333,G7336,G7335,GQ004,GQ013"
111.70,21.80,0.19,0.18,22,"GQ021,GQ014,G2330,G7331,GQ023,GQ013,G2331,G2368,G2333,G7190,G2311,GQ054,G2314,GQ022,G2308,GQ001,GQ053,G2334,GQ003,GQ047,G2343,G2366"
111.70,21.90,0.19,0.18,25,"GQ013,G7331,G2343,GQ047,GQ014,GQ046,GQ038,G2317,GQ040,GQ054,GQ036,GQ023,G2333,G2308,G2330,G2366,GQ015,GQ021,GQ022,GQ011,G2306,G2331,GQ050,G2368,G2352"
111.70,22.00,0.19,0.18,24,"GQ046,GQ038,GQ036,G2343,GQ047,G2306,GQ058,GQ050,GQ040,GQ015,G2352,G2317,GQ011,GQ059,G2351,GQ013,G2367,G7331,59469,G2366,GQ054,G7141,G2308,GQ014"
111.70,22.10,0.19,0.18,28,"GQ058,G2351,GQ059,G2306,59469,GQ036,GQ045,G7351,GQ038,GQ046,G7141,G7353,GQ050,GQ035,G7144,G2352,GQ041,G2367,GQ060,G7352,G2343,GQ037,GQ015,GQ047,GQ011,GQ017,GQ040,G2317"
111.70,22.20,0.19,0.18,21,"G7351,GQ041,GQ045,GQ037,GQ035,G2351,GQ060,G7353,59469,GQ059,G7144,G7352,G7141,G2348,GQ058,GQ017,GQ031,G2362,G2306,G2344,G2367"
111.70,22.30,0.19,0.18,21,"G2362,GQ037,GQ031,G2344,GQ041,G2348,GQ032,G7351,GQ035,GQ045,GQ060,G2354,G2347,G7352,G7353,GQ017,G7144,G7756,G2351,59469,G7141"
111.70,22.60,0.20,0.18,29,"G3045,GW619,GW606,G3077,G3042,GW620,G3076,GW618,GQ048,GQ033,G3090,G3051,G2372,GQ042,GW616,G2345,59462,G7963,GW106,G3093,G7756,G3040,G3096,G3099,G3041,GW105,G2502,GW602,G3054"
111.70,22.70,0.20,0.18,40,"G3076,G3096,G3041,G3045,G3099,GW619,GW612,GW620,59462,G3040,GW618,GW600,GW100,G3093,GW614,GW409,GW613,G3098,G3042,G3090,GW606,G3083,GW601,GW602,G3059,G3026,GW101,G3091,G3051,GW105,G3053,GW616,G3022,G3054,G3077,GQ033,G3086,G9242,G3052,GW411"
111.70,22.80,0.20,0.18,36,"GW409,GW100,GW614,GW612,G3096,GW600,G3041,G3083,G3086,GW101,G3026,GW411,G3099,G3098,G3076,GW613,G3084,G3040,G3053,G3059,G3091,59462,GW407,G3089,G3031,GW408,G3022,GW412,G9242,G3093,GW102,GW601,GW602,GW618,GW620,G3045"
111.70,22.90,0.20,0.18,31,"G3086,G3031,GW407,GW412,GW411,G3084,GW409,G3087,GW614,GW408,GW100,G3089,G3083,GW101,G3026,GW612,GW600,G3082,GW414,G3096,G3088,G3098,G3041,G3034,GW410,G3099,G3053,GW102,GW613,G9242,G3091"
111.70,23.00,0.20,0.18,21,"GW414,G3087,G3031,GW407,GW410,GW412,G3082,G3088,G3084,G3086,GW408,GW411,G3033,GW415,G8160,G2640,G3089,G3032,G8168,G3034,G8148"
111.70,23.10,0.20,0.18,27,"GW415,GW414,G8168,G2640,GW410,G8160,G3033,G8152,G8148,G8162,G3032,G8174,G3087,59269,GW413,G3038,G3088,G8164,G9467,G8161,G3082,G3031,G8163,GW407,GH302,G3037,GW412"
111.70,23.20,0.20,0.18,32,"G8152,G8174,G8168,GW415,G2640,G8162,G8148,G8160,G8163,G8183,GH302,G3033,G8150,GW413,G3032,G8103,G8158,59269,G8173,G8161,G8164,G9467,59268,G9461,G8136,G3038,GW410,G9460,GW414,G3080,G2641,G8151"
111.70,23.30,0.20,0.18,31,"G8183,G8174,G8136,G2641,G8163,G8105,G8101,G8152,G8150,G8114,G8103,GH302,G8151,G8168,GH306,G8135,G8162,G8126,G8158,G8137,59268,G8148,GW415,G2640,G8170,G9460,G9461,G8173,G8160,GW413,G3080"
111.70,23.40,0.20,0.18,27,"G8105,G8135,G2641,G8101,G8136,GH306,G8141,G8114,G8140,G8139,GH303,G2633,GH300,G8183,G8129,G8151,G8128,G8102,G8126,G8118,G8123,G8137,G8103,G8150,G8174,G8163,59264"
111.70,23.50,0.20,0.18,25,"G8141,G8140,G8139,G2633,G8128,GH303,GH300,G8135,G8129,G8102,G8118,G8123,G8105,G8130,G8133,GH306,G2632,G8122,G8101,G8107,G8106,G2641,G8114,G8136,G8125"
111.70,23.60,0.20,0.18,23,"G8130,G8107,G8128,G8117,G8133,G8102,G2633,G8140,G8139,GH303,G8129,G8106,G8141,G2632,G8118,G8123,GH300,G8131,GH305,G8122,G8135,G2635,G8116"
111.80,21.70,0.19,0.18,22,"G2314,G2311,G7190,GQ001,G2334,G2309,G2330,GQ003,GQ004,GQ023,GQ021,GQ002,G2310,G2304,G7317,G7331,G2305,G7319,G7320,GQ008,GQ018,GQ014"
111.80,21.80,0.19,0.18,29,"GQ023,G2330,GQ003,G7331,G2311,G7190,G2308,GQ001,G2314,GQ013,GQ004,GQ018,GQ021,GQ002,G2309,G2305,GQ014,G2334,GQ052,GQ055,G2317,G7319,G7320,GQ040,G2307,59663,G2328,G2331,G2310"
111.80,21.90,0.19,0.18,30,"G2308,G2317,GQ013,GQ040,G7331,GQ011,GQ018,GQ023,G2328,GQ052,G2330,GQ046,G2343,GQ050,GQ047,GQ014,GQ038,GQ003,GQ036,G2307,G2306,G2305,GQ055,GQ021,GQ002,GQ004,G2367,59663,G7312,G2319"
111.80,22.00,0.19,0.18,26,"GQ011,GQ040,GQ050,G2317,G2306,G2367,GQ046,GQ038,GQ036,GQ058,G2308,G2343,G2319,GQ013,GQ047,59469,G2328,G7141,GQ006,G2323,GQ005,G7353,GQ059,G2351,G7331,GQ052"
111.80,22.10,0.19,0.18,26,"G2367,59469,G7141,GQ050,G2306,G7353,GQ058,GQ017,GQ011,G7351,G2351,GQ041,GQ059,GQ046,GQ036,GQ040,G7142,GQ038,GQ006,G2319,G2317,G2323,GQ005,GQ045,GQ037,GQ035"
111.80,22.20,0.19,0.18,23,"GQ017,G7353,G7141,GQ041,G7351,59469,GQ037,G7142,GQ031,G2347,G2351,G2362,G2367,GQ045,GQ058,G2354,GQ035,G2306,GQ059,GQ050,G2344,GQ060,GQ056"
111.80,22.50,0.20,0.18,21,"G2372,GQ048,G2345,GQ042,GQ033,G2353,GW106,G2355,GQ034,G2342,GW619,G7143,G2344,GQ032,G3045,G3077,G7756,GW618,GW606,GQ056,G2354"
111.80,22.60,0.20,0.18,24,"GQ033,GQ042,G2345,GW106,GW618,GW619,G2372,G3045,GW105,G3093,G3023,GQ048,G2355,GQ034,GW606,G3099,G3077,G3041,GW613,G3076,GW104,G3042,GW107,GW620"
111.80,22.70,0.20,0.18,31,"G3093,GW618,G3099,GW105,GW613,G3041,G3022,GW612,GW619,G3023,G3026,G3070,GQ033,GW101,GW100,G3045,G3076,GW107,GW106,G3096,GW102,G3028,GW103,GQ042,GW409,G2345,GW104,G9221,GW614,GW600,GW620"
111.80,22.80,0.20,0.18,32,"G3026,GW101,GW613,G3022,GW102,G3099,GW100,G3041,GW612,GW409,GW103,G3093,GW408,G3084,G3086,G3070,G3096,GW614,GW105,GW618,G3028,GW407,GW107,GW600,G3031,G3076,G9221,GW411,G3083,G3024,GW108,G3023"
111.80,22.90,0.20,0.18,27,"GW408,G3084,GW407,G3031,GW101,G3026,G3086,G3024,G3088,GW102,GW409,GW100,GW108,GW103,G3022,GW612,GW613,GW411,GW412,GW410,GW614,G3041,G3087,G3099,GW414,G3070,G3096"
111.80,23.10,0.20,0.18,22,"G3032,G8160,GW410,59269,G2640,G8148,G8164,G8162,G8161,G3088,GW414,G3074,G8168,G8152,GW415,G8158,G8163,G8174,GW110,G8153,G8150,G3087"
111.80,23.20,0.20,0.18,25,"G8162,G8148,G8163,G8158,59269,G8161,G8160,G2640,G8150,G8164,G3032,G8174,G8168,G8183,G8152,G8176,G8170,G3074,G8151,GW415,G2642,GW410,G8153,G2641,G8175"
111.80,23.30,0.20,0.18,25,"G8150,G8151,G8183,G8163,G8170,G2641,G8158,G8176,G8174,G8162,G2642,G8175,G8105,G8148,G8161,59269,G8152,G2640,G8164,G8160,G8168,G8135,G8136,G8171,G3032"
111.80,23.40,0.20,0.18,30,"G2641,G8151,G8105,G8135,GH300,G8139,G8129,G2633,G2634,G8140,G8118,G8170,G8123,G8141,G8183,G8150,G8175,G8134,G8163,G8128,G8157,G8133,G8136,GH303,G8158,G8101,G8109,G2642,G8176,GH306"
111.80,23.50,0.20,0.18,24,"G8118,G8123,G8129,GH300,G2633,G8139,G8133,G8140,G8128,G8141,G2634,G8106,G8135,G8109,G8130,G8134,GH303,G8105,G2641,G8102,G8151,G8116,G8035,G8107"
111.80,23.60,0.20,0.18,25,"G8106,G8133,G8130,G8123,G8118,G8116,G8129,G8128,G8117,G8107,GH300,G2633,GH305,G8139,G8109,G8140,G8141,G2635,G8035,G8034,G8131,G2634,GH303,G8138,G8102"
111.90,21.70,0.19,0.18,24,"G2309,G2310,GQ004,GQ002,GQ001,G7320,G7319,GQ003,GQ008,G2314,G7317,G2305,G2311,G7190,G7316,G7328,GQ055,G2304,GQ018,G2334,G2330,GQ023,59663,G2307"
111.90,21.80,0.19,0.18,29,"G2305,GQ018,GQ002,GQ003,GQ004,GQ055,G7320,G7319,G2307,59663,GQ052,G2309,GQ001,G2308,G7312,G2314,GQ020,GQ023,G2328,G2326,G2311,G2310,G2325,G7190,G2330,G7331,GQ013,GQ008,G2317"
111.90,21.90,0.19,0.18,29,"GQ052,G2328,GQ018,G2308,G2307,G7312,59663,GQ055,GQ020,G2317,G2326,GQ040,G2305,GQ011,G2319,GQ003,GQ002,GQ013,GQ004,G2325,G2318,GQ023,G7331,GQ006,G7320,G7319,GQ050,G2323,GQ005"
111.90,22.00,0.19,0.18,24,"G2319,GQ006,GQ011,G2328,G2323,GQ005,G2367,G2317,GQ040,GQ050,GQ007,GQ052,G2308,G2306,G2307,GQ039,G7312,GQ018,G2326,GQ020,G2318,59663,G7141,59469"
111.90,22.60,0.20,0.18,27,"GW106,GQ042,G2345,G3023,GQ033,GQ034,G2355,GW105,GW104,G9263,GW618,GW107,G2372,G3014,G3093,G3064,G3028,G3070,GW619,G7143,G2342,GW205,G9221,GW203,G3071,G2353,GW613"
111.90,22.70,0.20,0.18,31,"GW107,G3023,GW105,G3028,G3070,GW104,G3093,G9221,G3022,GW618,GW613,GW103,GW106,GW102,G3071,G3099,GQ033,GQ042,G3041,G2345,G3026,GW101,GQ034,GW612,G9263,G3020,GW204,GW203,G3064,GW619,G2355"
111.90,22.80,0.20,0.18,31,"GW103,GW102,G3070,G3022,G3028,G9221,GW107,GW613,G3020,G3026,GW101,GW108,G3093,GW105,G3003,G3099,GW408,G3023,G3071,G9207,G3024,GW104,G3041,GW100,G3025,GW612,G3084,GW618,G9203,G3004,GW409"
111.90,22.90,0.20,0.18,30,"GW108,G3024,GW408,GW102,G9207,GW103,G3020,G9203,G3088,G3084,G9206,G9204,G3004,G3026,G3022,GW101,G9200,G3003,G3070,G9221,G3073,GW407,G3028,GW613,G3025,GW002,G3031,59471,GW003,G3086"
111.90,23.00,0.20,0.18,30,"G3024,G3088,GW108,G3073,G3021,G9206,GW110,G9204,G3074,G3072,GW410,G9207,G9203,G9200,GW408,G3032,G3004,G3084,G8164,59269,G3020,GW407,G8153,GW003,G8161,G8165,GW001,59471,G3031,G8160"
111.90,23.10,0.20,0.18,24,"G3074,G8164,GW110,59269,G8161,G3032,G8153,G3072,G3021,G8165,G8160,G3073,G8148,G3088,GW410,G8162,G2640,G8158,G8176,G3024,G9206,G8181,G8163,G2642"
111.90,23.20,0.20,0.18,26,"G8161,G8176,G8164,G8158,59269,G8153,G3074,G2642,G8150,G8170,G3032,G8163,G8162,G8148,G8171,G8160,GW110,G8165,G8181,G8175,G2640,G3072,G8151,G8149,G3021,G8183"
111.90,23.30,0.20,0.18,26,"G8170,G2642,G8176,G8175,G8171,G8151,G8150,G8158,G8157,G8163,G2641,G8161,G8183,G8149,G8164,G8153,59269,G8181,G8178,G8134,G2634,G8162,G8159,G2646,G8148,G3074"
111.90,23.40,0.20,0.18,22,"G2634,G8134,G8157,G8175,G8151,G8170,G8159,G2641,G2642,G8171,G8109,G8176,G8178,G8150,G8123,G8118,GH300,G8129,G8158,G8105,G2633,G8139"
111.90,23.60,0.20,0.18,21,"G8116,G8035,G8109,G8106,G8133,G8034,G8024,G8123,G8118,G2634,G8134,GH305,G8129,G2613,G8130,G2611,GH300,G8138,G2633,G2635,G8117"
112.00,21.70,0.19,0.18,25,"G7320,G7319,GQ008,G2310,G7316,G7328,GQ002,G2305,G2309,GQ004,G7317,GQ055,G2338,G2325,GQ003,59663,GQ001,G2307,G7321,GQ020,GQ009,GQ018,G7312,G2326,G2314"
112.00,21.80,0.19,0.18,29,"GQ055,G2325,59663,G2305,G7319,G7320,GQ020,G2307,G7312,G2326,G2338,G7321,GQ002,GQ052,GQ018,GQ009,GQ004,GQ010,GQ003,G2328,G2309,G2318,G2310,GQ008,GQ001,G2308,G7316,G7328,G7311"
112.00,21.90,0.19,0.18,28,"G2326,G7312,GQ020,G2307,59663,GQ052,G2328,G2318,GQ055,G2325,G7321,G2322,GQ018,G2305,GQ009,GQ039,GQ010,G2319,G2338,GQ007,G2308,G7319,G7320,GQ051,GQ006,GQ002,G2323,GQ005"
112.00,22.50,0.20,0.18,27,"G3014,GW205,G9263,G7143,GQ034,G2365,G2355,G3018,G2342,G3064,G3017,G3061,GW215,GW211,G2353,G2345,GW106,GQ042,GW203,G3067,GW104,GW213,GW202,G3013,GQ056,G2372,GW210"
112.00,22.60,0.20,0.18,33,"G3064,G9263,GW104,G3014,GW203,GQ034,G3023,GW215,G2355,G3018,GW106,GW205,G3071,GW107,GW204,G3016,G2345,GQ042,GW217,GW105,G3067,G3028,GW211,G7143,GQ033,G3017,G9221,G9260,GW206,G3061,G2342,G2365,G3070"
112.00,22.70,0.20,0.18,26,"G3071,GW104,GW107,G3028,G9221,G3023,GW204,GW203,G3070,G3016,GW217,G3064,GW105,GW206,G3003,GW103,G9263,G3025,G3020,G3027,G3022,GW215,GW106,G3093,GW102,GQ034"
112.00,22.80,0.20,0.18,33,"G3003,G9221,G3020,G3025,G3071,G3028,G3070,GW103,GW107,G9207,G3027,GW204,G3004,GW108,G9203,GW102,GW104,GW002,G3022,G3016,GW217,G3023,59471,G9204,G9200,GW206,G9206,GW003,GW105,G3024,GW203,GW613,GW001"
112.00,22.90,0.20,0.18,28,"G9207,G9203,G3004,G3020,G9204,GW108,G9200,G9206,G3003,GW002,59471,GW003,G3025,GW001,G3024,G9201,G3073,GW004,GW103,G3027,G9221,GW102,G3070,G3028,G3021,G9209,G3071,G3005"
112.00,23.00,0.20,0.18,29,"G3073,G9206,G9204,G9200,G3021,G9203,G3072,GW003,GW001,G3004,G9207,GW110,59471,GW004,GW108,G9201,GW002,G3024,GW109,G8165,G2645,G3074,G3007,G3020,G8153,G3088,G3003,G9209,G3025"
112.00,23.10,0.20,0.18,29,"G3072,GW110,G3021,G8165,G8153,G3074,G3073,GW109,G2645,G8181,G9206,G8164,G9204,G8161,G9200,GW004,59269,GW001,G2644,G3007,GW003,G8169,G3032,G9203,G8149,G9201,G8176,59471,G8166"
112.00,23.20,0.20,0.18,27,"G8181,G8153,G8165,G8149,G2644,G8171,G2642,G2646,G8176,G3074,GW110,G3072,G3021,G8161,G8164,G8180,G8175,G8158,59269,G8170,G2645,GW109,G8155,G8166,G8179,G8178,G8156"
112.00,23.30,0.20,0.18,24,"G8171,G8149,G2642,G8175,G2646,G8178,G8157,G8181,G8176,G8179,G2644,G8156,G8170,G8159,G8153,G8155,G2643,G8180,G8158,G8151,G8154,G8165,G8150,G8134"
112.10,21.80,0.19,0.18,22,"G2338,GQ009,G7321,GQ010,G2325,G7311,G2326,GQ020,59663,G7312,GQ051,G2320,GQ055,G2318,G7319,G7320,G2307,G2305,G2322,G2359,G2360,GQ052"
112.10,21.90,0.19,0.18,22,"G2318,G7321,G2322,GQ010,GQ009,GQ051,G2326,G2325,GQ020,G7312,G2338,GQ039,59663,G7311,G2307,GQ019,GQ055,GQ052,G2328,GQ007,G2321,G6652"
112.10,22.00,0.19,0.18,28,"GQ039,G2322,G2318,GQ007,GQ019,G2327,G6652,GQ051,GJ206,GJ200,G2161,G2167,GQ005,G2323,G6659,G2326,GQ006,G2319,GQ010,G6648,G7321,GQ020,G7312,GJ201,G6658,GQ009,G2328,G6655"
112.10,22.10,0.19,0.18,23,"GJ200,G2161,GJ206,GJ201,G6658,G6659,G6645,GQ039,GQ007,G2327,G6648,G6652,G2167,GQ005,G2323,GQ019,G2322,GQ006,G2319,G6649,G2318,G6640,G6643"
112.10,22.40,0.19,0.18,25,"GW202,G6516,G3061,G2365,G3017,G6651,G6650,GW205,GW211,GW207,G3018,G3013,G6699,GW210,G2168,G7143,G9261,G3014,G6640,GW213,G2342,G6621,GW215,G2163,G9263"
112.10,22.50,0.20,0.18,28,"G3018,G3017,G3061,GW211,GW205,GW215,G3013,GW213,GW210,G3014,G3064,G3067,GW202,G9263,G2365,G9261,GW207,G9260,G6650,GW203,G3063,G7143,G6516,GQ034,G2342,G9360,G2355,G3060"
112.10,22.60,0.20,0.18,34,"GW215,GW203,G3064,G3067,G9260,G3018,G9263,GW213,G3016,GW217,GW211,G3063,GW206,GW204,G3017,G3014,GW218,G3061,G9264,GW205,G9265,GW210,GW104,G3071,G3013,G3062,G9360,G3010,G9261,G9362,G3060,G3015,GQ034,G9262"
112.10,22.70,0.20,0.18,31,"G3016,GW204,GW217,GW206,GW203,G3071,G9362,G3010,G9260,G9265,G3027,59470,G3068,GW104,GW215,G9264,GW218,G3064,G9262,G3067,G3025,G9221,G3063,G3003,G3012,G3028,G3062,GW107,G9263,G3023,GW216"
112.10,22.80,0.20,0.18,38,"G3027,G3025,G3003,GW204,G3071,GW217,G3016,GW206,59470,G3020,GW002,G9362,G3012,G3004,G3068,G9221,59471,G3010,G9207,G9203,GW003,GW203,G3005,G3028,G9201,G9209,G9262,GW001,G9265,G9200,G3006,G9204,GW214,GW107,GW004,G3070,GW104,G9206"
112.10,22.90,0.20,0.18,26,"GW002,59471,GW003,G3004,G9201,GW001,G3025,GW004,G9203,G9200,G9209,G3027,G9204,G3005,G3003,G9207,G9206,G3020,G3006,G3007,G3073,GW108,G3012,59470,G3001,G8229"
112.10,23.00,0.20,0.18,33,"GW004,GW001,G9201,GW003,G3007,59471,G9200,GW109,G9204,G9206,G3073,GW002,G2645,G9209,G3004,G9203,G3005,G3021,G3002,G8169,G3072,G9207,G3006,GW110,G8165,G8182,G3025,G8229,GW108,G9220,G3020,G3003,G8282"
112.10,23.10,0.20,0.18,31,"G2645,GW109,G8169,G8165,G3072,G3021,G3002,G3007,G8166,G8182,GW110,G8282,G3073,GW004,G8181,G8167,G8153,G2644,G9220,GW001,G9201,G8180,GW003,G9206,G9200,G9204,G2646,59471,G3074,G8149,G9209"
112.10,23.20,0.20,0.18,28,"G2644,G8181,G8180,G2646,G8149,G8166,G8165,G8155,G8167,G2645,GW109,G8282,G8153,G8182,G8169,G8156,G8154,G8172,G8171,G3072,G8179,GW110,G9220,G3021,G3002,G2642,G8178,G2661"
112.10,23.30,0.20,0.18,23,"G2646,G8156,G8149,G8179,G8155,G2644,G8154,G8178,G8180,G8181,G2643,G8171,G8172,G8157,G2642,G8166,G8167,G8175,G8276,G8159,G8225,G8177,G2662"
112.10,23.40,0.20,0.18,23,"G2643,G8178,G8179,G8156,G8177,G8159,G8154,G8157,G8155,G8081,G2646,G8149,G8225,G8056,G8171,G8172,G8134,G2644,G8175,G8180,G2662,G8276,G8054"
112.10,24.60,0.20,0.18,22,"G8424,59074,G8409,G8401,G2741,G8430,G8420,G8405,G8429,G2733,G8416,G8418,G8408,G8415,G8410,G8407,G8431,G8411,GR046,GR002,G2731,GR053"
112.10,24.70,0.20,0.18,24,"G8416,G8415,G8410,G8409,G2731,G2733,G2741,G8411,G8429,G8401,G8403,G8408,G8424,59074,GR002,GR046,59071,GR053,G8420,G8426,G8428,G8405,G8423,G8422"
112.20,22.00,0.19,0.18,25,"GQ019,G6652,G2327,G2167,G6655,GQ051,G2322,G6648,GJ206,GJ200,G2160,G6643,GQ039,G6659,G2161,G2318,G2321,G6646,GQ010,G6649,GQ007,G6653,GJ202,GQ012,G6745"
112.20,22.10,0.19,0.18,29,"G6648,GJ206,G6659,GJ200,G2161,G2167,G2327,G6652,G6643,G6649,GQ019,G6745,G6655,GJ201,G6658,G6519,G6645,G2160,G6642,GQ039,G6640,G6564,59477,G2322,G6514,G6512,GQ007,G2156,G6647"
112.20,22.20,0.19,0.18,31,"G6642,G6640,59477,G6564,G6659,G6649,G2161,GJ201,G6658,G6519,GJ200,G6514,G6645,GJ206,G6648,G6745,G2163,G6647,G6643,G2168,G2167,G6747,G6515,G6651,G2327,G6699,G6516,G6652,G6512,G2162,G2164"
112.20,22.30,0.19,0.18,31,"G2168,59477,G6564,G6640,G2163,G6699,G6516,G6642,G6650,G6514,G6651,G6747,GW202,GW207,G2164,G6515,G6647,G6645,G6621,G6519,G6658,GJ201,G6649,G6531,G6641,G6510,G6745,G6659,G2162,G3013,G2161"
112.20,22.40,0.19,0.18,31,"G6650,GW207,GW202,G6699,G6516,G2168,G3013,G6621,GW210,G9261,G6531,G3061,G2163,G3017,GW211,G6651,G6641,59477,G6564,GW213,G6640,GJ504,G3018,G2164,G3060,G6514,G6747,G2365,G6642,GW205,G2109"
112.20,22.50,0.20,0.18,33,"GW210,G3013,G9261,GW213,GW211,G3061,GW207,G3017,G3067,GW202,G3060,G9360,G3018,G3063,G6650,G6621,GW215,G9363,G6531,G9260,GJ504,G3015,G2175,G9267,GW218,G6699,G6516,G3062,GW205,G9264,G2168,G3064,G6641"
112.20,22.60,0.20,0.18,40,"G3063,G9260,G3067,GW218,G9360,GW213,G9264,G3062,G3015,G3060,G9265,GW215,G9363,GW210,GW211,G3010,GW203,G9261,GW206,G9262,G9268,G3013,G9267,GW217,G3016,G9362,GW216,G3018,G3017,G3068,G3061,G3069,G3064,GW204,G2175,59470,GJ504,G3065,GJ506,GW207"
112.20,22.70,0.20,0.18,36,"G3010,G9265,G9362,G9262,G3068,G9264,GW206,GW218,59470,GW217,G3062,G3016,GW216,G9260,G3012,G3063,GW204,G3069,G3066,G3015,GW203,G3067,G9268,G3027,G9360,GW214,GW212,GW215,G9363,G9361,G3065,G3071,G3060,GW213,GW209,G9267"
112.20,22.80,0.20,0.18,35,"G3012,59470,G3068,G9362,G3027,GW214,G3010,G9262,G3066,GW206,G3001,G9265,GW217,G3006,GW216,G8271,G3016,G3025,GW204,G3005,G9361,G9264,G9209,GW212,GW002,G3069,GW218,G3003,G8275,G8229,G3062,G3071,59471,GW209,G9201"
112.20,22.90,0.20,0.18,31,"G3006,G3005,G9209,G3001,G8229,G9201,G8271,GW002,G8236,GW214,GW004,59471,G3027,G3012,GW001,GW003,G3007,G8275,59470,G3025,G8249,G3004,G8251,G9200,G3068,G9362,G9203,G3002,G3066,G3003,G9204"
112.20,23.00,0.20,0.18,33,"G3007,G9209,G3002,G3005,G3006,G8169,G8229,GW004,G9201,G8236,GW001,GW109,G8182,G2645,GW003,G9220,59471,G8251,G3001,GW002,G2668,G8282,G8249,G8284,G9200,G8235,G8271,G8275,G8166,G9204,G3004,G9206,G3073"
112.20,23.10,0.20,0.18,28,"G8182,G8169,G3002,G9220,G8282,G8166,G2645,G8167,GW109,G3007,G2661,G8284,G2668,G8180,GW004,G8280,G9209,G8235,G8236,G8241,G2644,G9201,G8165,G3005,G8251,G8229,GW001,G3006"
112.20,23.20,0.20,0.18,28,"G8167,G8166,G8180,G8282,G2661,G8182,G8172,G9220,G8155,G2644,G8241,G8169,G8154,G2646,G8228,G2645,G3002,G8181,G8276,GW109,G8149,G8280,G8156,G8268,G2662,G8284,G8165,G8179"
112.20,23.30,0.20,0.18,30,"G8172,G8154,G8155,G8276,G8180,G8156,G2662,G8247,G8225,G8179,G2646,G2644,G8268,G8167,G8228,G2643,G8149,G8241,G8166,G8261,G2661,G8243,G8178,G8227,G8282,G8255,G8181,G8177,G2605,G8283"
112.20,23.40,0.20,0.18,24,"G8225,G8177,G2643,G8154,G8081,G2662,G8247,G8156,G8276,G8179,G8172,G8155,G8261,G8056,G8054,G8178,G8243,G8283,G2622,G8268,G8227,G8180,G2646,G8159"
112.20,24.50,0.20,0.18,23,"G8430,G8425,G8420,G8431,G8432,G8418,GR047,G8435,G8424,G8433,G8402,59074,G8427,GR055,G2742,G2741,GR048,G8404,GR052,G2740,G8421,G8407,GR053"
112.20,24.60,0.20,0.18,30,"G8420,G2741,G8424,G8429,G8430,GR046,GR053,G2733,G8423,G2742,G8425,59074,GR049,GR047,G8409,GR051,G8410,G8411,G8426,59071,G8401,G8338,GR048,G8427,G8418,GR019,G8431,G2757,GR014,G8416"
112.20,24.70,0.20,0.18,32,"G2733,G8429,G8411,G8410,G2741,GR046,59071,GR053,G8426,G8423,G8338,GR014,GR049,G8428,GR013,G2731,G8416,G8403,G8420,GR050,G8464,G8424,G8415,G8409,G8422,G2742,G2757,GR051,GR018,GR019,G8401,59074"
112.20,24.80,0.20,0.18,29,"G8422,GR050,G8428,G8411,G8410,G8403,G8464,59071,G2733,GR014,G8426,G2731,GR013,G8462,G8429,G8338,GR046,G8467,G2752,G8416,G2741,59072,G8415,GR053,G8446,GR016,G8423,GR018,GR049"
112.20,24.90,0.20,0.18,21,"G8422,GR016,GR050,G8453,G2752,GR017,G8462,G8428,G8464,G8403,G8449,G2756,G8467,G8463,G8411,G8443,G8410,G2731,GR015,GR013,59072"
112.30,21.90,0.19,0.18,23,"G2321,GQ012,GJ202,GQ051,G6592,G6646,G2105,G6655,G6701,G6705,GQ019,G6527,G7311,G2160,G6528,G6653,G6652,GQ010,G2327,G2320,G2167,G2359,G6611"
112.30,22.00,0.19,0.18,26,"G6655,G2160,G6646,GQ019,G6653,G2167,G6652,GJ202,G6643,G2327,G6528,G2156,G6648,GQ012,G2321,GQ051,G6745,G6649,GJ206,G6659,GJ200,G6512,G6513,G6519,G6701,G6705"
112.30,22.10,0.19,0.18,32,"G6643,G6745,G6649,G2160,G2167,G6648,G6655,G6519,G2156,G6512,G6652,G2327,G6653,G6513,G6646,G6659,GJ206,G6535,GJ200,GQ019,G2161,G6647,G6528,G6642,G6514,G6515,GJ202,G2162,G6657,G6564,59477,G6747"
112.30,22.20,0.19,0.18,40,"G6519,G6647,G6745,G6649,G6514,G6642,G6515,G6512,G6747,G2162,G6564,59477,G6513,G6657,G6643,G2163,G6510,G6648,G2164,GJ203,G6535,G6659,G6640,G2156,G2167,G2161,GJ206,GJ200,G2168,G2160,G2166,G6699,G6644,G6655,G2327,G6652,GJ201,G6653,G2174,G6658"
112.30,22.30,0.19,0.18,36,"G6747,G2163,G2164,G6514,G6515,G6564,59477,G6510,G6647,G2168,G6642,G6699,G2162,G6641,G6657,G6644,G2109,GJ203,G2166,G6519,G6621,G6640,G6650,G6516,G6531,G6649,G6745,GW207,G2165,G6512,G6511,GJ204,G6513,GJ205,GW202,G6656"
112.30,22.40,0.19,0.18,40,"G6621,G6531,G6641,GW207,G2109,G6699,GJ504,G2164,G6650,G2168,G2163,G9261,G2165,G6644,GW202,G2175,G6747,G3013,GW210,G6510,G6516,G6656,GJ204,G6515,G6564,59477,GJ205,G2166,G6514,G3060,G6511,G2162,G9363,G9267,GJ203,GW213,G6647,G9360,G6642,G3061"
112.30,22.50,0.20,0.18,38,"GJ504,G2175,G3060,G6531,G9261,G9363,G9267,G6621,G9360,GW210,GJ506,G3013,GW207,GW213,G3015,G6641,G2107,G3063,G9268,G6650,GW202,G2109,G3067,G6625,G3062,GW211,G2165,GW218,G9260,G6699,G3061,G3017,G6656,G3065,G9264,G6622,G2168,G6637"
112.30,22.60,0.20,0.18,44,"G3015,G9363,G9267,G9360,G9268,G3060,G3062,G3063,GW218,G3065,GJ506,G9264,G3069,G2175,GW216,G9265,G9260,G6637,GJ504,GW208,G9262,GW213,G3067,G2107,G9261,G3010,GW212,GW210,G7035,G6622,G6625,G3011,G3068,G9362,GW209,G3013,GW200,G6531,G3066,G7056,GW215,G6621,GW201,GW211"
112.30,22.70,0.20,0.18,43,"GW216,G3069,G9262,GW212,G3066,G9268,G3062,G9265,G3065,G9264,G3010,G3068,GW209,GW218,G9361,G3015,G9362,GW208,59470,G3012,G7056,G7035,G6637,GW214,G2214,G3063,GE305,G9363,G9360,G9267,GW200,G9260,G7031,GW206,G3060,GJ506,G7028,G8262,GW217,G3016,G8271,G3067,G3011"
112.30,22.80,0.20,0.18,41,"GW214,G3066,G9361,G3012,G8271,GW212,G3001,G3068,59470,GW216,GW209,G9262,G8275,G9362,G3069,G3010,G8262,G2663,G2214,G7056,G9265,G3006,G8230,G7031,GE305,G8229,G7035,G7028,G9264,G3065,G8249,GW208,G9268,G3062,G8236,G3005,GE304,GW218,G3027,GW206,GW200"
112.30,22.90,0.20,0.18,31,"G3001,G8271,G8275,G8229,G8236,G8249,G3006,GW214,G8251,G2663,G3005,G8230,G9209,G8256,G8260,G3012,G9361,G3066,G8262,G8270,59470,G8235,G2668,G8224,GW212,G8246,G8232,G3068,G3007,GW209,G8252"
112.30,23.00,0.20,0.18,42,"G8236,G8251,G8229,G8249,G2668,G8235,G8284,G3006,G8252,G8275,G3002,G3001,G3005,G8232,G9209,G8256,G2686,G9220,G8270,G8271,G8260,G3007,G2672,G2666,G2696,G8182,G8169,G2667,G8230,G2699,G8267,G8224,G8254,G8282,G2679,59278,G2663,G2671,G8285,G8280,G8246,G9201"
112.30,23.10,0.20,0.18,37,"G8284,G9220,G2668,G8235,G8182,G2661,G8280,G8282,G2686,G3002,G8254,G8252,G2696,G8169,G8167,G8251,G8241,G2672,G8166,G8236,G8239,G2699,G8232,G2666,G2671,G2667,G3007,G8229,G8249,G8228,G2679,G2645,G8270,G8267,G2676,GW109,G2695"
112.30,23.20,0.20,0.18,34,"G2661,G8241,G8280,G8228,G8167,G8282,G9220,G8268,G8172,G8166,G8254,G8182,G8239,G2660,G8284,G2605,G8255,G8276,G8180,G2686,G2668,G8227,G2662,G8240,G8155,G2696,G8169,G8235,G8247,G3002,G8154,G8243,G2684,G8252"
112.30,23.30,0.20,0.18,29,"G8268,G8276,G8228,G2662,G8247,G8227,G8255,G8243,G8172,G2605,G8241,G8261,G8225,G8283,G8154,G8240,G8272,G2661,G2660,G8155,G8167,G8280,G8180,G2684,G8156,G8239,G2622,G8166,G8282"
112.30,23.40,0.20,0.18,27,"G8261,G8247,G8225,G2662,G8283,G8243,G8276,G2622,G8227,G8272,G8268,G8255,G8081,G2605,G8172,G8054,G8154,G8055,G8228,G8177,G8240,G8059,G2643,G8155,G8056,G2604,G8156"
112.30,23.50,0.20,0.18,23,"G2622,G8054,G8059,G8081,G8225,G8055,G2626,G8261,G8283,G8056,G2604,G8177,G8247,G8052,G8243,G2662,G8272,G8227,G8080,G8051,G8060,G8276,59271"
112.30,23.70,0.20,0.18,23,"G8051,G8080,G8071,G8074,G2626,G8019,G8005,G8072,G8076,G8085,59271,G8001,G8065,G2623,G8020,G8066,G8082,G8036,G8060,G8075,G8070,G8073,G8059"
112.30,23.80,0.20,0.18,24,"G8005,G8019,G8036,G8072,G8020,G8074,G8076,G8001,G8070,G8071,G2623,G8073,G8075,G8051,G8080,G8061,G8077,G8014,G8022,59270,G8025,G8033,G8085,G8100"
112.30,23.90,0.20,0.18,23,"G8014,G8036,G8007,G2616,G8005,59270,G8033,G8020,G8022,G8070,G8025,G8061,G8019,G8001,G8072,G8077,G8073,G8076,G2623,G8074,G8100,G8075,G8023"
112.30,24.50,0.20,0.18,25,"GR047,G8425,G8427,GR055,G8432,GR048,G8433,G8421,G8420,G2742,G8430,GR052,G8435,G8521,GR051,G2764,G2740,GR019,GR053,G8423,G8431,GR049,G8513,GR054,GR046"
112.30,24.60,0.20,0.18,34,"G2742,GR051,G8423,GR053,GR049,G8420,GR048,GR047,GR046,GR019,G8427,G2757,G8425,G2764,G8429,G8338,G8426,G2741,GR055,59071,G8430,GR014,G2733,GR018,GR013,G8521,G8460,G8421,G8465,G8424,G8432,G8433,G8411,GR005"
112.30,24.70,0.20,0.18,33,"G8338,G8426,GR049,59071,G8423,GR053,GR046,GR014,GR013,G2757,GR018,GR019,G8429,GR051,G8460,G2742,G8428,G2733,G8464,G8411,G8446,59072,G2741,G8465,GR050,G8410,G8420,G8467,GR048,GR020,G2764,G8422,G8462"
112.30,24.80,0.20,0.18,32,"G8464,G8428,GR013,GR050,GR014,59072,G8446,G8467,G8462,59071,G8426,G8338,GR018,G8422,G8460,G2752,G8411,GR046,GR049,G2757,G8443,G8423,GR053,G2733,G8410,G8429,GR020,GR016,G8465,G8403,GR019,G8442"
112.30,24.90,0.20,0.18,25,"G2752,G8462,G8467,GR016,G8443,GR050,G8449,G8464,G8422,G8428,59072,GR017,G8446,G8453,G2756,GR013,G2750,G8463,GR014,GR015,G8468,59071,GR018,G8426,G8338"
112.40,22.00,0.19,0.18,23,"G6528,G6646,G6653,GJ202,G2160,G2156,G6655,G2180,G6705,G6701,G2105,G6643,GQ012,G6535,G6592,G2108,G6513,G6512,GJ505,G2167,G2321,G6652,GQ019"
112.40,22.10,0.19,0.18,25,"G2156,G6535,G6513,G6653,G6512,G6528,G6646,G2160,G2174,G6643,G6745,G6519,G6655,G6649,G6647,G2108,G6657,GJ202,G2162,GJ505,G2167,G6648,GJ203,G6515,G6505"
112.40,22.20,0.19,0.18,33,"G6657,G6512,G6513,G2162,G6535,G6647,GJ203,G6515,G2174,G6510,G6519,G6747,G6745,G2156,G2166,G6514,G6649,G2164,G6644,G6539,G6624,G2170,G6511,G6643,G6642,G6653,G2163,G6564,59477,G6538,G6505,G2160,G2109"
112.40,22.30,0.19,0.18,39,"G6510,G2166,G6644,GJ203,G6657,G2162,G2164,G6515,G6511,G6747,G2109,G6647,GJ204,GJ205,G2165,G6641,G6656,G6514,G2170,G6539,G2163,G2173,G6512,G6513,G6538,G6519,G6624,G6535,G6564,59477,G6642,G2174,G6621,G2176,G6531,G6626,G2168,G6699,G6745"
112.40,22.40,0.19,0.18,37,"G2165,G2109,G6656,G6641,GJ204,GJ205,G6644,G6511,G2166,G2164,G6531,G6626,G6621,GJ504,G6510,G6504,G2175,GJ203,G6747,G6625,G6620,G6515,G2162,G2107,G6657,G2172,G2173,G2163,GJ506,G6699,G2170,GW207,G6537,G2176,G2168,G2178,G9261"
112.40,22.50,0.20,0.18,35,"G2175,G2107,G6625,GJ506,GJ504,G9267,G6620,G6504,G2165,G6622,G6656,G6531,G6641,G6626,G9363,G2109,GJ204,G3060,G3011,G6621,GJ205,G6506,G2172,G9360,G6637,GW201,G9268,G3015,G9261,G6623,G3065,G6644,GW208,G6511,G2178"
112.40,22.60,0.20,0.18,37,"GJ506,G6637,G2107,G6622,G3011,G3065,G9267,GW208,G6625,G9268,GW201,G2175,GW200,G7035,G9363,G3015,G3069,G6506,G6620,G3060,G7056,G2114,GJ504,G9360,GE305,G3062,GW209,G7021,GW212,GW216,G2214,G7031,G6504,G9264,GW218,G7028,G3063"
112.40,22.70,0.20,0.18,49,"G7035,G7056,GW208,GW209,GE305,GW200,G2214,G3065,G6637,GW212,G7031,G3069,G7028,G9361,G9268,GW216,GE304,G7054,G3011,GW201,G3066,G8262,G2114,G6622,GJ506,G7021,G3015,G7034,G7030,G9262,G3062,G9267,GE306,G2107,GW214,G9264,G7050,GE302,G9363,G9265,G2663,G3068,G3010,G6625,GW218,G7044,G3012,G6506,G8273"
112.40,22.80,0.20,0.18,43,"G8262,G9361,G2214,GW209,G2663,G7031,G7028,G7056,GW212,GE304,GE305,G7034,G3066,G7054,G8230,G7035,GW214,G8271,G8275,G8273,G7050,GW200,GW208,G3069,GE306,GW216,G3001,G3065,G8260,G8256,G6637,GE301,G8242,G3012,G8246,G8249,G7030,GE302,G9262,G7029,G3068,G8224,G9268"
112.40,22.90,0.20,0.18,48,"G8230,G2663,G8260,G8256,G8275,G8249,G8246,G8271,G8224,G8262,G8270,G8251,G3001,G8285,59278,G8236,G8273,G8229,G8232,G9361,G7034,GW214,G2666,G2667,G8267,GE304,G7050,G7028,G2214,G8238,G8248,G8235,G8252,G8242,G7031,GW209,G3066,G3006,G2672,G2679,G7054,GW212,G2668,G2699,G8278,G7056,GE305,GE301"
112.40,23.00,0.20,0.18,48,"G8270,G8232,G2666,G8256,G8252,G8251,G2667,G8235,G8260,G2672,G8249,G8267,59278,G8224,G2699,G8285,G2668,G2679,G2696,G2686,G8246,G2671,G8284,G8230,G8236,G8278,G2689,G2676,G2670,G8275,G8229,G8238,G8254,G2663,G8226,G2695,G8257,G2698,G2693,G8271,G3001,G8274,G8248,G2694,G8280,G8239,G2697,G3006"
112.40,23.10,0.20,0.18,50,"G2686,G2696,G8254,G8252,G2672,G2699,G2671,G8284,G8235,G2668,G8239,G2666,G8280,G2679,G2667,G2676,G8232,G2695,G2689,G8267,G2698,G2697,G2670,G2694,G2693,G8270,G8278,G8251,G8257,G2661,59278,G8241,G9220,G8285,G8226,G8256,G2660,G8224,G2673,G2691,G8249,G8260,G8236,G8182,G8228,G2681,G8238,G8282,G8246,G8274"
112.40,23.20,0.20,0.18,46,"G8239,G8280,G2660,G8254,G8241,G8228,G2684,G2691,G2605,G2697,G2661,G8240,G8255,G2686,G2696,G2695,G8268,G2694,G8284,G2671,G2672,G2676,G8227,G2699,G8252,G2675,G2673,G2698,G2668,G8235,G2692,G2689,G2679,G2693,G9220,G8243,G2681,G8272,G8276,G2670,G2666,G8167,G2667,G8282,G8232,G8257"
112.40,23.30,0.20,0.18,33,"G2605,G8255,G8240,G2660,G8227,G8268,G2684,G8272,G8243,G8228,G8283,G8261,G8241,G2691,G8247,G8276,G2662,G8239,G2692,G2675,G8280,G8195,G2661,G8192,G8172,G8225,G8254,G2622,G2697,G8196,G8055,G2651,G8189"
112.40,23.40,0.20,0.18,30,"G8272,G8283,G8243,G8261,G8227,G8055,G2622,G8255,G8240,G2605,G8247,G8195,G8268,G2662,G8189,G8052,G8063,G2604,G2653,G8196,G8225,G8276,G8059,G2684,G2660,G8192,G8228,G8217,G8203,G2692"
112.40,23.50,0.20,0.18,26,"G8055,G2604,G8059,G8052,G2622,G8063,G8283,G8057,G8189,G2653,G8272,G8062,G8261,G8066,G8065,59271,G8054,G8243,G8196,G8082,G2626,G8195,G8227,G8247,G8225,G8081"
112.40,23.60,0.20,0.18,23,"59271,G8065,G8066,G8082,G8059,G2604,G8085,G8062,G8052,G2626,G8080,G8051,G8071,G8057,G8055,G2622,G8074,G8067,G8053,G8054,G8063,G8083,G8076"
112.40,23.70,0.20,0.18,27,"G8085,G8071,G8074,G8082,59271,G8065,G8066,G8076,G8072,G2623,G8075,G8080,G8051,G8019,G8083,G8073,G2626,G8070,G8067,G8005,G8062,G8058,G8077,G8059,G8053,G8061,G2604"
112.40,23.80,0.20,0.18,32,"G2623,G8076,G8070,G8072,G8075,G8073,G8074,G8077,G8019,G8061,G8005,G8100,G8071,G8079,G8085,G8058,G8083,G8036,G8078,G8033,G8084,G8082,G8051,G2624,G8080,59271,G8069,G8065,G8014,G8020,G8066,G8067"
112.40,23.90,0.20,0.18,24,"G8061,G8033,G8077,G8070,G8100,G8014,G8073,G8084,G8079,G2616,G2623,G8075,G8072,G8078,G8076,G8013,G2624,G8036,G8007,G8019,G8005,GR009,G8074,G8069"
112.40,24.40,0.20,0.18,22,"GR054,G8421,GR052,G8433,GR055,G8513,G2763,G8517,G8521,G8432,G2740,G8427,G8011,GR047,GR048,G8425,G8435,G8017,G8519,G8337,G2761,G2764"
112.40,24.50,0.20,0.18,22,"G8521,GR055,G8427,G8421,GR048,GR047,G2764,G8513,G2763,GR005,G8433,G8425,G2742,GR051,GR052,G8432,GR054,GR019,G8337,GR008,G8516,G8420"
112.40,24.60,0.20,0.18,32,"G2764,GR019,GR051,GR048,G2742,G2757,G8427,GR005,GR049,G8521,GR047,G8465,G8423,GR053,GR055,G8516,G8460,GR018,G8338,GR046,G8421,G8425,G8513,G8426,G8420,GR008,G8469,G8452,GR014,59071,GR013,G2763"
112.40,24.70,0.20,0.18,30,"G8460,G2757,G8465,GR018,GR019,GR049,G8338,GR051,GR020,GR013,G8446,GR014,G8426,G8423,GR053,59072,59071,G2742,G8452,G2764,GR046,G8469,G8464,G8442,GR048,G8516,G8428,GR005,G8467,G8429"
112.40,24.80,0.20,0.18,30,"G8446,59072,GR020,GR018,G8460,G8467,GR013,G8442,G8465,G8464,GR014,G8443,G8338,G8462,G2757,G8426,G8428,59071,G8468,GR050,GR049,G8452,G2752,GR019,GR021,G8447,G8423,GR053,G8422,GR046"
112.40,24.90,0.20,0.18,23,"G8443,G8467,G8468,59072,G8462,G2752,G8442,G8446,G2750,G8449,GR020,GR016,G8464,G8458,GR021,GR050,GR018,GR013,G8428,G8460,G2751,G8422,GR014"
112.50,22.20,0.19,0.18,27,"G2174,G6624,G6539,G2170,G6535,G6505,GJ203,G6657,G6538,G6513,G2162,G6512,G2173,G2166,G6511,GJ505,G6510,G2176,G2108,G2156,G6647,G2151,G6644,G6523,G6515,G6533,G6747"
112.50,22.30,0.19,0.18,40,"G2170,G6511,G6539,G2173,G6538,G2166,G2176,GJ203,G6624,GJ205,G6644,GJ204,G6657,G6510,G6537,G6656,G6533,G2165,G2162,G6502,G2109,G6626,G2174,G6532,G2164,G2151,G6515,G6747,GJ501,G6647,G6641,G6535,G2178,G6505,G2172,59475,G6513,G6524,G6504,G6536"
112.50,22.40,0.19,0.18,36,"G6626,GJ205,G6656,GJ204,G6511,G2165,G6504,G2172,G6537,G2178,G2173,G2176,G6532,G6644,G2109,G2166,G6502,G6620,G6623,G6538,G2170,G6533,G6539,59475,G6641,G2177,G6625,GJ203,G6510,GJ501,G2107,G6530,G6506,G2164,G6509,GJ507"
112.50,22.50,0.20,0.18,35,"G6620,G6504,G6625,G2172,G6626,G6623,G6506,G2107,G6622,G2178,G6656,G3011,GJ506,G2165,GJ205,GJ204,GW201,G6532,G2175,GJ507,G6537,G2177,G6507,G6508,GJ504,G2109,G2114,G7021,GJ503,G6502,G6511,G6637,59475,G9267,G6641"
112.50,22.60,0.20,0.18,40,"G3011,GW201,G6622,G6506,G2114,G7021,G6625,G2107,G6620,G6637,GW200,GJ506,GW208,G6504,G6623,G7035,G2140,G7030,G3065,GE305,G2172,G7056,G6508,G6507,G7044,GE303,G7031,GE302,G9267,G7054,G2175,G7028,G9268,G6626,G2178,G2214,GJ507,GE306,GE304,GW209"
112.50,22.70,0.20,0.18,43,"G2114,GW200,G7030,G7021,G7054,GE305,G7031,G7028,GW201,G7035,GE304,GE306,GE302,G7056,G7044,G3011,G2214,GE303,GW208,G6637,G7034,G7029,G7050,GW209,G6622,GE301,G3065,G2140,G8262,G6506,GE307,GW212,G8273,G9361,G8242,G7045,G2107,G3069,GE322,G6625,G7039,G9268,GJ506"
112.50,22.80,0.20,0.18,48,"G7034,G7050,GE304,G7054,GE306,G8273,G7028,GE301,G8262,G7031,G8242,G7029,GE302,G7030,GE305,G2214,G7044,G7039,G2663,G7056,GE307,GE303,G7035,GW200,GW209,G8230,GE322,G8259,G9361,G8246,G8248,G2114,G7045,G7021,GW212,GE319,G8260,GW208,G2207,G8224,G7049,G8256,G8233,GW201,G6637,G7055,G8275,G8285"
112.50,22.90,0.20,0.18,58,"G8246,G8273,G8248,G8224,G8242,G8230,G8260,G8285,G8256,G8238,G7050,59278,G2663,G8259,G7034,G8233,G8270,G8262,GE301,G7039,G2664,GE304,G8258,G8274,G8267,GE306,G8234,G8232,G8278,G7054,G2667,G8226,G2666,GE319,G7029,G7028,G8279,G8249,G8275,G2679,GE307,GE322,G7031,G2670,G2207,G2689,GE302,G8244,G2214,G8257,G2699,G7023,G8251,GE323,G2672,G8271,G7049,G8265"
112.50,23.00,0.20,0.18,57,"59278,G8285,G8238,G8278,G8267,G8224,G8226,G2667,G8270,G2679,G2670,G2666,G8246,G8274,G8232,G2689,G8257,G2699,G2676,G8256,G8260,G2693,G2671,G2672,G8248,G8234,G2664,G2698,G8244,G8252,G8233,G2695,G2696,G8230,G2686,G8277,G2694,G8235,G8250,G8259,G8258,G8249,G8251,G2697,G8273,G2668,G2663,G8265,G8254,G8242,G8279,G8263,G8284,G2673,G8253,G2681,G7023"
112.50,23.10,0.20,0.18,53,"G2698,G2695,G2676,G2693,G2689,G2694,G2670,G2671,G8257,G2697,G2679,G8278,G2699,G8226,G8267,G2696,G2672,G2673,G2667,G2666,G2681,G2686,G8254,G8232,G8239,G8244,G8252,G8274,59278,G8285,G8238,G8270,G2691,G8235,G2680,G8250,G8234,G8224,G2674,G8284,G8280,G2664,G2668,G8277,G8263,G2607,G8246,G8256,G2660,G2675,G8260,G2684,G8253"
112.50,23.20,0.20,0.18,45,"G2691,G2697,G2673,G2694,G2675,G8239,G2684,G2681,G2695,G2660,G2692,G2680,G2674,G2698,G8254,G2693,G2676,G2606,G8240,G2671,G2689,G8257,G8280,G2696,G2670,G2605,G2699,G2686,G2679,G2607,G8255,G2672,G2651,G8278,G8228,G8226,G8192,G8241,G8267,G2667,G8252,G2666,G2687,G8244,G2682"
112.50,23.30,0.20,0.18,40,"G2684,G2692,G2675,G8240,G2691,G8192,G2660,G2651,G8195,G8203,G2605,G8272,G8255,G8196,G2606,G2674,G8227,G8217,59276,G8189,G2680,G8239,G2673,G2697,G2653,G8243,G8283,G8268,G2681,G2659,G8206,G8228,G2694,G8063,G2658,G2656,G8261,G8204,G8208,G8197"
112.50,23.40,0.20,0.18,35,"G8195,G8196,G8189,G2653,G8063,G8192,G8217,G8203,G8272,G8055,G2651,G8240,G8052,G2692,G8283,G8208,G2684,G2604,G2675,59276,G8227,G8243,G2605,G8057,G8209,G8255,G2622,G8261,G2660,G8206,G8204,G2656,G8289,G2691,G2652"
112.50,23.50,0.20,0.18,29,"G8063,G8052,G8057,G2653,G2604,G8189,G8055,G8196,G8062,G8217,G8195,G8059,G8289,G8214,G8053,G2622,G2652,G8066,G8191,G8065,G8208,G8192,59271,G8203,G8082,G8272,G8209,G8283,G8212"
112.50,23.60,0.20,0.18,24,"G8062,G8057,G8053,G8066,G8082,G8065,59271,G8067,G8052,G8085,G2604,G8063,G8059,G8083,G8055,G8214,G2653,G8289,G8189,G8058,G2652,G2625,G8191,G8215"
112.50,23.70,0.20,0.18,25,"G8083,G8067,G8085,G8058,G8082,G8066,G8065,59271,G8053,G8062,G8075,G2625,G2623,G8076,G8074,G8073,G8072,G8071,G8057,G8077,G8069,G8070,G8078,G8079,G8100"
112.50,23.80,0.20,0.18,28,"G8058,G8079,G8075,G8078,G8083,G8073,G8077,G8100,G8069,G2623,G2624,G8070,G8061,G8076,G8072,G8084,G8067,G8085,G8074,G2625,G8082,G8064,G8033,G8019,G8071,G8065,59271,G8066"
112.50,23.90,0.20,0.18,23,"G8084,G8100,G8079,G2624,G8078,G8077,G8061,G8033,G8069,G8013,G8073,G8064,GR009,G8070,G8075,G2623,G8058,G8333,G8076,G8083,G2616,G8014,G8072"
112.50,24.00,0.20,0.18,22,"G8013,GR009,G8084,G8033,G2706,G8333,G8031,G2760,G2624,G2707,G8064,G8100,G8330,G2616,G8079,G8078,G8061,G8077,G8014,G8520,G2615,G8069"
112.50,24.40,0.20,0.18,22,"G2763,G8513,G8517,GR054,G8337,G2761,G8521,G8421,59075,G8519,G8419,GR058,GR055,G8514,G2708,GR059,G8509,GR005,GR052,G8506,G8433,GR008"
112.50,24.50,0.20,0.18,21,"G8513,G2763,G8521,GR005,G8337,GR008,G2764,G8516,G8421,G8419,G8523,G2708,GR007,GR055,GR048,G8427,GR058,G2762,GR054,G8514,GR047"
112.50,24.60,0.20,0.18,28,"GR005,G8516,G2764,GR008,G2762,G8469,GR007,G8521,G8452,G8465,GR019,G8523,G8337,GR048,GR051,G8513,G2757,G2763,G8427,G8460,G2742,G8511,G2708,GR004,G8419,GR020,GR055,GR049"
112.50,24.70,0.20,0.18,26,"G8452,G8469,G8465,GR020,G8460,G8516,G2753,G2762,GR018,GR019,G8447,G2757,G8442,GR005,G2764,G8446,GR008,GR051,GR007,59072,G8511,G8508,GR049,GR021,G8338,GR013"
112.60,22.20,0.19,0.18,24,"G6624,G6505,G2151,G6539,G6538,G2170,G2174,G6523,G2184,G6533,G2173,G6524,G2176,GJ505,G6606,G2108,G6536,GJ501,G6535,GJ500,G6502,G2188,G6537,59478"
112.60,22.30,0.19,0.18,35,"G6533,G6538,G2176,G2173,G2170,G2151,G6539,G6502,G6537,GJ501,G6524,G6624,G6536,GJ500,G6509,G6532,G6530,59475,G6606,G6511,G6534,G2177,GJ205,G2178,G2166,G6505,GJ204,G6626,G2183,GJ203,G2172,G2174,G6656,G6644,59478"
112.60,22.40,0.19,0.18,42,"G6532,G6537,G6502,59475,G2178,G2177,G6530,G2176,GJ501,G2172,G6533,G6509,G6626,G2173,GJ500,G6534,G6623,G6536,G6538,GJ507,G6504,GJ205,G6524,G2171,G2170,GJ503,GJ204,G6511,G6656,G6620,GJ502,G6539,G6609,G2151,G2183,G6507,G6508,G6501,G2165,G6606,G2166,G6506"
112.60,22.50,0.20,0.18,42,"G6623,GJ507,G2178,G2172,G2177,GJ503,G6507,G6508,G6504,G6620,G6532,G6506,59475,G6626,G2171,G6638,G6537,GJ502,G6502,G6530,G6534,G6625,G2147,G2118,G6622,G2140,G6509,G2104,G6609,GJ501,G6501,G2107,G3011,GW201,G7021,G6656,GJ500,G6660,G2176,G2114,GJ205,G6533"
112.60,22.60,0.20,0.18,35,"G2140,G6507,G6508,G6506,G7021,G2114,G6623,GJ507,GW201,GJ503,G6638,G3011,G2118,G6620,G6622,G2145,GE303,G7030,G7044,G2172,GE302,G2178,G6625,G6504,G2146,G7040,G2147,G2177,G2171,GW200,G2107,GJ502,G2104,G7029,GE306"
112.60,22.70,0.20,0.18,47,"GE303,G7044,G7030,GE302,G2140,G7021,G7029,G2114,GE307,G7045,GE306,G2145,GE322,GE301,G7054,G7040,GW201,G7055,G7050,GE304,G7026,G7039,G7034,GW200,G7028,G7025,G7049,G7031,G3011,G6506,GE305,G8242,G7022,G6507,G6508,G2212,G2207,G7035,G8273,G7038,G6622,G2118,G7056,G6638,GE319,GE320,G2214"
112.60,22.80,0.20,0.18,51,"GE307,G7029,GE301,GE322,G7039,G7045,G8242,GE302,GE306,G7044,G7050,GE303,G7049,G2207,GE319,G7055,G7030,G7034,G8273,G8259,GE320,G7026,G7054,GE304,GE323,G7032,GE325,G8248,G7022,G7028,G8279,G8258,G8233,G7040,G7025,G7031,G7021,G2140,G7027,G2114,GE321,G8262,G7023,G7043,GE305,G7038,G2145,G2215,G7019,G2214,G8246"
112.60,22.90,0.20,0.18,64,"G8259,G8233,G8248,G8258,G8279,GE319,G8242,G7039,G2207,GE323,G2664,G7023,GE320,G8273,GE301,G8234,G7049,GE322,G8238,G8265,G7032,G7050,GE307,G8274,GE321,G8246,G7029,GE325,G8277,G7034,G8285,GE318,G7045,G8224,G7055,G7019,G8245,GE306,59278,G8244,G8226,G7026,GE313,G7027,GE302,G8250,G8253,G7020,G8278,G8260,G7024,G7044,GE304,G8256,G7054,G8230,GE324,GE303,G8270,G8267,G7022,G8263,G8257,G7030"
112.60,23.00,0.20,0.18,61,"G8234,G2664,G8274,G8244,G8277,G8238,G8233,G8226,G8250,G8265,G8258,G8248,G8253,G8279,G8263,G8278,G8257,G7023,G8245,G2670,G8259,G8285,G2693,59278,G2689,G8267,G2698,G8224,G8246,G2679,G2676,G8264,GE323,G8281,G7020,G2667,GE319,GE318,G2666,GE321,G8270,G2695,G2671,G2699,G8232,GE313,G2694,G8242,G2681,G2207,G7039,G7019,G2607,G8260,GE320,G2673,G8256,G2672,G7032,G8273,G2697"
112.60,23.10,0.20,0.18,55,"G8244,G8250,G2681,G8263,G8257,G2693,G2673,G2607,G8226,G2698,G8277,G2694,G8274,G2670,G2680,G8253,G8234,G8278,G2695,G2689,G2676,G2697,G2674,G2682,G2664,G8281,G8238,G2679,G2688,G2683,G2671,G8264,G8265,G8267,G8245,G2687,G2699,G2606,G2667,59278,G2690,G2691,G2666,G8233,G8285,G2672,G2696,G2665,G8258,G8232,G2675,G7023,G8248,G8269,G8239"
112.60,23.20,0.20,0.18,52,"G2680,G2674,G2681,G2606,G2673,G2607,G2675,G2687,G2682,G2692,G2691,G2694,G2697,G2688,G2683,G2659,G2651,G2698,G2693,G2695,G8216,G2690,G2684,G8263,G8257,G2654,G8194,G8250,59276,G8197,G2658,G8206,G8244,G2676,G8193,G8223,G8192,G2670,G8239,G2689,G6956,G8203,G2656,G8281,G8226,G2655,G2660,G8221,G2671,G8219,G8253,G8204"
112.60,23.30,0.20,0.18,45,"G2651,G2692,G2606,59276,G2675,G2659,G8192,G8203,G8206,G2658,G2674,G8197,G2656,G8204,G2680,G2655,G8223,G8194,G8195,G2687,G8217,G2691,G8216,G8221,G2684,G8208,G8211,G8193,G8196,G8222,G8209,G2681,G2673,G2654,G2682,G8219,G2607,G8189,G8198,G8287,G2653,G8240,G2688,G2660,G2697"
112.60,23.40,0.20,0.18,41,"G8217,G8203,G8208,G8192,G8196,G8209,G2651,59276,G8195,G2653,G8189,G8204,G8206,G2656,G8063,G2658,G8211,G8212,G2659,G2655,G8197,G2652,G8289,G8198,G8191,G2692,G8214,G8223,G8221,G2675,G8194,G2606,G8222,G8199,G8057,G8193,G8052,G8216,G8055,G2684,G6945"
112.60,23.50,0.20,0.18,34,"G8289,G8214,G2652,G8191,G2653,G8212,G8063,G8057,G8209,G8208,G8217,G8189,G8196,G8215,G8200,G8202,G8199,G8195,G8053,G8052,G8203,G8062,G8192,G2604,G8204,G8198,59276,G8055,G8211,G2656,G2651,G8206,G8205,G8190"
112.60,23.60,0.20,0.18,32,"G8053,G8215,G8214,G8057,G8062,G8067,G8289,G8202,G2652,G8191,G8200,G8190,G2625,G8213,G8201,G8212,G8082,G8063,G8083,G8066,G8052,G8205,G8065,G8199,GR066,59271,G2653,G8085,G2604,G8058,G8209,G8189"
112.60,24.40,0.20,0.18,25,"G8514,GR058,G8419,G8509,G8337,G2761,G2708,G8518,G2763,G8528,G8336,59075,GR057,G8529,G8513,G8526,GR059,G8517,G8523,G8506,G8507,G8519,GR008,GR054,G8521"
112.60,24.50,0.20,0.18,28,"G8337,G8419,G2708,GR058,G8523,GR008,GR007,G8514,G8526,G2763,GR005,G8513,G2762,G8516,GR057,G8316,G8317,GR004,G8528,G8518,G8521,G8507,G2765,G8529,G8511,G8509,G2764,GR006"
112.60,24.60,0.20,0.18,29,"G2762,GR007,GR008,G8516,G8523,GR004,G8511,G8469,G2765,GR005,G8316,G8317,G2708,G8508,G8337,G8452,G8419,GR006,GR012,G8526,GR058,G8515,G2764,G2753,G8521,G8514,G2763,G8513,G8465"
112.60,24.70,0.20,0.18,26,"G8469,G8452,G2753,G8508,G8511,G2762,G8447,G8516,GR010,GR012,GR004,GR007,G2765,GR008,G8465,GR020,G8515,G8523,GR006,GR011,G8457,G8316,G8317,G8442,GR021,GR005"
112.70,22.20,0.19,0.18,26,"G2184,G2151,G6606,G6525,59478,G6774,G6524,G2152,G6505,G6523,G6536,G6533,G6624,GJ500,G6603,GJ501,G6538,G2106,G6612,G6509,G6539,G2183,G2170,G2176,G6605,G2188"
112.70,22.30,0.19,0.18,33,"G6524,G6536,G6606,GJ500,GJ501,G2151,G6509,G6533,G2183,G6530,59478,G6534,G6502,59475,G2176,G6610,G6774,G6538,G6537,G6525,G6532,G2184,G2173,G2155,G2177,G6609,G2170,G6604,G6624,G6501,G6539,G2110,G2150"
112.70,22.40,0.19,0.18,42,"G6534,G6530,G6509,59475,GJ500,GJ501,G2177,G6536,G6609,G2183,G6501,G2171,G6502,G6532,G6610,GJ502,G6524,G6533,G6537,GJ507,G2155,G2178,GJ503,G6660,G6557,G6606,G2147,G2110,G2176,G6721,G2104,G2172,G6623,G2151,G6507,G6508,G6604,G6638,G2173,G6538,G2136,59478"
112.70,22.50,0.20,0.18,43,"G2171,GJ503,GJ502,GJ507,G2147,G6638,G6507,G6508,G2104,G2177,G6660,G6609,G6501,G2118,G6534,G6557,59475,G6530,G2178,G6623,G6697,G6532,G2146,G6509,G6553,G2172,G2136,G6610,G6721,GJ500,G6502,GJ501,G2183,G2155,G6537,G2140,G6536,G2110,G2117,G2145,G6556,G6506,G6552"
112.70,22.60,0.20,0.18,34,"G2118,G6638,G6507,G6508,G2146,G2145,G2140,GJ503,G2147,G2104,G6553,GJ507,G2117,G7040,G6697,GJ502,G2171,G6660,G2212,G6552,G7025,G6623,G7021,GE303,G2177,G6506,G6557,G2143,G7038,G6501,G6609,G7044,G2114,G2136"
112.70,22.70,0.20,0.18,40,"G7040,G2145,G7025,G2212,G2140,G7038,G7045,G7026,G7022,G7055,GE303,G2146,G7044,GE307,G7043,GE322,G2118,GE302,G2117,G7049,G2115,G7029,G2215,G7030,G6638,G6553,G7021,GE325,G6507,G6508,G2207,GE320,G7039,G7027,G7032,GE301,GE306,G2114,GE319,G6550"
112.70,22.80,0.20,0.18,57,"G7055,G7026,G7049,G7022,G7045,GE325,GE320,GE322,G2207,G7032,G7025,G7043,G7027,GE307,GE319,G2215,G7038,GE323,G7040,G7039,GE324,G7024,G2212,GE321,G7029,G7019,GE310,GE303,GE301,GE309,G7044,G2145,G8259,GE302,G8279,GE318,G8242,G7033,G7023,G2115,G8258,GE311,GE306,GE313,G7030,GE312,G7050,G7042,G2140,G6550,G8233,GE315,GE101,G7041,GE314,G8273,G8248"
112.70,22.90,0.20,0.18,70,"GE323,GE321,G7032,G7019,GE320,G7023,GE318,G8279,GE319,G2207,GE325,G8258,GE313,G7027,G7049,G7024,GE324,G8265,G7020,G8259,GE310,G8245,G7042,G8233,G7039,GE309,G7055,GE322,GE311,G7026,G2215,GE314,G7053,G2664,G7022,G7043,GE312,G8248,G2205,G7033,G7045,GE317,G8277,G8234,GE307,G8242,GE315,G8253,GE308,G7041,GE301,G7048,GE101,G7046,G7025,G7037,G7038,G8264,G8274,G8250,G6823,G7029,G8238,GE316,G8231,G8263,G8244,G2228,G6822,G8281"
112.70,23.00,0.20,0.18,64,"G8245,G8265,G8253,G7020,G8277,G7023,G8264,G8263,GE313,G8250,GE318,G8281,G8279,G8258,G8234,G2664,GE321,G2205,G7019,G8231,G8244,G8233,G2665,G7042,G7046,GE323,G7053,G8274,G8269,G7037,GE314,G2211,G7032,G8259,GE317,GE319,G7024,G8248,GE320,G2228,G8226,G8238,GE310,G2207,GE311,GE325,GE324,G6964,GE308,G7027,G2683,G2607,GE309,GE312,G6963,G8257,G7048,G6825,G7049,G2688,G6962,GE315,G2682,G8278"
112.70,23.10,0.20,0.18,57,"G8281,G8263,G8264,G8253,G2683,G2607,G8250,G2688,G2682,G2665,G8269,G2690,G8277,G8245,G2211,G8244,G8231,G6962,G2687,G8265,G6956,G2681,G7009,G2680,G7020,G8234,G2217,G6958,G2674,G7046,G8274,G2673,G2664,G2205,G6963,G7017,G2654,G8226,G7023,G8257,G6825,G6955,G8220,G2693,G2606,GE313,G6964,G7037,G8216,G2698,GE318,G6957,G6961,G2694,G7015,G8258,G8279"
112.70,23.20,0.20,0.18,63,"G2687,G2682,G2688,G2690,G2683,G2607,G2654,G8216,G6956,G2606,G2680,G2674,G8220,G8194,G8193,G8219,G8287,G2659,G7009,G2681,G8223,G8197,G6955,G6962,G8281,G7017,G2217,G8222,G8221,G2658,G8269,G8263,G2665,G2673,G2655,G6965,G8206,G2602,G8264,G2677,G2287,G2656,59276,G2211,G8250,G7015,G2675,G8253,G2291,59279,G8204,G2692,G2651,G6958,G6966,G6961,G7016,G6959,G6953,G8211,G2285,G7018,G7011"
112.70,23.30,0.20,0.18,51,"G8194,G8197,G8223,G2659,G2658,G8193,G8221,G8216,G2655,G8206,G8222,G2656,G8219,G8204,G8287,59276,G2654,G8211,G2687,G2606,G2602,G8198,G2651,G8220,G2677,G2682,G6945,G6956,G8203,G2688,G2674,G2690,G2601,G8208,G8209,G2680,G8192,G2692,G2683,G2291,G2607,G2675,G6955,G2287,G7011,G8217,G6951,G7017,G6965,G8212,G7009"
112.70,23.40,0.20,0.18,48,"G8198,G8211,G8204,G8209,G2656,G8208,G2655,G8206,G2658,G8212,59276,G8197,G8221,G8223,G6945,G2659,G8222,G8194,G8199,G8203,G8191,G2652,G8193,G8217,G8289,G2651,G8219,G2601,G2220,G8287,G8192,G8216,G8214,G2602,G8200,G8196,G8207,G2654,G8195,G2653,G2677,G6944,G8189,G2606,G8202,G2299,G8215,G2224"
112.70,23.50,0.20,0.18,43,"G8212,G8199,G8191,G2652,G8200,G8289,G8214,G8202,G8215,G8209,G8208,G8205,G8198,G8207,G8211,GR066,G8190,G2720,G2220,G8204,G2224,G8217,G6945,G6939,G2656,G8213,G6941,G8201,G2655,G8206,G6967,G2653,59276,G2299,G8196,G2658,G8057,G8203,G8063,G8189,G8221,G8053,G8197"
112.70,23.60,0.20,0.18,29,"G8215,G8202,G8190,G8213,G8200,G8201,G8205,GR066,G8214,G2720,G8191,G2652,G8289,G8199,G8053,G8212,G2625,G6941,G8207,G6939,G8067,G2224,G8057,G8209,GR067,GR070,G8321,G6967,G8322"
112.70,24.40,0.20,0.18,23,"G8518,G8528,G8529,GR057,G8514,G8509,G8336,GR058,G8507,G8526,G8419,G2708,G8554,GR056,G8337,G2761,59075,G8523,G8512,G2766,GR059,GR068,GR044"
112.70,24.50,0.20,0.18,28,"G8526,G2708,G8507,GR057,GR058,G8419,G8514,G8316,G8317,G8523,G8528,G8518,GR007,G2765,GR004,G8337,GR056,G8529,GR008,GR006,G2766,G2762,G8511,G8509,G8515,G8336,GR012,G8516"
112.70,24.60,0.20,0.18,28,"G2765,GR004,G8317,G8316,GR006,G8511,GR007,G8523,GR012,G8515,G2762,G8508,G8526,GR008,G2708,G8419,G8516,G8507,GR058,G8469,GR011,G2766,GR010,GR057,G8337,G8514,G8510,GR056"
112.70,24.70,0.20,0.18,22,"G8508,GR012,G8511,GR010,G8515,GR011,GR004,G2765,GR006,G2753,G8316,G8317,G2762,G8469,G2767,GR007,G8447,G8452,G8523,G8516,G8457,G8500"
112.80,22.10,0.19,0.18,23,"G2152,G6603,G6612,G6773,G2106,G2184,G6613,G2182,G6525,G6774,G6605,G6521,G6607,G2181,59478,G6615,G6529,G6772,G2188,G2153,G6523,G6771,G6770"
112.80,22.30,0.19,0.18,29,"59478,G6606,G2183,G6604,G6774,G2150,G6610,G6525,G2155,G6524,G6536,G2110,GJ500,G6509,GJ501,G6534,G2151,G6605,G6530,G6609,G6501,G6721,G2184,G2152,G6533,G2138,G6557,59475,G6603"
112.80,22.40,0.19,0.18,39,"G6610,G2155,G2110,G2183,G6609,G6501,G6721,G6557,G6604,G6534,G6660,GJ502,G2136,G2171,G6509,GJ500,G6530,G6536,G2147,G2103,GJ501,G2104,59475,G6606,G6524,G6556,G2177,G6697,G6558,G2150,59478,G6724,GJ503,G2137,G2138,GJ507,G6502,G2135,G6532"
112.80,22.50,0.20,0.18,38,"G6660,G6557,G2104,G2147,G6697,G2136,G6501,GJ502,G6609,G6721,G2171,G6556,G6553,G2118,G6638,G2110,G6552,G2155,G2143,G2146,GJ503,G6610,G2103,G2135,G2117,G6534,GJ507,G2141,G6507,G6508,G2183,G2177,G2137,G6530,G6604,G6558,59475,G6509"
112.80,22.60,0.20,0.18,36,"G6553,G2146,G2117,G6697,G6552,G2118,G2143,G2104,G2147,G6638,G2145,G6660,G6556,G2136,G2212,G2141,GJ502,G6557,G7040,G2115,G6508,G6507,GJ503,G2171,G2135,G7038,G7025,G6501,G6543,G6609,G6721,G2140,GJ507,G6550,G2142,G2103"
112.80,22.70,0.20,0.18,39,"G2212,G2115,G7038,G7025,G7040,G2117,G2145,G6550,G2146,G7043,G7022,G6553,G2215,G2144,G7026,G2142,G6551,G6552,G7055,G2118,G2143,G6697,G7045,G7027,G6638,GE325,G2140,GE324,G6559,G6562,59473,GE309,G7033,G7049,G2104,G2141,GE310,G7024,G6543"
112.80,22.80,0.20,0.18,62,"G2215,G7043,G7038,G7022,G7027,GE324,G7025,GE309,G2115,G7033,GE310,G7024,G6550,G7026,GE325,G2212,GE101,GE311,G7055,G7032,GE312,G2144,GE315,G6823,G7041,G7040,GE320,G7019,G7049,G7036,GE316,GE321,G6551,G2207,G7042,G2142,GE323,GE314,G6818,G2113,G7045,G7048,GE318,GE308,GE317,G6824,GE322,GE313,GE319,G2145,G6822,G7053,G6559,G2258,G6930,GE307,G2117,G6861,G6661,G6562,G2257,59473"
112.80,22.90,0.20,0.18,71,"GE311,GE310,G7024,GE309,G7042,GE312,GE324,GE314,G7033,G7019,GE315,GE317,G7053,GE313,G7041,G7027,GE308,GE318,G7048,GE321,GE101,G6823,GE316,GE325,G2205,G6822,G7032,G2215,G7020,G7036,G7037,G2258,GE323,G2228,G7043,GE320,G7046,G6824,G7023,G8245,G7022,G2207,G7068,G8279,G6818,G7049,G7069,G7026,GE319,G8231,G8265,G6930,G6820,G6964,G7055,G7038,G6827,G6550,G8258,G2113,G6845,G6868,G7025,G2255,G2144,G8264,G2115,G6864,GE322,G8253,G2264"
112.80,23.00,0.20,0.18,80,"G2205,G7046,G7037,G8231,G7020,G7053,G2228,G7042,GE313,GE317,G6964,GE314,GE308,G8264,G8245,G2665,GE318,G2211,G6963,G6825,G8269,G7048,G8281,GE311,G7019,G2255,G6822,GE312,G8253,GE321,G6827,G8265,GE315,G7068,G2254,GE310,G7023,G6958,G7041,G7024,G2258,GE309,GE316,GE324,G7033,G6865,G6962,G8263,GE101,G6823,G8277,G6820,G2271,G6828,G7069,G8279,G6929,G7027,GE323,G8250,G6824,G7032,G7036,G6957,G6808,G6826,G7009,G8258,GE325,G6868,G2217,G6821,G2683,G7058,G7018,GE320,G2273,G6961,G2264,GE017"
112.80,23.10,0.20,0.18,80,"G8269,G2211,G2665,G6962,G6958,G8231,G6963,G7009,G8281,G8264,G6825,G2217,G2683,G6957,G6964,G7046,G2690,G6961,G6828,G7018,G7017,G6956,G7015,G6959,G2688,G6955,G6960,G7006,G2254,G7016,G7037,G6865,G2205,G2228,59279,G6965,G8253,G2682,G2255,G8263,G2285,G7020,G8220,G7014,G8245,G6842,G6966,G7013,G2271,G2287,G6850,G2607,G7053,G7061,G2289,G2273,G8250,G6827,G7065,G2687,G2654,G6953,G6954,GE313,GE317,G8277,G7058,G8265,G7042,G6933,G7001,GE314,G6866,G6826,GE308,G7062,G7068,G6952,G6843,GE318"
112.80,23.20,0.20,0.18,86,"G6956,G8220,G6955,G7017,G7009,G2217,G6965,G2690,G2287,G6962,G2654,G7015,59279,G6966,G2683,G2688,G6961,G7016,G2285,G6959,G6953,G2291,G7018,G2677,G8287,G8216,G8219,G7006,G6957,G6958,G2602,G2682,G6960,G2687,G7011,G8269,G6954,G8193,G6933,G2289,G2211,G7013,G2286,G2665,G7014,G2288,G6952,G8194,G6828,G6850,G2297,G8222,G7001,G2290,G6951,G6842,G2607,G6934,G8281,G6963,G6843,G8221,G8223,G6825,G8264,G7065,G8197,G8231,G2601,G2659,G2655,G6865,G7061,G2296,G6938,G6839,G2658,G2606,G6950,G6862,G7012,G6964,G2218,G2254,G7062,G6948"
112.80,23.30,0.20,0.18,87,"G2602,G8287,G2677,G8219,G8222,G8193,G2291,G2601,G2654,G8220,G8221,G8216,G7011,G6951,G8194,G8223,G6945,G2287,G2290,G6938,G2655,G8197,G6965,G6953,G6956,G6955,G2286,G8211,G2658,G2210,G6944,G6966,G7017,G7003,G6934,G2659,G2297,G8198,G2288,G2656,G6948,59279,G8206,G2296,G8204,G6933,G6946,G2687,G2690,G6954,G6952,G2285,G7015,G7009,G2217,G2220,G7016,G2298,G2688,G6935,G2289,59276,G6947,G6959,G6961,G2218,G2682,G2683,G6949,G2227,G7001,G6962,G7013,G6936,G7012,G7018,G7006,G6937,G6960,G6843,G2606,G7010,G2299,G2294,G7014,G6850,G6957"
112.80,23.40,0.20,0.18,69,"G6945,G2220,G2601,G8198,G6944,G8211,G2299,G8222,G8221,G2227,G6938,G2602,G6946,G6937,G2655,G8207,G7003,G2210,G6942,G8223,G8287,G6951,G8219,G8199,G2677,G7008,G8204,G2224,G8193,G2656,G8197,G8194,G2658,G8212,G8206,G6948,G8209,G7004,G2291,G7000,G6967,G6939,G2290,G6947,G7011,G7010,G2659,G8208,G8216,G2298,G6936,G6943,59276,G2654,G2296,GR032,G8200,G6941,G8191,G6934,G8220,G2652,G3409,G2286,G6935,G3119,G2297,G2287,G8289"
112.80,23.50,0.20,0.18,47,"G8207,G2224,G8199,G6939,G2220,G6967,G6941,G2299,G8205,G8200,G2720,G6942,G7008,GR067,GR066,G8212,G8202,GR070,G6937,G6945,G8198,G2227,GR032,G8215,G8191,G2652,G6944,G7000,G8289,G8190,G8214,G2601,G8209,G8211,G7004,G6946,G2703,G8213,G8208,G8201,G7003,G6943,G3409,G2210,G8204,G6938,G7010"
112.80,23.60,0.20,0.18,34,"G2720,GR066,G8205,G6941,G8190,G8213,G8201,G8202,G6939,GR070,GR067,G8200,G8207,G8321,G6967,G8215,G2224,G8199,G8322,G8320,G8313,G8335,GR032,G2703,G2299,G8191,G8214,G7008,G2652,G8212,G6942,G2220,G8289,G8334"
112.80,23.70,0.20,0.18,26,"G8322,G8335,G8321,G8201,G8213,GR065,G8190,GR066,G2720,G8205,G8331,GR071,G8320,G2726,G8334,G6941,G8202,GR070,G2625,GR069,GR067,G8215,G8328,G8313,G8200,G6939"
112.80,24.50,0.20,0.18,22,"G2766,GR056,G8507,G8526,G8524,GR057,G8564,G8316,G8317,G8510,G8528,G8518,GR006,G8514,G8529,G2708,G2765,GR058,G8419,GR004,G8523,G8515"
112.90,22.00,0.19,0.18,24,"G2182,G6529,G6613,G6607,G6521,G6773,G6771,G2158,G2187,G6615,G2181,G6772,G2186,G6612,G6703,G6707,G6608,G6603,G6704,G6708,G2106,G2153,G6770,G2152"
112.90,22.10,0.19,0.18,23,"G2181,G6603,G6607,G6615,G6772,G6771,G6770,G6605,G2152,G2182,G6613,G6773,G2191,G6612,G6525,G6529,G6774,G2106,G6521,G2158,G2150,G2111,G2184"
112.90,22.20,0.19,0.18,29,"G6605,G2150,G6603,G6774,G6525,G2152,G6770,59478,G2191,G2181,G2190,G6615,G6772,G6607,G6604,G6771,GJ100,G2134,G2138,GJ101,GJ108,G2184,GJ106,GJ102,G6698,G6606,G2111,G6706,G6702"
112.90,22.30,0.19,0.18,34,"G2150,G6604,G2138,G6605,G2155,G6724,G2110,59478,G2190,G6774,GJ102,GJ101,GJ108,G6610,GJ104,GJ103,G6525,GJ100,GJ105,G6558,G2183,G2134,G6720,GJ107,G6500,G6721,G6606,G2103,G2130,G6546,G6722,G2137,G2191,G2152"
112.90,22.40,0.19,0.18,40,"G2110,G6558,G6724,G6604,G6721,G2103,G2155,G2138,G2137,G6610,G2130,G2136,G6557,G6720,G6556,GJ105,G2135,G2192,G6554,G6501,G2183,G2150,G6546,G6609,GJ104,G6660,G6500,GJ103,GJ102,GJ107,GJ101,G2194,GJ108,G2132,G6697,G2197,G2141,GJ502,G2104,GJ100"
112.90,22.50,0.20,0.18,47,"G6556,G2135,G2136,G2103,G2137,G6721,G2141,G2143,G2192,G6557,G6697,G6558,G6552,G2110,G6660,G2130,G6724,G2104,G2195,G2155,G6554,59476,G6560,G6540,G6553,G6501,G6543,G2147,G6609,G2197,G2125,G2194,G2117,G6610,G6555,GJ502,G6604,G6720,G2146,G6546,G2171,G2101,G6542,G2138,G2127,G2118,GJ105"
112.90,22.60,0.20,0.18,44,"G2143,G6552,G2141,G6543,G6556,G2117,G2135,G6540,G6553,G6697,G2125,G2195,G2136,G2146,G2142,G2104,G2103,G2192,59476,G6560,G2137,G2115,G6551,G2129,G2116,G6660,G6562,G6557,59473,G6555,G2118,G2101,G2147,G2126,G6541,G6542,G6550,G6721,G2212,G2144,G2197,G6544,G6559,G6638"
112.90,22.70,0.20,0.18,46,"G2142,G6551,G2115,G6550,G2144,G6562,59473,G6559,G2116,G2117,G6543,G6552,G6661,G2212,G2143,G7038,G2126,G2141,G2113,G2125,G2257,G6540,G6553,G2148,G7025,G7043,G2146,G2215,G6861,G6541,G6818,G2265,G2195,G2129,G7040,G7022,G6856,G6697,GE101,G7036,G6823,G2145,G7057,G7033,G6556,G6930"
112.90,22.80,0.20,0.18,70,"G2144,G6550,G2113,G6551,G6818,G2142,G6559,G7036,GE101,G6823,G2257,G6661,G6861,G2115,G6930,G7033,G2265,G6824,GE316,G6562,G7041,59473,GE315,G2215,GE309,GE312,G6819,G2148,G7043,GE311,G6856,G6845,GE310,G2258,G6864,GE324,G7038,G2116,G7048,G6822,G7057,G6907,G7024,G7069,G2212,G7027,GE308,GE210,G7022,G7025,G6868,GE314,G6820,GE317,G2241,G6863,G6931,GE208,GE209,G7042,G2263,G6906,GE325,G7068,G7053,G2264,G2126,G7026,G7019,G6811"
112.90,22.90,0.20,0.18,104,"GE316,G2258,G6824,G7036,G6822,G6823,G7041,G7048,GE101,GE315,G7069,GE308,G6930,GE312,G6818,G6820,G6845,G7033,GE317,G6868,G7068,GE311,GE314,G6864,GE309,G2113,G7053,G6819,G2264,G7042,GE310,G6827,G2228,G6861,G6821,G7037,G2265,G2263,G6808,GE324,G6811,G7024,G6863,G6929,G2205,G6931,G2225,G2257,GE027,G2255,GE210,G2144,G7046,G6907,G2226,G3200,G2215,G6964,GE313,G7027,G7019,G6550,GE020,GE028,G6661,G6856,G6559,GE017,G6809,GE318,G6826,G2202,GE026,GE018,G6906,G7057,G2254,G7043,G7020,GE218,G6551,GE321,GE209,G2148,G6849,G6802,GE325,G8231,G2142,G2271,G6801,GE208,G6810,G6825,GE240,G6803,G6963,G7032,G2115,G6812,G2241,G6562,59473,G6851"
112.90,23.00,0.20,0.18,127,"G6827,G2255,G2228,G7068,G6964,G7037,G2254,G6929,G6820,G6822,G7046,G6808,G6825,G2271,GE308,G2258,G6826,G6963,G6821,G7048,G7069,GE317,G6865,G2205,G7053,GE017,G6868,G3200,G2264,GE314,G6849,G7058,G8231,G2225,GE018,G6802,GE027,GE316,G2273,G6824,G7042,G7041,G6845,GE026,GE315,G6828,G2211,GE312,G6809,G6812,G6958,G6811,G6851,GE311,G7036,G6823,G6866,G6801,G2263,G2202,G6864,G6844,GE101,GE005,GE020,G6810,G2665,G6930,G7061,G8269,G7020,G6957,GE313,GE006,GE028,G2267,G7033,G2226,G2270,GE007,GE008,G6818,GE309,GE025,G6842,G6863,GE019,G6819,GE310,G6838,GE009,G7018,G6962,G6803,G6807,G6960,G6931,G7065,G8264,G7062,GE318,G6961,G2204,G7006,G6867,G7014,G2221,G7024,GE010,G6814,GE240,G7019,G6959,GE324,GE014,GE011,GE024,G6850,G2217,GE218,G8245,59288,G8281,GE012,G7009,GE210,G2113"
112.90,23.10,0.20,0.18,119,"G6828,G6865,G6825,G6957,G6958,G6963,G2254,G2271,G7018,G6960,G2273,G6842,G7061,G7006,G6961,G7014,G6959,G6964,G2255,G7065,G7058,G6850,G6866,G2211,G7016,G7015,G7013,G6962,G2217,G7062,G6826,G7009,G6838,G2285,59279,G8269,G2289,G6839,G6827,G6849,G8231,G6832,G2665,G7017,59288,G7001,G2228,G6844,G7046,G6929,G2267,G6966,GE017,G6843,G6802,G6955,G6965,G7037,G6954,G6867,G6933,GE018,G6851,G7068,G6808,G6862,G6812,G3200,G2287,G6952,G6953,G7064,G2270,G2205,G6821,G2288,G6956,G6840,GE005,GE007,G6833,GE026,G2280,G2225,G8264,G6950,GE006,G2286,G8220,G2690,G8281,GE008,G6820,G6801,G7059,GE027,G6809,G6810,G2297,G7053,G7002,GE009,G2683,GE317,G2264,G6822,GE308,GE010,G2221,GE025,G7067,G6868,G7069,G2291,G2202,G7048,G2258,G6934,G7011"
112.90,23.20,0.20,0.18,109,"G2285,G2289,59279,G7016,G6966,G6954,G7013,G6933,G7015,G6959,G7006,G6953,G7001,G6960,G6850,G7014,G6952,G6961,G7018,G6965,G2287,G2288,G6843,G7017,G2286,G6955,G6842,G6957,G2297,G2217,G7065,G6839,G7009,G6934,G7011,G6828,G2291,G6862,G6950,G7061,G2290,G6958,G6832,G8220,G6840,G7062,G6962,G7012,G2218,G2677,G7002,G6956,G2296,59288,G6951,G7064,G6838,G6935,G7005,G6865,G2273,G6866,G6949,G7067,G2602,G2216,G6963,G6825,G2292,G2211,G6948,G2690,G6938,G8269,G2254,G2271,G7063,G2654,G2294,G7059,G8287,G7058,G2298,G2295,G6867,G2279,G8219,G2210,G3254,G2276,G2665,G7003,G2268,G2267,G2683,G2280,G6844,G3452,G6964,G2601,G2688,G7066,G6947,G8216,G7060,G8193,G2255,G6826,G6936"
112.90,23.30,0.20,0.18,101,"G2290,G6951,G7011,G6934,G2296,G2286,G2297,G6938,G6948,G2291,G2210,G6935,G2288,G7003,G2298,G6953,G2218,G2677,G6949,G6952,G6933,G7012,G2287,G2602,G6954,G6947,G6946,G2294,G6944,G6966,G2601,G6936,G6965,G6950,G2289,G7001,G2285,G6843,59279,G2292,G7010,G7005,G2216,G8220,G6955,G8287,G3253,G7016,G7013,G7017,G3119,G7015,G8219,G6840,G7002,G6862,G2293,G2227,G6945,G6850,G6959,G3252,G7004,G2295,G7006,G3452,G6943,G7014,G6937,G8222,G6961,G6960,G7018,G6839,G2654,G8193,G2217,G7067,G6956,G3254,G2220,G7000,G7009,G6842,G7063,G3256,G8221,G7065,G2299,G8216,G6957,G6942,G6832,G3409,G8194,G7064,G7008,G8223,G2268,G7062,G6962"
112.90,23.40,0.20,0.18,72,"G6946,G6944,G2227,G6937,G7003,G2210,G7004,G7010,G6947,G6938,G7000,G2299,G6942,G6943,G6936,G7008,G6948,G2298,G2220,G2601,G3119,G3409,G6951,G6945,G2296,G2290,GR032,G6935,G2294,G2224,G6949,G3252,G3253,G3126,G6967,G8207,G7011,G6934,G2602,G2218,G2677,G2293,GR033,G2291,G6939,G3420,G2297,G2286,G7012,G2288,G8198,G2292,G8222,G8287,GR067,G6941,G6953,G8219,G2703,G6952,G1026,GR070,G7005,G2216,G3452,G8221,G6933,G8211,G2287,G3256,G8199,G6954"
112.90,23.50,0.20,0.18,45,"GR032,G6967,G7008,G6942,G2224,G2299,G6939,G6937,GR067,G7000,GR070,G6941,G2227,G8207,G2703,G7004,G3409,G2220,G6943,GR033,G6944,G7010,G6946,G3126,G8313,G2720,G3119,G8320,G7003,G6947,G6936,G8205,G2210,G8199,G6945,GR066,G3420,G6938,G2601,G2298,G6948,G3252,G8200,G8321,G1073"
112.90,23.60,0.20,0.18,38,"GR070,GR067,G8320,G8313,G6941,G2703,G8321,G6939,G6967,G2720,GR032,G2224,GR066,G8322,G8334,G8205,G8207,G7008,G6942,G2299,G8301,GR033,G8300,G8190,G7000,G8335,G8201,G6937,G8213,G8304,G3409,G2227,G2701,G2220,G8202,G8200,G7004,G8199"
112.90,23.70,0.20,0.18,30,"G8321,G8322,G8334,G8335,G8320,GR069,G8313,G2701,G8331,G8328,GR065,GR070,G8302,G2720,G8327,G8301,GR067,GR066,G6941,G8304,G2703,G8201,GR071,G8213,G8437,G8190,G8205,59280,G8300,G6939"
112.90,23.80,0.20,0.18,21,"G8328,G8331,GR069,G8335,G8323,GR065,GR071,GR064,G8322,G2701,G8334,G2723,G8326,G8321,G8327,G8329,G2722,G8302,G2726,G8320,G8437"
113.00,22.00,0.19,0.18,28,"G2158,G6771,G6607,G2187,G6772,G6615,G2186,G2181,G6703,G6707,G6529,G1225,G2182,G6770,G3982,G3983,G6613,G1235,G1234,G1208,G6608,G6708,G6704,G2191,G2111,G3999,G1269,G6521"
113.00,22.10,0.19,0.18,32,"G6772,G6615,G6770,G6771,G2181,G2191,G6607,G2111,G1225,G1269,G2158,GJ106,G6605,G1202,G3982,G3983,G3966,G1208,G6698,G1268,G6603,G2193,G2190,G2182,G6706,G6702,G3958,G1254,G6613,G3986,G6529,G2152"
113.00,22.20,0.19,0.18,43,"G2191,G2190,G6770,GJ106,G6698,G2134,GJ100,G6702,G6706,G2111,G2193,G6605,G1268,GJ101,GJ108,G2181,G2120,G6772,G6615,GJ102,G1202,G3966,G2150,G1269,G6722,G6771,GJ103,G3958,GJ107,G3954,G2138,GJ104,G6607,G6500,G3967,G1225,G6603,G1254,GJ105,G3986,G6593,G3957,G2112"
113.00,22.30,0.19,0.18,47,"GJ101,GJ102,GJ108,GJ100,G2134,GJ103,G2190,G2138,GJ107,GJ104,G6500,GJ105,G6722,G6720,G2120,G6706,G6702,G6724,G6593,G6546,G2150,G6698,G2133,GJ106,G6558,G2193,G2130,G6604,G2132,G2112,G2191,G1268,G6605,G6554,G3954,G6517,G6518,G3967,G6770,G2137,G2111,G1265,G3958,G1202,G2103,G2110,G2194"
113.00,22.40,0.19,0.18,51,"G6720,G6724,G2130,G6546,GJ105,G6558,G6554,G2138,GJ104,G6500,G2132,G2137,GJ103,GJ107,G2194,G2192,GJ102,G2103,G6593,GJ101,GJ108,G2133,G2197,G6722,G6517,G2198,GJ100,G2134,G2135,59476,G6560,G6604,G2110,G6721,G2190,G6518,G6555,G2127,G2131,G2120,G2155,G1257,G6556,G2136,G2112,G2150,G2195,G6542,G6706,G6702,G2101"
113.00,22.50,0.20,0.18,49,"G2192,59476,G6560,G2137,G2197,G6554,G2194,G2135,G2130,G6555,G2195,G2103,G6558,G2127,G6542,G2101,G6540,G2141,G6556,G2132,G6724,G2125,G6546,G6720,G6543,G2136,GJ105,G2198,G2129,G2143,G6544,G6517,G2131,G6721,G2196,G6552,G2138,G6500,G2128,GJ104,G6541,G2110,G2133,GJ107,GJ103,G2123,G6593,G6697,G6557"
113.00,22.60,0.20,0.18,48,"G6540,G2125,G2195,G6543,G2129,G2101,G2141,G6542,G6560,59476,G6555,G6541,G6544,G2126,G2128,G2135,G2127,G6700,G2192,G2143,G2197,G2116,G6552,G6556,G2137,59473,G6562,G2194,G2124,G2142,G6554,G2103,G6910,G6551,G2055,G2130,G2064,G2123,G2196,GE231,G6559,G2136,GE233,G2117,G2021,G6697,G6216,G6558"
113.00,22.70,0.20,0.18,60,"G2116,G2126,59473,G6562,G6541,G6559,G2142,G6551,G6661,G2148,G6543,G2129,G2125,G6700,G6910,G6540,G2257,GE233,G2144,GE227,G2128,G6856,G6544,G7057,G2195,G2241,GE231,G6550,G2235,G2265,G2113,G6861,G2237,GE208,G2141,G2101,G2115,G6542,G2124,GE228,G6907,GE232,GE209,GE229,G2143,G6818,G6552,G6555,G6920,G6216,G2055,G6919,G6560,59476,G6819,G6906,GE210,GE212,GE230,G6930"
113.00,22.80,0.20,0.18,85,"G2257,G6661,G2148,G6856,G2265,G6861,G7057,G6559,G2113,G6907,G2241,59473,G6562,GE208,G6819,GE209,GE210,G6818,G2116,G6930,G6906,G6551,G2144,G6864,G2142,GE227,G6931,GE212,G6863,G2235,G6845,G2208,G7036,G6824,G2126,GE233,G6550,G2263,GE236,G6919,G6910,G6823,GE218,G7069,G2226,GE101,G6868,G6908,G6920,GE316,G6811,G6905,GE235,GE229,G2258,G2264,G6820,G2237,G2239,G7041,G6925,GE028,GE228,G6541,GE230,GE231,G6700,GE214,G2115,GE020,GE234,GE219,G7033,G6917,GE315,GE237,G6822,GE027,GE240,GE217,G6821,GE312,G7048,GE220,G2225"
113.00,22.90,0.20,0.18,146,"G6864,G6863,G2263,G6819,G6845,G6931,G6811,GE210,G6868,G2226,G6930,G2264,G7069,G6907,GE028,G6820,G2265,G6861,GE218,GE020,G6906,G6824,GE027,G6818,G6821,G2225,GE209,G2258,G6808,G2113,G6856,G2202,G6809,G7057,GE240,G2257,G7036,GE208,GE219,G6908,GE212,G7068,G6803,G3200,G2208,GE026,G6925,GE316,G6929,G2241,GE220,G6822,G6807,G6801,GE235,G6823,GE019,G6810,GE018,G6804,G6661,G6909,GE017,G2148,G6827,GE217,GE236,GE101,GE014,G7048,G7041,G2234,G6917,GE013,GE015,GE012,G6814,GE029,GE025,GE005,G2204,G6905,G6812,G6802,GE006,G6805,GE011,G6559,GE315,GE308,G6826,G6851,G6849,GE234,GE008,GE009,G6806,GE312,G6919,GE016,GE024,G2255,G2238,G7033,GE214,GE205,GE007,GE317,G2201,GE001,G2235,G2221,G2144,GE204,GE010,GE030,GE031,GE032,G2228,G2239,GE023,59473,GE002,GE314,G6562,GE227,GE311,G2270,G7058,G2271,G6800,G2233,G6551,G7037,G2222,GE004,G7053,G2254,GE309,G2244,GE003,GE022,G6844,G6920,G2142,G6550"
113.00,23.00,0.20,0.18,158,"G3200,GE018,GE017,G2225,GE026,G6808,GE027,G6809,G6821,G6929,G6802,G6801,G6812,G6849,G2202,G6810,G6826,G6851,GE005,G2264,GE006,GE020,G6811,GE019,GE025,GE008,GE028,G6807,G6803,GE007,G6827,GE009,G7058,G6868,G2204,G6820,G6814,G2270,G2226,G7068,G2271,G6844,G2263,G2221,GE014,GE011,GE010,GE240,GE024,GE012,G2255,G7069,GE013,G2267,GE023,G6804,GE015,G2254,G2273,GE022,G6845,G6800,GE218,G6863,G6866,GE001,G2201,G6864,GE219,GE029,G6865,G2234,G6931,GE220,GE016,GE031,GE030,GE032,G6909,GE002,G6867,G2258,G6813,G6833,GE004,G2223,G6806,GE021,G6838,G6822,G6819,GE003,G6805,G6964,G6824,G2228,G7061,G6835,G6925,G6855,GE210,G6930,GE217,G2256,G6847,G2259,G6825,G6908,G2222,G7062,G2260,G7048,G6963,G2280,59288,G7037,G6860,G6828,GE308,G2261,GE316,G6906,G2233,G6907,GE204,G7065,G7036,G6818,GE235,G6853,G6842,G6917,G2253,GE317,G6832,G7046,GE209,G6861,G2265,G2238,G7041,G6823,G2208,GE212,G2274,G7053,GE314,GE315,G6958,G9573,G6957,G6839,G6836,G2205,G2272,GE101,G7014,G7064"
113.00,23.10,0.20,0.18,166,"G6866,G6838,G2267,G6844,G6867,G2273,G7058,G7062,G7061,59288,G2270,G6849,G6833,G2271,G6832,G7065,G6802,G2280,G6851,G6826,G6812,GE007,G6865,G6842,G6839,G7064,GE017,GE018,GE005,GE008,GE006,G7059,G2254,GE010,GE009,G2221,G6828,G2261,GE022,G6850,G7014,G6853,G3200,G6801,GE025,GE026,G6810,G6929,GE023,G6813,G6862,G7060,G6960,G6800,GE024,G7013,G2255,G2276,G6835,G2204,G7006,G6957,G6808,G6843,G6809,G2223,G7001,G6840,G6841,G7018,G2279,G6814,GE019,GE011,G2225,G6825,G2289,G6827,G6959,G7067,G2202,G6821,G6961,G6807,GE027,GE021,G6860,G6963,G7066,G7002,GE001,GE014,G6834,G7016,GE012,G6958,GE004,G6950,G2201,GE002,G6847,GE013,G2285,G2259,G6803,G6964,G6836,G2256,GE032,GE030,GE031,G7015,G7063,G6954,GE020,GE015,G2260,G6855,GE003,G7068,59279,G6933,GE016,G2268,G2264,G6952,G6830,G6804,GE028,G2248,GE240,G2272,G6811,G6966,GE029,G6820,G6852,G9573,G2217,G2288,G2234,G7005,G3310,G6806,G3254,G6868,G2251,G2228,G2216,G6837,G6858,G2226,G2211,G6953,G6962,G2206,G2281,G7012,G7009,G2222,G6965,G7017,G6909,G2263,G2297,G7069"
113.00,23.20,0.20,0.18,136,"G6862,G6840,G7064,G6839,G7002,G6950,G6832,G7067,G6843,G7001,59288,G7062,G7059,G7065,G7063,G2279,G7005,G2276,G6850,G2216,G2289,G7013,G2268,G6838,G6952,G7012,G6842,G3254,G7014,G7066,G6933,G7061,G6954,G7060,G2292,G2295,G2288,G2280,G2218,G2297,G6867,G6866,G6960,G7006,G2285,G2251,G6934,G2286,G6841,G7016,G3452,G2248,G6959,G6966,G6949,G6953,G7018,G6935,G2273,59279,G6830,G6829,G6833,G2267,G6853,G6961,G7015,G2296,G6957,G6828,G2261,G2294,G6844,G2290,G2282,G2287,G7058,G6965,G3256,G7011,G6865,G2275,G2247,G6834,G2206,G2270,G2271,G2293,G7017,G2291,G2298,G6948,G6859,G6955,G3253,G2217,G2250,G6858,G6958,G6951,G6849,G6831,G1043,GE007,G2254,G6851,G6826,G6835,G6802,G7009,GE022,G3310,G6836,G6813,G6812,G2249,GE010,G6947,G6936,G3252,G2221,G6938,G6852,G3404,GE008,G6825,G2210,G9488,GE009,G6860,GE005,G6962,G2677,G9487,G6963,GE006"
113.00,23.30,0.20,0.18,114,"G2292,G2294,G6949,G2218,G2216,G7005,G7012,G6935,G3452,G2295,G2293,G3253,G2296,G2298,G3254,G6950,G3256,G7002,G6934,G3252,G6948,G6936,G2297,G7063,G6947,G6840,G7067,G6829,G2288,G3119,G2290,G2268,G6952,G6862,G2286,G6843,G7010,G2210,G1043,G6933,G7003,G6938,G7001,G6951,G6954,G1026,G2251,G2279,G2250,G6946,G7011,G2282,G6953,G2289,G7064,G7066,G6839,G6943,G2276,G2275,G6859,G2291,G2248,G3420,G3255,G6944,G6966,G7004,G7013,G6832,G7059,G6850,G2285,G9488,G3412,G2287,G7060,G3409,G7014,G3126,G6830,G7065,59279,G2227,59288,G2677,G7000,G7016,G3411,G7062,G6965,G6842,G7006,G2247,G6937,G9847,G6960,G9846,G2249,G9845,G6959,G6841,G3404,G2601,G7015,G2602,G6831,G6838,G7018,G2280,G9571,G7061,G6961,G2206"
113.00,23.40,0.20,0.18,77,"G3119,G3252,G6943,G7010,G6936,G3253,G3420,G3409,G3126,G6947,G7004,G2293,G7000,G2298,G1026,G2294,G6946,GR033,G2227,G6948,G7003,G6949,G6937,G2210,G6935,G3256,G3411,G1073,G6944,G2296,G3452,G6942,G7008,G6938,G2218,G2292,GR032,G1043,G2299,G7012,G2295,G2216,G9484,G7005,G2290,G6951,G6934,G3412,G3254,G2250,G6829,G3416,G1025,G2297,G3255,G2703,G2220,G2601,G9847,G2286,G6950,G6967,G9833,G7011,G2288,G2224,G7002,G9485,G7063,G9846,G9488,G9571,G6859,G6952,G2268,G2282,G3259"
113.00,23.50,0.20,0.18,51,"GR033,G3126,G3409,GR032,G2703,G7000,G3420,G6943,G7004,G1073,G7008,G6942,G6937,G3119,G2227,G7010,G6967,GR067,G8313,GR070,G2299,G3252,G9484,G2224,G6939,G8300,G6936,G3411,G1026,G8303,G6947,G8320,G6946,G6941,G3253,G1025,G3259,G2715,G2293,G2705,G6944,G2298,G7003,G8207,G8301,G2220,G2210,G3416,G6948,G2294,G2716"
113.00,23.60,0.20,0.18,36,"G8313,G2703,G8300,G8320,G8301,G8304,G8334,GR070,GR067,GR033,GR032,G8302,59280,G8321,G6967,G6941,G2701,G8303,G2705,G6939,G3126,G3409,G8437,G1073,G7008,G2715,G8312,G7000,G2224,G6942,G8322,G8306,G8327,G2716,G3420,G7004"
113.00,23.70,0.20,0.18,24,"G8334,G2701,G8302,G8301,G8304,G8327,59280,G8437,GR069,G8320,G8313,G8300,G8321,G8306,G8312,G8322,G8307,G8328,G2703,G8335,GR070,GR067,G2704,G8331"
113.00,23.80,0.20,0.18,25,"G8327,GR069,G2701,G8328,G8302,G2723,G8437,G8307,G8329,G8334,59280,G8331,GR064,G8304,G8306,G8323,G8326,G8301,G8335,G8312,G8322,G8321,G8308,G8320,GR071"
113.00,25.00,0.20,0.18,22,"G4545,G4542,G8505,G8504,G4543,G4567,G4544,G4536,G8503,G1414,G1462,G1410,GF209,GF098,G4548,G8502,GF099,G1415,G4563,G9880,G4566,G1464"
113.10,21.90,0.19,0.18,23,"G1235,G1234,G2158,G6707,G6703,G2187,G2186,G3999,G1214,G1203,G3982,G3983,G3985,G3984,59682,G6708,G6704,G1286,G6608,G1208,G1274,G1225,G1207"
113.10,22.00,0.19,0.18,36,"G1235,G1234,G3982,G3983,G3999,G1225,G1208,G2158,G1274,G3985,G3984,G1269,G1241,G1207,G6771,G1203,G2187,G1214,G6772,G2111,G6615,G2186,G6607,G6703,G6707,G3966,G2181,G6770,G1286,G1202,59682,G1254,G1293,G3993,G2191,G3986"
113.10,22.10,0.19,0.18,46,"G1269,G1225,G2111,G1208,G3982,G3983,G3966,G1202,G1254,G2191,G3986,G1268,G3958,GJ106,G1241,G6770,G3993,G2193,G1274,G6771,G3999,G6772,G1234,G1235,G6698,G3968,G6615,G2181,G1278,G3954,G1290,G6706,G6702,G1207,G2158,G6607,G1260,G3957,G3951,G3962,G3985,G3984,G3967,G2120,G2190,G1293"
113.10,22.20,0.19,0.18,63,"G2193,G1268,GJ106,G6698,G1202,G6706,G6702,G3958,G3966,G3954,G2111,G2120,G3967,G1269,G1254,G3986,G3957,G2191,G2134,G2190,G1290,GJ100,G1260,G1253,G6722,G3993,GJ108,GJ101,G2112,G6770,G1278,G3965,G1225,GJ102,G3968,GJ107,GJ103,G1208,G1255,G1265,G6593,G3962,G1251,G3955,G3963,GJ104,G6500,G3982,G3983,G2133,G6772,G1241,G3964,G6615,G3950,G2181,G3951,G6771,G1264,G6518,G1250,G3956,GJ105"
113.10,22.30,0.19,0.18,70,"G6722,G2120,G2112,G6593,G2134,GJ100,G2133,GJ107,GJ108,G6706,G6702,GJ101,GJ103,GJ102,G6500,GJ104,G3967,G1265,G6698,G6518,G3954,G2193,G2190,GJ105,G1253,G3965,G1251,GJ106,G1268,G1264,G6546,G3957,G6517,G3955,G6720,G3958,G2132,G1257,G1255,G2138,G1202,G1290,G3988,G1260,G2198,G3969,G1263,G3966,G3959,G6723,G3964,G3986,G6724,G1254,G2111,G3961,G3956,G2191,G2130,G2131,G6554,G3963,G1262,G3952,G2194,G1269,G3989,G6558,G1261,G6549"
113.10,22.40,0.19,0.18,69,"G6517,G2132,G2133,G2198,G6593,G6546,G6518,G1257,G6500,GJ105,G6720,G2131,G2194,GJ104,GJ107,G6554,GJ103,G6722,G2130,G6723,G2112,G2197,G1264,GJ102,G1265,GJ108,GJ101,G2102,G1263,G6724,G3988,GJ100,G6558,G2134,G1251,G2120,G2138,G2192,G2127,G6549,G2196,G3959,G2137,G6560,59476,G6548,G3955,G6555,G2046,G3965,G3969,G2039,G1262,G6702,G6706,G2057,G1253,G6542,G3967,G2060,G2190,G2101,G1255,G2103,G3961,G6207,G2123,G3954,G2019"
113.10,22.50,0.20,0.18,62,"G2127,G2197,G2194,G6555,G2196,G6542,G6560,59476,G2131,G2198,G2101,G6554,G2132,G2102,G2057,G2123,G6517,G2192,G6548,G2130,G2195,G2064,G6544,G6546,G1257,G2039,G6723,G2128,G2137,G2129,G6540,G6720,G2125,G2020,G2021,G2133,G6518,G2124,GJ105,G6558,G6593,G2135,G2055,G2046,G6549,G6212,G6541,G6724,G6500,G2047,G6700,G6543,GJ104,G2103,G2019,G1263,G2075,G2141,GJ107,G2063,GJ103,G1264"
113.10,22.60,0.20,0.18,59,"G6544,G2128,G2101,G6542,G2129,G2124,G6700,G6541,G6555,G2127,G2064,G2055,G2123,G2021,G2125,G2195,59476,G6560,G2196,G6540,G6216,G2126,G2057,G2197,GE232,GE231,G2079,G6543,G6910,G2237,GE233,G2078,G2194,G2047,G2192,G2116,G2020,G6548,G6212,G2102,G2131,G2069,GE228,G2039,G6911,G2141,G2059,GE227,G6554,G6205,G2001,G2198,G2033,G2135,G2011,59473,G6562,GE229,G2075"
113.10,22.70,0.20,0.18,78,"G6910,G6700,GE233,GE231,G2237,G2126,G6541,GE232,GE227,G2128,GE228,G2124,G6216,G2129,G2235,G6544,G2055,GE229,G2116,G6911,G6920,GE230,G2148,G2079,G2246,G2021,G2241,59473,G2033,G6562,G6919,G2125,G7057,G6661,G2069,GE237,G6856,GE208,G2064,G2101,G6202,G6559,G6542,G6540,GE215,G2236,G6543,G6904,G2257,G2012,G2239,GE209,GE226,G2195,GE236,GE211,GE212,G2123,G2078,G2001,GE225,GE223,G2208,G6555,G6907,G2142,G6906,G6551,G2265,G6905,G2127,G6901,G6861,59480,GE214,G2013,G6560,59476"
113.10,22.80,0.20,0.18,109,"G2235,G2241,G6919,GE227,GE208,G6920,GE212,GE236,G7057,GE209,G2208,GE229,GE233,G6856,GE230,G2239,G6906,G2148,G6905,GE237,GE228,G6907,G6910,G2237,GE214,GE235,GE210,G2246,GE234,GE211,GE231,G6908,G2257,G6661,G6904,G2265,G6917,G6861,G6931,G6902,GE205,G6925,59480,G6819,G6863,G2116,G2126,G2244,GE232,GE218,GE201,G6911,GE215,59473,G6559,G6562,GE217,GE223,GE226,G6700,G2238,GE219,G6903,G2033,G6864,G2230,G2236,G2113,G2226,G6901,G2263,GE220,G6541,GE225,GE221,G6216,G6930,G6202,G6909,G6900,GE028,GE239,G6845,G6818,GE240,GE238,G6811,G6805,G6915,GE222,G2124,GE216,GE204,G6926,GE020,G2128,G6551,GE202,G2055,G2234,G2142,G2069,G2012,G6804,G2129,G2079,G2242,G6803,GE029"
113.10,22.90,0.20,0.18,167,"G6908,G6925,GE235,GE218,G6917,GE219,GE217,G2208,GE212,GE220,G6906,G6905,GE236,GE234,G6909,G2238,GE205,G6931,GE240,GE209,G2226,G6805,G6863,GE210,GE214,GE028,G2234,G6804,GE208,G6907,GE029,GE204,G2263,GE020,G6803,G2244,G2239,G6811,GE015,G6919,G6806,GE013,G6807,G2241,GE202,GE014,G2202,G7057,G6902,GE012,G2233,G6819,GE019,GE016,G6915,G6864,G6856,G6814,G6809,G6923,GE027,G2222,GE011,G2204,GE030,GE032,GE031,G2201,G2264,GE237,G6810,G2235,G2225,G6801,GE001,G2265,G6920,G6845,GE026,GE025,G6903,GE002,G2253,G6861,G6918,GE201,GE213,GE024,G6868,GE003,GE211,G6821,GE004,GE239,GE006,GE227,G3200,GE230,G6855,GE009,GE005,G2148,59480,G2257,GE206,G6930,GE008,GE023,G2245,G6904,GE229,G6808,G2221,G6800,GE207,G2230,GE018,G2274,GE010,GE021,G7069,G6820,G2209,G6812,G2256,GE216,G6916,G2260,GE007,G2259,G6848,G6851,GE017,G6847,G2223,G6817,G6661,GE022,G2246,G6818,GE238,G6802,G2113,G3156,G6929,G6824,G6813,GE228,G6900,GE233,G2270,G6849,G2252,G3117,G1070,GE221,G2232,GE223,G7068,G6835,G2237,GE215,G6860,G2258,GE203,G2219,G6826"
113.10,23.00,0.20,0.18,189,"GE012,GE013,GE015,GE014,GE011,G6814,GE016,G2201,GE001,GE031,GE030,GE032,G2204,G6804,GE029,G6807,GE002,GE024,G2234,GE019,G6806,GE025,G6803,GE004,GE023,GE003,G6800,G6909,GE009,GE240,G2221,GE010,G6855,GE021,G6810,G6805,G2222,GE008,GE006,G6801,GE220,G2223,GE022,G2202,G2256,GE005,G2233,G2259,G6847,GE219,GE007,G6813,G2260,G6809,GE026,G2253,GE204,GE020,GE028,GE217,G6812,G6835,G6851,G2270,G2274,G6860,GE218,GE018,G6925,G2226,GE027,G2225,G6802,G3200,GE206,G6918,G6923,G2238,GE202,G6811,G9573,G6908,GE017,G6917,G2272,G6849,G6833,G6844,G2263,G2267,G6848,G6821,GE235,G6808,G2264,G2261,G9807,GE213,G6836,G6817,G6915,G6863,GE207,G2219,GE205,G6826,G6931,G9793,G6867,G6929,G2281,G2252,G6853,G9806,GE234,G7058,G2240,G2280,G1088,G3249,G3237,G6834,G2244,G6868,G9804,G2208,G6905,G6906,G1070,G2209,G6816,GE210,G6837,G6866,GE212,G6852,G3107,G6864,GE214,G6820,GE236,G9803,G9802,G9792,G6916,G2271,G9805,G6845,G6838,G2273,G3156,GE209,G9710,G2245,G9791,G7069,G6819,G6907,G6827,G6902,G3310,G9797,G6841,G7068,G9726,G9800,59288,G3451,G9576,G3145,G9796,G2239,GE208,G9801,G9498,G9794,G6903,G7060,G9539,G1033,G2255,GE239,G7059,G9706,G3157,G7062,G3236,G2254,G9472"
113.10,23.10,0.20,0.18,218,"G2261,G6853,G6835,G6833,G6813,G6860,GE022,G2280,G6834,G2223,G6836,G6800,G6867,GE023,GE021,G2270,GE010,G6847,G2221,G2259,G6841,GE007,G2256,G2272,G2267,G2260,GE024,GE009,GE004,G6852,G9573,G7060,GE008,G6844,G6855,G6837,G2281,G7059,G3310,GE002,GE001,GE003,GE006,G2201,GE030,GE031,GE032,GE025,G2204,GE005,GE011,G6851,G2276,G6838,G6858,G6814,59288,G6812,G9706,GE016,GE012,G9804,G6830,G9802,G7066,G6866,GE014,G9806,G6810,G7064,G2279,GE013,G2206,G9796,G6802,GE019,G6801,G2274,GE015,G9797,G6807,G2222,G6849,G6832,G7062,G9793,G9803,G3237,G3249,G2248,GE018,G1094,G7058,G2253,G6806,G9800,G9807,GE026,GE029,G9576,G3236,G9726,G9588,G2273,G6804,G9539,G6857,GE017,G1044,G6803,G2247,G2234,G9801,G1033,G6809,G2202,G2219,G2233,G9587,G9805,G7061,G6826,G9794,G9791,G3222,G7067,G6839,GE206,G3200,G9799,G2268,G2251,G9795,G7065,G9798,G1088,G3157,G9487,GE240,G7063,G6805,G6909,G2271,G9472,G6848,G6862,G9792,G6831,G6918,G3451,G6840,G9708,G3225,G2252,G2225,G9473,G3107,G6816,G2240,G1045,GE020,GE027,GE204,G7002,G9825,GE220,G9778,G9815,G9474,G1046,G9515,G6817,G6842,GE028,G6929,G9771,G9498,G6923,G9475,G6808,GE219,G9476,G3254,G3224,G6865,G2282,G3450,G9824,G3219,G6821,G1051,GE207,G9471,G6850,G2275,G2249,G9470,GE217,G9589,G6950,GE202,G6843,G1009,G9722,G7014,G2226,G3402,G1070,G6829,G9777,G9782,G2254,G3404,G1037,G6811,GE213,G7001,G3410"
113.10,23.20,0.20,0.18,178,"G7066,G2248,G6830,G2276,G7060,G2279,G6841,G2251,G2268,G7059,G2247,G2206,G7063,G7067,G2282,G6858,G3254,G6853,G6831,G7064,G2275,G2280,G6829,G6834,G2261,G3310,G7002,G9487,G6859,G2249,G2295,G6840,G6857,G9706,G3404,G6852,59288,G6862,G9589,G2216,G6832,G6833,G6836,G7005,G2250,G1094,G6837,G3452,G6867,G1046,G6950,G9567,G9488,G6839,G2292,G9845,G9796,G6838,G9587,G9815,G7062,G3256,G9844,G6835,G1043,G3255,G9588,G6860,G3222,G3403,G2281,G2267,G6843,G1044,G2272,G9802,G9778,G9797,G7012,G1010,G7065,G6813,G3236,G1051,G9800,G6866,G9795,G6844,GE022,G9539,G7001,G2270,G9573,G9576,G9804,G2223,G2218,G7061,G9777,G9798,G1033,G1095,G9782,G9813,G9726,G9803,G9801,G3346,G6847,G9799,G9846,G3219,G6850,G2259,G9771,G6800,G6842,G9794,G9806,GE021,GE007,GE010,G6949,G2293,G9825,G2294,G9515,G2221,GE023,G2260,G2256,G3412,G9708,G9742,G9566,G6952,G9770,G1009,G2289,G7013,G2273,G7014,G9847,G3237,G3249,G3157,G6935,G1045,GE009,GE008,G3224,G6933,G9571,G3253,GE004,G2288,G9725,G9722,G9472,G9791,G6954,G6855,GE024,G7058,G2297,G9773,G9805,G9793,G3225,G6851,G9473,G9772,G1042,G6934,G9824,GE006,GE003,G1011"
113.10,23.30,0.20,0.18,113,"G2250,G6829,G1043,G3256,G6859,G2282,G2275,G3255,G3452,G9488,G2295,G3254,G2251,G2268,G3412,G9845,G7063,G2293,G9846,G2292,G3404,G2249,G2216,G9847,G2248,G1026,G7005,G9571,G9567,G3253,G6831,G2247,G7066,G7067,G9566,G3252,G2279,G6830,G1042,G2294,G7002,G9589,G9833,G9844,G2276,G3411,G6949,G1010,G2206,G7012,G2218,G6840,G9487,G6950,G7060,G3416,G6935,G3104,G9715,G7059,G3119,G3159,G6841,G3420,G6862,G7064,G9485,G1046,G3346,G6858,G2298,G6936,G6857,G3325,G3403,G2296,G9483,G9813,G6947,G9564,G3260,G1011,G9482,G9484,G3438,G9815,G1025,G7010,G6843,G6948,G6934,G9848,G9706,G3310,G2297,G3126,G6839,G6832,G1073,G1095,G1094,G6834,G2280,G3405,G6853,G6952,G7001,59284,G2288,G6943,59288,G9587,G1051"
113.10,23.40,0.20,0.18,84,"G1026,G3411,G3420,G3416,G9484,G3412,G1073,G1025,G1043,G3252,G9833,G9485,G9847,G2293,G3256,G3126,G9571,G3253,G3255,G9846,G1042,G2250,G3119,G3260,G3159,G9488,G3259,G3452,G3104,G9483,G3325,GR033,G9566,G3409,G1081,G6829,G6859,G6943,59284,G2294,G7010,G6936,G9845,G2295,G2275,G9715,G2282,G2292,G6947,G7004,G9482,G3254,G6949,G2298,G2715,G2216,G3251,G7000,G8303,G3404,G9567,G7005,G6935,G3415,G9486,G2249,G1059,G9848,G2251,G9564,G9832,G2218,G2268,G9844,G7063,G1010,G6948,G7012,G2716,G6946,G2296,G2705,G3438,G9589"
113.10,23.50,0.20,0.18,54,"G1073,G9484,G3259,G8303,G2715,G1025,GR033,G3411,G2705,G3420,G3126,G2716,G3416,G3415,G9485,G1081,G1026,G9768,G8300,G3409,G9832,G2703,G3260,G9833,G3252,G6943,G3119,59284,G3412,GR032,G3417,G7000,G8311,G9483,G3159,G7004,G1059,G9847,G3325,G9571,G3253,G2293,G9486,G8301,G9703,G3251,G7010,G3104,G1042,G8313,G1043,G9846,G3419,G8304"
113.10,23.60,0.20,0.18,34,"G8300,G2705,G8303,G8301,G2715,G8304,G2716,G8311,G2704,G8312,59280,G9768,G3259,G8306,G3417,G8313,G1073,G2703,G8302,G8437,G3415,GR033,G9484,G8320,G1025,G8334,G3109,G2701,G3126,G9832,GR031,G1081,G8327,G3420"
113.10,23.70,0.20,0.18,27,"59280,G8312,G8306,G8437,G8304,G8302,G8301,G2704,G8300,G8327,G2701,G8307,GR030,G8311,G8334,G8308,G2705,GR031,GR069,G8313,G8303,G8320,G2716,G2715,G3417,GR029,G9768"
113.10,24.80,0.20,0.18,21,"G4556,G4549,G1464,GF705,G4547,G4554,G4544,GF702,G4540,G4543,G4542,GF099,G8502,G8503,G8505,G4545,G4557,G4538,G8504,59081,G4535"
113.10,24.90,0.20,0.18,22,"G4544,G1464,GF099,G4543,G4542,G1462,GF702,G8505,G4545,G4549,G9880,G8504,G1414,G8503,G8502,GF705,G4554,G1415,G4536,G4548,GF707,G4556"
113.10,25.00,0.20,0.18,23,"G1414,G1462,GF099,G9880,G4536,G1415,G4548,G1410,G4544,GF098,G4543,G4542,G4567,G8505,G4545,G4563,G1464,G8504,GF702,GF209,G4546,G1458,G8503"
113.10,25.10,0.20,0.18,22,"GF098,G1410,G4563,G4536,G4548,G1415,G4567,G1458,G1414,GF209,G4601,G4516,G4566,G1412,G1462,G1413,G9880,G4518,GF096,GF095,GF099,G4562"
113.10,25.20,0.20,0.18,25,"G4601,G1413,G4518,G1458,GF096,G1412,G4563,GF097,G4516,G4566,G1470,GF098,GF209,G1410,G4567,G4536,G4548,GF095,G1415,GF207,G4562,G4649,G4519,G4648,GF204"
113.10,25.30,0.20,0.18,24,"G1470,GF097,GF207,G4518,G4648,GF096,G1413,GF210,G4601,G4649,G4565,G1472,G1412,G1458,G4606,G4566,G4516,G4600,GF208,GF204,G4563,G4561,GF211,G4519"
113.20,22.00,0.19,0.18,33,"G3999,G3985,G3984,G1234,G1235,G1274,G1207,G1203,G1214,G1241,G3983,G3982,G1208,G1293,G1286,59682,G3990,G1225,G1273,G3951,G3968,G3993,G1269,G1297,G1222,G1254,G3986,G1278,G3962,G3966,G1205,G2158,G1218"
113.20,22.10,0.19,0.18,61,"G1241,G3993,G3968,G1274,G3951,G1254,G1208,G3986,G1278,G3962,G1207,G1269,G3983,G3982,G3966,G1225,G3990,G3999,G1293,G1202,G3985,G3984,G1290,G3958,G3950,G1260,G1234,G1235,G1297,G2111,G1289,G3957,G1273,G1268,G3954,G1298,G1258,G1250,G3963,G2193,G1210,G3967,G1203,GJ106,59487,G1218,G6698,G1253,G1256,G1299,G1220,G1214,G3964,G1286,59682,G3987,G1222,G6702,G6706,G3960,G2191"
113.20,22.20,0.19,0.18,78,"G1290,G1260,G3957,G3986,G1278,G3958,G1254,G3954,G3967,G3993,G1253,G3968,G3963,G3962,G3966,G3950,G1202,G1268,G3965,G3964,G1250,G1255,G2193,59487,G3951,G3952,G1289,G3956,G3955,G1269,G6698,G1258,G6706,G6702,GJ106,G1251,G2112,G2120,G1241,G2111,G3989,G1265,G1259,G3960,G3969,G3987,G3953,G1261,G1298,G3961,G1264,G1208,G2031,G1297,G1225,G1256,G2070,G1210,G6722,G3990,G1274,G1252,G2134,G3988,G1220,GJ100,G3959,G3983,G3982,G6518,G2017,G1207,G2191,G1293,G6593,G2190,G1263,G1262"
113.20,22.30,0.19,0.18,86,"G1251,G3965,G3955,G1265,G1255,G1253,G2112,G1264,G3969,G3967,G3988,G3964,G3956,G3961,G6518,G3959,G3957,G1263,G3952,G3954,G3989,G1261,G3963,G1262,G1260,G1290,G2120,G1257,G2133,G6593,G6722,59487,G2060,G2070,G1250,G3958,G6706,G6702,G6723,G1259,G2058,G2017,G2193,G6549,G6517,G1268,G6698,G3986,G6207,G2031,G1278,G3950,G3953,G2134,G1254,GJ107,GJ100,G3960,G2198,G6500,GJ103,G1202,G2046,GJ108,GJ106,G3962,G3966,GJ101,GJ102,GJ104,G3993,G1258,G1289,G2131,G2018,G3968,G2132,G3987,G6208,GJ105,G2088,G6546,G2190,G2102,G2076,G2036"
113.20,22.40,0.19,0.18,76,"G6723,G1257,G1263,G6549,G6518,G3988,G1264,G3959,G6517,G2046,G2131,G1262,G2198,G2060,G1265,G2102,G6207,G3969,G1251,G3955,G2133,G3961,G2019,G6548,G2112,G2039,G2088,G6593,G2018,G2132,G3965,G1261,G1255,G2196,G2058,G6201,G2087,G2076,G2057,G3989,G3956,G1253,G2002,G2063,G2020,G6722,G6546,G2067,G2194,G2017,G6500,G6214,G3964,G2070,G2075,GJ107,G3952,G3967,G2029,GJ104,GJ103,GJ105,G2120,G6217,G2123,G6208,G2024,G6720,G2197,G6554,G6212,G2127,G6203,G3957,G3954,GJ102"
113.20,22.50,0.20,0.18,74,"G6548,G2102,G2039,G2057,G2196,G2020,G2131,G2123,G2046,G6212,G2019,G6723,G2075,G2063,G2064,G6549,G2198,G2047,G2067,G2002,G6217,G1257,G2088,G2127,G6517,G2087,G6205,G2021,G6201,G6207,G1263,G2059,G6215,G2078,G2060,G6542,G2018,G2194,G2197,G6555,G6518,G2024,G2101,G2132,G2007,G2055,G3988,G1262,G2124,G3959,G2011,G6544,G2029,G1264,G6214,59476,G6560,G2079,G2076,G2128,G2034,59485,G2133,G2030,G6554,G6216,G2065,G2001,G1265,G2009,G6546,G6593,G2082,G3969"
113.20,22.60,0.20,0.18,78,"G2021,G2064,G2123,G2078,G2055,G2047,G2079,G2124,G2057,G6212,G2059,G6216,G6205,G2020,G2011,G2196,G2001,G2069,G2128,G2075,GE232,G2034,G6215,G6544,G6548,G2082,G2039,G6217,G6700,G2063,GE231,G2012,G6911,G2102,G2033,G6542,G2127,G2101,G2067,G6202,G2129,G2061,G2237,G6541,G6209,G2002,G6555,G2013,G6910,G2015,G2131,G2019,GE228,G2236,GE233,G2007,G2087,G2046,G2016,59476,G6560,G2044,G2014,G2090,G2126,G2246,G2040,GE225,G2197,GE229,GE215,G2198,GE226,G2024,G2125,G6201,G2195,G6723"
113.20,22.70,0.20,0.18,88,"G6911,GE232,G2033,G6216,G2069,G2079,G6202,GE231,G2237,G2012,GE228,G2055,G2236,G2246,G2001,G2124,GE215,GE229,GE225,G2013,GE226,G2021,GE230,G6910,G2078,GE233,GE223,G6209,G2082,G6920,G6700,G6901,G6904,G2040,G2011,GE237,GE227,G6913,G2064,G2059,G2128,G2235,GE211,G2061,G2034,G2014,GE222,G2047,GE221,59480,G6919,G6544,G6205,G6541,G2015,G2243,G2123,G2242,G2239,G2090,G6926,GE224,G2126,GE201,G2129,G6212,G2056,G6900,G6215,G2230,G2266,G6927,G2057,G2231,GE214,GE238,G2241,GE236,G2020,G6902,G2044,G2032,G9523,G6905,G6924,G6903,GE208,G2196"
113.20,22.80,0.20,0.18,113,"G6904,GE211,GE237,G2246,GE230,59480,GE215,GE223,G6920,GE226,GE229,G2239,GE201,G6901,GE221,G6919,G2230,G2236,GE225,GE228,G6902,G6900,GE214,GE222,G6903,G6911,G6926,GE238,G2235,G2033,G6905,G2242,G2237,G6202,GE236,GE234,G2244,GE239,GE216,G6913,GE227,G6924,GE205,G6927,GE233,GE231,G2012,G2208,GE232,GE224,G2013,GE212,GE235,G2232,G2266,G2040,G6910,G6917,G9523,G2069,G3117,G2241,GE208,G2231,G3134,G1049,G2238,G2243,G6915,G2245,GE209,G6908,G6216,G6906,G6209,G6925,G2079,G2056,G7057,GE217,GE202,G2001,G2014,G9746,G6912,G6916,G6856,G1069,G6907,GE213,G2055,GE204,G2148,G2209,G6923,G2124,G6700,GE203,G9543,G3156,GE210,G3137,GE219,G3111,GE218,G2082,GE220,G2061,G3347,G6805,G6909,G3112,G1092"
113.20,22.90,0.20,0.18,172,"G2244,GE205,G6915,G6902,G6903,G2238,GE239,GE234,GE202,GE214,G2245,G6917,GE201,GE216,GE213,G6905,G6923,G2230,GE204,G6916,GE235,G2239,G2209,GE238,GE217,59480,G3117,G2232,G3156,G6925,GE207,GE211,G6900,G6918,G6805,GE236,G6908,G2233,GE237,GE203,G6904,G2208,G6909,GE220,G6924,G3134,GE206,G6817,GE221,G6919,GE219,G6926,G2253,G6806,G2222,G6848,G2234,G1070,GE212,GE029,G3347,G9746,G3324,G1092,G6920,G9710,G6927,GE223,G6804,G6901,GE218,GE222,G2252,GE230,G2274,GE016,G2242,GE015,G1069,GE240,G3145,G3108,G2246,G2240,GE215,G6906,GE226,GE013,GE030,GE032,GE031,GE229,GE209,G9523,GE003,G2201,G2219,GE012,G1049,GE208,GE002,GE014,G2235,G6855,G6803,GE001,G6816,GE004,GE225,G2266,G6807,G1087,G9807,G2226,GE028,GE011,G1088,G6814,G2241,G2260,GE224,G2256,G9575,G3107,G1000,G2236,G6931,GE210,GE019,G2231,G2259,G1047,G9543,GE228,GE020,GE021,G6863,G2204,G6847,G6907,G3129,G1015,G6913,G9793,59481,GE024,GE227,G9792,G2202,G7057,G9541,G9544,G6800,GE025,G2263,GE023,G2223,G9573,G6912,G6811,G3218,G3112,G6810,G6911,G6856,G2237,G3249,G3237,G3128,G6801,G2033,G6809"
113.20,23.00,0.20,0.18,236,"GE206,G6918,G6848,G2253,G2274,G6817,GE207,G6923,G2252,G2233,G2222,G2219,GE213,G2240,G1070,G9807,GE202,GE204,G6816,G2209,G1088,G6855,GE003,G9793,G9710,G2260,G6806,G3107,G6915,G2256,G3156,GE016,G2259,GE032,GE030,GE031,G6916,G9573,G6805,G6847,GE004,GE002,G9792,G3145,G2201,G9806,G3249,G3237,GE021,GE029,G2238,GE001,G2234,G2272,G2245,G9805,GE015,G6909,G2223,G6860,G9804,G9791,GE203,GE013,G2281,G6804,G9498,GE217,G1047,GE012,G3451,G9803,G6800,GE220,GE014,GE011,G3108,G6835,GE023,G6813,G3444,GE024,GE205,G6814,G9575,G2244,G1000,G6917,G9802,G3450,G9477,G2204,G9726,GE219,GE022,G9474,G6836,G3447,G6925,G3324,G6807,G9472,G9794,G3157,G9473,G3225,GE240,G9801,G9800,G9797,G2221,G9576,GE010,G6803,GE239,GE019,G3138,G9475,G6837,G1033,GE025,G1092,G3347,GE009,G9471,G9539,GE234,G9799,G6903,G3129,GE235,G1097,G3410,G3117,G9476,G6908,G6852,G6902,G9470,GE216,GE008,G3236,G9501,G1093,G1045,G3223,G9798,G9788,G3402,G9796,GE006,G9708,G3449,G6810,G2232,GE007,G3218,GE214,G9500,G3101,G3435,G1044,GE218,G6834,G6801,G9824,GE005,G6905,G2202,G9508,G3339,G9795,G9588,G2261,G1039,G3310,G9825,G9746,G1037,GE028,GE020,G2270,G3224,G9515,GE201,G3134,59481,G3222,G3345,G9478,G3220,GE238,G9706,G3443,G6853,G2230,G6809,G3316,G9996,G6833,G1053,G3314,GE026,G2226,G9505,G3344,G6812,G1094,G9771,G1069,G9587,G6851,G1087,G1015,G9499,GE236,G2208,G3309,G2239,G9722,G9506,G1071,G6900,G3128,G6924,G6858,59480,G1001,GE018,G3219,GE027,GE212,G3241,G1009,G9834,G3242"
113.20,23.10,0.20,0.18,251,"G9804,G2281,G9802,G9806,G9803,G9797,G6837,G3237,G3249,G9800,G2272,G9726,G9576,G9573,G6852,G9539,G9801,G9796,G9794,G9791,G1033,G9805,G9793,G3236,G6836,G9799,G3157,G1044,G9588,G9798,G9807,G9472,G3310,G3451,G3225,G9706,G9795,G9473,G3222,G9708,G1045,G9474,G1094,G9792,G6860,G1088,G6834,G2219,G9587,G9825,G9475,G9498,G9476,G9515,G3107,G2260,G3450,G6847,G2259,G6858,G9824,G3224,G6816,G9471,G9771,G2256,G6835,G9470,G2274,G3402,G2240,G6857,G1037,G9778,G3410,G6855,G2252,G9722,G3219,GE021,G2223,G1093,G9477,G3223,G1009,G2261,G6813,G6853,G9996,GE003,G6848,G1053,GE004,GE206,G2253,G3444,G9815,G2206,G3447,G1051,G9772,G6817,G9782,G6841,G9725,GE002,G6800,G3316,G9777,GE022,G2222,G9505,G9487,G1046,G9770,G3449,G9720,G1001,G3314,GE031,GE030,GE032,G6918,G9506,G1070,G3241,GE001,G2201,GE023,G3345,G9478,G9834,G9507,G9501,G1047,G9710,G9788,G6830,G3362,GE207,G2233,G6833,GE016,G9723,G9500,G3435,G3101,G1097,G2247,G3344,G3145,GE024,G3339,GE010,G7060,G9742,G2221,G2280,G1039,G9491,G9504,G3403,G6806,G3138,G6831,G6923,G3221,G1095,G9773,GE011,G9499,G3309,G9721,G2248,GE009,GE012,GE213,G9575,G2204,GE015,G6814,GE013,G9570,GE007,G1000,G1099,G2270,G9589,GE029,GE008,GE204,G7066,GE014,G2209,G2276,G3102,G7059,G9724,GE025,G2234,GE202,G9829,G6867,G3443,G6805,G3156,G9709,GE006,G6804,G2249,G3108,G9590,G2279,G3407,G9813,GE019,G3220,G6916,G6807,G9489,G2267,GE005,G3404,G2251,G6909,G9508,G3330,G9577,G6844,G3129,G9844,G6915,G6810,G9567,G3155,G3218,G6851,G6803,GE203,G6801,G6812,G1036,G3346,G3242,G1010,GE220,G2275,G2282,G3442,G2268,G2238"
113.20,23.20,0.20,0.18,207,"G9487,G6857,G1046,G9815,G1094,G2206,G6831,G6858,G9587,G9706,G3403,G9589,G2247,G9778,G1051,G3222,G9777,G3310,G9588,G2249,G9796,G9782,G1095,G3404,G1044,G6830,G9844,G9567,G3219,G9795,G9742,G9770,G6852,G9813,G3236,G9771,G1009,G1010,G6837,G2248,G9798,G9515,G9797,G9539,G3346,G9725,G9825,G9773,G9800,G6834,G9576,G9799,G2275,G9722,G1033,G9802,G9723,G9708,G9772,G9845,G3224,G6841,G9801,G9507,G2282,G2251,G1045,G6859,G9794,G9726,G9720,G9724,G6836,G9824,G9721,G3157,G2281,G7066,G9803,G9804,G9563,G9472,G7060,G9488,G1011,G3225,G1037,G9473,G9476,G9996,G1014,G3405,G6853,G2276,G9570,G9475,G1053,G9791,G9806,G9474,G3402,G2272,G2279,G1001,G9470,G6829,G2268,G2250,G2261,G3407,G3241,G3237,G3249,G9805,G9834,G9471,G9565,G3255,G3451,G9566,G3362,G9573,G9506,G7059,G1099,G3438,G3410,G9505,G1093,G3223,G3450,G3316,G6860,G7063,G9793,G9491,G9846,G9842,G3314,G3221,G2280,G9498,G3254,G9564,G9715,G6835,G9504,G9829,G9792,G1036,G9478,G3345,G1043,G7067,G9807,G9571,G9847,G1042,G9477,G1088,G6833,G3449,G3344,G6847,G3107,G2259,G2260,G2295,G3446,G6813,G3412,G9577,G2219,G7064,G2223,G3447,G9848,G2256,G9841,G1006,G9709,G3256,G6816,G3444,G3452,G9501,G9694,G3104,GE021,G9482,G9500,G3435,G3101,G9489,G9788,G7002,G9817,G9499,G3309,G3339,G3102,GE022,G6867,G1039,G6855,G2274,G9833"
113.20,23.30,0.20,0.18,136,"G9845,G9567,G9566,G9844,G1010,G9488,G3404,G9846,G2249,G3255,G9715,G1042,G9589,G9571,G3346,G9847,G6859,G1011,G9564,G2275,G2250,G3438,G9813,G3104,G3412,G6831,G2282,G9833,G3405,G3403,G9848,G9482,G3159,G1043,G9487,G3325,G9565,G1046,G2247,G9563,G1095,G9483,G6829,G9815,G2251,G1014,G3260,G2206,G6857,G2248,G9817,G9742,G3416,G9485,G9694,G1051,G9777,G9707,G3256,G6830,G3240,G9773,59284,G9782,G9778,G9724,G6858,G9770,G2268,G3251,G1094,G1026,G1006,G3411,G3254,G9587,G3452,G9842,G7066,G9706,G9723,G1052,G2295,G9721,G3219,G7063,G9725,G3222,G9486,G1009,G9507,G9695,G3446,G3310,G9588,G2279,G1025,G9697,G9822,G9771,G3407,G9772,G6841,G9720,G2276,G9823,G9796,G1081,G1059,G1044,G9795,G2293,G7060,G9570,G9484,G9722,G9515,G9841,G7067,G3236,G9825,G2216,G6852,G2292,G9798,G3406,G3224,G6834,G6837,G7005,G3414,G3253,G1024,G3252,G9539,G9708"
113.20,23.40,0.20,0.18,90,"G3260,G9485,G3159,G9483,G9833,G3325,G3416,G3104,59284,G1042,G9571,G9847,G9482,G1081,G3251,G9846,G3412,G1025,G9715,G9566,G9486,G3411,G1059,G9848,G9484,G9564,G3255,G9707,G3259,G9832,G9488,G3438,G1026,G9703,G9845,G1043,G3414,G3415,G1024,G2250,G1073,G3240,G9817,G1011,G1010,G9823,G9567,G3419,G9844,G6859,G9694,G3405,G3346,G9766,G3404,G9697,G9565,G9822,G3420,G3256,G3263,G2715,G2275,G2249,G9695,G2282,G9589,G8303,G6829,G9813,G2716,G3413,G9768,G1052,G9563,G2293,G3252,G1027,G6831,G3126,G3257,G1006,G3452,G2705,G9816,G9767,G1014,G3253,G3403,G3258"
113.20,23.50,0.20,0.18,60,"G3415,G3259,G1081,G9832,G2715,G2716,G9768,G1025,G8303,G9484,G9703,G1059,G2705,G9485,G3419,59284,G3260,G9486,G9766,G3416,G3417,G1027,G3251,G1073,G9483,G3109,G9701,G9767,G3411,G3325,G3159,G3414,G9833,G8311,G9769,G1024,G3104,G9482,G1042,G9571,G9847,G3412,G3258,G9707,G1026,G3420,G3257,G9848,G3352,G9715,G9846,G9823,G9566,G3263,G8300,G3126,GR033,G2704,G3413,G9564"
113.20,23.60,0.20,0.18,39,"G8311,G3417,G9768,G2716,G2705,G2715,G3109,G8303,G2704,G3415,G1027,G9701,G9769,GR031,G3352,G3259,G9832,G9767,G8312,G8300,G9766,G3419,G8306,G1081,G9703,GR030,G9737,G8304,G3262,59280,G1025,G8301,GR029,G9484,G1059,G1073,G9486,G2754,G8437"
113.20,23.70,0.20,0.18,36,"G2704,GR030,GR031,G8312,G8306,G8311,GR029,G2754,59280,G8308,G3417,G8437,G2702,G8304,G3352,GR062,G3109,G2705,G8307,G9768,G2716,G8302,G8300,G8301,G9737,GR077,G8303,G9769,G9736,G2715,G8327,G9701,G2781,G3426,G1027,G2701"
113.20,23.80,0.20,0.18,24,"G8308,GR030,G2702,G8307,G8306,G2754,GR029,G8312,GR062,GR077,GR031,G2704,G8437,G2781,59280,G8535,G2791,G8327,G8302,GR041,G2745,G8311,GR075,G8304"
113.20,24.90,0.20,0.18,23,"GF702,G1464,GF099,G4549,GF707,G9880,G1462,G4544,G4554,G1414,G4546,G4534,G4557,59081,G4553,G4543,G4547,G4542,G1415,GF704,G9881,G4535,G4548"
113.20,25.00,0.20,0.18,27,"G9880,G1414,G1462,G4546,GF099,G1415,G4548,G4536,GF702,GF707,G1410,GF098,G1464,G4544,G4553,G1411,G1454,G4552,G4517,G4563,G4608,G4516,G4567,57988,G4543,GF200,GF095"
113.20,25.10,0.20,0.18,34,"G1415,G4516,G4548,GF095,G1410,G4536,GF098,G4563,G4562,G1412,G1414,G9880,G4546,GF200,G1454,G4608,G1462,57988,G4519,G4604,G1413,G1458,G4663,G4567,G4517,G1411,G1456,G4601,G4602,G4518,GF099,G4552,G4569,GF204"
113.20,25.20,0.20,0.18,32,"G1412,G4516,GF095,G4562,G1413,G4519,G4518,GF204,G4563,G1458,G4601,GF096,GF200,G4602,GF098,G1456,G1410,G4663,G4548,G4604,G1415,GF097,G4536,G1470,G4608,57988,G1472,G1454,GF203,G4609,GF210,G4648"
113.20,25.30,0.20,0.18,29,"G1472,GF204,GF210,G4648,G4565,G4561,G1413,G4518,G1412,G4519,G4516,G4606,G1470,G4562,GF097,GF095,GF207,GF096,G4600,G4609,GF211,G4601,G4560,G1471,GF205,GF206,G1458,G4602,GF203"
113.30,22.00,0.19,0.18,34,"G1293,G1273,G3984,G3985,G1286,59682,G1207,G3990,G1222,G1203,G1205,G1214,G1274,G1218,G1297,G1241,G3999,G3951,G1234,G1235,G1299,G1210,G1298,G1208,G3968,G3983,G3982,G3962,G1220,G3993,G1256,G1289,G1278,G3950"
113.30,22.10,0.19,0.18,65,"G1297,G3990,G3951,G1273,G1298,G1210,G1293,G1218,G3962,G1299,G1289,G3950,G3968,G1256,G1220,G1241,G1258,G1278,G1207,G3993,G1222,G1274,G1205,G3987,G3984,G3985,G1250,G1252,G3960,G3986,59487,G1254,G1240,G3963,G1260,G1290,G1295,G1232,G1238,G3980,G3999,G1206,G1208,G3953,G1224,G1203,G2037,G1259,G1286,G3957,59682,G3964,G3983,G3982,G3952,G3966,G3958,G1234,G1235,G2031,G1217,G1214,G1269,G1202,G1225"
113.30,22.20,0.19,0.18,75,"G1250,G1258,G1289,59487,G3950,G3960,G3987,G3963,G3962,G3953,G1259,G3952,G1252,G1298,G1256,G3964,G1278,G2031,G1220,G1210,G3956,G1260,G3951,G1290,G3989,G3968,G1297,G1240,G1255,G3993,G2070,G1206,G3957,G2037,G1261,G1299,G1238,G2084,G1253,G3986,G3965,G2017,G3980,G1295,G1254,G2036,G3955,G3961,G1232,G3967,G3990,G3969,G1218,G3954,G3958,G2058,G1251,G2085,G1241,G1273,G2083,G3966,G1293,G2077,G1265,G6204,G1202,G3959,G2003,G6208,G1262,G3988,G1264,G1268,G2112"
113.30,22.30,0.19,0.18,87,"G3989,G1261,G2070,G3956,G2017,G3961,G3952,G1259,G2058,G3964,G2031,G3969,G1255,G3953,59487,G3955,G1262,G3959,G3963,G3960,G2036,G1250,G3988,G6208,G1251,G3965,G2060,G6204,G2084,G1263,G1264,G3987,G1253,G1265,G6207,G2077,G1258,G2054,G1252,G2083,G2018,G2076,G2010,G3950,G1260,G1289,G3957,G6549,G1290,G3967,G2037,G2112,G2085,G1206,G1240,G6518,G2035,G2088,G2046,G3962,G6723,G1256,G2081,G1278,G2003,G6214,G1257,G2068,G3954,G2086,G1238,G1220,G6203,G1298,G6201,G2053,G2029,G3980,G2019,G1210,G2004,G3968,G2087,G3986,G3958,G3993,G1237"
113.30,22.40,0.19,0.18,86,"G6207,G2060,G2018,G1262,G2076,G2088,G6549,G2046,G3959,G2058,G6214,G6201,G2019,G1263,G3988,G3961,G2087,G2029,G6208,G3969,G6203,G2017,G1261,G6723,G2035,G2054,G2002,G2070,G2024,G6204,G2004,G1264,G3989,G2067,G2068,G2030,59485,G1257,G2063,G2039,G3955,G1251,G2102,G2010,G3956,G6548,G6213,G1265,G2007,G6217,G2065,G6518,G2077,G1255,G2036,G2081,G2075,G3952,G2031,G1259,G2131,G3964,G2009,G2020,G3965,G2025,G2027,G2083,G2026,G2050,G2080,G6517,G3953,G2198,G2084,G6212,G2112,G2057,G2038,G2062,59487,G1253,G3963,G2196,G6211,G3960"
113.30,22.50,0.20,0.18,77,"G2002,G2067,G2063,G2087,G6217,G2019,G2075,G6201,G2024,G2007,G2088,G2020,G2039,G2029,G2046,G6212,59485,G2030,G6214,G6548,G2065,G2018,G6215,G2009,G6207,G6205,G2047,G2076,G6549,G2062,G2025,G2102,G6213,G6203,G2004,G2057,G2059,G2060,G2080,G2016,G6211,G6723,G2011,G2196,G2035,G2034,G2026,G2123,G2078,G1262,G2131,G1263,G2064,G2068,G3959,G2096,G2094,G1257,G3988,G2082,G2054,G2021,G6208,G2058,G2044,G2027,G2001,G2198,G6218,G2008,G2061,G2015,G3961,G2079,G6204,G1264,G3969"
113.30,22.60,0.20,0.18,83,"G6215,G6205,G2059,G2011,G2034,G2047,G2082,G2078,G6212,G2075,G6217,G2001,G2016,G2061,G2015,G2020,G2044,G2063,G2007,G2067,G2062,G2079,G6209,G2096,G2069,G2002,G2090,G2021,G2032,G2064,G2012,G2009,G2094,G2057,G2014,G2065,G2024,G2123,G2039,G2013,G2087,G6548,G2055,G6211,G2022,G2092,G6216,59485,G2025,G2019,G6202,G2030,G6201,G2040,G2099,G2033,G2124,G2080,G2196,G6911,G2029,G6213,GE232,G2008,G2088,G2102,G2091,G2236,G2243,G2056,G6218,G2046,G6214,G6913,GE225,G2006,G2093,G2071,G2072,G2026,G2041,G2004,G6203"
113.30,22.70,0.20,0.18,98,"G6209,G2013,G2014,G2061,G2012,G2040,G2082,G2001,G2015,G2090,G6202,G2069,G6913,G2243,G2034,G2236,G2033,G2056,GE225,G2011,G2032,G2044,G6911,GE226,G2079,G2078,GE215,G2059,GE224,G6901,GE223,G2072,GE222,G2022,G2266,G2242,G2231,G6205,G3111,G6215,G6216,G2041,G2246,GE221,GE232,G3142,G2093,G6926,G6912,G2047,G9523,G6927,G6904,G2055,G2096,G2016,G2021,G1049,G3110,G2092,GE228,G9524,G9517,G6900,GE211,G2237,GE230,G3137,59480,G2099,G6212,GE231,G1016,G3209,GE229,G2124,G6924,G2094,GE237,G2230,G2064,GE238,GE201,G6920,G2075,G6217,G3112,G2091,G2020,G2062,G2048,G9546,G3206,G9543,G6910,GE233,G9545,G2123"
113.30,22.80,0.20,0.18,121,"G2242,GE224,GE222,G2266,G6926,G6927,G6913,G2231,G9523,GE221,G6901,G1049,G6900,G2243,G6924,GE223,GE225,GE226,G6912,G2040,G2056,GE238,GE215,G2236,G2230,59480,G3137,G3111,G2013,G6904,G3134,G2232,GE201,GE211,GE216,G6202,G9543,G2014,G3112,G3117,G9517,G6903,G2012,GE239,G2246,G1069,G6209,G9524,G9746,G2033,G9544,G1016,G2072,G3110,GE237,G6902,G6911,GE230,G2090,G9545,G3142,G2069,G2061,G3131,G2041,G2239,G2245,G3347,GE229,G9518,G2244,G2015,G1087,GA006,G6920,G9547,G9541,G1092,G2001,G9546,GE228,G2032,GE214,G2082,GE203,G3324,G3141,G2093,G1086,G3132,G3209,G9548,G6916,G6919,GE205,GE234,G1015,G6915,G2237,G2022,GE232,G3156,G6905,G9747,G2079,G2209,G2044,G2034,GE236,59481,G2235,GE231,G6216,G2011,G3113,GE213,G3135,G3204,G2238,G3128,G3108"
113.30,22.90,0.20,0.18,151,"G3117,G3134,G9746,G2232,G1069,G3347,G1092,GE216,GE203,G6924,G3324,G2245,GE239,GE238,G1087,G6916,G3156,G6900,G6927,G6903,G9543,G2230,G1049,G9541,G9523,G9544,G2209,G1015,G6926,G3108,59481,GE201,G9518,G2242,G3112,GE221,G6915,G3141,GE213,G2266,G6902,G3128,G9547,G2231,GE222,59480,G3129,G2244,G9710,G3145,GE207,G6912,G9747,G1070,G3137,G9548,GE224,GA006,G1000,G9575,GE202,G3218,G3130,G6901,G6923,G6817,G3131,GE211,GE205,GE223,G6904,G6918,G1071,G1047,G6848,G9510,G2238,G2252,G6913,GE214,G9545,G9508,G3135,G2240,GE234,GE206,G9517,GE226,G3111,G3138,GE215,GE204,G2239,GE225,GE237,G1054,G2243,G9524,G6816,G1016,G9779,G6917,G1086,G2056,G2233,G6905,G3107,G3220,G2219,G3113,G2253,G3444,G2236,G1088,G3110,G1077,G1097,G2040,G2246,G2274,GE235,GE217,G9789,G3443,G9792,G3447,G6805,G2222,G9807,GE230,G9745,GE236,G3132,G9477,G9546,G3125,G6925,G9498,G9788,G9501,G3133,G3242,G6919,G6920,G9500,G3101,G3435,G6806,G9793,G2013,G6908"
113.30,23.00,0.20,0.18,237,"G3145,G9575,G1000,G3108,G9710,G1047,G3129,G1070,G3138,G3218,G3324,GE203,G3156,G3444,G9508,G2240,G6816,G2252,G3107,G1097,G2209,G1092,G6817,G3447,G6916,G3347,GE207,59481,G9477,G3220,G1088,G9792,G6848,G9501,G9788,G9498,G3443,G2219,G1071,G9500,G3101,G3435,GE213,G3339,G3128,G1015,G1039,G3450,G2245,G3449,G9807,GE206,G3451,G1087,G6918,G3242,G9793,G3410,G9805,G3223,G9474,G1093,G9746,G3155,G9471,G9791,G9745,G9499,G6923,G3309,G3330,G3249,G3237,G3130,G3345,G3117,G9475,G9478,G9510,G9470,G3344,G3125,G2274,G9541,G9473,G6915,G9590,G1069,G3225,G3402,G9779,G9472,G9476,G9806,GE202,G3314,G2253,G3157,G3316,G2232,G3134,G9803,G3102,G9505,G3141,G3442,G9794,G9804,G9726,G1037,GE239,GE216,G9747,G9801,G9506,G1045,G1053,G2233,G9824,G1030,G9996,G1033,G3448,G9518,G9799,G9576,G9504,G3302,G2222,G9708,G9573,GE204,G9800,G9802,G9539,G9548,G1001,G3224,G9798,G3362,G9491,G3241,G9797,G9709,G2281,G9834,G3190,G9544,G9825,G2272,G6903,G9547,G3221,G9489,G1018,G3136,G3236,G9515,G2260,G2238,G9714,G1054,GE238,G2244,G1034,G9543,G6924,G6855,G9722,G9795,G9789,GE003,G2256,G1044,G2259,G6847,G6806,G9771,GA006,G3135,G3140,G6805,G2230,GE205,G9588,G6902,G9796,G9554,G9527,G6837,G9829,G6900,GE004,G3222,GE016,G9772,GE031,GE030,GE032,G1009,GE002,G3454,G9720,GE021,G6860,GE201,G0903,G9577,G9835,G3112,G0902,G3219,G6927,G1099,G1049,G1032,G3238,G2201,G3114,GE029,G6836,G9725,G9523,G2234,G3139,GE001,G6852,GE217,G9507,G6926,G2223,G9587,G9502,G6909,G6917,G1019,G3131"
113.30,23.10,0.20,0.18,232,"G3223,G1093,G3410,G9471,G3402,G9470,G3316,G3449,G9475,G3450,G3314,G3345,G9478,G9476,G9505,G1037,G1053,G9477,G9474,G9996,G9506,G3344,G9824,G9473,G3447,G9501,G3225,G9500,G3435,G3101,G9788,G9498,G9472,G3339,G1001,G3451,G1045,G1039,G3241,G3444,G9834,G3157,G3224,G3362,G9504,G9499,G3309,G9708,G1097,G9491,G9825,G9722,G9791,G9794,G3221,G9515,G9799,G3102,G9805,G9801,G1033,G9798,G9792,G9726,G9771,G9576,G9772,G9539,G9709,G3138,G9720,G9590,G9795,G1009,G9803,G9800,G3107,G3443,G3236,G9489,G3219,G1047,G3249,G3237,G9725,G9829,G1044,G1099,G9507,G3330,G1088,G9797,G6816,G3222,G3155,G9804,G9802,G3220,G9588,G9806,G9577,G9793,G3442,G9723,G9570,G9770,G3242,G9778,G9807,G9796,G9782,G2240,G9587,G9575,G2219,G9508,G9721,G1000,G3448,G3145,G1051,G9777,G2252,G3302,G1034,G3454,G0902,G0903,G9835,G2281,G9710,G1094,G1036,G3238,G3407,G1030,G9773,G9714,G3218,G6837,G9742,G9745,G1070,G3190,G9724,G3129,G9815,G9706,G3125,G6848,G9573,G2272,G6852,G6817,G3108,G9527,G3310,G1095,G6857,G1071,G3311,G2274,G1046,G9582,G3228,GE206,G6836,GE207,G3403,G9828,G9554,G3136,G6858,G1032,G9526,G3235,G3156,G6918,G9487,G2209,59481,G2260,G9713,G3232,G2253,G6834,G9779,G6860,G3324,GE203,G9842,G1003,G1014,G2259,G6847,G1018,G9813,G2256,G3128,G3312,G6916,GE213,G9510,G9841,G2206,G6855,G9580,G9563,G1092,G9502,G6923,G3347,G2222,GE003,G6835,G1015,G3130,GE021,G9589,G3446,G1008,G2233,G3346,G3161,G2223,GE004,G6831,G9525,G3114,G2247,G9528,G9712"
113.30,23.20,0.20,0.18,216,"G9773,G9721,G9724,G9723,G9742,G9507,G9770,G9725,G9570,G3407,G9720,G9782,G9777,G9772,G1095,G1051,G1009,G3219,G1099,G9722,G1014,G9778,G9771,G1036,G3403,G9834,G3241,G1001,G9563,G9815,G9842,G9813,G9829,G3362,G3224,G9515,G9996,G3221,G9825,G9491,G1053,G1046,G1037,G9824,G9506,G9587,G9795,G3222,G9577,G9504,G9708,G3346,G9505,G9841,G1045,G9798,G3316,G3405,G3446,G9588,G1044,G3314,G3402,G9565,G9476,G9799,G1094,G3236,G6857,G9709,G1011,G9470,G9539,G9489,G1033,G9487,G1093,G3223,G9475,G9478,G9471,G3345,G3225,G1010,G3157,G9473,G9801,G9472,G3410,G9794,G3311,G9576,G3344,G9589,G9796,G9844,G9800,G1006,G9474,G3232,G1008,G9726,G9797,G3102,G9706,G9528,G0902,G3449,G0903,G9835,G3238,G3450,G3454,G3309,G9499,G9567,G3438,G9802,G9582,G6831,G3451,G9803,G9791,G6858,G3228,G3339,G3404,G9694,G2249,G9500,G1039,G3435,G3101,G3310,G9501,G9477,G9590,G9780,G9805,G9788,G9498,G2206,G6837,G3235,G9804,G3447,G3406,G2247,G6852,G1052,G9580,G9817,G9564,G1034,G3442,G9845,G9828,G3237,G3249,G3444,G1097,G3330,G9806,G9714,G3448,G2281,G3240,G9792,G3155,G3302,G9715,G9572,G3443,G9848,G3161,G9566,G9527,G9793,G3190,G9713,G3107,G6830,G9814,G1088,G6834,G1030,G3242,G9526,G6836,G3138,G2275,G3312,G9695,G9488,G3327,G6859,G2272,59287,G3220,G6816,G9807,G2248,G9578,G9482,G2282,G1047,G9573,G9775,G3164,G1032,G9707,G2219,G9822,G9554,G9697,G9846"
113.30,23.30,0.20,0.18,141,"G9565,G3405,G1011,G3438,G9694,G9563,G9817,G1014,G1006,G9564,G3240,G3346,G1052,G9848,G9813,G9842,G3446,G9715,G1010,G9707,G9695,G9482,G3406,G1095,G9844,G9822,G9697,G9841,G9724,G3403,G9566,G9773,G9742,G9814,G9567,G3104,G3407,G9823,G9780,G9721,G9589,G9845,G1042,G3325,G9777,G3159,G9723,G9528,G9770,G1046,G1008,G1051,G9483,G9782,G3404,G9571,G9570,G9846,G3263,G9815,G2249,G9507,G1036,G9816,G1040,G9725,G3251,G9847,G9488,G9781,G9487,G9778,G9572,G9720,59284,G9833,G9772,G3260,G6831,G3401,G3219,G3413,G1009,G1099,G9486,G1024,G3255,G3414,G3232,G6857,G3164,G6859,G3412,G9771,G9722,G9829,G1059,G9587,G2275,G3311,G2247,G9485,G9569,G9577,G2250,G9834,G3222,G9515,G3241,G1094,G1001,G3362,G3224,G2282,G3221,G9825,G1029,G9491,G9795,G3416,G9588,G2206,G9996,G1058,G1053,G1044,G9824,G9506,G1037,G9706,G9708,G9798,G9504,G9580,G6858,G9578,G9582,G3335,G1081,G1043,G1045"
113.30,23.40,0.20,0.18,89,"G9707,G9823,G3251,G1024,G3414,G9486,G3263,G9482,G9697,G9848,G9822,G1059,G3240,59284,G9695,G9817,G9483,G3325,G3413,G9564,G3260,G3159,G9694,G3104,G9715,G9703,G9816,G3438,G1052,G1040,G3257,G1081,G3419,G1042,G9832,G9485,G9766,G3258,G9565,G9833,G9566,G1058,G1011,G1006,G9814,G9571,G3405,G3440,G9781,G3406,G3416,G9847,G9846,G3246,G3415,G9563,G3346,G9568,G1025,G9767,G1010,G1014,G3412,G1027,G3446,G3437,G3401,G9813,G9844,G9845,G3259,G9842,G9569,G9780,G9701,G9567,G3255,G3418,G9484,G9488,G1028,G3411,G9841,G3160,G9769,G9768,G9740,G3404,G9572"
113.30,23.50,0.20,0.18,70,"G3419,G9766,G9703,G9767,G1027,G9832,G1059,G3414,G9701,G3258,G1024,G9486,G3257,G3415,G9769,G3251,G3109,G1081,G9768,59284,G3413,G3417,G3263,G3418,G9823,G3262,G3260,G2716,G3440,G3246,G3352,G3259,G9483,G9707,G1058,G3354,G3325,G9816,G9485,G2715,G9697,G9822,G3159,G1025,G9482,G1040,G3104,G2705,G9848,G3416,G8303,G9695,G8311,G9737,G3240,G9758,G9740,G9484,G9739,G9568,G3123,G9833,G9817,G9715,G3437,G9564,G1028,G1042,G9694,G9705"
113.30,23.60,0.20,0.18,50,"G3352,G9769,G3109,G9701,G1027,G3417,G3262,G9767,G9737,G9768,G9766,G8311,GR031,G3419,G3415,G3123,G9736,G2716,G9832,G9703,G3354,G1021,G3418,G3258,G2704,G9758,GR029,G2705,G2715,G9756,G3426,G3257,G9754,G2754,G8303,G1059,G9705,G3414,G1081,G9738,GR030,G1024,G3259,G9486,G9719,GR062,G9739,G3353,G8353,G3251"
113.30,23.70,0.20,0.18,41,"GR029,GR031,G2754,GR062,G9737,G9736,G3352,G3426,GR030,GR077,G9754,G8353,G1021,G2704,G2702,G2781,G3262,G8311,G2768,G3109,G9738,G9769,G3417,G2791,G3123,G9701,G8362,G9756,G8312,G1027,G8308,G8306,G2736,G9767,G9768,G3353,G8356,G2738,G9758,G8367,G2716"
113.30,23.80,0.20,0.18,34,"G2702,GR077,GR062,G2781,G2754,G2791,GR029,GR030,G8362,G8308,G2736,G2768,G3426,G8353,GR031,G2711,G9736,G9754,G8535,G2738,G2787,G8367,G9738,G9737,G8352,GR025,GR041,G8356,G2704,G1021,G8306,G8307,G8312,G3352"
113.30,23.90,0.20,0.18,27,"G8535,GR041,G2702,G2791,G2745,G2711,G2787,GR075,G2781,GR077,G8530,G8315,G8352,G8308,GR062,G2736,G8362,GR039,G2754,G2773,GR025,GR040,GR029,G2748,GR030,G2768,G2738"
113.30,24.10,0.20,0.18,21,"GR040,GR036,GR074,G8552,G8342,G8315,G8530,GR037,G8540,G8567,G8536,G8546,59088,G2773,GR075,GR041,G2745,GR038,G8557,G8535,G8538"
113.30,24.20,0.20,0.18,24,"G8567,G8342,G8538,GR074,G8546,59088,GR036,GR038,G8536,GR037,G8532,G8348,G8347,GR040,G8552,GR042,G8547,GR034,G2777,G8533,G8540,G2771,G8531,G2772"
113.30,24.30,0.20,0.18,24,"G8547,G2777,G8567,G8348,G8532,G8347,G8538,G8561,GR042,G8533,G8568,G2747,GR034,G8548,G8342,G8546,G8537,59088,G8531,GR038,G2771,G8545,G8340,G8536"
113.30,24.70,0.20,0.18,21,"G4535,G4557,G4541,59081,G4407,GF704,G4547,G1403,G4554,G4534,GF092,GF004,G4401,GF007,G4556,G4551,G4549,GF005,G9884,G9881,GF102"
113.30,24.80,0.20,0.18,24,"59081,G4534,G4557,GF704,G4535,G4554,G4551,G4541,G9881,G9884,G4549,G4550,GF707,G4547,GF702,G1403,G9883,G4401,G4553,G1404,G4556,G4402,G1464,GF005"
113.30,24.90,0.20,0.18,30,"GF707,G4553,G4534,G9881,GF702,G4550,G9883,G4551,GF704,G4546,59081,G9884,G1463,G4557,G4552,G4549,G1404,G4554,GF703,G4402,G9880,G1411,G1464,GF099,G4535,G4517,GF000,GF003,G1462,G4541"
113.30,25.00,0.20,0.18,30,"G4546,G4552,G1411,G4553,G4517,GF707,G1454,GF703,G4608,G9880,G4569,57988,G1463,G4604,GF200,GF000,G9883,GF702,G1414,G1462,G4663,GF099,G4550,G1415,G9881,GF202,G4548,G1404,GF095,G4562"
113.30,25.10,0.20,0.18,35,"G1454,G4608,GF200,57988,G4604,G4663,G4517,G1411,GF095,G4562,G4569,G1456,G4546,G4602,G4552,G4519,G4516,GF202,GF703,GF201,G1412,G4605,G1415,GF203,G9880,G4553,G4568,G4548,GF204,G1414,GF000,G4536,G4607,G1461,G1410"
113.30,25.20,0.20,0.18,32,"G4519,G4562,G4602,GF095,G1456,G4663,GF204,GF200,G4604,GF203,57988,G4516,G4609,G4608,G1412,G1454,G4560,G4607,G1461,G4569,G4568,G4605,GF201,G4517,G1413,GF205,GF202,G4561,G1411,G1474,G4518,G4603"
113.30,25.30,0.20,0.18,28,"GF204,G4609,G4561,G4560,GF205,G4519,GF206,GF203,G1472,G4602,G4562,GF210,G1456,GF095,G4565,G1412,G4663,G4516,G1471,G4648,G4647,GF200,G4607,G4606,G1461,G1413,G4603,G4604"
113.40,22.00,0.19,0.18,26,"G1205,G1222,G1218,G1273,G1299,G1224,G1293,G3990,G1297,G1286,59682,G1292,G1210,G1298,G1217,G1207,G3984,G3985,G1220,G1203,G1214,G1256,G1232,G1295,G3951,G1280"
113.40,22.10,0.19,0.18,48,"G1299,G1218,G1210,G1220,G1224,G1297,G1298,G1256,G1232,G1295,G1222,G1205,G1217,G3980,G1273,G1238,G1240,G1206,G3990,G1252,G1289,G1258,G1230,G1292,G3987,G2037,G3994,G1226,G1280,G1293,G3951,G3960,G3950,G3962,G1250,G3953,G1221,59487,G3995,G2084,G3968,G2085,G1207,G1278,G2031,G1259,G3996,G1241"
113.40,22.20,0.19,0.18,82,"G1240,G1206,G2037,G1238,G1252,G3980,G1295,G3987,G1232,G1256,G1220,G3960,G2084,G3953,G2085,G1258,G1210,G1298,G2031,G1299,G1230,G1289,G1259,G2036,G2003,59487,G3994,G1217,G1250,G2083,G1226,G1297,G1221,G3950,G3995,G1224,G2077,G1218,G3991,G2086,G2070,G3952,G3963,G3996,G2017,G1272,G1212,G3989,G1280,G3962,G3964,G3956,G6204,G1271,G2053,G1237,G1261,G3951,G2010,G2058,G6208,G1276,G1233,G1215,G1278,G1292,G3990,G1270,G1273,G3992,59488,G1255,G3961,G2054,G3968,G2081,G3997,G1222,G1209,G3970,G1260,G1205"
113.40,22.30,0.19,0.18,94,"G2036,G2077,G2083,G2084,G6204,G2085,G2010,G6208,G2031,G2003,G2086,G2017,G2070,G2054,G3953,G2053,G2058,G2081,G1259,G2037,G1237,G3960,G1206,G1261,G3989,G1252,G2038,G3987,G1240,G2068,G2035,G1238,G3952,G3991,59487,G3956,G2050,G3961,G1271,G3980,G1272,G2076,G1250,G1258,G3964,G2027,G1295,G1223,G1270,G1233,G6203,G1262,G1232,G2018,G2060,G1283,G1256,G3969,G3963,G3995,G2004,G6207,G1220,G6214,G1212,G1221,G1230,G3959,G3996,G1289,G1255,G2042,59488,G4005,G1215,G3994,G1204,G2029,G3955,G3997,G3988,G1236,G1298,G1244,G3950,G1210,G2088,G1285,G1226,G1228,G3992,G1263,G6201,G1251"
113.40,22.40,0.19,0.18,82,"G2035,G2068,G2054,G6203,G2004,G2081,G2010,G6208,G2076,G6204,G2027,G6214,G2050,G2029,G2018,G2038,G2077,G6213,G2030,G2058,59485,G2042,G2026,G6201,G2024,G2088,G6207,G2083,G2053,G2017,G2087,G2036,G2051,G2065,G2080,G2025,G1283,G2060,G2086,G2070,G2028,G1237,G2009,G1262,G2002,G2007,G2019,G1223,G1261,G2084,G1244,G2003,G6200,G3961,G2046,G2067,G6211,G2085,G6549,G2031,G3959,G3989,G2062,G1204,G1285,G2005,G2063,G3969,G1259,G3988,G6217,G1263,G2089,G3953,G3956,G1271,G1270,G3952,G6218,G2075,G1282,G1233"
113.40,22.50,0.20,0.18,79,"G2025,G2065,G6213,59485,G2009,G2030,G2080,G2026,G6211,G2024,G2007,G2062,G2004,G2029,G6203,G6214,G6201,G2087,G2002,G2067,G2035,G2016,G6218,G2068,G2027,G6217,G2008,G2051,G2076,G2094,G2063,G2071,G2088,G2096,G2018,G2042,G2075,G2005,G2019,G2050,G6215,G2028,G2054,G6200,G2023,G2043,G6207,G2081,G2006,G2089,G6205,G2092,G2046,G6212,G2099,G2091,G6208,G2020,G2010,G2038,G2044,G1283,G2052,G2039,G2060,G2034,G6204,G2045,G2059,G2047,G2066,G6549,G2011,G2074,G6548,G1244,G2058,G2049,G2015"
113.40,22.60,0.20,0.18,84,"G2096,G2016,G2094,G2062,G2092,G2044,G2099,G6211,G2008,G2091,G2006,G6218,G2022,G2009,G2071,G2032,G6215,G2015,G2007,G2025,G2065,G2034,G2080,G2090,G2061,G2011,G2082,59485,G2023,G6217,G2066,G6205,G2030,G6213,G2059,G2093,G2024,G2026,G2048,G2067,G2075,G2014,G2049,G2063,G6209,G2002,G2045,G2041,G2047,G6212,G2001,G3206,G2072,G2078,G2087,G2029,G2043,G3142,G3205,G2004,G6201,G3209,G2005,G1078,G2020,G1090,G2013,G6203,G6214,G2040,G2056,G3207,G2051,G1055,G6210,G2012,G2069,G2243,GA005,G2052,G2019,G9552,G3239,G2088"
113.40,22.70,0.20,0.18,101,"G2022,G2032,G2093,G2041,G2090,G2072,G3142,G2044,G2015,G2014,G3209,G2092,G2099,G2056,G2061,G2048,G3206,G3111,G3110,G2243,G6209,G2096,G2091,G2040,G1055,G9524,G1016,G9517,G2094,G2082,G2013,G2006,G3204,G9546,G2016,G3207,G2034,G6913,GA005,G6912,GE224,G2231,G3137,G2266,G3205,G2012,G2011,G2001,G9819,G3132,G2066,G9545,G1089,G9551,G2008,G3239,G6202,G6215,G9523,GE225,G1048,G1049,G2242,G2069,G1078,G2059,G2071,G3112,G2062,G9522,GE222,G2236,G2049,G6218,G1056,G6927,G3213,G6205,G6901,G6211,G2078,G1086,GE226,G2033,G3131,G6926,G2023,G9543,G3121,GE223,GE215,G3202,G3308,GE221,G3120,G2045,GA038,G2079,G3203,G9544,G6911"
113.40,22.80,0.20,0.18,132,"G9517,G9524,G1016,G3111,G3110,G3137,G6912,G9545,G9546,G3112,G2072,G3142,G2231,G3132,G2056,G3131,G2041,G2266,G1049,G9543,G2243,G1086,G9523,GE224,G3209,G9544,GA006,G3204,G2093,G6927,G9547,G6913,G2242,G9819,G9518,G1056,G3113,G2040,G1055,G2014,G3203,G6924,G9548,G1069,GE222,G1089,G6926,G3213,G3206,G2090,G3141,G3134,G9541,G2032,G2022,G1077,G3135,G9746,G9747,G3120,GE221,GA005,G9837,G6900,G1087,GA038,G2013,G6901,G2048,G6209,G3210,G2232,G3133,G1048,G3207,GE225,GE238,G2015,G9551,G3117,G3118,GE223,G2061,G1015,G9838,GE226,G9717,G1054,G3308,G9532,G2236,G2230,GE216,G9765,G3347,G2044,GE215,G9509,G1092,G2012,G6202,G9533,G9540,G9839,G3130,G3244,G2092,G3128,59480,G2099,G9522,G3201,59481,GE239,G3121,G3324,GE201,G9550,G3239,G3115,G6904,G3205,G6903,G2082,G9840,G5967,G9510,G2091,GE211,G9789,G2033,GE203"
113.40,22.90,0.20,0.18,131,"G9518,G9547,G9548,G3141,GA006,G9541,G9747,G9544,G3131,G3135,G1087,G9543,G1015,G3112,G1069,G1054,G3130,G3113,G3128,G1086,G1077,G9545,59481,G9746,G9510,G3137,G3133,G1092,G3347,G3134,G9789,G1049,G3324,G6912,G9517,G3244,G9779,G3132,G1071,G9523,G1016,G9524,G3203,G9837,G9509,G3117,G2232,G3129,G9546,G6924,G3140,G2231,G6927,G3218,GE203,G3108,G2266,G1019,G3110,G3111,G9838,G3115,G9508,GE224,G1056,G1000,GE216,G9597,G9575,GE238,G6926,G2242,G9839,G6900,G3118,G3156,G3125,G9540,G2245,G6916,G9745,G9532,G1018,G3139,G3210,GE239,G3213,G3220,G9765,G3120,G3145,GE222,G3204,G2056,G6075,GA038,G2243,G2230,G2209,GE221,G9840,G9819,G3138,G9710,G1047,G3142,G2072,G3242,G3114,G1919,G3443,G6903,G9717,G6913,G1089,G3209,G3136,G1070,G5949,G2041,G5967,GE201,G3155,G6901,G1097,GE213,G3330,G1030,59480,GE207,G9533"
113.40,23.00,0.20,0.18,197,"G1071,G9779,G9510,G3130,G3125,G3128,G9745,G3218,G9508,59481,G3220,G3129,G3242,G1018,G1015,G9789,G3443,G3140,G3155,G3136,G1054,G1000,G9575,G9747,G1030,G3138,G3330,G3141,G3139,G1087,G9541,G3108,G3114,G1019,G3302,G1097,G3448,G3442,G3190,G9548,G9590,G1047,G3324,G3135,G1039,G1092,G9554,G3339,G9788,G3435,G3101,G9500,G9518,G9502,G9501,G3347,G9714,G9499,G3309,G9547,G3145,G1032,G1034,G3447,G3444,G9527,G3244,G1003,G3102,G3449,GA006,GE203,G3158,G3344,G9710,G9525,G9477,G1069,G9597,G1077,G1031,G9746,G3345,G9478,G9544,G3133,G9526,G9509,G9489,G9559,G9709,G3113,G6003,G3156,GA003,G3314,G1070,G3454,G6129,G3223,G1093,G3410,G9835,G0903,G1919,G9543,G3131,G0902,G9498,G3238,G9504,G3316,G3450,G9505,G6916,G3107,G6816,G6087,G9713,G9506,G6075,G2209,G9471,G3134,G2240,G6126,G9792,G3117,G9491,G9470,G3221,G3402,G3112,G3312,G9828,G3115,G2252,G3362,G1086,G3451,G1088,G9475,G9474,G1053,G9577,G2232,G6817,G2245,G9837,G9712,G3241,GE207,G9834,G9476,G1001,G3228,G6127,G9996,G1037,G1079,G9711,G9829,G9838,G9473,G6848,G3225,G2219,G9582,G9545,G9805,G5946,G9472,G9791,GE213,G1975,G9824,G1907,G6128,G3235,G3203,G3227,G1099,G3157,G9839,G9807,G3329,G9514,GE216,G1045,G3137,G5947,G1049,G5948,G3250,G6924,G9793,G6153"
113.40,23.10,0.20,0.18,231,"G3448,G3442,G1034,G9714,G3302,G3190,G1030,G9590,G3330,G9527,G3155,G3102,G3454,G9835,G0903,G9489,G0902,G3238,G9709,G3242,G3309,G9499,G9554,G1032,G9526,G3443,G3136,G3344,G9745,G1039,G9828,G9577,G3125,G9504,G1003,G3339,G9713,G3228,G3220,G3101,G3435,G9478,G9500,G3221,G3345,G9491,G9582,G9829,G9788,G3312,G3314,G3449,G9501,G9502,G9506,G3235,G3362,G9505,G3316,G1097,G3311,G1018,G9834,G1099,G3241,G9525,G9508,G1001,GA003,G9712,G3138,G3223,G1093,G1053,G3447,G1036,G3410,G3114,G9580,G9996,G9477,G3227,G3402,G1071,G3161,G3444,G1037,G3218,G9779,G9470,G3232,G9471,G9570,G1031,G3327,G9579,G3450,G3158,G9476,G9720,G3139,G9475,G1047,G9824,G3407,G1000,G9575,G3129,G9559,G9772,G9507,G9722,G9474,G3329,G9498,G3224,G9775,G9510,G1002,G9721,G9473,G1079,G3225,G3231,G9725,G1045,G9723,G9513,G3140,G9472,G3451,G9514,G9586,G1009,G6003,G9515,G3226,G9708,G9825,59287,G3157,G9771,G9711,G3128,G3130,G3219,G3332,G1008,G9724,G6127,G9792,59481,G9770,G9789,G9799,GA007,G6087,G3145,G9798,G9791,G9794,G3108,G1019,G3107,G9773,G9528,G9805,G9841,G1033,G9801,G6129,G3250,G9782,G9795,G9726,G6816,G1975,G9576,G9539,G9710,G1088,G9742,G9842,G9578,G9777,G9591,G3236,G9800,G1015,G1044,G9803,G9778,G1051,G3222,G2240,G1054,G3249,G3237,G3233,G3446,G6002,G9588,G9797,G1907,GA004,G5946,G1070,G5948,G3324,GA014,G9793,G2252,G6126,G9587,G2219,G9802,G9804,G5947,G9806,G1095,G9747,G3234,G9807,G1014,G9774,G3162,G1092,G9597,G1087,G9796,G9780"
113.40,23.20,0.20,0.18,206,"G3232,G3311,G1036,G1008,G9582,G9580,G3235,G9528,G3228,G9841,G9577,G3407,G0902,G3238,G9829,G0903,G9835,G3454,G1099,G3161,G9828,G9570,G9842,G3446,G3327,G9489,59287,G9709,G9780,G3221,G9721,G9775,G9578,G9713,G3312,G9724,G9491,G9572,G9504,G3362,G1034,G9834,G9526,G3241,G9723,G9507,G9720,G1001,G1002,G3102,G9714,G1014,G3231,G9773,G9527,G3227,G9506,G1006,G3406,G9772,G9712,G9579,G9725,G3164,G9505,G3442,G3448,G3332,G3314,G3316,G3344,G9742,G3190,G3302,G9770,G1053,G9590,G9563,GA004,G1032,G9996,G9513,G3309,G9499,G9478,G3345,G9774,G9722,G1009,G9554,G9782,G1003,G1030,G1037,G1095,G3330,G3230,G3226,G9777,G3219,G9565,G1029,G3233,G3224,G3155,G9814,G1052,G9824,G1051,G3449,G3402,G9771,G3405,G1039,G3223,G1093,G3339,GA003,G3234,G3329,G3401,G9515,G3435,G3101,G9500,G3410,G9470,G9813,G9825,G9694,G9525,G9788,G9778,G3242,G9476,G9501,G9471,G9586,G9502,G0816,G3136,G1045,G9708,G3443,G3403,G1011,G9475,G9561,G3162,G3346,G9514,G9817,G9815,G9795,G1097,G9798,G9591,G9473,G3225,G9745,G3450,G9474,G3447,G1079,G3335,G9472,G9799,G3240,G9477,G3222,G3220,G3125,G9781,G9695,G9569,G3157,G9587,G3438,G1046,G1044,G1033,G3146,G1031,G9588,G9794,G3236,G9801,GA007,G9539,G3444,G1018,G9576,G3229,G9498,G3451,G3138,G9558,G9822,G1010,G9726,G9559,G3114,G9711,G9800,G9776,G9697"
113.40,23.30,0.20,0.18,136,"G3406,G9780,G9814,G9572,G1006,G1052,G3446,G3401,G9528,G3164,G9841,G1008,G9781,G9695,G9694,G9842,G1029,G9569,G9817,G3240,G9822,G9697,G1040,G3335,G9565,G1014,G9578,G9816,G3232,G9563,G3405,G9823,G9561,G3407,G9555,G3263,G1036,59287,G3230,G9707,G3438,G3311,G9580,G1011,G3333,G9724,G3413,G9568,G0817,G9558,G9584,G0816,G9564,G9848,G1007,G3437,G3160,G9774,G9581,G3161,G1058,G9721,G9570,GA004,G3235,G9582,G9775,G9826,G9773,G9813,G3327,G3346,G3228,G9560,G1099,G9742,G1095,G9577,G9482,G9723,G9829,G3440,G1028,G3231,G9715,G9507,G1002,G1024,G9828,G9783,G9784,G3229,G9557,G3332,G9770,G3238,G0902,G9741,G1010,G3414,G0903,G3246,G9720,G9835,G3356,G3234,G3233,G3454,G3403,G9725,G9777,G9782,G9562,G9772,G3221,G9556,G3312,G3257,G1051,G9489,G9491,G9713,G9844,G9513,G3227,G9709,G3362,G9579,G3251,G9834,G9776,G3241,G9585,G1009,G1001,G3104"
113.40,23.40,0.20,0.18,93,"G9816,G1040,G3413,G1058,G3263,G9781,G9568,G9822,G9697,G3440,G9823,G9695,G3437,G3246,G9814,G3257,G9569,G1028,G3401,G3160,G1024,G1052,G3240,G3414,G9581,G9707,G3406,G3258,G9817,G9694,G3335,G9740,G3356,G1006,G1029,G9555,G3164,G9826,G9780,G3333,G1007,G9486,G3251,G9572,G3418,G9848,G9762,G1059,G9741,G0817,G9703,G9584,G9482,G3419,G3355,G3446,G9564,G3438,G9766,G9565,G9558,59284,G9561,G9528,G9557,G9739,G3428,G3364,G9841,G3405,G3354,G3325,G9483,G9560,G1008,G9842,G9761,G9715,G9767,G1011,G9563,G1014,G3104,G9832,G3260,G3159,G9763,G9556,G9578,G3230,G1081,G1027,G0816"
113.40,23.50,0.20,0.18,77,"G3418,G3258,G3257,G3246,G3440,G3354,G9740,G1058,G9739,G3413,G9767,G1028,G1024,G9766,G9568,G3414,G9758,G3419,G3263,G3437,G3364,G3262,G9816,G9701,G9705,G9703,G1027,G1040,G9769,G3355,G9823,G3123,G9762,G3363,G3160,G3356,G1059,G9719,G9697,G9486,G9822,G9581,G9832,G3109,G9761,G9781,G9757,G3367,G3352,G3251,G9760,G9695,G9756,G1080,G9707,G9737,G9569,G3428,G3415,G9814,G1021,G9481,G3240,59284,G9741,G3417,G1081,G3307,G3353,G9826,G3401,G9768,G3303,G9480,G9763,G1052,G9759"
113.40,23.60,0.20,0.18,60,"G3123,G3262,G9758,G3354,G9756,G9705,G9737,G1021,G3418,G9719,G3352,G9769,G9739,G3353,G9757,G9736,G3363,G9767,G9701,G9738,G9754,G3258,G1027,G3109,G3303,G1080,G3426,G3364,G9766,G3257,G9740,G9759,G3419,G8353,G3246,G2785,G9735,G3417,G3440,GR031,G2768,G9760,G2709,G3127,G9703,G8356,G3355,G3367,GR029,G1058,G3307,G9768,G9480,G2754,G3414,G9832,G1024,G1028,GR062,G9481"
113.40,23.70,0.20,0.18,53,"G9754,G3426,G9736,G9738,G1021,G8353,G2768,G9737,G9756,G3353,G8356,G3123,GR062,G2785,G2709,G2754,G8367,G2738,G8362,G3262,GR029,GR077,G2781,G3352,G9719,G9758,G2736,G2791,G9757,GR031,G9705,G3303,GR060,G8358,G2710,G3354,G3363,GR076,G9769,G9735,G9759,G2702,G1080,GR025,G3109,G9701,GR030,G2782,G9739,G3418,G8361,G9767,G3127"
113.40,23.80,0.20,0.18,45,"G8362,G2736,G2791,G2768,G2781,G2738,G8353,G8367,GR077,GR062,GR025,G8356,G3426,G2711,G9754,G8352,GR060,G9738,G2787,G2754,GR024,G9736,G2702,G2709,GR029,G8358,G2785,G1021,G2789,59087,G8355,G8357,GR076,G8361,G2748,G3353,G9737,G2710,G9756,GR031,GR039,G2734,GR030,GR061,G8535"
113.40,23.90,0.20,0.18,35,"G2787,G2711,G8352,GR039,GR025,G2791,G2748,G2736,G8362,G8357,G2789,G2781,GR024,G2773,59087,G2738,G8535,G8355,GR077,G8367,GR041,G2768,GR062,GR060,G2702,G8530,G8557,G8315,G8353,G2788,G8356,G2783,GR061,G2754,G2745"
113.40,24.00,0.20,0.18,31,"G2773,GR039,G8557,G8552,G2787,G8530,G8315,G2748,GR036,GR040,G8352,G2711,GR041,GR074,GR037,G8535,G2714,G8357,G2788,G2735,G2789,G8549,GR025,59087,G2745,G8536,G8350,GR075,G2783,GR026,GR024"
113.40,24.10,0.20,0.18,22,"G8552,GR037,GR036,GR074,G8536,G8557,G2773,59088,G8546,GR038,G8549,GR040,G8315,G8530,GR039,G2735,G8342,G8567,G2714,G8553,GR026,G8350"
113.40,24.20,0.20,0.18,24,"G8546,59088,GR038,G8536,GR037,GR074,G8567,G8531,GR036,G8532,G8348,G8347,G8549,G2727,G8552,G8533,G8553,G2777,G8342,GR040,G8538,G8557,G8340,G8547"
113.40,24.30,0.20,0.18,24,"G8348,G8532,G8347,G8533,G2777,G8531,G8548,G8340,G2727,G8568,G8546,59088,G8547,GR038,G8561,G8567,G8553,G8536,G2728,GR072,G8538,GR037,G2775,GR074"
113.40,24.60,0.20,0.18,22,"G4619,G4614,GF100,G1426,G1429,GF007,G1403,GF102,G4664,G4612,G4610,G4401,G4541,G4666,G4667,G4407,GF005,G4615,GF004,G1409,GF104,G4535"
113.40,24.70,0.20,0.18,28,"G1403,G4541,G4401,GF007,GF005,GF102,GF704,G4535,G4610,G1429,G4411,G4551,59081,G4403,G9884,G4557,G4534,G4666,G4619,G9881,GF006,GF100,G4614,G1401,G4550,G4617,G4407,G1406"
113.40,24.80,0.20,0.18,37,"G4551,G9884,GF704,G9881,G4541,G4550,G4534,G4401,GF005,G1403,G4402,G9883,59081,G1404,G4557,GF003,G4535,GF007,G4403,G4415,G4411,G1401,G4405,G4404,G1463,G1406,GF102,G1405,GF707,G4553,GF006,G4610,G4408,G4409,G4554,G4412,G4400"
113.40,24.90,0.20,0.18,31,"G9883,G4550,G9881,G1404,G1463,G4402,G9884,G4553,G4551,GF003,GF000,GF707,GF703,GF704,G4534,G4404,G1405,G4552,G1411,G4415,59081,G4405,G4541,G4546,G4517,G4557,GF005,G1401,GF001,G4401,G4403"
113.40,25.00,0.20,0.18,33,"GF703,G4552,GF000,G1463,G1411,G4517,G4553,G4569,G9883,G1454,GF202,G4546,G1404,G4608,57988,G4550,G4402,GF707,GF003,G4604,GF201,G9881,G1425,GF200,G1405,G4404,G4663,G4605,G9884,G4551,GF001,GF308,G4568"
113.40,25.10,0.20,0.18,33,"G4569,GF202,57988,GF201,G4608,G4604,G4517,G1454,G4663,G4605,G1411,GF200,G4568,G1456,GF703,G4602,G4552,G1461,G4607,GF308,GF000,GF203,G4546,G1474,G4562,GF095,G1463,G4553,G4519,G4525,G1448,G1425,G4603"
113.40,25.20,0.20,0.18,35,"GF203,G4602,G4607,G1456,G1461,G4568,G4605,G4663,GF201,G1474,G4609,G4604,GF200,G4603,57988,GF202,G4608,G4519,G4560,G4569,G4562,G1454,GF204,GF095,GF308,GF205,G1449,G4647,G4517,G1459,G1448,G1411,G1465,GF206,G1418"
113.40,25.30,0.20,0.18,24,"G4560,G4609,GF205,GF203,GF206,G4647,G4603,G4607,G1461,G1474,GF204,G4602,G4561,G1456,G4519,G4568,G1418,G4605,G1459,G4663,G1449,G4562,GF201,G4604"
113.50,22.10,0.19,0.18,42,"G1292,G1224,G1217,G1280,G1226,G3994,G1230,G1232,G1295,G3980,G1221,G1238,G3995,G1299,G1218,G3996,G1276,G1240,G1212,G1206,G1205,G1220,G2037,G1210,G1222,G1256,G3970,G3981,G1298,G1252,G3991,G3992,G3971,G1297,G3972,G1209,G1272,G1215,G2085,G1273,G3987,G2003"
113.50,22.20,0.19,0.18,68,"G1230,G1221,G3995,G3994,G1226,G3996,G1212,G3991,G1272,G1276,G3980,G1217,G1232,G1295,G1238,G1280,G1206,G2037,G1215,G2085,G1271,G2003,G3992,G3970,G1209,G1240,G3981,G3997,G1233,59488,G3971,G3972,G1270,G1224,G2086,G1228,G2084,G1237,G1252,G1236,G1292,G4005,G2083,G2053,G1220,G1256,G3973,G2036,G3987,G2077,G1299,G3998,G1210,G3960,G3953,G2031,G1298,G1223,G1258,G1218,G2010,G2038,G1243,G1259,G1204,G6204,G2081,G3974"
113.50,22.30,0.19,0.18,82,"G1237,G2086,G2053,G1271,G2003,G1270,G1272,G3991,G1233,G2085,G1223,G4005,G2083,59488,G2038,G1236,G1215,G3997,G2077,G1228,G1212,G1204,G2081,G2010,G3996,G3998,G3995,G1283,G3992,G2084,G1209,G1221,G1243,G2036,G1285,G1282,G2050,G1244,G6204,G2037,G1276,G3970,G1229,G2054,G3981,G3971,G1230,G3972,G1206,G2042,G3994,G2027,G6208,G2068,G1238,G1227,G3980,G1226,G3973,G1240,G2035,G1295,G2031,G1232,G2028,G1252,G2017,G1211,G3953,G2051,G2070,G6200,G2058,G1217,G3960,G3987,G1259,G3974,G1280,G6203,G1294,G2004"
113.50,22.40,0.19,0.18,78,"G1283,G2050,G2042,G2038,G1244,G2027,G2028,G1223,G2081,G2051,G1285,G1204,G6200,G2068,G2053,G1237,G2010,G1282,G2035,G2089,G2054,G1243,G2086,G2026,G1227,G2005,G2004,G2077,G6203,G1270,G3998,G6204,G1229,G2083,G4005,G1211,G6213,G1233,G1271,G6208,G1294,G2080,G2003,G1236,G2074,G2043,G2052,59488,G6214,G2030,G2025,G1272,59485,G2029,G3991,G2076,G1228,G2036,G2085,G3997,G2065,G6211,G1215,G2009,G2073,G2084,G6218,G2024,G2018,G2071,G2058,G6201,G3992,G2023,G2017,G1209,G1212,G2008"
113.50,22.50,0.20,0.18,73,"G2005,G2051,G2089,G2043,G6200,G2028,G2026,G6218,G2052,G2080,G2042,G2071,G2074,G2023,G6211,G2008,G2027,G2025,G6213,G2045,G2050,G6210,G2009,G2065,G2004,G2030,59485,G1283,G1244,G2062,G2073,G2068,G2006,G2094,G6203,G2066,G2049,G2035,G1090,G2038,G1285,G2091,G2029,G2024,G2007,G9718,G2096,G3211,G2081,G2016,G6214,G1204,G9552,G1294,G1223,G2099,G1227,G2092,G9521,G2054,G1211,G9574,G1282,G2010,G6201,G1078,G9818,G2076,G2087,G1243,G1017,G2053,G2002"
113.50,22.60,0.20,0.18,81,"G2006,G2066,G2023,G2071,G2008,G2049,G2091,G2045,G6218,G2099,G1090,G2094,G2092,G1078,G6210,G2043,G9552,G2096,G3205,G6211,G2048,G2052,G2005,G1017,G2016,G3211,G9574,G2022,G2062,G2080,G3206,G3239,G2074,G9521,G3207,G3202,G2089,G2025,G9718,G2044,G2026,G2093,G2009,GA005,G2032,G2051,G9522,G2065,G1055,G6200,G9818,G6213,G2073,G9551,G3209,G2041,G2028,59485,G2007,G2030,G2015,G2090,G3142,G1091,G9535,G3121,G1048,G3208,G9549,G3212,G2072,G2042,G9519,G9534,G9749,G9748,G2024,G3204,G2061,G6215,G2004"
113.50,22.70,0.20,0.18,98,"G2048,G3206,G3207,GA005,G3205,G1055,G3239,G9551,G3209,G2093,G9522,G1078,G2091,G1048,G3204,G2099,G3202,G2041,G2066,G1089,G2022,G9819,G3121,G3142,G2092,G2006,G2049,G9549,G3308,G2072,G1090,G2032,G9546,G3213,G3110,G9552,G1056,G1017,G1072,G2045,G3201,G2094,G2096,G3132,G9519,GA038,G1016,G2008,G2044,G3120,G2023,G9524,G2071,G9550,G2090,G9533,G9503,G3111,G9517,G9534,G3208,G3212,G9717,G3210,G6218,G9574,G6210,G9520,G2015,G2056,G9545,G3203,G2014,G2016,G3211,G1086,G9521,G1091,G3118,G2243,G2061,G3137,G9765,G1966,G9749,G1967,G6088,G6912,G9532,G6142,G2043,G5952,G6211,G3131,G9718,G5967,G6209,G9837"
113.50,22.80,0.20,0.18,114,"G9819,G1056,G3213,G3204,G1089,G3132,G3120,GA038,G9546,G3210,G1048,G3203,G1055,G3308,G9717,G9551,G1086,GA005,G9533,G3209,G3118,G3201,G9545,G9765,G1016,G9550,G9532,G3110,G9837,G3207,G9524,G3121,G3206,G9517,G3113,G3142,G9522,G9838,G3131,G9540,G5967,G2041,G9839,G1072,G9503,G1077,G1967,G9840,G2093,G3239,G9549,G2048,G3133,G2072,G3111,G3137,GA006,G5951,G3112,G9509,G3115,G3205,G3135,G6142,G6912,G9547,G3202,G6088,G1966,G9548,G3244,G9544,G9543,G1989,G9518,G5949,G2056,G2022,G9519,G9747,G3141,G6056,G1054,G2231,G1078,G5952,G1049,G2243,G1904,G1997,G6097,G2032,G5950,G2266,G9541,G9523,G6075,G9597,G2099,GE224,G9520,G2091,G6053,G9534,G2092,G2090,G3212,G9789,G3208,G2014,G6143,G1069,G6130,G1087"
113.50,22.90,0.20,0.18,140,"G3133,G9509,G9837,G1077,G9838,G3113,G3244,G3115,G9839,G3203,G9540,G3135,G9532,G3118,G9840,G1086,G9765,G1054,G9597,G3210,G6075,G5949,G9789,GA006,G9548,G3131,G1056,G1019,G5967,G3120,G9547,G9747,G3132,GA038,G9717,G5951,G3140,G3213,G1919,G3141,G9545,G9518,G5950,G1904,G3130,G9546,G9533,G1926,G9510,G9541,G6072,G9544,G1967,G9819,G3112,G9550,G3139,G9779,G1089,G6151,G6126,G3204,G3128,G3201,G6152,G1016,G9543,G1015,G3308,G9517,G9524,G1989,G1087,G6128,G1947,G3137,G6008,G6129,G6053,G3110,G6153,G1018,G3114,59481,G1048,G1071,G6018,G9503,G6031,G6112,G1996,G6142,G1069,G6019,G6912,G3158,G6097,G6003,G6087,G6100,G6088,G1055,G1072,G3111,G9551,G6130,G1929,G3125,G3209,G1966,G3121,G5946,G9746,G6071,G9559,G1031,G3136,G1049,G9745,GA005,G1907,G1982,G3142,G3218,G6056,G1092,G3347,G9502,G3129,G5947,G5966,G6032,G9523,G2231,G3324,G5948,G1915,G3207,G3134,G9508"
113.50,23.00,0.20,0.18,176,"G1019,G3139,G3140,G3114,G9597,G9789,G1919,G6129,G3158,G1018,G6126,G6003,G6075,G3244,G6087,G1031,G9559,G9779,G1054,G9502,G3136,G6128,G9509,G9510,G9525,G5946,G6153,G1907,G6151,G3125,G3115,G6127,G3133,G3130,G5947,G1926,G1947,G5948,G9554,G1003,G9711,G1975,GA003,G3135,G9745,G6019,G1929,G1077,G6008,G5966,G1032,G5949,G1071,G1079,G1030,G6002,G6072,G6152,G9747,G6018,G3250,G3190,G3128,G9838,G9839,G9548,G3302,G9527,GA007,G3242,G3113,G9837,G3141,G9514,GA014,G3448,G5950,G9526,G9714,G9540,G3155,G6000,G9840,G1904,G1945,59481,G3329,G9508,G3220,G3442,G9712,G1015,G3218,G9547,G3330,G1034,G6031,G9586,G9518,G9541,GA006,G1956,G1982,G9713,G3443,G3312,G9532,GA018,G6007,G3129,G3203,G3118,G1915,G9590,G1087,GA008,G9765,G3227,G5951,G1086,G1970,G3131,G9579,G5967,G6084,G6100,G9828,G1996,G3226,G6032,G1062,G1983,G3454,G9591,G9835,G0903,G3238,G3138,G0902,G9544,G1000,G3102,G3309,G9499,GA009,G9513,G1039,GA015,G9575,G3210,GA024,G1097,G3339,G3228,G5969,G6053,G6089,G3101,G3435,G9500,G1931,G9788,G6112,G9489,G3108,G1002,G9501,G1092,G3235,G9717,G9709,G3324,G9545,G6049,G9582,G3120"
113.50,23.10,0.20,0.18,187,"GA003,G9525,G1003,G9712,G1079,G1031,G9502,G3329,G9559,G9514,G1032,G9526,G9711,G9554,G9586,G3158,G3227,G3312,G9713,GA007,G6127,G9579,G3250,G6003,G9527,G3114,G1975,G3226,G3136,G6087,G9513,G9828,G3190,G6002,G9714,G1002,G9591,G1018,GA014,G3231,G6129,G1034,G3139,G3327,G1030,G1907,G3302,G5948,G5946,G3228,G3161,G3332,G5947,G3448,G3235,G9775,G3238,G3454,G9835,G9582,G0903,G0902,GA018,GA008,G3442,G9580,G3125,G5966,G6126,G3233,G1062,G9745,G3162,G6000,59287,G3155,GA009,GA024,G3140,G3242,G3330,G3311,G3146,G9590,G3234,G1019,G9489,G1929,GA015,G6128,G6153,G9779,G1919,GA004,G9709,G3102,G3232,G9577,G5969,G6019,G1983,GA010,GA012,G9789,G6007,G9774,G3443,GA016,G3309,G9597,G3220,G9499,G9578,GA023,G1945,G1970,G1947,G6151,G1071,GA019,G9510,G9829,GA011,GA021,G1931,GA022,G6084,G1039,G9504,G6008,G6075,G3344,GA013,G9508,G3221,G3339,G6018,G1036,GA027,G9491,G3322,GA020,G3101,G3435,G9500,G1956,G3152,G9478,GA028,G3345,G9788,G1099,G3230,G1926,G3130,G1008,G9501,G1097,GA017,G3362,G1054,G3314,G3244,G3218,G3449,G9506,G5965,G9528,G9505,GA026,G3316,G6152,G3138,GA025,G9834,G6089,G3241,G9776,G1001,G1982,G3128,G0816,G6072,G1915,G9585,G9570,G6051"
113.50,23.20,0.20,0.18,162,"G9775,59287,G3231,G1002,G3332,G3327,GA004,G3161,G3233,G9513,G9774,G9578,G3234,G9579,G9580,G3227,G3226,G3162,G3235,G3230,G9712,G3312,G3329,G9713,G3232,G9828,G9591,G3228,G9582,G3146,G9586,G0816,G3311,G9514,G1008,G9526,G9528,G9572,G9776,G3322,G3229,G9561,G9585,G3164,GA003,G1079,GA007,G3238,G9835,G0902,G0903,G1029,G3454,G1003,G9562,G9527,G9780,G1032,G9525,G3250,G9711,G1034,G9554,G9841,G9714,G9577,G1036,G9558,G6127,GA008,G9502,G9783,G9784,GA014,G1062,G3190,GA018,GA024,G1031,GA023,GA009,G1975,G9489,G9559,G9560,G6002,G3335,G3401,GA022,G3302,G3446,G3448,GA027,G1022,GA012,G9829,G3144,GA016,G9709,G9584,G0817,G3328,GA028,GA011,G9555,G1030,G3406,G3158,G3442,GA015,G3136,G3152,G3333,G1099,GA020,G9842,GA010,GA019,G3407,G6003,GA013,G9569,GA025,G6087,GA021,G5948,G3102,G5969,G3221,G1007,G9570,G9556,G9814,G3114,G1907,G9590,G5947,G9491,GA017,G9504,GA026,G6000,G5946,G1006,G3330,G9557,G3155,G3362,G1018,G1983,G9826,G9781,G9721,G6129,G3309,G9499,G5966,G9834,G3241,G9724,G3242,G3344"
113.50,23.30,0.20,0.18,104,"G1029,G9561,G3164,G3335,G9558,G3230,G0816,G9555,G9584,G0817,G3333,G9572,G3401,G9560,G9569,G1007,G9578,G9783,G9784,G9774,G3229,G9826,G9562,GA004,G9557,G9780,G9556,G9781,G9776,59287,G9585,G3328,G9814,G9528,G9581,G3234,G9741,G3406,G1008,G3160,G3233,G1022,G9775,G3332,G3322,G3231,G3327,G9580,G3232,G3161,G3162,G3437,G1002,G9568,G3356,G9512,G9841,G1040,G3151,G3446,G3146,G1052,G9513,G1006,G9704,G9816,G1028,G3235,G9695,G3311,G3226,G9579,G3320,G3428,G3227,G9582,G9842,G9822,G1058,G9697,GA001,G3228,G9763,G9591,G3144,G9694,G9762,G9828,G3312,G9712,G3440,G3240,G1036,G3413,G9713,G9817,G3263,G3329,G9586,G3261,G3246,G9594,G9823,G3266"
113.50,23.40,0.20,0.18,87,"G9581,G3160,G3356,G9826,G3437,G9741,G1028,G9568,G1007,G3333,G9555,G9569,G3335,G0817,G9762,G9584,G9557,G3428,G9781,G1058,G9763,G9558,G3401,G3355,G9740,G9560,G9512,G3440,G3246,G9761,G9556,G1040,G1029,G9816,G9561,G9783,G9784,G3164,G9814,G3413,G3364,G3151,G3328,G3367,G0816,G3263,G9572,G3429,G3257,G3406,G9822,G9697,G9695,G3230,G9562,G3229,G9760,G3261,G9739,G9704,G9780,G9823,G3418,G3320,G1052,G3258,G9764,G9481,G1022,G9578,G9585,GA001,G9776,G9774,G1024,G3240,G3354,G9734,G1006,G9528,G3307,G9480,G3414,G9694,GA004,G9817,G1008"
113.50,23.50,0.20,0.18,74,"G3364,G3355,G9740,G9762,G9739,G9761,G3367,G9760,G1028,G3356,G3246,G9481,G3363,G3428,G3418,G3440,G3437,G3354,G3307,G9705,G9568,G3429,G9480,G9763,G3160,G1080,G1058,G9581,G9758,G9757,G9719,G9741,G9734,G3257,G3258,G9759,G9716,G9764,G3326,G9826,59285,G3127,G3303,G3123,G9512,G3357,G3413,G3304,G1007,G9816,G1040,G9735,G9756,G9557,G3333,G9569,G9555,G9781,G3263,G3262,G0817,G3335,G9584,G3353,G3427,G9556,G3261,G1024,G9767,G3401,G3351,G9560,G3414,G9823"
113.50,23.60,0.20,0.18,67,"G9757,G3363,G9719,G1080,G9705,G3303,G9759,G9758,G9735,G9756,G9739,G3353,G3127,G3123,G3364,G3354,G3307,G9760,G9480,G3367,G3326,G9481,G1021,G2785,G3418,G9716,59285,G3427,G3355,G9738,G9740,G3262,G2710,G2709,G9761,G9754,G2732,G9734,G3304,G3429,G9762,G9736,G9737,G9732,G1064,G8356,G2782,G3246,G3426,G9755,G8358,G3357,G1028,G3258,G8353,G3440,GR076,G3352,G3351,G9764,G3428,G3257,G3356,G9731,G2768,G9769,G9763"
113.50,23.70,0.20,0.18,61,"G2785,G2709,G3353,G2710,G8356,G9738,G8358,G3303,G9756,GR076,G9735,G9754,G2782,GR060,G1021,G9757,G8367,G9719,G9759,G8353,G2732,G2768,G2738,G3426,G3127,G8361,G3123,G1080,G9736,G9705,G3363,G9758,G2734,G8362,G3427,G2736,G9737,G3423,G3326,GR024,GR025,G9731,G1064,G3307,G3354,G3262,G9739,59285,G9480,GR001,G3422,G9716,G8355,G2781,G2791,GR062,G9760,G9732,G9755,GR077,GR061"
113.50,23.80,0.20,0.18,48,"GR060,G8367,G2738,GR024,G8358,G8361,G8356,GR025,GR076,G8355,G2709,G2736,G8362,G2734,59087,G2789,G2768,G2785,G2710,GR001,GR061,G8357,G2782,G8352,G8353,G9738,G2711,G2786,G2791,G9754,G2787,G3426,G2748,G2781,G2732,G3353,G3422,G2783,GR077,G1021,G9736,GR062,G8351,G9756,G3303,G3423,G9735,GR039"
113.50,23.90,0.20,0.18,38,"G8357,G2789,59087,G2748,G8355,GR024,G8352,GR025,G2787,G2783,G2711,GR061,G2788,GR039,GR001,G2786,G2736,GR060,G2738,G8367,G8361,G8362,G2734,G2714,G2773,G8351,G2791,G8557,G8350,G8358,GR076,G8356,G2735,G2768,G8354,G2781,GR026,G2709"
113.50,24.00,0.20,0.18,32,"G8557,G2714,G2788,GR039,G2748,G2735,G8350,G2773,GR026,G2783,G8357,G2789,59087,G8352,GR078,G2787,G8365,G8549,G8552,G8355,G2711,G8354,GR024,GR025,GR037,GR061,GR027,GR036,G2712,G2786,G8536,GR001"
113.50,24.10,0.20,0.18,27,"G8549,G8557,G2735,GR037,GR026,G2714,G8536,G8350,G8552,GR038,G8365,G2773,59088,G8341,G8546,G8553,GR078,GR036,GR074,G2788,GR039,G2727,G2712,G2748,G8531,GR027,G2783"
113.50,24.20,0.20,0.18,26,"G8553,G2727,G8549,GR038,G8531,G8536,59088,G8546,GR037,G8341,G8533,G2790,GR074,GR045,G8348,G8347,G8532,G8340,G8552,G2735,GR036,GR026,G8557,G8365,G8551,GR072"
113.50,24.30,0.20,0.18,24,"G8531,G2727,G8340,G8533,GR072,G8553,G8548,G8348,G8347,G8532,G2728,G8551,G2777,GR038,G2775,59088,G8546,G8536,G8568,G2744,G2790,G8549,GR045,G8341"
113.50,24.40,0.20,0.18,23,"G2728,G2775,G8340,GR072,G8548,G8533,G8568,G4664,G8551,G8531,G2777,G2727,G8569,G8532,G8348,G8347,G2744,G4612,G4618,GF100,G8561,G4619,G4614"
113.50,24.50,0.20,0.18,22,"G4664,G4612,GF100,G2775,G4619,G2728,G4667,G4614,G4618,G1409,G8569,G4615,G1429,G8548,GF104,G1426,GR072,G8340,G8568,G4666,G4630,GF102"
113.50,24.60,0.20,0.18,30,"G1429,GF100,G4612,G4667,G4619,G4615,G4666,G4664,GF102,G1409,GF104,G4610,GF007,G4614,G4617,59082,G1403,G4618,G4411,G4401,GF005,G8569,G1428,G4616,G1491,G4403,G1426,G2775,GF101,GF006"
113.50,24.70,0.20,0.18,39,"GF102,G4610,GF007,G4411,GF005,G4401,G4666,G4403,G1403,G1429,G4617,GF006,59082,G1406,G1401,G4412,GF104,G4541,G4406,G4408,G4615,G4667,G4415,G4410,G4409,GF101,G4405,G4400,GF100,G1409,G4616,G4619,G4612,G9884,G4551,GF704,G1402,G4664,G1428"
113.50,24.80,0.20,0.18,43,"G4403,G1401,G4415,G4405,GF005,G1406,G4411,GF006,G4408,G4409,G4401,G4412,G4400,G4402,G4406,G9884,GF003,G4410,G4404,G1404,G1405,G4551,GF007,G1403,G4550,G9881,G4610,G4541,GF102,G9883,GF704,G4617,G1402,G9882,G4666,59082,GF002,G1463,GF001,G4534,G1429,GF101,G4611"
113.50,24.90,0.20,0.18,37,"GF003,G4404,G1405,G4402,G1404,G9883,G4415,G4405,G1463,GF001,G4550,GF000,G9884,G1401,G4409,G9881,G1425,G4400,G4551,G1406,G4408,GF703,G4403,G4410,G4412,G4553,G4439,G4406,GF002,GF006,G9882,GF005,G1445,G4411,G4552,GF704,G4401"
113.50,25.00,0.20,0.18,35,"GF000,G1425,G1463,GF001,GF703,G1405,G4404,G4525,GF003,GF202,G1404,G4402,G9883,G4552,G4569,G4439,GF308,G1445,G1411,GF312,GF201,G4517,G4553,G4605,G4550,G1455,G4438,G4568,GF303,G1454,G4405,G4415,57988,G9881,G4608"
113.50,25.10,0.20,0.18,40,"GF308,GF202,GF201,G4605,G4568,G4525,G4569,G1448,G1461,G1425,G4607,G1474,G1455,GF000,G1446,GF703,G1449,G4517,GF312,57988,G4604,G1411,G4608,G4663,G1465,G4529,GF303,G1459,G1454,G4552,G1456,G4422,G4603,GF200,G4602,GF001,G1463,G1445,GF203,G4439"
113.50,25.20,0.20,0.18,33,"G1474,G1461,G4607,G4568,G1449,G4603,G1448,G4605,G1459,GF308,G1465,GF201,G1452,G1446,GF203,GF202,G4422,G1418,G4647,G1417,G4602,G1456,G4525,G4609,G1455,G4663,G4529,G4569,G4604,G4560,57988,GF200,G4608"
113.50,25.30,0.20,0.18,24,"G4647,G4603,G1418,G1474,G1459,G1452,G1449,G4607,G1461,G1417,G1465,G4560,GF205,G4609,GF203,G1448,GF206,G4568,G4422,G4605,G1446,GF308,GF201,G4602"
113.60,22.10,0.19,0.18,29,"G1292,G1280,G1226,G1276,G1217,G3994,G3970,G3981,G1224,G1230,G1221,G3971,G3972,G3996,G3995,G1212,G1209,G3992,G3973,G1215,G1232,G3997,G1295,G3991,G1272,G3980,G3974,59488,G1228"
113.60,22.20,0.19,0.18,52,"G3970,G3981,G1276,G3971,G3972,G1209,G3992,G3996,G3973,G1212,G1215,G1221,G3995,G3997,G1228,59488,G1226,G1272,G1236,G3994,G3991,G3974,G1280,G1233,G1230,G1271,G4005,G1270,G3998,G3975,G1217,G1292,G3976,G2003,G1243,G1229,G1237,G1232,G2085,G3980,G3977,G1224,G1295,G2086,G1282,G3978,G1238,G1223,G2053,G1204,G2037,G1206"
113.60,22.30,0.19,0.18,59,"G1236,G3998,G1228,G4005,59488,G3997,G1270,G1233,G1243,G1229,G1215,G1209,G3992,G1282,G3973,G1271,G3972,G3971,G1204,G1272,G3981,G1223,G3970,G3974,G1227,G3991,G1285,G1212,G1276,G3996,G1237,G3975,G1211,G1244,G3976,G3995,G2053,G1283,G1221,G2086,G1294,G2003,G2038,G3977,G3978,G2085,G1230,G3994,G2050,G2083,G1226,G2081,G2042,G3979,G2028,G1277,G2077,G6200,G2010"
113.60,22.40,0.19,0.18,57,"G1227,G1211,G1285,G1294,G1282,G1244,G1243,G1204,G1229,G1223,G1283,G3998,G6200,G2028,G2089,G2042,G4005,G1236,G2074,G2073,G2051,G2038,G1270,G2050,G2005,G1228,G1233,G2052,59488,G1237,G2027,G3997,G2053,G1271,G2043,G2081,G1215,G2086,G1272,G3975,G3974,G3973,G1209,G3992,G3976,G3991,G2068,G2026,G9718,G2010,59490,G3972,G3971,G6210,G2003,G3977,G3981"
113.60,22.50,0.20,0.18,51,"G2074,G2073,G2052,G2089,G2043,G2005,G6200,G9718,G6210,G1294,G3211,G2028,G9818,G2045,G2051,G9521,G2023,G1211,G1227,G9574,G1244,G1090,G2042,G9552,G6219,G1285,G2071,G2049,G1283,G6218,G1017,G9535,G1204,G1282,G2066,G2008,G2026,G1243,G9748,G1229,G2027,G1223,G2050,G2006,G2080,G1078,G1091,G6211,G2038,G9749,G3998"
113.60,22.60,0.20,0.18,58,"G9574,G9552,G3211,G1090,G9521,G6210,G1017,G9718,G9818,G2045,G2049,G1078,G9535,G2066,G2023,G2052,G1091,G9748,G2043,G2073,G9749,G2074,G3202,G3205,G3208,G3212,G2006,G9534,G2071,G3239,G6219,G2005,G6218,G9519,G2089,G2091,G2008,G9520,G9522,G2048,G3207,G9549,G2099,G6200,GA005,G3121,G9551,G3206,G2092,G2094,G2051,G3614,G2028,G1055,G1048,G1072,G6211,G2096"
113.60,22.70,0.20,0.18,93,"G3202,G9519,G9549,G3239,G9522,G9534,G3208,G3212,G9520,G3121,G1078,G3205,G1017,G9551,G1072,G3207,G1091,G9552,G9749,GA005,G1048,G9574,G3308,G1090,G9503,G2049,G3201,G5952,G6143,G3206,G2048,G1055,G9521,G9748,G9535,G2066,G1089,G9550,G1966,G1901,G6088,G3211,G1997,G9819,G9533,G6142,G2045,G9818,G3204,G6210,G6056,G3213,GA038,G9718,G9717,G3120,G1967,G2006,G2091,G3209,G1985,G1056,G5968,G1136,G3614,G3210,G2023,G6055,G2093,G2099,G3526,G1989,G2092,G6059,G5967,G9765,G1152,G6058,G3118,G2041,G6097,G3142,G2071,G9546,G9532,G3132,G3746,G2022,G2008,G2043,G5951,G2052,G3203"
113.60,22.80,0.20,0.18,105,"G9503,G9550,G3201,G1072,G9533,G6142,G6088,G1967,G1966,G3308,G9717,G3121,G9549,GA038,G6056,G3120,G1048,G5952,G1997,G5967,G3210,G1989,G3213,G9765,G1089,G9551,G3118,G5951,G9532,G9522,G6097,G1056,G9519,G9819,G6143,G6055,G9840,G9540,G1901,G9520,GA005,G9839,G3239,G3204,G3202,G6130,G3207,G3203,G9534,G6053,G9838,G3212,G1055,G3208,G9837,G1904,G6112,G6059,G5949,G5950,G3132,G6071,G3115,G3206,G3205,G6054,G9546,G1985,G9509,G1086,G3209,G1996,G3133,G2048,G3113,G1078,G5968,G1077,G6072,G1911,G9749,G1091,G1964,G6100,G1017,G6075,G1926,G9545,G3244,G6058,G6152,G1016,G3110,G6031,G1136,G3142,G1935,G9524,G3131,G2093,G6123,G6099,G2041,G9597,G9517"
113.60,22.90,0.20,0.18,132,"G5951,G1904,G5950,G5949,G9840,G5967,G6053,G9540,G9839,G1989,G6072,G6112,G3115,G9765,G9532,G1967,G1926,G1996,G3118,G9838,G6152,G6097,G6130,G6075,G6071,G6031,G6100,G9717,G9509,G6151,G3210,G9837,G9533,G6142,G6008,G9550,G1947,G9597,G1919,G6018,GA038,G3120,G6088,G6056,G1964,G6032,G3244,G3133,G1966,G3201,G3203,G1982,G6128,G9503,G6153,G6099,G1915,G6019,G3213,G1056,G1935,G6126,G1077,G6055,G6054,G6049,G3308,G1997,G3113,G1072,G1929,G1019,G1956,G5940,G5952,G1945,G6129,G1089,G1086,G3135,G9819,59289,G9789,G1048,G1054,G3140,G3132,G5966,G6001,G5946,G6017,G3121,G6059,G1907,G6132,G9549,G3139,G5947,G6143,G6087,G1971,G3204,G1901,G5948,G6003,G9551,G6120,G6084,G6089,G3131,G9546,G6050,G6007,G6162,G6123,GA006,G6163,G9548,G1970,G1922,G3158,G9545,G6000,G9522,G9747,G1911,G3114,G9547,G5955,G6052,G9559,G5954"
113.60,23.00,0.20,0.18,179,"G1947,G6153,G6128,G6008,G6151,G6019,G6018,G1929,G6152,G1926,G6126,G6072,G1982,G5966,G1945,G1956,G1919,G6031,G5946,G1915,G5947,G1907,G6129,G6075,G5948,G6087,G6032,G6100,G6000,G5950,G6007,G6084,G9597,G5949,G1970,G6003,G1996,G1904,G6002,G1975,G6049,G6089,G6127,G6017,G9559,G5940,G3158,GA014,G9711,G1971,G1983,G1019,G3250,G3115,G3139,G1031,G6112,G1931,GA018,G6053,GA008,G3244,G9509,GA007,G3114,G1079,G5969,G6050,GA015,G6099,G3140,G6071,G9840,G6052,G5951,G9839,G1062,G6051,G1964,G1924,GA009,G6132,G9540,GA024,GS010,G9514,G9838,G1935,G9525,G9789,GA010,G1922,59289,G9502,G1920,G6130,GA003,G6041,GS011,G1909,GS014,G6092,G1978,G5967,G3133,GS012,G5956,G1018,G5955,G5954,G5953,GS009,G5965,G6010,G9586,G1936,G1989,GA021,G9532,GA012,G3329,G9837,G9765,GA016,GS013,G6045,GA019,GS007,GS015,G1923,G6097,G1054,G3118,G1003,G1077,G3136,G9591,GA013,GS008,GA011,G1921,G6001,G6162,GS006,G1994,G9554,G1967,GA017,GA023,G9779,G6077,G1032,G3135,G9712,GA022,GA020,G6044,GS004,G1995,G3113,GA026,G3226,GS005,G3152,G3210,G9510,G3203,G6163,G9717,GA027,G6054,G9579,G3227,GS003,GA028,G3125,G6042,G9526,G1948"
113.60,23.10,0.20,0.18,179,"GA018,GA014,GA008,G1062,G6002,GA009,G6000,GA024,GA015,G3250,G1975,G5969,GA007,G5948,G1983,G5947,GA010,G6127,G9711,G5966,G1907,G6007,GA012,G1931,G9514,G5946,G1079,GA016,G1970,G9591,GA021,GA019,G9586,G6084,GA011,GA013,G6087,GA023,G3329,G1929,G1945,GA022,G5965,G9559,G6003,GA020,GA017,G3152,GA027,G3226,G6019,G6129,GA028,GA026,G6089,G6051,G1031,G1956,G3146,G6153,G3158,GS010,GA003,G6128,G6126,G3162,G9513,GA025,G6041,G9525,GS007,G9579,GS009,GS011,G9712,GS012,G1947,G6018,G3227,G6008,G1936,GS008,G3332,G3233,G1915,G1978,G6151,G1982,G1002,G6017,G3231,G9502,GS006,G3234,G1971,G1003,GS004,GS014,GS015,G1023,G3114,G1924,G3322,G1920,G1919,GS013,G3312,G6010,G1948,G3139,G6052,G3144,G6152,G9713,GS005,G1032,G9526,GS002,G9775,G1926,G3327,G9554,G6050,GS003,G6031,G6032,G6092,G3319,GS001,GA004,G5940,G6049,G6077,G3161,G1909,G6072,G1961,G3136,G6075,G9774,G1018,G9527,G1923,G9828,G9597,G1994,59287,G9776,G1019,G5956,G6100,G1922,G9585,G1963,G3140,G6045,G3235,G5953,G6148,G3190,G5955,G6132,G5954,G9580,G3228,G1921,G9714,G1995,G1996,G1030,G9582,G1034,G5950,G3302,G3229,G9578,G3230,G5949,G3448"
113.60,23.20,0.20,0.18,155,"G3146,G3322,G3162,G3234,G3233,G3144,GA023,GA027,G9776,GA022,G9591,GA028,G9585,G3152,GA025,GA020,GA011,GA016,GA012,G3332,GA013,GA004,GA019,G9774,GA024,G3226,GA009,G3229,G1062,G9513,GA026,GA017,GA021,G9562,GA010,GA008,G3231,G9586,G1002,GA015,GA018,G1022,G0816,G3230,G3319,G3329,G5969,G9579,G9514,GA007,G9775,GA014,G5965,G3227,59287,G3250,G1023,G3328,G3327,G1079,G9784,G9783,G9578,G1983,G6002,G9712,G9561,G1931,G3161,G9711,G3266,G1975,G6000,G6127,G3124,GS007,G9560,G9558,G3312,GA003,G5948,G9580,G6007,G6051,G1970,G9556,G5947,GS008,G9713,G3267,GS010,G9744,GS009,GS004,G9743,GA001,G1907,G9704,G6041,GS006,G1948,G9594,G6084,G5966,G3235,GS011,G9559,G3320,G9584,G9525,G5946,GS012,G1029,G9828,GS002,G0817,G3300,G1936,G1031,G9526,G6087,G3164,GS001,G6003,G3228,G1003,G3151,G9557,G9572,G9582,G1978,G9555,GS005,GS003,G3333,G6089,GS015,G3232,G3158,G1945,G1007,G1961,G1032,G9502,G3335,G1929,GS013,G3311,GS014,G6129,G3122,G9527,G9554,G9528,G1008"
113.60,23.30,0.20,0.18,100,"G3328,G1022,G9562,G9784,G9783,G3229,G9585,G9556,G9776,G9560,G9704,G9558,G0816,G3151,G3320,GA001,G9557,G9561,G9584,G3322,G0817,G3230,G9594,G3266,G1007,G3333,G9555,G3144,G9512,G9774,G9826,G3234,GA004,G9741,G3335,G1029,G3124,G3146,G3261,G3233,G3162,GA002,G9578,G3164,G3319,G9569,G9581,G3332,GA027,GA025,G9763,GA028,59287,G3428,G3160,G3401,GA023,G9572,G3300,GA022,G9743,G9744,G3231,G3152,G3321,G3356,G9775,G1002,GA020,G9591,G9513,G3226,GA011,GA026,GA016,GA013,GA017,G3327,GA012,GA019,G3143,G3267,G9579,G3161,G9781,G1023,GA021,G9762,G3437,G9780,G3338,GA024,GA009,G9586,G3227,G1028,G9580,GA010,G1062,G9568"
113.60,23.40,0.20,0.18,73,"G9512,G9763,G3151,G3428,G3261,G9741,G9557,G9556,G9704,G9826,G3320,G1007,G9560,G3356,G9584,G0817,G3328,GA001,G3333,G9762,G9761,G9783,G9784,G9764,G9581,G9555,G3429,G9558,G3160,G3355,G1022,G9594,GA002,G9562,G3335,G3143,G1028,G3321,G9561,G3367,G3357,G3437,G3229,G9734,G3103,G9569,G9481,G9568,G9760,G3266,G0816,G9585,G1029,G9740,G3364,G9776,G3230,G3304,G9480,G3401,G3307,G3124,G9781,G3164,G9716,G3247,G1058,G3246,G3440,G3322,G9553,G3351,GA037"
113.60,23.50,0.20,0.18,75,"G3429,G9734,G9481,G9764,G3367,G9761,G3357,G9760,G9480,G3307,G9763,G3304,G3428,G9716,G3355,G9762,59285,G3364,G3326,G3103,G3351,G9512,G3356,G3261,G1080,G9733,G9741,G9740,G3127,G9732,G3363,G9739,G9759,G3427,GA037,G9531,G1028,G9755,G9581,G3160,G3243,G3151,G9735,G9557,G9826,G9757,G3143,G9705,G3437,G3303,G1064,G9719,G3350,G1007,G9556,G9568,G9704,G3163,G3320,GA029,GA031,G1060,G3246,G3321,G3333,G0817,G3354,G9584,G9555,G3440,G9758,GA001,G9560,G3418,GA030"
113.60,23.60,0.20,0.18,60,"G3326,59285,G3127,G3427,G9716,G9480,G3307,G9759,G9735,G9732,G3304,G1080,G9481,G1064,G9755,G3303,G9734,G9760,G3351,G3363,G3367,G3357,G9757,G2732,G3350,G9531,G3429,G9731,G9719,G3364,G9733,G9705,G9764,G3243,G3423,G2710,G9761,G9739,G3353,G2782,G9827,G3355,G2785,G3103,GA037,G9756,G9758,G3163,G2709,G9762,G9763,G3428,G3123,GR076,G3354,G9740,G3105,G8358,G1020,G3349"
113.60,23.70,0.20,0.18,59,"G2732,G2782,G2710,G3423,G9731,G9735,GR076,G3427,G1064,G8358,G3127,G2785,G2709,G3303,G9759,G8361,G3422,G9827,G9755,G2734,G9732,G3326,GR060,G1020,59285,G1080,G3353,G3350,G9757,G8356,G9716,G9753,G9719,G9729,GR001,G3307,G9480,G3363,G8367,G9756,G9738,G3304,G3349,G9531,G3351,G2786,G2738,G9705,GR061,G9481,G1085,GR024,G9760,G9754,G9752,G9734,G3243,G1021,G8355"
113.60,23.80,0.20,0.18,47,"G2734,G8361,GR001,G3422,G2786,GR076,GR061,G2782,G8358,GR060,G9753,G8355,G2710,GR024,G8351,G3423,G2732,59087,G2789,G2709,G9752,G8367,G9729,G2785,G8356,G8357,G9731,GR025,G2738,G2783,G1020,G8360,G9827,G3425,G2784,G1064,G2736,G9735,G2748,G8352,G1085,G8362,G9730,G3427,G2768,G2788,G3303"
113.60,23.90,0.20,0.18,45,"GR061,G2783,G2786,G8351,GR001,G8355,59087,G2789,G2788,G8357,G2734,GR024,G8354,G2748,G8361,G8360,G8366,G8350,G2713,G3422,GR025,G2714,GR027,G2784,G9753,G9752,GR060,G8352,GR078,GR076,G8358,G2735,GR026,G2780,G2737,GR039,G2782,G8367,G3425,G2787,G2712,G2738,G2711,G8365,G9729"
113.60,24.00,0.20,0.18,35,"G8350,G2788,GR078,G2714,G8354,GR026,G2735,GR027,G2783,G8365,G2712,G2780,G2713,G8366,G8351,G2748,GR028,G8557,G8357,59087,GR061,G2789,G2729,G2786,G8355,GR039,GR001,G8341,G8549,G8360,G2773,G2784,GR024,G8534,G2737"
113.60,24.10,0.20,0.18,26,"G8365,GR026,G8341,GR078,G2735,G8350,G2712,G2714,G8549,GR027,G2780,GR045,G8354,G2729,GR028,G2788,G8557,G8553,G2790,G8534,G2743,G2713,G2783,G8536,GR037,G8366"
113.60,24.20,0.20,0.18,25,"G8341,GR045,G2790,G8553,G2727,G8549,G8558,G8365,G8551,G8531,GR026,G2735,GR038,GR078,G2712,G8536,G2776,GR072,59088,G8546,G8350,G2729,G2743,G2744,G8534"
113.60,24.40,0.20,0.18,23,"GR072,G2744,G8551,G2775,G2728,G8569,G4618,G8340,G9879,G4630,G8550,G8548,G4664,G9872,G4612,G8558,G4628,G2727,G9878,G8531,G1409,G2790,G8533"
113.60,24.50,0.20,0.18,28,"G4618,G8569,G4630,G1409,G4612,G4667,G4615,G4664,G2775,G4628,G9879,GF100,GF104,G2728,G1492,G1428,G1491,G9878,G2744,GR072,G4619,G1429,G4666,G8550,59082,G8551,G9872,G4616"
113.60,24.60,0.20,0.18,31,"GF104,G4615,G1409,G4667,G1428,G4666,59082,G1491,G4612,G4617,G4616,G1429,G4618,G4610,GF100,G8569,GF101,G1492,G4664,GF102,G4630,G4628,G4620,G4619,G4411,GF007,GF006,G9878,G4621,G9879,G4403"
113.60,24.70,0.20,0.18,41,"G4617,59082,GF101,G4616,G4666,GF006,G4411,G4610,G4412,G4406,GF104,G4403,G4410,G1406,G4408,G1402,GF102,G1428,G1491,G4611,G1401,G1429,G4615,G4400,G4409,G4621,G4667,GF005,G1409,GF007,G4415,G4405,G4401,GF103,G9882,G4620,G1403,G4612,GF100,G1492,GF002"
113.60,24.80,0.20,0.18,36,"G4410,G4408,G4400,G4406,G4409,G4412,G1406,G1401,GF006,G4405,G4415,G1402,G9882,G4403,G4411,GF002,G4611,GF103,GF101,G4617,G4404,G1405,GF005,59082,G4610,G4621,GF003,G4616,GF001,G4401,G4402,G4666,GF102,G1404,GF007,G9884"
113.60,24.90,0.20,0.18,37,"GF001,GF002,G1405,G4404,G9882,G4405,G4439,G4400,G4409,G4415,G1445,G4410,G4408,GF003,G1425,G1401,G4438,G1406,G4406,G4412,G4402,G1402,G1404,GF006,GF304,G1442,G4524,GF103,G4403,G4611,GF312,GF000,G9883,G1463,G4526,G4411,G1439"
113.60,25.00,0.20,0.18,34,"G1425,G1445,G4439,GF001,GF312,G4438,G4525,G1442,GF303,G1455,G1405,G4526,G4404,G1439,G4441,G4442,GF000,GF308,GF002,G4529,GF003,GF300,57989,GF304,G9882,G1446,G1437,G4524,G1463,G4402,G1404,G4405,GF202,GF703"
113.60,25.10,0.20,0.18,35,"G4525,G1455,GF303,G4529,GF312,G1446,GF308,G1448,G1425,G1445,G4422,GF300,G1465,G1449,G4439,G1442,G4444,G1437,G4438,G4605,G4526,G1459,GF202,GF201,G4568,G4441,G4442,G1439,GF001,57989,G1474,G1452,G1461,G4607,GF000"
113.60,25.20,0.20,0.18,30,"G4422,G1465,G1448,G1446,G1449,G1459,G1452,G4529,G1417,G1455,GF308,G1418,G1474,G4603,G4525,GF303,G1461,G4607,G4568,G4444,G4605,GF201,GF300,GF312,G4647,GF093,G1437,GF202,G4521,G4530"
113.70,22.20,0.19,0.18,34,"G3974,G3973,G3975,G3976,G3972,G3971,G3977,G3978,G3981,G3970,G3979,G1277,G1209,G1276,G3992,G1228,G3997,G1215,G1236,59488,G3996,G1212,G4005,G3998,G1221,G3995,G1233,G1270,G1229,G1272,G1280,G1271,G1226,G3991"
113.70,22.30,0.19,0.18,41,"G3975,G3976,G3974,G3977,G3978,G3979,G1277,G3973,G1229,G3998,G1228,G1236,G3972,G1243,G3971,G1211,G1282,G3997,G4005,G1227,G1209,G3981,59488,G3992,G3970,G1215,G1294,G1270,G1233,59490,G1204,G1191,G1285,G1276,G1271,G1223,G1272,G1212,G3996,G1244,G3991"
113.70,22.40,0.19,0.18,37,"G1294,G1211,59490,G1227,G1229,G1191,G1282,G1243,G3976,G3975,G3977,G3998,G3978,G1285,G2073,G1204,G3979,G1277,G3974,G1244,G6219,G1236,G2074,G4005,G1223,G1228,G2089,G3973,G6200,G1283,G2052,G2028,59488,G1270,G3997,G1189,G1179"
113.70,22.50,0.20,0.18,57,"G6219,G2073,G9718,G9818,G1294,G2074,59490,G3211,G9521,G3704,G9535,G1211,G2052,G9748,G9574,G6210,G1227,G2089,G1139,G3643,G1191,G2043,G3715,G3556,G1145,G3734,G3680,G1189,G6200,G9552,G1091,G1017,G2005,G9749,G1090,G2045,M9988,G1197,G1196,G1153,G1229,G3650,M0003,G3768,G1285,G1282,G3699,G1244,M0004,G3521,G3619,G3717,G3759,G2028,G3575,G3714,G1243"
113.70,22.60,0.20,0.18,73,"G9535,G9748,G9818,G6219,G9521,G1091,G9749,G9718,G9574,G3211,G1017,G3680,G3614,G1139,G3734,G9552,G1152,G3208,G3212,G3681,G3636,G9534,G2073,G6210,G1090,G3526,G3704,G3575,G9520,G3746,G1136,G1145,G3768,G3688,G1151,G9519,G3643,G3671,G3699,G2045,G2074,G2052,G3202,G1078,G5968,G2049,G3715,G3663,G2043,G3733,G6058,G6143,G1985,G1901,G2066,M9988,G1197,G3557,G1196,M0003,G2023,G1153,G3692,G3205,G3759,G9549,G3239,M0004,G3765,G3650,G3556,G3664,G3781"
113.70,22.70,0.20,0.18,91,"G9520,G3212,G9749,G3208,G9534,G1091,G1136,G3614,G5968,G3526,G9519,G6143,G1901,G1985,G9748,G1152,G3746,G6058,G9535,G5952,G3663,G3688,G1997,G3636,G3681,G1017,G9549,G3781,G3202,G1151,G6059,G3557,G9574,G1072,G3680,G1966,G9521,G6055,G6088,G6056,G9818,G9503,G3734,G3121,G1911,G9552,G3664,G6142,G9522,G3239,G3211,G3575,G1139,G1078,G3671,G9718,G6057,G1090,G6219,G3550,G3201,G3205,G3768,G3733,G3308,G9550,G9551,G3682,G6060,G1131,G1048,G1960,G1967,G6097,G3790,G9533,G3207,G1132,G2049,G1145,G6210,G3785,G6054,G1989,GA005,G3728,G3702,G3699,G3568,G6123,G3756"
113.70,22.80,0.20,0.18,112,"G6055,G1997,G6059,G1901,G5952,G6143,G6056,G1985,G1966,G6088,G6142,G1911,G6097,G6054,G5968,G6058,G1989,G9503,G6130,G9520,G1072,G1967,G6123,G1960,G9519,G3781,G1136,G6060,G6071,G9534,G9550,G6053,G6057,G9549,G3212,G3201,G1933,G3208,G6112,G3526,G9533,G3663,G1964,G5951,G6048,G3121,G3550,G5967,G3614,G3308,G3583,G3557,G1935,G3746,G9717,G3785,G6120,G9749,G6099,G1996,G1152,G6001,G1904,G9522,G1091,G3756,G3664,G9765,G3202,GA038,G1048,G9840,G3688,G1131,G5950,G3210,G3120,G9532,G1193,G3118,G6100,G6085,G9551,G9540,G6163,G1932,G3213,G3239,G3790,G1151,G6046,G3568,G5949,G9839,G1089,G3636,G3681,G1176,59289,G9748,G6031,G3728,G6072,G3682,G3532,G6162,G1056,G5958,G3529,G9819,G6032,GA005"
113.70,22.90,0.20,0.18,135,"G6071,G1964,G6130,G6112,G1935,G6054,G6099,G6053,G6097,G1996,G6001,G6100,G1989,G6120,59289,G6055,G6032,G6123,G1904,G6031,G6049,G6163,G5950,G6056,G6162,G5940,G1933,G6059,G6132,G5951,G6072,G6046,G6142,G6152,G1982,G1911,G1997,G1915,G6088,G1967,G1966,G6048,G1926,G5949,G1960,G5967,G1922,G6018,G5955,G5954,G6008,G5952,G6017,G6050,G1932,G5953,G9840,G1971,G1918,G6060,G6151,G6044,G1947,G1956,G5956,G1901,G6143,G9503,G6045,G6052,G9540,G1909,G9550,G9765,G6019,G9839,G1985,G9533,G6047,G9532,G3583,G6153,G1945,G1921,G6075,G9717,G6128,G6092,G3118,G3115,G1949,G3201,G1924,G6057,G6089,G6042,G1929,G1072,G1944,G1923,G9838,G6085,G3210,G6037,G1919,G6058,G6009,G6084,G1920,G6036,G5958,G1995,GA038,G1910,G5968,G6126,G6156,G3120,G6010,G1970,GS014,G3785,G3781,G3532,G6007,G3308,G1994,G9597,G3550,G9509,G5966,G9837,G3756,G1981,G1978"
113.70,23.00,0.20,0.18,169,"G5940,G6049,G6017,G1971,G6050,G6132,G6032,G1915,G1922,G6052,G1982,G5955,G5954,59289,G5953,G5956,G1956,G1909,G6089,G1924,G6099,G6092,G6100,G6045,G6031,G1945,G1920,G1923,G1921,G1935,G6084,GS014,G6018,G1996,G6162,G6010,G6044,G1964,G1970,G1978,G6008,G6007,G6001,G6152,G6019,G1994,GS013,G1995,G6051,GS010,G1947,G6042,GS012,GS011,G1929,G6041,GS015,G6163,G1936,G6077,G6072,G1918,G6071,G6151,GS009,G1949,G6153,G6112,G1931,G1926,G1983,G6128,G5966,G6000,G6120,GS008,G1963,GS007,G5950,GS005,G6053,G6046,GS006,G1904,GS003,G6130,GS004,G5947,G5965,G5969,G1981,G5946,G5948,G1907,G1961,G6009,GS002,G6126,GA015,G1948,GS001,G6036,G6054,G6094,G5949,GA010,G6002,G6043,GA018,G6148,G1973,G1919,GA014,GA021,GA008,G6075,GA009,G1993,G1062,G6037,G6097,GA024,G6129,G1975,GA019,G6015,G6087,GA012,G1934,GA013,GA016,GA017,G1989,G6047,G1932,G5951,G6123,G1933,GA011,G6127,GA026,G3250,G1992,G6003,GA020,G6076,G9711,G9597,G6014,G1913,G1023,G6035,G1952,G3152,GA022,G9840,GA023,G3154,GA007,G3115,G1928,G6048,G9559,GA028,G5967,GA027,GA025,G6055,G3158"
113.70,23.10,0.20,0.18,176,"GS009,GS010,G6041,GS007,G6051,GS011,GS012,GS008,G1936,G5965,GS006,G1978,GS015,GS004,G1931,GS013,GS014,GS005,G1948,G6010,GS002,G1920,GS003,G1983,G6089,GS001,G5969,GA021,G1924,G6077,GA017,G1961,G1970,GA010,G6084,GA019,GA026,GA013,GA015,G6007,G6092,G1023,GA016,GA011,G6052,G1994,GA012,GA020,G1963,G1923,G6148,G3152,G1971,G1909,GA009,GA024,G6017,GA022,G1062,GA025,GA028,GA023,G6000,G6050,GA027,G1995,G1945,GA018,G5956,GA008,G1921,G6045,G1956,G1934,G1973,G1922,G5953,G5954,G5955,GA014,G3319,G5966,G1915,G5940,G3154,G6042,G6132,G6002,G1929,G1982,G5948,G6049,G1993,G5947,G6019,G9583,G3122,G6044,G1907,G6076,G5946,G3250,G6032,G1975,G3267,G1949,G6018,G3144,G6043,GA007,G6153,G9591,G6008,G1992,G6127,59289,G1947,G1981,G9711,G3146,G6128,G6020,G6094,G6031,G9514,G1079,G6151,G6087,G1918,G6015,G6162,G1912,G9586,G6100,G9596,G1792,G6144,G1928,G6152,G3322,G3162,G6126,G6099,G9744,G9743,G6021,G6129,G6014,G6003,G3329,G1793,G6009,G1962,G9559,G3226,G1996,G1926,G1952,G6036,G3153,G1935,G6072,G9598,G6163,G3300,G6001,G6027,G1964,G3233,G1031,G9513,G3234,G3158,G6016,G6035,G3124"
113.70,23.20,0.20,0.18,142,"G3319,G1023,GA025,G3144,GA028,GA026,G3152,GA027,G3267,GA020,GA017,GA022,GA013,GA011,G9744,GA023,G9743,GA019,GA021,GA016,G3124,G5965,GA012,G3300,G1948,G3122,GS004,GS002,GS007,G9583,GA010,G3266,GS001,GS006,G3322,GS008,GS003,G1961,GA024,G5969,GS009,GA009,GS005,GA015,G6148,G9596,G3146,G6041,G1936,G1062,GS011,GS012,GS010,G6051,G1931,G3318,GS015,G9585,G9776,G1022,G1934,G1983,G3154,GA008,G1978,G3162,GS013,G9594,GA018,G6077,G3245,G1963,GS014,G9591,G9562,G6010,G3338,GA001,G1973,G3229,G3234,G1920,G3317,G1970,G9598,G3153,G3328,G3233,G6007,G6084,GA014,G1994,G6000,G3320,G6089,G9704,G1924,G1792,G9595,GA002,G6076,G9536,G6092,GA007,G1923,G3226,G6002,G1993,G9586,G1083,G9784,G9783,G3250,G9774,G1995,GA004,G3332,G6052,G0816,G9514,G9513,G1793,G6020,G1909,G1912,G3329,G1971,G3151,G1945,G5387,G1975,G3230,G5948,G6017,G5966,G1921,G3231,G1992,59294,G1079,G9711,G5947"
113.70,23.30,0.20,0.18,81,"G3266,G3124,G9594,GA001,GA002,G3300,G3320,G9743,G9744,G9704,G1022,G3338,G3144,G3321,G3151,G3328,G3319,G3267,G3261,G3317,G9585,G9562,G3245,G9776,G3322,G3143,G9784,G9783,G9556,G3229,G3318,59294,G9553,GA025,G9512,G1023,GA028,G9560,GA027,G1083,G9557,G3122,G1065,G3152,G9596,G3247,GA026,GA020,G9595,G9583,GA022,G3269,GA023,G9558,G0816,GA017,G3146,GA011,G9584,GA013,G0817,G9561,GA019,G3162,G3234,GA016,G1007,G3230,GA012,G9741,GA021,G3333,G9774,G9826,G9555,G9763,G3233,G9536,GA032,G1948,GA004"
113.70,23.40,0.20,0.18,72,"G3143,G3321,G3261,GA002,G3320,GA001,G9594,G9704,G3151,G3247,G9553,G3103,G9512,G9764,GA031,G3266,GA030,G9763,GA036,G1065,G1060,GA029,GA035,G3338,G3124,GA032,G9556,GA034,G3328,G3357,G3429,G3428,GA037,G1022,G9557,59294,G9592,G9734,G9741,G3300,G9784,G9783,G9560,G9733,G3317,GA033,G9743,G9744,G9761,G9562,G3304,G3351,G9826,G1007,G9584,G3245,G0817,G3269,G9558,G9762,G3229,G3333,G9593,G9481,G3356,G9585,G3243,G1061,G3323,G3367,G9555,G1083"
113.70,23.50,0.20,0.18,60,"G3103,GA037,G3357,G9733,G9764,G3351,G9734,GA029,G3304,G1060,GA031,G3243,G9531,GA030,G3143,G3429,G3163,GA036,G9716,G3261,59285,G3247,GA035,G9732,G9481,GA034,G3323,G3321,G9480,G3326,G3350,G9755,G9763,G3307,G3248,G3367,G9760,G9553,GA032,G9761,G3428,G9512,GA033,G3105,G3427,GA002,G1064,G9592,G3151,G3320,G3355,G9762,G3127,G9704,G1065,GA001,GL701,G9594,G3364,G9741"
113.70,23.60,0.20,0.18,51,"G9531,G3350,G9755,G9732,G3243,G3351,G9733,G1064,G3163,G3304,59285,G3427,G3105,GA037,G9716,G3326,G9827,G9731,G3357,G9734,G3349,G3248,G3103,G9480,G3127,G3423,G3307,G1020,GA029,G9481,G9764,G1060,G3323,G2732,G9735,G3429,G9759,GA031,G9760,GA030,GA036,G1080,G3367,G1085,G3303,GL701,G1750,G2782,G9729,GA035,GA034"
113.70,23.70,0.20,0.18,46,"G9827,G9731,G1020,G3423,G3349,G1064,G9729,G3350,G9755,G1085,G2732,G3422,G9753,G9732,G3427,G3105,G2782,G9531,G9752,G3243,G3163,G9730,G2710,59285,G3351,G3127,G3326,G2734,G9735,G3348,G9733,GR076,G3425,G9716,G3248,G8361,G1082,G3304,G9759,G8358,GR001,G3303,G1750,GA037,G2786,G9480"
113.70,23.80,0.20,0.18,37,"G9753,G9752,G3422,G9729,G3425,G9730,G1020,G8360,G1085,G3423,G8351,G2786,G2734,G2784,GR001,G9827,G9731,GR061,G2782,G8361,G3365,G2732,G3349,G1082,GR076,G2737,G8366,G8358,G2710,G1064,G8355,G3348,GR060,G2713,G2783,G3350,G9702"
113.70,23.90,0.20,0.18,37,"G8360,G2784,G8351,G8366,G2737,G2713,G9752,G2786,G3425,G8354,G9753,GF811,GR001,GR061,G2783,GR027,G9730,G3422,G3365,G2780,G9729,G2734,G1483,G2788,GR028,G1057,G8355,G2712,GR078,59087,GF810,G8350,G8361,G2789,G1085,G2729,G8357"
113.70,24.00,0.20,0.18,31,"G2713,GR027,G2780,G8354,G8366,GR028,G2712,G2729,GR078,G2737,GF811,G8365,G8534,GF810,G2784,G8350,G8360,G8351,G1483,GR026,G2743,G2783,G2788,G2714,G2735,G2786,G4558,GR061,G9752,G8341,G3425"
113.70,24.10,0.20,0.18,27,"G2729,G2712,G8534,GR028,G2743,G2780,G8365,GR027,GR078,G8341,GR045,GR026,G8354,G2713,GF810,G4558,G8350,G2790,G2735,G8366,G2714,G2776,G8558,GF811,G1482,G1483,G8544"
113.70,24.20,0.20,0.18,21,"GR045,G2790,G8558,G2776,G8341,G2743,G2746,G8534,G2729,G8544,G8365,G2712,G8551,GR028,G4558,G1482,G8553,G2780,G2755,GR078,G2744"
113.70,24.30,0.20,0.18,21,"G8558,G8551,G2790,G2744,G2746,G2776,GR045,G2755,G8539,G8550,G9871,G4631,GR072,G9872,GF605,G4629,G8341,G8544,G9879,G4632,G8553"
113.70,24.40,0.20,0.18,28,"G8550,G2744,G9879,G9872,G8539,G9871,G4630,G8551,G9878,G2755,G4631,G8569,G4628,GF606,G4618,G1493,GR072,G8558,GF605,G2746,G9877,G9873,G2775,G1492,G4629,G2776,G2790,G9874"
113.70,24.50,0.20,0.18,28,"G4630,G4628,G9879,G9878,G1492,G8569,G4618,G9872,G8550,G1428,G1491,G9877,G1493,GF606,G4620,G1409,G2744,G4615,G4667,G9871,GF104,G4639,G4631,G8539,G4612,G4616,G2775,G9876"
113.70,24.60,0.20,0.18,28,"G1491,G1428,G1492,G4620,G4628,G4616,GF104,G4630,G9878,G1409,GF101,59082,G4615,G4618,G4667,G4621,G4639,G8569,G4665,G4617,G9879,G4666,G9877,G4612,G4611,G1424,G1429,G4610"
113.70,24.70,0.20,0.18,36,"G4621,GF101,G4616,G4611,G1402,G1491,59082,G1428,G4620,GF103,G4617,G4665,G4406,G1424,G4410,G4412,GF104,GF006,G1492,G4613,G4666,G4408,G9882,G4400,G1406,G4411,G4409,G4615,G4610,G1409,G4639,G4403,G1401,G4667,G4628,GF002"
113.70,24.80,0.20,0.18,28,"GF103,G4611,G1402,G9882,GF002,G4621,G4410,G4406,G4400,G4412,G4408,G4613,G4409,GF101,G1406,GF006,GF304,G4524,G4616,G1401,G4405,G4415,G1424,G4617,59082,G4665,G4403,G4411"
113.70,24.90,0.20,0.18,35,"GF002,GF304,G4524,G9882,G4438,G4439,GF103,G1445,G1442,GF001,G1402,G4526,G4400,G4611,G1439,G4523,G4410,G4409,G4441,G4442,G4408,G4405,G4406,GF310,G4613,G4531,G1405,GF312,G4412,G4404,G4415,G1425,G1406,G1401,57989"
113.70,25.00,0.20,0.18,26,"G1442,G4438,G4526,G1439,G4441,G1445,G4442,G4439,GF312,57989,GF304,GF303,G4524,G1437,GF300,G4523,GF001,G1425,G1420,G1455,G4525,GF002,G4529,G4444,GF310,G9882"
113.70,25.10,0.20,0.18,28,"GF300,GF303,G1437,G4529,G4444,G1455,57989,GF312,G4441,G4442,G4526,G1439,G1442,G1446,G4530,G4525,G1445,G4438,G1420,G4422,G4439,G1448,G1425,GF308,G1465,G4523,G4522,G1449"
113.70,25.20,0.20,0.18,30,"G4444,G4422,G4529,G1446,G4530,GF300,G1465,G1455,G1452,G1437,G1417,GF303,GF307,G1448,G4521,G1449,G1459,G4520,GF093,57989,G1418,GF312,GF302,G4525,G4441,G4442,GF308,G4526,G1439,G4522"
113.80,22.40,0.19,0.18,42,"G1191,59490,G1179,G1189,G3521,G1277,G3979,G3619,G3556,G3585,G3978,G3977,G1142,G3976,G3618,G3704,G3540,G3717,G3975,G3697,G1195,G3650,G3715,G1294,G1211,G3714,G1153,G1196,G1197,M9988,G3718,G3643,M0003,M0004,G3647,G3641,G3555,G6219,G3759,G1227,G1229,G3974"
113.80,22.50,0.20,0.18,66,"G3704,G3556,G1189,G3715,G3643,G3650,G1153,G1196,M9988,G1197,G3619,59490,G3717,G3521,M0003,M0004,G3714,G3697,G6219,G3759,G1145,G1179,G3718,G1191,G3618,G1142,G1139,G3585,G3699,G3555,G3530,G3546,G3734,G3768,G3540,G3765,G3647,G3680,G3738,G1195,G3784,G3575,G3641,G3675,G3692,G3694,G3720,G3671,G9818,G3681,G3636,G1187,G3561,G3548,G2073,G9535,G9748,G3757,G9718,G1294,G1186,G1151,G3502,59486,G1152,G3733"
113.80,22.60,0.20,0.18,102,"G1139,G3734,G3680,G1145,G3768,G3575,G3699,G3704,G3643,G3681,G3636,G3671,G1151,G3715,G1152,G3692,G3759,M9988,G1197,M0003,G3688,G3765,G1196,G3733,G6219,G1153,M0004,G3614,G3746,G3650,59486,G3502,G3702,G3714,G3530,G3526,G9748,G3717,G3556,G3718,G9535,G3546,G1136,G3697,G1132,G3784,G3703,G3694,G3548,G3663,G3503,G3557,G9749,G3664,G3555,G1189,G3682,G1091,G9818,G3738,G3618,G3619,G3617,G3531,G1187,G3720,G5968,G3647,G3635,G3521,G6058,G3504,G9521,G3675,G3781,G3766,G1142,G9718,G3565,G3728,G3757,G3790,G3540,G3585,G3641,G9574,G3653,G3211,G3208,G3561,G1183,G3212,G1985,G1131,G1156,G9534,G1179,G1195,G9520,G3569,G1017,G3648"
113.80,22.70,0.20,0.18,107,"G3746,G3688,G3663,G3526,G1151,G1152,G3557,G3636,G3681,G1136,G3614,G3664,G3781,G6058,G5968,G3682,G3733,G3671,G3680,G3575,G1132,G3734,G1131,G1985,G3790,G3702,G3728,G3550,G3768,G3531,G1139,G3568,G1183,59486,G6057,G3502,G1143,G3785,G3569,G1156,G1193,G1901,G3699,G3756,G1145,G3529,G1911,G3692,G1170,G9749,G3703,G6060,G6143,G3635,G6059,G9748,G1960,G3727,G1091,G1176,G9520,G3515,G3583,G3212,G3208,G9534,G3503,G9535,G3765,G3653,G3643,G5952,G3528,G3693,G3686,G3617,G3574,G1997,G3704,G6055,G9519,G3548,G6085,G3759,G3764,G6123,G6048,G3715,G6219,M0003,M9988,G1197,G3530,G3744,G1196,M0004,G3701,G1153,G1933,G3722,G3532,G6056,G3766,G3694,G9818,G3504,G1966"
113.80,22.80,0.20,0.18,104,"G6057,G6060,G1960,G1911,G3550,G3781,G3785,G3583,G6058,G3756,G6059,G1193,G6123,G6048,G1131,G1985,G1933,G6085,G3557,G3663,G5968,G1176,G3568,G3790,G3664,G3529,G3728,G3532,G1143,G6054,G1136,G3686,G1901,G6055,G5958,G3526,G3682,G1183,G3746,G6143,G3515,G3569,G1932,G1170,G3688,G1997,G6120,G5952,G3614,G1944,G1152,G1151,G1156,G6056,G5959,G3531,G1132,G6046,G1987,G6156,G3528,G3636,G3681,G6001,G6097,G3722,G6047,G6130,G3727,G6163,G3733,G1910,G1966,G6088,G1935,G1964,G3702,G3764,G6142,G3693,G6071,G9520,G1976,G1164,G3671,G3701,G1989,G6099,G6162,G1942,G6112,G9534,G3635,G6053,59486,G3502,G3212,G3575,G3208,G9519,G3680,59289,G9503,G1984"
113.80,22.90,0.20,0.18,125,"G6120,G1933,G1932,G6046,G6048,G6123,G6163,G6001,G6047,G1944,G6162,G1960,G6054,G5958,G3583,G1910,G6156,G6060,G6085,G1935,G1918,G3532,59289,G1964,G6037,G1987,G6099,G1911,G6044,G6036,G6057,G6009,G5959,G6059,G6132,G3785,G6071,G3756,G1949,G1913,G6130,G5955,G5954,G1176,G5953,G1922,G1193,G6093,G6055,G3550,G1984,G6042,G5940,G3686,G6112,G6049,G6045,G5956,G1943,G1981,G6097,G1942,G1921,G1996,G6053,G6100,G6050,G6032,G6094,G5945,G1909,G3781,G3529,G6035,G1131,G1985,G3568,G6058,G6056,G6062,G6052,G1923,G1995,G6039,G1971,G6092,G6038,G6015,G6017,G1997,G1989,G6031,G1976,G1937,G6043,G3515,G6061,G1901,G1915,G3790,G1952,G1143,G1924,G1982,G5968,G1994,G1950,G6024,G5952,G6143,G6014,G3728,G3557,G1920,G6142,G6088,G1904,G3663,G1966,G1170,G6010,G3722,G5950,G3664,G6040"
113.80,23.00,0.20,0.18,152,"G1949,G1918,G6044,G6042,G6009,G6036,G1981,G1921,G5954,G6162,G5953,G5955,G6045,G6094,G1922,G5956,G1995,G6037,G6132,G6163,G1923,G1909,G6046,59289,G6043,G6015,G6092,G6050,G1994,G1913,G6001,G6035,G6052,G6047,G1952,G6120,G1924,G6014,G6077,G1920,G6010,G1963,G1993,G5940,G1971,GS014,G6093,G1992,G1932,GS013,G6049,G6017,G6099,G1935,G1928,G1973,G1910,G6039,GS015,G1978,G6076,G6016,G1944,G6144,G6156,GS005,G1964,G1936,G6038,GS012,GS003,G1961,G6021,GS011,G6020,G6032,G1934,G5945,G6148,G6089,G6041,GS009,G1937,GS010,G6023,GS006,G1915,GS001,G5944,G6051,GS008,G1933,G1962,GS002,G6027,G1912,GS004,G1987,G1950,G3154,G1948,G1982,G6100,G6048,G6026,G1943,G6074,GS007,G6123,G1984,G1956,G6084,G1996,G6071,G5958,G1925,G6054,G6031,G6040,G1970,G1793,G1945,G1939,G1977,G6112,G1972,G1931,G6024,G6007,G1940,G1747,G1986,G1792,G5959,G3532,G5965,G6085,G6018,G6130,G1983,G1960,G6053,G1902,G3583,G1942,G6022,G6061,G6152,G6008,G6019,G1740,G6060"
113.80,23.10,0.20,0.18,161,"G1973,G1934,G1963,G1993,G6148,G6076,G3154,G1961,G6077,GS003,G1992,GS001,GS005,G1994,G6020,G1995,G6043,GS002,G1948,G1912,G6144,GS013,GS015,G1928,GS004,G6021,GS006,G6010,G1923,G6015,GS008,G1962,GS014,G1921,G1936,G1792,G6042,G6094,G6014,G1978,G1920,G1793,G1981,G6092,GS012,GS009,GS011,G9583,G6027,G6045,G1909,GS007,G6041,G1949,G1952,G1924,G3122,G6016,G5956,GS010,G6023,G6052,G5953,G6051,G6044,G5954,G5955,G6026,G3153,G1740,G1747,G6035,G1023,G1922,G9598,G6050,G6009,G9596,G6036,G5965,G1977,G1971,G5944,G1918,G6132,G3267,G6089,G6017,G5387,GA026,G1931,GA017,G1913,G1940,G5388,G6037,G9536,G6039,G3319,GA021,G6084,G5940,G6162,GA013,G1970,GA019,G1983,GA020,GA025,59289,G3152,G5969,G3318,GA010,GA011,G6074,G1939,G6093,G5392,G6007,GA028,GA016,G6049,G6038,GA012,GA022,GA015,GA027,G9744,G6163,G1925,G1941,G9743,GA023,G1956,G1937,G6022,G1945,G6046,G1915,GA009,GA024,G1950,G9595,G5389,G6025,G6001,G5945,G5391,G3300,G6000,G6032,G1062,G1982,G6047,G6064,G3245,G6099,G5390,GA018,GA008"
113.80,23.20,0.20,0.18,121,"G3122,G9596,G9583,G3267,G3318,G9598,G3153,G3154,G9536,G9744,G9743,G1792,G3245,G9595,G3300,G1934,G6148,G5387,G1023,G3319,GS001,G1793,GS002,G1948,G1961,G3317,G1740,G1083,G1912,G1973,GS003,G6076,GS004,G6020,GS005,G3124,GS006,G3338,G1962,G1993,G1963,GS008,G1775,G6021,G5389,G6144,GS007,G1747,G1992,GA025,GA026,G6027,G6077,GS015,GA017,G1936,G5424,G5388,GS009,G3266,G1928,GS013,G3152,GA028,G5965,G3269,GS012,G3144,GA020,G6041,GS011,59294,G1978,GA027,G1994,GA013,G6023,GS010,G6010,G6026,G6043,GA022,GA011,G1977,GS014,GA019,GA021,G6051,G1995,GA023,G1920,G6016,G6014,G1786,GA016,G5400,G1923,GA012,G6015,G9594,GA010,G5392,G6092,G1952,G1924,G5391,G6094,G1931,G1921,GA002,G5969,G1981,G1940,G1909,G6042,G1774,G5944,GA015,G6045,G6052,G1983"
113.80,23.30,0.20,0.18,59,"G3338,G3317,G3245,59294,G1083,G3300,G3318,G3269,G9595,G9743,G9744,G3124,G1065,GA002,G9553,G3267,G9596,G3266,G5424,G9594,G3321,G9536,G1775,G9593,G3122,G9583,G3247,G9598,G3153,GA001,G3319,G5387,G3143,G9592,GA032,G3320,G1061,G5389,G9704,G3147,G3144,G1023,G3268,G1792,GA035,GA034,G3154,G1740,G3261,G1022,GA030,G3151,GA033,GA025,GA036,G1793,G5400,G1934,GA031"
113.80,23.40,0.20,0.18,51,"G9553,G3247,G1065,GA032,G9592,GA035,GA034,G3321,G3143,59294,GA030,GA036,GA031,GA033,G9593,G1061,GA002,G3338,G3269,G1060,GA029,G3317,G3268,G1083,G3245,G9594,G3103,G3261,G3148,G3323,GA037,GA001,G3300,G3147,G3124,G3266,G3320,G3150,G9595,G9704,G9743,G3318,G5424,G9744,G3151,G5543,G1775,GL701,G9733,G9764,G3163"
113.80,23.50,0.20,0.18,45,"G1060,GA029,GA036,GA031,GA030,G3323,GA034,GA035,GA033,GA037,GA032,G3247,G9592,G3248,G3163,GL701,G3103,G9733,G3243,G3148,G3143,G9553,G1061,G9531,G1065,G3351,G3105,G3150,G3321,G3357,G9593,G9764,G3350,G5551,G3304,G3268,G1750,G9734,G9732,GA002,G3261,59294,G9755,G5543,G1755"
113.80,23.60,0.20,0.18,47,"G3248,G3105,G3163,G3243,G3323,GL701,G1750,G9531,G3349,G3350,G9733,GA037,GA029,G1060,G3351,G9755,G9827,GA031,G9732,GA036,G3348,GA030,G1064,G1020,GA034,GA035,G3103,GA033,G1085,G9731,G3304,G3148,G1755,GL710,G3357,GL708,59285,G3427,GA032,G5551,G3423,G9716,G3150,G9734,G9592,G3326,G9729"
113.80,23.70,0.20,0.18,35,"G3349,G1085,G3348,G1020,G3105,G9827,G1082,G9729,G1750,G9730,G3350,G3248,G9751,G9731,GL708,G3423,G3163,G9753,G3425,G9755,G1064,G3243,G9752,G9531,G9702,G3422,G9530,G9732,G3106,G3365,GL701,G3323,G9733,G3351,G2732"
113.80,23.80,0.20,0.18,34,"G9730,G3425,G1082,G1085,G3365,G9729,G9752,G9702,G9753,G9751,G3348,G1020,G8360,G2784,G3106,G1057,G3349,G3424,G3422,G2737,G9827,G9750,G1063,G9530,G3423,GL708,GF811,G3368,G8351,G3369,G9731,G8366,G3105,G1750"
113.80,23.90,0.20,0.18,34,"G2737,G2784,G3365,GF811,G1057,G8360,G3425,G1483,G9730,G8366,G9750,G9752,G2713,G9702,G3368,G1478,GF810,G1082,G8351,G3424,G9753,G9729,G3106,G4652,G1085,G9751,G8354,G1063,G2780,GR028,GR027,G3422,GF809,G2786"
113.80,24.00,0.20,0.18,29,"GF810,G1483,GF811,G2737,GR028,G2713,G8366,G2729,G2780,G8534,G1478,G4558,G4652,G2743,G2784,GF809,GR027,G1057,G2712,G8354,G8360,G9750,G3365,G3368,GR078,G3425,G1482,G8351,G4660"
113.80,24.10,0.20,0.18,29,"G2743,G4558,G8534,G2729,GF810,GR028,G1482,G2780,G8544,GF804,G2712,G1483,GF809,G4660,GF811,GR027,G2776,G4652,G2713,G8366,GR045,G1478,G8365,GR078,G2737,GF803,G8354,G9867,G8341"
113.80,24.20,0.20,0.18,26,"G8544,G2776,G1482,G2746,GF804,G2743,G4632,G4558,G8558,G8534,G9867,GR045,G2790,G2755,G2729,G4629,GF600,G9869,G4660,GF605,GR028,G8539,GF803,G9866,GF810,G8341"
113.80,24.30,0.20,0.18,28,"G2746,G2755,G2776,G8539,G4629,GF605,G4632,G9871,G4631,G8558,G8544,G9874,G8550,G9873,GF600,G9867,G9872,G9866,G2790,G9865,GF804,G2744,G1482,GR045,GF606,G1493,G8551,G9869"
113.80,24.40,0.20,0.18,32,"G9871,G4631,G9872,G8539,G8550,GF605,G2755,GF606,G1493,G9873,G9874,G4629,G9879,G9878,G9877,G2746,G9875,G2744,G4630,G4632,G4628,G9865,G4636,G2776,G8558,G9876,G9863,GF600,G9866,G4635,G8551,G1492"
113.80,24.50,0.20,0.18,30,"G9877,G9878,G1493,GF606,G9872,G4628,G9879,G9875,G9876,G1492,G4639,G8550,G4630,G4631,G9871,G4620,G9873,G8539,GF605,G4636,G9864,G9874,G1491,G2755,G4431,G1428,G8569,G4618,G9863,G4629"
113.80,24.60,0.20,0.18,27,"G4639,G4620,G1492,G4665,G9877,G9876,G4628,G9878,G1491,G1428,G1424,G4431,G4453,G4621,G1493,G9875,GF606,G4616,G4625,G4630,G4661,G4454,G1440,G9879,G4668,GF101,G9872"
113.80,24.70,0.20,0.18,23,"G4665,G1424,G4621,G4613,G4620,G4661,G4639,G4611,GF103,G4616,GF101,G4625,G4622,G1491,G4453,G1428,G1402,G1492,G4454,G4431,G4528,59082,G9876"
113.80,24.90,0.20,0.18,25,"G4524,GF304,G4531,G4523,GF310,GF305,G4613,GF103,GF002,G4438,G1439,G1442,G9882,G4622,G4526,G4510,G4442,G4441,G4504,G1420,57989,G4611,G4439,G1445,G1402"
113.80,25.00,0.20,0.18,27,"G4523,G1439,G4442,G4441,G1420,G4526,GF310,57989,G1442,G4524,GF304,GF305,G1437,G4438,GF309,GF300,G4510,G4531,G1445,G4439,GF312,G4444,GF303,G4522,GF506,G4504,G4530"
113.80,25.10,0.20,0.18,31,"G1420,G1437,57989,GF300,G4530,G4444,G4442,G4441,G4522,GF309,G1439,G4526,GF301,G1442,GF303,G4520,G4523,G4529,G4414,GF312,GF310,GF302,G1455,G1496,G4438,G4413,G4510,GF305,GF506,G1445,G1446"
113.80,25.20,0.20,0.18,26,"G4530,G4520,GF302,G4444,GF307,G4522,GF301,G4413,G1437,GF300,G4521,G1420,57989,G4529,G4414,GF309,G4422,GF303,GF093,G1453,G1446,G1419,G1496,G4442,G4441,G1455"
113.90,22.40,0.19,0.18,48,"G1179,G3521,G3585,G1191,G1142,G1189,G1195,G3619,G3540,G3618,59490,G3556,G3641,G3647,G3697,G3717,G3675,G3555,G3650,G3718,G3714,G3738,G1153,G3546,G1196,G1197,G3715,M9988,M0004,M0003,G3561,G1186,G3720,G3759,G1277,G3784,G3530,G3979,G3704,G3713,G3645,G3643,G3752,59493,G3501,G3776,G3757,G3694"
113.90,22.50,0.20,0.18,94,"G3618,G3619,G3697,G1142,G3717,G3540,G3585,G3556,G3521,G1189,G3647,G3555,G3718,G3650,G3714,G1195,G3641,G3675,G3738,G3546,G1153,M0004,G1196,G1197,M9988,M0003,G1179,G3715,G3759,G3530,G3784,G3720,G3561,G3694,G3643,G1186,G3704,G3765,G3757,G1187,59493,G3501,G3648,G3699,G1145,G3548,G3752,G3692,G3634,G3565,G3740,G3645,G3713,G3504,G1191,G3669,G3768,G3684,G1139,59490,G3766,G3658,G3776,G3503,G3562,G1130,G3617,G3519,G1178,G3575,G3734,G3778,G3547,G3580,G3703,G3502,59486,G1135,G3671,G3773,G3680,G3691,GB060,G3702,G3797,G3733,G3553,G3761,G3775,G6219,G3698,G3576,G3774,G1175"
113.90,22.60,0.20,0.18,140,"G3765,G3692,G3548,G3530,G3694,G3699,G3784,G3503,G3759,G1187,G3703,G3502,M0004,59486,M0003,G3546,G3617,M9988,G1197,G1196,G1145,G3768,G1153,G3504,G3714,G3643,G3718,G3720,G3766,G3565,G3738,G3715,G3671,G3650,G3702,G3575,G3555,G3717,G3733,G3757,G3697,G1139,G3734,G3675,G3561,G3648,G1178,G3635,G3647,G3704,G3684,G1132,G3618,G3680,G3556,G3653,GB060,G1186,G3641,G1151,G3531,G3740,G3681,G3636,59493,G3619,G3501,G3540,G3574,G3634,G1142,G1189,G1155,G3553,G3688,G3562,G3682,G1195,G3551,G3752,G3585,G3521,G1156,G1152,G3727,G3669,G3658,G3698,G3664,G3620,G3746,G3547,G3691,G1183,G1190,G3728,G3569,G3645,G3557,G3744,G3693,G3572,G3778,G1135,G3790,G1179,G3713,G3663,G3519,G3614,G3783,G1130,G1175,G1143,G1170,G3526,G3751,G3761,G3773,G1188,G3528,G1180,G1131,G3797,G3543,G3513,G3776,G3580,G3696,G3568,G3764,G1136,G6219,G1184,G3774,G3576,G3739,G3701,G3775,G3579"
113.90,22.70,0.20,0.18,131,"G3531,G1132,G3682,G3702,G3635,G1156,G1183,G3727,59486,G3502,G3569,G3728,G3733,G3653,G3703,G3790,G3574,G1143,G1170,G3664,G3693,G3568,G3503,G3671,G1131,G3528,G3617,G3744,G3557,G1151,G3529,G3515,G3764,G3688,G3692,G3701,G3663,G3783,G3575,G3551,G3550,G1193,G3636,G3681,G3548,G3766,G3768,G3746,G3722,G1176,G3756,G1190,G3781,G3504,G3785,G3699,G3765,G1155,GB060,G1152,G3686,G3734,G3680,G1164,G3526,G6057,G1178,G3565,G3750,G1145,G1139,G6058,G3543,G3694,G1187,G1136,G3614,G3620,G3513,GB031,G1906,G3572,G3530,G3684,G3784,G5968,G3553,G3583,G3759,G6006,G6060,G3643,G6085,M0003,M0004,G3546,G3757,M9988,G1197,G3720,G1180,G1196,G3532,G1153,G3648,G1976,G1985,G1960,G3715,G3510,G3714,G3698,G3738,G3718,G3696,G1911,G3650,G3791,G6033,G3732,G3704,G3751,G5958,G3555,G6013,G3740,G3561,G3562,G3717,G3697,G5959"
113.90,22.80,0.20,0.18,103,"G3686,G1176,G3529,G3515,G1193,G3756,G3568,G1143,G1170,G3785,G3722,G3569,G1131,G3790,G3528,G1183,G6085,G3532,G3728,G3550,G3583,G1164,G3764,G1156,G3701,G5958,G6057,G1976,G3693,G3727,G5959,G3682,G6060,G3531,G3664,G1960,G6006,G6048,G3744,G1987,G3557,G3781,G6033,G1942,G1132,G1906,G1944,G1968,G3574,G6062,G3783,G6156,G3663,G1933,G3635,G1932,G1911,G3653,G6034,G1910,GB031,G6123,G6058,G3750,G3702,G1984,G3733,G6047,G3688,59486,G6061,G3502,G1151,G1943,G3746,G5968,G3551,G1190,G3703,G1916,G1985,G6013,G6059,G3526,G1136,G3543,G3671,G6120,G6046,G3636,G3681,G3513,G1152,G3503,G3617,G6102,G6028,G1955,G1990,G6054,G3614,G1155,G6024"
113.90,22.90,0.20,0.18,111,"G1987,G6156,G5959,G1944,G1910,G5958,G1984,G1942,G3532,G1943,G6047,G6062,G1932,G6085,G6061,G1976,G6093,G5945,G6048,G3686,G6037,G3583,G6034,G6024,G1913,G1968,G1916,G1176,G6046,G1933,G1902,G1937,G3756,G6038,G6102,G1950,G1193,G6036,G6040,G3785,G1986,G6120,G6039,G6009,G6033,G6060,G1960,G3722,G6123,G3529,G6163,G3515,G1164,G1918,G6057,G1972,G6035,G3568,G3550,G6001,G6162,G6006,G1143,G1170,G6074,G1131,G1925,G3528,G1981,G1949,G6094,G3701,G3764,G6044,G1911,G6098,G1952,G3790,G3569,G6015,G1183,G3728,G1955,G1906,G6042,G6014,59289,G6054,G1965,G3693,G5944,G6063,G6030,G1156,G6043,G1935,G1951,G1939,G6016,G3727,G3781,G1980,G5954,G5955,G6064,G6073,G6132,G6028,G5953,G6099,G6059"
113.90,23.00,0.20,0.18,132,"G6093,G6039,G1913,G6038,G6035,G1937,G5945,G1950,G6037,G6036,G6009,G1952,G6074,G6040,G1925,G6015,G6094,G1943,G6014,G1972,G1986,G5944,G1981,G6024,G6016,G1984,G1910,G6047,G1939,G6043,G1902,G1928,G6156,G6023,G1949,G1918,G6026,G6022,G6061,G1992,G1944,G1987,G6064,G1940,G6144,G6042,G6021,G6027,G1965,G6044,G1977,G6046,G1993,G1962,G1932,G1942,G6102,G6073,G6025,G6020,G6062,G6063,G6076,G1916,G5959,G1912,G6163,G6162,G1747,G1995,G1921,G1941,G5958,G1980,G1973,G6045,G5390,G1908,G5954,G5953,G5955,G6120,G1793,G5392,G1923,G1994,G5956,G1963,G6034,G1922,G6065,G3532,G6001,G1909,G6132,59289,G1934,G6077,G6092,G1988,G1968,G5388,G6048,G1792,G1951,G6085,G1740,G3154,G1957,G6098,G1933,G6050,G1976,G6010,G6067,G6052,G6148,G1920,G5406,G6086,G1924,GS013,G5957,G5391,G1961,GS014,GS005,GS003,GS015,G3583,G6123,G1935"
113.90,23.10,0.20,0.18,132,"G6026,G6027,G6023,G1962,G1977,G6021,G1747,G6016,G6144,G1928,G5944,G1912,G1940,G6020,G1793,G1992,G6014,G1952,G1740,G6076,G5388,G5392,G1939,G1792,G1941,G6015,G1993,G6043,G6022,G6074,G6035,G6025,G6094,G1925,G1973,G5390,G3154,G6039,G6064,G5391,G1981,G3153,G1934,G9598,G5387,G6038,G1937,G1950,G1972,G1913,G1908,G6009,G6148,G1963,G6036,G6093,G5406,G9536,G1786,G5389,G6040,G1949,G1965,G6042,G5945,G1995,G6073,G9583,G1961,G1986,G6037,G9596,G3122,G1994,G6077,G5400,GS003,GS001,G1921,G1988,GS005,G5398,G6063,GS002,G1923,G6044,G1918,G6024,G1774,G1948,G6045,GS013,G6065,G1902,G6010,GS015,G1980,GS004,G6092,G1957,GS006,G1909,G5956,G1943,G1920,GS014,G5953,G5954,G1773,G3318,G5955,G1775,GS008,G5437,G1936,G1978,G9595,G1924,G1922,GS012,G6047,G1984,G6052,GS009,GS011,G5404,G3267,GS007,G6041,G1910,G1784,G6050"
113.90,23.20,0.20,0.18,89,"G5387,G9536,G5389,G9598,G3153,G1740,G5388,G1792,G1786,G1775,G5400,G1793,G9595,G1747,G9596,G5391,G5424,G1774,G1912,G3318,G5392,G1962,G1977,G9583,G1083,G6027,G3122,G6020,G3154,G6021,G6026,G3245,G5398,G6144,G6023,G6076,G1941,G1940,G3317,G1934,G1928,G1992,G6016,G3269,G5390,G5404,G1973,G3267,G1993,G5944,G6025,G6148,G5357,G5406,G6014,G1939,G9744,G9743,G6022,G1773,G3300,G3338,59294,G1952,G6043,G1961,G5425,GS001,G6015,G6064,GS002,G5360,G1963,G1908,G5413,GS003,G1948,G6074,G3147,GS005,G1779,G6094,G1925,G6035,G1023,GS004,G5361,G9593,G6077"
113.90,23.30,0.20,0.18,57,"G5424,G1775,G3269,G1083,G9595,G3317,59294,G9593,G3147,G3245,G9536,G5389,G3318,G5360,G5387,G3338,G5400,G1065,G3268,G1774,G9598,G1786,G1061,G3153,G9596,G9553,G3300,G9592,G1740,G9743,G9744,GA032,G5357,G5358,G3122,G5413,G5425,G5388,G9583,G5398,G1792,G5550,G5404,G3267,G5386,G3247,G5391,G5543,G1793,G3124,GA033,G1747,GA002,G3321,GA034,GA035,G5392"
113.90,23.40,0.20,0.18,41,"G1061,G3268,G9593,G3147,G9592,G1065,GA032,GA033,G5543,G3269,G3150,G3148,59294,GA034,GA035,G9553,G3247,G5550,G5360,G5424,GA036,GA030,G1083,G3317,G5551,G3338,G1775,GA031,G1060,G3245,G9595,GA029,G3323,G3321,G3143,GL701,G5386,G3318,GA002,G5431,G5358"
113.90,23.50,0.20,0.18,39,"G3148,G3150,GA033,G5551,GL701,G3323,G1061,GA034,G5543,G9592,GA035,GA032,GA036,G1755,G3268,GA030,G5564,G1060,GA029,GA031,GL710,G3248,G9593,G3247,G1065,G1750,G3147,G5550,GL706,G9553,G3163,GA037,G3105,G5552,G3243,GL709,G9733,59294,G3143"
113.90,23.60,0.20,0.18,36,"G1750,GL701,GL710,G1755,G3248,G5564,G3323,G5551,GL709,G3105,GL708,G3148,G5552,G3348,G3150,G3163,GA033,G3349,GA029,GL706,G1060,G3243,GA036,GA034,GA035,GA030,G9530,GA031,GA037,G5543,G9751,G9531,G9733,G3350,G9592,GA032"
113.90,23.70,0.20,0.18,30,"GL708,G3348,G1750,G9751,G9530,G1082,GL709,G3106,G3369,G1085,G9702,GL710,G3349,G1063,G3105,G9727,G1755,G3424,G9728,G3248,GL701,G5552,G9730,G1020,G5564,G3365,G9729,G9827,G3421,G3323"
113.90,23.80,0.20,0.18,32,"G9702,G3106,G9751,G3424,G1063,G1082,G9530,G3369,G3365,G3348,G9728,G1057,GL708,G9750,G9730,G3368,G9727,G3421,G1085,G3425,G1084,G9729,G9752,G1750,G2784,G3349,G1478,G1020,G2737,G8360,GL709,G1753"
113.90,23.90,0.20,0.18,30,"G9750,G1057,G3368,G3424,G1478,G3365,G9702,G1084,G1063,G3106,G4652,G1483,GF811,G2737,G9751,G3421,G9728,G1082,GF809,G3425,G3369,G9730,G4651,G2784,GF810,G9530,G8360,G9727,G9752,G8366"
113.90,24.00,0.20,0.18,27,"G4652,G1478,GF809,G1483,GF810,G3368,G9750,GF811,G1057,G4558,G4660,G2737,G4651,G1084,GF808,G3365,G8534,G3424,G2743,GR028,G1482,GF803,G2729,G2713,G8366,G2784,G9702"
113.90,24.10,0.20,0.18,23,"G4660,G4558,G1482,GF809,GF804,GF803,G4652,GF810,GF091,G8544,G2743,G1478,G8534,G1483,G9867,G9869,GF808,G4634,G4654,G2729,GR028,GF811,G4632"
113.90,24.20,0.20,0.18,29,"GF804,G9867,G1482,G8544,G9869,G4632,GF803,GF600,G4660,G9866,G4558,G1495,GF091,G4634,G2776,G2746,G4629,G9868,G9870,G9865,G2743,G1485,G2755,G9874,GF605,G4640,G8534,GF809,G4654"
113.90,24.30,0.20,0.18,37,"G4632,GF600,G4629,G9866,G9874,G9865,G9867,GF605,G9873,G2755,G9869,G8544,G2746,G4635,G1485,G4631,G8539,G1495,G9871,GF804,G4640,GF607,G2776,G9868,G1482,G9863,G9850,G9870,GF803,G4634,G4636,GF606,G9872,G8550,G4641,G1493,G4644"
113.90,24.40,0.20,0.18,34,"G9873,G9874,GF605,G4631,G4629,G9865,G4636,G9863,GF606,G9871,G1493,G4635,G9875,G8539,G2755,G9864,G9872,G9866,GF600,G1485,G9877,G4632,GF607,G8550,G9862,G9876,G4640,G2746,GF601,G4644,G4633,G9867,G9878,G9850"
113.90,24.50,0.20,0.18,36,"G9875,G9876,G9864,G9877,G4636,G1493,GF606,G9863,G4431,G4639,G9873,G1440,G4631,G9872,G4668,G9874,G9878,G9871,G4454,G4453,GF605,G9862,G4633,G4635,GF601,G1484,G8539,G8550,G9865,G9859,G4625,G4629,G4628,G9879,GF603,G1492"
113.90,24.60,0.20,0.18,26,"G4431,G4453,G4639,G9876,G1440,G4454,G4668,G4625,G9875,G4528,G9877,G4661,G4665,G4527,G9864,G1468,G1424,G4620,G1493,G4636,GF606,G9859,G1492,G9878,GF094,G9863"
113.90,24.70,0.20,0.18,23,"G4661,G4625,G1424,G4453,G4665,G4528,G4454,G4622,G4527,G4533,G1440,G4668,G4431,G4613,G4639,G1468,GF094,G4620,G9876,G4621,G1469,G4502,G1467"
113.90,24.80,0.20,0.18,23,"G4622,G4613,G4531,G4661,G1424,G4533,G4504,G4665,G4625,G4528,GF305,G1451,G4501,G4512,GF310,G4527,G4453,GF103,GF508,G4524,G4621,G4454,GF304"
113.90,24.90,0.20,0.18,23,"G4531,GF305,G4504,GF310,G4510,GF508,G4523,G4622,G4512,G1451,G4524,GF304,G4613,59090,G4662,GF502,GF506,GF503,G4501,G4533,G4508,G1420,GF309"
113.90,25.00,0.20,0.18,31,"G4510,GF305,GF310,G4523,GF309,GF506,G1420,G4504,GF508,G4531,G1496,G4512,G4447,57989,59090,G4522,G4414,G4524,G4442,G4441,G1439,G4662,G1451,GF304,G4526,GF301,G4505,G1437,G4508,G1442,GF502"
113.90,25.10,0.20,0.18,26,"GF309,G4522,G4414,GF301,G1496,G1420,GF506,G4530,G4505,G4510,G4520,57989,G4413,G1437,G4462,GF302,G4523,GF305,G4447,GF310,G4444,GF300,G4442,G4441,G1439,G4526"
113.90,25.20,0.20,0.18,22,"G4413,GF301,GF302,G4520,G4522,G4414,G4530,G1496,G4462,GF307,GF309,G1419,G1453,GF306,GF411,G4505,G4444,G1420,G4443,GF401,G1437,GF506"
114.00,22.40,0.19,0.18,57,"G1195,G3585,G3540,G3776,G3713,G1179,G3641,G1142,G3645,G3521,G3647,G3752,G1130,G1186,G3675,G3618,G3580,G3619,G3501,G3561,59493,G3669,G3519,G1189,G3555,G3634,G3773,G3738,G3697,G3778,G3658,G3720,G3740,G3757,G1135,G3717,G3775,G3747,G3556,G3718,G3648,G3546,G1129,G3793,G3576,G3779,G1191,G3547,G3797,G3714,G1149,G3650,G3562,G3774,G3784,G3522,G3523"
114.00,22.50,0.20,0.18,116,"G3645,G3713,G3752,G1186,G3501,59493,G3776,G3561,G3669,G3634,G3641,G1130,G3675,G3519,G1195,G3580,G3740,G3658,G3647,G3540,G3757,G3648,G3778,G3720,G3773,G3738,G1135,G3562,G3547,G3555,G3618,G1142,G3585,G3797,G3775,G1187,G3691,G3576,G3546,G3784,G3684,G3761,G3774,G3747,G3694,G3779,G3697,G3565,G3718,G1149,G3619,G3793,G3579,G3717,G3522,G1175,G3530,G1129,G3714,G3523,G3521,G3581,G3504,G1178,G3650,G3527,G1179,G1121,G1184,G3698,M0004,G3548,G3631,G1189,G1188,G3789,G1153,G3766,G3556,M0003,G3759,G1196,G3553,G1197,M9988,G1120,G3721,G3765,G3577,G3630,GB060,G3715,G1146,G3798,G3617,G3751,G3739,G3503,G3534,G3524,G3692,G3643,G1166,G1155,G3620,G3699,G1173,G3696,G3506,G3703,G3704,G1145,G3572,G1180,G3799,G3558"
114.00,22.60,0.20,0.18,168,"G3684,G1178,G3565,G3504,G3553,G3766,G3648,GB060,G3562,G3740,G3698,G3757,G1187,G3634,G3691,G3547,59493,G3501,G3658,G1155,G3548,G3617,G3669,G1175,G3561,G3620,G1186,G3720,G3694,G1135,G3503,G3752,G3751,G3761,G3778,G1188,G3519,G3784,G3572,G3797,G1184,G3551,G3696,G3739,G3773,G3738,G3645,G1130,G3774,G3703,G1180,G3579,G3576,G3675,G3775,G3546,G3530,G3653,G3713,G3580,G1190,G3527,G3765,G3779,G3555,G3630,G1149,G3635,G3647,G3506,G3776,G3574,G3692,G3747,G3513,G3641,G3523,G3522,G1121,G3502,59486,G3543,G3510,G3718,G1166,G3581,G3721,G3793,G3798,G3759,G3789,G3573,G3714,M0004,G3697,G3577,M0003,G1129,G3618,G1120,G1161,G3631,G3702,G3717,G1153,G1196,G3783,G1197,M9988,G3540,G3744,G3650,G3507,G1195,G3699,G3534,G3558,G3791,G3531,G1132,G3750,G3727,G3715,G3559,G3733,G1146,G1142,G3732,G3524,G3693,G3518,G3643,G3743,G3671,G3768,G1145,G3619,G1148,G1156,G3585,G3556,G1173,G1144,G3575,G3552,GB031,G3764,G3521,G1189,G3528,G3701,G3758,G3682,G3569,G3799,G1183,G5960,G1174,G5962,G6103,G3704,G1182,G1139,G6110,G3737,G1170,G3659,G3734"
114.00,22.70,0.20,0.18,156,"G3551,G1190,G3783,G3574,G3744,G3543,G3513,G1155,G3653,G3750,G3572,G3620,G3693,G3635,GB060,G3727,G1180,GB031,G3510,G3764,G3701,G3791,G3528,G3617,G3732,G3696,G3553,G1156,G3766,G1906,G1178,G3703,G3503,G3531,G3751,G3504,G3569,G3698,G1170,G6013,G3507,G1164,G3722,G6110,G1183,G3684,G6006,G3565,G1148,G3502,59486,G1132,G3515,G3573,G6103,G3702,G3548,G3739,G1143,G3728,G3506,G1990,G3682,G5962,G1188,G6154,G3559,G3790,G3529,G6096,G1187,G3562,G3733,G3568,G1917,G3691,G1175,G1161,G3648,G3692,G6033,G1184,G3740,G6104,G1953,G6107,G3757,G3547,G3694,G1131,G1166,G3686,G6012,G3743,G3761,G3765,G6029,G1976,G3664,G3634,G1176,G3658,G3630,G3671,G1193,G1998,G6105,G1135,G5960,G3784,G3720,59493,G6028,G3527,G3501,G3579,G6106,G3797,G3558,G1905,G3778,G3530,G3774,G3669,G3561,G3756,G3798,G3518,G3699,G3576,G3557,G6090,G1186,G3737,G3550,G1151,G3752,G3519,G3785,G3721,G3575,G1968,G3768,G6091,G3546,G3773,G3738,G3775,G1121,G6101,G5961,G1149,G3758,G3779,G3523,G3688"
114.00,22.80,0.20,0.18,122,"G6006,G1906,G1164,G6033,G3722,G3701,GB031,G3764,G1976,G6013,G3528,G3750,G3783,G1968,G3693,G3744,G3515,G1990,G6028,G6034,G1953,G3686,G1170,G3727,G6012,G1955,G3543,G3569,G1156,G3529,G6110,G6062,G3574,G3732,G1190,G6091,G1942,G3513,G1176,G1143,G3791,G5959,G1183,G3551,G3568,G6096,G1916,G6103,G3653,G1193,G6090,G3532,G6154,G3728,G5964,G3510,G3756,G3790,G3635,G3531,G6080,G1905,G1917,G6061,G6104,G5958,G6085,G3572,G1131,G6078,G1987,G6030,G6079,G1148,G3785,G6102,G5962,G6107,G6131,G1155,G1979,G1984,G1180,G3620,G3682,G6098,G6011,G6082,G3583,G3550,G1132,G3507,G6081,G1943,G6029,G6156,G1974,G3696,G1944,G5961,G6005,GB060,G6095,G3664,G6057,G1910,G3703,G1902,G6106,G6024,G3702,G3617,G6105,G3573,G6083,59486,G3502,G3503,G6060,G5963,G3559,G3553"
114.00,22.90,0.20,0.18,117,"G6034,G1916,G1968,G6062,G6061,G6102,G1942,G6033,G1976,G6098,G1902,G1984,G1955,G1943,G6024,G6030,G5959,G6011,G1987,G1986,G6006,G1979,G6028,G1951,G6080,G6040,G5945,G1164,G6156,G1950,G1910,G6091,G1972,G3722,G1937,G6113,G6095,G1906,G5958,G3532,G6117,G6063,G1944,G5964,G3686,G6038,G5957,G6093,G1980,G1953,G1914,G6012,G1965,G6013,G6067,G1930,G1990,G3701,G6085,G6039,G6131,G6073,G3515,G1925,GB031,G6047,G1176,G3764,G1913,G6086,G6115,G6074,G6005,G6065,G6090,G3528,G6079,G1991,G1932,G6037,G6082,G3529,G6068,G1946,G6064,G6078,G1957,G1193,G3750,G3756,G1170,G3583,G5963,G1927,G3693,G1974,G5340,G1939,G6035,G6022,G1905,G3783,G6066,G3785,G3744,G6048,G1143,G6036,G6110,G6114,G3568,G6069,G3569,G6009,G6096,G3727,G1988"
114.00,23.00,0.20,0.18,108,"G1986,G1972,G6063,G1965,G6040,G1902,G1980,G6073,G6024,G1950,G1925,G1937,G6064,G6102,G6065,G6074,G1951,G6038,G5945,G6022,G6067,G6061,G1939,G1957,G6086,G5957,G1916,G6039,G1943,G1908,G6098,G1988,G6025,G6113,G6093,G1984,G1914,G1946,G5944,G6115,G1940,G5390,G6066,G1927,G6062,G1913,G6030,G6034,G1941,G1942,G6035,G5406,G6016,G6011,G6117,G6026,G1952,G6023,G1977,G1968,G5437,G6068,G5326,G1979,G5393,G1910,G5392,G1987,G6014,G6037,G6156,G5340,G6095,G5438,G1991,G1955,G6015,G6036,G6027,G1784,G5959,G1930,G6080,G1928,G6009,G6094,G1747,G6047,G1944,G6114,G6021,G6144,G1962,G1976,G5391,G1981,G6043,G6033,G1992,G5388,G6069,G6020,G5958,G1912,G6028,G5327,G1932,G1773"
114.00,23.10,0.20,0.18,107,"G5390,G6025,G1908,G1941,G5406,G6022,G6064,G5392,G1988,G1940,G1939,G5391,G6073,G1965,G1977,G5437,G1925,G1957,G6065,G5944,G5388,G6074,G6026,G6063,G1784,G1747,G1773,G1980,G6023,G1972,G5398,G6027,G1779,G6016,G1786,G6086,G6066,G6040,G1962,G1950,G1986,G6067,G5438,G1740,G1937,G6021,G6039,G6038,G5393,G1946,G5400,G5404,G6144,G5412,G1774,G1793,G1927,G1928,G1952,G1912,G6014,G5957,G6020,G6035,G5389,G1902,G1780,G6024,G5326,G5945,G5361,G1992,G1792,G1951,G5387,G6115,G6015,G5357,G1914,G5439,G6093,G1741,G6076,G5397,G6113,G1913,G6043,G3153,G6094,G9598,G6102,G1993,G9536,G5425,G1943,G5359,G1720,G1981,G6068,G6061,G6098,G5340,G3154,G6036,G6009,G1973,G5413"
114.00,23.20,0.20,0.18,77,"G5398,G1774,G1786,G5400,G5404,G5391,G5357,G1773,G5389,G5388,G5425,G5392,G1779,G5361,G5406,G5413,G5412,G1941,G5390,G5359,G5387,G1775,G1780,G1740,G1747,G6025,G5397,G5424,G1977,G5437,G5358,G9536,G1784,G1908,G1940,G1705,G5360,G9598,G3153,G1988,G1793,G6022,G6026,G1792,G6027,G6064,G1939,G6023,G1962,G9595,G1741,G1912,G5944,G6021,G5435,G5386,G5436,G1957,G6020,G6144,G6016,G1083,G6073,G5438,G9596,G6065,G1965,G1925,G6074,G3147,G1928,G3318,G5393,G5439,G3269,G6076,G5403"
114.00,23.30,0.20,0.18,53,"G5360,G5358,G5413,G5425,G5386,G5357,G1774,G3147,G5424,G5400,G1775,G5404,G1786,G5389,G5359,G5550,G5398,G5432,G5403,G3268,G5361,G1705,G5431,G3269,G9593,G5435,G1083,G1773,G9595,G5387,G9536,G5412,G5391,G5543,G5397,G5429,G1779,G1780,G1061,G5388,59294,G5384,G5436,G3317,G3245,G9598,G5385,G3153,G1740,G5392,G3318,G5383,G1065"
114.00,23.40,0.20,0.18,37,"G5550,G5543,G3147,G3268,G5360,G5386,G5431,G5432,G3150,G1061,G9593,G5358,G3148,G5385,G5551,G5403,G5384,G5413,G5424,G5383,G9592,GL706,G5429,G3269,GA033,G5425,GA032,G1775,G1065,G5564,G5357,59294,G1755,G1774,G5430,GA034,G1083"
114.00,23.50,0.20,0.18,32,"G5551,G5543,G3150,G5564,GL706,G1755,G3148,G5550,GL710,G3268,G5552,GL701,G1061,G5385,G5431,G5542,GA033,G3147,GL707,GL709,G5432,G9592,G9593,G3323,G5386,G5360,GA032,GA034,G5384,GA035,G5383,G1750"
114.00,23.60,0.20,0.18,22,"GL710,G5552,G1755,G5564,GL709,GL706,G5551,G5542,G1750,GL708,GL701,GL707,G3150,G3148,G5541,G5543,G5563,G9530,G3348,G3323,G3248,G5553"
114.00,23.70,0.20,0.18,23,"GL709,GL708,G9530,G9727,G5552,G3369,G5541,GL710,G9728,G9751,G1750,G1063,G3106,G3348,G1755,G5542,G3421,G5564,G3424,G9702,G1082,G1753,GL706"
114.00,23.80,0.20,0.18,24,"G9728,G3369,G9727,G3421,G1063,G9530,G3106,G3424,G1753,G9751,G1084,G9702,GL708,G3368,G5541,G9750,G1082,G3348,G1057,GL709,G5561,G4651,G5544,G3365"
114.00,23.90,0.20,0.18,26,"G1084,G4651,G3368,G3421,G3424,G9750,G9728,G1063,G1753,G1478,G3369,G3106,G1057,G9727,G9702,G4652,G4658,G5561,G4659,G9530,GF809,G9751,G1423,GF808,G3365,G1483"
114.00,24.00,0.20,0.18,24,"G4651,GF808,G4652,GF809,G1478,G4659,G1084,G1423,G4658,G3368,G4654,G4660,GF807,G9750,GF091,GF803,G1483,G1057,GF801,G3421,G3424,GF810,G4657,G4558"
114.00,24.10,0.20,0.18,26,"GF091,G4660,GF803,G4654,GF808,G4634,GF809,GF804,G4652,GF802,G9869,G1482,G1423,G4659,G9870,GF807,G4558,G1495,G1478,G4651,G9867,G4657,GF801,G4658,G9868,G8544"
114.00,24.20,0.20,0.18,32,"G4634,G9869,G1495,GF803,GF091,G9870,G9868,G9867,G4660,GF804,GF600,G9866,GF802,G4641,G4654,G4640,G1485,G1482,G4632,G8544,G9850,GF607,G1473,G9865,G9851,GF808,G4635,G4656,GF604,G4558,G4638,G4629"
114.00,24.30,0.20,0.18,43,"G1485,G4640,G9866,GF607,G9868,G1495,G9865,GF600,G4635,G9850,G9869,G4641,G9870,G9867,G4644,G4632,GF604,59094,G9874,G4634,G9851,G4629,G9862,G1499,G9863,G9873,G9860,GF605,GF803,GF804,G1473,G1486,GF091,GF601,G4638,G4636,GF802,G9853,G8544,G9852,G4633,G4645,G4656"
114.00,24.40,0.20,0.18,47,"G4635,G9863,G9862,G4636,GF607,G9865,G4644,GF601,G1485,G4633,G4640,G9864,G9850,G9874,G9873,G9860,G9866,G4645,59094,G1499,G9875,GF600,GF604,G1484,GF603,G1486,G9868,G4629,GF605,G9856,G4641,GF602,G1495,G9861,G4631,G9851,G4643,GF606,G1493,G4632,G1490,G9853,G9876,G9871,G9870,G9859,G9869"
114.00,24.50,0.20,0.18,40,"G9864,G4636,G9863,G1484,G4633,GF601,GF603,G9875,G9862,G9859,G4431,G9876,G4643,G1440,G4668,G4645,G9856,G4454,G4635,G4644,GF602,G4453,G9860,G9873,G9877,G1493,GF606,G1468,G1494,GF607,G9865,G9874,G4527,G9861,G4528,G4625,G1490,G4639,G1485,G4416"
114.00,24.60,0.20,0.18,34,"G4668,G1440,G4454,G4431,G1468,G4453,G4527,G4528,G9859,G4625,GF094,G4416,G9864,G1484,G9876,G1469,G4502,GF603,G4661,G4643,G9875,G1467,G1489,G4636,G4639,G4633,G4533,G1494,G9863,GF601,G9856,G4515,G9877,G4646"
114.00,24.70,0.20,0.18,27,"G4528,G4527,G1468,G4533,G4625,GF094,G1469,G4454,G4661,G4502,G4453,G1467,G4668,G1440,G4416,G1489,G4431,G4622,G1424,G9859,G4501,G4515,G4514,G4448,GF501,G4665,G4506"
114.00,24.80,0.20,0.18,33,"G4533,G4501,G4622,G1451,G1467,GF501,G4661,GF502,G4512,G4504,G4528,G1469,G4527,GF503,G4502,GF094,G4506,GF508,G4625,G1468,G4531,G4662,G1489,GF505,G1424,G4508,59090,G4453,G4613,G4416,G4454,G4503,GF500"
114.00,24.90,0.20,0.18,26,"G4512,G1451,GF508,G4504,GF502,G4662,59090,GF503,G4508,G4501,G4510,GF505,GF500,GF305,G4531,G4503,G4622,G4507,GF501,GF506,G4447,GF310,G4533,G4509,G4506,G4523"
114.00,25.00,0.20,0.18,31,"GF506,G4447,59090,GF508,G4510,G4662,G4512,G4504,G4508,G1451,GF305,G4505,GF502,GF500,G4509,GF309,G1496,GF503,GF505,G1443,GF310,G4414,G4503,G4507,GF507,G4531,G4523,G1420,G4511,G4522,G4501"
114.00,25.10,0.20,0.18,23,"G4505,G1496,G4414,GF506,G4447,G4462,GF309,GF301,G4522,GF401,G4510,GF507,GF411,G4509,59090,G1443,G4413,GF508,G4662,G1420,G4508,GF305,G4520"
114.00,25.20,0.20,0.18,21,"G4462,GF411,GF401,G4414,G1496,G4413,G4505,GF301,G4522,GF302,GF306,G4520,G4460,G1419,G4443,G1453,GF309,G4425,GF506,G4447,G1435"
114.10,22.40,0.19,0.18,45,"G3776,G3713,G3580,G1129,G1130,G3645,G3793,G3747,G3773,G3519,G3631,G3775,G3779,G3522,G1149,G3581,G1146,G3523,G3576,G3752,G3778,G3669,G1120,G3789,G3774,G3797,G1135,G1121,G3658,G3577,G3579,G3524,G3501,59493,G3634,G1186,G3761,G1195,G3547,G3721,G3527,G1173,G3534,G3641,G3540"
114.10,22.50,0.20,0.18,108,"G1129,G3793,G3747,G3580,G3779,G3775,G3776,G3631,G3522,G1149,G3581,G3773,G3523,G1130,G3576,G1120,G3519,G3774,G3789,G1121,G3797,G3713,G1146,G3778,G3579,G3577,G3645,G1135,G3527,G3721,G3761,G3669,G3524,G3658,G3547,G3534,G3752,G3798,G3691,G1184,G1173,G1175,G3630,G3634,G3501,G3562,G3799,59493,G1188,G3740,G3552,G3659,G1186,G1166,G3739,G3698,G3648,G3514,G1144,G3558,G1174,G3535,G3561,G3518,G3684,G3757,G3751,G3506,G3726,G3578,G3553,G1182,G1161,G3641,G3675,G3794,G1178,G3720,G1195,G3565,G3517,G3647,G3758,G3696,G3742,G3540,G1187,G3738,G3573,G3743,GB060,G3504,G3620,G3560,G3555,G1177,G1180,G3766,G3694,G3784,G3559,G3618,G1155,G3546,G1142,G3585,G3737,G3572"
114.10,22.60,0.20,0.18,151,"G3630,G1184,G1188,G3739,G1166,G3527,G3798,G1175,G3506,G3721,G3579,G3751,G3761,G1121,G3774,G3577,G3558,G3789,G3534,G3698,G1161,G3691,G3523,G3797,G3576,G1149,G3581,G3522,G1120,G3779,G3775,G3518,G3696,G3573,G3547,G1135,G3631,G3747,G3793,G1144,G3524,G3778,G3553,G3773,G1146,G1173,G1129,G3562,G3743,G3552,G3658,G1180,G3519,G3559,G1174,G3758,G3799,G3620,G3507,G1182,G3580,G3572,G3669,G3659,G1130,G3740,G3684,G3510,G3634,G3737,GB060,G1178,G3560,G1155,G5960,G3752,G3501,G3645,G3726,59493,G3776,G3648,G3713,G3517,G1148,G3513,G3514,G3621,G3565,G3649,G3791,G1998,G3543,G1190,G3551,G3535,G3554,G3766,G3504,G3757,G1186,G3732,G3578,G5962,G1177,G3742,G3561,G3678,G6105,G1187,G3794,G6103,G3617,G6101,G6029,G3720,G3760,G6106,G3796,G6110,G3661,G1917,G6154,G3548,G3549,G3750,G6107,G3503,G3694,G3545,G3783,G3653,G1185,G1954,G1137,G3574,G3675,G6104,G6096,G3738,G3784,G3744,G3567,G6155,G3641,GB031,G3703,G3635,G3647,G3546,G3687"
114.10,22.70,0.20,0.18,161,"G1148,G3507,G3791,G3510,G3732,G5962,G3573,G6103,G3559,G1180,G3513,G6110,G3696,G6154,G3543,G1917,G3572,G1998,G3743,G6107,G6029,G6105,G5960,G1161,G6096,G3506,G6104,G3620,G6106,G3751,G1190,G3750,G3739,G3737,G6101,G6013,GB031,G1155,G3649,G1990,G3551,G1166,G1954,G3558,G3758,G3518,G3783,G5961,G1905,G3698,G3553,G3560,G1188,G3678,G6155,G3661,GB060,G3621,G1953,G6012,G3630,G1184,G1906,G3744,G1144,G1175,G3509,G3798,G1182,G6081,G6090,G1185,G3760,G3574,G3554,G6078,G1178,G3527,G3721,G3691,G1174,G3570,G3534,G3761,G3653,G6006,G3579,G6083,G3701,G3552,G3685,G6028,G3684,G3693,G1121,G3577,G6091,G6079,G3764,G3564,G3517,G3562,G3547,G3774,G3766,G3789,G3797,G1173,G6082,G3523,G3576,G1120,G3524,G1135,G3581,G1149,G3522,G3727,G3504,G3659,G3635,G3617,G1974,G1164,G3799,G3779,G3528,G3726,G5964,G3565,G3775,G6131,G3658,G1171,G3631,G3778,G1177,G1146,G3780,G3748,G3747,G3740,G1137,G6033,G3722,G3793,G3773,G3796,G3503,G1959,G3648,G3519,G1129,G3634,G1156,G3669,G3703,G5471,G3514,G1955,G3742"
114.10,22.80,0.20,0.18,115,"G1953,G6012,G1990,G6090,G6013,G1905,G6091,G6096,G6028,G6110,G6078,G6154,G6104,G6079,G5964,G1917,G6103,G6081,G6107,G6082,G6131,G5961,GB031,G3732,G1974,G5962,G1955,G1906,G6029,G3791,G6083,G6006,G3750,G6080,G6106,G1148,G6005,G6033,G6105,G3685,G5963,G1959,G1979,G1954,G3543,G6155,G3513,G3510,G6101,G1998,G6011,G3507,G3509,G3783,G6030,G1164,G1968,G6095,G3701,G6034,G1190,G3564,G3744,G3559,G3764,G1976,G3722,G3661,G5960,G1180,G1930,G3572,G5471,G3573,G6098,G3693,G6117,G3551,G3528,G3696,G3649,G3678,G3570,G1916,G3743,G3620,G3748,G1958,G3737,G5468,G1185,G6062,G3574,G5446,G1155,G1161,G6102,G3727,G3506,G3760,G3515,G1942,G1991,G3751,G3780,G3621,G6113,G6069,G1951,G6061,G3653,G3560,G3633,G1170,G3758"
114.10,22.90,0.20,0.18,100,"G1979,G6080,G6011,G6030,G6095,G1955,G6117,G1930,G5964,G6098,G6005,G6091,G6131,G6028,G5963,G6113,G6079,G6082,G1951,G1991,G1974,G1914,G6090,G6012,G1953,G6078,G6102,G1916,G6069,G6068,G6034,G5957,G1958,G1968,G6115,G6114,G5340,G6033,G1990,G6067,G1905,G6081,G1959,G6061,G6086,G6083,G6013,G6062,G1946,G1902,G6006,G1927,G6070,G1980,G6063,G1976,G6024,G6096,G1942,G1906,G6066,G3685,G5961,G6065,G6104,G5326,G1986,G6110,G5316,G6154,GB031,G5468,G1917,G1957,G6107,G1164,G1965,G5339,G6040,G1943,G1984,G6073,G6103,G5327,G5446,G1972,G5474,G5393,G6029,G5471,G3722,G3750,G5959,G1950,G3732,G5962,G5945,G6106,G1937,G1988"
114.10,23.00,0.20,0.18,91,"G6115,G1914,G5957,G6067,G6113,G1946,G6086,G1927,G6068,G1951,G6066,G5340,G5326,G1980,G1991,G6117,G6065,G1957,G6114,G6063,G5393,G6098,G1930,G6069,G6073,G6095,G6011,G6030,G5438,G1988,G1965,G5327,G1979,G6070,G6102,G5437,G1908,G6080,G5341,G1902,G1720,G1784,G1986,G5439,G1972,G1958,G6064,G1916,G6040,G6024,G5316,G1955,G6022,G6005,G1925,G5339,G6061,G5406,G6025,G1950,G5963,G5325,G5390,G6034,G5964,G1939,G6074,G1937,G6131,G5338,G5945,G6091,G1741,G6038,G1968,G6062,G1943,G1941,G6028,G6082,G1779,G5342,G1984,G1940,G6079,G5474,G1974,G6039,G1942,G1773,G5944"
114.10,23.10,0.20,0.18,86,"G1784,G5437,G5438,G5393,G1988,G5439,G6066,G1957,G5326,G5406,G1779,G1741,G1927,G1946,G6065,G1908,G1720,G6086,G1773,G5412,G1780,G6067,G5341,G6073,G5390,G1980,G6115,G5327,G5397,G6063,G5957,G1965,G6025,G5361,G1914,G6064,G5340,G1941,G6068,G5394,G5398,G6022,G5325,G6113,G5391,G5404,G1951,G6114,G5392,G1939,G1991,G5359,G1940,G1925,G5357,G1972,G6070,G5436,G1705,G6117,G6074,G1786,G6069,G1986,GL251,G1977,G1774,G5388,G5395,G5425,G6040,59297,G5400,G5342,G5944,G6098,G1902,G1930,GL257,G1950,G5413,G5316,G6026,G5418,G1747,G5338"
114.10,23.20,0.20,0.18,65,"G5361,G5412,G1780,G5397,G1779,G5359,G1773,G1705,G5404,G5357,G1741,G5425,G5436,G5398,G5413,G1784,G5435,GL251,G5437,G5406,G1774,GL257,G5358,G5394,G5439,G5438,G5400,G1786,G5391,GL255,G5405,G5393,G1988,G5418,G5390,G1720,G1908,G5403,G5386,59297,G5392,G1941,GL254,G1957,GL256,G6025,G5389,G6066,G5360,G5388,G5326,G5341,G5395,G5429,G6065,G1927,G1946,G5422,G5325,G5432,G5430,G6022,G6064,G6073,G6086"
114.10,23.30,0.20,0.18,49,"G5358,G5403,G5435,G5413,G5386,G1705,G5359,G5425,G5429,G5432,G5357,G5436,G5361,G5360,G5431,G5430,G5384,G5404,G5397,GL251,G5412,GL257,G1780,G5383,G5405,GL255,G1774,G5550,G5385,G5398,G1779,G1773,G5416,GL254,G5434,G5400,G3147,GL253,G1786,GL256,G1741,G5418,GL252,G5433,G5394,G5424,G5363,G5389,G1775"
114.10,23.40,0.20,0.18,32,"G5431,G5432,G5385,G5384,G5383,G5403,G5386,G5429,G5550,G5430,G5433,G5358,G5360,G5543,G5435,G5413,G5416,G1785,G3147,GL706,G5425,G1705,GL705,G5434,G5359,G3268,G5357,G3150,G5551,G5405,G5436,GL707"
114.10,23.50,0.20,0.18,28,"GL706,G5385,GL707,GL705,G5433,G5542,G5431,G5383,G5564,G5550,G5384,G5563,G5432,G5551,G5543,G5552,G1755,G3150,GL710,G5429,G5553,G1785,G5403,G5386,G5430,G5549,G3148,GL709"
114.10,23.70,0.20,0.18,23,"G5541,G5542,G5552,G9727,GL709,G5553,G5544,G5563,G5556,GL707,G1753,G3369,G9728,G9530,GL708,G3421,GL710,59290,GL702,GL706,G5564,G1755,G5554"
114.10,23.80,0.20,0.18,22,"G1753,G5544,G9727,G3421,G5541,G5561,G9728,G3369,G1752,G1084,G1063,59290,G9530,G5556,GL704,G3424,G3106,G4651,G5545,G4658,GL708,GL709"
114.10,23.90,0.20,0.18,23,"G5561,G1753,G4658,G4651,G1084,G3421,G4659,G1423,G1752,G9728,G5544,GF807,GL704,G1476,G9727,G3368,G3369,G1063,GF808,G3424,GF801,59097,G9750"
114.10,24.00,0.20,0.18,24,"G4659,G1423,G4658,GF807,GF808,G4651,GF801,G4657,G4654,G1476,G4655,G1421,59097,G5561,G1084,GF800,G1753,GF809,GF091,G4652,G1478,GF802,G4559,G3421"
114.10,24.10,0.20,0.18,31,"G4654,G4657,GF808,GF801,GF802,GF807,G1423,GF091,G4659,G4634,G4655,G1421,59097,GF803,G4658,GF800,G1481,G9870,G4624,G4660,G1473,G4656,G1476,G4651,G1495,G4559,G4623,G9868,G4641,GF809,G9869"
114.10,24.20,0.20,0.18,39,"GF802,G9870,G1473,G4634,G4656,G4641,G9868,G1495,GF091,G9851,G4623,G4654,G4638,G4624,G1481,GF803,G9852,G9850,G4640,G9869,G4657,GF604,G1485,59094,G9853,GF607,GF801,GF808,G9866,G4660,G1499,G9867,G1488,GF600,G4644,G1486,G4655,G1421,GF807"
114.10,24.30,0.20,0.18,43,"G4641,G9851,G9850,GF604,59094,G4640,G9868,G1499,G4638,GF607,G4644,G9852,G9853,G9870,G1473,G1486,G1485,G1495,G9860,G4623,G4656,G4635,GF802,G4634,G9862,G9866,G4642,G9865,G9861,G1488,G4645,G9869,GF600,GF601,GF602,G1490,G9854,G4624,G4633,GF091,G9863,G1481,G9867"
114.10,24.40,0.20,0.18,45,"G9860,G4644,G4645,G1499,G9862,59094,GF601,G1486,G9861,G4633,GF602,GF604,G9850,G1490,G9856,GF607,G9853,G4635,G9854,G4640,G1485,GF603,G9851,G9863,G1484,G4643,G4641,G9852,G4642,G4638,G4636,G9865,G9868,G9864,G9857,G1494,G9855,G9859,G1542,G9866,G1473,G1495,G9870,G1488,G4623"
114.10,24.50,0.20,0.18,38,"GF603,G1484,G4643,G9856,G4633,GF601,G4645,G9859,GF602,G1494,G9862,G1490,G9861,G9857,G9860,G9864,G9858,G9863,G9854,G4644,G4636,G1486,G1499,G4646,59094,G4416,G9855,G4668,G4637,G1440,G4431,G4635,G1468,GF607,GF604,G9853,G9850,G4454"
114.10,24.60,0.20,0.18,34,"G9859,G4416,G1494,G4643,GF094,G1468,GF603,G1484,G4646,G4502,G1489,G1469,G4515,G9858,G4668,G4527,G1440,G4514,G9857,G1467,G4448,G4528,G9856,G4454,G4431,G4633,G4453,G4625,G9864,GF601,GF602,G4645,G1490,G4533"
114.10,24.70,0.20,0.18,28,"G4502,G1467,G1469,G1489,GF094,G4416,G4515,G4514,G4448,G1468,G4527,G4528,G4533,G4646,G4506,GF501,G4501,G9859,G4668,G4454,G1444,G4625,G1440,G4453,G1494,G9858,G4661,G4431"
114.10,24.80,0.20,0.18,33,"GF501,G4501,G4506,G1467,G4533,GF503,GF502,G4502,G1469,G1489,G4500,G4448,GF505,GF094,G1451,G4514,G4503,G4507,G4515,G4512,G4416,GF500,G4508,G4662,G1450,G1468,G4527,G1444,G4528,GF508,59090,G4622,G4504"
114.10,24.90,0.20,0.18,26,"GF503,GF505,GF502,G4503,GF500,G4507,G4508,G4662,G1451,G4501,G4512,59090,GF501,GF508,G1450,G4506,G4500,G4509,G4511,G4504,G1443,G4447,G4533,GF507,G4510,GF506"
114.10,25.00,0.20,0.18,30,"G4509,G1443,G4508,GF500,G4447,59090,G4662,G4511,GF505,GF507,G4507,G4503,GF503,GF502,G4512,GF508,G1451,GF506,GF412,G4505,G1450,G4450,G4504,G4510,57996,G4466,G4501,G1496,G4500,GF501"
114.10,25.10,0.20,0.18,26,"GF507,G4505,G1443,G4447,G4509,G4466,GF401,GF412,G4462,G1496,GF506,G4450,G4511,57996,GF411,G4460,G4414,59090,G4434,G4508,GF500,G4662,GF410,G4467,G4507,GF505"
114.20,22.40,0.19,0.18,25,"G1146,G1129,G3535,G3631,G3578,G3793,G3514,G3524,G3794,G1120,G3799,G1173,G3747,G3581,G3659,G3522,G3789,G3776,G3523,G3577,G3779,G1149,G3580,G1121,G3534"
114.20,22.50,0.20,0.18,86,"G3535,G3514,G3578,G1146,G3799,G3794,G3524,G3659,G1173,G3631,G3552,G1120,G3726,G1129,G3534,G3577,G3789,G3742,G3793,G3581,G1174,G3567,G3522,G1121,G3523,G3721,G3747,G1149,G1144,G3798,G3779,G3545,G3517,G1182,G1177,G3527,G3775,G3576,G3549,G3579,G3630,G3774,G3558,G3518,G3797,G3580,G3773,G1166,G3723,G1184,G3796,G3761,G3758,G3776,G1130,G3519,G3778,G1135,G1175,G3560,G3554,G1188,G1133,G3687,G1125,G3713,G1161,G3547,G3691,G3739,G3645,G3506,G3536,G3658,G3621,G1137,G3669,G3743,G3737,G3752,G3562,G3751,G3634,G3573,G3698,G3649"
114.20,22.60,0.20,0.18,138,"G1174,G1182,G3517,G3726,G1144,G3552,G3659,G3799,G1177,G3514,G3758,G3518,G3742,G3560,G1173,G3535,G3558,G3554,G3578,G3794,G3621,G3534,G3524,G3549,G3796,G3737,G3545,G3798,G1166,G3743,G1146,G1161,G3577,G1137,G3721,G3649,G3567,G3630,G1120,G5960,G3789,G3687,G3723,G3678,G3506,G3760,G1121,G3631,G3559,G3527,G3581,G1133,G3573,G3523,G3739,G3522,G1184,G1129,G1185,G1998,G3793,G3579,G1149,G1125,G1188,G3661,G3779,G3623,G3747,G1171,G3774,G3576,G3507,G1175,G6101,G3753,G3775,G3761,G3751,G3797,G3787,G3536,G6105,G3696,G3570,G1148,G1954,G1147,G3691,G3773,G6106,G1135,G3698,G6155,G1180,G5962,G6029,G3778,G3730,G3547,G3780,G3510,G3580,G1181,G3519,G3509,G1138,G3788,G3658,G1130,G3508,G3553,G6107,G3572,G3538,G3562,G3791,G1917,G3620,G6103,G3749,G3622,G6154,G3669,G3732,G6104,G3564,G3776,G3719,G3748,G5961,G3513,G6096,G3713,G3544,G3645,G6110,G3634"
114.20,22.70,0.20,0.18,154,"G3678,G3661,G3649,G6101,G1998,G1185,G3760,G1954,G5960,G6105,G6155,G3737,G3621,G3570,G6106,G3509,G3560,G6029,G3554,G3743,G3758,G3559,G1171,G5962,G6107,G3780,G3564,G5961,G1148,G1917,G6104,G1137,G3748,G3507,G1182,G6154,G1161,G3518,G6103,G3573,G3796,G6096,G3753,G3517,G3685,G3558,G3622,G1177,G1144,G1147,G1905,G1174,G3787,G6081,G3506,G6110,G3508,G6083,G3623,G3791,G3732,G1166,G3687,G5471,G3549,G3726,G3510,G3552,G3742,G3539,G3696,G1133,G3633,G6078,G3788,G3739,G1180,G3659,G3538,G1181,G3545,G6090,G3719,G3723,G3798,G3520,G3683,G3799,G1959,G3749,G1990,G3751,G3534,G3630,G1173,G3514,G6012,G3516,G3513,G1974,G6079,G3578,G1953,G3572,G1125,G6082,G3535,G3543,G3794,G3721,G6013,G3524,G1188,G1184,G3567,G3577,G3620,G3527,G1138,G3537,G3646,G5446,G5467,G6131,G3662,G3789,G1121,G1120,G1146,G3750,G3536,G5468,G1175,G6091,G3698,GB031,G1190,G3730,G5964,G3579,G3754,G3581,G3654,G3631,G3523,G3553,G1155,G3522,G5963,G6028,G3761,G1149,G6005,G3774"
114.20,22.80,0.20,0.18,110,"G3685,G6083,G6081,G1959,G5961,G5471,G1974,G3564,G3509,G6078,G1905,G6155,G6082,G6079,G1954,G6090,G3748,G6106,G6104,G6107,G6029,G6131,G5468,G5446,G5963,G1917,G6101,G6096,G6105,G3633,G3570,G6005,G6154,G3661,G5964,G6012,G1953,G6091,G3780,G5962,G3539,G6103,G1998,G1185,G1990,G3520,G6110,G5467,G3622,G3678,G6028,G3760,G1148,G3649,G3516,G5470,G1958,G1171,G5960,G3662,G6080,G6013,G3732,G3791,G6095,G3508,G3737,G1721,G1979,G1955,G3621,G3559,G1930,G3507,G3683,G1147,G6011,G5469,G3646,G3743,G3753,G3560,G5474,G3554,G5475,G3510,GB031,G6030,G3719,G6069,G3537,G3573,G6117,G3787,G3758,G1137,G3538,G3788,G3750,G1906,G5441,G1991,G1161,G3654,G3513,G3543,G3623,G6006,G3749,G1181"
114.20,22.90,0.20,0.18,91,"G1958,G5963,G6005,G6069,G1959,G1930,G1974,G5468,G6131,G6095,G6082,G5474,G5446,G1991,G6079,G5964,G6117,G6070,G5316,G6114,G6080,G5339,G6083,G1979,G6078,G6011,G6081,G6068,G6090,G6091,G3685,G5441,G5475,G5340,G5471,G6030,G5470,G1905,G6113,G1955,G1721,G5338,G6028,G1914,G6012,G6115,G5961,G1953,G5467,G3633,G6098,G5327,G3564,G1951,G5957,G5473,G3509,G3748,G5469,G1990,G1927,G6104,G5476,G3520,G5343,G6096,G1946,G5326,G3539,G6107,G6155,G3662,G6067,G5302,G1917,G6086,G1954,G5321,G6154,G5342,G5341,G6106,G6029,G6066,G3516,G6013,G6110,G5325,G6103,G6105,G6101"
114.20,23.00,0.20,0.18,73,"G6070,G6114,G5327,G5316,G6069,G5340,G5339,G6068,G1991,G5338,G5341,G5326,G1958,G5325,G6115,G1720,G5342,G1930,G1927,G6117,G1914,G5474,G1946,G5393,G6066,G5321,G6113,G5343,G5957,G6095,G5438,G5439,G6086,G6067,G5441,G5302,G5473,G1951,G6011,G5963,G1979,G6005,G5475,G1957,G6030,G6080,G6065,G5476,G6098,G1980,G1784,G5468,G5437,G5451,G6131,G1988,G1741,G6063,G5394,G5964,G1974,G5395,G1959,G5446,G5320,G6082,G6073,G6079,G1955,59298,G5337,G1721,G1965"
114.20,23.10,0.20,0.18,76,"G1720,G5341,G5439,G5325,G5394,G5327,G1741,G5438,G5393,G5395,G5326,G5342,59297,G1784,G6066,G5422,G1927,G5338,G5437,G5321,G5340,G6070,G1780,G1946,G6114,G5397,G5418,G6068,G5316,G1779,G5412,G6115,G5339,G5343,GL251,G6086,G1957,G5436,G1988,G6069,G6067,GL257,G1914,G1991,G5302,G1773,G5957,G5361,G6065,G5300,G1799,G6113,G5406,GL256,GL255,59298,G1705,G1908,G1980,G1712,G5473,G6117,G5405,G5359,G5320,GL254,G5474,G1797,G1930,G1958,G1951,G5337,G5305,G6073,G5322,G6063"
114.20,23.20,0.20,0.18,53,"GL251,G5394,GL257,G5418,G5436,59297,GL255,G1741,G5397,G5405,GL256,GL254,G1780,G5395,G5422,G1705,G5435,G5412,G5361,G5439,G5359,G1779,GL253,G1720,G5409,GL252,G1799,G1797,G1784,G5325,G1773,G5341,G5438,G5434,G5425,G5437,G5357,G5413,G5404,G1712,G5393,G5363,G5416,G5430,G5403,G5327,G5429,G5358,G5342,G5326,G5398,G5401,G5406"
114.20,23.30,0.20,0.18,53,"G5405,GL255,GL254,G5435,G5434,GL257,G5430,G5416,GL253,GL251,G5436,G5429,GL252,GL256,G5403,G5363,G1705,G5418,G5401,G5384,G5409,G5383,G5359,G5362,G5397,G5432,G5382,G5358,G5386,G1785,G5413,59297,G1783,G5361,G5431,G5425,G1780,G5394,G5433,G5385,G1797,G5412,G5422,G5357,G1741,G5381,G1787,G5395,G1799,G5427,G5404,G1779,G1748"
114.20,23.40,0.20,0.18,40,"G5383,G5430,G5433,G5384,G1785,G5429,G5416,G5385,G5434,G5403,G5382,G5381,G5431,G5432,G5401,G5363,G5362,GL252,GL253,GL705,G1783,G5435,G5405,G5386,G5365,GL254,GL255,G1748,G5549,G5427,GL257,G5358,GL256,G5409,G5550,G5436,GL251,G1705,G1787,GL707"
114.20,23.50,0.20,0.18,28,"GL705,G5433,G5549,GL707,G1785,G5385,G5383,G5563,G5365,G5381,G5384,G5553,G5542,G5353,G5546,GL706,G5430,G5431,G5382,G5429,G5416,G5432,GL702,G5356,G5362,G5403,G5434,G5367"
114.20,23.60,0.20,0.18,22,"G5563,G5553,GL707,GL705,GL702,G5546,G5542,G5549,G5554,G5556,G5541,G5540,GL706,G5353,G5365,G5433,G5552,G5367,G5356,GL703,G5364,G5547"
114.20,23.70,0.20,0.18,21,"G5556,G5553,GL702,G5541,G5554,59290,G5544,G5563,G5547,G5546,G5542,G5540,GL703,GL707,G5545,G1752,G1753,G1523,GL705,G5552,G5549"
114.20,24.00,0.20,0.18,23,"G1476,59097,G4655,G1421,GF807,GF801,GF800,G4658,G1423,G4659,G4657,G4559,GL704,G5561,G4669,G1752,GF808,G1475,G4651,G4654,GF806,G1481,G4653"
114.20,24.10,0.20,0.18,27,"G4657,G1421,G4655,GF800,GF801,59097,G1481,G4559,G4624,GF807,GF802,G1476,G1423,G4659,G4654,G4656,G4653,GF806,G1473,G4658,G4623,GF808,GP104,G4669,G1475,GF091,G4634"
114.20,24.20,0.20,0.18,38,"G4624,G4656,G1481,G4623,G1473,GF802,G4638,G9852,G1488,G9851,G4657,G4641,G9870,GP104,G9853,GF800,G4653,GF801,GF604,G4655,G1421,G4559,G1540,G4897,G4634,G4654,G4642,59097,G9868,GF806,59094,G9850,G4846,G1499,G1495,GF091,G1486,GP105"
114.20,24.30,0.20,0.18,35,"G9852,G4638,G9853,G1488,G4623,G4642,G9851,GF604,G4656,G1473,G1486,G1499,59094,G4641,G4624,G9850,G9860,G9854,G9861,G4897,G4644,G1481,G1542,G1490,G9870,GF802,G4640,G9868,GF602,G4645,GF607,GP107,G1485,G1495,G9855"
114.20,24.40,0.20,0.18,44,"G9854,G9861,G1490,G4642,G1486,GF602,G9860,G9853,G1499,G1542,G4645,G9855,59094,G9856,GF604,G9852,G4644,G1488,G4637,G4638,G9851,G9857,GF601,GP106,GP107,G4633,G9862,G9850,G4643,GF603,G1494,G4744,G4623,G1484,G4641,GP108,GF607,G1473,GP115,G9858,G4640,G4656,G4899,G4897"
114.20,24.50,0.20,0.18,31,"G9857,G1494,G9856,G1490,GF602,G4637,G9855,G9858,G4643,G9854,G9861,G4645,GF603,G4744,G1484,G1542,G9860,G4646,G4633,GP108,GF601,G9859,G1486,GP106,G4642,G1499,G9862,GP107,G9853,59094,G4644"
114.20,24.60,0.20,0.18,29,"G4646,G9858,G1494,G9857,G4515,G4514,G4448,G4416,G4643,G1489,G4637,G9859,GF603,G9856,G1444,G4744,G4502,G1484,GF094,G1469,G9855,G1467,GF602,GP108,G1490,G1468,G4645,G9861,G9854"
114.20,24.70,0.20,0.18,21,"G4448,G4514,G4515,G1444,G1489,G4646,G1467,G4416,G4502,G1469,G4506,GF094,G9858,GF501,G1494,G1468,G4500,G9857,G4501,G9859,G4527"
114.20,24.80,0.20,0.18,25,"G4506,G4500,GF501,G1444,G4448,G4514,G1450,G4501,G4515,G1489,G1467,G4503,G4507,GF505,GF503,G4502,G1469,GF502,GF500,G1441,GF094,GF504,G4416,G4646,G4513"
114.20,24.90,0.20,0.18,26,"G1450,G4500,G4507,G4503,GF505,G4511,GF500,GF501,GF503,GF504,G4506,G1441,G4508,GF502,G4513,G4501,G4509,G1443,G4662,59090,G1451,GF409,G4450,G4512,GF412,GF507"
114.20,25.00,0.20,0.18,30,"G4511,G1443,G4509,GF412,G4450,GF507,G1450,G4507,57996,GF500,G4503,GF409,GF505,GF504,G1427,G4508,G1434,G4468,G1441,G4466,G4500,GF503,G4662,G4447,G4434,59090,G4513,GF502,G1422,G4436"
114.20,25.10,0.20,0.18,28,"GF412,G4466,57996,GF507,G4450,G4434,G1443,G1422,G4509,G1407,G4511,G1434,G1427,GF409,G4467,GF400,G4468,GF410,GF401,G4460,G4436,G4505,G4447,G4432,G4463,G1435,GF500,G4507"
114.20,25.20,0.20,0.18,22,"GF410,G4467,G4466,G4460,G1435,G4434,GF401,G1407,G1422,57996,GF412,GF507,G4463,GF411,GF400,G4450,G4432,G4462,G1434,G1430,G4505,G1443"
114.30,22.50,0.20,0.18,53,"G3567,G3794,G3578,G3535,G3545,G3742,G3514,G3723,G3536,G1125,G3549,G3726,G1133,G1177,G3659,G3687,G3730,G3799,G3796,G3517,G3552,G1173,G1174,G3544,G3524,G3512,G1146,G1137,G1138,G3627,G1182,G3623,G1144,G3534,G3554,G1120,G3631,G3762,G3563,G3577,G3725,G3787,G3566,G3789,G1129,G3560,G3518,G1163,G3758,G3753,G3621,G1181,G3721"
114.30,22.60,0.20,0.18,99,"G3723,G1133,G1125,G3687,G3545,G3549,G3536,G3567,G3796,G1177,G3623,G3730,G3742,G1137,G3794,G1138,G3787,G3517,G3578,G3753,G3726,G3535,G1181,G3554,G3544,G3514,G1147,G3788,G3749,G1171,G3538,G3621,G1182,G1174,G3760,G3659,G3792,G3560,G3627,G1163,G3799,G3552,G3508,G3719,G3758,G1185,G1144,G3678,G3762,G3649,G3737,G1165,G1173,G3512,G3518,G3731,G3780,G3570,G3622,G3754,G3661,G3683,G3558,G3689,G3695,G3524,G5960,G3542,G3534,G3743,G1146,G1162,G3537,G6101,G1998,G3798,G1161,G1166,G3577,G3748,G3654,G1172,G1954,G1120,G6155,G3721,G3559,G5303,G3509,G3789,G3631,G3646,G3563,G3564,G3630,G6105,G3539,G1121,G3506"
114.30,22.70,0.20,0.18,118,"G1147,G3753,G3508,G1171,G3787,G3622,G3788,G3538,G3780,G3719,G1181,G3749,G3623,G3683,G3570,G1185,G1137,G3760,G3748,G3687,G3537,G3539,G3754,G1138,G3661,G3516,G3796,G1133,G3678,G3646,G3564,G3520,G3554,G3654,G3731,G3621,G3509,G3633,G3792,G1125,G3542,G6155,G3649,G3723,G3730,G3549,G1954,G6101,G1177,G3662,G3536,G3795,G5471,G3560,G3657,G3545,G3737,G1163,G3517,G5467,G3544,G1998,G5960,G6106,G6105,G5464,G3685,G3742,G3758,G1182,G5303,G3567,G5961,G1165,G6029,G3726,G3689,G5460,G3743,G3627,G3762,G1174,G6083,G5446,G3794,G3518,G6107,G1144,G3559,G3578,G5469,G3695,G5470,G6081,G5962,G6104,G5468,G3514,G3535,G1917,G1959,G3558,G3659,G5457,G3552,G1161,G5443,G1702,G6154,G1148,G1905,G1721,G3799,G6096,G6103,G3507,G3573,G3512"
114.30,22.80,0.20,0.18,97,"G3633,G3520,G3539,G5467,G3662,G3516,G5471,G3748,G5446,G5470,G3646,G3622,G3564,G5468,G5469,G3780,G1721,G3683,G3537,G3685,G3508,G3654,G3509,G3570,G1959,G5464,G3719,G6083,G3657,G3795,G6155,G1147,G1171,G3538,G3788,G1185,G1954,G3754,G5463,G5475,G3661,G5961,G3753,G6081,G3749,G5443,G1974,G3787,G5460,G1181,G3760,G6101,G3542,G5448,G6106,G5963,G5457,G3678,G3731,G5441,G6078,G6082,G5474,G1905,G6105,G1702,G6029,G6079,G3623,G5445,G5465,G6005,G6107,G1958,G6131,G3649,G6104,G6090,G1998,G1137,G5458,G1917,G5303,G3621,G3792,G6096,G1138,G5476,G3554,G6154,G5964,G5960,G5962,G3687,G3737,G5472,G3796"
114.30,22.90,0.20,0.18,75,"G5475,G5441,G1721,G5474,G5470,G5468,G5446,G5469,G5476,G5467,G5473,G5339,G1958,G5316,G3662,G3633,G5471,G1959,G5338,G5302,G5451,G3520,G5472,G5343,G5963,G5448,G3539,G6070,G3516,G6069,G5463,G3685,G1974,G6005,G6083,G5321,G3748,G3646,G3564,G6082,G5464,G5465,G6114,G1930,G5443,G5342,G6131,G5320,G1991,G6079,G6081,G5308,G6078,G5445,G6095,G3622,G3537,G3654,G3509,G5340,G3657,G5964,G5447,G3683,G6117,G5337,G6068,G3780,G5327,G5961,G3795,G5457,G6090,G5460,G5312"
114.30,23.00,0.20,0.18,59,"G5343,G5302,G5338,G5473,G5321,G5339,G5342,G5316,G5476,G5441,G5451,G5474,G5320,G5475,G6070,G5337,G5325,59298,G5327,G5322,G5341,G5300,G1958,G6069,G5312,G5472,G6114,G1719,G5308,G1721,G5305,G1720,G5340,G5315,G1991,G5452,G5470,G6068,G1716,G5468,G5395,G5446,G1710,G5326,G5469,G1930,G5323,G5306,G5439,G5963,G5344,G6117,G6115,G5422,G5393,G1927,G5448,G5394,G5307"
114.30,23.10,0.20,0.18,61,"G5342,G5395,G5300,G5321,G5325,59298,G5422,G5343,G5305,G5322,59297,G5337,G5320,G5302,G5338,G1799,G1719,G5341,G1716,G1712,G5394,G1710,G1720,G5452,G5323,G5327,G5451,G5473,G5418,G5312,G1797,G5439,G5339,G5316,G5301,G5306,G6070,G5476,G1741,G5315,G5396,GL256,G1714,G5311,G5441,G5326,G5474,G1711,G5438,GL251,G5393,GL257,G5409,G1798,G6114,G5308,GL255,G5307,G5340,GL254,G6069"
114.30,23.20,0.20,0.18,56,"G5422,G1799,G1797,59297,G5418,G5395,G1712,GL256,G5409,GL254,GL255,G5394,GL257,G5301,GL253,G5405,G5396,GL251,GL252,G1798,G5300,G5305,G5436,G5363,G1710,G1714,G1716,G5434,G5323,G5325,G5311,G5401,G1741,59298,G5322,G1787,G5342,G1719,G5452,G1783,G1720,G5416,G5439,G5362,G5397,G5435,G5341,G5321,G1711,G5337,G1705,G5417,G1780,G5306,G5427,G5320"
114.30,23.30,0.20,0.18,47,"GL252,G5363,GL253,G5409,G5401,G5434,GL254,G1783,GL256,G5362,G1787,G5416,G5405,GL255,G1797,G5382,G5427,G5418,G5417,GL257,G1748,G1799,GL251,G5430,G5422,59297,G5381,G5396,G1712,G1785,G1798,G5436,G5301,G5435,G1742,G5429,G5380,G1743,G5395,G1745,G5394,G5383,G5384,G1714,G1705,G5403,G5433"
114.30,23.40,0.20,0.18,43,"G5382,G5381,G5362,G1785,G5401,G1783,G1748,G5427,G5363,G5416,G5434,G5365,G1787,GL252,G1745,G5417,GL253,G5433,G5430,G5383,G5353,G5409,G1788,G1742,G5549,G5384,G5429,GL254,G5405,G5374,G5356,G5380,GL256,GL705,GL255,G5410,G5385,G5402,G5375,G5403,GL257,G1797,G1743"
114.30,23.50,0.20,0.18,42,"G5365,G5549,G5353,G5381,G5356,G1785,GL705,G5367,G5402,G5546,G5433,G5382,G1748,G5366,G5355,G5364,G1745,G5374,G5362,G1788,G5427,G1783,GL702,G5373,G5563,G5401,G5423,G5354,G5553,G5416,GL707,G5383,G1789,G5410,G5399,G5363,G5540,G5385,G5434,G5430,G1787,G5384"
114.30,23.60,0.20,0.18,27,"G5546,GL702,G5549,G5367,G5540,G5554,G5353,G5364,G5356,G5355,G5553,G5423,G5354,G5365,G5563,G5402,GL703,GL705,G5366,G5556,GL707,G5547,GP201,G1523,G5381,G5373,G5542"
114.30,23.70,0.20,0.18,26,"G5554,GL703,G5540,G5547,GL702,G5556,G5546,G1523,59290,GP201,G5545,G5553,G5423,GP203,G5364,G5354,G4975,G5367,G5544,G5563,G5355,GP202,G5549,G1752,G5541,G5353"
114.30,23.90,0.20,0.18,23,"GL704,G1752,G5545,G1476,59290,G4669,GP206,GP203,G1475,G5561,G1517,G1519,G5547,G5544,GP202,59097,G1523,G4559,GF800,G5556,G1421,G4655,G4658"
114.30,24.00,0.20,0.18,24,"G4669,G1475,G4559,G1476,GF800,59097,G4655,G1421,GF806,G1519,GL704,G4653,GF801,GF807,G4657,G1517,G1752,G4658,G1423,GP104,GF805,G4659,GP209,G1481"
114.30,24.10,0.20,0.18,24,"G4559,GF806,G4653,GF800,GP104,G1481,G4669,G1475,59097,G1421,G4655,G4846,G4624,GF805,G1540,G4657,GF801,G1476,G4740,GP105,G1519,GF807,G4656,G4623"
114.30,24.20,0.20,0.18,29,"GP104,G1540,G4624,G1481,G4846,G4653,G4897,GP105,G1488,G4623,GF806,G4740,G4656,GF805,G4742,G4559,G1473,G4638,G9852,GF800,G4657,G4642,G1421,G4655,GF802,G9853,59097,G4899,G9851"
114.30,24.30,0.20,0.18,32,"G1488,G4897,G4642,G4899,GP107,G9852,G4623,GP105,G4638,G1540,G4742,G1542,G9853,GP115,GP106,G4656,G4624,GP104,G9854,G4846,G1473,G1481,G1486,G9851,G4740,GF604,G1499,G9855,G9861,59094,G4653,G1490"
114.30,24.40,0.20,0.18,32,"G1542,GP107,GP106,G9855,G4642,GP115,G9854,G4899,G4637,GP108,G4744,G1488,G1490,G9861,G4897,G9853,G4748,GP113,GF602,G1486,G9852,G9857,G1499,G9860,G4638,G4645,G9856,G4742,G4896,59094,GF604,59096"
114.30,24.50,0.20,0.18,23,"G4744,G4637,GP108,G9855,GP106,G1542,G9857,G9858,GP107,G9854,GP115,G1490,G1494,G4748,GF602,G9861,GP113,G9856,G4646,G4642,G4899,G4643,G4645"
114.30,25.00,0.20,0.18,27,"GF409,G1427,G4468,GF504,G1434,G1441,G4450,G4513,57996,G4436,G4511,GF412,G1450,G1422,GF400,G4434,G4455,G1443,GF405,GF507,G1407,G4507,G4509,G4500,G4466,G4503,G4432"
114.30,25.10,0.20,0.18,29,"G1422,G1434,57996,GF400,G4434,G1427,G1407,G4436,G4468,G4450,GF409,G4432,GF412,G4466,G4463,GF405,G4455,G4459,G4467,GF507,G4511,GF410,G1443,GF504,G1431,G4464,GF406,G1441,G4509"
114.30,25.20,0.20,0.18,28,"G1407,G4463,G4467,G4432,G1422,G4434,GF400,GF410,G4459,G4466,GF406,G4435,G1430,57996,G1435,G4436,G1434,G4458,GF405,G4460,G4450,G1427,GF412,G4468,G1431,G4455,G4449,GF409"
114.40,22.50,0.20,0.18,45,"G3725,G3512,G3563,G3566,G1154,G3627,G1159,G1172,G3536,G3544,G3525,G3640,G1162,G3730,G3762,G3626,G1125,G3567,G1140,G3695,G3511,G3723,G1165,G3724,G1163,G3545,G1138,G1134,G3674,G1133,G3794,G3666,G3689,G3582,G3533,G3687,G3549,G3792,G3571,G3578,G3742,G3535,G3623,G3625,G3796"
114.40,22.60,0.20,0.18,73,"G3544,G3627,G3762,G3730,G3512,G1163,G1165,G3695,G1138,G3536,G3792,G1162,G3689,G1125,G1172,G3511,G1133,G3563,G1181,G3723,G3731,G3525,G3749,G3623,G3571,G3566,G3687,G3788,G3538,G3787,G3542,G3541,G3754,G5303,G3567,G3545,G1159,G3719,G3753,G3549,G3533,G1147,G1154,G3724,G3796,G1137,G3508,G3725,G1177,G3683,G3742,G3666,G3537,G3794,G3654,G1171,G1140,G3795,G3626,G3578,G3657,G3622,G3517,G3640,G3535,G3554,G3646,G3624,G3726,G3760,G3780,G3514,G5460"
114.40,22.70,0.20,0.18,86,"G3731,G3542,G3754,G3792,G5303,G3749,G3719,G3654,G3538,G3795,G3537,G3788,G1163,G1181,G3657,G3689,G3683,G1138,G1165,G3646,G3508,G5460,G1147,G5464,G3544,G3762,G3695,G3787,G3753,G3730,G3627,G3623,G1702,G3622,G5457,G3516,G1717,G3541,G3571,G3539,G5443,G1162,G3520,G1171,G3662,G3536,G1125,G3780,G1133,G3687,G1701,G3512,G5458,G3511,G1137,G3723,G3633,G5445,G1172,G3748,G5459,G5467,G5463,G3796,G3570,G1185,G3760,G5469,G3549,G3525,G3533,G5465,G3564,G5330,G3545,G5448,G5471,G3554,G1177,G3563,G3567,G5470,G3661,G3678,G3624,G3509"
114.40,22.80,0.20,0.18,69,"G5464,G5443,G3657,G5460,G3795,G5457,G5463,G3646,G3654,G1702,G3662,G5445,G3537,G5469,G5458,G3516,G5448,G5465,G5467,G3520,G3683,G3754,G3542,G3539,G5459,G5470,G1721,G1717,G3633,G5303,G3731,G3719,G3622,G3508,G3538,G5447,G3749,G3788,G3748,G5446,G1701,G1147,G5471,G1181,G3780,G3792,G5468,G5472,G5475,G5477,G3787,G3753,G3564,G3689,G5466,G1163,G1171,G1138,G5441,G3570,G1165,G5442,G5476,G3623,G5440,G5328,G3685,G3509,G3695"
114.40,22.90,0.20,0.18,60,"G5448,G5472,G5463,G5465,G5469,G1721,G5476,G5447,G5475,G5470,G5445,G5443,G5441,G5440,G5308,G5451,G5473,G5458,G5467,G3662,G5464,G5466,G5457,G5474,G5344,G1702,G5459,G5449,G5302,G5460,G5456,G5446,G3657,G5468,G3516,G5320,G3520,G5315,G5477,G3646,G5312,G5343,G5442,G3795,G3633,G3654,G3539,G5337,G5454,G3537,G5339,G5338,G5321,G1717,G5471,G5316,G5461,59298,G3683,G5322"
114.40,23.00,0.20,0.18,50,"G5451,G5308,G5320,G5312,G5337,G5315,G5476,G5472,G5473,G5302,59298,G5322,G5344,G1719,G5343,G5452,G5321,G5307,G5300,G5306,G5440,G5456,G5441,G5305,G1716,G5475,G5323,G1710,G5338,G5342,G5447,G5474,G5449,G5448,G5454,G5339,G5450,G1721,G5466,G5316,G5465,G5444,G5469,G5463,G1711,G5470,G1722,G5461,G5325,G5445"
114.40,23.10,0.20,0.18,45,"G5305,G1716,G1719,G5452,G1710,G5322,G5323,G5300,59298,G5306,G5337,G5312,G5320,G5315,G1711,G5307,G1712,G5311,G5301,G1714,G5451,G1799,G5321,G5302,G5396,G5308,G5343,G5342,G5422,G1798,G5344,G5395,G5473,G1797,G5476,G5345,59297,G5338,G5456,G5325,G5472,G5450,G1722,G5462,G5440"
114.40,23.20,0.20,0.18,51,"G5301,G5396,G1798,G1714,G1712,G5311,G1799,G1797,G1710,G1711,G5323,G1716,G5305,G5422,G5300,G5409,G5452,G5306,G1719,G1743,G1791,G5322,G1715,59298,G5395,59297,G1787,GL256,G5418,G1744,G5417,G5337,G5380,GL252,GL253,G5307,G5379,GL254,G5312,G5363,G1783,G5320,G5310,G5427,GL255,G5345,G1742,G5401,G5315,G5405,G5394"
114.40,23.30,0.20,0.18,46,"G1787,G5417,G1743,G5380,G5427,G1742,G1798,G1783,G5396,G5409,G1748,G1797,G1791,G1744,G5362,G5401,G5301,G5363,G5378,GL252,G1714,G1745,GL253,G1799,G1712,G5382,G5375,G5311,G1788,G5379,GL256,G5434,G5324,G1715,GL254,G5410,G5381,G5416,GL255,G5422,G5418,G5405,G1711,G1704,G5374,59297"
114.40,23.40,0.20,0.18,51,"G1745,G1748,G1788,G5427,G1742,G5417,G5410,G1787,G5380,G1783,G5374,G5375,G5362,G5382,G5381,G1704,G5378,G5401,G5399,G1743,G5365,G5324,G1789,G5363,G5376,G5373,G5353,G5356,G5371,G5402,G1785,G1744,G5366,G5350,G5411,GL252,G1746,G5434,G5409,G1791,G1749,G5372,G5416,GL253,G5352,G5419,G5414,G5367,G1798,G5549,G5407"
114.40,23.50,0.20,0.18,50,"G5402,G5356,G5366,G5374,G5353,G5373,G1789,G5367,G5365,G1788,G5399,G5355,G1745,G5410,G5414,G5371,G5364,G1704,G5372,G5354,G1748,G5381,G5411,G5549,G5423,G1796,G1749,G5375,G5376,G5369,G1742,G5427,G1746,G5382,G5546,G5370,G5417,G1785,G1783,G5362,G5408,G5378,G5350,G5380,G1787,G5324,G5419,G1794,G5540,G5368"
114.40,23.60,0.20,0.18,37,"G5364,G5355,G5423,G5354,G5367,G5402,G5356,G5366,G5540,G5369,G5353,G5414,G5546,G5373,GL703,G1789,G5554,G5549,GP201,GL702,G5365,G4975,G5374,G5372,G5371,G5370,G1796,G5399,G1523,G5411,G4843,G5547,G1749,G5408,G1788,G5410,G1704"
114.40,23.70,0.20,0.18,29,"GP201,GL703,G4975,G1523,G5540,G5423,G5354,G5547,G5554,GP203,G5364,GP202,G4843,G5355,GP200,G5367,GL702,G5369,G5546,G4734,G5556,G5545,59290,G5402,G5366,G5356,GP206,G5414,G4708"
114.40,23.80,0.20,0.18,21,"GP203,GP202,G1523,GP200,GP201,GP206,G4975,G5547,GL703,G5545,G4734,G1517,59290,G5540,G4843,G5554,GL704,G5556,GP210,G1752,G5423"
114.40,24.30,0.20,0.18,25,"G4742,G4897,G4899,GP105,G4847,G1540,GP115,G4896,GP107,G4740,G4846,59096,GP112,G1488,GP106,G4748,GP104,GP113,G4895,G1546,G1542,G4642,GF805,GP114,G4650"
114.40,24.40,0.20,0.18,26,"GP115,G4899,GP107,G4748,GP113,GP106,59096,G4896,G1542,GP114,G4847,GP108,G4897,G4742,G4744,G9855,G1546,G4637,G4845,G4642,GP110,G9854,G1488,GP105,G4895,GP112"
114.40,25.10,0.20,0.18,27,"GF405,G4455,G4436,GF400,G4459,G4432,G4468,G4464,G1422,G1434,G1431,G1427,G4463,G1407,GF409,G4434,57996,GF406,G4450,G4449,G4461,G4452,G4458,G4435,G1432,GF412,G4433"
114.40,25.20,0.20,0.18,29,"G4459,GF406,G4463,G4432,G4435,G4458,G4449,G1431,GF400,G4452,G1407,GF405,G1422,G4464,G4455,G4436,GF403,G1430,GF404,G4434,G4456,G4467,G4461,G4433,G1434,G4468,GF410,G1427,57996"
114.50,22.50,0.20,0.18,33,"G1154,G3725,G3640,G3626,G3566,G1159,G1140,G3563,G3674,G1134,G3582,G3525,G3724,G3666,G1172,G3625,G3512,G3533,G3511,G1162,G3668,G3627,G3571,G3762,G3695,G1165,G3541,G3544,G3624,G3689,G1163,G3730,G3536"
114.50,22.60,0.20,0.18,48,"G3511,G1172,G1162,G3533,G3525,G3571,G3724,G3541,G3695,G3563,G1159,G3512,G3762,G3666,G3566,G1165,G3689,G3627,G3624,G1140,G1154,G1163,G3625,G3626,G3544,G3792,G3725,G5303,G3582,G3640,G5330,G3674,G3730,G3731,G1134,G1138,G3542,G1701,G3536,G3754,G1717,G3749,G1181,G1125,G1718,G3788,G3538,G3795"
114.50,22.70,0.20,0.18,62,"G3541,G1701,G5303,G1717,G3571,G5330,G3689,G3695,G3542,G1165,G3731,G1702,G5460,G3624,G3511,G1163,G1718,G5328,G5457,G3762,G1162,G3795,G3792,G3754,G3657,G3533,G5459,G5458,G1172,G3627,G3654,G5464,G5443,G3525,G3544,G3537,G5445,G3512,G3724,G3749,G1138,G3719,G5317,G3646,G3538,G3683,G1181,G3788,G3666,G3730,G3563,G5463,G5465,G1159,G5477,G3566,G3508,G3516,G1147,G3787,G5313,G3625"
114.50,22.80,0.20,0.18,54,"G5459,G5458,G1717,G1702,G5457,G5445,G5443,G1701,G5460,G5465,G5477,G5463,G5328,G5464,G5447,G5448,G3657,G3795,G1718,G5442,G5303,G5466,G5330,G3654,G3542,G5317,G3537,G3646,G3754,G5313,G3731,G5469,G5440,G5449,G3541,G3662,G3689,G3683,G3516,G5472,G5336,G3571,G3792,G5461,G3719,G1721,G5467,G3520,G1165,G5470,G1163,G3624,G3695,G3749"
114.50,22.90,0.20,0.18,46,"G5447,G5466,G5440,G5449,G5442,G5477,G5465,G5448,G5445,G5456,G5472,G5454,G5461,G5458,G5459,G5463,G5344,G5308,G5443,G5457,G1702,G5444,G5450,G5460,G1733,G1717,G5315,G5469,G5464,G5476,G5451,G5328,G5312,G1721,G1722,G1701,G5313,G3657,G5307,G3795,G5470,G5475,G1718,G5473,G5320,G3662"
114.50,23.00,0.20,0.18,46,"G5344,G5456,G5454,G5308,G5450,G5440,G5315,G5449,G5444,G5307,G1722,G5312,G5461,G5472,G5466,G5306,G5447,G5452,G5337,G5455,G1719,G5451,G5320,G5442,G5322,G5345,59298,G1716,G5323,G5476,G1733,G5305,G1710,G5477,G5448,G1711,G5462,G5465,G5473,G5300,59492,G5302,GL504,G5463,G5343,G5445"
114.50,23.10,0.20,0.18,43,"G5307,G5306,G1711,G5345,G5452,G5323,G5315,G5462,G1722,G1716,G1710,G1719,G5311,G5450,G5455,G5312,G5305,G5322,G5344,G1714,G5444,G5310,G5337,G5456,59298,G5309,G5308,G5300,G5301,G5454,G5320,G1715,G5396,G1798,G1712,G5440,G5449,G5451,G5461,59492,G1791,G5472,G1799"
114.50,23.20,0.20,0.18,40,"G5311,G1715,G1714,G1711,G1791,G1798,G5310,G5396,G5301,G5379,G5345,G1744,G5309,G5462,G1743,G5323,G1710,G5306,G1716,G1712,G5452,G1703,G5305,G5307,G1719,G5380,G5455,G1799,G1797,G5322,G5300,G5378,G1722,G5417,59298,G5315,G1742,G5312,G5324,G1787"
114.50,23.30,0.20,0.18,40,"G1744,G1791,G1743,G5379,G5380,G5378,G1715,G5324,G1742,G5375,G1798,G5417,G5352,G5396,G1787,G1714,G5350,G5311,G5407,G5301,G5410,G5310,G1713,G5427,G1788,G1745,G5376,G1704,G1703,G1748,G1711,G5419,G5351,G1783,G5309,G1797,G1746,G1712,G5399,G5374"
114.50,23.40,0.20,0.18,48,"G5375,G5324,G5378,G1704,G5410,G5376,G5350,G1788,G1742,G5352,G5380,G5399,G1746,G1745,G5419,G5374,G5407,G5411,G1713,G1749,G1744,G5371,G1789,G1743,G5351,G5417,G5372,G5373,G1748,G1791,G5379,G5427,G1794,G1796,G1787,G5368,G5414,G5408,G5366,G5377,G1783,G5402,G1715,G5428,G5370,G5356,GP004,G5362"
114.50,23.50,0.20,0.18,52,"G5371,G1789,G5372,G5411,G5399,G5373,G1749,G1796,G5414,G1704,G1746,G5374,G5376,G5366,G5410,G5408,G5370,G1794,G5368,G1788,G5419,G5402,G5350,G5369,G5375,GP004,G1745,G5356,G5355,G5428,G5351,G5324,G5407,G5354,G5352,G1501,G1713,G5367,G1790,G5364,G5378,G1781,G1742,G5353,G5423,G5377,G5380,G1748,G1795,G5365,G1782,G4801"
114.50,23.60,0.20,0.18,45,"G5369,G5414,G5370,G5354,G1796,G5423,G5355,G5372,G5366,G5373,G5408,G5364,G5371,G1501,G1789,G5402,GP004,G5367,G5411,G1749,G4843,G4801,G5368,G5399,G1794,G5356,G4708,G4975,G5428,G1790,G5374,G1746,G1781,G1507,GP201,G1704,G5540,GP005,G5353,G5376,G5410,GL703,G5419,G1580,G1788"
114.50,23.70,0.20,0.18,34,"G4843,G4975,G4708,GP201,G5369,GP005,GP200,G4734,G5354,G5423,GP202,G1523,G4801,GL703,G4733,G1506,G5364,G4805,GP203,G5370,G5355,G5540,G4856,G5414,G1501,G1507,G5367,G1580,G1796,G5366,G1508,GP206,GP004,G5408"
114.50,24.30,0.20,0.18,24,"G4847,GP112,G4895,G4896,G4742,G1546,59096,G4899,GP111,GP114,GP105,G4650,G4740,G4897,GP115,GP113,G4748,G1540,G4845,G4893,G4846,GP103,GP107,GF805"
114.50,25.10,0.20,0.18,24,"G4464,G1431,G4455,GF405,G1432,G4461,GF408,G4433,G4459,G4436,G4452,G4449,G4432,GF407,GF400,G4468,GF406,G4463,G4451,G1422,G1434,G4458,GF404,G1427"
114.50,25.20,0.20,0.18,26,"G4452,G4449,G1431,G4461,G4433,GF404,G4464,G4458,GF406,G4456,G4459,G4435,G4451,GF405,G1433,GF403,GF407,G4463,G4432,G4455,G1432,GF408,GF400,G4465,G9885,G4436"
114.60,22.50,0.20,0.18,24,"G3582,G3674,G3625,G1134,G3668,G1140,G3626,G3640,G3666,G3724,G1159,G1154,G3725,G3566,G3533,G3525,G3563,G1172,G3624,G3511,G1162,G3571,G3512,G3541"
114.60,22.60,0.20,0.18,39,"G3624,G3666,G3625,G3533,G3724,G1140,G3511,G3571,G3541,G3525,G1159,G3582,G5330,G3626,G1172,G1162,G3674,G3566,G3563,G1134,G1154,G1735,G3640,G3695,G3668,G1718,G3512,G3689,G1701,G3762,G3725,G1165,G5335,G5328,G3627,G5317,GL510,G1163,G5303"
114.60,22.70,0.20,0.18,35,"G5330,G1718,G3624,G5328,G1701,G5317,G3541,G5336,G3571,G1717,G3533,G5313,G1735,G3511,G5303,G5459,G3724,G3666,GL510,G3689,G3695,G1162,G1702,G3625,G3525,G1172,G5458,GL512,G1165,G5457,G5477,G5460,G5521,G3762,G3542"
114.60,22.80,0.20,0.18,33,"G5328,G5313,G1718,G5317,G5336,G5477,G1701,G5459,G5442,G5330,GL509,G1717,G5458,G5466,G5521,G1702,GL512,G5445,G5457,G5447,G5465,G1733,G5443,G5460,GL505,G5449,G5461,G3624,G5463,G3541,G5303,G5448,G5440"
114.60,22.90,0.20,0.18,41,"G5442,G5461,G1733,G5477,G5466,G5449,G5454,GL509,G5313,G5440,GL504,G5447,G5444,G5456,GL505,G5459,G5450,G5328,G5317,G5336,G5504,G1739,59492,G5344,G5465,G5458,G1722,G5445,G1718,G5515,G5521,G5448,GL512,G1701,G5308,G1717,G5463,G5472,G1702,G5443,G5457"
114.60,23.00,0.20,0.18,34,"G5444,G5461,G5450,G1722,G5454,59492,G1733,G5455,GL504,G5456,G5449,G5504,G5344,G5440,G1739,G5466,G5345,G5442,G5307,G5515,G5462,GL508,G5308,G5315,G5477,G5447,GL505,GL509,G5517,GL506,G5309,G5306,G5312,G5472"
114.60,23.10,0.20,0.18,37,"G5455,G5462,G5345,G1722,G5309,G5450,G5310,G5444,59492,G5307,GL508,G5500,G5517,G1711,G5454,G1703,G5504,G5306,G5456,G5461,GL504,G1715,G5344,G5311,G5315,G1739,G1733,GL506,G5452,G5323,G5449,G5515,G1714,G5312,G1716,G1710,G1719"
114.60,23.20,0.20,0.18,25,"G5310,G5309,G1703,G1715,G5462,G5379,G5345,G1791,G5500,G5455,G1711,G1744,G5314,G5311,G5517,G1714,G1722,G1743,GL508,G1798,G5307,G5306,G5396,G5450,G5301"
114.60,23.30,0.20,0.18,28,"G5379,G1703,G1744,G1715,G5352,G1791,G5324,G1713,G5407,G5314,G5378,G5310,G5350,G1743,G5351,G5309,G5375,G5380,G5419,G5376,G5377,G1742,G1591,G1586,G1746,G1704,G5462,G1798"
114.60,23.40,0.20,0.18,49,"G1713,G5407,G5352,G5351,G5350,G5419,G5324,G5377,G5376,G1746,G5375,G1794,G1749,G5378,G1704,G1782,G5411,G5368,G5428,G5410,G1744,G5399,G5379,G5371,G5408,G1572,G5372,G1796,G5380,G1795,G1789,G1781,G1790,G1788,GP004,G1742,G1791,G1743,G5374,G5314,GP003,G1586,G1591,G5373,G5370,G1745,G1715,G1703,G5414"
114.60,23.50,0.20,0.18,45,"G1794,G5368,G5428,G5408,GP004,G1749,G1790,G1746,G1781,G5419,G1796,G5411,G5377,G5351,G5372,G1795,G5370,G1782,G1501,G5371,G5376,G1572,G5407,G5350,G1713,G5399,G1789,G5414,G1704,G5352,G5373,GP003,G1507,G4801,G5369,G5410,G5324,G5374,G5375,GP001,G5366,G1788,G5378,GP002,G1580"
114.60,23.60,0.20,0.18,43,"G1501,G4801,GP004,G5370,G1507,G1790,G5408,G1781,G5428,G5368,G1796,G5369,G1580,G1794,G4708,GP001,G1795,G5414,G5372,G4803,G1749,GP005,G5371,G5411,G4843,G1572,G1746,G4706,G1782,G5373,G1789,G5377,G1508,G5419,GP003,G5354,G5399,G5366,G5376,G5351,G5423,G5355,G1506"
114.60,23.70,0.20,0.18,34,"G4708,GP005,G4801,G4843,G1506,G4733,G1580,G1508,G4803,G1507,G4706,G4805,G4856,G1501,G1509,G4734,GP001,G4731,G4975,G5369,G5370,GP004,G1526,GP006,GP200,G1502,G1527,G1790,G1781,G5408,G5428,59293,G1796,GP202"
114.60,23.80,0.20,0.18,29,"G4805,G4856,G4733,G1506,G4734,GP005,GP210,GP006,G1508,G4708,G1509,G4731,G4843,GP200,GP214,G1526,G1527,GP213,GP208,G1502,G4706,GP202,G4803,G4975,G4969,59293,G1580,GP206,G4801"
114.60,23.90,0.20,0.18,27,"GP214,GP210,G4856,GP208,G4805,GP213,GP211,G4969,GP006,G1516,G4734,G4733,G1506,G1517,GP209,G1528,GP206,GP200,G4731,GP212,GP205,G1526,G1509,G1527,GP005,GP202,G1518"
114.60,24.20,0.20,0.18,22,"G4894,G4650,G1548,GP103,GP112,G1541,G4895,G4893,G4892,G1543,GP101,GP102,G4741,G4847,GP111,G4740,G1528,GP215,G1518,G4742,G1515,G1546"
114.60,24.40,0.20,0.18,22,"GP111,G1546,G4845,GP114,G1544,59096,G4898,G4896,G4895,G4891,G4847,G4893,GP110,GP112,GP113,GP109,G4748,GP102,GP103,G4759,G4862,G1543"
114.70,22.80,0.20,0.18,21,"G5336,G5521,GL512,G5313,GL509,G5317,GL505,G5502,G1718,G5328,GL510,G5503,G5330,G1735,G1733,G5477,G5442,G1701,GL516,GL513,GL504"
114.70,22.90,0.20,0.18,25,"GL505,GL509,G1733,GL504,G1739,G5515,G5521,G5313,G5504,GL512,G5502,G5336,G5461,59492,G5442,G5317,G5477,G5454,G5449,G5466,G5444,G5522,GL506,G5328,G1718"
114.70,23.00,0.20,0.18,24,"G5504,G1739,GL504,G5515,59492,G1733,GL508,GL506,GL505,G5517,G5444,G5461,G5455,G5522,G1722,G5450,GL509,G5454,G5500,G5449,G5462,G5345,G5456,G5442"
114.70,23.10,0.20,0.18,21,"GL508,G5517,G5500,GL506,59492,G5455,G5504,G5309,G5462,G1739,G5515,GL504,G5345,G1722,G5310,G1703,G5444,G5450,G5522,G1733,GL507"
114.70,23.30,0.20,0.18,21,"G5314,G1591,G1703,G1586,G1587,G1713,G5379,G5407,G5352,G5500,G5351,G5377,G5309,G5310,G1715,G1598,G1588,G1782,G5324,G1744,G5350"
114.70,23.40,0.20,0.18,32,"G5377,G1782,G1586,G1591,G5351,G1713,G5407,G1572,GP002,GP003,G5352,G5314,G5419,G1795,G1588,G5350,G5428,G1794,G5368,G1781,G1746,G1790,G1587,G1598,G5324,G5376,G4902,G1749,GP004,G4822,G5408,G1703"
114.70,23.50,0.20,0.18,41,"G1572,G1795,G1782,GP003,G5377,G1781,G1790,G5428,GP002,G5368,GP004,G1794,G5351,GP001,G1501,G5408,G1507,G1582,G4902,G5419,GP514,G1713,G5407,G1746,G1749,G1595,G4801,G5370,G1796,G1588,G1586,G4822,G5352,G5350,G1580,G5411,G1591,G5372,G5376,G4803,G5371"
114.70,23.60,0.20,0.18,32,"GP001,G1507,G1580,G4801,G1781,G1795,G4803,G1790,G1501,G1572,GP004,G5428,G4706,GP003,G1595,G1782,G5368,G5408,G1508,G1582,G4708,GP514,G5370,G1794,GP005,G5377,GP002,G4902,G1571,G1796,G1509,G1502"
114.70,23.70,0.20,0.18,31,"G4706,G4803,G1508,G1580,G1509,GP001,G1502,G4731,GP005,G1507,G4801,G1526,G4708,G1527,G1506,59293,G4733,G1571,GP006,G4856,G4805,G1501,G1595,G4843,G1790,G1781,GP213,GP510,GP004,G1795,G4973"
114.70,23.80,0.20,0.18,29,"G4731,GP006,G1526,G1509,G1527,G1502,G1508,59293,G1506,GP213,G4733,G4856,G4805,G4706,G4973,GP208,G4969,GP005,G4803,GP214,G4708,G1580,GP210,G1516,G1503,G1571,G4734,GP211,G4801"
114.70,23.90,0.20,0.18,27,"GP208,G4969,GP213,G1516,GP214,GP211,GP006,G4973,GP212,G1526,G1527,G4731,G4856,GP205,G4805,GP210,G1509,59293,G1502,G4733,G1506,GP204,G1518,G1508,G1503,GP218,G1521"
114.70,24.00,0.20,0.18,22,"GP205,GP211,GP212,G1516,G1518,GP204,GP208,G4969,GP214,G1521,GP218,G1515,GP213,G1528,G4892,GP215,G4971,G1512,G4894,G4973,GP006,GP210"
114.70,24.10,0.20,0.18,26,"G1518,G4892,G1515,GP204,GP215,GP205,GP101,G4894,G4971,G1541,GP212,G1548,G1521,GP218,GP211,G4741,GP219,G1528,G1516,GP103,G4970,G1543,G1512,G4739,G1545,G4650"
114.70,24.20,0.20,0.18,27,"G1541,G1548,G4892,GP103,G1543,GP101,G4741,GP215,G4893,GP102,G1515,G1545,G4894,G4971,G4743,G1518,G4970,G1547,GP204,G4650,GP219,G4895,GP112,G4898,G1554,GP305,G4739"
114.70,24.30,0.20,0.18,23,"G4893,GP102,G1543,GP103,G4898,G1548,G1541,GP111,G4743,G1554,G4741,GP305,G1545,G4895,G1547,GP101,GP112,G1546,G4892,G4831,GP303,G4759,GP215"
114.70,24.40,0.20,0.18,24,"G4898,GP111,G4759,G4893,GP102,G4756,G1554,GP303,G4862,G4754,G4831,G1544,G4845,G1546,G4833,GP305,GP109,G1543,G4891,G4743,GP103,G4895,GP114,G1557"
114.80,22.70,0.20,0.18,21,"GL510,G5503,GL513,G1735,G1706,G5335,GL512,GL511,GL516,G5521,G5519,G1734,G5336,G5502,GL503,GL502,G5506,G5317,G5415,G5510,G5523"
114.80,22.80,0.20,0.18,23,"G5502,GL512,G5521,G5503,GL516,G1734,GL513,GL505,G5336,GL510,GL509,G3656,G5313,G5519,G5317,G5506,G1126,G1116,G1735,GL503,G1124,G1706,G1194"
114.80,22.90,0.20,0.18,22,"G5502,GL505,G5515,G5521,G5522,GL509,G1739,GL512,GL504,G5504,GL516,G1126,G1734,G1733,G3656,GL506,G5313,G5336,G3655,59492,G5503,G1116"
114.80,23.40,0.20,0.18,21,"G1588,G1586,G1591,GP002,G1598,G1573,G4822,G1592,G1587,GP003,G4902,G1782,G4900,G1572,G1582,G5377,G5314,GP514,G1795,GL514,G5351"
114.80,23.50,0.20,0.18,24,"G4902,GP002,G1582,GP514,GP003,G4822,G1572,G1595,G1588,G1795,G1782,G1573,G5377,GP001,G1586,G1781,G1598,G4900,G1591,G1790,G5428,G4901,G1507,G1592"
114.80,23.60,0.20,0.18,25,"G1595,GP514,G1582,GP001,G4902,G1571,GP003,G4803,G1580,G4706,G1507,G1795,GP002,G1572,G4822,GP510,G4901,G1781,G1790,G4801,G1782,G1508,G1501,G5428,G1502"
114.80,23.70,0.20,0.18,27,"G1571,G4706,GP510,G1502,59293,G4803,G1595,G1509,G1527,G1508,G1526,GP001,G4731,G1580,G4735,G1507,G4973,G1503,GP006,G4736,GP514,G1576,G1582,G4801,GP509,GP005,G1506"
114.80,23.80,0.20,0.18,24,"59293,G1502,G4973,G1527,G1526,G1503,G4731,G1509,G4735,GP006,GP213,G1571,GP510,G1508,G4969,G4706,GP208,G4736,G4803,G1506,G4733,G1516,G4856,G1580"
114.80,23.90,0.20,0.18,24,"G4973,G4969,GP213,G1503,GP208,G1516,GP212,59293,GP006,GP211,G1527,G1526,GP218,G1521,G4735,G1502,G4731,GP205,GP214,G1512,G1509,GP204,G4968,G1504"
114.80,24.00,0.20,0.18,28,"GP218,G1521,GP212,GP204,G1512,GP205,G1516,GP211,G1518,G1515,G4971,G4969,GP216,GP217,GP219,GP208,G4968,GP215,G4973,GP213,G1513,G4739,G4892,G1503,G1522,GP214,GP101,G4970"
114.80,24.10,0.20,0.18,29,"G4971,G1515,GP215,GP219,G1521,GP218,GP204,GP101,G4892,G4739,G4970,G1512,G1518,G1513,GP205,G4741,GP216,GP212,G1545,GP217,G1541,G1520,G1548,GP211,G1516,G1514,G1543,G4968,G1547"
114.80,24.20,0.20,0.18,32,"G4741,G1545,GP101,G4970,GP215,G1541,G1547,G4971,G4892,G1543,GP219,G4743,G1515,G4739,G1548,GP102,GP103,GP305,G1520,G1556,GP304,G1513,G1554,G4893,GP204,G1521,GP306,GP218,G1518,GP216,G4752,G1512"
114.80,24.30,0.20,0.18,27,"G4743,GP305,G1554,G1547,GP102,G1545,G1543,G4741,G4831,G4898,G4893,G1541,GP304,G4933,GP103,GP303,G1556,G1548,GP101,G4970,G4755,G4754,G4756,G4759,GP215,G4892,GP306"
114.80,24.40,0.20,0.18,25,"GP303,G4831,G1554,G4754,G4756,G4759,GP305,G4898,G4833,G4743,GP102,G4755,G1559,G4933,G4862,G1547,59099,G4893,G1543,G4753,G1545,G1557,GP304,GP111,GP313"
114.90,22.70,0.20,0.18,30,"GL513,G5519,GL503,GL502,GL511,G5503,G1706,G5506,G5523,GL516,G1734,G3628,G1824,G1124,GL510,G1116,G1114,G3656,G1119,G5510,G5415,G3673,G3629,G5335,G1818,G1194,G1735,G3769,G5502,GL512"
114.90,22.80,0.20,0.18,41,"G1734,GL516,G3656,G1116,G1124,G5506,G5519,G1194,G1126,GL513,G1818,GL503,G5503,G5502,G3628,G3655,G3629,G1119,G1824,G5523,G3637,GL502,G1859,G3769,G1114,G3673,G1866,GL512,G1115,G5521,G3632,G1118,G3741,G1122,G1706,GL511,GL510,G1117,G1821,G3638,G3615"
114.90,22.90,0.20,0.18,32,"G1126,G3656,G3655,G1866,G1194,G1116,G5502,G1734,GL516,G1818,G5522,G1124,G3637,G3629,G3615,G3741,G5501,G1859,G1115,GL505,G1821,G5506,G1117,G1119,G3769,G3628,G5515,G5521,G1118,GL512,G3642,G3660"
114.90,24.00,0.20,0.18,28,"G1512,G4968,GP217,GP216,G1522,GP218,G1521,G1513,GP219,G1514,G4739,G4971,G4972,G1504,GP212,GP207,GP220,GP204,G1503,GP221,G1515,GP222,G1520,G4970,GP205,G4973,G1516,GP215"
114.90,24.10,0.20,0.18,30,"G1513,G4739,GP216,GP219,GP217,G1512,G1520,G4971,G4970,G1514,GP220,G1521,GP218,G1522,G4968,GP215,G1515,GP101,G4752,GP204,G1545,GP306,G4741,GP207,G1556,G4920,G4892,GP304,GP222,G1547"
114.90,24.20,0.20,0.18,31,"G4970,G1520,G4739,G1556,GP304,GP306,G1545,G1547,G4752,GP219,G1513,G4741,G4971,GP220,G4743,GP101,G1514,GP314,GP215,GP216,GP305,G4933,G1515,G4858,GP217,G1512,G4892,G4751,G1541,G1543,G1554"
114.90,24.30,0.20,0.18,29,"GP304,G1556,G4933,G1547,GP305,G4743,G4755,GP306,G1545,G1554,GP314,G4831,G4752,G4858,G4758,G4970,G1520,G4741,GP303,G1559,G4751,GP102,GP308,G4739,G1543,59099,G4754,G1552,GP101"
114.90,24.40,0.20,0.18,28,"G4755,G4831,G1559,G4933,GP303,59099,G4754,GP305,G1554,G4753,G4758,G4833,GP302,G4756,GP304,G4743,G1547,G4759,GP308,G4832,G1556,G4861,GP300,GP314,G4858,G1552,G4898,GP306"
114.90,24.50,0.20,0.18,25,"G4753,59099,G4832,GP300,G1559,G4754,G4833,GP302,GP303,G4861,GP313,G4756,G4757,G4831,G4755,G4759,GP307,G1550,G4862,G1557,G4933,G1551,GP312,G4758,G1554"
115.00,22.70,0.20,0.18,39,"G5523,G1824,GL502,GL503,G3628,G5519,G5506,G1114,G3673,G1119,G1124,G3769,G3629,G3632,GL511,G1116,G1734,G1122,GL513,G1818,G1118,G1194,G1859,GL516,G3656,G1706,G1127,G1115,G3638,G3735,G3637,G5503,G3665,G3655,G5415,G5510,G1826,G1117,G3670"
115.00,22.80,0.20,0.18,53,"G3629,G1124,G1119,G1818,G1116,G1194,G3769,G3628,G1859,G3673,G1114,G3656,G1824,G1115,G3637,G3632,G5506,G1118,G3655,G1122,G1734,G3638,G1126,GL503,G1117,G3741,G1127,G5519,G1821,G1866,G5523,G3660,GL516,G3735,G3670,G3665,G1826,G3755,GL502,G3615,G3642,G3613,GN040,GL513,G1123,GN006,G1864,GN007,G3652,G5503,G3644,G5639,GN008"
115.00,22.90,0.20,0.18,53,"G1866,G3655,G3615,G3741,G3637,G1126,G1194,G1821,G1818,G1117,G1859,G1115,G3629,G3656,G3642,G1116,G3660,G1864,G3755,G1123,G3670,G1118,G1124,G3638,G3769,G3644,G3632,G1119,G1122,G1127,G3673,G1128,G1734,G3735,G1826,GN040,G5501,G3665,G3628,G1114,GL516,G5639,GN006,G5506,GL501,G1824,G3613,GN002,GN007,GN005,GN004,G1707,G5522"
115.00,23.00,0.20,0.18,27,"GL501,G5501,G1707,G3615,G5512,G1866,G1864,G1128,G3644,G3741,G1123,G3642,G3655,G1126,G1821,G3637,G5522,G1117,GL507,G3755,G3660,G1194,G1115,G1859,G1818,G3670,G3656"
115.00,23.60,0.20,0.18,22,"G1597,G4901,GP508,GP509,G1576,GP505,GP507,G1581,G1578,G1594,G4824,59304,GP514,GP510,G1589,G1595,G1582,G4822,G4902,G1570,GP506,G1571"
115.00,24.00,0.20,0.18,23,"G1522,G4968,G4972,GP207,GP217,GP222,GP221,GP216,G1514,G1524,G1511,G1504,G1512,GP220,G1513,G4920,G4956,G4739,G1520,G1564,GP218,G1521,G4957"
115.00,24.10,0.20,0.18,28,"G1514,GP220,G1513,G4920,G1522,GP216,G1520,GP217,GP207,GP222,G4739,G4752,G4968,G1511,G1512,GP219,GP306,G4972,G1536,G4970,G1524,G4971,G1556,GP314,G4958,G1564,G4956,GP221"
115.00,24.20,0.20,0.18,27,"G4752,GP306,G1520,GP314,GP220,G1556,GP304,G4858,G1514,G4751,G4920,G4859,G1513,G4739,G1536,G4970,G1547,GP219,GP216,G4933,G1553,G1552,G1545,G4758,GP217,GP309,GP222"
115.00,24.30,0.20,0.18,28,"GP314,G4858,G4751,GP306,GP304,G1556,G4758,G4752,G4933,GP308,G1552,G4859,G4755,GP309,G4855,G1547,G1520,G1553,GP305,G4854,G1559,G4750,G4743,G4831,59099,GP220,G1536,GP302"
115.00,24.40,0.20,0.18,31,"G4758,GP308,G4755,GP302,G1559,G4933,59099,G1552,G4854,G4861,G4858,G4753,G1551,GP314,G4751,G4855,G4750,GP309,G4831,GP304,G4832,G1556,G4860,GP303,GP306,G4754,GP305,GP301,G4859,GP300,G4752"
115.00,24.50,0.20,0.18,30,"G4861,GP302,G4832,59099,G4753,G1551,G1559,GP307,GP300,GP301,G4757,G1550,G4860,G4755,G4758,G4854,GP308,G1558,GP311,G4754,GP312,G1590,G4933,G1552,G4833,GP310,G4831,GP303,G4750,GP313"
115.10,22.70,0.20,0.18,39,"G1114,G1824,G3673,G5523,G1122,G3632,G1119,G3628,G1127,G3769,G3735,G3652,G3665,G1118,G3613,G3638,G1826,GL502,GL503,G5506,G3629,G1859,G1115,G1124,G5519,GN007,G3670,G1818,GN040,GN008,G1813,G3660,G1117,G1116,GN006,G3637,G1194,GN009,G3755"
115.10,22.80,0.20,0.18,69,"G1127,G1122,G3735,G3632,G3638,G3665,G1118,G1826,G3613,G3769,G3670,G3673,G1115,G3660,G1859,GN040,G1117,G1119,G1114,G3652,GN007,G3755,GN006,G1821,G3629,G3637,GN008,G3741,G1824,G1818,GN005,G3642,GN009,G3628,GN010,G5639,G1124,G1194,GN012,GN004,G1123,G1116,G3655,GN015,G1830,GN013,GN016,GN014,GN002,G3615,G1864,G1813,GN011,G1866,GN003,G5506,GN001,G3644,G5523,G3656,G1803,GN017,GL503,G1126,G5519,G1128,G1734,GL502,GN030"
115.10,22.90,0.20,0.18,71,"G3642,G1123,G3755,G1864,G3660,G1821,G3644,G1117,G3670,G3741,G3615,G5639,GN040,GN006,G3638,GN002,G1128,G1826,G1115,GN005,G3637,GN004,G1118,G3735,G1859,GN007,G3665,G1127,G1866,G3613,G1122,GN010,GN001,GN008,G3632,GN015,GN009,G1803,G1882,GN003,GN012,G3655,G3769,GN016,GN014,G3629,G1818,G1194,GN013,G3652,G5625,GN017,G1119,G1830,G3673,G1126,GN011,G1116,G1124,GN037,G1114,G3656,G5623,G1813,GL501,G5678,G3628,G1824,G5512,GN030,G1816"
115.10,23.00,0.20,0.18,45,"G1128,G3644,G1864,G1123,G5512,GL501,G3615,GN037,G3642,G1707,G1882,G5625,GN002,G5639,G3755,G1821,G3741,G3660,G1866,G1117,GN001,G1803,G3670,GN004,G5509,GN005,G5501,GN006,GN040,GN015,G5623,G3637,G1825,GN003,G1115,GN010,GN014,GN016,G3638,G3655,GN007,G1826,GN009,G1859,G5678"
115.10,24.00,0.20,0.18,25,"G1524,G1511,GP222,GP207,G4972,GP221,G4956,G1564,G4957,G1522,G4925,G1510,G4920,G4958,G4974,G4968,G4926,G1514,GP220,GP217,G1504,G4715,G4718,G1536,GP216"
115.10,24.10,0.20,0.18,32,"G4920,GP222,G1511,G1536,GP207,G4958,G1564,G4956,GP220,G1514,G4919,G1524,G1522,G4715,G4718,G4972,G4835,G4752,G1520,G4926,G4859,G4814,59107,G1513,G4925,GP217,G4957,GP216,GP221,G4710,GP306,G1553"
115.10,24.20,0.20,0.18,30,"G1536,G4859,G4920,G4751,G1553,G4919,G4752,G4858,GP314,GP306,GP220,GP309,G4710,G4958,G4835,G4855,G1514,G1520,G1552,GP445,G1556,G4918,GP222,G4837,G1511,G1564,G4715,G4718,GP304,GP207"
115.10,24.30,0.20,0.18,30,"G4751,GP309,G4859,G4855,G4858,G1552,G1553,GP314,GP308,GP445,G4758,G4750,G4854,GP444,GP306,G4752,G4837,G1536,G4915,G1531,G1556,G4919,GP304,G4710,G4933,G4918,G4852,G4836,G4755,GP448"
115.10,24.40,0.20,0.18,33,"G4854,G4750,GP308,G1552,G4855,G4758,GP309,G4860,G1551,G4852,G1555,GP302,GP445,G4858,G4751,GP444,G4915,G4861,G4859,GP301,G1553,GP314,G1558,G4755,GP460,G4837,59099,G4839,G1531,G1559,G4933,G4910,G1567"
115.10,24.50,0.20,0.18,29,"G1551,G4860,GP301,G1558,G4861,G4854,GP302,G4852,G1555,G4750,G4863,GP310,GP307,GP308,G4910,G1590,G4758,G4832,G1552,59099,GP460,GP311,G4753,G1550,G4757,G1559,G4855,GP309,G4915"
115.10,24.60,0.20,0.18,21,"GP310,G1590,GP301,GP311,G1558,GP307,G1551,G4863,G4860,G1550,G4861,G4757,GP312,G4903,GP302,G4832,G1538,G4910,G1555,G4852,GP300"
115.20,22.70,0.20,0.18,35,"G3652,G1813,G3613,G3665,G3735,GN008,G1127,GN007,G5602,G1830,GN011,G1826,GN033,GN009,GN012,G1122,GN013,G1114,G3632,GN010,G3673,GN040,G5690,GN006,G3638,G1118,GN016,GN005,GN014,GN030,GN017,59501,G1824,G3769,G3670"
115.20,22.80,0.20,0.18,67,"G3652,GN008,G1813,G3613,GN007,GN009,GN012,G1830,GN011,GN013,GN010,G3665,GN006,GN014,GN005,GN016,GN040,G1826,GN017,G3735,GN015,GN004,GN003,G1127,GN030,G5639,GN001,G1803,G5602,G3638,G3670,G1122,GN002,G3755,G3660,G1118,G3632,G1117,G5601,G5604,G1816,GN033,G3642,G1115,G1821,G3769,G1123,G1814,G3673,G1854,59501,G5690,G1859,G1882,G1114,G5603,G3644,G3741,G1119,G5678,G1864,G5623,G1863,G3637,G5625,G3629,G1824"
115.20,22.90,0.20,0.18,68,"GN001,G1803,GN002,GN015,GN004,GN003,G5639,GN014,GN005,GN016,GN010,GN017,GN009,GN012,G1882,GN006,GN013,GN008,GN007,G1830,GN040,GN011,G5625,G5623,G1123,G1816,G3644,G5678,G5604,G3755,GN030,G3613,G1826,G1128,G3642,G1864,G3670,G3665,G3660,G3652,G1813,G3735,GN037,G1863,G1821,G3638,G1117,G1127,G1886,G5601,G3741,G1118,G3615,G5602,G1122,G1115,G1814,G1825,59500,G3632,G5603,G1859,G3637,G1854,G5605,G3769,G1817,G5622"
115.20,23.00,0.20,0.18,52,"GN037,G5625,G1882,G1128,G1825,G5623,GN002,G3644,G5678,G1803,GN001,59500,G5639,G1883,G1123,G1864,G1886,G5509,GN015,GN004,GN003,G1816,G5638,G5604,GN016,GN005,GN014,GN017,G3642,GN010,GN006,G3755,GN009,GN012,G5512,G1863,GN013,GN040,GN008,G1830,GN007,GN011,G3615,GN030,G1858,G3660,G3670,G1821,G1828,GL501,G5605,G1707"
115.20,23.10,0.20,0.18,28,"G5509,GN037,G1825,G1883,G1858,G5505,G5638,G5520,G5625,G1730,59500,G5637,G5512,GN036,G5516,G1882,G1128,G5642,G5623,GN039,G1707,G5508,G5511,GL501,GN038,G5678,G1886,G3644"
115.20,23.90,0.20,0.18,23,"G1510,G4974,G4957,G4925,G1525,G4927,G1524,G4713,G4737,GP221,G4940,GP400,G4926,G4956,G1565,G1564,G1511,G4972,G4935,G4934,G1505,G4938,GP222"
115.20,24.00,0.20,0.18,36,"G4925,G4956,G4957,G1564,G4926,G1511,G1524,G4713,G4958,G1510,G4938,G4927,G4715,G4718,GP222,G4934,G4974,G4814,G4928,GP207,G4935,59107,GP221,G4972,G1537,G4937,G1565,G4940,G4920,GP408,GP400,G4712,G1525,G4835,G4919,G4941"
115.20,24.10,0.20,0.18,36,"G4958,G4715,G4718,G1564,G4956,G4814,59107,G4919,G4835,G4926,G1536,G1511,G4938,G4920,G4710,G4928,G4925,GP222,G1535,G4941,G4921,G4934,G4957,GP207,G4713,GP424,G1524,G4937,G4939,G4918,G1537,G1553,G4712,G4935,G4955,G1568"
115.20,24.20,0.20,0.18,36,"G4919,G4710,G4835,G1536,G1553,G4918,G4859,G4958,G4836,G4715,G4718,59107,G1535,G4837,G4814,GP445,G4841,G4920,G1531,GP309,G4921,G4855,G4751,GP444,G1564,GP453,GP448,G4941,G4956,G4858,GP449,G4938,G4955,G4915,GP452,G4926"
115.20,24.30,0.20,0.18,37,"GP445,G4837,G1553,GP444,G1531,GP309,G4855,G4915,G4918,G4836,GP448,G4859,G4750,G4710,G4839,G1552,G4711,G4751,G4919,GP449,G4835,G4858,G1536,G4854,G4841,G4852,GP308,G1567,G1555,GP460,GP453,G1535,G4952,GP314,G4758,G4959,G4916"
115.20,24.40,0.20,0.18,36,"G4915,G4750,G4852,GP444,G1555,G4839,GP445,GP460,G4854,G1567,G4855,G1531,GP309,G4837,GP448,G4910,G4860,G1552,G4711,G4911,G1553,GP308,G4909,G1551,G4811,G1558,G4836,GP449,G4758,G4859,G4918,G4959,G4751,GP301,G4863,G4858"
115.20,24.50,0.20,0.18,31,"G1555,G4910,G4852,G1558,G4860,GP460,G4863,G4909,G1567,GP301,G1551,G4854,G4838,G4750,G4915,G4839,GP310,G4911,G1530,GP444,GP476,GP481,G4811,G4861,GP480,G4815,G4912,G4855,G1590,GP445,G1531"
115.20,24.60,0.20,0.18,25,"G4863,GP310,G1558,G4903,G1538,GP480,G4815,G4838,GP301,G1590,G4910,G1530,G4860,G4942,G4909,G1555,G1551,G4852,GP311,G4904,GP481,GP460,G4817,GP476,G4816"
115.30,22.70,0.20,0.18,25,"GN033,G5690,G5602,G1813,59501,G1808,G1854,G5616,G3652,G1814,GN011,G1830,GN030,G5601,G5603,GN032,GN013,G1807,G1805,GN012,GN008,G5618,GN009,G3613,GN017"
115.30,22.80,0.20,0.18,56,"G5602,G1813,GN030,59501,G1854,GN033,G1814,G5601,G5690,GN011,G1830,G5603,GN013,GN017,GN012,G5616,GN014,GN016,GN009,G5604,G5622,GN003,GN008,GN010,G3652,G1816,G1807,GN015,G1863,GN032,GN007,G1803,GN004,GN001,GN005,G1817,G3613,GN006,G1819,G5678,GN040,GN031,GN002,G5623,G5639,G1808,G3665,G1826,GN021,G1805,G5605,G1886,G3735,GN018,GN020,G1882"
115.30,22.90,0.20,0.18,71,"G5604,G1816,G1863,G5678,GN030,G5623,G5601,GN017,G1886,GN003,G5603,G1814,G1803,GN014,GN016,GN011,GN013,GN001,G1830,GN015,G1817,G5622,G5605,GN012,G1854,GN010,G5602,GN004,G5625,GN009,G1882,GN002,G1828,GN021,GN005,G1872,G1813,GN008,59500,GN031,59501,GN020,G5639,GN022,GN019,GN018,GN007,GN006,G1807,G1819,G5640,G1825,GN033,G5690,GN040,G5616,GN037,GN024,GN032,G5638,G3652,G3613,G1827,GN023,G1883,G3644,G1826,G1128,G1123,GN047,G3665"
115.30,23.00,0.20,0.18,62,"59500,G1886,G1825,G5623,G5678,G5638,G1883,G5625,G1828,G1816,G5605,G1863,G5604,GN037,G1872,G1882,G1820,GN022,G5642,G1803,GN001,G1817,GN019,G1858,GN021,GN036,GN020,GN003,GN017,GN002,GN015,GN030,GN014,GN016,GN018,G5601,G5509,G1827,G5622,GN004,G5637,GN024,GN031,G5603,G5639,GN013,G5624,G1128,G5640,GN010,GN023,G1881,G1814,GN011,G1830,GN005,GN012,GN041,G5520,GN009,G3644,GN039"
115.30,23.10,0.20,0.18,33,"G1883,G1858,G5638,GN036,G5642,G5637,G1825,G5520,59500,GN039,G1730,G5509,G5516,GN038,G1820,GN037,G1823,G1886,GL515,G1828,G1881,G5625,G5623,G5505,G5678,G1872,G1815,G5641,G5605,G1882,G1865,G5511,GN022"
115.30,23.20,0.20,0.18,24,"G5516,G1730,G5520,G5637,GN039,GL515,G1858,GN038,GN036,G5511,G5505,G5642,G1823,G5509,G1883,G5638,G5614,G1865,G1825,G1585,G1575,G1820,G5692,G5641"
115.30,23.30,0.20,0.18,21,"G1585,G5511,GL515,G5516,G1575,G1593,G1730,G5505,G5520,GN038,GN039,G5637,G4828,GP513,G5614,G5692,G1823,G1858,GN036,GP511,G1574"
115.30,23.90,0.20,0.18,25,"G4927,G4940,GP400,G1565,G4713,G4935,G4737,G1525,G4925,G1510,G4957,G4934,G4974,G1537,GP408,G4926,G4929,G5041,G4937,G1643,G4938,G4928,G4936,G4712,G4956"
115.30,24.00,0.20,0.18,40,"G4713,G4934,G4935,G4926,G4938,G1537,G4928,G4937,G4927,GP408,G1565,G4925,G4712,G4940,GP400,G1568,G4814,G4718,G4715,G4939,G4957,G4929,G4936,G4956,59107,G1564,G4941,GP424,G4958,G1510,G4921,G1611,G4924,GM410,G1511,G4974,G4955,G1535,G4835,G1524"
115.30,24.10,0.20,0.18,44,"G4814,59107,G4718,G4941,G4715,G4928,G4938,G4921,GP424,G4939,G1535,G4937,G4835,G4926,G4934,G1568,G4712,G4955,G1537,G4958,G4924,GP408,G4919,G1564,G4710,G4713,G4935,G4956,G1611,G4841,G4936,GP453,G4923,G4918,G4925,G4953,GP452,G4929,G4927,G1536,G4836,G1565,G4957,G1511"
115.30,24.20,0.20,0.18,44,"G1535,G4710,G4841,G4918,G4835,GP453,G4836,G4921,59107,G4955,GP452,G4919,G4814,G4941,G4953,G4718,G4952,G4715,GP424,GP449,G4837,G4923,G4939,G1531,GP448,G1553,G1563,G4924,G4916,G4928,G4711,G4958,G4938,GP445,G1536,G1568,GP444,GP456,G4712,G4922,G4937,G1611,G1532,G4926"
115.30,24.30,0.20,0.18,42,"G4836,GP448,GP449,G1531,G4711,G4837,G4918,G4841,G4952,GP444,G4916,G4839,GP453,G4915,GP445,G4959,GP452,G4710,G1553,G1563,G4811,G1535,G4953,G1567,G1561,G4911,G4835,G4717,G4919,GP309,G4855,GP460,G4921,GP456,G4750,G4951,G4955,G4923,G4913,G1534,G4852,G1555"
115.30,24.40,0.20,0.18,38,"G4839,G1567,G4911,G4811,G4711,G4915,GP448,GP460,G1531,G4959,GP444,GP449,G1555,G4852,G1561,G4909,G4910,G4837,G4913,GP445,G4916,G4836,G4717,G4750,G4952,G4912,G4918,GP476,G4838,G4714,G4855,G4841,GP309,G4854,GP481,G4951,GP453,GP452"
115.30,24.50,0.20,0.18,35,"G4909,G4910,GP460,G4838,G1567,G4911,GP476,GP481,G4912,G1555,G1530,G4811,G4852,G4863,G4839,G4913,G4714,G1566,G4915,G4947,G1558,G4815,GP480,G1561,G4959,G4860,G4711,G4942,GP448,GP444,G4945,G4946,G1531,G4750,G4816"
115.30,24.60,0.20,0.18,34,"G1530,G4838,G4815,GP480,G4942,GP481,GP476,G4863,G4909,G1538,G4816,G4912,G1566,G4817,G4910,G4813,G4904,G4903,G4947,G4908,G4946,G4945,G1558,GP460,GP310,G1555,G1567,G4906,G4911,G1560,G4719,G4714,G4943,G4852"
115.30,24.70,0.20,0.18,22,"G4817,G4904,G4942,G1538,GP480,G4815,G4813,G4719,G4903,G4816,G4906,G1530,G1560,G4838,G4905,GP481,G4908,G4863,G1566,GP476,GP310,G4943"
115.40,22.70,0.20,0.18,30,"G1808,G5690,GN033,G5618,G5616,G1805,G1801,59501,GN032,GN029,GN028,GN027,G1807,G1854,G5602,G5620,G1814,GN034,G5666,G5669,G5686,G5689,G5603,G1811,G1819,G5601,G1810,G5622,G1813,G1879"
115.40,22.80,0.20,0.18,52,"G5616,G1807,GN032,59501,G1854,G5690,G1814,G5603,GN033,G1819,G5622,G5601,G5602,G1805,GN034,GN031,G1817,G1808,GN028,G1801,GN030,GN021,G5620,GN018,G5640,G5618,G1863,GN020,G1822,GN029,G1813,G5604,GN019,G5605,G1816,GN024,GN011,GN023,GN047,G1830,GN022,GN017,GN027,GN013,G1834,G1827,G1872,G1880,G5666,G5669,G1828,G5678"
115.40,22.90,0.20,0.18,60,"G1817,GN021,GN031,G5622,GN020,GN018,GN019,G5605,G5640,G5603,GN022,G1863,G1819,G1872,GN024,G5601,GN023,G1814,G1828,G1827,G1807,GN047,G1854,G5604,G1886,GN032,G1816,G5624,G5616,G1847,59501,G5678,GN030,G1822,GN034,G5602,G5623,GN046,G5690,59500,G1834,GN041,GN033,GN017,G1820,G1805,GN011,G1873,GN013,G1830,GN003,GN014,GN016,G5638,G1803,G5620,G1880,GN001,GN015,G1813"
115.40,23.00,0.20,0.18,48,"G1828,G1872,GN022,G5605,G1820,GN019,G1827,G5624,GN020,G1886,GN024,GN041,59500,GN021,GN023,GN018,G5638,G5640,G1881,G1817,GN047,G1863,GN031,G1847,G5642,G5678,G1883,G1815,G1825,GN046,G1816,G5604,G5623,G5622,GN036,G5641,G1835,G5603,G5628,G1819,G1858,G5601,G1873,G5637,G5625,G1814,G1822,GN039"
115.40,23.10,0.20,0.18,39,"G5642,G1820,G1881,GN036,G1815,G5641,G1823,GN039,G5638,GN038,G5637,G1858,G1865,G1883,G5520,GN041,G5628,59500,G1828,G1730,G5516,GL515,G1872,G1825,G5624,G1835,GN022,G5614,G1886,G5605,G1827,GN019,G1856,GN024,GN020,GN023,G1847,GN053,G1841"
115.40,23.20,0.20,0.18,32,"G1823,GN038,GL515,GN039,G1865,G5614,G5637,G5516,G5520,GN036,G1730,G5642,G5641,G5692,G1858,G1815,G1881,G1851,GN054,G5628,G1856,G1575,G1820,G5638,G1883,G1585,GN051,G5511,G1885,GN053,G1876,G4828"
115.40,23.30,0.20,0.18,27,"G1575,G5692,G1585,GL515,G5614,G4828,GN054,G1593,G5158,G1861,G1823,GN038,G5516,G1851,G1865,GN039,G1730,G5520,G5637,G5511,GP511,GN050,G1569,G1876,GN036,G1874,GN051"
115.40,23.40,0.20,0.18,21,"G4828,G1575,G1593,GP511,G1585,G1569,G5158,G5129,GP512,G1861,G1642,GN054,G1574,G1584,G5692,GN055,GP502,G5614,G4821,GL515,GP513"
115.40,23.90,0.20,0.18,23,"GP400,G4940,G1565,G5041,G4929,G4935,GM405,G4927,GP408,G1643,G4936,G4713,G1537,G5040,G4737,G4934,GM410,G4937,G4712,G1568,G4928,G1525,G4938"
115.40,24.00,0.20,0.18,34,"GP408,G4936,G4929,G1537,G4712,G4937,G4935,G1568,G4934,GM410,G1565,G4928,G4939,G4713,G1611,GM405,G4940,GP424,G4938,GP400,G4941,G4927,G4924,G5040,G4926,G5041,G4921,G4955,G4814,59107,G4907,G4718,G4715,G4925"
115.40,24.10,0.20,0.18,44,"G4939,G4924,GP424,G1568,G1611,G4941,G4955,G4712,G4921,G4937,G4928,G4936,G4923,G1537,GP408,G1532,G1535,G4934,G4938,GM410,G4907,G4814,59107,G4953,G4929,G4935,GP453,G4718,G4715,GP452,G4841,G4713,G4922,G4926,G4835,G4840,G4954,GM255,G1563,GP456,GM401,G1565,GM405,G4710"
115.40,24.20,0.20,0.18,47,"G4953,G4923,GP452,GP453,G4955,G4841,G1563,G4921,G1535,G4952,G4924,G4922,GP456,G1532,GP424,G4941,G4840,G1534,G4916,G4939,G1611,G4836,GP449,G4918,G4907,G4954,G1568,G4710,GM255,59107,G4835,G4951,G4814,G4812,G4712,G4711,G4928,G4717,G4959,GP448,G4718,G4715,G4937,GP440,G4917,G4938,G4837"
115.40,24.30,0.20,0.18,45,"G4916,G4952,G1563,GP449,GP452,G4959,G4717,GP453,G4951,GP456,G4711,G4953,G4841,G1534,G1561,GP448,G4836,G4922,G4811,G4840,G4923,G4917,GP468,G1531,G4918,G4913,G4839,G1562,G4837,GP440,G4911,G4955,G1535,G4812,G1532,G4914,G4954,G4921,G4915,G4710,GP444,G5101,G1567,G4950,GM255"
115.40,24.40,0.20,0.18,42,"G1561,G4811,G4959,G4913,G4717,G4911,G4916,G4711,G4914,G4714,G4951,GP449,G4839,G1567,GP448,G1562,G4952,G1533,G4912,GP468,G4950,G4909,G1563,GP460,G1531,G4917,G4948,G4915,G1534,GP476,GP456,GP452,G4836,G4947,G4910,GP481,GP444,GP453,G4837,G4949,G4841,G5101"
115.40,24.50,0.20,0.18,36,"G4912,G4714,GP476,G4947,G4913,GP481,G4909,G1566,G4911,G4811,G4946,G4945,G4838,G1561,G4914,G1530,G1533,G1567,GP460,G4959,G4910,G4908,G4948,G4717,G4950,G4839,G4816,G5107,G4943,G4815,G1562,G4711,GP480,G4949,G1555,G4942"
115.40,24.60,0.20,0.18,33,"G1566,GP481,G4947,G4908,G4946,G4945,GP476,G4816,G1530,G4912,G4943,G4838,G4942,G4815,GP480,G4813,G1560,G4714,G4817,G4909,G4905,G4944,G4906,G1538,G4904,G4719,GM259,G4913,G4910,G4911,G4863,G1533,G5107"
115.40,24.70,0.20,0.18,25,"G4813,G4816,G1560,G4906,G4905,G4817,G4719,G4942,G4908,G4943,G4944,G4815,GP480,G4904,G1566,G1530,G4946,G4945,G1538,GP481,G4947,GP476,G4838,G4912,G4903"
115.50,22.70,0.20,0.18,28,"G5618,GN029,G1801,GN027,GN028,G5666,G5669,G1805,G5689,G5686,G1811,G1808,G1810,G5620,G1879,G5673,G5672,GN034,G5616,GN032,G1807,G5690,GN033,G1819,59501,G1880,G1822,G1854"
115.50,22.80,0.20,0.18,50,"GN034,G5620,G1805,GN028,GN032,G1819,G1801,G1807,G1822,G5616,G1880,GN029,G1834,G5618,G1879,G5672,G5673,G5669,G5666,GN031,GN027,G5622,G5640,59501,G1854,G1808,GN018,G5690,G5603,GN047,G1817,GN021,G1814,GN023,GN024,GN020,G1810,GN033,G5689,G5686,G1811,GN019,G5601,G1847,G1827,GN046,G1873,G1868,G5602,GN022"
115.50,22.90,0.20,0.18,49,"GN047,G1822,G5640,GN023,GN024,G1834,G1847,GN018,GN031,G1827,GN046,GN020,G1819,GN019,GN021,G1873,G5624,GN034,G1880,GN022,G1817,G5622,G1807,G1872,GN032,G5605,GN041,G5620,G5626,G1828,G5603,G5616,G1805,G1868,G1892,G1814,GN028,59502,G5601,G1854,G1863,59501,G1835,G1801,G1886,G5672,G5673,G1820,G1879"
115.50,23.00,0.20,0.18,45,"GN041,G5624,G1847,GN046,G1827,GN047,GN023,GN024,G1873,G1835,GN022,GN019,G1881,G5640,GN020,G1872,G5626,GN018,G1820,G1815,G1828,GN021,G5628,G5605,GN031,G1834,G1822,G5641,G5607,G1817,G1832,59502,G1841,G1892,G1848,G1819,GN048,G5642,G1886,G5622,G1880,G5638,GN053,59500,G1863"
115.50,23.10,0.20,0.18,42,"G1815,G5628,G5641,G1881,G1835,GN041,G1865,G1841,GN053,G1848,G1820,G1856,G1823,G5624,G1885,G5642,G1832,GN052,G5607,GN036,GN038,G1847,GN046,G5614,G1827,GN048,G5626,GN051,GN039,GN022,G1873,G1872,G1828,G1851,GN023,GN024,GN047,G5637,G5638,G1876,GN019,G1858"
115.50,23.20,0.20,0.18,39,"G1865,G1856,G5614,G1851,G5641,G1823,GN051,G5692,G1885,GN053,GN052,G5628,G1876,G1815,GN054,G5613,G1848,G1841,G1881,GN038,GN050,GL515,G5679,GN039,G1835,G5642,GN036,G1861,G5637,G1874,G1853,G1820,G1575,G5516,G5615,G5520,G1832,G1802,GN041"
115.50,23.30,0.20,0.18,30,"GN054,G5692,G1851,G1861,G5614,GN050,G1876,G4828,G5158,G1874,GN051,G1575,G5613,G1856,G1865,G5615,GN055,G5679,G1885,G1852,G1823,G1802,GN052,GL515,G1585,GN053,G5641,GN038,GN056,G5129"
115.50,23.40,0.20,0.18,26,"G5158,G1861,G4828,GN055,G5129,GN054,G1874,G1569,G1575,G1852,G1862,GN056,GN050,G5692,G1642,GP511,GP512,G1851,G5615,G1585,G1593,G1584,G5614,G1876,G1802,G5613"
115.50,23.50,0.20,0.18,21,"G5129,G1642,G1569,G1584,GP512,GN055,G5158,G1862,GP511,G1647,G4828,GN056,G1861,G1577,G1852,GP502,GM403,G1874,G1614,GV314,G8923"
115.50,24.00,0.20,0.18,28,"GM410,GM405,G5040,G4936,G4929,G1611,GP408,G1640,G4712,G1568,G1645,G4907,G1537,G4937,G4924,GM401,G4935,G4939,G5041,G1565,G4934,GP424,G1532,G4940,GP400,G4928,G4941,GM406"
115.50,24.10,0.20,0.18,37,"G4907,G1611,G1532,G4924,GM401,GM410,G4923,GM255,G1568,G4936,G4954,G1645,G4939,G4955,GP424,G4712,G4840,G4922,G4929,G4941,59109,GP408,G4953,G4937,G4921,GM405,G1537,G5040,G4812,GP456,G4928,GP452,G1534,G5102,G1563,G4934,GP453"
115.50,24.20,0.20,0.18,38,"G4840,G4922,G4954,G1532,GM255,G4923,GP456,G4812,G4907,G1534,G4953,G1563,GP440,59109,G4924,GP452,G4955,GM401,G1611,G4917,GP453,G4951,G4952,GP468,G5102,G4916,G4841,G4921,G5101,GP424,G4939,G4941,G1568,GM253,G1535,G4717,G1645,G5110"
115.50,24.30,0.20,0.18,39,"G1534,G4951,G4917,GP456,GP468,GP440,G1563,G4922,G4840,G4812,G5101,G4717,G1562,G4916,G4954,G4952,G4953,GP452,G1561,GM255,G4950,G4959,G4923,G4914,G1532,GM257,GP453,GP449,G4913,59109,G5127,G4841,G1533,G4711,G4949,G4948,G4811,G4907,G5100"
115.50,24.40,0.20,0.18,35,"G4914,G1562,G4950,G1533,GP468,G4717,G4913,G4951,G1561,G4948,G4917,G4949,GM257,G5101,G4714,G4959,GP440,G5100,G1534,G4916,G4811,G5107,GP456,G1563,G4911,GM258,G4812,G4952,G5127,G4912,G4711,G4922,G4947,GP449,G4840"
115.50,24.50,0.20,0.18,30,"G1533,G4714,G4948,G4914,G5107,G4947,G4949,G4950,G4946,G4945,G4913,G4912,G1566,G1562,GM258,GP476,G1561,GM259,GM257,GP481,G4908,G5100,G4943,G4717,G4811,G4911,GP468,G4959,G4909,G4951"
115.50,24.60,0.20,0.18,25,"G4945,G4946,G4943,G4908,G4947,G1566,GM259,G5107,G4944,G1560,G4714,G4816,G4912,GP481,GP476,G4905,G1533,G4948,G4813,G1530,G4949,G4914,GM258,G4942,G4838"
115.60,22.80,0.20,0.18,37,"G1880,G5673,G5672,G1879,G5620,G1834,GN028,G5666,G5669,GN034,G1822,G1868,GN029,G5643,G1801,G1843,G1805,G1810,GN027,G5618,G5686,G5689,G1811,G1819,G5668,G5667,G1892,GN032,G1873,G1807,G5636,GN046,GN047,59502,G5640,G5616,G1847"
115.60,22.90,0.20,0.18,43,"G1834,G1868,G1880,G1873,G1892,G1822,59502,GN046,G5626,G1847,GN047,G1843,G5643,G5635,GN023,GN034,G5640,GN024,G5620,G1827,G5624,GN018,G1819,G5672,G5673,G5668,G5667,G5607,GN031,GN020,GN041,G1879,GN019,G5636,GN021,G5608,GN028,G1835,GN025,G1832,GN022,G1845,GN048"
115.60,23.00,0.20,0.18,43,"G5626,G1873,59502,G5607,G1892,GN046,G1832,G1835,GN048,G1847,GN041,G5624,G1841,G5635,GN047,G1868,G1834,G1848,G1836,G5628,GN025,G1827,GN044,GN023,G1870,GN024,GN026,G1822,G1815,G1880,GN053,G5632,G5608,G1881,G5640,GN019,GN018,GN022,GN020,G5641,G1843,G1875,G1849"
115.60,23.10,0.20,0.18,37,"G1841,G1848,G1832,GN053,G1835,G5607,GN048,G5628,G1885,GN052,G1856,G1870,G1875,G1815,G1853,G5626,G5641,GN044,GN041,G1881,GN051,G5632,G1836,59502,GN026,G5679,G1865,G1873,GN046,G1876,G5613,GN025,G1892,G5624,G1847,G1851,G5629"
115.60,23.20,0.20,0.18,38,"GN052,G1885,GN051,G1856,GN053,G5679,G5613,G1876,G1848,G1853,G1841,G1851,GN050,G1875,G1802,G5628,G5629,G1865,G5615,G1832,G1850,G5641,G5614,GN048,G5692,G1835,GN054,G1870,G1874,G1815,G5607,G8906,G1823,G1884,G9013,G1860,G1881,G1861"
115.60,23.30,0.20,0.18,35,"GN050,G5615,G5613,G1874,G1876,G1802,G5679,GN051,G1851,G1852,GN054,G1850,G1861,GN052,G1885,G1860,G1856,G5692,GN055,G5629,GN056,G1853,G5158,G5614,GN053,G1862,G2967,G1884,G5630,G4828,GN035,G1865,G1848,G1875,GV312"
115.60,23.40,0.20,0.18,29,"G1852,GN055,GN056,G1862,G1874,G5615,G1861,GN050,G5158,G1802,GV314,G2932,G2967,G8923,GN054,G1860,G5129,G1850,G4828,G5613,GV312,G1876,G5630,G1851,G2935,G5679,GN051,G5692,G1569"
115.60,23.50,0.20,0.18,23,"G1862,GN056,GV314,GN055,G8923,G2932,GM403,G1852,G5129,G1642,G1614,G5158,G2967,G8935,G1874,G1647,G1861,G2935,G1648,G1569,G1584,GV312,G5615"
115.60,24.00,0.20,0.18,21,"G1640,G1645,G5040,GM406,G1609,GM405,GM410,GM401,G5224,G1634,G5128,G4907,G4936,G4929,G1649,59303,G1611,G1644,G5113,G1633,G5110"
115.60,24.10,0.20,0.18,31,"GM401,G1645,G4907,59109,GM255,G1634,G5110,GM253,G5102,G4954,G1532,G1633,G5126,GM410,G1609,G5109,G5113,G1611,GM406,G1640,G4812,G4840,GM254,G4924,G5040,G4922,G4923,G1630,GM260,GM405,G4936"
115.60,24.20,0.20,0.18,36,"59109,GM255,G4954,G5102,G4812,GM253,GM401,G4840,G5110,GP440,G1630,G4907,G1532,G4922,G5126,G1534,GP456,GM260,G1645,G1633,G5101,G4917,G1635,GM254,G1634,G5109,G5127,G4923,GP468,G1636,G1563,G4951,G5124,G4953,G5113,G1611"
115.60,24.30,0.20,0.18,34,"G5101,GP440,G4812,G4917,G5127,GP468,G1630,GM257,G1562,G1534,59109,G4840,G4954,G4951,GM255,G5102,GP456,G4922,G4950,G5100,G1635,G5124,GM253,G5108,G4949,GM260,GM256,G1563,G4717,G4914,G5110,G1532,G4948,G1533"
115.60,24.40,0.20,0.18,28,"GM257,G5100,G4950,G4949,G1562,G5101,G4948,GP468,G5127,GM258,G1533,G4914,G5108,G4917,GP440,G1637,G5107,G4951,G4717,G4812,GM256,G1534,G4913,G4714,G1561,G1630,G5124,G5104"
115.60,24.50,0.20,0.18,25,"G5107,GM258,G4949,G4948,G5100,G1533,G4950,GM257,G4914,GM259,G1637,G5108,G1562,G4714,G5212,G4945,G4946,G4947,G5104,G5101,GP468,G4913,GM262,G5127,G4943"
115.70,22.70,0.20,0.18,21,"G5673,G5672,G1879,G1810,G5666,G5669,G1811,G5686,G5689,G5671,G5670,G5643,G5667,G5668,G1843,GN027,GN029,G1804,G5636,G5620,GN028"
115.70,22.80,0.20,0.18,27,"G5643,G1843,G5668,G5667,G5636,G1868,G5672,G5673,G1804,G1879,G1880,G5670,G5671,G1845,G5635,G5669,G5666,G1892,GN045,G1834,G5620,59502,G1810,GN049,G1822,GN043,GN028"
115.70,22.90,0.20,0.18,31,"G1868,G1843,G5635,G5643,G1892,G5667,G5668,59502,G5636,G1845,G5608,GN049,GN025,G5626,G1880,G1849,GN045,G1873,G1834,G1804,G1836,G1844,GN026,GN044,G5607,G1822,GN046,GN048,G5631,G5673,G5672"
115.70,23.00,0.20,0.18,34,"GN025,G1836,G5635,59502,GN044,GN026,G5608,G1892,G5607,GN048,G1849,G5632,G5626,G1832,G1870,GN049,G1845,G1868,G1873,G1844,G1843,G5643,G1875,G1841,G1835,G1848,G5636,GN046,G5667,G5668,G1838,G1840,G1834,GN045"
115.70,23.10,0.20,0.18,35,"G1870,G5632,GN048,G1875,GN044,G1832,G1836,GN026,G5607,G1853,G1848,GN025,G1841,GN053,GN052,G9013,G8906,G1849,G1885,G5629,G5608,59502,G1835,G5626,G5635,G2902,G5679,G1856,G1892,G5628,G8908,GN051,G5613,GV213,G1838"
115.70,23.20,0.20,0.18,38,"G1853,G5629,G1875,G8906,G5679,G9013,G1850,GN052,G1884,G5613,G1885,G1870,G1802,GN051,GN053,G1848,GV213,G1876,G1841,G5632,G1860,G2902,G1856,GN048,G5615,G1832,GN035,GN044,GN050,G5607,GN026,G8902,G1851,G1836,G8908,G2981,G5630,G1874"
115.70,23.30,0.20,0.18,38,"G1850,G1860,G1802,G1884,G5615,G5629,GN035,G5679,G5630,G5613,G2967,GN050,G8906,G1852,G1874,G1853,GV312,G1876,G9013,GN051,GV213,G8902,GN056,GN052,G2935,G1875,G1885,G1851,G8931,G2932,GN055,G1862,G8925,GV314,G1856,G2902,G1861,G8923"
115.70,23.40,0.20,0.18,35,"G2967,GV312,G5630,G2932,G2935,GN056,GV314,G1860,G1852,G8923,G1862,G5615,G1802,GN035,G1850,G1874,G8936,GV306,GN055,G8933,G8935,G2939,G1884,59306,GN050,GV310,GV313,G8931,G8925,G8926,G5629,G5613,G5679,G2960,G1861"
115.70,23.50,0.20,0.18,25,"G8923,GV314,G2932,G8935,G2935,G8936,G8933,G1862,GN056,G2967,G8926,GV312,GM403,GV306,G1648,G1852,GV310,G2933,G2939,G5630,59306,GN055,G1614,G1860,GV309"
115.70,23.80,0.20,0.18,21,"G1615,GM409,G5131,G5128,G1646,GM407,G5148,G1613,G1649,G1612,59303,G5224,G1610,GM408,G1644,G1648,G1640,GM402,GM404,G1614,GM406"
115.70,24.00,0.20,0.18,25,"G1609,GM406,G5224,G1644,G1640,G1634,G1649,59303,G1645,G5113,G1633,G1638,G5109,G5148,G5128,G5126,GM401,G5110,G5040,G5106,GM251,G5105,GM253,G1632,G5111"
115.70,24.10,0.20,0.18,29,"G1634,G1633,G5113,G5126,G5109,G5110,GM253,G1645,GM254,G5102,G5105,GM401,G1609,G1638,G1636,59109,G5111,GM406,GM260,GM251,G1630,G5106,G1635,GM255,G1640,G4907,G1644,G4954,G5224"
115.70,24.20,0.20,0.18,31,"GM253,G5102,G5110,GM260,GM254,G1630,G5126,G1635,G1636,G1633,G5109,59109,G1634,G5105,G5124,G5113,G5111,GM255,GM401,G4812,G5127,G5103,G4954,G1645,GM256,G1638,GP440,GM252,GM251,G5101,G4840"
115.70,24.30,0.20,0.18,32,"G5124,G1630,G5127,G1635,GM256,GM260,G5108,G5102,G5101,G5103,GM102,GM253,GM254,GP440,G1636,GM257,59109,G4812,G5100,G5110,G1637,G5009,G4917,G5126,GP468,G5109,G1633,GM255,GM252,G1562,G4954,G5105"
115.70,24.40,0.20,0.18,31,"G5108,G1637,G5100,G5127,GM256,GM257,G5104,GM258,G5124,GM102,G5009,GM262,G4949,GM551,G5212,G5101,GM104,G4950,G1630,G1635,G4948,G5008,G1562,G5120,GP468,G5103,G5107,GP440,G4917,G5132,G1533"
115.70,24.50,0.20,0.18,27,"G5212,GM258,G1637,G5104,GM262,G5108,G5100,GM551,G1683,G5120,G5107,G4949,GM104,GM257,G5132,G4948,G5008,GM259,G5219,G5009,G4950,59106,GM256,G1533,G5127,G5204,GM102"
115.80,22.80,0.20,0.18,21,"G1804,G5670,G5671,G5667,G5668,G5636,GN045,GN043,G5643,G5631,G1843,G1845,G1878,G1877,G1837,GN049,G1842,G1868,G5635,G1844,G5608"
115.80,22.90,0.20,0.18,35,"G1845,GN049,GN045,G5636,G5667,G5668,G5608,G1844,G1804,G5631,G5635,G1843,G5643,G1849,GN043,G1842,GN025,G1840,G1868,G5670,G5671,G1806,G1893,G5680,G1892,G1836,59502,GN026,G1877,G1878,G2954,G1838,G5633,G1837,GN044"
115.80,23.00,0.20,0.18,40,"G1849,G5608,G1844,GN025,GN049,GN026,G1836,G1845,GN044,G1840,G1838,G5632,G5635,G1806,G1893,G1870,GN045,G1894,G5680,G1842,59502,G5636,G2954,GN048,G1892,G1869,G5607,G5631,G5667,G5668,G8955,G1843,G8908,G5643,G1832,GV001,G1868,G2952,G1875,G9011"
115.80,23.10,0.20,0.18,35,"G5632,GN026,GN044,G1870,G1836,G8908,G2902,G1894,G1838,G1869,G1849,GN025,G9013,G1875,G8906,G9011,G5608,G1840,G1844,GN048,GV213,G1853,G5629,G2981,G1806,G5607,GN049,G1832,G8901,G2952,GV204,G5635,GV001,G1893,G8919"
115.80,23.20,0.20,0.18,33,"G9013,G8906,GV213,G2902,G5629,G8908,G2981,G1884,G8902,G1875,G1853,GN035,G9011,G1869,G1850,G5632,G1870,G1894,G1860,G8904,G9014,G8901,GN044,G5679,GN026,GV204,G8919,G8931,G1802,G5630,G1836,G1838,G2945"
115.80,23.30,0.20,0.18,39,"GN035,G1884,G8902,GV213,G1860,G5630,G8931,G1850,G8906,G9014,G8925,G9013,G5629,G2981,GV312,G8904,G2967,G2960,G2902,GV313,G1802,G8909,G2935,G2939,GV306,G8918,GV209,G5615,59306,G1853,G8934,G5679,G8908,G2980,GV301,GV310,G2968,G1875,G2945"
115.80,23.40,0.20,0.18,47,"GV312,GV306,G2935,G2939,G5630,GV313,59306,G2967,G8925,G8931,G2960,GN035,G8936,GV310,G8933,G1860,G2968,G8934,G2932,G9014,G8935,GV314,G8923,G8918,G1884,G8902,GV317,G8926,G8909,GV305,G1850,GV301,G2936,G2933,G8904,GN056,GV303,GV209,G1802,G1852,GV213,G5615,G2931,G2980,GV304,G2934,G1862"
115.80,23.50,0.20,0.18,37,"G8933,G8936,G8926,G8935,GV310,GV306,G2933,59306,G2939,G2935,G2932,G8923,GV312,GV314,GV313,GV317,G2968,G8921,G2967,GV309,G2931,G2960,G5630,G8934,G8932,G8925,GV305,G1648,G8931,G2936,G2966,GV303,GM403,G8918,GN056,GV301,GN035"
115.80,23.60,0.20,0.18,27,"GV309,G2933,G8926,G8935,G1648,G2966,G8933,G8936,G8921,G8932,G1610,GM403,GV310,GM407,G1646,G1661,G2931,G8923,59306,GV306,G2932,GV314,G2939,GV317,G2935,G2963,G1614"
115.80,23.90,0.20,0.18,21,"G5148,59303,G1649,G1644,G5224,G1612,G5042,G5131,G1632,G5130,G1615,GM406,G1609,GM404,G5128,GM409,GM407,G5106,G1641,G1610,G1640"
115.80,24.00,0.20,0.18,22,"G1644,G5106,G1638,G1632,G1609,59303,G1649,GM406,G5224,GM251,G5113,G5148,G5042,G1634,G5111,G5105,G1633,G5109,G5126,G5003,G1612,G1640"
115.80,24.10,0.20,0.18,25,"G1638,GM251,G5111,G5113,G5105,G5109,G1633,G5106,G1634,G5126,G1636,GM254,G5110,GM260,GM253,G1609,G1632,G1631,GM252,GM406,G5102,G1644,G1635,G1645,G5003"
115.80,24.20,0.20,0.18,26,"G1636,GM254,G5105,GM260,G5111,GM252,G5109,G1635,G5126,G5103,G1633,G5110,G1631,G5124,GM253,G1630,G5113,GM251,G1638,G5102,G1634,GM256,G5106,G5021,GM102,59109"
115.80,24.30,0.20,0.18,30,"G5103,G5124,GM256,GM102,G1635,G5009,GM260,GM252,G1630,G1636,GM101,G5021,GM254,G5127,G5108,G1626,G5105,G1631,G1637,G5102,G5111,GM253,G5126,GM104,G1623,G5109,G5008,GM551,G5104,G5110"
115.80,24.40,0.20,0.18,30,"G5009,GM102,GM256,GM104,GM551,G5104,G5008,G1637,GM262,G5108,GM101,G5124,G5132,G5120,G5103,G5212,G1626,G5127,G1635,G5100,G1681,G5221,G5021,G1683,GM258,G5204,59106,G1630,GM257,G5213"
115.80,24.50,0.20,0.18,29,"GM262,G5120,GM551,G5104,GM104,G5132,G5212,G1683,G5008,G1637,59106,G5204,G5221,G5219,G5009,G1696,GM557,G5108,GM102,G1681,GM258,GM101,G1686,GM256,G1682,G5100,G5209,G5218,G5213"
115.80,24.60,0.20,0.18,26,"G5219,G1683,G1682,59106,G5204,G5120,G1696,G5212,G5132,G5122,G5208,G5221,GM557,GM262,G1680,G5218,G5104,GM551,GM104,G1684,G5211,G5008,G1685,G5209,G1686,G1637"
115.80,24.70,0.20,0.18,21,"G5208,G5122,G1682,G1684,G1680,GM553,G5219,G5211,G5214,G5058,G1685,G1683,G5133,59106,G1696,G5218,G5204,GM554,G5123,GM555,GM552"
115.90,22.80,0.20,0.18,21,"GN043,G1878,G1877,G1837,G5631,G5670,G5671,G1804,GN045,G1842,GN042,G5636,G5633,G5667,G5668,G1845,G5634,GN049,G5680,G1893,G2954"
115.90,22.90,0.20,0.18,37,"G1842,G5631,GN045,GN043,G5633,G5680,G1893,G2954,G1844,G1806,G1877,G1878,G1837,GN049,G1840,G1845,G1804,GN042,GV014,G8955,G5636,G2972,G1849,G5608,G5667,G5668,G5634,G1838,G5670,GV011,G5671,GV001,G8948,G8941,G8944,G2951,G5635"
115.90,23.00,0.20,0.18,42,"G1840,G1806,G1893,G5680,G1838,G2954,G1844,G8955,GV001,G1894,G1842,GV014,G1849,G2952,G8944,GN049,G5633,G1869,GV011,G8948,G5608,G1845,GN045,G5631,G2972,G9011,GN025,GN026,G8941,GV010,G8908,G1836,GV015,G5632,GN043,GN044,GV204,GN042,G2948,G8943,G8901,G5635"
115.90,23.10,0.20,0.18,41,"G1894,G1869,G9011,G1838,G8908,G2952,GV204,G8901,GV001,G2902,G8919,G1840,G8944,G1806,GV010,G8955,G2948,G1893,G2981,G5680,G2954,G1849,G1844,G5632,G9013,GN026,GV213,GV014,G8906,G8948,GN044,G2945,G8958,G1836,G2975,GV011,GN025,G1870,GV212,G5608,GN049"
115.90,23.20,0.20,0.18,37,"G2981,G8908,G2902,G9011,G8901,GV213,G8919,GV204,G1869,G2945,G8902,G8904,G9013,G1894,G8906,G9019,GV212,G9014,GV209,G2948,G1884,GV010,G2952,GV214,G2980,G1838,G8907,G8931,G8909,G9012,GN035,G8958,G5629,G8905,GV001,G8925,G8944"
115.90,23.30,0.20,0.18,49,"G9014,G8904,G8902,G8931,GV209,G8909,G2981,G8925,G2980,G8918,G2945,GV213,G2960,GV301,G9019,GN035,GV313,G8934,G2934,G1884,G8905,G2902,G2940,GV212,GV305,G2936,G9013,G2968,G8906,G8901,G5630,G8907,G8908,G2939,G8919,GV214,GV303,59306,GV306,GV204,G9011,GV304,G1860,G2982,GV312,G9012,GV317,GV310,G5629"
115.90,23.40,0.20,0.18,53,"G2960,G8934,GV313,G8918,G8925,G2968,GV305,GV301,G8931,G8909,G2936,G2939,59306,GV317,GV303,G9014,GV306,GV310,G2934,GV209,GV304,G2980,G2940,G8904,G8936,G8933,G2931,G2937,G8902,GV312,G2935,GN035,G5630,G2961,G8921,G8926,GV307,G8905,G2933,G2967,G2982,G8922,G2981,G8924,G8935,G2945,G2962,G8932,G1884,G9019,G1860,GV213,GV206"
115.90,23.50,0.20,0.18,46,"GV317,G2931,G8921,G2968,GV310,59306,G2933,GV305,G8932,G8926,G2939,G2936,GV303,G8934,GV306,G8933,GV313,G8936,GV304,G2960,G2937,G2963,GV301,G2966,G8918,G8935,G8922,G8925,GV309,G2934,G2935,GV316,GV308,G8909,G8931,G8929,G2962,G2961,G2940,GV312,G2964,GV315,G8927,G8924,GV209,G9014"
115.90,23.60,0.20,0.18,35,"G2966,G8932,G8921,GV309,G2933,G2963,G2931,G1661,GV316,G8929,G2964,G8926,G8927,GV317,GV310,G8933,G8935,G8936,G8922,G1610,G2968,G2930,59306,GV308,G2937,GV303,G2939,GM407,GV305,GV306,G2936,GM404,G1648,GV304,G5139"
115.90,24.00,0.20,0.18,22,"G1632,G5106,G5003,G5042,GM251,GM261,G1638,G1644,G1625,G5111,G5125,G5148,G5156,G5130,59303,G1649,G5113,GM115,G5105,G5224,G1641,G5020"
115.90,24.10,0.20,0.18,23,"GM251,G5106,G5111,G1638,G1631,G5003,G5105,G5020,G1625,G1632,GM115,GM116,GM252,G5113,G1636,G5109,GM254,G1633,G5126,G1634,G1604,G1627,GM261"
115.90,24.20,0.20,0.18,31,"G1631,GM252,G5111,G5020,G1604,G1623,GM116,G5105,G5103,G5021,G1636,GM251,GM109,GM254,G1638,GM260,G5106,GM115,G5109,G1635,G1625,G1695,G5126,G5124,G5113,G1633,G1626,G1627,59117,G5003,GM101"
115.90,24.30,0.20,0.18,30,"G5021,G5103,GM252,GM101,G1623,G1626,GM109,G1604,GM102,G1631,G5009,GM256,G5124,G1690,G1695,G1635,59117,G1636,GM116,GM260,G5008,G5020,G1629,G1694,G5213,G5111,GM104,G1681,G5105,GM254"
115.90,24.40,0.20,0.18,34,"GM101,G1626,G5009,G5008,GM102,G1681,GM104,G5213,GM551,G5021,G5132,G1690,GM262,G5221,G5103,G5104,G5120,GM256,G1623,G1686,GM109,GM557,G5204,59106,G1637,GM107,G5124,G1604,GM108,GM252,G1696,G5005,G5212,G5108"
115.90,24.50,0.20,0.18,32,"G5221,G5132,GM557,G1681,G5008,G5204,59106,G1686,G5120,GM104,G1696,GM551,G5213,G5209,GM262,G1683,G5104,G5218,G5219,GM101,G5009,G5212,G1626,GM102,G5031,GM658,G1637,G1690,GM552,GM108,GM107,G5005"
115.90,24.60,0.20,0.18,33,"G1696,G5218,59106,G5204,GM557,G5219,G5221,G5209,G1685,G1686,G1683,GM552,G5132,G5211,G1680,G5120,G1682,G5122,GM658,G1681,G5008,G5208,GM104,GM551,GM262,G5121,G5212,G5031,G1684,G5032,G5213,G5104,G5207"
115.90,24.70,0.20,0.18,32,"G5211,G1680,G1685,G5122,G5218,GM552,G1684,G1682,G5208,G5214,GM553,GM555,G5058,G5059,G5219,G1696,G1688,G5220,G5207,G5121,G5133,59106,G5204,GM554,GM658,G5209,GM557,G1683,GM556,G5221,G5210,G1686"
115.90,24.80,0.20,0.18,25,"G5058,G5214,GM555,GM554,G5133,GM553,G5059,G5211,G1680,G1687,G1684,G5123,G5210,G5217,G5206,G5122,G1688,G5220,G1685,G5208,GM556,G5207,G1682,GM552,G5121"
116.00,22.80,0.20,0.18,23,"G1837,G1878,G1877,GN042,59503,G5611,G5634,GN043,G5633,G1833,G5631,G2951,G1842,G2972,G5670,G5671,GV009,G1804,GN045,GV014,G2954,G8959,G5612"
116.00,22.90,0.20,0.18,41,"G5633,GN042,G2972,G5634,GV014,G2951,G2954,G1842,GV011,G1833,G5680,G1837,G8941,G1893,G1877,G1878,G8955,G8948,G8959,G5631,GV009,G1806,G5611,GN043,GV015,59503,G8942,G2976,G1840,GV001,G8944,GN045,G8943,G5612,G2973,G1844,G2952,G8952,G9031,G1804,G1838"
116.00,23.00,0.20,0.18,44,"G8955,GV014,G8948,GV011,G8944,GV001,G2954,G8941,G5680,G1893,GV015,G2972,G2952,G1806,G8943,G5633,G8942,G1840,GV010,G8959,G2976,G1838,G8952,G1842,G2948,G2951,G1894,G5634,GN042,G9031,G2975,G1869,GV009,G1833,G1844,G2974,GV204,G9011,G8958,G2973,G2955,G8919,G8901,G5631"
116.00,23.10,0.20,0.18,44,"GV010,G2948,G2952,G8944,GV001,GV204,G8919,G8901,G2975,G8958,G9011,G1869,G1894,G8955,G8948,G8943,GV015,G1838,GV011,G8908,GV014,GV212,G1806,G2954,G8941,G8952,G1840,G1893,G5680,G2945,G8942,G2974,GV214,G9012,G9019,G9031,G8953,G2972,G2902,G2976,G2981,G8907,G9018,GV000"
116.00,23.20,0.20,0.18,44,"GV212,G8919,G2945,G8901,GV204,G9019,GV214,G9012,G8907,G8958,G2948,G9011,G9018,GV010,G2975,G2981,G8904,G8905,G1869,G8908,G9020,G2952,G2980,GV209,G1894,G2902,GV205,G8910,G9014,G2949,G8944,G8953,G2987,GV203,GV001,G8902,GV217,GV211,GV213,G2982,G8909,GV206,G2953,G2940"
116.00,23.30,0.20,0.18,54,"G8905,G2980,G9019,GV209,G2945,G8907,G8904,GV212,GV214,G2940,G8909,G2982,G9012,G2934,GV217,G9014,GV206,G9018,G8918,GV301,GV205,GV203,G8914,GV307,G2949,G2981,G8934,G8919,G8931,G2961,G8925,G8902,G2936,G8901,G8910,GV304,GV305,G9020,G8911,G2960,GV303,GV204,GV302,G2987,G8924,G2943,GV313,G2968,G8958,GV202,GV213,G2937,G9011,G8903"
116.00,23.40,0.20,0.18,61,"G2934,G2940,GV301,GV304,G2961,GV303,G2936,GV307,G8918,GV305,G2980,G8909,G8934,G2937,GV209,G8924,G2982,GV206,G2968,G8905,GV302,G8914,GV317,G2962,G2960,GV217,GV315,G8922,G2965,GV313,G2903,G8925,G9014,G8904,G8931,GV308,GV311,G2931,G8911,GV203,G9019,GV205,G8907,59306,G2939,GV202,G2938,G2945,GV310,G2949,G8921,G8900,GV214,GV306,G2946,G9018,G8928,G9012,GV212,G2963,G8932"
116.00,23.50,0.20,0.18,55,"G2937,G8922,GV308,G2962,GV304,G2931,GV303,G2963,G2936,GV315,GV317,G2961,G8921,GV305,G8932,G8924,G2968,GV316,G2934,GV301,G2930,GV307,G8934,G2938,G8965,G8929,G2940,G2965,G2903,G8918,GV302,GV311,G8927,G2964,GV310,G8928,G2966,59306,G2960,GV313,G2933,G8909,G2926,G8964,G2939,G2982,G8914,G2980,GM752,GV206,GV306,GV209,G8926,G8900,G8925"
116.00,23.60,0.20,0.18,35,"GV316,G8929,G2963,G8927,G2964,G8932,G2930,G2966,G8921,G8922,GV308,G2931,G1661,GM752,G8965,G2962,G2937,G2926,GV315,G1663,GV309,G5139,GV317,G2938,G2933,GV304,GV303,G2997,GM759,G8964,G2936,GV305,G2968,G2961,G8924"
116.00,23.70,0.20,0.18,30,"G5139,G2964,G8927,G1661,G8929,GV316,GM760,G2966,G5157,G2963,GM752,G2930,GM404,G1641,GM759,G8932,G1663,G5044,G5130,G5015,GV309,G5019,G8921,GM758,G1610,G5011,G5125,59310,G5140,G2997"
116.00,23.80,0.20,0.18,22,"G1641,G5139,GM760,G5125,GM758,G5130,G5157,GM404,G5011,G5156,G1661,G5142,G5042,GM261,G5015,G2964,G1612,G8927,59310,G5140,G5045,G5019"
116.00,24.10,0.20,0.18,22,"G1625,GM115,G5020,G5003,GM116,G1627,GM110,G1631,G5106,G1608,GM251,G1632,GM261,G1604,G5111,G1605,GM754,G1638,GM005,GM252,G1623,GM109"
116.00,24.20,0.20,0.18,35,"GM116,G5020,G1604,G1631,G1623,GM109,G1627,G1695,GM115,G1629,59117,G1605,G5021,G1625,GM252,G1692,GM005,G1608,G1603,G1601,G1694,G5135,G1607,G1602,G5222,G5003,GM003,GM110,G5111,G1626,G1600,GM251,GM004,G1690,G5103"
116.00,24.30,0.20,0.18,37,"GM109,G1623,G1604,G1695,G5021,59117,G1694,G1690,G1626,G1629,G1602,G1692,G1601,G5135,G1600,GM101,G5222,GM116,GM106,G1631,G1603,G1605,GM252,G5020,G1607,GM107,G1699,GM108,GM005,G5213,G5103,G1627,GM006,G5005,GM003,G1681,G5001"
116.00,24.40,0.20,0.18,38,"G1690,G5213,G1626,GM107,GM108,G1681,G5005,GM101,G1602,G5021,G1694,GM106,GM109,G1623,G1699,G1695,G1600,59117,G1686,G1604,G5008,G5222,G1629,G5031,G1601,G1692,G5009,GM654,G5135,G5221,G1671,G5209,GM104,GM557,GM006,GM102,GM105,G5132"
116.00,24.50,0.20,0.18,35,"G1686,G5213,G1681,G5209,G5031,GM557,G5005,GM108,G5221,GM107,GM658,G1671,G1696,GM654,G1690,G5218,G5204,59106,G5132,G5008,G5036,G5032,G1626,G1676,GM101,GM552,G1691,GM104,G5034,G5120,GM551,G1699,GM106,G5004,GM653"
116.00,24.60,0.20,0.18,39,"GM658,G5209,GM552,G5218,G1686,G5032,G5031,G1685,GM557,G5121,G1696,GM653,G1676,G5221,G5036,G5204,59106,G5211,G5137,G5207,G5034,G1681,GM652,G1691,G1671,GM651,G5213,G1680,G5220,G1688,G5219,G1672,G1678,GM654,59114,G5132,G5005,G5033,GM656"
116.00,24.70,0.20,0.18,36,"G5121,G5207,GM552,G1685,G5220,G1688,G5211,G5059,GM658,G5218,GM653,GM556,GM555,G5032,G1680,G1672,G5137,G5209,G5210,G5033,G5058,G5214,GM652,G1696,G1676,G5122,G1678,59114,GM651,G5031,GM557,G1686,G5036,GM553,G5034,GM554"
116.00,24.80,0.20,0.18,23,"G5059,G5210,GM556,GM555,G1688,G5220,G5207,G1687,G5058,G5206,G5217,GM554,G5121,G5214,G5211,G5133,G1685,GM552,GM553,G1680,G1672,G1674,GM653"
116.10,22.90,0.20,0.18,39,"G2951,G1833,GV009,G5634,G8959,G5612,G2972,G2976,G5611,G2973,GN042,G8941,59503,G8942,GV011,G9040,GV015,G5633,G2955,G8948,G9042,G9041,GV014,G9031,G8943,G8952,G9043,G2954,GV004,G8955,GV003,G1837,G5680,G2974,G1893,G1878,G1877,G1842,G8944"
116.10,23.00,0.20,0.18,47,"G8942,GV015,G8943,G2976,G8952,G8941,G9031,G8959,G8948,GV011,G2955,G2973,G2974,G2972,G2951,GV009,GV014,G9040,G8944,G9041,GV004,GV000,G8955,GV001,G1833,G5634,GV010,G2975,G2952,G2948,G5612,G2954,G9042,G5633,GV003,G8958,GN042,G8949,G5680,G1893,G9043,G2977,G8954,G1806,G8953,G5611,G2970"
116.10,23.10,0.20,0.18,48,"G2975,G8958,G2974,G2948,GV010,G8943,G8952,G8953,GV000,G8949,G9031,GV015,G2953,G8942,G8944,G8948,G2952,GV001,G2970,G2955,G8941,GV211,G2976,G8919,GV204,GV011,G8915,G9020,G8901,G9012,GV212,GV004,GV214,G8954,G8955,G9018,G8959,GV014,G2973,G2987,G8907,G8910,G2972,G9011,G9041,G9040,G9019,G1869"
116.10,23.20,0.20,0.18,48,"G9020,G9012,G9018,GV214,G8958,GV211,G8953,GV212,G8907,G8910,G2975,G2987,G2953,G2949,G9019,G2948,GV205,G8915,GV201,GV203,G2945,G8919,G2943,G8949,GV010,G8905,GV204,G8901,G2944,GV217,G2970,G2974,GV210,GV000,G2982,GV206,G2983,G8914,G8903,G8911,GV207,G2942,G8943,GV218,G2980,G2952,G8952,G9011"
116.10,23.30,0.20,0.18,61,"GV205,GV203,G2949,GV217,G9018,GV206,G8907,G2982,G8910,G8905,G8914,G9012,G2987,G2943,GV214,G8911,G9020,G8903,GV201,G9019,GV212,GV202,G2946,GV307,GV302,GV207,GV211,G2940,G2980,G8916,G2945,GV218,GV209,59314,G2934,GV210,G8917,G2961,G2942,G8924,G2903,GV311,G2983,G2965,G8953,G9015,G8900,G2944,G2941,G2953,G8958,G8904,G8909,G8915,GV301,G8918,G8919,GV304,G2975,GV208,G8913"
116.10,23.40,0.20,0.18,68,"GV302,GV307,G8914,G8924,G2903,G2965,GV206,GV311,G8911,G2961,G2982,GV202,GV217,G8900,G2946,G2940,GV315,GV203,59314,G8916,G2962,G2934,GV205,G8903,G8905,G8928,G2938,G2941,G2949,G2937,GV304,GV208,G2943,G9022,G9021,G8922,GV308,GV303,G2980,GV207,GV301,G2936,G8917,GV218,G8907,G8910,GV209,G8965,G9018,G8964,GV305,G8913,G8918,G2987,GV201,G8909,G9012,G2985,GV214,G9019,G8934,G9020,G2942,G2986,G2984,G9015,GV219,G2926"
116.10,23.50,0.20,0.18,63,"GV315,G2938,G2962,GV308,G8965,G8928,G2965,G8922,G2903,G8924,GV311,G8964,G2937,G2926,G2961,G9022,GV302,G2930,G8900,G9021,GV307,GV208,GV304,G2992,G2963,G2922,GM752,GV303,G2985,59314,GV219,GV202,G8914,G2941,G2997,GV316,G8912,G2940,G8911,G2946,G2934,GV206,G8929,G2936,G2927,G2931,G8916,G2982,G1663,GV103,G8927,GV305,G8932,GV217,GV301,G2921,G8921,GV317,G2964,G9002,G2925,G8903,G2986"
116.10,23.60,0.20,0.18,52,"G2930,GM752,G2926,G8965,G1663,G2997,G8927,GV308,G8964,GV316,G8929,GM759,G2938,G2992,G2964,G8922,G2963,G2921,G5044,G2962,GV315,G8928,G2927,G2922,G9022,G9002,G2937,G8961,G8932,G9021,G2965,GV219,G5012,G5019,G2903,GV311,G8924,G8912,G2925,GV103,G5157,G2931,G9001,G5139,G8921,G2966,G5015,G2985,G1661,G2924,G2961,G8900"
116.10,23.70,0.20,0.18,37,"GM759,G5044,G1663,G5157,GM752,G5019,G5015,G8927,G5139,59310,G5140,G5012,G2997,G2964,G2930,G8929,G2921,G5011,GV316,G9001,G2926,G8961,G5045,G8960,G5016,G1661,G8965,G5037,GM760,G2963,GM758,G2992,G2927,G8962,G9002,G8964,G2993"
116.10,23.80,0.20,0.18,30,"G5157,G5011,G5015,GM758,59310,G5140,G5045,G5019,G5142,G5139,G5037,G5016,G5044,G5012,G5125,GM759,G1641,G5156,GM760,G1660,G1663,GM751,G5043,G9001,G8960,GM752,GM261,G5130,G8927,G1664"
116.10,23.90,0.20,0.18,24,"G5142,G5156,GM758,G1660,G5011,G5125,GM261,G1664,G5045,G5037,G5157,G1641,59310,G5140,G5015,G5017,G5016,G5013,G5019,G5139,GM761,G5003,GM110,G5130"
116.10,24.10,0.20,0.18,24,"GM110,G1627,GM115,G1608,GM754,G1625,GM764,G5020,GM116,GM005,G1605,GM004,G5003,GM762,GM003,G1603,G1660,G5013,G1606,G1607,G1664,G1629,GM261,G1692"
116.10,24.20,0.20,0.18,35,"G1605,GM005,G1627,G1608,G1603,G1629,G1607,GM003,G1692,GM116,G1601,59117,GM004,G5135,G1695,G5020,GM115,G5222,G1604,G1694,G5001,GM109,GM110,GM754,G1602,G1623,G1600,G1625,GM764,G1606,GM006,G1631,GM106,GM001,G5021"
116.10,24.30,0.20,0.18,37,"G1694,G1601,G1692,G5135,G5222,G1602,59117,G1629,G1600,G1695,G1603,G1607,GM106,GM006,G1605,G1699,G5001,GM005,GM003,GM109,G1690,G1604,G1623,GM107,GM108,GM004,G1608,G1627,GM105,GM116,G5005,G5021,G1626,GM001,G5002,G5134,G5020"
116.10,24.40,0.20,0.18,37,"GM107,GM108,GM106,G1699,G5005,G1690,G1602,G1600,GM105,G1694,GM006,G5222,GM654,G5213,G1601,G5135,59117,G1671,G1692,G1695,G5004,G1629,G1626,G5134,G5031,G5001,G1607,G1603,GM109,G1681,G5002,G1623,G1604,G5036,G1691,G1605,G5021"
116.10,24.50,0.20,0.18,35,"GM654,G1671,G5031,G5005,GM108,GM107,G5036,G5004,G1691,G1676,G5034,G5213,GM105,G5032,G1686,G1699,GM658,GM651,GM656,G5209,GM652,GM106,G1681,G1690,G5137,GM653,59114,G1678,G1600,G1602,GM006,G5134,GM557,G1673,G5030"
116.10,24.60,0.20,0.18,37,"G1676,G5032,G5036,G5034,GM652,GM653,G5137,GM651,G1691,GM658,G5031,G1678,59114,GM656,G1671,G5121,G1672,GM654,G5033,G1673,GM552,G5209,G5004,G5207,G1686,G5218,GM655,G5005,G1685,G5030,G5220,G1675,G1688,GM108,GM107,G5136,GM557"
116.10,24.70,0.20,0.18,35,"G1672,GM653,G5121,G5137,G5033,G5207,G1678,G5220,G5032,59114,GM652,G1688,G1675,GM651,GM556,GM658,G1676,GM552,G5034,G1673,G5136,G5036,GM656,G5059,G1685,G1691,G1674,G5031,G5035,G5211,G5210,G5218,GM555,GM655,G5209"
116.10,24.80,0.20,0.18,23,"GM556,G1674,G5220,G1688,G5210,G5207,G1675,G1672,G5059,G5035,G5033,G5121,GM555,G5136,GM653,G5137,G1687,G5206,G1678,59114,G5217,GM552,GM652"
116.20,22.90,0.20,0.18,36,"G5612,G9042,G9043,G9040,G2973,G9041,GV009,GV003,G2955,G1833,G8959,G2976,G2951,GV004,G2977,G5611,G8947,G2904,G9031,59317,59503,G8942,G5634,G8952,G8941,G2972,GV015,GV005,59511,G2959,G2974,G8943,GN042,GV000,GV011,G8954"
116.20,23.00,0.20,0.18,46,"GV004,G2955,G9041,G9040,G9031,GV003,G2973,G2977,G8952,GV000,G2974,G9042,G2976,G8954,G8942,G9043,59317,G2959,G8959,G2904,G8947,G8943,GV015,GV009,G8949,G5612,G9032,G8941,G2970,GV005,G2951,G8945,G2978,G8948,G1833,GV002,GV011,G2972,G1379,G8953,G2953,G2975,G8956,59511,G1372,G5634"
116.20,23.10,0.20,0.18,49,"G8949,GV000,G2970,G2974,G8954,G2953,G8953,G8915,GV004,G9031,G8952,G9032,G2959,G2955,G1379,GV211,G2975,G8958,G8945,G2944,G8943,GV003,G2977,G9041,G8942,G9020,G9040,59317,G2976,GV015,G2973,G2948,G1372,GV002,GD702,G2987,G2978,GV010,G1378,G8910,G2904,GV201,G2983,G8947,GV210,GV005,G9042,G8959,G8941"
116.20,23.20,0.20,0.18,48,"GV211,G8915,G2953,G2944,G8953,G9020,G2987,GV201,G2970,GV210,G8910,G8949,G2983,G2943,G1378,G2942,G9018,G2949,G9015,G9012,GV000,GV218,GV207,GV205,G8958,G9016,GD702,G2975,GV203,G1379,GV214,G8903,G8954,G2974,G8907,G8917,G1342,GV212,G1376,G1373,G9032,GV217,G8911,G2947,G2948,G4146,G8916,G2946"
116.20,23.30,0.20,0.18,64,"G2943,GV201,GV207,GV218,G8903,G2942,GV210,G8917,G2987,G9015,G2983,G8910,G2949,G8916,GV203,G2946,GV205,G8911,GV202,G2944,G9020,G9016,GV211,59314,G2947,GV217,GV215,G2941,G9018,G8914,G8913,GV206,GV216,G2984,G1378,G8915,G2982,G9012,G1376,G4146,G2953,G1347,G8900,G8907,GV302,G8953,GV214,GV208,G8905,GV311,G2903,G1373,G9017,G4147,GV307,G2965,G2986,GD405,G1342,GD702,G2970,GV212,G8924,G9019"
116.20,23.40,0.20,0.18,69,"59314,G2941,G8916,G2946,GV202,G8900,GV208,G8913,G8903,G8911,G8917,GV311,GV207,G2903,GV218,G9021,G2984,G2965,GV302,G2986,G9022,G2985,G8928,G8914,GV215,GV216,G2947,G2943,G9015,GV206,GV203,G2942,G8924,GV217,G9017,G2949,G2938,GV307,GV219,GV205,G8912,G2982,GV201,GV315,GV210,G8964,G9016,G2983,G2961,G8910,G2987,GV103,GD405,G2912,G2962,G1347,G2922,G4146,G8965,G2906,G1376,G4148,G2992,G8905,G2940,G4147,G9020,G2926,G9018"
116.20,23.50,0.20,0.18,67,"G9022,G9021,G8928,G2985,G8964,GV219,G8912,GV208,G2922,G2938,G2992,G8900,GV103,GV311,G2926,G8965,G2903,G2965,G2941,G2927,G2986,G2912,G2925,59314,GV315,G9002,G2913,G8913,GV302,G8916,G2946,GV202,G8924,G2997,G2962,GV105,GV101,G2921,GV308,G2906,G2908,G2984,G2930,G8911,G2928,G2924,G2909,G8922,GM752,G9017,GV307,G1663,G2905,G2961,GV104,G8903,G8917,GV216,G8914,G4148,GV215,G8967,G8961,G2947,GV207,G2937,GV218"
116.20,23.60,0.20,0.18,59,"G2927,G2992,G2997,G2921,G9002,G2926,G2922,G1663,G8964,G8961,G2925,GM752,G2924,GV103,GV104,G8965,GV219,GM759,G8912,GV105,G5044,G8962,G9022,G9001,G2928,G2913,G8928,G2938,G9021,G2985,G2930,G2912,G5012,G8960,G2905,GV101,G2908,G2993,G5019,G9003,GV208,GV308,GV315,G2909,G2901,G5015,GV102,G8900,G2962,GV311,G5140,59310,G8927,G2965,G2903,G2986,G8922,G2906,G2907"
116.20,23.70,0.20,0.18,41,"G5012,G5044,G9001,GM759,G5019,G8961,G8960,G1663,G2921,G5015,G5140,59310,G2997,G8962,G2993,G5016,GM752,GV104,G2924,GM751,G9002,G5157,G2927,G5045,G5037,G5043,G2992,G2926,G5011,G9003,G2922,G2928,G2925,GV105,G2930,G8964,G8965,G2901,GV103,G2905,G8927"
116.20,23.80,0.20,0.18,29,"G5045,G5037,G5016,G5140,59310,G5015,G5019,GM751,G5043,G5011,G5012,G5157,G8960,G9001,G5142,G5044,GM761,G2993,GM759,G8961,GM758,G8962,G5017,G1663,G1662,G1664,G1660,G2921,G2997"
116.20,23.90,0.20,0.18,23,"G1664,G5142,G5017,G1660,G5037,G5045,GM761,G5011,G5013,G5016,G1662,G5043,GM751,59310,G5140,GM758,GM762,G5156,G5015,G5019,G5157,GM757,G5012"
116.20,24.10,0.20,0.18,24,"GM754,GM764,GM762,GM110,G1608,G1606,GM004,G5013,G5010,GM757,G1627,GM005,GM003,G1664,G1605,G5018,GM115,G1660,GM755,GM002,G1607,G1603,G5017,G1625"
116.20,24.20,0.20,0.18,34,"GM004,GM003,GM005,G1606,G1608,G1607,G1605,G1603,G5001,GM002,GM764,GM754,GM001,G5135,G1627,G1692,G1601,G5222,G1629,GM755,GM006,GM110,59117,G1600,GM883,GM882,G1694,G1695,G1602,G5010,GM762,GM116,GM115,G5002"
116.20,24.30,0.20,0.18,38,"G5001,GM006,G1607,G5222,GM001,GM003,G5135,G1600,G1603,G1601,G1692,G5002,GM106,G1699,G1602,GM005,G1694,G1605,GM002,GM004,G5134,G1629,GM105,59117,G1695,G1606,GM882,G1608,G5022,GM883,G1622,GM107,GM755,G1620,GM108,G1690,G1627,G5005"
116.20,24.40,0.20,0.18,33,"GM105,G5134,G1699,GM006,G5002,GM106,G1600,G5004,G5005,GM108,GM107,G5222,GM654,G5001,G1602,G1622,G5028,GM001,G1694,G1671,G5135,G1601,G1692,G1607,G1620,G1690,G1603,GM003,59117,G5022,G1629,G1691,G1695"
116.20,24.50,0.20,0.18,32,"G5004,GM654,G1671,G1691,GM105,G5036,GM656,G5034,G5028,G5030,G1676,G5005,G5134,GM651,GM655,GM108,GM111,G5031,GM107,G1699,GM652,G1673,G1622,59114,G5002,GM106,G1678,G5032,G5006,GM006,G5137,GM653"
116.20,24.60,0.20,0.18,29,"GM656,GM651,G1673,G5034,G1691,GM652,59114,G1678,GM655,G1676,G5030,G5036,G5137,G5033,G5004,G1671,GM653,G5032,GM654,G1672,GM111,G5136,G5006,G5031,G1675,GM658,G5028,G1677,G5121"
116.20,24.70,0.20,0.18,31,"G5033,G5136,G1675,G1678,G1673,G1672,59114,G5137,GM652,GM651,GM656,GM653,G1677,GM655,G5034,G5035,G1676,G1674,G5030,G5032,G1691,G5036,G5121,G5207,G5220,GM556,G1688,G1670,G5000,G5006,GM658"
116.20,24.80,0.20,0.18,22,"G5035,G1674,G1675,G5136,G5033,G1672,G1677,GM556,GM657,G1670,G1678,59114,G1673,G5220,G5137,G5207,G1688,GM659,GM653,G5000,G5210,GM652"
116.30,22.90,0.20,0.18,27,"G9043,G8947,G2904,G9042,59511,59317,GV003,G2977,GV005,G9041,G9040,G5612,G8956,G2971,GV004,G2973,G2978,G2959,G2955,GV007,GV002,GV006,GV009,G2957,G8954,G9032,G8945"
116.30,23.00,0.20,0.18,37,"59317,G2977,G2904,G8947,G2959,GV005,GV003,G2978,GV002,G9032,GV004,G8954,G8945,G8956,G9041,G9043,59511,G9042,G1372,G9040,G2955,G2957,G1379,GV012,G2971,GV000,G2973,G9031,G2970,GV007,G2974,GV006,G8949,G8952,G5612,G2976,GV008"
116.30,23.10,0.20,0.18,41,"G1379,G9032,G8945,G8954,G2959,G2970,G1372,GV002,G2978,G8949,GD702,GV000,G8915,59317,G2977,GV005,GV004,G2953,GV012,G2957,GV003,G2944,G1378,G1342,G2904,G8956,G8947,G1371,G2974,G8953,GD701,G2955,GV211,G9041,G9031,G1373,G2983,GV008,G9040,G8952,GV210"
116.30,23.20,0.20,0.18,48,"G1378,GD702,G2944,G1342,G8915,G2983,G1373,G1379,GV210,G2970,G9016,G1376,G2942,G2953,G9015,GV211,GV201,G4146,G8949,GD701,G9032,G1347,G8953,G8945,G1372,G8954,GV218,G4147,G2987,GV207,G1374,G2947,G2943,G9020,GD402,G8910,G8917,G1371,G1317,GV215,G2959,GV000,GV002,G1341,GV216,G1377,G1346,G8903"
116.30,23.30,0.20,0.18,58,"G9016,G9015,G1376,G4146,G2942,G1347,G2947,G2983,GV215,GV210,G1378,GV216,GV218,G8917,G4147,G1373,GV207,G2984,G2944,GD405,G1342,GD402,G8913,GV201,G9017,G8903,GD702,G2943,G1340,G8916,G2946,G2941,GD404,59314,G2987,G1341,G8915,G2986,GV202,G1317,G8910,GV211,GD403,G2949,G8911,GD409,G9020,G4148,G1374,GV208,G1346,GV203,G2953,GV205,GD701,G1345,G8900,GD408"
116.30,23.40,0.20,0.18,67,"G2984,G9017,GV216,G8913,GV215,G2986,G2947,GD405,G2941,G8917,G4148,G1347,G4146,GV208,59314,G9015,G8916,G4147,GV218,G1345,G2985,G2906,GV207,G9016,GD403,GD404,G1340,G2946,G1376,G2942,G2912,G8903,G9021,G8900,G8912,GV202,GV219,GD402,G9022,G8967,GV103,GV210,G2983,G2910,GV101,G2909,G8911,G2913,G2908,G1316,G2943,G1373,GV311,G8928,GV201,G1378,G2903,G2922,G2925,GD406,GD409,G8969,G2965,G2911,GV302,G1341,GV105"
116.30,23.50,0.20,0.18,73,"G2912,G8912,GV103,G2906,G2985,G2913,GV219,GV101,G2986,G2908,G2909,G2925,G8967,GV105,G2922,G4148,G9021,G2905,G9022,G1345,GV208,G2928,G9017,G9002,G2907,G2927,G8913,G2992,G2910,G2984,G2941,G8963,G8964,59315,G2924,G2911,G8928,G8900,GV216,GV104,GD405,GV102,59314,GV215,GD403,G8966,GD406,G2998,GV106,G2901,G2947,G1316,G2921,G2926,G8916,GD404,G2938,GV311,G9003,G2946,G8917,G2997,G2903,GV107,G8965,G1340,GV202,G8962,G2991,G8969,G8961,G2965,G2929"
116.30,23.60,0.20,0.18,57,"G2928,GV105,G2924,GV104,G9002,G2925,G2905,G2913,G2927,G2908,GV103,GV101,G9003,G8962,GV102,G2901,G2922,G8961,G2921,G2912,G2909,G2907,G2992,59315,G8912,GV219,G2998,G8963,GV106,G9001,G2993,G2997,G8967,G2906,G2985,G8960,G8964,G2926,G9022,G1663,G9021,G2929,G2911,G5012,G2986,G5044,GM759,GV107,G2910,G4148,G8966,G8928,G1345,GM752,G2994,G8965,GV208"
116.30,23.70,0.20,0.18,47,"G2993,G8962,G8960,G9001,G8961,G9003,GV104,G2924,GM751,G5012,G2901,G2928,G2921,G9002,G5043,GV102,G5016,G5019,GV105,G5044,G2905,G2927,G2998,G5140,59310,GM759,G2925,G2997,G5015,59315,G1663,G2820,G5037,G2913,GV106,G2907,G2992,G2922,G5045,G2908,GV101,GV103,GM761,GM756,GU029,G8963,G2909"
116.30,23.80,0.20,0.18,27,"G5043,GM751,G5016,GM761,G2993,G5037,G8960,G9001,G5045,G5012,G1662,G5140,59310,G5019,G8962,G5015,GM756,G8961,G5017,G9003,G2820,G5044,G5011,GV104,G2924,G5142,GM759"
116.30,23.90,0.20,0.18,22,"G1662,GM761,G5017,G5043,G5013,G1664,G5037,GM751,G1666,G5016,G5045,GM757,GM762,G1667,G1660,G5142,GM756,G5010,G5140,59310,G5011,G5018"
116.30,24.10,0.20,0.18,22,"G5010,G5018,GM757,GM764,G1606,GM762,GM755,GM754,G5143,G5013,G1666,GM004,GM002,GM883,G5014,G1668,G5017,GM882,G1608,GM110,G1664,GM003"
116.30,24.20,0.20,0.18,27,"GM002,GM755,G1606,GM883,GM882,GM001,GM004,GM003,GM764,G5001,G5010,G5018,G1655,G1607,GM754,G5014,GM005,G5022,G1608,GM757,G1603,G1605,G5026,G5002,G5143,GM762,GM006"
116.30,24.30,0.20,0.18,34,"GM001,GM002,GM882,G5002,G5022,GM883,G5001,G1620,G5134,GM755,G1622,GM006,GM003,G1618,G1655,G1606,G1607,GM004,G1628,G1619,G1617,GM105,G5222,G1603,G5135,G1600,GM886,G1699,G5023,G1601,GM005,GM106,G1692,G5028"
116.30,24.40,0.20,0.18,29,"G1622,G5134,G5002,G1620,G5028,G1618,G5022,G1619,GM105,G1617,G1628,G5023,GM001,GM886,GM006,G1624,G5004,GM112,G1699,GM119,G5001,GM882,GM111,GM113,GM002,GM106,G1600,GM883,GM654"
116.30,24.50,0.20,0.18,32,"G5028,GM111,G5030,G1622,G1624,GM112,G5004,G5006,GM113,GM119,G5134,GM655,G1619,G5023,GM105,G1617,G1620,G1618,G5002,GM656,GM121,GM886,GM654,G1628,G1691,G1671,G1673,G5034,G5036,GM114,GM651,G5022"
116.30,24.60,0.20,0.18,34,"G5030,GM655,G5006,GM111,G1673,GM656,GM103,G5028,G1677,59114,GM651,G5007,G1678,GM113,GM114,GM112,G1624,G1691,GM652,G5034,G5004,G5136,GM121,GM119,G5000,G5033,G1676,G5036,G5137,G1675,GM120,GM117,G1671,GM654"
116.30,24.70,0.20,0.18,27,"G1677,G5136,G5000,GM655,G1673,G1670,G1675,GM103,G5006,G5030,GM117,G5033,GM657,59114,G1678,G5007,GM656,G5035,GM111,G1672,GM651,GM652,GM114,G5137,G1674,GM659,G5034"
116.40,22.90,0.20,0.18,23,"59511,G2971,GV007,GV006,G8956,GV005,G8947,G2904,G9044,G8946,59317,G2957,G2978,GV013,G2977,G9043,GV012,GV002,GV003,G9042,GV008,G2950,G2959"
116.40,23.00,0.20,0.18,34,"G8956,G2957,G2978,GV012,GV005,G2971,GV002,GV007,GV006,59511,GV008,G1372,G2904,G8947,G8945,59317,G2959,GV013,G8946,G9032,G2956,G2950,G8951,G2977,G9044,G1371,G1379,GV003,G8954,G8957,G9043,GV004,G9042,G9041"
116.40,23.10,0.20,0.18,40,"G1372,G1371,GV012,GV002,G8945,G2957,G1379,G2978,G9032,GV008,GD701,G8951,G2956,GD702,G8956,G2959,G1377,GV005,G1342,G1374,G8954,G8957,G2950,G4111,GV006,59317,GV007,G2971,G2970,GV013,G2904,G8947,G1378,G1373,G2977,G1375,G1346,59511,G8946,G1317"
116.40,23.20,0.20,0.18,43,"GD701,G1342,GD702,G1374,G1373,G1377,G1317,G1371,G1346,G1378,G1341,G1376,G1379,G4111,GD402,G1372,G4146,G4147,G1347,G9016,G1375,G8945,G2944,GD408,G2983,G9032,GD409,G8951,GV012,GV002,GD410,G1340,GV210,G9015,G2942,G2970,G8915,G2956,GV008,G2957,G2978,G2947,GD405"
116.40,23.30,0.20,0.18,50,"GD402,G4147,G1341,G1347,G4146,G1373,G1376,G1317,G1340,GD409,GD405,G1346,G1342,GD404,GD408,G9016,G1374,GD403,G1378,G2947,GV215,GV216,G9017,GD702,GD701,G1348,G9015,G2984,G1377,G2942,G2983,G1343,GV210,G4148,G1345,GD410,G8917,GV218,G8913,G1316,59318,G8969,G2944,G4111,GV207,G1375,G4141,G1318,G2986,G9000"
116.40,23.40,0.20,0.18,55,"GD403,GD404,G1340,GD405,G1345,G4148,G9017,G1316,G4147,GD402,G8969,G2910,GD409,G1347,GV216,G1348,G4146,GD406,GV215,G2906,G2984,G2947,G8967,G2986,GD408,G1376,G2911,G1341,G8966,G8913,G2991,G2909,G1317,G9016,G2912,G1373,G2920,GV101,G9000,G9004,G2908,G1343,G9015,G8917,G1346,G8963,G2985,G2907,G2941,G2913,G2942,GV218,G8912,G2990,GU012"
116.40,23.50,0.20,0.18,64,"G8967,G2910,G2911,G2906,G1345,G2909,G8966,GD406,G4148,G2908,G8963,G2907,GV101,G1316,G2991,59315,G2912,G8969,GV107,G2913,GD403,G2905,GV106,G2929,G2998,GV105,GD404,G9017,GV102,G2990,G2986,G2928,G8968,GV103,G2925,G9004,GD405,G8912,GU012,G2901,G1340,G2985,GV219,G2923,G2920,G1348,G2984,G2994,GV216,GU007,G2924,G8913,G2922,G9002,G9003,GV104,GU011,GV215,G2813,G4147,GD409,G2947,G2927,G9021"
116.40,23.60,0.20,0.18,65,"59315,G2998,GV102,GV106,G2907,G8963,G2901,G2905,G2929,G2928,GV107,G2909,G2908,G9003,GV101,GV105,G2994,G8967,G2911,G2913,G2923,G8966,GV104,G2924,G8968,GU029,G2925,G2910,G2906,G2912,GD406,G2990,G8962,G2991,G9002,GU007,GV103,GU005,G2812,G1345,G2820,G2819,G2993,G4148,G2927,GU012,GU001,G8912,G8961,G1316,G2922,G2827,GV219,GU027,GU006,GU030,G2921,G8969,G9004,G9001,G2824,G8960,GU018,G2813,G2985"
116.40,23.70,0.20,0.18,46,"G9003,G2820,G2901,GU029,GV102,G2998,G2993,GU027,G2819,G2994,GV106,G8962,59315,GM756,GV104,GU005,G2929,G2928,GU001,G2924,G2905,G8960,GU006,G2907,G8963,G2923,G9001,G8961,GM751,GV105,GV107,G2827,G5043,GU002,G2908,G9002,G8968,G2812,G2909,G2810,G2913,GV101,GU007,G2811,G2925,G2824"
116.40,23.80,0.20,0.18,26,"GM756,G2820,GU027,G5043,GM751,GM761,GU002,G2811,G2993,G1667,G2819,GU029,G1662,G9003,G8960,G5016,GU006,GU001,G8962,G2810,GU005,G2901,G9001,G2880,GU000,G5037"
116.40,24.10,0.20,0.18,23,"G5143,G5018,G1668,G5014,G5010,GM755,GM757,G1666,G1665,GM887,GM883,G5026,G5138,G1606,GM891,GM882,GM894,GM762,GM764,GM002,G1655,G5052,GM900"
116.40,24.30,0.20,0.18,26,"G5022,G1655,GM882,GM883,G1620,G1628,G1618,G1617,GM002,G5026,GM886,G1619,GM755,GM001,GM885,G5053,G1622,G5047,G5002,G5023,GM894,G5134,G5014,G5052,GM887,G1651"
116.40,24.40,0.20,0.18,28,"G1618,G1617,G1628,G1619,GM886,G5023,G1620,G1622,G5022,G5047,G1624,GM119,GM112,G5028,G5002,GM113,G5053,G5134,G1655,GM885,G1651,GM896,GM882,GM121,GM111,GM001,G5201,GM883"
116.40,24.50,0.20,0.18,31,"G1624,GM112,GM119,GM113,G5023,GM121,G1619,GM111,G5028,G1617,GM886,G1618,G1622,G1628,G5006,GM114,G1620,G5024,GM120,GM896,G5047,G5007,G5030,GM103,GM655,G5134,G5022,GM118,GM893,G5002,G1651"
116.40,24.60,0.20,0.18,23,"GM114,G5006,G5007,GM103,GM121,GM113,GM111,GM120,GM112,G1624,GM119,G5030,GM655,GM117,G5024,GM118,G5000,G5028,G1677,GM893,G5023,G1673,GM896"
116.50,23.00,0.20,0.18,23,"GV013,G2950,G8946,GV008,GV006,G2956,GV007,G9044,G8951,G2957,G8957,GV012,G2971,G8956,G2978,G1371,59511,GV002,GV005,G1372,G8945,G8947,G2904"
116.50,23.10,0.20,0.18,34,"G8951,G2956,G1371,G8957,GV008,G2950,G4111,GV012,G1377,G2957,GD701,G1375,GV013,G1372,G1374,G1344,GV002,GV006,G8946,G2978,GV007,G8956,G8945,G1346,G2971,G1379,G9044,GD410,GD702,G1317,G1342,GD401,G9032,G1318"
116.50,23.20,0.20,0.18,34,"G1377,G4111,G1374,G1375,G1346,GD701,G1317,GD410,G1371,G1341,G1344,G1318,G4141,GD408,G8951,G1342,GD407,59318,G1373,GD401,G1343,G2956,GD409,G8957,GD402,GD702,GV008,G1332,GD201,G1372,GV012,G4147,G1376,G1378"
116.50,23.30,0.20,0.18,41,"GD408,GD409,G1341,G1346,G1317,G1343,GD410,59318,G1348,G4141,GD402,G1374,G1318,G1340,G1377,G9000,GD404,G1375,G4111,G4147,GD407,GD701,GD403,G1373,GD201,G1302,G1347,G4146,G8969,G1376,G1342,GD405,G1344,G1332,G1386,G1385,G1316,G2920,G4190,G1382,GD401"
116.50,23.40,0.20,0.18,57,"G1348,G8969,G9000,G1316,GD409,G2920,GD408,GD403,GD404,G1343,G9004,G1340,GD406,G2991,59318,G2910,G1345,GU011,G1382,G1302,GD402,G8966,G1341,G4148,GU012,G2911,GD405,GU014,G1383,G1317,G4147,G2990,G4141,G1346,GD410,G8967,GU039,G9017,G2813,G1385,GU032,G1347,G1386,G1318,G2801,G2906,59316,G4146,G2805,G4190,GU016,G8968,GV107,G2823,GU035,GD201,G1376"
116.50,23.50,0.20,0.18,69,"G2991,G9004,GD406,G2990,G8966,GU012,G2911,G8969,G1316,G2920,G8968,G2910,GV107,GU011,G2813,GU014,GU007,G2929,G8963,G2923,G8967,GU032,G2805,G1345,GU035,G2826,GU009,GV106,G1348,G2907,G9000,GD403,G4148,G2812,59315,G2825,G2909,G2994,GU008,G2801,G2906,GU030,GD404,G1382,GU015,G2998,G2908,GU039,G1383,GV101,GU016,G2823,GV102,GU018,G2806,G2821,G1340,G2824,G2905,GD409,G1302,GU033,G2808,G2901,G1343,GD408,G2884,G2827,GD405"
116.50,23.60,0.20,0.18,72,"G2923,G2929,G8968,G2994,GV107,GU007,G2812,G2990,GV106,GU030,GU005,G8963,GU029,G2998,GU012,G2827,GU018,G2824,G2826,59315,G8966,G2813,G2806,GU001,G2911,GU008,G2991,G2907,GU009,GV102,G2819,GU006,GU035,G2901,G2884,GD406,G9004,G2825,GU020,G2805,GU032,G2910,GU011,G8967,GU027,G2882,G2821,G2909,G2905,GU014,G2820,G2829,G9003,G2908,GU015,G2887,G2920,G1316,G8969,GU022,GV101,G2928,GU038,G2807,G2810,G2808,G2801,GU017,G2906,GV105,G1345,GU019"
116.50,23.70,0.20,0.18,51,"G2819,GU029,GU005,GU001,GU027,GU006,G2820,G2827,G2994,G2810,G2923,G2824,G2812,GU002,GU018,GU020,G2929,G2806,GM756,GU030,GU007,G2998,GV106,GU013,G2811,G2882,GU022,G2884,G8968,G2901,GV107,G2887,GV102,G2807,59315,G9003,GU021,GU036,GU008,G2829,G2826,G8963,G2880,GU023,G2990,G2907,G2816,GU004,GU009,GU000,GU019"
116.50,23.80,0.20,0.18,30,"GU002,G2811,GM756,GU027,G2820,G2810,G2880,G2819,GU000,GU036,GU006,GU001,GU029,GU004,G1667,G2817,GU005,GU013,G2818,G2827,GU020,G2816,GU022,G5141,G2994,GU003,G2802,G2807,G2824,GU021"
116.50,23.90,0.20,0.18,22,"G1667,G5141,G2811,G5138,GU000,G2817,G2880,GM756,GU002,GU036,G2814,GU004,G1666,G2818,G2802,G2815,G2810,GU027,G2820,G1662,G1668,G5143"
116.50,24.00,0.20,0.18,21,"G5138,G5141,G1668,G1667,G5143,G1665,G1666,G2814,GM753,G2817,G5018,G5014,GM900,G1657,GM763,GM887,GU000,G2815,GM891,GU031,G2880"
116.50,24.10,0.20,0.18,22,"G1665,G1668,GM887,G5014,GM891,G5143,GM900,GM894,G5026,G5052,G5138,G1657,G5018,GM899,GM753,G1666,G5144,G1653,G5141,GM755,G5010,G1655"
116.50,24.20,0.20,0.18,21,"G5026,GM894,GM887,G5052,GM891,G5014,G1655,G1665,G5144,GM900,G1653,GM899,GM885,GM883,G1668,GM755,GM882,G5053,G5143,G1657,G5022"
116.50,24.30,0.20,0.18,29,"GM885,G5053,G1655,G5026,GM894,G5047,G5052,G1651,G1628,G5022,G5147,GM886,G1618,G5201,GM887,G1617,GM882,G5144,GM883,G1620,GM891,G1619,G5023,GM884,G1653,G5014,G1697,GM899,GM755"
116.50,24.40,0.20,0.18,28,"G5047,G1651,G5053,GM886,G1628,GM885,G5201,G1617,G5023,GM896,G1619,G1618,GM884,GM119,G1620,G1624,G5022,GM112,G5147,GM113,G1655,G5024,G1622,G5049,GM121,G5050,G1697,GM881"
116.50,24.50,0.20,0.18,34,"GM896,G5024,GM119,GM121,GM113,GM112,G1624,GM893,GM120,G5050,G5023,G5047,GM886,G1651,GM118,G1617,G5201,GM114,G1619,G1628,GM892,G1618,G5049,G5007,GM884,G5053,GM111,G1654,G5006,G1620,G5028,G1622,G5046,GM885"
116.60,23.10,0.20,0.18,21,"G8957,G1344,G8951,G2956,G1375,G4111,G2950,GD401,GV008,GV013,G1377,G1371,GD407,G1318,GD410,G8946,G1332,GV012,GD701,G1374,G2957"
116.60,23.20,0.20,0.18,30,"G1344,G1375,GD401,G1318,GD407,G4111,GD410,G1332,G4141,GD201,G1377,59318,G1346,G1374,G1343,G8957,G1386,G1399,G1385,G1317,GD701,G4190,G1305,G1334,G8951,GD408,G1371,G1341,G2956,G1302"
116.60,23.30,0.20,0.18,45,"G4141,59318,G1318,GD201,GD410,GD407,G1343,G1386,G1332,G1385,G4190,G1302,G1305,G9000,GD408,GD401,G1306,59316,G1375,G1344,G1382,G1348,G1346,GD409,G1334,G4111,G1383,G1341,G1317,59512,G1323,G1329,G1374,G1307,G1377,G1326,G2920,G1399,GU039,G1308,G1328,G1327,G1322,GD402,GU016"
116.60,23.40,0.20,0.18,66,"G1382,G9000,G1302,G1383,G2920,59316,GU039,G1385,G1343,59318,GU011,G1386,G4190,G1323,GU016,G1348,G1306,G2823,GU014,G9004,G2801,GU033,G1308,G1305,G1324,GD201,G4141,G8969,GU032,GD408,G2805,GU012,GD409,G2813,G1329,G1307,G1322,G1316,G1318,G2991,GU035,GU015,GD410,59512,GD407,G1321,G1332,G1358,G2990,GD406,G2825,G1326,G1320,GU009,G1355,59319,GD403,GD404,G2808,G2826,GD510,G8966,G1359,G1334,G1341,G1340"
116.60,23.50,0.20,0.18,78,"GU014,GU011,GU032,G2805,G2813,GU035,G2801,GU012,G9004,GU015,GU009,G2825,G2920,GU039,GU016,G2823,G2826,G2990,G1383,GU033,G1382,GU008,G2808,G2821,GU007,G2991,G1324,G1355,G8968,GD510,G9000,GU030,GU017,G2812,59319,G1323,G8969,G1302,GD505,G1308,G2806,GD406,G8966,59316,GD509,GV107,G2923,GU018,G2884,GU038,G1351,G1316,GD511,G2824,G2911,G1358,G1348,G1321,GD504,G2829,G1359,G2929,G2910,G1306,G2828,GU010,G2994,G2882,G1385,GU019,G1322,GD508,G4190,G2827,GU020,G1343,G1386,G1352"
116.60,23.60,0.20,0.18,81,"GU008,GU030,G2826,G2806,GU018,GU009,G2812,G2884,G2824,G2821,GU007,G2825,GU035,G2813,G2829,G2805,G2882,GU020,GU038,G2827,GU015,GU032,GU017,G2808,G2887,G2923,G8968,GU012,GU019,G2990,GU022,GU005,GU014,G2807,GD505,G2994,GU001,G2828,59312,GD510,GU011,G2801,GU021,GU006,GD509,G1351,GV107,G2929,GU023,G1355,G9004,GU010,GD504,GU029,G2819,GU025,GU016,G2991,G2823,GU026,59319,GU039,GD511,GU033,GU013,G2810,G2920,GU037,G2822,G8966,GV106,GU027,G2911,G1324,G2885,G2816,G8963,GD406,GD503,G1383,G2998"
116.60,23.70,0.20,0.18,68,"GU020,GU022,G2882,G2887,G2807,G2827,GU006,GU021,GU013,G2824,G2810,GU001,GU018,G2884,GU005,G2806,GU023,G2829,G2819,G2816,GU030,G2812,GU019,59312,GU027,GU029,GU008,GU002,GU036,GU038,GU025,GU007,G2994,G2821,GU004,G2826,G2923,G2811,GU024,G2828,G2880,G2820,G2818,GU009,GU017,G2885,GU026,GU003,G2825,G8968,GU000,GU035,GU028,GU010,G2929,G2808,G2813,GD505,G2822,GU015,G2805,G1351,GD509,GV107,G2990,GM756,GD504,GU037"
116.60,23.80,0.20,0.18,47,"GU036,GU004,G2880,G2810,GU013,G2818,GU000,GU002,G2811,G2816,GU003,G2817,GU028,G2802,GU006,GU022,GU027,GU021,G2807,GU023,G2886,G2819,GU001,GU020,G2887,G2827,G2882,GU005,GM756,G2820,GU024,G2815,GU061,GU029,G5141,G2824,59312,G2829,G2814,GU018,G2884,G2806,GU019,GU034,GU025,G1667,G2854"
116.60,23.90,0.20,0.18,28,"G2817,GU000,G2802,G5141,G2880,G2814,G2815,G2818,GU004,GU036,GU034,G2811,GU031,GU003,GU002,G2886,GU028,GM763,G1667,G5138,GM753,G2810,GU013,G2816,GU074,GM756,G2850,GU061"
116.60,24.00,0.20,0.18,25,"GM753,G5141,G2814,GM763,GU031,G2815,G1657,GU034,G5138,G2817,G1665,GM900,G2802,GU000,G1668,G2838,G1667,G2880,GU055,GM891,G2818,G5143,GM899,G2850,GU004"
116.60,24.10,0.20,0.18,30,"GM900,G1657,G1665,GM891,GM753,GM899,G1653,GM887,GM898,G5144,GM763,G5052,GM894,G1652,G1668,G5155,G5205,G5014,G2814,G5141,GU031,GU067,G2838,G5026,G5138,G5143,G5048,GU034,G5145,G2815"
116.60,24.20,0.20,0.18,24,"G5144,G1653,GM899,G5052,GM891,GM894,GM900,GM887,G5048,GM898,G5026,G1657,G1665,G5145,G1652,G5147,GM885,G5205,G5155,G5014,G5053,G1655,G1697,GM753"
116.60,24.30,0.20,0.18,26,"G5147,GM885,G5053,G1697,G5144,G5048,GM881,G1653,GM884,G5052,G1651,GM894,G5201,59116,GM899,G5047,G5026,GM891,G1655,G5054,G5145,GM887,GM888,GM898,GM900,G5049"
116.60,24.40,0.20,0.18,26,"G5201,GM884,G1651,G5147,GM881,G1697,G5053,G5049,G5047,GM896,GM885,59116,G5050,G1654,GM886,G5024,G1658,G5146,GM897,G1628,GM889,G5023,G1617,G5200,GM893,GM892"
116.60,24.50,0.20,0.18,29,"G5050,G5049,GM896,G5024,GM893,G1654,GM892,G5201,GM884,G1651,GM118,G5046,G5200,G1658,G5047,GM120,GM121,GM881,GM119,G1697,GM113,G5147,G5053,GM897,GM890,GM886,GM112,GM114,59116"
116.70,23.20,0.20,0.18,25,"GD401,G1399,G1332,GD407,G1344,G1334,GD201,59513,G1318,G1305,G4141,G1375,G1386,GD410,G4190,59512,G1385,G1326,G1328,G1327,G4111,G1306,59318,G1329,G1307"
116.70,23.30,0.20,0.18,46,"G1305,G1334,GD201,G4190,G1386,G1385,G1332,59512,G1306,G1326,GD407,G1329,G1307,G1327,G1328,59316,G1399,G4141,GD401,G1302,G1318,G1320,G1322,59513,G1323,59318,G1308,G1325,GD410,G1382,G1383,G1343,G1344,G4102,G4101,G9000,G1321,G1324,G1358,GU039,GU033,G1375,G2823,GU016,G1310,G1311"
116.70,23.40,0.20,0.18,71,"G1323,59316,G1308,G1306,G1322,G1329,G1307,G1383,G1324,G4190,G1320,GU033,GU039,G1385,G1321,G1382,G1305,G1302,G1358,G2823,G1386,59512,GU016,G1326,G1325,G4101,G4102,G1327,G1328,G1359,G2801,GD508,59319,GD201,G9000,G1355,G1334,G1311,GD507,GU014,G1319,G1352,G1310,GU011,59318,GU015,GD510,GU032,GD511,GD512,G1309,G1332,G2920,G1357,G2805,G4141,G1343,G2808,G4158,G4157,GD513,GD407,GU035,G2825,G9004,GD505,GD509,G2813,G1318,G1351,G1399"
116.70,23.50,0.20,0.18,94,"G1355,59319,GU033,G1324,G2823,GU016,GD510,G2801,GU015,G2808,GU039,GD511,G1359,G1358,G1321,G1308,GD505,GD509,G1351,GU032,GU017,GD508,G2805,G1323,G1352,G2825,G1383,GU014,GD504,GU035,G2821,GD513,G1357,GU009,G1322,GD507,G1382,GU011,GU010,G2813,GD503,59316,GU038,G2826,G2828,GU008,GD501,GU037,G1320,G1354,GD502,G1356,G1329,G1307,G1306,G4101,G4102,G1302,G1319,GD512,G1331,GU012,G1311,G2920,G2822,G9004,G1325,G4157,G4158,GU019,G2829,G2884,GU030,GU026,G2806,G1310,G9000,G4190,G1326,G1309,G1385,GU007,G2990,59512,59312,G1386,GU018,G1305,G2812,G2882,G2824,G4154,G4155,GU025"
116.70,23.60,0.20,0.18,83,"GU017,GU038,G2828,GD505,G1351,GD509,GU010,GD504,G2821,G2808,GU019,GD510,G2829,GU037,GU026,59312,G2822,G1355,G2884,GU015,GD511,G2825,GU025,GU008,GD503,G2882,G2887,59319,GU009,G2806,G2826,GD502,GU035,G2885,GU030,G2807,G2805,GU023,GU021,G1331,GU018,GU020,GD501,GU022,GU032,GD513,G2824,G2801,G1356,GU052,G2813,G1352,G1357,G2812,GU033,G1359,G2823,GU016,GU014,GU024,G1354,G1324,GU007,GD508,G2827,GU039,GD506,G1358,GU011,G1321,G1353,G2816,GU012,GD507,GU013,G1308,G2990,GU005,G8968,GU006,G1383,GU001,G2923"
116.70,23.70,0.20,0.18,68,"GU023,59312,GU021,GU025,G2807,GU019,GU024,G2885,G2887,GU022,G2816,GU026,G2829,G2882,G2828,GU020,GU038,GU013,G2822,G2884,GU010,GU052,GU037,G2806,GU017,G2824,GU018,G2821,G2810,GU003,GD504,GU028,GD505,G1351,G2858,GU061,GD509,G2827,G2854,GU030,GU008,GU004,G2818,GU006,GU036,GD503,G2808,G2886,G1331,GU001,GD502,G2812,GD510,GU005,G2826,G2825,G2832,GU009,GD501,GD511,GU015,G2819,G2880,G2843,G1355,GU002,GU035,GU062"
116.70,23.80,0.20,0.18,46,"GU028,GU003,G2816,G2886,G2818,GU061,GU004,GU024,GU013,G2854,GU036,G2802,GU023,GU021,G2880,G2807,GU022,GU000,G2810,G2885,GU025,G2817,GU064,GU074,59312,G2887,G2815,G2889,G2858,G2882,GU034,GU020,GU002,GU019,G2811,GU073,GU026,G2829,G2850,GU031,G2814,G2837,GU052,GU006,G2822,G2884"
116.70,23.90,0.20,0.18,35,"G2802,G2815,GU034,G2886,GU031,GU074,GU028,GU003,G2814,G2818,G2850,G2817,GU073,GU004,G2889,GU061,GM763,GU000,GU055,G2880,GU036,G2854,G5141,G2804,G2857,GU064,G2816,GM753,G2838,GU013,G2837,G2811,GU024,G2849,G2831"
116.70,24.00,0.20,0.18,31,"GM763,GU031,GU034,GM753,G2838,G2814,G2815,GU055,G2850,G1657,G2804,GU074,G2802,GU067,GU073,G5141,G2855,G1652,G2889,G2851,G2817,G5155,G5205,G2886,GM898,GM900,G2857,GU063,GU028,G2818,GU003"
116.70,24.10,0.20,0.18,32,"G1652,G1657,GM898,G5155,G5205,GU067,G2838,GM753,G2855,GM763,GM899,GU063,GM900,G1653,G5145,GU055,G5144,GU031,G5057,G5048,GM891,G2851,G2814,GU034,G2804,G2833,G1665,G2815,G5052,G2871,G5027,G2850"
116.70,24.20,0.20,0.18,30,"G5048,GM898,G5145,G1653,G1652,GM899,G5155,G5205,G5144,G5057,GM888,G5051,GU063,GU067,G5054,GM900,G1657,G5052,G2855,GM891,G5147,G5055,59116,G1697,GM894,G5027,G2838,GM881,GM753,G5152"
116.70,24.30,0.20,0.18,31,"59116,G1697,G5048,G5054,G5147,GM881,GM888,G5145,G5051,GM889,G5144,G1653,GM884,G5146,G5152,GM899,G5055,GM898,G5057,G5201,GM885,GM897,G1652,G1651,G5053,G5205,G5155,G5052,G5056,G5049,GM894"
116.70,24.40,0.20,0.18,25,"GM881,59116,G1697,GM884,G5146,GM889,GM897,G5049,G5147,G1658,G5201,GM890,G5054,G1654,G5200,G5056,G1651,G5152,GM888,G5050,G5048,GM896,G5053,G5051,GM885"
116.70,24.50,0.20,0.18,24,"G1654,G5200,G1658,G5049,GM890,GM897,G5050,GM892,GM884,G5146,G5046,GM881,G5201,GM893,GM889,GM896,G5056,59116,G1697,G1651,G5024,G1656,GM118,G5147"
116.80,23.30,0.20,0.18,38,"G1327,G1328,G1334,G1326,59512,59513,G1399,G1307,G1329,G1325,G1320,G1305,G4101,G4102,G1322,G1306,G1310,G4190,G1311,G1386,G1309,G1385,G1319,G1332,GD201,59316,G1323,G1308,G1321,GD512,G1358,GD407,GD401,G4158,G4157,GD507,GD508,G1302"
116.80,23.40,0.20,0.18,63,"G4102,G4101,G1325,G1320,G1311,G1322,G1310,G1319,G1307,G1309,G1329,G1326,G1321,G1327,G1328,GD512,G1358,GD507,GD508,G1308,59512,G4157,G4158,G1359,G1323,G1352,G1306,G1324,G1357,59316,G1305,G4163,GU033,59319,G1334,GD513,G4190,GD601,G2823,G1354,GU016,G1385,GD511,G1386,G1383,GU039,G1355,G1361,G4155,G4154,59513,G1356,G1302,G1382,GD510,G2801,G4162,G4161,GD501,G1399,GD201,59311,G2867"
116.80,23.50,0.20,0.18,84,"G1352,G1357,GD508,GD507,GD513,G1359,G1354,GD511,G1358,59319,G1356,GD512,G1321,G4158,G4157,GD501,G1319,G1311,GD503,GD502,G1355,G4154,G4155,GD510,GD504,G1309,G1324,G1310,G1331,G4101,G4102,GD509,G1351,G1308,G1322,GD505,G1320,GU033,G1325,GU037,G4153,G4152,GD506,GU010,G1353,G2808,G2823,G1323,GU016,G4163,G2867,GU017,G2822,G1307,G1329,GU039,G2834,G2828,G2801,GU015,GD601,G1361,GU026,GU038,G1326,G1383,59316,G2821,GU057,G1327,G1328,GU052,G2825,G1306,59512,GU032,G2805,G4162,G4161,G2845,G2844,G2860,GU014,GU035"
116.80,23.60,0.20,0.18,77,"G1331,GD502,GD503,GU037,GD501,G2822,G1356,GU010,GD504,GD506,GU052,GU026,GD513,G1353,G1351,G1354,GD509,G2828,GD511,GD505,G1357,G2885,G1352,GU025,GD510,GU017,59319,GU038,G1355,G4155,G4154,G4153,G4152,GU019,59312,GU062,G2808,G2832,G1359,GD508,G2845,GD507,G2821,G2858,G2829,GU024,GU072,G2867,G4158,G4157,GU057,G2834,GU015,G1358,GD512,GU023,G1321,G2869,G2868,G2887,GU021,G2843,G2825,G1324,G2884,G2807,G2841,GU058,G2882,GU033,G1319,GU008,G2801,GU022,G2823,G1311,GU016"
116.80,23.70,0.20,0.18,63,"GU052,G2885,G2858,GU024,GU026,GU025,G2832,G2822,GU062,G2843,GU037,59312,G2854,G1331,G2828,GU010,GU072,GU058,GU023,GU019,GD506,GU061,GD502,GD503,G1353,GU021,G2841,G2816,GD501,GD504,GU059,G2807,GU038,GU064,G1356,G1351,G2829,G2887,GD509,G2859,G2845,GU022,GD505,GU028,G2882,GU017,GU003,G2886,G2842,G1354,GD513,G2840,GU013,G2837,GD511,G2870,G2884,GU020,GD510,G2831,G2821,G4153,G4152"
116.80,23.80,0.20,0.18,43,"G2854,GU061,GU064,G2858,GU024,G2837,G2886,GU028,G2889,G2843,G2831,GU003,GU074,G2885,GU073,G2832,G2816,G2857,G2840,GU058,GU052,GU025,G2850,G2818,G2849,G2859,GU023,GU062,GU059,G2802,GU072,GU026,GU004,G2841,G2848,GU021,59312,GU013,G2822,G2807,GU065,GU034,GU036"
116.80,23.90,0.20,0.18,35,"G2889,GU073,GU074,G2850,G2857,GU064,G2837,G2849,G2804,G2886,GU061,G2831,GU055,G2854,GU034,GU028,G2848,GU031,G2802,G2815,GU003,GU070,G2838,GU071,GU069,G2818,G2830,G2851,G2840,G2814,GM763,G2858,GU004,GU024,G2843"
116.80,24.00,0.20,0.18,37,"GU055,G2804,G2838,G2850,G2851,GU073,GU074,G2857,G2855,G2830,G2889,GU067,GU031,GU034,G2849,GM763,G2833,GU063,G2815,G2871,GU069,GU070,GM753,G2814,G5205,G5155,G2848,G1652,G2837,GU053,GU071,G2831,G1657,G2886,G2802,GU054,GU064"
116.80,24.10,0.20,0.18,30,"G2855,GU067,GU063,G5155,G5205,G2833,G2838,G2851,G1652,G2871,G5057,G5027,GM898,GU053,GU055,G2804,GU054,G5145,G2830,G1657,GM763,G2852,GM753,G2850,G5051,G5055,GU031,G5048,GM899,GU073"
116.80,24.20,0.20,0.18,30,"G5057,G5145,G5051,GU063,G5027,G5155,G5205,G5055,GM888,G1652,GM898,G2855,GU067,G5048,G5054,G1650,G2871,G2833,G2852,GU053,G5152,GU054,G1653,GM899,G2851,G5144,G2838,59116,GM895,GM889"
116.80,24.30,0.20,0.18,26,"GM888,G5054,G5051,G5152,G5055,GM889,G1650,59116,G5145,GM895,G5057,G5146,G5048,G5056,GM881,G1697,G5027,GM897,G5147,G2852,G5205,G5155,GU063,GM898,G1652,GM890"
116.80,24.40,0.20,0.18,21,"G5146,GM889,G5056,GM897,G5152,GM890,59116,GM895,G1658,G5054,GM881,G5200,GM888,G1697,G5051,G5055,G5049,GM884,G1654,G1650,G5147"
116.90,23.30,0.20,0.18,29,"59513,G1327,G1328,G1325,G1310,G1309,G4101,G4102,G1326,G1311,GD601,G1319,G1334,59512,59311,G1399,G4163,G1320,G1361,G4162,G4161,G1307,G1329,GD512,G1365,G4158,G4157,G1322,59324"
116.90,23.40,0.20,0.18,48,"G1309,G4163,G1310,GD601,G1311,G1319,G1361,GD512,G4157,G4158,G4162,G4161,G4102,G4101,G1325,59311,GD507,G1320,G1365,59324,G1327,G1328,G4155,G4154,G2867,GD508,G1322,G1326,G2834,G1352,G1357,G1321,G1307,G1329,G1358,G1359,G1354,G2860,G2844,G4152,G4153,59512,GD513,GD604,G1308,GD602,G1356,GU057"
116.90,23.50,0.20,0.18,62,"G4155,G4154,G2867,G4158,G4157,G4153,G4152,G2834,G4163,GD512,G1354,GD601,G1361,GD507,GU057,G1357,G2844,G2860,G1309,G1319,G1356,G4161,G4162,G1311,G1352,GD513,G1353,G1310,GD506,GD501,GD508,59311,GD502,G1331,G1359,GU056,G4102,G4101,G2845,GD503,G2869,G2868,59324,G1325,G1358,GD511,G1321,G1365,59319,G1320,GU037,GD504,G2873,G1322,GD604,G1355,G1351,GD509,GD602,GU010,G2861,GU062"
116.90,23.60,0.20,0.18,67,"G1353,GD506,G2845,G4152,G4153,GU057,G2869,G2868,G4154,G4155,G1331,G2834,GU062,G1356,G2867,GD501,GD502,G1354,GU072,G2832,GD503,GU052,G2842,G2841,G2870,G2844,G2860,GU056,G2873,GD513,GU037,G1357,GU058,G2822,GU059,59313,G1352,G4157,G4158,G2843,GU010,GD504,GU026,G2858,GD507,GD511,GU060,G4163,G2859,GD512,G2885,G1351,GD508,GD509,G2828,G1361,GD601,G1359,GD505,G2861,GU025,G2835,59319,G4161,G4162,GU068,G1319"
116.90,23.70,0.20,0.18,52,"GU072,GU062,G2832,GU058,G2841,G2843,GU059,G2859,G2858,G2842,G2845,G2870,GU052,59313,GD506,G1353,G2869,G2868,GU065,G2840,G1331,G2885,GU068,G2847,G2822,G2873,G2854,GU057,GU064,GD502,GU026,GU024,GU060,G4152,G4153,GU037,GD501,GU051,GD503,G1356,GU025,G2831,G2837,GU061,G2853,G2834,G4155,G4154,GU010,GU056,G1354,G2867"
116.90,23.80,0.20,0.18,38,"G2840,G2843,G2831,G2837,GU064,G2859,GU058,GU059,GU065,G2858,GU051,G2854,G2853,G2841,G2832,G2848,GU072,G2847,G2849,GU061,GU062,G2889,G2857,GU071,59313,G2870,G2842,GU073,GU068,GU070,GU052,GU024,GU074,G2885,G2886,GU069,G2850,G2845"
116.90,23.90,0.20,0.18,30,"G2849,G2848,G2831,G2857,G2837,GU071,GU070,G2889,GU069,GU064,GU073,G2840,G2853,G2804,G2850,GU074,G2830,GU051,G2854,GU055,GU061,GU065,G2851,G2859,G2843,G2886,G2847,G2858,GU058,GU059"
116.90,24.00,0.20,0.18,25,"G2830,GU069,G2851,GU070,G2804,G2849,GU071,G2857,G2848,G2833,GU055,G2871,GU073,G2850,GU053,GU054,G2889,G2855,G2838,G2831,GU074,G2837,GU067,GU063,GU064"
116.90,24.10,0.20,0.18,22,"G2871,G2833,GU053,GU054,G2851,G2830,G5027,G2855,GU063,G2852,GU067,G5057,G2804,GU069,G2838,G5205,G5155,GU055,GU070,G1652,G1650,G5055"
116.90,24.20,0.20,0.18,22,"G2852,G5027,G1650,GU053,G5055,G5057,GU054,G2871,G2833,G5051,GU063,G2855,GM888,G5145,G5152,G5205,G5155,GU067,GM895,G2851,G5054,G1652"
117.00,23.40,0.20,0.18,41,"59311,G1365,59324,G4161,G4162,G1361,GD601,GD604,G4163,GD602,G1363,G4191,G2844,G2860,G1367,59325,G1314,G1315,G1312,G1313,G1364,G1309,GD603,G2867,G2834,G1310,G4157,G4158,GD512,G1319,G1311,G4154,G4155,GU056,GU057,G4152,G4153,G4101,G4102,G1325,G2861"
117.00,23.50,0.20,0.18,56,"G2844,G2860,G2834,G2867,GU056,G4162,G4161,G1361,59324,GU057,59311,GD601,G4163,G1365,GD604,GD602,G4153,G4152,G2861,G4191,G1364,G4154,G4155,GD603,G2835,G2868,G2869,G1314,G1315,G2873,G2846,G4158,G4157,G1363,G2845,G1312,G1313,G2875,GD512,G1353,GU066,G1309,59325,G1367,G1354,GD506,G1319,G1310,GU060,G1311,G2803,G1356,GD507,G2842,G1357,G2870"
117.00,23.60,0.20,0.18,56,"G2868,G2869,G2873,GU056,GU057,G2845,G2844,G2860,G2842,GU060,G2870,G2834,G2861,G2835,G4152,G4153,59313,G2867,GU066,G2846,G1353,GU072,G2841,G4154,G4155,GD506,GU062,GU068,G2803,G2875,GU059,G2836,G2872,GU058,G2832,G1364,G2859,GD603,G4161,G4162,G1361,G1356,G1354,G1331,G4163,G4191,G2847,GD601,GD501,GD602,GU065,GD604,59324,G2843,GD502,59311"
117.00,23.70,0.20,0.18,40,"59313,G2870,G2842,GU068,G2841,GU059,GU060,G2859,G2847,GU065,GU072,GU058,G2873,G2869,G2868,G2845,GU062,G2843,G2832,G2840,GU051,GU066,GU057,GU056,G2853,G2835,G2858,G1353,G2803,G2861,GD506,G2836,G2872,G2846,G4153,G4152,G2834,G2860,G2844,GU052"
117.00,23.80,0.20,0.18,27,"GU051,GU065,G2847,G2853,G2840,G2859,GU068,GU059,GU058,59313,G2841,G2831,G2843,G2870,G2848,G2842,G2837,GU072,GU071,GU060,GU064,G2832,GU062,G2849,GU070,G2858,GU069"
117.10,23.40,0.20,0.18,27,"G1363,G1367,59325,GD604,G1312,G1313,GD602,G4191,G1314,G1315,G1365,59324,G1364,GD603,59311,G4162,G4161,G1361,GD601,G2844,G2860,G2861,G4163,G2875,G2846,G2835,GU056"
117.10,23.50,0.20,0.18,38,"G1364,GD603,G4191,G1314,G1315,GD602,G2861,GD604,G1312,G1313,G2846,G2875,G2835,G1363,59324,GU056,G1367,59325,G2860,G2844,G1365,GU066,G2803,G4162,G4161,G2836,G2872,59311,G2873,G2834,G1361,GU057,G2867,GD601,G2868,G2869,GU060,G4163"
117.10,23.60,0.20,0.18,34,"GU066,G2835,G2846,G2803,G2861,G2875,G2836,G2872,G2873,GU060,GU056,G2869,G2868,G1364,GD603,G2844,G2860,G2870,59313,G2842,GU057,GU068,G1314,G1315,G4191,G2845,G2834,GD602,GD604,G2867,G1313,G1312,G4152,G4153"
117.10,23.70,0.20,0.18,27,"GU060,GU068,GU066,59313,G2872,G2836,G2847,G2803,G2870,G2873,G2842,G2835,GU065,G2846,G2875,G2861,G2869,G2868,GU059,G2841,G2859,GU051,GU056,GU072,GU058,G2845,G2853"
117.20,23.50,0.20,0.18,23,"GD603,G1315,G1314,G1364,G1313,G1312,G2875,G2846,G4191,G1367,59325,GD602,G2803,G2861,G2836,G2872,G1363,G2835,GD604,GU066,59324,GU056,G1365"
