lon,lat,radius_lon,radius_lat,count,neighbors
109.75,20.75,0.48,0.45,56,"G2487,GG205,GG209,GG203,GG213,G2484,G7413,GG207,G7414,G2416,GG210,GG211,G7418,GG201,GG208,G7475,G7474,G2485,G7412,GG312,G2477,G7417,G7416,G2486,GG317,GG217,G7510,G7434,G2489,GG215,G7419,GG214,G2402,59750,G2481,GG106,G7410,GG204,G7431,G2482,G7524,G2480,GG212,G7445,G7525,GG202,G7415,GG216,GG206,G7542,G2405,GG310,G7536,G7537,GG218,GG309"
109.75,21.00,0.48,0.45,65,"G2477,GG312,G7414,GG210,GG317,G7434,GG213,G7431,GG211,G2484,GG205,GG310,G7537,G7536,GG212,GG309,GG214,G7418,G2471,G7534,G7535,G2487,G2402,G2480,GG215,G2475,G7439,G2472,GG203,G7510,G7474,59750,G2405,GG217,G7419,GG209,G7416,GG207,G2481,G2470,G7415,GG318,G2416,G7412,G7473,G7432,GG315,G7433,G7413,G7436,G7524,G2426,GG304,GG316,GG301,GG313,GG314,G2474,GG302,G7475,G7525,G7531,G7430,GG305,GG308"
109.75,21.25,0.48,0.45,73,"G2472,G7534,G7535,G2471,GG310,G7536,G7537,GG318,G7431,GG309,G7439,G2475,GG315,G7433,GG212,G7434,GG317,G2474,G2477,G7566,G7565,GG312,G7432,GG316,GG301,GG210,G7468,GG308,G7461,G2480,GG214,G7414,G7436,G2470,GG305,GG415,GG304,GG405,G7567,G2462,GG314,G2402,GG306,GG211,G7470,GG412,G7473,G2405,G7471,G2468,G7472,GG215,G7460,G2473,GG213,GG313,G7531,GG307,G2476,G2400,G7418,GG413,G2466,G2484,59750,G2404,G7510,GG302,G7415,G2426,G7430,GG205,GG411"
109.75,21.50,0.48,0.45,61,"G7566,G7565,G7567,G7461,GG405,G2468,GG412,G7470,GG415,G7468,GG318,GG413,G2474,G2466,GG315,G7433,G7471,G2472,GG411,G2462,G7534,G7535,G2471,GG404,G7465,G7460,GG316,GG308,G7439,G7472,G2475,G7536,G7537,GG310,GG306,GG410,G2467,G7432,GG403,GG301,GG309,GG305,G7431,GG307,G2464,G7463,G2473,GG402,GG421,GG212,GG304,G7467,G7436,GG314,GG407,GG406,G2404,GG409,G7434,GG317,G7466"
110.00,20.50,0.48,0.45,79,"GG204,G7410,G7417,G2486,G7542,G7475,GG201,G7440,G7445,GG206,GG106,G2485,GG208,GG111,G7447,G7413,GG103,GG218,G2489,G7441,G7443,59759,G7548,GG207,G2441,GG104,G2416,G2442,GG105,GG101,G2482,G7412,GG108,GG110,GG203,G7544,G2488,GG209,G7570,G7571,G7448,59754,G7543,G2449,G2440,G2444,GG107,GG216,GG202,GG102,G7474,G7442,G2487,G7416,G7540,GG109,G7525,G7516,G7517,G2446,G2484,GG217,GG205,G7418,G7444,GG219,G2448,G7411,G7513,G7510,GG213,G7419,G7524,G2481,G2483,G2443,G7541,59755,GG211"
110.00,20.75,0.48,0.45,80,"G2416,G7412,GG207,G7474,GG203,G7416,G2489,G7475,GG217,G7418,G2486,G7413,G2482,G2484,G7510,GG202,GG216,G7419,G7525,G2481,GG211,G7524,59750,G2487,GG209,GG213,GG215,GG218,G7410,GG201,GG205,GG204,GG206,G7415,G2402,G7417,G7411,G7513,G2488,GG208,GG214,G7414,G2485,G7440,GG101,G7517,G7516,G2405,G7443,GG219,G2483,G2480,G2426,GG107,GG317,G7434,G7542,G7441,G2446,GG210,GG106,GG104,G7445,G7447,G2477,GG212,GG312,G7473,G7422,GG103,G2444,GG111,G2470,G7430,59755,GG302,G7544,G7444,G7548,GG309"
110.00,21.00,0.48,0.45,107,"G2402,GG215,GG214,59750,G2480,G7510,G2405,G7419,G7415,GG211,G7418,G2481,GG217,GG212,G7416,G7473,G7524,G2426,G7434,G2470,G7474,GG317,G2484,G7414,GG309,G7430,GG302,GG313,GG213,G7436,G7412,G7525,G2475,G7439,G2416,G7531,GG304,GG203,G2477,G7431,GG314,G7432,GG012,GG207,GG312,GG202,G2471,GG210,GG216,G2400,GG310,GG205,GG010,G7535,G7534,GG011,GG301,G7537,G7536,G2476,G7422,59658,G7513,G2487,G2489,GG305,GG316,G7411,G2482,G7433,GG315,G2472,GG002,GG308,GG001,G7423,G7413,G2473,G2425,GG007,G7475,GG003,GG209,G2483,GG318,G2409,G2408,G2404,G2486,G2474,GG306,GG006,GG307,G2411,G2410,GG219,G7491,G2421,G2420,G7516,G7517,G2422,G2478,59657,GG218,G7490,G2479"
110.00,21.25,0.48,0.45,124,"G7432,GG301,G7436,GG316,GG304,GG305,GG314,G2475,G7433,G7439,GG308,G2470,GG315,GG212,GG309,G7473,G7531,GG313,G2476,G2473,G2400,G2480,GG306,G2474,GG307,G2471,G2405,G2404,GG302,G2462,G7535,G7534,G2472,GG214,GG318,G7472,G7430,GG001,GG011,GG012,G2402,G7460,G7434,GG310,G7468,G2426,GG317,G7537,G7536,G7431,GG007,G2479,GG215,G2425,G7471,59650,GG010,G7415,G2478,G7565,G7566,59750,59658,G7532,G7435,GG415,G7438,G2421,GG006,G7461,GG211,GG003,G7510,GG303,GG002,G7467,G7419,G2481,GG311,G7423,G2477,G7470,GG408,G7418,GG405,G7414,GG312,GG412,G7524,G7465,G7491,G2420,GG217,G2409,G2408,G7437,G2410,G2411,G2466,GG414,G2423,G2412,G2413,G7567,GG421,G7521,GG411,G7490,GG210,G7422,G7416,G7463,GG413,GG416,59657,GG213,G7474,G2484,G2428,G2468,GG410,G7469,G2460,G7563"
110.00,21.50,0.48,0.45,112,"G7471,G2462,G7460,G7468,G7472,GG415,GG306,G7465,G2474,GG308,G2466,G7470,GG411,GG307,G7461,GG412,GG316,GG405,G7467,GG421,G7433,GG410,G2473,GG315,G7463,G7565,G7566,GG301,GG305,GG413,G2467,GG404,G2404,G7432,G7438,G7435,G7567,GG402,59650,GG407,GG403,GG318,G2479,G2468,GG304,GG408,GG416,G7532,G7563,GG314,G2476,G2465,G2463,G7436,G7439,G2475,GG311,G2400,GG001,G2464,G7469,G7466,59654,G2472,GG303,G7531,G2478,GG409,GG406,GG414,G2471,G7534,G7535,GG309,GG007,GG313,G2470,G2425,G7462,GG419,GG401,GG011,G2460,G7437,G2407,G7473,GG212,GG420,G2421,GG418,GG310,GG012,G7537,G7536,G7464,GG006,GG302,GG417,GK213,G2480,G7430,G7821,G2428,G7560,G7431,GG010,GG003,G2412,G2413,G2405,59658,GG005"
110.00,21.75,0.48,0.45,76,"GG403,G2467,GG404,G2464,GG410,GG402,GG406,GG409,GG411,G7466,GG407,G7465,G2466,G7463,GG413,GG418,GG417,GG421,G7464,G7470,GG419,GG412,G7471,GG415,G2465,GG405,G7563,G7462,G2468,G7460,G7468,G7461,G7467,G7567,G2462,G2463,G7472,59654,GG416,G7560,G2461,GG401,G7565,G7566,GG306,G7469,G2474,G7820,G7438,GG307,GG408,G7435,GK213,G7829,GG308,G2407,GK215,G7821,GK218,G2473,59650,GG316,G7532,G7433,GG315,G2552,G2479,G2404,GG311,GG420,GG305,GK205,GG301,G2551,G2460,GG414"
110.25,20.50,0.48,0.45,73,"G7443,GG104,G7441,G2444,GG101,G7544,GG206,G7440,GG107,GG218,GG103,GG102,G2488,GG109,G7442,GG110,G7447,G7410,GG204,G7444,G7548,G7540,G2446,G2441,GG108,GG111,G2443,G7541,G2486,G7516,G7517,G2482,G2448,G7446,G2440,G2489,G2449,59755,G7542,GG219,G2447,G2445,59754,GG216,G7543,G7571,G7570,GG202,G7475,G7448,G2483,G7411,59759,G7513,G7445,G7417,G7525,G7412,G2416,GG201,GG106,GG207,G2442,G2485,G7416,GG105,GG208,G7413,G7474,GG217,G7524,GG203,G2481"
110.25,20.75,0.48,0.45,92,"GG216,GG202,G7411,G2482,G7513,G7517,G7516,GG219,G2483,G7525,G2488,G2489,GG218,G2446,GG101,GG107,G7524,G7412,59755,G7416,GG217,G2481,GG206,G7419,G2416,G7474,G7444,G2486,G7443,G7422,G7510,G7541,G7415,G7410,G2444,59750,G7475,GG207,G7440,GG204,GG104,G7441,GG109,G7418,G2426,GG215,G7446,GG203,G7544,G2402,GG102,G2405,GG103,G7442,G2422,59751,G2401,G7447,GG211,G7430,G7522,G7523,G2443,G7413,GG214,G2484,GG110,GG302,G2414,G2415,G2445,G2447,GG010,GG201,G2480,G7473,59658,G7417,G2409,G2408,G7548,G7540,GG002,GG111,GG012,G7542,G2441,G7423,59657,G2470,GG313,GG213"
110.25,21.00,0.48,0.45,118,"G7422,G2426,G7415,G7524,G7430,GG302,GG010,59658,G2481,GG012,59750,G7419,G2405,GG002,G7525,G7513,G7473,G7411,G2408,G2409,G7423,G2422,GG313,G7510,GG215,GG011,GG217,G2402,GG003,G2470,G7531,59657,GG202,G2410,G2411,G2483,G2415,G2414,GG216,G7416,G7523,G7522,G7491,G2480,G2420,G2401,59751,G2400,G7490,GG214,G7436,G2425,GG007,GG006,GG219,G2476,G7474,GG314,GG304,G2421,G7418,G2423,GG001,G2482,G2424,G7516,G7517,G7412,G7521,G2412,G2413,GG211,G2478,GG212,G2489,G2416,G2427,G7432,GG305,G2404,GG301,G2473,G2488,G2446,G2479,59755,G7434,GG303,GG207,GG004,GG316,G2484,59650,G2475,GG218,GG317,GG309,G7420,G7439,G7532,G7437,GG308,GG307,GG203,G2428,G7457,GG101,G2406,G2403,GG107,G7458,GG311,G7421,G7414,GG306,G2486,GG213,G7435"
110.25,21.25,0.48,0.45,142,"GG011,GG007,G2425,GG001,G2400,G2476,GG012,G2421,GG006,G7531,G2478,GG010,GG003,59658,GG313,G2404,GG302,GG002,G7423,GG314,G7430,G2479,G7491,G2420,GG304,59650,G2473,GG303,G2423,G2413,G2412,G2411,G2410,G7436,G7532,G7521,G2408,G2409,GG305,G7490,G7473,GG307,GG311,G7437,G2470,G7435,59657,GG301,G2426,G7438,G2428,GG414,G7432,GG306,GG408,GG308,G2427,GG316,G2405,GG005,G7472,G2422,G7422,G7421,G2460,G7467,G2480,G7460,G2414,G2415,G2462,G7415,G7457,G7523,G7522,GG420,G7433,G7458,G2402,G2424,GG013,G7456,GG315,G7469,GG416,G7420,59750,G2451,GG214,G2475,GG212,GG215,G7439,GG503,GG004,59751,G2401,G2474,G7524,G2407,G2481,GK211,G2403,G2406,G7471,G2455,G7419,GG309,G2463,GG421,G7563,G7510,G2554,59654,G7468,G7459,G7463,GG217,G7465,GG504,G2457,GG401,G7525,G2471,G2465,G7434,G7814,G7513,G7821,G7966,GG318,GK222,GG415,GK213,G7411,G7534,G7535,GG317,G2472,G7416,G7418,G7453"
110.25,21.50,0.48,0.45,160,"GG408,G7438,G7435,G7467,GG416,GG311,G7532,59650,G7469,GG414,G2479,G2463,G7563,GG303,G2460,59654,GG421,GG307,GG420,G2407,G2404,G7437,G2478,G7460,G7472,G2473,G2465,G7463,GG401,GG306,GG001,G2462,G2428,GK213,G7821,GG005,GG007,G2554,G7465,G2425,GG407,G7471,G2421,G7462,GG305,G7456,G2476,GG308,GG006,G2400,G2413,G2412,GK218,GK211,GG301,G2557,GG402,GG410,GG316,GG314,G7829,G7521,G2551,GG011,GK226,G7421,G7814,GG304,G2423,GG419,G7531,G2467,G7560,G7468,GG003,GG411,G7824,G7466,G7436,G2420,G7432,G7491,G2455,GG012,G2474,GG313,G2427,GK222,G2466,GG415,G7966,G7815,GK215,G7423,GK224,G7490,GK225,GG404,GK217,GG010,59658,G7457,GG002,G2411,G2410,G7433,GG403,G7820,G2451,GG315,G7464,GG013,GG409,GG302,G7470,G7831,GG418,G7822,G7430,GK220,G2408,G2409,G2470,GG503,G7458,G7701,G2464,GG412,59657,G7473,GK214,G7453,GG406,G2461,G2552,GG413,G7461,59655,GK212,GG417,GG405,G7823,G7565,G7566,GG504,G7420,G2458,GK210,G2457,G7439,G2475,G7816,GK221,G2453,G7817,G7459,G7813,G7451,G2403,G2406"
110.25,21.75,0.48,0.45,115,"G7462,GG419,G2465,G7560,GG407,G7464,G7563,GG401,59654,G7466,G2463,GG418,G7820,GG402,G7463,G7829,G2461,GG421,GK213,GG416,GK215,GK218,GG417,G7821,GG409,G7469,G2552,G2551,G2407,GG410,GK224,G2467,GG406,G7467,GK214,G7465,G2464,GK226,GK225,GG403,GG420,G2557,GG408,GG404,G7828,GK205,G7822,G7824,G2554,G2460,GK212,G7438,GG411,G7435,G7813,GK223,GG414,G2505,G7460,GK209,GG311,59655,G7471,G7814,G2466,GK202,G7472,G7532,G7701,G7812,G7819,59650,GK220,G7816,G7831,G2462,G2479,GG303,GK217,GG307,G7456,GK204,G7437,GG306,GK211,GK206,GG413,G2550,G2553,G7815,GK222,GG415,G7470,GK201,G2404,G7827,GG005,G7966,G2473,G7468,G2428,GK421,GG412,GK207,G2478,G7830,GK416,GK210,GK402,GK221,G7823,G7865,GG308,GG405,G7869"
110.25,22.00,0.49,0.45,81,"G2461,GK205,G2505,G7464,GG417,GG418,G7830,G2550,G7828,GK207,G7820,GK206,GG419,G7560,GK202,GK209,G7827,G2552,G7466,GG409,G7826,GK204,GK223,GK215,GG406,G7462,G2553,GK214,GK201,GK219,G7812,G7829,G2464,GG407,GG402,GK224,G2465,G2558,G7813,GK218,G2556,G2555,GG401,G7819,GG403,GK225,GK213,GK212,G2467,G2551,59654,G7463,GK216,G7563,G7818,GG410,G7821,GK208,G7822,G2463,GG404,GK402,GK203,GG421,G7811,GK226,G2526,GG416,59655,GK421,G7816,G7465,G2557,G7824,G7469,GK406,G2407,G2528,GG411,GK419,G7865"
110.50,20.50,0.48,0.45,52,"G7446,G2447,G2445,G7541,G2443,G7444,GG109,G2444,59755,GG102,G7442,G2446,GG107,G2448,GG101,G7544,G7540,GG104,G2488,G7443,G7517,G7516,G7441,GG110,GG219,GG218,GG103,G2483,GG206,G7440,G7548,GG108,G2440,G7447,G2441,G2449,G7411,G2482,G7513,G7410,GG216,GG202,GG204,59754,G7543,GG111,G2489,G7570,G7571,G2486,G7448,G7525"
110.50,20.75,0.48,0.45,61,"59755,GG219,G2483,G2446,G7516,G7517,G7541,G7444,G7411,G7513,GG107,G7446,G2488,G2401,59751,GG101,GG216,G7422,GG202,G7523,G7522,GG109,G2444,G2482,G7525,G2447,G2445,G2422,G2414,G2415,GG218,G2443,G7443,G2424,G7524,GG102,GG104,G7442,G2489,GG206,G7441,G7544,G2408,G2409,59657,G2481,GG217,G7419,G7416,G7415,G7440,G2426,GG002,G7412,G2411,G2410,G7540,G7423,G2448,G7410,59658"
110.50,21.00,0.48,0.45,88,"G2401,59751,G7522,G7523,G2415,G2414,G2422,G2424,G7422,59657,G2409,G2408,G2411,G2410,G7490,GG002,G7423,G7491,GG004,G2420,59658,GG003,G7420,GG010,G2483,G2427,G2423,G2406,G2403,G7513,G7411,G7521,GG219,G7458,GG006,G2413,G2412,GG012,G7430,G7457,G2426,G2421,G7459,GG302,GG011,GG503,GG013,G2425,G7517,G7516,G7525,GG007,G7524,59755,G2451,G7415,G7421,GG202,GG216,GG313,G7531,G2446,GG001,G2478,G2481,G2428,G2400,G7473,G2457,GG504,G7419,G2405,59750,GG005,G2476,G7437,G2482,GG303,G7541,GG217,G2470,G2455,G7444,G2488,G7510,GG314,GG215,G7416"
110.50,21.25,0.48,0.45,133,"G2427,G7521,G2423,G7457,G7490,G2413,G2412,G7458,G7420,G2420,G7491,G7421,GG013,G2410,G2411,59657,GG004,GG503,G2403,G2406,G2451,G2428,GG006,G2409,G2408,GG003,G2421,G7423,G7459,GG005,G2424,GG002,G2414,G2415,G7437,G2455,G2422,G2425,GG504,G7523,G7522,GG007,G2457,59658,G2478,GG303,G7456,GG010,GK211,G2401,59751,GG414,GG011,GG001,GG311,G7454,GG012,G7532,G2460,G2453,G7453,G7553,G7552,G2479,59650,G2458,GG420,G7966,G2400,G7422,GK222,G7430,GG408,G2476,GG302,G7435,G2404,G2459,G2554,G7438,G7531,G7815,59656,G7814,GG313,G7455,G2407,G7451,G7817,GK217,G2473,G7469,GG314,GG507,G2450,G2426,G7550,GG307,GG304,G7823,G2557,G7473,GG416,G7436,GG501,GG305,GG505,G7467,GG506,G2454,GG502,G2470,G7831,G7821,G2452,G7824,G2463,GK221,GK226,GK210,59654,GK213,GK806,GK220,G2518,GG306,GG301,GG401,G7563,G2405,G2551,G7415,GK811"
110.50,21.50,0.48,0.45,172,"G7456,GK211,G2554,G7814,GG420,GG005,G2460,GK222,G7966,G7815,G2455,G2407,G2428,GK217,G2557,GG414,G7421,G7437,G7453,G7824,GK226,G7821,G7469,G7831,G2451,GK213,GG311,GG013,G2551,GK220,G2458,G7823,GG303,G7457,GG408,G7817,GG503,G7451,G2453,GG401,G7701,GK218,GK210,GG504,G2412,G2413,GK221,GG416,G2457,59654,G7532,G7458,G2463,G2427,G7438,G7454,G7521,GK225,G7435,G7822,59655,G7829,G2478,G2452,59650,G7563,G2459,G2423,G7552,G7553,G2479,GK224,G7459,G2421,GG006,G7918,G7455,GK212,G7816,G7467,G7420,GG507,G7825,G2403,G2406,G2465,GG007,G7462,G2425,59656,G2454,GK215,G2420,G7490,G7491,GG501,GG001,GG004,GK001,G7869,GK002,GG003,G2517,GK214,G2404,G7550,G2410,G2411,GG502,G7560,GG421,GK806,G7813,G2513,GG505,G7913,GK416,G7423,G2552,59657,G7820,G2450,GG307,G7914,GK811,G2473,GG002,G2409,G2408,G7463,GG011,G7819,G2518,G2476,GG506,GG419,GK421,G2400,59658,G7912,GG407,G7915,GG010,GK413,G7865,G7472,G2424,G2510,G7460,GG306,G7857,GG012,G2509,G7919,G7916,G2456,G2508,G2461,G7531,G2415,G2414,GG305,G2507,GK223,G2515,G7812,G2462,G2422,GG314,G7921,GG402,G7465"
110.50,21.75,0.48,0.45,169,"GK225,GK224,G7822,G2551,GK212,GK218,GK226,G7829,GK214,GK215,G7824,59655,G7813,G2552,G2557,G7701,G7821,G7816,GK213,GK220,G7820,G7819,G7831,GG401,G7560,G7814,G2554,GK217,GK223,GK416,G7812,G7462,GK421,G2407,GK210,G7828,G7869,59654,G2461,G7865,G7815,GK221,GK209,G7825,GG420,GK222,G7823,G7918,GK402,G2463,G7469,G7966,G2465,GK002,GK202,G2528,G7857,GG419,G7563,GK419,GK204,GK211,GK205,GG416,G2460,G7456,G2553,G2452,G7913,GK413,GK401,GK201,G7817,G2505,GK406,GK001,G7912,G7451,G7464,G2526,GK407,G2517,G7914,G7453,GG414,G2555,G7827,GK206,GG408,GG407,G7908,GG418,G2455,G7859,GK216,GG005,GG421,G7860,G2529,G2458,G7466,G7463,G7467,G2556,GG311,G2550,G2558,G7437,G2510,G7907,G2428,GG417,G7438,G7919,G2454,G2453,GK208,GG402,59659,G7435,59653,GK415,G2513,GK219,G7421,G2509,G7861,GG303,GG507,G7532,G2459,G7904,G7915,G7818,GK412,G7455,GG409,G7811,GG501,G2570,G2515,GK806,G7906,G7454,GK436,G2507,G2451,GK207,59650,GK203,GG502,GG504,G7863,G2457,G7553,G7552,G2479,GG013,GK811,G7864,G7916,G7830,GG410,G7457,GG503,G7867,GG406,GG505,59656"
110.50,22.00,0.49,0.45,123,"GK202,GK209,GK204,G2553,GK201,G7828,GK223,G7827,G7812,GK206,G2505,GK205,G2555,G2550,G2556,G2558,GK219,GK216,G2552,G7819,GK402,GK208,GK214,G7813,G7818,G2526,GK207,G7811,G7820,G2461,GK203,GK406,G7826,GK215,G2528,GK421,GK419,G7830,GK401,GK212,GK224,GK412,G7865,G7867,GK415,G7560,GK225,G7822,G7908,GK436,G7816,G7829,G2570,GK407,GK416,GK430,59655,G7857,GK405,G2521,GK218,G7902,G2551,G7861,G2529,G7464,G7701,GG419,G7462,GK226,GK429,59653,G7824,G7869,G7860,G7907,GK213,G7906,GG418,G7821,GK220,G7868,G2557,GK413,GG401,GG417,G7831,G7825,GK432,GK002,G7859,GK426,GK433,G7904,GK611,G7858,G7912,G7918,G2465,GK210,G7862,59654,G7913,G7466,GK221,GK217,GK616,G2530,G2537,G7814,G2463,G2407,G2554,G7563,GG409,G7754,G7823,GG407,G2522,G7909,G7914,GK617,G7864"
110.50,22.25,0.49,0.45,79,"G7826,GK219,GK207,G2558,G7818,GK203,G2550,G7827,GK206,G2556,G7830,G7811,G2521,GK430,GK208,G7867,GK201,G2555,G2553,GK216,GK204,G2505,GK429,GK202,GK405,GK617,G7754,GK412,GK205,GK209,G7767,G2537,G7828,GK611,GK616,G7902,G2526,GK436,GK223,GK415,G7812,G2570,GK406,G7760,GK433,G7858,GK402,G2530,G7868,GK401,G7908,G7819,G2461,G2533,G2528,GK419,G2561,G2552,59456,G7861,GK615,G2569,GK426,GK618,G7813,GK214,GK407,G7820,GK601,GK421,GK606,G7761,GK432,G7962,G7865,G2522,G7906,G7903,G7762"
110.75,21.00,0.48,0.45,51,"G2424,G2401,59751,G7523,G7522,GG004,G2414,G2415,G2406,G2403,G7420,G2422,G7459,G7458,59657,GG503,G2427,G7457,GG013,G7490,G2457,G2409,G2408,GG504,G2411,G2410,G2451,G7553,G7552,G7422,G7491,G2420,G7454,G2423,G2450,G7521,G7423,59656,GG002,G7421,GG506,G2412,G2413,GG003,G2453,G2483,G2459,G7550,59658,G2455,59755"
110.75,21.25,0.48,0.45,117,"G7459,G2406,G2403,G2457,GG504,GG004,G7420,G7553,G7552,GG503,G7454,G7458,59656,GG013,G2451,G2450,G2453,G7457,G2459,G7455,GG506,G7550,G2458,G2455,G7453,GG507,G2427,GG505,G2424,G7421,GG501,G2518,GG502,G2456,G7921,G7451,G2454,GK806,G7817,GK811,G2414,G2415,G2508,G7521,G7490,GK211,GG005,G7522,G7523,59657,G7966,G2423,G2413,G2412,59751,G2401,G7456,GK222,G7735,G7736,G2428,G2513,G2410,G2411,G7815,G2420,G2422,G7491,G2452,G2549,G7823,G2409,G2408,GK217,59664,G7437,G7423,G7814,G7916,GG003,GG006,GK221,G2421,G2517,G7737,G7738,GK210,GG002,GK001,G7915,G2544,G2554,G7719,GK003,G2460,G7831,GG414,G7721,G7918,G7712,GG303,59658,GG420,G2478,G2425,GK220,G2509,GG007,G2507,G7914,G7969,G7825,GG010,GG311,G7731,G7732,G2510"
110.75,21.50,0.48,0.45,164,"G7451,G7817,G2458,GG507,G2459,G7455,G2454,G2453,G7453,GG501,G2452,GG502,G7454,GK806,59656,G7823,G7550,G7552,G7553,GG505,G2513,G7966,GK811,GK221,GK222,G7815,GK210,G2518,G2517,GG504,G2450,GK001,G2457,GK217,G2455,G7918,GG506,G2508,G2456,G7915,G7825,G7831,G7916,GK211,G7814,G7914,G7913,GK220,GK002,G2451,G7921,G2509,G2510,GG503,59664,G7456,G2507,GG013,G7701,G7459,G2549,G7919,G7869,G2515,G7824,G7421,G7736,G7735,G2554,G7457,G7458,G7912,G2557,59655,G7917,G2516,GG005,G7719,G7816,GK413,G2544,G2406,G2403,GK226,59659,GK416,G7420,G7822,G7737,G7738,GK808,G7969,G2428,GG420,G7712,G2551,GG004,GK225,GK212,G2427,G2460,G7723,G7857,G2506,G7859,G7863,GK003,G7821,G2407,G7865,GK421,G7437,GK423,GK224,GK218,G7721,GK213,GG414,G7720,G7715,G2412,G2413,G7813,G7521,G2504,GK807,GK422,G7732,G7731,G7829,G7819,GK802,G7860,G2545,G2423,G7469,G2528,GG401,G7864,G7713,GK419,GK214,GG303,GG311,GK407,GK215,G7904,G7490,G2529,G7907,GG408,G7722,GK425,GK402,59654,G2420,G2424,GK401,G2421,G2541,G7491,GK424,GG006,G2552"
110.75,21.75,0.48,0.45,199,"G7869,GK002,G7825,GK413,GK416,G7913,G7912,G7918,G7857,G7914,G7816,G7865,GK001,GK421,G7859,GK210,GK221,G2517,59655,G7701,G2510,G7919,59659,GK220,G2528,G7860,G2452,GK419,G7831,G7823,GK407,G2509,GK212,G7822,G7819,G2529,G2515,G7813,GK401,G7907,G7863,GK402,G7915,G2507,GK217,G7904,G7817,G7824,59653,G7908,G2513,GK225,G7451,G7864,GK406,G2516,GK423,G7815,G2454,G7916,GK224,GK226,G2504,G7861,GK222,G7906,G7814,G2526,G2557,G7812,G7966,G7917,GK214,GK806,G2551,GK422,GK811,GG501,G2571,GG502,GG507,GK223,GK414,G7862,G7453,G2458,G2552,GK425,GK218,GK415,GK215,59664,GK808,GK427,G7909,G7455,G2554,G7829,G2459,GK802,GG505,G2506,G2570,G7821,GK424,GK432,GK417,GK209,G2453,G2518,G2508,GK436,GK420,G7550,GK211,G2555,GK400,GK213,GK216,G2527,G7713,G2553,GK204,G2549,GK201,GK412,G7719,G7723,59656,GK202,GK426,G7828,G7969,GK804,G7454,G7820,G7720,G7900,G7456,G2456,G2544,G2455,GK807,G7552,G7553,G7868,GK208,G7715,G2556,G2407,G2450,GG506,G7902,GG401,G7853,G2546,G7921,GG420,GK803,G2524,G7736,G7735,G7712,G7811,G7560,G2558,GG504,G2457,G2541,G7738,G7737,G7818,G7867,G7866,G7827,GK203,GK409,G2460,GK205,G2461,GK405,G7462,G2522,G2505,GK206,GK434,59654,G2451,GG005,G7469,G2501,GK003,GK408,GK219,GK403,G2545,GK433,G7851,G7421"
110.75,22.00,0.49,0.45,167,"GK406,G7908,G2526,GK415,GK401,G2570,GK436,G7861,GK407,GK419,GK412,G2528,GK402,G2529,59653,GK216,G7906,G7907,G2555,G7902,GK208,G7860,G7865,GK432,G7868,G7867,G7811,GK426,GK421,G7857,G2556,G7904,GK405,G7862,G7818,GK203,G7812,GK201,G2558,G2553,G7819,G7859,GK433,GK416,GK204,G7909,GK430,GK420,G7858,GK223,GK429,GK413,GK209,G2522,G2571,G2521,G7813,G7864,GK202,GK219,G2524,G7827,G2530,G7912,G7869,GK611,G7816,GK408,G7900,GK212,G7828,GK404,GK427,GK206,GK002,GK434,G7863,59659,GK615,GK414,G7903,GK400,GK214,59655,G7913,G7825,GK616,G2527,GK431,G7822,G2552,G2561,G2504,G7853,GK423,G2537,G2505,GK409,G7914,G7918,G2520,G2550,GK417,GK425,G7851,G7701,GK205,GK225,GK224,G7919,GK422,G2510,G7852,GK220,GK001,GK215,G2572,G7826,G7962,GK424,G7910,GK210,G2509,G2515,G2517,G7831,GK221,G7762,G7754,G7820,GK207,59456,G2523,G2569,G2507,G7824,G2516,GK804,GK617,GK435,G2551,GK226,G7866,G7829,GK802,G2546,G7915,G7823,G2452,GK621,G2461,GK218,G7830,GK217,G2539,G2557,GK803,GK403,G7905,G7713,G7917,GK428,GK609,G7560,G2573,GK601,G2532"
110.75,22.25,0.49,0.45,135,"GK429,G2521,GK430,GK611,GK405,GK616,G2537,G7867,G7902,G7858,GK433,G7754,G2530,GK203,GK617,G7811,GK412,G7818,G2561,GK208,GK436,GK615,59456,G7868,G2570,G2569,GK415,G2556,GK216,G2558,G7962,G7767,G7903,G7762,G7760,G2555,G2522,GK219,GK426,GK601,GK404,GK431,G2539,G2526,GK612,G2538,G7761,GK432,GK609,GK619,G7861,G2533,GK406,GK201,G7852,G7908,GK618,G2553,G7827,GK408,G7906,GK621,G7759,G7826,GK401,GK204,G2524,G7862,G7968,59653,GK206,GK606,GK434,GK402,G7763,G2532,GK407,GK420,G2529,GK419,G2550,G2523,G2572,G2528,G7907,GK202,GK608,G2520,G7909,GK209,G7812,G2534,GK207,G7904,G7860,GK223,GK604,G7764,G2573,G2563,G7851,GK428,G2505,G2571,GK435,G7900,G7865,G7830,G2564,GK421,G7828,GK409,G2562,G7819,G2565,G7905,G7857,GK205,G7961,G2574,G7910,G2566,GK605,G2567,G2568,G7853,G7864,G7758,GK607,G2575,G2576,G7859,GK400,GK427,G7813"
110.75,22.50,0.49,0.45,74,"G7760,G2533,G7767,GK618,GK606,GK617,G7754,G7759,G7761,G2537,G2538,GK601,G7968,GK616,GK612,G7764,59456,G2569,GK605,GK619,GK611,G2539,GK609,G2521,GK429,G2534,G7762,G7758,G2561,G7962,GK430,G2530,GK604,GK615,GK405,G7858,GK433,G2562,G7763,G7867,G7903,GK608,G2531,GK203,GK621,G7765,G7902,G7811,G7818,G2532,GK614,GK431,G3078,G7852,GK208,GK412,GK404,GK602,GK219,GK603,G2558,G2522,G7961,G7868,GW610,G2556,GK436,G9243,G3097,G7826,G2570,G2563,GK216,G3047"
111.00,21.25,0.48,0.45,86,"GG506,G7921,G2450,G2456,G7735,G7736,G2518,G7550,59656,G2508,GG505,GK003,G2549,G7737,G7738,G7721,G7552,G7553,G7731,G7732,GG502,G7455,GK811,GG501,G2544,G2459,GG507,G7712,G7454,GK806,59664,G7719,G2457,GG504,G7459,G2542,G2548,G2454,G2453,G7734,G7733,G7969,G2513,G7722,G7730,G7729,G2545,G7916,G2406,G2403,G2458,G2543,59665,GG004,G7716,G7420,GG503,G7723,G7453,G7451,G7915,G7458,G7917,G7817,G2451,GK808,GG013,G7715,G2507,G2452,G7457,G2506,G7720,G2455,G2517,G2509,G2516,GK807,G2515,GK001,G2510,G2424,G7718,G7920,G7919,G7823"
111.00,21.50,0.48,0.45,155,"G2549,59664,G2508,G7735,G7736,G2544,G7719,G7737,G7738,G2456,G7921,G7712,GK811,G7969,G2518,G7916,GK003,GK806,GG505,G7721,GG502,G7917,G7723,GG506,G2513,GK808,G7915,GG501,G7550,G7732,G7731,G2454,G2507,G2545,G2506,G2450,G2516,G7715,G2515,G2509,GG507,G7720,GK807,G7455,59656,G7722,G2510,G7919,G2517,G2548,G2542,G7730,G7729,G7716,G2459,GK001,G7914,G2452,GK802,G7451,G7713,G2541,G7553,G7552,G7817,59659,G7734,G7733,G7454,G7913,GK423,G2453,G2458,G7863,GK422,G2504,G7918,G2543,59665,G7912,GK002,G7823,GK221,G7453,G7825,GK210,G2457,GK424,GG504,G7718,GK413,GK425,GK804,G7717,GK803,G7869,G7859,G2501,G2540,G7864,G7920,G7966,G7815,GK414,G2546,GK417,GK222,G7725,GK217,G7459,G2455,G7727,G7831,G7922,GK427,GK220,GK809,G7711,G7857,GK416,GK801,GG503,G2451,GQ030,G7860,G7701,G7904,G7866,G2335,G2527,G7739,G7740,GK400,GK805,GG013,G2571,G2547,G7814,GK211,G7816,GQ024,G2369,G2403,G2406,G7458,GK403,59655,G7907,G2332,G7714,GQ025,G7865,G7132,G2529,G7457"
111.00,21.75,0.48,0.45,197,"GK423,G2504,GK422,G7863,G2516,GK802,59659,GK425,G2515,GK424,G7713,G7919,G7917,G2507,G2506,G7864,GK414,G2509,G2510,GK808,GK417,GK804,GK427,G7859,GK807,G7720,G7915,GK803,G7912,G7723,G7914,G2546,G2571,G2527,G7715,G2541,GK400,G7916,G7904,GK413,G7913,G7969,G7860,G7866,G2517,G2501,59664,GK001,G7719,G7907,G7909,GK002,G2544,G7853,G7900,G2529,59653,G2513,GK403,G7862,G7857,GK420,G7712,G7711,G7825,G7869,GK805,G2549,G7906,G7918,G7714,GK811,GK407,G2545,GK806,G2508,G7737,G7738,G7967,GK409,G2452,G2454,GK416,G7861,G7726,G7865,GG502,GK003,G7908,GK432,G7727,G2524,GK419,GG501,G7735,G7736,GK221,G7716,G2518,G2528,GK401,G7721,G7722,GK210,G7851,GK421,G7910,G2456,GG505,G7732,G7731,G7921,G7823,GG507,GK426,G7729,G7730,GK418,GK434,G7817,G7725,G7451,G7816,GK406,G7724,G2548,G7717,G2542,G7550,GK810,G2547,G2520,G7455,GK408,GK402,GK809,GQ025,GG506,G7868,GK220,G7701,G2570,GK415,59655,G7831,GQ016,G2526,G7854,G2459,G7718,G2522,G2450,GK436,59656,G7354,G7819,G2540,GK217,GK801,G2458,G2370,G2525,GQ024,GK435,G2572,G7733,G7734,GK212,G7815,G7813,G2336,G7350,G7349,GK404,G7822,G2453,G7453,G2543,59665,G2335,GK412,GK222,G7966,G7902,G2340,GQ030,G7552,G7553,G7454,G7920,G7905,G7824,GK431,G2523,GK433,G7812,G7132"
111.00,22.00,0.49,0.45,187,"GK420,G7909,G2524,G7900,G7862,G2571,GK432,GK434,GK409,G7853,GK400,GK408,G7851,GK426,G2527,GK427,G7906,G2520,G2522,G7904,G7910,GK414,59653,G7864,G7868,G7861,GK417,G7907,GK404,G2572,G2529,GK425,G7860,GK431,GK435,G7866,GK424,G2570,G7908,G2504,GK403,G7903,G2523,G2546,GK407,GK804,GK433,GK436,G7859,GK422,G7852,GK415,G7863,G7858,G7905,GK423,G7902,GK615,G2525,GK418,G7854,G7714,G2530,GK803,GK401,GK428,G7967,GK412,59659,GK406,G7726,G2573,GK805,GK419,GK802,G2561,G2526,G7857,G2528,GK405,GK413,G7713,G7856,GK410,G7711,GK621,G7912,G2501,G7962,GK611,G2574,G7865,G7762,G7867,GK429,GK402,G2532,G7919,G2563,G2565,G2516,GK421,G2564,G2575,GK216,G2510,G2515,G2576,G2350,G2541,GK416,G7811,GK208,G7354,GK616,G2509,G2506,G7913,GK430,G7914,G2569,G2566,G2568,G2567,G2507,59456,G2503,G2555,G7869,GK002,GK807,GK411,G2521,G2539,G7917,G7855,GK203,GK808,G7763,G7720,GQ016,GK609,G7818,G7724,G2537,GK608,G2556,GK607,G2340,G7915,G7825,G7727,G7715,GK810,G7322,G7819,G7901,GK001,G7723,GK619,G7356,G2558,G2517,GQ057,G7918,GQ049,GK601,G7812,G7961,GK612,G7816,G7916,GK201,G7757,G2553,GQ025,G7969,G2538,G7813,G2560,G2547,G7349,G7350,GK204,G7754,GK223,G2370"
111.00,22.25,0.49,0.45,158,"G7903,GK615,G7962,GK431,G7852,G7762,G2561,GK621,GK404,G2530,G2532,G2569,G2539,59456,GK609,G2523,G2522,G7858,G7763,GK433,G2572,GK408,GK608,GK619,G2573,G2563,GK428,GK611,GK601,GK612,G2564,G2520,GK434,GK616,G2565,GK435,G2538,G2574,G7868,G2566,G7905,G2567,GK426,G2524,G2537,G2568,G2575,G2576,G7961,GK607,GK429,GK604,G7902,G7851,GK432,G7761,GK405,G7856,G2534,G7968,G2562,G7910,GK420,GK409,G2560,GK436,G7855,G7754,G2570,G7862,G7757,G2525,G2521,GK410,G7909,G7900,GK430,G7867,GK617,GK412,G7759,GK603,G7901,GK415,G7760,G2503,G7906,GK620,G7861,G7853,GK618,GK411,GK602,G7755,G7854,G7764,G2533,G2571,G7765,59653,G7811,GK400,G7758,GK203,G2527,GK614,G7767,G7908,G7907,GK208,GK606,GK427,GK418,GK610,G7904,G2350,G7322,G7818,G2529,G7768,G2526,G7960,GK216,GK605,GK406,G7769,GK414,GK407,G7864,GK401,G7860,GK417,GK403,G2556,G7866,G2531,G2555,G2536,GK613,G2535,G7356,G2558,G3078,G7714,G3094,GK425,GK419,G7967,G2364,G7726,G2528,GQ057,G2546,G7766,GK424,GK402,G7859,GK219"
111.00,22.50,0.49,0.45,116,"G7968,G2534,G7764,G2538,GK612,G7761,GK604,G7759,GK619,G7758,G2562,GK601,GK609,G2539,GK605,G7765,GK618,G7763,G2569,GK614,59456,GK608,G2531,G2533,GK602,GK606,GK603,G7762,G7760,G3078,G7962,G7961,G2532,GK621,G7755,G9243,G2561,G7769,GW610,G2537,G3047,G3097,GK616,GK607,G2560,G2563,G7754,GK617,GK615,G2564,G2566,G7767,G2567,GW611,G2565,G2568,G7852,G7903,G3055,GK611,G2530,GK610,G7960,GK431,G2576,G7757,GK620,G3058,G3094,G2575,G2573,G3095,G2574,G7858,G2523,GK404,G2536,GK428,GK433,GW615,GK429,G3046,G2572,G7855,G2522,G7901,G3079,GW608,G2521,G7905,G7856,GK405,GK408,G9240,GK435,GK430,G2535,G3043,G3057,G2520,G7902,G7868,G2503,GK613,G3048,GK434,GW607,G7768,G3056,G7766,GK411,GK426,G7867,GW609,GW605,GK410"
111.00,22.75,0.49,0.45,64,"GK605,GW610,G3097,G2531,G7758,GW611,G9243,G3078,G3047,G7764,G7765,GK614,G7759,GK606,G7968,GK618,G2534,G3055,G2533,G3046,G2562,G7761,GK602,GK604,G7769,G3079,G3058,G2538,GK603,G9240,GK612,GW603,G7760,GK601,G3095,GK619,G7755,GW608,G3044,GK609,G3094,GW609,G2539,GW615,G7763,GK608,GW617,G7767,G2569,G7961,GW604,59456,G3048,G7960,GK610,G3092,GK617,G2536,G3056,G7762,G7754,G9462,G2560,GW621"
111.25,21.25,0.48,0.45,67,"G7734,G7733,59665,G2543,G2542,G2548,G7731,G7732,G7721,G7730,G7729,GK003,G7722,G7716,G7737,G7738,G7922,G7736,G7735,G7920,G2545,G7712,G7921,G7718,G2544,G2369,G7740,G7739,G2549,G2456,G2540,G7719,G2332,GG506,G7969,G2508,G7717,GQ030,59664,G2518,G2450,G7723,G7334,G7333,G2335,G7715,GQ026,G7332,GK801,GG505,G7720,G7550,GK811,G7132,GK807,GQ029,GK808,G7725,GG502,59656,G2506,59669,GK809,G7916,G7131,GK806,GQ024"
111.25,21.50,0.48,0.45,132,"G7730,G7729,G2548,G2542,G7722,G7716,G7733,G7734,G2543,59665,G7731,G7732,G2545,G7718,G7721,GK003,G7920,G7717,G2540,G7712,G7922,G7738,G7737,G7715,G7969,G2544,G7723,G7739,G7740,GQ030,G7720,G7719,GK807,G2335,G7725,G2369,GK801,G2332,G2541,GK809,G7735,G7736,G2506,GK808,G2549,GQ024,G7132,59664,G7727,G7133,G7332,G2547,G2336,G7713,G7917,G7921,GQ026,G7334,G7333,G2508,GK802,G2501,GQ025,G2456,GQ029,G7916,G2516,GQ027,GK803,G2518,G7711,GK810,G2507,GK811,G2337,G2370,GK804,G7915,G2515,GG506,GK422,G2546,GK424,G7724,GK805,G2509,GQ028,59669,G7131,GK423,GK806,GG505,G2513,GG502,G2504,G7350,G7349,G7336,G7335,GK425,G2450,G2510,G7919,G7550,GG501,G7866,G7714,G7967,G7863,G7314,G7315,G2454,GK417,GQ016,G7726,GK403,59659,GQ053,GG507,GK414,G2368,59656,G2517,G2331,G7455,G7914,GK001,GK427,G2527,G7354,GQ022,G7864"
111.25,21.75,0.48,0.45,173,"G2501,G7727,G7711,G2541,GK803,GK805,G7725,G2547,G2546,GK810,G7713,GQ025,GK804,G7724,G7714,G7967,GK809,GK807,G7726,G7866,GK802,GK403,G7720,G7717,GK424,G7715,G2370,GQ016,GQ024,G2336,GK801,G7350,G7349,G2506,GK425,GK417,GK422,G7723,G2540,G7354,G7716,G7718,GK808,G2545,G2335,G2504,GK414,GK418,G2527,GQ030,G7314,G7315,GK423,G7132,G7133,G7722,GK400,G7969,GK427,G2340,G7729,G7730,G7853,G7917,G2516,G7712,G2548,G7920,G2542,GQ053,G7863,G7719,G2544,G7739,G7740,G7900,G7854,G7732,G7731,G7864,GK409,G2332,GQ022,G7922,G2571,G7910,G7721,GK003,G2369,G2543,G2515,G7738,G7737,59665,G2507,G7332,59659,G7733,G7734,GQ027,G2366,59664,G2368,G2333,G7851,G2509,GQ054,G7919,G7909,G7916,G2525,G2331,GQ026,GQ029,G2510,G7915,G2549,GQ049,GK420,G2337,G7334,G7333,G7904,G2350,G7859,GQ057,G2524,G7862,G7736,G7735,G2520,GK434,GQ028,GK410,G2508,GK435,G7914,G2346,G7912,GQ014,G7356,G7860,G7907,GQ015,G7355,G7905,GK408,GK811,GK413,G2513,59653,G7906,G2572,G2517,GQ021,G7913,G7921,G2456,GK001,GK432,G2529,G7131,59669,G7856,GQ047,GK806,G7335,G7336,G2352,G2518,G7322,G2343,GK411"
111.25,22.00,0.49,0.45,175,"GK418,G7854,G2525,G7726,G7910,G7967,G7714,GK403,G7354,GK410,GK409,G2350,G7851,G7866,G7853,GK805,GK435,G2340,G7905,GQ016,G7711,G2520,GQ049,G7856,G7900,GQ057,G2546,G2527,G7356,G7724,GK400,G2572,GK434,GK411,G2503,G7322,GK803,GK428,GK417,GK804,G2501,GK810,G2523,G2524,GK427,GK408,G2573,GK424,GK414,G7355,G2574,G2346,GK420,GK425,G7350,G7349,G7855,G2364,G7909,G2571,G2575,G7727,G2370,GQ025,G2576,G7901,G7315,G7314,G2565,GK404,G7852,G7862,G2564,GK431,G2568,G2547,G7713,G2567,G2563,GK422,G2566,G2366,G2522,GK802,G2504,G7864,G2541,G7768,GQ015,GK432,GQ022,GK423,GK426,G2352,G7903,GK621,GK607,G2532,GQ053,G7757,G7725,G7904,GQ054,GK809,G7906,G7863,G2333,G2336,GQ044,GK620,G7868,GK807,GK615,G7352,G7144,59653,GQ024,G7720,G7907,G2560,GQ047,G2506,G7961,G7861,GK613,GK608,GQ060,G7763,G2343,G7715,GK801,G7860,G2363,G7962,G2368,GQ043,G7717,G2561,GK433,G7858,G2529,G7762,GQ059,G7859,59659,G2530,G2535,GQ036,GQ038,GK808,G7133,G2516,GQ035,GQ045,G2331,G2348,G7723,GQ014,GQ046,G2351,G7766,G7132,G2335,G7917,G2570,G2539,G7908,GK609,GK407,G2540,GQ058,G7902,G2515,GK436,GQ030"
111.25,22.25,0.49,0.45,155,"G2575,G2576,G7855,G2574,G2568,G2565,G2567,G2566,G7901,G7856,G2564,G2503,G2563,GK607,G2573,G7757,GK428,GK411,G7905,GK620,GK410,G2560,G2523,G7768,G2532,G7961,G7322,GK435,G2525,GK621,G2572,GK608,G2350,G7763,G7852,GK613,G2535,G7356,G2364,G7854,G2520,GK610,GQ044,G7755,GK431,GQ043,G7766,G7960,GK603,G7910,G2363,GQ057,G7851,GK404,G2536,GK408,GK604,GK434,G7903,G7762,G2562,GK609,G7962,GK602,G2539,G3057,GQ049,GK418,G7355,GK409,GK615,GK619,G3094,G2534,G2524,G2561,G2522,G2346,G7769,G2569,GW615,59456,GK612,GK614,G7765,G7352,G7853,G2348,GK601,G7900,G7354,G2538,G2530,G7144,GQ060,G2340,G3043,G3095,G7726,GK420,G7858,GK403,G3075,GW607,G7968,G7967,G7714,GK433,GK426,G2502,G3058,GQ035,GW605,G7866,G7909,GK400,G2527,G7868,GQ045,GK432,G7761,G3055,G2352,GQ016,G7862,G7758,GK611,GK805,G3078,GK616,G3056,G2531,GQ015,G7756,GK427,GQ059,G2571,G7764,GQ032,GW608,G2351,GK417,G2546,G7711,G3048,G2537,G7759,G7724,GK414,G7963,GQ037,G9243,G7902,G7906,G3047"
111.25,22.50,0.49,0.45,141,"G7755,GK603,GK602,G7769,G7960,GK610,G3094,GK614,G2536,G7765,G3095,GW615,G2560,G2562,G3058,G7961,G3055,GK604,GK620,G3078,G7757,GK607,G3043,G2534,G3057,G2531,GK608,GW608,G9243,GW607,G2535,G3047,G7763,G2566,G2567,G2568,G7758,G3056,G3048,GW605,GK613,G7766,G3046,G2564,G3079,G2563,G3075,G2576,G2565,G2532,G3097,G2575,GW611,G7901,GW610,G9240,G7768,G7855,G7968,GK619,G2574,GK609,G7764,GW609,GQ043,GW621,GK621,G2539,GK612,G7963,G2363,G2538,G2573,G3092,G2502,GK605,GK601,G2503,GW616,GK428,GQ044,G7762,G3051,GK411,G3054,G7761,G7856,G7962,G7759,G2569,G3090,G3052,59456,G7852,G2523,G3044,GW602,GW603,G7322,G3042,G7756,G7905,GW601,GW617,G3077,GK410,GW606,GW620,G2561,GK431,GK618,G2572,GK435,G2364,G7903,59462,GK615,G3040,G3059,G3091,G9242,GK606,GQ032,G2533,G2348,GK404,G3053,G2350,G7356,G2525,GW604,G7760,G3045,G2520,G3098,G2530,G3076,GK408,GQ048,GK616,G7352"
111.25,22.75,0.49,0.45,107,"G3046,GW611,G3047,G3079,G3097,G9240,G9243,GW610,G3055,GW603,G3078,G3058,G3044,GW608,GW609,G2531,GW617,G3095,G7769,G3092,G3048,GK614,GW604,G7765,GW621,G3056,GW615,G3094,GK602,G3052,G7758,G3054,G3043,G9462,G7755,GW607,GK603,G9242,GW602,GW601,GW605,G7960,G3091,G3053,G3059,GK605,G2536,G2562,GK610,GW616,G3034,G7963,G7764,G3051,G3075,G3040,G2534,G3081,G3090,59462,GK604,G3098,G3089,G3057,G3083,GW620,GW600,G7968,G3042,G2560,G7961,G3035,GW411,G3082,G3076,GW614,GK620,G7759,G3096,GW606,GW405,GW412,G2535,GK608,G2502,G3077,G7766,G7757,G7763,G3037,GK607,GK619,G2538,G7761,GK612,GK613,G3045,GW409,GK606,G3087,GK618,G9463,G3086,GK609,GW612,GW100,GK601"
111.25,23.00,0.49,0.45,81,"G9462,GW604,G3035,GW603,GW405,G3081,G3044,G9463,GW617,G3030,G3085,G3037,G3034,GW611,G3046,GW404,G3036,G9240,G3097,G3038,GW610,G3079,GW406,G9467,G3082,G3047,GW609,GW402,GW401,G9243,G3089,GW413,G3080,G3092,G9242,GW403,G3033,G8173,G9461,G3053,G9460,G3055,G8115,GW608,G3091,G3052,G3078,GW412,G2631,G3059,59268,G3087,GW621,G2531,GW411,G3058,GH302,G3098,G3083,GW601,G3048,GW602,GW415,G8103,G3054,GW600,GW414,G3040,G8137,G3095,GW614,G3056,59462,G3031,G8152,G7769,GK614,G8126,G3086,G8168,GW407"
111.25,23.25,0.49,0.45,55,"G3036,GW403,G3085,G9463,GW404,G8115,GW402,GW405,G3035,GW401,G2631,G3030,GW406,G3080,G9460,G9461,G8127,G8112,59268,G8173,G8137,59264,G3037,G9467,G3038,G2630,G8126,GW413,G8113,G8103,GH302,G8124,G9462,G8119,G3081,GH301,G8114,G3033,G8125,GH306,G8101,G8136,GW604,G8122,GW415,G8152,G3082,G8174,GW603,G8168,G3034,G8102,G2632,G8105,GH303"
111.50,21.50,0.48,0.45,99,"G2369,G2332,G7334,G7333,G7739,G7740,GQ026,G7332,G7922,GQ029,G7920,GQ030,59669,G7131,G2335,G7132,G2337,GQ027,G2540,G7336,G7335,GQ028,G7133,G7718,GK801,59665,G2543,GQ024,G7717,G2336,GK809,G7734,G7733,G7725,G7730,G7729,G2548,G2542,G7716,G2547,G7722,G2331,GQ025,G2368,G2334,G7727,G2370,GQ053,G2545,G7731,G7732,GQ021,G2304,G7350,G7349,G7314,G7315,GK810,G7721,G7190,G2333,G2311,GQ022,G2314,GK003,G7724,G2330,G2541,GQ014,G7715,GQ054,G7712,GQ001,GK807,G7720,GQ023,G2501,G7737,G7738,GQ016,G7723,G2366,G7711,G7969,G7331,G7317,G2309,G2544,GK805,G7719,G2506,G7713,GQ003,G2310,GQ004,GQ013,GK803,GK808,G2340"
111.50,21.75,0.48,0.45,153,"GQ053,G2336,G2370,G7314,G7315,G2368,G7350,G7349,GQ025,G7133,G2331,GQ022,GQ024,G2333,G2547,G7132,GK809,GK810,GQ054,GQ027,GK801,G2366,G7724,G7725,G2335,G7727,GQ014,GQ016,G2337,GQ030,G7332,GQ021,GQ029,GQ028,G7717,GQ026,G2340,G2540,G2332,G7354,G7739,G7740,G7334,G7333,G2369,G2330,G7331,G7718,G7711,GQ023,G2334,GQ047,GK805,G7920,GQ015,GQ013,G7336,G7335,G7726,G2343,G7190,G2501,G7922,G7131,59669,G7967,G2311,G7714,G2314,GQ049,G2352,G2541,GQ038,G2346,GQ001,GQ036,GQ046,GK403,GK803,GK418,G7716,GQ057,G2546,G7866,G7355,GQ003,G2308,G2543,59665,G2317,G7730,G7729,GQ040,G7722,GK804,G2309,GQ004,G7713,GK807,G2304,G7854,G2548,G2542,G7715,G2545,G7720,G7356,G2350,G7734,G7733,GQ002,GQ018,G2306,GQ011,GK802,GK424,GQ058,GQ059,GQ050,G2305,G7723,G2310,G2506,GK417,G2525,G2351,G7732,G7731,G7317,GK425,G2364,G7144,GQ052,G7853,G7319,G7320,G2527,G7322,G7969,GK808,GQ055,GK422,GK410,G7910,G2328,G7712,G7721,G7352,GK400,G2367,G2307,GQ008,GK414"
111.50,22.00,0.49,0.45,162,"G2346,GQ049,GQ015,G7355,GQ057,G2340,G2352,G2366,G7356,G7354,GQ047,GQ054,G2343,GQ022,G2350,GQ016,G7315,G7314,G2364,GQ038,GQ036,G2333,G7350,G7349,G7144,GQ059,GQ046,G7352,G7322,GQ053,G7724,G2351,GQ058,G2370,GQ060,GK810,GK418,G7854,GQ014,GQ045,GQ035,G2306,G7726,GK410,GK411,G2368,G7967,G2525,GQ013,GQ025,G2503,G2331,G7331,G7714,GQ050,G2348,GK805,GQ040,GQ044,G2317,G7711,G2547,G7351,GQ011,59469,G7856,G7768,GK403,G7727,GQ021,GQ041,G2336,G2367,G7855,G7353,G7141,G7901,GQ023,GQ037,G2363,G2330,G7905,G7866,G7910,G2308,GQ043,G2501,GQ024,GK435,GK809,G7133,G7725,GK613,G2546,GQ017,G2574,G2575,G7851,GK428,GK409,GK803,G2576,GK801,G7853,G7132,G2535,GQ027,G2573,G7766,G7190,G7757,G2520,G2311,G2572,G2568,G2362,GQ031,G2565,GK804,G2567,G2523,G2335,GQ018,G2566,GK620,G2319,G2314,G2564,G2328,G2527,G2337,GQ003,G7900,G2334,G7717,GK400,GQ030,GK417,GQ006,G2344,G2563,GQ001,GQ052,GK607,GK434,GK424,G7142,GQ028,G2541,G2323,GQ032,G7332,GQ005,GQ029,G2540,GQ004,G2560,GK427,GK425,GK408,GQ002,G7713"
111.50,22.25,0.49,0.45,153,"GQ044,G2363,GQ043,G2364,G2348,G7768,G7352,GQ060,GK613,G7144,G7322,G7766,G2535,GQ035,G7356,GQ045,G7355,GK411,G7901,G2503,GQ057,G2346,G7855,G2350,GQ037,G3057,GQ059,G2351,GQ049,GK620,G7757,GQ032,GQ041,G2502,G2352,G7351,GK410,G7756,G2362,G2344,G7856,G2576,GQ031,G2536,G2575,GQ058,G2560,GK610,G2568,GQ015,G7960,G2567,G2574,GK607,G2566,G3075,G7353,59469,G2565,GQ036,G2525,G7141,G2564,G3043,GQ038,G2306,GW607,G7854,G7905,G2563,GW605,GQ017,GK428,GQ046,G2573,G3094,G2340,GW615,GQ048,G7961,G3077,GQ047,G7755,G2343,G2354,G7354,GK435,GQ050,G7963,G2347,G2367,GK418,GW606,G2366,GK603,G2523,G3042,G3056,G2532,G3095,GQ056,G7769,GK608,G7142,G2572,G2353,G3051,GK602,GW616,G2372,GQ011,GQ016,G3090,GQ054,G3048,G7910,G7763,GK621,GQ040,G3058,GQ022,G2317,G2520,GW620,G7726,G7852,G3045,G7851,GW608,G7314,G7315,G2562,G2333,GW619,GW621,GK604,G7967,G7350,G7349,G7724,G3055,G3054,G7714,GK614,GQ013,GK409,G2342,G2345,GQ042,GK434,GQ014,G7765,GQ033"
111.50,22.50,0.49,0.45,160,"G3075,GW605,GW607,G3043,G2502,G3057,G7963,G3056,G7766,G2536,G7756,GW615,G3077,GW616,G3051,G3042,G2535,G3094,G3090,G3048,GW606,G7960,GQ043,GK613,GK610,G3095,GW621,G2363,GW620,G3054,GW608,GQ032,G3058,GQ048,GQ044,GW602,G3045,G3052,G3092,GW601,59462,G7769,GW609,GK620,G7768,G7755,GW619,G3055,G3040,G3079,G2344,G3076,G2348,G9240,G7757,G2560,G3059,G3046,GK603,G3091,GK602,G2372,G7901,G2362,G3053,G9242,G3098,G3096,GQ033,GK614,GK607,GW600,G7961,GQ031,G7855,GW618,GQ042,G2345,GQ060,GW617,G7352,GQ037,G7765,G3083,G3044,G2364,GQ035,G2568,G2567,G2566,G2576,G3041,G2503,GK411,G2353,GW614,G7322,G3078,G3047,GQ045,G2575,GW106,GW612,G3099,G7144,G2562,G9243,G2354,G3093,G2565,G2564,GQ041,GW603,GW100,G2563,GW409,GK604,G2574,GW611,GW105,G2531,G7351,G3089,GK608,GQ056,G2355,GW411,G2347,GW613,G3097,G7356,G7856,GW610,GQ034,G2342,G7763,GW604,G3034,G2351,GW101,G3026,G2534,G7355,G2532,G3086,G2573,G3023,G7143,GK410,GQ059,G3022,G2350,GQ057,G7353,GK428,G7758,GQ017,G2346,59469,G7141"
111.50,22.75,0.49,0.45,131,"G3052,G3092,GW601,G9242,GW602,G3091,G3059,G3053,G3054,GW621,GW609,G3040,GW617,59462,G3098,G3044,G3048,GW616,G3083,GW600,G9240,G3090,G3051,G3056,GW608,G3089,G3079,GW620,G3076,G3034,G7963,GW603,GW614,G3096,GW604,G3046,GW411,G3042,GW605,GW607,GW409,G3043,GW606,GW612,G3058,GW100,G3045,G3095,G3075,GW412,G3086,G3041,G3055,G9462,GW615,G3077,G3082,GW619,G3099,G3081,G3094,GW101,G3087,G3026,G3031,GW407,G2502,G3084,GW613,GW618,G3047,G7769,GW611,G3093,G2536,G3057,G9243,GW408,G7756,G7960,G3022,G3097,GW610,G3078,GK610,GQ048,GW414,GW102,GW105,GQ033,G3037,G3035,GK614,G7755,GQ042,GW103,G7766,GK602,GW405,G2372,GW106,G2345,G2531,G3070,G3088,G7765,G3033,G2535,GQ032,GW410,GK603,G3038,G3023,GW107,G3030,G9467,G3028,G3024,GK613,G9463,GQ043,GW415,G9221,GW413,G2363,GW108,GK620,GW104,G2560,G2344,G2562"
111.50,23.00,0.49,0.45,134,"G3081,G3082,G9462,G3037,G3034,G3035,GW604,GW405,G3038,G3089,G3087,GW412,G3033,G3030,G9467,G9463,GW413,GW411,GW414,GW617,GW406,G3044,GW415,GW603,G9242,G3085,G3031,G8173,G3083,G3053,GW407,GW404,G3080,G3091,G3098,G3086,G3059,GW614,GW401,G9461,GW600,G8168,GW410,GH302,G9460,G8152,59268,G3036,GW402,GW409,G3084,G3052,G3092,G2640,G8103,GW601,G3040,GW602,GW100,GW609,G3096,G8174,G8160,G3088,GW408,G8148,59462,G9240,G2631,GW612,G8162,G3054,GW101,G3032,GW403,G3026,G3079,GW621,G8137,G8115,G3076,G3046,G3041,59269,G8126,G3099,G8163,G8164,GW608,G3024,G8183,G3048,G8136,G8161,GW620,G3090,GW616,GW613,G3051,GW102,G8114,G3056,G8158,G3022,G8101,G8150,59264,GW611,G3074,GW108,G8112,G7963,GW103,G3093,G3042,GH306,G3055,G3045,G3058,G3047,G3097,GW619,G2630,GW610,GW618,G2641,GW606,G3095,GW605,G9243,G8113,G8105,GW110,GW607"
111.50,23.25,0.49,0.45,103,"GW401,G3080,G9460,G9461,59268,GW402,GW406,GW404,G8173,G2631,G8103,GH302,G3036,G8137,G3085,G8115,GW413,GW403,G3030,G9467,G8126,G9463,G3038,59264,GW405,G8114,G3037,G8136,G3033,G8112,G8101,G3035,GW415,G8152,G2630,GH306,G8174,G8113,G8168,G8119,G8124,G8127,G8183,G8105,G8125,G3081,G2640,G8162,GH301,G8163,G8135,G8148,G2641,G8122,G8160,G3082,GH303,GW414,G9462,G8150,G8102,G8141,G3087,G8158,G8151,GW410,G3032,G8140,59269,G8139,G2632,G2633,G8161,GH300,G8170,G8164,G3034,GW412,G8128,G8129,GW604,G8176,G3031,G8118,G3089,GW407,G8123,G3088,G2642,G8175,G3074,GW411,G8130,G8133,G3084,G2634,G3086,GW603,GW617,G8107,G3044,G8153,G8171"
111.50,23.50,0.49,0.45,89,"G8125,G8124,G8119,GH301,G8122,G8113,G2630,G8127,G8112,59264,G2632,G8102,GH306,GH303,G8114,G8126,G8101,G8137,G8115,G8141,G8136,G2631,G8128,G8135,GW403,G8140,G8105,G8139,G2633,G8107,G8130,GH300,GW402,G8103,59268,G9460,G8129,GW401,G9461,G3036,G8118,G3080,GH302,G8123,GW404,G8117,G2641,G8133,G8173,GW406,G8131,G3085,G8183,G8106,G8174,GW413,G8151,G9463,G3030,G9467,G8152,GH305,G3038,G2635,G8163,G2634,G8150,GW415,G8168,G8109,G8116,G3033,GW405,G8170,G8134,G3037,G8158,G8162,G3035,G8138,G2640,G8148,G8175,GH304,G8035,G8160,G8034,G8176,G8157"
111.75,21.50,0.48,0.45,83,"G7335,G7336,59669,G7131,G2304,GQ028,G2334,G2337,GQ029,G7333,G7334,G7317,GQ026,GQ027,G7190,G2314,G2311,G7332,GQ001,G2310,G2309,GQ008,G2332,GQ021,G2369,G7328,G7316,G2330,GQ004,G7740,G7739,G2331,GQ003,G7133,G7132,GQ002,GQ023,G2368,G7922,GQ030,G7319,G7320,G2335,G7920,GQ014,G2305,G7331,GK801,GQ024,G2336,G2540,GQ053,G2333,GQ018,GQ013,GQ055,G7718,GK809,G2308,GQ022,GQ054,G7717,59663,59665,G2543,G7315,G7314,G7725,G2307,G2547,G2370,GQ052,GQ025,G2325,G7312,G2338,G7349,G7350,G2366,GQ020,G7733,G7734,G2326"
111.75,21.75,0.48,0.45,127,"G2330,G7190,GQ021,GQ023,G2311,G2314,GQ001,G7331,G2334,GQ003,GQ014,GQ013,G2331,GQ004,G2309,GQ002,G2368,G2308,GQ018,G2333,G2305,G2310,GQ054,G2304,G7320,G7319,GQ028,GQ053,GQ022,GQ055,G2317,G2337,G7317,GQ027,GQ052,GQ040,G2343,GQ047,GQ008,G2307,59663,G2366,G7336,G7335,G2328,G7312,GQ046,GQ029,GQ011,G7314,G7315,GQ038,G7131,59669,G7316,G7328,GQ020,GQ036,G7133,G2326,G7332,GQ026,G2325,GQ015,G2336,G7334,G7333,GQ050,G7132,G7349,G7350,G2370,G2306,GQ024,G2352,G2338,G2319,G7321,G2367,G2335,GQ058,GQ025,GK801,G2332,GQ030,G2547,G2318,GQ009,GK809,G2369,G7739,G7740,GK810,GQ006,GQ010,G2340,GQ059,GQ016,G2323,G7724,GQ005,G7725,G2351,G2346,GQ007,G2322,G2540,GQ039,59469,G7727,G7354,G7141,G7922,G7717,G7920,G7355,G7311,GQ049,G7353,G7718,GQ051,G7144,G7351,GQ045,G2320,GQ057,GQ017"
111.75,22.00,0.49,0.45,136,"GQ046,G2306,GQ050,GQ038,GQ040,GQ036,GQ011,G2317,G2343,GQ058,GQ047,G2367,GQ013,GQ059,G2351,G2308,G2352,59469,GQ015,G7141,G7331,G7353,G2319,G2328,G7351,GQ014,GQ006,GQ045,GQ023,G2323,GQ054,GQ017,GQ005,GQ018,GQ052,G2366,G7144,GQ041,GQ035,G2330,G2333,GQ060,G7352,G2346,GQ022,G2307,GQ037,G7142,GQ021,GQ007,G7355,G7312,GQ003,59663,GQ055,G2305,GQ020,G2326,G2368,G2331,GQ053,GQ002,GQ004,G2311,G7190,GQ039,G2348,GQ049,GQ001,G2314,G7315,G7314,G2318,GQ031,GQ057,G2309,G2340,G2362,G2364,G7320,G7319,G2347,G2325,G2322,G7356,G7350,G7349,G2334,G2354,G7321,G2344,G7354,G2370,GQ016,GQ044,G2310,G6658,GJ201,G6645,GQ056,G2350,GQ009,G7322,G2338,GQ010,G7724,G2363,GK810,GJ200,G2161,GQ032,GJ206,GQ051,GQ008,GQ025,GQ027,G2336,GQ043,G6659,G7317,GQ019,G2337,GQ028,G2327,GK411,G7768,G7133,G6652,G2304,G2547,G2353,G7328,G7316,G6651,G2503,GQ024"
111.75,22.25,0.49,0.45,141,"GQ037,GQ041,GQ031,G7351,G2362,G7353,GQ017,G2344,GQ035,59469,G7141,GQ045,G2354,G2347,G2348,G2351,GQ060,G7142,GQ059,G7352,G7144,GQ032,GQ056,GQ058,G2367,G2306,G2353,GQ050,G7756,GQ048,GQ044,GQ036,G2363,GQ046,G2352,G2342,GQ038,GQ011,G2372,GQ043,G2323,GQ005,GQ006,G7143,G2502,G2319,G2364,G7355,GQ040,GQ015,G2346,G2343,G2317,G2365,G7766,GQ047,G2355,G3077,GK613,G2345,GQ007,G6651,GQ042,G7768,GQ034,G6645,G2535,G7356,GQ033,G6658,GQ057,GJ201,GW606,GW205,G7322,G3057,GQ049,G3014,GW106,G3075,G2328,G3042,GW619,GQ039,GQ013,G3045,G2308,G9263,G6640,GK411,G7963,G2350,G6516,G2366,GW605,G7901,G2161,G2503,GQ052,GW607,G3018,G7331,GJ200,G3017,G3061,GW620,G3051,G3043,GQ054,GJ206,GW618,G3090,G6659,G2536,GW616,GW202,G7855,GK620,G3064,GQ018,GQ014,G2318,G2307,G2322,G6650,GW211,G7312,G2340,G7757,GQ022,G2333,59477,G3023,GK610,G2168,G6564,G7960,GW105,G2326,G6699,GQ020"
111.75,22.50,0.49,0.45,156,"GQ048,G2372,G2345,GQ042,GQ033,G3077,G7756,GQ032,GW619,GW606,G2353,G3045,G2344,GW106,G3042,G2355,G2502,GW618,GQ034,G2342,G2362,GW620,G2354,G7143,GQ056,GQ031,G3090,GW105,G7963,G3051,G3093,G2347,G3076,GW616,G3023,G3014,G3075,G9263,G3099,59462,G3041,G2365,GW605,GQ037,GW205,GW104,GW613,G3096,G3040,GW607,G3054,GW107,G2348,GW612,GW602,G3064,GW601,GQ041,G3022,G3043,G3057,G2363,G3070,G7766,G3056,GQ043,G3028,GW100,GW600,G7351,G3052,GW621,G3018,G3098,G3059,G3026,GQ017,GW101,GW409,GQ035,G3091,GW614,GQ044,G3048,G9221,GQ045,G3083,GQ060,G2535,GW102,G3053,G7142,GW103,GK613,G7353,GW203,GW215,G3017,G3092,G3061,G3071,G9242,G7352,GW615,G7141,G2536,GW211,59469,G7144,G6651,G3086,GW608,G2351,GW609,GW411,G3094,GW204,G7960,G3067,G7768,G3016,G3095,GW202,GW217,GK610,GQ059,G3084,GW408,GW213,G3013,G3089,G6516,GW210,G9260,GW206,G3020,GQ058,G3058,G3003,G9240,GW407,G6650,G3079,G2364,G2367,G3031,GW617,GW207,GK620,G3063,GW412,G3025,G9261,GW108,G2306,G6645"
111.75,22.75,0.49,0.45,168,"G3041,G3099,GW612,GW100,GW613,G3096,G3026,GW101,GW409,G3093,G3076,G3022,GW618,GW614,GW600,GW105,G3086,GW102,G3083,GW619,G3045,G3098,G3040,59462,GW103,G3070,GW411,G3084,GW408,GW620,G3059,GW107,G3091,G3023,G3028,G3053,GW407,GQ033,GW601,G3031,GW602,GW106,G9242,G3090,G3042,GW606,G9221,G3089,GQ042,GW412,G3051,G2345,G3054,GW104,G3052,GW616,G3077,G3024,GW108,G3087,G3020,G2372,G7963,G3088,G3034,G3071,GQ048,G3092,GW621,G3082,G3003,GQ034,G9207,G2355,GW414,GW410,G3025,GW617,G9203,G9263,G3056,GW609,G3004,GW605,G7756,G3048,GW204,G3064,GW203,G3075,G2502,G9206,G9204,G3014,G3044,G9200,GW607,G3016,G3027,G2353,GW217,GW604,GW002,G3043,G2342,GW608,G3081,G7143,59471,GQ032,G3073,GW003,G9240,GW206,GW001,GW205,GW215,GW603,G3079,G9462,G3032,G2344,G3021,G8160,G9201,G3018,GW004,G3033,GW110,G2640,G3046,G3074,G3072,G2365,GW615,GW415,G3037,59269,G8164,GQ056,G8148,G3095,G3057,G9260,G3067,G8168,59470,G9362,G3058,G2354,G8161,G2362,G8162,G3010,G3017,GW211,G3038,G3094,G3068,G9209,G9265,G3061,G8152,G3012,G3005,G9467,GQ031,G3055"
111.75,23.00,0.49,0.45,169,"GW410,GW414,G3088,G3031,GW407,G3087,G3084,GW408,GW412,G3086,G3032,G3024,G8160,G2640,G3082,GW411,G8148,GW415,G8168,59269,G8162,G8164,G3033,GW409,GW101,G3026,GW108,G8161,G3089,GW100,G3074,G8152,GW614,GW102,G3083,G3034,GW612,GW110,G8174,GW103,GW600,G3073,G3021,G3038,G3037,GW413,G3022,G3041,G9467,G3072,GW613,G3096,G9207,G9206,G8163,G8158,G3081,G3099,G3098,G9204,G8153,G9203,G3020,G9200,G8150,G3053,G3004,G9242,G8165,G3091,G3070,GH302,G8173,G8183,G3059,G8176,G3093,G3030,G3076,G3040,GW003,G9221,GW406,G3028,G3003,59471,G9462,G8103,GW001,G3080,G9461,GW002,GW405,G8170,59462,59268,G2642,G9460,G3035,GW107,GW004,GW604,GW105,GW601,G3025,G9201,G9463,GW602,GW618,GW109,G8151,GW401,GW617,G8181,G3052,G2645,GW404,G2641,G3085,G8136,G8171,G3023,G3071,G8175,G3044,GW620,G3054,GW402,G3007,G8137,GW619,G3045,G3092,G3027,GW104,G8149,G8126,G8114,G2631,G8101,G2644,G3090,G9209,GW603,G3036,G8105,G2646,G8169,G3051,G3005,GW616,GW621,GW609,G3002,G3042,GW106,GQ033,GW204,GH306,G8166,GW606,G8115,GW403,G8135,G8180,G8157,G8182,GQ042,G3006"
111.75,23.25,0.49,0.45,153,"G8163,G8183,G8174,G8150,G8162,G8152,G8158,G8148,G8168,G2640,G8151,G2641,G8160,G8170,59269,G8161,GW415,G3032,G8164,G8176,G8136,GH302,G8105,G8103,G2642,G8101,G8114,G3033,G8175,GW413,59268,G8135,G8173,G9461,G3074,GW410,G9460,G8126,GH306,G8137,G3080,G8171,G9467,G8153,GW414,G3038,GW406,G8141,GW401,GH300,G8139,G8140,G8157,G2633,G2631,G2634,GW110,G8129,GH303,59264,G3088,GW402,G8118,G8134,G3037,GW404,G8181,G8123,G3030,G8165,G8149,G3087,G3072,G8128,G8112,G3021,G8115,G8102,G2630,G8113,G3085,G8159,G8178,G2646,G3036,G9463,G3082,GW403,G8133,G3031,G2644,G8119,GW407,G8109,GW405,G8122,G8124,G3073,G8125,G8179,GW412,G3024,G3035,G3084,G8156,G8130,G3081,GW408,G8106,G2632,GH301,G2643,G8180,GW109,G8127,G2645,G9206,G8155,GW108,G3086,G9204,G8035,G3034,GW411,G9200,G8154,G8107,G3089,G8166,G9203,G9207,G9462,G8116,GW001,GW004,GW003,G3004,G8169,G8177,G8167,GW409,GW101,G8172,59471,G3026,G8117,G3007,G8282,G9201,GW102,GW614,GW100,G8182"
111.75,23.50,0.49,0.45,116,"G2633,GH300,G8139,G8140,G8129,G8118,G8141,G8128,G8123,G8135,G8133,GH303,G8130,G8105,G8102,G8106,G2641,G2634,G8109,G8107,GH306,G8101,G8134,G2632,G8151,G8122,G8136,G8117,G8114,G8116,G8183,G8125,G8035,GH305,G8170,G8157,G8119,G8126,G8175,G8113,G8131,G2630,G8124,G8150,59264,G8159,G2635,G8163,GH301,G8112,G8034,G8137,G8158,G8138,G8174,G8024,G8103,G2642,G8176,G8171,GH304,GH302,59268,G8127,G8178,G8152,G2631,G2613,G9460,G2611,G8162,G8104,G9461,G8168,G8115,G8148,G8173,G3080,G8161,G2643,G2640,G8179,59269,GW401,GW402,G8160,GW403,G8164,GW415,G8006,G8149,GW413,G8177,GW406,G8156,G3032,G8056,GW404,G2646,G8181,G8153,G3036,G8060,G9467,G3033,G3074,G2636,G3038,G2644,G8081,G3085,G8132,G8155,G3030,G8154,G8165"
111.75,23.75,0.49,0.45,78,"G8131,G2635,GH305,G8117,G8138,GH304,G8107,G8104,G8130,G8116,G8106,G8034,G2636,G8133,G2611,G8132,G8128,G8123,G2632,G8118,G8129,G2633,G8024,G8140,G8139,G8102,GH300,G8035,G8109,GH303,G8141,G8006,G8122,G8002,G8135,G8015,G2634,G8004,G2613,G8038,G8125,G8016,G8134,G2612,G8039,GH301,G8023,G8105,G8119,G8124,GH306,G8032,G8008,G8113,G8159,G2641,G8101,G8018,G2630,G8037,G8060,G8114,G8157,G8001,59264,G8136,G8112,G8127,G8151,G8022,G8025,G8020,G8009,G8126,G8056,59270,G8026,G8175"
112.00,21.50,0.48,0.45,59,"G7328,G7316,G7317,GQ008,G2304,G2310,G2309,G7319,G7320,GQ001,GQ004,GQ002,G2314,G2334,G2311,GQ003,G7190,G2305,G2338,G2320,G2360,GQ055,G7336,G7335,G2325,G2359,59669,G7131,59663,GQ009,G7311,G7321,GQ018,G2330,G2307,GQ028,GQ010,GQ020,GQ023,G7312,G2326,GQ021,GQ052,G2337,G2308,GQ029,G7331,G2185,G7333,G7334,GQ027,G2328,GQ026,G2318,GQ051,G2331,GQ013,G6611,G2321"
112.00,21.75,0.48,0.45,106,"G7319,G7320,G2305,GQ055,G2325,GQ002,59663,G2338,G2310,GQ004,GQ008,G2307,G2309,GQ020,G7312,G7328,G7316,G7321,G2326,GQ003,GQ018,GQ009,GQ052,GQ001,GQ010,G7317,G2314,G2328,G7311,G2318,G2311,G2308,G7190,G2320,GQ023,GQ051,G2322,G2304,G2330,G2360,G2334,G2359,G7331,GQ013,GQ039,G2317,GQ021,GQ040,G2319,G2321,GQ007,GQ011,GQ006,G2323,GQ005,GQ019,GQ014,GQ012,GQ050,G6527,G2185,G6652,G2327,G2331,G2367,GQ046,G6611,G2343,G2368,GQ047,G2306,GQ038,G2167,G6655,GQ028,GQ036,GJ206,GJ200,G7335,G7336,G2333,GQ054,G2161,G6592,G2337,GJ202,G6648,G6659,G7131,G2160,59669,G2105,GQ058,GQ022,GQ027,G6701,G6705,GJ201,G6658,G6646,GQ053,G6643,G7141,G2366,59469,G6645"
112.00,22.00,0.49,0.45,150,"GQ007,GQ039,G2319,GQ006,G2323,GQ005,G2318,G2328,G2322,G2326,G7312,GQ020,GQ052,G2307,59663,GQ011,G7321,G2367,G2325,GQ055,GQ018,G2317,GQ040,GQ051,GJ200,G2308,GQ019,GJ206,GQ010,GJ201,GQ050,G6658,G2161,GQ009,G2327,G6652,G6645,G6659,G7142,G2305,G2338,G2167,G6648,G2306,G7141,GQ017,59469,G7353,G7320,G7319,GQ002,G7311,GQ003,GQ013,G6655,GQ046,GQ058,GQ004,G6643,GQ038,GQ036,G7331,G2321,G6649,GQ023,G2160,G6640,G7351,G2343,G2309,G6745,G2351,GQ041,GQ001,GQ047,G6642,G2330,G6519,G6651,GQ059,G2320,G2347,GQ012,G2314,G2310,59477,G6564,G2311,G6646,G7190,GQ037,GQ014,GQ008,GJ202,G6653,G2354,G6514,GQ045,GQ056,GQ021,GQ031,G2359,G7328,G7316,G2352,G2156,G2360,GQ015,GQ035,G6528,G6512,G6516,G6647,G2163,G6513,G2168,G2362,G7317,G7144,GQ060,G6515,GQ054,G6699,G6747,G6527,G2334,G6592,G6535,G7352,G2333,G2105,G6701,G6705,G2365,G2366,G2162,G6650,G2331,G2344,GQ022,G2353,G2342,G2368,G2185,G6657,G2164,G7143,GW202,G2348,G6611"
112.00,22.25,0.49,0.45,158,"G7142,G6651,G6645,G6658,GJ201,G2347,GQ056,G6640,G2354,GQ017,G2365,G6516,GQ005,G2323,G2161,GQ006,G2342,G7143,GQ007,GJ200,G6659,GJ206,G7141,59477,G2353,G6564,G7353,GQ031,G2168,G6642,59469,G6699,GW205,GW202,G2319,G6650,G2367,GQ041,GQ039,G2362,G2163,G7351,G3061,G6648,G3017,GQ037,G6514,GW207,G3014,G6649,G2344,G3018,G2327,G2355,GW211,GQ050,G6519,G3013,G2167,G6652,GQ034,G6745,GW210,G6747,G2306,GQ011,G9263,G2322,GQ058,GQ019,G6643,G6647,G6515,G2372,G6621,G2351,G9261,G2164,G2318,GQ045,GQ035,G2328,G6531,GW213,G3064,GQ032,G2345,GW215,GQ059,GQ040,GQ048,G6655,GQ042,G2317,G2162,G6641,G6512,G6510,G3067,GQ060,GW106,G2160,G2348,GQ046,G6657,GQ033,G6513,GQ052,GQ036,G2326,G7144,G7312,G2109,GQ020,GQ038,GQ051,G7352,GJ504,GJ203,G2307,G6644,G3060,G7756,G2308,G2156,GW203,G9260,G9360,G3063,G2166,59663,G6535,G6653,G7321,G2165,G6646,GQ018,G9363,G2175,G2343,GQ010,GW104,G3023,G2352,G2325,GQ055,GQ047,GQ009,GJ204,G6511,G9267,G6656,GQ013,GJ205,G3015,GW218,GW619,G3077"
112.00,22.50,0.49,0.45,179,"G3014,GW205,G9263,G7143,GQ034,G2365,G2355,G3018,G2342,G3064,G3017,G3061,GW215,GW211,G2353,G2345,GW106,GQ042,GW203,G3067,GW104,GW213,GW202,G3013,GQ056,G2372,GW210,GQ033,G3023,G9260,G6651,G6516,G9261,GW207,G6650,G2354,G3063,GW105,G3016,G2347,GW107,GW217,GW204,G3071,GW206,GW618,GQ048,G3028,G6699,G9360,GW218,G3060,G2168,G3093,G9221,G9264,G3070,G6621,G9265,G3062,G9363,GW619,G2344,G6640,G3015,G6531,GQ031,G3010,G2362,G9362,GJ504,G3045,G3022,G2163,G9262,GW613,G7142,G9267,59477,G6564,G3068,GQ032,GW103,G2175,G6645,59470,G3099,G3027,G9268,G3003,G3077,GW216,G6641,G3025,GW606,G3041,GW102,G7756,G6658,GQ017,GJ201,G6642,G3020,G3069,G3012,GJ506,G6514,GQ037,G2164,G3042,G3076,G3026,GW612,GQ041,G3065,G6747,GW101,G2109,GW620,G3066,G7353,GW100,G7351,G3096,G6515,G2502,G7141,G2107,GW212,G2161,G2165,G9207,G6637,GW208,G6659,59469,G6510,GW214,G3090,G6647,GW409,G6644,GW108,GJ200,G3004,GW002,G6625,G3051,GJ206,G6519,G6649,59462,GW209,G9361,G6656,G9203,G2162,G7963,GQ005,GW616,GJ204,G2323,GW408,G3040,G7035,G2348,G6622,GW614,G2166,G6745,GW600,GJ205,59471,G7056,GQ006,G6648,G3011,GQ035,G6657"
112.00,22.75,0.49,0.45,195,"G3071,G9221,G3028,GW107,G3070,GW104,G3003,GW204,G3025,G3020,GW103,G3023,G3016,GW217,G3027,GW203,GW206,G3022,GW105,GW102,G9207,G3004,G3093,GW613,GW108,G3064,G9203,GW002,59470,G9362,G9263,GW106,59471,GW618,GW215,G3010,G9200,G9204,G3026,G3068,GW101,GW003,G3099,G9206,G9260,G3024,G9265,G3012,GW001,GQ034,G3041,G9262,G3067,GQ033,G9201,G9264,GW408,GW218,G3014,GQ042,G2355,G2345,GW004,G3063,GW612,GW100,G9209,G3018,G3005,G3062,G3084,G3073,G3006,GW214,GW216,GW213,GW409,GW205,GW211,G3066,GW619,G3086,G3017,G3088,G3096,G3015,G3001,G3061,G9360,G2372,G3069,G3007,GW407,G3045,G7143,G3076,G8271,GW614,G3031,G3021,G2342,GW210,G3060,G9268,G8229,GW212,G2365,G3013,G9361,G9363,G3072,GW600,G9261,GW110,G8275,GW109,GW411,G8236,G2353,G3083,G3065,GW209,G9267,G2645,GQ048,GW620,GW202,G3002,G3098,GW410,GW606,59462,G3040,GW412,G8169,GW208,G8249,G3074,GW207,G8165,G7056,G2214,G3042,G3077,G3087,G6637,G7035,G2663,GW414,G8251,G8262,G2175,G3059,GJ506,GJ504,G3091,G6650,G3053,G3089,G3090,GE305,GQ056,G8230,G8153,GW601,G3032,G7031,GW602,G8182,G6531,GW200,G6621,G3051,G9242,G8164,G6516,G7028,GW616,G9220,59269,G3054,G8161,G8256,G2354,G8260,G8160,G8282,G2668,GE304,G2107,G6651,G3082,G3052,G6699,G8166"
112.00,23.00,0.49,0.45,189,"G3073,G9206,G9204,G9200,G3021,G9203,G3072,GW003,GW001,G3004,G9207,GW110,59471,GW004,GW108,G9201,GW002,G3024,GW109,G8165,G2645,G3074,G3007,G3020,G8153,G3088,G3003,G9209,G3025,G8169,G3005,G3002,G8164,GW408,G3032,G8161,G3027,59269,GW103,GW410,G8181,G3006,GW102,G8182,G8166,G3084,G9221,G8282,G8160,G2644,G9220,G3070,GW407,G3028,G8229,G8148,G3022,G3031,G8167,G3026,G3071,GW101,G8176,G8149,G2640,G2646,G8236,GW414,G8162,G8180,G8158,G2642,G3001,GW107,GW613,G3086,G8171,GW204,G3012,59470,G8251,G8271,G8163,GW100,G8150,G3087,GW217,G3016,G2668,GW409,GW214,G2661,G8168,GW206,G8155,G8170,G8284,G8249,G9362,G8275,G3099,GW104,GW612,G3068,GW412,G3093,G3041,G8175,G8235,GW105,G3023,G8152,G3010,GW415,G8172,GW411,G8174,G8156,G8154,GW614,G8179,GW203,G9262,G8241,G3066,G8280,G8252,G8183,G8151,G8178,G2686,G9265,G3096,G3082,GW618,G3033,G8157,G3083,G8254,G9361,G2696,GW600,G8256,G8230,GW216,G2672,G2663,G8228,G8232,G8260,G9264,G8270,G3089,G2666,GW218,G8276,GW212,G2699,G2667,G2641,G9260,G2643,G3064,G3076,G3098,GW106,G8239,G3062,G8268,G3069,G2671,G8224,G8267,G2679,G8262,GW209,G2662,GW413,GW215,G3034,59278,G8159,G3063,G8246,G9263,GQ033,G8285,G3038,G3067"
112.00,23.25,0.49,0.45,163,"G8171,G8181,G8149,G2642,G2646,G8176,G2644,G8153,G8175,G8165,G8170,G8178,G8179,G8157,G8156,G8180,G3074,G8158,G8155,G8161,GW110,G8164,G8150,G3072,59269,G8154,G8151,G3021,G2643,G8166,G8159,G8163,G2645,GW109,G8172,G3032,G8167,G8134,G8162,G8148,G8282,G8160,G3073,G2634,G8169,G8183,G2641,G8182,G2640,G8177,G3002,G9220,G8276,G8225,G3007,G2661,G8174,G2662,G8168,G9206,G8247,GW004,GW410,G8152,G8241,G9204,G8109,G9200,GW001,G8228,G8105,G8081,G8268,G3088,G9201,GW003,G8056,59471,G9203,G3024,G8135,GH300,G8123,G8118,G8261,GW415,G8129,G8243,G3004,G8280,G8035,G8227,GW108,G8139,GW002,G2633,G9207,G9209,GW414,G8140,G8255,G8136,G8054,G8284,G2605,G8141,G8133,G3005,G8283,G2668,G8101,G2613,GH302,G8114,G8106,G2622,G3033,G2660,G8254,G3006,G8103,G8128,G8272,G8235,GH306,G8240,G8236,GW408,G8239,G8229,G3020,GH303,G2686,G8060,G8024,G8251,GW407,GW413,G3031,G3084,G8252,G3087,G2696,G3003,G8173,G8116,G8126,59268,G3025,G2684,G8137,G9461,G9460,G9467,G2672,G8130,G3038,G8102,G8249,G3080,G8059,G3001,G3027"
112.00,23.50,0.49,0.45,139,"G8159,G8134,G8109,G8035,G2634,G8157,G2613,G2643,G8178,G8177,G8024,G8056,G8179,G8175,G8123,G8116,G8106,G8081,G8133,G8118,G8060,G8156,G8171,G8129,G8034,GH300,G8054,G8006,G8151,G2642,G8170,G2633,G8149,G8139,G8154,G8140,G2646,G8225,G2641,G2611,G8176,G8155,G8128,G8141,G8130,G8135,GH305,G2644,G8105,G8150,G8181,G2626,G8172,G8138,G8180,G2662,G8158,G8247,GH304,G8276,G8117,G2635,GH303,G8183,G8163,G8107,G2622,G8080,G8051,G8261,G8104,G8153,G8059,G8102,G8243,G8001,G8283,G8016,G8131,G8161,G8268,G8227,G8101,G8165,G8164,G8136,G8020,GH306,G8167,59269,G8071,G8166,G8162,G3074,G8228,G8174,G8114,G8055,G8002,G8148,G8272,G2632,G8023,G2636,G8255,G8005,G2604,G8241,GW110,G8019,G3032,G8282,G2605,59271,G8160,G8122,G2640,G8132,G2661,G8065,G8074,G3072,G8052,G8066,G8036,G8152,G2645,G8168,GW109,G8082,G3021,G8182,G8126,G8240,G8085,G8072,G9220,G8125,G8169"
112.00,23.75,0.49,0.45,100,"G2611,G8006,G8034,G8024,GH304,G8016,G8104,G8116,G8138,G8002,G2613,G8035,G2636,G8023,G8132,GH305,G2635,G8001,G8060,G8004,G8020,G8106,G8109,G8022,G8032,G8015,G8025,G8117,G8038,59270,G8133,G8036,G8131,G8056,G2612,G8005,G8039,G8037,G8051,G8080,G8018,G8130,G8123,G8134,G8019,G2626,G2634,G8107,G8118,G8159,G8071,G8054,G8177,G8129,G8081,G8010,G8074,GH300,G8128,G8072,G2633,G8008,G8139,G8140,G8009,G8007,G8076,G2643,G8157,G8014,G8070,G2623,G8141,G8178,G2614,G8075,G2616,G8073,G8059,GH303,59271,G8065,G8179,G8061,G8085,G8102,G8135,G8066,G8082,G8077,G8175,G8033,G8225,G2632,G8156,G8026,G2622,G8105,G2641,G8151"
112.00,24.00,0.49,0.45,79,"G8038,G8015,G2612,G8039,G8004,G8018,G8037,G8032,G8009,G8008,G8002,G8132,G2636,G8023,G8010,G8025,G8022,59270,G8016,G2614,G8026,G8027,G8028,G8003,G8104,G8400,GR003,G2611,GH304,G8007,G8029,G8020,G8001,G8138,G8006,G8036,G8021,G8014,G8034,G2730,G2635,G8413,G2616,G2615,GH305,G8005,G8406,G8024,G8012,G8116,G8019,G8131,G8033,G2613,G8404,G8117,G8031,G8070,G8072,G8060,G8030,G8061,G8011,G8035,G8074,G8402,G8076,G8071,G8051,G8080,G8017,G2623,G8106,G2740,G8073,G8077,G8435,G8520,G8013"
112.00,24.25,0.49,0.45,69,"G8400,G8027,G8003,G8026,G2730,GR003,G8028,G8009,G8404,G8413,G8008,G8402,G8406,G8029,G2614,G8407,G8018,G8039,G8037,G8431,G2612,G8418,G8038,G8010,G8435,G8015,G2740,G8032,G8011,G8004,G8012,G8432,G8430,G8405,G8021,GR052,59074,G8433,G2615,G8425,G8424,G8132,59270,G8025,G8017,G8002,G8022,G8007,G8030,G2636,G8401,G8023,G8420,GR054,GR047,GR055,G8421,G8409,G2616,G8016,G8031,G8427,G8014,G8520,G8408,G2741,G8517,GR002,GR048"
112.00,24.50,0.50,0.45,74,"G8407,G8405,G8418,59074,G8402,G8431,G8401,G8424,G8404,G8409,G8430,G8408,GR002,G2741,G8420,G8416,G8415,G8435,G8425,G2730,G8432,G8429,G2733,G8400,G8410,G2731,G8413,G8406,GR047,G8411,G2740,GR046,G8003,G8433,G8027,GR053,G2742,G8423,GR052,G8427,G8403,GR055,GR003,GR048,GR049,G8026,GR051,G8028,59071,G8426,G8421,G8011,G8338,G8029,GR014,GR019,G2757,G8428,GR013,G2764,G8009,GR050,G8422,G8521,GR054,G8464,G2614,G8008,GR018,G8012,G8460,G8513,G8017,G8446"
112.00,24.75,0.50,0.45,67,"G8415,G8416,GR002,G8408,G2731,G8409,G8403,G8401,G8410,G8411,G2733,G2741,G8405,59074,G8424,G8429,G8422,GR050,G8428,GR046,59071,G8426,G8464,GR053,G8420,GR014,G8423,G8338,G8453,G8407,G8430,GR013,G8418,G8462,GR049,GR017,GR016,G2752,G8431,G2742,G8467,G2757,GR018,59072,G8446,GR051,G8402,G8425,G2756,GR019,G8449,G8460,GR047,G8463,G8404,G8443,GR048,G8427,GR015,G8465,G8432,G8435,GR020,G2764,GR055,G8433,G8440"
112.00,25.00,0.50,0.45,51,"G8453,GR017,G2756,G8403,G8463,GR016,G8440,G2731,G8422,G2758,GR015,G8451,G8449,G2752,G8415,GR050,G8416,G8410,G8462,G8411,G8428,GR002,G8450,G8464,G8408,G2733,G8456,G8467,G8409,G8443,G2750,G8429,59071,GR023,G8401,GR013,GR014,G8426,G2741,59072,G8338,G8446,GR046,GR053,GR018,G8424,G8423,59074,G8405,G8468,GR049"
112.25,21.75,0.48,0.45,89,"G2320,G2359,G2360,G7311,G2321,G2185,G6527,G6611,GQ012,GQ010,G2338,GQ009,GQ051,G7321,G6592,G2325,G2105,G6701,G6705,GJ202,G2318,G2322,G2326,GQ020,G7328,G7316,GQ019,G7319,G7320,59663,G7312,G6522,GQ055,G6655,G6646,GQ008,G2307,G6652,G2305,G6528,G2160,G2327,G2310,G2157,G6653,GQ039,G2167,G6526,GQ052,GQ002,G2180,G2154,G7317,GQ004,GQ018,G2328,G6643,G2309,G6648,GQ003,G2156,GQ007,GJ206,GJ200,G6659,G6520,GQ001,G2161,G6591,G2319,G2308,G6745,G6649,G2314,G2108,GQ006,GQ005,G2323,G2122,G2304,G6513,G6535,G2311,G6512,G6519,GJ505,G7190,GJ201,G6658"
112.25,22.00,0.49,0.45,131,"GQ019,G6655,G6652,G2327,G2167,G2160,G6643,G6648,G6646,GQ051,G6653,GJ206,GJ202,GJ200,G2321,G6659,G2322,G6528,GQ012,G2161,G2156,G6649,G6745,GQ039,G6519,G2318,GQ010,G6512,G6513,G7311,GQ009,GJ201,G6658,G6701,G6705,G6592,G2105,G7321,G6535,GQ007,G6642,G6645,G6647,G6527,G2338,G2326,G6514,G2325,G2180,G2320,GQ020,G6564,59477,G6515,G2174,G7312,G6640,G2162,G2359,GQ005,G2323,G2108,G6657,G6747,GQ006,G2360,G6611,G2319,59663,GJ505,G2185,G2307,G2328,G2163,GJ203,GQ052,G6510,GQ055,G2164,G2168,G6505,G6520,G2157,G6522,G6651,G6699,G2166,G6523,G6624,G2305,G2188,G6516,GQ018,G6644,G7320,G7319,G6539,G7142,G2170,G6511,G6650,G2109,G2367,GQ011,G2308,GQ002,G6641,G6538,G2317,GQ040,G2173,GQ004,GJ204,G6621,GJ205,GQ050,GW207,GW202,G2165,GQ003,G2122,GQ017,G7316,G7328,G6531,GQ008,G6656,G7141,G2310,G2176,G2309"
112.25,22.25,0.49,0.45,171,"G6642,G6564,59477,G6514,G2163,G6747,G6640,G6515,G6647,G6519,G2168,G6649,G6745,G6699,G2164,G2162,G6510,G6516,G6659,G6657,G6512,G6648,G2161,G6650,G6645,GJ201,G6658,GJ203,GJ200,GJ206,G6651,G6513,G6643,G6641,G6644,G6621,GW207,G2166,G2109,G2167,GW202,G6531,G6535,G2327,G6652,G2156,G2165,G6511,G2160,G6655,GJ204,GJ205,G3013,G9261,G2174,G6656,GW210,G6653,GQ019,GJ504,G3061,G3017,G6539,G2170,G6646,GW211,G6624,G2365,G2175,G6528,G2173,GQ039,G6538,GW213,GQ007,G3018,G6626,GW205,G3060,G2176,GJ202,G9363,G9360,G7142,G6505,G2322,GQ005,G2323,G6504,G9267,G2108,G6537,G3067,GJ506,GJ505,GQ006,G7143,G2107,G6625,GW215,G2342,GQ056,G3014,GQ051,G6533,G6620,G2172,G3063,G6502,G2347,G2318,G3015,G2319,G6532,G2178,G9260,G2151,G9263,G6523,G2354,G3064,GQ012,G6623,G2321,G6622,GQ017,G2180,G3062,GW218,G2353,G9268,GJ501,59475,G6506,GQ034,G2355,G9264,G6524,G6705,G6701,G6536,G3011,G2177,G2105,G6509,GQ010,GJ500,G6530,G3065,G2188,GW203,G6637,G6592,G2367,G7141,G7321,G9265,G2326,GQ009,G7353,G2328,GW201,GQ020,GW208,G6534,G3069,59469,GQ031,G6606,G7311,G7312"
112.25,22.50,0.49,0.45,201,"G9261,GW210,G3060,G3013,GW213,GJ504,G9360,G6531,G9363,GW207,G6621,G2175,G9267,GW211,G3063,GW202,G3067,G3015,G6650,G3061,G3017,G9260,GJ506,G6641,G3062,GW218,GW215,G3018,G6699,G9268,G9264,G6516,G2168,G2107,G2109,G9265,G2165,G3065,G6625,G2163,G2164,G3069,GW205,G3064,G6656,G6637,GW216,GW203,G9262,G3010,G6622,GW208,GJ204,G6644,GJ205,GW206,G3014,G2365,G3011,G9263,G6620,G6747,G3016,GW217,59477,G6564,G6651,G6504,G9362,G3068,G6510,G6626,G6640,G2166,G6514,G6515,G7035,GW212,GW201,GW204,GW200,G6511,G6506,59470,G3066,G6642,GW209,G7056,G2162,G2172,GJ203,G7143,G6647,G3012,GE305,G6657,G9361,G2214,GQ034,G6623,G2114,G2342,G2355,G7031,G3071,GW104,G2178,G7021,GW214,G7028,G6519,G2173,G6537,G3027,G6645,G6649,G2170,G2176,G6532,G7054,GE304,G6745,G3023,G6539,G8262,G6658,G6512,GJ201,G6538,G7030,G6502,GQ056,G2353,GW106,GW107,G6513,GJ507,G2177,G9221,G3025,G3028,G2345,GE306,G6659,G8271,G6507,G6508,G2140,GQ042,G2161,G7034,GE302,59475,G7044,G3001,G3003,G6533,G6624,G6535,GE303,G2663,GJ503,GJ200,G6648,GJ206,GQ033,G7050,G2347,GW105,G8275,G3070,G2174,G2354,G2372,G7029,G6643,G6530,GJ501,G6509,G8273,GE301,G3006,G3020,G8230,G6638,G6534,GJ500,G2167,G2171,G2156,G3005,G6536,G7142,GW002,GE307,GW618,G8229,G3093,GJ502,G9209,GW103"
112.25,22.75,0.49,0.45,236,"G3068,G9262,G3012,59470,G9362,G3010,G3066,GW216,G9265,GW214,G3069,G9264,GW212,G9361,G3062,GW218,GW206,GW209,GW217,G9268,G3016,G8271,G3001,G3027,G3015,G3065,G9260,GW204,G3063,G2214,G7056,GW208,G7035,G8275,G3006,G8262,GE305,G9360,G6637,G7031,G2663,G9363,GW203,G3067,G3005,G3025,GW200,G7028,G9267,G8229,G3060,G9209,G3071,G8230,GE304,G3003,GW215,G8236,G8249,GW213,GJ506,GW002,G7054,G7034,G3011,G9201,59471,GW201,G2175,GW003,G3064,G8251,G8260,G3004,G8256,G3020,GW001,G6622,G2107,G8273,G7050,GW004,G9221,G9261,GE306,GW210,G2114,GW211,GJ504,GW104,G9203,G9207,G3013,G7030,G3007,G3018,G9200,G8246,G6625,G7021,G3028,G8224,G9204,G8270,G3017,GW107,GE302,GE301,G3061,G9263,G8242,G9206,G7029,G7044,G3070,G6506,G8285,G6531,G3023,G8235,59278,G3002,G8232,GE303,G2668,G3014,GW207,G6621,G6620,GW103,GW108,G8252,G2666,G2667,GW202,GW205,G7039,G8248,GE307,G8169,G8284,G8267,G3073,G2672,G8238,GW109,G8259,G6504,G2645,G6650,G2699,GE322,G2679,GW105,G2686,G2140,GW102,G8182,GQ034,G9220,G6641,G2696,G3022,G7045,G8233,G8278,G2355,G3024,G2671,G2165,GW106,G2689,G2365,GE319,G6623,G3021,G2670,G6656,G2109,G8282,G8226,G6626,G8274,G2172,G3093,G6699,G2664,G2207,G2676,G8258,G7049,GW613,G3072,G6516,G8254,G7055,G8234,G8257,G7143,GJ204,G8279,G2168,GJ205,G8166,GQ042,GE320,G2345,G2693,G2698,GW618,G2695,G6508,G6507,GQ033,GE323,G2342,GW110,G8280,G7026,G2178,G3026,G2661,G8167,G8244,G8165,GW101,GW408,G2145,G7040,G6644,G7023,G2164,G3099,G7032,GJ507,G2163"
112.25,23.00,0.49,0.45,232,"G8236,G8229,G3006,G3002,G8251,G3005,G3007,G9209,G2668,G8249,G8169,G9220,G8235,G3001,G8284,G8182,G8275,G9201,GW004,G8271,G8252,G8282,G2645,GW109,GW001,G2686,GW003,G8256,59471,G8232,G8270,G2672,G8260,G8166,G2696,GW002,G2666,G8230,G2661,G8167,G2667,GW214,G2699,G8254,G8280,G2663,G9200,G8267,G8224,G2679,G2671,59278,G3004,G9204,G3012,G8285,G9206,G8246,G9203,G3073,G3027,G8241,G2689,G2676,G8239,G3025,G3021,59470,G3072,G3066,G8278,G9361,G2670,G8165,G2695,G8262,G9207,G8180,G2698,G3003,G3068,G8238,G2693,G8257,G8228,G9362,GW110,G8226,G2644,G2697,G2694,GW212,G3020,G8181,GW209,G8273,G8172,G9262,G3010,G2214,G8274,GW216,G2660,G8248,G8155,G2646,G8153,GW108,G7034,G7028,GE304,G7031,GW206,G8268,G7056,G3069,G7050,G9265,G8149,GW204,G2605,G2691,GW217,G8244,G2673,GE305,G2664,G8242,G8234,G3016,G8255,G8154,G8276,G3074,G8233,G7054,G2684,G3024,G3071,G7035,G2681,G8259,G9264,G8240,GE301,G2662,G8227,GE306,G9221,GW218,G3062,G3065,GW208,G8156,G8258,G8277,G8247,G8250,GW200,G9268,G7039,G8243,G2675,G8179,G7029,G2680,GW103,G6637,G8279,G3028,G8171,G2674,G8261,G8263,GW203,G9260,G3015,G8265,G7030,GE302,G8164,G2692,G8272,GE319,G3070,G3088,G8225,G3063,G8161,G7023,GE307,G8253,G2642,GW102,G8283,GW107,G8176,G7044,GE322,G2607,G8178,59269,G2207,G3032,GE323,GE303,GW104,G8245,GW408,G2606,G2114,G2643,G9360,G7049,GW201,G3067,GE320,G9363,G3022,G7045,G7021,G3011,G9267,G8175,G2682,GW215,G8281,G3060,GW410,G8158,G7032,GE321"
112.25,23.25,0.49,0.45,198,"G8172,G8241,G8228,G8167,G2661,G8276,G8180,G8268,G8155,G8154,G2662,G8166,G8282,G8247,G8255,G8280,G8227,G2605,G9220,G8243,G8182,G2644,G8225,G8156,G8261,G2646,G2660,G8240,G8179,G8169,G8283,G8239,G8149,G8254,G8272,G8284,G3002,G8181,G2684,G2643,G2645,G2668,G2686,G8178,GW109,G8235,G2696,G2691,G8177,G2622,G8252,G8165,G8081,G3007,G2672,G2697,G8171,G2671,G2699,G2695,G2675,G2694,G8251,G2692,G8153,G8054,G2676,G8055,G2666,G2679,G8232,G3072,G2667,G2698,G8056,G8236,G2689,G8195,G8157,G2642,G2673,G8159,G3021,GW110,G8267,G2693,G2670,G8175,G8229,G8192,GW004,G8059,G8189,G8270,G2681,G8249,G9209,G8176,G8196,G8257,G8278,G9201,G3073,G2604,G3005,G2651,G2653,G8052,G2674,GW001,G8063,G3006,G2680,G8203,G3074,59278,GW003,G8256,G8217,G2606,G8226,G8285,G8260,59471,G8224,G8170,G9200,G8134,G9206,G9204,G8275,G3001,GW002,G8161,G2626,G8164,59276,G8246,G8238,G8274,G8158,G8244,G8271,G8060,G8230,G2634,G9203,G2607,G3004,G8057,59269,G2659,G8206,G8150,G8151,G8208,G2613,G2687,G2658,G2656,G8250,G8234,G8204,G2663,G2682,G8197,G3032,G9207,G8209,G8062,G2664,G8066,59271,G8065,G8109,G8263,G8163,G8080,G8035,G8051,G8277,G2655,G8248,G8223,G8194,G2688,GW214,G8082,G8216,G8162,G8148,G8211,GW108,G8289,G8160,G8221,G8233,G2683"
112.25,23.50,0.49,0.45,161,"G8054,G8081,G8056,G8177,G2622,G8225,G8059,G2626,G8261,G8247,G8060,G8283,G2662,G2643,G8055,G8243,G2604,G8276,G8080,G8051,G8052,G8154,G8227,G8272,G8156,G2613,G8179,G8268,59271,G8065,G8066,G8172,G8178,G8071,G8159,G8255,G8155,G8082,G2605,G8063,G8062,G8085,G8228,G8057,G8240,G8189,G2653,G8074,G8024,G8035,G8006,G8157,G8195,G8180,G8196,G2646,G8241,G8019,G8134,G8149,G2660,G8005,G2644,G8001,G8072,G2684,G8076,G8217,G8109,G8020,G8053,G2634,G8192,G8167,G8171,G2661,G8067,G2623,G8075,G8203,G8175,G8181,G8036,G8166,G8083,G2692,G8280,G2651,G8034,G2691,G2675,G8070,G8282,G8073,G8239,G8289,G8214,G2611,G8016,G2642,G8208,G8116,G8058,G2652,G8191,G8209,G9220,G8182,G8077,G8254,59276,G8176,G8212,G8170,G8106,G8023,G8061,G8215,G2625,G8123,G8133,G8204,G2697,G8206,G8169,G2656,G8118,G8151,G8165,G8100,G8284,G2606,G8079,G8022,G8153,G8202,G2645,G2659,G8200,G2674,G2658,G2686,G8002,G3002,G8025,G2673,G2694,GW109,G8129,G8078,G2696,59270,G8211,G2680,G8197,G2695,GH304,G2668,GH300,G8199,G2655"
112.25,23.75,0.49,0.45,122,"G8005,G8001,G8020,G8019,G8051,G8080,G8071,G8036,G8074,G8072,G8076,G2626,G8060,G2623,G8070,G8016,G8006,G8075,G8073,G8022,G8085,G8023,G8025,59271,59270,G8065,G8061,G8082,G8066,G8077,G2613,G8014,G8054,G8056,G8002,G8059,G8100,G8033,G8007,G8024,G8083,G8079,G2616,G8058,G2611,G8081,G8062,G8078,G8067,G2604,G8032,G8084,G8004,G8034,G8177,G2622,G2624,G8052,G8035,G8069,G8010,G8053,G8055,G8057,G8013,G8037,G8018,G2625,G8116,G8015,G2615,G2636,GH304,G8132,G8225,GR009,G8104,G8038,G8021,G2643,G2612,G8063,G8138,G8283,G8064,G8109,G2614,G8261,G8031,G8039,G8159,G8247,G2653,G8189,G2662,G8243,G8272,GH305,G8009,G8134,G2635,G8106,G8178,G8179,G8276,G8227,G2634,G8196,G8214,G8333,G8156,G2706,G8154,G8289,G8215,G8157,G8195,G8029,G8028,G2652,G8217,G8191"
112.25,24.00,0.49,0.45,108,"G8007,59270,G8014,G2616,G8025,G8010,G8022,G8021,G2615,G2614,G8033,G8036,G8032,G8023,G8037,G8031,G8020,G8018,G8029,G8061,G8001,G8028,G8012,G8016,G8005,G8004,G8070,G8013,G8002,GR003,G8009,G8030,G8019,G8077,G8084,G8073,G8100,GR009,G8072,G2612,G8520,G8015,G8038,G2623,G8076,G8039,G8003,G8079,G8017,G8075,G8074,G2706,G8413,G8078,G8406,G2624,G8011,G2760,G8071,G2730,G8400,G8008,G2707,G8027,G8006,G8132,G8051,G8080,G8525,G8069,G8333,G8064,G2636,G8058,G8026,G2740,G8519,G8330,G2611,G8083,G8085,G8517,G8506,G2626,GR054,G8060,G8435,GR052,G8082,59271,G8065,G8104,G8066,G8404,GR059,G8024,GH304,G2613,59075,G8067,G2725,G8034,G2761,G8433,G8432,G8402,G8138,G2625"
112.25,24.25,0.49,0.45,113,"G8406,G8011,G8413,G8029,G8012,GR003,G2740,G2730,G8028,G8017,G8435,GR052,G8021,G8003,G8030,G2614,G2615,G8432,GR054,G8433,G8404,G8400,G8520,G8517,G8010,G8402,G8031,G8431,G8421,G8519,G8009,GR055,G8425,G8007,G8027,G8418,G8430,GR047,G2616,G8037,G8018,G8506,G8427,G8525,59075,G8513,G2761,G8407,G2763,G2706,G8014,G8521,GR059,59270,G8032,GR048,G8026,G2760,G8420,G8025,G8022,G8013,G2707,G8008,G2612,G8039,G8033,GR009,G8038,G2742,G8424,G8015,59074,G8004,G2764,G8337,GR005,G8509,GR051,G8023,G8084,G8330,G8336,G8405,G8512,G2741,G8002,G8061,G8036,GR019,GR053,G8419,G8423,GR058,G8333,G8514,GR049,GR046,G8401,GR008,G2708,G8016,G8100,G2725,G8409,G8429,G8020,G8077,G8070,G2757,G8518,G8516,G8529"
112.25,24.50,0.50,0.45,122,"G8425,GR047,G8430,G8432,G8420,G8433,G8427,GR055,G8435,GR048,G2742,G8421,G8431,GR052,G8418,G2740,G8424,GR051,GR053,G2741,G8423,G8402,GR046,G8521,G2764,59074,GR049,GR019,G8429,G8404,GR054,G2757,G2733,G8011,G8513,G8407,G8406,G8338,G8426,G8409,GR005,G2763,59071,G8401,G8413,G2730,G8411,GR014,G8410,G8405,GR013,GR018,G8460,G8465,G8517,G8416,G8415,G8516,G8337,G8017,G8408,G8428,GR008,G2731,G8012,GR003,G8464,G8029,G8446,G8003,GR050,G8400,59072,G8403,G8469,G8028,G8452,G8519,GR002,GR020,G2762,GR007,G2761,G8030,G8523,G8419,G8422,59075,G2708,GR058,G8467,G8462,G8506,G8520,G8514,GR059,G2614,G8027,G8021,G8442,G8509,G8526,G8511,GR004,G2753,G2615,G2752,G8447,G2765,GR057,G8525,G8443,G8336,G8518,G8528,G8317,G8316,G8508,G8031,G8009,G8529,G8026"
112.25,24.75,0.50,0.45,108,"59071,G8426,GR014,G8428,GR013,G8338,G8411,G8464,GR050,GR046,G2733,G8429,G8410,GR053,G8423,GR049,G8422,GR018,G8446,G2741,G2757,59072,G8462,G8403,G8467,G8460,G2731,GR019,GR051,G2742,G2752,G8416,G8465,G8420,G8415,GR020,GR016,G8443,G8409,G8424,GR048,G8442,G8401,G2764,GR047,59074,G8430,G8453,G8449,G8427,GR017,G8425,G8408,G8468,G8452,G2756,GR002,G8469,GR055,GR005,G8463,G8521,G8516,G8447,G2750,GR021,GR015,G8418,G8405,G8432,G2753,G8421,G8431,G8433,G8458,G2762,GR008,G8457,G8407,G8513,G8435,G8450,G8402,GR052,GR007,G2751,G2763,GR022,G8440,GR023,G8454,G8337,G8523,G8511,G8508,G2740,G8404,GR010,G8456,GR004,G2758,GR054,G8445,G2765,GR012,G8451,G2708,G8419"
112.25,25.00,0.50,0.45,73,"G2756,GR017,G8449,G8463,GR016,GR015,G8453,G2752,G8450,G8462,G8440,G2750,G8443,G8422,G8467,GR023,G2758,GR050,G8456,G8451,G8464,G8428,G8468,59072,G8403,G8446,G8454,GR013,G8458,GR014,G8411,59071,G2751,G8442,G8426,G8410,G2731,GR018,G8338,GR020,G8460,G2733,GR022,GR021,G8429,G8455,GR046,G8416,G8415,G2757,GR049,GR053,G8423,G8465,G8441,G2741,G8447,G8445,G8457,GR019,GR051,G8452,G8409,G8444,G2753,G8408,G2742,GR002,G8469,G8401,G8448,G8420,G8424"
112.50,21.75,0.48,0.45,70,"G6522,G6611,G2157,G2185,G6527,G2154,G6592,G2105,G6526,G6701,G6705,G6591,GQ012,G2180,G2122,G6520,G2359,G2360,G2321,GJ202,59673,G2320,G6503,G6710,G6590,G6528,G6709,G6618,59672,G6646,G7311,G2153,G2188,G6653,G2108,GJ505,G2160,GQ051,G6655,G2156,GQ010,G6523,GQ009,G6521,GQ019,G2338,G2106,G6643,G6652,G6612,G7321,G6773,G2167,G6535,G6505,G2327,G6613,G2174,G6608,G6529,G6704,G6708,G6513,G2322,G2182,G2325,G6512,G6648,G2318,G6745"
112.50,22.00,0.49,0.45,139,"G2180,G2108,G6528,GJ505,G6653,GJ202,G6520,G6646,G2156,G2188,G6701,G6705,G2105,G6523,G6535,G2174,G6592,G6505,G2160,G2157,G6513,G6655,G6512,GQ012,G6643,G6522,G2122,G6624,G2106,G2153,G2321,G6745,G6527,G2167,G6612,G6519,G6657,G6649,G6539,G2184,G6652,G6611,GQ019,G2162,G2327,G6647,G6648,GJ203,G6773,G2170,G2151,G2185,G6538,G6521,G6515,G6510,GQ051,G6613,G6659,G2166,G2173,G6747,G6514,G2152,GJ206,GJ200,G6642,G2182,G6511,G2176,G2161,G6591,G6533,G6603,G6525,G6644,G7311,G6524,G2164,G6606,G2359,G6774,G2154,G6529,59478,G2360,G2320,G6564,59477,59673,G6590,G2322,GQ010,G2163,G6526,G6536,GJ205,GJ204,GJ501,G6537,G6502,G2109,GJ500,GQ009,G6709,GJ201,G6658,G2165,G6509,GQ039,G6640,G2318,G6656,G6605,G6618,59672,G7321,G6645,G6608,G6641,G6532,G6607,G6530,G2168,G6704,G6708,59475,G2338,G6626,G2181,G2183,G6699,G6534,G6615,G6710,G6503,G2150,GQ007,G2187"
112.50,22.25,0.49,0.45,173,"G6539,G2170,G6624,G6538,GJ203,G2173,G2166,G6511,G2174,G6657,G2176,G2162,G6510,G6644,G6535,G6505,GJ205,G6533,GJ204,G6513,G2151,G6512,G6537,G6515,G6647,G6656,G2164,G6502,G6747,G2165,G2109,G6524,G6626,GJ501,G6532,GJ505,G2156,G6536,G6523,G2108,G6514,G6641,GJ500,G6519,G6509,59475,G6745,G6530,G6606,G2178,G2172,G2184,G6504,G6649,G2163,G6653,G2177,G6642,G6534,G6564,59477,G6643,G2188,G6528,G6623,G6531,G6621,59478,G6620,G2160,G6646,G2183,G2168,G6699,G6525,G6774,GJ504,G6625,GJ507,G6648,G6655,G2175,G2180,G2106,G6610,G2167,G2171,G2107,G6640,G6609,G2152,G6650,GJ503,GJ202,G6501,G6506,GW207,G6659,GJ502,G6612,G6516,G6520,GJ506,GJ206,G6508,G6507,G2155,G6652,G2327,G2161,G6622,GJ200,G6603,G9261,G6604,G6773,GW202,G2110,G2150,G9267,G2147,G6660,G6557,GQ019,G3011,G3013,G6638,G3060,G6605,GW210,GJ201,G6658,G9363,G6721,G2104,G6645,G6701,G6705,GW201,G6651,G2153,G2105,G9360,G2118,G6592,G6613,G6637,GQ012,GW213,G2182,G2136,G2114,G7021,G6521,G3061,G3015,G2140,G6697,GW211,G3017,G9268,G2157,G3065,GW208,G2122,G2321,GW200,G2146,G3063,G6553,G2103,G2138,G6556"
112.50,22.50,0.49,0.45,222,"G6620,G6504,G6625,G2172,G6626,G6623,G6506,G2107,G6622,G2178,G6656,G3011,GJ506,G2165,GJ205,GJ204,GW201,G6532,G2175,GJ507,G6537,G2177,G6507,G6508,GJ504,G2109,G2114,G7021,GJ503,G6502,G6511,G6637,59475,G9267,G6641,G2176,G6644,G2173,GW200,G2140,GW208,G6531,G2166,G6530,G3065,G9363,G2171,G6638,G6533,G6621,G9268,G7035,G6534,G6509,GJ501,G3060,GJ502,G6538,G2170,G2118,GJ500,G3015,G7030,G9360,G2147,GE305,G2164,G6510,G6539,G7056,G6536,GE303,G7044,GJ203,G6609,G2104,G9261,G3069,GE302,G7031,G6501,G7054,G2145,G2214,G7028,G6660,GW209,G3062,G6524,G6657,GE306,G2146,GE304,GW207,G2162,G6747,GW212,G6624,G2183,G6515,GW216,GW210,G7029,G3063,G6557,G2151,G3013,GW218,GW213,G9264,G6553,G7040,G6610,G6697,G6699,G2163,G6650,G7034,G2168,GE307,G9361,G7045,G6606,G7050,G6647,GE301,G9265,GW202,G9262,G9260,G6514,G3066,G3067,G2117,G8262,G2155,G6721,G2136,GE322,G2110,GW211,G3010,G2212,G7025,G2174,G7055,G6564,59477,G6516,G8273,G3061,G7026,G6552,G7039,G3068,G8242,G3017,G7038,G9362,G6556,G6512,G6642,G2143,G6513,G7022,G6505,G6535,59478,G7049,GW215,G6604,GW214,G6519,G2663,59470,G3012,G3018,G2207,G7043,G6640,GW206,G2115,G6745,GE319,G2103,G6774,GE320,G2184,G6649,G2141,G6525,G2135,GW217,G8259,G3016,G8230,GE325,G2215,GW203,G8271,G7032,G6651,G2150,G8275,GE323,G7027,G6523,G2156,G2137,G3064,G8248,GJ505,GW205,G6558,G6550,GW204,G3001,G8246,G2108,G6724,G8260,G8233"
112.50,22.75,0.49,0.45,287,"G7054,GE304,G7028,GE306,G7031,G7030,G7034,GE305,GE302,G7050,G7029,G2214,G7044,GW200,G7056,GE301,G7035,GE303,G8262,G2114,G8273,G7021,GW209,G8242,GE307,GW201,GW208,G7039,G6637,G9361,GW212,GE322,G3011,G7045,G2663,G3065,G2140,G6622,G8230,G8259,G3069,G7049,G3066,G7055,GE319,G2207,G6506,G8248,G8246,G9268,GW216,G7026,G8260,GE320,G8275,GW214,G2107,G7040,G8233,G8256,G8224,G8271,G2145,GJ506,G6625,GE323,G8258,G7022,G7032,G8279,G8285,G7025,GE325,G6620,G8238,G9262,G9267,59278,G3001,G8249,G3015,G8270,G6507,G6508,G3062,G3012,G2664,G7038,G3068,G7023,G2212,G7043,G7027,G6623,G3010,GE321,G9363,G9264,G9265,G8234,G9362,59470,G8274,G2215,G2175,G6638,G6504,G2118,GW218,G7019,G8232,G8267,G8265,GJ507,G8251,G9360,G8229,GJ503,GE318,G7024,G8236,GE324,G2172,G2146,G3060,G2667,G2666,G8278,G8226,GE310,G3063,G2679,G8277,G3006,GJ504,G2178,GE313,G8244,G2670,GE309,G8245,G2115,G6626,G2117,G2689,G2699,G2672,G8257,G8252,G6553,G9260,G7020,G2147,G8235,GE311,G8250,G7042,G2104,G7033,GW206,G2671,G2676,G8253,G2177,G2693,G2171,G3005,GJ502,G2668,G2696,GE312,G2698,G6550,G6656,G2686,GE314,G8263,GE315,G9209,GW217,G3067,G6697,G3016,G6532,G7053,GE101,G2165,GW213,G3027,G7041,G2695,G6531,G8284,G9261,GE317,G6660,G2205,G6823,GJ204,GJ205,G6552,59475,G2144,GE308,G8264,GW204,G7048,G6621,G6537,G6641,GE316,G2694,GW210,G2109,G2143,G8281,G6502,G7036,G6501,G6609,G6551,G8254,G2142,G7046,G3013,G7037,G6530,G6534,GW203,G6822,GW215,G6557,G2697,G8231,G3025,G2228,G3007,G2258,G9201,G2681,G2673,G2136,G6511,G6818,G6824,GW211,GW002,GW207,G6509,G2113,G3002,G6644,G6556,G2665,G2176,GJ501,GW004,G8239,59471,G6559,G2607,G3071,G9220,GJ500,GW001,G6930,G2141,G2173,GW003,G8280,G8269,G3003,G6964,G6562,G2166,G3061,G3017,G6533,59473,G6721,G8169,G2211,G7069,G7068,G8182,G3018,G6536"
112.50,23.00,0.49,0.45,321,"59278,G8285,G8238,G8278,G8267,G8224,G8226,G2667,G8270,G2679,G2670,G2666,G8246,G8274,G8232,G2689,G8257,G2699,G2676,G8256,G8260,G2693,G2671,G2672,G8248,G8234,G2664,G2698,G8244,G8252,G8233,G2695,G2696,G8230,G2686,G8277,G2694,G8235,G8250,G8259,G8258,G8249,G8251,G2697,G8273,G2668,G2663,G8265,G8254,G8242,G8279,G8263,G8284,G2673,G8253,G2681,G7023,G8275,G8239,G7050,G7039,G8236,G8245,GE319,G7034,G8262,GE301,GE323,G8229,G8280,G2607,G8271,G2207,G2680,G8281,G8264,G2691,GE304,GE320,GE321,G3001,G2674,GE322,GE318,G7020,GE306,G7049,G7029,G7054,GE307,G7032,G7028,GE313,G7019,G2682,G7031,GE325,G9220,G2660,G2683,G9361,G2214,GE302,G2661,G3006,G2688,G7045,G2675,GW214,G2606,G7055,G2684,G2665,G8241,G7044,GE305,G7030,G2687,G7027,GW209,G8231,G2205,G3002,G7042,G7024,G8269,G8182,G7056,G2692,G7026,GE303,G2690,G3005,GE324,GW212,G8282,G3066,G7046,G7053,GE310,G9209,G8228,G2211,G8169,GE314,G7035,G8240,G2605,G7022,GE311,G7037,G3007,GE309,GE317,GW200,G8167,G2215,G6962,G8255,G6956,G3012,G7043,GE312,G2228,GE308,G8166,G6964,G7033,G7009,G2654,G8216,G2114,G7025,GE315,G6963,G8268,G2651,GW208,G7021,G7048,G6958,G6825,G3069,G2217,G2659,GW216,G7041,G7038,G7040,59470,G8194,G9201,G2645,G8227,G8220,G6637,G8192,G3065,G6822,G3068,GE101,G7017,GW004,GW109,G8193,G8197,G6955,59276,GW201,G2140,GE316,G9262,G2658,G6823,G8203,G8206,G8223,G2212,G8272,G9362,G2255,G8219,G6957,GW001,G2258,G8172,G6961,G8287,G8243,G2145,G2254,G3010,G8276,G7015,G3011,G6965,G2656,G6828,G7018,G8195,G8221,G2655,GW003,G6827,59471,G7068,G6959,G7036,G9268,GW002,G8180,G8222,G6865,59279,G8204,G7016,G3027,G2287,G2662,G7006,G6960,G6824,G8247,G9265,G2285,G2115,G8261,G8283,G6966,G2602,G6622,G7069,G6820,G2271,G2677,G6550,G8196,G9264,G3062,G8217,G8211,G7014,G8155,G2291,G6953,G6929,G6818,G9200,G7013,G6842,G3004,G6850,G6868,G8154,G3025,G6506,G2289,G6930,GW218,G2273,G3015,G2644,G6826,G8189,G2144,G6808,G6954,G9204,G7061,G8208,GW206,G7011,G6845,G7058,G6821,G6933,G9206,G9203,G2113,G2653,GJ506"
112.50,23.25,0.49,0.45,293,"G2691,G2684,G2675,G2692,G2660,G8240,G2697,G2674,G2673,G8239,G2680,G2605,G2606,G2681,G2694,G2651,G8192,G8255,G2695,G8203,G8195,G8272,G8254,G2698,G8227,G8280,G8228,59276,G2693,G8268,G2676,G8241,G2659,G2607,G8196,G2671,G2687,G8243,G8217,G8206,G2696,G2689,G8257,G2658,G2686,G2670,G8189,G8283,G2682,G8197,G2699,G2656,G2653,G8204,G2679,G2672,G8261,G2661,G8194,G8223,G8216,G8278,G2655,G2688,G8208,G8226,G8252,G8063,G8276,G8247,G2667,G8267,G8284,G2662,G2666,G8244,G8193,G8221,G2654,G2683,G8209,G8211,G8250,G8235,G8232,G8055,G8263,G2690,G2668,G8222,G8274,G8219,G8287,G2622,G8172,G8198,59278,G8277,G6956,G8234,G8052,G8270,G8238,G9220,G8253,G8225,G8281,G8285,G8167,G8220,G2604,G8282,G8212,G2664,G8264,G8224,G8289,G2602,G2652,G8182,G8191,G8057,G8251,G8154,G6945,G8166,G2677,G8214,G8256,G2665,G8269,G7009,G6955,G8059,G8246,G8265,G6962,G8260,G8155,G7017,G8245,G8180,G2601,G2217,G8233,G6965,G8248,G2291,G2287,G8249,G3002,G2211,G8199,G8169,G8258,G8236,G7011,G8231,G7023,G8062,G7015,59279,G6966,G6951,G6958,G8279,G6953,G8200,G2220,G7020,G6961,G8156,G8081,G8230,G7016,G8054,G2285,G6959,G8215,G8259,G8229,G7018,G2644,G6957,G2290,G6938,G8202,G2286,G6944,G7006,G6963,G6960,G6954,G2646,G7046,G8177,G8053,G6933,G8275,G8179,G2645,G2288,G6825,G2210,G2643,GE313,G8207,G2205,G8066,G2297,G7003,GE318,G2289,G3007,G6934,G8065,G6952,G6828,G7013,59271,G2663,GW109,G6946,G7014,G6964,GE321,G6948,G2299,G8082,GE323,G8273,G6850,G8149,G8242,G2296,G7037,GE319,G7001,G8056,G8205,G7019,G2227,G3006,G8271,G2224,G3001,G6842,G2626,G6937,G8181,G7053,G2228,G6843,G7042,G8178,G2298,G6942,G6865,G7039,G3005,G6935,G9209,G2254,G2207,G6947,G7008,G6939,GE320,G2218,G8085,G8067,G7032,G7065,G8190,GE314,G7012,GE317,G6949,GR066,G6967,G6936,G2255,G7050,G7061,G8262,G2720,G7010,G7004,G6839,G6950,G7034,GE301,G6941"
112.50,23.50,0.49,0.45,214,"G8063,G8052,G8057,G2653,G2604,G8189,G8055,G8196,G8062,G8217,G8195,G8059,G8289,G8214,G8053,G2622,G2652,G8066,G8191,G8065,G8208,G8192,59271,G8203,G8082,G8272,G8209,G8283,G8212,G8067,G2651,G8085,G8215,G8261,G8243,G8200,59276,G8202,G8227,G8240,G8204,G8199,G2692,G2656,G8206,G2626,G8255,G2605,G2684,G8211,G8198,G8247,G8083,G2675,G8054,G2658,G2659,G2655,G2662,G8190,G8225,G8080,G8197,G8268,G8051,G2625,G8071,G8213,G2660,G8205,G8201,G8058,G8223,G8081,G8276,G8221,G2691,G8074,G2606,GR066,G8194,G8228,G8222,G2720,G8075,G6945,G8076,G8207,G2623,G8193,G2674,G8072,G8056,G2220,G8216,G8177,G2680,G8219,G8019,G8241,G8073,G2224,G8287,G6939,G2687,G6941,G8060,G2601,G8172,G8239,G2654,G2673,G8070,G8154,G6967,G2299,G8069,G2681,G2697,G8005,G2602,G8077,G8280,G8078,G8079,GR067,GR070,G2643,G2694,G6942,G2682,G6944,G8100,G2677,G7008,G2607,G2661,G6937,G8155,G8254,G2227,G8061,G2688,G8156,G8220,G8321,G2695,G8322,G2624,G6938,G6946,G2690,G6951,G6956,G2726,GR032,G7003,G2291,G8179,G2210,G8036,G8335,G2683,GR065,G8001,G2698,G7000,G8020,G7011,G2613,G8180,G8167,G7004,G2693,G2676,G2671,G2696,G8084,G2290,G2686,G8320,G2287,G8178,G6948,G6955,G2703,G7010,G6943,G2689,G8257,G8064,G6947,G6965,G7017,G8313,G2670,G2699,G3409,G2298,G8282,G8284,G6953,G6936,G2672,GR071,G8166,G2286,G2296,G8033,G2679,G2646,G7009,G9220,G6934"
112.50,23.75,0.49,0.45,141,"G8083,G8058,G8075,G8067,G8085,G2623,G8073,G8076,G8077,G8079,G8078,G8069,G8082,G2625,G8072,G8070,G8100,G8074,G8065,G8066,59271,G8053,G8061,G2624,G8062,G8071,G8019,G8084,G8005,G8080,G8051,G8064,G8057,G8033,G2726,G8036,G2626,G2604,G8213,G8201,G8052,G8059,G8190,G8013,G8215,G8014,GR009,G8214,G8202,G8020,G2616,G8289,G8001,GR065,G8333,G8063,G8055,G2652,G8191,G8200,GR066,G2722,GR071,G8205,G2653,G8007,G8189,G8335,G2720,G2622,G8212,G8054,G8322,G8199,G8330,G8196,G8060,G8217,59270,G8331,G8022,G8025,G2706,G8031,G8209,G8321,G8208,G2760,G2707,G8323,G8195,G2615,G8081,G8016,G6941,G8056,G8283,G8023,G8207,G2725,G8203,GR064,G8272,G8328,G6939,G8192,G8006,G8021,G8261,GR070,GR067,G2224,G8198,G6967,G2613,G8243,GR069,G8520,G8320,G8332,G8326,G8204,G8225,G8324,G8211,G8177,G2651,59276,G8334,G2656,G8525,G8010,G8227,G8247,G2220,G8206,G8030,G8002,G8313,G8325,G2662"
112.50,24.00,0.49,0.45,117,"G8013,GR009,G8084,G8033,G2706,G8333,G8031,G2760,G2624,G2707,G8064,G8100,G8330,G2616,G8079,G8078,G8061,G8077,G8014,G8520,G2615,G8069,G8525,G8073,G8070,G8007,G8030,G2725,G8021,G8075,G2623,G8058,G8076,G8072,G8017,G8506,G8012,G8083,G8036,G8519,G2726,G8019,G8325,G2722,GR059,G8005,G8074,G8324,59270,G8512,GR063,G2625,59075,G8025,G8022,G8010,G8517,G2761,G8020,G8067,G8085,G8071,GR071,G2614,G8029,G8332,G8001,G8011,GR065,G8082,G8323,G8509,GR054,G8336,59271,G8065,G8066,G8051,G8080,G8028,GR068,G8053,G8331,G8023,GR064,GR003,G8326,G2724,G8032,G8406,G8016,G2774,G8555,G8062,G8335,G8413,G2740,G8554,G8201,G8037,G8213,GR044,GR052,G8018,G8328,G2626,G8543,G8190,G8529,G8002,G8003,G2721,G2730,G8322,G8009,G8004,G8518"
112.50,24.25,0.49,0.45,121,"G8519,G8506,G8517,59075,GR059,G2761,G8525,G8520,G8017,G8030,GR054,G2706,G2760,G2707,G8509,G8012,G8031,G8512,G8011,G8336,G2763,G8513,GR052,G2615,G8021,G2740,G8330,G8421,GR063,G2725,G8514,G8529,G8337,G8433,GR009,G8518,GR058,G8528,G8419,G8013,G8521,GR055,G8333,GR057,G8554,G8406,G8325,G2708,G8432,GR068,G8029,G8435,G2616,G8413,G8427,G8526,GR044,GR005,G8507,GR008,GR047,G8033,GR003,G8007,GR048,G8523,G8425,G8084,G8324,G2764,G8014,G8028,G2730,G2614,G8064,GR007,G8516,G2721,G2624,GR056,G8010,G2774,G2762,G8003,G8543,G8100,G8061,G2742,G8316,G8317,G8079,G8078,G8430,G8404,G8431,GR051,GR004,G8077,G2766,G8420,G8402,G2765,GR019,G2770,G8564,G8069,59270,G8332,G8555,G8400,G8070,G8418,G2722,G8511,GR006,G8025,G8073,G8469,G8022,G8524,G2757"
112.50,24.50,0.50,0.45,136,"G8513,G2763,G8521,GR005,G8337,GR008,G2764,G8516,G8421,G8419,G8523,G2708,GR007,GR055,GR048,G8427,GR058,G2762,GR054,G8514,GR047,GR019,G8433,GR051,G8526,G8517,G2742,G8469,GR052,G2761,GR057,GR004,G8425,G8452,G8465,59075,G2765,G8518,G8528,G8432,G8316,G8317,G8511,G2757,G8509,G8519,G8529,G8507,GR049,G8336,G8460,G8423,GR059,G2740,GR006,G8508,GR053,G8506,G8420,G8011,GR018,GR012,G8435,GR020,GR046,G2753,G8338,G8017,G8515,G8430,G8426,GR056,GR014,GR013,59071,G8447,G2766,G8446,GR010,G8512,G8554,G8429,G8525,G8442,G8030,59072,G2741,G8520,GR011,G8406,G8012,G8431,G2733,G8510,G8524,G8424,G8464,G8564,GR021,G8418,G8428,G8457,GR068,G8413,G8411,GR044,G8402,G8467,GR063,G8404,G8410,59074,G2730,GR050,G2760,G2767,G2706,G2707,G8462,G8029,G8031,G8468,G8443,G8409,G8021,G2770,G8422,GR003,G2615,GF706,G2725,G8407,G8401,G2721,G8500,G8325"
112.50,24.75,0.50,0.45,127,"GR020,G8452,G8465,G8442,G8469,G8447,G8460,G2753,GR018,G8446,GR021,59072,G2757,G8516,G8457,GR019,G2762,GR013,G8468,G8338,G8467,G8508,GR010,GR014,GR049,G8511,GR051,G2764,GR005,G8443,G8426,GR007,G8464,GR008,59071,G8423,GR012,GR004,GR053,G8462,G2742,G8428,G2765,G8523,GR046,G8458,GR011,GR048,GR050,GR022,G8515,G8521,G2752,GR006,G2751,G8445,G8427,G8317,G8316,G8448,G8337,G8429,G8422,G2750,GR047,G8411,G2767,G2708,G8513,G2733,GR016,G2763,G8449,G8419,GR055,G8454,G8420,G8441,G8410,G8526,G2741,GR058,G8421,G8425,G8500,G8455,G8444,G8514,G8403,G8501,GR017,G8433,G2756,GR015,G8507,GR057,G8430,G8453,G8463,G2731,GR023,G8432,G8450,G8510,G8424,G2766,G8528,GR052,G8518,GR054,G8416,G8415,GR056,G8409,G8502,G8529,59074,G8503,G8524,G8435,G8517,G8456,GF706,G8509,G8401,G2761,G2740"
112.50,25.00,0.50,0.45,86,"G8458,G2751,G8454,G8468,G2750,GR022,G8455,G8441,G8443,G8445,GR021,GR023,G8442,G8444,G8457,G8449,G8450,G2752,G8467,G8448,GR015,G8447,G8456,59072,G8462,GR016,GR020,G8463,G8446,G2756,G2753,GR017,G8464,G8460,GR018,G8440,GR050,G8453,G8452,GR013,G8428,GR010,G8465,G8422,GR014,G2758,G8469,G8338,G8451,G8426,59071,G2757,GR011,G8508,G2767,GR049,G8500,GR019,G8501,GR012,G8511,G8423,G8411,GR046,GR053,G8516,G2762,GR051,G8403,G8515,G8410,G2733,G8429,GR004,G8502,G8503,G2765,G2764,G2742,GR007,G8504,GR006,GR005,G4564,G2731,GR008"
112.75,21.75,0.48,0.45,58,"59673,G6590,G6709,G6618,59672,G6591,G2122,G6503,G6710,G2157,G2154,G2153,G6522,G6704,G6708,G6608,G6526,G6521,G6520,G6529,G6707,G6703,G2186,G2187,G6613,G2182,G6773,G2180,G2188,G2106,G6612,G6701,G6705,G2105,G6592,G6611,G2158,G2185,G6527,G6523,G6607,G2108,GJ505,G6771,G6603,G2152,G6615,G2181,GJ202,G6772,GQ012,G6528,G2184,G6505,G6646,G6770,G6653,G2321"
112.75,22.00,0.49,0.45,147,"G2106,G6773,G6612,G2153,G6521,G6613,G2182,G2188,G6529,G6520,G6523,G2152,G6603,G2122,G2184,GJ505,G6607,G2108,G6525,G6608,G6505,G2181,G2180,G6708,G6704,G6615,G2187,G6774,G6771,G6772,G2186,G6605,G2157,G6707,G6703,G2158,59478,G6590,G6770,59673,G2151,G6606,G6709,G6522,G2174,G6624,G2191,G2150,G6524,G6618,59672,G6591,G6701,G6705,G6528,G2105,G6539,G6535,G6592,G6538,G2111,G1225,G6536,G6653,G2156,G6533,G2170,GJ202,G6646,G2190,GJ500,G3982,G3983,GJ501,G1269,G2183,G6604,GJ106,G2173,G6513,G2176,G1208,G6509,G6698,G1235,G1234,G2154,G6503,G6710,G1202,G6512,G6610,G3966,G1268,G2193,GJ100,G2134,G6530,G3999,G6502,G6702,G6706,G2160,GJ101,G2155,G2138,G6534,GJ108,G6537,GJ203,GJ102,G6657,G6527,GQ012,G6526,G6611,59475,G2110,G3958,G2120,G1254,G1274,G2162,G6511,G6532,GJ103,G3986,G2166,G6655,G1241,GJ107,G6722,GJ104,G3954,G6643,G2185,G6609,G6500,G6724,G6647,G3993,G3985,G3984,G6501,G6510,G6745,GJ105"
112.75,22.25,0.49,0.45,206,"G6606,59478,G6774,G6525,G6524,G2151,G2184,G6536,G2183,GJ500,G2152,G2150,GJ501,G6509,G6533,G6610,G6604,G6605,G6603,G6530,G6534,G2155,G6502,G6538,59475,G2110,G2176,G6624,G6505,G6609,G2173,G6501,G6537,G6612,G2106,G6523,G6539,G2170,G6532,G6721,G2177,G6773,G6557,G2138,G2171,GJ502,G2188,G6660,G2181,G2190,G6724,GJ505,G6770,G2178,G6613,G2174,G2182,G6615,G6558,G6607,G2136,G2191,G6772,G2103,GJ101,GJ102,G2108,GJ108,G2147,GJ507,G6511,GJ100,GJ503,G2134,G2104,GJ104,G6771,GJ103,GJ105,G6720,G2172,GJ107,G6626,G6500,G2137,G6521,G2130,G6623,GJ205,G6556,G2166,GJ204,G6697,GJ106,G2153,GJ203,G6546,G6698,G6722,G6706,G6702,G6638,G6507,G6508,G6529,G6656,G6535,G2120,G2135,G6504,G2111,G6657,G6644,G6554,G2118,G2193,G2192,G6593,G2165,G6520,G1268,G2162,G6510,G2132,G2133,G6513,G6553,G6620,G2143,G1202,G6552,G2109,G2194,G2146,G1269,G6512,G2141,G2158,G3966,G2180,G2156,G3954,G2197,G3958,G1225,G2112,G6506,G6515,G6647,G6517,G2117,G2164,G3967,59476,G6560,G2187,G6747,G6518,G6625,G6528,G2198,G6641,G6653,G1254,G2195,G2122,G2186,G3957,G3986,G6555,G3982,G3983,G1253,G1265,G1208,G6540,G2140,G6608,G6703,G6707,G2127,G6543,G1290,G1257,G2145,G2107,G3965,G6708,G6704,G6646,G6622,G6519,G1260,G1251,G1264,G2131,G2125,G6542,G6514,G6745,G2101,G3993,G3955,G3011,G2160,G1255"
112.75,22.50,0.49,0.45,282,"G2147,GJ502,G6660,G2171,G2104,G6501,G6609,G6557,GJ503,G6638,G6697,G2118,GJ507,G2136,G6507,G6508,G6553,G6721,G2177,G6534,G2146,G6610,G6556,G2155,G2110,G6530,59475,G2183,G6552,G2117,G2143,G6509,GJ500,G2178,G6532,G6623,G2103,GJ501,G2145,G6536,G2135,G6502,G2141,G6604,G2172,G2140,G6537,G2137,G6524,G6558,G6533,G7040,G6506,G2212,G6606,G6724,G2192,G6504,G6620,G6626,G2176,G6543,G2130,G6540,G7025,G2115,G7021,G2195,G7038,59478,G2138,G2173,G6554,G2125,G2150,G2151,G2114,G6560,59476,GE303,G6538,GW201,G6720,G6622,G6625,G2197,G7044,G7022,G3011,G6774,G2142,G2194,G6550,G6555,G7045,G6546,GJ105,G7030,G7026,G6551,G6656,G7043,GJ205,GE302,G7055,G6525,G2170,GJ204,G2107,G2101,G6542,G2144,G6511,GJ104,G6539,GE307,G2127,G2129,G2132,G6500,G2215,G7029,G6562,GJ103,59473,G2116,G2165,GJ102,GJ107,GE322,G6541,GJ101,G2126,G6624,GJ108,GE306,G6559,GW200,G7049,G6544,G2184,G6605,GJ506,G6637,G2166,G2128,GE325,G2190,GJ100,G7054,GE301,G7027,G2134,G6644,G6593,G2109,G6700,G6661,G2133,G2198,G2207,G6722,GE320,G7039,G6517,GW208,G7035,G7032,G2152,GE305,GE324,G2175,GE304,G7028,G2113,G7050,G7031,GE309,G7033,G7024,GE319,G2131,G2148,G2257,GE310,G7034,G2196,G7056,GE101,G6603,G6641,GJ203,G3065,G6505,G8242,GE323,GJ504,G6823,G9267,G6818,G2120,G2214,G2124,G6910,G7036,G2123,G6861,G6510,GE315,G2265,GE311,G6518,GE312,G7041,G1257,G6706,G6702,G2064,G7019,GE321,G6856,GE233,G8273,G2057,G6657,G2055,G2102,GE316,G9268,GE231,G6930,G6698,G2174,G7057,GE227,GW209,G2021,G8259,G2112,G2164,G6531,G2191,G6824,G2162,G2241,GJ106,G6723,G6523,G9363,G6216,GE318,G6770,G6548,G2237,G8262,GE232,G8279,G2193,G6819,G7042,G6621,G6907,G3069,GE314,G1265,G7048,G2235,GW212,GE208,G3060,G2039,GE313,G1264,GE308,G8258,G3015,G2258,G6612,G2181,G7023,GE317,G6822"
112.75,22.75,0.49,0.45,416,"G7025,G7038,G7022,G2212,G7040,G7043,G7026,G7055,G2215,G2115,G2145,G7045,GE325,G7027,G7049,G6550,GE322,G7032,GE320,GE324,G2207,GE307,G7024,GE309,GE310,G2117,G2146,G7033,GE303,G2144,GE319,GE323,G2140,G7044,G7019,G7039,GE321,G7029,GE311,GE101,G6551,G2142,G6553,GE302,GE312,GE315,G6823,G2118,G7041,GE318,GE301,G7030,G7036,G7042,GE316,G6552,G6638,GE313,GE314,G8279,GE306,G2113,G8259,G6559,G6818,G8242,G7023,G2143,G7048,GE317,GE308,G6562,G6697,G8258,G7021,G7053,59473,G6824,G7050,G6507,G6508,G6822,G2104,G6661,G6930,G2258,G7020,G2114,G2257,G2147,G6861,G8233,G7034,G7054,G2116,G8273,G2265,G2205,GJ503,G8265,G6543,G2141,G8248,GE304,G8245,G6845,G7069,G2148,G7037,G6819,G6660,GJ507,G6556,G6864,G2228,GJ502,G6856,G7028,G6820,GW201,G7046,G7068,G2664,G2171,G2136,G6868,G6540,G2125,G2126,G6506,G7057,G7031,G6907,G8234,GW200,G6557,G2135,GE305,GE210,G8277,G3011,G6827,G2195,G2264,G8253,G8231,G6863,G2241,G6931,G6623,G2263,G6964,G6541,G8238,GE208,G6501,G8262,GE209,G7035,G2214,G6622,G2129,G6609,G8264,G6821,G6811,G7056,G6906,G8274,G2255,G8246,G6808,G6929,G2177,G6721,G8250,GE227,G2226,GE027,G6620,G8244,G2225,G8263,G8281,G6700,G2103,G6637,GW208,GE212,G6910,GE233,G2178,G8224,G2665,G8285,G2172,G2235,G2663,GE028,G6963,G6825,GE020,G3200,GE218,GW209,G6560,59476,G2254,G8230,G2137,G6544,G2211,G2208,G8226,G2101,G2128,G2192,G6625,59278,G8269,G6809,G6542,GE017,G6555,G6826,G8260,G6534,G6504,G2202,G2110,G2107,GE026,59475,GE236,GE018,G6919,G8256,G6908,G2271,GE231,G2155,G8278,G3065,GE240,G2237,G6532,G6849,G6865,G6610,G9361,G6530,GE219,GW212,G6802,G6801,G6803,GE235,G6925,G6920,G8270,G6810,G8257,GE228,G6958,GE229,G6905,G2197,G2127,G6558,G6812,G7058,G8267,G6807,GE220,GE019,G2670,G6851,GJ506,GE005,G2124,G6626,G6509,GE230,G6917,G2183,G2239,GE232,GE217,G2130,G6804,GE006,G6909,G6828,G6962,GE025,G6554,GE234,G2273,GE214,G2693,G2667,G2689,GE014,G6502,G2679,G2194,G3069,G6814,G2204,G8232,GE013,GE237,G2666,GE012,GE008,G2234,GJ500,G2055,G6216,G6537,GE015,GE029,GE011,GJ501,GE009,G8275,G9268,G6724,G2683,GE007,G6957,G2698,G6805,G6844,G3066,GE205,G2246,G2676,G6866,G2270,GE024,G2607,G6604,G2238,G6536,G2221,G7009,GE010,G8249,G2699,G2267,G6806,G6911,G2217,G2021,G8271,G7061,GE016,G9267,G7018,GW216,G2671,G2688,GE211,GE001,G2201,GE023,G6961,G2690,G2064,G6904,G2244,G2682,GE204,G2672,G6902,GE032,GE030,GE031,G6960,GW214,G2695,G6842,G2123,G6800,GE002,G2175,G6959,G7006,G2079,GE022,G2681,G2033,G6838,G2694,G6720,G2196,G7015,G6546,G6656,G6533,GE004,G6867,G2233,G7014,59480,G7065,GE215,G8252,G7062,G2222,G8251,G2132,GE201,GE003,G7017"
112.75,23.00,0.49,0.45,492,"G7020,G8245,G2205,GE313,G8264,G8231,G7046,GE318,G8253,G8265,G7053,G8281,G7042,G7037,G7023,G2665,G7019,GE321,GE314,GE317,G2228,G8277,G8269,G8263,G2211,G6964,G8279,G8250,GE308,GE311,G8258,G6963,G7024,GE323,GE310,G7048,G6825,GE312,GE324,G8234,G2664,G7032,GE309,GE315,G6822,G7027,G8244,G8233,G6958,G2255,G7041,G6962,GE325,GE320,G7033,G2683,GE319,G6827,G2254,GE316,G7068,G2258,G8274,G2207,GE101,G8259,G6823,G7009,G2688,G6865,G2690,G2607,G6828,G2217,G2682,G7049,G8248,G6957,G2215,G6820,G7036,G2271,G7069,G6824,G8226,G8238,G6929,G6961,G7018,G6956,G7043,G7017,G6808,G6868,G6826,G6959,G7039,G7015,G8257,G6960,G7026,G7006,G7055,G6821,G6955,G2273,G7022,G7058,GE322,G7016,G2264,G6845,G8278,G2681,G2693,GE017,G2687,G6930,G6818,G6842,G6849,59279,G7014,G3200,G2670,G7061,G8242,G6965,G2225,G8220,G2285,G2680,G2698,GE018,G6802,G6866,G6850,G7013,GE027,G7045,G2673,G6864,G8285,G7065,G2689,GE307,G6966,G7038,G2654,59278,G6811,G2287,G2113,G2674,G7025,G2289,GE026,G2694,G6851,G2676,G6812,GE301,G2263,G6809,G8246,G7062,G6819,G8267,G6844,G8224,G6838,G6550,G2679,G2695,G6954,G2267,G8273,G6953,G8216,G6801,G2202,GE020,G7001,GE005,G2144,G6861,G6839,G6810,G2606,G6863,G6933,G7029,G2226,GE028,G2697,G6832,G2667,G2265,59288,GE006,G2115,G7050,G6931,G2671,G6843,G2270,G2212,G6867,GE007,G2666,G6952,GE008,G2699,G8270,G7040,G2291,GE025,G8219,GE019,G2288,G8287,GE210,GE009,G8232,G8193,G2257,G6803,G2677,G6807,G2286,G8194,G7011,G7034,G8260,G2204,G6907,G6862,G2221,GE306,GE010,G8256,GE240,G6551,G2672,GE302,G2602,GE218,G6814,G6559,G7044,G2297,G7064,GE303,G6833,G6661,GE014,GE011,G2142,GE024,GE012,G6856,G2280,G2696,GE023,GE013,G6840,GE022,G6950,G6934,G6906,G2659,G8222,G6804,G8223,GE219,G6800,G8230,GE015,G2691,G2290,G7057,G8197,G2675,GE209,G8221,G7030,G8252,G7059,GE220,G2148,G2145,GE001,G6813,G7002,G6951,G7054,G2234,G2686,GE029,G2658,G2201,G6562,GE304,G6909,59473,GE208,G2692,G7012,G6908,GE016,G2223,GE002,GE032,GE031,GE030,G2261,G2655,G7067,G6925,G2663,GE004,G2241,G8254,G8239,G6835,GE212,GE021,G6853,G8206,G6806,G2218,G2296,G2276,G8262,GE217,G6805,G7060,G2208,G2279,GE003,G7005,G2656,59276,G8235,G7028,G6855,GE235,G6847,G2256,G2259,G6935,G2651,G6860,G2601,G2216,G7063,G6938,G2116,G2140,G6841,G8204,G2260,G7066,G6949,G6917,G8249,G2222,G6948,G2292,GE236,G2117,G7031,G8211,G2684,G2268,G8251,G2233,GE204,G2668,G3254,G6834,G2210,G6905,G8284,G6836,G2238,G2295,G7003,G6945,G2298,G2294,G7021,G2253,G2146,GE234,G8275,G2660,GE305,G2272,G9573,G8203,G2214,G8192,G6919,GE205,G8280,G6830,G2235,G2114,GE227,G2274,G2248,G8198,G6944,G2251,GE214,G3452,GE202,G6946,G6553,G6947,G6923,G6852,G2126,G2239,G2281,G7056,G6918,GE206,G3310,G6936,G6837,G6829,GW200,G8236,G2244,G6858,G2206,G2118,G6552,G8271,GE233,G6920,G8240,G6915,G7035,GW209,G3253,G9361,G2247,G2293,G9807,G9806,G6848,G2143,G6910,G8208,G2282,G3256,G9706,G6543,G9793,G9804,G6902,GE213,G7010,G8229,G2219,G9802,GE237,G8195,G8209,GW201,GE229,GE207,G6638,G6817,G3237,G3249,G2220,G2275,G9796,G3001,GE230,G2605,G8217,G2252,G9803,G9797,G3252,G3119,G6541"
112.75,23.25,0.49,0.45,461,"G2654,G8216,G8219,G8193,G8287,G8220,G8194,G6956,G2687,G8222,G2690,G2602,G8223,G8221,G2688,G2677,G8197,G2682,G6955,G2683,G2659,G2655,G7017,G2291,G2658,G2287,G6965,G7009,G2217,G2606,G8206,G7011,G2656,G2607,G6966,G6953,G6962,59279,G2601,G8211,G8204,G7015,G6951,59276,G2285,G2674,G7016,G6945,G2286,G2290,G2680,G6961,G6959,G8198,G6954,G6933,G2288,G7018,G8269,G6938,G2297,G7006,G6934,G6952,G2289,G6957,G6960,G6958,G2651,G2665,G7013,G2211,G8281,G2210,G6944,G7014,G7003,G2296,G7001,G2681,G6948,G6850,G8264,G8203,G2692,G2675,G6843,G6828,G6946,G8263,G8208,G6842,G8209,G6935,G2673,G2220,G8192,G2218,G2298,G6963,G7012,G6825,G6949,G8231,G6950,G6947,G7065,G8253,G8250,G6839,G6862,G6936,G2227,G7061,G2294,G8212,G8217,G6865,G6840,G2691,G6937,G2299,G7010,G7005,G7062,G6964,G6832,G7002,G2292,G2254,G2216,G8277,G2694,G8195,G7046,G8244,G8199,G2697,G7004,G6942,G2273,G8196,G8245,G7008,59288,G8207,G7064,G6943,G2271,G3119,G6866,G6838,G2684,G7000,G3253,G2693,G7067,G2255,G2698,G8191,G2652,G2205,G8257,G7037,G2295,G7020,G2224,G2293,G2228,G8289,G2695,G8265,G7058,G3452,G3252,G7063,G2653,G3254,G8189,G8234,G8226,G3409,G8274,G8214,G2670,G2676,G7059,G6967,G2279,G2268,G6939,G6826,G8200,G6867,G2689,G6827,G2664,G2267,G2276,G3256,G2660,G6844,GR032,G8240,G7053,G8278,GE313,G8063,G6849,G8239,G2280,G7066,G7023,G2671,G6929,G7060,G6829,GE317,G3126,G7042,GE318,G6802,G8202,GE017,G6941,GE314,G7068,G2679,G2251,G3420,G6833,G8215,G8205,GE308,G8238,G6851,G2270,GE018,G8258,G1026,G8279,G6812,GR067,G2699,GR033,G6808,G2605,G2248,G1043,G8267,G8233,G3200,G8272,G6841,G8254,G7048,G6822,GE321,G7019,GR070,G2282,G6853,GE007,G2696,G8255,G2261,G6830,G6821,G2250,G2720,GE005,G2667,G2672,G6820,G2275,GE006,G2666,GR066,GE026,GE008,G2258,G2225,GE311,59278,G6859,G2686,G2703,GE009,G8057,G6801,GE010,G8248,G8285,GE312,G2221,G6810,GE027,G7069,G6809,GE323,GE022,G8227,G8232,G2264,GE315,G8280,G3255,G6868,GE025,G2247,G7024,G8055,G7041,GE310,G6834,G3411,GE316,G8052,G6813,G9488,G2206,GE023,G8252,G8190,G8259,G3412,G2202,G6835,GE024,G8283,G6800,G2204,GE309,G1073,GE324,GE019,G8228,G8243,G6831,G8224,G7032,G8270,G6814,G2223,G2249,G8268,G7033,GE011,G6824,G6858,G6811,GE319,G3404,G6807,GE020,G6823,G6836,GE101,G6860,G2604,G8241,G7027,G8213,GE320,G8246,G9845,G9847,GE014,G6845,G3310,G9846,GE325,G6803,GE021,GE012,G7036,G8201,GE028,GE001,G2207,G8235,G8261,G9484,G6852,GE013,G2263,GE004,G9487,G2201,G6847,G9567,GE002,G8284,G2259,G9571,G8313,G9589,G8053,G2226,G2256,G3416,G9706,GE032,GE031,GE030,G9833,GE015,G6857,G6837,G6864,GE240,G8062,G2260,G6855,G6930,G2668,GE003,G8320,G6804,G2272,GE016,G1042,G8256,G1025,G8260,G2622,G9566,G9844,G7049,G2661,G9573,G1094,G2281,GE029,G6863,G6818,G9485,G1046,G8247,G2234,G7039,G9796,G1010,G2215,G8242,G6806,G6931,G6819,G2662,GE218,G8321,G8276,G6909,GE219,G9587,GE220,G9815,G9802,G3104,G3159,G2222"
112.75,23.50,0.49,0.45,295,"G8199,G8200,G8212,G8207,G8202,G8205,G8191,G2652,G8215,G8289,G2224,G2220,G8214,G8198,G6939,G2720,G8209,GR066,G6941,G6967,G6945,G2299,G8208,G8211,G8190,GR067,G6942,G7008,GR070,G8213,G8204,G6937,G8201,G2227,G2601,G2656,G2655,GR032,G6944,G8221,G8206,G8222,G2658,G8217,G8223,G7000,59276,G8197,G6946,G7004,G7003,G2659,G8203,G2703,G6938,G2210,G8194,G2653,G8193,G8196,G2602,G8219,G8287,G6943,G8321,G8053,G3409,G8057,G7010,G8063,G8189,G8320,G6951,G2651,G8192,G8313,G2677,G6947,G8322,G6948,G8216,G6936,G8195,GR033,G2298,G3119,G2291,G2290,G2654,G7011,G2625,G8062,G3126,G2296,G8067,G8335,G8052,G6935,G8220,G6934,G8334,G2606,G3252,G6949,G2286,G2294,G3420,G3253,G2297,G2687,G2287,G2692,G2604,G6953,G2218,G2288,GR065,G2293,G8055,G6956,G6965,G2675,G6955,G7012,G6966,G6952,G6933,G8301,G8300,G1073,G6954,G8083,G7017,G2674,G8082,G8066,G2690,G8065,59279,G2292,G1026,G2688,G2682,59271,G2285,G8058,G2680,G2726,GR069,G8304,G7005,G8085,G2216,G2701,G2289,G8331,G3452,G7015,G6950,G7016,G7009,G7001,G2683,G2217,G3256,G8272,GR071,G6843,G3411,G2684,G8059,G2295,G2607,G9484,G7013,G8302,G6959,G6961,G8240,G2691,G7002,G7006,G8328,G8303,G7018,G6840,G6962,G6862,G6960,G6850,G2622,G3254,G8283,G7014,G8327,G1043,59280,G1025,G2681,G8069,G2705,G2715,G6957,G3259,G8437,G2673,G7067,G7063,G6839,G6829,G3416,G6842,G2660,G2605,G3412,G8227,G8323,G8255,G8243,G2250,G2268,G6958,G7065,G2716,G8261,G2722,G8269,G6832,G6828,G3255,G8312,G8075,G9485,G7064,G8306,G8078,G9833,G9847,G2211,G2279,GR064,G7062,G2665,G2282,G2251,G2697,G7061,G6859,G8281,G9846,G9488,G2275,G9571,G2623,G2694,59288,G7066,G2276,G8079,G8074,G8076,G8071,G1081,G2624,G8311,G3415,G8073,G7059,G8268,G9768,G1042,G2626,G3260,G2704,G8064,G8263,G2248,G6838,G6963,G8264,G8247,G8239,G3159,G6825,G2723,G8072,G8077,G8100,G8080,G8051,G6865,G8307,G7060,G9845,G9483"
112.75,23.75,0.49,0.45,171,"GR065,G2726,G8335,G8201,G8213,GR071,G8322,G2625,G8190,G8331,G8321,GR066,G2722,G2720,G8323,G8205,G8328,G8202,G8069,G8215,GR069,GR064,G8058,G8067,G8334,G8200,G8053,G8320,G8083,G8064,G6941,GR070,GR067,G8326,G8078,G2624,G8313,G2701,G6939,G8214,G8199,G6967,G8207,G8079,G2723,G8191,G8327,G8289,G2652,G2224,G8332,G8302,G2703,G8062,G8100,G8329,G8212,G8333,G8301,G8084,G8057,G8075,G8085,G8077,G8304,GR032,G8082,G8437,G8073,G2724,59280,G8066,G2623,G2299,G7008,G8065,G8300,G6942,59271,G8061,G2220,G8324,G8330,G8209,G8076,G8070,G8307,GR009,G8013,G6937,G8208,G8072,G8306,G7000,G8198,G2725,G8074,G2227,G8312,G8063,GR033,G8052,G8033,G2653,G6945,G8556,G3409,G2604,G7004,G8217,G8555,G8325,G8189,G8211,GR043,G8071,G6943,G8196,G2707,G6944,G3126,G2760,G8019,G8204,G6946,G2706,G2601,G8541,G8308,G7010,G2656,G8055,G8059,G2704,G2655,G8203,G2705,G8303,G7003,G8206,G8195,59276,G8080,G8051,G8005,G2210,G3420,G1073,G3119,G8221,G2658,G6947,G6936,G6938,G8192,G8222,G2715,G8197,G8223,GR030,G8311,G8014,G2616,GR063,G2626,G2774,G2716,G2659,G2651,G6948,G2298"
112.75,24.00,0.49,0.45,119,"G8324,G2722,G2725,G8332,G8333,G8330,G8325,G8064,G2724,G8323,G2726,GR071,G8326,GR064,G8555,G2707,GR063,G2760,G8331,GR009,GR065,G2774,G2706,G2624,G8069,GR043,G8328,G8013,G8512,G8084,G2723,G8543,G8525,G8078,GR068,G8329,G8335,G8079,G2721,G8100,GR044,G8556,GR069,G8541,G2625,G8506,GR059,G8058,G8031,G8566,G8322,G8554,G8033,G8077,G8520,G8061,G8336,G8083,59075,G8073,G8321,G8519,G8509,G8201,G8327,G2701,G2761,G8213,GR073,G8075,G8334,G8070,G2616,G8030,G8067,G8190,G2623,G8307,G2772,G8529,G8302,G2615,G8014,G2770,G8540,GR066,G8076,G8437,G8017,G8517,G8565,G8518,G8320,G2720,G8528,G8053,G8072,G8021,GR035,G8205,59280,G8007,G8085,GR075,G8215,G8304,G8313,G2771,G8074,G2745,G8202,G8301,GR057,G8308,G8012,G8514,G8306,G8019,G8082"
112.75,24.25,0.49,0.45,120,"GR068,G8512,GR063,G8554,GR044,G8336,G8509,G8325,G8529,G2721,GR059,G2774,G8518,G8543,G8528,G2725,G8506,59075,G2761,G8324,G8525,GR057,G2770,G8514,G8507,G2707,G8330,G8519,GR056,G2760,G8555,GR058,G8564,G8419,G2706,G8526,G8566,G2708,G8517,G8333,GR035,G2766,G8332,G8565,G8520,G8337,G8524,G2724,GR043,G2763,G8542,GR009,G8513,G8523,G8017,G8030,GR054,GR073,G8317,G8316,G8031,G2772,G2771,G8013,GR008,G2722,G8064,GR007,G8510,G8326,G2765,G8541,GR034,GR004,GR006,G8537,G8521,GR064,G8323,GR005,G2762,G8421,GF701,G8012,G8556,GR042,G8563,G8084,G8011,G8516,G2615,G8511,G2624,G8545,G8540,GR071,GR052,G8515,G2726,G2723,GF706,G8329,GR055,G8021,G2747,GR012,G8433,G8538,GF700,G1466,G8033,G8069,G8331,G8078,G2764,G4555,G2740,G8508,G2616,G8328"
112.75,24.50,0.50,0.45,121,"G8507,G8526,GR057,GR056,G2766,G8317,G8316,G2708,G8528,G8514,G8518,GR058,G8419,G2765,G8523,G8529,GR006,GR004,G8524,G8564,GR007,G8510,G8337,G8515,G8511,GR008,GR012,G2762,G8336,G8509,G8554,G8508,G8516,GF706,G2770,G2763,GR044,GR005,G8513,GR011,G8542,G2761,GR068,G8469,59075,G4555,GF701,GR010,G8512,GR059,G8521,G8452,G2767,G2721,G2753,GF700,G8506,G2764,GR035,GR063,G8517,G4540,G8563,G8519,G4538,G8500,G8543,G8447,GR054,G1466,G8421,G8565,G8465,G2774,GR048,G1460,GR055,G8427,GF705,G8525,GR019,G8501,G8457,G8325,GR020,GR051,G8545,G8537,G8460,G2757,GR047,GR021,G2742,G8433,G8566,GR052,G8442,G2725,G8502,G4556,G8017,GR018,G2771,GF092,G2747,GR049,G2707,G8503,G8520,G8324,G8448,G2760,GF004,GR034,G8425,G8432,G8555,G8423,GR042,G2706,G8011"
112.75,24.75,0.50,0.45,120,"GR011,GR010,G2767,GR012,G8508,G8515,G8500,G8511,GR006,G2753,G2765,GR004,G8501,G8457,G8447,G8316,G8317,G8448,G8469,G2762,G8452,GR021,G8510,GR007,G8502,G8523,G8503,GF706,GF705,G8516,G8445,GR008,G8442,G2766,G8526,GR020,G4540,G8504,GR022,G4555,G8524,G2708,G8505,G4545,G8465,G8507,GR056,G8419,GR005,G4542,G8468,G4543,G8458,GR058,G2751,G8441,G8444,G4538,G8337,GR057,G8460,G8514,G8564,GF701,G4544,GF700,G2764,GR018,G8446,G8528,G8518,59072,G4556,G8455,GR019,G2757,G8443,G8529,G1464,G8521,G8454,G2763,G8513,G8467,GR051,G8542,GR013,G4547,G8338,G4549,GR049,GR014,GR048,GF099,G1466,G8563,G2750,G1460,G2742,G8426,G4554,G1462,G8509,G8464,G8423,G8462,GF092,G8427,G8336,G4567,59071,GF702,GR053,G2770,G1414,G8554,GF209,G8428,G2752,G4407"
112.75,25.00,0.50,0.45,94,"G8448,G8444,G8445,G8441,GR022,G8455,G2751,G8501,G8457,G8458,G8500,G8504,G8503,G8502,GR021,G8454,G2767,G4545,G8505,GR010,GR011,G8447,G4542,GF209,G8468,G4543,G2753,G4567,G4566,G8442,G4564,G4544,G8508,G2750,GF705,GR012,GF098,G4536,G1410,G8515,G1458,GF208,G4563,G8443,G4601,GR020,GR023,G4548,G8452,G1414,G1462,G8511,G1415,GF099,G8469,GF096,G4649,G1464,GR006,G9880,GF097,GR004,G2765,G8450,59072,G8467,G1470,G8446,G4540,G4518,G8465,G2762,G8456,G8449,G1413,G8460,G2752,G8317,G8316,GF706,GF702,G8462,GR018,G8510,G8516,GR015,G4549,G1412,GR007,G4516,GF207,G4556,G4555,GR016"
112.75,25.25,0.50,0.45,57,"G4564,GF208,G8444,G4649,G8455,G8441,G4566,GF209,GF097,G1470,GF096,G8454,G4601,GF207,G8445,G1458,G2751,G4567,GR022,G8448,G4518,G4563,G8458,G1413,GR023,GF098,G1410,G4648,G4536,G8504,G8456,G4548,G2750,G4545,G1412,G8505,G1415,G4542,G8450,G8503,G4565,G4516,GF210,G8457,G8501,G4543,G8468,G8502,GR021,G1414,G4606,G4600,G1472,GF211,G1462,G4544,G8500"
113.00,21.75,0.48,0.45,70,"G6708,G6704,G6608,G6707,G6703,G2186,G2187,G6709,59672,G6618,G6590,59673,G2158,G6529,G6521,G6503,G6710,G1235,G1234,G1214,G2182,G6613,G1203,G2153,G3999,G2122,G6607,59682,G1286,G6591,G6771,G3982,G3983,G3985,G3984,G1225,G1208,G6772,G6615,G6773,G1274,G2181,G1207,G6612,G1241,G6770,G2106,G1269,G1293,G2154,G2111,G6603,G2157,G6520,G2191,G3990,G6526,G1273,G6522,G2152,G3966,G1202,G2188,G3993,G1254,G1222,G3968,G3951,G3986,G1205"
113.00,22.00,0.49,0.45,172,"G2158,G6771,G6607,G2187,G6772,G6615,G2186,G2181,G6703,G6707,G6529,G1225,G2182,G6770,G3982,G3983,G6613,G1235,G1234,G1208,G6608,G6708,G6704,G2191,G2111,G3999,G1269,G6521,G6603,G6773,G1274,G3966,G1202,G1241,GJ106,G6605,G3985,G3984,G6612,G1207,G1268,G1203,G2152,G1254,G1214,G6698,G2193,G3986,G3958,G3993,G2106,G2153,G3968,G2190,G6702,G6706,G1286,59682,G1293,G1278,G3954,G3951,G1290,G6525,G3990,G2134,G3957,G2120,GJ100,G1260,G3962,G6774,G3967,G2150,G2184,GJ101,GJ108,G1273,G3950,GJ102,G1253,59478,G6722,G1297,G6590,G2122,G1289,G6709,GJ103,G3963,GJ107,G2188,59673,G2112,G3965,G1250,G1222,GJ104,G2138,G1298,G6500,G1258,59672,G6618,G1255,G1210,G1218,G3964,G1205,59487,G6593,G6523,G1299,G6520,G1251,G3955,GJ105,G1265,G6604,G2133,G3952,G6606,G1256,G1220,G3956,G3987,G3960,G6720,G1264,G6518,G1259,G6724,G3989,G3969,G6546,G1252,G3953,G2151,G1261,G3961,G6524,GJ505,G2031,G6505,G3988,G1240,G2183,G2108,G2155,G2132,G6517,G6558,G3959,G2070,G6610,G2110,G1263,G2157,G1257,G1295,G1238,G6591,G1206,G2130,G1232,G3980,G2037,G2017,G6536,G1224,G1262,G2180"
113.00,22.25,0.49,0.45,288,"G2190,GJ100,G2134,GJ101,GJ108,GJ102,G6702,G6706,G6698,GJ106,GJ103,G2120,G6722,GJ107,G2191,G2138,GJ104,G2193,G6500,G2150,G6605,G1268,GJ105,G6770,G2111,G6593,G6720,G3954,G1202,G2133,G6724,G3958,G3966,G2112,G6546,G3967,G2181,G6604,G6772,G6615,G1269,G3957,G6558,G1253,G6771,G2132,G1254,G6774,G2130,G3986,G6518,G1265,G6603,G1290,G3965,G6525,G6607,G1260,59478,G6517,G6554,G1251,G1225,G2152,G1264,G2110,G3955,G2155,G3993,G1255,G2137,G1257,G2198,G2103,G2194,G1278,G1208,G6610,G3968,G6721,G3982,G3983,G2192,G3988,G3969,G3964,G2183,G3963,G1263,G6606,G2197,G2131,G6723,G3962,G3956,G3959,G1241,G3952,G3961,G3950,G2184,G1250,G2158,G2182,G1262,G3989,59487,G3951,G2135,G1261,G2136,G6557,G1274,G6613,G6549,59476,G6560,G6773,G6524,G6612,G2102,G3999,G6501,G6609,G6556,G2127,G1234,G2060,G1235,G1289,G6555,G1259,G6536,G1258,G2046,GJ500,G2070,G2106,G1207,G6529,G6534,G2196,G6207,G6660,G3960,G2058,G6509,G2017,G2151,G3953,G6542,G2031,G6548,GJ501,G2101,G2195,G3987,G3990,G2141,G2039,G3985,G3984,G6530,G6521,G2187,G1298,G1293,G1297,G2019,G2057,G2018,GJ502,G2088,G6697,G6540,G1210,G2171,G1256,G1252,G2186,G2143,G2104,G2123,G2147,G1220,G6533,59475,G2125,G2076,G6208,G1273,G6552,G6707,G6703,G2036,G2020,G1203,G6543,G6201,G2084,G2087,G6204,G6544,G1299,G2064,G2002,G1240,G6502,G2177,G2063,G2129,G6214,G2067,G1214,G1218,G6523,G1206,G2075,G2037,G2153,G6608,G2054,G6553,G6212,G2128,G2029,G2077,G6532,G1238,G6708,G6704,G1286,G6217,59682,G2188,G2083,GJ503,G2176,G6537,G6505,G2024,G2010,G2047,G3980,G6203,G2021,G2035,G6538,G1295,G1222,G6541,G6638,GJ507,G2085,G2118,G1232,G2124,G2117,G2146,G2004,G6624,G2068,G2055,G2173,G2030,G6700,G1205,G2007,G6205,59485,G2081,G2003,G6539,G2170,G2178,G2086,G2078,G6508,G6507,G2059,G6215,G2065,G2126,G6213,GJ505,G6216,G2053,G2009"
113.00,22.50,0.49,0.45,392,"G2192,59476,G6560,G2137,G2197,G6554,G2194,G2135,G2130,G6555,G2195,G2103,G6558,G2127,G6542,G2101,G6540,G2141,G6556,G2132,G6724,G2125,G6546,G6720,G6543,G2136,GJ105,G2198,G2129,G2143,G6544,G6517,G2131,G6721,G2196,G6552,G2138,G6500,G2128,GJ104,G6541,G2110,G2133,GJ107,GJ103,G2123,G6593,G6697,G6557,G2057,G2102,G6700,G2064,G1257,GJ102,G2155,G2126,G2124,G6604,G6660,G6548,G6518,GJ101,GJ108,G6723,G6553,G6722,G2021,G2055,G2039,G2117,G2104,G2116,G6501,G6610,GJ100,G2134,G6609,G2020,G2147,G6216,59473,G2112,G6562,G2146,G6549,G1264,G6910,G1263,G6212,G2046,G2142,G1265,GE231,G2047,GJ502,G2120,G2190,GE232,G2079,G6551,G2150,G3988,GE233,G2183,G2078,G2019,G2171,G2118,G2075,G2237,G1251,G2063,G6559,G3959,G6706,G6702,G6205,G6638,G2059,G2115,GE227,G1262,G6217,G2067,G2060,G6661,G3955,G2144,G2148,G6207,G2002,G2088,GE228,G6550,G3969,G3965,G2069,G6534,G2011,G6698,G6911,G2001,G6215,G2087,G3967,G1253,GJ503,G2212,G2235,G2193,G6201,G2033,G2018,G3961,G3954,GE229,G2257,G2034,GJ106,G1255,G2145,G2082,G2241,G6856,G6530,G2012,G7057,G6507,G6508,G1268,G6202,GJ507,59478,G6509,GE230,G6920,GJ500,G2024,G2246,G2007,G6605,G3957,G7038,G2113,G2177,G2076,G6536,G1261,G7040,G2029,G6774,G6214,G2265,G6606,G6861,G3956,59475,GE208,G3958,G2236,G7025,G6919,GJ501,G3964,G3989,G2058,G2191,G2013,G2061,G6209,GE215,G6524,G6525,59485,G1260,G1290,GE237,GE209,G2030,G6907,G1202,G3952,GE226,GE225,G2065,G6818,G2017,G2009,G7043,G2015,G2070,G3966,G2062,G6203,G2016,G6904,GE212,G2111,G3963,GE223,G6906,G7022,GE236,GE211,G2239,G6770,G2215,G2040,G2004,GE210,G6819,G2208,G6532,G2140,G6208,G3986,G2025,G6901,G6930,G2014,G6213,G2044,G1254,G6502,G2090,G2035,G7036,G1259,G6913,59487,G2178,G6905,59480,GE101,G6823,G2054,G1250,G6533,G6211,G1269,G2080,GE214,G7026,G2096,G6204,G6864,G6623,G2031,G2032,G7033,G6931,GE222,GE221,G1278,G6824,G2068,G2152,G6863,G6603,G6537,G2151,G3993,G6845,G2243,GE201,GE234,G2094,G3953,GE235,G2181,G2026,GE316,G7055,GE309,G7041,G2242,G6902,G6772,G3950,G6615,G6908,G2056,GE315,G6926,G2230,G2172,G3968,G7027,GE224,G3962,G2036,G3960,G2010,GE324,G6900,G2184,GE310,G2022,GE312,G7045,G6917,G2263,GE205,GE218,G2077,G2092,G6903,G2244,G6925,G7024,G2266,G2176,G1258,GE311,GE325,G2081,G2027,GE238,G2258,G6771,G7069,G1289,G2099,G6927,G3987,G2226,GE303,G2231,G2008,G6868,G1225,G2084,G6218,G6811,G6607,G2072,G6506,G7048,G6924,G6822,G7049,G2083,G9523,G2050,GE217,GE239,GE219,G6820,G7032,GE216,G7044"
113.00,22.75,0.49,0.45,592,"59473,G6562,G2116,G6661,G6559,G2148,G2257,G6551,G2142,G6856,G2126,G7057,G2265,G6861,G2241,G2144,G2113,GE227,GE208,GE233,G6910,G6907,G2235,G6541,GE209,G6550,G6818,G6700,G6819,GE210,G6906,G6930,G2129,GE212,G6543,GE231,G2237,G6919,G2125,G6864,G2208,G6920,GE228,GE229,G2115,G6931,G7036,GE236,G2128,G6863,G6540,G6845,G6824,G6544,GE230,GE232,G6823,GE101,G6905,G2239,G2263,G2195,GE237,G2124,GE316,G6908,GE235,G2246,GE218,G6216,G7069,GE214,G2226,G7041,G6868,G7033,G2055,G2141,G6811,GE234,G2258,G6911,G2101,G6925,GE315,G6542,G6917,G2143,G2264,G6820,G6552,GE211,G6904,GE028,GE312,G2117,GE219,G2215,G6822,G2212,G7038,G2033,GE309,GE020,G7043,GE205,G6555,G7048,GE217,G2021,GE215,G2079,G6902,GE220,59476,G6560,GE240,GE311,59480,GE027,G6821,GE226,G2244,G2236,GE310,GE308,GE223,G2225,G7068,GE201,G2238,G6202,GE324,G6909,G2069,G7025,G2127,G2064,G2202,G6803,G2135,G6808,GE225,G6809,G7022,G6553,G6901,G7024,G6805,G6804,GE317,G6903,GE314,G2012,G7027,G2234,G2230,G2123,G6807,G3200,GE221,GE029,G6556,GE026,G2146,G6929,GE019,GE204,G6827,GE015,G7040,G6801,GE014,G2197,GE013,G2078,G2001,G6810,G7042,G2192,G6900,G7053,GE222,GE239,G6915,GE012,G6697,G6806,GE202,GE238,G2013,GE018,G6814,GE017,G6926,G7026,GE325,G2196,GE216,G2204,GE011,GE025,GE016,G2145,G2233,G2228,G2242,G6913,G2057,GE005,G7019,G6923,GE006,G6812,G7037,G2040,G6802,G2137,G2201,G2194,G6209,GE030,GE032,GE031,G2222,GE001,G7032,G2047,G2136,G6826,G7055,G6851,G2255,GE024,G6924,GE008,G2245,GE009,G2082,G2059,G6849,G2011,GE002,GE213,G6927,G2205,G2232,GE313,GE321,G2103,GE224,G2221,GE318,G6918,G2253,G3117,GE010,G6554,GE007,GE003,G2118,GE023,GE004,G6205,G6212,G2034,GE320,G2266,G2104,G6800,G7046,G6916,G2061,G7049,G2243,G2209,G6855,G6964,G2020,G9523,G2014,G3134,GE206,GE207,G2130,GE021,G2270,G2231,G2271,G2254,GE022,GE323,G7058,G1049,G3156,G2274,G6548,G2256,G7045,G2223,G2207,G7020,G2056,G2147,G2259,G2260,G6817,G6847,G6660,G6848,G6844,G2015,G6558,G6638,G6813,G2131,G2102,G2039,G6215,GE203,G6557,G9746,G2090,G2075,G2267,G2198,GE322,G6721,G6865,G2132,G1070,GE319,G6825,G6912,G1069,G6835,G2273,G8231,G2252,G3347,G6963,G6860,G1092,G3324,G7023,G6866,G9710,G6217,G2240,G6546,G2219,GE307,G2063,G3111,G6724,G2140,G6833,G9543,G9573,G3137,G9807,G2032,G2044,G6867,G6517,GJ502,G8279,G3145,G8245,G6720,G3108,G2272,G3112,G6816,G2072,G2067,G9793,G1088,G6501,G9544,GE303,G6508,G6507,G7039,G2110,G2171,G6838,G1087,G3107,G9517,GJ503,G7061,G6828,G6609,G2211,G2261,G2002,G6723,G8265,G2019,G8258,G9524,G9806,G1257,GJ105,G7044,G6836,G3110,G2281,G9792,G2016,G3249,G3237,G2280,G2022,G6958,G1016,G9541,G7029,G2665,G2046,G6853,G2041,G3142,G2155,G1015,G9575,G1000,G7062,G1047,G8264,G8259,G9804,59288,G9518,G8269,59481,G2007,GE302,G3129,G9805,G6549,G2096,G9545,G2093,G9547,G7065,G2087,GJ507,G6842,G6957,G6834,G2133,G3141,G9803,GE301,G9791,G6500,G3131,GA006,G2138,G9498,GJ104,G3451,G6837,G2062,G6593,G9802,G8253,G3128,G3444,G6610,G6832,G6518,G8281,G6852,G8233,G2088,G3218,G7030,G9548,G6201,G2024,G2092,G3138,G9747,G8242,G3209,G9726,G6960,GJ107,GJ103,G9477,G7018,G7014,G9546,G2094,G9797,G3447,G3450,G6604,G6962,G9800,G2099,G7006,G7059,G9474,G6839,G9794,G9576,G2009,G6841,G9801,GE306,G6961,G6850,G3157,G9508,G9472,G3310,G1263,G8277,G7064,G2065,G9473,G3225,G3130,G1033,G7060,G6959,G7021,G1086,G1097,G9539,G3132,G9796,G6207,G1071,G9475,59485,G2664,G9799,G3236,G9471,G7013,GJ102,G2030,G8248,G9501,G2029,G7050,G3410,G2217,G9476,G9788,G2018,G6211,G3135,G9706,G8263,G9470,G9510,G9798,G1264,G7009,G2060,G3220,G7016,G1044,G2025,G2276,G7015,G8234,G1045,G6534,G2183,G3988,G9500,G2177,G3101,G3435,G1093,G3223,G6722,G9588,G9708,G2091,G3449,G6858,G2114,G6214,G3402"
113.00,23.00,0.49,0.45,725,"G3200,GE018,GE017,G2225,GE026,G6808,GE027,G6809,G6821,G6929,G6802,G6801,G6812,G6849,G2202,G6810,G6826,G6851,GE005,G2264,GE006,GE020,G6811,GE019,GE025,GE008,GE028,G6807,G6803,GE007,G6827,GE009,G7058,G6868,G2204,G6820,G6814,G2270,G2226,G7068,G2271,G6844,G2263,G2221,GE014,GE011,GE010,GE240,GE024,GE012,G2255,G7069,GE013,G2267,GE023,G6804,GE015,G2254,G2273,GE022,G6845,G6800,GE218,G6863,G6866,GE001,G2201,G6864,GE219,GE029,G6865,G2234,G6931,GE220,GE016,GE032,GE031,GE030,G6909,GE002,G6867,G2258,G6813,G6833,GE004,G2223,G6806,GE021,G6838,G6822,G6819,GE003,G6805,G6964,G6824,G2228,G7061,G6835,G6925,G6855,GE210,G6930,GE217,G2256,G6847,G2259,G6825,G6908,G2222,G7062,G2260,G7048,G6963,G2280,59288,G7037,G6860,G6828,GE308,G2261,GE316,G6906,G2233,G6907,GE204,G7065,G7036,G6818,GE235,G6853,G6842,G6917,G2253,GE317,G6832,G7046,GE209,G6861,G2265,G2238,G7041,G6823,G2208,GE212,G2274,G7053,GE314,GE315,G6958,G9573,G6957,G6839,G6836,G2205,G2272,GE101,G7014,G7064,G7059,G2113,GE208,GE202,GE312,G6923,G6850,G6960,G6918,G6834,GE206,G8231,GE205,GE234,G6856,G6905,G7057,GE236,G7018,G7006,G7060,G6841,G2211,G2257,GE311,G7042,G7013,G6961,G2281,G6959,G2241,G7033,G2276,G6915,GE214,G6848,G9807,G6862,G6852,G2244,GE213,G6837,G9793,G7016,G2219,G9806,G6817,GE207,G2279,G7001,G6843,G2289,G8269,G7015,GE309,G9804,G2665,G3310,G2252,G6962,G6840,G7066,G2148,G6661,G3237,G3249,G2285,G2239,G6919,G7067,G2217,GE310,G2240,G9802,G1088,G6902,59279,G9803,GE313,G7020,G7009,G7002,G6858,G6830,G2209,G6816,G1070,G9706,G9797,G6954,G6559,G6950,G9805,G3107,G9796,G7024,GE324,G9792,G9791,G2235,G6933,G9800,G2248,G6916,G7063,G2206,G9726,G6966,G2245,G2268,G7017,G6952,G9576,G3156,G6903,G2144,G9539,G9801,GE318,G9710,G8264,G3236,G9794,G7019,G1033,G1094,G6965,G6920,G3451,GE237,GE239,GE227,G9588,G6955,G1044,G2251,G3157,GE201,G9799,G2288,G6953,G9498,G2247,G9472,G6857,G9798,G3145,G3222,G8281,G3225,G9587,G3254,59473,G9473,G6562,G6550,G9795,G9474,G7005,G2287,GE211,G6551,G7027,G8245,GE321,GE216,G2216,GE230,GE203,59480,G9708,G3450,G1045,G2230,G2215,GE229,G2297,G2286,G7012,G9475,G2142,G9487,G6904,G9476,G9825,G2295,G6831,G1047,G3444,G9471,G9477,G9515,GE238,G2116,G3117,GE233,G9470,G2292,G6956,G6934,G9824,G9771,G9778,G3224,G3108,G2282,G2218,G3447,G2232,G6829,G3410,G3402,G9815,G1046,G2246,G2690,G7043,G6900,GE325,GE228,G9575,G1093,G8253,G3324,G3223,G8220,G1000,G2275,G1037,G2683,G3219,G7032,G6910,G9722,G3347,G7011,G7023,G1092,G1009,G3452,G8265,G1051,G2249,G2291,G2237,G3138,G9996,GE221,G2115,G9589,G3134,G1053,G1097,G9501,G6859,G3449,G9782,G3404,G2290,GE323,G9777,G6924,G6949,G6935,GE223,G9788,G2296,G6926,GE215,G9772,G9746,G2126,G3316,G9500,G3101,G3435,G3129,G9725,G2688,G9770,G6901,G8263,G3403,G9505,G3314,G3345,G9478,G3339,GE226,GE320,GE231,G1001,G9720,G9506,G1039,G7022,G2294,G2250,G3241,GE222,G9567,G7038,G8279,G9834,G9507,G3256,G3344,G3218,G2677,G1069,G6927,G9742,G1095,G9723,G8277,G9508,G2242,G3362,G6951,G9844,G2682,G9499,G9845,G3309,G9488,GE225,G3443,G2236,G8250,59481,G6911,G3220,G9504,G9491,G9773,G7026,G2654,G1087,G2207,G1043,G8258,G6948,G3221,G7025,GE232,G1010,G1015,G7049,G2602,G9721,G9813,G9523,GE319,G6700,G2298,G3255,G2033,G2293,G2212,G1049,G6541,G3102,G2607,G9570,G7055,G9590,G9724,G3253,G3346,G1099,G3128,G1071,G3330,G2266,G6938,G6202,G3155,G3242,G9541,G8287,GE224,G9709,G2687,G9829,G6913,G8219,G2210,G9543,G2231,G9489,G8216,G8234,G3407,G2664,G6947,G9544,G6936,G6216,G7003,G8233,G9745,G3442,G3252,G8244,G9577,G9846,G2129,G3130,G3141,G9518,G9563,G2012,G8193,G3125,G9566,G1011,G3412,G9510,G1014,G2128,G8259,G1036,G3448,G3112,G2013,G6912,G7040,G6543,G2040,GE322,G2069,G9747,G9847,G2124,G3405,G3302,G9779,G1030,G9547,G6946,G2601,G2243,G3119,G7045,G9571,G2055,G2125,G3137,G9548,G1026,G1034,G8194,G8222,G2079,G6544,G7010,G8274,G0902,G3454,G0903,G9835,G9714,G3190,G1042,G7039,G6944,G3238,G9565,GA006,G9842,G3438,G2056,G6540,G9715,G2117,G8248,G8221,G9564,G6209,GE307,G9833,G3131,G3136,G8223,G3111,G9527,G2680,G2001,G1054,G3311,G1018,G3135,G2021,G2014,G2681,G9517,G3104,G8226,G2145,G9554,G9841,G2674,G6943,G3446,G9582,G8238,G2195,G2606,G9545,G3228,G9789,G1032,G6552,G8197,G9524,G3411,G6945,G3420,G7004,G9848,G2143,G9828,G3159,G1016,G8242,G9526,G2655,G9482,G2659,G2141,G3140,G3232,G8257,G1006,G2227,G2101,G3235,G2078,G3416,G2658,G2082,G3325,G1003,G3110,G2673,G6542,G9694,G1086,G2061,G9713,G9502,G2146,G6553,GE301,G2064,G3114,G3113,G9817,G2693,G1008,G6937,G1077,G9483,G7029,G2072,G3409,G3139"
113.00,23.25,0.49,0.45,669,"G7005,G6950,G7002,G2216,G6840,G7012,G2292,G7067,G6862,G2218,G2295,G7063,G3254,G6843,G6949,G3452,G6935,G2268,G6952,G7001,G2297,G6934,G2294,G2288,G7064,G6839,G2279,G2296,G6933,G6954,G2286,G6832,G2289,G2276,G6829,G7066,G7059,G3256,G2251,G7013,G6850,G2293,G2290,G3253,G2298,G7065,59288,G6953,G6948,G7062,G7060,G7014,G2248,G2285,G6966,G6842,G2282,G7011,G6936,G3252,G7016,G6947,G6838,59279,G6830,G1043,G7006,G2275,G2250,G6960,G6951,G7061,G2280,G6841,G2287,G6959,G6859,G2291,G2210,G6938,G7015,G7018,G6965,G3119,G7003,G6961,G6867,G2247,G6866,G7010,G3255,G6957,G6853,G9488,G2206,G6946,G1026,G6831,G6955,G6828,G7017,G2677,G6833,G2249,G2261,G2273,G3404,G2267,G9845,G6944,G3412,G2217,G6834,G6858,G6844,G6943,G2602,G9567,G9487,G9589,G8220,G6865,G3420,G7058,G7009,G9846,G7004,G9847,G3310,G6958,G2601,G2270,G6857,G2271,G9844,G3411,G9571,G2227,G9706,G6836,G3409,G6852,G6962,G3126,G7000,G9566,G1046,G6835,G6956,G6937,G1010,G1042,G2254,GE007,G6849,G9833,G1094,G6837,GE022,G6813,G8287,G6851,G6826,G6825,G6802,G6860,G6963,GE010,G6812,G9815,G8219,G2221,G3403,G9796,G3416,GE008,G2223,G9587,GE009,G6800,GE023,GE005,GE006,G2654,G2272,G2281,G3346,GE017,G6942,G9588,G6945,GE018,G3104,G2211,G3222,G1073,GR033,G7008,G9715,GE021,G9813,GE024,G2299,G9778,G6847,G9484,G2255,G9485,G9802,G1044,G3159,G2259,G8222,G9797,GE025,G9573,G1051,G2690,G8193,G3236,G2220,G2256,G1095,G8269,G2260,G9777,G9800,G6810,G2204,G6801,G9795,G1025,GE004,G6964,G9539,G9804,G3200,G6929,G8216,G3325,G1011,GE026,G9576,G9782,GE011,GE001,G6855,G9483,G6814,GE002,G9798,G9564,G3260,G1033,G9803,G9742,G9726,G2201,G9801,G3219,GE003,G3438,G9806,G8221,G9799,G2665,G9771,GR032,GE019,G9482,GE031,GE030,GE032,G6827,G8194,G9794,G9770,G3405,G9825,G6809,G6808,G9515,GE012,G2683,G1009,G9708,GE014,G6807,G3237,G3249,G9848,G9773,G8223,G9563,GE013,G2688,G3157,G2225,G2202,G1045,GE016,G9725,G3224,G9793,G8231,G9722,59284,G9791,G6821,G9472,G9565,GE027,GE015,G9805,G9772,G9723,G3225,G6803,G9473,G9824,G9807,G2655,G1014,G9507,G2274,G9724,G2228,G9720,G2687,G3259,G2224,G7046,G2222,G9476,G6804,G9474,G8198,G7068,G3451,G8197,G1081,G9721,G8211,G6806,G2682,GE029,G9475,GE020,G2253,G1037,G6967,G7037,G2234,G2219,G3251,G9996,G9470,G2264,GE240,G1088,G3402,G9792,G9471,G8207,G2658,GE028,G1053,G8281,G9707,G3450,G9817,G9498,G2233,G2703,G2659,G8264,G6820,G9570,G6811,G6939,G3107,G9694,G1001,GE206,G9486,G3410,G6909,G3407,G2656,G3241,G3240,G9834,G6816,G1093,G3223,G6805,G6868,G8204,G1059,G9842,G8206,G2240,G2252,G6848,GE220,G2226,G2205,G9506,G9505,G3362,G3316,G6918,GE219,G1099,G7069,G1006,G9477,G3314,G2715,G8303,GE204,GR067,G2607,G2263,G9491,G6817,G3221,G9832,GR070,G3446,G3415,G3345,G9478,G9504,G1052,G3444,GE218,G3447,G6941,G6822,G6923,G3449,G9829,G2258,G1036,GE217,G7053,59276,GE207,G3344,GE308,GE317,G9695,G9841,G1070,G9823,G9697,G2606,G9822,G9703,G9501,G8199,G7048,GE202,G3414,G6845,G2705,G6925,G6863,G9788,G1024,G2716,G9500,G3435,G3101,G9710,G3339,G9577,GE213,GE314,G6931,G7020,G1039,G6864,G1047,G1097,G9709,G2238,G8263,G9499,G3309,G8253,G3145,G3102,G6908,G3406,G8209,G9489,G8212,G3263,G6824,G8313,G7042,G3138,G8245,G2674,G3419,G9768,G2680,G6917,G2209,G6915,GE316,G8208,G8300,G9766,G1008,G9814,G6819,GE235,G9590,GE313,G9528,G3156,G9780,G9575,G6930,GE210,G1000,G7041,G3413,G3311,G6916,G3443,GE315,G8250,GE312,G2651,GE205,G9816,G3232,G0902,G8320,G0903,G7036,G9835,G3330,G3454,GE311,G3238,G8205,G1040,G6906,G2720,G3220,G6823,G8200,G3108,G3155,G3442,GE234,G2245,G8277,G1027,G8203,GE318,G2681,G9508,G9582,GE101,G2244,G6907,G6818,G2208,G3417,GE203,G8265,G3242,G8191,G1034,GE212,G3448,G3129,G3228,G6905,G2652,G3257,G9781,G3218,GE209,G9572,GR066,G9767,G7033,G3302,G9714,G3235,G8301,G3258,G7019,G9701,GE214,GE236,G8202,G8289,G6861,G2265,G9580,GE309,G3109,G8192,GE310,G8311,G3401,G3324,G1030,G9828,G2692,G2673,G3190,G2675,G8244,G1058,GE208,G9745,G6902,G7023,G8217,GE321,G3164,G8214,G7024,G9527,G2113,G1092,G8304,GE239,G3347,G9769,G8215,GE324,G6903,G3125,G7057,G1071,G3440,G3161,G6856,G9713,G9526,G9569,G2239,59481,GE216,G8321,G3117,G9578,G2257,G3312,G2241,G3246,G8234,G1029,G1032,59287,G9554,G3327,G9568,G8334"
113.00,23.50,0.49,0.45,410,"GR033,G3126,G3409,GR032,G2703,G7000,G3420,G6943,G7004,G1073,G7008,G6942,G6937,G3119,G2227,G7010,G6967,GR067,G8313,GR070,G2299,G3252,G9484,G2224,G6939,G8300,G6936,G3411,G1026,G8303,G6947,G8320,G6946,G6941,G3253,G1025,G3259,G2715,G2293,G2705,G6944,G2298,G7003,G8207,G8301,G2220,G2210,G3416,G6948,G2294,G2716,G8304,G6938,G9485,G3256,G6949,G6935,G3412,G8334,G1043,G2296,G3415,G1081,G9833,G2720,G3452,G9768,G8321,G2601,G2218,G9847,G2292,G3260,G6951,G6945,G8311,G9571,G2290,59280,G8205,G3255,G9832,G2295,GR066,G9846,G2250,G7012,G3159,59284,G2216,G1042,G8302,G9483,G6934,G7005,G3417,G3325,G8199,G8312,G3104,G6829,G2701,G8322,G2704,G9488,G3254,G2297,G8437,G1059,G8306,G7011,G9566,G3251,G9486,G2286,G6859,G9703,G2291,G8200,G2282,G2288,G2602,G2677,G2275,G3109,G6950,G8198,G7063,G8327,G9845,G9715,G3419,G1027,G9482,G7002,G9766,G6952,G2268,G8202,G8190,GR069,G2251,G7067,G9701,G6840,G6933,G6953,G8213,G8201,G8335,G9848,G8212,G3404,G6954,G8222,G9767,G8211,G2249,G9769,G9567,G9564,G6862,G8215,G3414,G6843,G8287,G2287,G7001,G1024,G8219,G8221,G2248,G9707,G6966,G9844,G2279,GR031,G1010,G7066,G2289,G3438,G8191,G2655,G6831,G9589,G3352,G8193,G2247,G2652,GR030,G8223,G2276,G6965,G2285,G6830,G8209,G7064,59279,G8307,G8289,G1011,G8220,G8204,G7013,G6839,G8214,G3346,G8194,G9823,G2656,G7059,G8197,G6955,G6850,G7016,G3240,G7060,G2658,G9817,G8328,G3258,G8208,G6832,G2206,G2654,G3405,G9487,G3263,G8216,G7015,G7014,G8206,G7017,G3257,G9813,GR065,G9565,G8331,G9697,G9694,G7006,G6959,G3262,G9822,G6841,G3413,G7065,G3403,GR029,G6960,G1046,G2659,59288,G9737,G6842,G6961,G9695,G8308,G7062,G7018,G9563,G6956,59276,G6857,G6858,G2217,G1095,G1052,G9815,G2754,G2280,G9816,G7009,G1014,G6838,G6957,G7061,G3418,G1006,GR071,G1040,G6853,G9706,G3310,G9742,G1051,G2723,G1094,G1058,G6834,G3440,G9777,G3246,G6867,G6828,G2702,G3354,G2261,G9736,G9778,G9587,G9773,G2690,G9782,G8323,G6866,G6962,G8329,G8217,GR062,G2687,G9724,G6852,G6833,G8203,G9842,G9770,G3123,G9814,GR064,G3406,G6958,G3222,G2625,G3446,G9796,G2273,G9588,G2651,G1021,G6837,G9758,G2726,G3219,G2267,G9723,G9781,G6836,G2688,G8053,G3426,G1044,G9721,G9725,GR077,G1009,G9795,G9568,G9771,G6844,G2683,G9507,G3236,G6865,G8192,G9841,G9772,G2606,G3407,G2682,G8196,G8326,G9754,G9797,G3437,G9515,G9720,G9740,G9798,G2653,G7058,G9539,G9739,G9825,G9756,G9722,G9802,G9800,G9570,G9780,G9576,G6835,G2781,G2281,G9705,G9799,G2270,G1033,G3224,G9708,G1028,G2271,G8057,G8189,G8353,G3401,G9801,G6860,G2211,G8063,G9738,G6825,G6963,G9726,G8269,G1045,G2272,G9794,G6813,G8195"
113.00,23.75,0.49,0.45,202,"G2701,G8327,G8302,GR069,G8334,G8437,59280,G8304,G8301,G8328,G8307,G8306,G8320,G8312,G8321,G8322,G2723,G8313,G8335,G8300,G8331,G8329,GR064,G8323,G8308,GR065,G2704,G8326,GR071,G2703,GR030,GR070,GR067,G8311,G2705,G8556,G6941,G2720,G8303,GR031,GR066,G2702,G2722,GR032,G6967,G2715,G2716,G6939,G2726,G8201,G2724,GR033,GR029,G8213,G8205,G3417,G8190,G8332,G2754,G9768,G2224,G8541,G1073,G7008,G8207,G3259,GR062,G3126,G2745,G6942,G3409,G3109,GR075,GR043,GR077,G7000,G8535,G3415,G2299,G3352,G9484,G8202,GR041,G6937,G2781,G3420,G7004,G6943,G8200,G1025,G9769,G2227,G1027,G9701,G8215,G9737,G2625,G9832,G8555,G2791,G8199,G2220,G1081,G9736,G3411,G9767,G3426,G7010,G3119,G9766,G3262,G8324,G3419,G3416,G8353,G1026,G9703,G9485,G8540,G2768,G3252,G6946,G9754,G8530,G8362,G8315,G6944,G6936,G1021,G1059,G6947,G2736,G3260,G8064,59284,G8191,G8214,G3253,G7003,G9486,G8212,G9738,G2652,G2711,G8069,G8289,G2293,G2210,G3251,G3123,G9833,G6945,G2298,G2787,G9483,G8053,GR040,G3412,G3159,G2738,G3325,G6938,G6948,G3414,GR073,G9756,G2601,G8067,G3258,G2294,G1024,G8058,G9847,G8198,G8367,G8352,G8356,G3104,G8333,G9571,G8325,G2774,G8566,G9758,G3354,G1042,G3256,G1043,G3418,G8083,GR025,G2624,G3353,G3257,G9846,G6949,G6935,G2725,G8209,G8078,G2296,G2772"
113.00,24.00,0.49,0.45,120,"GR043,G8556,G2724,G8541,G8329,G8326,G8555,G2723,G8332,GR064,G8323,G8540,G8566,G8328,GR073,G8324,G2774,GR075,G2745,G2772,G8543,G8307,G8331,G2722,GR069,GR071,G8327,GR041,G8325,G8308,G8535,G2721,G2701,G8315,G8530,G8437,G8302,GR065,G8342,GR040,G2771,G8335,G2725,G2726,G8565,GR063,59280,G8306,GR034,G8334,GR068,GR044,G2702,G8312,G8322,GR030,GR035,G8304,G8538,GR042,G8330,G8301,G8321,GR036,G8333,G2770,GR074,G8567,G8064,G8552,G8554,G8512,GR077,G2704,G8320,G2754,G8537,GR029,G2781,GR062,G2773,G2791,G8300,G8313,G2787,GR031,G2711,G2707,GR039,GR037,G2760,G2747,G8311,G8352,G8069,G8546,G8201,59088,G8362,G8536,G2736,G8557,G8213,G2624,G2706,GR038,G8547,G8336,G2625,G8545,G8525,GR009,G2720,GR070,GR066,G8190,G8542,G2703,G2768,G2748"
113.00,24.25,0.49,0.45,112,"G8565,G8566,GR035,G2721,G8543,G2770,G2771,G2772,G2774,GR073,GR034,GR044,G8537,GR042,G8555,GR068,G8542,GR043,G8554,G8538,G8545,G8540,G2747,G8564,G8541,G8342,GR063,G8325,G8324,G2724,G8563,GR056,G8567,G8524,G8332,G8547,G8556,G8512,G8529,G1466,G2766,GF701,G8336,G8528,G8518,G8507,G1460,G2725,GR057,G8509,GR040,G8561,GF700,G8326,GR075,G2745,G2777,GR074,G8329,G8510,G8315,G8348,G8347,G8532,G8530,GR036,G8514,G2723,G8526,GR064,G8568,G4555,GR059,GF706,G8546,GR041,59088,G8330,GR058,GF004,G8552,G4538,G8323,59075,GR038,GR037,G8533,G8506,G2761,G8536,G8535,G2722,G8419,G2708,G8525,G1426,G2707,GF092,G8548,G8317,G8316,G8333,G8328,G2760,G4407,G8531,G4540,GR006,GR071,G8331,G8519,G2773"
113.00,24.50,0.50,0.45,116,"GF701,G8542,G8563,G8524,GF700,G8564,G1466,G4555,GF706,G1460,G8510,G2766,G4538,GR056,G2770,G8545,GR035,G4540,G8537,G8565,GF092,GF004,G2747,G8507,G4407,G4556,G8316,G8317,GR006,GR057,GR042,G2771,G8554,GR044,GR034,G8526,G2721,G8515,G8528,G8518,G8529,GF705,G4547,G2765,GR068,G8547,GR012,GR004,G1426,G8514,G8543,G8561,G8538,G8566,G2708,GR058,G2767,G2772,GR011,G8511,G8419,G8336,G8500,G2774,G8523,G4554,G8508,GR073,G8568,G8509,G4535,G4614,GR007,G4549,G8501,G2777,G8502,G4557,GR010,G2762,59081,G8512,G8567,G8503,GR063,G8337,GR008,G1464,G8347,G8532,G8348,G8342,G8548,G4619,G8555,G4544,G4543,G4541,G8504,G8505,GF702,G4545,G4542,G4534,G8516,G8325,G8533,G8540,G2761,G1403,GF704,59075,GR059,G8469,GR043,G2753"
113.00,24.75,0.50,0.45,121,"GF705,G4540,G4556,G4555,GF706,G8502,G4538,G8503,G8500,G8501,G4547,G2767,G4543,G8504,G8505,G1464,G4545,G4542,G4544,G4549,GF700,G8510,G4554,GF701,GR011,GF092,GF702,G8515,GF099,G4407,G1460,G1466,G4557,G8524,G4535,GR012,GF004,59081,G1462,GR006,G8563,GR010,G2766,G9880,G8508,G1414,G4534,G2765,G8317,G8316,G8542,GF707,G8564,G8511,GR004,G8448,GF704,GR056,G4536,G1415,G4548,G4567,G4541,G1410,GF098,G8457,G2753,G4551,G8507,G9881,G4546,G8545,G8526,G4553,G9884,GF209,G4550,G8447,G1403,G4563,G2762,G1426,G8445,GR007,G8523,G9883,GR057,G2770,G4401,G8469,GR021,G2747,G2708,G8444,G4614,G4552,G8537,G4566,GR035,G8452,GF007,G1458,GR008,G1463,GR022,G8528,GF005,G1411,G1404,G8419,G8518,GR058,G8516,G8514,G4402,G8441,G4517,GF703,G4601,G8529,G1454"
113.00,25.00,0.50,0.45,117,"G4545,G4542,G8505,G8504,G4543,G4567,G4544,G4536,G8503,G1414,G1462,G1410,GF209,GF098,G4548,G8502,GF099,G1415,G4563,G9880,G4566,G1464,G1458,G8501,G4601,GF702,GF705,G8500,GF096,G4516,G4549,G1413,G4546,G1412,G4518,G8448,G2767,GF707,GF097,GF095,G1470,G4554,G8444,G4562,G4556,GF208,G4649,G4564,G4547,G4540,G1454,G4553,G8445,G1411,GF200,G4608,G4517,G4552,G4519,57988,GR011,G8441,G4557,G4604,59081,G4534,GF207,G4663,G1456,GF204,G4569,GR010,GF703,G4535,G4602,GR022,G8455,G4538,G8457,GF706,G4555,G9881,GF704,G4648,G4550,G1463,G9883,G4551,G8515,G9884,G2751,GF000,GR012,G1472,GF210,GF202,GF203,GR021,GF092,G8508,G1404,G4565,G8510,GF201,G4407,G4541,G8458,G8447,G2753,GF700,G4402,G4609,G4605,G8454,GR006,G4561,G4568"
113.00,25.25,0.50,0.45,86,"GF097,GF096,G1470,G4649,G4566,G4601,GF208,G1458,G4518,GF207,GF209,G4564,G1413,G4563,G4648,G4567,G1412,GF098,G1410,G4516,G4536,GF210,G4565,G4548,G1472,G1415,G4606,GF095,GF204,G4600,G4519,G4562,GF211,G1414,G4561,G1462,G9880,G1471,GF200,G4602,G4542,G4545,G8505,G1456,G8504,GF099,G4543,G4663,G4604,G4609,G4608,57988,G4544,G1454,G4546,GF203,G8444,G4560,GF212,GF205,GF206,G8503,G4517,G8502,G1411,G1464,G4569,G8441,G8455,G4552,GF702,G8448,G8501,G4607,G1461,GF201,G4568,GF707,G4605,G8445,GF202,G4553,GF703,G4603,G4647,G1474"
113.25,21.75,0.48,0.45,67,"G1214,59682,G1286,G1203,G3984,G3985,G1235,G1234,G3999,G1207,G6703,G6707,G1293,G1274,G2186,G1222,G1205,G2187,G1273,G3983,G3982,G6708,G6704,G2158,G3990,G6608,G1208,G1241,G1225,G1218,G1297,G3951,G1299,G3968,G1269,G3993,G1210,G6529,G1298,G1224,G6771,G3962,G1278,G1254,G6709,G6607,G3986,G1220,G1292,G6618,59672,G6772,G1256,G2111,G3966,G1289,G6615,G3950,G6590,G1202,G2181,G1217,59673,G1258,G2182,G1232,G1295"
113.25,22.00,0.49,0.45,197,"G3984,G3985,G1207,G1203,G1293,G1274,G1286,59682,G1214,G3999,G3990,G1273,G1241,G1234,G1235,G1222,G1208,G3983,G3982,G3951,G1205,G1297,G1218,G3968,G3993,G1225,G3962,G1299,G1278,G1298,G1210,G1254,G1269,G3986,G3950,G1289,G1220,G1256,G3966,G1258,G1202,G1290,G1260,G3958,G2111,G1250,G2158,G1224,G3987,G3963,G3957,59487,G1252,G1268,G1295,G1232,G3960,G1240,G3954,G1238,G3980,G2193,G1217,G1206,GJ106,G6771,G3967,G3964,G3953,G3952,G1253,G2037,G1259,G2191,G2187,G1292,G6698,G6772,G2186,G6770,G6615,G6707,G6703,G2031,G1255,G3956,G3965,G6702,G6706,G6607,G2181,G1230,G1280,G3994,G1226,G3989,G2084,G2120,G3955,G2070,G1261,G1251,G2085,G2112,G2036,G2017,G1221,G3969,G3961,G6608,G6704,G6708,G1265,G2190,G3995,G2134,G2003,GJ100,G6529,G2083,G3996,G2058,G6722,G1264,G1212,G2077,G3991,G3959,G3988,GJ108,GJ101,G2182,G1276,G6204,G2086,G1272,G1262,GJ102,G6208,G6518,G6613,G6593,G1263,G1271,G6605,GJ107,G2133,G3970,GJ103,G2010,G1215,G2053,G3992,G1237,G3981,G2060,G1209,G6500,GJ104,G6603,G1233,G2054,G6521,G3971,59488,G3997,G3972,G1270,G1257,G2081,G6207,G1228,G6549,GJ105,G6773,G4005,G6723,G1236,G2018,G6517,G2076,G2038,G2152,G2138,G2150,G2035,G3973,G2068,G6720,G2046,G6546,G1223,G6612,G2088,G2132,G2198,G2050"
113.25,22.25,0.49,0.45,319,"G3964,G3963,G1255,G3952,G3956,59487,G1250,G3965,G1253,G1260,G3989,G3955,G3957,G1290,G1259,G1261,G1251,G3950,G3969,G3967,G3961,G3960,G3953,G2070,G2031,G1258,G1278,G3962,G1289,G3954,G1265,G3987,G2017,G1264,G2112,G3986,G3959,G3988,G3958,G3968,G3993,G2058,G1254,G1262,G1252,G1263,G3951,G1256,G1298,G1268,G2036,G2084,G2193,G2060,G6518,G3966,G1202,G2120,G1220,G1210,G6702,G6706,G1240,G6208,G2037,G1206,G1297,G6204,G6698,G6207,G1257,GJ106,G6722,G2077,G6549,G1238,G2133,G6593,G2083,G6723,G1269,G1241,G2018,G2085,G3980,G1299,G2054,G3990,G1295,G2076,G2010,G2134,G2111,G2046,GJ100,G1232,G6517,G2003,G2088,G1218,GJ108,GJ107,GJ101,GJ103,G2086,GJ102,G6500,G1293,G1273,G1208,G2035,G1274,G2198,G2081,G2190,G6214,GJ104,G2019,G1225,G1207,G2068,G2131,G2053,G6201,G6203,G2102,G3983,G3982,G2029,G2132,G2087,G1237,G2191,GJ105,G1230,G2004,G6546,G2038,G1217,G3991,G3994,G3984,G3985,G2039,G1222,G3999,G6548,G1224,G6720,G2050,G2002,G1272,G2024,G3995,G1226,G1221,G2027,G1271,G1205,G2067,G2030,G1234,G1235,59485,G6770,G2063,G1212,G3996,G2138,G6213,G1233,G1270,G2194,G1280,G1223,G2196,G1283,G2065,G6217,G2075,G6554,G2020,G2007,G2042,G2057,G1215,59488,G2026,G2130,G1203,G2025,G2009,G6724,G6772,G4005,G3997,G1276,G2080,G3992,G1292,G6615,G2197,G6771,G1236,G1286,G1204,G6212,59682,G1209,G1228,G2181,G2051,G1244,G1214,G3970,G2028,G1285,G6558,G2127,G2123,G3981,G2062,G3998,G6211,G2047,G3971,G1243,G1282,G3972,G2192,G6605,G6215,G6200,G6607,G2150,G6205,G6555,G2064,G2137,G6560,59476,G2158,G1229,G6542,G2005,G2059,G2016,G2101,G3973,G1227,G2089,G2103,G6604,G2021,G6218,G2078,G2011,G1211,G2008,G2034,G2094,G2071,G2096,G2043,G6544,G2195,G1294,G6603,G2135,G2055,G3974,G2074,G2124,G2052,G2128,G2110,G2082,G2023,G2079,G2001,G2044,G6774,G2155,G2129,G6540,G2187,G6721,G2152,G6525,G2125,G6216,G3975,G2006,G2092,G2061,G2015,59478,G2099,G2186,G2045,G2182,G6556,G2073,G2091,G2069,G3976,G2141,G6700,G2136,G6541,G6610,G6703,G6707,G6210,G6529,G2066,G2032,G6613,G6543"
113.25,22.50,0.49,0.45,473,"G2039,G6548,G2020,G2063,G2019,G2075,G2067,G2002,G2102,G6217,G2046,G6212,G2057,G2087,G2088,G6201,G6549,G2047,G2196,G6723,G6205,G2123,G2024,G2007,G2131,G6207,G6215,G2018,G2029,G2064,G2059,G6214,G2060,59485,G1257,G2030,G2076,G2078,G2065,G1263,G2198,G2009,G2011,G2021,G1262,G2062,G2034,G6203,G3959,G3988,G2025,G6517,G6213,G2004,G2016,G2127,G6518,G2055,G1264,G2082,G2080,G2079,G6211,G2001,G2035,G2124,G3969,G3961,G2058,G2026,G6542,G2132,G6216,G2194,G2068,G2101,G6555,G2197,G2096,G1265,G6208,G2069,G2061,G6544,G2054,G2044,G2128,G2094,G2015,G1251,G1261,G2133,G3955,G2017,59476,G6560,G6204,G6209,G6593,G2027,GE232,G2012,G2070,G3989,G6554,G2112,G2008,G2090,G6218,G6546,G2010,G2032,G2129,G6700,G3956,G2092,G2081,G1255,G3965,G2033,G2013,G2050,G6202,G2071,G6911,G2014,G2099,GE231,G2051,G6541,G2022,G2192,G2195,G2077,G2042,G3952,G2130,G3964,G6720,G6500,G2091,G2006,G2036,GJ105,G2040,G1253,G2237,G6722,G2125,G2038,G1259,GJ107,G2236,GJ104,G2031,G2028,G6540,G2005,G6910,GJ103,G2023,G2083,GE228,GE225,G6200,G3967,G3953,GE233,G2137,G2126,G2043,G3963,G6913,G2120,G2243,G1283,GE226,G2056,G2084,G2053,G2093,GE215,59487,G2246,GJ102,G2066,G6558,G2089,G6724,G2086,G2072,GJ108,G6543,GJ101,G3957,GE229,G2041,G2045,G1250,G3954,GE223,G3960,G1237,G2134,G2135,GE230,GJ100,G6901,G2048,G2049,G3142,G1244,G2052,G1260,G2085,GE227,G2003,G6702,G6706,GE224,G1223,G2138,G1290,GE222,G2141,G2103,G6920,G2074,G3987,G6904,G3209,G3111,G3206,G2235,G2242,G6210,G1285,G2266,G2116,GE221,GE237,G1204,G2231,G1090,G1252,G1258,GE211,G2193,G3205,G1078,G2037,G6698,G3958,G3110,G3950,G6926,59480,G2190,G1268,G6912,G1055,G1289,G1206,G9524,G6919,G3207,G6927,G9523,G9552,G9517,G6556,G1016,G1278,G1240,G6900,GJ106,GA005,G1271,G1049,G1282,G3962,G3986,59473,G1270,G3137,G6562,G2073,G3991,G2239,G3239,GE201,G2230,G1254,G1243,G1233,G1272,G1238,G1227,G3211,G2148,G1202,G2143,G6924,G1256,G2241,G3204,G9546,GE238,G3966,G4005,G9718,G3993,G3980,G9574,G3968,G1017,G9551,G1220,G3998,G1294,G2136,G1211,G6552,G3202,G9522,G9521,G1298,G1236,59488,GE236,G1229,G7057,G6902,GE208,G6661,G9819,G3112,GE214,G9545,G1295,G6903,G6559,G1089,G6856,G3132,G6721,G1210,G1048,G1232,G6905,GE216,G3951,G2142,G9543,G3997,G1228,G1215,G9818,GE212,G1212,G3995,G3134,G2232,GE239,G2208,G6551,G2110,GE209,G3996,G3121,G6604,GE234,G2111,G2257,G1221,G2244,G1230,G9544,G3117,G3131,G1269,G1297,G3992,G3213,G1056,G6906,G1086,G9549,G1069,G6907,G6697,GE205,G1209,G3308,G3994,G2155,G1299,G2191,G9746,GE235,G6557,G2150,G2265,G9535,G6861,GA006,G1091,G1226,G6917,G2144,G9519,G3120,GA038,G3208,G1276,GE210,G2117,G3212,G9547,G3203,G9534,G9748,G6908,G6553,G9518,G3970,G2245,G1217,G9749,G3981,G3201,G1072,G1241,G3971,G3972,G2113,G3210,G6660,G3113,G2238,G6915,G6550,G1218,G3990,G6925,G9541,G9533,G9520,G9717,G9550,G6610,G6219,G1087,G9548,G3347,G3141,G6819,G3973,G6770,G9503,G1092,G6931,G2104,G2115,GE217,G1225,G6916,G6501,GE203,G9837,G1224,G3118,G1208"
113.25,22.75,0.49,0.45,735,"G2236,GE225,GE226,G6202,GE215,G2033,GE223,G6901,G2012,G2013,G6911,G6913,G2246,G2040,GE222,G6904,G2069,GE221,G2242,G6209,GE211,GE224,G2243,G6926,GE230,59480,GE228,G2014,GE229,GE237,G2001,G2266,G6900,G2056,GE232,G6927,G2237,G2231,G2079,G2230,G6920,GE201,G2061,G9523,G2082,GE238,G6216,G6924,GE231,G1049,G2090,G2015,G2239,G6912,G6903,G6902,G2078,G6919,G3111,G2011,GE233,GE216,G2034,G2235,G2055,G6910,GE239,G2232,G2072,GE214,GE227,G3134,G2032,G3137,G2124,G2059,G2021,G3117,G2244,G9517,G6905,G2044,GE236,G9524,GE234,G9543,G3110,G3112,G2041,G3142,G1016,G6205,GE205,G9746,G1069,G2022,G6700,G2047,G2093,G2208,G9544,G2245,G2064,G6215,GE212,G2241,GE235,G2128,G9545,G6917,G6915,GE208,G3209,G6212,G2238,G3347,G9546,G3131,GE209,G6541,G6916,G1092,G2123,G6544,GE203,G2126,G6908,G2016,G7057,G2096,G1087,G9518,G2092,GA006,G6906,G9547,G9541,G3324,GE202,G3156,G2209,G6925,G3132,G2099,GE213,G2148,G2020,G6856,GE217,G1086,G2129,G2075,G3141,G2057,G9548,G6923,G1015,G6217,G6907,G3206,G2094,G3204,GE204,G2048,G1055,G9747,G2116,GE207,GE210,G2091,G3108,59481,GE219,G2063,G6805,G2062,GE220,GE218,G2196,G3113,G6918,G9819,G6909,G6661,G3135,G3128,G2233,G2007,G2257,G2067,G1070,G6931,59473,G6817,GA005,G2101,G1056,G9710,G6542,G1089,G6562,G2265,G2006,G3207,G3203,G2039,G6548,G3145,GE206,G6863,G1077,G2234,G3130,G6848,G3129,G2002,G6861,G3213,G6806,GE029,G6559,G2253,GE240,G2009,G6211,G2222,G2008,G6804,G6819,G1000,G2125,G1054,G9575,G2127,G2226,G9551,G2252,G1048,G3133,G2065,G3218,G6555,G9837,G9510,G3205,G3120,GE015,G2240,GE028,G2263,G2024,GA038,GE016,G2102,G1071,G6218,G2274,G2025,G2071,G3210,G6803,G2066,G6864,G1047,G6540,GE013,G2087,G3239,G2019,G2195,GE020,59485,G6816,G9522,GE014,GE012,G2219,GE031,GE032,GE030,G3308,G2113,G6811,G6543,G2030,G9508,G2080,G6807,G3118,G9838,G2201,GE003,G9779,G3244,G9789,G9509,G6201,GE002,59476,G6560,G1078,G9717,G3107,GE001,G3138,G9532,G1088,G3121,G2049,G6855,G6551,G2142,GE019,G9765,G2202,G6814,G6930,GE011,G6845,G9807,GE004,G6213,G2023,G9533,G6818,G9839,G2131,G9540,G2204,G3201,G2029,G2046,G9792,G2088,G3444,G2260,G2256,G3220,G6809,G9550,G9793,G3115,G3202,G2197,GE027,G3140,G2259,GE021,GE024,G2264,G6847,G1097,GE025,G2026,G6810,G2045,G2144,G6801,G3447,G9549,G9840,G6868,G1019,G2225,G3443,G6214,G9498,G9745,G9477,GE023,G6800,GE026,G5967,G3125,G1072,G1090,G2223,G9573,G3249,G3237,GE009,G6549,G9788,G9501,G3242,G2004,G9597,G9806,GE006,G9805,G6824,G2194,G2221,G6723,G9503,G3451,G6821,G2198,G7069,GE008,GE010,G9500,G3435,G3101,G6203,GE005,G3450,G2018,G3339,G1039,G9791,G9552,G1967,GE022,G2272,G6813,G1018,G3200,G6820,G6860,G3155,G7036,G6207,G5951,G3449,G6808,G3330,G2076,G9804,G2141,G6550,G2043,G6075,G3139,GE018,G9474,G6835,GE007,G9803,G6812,G5949,G2192,G6210,G3410,G2281,G1017,G9471,G3223,G1093,G6851,G9499,G9475,G3309,G9473,G9519,G1257,G3225,G2005,G9472,G9590,G3136,GE017,G9470,G3157,G1030,G6517,G9726,G3114,G3345,G2258,G1919,G9478,G6142,G6802,G3344,G9476,G9794,G2060,G6823,G3402,G9802,G2270,G6554,G6088,G3442,G6929,G1966,G9801,GE316,G2035,G3302,G2132,G3448,G9576,G2051,G2135,G9800,G1033,G6836,G9574,G3314,G2052,G7068,GE101,G9797,G3102,G1989,G3316,G9534,G3190,G9799,G6849,G1263,G1045,G3212,G3208,G9539,G1904,G5950,G9505,G2068,G1037,G9520,G2115,G9824,G6837,G3211,G2027,G9708,G6822,G2143,G9798,G1053,G3236,G1262,G9506,G7041,G9554,G9502,G6826,G9714,G9996,G2089,G1926,G9521,G6056,G6126,G6852,G9504,G1034,G5952,G3158,G6072,G2137,G6827,G3224,G6552,G9825,G2074,G6844,G6833,G2028,G6129,G2130,G6200,G1044,G9796,G3959,G3988,G1997,G9795,G1032,G9709,G9515,G2261,G2042,G1001,GE315,G9527,G6518,G6097,G3362,G9491,G3241,G7048,G2267,G9489,G9834,G9718,G1091,G6151,G9588,G6834,G6053,G1003,G1031,G7033,G6003,G3221,G6152,G6546,G2054,G9722,G9525,G6853,G3222,G6128,G9749,G9559,G2050,G9771,G3310,G6143,G7058,GE312,G6087,G1264,G6556,G1947,G9818,GE308,G6153,G6867,G9706,G6112,G6008,G3454,G6208,G6130,G0903,G9835,G9526,G9587,G0902,G2133,G1009,G1094,G9535,G3238,G1901,G3219,G9772,GA003,G6055,G2058,G2255,G2103,G2117,G9829,G2271,G9720,G1996,G9577,G2280,G6018,G2081,G9748,G2073,G6558,GE309,G6031,GE311,G6720,G3969,G5946,G6019,G1099,G3961,G9725,G6593,G6071,GE317,G9778,G1907,G6858,G9507,G6204,G1265,G6866,G2010,G6100,G1929,G9713,G2273,G6127,GE314,G2215,G5947,G6841,GJ105,G9828,G2228,G9711,G2254,G2038,G5948,G3312,GE310,G9770,G9782,G1975,G1251,G1283,G9723,G2212,G6857,G5966,G9570,G6724,G6838,G1079,G7038,G7043,G6553,G2017,G1051,G3228,G1261,G9712,G9777,G1982,G6500,G2136,G7053,GE324,G3955,G9582,G9815,G9721,G6865,G7037,G1244,G6697,G6059,G6032"
113.25,23.00,0.49,0.45,872,"G1070,G6817,G9710,G2252,G2240,G6848,GE207,G3145,G6816,G2209,G2219,G3156,GE206,G3107,G1088,GE213,G6918,G6916,G1047,G9807,G9792,G3108,G6923,GE203,G9575,G1000,G2274,G9793,G2253,G3444,G9498,G2245,GE202,G3324,G6915,G3138,G3249,G3237,G9805,G9477,G3447,G2233,G3451,G3129,G9806,G9791,G2222,G1092,G3450,G3347,G1097,GE204,G3218,G9474,G9573,G9501,G9803,G9804,G9508,G9788,G2260,G6855,G9473,G9475,G9471,G3225,G9500,G3101,G3435,G3410,G9472,GE003,G3449,G2272,G3157,G2256,G9726,G3117,59481,G3339,G1093,G3223,G2238,G6806,G9470,G2259,G2281,G3220,G9794,G1039,G6847,G9476,G3443,G9801,GE239,G6805,G9802,G3402,GE016,G9576,GE004,GE030,GE032,GE031,G9746,G1033,GE002,G9800,GE216,G2232,G2244,GE021,G1015,G9799,G9797,G1045,G3345,G9539,G9478,G1071,G2201,G1087,GE029,G6860,G3128,G2234,GE001,GE205,G9708,G6903,G9499,G3344,G3134,G3309,G9824,G1037,G9798,G3314,G3316,G1069,G3236,G6909,G2223,GE217,G9505,GE015,G3242,G1053,G6837,G9996,G9825,G3155,G3330,G3224,G6902,G6836,G1044,G6917,G6804,G9795,G6835,GE013,G9506,G9590,G9515,GE220,G9796,G9541,G6800,GE012,GE238,G9745,G6813,G9588,G6852,G3102,G3130,GE234,GE014,GE011,GE023,G1001,G2230,G9510,GE024,G9504,G9722,G6925,G3222,G3125,G3241,G9771,G9834,GE201,G6924,G6814,G3362,GE219,GE022,G9491,G9779,G3442,G2204,GE214,GE235,G3141,G6900,G3221,G3310,G9587,G6807,GE240,G1009,G2221,G9706,GE010,G9709,G9747,G3219,G6908,G9518,G1094,G6803,G6834,G3448,G9772,G1030,GE019,G6905,G9544,G3302,G9489,GE025,GE009,G9720,G9543,59480,G9725,G9778,G6927,G9548,G6926,G9547,GE008,G3190,G9507,G2239,G2261,G9829,G1049,G1034,GE218,G9714,GE006,G1099,GE221,G9523,GE007,G6858,G6853,G6810,G9782,G9770,GE211,G3136,GE236,G1018,G9577,G1051,G9723,G6801,G1054,GA006,GE005,G6857,G2202,G3112,G9777,G2208,G2242,GE028,G2270,G9570,G9815,G3454,G6833,G9789,G0903,G9835,GE020,G0902,G6904,G3135,GE222,G3238,G9527,GE237,G9721,G9554,G2226,G6809,G3140,G2266,GE026,GE212,G6812,G2231,G6901,G9742,G1032,G6841,G6851,G3131,G9773,G2206,G1046,GE223,G6919,G3137,G6912,G1036,GE224,G3407,G3114,G9487,G2280,G9724,G6906,G3139,G9502,G1003,G9526,GE018,GE027,G1095,G1019,G2267,G6811,G6844,G6802,G6931,G6867,G3403,G2225,GE215,GE226,G6863,G6920,G2263,G1077,G3228,G9828,GE209,G3200,G7060,G6830,G9582,G3113,GE230,G9545,G3311,G9713,G2247,G2246,G3244,GE017,G6913,GE210,GE225,G9525,G1086,GE208,G6849,G3133,G6831,G9517,G3235,G3312,GE229,G7059,G3158,G6821,G2264,G6907,GA003,G2236,G3111,G2248,G1031,G9589,G9524,G2235,G2276,G9813,G2243,G6808,G1016,G7066,G9509,G2241,G9597,G3232,G6826,G9712,G2056,G1014,G7058,G9559,G6838,G9580,G6929,G2279,G9842,G6866,G6864,G7057,G2249,59288,G3110,G6003,G9563,G2040,G3132,G6819,GE228,G3346,G9837,G6868,G3404,G9844,G3161,G3227,G9841,G2251,G3203,G9546,G6129,GE227,G6856,G9567,G6202,G7064,G1010,G1919,G6845,G3327,G6087,G3115,G2273,G2033,G9838,G6911,G6075,G2013,G1008,G9579,G3446,G7062,G1079,G6820,G2271,G6832,G6126,G2268,G3405,G2275,G2282,G3329,G2237,G9528,G9711,G6127,G2265,G7069,G1011,G2072,G9775,G2012,G9565,G9514,GE233,G1002,G6861,G9839,G7061,G7067,G2014,G9845,G6859,G9586,G7063,G3231,G6827,G1975,G9513,59287,G1056,G3142,G9540,G2148,G7068,GA007,G6930,G3226,G5946,G3250,G1907,G6209,G3118,G6839,G7065,G9532,G2257,G6910,GE231,G1006,G2041,G6829,G6128,G3332,G5948,G5947,G6865,G5949,G9840,G9765,G3210,G2255,G9488,G2254,G3254,G6002,GE232,G3213,G3204,G6862,G2069,G6840,G9780,G7002,G3120,G6153,G3209,G3438,G6824,G6151,G9578,G1926,G9819,GA038,G6818,G2250,G6842,GA014,G6661,G2258,G5966,G2090,G9591,G1947,G2113,G1929,G6019,G9717,G9572,G1089,G3406,G9694,G5967,G2093,G3255,G6008,G9564,G9566,G6072,G2295,G2061,G3233,GA004,G2001,G6152,G6950,G6850,G5950,G6216,G5951,G1052,G6828,G6018,G6822,G2015,G9817,G9715,G6843,G7014,G1904,G2032,G1055,G7036,G2216,G2079,GA018,G7005,G9774,G6000,G3234,G9846,GA008,G3162,G2082,G9533,G7001,G6559,G3452,G1043,G3240,G3164,GE316,G7013,G9848,G2022,G6964,G6825,G1062,G2292,G6960,G1042,G1048,G3206,G9571,G1945,G3308,G2228,G9847,G3146,G3256,G9814,G7048,G9550,59473,G3230,G7006,G2289,G2116,G6031,G6963,G6562,GA009,G6957,GA024,GA005,G3201,G6823,G2126,G6700,G1967,G9482,G6007,G2055,G1956,G3412,GE308,G9551,G7018,G9695,G1982,GA015,G2044,G2124,G3104,G7012,G1029,G7041,G2034,G3207,G6959,G1970,G1983,GE101,G2011,G7037,G2048,G2078,G3401,G5969,G1915,G6084,G6961,G6952,G1996,G9707,G6958,G7016,G6954,G0816,G6100,G1989,G6053,G6933,GE315,GA010,G9822,G9833,G2285,G3159,GE317,G9697,GA012,G2218,G6541,G3121,G3325,GA016,G1931,G2021,G6032,G6112,G9503,G9561,G7015,G2288,G7046,GE312,GA023,G2059,G2144,G6551,G3322,G2128,G9781,G9522,59279,GE314,GA021,GA019,G1072,G9483,GA011,G6089,G2092,GA022,G7053,G6142,G9776,G2142,G6949,G2297,G2099,G2293,GA013,G7033,G6966,G2294,G6097,G9569,G3335,G3229,G3239,GA027,G9585,G6071,G9823,G6935,G6130,G6934,G6088,G2205,GA020,G2286,GE311,G6049,G3152,G6953,G9549,G2211,G1966,G6017,GA028,G1040,G6205,G2129,G8231,G6544,G3260,G5965,G3253,G3205,GA017,G2217,G1026,G9562,G2096,G9816,G9558,G5940,G2064,G1971,G2091,G6051,G2296,GA026,G2047,G7042,G6550,G3416,G6215,59284,G6056,G3263,G6962,G9485,G6965,GA025,GE309,G9555,G3251,GS010,G7009,G7017,G1964,G3252,G2287,G9584,G0817,G3333,G6099,G2016,G9783,G9784,G3202,G8269,G9560,G6041,G3144,G6955,G3411,G2094,GS011,GE310,G2290,GS009,G3413,GS012,GS007,G2665,G9486,G6050,G2006,G1935,G1997,G6052,G1007,G1924,G6212,G2298,G1978,G7011,G2123,G1078,G1936,G5952,G1024,GS014,G1920,G1022,G3414,GS008,G6055,G6132,G6948,G3328,GE324"
113.25,23.25,0.49,0.45,786,"G9813,G3346,G3403,G1095,G1010,G9844,G9563,G1011,G3405,G9589,G9742,G1046,G9567,G1014,G9773,G9815,G9777,G1051,G9565,G9724,G9487,G9782,G3404,G9770,G2249,G3438,G9778,G9845,G6831,G9723,G6857,G9721,G9725,G9564,G3219,G9507,G9842,G1009,G9587,G9566,G3407,G9715,G9772,G2247,G9720,G1094,G9771,G9570,G9488,G3222,G2206,G1006,G9694,G9722,G9848,G3446,G6859,G2275,G9588,G9817,G9515,G9795,G9706,G6858,G1044,G9825,G9846,G3224,G9841,G2282,G1042,G9482,G3255,G3240,G9796,G9798,G1099,G9571,G3236,G1036,G9708,G3104,G1052,G3310,G9847,G9824,G6830,G2250,G1001,G9834,G3241,G9996,G1045,G9799,G9539,G2248,G1037,G1053,G1033,G3362,G9797,G9800,G9829,G9576,G2251,G9707,G9801,G3159,G3221,G9794,G9491,G6852,G3325,G9506,G3406,G6837,G9476,G3157,G3412,G9726,G9802,G9833,G3402,G9505,G9472,G9695,G6829,G3225,G9473,G3316,G9470,G9577,G1008,G9504,G9483,G9475,G9528,G1043,G3314,G9780,G9471,G9822,G9803,G9697,G9474,G6834,G1093,G6841,G3223,G3410,G7066,G9804,G3232,G9709,G9814,G3311,G9791,G9478,G3345,G2268,G2281,G3260,G9489,G3450,G3451,G3344,G6836,G9805,G7060,G9823,59284,G9806,G3237,G3249,G2279,G3251,G2276,G3449,G3102,G9485,G3254,G9498,G3256,G0902,G9572,G3416,G7063,G0903,G9835,G3238,G9582,G3309,G6853,G9499,G3454,G2272,G9477,G3263,G9486,G3228,G9501,G3339,G9500,G3101,G3435,G2295,G3447,G9792,G9793,G1039,G2261,G9788,G3452,G3235,G9580,G9573,G7059,G9816,G1040,G9781,G9590,G3401,G3164,G7067,G3444,G1059,G1024,G3414,G1088,G9807,G3107,G9828,G1097,G3413,G6860,G1026,G3411,G1034,G3442,G2280,G3330,G3161,G9578,G6835,G6816,G1081,G2219,G9714,G2216,G3448,59287,G3155,G1029,G7002,G3443,G1025,G2292,G3302,G7005,G7064,G9569,G3327,G3138,G9713,G2293,G6847,G9527,G2260,G6833,G2259,G2240,G3190,G3312,G9775,G1047,G9526,G6813,G3242,G2256,G6840,G1030,G9484,G2223,G3220,G9703,G2252,G2274,G3335,GE021,G1058,G3253,G6855,G3252,G6862,G1032,GE022,G6867,G9832,G6950,59288,G1002,G6848,G3231,G9554,G3227,G3257,G9508,GE004,G9568,G6800,GE003,G3230,G9575,G3145,G6832,G1000,G9745,G9712,G2294,G9710,GA004,G6817,G1070,GE206,G9774,G3419,G7012,G9579,G3440,G1003,GE023,G3259,G2253,G9561,G3437,G3332,G3125,G3420,GE002,G2218,G6838,G6949,G6839,GE010,G3136,G9766,G9555,G1073,G9513,G3258,G2221,G2267,G3218,G2270,GE030,GE032,GE031,GE001,G3246,G0816,G2201,G2222,G3415,G7062,G3333,G6918,GE024,G3160,G3129,GE207,GE007,G9581,G6935,G3233,G6844,G3226,G9558,GA003,G9502,G0817,G6843,GE009,G9584,GE016,G3108,G1007,G3119,G3234,G9525,GE008,G1028,G2233,G1071,G9826,G3329,GE011,G7065,G6866,G2204,G1018,G7001,G6806,G6814,GE006,G6923,GE025,GE012,G3126,G9560,G2209,G9586,G6936,G2298,GE213,G2296,G3156,GE005,GE013,G7061,GE015,G3162,GE014,G3229,G6851,G6952,G9767,G9779,G3356,G9514,G6947,G1027,GE029,G6812,G3114,G6934,G2297,G6850,G2715,G9783,G6916,G9784,G1031,G1079,GE204,G2288,G6842,GE019,G9591,G2234,GE203,G9741,G7010,GE202,59481,G2289,G9557,G2273,G9562,G6810,G6807,G6933,G3324,G9740,G9776,G6948,G6804,G7013,G6805,G6801,G6802,G9768,G7058,G6954,G9510,G7014,G9585,G3146,G3158,G3128,G9559,G9701,G2716,G3418,G6943,G8303,GA007,G2286,G6849,G9556,G1092,G3139,G6909,G9711,G3409,G6803,GE018,G6915,GR033,G3130,G3347,GE026,G2290,G3322,G2245,G1015,G6127,G3250,G3328,G6003,G9769,GE017,G2202,G9762,G2705,G6826,GE220,GE240,G6960,G3140,G7004,G6809,G3109,G2210,G7006,G2285,G6953,G2238,G7003,G2271,G1975,G3417,G6087,G6946,GE217,G3200,G6966,G1087,G1022,G7016,G9789,G6938,GE219,G3355,G6959,G3428,G6865,G7011,G7000,G3354,G6828,GA014,G6002,G6951,G7018,59279,G9512,G6129,G1019,GE020,G9541,G6961,G2225,G6957,GA008,G9739,GE027,GE028,G7015,G9746,GA018,G3117,G9747,G1054,G6925,G1907,G9763,G5948,G1062,G3364,G3141,G9761,G2287,G5946,G6929,G6917,GE205,G2291,G5947,G3151,G2227,GA024,G6944,GA009,G2244,G1069,G2254,G6808,G3262,GE239,G6965,G2232,GE218,GA023,G6937,G6821,G2226,GE216,G3144,G9548,G3134,G6126,G9704,G9518,G6908,GA012,GA022,G3352,GA027,GA016,G6811,G8311,GA015,G6903,G5966,GE235,G3135,G6000,GE234,GA011,GA028,G9597,G9758,GA010,G3320,G9547,G1919,G2255,G7017,G6955,G3152,G2264,G6902,GA019,GA020,GR032,G6942,G7008,G5969,G3367,G6958,G2677,GA013,G3244,GA021,G2217,GA001,G9544,GA025,G6827,G2263,G6825,G6128,G9705,GE238,GA006,GE214,G1929,G1983,G6153,G6963,G9760,G6905,GA017,GA026,G9543,G6924,G3123,G7009,G3261,G2230,G2299,G2601,GE201,G2703,G6075,G2602,G6863,G6019,G6007,G3363,G3429,G1077,G8300,G6931,G3133,G6868,G9509,G1931,G9737,G3266,G9594,G6900,G7068,G6820,G8220,G2208,G6962,G1970,G6964,G6151,G1947,G9481,G5965,G1945,GE236,G3113,G9719,G3112,G3131,G3319,G6084,G2239,G6008,G6927,GE212,59480,G6906,G1049,G6018,G7069,G3115,G6926,G9764,G2704,G9757,G2220,G9523,GE210,G1926,G1080,G6864,G3307,G3124,G1956,G2211,G9756,G6845,G9480,G6956,G1023,GE221,GE211,GR031,G1086,G6967,GE209,G6152,G6945,G6051,G8287,G2228,G9837,G6089,G2242,GA002,G9734,G3137,G6072,G9838,G2224,G1021,G6819,G5949,GS007,GS010,GE237,G6907,G9545,G6904,G6919,G8219,G8269,GE222,G2266,G1982,G6912"
113.25,23.50,0.49,0.45,533,"G9832,G3415,G9703,G3419,G9766,G1081,G1059,G1027,G9486,G9768,G9767,G9701,G3259,G3251,59284,G3414,G2716,G3109,G3417,G1024,G2715,G9769,G3260,G1025,G9485,G9483,G3258,G8303,G2705,G3325,G3257,G9484,G3416,G3159,G9823,G8311,G9707,G3104,G3263,G9482,G3352,G3413,G9833,G3262,G1073,G3411,G9848,G3418,G1042,G9697,G9571,G9715,G9822,G3440,G9847,G3246,G9816,G1058,G9564,G3240,G3354,G3412,G9695,G9566,G9846,G9737,G9817,G1040,G2704,G3438,GR031,G9694,G1026,G9758,G3123,G1052,G3420,G9568,G9740,G3255,G9739,G8300,G3437,G1011,G9781,G9565,G9488,G3126,G1028,G1043,G9814,G3405,GR033,G9845,G9705,G9736,G1021,G1006,G1010,G2250,G9756,G3406,G8312,G3346,G9844,GR029,G9567,G9719,G3364,G3160,G9563,G6859,GR030,G3256,G3252,G3363,G9569,G8304,G8301,G8306,G3401,G3404,G9813,G9581,G1014,G3355,G9757,G2754,G3356,G3426,G2249,G2293,G9754,G2275,G3409,G9762,G3353,59280,G9589,G3446,G3253,G3119,G2282,G9738,G9842,G9780,G6829,G2703,G3335,G6943,G3403,G1080,GR062,G3452,G9761,G1095,G6831,G9841,G8353,G3367,G3164,G9760,G9572,G9826,G3303,G8437,G1029,G7000,G8313,G9555,G7010,G7004,G3333,G9741,G1046,GR032,G1007,G9724,G2295,G9742,G9528,G9487,G3428,G9773,G8302,G2251,G2247,G6936,G9759,G2768,G1008,G2294,GR077,G3254,G0817,G9815,G9584,G9481,G2292,G2702,G3307,G9777,G6947,G3407,G2248,G1051,G9763,G9480,G9721,G9735,G2785,G2268,G2781,G9782,G8320,G2216,G9770,G9723,G2298,G6857,G9558,G2206,G9557,G6949,G7063,G7008,G3127,G8356,G6830,G8308,G7005,G9561,G3429,G6937,G9778,G2227,G6942,G9570,G2709,G2701,G9507,G9560,G1036,G8334,G9725,G6935,G8327,G7066,G3232,G6946,G2218,G3219,G9512,GR070,G9578,G9720,G8307,GR067,G1009,G9772,G6858,G9587,G8362,G6948,G3326,G2791,G1094,G7012,G9556,G7067,G2279,G9716,G6967,G3230,G1099,G7003,G2296,G2299,G7002,G8367,G9771,G2738,G9734,G0816,G9706,G2210,G3222,59285,G9783,G9784,G2276,G2710,G9722,G3311,G2736,G9588,G9829,G9764,G9515,G6944,G9795,G3310,G7060,G6950,59287,G6841,G1044,G9580,G9825,G6939,G3427,G2224,G6840,G3224,G9577,G9796,G3304,G9834,G6938,G8358,G3241,G1001,G6941,G9774,G3362,G9798,G3236,G3357,G3221,G9582,G3229,G9708,GR060,G9996,G9491,GA004,G3328,G7059,G3151,G6934,G9824,G3235,G1053,G9562,G3161,G6852,G1037,G9539,G1045,G9799,GR076,G6862,G9506,G9775,G3228,G2732,G6834,G2290,G1033,G9504,G9797,G6837,G9800,G2297,G9576,G3327,G7064,G2782,G9505,G3261,G9801,G8321,GR069,G9709,G0902,G9794,G9489,G3316,G3238,G6951,G0903,G2220,G9476,G9835,G9802,G3402,G3157,G9726,G3454,G3314,G8207,G9585,G9472,G9776,G9704,G9732,G9470,G3225,G9828,G2288,G9473,G6853,G2286,G1022,G9475,G3231,G6952,G6843,G3234,G1002,G3351,G9471,G3332,G1064,G3320,G6836,G1093,G3223,G3233,G9478,G9803,GR025,G3345,G9474,G3410,G3344,G2280,G9755,G3102,G2261,G8361,G9804,G2281,G7001,G6933,G7011,G6839,G6832,G2711,G3312,G9713,G9791,G8322,G3103,G2601,GA001,G3450,G6954,G9513,G3451,G3227,G3449,G3309,G9499,G9579,59288,G9805,G1034,G9806,G3162,G3237,G3249,GR024,G2720,G3322,G2272,G9526,G6953,G2289,G9731,G9590,G2291,G9714,G9498,G8352,G3226,G9712,G9531,G9733,G3339,G2787,G1039,G9527,G3442,G3423,G9477,G9500,G3101,G3435,G9501,G6945,G6833,G7062,G9788,G3448,G8535,G2734,G9573,G3146,G3350,G3447,G7013,G6867,G7065,G6850,G6860,G3302,G6838,G9594,G9793,G2677,G3330,G9792,G3190,G6966,G6835,GR066,G3444,G8328,G1032,G8205,G2285,GA037,G1097,G3155,G3243,G2602,G3143,G8335,G8355,G7014,G2287,G3329"
113.25,23.75,0.49,0.45,260,"GR030,GR029,G2754,G2702,GR031,GR062,GR077,G8308,G2704,G2781,G8306,G8312,G3426,G2791,G9736,G8311,G9737,G3352,G8353,G8307,G2768,G9754,59280,G8362,G8437,G3417,G2736,G1021,G3109,G9738,G3262,G9769,G8535,G8302,G8304,G2738,G9768,G9701,G2711,G8327,G8356,G2705,G8367,G2716,G3123,G1027,G8301,GR041,G9756,G8300,G2787,G9767,G2701,G3353,GR025,G8303,G2745,G2715,G8352,GR075,G2709,G2785,G9758,G3415,GR060,G9766,G3354,G9719,G3419,G9832,GR024,G9705,G8358,G8329,G9757,G3418,G3259,G8334,G9703,G8530,GR069,G8315,GR076,GR039,G3303,G2723,G2710,G2789,G8357,G3258,G2748,59087,G8556,G3363,G8355,G8361,G1081,G9739,G8313,G1059,G1080,G3257,G9735,G2773,G9759,G2782,G8320,G1025,G8328,G3414,G9486,G9484,G2734,G1073,G1024,GR040,G8541,GR061,G3127,G3251,G2703,GR001,G2732,59284,G3246,G3364,G9740,G3440,G9485,G3260,GR033,G3416,G3413,G8540,G8321,G8326,G2786,G2783,G8557,G1058,GR064,G9483,G3263,G9760,G3411,G3307,G8552,G2788,G8331,G8322,G3427,G9823,G9480,G3325,G3367,G3326,G3126,G3355,G3159,GR036,G8323,G3420,G8335,G9481,G1028,GR070,G3423,G9707,G9816,G3422,G9833,59285,G9568,G9716,G3104,GR067,GR032,GR043,G9482,G3437,G9762,G1040,G9761,G9697,G2724,G9731,G1064,G2714,GR074,G9822,G3409,G8351,G1026,G9848,G1042,G9571,G9847,G9695,G3356,G9732,G3412,G8350,G9755,G9715,G6941,G3240,GR037,G3160,G2735,G3304,GR071,G3429,G9734,G6967,G9753,G8342,GR065,G7000,G9846,G9564,G9581,G6943,G9817,G9566,G6939,G9781,G3428,G7008,G9827,G8332,G7004,GR026,G9694,G3119,G3252,G6942,G3438,G1052,G3357,GR073,G9763,G2224,G3350,G3351,G2720,G1020,G9814,G3255,G8354,G1043,G9569,G9764,G9729,G8536,G6937,G8549,G9752,G7010,G8555,G9741"
113.25,24.00,0.49,0.45,166,"GR075,G2745,GR041,G8315,G8530,G8535,GR040,G8540,GR036,G8552,G2773,GR074,G8342,G8541,GR039,G8556,G2787,G2711,G8308,G2702,GR037,G8557,G8352,G2791,GR073,G2781,GR077,G2748,G2772,G8567,G8536,G8307,G2736,GR043,G8329,G8546,59088,G8362,GR062,GR025,GR038,G2754,G8357,GR030,G8538,G8549,G2723,G2789,GR029,G8566,59087,G2714,G2738,GR024,G2771,GR034,G2788,G2735,G2768,G8355,G8367,G2724,G8353,GR042,G8306,G8350,G2783,G8327,G8437,G3426,GR026,G8555,G8312,GR031,G8326,GR060,G8356,59280,G9754,G8348,G8532,G8347,G8302,G2704,G9736,GR061,G8553,G8531,GR064,G2701,G9738,G8365,G8565,G8328,G2727,GR078,G8547,G8332,GR069,GR001,G8533,G2777,G8361,G8358,G2709,G2786,G1021,G9737,G8537,GR076,G8543,G2774,G2734,G8323,G8304,G8341,G8354,G2785,G8311,G2747,GR035,G3352,GR027,G8351,G8301,G2712,G2710,G8331,G3353,G8561,G9756,G8334,G2721,G2782,G3123,G8340,G2780,G3417,G8324,G3262,G8300,G8568,G8548,G3109,G8545,G2713,G8366,G9769,GR045,GR071,G3422,G2790,G2705,GR028,G2722,G9719,G9768,G9701,G3303,G2732,G9758,G2770,G2716,G2729,G8335,G9757"
113.25,24.25,0.49,0.45,119,"G8538,G8567,GR042,G8342,GR034,G8547,G2771,G8348,G8532,G8347,G2747,G8537,G2777,G2772,G8546,GR074,G8561,59088,GR073,GR038,GR036,G8533,G8540,G8545,G8536,G8568,G8565,GR040,GR037,G8531,G8552,G8548,GR035,G8566,G2727,G8315,G8530,G8340,G8549,G8553,GR075,G8563,G2745,G2728,G1426,G8541,G2773,G8542,G8557,GR041,G1466,G2770,G1460,GR072,GR043,G2775,G4614,G8543,G8535,G2721,G8556,GR039,GF004,G2774,G8555,G2735,G8551,G8341,GF701,G2714,G4619,G4664,GR026,GF700,G2790,GF092,G8350,GR044,G4407,GF100,G2787,GR045,G8365,G8564,G2748,G2724,G4612,G2744,G2788,G2711,G8352,GR078,GR068,G8569,G8524,G8329,G8558,G4538,G8357,G4618,G8554,G8332,G4555,G2783,G2712,G2723,G8308,G2789,G4667,GR056,G2791,G2702,59087,G1429,GR025,G8324,G8326,G1409,GR027"
113.25,24.50,0.50,0.45,131,"G1426,GF004,G1460,G1466,G8545,G8561,G4407,GF092,G2747,G4614,G8563,G8568,G8547,G8537,GF700,G4619,G2777,GF701,G8548,G4538,GR042,G8542,G4664,GF100,G8532,G8347,G8348,G8538,G4547,G4535,G2728,GR034,G8533,G4555,G4556,G4612,G2775,G1403,GR035,G8340,G2771,G1429,G4541,GF007,G8565,G4540,G8567,GF102,G4557,G4554,59081,GF706,G4401,G4667,G8531,G4610,G4615,GR072,GF704,G1409,G4666,GF005,G2770,G8524,G4534,G8564,G4549,GF104,G2727,G4618,G8569,G8342,G2772,G8546,G8510,59088,GR038,G4411,G4551,GF705,G4617,GR073,G9884,G4403,59082,G2766,G8536,G8553,G9881,G8566,G8551,GR074,GR056,GF702,GF006,G1464,G4630,G2744,GR037,G4550,G1428,GR036,G1491,G1401,G4616,G1406,G2721,G4412,G8540,GF101,GF707,G4415,G4628,G9879,G4406,G4408,G4402,G9883,G8549,G8543,G8552,G4405,G1404,G1492,GR040,G4409,G4410,GR044,G4400,G4544,GF003"
113.25,24.75,0.50,0.45,148,"G4535,G4557,G4554,59081,G4547,G4534,G4549,GF704,G4556,G4541,G4407,GF092,GF702,G4551,G9881,G1403,G1464,G9884,GF004,GF707,G4401,G4550,G4538,GF007,GF005,G4540,G9883,G4553,GF099,GF705,G4544,G1404,G4402,GF102,G1460,GF700,G1426,G4555,G1462,G4614,G1463,G4403,G9880,GF003,G1466,G4610,G4411,G1429,G4543,G4546,G4619,G4542,G4415,G1401,G4552,GF701,G1414,G4405,GF706,G4404,G1406,GF006,G4666,GF703,G8505,GF100,G1405,G8563,G4545,GF000,G8503,G8502,G1411,G4408,G8504,G4412,G4409,G4617,G4664,G4400,G4406,G4517,G4612,G4410,G1415,G4667,59082,G4548,GF104,G4615,G1454,G4536,G8545,G1409,G4569,G8501,GF001,G1410,G8561,G4608,G8568,G8500,G8510,GF101,57988,G8542,GF098,G1402,G2747,G4616,G1425,G9882,G4604,GF200,G4567,GF202,GF002,G2767,G8524,G4563,G8548,G4611,G2775,G1428,G8547,G4663,G8537,G4618,G1491,G2728,G4439,GF095,GF201,G4516,G8569,G4562,G2777,GF103,G1445,G1456,G4621,G8564,G4605,G2766,GF209,G4602,G4525,GR011"
113.25,25.00,0.50,0.45,160,"G4546,G9880,GF707,G1414,G4553,G4552,G1462,G1411,G4517,G1454,GF099,G1415,GF702,G4548,G4608,GF703,57988,G4536,GF200,G4569,G4604,G1410,G1464,G1463,GF098,GF095,G4663,G4516,G4562,G4544,G9883,GF000,G4550,G4563,G9881,G4549,G4534,G1456,GF202,G4602,G1412,G4551,G4567,G1404,G4519,G4543,G9884,59081,G4554,G4557,GF704,GF201,G4542,G4402,GF003,G1458,G4605,G8505,G1413,G4545,G4568,G4601,G4535,GF209,GF203,G8504,GF204,G1405,G4518,G4404,G4547,G4607,G1461,G4541,GF308,G1425,G4566,GF096,G4556,G8503,G4609,GF001,G8502,G1474,G4525,GF705,G4415,G4401,G4405,GF005,GF097,G1403,G1470,G4603,G4560,G1401,G1448,G4403,G1406,G4439,G4409,G1445,G1449,GF312,G4400,GF205,GF007,G1455,G4408,G1472,G4561,G8501,G1446,G4540,G4411,G1459,G4407,GF006,G1465,G4412,GF210,G4648,G4410,GF092,GF303,G4406,GF207,GF206,G4647,G4529,GF102,G4438,G4649,GF002,G4565,G4422,G9882,G4538,G4610,G1452,G8500,G1418,G1442,GF208,GF004,G1402,G4606,G4555,G1429,G4526,G1417,G4617,G4666,G1439,G4564,G4441,G4442,G4600,G2767,GF300"
113.25,25.25,0.50,0.45,113,"GF204,G4519,G4562,GF095,G1412,G4516,G4602,G1413,G4609,G1456,G4561,G1472,GF203,G4518,G4560,GF200,G4663,GF210,G4604,GF205,G4648,G4565,57988,G4608,GF206,GF096,G4601,G1470,GF097,G1454,G1458,G4563,G4607,G4606,G1461,GF207,G4600,GF098,G4568,G1471,G1410,G4605,G4569,GF201,G4548,G1415,G4603,G4517,G1474,GF211,G4536,G4647,G1411,GF202,G4546,G4566,GF212,G4567,GF209,G4649,G1414,G4552,G9880,GF308,GF703,G1459,G1449,G1462,G1418,G1448,GF208,G1465,G1452,G4553,GF000,GF099,GF707,G1417,G1463,G1446,G4422,G4525,G4564,GF702,G4544,G1455,G1425,G9883,G4529,G4542,G4543,G1464,G4545,G8505,G1404,G4550,GF303,GF312,G9881,G8504,G4402,GF003,GF093,GF001,G1405,G4404,G4549,G4551,G4534,G9884,G1445,G4521,G4439"
113.25,25.50,0.50,0.45,66,"GF212,G1471,GF211,G4600,G4606,G4565,G4561,GF210,G1472,GF206,G4648,GF205,G4560,GF207,GF204,G4609,G4647,G1470,G4519,GF097,G4518,GF203,G1413,G1412,G4649,GF096,G4603,G4562,G4602,GF095,G4516,G1456,G4607,G4601,G1461,G1418,G1474,GF208,G4663,G1458,GF200,G4604,G4568,G1459,G1452,G4605,G1417,G1449,G4563,G4566,57988,G4608,G4564,GF201,G1465,G1448,G1454,GF098,GF209,G1410,GF202,GF093,G4569,G4422,G4548,GF308"
113.50,22.00,0.49,0.45,161,"G1292,G1224,G1205,G1222,G1280,G1217,G1218,G1299,G1226,G3994,G1273,G1232,G1230,G1295,G1210,G3980,G1297,G1220,G1238,G3990,G1298,G1221,G1256,G1293,G1240,G3995,G1276,G1206,G1286,59682,G3996,G1212,G2037,G3970,G1252,G3981,G3971,G1207,G3984,G3985,G3972,G1289,G1203,G3987,G3951,G1214,G1258,G3992,G1209,G3991,G1215,G1272,G2085,G3960,G3950,G3962,G3997,G2003,G3973,G1274,G1271,G2084,G1241,59488,G3953,G1228,G1233,G1250,G3968,59487,G1270,G1278,G2031,G1236,G3999,G1259,G2086,G4005,G2083,G3993,G3974,G2036,G1234,G1235,G1237,G3963,G2053,G2077,G3952,G3998,G1208,G3975,G3986,G1260,G3964,G1254,G1290,G2070,G3983,G3982,G3976,G3989,G3956,G2017,G6204,G1223,G2010,G1243,G3977,G1261,G3957,G3978,G1229,G1282,G1204,G1225,G2038,G1255,G2081,G6208,G2058,G3966,G3958,G1269,G3979,G1277,G2054,G1202,G1253,G1285,G3961,G1283,G3965,G3967,G3954,G1244,G3955,G1227,G2050,G3969,G1268,G1251,G2068,G2111,G1211,G2035,G2193,G2027,G1262,G3959,G2042,G3988,G1265,G2060,GJ106,G2076,G1294,G1264,G6698,G2112,G2028"
113.50,22.25,0.49,0.45,287,"G3991,G1272,G1271,G2003,G3995,G1212,G3996,G1221,G2085,G1233,G1215,G2086,G1270,59488,G1237,G3997,G3992,G1230,G2053,G3994,G1209,G1276,G4005,G2083,G1228,G2037,G1236,G1226,G3970,G1206,G2084,G3981,G3980,G1238,G3971,G3972,G2077,G1295,G1232,G1240,G2036,G1223,G3998,G1217,G2038,G1280,G2010,G1252,G1204,G3973,G2081,G1243,G6204,G1282,G1283,G1285,G2031,G3953,G1229,G3987,G3960,G1244,G2050,G1220,G1224,G2054,G1256,G6208,G1259,G2017,G3974,G1292,G2070,G1227,G2068,G1258,G2027,G1210,G1299,G2042,G1298,G2058,G2035,59487,G1211,G3975,G1289,G3989,G1250,G2028,G1261,G3952,G3976,G1218,G2051,G3956,G1294,G6200,G1297,G6203,G3950,G2076,G3963,G2004,G3964,G3961,G3977,G3978,G6214,G2089,G2018,G2026,G3962,G1262,G3969,G2060,G2029,G1255,G6213,G6207,G1205,G2005,G1222,G3951,G3959,G3979,G1273,G2030,G1277,G3955,59485,G3990,G1278,G2080,G2088,G6201,G2074,G3988,G1260,G3965,G2025,G2024,G3968,G1251,G2065,G2087,G1290,G2052,G1263,G2043,G2073,G1253,G2009,G3957,G6549,G3993,G1293,G1264,G2046,G6211,G2019,G1265,G2007,G2002,G3967,G3986,59490,G6218,G2067,G2062,G1254,G2071,G1241,G6723,G2023,G3954,G2112,G2008,G1191,G2063,G3958,G1207,G6210,G6518,G6217,G1257,G2045,G9718,G1274,G2075,G3984,G3985,G2039,G3966,G3211,G2094,G2016,G1202,G2102,G6548,G1268,G9818,G6219,G2006,G1090,G9521,G2193,G2096,G2049,G2066,G2020,G1286,G2120,59682,G6215,G6517,G2131,G9574,G1269,G1208,G9552,G2133,G6706,G6702,G6212,G1203,G2091,G6593,G3999,G2198,G6698,G6722,GJ106,G2099,G2092,G6205,G3983,G3982,G1214,G1017,G2057,G2047,G9535,G2111,G1225,G1234,G1235,G1179,G1078,G1189,G2044,G2059,G9748,G2196,G3704,G3521,G2134,G2034,GJ100,G3556,G2011,G2132,GJ107,G6500,G3619,GJ108,GJ103,G3205,G2123,G1091,GJ101,G2022,GJ102,GJ104,G3585,G2078,G9749,G3715,G1142,G2032,G2015,G2048,G3643,G2082,G2190,G6546,G2064"
113.50,22.50,0.49,0.45,506,"G2005,G2051,G2089,G2043,G6200,G2028,G2026,G6218,G2052,G2080,G2042,G2071,G2074,G2023,G6211,G2008,G2027,G2025,G6213,G2045,G2050,G6210,G2009,G2065,G2004,G2030,59485,G1283,G1244,G2062,G2073,G2068,G2006,G2094,G6203,G2066,G2049,G2035,G1090,G2038,G1285,G2091,G2029,G2024,G2007,G9718,G2096,G3211,G2081,G2016,G6214,G1204,G9552,G1294,G1223,G2099,G1227,G2092,G9521,G2054,G1211,G9574,G1282,G2010,G6201,G1078,G9818,G2076,G2087,G1243,G1017,G2053,G2002,G2067,G1237,G1229,G3205,G6217,G6208,G2018,G6204,G2044,G2088,G2048,G2063,G2077,G6215,G2022,G2086,G3998,G9535,G2075,G2019,G6219,G2083,G2032,G4005,G1270,G3202,G3239,G6207,G9748,G3206,G1091,G1233,G1236,G2093,G2015,G3207,G6205,G1271,G2034,G2058,G2003,G9749,G2036,G2060,G2090,G2046,G6212,59488,GA005,G2011,G9522,G2059,G1228,G2061,G2017,G2020,G1272,G3208,G1055,G3212,G2085,G3997,G2082,G2047,G3991,G2041,G9534,G9551,G3209,G6549,G2039,G2084,G1262,G9519,G1215,G2070,G3142,G9549,G3121,G2072,G6548,G9520,G2014,G2078,G1048,G3992,G6209,G1261,G1209,G3959,G2001,G3961,59490,G2031,G3204,G1212,G1263,G1089,G2102,G3989,G3996,G9819,G3973,G3988,G2057,G6723,G3995,G3308,G3972,G1072,G3969,G3971,G3974,G2056,G1259,G3975,G3953,G2037,G3981,G3110,G3970,G2013,G1221,G3976,G2040,G3704,G3614,G1276,G2243,G2069,G3111,G2012,G3680,G1139,G3956,G9546,G1206,G2123,G3201,G2079,G2064,G3734,G1191,G9503,G9524,G1016,G3952,G3213,G1152,G2196,G2021,G3960,G3977,G1264,G6143,G9517,G1257,G3978,G9550,G1252,G1136,G1056,G2131,G3526,G1240,G1238,G3681,G3132,G3636,G5952,GA038,G3955,G1230,G1145,G3643,G9533,G6202,G1901,G3120,G6913,G3980,G3987,G3964,G1251,G3746,G3994,59487,G1255,G1966,G3575,G3768,G3715,G5968,G6088,G9717,G3979,G2055,G1997,G6912,G2033,G1226,GE224,G3556,G3210,G1265,G3688,G1277,G1295,G6142,G1151,G1189,G9545,G6518,G6216,G2231,G3137,G1232,G3699,G1985,G2236,G1250,GE225,G2198,G2266,G3963,M9988,G1197,G1196,G1153,G3965,G6911,G2124,G1967,M0003,G6056,G3671,G3650,G1258,G3203,G6517,G6058,G3759,M0004,G1086,G3521,G3663,G3717,G3619,G3118,G1179,G3714,GE226,GE232,G1256,G9765,G2242,GE222,G9523,G9532,G3112,G1217,G1220,G3697,G1049,GE215,G6901,G6055,G3718,G3131,G5967,G1253,G1280,GE223,G3692,G1289,G3557,G3733,G3765,G2112,G3781,G6927,G6059,G3618,G1142,G3530,G9837,G3585,G1989,G6926,G3950,GE221,G2127,G9543,G3113,G9540,G3664,G3546,G1298,G5951,G3555,G9838,G6097,G1210,G2246,G9840,GE231,G2128,G9839,G2133,G3702,GA006,G9544,G6544,59486,G3502,G3784,G3540,G1260,G2237,G1911,G6924,G2132,G3967,GE228,G3957,G3647,G3738,G1077,G6593,G6542,G1132,G6900,G1224,G1299,G6904,G3694,G9547,G3682,G1195,G2101,G1290,G3133,G6700,G3962,G2194,G6555,G3641,G3675,G9518,GE230,59480,G2197,G6130,G3548,GE229,G3703,GE211,G3720,GE238,G3550,G9548,G3115,G1292,G3135,G6057,G9509,G1278,G2230,G3134,G6053,G3503,G1131,G3954,G1069,G6910,G6054,G1297,G3531,G3790,G1187,G3728,GE237,G2129,G3141,GE233,G5949,G6060,GE201,G2232,G1960,59476,G6560,G1904,G9747,G9541,G6541,G9746,G6920,G6722,G6546,G6112,G3561,G3244,G3617,G1218,G6071,G5950,G3951,G1183,G3568,GE216,G3785,G3757,G2120,G6554,G3635,G3968,G3117,G6123,G1087,G3504,G1143,G1054,G6500,G3565,G3993,G3958,G3766,G6903,G3569,G3756,G3986,G1156"
113.50,22.75,0.49,0.45,788,"G1055,GA005,G3204,G3207,G3206,G9819,G1089,G9551,G1048,G3209,G2048,G9522,G3213,G3239,G3308,G3121,G9546,G1056,G2093,G3142,G2041,G3205,G3132,GA038,G3120,G3110,G3201,G9549,G1016,G2072,G3210,G3202,G9533,G9524,G9717,G9550,G1072,G9517,G3203,G1078,G2022,G9503,G9545,G1086,G3111,G3118,G9765,G2099,G2091,G9532,G2092,G9519,G2032,G9837,G2066,G1967,G3137,G3131,G2006,G5967,G2049,G3113,G2056,G6912,G9540,G9838,G6142,G1966,G6088,G9839,G2090,G9534,G3112,G9840,G3212,G3208,G9520,G1077,G1017,G1090,G2243,G9552,G2044,G5951,GA006,G2014,G3133,G5952,G2231,G2096,G6056,G2015,G1997,G1989,G2094,G9543,G9547,G3115,G9509,G9544,G2045,G2266,GE224,G3135,G6143,G1049,G2008,G2023,G9548,G9574,G2040,G9523,G9518,G2061,G1091,G2071,G6097,G1901,G3244,G9749,G6913,G6209,G5949,G6210,G6218,G3141,G9747,G6055,G9521,G2016,G6927,G3211,G1054,G1904,G2013,G2242,G9541,G6053,G5950,G6130,G1069,G9535,GE222,G9748,G2082,G6075,G9597,G6924,G6926,G6112,G1087,G9718,G9818,G2034,G3134,G2043,G9789,G1985,G9746,G6211,G6059,GE225,G2012,G2062,G6072,G6071,G1015,G6901,G3130,GE221,G1926,G1019,G5968,G2011,G2001,G6900,G6202,G2052,G2236,G1919,G1996,G2232,G3128,GE226,GE223,G6054,G3140,G1136,G9510,G6152,GE238,G6215,G3117,GE215,59481,G3614,G2069,G3347,G2005,G6058,G6100,G6151,G1092,G3526,G6031,G2009,G2080,G2074,G2059,G1911,G2025,G2230,G2033,GE216,G9779,G1964,G6205,G6008,G1947,G3324,G2065,59480,G2007,G6126,G2073,G2078,G1152,G6128,G6018,G3139,G2026,G2089,G1071,G6904,GE239,G6911,G3746,GE201,G1935,G6153,G6099,G3781,G6032,GE203,GE211,G6903,G2079,G6123,G3663,G6213,G2246,G6219,G1982,59485,G6019,G6129,G3129,G6217,G2047,G2030,G1018,G3218,G3108,G1960,G2245,G2051,G3114,G3688,G6200,G1915,G3636,G3681,G1929,G6060,G6049,G2024,G2075,G6212,G3557,G1933,G6057,G6916,G6902,G3125,GE237,G6001,G2067,G3156,G2028,G3680,G6003,G1151,G9508,G3158,G6087,G2063,G9745,G1956,GE230,G1000,G5946,G5940,G6120,G9575,G2002,59289,G6216,GE232,G3550,G1907,G1945,G3734,G5966,G2209,G3136,G3664,G6048,GE228,G9559,G5947,G2004,GE229,G1031,G2244,G2020,G3220,G2029,G2021,G5948,G3145,G1139,G2087,G2042,G6163,G9502,G3583,G2055,G6920,G2239,G3242,G3785,G6915,G2237,G6132,G9710,G3575,G6017,G6201,G6162,G6203,G2027,G3138,G1131,G1047,GE213,G3443,GE214,G6127,G1975,GE231,G1971,G6214,G9525,G3671,G1070,G1030,G6046,G3756,G3155,G2064,G9554,G3768,G2124,G9711,GE205,GE207,G6002,G6000,G6007,G6084,G6050,G3682,G3790,G6089,G1193,G1970,G3330,G1922,GE234,G3733,G1003,G6919,G3190,G1932,G3302,G1097,G1032,GA003,G3568,G2019,G5955,G6085,GE202,G3728,G2068,G5954,G1145,G3448,G3250,G2050,G1294,G6905,G6817,G2035,G5953,G2123,G1079,G6052,G3442,G2039,G2057,GA014,G6923,G2088,G1244,G5956,G1132,G2238,G3704,G1176,G2235,G3444,G9590,GE233,G9788,G1039,G9714,G9527,G3101,G3435,G9500,G3339,G1283,G1143,G9501,G3699,G3529,G6910,GE236,G2252,GA007,G6548,G1909,G2240,G6848,G6044,G3702,G3447,G6918,G1924,G2076,G1918,G1183,G6045,G1983,G3532,G5958,G6917,G1034,G6816,G6092,G9499,G3309,GE227,G3643,G9514,G9526,GA018,G2018,G3531,G1211,G9477,G1931,G1285,GE206,G6047,G3107,GE235,G1944,G3569,G1921,G3449,59486,G3502,GA008,GE204,G1227,G1920,G3686,G1923,G3102,G2038,G3692,G6051,G1170,G3329,GS014,G1088,G2208,G2046,G9586,G9712,G2219,G5969,G2081,G3344,GA015,G9792,G6700,G6010,G2196,G1156,G9498,GS010,G1062,G6042,G1949,G9713,G3515,G1978,G2128,G3345,G9478,G2054,G1204,G2233,G3715,GE217,GE212,G3312,GA009,G6156,G6207,GS011,G1910,GA024,G6041,G2102,GS012,G3450,G2253,G1995,G6908,GS013,G6925,G3454,G1994,G3410,G1223,G3223,G1093,G9489,G9807,G1936,G9835,G3765,G0903,GS009,G6037,G1282,G9709,GA010,G1987,G3238,G6805,G2274,G3314,G0902,GS015,G3227,M9988,G3703,G1197,G3759,G9828,G3451,M0003,G1196,G6009,G6544,G6036,G1153,G5959,G9471,G3316,G2222,G3727,G2010,G9579,G6077,G2241,M0004,G6549,G9793,G9591,G9504,G3635,G5965,GE208,G9505,G9474,G9470,G1243,G3226,G9805,GS007,G9475,G3402,G3528,GA012,GA021,G9506,GS008,G6909,G3650,G9791,G6208,GE209,G3228,GE220,G6806,GA016,G1229,G1981,G2060,G6541,G3249,G3237,G9491,G3503,G3556,G9513,G9476,GA019,G9473,G3221,G6906,G3714,GS006,G3530,GE219,G3225,G3693,G1053,GS005,G3362,G2234,G9472,G6204,G1963,G3722,G9582,G9577,GA013,GE029,G3235,G1037,G3717,G9806,GA011,59490,G3653,G9996,G3241,G2053,G1913,G9834,G1001,GS004,G3764,G3157,G6094,G2129,G2126,G3718,G7057,G3548,G1002,G3617,GS003,G9829,G6723,G9824,GA017,GE016,GA023,G9803,G3231,G3574,G3327,GE218,G3697,GA022,GE003,G2131,G3701,G6804,G9794,G1237,G1189,G1045,G3161,G3546,GA020,G6855,G9726,G3784,G9804,G1948,G3332,G3694,GS002,G1961,GA026,G3998,G6043,G9801,GE015,G6093,G2077,GE030,GE032,GE031,G1164,G1984,G6856,G3152,G1262,G1976,G1942,G2260,G6542,G3311,G9573,GS001,G9708,G2101,G1033,G9799,G2127,G1099,G6907,G2058,G3224,G6015,G2148,G9580,G9775,GE002,GA027,G2256,GE240,G9576,G2201,G3744,G3619,GA028,GE004,GE013,G6035,G3146,GE210,G3555,G2259,G9800,G3162,G2086,G9825,G1943,GE001,G9539,G9798,G6847,G9722,G9802,G2272,G9515,G6148"
113.50,23.00,0.49,0.45,896,"G1019,G3139,G3140,G3114,G9597,G9789,G1919,G6129,G3158,G1018,G6126,G6003,G6075,G3244,G6087,G1031,G9559,G9779,G1054,G9502,G3136,G6128,G9509,G9510,G9525,G5946,G6153,G1907,G6151,G3125,G3115,G6127,G3133,G3130,G5947,G1926,G1947,G5948,G9554,G1003,G9711,G1975,GA003,G3135,G9745,G6019,G1929,G1077,G6008,G5966,G1032,G5949,G1071,G1079,G1030,G6002,G6072,G6152,G9747,G6018,G3250,G3190,G3128,G9838,G9839,G9548,G3302,G9527,GA007,G3242,G3113,G9837,G3141,G9514,GA014,G3448,G5950,G9526,G9714,G9540,G3155,G6000,G9840,G1904,G1945,59481,G3329,G9508,G3220,G3442,G9712,G1015,G3218,G9547,G3330,G1034,G6031,G9586,G9518,G9541,GA006,G1956,G1982,G9713,G3443,G3312,G9532,GA018,G6007,G3129,G3203,G3118,G1915,G9590,G1087,GA008,G9765,G3227,G5951,G1086,G1970,G3131,G9579,G5967,G6084,G6100,G9828,G1996,G3226,G6032,G1062,G1983,G3454,G9591,G9835,G0903,G3238,G3138,G0902,G9544,G1000,G3102,G3309,G9499,GA009,G9513,G1039,GA015,G9575,G3210,GA024,G1097,G3339,G3228,G5969,G6053,G6089,G3101,G3435,G9500,G1931,G9788,G6112,G9489,G3108,G1002,G9501,G1092,G3235,G9717,G9709,G3324,G9545,G6049,G9582,G3120,G3231,G1056,G6017,G3327,G3347,GA010,G9543,G3344,G3132,G1069,G1047,GA038,G3161,G3112,G3332,G3449,G5940,G1989,G1971,G1967,G6071,G3345,G9478,GA012,G3447,G3213,G9746,G9775,GA016,G3444,G9580,G9577,G9533,G9504,GA021,G3145,G6130,G6051,G3311,GA019,G3314,G3162,G9477,G9546,GE203,G3221,G6099,G6097,G3146,G9491,GA011,G3233,G1964,GS010,G3316,G5965,GA013,GA023,G9550,G9505,G9829,G9506,G3137,G6050,G3223,GA022,G1093,G6052,59287,G9710,G3362,G3410,G1924,G6041,G1935,G9517,G1016,GS011,G3134,G3201,G3234,GA020,G9819,GS012,GA017,G9524,GS009,G6132,G3232,G9834,G3241,G3152,GA027,G1978,G1001,G1089,G3450,G1920,G1099,GS014,G6142,G1053,GS007,G3156,G9471,59289,G1936,GA026,GA028,G9498,G3308,G3402,G3117,G3204,G1922,G9470,G6912,G6092,GA004,G1909,G1070,G1049,G1036,G9996,G6010,G2232,G5956,G3110,G9503,G1037,GS008,G6916,G5955,G6088,GS013,GS015,G9475,G5954,G5953,G3107,G6816,GA025,G9474,G9476,G9774,G1966,G9792,G6056,G9523,G2209,G3451,GS006,G2240,G1048,G6045,G1923,G9578,G9824,G6924,G3111,G9473,G2245,G9570,GS004,G3225,G1088,G3322,G2252,G2231,G1072,G6001,G6927,G6054,G9472,G1921,G6077,G6817,G9720,GS005,G1994,G3224,GE207,G6162,G1045,G9805,GE216,G9722,G2266,G9791,G3407,G3157,G1948,G6055,G9772,G1008,G9507,G2219,GS003,G9708,GS002,G6848,G9551,G1023,G1997,G3121,G1055,G1995,G3209,G6044,G9825,GE213,G9528,G9515,G9721,GE238,GE239,G9794,G3230,G9725,G6163,GS001,G3144,G3142,G9799,G1009,G9723,GE224,G9807,G1961,G9801,G9776,G3249,G3237,G9771,G1033,G9793,G9726,GA005,G1963,G9798,G5952,G6926,G6900,G6120,G2242,G6042,G9803,G9841,G9549,G3219,G9585,G2072,G9576,G9539,G2041,GE206,G9795,G0816,G9806,G9724,G6918,G9800,G9770,G9522,G3319,G3207,G6915,G2056,G1918,G2230,G1949,G3236,G6903,G9804,G6148,G3229,G3206,G6923,G9773,GE222,G2243,G9572,G1044,G9797,G9782,G6046,GE221,G6059,G9842,G9802,G3222,GE202,G9780,G9588,G3446,G6123,G6143,G9562,G2274,G2093,G9742,G9777,G9778,G1051,GE201,G3164,G3239,G6913,G1901,G9561,G1973,G1934,G2253,G9587,G9796,G1933,G2281,G2244,G9519,G1981,G2048,G6902,59480,G6901,G1029,G9573,G1911,G1014,G1095,G1022,G1993,G2233,G3202,G2272,G6009,G1094,G6043,G9815,G2040,GE204,G6094,G6036,G6837,GE223,G9520,G2222,G3154,G9784,G9783,G3267,G3205,G2238,G1932,G6048,G3406,G9563,GE205,G2014,G1960,G9706,G9558,G1985,G3328,G1006,GE225,GE211,G6076,G6852,G2260,G6037,G9534,G9583,GE226,G3122,G6015,G6904,G3403,G6047,G2022,G1992,G6855,G3212,G1046,G9560,G2256,G6857,GE215,G3401,G3208,G2259,GE003,G6847,G3310,G9813,G6060,G2090,G6836,G2032,G3335,G9744,G9743,GE234,G6806,GE214,G6805,G2013,G9584,G2236,G3266,G6860,G0817,G9565,G3124,G6014,G6020,G9814,G3405,G1928,G1078,GE004,G9555,G6917,G1952,GE021,GE031,GE030,GE032,GE016,G6035,GE002,G5968,G6858,G3333,G1913,G6209,G6144,G9556,GE237,G2239,G1944,GE217,G9487,G3346,G1052,G6058,G9569,G3300,G3583,G1912,G2201,GE029,G2223,G2234,G6021,G1910,G6057,G9596,GE001,G6834,G1007,G6905,G6909,G1011,G6835,G6202,G2015,G1792,G2099,G9694,G2246,G6156,GE235,G9557,G2092,G1962,G2012,GE015,G2061,G9781,G9704,G6925,GE220,GA001,G2091,G6813,G1793,G6016,G6085,G3781,G5958,G9594,G6093,G9589,G2206,G6804,G2044,G6800,G9826,G3320,GE013,G1010,G6027,G1136,G9817,GE230,GE012,G9844,G9749,G2033,G1017,G6908,GE023,G1091,G3153,GE219,GE236,G3151,G6023,G3532,G9598,G2066,G3785,G3438,GE011,GE014,G6831,G1987,GE022,G3550,GE024,G9695,G6039,G3240,G3318,G2049,G6920,G2006,G6919,G6814,G2247,G3526,G2261,G3756,G6911,G9567,G6026,G6853,G9552,G2204,GE229,G2208,G3663,GE240,G6038,G2221,GE010,G5944,G1740,G2249,G2082,G1090,G9741,G3404,G6807,G9822,G2069,G1747,G6841,G3614,G5945,G6803,G1193,G9697,G9581,G9564,G2096,G6830,GE019,G1040,G5959,GE009,G2001,GE025,G3557,G9512,G3245,G1937,G1176,GE212,G3160,GE218,G9574,GE228,G1984,G3746,G1977,G9536,G1943,GA002,G1131,GE008,G2094,G9816,G3338,G1950,G5387,G9748,G6074,G9848,G9845,G6833,G2034,GE007,GE006,G1152,G3317,G9535,G2248,G3664,G3686,G9595,G2235,G2045,G6810,G1940,G9707,G3568,G9715,G7060,G9568,G3437,G9521,GE005,G2270,G6801,G3529,GE028,G2202,G1925,G3688,G2280,G2011,G3790,G2237,G1939,G6906,G2008,G9823,G3261,G3356,GE020,G1942,G2016,G2023,G5388,G6040,G2226,G2275,G9566,G3211,G9482,GE209,G3263,G2071,G1083,G7066,G6210,GE232,G6024,G6859,G2079,GE208,G3728,G2282,G1143,G6809,G2251,G1972,GE026,G1986,G9488,G6812,G2276,G3413,GE227,G1151,G1028,G6851,G3636,G9818,G3681,G6218,G3321,G1058,G6062,G6061,G6022,G3682,GE231,G7059,G6867,G5392,G3428,G2241,G6931,G3515,G2078,G9763,G2059,GE233,G2267,G1183,G1902,G6216,G2279,G6863,G1941,GE210,G9718,G6844"
113.50,23.25,0.49,0.45,773,"G9578,G3230,G9774,GA004,G0816,59287,G9561,G3164,G3234,G9775,G9572,G1029,G3233,G3332,G3231,G3229,G3327,G1002,G3161,G9580,G9776,G9558,G9528,G9562,G9585,G3162,G1008,G9780,G9513,G3232,G3335,G9783,G9784,G9560,G3401,G9584,G9579,G0817,G3322,G3226,G9555,G3146,G3235,G3227,G3333,G9569,G3311,G9582,G1007,G3328,G3228,G9591,G9841,G3312,G1022,G9828,G3406,G9712,G9556,G9713,G3329,G9814,G9557,G9826,G9586,G3446,G9781,G9514,G9526,G3238,G1036,G0902,G9835,G0903,G9842,G3144,G3454,G1006,G9741,G9581,GA007,GA003,G9577,G1079,G3160,G1052,G9527,GA023,GA027,G3407,G1003,G3151,G9704,G1032,GA022,GA028,G1034,G9829,G3250,G1040,G9525,G1062,G9512,GA024,G9714,GA008,GA009,G9489,GA012,G3152,G1099,GA016,G9711,G3320,GA011,G9695,G9554,GA025,GA020,G3437,G9570,GA018,G9568,GA001,GA014,G9709,G3356,G9694,G1014,GA019,G9816,G6127,GA013,G3190,G9502,GA010,G9724,G9822,G1975,GA021,GA015,G9721,G3448,G3302,G3266,G6002,G9697,G3221,G1031,GA026,GA017,G9817,G9559,G3240,G3442,G9491,G1028,G9563,G9565,G9594,G5969,G1030,G9504,G3102,G3319,G3362,G9773,G3428,G3136,G3158,G9723,G1058,G9834,G9590,G3405,G3241,G9507,G6003,G9763,G3124,G5948,G9720,G1001,G6087,G9506,G3263,G6000,G3261,G3413,G1983,G1907,G3330,G5947,G9823,G9742,G3309,G9499,G5965,G3344,G3155,G3114,G9762,G9505,G9725,G9772,G3314,G5946,G3440,G1023,G9770,G3316,G1011,G1931,G9478,G3345,G1053,G1095,G3438,G5966,G9996,G3242,G1018,G9707,G3246,G9813,G6129,G9782,G1009,G9722,GA002,G9777,G3125,G6007,G1039,G9745,G9744,G9743,G3339,G3346,G1037,G3219,G3449,G3139,G1970,G9564,G3101,G3435,G1051,G9500,G3443,G3300,G9740,G9761,G3355,G9848,G3224,G3223,G1093,G3402,G9788,GS007,G9824,G9771,G3267,G6084,G9501,G3403,G3410,G9515,G6051,G3220,G9470,G1929,G9778,GS010,G9825,G6126,G9471,GS009,GS008,G9476,G1097,G1945,G6041,G3257,GS004,G1024,G3321,GS006,G1045,G9815,GS011,G9482,G9708,G1010,G1948,G9475,GS012,G6153,G6019,G6128,G3414,G3447,G1936,G9715,G6089,GS002,G9795,G9477,G1046,G3450,G9798,G3429,G9473,G9508,G3225,G9474,G9779,G3140,G9844,G3222,G3138,G9472,G1956,G9799,GS001,G1978,G9764,G9587,G3143,G3157,G3444,G1019,G3364,G3258,GS015,GS005,G1044,GS003,G1919,G3367,G1071,G1033,G9588,G3338,G9794,G1947,G3236,G9801,G9539,G1961,G9498,G9589,G3122,GS013,G3451,G3251,GS014,G6018,G9576,G9567,G6008,G6151,G3218,G9583,G9726,G1094,G9800,G9789,G9486,G9566,G6857,G9487,G1920,G9510,G3104,G6010,G3325,G6148,G9791,G9760,G1047,G9597,G1924,G9797,G3418,G6017,G9796,G1915,G9483,G1982,G9805,G6077,G1971,G9739,G3318,G3159,G1059,G9481,G3245,G1000,G9575,G9845,G9596,G9803,G3129,59284,G3404,G3317,G6075,G9792,G1042,G6052,G2249,G9802,G9706,G9734,G1926,G3130,G6092,G1963,G6152,G9553,G3357,G6831,G1934,G3103,G1994,G3107,G9703,G3260,G3237,G3249,G3128,G9571,G9804,G6050,G3154,G1909,G1923,G9846,G1054,G3247,59294,G6072,G1088,G6031,G6816,G3419,G3354,59481,G9806,G3244,G6858,G9480,G6032,G3307,G3145,G6837,G3310,G1973,G9847,G5940,G9488,G9766,G9833,G2247,G6049,G2206,G5956,G9793,G3108,G1995,G6852,G1083,G9595,G6045,G2281,G1921,G2240,G1922,G9710,G1065,G9807,G3304,G1015,G2219,G5953,G9509,G3255,G6859,G6100,G5955,G5954,G9598,G3153,G3363,G5949,G1081,G9485,G2275,G9747,G9716,G3115,G9832,G6132,G2252,G9767,G3135,G5950,G1070,G3269,G3412,G9705,G1993,G6076,GA031,G1792,G3133,G1996,G9536,G2282,G9758,G3141,GA030,G1080,G1904,G2272,G3324,G2250,G3416,G6830,59285,G9548,G6042,G6836,G9573,G1087,G9541,G1077,G3326,GA037,G3351,G6834,G1092,G1060,GA032,G6817,GA036,G1027,GA029,G6848,G2248,G6020,GA035,G6044,G1912,G3347,59289,G1793,G9701,G9733,G1992,GA034,GE203,G9518,G9757,G5387,G9719,G9592,G9838,G6099,G2251,G9839,G6043,G1949,G9547,G3156,GE207,G1043,G3113,G3415,G9769,G2274,G9759,G9840,G6841,G9540,G9837,G3262,G6144,GE206,G1740,G6112,G2209,GA006,G6829,G6021,G1025,G3127,G1981,G1775,G1962,G3123,G6916,G9593,G1964,G1928,G1935,G6860,G6053,G6162,G6094,G5424,G5951,G6071,G6918,G6015,G2260,G9531,G7066,G1918,G9746,G3303,G6853,G1069,G3243,G6027,G6847,G2259,GE213,G9732,G2253,G6014,G3411,G9544,G7060,GA033,G9532,G2256,G9735,G3109,G2261,G3427,G3259,G6835,G5967,G3131,G2268,G3118,G9484,G9765,G6001,G1747,G1061,G9756,G6855,G3203,G5389,G1952,G2276,G1086,G2245,G6923,G6163,G2279,G6130,G6009,G3256,G6023,G3163,G6016,GE021,G9768,G2223,G9755,GE003,G9543,G6036,G2222,G3117,G1026,G6026,G6813,G3352,G3254,GE004,G1989,G3134,G5388,G7063,G2233,G3323,G3353,G6035,G3417,G7059,G3112,GE202,G3210,G1977,G2232,G6097,GE002,G6915,G2280,G3350,G3452,G6046,G6120,G2295,G1064,GE031,GE030,GE032,G9545,G9737,G3268,G6800,G2716,GE022,G9717,G1967,G2201,G6833,G2715,GE001,G6037,G1021,G7067,GE204,G3147,G3120,G5944,GE016,GE023,G1056,G6806,GA038,G3132,GE216,G1073,G5400,G1786,GE239,G6054,G1913,G3248,G1940,G9533,G5392,GE024,G3137,G3213,GE010,G6924,G2293,G2221,G8303,G2216,G1049,G7064,G6805,G3148,G5391,GE029,G9550,G7002,G2292,G6039,G1774,GE011,GE015"
113.50,23.50,0.49,0.45,509,"G3364,G3355,G9740,G9762,G9739,G9761,G3367,G9760,G1028,G3356,G3246,G9481,G3363,G3428,G3418,G3440,G3437,G3354,G3307,G9705,G9568,G3429,G9480,G9763,G3160,G1080,G1058,G9581,G9758,G9757,G9719,G9741,G9734,G3257,G3258,G9759,G9716,G9764,G3326,G9826,59285,G3127,G3303,G3123,G9512,G3357,G3413,G3304,G1007,G9816,G1040,G9735,G9756,G9557,G3333,G9569,G9555,G9781,G3263,G3262,G0817,G3335,G9584,G3353,G3427,G9556,G3261,G1024,G9767,G3401,G3351,G9560,G3414,G9823,G9558,G3151,G3103,G9732,G9766,G9697,G9822,G1021,G3419,G9814,G9769,G9701,G1029,G9695,G9783,G9784,G1027,G9755,G9703,G9737,G9561,G9733,G1064,G9704,G3352,G2785,G9531,G3164,G3328,G3320,G9738,G3406,G1052,GA037,G2732,G9736,G1059,G9707,G9486,G3109,G2710,G3240,G9754,GA001,G3243,G3350,G2709,G9572,G3143,G0816,G3251,G9562,G9832,G9817,G3229,G1022,G9780,G9694,G3230,G9731,G3321,G3426,G2782,G9594,G1006,G3163,GA002,G8356,G9585,59284,G3417,G8353,GA029,GA031,G1060,G3415,G9848,G3423,G9776,G8358,G9482,G9578,G1081,GR076,G9768,G9528,G9774,GA030,G3446,G9827,G2768,G9483,G1008,G3247,G3325,G3266,G9564,G3260,GA036,GA004,G3438,G9841,G9565,G3159,G8367,GR060,G3105,G9553,GR031,G3104,G9715,G9842,G3322,59287,GA035,G3405,G3234,G3248,GA034,G2716,G8361,G2738,G3323,G3124,G1011,G9485,G8311,G1014,GR029,G3233,G3349,G9563,G3232,G1020,G3259,G2754,G9775,GR062,GA032,G3144,G3162,G2715,G1042,G2734,G8362,G9580,G3332,G9833,G1025,G3422,G3416,G9566,G3161,G3231,G3146,G3327,G1065,G1002,G9592,G2705,G9571,G2736,GA033,G3346,G3338,GR077,G3311,G2781,G8303,G3300,G9813,G2704,G3407,G9513,G9847,G1036,G3235,G9846,G9743,G9724,G9744,G1010,G9484,G9582,59294,G2791,G3226,G9729,G9579,G3228,GL701,G9753,G3319,G9773,G9844,GR024,G3227,G9721,G1095,GR025,GR030,G9591,GR001,G3412,G9570,G1085,G9742,G9828,GA027,G3317,GA025,GA028,G9845,G3411,G9567,G3312,G3403,GA023,GA022,G9577,G1099,G9723,G1061,G3152,G9713,G9712,G8355,G3245,G9829,G3267,GR061,G9586,G3255,G3329,GA020,G3238,G9488,G2702,G0902,G9835,G0903,G2786,G9507,G3454,G1073,G9770,G9593,G3269,G9589,GA011,G1750,G9777,G3148,GA026,G9782,G3404,GA016,G9720,G9725,GA013,59087,GA012,G1051,GA017,G2789,G9514,G9526,GA019,G2249,G1083,G9772,G3318,G1046,G1023,G3221,G9489,G9752,GA024,G9815,GA021,G2711,G9709,GA009,G1062,G9491,G8312,G8352,GA007,G1009,G3362,G2250,G3348,G9834,GA010,G6859,G3241,G3219,GA008,G9778,G1001,G1043,G1026,G8357,G9527,G9504,G1079,G1034,G3150,GA003,G9487,GA018,G9722,G9595,G6831,GA015,G8306,G3268,G9714,G2275,G1032,G9730,G9506,G1003,G3250,G9771,G5969,G2787,G8351,GA014,G3122,G9996,G3102,G9596,G1053,G5965,G8300,G9505,G9711,G9525,G9554,G2282,G3224,G6857,G3425,G9515,G3190,G9583,G3316,G3314,G3448,G1037,G9587,G3420,G3302,G1082,G3442,G9825,G6127,G6002,G9824,G3344,G2247,G5551,G3222,G1975,G9478,G8308,G3345,G9590,G9795,G9502,G3309,G1983,G1094,G9499,G1030,G2748,G9708,G3147,G1931,59280,G3402,G3256,G1031,G9588,GS007,G6829,G1045,G1948,G9798,G8360,G9559,G5424,G1044,G1755,GS004,G5543,G2206,G8304,G3223,G1093,G9470,G9476,G3330,G6000,GS002,G2783,GS008,GS006,G3126,G1775,G9799,G9536,GL710,G3236,GS001,G3410,G3136,G3449,G3155,G5948,G9471,G9706,G8301,G9475,G3158,G1039,GR033,GS009,G6858,G9539,G3339,G2251,G1033,G9796"
113.50,23.75,0.49,0.45,280,"G2709,G8356,G8358,GR060,G2785,G8367,GR076,G2710,G2738,G8361,G9738,G2782,G2768,G8353,G9754,G3353,G8362,G2734,G2736,GR024,GR025,G3426,G2732,G1021,G3303,G9756,G8355,G9735,GR001,G9736,59087,G2789,GR061,G9757,G2791,G9759,G9719,G2781,G3127,G3123,G8357,G8352,G3423,G3422,G2786,G2711,G1080,GR077,GR062,G9705,G3427,G3363,G9731,G9758,G9737,G2787,G1064,G2748,G2754,G9753,G3326,GR029,G8351,G3262,G2783,59285,G9827,G3307,G9755,G3354,G9732,G9480,G9716,G9739,G1020,G3352,G9729,G2702,G9760,G9752,GR039,GR031,G3350,G9481,G2788,G3364,G3418,G3304,G3367,G8360,G9769,G3351,G9734,G3349,G9531,G1085,GR030,G3425,G9701,G3109,G3355,G2784,G9740,G9767,G3357,G9730,G2773,G3429,G9761,G3243,G8354,G8535,G2714,G9733,G1027,G8366,G8350,G3258,G3105,G3417,G9762,G8557,G9764,G3163,G2704,G8308,G3246,G2713,GR041,G8311,G3257,G9766,G2735,G3440,GR027,G2737,GA037,G3419,G1028,GR026,GR078,G3428,G3103,G1082,G3365,G9763,G9768,G3356,G1058,G8530,G8315,G3248,G3348,G3437,G9703,G9568,G2780,G2745,G8312,G8306,GF811,GR075,G8365,G9832,G2712,G3160,G3415,G2716,G3413,G3414,G1024,G9581,G8552,GA029,G9741,G1060,G2705,G3263,GR028,G3323,GR040,G8307,G1750,G9702,G1057,G9816,G1059,G9512,G9751,GA031,G1040,G2715,G9486,G3261,G9826,GR036,59280,G9823,G1483,G8303,G8549,G2729,GA030,G8437,G1081,GA036,GR037,G3251,G3106,G1007,GL701,G9557,G3143,G9781,GR074,G3259,G9750,G9569,G9697,GF810,G3333,G9822,GL708,G9555,G3151,G3424,GA035,59284,G0817,G8304,GA034,G9584,G3335,G9556,G9695,G9707,G8302,G8534,G8300,G9530,G8536,G1063,G3247,G3321,G3401,G8341,G3368,G9560,G8301,G3260,G9814,G8327,G9558,G9704,G3320,GA033,G9483,G1025,G2743,G3240,GA032,G1478,G3325,G9485,G3369,G9783,GA001,G9784,G1052,G1029,GR038,GA002,G9482,G9553,G9817,G3328,59088,G9484,G3159,G2701"
113.50,24.00,0.49,0.45,187,"G8557,G2714,G2788,GR039,G2748,G2735,G8350,G2773,GR026,G2783,G8357,G2789,59087,G8352,GR078,G2787,G8365,G8549,G8552,G8355,G2711,G8354,GR024,GR025,GR037,GR061,GR027,GR036,G2712,G2786,G8536,GR001,G8351,GR074,G2780,G8530,G8315,G8341,GR040,G2713,G2736,GR038,G8366,59088,G8546,G2738,G8362,G2734,GR060,GR028,G2791,GR041,G8361,G8367,G8535,G8553,G2729,G8360,G2781,GR076,G8358,G2784,G8356,G8534,GR045,G2768,G2745,GR075,G2737,GR077,G2727,G3422,G2743,G8531,G9753,G2790,G9752,G8353,G2709,GF811,G2782,GR062,G8342,G2702,G2710,GF810,G8567,G2785,G3425,G3426,G9754,G9738,G1483,G2754,G9729,G2732,G8540,G8533,G3423,G8532,G8347,G8348,G8558,G9730,G4558,GR029,G9736,G3365,G3353,G1021,G8308,G8551,G2776,G1020,G8340,G9731,G1057,G2777,G8538,G1085,G9756,GR030,G3303,GR072,G9827,G9735,G1482,G9737,G1478,GR031,G8544,G9750,G4652,G2746,G1064,G9759,G3127,G3123,G8548,GF809,G9757,G9719,G1082,G3427,G8541,G8547,G2744,G8556,GR073,G9702,G2772,G3349,G3368,GF804,G1080,G2728,G8307,GR042,G9755,G9705,G9758,GR034,G3352,G3363,G8568,G3262,G9732,G3350,G8561,G4660,G3326,G2771,G3424,G2775,59285,G3106,G9751,G2704,G3348,G2755,G8306,G4632,G9716,G8312,G3307,G3354,G9867"
113.50,24.25,0.49,0.45,157,"G2727,G8531,G8553,GR038,G8533,59088,G8546,G8340,G8536,G8549,G8348,G8347,G8532,GR072,G8551,G8341,GR037,G2790,G2777,G8548,GR045,G2728,GR074,G2775,G8567,G2744,G8558,G8568,GR036,G8552,G8365,G2735,GR026,G8557,G8547,G8561,G2714,G8350,GR078,G2776,G8342,G8538,G2712,G2773,GR040,G2746,G8569,G8550,G4664,G2729,G4618,GR027,G2788,G2743,G8534,G2780,G9879,GR039,GR028,GR042,G2755,G8539,G8354,G8315,G4630,G4612,G8530,G4614,G2747,G1426,GF100,G9872,G4619,G9871,GR034,G2748,G8544,G2783,G4631,GF605,G1409,G2713,G8537,G2771,G4667,G9878,G4628,G4558,G8540,G4629,G4615,G8545,G1482,G8357,G4632,G8366,G2787,GR041,G2772,GF810,G8352,GF606,G2789,G1493,59087,GF804,G9873,GF104,GR075,GR073,G1492,G9874,G2711,G2745,G8535,G1429,G9867,G8355,G8351,GR061,G1428,GF811,G9877,GR024,G1491,GR025,GF600,G2737,G1483,G2786,G4666,G8565,GR001,G9866,GF004,G2784,G8360,G9869,GF102,G9865,G4660,59082,G4610,GR035,G1460,G4620,G8563,G1466,G8566,G9875,G2736,GF007,GF809,G4616,G4617,G2791,GF803"
113.50,24.50,0.50,0.45,155,"G4664,G4612,GF100,G2775,G4619,G2728,G4667,G4614,G4618,G1409,G8569,G4615,G1429,G8548,GF104,G1426,GR072,G8340,G8568,G4666,G4630,GF102,G4610,G2744,G8561,G1428,GF007,59082,G4628,G9879,G8533,G1491,G2777,G8551,G4617,G1492,G1403,G8347,G8348,G8532,G4616,G9878,G8531,G4411,G4401,G2727,GF101,G8550,GF005,G8547,G4620,G9872,G4403,GF004,G4541,GF006,G4407,G8553,G4412,G4406,G1406,G9877,GF092,G8539,G8558,G2747,G4621,G9871,G1493,G1401,G2790,GF606,G4408,G4535,G4410,G1402,G4631,GR038,G8546,G8545,59088,G4639,G2755,G4611,G4409,G4400,GF704,G1460,GR045,G4415,G8567,G4405,G4665,G2746,G8536,G1466,59081,G4557,G9884,G8538,G4551,GF605,G8537,GR042,GF103,G2776,G8341,G4534,G9876,G9873,G8563,G9875,G8549,G9881,G4547,G4629,G9882,GR037,G1424,G9874,G4550,G4402,G4554,GR034,GF003,GR074,G1404,G4404,GF002,GF700,G4556,G1405,G4613,G9883,G8342,G4538,GR036,G2771,G4431,G4632,GF701,G4636,G8552,G4453,G9864,G4549,G8544,G4661,G8365,G4625,G8542,G9863,G1440,G9865,G4454"
113.50,24.75,0.50,0.45,166,"GF005,G4403,G4411,G4401,GF006,GF007,G1401,G4610,G1406,GF102,G1403,G4412,G4415,G4408,G4406,G4405,G4409,G4617,G4400,G4410,G4666,G4541,G9884,G1429,59082,G4551,G4402,GF003,GF704,G4404,GF101,G9881,G1404,G1402,G4550,G1405,GF104,G4616,G9883,G9882,G4615,G4611,G4667,G4534,GF002,G1409,GF100,G4535,59081,G4619,G4557,G4612,GF103,G1428,G4621,G1491,G1463,GF001,G4664,G4614,GF000,G4553,GF707,G4439,G1425,G4620,G4618,G4554,GF703,G1492,G1426,G1445,G4407,G8569,G4438,G4547,G4552,GF304,G4613,G4665,G4628,G4524,G4549,G4630,GF092,GF702,GF004,G1424,G1442,G1411,G2775,GF312,G4546,G4556,G4517,G9878,G4525,G2728,G4639,G4569,G9879,G4526,G1439,GF202,G1464,G4441,G4442,G4531,G1454,G8568,G4523,GF303,G8548,G4622,GF308,GF099,G9877,G4661,G1455,G9880,GF310,G4608,GF201,57988,G1460,57989,G8561,GR072,G8340,G1462,G4605,G4604,G2744,G4538,G9872,GF305,GF300,G1466,G4529,G9876,G8550,G1437,GF200,G4568,G4625,G1493,G4453,G4544,G4663,G1414,GF606,G1446,G1420,G4540,GF700,G2777,G4431,G8551,G4454,G8533,G1448,G1456,G9875,G8563,G8547,G4444"
113.50,25.00,0.50,0.45,175,"GF000,G1425,G1463,GF001,GF703,G1405,G4404,G4525,GF003,GF202,G1404,G4402,G9883,G4552,G4569,G4439,GF308,G1445,G1411,GF312,GF201,G4517,G4553,G4605,G4550,G1455,G4438,G4568,GF303,G1454,G4405,G4415,57988,G9881,G4608,G9884,G1442,G4604,G1446,G4529,G4551,GF002,G1448,G4409,G4546,G4663,G4400,G1401,GF200,G1461,GF707,G4607,G9882,G4526,G1406,G1439,G1474,G4408,G1456,G4441,G4442,G4410,G1449,G4602,G4412,GF300,G1465,G4406,G4403,G4422,GF704,G1459,G1437,GF304,57989,G4534,GF006,G4524,GF005,GF203,G4603,G4444,G4411,G1402,G4401,G1452,G4562,G4541,GF095,GF103,G4611,59081,G9880,GF702,G4523,G4519,G4557,G1420,G1403,G4609,G1418,G1417,GF007,G4530,G4610,G4535,G4617,G4516,GF102,GF310,G1414,G1462,G4647,GF099,GF101,G1415,G4560,GF204,G4549,G4554,G4548,59082,G4621,G4666,G1464,G1412,G4531,G4613,GF305,G4616,GF205,G4536,GF309,G1410,G1429,GF098,G4522,G4563,GF093,G4521,GF307,G4520,G4547,G4510,GF206,G4544,GF104,GF301,G1413,GF302,G1424,G1428,G1491,G4615,G4561,G4622,G4667,G4504,G4665,G4414,G4518,G4567,G4556,G1458,GF506,G1409,G4543,G4413,G1496,G4601,G4620,G4542,GF100,G4619,G4407"
113.50,25.25,0.50,0.45,135,"G4603,G1474,G1459,G1461,G4607,G1449,G1418,G4647,G1465,G1448,G1452,G4568,GF203,G4605,G1417,G4422,G4609,GF308,GF201,G4560,G1446,GF205,G4602,G1456,GF202,GF206,G4663,G1455,G4529,G4525,G4604,GF200,G4569,57988,GF093,G4608,GF204,G4519,GF303,G4562,G1454,G4521,G4561,G4517,GF095,GF312,G4444,G1411,G1425,GF300,GF703,GF000,GF307,G4552,G1437,G4530,G4516,G1445,G1472,G1412,G4439,G1442,57989,G1471,G4441,G4526,G4442,GF001,G4546,G1463,GF212,G1439,GF210,G4438,G4520,G4565,G4553,G1413,GF302,G4606,G1405,G1420,G4600,G4648,G4518,G4404,G9883,GF211,GF003,G1404,G4522,G4413,G4402,GF301,G1415,G4548,GF707,G4563,G1453,G4550,G9880,GF098,G1410,G4536,GF096,G4601,G1458,GF309,G1419,GF304,G1414,G4523,G1470,GF311,G4524,GF097,G9881,GF002,GF207,G4414,G4405,G1462,G9884,G4415,G9882,G4551,GF306,GF310,G4409,G4443,G4400,G1496,G4424,GF099,G4567"
113.50,25.50,0.50,0.45,67,"GF206,G4647,GF205,GF212,G1418,G4560,G1471,G1417,G4561,GF093,G4603,G4609,G1452,G1459,G4521,G1474,G1449,GF203,G1465,GF211,G4607,G1472,G1461,G4600,G4606,G4422,GF210,GF204,G4565,G1448,G4568,G4602,GF307,G4519,G1446,G4605,G1456,G4648,GF201,GF308,G4663,GF311,G4562,G4529,GF095,G4604,GF200,GF202,G1455,G1453,57988,G4444,G1412,G4608,G4520,G4525,GF302,G4424,G4530,G4516,G1419,GF207,G4569,G1413,GF303,G4518,G1454"
113.75,22.00,0.49,0.45,87,"G1292,G1280,G3970,G3981,G3971,G3972,G1276,G3973,G3974,G1226,G1224,G1217,G3975,G3977,G3978,G3976,G3979,G1277,G3994,G1209,G3992,G1221,G3996,G1230,G3995,G1212,G1215,G3997,G1228,59488,G1236,G1272,G1232,G3991,G1205,G1295,G1233,G4005,G1271,G3980,G1270,G1222,G3998,G1238,G1218,G1299,G1229,G1206,G1240,G2037,G1243,G2003,G1220,G2085,G1282,G1210,G1256,G1237,G1273,G2086,G1252,G1298,G1191,G1204,G1297,G1223,G1227,G2053,G1211,G2084,59490,G1285,G2083,G3987,G3990,G1294,G1293,G1244,G1258,G3960,G2036,G1283,G2077,G1289,G2038,G1286,59682"
113.75,22.25,0.49,0.45,261,"G3977,G3978,G3979,G3976,G1277,G3975,G3974,G3973,G3972,G3971,G3981,G3970,G1209,G1228,G3992,G1229,G3998,G1236,G3997,G1191,G1276,G1215,59490,59488,G4005,G1243,G1211,G1282,G1227,G1233,G1270,G1212,G3996,G1294,G1271,G1272,G1204,G3995,G1221,G3991,G1285,G1223,G1179,G1226,G1244,G1280,G3994,G1237,G1230,G3521,G1283,G1189,G2053,G3585,G2086,G2003,G1292,G3619,G1217,G1142,G2038,G3556,G2085,G2073,G1195,G3540,G6200,G2028,G3618,G2042,G2089,G2050,G2083,G2074,G1224,G1232,G3697,G3717,G3704,G3980,G6219,G1295,G3650,G2081,G3715,G1238,G3641,G2037,G3647,G1206,G2051,G3714,G2077,G3718,G1153,G1196,G1197,M9988,G3555,G2010,G2027,G2052,M0003,G3643,M0004,G2084,G2005,G1240,G3675,G3759,G3546,G3738,G2036,G9718,G2043,G3530,G2068,G6204,G9818,G1145,G2054,G3784,G3720,G1252,G3561,G1186,G3211,G1139,G2035,G3699,G6210,G3694,G3765,G9521,G6208,G1220,G3713,G1256,G2026,G3645,G3757,G1299,G3752,G3734,59493,G3501,G3768,G3987,G9535,G3776,G2031,G3953,G1187,G3680,G9574,G2004,G9748,G3960,G3692,G2045,G3648,G1210,G3634,G6203,G3575,G2023,G3669,G1218,G1130,G2017,G3740,G3548,G1298,G6213,G1259,G3580,G2070,G2080,G1090,G9552,G3519,G2058,G3658,G3565,G1258,G6218,G2071,G3671,G1205,G1017,G3778,G3773,G2076,G3504,G2025,G3562,G6214,G3681,G1091,G3636,G3684,G2030,G1135,G9749,G2049,G3547,G1222,G1297,G1289,G2029,59485,G2008,G6211,59487,G3503,G3766,G3502,59486,G3989,G3775,G2065,G1152,G1261,G2066,G3617,G3797,G1250,G1151,G3733,G3691,G2009,G3703,G3747,G3576,G1178,G3952,G3614,G3779,G3774,G2018,G3761,G3793,G3702,G1129,G1149,G3688,G2024,G3522,G3956,G2006,G3579,G3950,G1273,G3523,G3746,G1078,G6201,G1175,G3581,G3961,G2062"
113.75,22.50,0.49,0.45,491,"G6219,G3704,59490,G3643,G3556,G3715,G1189,G2073,G1191,G1139,G1145,G9818,M9988,G1197,G1196,G1153,G3650,M0003,G3619,G3521,G9718,G3717,M0004,G1294,G3734,G3759,G3714,G3680,G9535,G1179,G3697,G3699,G9748,G3768,G3718,G9521,G3618,G3211,G1142,G3575,G1211,G3585,G3530,G2074,G3765,G3546,G3555,G9574,G3681,G3540,G3636,G3692,G3647,G2052,G1227,G3671,G3784,G3738,G1091,G1195,G9749,G6210,G1152,G3641,G3694,G3675,G3614,G1151,G2089,G1017,G3720,G9552,G3688,G1229,G2043,G3733,G3746,G1090,G3548,G1187,G3502,59486,G6200,G3526,G1282,G3561,G2005,G2045,G1243,G3702,G1285,G1136,G3757,G1244,G3503,G3208,G3978,G3703,G3977,G3212,G3979,G1277,G1186,G3976,G2028,G1204,G9534,G3975,G2023,G3565,G2049,G3504,G1132,G3617,G3998,G3648,G3663,G9520,G3766,G2051,G3557,59493,G3501,G5968,G1283,G3664,G1078,G3682,G2066,G9519,G1223,G2042,G3740,G3974,G3752,G3684,G3634,G3531,G3202,G3635,G6058,G1178,G2071,G3781,G3645,G4005,G1236,G1985,G3669,G3713,G6218,G3653,G3562,G3205,G1228,G1901,G3658,G6143,GB060,G3728,G2008,G3973,G3790,G2006,G3239,G3776,G1270,G1183,G1130,G2050,G1156,G2027,G1131,G2038,G9549,59488,G3547,G3519,G3574,G3997,G1233,G3778,G3553,G3569,G2026,G9522,G3727,G3580,G1135,G3691,G3550,G1143,G1155,G5952,G3568,G2091,G3773,G3551,G3698,G1215,G1209,G1170,G1237,G3121,G2080,G1271,G3972,G3992,G6057,G3761,G3971,G3797,G1072,G1997,G2053,G6211,G3207,G3693,G1175,G3620,G3529,G6059,G2048,G3775,G2081,G3744,G3576,G3785,G9551,G3774,G1911,G3981,G1193,G2094,G1190,G1272,G2099,GA005,G3528,G6213,G2025,G3756,G2068,G3970,G1188,G1966,G3579,G9503,G3779,G3572,G3515,G3747,G2092,G3751,G3783,G1184,G1149,G6088,G6055,G3206,G3991,G2086,G6060,G1048,G3764,G6056,G2004,G3522,G1176,G3793,G3523,G3527,G1960,G3308,G6142,G2035,G3701,G2096,G2009,G3696,G1180,G1212,G3739,G1129,G1276,G2010,G3581,G1055,G3201,G2062,G2065,G3543,G3513,G1121,G3996,G2030,G6203,G3583,59485,G3630,G9550,G3686,G3789,G3631,G2003,G2054,G3722,G3721,G1089,G3750,G1120,G2016,G3577,G3995,G3510,G9533,G2077,G2083,G3506,G3798,G2022,G9819,G2093,G1221,G6085,G1166,G6123,G1967,G1164,G2029,G3204,G3209,G6054,G6214,G1146,G6204,G2024,G2007,G6048,GB031,G6097,G2085,G3534,G3573,G1933,GA038,G3213,G9717,G1989,G1906,G3532,G3791,G3524,G2044,G6208,G3507,G1161,G3120,G3732,G2041,G2032,G2076,G3558,G6006,G5958,G3210,G1056,G6130,G3142,G1173,G2036,G6201,G3559,G5967,G3518,G1148,G2087,G2084,G1976,G1230,G3994,G3743,G1144,G3552,G9765,G1226,G3799,G6013,G5951,G2072,G3118,G5959,G9546,G2018,G6110,G9532,G2002,G6053,G2090,G6071,G2015,G2067,G6033,G6103,G3659,G1932,G3132,G6217,G1174,G6215,G6112,G2088,G5962,G3110,G2037,G6120,G3758,G9840,G1944,G1182,G3203,G2058,G1280,G9540,G5960,G2063,G1987,G1990,G1964,G2017,G6154,G3737,G1206,G2061,G1016,G9839,G9524,G1917,G6096,G1935,G3514,G2034,G6156,G6207,G3560,G6001,G3980,G2075,G1968,G1998,G1238,G1942,G2019,G3726,G9838,G1904,G2070,G9837,G6046,G2014,G9517,G6107,G3535,G3111,G1217,G1910,G6104,G2031,G6163,G6105,G6047,G6099,G1232,G6029,G1240,G6205,G1295,G1953,G6062,G5950,G3517,G2082,G1996,G2011,G1086,G3649,G9545,G2060,G3578,G6012,G2056"
113.75,22.75,0.49,0.45,726,"G5968,G1985,G6058,G1136,G3781,G1901,G3526,G3663,G6143,G6059,G1911,G3746,G3614,G3557,G6057,G1152,G5952,G3688,G3550,G3664,G1997,G6055,G6060,G9520,G1960,G1151,G1131,G3636,G3681,G3785,G9534,G3212,G6056,G3208,G9519,G3790,G9749,G3682,G1966,G3756,G6123,G3583,G6088,G1193,G3568,G3728,G6054,G1091,G6142,G1933,G6048,G1143,G3680,G3733,G3529,G1183,G1132,G1176,G3671,G9748,G1072,G6097,G9503,G3575,G3734,G9549,G6085,G3569,G3531,G9535,G3702,G6130,G1170,G1989,G1156,G3686,G1139,G3768,G3515,G1967,G3532,G3202,G3121,59486,G3502,G3201,G9550,G5958,G6071,G1017,G6120,G3727,G6053,G1932,G9522,G9533,G3308,G6112,G1964,G3528,G1145,G3699,G3635,G9574,G1935,G6001,G3692,G3703,G3239,G9521,G9818,G3693,G1944,G1048,G5951,G6046,G3722,G9551,G5967,G9717,G3764,G6163,G6099,G9552,G5959,G6219,G3653,G3701,G3574,G1078,G3211,G3503,G1987,GA038,G6156,G6047,G1996,G3205,G3643,G3765,G1164,G3120,G9765,G9718,G1910,G3210,G3744,G1904,G3704,G3207,GA005,G6162,G1089,G3617,G1090,59289,G9840,G9532,G3213,G5950,G6100,G3118,G1976,G3548,G9819,G9540,G3759,G3715,G3783,M0003,G1056,M9988,G1197,G9839,G1196,G2049,G1942,M0004,G5949,G3530,G1055,G1153,G6210,G6031,G6032,G1918,G3766,G6049,G3204,G6072,G3551,G3206,G6132,G6006,G3504,G3694,G6037,G5940,G9838,G1984,G6062,G3650,G3784,G1906,G3714,G2066,G2048,G6152,G2045,G6033,G1190,G3203,G3546,G1187,G6044,G3718,G1926,G9837,G3750,G3565,G3115,G1968,G3717,G1943,GB060,GB031,G1155,G5955,G1922,G1982,G6036,G5954,G6009,G1915,G1178,G5953,G3556,G3697,G6034,G2073,G1913,G3720,G3738,G3543,G3555,G1949,G6093,G6050,G6008,G6018,G6061,G3132,G3209,G5956,G6151,G6075,G3513,G6045,G6017,G2023,G3684,G1947,G9509,G9546,G3757,G6042,G1971,G3620,G2006,G2052,G5945,G3572,G1921,G2091,G1909,G3618,G1916,G6052,G3133,G3553,G3648,G2074,G1956,G1189,G3675,G3647,G1981,G6013,G2043,G3619,G1086,G3561,G2093,G3113,G6019,G6092,G1077,G6024,G6153,G6128,G1923,G1919,G9597,G3244,G6094,G1924,G6038,G3142,G6035,G1180,G2099,G1995,G1937,G2041,G6039,G1945,G6102,G3510,G3641,G1902,G3740,G2071,G1929,G3521,G3732,G6089,G3791,G1142,G1950,G3698,G1186,G3110,G9545,G2092,G3540,G1016,G1920,G6015,G3562,59493,G6126,G1994,G1990,G3696,G6040,G2008,G3501,G9524,G3634,G1986,G3585,G6010,G6043,G6028,G6218,G3751,GS014,G2022,G1955,G1195,G1952,G6084,G6110,G3131,G9517,G2072,G2005,G2089,G1953,G3135,G1970,G6014,G1179,G3691,G6077,GS013,G6007,G1978,G3752,G5966,G6012,G1972,G3658,G3547,G1019,59490,G3669,G6103,G2094,GA006,G1963,GS015,G3507,G1054,G6129,G6074,G5946,G1188,G1148,G1175,G3111,G6051,G6098,G3739,GS012,G6091,GS010,GS011,G1936,G5947,G1925,G1993,G6041,G1907,G1294,G6096,G9789,G1135,G2096,G6154,G6000,G2032,G1992,G3573,G3778,G1928,G3761,G9548,G9547,G6030,G6016,GS009,G5948,G3137,G3645,G3140,G6200,G5962,G3506,G3519,G1184,G1931,G3112,GS005,G5944,G6087,G1917,G1983,G1191,G6080,G1973,G3713,G1130,G3797,G9747,G6104,G6090,GS008,G3773,G9518,G5964,GS003,G1979,G6003,G3139,GS006,G6912,G6011,G6144,G2044,GS007,G6107,G3559,G6076,G3774,G1961,G3141,G9544,G3579,G1905,G6023,G1939,G3576,G3580,G6002,G1161,GS004,G1951,G6021,G2090,G2056,G1211,G1965,G6211,G1975,G3527,G2028,G3775,G3776,G9543,G3630,G2051,G6148,G6063,G1166,GS001,GS002,G6020,G3158,G1934,G5969,G6078,G6026,G1948,G6029,G6079,G6027,G5965,G6127,G6131,GA014,G9559,G6064,G2016,G1962,G3779,G6022,G1149,G1980,GA015,G3114,G3130,G6073,G9541,G3743,GA018,G2243,G6082,G3747,G2015,G1940,G1912,G3523,G9711,G6105,G3522,G6095,G1121,G1227,G9510,G1031,G2014,G3798,G2231,G3250,G2080,G3721,G6106,GA008,G1998,GA010,G6081,G2026,G2062,G3581,G3154,G6113,G9779,G5961,G3558,G5960,G1062,G1977,GA009,G3793,G3789,G1049,G1018,GA024,G5957,G6117,G6005,GA021,G2266,G3577,G1974,G2025,G2042,G9523,GE224,G1244,G3128,G3518,G1087,G6025,G6067,GA007,G1129,G1120,G2061,G6065,G1015,GA019,G3631,G1079,G1747,G1793,GA012,G1914,G1930,G3534,GA016,G6101,GA013,G2009,G3737,G1285,GA017,G1069,G6086,G2040,G9502,G6083,G1954,G9525,GA011,G3758,G5963,GA026,G1908,G6209,G1792,G1941,G6213,G1144,59481,G9514,G2065,G1957,G6913,G3649,G1282,G6115,G1023,GA020,G3136,G6155,G1071,G6927,G1283,GA003,G1229,G3524,G5390,G1146,G3152,GA022,G3560,G9746,GA023,G1204,G2027,G1988,G1243,G5392,G3125,G2242,G1991,G3685,G1173,G1946,G3661,G1740,G9586,G1182,G3552,G2013,G3509,G3678,G3134,59485,G1959,GA028,G2082,G2034,GA027,G1003,G6068,G2030,G3329,GA025,G2007,G6924,G1174,G1927,G9745,G3621,G9583,G9554,G2050,G9591,G5388,GE222,G6066,G3799,G3122,G1092,G3347,G6926,G1032,G6215,G1223,G2004,G5340,G3659,G3218,G2011,G2232,G3324,G3153,G6069,G3129,G6114,G3554,G1030,G1185"
113.75,23.00,0.49,0.45,746,"G5955,G5954,G1922,G5953,G6132,G5956,G6045,G6044,G6050,59289,G1909,G1921,G6162,G6052,G5940,G6092,G6042,G1923,G1971,G1918,G1949,G6049,G1924,G6017,G1995,G6163,G1920,G1994,G6001,G6099,G6010,GS014,G1935,G6032,G6077,G6046,GS013,G1981,G6089,G1978,G1915,G6009,G1964,G6120,G6036,GS015,G1963,G1982,G6094,GS012,G1936,G6100,GS011,G1956,G6043,G6041,GS010,G6037,G6051,GS009,GS005,G6084,G6031,G1996,G6015,G1945,GS003,G1993,GS008,G1970,GS006,G1973,G6047,G1961,G6071,GS007,G6007,GS004,G6018,G1913,G1932,G6035,GS001,GS002,G6148,G6112,G1992,G1952,G6014,G1931,G1948,G6008,G1934,G6152,G6019,G6076,G1983,G1928,G6054,G1947,G1929,G1933,G5965,G6053,G6130,G6072,G6093,G6123,G1910,G6151,G1944,G6000,G6144,G6153,G1926,G6020,G3154,G5966,G5969,G5950,G6156,G6016,G6048,G6128,G1904,G6021,G6039,GA015,G1912,GA010,G1962,GA021,G6038,G6097,G5947,G6023,G6027,G5948,G5945,GA017,GA019,G5946,G1987,G1023,G1907,GA013,G5944,GA026,GA018,GA009,G1937,GA024,GA012,GA016,G1062,G5958,G6026,GA008,G6126,G5949,GA011,G1989,G1960,G1793,G6002,GA014,G1950,GA020,G1792,G1943,G1984,G6074,G3152,G6085,G6055,G1919,G6060,GA022,G3583,G9583,G1911,G5951,G6075,G1975,G3532,GA023,G6059,GA028,GA025,G3122,G1747,G6129,GA027,G1977,G1925,G6087,G5959,G3250,G6040,G6127,G1939,G1940,G6056,G6024,G1972,G1740,G9711,G9840,G6003,G1986,G5967,GA007,G3319,G1967,G9597,G1942,G3153,G6142,G3115,G6057,G9598,G1997,G3267,G6022,G6061,G9596,G1902,G6088,G9559,G9839,G9540,G1966,G1079,G3785,G6062,G3756,G6064,G3158,G9514,G5388,G1176,G9591,G1031,G9765,G5952,G9532,G1941,G5392,G6025,G1193,G9838,G3686,G9586,G9509,G3550,G5387,G3118,G1901,G1985,G1019,G3144,G1965,G3139,G6143,G3244,G3329,G3146,G1916,G9536,G6102,G9533,G9503,G9550,G9717,G5390,G3781,G1976,G6058,G3114,G9744,G6073,G9743,GA003,G9837,G9525,G3318,G3210,G6034,G3529,G3201,G3140,G3226,G6063,G3162,G3133,G1131,G5391,G1968,G3568,G5968,G1908,G9502,G3322,G1072,GA038,G3120,G3300,G9789,G9513,G3515,G1980,G9712,G9579,G1077,G3790,G5389,G1143,G3203,G1018,G1003,G9595,G3233,G3308,G3227,G3722,G3663,G3557,G6065,G3124,G3234,G3332,G3728,G5406,G3245,G3213,G1054,G1170,G6033,G1988,G1056,G1786,G3113,G1164,G3664,G1002,G3136,G3231,G1136,G9554,G1032,G1183,G3569,G6098,G1957,G9549,G3135,G1951,G9520,G9776,G3312,G3266,G9526,G3526,G3121,G5400,G9585,G3528,G3317,G9519,G9713,G1083,G1775,G3682,G6067,G9779,G1048,G1089,G6006,G6086,G9775,GA004,G3764,G9527,G3327,G3746,G1156,G5957,G3701,G1086,G9819,G9510,G9534,G5398,G9774,G3338,G1774,G3125,G3190,G3212,G6030,G1022,G3614,G3161,G3208,G3688,G3130,G1030,G5424,G6113,G3693,G9828,G3132,G3727,G9551,G3229,G1955,G5437,G9747,G9548,G9562,G9714,G9745,G9522,59287,G3531,G3302,G1914,G1946,G1152,G3204,G1906,GA006,G6066,G1034,G3448,G3131,G9594,G1132,G1151,G1773,G3235,G6011,G9547,G6115,G1927,G3141,G3228,G1071,G9580,G3230,G0816,G1784,G1979,G9546,G3202,G3269,G3128,G9518,G3442,G3242,G9545,GA005,G3328,G9582,59294,G3636,G3681,G5404,GA001,G3744,G9578,G6028,G3239,G6080,G3238,G3454,G9835,G9749,G3155,G0903,G6117,G0902,G3733,G3207,G1055,G1779,G3330,G9541,G5393,GB031,G1091,G5438,G9784,G9783,G3702,GA002,G6095,G3783,G3320,G1015,G9704,G5326,G3574,G3635,59481,G3220,G6068,G9590,G3311,G9508,G5357,G9544,G6013,G9561,G3443,G3671,G6091,G3218,G3750,G3653,G1930,G1016,G1087,G3232,G5340,G1991,G5412,G3112,G9489,59486,G3502,G9524,G3206,G1953,G3102,G9517,G5964,G3209,G3205,G1990,G9560,G3110,G3680,G6012,G3129,G3575,G9709,G9556,G9543,G9748,G9558,G5361,G3151,G3309,G9499,G9577,G5425,G3703,G3137,G6114,G1780,G3734,G1017,G3321,G1039,G9535,G1065,G1078,G3339,G2048,G6131,G3138,G5439,G1190,G3435,G3101,G3768,G9500,G3551,G1097,G5413,G3142,G9584,G9553,G3344,G6005,G1008,G1069,G9788,G1029,G1000,G3543,G0817,G9572,G6090,G9593,G9528,G3164,G9829,G9575,G5397,G6069,G9501,G9504,G9557,G1741,G6079,G1139,G3111,G1092,G6912,G5359,G2041,G3221,G3503,G9478,G1036,G3345,G3347,G3108,G3513,G3324,G3449,G5360,G6082,G9491,G5327,G6110,G3617,G9746,G9574,G3692,G1720,G2093,G9552,G9555,G3147,G3333,G3261,G6078,G3732,G3314,G5963,G1099,G1007,G2072,G1047,G3362,G3699,G9506,G3447,G3791,G9505,G3316,G3143,G3335,G9512,G9521,G5341,G6096,G1974,G9780,G6070,G1905,G5358,G1049,G1155,G1145,G3444,G9834,G3247,G1090,G3241,G1958,G6103,G9841,G9826,G1001,G1705,G9477,G6154,G9818,G3134,G3223,G1093,G3572,G2049,G2231,G9523,G3145,GE203,G3766,G9570,G3410,G3510,G3548,G1053,GB060,G3211,G3620,G6104,G3407,G3765,G3401,G6081,G1917,G3268,G2066,G9741,G9996,G2266,G9592,G3402,G3504,G1061,GA032,G9569,G6107,G3117,G9471,G9470,G9710,G1180,G2056,G1037,G3450,G3446,G2232,G6927,G5962,G1148,G9718,G6924,G2022,G1178,GE224,G9498,G6083,G9720,G6219,G3643,G9721,G9842,G2091,G5386,G9475"
113.75,23.25,0.49,0.45,631,"G9744,G9743,G3300,G3267,G3124,G3319,G3318,G3266,G3245,G3338,G3122,G9596,G3317,G9583,G1023,G3144,G9594,G9595,G1083,GA025,GA002,59294,G9598,GA001,G3153,G9536,GA028,GA026,G3152,GA027,GA017,GA020,G1948,G3269,GS001,GS002,G3154,G1022,G3320,GA022,G6148,GS004,G9704,GA013,GA023,GA011,G3321,G1961,G1934,G5387,G3322,G1792,GS003,GA019,GS006,GA021,GS007,G5965,GS008,GA016,G1775,GS005,G9553,G9585,G1065,GA012,G3328,G9776,G5424,G9562,G1973,GS009,G1793,GA010,G3151,G1740,G1936,G6041,GS015,GS011,GS012,G3146,G6076,G3229,G3143,G1963,G1912,GS010,G5389,G6020,G5969,G6077,G6051,GA024,GS013,G3247,GA009,G1978,G3261,GA015,G9784,G9783,G9593,G1993,G1931,G1062,G3162,G9556,GS014,G6010,G1962,G1983,G6021,G1994,G6144,G1992,G3234,G1920,GA008,G1747,G5388,GA018,G6027,G9560,G0816,GA032,G3233,G9591,G9592,G9512,G1995,G1928,G1924,G1923,G9557,G5400,G6092,G1786,G9774,G1970,G6043,G9558,GA004,G6084,G6089,G3230,G6007,G1061,G6023,G9561,G6026,G1977,G1909,G6052,GA014,G3147,G6000,G1921,G9584,GA035,G6014,G1774,G3332,G6016,GA034,G0817,G3226,G6045,GA030,G6015,G3268,G5956,G6042,G9513,G9586,G5392,G5391,GA007,G1971,GA036,G6094,GA031,G6002,G6050,G1952,G1007,G3250,G1981,G9514,G6017,G3333,G3231,GA033,G9555,G5953,G9741,G1002,G3329,G9826,G1945,G5954,G1949,G5955,G1922,G1940,G5944,G1975,G9763,G9579,G5948,G5966,G1060,G3103,G1079,G1956,G9775,G5360,G9711,GA029,G5947,G1941,G9578,G6044,59287,G6127,G5398,G6035,G1907,G3428,G3227,G1029,G9764,G3335,G6132,G5946,G3327,G1929,G5940,G1915,G6009,G9712,G1939,G5390,G6036,G3161,G6019,G6025,G5404,G3164,G1982,G6049,G1918,G5357,G6087,G6022,G9581,GA037,GA003,G6074,G9559,G3356,G3429,G3148,G6153,G6039,G6003,G9569,G6018,G5425,G9572,G6032,G3357,G3160,G3312,59289,G9580,G5543,G5413,G3150,G1913,G1031,G6128,G1925,G5406,G6162,G6064,G6008,G1947,G6129,G9525,G3401,G6037,G9713,G5358,G9761,G3323,G9762,G3158,G5550,G1773,G6038,G3235,G6126,G9734,G6151,G1908,G6093,G6031,G9828,G9526,G1003,G9733,G1937,G5386,G6163,G1950,G3228,G3232,G6100,G9502,G6099,G6152,G9582,G9528,G3355,G9780,G1008,G3437,G1032,G1028,G1972,G6001,G5361,G3351,G9781,G6046,G3304,G1779,G5945,G1935,G1926,G5359,G3311,G9554,G9568,G3367,G3243,G6040,G9481,G9527,G1996,G6072,G1965,G3163,G3114,G5412,G6073,G1919,G1988,GL701,G1964,G6047,G9814,G1986,G5551,G6120,G9531,G9760,G3139,G3238,G5437,G3248,G3406,G9835,G0903,G3454,G0902,G3136,G9714,G5432,G1780,G9716,G1034,G9480,G3190,G1705,G1784,G6063,G9841,G6075,G5431,G9740,G1910,G3307,G6024,G5397,G3364,G1018,G6065,G5950,G1957,G1040,G6071,G1943,G6112,G1932,G5403,59285,G3302,G9597,G1904,G1030,G1980,G1902,G3448,G3446,G6156,G1058,G1019,G1944,G9577,G9816,G1984,G1036,G3326,G5949,G3440,G6053,G5435,G3246,G3442,G9732,G3140,G9489,G1006,G1052,G9842,G1987,G9709,G3350,G6130,G3105,G3125,G9829,G9755,G9695,G6061,G5438,G1755,G6086,G1741,G9745,G1933,G6054,G5436,G9590,G5564,G6067,G3155,G9822,G3330,G3102,G3407,G6066,G1099,G9789,G5429,G9697,G3413,G3115,G9739,G5385,G3242,G6123,G5393,G6102,G5384,G6048,G3244,G3221,G1946,G9779,G9570,G3427,G3263,G9694,G9504,G5958,G9491,G9509,G5951,G1942,G1080,G6097,G1927,G5957,G3309,G9499,G5959,GL706,GL710,G1916,G1951,G3127,G3240,G1064,G9840,G6062,G5439,G9817,G3363,G5383,G1989,G9823,G3362,G1014,G9839,G1750,G9721,G3344,G3443,G9724,GL251,G5326,G9540,G9834,G3257,G9759,G3220,G3241,G3532,G9510,G9506,G1054,G5430,G1001,G1039,G6115,G9838,G9478,G9565,G3345,G3314,G6085,G1914,G5967,G3418,G9505,G3339,G3133,G9563,G1071,G3316,G6113,GL257,G9723,G9507,G1960,G3435,G3101,G9500,G9720,G6098,G9773,G3258,G9705,G3583,G9508,G9735,G9788,G3449,G3130,G6034,G3354,G3405,G1053,G9532,G9501,G3349,G9757,G9707,G9765,G9837,G6060,G1720,G9772,G9996,G1077,G6055,G1097,G1967,G5394,G9725,G5405,G3118,G3135,G9742,G1911,G3303,G1024,G9719,G3218,G9770,GL255,G3223,G6056,G1093,G9827,G6059,G1037,G1968,G9731,G3138,G3414,G1011,G9722,G9758,G3438,G3128,G6068,G3410,G3402,G1009,G6142,G5552,G1095,G5340,G1976,G5433,G3447,G9782"
113.75,23.50,0.49,0.45,409,"GA029,G1060,GA037,GA031,G3103,GA030,GA036,G9733,GA035,GA034,G3243,G3163,G3323,G3247,G3143,G3351,G9531,G3357,G3248,GA032,GA033,G9764,G3304,G9592,G9553,G9734,G3321,GL701,G3105,G3350,G3261,G9732,G3429,G1065,G9755,G9716,59285,G3148,GA002,G1061,G3326,G9481,G9480,G9763,G1064,G3307,G3150,G3427,G9593,G9512,G3320,59294,G3367,G3151,G3349,G9760,G3428,G9761,G9594,GA001,G1750,G9704,G3268,G9827,G3338,G5551,G9731,G3127,G3269,G9762,G3355,G5543,G3266,G1755,G3317,G9741,G9759,G3364,G9556,G1080,G1020,G9557,G3124,G9735,GL710,G3147,G3423,G3356,G5564,G3328,G3245,G1083,G3300,G2732,G3348,G1022,G9826,G3363,G3303,G9560,G1085,G9784,G9783,G9743,G1007,G9744,G9581,G9584,G0817,G9757,G9740,G3160,G9595,G3333,G1028,G9739,G3318,G9558,G5424,G9555,G5550,G9562,GL708,G9729,GL709,G9719,G9705,G3437,G1775,G3229,G2782,GL706,G5552,G9585,G2710,G3267,G9568,G5360,G9776,G9561,G3335,G1082,G3144,G3422,G3319,G9758,G0816,G9596,G3246,G9753,G9569,G3353,G9536,G3354,G3440,G3322,G9751,G2785,G9730,G9756,G3418,G1058,G1029,G3122,G3230,GR076,G2709,G9530,G9583,G3123,G9598,G8358,G3401,G5387,G5389,G9752,G9781,G3153,G5386,G5431,GA025,G1023,G3164,G3425,G9774,G8361,G2734,G5542,G5432,GA028,G1040,GA027,G3234,GA004,G3106,G9816,G5400,G3146,G3152,G5358,G3257,G9702,G3258,GA026,GA020,G1774,G5385,G3162,GA022,G9738,G1021,GA023,G3233,G3413,G3369,G9572,GA017,G8356,G1786,G9578,GR060,G9814,G3365,GA011,G1792,GA013,GL707,G5413,G1740,G3262,G1063,G3154,GA019,GA016,GR001,G5425,G3263,G9727,G5403,GA012,G9754,GA021,G1948,G5357,GS001,GS002,G3332,G3424,G1793,G2786,59287,G6148,G9780,G5384,G1934,GS004,G3406,G8360,G8367,G5965,G5388,G1961,G9822,GA010,G9697,G5383,G9728,G9591,G9695,G3231,G9736,GS006,G9823,GS003,G5404,G9775,GS007,GA024,GS008,G5398,G1002,GR061,G9737,G1912,GA009,G5541,G9513,G2784,G8351,G8353,GS005,G5429,G3226,G3426,G1024,G1062,G2738,G9528,GA015,G1052,G1747,G5391,G5969,G1973,G2768,G9767,G6020,G3414,G6076,G5563,G3327,GS009,G1008,G5433,G1962,GA008,G5359,G1057,G1936,G3161,G6041,G9769,G9579,GS011,GS012,GS015,GL705,GA018,GR024,GS010,G1963,G6021,G9766,G3352,G9586,G1931,G9701,G8355,G6051,G6027,G9580,G5392,G3421,G3419,G6144,G1993,G3240,G1006,G1983,G3227,G6077,GS013,G3329,G1978,G1977,G1705,G3232,G1027,G9750,G5435,G5553,G1992,G5430,G9694,G5361,G9514,G3446,G9817,G9841,G9707,G9703,GA007,G6026,GA014,GS014,G2737,G1928,G6010,G6023,G1773,59087,G8362,GR025,G9712,G1994,G3235,G3368,G2736,G2789,G1920,G3250,G1941,G3109,G1079,G6000,G9486,G1970,G3312,G1059,G6002,G3311,G1940,G6016,G6007,G5412,G9582,G9842,G1995,G6043"
113.75,23.75,0.49,0.45,237,"G9729,G1085,G1020,G9753,G9730,G9827,G3349,G9752,G3425,G3422,G3423,G1082,G9731,G3348,G3365,G3105,G3350,G8360,G1064,G9751,G2732,G2784,G9755,G9702,G2782,G2734,G8351,G9732,G1750,G2786,G3106,GR001,G3427,G9531,G3163,G3248,GL708,G8361,G3243,G1057,GR076,G2737,G2710,G9530,G3424,GR061,G1063,G8358,G3351,G9733,G9750,59285,G8366,G3127,G3326,G9735,GF811,G3369,G9716,G3304,GR060,GA037,GL701,G2709,G3323,G3368,G2713,G9759,G2785,G8355,G3303,G9728,GR024,G1483,G2783,59087,G9480,G3307,G3357,G9727,GL709,G9734,G2789,G8354,G1080,GL710,GA029,G8356,G1060,G8367,G3421,G3103,G9481,G1478,G8357,G1755,G9757,G1084,G3353,GA031,G2738,GR027,GR025,GA036,G9760,G3363,GA030,G9719,G9764,G2788,GF810,G2780,G3429,G5552,G5564,G3367,G9738,G4652,GA034,GA035,G9756,GA033,GR028,G3148,G2748,G9705,G5551,G2768,G2736,G9754,G2712,G8352,G8353,G8362,GR078,G8350,G3364,G3150,G1021,G2729,G1753,GF809,GA032,G9761,G9758,G3123,G2714,G9739,G4651,G3247,G5541,G9592,G3426,G3143,G2711,G3355,G2787,GR026,G8534,G9736,G8365,G9763,GL706,G2735,G9762,G1061,G3428,G2791,G3354,G5542,G9553,G3261,G2743,G4558,GR039,G3321,G5543,G2781,G9740,G1065,G9737,G3418,G5561,G3262,G3268,G9512,GR077,GR062,G8557,G3356,G5544,G9593,GA002,GL707,G1028,G2773,G9741,G3151,G4658,GF808,G4660,G2754,G3246,G3320,G5563,G3352,G4659,G9704,G3160,59294,G9581,GA001,GR029,G5550,G5553,G3437,G3440,G3147,G8341,G9557,G1423,G9594,G1482,G9826,G9568,G9556,G3258,G3269,G1058,G9769,G3338,G1007,G2702,G3257,G5556,G1752,G8549"
113.75,24.00,0.49,0.45,200,"G2713,GR028,G8366,G2780,GF811,GF810,G2737,G2729,GR027,G1483,G8354,G2712,G8534,G2784,G2743,G8360,GR078,G4558,G8365,G8351,G1057,G1478,G4652,G8350,GF809,GR026,G3365,G3425,G2783,G9750,G9752,G2788,G2714,G2735,G2786,G3368,G9730,G1482,G8341,GR061,G9753,GR001,G4660,G9702,GR045,GF804,G8544,G9729,G3424,G3422,G8355,59087,G1082,G8357,G2789,G2776,G2734,G2790,G3106,G2748,G1084,G1085,GF803,G1063,G8557,GR024,G4651,G9751,G8558,G8549,G8361,GF808,G1020,G9867,G2746,GF091,GR039,G3421,G4632,G9869,G9728,G3423,GR025,G3369,G3348,G8352,GR076,G8553,G4654,G2773,G2782,GR060,G9530,G9827,G8358,G4634,G3349,G2787,G9731,G4659,G2711,GF600,G2732,G9727,GR037,G1423,G8536,G2710,G8367,G4658,GL708,G2738,G2755,G8552,G2727,G1495,G4629,G8551,G9866,GR038,G1753,G2709,G2736,GF807,G8356,59088,G8546,G9870,G1064,G8362,G8539,GF605,G2785,G8531,G9868,GR036,GF802,G3105,GR074,G3350,G2744,G1750,G5561,GF801,G9755,G9874,G9865,G9871,G4657,G2791,G2768,G3427,G4631,G9732,G1485,GR072,G9735,G4640,G8550,G8353,G9873,G4641,G3127,G9738,G8530,G2781,G8315,G1421,G4655,GR040,G3303,GL709,G9531,G3248,G8340,G3353,G4635,G9759,GF607,G3163,59097,G9754,G9872,G1476,G8533,G3243,G3326,G3426,59285,G1473,GR077,G9850,G5541,G5544,G8535,GR041,G3351,G9716,GF800,G9733"
113.75,24.25,0.49,0.45,191,"G2776,G8558,G2746,G2790,GR045,G8544,G2755,G8539,G4632,G4629,GF605,G1482,G2743,G8551,G9871,G2744,GF804,G8341,G4631,G8550,G9867,G8534,G4558,G9874,GF600,G9872,G2729,G9873,G9866,G9869,GR028,G2712,G8553,G9865,GR072,G8365,G9879,GF606,G4660,G2780,G1493,G2727,GF810,GF803,GR078,G1495,GR027,G4635,GR026,G1485,G8531,G9878,G4630,G8340,G8549,G9868,GF091,G4634,G2735,G4640,G8569,GF809,GF607,G9877,G8350,G8354,G2775,G2728,G2713,G1483,G9875,G9863,G4628,G4636,G9870,G4618,G2714,G4652,GF811,G8366,G8533,GR038,G9850,G8536,G4641,59088,G8546,G1478,G1492,G2737,G9864,G9876,G8548,G4644,G4654,G9862,G2788,GR037,G8557,GF808,G8532,G8347,G8348,GF802,59094,GF604,G9851,GF601,G4639,G2783,G2784,G2777,G1409,G4633,G4664,G4612,G1499,G1473,G8360,G4620,G8552,G1428,G1057,G9860,G4667,G1491,G4615,G8351,G9750,GR074,G8568,G3368,G1486,G4645,GR036,GF100,G2773,G4638,G4431,G4656,GF104,G9853,G4651,G1484,G9852,G2748,G3365,GR039,G4623,GF603,G4659,G1423,G2786,G4619,G8567,G4657,G1440,G8561,G8357,G3425,GR061,G9861,GF602,GF807,G9856,G4668,G9752,59087,G1084,G2789,GF801,G4616,G4453,G9859,G8547,G4643,G4454,GR001,G8355,G4614,G1490,G4658,G4624,G4665,G1429,59082,G9730,G1481,G4666,G3424,G9702"
113.75,24.50,0.50,0.45,184,"G9878,G4628,G9879,G4630,G1492,G9877,G9872,G1493,GF606,G8550,G8569,G4620,G4639,G4618,G9871,G4631,G1491,G9876,G1428,G9875,G8539,G2744,G9873,G1409,GF605,G2755,G4615,GF104,G4667,G9874,G4616,G4665,G4636,G4629,G9864,G4431,G8551,G4612,59082,GF101,G2775,G9863,G2746,G4621,GR072,G4453,G1440,G4664,G4617,G1424,G4666,G4454,G8558,G4668,GF100,G4625,G2728,G9865,G1429,G2776,G4661,G4635,G4632,G4610,G4611,G4528,GF600,G9866,G4619,G8340,G2790,G9862,G4527,G1402,GF102,G4633,GF601,G4613,GF103,G1485,G1484,G1468,G9859,GF607,G8544,GR045,G4411,GF006,G9867,GF603,G4406,G8548,G4412,G4640,G4644,G4410,GF007,G4614,G2727,G4403,G4622,G4408,G4643,G1406,G9869,G4645,G8531,G4533,GF094,G9850,G4400,G8553,GF804,G8533,G4409,GF005,G1495,G1401,G9856,G4416,G9868,G1482,G1469,G9882,G9860,G4502,G4401,G8568,G8341,G1403,59094,GF602,G1426,G1499,G1467,G4415,G4405,GF002,GF604,G4641,G2777,G1494,G8348,G8532,G8347,G1486,G9861,G9870,G1489,G2743,G1490,G8561,G9851,GF803,G4531,G4634,G4558,G8534,G9857,G4541,G4660,G4524,G9853,GF304,G4515,G4646,G9858,GR038,G2729,GF091,G9854,G4514,G8549,59088,G8546,G4448,G8365,G9852,G4638,G4501,G4404,G8536,G8547,G2712"
113.75,24.75,0.50,0.45,189,"G4621,GF103,G4611,G4613,G1402,G1424,G4665,GF101,G4616,G9882,G4620,G4410,G4406,GF002,G1491,G4412,G4622,59082,G1428,G4400,G4408,G4617,G4661,GF006,G4409,G4524,GF304,G1406,G4639,G4531,G1492,G1401,G4405,G4411,GF104,G4625,G4403,G4415,G4666,G4453,G4610,G4628,G4615,G4533,GF310,G1409,G4454,G4528,G4523,G4667,G4431,GF305,G4438,G9876,G9878,G1440,G4527,GF102,G4439,G9877,GF005,G4668,G4404,GF001,G1429,G1405,G4504,G4630,G1442,G1445,GF007,G4618,G1468,G4401,G1439,G4526,GF003,G4510,G4442,G4441,G8569,G4612,G9879,G9875,G4402,GF508,G1451,G4512,G1493,GF094,G1403,GF606,G1469,G1425,GF100,G4501,G1404,G4502,G1467,57989,GF312,G1420,G4664,G9864,G9884,G9872,GF502,G4416,G4619,G4662,G4541,G4551,G9883,G4550,59090,GF503,G8550,G9859,G1489,G1437,G9881,GF303,GF506,GF501,G4636,GF309,GF300,G1463,G4508,GF000,G4525,GF704,G4631,G9871,G4506,GF505,G9863,G9873,G1455,G1484,GF500,G2775,G8539,G4515,G2744,G4514,G4503,G4448,G4447,GF603,G4614,G4444,G4529,G4534,G4507,GF605,G4643,GF703,G9874,G4522,G4633,G2728,G2755,G4553,G4530,G1496,GF601,59081,G4535,G4414,G4646,GR072,G9862,G4557,GF308,G1494,GF301,G4500,G1446,G4629,G4509,G4552,G8551,G1426,G4505,G9856,G4635,GF202,G1450"
113.75,25.00,0.50,0.45,188,"G1439,G4526,G4442,G4441,G1442,57989,G4438,G4523,GF304,G4524,G1420,G1445,G1437,G4439,GF300,GF310,GF312,GF303,GF305,G4444,GF309,GF002,G1455,G4531,G4529,GF001,G4510,G1425,G4530,G4525,G9882,G4522,G4504,G1446,GF506,GF103,GF301,G4613,G4414,G1405,G4404,G1496,GF508,G4400,G1402,G4611,G4409,G4520,GF308,G4422,G4410,G4405,G4622,G1448,G4408,G4415,G4512,G4406,GF302,G4412,GF003,G1406,G1465,G1401,G1451,G4447,59090,GF000,G4413,G4505,G1449,G4621,G4662,GF307,G4402,G1424,GF006,G1459,G1404,GF202,G1452,GF502,G1463,GF201,G4508,G4605,G4462,G1417,G4403,G4568,GF101,GF703,G9883,GF503,G1474,G4665,G4521,G4411,G4661,GF500,G4533,G1461,G4569,G4501,G4607,G1418,G4616,G4509,G4550,GF505,GF093,G4617,G4603,G4552,G9884,59082,GF005,GF411,G1443,G4503,G1411,G4517,G9881,G1419,G4507,GF401,G1453,G4553,GF507,G4551,GF306,G4610,G4620,G4625,G4401,57988,GF501,G4608,G1454,G1491,G4604,G4666,G4663,G1428,G4528,G4511,G4453,GF102,G4443,G1456,GF007,G4527,GF200,GF203,G4602,G4647,GF104,G4506,GF704,G4639,G1403,G1467,G4454,G4541,GF412,G4425,G1450,G1468,G4546,GF707,G4460,G1469,G4466,G1429,G4502,GF094,G4534,G1492,GF311,G4668,G4500,G1440,G4615,G4609,G4431,G4424,G1409,G4667"
113.75,25.25,0.50,0.45,119,"GF307,G4521,G4530,G4520,GF093,G4444,GF302,G4422,G1417,G1452,G4413,G4529,GF300,G1446,G1465,G1437,GF301,G4522,G1459,G1418,G1453,G1449,G1455,G1448,GF303,G1419,57989,G1420,G4414,GF306,G4442,G4441,GF311,GF309,GF312,G1439,G4526,G4443,G4525,GF308,G1496,G4603,G1474,G1442,G4424,G4462,G4647,G4425,G4423,G1461,GF411,G4607,G1445,G4438,G4568,G4605,G4523,G4439,G4505,GF506,GF201,G1425,GF401,GF310,G4510,GF202,GF305,GF304,G4524,GF203,GF001,G4560,G4609,G4447,GF205,G4460,GF206,G4569,G4602,G1456,GF000,G4531,G4504,G4663,GF508,G1435,G4604,GF002,57988,59090,GF703,G4608,GF200,G1405,GF507,G4517,G4404,G4512,G4662,G4509,G1454,G9882,G1411,G1443,GF410,G1463,G4466,G4552,G4508,G1451,G4519,GF204,GF003,G4561,G4467,G4562,GF500,G1404,GF502"
113.75,25.50,0.50,0.45,58,"GF093,GF311,G4521,G4424,GF307,G1453,G4423,G1419,G1417,G4443,G1418,GF306,G4425,G1452,GF302,G4520,G4647,G4413,G4422,G1459,G1465,G1449,G4530,G4603,G1448,G1446,G4444,GF206,GF301,G1474,GF205,G4529,GF411,G4522,G4560,G1461,G4607,G4462,GF300,G1455,G1437,G4414,G4609,GF303,GF212,GF308,GF203,GF401,G4568,G1496,G4605,G4460,57989,G1420,GF309,G4561,G4525,G1435"
114.00,22.25,0.49,0.45,206,"G1277,G3979,G1179,G1191,G3978,G3585,G3977,G1195,G3521,G1142,G3540,G3776,G3641,G3619,59490,G3713,G3976,G1189,G3645,G3618,G3647,G3975,G3580,G1130,G3675,G3752,G1186,G3556,G3697,G3555,G3561,G3669,G3519,G3501,59493,G3717,G3773,G3738,G3974,G3634,G1129,G3718,G3778,G3747,G3793,G3775,G3650,G3658,G3720,G3714,G3546,G3779,G1135,G3576,G3740,G1149,G3757,G3522,G3797,G3631,G3523,G3648,G3581,G3774,G1153,G3547,M0004,G1196,G3784,G1197,M9988,M0003,G3715,G3562,G1120,G1146,G3579,G3789,G3761,G3530,G1121,G3759,G3694,G3691,G1187,G3577,G3973,G3527,G3524,G3721,G3704,G1175,G3643,G3684,G1184,G3565,G3534,G1173,G3765,G3630,G3798,G3799,G1188,G3548,G3504,G3972,G3698,G1178,G3971,G3659,G3552,G3535,G3514,G1229,G1145,G3766,G3699,G1211,G3553,G3981,G3578,G3692,G1166,G1294,G3739,G3970,G3794,G3998,G1209,G1228,G1227,G1174,G3751,G1144,GB060,G3726,G3503,G3617,G3992,G1236,G3558,G1243,G3997,G1139,G3768,G1282,G3506,G1276,G3518,G6219,G4005,59488,G1215,G3742,G1182,G3703,G1161,G3696,G1155,G3567,G3517,G3620,G3734,G3575,G3502,59486,G1233,G3545,G1270,G3680,G3758,G3671,G1180,G3573,G1177,G3572,G1204,G1285,G1212,G3996,G3743,G3549,G3702,G3551,G2073,G3560,G3733,G1271,G1272,G3653,G3635,G3559,G3995,G1221,G1223,G1244,G3737,G3507,G3723,G1190,G3796,G3510,G3991,G3554,G3681,G3636"
114.00,22.50,0.49,0.45,409,"G3645,G3713,G3752,G1186,G3501,59493,G3776,G3561,G3669,G3634,G3641,G1130,G3675,G3519,G1195,G3580,G3740,G3658,G3647,G3540,G3757,G3648,G3778,G3720,G3773,G3738,G1135,G3562,G3547,G3555,G3618,G1142,G3585,G3797,G3775,G1187,G3691,G3576,G3546,G3784,G3684,G3761,G3774,G3747,G3694,G3779,G3697,G3565,G3718,G1149,G3619,G3793,G3579,G3717,G3522,G1175,G3530,G1129,G3714,G3523,G3521,G3581,G3504,G1178,G3650,G3527,G1179,G1121,G1184,G3698,M0004,G3548,G3631,G1189,G1188,G3789,G1153,G3766,G3556,M0003,G3759,G1196,G3553,G1197,M9988,G1120,G3721,G3765,G3577,G3630,GB060,G3715,G1146,G3798,G3617,G3751,G3739,G3503,G3534,G3524,G3692,G3643,G1166,G1155,G3620,G3699,G1173,G3696,G3506,G3703,G3704,G1145,G3572,G1180,G3799,G3558,G3552,G3502,59486,G3551,G1161,G1144,G3768,G3659,G3518,G3573,G3653,G3635,G1191,G1190,G1174,G3702,G3510,G1139,G3574,G3575,G3671,G3513,G3514,G3743,G1182,G3507,G3733,G3543,G3559,G3535,G3734,G3758,G3726,59490,G1132,G3578,G3680,G3531,G3783,G3517,G3744,G3560,G3791,G3737,G3794,G1148,G5960,G3727,G3732,G3742,G3750,G1151,G3681,G3636,G1156,G3693,G1177,G3682,G3621,G3554,G3649,G1998,G5962,G3688,G3569,G1183,G6103,GB031,G3764,G3545,G6219,G3528,G3549,G6110,G3567,G3701,G3728,G1152,G3664,G1170,G6105,G3678,G3796,G3746,G6154,G3790,G1143,G1917,G6029,G6101,G3557,G6106,G6107,G1906,G3760,G6096,G6013,G1137,G3661,G6104,G3614,G3663,G3568,G3515,G3723,G1131,G3526,G1185,G1954,G1277,G3722,G3687,G3529,G3979,G1164,G1990,G1133,G6155,G6006,G1136,G1125,G5961,G3781,G3570,G3978,G9748,G3550,G1171,G1193,G3977,G1905,G3509,G9535,G1953,G3623,G6012,G3536,G1176,G3686,G6058,G3756,G3785,G3753,G9818,G5968,G3787,G6033,G6090,G3976,G9749,G6081,G6057,G3780,G3564,G1147,G1091,G1294,G6078,G2073,G9718,G6028,G1976,G3730,G3975,G9521,G3685,G1985,G6091,G6083,G1211,G3748,G1181,G3211,G6079,G1138,G3622,G3583,G3508,G3788,G6060,G9574,G6085,G6082,G3538,G1968,G3532,G3749,G5964,G1974,G6131,G3208,G1227,G3212,G1960,G1955,G3544,G3719,G1911,G3974,G9534,G5471,G9520,G1017,G1901,G1229,G5959,G1959,G6034,G5958,G2074,G6143,G3683,G3539,G6059,G6210,G9552,G1942,G3792,G3633,G2052,G6062,G6080,G6048,G3627,G6005,G9519,G1282,G1243,G3520,G1163,G5963,G1090,G3512,G3516,G1987,G3754,G6123,G1933,G3998,G5952,G2089,G3762,G3537,G1979,G3731,G3973,G1916,G1285,G1165,G3646,G6030,G1997,G6011,G1944,G2043,G5446,G6055,G5468,G1204,G2045,G6156,G3542,G3654,G1244,G6061,G3202,G6200,G5467,G3662,G6095,G1984,G3695,G1932,G3689,G2005,G1910,G6098,G6102,G1236,G2049,G1078,G1228,G3563,G1162,G9549,G4005,G6056,G6054,G1943,G2028,G3566,G3725,G1966"
114.00,22.75,0.49,0.45,626,"G3783,G3750,G3744,GB031,G3701,G1906,G3764,G3693,G3528,G1164,G3543,G1190,G6006,G3574,G3727,G3722,G3513,G3551,G6013,G3653,G1156,G3732,G1170,G3791,G3515,G3569,G6033,G3635,G3572,G1990,G3510,G6110,G1155,G1183,G3620,G1143,G3531,G1180,G1976,G6103,G3529,G1953,G3686,G3728,G6012,GB060,G1148,G6096,G6154,G3568,G6028,G3696,G3790,G3507,G1968,G1176,G5962,G1132,G1917,G3617,G3703,G3682,G6104,G1193,G3553,G3503,G1131,G6107,G3766,G6091,G3702,G1178,G3751,G6034,G3573,G3502,59486,G6090,G1955,G3756,G1905,G3504,G6029,G3698,G3559,G3785,G3664,G5959,G6062,G3733,G3532,G1942,G6078,G3550,G3506,G3739,G5964,G6105,G3565,G3684,G6106,G3548,G6085,G6079,G5961,G1998,G1161,G6081,G5958,G6131,G3557,G1188,G3743,G6082,G6080,G3583,G5960,G1916,G6057,G3692,G6101,G3671,G1187,G1175,G1987,G1954,G1166,G3691,G3562,G1974,G1184,G6061,G1979,G6030,G3663,G1151,G6083,G3648,G3781,G6155,G3737,G6011,G3694,G3688,G3765,G6102,G3740,G6060,G1984,G6005,G3547,G3558,G3757,G3630,G3761,G3649,G6098,G3518,G3575,G6156,G3685,G3509,G1944,G3661,G3758,G3658,G1960,G3527,G3768,G3634,G3784,G1943,G3699,G1135,G3746,G3678,G6048,G3798,G3636,G3681,G3579,G6095,G5963,G3720,G3560,G3797,G3530,G1910,59493,G3774,G1959,G3501,G3778,G6058,G3721,G3669,G3561,G3576,G3621,G1144,G1121,G1902,G1152,G3546,G1186,G3526,G6024,G3519,G1932,G3734,G3775,G3773,G3564,G3752,G3738,G1145,G1149,G1185,G1182,G3534,G3759,G3523,G3779,G3680,G3577,G1933,G3789,G1911,G3522,G1930,G3570,G3760,G6117,G1136,G3581,G5968,M0004,G1139,G6047,G3747,M0003,G1130,G3554,G1120,G1951,G3675,G6123,G3614,G1174,G3555,M9988,G1197,G1196,G3718,G3580,G3552,G1153,G3793,G3714,G3645,G3631,G5945,G3643,G5471,G1985,G3524,G1173,G1986,G6113,G3748,G3713,G1129,G3647,G3650,G3715,G1146,G6040,G3717,G3517,G3697,G3799,G6093,G3776,G3659,G3641,G3780,G6059,G1950,G1991,G1958,G1937,G1914,G1171,G5957,G3726,G3618,G5468,G6046,G6038,G1972,G6037,G3704,G6120,G5446,G1913,G1177,G6069,G1137,G3540,G6068,G6063,G1980,G6115,G3796,G6067,G3633,G3556,G3514,G6039,G1195,G3622,G1901,G6054,G6114,G3742,G6163,G1965,G6086,G3619,G3539,G5340,G1142,G3535,G6036,G3753,G3549,G1925,G3578,G6143,G6073,G6055,G6001,G6009,G3520,G1147,G3585,G6074,G1946,G6065,G1189,G3508,G1918,G1927,G3794,G3787,G3687,G6035,G3521,G5467,G3545,G3623,G6162,G6070,G3516,G1957,G1997,G5952,G6066,G6064,G1133,G9749,G3723,G5470,G3662,G5474,G9748,G1935,G1939,G3683,G9520,G5316,G3567,G3788,G5326,G6022,G3538,G6056,G3719,G1179,G1981,G1952,G1091,G1949,G5339,G6094,G1964,G1181,G6044,59289,G5944,G6219,G3212,G9535,G9534,G3208,G1988,G6015,G1721,G3749,G6099,G1125,G6130,G3646,G1908,G6097,G6014,G6071,G5475,G1966,G6042,G5327,G3537,G6088,G6016,G5393,G6025,G9519,G5469,G5441,G6043,G6142,G6132,G1940,G3536,G5955,G5954,G5953,G1138,G3654,G6112,G6023,G5438,G1928,G1922,G1989,G5390,G6026,G6053,G6045,G1921,G3730,G5338,G3754,G5956,G9818,G1941,G1992,G9503,G5437,G1977,G5341,G5940,G1995,G6144,G1072,G6049,G6027,G1996,G6021,G1909,G6050,G5406,G9521,G9549,G5464,G1993,G3731,G6100,G1923,G3795,G1720,G3657,G1967,G3792,G1017,G1962,G9574,G3542,G1784,G6032,G6092,G5392,G6052,G1994,G6020,G5439,G5473,G1747,G6076,G9718,G3544,G3202,59490,G5476,G3211,G1191,G1971,G5325,G9550,G1912,G5343,G3201,G6017,G5342,G1924,G6031,G1973,G1963,G3121,G5951,G1163,G1904,G5302,G6077,G5321,G1920,G6010,G9533,G5463,G5950,G9552,G1915,G5460,G1982,G5967,GS014,G5443,G1793,G9522,G3308,G5391,G5388,GS013,G5448,G5303,G3627,G6072,G3239,G1934,G1165,G9717,G6152,G5457,G1978,GS015,G5451,G1090,G1740,G3762,G3689,G6089,G2073,G1048,G1078,G3154,G1792,G9840,G1702,G1956,GS005,G6148,G9551,G1779,G1773,G1961,G5949,G1741,GS003,G9765,G6018,G1936,G6210,GS012,G5445,G1926,G5472,GA038,G5465,GS011,G6008,G9532,G3205,G3695,G3210,G6041,G3120,G3118,G9540,GS001,GS010,GS009,G6051,G1947,GS006,G1945,GS002,G6151,GS008,G9839,G3512,G5458,G5398,G6084,G3207,GS004,G1089,G2049,GA005,G3213,G5412,G1948,G6019,G5320,G1780,GS007,G1970"
114.00,23.00,0.49,0.45,646,"G1986,G1972,G6063,G1965,G6040,G1902,G1980,G6073,G6024,G1950,G1925,G1937,G6064,G6102,G6065,G6074,G1951,G6038,G5945,G6022,G6067,G6061,G1939,G1957,G6086,G5957,G1916,G6039,G1943,G1908,G6098,G1988,G6025,G6113,G6093,G1984,G1914,G1946,G5944,G6115,G1940,G5390,G6066,G1927,G6062,G1913,G6030,G6034,G1941,G1942,G6035,G5406,G6016,G6011,G6117,G6026,G1952,G6023,G1977,G1968,G5437,G6068,G5326,G1979,G5393,G1910,G5392,G1987,G6014,G6037,G6156,G5340,G6095,G5438,G1991,G1955,G6015,G6036,G6027,G1784,G5959,G1930,G6080,G1928,G6009,G6094,G1747,G6047,G1944,G6114,G6021,G6144,G1962,G1976,G5391,G1981,G6043,G6033,G1992,G5388,G6069,G6020,G5958,G1912,G6028,G5327,G1932,G1773,G5439,G1949,G1793,G3532,G1918,G1993,G6076,G1779,G5964,G6091,G1740,G1720,G6070,G6005,G5398,G6046,G6042,G5341,G6006,G6131,G6085,G6044,G1792,G1958,G1164,G5963,G1786,G3686,G1973,G5412,G1741,G3722,G1953,G6163,G6012,G6079,G1995,G6082,G1780,G6162,G6048,G1906,G1921,G5404,G3154,G6120,G6090,G5400,G5316,G1176,G1934,G1974,G5387,G1963,G1990,G6045,G3583,G1774,G5325,G5361,G5389,G6013,G6078,G1994,G5339,G3153,G5953,G5954,G1933,G5397,G5955,G1923,G3515,G9598,G6001,G5956,G3701,G3756,G1922,G6077,G6148,G1193,G1909,GB031,G3529,G3764,59289,G5357,G6132,G6092,G3528,G3785,G6123,G5338,G1905,G9536,G1961,G1959,G6060,G1960,G6081,G6010,G5394,GS003,G6050,G1170,GS005,GS013,G1920,G6052,G5342,GS001,G5474,G6083,G1924,G3568,GS014,G5359,GS015,G3750,G1143,G9583,G3693,G6057,G6096,G5425,GS002,G6110,G1935,G9596,G3122,G1978,G3569,G3550,G1948,G6099,G1131,G3783,G3744,G1936,G5940,GS006,G6104,GS004,G6154,G1705,G1971,G1183,G3727,G5413,G3790,GS012,G1775,G1156,GS008,G5468,G5321,G5961,G1917,G3728,G6103,GS011,G3685,G1964,G6017,GS009,G6049,G6107,G6041,G5436,G3732,G1911,G6054,G5343,G5395,G5446,G5441,GS010,GS007,G3791,G9595,G5424,G6051,G3543,GL251,59297,G3318,G6029,G5962,G5475,G5302,G6089,G3574,G3513,G6032,G1190,G5471,G6106,G3682,G5473,G3531,G3781,G5435,G1148,GL257,G5358,G6071,G3267,G1023,G6059,G3664,G1915,G5418,G6105,G6100,G5422,G3510,G3653,G3551,G1083,G3509,G5965,G3557,G6155,G1954,G1982,G3635,G3564,G6084,G1996,G3245,G6130,G1956,G6112,G6058,G5476,G1931,G1132,G5470,G1970,G6101,G3663,G5360,G6031,G1721,G3507,G3572,GL255,G6055,G1998,G1945,G6007,G3317,G1985,G1180,G3633,G6053,GA026,GA017,G5405,G5451,G1983,G3748,G9744,G9743,G1155,G3319,G5467,G3620,G6097,GA021,GL256,G5320,G5968,G5969,G3269,G5386,G3661,GA013,G3702,G3300,G6018,GL254,GA019,G3559,G5300,59298,GA010,GA020,GA025,G3696,G3152,G3570,GA011,G3573,G6152,G5960,G3733,GA015,G5337,G3703,G6008,G3539,G5469,GA016,G3520,GA028,GA012,G5403,59486,G3502,G6019,G6000,G3688,G6056,G1901,GB060,GA022,G1929,G3746,G6072,G1136,GA027,G1799,G1997,G1989,G1947,G3526,G3678,G3338,G3617,G1904,G1151,G3662,G5950,G3649,G3147,GA023,G5322,G3780,G1185,GA009,GA024,G3503,59294,G3743,G6143,G6151,G5966,G1926,G6153,G1062,G3751,G5952,G3516,G3737,G5305,G3553,GA018,G1161,G1712,G3506,GA008,G6128,G3622,G3766,G3124,G3671,G1797,G3760,G6142,G6088,G1719,G5429,G1152,GL253,G1966,G1178,G5432,G3636,G3681,G3614,G5472,G5947,G3739,G3144,G5409,G5948,G5312,G9593,G3698,G3504,G1716,GA014,G5951,G3621,GL252,G5946,G1710,G1907,G1171,G6002,G5949,G5430,G3560,G5452,G1967,G3758,G3548,G3575,G3692,G5431,G5434,G5323,G3565,G3646,G6126,G3266,G1166,G3684,G3268,G1188,G3518,G3558,G5550,G5308,G1975,G3508,G3554,G5967,G5416,G3683,G3768,G5315,G5384,G1065,G3250,G6075,G5448,G1919,G9840,G9503,G3680,G5463,G1147,G3734,G6127,G6087,G1184,G5301,G1175,G6129,G5363,G3537,GA007,G9520,G5306,G3765,G1182,G3753,G3699,G9711,G1187,G3630,G3691,G1144,G5464,G5383,G3146,G9550,G9591,G3562,G1072,G3654,G3719,G3322,G9540,G1137,G1061,G6003,G9839,G3798,G3694,G5396,G9594,G9533,G1139,G3115,G3787,G3648,G9765,G3761,G3201,G9553,G1079,GA002,G9514,G3538,G9532,G3547,G3527,G1145,G9519,G9534,G9597,G3788,G3740,G3757,G5401,G1174,G3212,G5443,G9717,G5465,G3517,G9559,G3208,G3657,G5385,G9586,G3118,G3721,G3162,G3579,G3784,G3530,G3796,G3795,G1714,G5543,G5344,G3623,G3534,G9838,G5307,G3749,G3658,G1135"
114.00,23.25,0.49,0.45,478,"G1774,G5400,G5357,G5404,G5425,G1786,G5413,G5398,G5389,G5358,G5360,G1775,G5424,G5359,G5361,G1773,G5391,G5412,G5386,G1779,G1705,G5387,G5388,G9536,G1780,G3147,G5397,G5392,G5406,G9595,G1740,G5435,G1083,G1941,G5403,G9598,G5390,G3153,G3269,G1747,G5432,G5436,G5550,G1977,G1784,G5437,G6025,G1793,G1792,G9593,G3268,G5431,G3318,G1940,G3245,G1741,G1908,G3317,G9596,G6026,G5429,G6027,59294,G1962,GL251,G1912,G1988,G6022,G6023,G6021,G1939,GL257,G6064,G6020,G5384,G5543,G6144,G1061,G5944,G9583,G3122,G5438,G5430,G3338,G6016,G5405,G1065,G3154,G5439,G1957,G6076,GL255,G1928,G5383,G5385,G6073,G5394,G5393,G6065,G1992,G1925,G6074,G1965,G3267,GL254,G6014,G1934,G3300,G6066,G9592,G1993,G9743,G5418,G9744,G1952,G1973,G6063,G1980,G3150,G1720,G5416,GL256,G9553,GA032,G1972,G6086,G5326,G6148,G1946,G6015,G1927,G6043,G5434,59297,G6067,G6035,G3148,G6039,GL253,GA033,G1950,G6038,G1937,G6040,G6094,G5341,G1961,GL252,G3124,GS001,G3247,G1986,G5433,G1963,G5395,GS002,G5957,GS003,G1981,G5551,G6115,GA034,G1948,GA035,G5327,G5422,GS005,G1023,G5363,G3319,G5325,G1914,GA002,G5945,GS004,G3321,G6077,G6093,G1913,G5409,G1902,G1951,G3266,G6024,GS006,G1785,G1995,G1994,G6113,G5340,G6009,G5401,GA036,G6036,GA030,G6068,GS008,GL706,G6042,GS015,G9594,G1949,GS013,G3143,GS007,G1936,G1923,G6010,G1921,G6037,GA031,GS009,G5362,G1978,G5382,G6114,GS012,GS014,G1797,GS011,G6102,G6041,G1920,G1943,G5564,G1799,GA025,GA026,G6045,G6092,G1991,G1060,G6044,G6098,GA029,GS010,GA017,GA001,G1909,G3144,G6061,G5965,G5342,G1918,G1783,G1924,G6070,G5956,G6117,G1755,G6051,G1984,GA028,G3152,GL701,GA020,G3323,G5953,G5381,G1916,G5954,G6052,G5955,GA027,GL705,G3320,GA013,G6069,G1922,GA011,GA022,GA021,GA019,G1712,G9704,G6050,G6030,G1930,GA023,G1910,G6047,G5338,GL707,GA016,G6011,GL710,G5316,GA012,G5321,G6095,G1931,G3261,GA010,G6156,G1787,G6062,G1971,G6132,G5427,G1022,G5339,G1979,G6162,G6089,G5969,G1942,G1987,G3151,G6017,G6046,G6034,G5542,G1983,G1944,GA015,G1748,G3103,G3322,GA037,G5552,G6163,G5343,GA024,G6084,G5300,GA009,G1970,59289,G3328,G6080,G5365,G5940,G1958,G1932,G3248,G5301,G5396,G1062,G9585,G6007,G1968,G5417,G5959,G9776,G1955,G5549,G5302,G9562,G6001,G6049,GA008,59298,G5305,G3146,G5563,G6120,GA018,G1798,G3163,G3229,G6000,G1956,G1945,G5958,GL709,G9556,G9512,G1710,G9784,G9783,G5474,G9733,G5322,G1915,G1716,G6005,G1750,G5320,G3243,G1976,G3162,G5337,G6099,G9764,G5473,G5963,G6032,G5323,G1714,G1935,G1982,G1719,G3532,GA014,G5964,G6033,G9591,G1745,G5553,G9560,G6028,G3234,G9557,G3357,G5452,G6131,G5353,G6091,G5441,G5966,G1742,G6002,G6048,G6085,G5311,G1964,G3233,G5451,G1933,G3105,G1929,G9531,G0816,G3351,G9763,G5380,G5948,G5947,G6019,G3250,G1743,G9558,G6100,GA007,G6018,G5476,G6082,G6031,G6079,G1975,G9774,G1907,G9584,G1974,G6123,G5475,G3429,GA004,G9734,G5946,G9586,G9561,G3230,G0817,G9514,G5306,G5312,G9741,G3226,G6008,G3428,G1788,G3583,G6006,G6153,G3686,G1996,G1711,G3304,G3332,G1947,G6127,G9711,G1007,G5546,G9513,G5356,G1953"
114.00,23.50,0.49,0.45,295,"G5551,G5543,G3150,G5564,GL706,G1755,G3148,G5550,GL710,G3268,G5552,GL701,G1061,G5385,G5431,G5542,GA033,G3147,GL707,GL709,G5432,G9592,G9593,G3323,G5386,G5360,GA032,GA034,G5384,GA035,G5383,G1750,G5433,GL705,GA036,G5563,G5403,G3248,GA030,G1065,G5429,G1060,GA029,G5358,GA031,G3247,GL708,G3269,G5553,G9553,G5430,59294,G5424,G3163,G3105,G5413,G5541,G1785,GA037,G5425,G1775,G3348,G1083,G3243,G5549,G5435,G9530,G3143,G5416,G5357,G3317,G9733,G3338,G5359,G3321,G3103,G1705,G9595,G1774,G9531,G3349,G3245,G9727,G5400,GL702,G5381,G5404,G9751,G5434,G5546,G3369,G5365,G5389,G3350,GA002,G3351,G1786,G5382,G5361,G5436,G3318,G9536,G5405,G5398,G1082,G9728,G3106,G5401,G5363,G5353,G5362,G5387,G1085,G5556,G3357,GL255,GL253,GL257,G5397,G1063,GL251,G9755,GL252,GL254,G5554,G9827,G3300,G9732,G5412,G3304,G1780,G3261,G9764,G5544,G1020,G1773,G9594,G9598,G9702,G3421,G9596,G9743,G9744,G1783,G3153,G3124,G1779,G9734,G1064,G5391,G3424,GL256,G1753,G5356,GA001,G3266,G5388,G5367,G1748,G3320,G9731,G5540,G1740,59285,G9716,G5427,G3267,59290,G9729,G9704,G3429,G5418,G5409,G9730,G3122,G9583,G3151,G3427,G3326,G1792,G5392,G5364,G1741,G5402,G5547,G3423,G1787,G5406,G1793,G5355,GL703,G1747,G9481,G3365,G9512,G9480,G1745,G9763,G1941,G3307,G5394,G1784,G1084,G5423,G5390,G3425,G5366,G5417,G1977,59297,G5561,G5437,G1912,G3319,G5354,G3154,G3428,G9753,G1962,G1022,G9760,G3127,G5374,G3367,G6027,G3368,G9752,G9750,G1788,G9761,G1752,G3328,G2732,G6020,G1057,G6025,G1940,G1797,G6026,G5545,G9556,G6021,G5422,G1908,G3422,G6023,G3144,G1934,G5439,G6076,G6144,G1023,G1742,G9557,G5373,G5395,G1988,G9735,G9759,G1523,G6148,G9741,G5438,G5410,G6022,G1799,GP201,G9762,G9784,G9783,G3355,G1973,G1928,G1939,G1992,G6016,G1789,G5944,G1080,GS001,G9562,G6064,G9560,GL704,GS002,G1993,G1961,G1948,GA025,G5399,G5380,G9585,G5393,G2782,G1720"
114.00,23.75,0.49,0.45,201,"G9727,G9530,G3369,G9728,GL708,G1063,G3421,G3106,G9751,GL709,G5541,G3424,G1753,G9702,G3348,G5552,G1082,G1084,G1750,GL710,G5544,G3368,G9750,G5542,G1755,G5561,G3365,G1057,G5564,G9730,G1085,G4651,G5553,GL706,G5563,G5556,GL707,GL701,G3349,G3425,59290,G1752,G5551,G1478,G3105,G3248,G9729,G1020,G4658,G9752,GL704,G4652,GL702,G3323,G9827,G5545,G2784,G2737,G3148,G4659,G3150,G5554,G1483,GF811,G9753,G8360,G5547,G3163,G1423,GF809,GL705,G3350,G5546,G3243,G5543,GF808,GF807,G9731,G1476,G3422,G3423,G9531,GA033,G5540,GA029,GL703,G9755,GF810,G1060,G9733,GA037,G1064,G5549,G8366,GA036,GA034,GA035,G9732,GA031,GA030,G5385,GF801,G5550,G8351,G2713,G1061,G1523,G3351,59097,G9592,G5433,GA032,G3268,G4655,G1421,G4654,GP203,G2732,G5431,G3427,GP201,G2786,G4657,G4660,G3103,G5383,G2734,G4558,G2782,G3304,GR001,GF800,G3247,G5432,G5384,G5353,59285,G9593,G5367,G3147,GR028,G5365,G5364,G3357,G2780,G3326,G8354,G9716,G5423,GF091,GR061,G1785,G1065,GF803,GR027,G8361,G2729,GP202,G9553,G5356,G4559,G9734,G8534,G5355,G5354,G3127,GR076,G5386,G2710,G3143,G4975,G2743,G5429,GP206,G5360,G4669,G5403,G9735,G9764,G5381,G2712,G8358,G9480,G5402,G5430,G2783,G1482,G1475,G3307,G9759,GP200,GF802,G4634,G3321,GF804,G9481,G8355,59294,G3429,G3269,G5366"
114.00,24.00,0.49,0.45,177,"G4651,GF808,G4652,GF809,G1478,G4659,G1084,G1423,G4658,G3368,G4654,G4660,GF807,G9750,GF091,GF803,G1483,G1057,GF801,G3421,G3424,GF810,G4657,G4558,G5561,G1753,G1063,G4634,G9728,GF811,G4655,G1421,G1476,59097,G1482,G9702,GF802,GF804,G3106,G3365,G3369,G2737,G9727,GF800,G9869,G9870,G2743,G8534,G9751,G9867,G9530,G1495,G8544,GR028,G1752,G2729,G2784,GL704,G5544,G2713,G1082,G4559,G1481,G8366,G3425,G9868,G9730,G1473,G8360,G4624,G2780,G4656,G4641,GF600,G4632,G9866,GL708,GR027,G9752,G2712,G5541,G4623,G3348,G4640,G9851,G8354,59290,G5545,G2776,G1485,G4638,G1085,G4669,GF806,G9850,G1475,G4653,G9729,G8351,GF607,G2746,G9852,G9753,G9865,G5556,GR078,GF604,G4629,GL709,GP104,G8365,G4635,59094,G9853,GR045,G1020,G1488,G9874,G4644,G1750,G5547,G8558,G3422,G2786,G1499,G2755,GF605,G8341,G5552,G8350,G3349,G1519,GR026,G2790,G1540,G4846,G2783,G1486,GR001,GF805,GL710,G2788,GR061,G9873,G9827,G2735,G8539,GP203,G2714,G5542,G5553,G9860,G4642,G5554,G4897,G4631,G1517,GP206,G9871,GP105,G2734,G3423,G1523,G3105,G9862,G1755,G5563,GL702,G4740,GL703,G9863,G9731,G5564,G8355,GP202,GL707,GP209"
114.00,24.25,0.49,0.45,184,"G1495,G9868,G9869,G9870,G9866,GF600,G4640,G4634,G1485,G9867,G4641,GF607,G9850,G9865,GF803,GF091,G4632,G4635,GF804,G9851,GF802,GF604,G1473,G4644,G4660,G8544,59094,G1482,G4629,G9874,G4654,G4638,G4656,G1499,G9852,GF605,G4623,G9873,G1486,G9862,G9853,G9860,G9863,G2746,G2755,GF808,GF601,G2776,G4558,G4636,G4631,G4624,G4645,G8539,G9871,G4633,G4657,G1481,GF809,G9861,G1488,G4642,GF602,GF801,G9864,G1490,G2743,GF807,G1423,GF606,G9854,G4652,G9875,G9856,G4659,G1493,G8558,G9872,G8534,G4655,G1421,G1484,GF603,G8550,GF810,GF800,59097,G1478,G4643,G4658,G4651,G2729,G9877,G1542,G9876,G1483,GR045,G4559,G2790,G4897,GR028,G9859,G9855,GP104,G1476,G4653,G9857,G2744,G9879,G1494,G1540,G9878,GF811,GP107,GF806,G4431,G2780,G3368,G4637,G2712,G8551,G1084,GP106,G4846,GP105,G9750,G1440,G8341,G4668,G4899,G4639,G1057,G9858,G2737,G2713,GR027,G4628,G4454,G4630,GP115,G4742,G8365,G4744,G4740,GF805,G8366,G4453,G5561,G4669,GR078,GP108,G1475,G1492,G1468,G8354,G3421,G4416,G3424,G4646,G4625,GR072,G4527,G1753,G4528,G8569,G2784,G3365,GR026,G1063,GL704,G8553,G4620,GF094,G4618,G9702,G9728,G4748,G8360,G8350,GP113,G1752,G1469,G4502,G3106"
114.00,24.50,0.50,0.45,167,"G9864,G4636,G9863,G1484,G4633,GF601,GF603,G9875,G9862,G9859,G4431,G9876,G4643,G1440,G4668,G4645,G9856,G4454,G4635,G4644,GF602,G4453,G9860,G9873,G9877,G1493,GF606,G1468,G1494,GF607,G9865,G9874,G4527,G9861,G4528,G4625,G1490,G4639,G1485,G4416,G1499,59094,G9857,G1486,G9850,GF094,G4640,G4631,GF605,G1469,G4502,GF604,G9858,G4629,G9871,G9866,G9854,G9872,G4646,G1489,G4661,GF600,G9878,G9853,G8539,G1467,G4515,G9868,G4641,G2755,G9851,G9855,G8550,G4637,G4665,G4514,G4632,G1495,G4533,G4620,G4448,G4642,G1492,G9852,G4628,G9879,G1424,G4638,G1542,G9870,G9867,G9869,G4744,G4630,G2746,G1473,GP108,G4623,G1488,G4622,G4634,G1491,GP106,G4656,G8544,G1428,G1444,G2776,GP107,G4621,GF804,G4613,G4506,G2744,G4501,GF802,GF501,G8569,GF803,G4618,GF091,G4616,G1482,G8558,GP115,GF101,G4624,G4899,G4897,G4660,G1409,G8551,G4611,GF104,GF103,G1481,G4615,59082,G4654,G4667,G4748,G1451,G4531,GF502,GP113,G4500,G2790,GF503,G1402,G4617,G4512,G4558,G4504,GR045,GR072,GF505,G4666,G4612,G4657,G4503,GF508,G2775,G2743,G4507,G4662,G1540,GF808"
114.00,24.75,0.50,0.45,183,"G4533,G4528,G4527,G4661,G1467,G1469,GF094,G4502,G1468,G4622,G4625,G4501,G4453,G4454,G1489,G4416,G4668,GF501,G1440,G4506,G1424,G1451,G4431,GF502,G4448,G4514,G4512,G4515,G4613,GF503,G4504,G4531,G4665,GF508,G9859,G4662,GF505,G4503,G4508,59090,G4639,G4646,GF500,G4507,G4500,GF305,G9876,G1444,G4510,GF310,G1484,G4621,G1494,G1450,GF603,G4643,G9864,GF103,G4620,G9858,G9875,G4523,G4524,G4611,GF304,G9877,GF506,G4447,G9857,G4509,G4511,G4633,G4636,G9856,G1402,G1443,GF601,G1492,G9863,GF101,G4616,G1491,G9882,G1493,GF002,G1428,G4645,G9862,GF606,GF602,G9878,GF504,GF309,G4628,G1441,GF507,G1420,G1490,G4513,G4637,G9861,G4505,G4410,G1439,59082,G4406,G4526,G4442,G4441,G1496,G9860,G4438,G1442,G4744,GF412,G9855,G9873,G4400,G4412,57989,G4617,G4408,G4450,G9872,G9854,G4409,G4630,G4644,G4635,G9879,G4414,GF006,GP108,GF409,G4631,GF104,G1406,G4439,G9874,G4522,57996,G9871,G1486,G1445,G1499,G1401,G1427,G9865,GF607,G8550,G4405,G1437,G1409,59094,G4615,GF605,G4666,GF301,G4415,G1542,G1434,G4411,G4618,G4468,GF300,G1485,G4466,G4667,G8539,G4403,GF001,G8569,G9850,G4629,GF604,G4462,G4610,GF312,G4640,G9853,GP106,G2755,G4642"
114.00,25.00,0.50,0.45,156,"GF506,G4447,59090,GF508,G4510,G4662,G4512,G4504,G4508,G1451,GF305,G4505,GF502,GF500,G4509,GF309,G1496,GF503,GF505,G1443,GF310,G4414,G4503,G4507,GF507,G4531,G4523,G1420,G4511,G4522,G4501,GF301,G4462,GF412,G1450,GF501,GF401,G4622,57989,G4466,G4450,G4524,G4500,GF304,G4442,G4441,GF411,G4506,G1439,G4526,G4533,57996,G1437,G4530,G4413,G4520,GF300,GF302,G1442,G4613,G4434,G4460,G4444,GF409,GF504,G1427,G4438,G1434,G1467,G4661,G1441,GF410,G4468,G4467,G1435,G1422,G1424,G1407,G1469,G4502,G4513,GF303,GF306,G1445,GF312,GF094,GF103,G4439,G1419,G4528,G4527,G1489,GF002,GF400,GF307,G4448,G4625,G4436,G4529,G1453,G4514,G1468,G4443,G9882,G1455,G4416,G4515,G4425,G4665,G1444,G4611,G4453,G4432,G4454,G4621,G4463,G1402,GF001,G4668,G1446,G4525,G1440,G4455,G4423,GF405,G1425,G4422,G4521,G4459,G4424,G4431,G4410,G4400,G4646,GF311,G4409,G4406,G4408,G4639,GF101,G4412,GF093,G1448,G1465,G4405,G9859,G1405,G4620,G4404,GF406,G1430,G1406,GF308,G1417,G4415,G1452"
114.00,25.25,0.50,0.45,113,"GF411,G4462,GF306,G4413,GF401,G1419,G4443,G4425,G1453,GF302,G4414,GF301,G4460,G1496,G4520,G4505,G4423,G4522,G4424,G1435,GF311,GF307,GF410,GF309,G4530,G4466,GF506,G4467,G4447,GF507,G1420,G4521,G1443,G4444,G4509,G4434,GF412,G1437,G4510,GF300,GF093,57996,57989,G1407,G4450,59090,G4662,G1422,G4508,GF508,G4511,GF305,G1430,G4442,G4441,G4523,GF500,GF310,G4463,G1439,GF400,G4504,G4526,G4512,G4529,G4432,G4422,G1434,GF303,GF505,G1427,G1417,G1451,G4507,GF409,G4503,GF502,GF503,G1446,G1442,G1455,G4468,G4435,G1452,G4436,G4459,GF406,G1465,G4531,GF312,G1450,G4438,G4524,G1418,GF304,G1459,G1448,G1449,G4458,GF405,G1445,GF403,GF504,G4525,G4501,G4455,G4439,G4500,G4449,G1441,G1431,GF501,GF308"
114.25,22.25,0.49,0.45,173,"G3535,G3794,G1129,G3578,G1146,G3514,G3776,G3631,G3793,G3567,G3725,G3524,G3799,G3747,G1120,G3580,G1173,G3581,G3659,G3522,G3713,G3789,G3779,G3523,G1149,G3577,G1130,G3775,G3742,G1121,G3645,G3773,G3545,G3726,G3534,G3552,G3576,G3519,G3721,G3774,G3640,G3797,G1154,G3579,G3778,G1174,G3527,G1135,G3798,G3549,G3669,G3723,G3752,G3536,G3566,G3517,G1177,G3761,G1125,G3658,G1144,G3563,G3630,G1134,G3547,G3626,G3674,G1182,G3512,G3501,G1184,G3634,G1195,59493,G1133,G1186,G1175,G3691,G3796,G3687,G3730,G1159,G3558,G1166,G3518,G3540,G3641,G3562,G3740,G1188,G3585,G1140,G3582,G3544,G3561,G3627,G1179,G1142,G3675,G3758,G3525,G1172,G3647,G3648,G3554,G1137,G3739,G3560,G3521,G3757,G3668,G1162,G1138,G3506,G3618,G3762,G1161,G3698,G3623,G3619,G3621,G3724,G3720,G3738,G3555,G3684,G3751,G3743,G3737,G3666,G3695,G1163,G3511,G1189,G1165,G3697,G3553,G3787,G3625,G1191,G1187,G3573,G3546,G3565,G3753,G3792,G3718,G3649,G3784,G3717,G1181,G1178,G3533,G1277,G3559,G3696,G3760,G5960,G3694,G3556,G3689,G3979,G3714,G3678,G3650,G3504,G1171,G3749,G1147,G3530,G3788,G3571,GB060"
114.25,22.50,0.49,0.45,353,"G3794,G3535,G3578,G3514,G3567,G3742,G3545,G3659,G3799,G3726,G1173,G3549,G3552,G1146,G3524,G1177,G3723,G3517,G1174,G3534,G1125,G3536,G1120,G3631,G3796,G1144,G1182,G1133,G3577,G1129,G3687,G3789,G3581,G3793,G3721,G1121,G3798,G3523,G3522,G3518,G3747,G1137,G3554,G1149,G3558,G3730,G3779,G3758,G3560,G3527,G3630,G3775,G3579,G1166,G3576,G3621,G3623,G3774,G3797,G1184,G3544,G1138,G3737,G3773,G3580,G1161,G3761,G3743,G3787,G3753,G1175,G3776,G3760,G3519,G1135,G1188,G3649,G3506,G1130,G3778,G3627,G3512,G3739,G3678,G1181,G5960,G1171,G3691,G3547,G3713,G1147,G3559,G1185,G3658,G3645,G3573,G3669,G3762,G3788,G1163,G3749,G3792,G3538,G3751,G3661,G3563,G3562,G1998,G3698,G1165,G3752,G3725,G3566,G3634,G3508,G3696,G3570,G3695,G1162,G3507,G3719,G1172,G6101,G1154,G3740,G3501,G3780,59493,G3689,G6105,G3553,G3731,G1180,G3525,G3622,G1954,G1148,G1159,G6155,G1186,G3754,G6106,G3648,G3684,G3683,G3510,G3511,G5962,G3620,G3509,G6029,G3542,G3572,G3640,G1178,G3561,G3748,G3757,G3626,G3564,GB060,G3537,G3791,G3571,G6107,G1155,G1140,G3724,G1917,G6103,G5303,G3565,G3732,G3513,G6154,G3654,G6104,G3533,G5961,G3539,G3641,G3675,G3541,G3646,G3543,G3504,G3720,G1134,G3674,G1187,G3766,G6096,G3516,G3666,G6110,G1195,G1190,G3520,G3795,G3647,G3551,G3582,G3540,G3738,G3633,G3685,G3657,G5471,G3694,G3555,G3784,G1905,G3548,G3617,G6081,G3662,G3546,G3625,G6083,G3618,G3585,G1142,G3750,G5464,G5460,G3503,G3530,G5467,G3783,G3718,G3697,G1990,G6013,G3653,GB031,G6078,G3574,G3624,G3619,G6090,G3714,G3717,G3521,G3744,G6012,G1959,G1179,G3703,G1953,G3765,G1717,G1702,G3650,M0004,G5457,G3635,G3759,G5446,G1974,M0003,G6079,G3668,G1153,G1196,G1197,M9988,G6082,G1189,G3556,G1701,G5468,G3692,G1906,G5443,G5469,G5470,G3502,59486,G3693,G3715,G5330,G6091,G6131,G3727,G3701,G5964,G6028,G3764,G5458,G3699,G1721,G5463,G3702,G6006,G5445,G3643,G5963,G3531,G3528,G6005,G5459,G1156,G1132,G1145,G1164,G3733,G3768,G5465,G3704,G3671,G3722,G3569,G5448,G1718,G1170,G5328,G6033,G1183,G1955,G3575,G6080,G1191,G3682,G3515,G1139,G1143,G3728,G5475,G3734,G1958,G1979,G3790,G3529,G6095,G3680,G3568,G1151,G1976,59490,G6011,G1968,G5474,G3664,G5441,G3681,G3636,G1930,G6030,G1131,G5447,G3686,G5317,G3688"
114.25,22.75,0.49,0.45,499,"G3748,G3564,G3570,G3780,G3509,G6155,G3622,G1185,G3661,G5471,G1954,G3539,G1171,G3633,G3685,G6101,G3760,G3520,G3678,G3508,G5961,G6106,G3516,G1147,G6083,G6105,G3753,G3683,G3649,G6029,G1998,G6081,G5467,G3662,G3787,G3719,G1959,G6107,G3621,G5446,G3538,G3646,G3788,G6104,G5960,G1137,G5468,G3537,G3554,G1905,G1917,G3737,G3623,G3749,G1181,G5962,G6078,G6154,G3560,G1974,G6096,G3654,G5470,G3796,G6103,G6082,G6090,G6079,G1148,G3758,G3754,G3687,G3743,G3559,G5469,G6110,G1721,G1133,G1177,G3795,G6131,G5963,G5464,G3657,G3517,G3507,G1182,G3731,G1138,G3549,G6012,G3542,G6005,G1953,G3518,G1161,G3723,G3573,G1990,G5964,G3732,G3791,G1125,G3792,G6091,G3558,G1144,G1174,G3545,G3742,G3730,G3726,G5460,G3510,G6013,G3536,G3506,G5475,G1958,G6028,G5443,G1166,G3552,G5463,G5303,G1163,G3567,G3659,G5457,G3544,G1180,G3696,G5474,G3514,G3794,G3578,G6080,G1702,G3513,G5441,G3739,G3799,G3535,G3543,G1173,G3798,G5448,GB031,G1165,G3689,G3534,G3751,G6095,G3750,G3572,G3630,G5445,G1955,G1979,G1930,G3627,G3524,G3762,G5465,G5458,G3721,G6011,G3620,G1906,G1188,G6069,G3577,G1184,G1190,G3695,G1717,G3527,G1146,G5339,G6117,G6030,G3789,G5316,G1120,G1121,G6006,G5476,G3698,G3783,G1175,G1991,G1155,G5459,G3551,G3579,G3631,G3581,G6070,G3553,G3523,G6033,G3522,G5473,G6114,G5472,G3761,G1149,G3512,G3774,G3779,G3744,G1162,G3691,G3793,G3576,G1129,G3797,GB060,G3747,G6098,G3775,G6068,G5338,G5447,G3541,G3701,G1701,G3571,G1164,G5340,G1968,G3547,G1135,G6113,G3764,G5451,G5302,G3574,G1178,G6034,G1172,G3562,G3511,G3773,G3778,G5343,G3693,G1914,G3722,G3658,G3684,G1951,G3653,G3519,G1976,G6115,G3528,G1916,G3580,G5957,G3727,G5321,G3766,G1130,G3669,G3740,G3525,G6102,G5477,G5327,G3563,G3634,G5466,G3504,G5440,G3565,G3635,G5308,G5342,G3617,G6062,G3533,G3648,G5330,G3566,G1927,G6067,G3515,G1946,G3752,G1156,G3501,G3776,59493,G5328,G5320,G3645,G1170,G5326,G3713,G6086,G5442,G6061,G1942,G3503,G1718,G3569,G3757,G5341,G1159,G3703,G3724,G6066,G5449,G1187,G3624,G5325,G3686,G3531,G3548,G5337,G1183,G1186,G1902,G5344,G1980,G5312,G1143,G1154,G3529,G5456,G3561,G5959,G5315,G5393,G6063,G6024,G1720,59298,G3666,G6065,G3728,G3502,59486,G1176,G1984,G3720,G3694,G1132,G3568,G3725,G1957,G3702,G1943,G3790,G1986,G5322,G1140,G3682,G5438,G1193,G5454,G3784,G3532,G1987,G1965,G6073,G6040,G3626,G3675,G5317,G1131,G3738,G3756,G1719,G5300,G5439,G5461,G3692,G5958,G1972,G3765,G3733,G3530,G6085,G3546,G3640,G5313,G1988,G3785,G5945,G3641,G3625,G3647,G1950,G5452,G6156,G3555,G5305,G3664,G5307,G1937,G3550,G1910,G1944,G3671,G3583,G5306,G3582,G1716,G3718,G5437,G3674,G6038,G1908,G3759,G1925,G5450,G5444,G6064,G1784,G1134,G1195,G3699,G3540,G5336,G3714,M0004,G6093,G3557,G1710,G3697,G3618,M0003,G6057,G5323,G5395,G6074,G1197,G1196,M9988,G1153,G3717,G3768,G3650,G3575,G1151,G6039,G6022,G6047,G5394,G1741,G1733,G6060,G3663,G3688,G1145,G1932,G1939,G1142,G6048,G3781,G3715,G1913,G1722,G6025,G3643,G3585,GL509,G5406,G1960,G3636,G3681,G3619,G5422,G5390,G3734,G6037,59297,G3746,G3556,G1139,G3680,G1933,G3521,G5944,G6035,G6058,G1152,G1941,G1940,G1189,G1779,G1712,G1711,G3704,G3526,G6036,G6123"
114.25,23.00,0.49,0.45,490,"G5338,G5339,G5316,G6070,G5342,G5343,G5321,G5474,G5327,G5302,G6069,G5325,G5473,G6114,G5441,G5341,G1958,G5340,G1991,G5475,G5476,G6068,G1720,G5451,G5326,G5320,G1930,G6115,G6117,G1927,G5439,G5393,G5337,59298,G1914,G1946,G6095,G6066,G5963,G5438,G6113,G5468,G5300,G1721,G5322,G5395,G6005,G5957,G5446,G6086,G5470,G6067,G5312,G6011,G5472,G5394,G1979,G1719,G1959,G5305,G1951,G6080,G1974,G6030,G5422,G6131,G1741,G5308,G5469,59297,G1957,G5452,G6082,G1716,G5315,G1784,G5964,G6065,G6098,G1710,G5467,G5437,G6079,G1980,G5323,G5471,G6083,G1988,G6078,G5306,G6063,G6091,G3685,G3633,G1799,G1955,G1712,G5448,G6081,G3662,G6090,G5418,G6073,G5344,G3520,G5463,G1965,G5307,G6028,G1780,G1908,G1779,G3539,G1905,G5397,G6102,G5440,G5412,G6012,G3516,G3564,G5406,G5465,G1797,G1953,G3748,GL251,G5961,G5447,G5456,G5301,G1916,GL257,G1773,G1902,G5436,G3509,G1711,GL256,G6064,G5443,G3646,G1986,G5464,G5361,G1972,G5445,G5311,G1990,G5390,G1714,G6034,GL255,G5396,G6025,G6024,G6155,G6104,G6040,G6022,G6096,G6061,G5449,G1968,GL254,G3622,G6107,G1954,G5466,G3780,G5405,G1925,G1917,G5409,G6106,G5454,G6154,G6029,G1705,G3537,G3570,G1798,G3654,G5458,G3657,G6033,G6013,G5457,G3683,G1941,G1939,G5450,G1950,G5359,G6062,G3795,G6074,G5460,G6101,G6110,G6105,G1702,G5398,G1937,G6103,G5404,G3661,G3508,G1943,G5435,G5962,GL253,G5444,G5945,G6006,G1940,G1942,G5392,G5391,G1722,G5459,G6038,G1185,G1984,GL252,G5357,G5461,G3719,G5442,G1976,G1906,G5345,G1171,G1998,G5477,G6039,G5944,GB031,G1147,G3678,G5425,G3754,G3732,G3760,G1148,G3538,G1977,G3788,G3791,G6093,G5413,G3542,G3753,G3649,G1164,G3749,G6026,G1786,G5455,G5388,G1774,G5363,G5434,G1717,G5960,G3750,G3787,G5959,G5462,G6023,G3731,G1181,G5400,G6016,G1987,G1747,G1913,G3722,G3507,G6035,G3621,G5303,G3737,G3559,G5401,G6027,G6156,G3701,G3510,G1910,G5416,G5358,G1952,G3623,G3543,G1787,G1137,G3513,G1715,G3554,G5310,G3743,G6014,G3764,G3783,G3560,G1962,G1791,G1783,G5430,G6021,G1743,G1928,G5403,G3573,G1944,G6037,G3792,G1740,G6144,G5389,G5362,G1701,G5429,G1733,G3686,G6015,G5958,G3744,G3758,G5309,G3528,G3532,G5417,G1190,G1138,G6047,G1180,G6036,G1793,G3796,G3693,G3515,G1912,G1161,G6009,G3687,G6094,G6020,G5427,G1992,G3572,G5386,G3696,G1744,G6043,59492,G1133,G5387,G5382,G1981,G1163,G5328,G6085,G3506,G3518,G1176,G1182,G5379,G3551,G5380,G3689,G1792,G1177,G1170,G3620,G3727,G1932,G3517,G6076,G3558,G3529,G3549,G3574,G3730,GL504,G1993,G1165,G5360,G5384,G1125,G5432,G3723,G1718,G1144,G1155,G1748,G3751,G3569,G1742,G1166,G1156,G3739,G1193,G3153,G3544,G1143,G1174,G9598,G9536,G3756,G1775,G1949,G5383,G5313,G1918,G3536,G3583,G3545,G3568,G3653,G1183,G3695,G3742,G3762,G3726,G6046,G5431,G5504,G5330,G5424,G1973,G3785,G6048,G1785,G6042,G3541,G3627,G3154,G3552,G5378,G3728,G1703,GB060,G3553,GL509,G3635,G3790,G5317,G1188,G6044,G5381,G3698,G3630,G3798,G1131,G3659,G1934,G1739,G3571,G3567,G3531,G6163,G1933,G1184,G3534,G1995,G3799,G3514,G3550,G6120,G3578,G1173,G3794,G1745,G5385,G6060,G6162,GL508,G1963,G3721,G6057,G3535,G1921,G1175,G9595,G1162,G1960,G5433,G9596"
114.25,23.25,0.49,0.45,344,"GL256,GL254,GL255,G5405,G5418,GL257,GL253,GL251,G5409,GL252,59297,G5436,G5434,G1797,G5422,G5363,G1799,G5394,G5416,G5435,G5395,G5401,G1705,G5430,G1712,G5362,G5397,G1783,G1741,G5429,G1780,G5359,G1787,G5382,G5396,G5361,G5403,G5301,G5412,G5427,G1798,G5417,G5439,G5384,G1785,G5383,G1779,G5413,G5325,G1748,G5425,G1720,G5358,G1714,G5381,G5300,G5357,G5432,G5341,G1773,G5386,G5305,G5404,G1710,G1784,G5311,G5342,G1716,G5433,G5431,G5438,G5323,G1743,G5380,G1742,G5385,59298,G5437,G5393,G5322,G5321,G5327,G1719,G5398,G5452,G1745,G1711,G5326,G5337,G1791,G5343,G5360,G5306,G5320,G5406,G1774,G5338,G1744,G5365,G6066,G5302,G1788,G5378,G1988,G1927,G5400,G1946,G1786,G5375,G5550,G5312,G1715,G1957,G6070,G5391,G5340,G5410,G5316,G1908,G5339,G5379,G6086,G5390,G5451,G6114,G6065,G5473,GL705,G6115,G6068,G5374,G5315,G5307,G6067,G5324,G5353,G5549,G1941,G5392,G6025,G1914,G5389,G1704,G5957,G6069,G6073,G3147,G1991,G1980,G5476,G5388,G5356,G6063,G6113,G6064,G1965,G5310,G5474,G5399,G5424,G6022,G1775,G5345,G5308,G5441,G5543,G5376,G5402,G1951,G5350,G1940,G1789,G6117,G1958,G1939,G5352,G5373,G1977,G5462,G3268,G5366,G1930,G5344,G5387,G5475,GL707,G1747,G5309,G5371,GL706,G1740,G5367,G5472,G5411,G1925,G1746,G9536,G6026,G6095,G1972,G5407,G6074,G5944,G5419,G1713,G9593,G5450,G1722,G1749,G5456,G6023,G6098,G5563,G5455,G5372,G5546,G5355,G1703,G6027,G6011,G9595,G1986,G3269,G1793,G9598,G6040,G3153,G3150,G6030,G1083,G1979,G1962,G5414,G1061,G5351,G5364,G6016,G1792,G5542,G5551,G1902,G1950,G6021,G1912,G5440,G5553,G5444,G5963,G6102,G1937,G6024,G1796,G6005,G6080,G6144,G5454,G6038,G1721,G6020,G6039,G3148,G5564,G1928,G5354,G5468,G3318,59294,G3245,G5423,GL702,G5470,G3317,G9596,G6014,G5945,G1794,G1952,G5449,G5446,G1916,G1992,G6076,G6035,G6061,G6131,G1065,G5408,G5368,G1955,G5964,G5469,G9592,G1755,G1959,G1974,G5448,G5447,G6015,G6093,G3154,G5552,G5369,G6082,G5370,G5461,G1943,G9583,GA033,G1993,G3122,G6079,G5377,G6043,GA032,G5540,G3338,G5466,G1913,G6091,GL710,G6034,G6094,G5314,G1984,G5554,G1973,G5467,G1934,G5463,G5465,G6062,G6028,G5500,G6078,G5428,GP004,G1981,G6083,G1968,59492,G9553,G5471,G6090,GA034"
114.25,23.50,0.49,0.45,239,"G5549,GL705,G5365,G1785,G5433,G5381,G5353,G5546,G5356,GL707,G5563,G5382,G5383,G5385,G5367,G5553,G5384,GL702,G5402,G5362,G5416,G1748,G5430,G5401,G5364,G5355,G1783,G5542,G5429,G5434,G5366,G1745,G5427,G5363,G5431,G5374,GL706,G5554,G5540,G1788,G5423,G5432,G5354,G5403,G5373,G1787,GL252,GL253,G5417,G5410,G1789,G5399,G1742,G5414,GL703,G5550,G5386,G1704,G5405,G5552,GL254,G5371,G5556,G5409,G5435,GL255,G5564,G5375,G5380,G5372,G5369,G5541,GL256,G5411,G5547,G5543,GL257,G5358,G5551,G1796,G5376,G5378,G1755,G1749,GP201,GL251,GL710,G5436,GL709,G1705,G1746,G1743,59290,G1523,G5360,G5370,G5324,G5418,G1797,G3150,G5413,G5350,G5359,G4975,G5408,G5544,G5425,G5419,G3147,G1744,G3148,G3268,G1794,G1799,G5368,G1798,G5396,G5352,G5545,G5357,59297,G5397,G1791,G5361,GP203,G5422,GP004,G5407,G4843,G1712,G5351,G5301,G1713,G1780,G1061,G5394,G1501,G5404,G5412,G5428,GP202,GL701,G9727,G5395,G5379,GL708,G1714,G9593,G1752,G1741,G1790,G1781,G1750,GP200,GA033,G1779,G1774,G1753,G4801,G4708,G9530,G1773,G1715,G5311,G5398,G5377,G9592,G3369,G5424,GL704,G5400,G9728,G5561,GA032,G1775,G4734,G3323,G1786,G1507,G3421,G1795,G3269,GA034,G1782,GP005,GA035,G5439,G1065,G1711,G5389,G1710,GP206,G1784,G5323,G1572,G3248,GA036,G5305,G1716,G5300,G3348,G9751,G1063,G1720,59294,GA030,G5437,G1083,G1580,G5325,G5391,G3106,G5406,G1060,GA029,G5438,GA031,G3247,G9553,G9595,G5341,G5452,G5310,GP001,G4733,G1719,G1506,G5322,G4805,59298,G5306,G4803,G3105,G3424,G3317,G5387,G5393,G9536,GP003"
114.25,23.75,0.49,0.45,187,"G5556,59290,G5547,G5545,G5554,G5544,GL702,GL703,G1752,G5540,G1523,GL704,G5541,G5553,GP203,GP201,G5546,G5561,G5563,G1753,GP202,G4975,G5423,G5364,G5542,GL707,GP206,GP200,G5354,G9727,G5367,G5549,G5355,G3421,GL705,G9728,G5353,G5552,G1476,G5356,G3369,GL709,G4658,G4734,G4843,G5402,G1517,G9530,G5365,G1084,G5366,G5369,GL706,G4651,G1063,G4669,G1519,G4659,GL708,G1475,G1423,59097,GF807,GL710,G5414,G5564,G3424,G3106,G1421,G4655,G5373,GP210,G5433,G1755,GF800,G9751,GF801,G4708,G4559,G5381,G4805,G1785,G1789,GP005,GP209,G3368,G5370,G5374,G9702,G4856,G4733,G5372,G5385,G1796,G5371,G1506,G4657,G5399,G9750,G5551,GF808,G1750,G3348,GF806,G5383,G4801,G1788,G1745,G5411,G5408,G1082,G5382,G1501,G5384,G5410,G1749,G1748,G1057,G1478,G1704,GP004,G5431,G4653,GP214,G4654,G5362,G4652,G3150,GL701,G5543,G3365,G1746,G5368,G1794,G5430,G1507,G5427,G1508,G5432,G5416,G1528,G5550,G5376,G5429,G1783,G1580,G3148,G5401,GF809,G5428,G1790,G4803,GP006,G1481,GF805,G5375,G1781,G1509,G5434,G1742,G5363,G5403,GP104,G4731,G9730,G4706,G5417,G5419,G1787,G1085,G4624,G5350,G3248,G5386,GP208,G1526,GF802,GP001,G4846,GP213,G3425,G3323,G3105,G1483,G3349,G1527,G5380"
114.25,24.00,0.49,0.45,163,"G1476,59097,GF800,G4655,G1421,G4559,GF801,G4669,GF807,G1475,G4657,GL704,G4658,G1423,G4659,GF806,G1752,G4653,G5561,G1519,G1481,G5545,G4624,GP104,GF808,G4654,G1517,G4651,GF805,GF802,G4846,GP206,G1753,59290,G5544,GP209,G1540,G4656,GP203,G4740,G4623,G1084,G1473,G5547,GF091,GP105,GP202,G3421,G5556,G4634,G1523,G1528,GP200,G9870,G4638,G4897,GF803,G1488,G9728,GF809,G4652,G4660,G9852,G9727,GP201,G4650,G3368,GP210,GL703,G1478,G9851,G4742,G4641,G5541,G4734,G5554,G3369,G1495,G9868,G1063,G4975,G3424,G9750,G4894,G9853,G5540,G9869,GF604,GL702,G4642,G3106,G9850,G9530,G1057,GP214,G4640,GF804,59094,G9702,G4805,G1499,G5553,G4843,G1486,G4899,G9867,G4856,G1483,G1482,GP112,G1485,G4558,G9751,G5546,GF607,G9866,GF810,G4847,GF600,G5563,G4644,G4733,G5423,GP107,GP211,G3365,G1506,GL708,G4895,G1518,G9860,GF811,G1542,G5354,GL709,G5542,G5364,G9854,GP205,G8544,GP115,GP208,G1516,GP005,G4896,G1082,G4632,G9861,G4635,G9865,G5552,G4708,GP106,G2737,GL707,G5355,G5367,GP006,G1490,G4969,GP213,59096,GP212"
114.25,24.25,0.49,0.45,154,"G1488,G4623,G4624,G4656,G4638,G9852,G1481,G4897,G1473,G4642,G9853,G9851,G1540,GP104,GP105,GF604,G4846,GF802,G4653,G4641,G1486,G1499,59094,G4742,G4899,G1542,G4740,GP107,G9854,GF806,G9870,G9850,G4657,G4559,GF800,GF805,G9860,G9861,G9868,GP106,GP115,G4644,G1490,G4655,G1421,G4640,GF801,G4634,59097,G1495,G9855,GF602,GF607,G4645,G4654,G1485,GF091,G4847,GF807,G4637,G4896,G4669,G9862,G1475,G9856,G4748,GF601,GP113,G9869,G1476,G4635,G4650,59096,G1423,GP112,GP108,GF803,G4633,G4744,GF808,G9866,G4659,G9857,G9865,GF600,G4895,G4643,GP114,GF603,G4658,G9867,G1546,G1519,G1484,G4660,G9863,G1494,G9858,GF804,G4894,G4632,G4636,GP209,G4845,G9874,GP111,G1528,G9864,G9859,G4651,G1482,G4629,GP110,G9873,G8544,GF809,GL704,G1517,G4646,GF605,G1544,GP103,G5561,G4652,G4893,G1752,G9875,G1548,G4558,G4631,G4891,G1478,G2755,GP206,G1084,G2746,G1541,G9871,G4416,G1543,G8539,G5545,GF606,G4515,G4898,G2776,G1493,G1753,G9876,G4668,G1440,G4431,GP102,G4892"
114.25,24.50,0.50,0.45,153,"G4637,G9855,G9857,G4744,G9858,GP108,G9854,G1542,G1490,G1494,GF602,G9861,G9856,GP106,G4643,GP107,G4646,G4645,GF603,G4642,G9860,GP115,G1484,G1486,G4633,GF601,G1499,G9859,G9853,G4748,GP113,G4899,G4515,G9862,59094,G4644,G4514,G1488,GF604,G4416,G9852,G4448,G1489,G1444,G4638,G9851,G4897,G9850,GF094,G4502,G1469,59096,GP110,G9863,G9864,G1468,GP114,G4896,GF607,G4623,G1467,G4636,G4641,G4668,G4640,G4635,G1440,G1473,G4527,G1485,G4847,G4742,G4656,G4845,G4454,G4431,G4528,G9868,G1544,G1546,GP105,G9865,G4453,G4624,G9875,G1540,G4506,G9870,G4891,G4625,G9876,G1495,G1481,G9866,G4533,GF501,GP104,G4846,GP112,G4895,GF802,G4740,G9874,G9873,GP111,GF600,G4500,G4661,G4634,G4501,G9869,G4653,GP109,G1493,GF606,G9877,G4639,G4629,GF805,GF605,G9867,G4631,G4632,GF806,GF091,G4650,G1450,G9871,G4657,GF803,G4513,G1441,G4654,GF503,G4622,G4559,G4503,GF800,G4893,G1424,G8539,G2755,GF502,G4898,GF505,G9872,G4507,G4665,GF504,GF801,G1421,G4655,G4862"
114.25,24.75,0.50,0.45,127,"G1444,G4448,G4514,G4515,G4506,G4500,G1489,GF501,G4646,G1467,G4502,G1469,G1450,G4416,GF094,G4501,G9858,G1441,G4513,GF504,G4503,G4507,GF505,G1494,GF503,G1468,G9857,G4533,GF502,GF500,G4527,G4744,G4511,G9859,G4508,G4528,G1451,G4637,GP108,G4643,G4662,G4512,G4668,GF603,59090,G4454,G1484,G9855,GF409,G4625,G1440,G4509,G9856,G1443,GF508,G4453,G1427,G4661,G4468,G4450,GF602,G4622,G4431,G4504,G1490,G1434,GF412,57996,G9854,GF507,G4633,GP106,G4645,G9861,G1542,G4447,GP110,G4436,GF601,G4748,GP113,G9864,GP107,GP115,G4455,G4531,G9860,G4510,G9862,G1424,GF506,G1422,GF305,G4434,GF405,G9876,G4466,GF400,G1486,G4636,G4613,G4642,G9863,G4891,G4665,G1499,G1544,G9875,G4639,G4505,GP114,G1407,G4899,G4644,GF310,G4845,59094,G9853,59096,G4432,G4464,GP109,GF604,G4896,G4523,G4459,G1496"
114.25,25.00,0.50,0.45,113,"GF409,G4511,G4450,G1427,GF504,GF412,57996,G1434,G4468,G1450,G1443,G1441,GF507,G4509,G4513,G4507,G4503,G4436,G4434,GF500,G1422,G4500,GF505,G4466,GF400,G4508,G1407,GF503,G4455,G4662,GF405,G4447,59090,G4432,GF502,GF501,G4463,G4506,G4459,G1451,G4467,G4505,G4512,G4501,GF508,GF410,G4464,GF401,GF506,G1431,G4460,G1444,G4504,G1435,G4462,GF406,G1496,G4510,GF411,G4448,G4435,G4414,G4514,G4458,G4449,G1432,G1467,G4452,G4461,GF305,GF309,G4515,G1430,G1489,G4533,GF408,G4502,G1469,G4433,GF301,G4522,GF094,G4531,GF310,GF403,G4622,G4416,GF404,G4646,G4456,G4523,G1420,G4413,GF407,G1468,G4527,G4528,G4451,GF306,GF302,G4661,G4425,G4520,G4443,G1433,G9858,G1419,G4625,G4530,57989,G4613,G4454,G4524"
114.25,25.25,0.50,0.45,95,"G4467,GF410,G1435,G4460,G1407,G1430,G4463,G4434,G4466,G4432,G1422,G4435,GF400,GF406,GF401,G4459,57996,G4458,GF412,GF411,G4450,GF403,G1434,G4436,GF507,G4449,G1427,GF405,G4462,G4468,GF409,G1431,G4452,G4455,G1443,G4505,G4425,G4464,G4456,GF404,G4509,GF306,G4443,G4511,G4423,G4447,G1496,G4461,G1419,G4433,G4414,G4424,G4413,G1453,GF504,GF500,GF301,GF506,G1441,G1433,G4507,G4508,G1450,G4513,G4451,GF302,59090,G4503,GF311,G4522,G1432,GF505,G4662,G4520,GF407,GF309,GF408,G4465,GF503,GF502,GF508,G4500,G4512,G9885,G4510,G1451,G4457,GF307,G4530,G4504,G1420,GF402,GF305,GF501,G4501"
114.50,22.25,0.49,0.45,60,"G3640,G1134,G3725,G3668,G3674,G3582,G3626,G1154,G1140,G3566,G1159,G3563,G3625,G3666,G3724,G3525,G3512,G1172,G3533,G1162,G3511,G3627,G3762,G3567,G3536,G3544,G3695,G3571,G3730,G3794,G1125,G1165,G3624,G3578,G3545,G3535,G3723,G3541,G1163,G3689,G3514,G3742,G1133,G3549,G1138,G3687,G3792,G3726,G5335,G1177,G3659,G3799,G3796,G1146,G3623,G1173,G3517,G3524,G3552,G1174"
114.50,22.50,0.49,0.45,231,"G1154,G3725,G3640,G3626,G3566,G1159,G1140,G3563,G3674,G1134,G3582,G3525,G3724,G3666,G1172,G3625,G3512,G3533,G3511,G1162,G3668,G3627,G3571,G3762,G3695,G1165,G3541,G3544,G3624,G3689,G1163,G3730,G3536,G3792,G1138,G1125,G3723,G5303,G3567,G1133,G3731,G5330,G3542,G3545,G3687,G1181,G3749,G3623,G3754,G3549,G3788,G3794,G3538,G1701,G3787,G3742,G3796,G3578,G3719,G3753,G1717,G1137,G1177,G3535,G1147,G1718,G1735,G3795,G5335,G3514,G3508,G3654,G3537,G5328,G3683,G3657,G3726,G5460,G3517,G1171,G1702,G3554,G5457,G3659,G3646,G5317,G5464,G3622,G3799,G1174,GL510,G3760,G1182,G3552,G5459,G3621,G3780,G5458,G1173,G1185,G3560,G5443,G3516,G1144,G5336,G3524,G3758,G3570,G3678,G1146,G5445,G3539,G3649,G3520,G3518,G3534,G3737,G3662,G3661,G3748,G5313,G3558,G1120,G3577,G5463,G3631,G3633,G3798,G3789,G5960,G5465,G3721,G3743,G3564,G1129,G1706,G5477,G3581,G5467,G6101,G1121,G3509,G1166,G3793,G6155,G1954,G3523,G1998,G3522,G1161,G3630,G5415,G5510,GL512,G5448,G5469,G1149,G3747,G3527,G3779,G3559,G5503,G5471,G5521,G6105,G3579,G3506,G6106,GL511,G3775,G3576,G3774,G5442,G1184,G3573,G5447,G5470,GL513,G3739,G3797,G6029,G3685,GL509,G1188,G1721,G3761,G3773,G1175,G5466,G5961,G3507,G3580,G5446,G5962,G1148,G1135,G6107,G3778,G3519,G3776,G1130,G3751,G5468,G1917,G3691,G6083,G6104,G3696,G3547,G6154,G3713,G3658,G6081,G6103,G3698,G1959,G3645,G3669,G1180,G6096,G3510,G1905,G3562,G5502,G3791,G5449,G5440,G3732,G3752,G6110,G5472"
114.50,22.75,0.49,0.45,330,"G1717,G1701,G1702,G5459,G5457,G5460,G5303,G5458,G5328,G5330,G1718,G5445,G3795,G3657,G5443,G3542,G5464,G3541,G3731,G3654,G3754,G3689,G5465,G3571,G5477,G5463,G3537,G1165,G3695,G5317,G3792,G3646,G1163,G3624,G5448,G5447,G5442,G3762,G3683,G3511,G3719,G5313,G1162,G3749,G3533,G5466,G3538,G3516,G3662,G3788,G3627,G1181,G5336,G5469,G1138,G3544,G1172,G3508,G3520,G3525,G3539,G5467,G3512,G1147,G3622,G3724,G3730,G3787,G5440,G5449,G1721,G5470,G3753,G3633,G3666,G3623,G5472,GL509,G3563,G3780,G1159,G3536,G3566,G5461,G1171,G3748,G1125,G3625,G1133,G3687,G5521,GL512,G1140,G5454,G5456,G5471,G1733,G1735,G5446,G1137,G3723,G3570,G1154,G5475,G3564,G5344,G5308,G5468,G3626,G1185,GL510,G5476,G3796,G3760,G5441,GL505,G3549,G3582,G3509,G5444,G3545,G3725,G3661,G3640,G3685,G3674,G3567,G5451,G3678,G6155,G3554,G1177,G1134,G5473,G5450,GL504,G1954,G5474,G3621,G1959,G5315,G6101,G3742,G3649,G6083,G5502,G5335,G3517,G5312,G3560,G5961,G1722,G3794,G5302,G6106,G5503,G3737,G5320,G6105,G1998,G6081,G3726,G1739,G3578,G5504,G5307,G5960,G3668,G1182,59492,G3758,G6029,G1974,G5343,G5337,G3535,G5515,G5963,G3514,G1958,G5339,G1174,G6107,G6078,G1905,G6082,G5316,G6104,G5338,G3743,GL513,G3659,G6079,G1144,G1917,G3518,G5321,G6005,G5322,59298,G5455,G5962,G3552,G1719,G6131,G5306,G6090,G3559,G6154,G6096,G3799,G5452,G3558,G1706,G6103,G1148,G1161,GL516,G1173,G6070,G6069,G5964,G5342,G3507,G5345,G5300,G3573,G5305,G1716,G6110,G6012,G3524,G1166,G3534,G6091,G5323,G1953,G1930,G3506,G1710,G1734,G3798,GL511,G1990,G6095,G5462,G6114,G3732,G1146,G3791,G1991,G6080,GL508,G3577,G3721,G3630,GL506,G6028,G3510,G1711,G1120,G1979,G6117,G3739,G3789,G5522,G6013,G5519,G6011,G5340,G3631,G3696,G1121,G5327,G6068,G5325,G3527,G1180,G3581,G1184,G3751,G5510,G5415,G1955,G3523,G1188,G3522,G1129,G5517,G3656,GL503,G6030,G5341,G3579,G3793,G3513,G1149,G5506,GL502,G3543,G3779,G3572,G5309,G1175,G5311,G3747,G3774,G1126,GB031,G3576,G6113,G3750,G3761,G3775,G1914,G3620,G6115,G3797,G1116,G3698,G5310,G1720,G1124,G1714,G5326,G1906,G6098,G5500,G1190,G3691"
114.50,23.00,0.49,0.45,319,"G5344,G5456,G5454,G5308,G5450,G5440,G5315,G5449,G5444,G5307,G1722,G5312,G5461,G5472,G5466,G5306,G5447,G5452,G5337,G5455,G1719,G5451,G5320,G5442,G5322,G5345,59298,G1716,G5323,G5476,G1733,G5305,G1710,G5477,G5448,G1711,G5462,G5465,G5473,G5300,59492,G5302,GL504,G5463,G5343,G5445,G5311,G5321,G5458,G5441,G5504,G5475,G5459,G5309,G5443,G1714,G5310,G1721,G5469,G1739,G5342,G5301,G5338,G5457,G5474,G1702,G5470,G5515,GL508,G1712,GL509,G5313,G5396,G5464,G5460,G5339,G1798,G1715,G5517,GL505,G1717,G5316,G1799,G5467,G5328,G3662,G5500,G3657,GL506,G5325,G1701,G3795,G5395,G5422,G1703,G5446,G1718,G5468,G5317,G3646,G1797,G3516,G6070,G3654,G5336,G1791,G3520,G3633,G5379,G3537,G1958,59297,G5341,G3539,G5327,G5521,G6069,G5303,G5471,G5330,G3683,G3542,G1744,G1720,GL512,G1743,G3754,G6114,G5394,G5522,G1959,G5418,G3731,G5502,G5409,G5340,G3622,G3748,G5963,G3719,G1991,G5439,G3508,G6068,GL256,G3685,G3564,G1930,G5326,G3538,G6005,G3780,G3749,G6083,G1974,G3788,G5380,G5314,G3541,G5393,G6117,G3792,G3689,G1147,G6095,G1741,GL254,G1787,G5417,G1181,G6082,G5438,G6115,GL255,G1927,G6131,G5378,G3509,GL257,GL252,GL253,G6081,G3570,GL251,G6079,G1914,G3571,G1163,G1946,G6066,G1165,G3753,G3624,G1171,G3787,G1742,G6078,GL507,G5405,G6113,G3695,G5964,G6155,G5324,G5961,G1979,G6011,G1138,G6080,G5363,G5957,G1783,G5427,G6090,G6086,G1185,G3762,G1954,G5436,G1905,G6067,G3623,G5401,G1784,G3661,G5375,G6030,G5352,GL510,G6091,G3511,G3544,G3760,G1951,G5397,G1780,G1162,G6101,G5434,G5362,G3627,G5437,G6106,G3533,G1957,G5501,G3730,G1587,G1735,G1748,G3678,G5503,G6029,G6098,G6104,G6012,G6107,GL516,G1137,G6105,G1713,G5407,G6065,G5412,G1955,G5350,G1953,G6028,G1172,G1779,G5507,G1917,G6096,G3687,G1988,G1980,G1133,G1745,G5416,G5382,G3649,G1998,G6154,G1705,G3512,G5435,G1125,G1734,G5361,G3525,G1126,G3536,G1591,G1788,G3621,G1990,G3796,G6063,G5410,G3724,G3554,G5962,G1586,G5351,G1773,G5376,G6103,G3723,GL513,G1704,G5359,G5960,G6073,G3656,G3666,G6110,G5419,G3737,G1908"
114.50,23.25,0.49,0.45,241,"G1791,G1715,G5379,G1744,G1743,G1798,G1714,G5311,G5396,G5310,G5380,G5301,G1711,G5378,G1742,G5309,G5324,G5417,G1703,G1712,G5375,G5462,G1787,G5345,G5323,G1797,G1710,G5352,G1799,G1716,G5306,G5427,G5350,G5452,G5305,G5407,G5409,G1713,G1783,G1745,G1748,G5307,G5410,G1719,G1788,G5455,G5376,G1704,G5300,G5322,G5351,G5314,G5419,G5362,G5401,G5363,G5422,GL252,59298,G1722,GL253,G1746,GL256,G5315,G5312,G5500,G5374,G5337,G5399,G5382,G5450,59297,G5418,GL254,G5411,G5395,G5434,G1749,G5320,G5371,G1789,G5377,G5444,GL255,G5517,G5381,G5344,G5405,G5416,G5308,G5372,G1794,GL508,G5373,G5456,GL257,G1591,59492,G1586,G5368,G5454,GL251,G5394,G1782,G5321,G1796,G5451,G1785,G5342,G5302,G5408,G5343,G5365,G5366,G1587,G5414,G5428,G5402,G5325,G5461,G5440,G5356,G5436,G5430,G5449,G5473,G5353,G1572,G5504,GL506,GP004,G5472,G5476,G5370,G1790,G1781,G1795,GL504,G5338,G5435,G1739,G5341,G1733,GP003,G1741,G5429,G1720,GP002,G5367,G5515,G5355,G5433,G5439,G5466,G1705,G5383,G5397,G1588,G1501,G5369,G5384,G5549,G5327,G1598,G5447,G5339,G5441,G1780,G5403,G5364,G5316,G5354,G5442,G5359,G5475,G5474,G5412,G5361,G1592,G6070,G5423,GL507,G5507,G5438,G5385,G5448,GL705,G5393,G1779,G5432,G5477,G5326,G1507,G1784,G5465,G5522,G1573,G5431,G4801,G5413,G4902,G5358,G6114,G5425,G5546,G5386,G5340,G4822,G1721,GL514,G5437,G1773,G5463,G6069,GL505,GP001,G1582,G5357,G6066,G1927,GP514,G6068,G5404,G5445,G5469,G1958,G5470,GL509,G1946,G1991,G6115,G5458,G5459,G1580,G5443,G4900,G5540,G6086,G5398,G1914,G1957"
114.50,23.50,0.49,0.45,202,"G5371,G1789,G5372,G5411,G5399,G5373,G1749,G1796,G5414,G1704,G1746,G5374,G5376,G5366,G5410,G5408,G5370,G1794,G5368,G1788,G5419,G5402,G5350,G5369,G5375,GP004,G1745,G5356,G5355,G5428,G5351,G5324,G5407,G5354,G5352,G1501,G1713,G5367,G1790,G5364,G5378,G1781,G1742,G5353,G5423,G5377,G5380,G1748,G1795,G5365,G1782,G4801,G5417,G1572,G5427,G1507,G5381,G1744,G1743,G1787,G5549,G1783,G5382,G4708,G4843,GP003,G5546,G5540,G5362,G1791,G5379,GP001,G1580,G4975,G5401,G1785,GP201,GP005,GL703,G4803,G5363,GL702,G5554,GP002,G1715,GL705,G1523,G4706,G1798,G5434,G5416,GL252,G1586,G5433,G5409,G1591,G1508,GL253,G5396,G5314,G1506,G4733,G1703,GP200,G5547,G4734,G1582,GP202,G5553,G1595,G4902,GP514,G1714,G1797,G5563,GP203,G5301,G4805,G5430,G1588,G5310,G5311,G4856,G5383,G1509,GL254,GL256,G5556,GL707,G4822,G5384,G1799,G1712,G5405,G4731,GL255,G5309,G5429,G5385,G1711,G1502,G1587,G1526,59290,G1598,G1527,G5418,G1571,GL257,GP006,GP206,G5545,G5542,59293,GP210,G5422,G1573,G5462,G5403,GL251,G5431,G5323,G5345,G1710,59297,G5432,G5435,G1592,G1716,G5500,G5436,G5305,G5395,G5306,G4900,GL706,G5452,G5541,G5544,GP510,GP213,G5300,G1719,G1705,G5386,G5455,G5394,G1517,G4901,GP214,G1752,G5322,G5307,G5517,GP208,59298,GL704,G4973,G5552,G5358,G5550,G5359"
114.50,23.75,0.49,0.45,171,"G4843,G4975,GP200,G4734,GP202,GP201,G4708,GP005,G4805,G1523,GP203,G4733,G1506,G4856,GP206,GP210,GL703,G5369,G5423,G5354,G4801,G5540,G1508,G5547,G5364,G1517,G5355,G1580,G5370,G1509,G4803,G1501,GP006,G1507,G4731,G4706,G5554,G5414,GP214,G5545,G5367,G1526,G5366,G1527,G1796,GP004,G5408,G5402,59290,G1502,GP213,GP001,G5372,GL702,G5373,G5546,GP208,G5556,G5356,G1790,GP209,G1781,G1519,G5371,59293,G1789,G5428,G5368,G4969,G1794,GL704,G1749,G5411,G5353,G1752,G5399,G1795,G1516,GP211,G5374,G4973,G1746,G1528,G5549,G1475,G4669,G5544,G5553,G1704,G1572,G5376,G5365,G1571,G5419,G5410,G1782,G1788,GP212,G5563,G5377,G1595,GP003,GP205,G5351,G5350,G1745,G5561,G1503,G1476,GP510,G1518,GL705,G5407,G5375,G5541,G1713,G5352,G5381,GP204,G5324,G1582,G4735,GL707,GP514,GF806,G4559,G1748,GP002,G1753,G1742,G5378,59097,G4894,G4902,G5542,GF800,GF805,GP218,G1785,G1521,G5427,G4653,G1421,G4655,G5382,G5380,G4658,G5417,G5433,G4736,G4650,G5362,G1783,GF807,G1787,G1515,GF801,G4822,G9727,G4846,GP104,G1423,G4659,G4740,G1512,G4892,G5401,G3421,G1743,G1576,G1744"
114.50,24.00,0.49,0.45,155,"GP209,G1528,G1519,G1517,G1475,G4669,GP210,GP206,GP214,G4894,GF805,GF806,G4650,GP211,G1518,GP205,G4653,G4734,GP200,G4740,G1516,GP202,G4846,GP208,G4559,G4856,G4805,GP104,GP212,GP203,GP204,G4969,G1540,GP213,GP105,G4733,GF800,GP006,G4892,G1506,G1476,GL704,59097,G5545,G1515,G1523,G4655,G1421,G4975,G4742,G1548,GP112,GP215,G4843,GP201,G1521,GP218,G1752,G1541,G4731,GP005,G1526,GP101,GP103,G1527,G1509,G1481,G4973,G4895,G5547,G4971,GF801,G4624,G1508,G4708,G4897,G4657,59290,GL703,G1502,G1543,GF807,G4741,G4847,59293,G1512,G4893,GP219,G5561,G4658,G1423,G4659,G4706,G5556,G5540,G5544,G4970,G4896,G4803,G1488,GP102,G5554,G1503,G4656,G1545,G4623,G4899,G1546,G4739,GP111,G1580,G4801,G5423,59096,GP216,GF802,G1473,G5354,GP217,G1513,G5369,G4968,G1753,G1507,G4638,G4743,G4654,GL702,G5364,G9852,GF808,G4735,GP115,G4898,G1547,GP114,GP107,G4651,G5355,G1501,GP001,G4642,G1571,G5546,G5370,G1520,GP113,G5367,G4748,G1522,G1554,G9851,GP305,G9853,GP510"
114.50,24.25,0.49,0.45,152,"GP112,G4742,G4895,G4650,G4847,G4740,GP105,G4896,G4846,G1546,G1540,GF805,59096,G4894,G4897,G4899,GP111,GP103,GP104,G4893,GP114,G1548,GP115,G4653,GP113,G4748,G1541,G1543,GP107,G4845,GF806,G1528,GP102,G4898,G1488,G4892,GP106,G1544,G4741,GP209,GP101,G1542,G1475,G4624,G4642,G1481,GP110,G1518,G4669,G1519,G4559,GP215,G4891,G4623,G1515,G4743,G1545,G1554,G9852,GP108,G4656,G4638,GP204,GP205,G9855,GF800,G9853,G9854,GP305,G4744,G1473,G4971,G1547,G4637,G1517,GP109,G4759,GP211,G4655,G1421,59097,G4970,G4756,G9851,G1486,GP212,G4657,GP303,GP219,G4831,G1490,G9861,G4862,GF604,G1499,G1516,G1521,GP218,GP214,GF802,GF801,59094,G4754,G1476,G4739,GF602,G9860,G4833,G4641,GP210,GP206,G9857,G1557,GP304,GP208,G4645,GF807,G9850,G1556,G4933,G9870,G1512,G4969,G9856,G4644,G1513,G1520,G9858,G4755,G9868,G1423,G4654,GP216,G1494,G4640,GP213,G4659,G4634,GL704,G1559,GF607,GP306,GP313,G4643,GF601,G1495,G4658,G9862,G4734,G4633,GP217,GP200"
114.50,24.50,0.50,0.45,119,"GP110,G4845,G1544,GP114,GP113,G4748,G4891,59096,G4896,G1546,GP115,GP108,GP109,GP106,G4744,G4847,GP111,GP107,G4899,G4637,G4895,G1542,G9855,G4862,GP112,G4898,G1557,G4742,G4759,G4893,G4756,G4897,G9854,G9858,G9857,G4642,G4833,GP102,GP103,GP105,G1490,G4754,G4646,G1488,GP313,GP303,G1494,G1554,G9861,G1543,G1444,GF602,G4740,G1540,G4650,G4831,G1548,G9856,G9853,G4846,G1541,G1486,GP305,G4643,G4515,G4743,G4645,G9852,G4514,G4448,G9860,GP104,G1499,G4638,GF805,GF603,G4894,G4623,GP300,G4741,59094,GF604,G1484,G4753,G1489,G1559,G1547,G1545,G4633,G9859,G9851,GF601,G4416,59099,G4653,G4656,G4624,G4832,G4644,G4755,G4892,GP101,G1473,G9862,G4933,G1481,G4502,GF806,G1469,G9850,GF094,G4757,G1467,G4641,G4506,GP215,G4513,G4500,GP312"
114.50,24.75,0.50,0.45,100,"G4513,G1444,G1441,GP110,G4891,GF504,GP109,G1544,GP108,G4500,G4744,G1557,G4448,G4514,G4646,G4845,G4515,G1450,G4748,GP113,G4862,G9858,G4506,G4637,GP114,G4468,GF409,G4455,GP313,G1432,G1427,G1489,GF501,G9857,G4436,G1434,GP106,G9855,GF408,GP115,GF405,59096,G1494,G4507,G4511,G4464,G4503,G4759,G1467,G4416,GP107,G4896,G1546,G4756,G4502,GF505,G1542,G1469,G4833,G4450,GF094,G4501,57996,GP111,GF500,G1431,G4899,GF503,GF400,GF412,G1422,G4643,G4754,G4461,G9854,G4847,GP300,G4898,GF502,G1490,G1443,G4508,G9856,GP312,G9859,G4509,G4459,GF602,G4432,G1468,GP303,G4434,GF603,GF407,G9861,G1407,G4433,G4757,G4662,GF507"
114.50,25.00,0.50,0.45,74,"G4455,G1432,G4464,GF405,GF408,G4436,G1431,G4468,G4513,G4461,G1434,G1427,G1441,GF409,GF504,G4459,GF400,G4433,G4432,G1422,GF407,G4452,G4463,57996,G1407,G4450,G4449,G4451,GF406,G4434,G4458,GF412,GF404,G1450,G4511,G1433,G4435,G4456,G9885,G4500,G4466,G4465,GF403,G1443,GF507,G4467,G4507,GF402,G4457,G4503,G4509,GF410,G1430,G1444,GF505,GF500,G4506,GF501,G4508,GF503,G1435,G4460,GF502,G4662,G4447,59090,G4448,G4501,G4514,GF401,G4505,G1451,G4515,G4512"
114.50,25.25,0.50,0.45,56,"G4452,G4449,GF404,G4456,G4458,GF406,GF403,G4433,G4435,G1431,G4461,G1433,G4451,G4459,G4464,G4463,G4465,GF407,G4432,G1430,GF405,G9885,G4455,G4457,G1432,GF408,GF400,G1407,GF402,G1422,G4436,G4467,G4434,G4468,G1434,GF410,G1427,57996,GF409,G4466,G1435,G4450,GF412,G4460,GF504,G4513,G1441,GF507,GF401,G4511,G1443,GF411,G4509,G1450,G4462,G4505"
114.75,22.50,0.49,0.45,118,"G5335,G3668,G5510,G5415,G1735,G3625,G3582,G1706,G3674,G1134,GL511,GL510,G3666,G1140,G3626,G3640,G3624,G3724,G3533,G1159,G1154,GL513,G5503,G3525,G3725,G3566,G3511,G3563,GL502,G5330,G1172,G3571,G3541,G1162,G5519,G5317,G5336,G1718,GL503,GL512,G5523,G3512,G3695,G5328,G5521,G1701,G5506,GL516,G3762,G3689,G1165,G3627,G1734,G5313,G3628,G1163,G1824,G5502,G5303,G3544,G1717,GL509,G3792,G1124,G1114,G1116,G3656,G3731,G1119,G3730,G3542,G3673,G1138,G5459,G1702,G3536,GL505,G3754,G3629,G5460,G1818,G1194,G5457,G3769,G5458,G5477,G3795,G1125,G3657,G3749,G1126,G1181,G3632,G3654,G3655,G3788,G5445,G3538,G5442,G1859,G5443,G1133,G3719,G1122,G3723,G5464,G3537,G1118,G3623,G1115,G3637,G3567,G3687,G3787,G3683,G5465,G1127,G3646"
114.75,22.75,0.49,0.45,209,"GL512,G5521,GL510,G5336,G5503,G1735,G5317,G5502,GL513,G5313,GL509,GL516,G1718,GL505,G1706,G1734,G5328,G5335,G5330,G5519,GL511,GL503,G5506,G3624,G3656,G1701,GL502,G1116,G1124,G1733,G5477,G1126,G5442,G5523,G3628,GL504,G1194,G1717,G5515,G5510,G5415,G1739,G5459,G1818,G3541,G3655,G1824,G3629,G3533,G5504,G1119,G3571,G3625,G5466,G5461,G3666,G5458,G5522,G1114,G3724,G1702,G3673,G3769,G3511,G1866,G3637,G1859,G5449,G5457,G5445,G5447,G5303,59492,G1115,G5460,G5465,G3525,G5454,G3632,G1140,G5443,G1162,G3689,G1172,G1118,G3695,G3582,G3741,G1159,G5440,G5444,GL506,G1122,G1165,G3626,G3668,G1117,G5463,G3657,G3795,G5448,G1821,G3542,G3615,G5456,G3674,G3762,G3638,G5464,G3563,G1134,G3566,G3731,G1163,G1127,G5450,G3660,G5501,GL508,G1154,G3512,G3627,G3754,G1722,G3670,G3792,G3640,G3735,G3654,G5344,G3642,G3755,G3537,G3665,G1826,G3544,G5455,G3725,G3646,G5472,G5517,G1864,G5308,G1123,G3749,G1138,G3683,G3613,G3719,G5469,GN040,GL507,G3538,G3788,G1181,G3662,G3730,G3516,G3644,GL501,GN006,GN007,G5315,G3652,G5307,G3508,G5500,G1721,G5345,G3520,G5467,G5462,G5639,G1128,G1147,G5470,G3536,G1707,G3539,G3787,GN005,GN008,G3622,G5312,G3623,G3753,G1125,G5476,G3633,GN004,GN009,GN002,G5451,G5512,GN010,G1133,GN012,G5475,G5309,G3687,G5306,G3780,GN015,G3723,G1171,G5473,GN014,GN016,G3748"
114.75,23.00,0.49,0.45,214,"G5515,G1739,G5504,GL506,GL504,59492,G5522,GL508,GL505,G1733,G5517,GL509,G5500,G5455,G5502,G5444,GL507,G5461,G1722,G5501,G5450,G5454,G5521,G5462,GL512,G5313,G5449,G5345,G5309,G5442,G5456,G1126,G5466,G5336,G5507,G5477,G5310,G5440,G5344,GL516,G3656,G1703,G1866,G3655,GL501,G1734,G5317,G5307,G1707,G5447,G1194,G1116,G3615,G5328,G5315,G5314,G5308,G5503,G1818,G1718,G1124,G5512,G5306,G1587,G3637,G1711,G1731,G3741,G5459,G3629,G5312,GL513,G1715,G5465,GL510,G5472,G1859,G5506,G5458,G5452,G1821,G1115,G5445,G1117,G5448,G1864,G5311,G5323,G1719,G1701,G5513,G5519,G3642,G1716,G1119,G5330,G5379,G3628,G1710,G3769,G1717,GL503,G5322,G3660,G5337,G1123,G5463,G5508,G3644,G1714,G1702,G1118,GL514,G5305,G5443,G1128,G5457,G1735,G5320,G3755,G5451,G1591,G3632,59298,G3670,G3673,G1824,G1791,G3638,G1586,G1114,G1122,G5300,G5460,G5476,GL502,G5523,G5301,G1592,G1744,G1127,G1798,G1706,G1598,G5396,G3735,G5473,G5464,G1826,G5302,GL511,GN040,G3624,G5639,G3665,G5469,G3657,G1743,G3795,G1712,GN006,G5335,G5343,GN002,G5303,G1721,G5475,G5441,G3541,G3613,GN037,G5321,G1588,GN005,G1882,GN007,G5352,G5470,GN004,G3654,G5509,G1713,G1573,G5324,G1799,G3662,G3542,G5378,G5407,G3646,G3571,G5625,G1596,GN001,GN008,G3537,G5380,GN010,G5467,G1803,GN015,G5342,GN009,G3754,G1797,G5474,G3731,G5338,G3516,G5351,G3652,GN003,GN012,G3689"
114.75,23.25,0.49,0.45,175,"G5314,G1587,G1703,G1591,G5500,G1586,G5517,G5309,G1598,G5507,G1592,G5310,GL508,G1588,GL514,GL507,G5379,GL506,G5462,G1715,G1713,G1573,G5407,G5352,GP002,G5377,G5351,G5455,G5345,G1744,G1791,G1782,G1731,59492,G5324,G5350,G4900,G5513,G5419,GP003,G5504,G4822,G1572,G5378,G5522,G1722,G5515,G1739,G1743,G4902,G5376,G1711,G1596,G5501,G5375,G1795,G1746,G5311,GL504,G5508,G5380,G5450,G1714,G5444,G1794,G1582,G5368,G5428,GP514,G1798,G1704,G1749,G1781,G1742,G1707,G5307,G1790,G5411,GL501,G5396,G5306,G5410,G1733,G5301,G5408,GP004,G5454,G5323,G5399,G5512,G5461,G5371,G5417,G1788,G5372,G1710,G5452,G1796,G1594,G1716,G5456,G1789,G1745,G5344,G1595,G5315,GL505,G5374,G1719,G1787,G1501,G5305,G1712,G5370,G5449,G5312,GP001,G5427,G5373,G5322,G1507,GP506,G1748,G5414,G1797,G1578,G5308,G5300,G5440,G1799,59298,G4901,G5337,GP507,GL509,G1783,G4801,G5466,G5442,G5320,G5409,G5505,G5366,G5502,G1580,G1126,G5362,G1866,G5369,G3615,G5401,G5402,G5509,G4803,G5363,G5422,GP508,G5447,G5382,G5451,G5477,G5472,G1581,GL252,G3655,G1597,G5521,G5511,G1128,GP500,G5356,GL253,G5313,G5381,G1864"
114.75,23.50,0.49,0.45,167,"GP003,G1572,GP002,G1795,G1782,G4902,G1582,GP514,G5377,G1781,G1790,G4822,G5428,G1595,GP001,G1588,GP004,G5368,G1507,G1586,G1794,G5351,G1591,G1501,G5408,G1713,G1573,G5419,G1580,G5407,G1598,G4801,G4803,G1746,G4900,G1749,G5370,G5352,G1796,G5350,G4706,G1592,G5411,G5376,G5372,G4901,G1571,G5314,G1587,G5371,G5324,G1704,G5414,G5399,G1508,G4708,G1789,G5369,GP510,GP005,G5373,G5375,G5410,G1509,G1502,G5378,GL514,G1597,G1594,GP509,G5374,59293,G4731,G1703,G5379,G1576,G1578,G1788,G1527,GP507,G1526,G5366,G1744,G4843,G1506,GP508,G1596,G4733,G5380,G1742,G5402,G1791,G5354,G1745,GP506,G5355,G1743,G1715,G1581,GP006,G4805,G5423,G4856,G4736,G4735,G5364,G5356,GP505,G5367,G5507,G5500,G5310,G4975,G5417,G4973,G5309,G1503,G1748,G4734,GP213,G5353,G5513,G5427,G1731,G1787,G5517,GP500,GP201,GP200,G5365,G5462,G4969,GP208,G1798,G1505,GL507,G5540,59304,G4824,G1783,G1589,G5508,GP210,GP202,G5381,GL508,GL703,G1714,G5311,G5396,G1570,G1523,G5345,GP214,G5362,G5382,GP513,G1504,G5549,G5546,G1711,GP504,G5301,G5401,GL506,G5455,GP203"
114.75,23.75,0.49,0.45,164,"G1502,59293,G1509,G1527,G1526,G4731,G1508,G4706,G4803,GP006,G1571,G1580,G4973,G1506,G4733,GP213,GP510,GP005,GP001,G4856,G1503,G4805,G4708,G4735,G4969,G1507,GP208,G4801,G1595,G4736,GP214,G1516,G4843,G1501,GP210,G4734,G1576,GP514,GP211,G1781,G1790,G1582,GP509,G1795,GP212,GP004,G1504,GP003,G4901,G5428,G4902,G1572,GP200,G5370,G5408,G4975,GP205,G5369,G5368,G1782,GP002,G1597,GP218,G1521,G1794,GP202,G4822,GP505,G1796,G4968,GP204,G1505,G1512,G1518,GP206,G5377,G5414,G5372,GP201,G1749,G1517,G5354,GP203,GP217,G5411,G5371,G5423,G1523,G1528,G1746,GP209,GP508,GP221,G1522,G5419,G5351,G4972,GP216,G5373,G1588,G1789,G5355,G5364,G1515,G5366,GL703,G5399,G4900,G4971,G5376,G1573,G1713,G5407,G5402,GP507,G5350,G5540,GP219,G1578,GP215,G1519,G5367,G4824,G1704,G1581,G1513,59304,G1586,G1524,G5352,G4892,G5374,GP207,G1598,G1591,G5356,G1594,G4739,G5547,G4974,G1589,G5410,G1570,G4894,GP222,G1514,GP101,G1510,G5554,G1592,G5324,G1788,G5545,G5375,G4825,G4970,GP503,GP220,G5353,GP506,G1525,G1511,G5546,G1475"
114.75,24.00,0.49,0.45,138,"GP212,GP205,GP204,GP211,G1516,G1521,GP218,G1518,G4969,GP208,G1515,G1512,G4971,GP213,GP215,GP214,G4892,G4973,GP219,GP216,GP217,GP101,G4968,GP006,G4739,G1528,G1513,G1503,G4970,G4894,G1527,G1526,G4741,GP210,G1522,G4731,G1541,59293,G1548,G4856,G1502,G1509,GP209,G4805,G4735,G1520,G1514,G1545,G1504,G4733,G1506,GP220,G1543,GP103,G4650,G1508,G4972,G1517,GP207,G4734,G1547,G4736,GP221,G1519,G4743,G4706,GP222,GP510,GP005,GP102,G1571,G1556,G4893,G4752,GP206,GP306,GP304,GP200,G4920,G4803,G1524,G4708,GP112,GF805,GP305,G1511,G4895,GP202,G1580,G4843,G4740,G1475,G1554,G4669,GP314,G1505,G4898,G1576,G4846,G4933,GP111,G4801,G4975,GP203,GP001,GF806,G1507,G1536,GP509,G4956,GP105,G4858,G4653,G1564,G4742,G4974,G1540,G4751,G4957,G1510,G4847,GP104,G4831,G1595,G1546,G4958,G4859,GP201,G1523,GP505,G4755,G4925,GP303,G1501,G4559,G4896,G4919,G4758"
114.75,24.25,0.49,0.45,138,"G1543,G4741,G1541,GP102,G1545,G1548,GP103,G4743,GP101,G4893,G1547,G4892,GP305,G1554,GP215,G4898,G4970,G1515,G4971,GP219,GP304,G4739,GP111,G1556,G4831,G4895,G4894,G4933,GP303,GP112,G1520,G1518,GP204,GP306,G1513,G1546,G4755,G4759,G4650,G4756,G4754,G4752,G1521,GP218,GP205,G1512,GP216,GP314,G4847,G4833,G1559,GP220,GP212,G4845,G4896,G1514,GP217,59096,GP114,G4862,G4858,G1528,59099,G4758,G1544,GP211,G4751,G4891,GP109,G4742,G1516,GP308,G4753,G4740,G1522,G1557,G4968,G1552,G4859,GP302,GF805,GP105,G4920,GP313,GP110,G4832,GP113,GP300,G4748,G4846,GP209,G4899,G4969,G4861,GP208,GP214,G1540,GP309,G4855,GP207,G1536,GP115,GP222,G4854,G4897,GP104,G1553,GP213,G4750,G4972,G1551,G4653,G1519,G4973,G4757,GP107,G1511,GF806,GP307,GP210,GP106,GP445,G1475,G4919,G1517,G1503,G1550,G4860,G1504,GP006,GP221,G4669,G1524,G4958,GP301,GP444,G1564,G4956"
114.75,24.50,0.50,0.45,104,"G4862,G4759,G4756,G4833,G1557,G4754,GP109,GP303,GP313,G4831,G4898,G4891,G1544,GP300,G1554,G4753,G1559,59099,G4832,G4845,GP305,GP111,GP102,G4755,GP110,G4893,G4743,G4757,G1546,G4933,GP114,GP302,G4861,G1550,G1543,G1547,GP307,GP312,GP103,59096,G4895,G4896,G1545,GP304,G4758,GP113,G4847,G1541,G4741,G1548,G4748,G1556,GP112,GP308,G1551,GP311,GP301,GP101,GP314,GP306,G1590,G1552,G4854,G4858,GP115,G4860,G4970,G4892,G4752,G4899,G4751,GP310,G1558,GP215,GP108,G4742,G1520,GP106,G4750,GP107,G4855,G4650,G4739,GP309,GP219,G1515,G4971,G4894,G4744,G4859,G4852,G1555,G1513,G4863,GP105,G4897,G4740,G4637,G1542,GP220,G9855,G1553,GP445,G1518"
114.75,24.75,0.50,0.45,55,"G1557,GP313,GP312,GP109,G4862,GP300,G4757,G1550,G4833,G4891,GP307,G4832,G4759,G4756,GP311,G4753,G4754,G1544,GP110,G1590,59099,GP303,G4861,G1559,G4845,GP302,G4831,G1432,GF408,GP310,GP301,G4898,GP114,G1551,G4755,G1554,GP111,G4513,G4903,G1558,G1546,GP113,G4748,G1441,GP305,G4860,59096,G4933,GF407,G4464,G4455,GF504,GP102,GP108,G4896"
115.00,22.50,0.49,0.45,100,"G5510,G5415,GL511,GL502,G1706,G5523,GL503,G5519,G5335,G1824,GL513,G3628,G5506,G1114,G5503,G3673,G1119,GL510,G1735,G1124,G3769,G1734,G3632,GL516,G1122,G3629,G1116,G1127,G1118,G1818,G3735,G3652,G1859,G3656,G3665,G1194,G3638,G1115,G3613,G3668,G1826,G3637,G3670,G3655,G1117,G1813,G3660,GN007,G1126,GL512,GN040,GN008,G1821,G3625,G3741,G5502,GN006,G3755,G5521,GN009,G3582,GN012,G1866,G1830,GN010,GN005,GN011,G3674,G5336,GN013,G1134,G3642,G3624,GN033,G3666,G5602,GN004,GN014,GN016,G5639,G1140,G3615,G5317,G5690,GN015,G3626,G1123,GN003,GN017,G1808,G3724,G3640,GN030,G3533,G1864,GN002,59501,G5330,GN001,G1803"
115.00,22.75,0.49,0.45,153,"G3628,G1824,G1114,G5506,G1119,G3673,G5523,GL503,G1124,G3769,G5519,G3629,G1116,G1818,G3632,GL502,G1194,G1859,G1122,G1118,G1734,G3656,G1115,G3637,G1127,GL516,G3638,G3655,G3735,G1117,GL513,G1126,G3665,G3741,G3670,G3660,G1826,G1821,G1866,GL511,G3613,G5503,G3755,G3652,GN040,G1706,G3642,G3615,GN007,GN006,G1123,GN008,G1864,G5502,GN005,GN009,G5639,GN010,G5415,G5510,GN012,GN004,G3644,GL510,GN002,G1813,GN015,G1830,GN013,GN016,GN014,GN011,GL512,GN003,GN001,G5521,G1803,G1128,GN017,G5335,G1735,G1882,GN030,GL505,G5501,G5522,G5602,G5336,G5625,GL501,GL509,G1816,G5604,G5623,GN033,G1707,G5678,G5512,GN037,G5601,G5313,G5317,G5690,59501,G1814,G1854,G5515,G1863,G1739,G5603,G1886,GL504,G5504,GL506,GL507,G1718,G5622,G5616,G1733,G1825,G5328,G1817,G5330,G1808,59500,G1807,GN032,G3624,G5605,G5509,59492,GL508,G1883,GN031,G1819,GN021,G1828,G5638,G1872,G5442,G1701,G5477,G3625,GN020,G1805,GN019,GN018,G5507,GN022,G5517,G5461,G1731,G5508"
115.00,23.00,0.49,0.45,189,"GL501,G5501,G1707,G3615,G5512,G1866,G1864,G1128,G3644,G3741,G1123,G3642,G3655,G1126,G1821,G3637,G5522,G1117,GL507,G3755,G3660,G1194,G1115,G1859,G1818,G3670,G3656,G1116,G3629,G5639,GN037,GN002,G3638,G1882,G1118,G1731,GN040,G5507,G5508,G1124,GN006,G5625,G3769,G1826,G3632,GN005,G1122,G1127,GN004,G5509,G3735,G5513,GN001,G1119,GL506,G3665,G1803,G1734,GN007,GN015,G3673,GN010,G3613,GL516,GN003,GN008,GN009,G5502,GN014,GN016,G5515,GN012,G3628,G5623,G1114,G1825,G5506,GN017,G1739,G1824,GN013,GL505,GL508,G1830,G3652,G5678,G5504,GN011,G5517,G1883,G5505,G1816,GL503,G5519,59500,G5604,GL504,G1886,GL514,G5523,G5500,GN030,G5638,G5521,G1813,59492,GL512,GL513,G1858,G5503,GL509,G1863,GL502,G1733,G1587,G5520,G5511,G1730,G5637,GN036,G5601,G1596,G5516,G5602,G5642,G5605,G1828,G1592,G1814,G5603,GN039,G5336,G1872,G5313,G1817,G1820,G1854,G5455,GL510,GL511,G5314,G5622,GN038,G1706,G1598,GN022,59501,G5461,GN021,G5444,G5309,G1722,G1703,GN033,GN019,GN020,G5462,GL515,G5317,G1591,G5690,GN031,G5450,GN018,G1586,G1573,G5454,G5345,G1823,G5442,G1735,G5310,GN024,G5640,G1827,G1807,G1881,G4900,G5616,G1588,G5449,GN023,G1819,G5624,G5477,GN032,GN041,G5466,G5328"
115.00,23.25,0.49,0.45,166,"G5513,G1731,GL514,G5508,G1596,G5507,G1592,G1598,G1587,GL507,G1707,G1573,G5505,G4900,G5512,GL501,G1594,G5511,G1588,GP506,G5509,G5501,G1591,G1586,G1578,G4822,G5314,GP507,GP513,GP500,G5500,G5517,GL506,G1730,G5522,G5516,GP002,GN037,G5520,G4902,G1128,GL508,G1581,G1858,G5637,G1825,G1582,G1883,GP514,GP508,G3644,G1703,G1864,G3615,GL515,G1585,GN039,G4901,GN036,G1593,G5625,G4821,GP003,G1574,GN038,G1123,G1882,G1866,G5638,G5515,G3642,G1597,G5642,G1782,G1739,G5504,59500,G5309,G3741,G1572,G5377,G1821,GN002,G1126,59492,G1575,G1595,G3655,G3755,G5623,G5639,GP504,G1117,G5310,G1823,G3660,G3637,G1713,GN001,G1795,G5462,G1803,GL504,G5351,G5678,G5407,G3670,GP511,G5455,GN004,G1886,G1589,G5352,G1115,G1194,GN005,GN006,GP502,G5379,GN015,G1859,GN040,G1820,G3656,G1818,GN003,G5614,GP509,G1715,G4828,G3638,G5345,59304,GN014,GN016,GL505,GN010,G1816,G1116,G1570,G3629,G1865,G5419,G5692,G1118,G1826,G1781,G4824,GN007,G5428,G5604,GN017,G1569,GN009,G5350,GP512,G1790,G1576,GN012,G5502,G1722,GN008,GP505,G1733,G1828,G3735"
115.00,23.50,0.49,0.45,128,"G1578,G1594,GP507,G4900,GP508,G4901,GP506,G1581,G1597,G4822,G1573,G4902,GP514,G1596,G1582,GP500,G1588,GP509,G1592,G1598,G1595,G1576,GP002,GP505,GP513,G1589,GL514,59304,GP504,G4824,G1570,G4821,GP003,GP510,G1571,G1586,G1591,GP503,G1574,G1587,G1572,G4736,G5513,G1505,GP001,G1782,G1795,G4825,GP502,G1731,G5508,G5377,G5511,G4735,G1593,G1781,G5507,G4803,G4706,G5505,G1580,G1507,G1790,G5314,G5428,G1585,59293,GP511,G1502,GP512,G1503,GP004,G1501,G5351,G4801,G5368,G1508,G1794,G1509,G1713,G1527,G1504,G1584,G1526,G5407,G1569,G1583,G1525,G4731,G5419,G5408,G1577,G1575,G4973,G5352,GL507,G4737,G4974,GP501,G1642,G1746,G5516,G5370,G5350,G1730,G1749,G5509,G4708,GP005,G1707,G1703,G1796,G4828,GP006,GL515,G5512,G5520,G5129,G5376,G5500,G5411,GP221,G1510,G1506,G5372,GL501,G4733,G5324"
115.00,23.75,0.49,0.45,148,"G4736,G1576,G1505,GP509,GP505,G4735,GP510,G1504,G1597,G1503,G1571,G4901,G4824,59304,GP508,GP221,G1570,G4825,G1589,G4974,59293,GP503,G4973,G1525,G4972,G1595,G1502,G1510,G1581,G1524,G4968,G1527,GP507,G1526,G1578,GP514,GP504,G4731,G1582,G4957,G4706,G1509,G1522,G4737,G4902,GP207,GP213,G4803,G1508,GP006,GP222,G4969,G4925,GP217,GP001,G4822,G1594,G1511,G1580,G1512,GP208,GP506,GP216,G1583,G4927,GP500,G4900,G4956,GP218,G1516,G1521,GP212,G4821,G1507,G1506,G1564,GP003,GP002,G4733,G1514,GP400,G4940,G4713,GP211,G1573,GP005,G4856,G4926,GP502,G4801,G1513,G1643,G1795,G4805,G1565,GP214,G1572,GP513,G1588,GP220,G4920,G4708,GP501,G1574,GP205,GP204,G4958,G1781,G1790,G1501,G4935,G1577,GP219,G4739,G4971,G1782,G4934,G1598,G1596,G4938,G5428,G1518,G1592,GP004,G1520,G4715,G1515,G4718,G1537,GP210,G5041,G4928,G5377,G4937,GP408,G4843,G1584,G4814,GP215,G4970,GP512,G1536,G5368,G4734,59107,G1586,G5408,G1591"
115.00,24.00,0.49,0.45,167,"G1522,G4968,G4972,GP207,GP217,GP222,GP221,GP216,G1514,G1524,G1511,G1504,G1512,GP220,G1513,G4920,G4956,G4739,G1520,G1564,GP218,G1521,G4957,GP219,G1510,G4925,G4958,G4974,G1503,G4971,G4735,G4970,G1536,G4752,G4736,G1505,G4926,GP212,GP306,G4973,GP204,G1515,GP215,G4715,G4718,G4919,GP205,G1516,G1525,G1556,G4969,G4927,GP101,G4713,G4814,GP314,G4938,G4859,59107,GP304,GP211,G4835,G1518,G1545,GP213,GP208,G4751,G4892,G4858,GP510,G4741,G4934,59293,G4928,G1547,G1576,G1553,G4710,GP505,G4935,G1527,G1526,G1502,G1537,GP509,G1565,GP006,G4940,G4937,GP400,G4737,G1571,G4941,G1535,G1541,G4731,G4743,GP214,G4825,G4921,GP408,GP309,G4918,G4712,GP424,G4939,G4933,G1509,G4855,G1552,G1548,G1543,GP305,G1568,G4824,GP445,G4758,G4837,G4836,59304,GP308,G4955,GP503,G4929,G1570,G1508,G4936,G4841,G1597,GP102,GP103,G1554,G4755,G4894,G4706,G4856,GP444,G1589,G4924,GP453,G1506,G1531,G1528,G4733,G4805,G4901,G4750,G1611,GP210,G4831,G4893,G4803,G1643,G1583,GP448,GP452,G4915,G4854,GP508,G5041,G4953,G1595,G4923,GM410,GP449,G4952,G1580"
115.00,24.25,0.49,0.45,178,"GP306,GP314,G4752,G4858,G1556,G4751,GP304,G4859,G1520,G4933,G4758,G1552,GP220,GP308,G1547,GP309,G1536,G4855,G1514,G4920,G1553,G4970,G4755,G4739,G1513,G1545,GP305,G4743,GP219,GP445,G4750,G4854,G4919,GP216,G4831,G4741,G1554,G1559,G4971,GP217,59099,GP444,GP222,GP101,G4837,GP207,GP302,G4710,G1522,G4958,GP303,G4835,GP215,G1511,G1512,G4918,G4915,GP102,G1531,G1543,G4861,G1515,G1564,G4754,G1551,G1541,G4753,G4836,G4968,G4956,G4852,G4715,G4892,G4718,G4860,G1521,GP218,GP448,G1555,59107,G1548,G4972,G4839,G4832,G4814,G4833,G4898,G4756,G1524,GP103,G4893,G1535,G4759,GP301,GP204,G4711,G4841,GP460,GP300,GP449,G1567,G4926,GP221,G1558,G4921,GP453,G4938,G4910,G1518,G4925,GP307,G4957,G4941,G4757,GP205,G4952,GP212,G4928,GP452,G4862,G4911,GP313,G4955,G4959,GP424,G4916,G4811,G1550,G1504,GP111,G4863,G4953,G4939,G4934,G1510,G4909,G4713,GP310,G4937,G1557,G4894,GP211,G1563,G1516,G1537,GP311,G1590,G4923,G1568,G4974,G4712,G4895,G1561,G4924,GP312,G4935,G4927,G4717,GP109,GP112,G4838,GP408,G1503,G1546,G4913,G4969,GP456,G1611,G4973,G4650,GP208,G4951,G4922,G1544,G4845,G1534,G4891,GP476"
115.00,24.50,0.50,0.45,138,"G4861,GP302,G4832,59099,G4753,G1551,G1559,GP307,GP300,GP301,G4757,G1550,G4860,G4755,G4758,G4854,GP308,G1558,GP311,G4754,GP312,G1590,G4933,G1552,G4833,GP310,G4831,GP303,G4750,GP313,G4852,G1555,G4756,G4855,G4863,GP309,G4759,G4858,G4751,G4910,GP314,GP305,G4862,G1554,G1557,GP304,GP460,G1556,G4915,GP445,GP444,G4859,GP306,G1547,G4743,G1567,G4903,G1553,G4839,G4752,G4909,G4838,G1531,G4898,G4837,G1538,GP109,GP480,G4815,GP102,GP448,G4911,G1545,G1530,G4711,G4942,GP481,GP476,G4811,G1520,G4904,G1543,G1536,G4836,G4741,G4918,G4893,G4912,G4970,G4891,G4817,GP449,G4710,G4959,G4919,GP220,GP111,G1544,G4739,G4816,G1541,GP103,G1566,G4920,GP101,G4913,G1561,G1514,G1513,G1548,G4835,GP219,G4813,G4845,G4947,G4916,G4714,G4841,G4952,G4719,G4971,GP215,G4717,G1546,G4945,G4946,G4906,GP453,G4908,GP110,G4892,G1535,GP452,GP216,G4958,G1515,GP114,G4895"
115.00,24.75,0.50,0.45,71,"GP312,GP311,G1590,G1550,G4757,GP307,GP310,G4903,GP300,G4832,GP301,GP313,G1538,G4861,G1558,G4753,G4863,G1551,G4904,GP302,G4860,59099,G1557,GP480,G4815,G4817,G4942,G1559,G4833,G4862,G4719,G4754,G1530,G4838,G4910,G4756,G4854,G1555,G4906,G4852,G4813,G4759,GP303,G4816,G4755,GP109,G4909,GP308,GP460,G4831,GP481,G4758,G4750,GP476,G1567,G1552,G4933,G1560,G4905,G1566,G4912,G4908,G4855,G4891,G4915,GP309,G1554,G4911,G4947,G4839,GP305"
115.25,22.50,0.49,0.45,108,"G1808,GN033,G5690,G1813,G3652,G5618,G5602,59501,G5523,GN027,G1114,G1824,G5616,G1801,GL502,GN029,G3613,G5510,G5415,G5689,G5686,G1811,G1805,G1854,G3673,G3665,G3735,G1127,GN011,G1122,G1830,G3628,GN008,G3632,G1810,GN007,G1826,GN028,GL503,GN032,GN013,G1814,G1119,GN012,GN009,GL511,G3769,GN030,G1807,G5669,G5666,G1118,G5601,G3638,GN010,G5519,G5603,GN040,G5506,GN006,GN017,GN014,GN016,GN005,G5620,G3670,GN003,GN015,GN004,G1706,G3629,G1115,G1859,GN034,G5622,G1124,G1879,G1819,G3660,G1117,GN001,G3755,G1803,G1818,G5639,G5673,G5672,G5604,G1116,G3637,G1821,G1816,GN002,GL513,G1194,G1863,G1817,G3741,G3642,GN031,G1734,G3656,G1123,G3655,GL516,G5678,GN021,G5503"
115.25,22.75,0.49,0.45,169,"G1813,G5602,G3652,GN033,GN011,G1830,GN013,G5690,GN008,GN012,GN030,GN009,59501,G3613,GN007,GN010,G1854,GN017,GN014,GN016,G3665,G1814,G5601,GN003,GN015,GN005,GN006,G1826,G3735,GN040,GN004,G5603,G1127,G5616,GN001,G1803,G5604,G1122,G5639,G1816,G3638,G1808,GN002,G3670,G1807,G5622,G3632,GN032,G1863,G1118,G3755,G3660,G3673,G1114,G5678,G3769,G1817,G1117,G5623,G1115,G1819,G1805,G1882,G3642,G1119,G1821,G1123,G1859,G1824,GN031,G5625,G5618,G1886,G3644,G3741,G3629,G3637,GN021,G1864,G5605,G1801,G3628,GN034,GN018,GN028,GN020,G1818,G5523,G1128,G5640,GN019,GN029,G1124,G3615,G1872,G1194,G5620,G1828,GN022,GN027,G1116,G5506,GN024,G3655,GL503,59500,G1866,GN037,GN023,GL502,G1822,G1827,GN047,G5519,G3656,G5666,G5669,G1825,G5689,G5686,G1811,G1126,G1879,G1834,G1810,G5638,G5624,G1847,G1734,G1880,G5673,G5672,G1883,GN046,G1820,GL516,GN041,GL511,G1873,GL513,G5512,GL501,G5509,G5642,G1706,G5415,G5510,G1707,G1881,G5503,G1858,GN036,G1868,G5501,G5626,G1815,G5637,G1892,G1835,G5502,59502,G5520,GN039,G5641,G5643,G1843,G5628,G1730,GN038"
115.25,23.00,0.49,0.45,208,"G5625,G1825,G5623,GN037,59500,G1882,G5678,G1886,G1883,G5638,G1816,G5604,G1803,GN001,GN002,G1863,G1128,GN003,GN015,G1828,G5509,GN017,G5639,GN004,G5605,GN014,GN016,G3644,G1872,GN005,G1858,GN010,GN030,GN013,G5642,G1123,G1820,GN012,GN009,G1864,GN036,G1830,GN011,GN022,GN006,G1817,GN008,G5601,G5637,GN040,G3642,GN021,GN007,GN019,GN020,G3755,G5603,G5520,G5622,G1814,G5512,GN018,G1730,GN031,GN039,G3660,G1827,G3670,GN024,G1826,G3613,G1813,G3615,G1821,G5640,G5516,G1881,G5624,G1854,GN038,G5602,GN023,G1117,G3665,GN041,G3652,GL501,G1707,G3741,G3735,G3638,G5505,GN047,59501,G1815,G1127,G1819,G1823,G1807,G1847,G1115,G5641,G1118,GL515,G1866,G3637,G1122,GN033,G1859,G5616,GN032,G5690,G3632,G5511,GN046,G5508,G1865,G5628,G3769,G3655,G1835,G1822,G5501,G3629,G1818,G1194,G1873,G3673,GN034,G1119,G5513,G1731,G1126,G1834,G5614,G1114,G1116,G1805,G1124,G3656,G5626,G1824,G1841,G1856,G1880,G3628,G5620,GN053,G5692,G1848,G1808,GN028,GL507,G1801,G1832,G5507,G5607,G1885,G5506,G1851,G1585,G5618,G1892,G1575,59502,GN052,G1734,G5522,GN029,GN051,GN048,GN054,G5523,G1868,GL503,GL516,G1876,G1596,G5519,G1879,GN027,GL514,G5666,G5669,G5672,G5673,G1593,G4828,G5613,GL502,GN050,G5679,G5635,G1861,GP513,G1870,G1853,G1875,G5502,G5689,G5686,G1811,G1810,GL506,G5158,G1843,G1836,GN044"
115.25,23.25,0.49,0.45,183,"G5511,G5505,G5516,G1730,G5520,GL515,G5637,GN039,G1858,GN038,G1585,G5509,GN036,G1575,G1823,G1593,G5642,G1883,GP513,G5508,G5614,G5692,G5638,G1825,G1865,G5513,G4828,G1596,GP500,G1574,GN037,GN054,G1731,59500,G5641,G1820,GP511,GP506,G5512,G1881,G4821,G1815,G5158,G1851,G1569,G1861,G1707,G1594,G5625,GL514,GP512,G5628,G1856,GL501,G1886,G5623,G1882,G1828,GP502,G1578,G5129,G1128,GN051,G1876,GP507,GN050,G5678,GN041,G1872,G1581,G1885,G5507,GN053,G1642,G1874,G1584,G5605,GN052,GN022,G5613,G1835,G3644,G4900,GP504,GN055,G1592,G5624,G1816,G1841,G1848,GN002,G5604,G1863,G1864,G1803,GN019,GN001,G1827,G5679,G1573,G1123,G5501,GN020,G5615,GP508,G5639,GL507,G1852,GN021,GN024,G1598,GN023,GN003,GN015,GN018,GN004,G1817,G1802,G3642,G1847,G3615,GN017,GN016,GN014,GN047,G1589,G5640,GN005,G1862,GN056,GN046,GN031,GN010,G1832,G3755,GN030,GN006,G1587,GN013,G1853,GN012,GN009,G5622,G1570,G1577,GN040,G1821,G5601,G1588,G1830,59304,G5607,GN011,G3660,G3741,G5603,GN008,G1873,G4822,GN048,GN007,G1597,G1866,G1850,G3670,G1117,G5626,G4824,GP503,G1814,G1875,G1647,G4901,G5629,G1826,G1819,G1860,G3613,G3637,G1854,G3638,G1591,G3665"
115.25,23.50,0.49,0.45,119,"G4821,G1574,GP513,GP500,GP502,GP504,G1593,GP511,GP512,G1581,G1589,GP506,G1584,G1569,G1570,GP507,G1585,G1578,59304,GP503,GP508,G4824,G1642,G1594,G1577,G5129,G1575,G4828,G4825,GP501,G1583,G1597,G5511,G5158,G1647,G1596,GP505,G4901,G1861,G5505,GL515,G4900,GP509,GN054,G5692,GN055,G5516,G4737,G1576,G1643,G1730,G1505,G5614,G1525,G5520,G1573,G1862,GN038,GN039,GM402,G1874,GL514,G4822,G5637,G5508,G1851,G5513,GN056,G1823,G1852,G1592,G1614,GN050,G1858,GM408,G1598,G1865,G4902,GP514,GN036,GM403,G1582,G5509,G1731,G4736,G4974,G1588,G1876,G5615,G1613,G5041,GP510,GV314,GN051,G1595,G5642,G8923,G5613,G1510,GP400,G2932,G4940,G1856,G1802,G5641,G1571,GP002,G1883,G4927,G5679,G1885,G4735,G1648,G1565,G1646,G5507,GN052,G2967,G1815"
115.25,23.75,0.49,0.45,128,"G4825,G4737,G1525,GP503,G1583,G1570,G4824,59304,G1589,G1643,G4974,GP501,G1505,GP504,G1510,GP400,GP505,G4940,G4927,G1577,G1565,G4957,G5041,GP502,G4925,G4713,G4821,GP508,G1576,G1581,G4935,GP509,GP221,G1597,G1647,G1524,G1584,G4736,G1574,G4934,G4926,G1504,G4929,GP512,G4972,GP408,G1537,GM402,G4956,GP507,GM408,GP500,G1642,G1613,G4937,G1578,GM405,G4938,G1564,G1511,G4901,G4936,GP511,G4928,GP513,G4712,G4735,G1569,GP222,G5040,GP207,GP506,GP510,GM410,G1568,G5129,G4958,G1594,G4715,G1614,G4718,G4814,G4939,G1593,G1503,G1522,59107,G4968,GP424,G4941,G5128,G1571,G1611,G1640,GM403,G4920,G1646,G4924,G4921,G1585,GP217,G4828,G1615,G4835,G5158,G4955,G1595,G1514,G4919,GM409,G1535,G1575,G4900,G4973,GP514,GP216,G1536,G1648,59293,GP220,G1582,G4822,GN055,G4902,G1862,G1512,G4907,G1596"
115.25,24.00,0.49,0.45,162,"G4926,G4925,G4713,G4938,G4957,G4934,G4956,G4927,G1564,G4935,G4928,G1537,G4715,G4718,G4937,G4958,G4814,G1510,G1565,59107,GP408,G1511,G4940,G4712,GP400,G1524,G4974,G4941,G4939,G1568,GP424,G4929,G4936,GP222,G4921,G4835,G1525,GP207,G4919,GP221,G1535,G4972,G4920,G4955,G4737,G4924,G1611,G1536,G4710,GM410,G5041,GM405,G1522,G4918,G4841,G4923,GP453,G1643,G1514,GP220,G4953,G5040,GP452,G1505,G4907,G4836,G1532,G1504,G1553,G4968,G4825,G4859,GP217,G1583,G4952,G4837,GP216,G1563,G4922,G1513,GP449,G4752,G1520,GP445,G4840,GP456,GM401,G1531,G4751,GP503,G4954,GP448,GM255,G1640,GP306,G4916,G1645,G4858,GP309,GP314,G1512,G4824,G4736,GP444,G1534,G4711,GP501,GP505,G4855,G1570,59304,G4739,G4735,G4915,G4812,G1589,G1613,GP219,G1552,G1503,G4959,59109,G5128,G1556,G4951,G4839,G1576,G4970,GP304,G1577,GM408,G4717,G4750,GP218,G1521,GP509,GP440,GM406,G1609,G4971,G4917,GP504,GP308,G1561,GM402,G5102,G4758,G4811,GP468,G1634,GM253,GP510,G5110,G4854,G1567,G1647,G1597,G5224,G4911,G4973,G1615,G5101"
115.25,24.25,0.49,0.45,197,"G4918,G4710,G4836,G4837,G1553,G1531,G4835,G4841,GP445,G4919,GP448,G1535,GP444,GP449,GP453,G4711,G4952,G4915,GP452,G1536,G4859,GP309,G4855,59107,G4921,G4839,G4814,G4916,G4718,G4715,G4953,G4955,G4941,G4959,G4958,G4750,G1563,G4751,G4923,GP424,G1552,G1567,G4858,G4811,G4939,G4911,G4938,GP456,G4928,G4920,G4924,G4717,G1561,GP460,G4852,G1564,G4854,G1555,GP314,G4922,G1534,G4951,GP308,G4926,G4956,G1568,G4840,G1532,G4937,G4712,G4752,G4758,G1611,G4913,G4934,GP306,G4910,G1511,G1537,G4909,GP220,GP222,GP408,G4917,G4954,G4860,G4907,GP468,G4713,G4935,G1514,G4925,GP207,G4936,G4812,GP440,GM255,G1562,G1556,G1520,G4914,GP304,G1551,G4957,G4714,G1558,G1524,G4912,G4933,GM410,G5101,G4929,G4838,GP476,G4950,G4927,GP302,G4755,G1533,GP301,G4863,G1565,GP481,G1513,G1522,G4861,G4972,GM401,59109,G4948,G1510,G4940,G1530,G4739,GP216,G1559,G4947,GM257,GP400,GP221,59099,GP217,G4949,G1547,G1566,G4970,GM405,G4974,G5102,G1645,G4968,GP219,G5127,G4945,G4946,GP310,G4753,G5100,GP305,G1545,G4815,G4831,G4832,GP480,G5040,GM253,G4743,G1630,G5107,G1512,GP307,G5110,G4971,G4942,G1590,G1525,G1554,G4908,GP303,GM258,G4816,G5041,GP300,G4741,G4757,G1538,G4754,GP311,G1550,G5108,G5126,G1504,G1635,G4737,G1634,GP101,G1640"
115.25,24.50,0.50,0.45,154,"G4910,GP460,G4909,G1555,G4852,G1567,G4838,G4863,G1558,G4911,G4860,G4839,GP476,G1530,GP481,G4915,G4912,G4811,G4750,GP301,G4854,G1551,G4815,GP480,GP444,GP310,GP448,G1531,G4711,G4913,G1566,G4942,G4714,G4959,G4947,GP445,G1538,G1561,G4837,G4855,G4816,G4903,GP309,G1590,GP449,G4945,G4946,G1552,G4861,G4817,GP308,G4717,G4908,GP302,G4916,G4904,G4836,G4813,GP311,G4914,G4758,GP307,G1553,G1533,G4952,G4918,G4943,G1550,G4951,G1560,G4948,G4859,G4751,G4906,G4841,G4757,G4719,G4858,G4832,G4950,G1562,59099,G1563,GP453,GP452,G4710,G4753,G4905,G5107,G1559,GP468,G4949,GP312,GP314,G4755,GP300,G4944,G1534,G4917,GP456,G4953,GM259,G4919,G4835,G4933,G1535,GM257,G5101,G4922,G1536,GP440,GM258,G5100,G4840,G4923,GP306,G4752,G4955,G4921,GP304,G1556,G4812,G4831,G4754,59107,GP303,GP313,G4814,G4833,G4954,G4941,G4718,G4715,G1532,GP424,G5127,G4958,G4924,G4920,GM255,GP305,G5108,G4756,G4939,G1547,G1637,G1554,G1520,G4759,GP220,G4907,G4928,G1611,G4743"
115.25,24.75,0.50,0.45,83,"G4904,G1538,G4903,G4817,G4719,G4942,GP480,G4815,G4906,G4813,G4816,GP310,G1530,G4863,G1590,G4905,G1560,G4838,GP481,GP311,G4908,G1566,G1558,GP476,G4944,G4943,GP301,G4909,G4945,G4946,G4910,G4912,G4947,G4860,GP307,G1550,GP312,G1551,G1555,GP460,G4852,G4757,G4714,G1567,G4911,G4861,GM259,G4811,G4832,GP302,G4854,G4913,G4839,GP300,G4750,G5107,G4915,G1533,G4753,G1561,G4914,G4948,59099,GP444,G4959,G4711,GP308,GP448,G1531,G1559,GP313,G4949,G4717,G4950,G1552,G4855,G4758,GP445,GP309,GM258,G4837,GP449,G1562"
115.50,22.50,0.49,0.45,65,"G1811,G5689,G5686,G1810,GN027,G1808,G5618,GN029,G5669,G5666,G1801,GN028,G1879,G1805,G5673,G5672,G5620,G5690,GN033,G5616,GN032,GN034,59501,G1807,G1854,G5602,G1819,G1880,G1814,G1822,G5603,G1813,G5601,G5622,G1834,GN031,G5643,GN030,G1843,G5671,G5670,G1817,G1868,G3652,GN011,G5640,G5668,G5667,G1830,GN018,GN021,GN013,GN020,G5636,GN047,G1804,G1863,GN012,GN023,GN017,GN024,GN008,GN019,GN009,G5604"
115.50,22.75,0.49,0.45,175,"GN028,G1801,G1805,G5620,GN029,G5618,GN034,GN027,G5669,G5666,G1879,GN032,G5673,G5672,G5616,G1808,G1807,G5689,G5686,G1811,G1810,G1819,G1880,G1822,G5690,59501,G1834,GN033,G1854,G5622,GN031,G5603,G1814,G5640,G5601,G5602,G1817,GN018,GN021,GN047,GN020,GN023,GN024,G1868,GN019,G1847,G1827,GN046,G1873,G5643,G1843,GN022,GN030,G1863,G5605,G5624,G1872,G1892,G1813,G5604,G1816,G1828,G5626,G5668,G5667,GN011,59502,G1830,GN017,GN013,G1886,G5636,GN041,G5678,G5635,GN014,GN016,GN012,GN003,GN009,G5623,GN015,GN010,G3652,GN008,G1803,GN001,G1804,G5671,G5670,GN004,G1845,GN007,G1835,G1820,GN005,59500,G3613,G5607,G5608,GN006,GN002,G1881,GN049,G5625,GN045,GN040,G5639,G1882,GN025,G5638,G1832,G3665,GN048,G1826,G1815,G1836,G5628,G3735,G1825,GN043,G1849,G1127,G5631,GN044,G1883,GN026,G1841,G5642,G5641,G1844,G3670,G3755,G3638,GN037,G1848,G1122,G3660,G1123,G1870,G5632,G3644,G3632,G1118,GN036,G3642,G1128,GN053,G1878,G1877,G1842,G1117,G1864,G1821,G3673,G1858,G3769,G1115,G1837,G1114,G1865,G5637,G1859,G1823,G3741,G1119,G1856,G1875,G1840,GN039,GN038,G1824,G1885,G3637,GN052"
115.50,23.00,0.49,0.45,226,"GN041,G5624,G1847,GN046,G1827,GN047,GN023,GN024,G1873,G1835,GN022,GN019,G1881,G5640,GN020,G1872,G5626,GN018,G1820,G1815,G1828,GN021,G5628,G5605,GN031,G1834,G1822,G5641,G5607,G1817,G1832,59502,G1841,G1892,G1848,G1819,GN048,G5642,G1886,G5622,G1880,G5638,GN053,59500,G1863,G1868,G1865,GN034,GN036,G1807,G1856,G1823,G5603,GN032,G1883,G5635,G5678,G1885,G5604,G5601,G1816,GN052,G1814,GN038,G1870,GN039,G1825,G1836,G5637,G1858,GN044,G5623,GN025,G5620,G1854,G5616,GN026,G1875,G5632,G1843,G1805,GN051,G5614,59501,G5643,GN030,G5520,G5608,G1853,GN028,G5625,G1851,G1730,GL515,G5516,G1876,G5602,G5672,G5673,G5690,G1849,G1801,GN017,G1879,G5679,G5613,GN037,GN033,G1882,G5692,G1845,G1803,G5668,G5667,GN049,GN003,GN001,GN011,G5636,GN014,GN016,GN029,GN013,G1830,GN015,G5669,G5666,G5618,GN012,G5509,GN002,GN050,GN054,GN004,GN010,G5629,G1813,G1844,GN009,GN027,G1808,GN005,G5639,GN008,G8906,G9013,G1802,G1810,GN045,G5689,G5686,G1811,GN006,GN007,G5615,G1128,G1850,G1804,G1874,G1575,GN040,G3644,G1861,G5505,G1838,G5511,G1840,G3652,G2902,G1884,G1123,G3613,G8908,G1864,G4828,G5631,G1894,GV213,G1826,G1585,G3755,G1806,G1860,G3665,G3642,G5670,G5671,G1842,G5158,GN043,G1869,G3670,G1893,G1852,G3735,G3660,G5680,G9011,G1127,GN035,G5512,G3638,G1821,G1117,G2954,GN055,G2981,G8902,G3615,G1593,G3741,G1122,G5630,G8955,G1118,GN056,G1707,G2952,GV001,G1115,G3632,GL501,G1878,G1877,G2967,G5633"
115.50,23.25,0.49,0.45,197,"G1851,G5614,G5692,GN054,G1876,GN051,G1865,G1856,GN050,G5613,G1885,G1823,G1861,GN052,G5641,GN053,G5679,G1874,GL515,G1575,G4828,GN038,G5628,G5158,G5615,G1815,G1802,G1848,GN039,G1841,G1881,G1852,G1585,G1853,GN055,G5516,G5637,GN036,G5642,G5520,G1730,G1835,G1850,G5629,G1875,G1858,G1820,GN056,G1593,G1832,G1860,G1862,G5129,G1569,GN041,GN048,G5607,GP511,G1884,G1870,G5511,G5638,G2967,G8906,G1883,G5630,G9013,G5624,GN035,G1642,GP512,GV314,G5626,G5505,GV312,G2932,G5632,GN044,59500,G8923,G1828,GN046,G1847,G1827,G1872,G1584,G1825,GN022,GV213,G1574,G1836,G1873,G2935,GN026,G5509,GN023,GN024,GN047,GN019,59502,G5605,GP513,G2902,G8902,GN025,GN020,G1886,G1892,GN018,GP502,G5640,GN021,G4821,G8931,G2981,GV306,GN037,G8908,G8936,G8925,GN031,G5635,G8933,G8935,G2939,G5678,G1817,G5623,GP500,G1647,G5608,G1849,G1863,G1834,G9014,GV313,GM403,59306,G5625,G1822,G2960,GV310,G1577,G1816,G1868,G5604,G8904,G1869,G5622,G8926,G9011,G1894,G1882,G1614,G1819,G1880,G1838,G5508,GN049,G8909,GP506,G1844,G5603,G8934,GP504,G8918,G2968,G5601,G1845,G1648,GV209,G8901,G1814,G1807,G2933,G1803,GN034,G1843,GP501,G1840,G1596,GN001,GV317,GV204,GN030,GV301,GM402,G5513,G1128,GV305,G2945,G5643,G5512,G8919,G2980,GN032,GN017"
115.50,23.50,0.49,0.45,150,"G5129,G1642,G1569,G1584,GP512,GN055,G5158,G1862,GP511,G1647,G4828,GN056,G1861,G1577,G1852,GP502,GM403,G1874,G1614,GV314,G8923,G1575,G1593,G2932,GN054,GM402,G1574,GP501,G1585,GN050,G5615,G5692,G4821,G2967,G1648,GM408,G1802,G1851,G8935,G2935,G1583,GV312,G1876,G1646,G5614,G5613,G1860,G5630,GP504,GP513,G1613,G8936,G8933,GN051,G1850,G5679,G8926,G1643,GL515,GP500,GV306,GN035,GP503,G1856,G2939,G2933,GV310,G1865,G1885,GN052,G1589,59306,G1570,G1884,G1823,GV309,G5629,GM409,G4825,59304,GN038,G5511,G5516,G4824,GV313,GN039,G1853,GN053,G4737,G1730,GM407,G5041,G1581,G8925,G8931,G1615,G2960,G5520,G5641,G1610,GP506,G5637,G2968,GV317,G1848,G8906,G5128,G8902,G8921,G5628,G1841,G1875,GP507,G9013,G5131,G8934,GN036,G5505,G1578,G1815,G2966,G2931,GV213,GP508,G1858,G8932,G9014,GV305,G5642,G1525,G1594,G1881,G8918,G2936,G8909,GP400,GV301,GV303,G4940,G1661,G1835,G8904,G2981,GP505,G1832,G1612,GM404,G2902,G1870,G5040"
115.50,23.75,0.49,0.45,144,"GM408,G1613,GM402,G1643,GP501,G5041,G1647,G1583,G1577,G1614,G5128,G1646,G1615,G4737,GM409,GM405,G5040,GM403,GP400,G4940,G1648,G1640,G1584,G1565,G1642,G4929,G5131,G4825,GP502,GP512,G1525,G4927,GM407,G5224,GM410,GP503,G4935,G4936,G5129,G1649,59303,GP408,GM406,G1610,G4713,G1569,G5148,G1537,G1609,GP504,G1570,GP511,G4934,G1612,G1644,G4937,G4712,G1862,G1589,59304,G4824,G8923,GV314,G4974,G1568,G1510,G4821,G1645,G1574,GV309,G8935,G2932,GN055,G1611,G4925,GN056,G4928,G4957,GM404,G4938,G4939,G4926,G5158,G8926,G2933,GM401,GP424,G4924,G4907,G4828,G1593,G1852,G8933,G5042,G8936,G4941,G1505,G5130,G1861,G1634,G2935,G2966,G1661,GP505,G2967,G4956,GM760,G4814,G1874,GP513,G1532,GP500,G5113,G1575,G1564,G4921,G4955,G4718,G1585,59107,G4715,G1581,GV312,G1524,GV310,GV306,G1632,G1633,G1641,GP508,G8921,G4923,G8932,GP221,59306,G2939,GN054,G1638,GM255,G4958,G5615,G5110,G5126,G1511"
115.50,24.00,0.49,0.45,160,"GM410,GM405,G5040,G4936,G4929,G1611,GP408,G1640,G4712,G1568,G1645,G4907,G1537,G4937,G4924,GM401,G4935,G4939,G5041,G1565,G4934,GP424,G1532,G4940,GP400,G4928,G4941,GM406,G1609,G4713,G4955,G5128,G4923,G4938,GM255,G4921,G4927,G4954,G1634,59109,G5224,G4926,G4840,G4814,G4922,G4953,59107,G1643,G5110,G1535,GM253,G5102,G1613,G1633,G1649,59303,G4718,G4715,G5113,G5126,G4812,G1644,G1615,GP456,GP452,GP453,G5109,G4925,G4737,G1563,G1534,G4841,GM408,G4835,G4957,G5148,GM254,G1564,G4956,GP440,G4958,G4952,G1638,GM409,G5131,G1525,G1510,G1630,G4710,G5105,GM260,G1583,GM402,G1636,G4917,G4918,G4919,G4974,G5111,G4951,G4916,GM251,G4836,GP501,G1635,G5106,G5101,GP468,GP449,G1646,G1612,G1511,G1632,G1524,G5042,G4717,G5127,GM407,G1614,G1536,G4711,G5124,G4959,G1562,G1577,G4825,G1647,GP448,G4837,GP222,G1531,G1610,G1561,G4920,GP207,GP221,G1553,G5103,GM257,G5130,GM252,G4972,G1648,GM404,GM256,G4950,GP503,GM403,GP445,G1631,GP444,G4914,G4811,G4839,G5003,G4913,G5100,G4915,G4859,G1505"
115.50,24.25,0.49,0.45,185,"G4840,G4922,G1534,GP456,G4812,G4954,G1563,GP440,G4917,GM255,G4951,G4953,G1532,G4923,GP468,GP452,G5101,G4952,G4916,59109,GP453,G4907,G4717,G1562,G4955,G4841,G4924,G5102,GP449,G4959,GM401,G1561,G1611,G5127,G4950,G1630,G4921,GM257,G4914,GM253,G1535,G4711,GP424,G4836,G4913,G4941,G5110,G4939,GP448,G4811,G1568,G4918,G1533,G1645,G5100,G4949,G1635,G4948,GM260,G5126,G1531,G4712,GM410,G4710,G5124,G4911,G1633,GM254,G4837,G4936,G4839,G1634,G4835,59107,G5108,G4714,G5109,G4814,G4928,G4937,GM256,G1636,GP408,G1537,GM258,G4915,GP444,G1567,G4718,G4938,G4715,G5113,G4929,G1637,G4934,G4919,G5107,GP445,G5105,G4912,G5103,GM405,GP460,G4935,G5040,G1553,GM102,G4909,G1609,G4947,G4926,G5111,G1640,GP476,G4958,GM406,G4713,G5009,G5104,G1638,G4910,G1555,G4945,G4946,GP481,G4852,GM252,G1536,G1566,G1565,GP309,G4855,G4750,G1564,GM251,G5212,GM262,G4838,G4859,GM551,G4956,GM104,G4940,G4927,GM259,GP400,G1530,G4925,G5008,G5224,G4908,GM101,G5106,G1631,G4854,G1552,G5041,G4943,G1644,G5120,G4751,G5021,G4920,G1649,59303,G1511,G5128,G4957,G5132,G4858,G1683,G4860,G4863,G4816,G1626,GP308,G4815,G1558,GP480,G1623,GP314,GP222,G4942,G1632,G1604"
115.50,24.50,0.50,0.45,170,"G1533,G4714,G4948,G4914,G5107,G4947,G4949,G4950,G4945,G4946,G4913,G4912,G1566,G1562,GM258,GP476,G1561,GM259,GM257,GP481,G4908,G5100,G4943,G4717,G4811,G4911,GP468,G4959,G4909,G4951,G4917,G5101,G1530,G4838,G4816,G1560,G1567,G5108,G4916,G4944,G1637,GP440,GP460,G5127,G4711,G1534,G4910,G4815,G4813,G4839,G5212,G4942,GP480,G4905,GP449,G1563,GP456,G4952,G5104,GP448,G4812,G4817,GM262,G1555,G4922,G4915,G4840,G4906,G1531,G4863,GP452,G4852,G1683,GM256,GM551,G1538,G4719,G4953,GP444,GP453,G5120,G4904,G4836,G4954,GM104,G1630,G4841,G5124,G4837,GM255,G5009,G5219,GM102,G5132,G1682,G1558,G4923,G5008,G1635,59109,GP445,G4918,G4903,G4860,G4750,G1532,G5102,G5208,59106,G5204,GM260,G5122,GP310,G5221,G4854,G4955,GM253,G1684,GP301,G1535,G1696,G5103,G4710,G4907,G4855,GP309,G1551,GM557,G1553,G5110,G4921,GM101,G4924,GM254,GM401,G1680,G1636,G1590,G4835,G5126,G1552,G1681,G4941,G1611,GP424,G5218,G1633,GM553,G5109,G4919,G1686,GP308,G4939,G5211,G1626,G4859,GM252,59107,G5209,GP311,G4814,G1568,G5213,G1685,G4861,G5021,G1645,G1634,G5105,G5214"
115.50,24.75,0.50,0.45,101,"G4944,G4905,G1560,G4943,G4906,G4813,G4908,G4719,G4816,GM259,G4817,G4945,G4946,G4942,G1566,G4904,G4947,G4815,GP480,G1530,GP481,G1538,GP476,G5107,G4912,G4838,G4714,G5208,G4903,G1684,G1682,G4948,G1533,GM258,G4909,G5123,G5122,G4949,GM553,G4863,G4914,G4913,G5212,G5219,G1683,G4950,G5133,G5214,G4910,G5100,G4911,G1680,G4811,G5058,GM554,GP310,GM257,GP460,G1561,G1567,G1637,G1562,G5104,G5120,GM262,G1558,G5211,59106,G5108,G5204,G1590,G1555,G4717,G5132,G1696,G4959,GM551,G4852,GM555,GP468,GM104,G4839,G1685,GP301,G5221,G4860,G5218,G5101,G4951,GM557,GP311,G4917,G5008,G4711,G5217,G1687,G5127,G5059,G4915,G4916,G5206"
115.75,22.75,0.49,0.45,139,"G5671,G5670,G5667,G5668,G1804,G5643,G5636,G1843,G5672,G5673,G1879,GN043,GN045,G1868,G5631,G1845,G5666,G5669,G1810,G1880,G1878,G1877,G1811,G5686,G5689,G5635,G1837,GN049,G5620,GN029,GN027,G1892,GN028,G1842,G1834,G5608,G1801,59502,G1844,G1822,GN034,G5618,G1849,G1805,GN025,G1873,G5633,G5626,GN042,G5680,G1893,G1840,G1806,GN046,G1836,G2954,GN026,G1819,GN032,G1847,GN047,GN044,G1808,G1807,G5634,G5616,G5640,G5607,GV014,GN023,G1838,G8955,G2972,GN024,G5632,GN031,59503,GN048,G5611,GN018,G1827,G1832,G5624,G1833,GN020,G2951,G1870,GN021,GV011,GN019,G5622,G5690,G1817,59501,GV001,G8948,G8941,GN041,G1835,G1854,G1894,G5603,GN022,G8944,GN033,G1814,GV009,G2952,G8959,G1872,G5601,GV015,G5605,G1869,G1841,G1848,G8942,G1875,G5602,G2976,G1828,G5612,G8943,G5628,G1863,G8908,G9011,G1881,GV010,GN053,G1815,G2973,G2902,G1820,GN030,G1853,G8952,G5604,G1886"
115.75,23.00,0.49,0.45,231,"GN025,G5608,G1836,G1849,GN026,GN044,G5635,GN049,G5632,G1844,G1845,59502,G1870,G1892,GN048,G5607,G1832,G1840,G1838,G5626,G1868,G5636,G1843,GN045,G5643,G5668,G5667,G1806,G1875,G1894,G1893,G1873,G1842,G5680,G5631,G1869,G1841,G1848,G8908,G2954,G1804,G1835,G1853,G2902,GN046,G8955,GN043,G9013,G9011,G8906,G1834,GV001,GN053,G2952,G1880,G1847,G5633,G8944,GV014,GN052,G5629,G5628,G1885,G1822,GN041,GV213,G5670,G5671,GN047,G5624,G8901,GV204,G1878,G1877,G1856,GV011,G2981,G8948,G1837,GN023,G5679,G8919,G1827,GV010,G1815,G2972,GN024,G1884,GN042,GN051,G1881,G5641,G5640,G2948,G5613,G8941,G5673,G5672,G8902,G1850,GN018,GV015,G1876,GN034,G5620,GN019,G1879,GN020,G5634,GN022,G8943,GN031,GN021,G1802,G1865,G1819,G1820,G1872,G2951,GN035,G8942,G2945,G1851,G2975,G1860,G8958,G8959,GN028,G5669,G5666,G8904,G1828,GN050,G5615,G2976,G1833,G5605,GV212,G1817,G9014,G8952,G1805,GN032,G1807,G9019,G1823,G1801,G5622,GN029,GV009,G5614,G1810,G9031,G5630,G5611,G5642,G8931,59503,GV214,GN027,G1874,G2974,G5616,G5692,G5689,G5686,G1811,G5618,G9012,GV209,G5603,G8907,GN054,G2973,G8925,G2955,GN036,GN038,G1863,G1886,G2980,G5638,G8909,G2967,G1814,GN039,59500,G9018,GV312,G1852,G1854,G5612,G5601,G8905,GV000,G8953,59501,G2960,G5637,G9040,G1861,G8918,GL515,GV313,G9041,G9020,G1858,G5604,G1883,G8949,G5690,G1816,GV004,G5678,G1808,G2935,G2953,G5520,GV301,GN056,G8934,GN033,GV211,G9042,G2939,G1825,GV306,G5623,G2940,G5516,GN055"
115.75,23.25,0.49,0.45,248,"G5629,G1884,G8906,G9013,G1850,GV213,GN035,G1860,G1853,G8902,G1802,G5679,G2902,G1875,G5630,G2981,G5615,G5613,G8908,G2967,G8931,GN052,G9014,GV312,G1876,G1870,GN051,G1885,GN050,G8925,G8904,G5632,G1874,GN053,G1852,G1848,G2935,G1856,G9011,G2960,GV313,G1869,GN044,G1841,GN048,G1851,G8909,GN026,GV306,G2939,G1832,GN056,GV209,G8901,G1836,G1894,G2945,G8918,59306,G2932,G5607,GV204,G8919,G8934,G2980,GV314,G8923,G8936,G1862,GV310,GN055,GN025,GV301,GN054,G8933,G1861,G1838,G9019,G2968,G5628,GV305,G1849,GV212,G5692,G2936,G1835,G2934,G5614,G8935,GV317,G1865,G8905,G2940,G2952,G5608,G5641,GV303,G1840,G5158,G8907,GV214,G8926,G1844,GV010,G2948,G1815,GV304,GV001,G9012,G5626,59502,G1806,G8944,G5635,G4828,GN049,G2982,G1823,G8958,G2933,G9018,G1881,G1892,G2931,G8955,G1893,G2961,G2975,GV206,GV217,G5680,GV307,G2937,G1575,GN041,G1845,G8921,G2954,G5129,G8914,GV205,G1873,GV203,GN046,G2949,G8924,GN038,G9020,GL515,GV014,G8948,GM403,G8932,GV302,G8910,G5624,G1847,G8922,GN039,G1820,GV011,G1868,G1842,G2962,G1569,G2987,G8911,G8943,GV309,G5642,GN045,G1642,G1648,GV015,G1585,GV315,GV308,GN036,G8953,G2963,G2965,GV211,G2943,G1843,G2903,G5636,G1827,GN047,G8941,G5633,G5637,GP511,G2966,G5643,GV311,GN023,GV202,G5667,G5668,G5516,G5631,G2972,GV201,GN024,G5520,G1834,G1593,G1614,G2953,G8903,G8952,GP512,G1730,G2946,G8942,G2974,GN022,G1584,G1858,GV316,G1872,GN019,G2938,G8916,G5640,G8949,G1828,GN043,G1822,G1880,G8900,G8929,G9031,GN020,G1804,59314,GN018,G8915,GV207,G5638,G2976,GV000,G1647,G8928,G8959,GV218,GN021,G8965"
115.75,23.50,0.49,0.45,201,"G8935,G8933,G8936,G8923,G2932,GV314,G8926,G2935,GV306,GV310,GV312,G2933,G2939,G2967,59306,GN056,G5630,GM403,G1862,G1648,GV313,GV309,G2968,GV317,G2960,G8921,G1852,G8925,G2931,G1860,GN035,G8931,G8934,G8932,GN055,GV305,G1614,G2966,G2936,G5615,G8918,GV303,G1646,G1850,GV301,G1874,G1802,G1884,G8909,G9014,GV304,G2963,G8902,G1610,G2937,GM407,G1661,G2934,GV316,GN050,GV209,G5129,GM402,G8929,G1861,G8922,G8904,G5629,G5158,G2964,G2980,G2940,G1647,GM409,GV213,G1642,G5613,G5679,GV308,GM408,G2961,G8927,G2962,G8906,G1876,G2981,G9013,GN054,GM404,GV307,G1569,G4828,G2930,GV315,G8924,G1584,G1613,GN051,G1851,G5131,G1853,G1615,G8905,GP512,G2902,GM760,G2982,G2945,G1612,G5692,G1577,GV302,GN052,GP511,G8965,G9019,G1885,G2965,G5139,GV206,G2938,G8914,G2903,G1875,G1575,GV217,GV311,GM752,G1856,GP501,G8908,G8907,G5614,GV212,G5130,G2926,G8928,G5128,GN053,GV214,G5148,GV203,G8901,G8911,G8964,G1641,GV205,G9011,G1593,G8919,G9012,GP502,G8900,G1663,G1848,G1585,GV204,G9018,GV202,G1870,G2949,G1869,G1841,G2997,G9022,59303,G1649,G1865,GM759,G2946,G9021,G5157,G5632,59314,G5042,G2992,G5224,GV208,G1583,G1574,G1643,G8916,G5044,G8903,G1894,G8910,G5125,G2941,GN048,G2943,G1832,G1644,G1823,G5628,GN044,G2922,G2987,G9020,G5641,G2921,GL515"
115.75,23.75,0.49,0.45,162,"GM409,GM407,G1610,G5131,G1646,G1615,G1612,G1648,GM404,G5148,G5128,GV309,G1613,59303,G1649,G1614,GM408,GM403,G5224,G5130,G1661,GM760,GM402,G1644,G2966,G5042,G1641,G2933,G8926,G8935,GM406,G1640,G5139,G8932,G2964,G1609,G8921,G5125,G8929,GV316,G8927,G8933,G1632,G8936,G2963,G1647,G8923,G5040,GV314,G2931,G2932,GV310,G5041,GM405,GM758,GM261,59306,G2935,GV306,GV317,G5157,G1643,G5156,G2939,G5106,GP501,G1862,G2930,G1577,G2968,G1638,G1645,GN056,G5113,GV312,G1634,G2967,G8922,G5011,GM752,GM251,G5003,GV313,G1642,GV308,GV305,G2937,GV303,GM410,G1583,G2936,G8934,GN055,G1584,G2960,GM759,G5142,G5129,G4929,G5015,GV304,G1663,G1633,G5044,G1852,G5630,G2962,59310,G5140,G5109,G5019,GM401,G5111,G8925,G8965,G4936,GV301,G5105,G5126,GP400,G5045,G4940,G8918,G2926,GV315,G8931,GP512,G2997,G1565,G5110,G1625,G1660,G5012,G1569,G4737,G2961,G2934,G1860,G2938,G5037,GP408,GN035,G8909,GM253,G1874,GM254,G5158,G4907,G8924,G1611,G5016,G4935,G5615,G8964,G1636,G2940,G2921,GP502,GM115,GP511,G1861,G4712"
115.75,24.00,0.49,0.45,162,"G1609,GM406,G1644,G5224,G1649,59303,G5113,G1638,G1634,G5106,G5148,GM251,G1632,G1640,G1633,G1645,G5109,G5126,G5111,G5105,G5042,G5110,G5128,GM254,GM401,GM253,G5131,G1612,G1615,G1636,G5040,G5102,G5003,GM260,G5130,59109,GM409,GM405,GM261,G1631,GM410,G4907,GM404,G1635,G1625,GM252,G5125,G1630,G1641,GM255,GM407,G5020,G1610,G4954,GM115,G1613,G5156,GM760,G1532,G1611,G5103,G4936,GM116,G4929,G5124,G4812,G1646,G5041,GM758,GM408,G4840,G4924,G1568,G4922,G1604,GP408,GP440,G4712,G4923,GM256,G5127,G1627,G5139,G1623,G5021,GM110,GM402,G4939,GM109,G1661,G1537,G4937,GP456,G1534,GP424,G1660,G5101,G5142,G4955,GM102,G1648,G4935,G1565,G4917,G4953,G1614,G4940,GP400,G4941,G4934,G1643,G5011,GV309,G1608,G1563,G1695,G4928,G5157,GP468,G4921,G5009,GM101,G1629,59117,G1605,G2966,G1664,GP452,GM754,GM403,G1626,G4951,G5108,G4713,GM005,G4938,GP453,GM257,G2964,G4927,G1692,G1562,G1535,G1603,G5045,G8927,G4952,G1601,GM764,G5100,G1694,G4841,G1637,G5013,GM762,G5135,G8929,G4814,G5015,59107,GM004,G1607"
115.75,24.25,0.49,0.45,182,"G1635,GM260,G5124,G1630,G1636,GM254,G5103,GM256,GM253,G5102,G5126,G5110,G5109,G5105,GM252,G5127,G1633,GM102,G5111,59109,G5113,G1634,G5009,G1631,G5108,G4812,G5101,G1638,GM251,G5021,GP440,GM101,GM255,G1637,G4954,GM257,GM401,G5100,G4917,G1623,G1626,GP468,G1645,G5104,G1604,G5106,G4840,GM551,GM104,GM109,G5008,GM262,G1534,G1562,G4922,G5020,G4907,GM116,G4950,GP456,G1532,G4949,GM258,G1609,G4951,G5212,G5132,G5120,GM406,G1695,G4948,G1690,G1681,G1563,G4914,59117,GM115,G1632,G5213,G1625,G4923,G5003,G1533,G4717,G1629,G4953,G1644,G5221,G1694,G1683,G5107,G1627,G1611,G1640,G1602,G4924,G5224,G1692,G4916,GP452,G5204,59106,G1601,G1561,GM557,G4952,GM410,G1649,G1605,59303,G5135,G1686,G4955,G4913,GM107,G1603,GP453,G1600,G5222,G1696,GM108,G4959,GM005,GM106,G5040,G5219,G1608,G5005,G5042,G4714,G1607,G5148,G4841,G1568,G1699,G4936,G5209,GP449,GP424,GM405,GM110,G4939,GM261,G4921,GM003,G4811,G4941,G4712,GM259,GM006,G4711,G5128,G1535,G4929,G5218,G5001,GM004,G5031,GP408,G4937,G4911,G4836,G1682,G4947,GM754,GP448,G4945,G4946,G1537,G1612,G5156,GM654,G4912,G4928,G1615,GM105,G5130,G5131,G4918,G1671,G5125,GM658"
115.75,24.50,0.50,0.45,191,"G5212,G5104,GM262,G1637,GM551,G5120,G1683,GM104,G5132,G5108,GM258,G5008,G5219,59106,G5204,G5009,G5100,G5221,GM102,G1696,GM557,GM256,G5107,G4949,GM257,G1682,G5127,G1681,GM101,G4948,GM259,G5124,G1686,G4950,G5218,G5122,G5208,G1533,G5209,G5213,G1626,G5101,G5103,G1680,G1562,G4914,G1635,G1684,G5211,G1630,G1685,GP468,G5021,G4917,GM552,GP440,G4714,G4946,G4945,G4943,GM260,GM658,G1690,G4947,GM252,G5031,GM553,G4951,G4913,G4944,G4908,G4812,GM107,G1623,GM108,G1636,G5005,G1566,G4717,GM109,G5102,G5214,GM254,G5032,G1561,G5121,G1534,G4912,G1604,GM253,59109,G5058,G1560,G5207,G1631,G5110,G1671,GM555,G5133,GP456,G4840,GP476,GM654,G5036,G5126,G4905,GM653,G1695,G4954,G1688,G1676,G5220,G5105,G5059,GP481,GM255,G1602,G1694,G5109,G4922,G4959,GM554,59117,G4811,GM106,G4816,G5123,G1633,G5111,G1563,G4916,G5034,G1699,G1691,G5137,G1600,G4911,G1629,GM652,GM651,G4813,G1530,G1692,G1601,G5222,G4952,G4909,GM556,G1672,GM116,G5004,G5135,G5113,G1634,G4838,G1678,59114,GM105,G5020,G1532,GM401,GM656,GM251,G4711,G4953,G4906,GP449,GM006,G5210,GP452,G5033,G1638,G4942,G1567,G4923,G1603,G4815,G4907,G1687,GP480,G4817,G1605,GP453,G1607,G4719,G5217,G4839,G5206,G1673,GP460,GP448"
115.75,24.75,0.50,0.45,117,"G1684,G5208,G5122,GM553,G1682,G5214,G5123,G1680,G5133,G5058,GM554,G5211,G5219,GM555,G1683,G1685,GM259,G5059,59106,G5218,G1696,G5204,G4944,G5212,G1687,GM552,G5217,G5120,G5206,GM557,G1688,G5220,G5210,G5221,G5132,G4943,G5207,G4905,GM262,G5121,G5209,G5107,G1560,GM556,G5104,GM258,GM551,GM658,G1686,GM104,G4908,G5008,G1637,G4946,G4945,G5032,GM653,G1681,G4906,G4949,G4813,G4948,G4947,G5100,G5108,G4816,G1566,G1672,G4719,G5031,G5137,G1533,G5009,G5213,GM257,G1676,G4714,G5033,G4950,GM652,G4817,G5036,GM102,G4914,G1678,G4912,GM651,G5034,59114,GP481,G4942,G1674,GM101,GP476,G1675,GM256,G1691,G1530,G1671,G4815,G4904,G1562,GP480,G5127,G1626,GM656,G5035,GM654,G5005,G4913,G5136,G1673,GM108,GM107,G4838,G5101,G5124"
116.00,22.75,0.49,0.45,118,"G1837,G1878,G1877,59503,G5611,GN042,GN043,G5634,G5671,G5670,G5631,G1833,G5633,G1804,G2951,G1842,GN045,GV009,G2972,G5612,G8959,GV014,G2954,G5680,G1893,G8941,GV011,G5636,G5668,G5667,G2976,G1806,G2973,G8948,G8955,G1845,G8942,GV015,G1844,GN049,G1840,G9042,G9040,G9043,G5643,G9041,G8943,G1843,G2955,GV001,G8944,G9031,G8952,G5608,G1849,G1838,G2952,GV003,GV004,G5635,G2974,G2977,G1868,GV010,G1894,GN025,G8947,G2904,59317,GV000,G2948,G5672,G5673,GN026,G1892,G1869,G1836,G1879,G2975,59502,59511,GN044,GV005,G2959,G9011,G8954,G1810,G1880,G8958,G5632,G5669,G5666,GV204,G8949,G1811,G5689,G5686,G8901,G8919,G8908,G1834,G8956,G9032,G2978,G5626,G5620,G1870,G2970,G8953,G2971,GN027,GN029,GV002,G8945,GN028,G1873,G5607,GN048"
116.00,23.00,0.49,0.45,208,"G8955,GV014,G8948,GV011,G8944,GV001,G2954,G8941,G5680,G1893,GV015,G2972,G2952,G1806,G8943,G5633,G8942,G1840,GV010,G8959,G2976,G1838,G8952,G1842,G2948,G2951,G1894,G5634,GN042,G9031,G2975,G1869,GV009,G1833,G1844,G2974,GV204,G9011,G8958,G2973,G2955,G8919,G8901,G5631,G1849,GV000,G9040,GN045,G1837,GN049,G8908,GN043,G5612,G1878,G1877,G9041,G5611,GV004,59503,G1845,G5608,G8949,G8953,G9042,GV212,G2902,GV003,GN026,GN025,G9043,G2953,G1804,G2945,G5632,G1836,G8954,GV214,G9012,G2970,GN044,G2977,G5636,G2981,G9019,GV211,G9020,G9018,G5635,G8907,G8915,G5668,G5667,G2959,59317,G5670,G5671,G1870,GV213,G9013,G2904,G8947,G2987,G8906,G9032,G8910,G8904,G1843,G5643,G8902,G8905,G2944,G1875,G1379,G8945,GV005,G2949,GV205,59502,GN048,GV201,G1892,GV203,G2978,G9014,GV209,G2980,G5607,GV002,G1868,G2943,GV217,G1832,G5629,G1853,G1372,GV210,59511,G2983,G1884,G2982,G8956,GV206,G8909,G5626,G1378,GD702,G8914,G2942,G8931,G2940,GN035,G8903,G8911,GV207,G8918,GV218,G2957,G1848,G8925,G2934,GV012,G9015,G1841,G2971,G1850,GV301,G1873,G9016,G1342,GV202,G8917,GV307,G2960,G2946,GN053,G5679,G1860,GN052,GV007,G1880,G8916,G8934,G1835,GV006,G1885,GV302,G1373,G1834,GV313,G5630,G2961,GN046,G1371,G1376,G2936,GV305,59314,G1802,G5613,GV304,GD701,GV008,G2947,G8924,GV303,G4146,G5672,G5673"
116.00,23.25,0.49,0.45,287,"G9019,G2945,GV212,GV214,G8907,G9012,G8905,G8904,G9018,G8919,G2980,GV209,G8901,GV204,G2981,G9014,G2982,GV205,GV217,G8909,G8958,GV203,G9020,G2949,G2940,GV206,G9011,G2948,G8910,G8902,G2934,G2975,G8914,G2987,G8918,G8908,GV010,GV301,G1869,G2902,GV213,G8931,GV211,GV307,G2943,G8925,G8911,G8953,G8934,GV201,G2960,G2961,G1894,G2952,G2936,GV302,GV305,GV304,G2953,G8903,GV303,GV313,GV202,G8924,G9013,G8944,GV001,G2946,G8906,G2968,G8915,GN035,GV207,G1884,G8916,G2903,G2965,GV210,G8949,G2937,GV218,G2944,GV311,G1838,G2983,59314,GV317,G8943,G2942,G2974,G8917,G2939,59306,G2962,G8900,GV315,GV000,G2970,G8955,G9015,GV306,G8948,G5630,G8952,G2941,GV015,G5629,GV310,G8922,G1860,G1840,GV011,GV312,G1806,G9031,GV208,GV308,G1850,G2931,GV014,G9016,G8942,G2938,G8941,G8928,G1893,G2954,G8913,G1378,G5680,G2935,G5632,G2947,G2967,G8936,G1875,GV215,G8933,G2984,G9021,G2976,G9022,G8954,G1853,GV216,G2955,G8921,G1870,GN026,G2972,GN044,G8965,G1849,G1844,G1376,GV004,G8959,GD702,G1802,G1379,G4146,G1836,G8964,G2986,G8932,G8926,G1347,G2963,G2985,G2933,G5679,GN025,G1373,G1342,G9032,G5633,G2973,G9017,G8935,G5615,G2959,G9041,G2930,G9040,GV219,G1842,G2926,G4147,G2932,G5608,G2951,GD405,GN049,G8912,G8945,GV316,G5613,GV003,GV314,GN048,G8923,GV009,G2977,G8929,G5634,G2992,G2922,GN052,G1852,GV103,GN042,G1372,G2966,GD402,G1833,G1832,G1885,GN056,G1845,59317,G1876,G2912,G9042,G5607,GN051,G1848,GN050,GV002,G8927,G1874,G1340,G2964,GN053,GM752,G4148,G1841,G2978,GV309,GN045,G5635,G5612,G5631,G2927,G9043,G2906,GD404,G2904,G2925,GD701,G2997,G8947,G1862,GD403,GV005,G1345,G1856,G2913,G1341,G1317,G9002,G1374,G1663,GV101,GN043,59502,G1851,G2921,GN055,G1371,G2908,GV105,G5611,G1837,G1346,G1661,G2909,G8967,GV012,G8956,GD409,G1877,G1878,G1892,59503,G2957,G5636,G1377"
116.00,23.50,0.49,0.45,252,"G2937,G8922,GV308,G2962,GV304,G2931,GV303,G2963,G2936,GV315,GV317,G2961,G8921,GV305,G8932,G8924,G2968,GV316,G2934,GV301,G2930,GV307,G8934,G2938,G8965,G8929,G2940,G2965,G2903,G8918,GV302,GV311,G8927,G2964,GV310,G8928,G2966,59306,G2960,GV313,G2933,G8909,G2926,G8964,G2939,G2982,G8914,G2980,GM752,GV206,GV306,GV209,G8926,G8900,G8925,G9022,G8933,G8936,GV217,G8931,G9021,GV309,G8911,G8905,G1661,GV202,GV208,G2992,G9014,G2997,G1663,59314,G2946,G8935,GV203,G8904,G8916,G2922,G2941,GV205,G2935,G2985,GV219,G2927,GM759,G8903,G8912,G2921,G2949,GV312,G8907,G9019,GV103,G5139,G5044,G2945,G9002,G2943,G8902,G5630,GV214,G9018,G2925,G8913,GV207,G9012,G2986,GN035,G8917,G2967,GV212,G8910,GV218,G2932,G2912,G8961,GM760,G8923,G2987,G5157,G1610,GV314,G2981,GV201,G2913,G2984,G5019,G2924,GV105,GM404,G5012,G9020,G1648,GV104,G5015,G9001,GM407,G1860,G2942,G9015,GV216,GV215,GV213,G1884,G2947,G8962,GV101,G2928,59310,G5140,G2908,G9017,GV210,G2906,G8960,G2905,G2983,GV211,G2909,G8919,G1641,GM403,G8901,G9016,G1850,G5011,G2993,GV204,G4148,GN056,G2902,G5130,G1646,G8967,GD405,G9003,G2944,G8906,G9013,G5045,G1862,G8958,G1345,G1612,G5016,GM758,G2907,G8908,G1347,G4146,G9011,G1852,GV102,G5629,G2901,G8953,G1802,G5125,G1376,G5037,G2953,GM409,59315,G8915,G5615,G2975,GM751,G1614,G5131,G2948,G4147,G8963,G1378,G2998,G2910,G1869,GD403,G5043,GD404,GV010,G1340,GV106,G2911,G5142,GN055,G1874,G1373,GD402,G8966,G5042,GD406,G1894,G1316,G8949,G1615,G5679,G5156,G5148,G1853,G2970,G2952,GN050,G1342,G5613,G2929,GV107,GD702,G8969,GM402,G1875,G2991,GM261"
116.00,23.75,0.49,0.45,199,"G5139,GM760,G1641,G1661,G5157,G2964,GM404,G8927,G5130,GM758,G5125,G8929,G5011,GV316,G5015,G2966,GM759,GM752,G5044,59310,G5140,G5019,G1610,G1663,G2930,G2963,G1612,G5156,G5045,G5142,G5042,G5012,G8932,GM407,GV309,GM261,G2997,G5037,G5016,G8921,G2926,G5131,G2921,G5148,G9001,G8965,GV308,G2931,G8960,G8922,G8961,G1660,G2933,GM751,G1632,G5043,GM409,G2992,G8964,G2927,G2962,G8962,G2993,G1664,G2938,G2937,59303,GV315,G1649,G8926,G9002,G1644,G1615,G2922,GV317,G5003,G1648,GM761,GV104,G2924,G1646,G8928,G5017,G5224,GV303,GV304,GV310,G2925,G8935,G9022,G2968,G2936,G8924,G8933,GV305,G2961,G2965,GV219,G8936,GV103,G5013,G9021,G5106,G2903,59306,G9003,G8912,GV105,G2928,GV311,G1625,G1662,G5128,G2985,G2939,G8934,GM110,GV306,G2913,GV307,GV302,GM403,G8900,GM762,GV301,G2905,G2934,GV208,GV313,GM406,GM115,G2901,G2912,G1609,G2960,G1614,G2940,GM251,G8918,G1638,GV102,GV101,G2908,G2935,GM754,G1613,G8923,G2909,59314,G2932,GM408,G2998,G2941,G8925,G8909,GV314,G8914,59315,G2907,GM757,G2986,GV202,G1640,GM764,G5020,GM402,G2982,GV206,GM756,G2946,GV312,G8911,G8931,G2906,G5113,G8916,G2820,G1627,G2980,G5111,GV209,GV106,G8963,GV217,G8967,G1666,G5010,GM116,G8913,G2967,G1608,G1634,G5105,G9014,G8905,G8903,G5630,G1631,GU029"
116.00,24.00,0.49,0.45,155,"G5003,GM261,G1625,G5156,G1632,GM115,G5125,G5106,GM110,G5042,G1660,GM758,G5020,G5142,G1641,GM251,G1627,G5130,GM116,G1664,G1638,GM754,G1631,G1608,G5111,G5011,G5013,GM762,G1644,GM764,G5148,GM760,G1612,G5105,G5017,59303,G1649,G5113,G5045,G5157,GM404,G1605,GM005,G5139,G1604,GM252,G5037,GM004,G5224,G5109,G1623,G1609,G1629,G1636,GM109,G1603,59310,G5015,GM406,GM757,G5140,G1633,G1634,GM003,G1695,G5131,59117,G5016,GM254,G1606,G5126,G1607,G5010,G1692,GM761,G1662,G5019,G1601,G5135,G5021,G1610,G5043,GM407,GM260,G1661,G5110,G1694,G5103,G5222,GM751,G5012,G1615,G5001,G5018,G5044,GM253,G1602,GM759,GM409,G1666,G1635,G1600,G1640,G5128,G1645,G2964,GM002,G8927,G5102,G8960,GM755,G1626,G9001,GM006,GM001,G1663,G1690,G5124,G1630,G8929,GM106,GM752,G2966,GM101,GV316,G2993,GM401,G5143,G1699,59109,GM883,G8961,GM102,GM256,GV309,G2997,GM882,G2930,G1646,G2921,G8962,G1668,G5009,G2963,G5040,G1667,G5014,G8932,GM107,GM108,G5138,G5002,GM255,G2926,GM756"
116.00,24.25,0.49,0.45,179,"G1604,GM109,G1623,G1695,59117,GM116,G5021,G1629,G1631,G5020,G1694,G1692,G1601,G1605,GM252,G5135,G1602,G1627,G1603,G1626,G1690,GM005,G5222,G1600,G1607,GM115,G1608,GM101,GM106,G5103,GM003,G1625,G1699,G5001,GM006,GM004,GM107,G5111,GM108,G5213,GM102,GM110,GM251,G5105,G1636,G5003,G5005,G5009,GM754,G1681,G5106,G5124,GM256,GM260,G1638,GM254,G1635,GM105,GM764,GM001,G5008,G1606,G5109,GM104,GM002,G5126,G5113,G5002,G5134,G1633,GM551,GM654,G1630,G1632,G1686,G5132,G1671,G5110,G5221,G5031,GM253,GM262,GM261,G5104,GM762,G5004,G1634,GM557,G5120,G5102,G5108,G1637,G5209,G5127,GM755,GM882,G1660,GM883,G5204,G5013,G5156,59106,G1696,G5010,G1664,G5036,G1622,GM757,G5022,G1691,G5212,59109,G1620,G1683,G5042,G1676,G5028,G5034,GM658,G5218,G5018,G1644,G1609,G5125,G5032,G5100,G5142,G5017,G5219,GM257,GM406,GM656,G5101,G1618,GM758,G1645,GM651,GM401,G4812,GM652,G1619,G1655,GM258,GM552,GP440,59303,G1649,G1617,G1628,GM255,G5224,GM653,G5030,G5130,G5148,G5137,G1641,G5023,G4954,G5014,GM111,59114,GM886,G1678,G1685,G5143,G4917,G4949,G1666,GM655,GP468,G1673,G5121,G5011,G1662,G5026,G1624,G4950,G1562"
116.00,24.50,0.50,0.45,178,"G1686,G5213,G1681,G5209,G5031,GM557,G5005,GM108,G5221,GM107,GM658,G1671,G1696,GM654,G1690,G5218,G5204,59106,G5132,G5008,G5036,G5032,G1626,G1676,GM101,GM552,G1691,GM104,G5034,G5120,GM551,G1699,GM106,G5004,GM653,G1685,GM651,GM652,G5219,G1683,G5137,GM262,G5009,G1602,G5121,GM105,GM656,G1694,G1600,G5021,G5104,59114,G1678,G5211,GM102,GM109,G1695,G5207,G5212,GM006,G1623,59117,G5222,G1680,G1672,G1601,G5033,G1673,G1692,G5135,G1604,G1629,G1682,G5220,G1688,G5122,G5134,G1637,G5030,GM655,GM256,G5103,G1603,G1607,G5208,G5001,G5002,G5108,G5028,G5059,GM252,G1605,GM556,G1684,G1675,GM555,G5124,GM111,G5136,GM003,GM005,G1622,G1631,G5214,GM116,GM553,G5058,GM001,GM258,G5006,G1635,G5100,G5020,G5210,G5127,G1627,G1620,GM004,G5133,G1608,GM554,G1677,G1624,GM260,G1674,GM112,G1636,GM257,G1619,G1630,G5022,GM002,G1618,G5035,GM113,G5023,G4949,G1617,GM119,G5107,GM115,G1687,GM254,GM259,G1628,G5111,G5105,G5206,GM886,G5217,GM882,GM103,G1606,G5123,GM121,G4948,G5101,G1625,G5000,G5007,GM114,G4950,GM883,G5109,GM251,G5126,G5102,GM754,GM253,G1670,GM110,G1533,GM755,G5110,GM764,G1633,G1562,G1638"
116.00,24.75,0.50,0.45,108,"G1688,G5220,G5059,G5207,GM556,GM555,G5121,G1685,G5211,GM552,G5210,G5058,G1680,G5214,G1672,GM653,GM658,GM554,G1687,G5218,G5032,G5206,G5133,GM553,G5137,G5217,G5033,G5122,G1675,G1684,G1678,G1674,GM652,G5209,59114,G5208,G1676,GM651,G1696,G1682,G5034,G5035,G5136,G5036,G5123,G5219,GM557,G5031,G1686,59106,G5204,G1673,G1691,GM656,G5221,G1671,G1683,G5132,GM655,GM654,G1681,G5120,G1677,G5213,G5030,G5004,G5005,G5008,G5212,GM104,GM108,GM262,GM551,G1670,GM657,GM107,G5000,G5104,G5006,GM659,GM111,G1690,GM105,GM103,GM101,G1626,GM117,G5009,G1699,G5028,G1637,GM106,GM259,G5007,GM102,GM258,G5134,GM114,G1602,G5108,G1600,G1624,GM006,GM112,G1694,GM113,G5107,G4944"
116.00,25.00,0.50,0.45,53,"G5206,G5217,G1687,G5210,GM554,GM555,G5133,GM556,G5058,G5059,G5123,G5214,G1674,G1688,G5220,GM553,G5035,G5207,G5211,G1675,G5121,G1684,G1680,G1672,G1685,G5122,G5033,G5136,GM552,G5208,GM653,GM659,GM657,G5137,G1682,G1678,GM658,59114,G5218,G5032,G1670,G1677,GM652,GM651,G1673,G1676,G5219,G5034,G5209,G1696,G5000,GM656,G5036"
116.25,22.75,0.49,0.45,90,"G5612,59503,G5611,G9043,G9042,G1833,GV009,G9040,59511,G2973,G9041,G2951,G8947,G2904,G5634,GV003,G2977,G8959,59317,GN042,G2955,G2976,GV005,G2971,GV004,G8956,G2972,G8942,GV007,G1837,G9031,G8941,GV006,G1877,G1878,G2959,G2978,G8952,G5633,GV015,G9044,GV011,GV002,G8946,G8943,G8954,G8948,G2957,GV014,G2974,G9032,GV000,G8945,GV012,GV013,GN043,G2954,G1372,G1842,G5631,G8955,G5680,GV008,G1893,G2950,G8949,G1379,G8944,G2970,G5671,G5670,GV001,G2956,G1806,GN045,G8951,G1804,G2952,G2975,GV010,G1840,G1371,G8957,G8953,G2948,G2953,G8958,G8915,G1844,G1838"
116.25,23.00,0.49,0.45,187,"GV003,G2977,GV004,59317,G9041,G2959,G9040,G2904,G8954,G2955,G8947,G9042,G9043,GV005,G2973,G9032,GV000,G9031,G2978,G8945,G2974,GV002,G8952,G2976,G8956,G8949,G2970,G1379,59511,G8942,G1372,G5612,G8959,GV009,G8943,G2957,GV015,GV012,G2971,G8941,G2953,G2951,G8953,G8915,G1833,GV007,GV006,G8948,G2975,GV011,G2972,GD702,G5634,GV008,G8958,G1371,GV211,G2944,G5611,59503,G2948,GV010,GV014,G8946,G8951,G2956,G8944,G1378,GV013,G1342,GN042,GD701,G2950,GV001,G9044,G9020,G8955,G2952,G5633,G2983,GV210,G2987,G2954,GV201,G1373,G8910,G8957,G1377,G5680,G9018,G9012,G1374,G1893,G2942,G9016,GV204,G8919,GV214,G1806,G2943,GV212,G1376,G9015,G4111,G8901,G2949,G8907,G1842,GV218,G4146,G1317,GV205,GV207,G1840,G1837,G1346,G1347,G1894,G9011,GV203,G9019,G1869,G1838,G1375,G1878,G1877,G1341,G8917,G4147,G8903,G2945,GD402,G2947,GV215,G5631,GV217,G8905,GV216,GN043,G8911,G8908,G1344,G1844,G8916,G2946,GV206,G2982,GV202,G2984,G8914,GD410,GD405,G1340,GD408,GD409,GN045,G8913,59314,G1318,G9017,G2981,G2941,GD404,GN049,G2902,G2980,G8904,G1849,G4141,GD401,GV209,G1804,G1343,G1845,GD407,GD403,GV302,59318,GV307,G2940,G8900,G2986,G1348,G5608,GV208,G5670,G5671"
116.25,23.25,0.49,0.45,300,"G2983,GV210,G2944,G2942,G1378,GV201,G9015,G9016,G8915,GV218,GV211,GV207,G2943,G2987,G8917,G8910,G1376,G2953,GD702,G9020,G1373,G8903,G1342,G4146,G2947,G1347,GV215,G2949,G8953,G2970,GV216,GV205,G8916,G4147,GV203,G8949,G2984,G2946,G9018,G8913,G1379,G8911,GV202,59314,GD402,GD405,G2941,G9012,GV217,G9017,GV214,G8914,G8907,GV206,G8954,GD701,G1340,GV000,G9032,G1317,G1341,G2982,G1374,G8958,G8945,G2986,G8900,GV208,G2975,G1372,GD404,G8905,GV212,G2974,G1346,GV302,G2959,GD403,GV311,G9019,G1371,GD409,G1377,G2903,GV002,G2965,GV307,G4148,GD408,G9021,G2985,G2948,G1345,G2978,G8924,G9022,G2945,GV004,G8952,G9031,G2940,G8928,GV010,G2961,G2906,GV012,G4111,G2980,G8919,G1348,GV219,G8912,G2977,G2955,G2912,G8943,59317,G2957,GV204,G2934,G1316,GV003,G2938,GV315,GV209,GV005,G8901,G1375,G2910,GV103,GD410,G1343,G8969,G8951,G8956,G8967,G9041,G2904,GV008,G8947,G2962,G8942,G8964,GV015,G2956,GV101,G8904,G9040,GD406,G2909,G2976,G2922,G2913,59318,GV304,G8909,G2908,GV301,G2973,G2952,G1318,G8944,G2937,G4141,G2925,G8918,G8948,G8965,G2911,G2992,G9011,GV001,GV303,G8966,G9000,G8941,GV308,G9042,G2936,G8957,G8922,G9014,G2991,G8959,G9043,GV105,GV011,G1344,G2926,G2981,GV305,59511,G2927,G2971,G2920,GV006,G2950,G1869,G2907,G8934,GV007,G2905,GD407,G9002,G8963,G9004,G8955,G2928,G8908,G1894,GV013,GV014,GV009,59315,G2972,G1302,G2960,G8931,G8902,G8925,G2968,GD201,GD401,G8946,G5612,G1332,G2951,GV317,GV107,G2930,G2924,G2902,G2990,G2997,GV106,G1382,GU012,G2921,GV313,GU011,GV102,GV104,G1386,G1385,G2954,GV213,G2998,G1838,G2931,G4190,G1833,G2929,G8968,G1806,G2901,G5680,G1893,GM752,G9044,G1383,G5634,G2963,GU014,G1663,G1840,G1305,59316,G9003,G8961,G2813,G5633,59306,G2939,G8921,G8962,G1306,G2923,GV316,GU039,G9013,GU032,GV310,G8932,GU007,G8929,GN042,GV306,G2805,GN035,G8906,G2801,GU016,G2994,GU035,GM759,G2823,G1323,G8927,G1884,G5611"
116.25,23.50,0.49,0.45,309,"G2985,GV219,G8912,GV103,G9021,G9022,G2912,G2922,G2986,GV208,G2925,G2913,G2992,G8964,G8928,GV101,G2927,G2906,G8900,GV105,G2941,G2908,G9002,G8913,G2909,59314,G2938,G2926,G2928,G2905,GV311,G2984,G9017,G4148,G8967,G8965,G2903,G2965,G2924,G8916,G2921,G2946,G1345,GV104,GV216,G2997,GV202,G2907,GV215,GV315,G2947,G8917,GV302,G2910,GD405,59315,G8963,GV102,G8961,G8924,G8903,G8911,G2962,G2911,G8962,G1663,GV207,G2901,GV218,GD403,GM752,GV308,G9003,G2998,GV106,G2930,G8966,GD406,GD404,G9015,GV307,G1316,G8914,G8922,G2961,G1347,G1340,G4146,G9001,G2942,GM759,G4147,GV206,G9016,G5044,GV107,G2943,G8969,GV217,G2991,G2929,G8960,G2993,G2937,G1376,G2982,GV203,GV210,GV205,G5012,G2949,GD402,GV201,G2983,GV304,G8968,G2940,G2990,G5019,G2994,GV316,G8927,G8910,G2923,G2963,G2987,G8929,G2934,G1348,GD409,GV303,G1373,G9004,G1378,G8905,GU012,G2964,G5015,G2944,G5140,59310,G2936,G2920,G1341,GU029,GU007,GD408,G9020,G9018,G2931,GM751,GV301,GV305,G8932,G8907,G1342,GV211,G1317,G2980,G5016,G5157,G8921,GU011,G2812,G9012,G2820,G2813,GV317,G5043,G9000,G8918,GU005,GV214,GV209,G8934,G2968,G2819,GD702,G8909,G1346,G8915,G1343,G5045,G2826,GU001,G5037,G9019,GU014,GU030,GU027,G2827,G2966,GU009,G5139,GU035,GU032,G2805,G2953,G2824,GU018,G1374,GU006,GV212,GU008,G1661,G5011,G8953,G2806,59318,G2825,G2960,G1382,GM756,G2945,GD701,GV313,G8904,G1302,G2801,G9014,G2884,GU015,GM761,G1383,G8925,G2970,59306,GV310,GD410,GU020,GU039,G1377,G2933,G2821,G8931,G4141,G2939,GU016,G8949,G2823,G1379,G2882,G8958,G2810,GM760,G1318,GV306,GU002,GV309,G2808,GM758,G2829,GU033,G8926,G5142,G2887,G2975,G4111,GU022,G1385,59316,GU017,G1375,G8933,G1386,G8936,GU038,G2811,G8919,G2807,G1371,G4190,G1324,G1323,G1662,GD201,G1641,GD510,G1355,GU013,GD407,G8901,G8902,GU021,GU019,G2981,GV000,GV204,G1306,G9032,G2948,G8954,GD505,G1372,GM404,G1308,G8945,G5125,GU023,GD509,G1305,G5017,G8935,59319,G1351,59312,G1332,G2974,G2828"
116.25,23.75,0.49,0.45,247,"G8960,GM751,G9001,G5012,G5016,G2993,G5043,G5019,G5140,59310,G5015,G8961,G5037,G8962,G5045,G5044,GM759,GV104,G2921,GM761,G9003,G2924,G5011,G1663,G5157,G2997,G9002,G2927,G2901,G2928,GM752,G5142,G1662,GV102,GV105,GM756,G2992,G2925,G2820,G2905,G5017,G2922,G2998,G2926,GM758,G2913,59315,G1664,GV103,G5139,G1660,G2908,GV106,G2907,GU029,GV101,G8964,G2930,GU027,G8912,GV219,G2909,G8963,G8965,G8927,G2912,G2819,G2994,G5013,G5156,G2929,G1667,G2964,G2985,G5125,GU005,G8929,G9022,GU002,GU001,G8967,GV316,G1666,G9021,G2811,G2938,GV107,G1641,G8928,GU006,G2923,G2906,GM760,GM762,GV308,G2911,GM757,G2827,G1661,G2810,GM261,G8968,G2963,G8966,GV315,GV208,G2986,G2910,G8922,G2812,G2962,GU007,G5138,G5130,G2880,G5010,G4148,GU000,G8900,G2824,G1345,GD406,G2990,GV311,G2965,GU018,G2903,GU036,G2991,G2966,GM404,G5018,GU030,G8932,GU020,GU013,G2941,G2806,G2817,GM110,G8924,G2937,G5143,GU012,GM754,G1316,G8913,GM764,59314,GU004,G9017,G5141,GU022,G2882,G2884,G8921,G2826,GV302,GU008,G2984,G2931,G1668,G5042,G2887,G8969,G2813,G2807,G2961,G2818,G9004,G8916,GD403,GU009,G2946,GV202,GU021,G5003,GV307,G2829,GV216,G2816,GD405,GU035,GV304,GU023,G1612,GV215,G1625,GD404,G1610,G2825,GV309,G2805,GV303,G8911,G2947,G2802,GU011,GU003,G1632,G2821,GU032,G8917,G2920,G8914,GM115,G8903,GU019,GV317,G2814,GU014,G1340,G2936,GM407,GU038,59312,G1606,G2933,GU028,GV207,G2815,GV206,GU015,GV305,GV218,G1608,G2934,G1665,G2940,G5014,G2982,G1348,G1627,GU017,G2968,G4147,G1347,G5148,GV217,G2808,G2886,G9015,G4146,GV301,GM004,GU025,G2801"
116.25,24.00,0.49,0.45,179,"G5013,GM762,G5017,GM757,G1664,G5010,G1662,G1660,GM764,GM754,G5018,G1666,GM761,GM110,G5142,G1606,G5143,G5037,G5045,G1608,G5043,G1668,GM004,G5156,G5016,G5011,G1667,GM755,G5138,GM751,G1627,GM758,GM115,GM261,G1625,G5014,GM005,59310,G5140,GM002,GM003,G5015,GM883,G5003,G1605,GM756,G5125,G5019,G5157,G1665,G1607,GM882,G1603,G5012,G5020,GM116,G8960,GM001,GM887,G5001,G2993,G9001,G5141,G5026,G1692,G5135,G1629,G1641,G1601,G5044,G2811,GM891,G1655,G2820,G5222,59117,G1632,GM759,G8962,GM894,G1695,GU002,G8961,G5139,GM900,G2817,GU000,G5052,G5130,GM006,G1604,G2880,G5042,GU027,G1694,G1600,G5022,G9003,G5106,GM760,G1631,G1602,G2814,GM753,G1663,GM109,G5002,GV104,G1623,G1657,G2921,GU036,G2924,G2819,GM251,GU029,G2997,GM106,G2901,GM763,G2815,G2810,GM752,GU004,GM899,G1699,G1620,G5134,G2802,GU006,G5144,GU031,G2818,G9002,GU001,GV102,G1653,GM404,G1638,G2928,GU034,GU005,G2927,G5111,G2998,GM252,G5021,GM885,G8927,GM105,G1618,G1612,GU013,G1622,GV105,G1628,G2964,G2905,G2994,G1690,G5053,G1661,GU003,G2992,59315,G2925,GV106,G2827,G5148,G5105,G2926,G1617,G1619,G2930,G1644,GM898,G8929,G2922,GM886"
116.25,24.25,0.49,0.45,169,"GM001,GM002,G5001,GM003,GM004,G1606,G1607,GM882,GM883,GM755,G1603,GM005,GM006,G5002,G5135,G1605,G5222,G1601,G1692,G1608,G5022,G1600,G5134,GM764,G1629,G1602,G1694,GM754,GM106,G1699,G1620,59117,GM105,G1655,G1627,G1695,G1622,G5010,G1618,G5018,GM110,G5014,G1628,GM757,G5026,G1619,GM762,G1617,GM116,GM886,GM109,G1604,G5028,GM107,G5023,G1690,GM108,GM115,G5143,G5005,G1623,G5020,GM887,G5013,G5004,GM894,G1668,GM885,G1625,GM654,G5053,G5047,G5052,G1666,G1624,GM891,G5021,G1671,G1665,GM112,GM119,G1664,G1626,G1631,G5017,GM111,GM113,G5213,G1660,G1651,G5003,G1691,G5030,GM900,G5031,G5138,G1662,G5144,GM101,G5036,GM252,G5201,GM896,G1681,G5034,GM121,G1653,GM656,G5006,GM899,G5147,GM655,G1676,GM261,G5156,GM651,GM884,G5142,G1686,GM761,G1667,G5103,GM652,G5024,G1673,G1657,G1697,GM251,G5032,G5106,59114,G5111,GM114,G5209,G5048,G1678,G5009,GM102,GM120,GM881,GM658,G5137,G5141,G5008,GM753,G1632,G5007,G5105,GM898,GM653,GM758,G5037,GM557,G5221,G1638,G5050,G5049,59116,G1636,GM103,GM893,G5045,G5011,GM104,G5125,G5043,G5132,G5033,GM118"
116.25,24.50,0.50,0.45,167,"G5004,G5028,G5030,GM111,GM105,GM654,G5134,G1671,GM655,G1691,GM656,G1622,G5006,G5034,G5036,G5002,G1624,GM112,GM651,G1673,G1676,GM113,GM652,G5005,GM119,G1699,G1619,G1620,59114,G5023,GM108,G1618,G1678,G1617,GM107,G5031,GM006,GM106,G1628,GM886,G5137,GM121,G5032,G5022,G1600,GM653,G5033,GM114,GM103,GM001,G5007,G1602,G5222,G5001,G1672,G5136,GM658,G1677,G1690,G1694,GM120,G5213,G5135,G1675,G1601,G5047,G1692,G1607,G5209,G5024,G1686,GM882,G5000,GM002,GM896,G5121,G1603,G1681,59117,GM003,G1629,GM117,GM552,G1695,GM883,GM118,G1655,G5207,G5053,G1605,G1651,GM893,GM005,G1626,G5218,G1670,GM557,GM885,GM004,GM755,GM109,G5220,G5201,G5035,G5221,G1685,G5050,G1688,G1606,G1696,G1623,GM657,G1674,G1604,GM101,GM556,G5021,GM892,G5204,G1608,59106,G5026,GM884,G5211,G5008,G5132,G5049,G1627,G5059,G5046,GM659,GM104,GM894,G5147,G5120,GM116,G1680,G1654,GM551,GM764,G5219,G5009,G5014,G5052,GM555,GM754,G5210,G1683,GM887,G1697,G5020,GM881,GM102,GM262,G1631,G5122,GM115,GM252,G5104,GM891,G5010,GM110,G5018,G1682,G5103,59116,G5144"
116.25,24.75,0.50,0.45,111,"G5136,G1675,G1677,G5035,G5033,G1674,G1670,G1673,G1672,GM657,G5000,G1678,59114,GM655,G5137,GM652,GM659,GM651,GM656,GM117,GM653,G5030,GM103,G5006,GM556,G5034,G1676,G5207,G5121,G5220,G1691,G5032,G5007,G1688,G5036,GM111,GM114,G5210,GM658,G5059,G5004,GM552,G1671,G5031,GM120,GM121,GM654,GM113,G5028,GM555,GM112,G1685,G1624,GM119,G1687,G5206,GM118,G5211,G5209,G5217,G5218,G5024,G5058,G1686,G5005,GM105,G1680,G1622,GM893,GM554,G5214,G5023,GM108,G5134,GM107,G1619,G5133,GM557,G1696,G1617,GM886,GM553,G1618,GM892,G5046,GM896,G5213,G5002,G1620,G1699,G1628,G5122,G1681,G5221,G5050,G5204,59106,GM106,G1684,G5219,G5208,G1682,GM006,G5047,G5123,G1690,G5022,G1600,G5132,G1602,G1683"
116.25,25.00,0.50,0.45,52,"GM659,G1674,G5035,GM657,G1670,G1675,G5210,GM556,G5136,G5206,G1677,G1687,G5217,G5000,GM117,G1672,G5033,G5220,G1688,G5059,G5207,GM555,G1678,G1673,59114,G5121,GM554,G5137,GM103,GM653,G5058,GM652,GM655,G5133,GM651,G5214,G5007,GM656,G5032,G5006,G5030,GM552,G5034,G1676,G1685,G5211,G5123,GM114,GM553,GM658,G1691,G5036"
116.50,22.75,0.49,0.45,56,"G9044,G8946,G2971,59511,GV007,GV006,GV013,G8956,G2950,G8947,G2904,GV005,G2957,G9043,GV008,59317,GV012,G2978,G9042,G2956,G2977,G8957,GV003,GV002,G8951,G5612,G9041,G9040,G2959,G1372,G8945,GV004,G2973,G9032,59503,G5611,G1371,GV009,G2955,G8954,G1833,G1379,G2951,G8959,G2976,G9031,G5634,GV000,G4111,G8942,GD701,G1377,G8952,G2974,G1344,G1375"
116.50,23.00,0.49,0.45,140,"GV013,G2950,G8946,GV008,GV006,G2956,GV007,G9044,G8951,G2957,G8957,GV012,G2971,G8956,G2978,G1371,59511,GV002,GV005,G1372,G8945,G8947,G2904,59317,G4111,G9032,G1377,G2959,GD701,G1375,G1379,G2977,G1344,G1374,GV003,G8954,GD702,G9043,GD401,G1346,G1342,GV004,G9042,GD410,G9041,G1318,G1317,G2970,GD407,G9040,G1373,G1341,G1378,G4141,GV000,G1332,G2955,G8949,G2973,G8915,GD201,GD408,G2974,59318,G9031,G2944,G5612,GD402,G1376,G1399,G2953,G1343,GD409,G8952,G4146,G4147,G9016,G8953,G2983,G1347,G2976,GV009,GV210,G1334,G1386,G8942,GV211,G8959,59513,G1340,G1385,G1305,G4190,G2942,G9015,G1348,G8943,G1833,GV201,GD404,GV015,G2951,G1302,GD405,G2947,G9000,GV215,G1306,G8941,59512,G9020,G2975,G2987,GV218,G5611,GV216,GD403,59503,GV207,G8910,59316,G8917,G8958,G2943,G1326,G5634,G1328,G1327,G8948,G2972,G2984,G9017,GV011,G1382,G1329,G1307,G8969,G8903,G2948,G2949"
116.50,23.25,0.49,0.45,285,"G1346,G1317,G1374,GD410,G1341,G1377,G4111,G1375,GD408,G1318,GD701,G4141,GD409,G1343,59318,GD402,G1344,GD407,G1373,G1342,G1348,G1371,G1340,G4147,GD201,GD401,G1332,G1376,GD404,GD702,G4146,G1347,G9000,G1386,G1302,G1385,GD403,G8951,G1378,GD405,G4190,G8957,G2956,G9016,G1305,G8969,G1382,G1316,GV008,G2920,G1372,G1306,G2947,G1379,59316,GV215,GV216,G9017,GV012,G1383,G1345,G9015,G1334,G2983,G4148,G2957,G2950,G2942,G8945,G2984,G9004,G2944,GV210,GD406,G1399,GV002,59512,G2910,G1323,GU011,G9032,G2991,GU039,G2978,G1329,G8917,GV218,G1307,G1326,G8913,GU014,GV013,G8966,GU016,G8915,G1308,GV207,G2823,G2970,G2911,GU012,G1327,G1328,GU033,G2986,G2906,G2801,G8956,G1322,59513,G2959,GV201,G1324,G8967,G8954,GV006,G2990,G1320,GU032,G8946,GV007,G2813,G2805,G2953,GV005,G8903,GV211,G2943,G2941,G8916,G8949,G1321,G2971,GU035,G1358,G2909,G1325,G2987,59314,GU015,G2946,G8968,GV107,G2912,G9044,G8953,59317,G4102,G4101,GV101,GU009,G8910,G8963,G2825,G2908,GV208,GV202,G9020,G2907,G2904,G2985,G2826,G8947,G1355,GV000,G2977,G1359,59319,59511,G2949,GU007,G2929,G8911,G2913,G2808,G8912,GD508,GD510,G8900,59315,GV106,GV219,G1311,GU008,G2923,GV103,G9021,G1310,GV004,GV203,GV205,G1319,GV003,G2821,G2905,GD507,GD511,G9022,G1352,G2974,G2812,G1309,GU030,GV105,GU017,G2998,G9018,G2925,GD512,GD505,GV217,GV102,G1357,GD509,G2994,G2928,G8914,GV311,G1351,GV206,G2922,G9012,G2806,G4157,G4158,G9041,GD513,G2903,G2955,GV302,GU018,G8928,GD504,G2901,G2965,G9031,G2824,GU038,G2884,G2982,G2975,G9040,G9043,GV214,G8958,G8907,G8952,G9042,G9002,G8964,G2992,GU010,G2927,G1354,G2829,G2828,G2827,G2924,GD503,G2938,GV307,G8905,G2973,GV104,G8924,G1356,GD501,GU005,G9003,G2882,GV212,GU029,GU019,GD502,GU020,GU037,G4163,G8943,GU001,GV315,G2887,G2976,GD601,G9019,G8942"
116.50,23.50,0.49,0.45,324,"G2991,G9004,GD406,G2990,G8966,GU012,G2911,G8969,G1316,G2920,G8968,G2910,GV107,GU011,G2813,GU014,GU007,G2929,G8963,G2923,G8967,GU032,G2805,G1345,GU035,G2826,GU009,GV106,G1348,G2907,G9000,GD403,G4148,G2812,59315,G2825,G2909,G2994,GU008,G2801,G2906,GU030,GD404,G1382,GU015,G2998,G2908,GU039,G1383,GV101,GU016,G2823,GV102,GU018,G2806,G2821,G1340,G2824,G2905,GD409,G1302,GU033,G2808,G2901,G1343,GD408,G2884,G2827,GD405,G2912,G2913,GU005,G9017,GU029,G2928,GV105,GU017,G1324,59318,GD510,G1355,GU001,59316,G1323,GD402,GU020,GU038,G2829,G2986,G2882,G4147,GD505,G2819,GU006,G9003,G1308,G2925,59319,GV103,G1341,G1385,GD509,G2887,G1351,GV216,G1386,G4190,G8912,G2984,G1306,G1347,GU019,G2924,GV104,GV215,G4141,GD511,GV219,G2985,G4146,GU022,G2828,G1317,GD504,GU027,G1358,G1321,G2947,G2807,G8913,G9002,G2820,GD410,GU010,G1359,G1346,G1305,59312,GD201,GU021,G1376,G1322,G2922,G1318,G1329,G2927,GU023,G1307,G8962,G2810,GD508,G1352,GU037,G9021,GV208,G1373,G1320,GD407,GU026,G2941,GD513,GU025,G9016,GU013,G2992,GD503,59512,G2822,G9022,G1357,G1332,G1374,G2993,G8917,G1326,G8961,GD507,G9015,G2921,GD502,59314,GD501,GU002,G4101,G4102,G2816,G2885,GV218,G1325,G1342,G1356,G8964,G8916,G8900,G1331,G2942,G1354,G1375,G1327,G1328,G9001,GM756,GV207,G1377,G1334,G8960,G8928,G1319,G1311,G2946,G1378,G4111,GD701,GD512,GU024,GD401,G2997,G2811,G2983,G8903,GU036,G1310,GV202,G2926,G1344,GU052,GV210,G4157,G4158,G1309,GD702,GV311,G2938,GU004,G2880,G2903,GD506,G8965,G2965,G5012,G1663,GM751,G8911,G1353,G1399,G2818,G4155,G4154,G2943,GV201,GU000,G2944,GU003,G5044,GM759,G5043,GV302,GM752,GU028,G1371,GV315,G4153,G4152,G5019,59513,G2858,G5016,G8924,G8914,G2817,G4163,G2949,G2832,GV203,G2987,GU061,G2962,G2867,G8910,G5140,59310,GU062,G2886,GV205,G2930,G2854,GV206,G5015,GV217,GV308,GV307,G2834,G8915,GD601,GM761,G2802,GV211,G1379,G1667,G2845,G5037,G2982,G1361,G2961,G8951,GU057,G9020,G8922,G2843,GU072,G5045,G8957,G1372,G2956,G2953,G4162,G4161,G2970,GU058,G2937,G1662,G9018,G2868,G2869"
116.50,23.75,0.49,0.45,288,"GU027,G2819,G2820,GU002,GU006,GU001,GU029,G2810,GU005,GM756,G2811,G2827,GU013,GU036,G2994,G2880,GU020,GU000,G2824,GU022,GU018,GU004,G2812,G2923,G2882,G2807,G2806,G2887,GU021,G2816,G2818,GU030,G2929,G2817,G2884,G2998,G2901,GU007,G9003,GU023,GV106,G1667,GV102,G2829,G8968,GU003,GV107,59315,GU008,G2993,G2826,GU019,59312,G8963,G2802,GU028,G2907,GM751,G8962,G5043,G2990,G5141,GU009,GU038,G2821,G2905,G2928,GV104,GU025,G8960,G2886,GU024,GM761,G2813,G2825,G2924,GU035,GU012,G9001,G1662,G5138,G8966,G2911,G2828,G2815,GU017,GV105,G2885,G2805,G2814,G8961,G2909,G2908,GU026,G2991,GU032,GU061,G5016,GU015,G2808,GV101,G8967,G2913,GU034,GD505,G1666,GU010,G9002,GD406,G9004,G2822,G5012,G1351,GU014,GD509,G2910,G2925,G2854,GU011,GU031,G5037,GD504,GD510,GU037,G2921,G2801,G2906,G2927,G5017,G2912,G5019,GU052,GU074,G5140,59310,G1355,G5045,GV103,G2920,GM763,G1316,G8969,G2858,G5015,G5044,G1345,GD503,GD511,G2922,GM753,59319,GU016,GU064,G1668,G2823,G5143,G2889,G4148,G2997,G8912,G2850,G2992,GM759,GU039,GD502,GU073,GU033,GV219,G1331,G1663,GD501,GM757,G1324,G5013,G5018,G1383,G2832,G1665,G5011,G1664,GD513,G2985,G1382,G1356,GU055,G2843,GD403,G2837,G5010,G1657,G9000,G2857,G1359,G5142,G2986,G5157,G1352,GD506,G2926,GU062,G1357,G1348,G8964,GM752,GM762,G1354,G2831,G2804,GD404,G2838,G1353,G1358,GD508,G1308,G1660,G1321,G1323,G9021,G9017,G9022,GM900,GU058,GU072,G1302,G2849,G5014,GD405,G1340,GD507,59316,GV208,G2841,G8965,GU059,G8928,G2840,G2859,GM887,GM891,G2984,GD409,G8913,GM758,G1322,G2845,G1343,G2938,G4154,G4155,GV216,G2848,G2930,G4152,G4153,G1306,GD408,G2941,GU067,GV215,G8900,GD512,G1385,G4157,G4158,G1320,GM764,59318,G4147,G4190,G2851,GD402,G1329,G2947,G1307,G1386,GM899,G1319,G5156,G2842,G1311,G2855,G4102,G4101,G1652,59314,GU065,GM898,G5139"
116.50,24.00,0.49,0.45,211,"G5138,G5141,G1668,G1667,G5143,G1665,G1666,G2814,GM753,G2817,G5018,G5014,GM900,G1657,GM763,GM887,GU000,G2815,GM891,GU031,G2880,G2811,G5010,GU034,GM757,G1662,G2802,GM756,GU002,GU036,G5052,GM894,GM899,GU004,G5026,G2818,G5017,GM761,G1653,G5144,GM755,G2838,GU003,G5013,GM898,GM762,G2886,GU028,G2810,GU055,G1652,GU027,G2820,GM883,GU074,G5205,G5155,G2850,GU067,G1655,GU013,G1606,GM764,G5043,G1664,GM882,G2816,GU073,G2819,G2804,G2855,GU006,GM751,G5048,GM002,GM754,G2889,GU001,GU063,GU061,G5145,GU029,G5037,GU005,G5016,GM885,G2851,G1660,GU022,G2857,GU021,G2854,G2807,G2827,GU023,GM004,G2993,GU020,G5045,G5053,G5057,GU024,G2887,GU064,GM001,G5022,G5142,GM110,G2882,G5147,G8960,G2833,G2849,G2824,G2994,G9003,G2837,G1608,GU018,G2871,G2830,G9001,G5140,59310,GM003,59312,G5051,GM888,G2806,G2884,G2829,G8962,G5011,G5012,G5027,G2901,G2831,G1697,GU025,G2812,G5015,GU019,G5054,G2885,G5019,GM005,G2923,GU030,G5001,G2998,GU053,G5047,G1620,GV102,59116,G1628,G2848,G1651,G8961,GM881,G2858,G2929,G1607,G1618,GU070,GU054,GV106,G1627,GV104,G5055,G1605,GU069,GU007,GM884,GU026,G5201,G1603,GM886,G5156,GU038,G2924,G1617,G5002,59315,GU008,GM758,GU071,G1619,G5044,G8968,G2828,G5157,G2928,GV107,G2826,G2843,GU052,G2821,GM115,G2905,G5023,G2822,G8963,G2852,G1622,G2907,G2840,G5135,GM759,G5152,G1625"
116.50,24.25,0.49,0.45,169,"G5026,GM894,G1655,G5052,GM885,GM887,G5053,GM891,G5014,G5144,GM883,G1653,GM882,GM899,G5022,G5047,G5147,GM900,G1665,GM755,G1651,G1628,G1618,GM886,G5048,G1620,G5201,G1617,GM002,G1697,G1668,G1619,GM884,G5143,G5023,GM881,GM898,G1657,GM001,59116,G5018,G5145,G1622,GM896,G1606,G1652,G5002,G5155,G5205,G5054,GM753,G5010,GM888,GM119,G5049,G5138,G5134,G1624,GM112,G5051,GM757,G1666,G5001,GM113,GM004,G5028,GU067,GM889,GM763,G5057,G5146,GM003,G5024,GM764,G5050,GU063,G5141,GM121,GM006,G5152,G2838,G1654,G2855,GM897,G1607,G5055,G2814,G1658,GM754,GM762,GM105,GM893,GU031,GM005,G1603,G1667,GM111,G5222,G1608,G5200,GM890,G5135,GM892,G5027,G1605,G2815,GU034,G5056,GM120,G5013,G1600,G1601,G1699,G1692,GM118,GM106,G1650,GU055,GM114,G5006,G1662,G2833,GM895,G5004,G2817,G1602,G2871,G5017,G2851,G1629,G1694,GM110,G5046,G1627,G5007,G5030,G2802,59117,G2804,GU053,G2852,GU000,G2850,G1664,G1695,GU054,GM654,G2880,GM655,GM103,GU074,GM107,GM108,G5005,GM761,G2811,GU073,G1671,G2818,G1660,G2830,GU004,GM115,GU036,G1690,GM756,G2886,GM656,G1691"
116.50,24.50,0.50,0.45,142,"GM896,G5024,GM119,GM121,GM113,GM112,G1624,GM893,GM120,G5050,G5023,G5047,GM886,G1651,GM118,G1617,G5201,GM114,G1619,G1628,GM892,G1618,G5049,G5007,GM884,G5053,GM111,G1654,G5006,G1620,G5028,G1622,G5046,GM885,GM103,G5022,G5147,GM881,G1697,G5030,G5200,G1658,GM117,G1655,GM655,59116,G5134,G5002,GM897,G5000,GM890,G5146,GM882,G5004,G1677,GM889,G5026,GM894,GM105,G1673,G1656,GM656,G5052,GM883,GM001,G5144,G5054,G5048,G5056,G1670,GM002,G1691,G1653,GM654,GM651,G5034,59114,G5136,G1671,GM887,GM888,GM006,G1678,GM755,GM652,G5152,GM891,GM899,G5036,GM657,G1699,G1676,G5001,G5014,G5145,G5033,G5051,G1675,GM106,G5137,G5005,GM659,G1600,GM900,GM895,GM108,G1672,G5222,GM898,GM107,G1606,GM653,G5055,G5031,GM003,G1607,G5032,G1665,G5135,G1602,G5035,G1601,G1652,G5057,GM004,G1603,G1694,G1692,G5205,G5155,G1650,G1668,G1657,GM005,GM658,G1674,G5143,G1605,G1629,G1690,G5018,59117"
116.50,24.75,0.50,0.45,87,"GM117,G5000,GM103,G5007,G1670,GM114,GM118,GM120,GM657,GM659,G1677,G5046,GM893,GM121,GM892,G5024,G5006,G5050,GM113,G5136,GM111,GM655,GM112,GM119,G5030,G1624,G5035,GM896,G1656,G1675,G1673,G1654,G1674,G5049,G5033,59114,GM656,G1678,G5028,G5023,G5200,G1672,GM651,GM652,GM886,G1619,G1617,G1658,G5201,G1651,G5047,G5137,G5034,G1628,G1691,G1618,G1622,GM884,G1676,G5004,GM653,GM890,G5036,G1620,GM897,G5032,G5053,G1671,GM556,GM654,GM881,G5134,G5207,G5121,GM885,G5220,G5146,G1697,G1688,G5022,G5147,GM105,G5002,59116,GM658,G5031,G5056"
116.75,23.00,0.49,0.45,83,"G8957,G2950,GV013,G1344,G9044,GD401,G8946,G1399,G2956,59513,G8951,GV008,G1375,G1332,GV006,G4111,GD407,GV007,G1334,G1318,G2957,GV012,G1371,G2971,GD201,G1377,GD410,G4141,G1305,G8956,59512,G1328,G1327,GD701,G1386,G1326,G1374,G4190,G1385,59511,59318,G1346,G1372,G2978,GV002,G1306,G1307,G1329,GV005,G1343,G1317,G8945,59316,G1325,G1320,G1302,G1341,GD408,G8947,G2904,G1322,G4102,G4101,G9032,G1379,59317,G1323,G1342,G2959,GD702,G1310,GD409,G1308,G9000,G1309,G1311,G1382,G1373,G1319,G2977,G1383,G1348,GD402"
116.75,23.25,0.49,0.45,216,"G1399,G1334,59513,G1332,59512,G1328,G1327,G1305,G1326,GD401,GD201,GD407,G4190,G1386,G1307,G1329,G1385,G1306,G1320,G1344,G1325,G1318,59316,G4141,G1322,G4102,G4101,G1302,G1323,GD410,59318,G1308,G1310,G1375,G1311,G1309,G1319,G1321,G1343,G1383,G1382,G1358,G1324,G4111,GD512,G9000,GU039,GU033,GD508,GD507,G2823,GU016,G1359,G4158,G4157,GD408,G1346,G1377,G1352,G4163,GD601,G2801,G8957,G1348,59319,G1357,G1374,GD409,G1361,G2920,G1317,G1355,G1341,GU014,59311,GU011,G4162,G4161,GD513,GD511,G8951,GD701,GD510,G1354,G2956,GU032,GU015,G9004,G1371,G1365,G2805,G4154,G4155,G2808,59324,G2950,G8969,G1356,GU035,GD402,GD509,GV008,GD505,G2825,G2867,G1351,GD501,G2813,GD504,GU012,G1340,GD503,GD404,GU017,GU009,G2834,G1316,GD502,G4152,G4153,GV013,GD403,G2821,G2991,G1331,GD604,G2826,G2844,G2860,G1373,GU010,G4147,G1342,G2990,GD406,GU037,GD602,GU008,G1363,GV012,G1353,GD506,G8946,G2828,GU038,GU057,G2957,G1347,G8966,G4191,G1376,G4146,GD702,GD405,G2910,G2822,G1345,G9044,G8968,GU007,G1372,G2911,G1367,59325,GV006,GU030,GU056,G1313,G1312,G4148,GU026,G1314,G1315,GV007,G2884,G1364,G2806,GU019,G2829,G1378,G2812,GV107,GD603,GV002,G2845,G9017,GU018,G1379,G9016,G2868,G2869,G8945,GU052,G2923,59312,G2824,G8956,G2978,G2971,G8967,GV216,GV215,GU025,G2947,G2882,G2929,G2861,G2887,G2885,G2906,G9032,G8963,GU020,G2984,G2873,GU062"
116.75,23.50,0.49,0.45,279,"59319,G1359,GD511,G1352,GD508,G1355,G1358,G1321,G1357,GD513,G1324,GD510,GD507,GU033,GD509,G1308,G1351,GD504,G2823,GD505,GU016,G2808,G1354,GD503,GD501,G1356,G2801,G1322,GU039,G1323,GU015,GD502,GU017,GD512,GU010,G1319,G4157,G4158,G1311,G1320,GU037,G4101,G4102,G1331,G1383,G2828,G1310,G2821,G1325,G2825,GU032,G1309,G2805,G1307,G1329,GU038,59316,GU014,G4155,G4154,G2822,GU035,G1382,GU009,GD506,G1306,G1353,GU026,G1326,GU011,GU008,G4153,G4152,G2826,G2813,GU019,59512,G1328,G1327,G1302,G2829,G4163,G2867,59312,GU052,G4190,G2884,GU025,G1305,G1385,G2834,G1386,GU030,G2806,GD601,G2885,G2920,GU012,G9004,G1361,G2882,G9000,G2887,GU018,GU057,GU007,G2824,G2812,G2845,G2990,GU020,G2807,GU023,GU021,G1334,G4162,G4161,GU022,GU062,G2844,G2860,GD201,G2832,G8968,GU024,59311,G2869,G2868,G2991,G2827,59318,GU072,G2858,G2923,G1343,GU056,G8969,G1332,G1348,G4141,GV107,59324,59513,G2816,G1365,GD406,G2841,G1399,GD407,G8966,GU005,GU058,G2843,G2842,G1316,G2994,GU001,G2929,G2873,GU013,GU006,G2870,G1318,G2911,GU059,GD408,GD410,G2910,G2810,59313,GD604,GD409,G2819,GU029,G2854,GD401,G2859,GD602,G2861,GV106,GU061,G8963,G4191,G2835,GD403,GU060,GD404,GU028,G1364,GU027,GU003,G1345,59315,G8967,G2998,G2907,GD603,GU036,G1363,G1344,GU004,G1340,GU064,G1314,G1315,G2846,G1341,G2818,GU068,GU066,G4148,GU065,G2886,G1346,GU002,G1375,G2840,G1317,GV102,G2909,G1313,G1312,G2820,G2875,GD402,G2906,G2901,G1367,59325,G2847,G2880,G2837,G2908,G2803,G2811,G4111,GD405,GV101,G2831,G2905,GU000,G4147,G1374,G2836,G2872,G2802,G1377,G9017,GU051,G2889,G9003,G2928,G2913,G2912,G2817,GV105,G1347,GU074,G2853,GM756,G4146,GU073,GD701,G1376,G1373,G2857,GV216,G2986,GV215,G2848,G2925,G2984,G2849,GV104,G2924,G2947,GV103,G2815,G2850"
116.75,23.75,0.49,0.45,273,"GU024,G2885,GU061,G2854,G2816,GU025,G2858,GU023,GU028,59312,GU021,GU003,GU026,GU052,G2886,G2807,GU013,GU064,GU019,GU022,G2822,G2887,G2843,G2818,G2832,GU004,G2828,G2882,G2829,GU037,GU010,GU036,GU020,GU038,GU062,G2837,G2889,G2802,GU058,G2810,G2884,GU074,GU072,G1331,G2831,GD504,GD503,G2880,GD502,G1351,GU059,GU017,G2841,GU073,GD509,GD505,G2806,G2859,GD506,G2840,G2824,GU000,GU018,G2821,GD501,G1353,G2827,G2857,GU006,G2817,G2850,GU002,G1356,G2815,GU030,GU008,GU001,GU034,G2808,G2811,GD510,G2845,G2849,GD511,GU005,GU065,G2812,GD513,G2819,G2842,GU031,G2825,G2848,G2826,G1354,G2870,GU027,G1355,GU009,G2814,GU015,59313,59319,G2804,GU051,GU035,GU055,G1357,G2868,G2869,G2853,G4152,G4153,GU007,GU029,G1352,G2847,G2805,G4154,G4155,GU071,GU032,G5141,G2813,GU057,GU070,G1359,G2923,G2994,GM763,GU068,G2820,G2801,GD508,G2834,G2867,GD507,G2873,GU069,G8968,GM756,GU014,GU033,G2823,GU016,G2838,G1324,GU060,G1358,GU012,G2990,G1321,GM753,G2929,G4158,G4157,GU039,G2830,GU011,GU056,GD512,G1667,G2851,GV107,G2860,G2844,G1308,G1319,G9004,G1311,G1383,GV106,G1323,G5138,G1309,G2998,G4163,G1322,G1310,G2991,G1657,G2920,G4101,G4102,G1382,G2855,GU067,G2835,GU066,G8963,G1320,G2861,G8966,GD601,59315,G1361,G2901,GV102,G1325,G2911,59316,G2833,G4162,G4161,G2907,GD406,G1307,G1329,G9003,G2846,G2803,G2871,GU063,G1302,G1306,G2872,G2836,G9000,G8969,G5205,G5155,G1652,59311,G2910,G2875,GU053,GM900,G1326,G1316,G1665,GU054,G2905,GM898,G8967,59324,59512,G1666,G1328,G1327,G2909,G1668,G4190,G2993,G2928,G1385,G1365,G2908,G1386,G1364,G1305,GD604,G1662,GD602,GD603,G5143,GV101,G8962,G4191,GV104,G1348,GM761,G5043,GM751,GV105,G2924,GM899,G1345,G5027,GM891,G2906,G2913,G1314,G1315"
116.75,24.00,0.49,0.45,176,"GU055,G2838,G2850,G2804,GU031,GM763,GU034,GU074,GU073,G2815,GM753,GU067,G2851,G2814,G2855,G2889,G2857,G1657,G2802,GU063,G5205,G5155,G1652,G2830,G2849,G2886,G2833,GM898,G2871,G5141,GU028,G2817,G2837,GU070,GU064,GU003,GU069,GU061,G2818,G2848,GM900,G2831,GU053,G2854,GU054,G5057,GU071,GM899,GU004,GU000,G5027,G5145,G2880,G1653,GU036,G1665,G5144,GM891,G5138,G5048,G2816,G2840,G2852,G2811,G5051,GU024,GU013,G5052,GM887,G2853,G2858,G5055,G1667,G1668,GM888,GU002,G2843,GM894,GU051,G2810,G1650,GU023,G5143,G5054,GU021,G2859,G5014,G2885,GU065,GU058,G2807,GU022,GU025,G5026,G2832,GU059,59312,G1666,G2887,GU052,G5152,G2841,GM756,G2847,GU072,GU062,GU027,GU006,GU020,G5147,G2882,GU026,59116,GU019,G1697,G2819,GU001,G2829,G5018,G2822,G2827,GM881,G2820,GU005,GM895,GM889,GM885,G2828,G2884,59313,GU068,G2824,G2842,G2870,G1655,GU038,GU037,GU018,G2806,GU010,G5053,GU029,G5146,G5010,G1662,G1331,GM757,G2845,GD506,GM884,GU030,GM755,G1353,GD503,GD502,GD504,GU017,G2812,GM883,G1351,G2821,G5056,GD509,GD505,GU008,GD501,G2869,G2868,G5201,G1651,G2994,GU060,GM761,GM897,GM882,G1356"
116.75,24.25,0.49,0.45,126,"G5145,GM888,G5051,G5048,G5054,G5057,G5055,GM898,G5155,G5205,G1652,59116,G5152,G1653,G1697,G5144,GU063,GM899,G5027,GM889,GM881,G5147,G1650,GU067,G5146,G2855,GM895,G2852,G2871,GM884,G2833,G5052,G5056,GM900,G1657,GM897,GU053,GM894,GM891,G2838,GU054,GM885,G5201,G5053,G2851,G1651,GM890,G1658,GM753,G5049,GM887,G5026,GM763,G1665,GU055,G5200,G5047,G1654,G2830,G2804,G1655,GU031,GM896,G5014,GU034,G2814,G2850,G5050,G2815,G1668,GU073,GM886,G1628,GU069,G5141,GU074,G2857,GM892,G1617,GU070,G5143,G1618,G2849,G5024,GM883,G5023,G5022,G5138,G2889,G1619,GM893,GM882,G2802,G1620,GM755,GU071,G5046,G2848,GM119,G2817,G1656,G5018,G2886,GM118,GM112,G1624,GM113,GM121,G2837,G2831,G1622,GM002,GM120,G1666,GU000,GU028,GU064,G1667,G2818,GU003,GU061,G2880,G5010,GM001,GU004,G2854"
116.75,24.50,0.50,0.45,87,"G5200,G1658,GM890,GM897,G1654,G5049,G5146,G5056,GM889,G5050,GM892,GM881,GM884,G1656,G5046,59116,G1697,G5201,GM893,G5152,GM896,GM895,G5054,G1651,G5147,G5024,GM118,GM888,G5051,G5047,G5055,G5053,GM120,G5048,GM885,G1650,GM121,G5145,GM119,GM114,GM886,GM113,G5057,G5023,G5144,GM112,G5007,G1653,G1624,G1628,G1617,G1619,G1618,G5027,GM899,GM898,G2852,G5052,GM103,GM894,G1652,G5155,G5205,G1655,GU063,G1620,GM117,G5026,G5006,G5022,GM891,GM111,G1622,GU067,G5028,GM900,G2855,GM887,GU053,G2871,G5000,GU054,G2833,G1657,GM882,G5030,GM883"
117.00,23.25,0.49,0.45,132,"G1365,59311,59513,59324,G1363,G4161,G4162,GD601,G1361,GD604,59325,G1367,G4163,GD602,G1328,G1327,G1309,G1310,G4191,G1312,G1313,G1399,G1325,G1311,G4102,G4101,G1319,G1314,G1315,G1326,G1334,GD512,59512,G4157,G4158,G1364,G1320,GD603,G1307,G1329,G1322,G2860,G2844,GD507,G2867,G2834,G1305,G4155,G4154,GD508,G1321,G1306,G1358,GU056,G4152,G4153,G1332,G1308,G1352,G1359,G4190,G1357,GU057,G2861,G1386,G1323,G1354,59316,GD401,G1385,GD201,GD513,G2835,GD407,G2846,G1324,G2875,G1356,59319,GD501,GU033,G1353,GD511,G2868,G2869,G1344,G1302,G2873,GD506,G1383,G2823,GD502,GU016,GU066,G4141,GU039,G1318,G2845,G1355,G2803,G1331,GD503,G1382,G2836,G2872,59318,GD510,GD410,G2801,GD504,GD509,G1351,GU060,G1375,GD505,GU037,G1343,G2808,G9000,G2842,GU010,GU015,G2870,GU014,GU017,G2822,GU062,G4111,59313,GU032,GU072,G2828"
117.00,23.50,0.49,0.45,193,"G2844,G2860,G2834,G2867,GU056,G4162,G4161,G1361,59324,GU057,59311,GD601,G4163,G1365,GD604,GD602,G4153,G4152,G2861,G4191,G1364,G4155,G4154,GD603,G2835,G2869,G2868,G1314,G1315,G2873,G2846,G4157,G4158,G1363,G2845,G1312,G1313,G2875,GD512,G1353,GU066,G1309,59325,G1367,G1354,GD506,G1319,G1310,GU060,G1311,G2803,G1356,GD507,G2842,G1357,G2870,G2836,G2872,GD501,GD513,G1352,G1331,59313,GD502,GD508,G4102,G4101,GU062,GU072,G1325,GD503,G2841,G1359,GU068,G2832,G1358,G1321,GD511,GU059,G1320,GU058,GU037,GU052,59319,G1322,GD504,G2822,G2859,G1328,G1327,GU010,G1351,GD509,G1355,G2843,G1307,G1329,G1326,G1308,G2847,GD510,GD505,G1324,GU065,GU026,G2858,G2828,59512,G1323,G2885,GU033,GU017,G2808,G2823,GU025,GU016,G1306,GU038,G2840,59316,59513,GU039,G1334,GU015,G2801,GU051,GU019,59312,G1305,GU024,G2821,G1383,G2853,G4190,G2825,G2829,G1399,G1385,G1386,GU032,G2805,G1382,G2854,GU035,GU023,GU014,GU064,GU009,G1302,GU008,G2884,GU021,G2887,G2831,G2807,G2837,G2882,G2826,GU061,GD201,GU011,GU022,G2813,G2806,G1332,GU030,GU020,G2816,GU018,G2824,G2848,G9000,G2920,GU012,GD407,G2812,G9004,GU028,GU013,GU007,GU071,G2889,59318,G2849,G2886,GD401,G4141,GU003,G2827,G2857,G2990,G1343,G1318"
117.00,23.75,0.49,0.45,202,"GU065,G2847,G2859,GU068,59313,GU059,G2841,G2870,GU051,GU058,G2842,G2840,G2853,GU072,GU060,G2843,GU062,G2832,G2873,G2869,G2868,G2845,G2831,G2858,G2837,G2848,GU066,GU064,GU071,GU057,GU056,G2803,G2835,GU052,G1353,G2836,G2872,GD506,G2854,G2849,G2861,GU070,G2846,G4153,G4152,G2857,GU061,G2875,G2834,GU069,G2889,G2844,G2860,G1331,G2885,G2867,GU024,G4155,G4154,G2822,GD502,GU073,GD501,G1356,GU026,GU037,GD503,GU025,GU074,G1354,G2850,G2886,GU010,G2830,GU028,G2804,GD513,G2828,59312,G1364,GD603,GD504,G1357,GU023,GU003,G2816,GU019,G1351,GD509,G4191,G1361,G4162,G4161,G4163,G1314,G1315,GD511,G1352,GU021,GU055,GD602,G4158,G4157,GD505,GD601,GD604,GU038,G2807,59324,GD507,G2851,59311,GD512,GU017,G2829,G2887,G2818,GD508,G1365,GU022,G2802,GD510,G1313,G1312,59319,G1359,GU013,GU034,G2882,GU004,G1355,G2808,G1319,G1309,G1363,G2815,G1311,GU031,G2821,G2884,GU020,G1367,59325,G1310,G2838,GU036,G2833,G1358,G1321,GU054,G2871,GU053,G2806,GU015,G4102,G4101,G2810,G2880,G2814,GU008,G2825,G2817,GU018,G2855,G2824,GU000,GM763,G1324,G1325,GU030,GU033,GU009,G2827,G2826,GU067,G1308,G2823,G1322,G2801,GU035,G1320,GU016,G2805,GU006,GU032,GU063,GU002,G2812,GU001,GU039,G2811,G1323,GM753,GU005,G2813,GU014,G5141,G1307,G1329,G5027,GU007,G2819"
117.00,24.00,0.49,0.45,120,"GU069,GU070,GU071,G2830,G2848,G2849,GU054,G2851,GU053,G2833,G2871,G2853,G2857,G2804,G2831,GU051,G2837,GU073,G2840,G2889,GU055,G2850,G2855,G2852,G5027,GU064,GU063,GU074,G2838,GU065,G2847,GU067,G2859,G5057,G2854,G5155,G5205,G2843,GU059,GU068,GU061,G1650,G1652,GU058,GU034,GU031,G5055,G2886,G2841,GM763,G2858,59313,G2815,GM898,GU072,G5145,G5051,GU028,G2870,G2832,G2842,G2802,GM753,G2814,GU062,G1657,GU003,GU060,GM888,GU024,G2818,G5152,GM895,G5048,G5054,GU052,G2845,GM899,G2885,GU004,G2873,G2868,G2869,G2816,G2817,G1653,GM900,G5141,GU066,G5144,GU025,GU036,G2836,G2872,GU000,G2803,G2880,GU023,GU026,GD506,G1353,GU013,G2822,GM889,GU021,G2835,59312,GU057,G1331,GU056,59116,GM891,G2807,G2846,GU037,G2861,G1665,G5056,GU022,G2875"
117.00,24.25,0.49,0.45,77,"G2852,G1650,G5027,G5055,GM895,GU054,GU053,G2871,G5152,G5057,G5051,G2833,GM888,GU063,G5054,G5056,G2855,GM889,G5145,G2851,G2830,G5205,G5155,G5146,GU067,G1652,G5048,GM897,59116,GM898,GU069,GM890,G2838,GU070,GM881,G2804,G1697,GU071,GU055,G1658,G1653,G5147,GM899,G2849,G5144,G5200,G2848,G2857,G2850,G1657,GM884,GU073,GM763,G5049,GM753,GM900,G1654,G2889,GU074,GU031,G2831,G2853,G5201,G2837,G5052,GU034,GM891,G1651,GU051,GM894,GM885,G2815,G2814,G5053,GU064,G1656,G2840"
117.25,23.25,0.49,0.45,55,"G1367,59325,G1363,G1313,G1312,G1315,G1314,GD602,G4191,GD604,GD603,G1365,G1364,59324,59311,G4162,G4161,G1361,G2875,GD601,G2846,G2861,G4163,G2835,G2860,G2844,G2803,G2836,G2872,GU056,GU066,G2834,G2867,G1309,G1310,59513,GU057,G4157,G4158,G1311,G1319,GD512,G2873,G1325,G4154,G4155,G4102,G4101,G4153,G4152,G1327,G1328,G2868,G2869,GU060"
117.25,23.50,0.49,0.45,86,"GD603,G2875,G1315,G1314,G1313,G1312,G1364,G1367,59325,G2846,G2836,G2872,G2803,G4191,G1363,GD602,G2861,G2835,GU066,GD604,59324,G1365,GU056,G2860,G2844,G2873,GU060,59311,G4162,G4161,GU057,G1361,G2869,G2868,G2834,GD601,G2867,GU068,59313,G2870,G4163,G2842,G2845,G4153,G4152,G4155,G4154,G2847,G2841,G1353,GU072,G4158,G4157,GU059,GU065,GD506,G1309,G2859,GU062,GD512,GU058,G1310,G1354,G1319,G1311,G1356,GU051,G2832,GD507,GD501,G1331,G1357,G2843,G2853,GD502,G4102,G4101,GD513,G1352,G2840,G1325,GD508,GD503,GU052,G1359,G2858"
117.25,23.75,0.49,0.45,83,"G2872,G2836,G2803,GU066,GU068,GU060,G2847,G2875,G2846,G2835,59313,GU051,GU065,G2861,G2873,G2853,G2870,G2842,G2859,GU059,GU056,G2868,G2869,G2841,G2840,GD603,G1364,GU058,GU072,G2845,G1315,G1314,GU071,GU057,G2860,G2844,G4191,G2848,G1312,G1313,G2843,GU062,GD602,GU070,G2831,G2832,GU069,GD604,G2834,G1367,59325,G2837,G2867,G1363,G4152,G4153,G2849,G1353,G2858,59324,GD506,GU064,G1365,G4154,G4155,G4161,G4162,G2857,59311,G1361,GU052,G2830,GD601,G2854,G2889,G4163,G1331,G1356,G1354,GD501,GD502,GU073,GU061"
117.25,24.00,0.49,0.45,51,"GU071,GU069,G2853,GU070,GU051,G2848,G2847,G2830,GU054,GU065,GU053,GU068,G2849,G2840,G2871,G2852,G2833,G2831,G2851,G2859,G2837,G2857,59313,GU060,G5027,G2836,G2872,GU059,G2804,G2870,G2803,GU066,G2842,GU058,G2841,G2889,GU064,GU073,G1650,G2843,G2855,G2850,GU055,GU063,GU072,G2873,G2875,G2846,GU074,G5057,G2835"
