lon,lat,radius_lon,radius_lat,count,neighbors
109.90,20.90,0.29,0.27,33,"GG211,G7418,G2484,GG213,G7414,G7474,G7510,GG215,GG203,GG214,G7416,GG217,G2402,GG205,59750,G7419,GG207,GG317,G7434,G7412,G2416,G2481,G2487,G2480,GG210,G2477,G7415,GG312,G2405,G7524,GG212,GG209,G7413"
109.90,21.05,0.29,0.27,43,"G7434,GG214,GG317,GG212,G2480,G2402,GG211,GG215,GG309,G7414,G2405,G7418,G7431,G2475,G2477,G7439,59750,G7510,GG312,G2470,G2471,GG310,GG213,G7473,G2484,G7537,G7536,G7534,G7535,G7415,G7419,GG210,G2481,GG217,G7436,G7432,G7474,G2472,G7416,G2426,GG313,GG304,G7524"
109.90,21.20,0.29,0.27,42,"G2475,G7439,GG309,GG212,G2471,G7534,G7535,G7432,GG315,G7433,G2472,GG310,G7434,G2480,G7431,G7537,G7536,GG317,GG316,G2470,G7436,GG301,GG318,GG214,GG304,G7473,GG308,GG314,G2474,GG305,G2405,G2402,GG313,G2477,G7531,GG215,GG312,G2476,GG211,GG306,G2400,G2473"
109.90,21.35,0.29,0.27,43,"GG315,G7433,G2474,GG318,GG316,GG308,G7439,G7432,G2475,G7468,GG301,G2472,G7565,G7566,G2462,G2471,GG306,GG305,G7534,G7535,GG309,GG415,G7472,G7461,G7471,G7460,GG304,G7436,GG310,G2473,GG314,GG307,GG212,G7537,G7536,GG405,G7470,GG412,G2470,G7431,G7567,G2404,G2476"
109.90,21.50,0.29,0.27,37,"G7468,GG415,G7461,G7470,G7471,G2474,GG405,GG412,G7565,G7566,G2462,G2466,GG413,G7567,G7460,GG411,G7472,GG315,G7433,G7465,G2468,GG306,GG308,GG318,GG316,GG410,GG404,GG301,G2467,GG307,GG305,G7432,G2473,G7463,G2472,GG403,GG421"
109.90,21.65,0.29,0.27,31,"G2466,GG413,GG411,G7470,GG412,GG404,GG415,GG405,G2467,GG410,GG403,G7465,G7461,G2468,G7471,G7567,G7468,G2464,GG402,G7565,G7566,G7463,GG406,G2462,G7460,GG407,GG409,GG421,G7466,G2474,G7472"
110.05,20.45,0.29,0.27,40,"GG204,G7542,G7410,G7440,GG111,G7447,GG206,G7445,GG103,G2486,G7417,G7441,GG106,G7548,G2441,59759,G7443,G7475,GG201,GG104,GG218,GG108,G2485,GG110,GG208,G7544,G2442,G7570,G7571,G7448,59754,G7543,GG105,G2449,G2440,G2489,GG101,G2444,G7413,G2488"
110.05,20.60,0.29,0.27,35,"G2486,G7475,G7410,GG204,G2489,GG206,GG218,G2416,G7440,G2482,GG207,G7412,GG201,G7417,G7413,G7443,G2488,GG101,G7542,GG216,G7441,GG203,GG202,GG208,G2485,G7447,G7474,GG104,GG103,G7416,GG111,G7445,GG107,GG106,G7525"
110.05,20.75,0.29,0.27,36,"G7412,G2416,G2489,G7474,G7416,GG207,GG217,G2482,GG202,GG216,G7525,G7475,G2486,GG203,G7418,G7510,G7419,G2481,G7524,GG218,G7413,G2484,59750,G7410,G7411,GG206,GG211,GG215,G7513,G2488,G7415,GG204,GG201,G7516,G7517,G2402"
110.05,20.90,0.29,0.27,37,"G7510,GG217,G7419,G2481,G7416,59750,G7474,GG215,G7418,G7524,G7415,G2402,G7412,G7525,GG211,GG214,G2416,G2405,GG202,G2480,G2426,GG216,G2484,GG207,GG203,G2489,G2482,G7513,G7473,G7411,GG213,G2470,G7414,G7434,GG212,G7430,GG317"
110.05,21.05,0.29,0.27,42,"G2405,G2402,G2480,GG215,GG214,G7415,59750,G7473,G2470,G2426,G7510,G7419,G2481,GG212,GG302,G7430,GG313,G7524,G7436,GG217,G7418,GG211,G7531,G7434,GG304,G7416,GG314,GG012,GG317,GG309,G7474,G7432,G2475,G2400,G7439,GG011,GG010,G2476,G7525,59658,GG301,G7414"
110.05,21.20,0.29,0.27,52,"G7436,G2470,GG304,GG314,G7473,G7432,GG313,G7531,GG301,GG305,G2480,G2400,G2476,GG316,G2405,GG302,GG212,G2475,G7439,G7430,GG308,GG012,G2473,GG011,GG309,GG214,G7433,G2426,GG315,G2402,G2404,GG001,GG306,GG307,GG215,GG010,G7415,GG007,G2425,59750,59658,G2471,G7434,G2474,GG317,G7535,G7534,G7472,G2462,G2479,G2472,G2478"
110.05,21.35,0.29,0.27,52,"GG308,GG305,GG301,GG316,GG306,G2473,G7432,GG307,GG304,G7472,G2462,GG314,G2404,G7433,G7460,GG315,G7436,G2476,G2474,G2400,G7531,G7471,G7468,GG001,G2479,59650,GG313,G2470,G7439,G2475,G7435,G7438,G7532,G7473,G7467,GG011,GG007,G2478,G2425,GG415,GG318,GG309,GG012,GG302,GG408,GG303,GG311,GG212,G7430,G7565,G7566,G7465"
110.05,21.50,0.29,0.27,54,"G7460,G2462,G7472,G7471,GG306,G7465,G7468,GG307,G7467,GG308,GG421,GG415,G2473,G2474,G7463,GG411,GG316,G2466,GG305,GG410,G7438,G7435,G7470,GG301,G2404,59650,G2467,G7433,GG412,G7461,GG315,G2479,GG408,GG416,G7532,GG405,GG407,G7563,GG404,G7432,GG413,GG402,G7565,G7566,G2463,G2465,GG311,GG304,GG314,G2476,GG403,G7469,GG001,59654"
110.05,21.65,0.29,0.27,41,"G7465,GG410,G2467,G7463,GG411,GG402,GG407,GG404,GG421,GG403,G2466,G7471,G7466,G2464,G7460,GG409,G7467,G2465,GG413,GG415,GG406,G7470,G2462,G7472,G7563,GG412,G7468,GG416,G2463,GG419,GG418,GG405,59654,GG306,G7462,G7464,G7461,GG417,GG307,G7438,G7469"
110.20,20.30,0.29,0.27,34,"GG108,G2440,G2449,G2441,G7548,59754,G7543,GG110,G7570,G7571,GG103,G7448,G7447,GG111,G7540,G7544,G7441,GG104,G7442,GG102,59759,G2448,G7440,G7542,G7443,G2444,GG204,GG109,GG206,G7410,G2442,GG105,G7445,G2443"
110.20,20.45,0.29,0.27,42,"G7441,GG104,GG103,G7440,G7443,G7447,G7544,GG206,GG110,G7548,G2441,G2444,G7410,GG204,GG102,GG111,GG101,G7442,GG218,GG108,G7540,GG109,GG107,G2440,G2449,G2488,G7542,G2486,59754,G7543,G7571,G7570,G2448,G7448,G7444,G2443,59759,G2446,G2489,G2482,G7445,G7475"
110.20,20.60,0.29,0.27,40,"GG218,G2488,GG101,GG206,G7443,G2482,GG107,G7410,G2489,G7440,G2486,G7441,GG204,GG104,G7516,G7517,G2444,GG216,G2446,GG202,GG219,G7544,GG103,G7444,G7475,GG109,G7447,G7411,GG102,G7525,G2483,G7412,59755,G7513,G2416,G7442,GG110,G7541,G7548,GG111"
110.20,20.75,0.29,0.27,34,"GG216,GG202,G2482,G7525,G7411,G7513,G2489,G7517,G7516,GG219,G2488,G2483,GG218,G7412,G7416,G7524,GG217,GG101,G2416,G7474,G2481,G2446,G7419,GG107,G2486,GG206,G7510,GG207,G7410,59750,G7443,G7475,G7415,59755"
110.20,20.90,0.29,0.27,34,"G7524,G7525,G2481,G7419,G7513,G7415,G7411,GG202,GG217,GG216,59750,G7416,G7510,G7422,G2426,G2483,GG215,G7474,G2482,G2405,G7412,G2402,GG219,G7430,G7418,G7517,G7516,G2489,GG302,G2416,G7473,GG214,G2480,GG010"
110.20,21.05,0.29,0.27,50,"G2426,G7430,GG302,G7415,G2405,G7473,GG012,GG010,GG313,G7422,59658,G7524,59750,G2481,G2470,GG011,G7531,G7419,GG002,GG215,G2402,G2480,G7423,G7510,G2408,G2409,G2400,G7436,GG003,GG214,GG314,GG217,G7525,G2476,GG304,G2410,G2411,G2425,G7491,GG007,G2422,G7513,59657,G2420,G7416,GG001,GG006,G7411,G7490,G2421"
110.20,21.20,0.29,0.27,61,"GG011,G7531,GG012,GG313,G2400,GG302,G2476,G7430,GG010,GG314,GG001,59658,G2425,GG007,GG304,G7473,G7436,G2470,GG002,GG003,G2426,GG006,G7423,G2421,G2404,G2478,GG305,G2473,G2405,G7491,GG301,G2420,G2408,G2409,G2479,G2411,G2410,G7432,59650,G2423,GG307,G7490,GG316,G2480,GG303,G2412,G2413,G7521,G7532,GG308,59657,G7415,GG306,G7422,G7435,GG311,G2402,G7437,G7438,GG214,59750"
110.20,21.35,0.29,0.27,65,"G2404,G2479,G2473,GG001,59650,GG307,G2476,G2478,G7532,G2400,G7435,GG007,G2425,GG305,G7438,GG303,GG311,GG314,GG306,G7531,GG011,GG304,G2421,GG408,GG301,GG308,GG006,G7472,G7436,G7437,GG313,GG414,GG316,G7467,GG012,G7460,G2462,G7432,GG003,G2412,G2413,GG302,GG010,59658,G2428,G7430,G2423,G7521,G2470,G7423,GG002,G2460,G2420,G7491,G7473,GG416,G7469,G7471,GG005,G2410,G2411,G7490,G7433,GG420,GG421"
110.20,21.50,0.29,0.27,54,"G7467,G7438,G7435,GG408,59650,GG416,G7532,GG307,GG421,G2479,GG311,G7460,G7472,G7469,G7563,G2463,G2404,GG306,GG414,G2473,GG303,G7463,59654,G2462,G2460,G2465,G2478,G7471,G7465,G2407,GG420,G7437,GG001,GG308,GG305,GG401,GG407,G2476,GG007,GG301,GG410,G2425,GG316,G2428,G7462,G2400,GG402,GK213,G2421,G7821,G7468,GG314,GG005,G2467"
110.20,21.65,0.29,0.27,54,"G2465,GG421,G7563,G7463,G2463,GG407,59654,GG416,G7467,G7462,GG402,G7469,GG401,GG419,G7465,G7466,GG410,G2467,GG408,G7560,GK213,G2407,G7438,G7821,G7435,G7464,G7460,GG409,GG418,G7829,GK218,GG420,G7471,GG411,G7472,GG403,GG404,G2460,GG311,GG406,G2464,GG414,GG417,G7532,G2462,G7820,59650,G2551,GG307,GK215,G2466,G2461,G2479,GG306"
110.20,21.80,0.29,0.27,37,"GG419,G7464,GG418,G7466,GG407,G7462,GG417,G7560,GG402,GG409,G2465,G2461,GG406,G7463,G7820,G7563,G2464,GG421,59654,GG401,G2467,GG410,G2463,G7829,GG403,GK215,GG416,GK213,GK218,G7465,G2552,GG404,G7821,G7469,GK205,GK214,GK224"
110.35,20.45,0.29,0.27,37,"GG109,GG102,G2444,G7442,G7544,GG104,G2443,G7540,G7441,G7443,GG110,GG107,G2448,G7444,GG101,G7446,G2447,G2445,GG103,G7541,G2446,G2488,G7440,G7548,G7447,GG108,G2441,GG206,GG218,G2440,G2449,59755,G7517,G7516,G7410,GG111,GG204"
110.35,20.60,0.29,0.27,36,"GG107,G2446,G7444,GG101,G2488,59755,G7517,G7516,G7541,G2444,GG109,GG219,G7443,GG218,G7446,GG104,G2483,GG102,G7441,G2482,GG206,G7544,G7442,G2443,G7411,GG216,G2447,G2445,G7513,GG202,G7440,G2489,GG110,G7410,GG103,G7540"
110.35,20.90,0.29,0.27,32,"G7422,G7513,G7411,G2483,GG219,G7525,G2422,G7524,GG202,GG216,G7517,G7516,G2401,59751,G7522,G7523,G2415,G2414,G2426,G7415,G2481,G2408,G2409,G2482,G7419,59658,GG002,59755,GG010,G7430,59657,G2446"
110.35,21.05,0.29,0.27,48,"G7422,G2422,G2408,G2409,GG002,59658,GG010,G7423,59657,G2414,G2415,G2411,G2410,G7522,G7523,GG003,G7430,G7491,GG012,G2420,G7490,G2401,59751,G2426,GG302,GG011,G2424,G2423,GG006,GG313,G2425,G7415,G2421,G7521,GG007,G7513,G7524,G7531,G7473,G7411,G2412,G2413,G2427,G2400,G2405,G2483,GG001,G2481"
110.35,21.20,0.29,0.27,68,"GG003,G7423,GG002,G7491,G2420,G2410,G2411,59658,GG006,G2409,G2408,G7490,GG010,G2421,G2423,G2425,59657,GG007,G7521,GG011,G2412,G2413,GG012,GG001,G2478,G2427,G7430,GG302,G2400,G2422,G7531,G2476,G2415,G2414,GG313,GG303,G7437,G2428,G2479,G7422,G7523,G7522,G2424,G2404,G2426,G7532,G7421,59650,G7457,GG314,GG005,GG311,G7458,G7473,G7420,GG304,G2401,59751,GG004,GG414,G7436,GG013,G2473,G2470,G7435,G2403,G2406,G2451"
110.35,21.35,0.29,0.27,68,"GG303,G2478,G7437,G2421,G2413,G2412,GG006,G2428,GG311,G7532,GG007,G2425,GG414,G2479,G7521,59650,GG001,G2423,GG005,G7435,GG003,GG408,G7438,G2420,G2460,G7491,G2404,G7421,G2427,G7490,GG011,G7423,G2411,G2410,G2476,G2400,GG002,G7456,GG420,59658,G2473,G7457,GG010,GG012,G2409,G2408,GG307,59657,GK211,G7531,G7469,GG013,G2451,G7467,G2407,G7458,G2455,GG416,GG314,GG503,G2554,GG313,GG305,GG302,GG304,G7430,GG306,G7420"
110.35,21.50,0.29,0.27,59,"G2460,GG414,GG420,GG408,G7469,GG311,G2407,G7438,GG416,G7437,G7435,GG303,G7532,G2463,59650,59654,G2554,G2428,GG005,G7467,G2479,G7456,G7563,GG401,G7821,G2478,GK213,GK211,G2557,G7814,G2465,GG421,G2404,G7421,G2412,G2413,GK226,G2421,GK218,G2551,GG307,GG001,GG007,GG006,G2425,G7824,G2455,G7462,GK222,G7521,G7966,G7829,G2473,G7815,G7463,G2423,GK217,G7472,G7460"
110.35,21.65,0.29,0.27,58,"GG401,59654,GK213,G7821,G2463,G2407,G7469,G7563,GK218,G7462,GG416,G2465,G7829,G2551,GG420,GK226,G2557,G7560,G2554,G2460,GK215,GK224,G7824,GK225,GG408,GG419,GG421,G7820,G7467,GG414,G7814,G7463,GG407,G7822,G7438,GK214,G2552,GG311,G7435,G7456,GK212,G2461,GK211,G7701,G7831,GK217,59655,GK220,G7532,GG402,G7437,G7464,G7466,GG303,G7815,GK222,59650,GG005"
110.35,21.80,0.29,0.27,50,"G7560,G7820,GK215,G7462,G7829,G2461,G2552,GG419,GK218,GK214,GK224,GG401,GK213,G2551,G7821,G2465,GK225,G7464,59654,G7828,GK226,G2463,GG418,G7563,GK212,G7822,GK205,G7813,GK223,G2557,GG407,G7466,G7824,G2407,GK209,GG417,G7469,GG416,G7812,G2505,GK202,G7819,59655,GG402,G7463,GG421,G7816,G2554,GG409,G7701"
110.35,21.95,0.29,0.27,36,"GK205,G2461,G7828,G2505,G7820,G2552,GK202,GK209,G7560,GK223,GK206,G2550,GK215,GK204,GK214,G7464,G7827,GG419,G7812,G2553,GK207,GK201,GG418,G7830,GG417,G7829,G7462,GK224,G7813,G7819,GK219,GK218,G7826,GK225,GK212,G7466"
110.50,21.05,0.29,0.27,34,"G7522,G7523,G2414,G2415,G2422,G2401,59751,G2424,59657,G2408,G2409,G2411,G2410,G7490,G7422,G7491,G7423,GG002,G2420,GG004,G7420,GG003,59658,G2427,G2423,G2403,G2406,GG010,G7521,G7458,G2413,G2412,GG006,G7457"
110.50,21.20,0.29,0.27,53,"G2427,G7490,59657,G2410,G2411,G2423,G2420,G7521,G7491,G7420,GG004,G2424,G2408,G2409,G2412,G2413,G7458,G7457,G2415,G2414,G2403,G2406,G7423,GG003,G2422,GG013,GG002,G7522,G7523,GG503,GG006,G7421,G2451,G2421,G7459,G2401,59751,59658,G2428,GG005,GG010,G2425,GG007,G7437,G2478,GG504,G2457,G2455,GG011,GG012,GG303,G7422,GG001"
110.50,21.35,0.29,0.27,68,"G7421,GG005,G2428,G7457,G2427,GG013,G2451,G2412,G2413,G7521,G7458,GG503,G2455,G7437,G7456,G2423,GK211,G7420,G7490,G2421,G7459,GG414,GG006,G2420,GG504,GG303,G2403,G2406,G2457,G7491,G2460,GG004,G2478,G2410,G2411,GG311,G7453,GG003,GG420,59657,G7966,GK222,G2425,GG007,G2453,G2554,G7532,G7423,G7454,G2458,G7815,G7814,G2409,G2408,G7553,G7552,G2479,GG408,GG002,59650,GG001,G2407,G7435,G2424,G7438,GK217,G2459,59658"
110.50,21.50,0.29,0.27,74,"G7456,GK211,G2554,G7814,GG420,GG005,G2460,GK222,G7966,G7815,G2455,G2407,G2428,GK217,G2557,GG414,G7421,G7437,G7453,G7824,GK226,G7821,G7469,G7831,G2451,GK213,GG311,GG013,G2551,GK220,G2458,G7823,GG303,G7457,GG408,G7817,GG503,G7451,G2453,GG401,G7701,GK218,GK210,GG504,G2413,G2412,GK221,GG416,G2457,59654,G7532,G7458,G2463,G2427,G7438,G7454,G7521,GK225,G7435,G7822,59655,G7829,G2478,G2452,59650,G7563,G2459,G2423,G7553,G7552,G2479,GK224,G7459,G2421"
110.50,21.65,0.29,0.27,60,"G2557,GK226,G7824,G2551,G7821,G2554,GK218,G7814,GK213,GK225,G7822,G7831,GK220,G7701,GK224,GK217,G7829,G2407,59655,GK212,GG401,G7815,GG420,GK222,G7966,GK215,G7816,GK211,GK210,GK214,G7456,G7469,G2460,59654,G7823,GK221,G7813,G2463,G2552,G7462,G7560,G7820,GG416,G7918,G7563,G7825,G7869,G7819,G7817,GK416,GG414,G2465,G7453,G7451,G2452,G2455,GG005,GK002,GK421,GG408"
110.50,21.80,0.29,0.27,60,"GK214,GK224,GK225,GK212,GK215,G2552,G7813,G7822,G7829,G2551,GK218,G7819,59655,G7820,GK226,G7816,GK223,G7824,G7812,G7701,G7560,GK213,G2557,G7821,G7828,GK220,GK209,GK421,G7831,GK416,G2461,GG401,G7865,GK402,GK202,G7462,GK204,GK205,G7869,G2528,GK217,G7814,G2553,G2554,GK419,GK210,G7857,GK201,G2407,G7825,59654,G2505,GG419,GK221,G7918,GK401,GK406,GK002,G7815,G2465"
110.50,21.95,0.29,0.27,56,"GK209,GK223,G7828,GK202,G7812,GK204,G2553,GK201,G2552,GK205,GK214,G7819,G2505,G7813,G7827,GK206,G2555,GK402,G7820,GK215,G2556,G2550,G2461,GK216,G2558,GK212,GK224,G2526,GK219,GK421,GK406,G2528,GK208,GK225,GK419,G7822,G7865,G7818,GK401,G7560,G7829,G7816,G7811,GK207,59655,GK203,GK416,GK218,G2551,G7826,G7908,GK412,G7857,G7830,GK415,GK407"
110.50,22.10,0.29,0.27,38,"G7827,GK219,GK206,GK201,G2558,G2553,G2550,GK204,G2556,GK202,G2505,G2555,G7826,G7818,GK209,GK207,GK208,GK216,GK203,GK205,G7811,G7828,GK223,G7830,G7812,G7867,G2526,GK430,GK412,G2521,GK402,GK406,G7819,GK405,GK415,G2552,GK436,G2461"
110.65,21.20,0.29,0.27,44,"GG004,G2403,G2406,G7420,G7459,G7458,GG503,G2424,G7457,GG013,G2451,G2427,G2457,GG504,G2415,G2414,G7421,59657,G7522,G7523,G7490,G7552,G7553,G7454,G7521,G2401,59751,G2423,G2455,G2422,G2410,G2411,G2420,G2413,G2412,G2453,G7491,G2409,G2408,59656,G2458,G2459,GG005,G7453"
110.65,21.35,0.29,0.27,55,"GG504,G2457,GG503,G2451,GG013,G7459,G7458,G2455,G7454,G7457,G2453,G7552,G7553,G7453,G2406,G2403,G7421,G2458,G7420,G2459,GG004,59656,G2427,GK211,G7455,GG005,G7456,G7966,GK222,GG507,G7451,G7817,G2428,G7550,G2450,G7815,GG501,G7521,G2413,G2412,GG505,GG502,G2423,G2454,GG506,G7814,G7823,GK217,G7437,G7490,GK806,G2518,G2452,G2424,G2554"
110.65,21.50,0.29,0.27,71,"G7453,G7966,GK222,G7815,G2458,G7451,G7817,G2455,G2453,G7823,GK217,GK211,G7814,G2459,G7454,G2452,G7456,GK221,GK210,GG504,G7455,G2457,G7552,G7553,GG507,G7831,G2454,G2451,GK220,G2554,GG501,59656,G7421,GG013,GG503,G7918,G7824,GG502,GG005,G7701,G2557,G7550,GK806,G2513,GG505,GK001,G2517,G7457,G7825,G7459,G7458,GK226,GK811,G2450,GG420,G2428,59655,GK002,G2518,G2460,G7913,G7869,G7914,G2407,GG506,G2551,G7816,G7822,G7821,G2403,G2406"
110.65,21.65,0.29,0.27,75,"G7831,GK220,GK210,GK221,G7701,G7823,GK217,G7918,59655,G7825,G7824,G7815,G7816,G2452,G7869,G7814,GK222,GK002,G7966,G7822,G7817,G2557,G7451,GK226,GK001,G7913,GK416,GK212,GK225,G2517,G2551,G2554,G7914,G7453,GK224,G7912,GK211,GK413,G7813,G2458,GK421,G2454,G7857,GK218,G7865,G7821,G2513,G7819,G7456,G2510,GG507,GK213,G2453,G7919,G7829,G2455,GK214,G2459,GG501,G2509,GK806,G7455,G7915,GG502,G2407,GK215,GG420,G7859,G2528,59659,G2515,G7454,G2507,GK811,GK419"
110.65,21.80,0.29,0.27,73,"G7816,GK416,GK421,G7865,G7819,59655,G7813,GK212,G7869,G7857,G7822,G7701,G2528,GK419,GK402,G7825,GK220,GK225,GK002,GK413,G7918,G7831,GK224,GK214,G7812,GK401,GK210,GK407,G7824,G7912,G7913,GK221,GK223,GK406,GK226,G2552,G2551,G7859,G7860,G2529,GK215,G2526,G7908,G7823,GK217,G7914,G2557,GK001,GK209,GK218,G7907,G7829,G2517,G2452,59653,G7814,G7828,GK204,59659,G7815,G2553,GK202,G7904,G7820,G7861,G7919,G2510,GK201,G7821,G2555,GK213,GK222,GK216"
110.65,21.95,0.29,0.27,68,"GK402,GK406,G2526,G2528,GK419,GK401,G7812,G7819,GK421,G7865,G2555,GK216,GK223,G7908,G2553,GK407,GK201,GK204,GK209,G7813,GK415,G7857,G2556,GK208,GK202,GK416,GK412,G2529,G2570,GK436,G2558,G7861,G7811,G7818,G7828,GK212,G7860,G7816,59653,G7907,G7827,GK214,GK203,G7867,G2552,G7906,GK219,59655,G7902,G7822,GK206,G7869,GK413,G7859,G7904,GK224,GK225,G2505,GK405,GK205,GK432,GK215,G7868,G7912,G7701,GK002,GK430,GK426"
110.65,22.10,0.29,0.27,59,"GK208,GK216,G7811,G7818,G2556,G2555,GK203,G2558,G7867,GK412,G2526,GK201,GK219,GK430,GK415,GK436,G2553,GK405,G2570,G7902,G2521,GK406,GK204,G7827,GK429,GK402,GK401,GK202,G7908,GK206,G7812,GK209,GK419,GK223,G2528,G7861,G7868,GK433,GK611,G2550,GK407,G7858,G7826,G7828,G7819,GK426,G2505,G7906,G2529,GK432,59653,GK421,G2530,G7865,GK616,G2537,GK207,GK205,G7907"
110.65,22.25,0.29,0.27,39,"G2521,GK430,GK203,GK429,G7867,G7818,G7811,GK405,GK208,G2558,G7754,G2537,GK219,GK611,G2556,GK616,GK617,GK412,G7902,GK216,G2555,GK436,GK433,G7767,G7858,G7826,G2530,G7827,G2570,GK415,GK201,G2553,GK206,G2526,G7760,G7868,GK204,G2561,G2550"
110.80,21.35,0.29,0.27,50,"59656,G7552,G7553,G2450,G7454,G2459,G7550,G7455,G2457,GG506,GG504,G2453,GG505,GG507,G2458,GG501,G7459,G2518,GG502,G2456,G7453,GK806,G7921,G2454,GG503,GK811,G2451,G7451,G2508,G2406,G2403,GG013,G7817,G7458,G2455,G2513,G7420,G7457,G7735,G7736,GG004,G2549,G2452,G7966,G7421,GK222,59664,G7823,G7916,G7815"
110.80,21.50,0.29,0.27,74,"GG507,G2454,GG501,G7455,GG502,GK806,G2459,G7451,GG505,G7550,G2513,G7817,GK811,59656,G2458,G2452,G2518,G2453,G7454,G7553,G7552,G7453,G2450,G2517,GG506,G7823,G2508,GK001,G2456,G7916,GK221,G7915,GK210,G7921,G2457,GG504,G7966,G7918,59664,G7815,GK222,G7914,G2549,G2509,G2510,G2507,G7913,G7825,GK217,G2455,G7919,G7736,G7735,G2515,GK002,G7831,G7917,G7719,GK220,G2516,G2544,GK211,G7814,G7869,G2451,G7459,GG503,G7912,G7738,G7737,G7701,GG013,G7969,GK808"
110.80,21.65,0.29,0.27,84,"GK001,G2517,G7914,G7913,G7918,GK002,G7825,G2452,G2510,GK221,G7919,G2509,GK210,G7912,G7915,G7869,G2513,G7823,G2515,G2507,GK413,G2454,G7817,G7451,59659,G7916,GK806,GK811,GG501,G2516,GG502,GK416,GK220,G7831,GG507,G7859,G7701,GK217,G7917,G7857,G7816,G7863,G7815,G7455,59655,GG505,59664,G2458,G2459,GK222,G7966,G2518,G2508,G7453,G7550,G7865,GK423,GK421,GK808,G2453,G7860,G2549,G7824,G7814,G2504,59656,G7822,G2456,G2506,G7719,GK422,G7864,GK212,G7454,G2544,GK407,G7904,G2528,GG506,G7969,GK419,G7552,G7553,G2450"
110.80,21.80,0.29,0.27,73,"GK413,G7857,G7912,G7859,G7869,GK416,G7860,GK002,G7913,G7865,59659,GK407,G7825,GK421,G2529,G7914,G7907,GK419,G2528,G7904,G7918,G7919,G7863,G2510,GK401,59653,GK001,G7864,G7816,G7908,G2517,G2509,GK402,G2515,GK423,GK406,G7906,G7861,G2507,GK210,GK221,G2504,59655,G7819,G7915,G7701,G2571,G2516,G2452,GK422,GK220,G7813,G2526,GK212,G7862,GK414,G7823,G7831,G7822,G7909,GK427,GK425,G7917,GK415,G2513,G7916,GK432,GK420,G7812,GK417,G2570,GK400,GK424"
110.80,21.95,0.29,0.27,74,"G7908,GK407,G2529,G7861,59653,GK401,G7907,G7906,G7860,GK406,GK419,G2528,GK415,G2526,G7904,G2570,G7857,GK402,GK436,G7865,GK432,G7862,G7859,GK421,GK426,GK412,G7868,G7909,GK413,G7864,G2571,GK420,G7902,GK416,GK216,G7912,G2555,G7819,GK208,G7867,G7869,G7812,G7863,G2524,59659,G7811,GK405,GK427,G2522,GK414,G7900,G2556,GK433,GK002,GK400,G7818,G7813,G7858,GK203,G7816,G7913,GK201,G2504,G2553,G2527,GK423,GK223,G2558,G7825,GK408,GK204,GK434,GK425,G7914"
110.80,22.10,0.29,0.27,65,"G7902,GK436,G2570,GK412,GK415,G7868,GK405,GK433,G7867,GK426,G7858,G7861,GK432,GK429,G7908,G2526,G7811,G7906,GK208,G2530,GK430,GK216,G2522,GK406,GK203,GK611,G2521,G7818,59653,GK401,G2555,G7862,G2529,GK407,G2556,GK615,G7907,GK404,G7903,G2558,GK420,GK419,GK616,G2524,G2561,G2528,GK402,G7909,GK408,GK431,G7904,G7860,G2537,GK434,GK201,G2571,G2553,GK219,G7962,G7865,G7852,G7762,G7900,G7857,G2520"
110.80,22.25,0.29,0.27,53,"GK611,GK429,GK616,G2537,GK405,G2530,G7858,GK433,G2521,GK430,G7902,G2561,G7867,GK615,G7754,59456,GK617,G2569,G7962,GK412,G7868,G7903,GK436,G7762,GK203,G7811,G2570,G2522,G7818,GK601,GK208,GK415,GK431,GK426,GK404,G2539,GK609,G7760,GK612,G2538,G7767,GK619,GK216,G7852,GK432,G7761,G2556,G2558,GK621,G2555,GK408,G7861,G2526"
110.80,22.40,0.29,0.27,37,"G7754,GK617,G7760,G2537,GK616,G7767,G7761,G2533,GK601,59456,GK618,G2569,G2538,GK611,GK612,G7759,GK606,GK619,G2561,GK429,G2539,G7968,GK609,G7762,G7962,G2521,G2530,GK430,GK615,G7858,GK433,GK405,G7764,G2534,G7903,G7867,G7763"
110.95,21.35,0.29,0.27,40,"GG506,G7921,G2450,G2456,G7735,G7736,G2518,G7550,GG505,G2508,59656,G2549,GG502,GK811,GG501,G7455,GK806,GG507,G7737,G7738,G7553,G7552,G2459,GK003,59664,G2544,G7454,G2454,G7721,G7719,G7712,G2513,G2453,G7916,G7731,G7732,G2457,GG504,G2458,G7969"
110.95,21.50,0.29,0.27,72,"G2508,G2549,GK811,59664,G2518,G2456,G7921,GK806,G7736,G7735,G7916,GG502,GG505,G2513,G7719,G2544,GG501,GG506,G7550,G2454,G7738,G7737,G7915,GG507,G7969,G7712,G2450,G7917,G7455,G2507,GK003,59656,G2509,GK808,G7723,G2515,G2516,G2459,G7721,G2517,G2510,G2506,G7919,GK001,G2452,G7731,G7732,G7715,G7451,G7914,G2545,G7817,G7720,G7553,G7552,GK807,G7454,G2458,G2453,G7913,G7722,59659,G7823,G7918,G7453,G2548,G2542,GK221,G7730,G7729,G7716,GK802"
110.95,21.65,0.29,0.27,83,"G2507,G2515,G2516,G2509,G7915,G7917,G2510,G7919,G7916,GK808,59659,G7914,59664,G2506,G2517,G2513,G7863,GK423,GK001,G7723,G7719,G7969,G7913,GK811,GK422,G7912,G2504,GK802,G2544,G7720,G2549,GK806,GK807,G2508,G7715,G7713,G2454,GK002,GK413,GG502,G7712,G7859,G2452,GG501,G2518,G7918,G7825,G7738,G7737,GK425,GG505,GK424,G7864,G2456,G7735,G7736,G2541,GG507,G7869,G7921,GK414,GK804,G2545,GK221,GK003,G7550,G7817,G7451,GK417,GK210,G7455,G7823,GK803,G7860,G7721,G7904,GK427,GG506,G7857,G2546,G2459,G7731,G7732"
110.95,21.80,0.29,0.27,76,"G7863,GK423,G2504,G7864,59659,GK422,G7859,GK414,GK425,G7904,G7919,GK427,G7912,G2571,G7860,GK424,GK417,G2516,GK413,G2515,G2510,GK802,G2509,G7907,G2507,GK400,G2527,G7914,GK804,G2529,G7713,59653,G7913,G7909,G7917,G7857,G2506,G7915,G7862,G7906,GK808,GK002,GK407,G2546,GK420,GK803,G7900,GK001,G2517,G7853,G7869,G7861,G7866,GK807,G7916,G7720,G7825,G7908,GK416,G7723,G7865,G7918,G2541,GK419,GK432,G7715,G2528,GK401,G2501,GK403,GK409,GK421,59664,G7969,G2524,G2513"
110.95,21.95,0.29,0.27,71,"G7909,G7862,G2571,GK420,G7904,G7906,59653,G7864,G7907,GK432,G7900,GK427,GK400,G7861,G2529,G2524,GK414,G2527,G7860,GK426,G7853,GK417,G7859,GK409,GK425,GK407,G7908,GK434,G7868,G2504,G7863,GK408,G7851,G2522,GK423,GK422,GK424,G2570,G2520,GK415,G7910,GK401,GK436,59659,GK804,G7866,G7857,GK419,GK413,GK406,GK404,G2546,G2528,G7912,G7902,GK403,G2526,G2572,GK433,GK803,G7865,GK412,GK802,GK431,G7858,GK435,G7903,G7713,GK402,G7919,GK421"
110.95,22.10,0.29,0.27,71,"G2522,GK426,G7868,GK432,GK408,G2524,GK404,GK434,GK431,GK433,GK420,G7903,G7858,G7862,GK615,G2520,G2530,G7909,G7906,G7902,G7852,G2572,G2570,G7861,G7851,G7900,GK436,GK409,G2561,G2523,GK415,59653,G2571,G7910,GK405,GK435,G7853,GK611,GK412,G7962,G7907,G7904,G7908,GK400,G7762,G2529,GK429,GK621,G2527,G7905,GK427,GK428,G7867,G2573,G7860,GK616,GK407,G7864,G2569,59456,GK414,G2532,G2526,GK406,GK401,GK430,G2537,GK417,G2539,G2525,G2521"
110.95,22.25,0.29,0.27,71,"GK615,G2561,G7903,G7962,G2530,G7762,GK431,G7858,G2569,GK404,59456,G7852,GK433,GK621,G2539,GK611,G2522,GK609,GK616,GK619,G2532,GK601,G2537,GK408,G7868,G7763,GK612,G2523,GK429,G2572,G2538,GK608,GK426,G7902,GK405,GK434,G2573,G2520,G2563,GK428,G2524,GK432,G2564,G7761,GK435,G2565,G7754,G2521,GK436,G2574,G7905,GK430,G2570,G2566,G7867,G2567,GK604,G2568,GK617,G7968,G7851,G2534,G7961,GK412,G2575,G2576,GK607,GK420,GK415,G7862,G7760"
110.95,22.40,0.29,0.27,57,"GK601,GK612,G2538,GK619,G2539,GK609,G2569,59456,G7761,G7762,G7968,G7962,G2534,G2561,G7759,G7763,GK604,GK608,GK616,G2537,GK621,GK618,G7760,GK615,G2562,G7764,G2532,G2533,G2530,GK611,G7903,G7754,GK617,GK606,G7852,G7758,GK431,G7961,G7858,G2563,GK605,GK433,G7765,G7767,GK404,GK603,G2564,GK429,GK602,GK607,GK614,G2565,G2566,G2567,G2573,G2523,G2568"
110.95,22.55,0.29,0.27,39,"G7764,G7968,G7759,GK605,G7761,G7758,GK618,G2538,G2534,GK606,G2533,GK612,GK601,GK619,GK604,G2562,G7760,G2531,G7765,GK609,G2539,GK614,G2569,59456,G3078,GK602,G7763,GK608,G9243,G7762,GK603,GW610,G7767,G3097,G7962,GK617,G7754,G3047,G2537"
111.10,21.35,0.29,0.27,36,"G7721,G7736,G7735,GK003,G7732,G7731,G7738,G7737,G7921,G2456,G7712,G2549,G2542,G2548,G2544,G7734,G7733,GG506,G2508,G7729,G7730,G7722,G7719,G2545,G2518,59664,G7969,G2450,G7716,G2543,59665,GG505,G7550,GK811,G7723,GG502"
111.10,21.50,0.29,0.27,60,"G7737,G7738,G7712,GK003,G7721,G2544,G7719,G7732,G7731,G7969,G2545,G7736,G7735,G2549,G7723,G7722,59664,G2548,G2542,G7730,G7729,G7715,G7716,G2508,GK808,G7921,G7720,G2506,G2456,GK807,G7917,G7916,G7733,G7734,G2518,GK811,G2516,G2543,59665,G2541,GG506,G7915,G2507,GK806,GG505,GG502,G2515,G2513,G7713,G7718,G2509,GK802,GG501,G7550,G2450,G7717,G2454,G2510,G7919,G2540"
111.10,21.65,0.29,0.27,76,"G7720,GK807,G2506,G7715,G7723,GK808,G7969,G7713,G2541,GK802,G7917,G2516,G7719,G2545,G7712,G2544,GK422,59664,G2507,GK423,G2515,G7737,G7738,G7916,G2504,GK803,GK424,GK804,G7716,G2501,G7722,GK003,G2549,G2509,G7915,GK425,G7863,G7721,G7732,G7731,G7919,G2546,G7730,G7729,G2510,59659,G2548,G2542,GK417,G7735,G7736,G2508,GK414,G7711,G7727,G7717,G7725,GK811,G7866,G2513,GK805,G7914,G7864,GK427,G7718,G2456,G7921,GK806,G2517,G2527,GK809,GK403,G2518,GK400,G7714,G2540"
111.10,21.80,0.29,0.27,68,"GK424,GK804,GK425,GK803,G2546,GK802,GK417,GK422,G7713,G2504,GK414,GK423,G7866,GK427,G2501,G2527,GK400,G2541,GK403,G7863,G7711,G7864,GK805,GK807,G2506,G7714,G7720,G7853,G2571,G7967,G2516,GK808,G7715,G7900,59659,G7726,G7917,G7723,G7909,G2515,GK409,G7904,G2507,G7727,G7919,GK420,G7859,G2509,G2510,G7969,GK418,G7862,G7910,G7724,G7851,GK810,G7860,G7915,G7907,G7912,G7719,G2524,G7725,G7916,G2545,59653,G2547,GQ016"
111.10,21.95,0.29,0.27,68,"G7853,G7900,G2527,GK400,GK409,GK427,GK417,G7866,G7910,G7851,GK414,GK403,G2571,GK420,G7909,G2546,G2524,GK425,GK424,GK434,GK804,G7714,G2520,GK418,G7967,G7862,GK803,G7864,G7726,GK408,GK805,G7854,G2504,GK422,G2525,GK435,G7711,G7904,G2572,GK432,G2501,GK423,G7906,GK802,GK426,G7905,G7863,G7713,G2522,59653,G7907,GK404,G2523,G7860,GK410,G7861,G7354,G2529,G7859,GK431,G7868,GK428,G2541,G7856,59659,GQ016,G7724,G7852"
111.10,22.10,0.29,0.27,70,"G2520,G2572,GK434,G7851,GK435,GK408,G7910,G2523,G2524,G7905,GK409,GK404,GK428,GK431,G7852,G2525,G2573,G2522,G7900,G7853,GK420,G7856,G7903,G7854,GK410,G2574,G7909,GK426,GK621,GK432,G7862,GK400,GK418,GK615,G2527,G2565,G2563,G2575,G2564,G2532,G2576,G2571,G7868,GK427,G2568,G2567,G2566,GK403,G2503,G7866,G7855,G2561,G7858,GK433,G2530,G7962,GK411,G2350,G7762,GK417,G7906,GK414,G7714,G7967,GK607,G7726,G7763,G7901,GK608,G2546"
111.10,22.25,0.29,0.27,68,"GK621,G2532,G7852,G2573,G2523,G2563,GK428,G2564,G2565,G2574,GK431,G2572,G2566,G7763,G2567,GK608,G2568,G2575,G2576,G7903,GK404,G7905,G7762,G7962,GK435,GK607,GK615,G7856,G7961,G2539,GK609,G2520,G2561,GK408,G7855,GK434,G2522,G2569,GK619,G2560,G7757,59456,G2530,GK410,G7901,G7851,GK604,G2503,G2525,GK612,G2524,GK620,G7910,GK601,G7858,GK411,GK433,G2562,G2538,G2534,GK409,GK603,GK426,G7854,G7868,GK611,G7755,GK616"
111.10,22.40,0.29,0.27,64,"GK608,G7763,GK604,G2562,G7961,G2534,GK609,G2532,GK619,G2539,GK621,GK603,GK607,G2563,GK612,GK602,G2564,G2560,G2566,G7762,G2567,G2538,G2568,GK601,G2565,G7755,G7968,G7962,G2569,G7765,59456,G2576,GK614,G2575,G7757,G2573,G2574,G7852,G7761,GK620,G7758,G2561,G7764,GK428,G7769,GK610,G2523,G7903,GK615,GK431,G7960,G7759,G7855,G2531,G7901,G3078,GK404,G2536,G2572,G7856,G3094,G7905,G2530,GK605"
111.10,22.55,0.29,0.27,51,"G7765,GK614,G7758,G2562,G2534,G2531,GK604,GK602,G3078,GK603,G7764,G7968,G7769,G9243,G7755,GK605,G3047,GW610,G3097,GK619,G2538,G3055,GK612,G7961,GK608,G7759,G7763,GW611,G7761,GK609,GK601,G3058,G2539,G3095,G3094,G2560,GK610,G7960,GK618,GK607,G2532,GW615,G2569,G2536,G3046,59456,GK606,G7762,GK621,GK620,G2533"
111.25,21.50,0.29,0.27,55,"G7729,G7730,G2548,G2542,G7722,G7716,G7734,G7733,G2543,59665,G7732,G7731,G2545,G7718,G7721,GK003,G7920,G7717,G2540,G7712,G7922,G7737,G7738,G7715,G7969,G2544,G7723,G7739,G7740,GQ030,G7720,G7719,GK807,G2335,G7725,G2369,GK801,G2332,G2541,GK809,G7735,G7736,G2506,GK808,G2549,GQ024,G7132,59664,G7727,G7133,G7332,G2547,G2336,G7713,G7917"
111.25,21.65,0.29,0.27,78,"G2541,G7717,G7725,G7716,G7715,G7727,GK807,G7720,GK809,G2545,G7718,G2501,G7722,G2540,G2547,G7729,G7730,GK801,G7713,G7723,GQ024,G2506,GQ025,G2548,G2542,G2335,GK803,GK802,G7711,GQ030,G7969,G2336,GK808,G7920,G7712,G7732,G7731,GK810,G7132,GK805,GK804,G2543,G2546,59665,G7721,G7724,G7133,GK003,G7734,G7733,G2544,G7719,G2370,G7740,G7739,G7922,GK424,G7738,G7737,G7917,G2332,G2369,G7714,G7967,GK422,G7866,G7350,G7349,G7726,GK403,G2516,GK425,GQ016,GK423,G2504,G7332,59664,GK417"
111.25,21.80,0.29,0.27,64,"G7711,G2501,GK805,GK803,G7727,G7714,G7967,G2546,G7726,GK403,G7724,GK810,G7866,GK804,G2541,GQ025,G2547,GQ016,G7713,GK424,G7725,GK802,G2370,G7354,GK809,GK417,G7349,G7350,GK418,GK425,GK807,G7720,G2527,GK422,G2336,G2340,G7717,G7715,GK414,GK400,GQ024,G7853,GK427,G7315,G7314,G2506,GK801,G2504,GK423,G7854,G7723,GK808,GK409,G7900,G2540,G7910,G2335,G7133,G7718,G7716,G2545,G7132,GQ053,GQ030"
111.25,21.95,0.29,0.27,66,"GK418,G7726,G7967,G7714,GK403,G7854,GK805,G7866,G7354,G7711,G7910,G2525,GQ016,G7853,G2546,GK409,G2340,G7724,G7851,GK803,G2501,G2527,G2350,GK804,GK810,GK400,G7900,GK410,GK417,GK435,GQ049,GK424,GK427,G2520,G7905,GQ057,G7350,G7349,G7727,GK425,GK414,GK434,G7356,G2370,GQ025,G7856,G2572,G2524,G2571,G2547,GK420,G7314,G7315,G7322,G7713,GK411,G7909,GK408,G2503,GK428,GK802,G2346,G2541,GK422,G7355,G2523"
111.25,22.10,0.29,0.27,62,"G2525,GK410,G7854,G7905,G7856,GK435,G2350,G2503,GK411,G7910,GK418,GK428,G2572,G7322,G7851,G2574,G2573,G2520,G2523,G7855,G7356,G2575,GK409,GQ057,G2576,G7901,G2565,GQ049,GK434,G2568,G2564,G2567,G7354,G2566,G2364,G7853,G2563,G7726,GK408,GK403,G7967,G7714,G7852,G2340,G2524,G7900,G7355,G7768,GK607,G7866,G7757,GK404,GK431,G2346,G2532,GK621,GK805,GQ016,G2527,GK400,GK620,GK420"
111.25,22.25,0.29,0.27,67,"G2575,G2576,G7855,G2574,G2568,G2565,G2567,G2566,G7901,G7856,G2564,G2503,G2563,GK607,G2573,G7757,GK428,GK411,G7905,GK620,GK410,G2560,G2523,G7768,G2532,G7961,G7322,GK435,G2525,GK621,G2572,GK608,G2350,G7763,G7852,GK613,G2535,G7356,G2364,G7854,G2520,GK610,GQ044,G7755,GK431,GQ043,G7766,G7960,GK603,G7910,G2363,GQ057,G7851,GK404,G2536,GK408,GK604,GK434,G7903,G7762,G2562,GK609,G7962,GK602,G2539,G3057,GQ049"
111.25,22.40,0.29,0.27,65,"G2560,GK620,G7961,G7757,G7755,GK607,GK610,GK603,G7960,G2566,G2567,G2568,GK602,G2536,G2576,G2564,GK608,G2565,G2563,G2575,G2562,G7901,GK604,G7769,G7763,G3094,G2535,G7855,G2532,G2574,GK613,GK614,G7768,G3057,GW615,G7765,G7766,G2573,G2534,GK621,G3095,G2503,GK428,G7856,GQ043,GK411,G3058,G3043,GK609,G3055,G2539,G2363,GK619,GW607,G2523,GQ044,G7905,G3078,G3075,G7852,G7322,GW605,G7762,GK410,G2531"
111.25,22.55,0.29,0.27,54,"G7769,GK602,G7755,GK614,G3094,GK603,G3095,G3058,G3055,G7765,G7960,GW615,GK610,G3078,G2536,G2562,G9243,G2531,G3047,GW608,GK604,G3043,G3046,G2560,G3079,G7961,G3048,GW607,G2534,GW611,G3097,G3056,G7758,GW610,GK620,G9240,G3057,GW605,G7757,GK607,G3075,GW609,GK608,G2535,GW621,G7763,G7766,G2566,GK613,G7764,G2567,G2568,G3092,G7968"
111.25,22.70,0.29,0.27,41,"G3047,G3046,G3055,GW611,G9243,G3079,G3097,G9240,G3058,GW610,G3078,GW608,G3095,G2531,G7769,GW609,GK614,GW603,G7765,G3048,G3044,G3094,GW615,GK602,G3092,GW617,G3056,GW621,G7758,G7755,GK603,G3043,GW607,G7960,G3052,GW604,G2536,GW605,GK610,G2562,G3054"
111.40,21.50,0.29,0.27,48,"G7920,G7922,G7739,G7740,G2369,G7718,G2332,G2540,GQ030,59665,G2543,G2335,G7717,G7733,G7734,G7332,G7132,GK801,G7333,G7334,GQ026,G7730,G7729,G2548,G2542,G7716,GQ029,G7133,GQ024,G7722,GK809,G7725,GQ027,G2336,G2337,59669,G7131,G2545,G7732,G7731,GQ028,G2547,G7336,G7335,G7721,G7727,GQ025,GK003"
111.40,21.65,0.29,0.27,64,"GK801,GQ024,GK809,G2335,G7725,G2336,G7132,GQ030,G7717,G7133,G2540,G2547,G7718,GQ025,G7727,G7740,G7739,G2332,G7920,G7332,G2369,G2370,GQ027,G7922,GK810,GQ026,GQ029,G7350,G7349,G7334,G7333,G2337,G7724,G7716,G7315,G7314,GQ053,GQ028,G2541,G2543,G7729,G7730,G2368,59665,G2501,G7722,G7711,G2331,GQ016,G2548,G2542,G2545,G7734,G7733,GQ022,GK805,G2333,G7715,GK807,G7131,59669,G7720,G7336,G7335"
111.40,21.80,0.29,0.27,51,"G2370,GK810,GQ025,G7350,G7349,G7724,G2547,GQ016,G7314,G7315,G7727,G2336,GK809,GQ053,G7725,GQ024,G7354,G7711,G2340,GQ022,GK805,G7726,GK801,G7967,G7133,G2501,G2366,G2333,G7714,G2368,GQ054,G7132,G2335,G7717,G2331,GK403,GQ030,GK803,GK418,G2540,G7866,G2541,G2546,GQ027,GQ014,GQ049,G7718,GK804,G7332,GQ015,G2337"
111.40,21.95,0.29,0.27,49,"G2340,G7354,GQ016,GQ049,G7724,GQ057,G7349,G7350,G7726,GK418,GK810,G7314,G7315,G2346,G7967,G2366,G2350,G7854,G2370,G7355,G7356,G7714,GK805,GQ022,GQ015,G7711,GQ025,GQ054,GK403,GQ053,G2525,G2352,G2333,GK410,G7727,G2547,G7322,G2364,G7866,G2501,GQ047,GK411,G2343,G7910,G2546,G2336,G2368,G2503,GK803"
111.40,22.10,0.29,0.27,53,"G7356,GQ057,G2350,GQ049,G7322,G2364,G7355,G2346,GK411,GK410,G2503,G7854,G2525,G2340,G7856,G7354,G7855,GK418,G7768,G7901,G7352,G2352,G7144,GQ044,GQ015,G7905,GQ060,GQ016,G2574,GK435,G2575,G2576,G7726,GK428,G2363,GQ059,G2348,GQ043,GQ035,G7910,G2366,GQ045,GK613,G2573,G7967,G2568,G7757,G2565,G7714,G2567,G2351,G2566,G7724"
111.40,22.25,0.29,0.27,52,"G7768,G7901,G7322,GK411,GQ044,G2503,G2364,G7855,GK613,GQ043,G2363,G2535,G7356,G7757,G7766,GK620,G2350,G7856,GK410,G2576,G2575,GQ057,G2568,G2574,G2567,G7355,G2566,G2560,GK607,G2348,G7352,G2565,G3057,G2564,GQ060,GQ049,G7144,G2346,GK610,G2563,GK428,G2573,G2525,G7905,G2536,G7960,GQ035,G7961,GQ045,G7854,GK435,G7755"
111.40,22.40,0.29,0.27,55,"G2535,G7766,GK613,G3057,G2536,GK610,G7960,GQ043,GK620,G7768,G2363,G7757,G2560,G3094,GQ044,GW615,G3043,G7901,G3075,GW607,G7755,G2502,GW605,G7855,GK607,G3095,GK603,G7961,G2568,G7769,G2567,G2576,G2566,G2503,G2575,G3056,GK411,GK602,G7756,G2565,G3058,G7322,G2564,G7963,G2348,G2364,G3048,G2574,G2563,GQ032,GW608,G3055,G7856,G3077,GK614"
111.40,22.55,0.29,0.27,60,"GW615,G3043,GW607,G3094,G3095,GW605,G3056,G2536,G3075,G3048,G3058,GW608,G7960,G3057,GK610,G7769,G7963,G3055,GW621,G7755,GW616,G3079,GW609,G3051,G7766,G2535,G9240,G2502,G3054,G3046,G3092,G3090,GK602,GK603,GK613,G3042,G3052,GK620,GK614,GW602,G3077,GW601,G2560,GW606,GW620,GQ043,G7756,G7765,G7757,59462,G3078,G3047,G2363,G9243,G3040,G7961,G3059,G7768,G3091,G3044"
111.40,22.70,0.29,0.27,62,"GW609,G9240,GW608,G3079,G3092,G3048,GW621,G3046,G3056,G3052,G3058,G3044,G3054,GW617,G3095,G3055,GW602,GW601,GW603,GW607,GW616,GW615,G3043,GW605,G9242,G3059,G3091,G3051,G7963,G3053,G3094,G3090,G3040,59462,G3075,G7769,G3047,GW604,G3098,GW611,GW620,G9243,G3042,G2536,G3097,G3078,G3083,GW600,G7960,G3034,GW610,G3089,G3076,GW606,G3057,GK610,GK614,G7755,G3077,G3096,GW614,GK602"
111.40,22.85,0.29,0.27,45,"G3044,GW617,GW603,GW604,G9462,G9240,GW609,G3034,G3092,G9242,G3079,G3046,G3053,G3081,G3052,G3091,G3089,G3059,GW621,GW601,GW602,GW608,G3098,G3054,G3082,G3048,G3083,G3040,GW411,GW600,59462,GW611,GW412,G3055,G3056,G3058,GW614,G3035,G3047,GW616,G3097,G3037,GW405,G3087,G3095"
111.40,23.00,0.29,0.27,31,"G9462,G3081,GW604,G3035,GW405,G3037,G3034,G9463,G3030,GW603,G3082,G3044,GW617,G3038,G9467,G3085,G3089,GW406,G3033,GW404,GW413,GW412,G3087,G9242,G3036,G8173,GW401,G3080,G3053,GW411,GW402"
111.40,23.15,0.29,0.27,34,"G9463,GW405,G3035,G3085,G3030,GW404,G3036,GW406,G3037,GW401,GW402,G3038,G9467,G3080,G8173,GW413,G9461,G9460,GW403,G3081,59268,G2631,G8115,G9462,G3033,GH302,G8103,G8137,GW415,G3082,G8126,GW604,59264,G8152"
111.40,23.30,0.29,0.27,41,"GW403,G8115,G3036,GW402,G2631,GW404,GW401,G3085,G9460,G3080,G8137,GW406,G8112,G9461,59268,59264,G9463,G8126,G8173,G3030,G2630,G8127,G8103,G8113,GH302,GW405,G8124,G8119,G9467,GW413,G8114,G3035,G3038,G8101,GH306,G8136,GH301,G8125,G3037,G3033,G8122"
111.40,23.45,0.29,0.27,35,"G8127,G8124,G8112,GH301,G2630,G8119,G8113,59264,G8125,G8115,GW403,G8122,G2631,G8126,G8137,GW402,GH306,G3036,G8114,G2632,G8101,G8102,GW401,G9460,59268,GW404,G8136,G9461,GH303,G8103,G3080,G3085,GW406,GH302,G8173"
111.55,21.50,0.29,0.27,37,"G7333,G7334,GQ026,GQ029,G7332,59669,G7131,G2332,G2369,G7336,G7335,G7739,G7740,G2337,GQ028,GQ027,G7922,GQ030,G7132,G7920,G2335,G7133,G2540,GK801,G7718,GQ024,G2336,59665,G2543,G7717,GK809,G2334,G7725,G7733,G7734,G2331,G2368"
111.55,21.65,0.29,0.27,56,"GQ027,G2337,G7133,GQ029,G7132,G7332,GQ028,GQ026,G2336,GQ024,G2331,G2335,G7333,G7334,G2368,GQ030,GK801,G2332,GQ053,G7739,G7740,G2369,G7336,G7335,G7131,59669,GK809,GQ021,G2540,G2547,G2370,GQ025,G2333,G7725,G7315,G7314,G2334,GQ022,G7717,G7922,G7920,G7349,G7350,GQ014,G7718,GQ054,G2330,G7190,GK810,G7727,G2311,G2366,GQ023,G2314,G7724,G7331"
111.55,21.80,0.29,0.27,54,"GQ053,G2333,GQ022,G2368,G7315,G7314,GQ054,G2331,G2366,G7349,G7350,GQ014,G2370,GQ021,G2336,GQ025,G7133,GK810,G2547,GQ024,G7331,GQ027,GQ016,G7724,GQ047,G2330,G2340,G7132,G2343,GQ013,GQ023,GQ015,GK809,G2337,GK801,G7354,G7727,GQ028,G7725,G2335,G7190,G7332,GQ029,G2334,GQ038,G2311,GQ030,G2352,GQ046,GQ036,GQ026,G2314,G2346,GQ049"
111.55,21.95,0.29,0.27,54,"G2366,GQ015,GQ054,GQ047,G2352,GQ022,G2343,G2346,G2333,G2340,G7314,G7315,GQ038,GQ049,GQ036,G7355,GQ053,GQ046,GQ014,G7349,G7350,GQ057,G7354,GQ016,G2368,GQ059,G2370,GQ013,G7331,G2331,GQ058,G7356,G7724,G2306,G7144,G2351,GK810,GQ040,G2350,G7352,G2364,G2317,GQ021,GQ025,GQ050,GQ060,GQ023,GQ045,GQ011,G2330,GQ035,G7322,G7726,G2547"
111.55,22.10,0.29,0.27,48,"G7355,G2346,G2352,G7144,G7352,GQ059,GQ060,G2364,GQ015,GQ057,GQ049,G7356,GQ045,G2351,GQ035,GQ036,GQ058,GQ038,G2348,G7322,GQ047,GQ046,G2343,G2350,GQ044,G2306,G7351,G2340,G2366,GQ041,GQ037,59469,GK411,G2363,G7353,G7768,GQ050,G7141,G7354,G2503,GQ054,GQ043,GK410,GQ022,G2367,GQ011,G2333,GQ040"
111.55,22.25,0.29,0.27,47,"G2348,GQ044,G7352,GQ060,G2363,G7144,GQ035,GQ043,GQ045,G2364,G7768,GK613,G7766,GQ037,G7355,G2535,G7322,G2351,GQ059,GQ041,G7356,G7351,GQ032,G2346,G2362,G2344,GQ057,GK411,GQ031,G7901,G2352,G7756,G2502,G2503,G3057,GQ058,GQ049,G2350,G7353,G7855,59469,G7141,GK620,GQ015,G7757,GQ017,GQ036"
111.55,22.40,0.29,0.27,48,"G2502,G7766,GQ043,G7756,G2363,G3057,GQ032,G2535,GK613,GQ044,G3075,G2348,G3077,GW605,G2344,GW607,G3043,G7768,G2536,GQ048,G7963,G2362,GW606,G3042,G7960,GQ060,GK610,G7352,GW615,GQ037,GQ035,GQ031,G3051,GW616,G3056,GK620,G3094,G3090,GQ045,G7144,G2364,G7901,GW620,G7757,GQ041,G2372,G3045,G3048"
111.55,22.55,0.29,0.27,58,"G7963,G3075,GW605,G3051,G3042,GW616,G3077,G2502,GW607,G3090,GW606,G3043,G3056,GW620,G7756,G3054,G3048,G3057,GW621,G3045,GW602,59462,GW615,GW601,G3052,GW619,GQ048,G3040,GW608,G2536,GQ032,G7766,G3092,G3076,G3094,G3095,GW609,G2535,G3059,G7960,G3091,GQ043,G3058,GK610,GK613,G2363,G3053,G3098,G2372,G3096,G9242,G3079,G9240,GW600,G2344,GQ033,GW618,G3055"
111.55,22.70,0.29,0.27,65,"GW602,GW601,G3054,G3052,59462,G3040,G3059,GW616,G3090,G3091,G3051,GW621,G3092,GW620,G3053,G9242,G3098,G7963,G3076,G3042,GW600,GW609,G3048,G3056,G3083,G3096,GW606,GW614,GW605,G3045,GW617,GW608,GW607,G3077,G9240,G3089,G3075,GW619,G3043,GW612,G3044,GW411,G3079,GW409,G3041,GW100,G3034,G3099,G3046,G3086,GW615,G3095,GW603,G2502,G3058,GW618,GW604,GW101,GW412,G3026,G3093,GW613,G7756,G3094,G3055"
111.55,22.85,0.29,0.27,59,"G3089,G9242,G3034,G3053,G3091,G3083,G3098,G3059,GW411,GW600,GW614,GW617,GW412,G3052,G3040,GW601,G3082,GW602,GW604,G3044,59462,G3092,G3096,G3086,GW409,G3087,G3081,G3054,G9462,GW100,G3031,G3076,GW609,GW612,GW603,GW407,GW621,G3084,G3041,GW620,G3090,GW101,G9240,GW616,G3026,G3051,G3099,GW414,G3079,G3048,GW408,G3037,GW608,G3056,G3046,G7963,G3042,GW613,G3045"
111.55,23.00,0.29,0.27,57,"G3082,G3081,G3034,G3087,G3037,GW412,G3089,G9462,G3033,G3038,GW414,G9467,GW411,G3035,GW604,GW405,G3031,G3030,GW413,GW415,GW407,G9463,G3086,G3083,GW410,G9242,GW406,GW617,G3053,GW614,G8173,G8168,G3098,G3084,GW600,G3091,G3044,G8152,G3085,G3080,G3059,GW409,GW404,G2640,GW603,GH302,G9461,G3088,GW401,G8160,G9460,GW408,GW100,59268,G8174,G8148,G3096"
111.55,23.15,0.29,0.27,54,"G9467,G3038,GW413,G3033,G8173,G3037,GW406,G3030,G3080,G9461,GH302,GW415,G9460,59268,GW401,G9463,GW404,GW405,G8103,G3085,G8152,G3035,G8168,GW402,G8174,G3036,G3081,G2631,G8137,G3082,GW414,G2640,G8126,G3087,G8115,GW403,G8162,G8148,G8160,G8136,G9462,G8114,GW410,G8183,GW412,G8101,G8163,G3034,G3032,59264,GH306,59269,G8112,G3031"
111.55,23.30,0.29,0.27,62,"G8137,G8103,59268,G8126,G9460,G9461,G2631,GH302,G3080,GW401,G8114,G8173,G8136,GW402,G8101,G8115,59264,GW406,GW404,GH306,GW403,G8112,GW413,G3036,G2630,G9467,G8113,G3085,G8174,G3038,G3030,G8152,G8105,G8119,GW415,G8183,G9463,G8124,G3033,G8168,G8135,G8125,G8127,G3037,G2641,GW405,G8122,GH303,GH301,G8163,G8102,G8141,G3035,G2640,G8162,G8150,G8148,G8151,G8140,G8139,G8160,G2633"
111.55,23.45,0.29,0.27,51,"G8113,G2630,G8119,G8125,G8124,59264,GH306,G8122,G8112,G8114,GH301,G8101,G8102,G8126,GH303,G8127,G8137,G8136,G2632,G8135,G8141,G8105,G2631,G8115,G8140,G8128,G8139,G8103,G2633,GW403,59268,G9460,GH300,GW402,G9461,GH302,G8129,GW401,G3080,G2641,G8130,G8118,G8173,G3036,G8107,G8123,GW404,G8183,GW406,G8133,G8174"
111.55,23.60,0.29,0.27,37,"G2632,G8122,G8102,G8125,GH301,G8119,G8124,G8107,GH303,G8130,G8128,G8113,G2630,G8141,G8127,G8117,G8140,G8131,G8112,G8139,G2633,GH306,59264,G8135,GH300,G8129,G8101,G8133,G8114,G8118,G8123,G8105,G8106,G8126,GH305,G8136,G2635"
111.70,21.65,0.29,0.27,54,"G2334,GQ028,G7190,GQ021,G2311,G2337,G2314,G7335,G7336,GQ027,G2331,G2330,GQ001,G2304,G7131,G2368,59669,GQ029,GQ023,G2309,GQ014,GQ026,G7332,G7334,G7333,GQ003,G7331,GQ004,G7133,G7317,G2333,GQ053,G2310,GQ002,G7132,GQ013,GQ022,GQ054,G2332,G2336,GQ008,GQ024,G2369,G2335,GQ030,G2305,G7319,G7320,G2308,G7739,G7740,GQ018,G7315,G7314"
111.70,21.80,0.29,0.27,57,"GQ021,GQ014,G2330,G7331,GQ023,GQ013,G2331,G2368,G2333,G7190,G2311,GQ054,G2314,GQ022,G2308,GQ001,GQ053,G2334,GQ003,GQ047,G2343,G2366,GQ004,G2317,GQ040,GQ018,G2309,GQ002,G7315,G7314,GQ046,GQ038,GQ036,G2305,GQ015,GQ027,GQ028,G2337,GQ011,GQ052,GQ055,G7350,G7349,G2328,G7320,G7319,G2370,G2310,G2307,G7133,G2352,GQ050,G2306,G2304,59663,G2336,GQ029"
111.70,21.95,0.29,0.27,61,"G2343,GQ047,GQ046,GQ038,GQ036,GQ013,GQ040,G2317,GQ015,G7331,G2306,GQ011,GQ050,GQ014,G2352,GQ058,GQ054,G2308,G2366,G2333,GQ059,GQ023,G2367,GQ022,G2351,G2330,GQ021,59469,G2368,G2331,GQ018,G2346,GQ053,G7141,G2328,G7353,GQ052,G7144,G2319,G7315,G7314,GQ045,G7355,GQ003,G7351,G7190,GQ035,G2311,G7352,GQ006,GQ060,G2314,G2307,GQ049,GQ001,GQ041,G2323,G2340,GQ004,GQ005,GQ017"
111.70,22.10,0.29,0.27,51,"GQ058,G2351,GQ059,G2306,59469,GQ036,GQ045,G7351,GQ038,GQ046,G7141,G7353,GQ050,GQ035,G7144,G2352,GQ041,G2367,GQ060,G7352,G2343,GQ037,GQ015,GQ047,GQ011,GQ017,GQ040,G2317,G2348,G2346,G7355,GQ031,G7142,G2362,GQ013,G2319,GQ006,G2364,G2323,GQ005,G2366,GQ049,GQ057,G2308,GQ054,G2347,G7331,G2344,G7356,GQ044,G2354"
111.70,22.25,0.29,0.27,42,"GQ037,GQ041,G7351,GQ035,GQ045,G2362,GQ031,G2348,GQ060,G2344,G7353,G7352,G2351,G7144,59469,GQ017,G7141,GQ059,GQ032,G2354,G2347,GQ058,GQ044,G7142,G2363,G2306,GQ056,G2367,G7756,GQ043,GQ050,G2352,G2353,GQ036,GQ048,G2364,GQ038,GQ046,G2502,G7355,G2346,G7766"
111.70,22.40,0.29,0.27,52,"GQ032,G2344,G7756,G2362,GQ048,GQ031,G2502,G2372,G2354,G2353,GQ037,G3077,G2348,G2347,GQ056,GW606,GQ041,G2363,G2345,GQ042,G3042,GQ035,GQ043,G7351,GQ033,G2342,GW619,GQ060,G3045,GQ045,GQ044,G3075,G7766,G7143,G2355,G7352,G7963,GQ017,G3057,GW106,G7353,GQ034,G7144,GW620,G3051,GW605,GK613,G3090,G2535,GW616,G7141,59469"
111.70,22.55,0.29,0.27,62,"G3077,GW606,GQ048,G3045,GW619,G3042,G2372,G7756,GW620,GQ033,GQ042,G2345,G3090,G2502,G3051,GW618,G7963,GQ032,GW616,GW106,G3076,59462,G3075,G2344,G3093,G2353,GW105,G3040,GW605,G2355,G3054,G3099,G3041,G3096,GW602,GQ034,GW601,GW607,GW612,G3023,G2362,GW613,G3056,G3043,G2342,G3052,GW600,GW621,G3059,G3098,G7143,G3091,GW100,GQ031,G2354,G3057,GQ056,G3022,GW614,G3048,G3053,GW409"
111.70,22.70,0.29,0.27,71,"G3076,G3096,G3041,G3045,G3099,GW619,GW612,GW620,59462,G3040,GW618,GW600,GW100,G3093,GW614,GW409,GW613,G3098,G3042,G3090,GW606,G3083,GW601,GW602,G3059,G3026,GW101,G3091,G3051,GW105,G3053,GW616,G3022,G3054,G3077,GQ033,G3086,G9242,G3052,GW411,G7963,GW106,GQ042,GW102,G2345,G3023,G3070,G3089,G3084,GW103,GW621,GW107,GQ048,G2372,GW408,G3092,G3028,GW407,G3031,GW412,G3056,GW104,GW605,G9221,G7756,G3075,G3048,G3034,G2502,GW609,GW607"
111.70,22.85,0.29,0.27,60,"G3086,GW409,GW614,GW411,GW100,GW612,G3083,G3084,GW407,GW101,GW600,G3031,G3026,G3096,GW412,G3041,GW408,G3098,G3089,G3099,G3087,GW613,G3053,G3076,G3091,G3059,GW102,G9242,G3040,G3022,G3034,G3082,59462,G3088,G3093,GW414,GW103,GW601,GW602,G3024,GW410,GW618,G3052,G3070,GW620,GW105,GW108,G3054,G3045,GW619,G3090,G3028,GW107,GW617,G3092,G3081,G3051,G9221,GW616,G3042"
111.70,23.00,0.29,0.27,61,"GW414,G3087,G3031,GW407,GW410,GW412,G3082,G3088,G3084,G3086,GW408,GW411,G3033,GW415,G8160,G2640,G3089,G3032,G8168,G3034,G8148,GW409,G3024,GW614,G8152,G8162,GW101,GW100,G3083,G3037,G3026,59269,G3038,G3081,G8164,G9467,GW413,GW600,G8161,GW612,G8174,G3098,GW108,GW102,G3074,G3096,G3053,G3041,G9242,G8173,G3091,G8163,G3099,GW613,G3030,GH302,G3059,GW103,G3022,G9462,GW110"
111.70,23.15,0.29,0.27,63,"G8168,GW415,G8152,G2640,G8148,G8160,G8162,G8174,G3033,G3032,GW414,GW410,G8163,GW413,59269,GH302,G8183,G8161,G8164,G9467,G3038,G8158,G8173,G8150,G8103,G3087,G9461,59268,G3080,G3037,G9460,GW406,G3088,G3082,G3074,G8136,G3030,G8170,G3031,GW401,G8176,G8151,G2641,GW407,GW412,G8137,G8114,G8126,GW404,G8101,G8153,G8105,G2642,GW402,G9463,GW405,G2631,G3081,G3084,GW110,G3085,GH306,G3035"
111.70,23.30,0.29,0.27,76,"G8183,G8174,G8136,G2641,G8163,G8105,G8101,G8152,G8150,G8114,G8103,GH302,G8151,G8168,GH306,G8135,G8162,G8126,G8158,G8137,59268,G8148,GW415,G2640,G8170,G9460,G9461,G8173,G8160,GW413,G3080,G8141,59269,G8161,G8176,G8139,G3033,G8140,GH303,59264,GH300,G2631,G3032,G2633,GW401,G8164,GW406,G9467,G8175,G2642,G3038,G8129,GW402,G8112,G2630,G8113,G8102,G8118,G8128,GW404,G8123,G8115,G2634,G8119,G8171,GW410,G3030,G8122,G8124,GW403,G8125,G8157,G3074,GW414,G8134,G3036"
111.70,23.45,0.29,0.27,56,"G8135,G8141,G8105,G8140,G8139,GH303,G2633,GH300,G8128,G8129,GH306,G8102,G8101,G8118,G2641,G8123,G8136,G8114,G8133,G8122,G8130,G8151,G8126,G8183,G2632,G8125,59264,G8113,G2630,G8119,G2634,G8106,G8137,G8124,G8107,G8112,G8103,G8150,G8109,G8170,G8134,G8163,GH301,G8174,GH302,59268,G8117,G8175,G8158,G2631,G9460,G9461,G8152,G8157,G8127,G8116"
111.70,23.60,0.29,0.27,44,"G8130,G8107,G8128,G8117,G8133,G8102,G2633,G8140,G8139,GH303,G8129,G8106,G8141,G2632,G8118,G8123,GH300,G8131,GH305,G8122,G8135,G2635,G8116,G8125,G8105,G8109,G8138,GH306,G8119,GH301,G8124,G2634,G8101,G8034,GH304,G8113,G8035,G8114,G2641,G2630,G8104,G8134,G8136,59264"
111.85,21.65,0.29,0.27,43,"G2309,GQ001,G2314,G2310,G2304,G7317,G2311,G2334,G7190,GQ004,GQ008,GQ003,GQ002,G7320,G7319,G7328,G7316,G2330,G2305,GQ023,GQ021,GQ018,GQ055,G7331,GQ028,G7335,G7336,59663,G2308,G2307,G2331,GQ013,G7131,59669,GQ052,G2337,GQ014,G2325,G7312,GQ020,G2368,G2338,GQ027"
111.85,21.80,0.29,0.27,54,"GQ003,GQ018,GQ004,GQ002,G2305,GQ023,G2308,GQ001,G2309,G2314,G2330,G2311,GQ055,G7190,G7331,GQ052,G7319,G7320,G2307,GQ013,59663,G2328,GQ021,G7312,G2310,G2317,GQ020,G2326,G2334,GQ040,GQ014,G2325,GQ008,GQ011,G7317,G2331,G7316,G7328,G7321,G2304,G2338,G2343,GQ047,G2368,G2319,G2318,GQ046,GQ050,GQ009,G2333,GQ038,GQ054,GQ036,GQ010"
111.85,21.95,0.29,0.27,60,"G2317,GQ040,GQ011,G2308,G2328,GQ052,GQ050,G2319,GQ018,GQ013,G2367,G2307,G2306,GQ006,GQ046,G7312,G7331,G2323,GQ005,59663,GQ038,GQ036,GQ055,GQ020,G2343,G2326,GQ023,G2305,GQ047,GQ058,GQ007,GQ003,G2330,GQ002,59469,G2318,G7141,GQ004,GQ039,GQ014,G7353,G2325,G7320,G7319,GQ001,G2322,GQ059,G2351,GQ021,G2311,G2309,G2314,GQ017,G7190,GQ015,G7321,G2352,G7142,G7351,GQ054"
111.85,22.10,0.29,0.27,51,"G2367,G7141,59469,GQ050,G7353,GQ017,GQ006,G2306,G2323,GQ011,GQ005,G2319,G7142,GQ058,G7351,GQ040,GQ041,G2317,G2351,GQ007,GQ046,GQ059,GQ036,GQ038,GQ037,G2328,GQ045,G2347,GQ035,GQ031,GQ039,G2343,G2308,GQ047,GQ052,G2354,G7144,GQ060,G2352,G2362,GQ013,G6645,G6658,GJ201,G7352,GQ056,GQ018,GQ015,G2307,G7312,G2318"
111.85,22.25,0.29,0.27,43,"G2347,GQ017,G7142,G2354,GQ031,G7353,GQ041,GQ056,G7141,G7351,GQ037,G2362,59469,G2344,G2353,G2367,GQ045,G2351,GQ035,G2342,GQ058,GQ005,G2323,GQ006,GQ050,G2306,G7143,GQ032,GQ059,GQ060,G2348,G2365,G6651,G2319,G6645,G7144,G7352,G6658,GQ011,GJ201,GQ007,GQ048,G2372"
111.85,22.40,0.29,0.27,43,"G2353,GQ056,G2354,G2342,G2347,G7143,G2344,G2372,GQ031,G2362,G2355,GQ048,GQ034,G2365,G2345,GQ032,GQ042,G3014,GW205,GQ033,GW106,GQ037,G7142,GQ017,G7756,G9263,GQ041,G7351,G6651,G7353,G3077,G3018,GW619,G3064,G7141,G3017,G3045,GW606,G3061,59469,G2502,GW618,G2348"
111.85,22.55,0.29,0.27,57,"G2345,GQ042,GQ033,GW106,G2372,G2355,GQ034,GW618,GQ048,G2353,G3023,GW619,G2342,GW105,G7143,G9263,G3014,G3045,G3093,GW104,G3064,GW205,GW107,GW606,G3077,G2365,GQ056,G3099,G3028,GW613,G3070,G2354,G2344,G3042,GQ032,G3041,G7756,G3022,G3018,G3076,GW620,GW203,G9221,GW215,G2347,G3071,G2362,GW612,GQ031,G3017,GW103,G3096,G3061,G3090,GW102,G2502,GW211"
111.85,22.70,0.29,0.27,66,"GW105,G3093,GW618,GW613,G3023,G3022,GW107,G3070,G3099,G3028,G3041,GW106,GW104,GW103,GW102,GQ033,G9221,G3026,GW101,GW612,GQ042,GW619,G2345,GW100,G3045,G3096,G3076,G3071,GW409,GQ034,G2355,G2372,GW408,G3020,G9263,GW614,G3086,G3084,GW600,G3064,G3003,GW620,GW203,GW204,GW108,GW606,59462,G3014,G3083,G3040,G3042,G3025,GQ048,G3024,G3098,G3016,G9207,G3077,GW217,GW411,GW407,G3090,G3031,G3027,GW206,G3059"
111.85,22.85,0.29,0.27,67,"GW102,GW103,GW408,G3026,GW101,G3022,G3084,GW613,G3024,GW108,G3070,GW100,G3099,G3086,GW409,GW612,G3041,G3020,G3028,GW407,G9221,G3088,G3093,G3031,G9207,GW107,GW105,G3003,GW614,G9203,G3096,G3004,GW411,G9206,G9204,G3023,GW618,G3025,G9200,G3071,GW600,GW412,G3083,GW104,GW410,G3087,G3076,G3073,GW002,GW414,59471,GW003,G3098,GW001,G3027,G3089,GW619,G3021,GW106,GW204,G3040,G9201,GW004,GQ033,G3045,GW110,59462"
111.85,23.00,0.29,0.27,70,"G3088,G3024,GW410,GW408,GW108,G3084,G3032,GW407,G3031,GW414,G3074,G3073,GW110,G3021,G8164,G8160,59269,G9206,G3072,G9204,G9207,G8161,G9203,G2640,G8148,G9200,G3087,G3086,GW102,GW101,G8162,G3026,G3004,G8153,GW103,G3020,GW412,G8165,G8168,GW003,GW409,59471,GW001,GW100,G3022,GW002,GW411,GW415,GW004,G3003,G8158,GW613,G8152,G9201,G3082,GW612,G3070,G8163,GW614,GW109,G3025,G9221,G3033,G3041,G8176,G3099,G2645,G8174,G8150,G3028"
111.85,23.15,0.29,0.27,53,"G8164,59269,G8161,G3032,G8160,G8148,G3074,G8162,G2640,G8158,G8153,G8163,G8176,G8150,GW410,GW110,G8168,G2642,G8170,G8152,G3072,G8174,G8165,G3021,G3088,G8183,GW414,GW415,G8151,G8171,G8181,G3073,G8175,G3024,G2641,G8149,G3033,G9206,G2644,G2646,G3087,G3031,GW407,GW108,GW109,G9204,G2645,GW408,GH302,G3084,G9200,GW413,G8157"
111.85,23.30,0.29,0.27,61,"G8170,G8151,G8150,G8158,G8176,G8163,G2642,G8175,G2641,G8183,G8171,G8161,G8162,59269,G8157,G8164,G8148,G8174,G8105,G8160,G2640,G2634,G3032,G8153,G8134,G8152,G3074,G8135,G8168,G8149,G8181,G8159,G8178,G8136,GH300,G2646,G8129,G8139,G8101,G8118,G2633,G8140,G8123,G8141,G8179,G8165,GW415,GW110,G2644,G8114,G8109,GH306,G8103,GH302,G8156,G3072,GW410,GH303,G2643,G8133,G8128"
111.85,23.45,0.29,0.27,49,"G2634,G8134,G8123,G8118,G8129,GH300,G8109,G2633,G8139,G8151,G2641,G8140,G8133,G8157,G8135,G8141,G8175,G8105,G8159,G8170,G8128,G8106,G8035,GH303,G8150,G8183,G2642,G8130,G8171,G8176,G8116,G8178,G8163,G8158,G8102,G8101,G8136,GH306,G8114,G8107,G2643,G8179,G8024,G8117,G8174,G8034,G2613,G8149,GH305"
111.85,23.60,0.29,0.27,39,"G8106,G8133,G8116,G8109,G8123,G8118,G8035,G8130,G8129,GH305,G8034,GH300,G8128,G8117,G2633,G2634,G8139,G8140,G8024,G8107,G2635,G8134,G8138,G8141,GH304,G2611,G8131,G2613,GH303,G8104,G8135,G8159,G8102,G8006,G8157,G8105,G2632,G2641,G8151"
111.85,23.75,0.30,0.27,31,"G8138,GH304,G2635,GH305,G8104,G8034,G8116,G2611,G8117,G8131,G2636,G8106,G8132,G8024,G8107,G8130,G8133,G8035,G8006,G8109,G8002,G8123,G8118,G2613,G8016,G8128,G8129,G8004,G8015,G2633,GH300"
112.00,21.65,0.29,0.27,37,"G7328,G7316,GQ008,G2310,G7317,G7320,G7319,G2309,GQ002,GQ004,G2305,GQ001,G2338,G2304,GQ003,GQ055,G2325,G2314,59663,G2311,G7321,GQ009,G7190,G2307,GQ018,GQ020,G7312,G2326,G2320,G2334,GQ010,G7311,GQ052,G2360,G2359,G2330,GQ023"
112.00,21.80,0.29,0.27,50,"GQ055,G2325,59663,G2305,G7319,G7320,GQ020,G2307,G7312,G2326,G2338,G7321,GQ002,GQ052,GQ018,GQ009,GQ004,GQ010,GQ003,G2328,G2309,G2318,G2310,GQ008,GQ001,G2308,G7328,G7316,G7311,G2322,GQ051,G2314,G7317,G2311,G2320,GQ023,G7190,GQ039,G2330,G2319,G2317,GQ007,GQ013,GQ040,G7331,G2360,G2359,GQ011,GQ006,G2323"
112.00,21.95,0.29,0.27,54,"G2318,G2328,G2326,G7312,GQ020,GQ039,GQ052,G2322,G2307,GQ007,G2319,59663,GQ006,G2323,GQ005,G2325,G7321,GQ055,GQ018,GQ010,GQ009,G2308,G2305,GQ051,GQ011,G2317,G2338,GQ040,GQ019,G2367,G7320,G7319,GQ050,GQ002,G2327,G6652,GQ003,GJ200,GJ206,G7311,GQ004,G2161,GJ201,G6658,G6659,GQ013,G2167,G2306,G6645,G6648,G7142,G2309,GQ023,G7331"
112.00,22.10,0.29,0.27,50,"GQ005,G2323,GQ007,GQ006,G2319,GQ039,G6658,GJ201,G6645,G7142,G2161,GJ200,GJ206,G2367,G2322,G6659,G2318,GQ017,G2328,G7141,GQ011,GQ050,G2327,59469,G7353,G6652,G6648,GQ019,G2167,G6640,G2326,GQ052,G7312,GQ020,GQ040,G6651,G2317,G2306,G2307,G2347,G7351,59663,GQ051,G6649,G6642,GQ058,GQ041,G2308,G6643,G7321"
112.00,22.25,0.29,0.27,51,"G7142,G6651,G6645,G6658,GJ201,G2347,GQ056,G6640,G2354,GQ017,G2365,G6516,GQ005,G2323,G2161,GQ006,G2342,G7143,GQ007,GJ200,G6659,GJ206,G7141,59477,G2353,G6564,G7353,GQ031,G2168,G6642,59469,G6699,GW205,GW202,G2319,G6650,G2367,GQ041,GQ039,G2362,G2163,G7351,G3061,G6648,G3017,GQ037,G6514,GW207,G3014,G6649,G2344"
112.00,22.40,0.29,0.27,50,"G2365,G7143,G2342,GW205,GQ056,G3014,G6651,G2353,G3017,G3061,G3018,G2355,GQ034,G2347,G9263,G2354,GW202,G6516,GW211,G6650,G3064,G3013,GW210,GW207,GW215,G6640,G2372,G6699,G2345,G2168,GW213,GQ042,G7142,G9261,GW106,G6645,GQ031,G3067,GQ033,G2362,G2344,59477,G6658,G6564,GJ201,GW203,G2163,GQ017,GQ048,G6621"
112.00,22.55,0.29,0.27,61,"G9263,G3014,G3064,GQ034,GW205,G2355,G3018,GW215,G7143,GW203,GW104,G2365,G2342,G3017,GW106,GW211,G3061,G3023,G2345,GQ042,G3067,GQ033,GW213,G2353,G9260,GW107,G2372,G3071,G3016,GW204,GW105,GW217,G3013,GW210,G3028,GW202,G3063,GW206,GW618,G9221,GQ056,G9261,G3070,G3093,GW218,GW207,G9264,G6650,G9360,G9265,G6516,G6651,G3060,G3062,GQ048,G2354,G3010,GW619,G3022,G9362,G3015"
112.00,22.70,0.29,0.27,75,"G3071,GW104,GW107,G3028,G9221,G3023,GW204,GW203,G3070,G3016,GW217,G3064,GW105,GW206,G3003,GW103,G9263,G3025,G3020,G3027,G3022,GW215,GW106,G3093,GW102,GQ034,GW613,G3014,G9260,GW618,G2355,G9362,G3067,GQ042,GQ033,59470,G2345,G3010,G9207,G9265,G3018,G3068,GW218,G3099,G9264,G3004,G3063,GW108,GW205,GW002,G9203,G9262,G3026,G3012,GW101,GW211,G3041,GW213,G3062,G3017,59471,G3061,G9200,G9204,G7143,GW003,G3024,GW612,G2372,G9206,GW619,GW100,GW408,GW216,G2342"
112.00,22.85,0.29,0.27,68,"G3020,G3003,G9207,G3025,G3004,G9203,GW108,G9221,GW002,GW103,G9204,G9200,G3027,G9206,59471,G3028,G3071,GW003,G3070,GW102,G3024,GW001,GW107,G9201,GW004,G3022,GW204,G3073,GW104,G3016,GW217,GW408,G9209,GW613,G3005,GW206,G3023,G3026,GW101,GW105,59470,G3021,G3088,G3093,G3084,GW203,G3006,G3007,G3012,G9362,G3072,G3068,G3099,G3010,GW110,G3041,GW100,GW109,GW612,GW407,GW618,G2645,G3001,G9265,G3086,G9262,GW214,GW409"
112.00,23.00,0.29,0.27,61,"G3073,G9206,G9204,G9200,G3021,G9203,G3072,GW003,GW001,G3004,G9207,GW110,59471,GW004,GW108,G9201,GW002,G3024,GW109,G8165,G2645,G3074,G3007,G3020,G8153,G3088,G3003,G9209,G3025,G8169,G3005,G3002,G8164,GW408,G3032,G8161,G3027,59269,GW103,GW410,G8181,G3006,GW102,G8182,G8166,G3084,G9221,G8282,G8160,G2644,G9220,G3070,GW407,G3028,G8229,G8148,G3022,G3031,G8167,G3026,G3071"
112.00,23.15,0.29,0.27,65,"G8165,G8153,GW110,G3072,G8181,G3074,G3021,G2644,GW109,G2645,G8149,G8164,G3073,G8161,G8176,G2646,G2642,G8171,59269,G8180,G3032,G8166,G8158,G8169,G9206,G8170,G8175,G9204,G3007,G8167,GW004,G9200,G8282,G8155,G8182,G3002,G8160,G8150,G8148,GW001,G8162,GW003,G8163,G9201,G8156,G8179,G9203,59471,G8178,G2640,G9220,G3088,G3024,GW410,G8154,G3004,G8157,G8151,G8172,G9207,GW108,GW002,G9209,G2661,G8183"
112.00,23.30,0.29,0.27,51,"G8171,G8149,G2642,G8175,G2646,G8178,G8157,G8181,G8176,G8179,G2644,G8156,G8170,G8159,G8153,G8155,G2643,G8180,G8158,G8151,G8154,G8165,G8150,G8134,G8161,G2634,G3074,G8164,G8163,G8172,59269,GW110,G8166,G3072,G8177,G2641,G8167,G8183,G3021,G2645,G8162,G3032,GW109,G8148,G8225,G8109,G8282,G8276,G8160,G2662,G8081"
112.00,23.45,0.29,0.27,47,"G8159,G8134,G8157,G2634,G8178,G2643,G8109,G8179,G8175,G8035,G8177,G8171,G8156,G8056,G2613,G2642,G8149,G8170,G8081,G8151,G8123,G8024,G8118,G2646,G8154,G8176,G8133,G8129,G8155,G8106,GH300,G8060,G2641,G8116,G8054,G2644,G8225,G8181,G2633,G8139,G8150,G8140,G8180,G8158,G8034,G8172,G8135"
112.00,23.60,0.29,0.27,39,"G8035,G8024,G2613,G8109,G8034,G8116,G8006,G8060,G8134,G2611,G8159,G2634,G8106,G8056,G8133,G8177,G8123,G8118,G8157,GH305,GH304,G8138,G2643,G8081,G8129,G8054,G8178,G2635,G8104,GH300,G8130,G2633,G8016,G8117,G8139,G8179,G8140,G2626,G8128"
112.00,23.75,0.30,0.27,33,"G2611,G8006,G8034,G8024,GH304,G8016,G8104,G8116,G8138,G8002,G2613,G8035,G2636,G8023,G8132,GH305,G2635,G8001,G8060,G8004,G8020,G8106,G8109,G8022,G8032,G8015,G8025,G8117,G8038,59270,G8133,G8036,G8131"
112.00,23.90,0.30,0.27,33,"G8002,G8004,G8132,G8015,G2636,G8023,G8032,G8038,G8016,G2612,G8039,G8037,G8018,G2611,G8104,G8022,G8025,GH304,59270,G8006,G8138,G8008,G8009,G8034,G8001,G8010,G8020,G2635,G8024,G8036,GH305,G2614,G8116"
112.15,21.80,0.29,0.27,44,"G7311,GQ009,G2338,GQ010,G7321,G2320,G2325,GQ051,G2359,G2360,G2321,G2326,GQ020,G2318,G2322,G7312,59663,GQ055,G7320,G7319,G2307,GQ012,G2305,G6527,GQ019,GQ052,G7328,G7316,G2185,GQ039,GQ008,GQ002,G2328,G6611,GQ018,G2310,G6652,GQ004,G2327,G6592,G6655,GJ202,G2309,GQ003"
112.15,21.95,0.29,0.27,56,"G2322,GQ051,GQ019,G2318,GQ039,GQ010,G6652,G2327,G7321,GQ009,G2167,G2326,G7311,G6655,G2321,GQ007,GQ020,G2325,GJ206,GJ200,G2338,G7312,G6648,G2161,G6659,G2160,GQ012,59663,G6643,G2307,G2328,GQ052,GQ005,G6646,G2323,G2319,GJ202,GQ006,GQ055,G2320,GJ201,G6658,G6653,G6649,G6645,G6745,G6528,G2359,G2305,GQ018,G2360,G2156,G6519,G7319,G7320,G6592"
112.15,22.10,0.29,0.27,56,"GJ200,GJ206,G2161,G6659,G6648,G2327,GJ201,G6658,G6652,G2167,G6645,GQ019,GQ039,G6649,G6643,GQ007,G6655,G6745,G2322,G6519,G6642,G6640,G2160,GQ005,G2323,59477,G6564,G2318,GQ006,G6514,GQ051,G2319,G6647,G6512,G6651,G6646,G6653,G2156,G2163,G6513,G6515,G6747,G2168,G7142,GQ010,G6516,G6528,G2326,G2162,G6535,GJ202,G6699,G7321,GQ020,G2321,G2328"
112.15,22.25,0.29,0.27,65,"G6640,59477,G6564,G6645,G6651,G6642,G6658,GJ201,G6516,G2168,G2163,G6699,G2161,G6514,G6659,GJ200,GJ206,G6649,G6650,G6519,G6648,G6747,G6745,GW202,G6515,G6647,GW207,G2164,G2167,G6643,G2327,G2162,G6621,G2365,G6652,G6510,G6512,G3061,G3013,G6657,G7142,G6531,G3017,G6641,GQ007,G6513,GW210,G9261,GJ203,GQ039,GQ019,GW205,GW211,GQ005,G2109,G6655,G2323,G6644,GQ056,G2160,G3018,GQ006,G2166,G2347,G7143"
112.15,22.40,0.29,0.27,63,"GW202,G6650,G6516,GW207,G3061,G6699,G3013,G3017,G2168,GW210,G6651,GW211,G9261,G3018,G2365,G6621,GW205,G6640,G2163,GW213,G6531,59477,G6564,GW215,G3067,G3014,G6641,GJ504,G6642,G7143,G3060,G6514,G2164,G9360,G2342,G6747,G9263,G3064,G3063,G9363,G6645,G9260,G2175,G2109,G6515,G6658,GJ201,G9267,G6510,GQ034,G6647,GQ056,G3015,G2355,G6644,G2165,GW203,GW218,G6519,G2162,G3062,G2353,G6649"
112.15,22.55,0.29,0.27,70,"G3067,GW213,GW215,GW211,G3018,G9260,GW210,G3017,G3063,G3061,G3013,G9261,G3064,G9360,GW203,G3060,GW218,GW205,GW202,G9363,G9264,G9263,G3062,G3015,GW207,G3014,G9265,G3016,GW217,GW206,G6650,G9267,GW204,G2365,GJ504,G3010,G6621,G6531,G9262,G9268,G2175,G9362,G6516,G3068,GQ034,GW216,G6699,GW104,G7143,G3069,G3071,G2355,GJ506,59470,G2168,G3065,G2342,G6641,G6651,G3023,G3012,G3066,G2107,G6637,GW208,GW212,GW107,G2163,G3027,GW106"
112.15,22.70,0.29,0.27,82,"GW206,GW217,G3016,GW204,G9362,G3010,G9265,G3068,59470,GW203,G9264,G9260,GW218,G9262,G3062,G3063,G3012,G3071,G3027,G3067,GW216,GW215,G3015,G3064,G3025,G3066,G3069,G9360,GW213,GW214,G3003,GW104,G9268,G9221,G3060,G9363,GW212,G9263,GW211,G3018,G3028,G9361,GW107,G3065,G3020,G9267,GW210,GW209,G3023,G3017,GW002,G3001,G3061,G3013,G9261,G3070,G3014,G8271,G3006,GW208,G3005,G3004,G9209,G6637,G7056,59471,G9207,GW205,G7035,G2214,GJ506,G9203,GW003,GW103,G9201,G2175,G8275,GQ034,GW105,GW001,GE305,GJ504"
112.15,22.85,0.29,0.27,74,"G3027,G3025,GW002,G3005,G9209,G3012,G3006,59470,59471,G3003,G9201,GW003,G3004,GW001,G9362,G3001,G3068,GW214,GW004,G9203,G3020,GW206,GW204,G9200,G9207,G3010,G8271,GW217,G8229,G3016,G9204,G3071,G9262,G9206,G3066,G3007,G8236,G8275,G9265,G9221,GW216,G9361,G9264,GW108,G8249,G3073,GW212,GW203,GW218,G3028,G3002,G8251,G3069,G3062,GW109,G9260,G2663,G8169,G3070,GW103,GW209,GW107,G2645,GW104,G8230,G3063,G3024,G3021,G8262,G9268,G2214,G3015,GW102,G3072"
112.15,23.00,0.29,0.27,69,"G3007,GW004,G9201,G9209,GW001,G3005,G3002,GW003,GW109,59471,G8169,G2645,G3006,GW002,G9200,G9204,G9206,G8182,G8229,G3073,G3004,G8236,G9203,G9220,G3021,G8282,G3072,G8166,G3001,G9207,G8251,G8165,G3025,G2668,GW110,G3027,G8249,G8167,G8284,G8271,G3003,G8275,G8235,G3020,GW108,G2661,GW214,G3012,G8153,G8252,G8180,G8181,G2644,59470,G2686,G3074,G3024,G8280,G8256,G2696,G8232,G2672,G8260,G8230,G8270,G8254,G3068,G2646,G8241"
112.15,23.15,0.29,0.27,72,"G8166,G8282,G8167,G2645,G8182,G8169,GW109,G8180,G9220,G3002,G2644,G8181,G8165,G2646,G2661,G3007,G8155,G8149,G8172,G3072,G3021,G8153,G8241,GW110,G8154,GW004,G3073,G8284,G8280,G8156,G9201,G2668,G8228,GW001,G8179,G9209,G8276,GW003,G8171,G3074,G8235,G3005,G9200,59471,G9206,G8268,G9204,G8236,G8254,G8178,G2662,G8229,G2642,G2686,G8251,G3006,GW002,G8252,G8176,G8247,G8239,G9203,G2696,G3004,G2643,G8255,G2605,G8225,G8164,G8227,G2660,G2672"
112.15,23.30,0.29,0.27,56,"G8155,G8154,G8156,G8180,G8172,G2646,G8179,G2644,G8149,G8178,G2643,G8276,G8181,G8167,G2662,G8225,G8166,G8247,G8171,G8268,G8177,G8282,G8228,G8241,G2661,G8261,G8157,G8243,G8159,G8182,G8227,G8081,G2642,G8175,G9220,G8165,G8255,G2645,G8169,G8283,G8153,G2605,GW109,G8056,G8176,G8280,G3002,G8054,G8272,G2622,G8240,G2660,G8134,G3072,G8170,GW110"
112.15,23.45,0.29,0.27,47,"G8177,G2643,G8081,G8056,G8225,G8179,G8054,G8156,G8178,G8159,G8154,G2662,G8247,G8155,G8276,G8060,G8157,G8172,G8261,G2622,G2613,G2646,G8134,G8149,G8243,G8283,G2626,G8180,G8035,G8171,G8268,G2644,G8059,G8227,G2634,G8175,G8109,G8024,G8272,G8181,G8228,G8055,G8255,G8080,G8051,G2642,G2605"
112.15,23.60,0.29,0.27,38,"G8060,G2613,G8056,G8054,G8081,G2626,G8177,G8006,G8024,G8051,G8080,G8035,G2643,G8001,G8159,G8071,G8059,G8020,G8225,G8034,G8109,G2622,G2611,G8005,G8019,G8134,G8016,G8178,G8074,G8116,59271,G8179,G8065,G8066,G2634,G8156,G8036,G8157"
112.15,23.75,0.30,0.27,39,"G8001,G8006,G8020,G8016,G8060,G8005,G8023,G8036,G2613,G8051,G8080,G8019,G8024,G2611,G8002,G8022,G8071,G8025,G2626,59270,G8074,G8034,G8072,G8076,G8056,G8035,G8004,G2623,G8054,G8032,G8070,GH304,G8116,G8014,G8075,G8081,G8073,G8104,G2636"
112.15,23.90,0.30,0.27,42,"G8022,G8025,G8023,59270,G8016,G8002,G8020,G8032,G8001,G8036,G8004,G8010,G8007,G8037,G8018,G8005,G8014,G8015,G8038,G8006,G8019,G2612,G2616,G8039,G2614,G8132,G2611,G2636,G8009,G8072,G8070,G8033,G8074,G8076,G8021,G8061,G2615,G8071,G2623,G8051,G8080,G8073"
112.15,24.05,0.30,0.27,41,"G8010,G2614,G8037,G8018,G8032,59270,G8025,G8009,G8022,G8028,G8007,G8029,G8004,GR003,G8021,G2612,G8039,G8038,G8023,G8015,G8003,G2615,G8002,G8014,G2616,G8008,G8012,G8016,G8400,G8413,G8027,G2730,G8036,G8406,G8020,G8026,G8031,G8001,G8033,G8030,G8132"
112.15,24.20,0.30,0.27,37,"GR003,G8028,G8029,G8003,G8413,G2614,G2730,G8406,G8400,G8009,G8010,G8012,G8027,G8021,G8011,G8404,G8018,G2740,G8037,G8435,G2615,G8026,G8402,G8017,G8030,G8032,G8008,G8039,G2612,G8007,GR052,G8431,G8038,G8432,59270,G8015,G8025"
112.15,24.35,0.30,0.27,35,"G8404,G2730,G8406,G8413,G8435,G8402,G8431,G2740,G8418,G8432,GR003,G8003,G8400,G8011,GR052,G8029,G8407,G8028,G8430,G8433,G8425,G8012,G8027,GR055,GR047,G8421,G8420,G2614,59074,GR054,G8424,G8017,G8427,G8009,G8405"
112.15,24.50,0.30,0.27,49,"G8430,G8418,G8431,G8424,G8420,59074,G8402,G8425,G8407,G8435,G8432,G8404,G2741,GR047,G8401,G8433,G8409,G8405,G8427,G2742,G2740,G8429,GR055,GR052,GR048,GR046,GR053,G2733,G8423,G8421,G2730,G8406,GR051,GR049,G8413,G8408,G8416,G8410,G8415,G8411,G8011,GR019,G8426,59071,G2764,G8338,GR002,G8521,G2757"
112.15,24.65,0.30,0.27,52,"G2741,G8429,G2733,G8424,G8409,G8410,G8411,GR046,59074,G8420,G8416,G8401,G8415,GR053,G8423,G2731,G8430,59071,G8426,G8408,GR049,G8403,G8338,G2742,GR014,G8428,G8405,GR051,G8418,G8425,GR013,GR002,G2757,GR050,GR047,G8464,G8431,G8422,GR019,GR048,G8407,GR018,G8427,G8460,G8402,G8432,G8446,GR055,59072,G8462,G2764,G8435"
112.15,24.80,0.30,0.27,47,"G8403,G8410,G8411,G2731,G8422,GR050,G8428,G2733,G8416,G8415,G8464,G8429,59071,G8426,GR014,G2741,G8462,GR013,GR046,G8338,G8409,G2752,GR016,GR053,G8467,G8453,G8423,G8408,GR017,59072,GR049,G8446,G8401,GR018,GR002,G8424,G2757,G8449,59074,G8460,G8420,G8443,G2756,GR051,G2742,GR019,G8463"
112.15,24.95,0.30,0.27,34,"G8453,GR017,GR016,G2756,G8422,G8463,G2752,G8449,G8403,GR050,GR015,G8462,G8428,G8464,G2731,G8440,G8467,G8411,G8410,G8443,G2758,G8450,G2750,G8451,59072,G8415,G8416,GR013,59071,GR014,G2733,G8446,G8426,G8456"
112.30,21.80,0.29,0.27,33,"G2321,G6527,GQ012,G2359,G2320,G2360,G7311,G2185,G6611,G6592,G2105,G6701,G6705,GQ051,GQ010,GJ202,GQ009,G2338,G7321,G6646,GQ019,G6522,G6655,G6528,G2325,G2160,G2322,G6653,G2318,G6652,G2157,G2180,G2327"
112.30,21.95,0.29,0.27,48,"GJ202,G6655,GQ012,G2321,G6646,G2160,GQ019,G6528,G6653,G6652,GQ051,G2327,G2167,G6643,G6592,G6701,G6705,G2105,G2156,G6648,G7311,G6527,G2322,GQ010,GJ206,GJ200,G6745,G6659,GQ009,G2180,G6649,G2318,G2161,G2320,G6513,G6512,G7321,G6611,G6535,G6519,G2359,GQ039,G2185,G2360,G2338,G2108,G2325,GJ505"
112.30,22.10,0.29,0.27,60,"G6643,G6745,G6649,G2160,G2167,G6648,G6655,G6519,G2156,G6512,G6652,G2327,G6653,G6513,G6646,G6659,GJ206,G6535,GJ200,GQ019,G2161,G6647,G6528,G6642,G6514,G6515,GJ202,G2162,G6657,G6564,59477,G6747,G2174,GJ201,G6658,GJ203,G6640,G6510,G6645,G2163,G2164,GQ051,GQ012,G2322,G2108,GQ039,G2321,GJ505,G2166,G2168,G2180,G6644,G6701,G6705,G2105,G6624,G6505,G6699,GQ007,G6592"
112.30,22.25,0.29,0.27,69,"G6514,G6747,G6515,G6647,G6642,G6564,59477,G2163,G6519,G2162,G2164,G6510,G6657,G6745,G6649,GJ203,G6512,G2168,G6640,G6513,G6699,G6644,G2166,G6641,G2109,G6535,G6643,G6648,G6516,G6659,G6650,G6621,G2161,G6511,GJ206,GJ200,G2165,G2156,G6531,GW207,GJ204,G2167,GJ201,G6658,GJ205,G6645,G2174,G6651,G6656,GW202,G2160,G6539,G2170,G2327,G6655,G6652,G6653,G6624,GJ504,G2173,G9261,G6538,G6646,G3013,GW210,GQ019,G6528,G6626,G2176"
112.30,22.40,0.29,0.27,81,"G6621,G6531,G6641,GW207,G2109,G6699,GJ504,G2164,G6650,G2168,G2163,G9261,G2165,G6644,GW202,G2175,G6747,G3013,GW210,G6510,G6516,G6656,GJ204,G6515,G6564,59477,GJ205,G2166,G6514,G3060,G6511,G2162,G9363,G9267,GJ203,GW213,G6647,G9360,G6642,G3061,G6657,GJ506,GW211,G6640,G3017,G2107,G6626,G6625,G6504,G6651,G3015,G3067,G3063,G6620,G6519,G3018,G6622,G9268,G2172,G9260,G6649,G6745,GW215,G2173,G3062,G6512,G2170,GW218,G6539,G6513,GW205,G2176,G2365,G3011,G6537,G3065,G6506,G6538,G9264,G6637,G2178"
112.30,22.55,0.29,0.27,87,"G9363,G3060,G9267,G9360,G2175,G3015,GJ504,GJ506,G9261,G9268,G3063,G3062,GW213,G6531,GW210,GW218,G2107,G3065,G3013,G9264,G6621,G3067,G9260,G6637,G3069,G6625,GW207,G9265,GW208,GW216,G6622,GW211,G6641,G3011,G9262,GW215,GW202,G3061,G3010,G3017,G6650,G7035,G6620,G2165,G2109,GW200,GW201,GW212,G3018,G6656,G6504,G9362,G3068,GW209,G7056,G6506,G6699,GW206,G3066,GE305,GJ204,GW203,G6626,GW217,GJ205,G2214,G2168,G3016,59470,G9361,G6516,G2114,G2164,G3064,G6644,G7031,G3012,G2172,G2163,G7021,GW204,G7028,G6623,GW205,G6511,GW214,G2166"
112.30,22.70,0.29,0.27,87,"GW216,G3069,G9262,GW212,G3066,G9268,G3062,G9265,G3065,G9264,G3010,G3068,GW209,GW218,G9361,G3015,G9362,GW208,59470,G3012,G7056,G7035,G6637,GW214,G2214,G3063,GE305,G9363,G9360,G9267,GW200,G9260,G7031,GW206,G3060,GJ506,G7028,G8262,GW217,G3016,G8271,G3067,G3011,GE304,G3001,GW201,G2175,G7054,G2107,G6622,G2663,GW204,GW213,G8275,G3027,GW203,G2114,G7034,GJ504,G6625,GW215,G9261,G8230,G7021,GE306,G3006,GW210,G7030,G7050,G8273,G3013,G8229,G6506,GW211,G3071,GE302,G3005,G8249,G3025,G6620,G6531,G7044,G3064,G8236,GE301,G9209,G7029"
112.30,22.85,0.29,0.27,95,"G8271,GW214,G3001,G8275,G3066,G9361,G3012,G8229,G2663,G3006,G8249,G8236,G8230,GW212,G8262,59470,G3068,G3005,GW209,GW216,G9362,G9209,G8251,G9262,G2214,G8260,G8256,G3010,G3069,G7056,G7031,G7028,G3027,GE305,G9265,GE304,G7035,G8246,G8270,G8224,G7034,G8273,G9264,G3065,G7054,GW208,G9201,GW206,GW002,G3062,G8235,G9268,G8232,G7050,G3007,G8285,G2668,GW200,59278,GW218,G3025,GW004,59471,GW217,G8252,GW001,G2666,G6637,GW003,G3016,G2667,GE306,GW204,G3002,G8284,G8267,G3015,G8242,G2672,G3003,GE301,G3004,G2699,G2686,G2679,G8248,G8238,G9260,G2696,G8169,G3063,G9200,G7030,G9203,G7029"
112.30,23.00,0.29,0.27,85,"G8236,G8251,G8229,G8249,G2668,G8235,G8284,G3006,G8252,G8275,G3002,G3001,G3005,G8232,G9209,G8256,G2686,G9220,G8270,G8271,G8260,G3007,G2672,G2666,G2696,G8182,G8169,G2667,G8230,G2699,G8267,G8224,G8254,G8282,G2679,59278,G2663,G2671,G8285,G8280,G8246,G9201,G2661,GW004,GW214,G2645,G2689,GW109,G2676,G8166,G8278,G8167,GW001,G2670,G2695,G8239,GW003,59471,G2698,GW002,G8262,G8238,G8241,G3012,G2693,G8257,G8226,G9361,G3066,G2697,G2694,G9200,G8274,G8273,59470,G3027,G8248,G3004,G9204,G8228,G9206,GW212,G9203,G3068,G3073"
112.30,23.15,0.29,0.27,89,"G2661,G8280,G9220,G8241,G8282,G8284,G8167,G8182,G8254,G2668,G8166,G2686,G8228,G8235,G8239,G3002,G2696,G8169,G8252,G2672,G2660,G8172,G8268,G8180,G2699,G2671,G8251,G2605,G8255,G2666,G8232,G2645,G8276,G2695,G2667,G2697,G2679,G2676,G8236,G3007,GW109,G8155,G8240,G2684,G8227,G2689,G2691,G2694,G8267,G2662,G2698,G8154,G2644,G8270,G8249,G8229,G8247,G2670,G8243,G2693,G8278,G2646,G8257,59278,G8256,G8261,G2673,G9209,G8272,G3006,G8260,G3005,G8285,G8181,G8224,G8283,G2675,G8156,G8225,G8226,G8149,GW004,G2681,G8165,G8275,G9201,G2692,G3001,G8246"
112.30,23.30,0.29,0.27,72,"G8268,G8276,G8228,G2662,G8247,G8227,G8255,G8243,G8172,G2605,G8241,G8261,G8225,G8283,G8154,G8240,G8272,G2661,G2660,G8155,G8167,G8280,G8180,G2684,G8156,G8239,G2622,G8166,G8282,G9220,G8254,G8179,G2691,G2644,G2646,G2643,G8182,G8081,G8055,G8177,G8284,G8149,G2675,G2692,G8195,G8054,G2686,G8178,G2697,G2696,G8169,G2668,G8189,G8059,G8192,G8181,G3002,G8196,G8235,G2604,G2695,G8056,G2694,G8052,G2653,G8063,G8252,G2671,G2672,G2645,G2651,G8203"
112.30,23.45,0.29,0.27,55,"G2622,G8225,G8261,G8283,G8247,G8054,G8081,G2662,G8243,G8059,G8055,G8227,G8272,G8276,G8177,G8056,G2604,G8268,G8052,G8255,G2626,G8154,G2605,G2643,G8172,G8240,G8228,G8156,G8063,G8189,G8155,G8179,G2653,G8060,G8195,59271,G8065,G8066,G8080,G8051,G8196,G8057,G2660,G8241,G2684,G8062,G8178,G8082,G8180,G8217,G8192,G8071,G8085,G8159,G2661"
112.30,23.60,0.29,0.27,51,"G2626,G8080,G8051,G8059,G8054,G8071,59271,G8065,G8066,G8060,G8081,G8082,G8056,G2622,G2604,G8085,G8074,G8052,G8055,G8062,G8019,G8177,G8072,G8005,G8076,G8225,G8057,G2613,G2623,G8283,G8001,G8261,G8075,G8020,G8067,G8063,G8247,G8036,G8006,G8083,G8053,G8243,G8070,G8073,G2662,G8272,G2643,G8189,G2653,G8227,G8058"
112.30,23.75,0.30,0.27,49,"G8019,G8005,G8071,G8074,G8072,G8051,G8080,G8076,G8036,G8020,G8001,G2623,G8070,G8075,G2626,G8073,G8085,59271,G8065,G8082,G8077,G8066,G8061,G8060,G8100,G8016,G8083,G8022,G8014,G8079,G8025,G8058,59270,G8006,G8033,G8023,G8059,G8067,G8054,G8078,G8062,G8007,G2616,G2613,G8084,G8056,G2604,G2624,G8069"
112.30,23.90,0.30,0.27,46,"G8014,G8036,G8007,G2616,G8005,59270,G8033,G8020,G8022,G8070,G8025,G8061,G8019,G8001,G8072,G8077,G8073,G8076,G2623,G8074,G8100,G8075,G8023,G8084,G8079,G8016,G2615,G8071,G8010,G8013,G8021,G8078,G2624,G8031,G8032,G8051,GR009,G8080,G8002,G2614,G8058,G8085,G8069,G8037,G8083,G8004"
112.30,24.05,0.30,0.27,44,"G2615,G8021,G8007,G2616,G8014,G8031,G8010,G2614,59270,G8012,G8033,G8030,G8025,G8029,G8022,G8013,G8520,G8028,G8017,GR009,GR003,G8061,G8036,G2706,G8032,G8084,G8037,G8018,G8070,G8023,G8100,G8077,G2760,G8011,G8020,G8413,G8009,G8406,G8003,G8005,G8073,G2707,G8079,G8001"
112.30,24.20,0.30,0.27,39,"G8012,G8029,G8017,G8021,G8030,G8011,G2615,G8406,G8413,GR003,G8520,G8028,G2614,G2740,G8031,G2730,GR054,GR052,G8517,G8010,G8003,G8435,G8519,G8007,G2616,G8433,G8432,G8525,G2706,G8400,G8506,G8014,G2760,G8421,G8404,59075,G8009,G2761,G8013"
112.30,24.35,0.30,0.27,44,"G2740,GR052,G8011,G8433,G8435,G8432,GR054,G8406,G8421,GR055,G8413,G8017,G8012,G8425,G8517,G2730,GR047,G8427,G8029,G8431,G8404,G8030,G8513,G8430,GR003,G8402,G8521,GR048,G2763,G8519,G8028,G8418,G8420,G8520,G8003,G8021,G2761,G2742,59075,G2764,G8506,G2615,G2614,G8400"
112.30,24.50,0.30,0.27,56,"GR047,G8425,G8427,GR055,G8432,GR048,G8433,G8421,G8420,G2742,G8430,GR052,G8435,G8521,GR051,G2764,G2740,GR019,GR053,G8423,G8431,GR049,G8513,GR054,GR046,GR005,G8418,G2763,G2757,G2741,G8424,G8429,G8011,G8402,59074,G8338,G8426,G8404,G2733,G8406,59071,G8465,GR014,G8517,G8337,G8516,G8460,GR018,G8413,GR008,GR013,G8407,G8411,G2730,G8409,G8410"
112.30,24.65,0.30,0.27,61,"G8423,GR053,GR049,GR046,GR051,G2742,G2757,GR019,G8338,G8426,59071,G8429,GR014,G8420,GR013,GR018,GR048,G2733,G2741,G8460,GR047,G2764,G8427,G8411,G8465,G8425,G8428,G8410,G8464,G8446,G8430,59072,GR055,G8424,GR050,GR020,G8521,GR005,G8467,G8421,G8422,G8462,59074,G8409,G8432,G8452,G8433,G8516,G2731,G8403,G8416,G8469,G8415,G8401,G8442,G8513,G8418,G8431,GR052,GR008,G8435"
112.30,24.80,0.30,0.27,54,"G8464,G8428,GR013,GR050,GR014,59072,G8446,G8467,G8462,59071,G8426,G8338,GR018,G8422,G8460,G2752,G8411,GR046,GR049,G2757,G8443,G8423,GR053,G2733,G8410,G8429,GR020,GR016,G8465,G8403,GR019,G8442,GR051,G8449,G2741,G8468,G2731,G2742,GR017,G8453,G8452,G8416,G2756,G8415,G2750,G8420,GR021,G2764,G8463,G8447,GR015,GR048,G8469,G8409"
112.30,24.95,0.30,0.27,43,"G2752,GR016,G8449,G8462,G8443,GR017,G2756,G8467,GR015,G8463,G8453,G2750,G8422,GR050,G8464,59072,G8428,G8450,G8468,G8446,GR023,GR013,G8440,GR014,G8458,G8442,G8456,GR018,59071,G8403,G8454,G8426,GR020,G8338,G2758,G8411,G2751,G8460,G8410,G8451,GR021,GR022,G2731"
112.45,21.95,0.29,0.27,40,"GJ202,G6528,G2180,G6705,G6701,G2105,G6646,G6592,G6653,GQ012,G2108,G2156,G2160,G6520,GJ505,G2157,G6655,G2321,G6527,G6522,G2188,G6535,G6643,G6611,G6523,G6513,G2174,G6512,G6505,G2167,G2185,GQ019,G6652,G2122,G2327,G6745,GQ051,G6648,G6649,G6519"
112.45,22.10,0.29,0.27,59,"G6535,G2156,G2174,G6513,G6653,G6512,G2108,G6528,GJ505,G6646,G6505,G2160,G6643,G6657,G6745,G6624,G6523,GJ202,G2162,G6519,G6647,G2180,G6655,GJ203,G6649,G6539,G2188,G6515,G2170,G2167,G6510,G6648,G6747,G2166,G6514,G6538,G6520,G6705,G6701,G6652,G2327,G2105,G6642,G2173,G6511,G6644,G2164,GQ019,G6592,G2151,G6659,GQ012,GJ206,G2176,G6564,59477,GJ200,G2184,G2161"
112.45,22.25,0.29,0.27,72,"GJ203,G6657,G2162,G2166,G6510,G6539,G2170,G6511,G6644,G6624,G2174,G6515,G6647,G6535,G6513,G6538,G6512,G2173,G6747,G2164,GJ205,GJ204,G2109,G2176,G2165,G6514,G6656,G6505,G6519,G6745,G6641,G2156,G6533,G6537,G2163,G6649,G6626,G2151,G6642,G6502,G6564,59477,GJ505,G2108,G6532,G6643,G6653,G6523,GJ501,G2168,G6524,G6621,G6504,G6531,G6699,G2172,G6536,G2178,G2160,59475,GJ500,G6528,G6509,G6646,G6530,G6648,G6606,G6640,GJ504,G2177,G6655,G2167"
112.45,22.40,0.29,0.27,87,"G6656,GJ204,GJ205,G2165,G2109,G6626,G6511,G6644,G2166,G6504,G6641,G2172,G2173,G6620,G6510,G6537,G2164,G2176,G2178,GJ203,G6625,GJ504,G2170,G6531,G6532,G2175,G6623,G2107,G6538,G6502,G6621,G6539,G6657,G2162,G6747,G6515,GJ506,G6533,G6506,G6622,59475,G2177,G6624,G2163,G9267,G6647,GJ501,G6530,G6514,G3011,GJ507,G6699,G6509,GW207,G2168,G9261,G9363,G3060,GJ500,G6536,G6650,GW201,G6534,GJ503,G2174,G2151,G6564,59477,G6507,G6508,G9360,G6524,G6512,G6637,G6513,GW210,G3013,G6642,G6535,GW202,G2171,G3015,G6519,G9268,G2114,G6516,G3065"
112.45,22.55,0.29,0.27,92,"G6625,G2107,G6622,G6620,GJ506,G3011,G6506,G6504,GW201,G2175,G6637,G9267,G6623,G2172,G6626,GW208,G2114,GJ504,G3065,GW200,G7021,G9268,G6656,G9363,G7035,G2165,G2178,G3060,G3015,GJ204,GJ205,G9360,G7056,GE305,G6531,G2109,G6641,G3069,G6507,G6508,GJ507,G2140,G6621,G7031,G7030,GW209,G2214,G3062,G6532,G7028,GW212,GJ503,G2177,G7054,G9261,G6537,GW216,G6511,G6644,G7044,GE303,GE302,GE304,G3063,GW218,G9264,G6502,GE306,59475,G2166,G6638,G9361,GW210,GW213,G2176,G9265,G9262,G2173,GW207,G3066,G3013,G7029,G2164,G9260,G7034,G2171,G2118,G8262,G3067,G6530,G6510,G3010"
112.45,22.70,0.29,0.27,91,"GW200,G7035,GE305,G7056,G7031,GW208,G2214,G7028,G6637,G7054,GW209,GW201,GE304,G2114,G3065,G3011,G7021,G7030,GW212,GE306,G7034,G8262,G6622,G3069,G9361,GE302,G7044,G9268,G7050,GE303,G7029,GW216,G3066,GJ506,G2107,GE301,G6506,G8273,G6625,G9267,G2663,G2140,GE307,G3015,G8242,G3062,G9262,G6620,GW214,G9363,G7039,G7045,G8230,GE322,G2175,G9264,G9265,G3068,G3010,GW218,G9360,G8271,G3060,G3012,G8275,G9362,G6504,G6623,59470,G3063,G8259,G7055,GJ504,G8246,G3001,G6507,G6508,G7049,G8260,G2145,G8256,G2172,GE319,G8248,G2207,G7040,G7026,G8224,G9260,G8249,GJ507"
112.45,22.85,0.29,0.27,115,"G8262,G2663,G8273,G8230,G7034,G7050,GE304,G7028,G8246,G8260,G7054,G8242,G7031,G8256,G2214,G8224,G8275,GE301,GE306,G9361,GE305,GW209,G7056,G8271,G8248,G8285,G8249,G8270,G7029,59278,G7039,GW212,G8259,G7035,GE302,G7030,GW214,G8238,G3001,G3066,GW200,G8233,GE307,G7044,G8251,G8232,GE322,G8267,G2667,G8236,GE303,G2666,G8229,GW208,GE319,G8258,G2664,G8274,G8278,G3069,G2207,G7045,G2114,G2679,G8234,G8279,G6637,GW216,G3065,G8226,G7021,G7049,G3012,G8252,G2672,G2699,G8235,G2670,G3006,G2689,GE320,GW201,GE323,G7055,G8257,G2671,G7023,G2668,G9262,G3068,G2676,G8244,G3011,G2696,G9268,59470,G2686,G7032,G8265,G2693,G8277,G7026,G2698,G9362,G3005,G3010,G8284,GE325,G2140,GE321,G2695,G6622,G9209,G9265,G8250"
112.45,23.00,0.29,0.27,103,"G8270,59278,G8232,G2667,G2666,G8267,G8285,G8224,G2679,G8256,G8260,G2699,G2672,G8246,G8278,G8252,G2689,G2670,G2671,G8238,G2676,G2696,G8226,G8235,G2686,G8257,G8251,G8249,G8230,G2693,G2698,G8274,G2668,G2695,G8248,G8284,G8234,G2664,G8254,G2663,G8244,G8275,G2694,G8236,G8233,G2697,G8273,G8229,G8259,G8239,G8277,G8271,G8242,G8250,G8258,G8280,G2673,G8262,G3001,G2681,G7050,G7034,G8279,G8265,G8263,G7039,G8253,G7023,GE301,G9220,G3006,GE304,GE319,G2691,G2661,G8245,GW214,G3002,G2680,G7028,G9361,G7054,G8182,GE306,G3005,GE323,G2607,G2207,G7031,G8241,G2660,G2214,G2674,G7029,G9209,G8282,GE322,G8169,GE307,GE320,G8281,GW209,G3007"
112.45,23.15,0.29,0.27,97,"G8239,G2697,G8254,G2695,G2694,G2671,G2696,G2676,G2698,G2686,G2699,G8280,G2691,G2672,G2689,G2693,G2673,G2679,G2670,G2660,G8252,G8257,G2666,G2667,G2681,G8284,G8267,G2684,G8278,G8235,G8232,G2668,G8241,G8226,G2675,G2680,G2661,G2674,G8240,G8228,G2605,G2692,59278,G8270,G8255,G8244,G8285,G8274,G8238,G2606,G8251,G8224,G8268,G9220,G2607,G8250,G8256,G8234,G8227,G8260,G8246,G8263,G8282,G2664,G8277,G8182,G8167,G8249,G8272,G2651,G2682,G8243,G2687,G8192,G8236,G8276,G8253,G3002,G8248,G2688,G8166,G8195,G8203,G8172,G2662,G8233,G8230,G8283,G8169,G8247,G8261,G2683,G8229,G2659,59276,G8265,G8281"
112.45,23.30,0.29,0.27,91,"G8240,G2684,G2660,G2605,G8255,G8272,G2691,G2692,G2675,G8227,G8268,G8243,G8195,G8192,G8228,G8283,G8239,G2651,G8261,G8203,G8196,G8241,G8189,G2697,G8247,G8280,G2662,G8276,G8217,G2674,G2653,G2673,G2606,G8254,G2680,G2694,G8055,G8063,G2681,59276,G2622,G2661,G2695,G2659,G8206,G8225,G8172,G2698,G8052,G8208,G2696,G2656,G2658,G2686,G2676,G2671,G8204,G2604,G2693,G8197,G8209,G2687,G2689,G2699,G2607,G8284,G2672,G2655,G8257,G8223,G2670,G8167,G8194,G2679,G8059,G8154,G8252,G8211,G2682,G8057,G8216,G8221,G2668,G8235,G9220,G8282,G8278,G2666,G2667,G8193,G8155"
112.45,23.45,0.29,0.27,72,"G8055,G8063,G8052,G8189,G2604,G2653,G8196,G8195,G2622,G8272,G8283,G8059,G8057,G8217,G8261,G8243,G8192,G8227,G8203,G8240,G8062,G8255,G2605,G8247,G2651,G8208,G2684,G2662,G8268,G8066,G8065,G2692,59271,G8289,G8225,G8209,G8214,G2652,G8082,G2660,G8191,G8276,G2675,G8054,59276,G8053,G8212,G8228,G2626,G8081,G2691,G8204,G8206,G8085,G2656,G2659,G2658,G8067,G8215,G8211,G8197,G2606,G8241,G2655,G8080,G8198,G8051,G8200,G8172,G8202,G8177,G8056"
112.45,23.60,0.29,0.27,63,"G8066,G8065,G8062,59271,G8082,G2604,G8085,G8057,G8052,G8059,G8053,G8067,G8055,G8063,G2626,G8071,G8083,G8080,G8051,G2622,G8074,G2653,G8189,G8058,G8076,G8075,G2623,G8072,G8214,G8196,G8289,G2625,G8054,G2652,G8191,G8019,G8217,G8073,G8215,G8195,G8283,G8070,G8272,G8005,G8202,G8261,G8077,G8081,G8208,G8200,G8212,G8209,G8243,G8190,G8213,G8192,G8060,G8203,G8079,G8069,G8201,G8078,G8056"
112.45,23.75,0.30,0.27,45,"G8075,G2623,G8076,G8083,G8085,G8073,G8074,G8072,G8058,G8070,G8077,G8082,G8067,G8071,59271,G8065,G8066,G8079,G8019,G8100,G8061,G8078,G8069,G8005,G8062,G8080,G8051,G2624,G8053,G2625,G8084,G8036,G8033,G2626,G8057,G8020,G8059,G2604,G8064,G8014,G8001,G8052,G8013,G2616,GR009"
112.45,23.90,0.30,0.27,52,"G8061,G8100,G8084,G8077,G8033,G8079,G8078,G8073,G8070,G2624,G8013,G8075,G2623,G8014,GR009,G2616,G8069,G8076,G8072,G8064,G8058,G8019,G8074,G8083,G8007,G8036,G8005,G8333,G8031,G2706,G2615,G8071,G8085,G2760,G8020,G8330,G2707,G8067,G2625,59270,G8021,G8001,G8082,G8022,G8025,59271,G8065,G8051,G8080,G8520,G8066,G2726"
112.45,24.05,0.30,0.27,42,"G8031,G8013,GR009,G2706,G2615,G2616,G2760,G8033,G8520,G2707,G8084,G8030,G8021,G8014,G8007,G8525,G8333,G8330,G8061,G8100,G2624,G8012,G8017,G8079,G8064,G8077,G8078,G8519,G8506,G8070,G2725,G8073,G8069,GR059,59270,G2623,G8010,G8517,G8075,G8029,G8036,59075"
112.45,24.20,0.30,0.27,40,"G8520,G8030,G8017,G8519,G8525,G8031,G8517,G8506,G8012,G2706,G2760,GR059,59075,G2615,G2761,G2707,G8011,G8021,GR054,GR009,G8013,G2740,GR052,G8330,G8512,G8029,G2616,G8509,G8406,G2725,G8336,G8333,G2763,G8007,G8433,G8421,G8513,G8413,G8033,G8014"
112.45,24.35,0.30,0.27,48,"GR054,G8517,G8519,G2763,G8513,G2761,G8421,59075,GR052,G8017,G8011,G8433,G8506,GR055,GR059,G8521,G2740,G8337,G8030,G8432,G8520,G8509,G8012,G8427,G8525,G8435,G8419,GR058,GR047,GR048,G8336,G8514,GR005,G8425,G2708,G2764,G8406,GR008,G8518,G8528,G8529,G8512,GR057,G8031,G8523,G8413,G2706,G2760"
112.45,24.50,0.30,0.27,60,"G8521,G8513,G2763,GR005,G2764,G8421,GR055,G8427,GR048,G8337,GR047,GR008,G8516,G8433,GR054,G2742,GR051,GR019,GR052,G8425,G8419,GR007,G8523,G2708,G8432,G2762,GR058,G8517,G2757,G8465,G8514,G8469,GR049,G2740,G8423,G8420,G2761,GR053,G8452,G8526,G8435,59075,G8460,G8519,G8011,GR046,G8430,GR004,GR057,GR018,G8509,G8511,G8338,G2765,G8518,G8528,G8316,G8317,G8426,GR059"
112.45,24.65,0.30,0.27,68,"G8465,GR019,G2764,G2757,G8460,GR051,G8516,GR005,G8452,G8469,GR018,GR049,GR020,G2742,GR048,G2762,G8423,GR008,G8521,G8338,GR053,G8427,G8446,GR013,GR014,G8426,GR007,GR046,59072,59071,GR047,G2753,G8442,G8523,G8447,GR055,G8513,G8337,G8511,G2763,G8421,G8464,G8508,GR004,G8420,G8425,G8429,G8467,G8428,G2765,GR021,G2708,G8419,G2733,GR010,GR012,GR050,G2741,G8433,G8457,G8317,G8316,G8462,G8411,GR058,GR006,G8443,G8468"
112.45,24.80,0.30,0.27,56,"GR020,G8442,G8446,59072,G8460,GR018,G8465,G8467,G8447,G8468,G8452,GR021,G8443,GR013,G2757,GR014,G2753,G8464,G8338,G8469,G8462,G8426,G8457,GR019,59071,G8428,GR049,GR050,G2752,G8458,G8423,GR051,GR053,G8516,GR046,GR022,G8422,G2751,G2750,G2764,GR010,G2762,GR016,G2742,G8449,G8508,GR005,G8445,G8411,G8511,G8429,G2733,GR048,G8454,GR007,GR008"
112.45,24.95,0.30,0.27,46,"G8468,G8443,G8458,G2750,G2751,G8454,G8442,GR022,G8467,GR021,G2752,G8449,59072,G8462,G8446,GR016,GR023,GR020,G8445,G8457,G8455,G8441,G8450,G8447,GR015,G8464,G8463,G2756,GR018,GR050,G8460,GR017,GR013,G8428,G2753,G8456,G8444,G8422,G8448,G8465,GR014,G8453,G8452,G8338,G8426,59071"
112.60,21.95,0.29,0.27,35,"G6520,G2180,G2188,G2108,G2157,GJ505,G2122,G2153,G6523,G6705,G6701,G2106,G6522,G2105,G6528,G6612,G6592,G6505,G6773,GJ202,G6521,G6653,G6646,G6613,G2174,G2156,G2184,G2182,G6535,G6591,GQ012,G6529,G6527,59673,G6590"
112.60,22.10,0.29,0.27,51,"G6523,GJ505,G6505,G2108,G2188,G2174,G2184,G6624,G2106,G2151,G6520,G6612,G2180,G6535,G6539,G2170,G6538,G2156,G6773,G6528,G2152,G6513,G2153,G6653,G6525,G6606,G6524,G6512,G2173,G6533,G6774,59478,G6603,G6646,G2176,G6657,GJ203,G6613,G6521,GJ202,G6536,G2162,G2182,GJ501,G2122,G2160,G2166,GJ500,G6511,G6701,G6705"
112.60,22.25,0.29,0.27,70,"G6538,G6624,G2151,G6539,G2170,G6533,G2173,G2176,G6524,G6505,G6536,GJ501,G6502,G6606,G6537,GJ500,G2174,G6509,G2184,G6511,G6530,G6532,59475,G6523,G2166,GJ203,59478,G6534,GJ505,GJ205,G6657,G6525,GJ204,G2183,G6774,G6644,G6535,G2108,G2177,G6626,G2178,G2162,G6510,G6656,G6513,G2165,G2172,G2188,G6610,G2152,G6512,G2109,G2106,G6609,G6515,G6504,G6647,G2164,G6623,G6501,G6612,G2156,G2155,G2171,G6747,G6603,GJ507,G6604,G2150,GJ502"
112.60,22.40,0.29,0.27,82,"G6532,G6537,G6502,59475,G2178,G2177,G6530,G2176,GJ501,G2172,G6533,G6509,G6626,G2173,GJ500,G6534,G6623,G6536,G6538,GJ507,G6504,GJ205,G6524,G2171,G2170,GJ503,GJ204,G6511,G6656,G6620,GJ502,G6539,G6609,G2151,G2183,G6507,G6508,G6501,G2165,G6606,G2166,G6506,G6624,G6610,G2147,G6644,G6638,G6625,G6660,G2109,G2104,G6557,G2155,G2118,GJ203,G2107,G6622,G2110,G6510,59478,G6721,G6641,G6657,G3011,G6604,G6697,G2140,GW201,G2162,G2136,G2164,G6505,GJ506,G2175,G6774,G2174,G2146,G7021,G2184,GJ504,G6525,G2114"
112.60,22.55,0.29,0.27,101,"G6508,G6507,G6623,GJ507,G6506,GJ503,G2172,G6620,G2178,G6638,G2140,G6504,G2177,G7021,G2118,G6622,GW201,G2114,G2171,G6625,G3011,GJ502,G2147,G6532,G6626,59475,G2107,G2104,G2145,G2146,G6537,GE303,G6502,G6530,G6534,G6660,G7030,G7044,G6609,G6501,G6553,GW200,GE302,G7040,G6509,GJ506,G6697,G6637,G6656,GJ501,G6557,GJ500,GJ205,G2117,GJ204,GW208,G2176,G7035,G7029,G2165,GE306,G6536,G6533,G7045,G7054,GE305,G2175,G2212,GE307,G2173,G7025,G3065,G2136,G7031,G2183,G7056,G6610,G7028,G6511,G9267,G6552,GE304,G6721,G7055,G7038,GE322,GJ504,G2143,GE301,G7026,G2214,G2109,G2155,G6538,G6524,G6556,G7022,G9268,G2110,G7034,G7050"
112.60,22.70,0.29,0.27,101,"GE303,G7044,G7030,GE302,G2140,G7021,G7029,G2114,GE307,G7045,GE306,G2145,GE322,GE301,G7054,G7040,GW201,G7055,G7050,GE304,G7026,G7039,G7034,GW200,G7028,G7025,G7049,G7031,G3011,G6506,GE305,G8242,G7022,G6508,G6507,G2212,G2207,G7035,G8273,G7038,G6622,G2118,G7056,G6638,GE319,GE320,G2214,G2146,G6637,GW208,G7043,GE325,G7032,G8259,GJ503,G8262,GJ507,GE323,G6623,G6620,G2215,GW209,G6625,G7027,G2117,G6553,G2107,G3065,G2115,G2147,G8248,G2104,G8279,GW212,G8258,G2172,GE324,GE321,G6504,G8233,G7024,GJ506,G9361,G2663,G2171,G2178,G7019,GJ502,G6697,GE310,G7023,G3069,G9268,GE309,G2177,G6550,G8230,GE318,G8246,G6552,G6660"
112.60,22.85,0.29,0.27,129,"G7039,G8242,G8259,GE319,GE301,GE322,G2207,GE307,G7049,G7029,G7050,G8273,GE320,G8248,GE323,G8233,G8258,G7045,G8279,GE306,G7034,G7055,G7032,GE302,G7044,GE325,G7023,G7026,GE303,GE321,G7054,G7030,G2664,GE304,G8246,G8238,G7027,G7019,G8265,G7022,G8234,GE318,G7028,G8262,G8224,G8274,G7024,G8285,GE324,G7043,G7025,G7031,GE313,G2215,G8230,G8245,G8277,G7040,G2663,59278,GE310,G8260,G7038,G7020,G8256,GE305,G8226,G8244,GE309,G2214,G7021,G2140,G7042,G2114,G8270,G8253,G8278,G2212,G8250,GE311,G2145,G7056,G8267,GW200,G7033,G7035,GE314,GE312,G8263,G8257,G7053,G2670,G2667,GW209,G8232,G2205,G2666,GE315,G2679,GE317,G2689,G9361,GW201,G8264,G8275,G7041,G2693,GE101,GE308,G2115,G8249,G8281,G2676,GW212,G7048,G2699,GW208,G6823,G2698,G7046,G7037,G2672,G2671,G3011,GE316,G8271,G6637,G6550,G8231"
112.60,23.00,0.29,0.27,134,"G8234,G2664,G8274,G8244,G8277,G8238,G8233,G8226,G8250,G8265,G8258,G8248,G8253,G8279,G8263,G8278,G8257,G7023,G8245,G2670,G8259,G8285,G2693,59278,G2689,G8267,G2698,G8224,G8246,G2679,G2676,G8264,GE323,G8281,G7020,G2667,GE319,GE318,G2666,GE321,G8270,G2695,G2671,G2699,G8232,GE313,G2694,G8242,G2681,G2207,G7039,G7019,G2607,G8260,GE320,G2673,G8256,G2672,G7032,G8273,G2697,G7049,G2665,G2696,GE325,G2205,G8231,GE301,G8252,G7042,G2680,G2683,G2682,GE322,G8230,G7050,G8269,G2688,G7024,G2686,G7046,G7053,G7027,G2674,GE307,GE324,G7034,G2211,GE314,GE310,G7037,G8235,G2663,G7055,G2690,G8254,GE317,G7029,GE311,G7045,G2687,GE309,G7026,G8249,G8239,GE306,G2228,G8251,G6962,GE308,GE312,G2668,G8262,G2691,G6964,G2606,GE304,G6963,G8284,G2215,G7022,GE315,G7033,G7048,GE302,G7054,G6825,G6956,G6958,G7043,G8275,G7009,G7041,G7044"
112.60,23.15,0.29,0.27,130,"G2681,G2673,G2680,G2607,G2674,G2694,G2682,G2697,G2693,G2698,G2606,G8263,G8250,G8257,G8244,G2687,G2695,G2688,G2683,G2691,G2670,G2676,G8226,G2675,G2689,G8277,G8253,G8281,G8278,G2690,G8274,G2692,G2671,G8234,G8264,G2679,G8239,G2699,G2664,G8216,G8267,G2654,G6956,G2684,G2659,G8238,G2696,G8265,G2667,G2665,G2651,G2672,G8245,G8254,G8194,G8269,G2666,G8193,G8197,G2660,59278,G2686,G2658,59276,G8232,G6962,G8223,G8206,G8285,G8220,G7009,G8219,G2211,G8252,G8233,G8192,G8287,G8221,G2656,G2655,G8231,G8203,G2217,G8258,G7023,G8222,G8270,G6955,G7020,G7017,G8240,G8248,G8224,G8280,G8204,G8279,G6958,G8235,G8246,G6965,G2605,G2602,G8211,G8284,G8195,G7046,G2287,G2677,G7015,GE313,G2205,G6963,G2668,G8259,GE318,G6961,G8255,G8256,59279,G8260,G6825,G6957,G7018,G6959,G7016,G2291,G6966,G8217,G8241,GE321"
112.60,23.30,0.29,0.27,101,"G2651,G2692,G2606,59276,G2675,G2659,G8192,G8203,G8206,G2658,G2674,G8197,G2656,G8204,G2680,G2655,G8223,G8194,G8195,G2687,G8217,G2691,G8216,G8221,G2684,G8208,G8211,G8193,G8196,G8222,G8209,G2681,G2673,G2654,G2682,G8219,G2607,G8189,G8198,G8287,G2653,G8240,G2688,G2660,G2697,G2690,G2694,G8063,G2683,G8212,G8272,G6956,G2605,G2602,G8220,G6945,G8255,G8239,G2652,G2677,G8289,G2695,G8191,G2601,G2698,G8227,G2693,G8214,G8283,G6955,G2291,G8199,G8055,G8263,G2676,G8257,G8243,G7017,G7009,G2287,G8254,G8250,G6965,G8268,G8052,G8281,G8228,G2220,G2689,G2670,G7011,G2671,G8244,G2217,G6951,G6962,G8057,G8261,G8280,G8226,G8200"
112.60,23.45,0.29,0.27,87,"G8217,G8208,G8209,G2653,G8196,G8189,G8289,G2652,G8191,G8063,G8212,G8203,G8214,G8195,G8192,G8204,59276,G2651,G8057,G2656,G8206,G8211,G8198,G8199,G2658,G8200,G8052,G2655,G8215,G2659,G8197,G8202,G8055,G8223,G2604,G8221,G2692,G8062,G8053,G8194,G8222,G6945,G2675,G8272,G8205,G8193,G2606,G8207,G2220,G8190,G8216,G2684,G8240,G8219,G8287,G8283,GR066,G8059,G2601,G2622,G8213,G2720,G8067,G2674,G8066,G8201,G2224,G2691,G2654,G8065,G2687,G8082,G2602,59271,G8227,G6939,G2605,G8243,G8255,G2299,G2680,G8261,G6941,G2660,G6967,G6944,G2677"
112.60,23.60,0.29,0.27,70,"G8053,G8215,G8214,G8057,G8062,G8067,G8289,G8202,G2652,G8191,G8200,G8190,G2625,G8213,G8201,G8212,G8082,G8063,G8083,G8066,G8052,G8205,G8065,G8199,GR066,59271,G2653,G8085,G2604,G8058,G8209,G8189,G8208,G2720,G8217,G8196,G8055,G8059,G8195,G8207,G8198,G8203,G6941,G8075,G8069,G8192,G6939,G8204,G8211,G2224,G2623,G2656,59276,G8322,G8074,G8076,G8071,G2726,G6967,G8321,G2622,G8206,GR067,G2220,G8078,GR065,G2651,G8073,G8335,GR070"
112.60,23.75,0.30,0.27,55,"G2625,G8058,G8083,G8067,G8069,G8053,G8078,G8079,G2624,G2726,G8201,G8075,G8213,G8085,G8100,G8073,G8077,G8064,G8190,G8082,G8062,G2623,GR065,G8066,G8076,G8065,G8084,G8215,59271,G8070,G8061,G8202,G8072,G8074,GR071,G8057,GR066,G8335,G2722,G8214,G8200,G8205,G2720,G8322,G8071,G8289,G8191,G2652,G8331,G8019,G8033,G8333,G8321,G8013,GR009"
112.60,23.90,0.30,0.27,42,"G8064,G2624,G8069,G8078,G8084,G8079,G8333,G8100,GR009,G8013,G2726,G8077,G8058,G8061,G8330,G2722,G8073,G8033,G2625,G8083,G8075,G8070,G2707,GR071,G2706,G2760,G2623,GR065,G2725,G8067,G8076,G8072,G2616,G8323,G8031,G8324,G8014,G8331,G8074,G8085,G8332,G8335"
112.60,24.05,0.30,0.27,38,"G8330,G8333,G2707,G2760,G2706,GR009,G2725,G8013,G8064,G8525,G8084,G8031,G8325,G2624,G8520,G8324,GR063,G8506,G8512,G8078,G8033,G8069,G8079,G8100,GR059,G2722,G8030,G8519,G2616,G8061,G2615,G8077,59075,G2726,G8332,G2761,G8017,G8014"
112.60,24.20,0.30,0.27,38,"G8525,G8506,GR059,G8512,59075,G2707,G8519,G2760,G2761,G2706,GR063,G2725,G8520,G8509,G8330,G8336,G8517,G8325,G8030,G8017,G8031,G8333,GR068,G8554,GR009,G8529,G8518,G8013,G8324,GR044,G8528,GR054,G8514,G8012,GR057,G2615,GR058,G2763"
112.60,24.35,0.30,0.27,50,"G2761,G8509,59075,G8336,GR059,G8514,G8506,G8529,G8518,GR058,G8519,G8528,G8517,G8419,G8337,G2763,GR057,G8512,G2708,G8513,GR054,G8526,G8525,G8554,G8507,G8523,GR063,GR008,GR068,G8521,G8017,G8520,G8421,GR044,GR007,GR005,GR056,G8030,G2707,G2760,GR052,GR055,G8316,G8317,G2706,G8516,G2762,G2725,G8011,G8433"
112.60,24.50,0.30,0.27,54,"G8337,G8419,G2708,GR058,G8523,GR008,GR007,G8514,G8526,G2763,GR005,G8513,G2762,G8516,GR057,G8316,G8317,GR004,G8528,G8518,G8521,G8507,G2765,G8529,G8511,G8509,G2764,GR006,G8469,G8336,G2761,G8508,59075,GR056,G8421,GR012,G8452,G8517,G8515,GR048,G2766,GR054,GR055,G8427,GR059,G8519,GR019,G8465,G8506,G8554,GR051,GR047,G2753,G8433"
112.60,24.65,0.30,0.27,54,"G2762,G8469,G8516,G8511,GR007,G8452,GR004,G8508,GR008,G2765,G8523,G2753,GR012,GR005,G8316,G8317,GR006,GR010,G8515,G8447,G8465,G2708,G8337,GR011,G2764,GR020,G8419,G8526,GR058,G8460,GR019,G8521,G8457,G8442,GR021,G2757,G2763,G8513,G8514,GR018,GR051,G8507,GR057,G2767,GR048,G8446,GR049,G2742,G8427,G2766,59072,G8528,G8510,G8518"
112.60,24.80,0.30,0.27,47,"G8447,G2753,G8457,GR021,GR010,G8442,G8452,G8469,GR020,G8508,GR011,G8511,G8468,GR012,G8448,G8465,G8445,GR022,G2762,G8458,G8460,G8516,G8515,G2767,GR004,G2751,G8446,G2765,59072,GR018,GR006,GR007,G8443,G8500,G8467,G8441,GR008,G2757,G8316,G8317,G8523,GR019,G8501,GR005,GR013,G8444,G8454"
112.75,21.80,0.29,0.27,31,"G6590,59673,G2122,G6709,59672,G6618,G6591,G2153,G2157,G6708,G6704,G6608,G6521,G6710,G6503,G6520,G6522,G6529,G2154,G6613,G6707,G6703,G2186,G2182,G6773,G2187,G6526,G2106,G2188,G6612,G2180"
112.75,21.95,0.29,0.27,41,"G2153,G6521,G6773,G2106,G6613,G6612,G2122,G2182,G6529,G2188,G6520,G6608,G6523,G6708,G6704,G6603,G2152,G2157,G6590,G2180,G2187,G2186,GJ505,G2184,G6607,59673,G2108,G6707,G6703,G6709,G2181,G6615,G6771,G2158,G6505,G6522,G6772,G6618,59672,G6525,G6591"
112.75,22.10,0.29,0.27,45,"G2106,G6612,G2184,G2152,G6773,G6603,G6525,G6523,G2188,G6613,G6774,G2182,G6521,59478,G2153,G6605,G6505,G2151,G6606,GJ505,G6607,G6529,G2108,G2181,G6615,G6524,G6520,G2150,G6772,G6771,G6770,G6624,G6536,G2174,G6533,G2191,G2122,G6538,G2180,GJ500,G6539,G2183,GJ501,G6604,G2170"
112.75,22.25,0.29,0.27,67,"G6606,59478,G6774,G6525,G6524,G2151,G2184,G6536,G2183,GJ500,G2152,G2150,GJ501,G6509,G6533,G6610,G6604,G6605,G6603,G6530,G6534,G2155,G6502,G6538,59475,G2110,G2176,G6624,G6505,G6609,G2173,G6501,G6537,G6612,G2106,G6523,G6539,G2170,G6532,G6721,G2177,G6773,G6557,G2138,G2171,GJ502,G2188,G6660,G2181,G2190,G6724,GJ505,G6770,G2178,G6613,G2174,G2182,G6615,G6558,G6607,G2136,G2191,G6772,G2103,GJ101,GJ102,G2108"
112.75,22.40,0.29,0.27,77,"G2183,G6534,G6609,G6610,G6501,G6530,G6509,G2155,GJ500,G2171,GJ502,G6536,G6557,G2110,GJ501,59475,G6660,G6721,G2177,G6524,G6604,G2147,G6606,G6502,G6532,G2104,GJ503,G2136,GJ507,G6533,G6537,59478,G6697,G2178,G6638,G2151,G2103,G6508,G6507,G6556,G2176,G2118,G2150,G6774,G6623,G2172,G6558,G6525,G6553,G6724,G2173,G6538,G2137,G2146,G2135,G2138,G2143,G6552,G6626,G2130,G2170,G2141,G2184,G2117,G6504,G6539,G2192,G6605,G6720,G6624,G6620,GJ105,G6554,G6506,G2152,G6511,GJ205"
112.75,22.55,0.29,0.27,89,"G2104,G2147,G2118,G6638,G6697,G2146,G6660,G6553,GJ502,GJ503,G2171,G6507,G6508,G6557,GJ507,G2117,G6501,G6609,G2136,G6552,G2143,G2145,G6556,G6721,G2177,G2140,G6534,G7040,G2141,G2110,G6610,G6623,G2212,59475,G2155,G2135,G6530,G2178,G2103,G2183,G6509,G6532,G7025,G2172,G2115,G7038,GJ500,G6506,G2137,GJ501,G6543,G6502,G7021,G6536,GE303,G6604,G6537,G6540,G7022,G6620,G6558,G2192,G2114,G6504,G2195,G7044,G7026,G6550,G7045,G2125,G7043,G2142,G7055,G6551,G6626,GW201,G7030,G6724,GE302,G6533,G6524,G2130,G2144,59476,G6560,G6622,G2215,GE307,G3011"
112.75,22.70,0.29,0.27,116,"G7040,G2212,G2145,G7025,G7038,G7022,G2115,G2146,G2117,G7026,G7043,G7055,G6553,G7045,G2215,G2140,G2118,G6550,GE303,G6638,G7049,GE322,GE307,GE325,G7027,G6552,G7044,G2144,G6697,GE320,G2142,G7032,G2143,G6551,G2207,GE324,G2104,G6507,G6508,GE302,G7029,G7024,G2147,GE309,GE310,G7030,G7033,GE319,G7039,GJ503,GE323,G7021,GE101,GE301,G7019,GE306,GE311,GE321,G6823,G6660,G6559,G2141,GE312,GE315,G2114,G6562,GJ507,G7041,59473,GJ502,G6556,G6543,G2113,G2171,G7036,G2136,G8242,GE318,GE316,G6818,G7050,G2116,G6661,G6557,G7042,G8259,G7054,G8279,GE314,GE313,G2257,G6506,G2135,G6540,G7048,GW201,G6824,G7034,G7023,GE308,GE317,G6930,G6501,G2125,G6861,G8258,G6609,G6623,GE304,G7053,G2265,G6822,G8273,G2148,G2258,G2195"
112.75,22.85,0.29,0.27,139,"G7027,GE325,GE324,G7032,G7024,G2215,GE310,GE320,G7019,GE321,G7043,GE309,GE323,G7022,G7026,G7049,G2207,G7055,GE318,GE311,G7033,GE319,GE312,GE313,G7042,G7038,GE315,G7025,GE314,GE101,G7041,GE322,G7023,G8279,G7045,G6823,G7053,GE317,G7020,GE308,G7048,GE316,G2212,G7039,G8258,GE307,G7040,G2115,G7036,G8259,G2205,G6550,G6822,G8265,G8245,G2258,G8233,G2144,G7037,G6824,G6818,G7029,G7046,GE301,G8242,G2228,G2113,G2145,GE303,G6930,G8248,G2664,G7044,G6551,G7069,GE302,G8231,G2142,G8253,G7068,G8277,G8234,G6820,G6845,G7050,G8264,GE306,G6964,G6559,G6868,G6861,G6827,G8273,G7030,G6864,G2265,G2257,G6819,G8281,G8250,G2117,G2140,G2255,G6661,G8263,G8274,G7034,G2665,G8238,G6562,G2264,G8244,59473,G2146,G6963,G2211,G6825,G6821,G8269,G6929,G6808,G7054,G2254,G2263,G6863,G6553,GE304,G6856,G2148,G6811,G6907,GE210,G6931,G8246,G8226,G2225,G2116,GE027,G7021"
112.75,23.00,0.29,0.27,181,"G7020,G8245,G2205,GE313,G8264,G8231,G7046,GE318,G8253,G8265,G7053,G8281,G7042,G7037,G7023,G2665,G7019,GE321,GE314,GE317,G2228,G8277,G8269,G8263,G2211,G6964,G8279,G8250,GE308,GE311,G8258,G6963,G7024,GE323,GE310,G7048,G6825,GE312,GE324,G8234,G2664,G7032,GE309,GE315,G6822,G7027,G8244,G8233,G6958,G2255,G7041,G6962,GE325,GE320,G7033,G2683,GE319,G6827,G2254,GE316,G7068,G2258,G8274,G2207,GE101,G8259,G6823,G7009,G2688,G6865,G2690,G2607,G6828,G2217,G2682,G7049,G8248,G6957,G2215,G6820,G7036,G2271,G7069,G6824,G8226,G8238,G6929,G6961,G7018,G6956,G7043,G7017,G6808,G6868,G6826,G6959,G7039,G7015,G8257,G6960,G7026,G7006,G7055,G6821,G6955,G2273,G7022,G7058,GE322,G7016,G2264,G6845,G8278,G2681,G2693,GE017,G2687,G6930,G6818,G6842,G6849,59279,G7014,G3200,G2670,G7061,G8242,G6965,G2225,G8220,G2285,G2680,G2698,GE018,G6802,G6866,G6850,G7013,GE027,G7045,G2673,G6864,G8285,G7065,G2689,GE307,G6966,G7038,G2654,59278,G6811,G2287,G2113,G2674,G7025,G2289,GE026,G2694,G6851,G2676,G6812,GE301,G2263,G6809,G8246,G7062,G6819,G8267,G6844,G8224,G6838,G6550,G2679,G2695,G6954,G2267,G8273,G6953,G8216,G6801,G2202"
112.75,23.15,0.29,0.27,176,"G2683,G2690,G2688,G6956,G2682,G6962,G8269,G7009,G2665,G8281,G2217,G2607,G2211,G2687,G7017,G8264,G6955,G8220,G2654,G6958,G8263,G6965,G7015,G6961,G8231,G8216,G6957,59279,G7018,G8253,G6959,G2287,G7016,G6963,G6825,G6966,G7006,G2285,G8250,G6960,G8219,G8287,G2680,G8193,G6828,G2674,G8194,G2606,G6953,G7046,G2677,G2291,G8245,G6964,G2681,G8277,G2602,G7014,G7013,G2289,G6954,G6850,G7011,G8222,G6933,G6842,G7020,G8223,G6865,G2205,G8244,G2254,G2659,G8221,G7037,G8197,G2286,G2673,G8265,G6952,G2288,G7001,G2228,G2658,G2255,G7065,G7061,G2655,G2297,G6843,G2290,G6951,G2271,G8234,G6934,G8206,G2273,GE313,G7053,G6839,G2656,G8274,G7062,G7023,G2664,G8257,59276,G2693,G2601,G2694,GE318,G8226,G7042,G6827,G6866,G8204,G2675,GE317,G7058,G6832,G2698,G8211,GE314,G6862,G2692,G2697,G6950,G6938,G6838,G2296,G2651,G6826,GE308,59288,G2670,G7012,G8279,G6945,G8258,G6840,G7068,G2695,G2218,G7019,GE321,G2691,G6929,G8278,G6948,G6935,G7048,G2210,G6849,G2689,G2676,G8233,G8198,G7064,G6822,G7002,G7003,G8238,G6949,G6844,GE017,G2267,GE311,G6944,G6802,G8203,G6867,G6808,G7005,G2298,GE312,G2258"
112.75,23.30,0.29,0.27,154,"G8193,G8219,G8222,G8287,G8194,G8221,G8216,G8223,G2654,G2655,G8197,G2602,G2658,G2659,G2677,G8211,G2656,G8220,G8206,G8204,G2601,G6945,G2687,G2291,G8198,G6956,59276,G7011,G6951,G2287,G2690,G6955,G2606,G2688,G6965,G2682,G7017,G6938,G2290,G6953,G2683,G6944,G6966,G2286,G2651,G7009,G2210,59279,G7003,G2220,G2217,G8209,G8208,G2674,G6934,G2297,G2288,G7015,G2607,G8203,G2285,G6948,G6946,G6933,G6954,G2680,G7016,G2296,G6962,G6952,G6961,G6959,G8192,G8212,G2289,G2298,G2692,G7018,G2227,G6935,G7006,G6947,G2675,G2299,G7013,G6937,G6960,G8217,G7001,G8199,G2218,G6957,G6949,G6936,G8269,G7012,G7014,G6843,G6958,G6850,G7010,G6942,G8207,G2681,G2665,G7004,G7008,G2294,G2211,G8191,G2652,G8281,G8195,G6950,G8196,G2224,G2673,G6842,G7000,G8289,G6828,G6943,G3119,G6862,G8264,G7005,G2292,G6839,G7065,G2691,G8214,G8263,G6840,G8200,G2216,G2653,G3253,G6967,G6939,G8189,G6963,G7002,G6825,G3409,G7061,G3252,G2293,GR032,G8231,G2684,G6832,G8250,G7062,G8253"
112.75,23.45,0.29,0.27,114,"G8199,G8198,G8212,G6945,G2220,G8211,G8207,G8209,G8191,G8200,G2652,G8208,G8204,G2224,G8289,G2299,G2655,G2601,G2656,G8214,G8221,G8202,G6939,G8222,G8205,G8206,G8223,G2658,G6967,G8215,G6942,G8197,G6944,G6937,G7008,59276,G2227,G6941,G2720,G2659,G8194,G8193,GR066,G8219,G8287,G2602,G6946,G8217,G7003,G6938,GR067,G2210,G8203,GR032,G7000,GR070,G2677,G7004,G8190,G6951,G8216,G2651,G8196,G8192,G7010,G6943,G8213,G6948,G2654,G2653,G6947,G2291,G8201,G3409,G7011,G2290,G8189,G6936,G2298,G8195,G8063,G2703,G8220,G2296,G3119,G8057,G2606,G6934,G2687,G2286,G6935,G2287,GR033,G2297,G8053,G6953,G3126,G6949,G6956,G2692,G2294,G8320,G8313,G8321,G2288,G6965,G6955,G2218,G3252,G3253,G6966,G2675,G6933,G6952"
112.75,23.60,0.29,0.27,70,"GR066,G8205,G8190,G2720,G8202,G8213,G8201,G8215,G8200,G8199,G6941,G8207,G6939,G8214,G8191,G2652,G8289,GR067,GR070,G2224,G8321,G8212,G6967,G8322,G2625,G8053,G8335,G8320,G2220,G2299,G8209,G7008,GR032,G6942,G8313,GR065,G8198,G2703,G8208,G8067,G6937,G8057,G6945,G8334,G2227,G8211,G8062,G7000,G2726,G8217,G8204,G8331,GR071,G7004,G6944,G8083,G2653,G8063,G2601,G2656,G3409,GR069,G8058,G2655,G6946,G8196,G8189,G6943,GR033,G8206"
112.75,23.75,0.30,0.27,50,"GR065,G2726,G8335,G8201,G8213,GR071,G8322,G2625,G8190,G8331,G8321,GR066,G2722,G2720,G8323,G8205,G8328,G8202,G8069,G8215,GR069,GR064,G8058,G8067,G8334,G8200,G8053,G8320,G8083,G8064,G6941,GR070,GR067,G8326,G8078,G2624,G8313,G2701,G6939,G8214,G8199,G6967,G8207,G8079,G2723,G8191,G8327,G8289,G2652,G2224"
112.75,23.90,0.30,0.27,39,"G2722,G2726,GR071,G8323,GR065,G8064,G8331,GR064,G8332,G8326,G8333,G8069,G8328,G8335,G8324,G8330,G2624,G2724,G2725,G2625,G8078,G2723,G8322,GR069,G8325,G8084,G8079,GR009,G8329,G8058,G8201,G8555,G8100,G8321,G8213,G2707,G8013,G8083,G2760"
112.75,24.05,0.30,0.27,37,"G8324,G2725,G8325,G8330,G8332,G8333,GR063,G2722,G2707,G8555,G2724,G8064,G2774,G2760,G8512,G8326,G2706,G8323,GR064,GR068,G8543,G8525,GR009,GR071,G2726,GR043,G2721,GR044,G8013,G2624,G8331,GR059,G8506,GR065,G8084,G8554,G8069"
112.75,24.20,0.30,0.27,36,"GR063,G8512,GR068,G8325,GR044,G2725,G8554,G2774,G8324,G8336,G2721,G8543,G8509,GR059,G8525,G8506,G8330,G8529,G2707,59075,G8555,G2761,G2760,G8518,G8528,G2706,G8333,G2770,G8519,G8332,GR057,G8514,G8566,G2724,G8507,GR043"
112.75,24.35,0.30,0.27,46,"G8529,G8554,G8518,G8528,G8336,G8509,GR057,GR068,GR044,G8507,G8514,G8512,GR056,GR058,G8526,GR063,G8419,G8564,GR059,G2761,G2708,59075,G2721,G2770,G2766,G8506,G8524,G8337,G8543,G2774,G8325,G8523,G8316,G8317,G8519,G8525,G2763,G8517,GR035,G2725,GR007,G8542,GR008,G2765,G8510,G8513"
112.75,24.50,0.30,0.27,48,"G8507,G8526,GR057,GR056,G2766,G8316,G8317,G2708,G8528,G8514,G8518,GR058,G8419,G2765,G8523,G8529,GR006,GR004,G8524,G8564,GR007,G8510,G8337,G8515,G8511,GR008,GR012,G2762,G8336,G8509,G8554,G8508,G8516,GF706,G2770,G2763,GR044,GR005,G8513,GR011,G8542,G2761,GR068,G8469,59075,G4555,GF701,GR010"
112.75,24.65,0.30,0.27,44,"G8515,GR006,GR012,G2765,GR004,G8511,G8316,G8317,G8508,GR011,GR010,G8510,G2762,GR007,G2767,G8523,G8526,G2766,G2753,G8469,GR008,G8500,G8507,G2708,G8516,G8524,GF706,GR056,G8452,G8419,GR058,GR057,G8447,G8514,G8337,G8501,G8457,G4555,G8564,G8528,GR005,G8518,G4540,GF705"
112.75,24.80,0.30,0.27,39,"GR011,GR010,G2767,G8500,G8508,GR012,G8501,G8457,G8515,G8448,G2753,G8447,G8511,GR006,GR021,G2765,G8502,GR004,G8445,G8503,G8469,G8452,G8316,G8317,GR022,G2762,GF705,G8504,G8442,G8510,GR007,G4545,G8505,G8444,GF706,G8441,GR020,G8516,G2751"
112.90,21.95,0.29,0.27,44,"G6529,G2182,G6521,G6613,G2187,G2186,G6608,G6703,G6707,G6708,G6704,G2158,G6607,G6773,G6771,G2153,G6615,G2181,G6772,G6612,G2106,G6603,G6770,G2152,G2122,G1225,G6590,G2191,G3982,G3983,G6605,G1235,G1234,59673,G6709,G1208,G2188,G2111,G3999,G1269,G2184,59672,G6618,G6520"
112.90,22.10,0.29,0.27,65,"G2181,G6603,G6607,G6615,G6772,G6771,G6770,G6605,G2152,G2182,G6613,G6773,G2191,G6612,G6525,G6529,G6774,G2106,G6521,G2158,G2150,G2111,G2184,59478,G2190,GJ106,G1225,G2187,G1269,G6698,G2186,G2153,G1202,G2193,G1268,G3966,G3982,G3983,G6702,G6706,G6707,G6703,GJ100,G2134,G1208,G6608,G6606,GJ101,GJ108,G6704,G6708,GJ102,G3958,G2120,G6604,G2188,G2138,G1254,G6523,G1235,G1234,G3954,G3986,GJ103,G6722"
112.90,22.25,0.29,0.27,87,"G2150,G6605,G6774,G6604,59478,G6525,G2190,G2138,GJ101,G6603,GJ108,GJ102,G2152,GJ100,G2134,G2191,G6770,GJ103,GJ104,G6606,G2155,G6724,GJ107,G2110,G2181,G6610,G2183,GJ105,G6500,G6698,GJ106,G6702,G6706,G6615,G6720,G6722,G6772,G2120,G2184,G6558,G2193,G6607,G2111,G6771,G6721,G6546,G6524,G1268,G2130,G6593,G2103,G6536,G2133,GJ500,G1202,G2151,G2137,G6609,G6612,G6501,G6554,G6509,G3966,G3954,G6534,G6557,G2132,G1269,G6773,GJ501,G3958,G2112,G2182,G2106,G3967,G6530,G6613,G2136,G2192,G1225,G2194,G6660,G6517,G6533,G6518,G3957,G1254"
112.90,22.40,0.29,0.27,97,"G2110,G6558,G6724,G6604,G6721,G2103,G2155,G2138,G2137,G6610,G2130,G2136,G6557,G6720,G6556,GJ105,G2135,G2192,G6554,G6501,G2183,G2150,G6546,G6609,GJ104,G6660,G6500,GJ103,GJ102,GJ107,GJ101,G2194,GJ108,G2132,G6697,G2197,G2141,GJ502,G2104,GJ100,G6534,59476,G6560,G2134,G2147,G2190,G2143,G2171,59478,G6722,G6593,G6552,G2133,G6606,G2195,GJ500,G6774,G6509,G6555,G6536,G6530,G6605,G6517,G6553,G6540,G2127,G2198,G6524,G6525,GJ501,G2120,G6542,G6543,G2101,59475,G2125,G6706,G6702,G2177,G6638,G2118,GJ503,G2146,G2117,G6518,G2131,G6698,G2112,GJ507,G1257,GJ106,G2193,G6502,G2191,G6533,G2151,G6532"
112.90,22.55,0.29,0.27,96,"G6556,G2141,G2143,G2135,G6552,G2136,G6697,G2103,G6543,G6540,G6553,G2137,G2195,G2192,G2117,G2125,G6557,G6721,G6660,G2104,G6560,59476,G2146,G6558,G2147,G6555,G2130,G2197,G2110,G6554,G2101,G6542,G2118,G6501,G2129,G2194,G6724,GJ502,G6609,G2155,G2127,G6638,G2171,G6541,G2142,G6544,G2126,G2115,G6610,G2116,G6551,G6720,G6562,G6546,59473,G2128,G2212,G6604,GJ503,G2145,G2132,G6700,G6550,G2138,GJ105,G2144,G6508,G6507,G6559,G2183,G7040,GJ507,G7038,G6534,G7025,GJ104,G2198,G2196,G6500,G6661,G2124,G6517,GJ103,G2123,G2177,G2131,GJ107,G6910,G2148,G2064,G6530,G2055,GJ102,G2140,G7043,GE233"
112.90,22.70,0.29,0.27,140,"G2142,G6551,G2115,G6550,G2144,G6562,59473,G6559,G2116,G2117,G6543,G6552,G6661,G2212,G2143,G7038,G2126,G2141,G2113,G2125,G2257,G6540,G6553,G2148,G7025,G7043,G2146,G2215,G6861,G6541,G6818,G2265,G2195,G2129,G7040,G7022,G6856,G6697,GE101,G7036,G6823,G2145,G7057,G7033,G6556,G6930,G2135,G6700,G2241,GE309,G7041,G6824,G6819,G6910,GE316,G7026,GE227,G6907,GE315,G6544,G2118,G2128,GE324,GE233,G7027,GE310,GE312,GE208,G2101,G2104,G7024,G6542,59476,G6560,G2136,GE311,G6864,GE209,GE210,G6845,G7055,G2235,G6555,GE325,G6906,GE231,G2258,G6638,G2147,G7048,G2192,G2237,G6931,G6822,G6863,G7069,G6660,GE212,G7032,GE308,G2137,G2103,G7045,G2127,G2124,GE228,GE314,G7049,G6868,G6919,G6557,G2208,G2263,G2197,GE320,GE229,GE317,GE232,G6920,G7019,G6820,G7042,G2140,GE236,G2055,G6216,GE321,G2207,G6721,GE230,G2264,GE322,G7053,G6811,GJ502,G2226,G6508,G6507,G7068,GE323"
112.90,22.85,0.29,0.27,212,"G7036,G6823,GE101,G6818,GE316,G6824,G2113,G7041,G6930,G7033,GE315,GE312,G2258,G6861,G2144,G7048,G6822,GE309,G6845,GE311,G2265,G7069,G6819,G6550,G6864,G2257,GE308,GE310,G6559,G6820,G6868,G6661,GE314,GE317,GE324,G6551,G2215,G7024,G2142,G7068,G6907,G7042,G6856,GE210,G7053,G6863,G2264,G7043,G2115,G2263,G7027,G6931,G2148,G6562,59473,G7057,G6811,G6821,G2228,G6827,G7019,GE209,G6906,G7037,G7038,G6808,G2226,GE208,G2241,GE325,GE027,G2205,G7022,G2225,GE313,G6929,G2116,GE028,GE318,GE020,GE321,G7032,GE218,G2212,G7025,G7046,G3200,G2255,GE212,G6809,G7026,G2202,G6964,G7020,G2208,GE017,GE026,GE320,GE018,G6908,GE240,GE323,G6826,GE219,G6803,G7055,GE227,G6801,GE236,G6925,G6810,G2254,G7049,G2235,G2126,G6849,G6802,GE235,G8231,G6807,GE019,GE220,G7040,G2207,G6812,G2271,G6919,G6851,GE005,G6905,G6804,G6825,G7023,GE217,G6909,G6963,GE006,GE025,GE014,G6917,GE233,GE319,G7058,G6814,G8245,GE013,G2204,GE012,G2234,G6865,G6910,GE015,G2117,GE008,GE029,GE011,GE234,G8279,GE009,G6920,G6805,G7045,GE214,G2239,G6543,GE007,GE322,G6541,GE024,G8265,G2273,G2145,G2221,GE205,G2211,GE229,G6806,GE010,G6844,G2270,G2238,GE016,G2665,G8258,GE001,G2201,G6700,G8264,G2237,GE230,GE023,GE228,GE237,G6552,GE031,GE032,GE030,G2125,GE204,G2267,GE231,G6866,G8269,GE002,G2129,G6800,G6958,G2143,G6828,GE307,G2146,G6540"
112.90,23.00,0.29,0.27,261,"G6827,G2255,G2228,G7068,G6964,G7037,G2254,G6929,G6820,G6822,G7046,G6808,G6825,G2271,GE308,G2258,G6826,G6963,G6821,G7048,G7069,GE317,G6865,G2205,G7053,GE017,G6868,G3200,G2264,GE314,G6849,G7058,G8231,G2225,GE018,G6802,GE027,GE316,G2273,G6824,G7042,G7041,G6845,GE026,GE315,G6828,G2211,GE312,G6809,G6812,G6958,G6811,G6851,GE311,G7036,G6823,G6866,G6801,G2263,G2202,G6864,G6844,GE101,GE005,GE020,G6810,G2665,G6930,G7061,G8269,G7020,G6957,GE313,GE006,GE028,G2267,G7033,G2226,G2270,GE007,GE008,G6818,GE309,GE025,G6842,G6863,GE019,G6819,GE310,G6838,GE009,G7018,G6962,G6803,G6807,G6960,G6931,G7065,G8264,G7062,GE318,G6961,G2204,G7006,G6867,G7014,G2221,G7024,GE010,G6814,GE240,G7019,G6959,GE324,GE014,GE011,GE024,G6850,G2217,GE218,G8245,59288,G8281,GE012,G7009,GE210,G2113,GE013,G7015,GE023,G7016,G6833,G6861,G7013,GE321,G6832,GE022,G6804,G2265,GE015,G6800,G6839,GE219,G6907,GE001,GE220,G2285,G7027,59279,GE029,G2201,G2234,G6813,G2280,G7017,G2289,G6909,G8253,GE016,GE031,GE032,GE030,G6906,GE002,G2223,G7001,GE004,G2257,G8265,G7023,G7064,GE021,G6955,G6925,G6806,G6908,G6843,G2215,G6835,GE209,G6965,G6966,G6805,G2261,GE003,GE325,G7032,GE217,G6856,G6954,G6862,G2683,G6855,G7059,G7057,GE323,G6853,G2256,G6847,G2259,G2690,G8263,G6956,G6933,GE208,G6860,GE212,G2144,G2260,G6661,G2208,GE235,G2287,G2222,G8279,G6952,G7043,G6953,G6840,G8277,G6550,G6917,GE320,G6559,G2233,G2241,GE204,G7060,G2688,G2148,G8250,G2276,G6950,G2288,G8220,G8258,G6841,G2238,G2253,G7002,GE236,G7067,G2279,G6836,G6834,G6551,G6905,G2286,G2682,G2207,G2274,G9573,G7022,G2272,GE234,GE319,G2297,G7066,G2142,GE205,G7049"
112.90,23.15,0.29,0.27,262,"G6960,G7018,G7006,G6957,G6959,G6961,G7014,G6828,G7016,G6842,G6850,G7013,G7015,G2285,59279,G2289,G6958,G7065,G7061,G2217,G7001,G6966,G7017,G7009,G6954,G6865,G6965,G6839,G6962,G6843,G7062,G6933,G6955,G2273,G6825,G6963,G6953,G6952,G6832,G2287,G6866,G2254,G6838,G2271,G2288,G2211,59288,G6862,G7058,G2286,G8269,G2297,G6950,G6840,G7064,G6964,G6956,G8220,G2255,G2665,G6934,G7011,G2291,G6867,G7002,G2267,G6826,G6844,G8231,G7012,G6849,G2690,G7067,G2290,G7059,G2218,G2677,G2280,G6802,G7005,G6827,G7046,GE017,G2683,G6929,G2296,G2228,G6833,G2216,G6851,G2270,G2279,G2276,G6951,G7063,G6812,G6935,G7037,GE018,G2602,G2292,G2654,G2688,G6949,G7060,G8281,G8264,GE007,G3200,G6808,G7066,G2268,G3254,GE005,G2295,G7068,G8287,G2205,GE006,G2261,G6853,GE008,G6948,G8219,GE026,G2294,G6821,G6841,G2682,GE009,G6938,GE010,G2221,G6801,G2225,G6810,G8216,G2298,GE022,G3452,GE025,G6809,G2210,GE027,G8193,G2687,G2251,G2248,GE023,G6813,G6820,G7053,G7003,GE024,G6800,G6830,G2204,G2202,G2264,G6835,GE317,GE019,G2601,G6829,GE308,G8222,G6822,G7020,G6834,G6814,G6947,G2223,G8194,GE011,G6868,G2607,G7069,G6807,G6936,G7048,G2258,GE314,G8253,G3253,G2293,G3256,GE020,G6860,G8263,G6946,GE014,G8245,GE021,GE012,G6803,G6811,G6944,G7042,GE001,G8221,G2282,G6836,GE013,GE004,G2201,G2206,G8223,GE028,GE002,G6847,G2247,G2259,GE313,GE031,GE032,GE030,G2256,G2275,GE015,G6858,G3252,G7010,G3310,G2260,GE240,G2263,G6855,GE003,G2226,GE016,G6852,G6804,G3119,G6845,G6945,G6859,GE316,G8197,G8250,G2250,G2272,G6824,G2655,G1043,GE312,GE029,G6837,G6831,G7041,GE315,GE311,G9573,GE318,G2234,G2659,G9706,G8265,G8277,G2658,G6806,G6864,G2281"
112.90,23.30,0.29,0.27,190,"G2290,G6951,G7011,G6934,G2296,G2286,G2297,G6938,G6948,G2291,G2210,G6935,G2288,G7003,G2298,G6953,G2218,G2677,G6949,G6952,G6933,G7012,G2287,G2602,G6954,G6947,G6946,G2294,G6944,G6966,G2601,G6936,G6965,G6950,G2289,G7001,G2285,G6843,59279,G2292,G7010,G7005,G2216,G8220,G6955,G8287,G3253,G7016,G7013,G7017,G3119,G7015,G8219,G6840,G7002,G6862,G2293,G2227,G6945,G6850,G6959,G3252,G7004,G2295,G7006,G3452,G6943,G7014,G6937,G8222,G6961,G6960,G7018,G6839,G2654,G8193,G2217,G7067,G6956,G3254,G2220,G7000,G7009,G6842,G7063,G3256,G8221,G7065,G2299,G8216,G6957,G6942,G6832,G3409,G8194,G7064,G7008,G8223,G2268,G7062,G6962,G6829,G2655,G7061,G2279,G6828,59288,G2690,G8198,G3420,G8211,G3126,G1026,G6958,G8197,G2276,G1043,G7059,G7066,G2251,G6838,G2658,GR032,G2250,G2656,G2687,G2224,G2688,G2659,G2282,GR033,G7060,G8204,G6866,G2683,G8207,G2248,G8206,G2273,G2275,G6865,G6859,G6967,G2280,G2211,G2682,G8269,G6867,G3255,G6830,G6963,G3411,G6825,G6939,G3412,G6841,G9488,59276,G2665,G2271,G2267,G7058,G2254,G1073,G2247,G6844,G8199,G6833,G6853,G9847,G2249,G9846,G8209,G3404,G6831,G2261,G2206,G9845,G2606,GR067,G6941,G8212,G2703,G2607,G9484,G9571,G8208,G6964,GR070,G3416"
112.90,23.45,0.29,0.27,147,"G6937,G6942,G7008,G2227,G2299,G7000,G7004,GR032,G2220,G6943,G6944,G2224,G6946,G3409,G6967,G7010,G7003,G6939,G8207,G6947,G2210,G6936,G3119,G6938,GR033,G3126,GR067,G2601,G6945,G2298,G6941,G6948,GR070,G2703,G3252,G3420,G6951,G3253,G2296,G2294,G6935,G2290,G8199,G6949,G2293,G8198,G2602,G2720,G8313,G7011,G6934,G2218,G8205,G2677,G1073,G1026,G2291,G8211,G8320,G8222,G2297,GR066,G7012,G2286,G8200,G2292,G8287,G8212,G8221,G8219,G3411,G3256,G2288,G3452,G2655,G8202,G2216,G7005,G8223,G9484,G6953,G8193,G6952,G2295,G8204,G2287,G6933,G8209,G8194,G2656,G8191,G8321,G1043,G8197,G6950,G8300,G6954,G8215,G2652,G2658,G6966,G1025,G8190,G8220,G8206,G8208,G3254,G8289,G8216,G6965,G2654,G7002,G8303,G8214,G3416,G3412,G6843,G7001,G3259,G8301,G6829,G2659,G6840,G2289,G8213,G2285,G8334,59279,G6955,G8201,G2250,G2715,G7063,59276,G6862,G8322,G7067,G3255,G2705,G9485,G7017,G2268,G9847,G9833,G7013,G7016,G8304"
112.90,23.60,0.29,0.27,81,"GR070,GR067,G8320,G8313,G6941,G2703,G8321,G6939,G6967,G2720,GR032,G2224,GR066,G8322,G8334,G8205,G8207,G7008,G6942,G2299,G8301,GR033,G8300,G8190,G7000,G8335,G8201,G6937,G8213,G8304,G3409,G2227,G2701,G2220,G8202,G8200,G7004,G8199,GR069,G8302,G3126,G6943,G8215,59280,G8327,G8437,G7010,GR065,G6944,G3420,G6946,G1073,G3119,G8331,G8303,G8328,G8212,G6945,G2705,G6936,G6947,G8191,G7003,G8312,G8306,G2652,G8214,G2210,G2715,G8289,G2601,G8198,G3252,GR071,G6938,G9484,G2298,G2716,G6948,G3259,G3253"
112.90,23.75,0.30,0.27,51,"G8335,GR069,G8322,G8321,G8334,G8331,G8328,GR065,G2701,G8320,GR071,G8327,G8323,G8302,GR064,G8313,G2723,G8301,G8437,G8304,G8326,G2726,59280,G2720,G8201,G8329,GR066,GR070,G8213,G2722,GR067,G8190,G6941,G8307,G8300,G2703,G8205,G8306,G8312,G6939,G6967,G2224,G8332,GR032,G2625,G8202,G2724,G8207,G8215,G8200,G8308"
112.90,23.90,0.30,0.27,33,"GR064,G8326,G8323,G8328,G2723,G8331,GR071,G8329,G8332,G2724,G2722,GR069,GR065,G8335,G2726,G8556,GR043,G8327,G2701,G8555,G8324,G8322,G8541,G8307,G8334,G8302,G8321,G8437,59280,G8325,G8064,G8320,G8304"
112.90,24.05,0.30,0.27,32,"G8555,G2724,G8332,GR043,G8324,G2774,G8326,G8325,G8543,GR064,G8541,G8556,G8323,G8566,G2723,G8329,G2722,G2721,G2725,GR063,GR073,GR068,G8328,GR071,G8331,GR044,G2772,G8330,G8540,G8333,G8512,G2726"
112.90,24.20,0.30,0.27,32,"G8543,G2774,G2721,GR044,GR068,G8566,G8555,GR063,G8325,G8554,G2770,G8324,G8565,GR043,GR035,GR073,G2772,G8512,G2724,G8332,G2725,G2771,G8541,G8336,G8529,GR034,G8564,G8509,G8518,G8528,G8540,G8542"
112.90,24.35,0.30,0.27,40,"G2770,GR044,G8564,G2721,G8554,GR035,GR068,GR056,G8542,G8565,G8543,G8524,G8529,G2766,G8507,G8528,G8518,G2774,GR057,G8336,G8566,GR063,G8509,G8512,G8537,G2771,G8514,G8563,G8526,GF701,G8510,GR034,G8545,G2772,G8325,GR058,GR073,G8555,GR042,G1466"
112.90,24.50,0.30,0.27,44,"G8524,G8564,G2766,GR056,G8510,G8542,GF701,G8507,GF706,G2770,G4555,GF700,G8316,G8317,GR057,G8526,G8563,GR006,G8528,G8518,G8529,G4538,G1466,G8515,GR035,G2765,G8554,G8514,G1460,G4540,GR004,GR044,G2708,GR058,GR012,G8419,G8565,G8523,G8545,G8511,G2721,GR068,G8336,G8537"
112.90,24.65,0.30,0.27,37,"GF706,G8510,G4555,G4540,G8515,G8524,GR006,G2766,G2767,G4538,GR012,GR011,GF705,GF701,G8500,GF700,G8317,G8316,G2765,GR004,GR056,G8564,G8508,G8501,G8511,GR010,G8502,G8507,G4556,G8542,G8526,G1466,G8503,G8563,G1460,G8523,GR007"
112.90,24.80,0.30,0.27,33,"G8500,G8501,G2767,G8502,GF705,G8503,GR011,G8504,G8505,G4545,G4540,G4542,G4543,GF706,G8515,GR010,G4544,GR012,G4555,G8510,G8448,G8508,G4556,G4538,G1464,GR006,G8511,G2765,G8457,G4549,GF099,G4547,GR004"
112.90,24.95,0.30,0.27,33,"G8504,G8503,G4545,G8505,G8502,G8501,G4542,G4543,G8500,G4544,G8448,G2767,G4567,GF705,GF209,GF099,G1462,G8444,G4536,G1464,G1414,G8445,G1410,GF098,G4548,GR011,G4566,G1415,G4563,G9880,G8441,GR010,G1458"
112.90,25.10,0.30,0.27,35,"GF209,G4566,G4567,G1458,G4601,G4563,GF098,G1410,G4564,G8504,G4545,G4536,G8505,GF208,GF096,G8444,G4542,G4548,G4543,G4649,G8503,G1415,GF097,G8502,G1470,G1414,G4518,G8448,G1413,G4544,G8501,G1462,G8441,G8445,GF099"
113.05,21.95,0.29,0.27,54,"G2158,G2187,G2186,G6703,G6707,G1235,G1234,G3982,G3983,G3999,G6771,G1225,G6608,G1208,G6704,G6708,G6607,G6772,G6529,G6615,G1274,G2181,G1203,G1214,G3985,G3984,G1269,G2182,G1207,G6770,G1241,G2111,G6613,G1286,59682,G2191,G6521,G3966,G1202,G1293,G1254,G3993,G3986,G3968,G6773,GJ106,G3990,G1268,G3958,G6603,G3951,G2193,G6698,G1278"
113.05,22.10,0.29,0.27,100,"G2111,G1225,G6770,G1269,G2191,G6772,G6771,G6615,G2181,G3982,G3983,G1208,G1202,G3966,G6607,GJ106,G1268,G6698,G2193,G2158,G1254,G3958,G3986,G1234,G1235,G6706,G6702,G3999,G1241,G3993,G1274,G2190,G3954,G3968,G6605,G1290,G2120,G1278,G3957,G2134,GJ100,G3967,G1260,G1207,G6603,G3985,G3984,G2187,G2182,G3951,G3962,GJ108,GJ101,G1253,G6529,G2186,G6722,G6613,GJ102,G1293,G6703,G6707,G3950,G2152,G1203,G3990,G2112,G2150,GJ103,G3965,GJ107,G3963,G1214,GJ104,G6773,G6500,G1255,G1289,G1250,G6521,G3964,G6593,G2138,G1297,G6525,G1273,G6774,G1251,G1286,G1265,G6608,G3955,59682,59487,G6612,G2133,G1258,G6708,G6704,GJ105"
113.05,22.25,0.29,0.27,113,"G2134,GJ100,G2190,G6706,G6702,G6698,G2120,GJ108,GJ101,GJ106,G2193,GJ102,G6722,G1268,GJ103,GJ107,GJ104,G3954,G6500,G2191,G1202,G3967,G3958,G6593,G2111,G2112,G3966,GJ105,G2138,G2133,G3957,G6770,G1253,G6720,G1269,G1254,G1265,G3965,G3986,G1290,G6546,G1260,G6518,G2150,G6605,G1251,G6724,G3955,G1264,G2132,G1255,G6517,G6772,G2181,G6615,G3993,G1225,G1278,G1257,G2130,G6771,G6558,G3968,G3964,G3969,G6604,G3963,G2198,G3988,G6554,G1263,G1208,G3956,G6607,G3962,G3959,G3952,G3982,G3983,G3961,G2194,G6723,G3950,G1250,G1241,G6603,G2131,G3989,59487,G6774,G2137,G1261,G1262,G3951,G6525,G2103,59478,G2110,G2192,G2197,G2152,G6549,G1289,G2155,G1259,G1274,G2060,G1258,G2070,G2102,G3999,G3960,G6721"
113.05,22.40,0.29,0.27,134,"G6546,G2132,G6720,GJ105,G6500,G6554,G2130,GJ104,G2133,G6593,GJ107,GJ103,G2194,G6517,G6724,G2198,G6558,GJ102,G2138,G6722,G2197,GJ108,GJ101,G2192,G2137,G6518,G2131,G1257,GJ100,G2134,G2112,G2103,G6560,59476,G2127,G2120,G6555,G6723,G1265,G1264,G2190,G2102,G2135,G6702,G6706,G2196,G6542,G1263,G2101,G1251,G3988,G2195,G6549,G6604,G6548,G6698,G3955,G3965,G3967,G3959,G2110,G2057,G6721,G1253,G2039,G6556,G2193,G2046,G3954,G3969,G2123,G2150,G6540,GJ106,G2141,G2136,G1262,G2155,G1255,G1268,G2125,G2060,G6544,G3957,G3961,G2019,G2064,G6207,G2020,G3958,G2129,G6543,G6557,G2128,G6610,G2088,G3956,G3964,G2143,G1290,G1260,G1261,G1202,G2191,G2018,G6212,G3989,G2021,G2063,G3966,G2075,G3952,G6552,G6541,G6605,G2002,G2111,G2124,G2047,G2067,G2087,G3963,G6697,G6660,G2058,G6201,G6501,G3986,G2055,G2183,G1254,G6700,G6217,G6609"
113.05,22.55,0.29,0.27,137,"G6555,G6542,G2101,59476,G6560,G2127,G2195,G2197,G6540,G2125,G6544,G2192,G2129,G2194,G2128,G6543,G6554,G6541,G2196,G2135,G2141,G2137,G2123,G6700,G2130,G2064,G2124,G2057,G2132,G2131,G2198,G2126,G2021,G2055,G2103,G6558,G6546,G6556,G2102,G6517,G2143,G6548,G6216,G6720,G6724,G2116,G2039,G6552,G6910,GE231,G2020,GE232,GJ105,G2079,G1257,G2136,G2047,G6212,G6723,GE233,G2078,59473,G6562,G2133,G2237,G6500,G6593,GJ104,G6518,G2075,G6205,G2059,G6697,G6721,G2142,GJ107,G2138,GJ103,GE227,G2046,GE228,G6549,G2069,G2063,G6551,G6911,G2019,G2001,G2117,G6559,G2011,G6553,G6217,G2148,G2033,G6557,G2110,G2067,G1263,G6661,GJ102,G6215,G2235,GE229,G6722,G2002,G2034,G1264,GJ101,GJ108,G2082,G2012,G6660,G6202,G3988,G2088,GE230,G2144,G1265,G6920,G2155,G2246,G2104,G2112,G2087,G2241,G2257,G6207,G2146,G3959,G6856,G6550,G2060,G2115,G6604,G7057,G6201"
113.05,22.70,0.29,0.27,176,"G2126,G2116,G6541,G6700,G6910,GE233,G2129,59473,G6562,GE227,G2128,GE231,G2148,G2237,G6544,G6661,G2125,G6559,G2235,GE228,GE232,G6543,G2124,G2241,G6540,G6856,G7057,G2142,G2257,GE229,G6216,G6551,G2055,G6920,GE208,G2195,G2101,GE230,G6542,G6919,G2265,GE209,G6911,G6861,G2021,G2144,G6907,G2246,G2079,G6555,G2113,GE212,GE237,G2033,G6906,G2064,GE236,G2208,G6560,59476,GE210,G2141,G2127,G2239,G6550,G2069,G2123,G6819,G6904,G6202,G6905,GE215,G6818,GE211,G2236,GE226,GE214,G6930,G2012,G2078,G6931,G2115,G2143,GE223,GE225,GE235,G2001,G6863,G6864,G6552,GE234,G2197,G2196,59480,G2135,G6908,G2057,G6901,G2192,G6845,G6902,G7036,GE201,G2013,G6917,G2047,GE218,G6925,G6824,GE205,G2263,G2059,G2117,GE221,G2011,G2244,G2194,G2082,G2230,G6823,G2226,G6556,GE222,G6209,G6212,GE101,G6205,G6903,G6913,G2040,GE217,GE219,G2020,G6900,G2034,G6811,G6926,G2137,GE316,G2238,G6868,G7069,G2242,GE028,G6553,G6554,GE238,GE220,G6548,G2212,G2061,G7041,G7033,GE239,G2264,G2258,GE020,GE240,G7038,G2039,G2102,G2014,G6820,G6909,G6697,G2131,GE216,GE315,G6215,G2103,GE224,G2130,G2075,G2215,G6927,G2243"
113.05,22.85,0.29,0.27,270,"GE209,G6907,G6906,GE210,GE208,G7057,G6856,GE212,G2241,G6931,G2208,G6863,G2265,G6819,G6861,GE236,G2257,G2148,G6864,G6908,GE218,GE235,G2263,G6919,G6905,G2226,G6925,G6661,G2235,G6845,G6930,G6811,G6917,GE227,GE219,G2113,GE028,GE234,GE214,G6818,G2239,GE217,GE020,GE220,G6920,GE240,G6559,G6868,G2264,GE205,G6909,G6824,G7069,GE237,G2238,G6803,GE027,GE233,GE229,59473,G2202,G6562,GE230,G6804,G6805,G6820,G2225,G2234,G2244,G7036,G6809,G6821,G6902,G2116,GE029,G6910,G6807,GE228,GE015,GE019,GE204,GE211,GE013,GE014,G2258,G2237,G6808,GE026,G6806,GE012,G6801,G6904,G2144,G6810,G6551,G2246,G3200,GE316,G6823,G6814,GE201,G2126,GE202,G2142,59480,GE011,GE016,G2204,G7068,G6915,GE231,G6903,GE025,G2233,GE101,G6822,GE018,G6929,G2201,GE031,GE032,GE030,GE017,GE005,G6923,GE006,G7041,GE001,G2222,G2230,GE024,GE002,GE239,G6812,GE009,GE008,G6550,G7048,GE215,G6827,GE315,G6802,G6851,GE223,G6700,GE232,GE003,G2253,GE213,GE004,G2221,G6911,GE023,G6918,GE226,GE010,G6541,GE216,G7033,G6849,GE007,GE238,G6800,GE308,G6900,GE221,G2245,G6855,G6901,GE312,G6826,GE206,GE021,G2236,G2033,GE022,GE207,GE225,G2256,G2274,G2209,G2270,G2223,G6916,G6926,G2259,G2260,GE311,G6847,GE317,GE222,G6216,G2255,G6813,GE309,G2232,G6202,G6848,G6817,G3117,G2129,GE314,G3156,G6924,G2128,G2115,G2228,G2242,G7058,G6844,G2124,G2271,G6835,GE310,G7053,G6927,G2055,G2267,G6860,G3134,G1070,G7037,G2252,GE203,G6544,G2012,G2254,G2069,G6913,G2079,G6543,G7042,G2125,GE324,G2215,G2219,G9573,G2240,G6964,G9807,G6833,G7024,G9710,G2013,G2273,G9523,GE224,G9746,G2266,G2272,G6865,G6866,G6867,G3347,G7043,G6540,G2205,G9793,G1049,G2040,G6816,G3324,G1092,G7046,G1088,G3145,G2021,G2231,G7027,G1069"
113.05,23.00,0.29,0.27,365,"G6810,G6801,GE019,G2202,GE026,GE025,G6807,G6809,GE006,GE005,G2204,G6814,G6803,GE008,GE014,GE009,GE011,G6812,GE012,GE018,GE013,GE020,G6851,GE024,GE027,G3200,G2225,GE007,G2221,GE240,GE010,GE015,GE028,G6804,G6802,GE017,GE023,GE001,G2201,G2270,G6800,GE029,G2234,G6849,GE016,G2226,G6811,GE030,GE031,GE032,GE022,G6821,GE002,G6808,G6909,GE220,GE219,GE004,G6806,G2264,G6826,G6929,G6813,G6844,G2223,GE218,GE021,G2263,GE003,G6805,G2267,G6855,G2256,G7058,G2259,G2222,G6847,G6835,GE217,G6868,G2260,G6863,G6925,G6833,G2233,G6931,G6820,G6860,GE204,G6867,G6908,G2271,G2253,G6827,G6866,G7069,G7068,G2273,G6864,G6845,G2274,G2261,G6917,G2238,GE235,G2255,GE210,G6838,G2280,G9573,G2254,G6853,G6819,G6923,GE202,G6906,G2272,G6918,GE206,G6865,G6836,G2208,59288,GE205,G6907,G7061,GE212,G2258,GE234,GE209,G7062,G6930,G6834,G6848,G6824,G2281,G6905,G6915,G9807,GE213,GE236,G6817,G2219,G6822,GE207,G9793,G9806,G6832,G2244,GE208,G2252,GE214,G7065,G7059,G6841,G6964,G6852,G6837,G2265,G2228,G9804,G6861,G7060,G3249,G3237,G2240,G6825,G6828,G6818,G7064,G1088,G6842,G7057,G7048,GE316,G6856,G3310,G7036,G9802,G2209,G6963,G6839,G6816,G1070,G9803,G2241,G2276,GE308,G7037,G6902,G3107,G2239,G9805,G9792,G6916,G9797,G9791,G2113,G6919,G2245,G2257,G3156,G9796,G7014,G9800,G9726,G6823,G6858,G9706,G2279,G6850,G9710,GE317,G7041,G9576,G7066,G6957,G6903,G7046,G9801,G3451,G9539,G6960,G9794,G1033,G6830,G3236,G6958,GE101,GE315,G6862,GE239,G7006,G9498,G3157,G3145,GE314,G7053,G2206,G7013,G7018,G1044,G9588,G1094,G2148,G9799,G9472,GE312,G7067,G3225,GE201,G9473,G6840,G9474,G9798,G2205,G2235,G2248,GE203,G6661,GE237,G6959,G6843,G6961,G3222,G9795,G3450,G7001,GE216,G9587,G6920,G8231,G9708,G9475,G1045,G6857,G2289,G7002,G2211,G1047,GE211,GE311,G2230,G2268,G3444,G9476,G7033,G7016,G9477,G7063,59480,G2247,G9471,G9825,G7042,GE227,G3117,G3108,G9470,G2251,G9515,G6950,G7015,G3447,G2285,GE238,G9824,G6559,G6904,GE230,G3410,G2232,G9575,G3402,G3224,G9771,G1000,G3324,G9487,GE229,G1093,G3223,G9778,59279,GE309,G1037,G6954,G3347,G6962,G6900,G1092,G8269,G6831,G2217,G9815,G3138,G3254,G3219,G6933,G2665,G9722,G6952,G1046,G1097,G9501,G9996,G1009,GE310,G3449,G3134,G7009,G1053,G9788,G6966,G2246,G2144,G7005,G1051,G3129,GE221,G6924,G9746,G9500,G3101,G3435"
113.05,23.15,0.29,0.27,386,"G2280,G7059,G7064,59288,G7060,G6867,G2276,G6833,G6838,G6832,G6853,G2279,G6841,G2261,G7062,G7066,G2267,G6839,G7067,G6866,G6862,G6844,G6840,G7065,G6834,G6830,G7061,G2268,G7063,G7002,G2270,G2248,G2273,G6835,G2251,GE022,G6813,G6842,GE007,G6836,G6950,G6843,G7058,G2206,G3254,GE010,G6850,G6860,G6858,G2221,G3310,G7001,G2223,G6851,G6852,G6800,GE008,G7014,G2247,GE023,GE009,G6812,G7005,G6849,G7013,G6802,G2216,GE006,GE005,G6837,G2295,GE021,GE024,G2289,G2271,G9706,G6847,G2272,G2259,G6829,G2282,G6826,GE025,G2256,G6865,G6960,G2281,G6831,G2292,GE018,G2260,GE004,G7006,G9573,G2204,G6828,G7012,GE017,G2275,G6952,G6857,G6810,GE011,GE001,G6954,G6801,G6855,G6933,GE002,G9487,G1094,G6814,G9796,G3452,G2201,GE003,G7018,GE026,G6959,GE032,GE030,GE031,G6957,G2285,G7016,G6859,G9802,GE019,G2288,G2218,G2254,G2249,GE012,G3200,G6961,GE014,G9804,G9797,G6807,G9587,G3404,G9588,GE013,G2297,GE016,G6809,G9806,59279,G7015,G9800,G1044,G9589,G3236,G1046,G6929,G3222,G2250,G6966,GE015,G9803,G2202,G3256,G2286,G6934,G9539,G9576,G6949,G9815,G6953,G9726,G6803,G3237,G3249,G2225,G6808,G2274,G9795,G6935,G1033,G9793,G2255,G9801,G2222,G9567,G6804,G6806,G9488,G9794,GE027,G9798,G9778,GE029,G2294,G9799,G6958,G6825,G9807,G1043,G9845,G2253,G2234,G6821,G2296,G9791,G9805,G6963,G3403,G3157,G6827,G6965,G9844,G3255,GE020,G1051,GE240,G9708,G2287,G9825,G9771,G9472,G9515,G2219,G2293,G2233,G1045,G2217,G3219,G2290,G9777,G3225,G7017,GE028,G9473,G6909,G9782,G1088,G3451,G1010,GE206,G7011,G6805,G6955,G3253,G3224,G6964,G1009,G9792,G9474,G2264,G7009,GE220,G1095,G9824,G6811,G9476,G9722,G9770,G9475,G6848,G3107,G6962,G6918,G2298,G6816,G7068,G2291,G2252,GE219,G9813,G9742,G2226,GE204,G2240,G6948,G9498,G9725,G3346,G9772,G3450,G9470,G9471,G9846,G1037,G3252,G3402,G6817,G3412,G6820,G2211,G6951,G6868,G6923,G9773,G9996,G9723,G9507,G9720,G2263,G9566,GE218,GE217,G9847,G3410,G1053,G6936,G2228,G6947,G1093,G3223,GE207,G1026,G9571,GE202,G9477,G7069,G6925,G6938,G1070,G8220,G8269,G2210,G9721,G1001,G2677,G9724,G1042,G1011,G3241,G3444,G3119,GE213,G9834,G2238,G3316,G7037,G9505,G3447,G7003,G6863,G9506,G7046,G8231,G9563,G3314,G9710,G6956,G6908,G2665,G3405,G3362,G6931,G3449,G9570,G9715,G6845,G9833,G3345,G9478,G7010,G1014,G6917,G6915,G3145,G2258,G6864,G1047,G9491,G2209,G3438,G9501,G2602,G6946,G6822,G3407,G3221,G9504,G3344,G9788,G1099,G9565,G9564,GE235,G9500,G3435,G3101,G3104"
113.05,23.30,0.29,0.27,270,"G3452,G2295,G3256,G2292,G3254,G2216,G6829,G2293,G7005,G1043,G2294,G3253,G7063,G2268,G2250,G6949,G7012,G2218,G3252,G7002,G2282,G7067,G2251,G6935,G2275,G6859,G6950,G1026,G3255,G6840,G2279,G9488,G2298,G7066,G2248,G2296,G3412,G3119,G6936,G6862,G2276,G6947,G6934,G6948,G6830,G9845,G9846,G2297,G2249,G9847,G3404,G7064,G2247,G6843,G7010,G7059,G3420,G7060,G6952,G2288,G6831,G3411,G9571,G2290,G2286,G7001,G9567,G6839,G6933,G2210,G9833,G2206,G1042,G9566,G6943,G6841,G7003,G6832,G9589,G6954,G6938,G6946,G3126,G9844,G3416,G2289,G6951,59288,G9487,G7004,G7011,G1010,G3409,G6953,G7013,G6850,G2280,G6858,G7062,G7065,G3104,G9485,G9484,G1073,G3159,G6944,G6966,G9715,G7014,G6857,G7000,G6853,G2285,G2291,G1046,G6838,G1025,G6842,G2227,G3325,G6834,G3346,G2261,G9483,GR033,G3403,G2287,G3260,G3310,59279,G7016,G6867,G7061,G9706,G6937,G7006,G6960,G9815,G9813,G9564,G6833,G9482,G6959,G1094,G6965,G1011,G2677,G7015,G6852,G3438,G6866,G7018,G9848,59284,G6961,G9587,G1095,G2601,G6942,G6836,G6837,G2267,G7008,G3405,G1051,G2602,G9796,G9778,G6955,G6957,G9777,G3259,G1081,G2273,G7017,G9588,G3222,G2299,G6844,G6828,G9742,G9563,G9782,G9565,GR032,G1044,G3251,G6835,G3236,G9795,G9770,G2270,G9797,G8220,G2217,G9773,G3219,G6860,G2281,G9802,G1014,G7058,G6813,G2220,G9707,G9486,G9539,G9800,G9771,G2272,GE022,G9798,G1009,G9576,G6865,G7009,G1059,G6945,G9817,G9725,G9515,G1033,G9724,G9825,G9799,G9723,GE007,G9804,G9801,G2223,G8287,G9694,G9726,G3240,G2271,G9573,G9708,G6958,G9794,G9772,GE010,G9803,G9722,G9507,G2221,G2715,G6800,G3224,G9721,G8219,G1045,G8303,G6847,GE023,G6851,G9720,G6849,G2259,G9832,GE021,G9806,G3415,GE008,G3157,G6962,G6956,G2703,GE009,G6802,G6812"
113.05,23.45,0.29,0.27,158,"G3420,G3126,G1073,GR033,G3409,G1026,G3411,G9484,G3119,G3252,G6943,G1025,G7004,G7000,G3253,G7010,G2293,G3416,G3259,G6936,GR032,G6947,G9485,G3412,G8303,G3256,G2703,G2227,G6937,G1043,G2715,G7008,G2294,G6942,G9833,G2298,G6946,G9847,G3452,G2705,G1081,G9571,G3260,G3255,G6949,G7003,G6948,G9846,G2299,G2250,G2210,G2716,G1042,G6935,G3159,G6944,G2292,G3415,G9483,G8300,59284,G2295,G3325,G3104,G6967,G2296,G9488,G2218,G6829,G6938,G8313,G2216,GR067,G9566,G9832,G2224,GR070,G7005,G9768,G6859,G7012,G3254,G6939,G3251,G1059,G2282,G2275,G9845,G2220,G9486,G9715,G9482,G2290,G6934,G6951,G6941,G8320,G8301,G7063,G9703,G8207,G2268,G2251,G2297,G3417,G7002,G8311,G3404,G6950,G9848,G2601,G8304,G9567,G2249,G9564,G3419,G7067,G2286,G9766,G2288,G7011,G9844,G6840,G1010,G1027,G2248,G6945,G9707,G6952,G3414,G3438,G3109,G6831,G9589,G2279,G1024,G7066,G6862,G2291,G2247,G6933,G9701,G2704,G6843,G1011,G9767,G6830,G3346,G8334,G2677,G2276,G6954,G6953,59280,G7001,G2602,G8312,G9769"
113.05,23.60,0.29,0.27,95,"G8300,G8301,G8304,G8313,G2703,G8303,G2705,G8320,59280,G2715,GR033,G8334,G8302,G2716,G8312,G1073,G8437,G8311,G8306,GR032,G2701,G2704,GR070,G3259,G3126,GR067,G9768,G9484,G3409,G8327,G3420,G3417,G8321,G1025,G3415,G6967,G7000,G6941,G7008,G6939,G6943,G3411,G6942,GR069,G7004,G2224,G8322,G1081,G3109,G9832,G6937,GR030,GR031,G2299,G3416,G8307,G3119,G1026,G2227,G9485,G7010,G1027,G2720,G3252,G8207,G9701,G9769,G8335,G3260,G9703,G9766,G3419,G3352,G6936,GR066,59284,G9767,G8308,G1059,G3253,G6947,G9833,G6946,G2293,GR029,G8328,G8205,G2220,G9486,G3412,G9483,G3251,G3159,G6944,G3325"
113.05,23.75,0.30,0.27,50,"G8302,G8327,G8437,G2701,59280,G8304,G8307,G8306,G8312,G8301,GR069,G8334,G8300,G8308,G8328,G2704,G2723,G8329,G8320,GR030,G8313,G8321,G8322,G8331,G8311,G8335,GR064,GR031,G2705,G2702,G8323,G2703,G8326,G8303,GR029,G8556,G2716,G2754,GR065,G2715,GR070,GR071,G3417,GR067,G9768,GR062,GR077,G6941,G3109,GR033"
113.05,23.90,0.30,0.27,42,"G8329,G2723,G8556,G8307,G8326,G8541,G8327,G8328,GR064,G8308,GR069,G2724,GR043,G2701,G8437,G8323,G8302,GR075,G2745,G8331,G8332,59280,G8306,G8535,GR041,G8312,G8334,G8555,G8540,GR030,G2702,G8304,GR071,G8301,G8335,G2722,GR065,G8530,G8315,G2704,G8322,GR073"
113.05,24.05,0.30,0.27,34,"G8541,GR043,G8556,G8540,G8555,G2724,GR073,G8566,G2772,G8329,GR075,G2723,G8332,G2745,G8326,G2774,G8543,GR064,G8342,GR041,G2771,G8315,G8530,G8324,GR040,G8535,G2721,G8323,GR034,G8565,G8307,G8328,G8538,G8308"
113.05,24.20,0.30,0.27,32,"G8566,G2772,GR073,G2771,G8565,GR034,G8543,GR035,G2774,G2721,G8540,GR042,GR043,G8555,G8538,G8537,G8541,G2770,G8342,GR044,G2747,G8556,G2724,G8567,GR068,G8545,G8542,G8324,G8332,G8554,G8547,GR040"
113.05,24.35,0.30,0.27,33,"GR035,G8565,G8537,G8542,G2770,G2771,G8545,GR034,GR042,G2747,G8563,G8566,G8564,G2772,G2721,G8538,G1466,GR073,GF701,G8543,G1460,GR044,G8524,G8547,GF700,G2774,GR056,G8554,GR068,G2766,G8561,G8342,G8567"
113.05,24.50,0.30,0.27,31,"GF701,G8563,G8542,G1466,GF700,G1460,G4555,G4538,G8545,G8524,G8564,GF706,G8537,GR035,G8510,GF004,GF092,G2747,G2770,G2766,G4540,G4407,G8565,GR056,G4556,GR042,GR034,G2771,G1426,G4547,G8547"
113.05,24.65,0.30,0.27,34,"G4538,G4540,G4555,GF700,GF706,GF701,G4556,GF092,GF705,G1460,G1466,G4547,G4407,G8510,G8563,GF004,G8524,G4554,G8542,G4549,G4535,G2766,G1464,G8500,G8502,G8564,G4557,G2767,G8503,59081,G8501,G8545,G8515,G4544"
113.05,24.80,0.30,0.27,37,"GF705,G4556,G1464,G4540,G4544,G8502,G4543,G8503,G4549,G4542,G8505,G4547,G4545,G8504,G4554,GF702,G8501,G4538,GF099,G4555,G8500,GF706,G1462,G4557,G2767,59081,G4535,GF092,G9880,GF700,G1414,G4407,G4534,GF707,GF701,G8510,GF004"
113.05,24.95,0.30,0.27,39,"G4543,G4542,G4544,G8505,G4545,G8504,GF099,G1462,G1414,G1464,G8503,G9880,G8502,G4536,G4548,G1415,G4567,G1410,GF702,GF098,GF705,G4549,G4563,G8501,GF209,G4546,GF707,G1458,G4554,G4566,G8500,G4556,G4601,G4547,G4516,G4540,G4557,G4553,G2767"
113.05,25.10,0.30,0.27,46,"G4567,GF098,G4563,G1410,GF209,G4536,G1458,G4548,G4566,G1415,G4601,G1414,GF096,G1413,G1462,G4518,G4516,G1412,G9880,GF099,G4542,GF097,G4545,G4543,G8505,G1470,G4544,G8504,GF095,G4562,G4649,GF208,G4546,G8503,G4519,G1464,GF207,G4564,G8502,GF200,GF702,G1454,GF204,G4608,57988,G4604"
113.05,25.25,0.30,0.27,35,"GF096,GF097,G1470,G4518,G4601,G1413,G1458,G4649,G4566,GF207,GF208,GF209,G1412,G4563,G4648,G4516,GF098,G4567,G4564,G1410,GF210,G4565,G1472,G4536,G4548,GF095,GF204,G1415,G4519,G4562,G4606,G4600,G4561,GF211,G1414"
113.20,21.95,0.29,0.27,61,"G1203,G1214,G1235,G1234,G3985,G3984,G3999,G1286,59682,G1207,G1274,G3983,G3982,G1293,G1208,G1241,G3990,G1225,G1273,G1222,G2158,G3951,G1205,G1269,G3968,G3993,G1297,G1218,G1254,G2187,G3962,G3986,G1278,G2186,G6703,G6707,G3966,G2111,G1202,G1299,G1298,G1210,G6771,G3950,G1289,G3958,G6772,G1290,G6615,G1260,G1220,G6607,G1256,G1268,G1258,G6770,G6704,G6708,G6608,G2191,G2181"
113.20,22.10,0.29,0.27,112,"G1241,G3993,G3968,G1274,G3951,G1254,G1208,G3986,G1278,G3962,G1207,G1269,G3983,G3982,G3966,G1225,G3990,G3999,G1293,G1202,G3985,G3984,G1290,G3958,G3950,G1260,G1234,G1235,G1297,G2111,G1289,G3957,G1273,G1268,G3954,G1298,G1258,G1250,G3963,G2193,G1210,G3967,G1203,GJ106,59487,G1218,G6698,G1253,G1256,G1299,G1220,G1214,G3964,G1286,59682,G3987,G1222,G6706,G6702,G3960,G2191,G3952,G1255,G3965,G1205,G1252,G3956,G1259,G2120,G3953,G6770,G6771,G3955,G6772,G1240,G2158,G3989,G2031,G2112,G1251,G6615,G1238,G1295,G1206,G2181,G1265,G1261,G2190,G2134,G1232,G3980,GJ100,G3969,G2037,G2070,G3961,G6607,G6722,G1264,G1224,G2084,G2017,GJ108,GJ101,G3988,G2036,GJ102,G3959,G1217,G2058,G6593,G6518"
113.20,22.25,0.29,0.27,151,"G1253,G3957,G3967,G3965,G1255,G1260,G1290,G3954,G3964,G3955,G3963,G1251,G2112,G3956,G3958,G1265,G3952,G3969,G3986,G1250,G1278,59487,G1254,G3989,G1268,G1264,G2193,G2120,G3961,G3950,G1261,G6702,G6706,G3962,G3993,G1202,G3966,G3968,G3988,G1259,G6698,G3959,G6518,GJ106,G1289,G6722,G1258,G2070,G1263,G3960,G3953,G1262,G2031,G6593,G2133,G2017,G3951,G3987,G2134,GJ100,G2058,G1269,G1257,G2111,G2060,GJ108,GJ101,GJ107,G1252,GJ103,GJ102,G1298,G2190,G6723,G6500,G6517,G1256,G1241,G6549,GJ104,G6207,G1210,G2036,G1297,G1220,G2084,G6208,G2191,G2198,G1208,G1225,G1240,GJ105,G2046,G6204,G2018,G3990,G2037,G1206,G2132,G6546,G1274,G2131,G2077,G2076,G3983,G3982,G1299,G1238,G6720,G2088,G2083,G2054,G1293,G1207,G3980,G2102,G2085,G6770,G1295,G2010,G2019,G1273,G2138,G1218,G1232,G6214,G3999,G2003,G6201,G2035,G3985,G3984,G2039,G6548,G2087,G2086,G2029,G2081,G6203,G6554,G2194,G1234,G1235,G2068,G6724,G2130,G6772,G2002,G6615,G2053"
113.20,22.40,0.29,0.27,170,"G6723,G1257,G1263,G6549,G6518,G3988,G1264,G3959,G6517,G2046,G2131,G1262,G2198,G2060,G1265,G2102,G6207,G3969,G1251,G3955,G2133,G3961,G2019,G6548,G2112,G2039,G2088,G6593,G2018,G2132,G3965,G1261,G1255,G2196,G2058,G6201,G2087,G2076,G2057,G3989,G3956,G1253,G2002,G2063,G2020,G6722,G6546,G2067,G2194,G2017,G6500,G6214,G3964,G2070,G2075,GJ107,G3952,G3967,G2029,GJ104,GJ103,GJ105,G2120,G6217,G2123,G6208,G2024,G6720,G2197,G6554,G6212,G2127,G6203,G3957,G3954,GJ102,G3963,GJ108,G1259,GJ101,G6204,G2054,G2134,G2007,G2047,G2035,G2130,GJ100,G2030,G2064,59485,G2004,G6706,G6702,G2031,59487,G1260,G6555,G1290,G6542,G1250,59476,G6560,G2065,G6205,G3953,G2068,G2036,G2101,G6213,G2193,G6215,G2192,G2010,G2009,G6698,G6724,G3958,G2077,G2021,G3960,G2138,G2059,G1268,G2025,G6558,G2190,G2081,G2078,G2062,G2084,GJ106,G2137,G2080,G2083,G3950,G6544,G3987,G3986,G2026,G1278,G1258,G2011,G2027,G2055,G1202,G1254,G2124,G1289,G6211,G2128,G3962,G3966,G2050,G2034,G2195,G2016,G1252,G3993,G2079,G2038,G3968,G2129,G2103,G2085,G2086,G2053,G6216,G2082,G2001"
113.20,22.55,0.29,0.27,169,"G2057,G2123,G2064,G2020,G2196,G6212,G6548,G2047,G2039,G2021,G2102,G2075,G6205,G2078,G2059,G2063,G2055,G6217,G2124,G2131,G2067,G6215,G2127,G2079,G2011,G2019,G2002,G6544,G6216,G6542,G2046,G2128,G2034,G2101,G2001,G6723,G6555,G2198,G2087,G6549,G2082,G2069,G2088,G2007,G6201,GE232,G2197,G1257,G6700,G2024,G2129,G6560,59476,G2194,G6517,G6207,G6541,GE231,G2061,G2012,G2018,G2016,G2029,G6911,G2033,G2062,G2132,G1263,G2065,59485,G2009,G2060,G6209,G2030,G2015,G6214,G2195,G6202,G2237,G2125,G2044,G2013,G6518,G6554,G6910,G2076,G1262,G3988,G2025,G6540,G3959,G2192,GE228,G2126,G2090,G2096,G6213,GE233,G1264,G6203,G6211,G2014,G2236,G2004,G6546,G2133,G2080,G2032,G2040,G2094,G2130,GE225,G2246,G6543,G6593,GE229,G1265,GE215,GE226,G3969,G2026,GE230,G2035,G3961,GE227,G6720,G2092,G2137,G2022,G6913,G1251,G2058,GE223,GJ105,G2099,G2243,G6920,G2135,G3955,G2112,G2116,G6901,G2235,G2008,G6500,G2068,G2056,G2141,G6218,G6208,G6558,G2054,G6904,G1261,GJ104,GJ107,GE237,G2071,G2091,GE222,GJ103,G6724,G2017,GE211,G6722,GE224,G2072,G2006,G3965"
113.20,22.70,0.29,0.27,207,"G6911,GE232,G2033,G6216,G2069,G2079,G6202,GE231,G2237,G2012,GE228,G2055,G2236,G2246,G2001,G2124,GE215,GE229,GE225,G2013,GE226,G2021,GE230,G6910,G2078,GE233,GE223,G6209,G2082,G6920,G6700,G6901,G6904,G2040,G2011,GE237,GE227,G6913,G2064,G2059,G2128,G2235,GE211,G2061,G2034,G2014,GE222,G2047,GE221,59480,G6919,G6544,G6205,G6541,G2015,G2243,G2123,G2242,G2239,G2090,G6926,GE224,G2126,GE201,G2129,G6212,G2056,G6900,G6215,G2230,G2266,G6927,G2057,G2231,GE214,GE238,G2241,GE236,G2020,G6902,G2044,G2032,G9523,G6905,G6924,G6903,GE208,G2196,G2075,G1049,G2101,G2116,G6542,GE212,G2148,G2208,GE234,G7057,GE216,G3111,G6912,GE239,G2072,G2244,G6217,GE209,G6856,G2022,GE205,G2127,G2232,G2125,G2016,G2063,G6548,GE235,G2039,G6555,G6906,59473,G3134,G3137,G2041,G6562,G3117,G6661,G3142,G6917,G2096,G2067,G6907,G6540,G9517,G2093,G3110,G2195,G9524,G6908,G2257,G1016,G2102,G2092,G2002,G6559,G9543,G2007,G3112,G6543,59476,G6560,G2238,GE210,G2245,G2062,G9746,G6925,G6915,G1069,G2094,G2099,G2265,G3209,G6861,GE217,G9544,G2019,G2197,G2131,G9545,GE202,G6931,G2087,G2009,GE218,G2024,G6916,G2142,G9546,G6819,G2065,G6551,G6863,G2091,G3347,GE219,GE203,G6211,GE213,GE204,GE220,G1092,G2209,G3131,G6201,G2046,G3156,G2113,G2048,G2194,G6923,G3206,59485,G6805,G2025,G6909,G1087,G3324"
113.20,22.85,0.29,0.27,330,"G6902,GE201,59480,G6903,GE211,G2239,GE214,G2244,G2230,GE237,G6904,GE234,GE239,GE205,G6905,GE238,G6900,GE216,GE221,G6919,GE236,G6920,GE223,GE230,G6917,G6926,G6901,G2246,GE235,G6915,GE215,G2238,G2232,G6924,GE226,GE222,G2245,GE229,G2208,G3117,G2242,G6927,GE212,GE202,G6908,GE225,G3134,G2235,G6925,GE217,G2236,G6916,GE228,GE213,GE204,G6923,G2209,G9523,G3156,G2266,GE208,G6913,G9746,GE224,G1049,GE209,G6906,GE203,GE227,G6805,G6911,G2241,G2033,GE220,GE219,G2237,G6202,GE207,G2231,G6909,G1069,G6918,G3347,G2233,GE218,GE233,G1092,G3324,G2234,G7057,G2040,G6806,GE029,G6817,GE206,G2013,G6907,G2012,GE231,G2243,GE210,G2222,G1070,G2253,G6910,G9543,G6804,G6912,G6848,GE240,GE232,G6856,G6931,G9710,G3108,GE015,G1087,G2056,GE016,G9544,G6863,G3137,G2226,G3112,G2069,G2252,G3145,GE013,G2274,GE028,G6803,G2148,GE012,G2240,GE014,GE031,GE030,GE032,G9541,G6209,G1015,G3111,G2201,GE020,GE003,G6807,G2014,G6216,G2263,GE002,GE001,59481,G9518,G2219,G6855,G6819,GE011,G6814,GE019,G2265,G9575,GE004,G1000,G6816,G2079,G6811,G3129,G9517,G2202,G3141,G9547,G2001,G2257,G2204,G6861,G9807,G6864,G1047,G1088,G2256,G2260,G9524,G3107,G3128,GA006,GE021,GE024,G2259,G6661,G1016,G3131,G9548,G6847,GE025,G6809,G9747,G9545,G6700,G3218,G6810,G2055,G2061,G3110,G9793,G6801,G2072,GE027,GE023,G6800,G9792,G2124,G2082,G2090,G2126,G2223,G6845,GE026,GE009,G3130,G2225,G2264,G9573,G3138,G2221,GE006,G2015,GE010,G2116,GE008,G3444,G9508,G1071,GE005,G6930,G3249,G3237,GE022,G6813,G9806,G2078,G6559,G3142,G6860,59473,G9498,G6868,G6541,G2272,G6562,G2113,G1086,G9510,G2021,G9805,G3135,G2041,G6821,G3447,G6835,G9477,G3200,G2011,GE007,G2128,G9546,G1097,G3451,G2032,G2034,G9791,G6812,GE018,G6818,G3220,G9804,G3132,G2281,G6808,G3450,G6851,G1054,G7069,G3113,G9803,G9501,G6820,G9779,G2059,G9788,G3443,GE017,G9474,G2270,G6802,G2093,G9500,G3435,G3101,G6544,G3209,G1077,G6824,G2129,G2044,G3339,G2022,G1039,G9726,G9473,G9472,G9802,G3225,G3449,G6836,G9475,G9471,G3410,G3157,G2064,G6929,G9794,G9745,G1093,G3223,G3242,G9801,G6849,G9470,G9789,G9576"
113.20,23.00,0.29,0.27,422,"GE206,G6918,G6848,G2253,G2274,G6817,GE207,G6923,G2252,G2233,G2222,G2219,GE213,G2240,G1070,G9807,GE202,GE204,G6816,G2209,G1088,G6855,GE003,G9793,G9710,G2260,G6806,G3107,G6915,G2256,G3156,GE016,G2259,GE032,GE030,GE031,G6916,G9573,G6805,G6847,GE004,GE002,G9792,G3145,G2201,G9806,G3249,G3237,GE021,GE029,G2238,GE001,G2234,G2272,G2245,G9805,GE015,G6909,G2223,G6860,G9804,G9791,GE203,GE013,G2281,G6804,G9498,GE217,G1047,GE012,G3451,G9803,G6800,GE220,GE014,GE011,G3108,G6835,GE023,G6813,G3444,GE024,GE205,G6814,G9575,G2244,G1000,G6917,G9802,G3450,G9477,G2204,G9726,GE219,GE022,G9474,G6836,G3447,G6925,G3324,G6807,G9472,G9794,G3157,G9473,G3225,GE240,G9801,G9800,G9797,G2221,G9576,GE010,G6803,GE239,GE019,G3138,G9475,G6837,G1033,GE025,G1092,G3347,GE009,G9471,G9539,GE234,G9799,G6903,G3129,GE235,G1097,G3410,G3117,G9476,G6908,G6852,G6902,G9470,GE216,GE008,G3236,G9501,G1093,G1045,G3223,G9798,G9788,G3402,G9796,GE006,G9708,G3449,G6810,G2232,GE007,G3218,GE214,G9500,G3101,G3435,G1044,GE218,G6834,G6801,G9824,GE005,G6905,G2202,G9508,G3339,G9795,G9588,G2261,G1039,G3310,G9825,G9746,G1037,GE028,GE020,G2270,G3224,G9515,GE201,G3134,59481,G3222,G3345,G9478,G3220,GE238,G9706,G3443,G6853,G2230,G6809,G3316,G9996,G6833,G1053,G3314,GE026,G2226,G9505,G3344,G6812,G1094,G9771,G1069,G9587,G6851,G1087,G1015,G9499,GE236,G2208,G3309,G2239,G9722,G9506,G1071,G6900,G3128,G6924,G6858,59480,G1001,GE018,G3219,GE027,GE212,G3241,G1009,G9834,G3242,G3330,G6802,G6811,G3155,G3362,G9590,G2225,G9504,G9778,G2267,G6844,G2280,G3102,G9772,G3200,G9541,GE211,G6841,G9491,G2263,G6906,G6931,G6857,G6867,G6863,G9720,G9725,G3221,G9745,GE017,G6926,GE237,G6849,G6919,GE221,G3130,G6927,G6904,G9782,G1051,G9507,G9510,G2206,G3125,G9815,GE209,G9709,G3442,G9770,GE210,G3141,G9777,G6821,G2264,G7060,G9779,G9489,G9544,G9518,G9543,G9723,G6808,G1049,G9523,G9747,G3448,GE208,G2242,G1099,G9829,GE222,G1046,G6826,G9487,G1030,G6830,G3302,G6907,G6920,G6901,G7059,GE223,G7058,G6929,G9570,G9548,G9547,G9721,G9742,G9577,GE230,G6838,G2247,G3190,G6866,G6864,G1034,G2276,G9773,G6868,G9714,G2266,G3112,G2241,G6819,59288,G7066,GE215,G3403,G2246,G1095,G2248,GA006,GE226,G2231,G2235,G6831,G3454,G7057,G0903,G3136,G6845,G0902,G9835,GE229,GE224,G9724,G2273,G1018,G3238,G1054,G2279,G3407,G6820,G2271,G6912,G1036,G9527,G3135,G7064,G6856,G3137,GE225,G9789,G7062,G7069,G9589,G9554,G3131,G6832,G6913,G3140,G1032,G2236,G2251,G2265,G6827,GE227,G7061,G7068,G2249,G9813,GE228,G6861,G6930,G9526,G3404,G2268,G3114,G1003,G9502,G3228,G3311,G9582,G3139,G9545,G9828,G7065,G7067,G2255,G6865,G9844,G2254,G6839,G1019,G9567"
113.20,23.15,0.29,0.27,418,"G9706,G9796,G1094,G9588,G3310,G9587,G3222,G1044,G6837,G6852,G3236,G9797,G6858,G6857,G9802,G9795,G9800,G9539,G9576,G9798,G1033,G9778,G9799,G9801,G9726,G9815,G9794,G2281,G9804,G9803,G9825,G9771,G9708,G6834,G9515,G2206,G6836,G9487,G3219,G1046,G3157,G1045,G1051,G3224,G9472,G1009,G9782,G9806,G9777,G3225,G9473,G2272,G9722,G9791,G9824,G3237,G3249,G9805,G9770,G2247,G9476,G9725,G9474,G9475,G9573,G9772,G3403,G6831,G6830,G6841,G3451,G1037,G9470,G9793,G9742,G3402,G9471,G9720,G9996,G6853,G9507,G1095,G9723,G9589,G6860,G1053,G3450,G2261,G9773,G9498,G3410,G2248,G9807,G9792,G1093,G3223,G6835,G1001,G7060,G2249,G3241,G1088,G9834,G9721,G3316,G9505,G3404,G9506,G9813,G3107,G6847,G2219,G2260,G2259,G9724,G3362,G7066,G3314,G9477,G9844,G9567,G2256,G6816,G9570,G6813,G2223,G2251,G2276,G3345,G9478,G9491,G1010,G3346,G2280,GE021,G3449,G3447,G2274,G3221,G3444,G1099,G9504,G2275,G6855,G2240,G2282,G6833,G7059,G2279,G3344,G3407,G2252,GE022,G9501,GE003,GE004,G6859,G9845,G9829,G9788,G6800,G9500,G3101,G3435,G9563,G3339,G1014,G2268,G6848,G1039,GE023,G2253,G1097,GE002,G9499,GE206,G3309,G1011,G9709,G1036,GE030,GE031,GE032,G6817,G3102,G3405,G1047,GE001,G2201,G9488,GE010,G2222,G6867,G9577,G6829,G2221,G7063,G9489,GE024,G1070,G3138,G6918,G9710,G9842,G2270,G7064,GE016,G7067,G9565,G3145,G2250,GE007,G9590,GE009,G3254,G2233,GE207,G2267,GE011,GE008,G3443,59288,G3255,G6806,G2204,G9575,G3438,G6814,G3330,G1000,GE012,G9566,G6844,GE025,GE013,GE006,G6923,G6838,GE015,G3220,G3155,GE014,G9841,G3446,G3442,G0902,G0903,G6832,G9835,G3454,GE029,G7002,GE005,G3238,G9846,G2295,GE213,G9564,G9508,G3242,G6840,G2234,G9715,G1043,G3311,GE204,G2209,G6851,GE019,G3448,G6812,G6804,G6807,G7062,G1034,G3108,G1006,G6805,G6862,G3156,GE202,G6810,G6866,G3452,G3218,G3302,G9571,G3129,G9847,G1042,G6801,G6839,G2216,G9714,G3256,G9582,G3232,G7005,G6916,G6909,G1030,G9694,G6803,G3412,G6802,G3228,G9848,G3190,G1008,G9745,G6950,G9817,G2292,G9528,GE203,GE026,G6915,G6849,GE018,G7065,G3235,G3104,GE220,G7058,G9482,G9527,G7061,G9828,GE240,G2202,G3125,G2273,G3240,G6809,G1052,G2238,G3324,G1071,G9833,GE217,G2245,GE017,G9580,GE219,G6843,G3159,G9780,G3406,G9526,G6826,G3200,G9713,G1092,G3325,G9554,G1032,59481,G7012,G6842,GE020,G3347,G3136,G7001,G9707,G3312,GE028,G6850,G9483,G6925,G2271,G3161,G2225,GE027,G2293,G9695,G3128,G2218,G1003,G6917,G7014,G9779,GE205,G7013,G9572,G3327,G1015,GE218,G1026,G9814,G2244,G2294,G1018,G2289,G2226,G9510,G6949,G9822,G6929,G3260,G6808,G9697,G6865,G6908,G3253,G6952,G3416,G9502,59287,G6821,G3117,G3130,G9485,GE239,G1087,G9712,G6811,G9775,GE235"
113.20,23.30,0.29,0.27,320,"G9845,G9567,G9566,G9844,G1010,G9488,G3404,G9846,G2249,G3255,G9715,G1042,G9589,G9571,G3346,G9847,G6859,G1011,G9564,G2275,G2250,G3438,G9813,G3104,G3412,G6831,G2282,G9833,G3405,G3403,G9848,G9482,G3159,G1043,G9487,G3325,G9565,G1046,G2247,G9563,G1095,G9483,G6829,G9815,G2251,G1014,G3260,G2206,G6857,G2248,G9817,G9742,G3416,G9485,G9694,G1051,G9777,G9707,G3256,G6830,G3240,G9773,59284,G9782,G9778,G9724,G6858,G9770,G2268,G3251,G1094,G1026,G1006,G3411,G3254,G9587,G3452,G9842,G7066,G9706,G9723,G1052,G2295,G9721,G3219,G7063,G9725,G3222,G9486,G1009,G9507,G9695,G3446,G3310,G9588,G2279,G1025,G9697,G9822,G9771,G3407,G9772,G6841,G9720,G2276,G9823,G9796,G1081,G1059,G1044,G9795,G2293,G7060,G9570,G9484,G9722,G9515,G9841,G7067,G3236,G9825,G2216,G6852,G2292,G9798,G3406,G3224,G6834,G6837,G7005,G3414,G3253,G1024,G3252,G9539,G9708,G9797,G3263,G9799,G7059,G9800,G1033,G9576,G7002,G1045,G1036,G9824,G1099,G9814,G9801,G9802,G3420,G9996,G9794,G1001,G1037,G9834,G3241,G9726,G6853,G9780,G9703,G1073,G1053,G2294,G6836,G3259,G3157,G9832,G9816,G3362,G3413,G6840,G9829,G9472,G9476,G9528,G1008,G3225,G1040,G7064,G9803,G9473,G2261,G2281,G9491,G3221,G9506,G3402,G9804,G6950,G9475,G9470,G6949,G2280,G7012,G9505,G2218,G3316,G3119,G9474,G9471,G6862,G9577,G9504,G9791,G3415,G9781,G3314,G3419,G1093,G3223,G2272,G3410,G9806,G6935,G9805,G3232,G3237,G3249,G3126,G3451,G9572,G3450,G3311,G9766,G3401,G9478,G3345,G9709,G6936,G9573,G3257,G6832,G9489,G3344,G6860,G6833,G2298,59288,G6835,G9498,G3164,G6947,G6839,G9793,G1058,G3449,G2296,G7010,G2715,G6843,G3102,G6867,G3258,G9477,G9792,G9582,G0902,G9569,G0903,G3238,G6943,G9835,G3309,G9499,G3454,G9807,G3440,G6813,G6948,G6838,G3409,G3447,G7062,G6934,GR033,G9580,G9501,G8303,G3228,G9500,G3435,G3101,G3339,G7001,G1088,G3235,G6847,G9788,G1039,G1029,G2297,G2259,G2716,G2223,G3107,G9568,G2260,G6952,G9768,G3444,G1027,G3246,G2256,G9767,G2288,G2219,GE022,G9590,G9578,G7065,GE021,G6816,G7004,G3335,G2267,G3437,G1097,G9828"
113.20,23.45,0.29,0.27,165,"G1081,G9485,G1025,G3260,59284,G3416,G3259,G9483,G1059,G9484,G9832,G3251,G9486,G3325,G3415,G3159,G9833,G9703,G3104,G3411,G1042,G2715,G9571,G9482,G3419,G1073,G9847,G3412,G3414,G9766,G2716,G9768,G1024,G8303,G9846,G9715,G9848,G9707,G9566,G1026,G2705,G1027,G9564,G9823,G9767,G3255,G3417,G3420,G9701,G3109,G3438,G1043,G3263,G9488,G3240,G3258,G9817,G9697,G3257,G9769,G3413,G9822,G9845,G2250,G3126,G9695,G9694,G1011,G8311,GR033,G3256,G1010,G6859,G9567,G3252,G9844,G9816,G3405,G9565,G2293,G3346,G1052,G3404,G2275,G1040,G3253,G2249,G2282,G1058,G6829,G3119,G3352,G3440,G9589,G3409,G9813,G9563,G3246,G3452,G1006,G3418,G8300,G3262,G6943,G9814,G1014,G6831,G2704,G3406,G2295,G3403,G9781,G7010,G2251,G3354,G2294,G9568,G3254,G6936,G1095,G7004,G2247,G7000,G2292,G9487,G3446,G1046,G9842,G2703,G3437,G9737,GR031,G6947,G2268,G2248,G2216,G9740,GR032,G9742,G7063,G6949,G1028,G2298,G8301,G7005,G9815,G3401,G9773,G9724,G9780,G8304,G6830,G2206,G9841,G9758,G9569,G9777,G6935,G8312,G6857,G3123,G1051,G9739,G2218,G7066"
113.20,23.60,0.29,0.27,108,"G8311,G3417,G9768,G2716,G2705,G2715,G3109,G8303,G2704,G3415,G1027,G9701,G9769,GR031,G3352,G3259,G9832,G9767,G8312,G8300,G9766,G3419,G8306,G1081,G9703,GR030,G9737,G8304,G3262,59280,G1025,G8301,GR029,G9484,G1059,G1073,G9486,G2754,G8437,59284,G9485,G9736,G3251,G3258,G3260,G3414,G3416,G8302,G1024,G3411,GR062,G3123,G3257,G1021,G9483,G3418,GR033,G3426,G3354,G3325,G2702,G8308,G3159,G8313,G9758,G9754,G3420,G2703,G3126,G9833,G2701,GR077,G8327,G8307,G9756,G3104,G8353,G9738,G8334,G3413,G9823,G3263,G9482,G1026,G8320,G9707,G2781,G1042,G9705,G9571,G3246,G3412,G9847,G2768,G3440,G3409,G9739,G3353,G9848,G9719,G1058,G9715,G9846,GR032,G9697,G9822,G9816,G9566"
113.20,23.75,0.30,0.27,73,"GR030,G8308,G8306,G8312,G2704,GR029,GR031,G2702,G2754,G8307,59280,G8437,GR062,G8311,GR077,G8302,G2781,G8304,G8327,G3417,G3352,G8301,G2791,G9737,G9736,G3426,G2701,G8300,G3109,G2705,G8353,G9768,G2716,G2768,G8535,G9754,G8362,G9769,G8303,G1021,G2736,G9701,G2715,G3262,GR041,G9738,G1027,G8334,G2745,GR069,GR075,G8329,G9767,G2711,G3415,G2738,G2723,G3123,G8356,G8367,G2787,G9756,G9766,G8556,G3259,G8313,G9832,G8352,G3353,G3419,GR025,G8320,G8328"
113.20,23.90,0.30,0.27,55,"G8535,G2745,GR075,GR041,G8308,G2702,G8307,G8556,G8530,G8315,GR030,GR077,G2781,G8541,G8329,G2791,G2754,GR062,GR029,GR040,G8306,G8540,G2711,G2723,G2787,G8437,G8327,G8312,G8362,59280,G2736,GR031,G8302,G8352,GR039,G2773,G2704,G2701,G2768,GR043,G8353,GR025,G3426,G8552,GR036,G2738,GR069,G8304,G8326,G2748,G8328,G8342,G9736,G2724,GR074"
113.20,24.05,0.30,0.27,40,"G8540,GR075,G2745,GR040,G8315,G8530,GR041,G8342,G8541,G8535,G8556,GR073,GR036,G2772,GR074,G8552,GR043,G8567,G2773,G8566,G8538,GR037,G2771,GR034,GR039,G8329,G8308,G8536,G8546,59088,GR042,G8557,G2787,GR038,G8555,G2702,G2723,G2724,G2711,G8307"
113.20,24.20,0.30,0.27,42,"G8342,G8538,GR034,G2772,G2771,GR042,G8567,GR073,G8540,G8537,GR040,G8566,GR074,G8565,G8547,GR036,G2747,G8546,59088,G8347,G8348,G8532,GR035,G8315,G8530,G8552,G2777,GR037,GR038,G8536,G8541,G8545,GR075,G8561,G2745,G8533,GR043,GR041,G8568,G8556,G8531,G8543"
113.20,24.35,0.30,0.27,40,"G2747,G8537,GR042,G8545,G8547,GR034,G8538,G2771,G8561,G8565,GR035,G8567,G2777,G8568,G8563,G8532,G8347,G8348,G2772,G1466,G8542,G8342,G1460,GR073,G1426,G8548,G8533,G8566,GF004,G2770,GF701,G8546,59088,G4614,GF700,G8531,G8540,G8340,GR038,GR074"
113.20,24.50,0.30,0.27,36,"G1460,G1466,GF004,G8563,G8545,GF092,G2747,G4407,G1426,GF700,GF701,G8537,G8561,G8542,G8547,G4614,G4538,G8568,GR042,G4555,G2777,GR035,G4619,GR034,G4556,G4547,G8548,G8538,G4540,G8565,GF706,G2771,G4535,G8348,G8347,G8532"
113.20,24.65,0.30,0.27,38,"GF092,G4407,GF004,G4547,G4556,G4538,G4535,G1460,G4554,GF700,G1466,G4557,59081,G4540,G4549,G4555,GF701,G8563,G1426,G4541,G4534,GF704,G4614,G1403,GF706,GF705,G1464,GF702,G8545,G4401,GF007,G4619,G4551,G9884,G8542,G9881,GF102,GF005"
113.20,24.80,0.30,0.27,49,"G4554,G4549,G4547,G4557,59081,GF702,G4556,G1464,G4535,G4534,GF704,GF707,GF099,G4544,G4541,G4551,G4407,G9881,GF705,GF092,G4540,G1462,G9884,G9880,G4550,G4543,G4553,G4538,G4542,GF004,G9883,G1414,G1403,G4546,G8505,G4545,G4401,G8503,G8504,G8502,G1404,G4555,G1463,G4402,G4552,GF700,GF005,GF007,G1415"
113.20,24.95,0.30,0.27,64,"G9880,GF099,G1462,GF702,G1414,GF707,G1464,G4546,G4544,G1415,G4549,G4553,G4548,G4536,G4552,G4543,G1410,G1411,G4542,G4554,G4534,GF098,G4517,G1454,59081,G4557,G8505,G9881,G4545,GF703,G4550,G4563,G4608,G9883,G1463,G4567,GF704,57988,G4551,G8504,G4547,GF200,G4569,G9884,G4516,G4604,G4535,GF095,G4556,GF000,G8503,G1404,G4562,G4663,GF705,G8502,G4402,G1412,G1458,GF209,G4541,G1456,GF003,GF202"
113.20,25.10,0.30,0.27,60,"G1415,G4516,G4548,GF095,G1410,G4536,GF098,G4563,G4562,G1412,G1414,G9880,G4546,GF200,G1454,G4608,G1462,57988,G4519,G4604,G1413,G1458,G4663,G4567,G4517,G1411,G1456,G4601,G4602,G4518,GF099,G4552,G4569,GF204,GF209,GF096,G4566,GF707,G4553,GF703,GF203,GF702,G4544,GF202,GF097,GF201,G1470,G1464,G4609,G4605,G4543,G4542,G4568,G1463,GF000,G4607,G1461,G4545,G8505,G1472"
113.20,25.25,0.30,0.27,63,"G1412,GF204,G1413,G4519,G4516,G4518,GF095,G4562,G1472,GF210,GF096,G4648,G4601,G4561,G1470,GF097,G1458,G4565,G4602,G4563,G1456,G4609,GF207,GF200,GF203,G4663,G4560,GF098,G4604,G4606,G1410,GF205,57988,G4608,G4600,G4548,G1415,G4566,G4536,GF206,G1454,GF211,G4649,G1471,GF209,G4567,G4607,G1461,G4517,G1414,G4569,G4546,G4568,G4605,GF208,G1411,GF201,GF212,G9880,G4603,G1474,GF202,G4647"
113.20,25.40,0.30,0.27,34,"G4565,GF210,G1472,G4606,G4600,GF211,G4648,G1471,G4561,GF212,GF207,GF204,GF206,GF205,G1470,G4518,G4560,GF097,G1413,G4609,G4519,G1412,GF096,G4649,G4516,G4562,GF095,GF203,G4601,G4602,G1458,G1456,G4647,GF208"
113.35,21.95,0.29,0.27,53,"G1286,59682,G1222,G1205,G1273,G1214,G1203,G1293,G3984,G3985,G3990,G1218,G1207,G1297,G1274,G1299,G3999,G1241,G1224,G1234,G1235,G1210,G3951,G1298,G1220,G1292,G1256,G1208,G1217,G3983,G3982,G3968,G3962,G1289,G1232,G1295,G3993,G3950,G1258,G1278,G3980,G1280,G1238,G1240,G1252,G1225,G3987,G1226,G1206,G3994,G1230,G1254,G3986"
113.35,22.10,0.29,0.27,118,"G1297,G1299,G1218,G1210,G1298,G1220,G1273,G1256,G3990,G1222,G3951,G1289,G1205,G1293,G1258,G1295,G1232,G3950,G3962,G1240,G1252,G3987,G1224,G1238,G3980,G1206,G3968,G3960,G1217,G1207,G1250,G1278,G2037,G1241,59487,G3993,G3953,G3984,G3985,G1274,G3963,G1230,G3994,G1259,G1292,G1226,G2031,G1280,G1260,G3986,G1290,G2084,G1286,G3952,G1254,59682,G3964,G1203,G2085,G3999,G1221,G3956,G1208,G1214,G3957,G3995,G2036,G3989,G2003,G2070,G1234,G1235,G3958,G1255,G3983,G3982,G3966,G3996,G2083,G1261,G1212,G1253,G2017,G1202,G1269,G3991,G3967,G3954,G1225,G3965,G2077,G1272,G1276,G2086,G3955,G3961,G1268,G2058,G1271,G6204,G3969,G3970,G1251,G1215,G2111,G1237,G2193,G3992,G6208,G2053,G3981,G1209,G2010,G1233,59488,G3997,G1270,G3971"
113.35,22.25,0.29,0.27,173,"G3953,G2031,G1259,G3960,G3987,G2084,G1252,59487,G2070,G2036,G3952,G1250,G1258,G3989,G2017,G2037,G1206,G1240,G3956,G1261,G3963,G3964,G1289,G2085,G2083,G1256,G1238,G2058,G2077,G1220,G6204,G3950,G3980,G3961,G6208,G2003,G1298,G1255,G1295,G1210,G1232,G2010,G3969,G2086,G3962,G3955,G2054,G1260,G3965,G1299,G1262,G2053,G1278,G1297,G3959,G1290,G1253,G1251,G2081,G1237,G1230,G3951,G3957,G2060,G3988,G3991,G3968,G3994,G1272,G2076,G3995,G2035,G1264,G1271,G6207,G1221,G1217,G3967,G2038,G1265,G1263,G1218,G3993,G2068,G2018,G1226,G1212,G3996,G3986,G3954,G1224,G2050,G1233,G1254,G1270,G3990,G2112,G6203,G6214,G3958,G6549,G1215,G2088,G2027,G1223,59488,G1273,G2004,G1280,G3997,G2029,G6518,G4005,G2046,G1283,G1276,G3992,G6201,G1236,G6723,G1209,G1241,G1228,G1293,G3966,G1257,G2042,G1222,G1202,G3970,G1268,G1204,G2087,G2019,G3981,G1205,G2193,G1292,G1244,G2120,G3998,G1285,G2030,G3971,G6213,G2024,G3972,59485,G6706,G6702,G1243,G1207,G1282,G1274,G6698,G2026,G2133,G2002,G2051,G2028,G1269,G6593,GJ106,G6722,G6517,G2065,G2067,G2025,G1229,G2080,G2102,G1208,G3973"
113.35,22.40,0.29,0.27,185,"G2076,G2018,G6214,G2035,G6208,G6203,G2054,G6207,G2029,G2088,G2058,G2068,G2004,G2060,G6201,G6204,G2087,G2010,G1262,G2017,G2024,G2030,G2081,G2019,59485,G2046,G6213,G6549,G2070,G2077,G3959,G3961,G2027,G1261,G2002,G2050,G2036,G2065,G1263,G3988,G2067,G3969,G2026,G3989,G2025,G2007,G2083,G2038,G2009,G2080,G2063,G2031,G6723,G2042,G3956,G2053,G6217,G2084,G1259,G2086,G1264,G2039,G2051,G3952,G2075,G3955,G2062,G3953,G6211,G1237,G1283,G1251,G6548,G2102,G1255,G2085,G2028,G3964,G2003,G1257,G1265,G2020,G3960,G1223,59487,G6518,G3965,G6200,G6212,G1244,G6215,G2131,G3963,G2016,G2005,G2037,G1250,G3987,G6218,G1204,G1252,G1285,G2057,G6205,G1253,G2047,G2089,G1206,G6517,G2198,G2112,G1271,G2008,G2071,G2094,G3991,G1270,G2196,G1258,G1240,G1272,G1233,G2096,G2059,G2043,G1238,G1282,G4005,G1243,G2123,G3967,G2133,G1289,G3980,G3957,G2023,G1260,G3950,G2011,G2034,G2052,59488,G3998,G6593,G1236,G2074,G1256,G1290,G1227,G2078,G2064,G1295,G1220,G1215,G3997,G1212,G3995,G2006,G2044,G1228,G1232,G1229,G3954,G3996,G2092,G2132,G1221,G2099,G3962,G2091,G1298,G2045,G1211,G2082,G1230,G1278,G3992,G1294,G1210,G2021,G6722,G1209,G2120,G2015,G3994"
113.35,22.55,0.29,0.27,190,"G2007,G2062,G2009,G2016,G6217,G6215,G2065,G2067,G2024,G2063,G2025,G2002,59485,G2075,G6211,G2030,G6205,G2087,G2080,G2096,G6213,G2094,G6212,G6201,G2029,G2034,G2059,G2047,G2011,G2020,G2044,G2019,G2026,G6214,G2008,G2004,G6218,G2088,G6203,G2082,G2015,G2092,G2078,G2039,G2071,G2061,G2099,G6548,G2032,G2076,G2018,G2001,G2091,G2006,G2046,G2090,G2022,G2057,G2035,G6207,G6209,G2068,G2023,G2102,G2027,G2123,G2064,G6549,G2051,G2014,G2079,G2021,G2069,G2005,G2066,G2060,G2196,G2043,G2012,G2013,G2042,G2093,G2054,G2045,G2028,G2050,G6723,G2049,G2055,G6200,G2048,G2040,G2041,G2089,G6208,G1262,G6216,G6202,G2072,G2081,G2131,G2052,G2124,G1263,G2056,G2033,G3142,G2010,G3206,G2243,G6204,G2058,G6210,G3959,G1090,G2038,G1078,G3209,G2074,G3205,G6911,G3988,G1257,GE232,G6913,G2236,G1283,GE225,G9552,G2198,G3207,G1055,G2017,G3961,G3111,G2077,G1244,GA005,G3110,G3969,G2128,GE226,G3239,G2127,GE224,G1264,G1261,G6544,GE215,G2070,G6517,GE231,G3211,G2053,G6518,G9524,G6901,G2073,G2231,GE223,G1017,G1016,G2266,G9574,G6542,G2237,G1285,G2036,G1223,G9517,G2083,G9718,GE222,G3204,G3202,G2101,G2246,G9551,G6700,G3989,G6912,G9522,GE228,G2242,G9521,G1204,G1237,G2086,G6555,G9546"
113.35,22.70,0.29,0.27,231,"G2090,G2014,G2015,G2032,G2061,G6209,G2040,G2044,G2056,G2022,G2243,G2013,G2072,G2082,G2041,G2093,G3142,G6913,G2034,G2012,G2001,G3111,G2011,G6202,GE224,G2092,G2069,G3110,G2096,G2099,G3209,GE225,G2231,G2266,G2236,G6912,G9524,G2016,G9517,G2059,G2033,G1016,G2242,GE222,GE226,G2078,G6215,G2094,G6901,G2048,G3137,G2091,G3206,G6205,G9523,GE215,GE223,G2079,G6911,G1049,G6927,G9546,G6926,G1055,GE221,G2006,G2047,G3204,G9545,G3112,G2062,G2246,G3132,GA005,G3207,G6900,G6924,G6216,G2008,G6904,G6212,G9543,GE232,G9819,59480,G6217,G3205,G6211,G2021,GE238,GE211,G2066,G2075,G1089,G2055,G3131,G2230,G2007,G2071,G6218,G9544,G9551,G1086,GE228,G2009,GE230,G3134,GE201,G3239,G1048,G2020,G2237,G1056,GE229,GE237,G2063,G2124,G2232,GE231,G1078,G2049,G3213,G2064,G2065,GA006,G1069,G2067,G2025,G9522,GE216,G2023,G9547,G9746,G3117,G6920,G2080,G6903,G2002,G3203,G9518,GE239,G2024,G3120,59485,G2123,G3121,G3308,G3113,GA038,G2045,G2030,G3202,G6902,G9548,G2057,G9541,G2239,G3210,G1090,G3141,G6213,GE233,G6910,G1087,G2087,G2026,G2039,G1077,G6919,G9717,G9747,G3135,G9549,G9837,G3201,G2235,G9552,G3347,G6548,G6201,G9533,GE214,G3118,G6700,GE227,G1092,G2244,G2128,G9550,G2029,G2019,G2245,G1015,G3133,G2043,G9532,G1072,G6210,G9765,G2196,G1017,G9838,G3324,GE203,G6544,G6905,GE234,G2004,G9503,G6214,G2005,GE236,GE205,G2088,G1054,G9540,G9839,59481,G6916,G9519,G6203,G3128,G9509,G2102,G9574,G6915,G3130,G5967,G2052,G6541,G3156"
113.35,22.85,0.29,0.27,329,"G9543,G1049,G3112,G9523,G9544,G3137,G6912,G2231,G6927,G1069,G2266,G3134,G6924,G9746,GE224,G2242,G9518,G2232,G9517,G3131,G6926,G9547,GA006,G9545,G3111,G9541,G3117,G1087,G9524,G6900,G1016,GE238,GE222,G3141,G9548,GE216,GE221,G3347,G2243,G3110,G1092,G2056,G9747,G1015,G6913,G1086,G2230,GE239,G3324,G6901,G9546,G3132,G3135,59481,G3113,GE203,G6903,GE201,G2072,GE223,G3128,59480,G2040,G2245,GE225,G3130,G3142,G1077,GE226,G1054,G6916,GE215,G2041,G3108,G3156,G6904,GE211,G2014,G3203,G2236,G6902,G9510,G3133,G2013,G3209,G3129,G2209,G3204,G9837,G1056,G2244,G1071,G3218,G6915,G6209,G6202,G2093,G9789,G2090,G1000,G3244,G9819,G9575,G9779,GE213,GE237,G2246,G9509,G3145,G2012,G3213,G9710,G9838,G1089,G1070,GE207,G1055,G2033,G2032,G9508,G3120,G2239,GE214,GE205,G3210,GA038,GE202,G3140,G3118,GE230,G2061,G2022,G2015,G1047,GE234,G9532,G6911,G6923,G3206,G3115,G6817,G9839,G1019,G9765,G9540,G2238,G3138,G6920,G3220,G9717,G2069,G6918,GE229,G6905,GA005,G6848,G9597,G9745,G1048,G3125,G2252,G2240,G2048,G9840,G2082,G6917,G6919,G2001,G3207,G2044,GE206,G9551,GE228,G3308,G3443,GE204,G1018,G9533,G6816,G3242,G1097,GE236,G3139,G5967,G3444,GE235,G6075,G3107,G3201,G2233,G9550,G3447,G2219,G3155,GE217,G1088,G5949,G2253,G2237,G9788,G2092,G2034,G9501,G3114,G1919,G2099,G3101,G3435,G9500,G3330,G3136,G9477,G9792,G1039,G5951,G2208,G3121,G2235,G3339,GE232,G6805,G6925,G9522,G2079,G2274,G6908,G2011,G1030,G2222,G9807,G9498,G3239,G1967,GE212,G3449,G9590,GE231,G3205,G9499,G3309,G2091,G6216,G3442,G6909,G3302,G6806,G9793,G3450,G3448,G9503,GE220,G2096,G1072,G2078,GE227,G3190,GE233,G3451,G2234,G9502,GE219,G6126,G1904,G5950,G9549,GE029,G3158,G9805,G2059,G3410,G9554,G3344,G1926,G3345,G6129,G9478,G3223,G1093,G3249,G3237,G3102,G9791,G9474,G6910,G9471,G9714,GE016,G6072,GE208,G2094,G1031,G6003,GE003,G9806,G1032,G9475,G2006,G1989,G6804,GE209,G6906,G9470,G2016,G1034,G6151,G6855,G6142,G3202,G3314,G2241,G1003,GE015,GE032,GE031,GE030,G9527,G2055,G9473,G3402,GE218,G9525,G9559,G3225,G6128,G3316,G1078,G6205,G6087,G2260"
113.35,23.00,0.29,0.27,436,"G3218,G3129,G9508,G1000,G9575,G1071,59481,G3108,G3138,G3220,G3128,G1047,G3443,G1015,G3145,G3324,G1097,G9510,G9745,G3242,G3130,G9779,G1092,G3125,G9710,G3347,G3444,G3155,G9788,G1087,G9501,G3435,G3101,G9500,G3447,G1039,GE203,G3339,G3330,G9541,G9477,G1070,G9590,G3156,G3449,G9499,G3309,G9747,G3141,G1030,G3442,G6816,G1018,G3107,G6916,G2240,G9746,G9498,G3448,G3302,G2209,G3344,G3345,G3136,G9478,G1069,G9518,G2252,G3102,G1054,G9792,G9789,G3450,G9548,G3190,G3410,G3223,G1093,G6817,G1088,G3140,GE207,G3314,G9547,G9471,G3451,G9714,G2245,G6848,G3117,G3316,G2219,G1034,G9470,G9474,G3135,G9505,G3402,G9475,G9544,GE213,G3134,G9554,G3114,G9504,G3139,G9709,G9805,G9506,GA006,G9489,G9476,G2232,G9527,G9791,G9807,G9473,G1019,G3225,G1032,G1053,G9472,G9502,G9793,G9543,G1037,GE206,G9491,G6918,G9996,G3249,G3237,G3362,G3221,G3157,G1001,G3241,G1003,G9834,G9824,G3454,G0903,G9835,GE216,G6923,G0902,G1045,G3238,G6915,G9794,G3244,G9806,G9803,GE239,G1077,G9526,G9726,G3131,G3112,G9801,G9708,G2274,G9525,G3224,G9577,G9799,G1033,GE202,G9829,G6924,G9804,G3133,G3113,G3158,G9576,G9825,G2253,G9798,G1031,G9722,G9515,G9800,G9539,GE238,G9597,G1099,G1049,GA003,G9713,G9509,G9802,G9828,G9797,G6903,G3236,G9795,G9559,G9771,G9720,G9523,G9772,G6927,G2233,G1086,G3228,G3312,G9573,G6003,G1044,G2281,G1009,G3137,G6900,G9582,G9545,G2230,GE204,G2222,G6129,G9507,G3219,G9725,G2244,G2272,G1919,G9570,G9588,G3222,G9712,G6926,G3235,G6912,G6087,G1036,G3311,G2238,G9796,G9837,G6075,GE201,G2260,G6902,G3115,G9723,G6126,G2231,G2266,G6855,G6837,G9721,G2256,GE205,GE003,G2242,G9770,G2259,G9838,G9587,G6847,G1079,G3227,G3203,G9778,GE221,G9782,G9517,G3407,G6127,G9711,G6806,G6805,59480,G6852,GE224,GE222,G1094,G3132,G9580,G9524,G1016,G3329,GE004,G6860,G1051,G9777,GE016,GE032,GE031,GE030,G9579,G6836,GE021,GE002,G3161,G1975,G9839,G9514,G5946,G3232,G1907,G9706,G9773,G3327,G9724,G2201,GE234,G6917,GE217,G3250,G6128,G9586,GE029,GA007,G9742,G3111,G9540,G2234,G9546,G3310,GE001,G2223,G5947,G5948,GE214,G6909,G5949,G9815,G3110,G6153,G6835,G6901,GE211,G6002,G6151,G1002,G3118,GE015,G9532,G9513,G3226,G9840,G1926,G9775,G3231,GE220,G6857,G6813,G6904,G6804,G1056,GE223,G5966,G9765,G1947,G6800,GE013,G6925,G6834,GE235,G1095,G6905,GE012,G6913,G2239,GA014,G1929,G6019,G6858,G3210,G2243,GE023,G6008,GE011,GE014,G1046,GE219,G6072,59287,G3332,G2056,GE024,GE022,G3120,G6152,G6908,G1008,G9841,GE237,G6814,G3213,GE226,G9591,G3403,G9842,G6018,G5950,GE215,GA038,G2204,G5967,GE225,G9528,G1904,GE240,G9487,G6000,G2221,GE010,G9717,G5951,G6807,GE236,G1014,GA018,G3204,G2261,G6803,G2072,G9819,GE019,GA008,G6853,G2206,G3446,GE025,G3142,GE009,G2040,G9813,G2236,G2208,G3233,G1945,G9578,G9563,GE218"
113.35,23.15,0.29,0.27,406,"G9829,G3221,G1099,G9491,G9577,G9504,G3362,G9709,G9489,G9834,G3241,G1001,G9506,G9570,G1036,G9505,G3102,G3314,G3316,G1053,G3344,G9720,G0902,G9996,G0903,G9478,G3345,G9835,G3454,G3238,G3407,G9507,G9721,G9772,G3309,G9499,G1037,G9723,G3311,G9725,G9722,G9590,G3223,G3402,G1093,G3449,G9824,G1034,G9582,G1009,G3224,G3442,G3410,G9470,G1039,G3339,G9724,G3228,G9770,G3101,G3435,G9500,G9471,G9476,G3219,G9714,G3448,G9773,G3330,G9515,G9788,G9501,G9771,G9825,G3232,G9475,G3235,G9828,G3302,G1045,G9782,G3155,G9708,G9742,G3190,G9527,G3450,G9473,G9777,G9474,G3225,G9477,G3447,G1097,G1030,G3443,G9472,G1051,G9798,G9580,G9841,G9842,G3242,G3157,G9795,G9799,G9778,G9526,G9713,G3444,G1033,G9794,G1008,G9498,G1095,G9801,G3312,G3451,G3222,G3220,G1032,G1044,G9539,G3236,G1014,G9576,G9528,G9554,G3161,G3446,G9726,G3138,G9588,G9587,G9791,G9800,G9815,G9745,G9805,G3327,G1003,G9797,G9563,G3125,G9803,G3136,G3403,G9508,G9792,G9796,G1047,G1094,G9712,G9813,G9802,G1046,G3227,G9775,59287,G3237,G3249,G3107,G9804,G9502,G9780,G6857,G9579,G1088,G9575,G9806,G1002,G1000,G1006,GA003,G9525,G6816,G3218,G3405,G9706,G9565,G3231,G3346,G9578,G1018,G9793,G1071,G9572,G6837,G9487,G3129,G1011,G9513,G9807,G2281,G3145,G2240,G3332,G3406,G2219,G6852,G3310,G3114,G3329,G3226,G9779,G9710,G6858,G9589,G1010,G2252,G1031,G9844,G3108,G9586,GA004,G3164,G9694,G1052,G1070,G2272,G3158,G1079,G9514,G9573,G3438,G9774,G9559,G9510,G2206,G6831,G3139,G3233,G9567,G6836,G6848,G9817,G6817,59481,G9814,G3128,G3234,G2247,G2249,G3230,G3404,G9711,GA007,G6834,G3130,G6003,G9591,G3240,G1029,G3140,G6127,G2274,G9564,G3401,G3162,GE206,GE207,G3250,G3324,G6087,G9695,G1015,G9789,G9845,G3156,G1975,G6860,GE203,G0816,G6830,G2209,G2260,G1019,G1092,G6918,G6129,G9848,G3146,G9715,G6847,G2259,G9561,G2253,G3347,G2256,G6916,G9822,G9781,G6002,G6841,G9697,GE213,GA014,G9566,G1087,G2248,G6835,G6855,G1054,G9569,G3335,G2275,G1907,G6853,G5948,G9707,G5946,G6859,G9747,G2261,G9482,GE021,G9488,G6923,G9541,GE003,G5947,G2223,G2282,G2222,G3141,GA008,GA018,G3229,G6126,GE004,G9776,G6813,G2233,G2251,G1040,G3322,G2245,G9558,G7060,G1062,G9585,G9597,G9846,GE002,G9548,G1919,G1042,G9823,G7066,G9816,G9555,GE202,G5966,G3104,G9746,GA024,GE031,GE030,GE032,GA009,G9562,G3135,G3255,G9518,G3244,G3333,G6800,G9571,G0817,G9584,G2201,G6915,G1069,GE022,GE001,G2250,G6000,GE016,G2276,G3263,GE204,G9560,G9547,G9847,G9783,G6806,G9784,G6128,GE023,G3117,GA015,G3325,G3159,G1007,G2280,G2279,G6153,G6833,G6829,G1929,GA023,GA012,G6075,GA016,G2268,G7059"
113.35,23.30,0.29,0.27,333,"G1006,G1052,G9694,G3406,G3446,G9817,G9565,G3240,G9842,G9695,G9814,G9841,G1014,G9780,G3405,G9563,G9822,G9697,G3438,G1011,G9528,G1008,G9564,G9707,G9572,G9848,G9781,G3401,G9724,G3346,G9813,G9823,G1040,G3407,G3164,G9816,G9773,G9482,G3263,G1095,G9715,G1036,G9721,G9742,G3232,G9569,G1010,G9570,G1029,G3413,G9723,G3403,G9844,G3311,G9770,G3335,G9507,G9777,G9578,G1099,G9566,G9782,G3104,G9725,G1051,G9720,G3325,G1024,G9580,G9829,G9567,G3414,G9772,G1058,G3251,G9577,G3159,G9483,G9589,G9568,G1046,G9815,G9582,59287,G1042,G1009,G9845,G3235,G3219,G9486,G9778,G3437,59284,G9555,G3228,G9561,G3161,G3221,G9571,G3230,G9834,G3404,G3241,G3362,G9722,G9491,G3440,G9846,G3333,G1001,G3160,G3260,G2249,G9771,G9581,G9775,G1059,G0902,G3327,G9487,G3238,G0903,G9835,G0817,G9847,G3257,G3454,G9504,G9489,G9709,G1007,G9584,G9833,G9558,G9774,G0816,G9828,G3246,G9506,G9996,GA004,G9515,G9488,G3224,G1053,G9826,G6831,G9587,G6857,G1028,G9825,G9505,G1037,G3222,G9824,G3316,G9795,G3255,G3231,G3314,G1002,G1094,G9560,G9708,G3258,G9703,G9588,G9485,G9713,G6859,G3312,G3102,G3412,G1044,G9798,G1045,G3332,G3356,G3402,G3344,G2247,G9478,G3345,G2275,G1034,G9476,G3236,G9741,G9799,G3227,G1081,G9470,G3233,G3234,G9557,G3416,G9783,G9784,G1093,G3223,G9579,G3229,G9706,G9526,G2250,G9539,G2206,G9513,G9796,G1033,G3419,G3309,G9471,G9499,G9714,G3410,G9475,G2282,G3225,G9801,G6858,G9527,G9473,G3157,G9576,G9472,G9712,G9794,G9590,G9740,G9800,G9562,G9766,G3442,G3449,G9556,G9832,G9797,G3448,G9474,G9726,G3226,G3302,G9776,G3190,G3339,G1039,G3310,G9585,G1043,G3450,G3162,G3435,G3101,G9500,G1032,G3330,G9802,G9501,G9788,G9762,G6830,G3328,G2248,G1030,G9803,G3451,G3155,G9554,G1025,G6837,G3418,G1003,G9791,G2251,G6852,G9477,G6829,G3329,G3447,G9498,G9805,G3428,G3146,G9586,G9804,G1097,G3411,G3355,G3322,GA003,G9512,G9767,G3443,G3242,G3415,G9591,G1022,G3444,G3237,G3249,G9484,G9525,G2281,G1027,G9514,G9763,G9806,G6834,G9502,G3136,G3259,G9792,G3256,G9761,G3220,G1026,G6841,G3151,G7066,G3138,G1079,G9745,G3364,G6836,G2268,G9701,G9739,G3354,G3125,G9793,G3107,GA007"
113.35,23.45,0.29,0.27,185,"G1024,G3257,G3414,G3413,G3263,G3258,G9823,G1058,G3440,G9816,G3246,G9703,G3419,G9486,G9766,G1059,G1040,G9697,G9822,G3251,G9707,G9695,G3418,G9767,G9568,G9832,G3240,G3437,59284,G1027,G9781,G9740,G1028,G9817,G9701,G9482,G1081,G9848,G1052,G9483,G9814,G3354,G9694,G3260,G3325,G9769,G3415,G3160,G3159,G9564,G9739,G9569,G3104,G9581,G3406,G3109,G3401,G3262,G9715,G3438,G3356,G1006,G9485,G3364,G9768,G9758,G3355,G9762,G9565,G3335,G1042,G9833,G3417,G3416,G3352,G3259,G3405,G1011,G9705,G1025,G9566,G9780,G9571,G9826,G3123,G9555,G3164,G2716,G3333,G1029,G1007,G9761,G3446,G9741,G9847,G9572,G3363,G9563,G9846,G2715,G3428,G0817,G9737,G1014,G9484,G3367,G9719,G9584,G9842,G3346,G9841,G9760,G3412,G1010,G9528,G9757,G9756,G9763,G8303,G9558,G9557,G2705,G3411,G9813,G1008,G1080,G9561,G9844,G8311,G9845,G9560,G1021,G3255,G9481,G9567,G9488,G9512,G3307,G3429,G9556,G1073,G3353,G9480,G9736,G9724,G1095,G9578,G3303,G9783,G3230,G3403,G9784,G3404,G9759,G0816,G9589,G9773,G3407,GR031,G9742,G2249,G2250,G3232,G1026,G1043,G6859,G9721,G1036,G9738,G9754,G9735,G9734,G3127,G9764,G9570,G3328,G2704,G1046,G2275,G3229,G9723,G3151,59287,G9777,G9774"
113.35,23.60,0.29,0.27,133,"G3262,G3352,G9769,G9737,G9701,G9767,G3123,G3109,G1027,G3354,G9758,G1021,G3418,G9736,G9756,G3417,G9766,G9705,G3258,G3419,GR031,G9719,G9754,G3426,G9739,G3353,G9768,G9738,G3257,G9703,G9757,G8311,G3363,G9832,GR029,G3415,G8353,G3246,G2754,G2716,G3414,G9740,G1024,G3440,G3303,G2704,G1080,GR062,G3364,G2768,G1059,G2785,G1058,G9486,G3413,G2705,G9759,G2715,G1081,G8356,GR030,G2709,G3263,GR077,G9735,G3251,G8303,G3355,G3259,G1028,G2781,G9760,G9823,G9568,G3367,G3127,G9816,59284,G3437,G8362,G8367,G3307,G2738,G9762,G1040,G9480,G2710,G2702,G9761,G2791,G9481,G3260,G8312,G2736,G9697,G9707,G9822,G8358,G3356,G1025,G9483,G3160,G8306,G3326,GR060,G9485,G3325,G9695,GR076,G9581,G9716,G9484,59285,G3427,G3159,G9482,G9781,G2782,G3416,G2732,G3428,G3429,G3240,G9848,G3104,G8300,G8308,G9734,59280,G9817,G9763,G9569,G1073"
113.35,23.75,0.30,0.27,90,"GR062,GR077,G2754,G3426,G2781,G8353,G2768,GR029,G9736,G9754,G2791,G8362,G9738,G2736,G2702,G1021,G9737,GR031,G2738,G8356,G8367,GR030,G3352,G9756,G3353,G2709,G2711,G3123,G2785,GR025,GR060,G3262,G8352,G2787,G8308,G2704,G8358,GR024,G9769,G9758,G3109,G9719,GR076,G8311,G2710,G3417,G9757,G9705,G9701,G3303,G8361,G8535,G2789,G8312,G8306,G8355,G3354,59087,G8357,G1027,G9767,G2782,G3363,G9735,G2748,GR041,G9759,G2734,G9768,G1080,G3418,GR039,G8307,G9739,G2732,GR061,GR001,G3127,59280,G2716,G9766,G8437,G2745,G2705,G3419,GR075,G3258,G3415,G2786,G2773"
113.35,23.90,0.30,0.27,68,"G2711,G2787,G8535,G2791,G8352,GR041,G2781,GR039,G2736,G8362,GR077,GR025,G2702,G2773,G2748,G8530,G8315,GR062,G2745,GR075,G2738,G8357,GR024,G2789,G2768,G2754,G8367,59087,G8353,G8355,GR040,G8308,G8557,GR029,G3426,GR060,G8356,G8552,GR030,G9754,G2788,GR036,G2783,G9738,G9736,GR061,G8358,G2714,G8361,G2709,GR074,GR031,GR076,GR001,G2785,G1021,G2734,GR037,G2735,G8307,G8350,G2786,G9737,G8540,G2710,GR026,G3353,G8549"
113.35,24.05,0.30,0.27,57,"G8552,GR040,GR036,G8315,G8530,G2773,GR074,GR037,G8557,GR039,GR041,G8536,G8535,G2745,GR075,G8342,59088,G8546,GR038,G8549,G2787,G2748,G8540,G2711,G8352,G8567,G2714,G2735,G2788,G8357,G8350,GR026,G2789,GR025,G2791,59087,G8553,G2783,G8538,G2736,GR024,G8531,G8365,G8355,G2781,G2727,G8362,GR078,GR073,G2702,G8347,G8532,G8348,G8541,G2772,GR077,G8341"
113.35,24.20,0.30,0.27,48,"G8567,G8546,59088,GR038,GR074,G8536,GR037,GR036,G8342,G8348,G8347,G8532,G8552,G8538,G8531,G8533,G2777,GR040,G8549,G2727,G8547,G8553,GR042,G8315,G8530,GR034,G8557,G8561,G8340,G8548,G2773,G8540,G8568,G2771,G2772,G2747,GR073,G2735,G8537,GR039,G8341,GR072,G2728,GR041,GR075,G2714,G2745,GR026"
113.35,24.35,0.30,0.27,45,"G2777,G8561,G8568,G8348,G8347,G8532,G8547,G8548,G8533,G8340,G8567,G8531,G2747,G8538,G2728,GR042,G2727,G1426,G8546,59088,GR038,G2775,G8545,G8537,G4614,GR072,GR034,G8536,G8553,G8342,G2771,G4664,GR074,G4619,GR037,GF100,GR036,G8551,G4612,G8549,GF004,G1460,G8552,G8563,G1466"
113.35,24.50,0.30,0.27,47,"G1426,G4614,G8568,G4619,G8561,G4664,G8548,GF100,GF004,G2777,G8547,G4612,G2728,G4407,G2775,GF092,G2747,G8545,G1429,G1460,G8340,G8347,G8348,G8532,G8533,G1466,G4667,GF102,G1403,GF007,G4615,G8563,G1409,GR072,G8537,G4666,G4610,G4618,G8569,G4541,GF104,G4535,G4401,G8531,GR042,G8538,GF700"
113.35,24.65,0.30,0.27,59,"G1403,G4541,G4535,GF007,G4407,G4614,G4401,G4619,GF102,G1426,GF004,GF092,G1429,G4557,59081,GF704,GF005,GF100,G4610,G4534,G4547,G4664,G4554,G4666,G4551,G4612,G4411,G9884,G4403,G9881,G4667,G4556,G4615,G1460,GF104,G4617,G1409,G4549,G4550,GF006,59082,G1401,G1406,G1466,G4415,G8568,G4412,G4402,G4538,G8561,G4408,G9883,G1404,G4405,G4406,GF700,G4409,GF003,G2775"
113.35,24.80,0.30,0.27,62,"GF704,G4534,G4551,59081,G4541,G9884,G9881,G4557,G4535,G4550,G4401,G1403,G9883,G4554,GF005,GF707,G4402,G1404,GF007,G4553,GF003,G4549,GF702,G1463,G4547,G4403,G4415,G4411,GF102,G1401,G4404,G4405,G1405,G1406,G4610,GF006,G4556,G4407,G1464,G4552,GF000,GF703,G4409,G4408,G4412,G4400,G1429,G4546,G4406,GF092,G4410,G4666,GF099,G1411,G4617,GF004,G9880,G4517,GF001,G4619,G1462,59082"
113.35,24.95,0.30,0.27,72,"G4553,G4552,GF707,G1463,GF703,G9883,G4550,G4546,G1411,GF000,G9881,G4517,G1404,G4402,G4551,G9884,G1454,GF003,G4569,G4534,GF702,GF704,G4608,57988,G9880,G1405,G4404,GF202,59081,G4604,G4557,GF200,GF099,G1462,G4663,G4549,G1425,G1414,GF201,G4541,G1464,GF001,G4554,G4415,G4535,G4405,G1415,G4605,G1456,G4548,G4401,GF005,G4602,G4568,G1401,GF095,GF308,G4562,G4525,G4403,G4536,G4544,G1403,G4409,G1406,G4400,G4516,G1410,G4547,G4408,G4439,GF098"
113.35,25.10,0.30,0.27,69,"G4608,57988,G1454,G4604,GF200,G4569,G4517,G4663,G1411,G1456,G4602,GF202,G4552,GF201,GF703,G4546,G4605,G4562,GF095,G4568,G4519,GF203,G4607,G1461,GF000,G4553,G4516,GF308,G1463,G1474,GF204,G4609,G1412,G9880,GF707,G1415,G4603,G4548,G9883,G4525,G1414,G1448,G1425,G4560,G4536,G1410,G1462,GF098,G1449,G1404,G4563,G4550,G1413,G1459,G4402,GF003,GF099,GF205,G1465,G9881,G1446,GF702,G1455,G1405,GF001,G4518,G4647,G4404,G1458"
113.35,25.25,0.30,0.27,62,"GF203,G4609,G4602,GF204,G4560,G1456,G4519,GF205,G4663,G4607,G4562,G1461,GF095,GF200,G4604,G4603,GF206,G1474,G4568,G4561,G4605,57988,G4647,G4608,GF201,G4516,G1412,G1454,G1472,GF202,G4569,G1459,G1449,GF210,G4517,G1413,GF308,G1418,G1448,G1411,G4565,G1465,G4518,G1452,G1471,G4648,G4606,G4552,G4546,G1417,GF703,GF212,G4600,G4422,G1446,G4563,GF211,GF096,G4601,G1458,G4525,G1415"
113.35,25.40,0.30,0.27,38,"GF206,GF205,G4561,G4560,G1471,GF212,G4609,G1472,G4647,GF204,GF210,G4565,G4606,G4600,GF211,GF203,G4603,G4519,G4648,G4602,G4607,G1461,G1474,G1418,G1456,G4562,GF095,G1459,G4663,G1412,G4568,G1452,G1449,G1413,G4605,GF200,G1417,G4516"
113.50,21.95,0.29,0.27,35,"G1205,G1292,G1222,G1224,G1218,G1280,G1217,G1273,G1299,G1286,59682,G1226,G3994,G1232,G1293,G1297,G3990,G1295,G1230,G1210,G1220,G3980,G1298,G1214,G1203,G1256,G1238,G3984,G3985,G1221,G1240,G1207,G3995,G1276,G1206"
113.50,22.10,0.29,0.27,89,"G1292,G1224,G1217,G1280,G1226,G3994,G1230,G1232,G1295,G3980,G1221,G1238,G3995,G1299,G1218,G3996,G1276,G1240,G1212,G1206,G1205,G1220,G2037,G1210,G1222,G1256,G3970,G3981,G1298,G1252,G3991,G3992,G3971,G1297,G3972,G1209,G1272,G1215,G2085,G1273,G3987,G2003,G1271,G3997,59488,G2084,G1258,G1233,G1289,G1228,G3960,G3973,G3990,G1270,G1236,G3953,G2086,G4005,G2083,G1293,G1237,G2031,G2036,G3950,G3951,G2053,G1250,59487,G1259,G3974,G2077,G3962,G3998,G3963,G1207,G1223,G3968,G2070,G3952,G1278,G3975,G2010,G6204,G1243,G1286,G2017,59682,G3984,G3985"
113.50,22.25,0.29,0.27,137,"G3991,G1272,G1271,G2003,G3995,G1212,G3996,G1221,G2085,G1233,G1215,G2086,G1270,59488,G1237,G3997,G3992,G1230,G2053,G3994,G1209,G1276,G4005,G2083,G1228,G2037,G1236,G1226,G3970,G1206,G2084,G3981,G3980,G1238,G3971,G3972,G2077,G1295,G1232,G1240,G2036,G1223,G3998,G1217,G2038,G1280,G2010,G1252,G1204,G3973,G2081,G1243,G6204,G1282,G1283,G1285,G2031,G3953,G1229,G3987,G3960,G1244,G2050,G1220,G1224,G2054,G1256,G6208,G1259,G2017,G3974,G1292,G2070,G1227,G2068,G1258,G2027,G1210,G1299,G2042,G1298,G2058,G2035,59487,G1211,G3975,G1289,G3989,G1250,G2028,G1261,G3952,G3976,G1218,G2051,G3956,G1294,G6200,G1297,G6203,G3950,G2076,G3963,G2004,G3964,G3961,G3977,G3978,G6214,G2089,G2018,G2026,G3962,G1262,G3969,G2060,G2029,G1255,G6213,G6207,G1205,G2005,G1222,G3951,G3959,G3979,G1273,G2030,G1277,G3955,59485,G3990,G1278,G2080,G2088,G6201,G2074"
113.50,22.40,0.29,0.27,162,"G1283,G2050,G2042,G2038,G1244,G2027,G2028,G1223,G2081,G2051,G1285,G1204,G6200,G2068,G2053,G1237,G2010,G1282,G2035,G2089,G2054,G1243,G2086,G2026,G1227,G2005,G2004,G2077,G6203,G1270,G3998,G6204,G1229,G2083,G4005,G1211,G6213,G1233,G1271,G6208,G1294,G2080,G2003,G1236,G2074,G2043,G2052,59488,G6214,G2030,G2025,G1272,59485,G2029,G3991,G2076,G1228,G2036,G2085,G3997,G2065,G6211,G1215,G2009,G2073,G2084,G6218,G2024,G2018,G2071,G2058,G6201,G3992,G2023,G2017,G1209,G1212,G2008,G2062,G2087,G2007,G3996,G2088,G2070,G6210,G3995,G2045,G6207,G1221,G2031,G2037,G3972,G3971,G3981,G3973,G3970,G2002,G2060,G1276,G9718,G2094,G1206,G1261,G2067,G3953,G2019,G3211,G1259,G1262,G3974,G2006,G2016,G3989,G2066,G2049,G1090,G3961,G1230,G1238,G3975,G6217,G2063,G1240,G2096,G3980,G1252,G2046,G3994,G3960,G9818,G9521,G3976,G9552,G2091,G3959,G6549,G1226,G9574,G3987,G3956,G1295,G3952,G2075,G1232,G3969,G2099,G2092,G3988,G1263,G6219,59487,G6215,G3977,G1017,G3978,G3964,G1078,59490,G1217,G2039,G1250,G1258"
113.50,22.55,0.29,0.27,165,"G2071,G6218,G2023,G2008,G2043,G2005,G2045,G2052,G2006,G2066,G6211,G6210,G2049,G2089,G2080,G2094,G2026,G2074,G2091,G2051,G1090,G6200,G2025,G2028,G2062,G2096,G2099,G2009,G9552,G2092,G6213,G2065,G3211,G2016,G1078,G2073,G2042,G9718,59485,G9574,G2030,G2027,G9521,G1017,G3205,G2004,G2007,G2048,G9818,G2024,G2044,G2050,G2022,G6203,G2029,G1244,G2068,G1283,G3239,G3202,G2035,G3206,G2032,G6214,G3207,G2093,G9535,G1285,G1294,G6215,G2038,G6201,G2087,G6217,GA005,G2002,G2067,G9522,G1091,G2015,G2081,G9748,G1055,G1227,G1204,G2090,G1211,G2076,G2063,G9749,G1223,G2041,G9551,G3209,G2034,G2054,G3208,G6219,G2075,G2061,G3212,G1282,G9534,G3142,G6205,G9519,G2010,G2088,G3121,G2011,G9549,G2018,G2072,G2082,G1243,G2059,G1048,G2019,G9520,G2014,G2053,G6212,G3204,G1229,G6208,G1089,G6204,G2047,G1237,G6209,G9819,G2020,G6207,G3308,G2077,G1072,G3998,G2001,G3110,G2078,G2086,G2056,G2046,G2039,G9546,G3111,G2083,G4005,G3201,G2040,G2060,G2243,G1270,G3213,G2013,G1016,G9524,G9503,G2058,G6548,G1236,G1233,G9517,G6549,G1056"
113.50,22.70,0.29,0.27,218,"G2048,G3206,G3207,GA005,G3205,G1055,G3239,G9551,G3209,G2093,G9522,G1078,G2091,G1048,G3204,G2099,G3202,G2041,G2066,G1089,G2022,G9819,G3121,G3142,G2092,G2006,G2049,G9549,G3308,G2072,G1090,G2032,G9546,G3213,G3110,G9552,G1056,G1017,G1072,G2045,G3201,G2094,G2096,G3132,G9519,GA038,G1016,G2008,G2044,G3120,G2023,G9524,G2071,G9550,G2090,G9533,G9503,G3111,G9517,G9534,G3208,G3212,G9717,G3210,G6218,G9574,G6210,G9520,G2015,G2056,G9545,G3203,G2014,G2016,G3211,G1086,G9521,G1091,G3118,G2243,G2061,G3137,G9765,G1966,G9749,G1967,G6088,G6912,G9532,G6142,G2043,G5952,G6211,G3131,G9718,G5967,G6209,G9837,G9535,G2040,G2062,G9818,G3112,G2231,G6143,G1997,G3113,G9748,G2052,G9540,G9838,G6056,GE224,G9839,G2082,G2266,G9840,G2034,G1901,G6913,G2013,G5951,G2005,GA006,G1077,G1989,G1049,G9543,G2080,G2074,G9523,G3133,G2009,G2025,G9544,G2011,G6215,G9547,G6055,G6097,G3115,G2065,G9509,G2001,G2242,G3135,G2089,G2012,G2026,G2073,G6927,G9518,G9548,G2007,GE222,G2059,G1985,GE225,G6205,G6213,G6202,G5949,G3244,G5968,G3141,59485,G6926,G1136,G3614,G2051,G2069,G9747,G2236,G6200,G2030,G6059,G6053,G6130,G6901,G6924,G1904,G9541,G1069,G1054,G2078,GE221,G3526,G6217,G5950,GE226,G6219,G2024,GE223,G2028,G3134,G2033,G6112,G6058,GE215,G6900,G1152,G2047,G9746,G1087,G2075,G6075,G2067,G6071,G9597,G6212,G3746,G2063,G6054,GE238,G2079,G2004,G2232,G2002"
113.50,22.85,0.29,0.27,281,"G3203,G9837,G1056,G3210,G3118,G3120,G1086,G3213,G3132,G3113,G9838,G9532,GA038,G9765,G1077,G9540,G9717,G9839,G3133,G9546,G9819,G9840,G9545,G9509,G3131,G1089,G3204,G3115,G5967,G9533,G3135,GA006,G3244,G9550,G3308,G3201,G1016,G5951,G1048,G9524,G9547,G1967,G9548,G9517,G3110,G5949,G1054,G3112,G1055,G9518,G9747,G9551,G3137,G3209,G3141,G9503,G9544,G9597,G6075,GA005,G3121,G1072,G9543,G1904,G9789,G1989,G3142,G5950,G3111,G6142,G3207,G9541,G6912,G1019,G3206,G9522,G6088,G2041,G1966,G9549,G1919,G3140,G2072,G3130,G6072,G1926,G6053,G6097,G2093,G1087,G9510,G3239,G6056,G1015,G1049,G3128,G2048,G1069,G2231,G6152,G6112,G6151,G6130,G9523,G9779,G2056,G1997,G2266,G3139,59481,G1996,G6126,G5952,G3202,G9746,G3205,G1947,G6008,G6071,G6031,G6128,GE224,G2243,G9519,G6100,G6927,G3134,G6153,G6018,G1071,G6055,G6129,G1018,G3347,G2022,G1092,G3114,G6924,G6019,G6143,G2242,G3324,G9520,G1078,G2232,G1982,G2032,G6032,G1901,G9534,G1929,G3117,G6913,G3158,G6003,G1964,G6087,G6926,G3218,G3129,G2014,G3125,G3212,G2090,G3208,G6054,GE222,G2040,G5946,G1915,G9745,G2099,G3136,G1907,G9559,G6099,G1031,G6900,G3108,G9508,GE238,G2092,G6059,G2091,GE203,G5966,G1935,G5947,G1956,GE221,G9502,GE216,G6049,G5948,G1945,G1000,G2066,G3220,G9575,G2015,G6901,G3242,G2044,G2006,G9525,G2049,G6127,G6209,G1975,G2230,G5940,G2013,G1017,GE239,G1985,G1030,G9554,GE225,G9711,G2061,G2245,G3443,G6002,G3156,G9552,GE223,G1003,G3155,G6916,G3138,G1090,G6000,G1091,GA003,G1032,G1911,G3190,59289,G6017,GE226,G9749,G3145,G3302,G6007,G6903,G3330,G6001,G3250,G6084,G1079,G1047,GE201,G2096,59480,G2236,G3448,G1970,G2209,G1971,GE215,G6123,G5968,GA014,G9710,G6089,G3442,G6132,G9527,G2094,G1097,G2012,G9714,G9574,GA007,G6202,G6120,G9590,G2045,G6050,G6904,G6058"
113.50,23.00,0.29,0.27,420,"G1019,G3139,G3140,G3114,G9597,G9789,G1919,G6129,G3158,G1018,G6126,G6003,G6075,G3244,G6087,G1031,G9559,G9779,G1054,G9502,G3136,G6128,G9509,G9510,G9525,G5946,G6153,G1907,G6151,G3125,G3115,G6127,G3133,G3130,G5947,G1926,G1947,G5948,G9554,G1003,G9711,G1975,GA003,G3135,G9745,G6019,G1929,G1077,G6008,G5966,G1032,G5949,G1071,G1079,G1030,G6002,G6072,G6152,G9747,G6018,G3250,G3190,G3128,G9838,G9839,G9548,G3302,G9527,GA007,G3242,G3113,G9837,G3141,G9514,GA014,G3448,G5950,G9526,G9714,G9540,G3155,G6000,G9840,G1904,G1945,59481,G3329,G9508,G3220,G3442,G9712,G1015,G3218,G9547,G3330,G1034,G6031,G9586,G9518,G9541,GA006,G1956,G1982,G9713,G3443,G3312,G9532,GA018,G6007,G3129,G3203,G3118,G1915,G9590,G1087,GA008,G9765,G3227,G5951,G1086,G1970,G3131,G9579,G5967,G6084,G6100,G9828,G1996,G3226,G6032,G1062,G1983,G3454,G9591,G9835,G0903,G3238,G3138,G0902,G9544,G1000,G3102,G3309,G9499,GA009,G9513,G1039,GA015,G9575,G3210,GA024,G1097,G3339,G3228,G5969,G6053,G6089,G3435,G3101,G9500,G1931,G9788,G6112,G9489,G3108,G1002,G9501,G1092,G3235,G9717,G9709,G3324,G9545,G6049,G9582,G3120,G3231,G1056,G6017,G3327,G3347,GA010,G9543,G3344,G3132,G1069,G1047,GA038,G3161,G3112,G3332,G3449,G5940,G1989,G1971,G1967,G6071,G3345,G9478,GA012,G3447,G3213,G9746,G9775,GA016,G3444,G9580,G9577,G9533,G9504,GA021,G3145,G6130,G6051,G3311,GA019,G3314,G3162,G9477,G9546,GE203,G3221,G6099,G6097,G3146,G9491,GA011,G3233,G1964,GS010,G3316,G5965,GA013,GA023,G9550,G9505,G9829,G9506,G3137,G6050,G3223,GA022,G1093,G6052,59287,G9710,G3362,G3410,G1924,G6041,G1935,G9517,G1016,GS011,G3134,G3201,G3234,GA020,G9819,GS012,GA017,G9524,GS009,G6132,G3232,G9834,G3241,G3152,GA027,G1978,G1001,G1089,G3450,G1920,G1099,GS014,G6142,G1053,GS007,G3156,G9471,59289,G1936,GA026,GA028,G9498,G3308,G3402,G3117,G3204,G1922,G9470,G6912,G6092,GA004,G1909,G1070,G1049,G1036,G9996,G6010,G2232,G5956,G3110,G9503,G1037,GS008,G6916,G5955,G6088,GS013,GS015,G9475,G5954,G5953,G3107,G6816,GA025,G9474,G9476,G9774,G1966,G9792,G6056,G9523,G2209,G3451,GS006,G2240,G1048,G6045,G1923,G9578,G9824,G6924,G3111,G9473,G2245,G9570,GS004,G3225,G1088,G3322,G2252,G2231,G1072,G6001,G6927,G6054,G9472,G1921,G6077,G6817,G9720,GS005,G1994,G3224,GE207,G6162,G1045,G9805,GE216,G9722,G2266,G9791,G3407,G3157,G1948,G6055,G9772,G1008,G9507,G2219,GS003,G9708,GS002,G6848,G9551,G1023,G1997,G3121,G1055,G1995,G3209,G6044,G9825,GE213,G9528,G9515,G9721,GE238,GE239,G9794,G3230,G9725,G6163,GS001,G3144,G3142,G9799,G1009,G9723,GE224,G9807,G1961,G9801,G9776,G3249,G3237,G9771,G1033,G9793,G9726,GA005,G1963,G9798,G5952,G6926,G6900,G6120"
113.50,23.15,0.29,0.27,409,"G3227,G9579,G9712,G9513,G1002,G3226,G3231,G3329,G3312,G3327,G3332,G9713,G9586,G9775,G3161,G9514,GA003,G9526,G9828,G9591,G3235,G1079,G9580,59287,G3233,G1003,G3228,GA007,G9525,G1032,G9582,G3162,G9527,G3234,GA004,G9711,G9554,G3250,G9502,G1031,G3146,G6127,G3238,G9774,G9835,G9559,G3454,G3311,G0903,G0902,G9714,G9578,G1034,G3232,G1975,G3190,GA014,G3158,G6002,GA008,G6003,G3302,G3136,GA018,G3448,G1030,G6087,G1062,G3114,G3230,GA024,GA009,G3442,G5948,G9577,G1907,G9489,G3322,G5947,G1008,G5946,G1018,G9709,G9528,G6129,GA015,G0816,GA023,GA012,G9776,GA016,G6000,G3139,G1036,G9590,GA010,G3102,GA022,G3330,G9829,G5966,G3155,G5969,G9585,GA011,G3125,G9572,GA027,GA019,G3229,G9745,G3242,GA021,GA013,GA028,GA020,G3152,G1983,G1099,G3221,G3164,G9504,G9841,G3309,G9561,G9499,G6126,G9491,G9562,G9780,GA025,GA017,G6007,G1929,G1029,G3344,G1931,G3144,GA026,G3362,G3443,G3407,G9570,G1970,G3140,G6128,G1039,G6153,G3220,G9478,G9506,G3345,G9834,G3339,G3241,G3314,G5965,G6019,G3446,G1019,G9779,G9505,G6084,G1001,G1945,G3316,G3101,G3435,G9500,G1919,G9842,G9784,G9783,G9788,G9558,G3449,G1022,G9501,G9721,G9508,G1053,G1097,G1947,G9789,G1071,G9720,G9560,G9996,G1956,G3406,G3328,G3401,G6151,G9507,G9597,G9724,G3335,G6008,G6051,G9510,G3223,G1093,G6018,G9723,G6089,G9584,G0817,G9772,G3138,G1037,GS010,G3319,G3410,GS007,G9555,G3402,G1023,G3218,G3447,G9725,G6075,G1006,G3333,G9773,G6041,G9470,GS009,G9722,G9814,GS011,G9471,G9477,G9569,G1014,G9824,G9556,G1926,GS012,G3130,GS008,G3444,G1009,G9770,G1007,G3224,G1982,G9476,G1915,G6152,G1936,G9475,G1054,G3450,G9742,GS006,G3129,G3244,GS004,G3219,G1978,G3128,G9557,G9515,G9782,G9771,G1000,G9575,G1047,G9563,G9825,G9474,G1045,G6017,G9781,G6072,G1052,G1948,G9826,G9473,G9708,G3225,G9777,GS015,G1971,G9498,GS014,G6031,59481,G9472,G3266,GS002,G1095,GS013,G1051,G1924,G1920,G9509,G3157,G9565,GS005,G3451,G6010,G9704,G9798,GS001,G6032,G9799,GS003,G9778,G6052,G9694,G3115,G9795,G5949,G3405,G3124,GA001,G9747,G9794,G1015,G3320,G3151,G3135,G1033,G9801,G1961,G3133,G6049,G3108,G6050,G9791,G9813,G5940,G6092,G9792,G9741,G3267,G5950,G9695,G3222,G9539,G6100,G6077,G3145,G9726,G9594,G1044,G9576,G9805,G9581,G3236,G9817,G3141,G9744,G3107,G9743,G1077,G9815,G3403,G1909,G9588,G1904,G9800,G9548,G9587,G3160,G3240,G1011,G1040,G1996,G1923,G1994,G6148,G6816,G9541,G3346,G9512,G9803,G9710,G1087,G9822,G9797,G1088,G3300,G5956,G1963,G9697,G1922,G9838,G3249,G3237,G1046,G3324,G9839,G9816,G9518,G6045,G3438,G9802,G9796,G6132,G2240,G3113,G1094,G9547,G5953,G5955,G1092,G5954"
113.50,23.30,0.29,0.27,284,"G1029,G9561,G3164,G3335,G9558,G3230,G0816,G9555,G9584,G0817,G3333,G9572,G3401,G9560,G9569,G1007,G9578,G9783,G9784,G9774,G3229,G9826,G9562,GA004,G9557,G9780,G9556,G9781,G9776,59287,G9585,G3328,G9814,G9528,G9581,G3234,G9741,G3406,G1008,G3160,G3233,G1022,G9775,G3332,G3322,G3231,G3327,G9580,G3232,G3161,G3162,G3437,G1002,G9568,G3356,G9512,G9841,G1040,G3151,G3446,G3146,G1052,G9513,G1006,G9704,G9816,G1028,G3235,G9695,G3311,G3226,G9579,G3320,G3428,G3227,G9582,G9842,G9822,G1058,G9697,GA001,G3228,G9763,G9591,G3144,G9694,G9762,G9828,G3312,G9712,G3440,G3240,G1036,G3413,G9713,G9817,G3263,G3329,G9586,G3261,G3246,G9594,G9823,G3266,G3407,G1014,G3238,G0902,G9740,G3355,G9835,G0903,G9565,G9761,G9514,G3454,G9526,G9577,GA027,GA023,G9563,GA028,GA022,G9570,G9829,G9707,G3405,GA025,G9724,GA007,G1099,G3152,G3124,G1079,GA003,GA020,GA011,G9721,G9527,GA016,GA012,GA024,G3257,G9489,GA002,G1062,GA009,G1034,G1003,G3319,G3438,G1032,GA008,GA013,GA019,G9709,G1011,G3250,G9714,G9773,GA026,GA018,G3429,G1024,G9525,GA017,G3221,G9848,GA021,G9711,GA010,G9554,G3364,G9723,GA014,G9564,G3414,G9491,GA015,G3367,G9507,G3190,G9764,G9742,G6127,G3258,G9504,G3362,G9813,G3448,G9720,G3321,G3302,G9502,G5969,G6002,G1095,G1975,G9834,G3346,G3102,G3241,G3442,G1031,G9482,G9744,G9743,G1001,G9770,G9725,G3300,G9772,G9559,G1030,G9760,G1023,G9506,G3143,G3418,G9590,G9739,G9782,G9777,G5965,G9715,G9481,G9505,G3136,G3158,G3344,G3314,G1009,G1983,G3316,G3309,G3251,G1053,G9499,G5948,G3403,G3267,G1051,G9996,G6000,G6003,G3330,G9722,G9486,G9478,G1010,G3219,G3345,G6087,G9734,G1931,G5947,G3155,G1907,G3357,G1037,G5946,G3114,G1059,G9771,G3224,G9778,G9844,G3325,G3103,G3354,G3242,G3338,G5966,G3104,G9824,G1039,G9480,G9815,G3307,G9515,G9483,G3339,G3449,G6007"
113.50,23.45,0.29,0.27,182,"G1028,G9762,G3356,G3355,G9740,G3437,G3160,G9581,G9568,G9761,G3428,G3246,G3364,G9741,G3440,G9763,G1058,G9826,G3367,G9739,G1007,G9760,G3333,G9569,G3429,G9555,G9512,G9557,G1040,G3335,G0817,G9481,G9781,G3418,G9584,G9816,G3257,G3413,G3354,G3258,G3401,G9556,G3307,G9480,G9560,G9558,G9764,G3363,G3263,G9734,G9705,G1029,G3151,G1080,G9814,G9758,G3261,G9783,G9784,G9561,G3357,G9823,G9822,G9697,G9716,G3164,G9757,G9695,G9719,G1024,G3328,G3304,G3326,G3414,G9704,59285,G9759,G3406,G3320,G9572,G0816,G1052,G3127,G3123,G9562,G3303,G3229,G3103,G9780,G3230,GA001,G1022,G3240,G9735,G9767,G3262,G9766,G3419,G9707,G9756,G3351,G9817,G9694,G9703,G1006,G3427,G9585,G9776,G9578,G9486,G3353,G9701,G3143,G9594,G1059,G9769,G1027,G9732,G9774,G3251,G9528,G9733,G3321,GA002,G1008,G3446,GA004,GA037,G9848,G9531,G9755,G1021,G9841,G9832,G3266,G9482,G3352,59287,G9737,G1064,G3322,59284,G3234,G3109,G9565,G3243,G9564,G9842,G3438,G3233,GA031,G9483,G3350,G3232,G3325,G3405,G2785,G9775,G1081,GA029,G9738,G1060,G1014,G3260,G3247,G9736,G3124,G3415,G9715,G3162,G2732,G9563,G3332,G1011,G9580,GA030,G3144,G3163,G3159,G3104,G3161,G3231"
113.50,23.60,0.29,0.27,141,"G9757,G3363,G9719,G1080,G9705,G3303,G9759,G9758,G9735,G9756,G9739,G3353,G3127,G3123,G3364,G3354,G3307,G9760,G9480,G3367,G3326,G9481,G1021,G2785,G3418,G9716,59285,G3427,G3355,G9738,G9740,G3262,G2710,G2709,G9761,G9754,G2732,G9734,G3304,G3429,G9762,G9736,G9737,G9732,G1064,G8356,G2782,G3246,G3426,G9755,G8358,G3357,G1028,G3258,G8353,G3440,GR076,G3352,G3351,G9764,G3428,G3257,G3356,G9731,G2768,G9769,G9763,G9767,G1058,G3423,G3437,GR060,G8367,G9701,G9568,G3350,G9531,G2738,G3160,G8361,G1027,G9581,G9733,G3109,G9766,G9741,G9827,G3419,G3413,G3103,G3243,G2734,G8362,G9512,G9816,G2736,GA037,G1024,GR062,G9826,G3414,G1040,G3263,G9703,GR029,G3422,GR031,G2754,G3163,G3417,G1020,G2781,G1007,GR077,G3261,G9557,G9781,G9823,G9569,GR024,G3333,G2791,GR025,G9555,G9832,G3349,GR001,G3105,G0817,G9768,G1059,G3335,G9584,G9697,G9822,G3151,G9486,G9556,G9753,G8355,G3415"
113.50,23.75,0.30,0.27,104,"G2709,G8356,G8358,GR060,G2785,G8367,GR076,G2710,G2738,G8361,G9738,G2782,G2768,G8353,G9754,G3353,G8362,G2734,G2736,GR024,GR025,G3426,G2732,G1021,G3303,G9756,G8355,G9735,GR001,G9736,59087,G2789,GR061,G9757,G2791,G9759,G9719,G2781,G3127,G3123,G8357,G8352,G3423,G3422,G2786,G2711,G1080,GR077,GR062,G9705,G3427,G3363,G9731,G9758,G9737,G2787,G1064,G2748,G2754,G9753,G3326,GR029,G8351,G3262,G2783,59285,G9827,G3307,G9755,G3354,G9732,G9480,G9716,G9739,G1020,G3352,G9729,G2702,G9760,G9752,GR039,GR031,G3350,G9481,G2788,G3364,G3418,G3304,G3367,G8360,G9769,G3351,G9734,G3349,G9531,G1085,GR030,G3425,G9701,G3109,G3355,G2784,G9740,G9767"
113.50,23.90,0.30,0.27,87,"G8357,G2789,59087,G2748,G8355,GR024,G8352,GR025,G2787,G2783,G2711,GR061,G2788,GR039,GR001,G2786,G2736,GR060,G2738,G8367,G8361,G8362,G2734,G2714,G2773,G8351,G2791,G8557,G8350,G8358,GR076,G8356,G2735,G2768,G8354,G2781,GR026,G2709,G8353,G2782,GR078,G3422,G2710,GR077,G2785,GR027,G8366,G9738,G3426,G8365,G9753,G9754,GR062,G2713,G8360,G8535,G8552,GR041,G8530,G9752,G8315,G2712,G2732,G2784,G2780,G2702,G8549,G3423,G2754,G9736,G3353,GR036,GR037,G1021,GR040,G9729,G2737,G3425,GR029,GR028,GR074,G9756,G9731,G2745,G3303,G9735,GR075"
113.50,24.05,0.30,0.27,68,"G8557,G2735,G2714,GR026,G8350,G8549,G2773,G2788,GR039,G8552,G8365,GR037,GR078,G2748,G8536,G2783,GR036,GR074,G8357,G8341,GR038,G8354,GR027,G2712,59088,G8546,G2787,G2789,G8352,59087,G8553,G2780,G2711,GR040,G8355,G8530,G8315,GR024,GR025,GR061,G2713,GR028,G2727,G2729,G8351,GR045,G2786,G8366,G8531,GR001,G2790,GR041,G8535,G8534,G2736,G2743,G8567,G2791,G8362,G8342,G2734,G2738,GR060,G2745,G8361,GR075,G8360,G8367"
113.50,24.20,0.30,0.27,57,"G8553,G2727,G8549,GR038,G8531,G8536,59088,G8546,GR037,G8341,G8533,G2790,GR074,GR045,G8347,G8348,G8532,G8340,G8552,G2735,GR036,GR026,G8557,G8365,G8551,GR072,G2714,G2777,G8567,G8350,GR078,G8548,G8558,G2773,G2728,G2712,G2744,GR040,G2775,G2788,G8568,G8342,GR039,G8547,GR027,G2780,G2729,G8561,G2776,G8354,G8538,GR028,G8534,G2743,G8315,G8530,G2748"
113.50,24.35,0.30,0.27,48,"G8340,GR072,G2728,G8548,G8533,G2775,G8531,G2727,G8551,G8532,G8348,G8347,G2777,G8568,G8553,G2744,G8561,GR038,G8546,G4664,G8569,59088,G2790,G4618,G8547,G8536,G4612,G8558,GR045,GF100,G4614,G4619,G8549,G8341,G1426,G4630,G8567,G9879,GR037,G8550,G1409,G4667,G4615,GR074,G9872,G8538,G4628,G8539"
113.50,24.50,0.30,0.27,56,"G4664,G4612,GF100,G2775,G4619,G2728,G4667,G4614,G4618,G1409,G8569,G4615,G1429,G8548,GF104,G1426,GR072,G8340,G8568,G4666,G4630,GF102,G4610,G2744,G8561,G1428,GF007,59082,G4628,G9879,G8533,G1491,G2777,G8551,G4617,G1492,G1403,G8348,G8347,G8532,G4616,G9878,G8531,G4411,G4401,G2727,GF101,G8550,GF005,G8547,G4620,G9872,G4403,GF004,G4541,GF006"
113.50,24.65,0.30,0.27,70,"G1429,GF102,G4610,G4666,GF007,GF104,G4617,G4667,G1403,G4411,G4615,GF100,G4401,GF005,59082,G4612,G4619,G1409,G4403,G4664,GF006,G4616,G4541,GF101,G4412,G4614,G1406,G1401,G1428,G4406,G1491,G4408,G4410,G4618,G4415,G4409,G4400,G4405,G8569,G1402,G1426,GF704,G9884,G4551,G4611,G4535,G4621,G1492,G2775,G4630,G4628,G4620,G9881,59081,G4534,G4402,G4557,G4550,GF003,G9882,G2728,GF103,G1404,G4404,G4407,G1405,G9883,GF004,GF002,G9878"
113.50,24.80,0.30,0.27,70,"G4403,G1401,G4415,G4405,GF005,G1406,G4411,GF006,G4408,G4409,G4401,G4412,G4400,G4402,G4406,G9884,GF003,G4410,G4404,G1404,G1405,G4551,GF007,G1403,G4550,G9881,G4610,G4541,GF102,G9883,GF704,G4617,G1402,G9882,G4666,59082,GF002,G1463,GF001,G4534,G1429,GF101,G4611,59081,G4616,GF000,GF103,G4557,GF104,G4535,G4553,G1425,G4439,G4621,G4615,GF707,GF703,G4667,G1445,G1409,G1428,GF100,G1491,G4552,G4438,G4619,G4612,G4554,GF304,G4524"
113.50,24.95,0.30,0.27,85,"G1405,G4404,GF000,GF003,G1463,GF001,G1404,G4402,G1425,G9883,GF703,G4550,G4405,G4439,G4415,G1445,G4552,G4553,G9881,G9884,G4525,G4409,G4551,G1401,GF202,G4400,G1411,G4569,GF312,G4517,G4438,G1406,GF002,G4408,G9882,GF308,G4410,G4412,G4403,GF201,G4406,GF707,G1442,GF006,G1454,G1455,GF303,GF704,G4605,GF005,G4546,G4608,G4534,57988,G4411,G4568,G4401,G4526,G1402,G4604,G1439,G4529,G4541,GF304,G4441,G4442,G1446,G4663,G4524,GF200,G1448,G4611,GF103,G1403,59081,G1461,G4607,GF007,GF300,57989,G4557,G1456,G1474,G1437,G4610"
113.50,25.10,0.30,0.27,72,"GF308,GF202,GF201,G4605,G4568,G4525,G4569,G1448,G1461,G1425,G4607,G1474,G1455,GF000,G1446,GF703,G1449,G4517,GF312,57988,G4604,G1411,G4608,G4663,G1465,G4529,GF303,G1459,G1454,G4552,G1456,G4422,G4603,GF200,G4602,GF001,G1463,G1445,GF203,G4439,G1452,G1405,G4438,G4553,G4404,G1418,G1442,GF003,GF300,G1404,G9883,G4609,G1417,G4546,G4402,G4444,G4526,G1437,G4562,G1439,G4441,G4442,G4647,GF095,G4519,57989,G4560,G4550,GF204,GF707,G9881,GF205"
113.50,25.25,0.30,0.27,52,"G4603,G1474,G1459,G1461,G4607,G1449,G1418,G4647,G1465,G1448,G1452,G4568,GF203,G4605,G1417,G4422,G4609,GF308,GF201,G4560,G1446,GF205,G4602,G1456,GF202,GF206,G4663,G1455,G4529,G4525,G4604,GF200,G4569,57988,GF093,G4608,GF204,G4519,GF303,G4562,G1454,G4521,G4561,G4517,GF095,GF312,G4444,G1411,G1425,GF300,GF703,GF000"
113.65,22.10,0.29,0.27,57,"G1280,G1292,G1276,G3970,G3981,G3971,G3972,G1226,G3973,G3994,G1209,G1221,G3996,G3992,G1217,G3995,G1212,G3974,G1230,G1224,G1215,G3997,G3975,G1228,59488,G3976,G1272,G3991,G1236,G3977,G3978,G1232,G1233,G1271,G4005,G1295,G1270,G3979,G3980,G1277,G3998,G1238,G1206,G1240,G2003,G2037,G2085,G1229,G1299,G1243,G1205,G1218,G1237,G2086,G1220,G1282,G1222"
113.65,22.25,0.29,0.27,83,"G3973,G3974,G3972,G3971,G3981,G3975,G1209,G3970,G1228,G3992,G3997,G3976,G1236,G1215,59488,G1276,G3998,G4005,G3977,G3978,G1233,G1270,G1212,G1229,G3996,G1243,G1272,G1271,G3995,G3979,G3991,G1221,G1282,G1277,G1227,G1204,G1211,G1223,G1226,G1285,G3994,G1237,G1230,G1280,G1294,G1244,G2003,G2053,G2086,G1283,G2085,G1217,G2038,G1292,59490,G2083,G3980,G1191,G1232,G1295,G2037,G1238,G1206,G2081,G2050,G2077,G1224,G2042,G2084,G2028,G2010,G1240,G6200,G2036,G2027,G2089,G2051,G6204,G1252,G2073,G2054,G2068,G2074"
113.65,22.40,0.29,0.27,135,"G1211,G1294,G1227,G1229,G1282,G1243,G1285,G1204,G3998,G1244,G2073,G1223,G1283,G6200,G4005,G2089,59490,G1236,G2074,G2028,G3975,G3976,G1228,G1270,G3974,G2052,G2042,59488,G1233,G3977,G3978,G3997,G2005,G2051,G1191,G3973,G2038,G1215,G1271,G2043,G3979,G6219,G1237,G2050,G1209,G1277,G9718,G3992,G2053,G3972,G3971,G2027,G1272,G9818,G3981,G6210,G3211,G3991,G3970,G2081,G2086,G9521,G1212,G1276,G3996,G2045,G2026,G2023,G9574,G2068,G2003,G3704,G2010,G1189,G9535,G3995,G1179,G1090,G3556,G2083,G1221,G9552,G3521,G9748,G2077,G2035,G2071,G6218,G2054,G2085,G2080,G3619,G2004,G3715,G1017,G6213,G3643,G2049,G2008,G6203,G6204,G3650,G3585,G1139,G2025,G2066,G1142,G3717,G1153,G6211,G1196,M9988,G1197,G1145,G1091,M0003,G3697,G3714,M0004,G6208,G2036,G3618,G9749,G2030,G3734,G3759,G3680,G1230,59485,G3718,G2084,G3994,G2006,G2065,G1226"
113.65,22.55,0.29,0.27,174,"G9718,G9818,G3211,G2073,G9521,G6219,G9574,G6210,G9535,G2074,G2052,G9748,G9552,G1017,G1090,G2043,G2045,G1091,G9749,G2089,G2049,G2023,G2005,G1294,G6200,G1078,G2066,G3208,G3212,G9534,G1211,G3704,G2071,G1139,G3680,G2028,G3202,G3734,G6218,G2051,G1227,G3614,G9520,G3205,G2006,G9519,G2008,G1152,G1145,G3681,G3636,G3643,G1244,G3239,59490,G3575,G3768,G1285,G2091,G2042,G3526,G1136,G3715,G3746,G3699,G9522,G1282,G1151,G3688,G9549,G1283,G1204,G1229,G2026,G3556,G3671,M9988,G1197,G1243,G1196,G1153,G2048,M0003,G3207,G2099,G5968,G6211,G2094,G3759,G3650,G1189,G2080,G3121,M0004,G1191,G2027,G6143,G2092,GA005,G9551,G3717,G3714,G1223,G1901,G3206,G2050,G3663,G3692,G1072,G3765,G3733,G1985,G3619,G2025,G3697,G3718,G6058,G2096,G3521,G5952,G3998,G6213,G3530,G1048,G3557,G2038,G1055,G1179,G2062,G2009,G3618,G3546,G9503,G3702,G3781,G3664,G1997,59486,G3502,G3308,G2065,G1142,G3555,G2016,G3784,G3585,G2004,G2022,G1966,G2068,G3201,59485,G2030,G1132,G2093,G6088,G1089,G3694,G3738,G4005,G2081,G3682,G3647,G3209,G1236,G3540,G9550,G6142,G9819,G6203,G6056,G3703,G3548,G2035"
113.65,22.70,0.29,0.27,211,"G3212,G9534,G3208,G9520,G9519,G9749,G1091,G3202,G9549,G1017,G6143,G9748,G1901,G5952,G9535,G1072,G9522,G3121,G3239,G9574,G9552,G1078,G1997,G9503,G1136,G3614,G5968,G9521,G1985,G1966,G3205,G6088,G3526,G9551,G1090,G9818,G6142,G3308,G3211,G3201,G1048,G6056,G3207,G1152,G6058,GA005,G9550,G3746,G6055,G2049,G9718,G6059,G9533,G6210,G3663,G1967,G2066,G1089,G3688,G3636,G3681,G3781,G1055,G3206,G2045,G2048,G9717,G9819,G3680,G1911,G1151,GA038,G3557,G6219,G1989,G6097,G3213,G3120,G3204,G3734,G3210,G3664,G1056,G2023,G1139,G5967,G2006,G3575,G2091,G6054,G9765,G6130,G6057,G5951,G3118,G3209,G3671,G9532,G3550,G1960,G6060,G2073,G2052,G3768,G2043,G2099,G3733,G6053,G2093,G6123,G9840,G1131,G2071,G2074,G3682,G9540,G1145,G2092,G3203,G6071,G3785,G9546,G6112,G3132,G3790,G2008,G9839,G2041,G3142,G1132,G6218,G3699,G3728,G1933,G3702,G3704,G3583,G9838,G3756,G2022,G3568,G9837,G1193,G1904,G6048,G3643,G5950,G2005,59486,G3502,G1964,G3110,G1143,G1183,G2094,G3531,G5949,G3692,G2072,G2089,G3529,G1016,G1086,G1996,G3115,G1176,G2096,G3569,G9524,G1935,G6085,G9545,G3715,G2032,G1156,G6120,G9517,G3113,G6099,G1170,G3765,G6100,G3703,G9509,G3133,G6001,G3759,M9988,G6072,G1197,M0003,G1196,G1077,G1153,G3111,G2044,G3515,G3686,G6200,M0004,G3635,G3532,G3131,G6211,G6031,G3727,G1932,G1926,G5958,G6152,G3503"
113.65,22.85,0.29,0.27,287,"G6097,G1989,G6056,G6142,G6130,G6088,G1967,G1966,G6053,G6055,G1997,G5951,G6112,G6071,G5967,G9503,G5952,G6054,G9550,G9533,G1904,G3201,G5950,G9840,G6059,G9717,G1072,G1996,G9765,G1964,G6143,G9532,G1901,G9540,G3118,G5949,G3210,G6100,G9839,G1935,G3308,GA038,G3120,G6099,G6072,G1911,G6031,G9549,G9838,G6123,G6152,G1985,G3121,G3115,G1926,G3213,G6032,G6001,G9519,G1048,G9837,G1056,G9520,G1933,G6120,G1089,G3203,G1960,G6049,G6075,59289,G6151,G6008,G1982,G5968,G9509,G9551,G9819,G6018,G9522,G9534,G1947,G6060,G6058,G1915,G5940,G6163,G3212,G3208,G6048,G6162,G3133,G9597,G1919,G6132,G3202,G3204,G3244,G6046,G6057,G3781,G6128,G6153,GA005,G3239,G6019,G1077,G1136,G3113,G1956,G3132,G3207,G3583,G6017,G1932,G1055,G6126,G1086,G1929,G1922,G3526,G1971,G6050,G5955,G1945,G3550,G5954,G9546,G3663,G5953,G3785,G9749,G1918,G3614,G1091,G6044,G5956,G1019,G6085,G3205,G6052,G3557,G3135,G3206,G3756,G3746,G6089,G6045,G6047,G1909,G5966,G6129,G9545,G1054,G6084,G1193,G5958,G1944,G3131,G3209,G5946,G9789,G1924,G1131,G1152,G6092,G1078,G3532,G1921,G3664,G1970,G6007,G3140,G1017,G1907,G5947,G2048,GA006,G3688,G1949,G1176,G1923,G6042,G5948,G1016,G6087,G1920,G9548,G3110,G6156,G1910,G3139,G6000,G9748,G3568,G9524,G3790,G6037,G6003,G9547,GS014,G9517,G6009,G6036,G6010,G1995,G9535,G9747,G3529,G3142,G1151,G3636,G1987,G3681,G3728,G9552,G1994,G3686,G1978,G3158,G2041,G6051,G9518,G9574,G1143,G1983,G2093,G3141,G3682,G6002,G1975,GS013,G1931,GS010,G9559,G3114,G5959,G1981,G3112,GS011,GS012,G6127,G6041,GS015,G1090,G6077,G1936,G3137,G3130,G1183,G1031,G9544,GA014,G2049,GS009,G9510,G9521,G2072,G1913,G9711,G3111,G6094,G9779,G3515,G1018,G3569,G3250,G9541,G2066,G1170,G9543,G5969,GA018,G3680,G1963,GA015,G9818,G1132,G3211,G6912,GS008,GS007,GA008,G6093,G3733,GS005,G6043"
113.65,23.00,0.29,0.27,339,"G1982,G1915,G1956,G6018,G6032,G6031,G6008,G1945,G6019,G1947,G6049,G6152,G6017,G1929,G6100,G5940,G6151,G6153,G1971,G6089,G6128,G6084,G6072,G1926,G1996,G1970,G6007,G5966,G6050,G6052,G6000,G6132,G6099,G5950,G6126,G5947,G5946,G1924,G1922,G1907,G1904,G5948,59289,G1983,G1964,G6112,G1931,G1909,G5956,G5955,G1935,G5954,G6092,G5953,G1919,G6051,G1920,G6071,GS014,GS010,G6075,G5949,G6053,G6129,G1978,G6045,G6010,G6002,GS011,G6041,GS012,G6087,G1923,G1975,G5969,GS009,GA014,GS013,G1936,G1921,GA015,GA018,GS015,G6162,G6003,G6001,G6130,G6127,GA008,G9597,G1994,G6044,GS007,G5965,G3250,G1062,GA010,G6077,G1995,GS008,GA009,G9711,GA024,G6163,G5951,GS006,G9559,G6042,G3115,GA021,GS005,G3158,GA007,G9840,GS004,GA012,G6097,G1989,GA019,G1918,GA016,G1949,G1031,G1963,G6120,GS003,G1079,GA013,G9839,G1019,G9540,G1948,G6054,GA011,G3139,GS002,G5967,GA017,G9509,G1961,G6046,G9514,GS001,G3244,GA026,G9838,GA020,G3114,GA023,GA022,G3152,G3140,G9532,G9586,G9765,G6148,G1967,G9525,G1981,GA027,GA028,GA003,G9591,G3329,G3118,G3133,G6009,G9502,G1973,G9789,G1023,GA025,G9837,G6036,G6094,G6043,G1934,G6123,G6056,G1993,G6142,G1018,G6055,G1933,G9717,G6037,G1077,G1003,G3226,G6088,G6015,G3210,G1932,G1054,G1966,G9533,G6047,G9712,G3136,G3146,G9550,G6076,G1992,G3203,G3154,G9554,G9579,G9513,G1997,G1032,G6059,G3113,G6048,G3120,G3227,GA038,G3135,G3162,G6014,G9779,G9503,G1952,G3319,G6035,G1913,G3201,G1928,G1911,G9526,G6020,G3312,G5952,G1960,G9510,G3332,G6144,G1944,G1002,G9713,G1056,G9527,G3144,G3231,G3213,G3233,G3125,G1910,G9583,G3130,G6021,G3190,G3122,G1912,G3322,G1030,G3234,G1072,G3308,G6156,G6060,G6093,G9745,G1086,G9747,G6016,G9548,G9714,G1962,G3302,G3267,G6143,G1901,G3327,G9775,G9828,G3583,G3448,G6039,G1071,G6027,G1792,GA006,G1034,G3141,G5958,G1793,G9547,G6023,G3161,G3132,G3128,G1987,G6085,G3131,G1089,G3242,G1985,G9819,G3442,GA004,G9518,G6038,G1048,G6026,G6057,G3155,G3532,G3228,G3235,G5944,G9596,G5945,G3121,G9774,59287,G9776,G9549,G3330,G9541,G3454,G3238,G9835,G1937,G9545,G9580,G0903,G9582,G9585,G1015,G0902,G3153,G9744,59481,G3220,G3204,G9743,G9546,G1747,G9598"
113.65,23.15,0.29,0.27,314,"GA011,GA013,GA019,GA016,GA020,GA022,GA023,GA012,G3152,GA021,GA017,GA027,GA028,GA026,GA010,GA025,GA024,GA009,GA015,G5969,G5965,G1062,GA008,G1931,GA018,G1983,G1023,GS007,G3144,G3146,G3319,G6051,GS010,GS008,GS009,G9591,GA014,G6041,GS004,GS006,G6000,GS011,GS012,G1970,G6007,G1948,G3322,G1936,G3162,G6084,GS002,G6002,GA007,G3250,G1978,GS001,GS015,GS005,GS003,G9586,G6089,G9514,GS013,G1975,G1961,G5948,GS014,G3226,G3233,G3234,G5966,G5947,G9711,G3329,G1079,G6127,G1945,G6010,G1920,G1907,G3267,G9513,G9776,G6148,G6077,G1924,G9585,G5946,G3332,G1956,G1929,G9579,G1963,G1971,G6052,G6017,G6092,G3231,G1994,G1002,G9744,G9743,G3122,G6087,G9583,GA004,G1934,G6019,G1923,G3227,G9774,G3124,G1909,G9559,G3229,G1022,G9562,G9712,G6003,G6050,G3266,GA003,G6153,G3300,G1915,G3154,G1973,G1995,G1031,G9775,G6129,G5956,G6128,G1982,G6018,G6045,G1921,G3158,G3327,G9525,G0816,G1947,G3230,G6126,G1922,G6008,G9596,G5953,G5940,59287,G5954,G5955,G3328,G3312,G3161,G6049,G6151,G1993,G6032,G6132,G9713,G1003,G6076,G9784,G9502,G9783,G9578,G9594,G6042,G3318,G9526,G6031,GA001,G6152,G9561,G1032,G9580,G3114,G1792,G6044,G9828,G1919,G9704,G1926,G6020,G3153,G1992,G9598,G3320,G6043,G9554,G3235,G1949,G6100,G1912,G3139,G3245,G9560,G6072,59289,G9558,G9527,G3228,G9556,G1793,G1981,G3338,G6144,G9582,G6094,G3136,G6021,G1928,G3317,G3151,G1996,GA002,G6015,G6075,G1962,G6099,G9536,G1018,G6162,G9595,G1918,G9584,G3190,G9597,G9714,G6014,G3232,G0817,G1029,G1740,G1019,G3311,G1034,G3238,G9557,G6027,G9835,G3454,G5387,G0903,G3164,G0902,G5950,G1935,G1952,G1083,G3302,G1030,G9572,G3140,G6009,G1964,G9555,G3333,G1904,G3448,G6036,G1007,G6016,G5949,G6001,G6023,G1747,G6163,G1008,G9528,G3335,G6112,G6035,G3442,G6026,G6071,G3125,G3321,G9512,59294,G9826,G9789,G3261,G6053,G9745,G9780,G6046,G3115,G9489,G1977,G9577,G6037,G3244,G9779,G3401,G3155,G6120,G3269,G9741,G5388,G3330,G3242,G5944,G9709,G9590,G1775,G9509,G9569,G1913,G5389,G1036,G6130,G3102"
113.65,23.30,0.29,0.27,243,"G1022,GA001,G3266,G9704,G9594,G3320,G3328,G3151,G9562,G3124,G9585,G9784,G9783,G9776,G3229,G3144,G9556,GA002,G3322,G9560,G3261,G9557,G3300,G9743,G9744,G9512,G9558,G0816,G3319,G3321,G9584,G9561,G0817,G3230,GA025,G1007,G3146,G3338,G3333,GA028,G3234,G3267,GA027,G9555,G9774,G9826,G9741,G3162,G3143,G3152,GA004,GA022,GA023,G3233,GA020,GA026,G1023,GA011,GA017,G9763,G3335,GA013,G3317,G3245,G1029,GA016,GA019,G9553,G3428,GA012,G3318,GA021,G3332,59294,G9578,G9591,G9581,G3247,G3122,GA010,G3164,GA024,G3356,G3231,GA009,59287,G9569,G9583,G9513,G3160,G9596,G3226,G1002,G5965,G1065,G1062,G9775,G1083,G9764,GA015,G3401,G5969,G9572,GA008,G9595,G1948,G9762,G3269,G9579,G3103,GA018,G9586,GS004,GS007,G3327,GS002,G3429,G9761,GS001,GS006,GS008,G3329,G3161,G3227,G9514,G1931,G3437,G1983,GA007,G1028,GS009,GS003,GA032,G1961,GA014,GA030,GA031,G9781,G6148,G6041,GS005,G3355,G9580,G9568,GS010,G6051,GS011,G3357,G9598,G1936,G3250,GS012,G9780,GA035,G9592,G9536,G3153,G9712,GA036,G3154,GA034,G1079,G1934,G9528,G9734,G1060,GS015,G6002,GA029,G1008,G6000,G9593,G9814,G1978,G9711,G3232,G3312,G3367,G3235,GS013,G1975,G1970,G6007,G6127,G3406,GA037,G1775,G9713,G5424,G1792,G6084,G9481,G6077,G5387,GS014,G1963,G1973,G9828,GA003,G9740,G9582,G1040,G6010,G5948,G3228,G9760,GA033,G1061,G1920,G3311,G6089,G5947,G3304,G1058,G3364,G5966,G1907,G9526,G9816,G1994,G9733,G9841,G3440,G1924,G6076,G1793,G9525,G5946,G3351,G3246,G9559,G9480,G1740,G1945,G1912,G1003,G1031,G3446,G3307,G6087,G1993,G6092,G6020"
113.65,23.45,0.29,0.27,152,"G9764,G3261,G3429,G3103,G9763,G3357,G9512,G9734,G3428,G3143,G3151,G9761,G3321,G3304,G9481,G3320,G9704,G3367,GA037,G9762,G9741,G3351,GA002,GA001,G9733,G9760,G3355,GA031,G9557,G9716,G9480,G9556,GA029,G1060,G3307,G3247,G3356,G9594,GA030,59285,G9826,GA036,G9553,G9531,G3326,G3243,G3328,G1007,G3364,G9581,G9560,GA035,G9584,G0817,G3160,G9783,G9784,GA034,G3333,G9732,G3163,G1028,G9555,G1022,G3266,G9558,GA032,G9740,G9755,G3437,G1065,G3427,G9562,G9592,G3323,G3350,G1080,G3124,G3127,G9568,G3335,GA033,G9739,G3338,G3229,G9561,G3363,G9759,G1064,G3248,G9569,G9585,59294,G0816,G9776,G9735,G3246,G3300,G3440,G3105,G1029,G9757,G1058,G9705,G3303,G9743,G9744,G3317,G1061,G3401,G3230,G9781,G9719,G3144,G9593,G3322,G3269,GL701,G3245,G3354,G3418,G3164,G9731,G1040,G9758,G3148,G9816,G9774,G9827,G1083,G3319,G2732,G3349,GA004,G3267,G9572,G3257,G3318,G3413,G9814,G3234,G3268,G9578,G3258,G3423,G3150,G9595,G3353,G9756,G3146,G3233,G3123"
113.65,23.60,0.29,0.27,125,"G9732,G9755,59285,G3427,G3326,G9716,G1064,G3304,G3351,G3350,G9531,G3127,G9480,G9733,G9734,G3307,G3243,G3357,G9731,G9481,G9735,G9759,G3163,G9827,G2732,GA037,G9760,G1080,G3423,G3429,G9764,G3103,G3367,G3303,G3105,G3349,G3363,G9757,G1020,G3248,G2782,G2710,G9761,G3364,G9719,GA029,G1060,G3355,G9705,GA031,G3323,G2785,G9763,G9739,G3353,G9762,G3428,GA030,G2709,G3422,GR076,GA036,G9729,G1085,G8358,G9756,G9758,G3143,G3261,G9753,G9740,GA035,G8361,GA034,GL701,G3123,G3354,G2734,G9512,G3356,G1750,G3247,G9738,G8356,GR060,G3348,G3321,G1028,G9741,GA033,G1021,G3418,GA032,G9752,G3151,G9553,G9754,G3160,G9581,G9730,G9592,GR001,G3246,G8367,G3437,G1082,G9557,GA002,G9826,G3320,G9704,G3440,G9568,G2786,G3425,G3262,G2738,G8353,G9736,G9556,GA001,G3148,G1007,G3426,G2768"
113.65,23.75,0.30,0.27,111,"G3422,G3423,G2782,G9753,G9731,G2732,G2734,G1020,G9729,G9827,G8361,GR076,G2710,GR001,G1064,G9752,G8358,G2786,G1085,G3427,G3349,GR061,G9755,GR060,G2709,G8351,G3350,G3425,G2785,G9730,G9735,G9732,G3127,G8360,G8355,G9759,G3303,GR024,G8356,G3326,G2784,G8367,59285,G3105,59087,G9531,G2789,G1082,G9716,G2738,G3353,G1080,G3351,G3243,GR025,G3365,G3348,G9757,G2783,G8357,G3304,G3163,G3307,G9480,G9738,G9733,G9719,G8366,G9756,G3363,G2737,G2768,G3248,G2736,G9754,G8353,G9734,G9481,G8362,G9705,G3357,G2713,G9751,G9760,G1021,G9702,G8352,G2748,GA037,G8354,G1750,G2788,G3426,G3123,GF811,G1057,G3367,G9758,G2711,G9736,G3106,G3429,G3103,G2787,G3364,G9764,G9739,GL708,G2791,G3323,GR027"
113.65,23.90,0.30,0.27,85,"G8351,G2786,GR061,G8360,G2783,GR001,G8366,G2784,G8354,G2713,G9752,G2734,G9753,G8355,G2788,G3422,59087,G2737,GR027,G2789,G3425,G8357,G8361,GR024,G2780,G8350,GR078,GF811,G9729,G2748,G2714,G9730,G2712,GR028,GR076,GR026,GR060,G3365,G2735,GR025,G2782,G8358,G8365,G1483,G3423,G2729,G8352,G1020,G1085,GF810,G1057,G8367,G2710,G2732,GR039,G2738,G2787,G9731,G8534,G2711,G9827,G2709,G8557,G1082,G8356,G2736,G9750,G2785,G2743,G9702,G8362,G2773,G3349,G1478,G1064,G3368,G2768,G8341,G9751,G3348,G3424,G4652,G4558,G3106,G2791"
113.65,24.05,0.30,0.27,69,"GR078,G2712,GR027,G8365,G2780,G8354,GR026,G8350,GR028,G2729,G2735,G2714,G2713,G8534,G8366,G8341,G2788,G2743,G2783,GF810,GR045,GF811,G2737,G8351,G8549,G8557,G2784,G1483,G4558,G2790,G8360,G2748,G2786,GR061,G8357,59087,G8553,G2789,G8355,GR001,GR039,G2773,G8558,G2776,GR037,G1482,G8536,G9752,GR024,G3425,G8544,G8552,GR038,G8352,G4652,GF809,G2727,G2734,G1478,G1057,G9753,G3365,59088,GR025,G2787,G8546,GF804,G2746,G3422"
113.65,24.20,0.30,0.27,60,"GR045,G2790,G8341,G8558,G8553,G2776,G8365,G8551,G2743,G8534,G2712,G2746,G2727,G2729,G8549,GR026,GR078,GR028,G2744,G2735,G2780,G8531,G8544,GR072,GR027,G8350,G2714,G2755,G4558,GR038,G1482,G8536,G8340,G8539,G8354,59088,G8546,G4632,G8550,GR037,GF804,GF810,G8533,G8557,G2713,G9871,G4629,GF605,G2788,G4631,G2728,G9867,G8366,G9872,G2775,G8532,G8348,G8347,G8552,G9879"
113.65,24.35,0.30,0.27,57,"G2744,G8551,GR072,G8558,G8550,G2790,G9879,G8539,G9872,G2775,G2755,G2746,G8569,GR045,G2728,G8340,G9871,G4630,G2776,G4618,G2727,G4631,G8553,G9878,GF605,G8531,G4628,G8341,GF606,G4629,G1493,G8548,G8533,G9873,G9874,G1492,G4664,G4632,G8544,G4612,G9877,G1409,G4667,G8532,G8347,G8348,G4615,GF100,G2777,G8549,GR038,G8568,G2743,G1428,G1491,59088,G8546"
113.65,24.50,0.30,0.27,57,"G4630,G8569,G4618,G4628,G9879,G9878,G1492,G1409,G4615,G4667,G1428,G1491,G4612,GF104,G2744,G8550,G9872,G2775,G4664,G4620,GF100,GR072,G2728,G9877,G1493,G4616,GF606,G8551,59082,G4666,G1429,G9871,G8539,G4619,G4639,G4631,G4617,GF101,G8340,G4610,G2755,G9876,GF102,G9875,GF605,G4621,G8548,G9873,G4665,G4614,G8558,G2746,GF007,G4411,G9874,G4629,G2790"
113.65,24.65,0.30,0.27,64,"G4616,G1428,G1491,59082,GF101,GF104,G4617,G4666,G4615,G1409,G4620,G4621,G4667,G1492,G4610,G4611,G1402,G1429,G4628,GF006,G4411,G4406,G4412,G4618,GF102,G4665,G4410,G4630,G4612,G4408,G4403,GF103,G1406,G8569,G9878,GF100,G4400,G1401,GF007,G4409,G4639,GF005,G4664,G1424,G9882,G9879,G4401,G4415,G4405,G4613,G4619,G9877,G1403,GF002,G9876,G2775,G1493,G4661,G9872,GF606,G8550,G4614,G4541,G4453"
113.65,24.80,0.30,0.27,75,"G1402,G4410,G9882,G4611,G4406,G4400,G4408,G4412,G4409,GF103,GF002,G1406,GF006,G1401,G4405,GF101,G4415,G4621,G4403,G4411,G4617,G4616,59082,G4404,G1405,G4613,GF304,G4524,GF001,G4610,GF005,G4666,G4439,GF003,G1491,G4438,G1428,G4665,G1424,GF102,G4402,GF104,G4401,G1445,GF007,G4620,G1404,G1442,G1429,G1425,G4615,G4531,G9884,G1403,G4667,G1409,G4622,G4523,G9883,G4550,G4526,G1439,G4551,GF310,G1492,G9881,G4441,G4442,GF312,G4541,G1463,G4661,GF000,G4639,GF305"
113.65,24.95,0.30,0.27,74,"G4439,G4438,G1445,GF001,G1442,GF002,G1425,GF312,GF304,G9882,G4526,G4524,G1439,G4441,G4442,G1405,G4404,GF303,G4525,G4400,G4405,G4409,57989,G4415,G4410,G4523,GF003,G1455,G4408,GF103,GF300,G1437,G1402,G1401,G4406,G1406,G4412,G4611,G4402,GF000,G4529,GF310,G1404,G1420,GF006,G1463,G4444,GF308,G4531,G1446,G4403,G9883,GF305,G4613,GF703,G4411,G4550,G4621,GF202,G9884,GF101,G1448,G4530,G4510,GF309,GF005,GF201,G9881,G4422,G4551,G4605,G4569,G4617,G4552"
113.65,25.10,0.30,0.27,63,"GF303,G1455,G4529,GF312,G4525,G1446,GF300,G1437,G4444,G1442,G4526,G4441,G1445,G4442,G1439,57989,G4422,GF308,G1448,G4438,G4439,G1425,G1465,G1449,G4530,G1459,G1420,GF001,G1452,G4605,G4568,GF202,GF201,G1474,G1417,GF304,G1461,G4523,G4607,G4524,G1418,GF000,G4603,G4522,G4520,GF307,GF309,G1405,GF002,G4404,GF301,G4569,G4521,GF310,GF703,GF302,GF093,G9882,G1463,GF003,GF305,G4413,G4414"
113.65,25.25,0.30,0.27,52,"G4422,G1417,G1452,G1465,G1459,G1449,G1418,G1446,G1448,GF093,G4521,G4529,G4444,GF307,G1455,G4603,G1474,G4530,GF303,GF308,GF300,G4647,G1437,G1461,G4607,G4525,G4520,G4568,GF312,GF302,G4605,57989,GF201,G4441,G4442,G4413,G4526,G1439,GF202,G4522,GF203,GF301,G1442,G1420,G4560,G4609,G1453,G1445,G1425,GF205,G1419,G4438"
113.80,22.25,0.29,0.27,51,"G1277,G3979,G3978,G3977,G3976,G3975,G3974,G3973,G1191,59490,G3972,G3971,G3981,G3970,G1229,G1209,G1228,G3998,G3992,G1236,G3997,G1179,G1276,G1211,G1215,59488,G1243,G4005,G1227,G1282,G1294,G3521,G1233,G1270,G1212,G1189,G3996,G3585,G1204,G1142,G3619,G1271,G1272,G1285,G3995,G1221,G3991,G1195,G3556,G1223,G3540"
113.80,22.40,0.29,0.27,122,"G1191,59490,G1179,G1189,G3521,G1277,G3979,G3619,G3556,G3585,G3978,G3977,G1142,G3976,G3618,G3704,G3540,G3717,G3975,G3697,G1195,G3650,G3715,G1294,G1211,G3714,G1153,G1196,G1197,M9988,G3718,G3643,M0003,M0004,G3647,G3641,G3555,G6219,G3759,G1227,G1229,G3974,G3546,G3675,G3738,G3530,G1145,G2073,G3784,G1243,G1282,G3720,G1139,G3699,G3998,G3765,G3561,G3694,G3973,G1186,G3768,G1285,G3734,G1204,G3757,G3692,G3680,G1187,G9818,G9718,G1236,G2074,G3575,G1244,G1228,G4005,59493,G3501,G3752,G3548,G3648,G3645,G3713,G2089,G3997,G9535,G3972,G2052,G3634,G1223,59488,G3211,G3971,G9521,G3671,G9748,G3740,G3776,G3565,G6200,G1209,G3669,G1270,G1233,G3992,G1283,G3504,G3681,G3981,G3636,G1215,G1130,G3503,G2028,G3970,G3658,G3684,G3502,59486,G9574,G6210,G3766"
113.80,22.55,0.29,0.27,192,"G3704,G3643,G1145,G3715,G1139,M9988,G1197,G1196,G1153,G3699,M0003,G3734,G3759,G3768,G3556,G6219,M0004,G3650,G3680,G3714,G3717,G3575,G3718,G1189,G3697,G3765,G3530,G3692,G3619,G3671,G3546,G3681,G3636,G3618,G3555,G3521,G3784,G3738,G1142,G3694,G1151,G1152,G3647,G3585,G3733,G1179,G9748,59490,G9535,G3502,59486,G3540,G3548,G3720,G3688,G3675,G3614,G9818,G3641,G3702,G1187,G3746,G1195,G3503,G3703,G1191,G3526,G3561,G9718,G3757,G9749,G9521,G1132,G3617,G1091,G3504,G3565,G1136,G2073,G3211,G3766,G1186,G3663,G3648,G9574,G3557,G3664,G3682,G3531,G3635,59493,G3684,G3501,G1178,G3740,G5968,G1017,G3653,G3634,G1294,G3208,G3752,G3212,G6058,G3781,G9534,G6210,G9552,GB060,G3728,G2074,G3790,G3562,G1156,G1183,G9520,G3574,G3669,G3645,G2052,G1211,G1985,G1131,G3658,G3569,G1090,G3713,G3727,G3553,G1143,G1155,G3547,G3568,G9519,G3551,G3550,G1130,G3519,G1170,G3691,G3778,G3776,G1901,G3698,G1135,G2045,G6143,G3693,G1227,G2043,G2089,G3580,G3744,G3620,G3773,G3529,G6057,G3202,G1190,G3528,G2049,G3761,G1078,G3785,G1193,G1175,G3797,G3783,G3515,G3572,G3756,G2005,G3764,G6200,G3576,G3775,G5952,G2023,G3774,G3751,G1229,G1188,G1911,G3701,G6059,G1277,G3979,G1176,G3579,G2066,G1184,G9549"
113.80,22.70,0.29,0.27,236,"G3746,G3688,G3663,G3526,G1151,G1152,G3557,G3636,G3681,G1136,G3614,G3664,G3781,G6058,G5968,G3682,G3733,G3671,G3680,G3575,G1132,G3734,G1131,G1985,G3790,G3702,G3728,G3550,G3768,G3531,G1139,G3568,G1183,59486,G6057,G3502,G1143,G3785,G3569,G1156,G1193,G1901,G3699,G3756,G1145,G3529,G1911,G3692,G1170,G9749,G3703,G6060,G6143,G3635,G6059,G9748,G1960,G3727,G1091,G1176,G9520,G3515,G3583,G3212,G3208,G9534,G3503,G9535,G3765,G3653,G3643,G5952,G3528,G3693,G3686,G3617,G3574,G1997,G3704,G6055,G9519,G3548,G6085,G3759,G3764,G6123,G6048,G3715,G6219,M0003,M9988,G1197,G3530,G3744,G1196,M0004,G3701,G1153,G1933,G3722,G3532,G6056,G3766,G3694,G9818,G3504,G1966,G3784,G6054,G3714,G3650,G6088,G5958,G1017,G9521,G3783,G1187,G3546,G1164,G3551,G9574,G3718,G3565,G6142,G9549,G3717,G1072,GB060,G3202,G1178,G9503,G3697,G1190,G3720,G1155,G3211,G3738,G3556,G3555,G9718,G6097,G5959,G1932,G9552,G1976,G3757,G3684,G3750,G3121,G1906,G6130,G1944,G6006,G6120,G3618,G1989,G3648,G3543,G3675,GB031,G9522,G3620,G1987,G3647,G3561,G3553,G1967,G3201,G3513,G1189,G3619,G3572,G3239,G9550,G1090,G6156,G1078,G6071,G6033,G3308,G1910,G6046,G3641,G6001,G3740,G1942,G6047,G9533,G1186,G6210,G1964,G1142,G6053,G3521,G3205,G1935,G3540,G9551,G6163,G6112,G3698,59493,G1048,G1180,G3562,G3501,G3634,G1968,G2073,G6062,G3585,G1195,G2049,G3510,G6099,G3696,G6013,G3207,G9717,G3751,G5951,G3791,G1984,G5967,G6034,GA005,G3732,G2045,G3752,G3691,G3658,G6162,G3547,G1179,G3669,GA038"
113.80,22.85,0.29,0.27,287,"G1960,G1933,G6048,G6123,G6060,G3583,G1911,G6057,G6085,G1932,G3785,G6054,G6120,G5958,G3756,G6059,G3532,G3550,G1193,G1944,G6046,G1176,G6001,G3781,G6163,G6047,G6055,G6156,G3686,G6058,G1131,G1985,G1910,G1987,G3529,G5959,G3568,G1935,G1964,G6162,G5968,G3790,G6130,G6099,G3557,G1143,G1901,G6071,G3663,G3728,G3515,G6097,59289,G3664,G1997,G6056,G1918,G6143,G6037,G1170,G1183,G5952,G6112,G3569,G1136,G1942,G3682,G1984,G6053,G3526,G1976,G6036,G1989,G3722,G1966,G6088,G6044,G6009,G6132,G6142,G3746,G1943,G1913,G1996,G1156,G6062,G3528,G6093,G3688,G6100,G6049,G1164,G1949,G5955,G5954,G5940,G1922,G5953,G3531,G3614,G3764,G6032,G3727,G1132,G1152,G5945,G1151,G3701,G6042,G6061,G3693,G1967,G5956,G6045,G1968,G1981,G6050,G6031,G6034,G9520,G9503,G1921,G1904,G6033,G3636,G3681,G6094,G5951,G5950,G6035,G3733,G6038,G1909,G6039,G6024,G1937,G6006,G1072,G3702,G1916,G1971,G1915,G6017,G6052,G1982,G1950,G9519,G1923,G9534,G6092,G1995,G6015,G5967,G9550,G6072,G3212,G3744,G1902,G3208,G6152,G3635,G3671,G6040,G3201,G6043,G1952,G1906,G6102,G1924,G9533,G3574,G1986,59486,G3502,G9549,G1994,G3653,G5949,G6014,G9840,G1926,G3783,G6018,G1920,G3575,G9749,G1956,G6008,G3680,G9717,G6010,G1972,GS014,G9765,G3703,G6089,G6074,G3308,G1091,G3734,G1947,GB031,G6151,G3121,G6077,G9540,G9532,G1925,GS013,G1963,G3118,G3768,G3750,G9839,G1993,G1928,G6016,G1945,G1992,G1978,G3210,G6019,GA038,G5944,GS015,G3120,G9748,G1139,G6084,G6153,G3503,G1955,G3692,G3551,G3115,G3202,G6128,G1929,G1973,GS012,G1936,G9522,G1048,GS011,G6075,G6144,G3617,G9838,G1190,G6013,G6098,G1970,GS010,G6041,G6051,G6023,G6076,G1939,G9535,G3699,GS005,G6007,G3213,G6021,G6028,GS009,G9551,G3543,GS003,G1145,G6026,G6020,G1965,G6027,G1961,G1919,G6030,G1089,GS008,G1962,GS006,G3239,G9837,G1056,G6064,G6063,G6022"
113.80,23.00,0.29,0.27,300,"G1949,G1918,G6044,G6042,G6009,G6036,G1981,G1921,G5954,G6162,G5953,G5955,G6045,G6094,G1922,G5956,G1995,G6037,G6132,G6163,G1923,G1909,G6046,59289,G6043,G6015,G6092,G6050,G1994,G1913,G6001,G6035,G6052,G6047,G1952,G6120,G1924,G6014,G6077,G1920,G6010,G1963,G1993,G5940,G1971,GS014,G6093,G1992,G1932,GS013,G6049,G6017,G6099,G1935,G1928,G1973,G1910,G6039,GS015,G1978,G6076,G6016,G1944,G6144,G6156,GS005,G1964,G1936,G6038,GS012,GS003,G1961,G6021,GS011,G6020,G6032,G1934,G5945,G6148,G6089,G6041,GS009,G1937,GS010,G6023,GS006,G1915,GS001,G5944,G6051,GS008,G1933,G1962,GS002,G6027,G1912,GS004,G1987,G1950,G3154,G1948,G1982,G6100,G6048,G6026,G1943,G6074,GS007,G6123,G1984,G1956,G6084,G1996,G6071,G5958,G1925,G6054,G6031,G6040,G1970,G1793,G1945,G1939,G1977,G6112,G1972,G1931,G6024,G6007,G1940,G1747,G1986,G1792,G5959,G3532,G5965,G6085,G6018,G6130,G1983,G1960,G6053,G1902,G3583,G1942,G6022,G6061,G6152,G6008,G6019,G1740,G6060,G1929,G6064,G1947,G9583,G6072,G6062,G5969,G1023,G6000,G3122,G6151,G1911,G6153,GA021,G5950,G6025,G6097,G1904,G1926,GA010,GA015,G5966,GA017,G1941,G3153,GA026,G5392,G1965,G5388,G6128,GA019,GA013,G9598,G6059,G6102,G1916,GA012,GA016,G6055,GA011,G6057,G6073,GA020,GA009,G3756,G5390,G3785,GA024,G1989,G9596,G5947,G1176,G3686,G3152,GA018,G1062,G5948,G6063,GA008,G5946,G1907,GA025,G6034,GA022,G1976,G1193,G5387,GA028,GA023,G1908,G5949,GA014,G6002,GA027,G3267,G6126,G1968,G6056,G1980,G3319,G3550,G5391,G5951,G9536,G1975,G1919,G6075,G3529,G6065,G1997,G6129,G3250,G6142,G6087,G1988,G6127,G5406,G6088,G1967,G3568,G1131,G1985,G3515,G1966,G5967,G9840,G3781,G3318,G9711,G1957,G6098,G1951,G6033,G5389,G5952,GA007,G3722,G6058,G6003,G1901,G9744,G1143,G1164,G1786,G9743,G3115,G9597,G6067,G6143,G3790,G9540,G9839,G6086,G3144,G9559,G1079,G5957,G1170,G9595,G5968,G9591,G9514,G3728,G9765,G3300,G5400,G3158,G9532"
113.80,23.15,0.29,0.27,273,"G3154,G1934,G9583,G6148,G3122,G1973,G1961,GS001,G1792,G6076,GS002,G9596,GS003,G1948,G3153,G1912,G6020,G9598,G1793,GS005,G1963,G1993,GS004,GS006,G3267,G1992,G1023,G6077,G6144,G6021,G1962,GS008,G1740,GS015,GS007,GS013,G1928,G1994,G1936,G9536,G6027,G5387,G3318,GS009,G6043,GS012,G1978,GS011,G1995,G6010,G6041,G1747,G3319,GS014,G1920,G6014,GS010,G6023,G9744,G1923,G9743,G6015,G5965,G6026,G6016,G6051,GA026,G6092,G6094,GA017,G1921,G9595,G1952,G1924,G1977,G1981,G5388,G3300,G6042,GA025,G1909,G3245,G6045,GA020,G3152,GA013,G6052,G1949,GA028,GA021,G5956,GA019,G5389,GA011,G5944,GA027,G1931,GA022,G6035,G5953,G1083,G3317,GA016,G1940,G5954,G6050,GA010,G5955,GA023,GA012,G6044,G5392,G1922,G3124,G6089,G5969,G1775,G1971,G3144,G1983,G6009,GA015,G6036,G6017,G3338,G6084,G5391,G1970,G1941,G1786,GA024,G1918,GA009,G1939,G5424,G6132,G6007,G5400,G3266,G6039,G1062,G6074,G1913,G6022,G6025,G5940,G6037,G3269,GA008,GA018,G5390,G1925,G6000,59294,G1774,G6038,G1945,G6162,G1956,G6093,59289,G6049,G6064,G1937,G3322,G1915,G1950,G9594,G3146,G5398,GA014,G1982,G6163,G5945,G6032,G1972,G5966,G5406,G6046,G6002,G1908,G1929,GA002,G6040,G9591,G6001,G1022,G5948,G6047,G5947,G3162,G6019,G6099,G9585,GA001,G9776,G3250,G1986,G1965,G6018,G1907,GA007,G1975,G1935,G6073,G5946,G5404,G1065,G6120,G6031,G6100,G6153,G6008,G3320,G1910,G6127,G1947,G1773,G3234,G9514,G9711,G6024,G9562,G9704,G9593,G9586,G1943,G1988,G1964,G3233,G9553,G6128,G3321,G5357,G3229,G1932,G3328,G1079,G6156,G6063,G3226,G1902,G1996,G6151,G6152,G1944,G3329,G1984,G6087,G3147,G6065,G9513,G1980,G3332,G5425,G5437,G5360,G1779,G1957,G6126,G1987,G6072,G6129,G3151,G6003,G1926,G9784,GA004,G9783,G9774,G9559,G5413,G6071"
113.80,23.30,0.29,0.27,201,"G3338,G3317,G3245,59294,G1083,G3300,G3318,G3269,G9595,G9743,G9744,G3124,G1065,GA002,G9553,G3267,G9596,G3266,G5424,G9594,G3321,G9536,G1775,G9593,G3122,G9583,G3247,G9598,G3153,GA001,G3319,G5387,G3143,G9592,GA032,G3320,G1061,G5389,G9704,G3147,G3144,G1023,G3268,G1792,GA035,GA034,G3154,G1740,G3261,G1022,GA030,G3151,GA033,GA025,GA036,G1793,G5400,G1934,GA031,G6148,GS001,G1786,G3328,G1948,GS002,GA028,GA026,G1774,G3152,GA027,G1912,G1961,G5360,G5388,GA017,GA020,GS004,G1060,GS003,GA029,G3322,G6020,G9585,GA022,G6076,G1973,GS006,G1747,G9562,GA013,G9776,GS005,GA023,GA011,G1962,GS008,G9556,GS007,G9512,GA019,G9784,G9783,G6021,G5965,G3229,G3103,GA021,G3148,G6027,G6144,GA016,G1993,G1963,G5391,G5543,GA012,G3150,GS009,G1992,G1936,GS015,G1977,G6041,G6077,G5392,GS012,GS011,GA010,G5398,G9560,G9557,G3146,G1928,G6026,GS013,G5550,G6023,GS010,G1978,GA037,G5357,G6051,G3323,G9764,G5404,G5969,G1994,GA024,G5425,G6010,G5413,GA009,GS014,G5358,GA015,G3162,G9558,G0816,G6016,G9763,G1931,G6043,G1062,G1920,G1941,G9584,G5386,G3234,G1940,G6014,G1995,G0817,G9741,G9561,G1983,G1007,G1923,G3233,G3428,G6015,G3357,GA008,G5944,G3230,G1952,G1924,G9826,G9774,G6092,G3333,GA018,G9591,G9733,G5551,G5390,G9555,GL701,GA004,G3429,G6094,G1921"
113.80,23.45,0.29,0.27,119,"GA035,GA034,GA030,GA036,GA032,G3247,GA031,G9592,G1060,GA029,GA033,G9553,G3143,G1065,G1061,G3323,G3321,GA037,G3103,G9593,G3148,59294,GA002,GL701,G3268,G9733,G3150,G3163,G3248,G3243,G3269,G3338,G3261,G9764,G3357,G3351,G9531,G3317,G9594,G5543,G3147,G5551,GA001,G1083,G3320,G3105,G3245,G9734,G3304,G9704,G3151,G3266,G3429,G3124,G3300,G3350,G9512,G9595,G5424,G1755,G9763,G9732,G1750,G9743,G9744,G3318,G9716,G9755,G5550,G5564,G1775,59285,GL710,G3428,G9481,G5360,G3326,G9480,G9556,G3328,G9761,G1022,G3307,G3349,G1064,G3367,G9557,G3267,G9760,G3427,G9741,G9536,G9596,GL706,G9762,G9784,G9783,G9827,G3355,G9560,G3319,G9562,G5389,G9826,G3122,G3356,G3144,G9598,G5387,G9731,G1007,G5386,G3127,G9583,G9584,GL709,G3153,G5552,G0817"
113.80,23.60,0.29,0.27,94,"G3248,G3105,G3163,G3243,G3323,GL701,G1750,G9531,G3349,G3350,G9733,GA037,GA029,G1060,G3351,G9755,G9827,GA031,G9732,GA036,G3348,GA030,G1064,G1020,GA034,GA035,G3103,GA033,G1085,G9731,G3304,G3148,G1755,GL710,G3357,GL708,59285,G3427,GA032,G5551,G3423,G9716,G3150,G9734,G9592,G3326,G9729,G3247,G1082,G5564,G9764,GL709,G3143,G9751,G1061,G2732,G9480,G3307,G9553,G3127,G3429,G9730,G9481,G5552,G9530,G9753,G1065,G5543,G3422,G3321,G9735,G3268,G9759,G9760,G9752,G3106,G9593,G3425,G9702,G2782,G3367,G3261,GL706,G1080,G3369,G3303,G3365,G2710,G9761,G9763,GA002,G1063,59294,G3424"
113.80,23.75,0.30,0.27,81,"G1085,G1082,G9730,G9729,G3348,G1020,G3349,G3425,G9751,G9752,G9827,G9753,G3365,G9702,G3105,G3106,G3422,GL708,G1750,G3423,G9731,G9530,G8360,G3424,G3350,G2784,G1063,G1057,G1064,G3248,G3369,G9755,G9750,G3163,G2737,G2732,G9531,G3243,G9732,G8351,G9728,G3368,G2782,G2734,G2786,G9727,GL701,G3427,GF811,GL709,GR001,G9733,G3323,G8366,G3351,G3421,GL710,G8361,GR076,GR061,G2710,GA037,G1084,G1483,G1755,59285,G2713,G3326,G3304,G1478,G8358,G3127,G9716,G5552,G9735,GA029,G1060,G5564,G9759,G3357,GR060"
113.80,23.90,0.30,0.27,72,"G2737,G2784,G3365,GF811,G1057,G8360,G3425,G1483,G9730,G8366,G9750,G9752,G2713,G9702,G3368,G1478,GF810,G1082,G8351,G3424,G9753,G9729,G3106,G4652,G1085,G9751,G8354,G1063,G2780,GR028,GR027,G3422,GF809,G2786,G2729,G1084,G1020,G3348,G2712,GR001,G8534,G3369,G9530,GR061,G4558,G9728,G2783,G3421,G2743,GR078,G2734,G4651,G3349,G9827,G3423,GL708,G2788,G9727,G8350,G8365,G8361,G8355,G9731,GR026,59087,G4660,G2782,G2789,G2714,G8357,GR076,G2735"
113.80,24.05,0.30,0.27,62,"GF810,G8534,G4558,G2729,GR028,G2743,G1483,GF811,G2780,G2713,G2712,GF809,G4652,G2737,GR027,G8366,G1478,G1482,G8354,G4660,GF804,GR078,G2784,G8544,G8365,G1057,G9750,G8360,G3368,GF803,G2776,G3365,G8341,GR026,GR045,G8350,G8351,G9867,G3425,GF091,G2790,G2735,GF808,G2714,G9869,G2746,G8558,G9752,G4632,G2788,G2783,G4651,G9730,G1084,G3424,G9702,G4654,G4634,G2786,GF600,G3106,G9753"
113.80,24.20,0.30,0.27,65,"G8544,G2776,G1482,G2746,GF804,G2743,G4632,G4558,G8558,G8534,G9867,GR045,G2790,G2755,G2729,G4629,GF600,G9869,G4660,GF605,GR028,G8539,GF803,G9866,GF810,G8341,G2712,G9874,G9871,G4631,G2780,G9865,GF809,G1495,G9873,G8365,GF091,G8551,G8550,G4634,G2744,GR027,G1483,GR078,G4652,G9868,G9872,G1485,G2713,G9870,G4635,G4640,GF811,GR026,G8354,G1478,G8553,GF607,G8366,GF606,G4654,G1493,G8350,G2735,G2737"
113.80,24.35,0.30,0.27,63,"G2755,G8539,G9871,GF605,G4631,G4629,G2746,G8550,G9872,G9873,G9874,G2776,G4632,GF606,G1493,G8558,G2744,G9879,G9865,GF600,G8544,G9866,G9867,G9878,G9877,G8551,G9875,G4635,G2790,G4636,G4630,G9863,GR045,GF804,G1485,G9869,G4628,G1482,G9876,GF607,G9864,G8569,G4640,GR072,G1495,G1492,G4618,G9868,G2743,G9862,G4639,G9850,G4558,G4644,G8341,GF803,G8534,GF601,G9870,G4660,G2775,G4634,G4633"
113.80,24.50,0.30,0.27,71,"G9877,G9878,G1493,GF606,G9872,G4628,G9879,G9875,G9876,G1492,G4639,G8550,G4630,G4631,G9871,G4620,G9873,G8539,GF605,G4636,G9864,G9874,G1491,G2755,G4431,G1428,G8569,G4618,G9863,G4629,G4665,G2744,G1440,G4453,G4668,G4454,G1409,G4625,G9865,G4616,G2746,G4615,G4635,GF104,G1424,G4667,G4621,G4661,G8551,GF101,G4632,G4528,G9862,59082,G4633,GF601,G9866,G8558,GF600,G4527,G1484,G9859,G4612,G2776,GR072,G1468,G1485,G2775,GF603,GF607,G4617"
113.80,24.65,0.30,0.27,72,"G4665,G4620,G4639,G1424,G4621,G1492,G1491,G4661,G1428,G4616,G4453,G4625,G9876,G9877,G4613,GF101,G4628,G4431,G9878,G4454,G4611,G1440,GF103,G4668,G4528,59082,G4622,G1402,G9875,G4630,G4527,G1493,GF104,G4617,GF606,G9879,G1468,G1409,G4533,G4615,G9864,G4618,G4667,G9872,G4406,G4666,G8569,G4410,G4412,G9882,GF006,G4636,G4408,GF094,G4531,G8550,G4400,GF002,G4610,G1406,G1469,G4411,G4409,G4502,G9859,G4631,G9871,G1429,G9873,G1467,G4416,G9863"
113.80,24.80,0.30,0.27,71,"G4613,GF103,G1424,G4622,G4611,G4621,G4531,G4665,G4524,G1402,GF304,G9882,G4661,GF002,GF310,GF101,G4523,GF305,G4410,G4616,G4406,G4620,G4533,G4504,G4400,G4625,G4412,G4408,G4409,G4453,G4639,G4438,GF006,G1406,G4528,G1491,G4510,59082,G1428,G4617,G1442,G4405,G1401,G4454,GF508,G4527,G4439,G4512,G1451,G1439,G4415,G4526,G4442,G4441,G1445,G1492,G4431,G1440,G4668,G4403,GF001,G4411,G4501,G1468,G1420,57989,GF502,GF104,G4404,G1405,G4666"
113.80,24.95,0.30,0.27,68,"G4523,G4524,GF304,GF310,GF305,G4531,G1439,G4526,G4442,G4441,G1442,G4438,G1420,57989,G4510,G4504,G4439,G1445,GF002,GF309,G1437,G4613,GF300,G9882,GF103,GF312,GF506,G4622,GF508,GF303,G4444,GF001,G4512,G4611,G4522,G1402,G1451,G4530,G1425,59090,G1455,G4414,G1496,G4529,GF301,G1424,G4662,G4400,G4410,G4621,G4409,G4447,G4525,GF502,G4406,G4408,G4405,G1405,G4404,G4508,G4412,G4415,G4505,GF503,G4661,G1406,G4665,G4533"
113.80,25.10,0.30,0.27,61,"G1420,G1437,57989,GF300,G4530,G4444,G4442,G4441,G4522,GF309,G1439,G4526,GF301,G1442,GF303,G4520,G4523,G4529,G4414,GF312,GF310,GF302,G1455,G1496,G4438,G4413,G4510,GF305,GF506,G1445,G1446,GF307,GF304,G4524,G4439,G4422,G4525,G4505,G4462,G4531,G4504,G1448,G4521,G1465,G4447,G1425,GF508,G1452,G1449,G1417,GF308,GF001,G1419,G1459,G1453,GF093,GF411,GF002,59090,G4512,GF306"
113.80,25.25,0.30,0.27,49,"GF307,G4520,GF302,G4530,G4521,G4413,G4444,GF093,GF301,G1453,G4522,G1419,GF300,G1437,G4422,G1417,GF306,G4529,G4414,G1452,G4443,G1446,GF311,G1420,57989,GF309,G1465,G1496,GF303,G1455,G4462,G4424,G4425,G1418,G1459,G1449,G1448,G4442,G4441,G4423,GF411,G1439,G4526,GF312,G4505,G1442,G4525,GF401,GF506"
113.95,22.40,0.29,0.27,127,"G1179,G3585,G1195,G1142,G3540,G3521,G3641,G3619,G3618,G1189,G3647,G1191,G3675,G3697,G3556,G3555,G3713,G1186,G3645,G3717,G3776,G3738,G3561,G3718,G3752,G3650,G3714,G3501,59493,G3546,G3720,59490,G1130,G3669,G3580,G3634,G1153,G3757,M0004,G1196,G3784,G1197,M9988,M0003,G3519,G3715,G3530,G3648,G3740,G3759,G3658,G3694,G3773,G3778,G1187,G1135,G3562,G3547,G3643,G3775,G3704,G3747,G3797,G3576,G1277,G3765,G3779,G3565,G3793,G3979,G3774,G3684,G1129,G3691,G1149,G3761,G3522,G3548,G3523,G3579,G3504,G3581,G3631,G1145,G3699,G1175,G1121,G3978,G1178,G3789,G3692,G3527,G3977,G3766,G1120,G1184,G3698,G3577,G1146,G3721,G1188,G3553,G3503,G3617,G3768,G3630,G1139,GB060,G3976,G3524,G3798,G3534,G3703,G3739,G3751,G3575,G3734,G3975,G1173,G3502,59486,G6219,G1166,G3671,G1155,G3680,G3799"
113.95,22.55,0.29,0.27,223,"G3720,G3738,G3561,G3757,G3784,G3675,G1187,G3694,G3546,G3555,G1186,G3647,G3648,G3530,G3641,59493,G3718,G3565,G3501,G3740,G3548,G3697,G3714,G3618,G3634,G3504,G3717,G3684,M0004,G3752,G3540,G3765,G3759,G3650,M0003,G1195,G1153,G1196,G1197,M9988,G3766,G3562,G3669,G1178,G1142,G3658,G3645,G3619,G3715,G3503,G3692,G3617,G3585,G3713,G3556,G3547,G3519,G1130,G3778,G3691,G3643,G1135,G3699,G3521,GB060,G1189,G3776,G3553,G3703,G3580,G3773,G3698,G1145,G3761,G3797,G3502,59486,G1175,G1179,G3704,G3576,G3768,G3775,G3774,G1155,G1188,G3579,G1184,G3779,G3702,G3747,G3635,G3620,G1149,G3653,G3671,G3751,G3575,G1139,G3527,G3551,G3522,G3733,G3523,G3793,G3739,G3734,G3581,G3572,G1121,G1129,G3574,G3696,G3630,G1132,G3789,G1180,G1190,G3680,G3721,G3631,G1120,G3531,G3577,G3798,G3506,G1166,G1151,G3513,G3681,G3636,G3543,G3534,G3744,G1146,G3727,G3510,G3783,G3682,G1156,G3573,G3524,G1161,G3688,G3693,G1191,G3558,G3507,G1183,G1173,G3569,G1152,59490,G3664,G3750,G3728,G3518,G3746,G3791,G3559,G1144,G3528,G3552,G1170,G3764,G3790,G3743,G6219,G3799,G3557,G3732,G1143,G3701,G1148,G3614,G3663,G3659,G1174,GB031,G3526,G3568,G1131,G3758,G1182,G3515,G3529,G5960,G3737,G1136,G1906,G5962,G6103,G6110,G3560,G3514,G3722,G3726,G3781,G1164,G3550,G1998,G3535,G6013,G3517,G1193,G9748,G6154,G6058,G3649,G3578,G1917,G9535,G6006,G5968,G3621,G1176,G6105,G3756,G3785,G6096,G6029,G3686,G6107"
113.95,22.70,0.29,0.27,294,"G3574,G3653,G3635,G3727,G3744,G3693,G1156,G3531,G3551,G3783,G3703,G3528,G3569,G1190,G3764,G1132,G3617,G1183,G3503,G1170,G3701,G3702,G3502,59486,G1155,G3682,G3728,GB060,G1143,G3766,G3750,G3543,G3515,G3733,G3513,G3790,G3620,G3504,G3572,G3722,G1178,G3568,G3548,GB031,G3529,G1164,G1906,G1131,G3565,G3664,G3692,G3553,G3671,G1180,G3510,G3684,G6006,G1193,G1187,G3686,G3791,G3696,G3557,G1176,G3765,G3732,G1151,G3698,G3694,G3751,G3575,G3756,G3550,G3688,G6013,G3768,G3699,G3785,G3663,G3648,G3757,G3784,G3636,G3681,G3530,G6110,G3507,G1976,G3562,G6033,G3720,G3746,G3740,G3781,G3739,G1148,G1145,G3734,G6057,G3573,G3691,G1990,G6103,G1188,G3546,G3759,G3680,G1152,G1175,G3506,G1139,G3561,G3634,G3738,G3547,M0004,M0003,59493,G3501,G6085,G3583,G3526,G3532,G5962,M9988,G6154,G1197,G3658,G1196,G1184,G1153,G3643,G1186,G6096,G3714,G6058,G3718,G3761,G3559,G3555,G1953,G1917,G1135,G3675,G1968,G1161,G1136,G3614,G3669,G3715,G6060,G6012,G3650,G3752,G3778,G5959,G6104,G5958,G1166,G3717,G6028,G3797,G6107,G3697,G3630,G3647,G5968,G3579,G3519,G3527,G3774,G1960,G3743,G6034,G3773,G3576,G6029,G3704,G1942,G3641,G3645,G1130,G3618,G3775,G6062,G6105,G3798,G1998,G1905,G3558,G5960,G6091,G1985,G1911,G1149,G3779,G6090,G3721,G6048,G1955,G1121,G6106,G3580,G3713,G3523,G1987,G3556,G3522,G3518,G3747,G3581,G3540,G3789,G3737,G3577,G3776,G5961,G6078,G3793,G1195,G3619,G3534,G3758,G6101,G1944,G1120,G1933,G5964,G1142,G6156,G3631,G1916,G1144,G6081,G6123,G6079,G1129,G3649,G1954,G6059,G1189,G3560,G1984,G6061,G3585,G1932,G1910,G6131,G6082,G3524,G6080,G6155,G3521,G1182,G1146,G1901,G3678,G1173,G3552,G3661,G3621,G1174,G1943,G6102,G1974,G6083,G6030,G1979,G3509,G6143,G6047,G3799,G9748,G6011,G9749,G6098,G3659,G3685,G3554,G6005,G6219,G1179,G3760,G1185,G6055,G9535,G1091,G3517,G6054,G6024,G1902,G6120,G3726,G9520"
113.95,22.85,0.29,0.27,278,"G1976,G5959,G1942,G1968,G6062,G6033,G1164,G3686,G3722,G6034,G3532,G6006,G1987,G5958,G3515,G1176,G6085,G1984,G6061,G1916,G3701,G3529,G3764,G3528,G6156,G1906,G1193,G1943,G1944,G3756,G1170,G1910,G3583,G6102,G1143,G3785,G3568,G3693,G3569,G1955,GB031,G6024,G1183,G3727,G1902,G6028,G1156,G1932,G1131,G6048,G3790,G6047,G3744,G3728,G6013,G3550,G3783,G5945,G3750,G6057,G6098,G6060,G6030,G1990,G1960,G6093,G1953,G1986,G6091,G1933,G6040,G6012,G6080,G1937,G3574,G1950,G3531,G1979,G3682,G6011,G6037,G1913,G6038,G6123,G5964,G3664,G6046,G1972,G3653,G1951,G3543,G6039,G3635,G1190,G6110,G3781,G1132,G6090,G3557,G6120,G1911,G3732,G3513,G3551,G6095,G6036,G6131,G3791,G6009,G6079,G6096,G6163,G6063,G6113,G3663,G1925,G6117,G6103,G6078,G6074,G1980,G1905,G6082,G6154,G6035,G1965,G1918,G5957,G3702,G6058,G6005,G1930,G3510,G6001,G6104,G1917,G1914,G3572,G6073,G1155,G3733,G6067,G6162,G3703,G1974,59486,G3502,G6107,G6059,G6081,G5962,G1148,G6054,G3620,G5963,G6086,G3688,G1180,G6065,G6064,G1981,G1952,G1985,G6115,G6094,G3617,G5968,G1949,G1939,G1151,G3503,G3746,G1991,G6015,G6044,G5944,GB060,G6022,G6029,G5961,G3507,G6068,G3526,G6014,G1136,G6083,G3671,G1957,G1946,59289,G1935,G3696,G6016,G6042,G3766,G1927,G6106,G6043,G3636,G3681,G6105,G5340,G1152,G1959,G6055,G1964,G6099,G6069,G1178,G1908,G3553,G6066,G6114,G6025,G1940,G3504,G1988,G3573,G1928,G3614,G6023,G6132,G1958,G5954,G5955,G3692,G1901,G3685,G5953,G3751,G3575,G3548,G3559,G6026,G1998,G1922,G1921,G6045,G1992,G1954,G3565,G6101,G5956,G3698,G6071,G3768,G6143,G6144,G6155,G5390,G6130,G1995,G5326,G1977,G6027,G3684,G6021,G1941,G3506,G1997,G1993,G3680,G5960,G3509,G3739,G3734,G1909,G1923,G1962,G3765,G3699,G6097,G1161,G6056,G5952,G5940,G6050,G3743"
113.95,23.00,0.29,0.27,259,"G1950,G1937,G6040,G6038,G1972,G1986,G5945,G1925,G6039,G6024,G6074,G1902,G6093,G1943,G1965,G1939,G1913,G6064,G6022,G5944,G6035,G1984,G6061,G6063,G6073,G6102,G1952,G1980,G6016,G1940,G6037,G1916,G6025,G6014,G6036,G1910,G6023,G6009,G6015,G6065,G6026,G6062,G1908,G6156,G1942,G6094,G1987,G1977,G1928,G1951,G1941,G5390,G6047,G1981,G1957,G6027,G1988,G6067,G6098,G1944,G6043,G6034,G6144,G6086,G6021,G5957,G5959,G1992,G1962,G5392,G1747,G1968,G1949,G1918,G6113,G6020,G5406,G1914,G1932,G1946,G1993,G1912,G6030,G5958,G6066,G6042,G6076,G6115,G6046,G1927,G5388,G1976,G6044,G1793,G5391,G3532,G5437,G6011,G1740,G1973,G6163,G6117,G1955,G1979,G1995,G6033,G6162,G1921,G6085,G1792,G5393,G6068,G5326,G1784,G6120,G6045,G5438,G6095,G6080,G1963,G5953,G5954,G6048,G5955,G1994,G5340,G1934,G3154,G1923,G1991,G5956,G1930,G6001,G3686,G1922,G1933,G1909,G6077,G6132,G3583,59289,G6092,G1773,G6148,G6114,G6028,G6006,G1164,G5398,G1176,G1786,G3722,G3153,G5387,G6010,G1779,G6050,G1961,G9598,G6123,G6052,G1920,GS013,GS003,G1924,GS005,G6091,GS014,G3756,G6069,G5964,GS015,GS001,G5389,G1193,G1960,G5439,G5400,G6060,G3515,G1935,G3785,G5327,GS002,G1978,G3529,G1906,G6099,G1774,G5940,G6005,G1971,G9536,G1936,G5412,G1948,G6131,G1720,G9583,G5404,GS006,GS004,G1953,GS012,G6070,G3701,G6017,G6012,G3122,G6049,GS008,G6057,GS011,G1964,G5341,G3764,G3528,GS009,G6041,G1780,G1741,G9596,G5963,G3568,G6013,G1170,G6079,G1990,G1958,G3550,G6054,GS010,G6082,G1143,GS007,G5361,G6090,GB031,G6051,G1911,G1131,G5357,G6089,G5397,G3569,G1974,G6032,G6078,G3693,G3790,G1183,G3728,G5316,G6071,G1775,G1915,G1156,G3750,G3727"
113.95,23.15,0.29,0.27,221,"G5388,G5392,G5391,G1941,G1747,G1977,G1740,G1786,G1940,G5390,G6026,G6025,G5389,G5400,G6027,G5387,G1793,G5398,G6023,G1962,G5406,G1774,G6022,G1792,G1912,G1939,G6021,G5944,G3153,G6144,G6016,G1908,G9598,G6020,G6064,G9536,G1773,G1928,G5404,G6074,G6076,G1992,G1925,G6014,G1988,G1775,G1952,G1779,G5357,G5437,G3154,G6073,G1965,G1993,G9596,G6015,G1784,G5424,G6035,G5412,G6043,G9595,G1972,G1973,G6039,G1934,G5361,G1957,G9583,G6065,G5425,G3122,G6038,G6063,G1950,G6094,G1937,G3318,G1780,G6040,G1980,G5413,G1986,G6148,G1981,G1083,G5359,G5397,G5945,G5438,G1913,G1963,G6093,G3245,G6086,G6066,G1961,G5393,G6067,G6009,G6036,GS001,G6024,G1741,G5358,G1902,GS003,G3317,G1946,G5360,G1705,G1995,G3267,G1949,GS002,G6042,G6077,G1927,G3269,GS005,G1994,G1948,G6037,G5439,G5957,G5326,GS004,G1921,G1943,G1923,G1951,GS006,GS013,GS015,G9744,G6115,G9743,G6044,G6010,G3300,G1914,G1918,GS008,G3147,G6045,59294,G6102,G1023,G5436,G3338,G1936,GS014,G6092,G5386,G6113,G1984,G6061,G1920,G5435,G1978,G1909,GS007,G1720,G5956,GS012,GS009,GS011,G5953,G5954,G6041,G5955,G1924,G3319,G6047,G1910,G9593,G1916,G1922,G6052,G6098,GS010,G6068,G5340,G5394,GL251,G6156,G5341,G6051,G6050,G5327,G5403,G3124,G6162,G5965,G6132,G1987,G6062,G3268,G6046,G1944,GA026,G1942,GL257,G1065,GA017,G1971,G6117,G6114,G6163,G1991,GA025,G5432,G6030,G5550,G1932,G6034,G6017,59289,G3152,GA020,G6089"
113.95,23.30,0.29,0.27,145,"G5424,G1775,G5360,G3147,G1774,G5400,G5389,G3269,G1083,G9593,G9595,G1786,G5358,G3268,G5413,G5425,G5357,G9536,G5386,G5387,59294,G5404,G3317,G3245,G5398,G5550,G1061,G3318,G1065,G9598,G3153,G5391,G5359,G5543,G5388,G3338,G1740,G5432,G9596,G5361,G5431,G5403,G9592,G1773,G1705,G5392,G1792,GA032,G9553,G5412,G1793,G1747,G3150,G1779,G5435,G3122,G3300,G9583,GA033,G5397,G3148,G1780,G9743,G9744,G1941,G3247,G1977,G5406,G5429,G3267,G1912,G5390,GA034,G1962,G5384,GA035,G6027,G5385,G3154,G5436,G6026,G6020,G1940,G6021,G3124,G6025,G6023,G5383,G5551,G3321,G6144,GA002,G6076,GA036,GA030,G5430,G1784,G5437,G1934,G1908,G3143,G6022,G1928,G6016,G3266,G1992,G5944,GL251,G1939,G1741,GA031,G1973,G6148,G9594,G1993,G6064,G1988,GL257,G3319,G1060,GA029,G6014,G5405,GS001,G1023,G1961,GL706,GS002,GL255,G1952,G1948,G3323,G6074,GS003,G5433,G6043,GA001,G5564,G1925,GL701,G5416,G1963,G6015,G5438,G6073"
113.95,23.45,0.29,0.27,85,"G5543,G3150,G3148,G3268,G1061,G5551,G5550,G3147,GA033,G9593,G9592,GA032,G5564,GA034,G1755,GA035,GL701,G5360,GL706,G1065,GA036,G5431,G3323,GL710,GA030,G3269,G5386,G5432,G3247,G9553,59294,GA031,G5385,G1060,GA029,G5424,G5358,G5552,G3248,G1083,G5403,G1775,G5384,G5383,G3317,G1750,GL709,G3338,G3143,G5413,G5542,G5429,G9595,GA037,G3321,GL707,G3245,G3163,G5425,G5433,G1774,G5357,G5400,G3103,G3105,G5389,GA002,G3243,G5430,G3318,G9733,GL705,G9536,G5359,G1786,G5435,G5404,G1705,GL708,G9531,G5387,G5563,G3300,G5398,G9594"
113.95,23.60,0.29,0.27,73,"GL710,G1755,G5564,GL709,G1750,G5552,GL701,G5551,GL708,GL706,G3148,G3150,G3248,G3323,G5542,G3348,G5543,G3105,G9530,GA033,GL707,G3163,G9751,GA034,G3349,G5541,GA036,GA035,GA029,G1061,G1060,G3369,G9727,GA030,G9592,G1082,G3268,GA031,GA032,G3243,G5550,G5563,G3106,GA037,G1085,G9728,G1063,G9733,G9531,G3350,G5553,G9702,G9593,G3247,G3147,G5385,G1020,G9827,G3424,GL705,G5431,G3421,G1065,G3351,G3103,G9553,G9755,G9730,G9729,G5432,G9732,G5433,G1753"
113.95,23.75,0.30,0.27,63,"G9530,GL708,G3369,G9751,G3106,G1063,G9727,G9728,G3348,G9702,G3424,G1082,G3421,GL709,G1750,G3365,G1084,G5541,G5552,G1753,GL710,G3368,G1085,G9750,G9730,G1057,G1755,G3349,G3425,G5564,G9729,G3105,G1020,GL701,G5542,G5544,G3248,G9752,G4651,G5561,G1478,G9827,GL706,G5551,G9753,G2784,G8360,G2737,G3323,G3163,GL707,GF811,G4652,G5563,G5553,G1483,G3350,G5556,G3148,G9731,G3422,G3243,G3423"
113.95,23.90,0.30,0.27,61,"G3368,G9750,G1084,G3424,G1057,G1478,G1063,G3421,G9702,G4651,G3106,G9728,G4652,G3369,G3365,G9751,GF809,G1483,G9727,G1753,G9530,GF811,G1082,G2737,G9730,G4658,G3425,GF808,GF810,G5561,G4659,G2784,G1423,GL708,G3348,G8360,G9752,GF807,G1085,G4660,G8366,G4558,G4654,G2713,G5544,G9729,G5541,GR028,GF801,G9753,GF803,GF091,GL709,G1752,G8534,G1476,G2729,G2780,G2743,G1750,G1020"
113.95,24.05,0.30,0.27,67,"GF809,G4652,G4660,G1478,GF808,GF803,G4558,GF091,G4654,GF810,G4651,G1483,G1482,GF804,G3368,G4659,G9750,G1423,G4634,G1084,GF811,G1057,G4658,GF807,G9869,G2743,G8534,G8544,G9867,GF802,GF801,G2737,G2729,G4657,GR028,G1495,G9870,G3424,G3421,G3365,G2713,G4632,G2780,G9868,G1063,G4655,G1421,GF600,G9702,G8366,59097,G2784,G3106,G9728,G9866,G1753,G5561,G2712,G1476,G2776,GR027,G4641,G1473,GF800,G8360,G3369,G3425"
113.95,24.20,0.30,0.27,73,"G9869,G9867,GF804,GF803,G4634,G1495,G4660,G1482,GF091,GF600,G4632,G8544,G9866,G9868,G9870,G1485,G4640,G9865,G4558,G4654,G4641,GF802,G4629,GF607,G9850,G4635,G2776,G2746,GF809,G9874,GF808,GF605,G9851,G1473,G2743,G2755,G4652,G9873,GF604,G8534,G4644,G4656,GF810,59094,G8539,G4631,G4638,G9871,G4657,G4623,G1478,G1499,G8558,G9852,G2729,G9863,G1423,G4659,GF801,G9862,G1483,GF807,G9853,G1486,G4624,GR028,G9860,G1481,G4636,G4651,GR045,GF601,G2790"
113.95,24.35,0.30,0.27,80,"G9865,G4635,G9874,G9866,G1485,GF600,GF607,G9873,G4629,G4640,G9863,GF605,G4632,G4636,G9850,G4644,G9868,G9862,G1495,G9867,G4631,G9869,G2755,G9871,G8539,GF601,G4641,G9864,59094,G9875,GF606,G9870,G1493,G4633,GF604,G2746,G9860,G1499,G8544,G9851,GF804,G9872,G4645,G4634,G1486,G8550,G2776,G9877,G9876,G1484,GF803,G1482,G9853,GF603,GF602,G9861,GF091,G9856,G4638,G1473,G9852,G1490,G4643,G4660,GF802,G8558,G9878,G4656,G9859,G9879,G4431,G4623,G9854,G4642,G1440,G4639,G4668,G4558,G4654,G2744"
113.95,24.50,0.30,0.27,84,"G9864,G4636,G9875,G9876,G9863,G4431,G9877,G1440,G1493,G4633,GF606,G1484,G4668,GF601,G9862,G9873,G9859,GF603,G4454,G4639,G4453,G4635,G9874,G4643,G4631,G9865,G4625,G4645,G9856,GF605,G9871,G1468,G4644,G4528,G9872,G4527,GF607,G9878,G4629,G1485,G9860,GF602,G8539,G1494,G4416,G4640,G8550,G9866,G2755,G9850,G4661,G9861,GF094,59094,G1499,G1490,G4628,G1492,GF600,G4620,G9879,G4665,G1469,G1486,G4502,G9857,GF604,G4632,G1424,G4630,G1489,G9858,G9868,G1467,G9854,G4646,G4641,G4533,G1495,G9853,G2746,G9851,G9867,G4515"
113.95,24.65,0.30,0.27,62,"G4453,G4625,G4454,G4528,G1440,G4668,G4527,G4431,G4661,G1468,GF094,G4533,G4639,G9876,G1469,G1424,G4502,G4665,G4416,G9859,G1467,G9864,G4622,G9875,G1489,G9877,G1484,G4620,G4613,GF603,G4636,G4643,G4515,G4514,G4448,G4621,G9863,G4501,G1493,G4633,GF606,G1494,G1492,G4646,GF601,G9878,GF501,G9856,G4506,G9862,G4628,G4531,G9858,G1491,GF103,G1428,G9857,G4645,G4611,G1451,G4616,G9873"
113.95,24.80,0.30,0.27,62,"G4622,G4533,G4661,G4531,G4501,G4613,G4504,G1451,G1424,G4528,G4512,G4625,G4527,GF508,GF502,G1467,G4453,G1468,G1469,GF094,GF501,GF305,G4502,GF503,G4454,G4665,G4662,GF310,G4510,G4506,59090,G4668,G1440,G4508,G1489,GF505,G4416,G4431,G4523,GF500,G4524,G4503,GF103,GF304,G4621,G4507,G4448,G4514,G4639,G4515,G4611,GF506,G4500,G4447,G4620,G9859,G1402,G1450,G9876,G4509,G9882,GF002"
113.95,24.95,0.30,0.27,57,"G4504,G4510,GF508,GF305,G4512,G1451,GF310,GF506,59090,G4531,G4662,GF502,G4523,G4508,G4447,GF503,GF309,GF500,GF505,G4622,G1420,G4501,G1496,G4503,G4524,G4509,G4505,G4507,GF304,G4414,G1443,G4522,G4533,G4613,57989,GF501,G1439,G4442,G4441,G4526,GF301,GF507,G4511,G1442,G4506,G1437,G1450,G4661,G4438,G4462,GF300,G1424,G4500,G4530,GF103,G1467,GF412"
113.95,25.10,0.30,0.27,63,"G1496,G4414,GF309,GF506,G4522,GF301,G4505,G4462,G4447,G4510,G1420,G4413,G4520,G4530,GF302,GF305,GF401,GF411,59090,GF310,GF508,G4523,57989,G4504,G4509,G4662,G1437,GF507,G1443,G4512,G4508,G4444,GF300,G4442,G4441,G1439,G1451,G4526,GF500,GF306,G4531,G4460,GF502,G1419,GF307,G4466,GF503,GF505,G1453,GF412,G1442,G4511,G4507,G4503,G4443,G4524,GF304,GF303,G4425,G1435,G4450,G4438,G4529"
113.95,25.25,0.30,0.27,38,"G4413,GF302,GF306,G1419,G1453,GF411,G4462,G4520,G4443,GF301,G4414,G4425,G4522,G1496,GF401,GF307,G4423,G4424,G4505,G4530,GF311,G4460,GF309,G1435,G4521,GF506,G4444,G1420,G4447,G1437,GF410,GF093,GF300,G4466,57989,GF507,G4467,G4510"
114.10,22.40,0.29,0.27,129,"G3776,G3713,G3580,G1129,G1130,G3645,G3793,G3747,G3773,G3519,G3631,G3775,G3779,G3522,G1149,G3581,G1146,G3523,G3576,G3752,G3778,G3669,G1120,G3789,G3774,G3797,G1135,G1121,G3658,G3577,G3579,G3524,G3501,59493,G3634,G1186,G3761,G1195,G3547,G3721,G3527,G1173,G3534,G3641,G3540,G3799,G3740,G3691,G3562,G3561,G3798,G1175,G1184,G3630,G3675,G3585,G3659,G3647,G3514,G3535,G3552,G1142,G3648,G3757,G3578,G1188,G1179,G3618,G3794,G3720,G3738,G3521,G3555,G1174,G1166,G3726,G1144,G3619,G3684,G3698,G3739,G3558,G3697,G1187,G3546,G3742,G3518,G3565,G3784,G1189,G1182,G3718,G3553,G3751,G3694,G3717,G3506,G3517,G1178,G3567,G3714,G3556,G1161,G3530,G3650,G3504,G3545,G1177,G3758,M0004,G3766,G1153,GB060,G3549,G3696,G1196,G3548,M0003,G1197,M9988,G3759,G3573,G3743,G3560,G1191,G3620,G3715,G3765,G1180"
114.10,22.55,0.29,0.27,230,"G1149,G3522,G3523,G3779,G3581,G3747,G1121,G3793,G3576,G3579,G3774,G3775,G3789,G3527,G3631,G1129,G3797,G1120,G3577,G3721,G3761,G3773,G1184,G3630,G1135,G3798,G3778,G1146,G1175,G3580,G3534,G3519,G3524,G3547,G3691,G1188,G1130,G3658,G1173,G3669,G1166,G3776,G3562,G3739,G3713,G3645,G3799,G3552,G3698,G3634,G3558,G3752,G1144,G3506,G3740,G3751,G3659,G3501,G3518,59493,G1174,G1161,G3553,G3684,G3648,G1182,G3514,G3696,G1186,G3573,G3726,G3758,G3535,G3743,G1178,G3757,G3561,G1180,G3578,G3620,G3517,GB060,G3559,G3565,G3560,G3572,G3794,G3737,G3507,G1155,G3742,G3504,G1187,G3766,G3720,G5960,G3510,G1177,G3675,G3621,G3554,G3641,G3738,G3649,G3694,G3647,G3513,G1148,G3551,G3548,G3545,G3549,G3784,G1190,G1195,G3617,G1998,G3543,G3796,G3567,G3555,G3540,G3791,G3546,G3678,G3503,G3732,G5962,G3530,G3618,G1137,G3760,G6105,G3718,G3723,G6101,G1142,G3697,G6103,G3653,G3661,G3585,G3687,G3703,G3765,G3714,G1185,G6029,G3574,G6106,G3717,G1133,G3783,G1917,M0004,G3750,G6110,G6154,G3635,G3759,G3650,G6107,G3619,G1954,M0003,G1153,G3692,G1196,G1197,M9988,G1125,G3744,G6104,G3521,G6096,G6155,G1171,G3502,59486,G3570,G3623,G3556,GB031,G1179,G3536,G1189,G3715,G3753,G3509,G3787,G3699,G5961,G3702,G6013,G3693,G3727,G3643,G1147,G3780,G1990,G3531,G1905,G3730,G1906,G1145,G1132,G3701,G3764,G3733,G1156,G3564,G3768,G3671,G1181,G3528,G1138,G3704,G1953,G6081,G3748,G3508,G6012,G3788,G3622,G3575,G3538,G3685,G3569,G3749,G6090"
114.10,22.70,0.29,0.27,295,"G1148,G3507,G3791,G3510,G3732,G5962,G3573,G6103,G3559,G1180,G3513,G6110,G3696,G6154,G3543,G1917,G3572,G1998,G3743,G6107,G6029,G6105,G5960,G1161,G6096,G3506,G6104,G3620,G6106,G3751,G1190,G3750,G3739,G3737,G6101,G6013,GB031,G1155,G3649,G1990,G3551,G1166,G1954,G3558,G3758,G3518,G3783,G5961,G1905,G3698,G3553,G3560,G1188,G3678,G6155,G3661,GB060,G3621,G1953,G6012,G3630,G1184,G1906,G3744,G1144,G1175,G3509,G3798,G1182,G6081,G6090,G1185,G3760,G3574,G3554,G6078,G1178,G3527,G3721,G3691,G1174,G3570,G3534,G3761,G3653,G6006,G3579,G6083,G3701,G3552,G3685,G6028,G3684,G3693,G1121,G3577,G6091,G6079,G3764,G3564,G3517,G3562,G3547,G3774,G3766,G3789,G3797,G1173,G6082,G3523,G3576,G1120,G3524,G1135,G3581,G1149,G3522,G3727,G3504,G3659,G3635,G3617,G1974,G1164,G3799,G3779,G3528,G3726,G5964,G3565,G3775,G6131,G3658,G1171,G3631,G3778,G1177,G1146,G3780,G3748,G3747,G3740,G1137,G6033,G3722,G3793,G3773,G3796,G3503,G1959,G3648,G3519,G1129,G3634,G1156,G3669,G3703,G5471,G3514,G1955,G3742,G3548,G3501,G3580,59493,G1130,G1170,G6005,G3549,G1187,G3757,G3531,G3569,G3535,G3753,G3622,G3515,G3752,G3578,G5963,G6080,G3687,G1976,G1147,G1183,G3645,G3794,G3545,G3502,59486,G3787,G1968,G3623,G1186,G3713,G3633,G1132,G1143,G3561,G3694,G3508,G3776,G3702,G3539,G1133,G3720,G1979,G3723,G3728,G3529,G6034,G5446,G5468,G3567,G3520,G3686,G3682,G3784,G6011,G3568,G3692,G3790,G6030,G3788,G6095,G3765,G3538,G3733,G1181,G3738,G1125,G3719,G3516,G3530,G3683,G1176,G3675,G3546,G3749,G1131,G5467,G1193,G6062,G1930,G1916,G3555,G6098,G1942,G3662,G3671,G3647,G3536,G3664,G3641,G1958,G3756,G3646,G6117,G1138,G5959,G3699,G3759,G3537,G3718,G3785,M0004,G3730,G3714,G6102,G3532,M0003,G3550,G5470,G3768,G3575,G6061,G1197,M9988,G1196,G3697,G1153,G3557,G1151,G3717,G3654,G3618,G6085,G3650,G3540,G3754,G1195,G1145,G5958,G1991,G6069"
114.10,22.85,0.29,0.27,254,"G6091,G6028,G5964,G1955,G6131,G6080,G6012,G1953,G6090,G6079,G6082,G6078,G1979,G6005,G1990,G1974,G6011,G6030,G1905,G6095,G5963,G6013,G6081,G6033,G6096,G1930,G6083,G6098,G6006,G6117,G6110,G1968,G6104,G1959,G6154,G6034,G1906,G5961,G1917,G6107,GB031,G6103,G3685,G1916,G1958,G6029,G1991,G6102,G3732,G6113,G1976,G5962,G1951,G3750,G1164,G6106,G6069,G3791,G6062,G1914,G6105,G1148,G6068,G6061,G1954,G6155,G3509,G3722,G5957,G6114,G5468,G1942,G3701,G5471,G6115,G6101,G5446,G3564,G3543,G5340,G3783,G3764,G3513,G1902,G1998,G3510,G6067,G3744,G3507,G6070,G6024,G3528,G1190,G6086,G3661,G3693,G1984,G3748,G5959,G1980,G1946,G1943,G1927,G3515,G5316,G3559,G3570,G6063,G5960,G5474,G1986,G3686,G3633,G1180,G5339,G3572,G3551,G3678,G3573,G6040,G3727,G3649,G1987,G6066,G1185,G6065,G3574,G1170,G5326,G3696,G3780,G1965,G1972,G3743,G3620,G5467,G3737,G3539,G3532,G5470,G5945,G1957,G6073,G3529,G1176,G5327,G1156,G3760,G3520,G3569,G1950,G1155,G5958,G5475,G6156,G5441,G1161,G1937,G3653,G1143,G1721,G3622,G1910,G3506,G3621,G1183,G6085,G5393,G1193,G5338,G3751,G6038,G1944,G3568,G3560,G1171,G3662,G3516,G3758,G3635,G3756,G6093,G1925,G1988,G3728,G3739,GB060,G5469,G3531,G3554,G3790,G6064,G5341,G5438,G6074,G3518,G6039,G3553,G3785,G3558,G1131,G1166,G3583,G1908,G3508,G3698,G6047,G1720,G1913,G6022,G1147,G1182,G3682,G5473,G1188,G3683,G1939,G1932,G3753,G3646,G3550,G1178,G1137,G1132,G3617,G5343,G5325,G1144,G5342,G5437,G5476,G6037,G3766,G5439,G3703,G6025,G6048,G5321,G5302,G3630,G1184,G3787,G6057,G3503,G3719,G3537,G1784,G1175,G3517,G3798,G1174,G6060,G3702,G3796"
114.10,23.00,0.29,0.27,204,"G6115,G1914,G5957,G6067,G6113,G1946,G6086,G1927,G6068,G1951,G6066,G5340,G5326,G1980,G1991,G6117,G6065,G1957,G6114,G6063,G5393,G6098,G1930,G6069,G6073,G6095,G6011,G6030,G5438,G1988,G1965,G5327,G1979,G6070,G6102,G5437,G1908,G6080,G5341,G1902,G1720,G1784,G1986,G5439,G1972,G1958,G6064,G1916,G6040,G6024,G5316,G1955,G6022,G6005,G1925,G5339,G6061,G5406,G6025,G1950,G5963,G5325,G5390,G6034,G5964,G1939,G6074,G1937,G6131,G5338,G5945,G6091,G1741,G6038,G1968,G6062,G1943,G1941,G6028,G6082,G1779,G5342,G1984,G1940,G6079,G5474,G1974,G6039,G1942,G1773,G5944,G5392,G6033,G6093,G5412,G6090,G1780,G6078,G5321,G6012,G5394,G1959,G1953,G5391,G1977,G5343,G1976,G6026,G5441,G5397,G1913,G6023,G6016,G5468,G6035,G5398,G6083,G6081,G5302,G1987,G1990,G5959,G5361,G6006,G1905,G5475,G1952,G5473,G5395,G5446,G1910,G5388,G6156,G1747,G6027,G6013,G6014,G5404,G6037,G3685,G1928,G1906,59297,G1962,G6015,G6021,G1164,G1944,G5476,G6144,G1786,G6036,G6047,G5961,G6096,G6009,G6094,G5471,G5359,G5357,G5958,G6104,G5422,G5436,G3722,GB031,G1992,G1774,G5451,G1740,G5470,G6110,G3532,G5400,G1912,G1721,G6043,G1981,G6154,G6020,GL251,G1705,G1793,G1917,G6107,G5418,G5320,G3686,G6103,G5425,59298,G1932,GL257,G3701,G5300,G6076,G6029,G5337,G6085,G1993,G3564,G5389,G3750,G5467"
114.10,23.15,0.29,0.27,171,"G1779,G1784,G5412,G1780,G1773,G5437,G1741,G5397,G5361,G5438,G5439,G5406,G5404,G5393,G5398,G1988,G5359,G5357,G1908,G1720,G1705,G5394,G1957,G5436,G6066,G5390,G5326,G5391,G5425,G6065,GL251,G1927,G5341,G1946,G6025,G1941,G5413,G1774,G6086,G5392,G1786,G6073,G5435,GL257,G5400,G5327,G6067,G6064,G5325,G1980,G6022,G1965,G6063,59297,G6115,G5418,G5388,G5395,G5957,G1940,G5358,G1939,GL255,G5340,G1914,G5405,G1977,G6068,G5389,G5422,G6113,G1925,GL254,GL256,G6114,G1747,G1951,G6074,G1972,G6026,G5944,G5342,G6070,G1991,G1740,G5403,G6023,G5386,G1986,G6027,G5387,G6040,G5360,G6069,G6117,G6016,G1950,G1962,G5338,G1775,G1793,GL253,G5429,G1902,G1937,G5316,G6021,G5321,G6038,G6098,G5424,G5339,G6039,G6024,G9536,G1912,G1930,G1799,GL252,G6144,G5430,G1792,G5409,G5432,G1928,G3153,G6102,G5434,G9598,G1797,G6020,G1952,G5945,G6095,G6014,G6030,G5343,G5416,G6011,G6035,G1992,G1712,G1979,G5431,G5384,G1958,G6076,G6093,G1916,G5363,G6061,G6015,G5302,G5300,G9595,G1943,G3147,G5383,G1913,G6043,G1993,G6080,G6094,G5474,59298,G3154,G9596,G1083,G5401,G5550,G1984"
114.10,23.30,0.29,0.27,116,"G5358,G5403,G5435,G5413,G5386,G1705,G5359,G5425,G5429,G5432,G5357,G5436,G5361,G5360,G5431,G5430,G5384,G5404,G5397,GL251,G5412,GL257,G1780,G5383,G5405,GL255,G1774,G5550,G5385,G5398,G1779,G1773,G5416,GL254,G5434,G5400,G3147,GL253,G1786,GL256,G1741,G5418,GL252,G5433,G5394,G5424,G5363,G5389,G1775,G1784,G1785,G5391,G5543,G3268,G5401,59297,G5406,G5409,G5437,G5362,G5382,G5439,G9593,G5388,G5422,G5392,G5395,G5438,G5387,G5390,G3269,G1783,G1941,G9536,G5381,G1061,G1797,G9595,G1083,G1720,G1988,G1908,G3150,G5393,G6025,G1740,G1799,GL706,GL705,G1747,G9598,G3153,G5551,G5341,G5427,G1977,G1787,G1957,59294,G3148,G1940,G5325,G6066,G3317,G5326,G6022,G3245,G1748,G1065,G6064,G3318,G6065,G1793,G1712,G9592,G1792"
114.10,23.45,0.29,0.27,85,"G5385,G5431,G5383,G5384,G5432,G5433,G5550,GL706,G5429,G5403,G5386,G5543,GL705,G5430,GL707,G1785,G5551,G5360,G5564,G5542,G5358,G3150,G5416,G3147,G3268,G5563,G1755,G3148,G5435,G5552,G5413,G5434,G5549,G5381,GL710,G5425,G1061,G5553,G5382,G5365,G1705,G5359,G9593,G5401,G5363,G5405,G5362,G5357,GL709,GL253,GL252,G5436,GL255,GL254,GA033,GL257,GL701,GL251,G1783,G5353,G9592,G5546,G5361,G5404,G5424,GL256,GA032,G1774,GL702,G5397,G1748,G3269,G1775,G5427,GA034,G1065,G5400,GA035,G5409,G5412,G1780,G5541,G3323,G5356,G5398"
114.10,23.60,0.29,0.27,62,"G5542,GL707,G5552,G5563,GL706,G5553,GL709,G5564,G5541,GL710,GL705,G1755,G5551,GL702,G5549,G5385,G5546,G5433,GL708,G5556,G5543,G3150,G9727,G5554,G5544,G1750,G9530,G5383,G5550,G3148,G5431,GL701,G5384,G3369,G1785,G5432,59290,G5365,G9728,G5540,G5353,G1753,G5547,G3421,G3348,G5429,G9751,G5381,G3268,GL703,G5367,G5430,G1063,G5403,G5386,G3323,G3106,G5356,GA033,G1061,G3248,G5364"
114.10,23.75,0.30,0.27,53,"G5541,G9727,G5544,G1753,G9728,G3421,G3369,G5556,G9530,G5561,GL709,59290,G5552,G5553,G5542,G1063,GL708,G1752,G5563,G1084,G3106,G3424,G9751,GL707,GL702,G5545,GL704,G5554,G5547,GL710,G9702,G4651,G5564,G1755,GL706,G3368,G3348,G5546,G4658,G1750,G1082,G9750,GL703,G5540,GL705,G1057,G1523,G4659,G1476,G5551,G1423,G3365,G5549"
114.10,23.90,0.30,0.27,50,"G5561,G1753,G4658,G4651,G1084,G3421,G4659,G1423,G1752,G9728,G5544,GF807,GL704,G1476,G9727,G3368,G3369,G1063,GF808,G3424,GF801,59097,G9750,G4655,G1421,59290,G1478,G5541,G3106,G5545,G4652,G9530,G4657,G9702,G4654,GF800,GF809,G5556,G1057,G9751,G4559,G5547,GL708,G3365,GF091,G1483,G4660,G1082,G4669,GL709"
114.10,24.05,0.30,0.27,61,"G1423,GF807,G4659,GF808,GF801,G4654,G4657,G4658,G4655,G1421,59097,G4651,GF091,G1476,GF802,GF800,G4634,GF803,G4660,GF809,G1481,G4559,G4652,G4624,G5561,G1084,G9870,G1478,G4656,G1473,G1495,G3368,G1753,G9869,G4623,GL704,G9868,G4641,G3421,GF804,GF806,G1752,G4653,G9750,G4669,G1482,G9851,G4638,G1475,G4558,G9867,GP104,G1483,G9728,G9852,G3424,GF810,G1057,G4640,G5544,G1063"
114.10,24.20,0.30,0.27,76,"GF802,G9870,G1473,G4634,G4656,G4641,G9868,G1495,GF091,G9851,G4623,G4654,G4638,G4624,G1481,GF803,G9852,G9850,G4640,G9869,G4657,GF604,G1485,59094,G9853,GF607,GF801,GF808,G9866,G4660,G1499,G9867,G1488,GF600,G4644,G1486,G1421,G4655,GF807,GF800,G1423,GF804,59097,G4635,G4659,G9865,G4642,G9860,G4632,G4559,G1482,GP104,G4658,G9862,G4653,G8544,GF809,G9861,G4897,G1476,G4645,G1540,GF806,G9854,GF601,G4629,G1490,G9874,GF602,G4651,G4558,G4652,G4846,G9863,G4633,GP105"
114.10,24.35,0.30,0.27,79,"59094,G4644,GF604,G1499,G9850,G1486,G9860,GF607,G9851,G9853,G4640,G4641,G1485,G9862,G4645,G9852,G4638,G9861,G4635,GF601,G9868,GF602,G1490,G4633,G4642,G1473,G9870,G9854,G1495,G9865,G9856,G4623,G9863,G4656,G9866,G1488,GF603,GF600,G1484,G4636,G4643,G4634,G9869,GF802,G1542,G9864,G9874,G9855,G4624,G9867,G9857,G9873,G1494,G4632,G4629,GF091,G1481,G9859,G4637,GP107,GF803,GF605,G9875,GP106,G4897,G9858,G4654,GF804,G4631,G4744,G4899,GP108,GF606,GP115,G9871,G8544,G4657,G2755,G1493"
114.10,24.50,0.30,0.27,80,"GF603,G1484,G4643,G9856,G4633,GF601,G4645,G9859,GF602,G1494,G9862,G1490,G9861,G9857,G9860,G9864,G9858,G9863,G9854,G4644,G4636,G1486,G1499,G4646,59094,G4416,G9855,G4668,G4637,G1440,G4431,G4635,G1468,GF607,GF604,G9853,G9850,G4454,G9875,GF094,G1542,G4515,G4527,G4642,G1489,G4502,G1469,G9876,G1485,G4744,G4640,G4528,G4453,G4514,G9865,G9851,G4448,G4625,G9852,GP108,G1467,G4641,G9873,G4638,GP106,G9874,G9868,G9866,GP107,G9877,G1493,GF606,G1488,G4639,GF600,G1495,G1444,G4661,G1473,G4623"
114.10,24.65,0.30,0.27,59,"G4416,GF094,G4502,G1469,G1489,G1468,G1467,G4515,G4514,G4448,G4527,G9859,G4646,G4528,G4668,G1494,G4454,G1440,G9858,G4643,G4533,G1484,GF603,G4625,G4453,G4431,G9857,G1444,G4506,G9856,G4661,GF501,G4501,G4633,G9864,GF601,GF602,G4645,G9876,G4637,G1490,G9862,G4622,G4636,G9861,G4500,G9875,G4744,G9863,G9855,G4639,G1424,G9854,G9860,GF502,GF503,GP108,G1451,G4665"
114.10,24.80,0.30,0.27,57,"GF501,G4501,G4506,G1467,G4533,GF503,GF502,G4502,G1469,G1489,G4500,G4448,GF505,GF094,G1451,G4514,G4503,G4507,G4515,G4512,G4416,GF500,G4508,G4662,G1450,G1468,G4527,G1444,G4528,GF508,59090,G4622,G4504,G4661,G4625,G4646,G4511,G4454,G4453,G4668,G4509,G1440,G4531,G1443,GF504,G9859,G1441,G4510,G4447,GF305,G4431,G1424,G9858,G4513,G1494,G4613,GF506"
114.10,24.95,0.30,0.27,57,"GF500,G4508,GF505,G4662,G4503,G4507,GF503,59090,GF502,G4509,G1451,G4512,G4511,G1443,GF508,G4447,G1450,G4501,GF507,GF501,G4504,G4500,GF506,G4506,GF412,G4510,G4505,G4450,GF504,GF305,57996,GF409,G1441,G1496,G4466,G4533,G4531,G1427,G4513,GF310,GF309,G1434,G4622,G4414,G1467,G4434,G4468,G4462,G4523,GF401,G4448,G4502,G1469,G1489,G4514,G1422,G1444"
114.10,25.10,0.30,0.27,62,"GF507,G4505,G1443,G4447,G4509,G4466,GF401,GF412,G4462,G1496,GF506,G4450,G4511,57996,GF411,G4460,G4414,59090,G4434,G4508,GF500,G4662,GF410,G4467,G4507,GF505,G1435,G4503,GF508,GF309,GF301,G1407,G4510,GF503,G4512,GF409,G1422,G4522,G1427,GF502,G1434,G1451,G1450,GF400,G4504,G4468,G4413,GF305,G4436,G4432,GF504,G4463,GF302,GF306,G4520,G1420,G4500,GF310,G4501,G1441,G1419,G4443"
114.10,25.25,0.30,0.27,40,"G4460,GF411,GF401,G1435,G4462,GF410,G4467,GF306,G4425,G4466,G4443,G4505,G1419,G4413,G4423,G1496,G4414,G4434,G1453,GF507,G4424,GF301,GF302,G1407,GF412,57996,G4447,G4522,G1443,G4520,G1430,G1422,G4450,G4509,GF311,G4463,GF506,GF400,G4432,GF309"
114.25,22.40,0.29,0.27,93,"G3535,G3794,G3578,G3514,G3567,G1146,G3799,G3659,G3524,G1129,G1173,G3742,G3631,G3545,G3726,G1120,G3793,G3552,G3581,G3789,G3577,G3534,G3747,G3522,G3523,G3549,G1174,G1121,G1149,G3779,G3723,G3721,G1177,G3517,G3775,G3536,G3776,G3580,G1125,G3576,G1144,G3798,G3774,G3773,G3579,G3527,G1182,G1133,G1130,G3797,G3796,G3713,G3630,G3519,G3687,G3778,G3725,G3645,G3518,G3730,G3558,G1135,G3761,G1184,G1166,G3669,G3758,G3512,G1137,G3554,G1175,G3658,G3547,G3544,G3560,G3752,G1154,G3691,G1188,G3566,G3563,G3627,G3623,G3621,G1138,G3634,G1161,G3739,G3501,G3562,G3506,G3640,59493"
114.25,22.55,0.29,0.27,199,"G3794,G3578,G3535,G3567,G3742,G3514,G3545,G3726,G3549,G1177,G3659,G3517,G3799,G3723,G1174,G3552,G3796,G1173,G1133,G3687,G1125,G1182,G3524,G1144,G3536,G1146,G1137,G3554,G3534,G3518,G3758,G3560,G3577,G1120,G3621,G3558,G3623,G3730,G3631,G3798,G3789,G3721,G1129,G3581,G1121,G3737,G1166,G3630,G3793,G3523,G3522,G3787,G3760,G3753,G1138,G3649,G3527,G3743,G1149,G1161,G3747,G3779,G3678,G3544,G1171,G3579,G5960,G1181,G1185,G1147,G3774,G3576,G1184,G3775,G3506,G3559,G3788,G3797,G3739,G3749,G1188,G3661,G3627,G3538,G3761,G3573,G1175,G1998,G3773,G3792,G3570,G3512,G3508,G3580,G1163,G1135,G6101,G3719,G3778,G3762,G3780,G3519,G3691,G3751,G1130,G3507,G3547,G1165,G6105,G3776,G3622,G1954,G3696,G3658,G3698,G6155,G3695,G3731,G6106,G3669,G1148,G3713,G3683,G3509,G3689,G3754,G3645,G3562,G1180,G6029,G1162,G5962,G3563,G3748,G1172,G3564,G3510,G3542,G3553,G3752,G3566,G3634,G3740,G3537,G6107,G3572,G3620,G1917,G3501,G3725,59493,G6103,G3791,G3525,G6154,G3539,G6104,G5961,G1154,G3654,G3511,G3732,G3684,G3646,G5303,G3516,G3648,G3513,G1159,G6096,G3520,G1178,G1155,GB060,G1186,G6110,G3571,G3633,G3685,G3543,G3795,G5471,G3657,G3757,G1190,G3541,G3561,G3565,G1905,G6081,G3724,G3640,G3551,G3662,G6083,G3533,G3626,G3504,G3766"
114.25,22.70,0.29,0.27,234,"G1185,G3760,G1171,G3570,G3780,G3661,G3678,G3753,G3649,G1147,G3621,G1137,G3622,G3554,G6155,G6101,G3509,G3787,G1954,G3748,G3508,G3564,G3623,G3737,G3560,G3796,G1998,G5960,G6105,G3788,G6106,G3538,G3687,G3719,G1181,G3758,G3539,G1177,G3749,G3683,G6029,G1133,G3517,G3549,G5961,G3743,G1182,G3633,G3685,G5471,G3520,G3516,G3723,G3559,G6107,G5962,G1125,G3518,G3537,G3545,G3742,G1138,G1917,G6104,G3646,G1174,G3726,G1144,G6083,G1148,G1161,G3558,G3754,G6154,G6081,G3654,G3662,G3730,G3507,G3536,G6103,G6096,G3573,G5467,G1905,G3567,G3552,G3731,G3792,G3659,G3794,G1959,G3578,G3514,G3542,G3506,G1166,G3535,G5446,G6110,G3799,G6078,G3795,G5468,G1173,G3657,G3544,G3791,G3732,G1974,G6090,G1163,G3534,G3510,G3798,G5464,G6079,G6082,G3739,G3524,G5470,G3696,G3630,G1180,G6012,G1990,G3721,G5469,G1953,G3577,G5303,G3751,G1165,G6131,G3627,G1146,G3689,G1721,G5460,G3762,G1188,G1184,G1120,G3789,G3527,G5963,G3513,G6013,G1121,G3572,G5964,G3543,G6091,G6005,G3631,G3581,G3695,G3620,G3523,G1175,G3579,G5443,G3522,G5457,G3698,G1149,G3750,G1702,G6028,G3774,GB031,G3793,G1129,G3761,G3779,G5463,G3512,G1190,G3576,G3747,G3797,G3553,G3775,G3691,G1155,G1162,G5475,G1958,G3551,G5445,G1135,G1906,G3547,G6080,G1717,G3783,G5448,G5458,G3773,GB060,G3778,G5474,G1955,G3562,G3571,G5465,G1172,G3541,G5441,G3519,G3658,G6095,G1979,G6006,G3511,G3580,G1178,G3744,G1930,G5459,G3684,G1130,G6011,G3669,G3740,G3563,G1701,G3574,G3525,G3634,G6033,G6030,G6069,G3701"
114.25,22.85,0.29,0.27,217,"G5468,G5446,G1959,G5471,G5470,G3685,G3633,G5467,G6083,G5963,G1974,G1721,G3564,G3520,G1958,G3748,G3539,G6082,G6081,G6005,G5475,G5474,G3662,G5469,G6079,G6078,G6131,G3516,G5441,G3509,G5961,G1905,G6090,G5964,G6155,G3780,G3622,G1954,G3570,G6069,G5339,G5316,G1930,G3646,G6091,G6095,G6106,G6104,G6107,G6080,G6029,G6101,G6012,G6070,G3661,G3683,G5476,G6096,G1953,G1917,G1979,G6105,G1991,G3537,G3508,G1185,G6117,G5473,G6154,G5464,G6114,G6011,G3654,G6028,G1171,G5463,G5338,G1990,G3678,G5448,G3719,G1998,G3760,G5962,G1147,G6103,G3657,G1955,G6030,G6068,G6110,G3795,G5340,G5443,G5302,G5343,G3538,G3753,G3649,G5472,G3788,G5451,G6013,G3787,G3754,G5465,G3749,G1148,G5460,G5960,G6113,G5321,G5445,G5457,G1181,G1914,G3621,G6098,G5327,G6115,G3732,G3737,G3542,G5342,G1702,G3791,G3623,G1137,G3554,G3731,G3559,G1951,G5458,G5957,G3560,G3507,G3743,G5320,G1927,G5447,GB031,G5326,G5341,G1946,G3758,G3796,G1906,G5325,G6033,G5308,G6067,G3510,G6006,G3687,G3573,G5303,G6086,G1138,G3792,G3750,G5459,G1968,G6066,G6034,G1161,G5337,G1133,G3513,G1916,G6102,G3543,G1720,G1177,G1182,G1717,G3518,G3517,G5440,G5393,G5312,G3549,59298,G1180,G3558,G3506,G3723,G1125,G1980,G3696,G1163,G3730,G5315,G1144,G5466,G3572,G5322,G5438,G1164,G1174,G5344,G3783,G6065,G1190,G1976,G1957,G3545,G6063,G1166,G3742,G3536,G3689,G6062,G5439,G3726,G6061,G5300,G3544"
114.25,23.00,0.29,0.27,168,"G5338,G5339,G5316,G6070,G5342,G5343,G5321,G5474,G5327,G5302,G6069,G5325,G5473,G6114,G5441,G5341,G1958,G5340,G1991,G5475,G5476,G6068,G1720,G5451,G5326,G5320,G1930,G6115,G6117,G1927,G5439,G5393,G5337,59298,G1914,G1946,G6095,G6066,G5963,G5438,G6113,G5468,G5300,G1721,G5322,G5395,G6005,G5957,G5446,G6086,G5470,G6067,G5312,G6011,G5472,G5394,G1979,G1719,G1959,G5305,G1951,G6080,G1974,G6030,G5422,G6131,G1741,G5308,G5469,59297,G1957,G5452,G6082,G1716,G5315,G1784,G5964,G6065,G6098,G1710,G5467,G5437,G6079,G1980,G5323,G5471,G6083,G1988,G6078,G5306,G6063,G6091,G3685,G3633,G1799,G1955,G1712,G5448,G6081,G3662,G6090,G5418,G6073,G5344,G3520,G5463,G1965,G5307,G6028,G1780,G1908,G1779,G3539,G1905,G5397,G6102,G5440,G5412,G6012,G3516,G3564,G5406,G5465,G1797,G1953,G3748,GL251,G5961,G5447,G5456,G5301,G1916,GL257,G1773,G1902,G5436,G3509,G1711,GL256,G6064,G5443,G3646,G1986,G5464,G5361,G1972,G5445,G5311,G1990,G5390,G1714,G6034,GL255,G5396,G6025,G6024,G6155,G6104,G6040,G6022,G6096,G6061,G5449,G1968,GL254,G3622,G6107,G1954"
114.25,23.15,0.29,0.27,141,"G5395,59297,G5394,G5422,G5418,G5325,G1799,G1741,G1720,G5439,G5341,GL251,GL257,GL256,G5342,G1712,G1797,GL255,G5436,GL254,G5300,G5405,G5321,G5327,G5397,G5409,G1780,G5438,G5305,59298,G5393,G5338,G5343,G5412,GL253,G1784,G1710,G5301,G5322,G5326,G1716,GL252,G1705,G1779,G5302,G5337,G5361,G1719,G5396,G5323,G5435,G5320,G5437,G5452,G5359,G6070,G5316,G5339,G6066,G1798,G1773,G1927,G1714,G5340,G5434,G5363,G1946,G6114,G5473,G5311,G5451,G5306,G6068,G5312,G6115,G5416,G1957,G5401,G1988,G6069,G6086,G1711,G5404,G5406,G5357,G1991,G5425,G6067,G5476,G1914,G5474,G5413,G6065,G5430,G5315,G1787,G1783,G5957,G5441,G5398,G5362,G1908,G5429,G6113,G5403,G1958,G5307,G5358,G1980,G6117,G5417,G5475,G5427,G5308,G5382,G1930,G6073,G5390,G6063,G1951,G1743,G1965,G5391,G1774,G6025,G5386,G5384,G5472,G6095,G1941,G6064,G1748,G1786,G1791,G5383,G5400,G5344,G5432,G5392,G6022,G5380"
114.25,23.30,0.29,0.27,105,"GL253,GL252,G5434,GL254,G5405,G5363,GL255,GL256,G5416,G5409,G5401,GL257,G5430,GL251,G5362,G5418,G1783,G5382,G5435,G5436,G5429,G1797,G1787,59297,G1785,G5427,G1705,G5403,G5384,G5422,G1799,G5383,G5381,G1748,G5417,G5394,G5359,G5395,G5397,G5433,G1712,G5432,G5396,G1780,G5361,G5385,G5431,G5358,G1741,G5386,G1798,G5301,G5413,G5412,G5425,G1742,G1745,G5380,G5357,G5365,G1743,G1779,G1714,G5404,G5439,G1773,G1788,G5311,G1720,G5325,G5360,G5300,GL705,G1710,G1784,G5305,G5378,G1791,G5550,G1744,G5375,G5549,G1716,G5341,G5410,G5323,G5398,G5353,G5374,G5438,G5437,G5342,G1774,G1711,59298,G5322,G5393,G1719,G5452,G5356,G1704,G5324,G5327,G5321,G5400"
114.25,23.45,0.29,0.27,87,"G1785,G5381,G5433,G5365,G5382,GL705,G5549,G5383,G5416,G5362,G5430,G5384,G5353,G5401,G5385,G5434,G1748,G1783,G5363,G5429,G5427,G5356,GL252,G1745,G5431,GL253,GL707,G1787,G5432,G5403,G5546,G5563,G5367,G5402,G5417,G1788,G5374,G5405,GL254,G5553,G5366,G5409,GL255,G1742,G5355,G5435,GL702,G5364,G5410,GL256,G5386,G5542,GL706,G5373,GL257,G5550,G1789,G5380,G5399,GL251,G1704,G5423,G5354,G5358,G5436,G5375,G1705,G5540,G5554,G5418,G5371,G1797,G5414,G5378,G1743,G5359,G5413,G5543,G5411,G5372,G5360,G5376,G5564,G5552,G5425,G5324,G1799"
114.25,23.60,0.29,0.27,67,"G5546,GL702,G5553,G5549,G5563,GL705,G5554,GL707,G5540,G5353,G5367,G5365,G5364,G5542,G5356,G5556,GL703,G5355,G5423,G5402,G5354,G5547,G5433,G5541,G1785,G5366,G5381,59290,GL706,GP201,G1523,G5552,G5544,G5385,G5373,G5383,G5374,G5382,G5545,G5414,G4975,G5369,G5384,G1789,GL709,G1748,G1745,GP203,G5564,G1788,G5362,G5399,G5430,G5416,G5431,G5371,GL710,G1752,G5427,G1755,G5410,G1783,G5429,G5401,G5372,GP202,G5432"
114.25,23.75,0.30,0.27,49,"G5556,59290,G5547,G5545,G5554,G5544,GL702,GL703,G1752,G5540,G1523,GL704,G5541,G5553,GP203,GP201,G5546,G5561,G5563,G1753,GP202,G4975,G5423,G5364,G5542,GL707,GP206,GP200,G5354,G9727,G5367,G5549,G5355,G3421,GL705,G9728,G5353,G5552,G1476,G5356,G3369,GL709,G4658,G4734,G4843,G5402,G1517,G9530,G5365"
114.25,23.90,0.30,0.27,49,"GL704,G1752,G5545,G1476,G5561,59290,G5544,G4658,59097,G4669,G4655,G1421,G1753,G5547,G1475,GF807,GP203,GF800,G5556,G4659,G1423,G4559,GP206,GF801,G1519,G1523,G1517,GP202,G4651,G4657,GF806,GL703,G3421,GP201,G5554,G5541,GP200,G1084,GF808,GP209,G4653,G9727,G9728,G5540,GL702,G4975,G4654,G4734,G1481"
114.25,24.05,0.30,0.27,53,"GF800,G4559,59097,G1421,G4655,G1476,GF801,G4657,GF806,G4669,GF807,G1475,G4653,G1481,G1423,G4659,G4624,G4658,GP104,G1519,GL704,GF805,G4846,GF802,G4654,G1540,GF808,G4656,G1752,G5561,G4623,G1473,G4740,GP105,G4651,G1517,GP209,GF091,G5545,G4634,G4638,G1488,G4897,GP206,G9870,G9852,G1753,G9851,G5544,G4641,G4742,GF803,59290"
114.25,24.20,0.30,0.27,70,"G4624,G1481,G4623,G4656,GP104,G1488,G1473,G1540,G4638,G4653,G9852,G4897,G4846,GF802,GF806,GP105,G4559,GF800,G4657,G9851,G9853,G4655,G1421,G4642,G4740,GF805,GF801,59097,G4641,G4742,GF604,G9870,G1486,59094,G1499,G4654,G4634,GF807,G4899,G9868,G9850,G4669,G1475,G1476,GP107,G1495,GF091,G1542,G1423,G9854,G4640,G9860,G4659,G4644,GF808,G9861,GP115,GP106,GF607,G1490,G1485,G4650,GF803,G4658,G4847,G9869,G1519,GF602,G9855,G4645"
114.25,24.35,0.30,0.27,70,"G4642,G1488,G9853,G1542,G9854,G9852,G1486,G4638,GP107,G9861,G1499,G4897,G1490,GP106,G9855,G4623,GF604,59094,G9860,G9851,G4899,GF602,GP115,G4656,G1473,G4645,G4637,G4644,G9850,G4641,G4624,G9856,G4744,GP108,G4742,GP105,G9857,G1540,G1481,GF601,G4748,G9862,GP113,G4633,GF607,G4640,GP104,G4643,G9868,G9870,G4846,G1494,GF802,GF603,G1485,G4896,G9858,G4847,G1484,G4740,59096,G4635,G1495,G4653,GP114,G4634,GF805,G9863,GF806,G9865"
114.25,24.50,0.30,0.27,63,"G4637,G9855,G9857,G4744,G9858,GP108,G9854,G1542,G1490,G1494,GF602,G9861,G9856,GP106,G4643,GP107,G4646,G4645,GF603,G4642,G9860,GP115,G1484,G1486,G4633,GF601,G1499,G9859,G9853,G4748,GP113,G4899,G4515,G9862,59094,G4644,G4514,G1488,GF604,G4416,G9852,G4448,G1489,G1444,G4638,G9851,G4897,G9850,GF094,G4502,G1469,59096,GP110,G9863,G9864,G1468,GP114,G4896,GF607,G4623,G1467,G4636,G4641"
114.25,24.65,0.30,0.27,45,"G4646,G1444,G4515,G4514,G4448,G9858,G1489,G1494,G9857,G4416,G4744,G4637,G4502,G1469,G1467,GF094,GP108,G4643,G4506,G9859,G9855,G9856,GF603,G1468,GF501,G1484,G4500,GF602,G1490,G4527,G9854,G1542,GP106,G9861,G4528,G4645,G4501,G4668,G4633,G4533,G1440,G4454,GF601,GP107,G1450"
114.25,24.80,0.30,0.27,44,"G4500,G1444,G4506,GF501,G4448,G1450,G4514,G1441,G4515,G4513,GF504,G1489,G4503,G4507,G4501,G1467,GF505,GF503,G4646,G4502,G1469,GF500,GF502,G4511,G4416,GF094,G4508,G1451,G4662,G4533,G9858,GF409,G4512,G4509,59090,G1468,G1443,G1427,G4527,G4468,G1494,G4450,GF508,G1434"
114.25,24.95,0.30,0.27,49,"G1450,GF504,G4511,G1441,G4513,G4500,GF409,G4507,G4503,G4450,G1427,GF505,G1443,GF412,G4468,G1434,GF500,57996,G4509,GF507,G4508,GF503,G4436,GF501,G4506,GF502,G4662,G4434,59090,G1422,G4466,G4501,GF400,G4447,G1451,G4455,G4512,G1407,GF405,G1444,GF508,G4432,G4505,G4448,G4463,G4459,G4514,GF506,G4504"
114.25,25.10,0.30,0.27,55,"57996,G4434,G4450,GF412,G4466,G1422,G1434,G1407,G1427,GF409,GF400,G4468,GF507,G4436,G4432,G1443,G4467,G4511,G4463,GF410,G4509,GF405,G4459,G4455,GF504,G4460,GF401,G1435,G1441,G1450,G4447,G4505,G4513,G4507,GF500,GF406,G4503,G1431,G4464,G4508,GF505,G4435,G4462,GF411,59090,G1430,G4662,G4458,G4500,GF503,G4449,G1496,GF502,GF506,G4452"
114.25,25.25,0.30,0.27,44,"G4467,GF410,G1435,G4460,G1407,G1430,G4463,G4434,G4466,G4432,G1422,G4435,GF400,GF406,GF401,G4459,57996,G4458,GF412,GF411,G4450,GF403,G1434,G4436,GF507,G4449,G1427,GF405,G4462,G4468,GF409,G1431,G4452,G4455,G1443,G4505,G4425,G4464,G4456,GF404,G4509,GF306,G4443,G4511"
114.40,22.40,0.29,0.27,52,"G3725,G1154,G3640,G3566,G3563,G3626,G1134,G3674,G1159,G3512,G1140,G3582,G3525,G1172,G3567,G3536,G3627,G3724,G1162,G3794,G3666,G3544,G3668,G1125,G3730,G3545,G3762,G3578,G3723,G3511,G3625,G3535,G3695,G3533,G3742,G1133,G3514,G3549,G1165,G1163,G1138,G3687,G3571,G3726,G1177,G3689,G3659,G3796,G3792,G3799,G3517,G3623"
114.40,22.55,0.29,0.27,133,"G3512,G3627,G3544,G3563,G3536,G3762,G3730,G3566,G1172,G1162,G3695,G1125,G1165,G1163,G3525,G1138,G1154,G1159,G3725,G3511,G3723,G3689,G3792,G3567,G1133,G3545,G3687,G3724,G3571,G3533,G3549,G3626,G3623,G1140,G3640,G1181,G3541,G3666,G3794,G3749,G3731,G3787,G3796,G3742,G3788,G3538,G3578,G1137,G1177,G3753,G3542,G3674,G5303,G1134,G3535,G3754,G3582,G1147,G3719,G3514,G3625,G3726,G3517,G3508,G1171,G3624,G3554,G3683,G3659,G3537,G1174,G3654,G3799,G1182,G3760,G3795,G3621,G3552,G3622,G3657,G3560,G1185,G3780,G1173,G1144,G3646,G3758,G3678,G1717,G5460,G5330,G3570,G1701,G3524,G3668,G3649,G3737,G3518,G1146,G5464,G3516,G3661,G3534,G1702,G3558,G3539,G5457,G3748,G3520,G5960,G3577,G1120,G3743,G3798,G3631,G3721,G3789,G3662,G6101,G3564,G1166,G1998,G3509,G6155,G3633,G1161,G5443,G1129,G1954,G1121,G3581,G1718,G3630"
114.40,22.70,0.29,0.27,170,"G3731,G3542,G3754,G3792,G5303,G3749,G3719,G3654,G3538,G3795,G3537,G3788,G1163,G1181,G3657,G3689,G3683,G1138,G1165,G3646,G3508,G5460,G1147,G5464,G3544,G3762,G3695,G3787,G3753,G3730,G3627,G3623,G1702,G3622,G5457,G3516,G1717,G3541,G3571,G3539,G5443,G1162,G3520,G1171,G3662,G3536,G1125,G3780,G1133,G3687,G1701,G3512,G5458,G3511,G1137,G3723,G3633,G5445,G1172,G3748,G5459,G5467,G5463,G3796,G3570,G1185,G3760,G5469,G3549,G3525,G3533,G5465,G3564,G5330,G3545,G5448,G5471,G3554,G1177,G3563,G3567,G5470,G3661,G3678,G3624,G3509,G3621,G1721,G5328,G3566,G3724,G1718,G3742,G6155,G3649,G3517,G1159,G5446,G1954,G6101,G3560,G3685,G3666,G3794,G5468,G3726,G3737,G5447,G5477,G3578,G1154,G1182,G3758,G1998,G5960,G6106,G6105,G3535,G1140,G5961,G3514,G1174,G6083,G1959,G6029,G3725,G3626,G5317,G3659,G1144,G5475,G3743,G5442,G3625,G5466,G3518,G6081,G3552,G6107,G5472,G3799,G3559,G3558,G6104,G3640,G5962,G1917,G1905,G5441,G1974,G5313,G1173,G1161,G3582,G6154,G5440,G6078,G3674,G1148,G6096,G5476,G1134,G5474,G6082,G5336,G6103,G3573,G3524,G3534,G3507"
114.40,22.85,0.29,0.27,164,"G5463,G5448,G5469,G5443,G5465,G5445,G5464,G1721,G5470,G5457,G3662,G5458,G5460,G5467,G1702,G3657,G5447,G3646,G5472,G3795,G3516,G5459,G3654,G3520,G5475,G3537,G3633,G3539,G5476,G5446,G5441,G1717,G3683,G5466,G5440,G5468,G5477,G3754,G3542,G5471,G5473,G5308,G5442,G3622,G5474,G5451,G5303,G3719,G5449,G3748,G3731,G3508,G1701,G3538,G5344,G5456,G3780,G3788,G3749,G3564,G5302,G1147,G1959,G1181,G3685,G5454,G5343,G5315,G5320,G3792,G5312,G5328,G5339,G3570,G5461,G3753,G1171,G3787,G3509,G1958,G5316,G6083,G5338,G5337,G3689,G1718,G1163,G5321,G5963,G1138,G6155,G1974,G1185,G3623,G1165,G5330,G6081,G1954,G3661,59298,G5961,G5444,G3541,G3760,G5450,G6005,G6070,G5322,G6082,G5307,G3695,G6069,G5342,G5313,G3762,G1719,G6078,G6101,G6079,G3571,G3544,G1137,G3678,G6131,G5317,G3730,G6106,G5452,G1905,G1733,G3627,G3687,G5306,G5300,G1133,G6090,G6105,G1722,G6029,G1930,G6114,G3649,G5964,G5305,G1125,G6107,G1162,G6104,G1991,G3796,G3621,G1998,G3554,G1716,G3536,G6095,G3511,G5336,G1917,G3723,GL509,G5323,G1710,G3624"
114.40,23.00,0.29,0.27,121,"G5451,G5308,G5320,G5312,G5337,G5315,G5476,G5472,G5473,G5302,59298,G5322,G5344,G1719,G5343,G5452,G5321,G5307,G5300,G5306,G5440,G5456,G5441,G5305,G1716,G5475,G5323,G1710,G5338,G5342,G5447,G5474,G5449,G5448,G5454,G5339,G5450,G1721,G5466,G5316,G5465,G5444,G5469,G5463,G1711,G5470,G1722,G5461,G5325,G5445,G6070,G5442,G5311,G5345,G1712,G5443,G5395,G1714,G5468,G5477,G5301,G5446,G5467,G1958,G5455,G5341,G5458,G5327,G5422,G1799,G3662,G6069,G5459,G5462,G5457,G5464,G6114,G1720,G5396,G1702,59297,G1798,G3633,G3520,G5460,G5340,G3516,G1797,G1733,G1991,G5394,G3657,G3646,G5471,G6068,G3539,G5963,G1959,G5439,G3795,G5326,G1930,G5310,59492,G3654,G5309,G3537,G1717,G5418,G6005,G6117,GL504,G5393,G1974,G6115,G6095,G1715,G1927,G5438,G3748,G3685"
114.40,23.15,0.29,0.27,105,"G1710,G5323,G1716,G5305,G5301,G1712,G1714,G5311,G5300,G5452,G1711,G5396,G1719,G5306,G1799,G5322,G1798,59298,G1797,G5337,G5422,G5312,G5307,G5320,G5395,G5315,59297,G5409,G5321,G5345,G1715,G5342,G5418,G5302,G5343,G1791,G5451,GL256,G5308,G1743,G5310,G5462,G5325,G5394,G5344,G5473,G1744,GL254,G5379,G1787,G5338,G5450,GL252,G1722,GL253,GL255,G5309,G5476,G5455,G5417,G5456,G5380,GL257,G5405,G5341,GL251,G5363,G5472,G1720,G5444,G1783,G5401,G5427,G5454,G1742,G5339,G5440,G5327,G5434,G5439,G5316,G5362,G5441,G1741,G5378,G5436,G1703,G5449,G5474,G1748,G6070,G5475,G5416,G5382,G5461,G5324,G5375,G5397,G5438,G1780,G5326,G5393,G1745,G5435,G5447"
114.40,23.30,0.29,0.27,103,"G1787,G5417,G1743,G5380,G5427,G1742,G1798,G1783,G5396,G5409,G1748,G1797,G1791,G1744,G5362,G5401,G5301,G5363,G5378,GL252,G1714,G1745,GL253,G1799,G1712,G5382,G5375,G5311,G1788,G5379,GL256,G5434,G5324,G1715,GL254,G5410,G5381,G5416,GL255,G5422,G5418,G5405,G1711,G1704,G5374,59297,G1710,G5350,G5323,G5376,G1785,G5352,GL257,G1716,G5399,G5395,G5305,GL251,G5310,G5365,G5430,G5300,G5407,G5452,G1789,G1713,G5306,G1746,G5419,G1719,G5411,G5371,G5394,G5436,G5373,G5322,G5351,G1749,59298,G5353,G5429,G5309,G1703,G5435,G5356,G5345,G5366,G5402,G5372,G5433,G5462,G5383,G5307,G5384,G5337,G1705,G5403,G5414,G5312,G1796,G5549,G5320,G1794"
114.40,23.45,0.29,0.27,97,"G1745,G1788,G5374,G5410,G1748,G5399,G5365,G1704,G1789,G5356,G5373,G5402,G5353,G1742,G5366,G5427,G5381,G5375,G5417,G5371,G5382,G1783,G1787,G5380,G5411,G5376,G5362,G5367,G5378,G5372,G5414,G5355,G1749,G1746,G5324,G5401,G1785,G5549,G5350,G1796,G5364,G1743,G5363,G5354,G5419,G5423,G5352,G5369,G1744,G5408,G5370,G1794,G5434,G5416,G5407,GL252,G5546,G5368,G1713,G5351,G5433,GL253,GL705,G1791,G5409,GP004,G5430,G5379,G5428,G5540,G1798,G5383,GL254,GL702,G5396,G1797,G1501,G5377,GL256,G1790,G5384,G5405,G1781,G5429,G1715,GL255,G5554,G5385,G5301,G5563,G5553,GL703,G1782,G1714,G1799,GL707,G1712"
114.40,23.60,0.29,0.27,84,"G5364,G5355,G5423,G5354,G5367,G5402,G5356,G5366,G5540,G5369,G5353,G5414,G5546,G5373,GL703,G1789,G5554,G5549,GP201,GL702,G5365,G4975,G5374,G5372,G5371,G5370,G1796,G5399,G1523,G5411,G4843,G5547,G1749,G5408,G1788,G5410,G1704,G1745,G5553,G1746,G5381,G1501,GP004,GL705,G1794,GP203,G5376,G5556,G5368,G4708,GP202,G5563,G4801,G1748,GP200,G5428,G5375,G1785,G5419,G1790,59290,GP005,G1781,G4734,G5350,G5382,G1742,G5427,G1507,GL707,G5545,G5433,G5362,G5324,G5378,G1783,G5417,G5351,G5380,G1580,G5407,G5352,G1787,G1713"
114.40,23.75,0.30,0.27,57,"G1523,GP201,GP203,G4975,GL703,GP202,G5547,GP200,G5540,G5554,G4843,G5545,G4734,GP206,G5423,59290,G5354,G5556,G5364,GL702,G5355,G5546,G5369,G5367,G4708,G1517,GL704,G1752,GP210,G4805,GP005,G4856,G4733,G1506,G5544,G5402,G5366,G5356,G5414,G5553,G5370,G5353,G4801,G5549,G1519,G5373,G5563,G1796,G1501,GP209,G5372,G1789,G1508,G5561,G5541,G5408,G5371"
114.40,23.90,0.30,0.27,45,"GP206,G1517,G1519,GP203,GP202,GP200,G4669,G1475,GP209,G5545,GL704,G4734,G1523,GP210,G1752,GP201,G5547,G4975,59290,G1476,GL703,G1528,G4559,GF806,G4805,G4856,G4843,GP214,59097,G5556,GF800,G5544,G4733,G5561,G4653,G1421,G4655,G5540,GF805,G5554,G1506,GP005,G4658,GF801,G4708"
114.40,24.05,0.30,0.27,44,"G1475,G4669,G1519,GF806,GF805,G4653,GP209,G4559,GP104,G4846,G1517,G4740,G1528,GF800,G1540,G4650,59097,GP105,G1476,G1421,G4655,GP206,G4894,G1481,G4624,GF801,G4657,G4742,GL704,GP210,G4897,GF807,GP202,GP203,G1752,G5545,GP200,GP214,GP112,G1423,G4658,G4659,G4656,G4734"
114.40,24.20,0.30,0.27,54,"G4740,GP105,G4846,G1540,GP104,GF805,G4742,G4653,G4897,GF806,G4650,GP112,G4847,G4899,G4624,G1488,G1481,G4559,G4895,G1475,G4669,G4894,G4896,G4623,GF800,GP107,G4656,GP115,59096,G1519,G1528,G4642,GP209,G9852,G1546,G4638,G1473,G4655,G1421,59097,GP106,G4657,GP113,G4748,G1542,G9853,GP114,GP111,GP103,GF801,GF802,G9851,G1548,G1476"
114.40,24.35,0.30,0.27,57,"G4899,GP115,GP107,G4896,G4742,G4897,G4847,G4748,59096,GP106,GP113,G1542,GP105,GP114,G1546,G1488,GP112,G4642,G1540,G4895,GP108,G4740,G9855,G4846,G4845,G4744,G9854,G4637,GP104,GP111,GP110,G9852,G9853,G4650,GF805,G1544,G4623,G4638,G1490,G9861,G4653,G1486,G4624,G4656,GF602,G1481,G1499,G4891,G1473,G9857,G9851,GF604,G4893,G9860,GF806,59094,GP103"
114.40,24.50,0.30,0.27,42,"GP108,G4748,GP113,G4744,GP106,GP115,GP107,G4637,GP110,G9855,GP114,G1542,59096,G4899,G4845,G4896,G1544,G9857,G4891,G9858,G9854,G1546,G4847,G4642,G1490,G1494,G4646,G9861,G4897,GF602,G4742,GP111,G9856,G1488,GP109,G4895,G4643,GP112,G1444,G9853,G4645,G1486"
114.40,24.95,0.30,0.27,38,"G4513,G1441,GF504,G4468,GF409,G1427,G4455,G4436,G1434,GF405,G1450,G4450,57996,G4464,GF400,G4500,G1422,G4511,GF412,G1431,G1432,G4432,G4459,G4434,G1407,G4507,G4503,GF408,G4463,G1443,GF507,GF505,G4509,G4461,G4466,G1444,GF500,G4506"
114.40,25.10,0.30,0.27,47,"GF405,G4455,G4436,GF400,G4459,G4432,G4468,G4464,G1422,G1434,G1431,G1427,G4463,G1407,GF409,G4434,57996,GF406,G4450,G4449,G4461,G4452,G4458,G4435,G1432,GF412,G4433,GF504,G4466,G4513,G1441,G4467,GF408,GF404,GF410,G4456,G4511,GF403,G1430,GF507,GF407,G4451,G1443,G1450,G1433,G4509,G1435"
114.40,25.25,0.30,0.27,42,"GF406,G4435,G4458,G4449,G4463,G4459,GF403,G1430,G4432,G4452,G1431,G4456,GF404,G1407,GF400,G1422,GF405,G4467,G4464,GF410,G4433,G4461,G4455,G4434,G4436,G1433,G1434,G1435,G4451,G4468,G4466,57996,G1427,GF407,G4460,GF409,G4465,G4450,G1432,GF412,GF408,G9885"
114.55,22.55,0.29,0.27,74,"G3666,G3724,G1140,G3625,G1159,G3626,G3533,G3525,G3582,G3566,G1154,G3563,G3674,G3511,G1172,G3640,G1134,G3725,G1162,G3624,G3571,G3512,G3541,G3668,G3695,G3762,G3627,G1165,G3689,G1163,G5330,G3544,G3792,G5303,G3730,G1701,G1138,G1735,G3731,G3536,G1718,G3542,G5335,G1717,G5328,G1125,G3754,G3749,G1181,G5317,G1133,G3723,G3788,GL510,G3538,G3795,G3623,G5460,G3719,G3567,G3687,G1702,G3657,G3787,G3654,G5336,G5457,G3537,G3545,G1147,G5459,G3753,G3549,G3683"
114.55,22.70,0.29,0.27,107,"G5330,G1701,G3541,G1718,G3624,G5328,G1717,G3571,G5303,G3533,G5317,G3511,G3689,G3695,G5459,G1702,G1162,G1165,G5460,G5457,G3542,G5458,G1172,G3724,G3762,G1163,G3731,G3525,G3666,G5336,G3795,G5313,G3657,G3792,G3754,G3627,G5445,G5443,G5477,G3625,G5464,G3512,G1159,G3654,G3544,G3563,G1735,G3537,G3566,G1140,G5465,G1138,G5463,G5442,G3749,G3646,G3719,G3538,G3683,G1181,G3626,G3788,G1154,GL510,G3730,G5448,G5447,GL512,G3582,GL509,G5466,G5521,G3508,G3674,G3516,G3640,G1147,G3787,G3662,G3536,G1134,G3725,G3623,G5335,G3753,G1125,G5469,G3520,G3622,G3539,G1133,G5449,G5467,G3687,G5440,G3668,G3723,G1171,G5461,G3633,G3780,GL505,G1733,G5503,G5470,G1721,G1137"
114.55,22.85,0.29,0.27,104,"G5477,G5442,G5466,G5459,G5447,G5458,G5445,G5465,G5328,G5449,G5313,G1717,G5440,G1702,G1718,G5461,G1701,G5457,G5443,G5448,G5463,G5317,G5454,G1733,GL509,G5460,G5336,G5456,G5330,G5464,G5472,G5344,G3657,G5444,G3795,G5308,G5303,GL504,GL505,G5450,G5521,G5469,G3654,GL512,G3542,G1722,G3646,G3537,G1721,G3662,G3541,G3754,G5315,59492,G3731,G5504,G1739,G5470,G5476,G3624,G3516,G5467,G3571,G5515,G5451,G3689,G3683,G5312,G5307,G3520,G5475,G5455,G5502,G3719,G3792,G3539,G1165,G5473,G3695,G5441,G1163,G3633,G3749,G5320,G3538,G3511,G3788,G3508,G5337,G3533,GL510,G3762,G3622,G5306,G1735,G1162,G1181,G5302,G5446,G5345,G1719,G5468,G5322,G5452"
114.55,23.00,0.29,0.27,90,"G5444,G5454,G5450,G5456,G1722,G5461,G5449,G5344,G5440,G5307,G5455,G5466,G5308,G5315,G1733,59492,G5345,G5442,G5447,G5312,GL504,G5306,G5462,G5472,G5477,G5504,G5452,G1719,G1739,G5337,G1711,G5322,G5320,G5451,G5323,G1716,G5465,G5515,G5448,G5309,G1710,59298,G5305,GL508,G5310,G5476,GL509,G5445,G5300,G5459,G5463,G5311,GL505,G5517,G5458,G5473,G5302,G5313,GL506,G5500,G5443,G1714,G5343,G5457,G1702,G5475,G5441,G5321,G1715,G5301,G5469,G5328,G1721,G1703,G1717,G5317,G5336,G5460,G1712,G5396,G1718,G1798,G5464,G5470,G5521,G1701,G5342,G5338,G5474,G5522"
114.55,23.15,0.29,0.27,80,"G5345,G5462,G5310,G5309,G1711,G5455,G1715,G5311,G5307,G1722,G1714,G5306,G1703,G5323,G5450,G5379,G1791,G5452,G1710,G1716,G1798,G5301,G5444,G5396,G1719,G5315,G5305,G5500,G1744,G5312,G5322,59492,G5344,G5517,G5456,G1743,G5454,GL508,G1712,G5300,59298,G5337,G5308,G5461,G5320,G1799,G5314,G5449,G5504,G1797,G5380,G5440,GL504,G5378,GL506,G1733,G1739,G5324,G5451,G5515,G5417,G1742,G5352,G5472,G5422,G5466,G1787,G5302,G5375,G5409,G5321,G1713,G5343,G5407,G5395,G5473,G5476,G5447,G5350,G5442"
114.55,23.30,0.29,0.27,91,"G5379,G1744,G1791,G1715,G1743,G5378,G5324,G5352,G5380,G5375,G1703,G5407,G1713,G5350,G5310,G1742,G5351,G1798,G5376,G5309,G5419,G5417,G1714,G1704,G5311,G5410,G5396,G5314,G1746,G1788,G1787,G5301,G1711,G1745,G5462,G5377,G5427,G5399,G5411,G5345,G1749,G1748,G5374,G5371,G1794,G1783,G1789,G1712,G1797,G1591,G1782,G1586,G5500,G5368,G5372,G5323,G1710,G5455,G1799,G5409,G5306,G5362,G5373,G1716,G1796,G5408,G5401,G5428,G5452,G5363,G5305,G1572,G5382,G5307,G1587,G5517,GL252,G1719,G5414,GP004,G1722,G1795,G1790,G1781,GL253,G5366,G5381,G5300,G5370,GP003,G5322"
114.55,23.45,0.29,0.27,84,"G1746,G5376,G5419,G5350,G1749,G5411,G1704,G5351,G5407,G1794,G5371,G5399,G5352,G1713,G5372,G5368,G5324,G5410,G5375,G1789,G1796,G5408,G5374,G5377,G5373,G5378,G1788,G5428,GP004,G5414,G5370,G1782,G1790,G1781,G1745,G1742,G5380,G5366,G1795,G1501,G1572,G1744,G5369,G5402,G1743,G5379,G5417,G1748,G5356,G1791,GP003,G5355,G5427,G1507,G4801,G5354,G1787,G5367,G5353,G5364,G5423,G1715,GP002,G5365,G1783,GP001,G1586,G1591,G5381,G5314,G5362,G5382,G1703,G1580,G4708,G1798,G5401,G4803,G5549,G5310,G4843,G5396,G1588,G5363"
114.55,23.60,0.29,0.27,89,"G5370,G5369,G1501,G5408,G1796,GP004,G5414,G4801,G5372,G5368,G1790,G1507,G5428,G1794,G1781,G4708,G5371,G1749,G5373,G5354,G5411,G4843,G1789,G5366,G5423,G5355,G1580,G1746,GP005,G5399,G5364,G1795,G5402,GP001,G4975,G4803,G5419,G5367,G5376,G5374,G1704,G1572,G5356,G1782,G5377,G4706,G5351,G5410,G5350,G1508,GP201,G1506,G4733,G1788,G5407,GP003,G5540,G1713,G5353,G4734,GL703,G4805,G5352,G5375,GP200,G4856,G1523,G1509,G1745,G5324,GP202,G4731,G5546,G5365,G5378,GP203,G1595,G5554,G1502,GP002,G1742,G1526,G5549,G1527,GP006,GL702,G5547,G1582,G1748"
114.55,23.75,0.30,0.27,73,"G4843,GP005,G4734,G4708,G4733,G4805,G1506,G4856,GP200,G4975,GP202,G1508,GP210,G4801,GP201,G1509,G1580,G4803,G4731,GP203,GP006,G1523,G5369,GP206,G4706,G1507,G1526,G1501,G1527,GP214,G5354,G5423,G5370,GL703,G1502,GP213,GP001,G1517,G5540,59293,GP004,GP208,G5364,G5414,G5355,G5408,G1796,G5547,G4969,G1790,G1781,G5428,G5372,G5367,G5366,G5368,G5554,G4973,G5373,G5402,G5545,G1794,GP209,G1516,G5371,G1795,GP211,G1789,G1749,G5356,G1519,G5411,G1571"
114.55,23.90,0.30,0.27,48,"GP210,GP214,G1517,G4734,G4856,G4805,GP206,GP209,GP200,G4733,G1528,GP208,GP202,G1506,G1519,GP211,GP006,GP213,G1516,G4969,GP203,GP005,G4843,G4731,GP205,G4975,G1509,GP212,G1526,G1527,G1508,G4708,G1518,G1475,G1523,G4669,GP201,G4973,G1502,GP204,59293,G4894,G4706,G5545,G4803,GL703,G5547,GF805"
114.55,24.05,0.30,0.27,50,"G1528,GP209,G4894,G4650,G1519,G1518,G1517,GP205,GF805,GP211,GP214,G1475,GP210,GP204,G1516,G4740,G4669,G4892,GP212,GF806,G4846,GP208,G1515,GP206,G4653,G1548,GP215,G4969,GP104,G1541,G1540,GP105,GP112,GP101,GP103,GP213,G1521,GP218,G4856,G4742,G4734,G4559,G4895,G4805,G4971,GP200,GP006,G1543,G4741,GP202"
114.55,24.20,0.30,0.27,49,"G4650,G4894,GP112,G4895,G4740,GP103,G1548,G4742,GF805,G4847,GP105,G1541,G4846,G4893,G1528,G1540,G1543,G4892,G1546,GP111,G4896,GP104,59096,GP102,G1518,GP101,G4897,G4741,G4653,GP209,GP215,GF806,G1515,G4899,GP114,G4898,GP204,GP205,G1519,G1475,G1545,G4845,GP115,G4669,GP113,G4743,G4971,G4748,GP211"
114.55,24.35,0.30,0.27,50,"G1546,G4895,G4847,G4896,GP111,59096,GP112,GP114,G4845,G4893,GP113,G4748,G1544,G4742,G4898,GP103,G4899,GP115,GP110,G4891,GP102,G4650,G1543,G1548,GP105,GP107,G4740,G1541,G4897,GP106,GP109,G4894,G1540,G1554,G4846,G4759,G4756,GF805,G4743,G4862,GP108,G4741,G1542,GP305,G4892,GP104,GP303,GP101,G4744,G1545"
114.55,24.50,0.30,0.27,37,"GP110,G1544,G4891,G4845,GP114,GP109,GP113,G4748,59096,G1546,G4896,GP111,GP115,G4847,G4862,GP108,G4898,G1557,G4895,G4759,GP106,G4899,GP107,G4744,G4756,GP112,G4893,G4833,G4637,G4754,G1542,GP102,G4742,G9855,GP313,GP303,GP103"
114.55,25.10,0.30,0.27,37,"G1432,GF408,G4464,G4461,G1431,G4433,GF407,G4455,GF405,G4452,G4451,G4459,G4449,G4436,GF404,G1433,G9885,GF406,G4432,G4456,G4458,GF400,G4463,G4468,G4465,G1422,G1434,G4435,G1427,GF402,G4457,G1407,GF409,GF403,G4513,G4434,57996"
114.55,25.25,0.30,0.27,31,"GF404,G4456,G4452,G4433,G1433,G4449,G4451,G4461,G4458,G4465,GF407,GF403,G1431,G9885,GF406,G4435,G4457,G4464,G4459,GF402,GF408,G1432,GF405,G4463,G4432,G4455,G1430,GF400,G4436,G1407,G1422"
114.70,22.55,0.29,0.27,48,"G5335,G3625,G1735,G3668,G3582,G3666,G3624,G3674,G1140,GL510,G1134,G3724,G3626,G3533,G1706,G1159,G3640,G5510,G5415,G3525,G1154,G3511,G5330,GL511,G3566,G3571,G3541,G3563,G1172,G3725,G5503,G1162,GL513,G1718,G5317,G5336,G5328,G3695,G3512,G1701,GL512,G3762,G3689,G1165,G5521,G3627,G5313,GL502"
114.70,22.70,0.29,0.27,66,"G1735,GL510,G5336,G5317,GL512,G1718,G5330,G5521,G5503,G5313,G5335,G5328,G3624,GL513,GL509,G1701,G1706,G5502,G3541,G3533,G3625,GL511,GL516,G3571,G3666,GL505,G1717,G3724,G3511,G5477,G1734,G5459,G5519,G3525,G5442,G1140,G5415,G5510,G1172,G1162,GL503,G5303,G3582,G1159,GL502,G5458,G1702,G3695,G3689,G5506,G3626,G5457,G1733,G3668,G3674,G1165,G5460,G3563,G5445,G1134,G3566,G3762,G5466,G3656,G5523,G1154"
114.70,22.85,0.29,0.27,66,"GL509,G5521,GL505,G5313,GL512,G5336,G5502,G5317,G1733,GL504,G5328,G5442,G1739,G1718,G5515,G5477,G5504,G5461,G5466,GL510,G5503,59492,G5449,GL516,G5330,G1701,G5454,G5459,G5522,G5444,G1735,G1734,GL513,G5447,G5440,G1717,G5458,GL506,G5456,G5450,G5445,G3656,G5465,G1722,G1126,G1702,GL508,G5457,G3624,G5344,G5443,G5455,G1116,G5448,G5519,G5460,G5463,G5506,G1706,G3655,G1124,G1194,G5335,G5517,G3541,GL503"
114.70,23.00,0.29,0.27,52,"G5504,G1739,GL504,G5515,59492,G1733,GL508,GL506,GL505,G5517,G5444,G5461,G5455,G5522,G1722,G5450,GL509,G5454,G5500,G5449,G5462,G5345,G5456,G5442,G5502,G5309,G5466,G5313,G5521,G5440,G5344,G5477,GL507,GL512,G5307,G5310,G5336,G5501,G5447,G1703,G5315,G5308,G5317,G5306,G1711,G5328,G5312,G1126,G5459,G5507,G5472,G1718"
114.70,23.15,0.29,0.27,52,"G5500,G5517,GL508,G5309,G1703,G5462,GL506,G5310,G5455,59492,G5314,G5345,G5504,G1722,G1739,G5515,G1715,G1587,GL507,GL504,G5450,G5444,G5379,G5522,G5507,G1711,G1733,G1591,G5307,G1586,G1791,G5454,G5461,G5311,G1744,G5306,G5456,G1714,G5344,G5501,GL505,G5449,G5323,G5315,G5452,G5352,G1743,G1798,G1598,GL514,G1592,G1713"
114.70,23.30,0.29,0.27,67,"G5314,G1591,G1703,G1586,G1587,G1713,G5379,G5407,G5352,G5500,G5351,G5377,G5309,G5310,G1715,G1598,G1588,G1782,G5324,G1744,G5350,G5419,G1791,GP002,G1592,G5517,G5378,G1572,G5462,GP003,G5376,G1573,G1746,G5375,G1743,GL508,G1795,GL514,G1794,G5507,G5345,G5380,G5368,G5428,G1704,G1749,G4822,G5455,G5411,G4902,G1781,G1742,G1790,GL506,G5410,G4900,GL507,G5311,G5408,G1711,G1582,G5399,G1714,GP004,G1798,G5371,GP514"
114.70,23.45,0.29,0.27,71,"G1782,G5377,G1572,GP003,G1795,GP002,G5351,G5428,G1713,G1781,G5407,G1790,G5368,G5419,G1794,G1586,G1591,G5352,GP004,G1588,G1746,G5350,G4902,G5408,G1582,G1749,GP514,G5376,G1501,G4822,G5411,GP001,G1796,G5314,G1507,G5324,G1598,G5372,G5370,G1595,G5371,G1704,G1573,G1587,G4801,G5399,G5375,G5378,G1789,G1592,G1580,G5410,G5414,G5379,G4900,G5373,G1703,G4803,G1744,G5374,G5369,G1788,G5380,G4706,G1791,G1742,G1743,G5366,G1715,G1745,G4708"
114.70,23.60,0.29,0.27,75,"GP001,G1507,G1580,G4801,G1781,G1795,G4803,G1790,G1501,G1572,GP004,G5428,G4706,GP003,G1595,G1782,G5368,G5408,G1508,G1582,G4708,GP514,G5370,G1794,GP005,G5377,GP002,G4902,G1571,G1796,G1509,G1502,G1749,G5369,G4731,G5372,G1506,G5351,G1746,G5419,59293,G4733,G1526,G1527,G4843,G5411,G4822,G5414,G5371,GP510,G1713,G5407,G5376,G4805,G4856,GP006,G1789,G5350,G1588,G5373,G5399,G4901,G5352,G1704,G1586,G5366,G5354,G1591,G4975,G4734,G5423,G5374,G4973,G1573,G5355"
114.70,23.75,0.30,0.27,58,"G1508,G1509,G4731,G4706,G1526,G1502,G1527,G4803,G1506,59293,GP006,G4733,GP005,G1580,G4856,G4805,G4708,GP213,GP001,G4801,G4973,G1571,G1507,GP208,G4969,G4843,GP510,G4734,GP214,G1503,GP210,G1501,G1595,G4735,G1516,G1790,GP200,G1781,GP004,GP211,G4975,G1795,G5370,G5428,G5369,G4736,GP212,GP202,G5408,GP514,G1582,G1572,GP003,G5368,G1796,G1576,GP206,G1794"
114.70,23.90,0.30,0.27,56,"GP208,G4969,GP213,G1516,GP214,GP211,GP006,G4973,GP212,G1526,G1527,G4731,G4856,GP205,G4805,GP210,G1509,59293,G1502,G4733,G1506,GP204,G1518,G1508,G1503,GP218,G1521,G4734,G1528,GP005,G4706,G1512,G4735,GP209,G1515,G4803,G4708,G1517,GP200,G1571,G4971,GP206,G4968,GP215,G1580,G4843,GP510,G4892,G4894,GP217,G1504,GP202,GP216,GP219,G4736,G1519"
114.70,24.05,0.30,0.27,54,"G1518,GP205,GP204,GP212,GP211,G1515,G4892,G1516,G1521,GP218,GP215,G4971,G4894,G1528,GP101,GP208,GP214,G4969,GP219,G1512,G1541,G1548,G4741,GP213,G4970,G4739,GP209,GP216,G4650,GP103,G1513,G1543,G4973,G1545,GP217,GP210,GP006,G4968,G1520,G4856,G4893,G1517,GP102,G1503,G1526,G1527,G1519,G4805,G1547,G1522,G4731,G4743,G1514,GP112"
114.70,24.20,0.30,0.27,54,"G1541,G1548,G4892,GP103,G1543,GP101,G4741,GP215,G4893,GP102,G1515,G1545,G4894,G4971,G4743,G1518,G4970,G1547,GP204,G4650,GP219,G4895,GP112,G4898,G1554,GP305,G4739,GP205,GP111,G1521,GP218,G1528,GP212,G1546,GP304,G1513,G1556,G1520,G4847,GP211,G1512,G4831,GP216,G1516,G4740,G4933,G4896,GP303,GP306,G4742,59096,GP217,G4752,GF805"
114.70,24.35,0.30,0.27,54,"G4898,G4893,GP102,GP111,G1554,G1543,GP103,G4743,GP305,G1548,G4759,G1546,G1541,G4895,GP303,G4756,G4831,G4741,G1547,G1545,G4754,G4845,GP112,G1544,G4833,G4862,GP114,G4891,G4847,GP109,GP101,59096,G4896,G4892,G4933,G4755,G1557,GP304,GP215,GP110,G1559,G4970,G1556,G4650,G4894,59099,G1515,GP113,GP313,G4748,G4971,G4753,G4742,GP219"
114.70,24.50,0.30,0.27,41,"G4862,GP109,G4759,G1557,G4756,G4891,G4833,G1544,G4754,G4898,GP303,GP313,G4845,GP110,GP111,G4831,G1554,GP114,G1546,G4893,GP102,GP300,G4753,GP305,G1559,59096,59099,G4832,G4743,G4896,G4755,G4895,G1543,GP113,G4748,GP103,G4847,G4757,G4933,G1547,GP112"
114.85,22.70,0.29,0.27,55,"GL513,G5503,G1706,GL511,GL510,G5519,GL516,GL503,GL502,G1734,G5506,G1735,G5335,G5523,GL512,G3628,G5502,G5521,G5415,G5510,G1124,G1824,G3656,G1116,G5336,G1119,G1114,G1194,G1818,G3629,G3673,G1126,G5317,G3769,G3655,GL509,G5313,G1859,GL505,G3632,G3637,G1115,G1118,G1122,G1718,G1866,G5330,G5328,G3638,G1127,G3624,G3741,G1117,G1821,G3735"
114.85,22.85,0.29,0.27,73,"G5502,GL516,G1734,G3656,G1126,G5521,GL512,G1116,GL505,G3655,G1194,G5503,G1124,G1818,GL513,G5506,GL509,G1866,G5519,G5522,G3629,GL503,G3637,G3628,G5515,G1859,G5336,G1119,GL510,G1739,G1115,G3741,G3769,G1824,G5313,G3615,G3673,GL502,G5523,GL504,G1114,G5504,G5501,G1821,G1117,G1118,G3632,G5317,G1733,G1706,G1122,GL506,G3660,G3638,GL511,G1735,G3642,G3670,G1127,G3755,G1864,59492,G3735,G1123,G1826,GL501,G1718,G5328,GL508,G3665,GL507,G3644,G5335"
114.85,23.00,0.29,0.27,56,"G5522,G5501,GL506,G5515,GL507,G1739,G5504,GL508,GL505,G1126,GL504,G5517,G5502,GL501,59492,G1866,G1707,G3655,G3656,G5507,G5500,G3615,G1733,GL509,G5512,G1194,GL516,G1116,G1734,G5521,G3741,G3637,G1818,GL512,G1124,G1821,G1864,G3629,G1731,G1859,G1117,G3642,G1115,G5455,G1123,G3644,G1128,G5461,G5444,G3660,G1722,G5313,G3755,G5513,G3769,G5506"
114.85,23.15,0.29,0.27,34,"GL507,G5507,G5517,GL506,G5500,GL508,G1587,G1731,G5501,G5522,G5513,GL514,G5314,G1707,GL501,G5515,G5508,G5504,G1739,G1592,G1703,G5512,59492,G1591,G1598,G1586,G5309,GL504,G5455,G5462,G5310,G1573,G1588,G1596"
114.85,23.30,0.29,0.27,36,"G1587,G1592,G1598,G1591,GL514,G1586,G1588,G1573,G5314,G5507,G4900,G1731,G1596,GP002,G5513,G4822,GL507,G5500,G1703,G4902,G5508,G5517,GP003,G1782,G5377,G1582,GP514,G1594,G1572,GL508,G1713,GL506,G5351,G5407,G5309,G5352"
114.85,23.45,0.29,0.27,49,"G4822,G1588,G4902,GP002,G1573,G1582,G1598,G4900,GP514,G1592,GP003,G1586,G1591,G1572,G1595,G1782,G1587,G1795,G4901,G5377,GL514,G1594,G1596,G1578,G5314,G1781,GP001,GP507,G1790,G5428,G5351,G1597,GP506,GP508,G1713,G5407,G5368,G1507,G1794,GP004,G1571,G5419,G1581,G1501,GP509,G5352,G1580,G5408,G4803"
114.85,23.60,0.29,0.27,58,"G1595,GP514,G1582,G4902,G1571,G4901,G4822,GP001,GP510,GP003,GP002,GP509,G1576,G1597,G4803,G4706,G1580,G1572,G1795,G1507,G1588,G4900,G1502,59293,G1781,G1782,G1790,GP508,G1573,G4736,G1508,G4801,G1509,G4735,GP505,G5428,G1527,G1501,GP507,G1526,G1578,G4731,G5377,GP004,G1594,G1598,G1581,G1503,G5368,G1586,GP005,G4708,G1592,G1591,G1794,G4973,G5408,GP006"
114.85,23.75,0.30,0.27,48,"GP510,G1571,G4735,59293,G1502,G1503,G4736,G1527,G1526,G4973,G4731,G1509,G4706,G1576,GP509,G1508,G1595,G4803,GP006,GP213,G1504,G1580,GP001,G4901,G4969,GP208,GP505,G1506,G1505,G1597,G4733,GP514,G1582,G1507,GP005,G4856,G4805,G4801,G1516,G4902,G4708,G4968,GP214,GP212,GP211,GP508,GP003,GP221"
114.85,23.90,0.30,0.27,56,"G1503,G4973,G4735,G4969,G1504,GP213,G4968,GP212,G1516,GP208,GP218,G1521,G1512,59293,G1527,G1526,G1502,G4736,GP217,GP006,GP211,G4731,G1522,GP205,GP216,GP204,GP510,G1509,G4972,GP214,GP221,G1571,G1518,G4971,G1513,G1508,GP219,G1515,GP207,G4856,G4706,G4739,G1514,G1506,G1505,G1576,G4733,GP215,G4805,G1524,GP222,GP220,GP509,G4803,G4970,GP210"
114.85,24.05,0.30,0.27,55,"G1512,GP218,G1521,GP216,G4971,GP219,GP217,G1513,G4739,G1515,GP204,G4968,GP215,GP212,G4970,G1522,GP205,G1514,G1518,G1520,GP101,G4892,GP220,G1516,GP211,G4741,G1545,G4969,GP207,GP208,G4972,G4973,G1541,G1503,G1504,GP222,G4752,GP213,G4920,GP306,G1547,G1548,G1556,GP221,GP304,GP214,G1543,G1511,G4735,G4743,G1524,G4894,GP103,GP006,G1528"
114.85,24.20,0.30,0.27,59,"G4970,G1545,G4741,G4739,G1547,GP219,GP101,G4971,G1520,G1556,GP215,G4743,GP304,G1513,G1515,GP306,G1541,G4892,GP305,G1543,G4752,G1548,GP102,GP216,GP220,G1554,G1514,G4933,G1512,GP314,GP103,G1521,GP218,GP217,GP204,G4893,G4831,G4858,G1518,G4755,G4751,G4898,G1522,GP205,G4920,GP303,G4968,GP212,G4758,G4859,G4894,GP308,G1559,GP207,G4754,G1552,G1536,GP222,GP211"
114.85,24.35,0.30,0.27,61,"GP305,G1554,G4831,G4743,G4933,G1547,GP303,G4755,GP304,G4754,GP102,G1556,G1559,G1545,G4898,G4756,G4759,G4833,59099,G1543,G4741,G4758,GP306,G4893,GP314,G4753,G4970,G4752,G1541,GP308,G4858,GP103,GP302,GP101,G1548,G4862,G4832,G1520,G4751,G1552,GP300,G4861,GP111,G4739,GP313,GP215,GP219,G4892,G1557,G4971,GP109,G4859,G4854,G1513,G1515,GP309,G4855,G1551,GP220,G4757,G4895"
114.85,24.50,0.30,0.27,47,"G4833,G4754,G4756,G4753,GP303,GP313,GP300,G4759,59099,G1559,G4832,G4862,G4831,G1557,G4755,G4757,GP302,G4861,G1554,GP307,G4933,G1550,GP109,GP305,G4898,GP312,G4758,G4743,G1551,GP308,GP102,G4891,G1547,GP311,GP301,GP304,G1544,G4893,G1556,G4854,G4860,GP111,G1590,G1552,G1543,G1545,G4845"
115.00,22.70,0.29,0.27,76,"G5523,G1824,GL502,GL503,G3628,G5519,G5506,G1114,G3673,G1119,G1124,G3769,G3629,G3632,GL511,G1116,G1734,G1122,GL513,G1818,G1118,G1194,G1859,GL516,G3656,G1706,G1127,G1115,G3638,G3735,G3637,G5503,G3665,G3655,G5510,G5415,G1826,G1117,G3670,G1126,G3613,G3660,G3741,G1821,G3652,G1866,G3755,GN040,GN007,GN006,GL510,G3642,GN008,G3615,G5502,G5335,GN005,GN009,G1123,GN010,GN012,G1813,G5639,G1864,G1735,GN004,GL512,G1830,GN013,GN011,G5521,GN015,GN014,GN016,G3644,GN002"
115.00,22.85,0.29,0.27,87,"G1194,G1818,G3655,G3637,G3629,G1859,G1116,G1115,G1866,G3656,G1126,G3741,G1124,G3769,G1117,G1821,G1119,G1118,G3632,G3615,G3660,G3638,G3673,G1122,G3670,G3628,G3642,G3755,G1734,G1127,G1114,G5506,G1824,G3735,G1826,GL516,G1864,G1123,G3665,GN040,GL503,G5519,G3644,G3613,GN006,G5523,GN007,G5639,G1128,GN005,GL502,GN008,G3652,GN002,GN004,G5502,GN009,GN010,GL513,G5501,GN012,GN015,G5503,GN001,GN014,GN016,G1803,GN003,GL501,GN013,G5522,G1882,G1830,GN011,GN017,G1707,G5512,G1813,G5625,GL511,GL512,G5521,G1706,GL505,GN037,GN030,G5623"
115.00,23.00,0.29,0.27,86,"GL501,G5501,G1707,G3615,G5512,G1866,G1864,G1128,G3644,G3741,G1123,G3642,G3655,G1126,G1821,G3637,G5522,G1117,GL507,G3755,G3660,G1194,G1115,G1859,G1818,G3670,G3656,G1116,G3629,G5639,GN037,GN002,G3638,G1882,G1118,G1731,GN040,G5507,G5508,G1124,GN006,G5625,G3769,G1826,G3632,GN005,G1122,G1127,GN004,G5509,G3735,G5513,GN001,G1119,GL506,G3665,G1803,G1734,GN007,GN015,G3673,GN010,G3613,GL516,GN003,GN008,GN009,G5502,GN016,GN014,G5515,GN012,G3628,G5623,G1114,G1825,G5506,GN017,G1739,G1824,GN013,GL505,GL508,G1830,G3652,G5678"
115.00,23.15,0.29,0.27,33,"G1731,G5513,G5508,G1707,G5507,G5512,GL501,GL507,G5501,GL514,G5509,G5505,G1596,G5522,G1128,G1587,G1592,GN037,GL506,G3615,G1864,G3644,G5511,G1598,G1866,G5517,G1123,G5500,GL508,G3642,G1825,G5625,G1882"
115.00,23.30,0.29,0.27,32,"GL514,G1596,G5513,G1592,G1731,G5508,G1598,G4900,G1573,G5507,G1594,G1587,GP506,G1588,G5505,G1578,G1591,G4822,G5511,G1586,GL507,GP507,G1707,GP500,G5512,GP513,GL501,G5509,G4902,G1581,GP002,G5314"
115.00,23.45,0.29,0.27,40,"G1594,G4900,G1578,GP507,GP506,G1573,G1596,G4822,G1581,GP508,G1592,G4901,G1598,G1588,G4902,GP500,G1597,GL514,GP514,G1582,GP513,GP002,G1595,GP509,G1586,G1591,G1587,G5513,G4821,G1589,GP504,GP003,G1576,GP505,59304,G1731,G4824,G5508,G1570,G1574"
115.00,23.60,0.29,0.27,40,"G1597,G4901,GP508,GP509,G1576,GP505,GP507,G1581,G1578,G1594,G4824,59304,GP514,GP510,G1589,G1595,G1582,G4822,G4902,G1570,GP506,G1571,G4736,G4900,G1505,GP504,GP503,GP500,G1573,G4735,G4825,GP002,G1588,G4821,G1596,GP513,GP003,G1598,GP001,G1592"
115.00,23.75,0.30,0.27,43,"G4736,G1576,G1505,GP509,GP505,G4735,GP510,G1504,G1597,G1503,G1571,G4901,G4824,59304,GP508,GP221,G1570,G4825,G1589,G4974,59293,GP503,G4973,G1525,G4972,G1595,G1502,G1510,G1581,G1524,G4968,G1527,GP507,G1526,G1578,GP514,GP504,G4731,G1582,G4957,G4706,G1509,G1522"
115.00,23.90,0.30,0.27,50,"G1504,GP221,G4972,G4968,G1522,G1524,G4735,G4736,G1503,G1505,GP207,GP217,GP222,G4974,G1510,G1511,G1512,GP216,G4957,G4973,G1514,GP510,G1576,G4925,G4956,G1525,GP505,GP218,G1521,G1513,GP220,G1564,GP509,G4920,59293,G1571,G4969,GP212,G4739,GP219,G4958,GP213,G1502,G1527,G4926,G1516,G4927,G1526,G1520,G4825"
115.00,24.05,0.30,0.27,59,"G1522,G1514,GP207,GP217,GP222,GP220,GP216,G4968,G1513,G4972,G4920,G1511,G1512,G1520,G1524,GP221,G4739,GP219,G4956,G1564,G1504,G4752,GP218,G1536,G1521,G4970,G4971,G4958,GP306,G4957,G4925,G1510,G1556,G4919,G1515,GP314,GP215,G4859,GP304,G4974,G4926,G4715,G4718,GP204,G1503,G4751,G4858,GP212,GP101,G1545,G4835,G4735,G4814,59107,G1547,G4741,G1553,GP205,G4892"
115.00,24.20,0.30,0.27,69,"G4752,GP306,G1520,GP314,GP220,G1556,GP304,G4858,G1514,G4751,G4920,G4859,G1513,G4739,G1536,G4970,G1547,GP219,GP216,G4933,G1553,G1552,G1545,G4758,GP217,GP309,GP222,GP207,G4855,G1522,GP308,G4919,G4971,G4743,G1511,G4755,GP305,G1512,G4958,G4741,GP101,GP445,G4968,GP215,G1564,G4710,G4835,G4956,G1515,G4750,G1554,G4972,G1521,GP218,G4854,G4831,G4837,G4715,G4718,G1524,G4918,GP444,G1559,G4892,G1543,G1541,GP102,59107,G4814"
115.00,24.35,0.30,0.27,69,"G4758,GP308,G4933,G4858,G4755,G1552,GP314,G4751,GP304,G1556,GP306,G1559,G4855,GP309,G4854,GP302,G4752,59099,G4859,G4750,G4831,G4861,GP305,G1547,G1551,G4753,G1553,GP303,G4743,G1554,GP445,G4860,G4754,G4832,G1520,G1545,GP444,G4852,GP301,G1536,G4915,G4833,G1555,GP300,G4970,G4837,GP220,G4756,G1558,G4759,G4739,G1531,GP307,G4920,G4741,GP102,G4757,G1514,G1513,G4919,G4839,GP460,GP219,G4898,G4710,G1550,GP448,G4918,G1543"
115.00,24.50,0.30,0.27,56,"G4861,GP302,G4832,59099,G4753,G1551,G1559,GP307,GP300,GP301,G4757,G1550,G4860,G4755,G4758,G4854,GP308,G1558,GP311,G4754,GP312,G1590,G4933,G1552,G4833,GP310,G4831,GP303,G4750,GP313,G4852,G1555,G4756,G4855,G4863,GP309,G4759,G4858,G4751,G4910,GP314,GP305,G4862,G1554,G1557,GP304,GP460,G1556,G4915,GP445,GP444,G4859,GP306,G1547,G4743,G1567"
115.00,24.65,0.30,0.27,31,"GP312,G1550,GP311,GP307,G4757,G1590,GP310,GP300,G4832,GP301,G4861,G4753,G1551,GP302,G1558,GP313,59099,G4903,G4860,G4863,G1559,G4833,G1538,G1557,G4754,G4854,G4862,G4852,G4755,G4756,G1555"
115.15,22.70,0.29,0.27,84,"G3652,G3613,G3665,G1114,G3735,G1127,G1122,G3673,G3632,G1813,G1824,G1826,G3769,G1118,G3638,GN007,G1119,GN008,G5523,G3628,GN040,GN009,GN012,GN006,G1830,G3670,GN011,GN010,G1115,GN013,G1859,GN005,G3629,G3660,GL502,G5602,G1117,GL503,GN014,GN016,G5506,G3755,GN004,G1124,GN015,GN017,G1818,GN003,GN033,G3637,G1821,G5639,G5519,GN030,G1116,G3741,G1194,G5690,GN001,G3642,G1803,GN002,59501,G1123,G1854,G3655,G3656,G1814,G5601,G1864,G1734,G1866,G3615,G3644,GL511,G5604,G5603,G1816,G1808,G1126,G5616,G1882,GL516,GL513"
115.15,22.85,0.29,0.27,105,"GN040,GN006,GN007,G1826,GN005,G3613,GN008,G3665,GN009,G3670,G5639,GN010,GN004,G3735,G3755,GN012,G3660,G3638,G1127,GN015,G3652,GN002,GN016,GN014,GN003,GN013,G3642,GN001,G1117,G1830,G1123,G1803,G1122,G1821,G1118,GN011,GN017,G3632,G1115,G3644,G1864,G3741,G1813,G1859,G3769,G3637,G1882,G3615,G1128,G3673,GN030,G3629,G1119,G5625,G1114,G1818,G1816,G1866,G5604,G5623,G1194,G5678,G3655,G5602,G1824,G1124,G1116,G3628,G5601,GN037,G1863,G1814,G1126,G3656,G1854,G1886,G5603,G5506,59501,GN033,G5523,G5690,G1825,G5622,GL503,59500,G1817,G1734,G5519,G5605,GL501,G5512,G5616,GL502,GL516,G1828,G1807,G1707,G1883,GN021,G5638,G1872,GN031,GN032,G5501"
115.15,23.00,0.29,0.27,108,"G1128,GN037,G3644,G1882,G5625,G1864,G1123,GN002,G5639,G3642,G5512,GN001,G1803,G5623,G1825,GN004,G3615,G5509,G3755,GN015,GL501,GN005,G5678,GN003,G1707,GN006,G1821,GN016,GN014,G3660,GN040,GN010,G1883,59500,G3741,G3670,GN017,G1117,GN009,G1816,GN012,GN007,G1886,GN008,G5604,GN013,G5638,G1866,G1826,G1830,G3638,GN011,G3637,G3613,G1115,G3665,G1863,G3735,GN030,G1127,G5501,G1859,G1118,G1858,G3655,G1122,G3652,G3632,G5508,G1828,G5605,G1818,G1194,GN036,G3629,G1813,G1126,G3769,G5505,G5642,G5637,G5520,G5601,G1872,G1730,G1731,G1820,G1119,G1817,G1116,G5513,G1814,G3673,G5603,G5516,GN022,G3656,G5602,GN039,G1124,G5622,GN021,GN019,G1854,G1114,GN020,GL507,GN038"
115.15,23.15,0.29,0.27,46,"G5509,G5505,G5508,G5512,G5511,GN037,G5513,G1707,G1731,G1730,G1858,G5520,G1883,G1825,GL501,G5516,G5637,G1128,GN036,G5638,G5625,GN039,59500,G1882,G5642,GN038,GL515,G3644,G5507,G1864,G5623,G1596,G5501,G1123,GL514,G5678,GN002,G1886,GL507,G3615,G1823,G1820,G3642,G5639,G1803,GN001"
115.15,23.30,0.29,0.27,38,"G5511,G5505,G1596,G5508,GP513,G5513,GP506,GP500,G1731,G5516,G1594,G1730,G5509,GL514,G1585,G5520,G1593,GL515,G1578,G1574,G5637,GP507,G1858,G4821,GN039,G4900,GN038,G1575,G1592,G1581,G5512,GN036,G5507,G1573,G1707,G1883,GP511,G1598"
115.15,23.45,0.29,0.27,38,"GP500,GP506,GP513,G1578,G1594,GP507,G1581,G4821,G1574,GP508,GP504,G1596,G1593,G1589,GP502,G4900,G1597,G1570,G5511,59304,G1585,GP511,G4824,G4901,GP503,GP512,G1573,G5505,GL514,G1569,G1592,GP505,G1575,G4822,G1584,G5513,GP509,G5508"
115.15,23.60,0.29,0.27,35,"G1589,59304,G1570,G4824,GP504,G1581,GP508,GP503,G1597,GP507,GP505,G1578,G4825,G4821,GP500,GP506,GP509,GP502,G1594,G4901,G1574,GP513,G1576,G1505,G1583,G1577,G1525,GP512,G4737,GP501,G4736,G1584,GP511,G4900,G1593"
115.15,23.75,0.30,0.27,41,"G4825,G1505,G4824,GP505,GP503,59304,G1525,G1570,G1589,G4974,G4737,G1510,G1576,GP509,G4736,GP504,G1597,G1583,GP508,GP221,G1504,G4957,G1581,G4927,G1524,G4925,G1643,G4735,G4972,GP400,G4901,G4940,GP501,GP510,GP507,G1565,GP502,G1578,G4821,G1577,G4713"
115.15,23.90,0.30,0.27,56,"G4974,G1510,G4957,G1524,GP221,G4925,G1525,G4972,G4927,G1511,G4956,G1505,GP222,GP207,G1564,G1504,G4713,G4926,G4737,G4940,GP400,G1565,G1522,G4825,G4958,G4935,G4934,G4938,G4968,G4736,G4715,G4718,GP505,G1537,G4928,G4920,G4937,G4814,GP503,GP408,G4824,G4735,GP217,59107,G1514,59304,G1570,G1576,G1643,G4712,G1583,G4929,GP220,G1503,GP216,GP509"
115.15,24.05,0.30,0.27,70,"G4956,G1564,G1511,G4958,GP222,GP207,G1524,G4920,G4926,G4925,G4957,G4715,G4718,G1536,G4972,G4814,59107,G4919,G4938,GP221,G1510,G4835,G4713,G1522,G1514,GP220,G4928,G4934,G4974,G4927,G4710,G4935,G4937,G1537,G4941,G1535,G4968,GP217,G4921,GP424,G4939,GP216,G4712,G4859,GP408,G1513,G1565,G1553,G1520,G1568,G4752,G4918,G4940,G1504,G1525,GP400,G4955,GP306,G4751,G4841,GP314,G4936,G1512,G4836,G4858,G4739,G4924,G4929,G4837,GP453"
115.15,24.20,0.30,0.27,84,"G1536,G4919,G1553,G4859,G4710,G4835,G4920,G4751,G4958,G4918,GP309,GP445,G4858,G4837,G4715,G4718,G4855,GP314,59107,G4752,G4836,G4814,G1564,G1535,GP306,GP220,G1552,GP444,G1531,G4956,G1511,G1514,G4841,GP222,GP448,G4921,GP207,G4750,G4915,G1520,G4926,GP308,G4938,GP453,G4941,G1556,G4758,GP449,G4928,GP304,G4711,G4955,GP424,G4839,GP452,G4854,G4952,G1513,G4939,G1524,G1522,G4925,G4953,G4934,G4957,G4972,G4937,GP216,G4933,G4916,G4739,G4852,GP217,G1568,G4713,G4923,G1537,G4712,G4924,G1555,G1567,G1563,G4959,G4970"
115.15,24.35,0.30,0.27,70,"G4855,GP309,G4750,GP445,G1552,GP444,G4854,G4915,G1553,GP308,G4837,G4859,G4751,G1531,G4852,G4858,G4758,G1555,G4839,GP448,GP314,GP460,G4860,G1567,G4836,G4918,G4711,G1551,G4710,G4910,G1536,GP449,G4919,GP302,GP306,G4911,G4752,G1558,GP301,G4861,G4835,G4811,G4755,G4933,G4841,G4959,G4909,G1556,GP304,G4952,G1559,59099,G4916,GP453,G4863,G1535,G4920,GP452,G1561,G4753,G4838,G4958,59107,G4913,G4832,G4717,G1520,G4718,G4715,GP220"
115.15,24.50,0.30,0.27,69,"G4860,G1558,G1551,GP301,G4852,G1555,G4854,G4910,G4863,G4750,GP460,GP310,G4861,GP302,G1567,G4909,G4915,GP308,G1590,G4838,G1552,G4839,GP307,G4855,GP444,G4758,GP309,GP311,G4911,GP445,G1530,G1550,G4832,59099,G4757,G1531,GP480,G4753,G4815,GP476,GP481,G4903,G4811,G1559,G1538,GP448,G4837,G4912,G4711,GP300,G4942,G4755,G4858,G4751,GP312,G1553,G4859,G4959,G4933,G1566,GP314,GP449,G4913,G4904,G4817,G4836,G1561,G4816,G4947"
115.15,24.65,0.30,0.27,43,"GP310,G1590,G4903,G4863,GP311,G1538,G1558,GP301,GP480,G4815,GP307,G4904,G4860,G1550,G4942,G1551,G4838,GP312,G1530,G4817,G4910,G4757,G4861,G1555,G4852,G4909,GP481,G4816,GP302,GP460,G4813,G4832,G4719,GP476,G4854,G4906,GP300,G1567,G4753,G4912,G1566,G4750,59099"
115.30,22.70,0.29,0.27,87,"GN033,G5690,G5602,G1813,59501,G1808,G1854,G5616,G3652,G1814,GN011,G1830,GN030,G5601,G5603,GN032,GN013,G1807,G1805,GN012,GN008,G5618,GN009,G3613,GN017,GN007,GN010,GN016,GN014,G5622,G1801,G3665,GN003,GN015,G1819,GN005,GN029,GN028,G1826,G3735,GN006,GN004,G5604,GN040,GN027,G1816,G1127,G1863,GN034,G1803,GN001,G1817,G5620,G1122,GN031,G5639,G3638,GN002,G3632,G3670,G5689,G5686,G1118,G5669,G5666,G5678,G1811,GN021,G3673,G1114,G3755,GN018,G3660,G5623,G3769,G1810,G5640,GN020,G5605,G1824,G1119,G1886,G1879,GN019,G1117,G1115,G1822"
115.30,22.85,0.29,0.27,113,"GN030,G5601,G1814,G5602,GN011,G5604,GN017,G5603,G1830,G1816,G1854,GN013,G1863,G1813,GN014,GN016,GN003,59501,GN012,G5622,GN015,GN009,GN010,G1803,G5678,GN001,G1817,GN033,GN008,G5690,GN004,G5623,GN005,G1807,G5616,G1886,GN007,G5605,GN002,G3652,GN031,GN006,GN032,GN021,G5639,G1819,G1882,G3613,GN040,G5625,GN020,GN018,GN019,G1872,G1828,GN022,G5640,G1826,G3665,59500,GN024,G3735,GN023,G3755,G1827,G3670,G1805,GN034,G1127,G1123,G3644,GN047,GN037,G1825,G3638,G3660,G1808,G3642,G1128,G5638,G1864,G1122,G1822,G5624,G1117,G1118,G1821,G1847,G3632,G1801,G1883,GN028,G5620,G1820,G5618,G1115,G3741,G1834,GN046,G3769,G1859,GN041,GN029,G3673,G3615,G3637,G1880,G1114,G1119,G5642,G1873,GN027,G3629"
115.30,23.00,0.29,0.27,115,"59500,G1886,G1825,G5623,G5678,G5638,G1883,G5625,G1828,G1816,G5605,G1863,G5604,GN037,G1872,G1882,G1820,GN022,G5642,G1803,GN001,G1817,GN019,G1858,GN021,GN036,GN020,GN003,GN017,GN002,GN015,GN030,GN014,GN016,GN018,G5601,G5509,G1827,G5622,GN004,G5637,GN024,GN031,G5603,G5639,GN013,G5624,G1128,G5640,GN010,GN023,G1881,G1814,GN011,G1830,GN005,GN012,GN041,G5520,GN009,G3644,GN039,GN047,G1730,GN008,GN038,GN006,G1854,G1815,G1123,G1847,G1864,GN007,G5516,G1819,G5602,GN040,G5641,G1823,G1813,G1807,G3642,59501,G3755,GN046,G3613,GN032,G5628,G1826,G5616,GL515,G3670,G5512,G1865,G3660,G1835,G3652,G5505,G3665,G5690,GN033,G1822,G1821,G3615,G1873,G1117,G3735,G3638,G3741,GN034,G1127,G1834,G1707,GL501,G5511"
115.30,23.15,0.29,0.27,69,"G1858,G5520,G5637,G1730,GN036,G5516,GN039,GN038,G5642,G1883,GL515,G5638,G5509,G1825,G1823,G5505,G5511,59500,G1820,G1865,GN037,G1881,G5641,G1815,G5614,G1886,G1828,G5625,G5623,G5692,G1872,G5678,G5628,G1585,GN041,G1575,G5605,G1882,GN022,G5508,G5624,G5512,G1856,G1816,G1863,G1851,G1128,GN019,GN054,G1835,G5604,G1827,GN020,G1593,GN021,GN024,GN053,G1803,G4828,GN023,GN001,GN018,G1707,GN002,G1817,G5513,G3644,G1885,GN051"
115.30,23.30,0.29,0.27,51,"G1585,G5511,GL515,G5516,G1575,G1593,G1730,G5505,G5520,GN038,GN039,G5637,G4828,GP513,G5614,G5692,G1823,G1858,GN036,GP511,G1574,GN054,G5158,G1865,G1569,GP500,G5642,G5509,G1861,G4821,G1851,GP512,G1883,G5129,G5641,GP506,GP502,G5638,G5508,G1596,G1815,G1642,GN050,G1881,G1584,G1825,G1856,G1876,G1820,GN051,G1874"
115.30,23.45,0.29,0.27,42,"G1574,G1593,G4821,GP511,GP513,GP502,GP512,G1585,G1569,GP500,G1584,G1575,G4828,G1642,GP504,G5129,G5158,GP506,G1581,G5511,G1577,G1589,GP507,G1861,G1578,G1570,GL515,GN054,G1594,G5692,GP503,59304,G1647,GP508,GN055,GP501,G4824,G5505,G5516,G5614,G1730,G1596"
115.30,23.60,0.29,0.27,37,"GP502,GP504,G1577,G4821,GP503,G1589,G1570,G1584,G1574,GP501,G1583,GP512,59304,G4825,G4824,GP511,G1642,G1647,G1569,GP500,GP513,G1581,G1593,G5129,G1643,G4737,GP508,GP507,GP505,G1578,GP506,G1525,G1585,G1597,GM402,G4828,G5158"
115.30,23.75,0.30,0.27,37,"G4737,G1583,G4825,G1643,G1525,GP503,GP501,G1570,G4824,G1577,59304,GP400,G4940,G1589,G5041,G4974,GP504,G4927,G1565,G1510,GP502,G1505,G1647,GP505,G4957,G4713,G4925,G1584,G4935,GM402,GM408,G4821,G1613,G4929,GP512,G4934,GM405"
115.30,23.90,0.30,0.27,54,"G4927,G4940,GP400,G1565,G4713,G4935,G4737,G1525,G4925,G1510,G4957,G4934,G4974,G1537,GP408,G4926,G4929,G5041,G4937,G1643,G4938,G4928,G4936,G4712,G4956,G1564,G1568,GM405,G1524,G1583,G4825,G4939,GM410,G4715,G4718,G4814,G1511,GP424,59107,G4941,G4958,GP221,G5040,G1611,G1505,G4972,GP501,GP503,GP222,G4921,G4924,GP207,G4955,G4824"
115.30,24.05,0.30,0.27,71,"G4938,G4928,G4934,G4926,G4937,G1537,G4814,G4718,G4715,59107,G4713,G4712,G4941,G4935,G4939,GP424,GP408,G1568,G4921,G1564,G4958,G4956,G4925,G4927,G4936,G1535,G1565,G4835,G4955,G4924,G4929,G1611,G4957,G4940,G4919,GP400,G4710,G1511,GM410,G1510,G4923,G4841,GP453,G1524,G1536,G4918,G4953,GP222,GM405,GP452,G1532,G4974,G4907,G4920,GP207,G4836,G1525,G5041,G5040,G4952,G4972,GP221,G4737,G4922,G1553,G1563,G4840,G4837,GP456,GP449,G4954"
115.30,24.20,0.30,0.27,89,"G1535,G4710,G4841,G4918,G4835,GP453,G4836,G4921,59107,G4955,GP452,G4919,G4814,G4941,G4953,G4718,G4952,G4715,GP424,GP449,G4837,G4923,G4939,G1531,GP448,G1553,G1563,G4924,G4916,G4928,G4711,G4958,G4938,GP445,G1536,G1568,GP444,GP456,G4712,G4922,G4937,G1611,G1532,G4926,G4959,G4915,G1564,G4934,G1537,G4859,G4839,G1534,G4840,G4956,GP309,GP408,G4855,G4717,G4951,G4907,G4936,G4920,G1561,G4954,G4935,G4713,G4811,G4751,GM255,G4750,G1511,G1567,G4911,G4812,G4925,GM410,G4917,G4929,G1552,G4858,GP440,GP468,GP460,G4913,GP222,G4957,G4927,GP314,G4852"
115.30,24.35,0.30,0.27,87,"GP448,G4711,G1531,G4839,GP449,G4915,G4837,GP444,G4959,G4836,G4811,G1567,G4911,G4916,GP445,G4952,G4918,GP460,G1561,G4841,G4717,GP453,GP452,G1555,G4852,G4913,G4750,G1553,G1563,G4710,G4910,G4855,GP309,G4909,G4951,G4953,G1535,GP456,G4854,G4835,G1534,G4714,G1552,G4919,G4912,G4859,G4914,G4923,G4922,GP476,G4955,GP468,G4921,G1562,G4838,G4860,G4917,GP481,G4840,G4751,G1533,GP308,G1536,G4950,G1558,59107,G4858,G4863,GP440,G4941,G4947,G4814,G1530,G1551,G4758,G4718,G4948,GP424,G4715,G1532,G5101,G1566,G4924,G4812,G4954,GP301,GP314"
115.30,24.50,0.30,0.27,76,"G4909,G4910,GP460,G4838,G1567,G4911,GP476,GP481,G4912,G1555,G1530,G4811,G4852,G4863,G4839,G4913,G4714,G1566,G4915,G4947,G1558,G4815,GP480,G1561,G4959,G4860,G4711,G4942,GP448,GP444,G4946,G4945,G1531,G4750,G4816,GP301,G4854,G4717,G4908,G1538,GP449,G4914,G1551,GP310,GP445,G4837,G1533,G4916,G4817,G4813,G4903,G4943,G4855,G4904,G4948,G4836,GP309,G4952,G4951,G4950,G1590,G1562,G1560,G1552,G5107,G4918,GP308,G4906,G4949,G1553,G1563,G4861,GP468,G4719,G4841,G4905"
115.30,24.65,0.30,0.27,45,"GP480,G4815,G4942,G1538,G1530,G4817,G4816,G4904,G4838,G4813,G4903,GP481,G4863,GP476,G4719,G4906,G1566,G4908,G4909,G4912,G1560,G4947,GP310,G4910,G4946,G4945,G4905,G4943,G1558,G1590,GP460,G4944,G4714,G1555,GP301,G1567,G4911,G4860,G4852,GP311,G4811,G4913,G1551,GM259,G4839"
115.45,22.70,0.29,0.27,61,"G1808,G5618,G1801,G1805,GN029,GN027,GN028,G5616,G5690,G5669,G5666,GN032,G5620,G5689,G5686,G1811,GN033,G1810,GN034,G1807,59501,G1879,G1854,G5673,G5672,G1819,G5602,G1814,G5603,G5622,G5601,G1822,G1880,GN031,G1834,G1817,G1813,G5640,GN030,GN018,GN021,GN020,G1863,GN047,GN011,GN024,GN019,GN023,G1830,G5604,GN013,G5605,G1827,G1816,GN017,G1847,GN022,G3652,G1868,GN012,GN046"
115.45,22.85,0.29,0.27,102,"G1819,G1807,GN032,GN031,G5622,GN034,G5640,GN018,G5616,G1817,G1822,GN021,G5603,GN020,GN024,G1854,G1814,GN019,GN023,GN047,G1805,G5601,59501,G1834,G5620,G1827,GN022,G5605,GN028,G1847,G1880,G5690,G1863,G1872,GN033,G1801,GN046,G5624,G5602,G1828,G1873,G5618,G5604,GN030,GN029,G1816,G1808,G1886,G1879,G5673,G5672,G5669,G5666,GN041,G5678,GN027,G1868,GN011,GN017,G5626,G1813,G5623,G1830,GN013,G1892,G1820,59500,G5686,G5689,GN014,GN016,G1810,G1811,GN003,59502,GN012,G1803,GN015,GN001,GN009,GN010,G1835,G5638,G1881,G1843,GN008,G5643,GN004,G5625,GN005,G1882,G1815,G1825,GN002,G3652,GN007,G5635,G1883,G5639,G5607,GN006,G5628"
115.45,23.00,0.29,0.27,108,"G5624,GN041,G1827,GN022,G1872,GN024,G1828,GN019,GN023,G1820,G1847,GN020,GN047,GN018,G5605,GN021,G5640,G1881,GN046,G1815,GN031,G1835,G1817,G1873,G1886,59500,G5638,G5628,G5641,G5642,G1863,G5626,G5622,G1822,G1819,G1834,GN036,G1883,G5678,G5604,G1816,G5603,G1825,G1841,G5623,G5601,G1865,G1823,G1807,G5607,G1832,G1814,G1858,G1848,59502,G5637,G1892,GN034,GN039,G1880,GN038,GN032,GN053,G1854,GN048,GN030,G1856,G5625,G5616,G5520,G1868,59501,G1885,GN037,G1730,GN017,G1882,G5620,GN052,G5516,G5602,G1803,G5614,GL515,G1805,GN001,GN003,GN016,GN014,G5690,G5635,GN011,GN015,GN013,G1830,GN028,GN033,G1870,GN051,G1836,GN002,G5509,GN044,GN012,GN004,GN010,G1851,GN025"
115.45,23.15,0.29,0.27,82,"G5641,G1865,G1823,G1815,G1881,G5628,GN038,G5642,GN039,G5614,GN036,G1820,G1856,G5637,GL515,GN053,G1835,G5520,G1858,G5692,GN041,G1851,G1885,G1841,G5516,G1730,G1848,GN052,GN051,G5638,G1876,G1883,GN054,G5624,G5613,G1828,59500,G1832,G1872,GN050,GN022,G1827,G5679,G1575,G1825,G5607,G1847,GN046,GN048,GN024,GN019,GN023,G5605,G1853,G1861,GN047,G1886,G5626,GN020,G1873,G4828,G1585,G1875,GN018,G5511,GN021,G1874,G5640,G5509,G5615,G1802,G5158,G5505,G1870,G5678,GN031,G1817,G5623,G1863,59502,GN037,G5629"
115.45,23.30,0.29,0.27,60,"G5692,GN054,G5614,G1575,G4828,G1861,G1851,G5158,GL515,G1585,GN050,G1865,G1823,G1876,G1874,GN051,GN038,G1593,G1856,G5613,GN039,GN055,G5516,G1569,G1885,G5641,G5615,GP511,G5129,G1730,GN052,G1852,G5520,G5679,G5637,G1802,GN053,GN036,G1815,G5628,G5511,G5642,GN056,G1858,GP512,G1862,G1881,G1642,G1848,G1841,G1850,G1574,G1584,G1853,G1820,G5505,G1835,G1860,GP513,G5629"
115.45,23.45,0.29,0.27,45,"G5129,G1569,GP511,G1642,G5158,GP512,G4828,G1584,G1861,GN055,G1575,G1593,G1585,GN054,G1862,GP502,G1574,G1874,GN056,G1852,G1647,G5692,G1577,G4821,GN050,G1851,G5614,G5615,GP513,GV314,G8923,G2932,G1876,GP501,GL515,GM403,G1802,G1614,G5613,GN051,GP504,GP500,G2967,GM402,G5679"
115.45,23.60,0.29,0.27,42,"G1647,G1577,G1584,G1642,GP501,GP512,G5129,GP502,GM402,G1569,G1583,GP511,G1614,GM408,GM403,G1643,G1574,G1613,G4821,G5158,G1862,GP504,GN055,G1593,G4828,GP503,G1646,GN056,G1648,G4825,G1570,G4737,G1861,G1589,GV314,G8923,G5041,G1575,G1585,G1852,G2932,59304"
115.45,23.75,0.30,0.27,38,"G1643,GP501,G1583,G5041,GM408,G1613,GM402,G1577,G1647,G4737,GP400,G1614,G4940,GM405,G1565,G5128,G5040,G4825,G1584,G1646,G1525,GP503,G4929,G1642,G4927,GM403,G1615,GP502,GM409,G1640,GP512,G4935,G1570,G1648,GP408,G4936,G4713,GP504"
115.45,23.90,0.30,0.27,52,"G5041,GM405,G4929,G5040,GP400,G4940,G1565,G4936,GM410,G1643,GP408,G4935,G1537,G4927,G4712,G4937,G4713,G1640,G4934,G4737,G1568,G1613,G5128,G1611,G4928,G4939,GM408,G1583,G4938,GP424,G1525,G4924,G4926,GP501,G1645,G4925,G4941,GM402,G4907,GM406,G1615,G4957,G1609,G1510,GM401,G5224,G4974,G4814,G4921,G4955,G1532,59107"
115.45,24.05,0.30,0.27,74,"G1611,GM410,G4936,G1568,G4712,G4924,G4929,GP408,G4939,G4937,G1537,GP424,G4907,GM405,G4941,G4928,G4934,G4935,G1532,G4955,G5040,G4921,G4923,G4938,GM401,G1565,G1645,G4713,G4814,GM255,G4940,G1535,59107,G4954,G4953,GP400,G4926,G1640,G4922,G4840,G4927,G4718,G4715,G5041,GP453,GP452,59109,G4841,GP456,G1563,G4835,G4812,G1534,G4925,G1609,GM406,G4952,G4958,G5102,G1634,G4710,G1564,GM253,G5110,G4956,G4918,G4957,G4919,G5128,GP440,G4836,G1633,G4916,G5126"
115.45,24.20,0.30,0.27,90,"G4923,G4953,G4922,G1532,G4840,GP456,G1563,GP452,G4955,G1534,G4954,GP453,G4924,G4907,GM255,G4952,G4841,G1611,G4921,G4812,GP424,G1535,G4916,G4941,G4951,G4939,GP440,G4917,G1568,GP449,59109,GM401,GP468,G4836,G4717,G4712,G4918,G4959,G5101,59107,GM410,G4711,G4928,G4936,G4710,G4814,G4937,G4835,G5102,G1561,G1562,GP448,G1537,GP408,G1645,G4938,G4718,G4715,GM253,G1531,G4934,G4837,G4929,G5110,G1630,G4919,G4811,G4913,G4950,G4935,G5127,G4914,G4839,GM257,G4926,GP444,GM405,G5126,G4911,G1634,GP445,G4915,G4713,G4958,G1633,G5040,G1553,G1533,GM260,G1635"
115.45,24.35,0.30,0.27,81,"G4717,G4951,G1561,G4916,G4959,GP468,G1562,G4917,G1534,G1563,G4913,G4952,GP456,G4914,G4811,GP449,G4950,G4711,GP440,G5101,G4922,GP452,G1533,G4840,G4911,G4953,GP453,G4714,G4812,GP448,G4948,GM257,G4841,G4949,G4839,G4836,G4923,G4954,G1531,G1567,G5100,GM255,G4912,G1532,G4918,G4837,G5127,G4915,GP460,G4909,G4955,GP444,G5107,G4947,GP476,G1535,GM258,59109,G4921,GP481,G4907,GP445,G4924,G4710,G4910,G1566,G4945,G4946,G5108,G1630,G1555,G5102,G4838,G4852,G4941,GP424,G4835,G1611,G1637,GM401,G1530"
115.45,24.50,0.30,0.27,68,"G4714,G4947,G4912,G4913,G1533,G4914,G4945,G4946,G1566,GP476,G4948,GP481,G1561,G5107,G4811,G4950,G4911,G4909,G4949,G4908,G4717,G1562,G4838,G1530,G4943,G4959,G1567,GM259,G4816,GM257,GM258,G4951,GP468,GP460,G5100,G4910,G4839,G4916,G4711,G4917,G4815,GP480,G1560,G4942,G5101,G4813,GP449,G4944,GP448,G1555,G4952,G1534,G4905,GP440,G4915,G4863,G4817,G1563,G4852,G1531,GP456,G5108,G5127,GP444,G4906,G1637,G1538,GP452"
115.45,24.65,0.30,0.27,43,"G4908,G4943,G1560,G4816,G4945,G4946,G1566,G4944,G4905,G4813,G4947,GP481,G4906,G4942,G1530,G4817,GP476,GM259,G4912,G4815,GP480,G4719,G4838,G4714,G4904,G5107,G1538,G4909,G1533,G4948,G4913,G4914,G4903,G4949,G4863,G4910,G4911,GM258,G4950,G4811,GP460,G1567,G1561"
115.60,22.70,0.29,0.27,52,"G5669,G5666,G1810,G1879,G5673,G5672,G1811,G5686,G5689,GN027,GN029,GN028,G1801,G5620,G5618,G1805,GN034,G1880,G1808,G5643,G1822,G1834,GN032,G1843,G1868,G5616,G1807,G5667,G5668,G1819,G5636,G5671,G5670,G5690,59501,GN033,G1804,G1892,GN031,G1854,G5640,G5622,G1873,GN047,G5603,GN018,GN046,G1814,GN023,G1847,G5635,59502"
115.60,22.85,0.29,0.27,88,"G1880,G1834,G1868,G1822,G5620,GN034,G1843,G5673,G5672,G5643,G1892,G1873,G1879,GN046,59502,GN028,GN047,G5626,G1847,G5666,G5669,G1819,G5667,G5668,G5635,G1805,G5640,GN023,G1801,GN029,GN024,G5636,GN032,GN031,GN018,G1827,G1807,G5624,GN020,GN027,G5618,G1810,GN021,GN019,G5616,G1845,G5686,G5689,G1811,G5622,G5608,G1817,GN022,GN041,G5607,GN025,GN049,G1804,G1872,G5603,G1835,G5605,G1854,G1832,G1836,GN045,GN048,59501,G1814,G1808,G1849,G5670,G5671,G1828,G5690,G5601,GN044,GN026,GN033,G1844,G1863,G5631,GN043,G5632,G1870,G1841,G5602,G1881"
115.60,23.00,0.29,0.27,91,"G5626,G1873,59502,G5607,G1892,GN046,G1832,G1835,GN048,G1847,GN041,G5624,G1841,G5635,GN047,G1868,G1834,G1848,G1836,G5628,GN025,G1827,GN044,GN023,G1870,GN024,GN026,G1822,G1815,G1880,GN053,G5632,G5608,G1881,G5640,GN019,GN018,GN022,GN020,G5641,G1843,G1875,G1849,G5643,GN021,G1872,G1820,GN031,G1885,GN052,G1856,G1845,GN049,G1828,G1853,G5605,G1819,GN034,G5668,G5667,G5636,G1817,G1865,G1844,G5620,GN051,G5622,G5642,G1807,G1823,G5679,GN032,G5672,G5673,G1876,GN045,G5613,G1886,G5638,G5629,G1879,G1863,GN028,G5603,59500,G8906,G9013,G1851,GN036,G1838,G1805"
115.60,23.15,0.29,0.27,84,"GN053,G1848,G1841,GN052,G1885,G1856,G1832,G5628,G1853,GN051,G1875,GN048,G1835,G5679,G5607,G5613,G1876,G5641,G1870,G1815,G1851,G1865,G5629,G1881,GN050,G5632,GN044,G5614,G1802,GN041,G5626,G1836,G1823,G1850,GN026,G8906,G5692,G5615,G9013,GN054,GN025,59502,G1874,G1884,G1873,GN046,G5624,G1820,G1892,G1860,G1847,GN038,G5642,G1861,GV213,G2902,GN039,G5635,G1827,GL515,GN036,G5608,G1849,G1852,GN047,GN035,GN023,GN024,G5637,GN022,G8908,G1872,G5630,G1828,GN019,G5158,G8902,G1575,G5520,G4828,G1868,G1858,GN055,G5516"
115.60,23.30,0.29,0.27,74,"GN050,G5615,G5613,G1874,G1876,G1802,G5679,GN051,G1851,G1852,GN054,G1850,G1861,GN052,G1885,G1860,G1856,G5692,GN055,G5629,GN056,G1853,G5158,G5614,GN053,G1862,G2967,G1884,G5630,G4828,GN035,G1865,G1848,G1875,GV312,G1841,G8906,G1575,G2932,GV314,G9013,G8923,G2935,G5628,G5641,G1823,G5129,GV213,G1815,G1870,G1832,GL515,G8902,G1569,GN048,G1585,G1835,GN038,GV306,G5607,G8931,G1881,G2902,G1642,G8936,GP511,GN039,G8925,G5632,G2939,G8933,G1593,G8935,G2981"
115.60,23.45,0.29,0.27,63,"G1862,GN056,GN055,G1852,GV314,G8923,G2932,G1874,G5129,G1861,G5158,G2967,G5615,GN050,G2935,G1642,GV312,G1802,GM403,G4828,G5630,G1860,G8935,G1569,GN054,G1850,G8936,G8933,G1584,G1614,G5613,GP512,G1876,G1647,G1851,GP511,GV306,GN035,G5692,G1648,G5679,G1575,G8926,GN051,G2939,GV310,59306,G1884,G5629,GM402,G2933,G5614,G1593,G1577,G1585,GV313,GN052,G8925,G1885,G1646,G8931,G2960,G1856"
115.60,23.60,0.29,0.27,47,"G1614,GM403,GM402,G1648,G1647,G1646,GM408,G8923,GV314,G1862,G1642,G2932,G1613,G5129,G8935,GN056,G1577,G1584,GN055,GP501,GM409,G8926,GP512,G1569,G1852,G8933,G8936,GV309,G2935,GM407,G2933,G2967,G5158,G1615,G1610,GV312,GP511,G1874,G1861,G1583,G1643,GV306,G5131,GP502,GV310,G5128,G4828"
115.60,23.75,0.30,0.27,32,"G1613,GM408,GM402,G1646,GM409,G1614,G1615,G5128,G1648,GM403,G5131,G1647,G5041,GM407,G1643,GP501,G1610,G1640,G5040,G5224,G1649,59303,G1577,G5148,GM405,G1612,G1583,GM406,G1644,GV309,GM404,G1609"
115.60,23.90,0.30,0.27,44,"G1640,G5128,G5040,GM405,GM406,G5224,G1615,G1609,G1613,G1649,59303,G5041,G1644,GM410,GM409,G1645,G5131,GM408,G5148,G4929,G4936,GM401,GM402,G1646,G1643,G1634,G1612,GP408,G1565,GP400,G4940,G1611,GM407,G5113,G4907,G4712,G4935,G1568,G1537,G1614,G1633,G4937,G5042,G1610"
115.60,24.05,0.30,0.27,66,"G1645,GM401,G1640,G1609,G4907,G1634,GM406,GM410,G5040,G5110,GM405,59109,G1633,GM253,GM255,G1611,G5113,G5126,G1532,G5102,G5109,G4954,G4936,G5224,G4924,G4929,G1568,G1644,GM254,G5128,G1649,59303,G4840,G4712,G1638,G4923,G4812,GP408,G5105,G4922,G4939,GM260,G1636,GP424,G1630,G4937,G4955,G5111,G1537,GM251,G5041,G4941,GP456,G4953,G1635,G4935,G5106,GP440,G5148,G1534,G1615,G4921,G4934,G4928,G1565,G1563"
115.60,24.20,0.30,0.27,78,"59109,GM255,G4954,G5102,G4812,GM253,GM401,G4840,G5110,GP440,G1630,G4907,G1532,G4922,G5126,G1534,GP456,GM260,G1645,G1633,G5101,G4917,G1635,GM254,G1634,G5109,G5127,G4923,GP468,G1636,G1563,G4951,G5124,G4953,G5113,G1611,G4924,G5105,G1562,GP452,GM257,G4955,GM256,GM410,G4952,G5111,GP453,G4717,G4916,G4950,G5103,G1609,G5100,G1638,G5108,G1568,GP424,G4939,G4841,GM406,G4921,G4936,G4941,GM251,G4914,G1640,GM252,G4712,G1561,G4949,GM102,G1535,G4959,G5040,GP449,GM405,G1637,G4948"
115.60,24.35,0.30,0.27,74,"G5101,GM257,G5127,GP468,G4917,G1562,GP440,G5100,G4950,G4949,G4812,G5108,G4951,G4914,G4948,G1534,G1630,G1533,GM258,G4717,G1637,G5124,GP456,G4840,GM256,G1635,G4922,G4954,59109,G5102,GM255,G1561,G1563,G5107,G4913,GM260,G4916,GM253,GM102,G5104,G4714,G4959,G5110,G5009,G4952,G1532,G4953,G5212,GM254,G5103,GM262,GP452,G4923,G1636,G4811,GM551,G5126,G4907,GM401,GM104,GP449,GP453,G1633,G5109,G4711,G4911,G4947,G5008,G4841,G5120,GM259,G4912,G4946,G4945"
115.60,24.50,0.30,0.27,63,"G5107,GM258,G4949,G4948,G5100,G1533,G4950,GM257,G4914,GM259,G1637,G5108,G1562,G4714,G5212,G4945,G4946,G4947,G5104,G5101,GP468,G4913,GM262,G5127,G4943,G1566,G4917,G4908,G4912,G1683,GM551,G1561,G4717,G5120,G4951,GM104,GP440,GP476,GM256,GP481,G4944,G5132,G5219,G5009,G4811,G5008,GM102,G4959,G5124,G1560,G1682,G4911,G1534,G4816,59106,G4812,G5204,G1630,G4916,G1530,G4905,G4909,GP456"
115.60,24.65,0.30,0.27,50,"GM259,G4944,G4943,G5107,G4908,G4946,G4945,G1560,G4905,GM258,G4947,G1566,G1682,G5208,G4948,G5212,G4816,G4949,G4813,G1533,G1683,G1684,G4714,G5122,G5219,G4906,G4912,G5100,GP481,GP476,G4914,G1637,G4950,G5104,GM262,G5120,G4719,GM257,G1530,G4817,G4942,G5108,GM553,G1680,59106,G5204,G5132,GM551,G4815,G4913"
115.75,22.70,0.29,0.27,40,"G5671,G5670,G1804,G5668,G5667,G5673,G5672,G5643,G1879,G5636,G1810,G1843,G5666,G5669,G1811,G5689,G5686,GN043,GN045,GN027,G5631,G1868,G1878,G1877,GN029,G1880,G5620,G1845,G1837,GN028,G1801,G5618,G5635,GN049,G1834,G1842,GN034,G1805,G1892,G1822"
115.75,22.85,0.29,0.27,66,"G5668,G5667,G5636,G5643,G1843,G1804,G1845,GN045,G1868,G5635,GN049,G5670,G5671,G5608,G5631,GN043,G1892,G1844,59502,G1849,G1880,G1842,GN025,G5672,G5673,G1878,G1877,G1834,G1879,G1836,G5626,G1837,GN026,G1873,G1840,GN044,G1822,G1806,G1893,G5680,G5620,G5666,G5669,G5633,G2954,G5607,GN046,G5632,G1838,GN034,GN048,GN028,G1810,G1847,G1832,GN042,G1870,GN029,G1811,G5686,G5689,GN047,G8955,GV014,G1801,GN027"
115.75,23.00,0.29,0.27,84,"GN025,G5608,G1836,G1849,GN026,GN044,G5635,GN049,G5632,G1844,G1845,59502,G1870,G1892,GN048,G5607,G1832,G1840,G1838,G5626,G1868,G5636,G1843,GN045,G5643,G5668,G5667,G1806,G1875,G1894,G1893,G1873,G1842,G5680,G5631,G1869,G1841,G1848,G8908,G2954,G1804,G1835,G1853,G2902,GN046,G8955,GN043,G9013,G9011,G8906,G1834,GV001,GN053,G2952,G1880,G1847,G5633,G8944,GV014,GN052,G5629,G5628,G1885,G1822,GN041,GV213,G5670,G5671,GN047,G5624,G8901,GV204,G1878,G1877,G1856,GV011,G2981,G8948,G1837,GN023,G5679,G8919,G1827,GV010"
115.75,23.15,0.29,0.27,84,"G1875,G9013,G1870,G8906,G5632,G1853,G5629,G2902,GN044,GN026,GV213,G1836,G8908,GN048,G1884,G1832,GN025,G1848,G5679,G5607,GN052,G1869,G1841,G1850,G2981,G1894,G1885,GN053,G9011,G1849,G8902,G1838,G5613,GN035,G1802,GN051,G5608,G1860,G1856,G1876,G8901,G1844,G1840,GV204,G5615,G1835,G5635,59502,G8919,GN049,G5626,G5628,G5630,G8904,GN050,G9014,G1806,G2952,G1892,G1851,G8931,G2945,G1845,GV001,G1893,G1874,G8925,G8944,G5680,G2967,G5641,G8955,GV312,GV010,G1815,G1873,G2948,G2954,G1865,G9019,G1852,GV209,GV212,G8909"
115.75,23.30,0.29,0.27,91,"G1884,GN035,G1860,G1850,G5630,G5629,G1802,G8906,G8902,GV213,G9013,G2967,GV312,G5615,G5679,G8931,G1853,G8925,G2935,G5613,G9014,G2981,G2902,G1852,GV313,GN050,G1875,G2960,G1874,GV306,G2939,G1876,G8904,GN056,GN051,G2932,59306,GN052,G8909,GV314,G1885,G8936,G8923,G8908,G8918,GV310,G8933,G8934,G1862,GV209,G1851,GN055,G2968,G1870,G1856,GN053,GV301,G2980,G8935,GV305,G1848,G2945,G5632,G1861,G9011,G2936,GV317,G1869,GN054,G1841,G8901,G8926,G2934,G9019,GN044,GN048,GV303,G8919,GV204,G1832,G1894,G2940,GN026,G5692,G5158,GV304,G1836,GV212,G8905,G2933,G5607"
115.75,23.45,0.29,0.27,73,"G2935,GV312,G2932,G8936,G2967,G8933,G8923,GV314,GV306,G8935,G2939,G5630,GV310,59306,G8926,GN056,GV313,G1860,G1862,GN035,G2933,G2960,G8925,G1852,G8931,G2968,GV317,G8934,G1850,G5615,GN055,G1802,G1884,GV305,GM403,G1874,G8918,G2931,G8921,G1648,G9014,G2936,GV309,G8902,G8909,GV301,GV303,G8932,GN050,G5629,GV304,G8904,GV209,GV213,G2966,G1614,G2934,G5679,G1861,G5613,G2980,G8906,G2937,G9013,G2963,G2981,G1876,G2940,G5158,G5129,G1646,G8922,GN051"
115.75,23.60,0.29,0.27,57,"G1648,G8935,GV309,GM403,G8926,G2933,G1646,G8933,G8936,G1614,G8923,GV314,G2932,G1610,GM407,G2966,GV310,G2935,G8921,GV306,G8932,GM409,59306,G2939,G1661,G2931,GM402,GV312,G1862,GV317,G2967,GN056,GM408,G2968,GM404,G5131,G2963,GV313,G1615,GV316,G2964,G8929,G1613,G5630,G2960,G1612,GV305,G1647,G8934,G1852,GN055,G8927,G2936,GM760,GV303,G8925,G8931"
115.75,23.75,0.30,0.27,43,"GM409,GM407,G1610,G5131,G1646,G1615,G1612,G1648,GM404,G5148,G5128,GV309,G1613,59303,G1649,G1614,GM408,GM403,G5224,G5130,G1661,GM760,GM402,G1644,G2966,G5042,G1641,G2933,G8926,G8935,GM406,G1640,G5139,G8932,G2964,G1609,G8921,G5125,G8929,GV316,G8927,G8933,G1632"
115.75,23.90,0.30,0.27,42,"59303,G1649,G5224,G5148,G1644,G5131,GM406,G1615,G1612,G5128,G1609,G5042,G1640,GM409,G1632,G5130,GM407,GM404,G1610,G5106,G1638,G5113,G1634,G5040,G1645,G1613,G1641,G1646,GM251,GM760,G5125,G1633,GM405,GM408,GM261,G5109,G5111,G5126,G5003,G5105,GM401,G5110"
115.75,24.05,0.30,0.27,53,"G5113,G1634,G1638,G1609,G1633,GM406,G5109,GM251,G5126,G5106,G5105,G5111,G1644,G5110,G1645,G5224,GM254,G1649,59303,GM253,G1636,G1632,G1640,GM401,G5102,GM260,G5148,59109,G5042,G1635,G5003,G1630,G1631,G5128,GM252,G5040,GM255,G4907,G1612,G5131,G1615,G5103,G4954,G1625,G5020,GM410,G5124,GM405,GM261,G5130,G1532,G4812,GM115"
115.75,24.20,0.30,0.27,60,"GM254,GM260,G1636,G5126,G1635,G5109,GM253,G5110,G5105,G1633,G1630,G5102,G5111,G5124,G5113,G5103,G1634,GM252,59109,G1638,GM251,GM256,G1631,G5127,GM401,GM102,GM255,G4812,G5106,G1645,G4954,GP440,G5021,G5101,G5009,G1609,G5108,G1623,GM101,G4840,G4907,GM406,G1604,G5020,G4917,GM109,GM257,G1532,GM116,G4922,G1637,GP468,G1626,G1534,G5100,G1632,GP456,G1644,G5003,G1562"
115.75,24.35,0.30,0.27,74,"GM256,G5124,GM102,G5108,G5127,G5009,G1635,G1637,G5103,G1630,G5104,GM260,G5100,GM551,GM104,GM262,GM101,GM257,G5008,G5101,G1636,GM252,G5212,GM258,GM254,G5102,G5021,G5120,G1626,G5132,G4949,GP440,GM253,G4950,G4917,G5110,GP468,G4812,59109,G1562,G5126,G5105,G5109,G4948,G1683,G1633,G1681,G1631,G1623,G5111,G5221,G5107,GM109,G1533,G5213,G5204,59106,GM255,G4914,G1604,G4954,G1534,G4951,GM557,G4840,G5113,G1690,G1634,G1696,G5219,G4922,GP456,G1686,GM251"
115.75,24.50,0.30,0.27,55,"G5212,G5104,GM262,G1637,GM551,G5120,G1683,GM104,G5132,G5108,GM258,G5008,G5219,59106,G5204,G5009,G5100,G5221,GM102,G1696,GM557,GM256,G5107,G4949,GM257,G1682,G5127,G1681,GM101,G4948,GM259,G5124,G1686,G4950,G5218,G5122,G5208,G1533,G5209,G5213,G1626,G5101,G5103,G1680,G1562,G4914,G1635,G1684,G5211,G1630,G1685,GP468,G5021,G4917,GM552"
115.75,24.65,0.30,0.27,49,"G1682,G5208,G5219,G5122,G1683,G1684,G1680,G5212,59106,G5204,G5120,G1696,GM259,GM553,G5211,G5132,GM262,G5218,G5221,GM557,G5104,G1685,G5214,GM551,GM258,GM104,G5107,G5058,G5133,G1637,G5008,GM552,G5209,G5123,GM554,G4944,G1686,GM555,G4943,G5108,G5100,G4949,G5059,G1681,GM658,G4948,G5009,G5121,G1688"
115.90,22.85,0.29,0.27,61,"GN043,G5631,G1877,G1878,GN045,G1842,G1837,G1804,G5633,G5670,G5671,GN042,G5636,G1845,G5680,G1893,GN049,G2954,G5668,G5667,G1844,G1806,G5634,G1840,GV014,G2972,G8955,G5643,G5608,G1843,G1849,G2951,GV011,G1833,G5611,59503,G8941,G5635,G1838,G8948,GV001,G8959,G8944,GV009,GN025,GV015,G1868,G2952,G8942,G2976,G1894,GN026,G1836,G8943,G1892,G5612,59502,GN044,G2973,G1869,G5632"
115.90,23.00,0.29,0.27,85,"G1840,G1806,G1893,G5680,G1838,G2954,G1844,G8955,GV001,G1894,G1842,GV014,G1849,G2952,G8944,GN049,G5633,G1869,GV011,G8948,G5608,G1845,GN045,G5631,G2972,G9011,GN025,GN026,G8941,GV010,G8908,G1836,GV015,G5632,GN043,GN044,GV204,GN042,G2948,G8943,G8901,G5635,G8919,G5634,G5636,G8942,G2902,G1837,G1804,G1877,G1878,G2951,G8959,G1870,G2976,G5667,G5668,G2975,G8952,G8958,G1833,G1843,GV009,G9031,G5643,G9013,59502,G2981,GN048,G1892,G1875,G8906,G5670,G2974,G5671,GV213,G5607,G2973,G1868,G2955,G5611,G2945,GV212,G1832,59503"
115.90,23.15,0.29,0.27,99,"G9011,G8908,G1869,G8901,G1894,G2902,GV204,G8919,G2981,G1838,GV213,G2952,G9013,G2945,GV010,G2948,GV001,G8906,G8944,G8902,GV212,G8904,G1840,G9019,G8958,G5632,G1806,G8955,G2975,G9014,GV214,GN026,G1893,G1884,G1849,GN044,G1870,G5680,G8907,G9012,G5629,G1875,G1844,G2954,G1836,GV209,G8948,GV014,G2980,GN025,G9018,G1853,G8905,GN035,GV011,G8943,G8931,G8909,G5608,GV015,G8925,GN049,G8941,G1850,G9020,G8918,GN048,G1860,G1842,G8953,G8952,G2972,G8942,G5633,G2960,G2974,GV205,G2940,G1845,GV301,G5630,G8910,G2982,G2934,GV217,G2949,G1832,GV203,G5607,G2987,GV211,G5679,GV313,G8934,G5635,G9031,G2953,GV206,G2976"
115.90,23.30,0.29,0.27,106,"G9014,G8904,G8902,G8931,GV209,G8909,G2981,G8925,G2980,G8918,G2945,GV213,G2960,GV301,G9019,GN035,GV313,G8934,G2934,G1884,G8905,G2902,G2940,GV212,GV305,G2936,G9013,G2968,G8906,G8901,G5630,G8907,G8908,G2939,G8919,GV214,GV303,59306,GV306,GV204,G9011,GV304,G1860,G2982,GV312,G9012,GV317,GV310,G5629,GV206,G1850,G1869,GV217,G9018,G2935,GV307,G2961,G2967,G8914,GV205,GV203,G2937,G8936,G8933,G1894,G2949,G8924,G2948,GV302,G8958,G2931,G1802,GV010,G9020,G8910,G8911,G1853,G1875,G2975,G2987,G2962,G8926,G2952,G5615,G8922,G8921,G2965,G2932,G5679,G2903,G8935,GV315,G2943,G1838,GV202,G2933,GV311,GV314,G8923,GV308,G5632,GV001,G8903,G1870,GV211,G8944"
115.90,23.45,0.29,0.27,99,"G2968,GV317,GV305,G8934,59306,GV313,G2936,GV310,G2960,G2939,GV303,GV306,GV301,G8918,G2931,GV304,G8925,G8936,G8933,G8931,G8909,G8921,G2934,G2937,G8926,G2933,G2940,G8932,G2935,G9014,GV209,G2980,G2961,GV312,G8922,G8935,G2963,G2962,G5630,GV308,G8904,GV307,G8924,GN035,G2967,G2966,GV315,G8902,GV309,GV316,G2932,G2982,G8905,G8929,G8923,GV302,GV314,GV206,G2965,G8914,G1860,G2903,G2930,G2964,G1884,GV217,G2938,GV311,G2981,G9019,G8927,G2945,G8965,GV213,G1661,G8907,G8928,G1850,G8911,GV203,GV205,GN056,GV212,GV214,G1648,G8900,GV202,G2926,G8964,G9012,G2949,G1862,G9018,G8906,G1852,G9013,GM752,G1802,G2946"
115.90,23.60,0.29,0.27,81,"G2966,G8932,G8921,GV309,G2933,G2963,G2931,G1661,GV316,G8929,G2964,G8926,G8927,GV317,GV310,G8933,G8935,G8936,G8922,G1610,G2968,G2930,59306,GV308,G2937,GV303,G2939,GM407,GV305,GV306,G2936,GM404,G1648,GV304,G5139,GM760,G2962,G8934,GV313,GM752,G2960,G2935,GV315,GV301,G8965,G2961,G8918,G1646,G8923,G2934,G2932,GM403,G2938,G8925,G2926,GV314,G8924,G1663,GV312,G1612,GM409,G1641,G5130,G2940,G8909,G8931,GM759,GV307,G5131,G5157,G2997,G2965,G8964,G2967,G8928,G2903,G5044,G1614,GV302,GV311,G5630"
115.90,23.75,0.30,0.27,54,"GM404,GM760,G1661,G1610,G5130,GM407,G5139,G1612,G1641,G2966,G2964,GV309,G5131,G5125,G8927,G5042,G8929,G5148,GV316,GM409,G8932,GM758,G5157,G2963,G1615,G8921,G1646,G2933,G1648,59303,G1649,G5156,G5011,GM261,G2930,G1644,GM752,G2931,G8926,G5224,G1632,GM759,G5015,G5044,G1663,59310,G5142,G5140,G5019,G5128,G8935,G5045,G8922,GV308"
115.90,23.90,0.30,0.27,42,"G5042,G5130,G1632,G1641,G5125,G1612,G5148,GM261,G1644,GM404,GM760,59303,G1649,G5156,G5131,GM758,G5003,G5106,G5224,G5139,G1610,GM407,G1638,GM251,G1615,GM406,G1609,G1625,GM409,G5142,G1661,G5011,G5157,G1660,G5128,G5113,GM115,G5111,G1634,G5105,G1640,GM110"
115.90,24.05,0.30,0.27,55,"G5106,G1632,GM251,G5003,G1638,G5111,G1625,G5105,GM115,G5020,GM261,G5113,G1631,G5042,G1644,GM116,G5109,G1633,G1636,G1634,GM252,G5126,G5156,GM254,G1609,59303,G1649,G5125,G5148,G1627,GM406,G5224,GM110,G5130,G5110,GM260,G1604,G1641,G1612,GM253,G1623,GM758,G5103,G1608,GM109,G1660,G5021,G1635,G1645,G5102,GM754,G1605,G5131,G5142,G1695"
115.90,24.20,0.30,0.27,63,"G1631,GM252,G5111,G5020,G1604,G1623,GM116,G5105,G5103,G5021,G1636,GM251,GM109,GM254,G1638,GM260,G5106,GM115,G5109,G1635,G1625,G1695,G5126,G5124,G5113,G1633,G1626,G1627,59117,G5003,GM101,G1629,GM102,GM256,G5110,G1630,GM253,G1605,G1634,G5009,G1694,G1692,G1690,G1601,G1632,GM005,G1608,G5102,G1603,G1602,G5135,G5222,GM110,G1607,G1600,GM003,G5127,59109,GM106,G5008,G5213,GM004,GM261"
115.90,24.35,0.30,0.27,78,"GM101,G1626,G5021,GM102,G5009,G5103,G1623,GM109,G5008,G1690,GM252,GM256,G1604,G5213,G1681,GM104,GM551,G5124,G1695,G1631,GM262,G5132,G5104,59117,G1694,G1635,G1602,G5120,GM107,G5221,G1637,GM108,G1629,G5108,G1686,GM260,G1636,G5005,GM116,GM557,G1692,GM106,G1600,G1601,G5204,G1630,G5020,G5135,59106,G5212,G5222,GM254,G5127,G1699,G5105,G5111,G1696,G5209,G1683,G1603,G1605,G5031,G1607,GM006,G5109,G1627,G5100,GM005,G5126,GM251,G5219,GM654,GM253,G5102,GM115,G5218,G1633,G1671"
115.90,24.50,0.30,0.27,71,"G5221,G5132,GM557,G1681,G5008,G5204,59106,G1686,G5120,GM104,G1696,GM551,G5213,G5209,GM262,G1683,G5104,G5218,G5219,GM101,G5009,G5212,G1626,GM102,G5031,GM658,G1637,G1690,GM552,GM108,GM107,G5005,G1685,G1682,G5108,GM256,G5211,G1680,G5032,G5021,G1671,G5122,GM654,G5036,G5103,G1676,G5121,G5208,GM258,G1623,GM653,GM109,G5124,G1691,G5034,GM106,G1602,G1699,G1694,G1684,G5100,G5137,G5207,G1604,G1695,GM652,GM651,G1600,G5004,59117,GM252"
115.90,24.65,0.30,0.27,65,"G5218,G1685,G5211,G1680,G1696,G5219,GM552,G5122,59106,G1682,G5204,GM557,G5209,G5208,G5221,G1684,G1683,GM658,G1686,G5121,G5207,G5132,G5120,GM553,G5214,G1688,GM555,G5220,G5059,G5058,G5032,GM653,G1681,G5031,G5133,G5212,GM554,G5008,GM262,GM104,GM551,GM556,G5137,G5213,G1676,G5104,G1672,G5210,G5036,GM652,G5123,G5034,GM651,G1678,G5033,G1691,G1687,59114,G1671,G5206,G5217,G1637,GM654,G5005,G5009"
115.90,24.80,0.30,0.27,41,"G5058,G5214,GM555,GM554,G5133,GM553,G5059,G5211,G1680,G1687,G1684,G5123,G5210,G5217,G5206,G5122,G1688,G5220,G1685,G5208,GM556,G5207,G1682,GM552,G5121,G5218,G5219,GM658,G1696,GM653,G1672,59106,G5204,G5209,G5032,GM557,G5137,G1683,G1674,G5033,G5221"
116.05,22.85,0.29,0.27,61,"G5634,GN042,G1833,G5611,59503,G2951,GV009,G2972,G5633,G1837,G1878,G1877,G8959,G5612,G8941,GV014,GV011,G2976,G1842,G8942,G2973,G2954,GN043,G8948,G5631,GV015,G5680,G1893,G8955,G9040,G9042,G8943,G2955,G9041,G1806,G9031,G8952,G9043,GN045,G8944,GV001,G1804,G1840,G5670,G5671,GV004,GV003,G2952,G1844,G2974,G2977,GN049,G1838,G1845,GV010,G5636,GV000,59317,G8947,G2904,G2948"
116.05,23.00,0.29,0.27,86,"G8948,GV015,GV011,G8941,G8943,G8942,GV014,G2972,G8944,G2976,G8955,G8959,G8952,GV001,G9031,G2954,G2952,G2951,GV010,G5680,G5633,G1893,G2974,G2955,GV009,G5634,G2973,G2948,G1806,G1833,G2975,GN042,G1840,G9040,G8958,GV000,G9041,GV004,G1842,G1838,G5612,G1894,GV204,G1869,G9042,G8919,G8949,G5611,G9011,G8901,GV003,59503,G8953,G1844,G9043,G5631,G1837,G8954,G2977,G2953,G1877,G1878,G2970,GN043,G8908,GN045,G2959,GV212,59317,GN049,G1849,G8915,GV211,G9012,GV214,G2904,G8947,G9020,G9032,G1845,G2945,G9018,G9019,G5608,G2902,G8907"
116.05,23.15,0.29,0.27,110,"G8958,G2948,G2975,GV010,G8919,GV204,GV212,G8901,GV214,G9012,G8953,G2952,G9018,G9019,G2945,G8907,G9020,G8944,G9011,GV001,G8943,G2953,GV211,G2974,G1869,G8949,G8952,G8910,G2987,GV015,GV000,G1894,G8948,G8915,G8908,G9031,G8905,G2949,G8955,GV205,GV011,G8942,G2970,G2981,G8941,GV203,GV201,G8904,GV014,G1838,G2943,GV217,G2976,G2944,G2902,G2980,G2955,G1806,G2954,GV209,G2982,GV206,G1893,G5680,G1840,G8954,G8959,G2972,GV004,GV210,G8914,G2983,G9014,GV213,G8902,G2973,G8911,G8903,G8909,G2940,G2942,GV207,G9041,G9040,GV218,G5633,G2951,G2934,G9013,G1379,G2959,G9032,GV202,G9015,G1378,GV009,GV307,G8918,GV003,G2946,G8906,G8917,GV301,G8916,G1844,G2977,GV302,G8931,G5634,G9016"
116.05,23.30,0.29,0.27,120,"G8905,G8907,G2982,GV217,G9019,GV214,GV205,G9018,G9012,GV206,GV203,G2980,GV212,G2949,G8914,G2945,G2940,GV209,G8910,G8911,G2934,GV307,G9020,G2987,G8904,G2943,G8909,GV302,G2961,GV301,G8903,GV202,G8918,GV201,G8924,G9014,G2946,GV211,G8919,GV304,G8916,G8958,G2903,G8901,G2965,GV207,G2936,GV311,GV303,GV204,G8934,GV305,59314,G2981,GV218,G8953,G2975,G8900,G8931,G2937,GV210,G8917,G8925,G2960,G2948,G2953,G8902,G2942,GV315,G2941,G2962,G2983,G2944,G2968,G9015,G8915,GV313,G9011,GV010,GV208,GV317,G8922,G2938,G8928,GV213,G8908,G8913,GV308,G2902,G1869,G8949,G9016,G9021,G2947,G9022,G2984,GV215,59306,G2939,G2970,G2952,GV216,G2931,G1378,GN035,G1894,GV306,GV310,G8965,G2974,G2986,G8964,G8944,GV000,G2985,G9013,G1884,GV001,G1376,G8906"
116.05,23.45,0.29,0.27,123,"G2961,G8924,G2962,G2937,GV315,GV307,GV304,G8922,G2965,GV302,G2903,GV308,GV303,G2934,G2940,GV311,G2938,G2936,G8914,GV305,GV301,G2982,GV206,G8928,G8965,G8900,GV217,GV317,G8911,G8934,G8918,G2931,GV202,G2968,G2980,G8964,G8905,G8909,G9022,G2963,G2930,G2946,GV209,59314,G9021,GV208,GV203,G8921,G2926,G8916,GV205,G8932,G2941,G2960,GV316,G8903,GV313,G2949,G8929,G8925,G2985,59306,G2992,G8907,GV310,G9014,G2943,GM752,GV219,G8927,G8931,G8904,G2939,G9019,G2922,GV207,G2964,G8912,G9018,G8917,G8913,GV306,GV214,G8910,GV218,G2997,G9012,G2966,G2945,G2986,G2933,G2987,G2927,GV103,G1663,GV201,GV212,G8926,G2984,G8933,G8936,G9020,G2921,G2925,G2942,G2912,G9015,G9002,GV215,G2947,GV216,G8902,GV210,GM759,G1661,GV309,G2913,G2983,G2935,G9017,GV211,G2981,G8935"
116.05,23.60,0.29,0.27,108,"G2930,GV316,G8929,G8927,G2963,G2964,GM752,GV308,G8965,G8922,G2926,G1663,G8932,G2962,G2997,G2938,GV315,GM759,G2966,G8964,G8921,G2937,G2931,G1661,G5044,G8928,G2992,G5139,G2921,G8924,G2927,GV304,G2965,G2961,G2922,GV303,G9022,G2903,G5157,GV317,GV311,G9021,G5019,G2936,G9002,G5012,G8961,G5015,GV309,GV305,G2933,GV302,GV307,GV219,GM760,G8900,G2968,59310,G5140,G8912,G9001,GV103,G2985,G2925,GV208,G2934,GV301,G2924,G8934,G2940,G8960,GV104,G8962,G8926,GV310,GM404,G5011,59306,GV105,G8918,G8914,59314,G2913,G1641,G2941,GV202,G2912,G5045,G1610,GV206,G2928,GV313,G2982,G2939,G2993,G2960,G8911,G2946,G8933,G5016,G8936,GM758,GV306,G8916,G8909,G2986,G5037,GV217"
116.05,23.75,0.30,0.27,68,"G5139,G5157,GM760,G5011,G5015,GM758,G1641,G8927,GM759,59310,G5140,G5019,G5044,G2964,G1661,GM752,G5125,G1663,G5045,G8929,G5012,GV316,G5130,GM404,G5142,G2930,G5037,G5016,G5156,G2997,G2966,G2963,G9001,G2921,G8960,G8961,G2926,GM261,G8932,GM751,G5043,G1610,G8965,G1612,G5042,G1660,G2993,G8962,GV308,G2992,G2927,GV309,G8921,GM407,G8922,G8964,G9002,G1664,GM761,GV104,G2924,G2931,G2922,G2938,G2962,GV315,G5148,G5017"
116.05,23.90,0.30,0.27,52,"G5156,GM758,G5125,GM261,G5142,G1641,G1660,G5011,G5130,G5157,G1664,G5045,G5042,G5003,GM760,G5139,G5037,G1632,G5015,59310,G5140,G1625,GM110,G5016,G5017,G5019,G5013,GM404,GM115,GM762,G1612,G5012,GM761,G5044,G5043,G5106,GM751,GM754,GM759,G5148,G1661,G1662,GM764,G1644,G1627,G5020,G2964,G8927,G8960,G9001,G1663,GM251"
116.05,24.05,0.30,0.27,55,"G1625,GM115,G5003,GM110,GM261,G1627,G5020,G5156,GM116,GM754,G1660,G1608,G1632,G1664,GM764,G5106,GM762,G5013,G5142,G5125,GM005,G1631,G1605,GM758,GM251,GM004,G5042,G1604,G1638,G1603,G5017,GM003,G1629,G5111,G1606,G1607,G1641,G1695,GM757,59117,G1623,GM109,G1692,G5011,G5010,G1601,G5130,GM252,G5135,G5105,G5045,G5222,G1694,G5001,G5037"
116.05,24.20,0.30,0.27,62,"GM116,G1627,G5020,G1605,G1629,G1604,G1695,GM005,59117,G1608,GM115,G1603,GM109,G1692,G1623,G1601,G5135,G1607,G1631,G1694,GM003,G1625,G5222,GM004,G1602,GM110,G5021,G1600,G5001,GM754,GM252,G5003,G1690,GM006,GM106,GM764,G1626,G1606,G1699,GM251,G5111,GM001,G5103,G5106,GM101,GM002,GM107,GM108,G5105,GM762,G1638,G1636,G5005,GM105,GM261,G1632,G5213,G5002,G5013,G1660,GM755,GM102"
116.05,24.35,0.30,0.27,72,"G1690,G1602,G1694,GM106,G1600,G1695,59117,GM107,G1699,G5222,GM109,GM108,G1601,G1629,G1692,G1626,G5135,G1623,G5005,G1604,GM006,G5021,G5213,G1603,G1607,GM101,G1605,GM105,G5001,G1681,GM005,GM003,GM654,GM116,G1671,G5134,G5031,G1627,G1631,G1686,G5004,GM252,G5020,G1608,G5002,GM004,G5009,G5008,GM001,G5103,GM102,G5209,G5221,GM104,G5036,GM557,GM115,G1691,G5132,GM551,GM002,G1676,G5034,GM256,G1606,G5204,G5120,GM658,G1696,G1622,59106,G1625"
116.05,24.50,0.30,0.27,82,"G5031,G5005,GM108,G1671,G5213,GM107,GM654,G1686,G1681,G5209,G5036,GM658,G1691,G1676,G5032,G5034,G1690,G5004,GM557,G5221,G1699,GM106,G5218,GM105,GM651,GM652,G1696,GM653,G1626,GM656,GM552,G5137,G5204,59106,G1602,G1600,59114,G5008,G5132,G1678,GM101,G1694,G5121,GM006,G1685,GM104,G5120,G1673,G5222,G1672,G5134,GM551,G5033,G5030,59117,G1695,G1601,G5207,G5021,GM655,G5135,GM109,G5219,G1692,G5009,G1683,G5211,G1623,G1629,GM262,G5028,G5002,G1604,G5220,GM102,G1680,G1688,G5104,G5001,GM111,G1603,G1607"
116.05,24.65,0.30,0.27,70,"GM658,G5121,G5032,GM653,GM552,G5137,G5207,G1676,G1672,GM652,G1685,G5220,GM651,G5036,G5218,G1678,G1688,G5034,G5209,G5031,59114,G5033,G1691,G5211,GM656,G1686,GM556,G5059,G1671,G1673,GM557,G1696,G1675,G1680,GM654,GM555,G5136,G5204,G5221,59106,G5004,G5210,GM655,G1681,G5005,G5213,G5219,G5122,G5030,G1674,G5058,GM108,G5214,GM107,G1682,G5035,G5132,GM553,G1684,G5208,G1683,GM554,G5120,G1677,G5133,G1687,G5206,G5008,G5217,GM105"
116.05,24.80,0.30,0.27,50,"GM556,G1688,G5220,G5210,G5059,G5207,GM555,G5121,G1687,G1674,G5206,G1672,G5217,G1675,G5058,G5033,GM653,G5035,G1685,GM552,G5211,GM554,G5214,G5137,G5133,G5136,G5032,G1678,G1680,GM658,59114,GM553,GM652,GM651,G5218,G1676,G1673,G5122,G5034,G1684,G5123,G5036,GM656,G5209,G1691,G5208,G1677,G5031,G1682,G1696"
116.20,22.85,0.29,0.27,53,"G5612,G9042,G9043,GV009,G5611,59503,G1833,G9040,G2973,G9041,G2951,G8959,GV003,G5634,G2976,G2955,G2977,G8947,G2904,GV004,59317,G8942,GN042,G9031,G2972,G8941,59511,G8952,GV005,GV015,GV011,G8943,G2959,G8948,G5633,G2974,G8956,GV014,GV000,G8954,G1837,G2971,G2978,G1878,G1877,G9032,GV002,GV007,G2954,G8945,G8955,GV006,G8949"
116.20,23.00,0.29,0.27,82,"GV004,G2955,G9041,G9040,G9031,GV003,G2973,G2977,G8952,GV000,G2974,G9042,G2976,G8954,G8942,G9043,59317,G2959,G8959,G2904,G8947,G8943,GV015,GV009,G8949,G5612,G9032,G8941,G2970,GV005,G2951,G8945,G2978,G8948,G1833,GV002,GV011,G2972,G1379,G8953,G2953,G2975,G8956,59511,G1372,G5634,G8915,G8958,GV014,GV010,G2948,G8944,G5611,G2957,59503,GV001,G8955,GV012,GN042,G2971,GV211,G2952,G5633,G2954,G2944,GV007,GD702,GV006,G9020,G5680,G1893,G1378,G1806,GV008,G2987,G1371,GV204,G8919,G8910,G9012,G1342,G2983"
116.20,23.15,0.29,0.27,116,"G2953,G8949,G8915,G8953,G2970,GV211,GV000,G2944,G2974,G8954,G9020,G2975,G2987,G1379,G8958,GV201,G8910,G2983,GV210,G9032,G1378,GD702,G8952,G2959,G9018,G9031,GV004,G9012,G8945,G2943,G2942,G2949,G2948,G2955,GV214,G8943,G1342,G9015,G9016,G1372,GV010,GV205,G8907,GV218,GV212,GV207,G2977,GV203,GV002,GV003,G8942,G1373,GV015,G9041,G2978,59317,G8903,G2976,G1376,G9040,G8917,G2973,G9019,G8919,GV217,GV204,GV005,G8948,G4146,G2904,G8947,G8941,G8944,G8911,G1347,G8905,G2947,GD701,G8901,G2945,G8959,G2952,G9042,G8916,GV206,G2946,GV215,GV011,GV001,GV202,G1371,GV012,G2982,G8914,G9043,G8956,G2957,G4147,GV216,G1374,59314,G2984,G8913,GD402,GV009,G8955,G2972,GV014,G9011,G2941,G1317,G1377,G2951,GD405,G1341,G5612"
116.20,23.30,0.29,0.27,124,"G2943,GV201,GV207,GV218,G8903,G2942,GV210,G8917,G2987,G9015,G2983,G8910,G2949,G8916,GV203,G2946,GV205,G8911,GV202,G2944,G9020,G9016,GV211,59314,G2947,GV217,GV215,G2941,G9018,G8914,G8913,GV206,GV216,G2984,G1378,G8915,G2982,G9012,G1376,G4146,G2953,G1347,G8900,G8907,GV302,G8953,GV214,GV208,G8905,GV311,G2903,G1373,G9017,G4147,GV307,G2965,G2986,GD405,G1342,GD702,G2970,GV212,G8924,G9019,G8949,G9021,G9022,G2961,G2940,GD402,G2985,G8958,G8928,G1340,G2980,G2975,G2945,G2934,GV315,G1379,G2938,GD404,G4148,GV219,GV209,G8912,GD403,GV000,G2962,G1341,G1345,G2912,G1317,G2906,G8964,G8954,G2948,GV304,G2974,GV103,G8919,G2937,GV301,GD701,G8909,G9032,G1374,G8904,GD409,G8965,G8918,G2922,GV204,GV303,G1346,G8901,GV308,GV010,G8945,G8922,G2936,G2992,G1372,G2913"
116.20,23.45,0.29,0.27,143,"GV208,G8900,G9021,G9022,G2941,59314,G8928,G2985,GV311,G2903,G2965,G8916,G2946,G2986,GV202,GV219,G8913,G8912,G2938,G8964,GV302,G8911,G2984,GV103,G2922,GV315,G8903,G8924,G8917,G2912,G2992,G8965,GV207,GV216,G8914,GV218,GV215,G9017,G2926,GV307,G2962,G2947,G2925,GV206,G2961,G2913,G2927,G2906,GV217,GV308,G9015,GV101,G2943,G2982,GV203,G9002,G4148,G2942,GV105,G2908,G8922,GD405,GV205,G2949,G2909,G2937,G2997,G1345,GV201,G9016,G8967,G2921,G2930,GV210,G2940,G1347,G2928,G2905,G4146,G2983,G8910,GV304,G2924,G2987,G2934,GM752,G4147,G1376,G8905,GD403,GV104,G1663,GD404,G2910,G2907,G1340,GV303,G8961,G9018,G9020,G2936,G8963,G8907,59315,G2911,G2944,GV301,GD402,G2980,G1316,GV102,G8962,G2963,G1378,GD406,G9012,GM759,GV305,GV211,G8966,GV316,G2901,GV214,G1373,G9003,GV209,G8929,G2998,G5044,G2931,G8918,GV106,G8927,G8969,G9001,G9019,G8934,G8909,GV317,G2968,G2991,G2964,G8932"
116.20,23.60,0.29,0.27,114,"G2927,G2992,G2997,G2921,G9002,G2926,G2922,G1663,G8964,G8961,G2925,GM752,G2924,GV103,GV104,G8965,GV219,GM759,G8912,GV105,G5044,G8962,G9022,G9001,G2928,G2913,G8928,G2938,G9021,G2985,G2930,G2912,G5012,G8960,G2905,GV101,G2908,G2993,G5019,G9003,GV208,GV308,GV315,G2909,G2901,G5015,GV102,G8900,G2962,GV311,G5140,59310,G8927,G2965,G2903,G2986,G8922,G2906,G2907,59315,G8929,GV316,G2998,G8967,G2964,G5157,G2941,G8924,GM751,G8963,G2963,G5016,59314,GV106,GV302,G8913,G2937,G5043,G5045,G4148,G2961,G5037,G8916,GV202,G2946,G5139,G1345,G2984,GV307,G9017,G5011,G2911,G2910,G2929,G8932,G8911,G8966,GV304,GV107,GV216,G2931,G8914,G1661,G8917,GV215,G8903,G8921,GD406,G2966,GV303,G2994,G2947,GV206,GD405"
116.20,23.75,0.30,0.27,82,"G5019,G5012,G5140,59310,G5015,G5016,G5044,G8960,G9001,G5045,G5037,GM751,GM759,G5043,G8961,G5157,G2993,G5011,G8962,G1663,G2921,G2997,GM752,GV104,GM761,G2924,G5142,G9002,G2927,G9003,GM758,G5139,G2992,G2926,G2928,G2922,G1662,G2930,G2925,GV105,G5017,G2901,G8927,G1660,G1664,G2905,GV102,G2964,G8964,G5156,G8965,G5125,GV103,G2913,G8929,G1641,GM756,G2998,GV316,G2820,GM760,GV219,G8912,59315,G2908,GV101,G5013,G2907,G1661,G2912,G2938,GV106,G2909,G9022,G8928,G2963,G2985,GV308,GM261,G9021,GU029,G8963"
116.20,23.90,0.30,0.27,50,"G1664,G5142,G5017,G1660,G5037,G5045,GM761,G5011,G5013,G5016,G1662,G5043,GM751,59310,G5140,GM758,GM762,G5156,G5015,G5019,G5157,GM757,G5012,GM261,G5125,G8960,G1666,GM110,G5010,GM754,G9001,G5044,GM764,G2993,GM759,G5018,G1641,G5139,G8961,G1667,G8962,GM756,G5003,G1625,G1663,GM115,GM760,G5143,G5130,G2921"
116.20,24.05,0.30,0.27,55,"GM762,GM754,GM764,G5013,GM110,G1664,GM757,G5010,G1660,G5017,G1608,G1606,GM004,G5018,G1627,GM115,G1625,G1662,GM005,G5142,G1666,GM003,G1605,G5156,GM755,GM761,GM261,G5003,G5143,GM002,G1603,G1607,GM116,G5020,G5037,GM758,G5001,GM883,G1668,G5045,G5011,G1629,GM001,G1692,G5135,G5014,G1601,GM882,G5016,G5043,G5125,59117,G5222,G1695,G5138"
116.20,24.20,0.30,0.27,66,"GM004,GM003,GM005,G1606,G1608,G1607,G1605,G1603,G5001,GM002,GM764,GM754,GM001,G5135,G1627,G1692,G1601,G5222,G1629,GM755,GM006,GM110,59117,G1600,GM883,GM882,G1694,G1695,G1602,G5010,GM762,GM116,GM115,G5002,GM106,GM757,G1699,G5020,G5018,G1604,G5134,GM109,G1625,G5022,G5013,G1623,GM105,G1655,G5014,G1620,G1690,G1664,G5143,G1622,GM107,G1660,G1631,GM108,G5026,G5003,G5021,G5017,G1666,G5005,G1668,G1618"
116.20,24.35,0.30,0.27,73,"GM006,G1699,GM105,G5002,G5134,G5001,G1600,GM106,G5222,GM001,G5135,G1602,G1601,G1607,G1694,G1692,G1603,GM003,GM107,G1629,GM108,59117,G1622,G5005,GM002,G1605,GM005,G5004,G1695,G1620,G5022,GM004,G1690,GM654,G5028,GM882,G1671,G1618,G1606,GM883,G1608,G1619,GM109,G1617,G1628,GM755,G1604,G5023,G1623,G1627,G5213,GM886,G1691,G5031,G1626,GM111,G5036,G1655,G1624,G5030,GM116,GM112,G5021,G5034,GM764,GM656,GM754,G1676,GM119,G1681,GM113,GM655,G5020"
116.20,24.50,0.30,0.27,80,"G5004,GM654,G1671,G1691,GM105,G5036,GM656,G5034,G5028,G5030,G1676,G5005,G5134,GM651,GM655,GM108,GM111,G5031,GM107,G1699,GM652,G1673,G1622,59114,G5002,GM106,G1678,G5032,G5006,GM006,G5137,GM653,G1624,G1600,GM112,GM658,G1620,G5033,G1602,G1690,GM113,G1619,G5213,GM119,G5222,G5023,G1618,G1672,G1617,G1694,G1686,G5209,G5001,G1628,GM001,G5022,G5136,G5135,GM886,G1681,G1601,GM121,G1692,G5121,G1675,GM552,G1607,G1677,GM103,59117,GM114,G1603,G5007,G1629,G1695,G5218,G1626,GM557,GM003,G5207"
116.20,24.65,0.30,0.27,63,"G1673,59114,G1678,GM651,GM652,GM656,G5033,G5137,GM655,G5034,G1672,G5136,G1676,G1691,GM653,G1675,G5030,G5036,G5032,G1677,G5006,G1671,G5121,G5004,GM111,GM658,GM654,G5031,G5207,G5035,G1674,G5220,G5000,GM103,G1688,GM552,GM556,G5028,G1670,G5007,GM657,G5209,GM117,GM114,G5005,G1685,GM105,G1624,GM113,GM112,G5059,G5218,G1686,GM108,GM121,GM107,GM119,G5134,G5211,G5210,GM659,G1622,GM120"
116.20,24.80,0.30,0.27,43,"G5035,G1674,G1675,G5136,G5033,G1672,G1677,GM556,GM657,G1670,G1678,59114,G1673,G5220,G5137,G5207,G1688,GM659,GM653,G5000,G5210,GM652,G5121,GM651,G5059,GM655,GM656,G5032,G5034,G1676,GM117,G5030,GM555,G1691,GM103,G5036,G1687,G5206,GM658,GM552,G5006,G5217,G1685"
116.35,22.85,0.29,0.27,46,"59511,G8947,G9043,G2904,G2971,GV005,G9042,59317,GV007,G8956,G2977,GV006,GV003,G5612,G9041,G9044,G9040,G2978,G8946,G2957,GV004,G2959,G2973,GV002,GV013,GV012,G2955,GV009,G8945,G9032,GV008,G1372,G2950,G5611,59503,G8954,G1833,G2976,G8959,G9031,G2951,G2956,G8951,G8942,GV000,G1379"
116.35,23.00,0.29,0.27,67,"GV005,G2978,G8956,59317,GV002,G2904,G8947,G2959,G2977,G2957,G8945,59511,GV012,G9032,G1372,G2971,GV003,GV007,GV006,G8954,GV004,G1379,GV008,G9043,G9041,G9042,G9040,G8946,GV013,G2956,G1371,G8951,G2950,G2955,GV000,G2970,G9044,G2973,G8949,G9031,G2974,G8957,GD702,GD701,G5612,G8952,G2976,G8915,G1342,G2953,G1377,G8942,GV009,G8959,G8953,G1378,G1374,G2944,G4111,G8943,GV015,G1373,G2951,G1833,GV211,G8941,G1375"
116.35,23.15,0.29,0.27,105,"G1379,GD702,G1372,G1342,G8945,G9032,GD701,G1378,G1371,GV002,G2970,G1373,G8954,G2959,G1374,G2978,G2944,G8915,GV012,G1377,G2957,G8949,G2983,G1376,G2953,G9016,G1317,G8951,GV210,G1346,GV008,GV005,G8956,G4111,G4146,G2956,G1341,GV000,G1347,G2942,59317,GV211,G8953,GD402,G9015,G4147,G2977,GV201,G2904,GV004,G8947,G1375,GV003,G8957,G2974,GV218,G2947,G2950,G2987,GV006,G9020,G2971,GV007,GV215,GV207,GD408,G1340,GD409,G8910,G2943,G8917,59511,GV216,GV013,GD410,GD405,G2955,G9041,G9031,G8952,G1344,G8946,G2984,G9040,GD404,G8903,G1318,G2949,G2975,G9043,G9042,G9017,G8958,G1343,G4141,G8913,G9018,GD403,G2973,GV205,59318,G8916,G9044,GV203,G1348"
116.35,23.30,0.29,0.27,117,"G1376,G4146,G1347,G4147,G1373,G9016,GD402,G2947,GV215,G1378,GD405,G1342,GV216,G9015,G1340,G2942,G1341,G2983,G2984,G1317,G9017,GD404,GV210,GD702,G8917,GV218,GD409,GD403,GV207,G8913,G1346,G2944,G1374,GD408,GD701,GV201,G4148,G8903,G2986,G1345,G8916,G1348,G2943,G2941,G1377,G8915,G2946,59314,G1316,G2987,G1379,GV211,GV202,G1343,G8969,G8910,G2906,GV208,G1371,G2910,GD410,G4111,G8911,G2953,G2949,G2970,G9020,59318,G8900,GD406,G2985,G1375,GV203,G8967,GV205,G2912,G1372,G9000,G8953,G4141,G1318,G9021,G8949,G8945,G9032,G2911,G8912,G8966,G2991,GV219,G2909,G9022,GV217,G2920,GV101,G8914,GV311,G9018,G2908,GV206,G8954,GV103,G2903,GV302,G2913,G9004,GV002,G2965,G2982,G9012,G8928,GD407,G8951,G1344,G1302,GV012,G2959"
116.35,23.45,0.29,0.27,137,"G4148,G1345,G2906,G9017,G2986,G8967,GD403,GD405,G2910,G2912,G2984,G2909,GD404,GV101,GV216,G2908,G8913,G1316,G2985,GV215,GD406,G1340,G2911,G2913,G8912,G2947,GV103,G8966,GV219,G8969,G2907,G4147,G2941,GV208,G1347,G8963,G2925,G2905,GV105,G4146,G2991,G9021,GD402,59315,G9022,G8917,59314,G2922,G2928,G1376,G1348,G8916,GD409,GV106,G8900,GV107,G9015,G9016,GV218,GV102,G2946,G2998,GV207,G9002,G2927,G2992,G9004,G2929,G2942,G2990,G8928,GV202,GD408,G2901,G2920,G8903,G2924,G8964,G1341,G8968,GV104,GU012,G1373,GV311,G2983,G1317,G9000,GV210,G2903,G9003,G2923,G8911,G2965,G2938,GU011,G1378,G1343,G2921,G2926,G2943,G2994,GU007,GV302,G1346,G1342,G2813,GV201,G8962,G8965,G2997,G8961,GU014,GV315,59318,G8914,G2944,G8924,G1374,G2812,GU032,G1382,GV203,G2949,G2805,GU035,G2826,GD702,GV206,GU009,GV205,GV217,G2987,G1302,G8910,GV307,GU029,G2962"
116.35,23.60,0.29,0.27,127,"G2905,G2928,GV102,G2901,GV105,59315,G2907,G2998,G2908,G9003,G2924,G2913,GV104,GV101,G2909,G8963,GV106,G2925,G9002,G8967,G8962,G2912,GV103,G2929,G2927,G2906,GV107,G8961,G2911,G2922,G8912,G2993,GV219,G2921,G2994,G8966,G2910,G2992,G9001,G2923,G8960,G2985,G8968,GU029,GD406,G4148,G1345,G2997,G2991,G2986,G2990,G2820,G8964,G9021,GU007,G1316,G9022,GU005,G2819,G5012,G2926,G1663,G2812,GU001,GU012,GU027,G8969,G5044,G9017,GM759,GM751,GV208,G2827,GD403,G8928,GU006,G9004,G5019,G5043,GU030,GM752,G8965,G8913,G2824,G2813,GU018,G2984,GM756,GD404,GD405,G2938,G2826,G2941,G5016,G8900,G2806,G5140,59310,GV216,G5015,G2920,GU009,GU008,GU011,GU035,G1340,59314,GV215,GU020,G2805,GV311,G2884,G2947,GU032,G2930,GU014,G2810,G5037,G2825,GU002,G1348,G2903,G2965,G8916,G5045,G2882,GV315"
116.35,23.75,0.30,0.27,95,"G2993,GM751,G5043,G8960,G9003,G2820,G8962,GM756,G9001,G2901,G5016,G8961,GV104,GM761,G5012,G2924,GV102,GU027,GU029,G2998,G5037,G2928,G2819,G5019,G5140,59310,G2905,59315,G5045,G1662,GV106,G2921,G2994,G5015,G9002,GV105,GU002,G5044,GU005,GU001,GU006,G2811,G2907,G2929,GM759,G8963,G2927,G1667,G2925,G2923,G2913,G2997,G2908,G2810,G1663,G2827,G5017,GV101,GV107,G2909,G5011,G2922,G2992,GV103,G5157,G2812,G8968,G2880,GU000,G2912,G8967,G2824,GU007,G5142,GU036,G1666,GM752,GU018,G2911,G8912,GU013,GU020,GV219,G1664,G2926,G8966,GU030,G2906,G2806,G2817,G2990,G5138,GU004,G5013,GU022"
116.35,23.90,0.30,0.27,57,"G1662,GM761,G5017,G1666,G1667,G5043,GM756,GM751,G5013,GM757,G5138,G5037,G5016,G1664,G5010,GM762,G5018,G5045,G5143,G2820,G2811,G2993,G1668,G1660,G5142,G8960,GU002,G5140,59310,G5141,GU027,G5011,G5012,G9001,GU000,G5015,G5019,G2880,G2817,G8962,GM764,G2819,G9003,GU029,GU036,GM754,G8961,G2810,G1665,G5014,G5157,G5044,GU006,GU001,GM758,GU004,G2901"
116.35,24.05,0.30,0.27,45,"G5018,G5010,GM757,G1666,G5143,G1668,GM762,G5013,G5014,GM764,G1662,G5138,G5017,GM755,G1606,GM754,G1665,G1667,G1664,GM883,GM887,GM761,GM002,GM004,G5026,GM882,G1660,GM110,GM891,G5141,G1608,GM894,G1655,GM900,G5052,GM003,GM001,G5043,GM005,G5142,GM756,G5037,G1627,GM753,G1657"
116.35,24.20,0.30,0.27,66,"GM755,GM883,GM882,GM002,G1606,G1655,G5014,GM001,G5026,G5018,G5022,G5010,GM004,GM887,G5143,GM764,GM003,G5001,G1668,GM757,GM894,G5002,G1620,GM754,G5052,GM891,G1607,G1665,GM005,GM762,G1608,G1618,G1603,G1628,GM885,G1666,G1605,GM006,G5134,G1622,G5053,G1617,G1619,G5135,G5222,GM886,G5013,G1601,GM900,G1692,G5047,G5023,GM110,G1600,G1627,G5138,G5144,G1629,GM899,G1653,GM105,G1699,G1602,GM106,G1694,59117"
116.35,24.35,0.30,0.27,69,"G5022,G1620,G1618,G1622,G5002,G1628,G1619,G1617,GM882,G5134,GM886,GM001,G5023,G1655,GM883,GM002,G5028,G5047,G1624,G5001,GM755,GM105,GM006,G5053,GM112,GM119,GM885,GM113,G5026,G1699,GM003,G1606,G1651,GM111,G1607,G5222,G1600,GM106,G5004,GM004,GM896,GM894,G5135,G1603,GM121,G1601,G5201,G5014,G1692,G1602,G5052,GM005,GM887,G1694,G5030,G5006,G1605,GM654,G5024,G1629,G5005,GM108,GM107,G5147,GM884,G1671,GM891,59117,G1608"
116.35,24.50,0.30,0.27,69,"G5028,G1624,GM112,GM111,GM113,GM119,G1622,G5023,G1619,G5006,G1617,GM121,G5030,G1618,GM886,G1628,G1620,GM655,G5134,GM114,G5004,G5002,G5007,GM120,G5022,GM105,GM103,G5024,G5047,GM656,GM896,G1673,G1691,GM654,G1671,G5034,GM118,GM651,GM893,G5036,G1651,59114,GM652,G1676,G1678,G5053,G1677,G1699,GM006,GM001,G5050,G5201,G5000,GM117,GM885,GM882,G5005,GM106,G1655,G5136,G5137,GM108,GM107,G5033,GM892,G5001,G5031,G1600,GM002"
116.35,24.65,0.30,0.27,57,"GM103,G5006,G5007,G1677,GM655,G5000,GM114,G5030,GM111,GM117,G1673,GM121,G5136,GM120,G1670,GM113,GM656,GM112,G1624,GM119,59114,G1678,G1675,GM657,G5028,G5033,GM651,GM652,GM118,G5034,G5024,G1691,G5137,G1672,G5004,G5035,G1676,GM659,G5036,GM893,G5023,GM653,G1622,G1619,G1674,G1671,G1617,GM654,GM896,GM886,G5032,G1618,GM892,G1628,G5050,G5046,G5134"
116.50,23.00,0.29,0.27,45,"GV013,G2950,G8946,GV008,GV006,G2956,GV007,G9044,G8951,G2957,G8957,GV012,G2971,G8956,G2978,G1371,59511,GV002,GV005,G1372,G8945,G8947,G2904,59317,G4111,G9032,G1377,G2959,GD701,G1375,G1379,G2977,G1344,G1374,GV003,G8954,GD702,G9043,GD401,G1346,G1342,GV004,G9042,GD410,G9041"
116.50,23.15,0.29,0.27,78,"G4111,G1377,G1371,G1375,GD701,G8951,G1374,G2956,G8957,G1344,GV008,G1346,GD410,G1317,GV012,G2950,G1318,G1372,G2957,G1342,G1341,GD401,GD702,G4141,GD407,G1373,GV002,GV013,G1379,G8945,GD408,G2978,59318,G1332,G1343,GD402,GV006,GD409,G9032,G8956,G8946,G1378,GV007,GD201,G1376,G4147,G2971,GV005,G2959,G4146,G9044,G1347,G1340,G1348,G9016,G1386,G8954,G1385,G2970,G4190,GD404,59317,G2944,59511,G1399,G1305,G9000,G2904,G1302,G8947,G2983,GD405,G1334,G8915,GD403,G2977,GV210,G9015"
116.50,23.30,0.29,0.27,110,"GD408,GD409,G1341,G1346,G1317,G1343,GD410,59318,G1348,G4141,GD402,G1374,G1318,G1340,G1377,G9000,GD404,G1375,G4111,G4147,GD407,GD701,GD403,G1373,GD201,G1302,G1347,G4146,G8969,G1376,G1342,GD405,G1344,G1332,G1386,G1385,G1316,G2920,G4190,G1382,GD401,GD702,G1305,G1345,G1371,G9017,59316,G9016,G9004,G1383,G1378,GD406,G1306,G4148,GV216,GV215,G2947,G2910,G2991,GU011,G2984,GU039,G1323,G9015,G8966,GU014,G2911,G1334,GU012,G8951,GU016,G2942,59512,G2983,G2823,G2906,G2801,G8913,G8957,G8967,G1329,G1307,G1308,G2956,G2990,GU033,GV210,G8917,GU032,G2986,G1326,G1379,G2813,G1399,G1324,GV218,G2944,G1372,G2805,GV008,G1322,GV207,GU035,G1327,G1328,GV012,G1320,G2909,G8968,GV107"
116.50,23.45,0.29,0.27,156,"G8969,G1316,G2920,G9004,G2991,GD406,G1348,G8966,G2910,G9000,GU012,GU011,G2911,G2990,GD403,G1345,GD404,GU014,G2813,GD409,G4148,G1382,G8968,GV107,G1340,G8967,GU032,GD408,G1343,G2805,G1302,G1383,GU035,G8963,G2801,G2906,GU039,GU007,GU009,G2929,GD405,59318,G2826,G2909,GU016,G2907,G2923,G2825,G2823,GD402,GV106,G9017,GU015,59315,G1341,G4147,GU033,G2908,GV101,GU008,G2812,59316,GU030,G2994,G1385,G2998,G1323,G1317,G4141,G1386,G1324,G2912,G4190,G1347,G2821,G2905,G2808,G4146,GD410,G1346,GV216,G2986,GV102,G1306,G2913,G1308,G2806,G2984,GU018,GV215,G1318,G1355,G2824,GD201,G2947,G1376,GD510,G2901,G1305,GV105,GU017,G2884,G2928,G8913,59319,G2827,GV103,G1373,GD407,GU005,GD505,G8912,G2925,G1374,G1321,G1358,GU029,GU038,G2985,G1322,G1329,G1332,G1307,GD509,GV219,G2829,G9016,G1351,GD511,GU001,GU020,G1359,G2882,G9003,59512,GD504,G1320,G9015,G1375,G1342,GU006,G2819,G1377,G2924,G8917,G1326,G2941,G2887,GU019,GD508,G2828,GV104,GV208,G2922,G4111,G9002"
116.50,23.60,0.29,0.27,140,"G2923,G2929,G8968,G2994,GV107,GU007,G2812,G2990,GV106,GU030,GU005,G8963,GU029,G2998,GU012,G2827,GU018,G2824,G2826,59315,G8966,G2813,G2806,GU001,G2911,GU008,G2991,G2907,GU009,GV102,G2819,GU006,GU035,G2901,G2884,GD406,G9004,G2825,GU020,G2805,GU032,G2910,GU011,G8967,GU027,G2882,G2821,G2909,G2905,GU014,G2820,G2829,G9003,G2908,GU015,G2887,G2920,G1316,G8969,GU022,GV101,G2928,GU038,G2807,G2810,G2808,G2801,GU017,G2906,GV105,G1345,GU019,GU021,G2913,G4148,GU013,GV104,GU023,G2924,59312,GU002,G2912,GD505,GD510,GU016,GU039,G2823,G2828,G2925,GD509,G1355,G8962,G1351,GD403,GM756,G9000,GU033,G1382,G1383,G1348,G2993,GV103,G9002,GU010,G2816,GD504,G2811,GU025,GD404,59319,GU036,GU026,G1324,G8912,GD511,G8961,G2927,G2822,GV219,GU037,G2922,G1302,G8960,G9017,G2880,G2986,G2885,GU004,G1340,G9001,G2985,G1323,GD405,GU024,G2921,G1308,GD409,GU000,GD503,G2818"
116.50,23.75,0.30,0.27,109,"GU027,G2819,G2820,GU002,GU006,GU001,GU029,G2810,GU005,GM756,G2811,G2827,GU013,GU036,G2994,G2880,GU020,GU000,G2824,GU022,GU018,GU004,G2812,G2923,G2882,G2807,G2806,G2887,GU021,G2816,G2818,GU030,G2929,G2817,G2884,G2998,G2901,GU007,G9003,GU023,GV106,G1667,GV102,G2829,G8968,GU003,GV107,59315,GU008,G2993,G2826,GU019,59312,G8963,G2802,GU028,G2907,GM751,G8962,G5043,G2990,G5141,GU009,GU038,G2821,G2905,G2928,GV104,GU025,G8960,G2886,GU024,GM761,G2813,G2825,G2924,GU035,GU012,G9001,G1662,G5138,G8966,G2911,G2828,G2815,GU017,GV105,G2885,G2805,G2814,G8961,G2909,G2908,GU026,G2991,GU032,GU061,G5016,GU015,G2808,GV101,G8967,G2913,GU034,GD505,G1666,GU010,G9002,GD406"
116.50,23.90,0.30,0.27,65,"G1667,G5141,G2811,G5138,GU000,G2817,G2880,GM756,GU002,GU036,G2814,GU004,G1666,G2818,G2802,G2815,G2810,GU027,G2820,G1662,G1668,G5143,GU034,GU031,GU003,GU013,GM753,G2819,GM763,GM761,GU006,G1665,GU028,G2886,GU001,G2816,GU029,G5018,GU005,G5043,G1657,G5017,GM757,GM751,G5010,G2827,GU022,GM900,G5014,G2807,GU021,GU020,GU074,GU023,G2887,GU061,G5013,GM887,G2993,G2882,GM891,G2850,G2994,G2824,G5016"
116.50,24.05,0.30,0.27,57,"G1668,G1665,G5138,G5143,G5014,GM887,GM900,G5141,GM891,G1666,GM753,G5018,G1657,G1667,G2814,G5052,GM894,GM763,G5026,G5010,GM899,GM757,G2817,GU031,G2815,G1653,G5144,GM755,GU034,GU000,G1662,GM898,GM883,G2802,G1655,G2880,G2811,G1652,G2838,G5205,G5155,GM762,GM882,G5017,G5013,G1606,GM756,GU067,G2818,GU036,GU004,GU002,G5048,GU055,GM764,GM761,GM002"
116.50,24.20,0.30,0.27,57,"G5026,GM894,GM887,G5052,GM891,G5014,G1655,G1665,G5144,GM900,G1653,GM899,GM885,GM883,G1668,GM755,GM882,G5053,G5143,G1657,G5022,G5147,G5048,G5018,GM002,GM898,G5047,G1651,GM753,G1628,G5138,G5010,G1620,G1697,G1618,G1652,G1606,G5145,GM886,G5201,GM001,G1617,G5205,G5155,GM884,G1666,G1619,GM881,GM757,59116,G5023,GM763,G5141,GU067,G1622,G5054,G5002"
116.50,24.35,0.30,0.27,64,"G5053,GM885,G5047,G1651,G1628,GM886,G1655,G5201,G1617,G1618,G1619,G5023,G5022,G5147,G1620,GM884,GM896,G5026,GM894,G5052,G1697,GM882,G1622,GM119,GM881,GM883,G1624,GM112,G5144,G5049,GM113,GM887,59116,G1653,GM891,G5024,G5050,G5048,GM121,G5002,GM899,GM755,G5014,G5028,GM002,GM001,G5134,GM893,G1654,GM900,G5054,GM120,G1665,GM892,GM111,G5146,GM889,G5145,GM118,G1658,GM114,GM897,GM888,GM898"
116.50,24.50,0.30,0.27,52,"GM896,G5024,GM119,GM121,GM113,GM112,G1624,GM893,GM120,G5050,G5023,G5047,GM886,G1651,GM118,G1617,G5201,GM114,G1619,G1628,GM892,G1618,G5049,G5007,GM884,G5053,GM111,G1654,G5006,G1620,G5028,G1622,G5046,GM885,GM103,G5022,G5147,GM881,G1697,G5030,G5200,G1658,GM117,G1655,GM655,59116,G5134,G5002,GM897,G5000,GM890,G5146"
116.50,24.65,0.30,0.27,42,"GM120,G5007,GM118,GM114,GM103,GM893,GM117,GM121,G5024,GM892,G5046,G5000,GM113,G5006,G5050,GM119,GM112,G1624,GM896,GM111,G1677,G1670,G1654,GM657,G5030,GM655,G5049,G5023,GM659,G5028,GM886,G1619,G1617,G5201,G5047,G1651,G5136,G1656,G1673,G1628,G5200,G1618"
116.65,23.15,0.29,0.27,54,"G1344,GD401,G1375,GD407,G1332,G4111,G1318,G8957,G1399,GD410,GD201,G4141,G1334,G1377,G8951,G2956,59513,G2950,59318,G1305,G1386,G1371,G1374,GV008,G1385,G4190,G1346,GD701,G1343,59512,GV013,G1317,G1306,G1326,G1327,G1328,GD408,G1302,G1341,G8946,GV012,59316,G1329,G1307,G2957,GD409,G9044,GV006,G9000,GV007,G1372,G1320,G1348,G1382"
116.65,23.30,0.29,0.27,99,"GD201,G1386,G1385,G1332,G4190,G1305,GD407,G4141,G1318,59318,G1306,G1302,G1334,59316,GD410,GD401,59512,G1343,G1326,G1329,G1307,G1382,G1344,G1399,G9000,G1323,G1383,G1328,G1327,G1375,G1322,G1308,GD408,G1320,59513,GU039,G1348,G4111,G1346,GD409,G1324,G1325,GU016,G2823,GU033,G2920,G1321,G4101,G4102,G1358,G1317,G1341,G1377,G2801,G1374,GU011,GU014,G9004,G1311,G1310,G1359,G8969,G1319,GD508,GU032,GD402,G1309,59319,GD701,G1340,GD507,G1355,G2805,GD404,G1316,GU015,GD512,GD403,G1352,GU012,G2813,GU035,G2991,GD510,G4158,G4157,G8957,GD511,G1357,G1371,G2825,G2808,GD406,G4147,GU009,G1373,G2990,G8951,GD513"
116.65,23.45,0.29,0.27,155,"GU039,G1383,GU016,G2823,GU033,G1382,G2801,G1324,G1323,GU014,G1308,59316,GU011,G1302,GU032,GU015,G2805,G2920,G1355,G9000,G1321,G1306,G1358,59319,GU035,G1322,G9004,G2825,G2813,GD510,G2808,G1385,G4190,G1359,GU009,G1386,G1329,G1307,GU012,GD511,G1320,GD508,G1305,G2826,G2821,GU017,GD505,GD509,G1352,G1351,59512,GU008,G1326,G2990,59318,G1343,GD507,G1348,G4101,G4102,GD504,G1357,G2991,G8969,G1325,GD201,GD513,GU038,G1328,G1327,GU007,G1311,G1319,GU030,G8968,G4141,GU010,G1316,GD512,GD406,G2828,G1310,GD503,G2806,G2812,G2884,G1334,G1354,G8966,G1332,G4158,G4157,GD408,G1309,GD501,GU037,G1356,GU018,GD502,G2829,GD407,GD409,G1318,GV107,G2824,GU019,G2911,G2923,GD410,G2910,G1331,G2822,G2882,GU026,GD403,G2929,59312,GD404,GU020,G2887,G2827,G4155,G4154,G1345,G2994,G1340,GU025,G1399,GD401,G1341,G8963,G2807,GU022,GD506,G8967,GV106,GU021,G1353,G1346,G4163,G4148,G1317,59513,GU005,GU023,G2885,GD402,G4152,G4153,GU052,G2907,GU001,G1344,59315,GD601"
116.65,23.60,0.29,0.27,154,"G2821,GU038,GU008,GU017,G2884,G2829,G2825,G2806,G2808,GU009,G2826,GU030,GU019,GU015,GD505,GU018,GU035,G2828,G2882,G2824,GD509,G1351,G2887,G2805,GD510,GU020,59312,GU010,GU032,G2812,GD504,G2813,G2807,G1355,GU022,GU007,GU021,GU026,GU025,G2827,G2801,GU023,GU037,G2822,GD511,GU014,59319,GU012,GD503,GU011,GU016,G2823,G8968,G2885,G2990,G2923,GU033,GU005,GU001,GU039,GU006,GD502,G1324,GD513,G2994,G1331,GD501,G9004,GU013,GU024,G1359,G2816,GU052,G1352,G1356,GV107,G1357,G2819,G2810,G2929,G1383,GU029,G2920,GD508,G1358,G1321,G2991,G1354,G1308,G1382,G1323,GU027,GD507,GD506,G8966,G1353,GV106,G2911,GD406,59316,G1322,GU036,G2858,G9000,G8963,G8969,GU002,GU004,G1302,G2998,GU003,G2820,G2832,59315,G4155,G4154,GU028,G2818,GD512,G1316,G4158,G4157,G2910,GU062,G1320,G2907,GU061,G1319,G1306,G2854,G1311,G4153,G4152,G2811,G4101,G4102,G1329,G1307,G2880,GV102,G2901,G1325,G2886,G1348,G1310,G8967,G2843,G1385,G1309,G4190,GU000,G2845,GU072,G1386"
116.65,23.75,0.30,0.27,115,"G2816,GU013,GU021,GU023,G2807,GU022,G2810,G2887,GU004,GU036,GU003,G2818,GU020,G2882,GU024,59312,GU028,GU025,G2829,GU019,GU006,G2880,GU002,G2827,G2884,G2885,G2886,GU001,GU000,G2824,GU018,G2811,GU061,G2806,GU005,G2819,GU026,G2802,GU027,GU038,G2854,G2817,G2828,GU030,G2822,G2812,GU008,GU029,G2821,GU010,GU052,G2858,GU017,GU037,G2820,G2826,GD505,G2815,GU007,G2994,G1351,GU064,GD509,GD504,GU009,G2825,GU074,G2923,GM756,G2808,GU034,G2889,G2814,GU035,GD503,G2832,GD510,GU015,G5141,G2843,G1331,GU031,GD502,G8968,G2813,GU073,G2805,G2850,G2929,G2837,GU032,GD511,G1355,GU062,GD501,G1667,G2990,GV107,G2831,GD506,GU012,G1356,59319,G2857,GU058,GU072,G1353,GD513,GV106,G2801,GU014,GM763,G2998,GU059,G2841"
116.65,23.90,0.30,0.27,81,"G2802,G2815,G2817,G2814,GU034,G2818,GU031,GU000,GU004,GU003,G2886,G2880,GU028,G5141,GU036,GM763,GU074,G2811,G2850,GM753,GU061,G2816,GU073,GU002,GU013,G2889,GU055,G2810,G2854,G2838,G1667,G5138,G2804,GU064,G2857,G1657,GU024,GU023,GU021,GU022,G2807,G2837,GM756,GU027,GU006,G2849,G2887,G2831,G2819,GU020,G1665,GU067,GU001,GM900,G2885,G2882,GU025,59312,G2858,G2851,G2820,G1668,G2855,G2827,GU005,GU019,G2829,G1652,G2848,G5155,G5205,G1666,GM898,GU029,G2824,G5143,G2884,G2830,GU026,G2843,GU018"
116.65,24.05,0.30,0.27,65,"GM753,G1657,GM763,GU031,G2814,GM900,G2838,GU034,G2815,GM898,G5141,G1652,GU067,G1665,GM899,G5205,G5155,GU055,GM891,G2855,G1653,G5144,GU063,G2850,G2802,G5138,G2804,GM887,G2817,G5052,GU074,G1668,G5145,G2851,GU073,GM894,G5048,GU000,G5014,G5143,G5057,G2886,G2833,G2889,G2818,G2880,G1667,G5026,G2857,G2871,GU003,GU004,GU028,GU036,G2830,G5027,GU053,G2811,G1666,G5051,G2849,GU061,GM888,GU054,G5018"
116.65,24.20,0.30,0.27,63,"G1653,G5144,GM899,G5048,GM898,G5145,G5052,GM900,G1652,GM891,G5205,G5155,GM894,G1657,G5147,GM887,GM888,GU067,G5057,G5054,G5051,G1697,G5026,GU063,G1665,59116,GM753,GM885,G2855,GM881,G5053,G2838,G5055,GM763,G5014,G1655,GM884,G5027,G5152,GM889,G1651,G5201,G1668,G2833,G5146,G2871,GU031,G1650,G5047,G2851,GU055,G2814,G5143,GU053,GU034,G5141,G2852,G5138,G2815,GM883,G2804,GM897,GU054"
116.65,24.35,0.30,0.27,62,"G1697,G5147,GM881,GM884,59116,G5201,G1651,GM885,G5053,G5048,G5054,G5049,G5146,GM889,GM888,G5144,G5047,GM897,G1653,G5145,GM896,G1658,G5152,G5051,G1654,G5052,GM899,GM894,GM890,G5056,G5200,G5050,GM898,G5055,G5026,G1655,GM886,GM891,G5057,G1628,G1652,GM895,G5024,G5205,G5155,G1617,GM887,GM892,G5023,GM900,GM893,G1618,G1619,G1650,G5022,GM119,GU063,G1620,G5027,G1657,G5046,GU067"
116.65,24.50,0.30,0.27,46,"G5049,G1654,G5050,GM892,G5200,G1658,GM884,GM896,GM893,G5201,G5046,G5024,GM890,G1651,GM897,GM881,GM118,G5146,G1697,59116,G5147,G5047,GM889,GM120,G5056,GM121,G1656,G5053,GM885,GM119,GM113,GM114,GM886,GM112,G5054,G5023,G1624,G5152,G1628,G1617,G5007,G1619,GM888,G1618,G5048,GM895"
116.80,23.15,0.29,0.27,33,"59513,G1399,G1334,GD401,G1332,G1344,G1328,G1327,GD407,59512,GD201,G1326,G1305,G1318,G1386,G4190,G1307,G1329,G1385,G1375,G1306,G4141,G1325,G1320,GD410,G8957,G4102,G4101,G4111,G1322,59316,59318,G1310"
116.80,23.30,0.29,0.27,77,"G1327,G1328,G1334,G1326,59512,59513,G1399,G1307,G1329,G1325,G1320,G1305,G4101,G4102,G1322,G1306,G1310,G4190,G1311,G1386,G1309,G1385,G1319,G1332,GD201,59316,G1323,G1308,G1321,GD512,G1358,GD407,GD401,G4158,G4157,GD507,GD508,G1302,G1324,G1359,G4163,GD601,G1383,G4141,G1318,GU033,G1382,G1352,G1361,GU039,G2823,59318,GU016,G1357,G1344,59311,G4161,G4162,59319,GD410,GD513,G1343,G9000,G1355,G2801,G1354,G1365,GD511,G4155,G4154,59324,G1375,GD510,G2867,G1356,GU014,G2834"
116.80,23.45,0.29,0.27,131,"GD507,GD508,G1319,G1311,G1358,G1321,GD512,G1359,G4101,G4102,G1352,G1310,G4158,G4157,G1309,G1357,G1325,G1322,G1320,G1308,GD513,G1324,59319,G1354,G1307,G1329,GD511,G1323,GU033,G1355,G1326,G1356,G1328,G1327,G4155,G4154,G4163,GD501,G2823,59512,GU016,GD510,59316,G1306,GU039,GD503,GD601,GD502,GD504,GD509,G1351,G1361,G1383,G4152,G4153,GD505,G2801,G1331,G2867,G2808,G1305,G2834,GD506,GU015,G1353,GU037,GU010,G4190,G4161,G4162,G1382,GU017,G1385,G1386,G1334,G1302,59311,GU014,G2828,GU032,G2822,G2805,GU057,G2825,G2821,G2844,G2860,GU035,GU038,GU011,GU026,GU009,GD201,59324,59513,G1365,G2845,GU052,G2813,G9000,GU008,G1399,G2826,GU019,GU056,G2920,G2869,G2868,G1332,GU025,G2829,59312,G9004,G2885,GU062,GU012,G2884,59318,GD604,GD407,GU030,G4141,G2806,G2832,GD602,G1343,G2882,G2873,GU072,G2887,GU018"
116.80,23.60,0.29,0.27,152,"G1331,GD502,GD503,GU037,GD501,G2822,G1356,GU010,GD504,GD506,GU052,GU026,GD513,G1353,G1351,G1354,GD509,G2828,GD511,GD505,G1357,G2885,G1352,GU025,GD510,GU017,59319,GU038,G1355,G4155,G4154,G4153,G4152,GU019,59312,GU062,G2808,G2832,G1359,GD508,G2845,GD507,G2821,G2858,G2829,GU024,GU072,G2867,G4157,G4158,GU057,G2834,GU015,G1358,GD512,GU023,G1321,G2869,G2868,G2887,GU021,G2843,G2825,G1324,G2884,G2807,G2841,GU058,G2882,GU033,G1319,GU008,G2801,GU022,G2823,G1311,GU016,GU059,G2842,GU009,GU035,G2806,G2805,G1308,G1309,GU020,GU032,G2870,G2826,G1310,G2860,G2844,G4163,GU039,GU030,G2816,G4101,G4102,GU018,G1322,G2824,GU056,G2859,G2854,G1323,G2873,59313,GU014,GD601,G1320,G2813,G1325,G1361,GU061,G1383,GU013,G2812,G4161,G4162,G2827,GU011,G1307,G1329,GU007,GU064,GU060,59316,GU028,G1382,GU065,G2840,GU012,GU003,59311,GU068,G1326,G1306,G2810,GU006,G2886,GU001,GU005,G2861,G2990,G1328,G1327,G2837,G9004,G2847,G2835,59512,G8968"
116.80,23.75,0.30,0.27,125,"G2858,G2854,GU024,GU061,G2885,G2843,GU052,G2832,GU064,GU025,GU026,GU062,GU058,GU028,G2816,G2822,GU023,59312,GU072,G2886,G2837,GU003,GU059,G2841,GU021,G2831,G2859,G2840,GU037,GU019,G2889,G2807,G2828,GU010,G1331,GU022,G2887,GU013,GD506,GU074,G2818,GD502,G1353,GD503,G2829,GU004,GU038,GU073,G2882,G2857,GU065,G2845,GD504,GD501,G2842,G2802,G2870,G1351,G2849,GU020,GU036,GD509,G1356,59313,G2850,GD505,G2848,G2884,GU017,GU051,G2853,G2810,G2847,G2868,G2869,G2880,G2821,G1354,G2806,GD513,GD511,GU034,G4153,G4152,GU068,G2815,GD510,G2824,GU000,GU018,G2808,GU071,G2817,GU057,G2804,G2827,GU008,G4155,G4154,GU006,GU070,G1357,GU030,G1355,GU031,GU055,G2873,59319,GU002,GU001,G1352,GU060,G2825,G2811,GU015,G2834,G2814,G2867,GU069,G2826,GU005,GU009,G2812,G2819,G1359"
116.80,23.90,0.30,0.27,79,"G2889,GU073,GU074,G2850,G2857,GU064,G2837,G2849,G2804,G2886,GU061,G2831,GU055,G2854,GU034,GU028,G2848,GU031,G2802,G2815,GU003,GU070,G2838,GU071,GU069,G2818,G2830,G2851,G2840,G2814,GM763,G2858,GU004,GU024,G2843,G2816,G2817,G2853,GM753,GU036,GU051,G2855,G2859,GU000,G2880,GU067,GU058,G2833,G2832,G2885,GU065,G5141,GU013,GU059,GU023,G2871,GU025,G2841,G1657,GU052,GU072,GU021,GU063,GU062,G2847,GU053,G2807,G5205,G5155,59312,GU054,GU022,G1652,G2810,G2811,GU026,GU002,G2887,G2822"
116.80,24.05,0.30,0.27,61,"G2838,G2851,G2855,GU067,GU055,G2804,GU063,G2833,G2871,G5155,G5205,G2830,G2850,G1652,GM763,GU053,GU073,GU031,GU054,GM898,G2857,GU074,GU034,GM753,G5027,G1657,G5057,G2849,G2889,GU069,G2815,GU070,G2814,G5145,G2848,G2852,GU071,GM899,GM900,G2837,G2802,G2831,G5051,G1653,G2886,G5048,G5055,GU064,G5144,GM888,G5141,G1650,GU061,GU028,G2854,GU003,G2817,GM891,G5054,G1665,G2818"
116.80,24.20,0.30,0.27,49,"G5057,G5145,G5051,GU063,G5027,G5155,G5205,G5055,GM888,G1652,GM898,G2855,GU067,G5048,G5054,G1650,G2871,G2833,G2852,GU053,G5152,GU054,G1653,GM899,G2851,G5144,G2838,59116,GM895,GM889,G1657,G1697,GM881,G5147,G5146,GM900,G2830,GU055,GM753,G2804,G5056,GM763,G5052,GM891,GM897,GM894,GM884,GU031,G2850"
116.80,24.35,0.30,0.27,47,"G5152,GM889,G5054,G5146,GM888,G5056,59116,GM895,G5051,GM897,G5055,GM881,G1697,G1650,GM890,G1658,G5145,G5048,G5147,G5057,GM884,G5200,G5049,G5027,G2852,G1654,G5201,GM898,G5155,G5205,G1653,G1652,G5144,GU063,G1651,GM899,GM885,G5053,GU067,G2855,G2871,GU053,G5050,G2833,GU054,GM896,G5052"
116.80,24.50,0.30,0.27,31,"GM890,G5200,G1658,GM897,G5056,G5146,G1654,GM889,G5049,G1656,GM881,GM895,G5152,59116,G5050,GM892,GM884,G5046,G1697,G5054,G5201,GM893,GM888,G5147,GM896,G1651,G5051,G5055,G5024,G1650,GM118"
116.95,23.30,0.29,0.27,67,"59311,G1365,GD601,G4161,G4162,G1361,59513,59324,G4163,G1309,G1310,G1327,G1328,G1325,G1311,G4101,G4102,G1319,G1326,GD512,GD604,G1363,G4157,G4158,G1320,GD602,G1399,59512,G1334,G1307,G1329,G1367,59325,G4191,G1322,GD507,G1313,G1312,G1314,G1315,G2867,G2844,G2860,G1364,GD508,G1321,G2834,G4154,G4155,G1358,G1305,GD603,G1306,G1352,G1359,G1308,G1357,G4152,G4153,G1323,G1354,G4190,59316,G1386,GU057,G1385,GU056"
116.95,23.45,0.29,0.27,110,"G1361,GD601,G4163,G4162,G4161,59311,59324,G2867,G1365,G2834,G2844,G2860,G4158,G4157,G1309,G4155,G4154,GD512,G1310,G1319,G1311,G4152,G4153,GD604,GU057,GD602,GD507,GU056,G4191,G1354,G4101,G4102,G1325,G1357,G1364,G1363,G1352,GD508,GD603,G1314,G1315,G1356,GD513,G1353,G2861,G2868,G2869,GD506,G1313,G1312,G1359,G1320,GD501,G2845,59325,G1367,G1358,G1321,G2835,G2873,G1322,GD502,G1327,G1328,G1331,GD503,G2846,G1326,G1307,GD511,G1329,59319,G2875,G1308,59512,GU066,G1324,G2842,GD504,G1355,GU037,GU060,G2870,G1323,GU062,G2803,GD509,G1351,GD510,GU072,GU033,GU010,GD505,59313,G2822,59513,G1306,G2836,G2872,GU052,G1334,G2841,G2832,59316,G2823,GU016,G1305,G2808,G2828,GU039"
116.95,23.60,0.29,0.27,116,"G2868,G2869,G2845,GU057,G4153,G4152,G2834,G1353,G2873,GU056,G2867,GD506,G2842,G2860,G2844,G2870,G4155,G4154,GU062,GU072,59313,G2841,GU060,G2832,G1356,G1331,G1354,GU059,GU058,GD501,G2861,G2835,GD502,GU052,GU066,GD503,GU068,G2859,G2843,GD513,G4163,G1361,G2846,G1357,G4158,G4157,GD601,G4162,G4161,GU037,G2858,G2822,G1352,G2803,G2875,GD512,GU065,GD507,G2847,59311,G2836,G2872,59324,G1364,GU010,GU026,GD504,GD508,GD511,GD603,GD604,G2885,GD602,G1365,G4191,G1309,G1319,G1311,G1359,G1351,GD509,G2840,G1310,G2828,G1314,G1315,GU025,59319,GD505,GU051,GD510,G1358,GU024,G1355,G1321,G4101,G4102,G1312,G1313,GU017,59312,G1363,GU038,GU019,G2853,G2854,G1325,G2808,GU064,59325,G1367,G2831,G1320,G1324,G1322,G2837"
116.95,23.75,0.30,0.27,85,"G2859,GU059,GU058,GU065,G2841,G2843,G2840,GU072,G2847,59313,G2870,G2842,G2832,GU051,GU062,GU068,G2853,G2858,G2831,G2845,G2837,GU060,GU064,G2868,G2869,G2873,G2854,GU052,G2848,G1353,GD506,GU071,GU061,G2849,GU057,G2885,GU024,G2889,G2857,G1331,GU056,GU070,GU066,G4152,G4153,G2822,GU026,GD502,GU025,G2835,G2834,GU037,GU073,GU069,GD501,G1356,GD503,G2803,G2861,G2867,GU074,G4155,G4154,G2836,G2872,G2860,G2844,G2886,G2846,GU028,GU010,G1354,59312,G2850,G2828,G2875,G2816,GU023,GD504,GU003,GD513,GU019,G2804,GU021,G1351"
116.95,23.90,0.30,0.27,54,"G2848,GU071,GU070,G2849,GU069,G2831,G2853,G2837,GU051,G2840,G2857,GU064,G2830,G2889,GU065,GU073,G2804,G2847,G2859,G2850,GU074,G2843,G2854,G2851,GU059,GU058,GU055,GU061,G2841,G2858,GU068,GU072,59313,G2833,G2832,G2886,G2871,GU054,G2870,GU053,G2838,G2842,GU062,GU028,GU034,G2855,GU031,GU024,GU003,GU060,G2815,GU067,G2802,GU052"
116.95,24.05,0.30,0.27,42,"G2830,GU054,GU053,GU069,G2871,G2833,G2851,GU070,GU071,G2804,G2849,G2855,G2848,G5027,G2852,GU063,G2857,GU055,GU067,G2838,GU073,G2850,G5057,G2889,G2831,G2837,G5155,G5205,G2853,GU074,G1652,G1650,G5055,GU051,GU064,G2840,GM898,G5145,G5051,GU031,GU034,GM763"
116.95,24.20,0.30,0.27,34,"G2852,G5027,G1650,GU054,GU053,G2871,G5055,G2833,G5057,G5051,GU063,GM895,G2855,GM888,G5152,G2851,G2830,G5145,GU067,G5155,G5205,G5054,G1652,GM898,GU069,GM889,G2838,G5048,G5056,G2804,GU070,G5146,GU055,59116"
117.10,23.45,0.29,0.27,57,"G4191,GD602,G1314,G1315,GD604,G1364,G1313,G1312,GD603,G1363,59325,G1367,59324,G1365,59311,G4162,G4161,G2861,G2844,G2860,G2875,G2846,G2835,G1361,GU056,GD601,G4163,G2834,GU066,G2803,G2867,G2836,G2872,GU057,G2873,G4152,G4153,G2869,G2868,G4154,G4155,GU060,G4158,G4157,G1309,G2845,GD512,G1310,G1319,G1311,G2842,G2870,G1353,G1354,59313,GD506,GD507"
117.10,23.60,0.29,0.27,69,"GU066,G2835,G2846,G2803,G2861,G2875,G2836,G2872,G2873,GU060,GU056,G2868,G2869,G1364,GD603,G2844,G2860,G2870,59313,G2842,GU057,GU068,G1314,G1315,G4191,G2845,G2834,GD602,GD604,G2867,G1313,G1312,G4152,G4153,G2841,G2847,59324,GU072,GU059,G1363,59325,G1367,G4162,G4161,G1365,GU065,G4154,G4155,G2859,GU062,59311,GU058,G1361,G1353,GD506,GD601,G4163,G2832,GU051,G2843,G1354,G1356,G2840,G1331,G2853,G4158,G4157,GD501,GD502"
117.10,23.75,0.30,0.27,51,"GU068,G2847,GU060,GU065,59313,GU051,G2870,G2853,G2842,GU066,G2859,G2836,G2872,G2803,GU059,G2873,G2841,G2840,GU058,G2835,GU072,G2869,G2868,G2846,G2875,G2861,G2843,G2845,GU062,GU056,G2832,GU071,G2848,G2831,GU057,G2837,G2858,GU070,G2844,G2860,GU064,G2849,GU069,G1353,G2834,G4152,G4153,GD506,GD603,G1364,G2867"
117.25,23.60,0.29,0.27,34,"G2836,G2872,G2803,G2875,G2846,GU066,G2835,G2861,GD603,G1364,G1315,G1314,GU060,G1313,G1312,G4191,G2873,GU056,G1367,59325,GD602,GU068,GD604,G1363,59313,G2844,G2860,G2870,G2868,G2869,G2842,G2847,59324,GU057"
