lon,lat,radius_lon,radius_lat,count,neighbors
109.45,20.92,0.87,0.81,107,"GG210,GG312,G2477,GG205,G7414,GG213,G2487,G7431,GG317,G7537,G7536,GG209,G2484,GG310,G7434,GG211,G7535,G7534,G2471,GG203,G2472,GG309,G7413,G7418,GG212,GG207,GG214,G2475,G7439,GG318,G2402,G7474,G2480,GG215,G2416,GG208,G7510,G2485,GG201,G7412,G7416,GG217,59750,G7475,G7419,GG315,G7433,G7417,G2405,G2481,G7432,G7415,G2470,G7566,G7565,G7473,G2474,G2486,G7524,G2489,G7436,GG316,GG301,GG106,GG304,G2426,G7525,GG308,G7461,GG314,GG313,G7567,GG202,G7445,GG305,G2482,G7468,GG204,GG216,G7410,GG302,G7531,GG405,G7430,G2468,GG415,G7542,G2400,GG412,GG306,G2476,G7470,GG206,G2462,GG218,GG012,G2473,G7472,G7471,G7440,G7513,G7411,GG011,GG307,G7460,G2442,G2404"
109.45,21.38,0.87,0.81,115,"GG318,G2472,G7537,G7536,G7566,G7565,G7567,GG310,G7535,G7534,G2468,G2471,G7431,G7461,GG405,GG412,G2474,G7470,G2477,GG315,G7439,GG312,GG309,GG415,G2475,G7433,G7468,GG413,GG210,GG317,G7434,G2466,GG212,GG316,G7471,G7432,G7414,GG411,GG308,G2462,GG301,GG306,GG404,G7460,G7472,GG305,G7465,G2480,GG213,GG214,G7436,GG304,GG403,GG211,G2467,GG410,G2470,GG314,GG307,G2473,GG205,G2402,G2484,G7473,G2464,G2405,GG215,G7418,G2476,G7531,G2487,GG313,G2404,G7463,GG402,G2400,GG421,GG406,G7467,59750,G7510,GG407,GG409,GG302,G7415,GG001,59650,G7466,G2479,G7435,G7438,G2426,G7430,G7419,GG203,GG011,GG012,G2481,GG209,G7474,GG217,G7532,G7416,GG408,GG007,G2425,G7563,GG416,G2478,G2465,GG207,GG311,GG417,G7524,GG418"
109.90,20.46,0.87,0.81,122,"G7417,G2485,GG106,GG201,GG208,G7445,G7542,GG204,G7475,G7413,G7410,G2486,G2442,59759,GG111,GG105,G7440,G7447,GG206,GG209,GG207,GG103,G2441,G7548,G2489,GG203,G2416,G7441,GG218,G7448,G7443,G7570,G7571,GG108,GG104,G2487,59754,G7412,G7543,GG110,G2449,G2440,G2482,G7544,GG101,GG205,G2488,G7474,G2484,G2444,G7416,GG216,GG107,GG102,GG202,G7442,G7540,GG213,G7418,GG217,GG109,G7525,G7516,G7517,GG211,G2446,G7510,G2448,G7419,G2481,G7444,G7411,G7524,G7414,GG219,G7513,G2443,59750,G2483,GG215,G7541,59755,GG210,G7446,G7415,G2402,GG214,G2445,G2447,GG312,G2477,GG317,G7434,G2405,G2480,G2426,G7422,GG212,G7431,G7473,G2470,GG309,G7430,GG302,GG310,G7537,G7536,GG313,G2475,G2471,G7439,G7534,G7535,GG012,G7436,GG010,59658,G7531,G2422,G2401,59751,GG304"
109.90,20.92,0.87,0.81,223,"GG211,G7418,G2484,GG213,G7414,GG215,G7510,GG214,G2402,G7474,GG317,G7434,GG217,59750,G7416,GG203,G7419,GG205,G2481,G2480,G7412,GG207,G2416,G2477,G2487,GG212,GG210,G7415,GG312,G2405,G7524,G7431,GG309,GG209,G7525,G7413,G7473,G2470,G2426,G2475,GG310,G2489,G7439,GG202,G7537,G7536,G2471,G7475,GG216,G7534,G7535,G2482,G7436,G7430,GG302,GG313,G2486,G7432,G2472,GG304,G7513,G7531,G7411,GG314,GG201,GG012,GG315,G7433,GG301,G7422,GG208,G2400,GG316,G7417,GG218,GG010,G2485,G2476,GG318,GG011,GG305,G7410,59658,G2483,GG204,GG206,GG308,G2488,G7516,G7517,GG219,GG002,G2474,G2473,GG001,GG101,G7423,G2425,GG007,GG003,G7440,G2404,G2409,G2408,GG306,G7443,GG307,GG107,G2446,GG106,GG006,G2422,G2411,G2410,G7491,G7542,G2421,G2420,G7445,G2462,59657,G2478,G7472,G7441,G7565,G7566,G7468,G2479,G7490,GG104,G2415,G2414,59755,G7523,G7522,59650,G7460,G7447,G2423,G2444,G2401,59751,GG103,GG111,G7532,G7521,G7444,G2412,G2413,G7471,G7461,GG303,GG415,G7435,G7544,G7438,G7541,GG311,GG109,G2424,G7548,GG405,G2441,59759,G7437,GG110,G7470,G2427,GG102,G7567,GG408,GG412,G2442,G7467,G7442,GG414,G2428,GG108,GG105,G7446,G2468,G2466,G7465,G7540,G2440,GG005,G2449,G7570,G7571,GG413,G2443,59754,G7448,GG411,G7543,GG004,G7421,G7420,G7457,GG421,G2460,G7458,GG416,G2403,G2406,G2447,G2445,G7463,GG013,G2448,G7469,GG410,GG503,G2451,GG420,G7563,G2463,G7456,G2467,GG404,G7459,G2407,59654"
109.90,21.38,0.87,0.81,237,"G2474,GG315,G7433,G7468,GG318,GG316,GG308,G7565,G7566,G2462,G7432,GG301,GG415,G7439,G7461,GG306,G2475,G2472,G7471,G7472,GG305,G7460,G2471,GG405,G7470,G7535,G7534,GG412,GG309,GG307,G2473,GG304,G7567,G7436,GG314,GG310,G2466,G7536,G7537,GG212,GG413,G2468,G7465,G2404,GG411,G2476,G2470,G7431,G2400,G7531,G7467,GG313,G7473,G2480,59650,G2479,G7434,GG410,G7435,GG001,G7438,GG421,GG317,GG404,G7463,G2467,G7532,GG214,G2405,GG011,GG302,GG408,GG007,G2478,GG403,GG012,G2425,G2402,G7430,GG311,GG402,GG303,G2477,GG407,GG416,GG312,G7563,G2426,GG215,G2421,GG010,G2463,G2464,GG414,GG006,G2465,G7469,59658,G7414,GG211,G7415,59654,G7437,59750,G7466,GG003,GG210,GG409,GG406,GG002,G2460,G7423,G7510,G2413,G2412,G7418,G7419,GG420,G2407,G2481,G7491,G2420,G2428,G2423,GG401,G7521,G7462,GG419,G2411,G2410,GG213,G2409,G2408,G7490,G7524,GG418,GG005,GG217,G2484,G7464,GG417,GK213,59657,G7821,G7416,G7474,G7422,G7456,G2554,G2427,G7560,G7421,GG205,GK218,G7829,GK211,G2422,G7525,G2557,G2551,G7457,GK226,G7412,GG203,G2487,G7820,G7814,G2415,G2414,G2461,GK215,GG013,G2455,G2416,G2451,G7458,GG207,G7824,G7523,G7522,GK224,GG503,GG202,G7513,GK225,GK222,G2424,G7966,G7420,GG216,G7411,G7815,GK217,G2552,59751,G2401,GG004,GK214,G2406,G2403,G7822,G7831,GG209,G7459,G2482,GK220,G7453,G2489,G7701,GK212,GG504,G2483,G2457,59655,G7413,G2458,G2453,GK205,G7823,G7813,G7828,G7475,GG219,GK210,G7816,G7454,G7817,GK221,G7451,G7552,G7553,G7516,G7517,G2505,G2486,GK223,G7819"
109.90,21.85,0.87,0.81,194,"G2464,GG406,GG403,GG404,GG409,G2467,GG410,GG411,G7466,GG413,GG402,GG417,G2466,GG418,GG407,G7465,G7464,GG412,G7470,G2468,G7463,GG405,G7567,GG415,GG419,G7461,GG421,G7471,G2465,G7468,G7462,G7565,G7566,G2461,G7460,G7563,G7560,G2462,G7467,G7472,G2463,59654,GG416,G2474,G7820,GG401,GG306,GK205,G7469,G7829,GK215,GG307,G2505,GK213,GG308,G7438,G7830,G2552,GG408,G7435,GK218,GG315,GG318,G7433,G7821,G7828,GG316,G2407,GK207,G2473,G2550,GK214,59650,GK224,GG301,GG305,G2551,G7532,G2404,G2479,GK206,GG311,GG420,GK202,GK209,G2460,GK225,GG414,G7432,GK226,GK223,G2472,G7826,G7827,G2557,GG303,GK204,G2554,G7822,GK212,G7439,G7813,G7812,GG304,G7824,G2553,G2475,GG314,G2476,G2478,GK201,G7535,G7534,GG001,G2471,G7437,G7819,G7436,G2400,GK219,59655,G7814,GG309,GG310,GG007,G7536,G7537,G7531,G7701,G7456,G2425,G2428,G7816,G2558,GG005,GK220,G7831,GK211,G2556,G2421,G2555,GK217,GG313,GG011,G2470,GG006,GK402,GG212,G7431,G7815,GK216,GK421,GK222,G7966,G7818,G2413,G2412,G7473,GK208,GG012,GK416,G7865,GK203,G7421,GG302,G7811,G2526,G7521,G2528,GK210,GG003,G2423,GK419,GK406,G2480,G2455,G7430,G7823,GK221,GG010,G7869,G7434,GK401,59658,G2420,GG317,G7491,G7825,G7857,G7423,G2405,G7918,GG002,G2427"
110.35,20.46,0.87,0.81,131,"GG109,G2444,GG102,G7442,G7544,GG104,G2443,G7443,GG107,G7441,G7540,G7444,GG101,GG110,G7446,G2448,G7541,G2447,G2445,GG103,G2446,G2488,G7440,GG218,G7548,GG206,G7447,G2441,GG108,59755,G2440,G2449,G7517,G7516,G7410,GG111,GG204,GG219,59754,G7543,G7570,G7571,G2482,G7448,G2486,G2483,G2489,G7542,GG216,GG202,G7411,G7513,59759,G7475,G7525,G7445,G7417,G7412,G2416,GG106,G2442,GG105,GG201,GG207,G7416,G2485,G7474,G7524,GG208,GG217,G7413,G2481,GG203,G7419,G7422,G7510,59750,G7415,G7418,G2401,59751,GG209,G7523,G7522,GG215,G2484,G2422,G2426,G2414,G2415,G2487,GG211,G2402,G2405,GG205,G2424,GG213,GG214,G7430,G2409,G2408,59658,GG302,59657,GG010,GG002,G2480,G7473,G7423,GG012,G2410,G2411,G7414,G7490,G7491,G2470,GG313,GG003,G2420,GG011,G7531,G7434,GG317,GG004,GG212,G2423,G7436,GG006,G2400,G7420,GG210"
110.35,20.92,0.87,0.81,265,"G7422,G7513,G7411,G2483,G2422,G7525,GG219,G2401,59751,G7522,G7523,G7524,G2415,G2414,GG202,GG216,G2426,G7516,G7517,G2408,G2409,G7415,59658,GG002,G2481,GG010,59657,G7430,G7423,G7419,G2424,G2410,G2411,GG302,59750,G2482,GG012,GG217,G7491,GG003,59755,G7490,G7416,G2420,G7510,G2446,G2405,GG011,G2488,GG215,G7473,GG313,G7474,G2402,G2489,G2423,G7412,GG006,G7531,GG107,G2470,G2425,G7521,G2421,GG101,GG218,G7444,GG007,G2480,G7541,G2400,G2427,G7418,GG214,G2413,G2412,GG004,G2416,G2476,GG001,G7436,G7420,GG314,GG304,G2403,G2406,G2478,GG211,G7458,GG207,GG206,G7443,G2444,G2486,G7457,G7446,GG109,GG013,G2404,GG212,GG503,G7459,GG203,G7475,G7410,G7421,G2428,GG303,GG305,G2479,G2484,G7437,G7432,G2451,GG104,G2473,GG301,G7441,G7440,59650,GG204,G7532,GG005,G7434,G2447,G2445,GG311,G2443,GG102,GG317,GG316,G7544,GG307,GG213,G7442,GG309,G2475,GG414,GG308,G7439,G7414,G7435,GG504,G2457,G7413,G7438,G2455,GG103,GG306,GG408,G7447,G7456,GG110,G7433,GG205,G2487,G2460,GG315,GG201,G7540,GK211,G7454,G7552,G7553,G7472,G7417,G7431,G2471,GG209,G2477,G2448,G7548,G2453,GG420,G2462,GG312,G7535,G7534,G2441,GG111,G7460,GG310,G7453,G7542,G7467,GG210,G2458,G2474,G7537,G7536,GG208,GG108,G2472,G2485,59656,G2459,G7469,G7966,G2554,G2407,GK222,G2440,GG416,G2449,G2450,GG318,G7455,G7815,G7445,G7814,G7471,GG106,G7550,G7468,GG507,G2463,GG506,G7451,59754,G7543,G7817,G7563,G7570,G7571,59654,GK217,GG421,59759,GG505,G7448,GG501,G2557,GG502,G7821,GG401,G7823,G2518,G2454,GK213,GG415,G7463,G7465,G7565,G7566,G2456,GK806,G7824,G2465,GK226,G7921,G7831,G2452,G2442,GK811,GK221,G7461,GK210,G2551,GK220,GG105,GK218,G2508,G2513,G7470,G7701"
110.35,21.38,0.87,0.81,350,"GG303,G7437,GG311,GG414,G2478,G7532,G2428,G2479,59650,G2421,G2412,G2413,GG005,GG408,G7435,G2460,GG006,G7438,GG007,G2425,GG001,G7521,G2423,G2404,GG420,G7421,G7456,GG003,G2420,G2427,G7491,G7469,G2407,G7490,GG011,GK211,G2476,G2473,GG307,G7467,GG416,G2400,G2410,G2411,G7423,G7457,G2554,GG002,G2455,GG013,G2451,59658,GG010,GG012,G2463,G2409,G2408,G7531,G7458,59657,59654,GG503,G7563,GG305,GG314,GG306,G7814,G7472,GG313,GG304,GG401,G7821,G7966,G7460,GK222,G7420,GG302,GK213,GG421,G2557,G7430,G7815,GG301,GG308,G7436,G2403,G2406,G2462,G7459,G2465,G7453,GG004,GG504,G2457,GK217,GK226,GG316,G7824,G2551,GK218,G7463,G2422,G2415,G2414,G2458,G7432,G7473,G2453,G2424,G2470,G7462,G7471,G7454,G7829,G7831,G7522,G7523,G2426,G7465,G7553,G7552,GK220,G7823,G7817,G7451,GG407,GK225,G7701,G7422,G2459,GK224,GK210,G7822,G7433,GK221,G2401,59751,G2474,G2405,G7468,G7560,GG315,59655,GK215,G7455,GG402,GG410,GG419,G2452,59656,GG507,GK212,G2480,G2467,GG411,G7820,GG415,G7816,G7415,G7466,GK214,G2475,G7918,G7439,G2454,G7550,GG501,G2466,G2552,G7825,G2450,GG502,GG212,GG505,G2402,GG404,G7470,G7813,GK806,GG214,G7464,59750,GK001,GG309,G7869,G2517,GG215,GG403,G2513,GK002,G2461,GG418,GG409,G7461,G7524,GG412,GG506,G2481,G2518,GK811,GG318,G7565,G7566,GK416,G7913,G7419,GG405,GG413,G7819,G2464,GG406,G7914,GG417,G7510,G2471,G2472,G2456,G7535,G7534,GK421,G7513,G2508,G7915,GK223,G7865,G7434,GG217,G7525,G7921,G7912,G7411,GK413,G7828,G7916,G7567,G7812,G2510,G7857,G2509,GG317,GG310,G7919,G2483,G2468,G7537,G7536,GK209,G7416,G2507,G7431,G7418,GG211,G2515,GK205,59664,G2549,GK402,G2528,G7736,G7735,GG202,GK419,GK202,GG216,59659,G7474,G7859,GG219,G2505,G2516,GK204,G7917,GK401,GK407,G7719,G2553,G2544,GK406,G7860,GK201,G7516,G7517,G7412,G7414,G7737,G7738,G7863,G2477,G2482,G2529,G2526,GK808,G7969,GK206,G7908,GG312,G7712,G7827,G2484,G7907,GK423,GK003,G2555,G2416,G2506,G7723,G2550,G7904,GG213,59653,59755,GK216,G2489,G7721,G2504,G7864,GG210,GK422,G2446,G2556,G7861,GG207,G2558,G7720,GG203,G7715,G2488,G7731,G7732,GK207,G7906,GK415,GK802,GK807,GK208,GK219,G7830,G2545,G7713,G2570,GK425,G7818,GK412,GK436,G2571,GK414,GG218,G7811,GG205,GG107"
110.35,21.85,0.87,0.81,354,"G7820,G2461,G7560,GK215,G2552,G7462,G7829,GG419,GK214,G7828,GK224,G7464,GK205,GK218,GK223,GG418,GG401,GK225,GK213,G2551,GK209,G2505,G2465,G7813,G7821,GK202,GK212,GG417,G7812,G7822,59654,GK226,G7466,G7819,GK204,G2463,G7563,GG407,G2557,GK206,G7824,G2553,59655,GG409,GK201,G2550,GG402,G2407,G7827,G7469,GG416,G7816,G7463,G7701,GG421,GG406,GK402,GK207,G2554,GK220,GK421,G7831,GG420,G7830,G2555,G7814,GK416,G7865,G2464,GK219,GG410,G2467,G2556,G2558,G2528,GK217,G7467,G2460,GK216,GK419,G7826,GG403,G2526,GK406,G7465,GG408,GK401,G7869,GK208,GK210,G7857,G7815,GG404,G7818,GK222,GK221,G7825,GG414,G7966,G7438,G7918,G7456,G7811,GK211,G7823,GK203,GK407,GK002,G7435,GG311,GG411,G7908,GK413,GK412,GK415,G7532,G7913,G2529,G7460,G7437,G7867,59650,G7912,GG005,G2452,GG303,G2466,GK436,G7471,G2570,G7860,G7817,G7472,G2428,GK001,G2479,G7861,G7451,G7907,G7859,G7914,G2455,59653,G7453,GK430,G2517,G2462,GG307,G7902,GK405,G2521,G7906,GG413,GG306,G2458,G7421,G7904,G2478,G2404,GG415,G7470,G2473,59659,G2510,G7919,GK429,G7468,G2453,GG412,G7868,G2454,GK432,G2509,G2451,G2513,G2413,G2412,GG001,GK426,G7862,G2459,GG507,G7864,G2421,G7915,G7863,GG013,GG308,GG405,G2515,G7457,GG007,G7454,G7455,GG504,G2507,GG501,G2425,G2457,GG006,G7521,GG305,GK433,GG503,GK806,G7461,GG502,G7858,G7553,G7552,G2571,G7909,GK611,G2423,G2476,G2427,G2474,G7458,GG316,G7916,GK811,GK423,GK420,GG301,G2468,G2516,59656,G2504,G2400,GG505,G7567,G7550,G2530,GK616,G2522,G2537,G7459,G7566,G7565,GG314,GK422,GK414,GK427,G2420,GG003,G7917,GG011,G2518,GG304,G7754,G7491,G7490,G2524,GK617,G7433,G7531,GK425,G7432,GG315,G7420,G2450,GK400,G7900,59664,G2508,G2411,G2410,G2403,G2406,G2527,GK417,G7423,GK615,G7436,GG506,GK408,GK404,GK808,GG012,G2561,G2456,GK424,GG002,G7903,GK802,GG313,GK434,G7767,59658,GG004,GG010,G2506,G2549,59657,G7853,G2409,G2408,GK431,G7921,G7719,GK409,G7713,GK804,GG302,GG318,G7723,G2544,G7969,G7851,G2520,59456,G7962,G7430,G2470,G2569,G7736,G7735,G7720,GK807,G7762,G7760,G2546,G7852,G7473,GK803,G7439,G7715,G2475,G7866,G7910,G2572,G7712,G7738,G7737,G2424,GK601,G2541,G2415,G2414,G2523,G2472,G2539,GK403,G2422,GK609,GK435,GK621,G2533,GK612,GK003,G2538,G7761,G2501,GG309"
110.35,22.31,0.88,0.81,220,"G7826,G7830,GK207,G2550,GK219,GK206,G7827,G2505,G2558,G7818,GK205,GK203,G2556,GK201,G2553,GK204,GK202,G2521,G7811,GK430,GK208,G2555,G7767,G7828,GK209,GK617,GK216,G7867,G7754,GK429,GK405,GK223,G2537,GK412,G2461,G7812,GK616,G7760,GK611,G2526,G7902,GK436,GK415,G2552,GG417,G7820,G7464,G2570,GK402,GK406,G2533,GG418,GK433,GK214,G7858,G7819,GK618,G2530,GK606,G7560,GK401,G7813,GK215,G7908,G2528,GG419,GK419,G7868,59456,G7761,G2561,G2569,G7759,GK421,GK601,G7861,GG409,GK615,GK224,GG406,G7865,G7466,GK407,G2538,GK212,GK426,GK612,G7829,G7962,G7462,G7762,GK432,GK225,G2529,G7903,G2522,G7906,G7822,59653,G2539,GK619,G2464,G7968,GK609,GK218,G7857,GK416,G7816,G7907,GK404,59655,G2551,GK431,GG402,G7860,GG407,G7764,G7862,G2465,GK213,GG401,GK605,GK226,G7904,GG403,G7821,G7852,G7701,GK408,GK420,GK621,G7824,G2524,G7869,G7909,G2534,59654,G2467,GK413,G7859,G2557,G7763,G7563,GK220,GK434,GG410,G2463,G7463,GG404,G7758,G2532,GK608,G2571,G7831,GK604,G7912,GK002,G7825,GG421,G2520,G2572,G2523,G7864,G2562,G2407,GG416,G7918,G7900,G7469,G7913,GK210,G7851,G7465,G2554,GK217,GK221,GG411,G2563,G7814,G2573,GK409,GK427,GK428,59659,GK400,GK435,G7914,G2564,G7863,G7961,G7853,GG420,G7765,GK414,G2527,G2531,G7823,G2565,G7910,G7905,GK001,G2466,G7467,G2566,G7815,G2574,G2567,GK614,G2568,GK607,G7919,G2504,G2517,GK603,GK423,G2510,GK602,GK222,GK417,G2575"
110.80,20.92,0.87,0.81,231,"G2401,59751,G2424,G7523,G7522,G2414,G2415,GG004,G2403,G2406,G2422,G7420,G7459,59657,G7458,59755,GG503,G7422,G2427,G2408,G2409,G2483,G7490,G7457,GG013,G2457,G2411,G2410,GG504,GG219,G2451,G7553,G7552,G2450,G7491,G7541,G2420,G7454,G7423,59656,G2423,GG506,G7513,GG002,G7521,G7516,G7517,G2446,G7411,G7444,G7446,G7421,GG003,G2453,G7550,G2413,G2412,G2459,59658,G7921,G7455,G2456,G2455,GG010,GG505,G2458,G2518,GG006,G2445,G2447,GG507,G7453,G2421,G7735,G7736,GG107,GG501,GG502,G2428,GG005,G2508,G2488,G7525,GG012,GG216,GG202,G2425,GK806,GK811,G7430,G2443,GG011,GG109,GG007,G2454,GG101,G2426,G2549,GG302,G7451,GK211,G7524,G7456,G7437,G2444,G7817,G2482,G7737,G7738,G2478,GK003,G7721,G7966,G2513,GK222,G7415,GG001,GG303,59664,G7732,G7731,G2544,G7815,GG218,G2481,GG313,G7712,G7719,G7531,G2400,G2452,GG102,GG414,G7419,G7916,G7443,G7442,G7823,G7734,G7733,G2476,GG311,59750,G7473,G2542,G2548,G2460,GG217,G7814,G7532,G2479,GK217,G2405,G7969,G2489,GG104,G7416,G7915,G7730,G7729,59650,G7544,G7722,G2554,G7510,G2517,GK221,G2545,GG420,59665,G2543,G2448,G7441,G2470,G2404,GG206,GK210,GK001,GG314,GG215,G7540,G7716,G7412,G7436,GG408,G7723,G7917,G7435,GG304,G2507,G7474,G2402,G2509,G7831,G7438,GK808,G7918,G2515,GG110,G2407,G2473,G2510,G7914,G7440,GK220,G2480,G7715,G2557,G2516,G7919,G2416,G7825,G7410,G2506,G2486,G7913,G7824,GG103,GG305,GG214,G7720,GG307,G7469,GK002,G7701,G7418,GK807,GG204,GK226,G7920,GG301"
110.80,21.38,0.87,0.81,377,"59656,G7552,G7553,G2450,G2459,G7454,G7455,G7550,G2453,GG507,GG506,GG505,G2457,GG501,GG504,G2458,GG502,G2518,G2454,GK806,G2456,G7453,GK811,G7451,G7921,G7459,G7817,G2508,G2513,GG503,G2451,G2455,GG013,G2452,G7735,G7736,G2403,G2406,G7458,G2549,G7966,G7457,G7823,G7420,GK222,G7916,59664,G7815,G2517,GG004,G7915,GK221,GK001,G7421,GK211,GK210,GK217,G7719,G7738,G7737,G2544,G7456,G7918,G2509,G2507,G7814,G7914,G2427,G2510,GK003,G7712,GG005,G2515,G7917,G7825,G7831,G7913,G7969,G7919,G7721,GK002,GK220,G2516,G2428,GK808,G2554,G7723,G7731,G7732,G7701,G7869,G2424,G7521,G7824,G7912,G2413,G2412,G2506,G2557,59659,G2423,G2545,G7437,G7715,G7490,59655,GK413,G2460,GG420,G7720,GK226,G7816,GK807,G7722,59657,G2420,G2542,G2548,GG414,G7491,GK416,G2410,G2411,G7730,G7729,G7863,G2414,G2415,G7822,G2407,GK423,G7716,G2551,G7522,G7523,G7859,GG006,G2421,GK802,G7821,GK225,GG303,G7733,G7734,G2401,59751,G2408,G2409,G7857,GK212,GK422,G2504,G7713,G2422,GG003,GG311,G7423,GK213,G2541,GK218,G2478,G7865,GK224,GK421,G7469,GG002,G2543,59665,GG408,G2425,G7532,GG007,G7864,G7813,G7860,G7829,GG401,GK425,GK424,G2479,G7819,59658,59650,G7435,G7438,G7904,GK804,59654,G2528,GK414,GG416,GK419,GG001,GK407,GK214,GG010,G2529,G2463,G7907,G7718,GK803,GK215,GK417,GG011,G7717,GK427,G2501,GK401,G2546,GK402,G7563,59653,G2571,G7920,G2552,G2540,GG012,G2404,G2527,G7908,GK400,G7467,G7922,G7422,G7462,G7725,GK406,G7812,G7906,G2400,G2465,G7820,G2476,G7560,G7866,G7861,G7727,G7909,GK223,G7711,GK809,G7862,G7430,GG302,GQ030,G7740,G7739,G7531,GK801,G2473,G2526,GK805,GG307,G2335,G2369,GK403,GK420,G7900,G7853,GG313,GG421,G2547,G2332,G7714,GQ024,GK209,G7967,GG314,GK432,G7132,G7828,GK415,GQ025,GG419,G7726,G2336,GG305,G2426,G2461,GG304,G7463,G2570,GK810,GG306,GK202,GK409,GK204,G7133,G7472,G2553,G7724,GK436,G7460,GK426,G7436,G2555,GK201,G2524,G7332,GG407,GK216,G7473,GQ026,G7333,G7334,GG301,G2370,GK412,G2470,G7868,GG308,G7851,G2462,G7910,GK205,GQ029,GQ016,GK418,GK434,G2483,GK208,G7513,G2556,G7350,G7349,GG316,G7464,G7902,GG402,G7465,G7411,GQ027,G2505,G7432,G2405,GK408,G7415,G7466,G7827,G2558,G2522,G2520,G7471,G7811,G7354,GG418,G2337,GK206,G7818,GG219,G7524,G7867,G7314,G7315,GG410,G7854,GK203,59669,G7131,GQ028,GK405,GK219,G2340,GK433,G2467,G7525,GQ053,GK404,59755,G2481,59750,GG417,G7335,G7336,G2480,G2550,G7858"
110.80,21.85,0.87,0.81,441,"G7857,G7860,G7859,GK413,GK407,G2529,G7865,G7907,GK419,G7912,G2528,GK416,G7904,GK421,59653,GK401,G7908,G7869,GK002,59659,G7861,G7913,G7906,GK406,G7864,GK402,G7863,G7825,G7914,G2526,G7816,G7919,G7918,G2571,G2510,G7862,G7819,GK423,GK001,G2504,GK415,G7909,G2509,GK432,G2517,G2570,G2515,59655,G7813,GK414,GK427,GK422,GK420,GK436,G2507,GK212,GK210,G7701,GK221,G7812,GK425,G2516,GK426,G7915,GK220,G7822,GK400,GK417,GK412,G2527,G2452,G7868,G7831,GK216,G7900,GK424,G2555,G7823,GK223,G7917,G7902,GK802,GK225,G2524,G7916,GK214,G2513,G7853,GK208,G2553,GK201,GK224,GK804,G7824,GK209,GK217,GK204,G7713,G2556,GK808,G2506,G7817,G7811,G2522,G7867,GK409,G7451,G2454,G2552,G2546,GK202,GK226,GK434,GK405,G7818,G2558,GK408,GK803,GK203,G2551,GK433,GK806,G7866,G7815,G2557,G7828,GK811,GK215,59664,G7851,G7858,G7720,G7814,GK807,GK222,G7723,GG501,G7966,GG502,G2520,GK218,GK404,G7910,G7827,GG507,G7829,GK403,G7715,G7969,GK430,GK429,G7719,G2541,G2530,GK219,G2508,G7820,G2501,G2549,GG505,G2544,G7455,G7453,G2521,G2458,GK431,GK206,G2518,G7821,G7903,G7714,G2554,G2459,GK615,GK213,GK611,G2572,GK205,GK805,G7550,G2505,G7711,G7967,G7712,G2453,G2456,GK435,G7726,GK211,G7852,G7560,G2561,59656,G7737,G7738,G2550,GK418,G2523,G7736,G7735,G2461,G7921,G7454,GG506,GG401,GK616,G2545,G2450,G7456,G7553,G7552,G2407,G2455,G7854,G7905,G2525,GK003,G2537,G7962,GG420,G7462,GK428,G7721,G7762,G7727,G7826,GG504,G2457,GK207,G2573,GK621,G7731,G7732,G7716,59654,G7722,59456,G2460,G2569,G7469,G7724,GK410,G7856,GK810,G7730,G7729,G2463,GG419,G7354,G7754,GQ016,GG005,G2532,G7725,G7830,G2451,G2548,G2574,G2542,G2465,G2539,G2547,G7563,G7421,GK617,GQ025,G7717,G2563,GK609,GG416,GG013,GG503,G2565,G2564,GK809,G7464,GG414,G2575,G2428,G2350,GK601,G2340,G7763,G7459,G2576,G7457,GK619,G2566,G2370,G7718,G2567,G2568,GK612,GK608,G7349,G7350,G7458,G7437,G2503,GG418,G2538,G2540,GK411,GG408,GK801,G7734,G7733,G7855,GQ024,G2336,GG311,GK607,G7767,G2543,59665,GQ049,G7760,GG417,G7761,GG407,GQ057,G7322,G2335,G7356,G2403,G2406,G7315,G7314,G7466,GG303,G7901,GQ030,G7961,G7420,GG421,G7920,G7438,G7467,G2427,G7435,G7463,G7532,G7132,G2412,G2413,G7757,G7133,GG004,GK604,GG402,G7968,G7922,G2560,G7521,G2533,G2534,G7739,G7740,59650,GK618,GG409,G7759,GQ053,G7355,G2364,G2346,G2479,GK620,G2423,G2478,G2562,G2369,G2332,G2366,GQ022,G7768,G2421,GG406,GG006,GK606,G7332,G2333,GQ054,GK603,G7490,GG410,G2420,G2368,G7764,GQ027,G2467,G7465,G7491,GG007,G2425,G2464,GQ015,GQ026,G7755,G2404,GK602,GQ029,GG001,G2410,G2411,G2331,G7333,G7334,GG003,GG307,GK613,G2352,GG403,59657,GQ044,G7460,G2337,GK610,G2535,G7765,G7758,G2424,G7472,G2473,G7423,GG404,GK614,G7960,GQ043,GK605,G2409,G2408,G2363,GQ014,GQ047,GQ028,G7352,GG306,GG002,G7144,G7766"
110.80,22.31,0.88,0.81,329,"GK616,G2537,GK611,G7754,GK429,GK617,G2530,G2521,59456,G2561,G2569,G7858,GK430,GK405,GK433,GK615,G7962,GK601,G7760,G7762,G7867,G7767,G7902,GK612,G2538,G2539,G7761,G7903,GK609,GK619,GK203,G2533,G7811,G7868,GK618,GK412,GK431,G2522,GK436,G7759,G7818,GK404,G2570,G7968,GK208,G7852,GK621,GK426,GK606,GK415,G7763,G2556,GK216,G2558,G2532,GK432,GK608,G2534,GK408,G2555,GK219,G7764,GK604,G2523,G2526,G7861,G2524,G2572,GK434,G2562,G2563,G7906,G7908,G2520,GK406,G2573,G7862,GK605,G2564,GK201,GK428,GK420,G7961,G7758,G7827,G2565,G2553,G7826,59653,GK401,GK435,G2566,G7909,G2567,G2574,G2568,GK607,G7851,GK204,G7905,G2529,GK407,G7907,G2575,GK206,G2576,GK402,G7765,GK419,GK603,G2528,G7900,GK409,G2550,GK602,G7904,G7910,GK202,G2560,G2571,GK614,GK207,G7860,G7856,GK209,G7812,G2531,G7755,G7853,G7757,GK223,G7830,G7855,G2505,G7865,GK400,G2525,GK620,G3078,GK421,G2527,GK427,G7864,G7857,GK410,G7828,G7901,G7819,G7769,G2503,G7859,GK205,GK414,G7854,GK610,G9243,GK411,GK417,G7960,GW610,G7813,GK416,G3097,G3047,GK413,GK425,GK418,G7866,G3094,G2536,G7863,GW611,G3055,G2504,GK403,G7768,G7912,G2350,G7322,GK424,G2552,GK214,GK423,G3058,G3095,59659,GK422,G7816,G7869,G2546,GK212,G2535,GW615,GK804,GK613,G7714,G7967,G7726,GK002,G7356,GK803,59655,G3057,G7913,G7822,G7766,G2461,G7820,GK215,GK805,G7825,GK224,G2364,GK225,G3046,G7919,G7914,GK802,GQ057,GQ043,G2510,G3043,G7711,GW608,G7918,GQ044,G7701,G3079,G7713,G2363,G7354,GQ049,G2515,G2501,GW607,G2509,G2516,G9240,GK001,GK220,G2507,G3048,G7560,G7829,G3056,G2340,G2517,GW605,G7355,G3075,GK210,G7831,G2551,GQ016,GK221,G7824,GK218,GK226,G7915,G7917,G2346,G2506,GW609,G7724,G2541,GK808,GK807,G2452,G7823,GW621,G7720,G2557,G7464,GK810,G2502,GK217,G7916,GW603,GK213,GG419,G7821,G3092,G7462,G7727,G7963,G7352,G2348,G7715,GG418,G7723,G3044,GG417,G2513,G7144,GQ060,G7349,G7350,GW616,GG401,G7814,G7817,G3054,GQ025,GW617,G3051,G7815,G2370,G7969,G7451,59664,G7756,G3052,G2454,G2547,G2352,G3090,GK222,GQ035,G7314,G7315,G2554,G7966,GQ015,G7719,GK806,GQ045,GK811,GW602,G3042"
110.80,22.77,0.88,0.81,208,"GK605,GK606,G2533,GK618,G7764,G7759,G7758,G7760,G7968,GW610,G2531,G7761,G7767,G3097,GW611,G9243,G3078,G2538,G3047,G2534,GK617,GK612,GK601,G7765,G7754,GK614,GK619,G2562,GK604,59456,GK609,G2569,G2539,G2537,GK602,G3055,GK616,GK603,G7769,G3046,G7762,G7763,G7962,GK608,G3058,G3079,G7755,GW603,GK611,G2561,G9240,G3095,G7961,G2521,GK621,G2532,GK429,GW608,G3094,G3044,G2530,GK615,GK430,GW609,GW615,G2560,G7960,GK610,GW604,G7903,GW617,G7858,GK607,G2563,GK433,G3048,GK405,G2536,G9462,G2564,G7852,G2566,G2567,GK431,G2568,G3092,G2565,GK620,G3056,G7867,G7757,GW621,G3043,G2576,GK404,GK203,G7902,G2575,G2573,GW607,G2574,G7811,G7818,G3035,G2523,G2522,GW605,G3052,GK428,G3081,G3057,G7826,GW405,G7868,GK219,GK412,GK208,G3054,G3075,G2558,G2572,G9242,G3034,G7901,G7855,GK436,G2535,G9463,GW602,G2556,GW601,GK408,G3053,G3091,G3059,GK426,G2570,G7963,GW616,G7905,GK613,GK216,G3085,G7766,G7856,G3051,GK435,GK415,G3030,G2520,G3037,GK434,G3089,G2555,G3090,GK207,G7768,G3040,59462,GK432,G3098,G3036,G2503,G7827,G7830,G2524,G3082,GW404,G2550,GK411,GK206,GQ043,G3083,GK201,GW620,G3042,GW600,G2502,G3038,GK410,G2526,GW406,G2553,G7851,GW402,G9467,G7861,GW403,G2363,GW411,GW401,GK204,GW412,G2525,GK420,G7862,G7906,GW614,GW606,G7910,GQ044,GK406,G3076,G7908,G3077,G7322,G3080,G8115"
111.25,20.92,0.87,0.81,120,"G7734,G7733,59665,G2543,G7721,G7732,G7731,G2542,G2548,G7921,GK003,G7735,G7736,GG506,G7730,G7729,G2450,G7738,G7737,G2456,G7722,G7922,G7920,G7716,G7712,G2549,G2545,G2518,G2508,G2369,59656,G2544,G7550,G7739,G7740,G7718,GG505,G2332,G7719,GG004,G2403,G2406,G7459,G7553,G7552,G2540,G7333,G7334,G7969,59664,G2424,GG502,G7420,G7455,GK811,G7454,GQ026,G2457,59751,G2401,GG501,G2459,GG504,GQ030,59669,GG507,G7131,GK806,G7717,G7332,G7723,G2335,GQ029,G7523,G7522,G2453,G7335,G7336,G7715,G7458,GG503,G2454,G2415,G2414,G7916,G7132,GK801,G2513,GG013,G2458,G7720,GK808,G2451,GK807,G7457,G2337,G7917,GQ028,G2506,G2422,G7133,G7725,GQ027,GQ024,GK809,G7915,G7453,G2427,G7451,G2541,G2507,G7817,G2455,G2516,59657,G2336,59755,G2515,G2509,G7421"
111.25,21.38,0.87,0.81,308,"G7734,G7733,59665,G2543,G2542,G2548,G7732,G7731,G7730,G7729,G7722,G7721,G7716,GK003,G2545,G7920,G7922,G7718,G7738,G7737,G7712,G2540,G7736,G7735,G2544,G7740,G7739,G2369,G7717,G7719,G7969,G2332,G2549,GQ030,G7921,G7715,G7723,G2335,G7720,G2456,59664,GK801,GK807,G2508,G7725,G7334,G7333,G7132,GK808,G7332,GQ026,GK809,G2506,G2541,GQ024,GG506,G2518,G7133,GQ029,G7917,G7916,GK811,G2336,G2450,GG505,G7727,G2547,G7713,GQ027,59669,G7131,G7550,GG502,GK806,G2516,G2337,GK802,G7915,G2507,GG501,GQ025,G7335,G7336,G2501,GQ028,G2513,G2515,59656,G2454,G2509,GG507,G7455,GK803,GK810,G2370,G7711,G2510,GK804,GK422,G7919,G2459,GK423,GK424,G2546,G7724,G2504,G7552,G7553,GK805,G2517,G7350,G7349,GK425,G7863,59659,G7454,G7914,GK001,GQ053,G7315,G7314,G2368,G2453,G2331,G7866,GK417,G7714,G2452,G7967,G7451,GQ016,G2458,GK403,G7817,G7726,GK414,G7913,G2457,GG504,G7912,G2334,GQ022,GK427,G7453,G2333,G7864,G2527,G7918,GK002,G7459,GK400,G7354,GQ021,G7823,GK221,G7859,G7825,GK413,GQ054,G2340,G2304,GK210,G2366,GQ014,G2571,G7853,G2403,G2406,GK418,G7190,G7869,GG503,G2311,G2330,G7904,G2451,G2455,G7966,G7900,G2314,GG004,G7815,G7420,GG013,GK222,G7458,G7860,GQ023,GK217,G7909,GK409,GQ001,G7857,G7331,G7457,G7907,G7831,GK220,G7854,GK416,GK420,G7910,G2529,G7317,G7862,59653,GK211,G7701,G2309,GQ013,G7851,G7814,G7421,GQ049,G7906,GK407,G7816,GQ003,GQ047,GQ015,G7865,GQ004,G2310,59655,G2343,G7456,G2524,G2525,GK421,G2424,G2427,GQ057,GQ002,GQ008,G7861,G7824,G2346,GK434,GK419,G2528,G2350,GK432,G2520,G7908,GG005,G2352,GK401,G2554,G2308,G7355,GQ038,G2557,G7822,G7328,G7316,G7356,GQ046,GK408,GQ036,GK435,GK410,GK212,G7319,G7320,GK426,GK226,GQ018,G2305,G2428,G2317,GK406,G7905,G2414,G2415,GK402,59751,G2401,G2572,GQ040,G7522,G7523,GK225,G7819,G7521,G7813,G2412,G2413,G2423,G2551,G7490,GQ055,G2522,59657,G7868,G7322,G7856,GG420,G2526,GK415,G2570,GK224,G2460,G2364,G2422,G7437,G2523,GQ052,GQ011"
111.25,21.85,0.87,0.81,455,"GK805,G7711,G7967,G7714,G7726,GK403,G2501,G7866,G2546,GK803,G7724,GK810,G7727,GK804,GQ016,GK418,G7354,GK424,GQ025,G2541,GK417,G2547,G7713,G2370,G7349,G7350,G2340,G2527,GK425,G7853,GK802,GK400,G7854,G7725,GK414,GK427,GK809,GK422,GK409,G7910,G7315,G7314,G7900,GK807,G2504,G2336,G7720,G2525,G7851,GQ024,GK423,G7715,G7717,G2506,G2571,GK801,GQ049,G2350,G7864,GQ053,G7863,G7909,G7723,GK808,GQ022,GK420,G2366,GQ057,GK410,G2520,G7133,G2335,GK434,GK435,G2540,G2524,G7132,G2516,G7718,GQ030,G2333,G7356,G7716,G2545,G7905,GQ054,G7917,G7969,G2346,G7862,G2572,GK408,59659,G7904,G2368,G7355,G7722,G7856,G2515,G7729,G7730,G7322,G2331,G2507,GQ015,G7712,GK411,G7719,G7920,G2523,G2503,G7859,GK428,G7919,G2544,G7740,G7739,GQ027,G2548,G2542,G2509,GK432,G7906,G7907,G2510,G2364,G7332,G2332,59653,G2352,G7860,G7732,G7731,G2369,G2573,G7922,GQ014,59664,G7915,GK426,G7916,G7738,G7737,GK003,GK404,G2522,G7721,GQ047,G2574,G2529,G2543,GQ029,G7855,59665,G7912,G2337,GQ026,G2343,G7861,G7733,G7734,GK431,G7852,GK413,G2575,G7914,G2549,G7334,G7333,G7901,G2576,GQ021,GQ028,G7868,G2565,GQ038,GK407,GQ036,G7913,G2564,G7903,G2568,G2563,GQ046,G2567,G7331,G7908,G2566,G2517,G7736,G7735,G7144,G2508,GK001,G7857,G7768,GQ013,G7352,G2513,GQ059,GK002,GK621,G2330,GK811,G2532,GK615,G2570,GQ023,GQ060,GK607,GK401,G7757,GK433,G7131,59669,GQ044,G7335,G7336,GK806,G7858,GK415,G2351,G7869,GK419,GK436,GQ058,G7921,G2456,G7825,G2528,GQ045,G7865,G2530,G2334,G2518,G7918,GQ035,G2306,G7902,G2454,G7190,GK406,GK416,GG502,GK620,G2561,G2311,G7962,GQ040,GG501,G2317,G2452,G2348,GK421,G2363,GG505,G2560,G7762,GK613,GK608,G2526,GQ043,G7763,G7961,G2314,GK412,GQ050,G2308,GQ011,GK402,G2535,GG506,GG507,GK221,G7550,GQ001,GK405,GK210,G7766,G2539,G7351,GK611,GK609,GQ003,59469,G7817,G7823,G7455,G2569,G7451,G2367,G7816,G2450,59456,GQ041,G7867,GK429,G7141,GQ037,G7353,GQ004,GQ018,59656,G2309,G2459,GK216,GK619,G7819,GK616,G2304,GK610,59655,GQ002,G7701,GK220,GK208,G7811,G2555,G7831,GK604,G7960,G3057,GK430,G7755,GK612,GK601,GK603,G2537,G7813,G2458,G2536,GQ052,G2328,G2305,GQ017,G2521,GK203,G2562,GK212,G7812,G7818,GK217,G2453,G2538,G2556,G7822,G7553,G7552,G2310,G7453,G7454,G2362,G2319,GQ055,G2534,G7815,G2307,GQ031,GK602,G7317,G7319,G7320,GK222,G7966,G2558,59663,GQ032,GK201,GQ006,G2553,GK223,G2344,G7824,G7312,G3094,G2502,GK225,G2323,GQ008,GQ005,G7761,GK204,G7968,G7142,G7814,GQ020,G7756,GK209,GW615,G2326,G7769,G7754,GK214,GK224,G2457,G7765,GG504,G3075,GK226,GK614,G3043,G2557,GK202,GK617,GK219,GW607,G7316,G7328,G2347,G2354,G2551,G2325,GQ007,G7827,G2552,G2455,GW605,G3095,GK211,G7759,G7828,G7760,GK215,G2318,G2554,G7764,GK218,G7758,G3058,GQ039,GK206,GK618,G7321,GQ048,GQ056,G7829,G7459,G7456,G3056,G2338,G2533,G3077,G3055,G2451,G7821,G7963,GG503,G7767,G2322,G3078,G2531,GQ009,GK213,GG013,G7820"
111.25,22.31,0.88,0.81,442,"G2568,GK607,G7757,G2567,G2566,G2576,G2575,G2565,G2564,G2560,GK620,G7855,G7901,G2563,G2574,G7961,G2573,G2503,G7856,G2532,GK428,GK411,G7768,GK608,G7763,GK610,GK621,GK613,G2535,G7755,G7905,G2523,GK410,GK603,G7960,G7322,G2536,GK435,G7766,G7852,GK604,GK602,G2562,G2572,GQ043,G2525,GQ044,G3057,G2363,G2350,G2364,G3094,GK609,G2539,G7769,G7356,GK431,G2534,G7762,G7962,GK619,G2520,GW615,GK614,G7765,G7903,G7854,GK404,GQ057,GK408,G3095,G7910,GK615,GK612,G7851,G2569,GK434,G3043,G2561,59456,GK601,G2538,GW607,G3058,G7355,GQ049,G3075,G7968,G2522,GK418,GW605,G3055,GK409,G2348,G2524,G2502,G7352,G2346,G7758,G3078,G2530,G2531,G7761,GQ060,G3056,G7144,GW608,G7764,G7858,G3048,GK433,G7853,G7756,G9243,G7900,GQ035,G7354,G3047,G7963,G7759,GQ045,G2340,GK426,GK420,GK611,GQ032,GK616,G7868,G7726,G3079,G3046,GK403,GK432,G7967,G2537,G7714,GW621,G2352,GK605,G3097,G7909,GW610,GW616,G9240,GW611,GK400,G3051,G2527,G3077,GQ059,G7862,G7866,GK618,GW609,G2351,GQ037,GQ016,GQ015,G3042,G3090,G2344,GW606,GK805,G7902,G2571,G3054,G7760,G2533,G2362,G3092,GK427,GK429,GQ041,G7351,GK405,G7754,GK606,GK417,G2546,G7906,G7711,GQ048,GQ031,GW620,G7724,G3052,GK414,GQ058,GK617,G2570,GW602,GK436,G2366,GW601,G7861,GQ036,GK804,GQ038,GK803,GK810,GK425,GQ047,59653,G7350,G7349,G2521,GK424,59462,GK415,G7353,59469,G2343,G3045,GQ046,G7904,GK430,GK412,G7864,G7867,G2501,G7315,G7314,G2306,G3040,G3044,G7767,G7141,G7907,GW617,GW619,GW603,GQ022,GQ054,G2370,G3059,G3091,GQ017,G2529,G7908,G2354,G2372,G3076,G9242,G3053,G2504,GQ025,GK422,G2333,G7727,G7860,GQ050,G2347,GQ053,G7811,G3098,G2353,GK407,GK423,G2367,GK203,G2547,G7713,GK802,G7863,GQ056,G2526,GK208,GK406,GQ033,GW600,GK401,G7818,G3096,G2345,G7859,GQ042,GK216,GQ011,GW604,G3083,G2541,GQ014,GQ040,G7142,GW618,G2317,G2368,GK419,GQ013,GW614,G2555,G2336,GW106,G2556,G2528,G7725,59659,G3041,GK809,G2342,G3089,G2331,G7331,G2558,GW612,G3099,G3034,G2355,G7857,GK402,GK807,GQ024,G7143,G3093,GW409,GW411,GW100,GK413,GQ034,G7720,G2506,G7865,G7912,GW105,G9462,G2516,GK219,GK801,GQ021,G2308,G7715,GW613,G7133,G2319,GQ006,GK421,GK808,GQ023,G2323,GQ005,G7919,G7717,G2515,GK201,G3086,G2330,GW101,G3026,G7917,G2510,G2553,G3023,G7132,G7723,G2507,G2365,G2509,G2335,GW412,G3081,GK416,G3022,G3014,G7914,GK204,G7913,G3082,G7827,GQ030,G2328,G7812,G9263,G2540,GW205,GQ027,G7869,GK002,G7819,GW107,GW104,G7969,G7915,G3070,GQ018,GQ007,G7718,GW102,G3084,G3031,GW407,GQ052,G2545,GK209,G3087,GK202,G7190,GK223,G7716,G3028,GK206,G7825,G7826,G2311,G2337,GW103,GK001,G7916,G7332,G6651,GW408,G3064,G2517,GQ003,G7719,G2314,G7813,G7918,GQ029,G7722,G6645,G7816,GQ028,G7712,G2544,G7739,G7740,G2307,59664,G9221,G2334,G2332,G2550,G3018,GQ001,G7920,G3035,G7730,G7729,G6658,GJ201,GQ026,GQ039"
111.25,22.77,0.88,0.81,337,"GW611,G3046,G3047,G3097,G3079,G9240,GW610,G9243,GW603,G3055,G3044,G3078,GW609,G3058,GW608,GW617,G2531,G3095,GW604,G3092,G3048,G7769,GK614,GW621,G7765,G3056,GW615,G3052,G3094,G9462,G7758,GK602,G3054,G9242,G3043,GW602,GW601,GW607,G3053,G3091,G3059,G7755,GK603,G3034,GW605,GK605,G7960,G3081,GW616,G2536,G2562,GK610,G3040,G7963,G3051,G7764,G3089,G3098,59462,G3075,G3090,G2534,GK604,G3083,GW600,G3035,GW620,G3057,G3082,G7968,GW411,G3042,GW405,GW614,G3076,G2560,G7961,GW412,G3096,G3037,GW606,G7759,GK620,G3077,G9463,G2502,G2535,GK608,G3087,GW409,G7766,G3030,G7763,G7757,G3045,G7761,G3086,G2538,GK619,GK607,GK612,GW612,GK606,GW100,GK618,GK613,G3038,G3085,GK609,G3041,G3031,GW619,GK601,G9467,GW407,G2539,G7756,G2533,G2566,G2567,G2568,G3033,G3099,GQ043,G2532,G2563,G2564,GW406,GW404,GW101,GW414,G3084,GW413,G3026,G2576,G2565,G2363,G7768,G3036,G7901,G2575,GK621,G2569,59456,GW618,GW401,G7760,GW613,G7762,G8173,G3080,G7855,GQ048,GW408,GW402,G3093,G2574,GW415,GQ044,G7962,GQ032,G9461,G9460,G3022,GW410,G2573,59268,GQ033,GW403,GH302,GW102,G3088,GW105,G2503,GK428,G8168,G2372,G2631,G2561,G8115,G7852,GK411,G8152,GQ042,G8103,G7856,G2345,GW106,GW103,G7767,G2523,G2640,G2348,G2344,GK615,GK617,G7754,G3070,G2537,G7903,G7322,G8160,G3024,GK616,G8137,GK431,G8174,G7905,G3023,G8148,G2364,GW107,G3032,G8162,GK410,G3028,G2572,G2362,G2530,G8126,GW108,GK435,GK404,GK611,G9221,G2353,59269,G2355,G7352,GQ060,GW104,GQ031,59264,GQ034,G7356,G8112,G8136,G7858,G2350,G8164,G8114,GQ035,GQ037,G2525,G8161,GK433,G8163,G8183,G3020,G7144,G2520,GK408,G2522,G8101,GQ045,G2630,G2354,G9207,GK429,G8127,G3074,G8113,G2342,GQ057,GK434,GH306,G8158,G7355,GQ041,G3071,G8150,GQ056,G7143,G3003,G9203,G9263,G7854,G9206,G2347,G7851,G7351,G9204,G8119,G8124,G2521,G3014,G3073,G7910,GW110,G3004,GQ049,G2346,GK405,G9200,G2524,G3021,G3025,G7868,G3064,G2351,GK430,G8105,G2641,G3072,GQ059,G7902,GK426,G8153,GH301,G8125,GK409,G8151,G8176,GW203,GW204,GW205,G8170,GW002,G7353,59471,GW003,G2365,G8135,GQ017,GK418,G7867,GW001,59469,G3027,G8165,G2352,G8122,GK432,G7141,G3016,GW217,G2642"
111.25,23.23,0.88,0.81,230,"G3036,G3085,GW403,G9463,GW404,GW402,G8115,G3035,GW405,G3030,GW401,G2631,GW406,G3080,G9460,G9461,59268,G8173,G3037,G9467,G8127,G8112,G3038,G8137,59264,GW413,G9462,G8126,G2630,G8103,GH302,G3081,G8113,G8124,G8119,G3033,GH301,G8114,GW604,G8125,G8136,G8101,GH306,GW415,G8122,G3082,GW603,G8152,G8174,G3034,G8168,G3044,GW617,G8102,G3087,G8105,G2632,GH303,G8183,GW414,G8135,G3089,G2640,GW412,G8162,G8148,G8141,G8160,G2641,G8163,GW611,GW410,G8140,G9242,GW411,G9240,G3097,G3046,G8139,GW610,G8150,G8128,G3031,G2633,G3079,G3053,G3032,GW609,GW407,GH300,G8151,G3047,G8158,G3091,G3083,G3092,59269,G3059,G3098,G8129,G9243,G3086,G8161,G3052,G8164,GW614,GW600,G8118,G8170,G8130,G3088,G3084,GW601,G8123,G8107,GW602,GW608,GW621,GW409,G3040,G3055,G3078,G3054,G8176,G8133,G2531,GW408,59462,G3048,G3096,GW100,G3058,G3074,G2642,GW612,G8175,G8117,GW101,G8106,G2634,G3056,G3026,G3095,G3076,GK605,G3024,G8131,GW616,G3041,G8153,G7758,G3090,G8134,G3051,GK614,G8171,G7769,GW620,GW110,G3099,G8109,G7765,G8157,G7963,GW615,GW102,GW613,GW605,GH305,G3094,GW607,G3043,GW108,G7764,G3072,G3021,G3022,G8165,G3042,G2635,G8116,GK602,G8159,G3073,GW103,G8181,G3045,G3075,G3093,GW606,G8149,G8035,GW619,GK603,G9206,G7755,G8178,G8138,GW618,G9207,G2562,G9204,G2536,G7960,G2646,G3077,G2534,G3070,GK606,G9203,G9200,G7968,G7759,GK610,G2644,G3020,G8034,GW105,G8179,GK604,GH304,G3004,GK618,G3028,G3057,G9221,G8104,GW109,G8156,GW107"
111.25,23.69,0.89,0.81,124,"GH301,G8127,G8125,G8124,G8119,G2632,G8122,G8113,G2630,G8112,59264,G8102,G8107,G8115,GW403,GH303,G8131,GH306,G2631,G8117,G8130,G8126,G8128,G8137,G8114,G8101,G3036,G8141,GW402,G8140,G8139,G2633,G8135,G8136,GW401,G2635,GW404,G9460,GH300,59268,GH305,G8129,G8105,G3085,G9461,G8103,G8133,G3080,G8118,G8123,G8106,GW406,GH302,G8138,G8173,G9463,GH304,G8104,G3030,G2641,G8116,GW413,GW405,G9467,G8183,G3035,G3038,G8174,G2636,G8034,G8109,G8132,G8151,G8152,G2634,G3037,G3033,G2611,GW415,G8035,G8163,G8168,G8134,G8150,G8170,G8024,G8162,G8158,G2640,G8148,G8175,G3081,G8015,G8157,G8038,G8008,G8160,G9462,G8039,G8159,G2612,G8176,G8006,G8002,G8004,G2642,G2613,59269,G8161,G3032,G8026,G8164,G8171,G3082,GW414,G8016,GW410,G8018,G8032,GW604,G3087,G8023,G8037,G8178"
111.70,21.38,0.87,0.81,218,"59669,G7131,G7335,G7336,G7334,G7333,GQ028,GQ026,GQ029,G2304,G2337,G7332,G2369,G2332,GQ027,G2334,G7740,G7739,G7922,G7317,G7920,GQ030,G7132,G7133,G2335,G7190,G2314,G2311,G2310,G2540,GQ001,GQ008,59665,G2543,G2309,GK801,G7718,GQ021,G7328,G7316,G2331,GQ024,G2330,G2368,G2336,G7733,G7734,GQ004,G7717,GQ003,GK809,GQ023,GQ002,G7320,G7319,G7725,GQ053,GQ014,G2542,G2548,G7729,G7730,G2547,G7331,G7716,G2333,G2305,G7722,GQ025,G2370,GQ022,G7315,G7314,GQ054,GQ013,GQ018,GQ055,G7349,G7350,G7731,G7732,G7727,G2308,G2545,GK810,59663,G2366,G7721,G2307,GQ052,G2325,G2338,G7724,GK003,G7312,GQ020,G2326,GQ047,G2317,G2343,GQ016,G2541,G7712,G2328,G7715,G7321,GQ040,G7737,G7738,GQ009,GK807,G2501,G7720,G2320,G7711,G7969,G7723,GQ010,G2360,G2544,GQ046,G2340,GQ038,GQ015,G7311,GQ011,G2359,G7719,GQ036,G7354,GK805,G7736,G7735,G2318,G2506,G7713,G7726,GK803,GK808,G7967,G2352,G2549,GQ050,G7714,G2306,GK802,G2319,G2546,59664,G7921,GQ051,G2322,GK804,GK403,G7917,G2367,GQ058,G2346,G7866,GQ049,G2508,G2456,GQ006,GK424,GQ039,G2185,GK418,G2321,G2323,GQ007,GQ059,GQ005,G2516,G7355,GQ057,G7916,GK422,G2351,GK425,GG506,G6611,G6527,G2518,GK417,GK423,G2504,G2507,GK811,59469,GQ012,G2515,G7141,G7915,G7854,G7356,G2450,GG505,GQ019,GK414,G7144,G2350,G7353,G2509,G2527,GK806,GG502,G7863,G7550,GK400,GQ045,GK427,G2513,G7853,G7352,G7351,G7919,G2510,GG501"
111.70,21.85,0.87,0.81,392,"G7331,GQ014,GQ013,GQ023,G2330,GQ021,GQ054,G2333,GQ047,G2343,G2331,G2368,G2308,GQ022,G2317,G2366,GQ040,G7190,G2311,GQ046,GQ038,GQ053,GQ036,G2314,GQ003,GQ015,GQ001,GQ018,GQ011,G2334,G7314,G7315,GQ004,GQ002,G2306,GQ050,G2352,G2309,GQ052,G2305,G2328,GQ058,GQ055,G7349,G7350,G2307,G2367,G2370,GQ027,59663,GQ059,G7319,G7320,G2337,GQ028,G7312,G2310,G2346,G2351,G2340,G2319,G2336,G7133,GQ020,G2326,GQ025,GQ016,G2304,59469,GQ029,GK810,G7355,GQ024,GQ006,G7132,G7317,GQ049,G7141,G7724,GQ008,G2547,G7354,G7336,G7335,G2325,G7332,G2323,G7144,GQ005,G7353,GQ026,GQ045,GQ057,G7131,59669,GK801,GK809,G7351,G2335,G7334,G7333,G7352,GQ035,G2318,GQ060,GQ007,G7316,G7328,G7321,GQ030,GQ017,G7727,GQ041,G7725,G2338,G7356,GQ039,G2332,GQ009,G2322,G7740,G7739,G2364,G2369,GQ037,GQ010,G7142,G2540,G7726,G2350,G7717,G7711,G7967,GK805,G2348,GK418,G7714,G7322,G7922,G7718,G7920,GQ051,G7854,G2501,G7311,GQ031,GK403,G2362,GQ044,GK411,GK410,G2347,G2525,G7866,G2320,G6658,GJ201,GQ019,G2503,GK803,G6645,G2354,G2546,GJ200,G2541,GJ206,G2363,G2161,G2344,G2327,G6652,G7768,G6659,GQ043,G2543,59665,G7716,GK804,G2360,GQ056,G7856,G2359,G2321,G2167,G7855,G7910,G7901,G6648,G7730,G7729,GQ032,G7713,G7722,GK613,G7733,G7734,GK807,G2548,G7905,G2542,GK424,G7853,G6655,G7715,G7720,G2545,GK409,GK435,GK417,GK802,G7766,G7851,GQ012,G2535,G2527,G6651,GK425,GK400,G2353,G6643,G6640,G2574,G2575,GK428,G2160,G7756,G2576,G7900,G7723,G2506,G6649,GK414,GK427,G2520,G7732,G7731,G7757,GK422,G2573,G2572,G2342,GK620,G2568,G6642,G6527,G6745,G2502,G2565,G2523,G2567,GK808,G2504,GJ202,G2566,G7969,G2185,GQ048,G6646,G7143,GK434,G6519,G7721,59477,G6564,G7712,G2564,G3057,G2365,GK423,GK003,G6611,GK607,G2563,G6653,G6516,G2524,G2571,G2372,G6592,GK408,G2560,G2544,G6514,G6528,GK420,G7719,G7738,G7737,G7909,G7917,G2105,G2156,G6705,G6701,G7864,G2168,G2516,G2163,G7863,G6512,G6699,G2536,GK610,G6647,GW205,G7852,G3077,G2355,G3075,G6513,G7960,G6650,G2532,G7961,GQ034,G7862,GW202,GK404,G6515,G6747,G2345,GK431,59664,G3014,GK621,GQ042,G2515,G2507,G6535,GW606,G2549,59659,G3043,G3061,GW607,GW605,G3017,G2522,G7904,G2162,GQ033,G7736,G7735,GW207,GK608,G7916,G3018,G3042,G2164,G2509,GK432,G7755,G7963,G7919,G7903,G6657,GW106,G3094,G9263,GW615,G7763,G7915,GK426,G2510,GW211,G2180,G6510,G7906,GW619,G3013,G3045,G7859,GK603,G6522,G7907,G2508,GJ203,59653,GW210,G3051,G6621,G7860,G2174,GW616,G3090,GK615,G7921,G3056,G3064,GW620,G9261,G7868"
111.70,22.31,0.88,0.81,522,"G2362,G2344,GQ031,GQ037,GQ032,G2348,GQ041,GQ035,G7351,GQ045,G2354,GQ060,G2347,G7756,G7352,G7353,GQ017,G7144,G2351,59469,GQ048,GQ056,G7141,G2363,G2353,GQ044,G2502,GQ059,GQ043,G7142,G2372,GQ058,G7766,G3077,G2342,G2306,GK613,G2367,G2364,G2535,G7143,GW606,G3057,G7768,GQ050,G2345,G2352,GQ042,G3075,G7355,GQ036,G2355,G3042,GQ033,G2346,GQ038,GQ046,GQ034,GW619,G2365,G3045,G7963,GW106,G7322,GW605,G7356,GQ015,GQ011,GW607,G2323,GQ057,GQ005,GQ006,G3043,G3051,G3090,GW620,G2343,G3014,GW616,GW205,GQ047,G2536,G2319,G7901,GQ040,GQ049,GK411,G6651,G2317,GW618,G2503,GK620,G9263,G7960,GK610,G2350,G3056,G7855,G7757,GW615,G6645,GQ007,G3076,G3094,G6658,GJ201,GW105,G3054,G3023,G3018,59462,G3048,G3093,G3064,G2560,GW621,G3017,G3061,GK410,GW602,G6516,G3040,G2366,G6640,GW601,GQ013,GW104,G3095,G2328,G2576,G7856,G2575,G3099,G2308,GQ039,GW202,GW211,G2568,GK607,G3041,G3052,G2340,G3096,G2567,G7755,GW608,GQ054,G2566,G2574,GW215,GW107,G2161,GW613,G7331,G6650,G3092,G2565,G3058,GW612,GJ200,G3059,G2564,GQ052,G7769,GJ206,GQ014,G3091,GQ022,G3013,G2525,G6659,G7961,GW600,G6699,G2168,G7354,G3098,G3022,G2333,GW609,GW203,G7854,GW207,G3028,G3070,GW210,59477,GK603,G6564,G2563,G3053,GW100,GQ018,GW213,G7905,G2573,GK428,GW614,G9242,G3067,G6642,G2318,G3083,GK602,G3055,G2307,G2322,GW409,G7312,GQ023,G3026,GW101,G9221,G2163,G7315,G7314,G3079,G9261,G2326,G3071,GQ020,GQ016,G9240,GK418,G6648,59663,GQ053,GW102,GW103,GK435,G2330,G2327,G9260,G3046,G7350,G7349,GQ055,G6514,GW204,G6652,G2532,G3016,GK608,GQ021,G6649,G2368,GW217,G2167,G6621,G2523,GK614,G3063,G2331,GQ019,GW411,G3086,G2305,GQ003,G2562,G6519,G7724,G7763,G6531,GW617,GW206,G7765,G6745,G2572,G7726,G2370,GK604,G6747,G3089,G2325,GK621,G9360,GQ002,G3044,G7910,G3060,GK810,G7321,G6643,GQ004,G7967,GW218,G6515,G2164,G6647,G3084,G2311,GW408,G7190,GQ051,G7714,GQ001,G2520,G9264,G2314,G3078,G6641,G7852,G9363,GJ504,G3020,G7851,G3003,GQ010,G6655,G9265,G3047,GQ009,G3062,G7319,G7320,G3015,G9243,GQ025,G3034,G2309,GW407,GK403,GK805,G2534,GW603,G3025,GW412,G3031,G3010,GK409,G6510,G2162,G9362,G2531,G3027,G2338,G7711,G2160,G2175,G6512,G2109,G9267,GW108,GK434,GW611,GK431,G9262,G2547,GW604,G3068,G6657,GK609,GK408,G2334,59470,G7866,G3097,G3024,G6513,G2539,G2336,G9207,G6644,G7853,GK404,GW610,G7727,GK619,GJ203,G9268,G7762,G3087,G7758,G2165,G7962,G7903,G2310,GW216,G2166,G3082,G7311,G2156,GJ506,G2524,G3004,G3012,G9203,G7900,G6646,G6653,G2501,GQ024,G7133,G3069,G2546,G6535,G3088,GK612,GQ027,GK809,G6656,GJ204,G2321,GW002,GK615,G7968,GJ205,G2527,GQ008,G2569,GK803,G3065,G2538,G2522,G6511,GK400,G2561,G7725,G9204,GK601,G9462,G2337,G9200,G9206,G2107,59456,G7132,59471,G3066,G3081,GQ028,G6528,G7764,GK801,GJ202,GW414,GK804,G7317,GQ012,GW003,GK417,GK420,G6625,G7328,G7316,GW212,G6637,GW214,GK427,GW208,GW001,GW410,G2174,G2320,G2304,G2335,G7761,G7909,GK424,GQ029,G9201,G6626,G7332,G2530,GK414,GK605,G6622,G9361,GQ030,G6504,GW209,GK425,GW004,G3073,G2571,G6620,G2170,G6539,GK426,G3005,G7717,G3011,G7035,G9209,G7759,G7862,GQ026,G7858,G2541,G7056,G7335,G7336,GK432,GK433,G3006,G2359,G2173,GW200,G2360,G6624,G3001,G2540,G7713,G7868,G7333,G7334,G2214,GW201,G7131,G6538,59669,G8271,GE305,G2332,G2172,GK802,G6506,G3037,G6592,G3021,G2176"
111.70,22.77,0.88,0.81,509,"G3096,GW612,GW100,G3041,GW409,GW614,GW600,G3076,G3099,G3083,G3098,GW101,G3026,G3086,G3040,GW613,GW411,59462,G3059,G3091,G3053,G3093,G3022,GW618,GW601,GW620,G9242,G3084,G3045,GW602,GW619,G3089,GW102,GW408,GW407,G3031,GW412,GW105,G3052,G3090,G3054,GW103,G3042,G3051,GW616,G3070,GW606,G3034,G3087,GQ033,GW107,G3028,G3092,G3023,G3077,G7963,GW621,G3082,GW106,G9221,GQ042,G3024,G3088,G2345,GW617,GW108,GW414,GW104,GW609,G2372,G3056,G3048,G3020,GQ048,G3044,GW410,GW605,GW604,G3071,G9207,G3075,G3081,GW607,G3003,GW608,GQ034,G9240,G2355,G7756,G2502,G3043,GW603,G9462,G9203,G3079,G3025,G3004,G9206,G9204,G9263,G3046,G9200,GW204,G3033,G3064,GQ032,G3037,G3032,GW203,G2353,G3014,G3073,GW615,G8160,GW002,GW415,G3095,G3027,G2640,G3058,59471,G3016,GW003,GW217,G2342,G7143,G8168,G3038,G3057,G8148,GW001,G3021,59269,G3074,G3094,G9467,G3055,G2344,G8164,GW110,GW206,G8162,G3072,G8152,GW413,GW205,G9201,G3035,G8161,GW004,GW215,G2536,GW405,G3030,G3018,G7766,GQ056,G2365,G2362,G7960,G2354,G8174,G7769,G8153,G9463,59470,G8165,G8173,G9260,G9362,G3067,GK610,GQ031,GW406,G9209,G2535,GQ043,G3047,G3005,G3010,G3017,GH302,GW211,GW611,G3068,G8163,G2363,G8158,G2347,G9265,G3061,G3007,G3012,GW109,G3080,GK613,G9461,G9243,G3085,GW218,G3063,G2645,G9264,GW213,G9262,GW404,G3006,G9460,G8150,G3097,59268,G8103,G7755,GW401,G2348,G8183,G3078,GW610,G8176,GQ044,GQ037,G3062,GK614,GK602,GW210,G3013,GW402,GW214,G8169,GK603,GW216,G3002,G8181,G3001,G2642,G3036,GK620,G8170,G9360,G7765,GW202,G2531,G3066,G3015,GQ041,G7768,G8229,G9261,G3060,G8271,G2560,G2631,G8137,GQ035,G8151,G3069,G7351,G8136,G6651,G8236,G9363,GQ060,G7757,G8182,GW207,G8171,GQ045,GQ017,G9268,G2644,G8126,G2641,G8166,G6650,G7352,G6516,G8149,GW212,G9361,GW403,G7142,G8275,G8175,G8115,G8282,G8114,G2646,G7353,G9220,G8101,G2562,G7901,G7144,G9267,G7961,G3065,G8249,G8180,G8167,GK607,GW209,G7141,G8105,G8251,59469,G7758,G6699,GK604,G6621,G2351,GH306,G2364,GJ504,G6531,G7855,G2168,G2175,59264,GW208,G2568,G2567,G2566,G2663,G2668,G7056,G2214,GQ059,G2534,G2576,GJ506,G6640,G6637,G8135,G7322,G8284,G7035,G8155,G8157,G2503,G8112,GK411,G8262,G8230,G2575,G8235,G2564,GK608,G2661,G2565,GE305,G8178,GQ058,G8179,G6645,G8156,G2563,G7031,G2630,G8256,G8260,G2163,GW200,G8113,G7763,GK605,G2574,G7764,G7028,G8252,59477,G6564,G7356,G8172,G8154,G6641,G2367,G2107,G7355,G6658,GJ201,G8270,G8141,G2306,G2686,GE304,G2532,G2634,G8232,G8280,G8134,G7856,G3011,G8119,G8241,G7968,G8139,GH300,G8140,GH303,G8159,G2672,G2346,G6622,G8124,G2633,G2696,GQ050,G2666,G6625,G7054,G8224,G6642,GQ057,G2352,G8246,G2573,G2667,G7034,GQ005,G8254,GW201,G2323,G8127,G8129,G2643,G2350,G2164,GK410,G2109,G2699,GQ006,G6514,59278,G8125,G8285,G8118,G8273,GK619,GK428,GK621,G8267,G8102,GQ036,G8123,G8228,GK609,G6747,G2679,G7050,G2165,GQ049,G8122,G2671,GQ038,G8128,G2114,GQ046,G8276,G2539,GK612,GH301,G2161,GE306,G2319,G2538,G6515,GQ011,G8239,GQ015,G7759,G7905,G6620,GQ007,G6656,G6659,GJ200,G7021,G7030,G8268,G6644,G2689,G6506,G2676,G2662,GJ206,G6510,G7761,G8109,G8278,GK601,G8242,GJ204,G2523,G6504,GE301,G8133,G6647,G2670,G8238,GJ205,GE302,G2695,G8247,G8225,G2525,G2343,G6649,G6519,G7762"
111.70,23.23,0.88,0.81,389,"G8174,G8152,G8168,G8183,G8163,G8162,GW415,G2640,G8148,GH302,G8150,G8160,G8103,G8158,G8136,GW413,G3033,G8173,G2641,59268,59269,G3032,G9461,G8161,G8151,G9460,G8101,G8114,G8164,G3080,G9467,G8105,G8170,G8137,G3038,G8126,GW406,GW410,G8176,GH306,GW401,GW414,G8135,G2631,G2642,G3037,GW402,G3030,GW404,G3074,G8175,59264,G8141,G3087,G8115,G3085,G8153,G9463,G3088,G3036,G8171,G8139,G8112,G8140,GH303,GH300,GW403,G2633,G2630,G3082,GW405,G8113,G8129,GW110,G3035,G8157,G3031,G8118,G8102,G2634,G8119,GW407,GW412,G8123,G8128,G3081,G8124,G8165,G8134,G3072,G8181,G8125,G8122,G3021,G8149,G3084,G3024,G8133,GW408,G8127,GH301,G8159,G3073,G2646,G8178,G3034,G3086,G8109,G2632,G2644,GW411,G9462,G3089,G8130,G8179,GW108,G8106,G9206,G8156,G9204,GW109,G2645,GW409,G9200,G8180,G8107,G2643,GW101,GW614,G3026,GW604,G3083,G9203,G8155,G9207,GW100,G8035,GW102,G3004,GW600,GW001,GW003,G8166,G8154,GW004,GW612,G3098,59471,G8116,G8117,GW103,G9242,G3053,G3020,G8169,G9201,G3096,G3007,GW002,G8167,G3091,G3022,G3041,G3059,G8177,GW617,GW613,G8172,G8282,G3099,G8182,G3002,GH305,G3044,G3003,G8131,GW603,G8024,G3040,G3070,G9220,G8034,G2613,G3025,G8056,G3076,G2635,G9209,G9221,GW601,59462,G3052,G8081,G8225,G3028,GW602,G3093,G8276,G3005,G2661,G8138,G2662,G3092,GW107,G8247,G3027,GW105,G3054,G8241,GH304,G3006,GW618,GW609,G2611,G8054,G8060,G8228,G8268,G3071,GW620,G8006,GW621,G8104,G3023,G9240,G8261,G8229,G3090,G8243,G8280,G8284,G3045,G8236,GW619,GW104,G2668,G8227,GW616,G3079,G3051,G8255,G3046,GW204,G8283,G2605,G8251,G8235,G3001,G3042,G2622,G3048,GW608,GW606,G8254,G3016,G7963,GW217,GW106,GQ033,G2686,G8272,G3056,G8249,59470,G3012,G2660,G8252,GW206,G8271,G8239,G2626,G8240,G2696,G8275,GQ042,G2636,GW214,G9362,G3077,GW203,G2345,G3068,G8059,G2672,GW611,G8132,GW605,G2684,G3010,G8232,G2699,G8080,G8051,G8055,G3058,G3055,G2666,G8016,G2671,GW607,G3047,G2667,G3097,G8270,G9262,G3064,G8256,G3043,G3095,G3066,GW610,G2679,G3075,G2372,G9265,G8260,G8001,G8002,GQ034,G2691,G9263,G2695,G2604,G8267,G9243,G8230,G2355,G2697,G2676,GQ048,G2663,G2689,GW615,G8052,G8020,G9264,G9361,G8023,G2694,GW216,59278,G8224,G9260,G8071,G2698,GW215,GW218,G2670,G8285,G3014,G8278,G2502,G2693,G8246,G2675,G3094,GW212,G8195,G3078,G2692,G7756,59271,G3062,G8004,G3067,G8065,G8257,G8189,G8005,G8066,G8063,G3063,G2673,G3069,G8262,G7769,G8019,G2653,G8196,GW209,G8226,G8082,G8074,G8015,G8192,G8036,G2531,G3018,G2681"
111.70,23.69,0.89,0.81,255,"G8117,G8107,G8131,G8130,GH305,G2635,G8106,G8138,G8128,G8133,G2632,G8116,GH304,G8102,G8104,G8123,G8118,G2633,G8129,G8140,GH303,G8139,GH300,G8141,G8034,G8122,G8109,G2611,G8125,G8135,G2636,G8035,GH301,G8024,G8132,G8119,G8124,G8105,G2634,GH306,G8113,G8134,G2630,G8101,G8114,G8006,G2641,59264,G8112,G2613,G8127,G8136,G8002,G8126,G8151,G8159,G8015,G8004,G8157,G8016,G8137,G8038,G8183,G2612,G8039,G8175,G8023,G8170,G8060,G2631,G8103,G8150,G8115,G8032,G8008,G8163,59268,G8056,G8178,GW403,GH302,G8018,G8174,G9460,G8037,G2642,G8001,G8158,G8171,G9461,G8176,G2643,G8177,GW402,G8020,G3080,GW401,G8022,G8173,G8025,G8179,G8152,G8081,G8009,59270,G3036,G8162,G8026,GW404,GW406,G8054,G8156,G8168,G8148,GW413,G8149,G8036,G2640,G8161,GW415,G2626,G8051,G8080,59269,G8005,G8010,G3085,G8160,G2646,G8164,G9467,G8027,G3038,G8181,G3032,G3033,G8154,G8019,G3030,G8155,G2644,G8071,G8225,G8153,G9463,G2614,G3074,G8074,G8007,G8180,G8072,G3037,G8400,G8172,GW405,G8003,G8014,G8028,G8165,G8059,G2662,G8247,G2622,G8076,G8276,GW410,G3035,GW110,G8070,G8261,G2623,GR003,GW414,G2616,59271,G8065,G3072,G8066,G8029,G8085,G8075,G8283,G8243,G8073,G8082,G3021,G8061,G8166,G2604,G8167,G8021,G8268,G8033,G8055,G8227,G8077,G2615,G3088,G2730,G3087,G8052,G2645,GW109,G8272,G8228,G3082,G8413,G3081,G8282,G3073,G8255,G8100,G8062,G8241,G2661,G2605,G8182,G8079,G8169,G8406,G8083,G3031,G8012,GW412,G9220,GW407,G8058,G9462,G8057,G8084,G8240,G8067,G3024,G8404,G8078,G8031,G3002,G8063,G8013,G9206,G3007,G2660,G3084,G9204,G8189,G2624,G8053,G3034,G8280,G2653,GW408,G9200,G8402,G8030,GW004"
111.70,24.15,0.89,0.81,181,"G8026,G8008,G8027,G8039,G2612,G8038,G8015,G8009,G8132,G8400,G2636,G8018,G8037,G8004,G8003,G8104,G8032,G8028,GH304,G8002,G8138,GR003,G2635,G2730,G8131,G2614,G8404,G8407,G8010,G8402,G8413,GH305,G8029,G8023,G8117,G2611,G8406,G8405,G8418,G8016,G8431,G8025,G8022,59270,G8034,G8107,G8116,G8435,59074,G8130,G8006,G8021,G8007,G8401,G2740,G8106,G8012,G8430,G8024,G8424,G8011,G8001,G8020,G8408,GR002,G2632,G2615,G8409,G8432,G8133,G8036,G8014,GR052,G2616,G8035,G8128,G8433,G8425,G2613,G8420,G8102,G8123,G8017,G8030,G8118,G8109,G8129,G8122,G8005,G8415,G8416,G2633,G2741,G8140,GH303,G8139,GH300,G8031,G8141,GR047,G8125,GH301,G8060,GR055,G8019,GR054,G8421,G8033,G8520,G8429,G8427,G2733,G2731,G8124,G8119,G2634,G8410,G8070,G8135,G8072,G8061,G2742,GR048,G8517,G8134,G8051,GR046,G8080,G8074,G8411,GR053,G8071,G8113,G8076,G8127,G8013,G8423,G2630,G2623,G8073,G8077,G8519,G8403,GH306,G8105,GR051,G8056,G2626,G8521,GR009,GR049,G8075,G8100,G2706,G8159,G8084,G8112,G8513,59264,G8101,59071,G8426,G2764,G8079,G8525,G2760,G2763,GR019,G8114,G8338,G8506,G2641,G8054,G2757,G8157,G2707,G8177,59075,GR014,G2761,G8136"
111.70,24.62,0.89,0.81,120,"GR002,G8405,G8408,G8401,G8407,G8409,G8415,G8416,59074,G8424,G2731,G8418,G8402,G8431,G8403,G8404,G2741,G8410,G2733,G8430,G8411,G8429,G8420,G8027,G8400,G8026,GR046,G2730,G8422,G8435,GR053,G8425,G8003,59071,GR050,G8423,G8428,G8426,G8413,G8432,G8008,GR014,GR049,G8338,G8406,G2742,G8464,GR047,G8453,GR013,GR003,G2740,G8028,GR051,G8433,G8009,GR017,G8427,G8462,GR048,G2757,GR016,GR052,GR055,GR019,G2752,GR018,G8029,G8467,G8039,G8421,G8446,G2756,59072,G8011,G2612,G8460,G2614,G8018,G8449,G8038,G2764,G8463,G8037,G8015,G8465,GR015,G8521,G8443,GR054,G8012,G8010,G8440,GR020,G2758,G8032,G8004,GR005,G8513,G8451,G8132,G8017,G2763,G8442,G2636,G8021,G8450,G2750,G8468,G8452,G8517,G8516,G8030,G8469,G2615,G8002,G8456,GR008,GR023,G8337"
112.15,21.38,0.87,0.81,165,"G7328,G7316,G7317,GQ008,G2360,G2304,G2310,G2359,G2320,G7319,G7320,G2185,G2338,G2309,G7311,G6611,GQ004,GQ002,GQ001,GQ009,G2325,G6527,G2305,G2314,G6526,G2334,GQ010,G7321,GQ003,GQ055,G2311,G7190,G2154,G7336,G7335,59663,G2321,59669,G7131,GQ020,G2326,G2307,G7312,GQ018,GQ012,GQ051,GQ028,G6592,GQ052,G2330,G6522,GQ023,G2318,G2105,GQ021,G6701,G6705,G2337,G6591,G2322,G2328,G2308,GQ029,G7333,G7334,GQ026,G2157,GQ027,G7331,G6710,G6503,GJ202,G7332,GQ013,G2331,GQ019,GQ014,GQ039,G2368,G2332,G2369,G2317,G6655,G6646,G6652,G2180,GQ040,G2327,G6528,G7740,G7739,GQ007,G2319,G2160,G7133,59673,G7132,59672,G6618,G2122,G2167,GQ011,G6653,G7922,G2333,G6709,G6590,G6520,GQ006,GQ030,G2323,GQ053,GQ005,G2335,GQ054,G6643,G7920,GQ022,G6648,GJ206,GJ200,G2343,G2336,GQ024,GK801,GQ047,G2156,GQ050,G2161,GQ046,G6659,G2540,G2367,GQ038,G2366,G7314,G7315,GQ036,G2306,G7718,G2108,GK809,59665,G2543,G6649,G6745,GJ201,G2370,GJ505,G6658,G2153,G7717,G2188,G7350,G7349,G2547,G7725,G6535,GQ025,GQ015,G6513,G6519,G6512,G6645,GQ058"
112.15,21.85,0.87,0.81,340,"GQ010,GQ009,G7311,G7321,GQ051,G2338,G2325,G2318,G2322,G2320,G2321,G2326,GQ020,G7312,59663,G2359,G2360,GQ019,GQ012,G2307,GQ055,GQ039,G7320,G7319,GQ052,G6652,G2305,G2327,G2328,G6527,G6655,GQ007,G2167,GQ018,GJ202,G2185,GQ002,G2160,G6611,G6592,G7316,G7328,G6646,GJ206,GQ004,GQ008,G2105,GJ200,G6648,G2319,G2310,G6705,G6701,G6643,GQ003,G2161,GQ006,G6659,GQ005,G2323,G2309,G6653,G6528,G2308,GQ001,G7317,GJ201,G6658,G2156,G6649,G6745,G2317,G2314,GQ011,G6645,GQ040,G2311,G6519,GQ023,G2180,G7190,G6522,G2367,GQ013,G6512,G2330,G6513,GQ050,G7331,G6535,G2157,G6642,G2304,G2334,G6640,G6647,G7142,G6514,G2306,G2108,G6564,59477,GQ021,G6520,GQ046,GJ505,G2174,G7141,G6526,G2154,G6515,GQ014,59469,GQ017,G2162,GQ038,G6747,G2343,GQ036,G6657,G7353,GQ058,G2163,GQ047,G6651,GJ203,G2188,G6510,G2168,G6505,G2122,G6591,G6523,G2164,G2331,G6516,G7351,G6699,G2351,GQ059,G2368,GQ054,GQ041,G2333,G6624,G2347,G2166,GQ015,G2352,G6644,G6650,G6539,GQ022,GQ028,G2366,G2170,GQ037,G2153,G2354,GQ056,G7335,G7336,GQ045,GQ053,G6511,GW202,G2337,G2109,GQ031,G6641,GQ035,GW207,G6538,G7131,59669,59673,G2106,GQ027,G6621,G2365,G6710,G6503,G7144,G2173,G6590,G2362,GJ204,GJ205,G2165,GQ060,G6531,G6612,GQ029,G7315,G7314,G7352,G6709,G2151,G2184,G6618,59672,G6656,G2176,G2342,G7143,G6773,G3061,G3013,G6521,G3017,G2353,G2346,GW205,GQ026,G2344,GW210,G9261,G7333,G7334,G7332,G6533,G2348,G7133,G7355,GW211,G7350,G7349,GJ504,G6613,G3018,G6537,G2370,G6626,G7132,G2336,G6524,G2182,G6502,G2152,G3014,G6606,GQ049,G6529,G2340,GW213,G2175,GQ024,GJ501,G6525,G6536,G6603,G6532,G2332,GQ057,GQ032,G2355,GJ500,GQ025,G6774,G6504,G2335,59478,GQ034,G3060,G2369,G6509,GQ030,GQ016,GK801,G6608,G2364,G9263,G6708,G6704,G2172,G2547,G7740,G7739,GK810,59475,GW215,G2178,G6530,G7354,G3067,G7356,G7724,G9360,G2372,G9363,GK809,G3064,G9267,G6620,G6625,GQ048,GJ506,G2107,GQ044,G6534,G2177,G3063,G6623,G7725,G2345,G7922,G2186,G2540,G6707,G6703,G2183,G2363,G6605,G2187,G6607,G9260,GQ042,G3015,G7756,G7727,G2350,G7920,G7322,G7717,G2181,GQ043,GW106,G6622,G6615,GQ033,G6506,GW203,G2150,GW218,G7718,G6771,G3062,G6610,G6772,GJ507"
112.15,22.31,0.88,0.81,551,"G6640,G6516,G6651,G2168,G6699,59477,G6564,G6650,G2163,GW202,G6642,G6645,GW207,G6514,G6658,GJ201,G6747,G3061,G6621,G2365,G3013,G3017,G2164,G6515,G2161,G6659,GW210,G6649,G6519,G6531,G6647,G9261,GW211,GJ200,GJ206,GW205,G6641,G6745,G3018,G6648,G6510,G2162,G7143,G2109,GW213,G2342,G6657,GJ504,G6644,GQ056,G3014,G7142,GJ203,G6512,G6643,G2167,G2166,G2347,G2327,G2165,GW215,G6513,G3067,G3060,G6652,G2175,G9263,G2354,G9360,G2353,GJ204,GQ007,G3064,G9363,G6656,GJ205,G6511,GQ005,G2323,G3063,G2355,GQ034,G6535,GQ039,G6655,GQ019,G9260,G9267,GQ006,G2160,G2156,GQ017,G3015,GJ506,GW203,G2319,GW218,G6653,G2174,G3062,GQ031,G2322,G6626,G2170,G2107,G6539,G6646,G9264,G7141,G6625,G7353,G6504,G2173,G9268,G2362,G2372,G2345,59469,G6624,G2367,G9265,G6538,GQ042,G2318,G6528,G6620,G2344,GW106,GQ041,G2176,G3016,GW217,G7351,GW206,GW104,GQ037,G6622,GQ051,G3065,G2172,GQ033,G6537,GW204,G3010,GJ202,G9262,G3069,G6637,GW216,G3023,G3011,GQ050,GQ048,G2178,G9362,G6505,GW208,G6506,G2328,G6502,G6623,G6532,GQ011,G3068,G3071,G6533,G2108,GJ505,G2306,GQ032,GW201,G2326,GQ020,59470,GQ058,GW107,G7312,GQ010,GW105,G2321,G7035,G2351,GQ012,G7321,GW200,GW212,GQ052,G2151,GQ040,59475,GQ045,G2317,G3066,GQ009,G3028,G2307,GQ035,GW618,G2177,GJ501,GW209,G7056,G3012,G9221,G6523,59663,GQ059,G2114,G2325,G6530,G6509,GE305,G2180,G6536,G3070,GJ500,GW619,G6524,G7756,G3093,G9361,G7311,G2214,GJ507,G7021,G3027,G6705,G6701,G2348,GQ060,G2105,GQ046,G2308,G6592,GQ055,G7031,G2338,GQ036,G6534,GQ018,GW214,G3045,GQ038,G7144,G6508,G6507,GJ503,G3077,G2188,G3025,G7352,G7028,G3003,G6606,GW606,G3022,GW613,GW103,G2305,G2184,G7054,G2171,GE304,G2502,G7030,G2140,G3099,G3020,G2343,G6520,G6527,G8262,GJ502,G2320,G3042,G2183,GQ013,GW102,GQ047,G2352,G6638,G3041,G6609,GE306,GE302,G7044,G8271,GE303,G6501,G7319,G7320,59478,G3001,G2359,G7034,GW620,G2147,GQ002,G3076,G2118,G6610,G7331,G2360,GQ003,GQ015,G2363,G2663,G6611,G6525,G3026,GW002,GW612,G2106,G6774,GQ044,G7050,G7029,GW101,GQ004,G9207,G8275,G2104,G6660,G2185,G3004,G2157,G3006,GQ043,G3090,GQ023,G3096,G3005,GW100,G3051,G6612,G7963,G9203,G6557,GE301,59471,G2155,G8273,G2145,G6522,G2152,G9209,GW108,GW616,G8230,G3075,GW003,GE307,G2346,G2309,G7355,G2146,59462,G7766,G8229,G2330,G2110,G9201,GW409,G9200,GW001,GQ001,G9204,GQ014,G7045,G6773,G8242,G6721,G2364,G6604,G2153,G6697,G3040,G9206,G7040,G6603,G8249,G6553,GW004,GW408,GW605,G8236,G2310,G3057,GE322,GK613,GW600,G2314,GW614,G3024,G7039,G2122,G2311,G2136,G2150,G2535,G7190,GQ008,GW602,GW607,GQ054,G3054,G8260,GW601,G3084,G3086,G2366,G8256,GQ021,G7316,G7328,G3098,G2117,G7768,G7055,G6605,G3083,G3043,G8246,GQ057,G8251,G7356,G7025,G7026,G3059,G2333,G6613,GQ049,G2212,G3007,G6521,G7049,G3091,G6556,G3056,G8224,G3052,GQ022,G6552,G8259,G2182,G3053,G3073,G7322,G2207,G7022,GW411,GW621,G7038,GE319,G2143,G8248,G8270,G7317,GW407,G2103,G8285,G9242,GE320,G3031,G2331,G3048,G2536,59278,G3088,G2368,G2334,G7043,G8233,G2135,G3092,G6558,GE325,GW615,G3002,G2138,G7032,G8232,G6724,GQ053,GE323,G6529,G2350,G8238,GK411,G2115,G2137,G2141,G2154,G8258,G8235,G7901,G3021,G2668,GW109,G3089,G6591,G2666,G2215,G2340,G8279,G7960,G2667,G2181,G8169,GW412,G2503,G6607,GK610,G7315,G7314,G8267,G8252,G2645,G3094,G7027,G6526,G3072,GK620,G2304,G6615,GW608,GW609,G2664,G8284,G2672,G6772,G7855,G2130,G6770,G2679,GE321,GW110,G7023,G7757,G2192,G3095,G8278,G2699,G2190,G8274,G6771,G8234,G6720,G8182,G6550,GE324"
112.15,22.77,0.88,0.81,702,"59470,G3027,G9362,GW206,GW217,G3068,G3016,GW204,G3012,G3010,G3025,G9262,G9265,G3071,G3003,G9264,GW214,GW203,G3066,GW218,GW216,G9260,GW002,G3062,G3020,G3005,G3006,G3001,G9221,G9209,G3063,G3069,G3004,59471,G8271,G9361,GW212,GW003,G9201,G3067,G9207,G3028,GW104,G9203,G3015,GW001,GW215,G9268,GW107,GW004,G3064,G9200,G8229,GW209,G8275,G9204,G3070,G9360,G3065,G9206,GW213,G8236,GW103,G3023,G9363,G3060,GW108,G2214,G7056,G3007,GW208,G9263,G2663,G8249,G8262,G7035,G9267,G3018,GW211,G6637,GE305,GW102,G7031,G8230,G3022,GW105,G3073,G8251,GW210,G7028,G3014,GW200,G3017,G3024,G9261,G3061,G3013,GJ506,G3002,GE304,GW613,G3093,G8256,G8260,GQ034,GW205,GW109,G2175,GW106,G8169,G7054,G2645,G2355,GJ504,G7034,G3021,G3011,G3026,G2107,GW618,G2668,G3072,GW101,GW201,G8270,GW408,G8273,G8235,G6622,G8246,G7050,GQ042,GW202,GW207,G8182,G3099,G8224,G2345,GQ033,GE306,G9220,G6531,G8284,G2114,GW110,G6625,G8232,G2365,G8252,G6621,G3041,G7143,G8285,G7030,G3084,59278,G3088,G2666,G7021,G8282,G8165,G6650,G2667,GE301,G8242,GW100,GW612,G2342,G2672,GE302,G2686,G8267,G8166,G7029,G2696,G2699,G7044,G6506,GW409,G2679,G2372,G6620,G8248,G3074,G3086,GE303,G6516,G8167,G8238,G6641,GW407,GW619,G6699,G2671,G8153,G7039,G8278,G3031,G8254,G2661,GE307,G3096,G2353,G2689,G8259,G6504,G2168,G8280,G2670,G2676,G3045,G2165,G3076,GW614,G2109,G8233,GW410,G8226,GE322,G8181,G8274,G6651,G6656,G2140,G8257,G7045,G2695,G2698,G2664,G8180,G2644,G2693,G8164,G6626,G3032,GW600,GE319,GW411,G8234,G6623,G2163,G8239,G8258,G8241,GQ048,G2172,GJ204,GQ056,59269,G8161,GJ205,G3083,G2207,G2164,GW414,G7049,G8279,GW412,G2694,G8244,G2646,G6644,G2697,G7055,G3087,GW620,G3098,G8149,GW606,G8160,GE320,G6640,59477,G6564,GE323,59462,G2178,G3040,G8228,G6507,G6508,G8155,G7026,G2354,G6747,G7023,G8277,G3042,G3077,G8172,G8148,G6511,G2166,G6510,G8265,G7032,G2640,G2145,G2347,G7040,G6514,GJ507,G3089,G8250,G8176,G8162,G6515,G3059,GE325,G3091,G2673,G3053,G2660,G3090,G6642,G2642,G7022,GJ503,GE321,G8158,G8171,GW601,G8154,G7025,G2681,GW602,G6532,G2691,G9242,G6638,G3051,G8268,G3082,G8263,G8253,G2344,GJ203,G2162,G6537,G8245,G2177,GE318,G7027,G7019,G8276,G6647,GW616,G2605,G2118,G8156,G6657,G7756,G8255,GQ032,G8168,G7038,G7043,G3054,G2212,G2684,G8163,G6645,GQ031,G6502,G8179,G8150,G2362,G2173,G3034,G3052,GE313,G2215,G2176,G7963,G7024,G8240,59475,G8170,G7020,GE324,GW415,G2662,G2146,G2680,G8175,G8227,G2171,G8152,G6658,GJ201,G2170,G8178,G8247,GE310,G2674,G6519,G2147,G2607,GJ502,G2502,G2675,G6538,G8264,G7142,G8281,G8243,G3033,G6539,G8174,GE309,G6530,G2104,G7042,G6649,G6533,G6553,G6745,G2692,G2117,GE311,G6534,GW621,G8261,G8225,G3092,GJ501,G6509,G8183,G2115,G2643,G8151,G6512,G8157,G7033,G8272,G2161,G6659,G2205,GE314,G7053,G2682,G2606,GE312,G6660,GQ017,GJ500,G3075,G6513,G8283,G6697,G6609,GW605,G6501,GE317,GJ200,G6624,GE315,GQ037,G2683,G6536,GJ206,G2688,G8231,G3081,G2665,G3056,GW617,G7046,G6648,G7041,G6550,GE101,G2687,GE308,GQ041,GW413,G3038,GW607,G3037,G7037,G8269,G6535,G3048,G6557,G7048,GW609,G6823,G9467,G6552,G8159,G2174,G2690,G2641,G6524,GE316,G2211,G6643,G7351,G2228,G7353,GW604,G2651,G3043,G8177,G2144,G3044,G2143,G6822,G2151,G8192,G2183,G7141,G7036,GH302,G2136,G2167,G9462,G8195,G6610,G6964,59469,G8173,G2258,G6551,G2142,G6962,G2348,G8134,G8203,GW608,G2622,G2156,G8081,G6721,G6956,GQ005,G6556,G6963,G2327,G6824,G2323,G2659,G8103,G6825,G6606,G8216,G6652,G2155,G6818,G3057,G2634,G2654,G9240,59276,GQ007,G7009,GQ006,G3030,G6958,G2113,G2110,GW603,GW406,GQ035,G9461,G6505,G7068,G3080,G8196,59268,G8194,G8206,GQ045,G2217,G8197,G2658,G2255,G2160,G2141,G3079,G6930,G9460,G8105,G8136,G6827,G7069,G6655,G7766,G8055,G2363,GW405,G8189,G6559,GW615,G8193,G3035,GQ043,G8217,G6820,G8056,G8220,G8223,G2367,G8054,G2656,GQ039,G2254,GQ060,G7017,G6653,G2653,G6562,GQ019,G6955,59473,G6845,G2135,G8204,G2655,G2319,G8219,G6868,G6957,G2351,G8221,G9463,G6861,G3046,G6543,G3095,G6661,GW401,G8287,G6828,G8063,G2257,G6961,G6865,G2103,G8101,G2265,GQ044,G7015,G7018,G8222,G8135,G6864,G6604,G7352,G2536,G8114,G2535,G6965,G6646,G3094,G3058,G6929,GW404,59478,G6819,G6959,G2116,G8137,G7144,GK613,G2271,G2264,G6808,G6821,GQ058,G7016,59279,G8208,GJ505,G6960,G8059,G8126,G7006,G3085,G8052,G8211,GQ059,G2604,G6528,G8109,G2287,G6540,GQ050,G2108,G2306,G6826,G2148,G2285,GW402,G2125,G2137,G2184,G6523,G6966,GH306,G2602,GH300"
112.15,23.23,0.88,0.81,686,"G8180,G2644,G8155,G2646,G8166,G8167,G8172,G8149,G8154,G8181,G8282,G8156,G8179,G8182,G2661,G2645,G9220,G8169,G8276,G8165,GW109,G8241,G8178,G8228,G8171,G3002,G2662,G2643,G8268,G8153,G8247,G8225,G8280,G3072,G2642,GW110,G3007,G3021,G8227,G8243,G8255,G8261,G8176,G8175,G8157,G2605,G8284,G8177,G3074,G2668,G8159,G3073,G2660,G8254,G8283,G8239,GW004,G8240,G8081,G8235,G8170,G2686,G8272,G9201,G8161,GW001,G8164,G2696,G8252,G8158,G9209,GW003,G2684,G9206,G8056,59269,G9200,G8251,G8236,G2622,G9204,G3005,59471,G8134,G8054,G2672,G8150,G8229,G8151,G3006,G2691,G2699,G2671,G3032,GW002,G2634,G9203,G2697,G3004,G8163,G8232,G2695,G2666,G8249,G2667,G2679,G2676,G2694,G8162,G8148,G8055,G8160,G9207,G2689,G8267,G8270,G2698,G2675,G3001,G2692,G8059,G2670,G2641,G2640,G2693,G8183,GW108,G8109,G3024,G8275,G2673,G8256,G8195,G8278,G8260,59278,G8271,G3088,G8257,G8060,G2604,G8035,G2613,GW410,G8285,G8224,G2681,G8192,G8052,G8189,G3025,G8196,G3020,G2626,G8226,G8063,G8230,G3003,G2653,G8174,G2674,G2651,G2680,G8168,G3027,G8246,G8203,G8152,G8217,GW214,G8123,G8238,G2663,G2606,G8118,G8105,G8024,G8274,GH300,G8129,G8244,G3012,GW414,G8135,G8133,GW408,GW415,G2633,G8080,G8139,G8051,G8057,59276,G8140,59470,G2607,G8234,G8106,59271,G8066,G8065,G8141,G3084,G2664,G8250,GW103,G8248,G2659,G8062,G3066,G8262,G8136,G8116,G8206,G8208,GW407,G9361,GW102,G8006,G3031,G3068,G2687,G8082,G8277,G9221,G9362,G2658,G8263,G2656,G2682,G8128,G8204,G8101,G8233,G8209,G8197,G8273,G8071,G3071,G8034,G3033,GW204,G3087,GH302,G3010,G8085,G3070,G8114,G3028,G2688,G2655,GH303,GW212,G9262,GW206,G8103,G8253,G8223,G8194,GH306,GW217,G3016,G8216,G3026,GW101,G8289,G8259,G3022,GW209,G7034,G2683,G8242,G8258,G8211,G2652,GW216,G8130,G2214,G8265,G3086,GW413,G8214,G8221,G8191,G7050,G8193,GE304,G2611,GW107,G8212,G8053,G2654,G7028,G9265,G2690,G8281,G8074,GW412,G7031,G8173,G8279,G8126,59268,G8198,G8222,G7056,GW613,G3069,G8102,G8245,G8264,G7023,G9467,G9461,G8219,G7054,G8137,GE305,G8001,G3038,G9460,GE301,G8019,GW100,G8287,GW409,G9264,G7039,G8067,GH305,G8005,G3082,G3080,G6956,GE306,GW104,G7035,G8072,G8020,G8076,GE319,GW203,GW218,GW411,G8107,GW612,G3062,G3099,G8117,G8220,GW406,G2665,G3041,G8215,G8138,G3023,GE323,G3093,G7029,G8199,GH304,G8269,G3037,G3065,GW208,GW105,G2623,G8200,G7020,G2207,G8083,G8016,GW200,GW401,G2635,GW614,G9268,59264,G6945,G2602,G8075,G9260,G8202,GE322,GE307,G8036,G6962,G2631,GE318,GE321,GE302,G7009,G8122,GE320,G7030,G2677,G2211,GE313,G2632,G6955,G6637,G7049,G3089,G8231,G3015,G3063,G3030,G2630,G8104,G7017,G8113,G2217,G2601,G7032,GW402,G8112,G7044,G3096,G3083,G8058,G7019,GW404,G8070,G8073,G8125,G8119,GW600,G8131,G6965,G7045,G2291,G2287,GE303,GW618,G3034,G2205,G3067,G8124,GE325,G8023,G3064,G7046,G2220,GW215,G8115,G6958,G2625,G3081,G7055,G7015,G9360,G2114,G8190,G8205,G8002,G7042,G7011,59279,G3085,G9463,G3098,G6966,G6961,G8207,G9363,G6951,G6963,G8077,GW405,G7053,GW201,G6953,G7027,G7021,G8213,G7024,G3036,G7016,GW403,G7037,G6959,G7026,G7018,G9267,G6957,G6825,G2285,G3011,GH301,G8201,G3076,G3060,G6964,GE324,GR066,G6944,G9263,GE314,GW106,G6938,G3035,G8022,G8061,GE310,G7006,G2290,G2228,GW213,G6960,G2636,GE317,G2286,G3053,G2720,GJ506,G6828,G8025,G6954,GE311,G2224,G2299,G6933,G2210,G8079,G8100,G7003,G2288,G7022,G3091,G9242,GE309,G6622,G2289,G3059,59270,G2297,G7013,G8132,GQ033,GE308,G6946,G6934,G8127,G6952,G7014,G6939,G3040,G8078,GE312,G2215,G2227,G6850,G6948,G6937,G7043,G3018,G8069,GQ042,GW619,G2254,G6941,G9462,G6942,G6967,G7048,59462,G6865,GQ034,G3014,G2107,G2296,G7001,GW211,G6842,G2255,GE315,G2345,G2140,G7033,G7008,G7025,G8004,G3045,G2175,G2355,G6843,G7041,G7040,G6822,G8014,G2298,GW210,G6947,G6625,G7038,G6935,G2624,G8033,GW601,G9261,G7065,G6506,G6827,G3017,G7061,G2271,G8032,GR067,GE101,GW602,G2218,G3013,G7004,GW604,GE316,G3061,G6936,G7000,G7010,G7012,G7068,GR070,G6949,G6823,GW620,GJ504,GW205,G8084,G2273,G2258,G6839,G2145,G6950,GR032,G2212,G3052,G8007,G7062,G6943,G6862,G2294,G8015,G7058,G6866,G6832,GW617,G2616,G7036,G6826,G6929,G6840,G6620,G6820,G3119,G2372,G3054,G6824,G3409,G6838,G8038,G7069,G7005,G7002,59288,G3090,G2292,G2216,G6808,G6849,GW606,G3042,G8321,G8037,G7064,G3253,GE017,G8322,G6531,G2726,G2612,G7143,G3044,G2115,G6868,G6821,GW207"
112.15,23.69,0.89,0.81,450,"G8060,G8006,G2613,G8001,G8020,G8051,G8024,G8080,G2626,G8016,G8005,G8056,G8071,G2611,G8019,G8036,G8054,G8023,G8035,G8034,G8074,G8081,G8002,G8072,G8177,G8022,G8076,G8025,G8116,59270,G8059,G2623,59271,G8065,G8085,G8066,G8109,G8070,G8082,GH304,G8075,G8159,G8104,G8073,G2643,G8004,G8138,G2622,G8032,G2636,G8134,G8014,G8132,G8225,G8061,G2604,G8106,G8077,GH305,G2634,G8007,G2635,G8055,G8062,G8052,G8178,G8015,G8083,G8157,G8133,G8033,G8179,G8037,G8100,G2616,G8038,G8261,G8156,G8247,G8058,G8283,G8010,G8018,G8079,G8067,G2662,G8123,G2612,G8057,G8118,G8154,G8039,G8243,G8078,G8117,G8276,G8053,G8129,G8084,G8272,G8130,G8063,G8227,G8131,G8155,GH300,G2624,G8175,G8172,G8069,G2633,G8107,G8268,G2614,G8171,G8189,G8139,G8009,G2653,G8128,G8140,G2615,G8149,G2646,G8013,G2625,G8021,G8255,G8008,G8196,G2605,G8180,G8141,G8195,G2644,G2642,GR009,G8151,G8240,G8228,G8170,G8031,G8217,G8135,G2641,G8064,G8214,G8181,G8176,G8028,G8289,GH303,G8241,G8029,G8105,G2652,G8191,G8192,G2660,G8215,G8102,G2684,GR003,G8167,G8203,G8150,G8026,G8208,G8003,G2661,G8202,G8012,G8166,G8209,G8213,G8333,G8027,G8158,G2706,G2632,G8201,G8190,G8212,G8030,G8200,G2651,G2692,G8183,G8520,G2726,G8282,G2760,G8163,G8400,G8153,G2675,G8280,G2691,G2707,59276,G8199,G8165,GH306,G8239,G8330,G8122,G8101,G8205,G8413,G8182,G9220,GR066,G8017,G8204,G8136,G8161,G2730,G8206,G2656,G8406,G8114,G8164,G2720,G2645,GR065,G8254,G8198,G8211,G3074,G8169,59269,G2658,G2659,G2722,GW109,G8125,G8525,G8162,G8011,GW110,G2655,G8197,G2606,G8174,GR071,G3072,G3002,G8148,G2697,G8284,G2674,G8335,G8223,G8119,G3021,G2725,G3032,G8207,G8124,G8126,G8221,G2686,G8113,G2673,G2680,G8160,GH301,G8322,G2694,G2640,G2630,G8194,G2696,G2668,G8152,G2695,59264,G6941,G8519,G2681,G8222,G8321,G6945,G8331,G8168,G6939,G8137,G2740,G8235,G2224,G8193,G8506,G8112,G8103,G2671,G2220,G3007,G8252,G8216,G2672,G2676,G2698,G2699,G8323,G2687,G6967,G3073,G8517,GH302,G8404,GR067,GR070,G8219,G2693,G8287,GR059,G2689,G8435,G2679,G2299,59268,G2601,G2654,GR054,G8324,GW415,G2607,G8325,G2666,G8127,G2670,GR052,G2667,59075,GR064,G8257,G2682,G8232,G9460,GW004,G8328,G8402,G9461,G8251,G6942,G2602,G8267,G8320,G7008,G8332,G2761,G2631,G8173,G8278,G2688,GW410,G8512,GW001,G9201,G6937,GR063,G6944,G8326,G8236,G3080,G9206,G2227,GR032,GR069,G2677,G8334,G8432,G9200,G9204,GW003,G8313,GW413,G8226,G8433,G8115,G9209,G2690,G8270,G2683,G8431,G8220,G8229,G2703,GW401,59471,G6956,G3033,G3005,G6946,59278,G3088,G6938,G8249,G7000,G8244,GW402,G7003,G6951,G2210,GW406,G2291,G3006,GW403,G7004,G9203,G2724,GW414,G8285,G9467,G8250,G8274,G8418,GW002,G8407,G8263,G3004,G8256,G7011,G8421,G8224,G3038,G2701,G3024,G2723,G8260,GW404,G8509,G6943,G8238,G2290,G6955,G3409,G2287,G6948,G7010,G8336,G9207,G6947,G6965,G7017,GW108,G8234,G8277,G3036,GR055"
112.15,24.15,0.89,0.81,295,"G8028,G2614,GR003,G8029,G8003,G8010,G8009,G8413,G2730,G8400,G8406,G8021,G8037,G8018,G8012,G8027,G2615,G8032,G8011,G8007,G2612,G8039,G8008,G8026,59270,G8038,G8025,G8015,G2740,G8404,G8030,G8004,G8022,G8017,G2616,G8435,G8014,G8031,G8402,G8023,G8520,GR052,G8002,G8431,G8432,G8433,GR054,G8016,G8033,G8418,G8036,G8132,G8407,G8517,G8020,G8519,G8013,G2636,G2706,G8001,G8421,G8430,G8425,GR009,GR055,G8525,G8061,G2760,G8005,G8506,G8084,GR047,G2707,G8070,G8019,59075,G8077,G2761,G8100,G8427,GR059,G8420,G8073,59074,G8072,G8513,G8079,G8104,G8424,G2611,G2623,G2763,G8076,GR048,G8521,G8405,G8006,G2624,G8075,G8074,G8078,G8330,G8333,GH304,G2742,G8071,G8138,G8064,G8401,G2764,G8034,G2741,G8069,G8509,G8051,G8409,G2725,G8512,G8080,GR051,G8337,GR005,G8336,G8024,G2635,GR053,G8058,G8423,GR046,G8429,G8060,GR019,G8083,GR049,GH305,G2613,G8408,G8419,G8085,GR058,GR063,G2733,G8514,G2626,G8116,GR008,G2708,G2757,G8325,GR002,G8529,G8518,G8082,G8416,G8528,59271,G8415,G8065,G8516,G8131,G8066,G8410,G8426,G8338,GR057,G8411,59071,G8035,G8523,G8067,GR007,G8324,G8554,G8117,GR068,GR014,G8526,G2625,G8465,G2731,G2762,G8460,GR018,G2726,GR013,G2722,G8106,G8056,G8507,G8054,GR044,G8062,G8469,G8059,G8053,G8403,G8109,G8428,G8107,G8452,G8464,G8081,G8133,G8446,G8130,GR004,G8316,G8317,G8332,GR050,G2774,GR071,G2765,G2604,GR020,59072,G8177,G2721,GR056,G8511,GR065,G8057,G8422,G8543,G8052,G8123,G8555,G8323,G2622,GR006,G8118,G8134,G8055,G8159,G2766,G8467,G2634,G8508,G2724,G8462,GR064,G8331,G8201,G8129,G8213,G8128,G2753,G8326,GR012,G8564,G8442,G2770,G8190,G2643,GH300,G8335,G2633,G8515,G8447,G8139,G8140,G8215,G8063,G8225,G8524,G8214,G8328,GR043,G8202,G2632,G2752,G8157,G8141,GR010,G8283,G8443,G8322,G8289,G2653,G8178,G8261,G8189,G8102,GR066,G2652,GH303,G8566,G8510,G8191,G8200,GR021,GR016,G8247,G8179,G8205"
112.15,24.62,0.89,0.81,214,"G2741,G8424,G8420,59074,G8429,G2733,G8409,G8430,G8401,GR046,G8410,GR053,G8411,G8416,G8423,G8415,G8418,G2742,G8425,G8408,GR049,G2731,59071,G8426,G8405,G8431,GR047,G8338,GR051,GR014,G8403,G8407,GR002,GR048,G2757,G8427,GR013,GR019,G8402,G8428,G8432,GR050,G8464,GR055,G8435,GR018,G8422,G8433,G8404,G2764,G8460,G8421,G8446,GR052,59072,G8465,G8521,G2740,G8462,G8467,GR005,GR020,G8406,G2730,G2752,G8513,G8413,GR016,GR054,G8011,G8516,G2763,G8452,G8443,G8453,G8469,G8442,GR017,GR008,G8400,G8449,G8003,G8337,G2762,GR003,G2756,G8468,G8517,GR007,G8029,G8447,G8028,G2753,G8523,G8017,G8463,G8012,G8027,GR021,GR015,G8419,G2708,G2750,GR058,G8511,G8519,GR004,G2761,G8457,G8508,G8030,G8026,G2614,59075,G8458,G2765,G8514,G8526,G8450,GR010,G8009,G8316,G8317,G8440,GR012,G8506,G8021,G8520,G2751,GR059,GR006,GR022,G8509,GR057,GR023,G8454,G2615,G2758,G8518,G8528,G8515,G8008,G8010,G8336,GR011,G8456,G8507,G8529,G8451,G8445,G8525,G8031,G8018,G8037,G8448,G8441,G8039,G2612,G8455,G8512,G2706,G2767,G8038,GR056,G2760,G8007,G2766,G8032,G8015,G2707,G2616,G8444,G8554,G8500,G8510,G8004,59270,G8014,G8025,G8524,GR063,G8013,GR009,G8022,GR068,G8564,G8501,G8330,GR044,G8033,G2725,G8002,G8023,GF706,G8132,G8333,G8325,G8084,G2636,G8502,G2770,G8016,G2721,G8503,G4555,G8036,G8061,GF705,G8020,G8100,G4540,G8504,G8324,G8542"
112.15,25.08,0.90,0.81,139,"G8440,G2756,G8463,G8453,GR017,G2758,GR015,G8451,GR016,G8449,G8450,G8456,G2752,GR023,G8422,G2750,G8462,GR050,G8443,G8403,G8467,G8428,G8464,G2731,59072,G8468,G8454,G8411,G8410,G8446,GR013,G8458,GR014,59071,G8415,G8416,G8426,G2751,G2733,G8338,GR018,G8442,G8429,G8455,GR020,G8460,GR046,GR022,GR002,G2741,G8408,GR053,GR021,G8423,GR049,G8409,G8441,G2757,G8465,G8401,G8445,G8447,GR019,G8457,G8444,GR051,G8424,G2742,G8452,59074,G8420,G2753,G8448,G8405,G8469,G2764,G8430,GR048,GR047,G8427,GR010,G8425,G8516,GR005,G8418,G2762,G8508,G8407,GR055,G8521,G8431,G8511,GR011,GR008,GR007,GR012,G8432,G8421,G8402,G8433,GR004,G2767,G8523,G2765,G4564,G8513,G8515,G8500,G8435,G8501,G8404,G2763,GR006,G8337,GR052,G8317,G8316,G2740,GF208,G2708,G8419,G8502,G8503,GR054,G8504,GR058,G8526,GF209,G4566,G4545,G8505,G4649,G8406,G2730,G8514,G8011,G4542,G4567,G8413"
112.60,21.38,0.87,0.81,108,"G6526,G6503,G6710,G2154,G6591,G6618,59672,G6709,59673,G2185,G6590,G6522,G6611,G2157,G6527,G2360,G2359,G2122,G6592,G2320,G2105,G6705,G6701,GQ012,G6520,G2321,G6708,G6704,G7311,G2180,G6608,G2153,GJ202,G7328,G7316,G6703,G6707,G6521,G2338,G2186,G6529,GQ009,GQ010,G2187,GQ008,G2188,G6528,GQ051,G7321,G6646,G6613,G7317,G2182,G6773,G2108,G2325,G2106,G2310,G6653,G6612,GJ505,G7320,G7319,G2160,G6523,G6655,G2158,GQ019,G2156,G2304,G2326,GQ020,GQ055,G2322,G2318,59663,G2305,G2309,GQ002,G6652,G7312,G6607,GQ004,G2327,G2307,G6505,G2167,G6643,G6771,G6603,G6535,G2152,G2174,G6615,GQ003,GQ001,G2181,G6772,G2184,GQ052,G6513,GQ018,G6648,G1235,G1234,GQ039,G2314,G6512"
112.60,21.85,0.87,0.81,373,"G2157,G6522,G2122,G6520,G2180,G6701,G6705,G2105,G6591,G6592,G2153,G2188,59673,G2154,G6590,G6611,G6527,G2108,G6526,G6709,GJ505,GJ202,G2185,59672,G6618,G6521,G6528,G6523,G2106,GQ012,G6612,G6773,G6503,G6710,G6646,G6653,G6613,G6529,G2182,G2321,G6505,G6608,G2156,G6708,G6704,G2160,G2174,G2359,G6535,G2184,G2360,G6655,G6703,G6707,G2186,G2152,G2187,G6603,G2320,G6513,G6643,G6512,G7311,G6624,G6607,GQ051,GQ019,G2167,G6525,G2158,G6652,G2151,G2327,G2181,G6745,G6771,G6774,G6615,G6539,G6772,G6648,G6519,G6649,GQ010,59478,G2170,G6605,G6657,G6538,G6606,GQ009,G2162,GJ203,G6647,G6770,G6524,G2338,G2173,G7321,GJ206,G2322,G6533,G6659,G6515,GJ200,G2176,G6510,G2166,G2161,G2191,G6536,G2150,G6514,G6747,G2318,G6511,G6642,GJ501,GJ500,G2325,G6644,G1225,GQ039,G6509,G6502,G2164,G6537,G3982,G3983,G2111,G2183,G1235,G1234,G6564,59477,G2326,G6530,GJ205,G1208,GQ020,G1269,GJ204,G6604,GJ201,G2163,G3999,G6658,59475,G2190,G6532,G6534,G2109,GJ106,G7312,G6610,GQ007,G6656,G2165,G6645,59663,G6640,G6698,G1202,G3966,G2155,G2307,G1268,G1274,G2193,GQ055,G6626,G7316,G7328,G6641,G1214,GJ100,G2177,G2134,G1203,G6706,G6702,G7320,G7319,G2168,G2110,G2138,G3985,G3984,GJ101,G2178,GJ108,G1241,G6609,GJ102,G3958,G1254,G1207,G6699,GQ052,G2305,G6501,G2172,G3986,GQ008,G2120,G2328,59682,G1286,GQ005,GJ103,G2323,G3993,G3954,G6504,G6721,GJ107,GQ006,G6722,GJ104,G2319,G2171,G2310,G6724,G6621,G3968,G6516,GJ502,G6500,G6557,GQ018,G6623,GQ002,G6531,GJ105,G1293,G3967,G6650,GJ507,G1290,G3957,G6651,G1278,G6720,G6660,G6558,GQ004,G1260,G3951,G7317,GJ503,G6620,G3990,GW207,G2309,G6593,G3962,G2103,G6546,GQ003,G1253,G2147,GJ504,G2112,G2136,G2133,G2130,GW202,G1273,G2104,G6625,G2137,G6507,G6508,G2175,G3950,G2308,G3965,GQ001,G6638,G6554,G2107,G6506,G1297,G2132,G1265,G3963,G9261,G6556,G1255,G6697,G1251,G1289,G7142,G6518,G3013,G3955,G1222,G1250,G3964,G2192,GQ011,G2118,G2135,GW210,G2314,GJ506,G6517,G2317,G1298,G1264,G1205,G6622,G1258,59487,GQ040,G2367,G1218,G2194,G1210,G2304,G3952,G3956,G2311,G9267,G2198,G1299,G3061,G1257,G3969,G3060,G7190,G6553,G2197,G1256,GQ050,G3017,G3011,G1220,G9363,GQ023,G3988,G2146,G2143,G3960,G3987,G3989,GW211,G6552,G2141,G1259,G3961,G1263,GW213,G3959,G9360,GW201,GQ017,G2330,G1261,G2365,GQ013,G6560,59476,G3953,G2131,G1252,G6723,G7331,G7141,G2140,G2031,G2117,G1262"
112.60,22.31,0.88,0.81,781,"G6533,G2176,G6538,G2173,G6502,G2170,G6537,G6539,GJ501,G2151,G6524,G6536,GJ500,G6624,G6509,G6532,G6530,59475,G6511,G6606,G6534,G2177,G2178,GJ205,G6626,GJ204,G2166,G2183,G6505,G2172,G6656,GJ203,G6644,G2174,59478,G2184,G2165,G6504,G6623,G6657,G6610,G6609,G6510,GJ507,G2171,G6774,G2109,G6501,G6525,G2162,GJ502,G6523,GJ503,G2155,G6620,G6535,GJ505,G2164,G6604,G2110,G6513,G6515,G6641,G6507,G6508,G6660,G6557,G2108,G2147,G6747,G6512,G6647,G2152,G2150,G6721,G6506,G6625,G2104,G6638,G2188,G2107,G6603,G2106,G2156,G6605,G2118,G6514,G6612,G2136,G6622,G6531,GJ504,G6519,G2175,G6697,G6621,G2163,G6745,GJ506,G3011,G6773,G6653,G2103,G6649,GW201,G6642,G6556,G2146,G6553,G2140,G6564,59477,G2138,G6528,G2168,G6724,G6699,G6558,G7021,G2114,G6643,G9267,G2180,G6646,G2137,G2160,G6520,G6552,GW207,G6613,G2145,G2143,G2135,G2117,G6650,G2182,G6637,G9363,G9261,G2153,G3060,G2190,G2130,G2181,G6720,GJ102,G6521,GJ105,GJ101,G6655,G6770,G6648,G2141,GW200,G6640,GJ108,G6615,G6607,G6516,GW208,GJ104,GJ202,G2192,GJ103,G9360,G3065,G6772,GJ100,G2167,G2191,GW202,GJ107,G2134,G6500,G3013,GW210,G9268,GE303,G6546,G6554,G7040,G7030,G3015,G6659,G7044,G7035,G6771,G6529,GE302,GJ206,G2212,G6722,G2161,G6652,G2327,GE305,GJ200,GW213,G7056,G2194,G2132,GJ106,G6706,G6702,G6698,G6705,G6701,G2197,G2120,59476,G6560,G7025,G3069,G2195,G6543,G6593,G3062,G7054,G7031,G2105,G3063,G2122,GE306,G6540,G7029,G6651,G7028,G7045,GW211,G2133,G3061,GQ019,G7038,G2214,G2111,GJ201,G2193,G6658,G3017,GW209,GE307,G6645,GE304,G2157,G2115,G6592,G2125,GW218,G3067,G6555,G1268,GW212,G9264,GW216,G7055,G7022,G7026,G9260,G6517,GE322,GE301,GQ012,G2127,G2101,G2158,G6542,G7034,G1202,G7050,G2198,G1269,G2112,G7043,G9265,G3018,G3966,G3954,G6550,G3958,G9262,G9361,G6518,G2142,G6522,G2187,GW215,G7049,G1225,G3967,G7039,G6551,G8262,G2129,G3066,G2321,G2186,G6608,G2215,G2131,G3010,G1257,G2144,G8242,G1265,G6704,G6708,G8273,G6703,G6707,G2207,G6544,G1254,G3957,G1253,G6541,GW205,G2365,G6562,G2116,GE325,GE320,G3986,G3068,59473,G1264,G3982,G3983,G2126,G9362,G3965,GE319,G1251,G1208,GQ051,G2196,G6527,G7027,G2128,G7032,G1290,G6723,G6559,G1260,G3955,G2102,GQ039,G6700,G2322,GW206,59470,G3064,GE323,G3993,GE324,G1263,GW203,GW214,G2663,G3988,G3012,G8259,G1255,G6590,G3014,G6611,G2123,G7024,GW217,59673,G3016,G2057,G6661,GE309,GE310,GQ007,G1278,G3969,G3968,G6548,G7033,G9263,G3959,G1235,G1234,G2064,G6549,G1241,G2124,G2113,G3999,GE321,G6591,G2039,G2185,GE101,G3964,G7019,G8230,G2148,G6709,G7143,G2257,G3963,G1274,G2318,G1262,G8279,G6823,G2046,G8248,GW204,G3961,G2021,G2055,G3956,GE311,G6910,G3962,G8271,G8258,GE312,GE315,G6818,G7311,G7036,G2342,G7041,G8233,G3952,G2060,GQ010,GE318,G6861,G8275,59672,G6618,GE233,G2020,G2265,GQ005,G7023,G3950,GE231,G3989,G3951,G2323,G1261,G8246,GE316,G6216,G1250,G6856,G6207,G2019,G3001,GE227,59487,G1207,G7142,G6930,G7042,GE232,GQ006,GE313,G7057,GQ009,G8260,G6824,G2154,G6212,G2237,GQ056,GQ034,GE314,G3985,G3984,G2359,G2047,G2241,G8256,G7321,G2355,G2088,G8224,G7048,G2320,G2079,G1289,G2075,GE308,G1259,GE317,G2063,G2070,G2235,G2018,G6819,G2058,G2360,G2078,G6907,G2664,G3071,G3027,G7053,G1258,G2319,GE228,G6822,G2258,G8238,G8265,GE208,G2347,G2017,G8285,G2002,G2067,G6526,G8249,G7020,G3990,G1293,G2087,G6845,G1203,G6864,G6205,G6217,G3960,GE209,GW104,G2353,G6201,G3953,G2031,G2059,GE210,59278,GE229,G8234,G2326,G2338,G8270,G2076,G8245,G1214,G2354,G6911,G7069,G3987,G6906,G1297,G6920,G2069,GQ020,G2205,G8229,G6503,G6710,G1298,G2325,G8274,G3006,GE230,G6919,G2011,G2001,G6215,GE212,G2033,G6931,G6863,G6214,G6868,G6820,G7312,G8236,G6208,G2029,G1273,G8277,G1210,G2024,G2246,G7037,G1256,G1286,GQ017,59682,G2208,G3025,G1252,G8251,G2034,G7068,G2263,GE236,G2228,G2007,G3023,G2328,G1220,G6202,G3005,G2012,G2082,G6204,G8226,G8267,G8232,G2036,G7046,GE237,G2264,GW106,G8253,G8278,G8244,G6203,G2667,59663,G2307,G2345,G2666,G6811,G2054,G3003,G2239,GW107,G2084,G2236,G2030,59485,G9221,G9209,G1299,GQ042,G2226,G6905,GE215,G8250,GQ052,G2035,G1218,G3028,G2004,GE218,G6827,G2065,G1240,G6904,G6821,G2367,GE226,G6908,G2679,G2077,GE211,G2013,GE235,G8231,G2670,GE225,G2009,GE214,G7141,G2372,G6209,G2037,G1206,G2010,G2061,G8264,GE028,G6808,G8257,G8263,GE223,G2068,GE027,G6213,G7353,G2689,G6964,G1222,GQ055,GE020,GQ031,GE234,G2083,G2062,GQ033,G2225,G2699,G1238,G6925,G2672,G8252,GW002,G6929,G2025,G2016,G2255,59469,G6901,G8235,G6917,G2015,59480,G3980,G3070,GE219,G8281,GW105,G3020,G1205,G1295,G2693,G2085,G2040,G2081,G2676,G2671,G3200,GE240,G6809,G2202,G2080,G1232,G6902,GE205,GQ011,G2668,GE217,G2362,GE201,G2014,G9201,GE220,59471,G2698,G2044,G6913,GQ050,G6211,G2665,GE221,G2696,G2090,G6803,GE026,G2026,G2244,G3004,GE017,GE222,G2003,GQ041,GQ018,GW003,G6963,G6825,G2344,G2686,G2027,G7351,G2254,G2086,G2305,G6909,GE018,G2230,G2211,G2096,G2238,GW001,G6826,G8269,G6801,G2050"
112.60,22.77,0.88,0.81,1217,"G7029,GE307,GE302,G7044,GE303,G7045,GE301,GE322,GE306,G7030,G7039,G7050,G7055,G8242,G7049,G7034,G7054,G2207,G7026,GE319,GE304,G8273,GE320,G7021,G2140,G8259,G7040,G7028,G2114,G7022,G7025,G7032,GE325,G7031,GE323,G2145,GE305,G7038,G8248,G7043,GW200,G8279,G8262,G8258,G7027,G2212,G8233,G2214,GW201,G7056,G2215,G7035,GE321,G7023,G7019,GE324,G7024,G3011,G2663,G8246,GW209,GE318,GW208,GE310,G6637,G2664,G8230,G6506,GE309,G8238,G6622,G8265,G6508,G6507,G2115,G2146,G2118,G8224,GE313,G9361,G8234,G6638,GW212,G8285,G8260,G7033,GE311,G3065,G8256,G2117,G8274,G7042,59278,G8245,G7020,GE312,G6550,G6553,G8277,GJ503,GE315,GE314,G8270,GE101,G6625,G3069,GJ507,G6620,G2107,G7041,G6623,G8275,G3066,G7053,G8226,G8244,G6823,GE317,G8253,G2144,G8278,G9268,G2147,GJ506,G2104,G8271,G8267,GE308,G8250,G2205,G7048,GE316,GW216,G8249,GW214,G8232,G6697,G2667,G7036,G2666,G6551,G2142,G6552,G2670,G6504,G2172,G8263,G8257,G2679,G2171,G6822,GJ502,G2689,G3001,G7037,G8264,G2178,G2143,G7046,G9267,G6818,G2258,G6824,G2693,G2113,G6660,G8251,G2699,G2228,G2177,G8281,G8231,G9262,G2676,G2672,G3015,G2698,G6559,G2671,G3012,G3062,G6930,G2175,G8252,G8236,G8229,G6626,G9363,G3068,G6562,59473,G3010,G7069,G8235,G2665,G9264,G6557,G2696,G2695,G6501,G9265,G7068,G6661,G6964,G6861,G6609,G2136,G6556,G2257,59470,G6532,G9362,G2141,G6820,G6845,GW218,G2265,59475,G2686,G9360,G3060,G8269,G2694,G6543,G2211,G2116,G2668,G6827,G6868,GJ504,G3006,G6864,G6819,G6534,G2255,G6963,G6530,G2681,G6825,G2148,G6656,G2607,G2697,G6537,G8284,G3063,G2673,G6502,G2135,G6721,G2264,G6856,G6540,G2683,G8254,G2165,G6821,G2254,G6929,G2125,G6907,G6808,G6509,G3005,GJ205,GJ204,G7057,GE210,G2263,G6863,G9260,G2126,G2682,G6958,G6931,G6811,G2688,G6962,GJ501,G2195,G6610,G9209,GJ500,G2680,GW206,G2225,G2103,G2110,GE027,G2155,G6865,G2241,G2690,G6531,G2271,G3200,GE209,GE208,G8239,G2183,G6826,G6906,G2109,G2226,G2176,GE017,G6536,G6541,G6641,G2674,G7009,G9261,G3067,G2129,G6828,GE020,GW217,G6533,GW213,GE028,G2137,G3027,G6511,G6809,GE018,G3016,G6621,G2217,G6849,G6957,G2173,G8280,GE026,G7058,G2687,GE218,G2202,G6802,G2192,GE227,G6956,GE212,G2273,G6560,59476,G6700,G2691,G6644,G6961,GW210,G7018,G6801,G6910,GW204,G6812,G2208,GE233,G3002,G2235,G6851,G6810,G7017,G2101,G9220,G3007,G6524,G6959,GE240,G2606,G6544,G3013,G6960,G6555,G6558,G6803,G7015,G6542,G6538,G2166,G7006,G2128,GE005,G6908,G6955,GE019,GE219,G7061,G6866,G6604,G6807,G9201,GE236,GE006,G7016,G6842,GW215,G6844,GW203,G6925,G6919,G8182,GE025,G2170,GW207,G7014,GE235,G8220,59279,GW002,G2675,G8169,GE220,G3025,GE008,G2197,G2130,G2654,G6965,G2661,GW004,GE007,G2204,GE014,GE231,G6804,G6814,G2267,GW211,GE009,G6724,G2285,G2270,G2237,G7065,G6850,G6905,G6554,G2127,G6606,59471,G7013,GE013,GE012,G6909,G6539,G2660,G6920,GE011,GW001,GE217,GW003,G2164,GE015,G8216,G6838,G7062,G8282,G6917,GE229,G2234,GE228,G2221,G2692,GE010,G6966,G2684,GE029,G2194,GE024,G2287,G6510,G2151,G8241,G2289,GE234,G2239,G6867,G2124,GE214,G6805,GE230,G3003,G3071,GE023,G3061,G3017,G6650,GW202,GE232,GJ203,59288,GE001,GE016,G6806,G2201,G6839,GE022,G6800,G6832,G6954,GE237,G6953,G3004,G7001,GE205,G3018,GE030,GE031,GE032,G8193,G8194,G2238,G2055,GE002,G6216,G6833,G8219,G6933,G6699,G8167,G2645,G8287,G6720,G6624,G3064,GW109,G2138,G6843,G2659,GE004,G8228,GE204,59478,G2246,G9200,G8166,G6813,G6546,G6747,G6952,G2223,G6657,G9203,GE021,G2291,GE003,G2168,G8240,G2244,G2677,G2233,G2162,G2222,G8197,G2280,G2021,G2288,G2605,G8223,GE211,G6911,G6902,G2163,G9204,G2132,G6855,G2651,G6515,G2150,GJ105,G7064,G2064,G2602,G3020,G2286,G6862,G6904,G2658,G6835,G7011,G2256,G8222,G2123,G9207,G2259,G6847,G8221,G9206,GE202,G8255,G2196,G8206,G2260,59276,G2297,G2079,G2261,G6516,G2033,G2253,59480,G2655,G6774,G6860,GE201,G6840,G6915,G6923,G7059,GE215,G6950,G6853,G2656,GJ104,G9221,G6903,G6934,G9263,G8268,G8192,G6500,GE226,GW104,G6525,G6918,G2290,GE223,G2198,G2274,G6514,G6647,G2236,G2057,G2069,G8203,G7002,G8204,GJ103,G6202,G3073,G2230,GW205,GE206,G6951,GJ107,G2131,G7060,GE213,G7067,G2276,GE239,G6901,GE225,G3014,GJ102,G6517,G6564,59477,G9573,G3028,G7012,G8227,G2279,G6836,G2272,G6841,GE221,G2012,G2078,G8211,G6834,GE207,GJ101,G6900,G2184,G2174,GE238,GE216,GW107,G6848,GJ108,G2245,G2218,G2296,G8180,G2133,G6593,G2001,G8172,G7066,G8195,G6817,G7005,G2601,G2102,G8272,G6505,G2209,G7063,GE222,G3021,G6926,G2047,GW108,G6548,G2216,G6916,G6642,G6935,G2281,G8276,G3072,G6938,G9807,G8243,G2013,G3070,G2219,G2252,G2268,G2020,G6722,G6949,GJ100,G3023,G3156,G2365,G9793,G2242,G6852,G6605,G2292,G6212,G2039,G2134,G6948,G2059,G6512,G2232,G8198,G8165,G6945,G6837,G9806,G1070,G6513,G3254,G2240,G3117,G6924,G2190,G6913,G1257,G6640,G6535,G8217,G6830,G2011,G3310,G2210,G2662,G9804,GW103,G2295,G6205,G8196,G3249,G3237,G1088,G2248,G2082,G6651,G2040,G6927,G8208,G6209,G8247,G6816,G7003,G2644,G6519,G6518,G6723,G8155,GE203,G2298,G2251,G2294,G9802,G2152,G9710,G8283,G6858,G8261,G3134,GW110,GQ034,G3107,G2034,G9803,GE224,G8209,G2206,G6944,G9792,G9706,G9805,G2266,G3452,G9797,G2075,G9523,G9796,G9791,G3145,G8189,G8154,G2355,G2061,G6946,G6745,G3024,G9800,G9726,G2243,G6947,G8181,G2120,G9746,G2014,G1049,G6215,G9576,G2247,G2231,G6523,G2653,G3347,G6829,G7143,G6649,G3324,G6603,GW102,G3451,G9539,G9801,G2646,G1092,G9794,G1094,G3236,G6936,G2063,G1033,GW105,G2112,G9498,G3108,G9588,G2046,G1044,G6217,G3157,G6549,G1069,G2282,G6857,G2056,G9799,G3022,G6706,G6702,G2015,G9472,G2019,G3225,G9473,G9798,G1047,G9474,G3222,G9587,G1264,G3253,G2342,G2293,G1265,G9795,GJ505,G8153,G6831,G1263,G3256,GW106,G2067,G2220,G2275,G3450,G2090,G9487,G8063,G9575,G8149,G3444,G8225,G1000,G9708,G9475,G7010,G1045,G6912,G2002,G9477,G6698,G8212,G9476,G2156,G9825,G2108,G9471,G6859,G3988,G3447,G9543,G9515,G9470,G2227,G1087,G3252,G3119,G3129,G2249,G9824,G3410,G8156,G3074,GJ106,G2250,G9778,G3093,G9771,G1046,G9815,G3224,G3137,G3138,G3402,G1251,G3111,G2191,GW613,G2044,G3404,G1093,G2088,G3223,G8055,G6937,G2193,G9544,G3959,G2087,G3112,G1043,G2032,G2345,GQ042,G1037,G9589,59481,G1015,G1097,G3219,G7004,G2106,G2622,G6207,G9722,G9501,G6770,G3218,G9541,G2299,G6612,G2060,G6943,G1051,G1262,G1009,G3449,G9788,G2007,G6201,G6643,G2652,G9996,G3955,G2072,GQ033,G8191,G9488,G9500,G3435,G3101,G1053,G3967,G2188,G8289,G3965,G9782,G9777,G2016,G8199,G6645,G9508,G9567,G3954,G9517,G1268,G3969,G8179,GW408,GW618,G3339,G9518,G3403,G6942,G3255,G3316,G3128,G9845,G1039,G1253,G3345,G7000,G9772,G2024,G9478,G3314,G9505,G9524,G6659,G2018,G9725,G6648,G9770,G2181,G3026,G3141,G3088,G6658,G7008,GJ201,G1016,G9844,G3110,G9506,G3220,GW101,G1001,G9547,G2022,G3344,G3443,G9720,G8052,G8214,G6773,G6653,G3241,G9834,G2041,G2161,G1071,G3142,G2062,G1026,G9507,G2353,G8207,G1095,G6615,GA006,G9742,G9499,G3309,G3961,G2096,G3409,G9747,G3362,G9545,G9723,G9548,G1255,G6772,G3131,G3099,G2029,G1010,G2111,G3130,G3958,G2009,GJ200,G2065,G2604,GJ206,G9504,G3957,G6214,G9491,59485,G2093,G9773,G2224,G1202,G2076,G2160,G3412,G9813,G2030,GQ056,G3221,G8171,G3084,G2372,G3420,G3242,G9510,G6607,G2643,G3102,G9846,G3330,G2167,G9590,G8178,G3346,G3155,G9721,G8057,G2092,G2094,G6528,G3041,G3966,G8164,G8200,G3126,G9847,G6771,G9745,G6646,G2025,G9724,G9570,G9546,G3209,G1261,G1099,G2099,G9779,G9709,G9566,G3956,G1086,G6211,G8161,G3135,G6967,G1290,G9571,G9829,G3125,G6655,GR032,G2182,G6613,G1260,G3964,G2642,G6939,G8059,G9489,G6213,G2058,G6203,G3442,G3132,G3989,GW100,59269,GW612,G1054,G1269,G1042,G8176,G3407,G3411,G2004,G3032,G2080,G8081,G2327,G1011,G8202,G8177,G3113,G3448,G9563,G9577,G1254,G3986,G8215,G3952"
112.60,23.23,0.88,0.81,1144,"G2674,G2606,G2680,G2675,G2692,G2681,G2673,G2687,G2607,G2691,G2682,G2651,G2659,G2688,59276,G2697,G8216,G2694,G8197,G2658,G8206,G8194,G2684,G8192,G8203,G8223,G2654,G2683,G2656,G8193,G2690,G2655,G8204,G8221,G2695,G2698,G2693,G8219,G8222,G2660,G6956,G8287,G8195,G8239,G8263,G8257,G8240,G8211,G8250,G2676,G8220,G8244,G8217,G2670,G2689,G8281,G8196,G8208,G2671,G8226,G8253,G2605,G8254,G2602,G8198,G8209,G8278,G8277,G8264,G2679,G7009,G6955,G8255,G2677,G2699,G8189,G8274,G6962,G7017,G2696,G8269,G2665,G2653,G2217,G8272,G8234,G2672,G8280,G6965,G8267,G2686,G2287,G6945,G2291,G2667,G2211,G2601,G2666,G8227,G2664,G8063,G8228,G8238,G8245,G7015,G8212,59279,G8252,G8265,G7011,G8232,G6966,G8241,G8268,G6958,G6953,59278,G6961,G8243,G8231,G7016,G6951,G8283,G2285,G6959,G8285,G7018,G6957,G2652,G8284,G8235,G8191,G8289,G7006,G2290,G2286,G8270,G6960,G6954,G7020,G8261,G6963,G2661,G6938,G6933,G8233,G2668,G8055,G2288,G8224,G2220,G6825,G7023,G2289,G8214,G2297,G8199,G8258,G7013,G6828,G6944,G6952,G7046,G6934,G8248,G7014,G2210,G8279,G7003,G8247,G6850,G2205,G8246,G8052,G8276,G6964,G2662,G7001,G6948,G2296,G6842,GE313,G6946,G8256,G8057,G7037,G6843,G8260,GE318,G2622,G2604,G8200,G6865,G8259,G2228,G2254,G8251,G8207,G6935,G2299,G2298,G7065,G2227,G7053,G2218,GE321,G9220,G7012,G7061,G6937,G6947,G7042,G6949,G2255,G8172,G6839,G7019,G8215,G8202,G6950,GE323,G6936,G8167,G6942,G6862,G8225,G2224,G2271,GE317,G8282,GE314,G8249,G2273,G7062,G7010,G7008,GE319,G2294,G6832,G6840,G8059,G8182,G7004,G8230,G6866,GE308,G7005,G6827,G7002,G8062,G7000,G6939,G8205,G7032,G7058,G6838,G2292,GE320,G8242,G6967,G2207,G2216,G6943,59288,G8236,G8166,G7024,GE311,G7048,G7064,G3119,G8273,G7039,G6826,G8154,GE310,G7068,G8053,G6822,GE325,G3253,G7067,GE324,GE312,G6941,G3002,G6929,G7027,G2663,G8155,GR032,G7049,G3409,G8180,GR066,G2720,GE309,G6849,G2295,G8169,G2293,GE315,G8229,G8275,G3252,G6844,G8190,G3452,G2267,G7063,G6867,G2258,G7041,G3254,GE017,GR067,G6802,G7033,G6808,GE301,G7059,G7050,GE322,GE316,G6820,G2279,G8066,GR070,GE018,G2268,G8213,G3200,G8065,G6821,G2276,G7034,G6851,G2280,59271,G7069,GE101,G6812,G6823,G3256,G8054,G8201,G8082,G8081,G3126,G2270,G8271,GE307,G7055,G8262,G7066,G6833,G6868,G2225,G7060,G2215,G3001,G6824,G2264,G8156,G7026,G8067,GE026,G7036,G3420,GR033,GE005,GE007,G6829,G7029,GE027,G7045,G3007,G2644,G3006,GE006,G2251,G2645,G6809,G6801,G2703,GE306,GE008,G7043,G6810,G7022,G1026,G8177,GE304,G6841,G8085,G6845,GE009,G6853,GW109,G2261,G2646,G2248,GE010,G1043,G2221,G2202,GE025,G8179,G6811,G2643,G3005,G7054,G2626,G9209,G6830,G6930,G2282,GE022,GE020,GE302,G2250,GE019,G6818,G7028,G2204,G6864,G2263,GE023,GE024,G2275,G8056,G6813,G2625,G6807,G6800,G6814,GE028,G7044,G8149,G6859,GE011,G6835,G6803,G7031,G7025,G2226,GE303,G6834,G7038,GW214,GE014,G8313,G7030,G2223,G8181,GE012,G8320,G9361,G2247,G3411,G6819,G3255,G2214,G1073,G8083,G8321,G6863,G2206,GE013,G8178,GE240,G2113,GE001,G9488,G6860,GE021,G3412,G8080,G6931,G2201,G8051,GE015,G6836,GE004,GW004,GE002,GE305,G6831,G6804,G9201,G6858,GE030,GE032,GE031,G6847,G2249,G2259,GW209,G7040,G8322,G2256,GE016,G6861,GE218,G3404,G3310,G6550,G7056,G8071,GE003,G2212,G6855,GE029,G8058,G2265,G2260,G6852,G9484,G9845,G2234,GE210,G9847,G8165,G9846,G2144,G3066,GE219,GW212,G2115,GW001,GE220,G6909,G2272,G6806,G9487,G6837,G9706,G9567,G3416,G9571,G9589,G9573,G6907,G6857,G9833,G7035,G2257,GW003,G2281,G1025,G3012,G8074,G6805,G8060,G2222,G1042,59471,G1094,GW200,G6906,G9566,G8335,G9844,G6925,G9796,G9485,G3072,GE217,G6908,G1046,G2145,GW002,G6551,G8171,G8334,G2233,G6856,G6559,G7021,G6661,GE209,G9802,G2253,G2114,G3021,G2274,G8075,G1010,G9587,G9804,G8076,G8300,G2142,G9797,G7057,G9815,G2140,G9588,G8159,GE204,G9806,G3259,G8153,G3073,G2623,G3104,G3159,G3222,G1044,G9200,G8072,G3403,G9800,G3236,GE208,GE212,GW208,G9803,GE235,59470,GW110,G8303,G8301,G9539,G9793,GR065,G9576,G2208,G3237,G3249,G2148,G6917,G3260,G9715,G9807,G9778,G9726,G8157,GW216,G9204,G3069,G9795,G3325,GE206,G9483,G1033,G3346,G9801,G9206,G2241,G3068,G2238,G2715,G9798,G1051,G9794,G6918,G9799,G6562,G3004,G9813,59473,G8019,G2219,G6923,G9805,GW201,G9791,G6637,G8073,G9777,G1095,G8069,GE202,G3065,G3027,G2705,G3157,G9262,G1081,G8304,GE236,G9203,G6848,G9782,G9708,G9771,G2642,G9362,59284,G9825,G2726,G3219,G9515,G1088,G9482,G6905,G9472,G1011,G9564,G1045,GE234,GE205,G3225,G2252,G2613,G9742,G9473,G8175,G3451,G1009,G3438,G9770,G6817,G9792,G3010,G2240,G3224,G8070,G9848,G3107,G6816,G2716,G9474,G8005,G3011,GE207,G9722,G9824,G8078,G3405,GE213,G9725,G9476,G8077,G6915,G9475,G3025,G2701,G2117,G2116,GE214,G9773,G3074,GR069,G8176,G9498,G9772,G3415,G8079,G9563,G3251,G8331,GR071,G2146,G9723,G3450,G2244,G9207,G9268,G6919,G9470,G9471,G1037,G9507,G8302,G9565,G9720,G1070,G3402,G9486,G8100,G9265,G9996,G2239,G9724,G9832,G1059,G2235,G1014,G8134,G3410,G9721,G1053,G2209,59280,GE227,G3003,G9768,G1093,G3223,G6622,G2624,G9477,G9710,G9707,G6902,G8061,G2118,G1001,G6553,G9264,G3444,G3241,G8328,G6916,G8327,G9834,G3062,G3156,G6506,G3316,G3447,G8437,G9505,G9817,G3145,G9570,G9506,G2245,G6920,GW206,G3314,G9703,G3362,G9694,G8001,G8170,G3020,G3240,G3407,G8311,G1047,G3449,G2126,G6638,G2634,G3345,G9478,GW218,GE237,G6903,G6507,G6508,G8036,G8035,G8312,G8020,G9491,GE233,G1099,G9842,G9501,G3015,G6552,G8164,G3417,G3221,G8161,GE239,G9504,G9788,G3344,G8006,GW217,G8306,G8064,GE229,G9500,G3414,G3435,G3101,G8024,GW108,G1097,GE201,G2722,G3419,GE230,G1006,GE203,G3016,G6910,G3339,G1024,G8323,GJ506,G3138,G9829,GE211,G8084,G2143,G1039,GW204,G9575,G2107,G9766,G2704,G1000,G9823,G8158,G1052,G3108,G8109,G3446,GE216,G1036,G9499,59480,G3309,G6543,59269,G9697,G9267,G9695,G6625,G9822,G2230,G6904,GE228,G1027,G6697,G9709,G3102,G2237,G9841,G3109,G9577,G3024,G3117,G3324,G6541,G2246,GJ503,GE238,G9489,G8151,G3263,GR064,G2104,G8150,G9363,G6620,G3443,G2232,G3129,G9701,G3063,GE231,G3347,G1092,G9590,G2147,G3071,G9767,G9260,G3032,G6700,G3220,GJ507,G6900,G2125,G9508,G2141,G9360,G3406,G8033,G3218,G3330,G6540,G6623,G3413,G9769,G2129,G3155,GE221,G3134,GE223,G3060,G8307,GE215,G9746,G3242,G3442,G6924,G9814,G9816,G1008,G0902,G8163,G0903,G3311,G9835,G9528,G3454,G6926,G2723,G3238,G6901,G9780,GE226,G3257,G9221,GE232,G2175,G3258,G1040,G8326,59481,G3232,G3448,G6911,GW203,G2195,G1034,G3088,G6556,G1069,GJ502,G2128,GE222,G6504,G6660,G2171,G8148,G3302,G1071,GR031,G8160,G8162,G9582,G9745,G8016,G6927,G9714,G1087,G1015,G2236,G8014,G3352,G1030,G2242,G2172,GE225,G6544,GR030,G3228,G8329,G3067,G2033,G3128,G3190,G3125,G9781,G8013,G2136,G8034,G2641,G3235,G2135,GW103,G6216,G9572,G1058,G8333,G2178,G3028,G9828,G9527,G2124,G9523,GR009,G9580,G6202,G2640,G9541,G2611,G8116,G1049,G3401,GJ504,G3440,G8183,G6557,GW410,G2177,G3130,G9510,G2055,G2266,G8123,G3070,G9779,G2101,G3246,G3262,G8022,G2616,GW213,G3164,G9526,G8308,G6913,GE224,G8023,G9554,G9713,G3136,G8118,G9543,GW102,G1032,G6542,GW215,G9544,G3161,G3141,G2231,G6501,GW107,G8025,G3418,G6626,G3312,G2012,59270,G8106,G9569,G9518,G8133,G9568,G2069,G6609,GW408,G2079,59476,G6560,G8332,GR029,G9747,G9737,G6555,G1018,GW104"
112.60,23.69,0.89,0.81,739,"G2625,G8067,G8053,G8083,G8058,G8213,G8201,G8062,G8190,G8215,G8085,G8082,G8069,G8202,G8057,G8066,G8065,59271,G8214,G8075,G8078,G8200,GR066,G2726,G8289,G8205,G8079,G2652,G8191,G2623,G8073,G2624,G2720,G8077,G8076,G8100,GR065,G8074,G8052,G8072,G2604,G8064,G8070,G8199,G8335,G8212,G8063,G8322,G8071,G8061,GR071,G8084,G8321,G2653,G8059,G8189,G8209,G2722,G8019,G6941,G8055,G8208,G8331,G8080,G8051,G8217,G8207,G8196,G6939,G2626,GR070,GR067,G8005,G2224,G8033,G6967,G8323,G8195,G8198,G8333,G8320,G8013,G2622,G8328,GR009,G8203,G2220,G8334,G8211,GR069,G8192,G8204,G8036,G8313,GR064,G2299,G2656,59276,G6945,G7008,G8206,G6942,GR032,G8014,G2703,G2651,G2655,G8330,G2658,G8054,G8283,G8326,G8272,G8020,G2616,G6937,G2701,G8197,G8001,G8221,G2227,G2659,G8223,G8332,G2601,G8222,G7000,G8261,G6944,G8327,G2723,G8060,G8243,G2706,G8301,G2707,G8194,G8302,G2760,G7004,G2692,G8081,G2725,G8007,G8227,G8193,G8324,G6946,G8304,G8240,G3409,G8329,G8219,G8031,G6943,G8056,GR033,G8287,G2675,G2724,G7003,G8300,G8225,G8247,G2602,G8437,G2210,G8255,G2684,G6938,G8216,G7010,G2605,G2606,59280,G2662,59270,G8022,G8025,G3126,G2677,G6947,G6951,G8325,G8268,G6936,G2615,G2654,G8177,G6948,G3119,G2660,G8276,G2298,G2691,G8307,G8016,G2674,G2687,G2291,G2290,G8306,G7011,G8525,G3420,G8006,G8312,G2613,G8023,G8520,G8021,G2296,G8555,G2680,G8220,G8228,G3252,G1073,G6935,G3253,G8556,GR043,G6934,G2294,GR063,G6949,G2286,G8303,G2287,G6956,G8030,G2297,G2682,G2705,G2293,G6953,G2688,G2218,G2643,G2690,G2673,G2288,G6965,G2681,G6955,G8172,G2715,G8154,G2607,G8241,G8010,G1026,G2704,G6966,G7012,G8541,G8239,G9484,G7017,G8024,G6952,G6933,G8512,G2683,G8002,G3411,G2697,G8308,G2774,G6954,G2716,G8311,G3259,59279,G8506,G2292,G8156,G2285,G2694,G8032,G1025,G8012,G7009,G3452,G7005,G3256,G2217,GR030,G2216,G7015,GR059,G8280,G8155,G8017,G2289,G7016,G8179,G6950,G8519,G7001,G8543,G9768,G2295,G6843,G2611,G2614,G2661,G6959,G6962,G8254,G3416,G2695,G8035,G6961,G7013,GR068,G8178,G8004,G1043,G3417,G7006,G3415,G7018,G8159,G7002,G6960,G6840,G8037,G3254,G9485,G2698,G6850,59075,G6862,G3412,G7014,GR031,G2693,G6957,G1081,G8034,G8180,G2721,G8018,G6829,G8029,G2676,G7063,G2761,G7067,G9833,GR044,G2250,G8167,G8269,G6839,G2702,G6958,G8566,G2671,G9847,G6842,G3255,G9832,G8281,G8263,G8257,G3109,G2696,G2268,G3260,G8517,GR029,G2665,G2686,G2689,G9571,GR075,G7065,G2745,G2211,G9846,G2670,G6828,G8336,G8250,G2646,G8554,G6832,G1042,G9488,G7064,G2754,59284,G2699,G8509,G3159,G8015,G8264,G8028,G2282,G6859,G9483,G8244,G1027,G8109,G8157,G2644,G2251,G2672,G2275,G2679,G2279,G3325,G8282,G8134,G8038,G8166,G3104,G7062,G8149,G8540,G8284,G9701,G7061,GR073,G8226,G8116,G8253,GR003,G1059,G8011,G2612,G8278,G3352,G9703,G9769,G8535,G9220,G7066,G9566,G2276,59288,G8252,G3419,G9486,G8009,G9766,G3251,G6963,GR041,G8039,GR062,G7059,G9845,G8277,G6825,G8132,G9767,G2248,G2636,G8267,G2667,G2666,G2668,GH304,G8235,G2634,G6838,GR077,G8231,G8182,G6865,G2772,G8274,G9715,G8104,G7060,G9482,G3404,G2249,GR054,G8232,G2273,G6866,G6830,G9737,G9567,G8234,G8171,G2781,G2247,G8529,G8406,G8181,G8138,G8413,G6831,G2254,G3414,G8245,G9848,G6964,G2280,G8003,G6841,G9844,G3262,G9564,G2271,G6867,G1024,G9589,G2664,G1010,59278,G8175,G8238,G7046,G9736,G8265,G8530,G8315,G2206,G7058,G2791,G8106,G9707,G8518,G8169,G8270,G8528,G2267,G8285,G3426,G3438,G2740,G2770,G2255,G3002,G6844,GH305,G9487,G6853,G7020,G2730,G6833,G8565,G3258,G3346,G2205,G1011,G7037,G2261,G8008,G6858,G2228,G9823,GR040,G2642,GR052,G8353,G2635,G6826,G8251,G8224,G3257,G8133,G1021,G9754,G2771,G8514,G1046,G6849,G6834,G2768,G6857,G2645,G9813,GR035,G3240,G3403,G3405,G3263,G9817,G8362,GR057,G2270,G8400,G7023,G8233,G8123,G8342,G3123,G6827,G3310,G9565,G6802,G3413,GW109,G2736,G9697,G8256,G8258,G3418,G9694,G8246,G9822,G8118,G9706,GE313,G6851,G9815,G9738,G2763,G8260,GE017,G8248,G7053,G6929,G2711,G3354,GR058,GR034,G8279,G6812,GE007,G9563,G1094,G1095,G9695,G8176,G6852,G8027,G8165,GE018,GE318,G6836,G8513,G2787,G8170,G9758,G8435,G8249,G9756,G8433,G8236,G6835,GE022,G9587,GE005,G7042,G8129,G6837,G8419,GE317,GE008,G1051,G9816,G6813,GE010,G1052,G7068,G1014,G3200,GE006,G8507,G2221,G8421,G9777,G9778,G8153,GE009,G6808,G9796,GE314,G3007,G9742,G2738,G8026,G3440,G8337,G3246,G6860,G1058,G9588,G3222,GE308,G9782,G1040,G8151,GE321,GH300,G1006,GE023,GE026,G6800,G8432,G8117,G2223,G8352,G8259,G8356,G7019,G9773,GR056,G3353,G6801,G8367,G2708,GE025,G6810,G6821,G1044,G9770,GE024,G9705,GR042,G8229,G2281,G2225,G7048,G2272,G3236,G6822,G8538,G8564,G8130,G3219,G9795,G9797,G9724,GR036,G9802,G8526,G6809,GE021,G2204,GR025"
112.60,24.15,0.89,0.81,403,"G8525,G2707,G2760,G2706,G8506,G8330,G2725,GR059,G8512,G8520,GR063,G8519,59075,G8333,G8325,G2761,GR009,G8031,G8030,G8013,G8336,G8509,G8517,G8017,G8324,GR068,G8554,G8064,G2615,GR044,G8084,G8529,G8012,GR054,G8518,G8021,G2774,G2624,G8528,G8033,G2616,G2721,G8514,G8543,G8332,G8011,G2722,GR057,G8078,G8100,G8555,GR058,G8079,G2763,G8069,G8014,G8419,G8061,G8513,G8007,G8337,G2724,G8077,G2708,G8507,G2726,GR052,G8526,G2740,G8421,G2770,G8029,GR071,G8073,G8323,G8326,GR056,G8070,GR043,G8433,GR064,G8521,G8406,G8566,GR055,G8058,G8075,G8523,G8564,G2614,G2623,GR065,G8413,G8432,GR008,G8331,G8435,GR003,G8010,G2766,GR005,G8028,G8083,G8076,GR007,G8072,G2625,59270,GR035,G8427,G8565,G8036,G8328,G8317,G8316,G2723,G2730,G8025,G8541,GR047,G8524,GR048,G8019,G8022,G2764,G8329,G8005,GR073,G8516,G8425,G8074,G8556,G8335,G2762,G2772,GR004,G2765,G8003,G8067,G8542,GR006,G8020,G2771,G8085,GR069,G8511,G8071,G8510,G8322,G8001,G2742,G8037,G8032,G8201,G8404,GR034,G8213,G8540,GR051,G8009,G8018,G8400,G8431,G8082,G8023,G8430,G8053,G8402,G8469,GR019,G8515,GR012,G8537,G8190,G8420,G8321,G8065,59271,G8066,G8508,GR042,G8016,G8327,G8051,G8080,G2701,G8452,GF701,G8418,G8062,G8334,G8004,G8563,G2757,G8465,GR066,G8545,G8002,GR049,G8307,GF706,G8027,G8423,G8538,G2612,GR053,G8215,G2720,G8342,G8302,G2747,G8039,G8038,GR075,G8202,G8015,G8205,G2745,GF700,G4555,G1466,G8437,G2626,GR046,G8320,G8460,G2753,G8057,GR011,GR010,G8407,G8200,G8424,G8008,GR018,G1460,G8338,G8026,59280,G8214,G2741,G8308,G8313,GR020,G8426,59074,G8304,GR041,G6941,G8429,G8301,G8567,GR040,G4538,GR070,G8289,G8315,G8447,G8530,G2604,59071,GR014,GR067,G8306,G8191,G8059,G2652,G8535,G8052,G8006,GR013,G8547,G2767,G8312,G4540,G2733,G8060,G8199,G6939,G8446,G6967,G8132,G8207,G8300,G2703,G8212,G8442,G2224,59072,G8063,GR036,GR074,G8500,G2636,G8055,G8409,G8411,GR030,G8457,G8401,G8561,G8405,G2702,G2611,G8410,GF004,GR021,G2653,G8054,G8464,G8428,GF092,GR032,G8189,G8552,G2704,G2613,G8209,G2777,G2622,GF705,G8348,G8532,G8347,G8208,G8196,G8217,G7008,G8467,G8024,G4407,G2299,G8546,G8056,GR037,59088,G6942,G8568,G8501,GR050,G2220,G8416,G4556,G8081,G8536,GR038,G8104,G2754,GR029,G8415,G2773,G8034,GR077,G8198,G8311,GR031,G8408,G1426,G8462,GR033,G6937,GH304,G8195,GR062,G2781,G7000,G8468,G2731,G8533,G2705,G2227,G2791,G8422,G8443,G8303,GR039,G8502,G3409,G2787,G8448,G8211,G8203,G6945,G8403,G4547,G2711,G8548,G7004,G8283,G8204,G8138,G8192,G8557,G8177,G2715,G8503,GR002,G2716,G3126,G6943,G8531,G2656,G8272"
112.60,24.62,0.89,0.81,316,"G2762,GR007,G8516,GR008,G8523,G8511,GR004,G8469,G2765,G8508,G8452,GR005,G8317,G8316,GR012,GR006,G2708,G8337,G8419,G2753,G8526,G8515,GR058,G2764,G8465,GR010,G8521,G8447,G2763,G8514,G8513,GR011,GR020,GR019,GR057,G8507,G8460,G2757,GR048,GR051,G8528,G8518,G8442,G8457,GR018,G8427,G2766,GR021,G2742,GR056,G2767,G8510,G8529,GR055,G8421,GR049,G8446,GR047,G8423,G8338,59072,G8509,G8524,GR053,GR013,GR014,G8336,G8500,G8426,G2761,GR054,GR046,59071,G8564,G8425,G8433,59075,G8468,G8517,GF706,G8448,G8467,GR052,G8464,G8420,G8501,G8432,G8554,GR059,G8443,G8445,G8428,G8519,GR022,G8429,G8506,G8458,G8462,G4555,GR050,G2751,G2733,G8512,G2741,G8430,G2740,G4540,G8411,GF705,G8502,GR044,GF701,G8435,GR068,G2770,G2752,G8011,G8542,G8503,G8422,G8410,G8441,G8017,G4538,GF700,G8525,G2750,G8424,G8444,GR063,G8454,G8504,GR016,G8455,G2721,G8449,G8431,G8520,G8030,G8505,G4545,G8563,G8403,G8418,59074,G1466,G8406,GR035,G8012,G4542,G2731,G4543,G8409,G1460,G4556,G8416,G8543,G8402,G8415,G8325,G2707,G2760,G8401,G8413,GR017,G2774,G8404,G8565,G2706,G2725,G4544,G2756,GR015,G8453,GR023,G8463,G2730,GF092,G4547,G8450,G8031,G8545,G8407,G1464,G8330,G8029,G8408,G8537,GF004,G4407,G4549,G8405,G8021,G2615,G8324,GR003,G8566,G4554,GF099,G2747,G8456,GR002,G2771,G8028,G8555,G8333,GF702,G1462,GR009,GR034,G8003,G4567,GR042,G8440,G8013,G1414,GF209,G2772,G4535,G8400,G4557,G2614,GR073,G9880,G4536,59081,G1410,G4548,G2758,G1415,GF098,G4566,G8332,GR043,G2616,G8538,G8451,G1426,G2724,G4563,G4534,G8547,G8007,G8010,GF707,G8064,G8561,G8033,G1458,G8084,G8014,GF704,G8027,G4564,G4601,G4541,G4614,G8009,G8541,G2624,G2722,G8568,G4546,G8540,GF208,G8342,GF096,G8567,G4551,G8326,G9881,G1403,G2777,G8100,G4553,G8061,G8078,G8079,G9884,G8026,G8556,G8037,G4649,G8018,GR064,G4550,59270,G1413,G4619,G4516,G8069,G4518,GF097,G8323,G8348,G8532,G8347,G8077,G4401,G1412,G8025,G1470,GF007,G8548,G2726,G9883,G8022,G4552,G8032,GR071,G1411,G8070,GF005,G8329,G8008,G2723"
112.60,25.08,0.90,0.81,248,"G8455,G8441,G8454,G8444,G2751,GR022,G8445,G8458,G8448,G2750,GR023,G8468,GR021,G8457,G8450,G8456,G8443,G8442,G8447,G8449,GR015,G2753,G2752,G8463,G8467,G4564,GR010,GR020,G2756,GR016,G8501,59072,G8462,G8440,G8446,G8500,G2767,GR011,GR017,GF208,GF209,G8504,G2758,G8452,G8503,G8502,G4566,G8451,G4545,G8505,G8460,G8464,G8508,GR018,G8453,G8469,G8465,G4567,GR050,G4542,G4649,GR013,G8428,GR012,G4543,G8422,GR014,G8511,G1458,G4601,G8515,G8338,GF096,G2757,G8426,59071,GF097,G4563,GF098,G1410,G2762,G1470,G4536,G4544,GR004,G8516,GF705,GR006,G2765,GR019,G4548,GR049,G4518,G1415,GF207,G1414,GR007,G1462,G8423,G1413,GR053,GR046,G8411,GR051,GF099,G8317,G8316,G8403,GR008,GR005,G2764,G8523,G1464,G9880,G8410,G2733,G8429,G1412,G2742,G4516,G4540,G8510,G4648,GF706,G2731,GR048,GF702,G2741,G4555,G2708,G8526,G4549,G8521,G8337,G8427,G4556,GF095,G8419,GF210,G8416,G4565,G2766,G4562,G8420,G8415,GR047,G4538,G4546,GR058,G1472,G4519,G8524,G8513,G4554,G4606,G8507,G4547,G2763,G4600,GF204,GR055,GF707,G8514,GR056,G8425,GR057,GF211,G8409,G8421,G8424,GF700,GF200,G1454,GF701,G4608,G4604,57988,G8430,G4561,G8528,G4663,G8564,G8518,G4557,G4517,G1411,G8401,G1456,G4602,G8408,G4553,59081,G4552,59074,G4534,G8433,G1471,G4535,GR002,G8529,GF092,G8432,G4569,G4407,G4609,GF203,G1466,GF703,G1460,GR052,GF704,G8542,GR054,G8563,G9881,G8509,G4560,GF212,GF004,GF205,G4550,G8336,G4551,G1463,G8418,G9883,GF206,G8431,GF202,G8405,G8435,G2761,GF201,G9884,G8517,GF000,G4605,G4541,G4568,G2740,59075,G4607,G8554,G1461,G1404,G2770,G4402,G8407"
112.60,25.54,0.90,0.81,107,"G4564,GF208,G4649,G8456,GF207,G8455,GR023,G1470,GF097,G8454,G8444,G8450,G8441,G8451,G4648,G4566,G2758,GF096,G4600,G8440,GF211,G4606,G4565,G2751,G4601,GF209,G2750,G4518,GF210,G1458,GR022,G8458,GR015,G8445,G1413,G1472,G8463,G1471,G4567,G2756,G4563,G8449,G8448,GF212,G1412,G8468,GF098,G4561,G1410,GR017,G4516,G8443,G4536,GR016,GF204,G4548,G8453,G2752,GR021,G1415,G8457,G4519,GF095,G8504,G4562,G4545,G8505,G8442,G1414,G4542,GF206,G8467,G8462,G8503,G8501,GF205,G4543,G8502,G8447,G4560,G1462,G4609,G9880,59072,G4544,G8500,G4602,GF099,G1456,GF203,GF200,G8446,GR020,G8422,G2753,G2767,GR010,GR050,G4663,G8464,G4604,G4608,57988,G8428,GR011,G1454,G4546"
113.05,21.85,0.87,0.81,417,"G6707,G6703,G2186,G2187,G6704,G6708,G6608,G2158,G1235,G1234,G6529,G1214,G3999,G1203,G3982,G3983,59682,G1286,G3985,G3984,G6771,G1208,G1225,G6607,G1274,G2182,G6521,G1207,G6613,G6772,G6615,G6709,G6590,G2181,G1241,G6618,59672,59673,G1269,G1293,G6770,G2153,G2111,G6773,G2191,G3990,G3966,G1273,G1202,G3993,G6612,G1254,G3968,G2122,G6603,G3951,G3986,G1222,G2106,GJ106,G1268,G3958,G1205,G1278,G3962,G6710,G6503,G1297,G2152,G2193,G6605,G6698,G1218,G1290,G6591,G1260,G3950,G3954,G6702,G6706,G3957,G1298,G1210,G1299,G1289,G2190,G3967,G6520,G2188,G1258,G2120,G1220,G1256,G6525,G1250,G3963,G2134,GJ100,G1253,G2184,G6774,G2157,59487,G2150,G3987,GJ108,GJ101,G3964,G3965,G1224,G3960,G6722,G1255,G6523,GJ102,G1252,59478,G3952,G2112,G6522,G2154,G1240,G1295,G1232,G3956,G1259,G3953,G1238,GJ103,G3955,G3980,GJ107,G1251,G1206,G1217,G1265,GJ104,G2180,G6526,G2031,G1292,G3989,G6500,G2037,G2138,G6593,GJ505,G2108,G2133,G3969,G1261,G1264,GJ105,G6606,G3961,G2070,G1280,G6505,G1230,G6518,G6604,G3994,G2084,G1226,G2017,G3988,G6720,G2151,G3959,G2036,G6546,G2085,G6724,G1263,G2058,G1262,G6524,G1257,G6705,G6701,G6517,G1221,G2105,G3995,G2132,G2003,G2083,G2183,G6592,G2060,G2077,G6558,G2155,G6610,G6204,G3996,G6208,G2110,G2130,G6723,G1212,G6536,G2198,G3991,G6624,G2086,G6549,G1276,G6554,G6207,GJ500,G1272,G2174,G6611,G2010,G6528,GJ501,G2131,G6533,G2054,G1271,G6509,G2053,G3970,G2194,G2018,G1237,G2046,G6721,G6527,G2103,G2137,G1215,GJ202,G3992,G3981,G2076,G6538,G2185,G1209,G6539,G1233,G2081,G6534,G3971,G6530,G2088,59488,G3972,G1270,G3997,G2102,G2170,G2192,G6653,G2197,G6535,G6609,G2035,G6646,G6501,G2156,G2176,G2019,G1228,G2038,G2068,G2173,G6557,G6214,G4005,G1236,G6502,GQ012,59475,G6201,G6203,G6548,G2039,G2136,G2029,G2050,G3973,G2087,G1223,G6537,G2135,G2004,G6560,59476,G2196,G2127,G6513,G2027,G6660,G6556,G3998,G6532,G2002,G1283,G6555,G2024,GJ502,G2160,G1204,G2057,G2067,G6512,G2177,G2171,G2063,G2030,G1243,G2321,59485,G2042,G2020,G6542,G1285,G3974,G1282,G6213,G1244,GJ203,G2101,G2075,G6657,G6217,G2123,G1229,G6511,G2147,G2195,G2065,G2104,G6655,G2007,G2141,G2026,G6697,G2359,G6212,G2166,G2162,G2025,G2051,G2028,G2009,G2178,G2360,G3975,G2080,G6643,G1227,G2064,G6540,G2143,GJ507,GJ503,G2047,G3976,G6200,G6510,G2125,G6647,G6552,GJ205,G6745,G6644,G6544,GJ204,G2062,G1211,G6205,G6519,G6543,G6211,G6626,G2172,G6215,G2320,G3977,G6638,G6515,G2021,G2129,G6553,G3978,G2167,G2128,G6649,G6623,G6656,G2089,G2059,G2005,G2118,G1294,G6508,G6507,GQ019,G6747,G7311,G6652,G2078,G2124,G2165,G2016,G2055,G3979,G2327,G2146,G1277,G6648,G2164,G6504,G6541"
113.05,22.31,0.88,0.81,994,"GJ108,GJ101,GJ102,GJ103,GJ107,G6722,GJ100,G2134,GJ104,G6500,G2120,G6593,GJ105,G2190,G2133,G6706,G6702,G2138,G6720,G6546,G2112,G6698,G2193,GJ106,G2132,G6724,G6518,G3954,G3967,G6517,G1268,G1265,G2130,G1253,G6558,G6554,G1251,G1264,G3965,G3958,G1257,G2198,G3957,G2191,G1202,G2150,G3955,G2194,G3966,G2111,G1255,G1290,G3988,G6604,G2131,G1260,G1263,G2137,G6723,G3969,G6770,G3986,G1254,G6605,G2197,G2192,G3959,G2103,G1269,G3964,G3961,G3956,G1262,G6549,G3963,G2110,G2102,G3993,G1278,G3952,G2155,59476,G6560,G3989,G1261,G2127,G2060,G2181,G6772,G6721,G6615,G3968,G2046,G6555,G2135,G1250,G2196,G1225,59487,G3962,G6774,G6207,G6548,G3950,G6771,G6610,59478,G2039,G2070,G6542,G6525,G1259,G2058,G2101,G2136,G1208,G6556,G2017,G6603,G2057,G6607,G2019,G2183,G2195,G2018,G2088,G3951,G1289,G3982,G3983,G1241,G6557,G2031,G1258,G2152,G3953,G3960,G2123,G2141,G2020,G6540,G2076,G3987,G6501,G6606,G6609,G6201,G2087,G6208,G1274,G2125,G2064,G2002,G2063,G6660,G6544,G2067,G2075,G6214,G1298,G6212,G2036,G6204,G1252,G6543,G2143,G2129,G3999,G2029,G6697,G1256,G6217,G1297,G2128,G1207,G1234,G1235,G2084,G3990,G2054,G1210,G2158,G2047,G6552,G6524,G2184,G2024,G6534,G2021,G1220,G6536,GJ500,G6203,G2077,G2035,GJ502,G2104,G1293,G2182,G6509,G2124,G1240,G2010,G6541,G3985,G3984,G2147,G2037,G2171,G2004,G2083,G2055,G6205,G2007,G1206,G6530,G2030,GJ501,59485,G6613,G2068,G6700,G1299,G6773,G1273,G6612,G2078,G2059,G6215,G1238,G6553,G2151,G2085,G2065,G2081,G6213,G3980,G1218,G2009,G6216,G1295,59475,G6529,G2079,G2126,G2106,G2003,G2011,G1232,G2025,G2086,G2117,G1203,G6533,G2177,G2062,G2027,G2187,G2053,G2146,G2034,G2050,G2080,G2118,GE232,G6638,G6521,G2038,G2026,GJ503,G2001,GE231,G1222,G6502,G1214,G1237,G2116,G2186,G6211,G2016,G2082,G6910,G2069,GJ507,G1286,G6532,59682,G1205,G6703,G6707,G2042,G2237,G1230,GE233,59473,G6537,G6562,G3991,G6507,G6508,G1217,G1224,G6911,G3994,G2176,G2051,G2142,G1283,G1272,G2061,G1271,G2033,G2012,G2096,GE228,G3995,G6551,G6538,G1223,G1221,G1226,G2015,G2094,G6523,G2044,G2178,G6608,G2028,G6202,G6209,GE227,G1212,G2153,G1270,G3996,G1233,G2173,G6704,G6708,G6505,G6559,G6218,G2013,G2115,G1244,G2008,G6624,G2188,GE229,G6200,G1204,G2090,G2148,G2145,G1280,G6661,G2071,G2236,G2235,59488,G2170,G1215,G2144,G6623,G1285,G2005,G6539,G4005,G2246,G6550,G2032,G2014,G2212,GE230,G2092,G2172,G3997,G1236,G6920,G2040,G3992,G1292,GE225,G1276,G2099,G2089,GE215,G1228,GE226,G1209,G2022,G1282,G2257,G1243,G3998,G2241,G2006,G7040,G2091,G2043,G2023,G6856,G3970,G7057,GJ505,GE223,G7038,G3981,G6913,G6919,GE237,G2140,G6626,G6904,G6901,G7025,G3971,G3972,GE208,G2243,G1227,G2052,G1229,G2113,G2108,G2056,GE211,G2265,G2074,G6861,G6504,G2045,G2066,GE222,GE209,G6511,G2093,G2239,G2174,G2072,G6907,G1211,GE221,59480,GE224,GE236,GE212,G2041,G7043,G6620,G3973,G6506,G2242,G2049,GJ205,G6520,G7022,G1294,G2208,G6906,G6818,G6210,GJ204,G3142,G6926,G2048,G2266,G2215,GE210,G6905,GE201,G6656,GE214,G2231,G3111,G6819,G2122,G6900,G2073,G2230,G1090,G6930,G2166,G7026,G6927,G3209,G3206,G6902,G9523,GE234,G7036,G1078,GE238,G6912,G3110,G3205,GE101,G3974,G7021,GE235,G6823,GJ203,G7055,G1049,G6924,G2165,G9552,G6931,G6903,G6864,G6644,GE303,G7033,G6863,G9524,G7045,G9517,G3211,G6908,G6824,G2244,G9718,G6625,G1016,G1055,GE205,G3137,G6845,G2114,G3207,G6535,G6917,GE216,GE239,GE309,G2180,G6657,G7044,GE316,G6622,G7041,G7027,GA005,G3975,G9574,GW201,G6925,GE324,GE315,G9521,G6590,G3239,GE218,G2232,G1017,GE310,G2263,G2109,GE325,G3011,GE312,G6510,G9546,G3976,G3134,G3204,G7024,G7030,GE302,G2107,G9818,GE307,G2162,G3112,G7049,G2238,GE311,G2226,G3117,GE217,GE322,59673,G3202,G2258,G7069,G9543,G9551,G6709,G6513,G9545,GE219,G9522,G6868,G6811,G7032,G9819,G7029,G3132,G6915,GE320,G7048,G6822,GE220,G1089,GE028,G2245,G1069,G6512,G9746,G1048,G6820,G3977,G2264,G9544,G2207,G2156,G3978,59672,G6618,GE020,G6909,GE240,G2157,GE308,G3131,GE202,G6641,G3121,G6805,G2164,G9535,GE204,GE314,G7019,GE306,G6515,G1086,GE317,G6528,G1056,G6219,G3213,G6647,GE027,GJ506,G7042,G9549,G2234,GE323,G6916,G1091,GE319,G7039,G6803,G6804,G9748,GA006,G6821,GE321,G7068,G3308,GE213,G6747,GE301,G6923,GW200,G2225,G3347,GE029,G2202,G3979,G6653,G9547,G9518,GE203,G2209,G1277,G3208,G1092,G9749,G3156,G9519,G7053,G3212,G6809,G2175,G1087,G9534,G6806,G6808,G9541,G2233,GE015,G6637,G6807,G7054,G3120,GA038,GE318,G3324,G3203,GE013,59490,GE014,GE019,G9548,G3141,GE313,GJ504,G1072,GE012,G6918,GE207,G3113,G3201,GE026,G3200,G3210,G9520,GE016,G6646,G2222,G6801,G7050,G6810,G6929,G6827,G6814,G1015,GW208,G6522,G9747,G7035,G9533,G9717,G9550,GE304,GE011,GE305,G2253,G8242,G2204,G6591,G6531,GE206,G7028,G9503,G2228,G3135,G7034,GE032,GE030,GE031,GE025,G2201,G6817,G7031,G6514,G1077,GE018,G6705,G6701,G6519,G7037,GE001,G9837,GJ202,GE017,G2205,G3108,G9267,G6745,G1070,G3118,59481,G1191,GE002,G6848,G6621,G8279,G2105,GE005,G8259,GE006,GE024,G7056,GE003,G9765,G9710,G9532,G7023,G3065,G3128,G3133,G7020,G6812,GE004,G2160,G2274,GE009,GE008,G6802,G3145,G6855,G9838,G6851,G2255,G2252,G3130,G8273,G2163,G6826,GE023,G8258,G2214,G2221,G1054,G7046,G6849,G6649,GE010,G6592,G3129,G6800,G6643,G1967,G9540,G1966,G2240,GE021,GE007,G6088,G9839,G5967,G2256,G6142,G5952,G1000,G9575,G2260,G9509,G2259,G6964,G6143,G6847,G9363,G9268,G2219,G6710,G6503,G9840,G2223,G9510,GE022,G3704,G3218,G3244,G6642,G6816,G1997,G2270,G3614,GW209,G8233,G1901,G1047,G3115,G6813,G9807,G1071,G8245,G3060,G6564,G2254,G8265,59477,G6655,G2271,G1088,G5951,G6056,G1139,G3107,G3680,G7058,G9789,G8248,G2168,G8262,G3734,G1152,G6699,G8231,G9793,G1136,G6844,G9508,G9779,G6835,G6860,G9573,G1989,G3526,G3015,G3069,G9792,G3138,G9360,G3643,G1189,GW212,G2267,G3681,G3636,G5968,G1145,G9261,G6825,G3556,GW207,G2272,G6865,G3715,G3444,G6963,G1985,G3746,G3140,G5949,G1179,G2154,G6055,G9806,G3249,G3237,G1019,G2273,G9597,G6097,G3220,G3575,G3521,G2167,G3768,G6648,G9498,G6650,G2664,G1097,G6833,G3447,G9805,G3688,GQ012,G9477,G3619,G6866,G9361,G6075,M9988,G1197,G1196,G1151,G2281,G1153,G3699,G3451,G3650,G9804,G9791,G3443,G6058,M0003,G6867,G9745,G1904,G3125,G3717,G8264,M0004,G5950,G6059,G3450,G9501,G6836,G8253,G9803,G9788,G3759,G3062,G8234,GW216,G3714,G8277"
113.05,22.77,0.88,0.81,1663,"G2148,G2241,GE227,G7057,G6856,G6661,G2235,GE208,GE233,G2257,G2116,59473,G6910,G6562,G6559,GE209,G2126,G6907,G2265,G6861,G6919,GE212,G6906,G6920,G2237,GE229,GE210,GE228,G2208,GE231,GE236,G2113,GE230,G6700,G6541,G6819,G6551,G2142,G2239,G6905,GE237,G6931,GE232,G6863,G6818,G2144,G2246,G6930,G6864,GE235,GE214,G6908,G2129,GE234,G2128,G6911,GE211,GE218,G6845,G6904,G6216,G2263,G6917,G6925,G2124,G6544,G6550,G2226,G2125,GE205,G2033,G6824,G6543,G7036,G2055,GE215,G6902,59480,GE219,G6811,GE217,G2244,GE226,GE201,GE223,GE028,G2236,G6540,G6868,GE220,G2238,G7069,G6202,G2079,G6823,GE020,G2264,GE225,GE240,G6901,G6903,GE101,G2069,G2230,G6909,GE316,G2115,G2021,G2195,G6820,GE221,G2258,G2101,G2012,G6805,GE027,G6803,G6542,G7041,G6804,G6900,G2202,G2234,GE239,G2225,GE222,G6821,GE204,GE238,GE029,G6915,G2064,G6809,G7033,G6926,GE315,G6822,GE202,G6807,GE216,G2013,GE015,G2001,G6555,G6808,G2242,G6806,G2141,GE013,GE019,GE014,G7068,G6913,G7048,GE312,G2078,GE026,GE012,G3200,G6801,G2233,G2123,G6810,G6923,59476,G6560,G6924,G2040,G6814,G2127,GE016,G2245,GE309,G6927,GE011,GE308,G2143,G2204,G2232,G6209,G6929,GE311,G6552,GE213,G2215,GE025,G2222,GE224,GE018,G3117,G2201,GE032,GE030,GE031,G2082,GE017,G7043,GE001,G6827,G7038,G2266,G2117,G6918,GE005,GE310,GE006,G2212,GE002,GE024,G2011,G9523,G6916,G2253,GE317,G3134,G2059,G2243,G2209,G6812,GE314,GE009,GE324,GE008,G2047,G2196,G2231,GE003,GE207,G2014,G6802,G2057,G1049,G6851,GE004,G2135,GE206,G2061,G2034,G3156,G7024,G2221,GE023,G2197,GE010,G6855,G6849,G6826,G6205,G2056,G6800,GE007,G7025,G7053,G7027,G2274,GE203,G6817,GE021,G7042,G6212,G7022,G9746,G2192,G6848,G2228,G2256,G6553,G2255,G2015,GE022,G6556,G2260,G2223,G2259,G6847,G1069,G2020,G2090,G2270,G6912,G7037,G1070,G3347,G6813,G2194,G1092,G2252,G3324,G6215,G2146,G7058,G7040,G9710,G2271,GE325,G3111,G9543,G6697,G6844,G3137,G7019,G2205,G2240,G6548,G6835,G2137,G7026,G2219,G2254,G6964,G6860,G2075,G2267,G3112,G2039,G3145,G9807,G7046,G3108,G2032,G6554,GE313,G9544,G9573,G2044,G2102,G7032,G2072,G6816,G2145,G1087,GE318,G2136,GE321,G1088,G2131,G2103,G9517,G9793,G6217,G2272,G2273,G7055,G6833,G6865,G3107,G9524,G2063,G2130,G9541,G6866,G3110,G1016,G6867,G1015,GE320,G2198,G6825,G9575,G1000,G9792,G9806,G7020,G3142,G9518,G2041,G2022,59481,G1047,G3249,G3237,G6963,G3129,G7049,G2281,G2067,G2118,G2261,G2132,G6836,G2104,G9547,G9545,GE323,G6558,G8231,G3141,G2016,G3131,G9804,GA006,G9805,G6838,G2093,G2002,G2207,G3128,G6853,G2280,G9498,G9791,G9548,G3218,G9803,G7045,G7061,G2096,G3444,G9747,G6517,G2019,G3451,G6660,G3138,G6546,G2147,G2007,G3209,G6834,G9546,G9802,G6828,G6557,G6837,G6638,G6721,G6723,G9477,59288,G2092,G7062,G3447,GE319,G6852,G2046,G9726,G3450,G9508,G6724,G3130,GE322,G2062,G1086,G7023,G9474,G9797,G3132,G6720,G2087,G1257,G1071,G2099,G2211,G9800,G1097,G9794,G2094,G9576,G3157,G9801,G9472,G8245,G6958,G9473,G3225,G7065,G1033,G3135,G6549,G9475,G9539,G6842,G9510,G2024,G3310,G9501,G8279,G9471,G6832,G9788,G3220,G9799,G9796,G6201,G6841,G2665,G3410,G3236,GE307,G2088,G2009,G9476,G6957,G3113,G9500,G3435,G3101,G9470,GJ105,G7059,G1093,G3223,G2065,G3443,G8269,G3449,G9798,G1045,G3339,G7060,G2140,G1054,G3204,G1044,G1039,G3402,G8265,G9708,G3206,GJ502,G9706,G2091,G8264,G7064,G2110,G9588,G2048,G6839,G9779,G1055,G1077,59485,G6211,G7014,G9795,G6960,G7039,G6501,G2133,G8258,G9824,G6858,G2030,G7018,G6518,G6850,G9825,G2025,G3222,G7006,G1037,G1094,G3345,GE303,G9478,G2171,G2029,G2276,G3242,G9515,G6500,G6609,G6593,G3203,G6508,G6507,G3224,G9819,G6207,G9745,G6961,G9499,G3309,G3344,G1263,G9587,G3316,G3314,G2006,G6959,GJ104,GJ503,G1056,G6962,G3155,G3133,G9996,G1053,G3125,G8281,G2155,G2018,G9505,G2008,G9789,G3330,G7013,G9771,G6214,G7044,G2138,G8259,G8253,G2080,G1089,G2279,G7029,GA005,G7066,G9590,G6213,G2060,G9722,G2206,G9506,GJ107,G6830,G3207,G3213,GJ103,G9837,G7016,G6857,G6862,G7015,G6218,G2217,G1001,G3102,GE302,G3219,G3988,G3244,G1264,G3241,G1009,G9778,G2071,G7009,G9834,G2076,G3140,G2289,G8233,G9504,G7001,G6843,G3362,G1262,GE301,G3959,G3442,G9509,G6840,G3120,G6610,G2248,G2285,G7067,GJ507,G9491,G9772,G9551,G6203,G2004,G8277,G1048,G1030,GA038,G1018,G3210,59279,G3221,G9838,G6604,G3448,G3205,GJ102,G2066,G9725,G9815,G2026,G9720,G2247,G1019,G3302,G8242,G1265,G6722,G9487,G7030,G9709,G1051,G7002,G9782,G3118,G8263,G3136,G2268,G9507,G7017,G9489,G9770,G2664,G9777,G7063,G3190,G1046,G3239,G9532,GJ101,GJ108,G6954,G6950,G2251,G2112,G3308,G9765,G9717,GE306,G3115,G9839,G9522,G6966,G8250,G8234,G9714,G2023,G3139,G9723,G1034,G9540,G6831,G6933,G8248,G2049,G9829,G6955,G1251,G1078,G1099,G3969,G6965,G9597,G6952,G7021,G3114,G3121,G2035,G7050,G9533,G9577,G2183,G9742,G9554,G9570,G3961,G9721,G2683,G9527,G3201,G9840,G3254,G6534,GJ100,G3403,G3955,G2134,G9773,G6953,G3454,G0903,G9835,G0902,G2288,G2045,G9550,G2177,G1032,G1095,G2287,G2690,G3238,G9502,G9589,G2068,G5967,G7005,G6956,G2114,G3202,G2282,G6075,G2249,G2058,G2216,G8244,G8273,G2120,G9724,G1003,G2275,G8274,G9549,G3404,G3407,G7034,G1090,G1919,G2295,G2286,G7012,G6829,G2297,G3965,G1036,G2688,G9526,G2054,G1072,G6208,G5949,G7054,G1261,G2027,G2043,G3158,G6530,G5951,G9525,G2005,G9503,G8220,G2051,G2292,G1967,G6859,G6623,G8238,59475,G9567,G2190,G1031,G9813,G9552,G1255,G6934,G9844,G9828,G2150,G2218,G2017,G3228,G2682,G6129,G6506,G9713,G6210,G1253,GE304,G9582,G6509,G6003,G3989,G9559,GA003,G6126,G3452,G3311,G6706,G6702,G6204,G1010,G2607,G3956,G2070,G3346,G3312,G7011,G2178,G2291,G2042,G2050,GJ500,G3967,G9845,G1017,GW201,G3235,G6087,G2052,G2028,G2250,G8226,G5950,G1904,G1926,G2010,G2081,G9519,G1014,G6142,G9488,G2089,G9563,G6200,G2290,G6949,G7028,G6935,G6088,G6532,G3964,G9712,G1966,G2296,GJ501,G6536,G6072,G1989,G6151,G6128,G3954,G3952,G2172,G9574,G3256,G9842,G3232,G6698,G8246,G2654,G2074,G2677,G6153,G7031,G9580,G6127,G2294,G3211,G6152,G3255,G1947,G9534,G1011,G1079,G9711,G3405,G5946,G3011,G2687,G3212,G3208,G3227,G1043,G2193,G3957,G8285,GW200,G1907,G9841,G6008,G8257,G2077,G2038,G9520,G3161,G6502,G9521,G1975,GE305,G6620,G6951,G6056,G8278,G6053,G5947,G9565,G6622,G8224,G3329,G1259,G6097,GJ106,G9579,G5948,G6019,G3327,G2036,G5952,59278,G3446,G9514,G6018,G9718,G2602,G2031,G6606,G1929,G1997,G3250,G3963,G6524,G1268,G1008,59478,GA007,G1283,G8262,G2293,G6948,G5966,G2670,G9586,G2693,G9566,G6002,G6112,G6031,G8216,G1091,G1260,G6537,G8287,G6504,G9846,G2298,G9528,G1996,G1290,G8219,G7035,G3438,G2681,G9775,G1002,G3253,G2083,G6130,G2214,G3958,59487,G9818,G9513,G7056,G9749,G6143,G3226,G3953,G3231,G2073,G1244,G6100,G6938,GA014,G2680,G3412,G2689,G9847,59287,G2698,G2053,G1006,G6774,G8267,G6071,G1250,G6533,G8193,G6625,G9564,G9571,G6055,G9535,G9715,G6605,G8260,G1982,G1901,G2084,G8230,G2210,G1042,G3332,G2663,G2673,G6637,G6626,G1945,G6000,G8256,G9748,G6947,G3252,G2086,G6936,G2674,G8270,G1202,G2679,GW208,G2676,G1956,G3960,G7003,G1915,G9591,G6032,G9780,G8194,G1237,G1223,G6525,G9694,G1285,G2107,G2667,GA018,G2191,G3966,G2694,G9578,GA008,G8222,G3986,G1026,G9848,GW209,G9817,G2606,G2666,G6007,G1204,G2695,G3104,G9833,G2176,G1254,G3406,G2601,G8232,G2085,G3119,G2003,G1964,G1052,G6946,G3233,G9572,G9482,G3987,G2111,G1970,G2671,G1062,G1278,G3950,G6084,G3240,G2699,GA004,G7010,G6059,G8221,G6054,G6049,G8223,G2151,G1258,G3159,G6944,G6099,GA009,G3162,G1983,GA024,G2697,G3234,G1985,GA015,G9774,G1935,G3065,G3325,G1252,G3962,G6770,G1289,G3993,G1294,G5940,G5969,G1227,G8197,G1282,G6089,G9361,G2672,G3146,G2659,G6017,G2173,G3164,GW212,G2037,GJ506,G1931,G9483,G5968,G1269,G3411,G9814,G3968,G9707,G9695,G1211,GA010,G1243,G3416,G2655,G6219,G1971,G2658,G1136,G3230,G1206,GA012,G6538,G6943,G3614,G3420,G9485,G6945,G3260,GA016,G1271,G1270,G1911,G2696,G1240,G9822,G6656,G9697,59289,G7004,G3526,G6058,GA021,G2152,G8252,G1029,G8275,GA019,G1233,GA023,G3401,G8249,G1229,G8206,G3991,GJ205,G6132,GA011,G6050,G4005,G6603,G3998,G1272,G2227,G6001,G1256,G6051,59284,GA013,GA022,GJ204,G2656,G0816,G1238,G2184,G3069,G6052,G3951,G6123,G5965,G1152,GS010,G2181,G8211,G2686,G9268,G1924,G2675,GA020,G3126,G1298,G1220,GA027,G1922,G3409,G3322,G6937,G9823,G3251,G1236,G6772,G3152,G3980,G6615,G9781,G3746,G2691,G8204,G2170,G7000,59276,G9561,GA017,G3066,59488,GA028,G6041,G6120,GS011,G8271,G5955,G9484,G2165,G1025,G3781,G5954,GS012,G6511,G8251,G6162,G9776,G5956,G5953,G1920,G1909,GS009,G8235,GA026,G1978,G9267,GS014,G1210,G6092,G2175,G2692,G6163,G1960,G1933,G6539,G3663,G9569,G1936,GS007,G1228,G8198,G3229,G1040,G2220,G9585,G1295,G3335,G9486,G3997,G1225,GA025,G6010,G8254,G3263,G9816,G1073,G1215,G6045,G3636,G6060,G3681,G3688,G1232,GW216,GS013,G6771,G2651,GS015,G8239,GS008,G3680,G1923,GW214,G6942,G2299,G1212,G1297,G1081,G1241,G9562,G3995,G1059,G6057,G1921,G3557,GS006,G7008,G9558,G3996,G6046,G6048,G1208,G6044,G6624,G1151,G6607,G2668,G3734,G1024,G1221,G3413,G3414,G3001,G3144,GR033,GS004,G3992,G1994,G9555,G1139,G1230,G6077,G8236,G1209,G1299,GS005,GJ504,G3333,G9584,G0817,G8284,G3550,G1995,G9783,G9784,G1918,G3015,G2109,G9363,G9560,G3982,G3983,G1948,G3664,G1023,G3583,G6042,G3994,GS003,G2166,GS002,G6644,G3575,G3259,G8229,G1007,G8203,G1932,G2684,G3990,G3785,G1949,GS001,G1022,G1963,G1961,G8192,GR032,G1226,G1276,G1274,G3768,G3328,G9703,G3062,G3319,G3704,G9262,G3671,G1058,G3970,G9826,G1131,G9568,G3981,G9832,G3971,G3972,G3756,G1145,G3060,G6641,G1218,G1217,G3437,G9581,G8280,G3160,G9556,G2660,G8208,G6085,G9360,G8209,G3012,G1193,G9557,G3973,G3733,G6148,G3682,G6047,G3790,G2224,G1293,G1207,G6505,G6612,G3257,G3643,G3068,G3440,G3415,G8207,G9264,G3568,G3699,G1273,59490,G6009,G3728,G3419,G1981,G6036,G1944,G5958,G3010,G9265,G3999,G1176,G6967,G6531,G6037,G3532,GW218,G9741,G1973,G1132,GJ203,G6773,G2106,G3246,G1934,G3974,G9766,G1224,G1028,G3702,G3529,G3006,G1143,G6094,G2182,59470,G9362,G3258,G1280,G2715,G3715,G6043,G1234,G8212,G3975,G1235,G1183,G1910,G6939,G1993,G8217,G6510,G6156,G3356,G8303,G3985,G3984,G8240,G8195,G6613,G8199,G3692,G6621,G3531,59486,G3976,G6523,G3502,G3686,G3267,G2158,G3569,G6015,G3266,G2703,G3063,M9988,G1197,G9704,G1196,G3154,M0003,G1153,G1987,G3151,G3759,G1913,G1170,G6657,G2164,G3556,G2716,G1191,G6076,M0004,G3765,G3124,G3320,G1222,GA001,G1992,G9512,G2174,G1156,G8196,G3515,G3650,G3122,G9583,G5959,G9744,G9743,G9768,GR067,G2605,G6035,G2705,G3977,G6014,G3005,G1952,G1189,G3714,G1027,G6941,G1205"
113.05,23.23,0.88,0.81,1530,"G7063,G7067,G2268,G3254,G2279,G7002,G7066,G2295,G2276,G6840,G2216,G7005,G2251,G7064,G7059,G6862,G6950,G6829,G2248,G2292,G7060,G3452,G6830,G2282,G7012,G6832,G6841,G6839,G2275,G3256,G6843,G2218,59288,G6859,G2247,G2280,G2250,G7001,G6949,G2206,G7062,G2294,G1043,G6831,G6935,G6853,G6952,G7065,G6838,G2293,G2249,G2288,G2297,G3404,G9488,G2261,G2289,G6850,G6867,G6933,G6934,G6858,G3255,G6954,G3253,G6834,G7013,G2296,G6833,G6842,G7014,G7061,G9487,G2286,G9845,G9589,G3310,G9567,G6866,G3252,G6857,G2298,G2267,G9706,G2285,G6953,G2290,G6852,G7006,G6960,G6948,G3412,G6836,G9844,G6966,G6844,G1046,G1026,G7016,G9846,G2273,G6936,G1094,G6959,G6837,59279,G6947,G9847,G7011,G1010,G7018,G6835,G2270,G3119,G9815,G7015,G6961,G9796,G9571,G9566,G3403,G9587,G6813,G6860,G2287,G6828,G7058,G6957,G6951,GE022,G2210,G6965,G2291,G1042,G9588,GE007,G6938,G7010,G2281,G3222,G7003,G2272,G9778,G2223,G3346,GE010,G1044,G6865,G9833,G9802,G9797,G2221,G9813,G1051,G2271,G3236,G6800,G6851,G3411,GE023,G1095,G9573,GE008,G6849,G9777,G3420,G6946,G9795,G9800,GE009,G6847,G7017,GE021,G9539,G6955,G6812,G2259,G6802,G9804,G9576,G9782,GE006,G9715,GE005,G2256,G6826,G9798,G2260,GE024,G2217,G6943,G1033,G3219,G9803,G3104,G9726,G9801,G9742,G1011,G2677,G9799,G9771,G3416,G9806,GE004,G9794,G9770,G6958,G2254,GE025,G9825,G9515,G3159,G6855,G1009,G9708,GE018,G6944,GE017,G7009,G2204,G7004,GE001,GE002,G9564,G3237,G3249,G3438,G3126,GE003,G9773,G3157,G3405,G1045,GE011,G9725,G9485,G6810,G2201,G3224,G6801,G6814,G9722,G3325,GE031,GE030,GE032,G9563,G9791,G3409,G2602,G9472,G8220,G9793,G9772,G9723,G9805,G6825,GE026,G3225,G9482,G9483,G6962,G9473,G9824,G9507,G6963,GE019,G3200,GE012,G9848,G9565,G9484,G9724,G3260,G9720,GE014,G9807,G2227,G1014,G7000,GE016,G9476,G2601,GE013,G2255,G6807,G9474,G1073,G6929,G1025,G3451,G2274,G9721,G9475,G1037,G6809,GE015,G6937,G9996,G9470,G6956,G2202,G3402,G2222,G2219,G9471,G9792,G1088,G6808,G1053,G2253,G6803,59284,G2225,G3450,G6806,GR033,G9498,G2211,G9570,GE029,G6804,G6964,G1001,G6827,GE027,G3410,G8287,G3107,G3241,G9834,G3407,G1093,G6821,G3223,G2234,G6816,GE206,G8219,G9817,G2233,G9506,G9505,G6942,G3362,G3316,G9842,G9694,G2240,GE020,G8269,G2252,GE240,G9707,G7008,G6848,G1099,G3251,G3314,G9477,G2654,G3240,G1081,G2299,G9491,G6909,G6918,GE028,G6805,G6945,G3221,G2690,G1006,G3345,G3259,G9478,G9504,G6817,G2264,G2665,G3447,G7068,G3444,G3449,G2220,G9829,GE220,G9486,G3446,G8222,G1036,GE204,G6811,G8193,GR032,G3344,G2228,G8231,GE219,G1059,G1052,G6923,G2226,G9501,G8216,G9841,GE207,G1070,G6820,G9788,G9500,G3101,G3435,G7046,G3339,G6868,G2683,G9577,G7037,G1039,G9709,G9695,G1097,G9710,G9499,G3309,GE217,G8221,G1047,G2263,GE202,GE218,G8194,G9697,G9822,G2688,G3102,G9489,GE213,G9823,G3145,G7069,G3138,G9832,G6925,G8223,G3406,G2238,G3414,G1024,G3415,G2715,G2209,G2224,G9590,G9703,G8303,G1008,G6863,G2687,G2205,G6967,G2682,G6915,G9575,G9528,G2655,G8281,G6908,G3263,G1000,G3443,G3311,G2703,G2258,G8264,G6822,G6931,G6845,G9780,G3156,G6917,G0902,G9814,G0903,G3232,G3330,G9835,G8198,G3454,G8197,G3238,G6916,G8211,G6864,G8207,G3220,G3155,G3442,GE308,G6939,GE235,G3108,G7048,G2716,GE317,G7053,G3419,G2658,G9582,G9508,GE205,G3413,G2705,G9816,G3242,G1034,G3448,G3228,G2659,G1040,G2245,GE203,G3129,G6824,G9766,G3218,GE210,G3302,G2656,GR067,G6819,G9714,GE314,G9768,G3235,GE234,G2244,G9572,G8204,G8206,G2607,GR070,G9580,G6906,G1030,G6930,GE316,G9781,G9828,G3190,G3324,G6941,G7020,G2208,G9745,G6905,G7042,G9527,G3401,GE212,G6907,G3257,G3164,G7041,GE214,G7036,G3125,G1092,GE209,G1027,G3347,GE315,GE236,G1071,G3161,G8253,G9526,G9713,GE312,G6902,G8263,GE239,G8300,G3258,59276,G8245,G6823,G8313,G6818,G2606,GE313,G1058,G8199,G3312,G9767,59481,G6903,GE311,G1032,G9554,G9578,G3417,G3327,59287,GE101,G9569,G3117,G2265,G6861,GE208,GE216,G9701,G3136,G1029,G3440,G9775,G2239,G3128,G3109,G1003,G2232,G1015,G7033,G2674,G8209,G8212,G2680,G9568,G7057,G9779,G3246,G9746,GE318,G6856,GE201,G8320,G2113,G8250,G3335,G8311,G9769,G3227,G9712,G1087,G9510,G2241,G1018,GE309,G8208,G6919,G1002,G3134,G3437,G2230,G9502,G3231,GE310,GE238,G3130,G9579,G8265,G2257,G7019,G1069,G8277,G8301,G9525,G2720,G8205,GA003,G7024,G3230,G2651,GA004,59480,G3332,G9541,G9774,G9513,GE237,G8200,GE324,G6900,GE321,G3160,GE211,G3114,G9561,G2681,G6924,G1028,G9555,G9581,G3418,G8304,G7023,G3226,G3333,G2148,G8203,G3141,GR066,G6920,G0816,G3329,G8191,G2235,G6904,G9747,G6661,G3233,G2652,G1031,G3139,G0817,G1007,G8244,G9558,G9584,G9518,G3140,G6926,G3234,GE221,G8202,G9826,G3352,G9789,G2704,G9740,G9586,G3158,G2673,G8289,GE230,G6927,G7027,G9548,G9544,G9514,G1054,G8192,G1079,G9559,G2692,G3262,G3356,G2675,G9543,GE227,G9547,G6559,GE229,G8279,G8234,G8334,G3354,G8214,G8321,G3162,G9560,G8217,G1049,G9523,G8215,G1019,G2242,GE222,GE223,G9591,GE323,G6901,G2246,G6003,G7032,G2144,G9711,59280,GA007,G3229,G8312,G3135,G9741,G2664,GA006,G2215,G8258,GE325,G6127,G9783,G9784,G9557,GE215,G3112,G3250,GE226,G6087,G3146,G9562,G8274,G9776,G8190,G2266,GE228,G9739,G9762,G8306,G6550,GR031,G9585,G6129,G1975,59473,G8302,G6562,GE233,G9556,G2231,GE320,G6551,G9737,GE224,G2694,G3355,G8257,G8196,G3131,G8226,G2693,G8233,GE225,G7043,G8322,G3244,G8195,G8437,G9758,G3322,G6912,G3137,G2691,G6002,G2142,G8213,G2237,G3364,G1077,GA014,G2701,G2236,G9597,G3328,G8201,G2697,G2698,G6910,G1907,GE319,G2116,G3428,G5946,G3123,G5948,G6913,G3113,G2207,G3133,G6126,G5947,G1919,G2653,G9761,GA008,GA018,G1022,G9705,G9509,G2670,G9545,G9512,G8189,G6911,G1086,G2695,G7049,GE231,G9763,G1062,G7022,G8238,G8259,G8278,G2115,G2033,GA024,GR030,GA009,G8327,G5966,G6075,G6202,G9517,G2689,G2676,G2243,G2684,G8248,G7026,G2126,G6128,G3111,G7038,G3363,G6000,G3367,G3151,G9524,G8063,G2040,GR029,GA023,G9736,G1016,G6153,GE232,G3115,G9719,GA015,G2056,G1021,G7055,G9756,GA012,G9837,G1929,GA016,GR069,G8335,GA022,G9760,G2013,G3144,GA027,GA010,G9704,G5969,G2012,GA011,G7025,G6019,G9838,G6151,G3203,G9757,GA028,G3132,G3110,GA019,G1947,G3152,GA020,G2679,GA013,G2671,GA021,G1983,G3320,G2754,G9546,G6700,G7039,GE322,G1926,G6007,G6008,G2212,G8267,GA025,G9839,G1080,G3429,G2069,G9481,GA001,G1945,G5949,G6018,G6541,GA017,G6216,G1970,G9540,G1931,G8285,59278,G3353,GA026,G2660,G8057,G3426,G2014,G8239,G8240,G2699,G8307,G9754,G3261,G6209,G6152,G6084,G2072,G6072,G7045,G3307,G2667,G9840,G3118,G9532,G9480,G9738,G1956,G5965,G1056,GR062,G8242,G2666,G2079,G9765,G3303,G3142,G3266,G9594,G8053,GE307,G9764,G8308,G2672,G9759,G2124,G5950,G3210,G8224,G2696,G7040,G2055,G3319,G2001,G8246,G1982,G2128,G1904,G2129,G2041,G8254,G8232,G3120,G3213,G8353,G6089,G6031,G1915,G9734,GR065,G3204,G2702,G2090,G8328,G8272,G5967,GA038,G6051,G3209,G2605,G2061,G5951,G1023,G8270,G8052,G9819,GE301,GS010,G9717,G3124,G8331,GR077,G2686,G9735,G3127,G6544,GS007,G6543,G2082,G9716,G6041,G8255,G3357,G2015,G3326,G2768,GS009,G2125,G1089,G8055,GS011,G6032,GA002,G8252,G8062,G2093,G8273,G6100,G2021,GS012,G2625,G6017,G7029,59285,GS008,G1996,G2032,G2781,G3304,G1936,G2078,G2785,G1971,G9533,GS006,G2604,G1978,GS004,G6540,G1055,G2117,G8260,G7050,G8256,G8280,G2145,G6049,G2011,G9744,G9743,G1948,G8227,G6053,G2034,G3321,GS015,G2022,GS014,G1967,G8356,G1924,G5940,G9550,G6112,G3300,G2709,G8067,GR071,G1920,G3308,GS002,GS013,G3267,G1048,G8283,G6052,G3143,G3201,G3103,G6010,GS005,G3206,G1989,GE303,G2064,G2044,G8235,G3427,GS001,G6050,G2059,GS003,G7044,GE302,G2195,GA005,G2791,G8243,G2723,GE306,G7034,G6092,G8362,G6552,G8228,G9551,G1961,G6071,G2101,G3351,G8268,G2143,G1909,G6077,G3207,G8284,G8329,G6542,G2726,G2710,G8323,G2141,G6130,G2048,G8230,G8367,G2146,G8241,G2738,G6097,G6099,G2668,G1923,G5956,G1922,G6132,G9503,G6205,G6553,G2736,G1994,G2047,G1964,G6148,G8261,G9732,G2123,GR064,G6142,G3121,G5955,G5953,G5954,G7030,G6045,G1963,G3338,G2622,G3122,G1072,G1935,59289,G6555,G8358,G1921,G6088,G9583,G9522,G2092,G9733,G6215,G2732,G1995,G1966,G2099,G9755,G8059,G7054,G8066,G1064,G8251,G2663,GE304,G1934,GA037,GR060,G8082,G6212,G2140,G6056,G6560,59476,G3239,G9553,G8065,G9531,G2127,GR076,G2661,G9549,G3247,G2782,G8083,G8249,G2096,G8326,59271,G9596,G3318,G1973,G3245,G2057,G8247,G3154,G3317,G3205,G8262,G2091,G6044,G2016,G6042,GA031,G3243,G8058,G6162,G2196,G2662,G6697,G2118,G6001,G2020,G2722,G8085,G2135,G8276,G1997,G3350,GA029,G1060,G7028,GA030,G6054,G2094,G6055,59294,G6556,G5952,G3202,G1949,G2075,G9731,G1993,GR025,GA036,G1065,G6163,G8361,G2006,G8535,G2711,G6076,G2197,G8275,G7031,G3163,G6217,G1918,G1083,G1078,G7021,G3423,GA035,G9595,G6638,G6120,G9519,GA034,G9598,G2192,G3153,G6043,G8236,GA032,G8556,G1981,G1792,G2104,G6548,G2063,G2066,G9220,G1992,GR024,G2062,G2114,G6143,G8069,G6020,G2039,G2787,G3269,G8225,G8352,G6046,G6094,GE305,GR041,G1912,G9536,G9592,G6059,G2214,G1901,G2734,G2136,G2008,G2067,G2745,G9827,G9520,G1793,G2049,G2007,G6015,G2194,G2147,G6009,GR075,G8172,G6144,G9534,G1928,G6123,G8229,G6036,G2102,G6021,G2137,G8271,G3212,G6508,G6507,G3208,G2002,G8167,G8282,G6014,G6211,G2071,G1962,G3323,G5387,G7056,GA033,G6218,G1933,G8355,G8182,G2009,G1740,GW200,G2103,G1952,G3105,G6660,G3248,G2724,G2789,G1911,G6554,G2131,G9593,59087,G6027,G1090,G6037,G8332,G7035,G2065,G3001,G2023,G3422,G9552,G1017,GW209,G9361,G6035,G1775,G8357,GR001,G6016,G1985,G1932,G8078,G2045,GW201,G2025,G2019,GJ503,G2024,G8075,G1020,G1061,G5424,G6557,G8541,G6023,G6047,G2087,G1747,G6048,G3349,G2626,G2130,G8064,G1960,GR061,G8054,G3002,G2198,G8166,59485,G1913,G2080,G6026,GJ502,G2624,G8154,G2030,G2748,G6201,G1091,G8079,G8071,G5389"
113.05,23.69,0.89,0.81,1112,"G8304,G8301,G8302,59280,G8437,G2701,G8300,G8327,G8312,G8306,G8334,G8313,G8320,GR069,G8307,G2704,G8311,G2705,G2703,G8321,GR030,G8303,G8308,G8322,G8328,G2715,G2716,GR070,GR031,G8335,GR067,G3417,G2723,G9768,G8329,GR033,G8331,GR032,GR029,G6941,G3259,G1073,G2702,G3109,G6967,G3415,G2754,G6939,G3126,GR064,G2720,GR065,G8323,G9484,G3409,G3352,G2224,G1025,G8326,G7008,GR066,GR062,G1027,G3420,GR071,G7000,G9769,G9701,G6942,G9832,GR077,G1081,G9737,G8205,G6943,G7004,G8207,G3411,G8556,G2299,G9767,G6937,G8201,G9766,G3419,G2781,G2227,G8213,G8190,G3416,G9703,G9736,G9485,G3262,G3119,G1026,G7010,G3426,G1059,G8535,G3260,G2791,G3252,59284,G2745,G2726,GR075,G9486,G2722,G2220,G8353,G2724,G1021,G9754,G3251,GR041,G8541,G6936,G8202,G9833,G6946,G9483,G2768,G8200,G6947,G3253,G8199,G3159,G6944,G3325,G2293,G8332,G3123,G3412,G3414,G8362,G9738,G8215,G3258,G1024,G7003,G3104,G9847,G2736,G2298,G9571,G2210,G1042,GR043,G9756,G3354,G3257,G3418,G1043,G9758,G9846,G3256,G2294,G6948,G9482,G6938,G2711,G2738,G3255,G6945,G3353,G2625,G8356,G9566,G9715,G6949,G9707,G8367,G2601,G6935,G3452,G2787,G8530,G9848,G8315,G2250,G9823,G9705,G8212,G3263,G2296,G3413,G9719,G8191,G9488,G8214,G2652,G9564,G2292,G8352,G6951,G8555,G2218,G8289,GR025,G8540,G8198,G9739,G3246,G2785,G2295,G3440,G9757,G2709,G6829,G9845,G2290,G6859,G9697,G1058,G9822,G2216,G7012,G3363,G3438,G3240,G7005,G9816,GR060,G6934,G2275,G3254,G9817,G2282,GR040,G9695,G3303,G9740,G8324,G1040,G8211,G9567,G8209,G2297,G7011,GR039,G8358,G9694,G3404,G8053,G1010,GR024,G2602,G9844,G1011,G1080,G2249,G2286,G2677,G3364,G2291,G7063,G2251,G2268,G2710,G8064,G9568,G8069,G1052,G2288,G6950,G8222,G8208,G9759,G3405,G2773,GR076,G3346,G9565,G7002,G2748,G8067,G1028,G9735,G3437,G8357,G9589,G2789,G8221,G2655,G6952,G7067,59087,GR073,G8204,G8287,G6831,G8355,G6840,G8361,G8058,G8219,G9781,G2248,G6953,G6933,G9813,G2656,G8223,G3355,G9814,G1006,G2247,G9563,G3127,G8083,G6954,G6862,G8193,G2782,G2279,G7066,G8566,G9760,G6843,G2658,G8197,G2287,G3367,G8206,G3406,G9762,G3160,G6830,G7001,G3403,G8194,G1014,G2772,G8552,G9487,G2774,G6966,GR036,G3356,G3307,G8333,G2276,G8342,G2624,G8325,G9581,G8057,G2734,G2289,G1046,G9480,G9761,G8078,G2732,G2206,G1095,59276,G9569,G9481,G3401,G6965,G2659,G8220,G8062,G7064,GR061,G8557,G8217,G2285,G8216,G3446,GR074,G2725,G9842,G7060,59279,G7059,G8543,GR001,G2654,G3326,G6839,G7013,G9815,G6857,G3427,G8330,G9742,G6955,G9780,G6841,G6850,G7016,G6832,G9773,G9716,G6858,G8079,59285,G2653,G9724,G3335,G9777,G3428,G1051,G8203,G9841,G7017,G7015,G8063,G2783,G7014,G8196,G2786,G9826,G2788,G9782,G3429,G9741,G6959,G7006,G9778,G8189,G9770,G7065,G3164,G9572,59288,G1094,G6960,G9555,G9763,G9706,G6956,G3333,G1029,GR037,G1007,G8084,G6842,G9721,G8100,G9587,G7062,G6961,G9723,G2651,G9734,G9528,G7018,G3407,G3310,G8082,G3423,G8085,G8192,G1008,G2280,G1064,G3304,G9725,G2217,G3219,G0817,G9507,G6834,G3222,G3422,G6853,G9584,G9731,G2714,G2721,G1009,G8066,G7009,GR063,G8195,G9732,G6838,G9570,G9588,G2771,G9772,G8065,G7061,G8075,G8052,G9796,G8077,G6957,G9720,G9771,G6852,G9557,G9755,59271,G2261,G1044,G2687,G9764,G3357,G9795,G8567,GR009,G1036,G9558,G8073,G6837,G9722,G2690,G6867,G9515,GR034,G9512,G8536,G3236,G8351,G2735,G9825,G9561,G8350,G2604,G9560,G9798,G8538,G6828,G1099,G3224,G6833,G6836,G2606,G6866,G2707,G9539,G6962,G9797,G3351,G3232,G2623,G8013,G9708,G9800,G9799,G9556,G9576,59088,G8546,G1033,G8061,G9802,G2688,G8549,G1045,G9578,G9824,G8565,G9753,G9801,GR068,G9829,G1001,G9834,G3241,G9827,G6958,GR038,G9996,G2273,G3350,G9794,G2760,G2267,GR026,G9726,G1037,G3311,G3362,G8076,G2281,G1053,G3230,G2682,G8070,G9783,G9784,G2683,GR044,GR042,G3157,G0816,G8055,G3221,G9577,G9491,G9531,G9803,G9472,G6844,G9804,G9476,G9506,G3225,G2692,G9473,G2706,G6835,G2272,G3402,G9580,G6865,G1020,G9505,G9504,G6860,G3151,G9470,G9475,59287,G9733,G3316,G8072,G3261,G8074,G8354,G7058,G9474,G9471,G9582,G3103,G9791,G3314,G2270,G9806,G9729,G3328,G6813,G8512,G2674,G9573,G9774,G2675,G8033,GR078,G3235,G9709,G1093,G3223,G3237,G3249,G3229,G9805,G3410,GR035,G9489,G3243,G9752,G2271,GE022,G9562,G3228,GA004,G3161,G3451,G8059,G9478,G0902,G2211,G3345,G8269,G2223,G3450,G3238,G0903,G9775,G9835,G6963,G6825,G2607,G2680,G3454,G3344,GE007,G3327,G8365,G9704,G6847,G2254,G8360,G2259,G9793,GE010,G8071,GA037,G6800,G3102,G2221,G9498,GE021,G9828,G2260,G3320,G3449,GE023,G2256,G6849,GR027,G6851,G3349,G2665,G1022,G9585,G9776,GE008,G6826,G3163,G6802,GE009,G8525,G3309,G9792,G9499,G9477,G6812,G2770,G9807,G8554,G3231,G8366,G1002,G3234,G8537,GE006,GE005,GE024,G3332,GE004,G6855,GA001,G3233,G1088,G3339,G9501,G9500,G3435,G3101,G3447,G2784,G2713,G1085,G1039,G9788,G8019,G9713,G9590,G1034,G3107,G3312,GE003,G3105,G2219,G3444,GE002,GE017,G3425,GE025,G8272,GE018,GE001,G2712,G2255,G3227,G2204,G3442,G6964,G6816,G2201,G9714,G2622,G2274,G9513,G9579,G3143,GE030,GE031,GE032,G8281,G2684,GE011,G1097,G9526,G8553,G8532,G8348,G8347,G2780,G3448,G6810,G6814,G9527,G8080,G9730,G3330,G6801,G8051,G3162,G2681,G8547,G8231,G3322,G2691,G3302,G9712,G2240,G9594,GE026,G3226,G3155,G3200,G3190,G8240,G8531,G6929,GE012,GE016,G8031,G8264,GE019,GA029,G2252,G3321,G8341,G8283,G1060,G3443,GE014,G2747,G2626,G2253,G2673,G8005,GE013,GA031,G2222,GA002,G1030,G2727,G3138,G3146,G6807,G1032,G3248,G6848,G6827,G1047,GE206,G2737,GE015,G2616,G6809,G3242,G2777,G8014,GR059,G9554,G6808,G8533,G3220,G8506,G6806,G2202,G1003,G7046,G3329,G3266,GA030,G6817,G2225,GR028,G6803,G8336,GE029,G8263,G9591,G2233,G9586,G6804,G6918,GA036,G2228,G1070,G8520,GE027,G6821,G2234,G9710,GA003,G3145,G3323,G7037,G3144,G2660,G8227,G8545,G2605,G9508,G3247,G9745,G9575,G8243,G1000,G8261,G8255,G3136,G9514,G8036,GE207,G9525,G2729,G3125,GF811,G3365,G7068,GE020,G9502,GE240,G8253,G8509,G1082,G6805,GA035,G6909,G6923,G3124,G8250,GA034,GE204,G2697,G1079,G2205,G9553,GE028,G3218,G3348,G2264,G8561,G2694,59075,GA007,GE220,G3129,GE213,G8529,G6811,G3108,G8542,G6820,GE202,GE219,G2209,G8519,G1031,G1018,G2761,G2226,GA027,G1071,GA023,G9711,G8007,G6868,G3250,G3156,GR045,G8054,GA032,G2615,G8534,G8245,GA028,GA022,G1750,G3114,G9559,GE217,G8277,G7020,G8568,GA025,G6127,G8268,GL701,G8030,G3158,G6916,G3152,G7069,G7053,G8247,G8340,G8244,GA033,G2263,G1062,GA008,G1483,G8564,GA020,GE218,GA024,G3319,G8548,GA011,G8020,G2790,GA016,GA009,GA012,G8518,G3300,GA014,G9592,G2238,G8239,G6915,G9779,G2693,G1975,G2698,G2695,G8528,GA018,GE317,G6822,GF810,G1057,GE203,G1065,G2743,G3338,G9743,GE308,G9744,G6925,GA013,GA019,G6003,G6002,G2258,G2662,G3324,G9702,G8001,GA026,G8257,59481,G3139,G7048,GA010,G9751,GA017,GA021,GE314,GA015,G6087,G9510,G8225,G2245,G8265,G8228,G3128,G6863,G6845,G7042,G6908,G6917,G1092,G8021,GE313,G5969,G6931,59294,G5948,G3347,GR056,G8081,G2676,G8563,G8276,G1907,G6864,G3130,G5947,G6129,G8226,G2670,GE205,G3140,G1015,G5946,GR057,G3267,GE235,G1023,G8234,G2689,G8017,G3106,G6000,G6824,G9750"
113.05,24.15,0.89,0.81,550,"G8566,GR073,G2772,GR043,G8540,G2771,G8555,G8541,G8543,G8565,G2774,GR034,G2721,GR035,G8342,G8556,GR042,G2724,G8538,G8537,G2770,GR044,G8332,GR075,G8567,G2745,G8324,GR040,GR068,G8329,G8315,G8326,G2747,G8325,G8530,G2723,G8545,GR041,GR063,GR074,GR036,G8554,G8547,G8542,GR064,G8535,G8552,G8323,G8564,G2725,G8546,GR037,59088,G8512,G8563,G8532,G8347,G8348,G2777,G8536,G8328,G8561,GR038,G8307,G2722,G8308,G2773,GR056,G8331,G8529,G1466,G8336,G8533,GR071,G8568,G8524,G8327,GR069,G8330,GF701,G1460,G8518,G8528,G8557,GR039,G8509,G2702,G2766,G8531,G8549,G8507,G2701,G8548,GR057,G8333,G2787,G8437,GF700,G2727,G8302,GR065,G2711,G2726,G2707,GR059,G8553,G8306,GR030,G2791,59280,G8340,G8352,GR077,G8335,G8525,G2781,G1426,G8514,G2760,G8506,G8312,GF004,G2748,G8510,59075,G8064,GR062,G8334,G2754,G2761,G8526,G4555,G2706,G2735,G2714,GR029,G2736,GF706,G8304,GR058,G4538,G8362,G8322,G2728,GF092,GR025,G8357,G4614,G8301,GR026,G2704,G8419,G2788,G4407,G8350,G2708,G8321,G8519,G2789,GR031,GR009,GR072,59087,G2775,G2738,G2768,G8341,GR024,G8317,G8316,G8365,G8353,G8355,G2783,G8320,G8367,G3426,G8300,G8013,G2624,G4540,G8069,GR078,G4619,G8520,G8313,G8337,GR006,G8311,G8551,G8517,G4664,G8084,G9736,G8523,G9754,G8356,GR060,G2765,G2790,GR045,G8078,GR061,GF100,GR004,G9738,G8031,G9737,G8515,G2625,G8201,G8354,G2712,G4556,G2763,GR007,GR027,G8213,G8079,G4612,G3352,G1021,GR001,G8030,G2705,G8361,G3417,G2744,G8358,GR008,G2786,G4547,G8100,G2709,G8190,G8513,GR066,G2720,GR012,GR076,GR070,G8017,G2703,G2734,G8511,G2780,G8558,G2785,G3109,G2716,G8303,GR067,G8058,G8351,G9768,GR054,G2762,G8569,G8033,G2715,G6941,G3262,G3353,G9769,G4618,G4535,G9756,GR028,G2729,G8205,G8077,GF705,G1429,G2713,G2710,G8508,G3123,G8061,G9701,G4667,G8083,G8366,G2782,G1027,G1409,G4554,G8516,G4615,G6939,G8534,G1403,G2615,GR005,GR011,G6967,G8521,G2743,G8073,GF007,G3415,G9767,GF102,G2616,GR032,G4557,G4541,G8202,G8067,G2767,G2776,59081,G9758,G8012,G8215,G3259,GR033,G4630,G3422,G9719,G2224,G8075,GF104,G8070,G3303,G8360,G4549,G4666,G8021,G9879,G9757,G8200,G8421,G8500,G4610,G9705,G2732,G9766,G2746,G9832,G8207,G4401,G8550,G1073,G8053,G2784,G8014,G8011,G3354,G2623,GR010,G3419,G9753,G9735,G8469,G2737,G7008,GF704,G9752,GR052,G9759,G9484,G3126,G3363,G6942,G9703,G4534,GF005,G3418,G3409,G1025,GF810,GF811,G1081,G2764,G3423,GR055,G8076,G8539,G1080,G4628,G8199,G2755,G7000,G2299,G8007,G9872,G8501,G3127,G4558,G8433,G8072,G9739,G3258,59082,G8502,G3420,G4617,G8452,G1464,G9878,G6937,G1428,G9871,G8214,G4411,G8544,G1059,G3425,G2753,G2740,G8085,G7004,G9731,G9729,G1483,G1491,G6943,G8427,G2227,G1492,G8503,G8191,GR048,G3411,G3427,G2652,G8289,G4551,G3257,G9486,G4631,G2220,GF702,G8074,G9485,G3416,G4403,G1482,G8082,G8062,G3414,59284,G9884,G1064,GF605,G1024,G3251,G1020,G8212,G3260,G4616,G9730,G8432,G4544,G3364,G8019,GR047,G3326,G9827,G7010,G9881,G4629,G3119,G4543,G3307,G8066,G1026,G8065,G4632,GF006,59271,G9480,G8504,G3246,G8505,GF804,G9740,59285,GF606,G9483,G3365,G4542,GF101,G9760,G8029,G4545,G8057,G1493,G8447,G8005,G8036,G9755,G3440,G9716,G1085,G3252,G8465,G8406,G6946,G3325,G9732,G9833,GR019,G3159,G8435,G6944,G4550,G8071,G3367,G9481,G6936,G3413,G4620,G8425,GR051,G1401,G1406,G1057,G9873,GF707,G6947,G4412,G1058,G9877,G9874,G3263,GF099,G9867,G2742,G3355,G3104,G9823,G3253,G6945,G4406,G3350,G8457,G3412,G7003,G4408,G8209,GF809,G8413,G8198,G4652,G2293,G3349,G4415,G1478,G9847"
113.05,24.62,0.89,0.81,438,"G4538,G4555,GF700,GF701,G4540,GF706,G1466,G1460,G8563,GF092,G4556,G8510,GF004,G4407,G4547,GF705,G8542,G8524,G8564,G2766,G4554,G8545,G4549,G4535,GR056,G8500,G4557,G8515,G2767,G1464,G2747,G8502,59081,G8537,GR006,G1426,G8503,G8501,G2770,GR035,GR011,G8316,G8317,G4544,GF702,GR012,G4543,G8507,G4542,G8505,G4534,G2765,G8504,G4545,G8565,G4614,G4541,GF704,GR004,G8561,G8526,G8508,GF099,G8511,GR042,G8547,G1403,GR057,GR010,GR034,G8568,G2771,G4619,G8528,GF707,G8518,G1462,G4551,G8529,G4401,GF007,G9881,G8554,G8523,G8538,G2708,G9884,GR044,G8514,G9880,GR007,G2721,GR058,G2777,GF100,G8419,GF102,G1414,GF005,G2762,G4550,G1429,G4664,G8548,GR068,G4553,G2753,G2772,G8566,G8348,G8532,G8347,G4610,G8543,G4612,GR008,G9883,G8448,G8336,G4546,G8567,G1415,G8509,GR073,G8469,G8337,G4536,G4411,G4548,G1404,G8457,G4666,G4402,G8533,G4403,G8516,G2728,G8447,G2774,G2775,G4667,G4567,G1463,G1410,G8452,G8340,GF003,G4615,GF098,G4552,G8342,G1409,GF104,G1401,GF006,G4415,G4617,G1406,G8512,GF703,GR021,G4405,G1411,GR063,GR005,G8445,59082,G4563,G4404,G4412,G8531,G4408,GF209,G1405,G4517,GF000,G4409,G4618,G4406,GR072,G2763,G4400,G8569,G1454,G2761,G8540,G8546,G4410,59088,G8555,G8513,59075,G2727,GR059,GR038,GR022,G8444,G8442,G8325,GF101,G4608,G4616,G1458,GR020,G4569,G4566,G8465,57988,GR043,GR074,G1428,G8521,G8536,G8441,G1491,G2764,G4516,G8506,GF200,G4604,G4601,G1402,GR036,G4630,G8553,GF001,GF095,GR037,G8324,G8541,G2751,G8551,GR040,G1412,G4562,G4663,G8458,G9882,G8460,G8519,GF202,G2744,G4611,G8468,G8517,G1425,G4628,G1413,G8552,GF002,G2725,GR019,G1492,G8455,GF096,G1456,G9879,G2724,G4621,G8525,G4518,G2757,GR048,GR018,G8549,GF201,G4602,G4519,GF103,G8421,GR054,GR051,G4620,G8315,G8530,G8332,G8446,G8556,G8427,G9878,G4439,GR055,59072,G4605,G8454,GR075,G1445,GF097,G2745,G4568,G2742,GR049,G4525,G2707,G1470,G8550,GF308,G8330,G8443,G2790,GR047,G8338,GF204,G2760,GR013,G4438,G8467,GR041,G9872,G8557,GF208,GF203,G4564,G8341,GR014,G8423,G2773,GR045,G8558,GF312,G4649,G8433,G1461,G4607,G4665,G2706,G8426,GR053,GR052,G8326,G8520,G8017,G8535,GF304,59071,G2750,G1442,G4639,G4524,G9877,G8329,G4613,G8425,G8464,GR046,G1474,G8333,G8539,G4609,G1424,G1455,G8462,G1493,G9871,G2735,GF207,GF606,GF303,G2723,G8432,G8030,GR064,GR039,GR026,G8428,G4631,G2755,G1448,G4526,G8011,G2714,G1439,G8365,G2746,G1446,G2752,G2740,G4648,G8420,G8323,G4441,G2722,G4442,G2776,G4603,G4529,GR050,G8350,G4560,G1472,G1449,G9876,GF210,GF605,G8429,G8031,GR078,G1459,GR009,G1465,G8449,G4561,GR023,G8435,G9875,57989,G8012,G4565,G2787,GF205,G9873,GF300,G4523,G2748,G2788,G4422,G2733,GR016,G4661,G8422,G1437,G4629,G8328,G8430,G4531,G2712,G8411,G4622,G8064,G2741,G8013,G2711,GR071,G9874,GF310,G8307,G8352,G8308"
113.05,25.08,0.90,0.81,323,"G4567,GF098,G1410,G4536,G4563,GF209,G4548,G1415,G1458,G1414,G4566,G4601,G1462,G9880,G4542,GF099,GF096,G4543,G4545,G8505,G1413,G4516,G4544,G1412,G8504,G4518,GF097,GF095,G1470,G8503,G1464,G4546,G4562,G8502,GF702,G4649,GF208,G4519,G1454,GF200,G4564,G4608,GF207,GF707,57988,G4604,G8501,GF204,G4517,G1411,G4663,G4549,G1456,G4552,G4602,G4648,GF705,G4553,G4569,G1472,G8500,GF210,GF703,G4554,G8444,G4565,G8448,GF203,G4609,G4534,G4561,G4556,GF202,G1463,G2767,G4547,G4557,59081,GF201,G4606,GF000,G4605,G9883,G9881,G4550,G4568,G8445,G8441,G4600,G4560,G4540,G4607,GF704,G1461,G4551,G4535,GF205,GF211,G9884,G1404,G8455,GF206,G4402,GR011,G1474,G1471,GR022,GF003,GF308,G4603,G4538,G4541,G8457,GR010,G4555,G2751,GF706,G4647,GF212,G1405,G4404,G1425,GF092,G4407,G4525,G1448,G8454,G8458,G1449,G8515,GR021,G1459,GF001,GR012,G4401,G1403,GF700,G1465,G8447,G8508,GF005,G8510,G2753,G4415,G1418,G1446,GF004,G4405,G1452,G1455,G1401,GF701,GR006,G4403,GF007,G4422,GF312,G4439,G1445,G8511,G8468,G1406,G1460,G4409,G4529,GF303,G1417,G4411,G4400,G1466,G4408,G2765,G8442,GR004,GF006,GF102,G4412,G4410,G8316,G8317,G4406,G4438,G8524,G4610,G2750,G8563,G8452,GF002,G8469,G1442,G9882,GR023,G2766,G1429,GR020,G2762,G1426,GF300,G4526,G4666,G8443,G1439,G4617,G4614,G4441,G4442,G4444,G1402,G1437,G8542,GR007,G4619,G8564,GF093,57989,GR056,59082,G8523,G8450,G8456,G8516,GF100,GF304,G4611,G8526,G8465,GF101,G4524,G4521,GF103,G8507,59072,G8545,GR008,GF104,G8446,G8467,G4530,G4667,G8460,G4612,G4664,G4615,G4616,G8449,G2708,G1409,GR018,G2752,GR015,G1420,GF307,GR057,G4621,G4523,G8462,G2747,G8419,GR058,GR005,G8463,GR016,G8561,G1428,G8514,G8537,G1491,G8568,G8337,GR013,G2770,G2757,G8528,G2756,GF310,G8518,G4520,G8464,GR019,GR035,G8440,G4613,GR014,G2764,G8529,G8338,G4522,GF302,G8547,G4618,G8428,GF309,GR017,G4531,GR050,G2758,GF305,GF301,G8426,G8548,G2775,G8451,GR049,GR051,59071,G8569,G8565,G4620,G2728,G4413,G8422,GR042,G8521,G2777,G4665,G8453,G1492,G1424,G2763,G8423,G4510,G8554,G8513"
113.05,25.54,0.90,0.81,154,"GF211,G4600,G4606,G4565,G4648,GF207,G1471,GF210,GF212,G1472,G4649,G1470,GF097,GF208,G4561,G4564,GF096,G4518,G1413,GF206,GF204,G4601,GF205,G1412,G1458,G4566,G4560,G4519,G4609,G4516,GF209,G4562,GF095,G4563,GF203,G4647,GF098,G4602,G4567,G1410,G1456,G4536,G4663,GF200,G4548,G4603,G1415,G4604,G4607,G1461,57988,G4608,G1474,G1454,G4568,G1418,G1414,G4605,GF201,G1459,G4569,G9880,G4517,G1449,G1462,GF202,G4546,G1452,G1411,G1417,G1465,G1448,G8444,GF308,GF099,G4552,G4542,G4545,G4422,G8505,G8455,G4543,G8504,GF703,GF093,G4544,G8441,G1446,G4553,G4521,GF000,GF707,G8503,G4525,G1464,GF702,G8502,G8445,G1455,G8448,G4529,G1463,G8454,GR022,G2751,G8501,G1425,GF303,G9883,GF307,GF312,G4549,GR023,G8458,G4550,G4444,G1404,G9881,G8456,G8500,G4402,GF300,GF705,GF003,GF001,G4534,G1445,G1405,G4530,G4554,G1437,G4551,G4404,G9884,G4439,G8450,G2750,G2767,59081,G4557,G8457,GF311,GF704,G4520,G1442,G4438,GF302,G4526,G4441,G4442,57989,G1439,GR021,G1453"
113.50,21.85,0.87,0.81,353,"G1205,G1222,59682,G1286,G1292,G1224,G1214,G1273,G1218,G1203,G1293,G1280,G1217,G1299,G3990,G3984,G3985,G1207,G1297,G1226,G1210,G1232,G3994,G1295,G1220,G1298,G1230,G1274,G1256,G3980,G3999,G1238,G1234,G1235,G3951,G1241,G1240,G1221,G1276,G3995,G1206,G1289,G3996,G1252,G2037,G3970,G1258,G1212,G3981,G3962,G3987,G3968,G3950,G3971,G1208,G3983,G3982,G3972,G3992,G3993,G1209,G1278,G3960,G3991,G1215,G1272,G1250,G2085,G3973,G3953,G3997,59487,G1225,G2084,G2003,G1271,59488,G3986,G1254,G1228,G3963,G1233,G2031,G1259,G3974,G1270,G1260,G1290,G1236,G1269,G4005,G2036,G2083,G2086,G3952,G3966,G3964,G2158,G1237,G3975,G1202,G3958,G3957,G2077,G2053,G3976,G3956,G3998,G2070,G3989,G6707,G6703,G2111,G2186,G2187,G3977,G3978,G2017,G1255,G3954,G1268,G1261,G1253,G3967,G6204,G3979,G1277,G1223,G2010,G1243,G3965,G1229,G2058,G2193,G1282,G6208,G1204,G2038,G3961,G2081,G3955,GJ106,G6771,G6704,G6708,G6608,G3969,G2054,G6698,G1285,G1251,G6772,G1283,G2191,G6615,G6706,G6702,G1227,G6770,G1244,G6607,G2050,G2181,G1265,G3959,G2112,G1211,G1262,G2120,G2068,G3988,G2035,G1264,G2027,G2060,G2042,G6529,G2076,G1263,G1294,G6207,G2018,G6203,G2134,G2028,G2190,GJ100,G6722,G6518,G2004,G6214,G2051,G2182,G6200,G6549,GJ108,G2088,G6593,G2029,GJ101,G1191,G2133,G6613,59490,G1257,G6723,G2046,GJ102,G6201,G2089,G6521,G2026,GJ107,G6213,GJ103,G2030,G2087,G6500,59485,G2019,G2005,GJ104,G2024,G6605,G6517,G6709,G2080,59672,G6618,G2074,G6590,G6603,G2025,G2065,G2073,G2002,G6773,GJ105,G2198,G2052,G2009,59673,G2043,G2067,G2131,G2102,G2007,G2132,G6546,G6211,G2138,G2063,G2039,G6720,G1179,G2152,G6548,G2153,G6612,G6217,G2062,G2150,G6218,G2075,G3521,G1189,G2071,G2023,G2106,G3585,G2020,G2008,G6210,G9718,G6219,G3619,G6724,G1142,G2045,G6503,G6710,G3556,G6525,G2057,G6554,G6774,G2194,G2196,G3211,G6212,G2130,G2016,G9818,G1195,G2122,G2094,G3540,G6215,G3618,G3704,G9521,G6558,G3717,G3697,G1090,G2096,G2047,G6205,G2197,G2006,G3650,G3715,G9574,G2049,G6604,59478,G2066,G3641,G2123,G9552,G3647,G3714,G1153,G1196,G3718,G1197,M9988,G3643,G2184,M0003,G2127,G3555,M0004,G2091,G9535,G2059,G6591,G3675,G3759,G2192,G2092,G2137,G2099,G2064,G1017,G3546,G3738,G9748,G2011,G2034,G1145,G6555,G3530"
113.50,22.31,0.88,0.81,1132,"G1237,G2053,G2086,G1271,G1270,G2003,G1233,G1272,G3991,G1223,G2038,G4005,G2083,G2085,59488,G1236,G2077,G1204,G3997,G1215,G2081,G1283,G1228,G2010,G3998,G1212,G1285,G1243,G3996,G1282,G2050,G3992,G3995,G1244,G2084,G2036,G1209,G1221,G6204,G2054,G1229,G2037,G2042,G1276,G2027,G3970,G3981,G2068,G6208,G3971,G3972,G1227,G1206,G1230,G3994,G2035,G1238,G2028,G3980,G3973,G1226,G1240,G1211,G2031,G2051,G2017,G1295,G1232,G1252,G6200,G3953,G2070,G2058,G6203,G2004,G1294,G1259,G3960,G3987,G3974,G1217,G2076,G1280,G2089,G2026,G6214,G1261,G3989,G3975,G1256,G2005,G1220,G6213,G2029,G2018,59487,G3976,G1258,G3952,G2030,G3956,G3961,G1224,G2080,G2074,59485,G1250,G6207,G2060,G1210,G2025,G1298,G1262,G1289,G6201,G2052,G1292,G1299,G3964,G2043,G2065,G2024,G2088,G3977,G3963,G2073,G3978,G3969,G2009,G2087,G3959,G6211,G3950,G1255,G3988,G2007,G6218,G1297,G1218,G3979,G3955,G2019,G2002,G1263,G6549,G1277,G2046,G2071,G2062,G2023,G2067,G2008,G3962,G1251,G3965,G6210,G1264,G2045,59490,G2063,G1260,G9718,G1253,G3951,G1278,G6217,G1265,G1290,G6723,G2094,G3211,G2016,G3957,G1205,G2075,G3968,G1222,G1273,G1191,G3990,G2006,G9818,G1090,G2049,G2066,G2039,G2096,G3967,G9521,G1257,G6219,G3993,G6518,G2112,G9552,G9574,G6548,G2091,G2102,G6215,G2020,G3986,G3954,G1293,G2099,G6212,G2092,G1254,G3958,G1017,G6205,G2131,G9535,G1078,G1241,G2047,G6517,G2044,G9748,G2198,G2057,G2059,G2133,G2034,G3966,G1207,G6593,G1202,G1268,G2011,G3205,G2120,G2196,G2193,G3704,G2022,G1091,G1274,G1179,G1189,G2048,G2032,G6702,G6706,G9749,G6722,G2015,G3521,G3556,G3984,G3985,G2123,G2078,G2082,G6698,G3202,G2061,G1269,G3619,G3239,G2090,GJ106,G3715,G3643,G2132,G2064,G3206,G2093,G1208,G1139,G3208,G3585,G3207,G3212,G1142,G2001,G3650,G9534,G1145,GJ107,G3717,G2134,G1153,G1196,M9988,G1197,G6500,G3680,GJ100,G3734,G2111,G1286,M0003,G9522,G3697,G2021,GJ103,G3999,59682,GA005,G3618,G3714,M0004,GJ108,G3983,G3982,GJ104,G1203,G9519,G3759,G6209,GJ101,G1225,G6546,G3718,G2041,GJ102,G1055,G2014,G9520,G3540,G3699,G3768,G3209,G2079,G9551,GJ105,G1195,G2194,G2127,G1214,G3142,G3575,G1234,G1235,G3614,G9549,G2072,G3555,G2069,G3121,G1152,G3681,G3636,G6720,G2190,G3647,G2055,G3546,G3530,G2197,G3641,G2012,G2013,G1048,G3765,G6554,G3738,G2124,G3675,G3671,G3784,G2040,G3526,G6216,G3692,G3204,G3746,G1151,G1136,G2056,G6555,G6542,G2191,G3688,G1089,G1072,G9819,G2101,G2243,G3694,G6202,G2130,G3720,G3308,G3110,G6560,59476,G2033,G6544,G3111,G6143,G2128,G2138,G5968,G3733,G3561,GE232,G1901,G9503,G6911,G6913,G3201,G9546,G1187,G9524,G1016,G3548,G5952,G6724,G2192,G1186,59486,G3502,G2236,G3663,G3213,G3757,G9517,G6770,G3702,G1985,G9550,GE225,G6058,G6558,G1056,G3132,G1966,G9533,G3557,GE224,GA038,G1997,G3503,G3120,G6088,G3703,G6700,G2129,GE231,G3648,G6912,59493,G2231,G3501,G3664,G1132,GE226,G2137,G3565,G6142,G2266,G9717,G3781,G3504,GE215,G3752,G3137,G2195,G3617,G3210,G9545,G6772,G6056,G2237,G3645,G6901,G3634,G6541,G3682,G3766,G3713,G3740,GE223,GE222,G6771,G2242,G1967,G6615,GE228,G2246,G3669,G3684,G6055,G3531,G3776,G9523,G2181,G2125,G3203,G6059,G1049,G6540,G6910,G1086,G3635,G3118,G1178,G1130,GE221,G3112,G6927,G9765,G3658,G2103,G3562,G6926,G2158,G9532,GE233,G3728,G3519,G3131,G3790,GE229,G5967,G3580,G1911,G1131,GE230,G2135,G6904,G3550,G3778,G3653,G1989,G3547,G6607,G1183,G2126,G9543,GB060,G1135,G6057,G3773,G2150,G6097,G9837,G1156,G6900,G6605,GE211,G6924,G9540,G3113,G3568,G3691,G5951,G3569,G6543,59480,G1143,G6920,G9840,G9838,G9544,G3553,G3574,GE237,GA006,G9839,G3727,G3797,G3785,GE227,G6060,G3761,G3775,G2141,GE238,G2230,G3698,G6604,G1155,G1170,G3576,G1960,G1077,G9547,G1193,G3774,G2235,G3756,G3529,G6130,G1175,G3747,GE201,G3551,G6054,G3779,G3133,G3134,G9518,G1149,G3579,G3693,G3793,G1069,G6556,G6053,G9548,G3522,G3620,G2232,G1129,G3135,G3115,G3523,G1188,G3583,G3744,G6123,G6919,G1184,G3515,G3528,G9509,G1176,GE216,G2110,G3581,G2116,G3527,G2239,G9746,G1190,G3141,G6903,G3751,G6721,G1121,G6112,G3117,G5949,G6071,G3572,G9541,G1904,G3631,G2187,G3764,G9747,GE239,G3783,G3789,G6902,G2136,G1933,G5950,G2155,G3244,G1120,G6048,G3739,G3686,G1087,G3630,G3701,G3721,G3696,G3577,G1180,G6603,G2186,G6085,G1054,GE214,G2143,G3543,G3513,G3798,G1146,G6703,G6707,G3722,59473,G2241,GE236,G1964,G6562,G1015,G1996,G2148,G3347,G2244,G6905,G3534,G6774,G3506,G6552,G3532,G6075,G1166,G3750,G1092,G3524,G6072,G3510,GE234,G9597,G6610,G1935,G1164,GE208,G2152,G2245,G6525,G6557,G3130,G5958,G7057,G1926,G6100,G2182,G6120,G3324,G9789,G2208,GE212,G3128,59478,GE205,G6099,59481,G3573,G1173,G6152,G6856,GE203,GB031,G6661,G6529,G6031,G6001,G1161,GE209,G6559,G1019,G3558,G1906,G1932,G9510,G6697,G1919,G3791,G3507,G6613,GE235,G6916,G3799,G6915,G2142,G3140,G2183,G3732,G3552,G6917,G6151,G6006,G3518,G6906,G3156,G6163,G6551,G1144,G2257,G6660,G6032,G5959,G1976,G6046,G1944,G6008,G3559,G6608,G3659,G6501,G2209,G2238,G6907,G1947,G9779,G6708,G6704,G3108,G6609,G3743,59289,G6018,G6908,G1148,G1174,G1071,G6049,G1987,GE213,G3129,G1982,G6162,GE202,G6128,G6156,G6013,G6126,G2265,G6553,G6925,G6047,G6773,G6033,G3514,G6153,G1182,GE210,G1915,G2117,G3758,G6110,G3218,G6861,G1910,G5940,G3139,G2104,G6606,GE217,G6103,G3535,G6019,G6521,G3726,G6923,G5962,G2144,GE207,G1000,G1942,G6132,G5960,G9575,G3737,G6612,G3578,GE204,G3145,G9710,G6129,G2147,G3560,G1070,G1929,G1990,G1968,G1018,G2113,G9508,G6154,G1956,G3517,G6931,G2184,GJ502,GE218,G6062,G1918,G3114,G3794,G6819,G6918,G1998,GE219,G1917,G6096,G6817,G6550,G6805,GE220,G3125,G6863,G6017,G1922,G2146,G1945,G9745,G6034,G1984,G5955,G3742,G6909,G6107,G5954,G6534,G2171,G1047,G3649,G6104,G1971,G6105,G6044,G6050,G2233,G6087,G6003,G2115,G5953,G5946,G2106,G6029,G3621,G6848,G6037,G3158,G1953,G3220,GE206,G5966,G6524,G3138,G1907,G3554,G1177,G6012,G2252,G6536,GJ500,G5956,G6106,G5947,G6864,G3136,G1943,G6818,G2234,G2240,G6028,G2226,G3242,G9559,G5948,G6052,G6509,G6930,G2253,G6045,G6806,G6101,G6036,G1031,G3443,GE029,GE240,G3678,G6009,G2263,G6061,G6089,G2118,G2222,G1909,G1949,G6804,G9502,G6084,G6530,G3545,G6816,G1921,G1916,G1905,G3567,GE028,G1913,G1097,G6007,G6042,G3549,G1970,G3155,G6092,GJ501,G1924,G6093,G6845,G1954,G3444,G3661,G6638,G2274,G1955,G1975,G3796,G1030,G6000,G2219,G3107,G6127,GE015,G6091,G6090,G3330,G5961,G1923,G6811,GE016,G3760,G9525,GE020,G6803,G1088,G6002,G3447,G9554,G5945,G9711,GE013,G9788,G6155,G2151,G9501,G1920,G3302,G3101,G3435,G9500,G3190,G1039,G1185,G3339,G1981,G9792,G1995,G1003,G9807,G2212,GE014,G1137,G9477,G3448,GE012,G6102,GE032,GE030,GE031,G6078,G3442,G7036,G6024,G1032,G2153,G6807,GS014,GJ503,G6824,G9590,G6010,G3250,59475,GA003,G6081,GE003,G2201,GA014,G3723,G9498,G1994,GE002,G1983,G6094,G1079,G5964,G2202,GE001,G6855,G1902,G3509,G9499,G6079,G3309,GE019,G3449,G9714,G9793,G1978,G1931,G3687,G6868,G6814,G2177,G6038,G6051,G9527,GE011,G2264,G6035,G1937,GE004,GS013,G6039,GS010,G3570,GA007,GE027,G3450,G1034,G1133,G1950,G6823,G7038,G6082,G7069,GS011,GS012,G2204,G6080,GA018,G6131,G2260,G6809,G6077,G3451,G6041,G2256,GS015,GJ507,G6015,GE101,G6040,G3102,G1936,G3344"
113.50,22.77,0.88,0.81,1840,"G3204,G9819,G1089,G1055,G1048,GA005,G9551,G3213,G3209,G1056,G3207,G3206,G9546,G3308,G3132,GA038,G3120,G3121,G9522,G3142,G2048,G3210,G3110,G3201,G3239,G2041,G9717,G2093,G9533,G1016,G3203,G9550,G9524,G9549,G9517,G3205,G9545,G1086,G2072,G1072,G3118,G9765,G9503,G9532,G3202,G3111,G9837,G3131,G3113,G1967,G5967,G2022,G9838,G9540,G1078,G3137,G9839,G9840,G6912,G9519,G6142,G1077,G3112,G6088,G1966,G2099,G3133,G2056,G2091,GA006,G5951,G2032,G2092,G2066,G9509,G3115,G9547,G2243,G2006,G1989,G9534,G3135,G2090,G9543,G2049,G9520,G2231,G9544,G5952,G3212,G6056,G3208,G9548,G1997,G2014,G9518,G2266,G3244,G1049,G1017,G2044,GE224,G9552,G1090,G5949,G9523,G6143,G6097,G3141,G2015,G9747,G1054,G2096,G2040,G1904,G1901,G2094,G6913,G9541,G5950,G6055,G6053,G2045,G2061,G6927,G1091,G6209,G9574,G6075,G2008,G2242,G6130,G9749,G9597,G1069,G2023,G2071,G1087,G2013,G9789,G6112,GE222,G6924,G6210,G6218,G6072,G6926,G9746,G3134,G3130,G9521,G1015,G1019,G2016,G1926,G6071,G3211,G1919,G6059,G2082,G3140,G3128,G9535,G1996,G1985,G9748,G9510,GE221,GE225,G6152,G6901,G6900,G2232,G2012,G2034,G6054,59481,G9818,G6151,GE238,G3117,G9718,G5968,G2236,G3347,G6100,G6031,G6202,GE223,G1092,GE226,G9779,G2043,G6211,G2001,G2062,G6008,G1947,G2011,G1136,G1964,GE215,G6126,GE216,G3324,G2230,G3139,G1911,G6128,G6018,G6058,G1071,G2069,G3614,G2052,G6153,G3526,G6215,G2033,59480,G6032,G1935,G6099,GE239,G6129,G2059,GE203,G6019,GE201,G1982,G1018,G3129,G6904,G2005,G2009,G3114,G3218,G6903,G2080,G2074,G3108,G2025,G6205,G6123,G1152,G1915,GE211,G6911,G3781,G1929,G3746,G2078,G2245,G6049,G2246,G2065,G3125,G2007,G3663,G6003,G1960,G2073,G3158,G6087,G9508,G9745,G2079,G6916,G5946,G1956,G3156,G2026,G2089,G6001,G6060,G1000,G1933,G5940,G9575,G1907,G6902,G3136,G5966,G1945,G3688,G6219,59289,G6057,G9559,G5947,G6120,G1031,G2047,GE237,G3557,G6217,G6213,G3636,G3681,59485,G2209,G3220,G5948,G9502,GE230,G2030,G3145,G3242,G6048,G6212,G1151,G2051,G2075,G6200,G2244,G3550,G3680,G6163,G6017,G2024,G9710,G6132,G3138,G6127,G1975,G3443,GE232,G6216,G9525,G3664,G1047,G6162,GE229,G6915,GE228,G1030,G2067,G1971,G2063,G3583,G3155,G2239,G9554,GE213,G9711,G3734,G2028,G6002,G1070,G6920,G6000,G6007,G6084,G3785,G2002,G1003,G6046,G6089,G3330,G1970,GE214,G6050,G3190,GE207,G3302,G2237,G1032,G2021,GA003,G1922,G1097,G1139,G2055,G1131,G2020,G3250,G3448,GE205,G1079,G3756,G5955,G3575,G2004,G3442,G5954,GA014,GE231,G2029,GE234,G1932,G5953,G2087,GE202,G6052,G6817,G9527,G9590,G9714,G1193,G2042,G6919,G3671,G1039,G9788,G5956,G3444,G3790,GA007,G6923,G3435,G3101,G9500,G3339,G6085,G3682,G9501,G6201,G6905,G2124,G6203,G3447,G2064,G3768,G2027,G1909,G1983,G3568,G2252,G1034,G1924,G2240,G2238,G3733,G6848,G6044,G3728,G6045,G9514,G9526,G9499,G3309,G6918,G6214,GA018,G1918,G6092,G6816,G1931,G1176,G9477,G2235,GE236,GA008,G3449,G3107,G6917,G1145,GE233,GE206,G5958,G3102,G1132,G3529,G1921,G1143,G1920,G3532,G3329,G2123,G6047,G1923,G9712,G9586,G2019,G6051,G6910,G5969,GS014,GA015,G1183,GE204,G3344,G1944,G2057,G1088,GE235,G1062,G9713,G3702,G2039,GS010,G2068,G9792,G1294,G6010,G3704,GE227,G2219,G9498,G2050,G3345,G2035,G3699,G9478,G3312,G1978,GA009,G2088,G6042,GA024,G1949,G3531,GS011,G1244,G6041,G3686,G3569,GS012,G6548,G3450,G3454,G2208,G2233,G9489,G9835,GS013,G0903,G3410,G3223,G1995,G1093,G9709,G3643,G3238,G1283,GA010,G3227,G0902,G1994,GE217,G2253,G1936,GS009,59486,G1170,G3502,G9828,G3314,G2076,G9807,G6156,GS015,G1910,G3451,GE212,G9579,G3515,G2274,G1156,G3316,G6925,G9591,G9471,G6037,G6908,G3692,G9504,G5965,G2018,G6805,G9505,G3226,G6700,G6009,G6077,G6036,G1211,G9474,G9793,G9470,G1987,G1285,GS007,G2222,GA012,GA021,G9805,G3402,G9475,G2128,G9506,G3228,G1227,GS008,GA016,G2196,G9791,G9513,G5959,G9491,G2046,GA019,G3221,G3715,G9476,G2038,G3249,G3237,G9473,GS006,G1981,G3225,G3362,G9582,G1053,G6909,GE208,G2081,G2241,G9577,G6806,G3235,GA013,GS005,G9472,GE220,G3703,GA011,G3727,G3765,G1037,G2102,G1963,G2054,G3241,G9996,G9834,G1001,G1204,G1002,G6544,G6207,G9806,GS004,GE209,G3157,M9988,G3759,GE219,G3635,G1197,G3528,G2234,G9829,M0003,G1196,G3231,GA023,G3327,GA017,GE029,GS003,G1153,G6906,G6094,G9824,G3161,G1913,GA022,G9803,G1223,M0004,GA020,G3332,G1045,G1282,G9794,GA026,G9726,G1948,GE016,GS002,G3693,G3722,G9804,G6541,G3152,G3311,G1961,GE003,G9801,G6549,G3503,G9580,G6855,G9775,G1099,G3650,G9708,GS001,G6043,G2010,G6804,G7057,G3224,G1033,GA027,G9799,GE218,G3764,G9573,GE031,GE032,GE030,G2260,GA028,GE015,G9576,G3146,G3530,G3162,G1243,G6093,G3653,G3714,G3556,G6015,G2126,G2256,GE002,G9800,G9825,G1984,G9798,G9539,G2201,G6208,G9722,G2060,G2129,G9515,G1942,G3701,G1229,GE004,G3233,G3574,G3717,G2259,G9802,G3548,GE240,G3617,G6035,G6148,G1976,G6847,GA025,G2272,GE013,G1973,G2281,G6856,GE001,G9797,G1993,G1164,G3718,G6907,G1036,59490,G9720,G1943,G6204,G3236,G2148,GE012,G9772,GE210,GE021,59287,G9795,G3232,G9771,G3697,GE014,G3546,G3784,G1023,G3234,G9570,G1952,G6723,G2053,G3694,G3744,G1189,G1009,G1044,G2131,G1934,G6014,G6803,G9507,G6542,G6062,G2101,G5945,G6931,G9725,G1992,GE011,G2127,G3219,G1237,G6039,G6807,G6860,G6814,G2223,G9588,G2226,G1262,G3998,G3222,G6863,G3555,G3619,G2077,GA004,GE028,G9796,G6076,G3766,G6038,G9723,G1928,G3407,G2058,G3504,G1187,G6837,G9721,G6800,G2204,GE024,GE019,G3738,G2116,G3618,G3783,GE023,G1937,G6061,GE020,G9770,G9774,G2086,G3521,G3322,G6835,G6836,G1263,G6555,G3154,G6813,G3720,G9587,G1968,G6006,G6144,G3565,G6852,G9782,G9778,G9578,G1191,G1950,G6033,G3959,G6661,GE025,G3551,G2257,G6016,G2263,G2202,G2265,G6020,G2083,GE022,G6034,G4005,G3647,G6024,G3319,G3144,G1257,G1142,G2221,G1094,G6819,G6021,G1906,G2198,GE010,G9724,G1270,G9777,G2017,G1051,G1008,GE009,G9773,G6861,G6811,G3675,G3988,59473,G6810,G9706,G1179,G3585,G2125,G3757,G6562,GB060,G1236,G1178,G6801,G6040,G1190,G3310,G1912,G9742,G9528,GE008,G1916,G6809,G1233,G2036,G1962,GE006,G3540,G1902,G1155,G3750,G6023,G6864,G5944,G1986,G3641,G6074,G3961,G6027,GB031,G9841,G3561,59476,G6560,G9776,G6559,G1271,G3230,GE005,G3684,G6834,G9815,G2070,GE026,G2195,GE027,G9583,GE007,G3648,G2003,G2197,G1195,G9585,G1972,G6540,G1261,G6517,G6026,G3122,G1228,G6102,G1925,59488,G3969,G9842,G6857,G3543,G1793,G2225,G1095,G1792,G6858,G1264,G3267,G0816,G6845,G2194,G3997,G1186,G2261,G2264,G3620,G3513,G1272,G6812,G2085,G3446,G2270,G3229,G3553,G1046,G6543,G6518,G3572,G2084,G1939,G2113,G6851,G9572,G3991,G6853,G3989,G3740,G6930,GE018,G3200,G3403,G1014,G9780,G1977,59493,G1747,G9562,G1215,G3501,G6868,G6821,G1940,G6833,G6013,G3634,G9487,G6802,G2132,G2031,G6818,G3562,G9596,G3164,G3975,G3976,G6022,G9563,GE017,G6808,G2206,G9561,G3698,G1265,G1740,G1251,G6551,G2142,G3955,G1180,G9813,G3153,G3956,G6064,G3992,G1209,G3752,G9744,G1022,G9743,G9598,G6841,G1955,G3974,G3510,G7069,G1259,G3977,G1029,G1965,G6820,G3732,G3978,G6844,G3791,G6849,G3973,G6028,G2267,G6554,G3696,G6098,G1990,G3658,G3669,G2280,G2192,G3953,G3751,G1006,G3952,G6824,G1212,G3691,G3547,G6929,G6063,G6867,G3406,G6025,G9784,G3124,G9783,G1255,G3300,G2144,G3346,G6073,G3979,G2133,G2247,G3972,G9589,G3328,G3645,G3405,G1953,G3996,G3971,G1277,G6110,G6831,G1941,G6830,G9565,G3266,G6826,G5388,G9558,G6030,G3964,G5392,G7060,G3981,G6012,G1135,G2037,G3995,G1980,G3778,G3713,G3965,G1175,G7036,G3318,G3970,G5387,G3519,G6593,G1188,G1951,G1011,G6546,G2112,G9560,G2141,G6091,G1130,G3401,G3761,G9536,G9844,G1010,G5390,G3739,G1221,G3960,G6103,G7068,G7058,G2258,G1276,G3507,G2130,G6080,G3335,G1206,G3773,G2248,G1148,G6011,G9814,G1908,G2249,G1979,59487,G3797,G9584,G1184,G3776,G7059,G9567,G1052,G0817,G3404,G3580,G6096,G6065,G3573,G6154,G2135,G2276,G6550,G6827,G9555,G7066,G1252,G9694,G3506,G9556,G6866,G3774,G3987,GE316,G3333,G6838,G3576,G5964,G2137,G6823,G3963,G3579,G1253,G5962,G9594,G3775,G9569,G5391,G1240,G5957,G1917,G6090,G3245,GA001,G6067,G6113,G3438,G6720,G1238,G1250,G2271,G6822,59288,G9704,G2279,G3527,G1007,G6104,G9595,G2273,G1957,G9817,GE101,G1988,G3980,G6086,G3779,G3320,G1230,G3630,G2251,GJ105,G9557,G6107,G3559,G1905,G1149,G6500,G9781,G6095,G1161,G3747,G1166,G9845,G1914,G6131,G3240,G5389,G3994,G7041,G6079,G5406,G2275,G6117,G3522,G3523,G3317,G6078,G2255,G7064,G2282,G1121,G9826,G9695,G6722,G3151,G2143,G3338,GJ104,G7062,GJ107,G1258,G9564,G7048,G6558,G1295,G3581,G6029,G3793,G1226,G3721,G6082,G3967,G6859,G3798,G6832,GJ103,G1232,G6115,G1083,G2268,G2115,GE315,G3743,G3789,G2254,G1946,G1786,G6552,G7061,G1930,G1129,G6005,G2103,G6105,G3577,G6865,G6724,GE308,G6081,G9822,G3558,GA002,G3957,G3631,G6106,G7033,G1120,G6556,G9488,G1927,G1998,G9697,G6066,G9848,G5961,G1974,G9715,G1256,G7067,G1775,GE312,G5960,G7063,G1289,G1260,G9566,G9741,G5400,G2120,G3534,G1040,G7065,G3518,G1220,G3950,G6829,G9581,G6068,G9512,G6839,G1991,GJ102,G3954,G1290,G5437,G2228,G5963,G9707,G3160,GE317,G9816,GJ108,G2250,G1217,G3737,G5398,G6101,GJ101,G6083,G1146,G5424,G3254,G9482,GE311,G3255,G1774,G3524,G3758,G1144,G5340,G6862,G1280,G1954,G6840,59294,G6964,GE309,G6842,GE314,G7002,G9846,G1298,G2134,GJ100,G2117,G7037,G9823,G5326,G3269,G3261,G2138,G3649,G1173,G1784,G5393,G1210,G1042,G6155,G9568,G6114,G3437,G3560,G6702,G6706,G3321,G6828,G3962,G3552,G9571,G7053,G6825,G1773,G3263,G3104,G5438,G1959,G6069,G3685,G2136,G1182,G3356,G1278,G9847,GE310,G2295,G1174,G3661,G6850,G3509,G6963,G2215,G3678,G3799,G7014,G3413,G3958,G1043,G3621,G6950,G1958,G7042,G6553,G1299,G6843,G3659,G3325,G3159,G2193,GE324,G6697,G7046,G1779,G1058,G1028,G2216,G7043,G5404,G2212,G7005,G3412,G7038,G1224,G3428,G3452,G9763,G2205,G6698,G7001,G7024,G7013,G3986,G6960,G1268,G9483,G9833,G6957,G3256,G9553,G3554,G3968,G3143,G7006,G1297,G3564,G1185,G1065,G2292,G3760,G3993,G1254,G3517,G2190,G6070,G3726,G3951,G6721,G2289,G7018,G3440,G3570,G6958,G1292,G7027,G5357,G5327,G5412,G3251,GJ106,G1024,G9762,G6959,G3514,G2146,G7025,G3260,G5439,G6961,59284,G3414,G5471,G1202,G3246,G8231,G7012,G3966,G7022,G1218,G7016,G5361,G9486,G3247,G3535,G1780,G3748,G1720,G6952,G9593,G2285,G1177,G6954,G5468,G2110,G6557,GE313,G7019,G6933,G2211,G5341,G3578,G5425,G7015,G9485,G3742,G5446,G3257,G2218,G9761,G5316,G1741,G3780,G9740,G3416,G1059,G3355,G2104,59279,G1171,GE325,G6660,G2288,G3796,G5397,GE318,G7040,G1137,G5339,G3794,G5413,G7020,G2293,G6966,G6604,G3147,G6949,GE321,G2297,G2155,G1026,G5359,G9764,G7026,G2294,G3549,G3990,G5360,G2217,G6962,G8269,GA032,G3633,G7032,G2665,G3429,G3258,G2145,G9592,G5474,G6935,G6934,G2286,G6953,G2147,G2118,G3253,G3545,G3411,G3622,G2111,G7009,G1269,G1081,G1273,G9703,G5325,G3539,G6965,G1061,G7017,G3753,G5358,G1241,G3103,G3687,G2296,G3268,G5338,G7055,G3252,G1705,G6501,G3567,GA035,G3520,G3367,GA030,G2287,G3364,G1147,GE320,G6955,GA034,G1025,G1222,GA031,G5467,G3787,G3723,G3623,G1205,G3419,G6609,G6610,G3508,G1133,GE323,GA036,G2150,G1293,G6638,G2191,G8264,G5470,G9832,G2290,G7049,G3357,G3418,G5441,G9766,GJ502,G5394,G8245,G9484,G3516,G5475,G9760,G9734,G2298,G5342,G7011,GA033,G9481,G1060,GA029,G2207,G3662,G5436,G9739,G1721,G6948,G1125,G5386,G7023,G8281,G2171,G2291,G3788,G3683,G6936,G1274,G3119,G3538,G3420,G1207,G3719,G1208,G1181,G7045,G5435,G6947,G5321,G1225,G5343,GE319,G3259,G3749,GA037,G6951,G3415,G5469,G3354,G6956,G3646,G9480,G9767,G8265,G3536,G8220,G2183,GL251,G3307,G8279,G3304,G6770,G1073,GE322,G5473,G5302,G5550,G3537,G8253,G3983,G3982,GJ503,G7010,G2210,G1027,G6938,G5395,G1138,G2690,G2677,G5543,GL257,G3984,G3985,G3730,G7003,G9716,G6605,G9733,G6507,G6508,G5476,G3351,G5403,59297,G2683"
113.50,23.23,0.88,0.81,1719,"G9578,GA004,G9774,59287,G3230,G9775,G3234,G3233,G3332,G3231,G3327,G1002,G0816,G3161,G9580,G9513,G3162,G9572,G9561,G3164,G9579,G1029,G3226,G3229,G3232,G3227,G9776,G9528,G1008,G3235,G9585,G3146,G9562,G3322,G9780,G9582,G3311,G3228,G3312,G9712,G9591,G9558,G9828,G9713,G3329,G9783,G9784,G9586,G3335,G9560,G3401,G9584,G0817,G9841,G9555,G9514,G3333,G9526,G3328,G1022,G3238,G9569,G3406,G0902,G9835,G0903,G1007,G3454,G3446,GA003,GA007,G1036,G9556,G1079,G9814,G9527,G9557,G9577,G1003,G3144,G9826,G1032,G9842,G9781,GA023,G9525,G3250,G1034,G9714,GA027,G9711,GA022,G1062,G1006,G9554,GA008,GA024,G9829,GA009,G3407,G9489,GA028,GA018,GA014,GA012,GA016,G6127,GA011,G3190,G3152,G1099,G9502,G9709,GA020,GA025,G1052,G1975,G1031,G9570,G6002,GA019,G3302,G9741,G3448,GA013,G9581,G9559,GA010,GA015,GA021,G3442,G3160,G9704,G3221,G1030,G3151,GA017,GA026,G5969,G3102,G1014,G9491,G9721,G9724,G3158,G3136,G9504,G3320,G1040,G6003,G9695,G9512,GA001,G3362,G9694,G9590,G5948,G6087,G3266,G3319,G9834,G1907,G3241,G5947,G3437,G6000,G9563,G9568,G3330,G3114,G9723,G9816,G1001,G1983,G9565,G9773,G9507,G3356,G9506,G9822,G5946,G3155,G3309,G9817,G9720,G9499,G9697,G3344,G3240,G9594,G5965,G9505,G3314,G1931,G1018,G5966,G3316,G3242,G9478,G3405,G6129,G9772,G3345,G9725,G3124,G9742,G1023,G1028,G1053,G3125,G9770,G9745,G9996,G6007,G3139,G1039,G3339,G3428,G1058,G1095,G1970,G9722,G3443,G1009,G3449,G9782,G3101,G3435,G9500,G1037,G1011,G9763,G3261,G3263,G9777,G9823,G3413,G9813,G9788,G6084,G3219,G3223,G1093,G9501,G3438,G1929,G3220,G3402,GS007,G6126,G3224,G9824,G1051,G9744,G9743,G6051,G3410,G9762,G9771,G3346,G3440,G9470,G1945,G9707,GS010,G1097,G9515,GA002,G3300,G3267,GS009,G9471,G6153,GS008,G6041,G9825,G9476,G6019,G6128,G3403,G9778,G9564,G3246,GS011,GS004,GS006,G9475,G1045,GS012,G3447,G9848,G3140,G6089,G9708,G9779,G1948,G9508,G1936,G9477,G9815,G1956,G3450,G3138,G1019,GS002,G9473,G9474,G3225,G1919,G9795,G9740,G9761,G3355,G9798,G1071,G3444,G1978,G9472,G1947,G1010,G9799,GS001,G3222,G3157,G1046,GS015,GS005,G6018,GS003,G6151,G6008,G9587,G9482,G3321,G1044,G3218,G1033,G9789,G9498,G9794,GS013,G9844,G9510,G9715,G9588,GS014,G9801,G1024,G1961,G3451,G3236,G9539,G3257,G9597,G9576,G3414,G1920,G9726,G6010,G1047,G3122,G1915,G1982,G9800,G1924,G6017,G9791,G1094,G9589,G9583,G1971,G3338,G6148,G6075,G1000,G9575,G3129,G6857,G3429,G3143,G9797,G6077,G9805,G9567,G9487,G1926,G3130,G9796,G9764,G6152,G6052,G9792,G9803,G3258,G3364,G6092,G9566,G3128,G3251,G9802,G3367,G1963,G1054,G3318,G3104,G9596,G3107,G1994,G9706,G6072,G1934,G3325,G6050,G3244,G3245,G9486,G6031,G3237,G3249,59481,G3404,G1909,G9845,G1923,G9804,G3317,G2249,G6032,G9483,G6816,G1088,G3159,G6831,G3145,G5940,G3154,G6049,G9806,G1042,G3108,G9760,G1059,59284,G3418,G5956,G1973,G6837,G9793,G1995,G6858,G9739,G9509,G9481,G1015,G9553,G3310,G6045,G9710,G1922,G2240,G1921,G9571,G6100,G5949,G6852,G9846,G9747,G3115,G5953,G2206,G3260,G9734,G9807,G2281,G2247,59294,G2219,G5955,G5954,G3103,G3357,G3135,G9703,G5950,G6132,G9488,G3247,G3133,G2252,G9847,G1070,G1996,G3141,G9595,G1083,G1904,G9833,G3419,G9598,G9548,G3324,G3153,G1077,G9541,G1087,G1993,G3354,G6859,G6076,G9480,G9766,G3307,G3255,G1065,G2275,G1092,G2272,G6042,G1792,G9573,G6817,G6848,G6836,G3347,G9536,G9518,59289,G9838,G9485,G3269,GE203,G9839,G6044,G2282,G6834,G6830,G9547,G3412,G1081,G3304,G6099,G6020,G3113,G3156,G9832,G9840,G2250,G9837,G1912,G9540,G1992,G1949,G3363,G1793,G2248,GE207,G9716,GA006,G6043,G6112,G9767,GA031,G3416,G2209,GA030,G2274,GE206,G9705,G5387,G6053,G1964,G1935,G6916,G5951,G6144,G2251,G9758,G1981,GA032,G6071,G1080,G6162,G6021,G6841,GA036,GA037,G1060,59285,G1740,GA029,G1069,G9746,GA035,G1928,G3351,G6094,G1962,G6918,G6860,G3326,G9532,G9544,G1027,G1043,GA034,G1918,G6015,G9592,G2260,GE213,G5967,G3118,G3131,G6829,G9765,G2253,G9701,G9733,G1775,G3203,G6847,G2259,G1086,G6014,G6001,G2256,G6853,G6027,G9757,G9719,G7066,G5424,G2245,G3415,G6130,G9593,G6835,G1025,G2261,G6163,G7060,G9769,G9543,G6855,G6923,G1952,G9759,G6009,G3262,G1747,G3117,G1989,GE021,G3134,GE003,G6036,G2268,G2222,G3127,G6016,G6023,G2223,G3123,G2276,G3112,G5389,G3210,G3411,G2233,G2279,G6813,G6097,G2232,GE004,GA033,G6026,G9531,GE202,G9545,G3243,G6035,G6915,G1061,G3259,G9717,G9484,G6120,G6046,G3256,G3303,G1967,G9732,G5388,G3109,GE002,G3120,G3254,G1977,G9735,G3427,G7063,GE032,GE030,GE031,G7059,G1056,GA038,G3132,G2280,G6800,G1026,G6037,G9756,GE022,G2201,GE204,GE216,GE001,G3163,GE016,G9768,GE239,G6054,G9533,G6833,G6806,G5944,GE023,G3452,G9755,G2295,G3213,G3137,G1913,G3323,G6924,G3352,G1049,G7067,G9550,G3417,G3268,GE024,G9546,G3353,G1940,G1786,G6142,G5400,GE010,G3147,GE238,G6805,G9523,G2221,G5392,G9517,G3350,GE029,G6912,G2238,G2716,G6903,G1016,G1064,G6927,GE015,G6039,G6047,G3201,GE011,G6056,G2234,G2715,G9737,G9524,GE012,GE013,G6088,G7064,G5391,G1073,G2244,G6093,G6867,G6814,G2216,GE009,G2204,G1021,G1966,G1932,GE014,G9819,G2293,G6900,G7002,G6055,G1774,G2230,GE007,G2270,G6909,G6804,G9503,G6123,G2292,G3308,G2231,G1941,G3248,G7005,G1939,G1089,GE008,G1933,G6074,GE205,G3110,G6038,GE025,G2266,G6926,G3204,G8303,G6902,G3148,GE217,G6840,GE201,59288,G2267,GE006,G3111,G3420,GE220,G3252,G6807,G3253,G1997,GE019,G2242,G1925,G2705,G1937,G6022,G1910,G6917,GE005,G1072,G6025,GE224,G6844,G1048,G1944,G6862,G6048,G5945,G6832,GE221,G1950,G6838,G6803,G3105,G9736,G5390,G3150,G6059,G6156,GL701,G6810,G5360,G6950,GE219,GE234,GE222,GE240,G5952,G9738,G2732,59480,G6925,G5398,G6851,G6801,G2785,G6064,G6812,G2294,G8311,G9731,G7062,GE214,G6839,G3121,G1911,G9754,G7012,GE235,G1972,G5543,G1960,G9551,G6040,G3209,G2710,G1055,G6866,G2202,G3142,G6949,G2218,G6908,G3126,G1987,GE026,G2056,G6802,G1943,G6901,G6905,G2243,G3119,GE211,G9549,G2709,G2072,G6143,G9827,G6809,G1986,G5404,GA005,G5406,G6060,G6913,G1984,GE018,G1901,G5958,G3426,G2239,G1908,G6904,G2041,G6843,GE223,G7065,G6935,G5357,G6849,GE218,GE020,G3423,GE028,G6024,G9522,GR031,G3583,G7061,G7058,G2782,G3207,G6085,G5550,G1965,G3349,GE017,G2273,G5425,G5551,G3532,G7001,G3206,GE237,G3200,G6936,G6073,GE236,GE226,GR033,G5413,G2226,G8353,G1902,G1773,G2298,G5959,GE225,G1985,GE215,GE027,G8356,G2208,G2093,G2225,G6826,G2296,G5358,G2040,G6842,G6947,G6057,G6850,G9519,G7010,G3239,G6952,G2704,G3409,G8358,G6061,G6943,G1988,G6063,G6934,GR076,G2297,G1942,G6811,G5386,GE212,G2289,G2768,G9520,G7014,G2236,G7013,G1020,G2288,G6919,G2271,G6948,G6933,G2048,GR029,G1750,G3785,G2014,G2246,G3202,G6954,G1779,G6808,G6058,G2263,G6821,G6062,G1980,G3756,G6065,GE230,G6929,G5361,G5968,G6906,G6920,G6931,G2286,G9534,G6863,G5437,G2013,G7004,G1957,G3550,G3781,G2754,G2264,G5359,G6102,G5412,G3212,G3205,G1755,G6865,G1176,G1193,G3208,G8367,G6960,G2290,GR060,G1916,GE209,G7006,G6202,G2090,G8300,G7000,G2022,G1784,G3686,GR062,GE229,G2210,G2285,GE210,G6209,G6828,G5564,G2032,G7003,G8361,G6946,G2738,G6953,GE208,G5432,G7016,G2254,G1780,GL710,G2012,G6959,G2033,G5431,G6966,G7018,G1136,G6938,G2235,G3422,G6034,G6868,G6907,G6957,GR030,G1131,G1705,59279,G5397,G1976,G6086,G6067,G6911,G1085,G7011,G6961,G1078,G3529,G6951,G3663,GE228,G6827,G2255,G3568,G2734,G6864,G2015,G8362,G7015,G5403,G2241,G9729,G2227,GR077,G1968,G2061,G8312,G1951,G6820,G3526,G3557,G2781,G6066,G6937,G6819,G5957,G6845,GR032,G6944,G3348,G7057,G3790,G2287,G2736,G2703,G1946,G7068,G2099,G5438,G3515,G2291,G6098,G9749,G7069,G2092,G1143,G3664,GL706,G2044,GE227,G6965,G5435,G9753,G1091,G2069,G8306,G3614,G1927,G5393,G7008,G2091,G2237,G6942,G8301,G3746,G3728,G6856,G8304,G6825,G1017,G2791,G6958,G1741,G3722,G6113,G1914,G1170,G2082,G6963,G5385,G6115,G2001,G6033,G1183,G2066,G7017,GE233,G3569,G1164,G1152,59280,G6955,G2265,G2702,G5436,G2049,G3688,G2217,G5429,G5326,G2006,G3682,G5384,G6964,G9552,G2299,GE232,G6861,G6930,GR001,G2677,GL709,GE231,GR024,G6030,G5439,G5552,GR025,GL708,G1090,G3528,G6910,G7009,G8313,G2258,G2096,G2148,G9748,G2034,G5383,G1156,G1151,G6824,G9574,G2601,G6006,G2079,G2257,G1082,G3764,G9752,G9535,G6962,G3701,G3636,G1955,G2228,G2602,G6011,G3681,GR061,G2011,G2786,G8355,G2094,G6068,G9730,G6216,G8437,G6822,G6117,GL251,G3531,G6818,G1979,G8220,G3727,G5340,G6967,G1132,G3693,G5430,G9521,G1720,G2211,G2045,G2220,G8302,G6661,G2113,G7037,G2078,59087,GL257,GR067,G8308,G2016,G6080,GR070,G2789,G2224,G1906,G1991,G8320,G6095,G3425,G3211,G2008,G3733,G7036,G9751,G2059,G2023,G2711,G7048,G5394,GE316,G7046,G6210,G1930,G2071,G6114,G6939,G5327,G9818,G8352,G6028,G5341,G6956,GE308,G2055,G3680,G3702,G8269,G3671,G5405,G5542,G6945,G8231,G3744,G8357,G5433,GL255,G6218,G8351,G8287,G6215,G2124,G9530,G3575,G9718,G3734,G6205,G6823,GE317,G2665,G6559,G6941,G2787,G3635,GB031,G7041,G8219,G8334,G6700,GL707,G2021,G8207,G6091,G3574,G3783,G2701,59486,G6069,G3502,G2205,G8307,GE101,G7053,G8360,GL254,G2126,G5416,G5964,G8327,G3653,GE315,59473,G6013,G5418,G2116,GE314,G6562,G2062,G3768,G1139,G2654,G2047,G3750,G5325,G1953,G6070,G2690,G9702,G3365,G8222,GE312,G6211,G3106,G6012,G1990,G3703,G5434,59297,GL256,G2043,G8193,G6005,G2748,G6131,G2784,G6541,G2128,G6219,GL705,G2783,G6212,G2064,GE311,GL253,G7033,G7042,G2052,G8216,G5395,G3369,G3692,G2683,G3699,G1145,G8221,G6079,G6090,G1785,G1958,G5963,G2144,G1190,G3551,G3503,G6082,GL252,G2009,G1063,G6551,G8194,G6217,G2007,G3543,G8264,G2688,G6544,G3617,G5563,G2075,G5316,G2142,G2025,G8321,G6078,G5422,G2074,G8223,G8281,G2080,G3424,G9727,G2129,G8198,GE309,G1974,G6110,G2073,G2005,G2065,G3513,G5363,G2123,G5339,G2020,G7020,G8535,G5342,G3732,G2655,G8211,G1905,G3765,GE310,G2720,GR069,GR039,G2063,GE313,G5338,G6096,G5541,G9728,G3791,G3643,G6550,G1155,G5409,G5401,G2682,G3548,G2067,G3704,G2687,G2788,G1057,G2737,G8197,G2026,G3766,G6103,G2089,G6154,59485,G8199,G5553,G6081,G2057,G8366,G3572,G5382,G6213,G2030,GB060,G7024,GE324,G2002,G2024,G6104,G8205,G3504,G3510,G8322,G3620,G5362,G1917,G2658,G3759,GR041,GR066,G1959,GE318,G5321,G3715,G6083,G5381,G6107,G2656,G8245,M0003,G7019,M9988,G3530,G1197,G2659,G9750,G8204,G1196,G1180,G1178,M0004,G1797,G1153,G5474,G5962,G1799,G3694,G3565,G1148,G2051,G2713,G6200,G8206,G2125,G5961,G8354,G3421,G2196,G2087,G2039,G1187,G8253,G2101,G1783,G5343,G3784,GF811,G5549,G6548,G6542,G2607,G2215,G6029,G3553,G7027,G3714,G3650,GE321,G3368,G3696,G2028,G2029,G6201,G3507,G3546,G2773,G6543,G8200,G3685,G8263,G2745,G2115,G8212,G3684,G3718,G6540,G2004,G2019,G6106,GR075,G3717,G5302,G5365,G5468,G1712,59276,G8335,G3720,G6105,G2714,G2127,G3751,G5441,G7043,G2195,G6214,G3697,G8350,G3556,G6203,G3738,G3757,G6555,G8209,G3698,G8328,G8202,G8265,G3555,GR027,G5446,G2042,G3573,G3648,G8329,G2102,G5427,G5473,G2606,G1084,G2088,GE325,G7023,G2723,G1787,G2027,G5300,G1954,G8190,G3559,G8530"
113.50,23.69,0.89,0.81,1228,"G2785,G2709,G3353,G2710,G3303,G9738,G8356,G9756,G8358,G9735,G9757,GR076,G9719,G9754,G1021,G2782,G9759,GR060,G2732,G8367,G8353,G3127,G1080,G3123,G2768,G3426,G9705,G3363,G2738,G9736,G8361,G9758,G3427,G2734,G8362,G9737,G3326,G2736,G3423,G3307,G3354,G1064,G9739,G9731,G3262,G9480,59285,GR024,GR025,G9716,G9760,G3422,G9732,G3364,GR001,G9755,G2781,G9481,GR062,G2791,G8355,G3367,GR077,G3352,G3418,GR061,59087,G2754,G2789,G3304,G9827,G2786,GR029,G3350,G9734,G8352,G8357,G2711,G9753,G3355,G9769,G9740,G1020,G3351,GR031,G9761,G3429,G9531,G3357,G2787,G9701,G9767,G9729,G3109,G9762,G3258,G8351,G2702,G2748,G3246,G1027,G9733,G9764,G3349,G3243,G9752,G3257,G3440,G2783,G1028,G3428,GR030,G1085,G3417,G9766,G3163,G9763,G3105,G3356,G3419,G1058,G3103,GA037,G3437,G9568,G8311,GR039,G8360,G2704,G2788,G3425,G3160,G9730,G9768,G9703,G9581,G3413,G1024,G3414,G3248,G9741,G2784,G9832,G3415,G3263,G9816,G9512,G8308,G1040,G2716,G8535,GA029,G9826,G1059,G1060,G3261,G2773,G8366,G9823,G8354,G1082,G9486,G3348,GA031,G3323,G8312,G1007,G2714,G9557,G9781,G2705,G8306,G8350,GR041,G9569,G3333,G3365,G2713,G3251,G2715,G9555,GA030,G1081,G9697,G2737,G9822,G3143,GA036,G8557,G3151,G0817,G9584,G1750,G3335,G8303,G9556,G9695,GR027,G2735,59284,G3259,G9707,G3401,G9560,GL701,GA035,GR078,G9814,G9558,GR026,GA034,G3321,G9704,G3320,G8530,G8315,G3247,G9751,G2745,59280,GF811,G8307,G3260,G3240,G9702,GR075,G9783,G9784,G1029,G2780,G9483,GA001,G1052,G8437,G3328,G9817,G3325,GA002,G1057,G9561,GA033,G1025,G9482,G2712,G9485,G3406,GA032,G8365,G3164,G9848,G9694,GL708,G9553,G8304,G8300,G3159,G3106,G9594,G8552,G9592,G9484,G3104,GR028,G3416,G1022,G9572,GR040,G8302,G9562,G8301,G1483,G9564,G0816,G1006,G9780,G9530,G3229,G3424,G9750,G9715,G9833,G3438,G3148,G3230,G1063,G1065,G8327,GR036,G1073,G2729,G1042,G3266,G9585,G8549,G9565,GL710,GF810,G9776,G9571,G1755,G3411,GR037,G3446,G3368,G1061,G3369,G9566,G2701,G9528,GR074,G3405,G3150,G9578,G9847,G1011,GL709,G9774,G3124,G1008,G5551,G9846,G9841,G3338,G8534,G9842,G3412,59294,GA004,G9563,G1478,G5564,G1014,G9593,G9728,G8536,G3322,G8341,G3346,59287,G2743,G3234,G9727,G3300,G1010,G8556,G3268,G3144,G1026,G8334,G5552,G3420,G4652,G8329,GR033,G3233,G3255,G3232,G9813,G3317,G3269,G9743,G9845,G9744,G3421,G9844,G8313,G5543,G1084,G9488,G9775,G3126,GR038,G8540,G3162,59088,GR069,G9567,G9580,G8546,G3332,G2723,G3245,G3146,G2703,G3161,G9724,G3231,G3327,G1043,G3407,G4558,GF809,G8541,G1002,G8320,G1095,G3311,G1083,G2250,G1036,G3319,G9773,G3404,G3403,G8342,G9589,G9742,G3147,G3235,G9513,G9721,G6859,G2249,GL706,G8553,G9582,G3267,G9570,G3318,GR045,G3226,G3228,G3409,G9579,GA025,G9723,GA027,G2275,G9595,GA028,G3252,G3256,G3227,G9591,G9777,G9770,G1046,G1099,G8328,GA023,G9828,GA022,G3152,G9507,G9782,G2282,G1051,G9577,G6831,G9829,GA020,G2293,GR032,G9815,G3312,G9725,G4651,G5550,G3119,G9487,G9720,G2790,G5424,G9713,G6829,G1753,G9712,G3253,GA011,G3238,GA026,G5541,G0902,G6943,G5542,G0903,G9835,G1023,G9586,G9772,G3329,G8567,G3454,GA017,GA013,GA016,G9596,G9778,GA012,G7000,G1009,G2727,GA019,G3219,G1775,G2247,GR070,G8321,G3221,G3122,G3452,G7004,GA021,GR067,G9514,G9491,G9489,G9526,G6857,G9834,G3362,G3241,GA024,G9709,G9583,G8531,G9722,G1001,GA009,G1482,G1062,G7010,G8326,G9771,GA010,G2251,G9504,G9536,GR064,GA007,G9587,G5360,GA008,G8322,GR043,G9506,G2206,G2295,G1034,G4660,G9527,G7008,G9996,G9515,GA015,G6936,G3224,G1079,G1053,G2248,GA018,G3222,G1094,GA003,G5965,G9825,GR073,G3254,G9505,G9714,G5969,G8331,G6942,G2294,G6967,G9598,G1037,G9795,GL707,G1032,G3102,G3250,G3316,G1003,G6830,G9824,G6947,G3314,G9588,G3153,GA014,G8558,G6937,G2268,G8335,G6858,G2292,G2776,G1044,G2227,G9708,G6941,G8323,G9706,G9798,G9711,G3344,G9554,G9525,GF804,G2724,G8544,G3190,G1948,G1045,G3448,G5387,G2772,G9478,G3345,G3442,G6939,G3302,G3402,G2216,G3236,G7063,GS007,GS004,GS002,G2298,G9796,G6002,G6127,G9799,G9590,G3309,GS001,G9499,G9476,G1983,GF808,G9470,G5389,G1975,G6949,G1931,GS006,G5561,G9539,G2299,GS008,G1093,G3223,G7066,G7005,G8538,G2224,G5431,G1033,G9502,G1030,G8347,G8348,G8532,G3310,G9471,G3410,G8533,G9475,G6946,G9576,G9801,G5563,G5544,G9800,G1961,G6148,G5386,G3225,G3157,G1031,G9794,G3154,GS003,G9473,G9472,G3449,GS009,G9797,G6935,G3330,G9559,G6000,G2279,G5432,G6041,GS005,G5385,G9726,G6051,GS010,G1792,G1039,G9474,G3155,GF803,G3339,G1934,G2218,GS011,G4658,G6948,G1936,G7067,GS012,G5948,G3136,G3435,G3101,G9500,G6852,G7003,G2276,G9802,G5553,G6837,G6841,G3450,G7012,G9788,G9501,G3158,G5947,G5400,G4659,G2210,G6007,G1907,G6003,G7002,GS015,G7060,G1970,G6087,G2296,G2746,G1740,G8551,G3242,G5358,G6944,G9803,G1978,G1774,GR065,GR071,G5946,G2720,G3451,G9791,G9477,G5966,G6834,G1423,G6084,G3443,G8207,GS013,G1793,G3447,G1786,G8332,G3114,G1097,G9804,G1973,G9498,G8566,G9805,G2777,G8555,GF091,GR034,G1963,G6077,G9745,G6950,G8340,G3125,G6840,GS014,G6938,G4654,G2771,G7059,G1018,G2281,G3220,G3444,G6010,G1912,G6089,G6129,GL705,G6076,G9867,G2220,G5413,G3237,G3249,G6836,GR042,GR066,G1920,G5384,G5403,G9806,G6020,G1945,G5383,G5388,G5425,G6934,G6853,GR072,G1929,G3138,G9792,G1994,G3139,G6862,G1924,GF807,G7064,G1993,G5357,G4632,G5556,G8205,G2290,G1747,G1962,G5433,G8547,G2272,G9869,G2297,G2261,G9508,G9793,G6021,G1956,G6092,G6951,G6126,G1752,G3107,G6019,G6144,G1923,G1992,G5429,G1088,G6052,G2280,G5404,G6153,G6027,G1995,G5398,G1047,G9573,G6128,G5391,59290,G1971,G2722,G2744,G6017,G8548,G4634,G9807,G1909,G2288,G6816,G2286,G6843,G6952,G1928,G9779,G3218,G1071,G8201,G2219,G2601,G6050,G1921,G6860,G1977,G2755,GL702,G5392,G6832,G9575,G1000,G3140,G6839,G1947,G8213,G8190,G6043,G6026,G5956,G6045,G6023,G6018,G7001,G7011,G1915,G6933,G2240,G5359,59288,GF801,G6835,G6008,GL704,G1019,G1982,G1919,G6833,G6151,GF600,G5430,G3129,G6945,G2728,G6954,G2726,G5953,G6016,G1922,G6014,G2252,G6042,G3145,G8568,G5954,G8561,G9510,G5955,G4629,G1476,G6015,G5435,G6847,G6867,G1705,G8199,G2260,G9789,G2259,G2289,G2291,G8539,G9710,G5940,G6953,G5361,G7062,G1941,G6813,G5554,G6094,G4657,G1940,G2256,G1981,G8565,G1952,G5549,G1495,G5546,G6838,G9597,G2223,G6049,G2274,G1773,G1070,G2774,G1949,G9866,G6132,G8200,G5545,G6152,G6848,G7065,G6032,G8202,G3108,G8537,G1926,GE021,G5944,G6850,G7013,G3130,G6044,G2677,GF605,G6075,G8543,G6817,G2775,G4655,G1421,G2747,G3128,G1785,G6031,GE022,G6855,GF802,G8324,59097,G6966,59481,G2602,G5547,G5390,G9870,GE206,G6072,G5412,G2285,G6800,G7014,G2267,GE004,GE003,G9871,G2287,G8550,G6842,G1779,G6025,G5406,G6035,G2253,G1054,G7061,GE023,G8215,G6100,GE207,G2270,G1939,G5397,G9868,G6866,G4631,59279,GE002,G3244,G5416,GE010,G6844,G1780,G6918,59289,G1015,G2221,G6009,G7016,G9874,G6022,G1918,G5436,GE032,GE030,GE031,G7006,G2222,G6965,GE001,G3324,G6036,G8198,GE007,G2201,G6960,GE024,GR035,G3156,G1996,G6959,G2209,G6162,G9865,GF800,GE009,GE203,G9747,G7015,G5540,G5949,G6074,G1092,G5950,GE008,G9509,G6099,GE016,G6064,G5365,G2233,GE213,G2273,G1908,G9872,G8212,G7018,G2721,G3115,G3347,G6916,G1087,G8287,G6039,G6923,G6961,G1904,G5434,G3135,G1925,G3141,GE011,G9873,G8222,GL703,G5381,G9541,G8545,G2204,G6955,GE006,G1913,G8219,G6806,GE025,G1485,G3133,G6814,G5405,GL251,G9548,G1935,G6851,GE005,G6037,G7017,G8211,GE012,G7058,G4640,G8220,G6957,GL257,G6812,G5437,G5353,G1964,G8191,GE013,G6163,G1077,GE015,G4641,G1784,G6038,GE014,G6001,G9879,G6828,G8221,GE202,G9518,G2652,G5382,GL255,G6112,GE029,GE204,G1988,G6802,G8325,G2625,G6093,G6849,G8214,GE019,G1937,G2245,G9547,G6810,G2234,G8193,G8289,G6071,G1950,G6807,G6046,G9839,G9838,GL254,G6801,G4559,G1741,G2217,G8569,G6053,G1473,G6804,G6805,G2655,G4635,G6915,G1972,G1523,G9746,GF607,G6073,G6865,G2271,GL253"
113.50,24.15,0.89,0.81,598,"G8549,G8536,G8553,GR038,GR037,59088,G8546,G2727,G8341,G2735,G8557,G8531,GR026,G8552,GR074,G8365,G2714,GR036,G8350,GR045,GR078,G2773,G2790,G8533,G8348,G8347,G8532,G2788,G2712,GR039,G8340,G8567,GR040,G8551,GR027,GR072,G8558,G8354,G2777,G2780,G2748,G2729,G2783,G8315,G8530,G8342,GR028,G8548,G8534,G2743,G2728,G8357,G2744,G2787,G2776,G2713,G8352,G8538,G8547,G2789,59087,G8568,G2775,G8366,G2711,G8561,GR041,G8355,G2746,GR061,G8351,G8535,GR024,GR025,G8540,GR075,G2745,G2786,GF810,G4558,GR042,GR001,G8544,G2755,GF811,G2737,GR034,G1482,G8550,G8539,G8360,G2784,G2736,G1483,G2791,G2771,G8569,G2747,G2772,G8362,G2734,GF804,G2738,GR073,G9871,G9879,G8361,GR060,G4632,G9872,G8367,G4618,G4664,GF605,G4631,G4629,G8537,G2781,G4630,G9752,G1426,G4614,G9867,G4612,GR077,GR076,G8358,G3422,G9753,G8545,GF100,G3425,G2768,G4619,G8356,GF809,G2702,G4660,G4652,G8541,G9874,G9878,G1478,GF600,G9873,GR062,G8353,G4628,G1057,G3365,G2782,G2709,GF606,G1409,G9869,G1493,G8565,G4667,G9730,GF803,G8566,G8556,G9866,G2710,G9729,G4615,G2754,G8308,G2785,G3426,G9750,G9754,G9738,G9865,G1492,GR035,G3423,GR029,G3368,G2732,G9877,GF104,GR043,GF091,G1429,G9736,G1495,G1020,G1085,GR030,G1428,G4634,G9702,G1491,G1021,G9731,G3353,G1082,G4635,G8563,G1485,GF004,G8307,G9875,G1460,G4666,G1466,G9827,G9868,G3424,GF808,G4640,G9756,G8329,GR031,G9870,G4654,G4636,GF607,G4620,G9735,G3303,G3106,GF102,G9863,G9737,G1084,G8542,59082,G9876,G8555,G4610,G9751,G1064,G4651,G1063,G3349,G4407,G4639,G4616,G8543,G9759,G2723,G3427,G3123,G3127,G4617,GF007,GF092,G9757,G9719,G2724,G2770,G3348,G9850,G9864,G8306,G4641,G2774,G2721,G9755,G1403,G2704,G3352,G8312,G1080,GF802,GF101,G3350,G9705,G9758,G9732,G4644,G8437,G3262,G3363,G3369,G3421,G9862,GF701,G9728,GF700,G3326,G9530,G4659,G8327,G1423,G8326,G4401,59280,59285,G4411,G3105,G9851,GF005,59094,GF601,GF604,G8302,G9716,G4658,G8311,G8332,GF807,G1473,G3307,G4431,GL708,G4541,G3354,G4665,G9480,G4633,G9531,G4621,G9769,G9727,GR064,G3109,G2701,G4403,GF006,G4657,G1499,G9739,GF801,GR044,G3417,G3304,G3351,G9860,G4538,G3243,G4535,G8328,G9701,G1750,G4656,G9760,G8564,G9481,G1753,GR069,G8304,G3163,G1440,G4638,G1486,G4412,G4645,G3418,G4453,G9733,G4406,G3364,G9767,G4668,G1027,G1484,G3248,G8323,G9734,G3367,G9852,G4623,G4611,G4454,G1406,GR068,G8324,G9853,G1402,G8301,GF603,G4408,G1424,G4555,G9768,G1401,G4547,G4410,G3357,G4655,G1421,G5561,G4625,G8524,G4557,GF704,59081,59097,G4624,G1481,G2716,G4556,G9859,GA037,G2705,G9856,G8300,G4409,G9861,GF602,G4400,G3429,G8554,G8331,G8334,G8325,G3355,G9766,G4643,GF103,G9740,G4661,G4415,G3258,G1476,G9761,GF800,GF706,G4405,G3419,G9764,G4554,G1490,GL709,G4528,G4534,G4540,G4551,G3323,G9884,G8303,G2715,G3415,G3103,GR056,GL701,GR063,G4527,G3257,G9762,G2766,G3246,G1468,G4613,G4642,G9832,G1488,G9703,GR071,G9854,G2722,GL710,GA029,G9882,G3440,G1060,G8510,G9881,G5541,G5544,G4559,G1028,G3428,G9763,GA031,G1755,G8335,G5552,G1058,G4550,G4549,G1494,G3259,G1752,G3356,G4402,GF002,G8320,G3414,G8313,GA036,G1024,GR065,GA030,G1059,GL704,G3437,GF003,G2725,G8322,G9568,G4416,G1081,GF094,G1404,G8512,G9857,G3413,G4404,G8321,G4622,G8529,G5564,G8507,G9486,G1405,GA035,GA034,G3160,G9883,G1469,G4502,G4533,G3263,G9581,G8528,G8518,GA033,G1542,G3251,G9741,G8336,G9816,G9855,G5551,G4653,G3148,G3261,G9512,G3143,G1025,GR057,G9823,G2726,GP104,G9858,GF806,G1040,59284,GF705,G2703,G9484,G1467,G3247,G4897,G1073,59290,G1489,GF702,GA032,G5542,G9826,G3150,G4637,G3260,GF707,G8509,G4646,G9592,G9485,G4669,G1540,G9697,G5545,G9822,G5556,G8330,G1464,GL706,G9557,G9781,G1007,G1463,G3321,G9483,G9707,GF001,G1475,G3416,G3151,GF304,G9569,G4524,G8526,GR033,G3333,G4515,G3325,G9553,G4846,G9555,G9695,GR070,GP107,G4553"
113.50,24.62,0.89,0.81,497,"G1429,GF100,GF102,G4666,G4667,G4610,G4612,G4615,G4619,GF104,GF007,G1409,G4664,G4617,59082,G1403,G4411,G4401,G4614,GF005,G4618,G4403,G4616,G1428,GF006,G1491,GF101,G8569,G4541,G1426,G4412,G1406,G2775,G4406,G1401,G4408,G4630,G4410,G2728,G1492,G4628,G4409,G4415,G4400,G1402,G4405,GF704,G4620,G4621,G4535,G4611,G9884,G4551,G8548,G8568,G9879,G4407,G9878,59081,GF004,GR072,G4557,G4534,G9881,G8340,GF103,G4402,G9882,G4550,G8561,GF092,GF003,G1404,G4404,G2744,G1405,G4665,GF002,G9883,G2777,G4639,G8551,G8550,G8533,G4554,G4547,G9872,G9877,G1424,G8348,G8347,G8532,G8547,G1460,G4613,G1493,G1463,GF606,GF001,G8531,G4556,G4549,G1466,G2727,GF707,G4553,G9876,G9871,G2747,G8539,G8545,G4631,GF000,G4439,GF702,G8563,GF304,G9875,G4524,G4661,G4538,G1425,G2755,GF700,G8553,G8558,GF703,G1445,G4438,G4453,G4431,GF605,G4625,G2790,G9873,G4622,G4552,G8537,G1464,G2746,GF701,G4454,G1440,GR038,G8546,G4540,G8567,59088,GR042,G8538,GR045,G1442,G4531,G9874,G4668,G4629,G9864,G1411,G4555,G4546,G2776,G4528,G4636,GF312,G8536,G4517,G4526,G4527,G4523,G1439,GF099,GR034,G8341,GF310,G4525,G8542,G4441,G9863,G4442,G4569,G4533,G9880,GF705,G8549,G1468,G4544,GF202,GF706,GR037,G1462,GF305,G4632,G2771,G1454,GF303,G9865,57989,GR074,G8342,G4608,G1455,GF308,GR035,G4635,G8544,57988,G1414,G4504,G8565,GF201,GF600,G9859,GF094,G9866,GR036,G4543,GF300,G1437,G1469,G4604,G1420,G4502,G1484,G4510,G4605,G9862,G4542,G8552,G4529,G4633,G9867,GF200,G1467,GF601,G4416,GF603,G4663,G4568,G8365,G1485,G1415,G8505,G2772,GF508,GF607,G8524,G1446,G4545,G8510,G4512,G1451,G2743,G4548,GR026,G1482,G4501,G8503,GF804,G2735,G8502,G4444,G4643,G8504,G8564,G8534,G1489,G4640,G8557,G4536,G1456,G2770,G9869,G1448,G4644,GR040,GR073,G2712,GR078,GF309,G2729,G4602,GF502,G4645,G1461,G2714,G4607,G1410,G9856,G8350,G1495,G9850,GF095,G4558,GF506,G4562,G4662,G1474,GF098,GR028,G9868,59090,G8540,G4422,GF501,GF503,G1449,G2766,G9860,G2773,G2780,G1494,G4530,G1465,G4515,G8566,G8501,GR027,G4514,GF602,G4516,59094,G4448,G8500,G4506,G1459,G4508,G8315,G8530,GF203,G4563,G1499,G4522,GR056,G4567,G4646,G4519,GF604,G4641,GF803,G9861,G9870,GF505,G1486,G4660,G1490,G8354,G2767,G4603,G2788,G9857,GF500,G4634,G9858,G4447,G1452,GR039,G1412,GF810,G4503,GF301,G4414,G1496,G9851,G2721,G4507,GF091,G2713,G4609,G8515,G9853,G8543,G9854,G1417,G1458,GF204,G2748,G1418,G2783,G4520,GF209,GR075,GR011,GR006,G8366,GR041,G4500,G2745,G4505,G1413,GR044,G8507,G1444,G4509,G9852,G4638,GF809,G1483,G4601,G1473,G8316,G8317,G2774,GR012,GF302,G8541,G4560,GF811,G1450,GF802,G8535,G4647,G9855,G4637,G8554,G8357,G2787,G1443,G4518,GF307,G4642,G4566,G4413,G4652,G2765,GR043,G4654,G8352,G4511,G2737,GR068,G4656,G2789,G4623,59087,G8526,GF096,GF205,G2711,GR057,G4521,GR004,G1542,G4462,G8555,G8351,GF507,G8528,G8508,GR010,G1478,G8529,G8518,GF093,G4744,G8355,GF808,G8511,G8556,G2784,GR061,G1488,G8360,G2786,GR024,GR025,GF206,GP108,GF097,G4561,GR001,G8514,G8448,G1470,GP106,G4624,G2708,GF412,GF401,GF411,GR058,G1472,G1057,G8523,G8336,GP107,G1481,GF504,G8419,G2736,G2791,G4657,G9750,G2724,GR007,G4450,G1441,GR063"
113.50,25.08,0.90,0.81,356,"GF202,GF308,G4525,GF201,G4605,G1425,G4568,G4569,GF000,GF703,G1455,G1448,G1461,G4517,GF312,G4607,G1446,G1411,G1474,G4552,57988,GF303,GF001,G1463,G4608,G4604,G1454,G4529,G1449,G4663,G1445,G4439,G1465,GF200,G1456,G1459,G4602,G4422,G1405,G4404,G4603,GF003,G4553,GF203,G1404,G4438,G9883,G4402,G1442,G1452,G4546,GF300,G4526,G1439,G4441,G4442,G4550,G1437,G4444,G1418,G4609,G1417,G4562,57989,GF095,G9881,G4519,GF707,G4405,G4647,G4415,GF002,G9884,G4560,G4551,G9882,G4409,G4400,GF204,GF304,G1401,G4530,G4524,GF205,G4516,G4408,G1406,G1420,G4410,G9880,G4412,G4534,G4406,GF704,G4523,G4403,G1412,GF206,GF093,GF006,G4521,G1415,G1414,GF702,GF005,G1402,G4548,GF307,G1462,G4411,GF310,GF103,G4401,59081,GF099,G4541,G4520,G4561,G4611,G4536,G4522,G4557,G1410,GF309,GF098,G1413,G4563,GF301,GF302,G1403,GF305,G4549,GF007,G1464,G4531,G4535,G4518,G1472,G4554,G4610,G4617,G4413,G4510,GF101,GF102,G1458,G4613,G4414,G4621,GF210,G4601,G4544,G4567,59082,G4666,G1496,GF096,GF506,G4616,G4565,G4648,G4504,G1471,G4547,G1429,GF097,GF209,G1470,G4543,G1453,GF212,G4606,G4622,G4542,G4566,G1419,G1424,G4600,GF104,GF508,G4556,GF211,GF207,G4505,G4665,G8505,G4462,G4545,G1428,G1491,GF306,G4615,G4512,G4447,G4667,GF311,G8504,G1409,G4443,59090,G1451,G4620,G4407,G4662,GF411,GF100,G4619,G4649,G4661,G4612,G4424,G8503,GF092,G4425,GF705,GF502,G8502,G4508,G4423,GF401,G4664,G1492,G4614,G4533,GF004,GF503,GF208,GF500,G4509,G4639,G4501,G4540,G4618,G4625,G1426,G4628,GF505,G1443,GF507,G4538,G4453,G8569,G4503,G4630,G4528,G4507,G4460,G4564,G8501,G4527,G4454,G9878,GF501,G4511,G4431,G1460,G1440,G4555,G4668,GF700,G1468,G4466,G9877,G1435,G9876,G1467,G9879,GF412,G8500,G2775,G4506,G1466,G1469,GF094,G4502,G1450,GF706,GF410,G2728,G4450,GF701,G4500,57996,G1493,G4467,G2767,G4416,G8568,G1489,G9875,G4434,GF606,G8563,G9872,G8548,G8561,G8550,GR072,G4448,G9864,G2744,G4514,G8448,G8340,G4515,G9859,GF409,G1407,G8545,G1427,G8444,G1434,G1422,G8510,GF504,G9871,G4636,GR011,G4631,G2777,G2747,G8547,G8551,G4468,G8539,G1441,GF400,G8533,G9873,G8542,G1444,G1484,G9863,G4646,G4513,G8348,G8347,G8532,G8445,GF603,G4463,G4432,G4436,GF605,G8524,G8441,G8515,G2755,G4643,G8537,GR010,G9874,G1430,G1494,G4633,G8531"
113.50,25.54,0.90,0.81,199,"GF212,GF206,G4647,GF205,G1471,G4560,G1418,G4561,GF093,G1417,G4603,G4609,G1452,GF211,G4521,G1459,G4600,G4606,G1472,G1474,GF203,G1449,G1465,G4565,GF210,G4607,G1461,GF204,G4422,G1448,GF307,G4568,G4648,G4602,G4519,G1446,G1456,G4605,GF311,GF201,GF308,G4663,G4562,G4529,G1453,GF095,G4604,GF200,G4424,G1455,GF202,GF207,G1412,G1419,57988,GF302,G4520,G4444,G4608,G4530,G4516,G1413,G4518,G4423,G4525,G4569,GF303,G4443,G4413,G1470,GF306,G1454,GF097,GF300,G4425,G1437,GF096,G4517,GF312,G1411,G4601,GF301,G4649,G4522,57989,G1458,G1425,GF703,G4552,G4441,G4442,G4563,GF000,G4526,G1439,G1445,G1420,G4546,G1442,G4414,GF098,GF208,G1410,G4439,G1415,G4548,G4438,GF411,G4566,GF309,G4536,G4462,GF001,G1463,G1496,G4553,GF209,G4567,G1414,G9880,G4564,GF401,G1405,G4523,G9883,G4404,G1462,G4505,G1404,GF003,GF707,G4460,G4402,GF304,GF506,G4524,GF310,G1435,G4550,GF099,G4510,GF305,GF002,G9881,G4447,GF702,G9882,G4405,G9884,G4415,G4551,GF410,G4409,G4400,G4531,G4544,G4467,G1464,G1401,G4534,G4504,G4408,G4410,G1406,GF508,G4466,G4542,G4543,GF704,GF507,59090,G4406,G4412,G4545,G8505,GF103,G4509,G4549,G1443,G1402,G4403,G4512,G4662,59081,G8504,GF006,G4557,G4611,G1430,G4508,GF005,G1451,G4434,GF412,G4554,G4613,G4541,G4411,G4401"
113.95,21.85,0.87,0.81,292,"G1292,G1277,G3979,G3978,G3977,G1280,G3974,G3976,G3975,G3973,G3972,G3971,G3981,G3970,G1276,G1224,G1226,G1217,G1209,G3992,G3994,G3996,G1221,G1230,G1212,G3995,G1215,G3997,G1228,G1205,59488,G1236,G1222,G1191,G1272,G1232,G3991,G4005,G1233,G1295,G3998,G1271,G1270,G1218,G3980,G1229,59490,G1299,G1238,G1179,G1243,G1206,G1240,G1282,G1273,G2037,G1220,G2003,G1210,G3585,G1227,G1211,G3521,G2085,G1256,G1204,G1237,G1297,G1142,G1195,59682,G1286,G1223,G1298,G2086,G1189,G3540,G1252,G3619,G1285,G1294,G2053,G3990,G1293,G3641,G2084,G3618,G2083,G3776,G3987,G1244,G3556,G1214,G3713,G3647,G1203,G3645,G1283,G3697,G3675,G1258,G1289,G2038,G3717,G3960,G3580,G3555,G1130,G2077,G2036,G3984,G3985,G1186,G3752,G1207,G3650,G3718,G3953,G3738,G3561,G3714,G3951,G3501,G3519,G3669,59493,G2031,G3773,G1129,G3546,G1153,G2081,G3715,G1196,G2010,G3747,G3793,G1197,G3720,M9988,G3634,M0004,G3950,G3778,M0003,G3775,G3658,G3779,G3704,G2050,G1259,G3631,G3759,G3757,G1135,G3962,G1149,G3576,G3784,G3522,G1250,G3740,59487,G6204,G3581,G3530,G3523,G3797,G2042,G1274,G3648,G3774,G1146,G3643,G2028,G3547,G1120,G1241,G6200,G3694,G3789,G1121,G3579,G3562,G2073,G3761,G1187,G3577,G3968,G2054,G3524,G2027,G3691,G2070,G3999,G2089,G6208,G6219,G3527,G2017,G1278,G3721,G3963,G3765,G2051,G2074,G1173,G3952,G2068,G1175,G3534,G3684,G3799,G1145,G1234,G1235,G3565,G3993,G1184,G3535,G3989,G3514,G3798,G3699,G3630,G3578,G3548,G3659,G2035,G2058,G3964,G3794,G3956,G1188,G3552,G3504,G2005,G2052,G1261,G1139,G3692,G3698,G1178,G3766,G1260,G3768,G1208,G3726,G3553,G1290,G9718,G1174,G1166,G3986,G3567,G2043,G3983,G3982,G1144,G3734,G3739,G3742,G1254,G9818,G3503,G6203,G2004,G3617,G3961,G3558,G1255,G3751,G3575,GB060,G3680,G2026,G3545,G3518,G2076,G1182,G3211,G3517,G3957,G3506,G3703,G6210,G9521,G3671,G3725,G1177,G3502,59486"
113.95,22.31,0.88,0.81,952,"G1179,G1191,G1277,G3979,G3585,G3521,G1195,G1142,G3540,G3978,59490,G3619,G3977,G1189,G3641,G3618,G3647,G3556,G3976,G3675,G3713,G3776,G3697,G3645,G3555,G3717,G1186,G3975,G3752,G3738,G3561,G3718,G3650,G1130,G3714,G3580,G3501,59493,G3546,G3720,G3669,G1153,G3519,G3634,G1196,M0004,G1197,M9988,G3715,M0003,G3757,G3974,G3773,G3784,G3778,G3658,G3759,G3740,G3530,G3648,G3694,G1135,G3747,G3775,G3704,G1129,G3793,G1187,G3643,G3547,G3576,G3779,G3797,G3562,G1149,G3774,G3522,G3523,G3581,G3761,G3631,G3691,G3765,G3579,G3565,G3684,G1121,G1120,G3789,G3973,G3548,G1146,G3527,G1175,G1145,G3577,G3504,G3699,G3721,G1184,G1211,G1178,G3692,G1229,G3524,G1294,G3766,G1188,G3698,G3630,G3534,G3798,G1139,G3553,G1227,G1173,G3768,G6219,G3972,G3503,G3971,G3617,G3998,GB060,G3799,G1243,G3739,G3981,G1282,G3734,G1228,G3751,G3575,G1236,G1166,G1209,G3552,G3703,G3659,G3970,G3680,G3997,G3502,59486,G3992,G3514,G4005,G3671,G3535,59488,G1155,G3506,G3558,G1144,G1215,G3620,G3578,G1174,G2073,G3696,G1276,G1285,G1204,G3702,G3518,G3733,G3726,G3794,G1270,G1233,G1161,G3572,G1180,G3635,G3681,G1182,G3636,G3551,G3653,G1244,G3573,G1223,G1151,G3742,G1212,G3517,G9818,G3996,G1132,G1271,G3758,G1190,G9718,G3574,G1272,G3743,G2074,G3510,G1152,G3567,G9535,G3688,G3531,G3559,G9748,G3513,G3507,G3991,G3995,G1177,G3560,G1283,G1221,G3545,G3543,G2089,G9521,G3211,G3737,G2052,G6200,G3746,G3614,G3549,G3682,G3744,G5960,G1237,G3554,G3783,G3727,G2028,G3621,G1156,G3791,G3796,G1280,G9574,G3526,G1226,G1148,G3664,G3693,G9749,G3723,G6210,G3649,G1091,G3994,G3732,G3557,G2053,G2005,G2042,G1183,G3750,G3663,G2038,G2043,G3569,G3728,G1136,G1230,G1998,G2051,G2086,G3687,G1137,G3790,G1133,G5962,G3678,G2003,G1170,G1125,G3528,G1292,G1017,G2050,G3764,G1143,G9552,G6103,G3536,G3701,G3760,GB031,G6105,G1131,G1090,G3568,G6110,G2045,G1217,G6101,G5968,G3781,G2027,G2085,G3661,G6029,G6154,G2081,G6058,G1917,G1185,G6106,G3515,G3208,G3529,G6107,G3212,G3623,G1906,G2023,G2083,G6096,G9534,G3550,G6104,G1954,G3730,G6013,G3722,G1171,G2049,G9520,G2010,G1164,G3753,G1193,G6155,G2077,G1985,G1224,G3787,G3570,G1232,G3980,G1990,G3785,G1295,G2068,G3756,G6006,G2037,G1176,G6057,G2026,G1238,G1138,G9519,G2071,G2066,G1078,G1206,G3509,G5961,G1147,G3686,G6218,G2084,G3544,G1901,G2054,G1181,G3202,G1905,G2036,G3780,G2035,G6143,G1240,G6204,G1953,G6012,G2008,G3788,G3512,G3725,G2080,G3627,G3538,G3749,G3564,G2004,G6060,G3508,G2006,G6213,G1911,G6033,G6081,G3583,G3205,G6090,G3622,G6208,G6203,G3748,G1976,G1960,G6059,G5952,G6211,G3719,G3792,G3563,G3239,G2025,G6078,G3566,G3762,G1163,G3685,G1252,G9549,G6085,G1154,G6028,G6083,G2091,G3532,G1997,G6091,G9522,G1165,G2030,G6079,59485,G1220,G3640,G2065,G3683,G2009,G1172,G1162,G2031,G3695,G1256,G3121,G6055,G2094,G6082,G1072,G1299,G3953,G1968,G6214,G3987,G5958,G2029,G3731,G1159,G5471,G6048,G2017,G5964,G1974,G3689,G2076,G3525,G3754,G5959,G3539,G1966,G2062,G3960,G3207,G6131,G2099,G6056,G1955,G6123,G2048,G6088,G3626,G2058,G2070,G9551,G9503,G1210,G1959,G1933,G3633,G2092,G6034,G1218,G3537,G3542,G2024,GA005,G1259,G3520,G2096,G3511,G6142,G3516,G1134,G1942,G1140,G1298,G3674,G6062,G3206,G1048,G3646,G2007,G3654,G1258,G2018,G1205,G2016,G3308,G6054,G1987,G6201,G3201,G6005,G6080,G3724,G3582,G1055,G1944,G5963,G9550,G3571,G5303,G1222,G2087,G1261,G3989,G1932,59487,G3662,G1289,G1297,G6156,G3533,G3666,G5467,G6097,G3795,G1916,G5446,G2088,G1979,G9533,G1089,G5468,G6207,G1967,G1250,G3952,G3657,G2022,G3541,G1910,G6030,G6011,G1984,G6061,G1989,G2002,G2060,G2093,G3956,G9819,G3961,G6130,G2067,G6120,G2044,G3204,G6095,G3209,G6047,G3625,G5464,G1262,G6102,G9717,G6098,G1273,G1943,G3950,GA038,G3213,G3964,G3963,G6217,G2019,G3668,G3120,G2032,G6046,G2063,G5460,G5470,G2041,G6071,G1930,G3959,G3969,G3210,G6001,G6053,G5967,G1056,G6215,G3142,G6163,G3990,G2046,G5469,G1964,G6117,G6112,G5951,G1958,G6024,G1935,G2075,G3962,G1902,G6549,G9765,G1255,G3951,G1721,G3988,G3118,G2015,G5457,G9532,G3624,G1702,G2090,G2072,G5945,G1263,G6099,G6037,G3955,G1951,G9546,G5443,G1717,G1293,G6162,G6093,G9840,G2034,G6113,G3132,G6205,G1991,G1986,G9540,G1278,G2061,G3110,G1913,G6069,G1996,G3203,G6040,59289,G1904,G1251,G6212,G1918,G3965,G5463,G9839,G1937,G1701,G2011,G2020,G1950,G2039,G3968,G1260,G2059,G5950,G1264,G1914,G6038,G6036,G1016,G2082,G5475,G6100,G5474,G9838,G5957,G9524,G6723,G5458,G6009,G2014,G5445,G1290,G2047,G9837,G6068,G1253,G1972,G5330,G6114,G6548,G5949,G6039,G9517,G1265,G3111,G3993,G6115,G3957,G5441,G5448,G6044,G6209,G5340,G1086,G6132,G2056,G5459,G6067,G6063,G1980,G9545,G6032,G6031,G6049,G2102,G5465,G3115,G6070,G6072,G1207,G1949,G5940,G5316,G6035,G6086,G1257,G2078,G5339,G1241,G1965,G2001,G2243,G5955,G1925,G5954,G3967,G1286,G6152,G3113,G3986,G1922,59682,G6074,G5953,G1981,G1946,G3984,G3985,G1926,G6518,G6042,G9509,G2040,G6073,G3133,G1927,G2057,G1254,G6094,G3137,G6065,G1077,G3131,G2112,G2013,G5956,G1982,G6912,G1718,G6045,G1274,G1915,G6050,G5328,G3954,G1952,G6015,G1921,G6075,G2131,G6066,G1957,G1203,G6008,G6018,G3958,G6151,G6064,G1909,G5476,G2012,G6017,G3112,G1971,G3244,G2231,G5326,G6014,G2069,G1939,G1947,G6913,G6043,G6052,G1214,GE224,G5944,GA006,G5338,G2196,G2123,G6022,G5473,G1995,G1923,G6092,G2266,G5327,G9597,G2064,G5447,G3135,G2079,G6517,G6016,G5472,G1956,G2198,G1919,G1924,G1988,G2021,G6202,G3966,G9547,G6019,G9543,G6128,G6153,G1049,G1908,G1994,G1928,G9544,G9523,G5393,G1202,G3999,G5477,G9548,G1920,G6025,G1940,G1992,G1268,G2133,G6023,G1945,G5302,G5343,G6089,G9518,G6010,G1208,GE225,G1054,G1929,G5317,G1993,G2242,GS014,G2033,G6026,G2236,G5451,G6126,G6593,G2193,G6144,G6077,G2120,G5438,G5341,G6927,G9747,GE222,G2055,G3141,G1963,G1019,G1269,GS013,G6021,G5321,G1234,G1235,G6027,G5390,G6084,G5466,G1978,G6216,G1977,G5342,G9789,G3983,G3982,G6702,G6706,GE226,G1735,G6911,G6901,G1941,G1962,G5442,G6076,GS015,G1973,G1720,G1970,G6722,G6926,G6020,G9541,G5437,G6007,G6698,G2124,GE215,G5966"
113.95,22.77,0.88,0.81,1523,"G3528,G3764,G3701,G3722,G3693,G3515,G1170,G1164,G3727,G3569,G1156,G3744,G1143,G3529,G1183,G3783,G3686,G1906,G6006,G3568,G3574,G3728,G1176,GB031,G3790,G3750,G3531,G1976,G1193,G3653,G1131,G6033,G3635,G3756,G3682,G1190,G3785,G3551,G1132,G3543,G3550,G6013,G3532,G1968,G6085,G3513,G3664,G5959,G3702,G3583,G5958,G3703,G6057,G1155,G6034,G1942,G3557,59486,G3502,G1990,G3732,G6062,G3733,G3791,G3572,G3617,G3503,G3620,G6110,G3510,G6028,G6060,GB060,G3781,G1953,G1987,G3663,G6012,G1180,G3766,G1960,G1955,G6103,G6048,G1151,G3671,G3688,G1944,G1916,G6156,G1178,G6096,G3504,G6091,G6154,G1984,G3696,G6061,G1148,G3553,G6058,G3548,G3746,G3692,G1910,G3507,G1917,G5962,G6104,G3565,G6090,G1911,G1932,G1933,G3636,G3681,G1943,G3751,G3575,G6102,G6107,G1905,G3526,G3684,G5964,G3698,G6123,G1152,G5968,G3768,G3573,G6080,G1136,G3765,G6047,G6078,G6030,G1187,G6079,G3699,G6029,G1985,G6098,G1979,G6131,G3559,G3614,G3739,G3694,G6024,G3734,G3680,G1902,G3506,G6011,G6082,G6081,G6105,G6059,G6106,G5961,G3648,G1188,G1145,G3757,G3784,G3530,G5945,G1161,G3562,G1139,G1998,G1974,G3691,G1175,G3740,G6046,G6120,G3743,G6005,G3720,G6093,G5960,G6095,G3759,G1986,G1184,G3547,G6037,G3546,G6083,G6101,G6040,G1166,G1954,G3634,G6054,M0004,M0003,G1937,G3761,G1913,G3643,G1950,G1901,G1951,G3561,G3738,G3658,59493,M9988,G1197,G5963,G3501,G1196,G6038,G3630,G6155,G6163,G1153,G1135,G3737,G6117,G3714,G3558,G3718,G1186,G1930,G6055,G3685,G3715,G3527,G3555,G6143,G1972,G3669,G6001,G3778,G3797,G3649,G3579,G3518,G3509,G3650,G1959,G6113,G6039,G3675,G3774,G3752,G3798,G6036,G3661,G3758,G3717,G3576,G3519,G6009,G3704,G3697,G3678,G1918,G3721,G3773,G6162,G3647,G3560,G3775,G5957,G1997,G1121,G5952,G6063,G1149,G1914,G3779,G3523,G1130,G1980,G1144,G3522,G3645,G3621,G3577,G3789,G3641,G3564,G1925,G3534,G6035,G3581,G3618,G1935,G1965,G6074,G3580,G3747,G1991,G6056,G1182,G6067,G1185,G3713,G1120,G3570,G1964,G3556,G9520,G3793,G9749,G3760,G6115,59289,G6073,G3631,G1958,G6130,G6086,G6068,G6099,G1174,G6044,G3554,G1949,G5471,G3776,G3552,G9748,G6097,G3540,G1129,G3524,G1981,G9534,G3212,G6071,G6069,G1091,G3208,G6065,G1173,G6094,G1966,G3619,G1195,G3748,G6088,G1146,G1952,G6064,G1142,G6114,G6015,G5340,G1946,G9535,G1939,G6142,G3799,G6042,G9519,G1189,G3517,G5468,G3659,G1927,G6132,G5944,G1957,G6022,G3780,G6014,G3585,G6112,G5446,G5955,G5954,G6219,G1989,G3521,G6053,G5953,G3726,G1171,G6043,G6016,G1922,G6066,G6045,G1921,G1177,G5956,G3633,G9503,G1908,G1137,G1988,G5940,G6070,G1996,G6049,G1072,G6025,G1928,G1940,G3514,G3796,G3622,G5326,G6023,G6100,G1995,G1967,G6050,G9549,G3539,G1909,G6026,G1179,G3742,G1992,G6032,G9818,G1923,G3535,G3520,G6144,G3753,G3578,G6092,G1993,G3549,G5390,G6052,G5316,G1017,G6027,G6021,G9521,G5393,G1977,G1147,G5467,G9550,G1994,G1941,G9574,G5474,G1971,G3201,G5339,G3508,G3794,G6031,G3202,G5951,G6017,G1962,G1904,G3787,G3687,G5327,G3121,G3545,G1924,G3516,G3623,G5950,G9533,G6020,G6076,G5470,G5438,G1915,G5967,G1963,G1920,G1982,G3211,G9718,G6010,G6077,G3662,G1973,G5437,G5406,G1747,G3308,G1912,G1133,G5392,G9522,GS014,G3723,G3683,G6072,G9552,G1721,G9717,G3567,G6152,GS013,G3788,G5475,G3538,G3719,G5441,G3239,G1784,G1181,G9840,G1978,G5341,GS015,G1793,G5949,G3646,G1048,G1956,G6089,G9765,G3749,G5338,G6018,G1934,G9551,G1125,G1926,G5469,G1720,GA038,G6008,G9532,G1078,GS005,G1090,59490,G3537,G5388,G3210,G1936,G3118,G9540,G6148,G3120,GS012,G1961,GS003,G5439,G5391,G3154,GS011,G1191,G1947,G6151,G9839,G6041,G3205,G1792,G1740,G1945,GS010,GS009,G6210,G6051,G6084,G3213,G3654,GS001,G1089,G3536,G2073,GS006,G3207,G6019,GS008,GA005,G1138,GS002,G5325,GS004,G1970,G1948,G9838,G3754,G6153,G3730,GS007,G2049,G3115,G9819,G1929,G1056,G6007,G6128,G5342,G5473,G6075,G5343,G1773,G5464,G2045,G1779,G5476,G5321,G1931,G3795,G3657,G9837,G1055,G3731,G5302,G2066,G3204,G3203,G3542,G3792,G1741,G3153,G1983,G1919,G5398,G5966,G3206,G2074,G2052,G5965,G9598,G9509,G6000,G6126,G5387,G2048,G1786,G3544,G9583,G9597,G5412,G5463,G3122,G1780,G5947,G5969,G5946,G2023,G1163,G2043,G3133,G5451,G1907,G5460,G5948,G5443,G5389,G3244,G5400,G5448,G3132,GA015,G1023,G1294,G9536,G5404,G9596,GA010,GA021,G6129,G1774,G1077,G2006,G3209,G5394,G9546,G5397,G3113,GA017,G5361,G5303,G5457,GA019,G6002,GA026,G3627,G5472,GA013,GA018,G2091,G1165,G1086,G6087,GA009,G2089,GA014,GA024,G1702,GA012,GA008,G1062,GA016,G3762,G3689,GA011,G1975,G5465,G5445,G1019,GA020,G5320,G2005,G1211,G2071,G6003,G3152,G5357,G2093,G6127,G5395,G3267,GA022,GA025,G3695,G3250,G2099,GA023,G5458,GA028,G3142,G2008,GA027,G9711,G3135,G9545,G6218,G2041,G5337,G3512,G9559,G3110,G3318,G3140,G6200,G3319,G2092,G3158,G9789,G1016,G3139,G5359,59298,G1054,G1227,G3131,G1775,GA007,G9524,59297,G9595,G5425,G1031,G1717,G2022,G9517,G1079,G5300,GA006,G5308,G1705,G5447,G1162,G5459,G2072,G3114,G5436,G5322,G5422,G1277,G5413,G5312,G3979,G2028,G9548,G9514,G2094,G5424,G9547,G9744,G9743,GL251,G2051,G3978,G1229,G9747,G3245,G3977,G9591,G3111,G5418,G9586,G1172,G2096,G1083,G1719,G1244,G1285,G9525,G3571,G1282,G9518,G3137,G1018,G3300,G5315,G5305,G3112,G3141,G3144,G3541,GL257,G3329,GA003,G2032,G9502,G3976,G3511,G5440,G1243,G3130,G9510,G1701,G3317,G9779,G3563,G9544,G3146,G6211,G5435,G5452,G3975,G2042,G1204,G6912,G1716,G5344,G5358,G2044,G9543,G3525,G3566,G9541,G5466,G3226,G3136,G1710,G2026,G1003,G1283,G2080,GL255,G3162,G3124,G1799,G2056,G2090,G3998,G5323,G2016,G5477,G9712,G3128,G3322,G9554,GL256,G5456,G9513,G5405,G3269,G1712,G3338,G9579,G1032,G5306,G1015,G2062,G5449,G1223,G5360,G3227,G2025,G3125,G3533,G1087,G3974,G2231,GL254,G1159,G2243,G2015,G1071,G1154,G5442,G2027,G2014,G3725,G3233,G1049,G5307,G3266,G9745,G3332,59481,G9526,G2009,G3234,G1797,G3724,G2050,59294,G2266,G1002,G6213,G3231,G3312,G1069,G9523,G9527,G5330,G1030,G9713,GE224,G3190,G5386,G2065,G5328,G2061,G4005,G1236,G5454,G9776,G3302,G2038,G9585,G9714,G1718,G9746,G2040,G5403,G3242,G3448,G3147,G3624,59485,G1228,G3973,G3218,G3666,G2030,G5301,G3327,G5409,G6927,G9775,G6209,G1140,G6913,G1034,GL253,G9828,G9508,GA004,G3626,G2004,G1270,G3155,G3134,G3129,G3442,G2007,G1092,G1022,G3640,G3220,G5461,G9594,G3161,G3347,G2242,G9774,59488,G2068,G1233,G3330,G3997,G1711,GL252,G9593,G6924,G5450,G3324,G2034,G3229,G2082,G5396,G2013,G9562,G3443,G2081,59287,G5429,G6203,G1714,G3228,G3235,G5311,G1237,GE222,G2024,G5444,G6926,G5432,G2035,G9590,G6215,G3454,GA002,G2053,G1065,G2232,G3238,G9835,G0903,GA001,G9580,G0902,G9582,G3117,G3108,G1209,G1215,G5434,G1271,G3972,G5430,G1000,G2029,G3971,G9575,G3992,G2011,G3674,G3625,G3230,G1798,G0816,G3328,G1134,G3268,G3582,G3138,G1722,G6900,GE221,GE203,G5416,G3320,G5317,G6214,G5431,G9578,GE238,G3102,G2012,G9704,G3981,GE225,G5363,G6901,G3309,G9553,G9499,G2001,G1272,G5550,G1039,G2010,G9489,G1097,G2086,G6217,G3339,G5313,G2059,G2054,G3970,GE216,G9784,G3311,G9783,G6205,G5384,G3101,G3435,G9500,G9709,G3321,G9788,G6202,G1047,G2236,G3991,G2067,GE223,G6201,G9501,G2087,G2002,GE226,G1061,G2230,G3232,G3145,G3344,G9577,G5345,G9561,G5401,G2069,G2063,GE239,G2075,GE215,G3156,G5383,G3449,G2076,G3151,G1212,G1276,G2245,G6916,G3447,G1733,G3345,G9478,G3444,G2078,G9710,G2077,G9592,G9504,G9556,G9560,G3996,G3247,G2003,G2033,G5336,59480,G6204,G2083,G5455,G9558,G2047,G9829,GA032,G3221,G6903,GE201,G3314,G6212,G9477,G9491,G2209,G6208,G3143,G5543,G5385,G5362,G3316,G9505,G2088,G1070,G9506,G6904,G2018,G3995,G1783,G3362,G3223,G1036,G1093,G1008,G5462,G1787,GE211,G3410,G6911,G1099,G3261,G9584,G1221,G9528,G2079,GL509,G2019,G2085,G9834,G3241,G1029,G0817,G9557,G9572,G2020,G1001,G3164,G3450,G5382,G9498,G2246,G1053,G9471,G3668,GE207,G3402,G6902,GE213,G6816,G9470,G3107,G2240,G9996,G2036,GA033,G3333,G9555,G6817,GA035,G9512,GA034,G2252,G6915,G1037,G1007,G9792,GL504,G9475,G5427,G6207,G9570,G5417,G9474,G9476,G1785,G3150,G2244,59492,G3451,G1088,G5433,G3335,GE237,G9780,G9841,G6848,G3407,G5310,G1715,G1743,G2084,G9824,GA030,G9473,G9826,G3225,G2039,G1791,G3148,G2058,GE230,GA036,G9720,G2046,G2219,G6216,G9472,G2021,G6923,GE202,G9805,G3224,GE232,G6918,G5309,G9791,G9722,G9507,G1045,G9772,G9741,G9721,GA031,G2060,G1230,G3157,G2017,G3994,G3401,GE206,G6548,G1226,G2239,G1748,G5521,GE229,GE228,G9807,G2055,G9708,G3446,G1735,GE205,G9723,GE214,GL512,G9725,GL505,G5504,G2064,G9825,G5381,G9515,G9569,G9793,G9842,G2057,G9794,G6920,G1009,G3249,G3237,G5380,G9799,G6549,G9724,G9801,G9771,G2037,G1060,G9726,G1744,G1033,G2237,GE234,G2070,G9798,G1739,G2238,GA029,G2123,G9803,G3219,G3406,G9576,G9770,G1262,G9806,G2124,G5551,GE231,G1742,G9539,G9773,G5379,G1280,G9763,G2274,G9795,G1206,G9800,G2253,GE204,G6905,G9581,G2031,G9804,G6919,G2102,GL510,G3236,G9782,G2233,G9814,G3103,G3428,G5515,G9797,G1044,G3980,G9742,G1238,G6917,G1261,G9802,G3160,G9781,G1006,G9777,G3222,G1014,G9588,G9778,G3959,G3961,G2196,G1051,GE236,G3953,G1240,G1217,G2222,G3356,G1232,G1295,G9764,GE235,G2235,G3989,G6723,G1259,GE233,G1263,G3323,G2281,G9587,G1745,G9573,G9796,GL706,G5378,GE217,G1095,G1252,G6910,G6805,GL508,G9563,G5335,G3988,G1052,GA037,G2272,GE227,G3969,G6806,G2208,G1703,G3960,G6925,G9815,G1094,G2260,G3437,G6908,G6837,G6855,GL701,G5502,GL705,G1292,G3987,GE003,G9762,G3429,G5365,G6909,G9565,G9568,G5564,G3956,G2256,GE212,G5517,G2128,G2259,G2131,G6700,G2234,G3952,G6847,G5375,G3403,GE029,GE016,G3357,G1028,GE220,G9694,G9761,G9813,G9706,G3405,G1040,G1788,G6852,GE032,GE030,GE031,G5500,G9695,GE004,GE002,G1046,G1755,G1257,GE219,G1224,G6544,G6857,G2201,GE021,G5324,GL506,G6860,G6836"
113.95,23.23,0.88,0.81,1620,"G5389,G5400,G1786,G1774,G1775,G5424,G5387,G5398,G9536,G5391,G5388,G5404,G5357,G1740,G9595,G9598,G3153,G5425,G5392,G1083,G5413,G5360,G1747,G1773,G1792,G1793,G3318,G1941,G3269,G9596,G1977,G5358,G3245,G5361,G5406,G5390,G3147,G3317,G5359,G1912,G1779,G1962,G6027,G1940,G6026,G5412,G6025,G6021,G9583,G6023,G6020,G3122,59294,G5386,G6144,G9593,G3154,G1780,G1705,G5397,G6076,G1908,G6022,G5944,G1939,G6016,G3338,G1928,G5437,G3268,G1992,G1784,G6064,G3267,G1934,G1988,G3300,G1993,G1973,G9743,G5435,G9744,G6014,G1065,G5550,G5403,G6148,G6074,G1952,G1925,G5432,G1061,G5436,G1741,G6073,G6043,G6015,G1965,G1957,G5431,G1961,GS001,G6065,G6035,G1963,G5543,G5438,GS002,G9553,G3124,G6094,GS003,G1948,G6039,G9592,G1972,G6063,G5429,G1023,GS005,GL251,G3319,G1981,G5393,G6038,G1980,GA032,GS004,G5439,G1950,G1937,G6077,G6066,GS006,G6040,GL257,G1994,G1995,G5384,G1986,G6086,G3247,G3266,GS008,GA002,GS015,G6067,G1946,G3150,GS013,G1913,G6042,GA033,G5394,G1927,G5430,GS007,G6093,G6009,G5945,G1936,G1949,G3321,G5405,G5326,G6036,G5385,G6010,G5383,G1923,GS009,GL255,G9594,G3148,GS012,G1978,G1921,G1720,GS014,GS011,GA034,GA035,G6041,G1920,G6024,GA026,GA025,G1902,G5957,G6092,G6045,G6037,GA017,GS010,G5965,G3144,G1909,G3143,G6115,GL254,G5418,G6044,G1924,G6051,G3152,GA028,GA020,G5956,G1951,G1914,GA036,GA030,G5341,G1918,GA001,GA027,GA013,G5953,G6052,G5954,GL256,G5955,G5551,G1943,GA011,59297,GA021,GA022,GA019,G5416,G6113,G1922,G5327,GA023,GA031,G6050,G5434,G3320,G6102,GA016,G5340,GL253,GA012,G6068,G1931,G6061,G1984,GA010,G5325,G9704,G5395,G1971,G1060,G5433,G5969,G6089,GA029,G6132,GL252,G6047,G1022,G6098,G1910,G6017,G1983,G1916,GA015,G6162,G5422,G6114,G3261,G3322,GA024,GA009,G6084,G6156,G1970,G1991,GL706,G6046,G3151,G5363,G3323,G6117,G1062,G6163,59289,G6007,G5940,G5409,G3328,G1987,G1944,G6062,GL701,G9585,G5564,G1942,G1785,G9776,G6030,GA008,G6070,GA018,G5401,G3146,G1932,G6049,G9562,G1755,G6069,G6011,G6001,G6000,G1930,G6034,G3103,G1956,G1945,G5342,G6120,G3229,G6095,G1915,G1979,G5959,G1797,GA037,G1799,G5362,G3162,G9784,G9783,G5382,G9556,GA014,G6032,G1968,G6099,G1982,G9512,G9591,G1935,G5316,GL710,G5958,G5338,G3234,G6080,G5966,G6002,G5339,G1783,GL705,G1955,G3248,G1929,G9560,G3233,G5321,G5381,G5948,G9557,G1964,G5947,G3250,G3532,G1712,G6019,G0816,GL707,GA007,G9764,G1976,G6018,G1958,G6100,G3163,G1975,G9733,G6048,G1907,G1933,G6031,G5946,G9558,G9586,G9774,G9514,G5552,G6085,GA004,G3226,G6008,G5343,G6153,G3243,G3230,G5542,G6033,G6127,G9711,G9763,G1947,G9561,G3332,G3357,G9584,G1996,G9513,G0817,G3329,G1079,G1787,G6123,G6128,G5427,G6005,G9741,G6152,G5300,G6151,G1007,G5964,G6028,G6071,G3231,G5302,G3428,G5963,G3351,G3583,G3333,G1002,G6087,G9826,G1750,G3429,G9531,G1748,G6091,G9579,G9555,G5474,G6131,G6054,G3686,G9734,G6112,GL709,G6072,G5301,G5396,G1926,G6126,59298,G5365,G3105,G6003,G6129,G1960,G9775,G5305,G9559,G3227,G5563,G3304,G6006,G5417,G1176,G5549,G6060,59287,G5473,G9578,G1164,G6130,G9712,G6053,G6082,G5322,G6079,G1798,G5320,G1031,G3327,G1710,GA003,G3722,G5950,G3756,G5337,G3335,G1716,G1029,G5441,G1974,G3158,G1904,G9761,G1953,G3785,G1193,G6012,G1719,G1919,G3356,G3161,G9525,G5323,G6090,G9581,G9762,G3515,G1911,G3350,G6057,G6078,G5451,G1714,G1906,G3529,G5452,G9481,G3312,G5553,G3164,G3160,G9716,G5476,G6097,G5475,G6075,G1990,G9732,G1959,G5949,G9713,G3367,G6013,G9569,G9580,59285,G9502,G1003,G1745,G3550,G3701,G3355,G9755,G5311,G5353,G6059,G9572,G3568,G9480,G3764,G3528,G9526,G1742,G5468,G9760,G1989,G3114,G6055,G3307,G1170,G6081,G3401,G3235,G1905,G9597,G5312,G1143,GB031,G9828,G3139,G3326,GL708,G6083,G1131,G1032,G5380,G1743,G5306,G3349,G5951,G5446,G9554,G1028,G3228,G1711,G3569,G3437,G3790,G9582,G3693,G9527,G3232,G1019,G1183,G6056,G5546,G3728,G1064,G1788,G3115,G3348,G9568,G6096,G9840,G9528,G3136,G3750,G3781,G3685,G1008,G9780,G3364,G5356,G1018,G3427,G9781,G6110,G5315,G1156,G3311,G3727,G5967,G3140,G3744,G1721,G6104,G5961,G1997,G3783,G9839,G1967,G6142,G6154,G5470,G5541,G9714,G3190,G9540,G1985,G6058,G9740,G3238,G9827,GL702,G9835,G3454,G6088,G1034,G1917,G5471,G0903,G9509,G1791,G0902,G3244,G6107,G5374,G1966,G6103,G5308,G9814,G3664,G5410,G1030,G5472,G3302,G3557,G5307,G3682,G9838,G1901,G5952,G5378,G3732,G1744,G3127,G9789,G5367,G5402,G3406,G3448,G5375,G9532,G9765,G9731,G3663,G5968,G6143,G3531,G9530,G3791,G6029,G3118,G9841,G1080,G3574,G1040,G1058,G3543,G5962,G1020,G5467,G3442,G3125,G5469,G3133,G3440,G6106,G3246,G9759,G9837,G3564,G3633,G3513,G9577,G3509,G5366,G9739,G9745,G1190,G1085,G9717,G9779,G1715,G9503,G9533,G9816,G9550,G3446,G9489,G1036,G6155,G1132,G1148,G3363,G1704,G1954,G6105,G1054,G9751,G9735,G3653,G5344,G3210,G3635,G5355,G3155,G9709,G1136,G3242,G1077,G3330,G5364,G5399,G5554,G3551,G3748,G9590,G5379,G3201,G3423,G5324,G3510,G9727,G5373,G1082,G3526,G9829,G1789,G1052,G6101,G3102,G1006,G9510,G3662,G3520,G9842,G3746,GA038,G1072,G3120,G3369,G3539,G9695,G3688,G3203,G3135,G3303,G9757,G2732,G3413,G1099,G1998,G3113,G3702,G3507,G9822,G3407,G5540,G3572,G3130,G9697,G5556,G3221,G1071,G9705,G3309,G9499,G3733,G1151,G5448,G9504,G3443,G5345,G3516,G3220,G3661,G3308,G9491,G5376,G5456,G1180,G3263,G3570,G9729,G5423,G9570,G1155,G5371,G3614,G9719,G5354,G3213,G3106,G1056,G3418,G3620,G1152,G5440,G3344,G9520,59486,G3502,G9694,G3362,G3703,G5310,G3780,G9728,G3354,G5463,G1039,G9747,G3257,G9508,G5350,G3559,G9823,G3339,G5411,G9549,G3240,G3636,G3681,G5960,G3128,G9478,G9834,G9548,G1063,G9506,G3345,G9519,G3241,G5414,G9817,G3696,G9721,G3622,G3314,G3101,G3435,G9500,G1014,G3573,G9758,G1185,G1001,G5450,G9724,G9505,G3671,G1086,G3678,G3121,G5462,G3218,G9788,G3316,G9702,G3617,G5372,G3258,GB060,G3141,G3649,G9534,G5447,G3449,G3503,G9501,G5352,G5465,G5544,G9730,G3646,G1097,G1746,G1048,G3212,G1722,G1089,GA006,G9565,G9547,G3208,G1749,G9720,G9507,GL703,G9563,G9723,59481,G1053,G3743,G9819,G3138,G2782,G3760,G5454,G3737,G9773,G9518,G5449,G1015,G9996,G3132,G5309,G3129,G3131,G5464,G2710,G3424,G3421,G3751,G3575,G5443,G3766,G9541,G9772,G3223,G1093,G5444,G9753,G1171,G3553,G5419,G5455,G9707,G3422,G3405,G1161,G3683,G9725,G5547,59290,G1024,G3506,G3353,G9551,G3447,G1037,G1796,G3410,G5445,G5407,G1178,G9522,G3508,G3537,G3402,G9756,G9742,G3680,G1753,G3414,G9770,G3621,G3204,G1000,G5466,G3692,G9722,G3504,G3123,G9575,G1713,G3654,G1087,G9477,G9470,G9749,G3768,G3739,G9545,G3444,G3734,G5369,G1009,G9471,G3698,G3560,G9824,G9546,G3548,G3425,G1011,G3438,G3657,G3224,G1047,G2785,G9752,G9782,G3758,G1095,G3202,G9476,G1091,G1147,G3365,G3219,G9544,G3795,G3450,G9475,G9777,G5351,G3565,G3719,G5457,G9848,G3554,GA005,G9813,G9771,G5458,G1703,G9515,G5461,G3684,G3239,G9564,G3753,G3699,G3108,G5460,G9825,G1166,G3518,G1139,G1051,G1045,G9474,G3558,G2709,G1188,G3346,G9708,G1055,GR076,G3207,G9473,G9498,G3765,G3225,G5370,G1702,G3112,G3538,G1794,G5408,G3788,G9472,GP201,G9543,G3787,G3324,G9778,G1092,G9748,G1145,G8358,G3262,G9482,G3451,G1187,G3403,G3145,G3157,G1137,G1016,G3347,G9798,G1182,G5368,G5442,G3754,G1523,G1175,G1184,G9799,G9795,G3749,G1069,G5459,G9524,G9517,G9486,G3694,G3251,G3630,G1144,G3419,G9766,G9794,G9815,G3691,G1181,G1021,G9535,G1033,G2734,G9767,G5477,G9703,G8361,G9801,G3562,G3110,G3137,G9792,G9715,G3222,G1059,G1084,G3623,G5545,G9746,G9791,G9710,G3648,G3206,G9539,G1044,G1010,G3798,G3107,G3209,G3205,G1057,G9726,G3542,G9805,G9738,G9576,G3236,G3530,G1017,G9587,G3796,G5561,G3784,G3757,G9588,G9750,G1046,G3517,G3761,GE203,G1174,G6816,G3740,G3547,G9800,G3527,G1752,G3368,G3759,G3731,G3643,G9844,G1088,G1177,G4975,G3721,G9803,G1078,G3720,G3579,GP004,G9797,G9701,G8356,G3325,G1070,G9769,59284,G6912,G3534,G2240,G8360,G3552,G3687,G3658,G1027,G1135,M0003,G9483,G3634,G3546,M0004,G3104,G1094,G3249,G3237,G2048,G3797,G3142,G3774,GR060,G5377,M9988,G5428,G1197,G3111,G9796,G9754,G3134,G1196,G1717,G1121,G3156,G9802,G9574,G1153,G3577,G9737,G9589,G2784,G3726,G3159,59493,G3778,G2252,G3576,G6857,G3501,59492,G9566,G3715,G3561,G3738,G9804,G1049,G9567,GR001,G3549,G3789,G3704,G5303,G2219,G1133,G2041,G9793,G9487,G9806,G9552,G1173,G3714,G3523,G3659,G3669,G1149,G9736,G9832,G9521,G3117,G3260,G3718,G3775,GP203,G3522,G9807,G6916,G3779,G3581,G1120,G2786,G3524,G3799,G1186,G1138,G3773,G1733,G3519,G3352,G3742,G3650,G2209,G2093,G9818,G9706,G3555,G9523,G3792,G2072,G6817,G1501,G2232,G1042,G3752,GL704,G3747,G1790,G2231,G3723,G3631,G3675,G6848,G3717,G9845,G8367,G5314,GE207,G5500,G8351,G3404,G3545,G3793,G1090,G1146,G1781,G6219,G3426,G1081,G3697,G3109,G2249,G1130,G6837,G2245,G8353,G3514,G1125,G3211,G6924,G9571,G2281,G2266,G6831,G6927,G1782,G1129,GR061,G3580,G3647,G4843,G3645,G9846,G2049,G3310,G2737,G6852,G6858,GL504,G9833,G2768,G3578,G3535,G3730,G2738,GE213,G9718,G1701,G9847,G5517,G4651,GE216,GP202,G3713,G3794,G1163,GE224,GE206,G3618,G9485,GL508,G2066,G3641,G3415,G2056,G3556,G3536,G2206,G3567,G9573,G2272,G9488,G2247,G6918,G5504,G3776,G1795,GE238,G2274,GE239,G2243,G3689,G2242,G6926,G3544,G1572,G4801,GR024,G6210,G2022,GF811,G1478,G1165,G6900,G8355,G3255,G6836,G3540,G3416,G3417,G6923,G2091,G6859,G3619,G2045,GP200,G6915,G3412,G9768,G5328,G2275,G2253,G1195,G1739,G2006,G2099,GE222,G1189,G1142,G6834,G4708,G2230,GE202,G6903,G8366,G3762,G2092,GE221,G6913,G8362,G1507,G2282,G1483,G6830,G2032,G3695,59087,G4658,G3627,G2260,G2250,G1025,G3585,G2736,GR025,G1718,G3521,G2789,G6860,G5515,G5313,G3259,G2233,G2259,G1591,G6847,G2248,G2014,G2256,G2222,G1586,G2023,G2090,G2040,GE201,G6855,G4652,GL506,GP003,G2716,G6901,G2713,GL509,G3541,GE003,GE204,G6841,G2244,G4734,G2251,G5330,G1043,GR031,59480,G6902,GP206,G6835,G2073,GE021,GP005,G8357,G9484,G2783,GR062,G3571,GE004,G1179,G6853,G2223,G3411,GE223,GR029,G6829,G2238,G5317,G2715,G2044,G2071,G2754,G2052,G2261,G1162,GE002,GE225,G4659,G2015,G2781,G2008,G8311,GE032,GE031,GE030,G6806,G6813,GE205,G2043,G7066,G2791,G1580,G3512,GL505,G2013,G2094,GE226,G2096,GE016,GR077,G7060,G6209,G2201,GP001,G1476,G1587,G2074,G1423,G6805,GE211,GE001,GF809,G6218,GP002,G6904,GE215,G2061,G6800,G2705,G8354,G8303,G3511,G2236,G5336,G2268,G8352,G2276,GF810,GE022"
113.95,23.69,0.89,0.81,1038,"GL708,GL709,G9530,G1750,G3348,G9751,GL710,G3369,G5552,G9727,G3106,G1755,G1082,G1063,G9728,G5564,G9702,G3424,G5541,GL701,G3421,G1085,G3105,G5542,G3349,G3248,G5551,GL706,G9730,G1753,G3365,G3323,G1020,G1084,G3148,G3163,G9729,GL707,G9750,G3368,G3150,G1057,G3425,G9827,G5563,G5544,G5553,G3243,G3350,G9752,GA033,G9531,G5543,GA029,G1060,G9753,GA037,G5561,G9733,G9731,GA036,GA034,G9755,GA035,GA031,GA030,G5556,G3423,G1064,G4651,G2784,G9732,G8360,G1061,G3351,G3422,G9592,G1478,GA032,GL705,59290,G2737,G3268,G5550,GL702,GF811,G1752,G3103,G1483,G3427,G5385,G4652,G3247,G3304,G5554,G2732,G9593,59285,G5546,G4658,G3357,G5431,G3147,G9716,GL704,G1065,G3326,G5433,G5547,G9553,G8351,G5545,G5549,G2782,G8366,G9734,GF809,G3143,G5432,G5383,G4659,G2734,G2786,G3127,G5384,G9764,G2713,G1423,GR001,GF810,G5540,G9480,G5360,G5386,G9735,G3307,G2710,G3321,G8361,GL703,GF808,GR076,G9481,59294,G3429,G9759,GR061,G3269,GF807,G5403,G5429,G1785,G1476,G8358,G5365,G3303,G9760,G1080,G5353,G3261,G1523,G5430,GA002,G8354,G5358,G3367,G2709,G5367,G3338,G2785,GR028,G2780,G5424,GR027,GR060,GF801,GP201,G1083,G5381,G5364,G3317,GP203,G2783,G8355,G9757,G4558,G9761,G9763,G5356,G4654,59097,G3363,G5423,G4660,G2729,G4655,G1421,G1775,G5416,G5355,G5413,G3245,GR024,59087,G3428,G9594,G8534,G9719,G3364,G3353,G2789,G5354,G9595,G3320,G2712,G9512,G3355,G4657,GA001,G8356,G3151,G5425,G5402,G5382,G9704,G2743,G5435,G9762,G8367,G9705,G8357,G2788,GF800,G5434,GF091,GF803,GR078,GP202,G5357,G3300,G3318,G4975,G9756,G3266,G9739,G3124,G2738,G5362,G5366,G5359,G1774,GR025,G1705,G5401,G9738,G5400,G5389,G8350,G1482,G9743,G9741,G9744,G9758,G5363,G9536,GP206,G3356,G4559,G5404,G1748,G9740,G9556,G9557,G2748,G1783,G8365,G3123,G1786,GF804,G5405,GP200,GL253,GL252,G4669,G2714,G9754,G1021,G2768,GR026,G5387,G5436,G3328,G5361,G4634,G8353,G9596,G3354,G5427,G2736,G1475,G1022,G9826,GL255,G1028,G5398,G5373,GL254,G8352,G5374,GF802,G8362,G1745,G3267,G9581,GL257,G9598,G2735,GL251,G3160,G5369,G1007,G3153,G9560,G9784,G9783,G5414,G3426,G5397,G1517,G9584,G0817,G1788,G3418,G3333,G1789,G9736,G5412,G3437,G3122,G1519,GL256,G1787,G8544,G9555,G4843,G2711,G9558,G1780,G9583,G1773,G9562,G9869,G2787,G9568,G3246,G4734,G5409,G1481,G3319,G5399,G5391,G1740,G1779,G5410,G5417,G5388,GF806,G9867,G3440,G3144,G3229,G5371,G3262,G9585,GR039,G2791,G1792,G9870,G9737,G5418,G5372,G9776,G3335,G4624,G1058,G9561,G1742,G8341,G1704,G1495,G2781,G1793,G9569,G1796,G4653,G5392,G8557,G0816,G5370,G3322,G5411,G1747,G1023,G3154,G1741,G3258,G4656,G1473,G3257,GR077,G2776,GR062,G5375,G5406,GR045,GA025,G9868,G1912,G1029,G1749,GP209,G5380,G4632,G2773,G1941,G3230,G9781,G5394,G3352,G1977,GP210,59297,G3401,G1797,GA028,G1962,G1934,G4708,G5376,G6020,G1040,G5390,GF600,GA027,G1784,G6027,G5408,G9816,G3152,GA026,G6148,G3413,G1746,GP104,G4641,G6021,G6076,G4623,GA020,G2754,G5437,GS001,G6026,G9769,G1948,GA022,GA017,G3164,GS002,G5378,G2790,G9774,G9866,G6144,G9767,G1940,GA023,G1961,G5422,GP005,G6023,G6025,G3146,G1973,G8549,G3234,GR029,G2746,G4805,GA011,GS004,GA013,G9701,GS003,GA004,G1799,G1743,G3263,G3162,G8558,GA019,G1992,G1501,G1794,G5395,G1908,GF805,GS006,GP004,G1993,G1928,G5324,G4856,GS005,G3233,GA016,G9814,G5368,G5439,GA021,G5350,G4733,G9851,GS008,GA012,G4801,G9572,G1027,GS007,G6016,G5965,G4640,G4638,G6022,G9578,G1506,G1988,G9766,G4846,G5419,G5944,G1963,G3109,G1939,G5438,G1024,GR031,G3419,G9823,G1485,GA010,G3414,G2702,G1712,G6064,G9822,G1540,G5396,G9697,GS009,G1936,G6014,G1798,GS015,G6077,G9850,G9695,G6041,GS012,GS011,G9852,GA024,G3332,G5428,G3406,G6043,G4629,G9780,GA009,G1744,GS013,G5393,G1720,59287,GS010,G1952,G5969,G9591,GA015,G9703,G9865,G1978,G1062,G5301,G1790,G5352,G8552,G6051,G1957,GF607,G6015,G1994,G1528,G3231,G1507,G1781,GF604,G9775,G6074,G6010,G8553,G6073,GS014,G1052,G5407,G1931,G4740,G1925,G1791,G1002,G9513,G5351,GR037,G2755,G3226,GA008,G3417,G6065,G1995,G1488,G1920,G6094,G1713,G1965,G1983,G6066,GA018,G9528,GP214,G5341,G8535,G6035,GP105,GR030,G5325,G1923,G3327,G1580,G3240,G8536,G1008,G1981,G5326,GF605,G1059,G4635,59094,G9707,G9874,G1714,G9832,G9486,G9853,G9579,G1924,G3161,G6092,G9586,G1508,G6063,G1006,GR041,G9817,G9694,G1921,G1980,G6039,G1927,G1946,G6042,G1972,G6086,G8530,GR036,G3329,G9580,G9768,G8315,GA014,G3251,G4803,G1909,G3227,G9514,G1970,G5379,GA007,G8539,G4897,G6052,G6045,G4644,G6089,G3446,G6007,G6084,G1499,GR038,G8311,G1949,G5327,G6067,G6038,G3232,G6000,G3415,G9841,G5311,G1795,G5377,G1950,GR074,G5956,G1937,G3250,GP006,G2704,G1509,G6040,G4706,G6002,59088,G9712,G6009,G1486,G2727,GP001,G8546,G1079,G9873,G5953,G6050,G6036,G1986,G3235,G8551,G1971,GR040,G5954,G9871,G4731,G1913,G4631,G5955,G1715,G6044,G1782,G6115,G1922,G5300,G5342,59284,G5957,G9711,G6017,G1975,G3312,G1081,G9848,G6093,G1710,G9842,G8308,G4642,G3311,G5305,G4650,G9582,G6127,G5945,G1572,G2716,G9482,G5948,G3228,G9713,G1945,G1914,G9828,G1716,G5323,G5966,G4742,G5947,G5340,GP208,G9565,G1918,G1526,G6037,G2745,G9860,G8531,GA003,G1956,G1711,G9564,G1907,GP213,G6024,G9483,G3438,G6132,G1902,G6068,GR075,G1951,G1527,G3260,G3325,G6113,G2744,G5946,G5321,G4894,59298,G9526,G1014,G3405,G5940,G1929,GP211,G8550,G6114,G5322,G9862,G1036,G2705,G9563,G2715,G1719,G1502,G9559,G5452,G4969,G9525,G3159,G6087,G1915,G9715,G1011,G3104,G6070,G5338,G1031,G3238,G9863,G3259,G1003,G6049,G1516,G0902,G6019,G6003,G9835,G0903,G6162,G8312,G3407,G3454,G1943,GP003,G1982,G1991,59289,G9872,G1032,G8306,G5343,G8303,G9485,G9527,G5337,G6102,G5306,G3158,G9577,G6153,G9502,59293,G9861,G6129,GR072,G6032,G9554,G9724,G6018,GF601,G5316,G6061,G1984,G5320,G4645,G6069,G6128,G6098,G6047,G6117,G5339,G4636,G5302,G9570,G6163,G1034,G1025,G9829,G9714,G6046,G9854,G1947,G6008,G1099,G3346,G1042,G9721,G1910,GP205,G5310,G6126,G9833,G3416,GF606,G9566,G9813,G1518,G1916,G9489,G3190,G9773,G1490,G4899,G4633,G1493,G6001,G6151,G9709,GF602,G6156,G1930,G9571,G6031,G6099,G8340,G3114,G8533,GP212,G8307,G3302,G3448,G5312,G6030,G3136,G9723,G9742,G1010,G1095,G9484,G1542,G6100,G3221,G4973,G1703,G6152,G1944,G1935,G1030,G6011,G6095,G6120,G9847,G3442,G1987,G9507,59280,G9491,G1932,GP107,G9846,G5473,G6062,GP112,G9504,G5307,G5451,G9720,G3139,G3362,G3102,G1942,G9844,GP002,G1979,G1926,G8342,G8567,G9770,G9879,G1919,G1964,G9834,G5309,G8437,G1996,G9725,G3403,G3241,G1018,G5315,G8348,G8532,G8347,G1958,G6072,G9875,G5345,G1595,G1001,G9772,G9590,G9777,G9864,G9856,G9782,G6034,GP204,G9506,G3412,G5474"
113.95,24.15,0.89,0.81,573,"GF803,G4660,GF804,GF091,G9869,G1482,G4634,G9867,G8544,G1495,G4558,G4654,GF809,G9870,GF600,G4632,GF808,G9868,G9866,GF802,G4652,G2743,G4641,G4640,GF810,G1485,G2776,G1478,G8534,G9865,G4629,G2746,GF607,G1473,G9850,G1483,G1423,G4659,G4657,G4635,G9851,G2729,GF807,G9874,G4651,GF801,G4656,GF605,G2755,GR028,GF604,G4658,GF811,G4623,G4638,G4644,59094,G9873,G8558,G3368,G1481,G4624,G1421,G4655,G8539,G9750,G9852,G2780,G4631,G1084,G9871,G1499,59097,GR045,G2712,G1057,G2737,G9853,GF800,G2790,G2713,G1486,G9863,G9862,GR027,G9860,G8366,G1476,G4636,G8341,G1488,GF601,G8550,G8365,G4559,G3424,G8354,GR078,G9872,G2784,G3365,GF606,G3421,G4645,G4633,G1493,G4642,G5561,G1063,G9702,G9861,G8360,G1753,G9875,G9864,G2744,G9728,G8551,G3106,GF602,GR026,G1490,G4653,G3425,G9854,GP104,G8350,GF806,G3369,G9856,G9730,G2735,G9877,G9879,G1484,G4897,GF603,G9727,G8351,G9751,G1540,G9752,G2714,GL704,G1082,G1752,G9876,G4669,G8553,G9878,G4846,G4643,G9530,G1475,G2788,G1542,G2783,GP105,GR072,G8549,G5544,GF805,G2727,G9753,G9855,G4630,G2786,G9859,G9729,G4740,G4628,GP107,G1085,G9857,G4431,G1494,G3348,GR061,G4742,GL708,G4899,GP106,GR001,G4639,G8531,G8569,G4637,G5545,G3422,G8557,G1440,G1492,G1519,G4668,59290,G5541,G8340,G4618,GP115,59087,G8536,G8355,G8357,G1020,GR038,G2775,G2748,G4454,G2789,G2734,G9858,G2728,G4453,G4744,GR037,59088,G8546,G5556,GP108,G4620,G8533,G3349,GR024,GR039,G2773,G8361,G1468,GL709,G4625,G1517,G9827,G3423,G4527,G4528,GP209,G4416,G1750,G8552,G5547,G4646,G1491,G4650,G1428,G8548,G4748,G4847,GP206,GP113,G8352,G9731,GR025,GP203,GR076,G1409,G4896,G8348,G8532,G8347,G2782,GF094,GR074,GR036,G5552,G4665,GR060,G2787,G1469,G4502,G8358,59096,G3105,GP112,G4615,G4667,G4612,G4661,G2732,G4664,GL710,G1489,G1523,G2777,G2711,G4515,G1528,GF104,G5554,GP202,G2710,G5542,G5553,G4895,G1064,G3350,G8367,G1467,G1424,G4514,GL703,G2738,GF100,G1755,G4616,GP114,GL702,G8568,G4894,G4448,G3248,G5563,G9755,G2709,G2736,G1546,GP201,G5564,GP200,G8356,G8567,GL701,GR040,G4621,G4533,59082,G5540,G8362,G2785,G3163,G9732,G3427,G4619,GL707,GF101,G9531,G8530,G8315,G3243,G8561,G4666,GP210,GL706,G1429,G4617,G2791,G5546,G4734,G4975,G4845,G3323,G9735,G2768,G8547,G1444,G4614,G3127,G5551,GP110,GP111,G9733,G3351,G8342,G4622,G8353,G4613,59285,G3326,G3303,G9759,G2781,GR041,G9738,G4610,GA037,G8535,G4611,G3353,G9716,G1426,G3304,G9754,G1544,GP103,GF102,G8538,G3148,GL705,GR077,GP214,G3426,G3150,GF103,G1548,GA029,G4506,G1402,G1080,G4893,G5423,G1060,G9757,G4843,G5549,G9480,G3307,G5364,G9756,G2745,G1518,GF501,G4501,GR062,GR075,G4805,G3357,G1021,G9719,GA036,GA031,G4891,G9734,GA033,G5354,G4411,G4856,GF007,G1541,GF006,GA030,G5367,G9736,G3103,G3363,GA034,GP211,G4406,GA035,G4892,G9481,G4412,G5355,G5543,GP205,GR042,G1543,G2702,G4410,G9705,G4733,G8540,G9760,G2754,G4403,G2747,G3123,G4408,G1506,G5353,G4898,G1516,G9764,G1406,GP102,GA032,GP204,G9592,GP208,G9758,G3429,G3367,GF005,G5356,G1403,GR034,G1061,G4400,GR029,G4401,G4531,GP005,G4409,G9882,GP212,G1401,G5433,G4708,G5402,G5385,G9737,G1515,G5365,GP101,G4500,G5369,GP215,G3247,G5550,G4969,G3364,G3268,G1451,G9739,G4741,G2771,GF502,GP006,GP213,G5366,GP109,G8537,GF002,G8545,GF503,G3143,G9761,G2772,G3354,G4415,G4405,G4512,G4504,G3262,G5431,GR073,G9553,G3355,G5383,G8308,G9593,G1065,G1785,G5414,GF505,GR030,GR031,G4524,G5384,G4503,GF508,G3352,G4541,GF304,G4731,G3147,G5432,GF004,G9763,G1508,G4971,G1509,G5373,G4507,G9762,G5381,G3321,G1545,G1521,GP218,G1450,G4662,G3428,G3418,G4743,G1526,G1554,G3261,GF305,G9740,G4508,G5370,GF500,G1527,GF310,G4801"
113.95,24.62,0.89,0.81,492,"G1440,G4431,G4454,G4453,G4668,G4625,G4528,G4527,G1468,G9876,G4661,G4639,G9864,G9859,GF094,G9875,G4416,G1469,G4502,G4665,G4533,G1424,G9877,G1484,G4636,G1467,GF603,G1489,G4643,G9863,G4620,G1493,G4633,G4622,GF606,GF601,G1494,G4515,G4613,G9862,G9878,G1492,G9856,G4514,G4448,G4646,G4621,G4628,G9873,G4645,G9858,G9857,G4501,G9872,G1491,GF602,G4631,G1428,G4635,G9874,GF501,G9871,G9879,G4506,G9860,G4644,G4616,G1490,G4630,G9861,GF605,G9865,GF103,G8550,G4611,GF101,G4531,GF607,G8539,G4629,G1451,G1444,G1485,G1499,GF502,G1486,59094,G2755,G4504,G1402,G9854,G4512,G9850,G4640,GF503,59082,G4637,G9866,G4618,G9855,G8569,GF508,GF104,GF604,GF600,G1409,G4617,G4615,G4500,GF505,GF305,G4662,G4744,G9853,G4524,G4503,G4667,G4632,G9882,GF310,GF304,G4508,59090,G4507,G4406,G9868,GF500,G4410,G1542,GF002,G2744,G4641,G9851,G4666,G2746,G4510,G4642,G4412,GP108,G1495,G4523,GF006,G4408,G4400,G1450,G9852,G9867,G4409,G4638,G9869,G1406,G4610,G4612,G4411,G9870,GP106,G1429,G2776,G1401,G4403,G8544,G8558,G8551,G4405,GF102,GP107,GF506,G1473,GF100,G4664,G1488,G4415,G4447,G4511,G4509,G4623,G2775,G4634,GF804,GR072,G4438,G4656,GF007,G1443,GF005,GP115,G1442,G1439,G4526,G2728,G4439,G1482,GF504,G1441,G1420,G4442,G4441,G4619,GF309,GF803,GF802,G2790,G4513,G4401,G1445,GF091,GF001,G4899,57989,G4404,G4748,G1405,GP113,GR045,G1403,GF507,G4897,G4660,G8340,G4624,G4505,G1496,GF003,GF412,G1437,G4614,G1481,GF312,G4402,G4450,G4414,G4558,G4654,G1425,GF300,GF409,G4522,G8548,G1404,G2743,GP110,G4541,G9884,57996,G2727,GF303,G1427,GF301,59096,G8341,G4896,G8534,GP114,G8553,G4742,G4551,G8531,G1434,G4468,G4444,G4550,GP105,G8533,G4657,G1540,G1426,G9883,G9881,G4530,G4466,GF808,G8568,G4847,GF704,G4525,GP104,G4462,G1455,G2729,G4845,G1463,GF809,G4529,GF000,G4434,G4846,GF801,G1544,G2777,G4436,GF401,GF810,GR028,G8347,G8348,G8532,G1546,G4891,G4653,G4740,G1421,G4655,GF800,G4534,G1422,G4520,G8561,GF807,G2712,G4652,G4535,G8365,G1423,G4413,59097,G4559,G4659,GF411,59081,G2780,GF400,GF302,G1446,GF806,G1407,G4557,GF703,G8549,GP112,G4455,GF805,GR038,G4895,GF308,G4553,G1483,GR078,G1478,G4460,59088,G8546,GF405,GR027,GR026,GP111,G8536,GP109,G4407,G8547,G4658,G4467,G4432,G4552,GF004,G4422,GF410,GF202,G4651,G2735,G1476,G1448,GF707,GF811,G2713,GF307,G8350,G8354,G4463,G1435,GF092,G4650,GR037,G1411,G4569,GF201,G4554,G1465,G4459,G2714,G8366,G4517,G4605,G1449,G4464,G4669,G2737,G1475,GF306,G4547,G4568,G1419,G8567,G3368,G1459,G9750,G1431,G1453,G1452,G1084,G1057,G8557,G4549,G2747,GR074,G4546,G4862,G1557,G1454,G4443,G4893,G4898,G4521,G1474,GF702,G1417,G2788,G8552,G1461,57988,G4608,G1460,GR036,G4607,G2784,G4425,G8545,G1432,G4556,G8538,GP103,GF406,G4604,G1466,G4894,G1519,G5561,GF093,G8360,G4759,G2783,G4663,G1418,GF200,GR042,G4603,G3365,GF408,G4756,G4435,G3424,G2773,GP102,G8537,G8351,G4461,G1456,G4423,G1548,G3421,G8563,GL704,G1464,G8342,G4458,G4449,G1543,G4602,G1753,G1430,G4424,GP209,G4452,G9702,G3425,G1063,G4833,GP313,G1528,GF311,G9880,G4538,GR039,G1752,G1541,GF700,GR034,G2748,GF203,G4433,GF099,G9728,G3106"
113.95,25.08,0.90,0.81,363,"G1496,GF506,GF309,G4414,G4505,G4522,GF301,G4510,G4447,G1420,G4462,GF305,GF508,59090,GF310,G4504,G4523,G4662,G4413,G4530,G4520,G4512,G4509,57989,GF401,GF302,G4508,GF411,GF507,G1443,G1437,G1451,G4442,G4441,GF500,GF300,G1439,G4531,G4444,GF502,G4526,GF503,GF505,G4503,G4507,G4524,G1442,G4511,GF304,G4466,G4460,GF412,GF306,G1419,GF307,G1453,G4438,GF303,G4450,G4501,G4443,G4529,57996,GF312,G1435,G4622,G4425,G4434,G1450,G1445,GF410,G1455,G4439,GF501,G4467,G4613,G4521,G1446,G4500,G4423,GF409,G4422,G4533,G4506,G4424,G1427,G1407,G1434,GF002,G1422,G4525,GF311,GF093,GF504,GF103,G4468,G9882,GF400,G1425,GF001,G1465,G1448,G1417,G1424,G4661,G1452,G1441,G4436,G1449,G4432,G1467,G4463,G4611,G1459,GF308,G4513,G1402,G1469,G4502,G4528,G4621,G1418,G4527,GF094,G4625,G4665,G4400,G1489,G4410,G4459,G1405,G4409,G4404,G1468,G4448,GF405,G1430,G4455,G4514,G4406,G4405,G4408,G4453,G1474,G4416,G4412,G4454,G4415,G4515,G1444,GF406,G1406,G4605,G4568,G1401,G4435,G4603,GF201,GF202,GF000,G4668,GF003,GF101,G1461,G4607,G1440,GF006,G1431,G4431,G4458,G4402,G4616,G4464,G1404,G4620,G4647,G4403,G4639,G1463,GF703,G4646,G4449,G4569,G4617,G4411,59082,GF403,G9883,G4452,G9859,G1491,G1428,GF203,G4552,G9876,G4550,G4517,G1411,GF005,G9884,57988,G4663,G4604,G1456,G1492,G4610,G4608,G4602,G4666,G4461,G9858,G9881,G1454,G4553,G4609,G1494,GF404,G4456,GF104,G4551,GF200,G4401,G4560,G4433,G9877,G1484,G4643,GF102,G1432,GF603,G9864,GF205,G9875,GF007,G4628,G4615,G9857,GF206,G1409,G9878,G1429,GF408,G1403,G4667,GF704,G4546,G4541,G9856,G4636,GF707,G1493,G4633,G4519,G4630,G4562,G4451,GF606,G4534,G1433,GF407,GF095,GF601,G9863,GF204,G4618,G4637,G9879,G4744,G4612,GF602,G4645,G8569,G9862,GF100,59081,G9872,G1490,G4561,GP108,G4465,G4557,G9855,G9861,G9885,G4664,G9873,G4516,G4535,G4619,G8550,G9860,G4631,G9854,G9871,GF702,G9880,G4457,G1412,G4635,G9874,G4644,GF605,G8539,G1542,GF402,G4554,G1472,GF212,G1486,G1499,G1415,G1414,G9865,G1471,GP106,G4549,G1462,GF607,59094,G4614,G4548,GF099,G4629,G2755,GF210,G2775,G2744,G1413,G1485,G4536,G9850,G1464,GF604,G1410,G4642,GP107,G4565,GP110,GF098,G4640,G9853,G4563,G4547,G4748,G4518,GP113,GP115,G9866,G2728,G4606,G1426,G4600,GF600,GF211,G4648,G4407,GR072,G9851,G1458,G8551,G9852,G4544,G4632"
113.95,25.54,0.90,0.81,199,"GF311,G4424,G4423,G4425,G4443,G1453,G1419,GF306,G4521,GF307,GF093,G4413,GF302,GF411,G4520,G1435,G4460,G4462,GF401,GF301,GF410,G1417,G4530,G4522,G4414,G4467,G1430,G1496,G1418,G1452,G4505,G4444,G4422,G1465,G4466,G1459,GF309,G4647,G1449,G1437,GF300,G1446,G4529,G4435,G1448,G4434,G1420,G1407,GF403,G4603,GF506,GF507,G4463,57989,G4447,G1455,GF406,GF303,G4458,G4432,GF412,G1474,G1422,57996,GF400,G4442,G4441,G1443,GF206,G4509,G4450,G1439,G4459,G4526,GF205,G1461,G4510,G4607,G4560,GF312,GF308,G4449,G4525,G1442,G4523,G4456,G1434,G4568,59090,G4609,G4452,GF305,GF310,G1427,G4511,GF404,G4436,G4605,GF203,GF409,G4662,GF508,GF212,G4508,G4468,G4438,GF405,GF201,G1445,GF500,G1431,G4504,G4512,G4439,G4455,G4561,GF202,G1471,G4507,GF505,G1451,G4464,G1425,G4503,GF304,G4524,GF502,GF503,G4602,G4531,G1456,G4433,G1433,G4461,G1450,GF204,G4663,GF001,GF504,G4569,G4604,G4465,G4451,G4519,G1472,GF200,57988,GF211,G1441,G4608,G4606,G4600,GF210,GF000,G4513,G4501,G4565,G4500,G4562,GF002,G1454,G4457,GF407,G4517,GF703,G9885,GF095,GF501,G1411,G1432,G4622,G9882,G1405,GF408,G4404,G4552,GF402,G4506,G4613,G1463,G4648,GF103,GF003,G4516,G1412,G4533,G1404,G4402,G4405,G4400,G4409,G9883,G4415,G4546,G4553,G1402,G4611,G4410,G1413"
114.40,21.85,0.87,0.81,129,"G3725,G3640,G3668,G1134,G3674,G3582,G1154,G3626,G1140,G3566,G1159,G3563,G3625,G1277,G3979,G3794,G3666,G3535,G3578,G3525,G3567,G3512,G3724,G3776,G1129,G3514,G1146,G1172,G3793,G3631,G3978,G3713,G3580,G3977,G3799,G3524,G3747,G1120,G3545,G1173,G3659,G3581,G3536,G1130,G3742,G3645,G3522,G3779,G3523,G3789,G1149,G3775,G1162,G3577,G3726,G3773,G3627,G3723,G3533,G1121,G3519,G1125,G3511,G3552,G3576,G3534,G3549,G1195,G1179,G3976,G3774,G3544,G3730,G3721,G3778,G3797,G3752,G3585,G3669,G3579,G3762,G1174,G1191,G3975,G3540,G1177,G1135,G1133,G3527,G3517,G3798,G1142,G3641,G3658,G3695,G3761,G3521,G3687,G3974,G3501,G1186,G1144,59493,G3634,G3630,G3547,G3796,G1165,G1182,G3571,G1184,G3647,G1138,G1163,G3675,G3619,G3691,G1175,G3561,G3618,G3740,G3562,G3558,G1189,G3518,G3689,G1166,59490,G3624"
114.40,22.31,0.88,0.81,580,"G3725,G3640,G1154,G1134,G3674,G3626,G3566,G3582,G3563,G1140,G1159,G3668,G3512,G3525,G3567,G1172,G3724,G3794,G3666,G3625,G3536,G3578,G3535,G3627,G1162,G3545,G3514,G1125,G3544,G3723,G3730,G3511,G3742,G3762,G3533,G3549,G1133,G3695,G3726,G3799,G3659,G1165,G3687,G1146,G1177,G1163,G1173,G1138,G3524,G3571,G3552,G3796,G3517,G3689,G1129,G3631,G1174,G1120,G3792,G3793,G3534,G3623,G3577,G3541,G3789,G3581,G1137,G1182,G3747,G1144,G3522,G3523,G1121,G3721,G1149,G3624,G3779,G1181,G3798,G3787,G3554,G3775,G3776,G3580,G3576,G3749,G3527,G3753,G3518,G3774,G3579,G3773,G3558,G3788,G3630,G3758,G3731,G3560,G1130,G3797,G3538,G3621,G3713,G1147,G3519,G1166,G3778,G3645,G3761,G5303,G1135,G1184,G3542,G3719,G1171,G3754,G3760,G3737,G1175,G3669,G3508,G3658,G3547,G1161,G1188,G3649,G3743,G3752,G3691,G3678,G1185,G3506,G3739,G5960,G3634,G3683,G5330,G3562,G3501,59493,G3559,G3780,G3622,G3537,G3661,G3740,G3573,G3570,G3654,G1186,G3751,G3698,G3795,G5335,G1998,G1701,G3657,G6101,G3648,G1717,G3696,G3646,G3561,G1195,G1735,G3507,G3641,G3553,G5460,G3684,G1954,G6105,G3757,G3540,G6155,G3748,G3675,G3516,G1180,G3509,G1718,G3539,G5464,G3647,G6106,G1702,G1148,G3564,G3585,G1178,G3720,G3520,G5457,G1142,G3620,G6029,G5328,G3510,G5962,G3565,G3572,G3738,GB060,G1187,G3618,G1179,G3555,G3633,G3662,G1155,G3504,G3521,G6107,G3791,G1917,G3619,G5443,G3766,GL510,G6103,G3784,G3694,G3546,G5961,G5317,G5459,G5458,G6104,G6154,G3513,G3697,G3732,G5471,G3718,G5467,G3685,G3543,G3717,G1189,G6096,G5415,G5510,G3548,G5445,G3530,G6110,G1190,G3714,G3551,G3650,G3617,G3556,G5463,M0004,G5336,G6083,G1706,G6081,G1905,G1153,M0003,G3503,G1196,G3759,G1197,G5469,M9988,G3765,G1191,G5465,G3750,G5470,G5446,G3715,G5313,G1959,G3653,GL511,G5448,G3703,G3783,G6078,G1990,G5468,G3574,G3692,G6013,G6090,G1721,G5477,GB031,G3635,G1277,G6012,G3643,G3744,G1974,G1953,G5503,G3979,G6079,G6082,59490,G3699,G3502,59486,GL512,G3704,GL513,G5447,G1145,G5521,G1906,G6131,G5442,G3702,G3693,G6091,G3727,G3978,G5964,G3768,G3977,G5963,G3701,G6028,G5466,G3764,G6005,G3531,G3733,G1132,GL509,G3671,G1156,G6006,G5475,G3575,G3528,G1139,G3734,G3976,G1164,G3569,GL502,G5472,G5441,G1170,G3722,G1183,G3682,G3680,G6080,G5474,G1955,G3975,G1958,G5440,G6033,G5519,G5449,G3728,G3515,G1151,G1143,G5502,G3681,G3636,G5476,GL503,G1979,G3790,GL516,G6095,GL505,G3664,G3688,G3568,G3529,G3974,G5461,G6011,G1930,G5523,G1976,G1734,G1733,G6219,G1131,G1968,G5473,G6030,G5506,G3557,G1152,G5456,G6069,G5454,G3686,G5308,G3746,G5339,G6117,G5316,G5451,G6034,G1176,G1193,G3663,G5344,G1991,G3756,G3614,G3550,G6070,G6098,G3526,G5302,G3973,G3785,G3628,G6114,G5338,G3781,G5343,G6062,G1916,G1824,GL504,G1294,G1211,G1136,G5444,G1942,G6068,G6113,G1124,G6057,G5340,G5959,G1229,G5315,G3656,G3532,G6102,G5320,G6058,G5312,G6085,G5450,G1951,G9748,G1116,G1914,G5321,G1227,G3972,G3583,G9535,G6061,G5968,G3971,G1114,G1739,G5958,G6115,G9818,G5337,G2073,G3998,G5957,G5515,G1119,G5504,G1243,G3981,G6060,G5342,G1282,G1987,G1722,G1228,G3970,G3673,G9749,G1194,G1209,G5327,G9718,G1984,G1236,G1818,G1985,G3629,59492,G1126,G5307,G1960,G1091,G1902,G3992,59298,G3997,G6067,G9521,G1943,G4005,G1927,G5322,G1946,G6024,G3769,59488,G6086,G1276,G6156,G3211,G1911,G6048,G1215,G5326,G1944,G1719,G3655,G1285,G1204,G5341,G9574,G1910,G5325,G1980,G2074,G5452,G6066,G5306,G1233,G1270,G1986,G3632,G1859,G6063,G5300,G1933,G1901,G5455,G1244,G3208,G3212,G6059,G1932,G6040,G9534,G6123,G3637,G9520,G5305,G6065,G2052,G5945,G1212,G1017,G1122,G3996,G1720,G1223,G5393,G6143,G1118,G1115,G1716,G5522,G6210,G1957,G2089,G6047,G1271,G1972,G1965,G1272,G1950"
114.40,22.77,0.88,0.81,997,"G3657,G3795,G5464,G3654,G5460,G3646,G3537,G5457,G5443,G1702,G3754,G3542,G3683,G3516,G3662,G3731,G5303,G5463,G5445,G3719,G5458,G3520,G1717,G3539,G5469,G5467,G3538,G3508,G3749,G3788,G5465,G5459,G3622,G5448,G3633,G1181,G3792,G1147,G5470,G1721,G3780,G1701,G3689,G3787,G3748,G1163,G3753,G1138,G1165,G1171,G5471,G3623,G5447,G5446,G3564,G3695,G3570,G3762,G3544,G3541,G5468,G3730,G5477,G3627,G3571,G1185,G5475,G5328,G3509,G1137,G5472,G5330,G3760,G3687,G1133,G3685,G5466,G1718,G1162,G1125,G3661,G3536,G6155,G5442,G3511,G5441,G1959,G3678,G3796,G1954,G3723,G5440,G3512,G5476,G6083,G1172,G6101,G3554,G5474,G3549,G3621,G5961,G3649,G3533,G3624,G5449,G6106,G6081,G1177,G3545,G3525,G6105,G5473,G5317,G1974,G1998,G5308,G6029,G3560,G5451,G3737,G3567,G5313,G5963,G3517,G5960,G3742,G5456,G6078,G3563,G1905,G6107,G6082,G3724,G1958,G5344,G6104,G3758,G6079,G1917,G5461,G3566,G5454,G1182,G6005,G5302,G6090,G6131,G3726,G5339,G1159,G5962,G3666,G6154,G6096,G5336,G3794,G3743,G5316,G5343,G3578,G1174,G3559,G6103,G3518,G5315,G5338,G5964,G5320,G3535,G1148,G1144,G3514,G5312,G1154,G3659,G6012,G6069,G3558,G6110,G1140,G3552,G1161,G6091,G3507,G6070,G5321,G1953,GL509,G5337,G3625,G1733,G5444,G3573,G3799,G1930,G1990,G3626,G5450,G6095,G3732,G3725,G6080,G1173,G3791,G1166,G3506,G6028,59298,G1991,G6114,G5342,G5307,G5322,G1979,G3534,G6013,G3510,G6117,G3524,G3640,G3798,G6011,G1719,G3582,G5521,G1722,GL512,G3674,G1955,G3739,G3630,G5452,G5340,G3696,G6068,G1146,G3721,G1180,G5306,G1134,G3577,G1735,G6030,G5300,GL504,G5327,GL505,G1120,G3513,G3751,G3789,G5305,G3543,G1121,G3527,GB031,G1184,G1188,G1716,G3631,G3572,G5325,G3750,GL510,G3581,G6113,G5323,G3523,G1710,G5341,G1914,G3522,G3579,G6115,G3620,G1906,G1175,G6098,G1129,G1149,59492,G3793,G5455,G1190,G3779,G3698,G3774,G6006,G3747,G3761,G5504,G3576,G5326,G1739,G5957,G1951,G3797,G3775,G6033,G1927,G3553,G1720,G1155,G3783,G5345,G3691,G3668,G1946,G3551,G5502,G5515,G1135,G1711,G6067,G3547,G3773,G5335,G1968,G6086,G6066,GB060,G3778,G6034,G3744,G5393,G3562,G1164,G3519,G5462,G3701,G1916,G3658,G3580,G5503,G5395,G6102,G5439,G1178,G5438,G3764,G1130,G3574,G3684,G1976,G5311,G3669,G3722,G3693,G1980,G1712,G3740,G5422,G3634,G3776,G1957,G6065,G3653,G3528,G6062,G1714,G6063,G3645,G3766,G3713,G6061,G5301,G3752,G5394,G3727,G1799,59297,G3501,G3565,G3648,GL513,G3504,59493,G1902,GL508,G1942,G3635,G3617,G5309,G6073,G1988,G3515,G6024,G1965,G1706,GL506,G1741,G5310,G5396,G1156,G3757,G1784,GL516,G5437,G1170,G1186,G1986,G3503,G1187,G3569,G1798,G5517,G1797,G3703,G3686,G1984,G3561,G3548,G6040,G5959,G1943,G1972,G3531,G1183,G5522,G5418,G1908,G1143,G3529,G1734,G3720,G3694,GL511,G1176,G1950,G6064,G5500,G1987,G3502,G5945,G3728,59486,G3568,G1715,G1132,G1937,G3675,G3532,G3784,G3702,G1925,G3790,G3738,G5406,G1193,G1780,G3682,G1779,G5958,G6022,G6038,G3641,G6074,G5519,GL256,G6156,G6025,G3756,G1131,G5397,G3546,G3692,G3647,G6085,GL251,G5412,G3530,G3765,G5390,G1910,G3555,G1939,GL257,G5409,G5415,G5510,G3733,G6093,G3656,G3785,G1944,G6039,G1773,G1703,GL255,GL503,G1791,G1195,G5436,G5506,G1126,G3540,GL254,G3718,G3664,G3550,GL502,G1941,G3583,G3618,G3759,G5361,G3714,G3671,G5405,G3697,M0004,G5379,G1913,G1116,G1940,M0003,G3699,G6047,G5944,G3717,G1124,G1153,G1196,G1197,M9988,G3650,G6057,G3557,G1142,G1743,GL253,G1932,G3768,G3585,G5392,G1744,GL252,G6037,G1194,G1705,G3575,G3655,G6035,G1151,G6048,G6060,G5523,G3715,G3619,G5359,G5391,G3628,G1145,G5398,G3663,G1977,G3688,G3643,G1818,G3781,G5404,G1960,G6026,G6016,G3556,G6023,G1952,G5435,G6036,G3521,GL507,G3636,G3681,G5501,G6009,G3629,G3734,G1933,G1787,G1189,G5363,G1824,G1866,G3746,G1139,G6014,G5357,G3680,G1179,G5417,G5380,G6015,G5388,G6046,G1119,G1747,G6027,G5434,G6058,G6123,G6094,G3704,G1152,G1928,G5425,G5401,G3637,G1911,G1981,G3526,G1783,G1786,G1962,G6021,G1114,G6144,G5314,G1918,G5413,G6120,G1859,G1774,G3769,G6043,G3673,G1136,G5427,G1992,G5362,G3614,G5968,G5378,G6163,G5400,G1742,G5416,G1949,G1115,G6020,G1912,G1985,G3741,G1740,G1793,G3615,G6162,G6001,G6044,G3632,G6059,G6042,G1993,G6076,G5358,G1118,G5324,G5430,G5382,G1748,G5389,G1117,G1821,G5507,G1122,G5403,G6054,G5429,G1792,G5375,G5387,GL501,G3638,G1973,59289,G1921,G5352,G1995,G3660,G1587,G5954,G6045,G5955,G5953,G1901,G1935,G1745,G1127,G5386,G3670,G6132,G3642,G1922,G3153,G6055,G1707,G1191,G5956,G3154,G9598,G1923,G1963,G1934,G6143,G1994,G6099,G1964,G3755,G3735,G1713,G5350,G5407,G1909,G9536,G1788,G1864,G5384,G6219,G5381,G6092,G1785,G5410,G5432,59490,G6077,G5360,G6050,G1775,G1123,G5383,G1997,G6148,G1826,G9748,G5952,G3665,G1591,G9749,G6052,G5512,G6071,G1704,G5940,G6010,G6130,G5376,G1586,G5424,G1920,G1961,G6056,G1924,G3644,G9535,G5351,GS013,G5431,G6049,G1091,G9520,GS014,GS003,G6097,GS005,GS015,G1971,GS001,G9583,G9596,G5419,GN040,G3212,G3208,G9534,G1731,G3613,G6112,G1978,G6017,G3122,GS002,G1128,G1966,G5374,G6088,G9595,G6032,G5433,G1936,G6053,G1948,G5385,G6100,G1996,GS006,GN006,G6142,GS012,GS004,G1746,G9519,GS011,G5399,GS008,G1989,G6041,GS009,G9818,GN007,G5639,G3318,GS010,G3652,G1915,G6089,GS007,G5365,G5377,G6051,G1083,G5513,G5411,G6031,G1982,G3147,GN005,GL514,G5550,G9521,G9503,G1749,GN008,G1789,GN002,G1072,G5371,G1967,G9574,G1598,GN004,G1956,G3245,G9718,G1592,G5508,G1017,G9549,G3267,GN009,G1904,GN010,G3211,G3269,G6084,G5950,G1023,G5373,G3317,G6152,G5951,G5965,G1277,G1970,G1945,G1782,GN012,G6072,G6018,G5372,G1794,G3979,G1931,G9550,GN015,G3202,G1588,G3201,G5353,G6007,GN001,G6008,G1882,G2073,G5967,G1803,GN014,GN016,G5368,G9552,G3121,G9533,GN003,G1926,G5356,G1983,G1947,G3268,G5366,G9744,G9743,G6019,GN013,G5402,G9593,G6151,G1796,G1830,G3978,GA026,GA017,G5949,59294,G3308,G3300,G3977,G1929,G9522,G3319,G5549,G5969,GN011,GA021,G9840,GL705,G9717,GN037,G6153,G1813,G3338,G1090,G5408,GN017,G1572,GP002,GA013,G5543,G5625,GA019,GA010,G6210,G5414,G6000,G3239,G5428,G1573,G6128,G9765,GA015,G1294,GA020,GA025,G3152,GA011,G1078,G5966,G1048,G9532,GA016,G9540,GA012,G9551,GA028,GA038,G3118,G9839,G3976,GP003,G3210,GA022,GA027,G3120,G1795,GA009,G2074,GA024,G3205,GA023,G1211,G1061,GP004,G5367,G6075,G1062,G1781,G1790,G5947,G2052,GA018,G2049,G3975,G1065,G3115,G3124,GA008,G5948,G5370,G5946"
114.40,23.23,0.88,0.81,1095,"G5396,G1798,G5301,G1714,G1712,G1797,G1799,G5311,G5409,G1743,G1791,G1711,G1787,G1710,G5417,G5323,G5422,G1716,G5380,G1744,G5305,G1715,GL256,GL252,G1783,GL253,G5300,G5427,G5452,G1742,G5418,59297,G5363,G5379,G5306,G5395,GL254,G5401,G1719,G5362,G5322,G5378,GL255,59298,G1748,G5405,G5434,G5310,GL257,G5382,G5337,G5375,G5307,G1745,G5345,G5394,GL251,G5324,G5416,G5312,G5320,G5462,G5309,G5315,G1788,G5410,G5436,G5342,G5321,G5381,G5325,G1703,G5352,G1704,G5343,G5302,G5350,G5430,G5455,G1785,G5451,G5435,G5376,G1741,G5374,G1722,G5308,G1720,G5344,G5450,G5341,G5407,G1713,G5338,G5439,G1705,G5397,G5399,G5473,G5429,G1780,G5419,G5365,G5456,G1746,G5444,G5476,G5351,G5327,G1789,G5359,G5411,G5383,G5403,G5384,G5412,G5371,G5361,G5454,G5433,G1749,G5472,G5339,G5373,G5316,G5438,G5314,G1779,G5353,G5440,G5393,G5500,G5372,G1784,G6070,G5441,G5356,G5326,G5366,G5402,G5449,G5474,G5413,G5432,G5425,G5358,G1773,G5461,G5385,G5437,59492,G5475,G1794,G5517,G5377,G1796,G5357,G5431,G5386,G5549,G5414,G5340,G6114,G5404,G6066,G5368,GL508,G1927,G6069,G6068,G1946,G5408,G5367,G5466,G5447,GL705,G6115,G5355,G1991,G5398,G1782,G1958,G1988,G1957,G5406,G6086,G5428,G5370,G5504,G1591,G1733,G5448,GL504,G1914,G1721,G1586,G6067,G5364,GP004,G6065,G5957,G5442,G5360,G6113,G1774,G5354,G5465,G5369,G1908,G5470,G1930,GL506,G1790,G1739,G6117,G1781,G5469,G1572,G1587,G5463,G5423,G5550,G1795,G1980,G5546,G5390,G5400,G5477,G5515,G1786,G5468,G5391,G6073,G1951,G6095,G5446,G6063,G1501,G5445,G6025,G1965,G5963,G1941,GP003,GL707,G5392,G5467,G5443,G6064,G6011,G6005,G5458,GP002,G1979,G6022,G5563,G6030,G6098,G5459,G5389,G3662,G1959,GL702,G3147,G5388,G6080,G5553,G5540,G1588,G1939,G5457,G1940,GL706,G1974,G5464,G5543,G6131,G3633,G5471,G1702,G1598,G6082,G1972,G5424,G1925,G3520,G1775,G4801,G5964,G1977,G1507,GL505,GL509,G3516,G5542,G5460,G6079,G1986,G5554,G6074,GL507,G3539,G6083,G6102,G5522,G1747,G3268,G6040,G1902,G3646,G3657,G3685,G1955,G5387,G5944,G6026,G1592,G5507,G6078,G1740,G6091,G3795,G5313,G6024,G1950,GL703,G6081,G1717,GP001,G6023,G3654,G1916,G6090,G1937,G3748,G9536,G3537,G6027,G6028,G3564,G4902,G6038,G1573,G3150,G5551,G6016,G9593,G1962,G6061,G1793,G5328,G6039,G1905,G3683,G4822,GP201,G5564,G1580,G4975,G1582,G4843,G5945,G4708,G9598,G3153,G6012,G9595,G6021,G3622,G1701,G3269,G5961,GP514,GL514,G6034,G1792,G1953,G1061,G1912,G1083,G3509,G6144,G1718,G5552,G1943,G1928,G3780,G5317,G6020,G3148,G1968,G1952,G5336,G3754,G6014,G6062,G3542,G6035,G6093,G3508,G6155,G1755,G4803,G1984,G5521,G1523,G3719,G5556,G5547,G5303,G1990,G3570,G1992,G1954,G6104,GP005,G1595,G6096,G6076,G4900,G1942,G6033,G3318,G5501,G3731,G6107,G6015,G1913,G9596,59294,G3245,GL710,G5502,G3317,GL512,G6106,G3538,G1917,G6029,G6154,G3788,G1147,G6101,G6013,G3749,G6043,G1065,G3661,G9592,G3154,G1993,G5330,G1171,G6094,G1731,G6105,G4706,G1185,G5541,G6110,GA033,G1976,GL709,G9583,G6103,G6006,G1181,G3122,G3753,G1981,GA032,G1973,G5962,G6037,G6036,G3787,G6009,G1934,G1987,G3760,59290,G3338,G1910,G3678,GP203,G5513,G1998,G5959,G1906,G3792,G6156,G1508,GP202,GP200,GB031,G3689,GL701,GA034,G9553,G3649,G3732,G1148,G3623,G6148,G1164,G1506,G4734,GA035,G6047,G4733,G1944,G1163,G1949,G3541,G1138,G3791,G3267,G5960,G1963,G1596,G1165,G3300,GL501,G6042,G1707,G3247,G1137,G5545,G5544,G3750,G9743,G9744,G3621,G3722,G1961,G1995,G1918,G5958,G5508,G4805,GA036,G3737,G3571,GS001,G3695,G3554,G1509,G3532,GS003,GA030,G3507,G1994,G3559,G6077,G3323,G3701,GS002,G4856,G6044,G3762,G1932,GS005,G3687,G1921,G3560,G1948,G3624,G3544,G3686,G3510,G1126,G1571,G3730,G3796,G3764,G3743,G3543,G1133,G1923,GA031,G3513,G6046,G3783,G4731,G6045,G5512,GS004,G3627,G6085,G4901,G1750,G1060,GL516,G3758,G3124,GS006,GS013,GA029,G3573,G1502,GS015,G3528,G1125,G3515,G6010,G3321,G1162,G1023,G5953,G3744,G3511,G5956,G6092,G1909,G5954,GS008,G5955,G1594,G1176,G3723,GL708,GA002,GL510,G3536,GS014,G6162,G3693,G1920,G1526,G1177,GP206,G6163,G1936,G1161,G1190,G3549,G3319,G1734,G1978,G5503,G3656,G1180,G1527,G3143,G1922,G1866,G1752,G3533,G3517,GS007,GS012,G1182,G3248,GS009,G1924,G3655,GS011,G3572,G3529,G9727,59293,G3518,G6041,G6048,G6052,G1170,G3696,G3266,G6120,G3583,G1172,G3506,GP006,G1735,G6050,G6132,G1193,G3545,G3756,G3512,G3727,G3558,GS010,G3551,G9594,G6001,GP210,G3620,G1144,G3742,59289,G1933,GL704,G3569,G6051,GP510,G3574,G1143,G1174,G9530,G3785,G1194,G3615,G1116,G1156,G3525,G3568,G1578,G3726,G1753,G1166,G5965,GL513,GA026,G3751,G1971,G3567,G1155,G1183,G3739,GP507,GA025,GA017,GA037,G3724,G3369,GP506,G6123,G6060,G6017,G3653,G1818,G3163,G1960,G3552,GA001,G5940,G3728,G1131,G3790,G9728,G3152,G1124,GA020,G3144,G1597,GA028,G5561,G3659,G3666,G6089,G3637,G3794,G3550,GA013,G6057,G3105,G3578,G3741,G3563,GA021,G3514,GA027,G1935,G3103,GA019,G3348,GA011,G3798,G1931,G3635,G6049,G3320,G3535,G6099,G3630,GA022,G3799,GB060,G1188,G3531,G3553,G3629,G3421,G3698,G1159,GP509,GP508,G3534,G1517,G1173,G3566,G3243,GA016,GA023,GP213,GA010,G9704,G5506,GA012,G1184,G3261,G6084,G1864,G9733,G5969,G9751,G1964,G1983,G3682,G3721,G1970,G1576,G1859,G1821,G5519,G3625,G3524,G1175,G3527,G1115,GA015,G3577,G1128,GP214,G6007,G6032,G1117,G3642,G1063,G1911,G1581,G1915,G6054,G1132,G1178,G1140,G3644,G4973,G1022,G1956,G3151,G5335,G1121,G3664,G3106,G3789,GL503,GA024,G1123,GA009,G9531,G1120,G3617,G1146,G3579,G1982,G1154,G1945,GP208,G3628,G3766,G3691,G3761,G1119,G5505,G1706,G3703,G1062,G3781,G3660,G3581,G3523,G3769,G3322,G3557,G3349,G3631,G4969,G6100,G3774,G3503,G3522,G3684,G3702,G3626,G3351,G3755,G1149,G6000,G5509,G3504,G6071,G3328,G3797,GA008,G4735,G3576,G1118,GA018,G3779,G3547,59486,G3502,G3562,G1082,G9764,G1996,G3424,G6059,G3357,G9585,G6031,G3793,G3670,G3775,G3565,G3350,G3663,G1135,G3747,G1503,GP500,G1129,G1824,G9776,G3632,G4736,G3673,G3733,G3582,G3638,G6058,G9702,GL502,G3725,G3146,GL511,G6112,G9562,G6130,G3778,G6018,G9512,G3658,G1114,G1929,G1084,G3773,G5523,G1122,G5966,G6019,G3548,G3640,G1519,GA014,G3740,G9556,G3674,G3229,G5511,G6008,GP505,G3519,G3304,G9784,G9783,GN037,G3648,G6053,G1985,G6055,G1134,G1085,G9734,G6152,G6002,G3634,G3162,G1947,GP209,G3669,G1127,G3688,G5947,G5948,GP513,G1187,G9755,G5968,G1151,G9591,G6153,G9732,G3580,G6097,G3671,G1130,G1516,G1476,G3429,G3757,G3746,G1907,G3735,G6151,G6072,G3692,G9763,G5639,G3501,59493,G5946,G1826,G9827,G6128,G9557,G3250,G9560,G3234,G1975,GN040,G3752,G3526,GA007,GN002,G1926,G4658,G1136,G1882,G1020,G3694,G5950,G3233,G1904,GP211,G4669,G3665,GN006,G3645,G1475,G3636,G3681,G0816,G1901,G6127,G4651,G3765,G3428,G6056,G9716,G1064,G9711,G3776,G1989,G3713,G1186,G9514,G5625,59285,G9586,G3575,G1152,G9558,G3561,G3720,G1997,G3368,G3784,G3668,G9741,G3226,GN005,G9584,G1079,G6126,G9774,G3768,G6143,G6087,G3614,G9730,G0817,GA004,GN004,G9561,G3613,G3329,G3699,G3230,G3530,G5952,GN007,G3332"
114.40,23.69,0.89,0.81,686,"GP201,GL703,G5540,G4975,G1523,G5423,G5354,G5364,G5554,G5547,GP203,G5355,GP202,G4843,G5367,G5369,GP200,GL702,G5546,G5402,G5556,G4734,G5366,G5356,G5545,59290,G5414,G5353,G4708,GP206,G5373,G5370,G5549,GP005,G5553,G1796,G1789,G5372,G4801,G5371,G4805,G5365,G4733,G1501,G5563,G1506,G5408,G5374,G1752,G4856,G5544,G5399,GL704,GP210,GP004,G5411,G1517,G1749,GL705,G1507,G5368,G1794,G1580,G1704,G5410,G1788,G1790,G5541,G1508,G1746,G5428,GL707,G1781,G4803,G1745,G5381,G5376,G5542,G4706,G1509,GP001,G5561,G5419,G1519,G4731,GP006,G1785,G1748,G1795,G5375,GP214,G5350,G5433,GP209,G1526,G1753,G5382,G1527,G5351,G1742,G5427,G4669,G1475,G1502,G1572,G5324,G5377,G5407,G1782,G5362,G1476,GP213,G1713,G5378,G5352,G1783,G5552,GP208,G5417,GL706,59293,G5380,G9727,G1787,G5401,G4969,G5385,G5383,GP003,GL709,G1528,G5416,G3421,G5363,G4658,G5384,G9728,G5434,59097,G1516,G5430,GP211,G4559,G1743,G4973,G5564,G3369,G1595,G1571,GF800,G1744,G1421,G4655,GL710,G5429,GL252,GF806,G5431,G9530,GF807,G1755,G4659,G1423,GL253,G1084,GP002,G4651,G5432,GL708,GF801,G1582,G1791,G1063,GP514,GP212,G5409,G5403,GP205,G5379,G5551,G4653,G4902,GP510,GF805,GL254,G5550,G4657,G3106,G3424,G5405,G1518,G1503,GL256,G5543,G9751,GL255,G5386,G1798,G1797,G1715,G4894,GP204,G3150,G5435,G5396,G4735,GP104,G1750,G3368,G1586,G9702,G4822,GL257,GF808,G1591,G4846,G3148,G1588,G3348,G4650,GL251,G4740,G5358,G5301,G5418,G9750,G1481,GL701,G1799,G5436,G1714,G5314,GP218,G1521,G1540,G1705,G1712,G1082,G4654,G5360,G1703,G5311,G4624,G4736,G3268,G4901,G5413,G1478,G1057,G5359,G3147,G5422,59297,GP105,G1515,G5310,G1576,G5425,G4652,G1598,GP509,G4892,G1061,G1573,G3365,GF802,G1711,GA033,G1512,G3323,GF809,G3248,G5397,GP215,G5395,G5357,G1587,G5361,G5309,G5394,G4900,G1504,G9593,G4971,G1780,G3105,G1085,G4656,G9730,G1592,G1710,GF091,G9592,G5323,G4742,G1597,G5412,G5404,G4968,G3349,GA034,G1716,GA032,GP101,G4623,GA035,G1741,G5305,G1548,G4897,G1473,G5462,GA036,G3425,G1483,G1541,G5300,G4660,G5345,GP219,G4634,GP217,GP112,G3163,G1779,GF803,G5452,G5306,GA030,G1774,G1060,GA029,GP216,G5424,G1773,GP505,G1719,GA031,G1065,G5398,GF811,G9729,GP103,G1020,G5500,G1488,G5400,G5322,G3269,G2737,G1775,59298,G9870,G3243,GP508,G4741,G1505,G4895,G4739,G4638,G3247,G1522,G9752,G5439,G1786,GA037,G1513,G2784,G9827,GF810,G5307,G4970,G9553,59294,G5325,G9852,G5455,GL514,G3350,G1543,G1578,G5337,G1720,G1784,G1594,GP507,G5389,G9531,G9733,G8360,G4847,G9851,G1083,G4641,G9753,G5342,G5517,G5341,G5312,G4972,GP221,G5437,G5320,G1495,G4558,G5438,G9868,G5315,G4893,G1545,G9595,G5321,G5391,G9869,G1581,G1722,G3317,G5406,G4899,G9755,G9731,GF804,G3103,G3351,G5393,G3143,G9853,G1482,G1596,G1514,G3245,G3338,GL508,G9536,G3423,G8366,G4642,G9732,G5387,G1064,G5343,G5450,G4896,G5327,GP102,G3422,GF604,G1520,GP506,G3321,G5302,G5388,G2713,GP207,G5507,G5326,G1546,G5392,GP220,G5338,G3318,G5390,G9867,GP111,G4824,G1988,G9850,G5451,G5444,G5344,59096,59304,G4640,G1941,G5308,G6066,G1524,G1908,59094,G3304,GP107,G9598,G3357,GP222,G1740,G3153,GR028,G8351,59492,G4743,G8534,GA002,G1547,G1499,GP115,G1957,G2743,G5473,G1589,G1486,G6025,G1927,G5456,G3427,G2729,G1570,G1946,GL506,G9596,G8544,G1485,59285,G1747,G2780,GF600,G9866,G9734,G6065,G5454,G5339,G9764,G2732,G5316,G6070,GF607,G9716,G4974,G1977,G3300,G5476,G6086,G1542,G5340,GL507,G3326,G1940,G1792,G4898,GP114,G6022,G1793,GP106,G2786,G6064,G4644,G6115,G1511,G6073,G1731,G6067,G6114,GR027,G5513,G9743,G9744,G8354,G3261,G6068,G1510,GP500,GP503,G4632,GP113,G5504,G4748,G9594,G9854,G9860,GP305,G4825,G6026,G2782,G3124,G1939,G1556,G5472,G2734,G1980,G3122,G1965,GR001,G1554,G4920,G5440,G9583,G6027,G5461,G1962,GP304,G1914,G5957,G6063,G1912,G2712,G4752,G3429,G6023,G3267,G5441,G5449,GP504,GP306,G6069,G3127,G9480,G3266,G5474,G1991,G9861,GA001,GL504,G9865,G1739,G3307,G6021,G5944,G1525,G9481,G4957,GR061,G3320,G4635,G6020,G6113,G4845,G5515,G6144,G1925,G8361,G3154,G1490,G9735,G6016,G9704,G5475,G6074,G2710,G5508,GR076,G1733,G1951,G9855,G6076,G3151,G9759,G1928,G1972,GP513,GF602,G6117,G1958,G9760,G4645,G4956,GR078,G1992,G2783,G9763,G4925,G3367,G1934,G2776,G5466,G1930,G9512,G8358,G9862,G6014,G5522,G1564,G1080,G3319,G5447,G4629,G1993,G1973,G1986,G3303,G1952,G4821,G6040,G9761,G3428,G1544,G1950,G6148"
114.40,24.15,0.89,0.81,514,"GF805,G4846,G4740,GP104,G1540,G4653,GP105,GF806,G4742,G4650,G1475,G4897,G4559,G4669,G1481,G4624,G1519,GF800,G4894,GP112,GP209,G1528,G1488,G4847,59097,G4899,G1421,G4655,G4895,G4623,G4656,G4657,G1517,G4896,G1476,GF801,G1473,G4638,G9852,GP107,59096,GP115,G4642,G1546,GF802,GP103,GF807,G1548,G9853,GP106,G9851,G1542,GP111,GP113,G4748,GP206,GP114,G1518,G1541,G4893,G1423,G4892,G4659,GL704,GF604,G4641,G4654,G4658,G1543,GP210,G1486,GP205,G9854,G9870,G1499,GP214,GP211,59094,G4845,GP204,G9855,GP101,G1515,G4634,GF808,GP102,G1752,GP215,G9850,G9861,G9868,G4741,GF091,G9860,G5545,G1490,G1516,GP212,GP202,GP203,GP108,G4898,GP200,G5561,G1495,G4637,G4644,G4734,G4744,G4640,GF602,G1544,GP208,GP110,G4971,GF607,G4645,GF803,G4651,G1545,G4969,G1485,G4856,G1521,G4805,GP218,59290,G1523,G4743,G9869,G4891,G9856,GP213,G5547,G1554,GP219,G9857,G4660,G9862,G5544,G4970,GF601,G4733,GP201,G1753,GP006,G4635,G1547,G9866,G4975,GP305,G1506,G4633,GF600,G4739,G9867,G5556,G9865,G4643,G1512,G1084,GL703,G1494,G9858,GF809,G4843,GP109,GF603,GF804,G4759,G1484,G4652,G4973,G4731,GP005,G4756,G3421,G1526,G4831,G1527,G9863,GP303,G1513,G1509,G1478,G1482,G5554,GP216,G4862,G4632,G4708,G5540,G1508,G3368,G4754,G1520,GP304,GP217,G9728,G1556,G1502,G4636,59293,G4833,G8544,G4646,G9874,G9859,G9727,G5541,G4558,G4933,G4629,G9750,GL702,G9864,G1557,G4968,G1503,G1063,G3369,G3424,G9873,G5423,G4706,GP306,G4755,G1514,GF605,G5354,GP220,G4752,G1483,G4803,GF810,G1057,G1522,G5546,G5364,G3106,G1580,G4801,G5553,G5369,G1559,G4515,G9875,G9530,G9702,G5355,G4416,GP313,G2755,G2746,G4631,GP314,G4735,G4514,G2743,G2776,G5367,59099,G4448,GF811,G1444,G9871,G1507,G5563,G8534,G8539,G1489,G9751,G1504,G4753,G4668,G3365,GF606,G1440,G1501,G1493,G4431,G5370,G1571,G9876,G4858,G1468,GF094,GP001,G4758,G4502,G1469,G5414,G2737,G2729,GP300,G5402,GP207,GL708,G5542,GP510,G5366,G5356,G4751,G4454,G4920,GR028,G4972,G4832,GL709,G5549,G4527,G1082,GL707,GP222,G5353,G1467,G9872,G9877,GP004,GP308,G4736,G5552,G1796,GP302,G4528,G5408,G4453,G5373,G8558,G8550,GP221,G1790,G5372,G2780,G2784,G4859,G2713,G1781,G1552,GL705,G9730,G8366,G3425,G4625,G3348,G4861,G1789,G5428,G5371,G1511,G5368,G2712,G8360,G5365,G1536,G1524,G1794,GR045,G4639,G4757,G1595,G1749,GR027,G5411,G1795,GL710,G2790,G5399,G5374,GP309,G9878,G4506,G4855,GL706,G9752,G9879,G1085,G5564,G8354,G1750,GP307,G1755,G4854,G4533,G1746,G1550,G1576,G4661,G1553,G1572,G2744,G1551,G8341,GR078,GF501,G1704,G8365,GP312,G9729,G4956,G1505,GP509,G5410,G1564,GP003,G4750,G4958,G5376,G1788,G1782,G4500,G5419,G4628,G5381,G8551,G4919,G8351,G9753,G5433,GP514,G1582,G1745,G5377,G4630,G1492,G4501,G1785,GP445,G4957,GP301,G4860,G3349,G1020,G5351,G5551,G5350,G4665,G1510,G4620,GR026,G4974,G4902,G8350,G4901,GP505,G5375,G4925,G1748,G1424,GP311,GL701,G5385,G4513,G5407,G3422,GP002,G4835,G1713,G1441,G3105,G5382,G4710,GP444,G2786,G2735,G4715,G4718,G1450,G5352,G2783,G4837,G9827,G5383,G4852,G2714,G4622,G5324,G1597,G1558,G8569,G3248,G1742,G4926,G2788,G5427,GF504,G4915,G1590,GR072,G5362,G3150,G5378,G5384,GR001,G4618,G1555,G4918,59107,G8553,G4814,G4822,GR061,G3148,G4503,G1783,GF503,G1491,G1531,G5543,G3423,G4507,G1428,GF505,GF502"
114.40,24.62,0.89,0.81,424,"GP108,G4744,GP110,G4637,G1444,G9858,G4748,GP113,G4646,G9855,GP106,G9857,G4891,GP115,G1544,G4515,G4514,G4448,G1494,GP114,G4845,GP107,G1542,59096,GP109,G4899,G9854,G4896,G1489,G1490,G4643,G9856,GF602,G4416,G1546,G9861,G4506,G4847,G4502,GF603,G4642,G1469,G4500,G1467,G9859,GF094,G4513,G4645,G1484,G1441,GP111,G1557,GF501,G4862,G9860,G1486,GF504,G4633,G1468,G4897,G1450,GF601,G9853,G4895,G4742,G1488,G1499,GP112,G4527,G4759,G4501,G9862,G4898,59094,G9852,G4528,G4756,G4668,GF604,G4644,G4503,G4533,G1440,GP313,G4507,G4638,GP105,G4454,GF505,G4833,G4893,GF503,G9851,G9864,G4431,G4623,G4625,G4453,G1540,G9850,GF502,G4754,G4511,G9863,GF500,GF409,G4740,G4636,GP303,GP102,GF607,G4468,GP103,G4846,G4656,G4508,G1427,G1473,G4641,G1451,G4661,G4635,G4640,G1554,GP104,G1434,G4662,G4650,G1485,G4831,G4624,G4512,G1543,G4436,G4455,G4450,G9876,GP300,G9875,59090,G4509,G1443,G1548,GF805,G1481,G9868,57996,G4622,GP305,GF412,GF508,G9865,GF405,G4653,G1541,G4753,G4743,G9870,G1432,G4832,G4504,GF507,G1495,G1559,59099,G4757,G4464,GF802,GP312,G4894,G4639,G9866,GF408,G1422,GF400,GF806,G1424,G9873,G9874,G4447,G4741,G9877,G1550,G4755,G4434,G1547,GF600,G1545,G4665,G1493,GF606,G1431,G4634,GP307,G1407,G4933,G4466,G4531,G4432,G4892,G9869,GP101,G4459,G4559,G4613,G4510,G4629,GP302,GF605,G4861,G4461,G4657,GF800,G4631,GF506,GF305,G4463,G9867,G4632,GF091,G9871,GP311,GP215,G4655,G1421,G4620,GP304,G1528,G1475,G4505,G4433,G4654,GF801,G4669,G9872,59097,GF310,GF407,G9878,GF803,G1556,G8539,G1515,G2755,G4970,G1492,G4758,G4621,G4452,G1518,GF406,GP209,G1590,G4467,G1519,G8550,G4449,G4971,G4628,GF804,G4523,G1551,GF807,G1496,GP308,GP301,G4451,GF410,G9879,GF103,G8544,GP219,G4660,G1476,GP204,GF808,GF309,G4458,G2746,GP306,GF401,G4739,G1423,G4524,G4435,G1491,GP314,GP205,GF304,G1482,G4611,GP310,G4659,G1428,G4414,G4460,G4630,G4462,GF404,G4752,G1520,G4858,G9885,G4860,G1552,G4616,G4854,G1433,G4456,G2776,GF101,G1435,G1420,G1558,G1517,G1402,G4658,G4751,G1521,GP218,G1513,GF411,GP211,GP212,G4522,GF403,G1430,GF301,G9882,G4465,GF402,GF002,G4750,G2744,G8569,G4618,G4855,59082,G1512,G1516,G8558,G4457,G4558,GP309,GF809,G1439,GP216,57989,G4442,G4441,G4526,GP220,G4859,GP214,GF104,G4863,G4903,G4617,G4651,G1409,G1442,G4852,G1514,G4410,G4406,GP206,G4438,G4615,GL704,G1555,GP217,GP210,G4652,G4412,G4667,G4400,G1437,G4408,GP208,G8551,G4413,G2743,G4409,GF006,G4969,G4666,G5561,G1752,GF300,G4530,G2790,G1406,G4439,G1553,G1538,G4520,G1478,G4910,G1445,GP445,G8534,GF302,GR045,GF810,G1401,G4920,G4411,GP444,G4444,G4405,G4610,GP460,G4915,GP213,G4612,G1522,G4968,G5545,G1536,GF306,G4403,G4415,GR072,G1084"
114.40,25.08,0.90,0.81,261,"G4455,G4436,GF405,G4468,G1434,GF400,G1427,G4464,G1422,G4459,G4432,GF409,G1431,G1407,G4463,57996,G4434,G4450,GF504,GF406,G4513,G1441,G4461,GF412,G1432,G4449,G4452,G4466,G4458,G4433,G4435,GF408,G4467,G4511,GF507,GF410,GF404,G1443,G1450,GF407,G4456,GF403,G1430,G4451,G4509,G1433,G4500,G4507,G1435,G4460,G4503,GF500,GF505,G9885,GF401,G4465,G4508,G4447,GF503,G4505,G4662,59090,G4457,GF402,GF502,G4506,GF501,GF411,G4462,G1444,G1451,G4512,G4501,GF508,GF506,G1496,G4414,G4448,G4504,G4514,G4510,G4515,G4425,GF309,GF306,G1467,GF301,G1489,G4443,G4522,G4413,GF305,G4502,G1469,G4533,G1419,G4646,G4423,GF094,GF302,G4416,G1453,GF310,G4531,G4520,G4424,G1420,G4622,G4523,G9858,G1468,G4527,G4528,G4530,GF311,G1494,G4744,G4661,GP110,GP108,G9857,57989,G4625,GF307,G4637,G1437,G9859,G4454,GP109,G4891,G4524,G4442,G4668,G4441,G1557,G4453,G4444,G1439,G4613,GF304,GF300,G4526,G1440,G4643,G1544,G1424,G9855,GF603,G1442,GP313,G4431,G4862,G1484,G4748,GP113,G9856,G4845,G4521,GP106,G4438,GP312,G4665,GP114,GF602,G1490,G1542,GF303,GP115,G4529,G9854,GF103,GP107,G4633,GF312,G9861,GF093,G4645,G1445,59096,G4439,G4759,G1455,GP300,G9864,G4833,GF002,GF601,G4757,G1550,G4756,G4639,G4621,G9876,G4611,G9882,G4896,G4422,G1446,G4899,G1546,G9860,G9862,GP311,GP307,G4754,G1402,G4832,G4636,G1417,G9875,G4642,GP111,G4525,G1486,G4753,G9863,G4620,G4847,G1452,G1465,GF001,G1499,GP303,G4898,G1590,G1425,G1448,G4644,G9877,G9853,G1449,G4410,59094,GF101,G1459,G4400,59099,G4406,G1418,G4409,G4616,G4831,GF604,G1559,G4895,G4408,GF308,G4412,G1488,G4861,G4897,G1492,GP310,G1491,G1493,G9852,G4635,G4405,GF606,G1428,G1406"
114.40,25.54,0.90,0.81,117,"GF403,G1430,G4435,G4456,G4458,GF404,GF406,G4449,G4452,G1433,G1435,G4465,GF410,G4467,G4463,G4459,G4457,G4432,G4451,G4460,G4433,G1407,G1431,G9885,G4423,G4425,G4461,GF402,GF400,G1422,G4424,G4434,GF407,G4464,G4443,GF405,G4466,GF401,GF411,GF306,G4455,GF311,G4436,G1419,57996,G1453,G1434,GF408,G1432,G4462,G4468,G1427,G4450,GF412,GF409,GF507,G4413,G4505,G1443,GF302,G1496,G4414,G4509,G4511,G4520,GF301,G4447,GF307,GF504,G4522,G1441,G4513,GF506,G4521,G1450,GF500,GF309,G4507,G4508,59090,GF093,G4530,G4503,GF505,G4662,GF503,G4500,G4510,GF508,GF502,G1420,G4512,G4444,G1451,G4504,G1437,GF305,GF300,57989,G1417,GF501,GF310,G4501,G4506,G4523,G4422,G1452,G4442,G4441,G4529,G1439,G1418,G4526,G1465,G1446,GF303,G4531"
114.85,22.31,0.88,0.81,364,"G5415,G5510,G3668,G5335,G1134,G3582,G3674,GL511,G1706,G3625,G3640,G3626,G1140,G1735,G3666,G3725,G1154,GL502,GL510,G1159,G3724,GL513,G3566,G3533,G5523,G3624,G3525,G3563,G5503,G5519,GL503,G1172,G3511,G5506,G3571,G1162,G1824,G3628,G3512,G3541,G5330,G1114,GL516,G1734,G3695,G3762,G3627,G5317,GL512,G5336,G3673,G1718,G1119,G1124,G1165,G3689,G5521,G5328,G3769,G1116,G3544,G1701,G1163,G3629,G3656,G3632,G5502,G1818,G1122,G5313,G1194,G5303,G3730,G3792,G1118,G1127,G1859,G3536,G1717,G3735,G1138,G1115,G3638,G3665,G3731,G3652,GL509,G3637,G3655,G1125,G1126,G3542,G3613,G1826,G3567,G3723,G3754,G1133,G1117,G3670,G1181,GL505,G5459,G3749,G1702,G3660,G3741,G3545,G5460,G1821,G3687,G3795,G3788,G3623,G1813,G1866,GN007,G5457,G3538,GN040,G3657,G3794,G3549,G5458,G3719,G3755,G3787,GN008,G5477,G3654,GN006,G3578,G3742,G3537,G3753,G3535,G3796,G1147,GN009,G5464,G3683,G5445,G3642,G5443,GN012,G1137,G1177,G3508,G5442,GN005,G3615,G3514,GN010,G1830,GN011,GN033,G3646,GN013,G3726,G5602,G1808,GN004,G3517,G5639,G1123,G5690,GN016,GN014,G5465,G1171,GN015,G1733,G3659,G1864,G5463,G3622,GN003,GN017,G5466,G3799,G3554,G3516,GN002,59501,G1174,G5447,GN030,GN001,G3552,G3644,G3780,G5448,G1803,G1182,G1173,G3760,GL504,G3662,G5515,G3621,G3539,G3520,G1739,G3524,G1185,G1854,G1146,G1144,G5522,G3560,G5461,G3570,G5449,G3758,G3678,G1814,G3534,G5504,G5616,G5601,G3748,G3633,G5469,G1128,G3649,G3518,G5467,G1120,G5618,G3631,G3737,G3577,G3661,G5440,G1129,G3558,G3789,G5603,G3798,G1882,G3721,G3581,G3793,G5454,G3564,G1121,G5604,G3523,G1816,G3522,G5501,GN027,G5960,G1805,GN032,G1801,G3743,G3747,G3509,G5470,G1807,G1149,G1166,59492,G3630,G3779,G6101,G6155,G1721,GN029,G3527,G5471,G1954,G1161,G5456,G1998,G3775,G5689,G5686,G3579,G5625,G5444,G1811,G3576,G5622,G1863,G5472,G3774,G5623,G5678,GL506,G3559,GN028,G6105,G1184,G3506,G3797,G3580,G6106,G3773,GL501,G5446,G1810,G5344,G3776,G3761,G3685,G3573,G3739,G5450,G1188,G1130,G1175,G1819,G3519,G6029,G1135,G5468,G3778,G5669,G5666,G1817,G5961,G5308,G3713,G1722,G3507,GN034,GL508,GN037,G1707,G3691,G5620,G3547,G3645,G5962,G5475,G5512,G6107,G1148,G3658,G6083,G3751,G1886,G3669,GN031,G1917,G1959,G3696,G6104,G5476,G6081,G3698,G3752,GL507,G3562,G6154,G1879,G5441,G6103,G5455,G5605,GN021,G3634"
114.85,22.77,0.88,0.81,655,"GL516,G5503,GL513,G1734,G5502,G5519,GL512,G5506,G3656,GL503,G5521,GL510,G1116,G1124,G1706,GL502,G3628,G1126,G1194,GL511,G5523,G1818,G1824,G3629,G3655,G1735,G5336,G1119,GL505,GL509,G1114,G3673,G3769,G1859,G3637,G5335,G1866,G5313,G5317,G1115,G3632,G1118,G3741,G1122,G5510,G5415,G1117,G1821,G3638,G5522,G3615,G1127,G1718,G3660,G5515,G5328,G3670,G3735,G1739,GL504,G1733,G3755,G3642,G5330,G3665,G1826,G5504,G5501,G1864,G1123,G3624,G3613,GN040,G5477,G1701,G5442,GL506,GN006,G3644,GN007,G3652,59492,G5461,G5639,GN005,GN008,G1128,GL501,G5459,G1717,G5466,G3625,GN004,GN009,GL508,GN002,GN010,G3541,G3533,G5449,GN012,GL507,G3666,G1707,G5454,G3571,GN015,G5458,G5444,G3724,GN014,GN016,GN001,G5512,GN003,GN013,G5447,G1830,G1803,G5517,G1702,G3511,G1813,GN011,G5445,G5457,G5440,G1882,GN017,G3668,G5450,G5465,G1140,G3582,G1722,G5456,G5303,G3525,G5460,G5443,G1159,G5455,G1172,G1162,G3626,G3674,G3689,G3695,G5625,G1134,G5500,G5448,G5463,G5344,G1165,G3657,GN037,GN030,G3795,G3563,G3566,G3542,G3762,G5464,G3640,G1154,G5507,G3731,G1163,G5623,G3512,G5602,G3627,G3754,G1816,G5462,G3792,G3654,G5604,G5308,G5472,G5678,G5345,G3725,G1731,G3537,G5307,G3544,G3646,G5315,G5309,GN033,G5601,G5469,G5508,G1863,G1814,G3683,G1138,G3749,G3719,G5690,59501,G1854,G1825,G5509,G5513,G3662,G3538,G5312,G1886,G3788,G1181,G3516,G3730,G5603,G5310,G1721,G5306,G3508,59500,G5467,G3520,G5470,G1703,G5451,G5476,G3539,G1147,G3536,G3787,G5622,G1883,G3622,G5452,G3623,G5320,G5337,G1711,G3753,G1719,G3633,G1125,G5616,G5475,G1817,G1587,G5638,G5473,G5605,G5322,G5314,G1133,G5323,G5441,G1807,G1716,59298,G1808,GL514,G3780,G3687,G1828,G1710,G3723,G1171,GN032,G5302,G5305,G3748,G5446,G1872,GN021,G5311,G1715,GN031,G1137,G5505,G5471,G5468,G5300,G1819,G5343,GN020,G5474,GN022,G1858,GN019,G3796,G3570,G3567,G3549,GN018,G3564,G3545,G1714,G1185,G5321,G3760,G1805,G5640,G1592,G5379,G1177,GN036,G5642,G3509,G1591,G1820,G5338,GN024,G5520,G5637,G3742,G3554,G3685,G5301,G3661,G1730,G1586,G5618,G5339,G1827,G3678,GN023,G1598,G1959,G6155,G3794,G1791,GN034,G5342,G3621,G5316,G1596,G1801,G1798,G5511,G3517,G5396,G1954,G5516,G3578,G6083,G3649,G1712,GN047,G6101,GN028,G3726,GN039,G5624,G3535,G1958,G3560,G1744,GN029,G3514,G5961,G5620,G3737,G1182,G6106,GN038,G6081,GN027,G5963,G1822,G1974,G6105,G1998,G3758,G6070,G1847,G1174,G5960,G1799,G1573,GN041,G1588,G3659,G6029,G1743,G1881,G6082,G5325,G6069,G6005,G6078,G1144,G3552,G3799,G1905,G6107,G6079,G3518,G3743,G6104,G1797,G5422,GL515,G6131,G5395,GN046,G1834,G1917,G5666,G5669,G4900,G6090,G1173,G5689,G5686,G1823,G6114,G5962,G3558,G1811,G5327,G1815,G3559,G5352,G6154,G5341,G6096,G1930,G1713,G1991,G5964,G5378,G5324,G1161,G1880,G3524,G1810,G5407,G5380,G1879,G1148,G6103,G5641,G3534,59297,G5340,G6095,G1873,G1146,G1166,G3573,G3507,G6068,G1720,G6091,G6012,G5672,G5673,G3798,G6117,G6110,G5351,G1953,G3506,G6080,G3577,GP002,G1865,G5350,G3721,G1120,G1979,G1990,G5377,G3630,G5394,G5628,G5409,G1742,G3789,G1835,G6011,G5375,G3631,G5417,G4822,G3732,G1594,G3791,G5418,G6028,G5326,G1121,G3739,G3581,G1787,GP506,G5439,G5419,G6115,G3527,G3510,G1129,G1782,G3523,G1914,G3522,G6030,G6013,G6113,G3793,GL256,G3696,G1184,G1955,G5626,G1927,G1149,G3579,G1188,G1180,G5393,G5376,G3751,G3779,G5614,G3747,G1946,G3774,GP003,G5438,G5957,G6066,G3576,G4902,G1175,GP513,G3775,G1572,G1585,G5427,G3513,GL254,G3761,G3797,G1746,G6098,GL252,G1741,G1704,G1951,G3572,G3543,GL253,G6086,G6067,G1868,G1783,GL255,G5410,GB031,GP500,G1892,G3698,GL257,G1578,G3620,G3750,G1788,GL251,G3773,G3691,G5363,G1745,G1135,G1748,G5405,G1582,59502,G5692,GP507,G5401,G1575,GP514,G3778,G1841,G1906,G3580,G3547,G1795,G1794,G1190,G3553,G3519,G1856,G1749,G5362,G1593,G5411,G5368,GN053,G1957,G6006,G1848,G1784,G1130,G1155,G3658,G5607,G5399,G1832,G6033,G5428,G6065,G3562,G5436,G1980,G5434,G3776,G5437,G3551,G3783,G3669,GB060,G5374,G1968,G6034,G1780,G6102,G1781,G5397,G5371,G5382,G3713,G1851,G6063,G1843,G1916,G3645,G1988,G1790,G5643,G1885,G3634,GN048,G1178,G3740,G3744,G1789,G3684,GN054,G1581,G5372,G5408,G3752,GN052,G5412"
114.85,23.23,0.88,0.81,698,"G1587,G5507,GL514,G1592,GL507,G5314,G1598,G1591,G1731,G1586,G5500,G5513,G5517,G1588,G1573,GL508,GL506,G1703,G5508,G1596,G4900,G5501,G1707,G5522,G5309,GL501,GP002,G5512,G4822,G5310,59492,G5462,G5515,G5504,G1739,G5455,G4902,G5377,G5379,G1713,G1782,G1715,GP003,G1594,G5407,G5345,G5352,G5351,GL504,G1572,G1582,GP514,GP506,G5505,G1722,G1744,G1791,G5350,G5419,G5324,G1795,G1578,G5509,G5444,G5450,G1733,GP507,G5378,G5511,GL505,G3615,G5428,G1866,G1711,G5376,G1746,G1743,G1794,G1128,G1781,G5368,G1595,G1126,G1790,G5311,G5375,G4901,G5461,G1864,G5307,G5454,GP500,G3644,G5380,G1714,G1749,G3655,GN037,G1581,GP513,G1704,GP004,G5502,G5411,G1798,G1123,GP508,G5306,G3741,G5408,G3642,GL509,G5456,G1742,G1821,GP001,G5410,G5396,G3656,G3637,G5344,G5449,G5301,G5323,G1597,G1194,G5399,G5371,G1796,G5372,G1501,G1117,G5452,G1730,G5315,G1710,G3755,G1716,G1507,G1818,G1882,G1788,G5516,G3660,G5625,G1116,G1825,G5520,G5417,G5521,G1789,G1115,G5370,G1859,G1719,G1858,G5440,G1883,G5312,G5305,G5442,G3629,G3670,G1734,GL516,GN002,G1745,G5374,G5466,G5639,G5308,GL512,G1124,G5637,G5322,G1787,G1712,G4801,G5373,G1580,G5313,G3638,G5414,G1118,G4821,GP509,G5300,G5337,G5427,G5477,GN040,59298,G3769,GN006,GN001,GN036,GN039,G4803,G1574,GN004,G1571,G5638,G1803,GL515,GN005,G1748,G5623,G1585,G1797,G3632,G1799,G1119,G1826,59500,G1593,G5447,G1122,G5336,G5320,G1576,GN038,G1127,GN015,G3735,G4706,GN003,GN007,GP504,G3665,G5642,G1783,G5369,G5506,G5366,GN010,G3673,G5678,G5472,GP510,GN014,GN016,G3628,G1589,GN009,G3613,G5409,GN008,GP505,G5451,G5317,GN012,G5503,G1114,G1886,GN017,G5402,59304,G1824,G5362,G5519,GN013,G4824,G1816,G1570,GL513,G5401,G1575,G5422,GL503,G4708,G5604,G5465,G1823,G5363,G1830,G5328,G5382,G1508,G5356,GN011,G5302,GL252,G5459,G5476,G5448,GP502,G3652,G1718,G5473,G5355,GP511,GL253,G1820,G5381,G5343,G5445,G5395,GP005,G5321,G5458,GL256,G5354,G5523,G1863,59297,G1502,GL510,G5353,GN030,G1509,GP503,G5367,G5463,G5418,G5365,G1828,G4736,59293,GL254,G5364,G5434,G5342,GL502,G5614,G5423,G4828,G5605,G5443,G1865,G4731,G1813,GP512,G1701,G4843,G1569,G1527,GL255,G1872,G5692,G1526,G1702,G5457,G1717,G5416,G1881,G5405,G5441,G4735,G5338,G5330,G1506,G5475,G1785,G5641,G1505,G1735,G4733,G5325,GL257,GN022,G1815,G5601,G5394,G4825,G1706,G5460,G5469,G1721,G1817,GN054,GL511,GL251,G1584,G5158,G5474,G1814,G5464,G5603,GN019,G5602,G5549,GN021,G5339,GP006,GN020,G1503,G5470,G4975,G5622,G5316,G4805,G4856,G5129,G1642,GN041,G3657,G5430,G5341,G1861,GN018,G1854,G1827,G4973,G5624,G3795,G5436,G1851,G5628,G1720,GN031,GN024,G3662,G5327,G5546,G5540,G5335,GN023,G5640,G5467,G5433,G6070,59501,G3624,G5303,GP201,G1741,G5439,G3654,G1577,G4734,G5435,G1856,G3646,GP213,G5429,GN033,GN047,G5383,G3537,GL703,G3516,G5446,G3541,G1504,G5468,G3542,G1835,G5690,G5384,GL705,G1847,G3520,G1583,G1807,GP200,G1705,G5397,G1819,G1958,GN051,G3754,G1876,G6069,G3633,GN050,G6114,G5415,G5510,G3539,G3731,G1780,G3571,GP501,G5616,GL702,GN053,G1523,G5403,G3683,G5554,G1885,G4969,G5326,GN032,G5438,GP202,GN055,G5340,GN046,GP208,G5393,G1874,G1525,GN052,G3689,G5359,G1841,G5412,G5385,G5471,G6068,G1848,G1991,G5361,G3533,G5613,GP210,G1647,G3719,G1784,G4737,G3511,G1165,G3695,GP203,G3792,G1779,G5432,G3622,GP214,G1927,G3508,G1959,G4974,G6066,G1163,G3538,G3749,G5431,G1873,G5963,G3748,G1930,G6115,G3788,G1946,G1822,G5547,G5437,G5553,G1162,G5679,G5563,G1852,G3762,G3666,G3724,G5615,G5413,G1181,G5358,G6117,GN034,G1914,G5386,G5425,G1773,G3625,G3780,GP221,G6005,G3564,G1516,G1862,G1172,G3685,G1147,GL707,G5626,G1832,G6095,G3525,G6086,G1834,G1974,G5357,G6083,G6113,G3627,G1510,GP206,G1138,G5957,GN056,G6067,G1802,G1805,G5404,G1957,G3787,G3544,G1643,G5607,G3753,G6082,G6131,G1988,G5556,G1808,G1171,GP211,G3570,G3509,G3512,G4972,G6065,G6079,G1159,G6011,G6081,GN048,G1979,G4968,G1140,G3623,G5406,G1951,G1853,GP212,G6078,G3730,G6080,G5398,G5964,G3563,G6155,G1880,G5620,G1980,G3566,G5961,G6030,G1185,G1524,G5542,G1908,59290,G3582,GN028,G6090,G1954,G3626,G5550,G5545,G1801,G1875,G5360,59502,G3661,G1905,G6063,G6098,G1850,G3760,G4957,G1517,G6091,G6073,G1892,G5618,G1154,G3536,G1774,G1137,GL706,G1133,G1125,G3687,G6101,G3674,G5390,GM402,G1965,G1522,G6106,GP205,G3678,G5629,G1134,GP218,G3668,G1521,G1955,G1870,G1512,G6029,G6012,GN029,G5391,GV314,G3640,G6104,G1860,G5400,G6105,G6107,G6028,G6025"
114.85,23.69,0.89,0.81,526,"G1571,GP510,G1595,59293,G1502,G1576,G4706,G4735,GP509,G4736,G4803,G1527,G4901,GP001,G1526,G1509,G1503,G4731,GP514,G1508,G1580,G1582,G4973,G1597,G4902,G1507,GP006,GP505,G4801,GP213,G4822,GP003,G1506,GP005,G1504,G1505,G1795,G4733,GP508,GP002,G4708,G1572,G4969,G1781,G1790,G1501,G4856,GP208,G4805,G5428,GP004,G1782,GP507,G1578,G4900,G1581,G1588,G4824,G1516,59304,G1573,GP214,G5368,G5377,G4843,G5408,G1594,G5370,G1589,G1794,G4968,G1570,GP221,GP212,GP211,G4734,GP210,G1598,G4972,G1796,GP506,GP503,G5369,G4825,GP218,G1521,G1586,G1512,G5351,G1592,G4974,G1749,G1591,G1522,GP205,G5372,G5419,GP217,GP504,G1746,G5414,GP200,G5411,G4975,G1524,G1525,G1713,GP204,G1510,G5407,G5371,GP500,GP216,G1596,G5376,GP207,G5350,G1518,G1789,GP202,G5352,G5373,G5399,G5354,GP222,G4957,GL514,G1587,G5423,G1704,GP201,G5366,G4821,GP206,G1513,G1511,G5355,GP513,G4971,G4737,G1515,G1514,G5364,GP219,G5314,G5324,G1517,G4925,GP203,G5402,G5374,G1523,G5410,G1528,G4739,G5375,GP215,GP209,G5367,GP220,G1574,GL703,G4956,G1788,GP502,G1583,G5356,G5378,G5540,G4892,G4927,G1564,G4920,G4970,G1520,GP101,G1745,G1519,G5353,G1742,G4926,G5379,G5547,G1744,G4894,G4713,GP400,G1703,G5513,G4940,G5380,G4958,GP501,G5554,G1643,G5507,G1577,G1731,G1565,G5546,G1791,G1743,G4741,G5545,G1593,G5365,G5508,GP512,GL702,G1748,G1541,G4935,GP511,G1715,G5417,G1584,G1545,G4938,G4934,G4752,G1536,G1548,G5549,G4715,G4718,G5427,G1475,G5511,G5500,59290,GP306,G4669,G5556,G4650,G5310,G1585,G1787,G4928,G1537,G5505,G5381,G1569,G4814,G5309,G1556,G5041,59107,G4937,G1642,G1543,G4919,GP408,G1547,GL704,G1783,GL507,GP304,GP103,G1647,G5382,G5517,G1752,G5362,G4835,G4929,GF805,GP314,G4712,G4743,G5553,G1798,G5129,G4859,G1785,G5401,G1575,G5462,GF806,GL705,G4936,G4941,GL508,GP102,G4939,G1568,G4751,G4858,G5563,G5396,G5544,GP424,G1714,G4740,G4828,G4710,G5311,G5363,G4893,GP305,G5345,G1707,G4921,G4653,GL506,G1535,G1553,G5301,G4559,G4846,GM405,G1711,G5512,GP112,G5516,G1476,GM402,G5433,G5509,G5409,G1730,G5455,G5158,GL252,GL501,G5434,G4933,GM408,G1554,G5416,GL515,GL707,GP104,GM410,G4895,G5501,G1797,GL253,G1613,G5520,G5561,G4955,G1540,GF800,G1611,G4918,GP105,G4924,G5541,G5040,59097,G1712,GP309,59492,G1799,G5542,G5522,G1552,G4898,G4655,G1421,G4855,G5430,G4742,G5637,G1722,G5323,G1861,GN039,G4758,G5383,GL256,GL254,G1858,GN038,G1614,G4755,G1710,G4841,GP111,G5306,G5504,G5692,G4836,GP445,GN054,G4831,GP308,G1716,G4837,G1753,G5384,GN055,G5307,G5515,G5405,G5385,G1739,G4847,GL255,GP453,G5614,G5452,G5450,G5429,G5305,G4658,GN036,G4923,GF801,G5444,G5418,G1546,GF807,G1823,G5422,G1719,GL504,GP303,G4953,GP452,GM403,GP444,G1862,G4657,GL257,G1531,G1883,G1481,G5300,GN037,G1423,G5128,GL706,G5322,G4907,G4659,G4897,G1640,59297,G4750,G1532,G5642,G4896,G1825,G5552,GL251,G4624,G5431,G5403,G5315,G1559,GP448,G1874,59298,G5395,G5432,G1851,G5312,G4952,GN056,G1865,G1646,GP449,G9727,G1128,G4854,G4754,G5454,G4915,G5435,59096,G1852,G5337,G1733,G5638,G3421,G5344,G5436,G5456,GN050,G4756,G4759,G5461,59099,GL709,G4711,G1563,G9728,G1615,G4651,G5320,G4899,G3644,GP114,G1648,G3615,G5394,G1864,G4922,G1645,G5308,G5564,GM401,G5625,GM409,G4833,59500,G4916,G4839,GP302,G5386,GV314,G1705,G4845,G1876,G3369,G8923,GP456,G1084,GL505,G5449,G5641,G1866,G4840,G1882,G5615"
114.85,24.15,0.89,0.81,483,"G4970,GP219,G4739,G4971,GP215,GP101,G1513,G1545,G1520,G1515,G4741,GP216,G4892,G1547,G1512,G1521,GP218,G1556,GP220,GP217,G1514,GP304,G1541,GP204,GP306,G4743,G4752,G1543,G1548,G1518,GP305,G1522,GP205,GP102,G4968,GP103,GP212,GP314,G1554,G4933,G4920,G4893,G4858,GP207,GP211,G4751,G1516,G4894,GP222,G4831,G4755,G4898,G4859,G4972,G1536,G4758,G1511,GP303,G4969,GP208,GP308,G1552,G1528,GP221,G4650,G1504,G1524,GP111,G1559,G4895,G4973,G4754,GP213,GP112,GP309,GP214,G1553,G1503,G4855,G4958,G4756,G1564,G4759,G4919,G4956,59099,G4833,G1546,G4735,GP302,GP006,G4854,GP445,G4753,G4750,G4835,GP209,G4710,G4957,G4847,G4715,G4718,G1527,G1526,59293,G4925,G4861,G4862,GP210,G4926,G4837,G1510,G4736,G4731,G4832,59107,G4740,G4896,G4814,GP444,G1502,G4918,G4845,GF805,59096,G4974,GP114,G4742,GP300,G4856,G1551,G1509,G1544,G4915,G1531,G4805,GP109,G4836,G4938,GP313,GP105,G1519,G1557,G4891,G1517,G4846,G1505,G4860,G1535,G4733,G1506,GP510,G4852,G1508,GP448,G4928,G1540,G4713,G1555,GP301,G4921,G1571,G4757,G4841,G4839,G4941,G4934,G4927,GP307,G4734,GP104,G1475,GP110,GP113,GF806,G4653,G4899,G4706,G1525,G4748,GP206,G4669,G4711,GP449,GP424,G1558,G1576,G4937,GP453,G1550,G4897,G1537,GP005,GP460,G4935,G4939,G4955,G1567,GP115,GP200,G4803,GP509,G4712,GP452,G4910,G4952,GP505,G1568,GP408,G1565,G4708,G4940,GP202,GP312,G4953,GP400,G1580,GP107,GP311,G4916,G4924,G4911,G4959,G4559,G4843,GP310,G4863,G4811,G4923,G1590,G4737,GP106,G4936,G1563,G4909,G1611,GP203,G4825,G4929,GP001,G1595,G4801,G4975,G1488,G1507,G1597,GF800,G4824,G1561,G1481,G4624,G4901,G4717,GP456,59304,G1542,GP108,G1532,G4838,G4922,G1523,GP503,G1570,GP201,GM410,59097,G4913,G1534,G4642,G4951,G4655,G1421,G1476,G4840,G1589,G4623,G4744,G4907,G1501,G5545,GL704,GP476,G9855,GP508,GP514,G4656,G4912,G1582,G1530,G5041,GP481,G1643,G9852,GM405,G4637,G4657,G4638,G4954,G1583,GF801,G4903,GL703,G9854,G5547,G1790,G5369,G1781,G4714,G9853,GP480,G4815,G1473,G1752,GM255,G4902,GP004,G4917,G1795,G5370,G1538,GP468,G4812,G4914,G1581,G5040,GP440,G1562,GF807,GP003,G5428,GP504,59290,G4942,G1572,G5423,G5354,G5408,G9851,G1566,G5540,GF802,G4947,G1486,GM401,G4822,G1490,GP507,G9861,G1533,G1578,G1423,G5368,GF604,G1796,G1499,G4950,G4658,G5414,G5101,GP002,G4659,G5364,G1794,G5554,GP501,G1782,59094,GF602,G9857,G4904,G5556,59109,G5355,G5561,G4816,G4817,G4946,G4945,G4641,G9860,G1645,G5372,G4948,G5544,G9858,G4654,G1594,G1749,G5377,G5367,G9870,G4645,G4908,G5366,G5371,G9856,G9850,G5373,G1640,G4949,GM257,G4900,G5411,G1577,G4813,GL702,G5402,G1494,G4644,G1789,GF808,G5102,GP506,G1746,G1588,G4634,G4821,G5546,G9868,GP502,GP500,G1573,G5419,G5356,G5399,GF091,G4640,GM253,G5107,G4943,G4646,G5351,G4643,G5127,G1753,G5100,G4719,G1495,G4906,G5110,G1613,GF607,G4651,GF601,G5376,G1560,G1630,G9862,G4633,GF603,G5374,G5353,G5128,G1704,G1485,GM408,G5407,G1713,G1574,G1634,G1444,G5350,G1598,G1484,GM406,G1647,G1609,GM258,GP513,G4905,GF803,G5126,GM402,G5553,G1586,G1633,G5410,G5352,G1584,G5541,G1591,G1592,G5549"
114.85,24.62,0.89,0.81,383,"GP313,GP300,G1557,G4757,GP312,G4832,G1550,G4753,G4833,G4862,GP307,G4754,G4756,G4759,59099,GP311,G1559,GP109,G4861,GP303,GP302,G4831,G1590,G4755,GP301,G1551,G4891,GP310,G1554,G4898,G1544,G4933,G4860,G1558,GP305,G4758,GP308,G4854,GP110,G4845,G4743,G4863,GP102,GP111,G4903,G1552,G1547,G4893,GP304,G4750,G4852,GP114,G1555,G1546,G1556,G4858,GP314,G1543,G1538,G4855,G4910,G1545,GP309,G4751,59096,GP103,GP306,GP460,G4741,G4896,GP113,GP480,G4895,G4904,G4748,G4815,G4752,G1541,G4838,G1548,G4859,G4915,G4847,G4909,G4942,GP445,GP444,G1567,G1530,GP112,G4817,G4970,GP101,G1553,G4839,G1520,GP481,GP115,G1531,G4837,GP476,GP108,G4911,G4739,G4892,G4719,GP215,G4816,GP448,G4899,G4813,GP219,G4744,G4912,GP106,G4906,G4971,G4811,GP107,GP220,G4711,G1515,G1513,G1536,G1566,G4742,GF408,G1432,G4836,G1514,G4650,G4918,G4637,G4894,G4947,G4920,GP449,G4908,G4959,G4710,G4919,G9855,G1560,G1444,G1542,G4913,G4513,G4946,G4945,GP216,G4714,G4905,G1561,G1441,GP105,G4897,G4835,GP204,G1518,G4943,G4740,G1512,GP217,G4916,G9858,G1521,GP218,G4841,G4952,GF407,GF504,G4717,G4646,G9857,G4455,G4464,G4944,G1540,GP453,GP205,G4958,G1522,G9854,G4461,G4846,G1535,GP222,GP207,GP452,G4642,G4448,G4514,GF805,G4515,G4914,G1494,GF405,G4433,G1533,G4715,G4718,G1488,G1511,G4500,59107,GP212,G4968,G4468,G1563,G1528,G1490,G1431,G4951,G4436,G4451,G9885,G4814,G1564,GP104,G4953,GF409,G9861,G4956,G1427,G1450,G4948,GF602,G4921,G1434,GF402,GP211,G4506,G1562,G1489,G4950,G9856,GM259,G5107,GP456,G4955,G4643,G4972,G4653,G1516,G9853,G1534,GP468,G4941,G1433,G1486,G4457,G9852,G4949,G4923,G4416,G1524,G4645,G4917,G4459,GF501,G4452,G4926,GF806,GF400,G4922,G4938,G4465,G9860,GP424,GF603,G4638,GP209,G1467,G1499,G4502,G4623,G1469,G4928,G1422,G4511,G4450,GP221,G4432,G4449,G1484,G9859,G4939,GF094,G4840,57996,G4507,G4624,G4503,GF404,GM257,G4924,59094,GP440,G4969,GF604,G5101,G4925,GP208,G1481,G4656,G4633,GP214,G4957,G4463,GM258,GF505,G4456,G9851,GF601,G1407,GF412,G1519,G5100,GF406,G1532,G1568,G4501,G1475,G4934,G1473,G4937,G4812,G1504,G4644,G4458,G4434,G4712,G1468,G4669,GF500,G9862,GF503,G4954,G1537,GP213,G4559,G4713,G1611,G4973,G1443,G9850,GF502,G1510,G4527,GM255,G4509,G4435,G4508,G1503,G4641,GP408,G4935,G1517,G4907,GF507,GF800,G4533,G4528,GP210,G4466,G4668,G4927,G5127,G4974,GF403,G4662,GF607,G4936,G1440,G1451,G4640,GP006,GF802,G4454,G5108,59090,G9864,G4735"
114.85,25.08,0.90,0.81,187,"GF407,GF408,GF402,G9885,G1432,G4451,G4457,G4465,G4433,G4461,G1433,G4464,GF404,G1431,G4452,G4456,G4449,G4455,GF405,G4458,G4459,GF406,GP312,GF403,G4436,G4435,G4432,G4463,GP311,G4468,GF400,G1550,G1434,G1590,G4513,G1422,G1427,G4757,G4903,GF409,G1407,G1441,GP313,GP307,GF504,G1557,GP310,G1430,GP300,G4904,G1538,G4434,57996,G4832,G4450,G4719,G4862,GP109,G4817,G4467,G4753,GF412,GP301,G4906,G4833,G4861,G4466,GP480,GF410,G4942,G4815,G4863,G1558,G1450,G4511,G4891,G4813,G4756,GP302,G1551,59099,G4759,G4754,G4500,G1559,G4860,GF507,GP110,G1435,G4816,G1443,G1544,G1444,G1530,G4905,GP303,G4507,G4509,G4460,G1560,G4838,G4503,G4831,GF505,G4845,GF500,G4910,G4506,G4755,GP481,G1555,G4854,G4852,G4944,G4908,GF401,GF501,G4909,G4508,GP476,GF503,G1566,G4898,G4448,G4943,G4514,GP114,G4758,GP308,GP460,G1554,G4447,GF502,G4662,G4912,G4933,G4515,59090,GP108,G4750,GP113,G4748,G4505,G4946,G4945,GF411,G4947,G4744,G4501,G4646,GP111,GP305,G1567,G1546,G1552,G4462,59096,G1489,G1451,G9858,G4512,G4911,G4637,G4896,G1467,GP102,G4743,GF508,G4855,G4915,G4893,GP309,G4839,GP115,GF506,G4502,GP106,G4714,G1496,G1469,G4416,G9857,G1547,GP444,G4858,GP304,G4811"
115.30,22.31,0.88,0.81,210,"G1808,G1811,G5686,G5689,GN027,G5618,G1810,G5415,G5510,GN029,GN033,G1801,G5690,G5669,G5666,G1805,GN028,G5523,59501,G1813,GL502,G5602,G5616,G3652,GL511,G1879,G1114,G1824,G1854,GN032,G5620,G5672,G5673,GL503,G3673,G1706,G1807,G3613,G3628,G3665,G5519,G1814,G3735,G1127,G1122,GN011,G1830,GN034,G3632,G1119,GN008,G5506,G5601,G3769,G1826,GN007,G5603,GN030,GN013,GN012,GN009,G1118,G3638,G1819,GN010,GN040,GN017,G5335,G5622,GN014,GN016,GN006,GL513,GN005,G1124,G3629,G3670,GN003,GN015,G1859,G1115,GN004,G3660,G1818,G1116,G1117,G1817,GN001,G1880,GN031,G1803,G3755,G5604,G5639,G1822,G5503,G3637,G1194,G1816,G1863,G1734,G1821,GN002,GL516,G3656,G3741,G1834,GN021,G3642,G5640,GL510,GN018,G1735,G3655,GN020,G1123,G5678,G3668,GN019,G5605,G5623,GN024,GN023,GN047,G1882,G1864,G1126,G1866,G3644,G3615,G1886,GN022,G5643,G1827,G1872,G1868,G1843,G5625,G5671,G5670,G1828,G1847,G1128,G5668,G5667,GN046,G1873,G5624,G3625,G5636,G3582,G5502,G1804,G1134,G3674,GL512,59500,G1892,GN037,G5521,G5626,G3666,G1140,G3626,59502,GN041,G1825,G3640,G3624,G5336,G5635,G5638,G3724,G1820,GN043,GN045,G1845,G5317,G1159,G1883,G3533,G1154,G3725,G5631,G1878,G1877,G5330,G3525,G5313,GL505,G3566,GN049,G1718,GL509,G1837,G1835,GL501,G1881,G5608,G3563,G5512,G5501,G3511,G5328,G5642,G1172,G3571,G3541,G5607,G1707"
115.30,22.77,0.88,0.81,408,"G5602,GN033,G1813,G5690,59501,G1854,G1814,GN030,G5601,GN011,G1830,G5603,G5616,GN013,G3652,GN017,GN012,GN009,G1807,GN008,GN014,GN016,GN032,G5622,GN010,GN003,G1808,G5604,GN015,GN007,G1816,G3613,G1863,GN005,GN004,G1803,GN001,G1817,G1819,GN006,G1805,G3665,GN040,G1826,GN031,G5678,G3735,G5639,GN002,G5618,G5623,GN021,G1127,GN034,G1801,G5605,G1886,GN018,GN028,GN020,G3670,G3638,G5640,G1122,G1882,GN019,G3755,GN029,G5620,G5625,G3660,G3632,G1118,G1872,GN022,G1828,GN024,GN027,G1123,G1822,GN023,G3642,G1117,G3673,G3769,G1821,G1827,GN047,G1115,G3644,G1114,59500,G1864,G1859,G5669,G5666,G1119,G3741,G1128,G1834,G5689,G5686,G1824,G1811,G3637,G1879,G1847,GN037,G1880,G5624,G3629,G1810,G1825,G5673,G5672,G3628,G3615,G1818,G5638,GN046,G5523,G1124,G1194,G1820,G1883,GN041,G1866,G1873,G1116,G3655,G5506,GL503,GL502,G3656,G5519,G1126,G5642,G1881,G1868,G5626,G1734,GN036,G5509,G1858,G1892,G1815,G1835,G5512,59502,GL516,GL501,G5637,G1843,G5643,G5641,G1707,G5628,GL511,G5520,GN039,GL513,GN038,G1730,G5607,G5635,G5501,G1823,G1706,G5667,G5668,G5415,G5510,G1832,G5516,G5503,G1865,G1841,G5636,GN048,G1848,G5505,GL515,G5502,GN053,GN025,G5608,G1845,G1856,G1836,G5508,G5522,G1804,GN044,G5614,G5670,G5671,GN049,G5511,G1885,GN026,G1870,GL510,GN052,G1731,G1849,GL507,GN045,GL512,G5632,G5513,G5335,G5521,GN051,G1875,G5692,G1851,G1735,G1844,GL505,GN043,G1853,G5507,G5631,G1876,G5515,G5613,G5679,GL506,GL509,GN054,G5336,G1739,G1842,G1575,G1585,GN050,G1877,G1878,G1840,G5504,G5313,GL504,G1837,G5629,G1838,G5317,G1806,GL508,G1893,GL514,G4828,G1861,G8906,G5680,G9013,G1802,G1596,G1733,G5517,G1593,G5615,G1874,59492,G2954,G1894,G1850,G5633,G5158,G2902,G1718,G8908,G1869,G5500,G5328,G8955,G1884,GP513,GN042,G5330,GV213,GV014,G3624,G1860,G9011,G1587,G1852,GV001,G1592,G2952,G5461,GN055,GP511,G3625,G5442,G8944,G3668,G5477,G2972,G1569,GP500,GP506,G5634,GV011,G1574,GN035,G1701,G2981,G5444,G1598,G8948,G3666,G5455,G8902,G5129,G1594,GN056,G5454,G8901,G1722,G5466,G3582,GV204,G3533,G5449,G5630,G8941,G1573,G5450,G3724,G4900,G2951,G4821,G1862,G3541,GP512,59503,G5611,G5314,G5459,G8919,G2967,G1140,G1833,G3674,GV010,G1717,G1134,G3571,G5462,GV015,G5309,G3626,G1591,G5456,G3511,G1703,G2948,G1642,G1578,G1586,G5440,G8959,GV312,G5447,G1159,G5458,G5345,G3525,G8943,G1588,GP507,G3640,G8942,GV009,GP502,G1584,G1702,G8904,G5445,G1172,G9014,G2976,G5310,G5344,G1154,G5457,G8931,G1162,G5465,G2932,G2945,G3566,GV314,G1581,G2935,G3563,G5303,G8923,G3695,G5460,G8925,G3689,G5443,G2975,G8958,G3725,G8952,G5307"
115.30,23.23,0.88,0.81,581,"G5516,G1730,GL515,G5520,G5511,GN039,G5637,GN038,G1858,G5505,GN036,G1823,G1585,G5642,G5614,G1575,G5509,G1883,G1865,G5692,G1593,G5638,G1825,G5641,G4828,GN054,G1820,G1881,G1815,59500,G1851,GP513,G5508,GN037,G5158,G1861,G5628,G1856,GP511,G1574,GN051,G1569,G5513,G1876,GP500,G1828,G1886,GN050,G5625,G1885,GN041,G1596,GN053,G5512,G4821,GN052,G5623,G1872,G1731,G1835,G5613,GP506,GP512,G5678,G1874,G5129,G1882,G1841,GN022,G5605,G1848,G5624,G1707,G1128,G5679,GN055,G1827,GP502,GL501,GN019,G1642,G1816,G1863,G5615,G1594,G1584,GN020,G5604,GN024,GN021,GN023,G1852,GL514,G1802,G3644,G1847,GN018,G1803,GN002,GN001,GN047,G1817,G1832,G1578,G5640,GN046,GP507,G1864,G1853,G1581,GN031,G5639,GN003,G1123,G1862,G5607,GN015,GN056,GP504,G5507,GN017,GN004,GN048,GN014,GN016,G1873,G5626,G5622,G1875,G1850,GN005,GN030,G3642,GN010,G5601,G4900,G5501,G5603,GN013,G5629,G1592,G3615,GN012,GN009,GN006,G1830,GN011,G3755,G1814,GL507,G1860,GP508,G1870,GN040,GN008,G1573,G1819,GN007,G1577,G1821,G1589,G3660,G1822,G1854,59502,G3670,G1598,G3741,G1834,G1647,G1117,G2967,G1807,G1884,G1892,G1866,GV314,G1826,G1570,G5602,GN044,G2932,G8906,G3613,G5632,G8923,59304,G1813,G5630,GN032,59501,G1836,G3665,G3638,G9013,G1587,GP503,G4824,GN035,G3637,G3735,GN026,G5616,G1115,G3652,GN034,GV312,G1597,GP501,G1127,G1588,G1880,GN025,G1118,G1859,G4822,G3655,G5690,G2935,G1122,GN033,G1868,G4901,G5635,G3632,G1126,G5522,GV213,G1583,G1818,G1194,GM403,G3629,G3769,G4825,G1591,G1805,G1586,G5620,G5608,G1614,G2902,G4902,G8902,GP505,G1849,G1116,G1119,G3673,G3656,G8935,GL506,GM402,GN028,G8936,GP514,G1124,G1582,G8933,GV306,GP509,GP002,G1843,G1114,G8908,G8931,G5314,G1801,G5643,G2939,G2981,G5517,G5500,G8925,GN049,G1576,G1845,GL508,59306,G1648,G1808,GV313,G3628,G1824,GM408,G5618,GV310,G5673,G5672,G9014,GN029,G1879,G8926,G1844,G1643,G2960,G1734,G1869,G5668,G5667,G1838,G1894,G1595,G5515,G5666,G5669,G5636,G5506,G4737,G9011,G8904,GP003,GL516,GN027,G1739,G1505,G1646,G1613,G1840,G2933,G5504,G2968,G8909,G8934,G5502,G1525,GL503,G8918,G1703,G5523,G5519,G8901,GN045,G1572,G1810,GV317,59492,G5686,G5689,GV209,G1782,G1811,G1806,GL505,GV204,GV305,GL504,GP510,GV301,G8919,G2945,G5377,GV309,G4736,G2980,G1571,G2936,G1804,GL502,G1893,G1795,G5309,G5680,G5041,G2952,G1842,GV303,G5631,G2931,G8921,GV001,G9019,GL513,G2934,G2954,G4974,G8955,GM409,G5310,GP001,G8944,G1713,G5455,G5503,G5521,G5462,G5351,GV304,G1733,GN043,GV212,G2940,GL512,G5407,GL509,GP400,G8932,GV010,G1781,G5670,G5671,G4940,G4735,G1790,GM407,G2948,G5352,G8905,G5428,G2966,G1510,G1610,GV014,G1615,G5345,G5379,GV214,G8907,G1722,G5419,G2937,G5633,G1715,G4927,G1507,G1565,G5368,G5128,GL511,G5444,G1794,G5350,G1580,G9012,G4803,G1504,GP004,G2961,G8958,G4706,G8948,G2963,G5450,GV011,G1706,G2982,G5131,G5461,G5324,G2975,G1501,GV307,G1878,G1877,G1746,G9018,G1503,G5336,G1744,G8922,G4957,G5313,G1837,G5408,G1791,59293,GL510,GV206,GP221,G1661,G5376,G1502,G5454,GV217,G4801,G2972,GM405,G1749,GV316,G4925,G8941,G8914,G8924,G2962,GV015,G8943,G5040,G4713,G5378,G8929,GV308,GN042,GV205,G4935,G5411,GV203,G1508,G4929,G1524,G2964,G1796,GV302,G5375,G1527,G5449,G1509,GM404,G5317,GV315,G5370,G5456,G2949,G1711,G5442,G1526,G1612,G1704,G5307,G9020,G1743,G5415,G5510,G5372,G4972,G4731,G8927,G1640,G8942,G5371,G5634,G1735,G8910,G4973,G5311,G2965,GP408,G5380,G5466,G8911,G5344,G2903,G4934,G5399,G2987,G5477,G8952,G5148,G1537,G5410,G1714,G2951,G8959,G5440,G2930,G4936,G5306,GV311,G5224,G8953,G2976,G1649,59303,G4926,G5335,G1789,G4708,G1742,GP005,GV211,G2974,G1798,G4937,GM410,G2938,G2943,GM760,G5328,G5414,G9031,G5315,G1718"
115.30,23.69,0.89,0.81,570,"G1583,G4825,GP503,GP501,G4737,G1570,G1577,G1643,59304,G1589,G4824,GP504,GP502,G1525,G1647,G1584,G4821,GP512,GP400,G1574,G5041,GP505,G4974,G4940,G1642,G1505,G1581,GM402,G1510,G4927,GP511,G1565,GP508,GM408,G1569,GP500,G1613,G1597,G5129,GP513,GP507,G4957,GP509,G4713,G1578,G1576,G4925,G1614,G1593,G4935,GP506,G4929,GM405,GP221,G4736,G4934,GP408,G4901,G1524,G1594,G1537,GM403,G5040,G4926,G1585,G4828,G4936,G5158,G4937,G1504,G1646,G5128,G4972,G4938,G4956,G1575,G4712,G4928,GM410,GN055,G1564,G1862,G1511,G4735,G1648,GP510,G1568,G1615,G1640,GM409,G1861,GP222,GP207,G4939,GN056,G4715,G4718,G4958,G4814,GP424,G1611,GV314,G8923,G4941,59107,G1596,G1503,G4900,G1571,G1852,GN054,G2932,G1874,G1522,G5511,G4968,G5131,G4924,G5692,G4822,G1595,GP514,G4921,G5224,GM407,G1582,GM406,G4902,G8935,G1573,G4955,G1649,GL515,59303,GN050,G4920,G1645,G1609,G5614,G1610,G4907,G4835,G5615,G1535,G5505,GP217,G1851,G2967,G5148,G4919,59293,G5516,G4973,GM401,G2935,G1514,G1644,GV309,G8926,G1532,G1536,G1612,G8933,G1730,G8936,G1592,G4923,G1502,G1802,GP216,G1876,G1588,GV312,GP220,G1598,GL514,G2933,GN038,G4710,G5520,G1512,G5613,GN039,GP002,G1527,G1823,GN051,G5630,G1526,G1860,G1865,G4953,G4706,G5637,G1513,GM404,GV306,G5513,G4841,GP453,G5679,GP001,G1850,G4731,G5508,G1509,GP003,GV310,GM255,G1634,G4803,GP452,G4918,G4954,G2939,G1856,G1858,59306,GP218,GP213,G1521,G1508,GN036,G4922,G2966,G4969,G1580,GP006,G4840,G1885,G1731,GN052,G1520,GN035,G5042,59109,G5113,G4836,G1661,G5509,G1572,G5130,G4739,G5641,GP208,G5642,G1586,G1553,G1563,GP456,G5110,G1633,G8921,G1795,G1591,GP212,G1507,GP219,G4952,G1884,GV313,G4859,G1516,GM253,G8932,GM760,GN053,G4752,G5629,G5126,G1587,G5102,G4812,G5109,G1782,G1534,GV317,G2931,G2968,G4971,G2960,G1815,G1638,G1853,G8925,G4837,G1632,G5628,GP306,G1781,G8931,GP449,G1883,GP211,G4801,GP204,G1506,G5507,G1790,G4970,G1881,G1641,G4916,G1848,G4733,G4751,GP205,G5106,GP005,G8934,G1841,G5377,GP314,GP445,G2963,G1531,G5638,G2964,G5428,G1501,GM254,G4856,G4858,GM251,GP448,GV305,G1515,GP440,G1820,G5105,G8929,GV316,GP214,G4708,G4805,G8906,G1825,G5139,G8902,G4711,G1875,GP004,G2936,GP309,G5111,GP215,G4951,G1556,G5512,GP444,G8927,G1518,G9013,G8918,GV303,G4855,G1636,G9014,G5125,G4917,GM260,G1630,GV213,G1707,G1835,GV301,G5368,GP304,G8909,G5314,59500,G4959,GN037,G1794,GV304,G4717,GP468,GP101,G4915,G5408,G1552,G2937,GL501,G5351,G1832,G5101,GN041,G1635,G4892,G4839,GL507,GM261,G8922,G5370,G1545,G8904,G1713,GP210,G2934,GN048,GV209,G1870,G1561,G2981,G5407,G4741,G5419,G4843,G5003,G1547,G4750,GV308,G5607,G2930,G2902,GM758,G2980,G1796,G1828,G1562,GP308,G4734,G5156,G5127,G5625,G2940,G1749,G4811,G4758,G1746,G1886,G5624,G2962,G5352,G1872,G2961,G5124,G5501,G5157,G5372,G4933,G5632,G5350,G1128,G5369,G5623,G5411,GN022,G1882,G4911,G1567,G4854,G5605,G5678,GM752,G1541,G5376,G4913,G4743,GN044,GV315,G1827,GM252,G5371,G8908,G1631,G5414,GV307,G8924,G4950,G1703,GM257,G5626,G1847,G5500,GN019,G4914,G5103,G1625,G1528,GP200,GN046,G4852,G8965,GP460,GN026,G1836,GN024,G1548,GP305,GN023,G5011,G3644,G2945,GN020,G1555,G5324,G4755,G4975,G1543,GN047,GM256,G1789,G5399,G8905,G1873,G1663,G1704,GN021,G1816,G2938,GM759,G1863,G5517,G1864,GN018,G4894,G9019,G5373,G5604,G5142,G2982,G2926,G5020,GN002,G5640,GV302,G2965,GM115,G5044,GN025,G9011,G5015,G1533,G1123,G5100,G1803,59502,GP202,GN001,G2903,G1817,G1869,GV206,GP209,GL506,G1554,G5375,GP102,G4949,G8901,GP103,G8914,59310,G2997,G4948,G5019,G5140,G5379,G3615,GV311,G4910,G5410,GL508,G5639,GN031,G5108,G5354,GP206,G5378"
115.30,24.15,0.89,0.81,462,"G1535,G4921,59107,G4835,G4814,G4941,G4718,G4715,G4710,G4955,GP424,G4841,G4919,G4939,G4918,G4928,GP453,G4938,G4836,G4958,G4924,GP452,G4953,G1568,G4923,G4937,G4712,G4926,G4934,G1537,G4952,G1611,G1564,G1536,G4837,GP449,GP408,G4956,G1553,G1563,G1532,G4935,G4713,G4936,G1531,GP448,G4916,G4922,GP456,G4711,GP445,G4907,G4925,G4840,G1511,G4920,GP444,G4859,G4929,G1534,GM410,G4927,G4959,G4957,G4954,G1565,G4915,GP309,G4839,GM255,GP222,G4951,G4855,G4717,G4940,G4751,GP207,G1524,GP400,G4812,G1561,G4811,GM401,G4858,G1510,G4917,GP440,GM405,G4750,G1552,GP220,GP468,G1567,G4911,GP314,G4752,G1514,59109,G4972,G5040,G4974,G4913,G1645,GP306,GP460,GP221,G1562,G4852,G5101,G4854,G1555,G1522,GP308,G5041,G1520,G5102,G4758,G1525,G4914,G4950,G4910,G4737,G1556,GM253,G1513,G4909,G1640,GP217,G5110,GP304,GP216,G4968,G4714,G1533,G1630,GM257,G4860,G5127,G1634,G4739,G1643,G4948,G4912,G5126,G1633,G4933,G4949,G1609,G1551,GP476,G1504,GM406,G4970,G5109,G5100,G4838,G1512,GP219,GM260,G4755,G1558,GM254,G1635,GP481,G5113,GP302,G4947,G1547,G1505,G4863,G5128,GP301,G1636,G5124,G4861,G1583,G4825,G4971,G1566,G1530,G1545,G5107,G5108,G1559,G5224,GM258,G4945,G4946,59099,G5105,GP305,GP218,G1613,G1521,GM256,G4743,G1638,G1649,59303,G5111,G1644,G4831,G4741,G1637,GP215,GP501,GP101,G4736,GP503,G4753,G1515,G4815,GM408,GP480,GP310,G1615,G1554,G5103,G4908,G4735,G4832,GM251,G1503,G4824,GP505,GP303,G4942,G4816,G1570,GM102,GP307,59304,G4943,GP204,GM402,G5106,G4892,G5148,G1590,GM259,G4754,GM252,G5104,G1538,G1577,GP300,G5009,GP212,G1589,G1543,GM409,G1541,G4757,GP102,G5131,G1576,GP311,G1550,G5212,G4973,G4903,G4817,GP205,G4813,G4833,GM262,GP509,G1518,G1548,G1647,G1560,G4756,GM551,G1632,G1631,G1516,GM104,GP510,G1646,G4904,GP504,G4759,G4898,GP211,GP103,G4969,G1612,G4944,G1614,G4893,G5042,G5008,GM101,GP312,G4905,G1597,G5021,G5120,G4906,GP208,GP213,GP313,59293,G4719,GP502,GM407,G1683,G5132,G1571,GP508,G1584,G4862,G1527,G5003,G1626,G1502,G1623,G1526,G1610,G5020,GM403,G1604,G1581,GP006,G1648,G5130,G4901,GM109,G4894,G1557,G4821,GM116,G4731,GP214,G1642,GM404,GP512,G1625,G5219,G5221,GP111,59106,G5204,G1509,GM115,G1681,G1574,GM261,GP507,G1682,GM557,G1696,G1578,G1641,G1528,G4895,GP109,G5213,G5125,GP511,G1569,G1508,G1695,G5129,GP500,GM760,G1690,G4706,GP112,G4650,G1595,59117,G1546,G5208,G4856,G1627,G1686,G1506,G1629,G5156,G4733,GP513,GV309,G4805,G5122,G4803,GP506,G4891,G1544,GP210,G1694,G1594,G4845,G5209,G1684,G5218,G1661,G1602,G1692,GP514,G1605,G1580,G1593,GM110,G1582,G1601,G4847,GP209,GM758,G1680,GP001,G1862,G5135,GM107,GP114,G1608,GP005,G5139,GM108,G8923,G8935,G1603,GM005,G4896,GV314,59096,G4902,G1600,G5222,G2966,G5005,GN055,G2932,GM106,G2933,G4822,G5158,G8926,G5211,G1607,GN056,G1685,G4828,G4708,GP110,G4734,G1507,G1699,G4900,G1585,G1660,G5031,G4740,GM553,GM552,GM003,G1517,G5142,G4801,G4742,GM754,GF805"
115.30,24.62,0.89,0.81,354,"G4815,GP480,G1530,G4942,G4838,GP481,G1538,G4816,GP476,G4863,G4817,G4909,G1566,G4904,G4813,G4912,G4903,G4910,G4908,G4947,G4945,G4946,G4906,G1558,G4719,GP310,G1560,GP460,G4943,G1555,G1567,G4905,G4714,G4911,G4852,G4860,GP301,G1590,G4811,G4944,G4913,G1551,G4839,GP311,G4915,G1561,G1533,GM259,G4854,G4914,G4959,G4750,G5107,G4948,G4711,GP307,GP444,GP448,G4717,G4861,G1531,G1550,G4950,GP302,G4949,GP449,G4757,GP445,GP312,G4916,G1562,G4837,G4855,GP309,GP308,G1552,G4951,G4832,GM258,G4952,G4836,GP468,G4758,GM257,G4753,G5100,GP300,59099,G4917,G1553,G1563,G4918,G1559,G5101,G1534,G4841,GP452,GP453,GP456,G4751,G4859,G4858,GP440,G4755,G4953,G4710,G4922,G5108,G5212,G1637,GP314,G4840,GP313,G4933,G5127,G4812,G1535,G4923,G4835,G4919,G5104,G4754,G1682,G5208,G4833,G1683,GM262,G4831,G4954,G1536,G4955,GP303,G4921,G1684,GP306,G5219,GP304,G4752,G1532,GM255,G1556,G5122,G5120,GM551,G4756,G1557,59107,GM256,GM104,G4759,G4941,G4924,G1630,G4814,G5132,59109,GP305,G4862,GP424,G4718,G4715,G5124,GM553,G5123,59106,G5204,G4907,G1554,G5008,G5009,G4939,GM102,G1680,G4958,G5102,G1547,G4920,G1635,G1611,G1696,G5221,G4743,G5214,G5133,G1568,G1520,G4928,GM253,GM557,G4938,GP220,GM260,GM401,G5211,G5058,G4712,G1564,GM554,GP109,G5110,G5218,G4937,G1545,G5103,G1514,G4926,G4898,G4956,G1685,GM101,G1537,GM254,G4934,G4970,GP102,G1511,G5126,G1636,G1681,G4936,GP408,G1686,G4739,GP222,G1513,G5209,GM555,GM410,G1645,G1633,G4741,G5109,GP207,GM552,G4935,G1543,G4713,G1634,GP219,G1626,G4891,G4929,G5213,G5059,G4893,GM252,G4925,GP216,G5105,G5217,GP101,G1687,G5021,G1522,G5113,G1544,G5206,GP217,G4971,GM658,G1541,G1524,G4957,G1688,GP111,G5220,G5111,GP103,G5121,G5207,G4927,GP215,G1565,G1548,G5210,G4972,GM405,G4845,G1512,G5031,G5040,G1515,G4892,G1690,GM556,G4968,G1631,G4940,G1623,G5032,GP110,G1638,GP400,GP221,G1510,GM109,G1609,GM251,G1546,G1640,G1604,GM653,GM406,GM107,GM108,G1521,GP218,G5005,GP114,G4895,G4974,G1676,G5137,G5036,G1671,GP204,G5106,G1672,G1695,59096,G5041,GM654,GP112,G5034,GM652,59117,G1694,G4896,G1691,G1602,GM651,GM116,G5020,GF408,G1518,G4847,G5033,G1678,GM106,G1525,G1504,59114,G5224,G1629,G1432,G1699,GP113,G1644,GP205,G1600,G4748,G4894,GP212,G4737"
115.30,25.08,0.90,0.81,168,"G4719,G4906,G4904,G4817,G4905,G4813,G4903,G1538,G1560,G4944,G4942,G4816,GP480,G4815,G4943,G4908,G1590,GP310,G1530,GP311,G5123,G1566,G4863,G4945,G4946,GP481,G4838,GP312,GM259,G4947,GP476,G1550,G1558,G4912,GF402,GP307,GP301,G5133,GM553,G1684,G4909,G4757,G5208,GM554,G9885,G4910,G4457,G5214,G5058,G4714,G4860,GF407,G5107,G5122,G1551,G1682,G5217,G4465,GF408,GP460,G1555,G1687,G4451,G5206,G4861,GP300,G4832,G4852,G1567,G4911,G1432,G1433,G1680,G1533,GM555,G4948,G4913,GP302,GP313,G4753,G4811,GM258,G4433,G4914,G5219,G4949,G5211,G4461,G4854,G5210,G5059,G1683,G4839,59099,G5212,G1561,G4950,G4750,G4915,G1685,G1557,G1559,G4959,G5100,GF404,G4717,G1562,G4456,59106,GM257,G1688,GP444,G5204,G4711,G5120,G4833,GP308,G1696,G5220,GM556,G4452,G4464,G5218,G1637,GP448,GM262,G5104,G1531,G4758,G4862,G1431,G4754,G1552,GM552,G5132,G4855,G5207,G5108,G4449,GP445,G4755,GP309,GP468,GM557,G5221,GP449,G4951,GM551,G4916,G4756,G4837,G5121,G4759,GM104,GP303,G4917,G5101,GP109,G4455,G4831,GF405,G5008,G5209,G4458,G4952,G4933,G4836,GF403"
115.75,22.31,0.88,0.81,169,"G1811,G5689,G5686,G1810,GN027,G5666,G5669,GN029,G1879,G5672,G5673,G5618,G5671,G5670,G1801,G1808,GN028,G5620,G1804,G1805,G1877,G1878,G5668,G5667,G1837,G5643,GN043,G5636,G1843,GN034,G1880,G5631,G5616,GN045,GN032,G5690,GN033,G1868,G1807,G1822,G1834,59503,59501,G5611,G1819,G1845,GN042,G1842,G1854,G5602,GN049,G5635,G5634,G5633,G1892,G1814,G5603,G5622,G1833,GN031,G5601,59502,G5640,G5608,G1873,G1844,GN047,G1813,G2951,GN018,G1817,GN046,GN023,GN021,G1847,G5680,GN024,G2972,G1893,GN020,G2954,G5626,GV009,G1849,G5612,GN030,GN019,G1827,G1806,GV014,GN025,G1840,GN011,G3652,G1830,G1863,G8959,GN022,G5624,GV011,GN013,G5605,G8955,G8941,G5604,G1836,GN017,G1872,GN012,G1816,GN026,G8948,GN008,GN009,GN014,GN016,G2976,G1838,GN044,G2973,G1828,G3613,GN010,G5607,GN003,GN041,GN007,G8942,GV015,G9042,GN015,G9043,G3665,GV001,GN048,G9040,G5678,G1886,GN005,G5632,GN004,G8944,G1803,G1832,GN001,G3735,GN006,G1826,G1835,GN040,G9041,G1127,G8943,G5623,G2952,G2955,G1870,G1122,G1114,G1894,G9031,G5639,G8952,GN002,G3673,G3632,G3638,G1824,G5523"
115.75,22.77,0.88,0.81,436,"G5667,G5668,G5670,G5671,G1804,G5643,G5636,G1843,GN045,G5673,G5672,GN043,G1868,G1879,G1845,G5631,G1880,G5666,G5669,G5635,G1878,G1877,GN049,G1810,G1837,G1892,G5620,G1811,G5689,G5686,G5608,G1842,G1834,59502,GN028,G1844,GN029,GN027,G1822,G1849,G1801,GN034,GN025,G5618,G1873,G5626,G1805,G5633,G5680,G1893,G1840,GN042,G1836,G1806,GN046,G2954,GN026,GN044,G1847,G1819,GN047,GN032,G5607,G1838,G5634,GV014,G1807,G5640,G5632,GN023,G8955,GN048,G1808,G5616,G2972,GN024,GN031,G1832,GN018,G1827,59503,G5611,G1870,G5624,GN020,GV011,G1833,G2951,GN021,GN019,G5622,GV001,G1835,G1894,GN041,G8948,G8941,G1817,G8944,G5690,GN022,59501,G1854,G2952,G5603,GV009,GN033,G8959,G1814,G1872,G1869,G1841,GV015,G5605,G1848,G1875,G5601,G8942,G1828,G2976,G5628,G8943,G8908,G5602,G9011,G5612,G1863,GN053,GV010,G1881,G1815,G2902,G1853,G2973,G1820,G8952,G2948,GV204,G9013,GN030,G5604,G5641,G1886,G9031,G8901,G8906,GN052,G1816,G1885,G8919,G2955,G9040,G1856,G5678,G1813,G9042,G9041,G5629,G2975,GV213,59500,G2974,GN011,G8958,G9043,G2981,GN017,G1830,G5623,G5638,G5679,GN013,G1865,GN051,G5642,GV004,GN014,GN016,GN003,G5613,GN012,GV003,GV000,G1884,G1876,GN015,G1803,G1823,GN009,GN001,GN010,GN036,G1883,G8902,GN008,G1825,G2945,G1850,GV212,G3652,GN004,G1851,G2977,G5625,GN005,G1882,GN038,GN007,G8949,G1802,GN039,G5614,GN002,G9019,G1858,G5637,G8953,G8904,GN006,59317,GV214,G3613,GN050,G5639,G8947,G2904,GN035,G8954,G9012,G1860,GN040,G5615,GN037,G2953,G9014,G8907,G5692,G2959,G5520,G3665,G2970,G9018,G1826,GL515,G9020,G1730,GN054,G3735,GV211,G5516,GV005,G1874,GV209,G8915,G8931,G5630,59511,G1127,G9032,G2980,G8905,G3755,G3670,G3644,G1123,G1128,G3638,G8925,G8909,G8910,G2987,G3660,G1122,G2978,G8945,G3642,G5509,G1864,G1861,GV002,G1852,G8956,G1118,G1379,G2967,G3632,GV205,G2949,G1117,GV312,G8918,G1821,G2960,GV203,G2944,G2971,GV201,GV217,G1115,G1372,G3673,GV313,G2982,G3769,G2940,GV301,G1114,G3741,G2943,G1575,G1859,GV206,G2934,G8934,G2935,GN056,G4828,G5158,G1119,GN055,G3615,G2957,GV007,G3637,G2939,G8914,GV210,GV306,G1824,G2983,GV012,GV006,G5505,G3629,GV305,59306,G5511,G2936,GD702,G2968,G1862,G8911,G1378,G1585,G3628,G1818,GV307,G2932,G8903,G2942,G1866,GV303,GV207,GV310,GV314,G5523,G5512,GV304,G1194,GV218,G8923,G1124,G8936,G2961,G3655,G9015,G8933,GV317,GV202,G1116,GV302,G8946,G9044,G1342,GV008,G2946,G9016,G5506,G8917,GL501,G8916,G8924,G1707,GL503,G1371,GV013,GL502,G1593,G3656,G2937,G1126,G1373,G5129,G8935,G5519,59314,G2956,G8951,G2950,G2903,G2965,GD701,G1376,GV311,G1569,G8926,G2947,G5508,G2941,GP511,G2931,G8900,G4146,G2962,G1734,GV215,GV315,G1347,G8913,GV216,G8922,G2933,G2984,G5501,G8957,G1374,G8921,G1377,G1642,GL516,GV208,G4147,GL511,GV308,GP512,G5513"
115.75,23.23,0.88,0.81,612,"G5629,G8906,G9013,G1884,GV213,G1850,G1853,G1875,GN035,G2902,G1860,G8902,G5679,G1802,G2981,G5613,G5630,G1870,G8908,G5615,GN052,G5632,G1885,GN051,G1876,G9014,G8931,G2967,GN050,GN053,G1848,GV312,G8904,GN044,G8925,G9011,G1869,GN048,G1841,GN026,G1856,G1874,G1832,G1836,G1852,G1894,G1851,G8901,G2935,G5607,G2960,GV313,G8909,G2945,GV204,GN025,G8919,GV209,GV306,G2939,G1838,GN056,G8918,G2980,G1849,59306,G8934,G2932,G9019,G5628,GN054,GV314,G1861,G1835,GN055,GV301,G1862,G8923,G8936,GV310,GV212,G5608,G2968,G8933,G5692,G1840,G2952,G1865,GV305,G5614,G5641,G1844,G2936,G2934,G8905,59502,G5626,GV010,G1815,GV214,GV001,G2940,G2948,G8907,GV317,G5635,G1806,G8935,GN049,G8944,G5158,GV303,G9012,G1892,G8926,GV304,G1881,G8955,G1893,G8958,G1823,G5680,G1845,G9018,G4828,G2982,G2975,GN041,G2954,G1873,G2933,GV217,GV206,G2931,G2961,GN046,GV307,G1575,G2937,GV014,GV205,G8914,GV203,G8948,G5129,G5624,G8921,G1868,GN038,G1847,G1842,G2949,GL515,G9020,GV011,G1820,GN045,G8910,G8924,G8943,GN039,G5642,GV015,GV302,G1843,G2987,G5636,G8932,G5633,GN047,G1827,GM403,G5643,G8911,G8941,GN036,G8922,G1569,G5668,G5667,G2962,G8953,G5631,GN023,GV211,G1585,G5637,G1834,G2972,GN024,G2943,G1642,GV309,GV315,G2965,GV308,G8952,G1648,G5516,G2903,G8942,G5520,GN022,G2963,G2953,G2974,GV201,GP511,GV202,GV311,G1730,GN043,GN019,G1880,G1872,G1822,G1858,G5640,G1804,G8903,G1593,G2966,G1828,GN020,GN018,G2946,G9031,GP512,G8949,G2976,G1614,G5638,G8959,GV000,G1584,GN021,G8915,G8916,GN042,G2938,G5605,G8900,GV316,GV207,59314,GN031,G5634,G2951,G1883,G8929,GV218,G2944,GV210,59500,G1877,G1878,G8928,G1837,G1647,G2970,G2955,G8965,G2983,G8917,G2941,G2942,G2930,G1817,G2964,G5670,G5671,GV208,G1646,G1886,G1819,GV009,G1833,G2973,G8927,GN034,G9015,G5511,G1825,G1661,G9022,GV004,G9021,GM402,G8964,G5622,G1574,G8954,G5620,G9040,G1863,G8913,G2926,GP502,G9041,G5673,G5672,G1610,G1577,G9016,G1807,G5505,GM407,G1378,G1879,G5678,GN032,G2947,G2984,G5611,G5603,GV215,G5612,GM752,GM408,G2985,G5509,G5623,59503,GV216,GV003,G1816,G5604,GN028,G4821,G9042,GP513,G2986,G5601,G1379,G1805,G2959,G1814,GV219,G2992,G9032,GM409,G5616,G2977,G8912,G5669,G5666,GD702,GN037,G1376,G2922,GP501,G1854,G5625,G9043,G4146,G1801,G2997,G1347,G1663,G1613,GM404,GN029,G9017,G8945,59317,G1342,GV103,G1373,59501,GN030,G2927,G5139,GM760,G1882,GP500,G5618,GD405,G4147,G1810,G2904,GN027,G2912,G5131,G8947,GM759,G2921,G5690,G1372,G1615,G2925,G5602,GV002,GN017,G1803,G5686,G5689,G1811,G9002,G2978,GN001,GN033,GV005,GN003,GP504,G1612,G5044,G2913,GN014,GN016,GN015,G1583,G2906,GD402,GN011,GN013,G4148,GN002,G1830,G1808,G1340,GV105,GV101,GN004,GN012,GN010,G5157,G5130,GD404,G2908,G1345,G1128,G8961,GD701,GN009,G2924,G1641,G5639,GD403,G8956,GP506,GN005,G1813,G5128,G2909,G1643,G5508,GV104,G2928,G5019,GV012,GN008,G1341,G8967,G1317,59511,G5012,G2957,G5148,G3644,G2905,G1371,G1374,G5015,G5512,G9001,GN006,G8962,GP503,G1589,GN007,59310,G5140,G1581,G1123,G1346,G1570,G1596,G2910,GN040,G1864,GD409,G5513,G1377,G8960,G2907,G2971,59303,G1649,G1594,G5125,59304,G1578,GP507,G1316,G1707,G3652,G5041,G5042,G5011,G3642,GD408,G3613,G4825,G3755,GM758,G4824,G1731,G5224,G2911,GV008,G9003,59315,GL501,GV102,G8963,G2993,GD406,GV007,G1826,G2901,GV006,G8969,G8951,G1348,G8966,G3665,G3670,G5045,G3660,G1644,G4737,G2956,GP508,G2998,G4111,G5016,G3735,GV106,G1821,G3615,G1117,G5037,G3638,G2991,G1640,G1127,G3741,GM751,G1375,G1343,G5156,G2950,GL514,GV107,G5142,G5040,GV013,GD410,G8946,GM406,G8957,G1122,G1118,G2929,G5043,G1115,GM405,GM261,G3632,59318,G3637,G1866,G9044,G1609,G1632,G1859,GP400,G9000,G2920,G9004,G1597,G4900,G1525,G5501,G1318,G2990,G5507,G4141,G4940,G8968,GP505,G3769,GU012,G2994,G2923,G1344,G1592,G1565,G3673,G3655,G3629,G1573,G1818,G1119,GL507,GU011,G1660,G1194,G4929,GM761,G4901,GD407"
115.75,23.69,0.89,0.81,659,"G1646,GM407,G1648,G1610,GM409,GV309,G5131,GM403,G1615,G1614,GM404,G1612,G2933,G2966,G1661,GM408,GM402,G8926,G8935,G1613,G5148,G5128,GM760,G8932,G5130,G8933,G8921,G8936,59303,G1649,G8923,GV314,G2964,G2932,G5224,GV310,G8929,GV316,G2931,G1641,G2963,G5139,G5042,G1644,G8927,G1647,G2935,59306,GV306,G2939,GV317,G1862,G1640,G2968,GN056,GV312,G5125,GM406,G2967,GV313,G1609,G2930,GV305,G8922,GP501,GV303,G1577,G2960,G2936,G8934,G1632,G5041,G5040,GN055,G2937,G1642,G5630,GV308,G1852,G5157,GM758,G1643,GV304,G5129,GM752,G8925,G1584,GM405,GM261,GV301,G2962,G8931,G8918,G5156,G1860,G1583,G1663,GM759,G8965,GN035,G5011,GV315,G2934,G8909,GP512,G1874,G5106,G2961,G1569,G5044,G5615,G5015,G2926,G5158,G1645,G2938,G5019,G2940,G2997,G8924,G9014,G1638,59310,G5140,G1861,G1802,G5142,G1850,G5113,G5003,G1634,GV307,GV209,GP511,GM410,GM251,G5045,G1884,G4929,G2980,G8964,G5012,GP502,G2965,GN050,G8902,G4828,G8928,GP400,G2903,G4940,G8904,G2921,GV302,G4737,GV311,G2992,G1565,G5037,G4936,G1633,G1660,GM401,GN054,G5109,G5016,G5111,G2982,G2927,G9001,G8961,G5613,G9022,G5105,G5126,G5629,G8914,G1625,GV206,G5679,G2922,GV213,G8905,GP408,G1876,G8960,G9021,G8900,G5110,G1575,G4935,G9002,G2981,G1851,G1574,GV217,G1593,G8906,G1611,G1664,G4907,G4927,G5692,GN051,GM253,G1537,GV219,GV208,G4825,GM751,G4712,G9013,GM254,G8962,G8911,GP503,G4821,GM115,G5043,GV202,G2945,G8912,G4937,G9019,G1568,G2985,GP504,G2924,G1636,G1585,G2993,G2925,GV103,GV104,G1525,G4713,59314,G4934,GV203,G2946,G1853,G5102,G8907,59109,GM110,GV205,G2941,G5020,G8916,G2902,G1570,G4924,GN052,G1631,G1885,G5614,G4939,GV105,GM761,G5017,GM260,G1532,GM255,GV212,G1589,GV214,G2949,G8903,G2913,G2928,G4928,G1856,59304,G5013,G2912,G9012,GP424,G4824,G9018,GM116,G1875,G4954,G9003,G4938,G2986,GM252,G8908,G2943,G2905,G4941,G8913,G1627,GP513,GM762,GN053,GV101,G8901,G4974,G8910,G1630,G1635,G1510,GV207,G1662,G2908,G4926,G4925,G8919,G8917,GM754,G4923,G4955,G2987,G9011,GV204,G1865,GV218,GP500,G2901,G4957,G4840,G2909,G1848,G9020,G4921,G4812,G2984,GV102,GV201,GL515,G2906,G1608,G4922,G1869,G1841,GM764,G5103,G1823,G1870,G4814,G2907,GV216,59315,G1604,59107,GV215,G2998,G2947,G9017,G2942,G9015,G8967,G5124,G1581,G4953,G4718,G4715,G5632,GM757,G5641,GV210,G1894,G1623,G5628,GV211,GP456,G4148,GN038,G8958,G1535,G8963,G1505,GP440,G4956,GV106,GP505,GM109,G1534,G2983,G1832,GN048,G1564,G2948,G1605,GM005,G5021,GN039,G5516,G1345,G5010,GN044,GP508,GP452,G1815,G9016,G2975,GV010,G5511,G1563,GP453,GD405,GM004,GP506,GM756,GN026,G2820,G5127,G5607,G1730,G4958,G1695,GP507,G1524,G1629,GM256,G1666,G2944,G2910,G8953,G1836,G1835,G5520,G1578,G2911,59117,G4841,G2952,G4917,G1838,G5101,G1603,G5637,G1347,G2953,G4835,G2929,G4146,G1881,GM003,G1606,G8915,G1511,G8966,G1692,G1597,G5018,GP221,G1376,GV107,GN036,GU029,G1607,GD403,GM102,G4952,G4147,G2994,GP468,G1601,GN025,GD406,G4951,G5642,GV001,G5135,GD404,G8944,G1594,G1378,G1667,GU027,G1858,G1340,G4710,G1316,G1694,G5505,G4919,G1849,GP509,G2923,G2819,G4972,GM101,G1626,G4916,G1576,G5009,G1840,G2991,GP222,G8949,G5222,G4918,G8968,G1602,GD402,G1820,GU005,G1373,GN041,G8969,G4836,GP207,G5001,G1562,G1806,G2970,GU001,G8955,G5608,G5108,GM257,G5143,G5626,GP449,G2990,G1600,G1844,G4717,GU002,GU006,G1504,G1690,G4736,G4901,G2811,G8943,G5138,G2974,59502,G1342,GU007,G1893,GM755,GM002,GV000,GD702,G1536,G8948,G5100,G5680,G1596,G2827,G2812,G1668,G5635,G4920,G2954,GU012,G5638,G4950,GN049,G1883,GV015,G1637,G8952,GD409,G5624,G4959,GM006,G1892,G9004,GV014,GM106,GV011,G1348,G1873,GM001,G4711,G2810,G1341,GN046,G1561,GP448,G2824,G4837,G5509,G9031,G1847,GU018,GU030,G8941,G1522,G1699,G2920,G1317,G4914,G5008,GM883,G8942,G1845,GD408,G4949,GM104,G1379,G1531,G2813,G5104,GM551,G2880,GU000,G8954,G5014,G1827,G4735,G2806,G1553,G2826,59500,G1825,GM882,G4900,G1828,G5213,GU011,GU020,GM262,GU036,G1872,G4968,GN022,GP510,G4948,GN047,G5141,GN023,GU008,GM107,G1533,GU009,G2976,G1346,G2972,G1842,G2817,GN024,G4913,GM258,GM108,G1681,G2955,GU035,GU013,G2884,G1374,G4811,G9000,G9032,GP445,G5633,G1514,GN019,G5508,G1868,GD701,G2805,GU014,G2882"
115.75,24.15,0.89,0.81,550,"G5109,G5126,GM254,G1633,G1636,G5105,G5110,G5113,GM260,GM253,G1634,G5111,G5102,G1638,G1635,GM251,G1630,59109,GM252,G5106,G5103,G5124,G1645,GM401,G1631,G1609,GM255,GM406,GM256,G4812,G5127,G4954,G1632,G1644,G4907,GM102,GP440,G5020,G5021,G5224,G4840,G5101,G1532,G1640,G5003,GM116,G1649,G1623,59303,G1604,G5009,G4922,G1625,GM109,G4917,G5108,GM101,GM115,G1534,GP456,GP468,G5148,G5042,GM257,G1626,GM410,G5040,G1611,G1637,G4923,G5100,G4924,G1562,G4951,G1695,G1627,GM405,G5128,G1563,GM261,G4953,G5104,59117,GM104,GM551,G5008,G4950,G1629,G4936,GM262,G1612,G4955,G4949,G1690,G1568,G1615,G5131,GP452,G1605,G4929,GM258,G1694,GM110,G5130,G1692,G4939,G4717,G1608,GP424,G4712,G1601,G4952,GP453,G4914,GM005,G5125,G4916,G5156,G4948,G1602,G5212,G1603,G5135,G1681,GP408,G5132,G5213,G4921,G5120,G4941,G1533,G1641,G4937,G5222,G4841,G1607,G1537,GM409,G1600,G1561,G1535,G4959,GM003,GM404,GM754,G5221,GM106,G4928,G5107,G5041,GP449,GM004,G4913,GM107,G4935,G4934,GM758,G1683,GM108,GM407,G1660,GM760,G1699,G1613,G5204,59106,GM557,G5005,G5001,G1565,G4938,G1610,GM006,G1686,GM764,G4711,G4836,59107,G4814,G4714,G4811,G5142,G1696,G4940,GP400,G4918,G4713,G1664,GP448,G5219,GM408,GM762,G1646,G4718,G4835,G4715,G5209,G4710,G1606,G5139,G4911,G5013,G4926,G4927,G5011,G1531,GM105,GM259,G5031,G4837,G4839,G1643,GM001,GM654,G5218,GM402,G4947,G1661,G4912,G5157,G4919,G1671,GM002,G4945,G4946,G5017,G1567,G4958,G1682,G4915,GP444,GM757,G5045,G5134,G5002,G5010,G1648,G4925,GP476,G1566,G1564,G1614,GM658,GP445,G5004,G5037,G4956,G4909,GP460,GV309,GP481,G4737,GM755,G5015,G5036,G1553,59310,G5140,GM552,G4943,G4957,G5122,G4908,G2966,G1685,G5032,G1691,G5208,G2964,G1676,G1680,G5018,GM882,GM403,G1536,GM883,G5016,G5019,G5034,G5211,G8927,G1662,G1583,GP501,G4910,GM761,G4838,G1510,G1555,G1525,G8929,G4852,G1530,G1684,G1647,G1511,GV316,GP309,G5044,G4855,GM653,G1622,G5043,G5022,G5012,GM651,G4750,GM759,G4974,G4859,GM652,G4944,G5121,G1666,GM656,GM751,G5137,G1620,G4816,G5028,G2933,G8932,G1560,G1577,G4920,G1524,G2963,GM752,G5143,G1663,59114,G1678,GP222,G5207,G8921,G8926,G2930,G4905,G8935,G4815,G8960,G5014,G4854,G4751,G1552,G9001,G1618,GP480,G1655,GM553,G5030,G4813,G4942,GP207,G1673,G4863,G5220,G1672,G1668,G1619,G1688,G4825,G5214,GM655,G1617,G5033,G4858,G2931,G1628,G2997,GM111,G4860,GP221,G2993,G8961,G4972,G5023,G5059,GM555,G5058,G8933,G1558,G5026,G4817,G2921,GM886,GP308,G8936,G8923,GP314,G4906,GV314,G1624,G8962,G5133,G2926,GP503,GP220,G1584,G2932,G5138,GM887,GV310,G1667,GV308,G8922,G1642,GM112,G4752,G1514,G4758,GM556,G8965,G1538,G5006,GM554,G1551,GV317,G4719,GM119,GP306,G1665,GP301,59306,G1522,GM113,G4904,G5123,G1675,GV306,GM894,G1862,G2927,G2935,GV104,G2992,G5136,G2939,G2937,G1505,G2924,G9002,GM756,G1570,G2968,G2962,GP502,G5047,G5129,GP512,G8964,G4824,GM891,G5210,G5052,59304,GM885,GP310,G5053,GN056,G1520,G2938,G4903,GV303,G9003,GV315,G1589,GV305,G2922,G2936,GV304,GP504,G1556,GV312,GM121,GV313,G4968,G1569,G1504,GP302,GP217,G2967,GN055,GP304,G8934,G1513,G1687,G4861,G8928,G2925,GP216,G2928,G2820,G2960,G1677,GM900,G5206,G5217,GV105,GP511,G2901,G2961,G5141,G4933,G8924,G1590,G1852,GP505,GV301,GV103,G9022,G1651,G1674,GM114,GV219,G4755,GM103,G2965,G5630,G8912,G2905,GV102,GM896,G8918,G8925,G9021,G5007,G5035,G4739,G2811,G4821,G2903,G2913,G2934,GV311,G5144,G1574,G5158,GU027,GU002,GV307,GM899,59099,G8931,G2985,G1559,G5201,G2998,G1653,GM120"
115.75,24.62,0.89,0.81,379,"G1682,G5219,G1683,G5212,G5208,G5122,G5120,59106,G5204,G1684,GM262,G1696,G5132,G1680,G5104,GM259,G5221,GM551,GM557,GM258,GM104,G5218,G1637,G5211,G5107,G5008,G1685,GM553,G5108,G5209,G5214,G1686,G5100,GM552,G4949,G1681,G5058,G5009,G4948,G4944,G5133,G4943,GM257,G5123,GM555,GM554,GM102,GM658,G1533,G4946,G4945,G5213,G4950,GM256,G5059,G4908,G5121,GM101,G5207,G1688,G1560,G5220,G4947,G4914,G4905,G5127,G5031,G5032,G4714,G1566,G1626,G1562,G5124,GM653,G5101,GM556,G5210,G1687,G4816,G4912,GP468,G5103,G5217,G5206,G1676,G4813,G5137,G5036,G4913,G1690,G5005,GM108,GM107,GP476,G4917,GP481,G5021,G1672,G1671,G1635,G4906,G5034,GM652,G1630,GP440,G1691,GM654,GM651,G1561,G1678,G4717,G4951,G5033,G1530,59114,G4719,G4942,G4817,GM260,GM252,G1623,GM656,G4838,GM109,G4815,G4812,G4811,GP480,G4911,G4909,G1534,G5004,G4959,GM106,G1675,G1604,G1673,G1699,G1636,G1602,G5102,G1694,GM254,G4904,G1695,GP456,G4916,59109,59117,G1600,GM253,G4840,G1674,GM105,G5136,G1631,G1563,G4922,G1538,G4954,G1567,G5110,GM255,G1629,G5222,G5126,GM655,G1601,G1692,G4910,G5105,G5035,G4711,GP460,G4952,G5135,G5109,GM006,G5030,GP449,G5111,G1633,G4839,G4863,GP452,GM116,G4903,G4953,GP448,G1603,G5134,G1532,G5020,G1607,G1555,G1605,GP453,G4923,G5113,G1634,G1677,GM401,G5001,G4915,G1531,GM251,G4852,G5028,GM111,G4841,G4907,GM005,G1638,G5002,G4836,G5006,GM003,GP444,G1627,G1558,G4837,G1645,GP310,GM115,G1622,G4955,G5106,G1608,G4918,G4860,GM001,G4924,G1670,GP445,G1625,GM004,GM657,G5000,G4750,G1535,G1611,GP301,G4921,GM103,G1624,G1590,GM112,G1620,G4854,G5003,G4710,GM113,GM659,G1551,GP424,G1609,GM119,G1619,G4941,GM002,G5007,GM117,G1618,G4855,G4939,G5022,G5023,GP309,GM114,G1617,GM110,G1553,G1568,GM121,GM406,G4835,GP311,G1632,G1606,GM410,G1628,GM754,GM886,GM882,G4712,59107,G1552,GM764,G4919,G4936,G4814,GM120,G1644,GM883,G1640,GP308,G4928,G4861,GP307,G4937,G4718,G4859,GM755,G4715,G5224,GP408,GP302,G1537,G5040,G1550,G4938,G4929,G1649,G4758,59303,GM405,GM261,G4751,G4934,G5024,G1536,G4757,G5047,GP312,G4858,G1655,G5042,GM118,GM762,G4958,G4935,GM896,G5148,G4832,G4926,G5156,GM893,GP314,G5010,59099,G4753,G1660,G4713,G5053,G5128,G5013,GM757,GP300,G1564,G1559,GM885,G1651,G1664,G1565,G5125,G5018,G4755,G5026,G4956,G5050,G4920,G5130,G5201,G1612,G5014,GM892,G4752,G4940,GP306,G4933,G1615,G4927,G5131,GP400,G5041,G1641,GM758,G5142,G4925"
115.75,25.08,0.90,0.81,162,"G5123,G5217,G5133,G5206,GM554,G1687,G5058,GM553,G5214,G5210,GM555,G1684,G5059,G5208,G5122,GM556,G1680,G5211,G1688,G1682,G5220,G4944,G4905,G1685,G5207,G1674,G1560,G4906,G5121,G4719,GM552,G5219,GM259,G5218,G4943,G5035,G4813,G1672,G1683,G1696,G4908,G1675,59106,G5204,GM653,GM658,G4816,G4817,G5033,G4904,G5032,G5137,GM557,G5209,G4946,G4945,G5136,G5212,G5221,G5120,G4942,G1678,G5132,G5107,59114,G1686,GM652,G1566,G4947,GM651,G4815,G1676,GP480,G1538,GM262,GM258,GM659,GM657,G5034,G1673,G5031,G5104,G5036,GM551,G1530,GM104,G1677,GP481,G4903,G1670,GM656,G5008,G1691,G1681,GP476,G1637,G4912,G4948,G4949,G4714,G1533,G4838,G1671,G5100,GM655,G5213,G5108,G5000,GM654,G4914,G4950,G5030,G5009,GM257,G4909,G5005,G5004,G4863,GM117,G4913,GM108,GM107,GM101,GM102,GP310,G5006,G1562,GM103,G1626,GM256,G4910,G1590,G4911,GM111,G1690,G5127,G1561,G4811,G5101,GP468,G1558,GP460,G5007,G1567,G4717,GP311,GM105,G5124,G4917,G1699,GM114,G5028,G4959,GM106,G1555,G4951,G5021,GP301,G5103,G4852,GP440,G4860"
116.20,22.31,0.88,0.81,105,"59503,G5611,G1837,G1877,G1878,G5671,G5670,G5612,G1833,GN042,G5634,GV009,GN043,G2951,G9043,G1804,G9042,G5631,G5633,59511,G2973,G8959,G9040,G2972,G9041,G1842,GN045,G8947,G2904,G2976,GV003,G2971,G5636,G5668,G5667,G2977,G8941,G1810,59317,G2955,G9044,G8942,G1811,G5686,G5689,GV007,GV014,GV005,GV011,GV004,GV006,G2954,G8956,G5643,G5680,GV015,G5672,G5673,G8946,G9031,G8948,G1893,G1879,G1843,G5666,G5669,G1845,G8952,G8955,GN027,G8943,G1806,GN049,G2978,G2959,GV013,G1844,GN029,G1840,G2957,GV002,G2974,G8944,G8954,GV001,GV012,GV000,G5618,G1868,G1801,G2950,GN028,G9032,G8945,G5608,G5620,G5635,GV008,G1849,G2952,G1880,G1372,G1838,G2956,G1805"
116.20,22.77,0.88,0.81,385,"59503,G5611,G5612,G1833,GV009,G9043,G9042,G2951,G5634,G9040,G2973,G9041,GN042,G8959,GV003,G2976,G8947,G2904,G2955,G2977,G2972,59511,G1837,59317,GV004,G8942,G1877,G1878,G8941,G5633,G9031,GV005,GV015,GV011,G8952,G2971,G8948,GV014,G8943,G8956,G2959,G2974,GN043,G2978,GV007,G1842,G2954,G8954,GV000,G5631,GV006,G8955,G5680,GV002,G1893,G9032,G8945,G2957,G9044,G8944,G5670,G5671,G8946,GV001,G1806,GV012,GN045,G1804,G1372,G8949,GV013,G2970,G2952,G1840,G1379,GV010,G2975,GV008,G2948,G2950,G1844,G8953,G8958,G2953,G1838,G2956,G5636,G1845,GN049,G8951,G8915,G5667,G5668,G1894,G1371,G8957,G1849,GV204,GV211,G1869,GD702,G8919,G5608,G9011,G8901,G2944,G5643,G1843,G9020,GD701,G1378,G1342,G5635,GV212,GN025,G8908,G9012,G2987,GV214,G9018,G1377,G8910,G2983,GN026,GV210,GV201,G1836,G1374,G4111,G1373,G8907,G1868,G2945,GN044,G9019,G5632,G2902,G2942,G2943,G2949,G9016,G1375,G1892,GV205,59502,G9015,G1376,G2981,G1346,GV203,G1317,G5672,G5673,GV218,G1870,GV207,G1344,G4146,G8905,G1879,G1347,G1341,G8903,GV217,G8917,GV213,G1880,G9013,G4147,GD402,G8904,GN048,G1810,G2947,G5607,G5666,G5669,G5626,G8906,GV206,G2982,G8911,GD410,GV215,G1811,G5686,G5689,G1875,G8914,G2980,GD401,G8902,G1834,GV209,G1832,G1318,GV216,G2946,G8916,GV202,G1873,GD408,G5620,G9014,GD409,G2984,G1340,GD405,GD407,GN027,G4141,GN029,59314,G8913,G1822,GN028,G2940,G1853,G8909,G2941,G5629,GN046,G9017,G1801,GD404,GV307,G1332,59318,G1343,GV302,G1884,GN034,G2934,G1848,G5618,G1841,G8918,G8931,G1847,GD403,G8900,GD201,GV301,G1805,G1835,G1348,G2961,G8925,GV311,G2903,GN035,GV208,GN047,G8924,G2965,G2986,GN053,G1399,G2960,G8934,GN023,G1850,GN052,G4148,G1819,GV304,G5624,G2936,G5640,G1885,GN024,G5679,GV305,G1827,GN041,G1345,G1386,GV303,GN032,GV313,G1860,G1385,G9000,G5628,G9021,G4190,G1334,GN018,G1807,G1316,G1305,G9022,GN031,G2985,GV315,G1808,G1302,G8969,G8928,G5630,G2937,G1856,G2968,GN020,G5613,G5616,59513,GN019,G2962,G1802,GN021,GN051,G2906,G2938,GN022,G1815,G2910,G2939,G1306,GV219,G1876,GV317,G8912,G2912,GV312,G5622,59306,G1881,GD406,G2920,G1817,GV306,G1382,59316,G5641,59512,G8922,G5615,G1872,G8967,GV308,G8964,G2967,GV103,GV310,G5690,G5603,G5605,59501,G1326,G2991,G1854,G1383,G2935,G1828,G2911,G8965,G9004,GN050,GV101,G8966,G2909,G1328,G1327,G1329,G1814,G1851,G1307,G2922,G1820,GN033,G2908,G2913,G2931,G1865,G1323,G5601,GU011,G2925,G2992,G8936,G2926,G8933,GU039,G1874"
116.20,23.23,0.88,0.81,623,"GV211,G2944,GV201,G2987,G8915,GV210,G9020,G8910,G2983,G2953,G2943,G8953,G2942,G2949,G9015,GV207,GV218,G1378,G9018,GV205,G2970,G9016,G8903,G8949,GV203,G9012,G8917,GV214,G8907,GD702,G8911,GV217,G1376,G8916,G8958,G2946,G2947,GV202,G1342,G2975,G1373,GV215,G4146,GV000,G1379,GV206,GV212,G8914,G1347,G2982,GV216,59314,G8905,G8954,G2974,G2984,G9019,G8913,G2941,G4147,G9032,G2948,GV302,G2945,G8945,G8900,GD405,G9017,GV010,GD402,G2959,GV307,G8919,G8952,GV208,G1372,GV311,G2903,G9031,GD701,GV204,G2965,G2986,GV004,G2980,G2940,G8901,G8943,G1340,G8924,GV002,G1317,G1341,G1374,G2955,GV209,G2961,G2934,GD404,G2978,G9021,G1371,G1346,GV015,G2977,G8942,G9022,G8904,GV003,G2985,G1377,GD403,G2952,G8928,59317,G8944,G9041,G2976,G4148,GD409,G9011,GV315,G8909,G8948,GV001,GV012,G9040,GV005,G2938,GV301,G2973,G1345,GD408,G8941,G8918,G2904,GV304,G2957,G2962,G8947,GV219,G2981,G8912,G9014,GV011,G1869,G2906,G8956,G8959,G2937,G2912,GV303,G2936,G4111,G8964,G9042,G8908,G1894,G8955,GV103,GV305,G8934,G1348,G8951,G9043,GV008,GV014,GV308,G8922,G1316,G8965,G2922,G8902,G2956,G1375,G2972,G2910,G8967,G8931,G2902,GV009,GV101,G8925,GD410,G8969,G2960,G2913,G1343,G2992,G2909,59511,G2908,G2951,G2925,G2968,GV213,G1838,G2954,G2926,GD406,G2971,G5612,GV313,G1806,GV317,G5680,G1893,59318,GV006,GV007,G8957,G1318,G2927,G2911,GV105,G4141,G1840,G1833,G2950,G8966,G5634,G9002,G9000,G5633,G2991,G2905,G1344,G2931,GV013,G2930,G2907,G9013,G2928,G8963,59306,G2920,G2939,G8906,G8946,G2997,GD407,GN042,GN035,G2963,G9004,G2921,59315,GV310,G1884,GV306,G2924,G8921,GM752,GV104,GD401,G1842,G1302,G8932,GD201,G9044,G5611,GV106,GV107,GV102,GV316,G1844,G1663,G1332,G2990,59503,G2998,G8929,GU012,G5630,G1382,G2901,GU011,G1386,G1385,G2929,G8961,G1849,GV312,G5629,G8968,G8927,G8936,G5632,G4190,G8933,G8962,G9003,G1860,G2935,G2964,GN026,G1383,GM759,GU014,G2933,G1850,G8926,GN049,G1305,GN044,G2813,59316,G2923,G5631,G2967,G1875,G1870,G5044,G1836,G2966,G1837,G1306,GN025,G5608,G9001,GU039,GU007,GU032,G1853,G2994,GN045,G1877,G1878,G2805,GN043,G2801,G1845,GU035,GU016,G8935,G8960,G2993,G2823,G1323,GU009,G5012,G2826,G1334,GU033,G2812,G1802,G2825,GV309,59512,G1399,GU015,G5019,G1661,G1308,G2932,G1324,G5679,GU008,GU030,G1329,G1307,GU029,GN048,G8923,G5615,GV314,G5635,G1326,G5015,G1804,G1322,G5140,59310,GU018,GU005,G5613,G2824,G5636,G2821,G2806,G5607,G1832,G5157,G2808,G5139,G1327,G1328,G2827,G1320,GN052,G1355,G1321,G1852,GU001,G1358,59513,G2819,GN056,GM751,G1848,G2820,G5668,G5667,GD510,G2884,G1885,59319,G5016,G1876,GU017,G1841,59502,GN051,GU006,GN053,G5670,GN050,G5671,G1874,GU027,G1359,G5043,G1325,G1892,GU020,G1862,GD505,G1843,G4102,G4101,G5045,GU038,G5643,G2829,G2882,GD511,GD509,GD508,G5037,G1351,GM760,G1856,G5011,G5626,G1648,G2887,G1868,G1352,GD504,GN055,G1610,GU019,G1851,GD507,G1311,GU022,G2828,GM756,GM404,G1319,G1310,G1357,G1835,G2807,GU010,GM403,GD513,G2810,GM407,G1309,59312,GD512,GU021,G5628,G1641,G1861,GM758,GM761,GU002,GU023,G1873,GD503,GU037,G4158,G4157,GN054,GU013,GU026,G1354,G2822,G5142,GD501,GD502,GU025,G1356,G5130,G2811,G1646,G5125,GN046,G5692,G5641,G1331,G5158,G1614,G1865,G1815,G5614,G2816,G2885,G1612,G1880,G1834,GN041,GU036,G1847,G1662,G1881,GM409,G4163,G4155,G4154,G5156,G2880,GU024,G5131,G4828,G5624,GU052,G5129,GU004,GD506,GD601,G5017,GU000,G1822,GN047,G1353,G1823,G1660,G1361,G1667,G1664,G4152,G4153,G2818,G1827,GN023,G5042,G5672,G5673,G2867,GM261,GN024,GU003,G1575,GM402,G4162,G4161,G1642,G1615,G2817,G1879,G5148,G2834,59311,G1820,G5640,G1569,GU028,G1647,GM408,G5620,GN018,GN038,GN019,G5013,GN022,GN034,GN020,GL515,G2858,GU057,G2832,G5642,GU062,GN039,G1872,G1666,G2886,G2802,G2845,G5666,G5669,GN021,G1365,GU061,G1584,G1613,G2860,G2844,GN031,59324,GP511,GP512,G1828,GN036,G2854,G1819,GN028,G1585,59303,G1649,G5138,G5141,G1810,G5637,GM762,G5605,GU072,G1632,G2869,G2868"
116.20,23.69,0.89,0.81,742,"G5044,G5012,GM759,G9001,G8961,G5019,G8960,G2921,G1663,G2997,G5015,G8962,G5140,59310,G2993,GM752,GV104,G2924,G9002,G2927,G5016,GM751,G5157,G2992,G5045,G2926,G5037,G5043,G9003,G2922,G2925,G2928,G5011,GV105,G2930,G8964,G8965,GV103,G2905,G2901,G8927,G2913,GV219,GV102,G8912,G5139,G2964,GM761,G8929,G2908,GV101,G2938,G2912,GV316,G9022,G5142,G2998,G8928,G2985,GM758,59315,G9021,G2907,G2909,GV308,GV106,G2963,G8963,GV315,G8922,G2820,G2962,G2906,G1661,GV208,G8967,GM760,G1662,GM756,G5017,G1641,G8900,GV311,G2965,G5125,G2986,GU029,G2903,G2929,G1660,G1664,G5156,G2994,G8932,G2966,G8924,GV107,G2937,GU027,G2911,G2941,G2819,G4148,G2910,G2923,G8921,59314,GV302,G8966,G2931,G1345,G2961,G5130,GU005,GM404,G8913,G5013,GU001,G8968,GM261,GV307,GD406,G9017,GV202,GU006,G8916,GV304,G2946,G2984,GU002,G1667,GV303,G2991,G2827,GU007,G2990,G2811,G2812,G8911,G1316,GV309,GV216,GV317,GM762,G8914,G1666,G2936,GV215,G2810,GD403,GD405,G8917,G8903,GV305,G1610,G2947,G2934,GV206,G2824,G2933,G8969,G2940,GU012,G5042,GU018,GM757,GU030,G2982,G2968,G1612,GD404,GV207,GV218,GV217,GV301,G2806,GM407,G9004,GU020,G8934,G2826,G2813,G2880,G1340,GV203,GU000,G5010,G9015,G8926,GU036,GU008,G5138,GM110,G2884,GU013,G8918,GV310,G1347,G2943,GU009,GV205,G2882,G4147,G4146,G2942,GU022,G5003,G2920,G2949,59306,GU035,G5018,GU011,G1632,GM754,G9016,G2887,G8905,G2817,G2980,GM764,G8909,GV313,G2805,G2807,G2960,GU004,G2825,G1348,GU032,G2939,G1376,G5148,G5131,G2829,G8933,GV201,GD402,GV209,GU014,GU021,G8936,GV210,G5143,GV306,G1625,G2821,G5141,G2983,G8910,G2818,G8935,GD409,GU023,G2987,G2816,G8925,G1668,GU015,GM115,G9000,GU019,G8907,GU038,GM409,G9018,G1648,G8931,G2801,GD408,59312,G1373,GU003,G2808,GU017,G9014,G9020,G1644,59303,G9012,G1649,G1341,G2802,GV214,G1378,G9019,G2944,G8904,G1646,G5106,G2935,G1382,G1615,G1608,G1627,GU039,G1606,GU016,GU028,GV211,G2814,G1343,G2828,G1317,G2823,GU025,G1383,GD505,GD510,G2945,GV212,G5224,G2815,G1342,GV312,GD509,GU033,G1351,G5020,G1355,GU024,GM004,G2886,G1302,G1665,G5014,GU010,GU026,G1346,59318,GD504,G8923,G2932,G2885,GM403,G8915,GM116,GM755,GD702,GM251,GV314,GU034,G1324,59319,G5630,G8902,GU031,G2822,G1638,G2967,GM005,G2953,GU037,GD511,G1374,GM753,G8953,GN035,G1323,GU061,GM763,59316,G1605,G5128,G1614,GM003,G2981,G1308,GD410,GM406,G4141,GM887,G1609,G1385,GD503,GM002,GD701,G2854,G1386,GM883,G4190,G8958,G1306,GU052,G1359,G1631,G5111,G1318,G1358,GM900,G1603,G1321,G8919,G1657,G2970,G1377,G1607,GM891,GD502,GU074,G1860,G8901,GD513,GV213,G8949,G1331,G5113,GD201,G1884,G1352,GD501,G1613,G2975,GV204,GD508,GM408,GM882,G5026,G1305,G1357,G5105,G1322,G1629,G2858,G1379,GM402,GN056,G1356,G5001,GD407,G4111,G2850,G1692,G1862,G1640,G1375,G1604,GM001,G2948,G1329,G5135,G1307,G1601,G2889,GU073,GU064,GM894,59117,G1354,G1695,GD507,G1634,G1332,G5052,G1320,G2902,G1850,G9011,GU055,G5109,G1371,59512,GV010,G1655,G1852,G1623,GM109,G8908,G5222,GM252,GD506,G1633,G2838,GV000,G2832,G9013,G8906,G1326,GM899,G1353,G8954,G9032,G4102,G4101,G1344,G1636,G1694,G5126,G2843,G1372,G2974,G8945,G1802,G5629,G1869,G1325,GU062,GD401,G5615,G2804,G2857,G2837,GM254,G1319,GD512,G1311,GN055,G1600,G1602,G1653,G1327,G1328,G1334,G5144,GM006,G4158,G4157,G1645,G1310,G2831,G5021,G4155,G4154,GM898,G2952,G5110,G2959,G1647,GU072,G5040,G5022,G1874,G1309,GU058,G1894,GV002,GU067,G1652,G4152,G4153,G8952,G2849,GM260,G5205,G5155,G8943,G8944,G8951,GM253,G5002,GM106,G2845,G2841,G9031,GV012,GV001,GU059,G2978,G5103,G5679,G2855,G2840,G2859,GV004,G1699,G2956,G1399,GN050,GM405,G2957,G1853,GV008,G2867,G2851,G5613,GV015,GM401,G2955,G1690,G8957,G2848,GM885,G2834,G5129,G1635,G1620,G5102,G5134,GU057,G5041,GU063,G8948,G1838,G8942,G1642,G4163,G5048,G1875,G1861,G2977,G1626,G2868,G2869,59317,G2842,G5053,G1876,59513,GV005,GV003,G8955,G5145,G2870,G5158,G8956,GM105,G2976,GV011,G2830,GU065,GD601,GU070,G8941,G1630,G1577,GP501,G1618,59109,G9041,G1628,GN051,59313,GU071,G5124,G1622,G2904,G1361,G1584,GM101,GM410,G2950,G8947,G1643,G9040,GU069,G2833,G5632,G2973,GV014,GM107,G2860,G2844,G1617,GU051,GN052,G1870,G1840,G2853,G1806,GM108,G1619,GN054,G1851,G8959,G1569,GM886,G1885,G5057,G5147,G5047,G2954,G4161,G4162,G2871,G1893,GM102,G2873,G2847,GU056,G5680,G5005,G4828,GP512,GM256,GV013,G4907,GV006,G2972,G4929,G5023,GN026,G9042,GN044,GV007,G2971,GU068,GM255,59311,G9043,G1856,G5009,59511,G1583,G4936,GU053,GN053,G1836,G1651,GU060,G5027,G5213,G5692,G8946,GP511,G1849,G1697,G1848,G4954,GV009,G5051,GU054,GM888,G5028,G2951,G1844,G1611,GN048,GN025,G1841,G5201,G1532,G5054,G5633,59324,59116,G4812,G1365,G5127,G5004,GP400,G1832,GM881"
116.20,24.15,0.89,0.81,615,"GM004,GM764,GM754,G1606,G1608,GM003,GM005,G1605,GM110,G1627,G1607,G1603,GM002,GM762,G5001,G5010,GM755,GM001,GM757,G5135,G1692,G1601,G1629,GM115,G5013,G5222,G5018,GM883,GM116,GM882,59117,G1625,G1695,GM006,G5020,G1600,G1694,G1664,G1602,G1660,G1604,G5017,G5002,GM106,G5143,GM109,G5014,G1666,G1699,G5003,G1623,G5022,G5134,G1655,G1668,G1631,G1662,GM105,G5026,GM261,G1690,G5156,G1620,G5142,GM887,G5021,G1622,GM107,GM761,GM108,G1665,G1618,GM252,G5138,GM894,G5005,G1626,G1628,GM891,GM758,G5106,G1619,G1617,G5052,G1632,GM251,G5037,GM886,G5011,G5125,G1667,G5045,G5028,G5023,G5111,G5004,GM885,GM654,GM101,G5043,G5053,G5213,G5016,G1638,GM900,G5103,G5105,G5047,G1671,GM751,G5042,59310,G5140,G1641,G1636,G5144,G1681,G1624,G5141,G5015,GM899,G5157,G1653,GM112,GM119,G5130,G5031,GM102,G1657,GM254,G5019,G5113,GM756,G1651,GM111,G5109,G5009,GM113,G1691,GM753,GM260,G5012,G5036,G1633,G1635,G5030,G5124,G5126,G1686,G5147,G5201,G8960,G5034,G5008,GM256,G5139,GM760,G1676,GM656,G1644,G2814,G2993,GM896,G2817,G1634,G9001,G2811,GM763,G5044,GM121,G5048,G5006,GM898,GM104,GM655,GU000,G5209,G5148,GM884,G5110,GM651,G5221,G1612,GM551,GM759,GU002,G2880,GM253,G2820,G1630,G1697,GM557,59303,GM652,G1649,GM404,G5132,G5032,G2815,GU031,G1609,GM658,G1652,G8962,G8961,G1673,G5224,GM881,59114,G5024,G5102,GU034,GM406,GM262,G1678,GU027,G5205,G5155,G5120,G5145,G5137,G2802,G5104,GU036,G5204,59116,G1696,G1663,59106,GM653,GM114,GU004,G9003,GM120,G2818,G5218,G1637,G5108,G2838,G5127,G5049,G2921,GU067,G5131,GV104,G2810,G2819,GM752,G5050,G5007,G2997,G1661,G2924,59109,GU029,GM552,GM893,G5054,G5033,G1645,G8927,GM103,G2964,G1683,G2901,GM888,G5212,GU006,G1610,G1672,GU003,GU063,GU001,G2855,GM118,G5121,GU055,GM407,G9002,GU013,G5051,G5057,GM401,GU005,GV102,G5219,G2886,G2927,GU028,G2928,G8929,G1615,G1685,G1640,G1654,G2998,GM892,G5136,G2850,G2930,GV316,GM889,GU074,G5146,G1677,G2994,G2926,GV105,G5100,G2992,G2816,GM409,G2905,G2827,G5128,G1675,G5207,GM255,G4812,G2804,G5101,G2925,G2966,59315,GM257,GV106,GM897,G1658,GU073,G2922,G5152,G5055,GP440,G5211,G4954,G5000,G2851,GM258,GU022,G2929,G2963,GU020,GM117,G2907,G5046,G2913,G5200,G5027,G8965,G2923,G5220,G2807,G2889,GU021,G2833,G8963,G8964,G2824,G1680,G1688,GU061,GV103,G2908,GM890,GU023,G4907,GU018,G2887,GV309,G2882,GV101,G1682,G2871,G4917,G2812,G8932,G2909,GV107,G5056,G4840,GP468,G4949,G2857,GV219,G8912,G2806,G5040,G5122,G2912,G1650,GU030,G2854,GU007,GV308,G2884,G1532,G8968,G1670,GU053,G1562,GU024,G4950,GM556,G2938,G1646,G4922,G2829,G8921,G1534,G8922,G5059,G2830,G8967,G8928,GM895,G9022,GU064,59312,G2985,GU054,G5035,G5208,G4948,G2852,GP456,G2849,GM410,G9021,GU019,GM405,G2911,G2906,GU008,G2962,G5107,G2931,G1674,GV315,GU025,GM657,G4951,G8966,G2990,GM555,G2837,G2933,G2826,G1684,G1648,G2885,G1613,G1611,G1533,G4914,GU038,G2831,G2910,G4923,G2937,GU009,G2821,G2991,GU012,G1563,GV208,GD406,G4924,G2813,GU070,GU069,G5214,GU026,G2848,G5210,G2965,G2986,G5058,GV311,G2825,GM553,G2828,G2903,G2858,GM408,GU035,G8926,G8900,G4936,G4148,G4953,G4717,GM659,G1345,G8924,GM259,G1656,GU017,G4929,GV317,GU071,G2805,G2822,GV304,GU032,G2961,G9004,GU010,GV303,G1614,GU052,G1316,G1568,G2808,GU015,GP452,G4955,GM554,G2941,GM402,G5133,G5041,GM403,GV302,GD505,G8935,G4916,G2843,G1561,GU037,GU011,G1351,G8969,G4712,GD509,59314,G2936,G4952,GU014,G4939,GV310,G2968,G2840,G4913,GV305,GV307,GD504,G8913,GP424,G9017,G8933,GP408,GP453,G4714,G1687,G8936,GD510,G2832,G2920,G2984,59306,G5206,GD403,G4959,GV202,G8916,G2801,G2946,G4941,G4937,G4921,G5217,G1537,G8934,G2934,G1355,GD503,GU058,G4841,G2939,GV301,GV306,GV216,GU062,GD405,G2940,G2853,GD404,G1331,G2859,G8911,GD502,G5123,G8914,GD511,GP449,G4935,G4946,G4945,GV215,GU059,GV313,GU072,G4947,GU051,G1535,59319,G4928,GU016,G1565,G2823,G4934,G4811,GV206,G2947,G8918"
116.20,24.62,0.89,0.81,328,"GM656,G1673,GM651,59114,GM652,G1678,G5034,GM655,G1691,G1676,G5030,G5137,G5036,G5033,GM653,G1672,G5032,G5136,G5004,G1671,G1675,GM654,GM111,G5006,G5031,G1677,GM658,G5121,G5028,G5207,GM103,GM552,G5005,GM105,G5000,G5220,G5035,G5209,G1688,GM108,G1624,GM107,G1674,G5007,GM112,GM113,GM556,GM114,G1670,G5134,G1686,G1622,GM119,GM121,G5218,G1685,GM117,G1699,GM657,G5213,G5002,G5059,GM106,GM120,G5023,GM557,G1619,G1681,G5211,GM006,G1617,G1696,G1620,G1618,G1690,G5210,G5221,GM659,GM886,G1600,GM555,G1628,G5204,G1602,G1680,59106,G5024,GM118,G5222,G1694,G5022,G5001,G5132,G1626,GM001,G5219,G5135,G1601,GM893,GM896,G5058,G1692,G1687,G5122,G5047,G5008,G5214,G5206,59117,G5120,G1607,G1695,GM101,G5217,G1629,GM554,G1683,G1682,G1603,GM104,GM553,G5133,G5050,G1684,GM551,G5208,GM003,GM109,GM892,GM882,GM002,G1651,GM262,G5021,G1623,G1605,G5046,GM005,G5053,G1604,G5009,G5201,GM883,G1655,G5104,G5212,GM885,GM004,GM102,G5123,G5049,GM755,GM884,G1606,G1654,G1608,G1637,G1627,GM116,G5103,G5026,GM256,GM252,G5147,G1631,G5020,G5108,GM881,GM894,G1697,G5200,GM764,G5124,G1658,GM754,G5052,G5014,GM258,GM115,G1656,GM887,59116,GM110,G5100,GM890,GM897,G1635,GM891,G1625,G5144,G5010,GM259,G5018,G5127,G5146,G1653,G1636,G5107,GM260,GM889,GM757,GM257,GM762,G5048,G4949,G1630,G5111,G5143,GM899,G5105,G1665,G1668,GM254,G5054,GM900,G5056,G5003,G4948,GM251,G5013,GM888,G4950,G5109,G5101,G1638,G4944,G5145,G5126,G5106,G1533,G5152,G1666,GM253,G5102,G1633,GM898,G4943,G5110,G5051,G1562,G1664,G5113,G4914,G1660,G1657,GP468,GP440,G4945,G4946,G4917,G5017,G1652,G5138,59109,GM895,G4908,G1634,G5155,G5205,G4905,G1560,G5055,G4812,GM261,G1632,G4947,G4714,G5057,GM753,G1662,G5156,G1566,G4951,G1650,GM255,G4913,GU067,G4954,GU063,G1534,G5142,G4717,G1667,G4840,G4912,G4816,G5141,GM763,G4813,G1561,GM401,G5027,GP456,GM761,G2855,G4906,G4922,GP476,GP481,G1645,G5125,G5042,G2838,GM758,G2814,G1609,G4719,G1644,G1563,GU031,G4959,GM406,G2852,G1532,G4811,G4916,G1530,G5037,G4907,G5011,G4817,G5045,G4942,G2815,G2833,G2871,GU034,G4911"
116.20,25.08,0.90,0.81,150,"G1674,G5035,GM659,G5206,G5217,G1687,G5210,GM657,GM556,G1670,G1675,G5059,G5136,G1688,GM555,G5220,G1677,GM554,G5000,G1672,G5207,G5033,G5058,G5133,GM117,G5214,G5121,G5123,G1678,G5137,59114,GM653,G1673,GM553,GM652,G5211,GM103,GM651,G1685,GM552,GM655,G5032,G1680,GM656,GM658,G1676,G5034,G5007,G1684,G5030,G5006,G5122,G5036,G1691,GM114,G5218,G5208,GM111,GM120,G5031,G1682,G5209,G1671,GM118,GM121,G1696,G5004,GM654,G5219,G1686,GM557,GM113,59106,G5204,GM112,G1624,G5028,GM893,G5046,GM119,G5221,G5024,GM892,G1683,G5005,G1681,G5132,GM108,G5213,G5120,GM107,G5050,GM105,G1622,G5023,GM896,G1656,G1619,G5134,G1617,G5212,G5008,GM886,GM104,G1699,GM262,GM551,G1618,G1628,G1654,G1620,G5002,GM106,G1690,G5104,GM259,G4944,G5049,G5047,GM006,G1626,G1600,G1651,GM101,G5200,G5201,G1602,G5022,G4905,G5009,G1637,G1694,G1658,G5222,G1560,G4943,GM258,GM884,G5107,G5053,GM102,G5001,G1601,GM001,G5135,GM890,G1692,G5108,59117,G1695"
116.65,22.77,0.88,0.81,279,"G9044,G8946,GV013,GV007,GV006,G2950,G2971,59511,G8957,GV008,G2956,G8956,G2957,G8951,GV012,GV005,G8947,G2904,G2978,GV002,59317,G1371,G9043,G1372,G2977,G1344,G8945,G9042,GV003,G2959,G4111,G1375,G9032,GD401,G1377,G9041,G9040,G5612,GD701,GV004,G1379,G8954,G1399,G2973,G1374,GD407,G1332,G2955,59513,G1318,GD410,GV009,59503,GD702,G5611,G1346,G4141,G1334,G1833,GD201,GV000,G1342,G9031,G2970,G2976,G1317,G8959,G2951,G2974,G8949,G8952,G8942,G1341,59318,G1373,G5634,G1305,G1378,G1386,G1343,G4190,G1385,G8915,GD408,59512,G8941,G1327,G1328,GV015,G2953,G8943,G1326,G2944,G2972,GD409,GN042,GD402,G1306,G8953,G1376,G1302,GV011,G1329,G1307,G8948,G4147,G4146,G2983,59316,G9016,G1347,GV211,GV210,G1348,G9000,G1340,G1320,GV014,G2975,G5633,G1325,G2942,G1837,G1322,G9015,G1323,G1382,G4101,G4102,GD404,G8958,G1877,G1878,GV201,G1383,G9020,GD405,G1308,G8944,G2947,G8955,G2987,GV010,G2948,G1310,G2954,GD403,GV215,GV001,GV218,G8910,GV216,G1311,G1309,G1319,GV207,G2943,G5680,G1321,G2920,G8917,G2952,GU039,G1893,G1358,G8969,G1324,G1842,G9017,G2984,GU033,GU016,G2823,G1316,G9018,GD512,GN043,G1806,G2949,G9012,G5631,G8903,GU011,G4158,G4157,GD507,GD508,G8913,G9004,GD601,G1359,G1345,G4163,GV214,G2801,59311,GV205,G4148,GU014,G1361,GV203,G1365,GV212,G1840,G4161,G4162,GV204,G8919,G8916,G8907,GD406,G1352,G2946,G2991,59324,G2910,59319,G8901,G5670,G5671,GU032,GN045,G2941,G8911,G2986,GV202,59314,G1357,G1838,G1355,GU012,G1894,G2805,G1804,GV217,G9019,G1363,G8966,GU015,G9011,G1869,G2813,G2911,GD511,G2906,G1844,GU035,GD604,GD513,GD510,G2945,G2990,GV206,G8914,G1367,59325,G8905,G8967,GD602,G1354,G2825,G2808,G2982,GV208,G4154,G4155,GU009,G8900,G4191,GN049,G2867,G1312,G1313,G2826,G1845,GD505,GD509,G1356,G1351"
116.65,23.23,0.88,0.81,526,"GD401,G1332,GD407,G1344,GD201,G1318,G4141,GD410,G1375,G1334,G1399,G1386,G1305,G1385,G4190,59318,G4111,G1343,59512,G1306,59513,G1302,G1326,59316,G1377,G1346,G1328,G1327,G1329,G1307,GD408,G1374,G9000,G1317,G1382,G8957,G1323,G1341,GD409,G1320,G1322,G1383,GD701,G1348,G1308,G8951,G1371,G1325,G2956,G4101,G4102,GU039,G1324,G2920,GD402,GU016,G1321,G2823,GU033,G2950,G1358,GV008,G1340,G1310,G1311,G2801,GU011,G1342,G1373,G1319,G8969,GD404,GU014,G1309,G9004,G4147,G1359,GV013,GD403,GD508,GV012,G1316,GD702,GD512,GD507,G1376,G2957,GU032,G1347,59319,G4146,G1355,G1372,G2805,G1352,G4158,G4157,GD405,G8946,GU015,G2991,GU012,GD406,G2813,GU035,G1378,G1357,GD510,GD511,GV006,GV002,G1345,G1379,G2825,G2808,G9044,G2910,GV007,G2990,G8945,G9016,GD513,GU009,G4163,G8966,G4148,G2978,G9017,GD601,G8956,G2911,G2826,GV216,G2947,GV215,GD505,GD509,G1354,G9032,G2971,G1351,G1361,GU017,G2821,GD504,GU008,G8968,G9015,G2984,G4162,G4161,59311,G1356,G2983,GU007,GD501,G4155,G4154,GV005,G2942,G8967,GD503,G2944,GV107,GV210,G2959,G2906,GD502,GU010,GU038,GU030,G8913,59511,G1365,G2812,G2828,G8954,G8917,G2970,GU037,G2867,G1331,GV218,G2923,G2986,G8915,G8963,59324,G2929,G4153,G4152,G2806,G2909,59317,G2884,GV207,G2834,G2904,G8947,GU018,G2907,G2829,G2822,G2824,GD506,GV106,G1353,GV101,G2908,GU019,GV201,G2977,59315,G2912,GU026,G2953,G2994,G2860,G2844,G8949,G2941,G2882,GV211,G8903,59312,GD604,GU057,G8916,G2943,G2998,GU020,G2913,G2827,G2887,GV003,59314,G2905,GD602,G2985,GV000,GU025,G2946,G8953,G2987,G1363,GV004,GV102,GV208,GU052,G8912,GU005,G8910,GV103,G2807,GU022,G4191,GV105,GV202,GV219,G2885,G9020,GU021,GU056,G2845,G2901,G2928,GU023,GU001,G2925,GU029,G9021,G2949,G8900,59325,G1367,G8911,GU006,G9041,G2974,G2869,G2868,G9043,G1313,G1312,G9022,G1364,G1314,G1315,G9042,G2819,GV203,GV205,GD603,G2955,G9040,GU062,G2922,GU024,G9003,G9031,G2832,G9018,G2924,G9002,GV311,G2861,G2873,GV104,GV217,G8952,G8928,GU013,G8914,GU072,G2927,G2973,G2903,GU027,G2810,G2816,G2992,GV206,G9012,GV302,G2965,G2858,G2835,G2975,G8964,G2842,G8958,G2820,G2982,G2841,G2870,GV214,G8907,G2846,G2938,GU058,G2976,G8962,G2843,G8942,G8943,G2875,GU059,G5612,G8924,GV307,59313,G2921,G8905,GU060,GU066,G2926,GV212,G8961,GU002,GV315,G8959,GV015,G2948,G8965,GV009,G2993,GU036,G9019,G2859,G2854,G2997,G2961,G2803,GV010,GU004,GU061,GU003,G2962,G8941,GU028,G2811,G9001,G2836,G2872,G2818,G2940,GM756,G8960,GU068,G8948,G2880,G2951,G2945,G1833,GV308,GV011,G8919,G1663,G2886,G2934,GU065,G2980,GU064,GU000,GV204,G8944,G8922,G2972,GM752,G2937,G8901,G2840,G2847,G2952,GV209,G2930,GV304,GM759,G5012,GV001,G5044,G5634,G5611,GV014,GM751,59503,G2802,G2817,G2837,GV301,GV303,G8955,G2831,G8909,G8904,G5043,G2936,G5019,G8918,GU051,G9011,G2889,GV305,GN042,G5016,G2954,GU074,G2853,G5140,G1869,59310,G5633,G8934,G5015,G9014,G1894,G2963,G2981,G5680,GU073,G2815,G1893,G1667,GV316,G8927,G8929,G2857,G1806,G2968,GV317,G2931,G8908,GM761,G5037,GU034,G2848,G2850,G2849,G2960,G1838,G5045,G5141,G2814,G2964,G8925,G8931,G1840,G8902,GU031,G5157,G8932,GV313,G8921,G2902,G1842,G1662,GU071,GV213,G1837,G5011,GU070,59306,G2804,G5138,GU055,G2939,GV310,G1877,G1878,GM763,G2966,G5139,GV306,GU069,G1844,G5631,G9013,G1661,G5017,G1666,G8906,GN035,GN043,GM753,G2933,G5142"
116.65,23.69,0.89,0.81,596,"G2807,GU022,GU021,G2887,GU023,G2882,GU020,G2829,59312,GU019,G2884,GU013,G2816,GU025,G2806,G2824,GU018,GU038,G2827,G2810,GU024,GU006,G2828,GU030,G2885,GU026,GU001,GU008,G2821,GU005,G2812,GU017,G2822,GU010,GU036,G2819,G2826,GU004,GD505,GU003,GU037,G1351,GU009,GD509,G2825,G2808,G2818,GU007,GD504,GU028,GU027,GU002,GU052,GU029,GU035,GU015,G2880,GD510,G2923,G2994,GU061,G2811,G2805,G2813,GD503,G2886,G2854,GU000,GU032,G2858,G8968,G1355,GD502,GD511,G1331,G2820,G2802,G2990,GD501,59319,G2929,GU012,G2817,G2801,GU014,GV107,G2832,G1356,GD513,GU011,GD506,GM756,GU064,G2843,G2823,GU062,GU016,GU033,G1353,GV106,G1354,G1357,G1352,G9004,GU039,G1359,G2998,G1324,G2991,G2815,GU074,GU072,GD508,G8963,GU058,G2889,59315,G8966,G1358,G2920,GV102,G2901,GU034,G1321,G2911,G2837,G1383,G2841,GD507,G2814,G2907,GU059,GU073,G2845,G1308,G5141,GD406,G1382,G2831,G4155,G4154,GU031,G4153,G4152,G2850,G9003,G2859,G1323,G1667,G2840,G2857,G2910,G8969,G4158,G4157,G2905,GD512,G1316,G8967,G1322,G2842,G2869,G2868,G9000,G2909,59316,G2870,GU057,G2867,G1319,G2928,G2834,G2849,G2908,G1311,G1302,GM763,G1320,GU065,59313,GU055,G4102,G4101,GV101,G2993,G2804,G1310,G5138,G1309,GV105,GV104,G1306,G1329,G1307,G2848,G8962,G2924,G1325,G1345,G2906,G1348,G2913,GM753,GU051,G2873,G4148,G2847,G1385,G2853,G4163,G4190,G2844,G2860,GM751,G1386,G8960,GU068,GD403,GU056,G5043,G1326,G2912,G2925,G2838,59512,G1305,GU071,G9001,GD601,G8961,G9002,GM761,GU070,GU060,G1343,G1361,GD404,G1328,G1327,G1662,59318,GV103,G1666,GU069,GD409,G1657,G4162,G4161,G2927,GD408,G1340,GD201,G8912,G5016,G2851,G2921,G2830,G2922,G5012,GV219,G9017,G4141,GD405,59311,G1668,G2986,G2861,G1334,G2835,G1665,G2985,G2992,G5143,G5037,GU067,GU066,G2855,G1332,GD402,G5019,GM900,59324,G1318,GD410,G5017,GD407,G2997,G5140,59310,G1365,G1341,G5044,G4147,G2846,G5045,G2984,G5015,GV216,GM759,G2803,G1652,G9021,G2833,G1663,G5155,G5205,G1317,G8913,GD604,G9022,GV215,G1347,G2875,GU063,G5018,G1346,G2836,G2872,GD602,G8964,GM898,G4146,GM757,G2947,G1364,G4191,G1399,GV208,G2926,G2871,GM891,59513,GD603,G5010,GD401,GM899,G5014,G5013,G1376,GM887,G2941,G1314,G1315,GU053,GM752,G8928,G1664,G5011,GU054,G1374,G1375,G8900,G1373,G1363,G1653,G8965,G5157,G1344,59314,GM762,G5142,G9016,G1312,G1313,G8917,G2938,G5144,G5052,G4111,G8916,G9015,G1377,G5057,G5027,G1660,GM894,G5145,G1367,59325,GV218,G2946,GV311,G1342,GV207,G2942,G2930,G5026,GV202,G2903,GD701,G2965,G5048,G8903,G1378,GV315,G2983,GM758,GV210,G2852,GM764,G8911,GV302,GM755,GV308,GD702,G2962,G8924,G8927,G5051,G2943,GM754,G5139,G8922,GV201,G5156,G1606,G1371,G5055,GM883,G2944,G8929,GM888,G2964,GV316,G8914,G1655,GV307,G2961,G1650,GV206,GV203,GM110,G2949,G5054,G2963,GV217,G2937,G5125,GM882,GV205,G2987,G8910,G2982,G8957,G8951,GM002,G1641,G5147,GM261,GM885,G2956,G8915,G1379,GM760,GV211,GM004,GV304,G1661,G9020,G1697,G5053,59116,G5152,G1372,G2940,G8932,GV008,G1608,G2934,GV303,G9018,G2953,G2931,G8905,GM881,G2966,G2970,GV012,G8921,G2950,G8945,GM001,G5130,G2936,G5022,GM003,G9032,G8907,G8953,G9012,G2957,G1627,GM889,GV002,G1625,GM895,GV305,GM005,GM115,GV301,GV214,G5003,GM404,GV317,G8949,GM884,G2980,G1651,G2978,GV013,G5047,G5146,G1605,G8954,G5201,G5001,G2968,G1607,G8918,G8934,GV209,G9019,G2959,G1603,G5042,G1620,G1628,G8909,GV212,G8956,G1618,G8946,GV309,G5056,GV006,GM886,GV000,G1632,G1617,G2933,G5020,GV007,G5002,G2945,GM116,GM897,GV005,G1619,G8958,G2960,G5135,G1612,G1610,G1692,G1601,GV313,GV310,G2975,G5023,G2971,G9044,59306,G1629,G8904,G5222,G2974,59317,GM006,G5049,G1622,G8926,G9014,G8925,G2939,GM407,G2977,G5134,GM896,G2904,59117,G8947,G8931,GV004,GM890,GV306,G1658,G1600,G1695,59511,G5106,G8933,GV003,G2948,G1694,G5148,G8936"
116.65,24.15,0.89,0.81,497,"GM899,G1653,GM898,GM900,G5144,G1657,G1652,G5155,G5205,GM891,G5048,G5052,G5145,GM753,GU067,GM894,G1665,GM887,GU063,GM763,G2838,G2855,G5057,G5026,G5051,GM888,G5147,G5054,G5014,GU031,G2814,G1697,G1668,GU055,GM885,G5027,59116,GU034,G5055,G2833,G5141,G2851,G2815,GM881,G5053,G1655,G2871,G5143,G5138,G2804,GU053,G5152,G2850,GM884,G1650,GM889,GU054,G1651,G2852,G5201,G2802,GU074,GU073,G5146,G2817,G2830,GM883,G5047,G5018,GM755,GM882,G1666,G1667,G2857,G2889,GM895,GU000,GM897,G2886,G5022,G5056,G5049,G5010,G2818,G2880,G2849,G1628,GM886,GU003,GU028,GU004,GU069,GM002,G1618,GM757,GM896,GU070,G1617,G1658,GU036,G1620,GM890,G2811,G1619,G5023,G1606,GU061,G2848,G2837,GU071,GU064,G1654,G5200,G2831,GM001,GU002,G2854,G5050,G1662,G1622,GM756,G2816,GM764,GM762,GU013,GM119,G5002,G5024,G2810,G5013,G1624,GM112,G5017,GM004,GM113,GM892,GM893,GM754,GU024,G5134,G5001,GM761,G2840,GU027,GM121,GM003,G2853,G5028,GU023,G2820,GU021,G2858,GU022,GU006,G2807,G1664,GU051,G2819,G5046,G2843,G1607,GM118,GM120,G1608,GM005,GU001,GM006,G2885,G2887,G1603,GU020,GU025,GU005,59312,G2882,G2859,G5043,G1605,GM110,GU065,G2827,GU029,GM111,GM105,GM114,GU058,G5222,G5135,G2832,G1660,GM751,GU059,GU019,G1601,G2829,G1656,G1692,GU052,G1600,GU026,G2824,G1627,G2847,G1699,G2884,GU018,G5006,G2841,G5007,G5037,GU072,GU062,G2806,G5016,GM106,G1629,G2822,G1602,G1694,G2828,GU038,G2994,G5004,G5142,G5045,GU030,59117,G2812,G2993,G5030,GM103,GU037,GU010,G1695,59313,GU068,GM115,G8960,G2923,GU008,G2842,G2870,G9003,G2821,GU007,GU017,GM655,G2901,G1331,G5140,G5011,59310,G9001,GD504,GM116,GM654,G1625,G2826,G1351,GD505,G2929,G2998,GD503,GD509,G8962,GM107,GD506,GM108,G5012,GD502,G2845,G5005,GV102,G5015,G1353,GV106,G5019,GU009,G5020,G5156,G1671,G8968,G2825,G2808,GD501,G1604,G1690,GV107,GM117,GM109,59315,GM656,G8961,GU035,GM758,GD510,GV104,G2868,G2869,G1356,G1691,GU060,GU015,G2813,G2924,GM261,G1623,G5003,GD511,G2805,G8963,G2990,G1673,G2928,G5000,G5157,G5034,G2907,G1355,GU032,G5036,G2905,G5044,G2873,GD513,GU012,G1354,59319,GM651,G4153,G4152,G1676,G1677,GU057,GM759,GV105,G2921,GM652,59114,G5031,G1357,G5125,G9002,GU014,G2801,G4155,G4154,G1678,G8966,G1352,G5021,G2911,G1631,G2908,GU011,G2991,G2909,G1626,G5213,G2834,GV101,G9004,G2913,G1359,G2925,G1663,GU056,G2867,G2927,G2823,GU066,GU016,G2997,G8967,GU033,G1670,GD508,G5137,G5136,GD406,G1324,GU039,GD507,G5032,G5033,G2910,G1641,G2835,G2860,G2844,G2803,G1358,G2836,G2872,GM653,G2920,GV103,G1321,G2922,G1632,GM252,G5139,G2992,G2861,G1681,G2912,GM752,G2906,G4157,G4158,GM101,GM657,G1675,G1672,G2846,G5106,G1383,GD512,GM658,G8969,G1316,G1308,G1686,G8912,G2875,GM251,G1382,GV219,G1323,G2926,G5130,G1345,G5209,G5042,G1319,GM760,G1311,G4148,GM659,G4163,G5111,G1322,G1309,G8964,G2985,G5103,G1310,G9000,G1361,G1638,G4101,G4102,GD601,59316,G5121,G1320,G2930,G8927,G5035,G4162,G4161,G5105,G1302,G1325,GM557,G8965,GD403,GM552,G9022,G1348,G5221,G2986,G9021,G2964,G5008,G1329,G1307,G5009,GM102,G1306,G1364,G5218,GM404,G5207,59311,G1636,GD603,GD404,G8929,G8928,G1674,59324,G1696,G1661,G9017,GV316,G2938"
116.65,24.62,0.89,0.81,262,"G5046,GM892,GM893,G5050,GM118,G1654,G1656,G5024,G5200,G5049,GM120,G1658,GM896,GM114,GM890,GM121,G5007,GM897,G5201,GM884,GM103,G1651,GM117,GM113,GM119,G5146,GM112,GM881,G1624,G5056,G5047,G1697,GM889,59116,G5000,G5006,G5023,G5147,GM886,G5053,G1617,GM111,G1619,G1628,GM885,G1670,G1618,G1677,G5152,G5054,G5028,GM657,GM895,G5030,G1622,G1620,GM655,GM659,GM888,G5048,G5022,G5051,G1673,G5055,G1655,G5136,G5144,G5145,G1653,G1650,GM656,GM894,G5052,G5134,G5002,G5026,G5004,G1675,59114,GM899,G1678,G5057,G5035,GM651,GM882,G5033,GM652,G1691,G5034,GM898,GM105,GM891,GM883,GM887,G1676,G5036,G5137,G1652,G1672,G1674,G5155,G5205,GM001,G5027,GM654,G1671,G2852,GM900,GM002,GU063,GM653,GM755,G5014,GM006,G5032,G1699,GU067,G1665,G1657,G5001,G2855,G5031,G5005,GM106,G2871,GU053,GM108,GM107,G2833,GU054,G1600,G5121,GM658,G5222,G5207,G1606,GM556,GM003,G1668,G1607,GM753,G5220,G1602,G2838,G5135,G1688,G5143,G1601,GM004,G1603,G1694,G2851,G1692,GM552,G5018,GM763,G1690,GM005,G5209,G1605,G1629,G5210,59117,G5213,G1686,G5059,G5010,GU055,G1695,G1685,G2830,G5218,GM764,G5138,GU031,G1608,G2804,G1681,GM757,G2814,GM555,G5141,GU034,GM754,G1666,G5211,GM557,G2815,G1687,G5206,G1626,GM109,G2850,G1696,G1627,G5221,G5217,GM762,G1623,G1604,GU069,G1680,GU073,G5204,59106,GU074,G5058,GU070,G1667,G2857,G5021,GM110,GM101,G5013,GM116,G2849,G2802,GM554,G2817,G5214,G5132,G2889,G5008,GU071,G5219,G5133,G5020,G5122,GM115,G2848,G5120,GM553,G1662,G5017,GM104,GU000,G2886,G1683,GM551,G1682,G1684,G1664,G2880,G2818,G5009,G5208,G1625,G2837,G1631,G2831,GU028,GU003,GU004,GM262,GM102,G2811,GU064,GU036,GM252,G1660,G5123,GU061"
116.65,25.08,0.90,0.81,110,"GM659,GM657,G1670,GM117,G5000,G1656,G5046,G1677,G5035,GM103,GM118,G5007,G1674,GM120,GM892,GM114,GM893,G5136,G1675,G5024,G5050,GM121,G5006,G1654,G5200,GM655,G1673,G5033,GM113,G1658,G5030,G1672,GM111,G5049,GM896,GM119,GM556,GM112,G1678,GM890,59114,G1624,G5210,GM656,G5137,GM652,GM651,GM897,G5206,G5220,G1687,G1688,GM653,G5217,G5207,G5034,G5201,G5059,G5028,G5121,GM884,G1676,G5056,G5023,G1691,G1651,G5146,G5036,G5032,GM886,G5047,GM555,G1619,G1617,GM881,GM889,G5004,G1628,G1618,G1622,GM658,G1697,59116,G1671,GM554,GM552,G5058,GM654,G5053,G1620,G5147,G1685,G5031,GM895,G5133,GM885,G5214,G5152,G5211,G5134,G5054,GM105,G5022,G5002,GM553,G5218,G1680,G5123,G5209,GM888"
117.10,22.77,0.88,0.81,129,"59513,G1399,G9044,G8946,GV013,G2950,G8957,GD401,G1334,G1344,G2956,GV006,GV007,G8951,GV008,G1332,G1327,G1328,G1363,59325,G1367,G2971,GD407,G1365,59512,G1326,59311,G1375,59324,G1312,G1313,GD201,GD604,G4111,G1305,G1325,GD602,G2957,G1318,G4161,G4162,GV012,GD601,G1307,G1329,G4191,G1310,G1361,59511,G4102,G4101,G1309,G1315,G1314,G8956,G1320,G1386,G4190,G4163,G4141,G1371,GD410,G1385,G1311,G1306,G1319,G1377,G1322,G1364,GD603,GD512,59316,GV005,G4158,G4157,G2978,59318,GV002,GD701,G1372,G1374,G1323,G1308,G1302,G8947,G2904,G1321,GD507,G1346,G1358,G1343,G2844,G2860,G8945,GD508,59317,G2867,G1317,G1359,G2834,G1324,G1383,G4155,G4154,G1382,G1352,GD408,G9032,G2959,G1357,G2977,G1341,G2861,G9000,GU056,GU033,G1379,GU039,G2875,G4153,G4152,G9043,G2846,G2823,G1354,GU016,GV003,G2835,GU057"
117.10,23.23,0.88,0.81,320,"G1363,59325,G1367,G1365,G1312,G1313,59324,GD604,GD602,59311,G4191,G1315,G1314,G4162,G4161,G1364,G1361,GD603,GD601,G4163,59513,G1309,G1310,G1328,G1327,G2860,G2844,G1325,G1311,G1399,G1319,G4101,G4102,GD512,G4157,G4158,G2867,G1326,G2861,G1334,G2834,GU056,G2875,G1320,59512,G2846,G2835,G1307,G4155,G4154,G1329,GD507,GU057,G1322,G4152,G4153,GD508,G2803,GU066,G1305,G1321,G1358,G1357,G2836,G2872,G1352,G1354,G2873,G1306,G1359,G2869,G2868,G1308,G1332,GD513,G4190,G1323,GD401,G1356,G1386,59316,G1385,GD201,G1353,G2845,GD506,GD501,G1324,GU060,GD407,59319,GD511,GD502,G1331,GU033,GD503,G1344,G2842,G2870,G1355,G1302,G1383,G2823,GU016,GU039,G1318,G4141,59313,G1382,GD510,GD504,GD509,G1351,GU037,GU062,59318,G2801,GU072,GD505,GU068,GD410,GU010,G2841,G2808,G1375,G2822,GU052,G2832,GU015,GU017,GU059,G1343,G9000,GU058,G2828,GU014,GU026,G4111,GU032,G8957,G2805,G2859,GU011,G2825,G2821,G2847,GU038,GU035,G2843,G2920,GU065,G2885,G2858,GU009,GU025,GU019,GD408,G2813,G1377,G1348,G2950,59312,G9004,G1346,GU008,G2826,G2956,G8951,G2829,GD409,GU012,G1374,GV013,G1317,G2884,G2840,GU024,G1341,GU051,GV008,GU030,G2806,G1371,G8969,G2887,G8946,G2882,GD701,GU023,G2990,G9044,G2853,GU021,G2807,GU018,G2991,GU007,G2824,GU022,G2812,GU020,G1316,G2854,G8968,GD402,GD406,G1340,GD404,GU064,GV006,GV012,GD403,G2831,G8966,G2957,GU061,G2816,GV007,G2837,G2827,G2923,GV107,G2911,G2910,G4147,G1373,G1342,GU013,G2971,G1345,G2929,G1372,G2848,GU005,G2994,GD405,GU001,GU006,GD702,G8956,G1347,GU028,G4146,G1376,G4148,GV002,GU003,GU071,G2886,G2978,G2810,G8963,G2889,G8967,G2849,GV106,G8945,G2819,GU029,G2857,G9017,G1379,G1378,59511,GU070,G2818,G2907,GU004,59315,GV005,G2906,GU036,G9016,GU073,G9032,GU074,GV216,G2998,G2909,GV215,G2947,GU027,GU069,G2984,G2908,GV101,GV102,G2959,GU002,G2802,G2850,G2880,G2904,G8947,G9015,59317,G2901,G2905,G2986,G2983,G2820,G2942,GU000,G2912,G2811,G8913,G2944,GV210,G8954,G2913,G2804,G2977,G8917,G2817,G2970,G2928,GV218,GV105,G2830,GU034"
117.10,23.69,0.89,0.81,359,"GU060,GU068,GU066,G2836,G2872,G2803,59313,G2873,G2847,G2870,G2842,G2835,G2846,G2875,GU065,G2861,G2868,G2869,G2841,GU059,G2859,GU056,GU051,G2845,GU072,GU058,G2853,GU057,G2840,GU062,G2844,G2860,G2843,G2832,GD603,G1364,G2834,G4153,G4152,G2867,G1353,GD506,G1314,G1315,G4191,G2858,GD602,G4155,G4154,G2831,GD604,G1312,G1313,G2848,G2837,GU052,GU071,59324,G1331,G4162,G4161,GU064,G1361,G1356,G1365,G1363,59325,G1367,GD501,59311,G1354,GD502,GD601,GU070,G4163,G2849,G2854,GD503,GU069,G2822,G2885,GU037,G4157,G4158,GD513,G2857,GU026,G1357,GU061,GU024,G2889,GD512,GU010,GU025,G1352,GD507,GD504,G1309,GU073,G2828,GD511,G1319,GD508,G1311,G1351,GD509,G1310,59312,G2830,G1359,GU074,GD505,GU019,59319,G2850,G2886,GU028,G2804,GU023,GD510,GU038,GU017,G4101,G4102,G1355,G1358,G2816,G1321,GU021,GU003,G1325,G2808,G2829,G2807,G2887,GU055,G2851,GU022,G1320,G2821,G2882,G1322,G1324,G1308,G2818,G2884,GU013,GU015,GU033,G2802,GU020,GU004,G2823,GU034,G2825,G1307,G1329,GU054,GU016,G1328,G1327,G2833,G2801,GU008,G1323,G2806,GU053,G2871,G1326,G2815,GU031,G2838,GU036,GU039,GU009,GU018,GU035,G2805,G2824,GU032,G2826,GU030,59512,G2810,G2855,G1383,G2880,59316,GU014,G2827,G1306,G2814,G2817,GU000,G2813,GM763,G2812,GU006,GU067,G1382,GU001,GU011,GU007,GU063,G1305,GU005,G1334,GU002,G2852,59513,G4190,G5027,G2811,G1385,GU012,G1302,G1386,G2819,GM753,G5141,GU027,G2990,G2923,G9004,G8968,G5155,G5205,G2920,G1399,G1652,GU029,G2994,G5057,G9000,G1657,GD201,GV107,G2929,GM898,G1332,G2991,G2820,G1650,59318,GM756,G5055,GD407,G5145,G8966,G8969,G1343,G4141,GD406,GV106,G1667,G2911,G5051,G1348,GM900,GD401,G5138,G1316,G1318,G8963,G2998,GM899,59315,G2910,GD410,GM888,G2907,G5048,GV102,G1653,G1665,G2901,GD408,GD409,G5144,G1344,G8967,G5054,GM891,G5152,GM895,G9003,GD403,G1345,G2909,G1668,GD404,G2905,G1375,G2908,G4148,G1340,GV101,G2906,G2928,G5052,GM887,G1341,G1346,G5143,G1666,G1317,GV105,G4111,GM894,G2913,G2993,GD402,GV104,GM889,G2924,G5014,G8962,GD405,59116,G2912,G1662,G1374,G1377,GM761,G4147,G9017,GM751,G5043,G2925,G1697,G5056,G5026,G5146,G5147,G8960,GM881,G9002,GV103,G5018,G9001,G8961,G1347,G2986,G4146,GD701,G8912,GV216,G1376,G2927,GV219,G1373,G2984,GM897,G8957,GV215,G5016,G2922,GM757,G2985"
117.10,24.15,0.89,0.81,301,"G2852,GU054,GU053,G2871,G5027,G2833,G1650,G2830,GU069,G2851,GU070,G5055,GU071,G5057,GU063,G2855,GM895,G5051,G2848,G2849,GU067,G5152,G2804,GM888,G5205,G5155,G2853,G2857,G5145,G2838,GU055,G1652,G5054,GU051,G2831,GU073,G2850,G5056,GM898,G2837,GM889,G2889,G2840,G5048,GU074,G5146,G2847,GU065,GU064,59116,GM897,GM763,GU031,G1657,GU034,G2859,G1653,GM899,GM890,GM753,GU068,GM881,G1697,G5144,G2854,G2815,GU059,G2843,GU061,GU058,G1658,G5147,G2886,G2814,GM900,59313,G2841,G2802,G5200,G2858,G2870,GU028,GU072,G2842,GM884,GU060,G2832,GM891,G5052,GU003,GU062,G5049,GM894,G2818,G5141,G1654,G1665,G5201,GU024,G2817,G2836,G2872,G2873,GU066,GM887,GU004,GM885,G2803,G1651,G2845,G2869,G2868,G5053,GU052,G2816,GU000,G2885,G2880,G5026,GU036,G1656,G2835,G2846,GU025,G2875,G5050,G5138,GU013,G2861,GU023,G1353,GD506,G5014,G1668,GU056,GU026,G5047,GU057,GM896,G2822,GU021,GM892,59312,G1655,G2811,G2807,G1331,GU022,GU037,G5046,G5143,G2810,G4153,G4152,GU002,GU019,G1667,GD502,G2887,G2834,G2844,G2860,G2828,GM893,GD503,GU010,GD501,G1356,G2867,G2882,G5024,G2829,G4154,G4155,GU020,GU038,GD504,GM886,G1354,G1628,G1351,GD603,G1364,GD509,G1666,G2884,GU006,GM118,GM883,G1617,GD505,GD513,G5018,G5023,GU017,G1618,GU027,GM882,G5022,G1619,GM755,GU001,G2827,G2806,GM756,G2824,G1314,G1315,GD511,GU018,G1357,G2819,G4191,G2821,GU005,G1620,GM119,GD510,GD602,G1352,G2808,GM120,GM121,GD604,GU030,G1313,G1312,GU008,G2820,GM113,G5010,G1361,G1355,59319,G4162,G4161,GM112,G4158,G4157,G4163,G1624,59324,GD507,GD601,G2812,GU029,GD508,GM757,G1359,G2825,GM002,GD512,59311,G1365,G2826,GU015,GU009,G1367,59325,G1622,G1363,GM114,G1662,GU035,GU007,G1319,G2994,G1309,G1606,G2805,G1358,G1311,GM001,G1321,G5007,G2923,GU032,G1310,G2813,G2801,G1324,GU033,G5002,G5028,G2823,GU016,GM761,G8968,G4101,G4102,G5017,GU014,GM762,G1308,G5013,GU039,G2929,G5134,GM764,GM111,GM103"
117.10,24.62,0.89,0.81,125,"G1656,G5056,GM890,GM895,G5200,GM897,G1658,G5146,GM889,G5152,G1654,G1650,G5046,G5055,G5049,G5054,GM892,GM888,59116,G2852,G5051,GM881,G5050,G1697,GM884,GM893,G5027,G5057,GM118,G5201,G5147,G5145,GU054,GU053,G5024,G5048,GM896,G1651,G2871,GU063,G2833,GM120,G5205,G5155,G1652,G2855,GM898,G5053,G5047,GM885,GU067,GM114,G1653,G5144,GM121,G5007,G2851,GM899,GM117,G2830,GM119,GM113,GM103,GM112,GM886,G5052,G1624,G5023,G2838,GM894,G1628,G1617,GU069,G5000,G1619,GM900,G1657,G1618,GM891,GU070,G2804,G5006,GU055,G5026,G1655,G1670,GU071,GM111,GM887,GM659,GM657,G1620,GM753,GM763,G5022,G2849,G1677,G1622,G2848,G5028,G2850,G2857,G1665,GU073,GU031,G5030,G5014,GM655,GU034,GU074,G2889,GM882,GM883,G2853,G2814,G2831,G2815,G2837,G5002,GU051,G5136,G5134,G1668,G1673,GM755"
117.55,23.23,0.88,0.81,105,"G1367,59325,G1313,G1312,G1363,G1315,G1314,GD603,G4191,G1364,GD602,GD604,G2875,G1365,59324,G2846,G2836,G2872,G2803,G2861,G2835,59311,GU066,G4162,G4161,G1361,G2860,G2844,GU056,GD601,G4163,G2873,GU060,G2834,G2867,GU057,G2869,G2868,G1309,G4153,G4152,G1310,G4154,G4155,G4158,G4157,GU068,GD512,59513,G2870,59313,G1311,G1319,G2842,G2845,G1325,G4102,G4101,G1327,G1328,GD507,G1353,G2847,G1354,G1399,GD506,G1320,G1326,G2841,G1357,GU072,G1356,GD508,G1334,GU059,G1352,59512,GU065,G1307,GU062,G1329,G1322,GD513,GD501,G2859,GU058,G1359,G1321,G1358,G1331,GD502,G2832,GU051,GD503,G1308,G1305,G2853,GD511,G2843,G1306,59319,G1323,G2840,GU052,G1324"
117.55,23.69,0.89,0.81,150,"G2836,G2872,G2803,G2875,GU066,G2846,G2835,G2861,GD603,GU060,G1364,G1315,G1314,G1312,G1313,GU068,G1367,59325,G4191,G2847,G2873,GD602,G1363,59313,GD604,GU056,G2870,GU051,GU065,G2842,G2853,G2868,G2869,G2860,G2844,59324,G1365,G2859,GU057,GU059,G2841,G2845,G2840,G2834,GU058,GU072,59311,G4161,G4162,G2867,GU071,G1361,G4153,G4152,GU062,G2848,G2843,GU070,GD601,GU069,G2832,G4163,G4154,G4155,G2831,G1353,GD506,G2837,G2849,G2858,GU064,G2830,G4158,G4157,G1354,GU052,G1356,G1331,G2857,GD501,GD512,GD502,G1309,G2854,G2889,G1310,G1319,GD503,G1357,GD513,G1311,GD507,GU054,GU073,G1352,GU037,G2822,GU053,GU061,G2885,G2804,G2851,GD508,GU026,G2871,G4101,G4102,GU024,G2833,GU074,G2850,GU010,G1325,G1359,GD504,GD511,GU025,G2852,G1351,G2828,GD509,GU055,G1358,G1321,59319,G1320,GD505,G2886,59312,G1322,GU028,GD510,G1355,G1328,G1327,G5027,GU019,G2855,GU017,GU038,GU023,G1326,G1307,G1329,G2838,GU003,G1308,G2816,G1324,G2808"
