stacode,ddatetime,r,statype,validation,qc_label,validation_sample_size,extreme_circle_count,validation_circle_count,validation_circle_locs
59298,2003-01-06 22:00:00,1.7,SURF,True,NORMAL,2,0,0,
G2109,2003-01-15 00:00:00,338.8,AWST,False,FALSE,170,1,0,
G1282,2003-02-27 02:00:00,57.0,AWST,False,FALSE,270,1,0,
G1282,2003-02-27 12:00:00,144.0,AWST,False,FALSE,270,1,0,
G1282,2003-02-27 23:00:00,280.0,AWST,False,FALSE,270,1,0,
G1282,2003-03-01 18:00:00,5.2,AWST,False,FALSE,3,11,0,
G1282,2003-03-02 03:00:00,5.0,AWST,False,FALSE,3,11,0,
G1282,2003-03-02 18:00:00,800.5,AWST,False,FALSE,325,1,0,
G1282,2003-03-02 21:00:00,460.1,AWST,False,FALSE,325,1,0,
G1282,2003-03-02 22:00:00,5.2,AWST,False,FALSE,3,11,0,
G1282,2003-03-03 11:00:00,63.3,AWST,False,FALSE,328,1,0,
G1282,2003-03-04 05:00:00,75.3,AWST,False,FALSE,330,1,0,
G1282,2003-03-04 22:00:00,303.5,AWST,False,FALSE,329,1,0,
G1282,2003-03-04 23:00:00,430.1,AWST,False,FALSE,329,1,0,
59500,2003-03-05 10:00:00,3.0,SURF,True,NORMAL,1,0,0,
G1282,2003-03-05 12:00:00,503.0,AWST,False,FALSE,330,1,0,
G1282,2003-03-06 00:00:00,1.8,AWST,False,FALSE,3,11,0,
59314,2003-03-06 18:00:00,5.1,SURF,True,NORMAL,5,0,0,
G1282,2003-03-07 15:00:00,11.8,AWST,False,FALSE,3,11,0,
G1282,2003-03-09 00:00:00,7.2,AWST,False,FALSE,3,11,0,
59094,2003-03-09 18:00:00,3.2,SURF,True,FALSE,3,12,0,
G1282,2003-03-11 09:00:00,500.7,AWST,False,FALSE,335,1,0,
G1282,2003-03-13 04:00:00,652.0,AWST,False,FALSE,335,1,0,
G1282,2003-03-14 06:00:00,901.1,AWST,False,FALSE,335,1,0,
G1282,2003-03-14 07:00:00,400.7,AWST,False,FALSE,335,1,0,
G1282,2003-03-15 11:00:00,14.8,AWST,False,FALSE,3,11,0,
G1282,2003-03-15 18:00:00,800.4,AWST,False,FALSE,335,1,0,
G1282,2003-03-15 19:00:00,58.1,AWST,False,FALSE,335,1,0,
G1282,2003-03-18 11:00:00,360.3,AWST,False,FALSE,332,1,0,
G1282,2003-03-18 21:00:00,304.0,AWST,False,FALSE,335,1,0,
G1282,2003-03-19 12:00:00,730.0,AWST,False,FALSE,335,1,0,
G1282,2003-03-19 13:00:00,130.0,AWST,False,FALSE,335,1,0,
G1282,2003-03-19 22:00:00,328.0,AWST,False,FALSE,335,1,0,
G1282,2003-03-22 18:00:00,59.0,AWST,False,FALSE,340,1,0,
G1282,2003-03-22 19:00:00,530.0,AWST,False,FALSE,340,1,0,
G1282,2003-03-23 07:00:00,29.0,AWST,False,FALSE,340,1,0,
G1282,2003-03-23 08:00:00,3.9,AWST,False,FALSE,3,11,0,
G1282,2003-03-23 17:00:00,5.3,AWST,False,FALSE,3,11,0,
G1282,2003-03-25 06:00:00,31.8,AWST,False,FALSE,338,1,0,
G1282,2003-03-26 18:00:00,3.0,AWST,False,FALSE,3,11,0,
G1282,2003-03-27 05:00:00,4.1,AWST,False,FALSE,3,11,0,
59306,2003-03-27 20:00:00,6.9,SURF,True,NORMAL,5,0,0,
G1282,2003-03-27 20:00:00,800.0,AWST,False,FALSE,335,1,0,
G1282,2003-03-27 23:00:00,33.0,AWST,False,FALSE,334,1,0,
G1282,2003-03-29 21:00:00,21.0,AWST,False,FALSE,335,1,0,
G1282,2003-03-30 05:00:00,380.1,AWST,False,FALSE,335,1,0,
G1282,2003-03-30 12:00:00,701.7,AWST,False,FALSE,335,1,0,
G1282,2003-03-31 12:00:00,901.6,AWST,False,FALSE,338,1,0,
G1282,2003-04-02 05:00:00,9.1,AWST,False,FALSE,3,11,0,
G1282,2003-04-02 08:00:00,900.0,AWST,False,FALSE,340,1,0,
59270,2003-04-02 23:00:00,22.5,SURF,True,NORMAL,40,0,0,
G1282,2003-04-03 06:00:00,156.0,AWST,False,FALSE,340,1,0,
G1282,2003-04-04 05:00:00,600.1,AWST,False,FALSE,340,1,0,
G1282,2003-04-04 23:00:00,201.0,AWST,False,FALSE,340,1,0,
G1282,2003-04-05 15:00:00,900.1,AWST,False,FALSE,340,1,0,
G1282,2003-04-05 20:00:00,7.0,AWST,False,FALSE,3,11,0,
G1282,2003-04-07 00:00:00,1.5,AWST,False,NORMAL,3,0,0,
G1282,2003-04-08 01:00:00,1.4,AWST,False,FALSE,3,11,0,
59284,2003-04-09 03:00:00,2.8,SURF,True,NORMAL,2,0,0,
59280,2003-04-09 08:00:00,51.0,SURF,True,FALSE,210,1,0,
G1282,2003-04-09 16:00:00,200.7,AWST,False,FALSE,339,1,0,
59096,2003-04-09 19:00:00,23.0,SURF,True,EXTREME_TYPE1,90,1,1,"(114.32, 24.4)"
G1282,2003-04-10 05:00:00,2.2,AWST,False,FALSE,3,11,0,
G1282,2003-04-10 08:00:00,3.0,AWST,False,FALSE,3,11,0,
G1282,2003-04-10 09:00:00,3.2,AWST,False,FALSE,3,11,0,
G1282,2003-04-10 10:00:00,1.7,AWST,False,FALSE,3,11,0,
G2109,2003-04-11 01:00:00,60.6,AWST,False,FALSE,210,1,0,
G2109,2003-04-11 08:00:00,60.4,AWST,False,FALSE,210,1,0,
G2109,2003-04-11 18:00:00,888.8,AWST,False,FALSE,210,1,0,
G2109,2003-04-12 09:00:00,555.5,AWST,False,FALSE,210,1,0,
G1282,2003-04-13 21:00:00,518.0,AWST,False,FALSE,340,1,0,
59106,2003-04-13 23:00:00,3.5,SURF,True,NORMAL,2,0,0,
G2109,2003-04-14 01:00:00,888.3,AWST,False,FALSE,210,1,0,
G2109,2003-04-14 02:00:00,555.2,AWST,False,FALSE,210,1,0,
59492,2003-04-14 03:00:00,2.6,SURF,True,NORMAL,2,0,0,
59314,2003-04-14 04:00:00,57.8,SURF,True,NORMAL,173,0,0,
G2109,2003-04-15 06:00:00,1.3,AWST,False,FALSE,3,11,0,
G1282,2003-04-15 08:00:00,37.0,AWST,False,FALSE,340,1,0,
G1282,2003-04-15 17:00:00,365.5,AWST,False,FALSE,340,1,0,
G2109,2003-04-15 20:00:00,700.0,AWST,False,FALSE,210,1,0,
G1282,2003-04-15 22:00:00,61.5,AWST,False,FALSE,340,1,0,
G1282,2003-04-16 16:00:00,920.0,AWST,False,FALSE,340,1,0,
G2109,2003-04-16 17:00:00,300.0,AWST,False,FALSE,205,1,0,
G1282,2003-04-17 12:00:00,53.0,AWST,False,FALSE,340,1,0,
G2109,2003-04-17 13:00:00,1.3,AWST,False,FALSE,3,11,0,
G1282,2003-04-17 21:00:00,70.5,AWST,False,FALSE,340,1,0,
G2109,2003-04-18 03:00:00,555.5,AWST,False,FALSE,205,1,0,
G2109,2003-04-19 06:00:00,555.5,AWST,False,FALSE,210,1,0,
G2109,2003-04-19 09:00:00,894.3,AWST,False,FALSE,210,1,0,
G1282,2003-04-19 18:00:00,50.0,AWST,False,FALSE,340,1,0,
G1282,2003-04-20 02:00:00,131.0,AWST,False,FALSE,340,1,0,
G2109,2003-04-20 22:00:00,130.0,AWST,False,FALSE,210,1,0,
G1282,2003-04-20 23:00:00,8.0,AWST,False,FALSE,3,11,0,
G2109,2003-04-21 00:00:00,54.5,AWST,False,FALSE,210,1,0,
G2109,2003-04-21 01:00:00,13.0,AWST,False,FALSE,3,11,0,
G2109,2003-04-21 11:00:00,13.0,AWST,False,FALSE,3,11,0,
G2109,2003-04-22 03:00:00,555.5,AWST,False,FALSE,210,1,0,
G2109,2003-04-22 04:00:00,5.5,AWST,False,FALSE,3,11,0,
G2109,2003-04-22 21:00:00,555.5,AWST,False,FALSE,210,1,0,
G1282,2003-04-23 07:00:00,800.2,AWST,False,FALSE,340,1,0,
G2109,2003-04-23 09:00:00,300.0,AWST,False,FALSE,210,1,0,
G2109,2003-04-23 10:00:00,888.8,AWST,False,FALSE,210,1,0,
G2109,2003-04-24 08:00:00,555.5,AWST,False,FALSE,210,1,0,
G2340,2003-04-24 15:00:00,630.0,AWST,False,FALSE,95,1,0,
G2109,2003-04-25 00:00:00,300.0,AWST,False,FALSE,210,1,0,
G2109,2003-04-25 02:00:00,300.0,AWST,False,FALSE,210,1,0,
G2109,2003-04-25 03:00:00,300.0,AWST,False,FALSE,210,1,0,
G2109,2003-04-25 08:00:00,30.0,AWST,False,FALSE,210,1,0,
G2109,2003-04-25 16:00:00,300.0,AWST,False,FALSE,210,1,0,
G2109,2003-04-25 21:00:00,1.3,AWST,False,FALSE,3,11,0,
G2109,2003-04-26 02:00:00,555.5,AWST,False,FALSE,210,1,0,
G1282,2003-04-26 22:00:00,8.8,AWST,False,FALSE,3,11,0,
G2109,2003-04-26 23:00:00,1.3,AWST,False,FALSE,3,11,0,
G2109,2003-04-27 03:00:00,100.0,AWST,False,FALSE,210,1,0,
G1282,2003-04-27 14:00:00,358.0,AWST,False,FALSE,340,1,0,
G2109,2003-04-28 11:00:00,30.0,AWST,False,FALSE,210,1,0,
G2109,2003-04-28 12:00:00,555.5,AWST,False,FALSE,210,1,0,
59500,2003-05-04 12:00:00,52.7,SURF,True,NORMAL,130,0,0,
59502,2003-05-04 14:00:00,51.8,SURF,True,EXTREME_TYPE1,55,1,1,"(115.55, 22.8)"
59317,2003-05-04 16:00:00,72.4,SURF,True,NORMAL,95,0,0,
59318,2003-05-04 16:00:00,77.7,SURF,True,NORMAL,190,0,0,
59324,2003-05-04 17:00:00,11.5,SURF,True,NORMAL,2,0,0,
59488,2003-05-05 01:00:00,63.5,SURF,True,NORMAL,327,0,0,
59480,2003-05-05 03:00:00,6.0,SURF,True,NORMAL,9,0,0,
59287,2003-05-05 05:00:00,5.5,SURF,True,NORMAL,3,0,0,
59502,2003-05-05 10:00:00,37.6,SURF,True,EXTREME_TYPE1,55,1,1,"(115.55, 22.8)"
59087,2003-05-08 04:00:00,74.9,SURF,True,NORMAL,130,0,0,
59673,2003-05-09 08:00:00,21.9,SURF,True,FALSE,70,1,0,
59106,2003-05-11 07:00:00,48.4,SURF,True,NORMAL,40,0,0,
59287,2003-05-14 18:00:00,37.9,SURF,True,EXTREME_TYPE1,365,1,1,"(113.5, 23.2)"
59288,2003-05-14 18:00:00,83.6,SURF,True,EXTREME_TYPE1,380,1,1,"(113.09, 23.2)"
59314,2003-05-16 11:00:00,42.5,SURF,True,EXTREME_TYPE1,210,1,1,"(116.36, 23.2)"
59099,2003-05-17 05:00:00,27.1,SURF,True,NORMAL,25,0,0,
59109,2003-05-17 10:00:00,23.2,SURF,True,NORMAL,70,0,0,
59096,2003-05-17 13:00:00,9.3,SURF,True,NORMAL,3,0,0,
59673,2003-05-18 07:00:00,51.1,SURF,True,FALSE,70,1,0,
59650,2003-05-23 15:00:00,5.2,SURF,True,EXTREME_TYPE1,2,11,10,"(110.1, 21.3);(110.1, 21.4);(110.2, 21.3);(110.2, 21.4);(110.2, 21.5);(110.3, 21.3);(110.3, 21.4);(110.3, 21.5);(110.4, 21.3);(110.4, 21.4)"
59673,2003-05-26 11:00:00,22.2,SURF,True,EXTREME_TYPE4,70,1,1,"(112.68, 21.6)"
59654,2003-05-27 08:00:00,51.8,SURF,True,EXTREME_TYPE1,100,1,1,"(110.23, 21.6)"
59659,2003-05-29 18:00:00,56.4,SURF,True,EXTREME_TYPE1,75,1,1,"(111.05, 21.6)"
G2109,2003-05-31 21:00:00,555.5,AWST,False,FALSE,218,1,0,
G2109,2003-06-03 06:00:00,888.8,AWST,False,FALSE,210,1,0,
G2109,2003-06-03 12:00:00,888.8,AWST,False,FALSE,210,1,0,
59072,2003-06-06 05:00:00,5.5,SURF,True,NORMAL,2,0,0,
G2109,2003-06-06 05:00:00,255.5,AWST,False,EXTREME_TYPE5,210,1,1,"(112.27, 22.4)"
G2109,2003-06-06 11:00:00,888.8,AWST,False,FALSE,210,1,0,
G2109,2003-06-06 12:00:00,555.5,AWST,False,FALSE,210,1,0,
59659,2003-06-06 15:00:00,2.3,SURF,True,NORMAL,1,0,0,
59297,2003-06-06 19:00:00,45.5,SURF,True,NORMAL,148,0,0,
G2109,2003-06-06 20:00:00,20.0,AWST,False,EXTREME_TYPE1,210,1,1,"(112.27, 22.4)"
G2109,2003-06-06 21:00:00,10.0,AWST,False,FALSE,4,11,0,
59313,2003-06-07 13:00:00,1.1,SURF,True,NORMAL,1,0,0,
G2109,2003-06-08 21:00:00,440.7,AWST,False,FALSE,210,1,0,
G2109,2003-06-09 04:00:00,1.8,AWST,False,NORMAL,4,0,0,
G2109,2003-06-09 05:00:00,588.1,AWST,False,FALSE,210,1,0,
G2109,2003-06-09 06:00:00,555.5,AWST,False,FALSE,210,1,0,
59488,2003-06-09 12:00:00,52.6,SURF,True,NORMAL,305,0,0,
59653,2003-06-09 19:00:00,20.5,SURF,True,NORMAL,70,0,0,
59279,2003-06-10 01:00:00,36.4,SURF,True,NORMAL,280,0,0,
G2109,2003-06-10 06:00:00,1.0,AWST,False,FALSE,4,11,0,
G2109,2003-06-10 13:00:00,1.6,AWST,False,NORMAL,4,0,0,
G2109,2003-06-10 15:00:00,10.3,AWST,False,FALSE,4,11,0,
59673,2003-06-10 22:00:00,117.4,SURF,True,EXTREME_TYPE1,69,1,1,"(112.68, 21.6)"
59488,2003-06-10 23:00:00,62.6,SURF,True,EXTREME_TYPE1,301,1,1,"(113.5, 22.4)"
59673,2003-06-10 23:00:00,64.3,SURF,True,FALSE,68,1,0,
59673,2003-06-11 00:00:00,62.7,SURF,True,FALSE,67,1,0,
57989,2003-06-11 07:00:00,6.4,SURF,True,NORMAL,1,0,0,
59502,2003-06-11 07:00:00,67.3,SURF,True,EXTREME_TYPE1,55,1,1,"(115.55, 22.8)"
59097,2003-06-12 16:00:00,1.3,SURF,True,FALSE,1,10,0,
59285,2003-06-14 06:00:00,50.0,SURF,True,EXTREME_TYPE1,214,1,1,"(113.5, 23.6)"
59289,2003-06-14 17:00:00,47.2,SURF,True,NORMAL,249,0,0,
59306,2003-06-15 09:00:00,28.5,SURF,True,NORMAL,160,0,0,
G2109,2003-06-15 09:00:00,10.0,AWST,False,FALSE,4,11,0,
59310,2003-06-15 20:00:00,6.1,SURF,True,NORMAL,4,0,0,
G2109,2003-06-16 16:00:00,533.1,AWST,False,FALSE,200,1,0,
G2109,2003-06-17 02:00:00,555.5,AWST,False,FALSE,200,1,0,
G2109,2003-06-18 21:00:00,555.5,AWST,False,FALSE,200,1,0,
59099,2003-06-22 15:00:00,2.7,SURF,True,NORMAL,0,0,0,
59485,2003-06-22 17:00:00,1.9,SURF,True,EXTREME_TYPE1,6,10,10,"(113.2, 22.5);(113.3, 22.4);(113.3, 22.5);(113.3, 22.6);(113.4, 22.4);(113.4, 22.5);(113.4, 22.6);(113.5, 22.4);(113.5, 22.5);(113.5, 22.6)"
59306,2003-06-26 07:00:00,54.1,SURF,True,EXTREME_TYPE1,155,1,1,"(115.95, 23.6)"
59477,2003-06-27 21:00:00,50.7,SURF,True,EXTREME_TYPE1,205,1,1,"(112.27, 22.4)"
59287,2003-06-27 22:00:00,17.2,SURF,True,NORMAL,3,0,0,
59492,2003-06-28 02:00:00,12.4,SURF,True,NORMAL,2,0,0,
59280,2003-06-28 18:00:00,52.1,SURF,True,EXTREME_TYPE3,230,1,1,"(113.09, 23.6)"
59654,2003-06-29 16:00:00,52.4,SURF,True,EXTREME_TYPE1,85,1,1,"(110.23, 21.6)"
59654,2003-06-29 17:00:00,55.1,SURF,True,NORMAL,85,0,0,
59654,2003-06-30 15:00:00,13.3,SURF,True,NORMAL,1,0,0,
59492,2003-07-24 08:00:00,30.1,SURF,True,NORMAL,145,0,0,
59303,2003-07-27 18:00:00,32.5,SURF,True,NORMAL,120,0,0,
59312,2003-07-27 18:00:00,58.9,SURF,True,NORMAL,195,0,0,
59285,2003-08-04 21:00:00,53.6,SURF,True,EXTREME_TYPE1,207,1,1,"(113.5, 23.6)"
59285,2003-08-05 01:00:00,1.7,SURF,True,NORMAL,1,0,0,
59469,2003-08-05 04:00:00,31.3,SURF,True,NORMAL,80,0,0,
59659,2003-08-05 23:00:00,4.6,SURF,True,NORMAL,1,0,0,
59264,2003-08-06 18:00:00,61.2,SURF,True,EXTREME_TYPE5,70,1,1,"(111.45, 23.2)"
59478,2003-08-12 14:00:00,9.8,SURF,True,NORMAL,4,0,0,
59653,2003-08-12 16:00:00,50.6,SURF,True,NORMAL,70,0,0,
59288,2003-08-12 19:00:00,19.9,SURF,True,NORMAL,2,0,0,
59306,2003-08-15 18:00:00,24.0,SURF,True,NORMAL,215,0,0,
59109,2003-08-15 19:00:00,59.5,SURF,True,NORMAL,99,0,0,
59071,2003-08-16 17:00:00,13.8,SURF,True,NORMAL,1,0,0,
59501,2003-08-17 06:00:00,25.0,SURF,True,NORMAL,55,0,0,
59288,2003-08-17 21:00:00,7.2,SURF,True,NORMAL,2,0,0,
59090,2003-08-17 22:00:00,15.5,SURF,True,NORMAL,2,0,0,
59492,2003-08-19 15:00:00,75.8,SURF,True,EXTREME_TYPE1,145,1,1,"(114.73, 23.2)"
59456,2003-08-19 19:00:00,35.3,SURF,True,NORMAL,40,0,0,
59276,2003-08-21 15:00:00,50.9,SURF,True,EXTREME_TYPE1,280,1,1,"(112.68, 23.2)"
59485,2003-08-21 15:00:00,50.5,SURF,True,EXTREME_TYPE1,290,1,1,"(113.5, 22.4)"
59294,2003-08-22 06:00:00,13.9,SURF,True,FALSE,2,13,0,
59094,2003-09-02 16:00:00,13.1,SURF,True,NORMAL,1,0,0,
59318,2003-09-02 19:00:00,33.6,SURF,True,NORMAL,177,0,0,
59310,2003-09-03 03:00:00,23.4,SURF,True,EXTREME_TYPE1,225,1,1,"(116.36, 23.6)"
59470,2003-09-03 04:00:00,33.1,SURF,True,NORMAL,195,0,0,
59298,2003-09-03 10:00:00,2.3,SURF,True,EXTREME_TYPE1,5,12,9,"(114.3, 23.0);(114.3, 23.1);(114.3, 23.2);(114.4, 23.0);(114.4, 23.1);(114.4, 23.2);(114.5, 23.0);(114.5, 23.1);(114.5, 23.2)"
59109,2003-09-03 14:00:00,10.5,SURF,True,NORMAL,0,0,0,
59477,2003-09-05 13:00:00,1.8,SURF,True,NORMAL,1,0,0,
59658,2003-09-08 09:00:00,6.0,SURF,True,NORMAL,2,0,0,
59315,2003-09-14 12:00:00,59.4,SURF,True,EXTREME_TYPE1,225,1,1,"(116.36, 23.6)"
59487,2003-09-14 15:00:00,8.2,SURF,True,NORMAL,7,0,0,
59269,2003-09-14 16:00:00,2.5,SURF,True,NORMAL,1,0,0,
59488,2003-09-14 19:00:00,32.1,SURF,True,NORMAL,295,0,0,
59485,2003-09-14 20:00:00,24.9,SURF,True,EXTREME_TYPE1,295,1,1,"(113.5, 22.4)"
59480,2003-09-15 03:00:00,21.3,SURF,True,NORMAL,405,0,0,
59488,2003-09-15 10:00:00,59.5,SURF,True,NORMAL,295,0,0,
59485,2003-09-15 15:00:00,33.0,SURF,True,NORMAL,295,0,0,
59310,2003-09-16 08:00:00,21.1,SURF,True,EXTREME_TYPE1,225,1,1,"(116.36, 23.6)"
G2764,2004-01-23 03:00:00,2.7,AWST,False,FALSE,1,12,0,
G2764,2004-01-23 04:00:00,80.3,AWST,False,FALSE,80,1,0,
G2764,2004-01-23 06:00:00,140.5,AWST,False,FALSE,80,1,0,
G2764,2004-01-23 14:00:00,212.7,AWST,False,FALSE,80,1,0,
G2764,2004-01-23 15:00:00,88.5,AWST,False,FALSE,80,1,0,
59480,2004-02-04 19:00:00,1.7,SURF,True,NORMAL,10,0,0,
59303,2004-02-05 02:00:00,3.2,SURF,True,NORMAL,3,0,0,
59279,2004-02-07 05:00:00,1.4,SURF,True,NORMAL,3,0,0,
G2764,2004-02-28 09:00:00,137.0,AWST,False,FALSE,95,1,0,
G2764,2004-02-28 10:00:00,186.0,AWST,False,FALSE,95,1,0,
G2764,2004-02-28 11:00:00,98.6,AWST,False,FALSE,95,1,0,
G2764,2004-02-28 17:00:00,31.7,AWST,False,FALSE,95,1,0,
G2764,2004-02-28 19:00:00,29.2,AWST,False,FALSE,95,1,0,
G2764,2004-03-01 12:00:00,1.7,AWST,False,FALSE,1,12,0,
G2764,2004-03-06 11:00:00,203.9,AWST,False,FALSE,95,1,0,
G2764,2004-03-06 12:00:00,9.8,AWST,False,FALSE,1,12,0,
G2764,2004-03-06 13:00:00,13.4,AWST,False,FALSE,1,12,0,
G2764,2004-03-06 16:00:00,2.1,AWST,False,FALSE,1,12,0,
G2764,2004-03-07 08:00:00,1.1,AWST,False,FALSE,1,12,0,
G2764,2004-03-08 12:00:00,75.8,AWST,False,FALSE,95,1,0,
G2764,2004-03-08 23:00:00,90.1,AWST,False,FALSE,95,1,0,
G2764,2004-03-09 03:00:00,808.4,AWST,False,FALSE,95,1,0,
G2764,2004-03-09 04:00:00,443.5,AWST,False,FALSE,95,1,0,
G2764,2004-03-09 05:00:00,160.7,AWST,False,FALSE,95,1,0,
G2764,2004-03-09 07:00:00,1.4,AWST,False,FALSE,1,12,0,
G2764,2004-03-10 17:00:00,117.3,AWST,False,FALSE,95,1,0,
G2764,2004-03-10 18:00:00,140.1,AWST,False,FALSE,95,1,0,
G2764,2004-03-10 19:00:00,201.8,AWST,False,FALSE,95,1,0,
G2764,2004-03-10 20:00:00,112.1,AWST,False,FALSE,95,1,0,
G2764,2004-03-11 01:00:00,256.3,AWST,False,FALSE,95,1,0,
G2764,2004-03-11 02:00:00,12.2,AWST,False,FALSE,1,12,0,
G2764,2004-03-11 10:00:00,119.5,AWST,False,FALSE,95,1,0,
G2764,2004-03-11 12:00:00,68.4,AWST,False,FALSE,95,1,0,
G2764,2004-03-12 03:00:00,56.3,AWST,False,FALSE,95,1,0,
G2764,2004-03-12 06:00:00,53.4,AWST,False,FALSE,95,1,0,
G2764,2004-03-12 07:00:00,65.1,AWST,False,FALSE,95,1,0,
G2764,2004-03-12 08:00:00,451.8,AWST,False,FALSE,95,1,0,
G2764,2004-03-12 09:00:00,479.5,AWST,False,FALSE,95,1,0,
G2764,2004-03-12 10:00:00,118.8,AWST,False,FALSE,95,1,0,
G2764,2004-03-12 11:00:00,125.5,AWST,False,FALSE,95,1,0,
G2764,2004-03-12 13:00:00,340.8,AWST,False,FALSE,95,1,0,
G2764,2004-03-12 15:00:00,328.5,AWST,False,FALSE,95,1,0,
G2764,2004-03-12 16:00:00,355.2,AWST,False,FALSE,95,1,0,
G2764,2004-03-12 22:00:00,93.9,AWST,False,FALSE,95,1,0,
G2764,2004-03-12 23:00:00,416.9,AWST,False,FALSE,95,1,0,
G2764,2004-03-13 01:00:00,85.3,AWST,False,FALSE,95,1,0,
G2764,2004-03-13 04:00:00,53.2,AWST,False,FALSE,95,1,0,
G2764,2004-03-13 06:00:00,4.3,AWST,False,FALSE,1,12,0,
G2764,2004-03-13 09:00:00,159.7,AWST,False,FALSE,95,1,0,
G2764,2004-03-13 10:00:00,12.5,AWST,False,FALSE,1,12,0,
G2764,2004-03-13 12:00:00,61.6,AWST,False,FALSE,95,1,0,
G2764,2004-03-13 16:00:00,544.5,AWST,False,FALSE,95,1,0,
G2764,2004-03-13 19:00:00,148.6,AWST,False,FALSE,95,1,0,
59313,2004-03-26 07:00:00,3.0,SURF,True,NORMAL,1,0,0,
59473,2004-04-01 09:00:00,4.3,SURF,True,NORMAL,14,0,0,
59297,2004-04-01 14:00:00,1.0,SURF,True,NORMAL,1,0,0,
59655,2004-04-17 14:00:00,66.9,SURF,True,NORMAL,65,0,0,
59289,2004-04-17 18:00:00,9.1,SURF,True,NORMAL,6,0,0,
59099,2004-05-07 05:00:00,3.4,SURF,True,NORMAL,0,0,0,
59653,2004-05-07 14:00:00,50.0,SURF,True,NORMAL,95,0,0,
59664,2004-05-07 19:00:00,67.4,SURF,True,NORMAL,75,0,0,
59664,2004-05-07 20:00:00,95.6,SURF,True,NORMAL,75,0,0,
59663,2004-05-07 21:00:00,56.9,SURF,True,NORMAL,155,0,0,
59663,2004-05-07 22:00:00,64.9,SURF,True,NORMAL,155,0,0,
59481,2004-05-08 01:00:00,11.8,SURF,True,NORMAL,5,0,0,
59492,2004-05-08 03:00:00,1.2,SURF,True,NORMAL,2,0,0,
59663,2004-05-08 03:00:00,90.1,SURF,True,NORMAL,155,0,0,
59284,2004-05-08 06:00:00,63.8,SURF,True,EXTREME_TYPE1,250,1,1,"(113.09, 23.6)"
59488,2004-05-08 06:00:00,57.0,SURF,True,EXTREME_TYPE1,335,1,1,"(113.5, 22.4)"
59492,2004-05-08 07:00:00,57.7,SURF,True,EXTREME_TYPE1,165,1,1,"(114.73, 23.2)"
59492,2004-05-08 09:00:00,50.3,SURF,True,NORMAL,165,0,0,
59664,2004-05-13 04:00:00,55.2,SURF,True,NORMAL,75,0,0,
59664,2004-05-13 05:00:00,90.9,SURF,True,NORMAL,75,0,0,
59284,2004-05-13 17:00:00,36.0,SURF,True,EXTREME_TYPE1,250,1,1,"(113.09, 23.6)"
59278,2004-05-13 18:00:00,34.4,SURF,True,EXTREME_TYPE1,335,1,1,"(112.68, 22.8)"
59663,2004-05-14 03:00:00,66.0,SURF,True,NORMAL,155,0,0,
59492,2004-05-14 11:00:00,44.2,SURF,True,EXTREME_TYPE1,165,1,1,"(114.73, 23.2)"
59264,2004-05-14 18:00:00,23.0,SURF,True,NORMAL,110,0,0,
59654,2004-05-15 18:00:00,30.7,SURF,True,EXTREME_TYPE1,100,1,1,"(110.23, 21.6)"
59310,2004-05-16 17:00:00,52.5,SURF,True,EXTREME_TYPE5,325,1,1,"(116.36, 23.6)"
59663,2004-05-19 03:00:00,21.2,SURF,True,EXTREME_TYPE1,155,1,1,"(111.86, 22.0)"
59074,2004-05-27 18:00:00,51.3,SURF,True,EXTREME_TYPE5,105,1,1,"(112.27, 24.4)"
59456,2004-05-28 20:00:00,53.9,SURF,True,NORMAL,60,0,0,
59285,2004-05-29 14:00:00,29.5,SURF,True,EXTREME_TYPE1,255,1,1,"(113.5, 23.6)"
59082,2004-05-30 13:00:00,16.1,SURF,True,FALSE,2,11,0,
59279,2004-05-31 17:00:00,37.0,SURF,True,EXTREME_TYPE1,278,1,1,"(112.68, 23.2)"
59290,2004-06-03 03:00:00,50.9,SURF,True,EXTREME_TYPE1,175,1,1,"(114.32, 23.6)"
59487,2004-06-16 09:00:00,12.7,SURF,True,NORMAL,10,0,0,
57988,2004-06-16 16:00:00,6.9,SURF,True,NORMAL,1,0,0,
59280,2004-06-16 17:00:00,17.8,SURF,True,NORMAL,3,0,0,
59088,2004-06-16 18:00:00,56.1,SURF,True,NORMAL,145,0,0,
59502,2004-06-20 22:00:00,50.0,SURF,True,FALSE,80,1,0,
59488,2004-06-21 02:00:00,63.8,SURF,True,EXTREME_TYPE1,335,1,1,"(113.5, 22.4)"
59488,2004-06-21 04:00:00,51.5,SURF,True,EXTREME_TYPE1,335,1,1,"(113.5, 22.4)"
59268,2004-06-21 18:00:00,50.4,SURF,True,NORMAL,45,0,0,
59304,2004-06-29 18:00:00,9.0,SURF,True,EXTREME_TYPE1,3,1,1,"(115.0, 23.6)"
59313,2004-07-01 19:00:00,2.7,SURF,True,NORMAL,1,0,0,
59276,2004-07-01 21:00:00,32.5,SURF,True,EXTREME_TYPE1,300,1,1,"(112.68, 23.2)"
59306,2004-07-04 14:00:00,52.1,SURF,True,NORMAL,270,0,0,
59293,2004-07-07 19:00:00,16.7,SURF,True,NORMAL,1,0,0,
59082,2004-07-12 11:00:00,57.8,SURF,True,NORMAL,135,0,0,
59298,2004-07-14 15:00:00,21.1,SURF,True,EXTREME_TYPE1,210,1,1,"(114.32, 23.2)"
59312,2004-07-17 13:00:00,12.9,SURF,True,FALSE,4,10,0,
59312,2004-07-17 15:00:00,49.2,SURF,True,EXTREME_TYPE1,255,1,1,"(116.77, 23.6)"
59754,2004-07-18 22:00:00,6.7,SURF,True,FALSE,0,3,0,
59456,2004-07-19 06:00:00,7.9,SURF,True,NORMAL,0,0,0,
59650,2004-07-20 01:00:00,97.4,SURF,True,NORMAL,85,0,0,
59276,2004-07-20 06:00:00,1.4,SURF,True,NORMAL,2,0,0,
59481,2004-07-20 08:00:00,8.2,SURF,True,NORMAL,6,0,0,
59492,2004-07-20 10:00:00,12.3,SURF,True,NORMAL,2,0,0,
59316,2004-07-28 00:00:00,26.5,SURF,True,NORMAL,220,0,0,
59324,2004-07-28 09:00:00,22.5,SURF,True,NORMAL,170,0,0,
59278,2004-07-28 20:00:00,23.2,SURF,True,EXTREME_TYPE1,355,1,1,"(112.68, 22.8)"
59469,2004-07-29 17:00:00,1.5,SURF,True,NORMAL,2,0,0,
59654,2004-07-30 08:00:00,14.3,SURF,True,NORMAL,1,0,0,
59279,2004-07-30 12:00:00,24.7,SURF,True,NORMAL,298,0,0,
59314,2004-08-02 20:00:00,11.1,SURF,True,EXTREME_TYPE1,8,9,9,"(116.1, 23.3);(116.1, 23.4);(116.1, 23.5);(116.2, 23.3);(116.2, 23.4);(116.2, 23.5);(116.3, 23.3);(116.3, 23.4);(116.3, 23.5)"
59107,2004-08-04 18:00:00,57.0,SURF,True,EXTREME_TYPE5,85,1,1,"(115.14, 24.0)"
59481,2004-08-11 15:00:00,50.2,SURF,True,EXTREME_TYPE1,435,1,1,"(113.5, 22.8)"
59493,2004-08-11 15:00:00,63.3,SURF,True,EXTREME_TYPE1,215,1,1,"(113.91, 22.4)"
59284,2004-08-11 16:00:00,53.0,SURF,True,EXTREME_TYPE1,305,1,1,"(113.09, 23.6)"
59071,2004-08-11 18:00:00,51.9,SURF,True,NORMAL,70,0,0,
59288,2004-08-20 13:00:00,31.1,SURF,True,EXTREME_TYPE1,390,1,1,"(113.09, 23.2)"
59109,2004-08-20 14:00:00,53.4,SURF,True,EXTREME_TYPE3,120,1,1,"(115.55, 24.0)"
59284,2004-08-20 15:00:00,90.9,SURF,True,EXTREME_TYPE1,305,1,1,"(113.09, 23.6)"
59501,2004-08-22 12:00:00,34.2,SURF,True,NORMAL,80,0,0,
59294,2004-08-27 01:00:00,5.0,SURF,True,NORMAL,1,0,0,
59317,2004-08-27 16:00:00,7.9,SURF,True,NORMAL,4,0,0,
59673,2004-08-29 03:00:00,26.9,SURF,True,EXTREME_TYPE1,40,1,1,"(112.68, 21.6)"
59324,2004-08-29 09:00:00,7.1,SURF,True,NORMAL,3,0,0,
59284,2004-08-30 22:00:00,32.3,SURF,True,EXTREME_TYPE1,305,1,1,"(113.09, 23.6)"
59293,2004-09-05 16:00:00,41.8,SURF,True,EXTREME_TYPE5,155,1,1,"(114.73, 23.6)"
59471,2004-09-06 13:00:00,5.3,SURF,True,FALSE,1,13,0,
59487,2004-09-06 17:00:00,34.1,SURF,True,NORMAL,352,0,0,
59487,2004-09-06 18:00:00,21.8,SURF,True,NORMAL,352,0,0,
59750,2004-09-07 16:00:00,68.6,SURF,True,NORMAL,85,0,0,
59324,2004-09-08 09:00:00,70.5,SURF,True,EXTREME_TYPE1,175,1,1,"(117.18, 23.6)"
59324,2004-09-08 10:00:00,20.5,SURF,True,NORMAL,175,0,0,
59294,2004-09-18 13:00:00,22.9,SURF,True,EXTREME_TYPE1,278,1,1,"(113.91, 23.2)"
59315,2004-09-21 21:00:00,71.7,SURF,True,EXTREME_TYPE1,310,1,1,"(116.36, 23.6)"
G2775,2004-10-22 14:00:00,888.8,AWST,False,FALSE,195,1,0,
G2775,2004-10-22 20:00:00,55.5,AWST,False,FALSE,195,1,0,
G2775,2004-10-23 19:00:00,888.8,AWST,False,FALSE,195,1,0,
G2775,2004-10-25 04:00:00,555.5,AWST,False,FALSE,195,1,0,
G2775,2004-10-26 11:00:00,888.8,AWST,False,FALSE,190,1,0,
G2775,2004-10-27 21:00:00,555.5,AWST,False,FALSE,190,1,0,
G2775,2004-10-29 06:00:00,555.5,AWST,False,FALSE,195,1,0,
G2775,2004-10-29 12:00:00,55.5,AWST,False,FALSE,195,1,0,
G2775,2004-10-31 04:00:00,555.5,AWST,False,FALSE,190,1,0,
59081,2005-02-16 14:00:00,16.0,SURF,True,FALSE,1,8,0,
59500,2005-02-17 10:00:00,5.5,SURF,True,NORMAL,1,0,0,
59096,2005-02-28 02:00:00,7.2,SURF,True,NORMAL,2,0,0,
59487,2005-02-28 15:00:00,1.2,SURF,True,NORMAL,9,0,0,
59285,2005-03-12 10:00:00,2.4,SURF,True,NORMAL,1,0,0,
59673,2005-03-12 16:00:00,1.3,SURF,True,NORMAL,0,0,0,
G1032,2005-03-16 19:00:00,292.0,AWST,False,FALSE,632,1,0,
59081,2005-03-29 08:00:00,16.1,SURF,True,NORMAL,1,0,0,
59114,2005-03-29 13:00:00,25.1,SURF,True,NORMAL,90,0,0,
59310,2005-03-29 22:00:00,3.0,SURF,True,EXTREME_TYPE1,1,12,5,"(116.0, 23.7);(116.1, 23.7);(116.2, 23.6);(116.2, 23.7);(116.3, 23.7)"
59288,2005-03-30 19:00:00,5.6,SURF,True,NORMAL,12,0,0,
59462,2005-04-01 09:00:00,6.1,SURF,True,NORMAL,2,0,0,
59088,2005-04-09 19:00:00,44.6,SURF,True,EXTREME_TYPE1,225,1,1,"(113.5, 24.0)"
59656,2005-04-24 17:00:00,35.5,SURF,True,NORMAL,150,0,0,
59297,2005-04-25 17:00:00,22.3,SURF,True,NORMAL,240,0,0,
59480,2005-04-25 17:00:00,97.4,SURF,True,NORMAL,685,0,0,
59298,2005-04-25 18:00:00,70.0,SURF,True,EXTREME_TYPE1,240,1,1,"(114.32, 23.2)"
59653,2005-04-25 18:00:00,36.5,SURF,True,NORMAL,205,0,0,
59480,2005-04-25 19:00:00,13.0,SURF,True,NORMAL,17,0,0,
59287,2005-04-25 20:00:00,23.2,SURF,True,NORMAL,653,0,0,
59314,2005-04-27 17:00:00,1.0,SURF,True,NORMAL,9,0,0,
59656,2005-04-28 11:00:00,8.5,SURF,True,NORMAL,3,0,0,
59269,2005-05-06 00:00:00,34.0,SURF,True,NORMAL,205,0,0,
59297,2005-05-06 01:00:00,8.0,SURF,True,NORMAL,2,0,0,
59297,2005-05-06 02:00:00,55.8,SURF,True,NORMAL,240,0,0,
59493,2005-05-06 03:00:00,21.8,SURF,True,NORMAL,275,0,0,
59673,2005-05-06 07:00:00,3.8,SURF,True,FALSE,0,0,0,
59285,2005-05-09 10:00:00,57.7,SURF,True,NORMAL,458,0,0,
59477,2005-05-10 00:00:00,20.5,SURF,True,EXTREME_TYPE1,230,1,1,"(112.27, 22.4)"
59114,2005-05-13 17:00:00,11.7,SURF,True,EXTREME_TYPE1,2,12,3,"(116.2, 24.7);(116.2, 24.8);(116.3, 24.7)"
59087,2005-05-15 13:00:00,12.6,SURF,True,FALSE,1,10,0,
59315,2005-05-17 11:00:00,22.2,SURF,True,EXTREME_TYPE1,275,1,1,"(116.36, 23.6)"
59485,2005-05-18 14:00:00,17.2,SURF,True,EXTREME_TYPE1,9,10,9,"(113.2, 22.5);(113.3, 22.4);(113.3, 22.5);(113.3, 22.6);(113.4, 22.4);(113.4, 22.5);(113.4, 22.6);(113.5, 22.5);(113.5, 22.6)"
59278,2005-05-18 15:00:00,9.7,SURF,True,NORMAL,1,0,0,
59075,2005-05-20 09:00:00,56.0,SURF,True,EXTREME_TYPE1,200,1,1,"(112.68, 24.4)"
59488,2005-05-24 04:00:00,7.6,SURF,True,NORMAL,2,0,0,
59096,2005-05-24 09:00:00,4.1,SURF,True,NORMAL,1,0,0,
59294,2005-05-25 16:00:00,68.6,SURF,True,EXTREME_TYPE1,485,1,1,"(113.91, 23.2)"
59278,2005-05-25 18:00:00,60.2,SURF,True,EXTREME_TYPE1,500,1,1,"(112.68, 22.8)"
59289,2005-05-27 20:00:00,69.4,SURF,True,EXTREME_TYPE1,490,1,1,"(113.91, 22.8)"
59317,2005-06-02 06:00:00,81.2,SURF,True,NORMAL,120,0,0,
59317,2005-06-02 07:00:00,67.9,SURF,True,EXTREME_TYPE1,120,1,1,"(116.36, 22.8)"
57996,2005-06-02 11:00:00,29.2,SURF,True,NORMAL,55,0,0,
59094,2005-06-02 18:00:00,21.2,SURF,True,NORMAL,140,0,0,
59097,2005-06-03 20:00:00,51.2,SURF,True,NORMAL,80,0,0,
59094,2005-06-05 00:00:00,30.5,SURF,True,NORMAL,135,0,0,
59673,2005-06-05 04:00:00,65.7,SURF,True,EXTREME_TYPE1,60,1,1,"(112.68, 21.6)"
59656,2005-06-05 07:00:00,78.9,SURF,True,NORMAL,155,0,0,
59650,2005-06-08 11:00:00,56.5,SURF,True,EXTREME_TYPE1,130,1,1,"(110.23, 21.6)"
59650,2005-06-08 12:00:00,65.5,SURF,True,EXTREME_TYPE1,130,1,1,"(110.23, 21.6)"
59656,2005-06-10 20:00:00,24.7,SURF,True,EXTREME_TYPE1,155,1,1,"(110.64, 21.6)"
59114,2005-06-11 19:00:00,21.0,SURF,True,EXTREME_TYPE1,90,1,1,"(116.36, 24.8)"
59107,2005-06-12 04:00:00,56.0,SURF,True,NORMAL,105,0,0,
59314,2005-06-12 17:00:00,61.8,SURF,True,EXTREME_TYPE1,255,1,1,"(116.36, 23.2)"
59653,2005-06-13 17:00:00,1.8,SURF,True,NORMAL,2,0,0,
59293,2005-06-14 06:00:00,56.0,SURF,True,FALSE,125,1,0,
59488,2005-06-14 15:00:00,21.0,SURF,True,EXTREME_TYPE1,440,1,1,"(113.5, 22.4)"
59488,2005-06-14 16:00:00,55.8,SURF,True,EXTREME_TYPE1,440,1,1,"(113.5, 22.4)"
59477,2005-06-14 17:00:00,50.4,SURF,True,EXTREME_TYPE1,220,1,1,"(112.27, 22.4)"
59289,2005-06-15 08:00:00,76.0,SURF,True,EXTREME_TYPE1,415,1,1,"(113.91, 22.8)"
59117,2005-06-16 00:00:00,39.4,SURF,True,EXTREME_TYPE1,167,1,1,"(115.95, 24.4)"
59653,2005-06-17 17:00:00,74.7,SURF,True,EXTREME_TYPE1,190,1,1,"(111.05, 22.0)"
59082,2005-06-17 19:00:00,30.0,SURF,True,EXTREME_TYPE1,130,1,1,"(113.5, 24.8)"
59493,2005-06-18 06:00:00,1.1,SURF,True,NORMAL,1,0,0,
59290,2005-06-20 06:00:00,72.3,SURF,True,EXTREME_TYPE1,170,1,1,"(114.32, 23.6)"
59293,2005-06-20 14:00:00,30.9,SURF,True,NORMAL,135,0,0,
59298,2005-06-20 20:00:00,21.6,SURF,True,NORMAL,240,0,0,
59290,2005-06-21 06:00:00,72.7,SURF,True,EXTREME_TYPE1,175,1,1,"(114.32, 23.6)"
59293,2005-06-21 07:00:00,66.5,SURF,True,EXTREME_TYPE1,140,1,1,"(114.73, 23.6)"
59097,2005-06-21 08:00:00,64.5,SURF,True,NORMAL,100,0,0,
59293,2005-06-21 08:00:00,58.5,SURF,True,NORMAL,140,0,0,
59487,2005-06-21 10:00:00,60.0,SURF,True,NORMAL,460,0,0,
59315,2005-06-21 11:00:00,39.8,SURF,True,NORMAL,315,0,0,
59278,2005-06-21 18:00:00,52.4,SURF,True,EXTREME_TYPE1,495,1,1,"(112.68, 22.8)"
59500,2005-06-22 00:00:00,56.2,SURF,True,EXTREME_TYPE1,135,1,1,"(115.14, 23.2)"
59314,2005-06-22 02:00:00,52.3,SURF,True,NORMAL,260,0,0,
59298,2005-06-22 06:00:00,62.8,SURF,True,EXTREME_TYPE1,245,1,1,"(114.32, 23.2)"
59082,2005-06-22 14:00:00,52.4,SURF,True,EXTREME_TYPE1,130,1,1,"(113.5, 24.8)"
59493,2005-06-24 06:00:00,25.5,SURF,True,NORMAL,280,0,0,
59485,2005-06-24 10:00:00,1.8,SURF,True,NORMAL,9,0,0,
59663,2005-06-28 09:00:00,44.5,SURF,True,FALSE,120,1,0,
59673,2005-06-30 05:00:00,32.7,SURF,True,NORMAL,55,0,0,
59477,2005-06-30 09:00:00,32.9,SURF,True,NORMAL,235,0,0,
59500,2005-07-01 05:00:00,32.0,SURF,True,EXTREME_TYPE1,105,1,1,"(115.14, 23.2)"
59279,2005-07-22 15:00:00,54.6,SURF,True,EXTREME_TYPE1,230,1,1,"(112.68, 23.2)"
59304,2005-07-24 17:00:00,11.8,SURF,True,FALSE,0,1,0,
G1071,2005-07-24 19:00:00,28.0,AWST,False,FALSE,363,1,0,
G1071,2005-07-24 21:00:00,325.5,AWST,False,FALSE,362,1,0,
G1015,2005-07-25 01:00:00,25.5,AWST,False,FALSE,362,1,0,
59271,2005-07-31 12:00:00,22.4,SURF,True,EXTREME_TYPE1,165,1,1,"(112.27, 23.6)"
59287,2005-08-04 23:00:00,88.8,SURF,True,EXTREME_TYPE1,655,1,1,"(113.5, 23.2)"
59303,2005-08-06 22:00:00,2.0,SURF,True,EXTREME_TYPE1,3,6,6,"(115.6, 24.0);(115.7, 23.8);(115.7, 24.0);(115.8, 23.9);(115.8, 24.0);(115.9, 24.0)"
59297,2005-08-07 07:00:00,69.7,SURF,True,FALSE,260,1,0,
59318,2005-08-13 17:00:00,12.1,SURF,True,NORMAL,11,0,0,
59318,2005-08-14 02:00:00,65.7,SURF,True,NORMAL,230,0,0,
59462,2005-08-14 06:00:00,34.2,SURF,True,EXTREME_TYPE1,150,1,1,"(111.45, 22.8)"
59318,2005-08-14 17:00:00,11.5,SURF,True,EXTREME_TYPE1,11,10,5,"(116.5, 23.4);(116.6, 23.3);(116.6, 23.4);(116.7, 23.3);(116.7, 23.4)"
59096,2005-08-15 17:00:00,30.9,SURF,True,EXTREME_TYPE1,137,1,1,"(114.32, 24.4)"
59469,2005-08-18 16:00:00,23.9,SURF,True,NORMAL,120,0,0,
59287,2005-08-21 04:00:00,23.6,SURF,True,EXTREME_TYPE1,675,1,1,"(113.5, 23.2)"
59317,2005-08-21 12:00:00,23.2,SURF,True,EXTREME_TYPE1,120,1,1,"(116.36, 22.8)"
59117,2005-08-24 14:00:00,2.9,SURF,True,EXTREME_TYPE1,2,11,2,"(115.9, 24.2);(115.9, 24.3)"
59297,2005-09-03 10:00:00,18.7,SURF,True,NORMAL,2,0,0,
59099,2005-09-03 17:00:00,3.7,SURF,True,NORMAL,0,0,0,
59487,2005-09-04 04:00:00,32.2,SURF,True,EXTREME_TYPE1,435,1,1,"(113.5, 22.4)"
59278,2005-09-04 06:00:00,1.7,SURF,True,NORMAL,1,0,0,
59317,2005-09-07 15:00:00,75.1,SURF,True,EXTREME_TYPE1,135,1,1,"(116.36, 22.8)"
59271,2005-09-09 05:00:00,57.8,SURF,True,EXTREME_TYPE3,210,1,1,"(112.27, 23.6)"
59492,2005-09-09 18:00:00,15.4,SURF,True,NORMAL,3,0,0,
59656,2005-09-19 04:00:00,35.9,SURF,True,EXTREME_TYPE1,161,1,1,"(110.64, 21.6)"
59501,2005-09-24 17:00:00,1.3,SURF,True,NORMAL,4,0,0,
59488,2005-09-25 11:00:00,9.7,SURF,True,NORMAL,2,0,0,
59658,2005-09-26 05:00:00,22.0,SURF,True,NORMAL,140,0,0,
59658,2005-09-26 14:00:00,4.9,SURF,True,NORMAL,4,0,0,
59663,2005-09-27 06:00:00,25.8,SURF,True,NORMAL,115,0,0,
59316,2005-10-03 13:00:00,20.7,SURF,True,NORMAL,232,0,0,
57988,2006-01-19 08:00:00,6.5,SURF,True,NORMAL,0,0,0,
G2635,2006-02-15 14:00:00,900.0,AWST,False,FALSE,80,1,0,
G2635,2006-02-16 02:00:00,400.0,AWST,False,FALSE,80,1,0,
59312,2006-02-18 19:00:00,1.4,SURF,True,NORMAL,1,0,0,
59270,2006-02-25 14:00:00,5.5,SURF,True,NORMAL,0,0,0,
59117,2006-02-28 05:00:00,1.2,SURF,True,NORMAL,0,0,0,
59094,2006-03-06 10:00:00,10.4,SURF,True,NORMAL,1,0,0,
59493,2006-03-06 14:00:00,1.3,SURF,True,NORMAL,9,0,0,
59284,2006-03-20 04:00:00,9.8,SURF,True,NORMAL,1,0,0,
59271,2006-03-23 10:00:00,31.0,SURF,True,EXTREME_TYPE1,125,1,1,"(112.27, 23.6)"
59492,2006-03-23 11:00:00,14.4,SURF,True,EXTREME_TYPE1,1,9,2,"(114.5, 23.0);(114.5, 23.1)"
59270,2006-04-07 12:00:00,4.5,SURF,True,NORMAL,1,0,0,
59754,2006-04-07 16:00:00,69.6,SURF,True,EXTREME_TYPE1,65,1,1,"(110.23, 20.4)"
59316,2006-04-10 09:00:00,55.2,SURF,True,NORMAL,142,0,0,
59116,2006-04-13 04:00:00,6.2,SURF,True,NORMAL,2,0,0,
59314,2006-04-27 14:00:00,2.4,SURF,True,NORMAL,7,0,0,
59297,2006-04-28 04:00:00,57.3,SURF,True,NORMAL,323,0,0,
59316,2006-04-28 05:00:00,5.6,SURF,True,NORMAL,4,0,0,
59268,2006-05-02 14:00:00,73.6,SURF,True,NORMAL,65,0,0,
59650,2006-05-02 17:00:00,20.4,SURF,True,NORMAL,144,0,0,
59650,2006-05-03 14:00:00,51.4,SURF,True,EXTREME_TYPE1,145,1,1,"(110.23, 21.6)"
59663,2006-05-04 08:00:00,83.1,SURF,True,NORMAL,54,0,0,
59663,2006-05-04 20:00:00,103.6,SURF,True,NORMAL,55,0,0,
59663,2006-05-04 21:00:00,82.0,SURF,True,NORMAL,55,0,0,
57989,2006-05-06 18:00:00,4.7,SURF,True,NORMAL,1,0,0,
59090,2006-05-06 18:00:00,24.9,SURF,True,NORMAL,127,0,0,
59285,2006-05-06 20:00:00,55.0,SURF,True,NORMAL,568,0,0,
59269,2006-05-06 21:00:00,66.1,SURF,True,EXTREME_TYPE1,85,1,1,"(111.86, 23.2)"
59276,2006-05-10 16:00:00,51.3,SURF,True,EXTREME_TYPE1,460,1,1,"(112.68, 23.2)"
59287,2006-05-10 18:00:00,52.5,SURF,True,EXTREME_TYPE1,767,1,1,"(113.5, 23.2)"
59090,2006-05-16 15:00:00,1.3,SURF,True,NORMAL,4,0,0,
59313,2006-05-17 23:00:00,34.6,SURF,True,NORMAL,153,0,0,
59316,2006-05-18 00:00:00,53.1,SURF,True,NORMAL,182,0,0,
59318,2006-05-18 00:00:00,55.8,SURF,True,NORMAL,182,0,0,
59673,2006-05-21 14:00:00,31.0,SURF,True,NORMAL,10,0,0,
59478,2006-05-21 17:00:00,26.8,SURF,True,NORMAL,117,0,0,
59500,2006-05-21 17:00:00,26.7,SURF,True,EXTREME_TYPE1,101,1,1,"(115.14, 23.2)"
59289,2006-05-22 04:00:00,53.5,SURF,True,NORMAL,525,0,0,
59285,2006-05-27 02:00:00,26.9,SURF,True,NORMAL,597,0,0,
59481,2006-05-27 07:00:00,74.3,SURF,True,EXTREME_TYPE1,706,1,1,"(113.5, 22.8)"
59304,2006-05-27 09:00:00,30.2,SURF,True,EXTREME_TYPE1,60,1,1,"(115.14, 23.6)"
59480,2006-05-27 09:00:00,38.2,SURF,True,NORMAL,657,0,0,
59473,2006-05-27 11:00:00,61.4,SURF,True,EXTREME_TYPE1,658,1,1,"(113.09, 22.8)"
59470,2006-05-27 12:00:00,44.8,SURF,True,NORMAL,169,0,0,
59475,2006-05-27 12:00:00,51.9,SURF,True,NORMAL,259,0,0,
59475,2006-05-27 13:00:00,60.1,SURF,True,NORMAL,259,0,0,
59303,2006-05-27 17:00:00,62.6,SURF,True,EXTREME_TYPE4,115,1,1,"(115.95, 24.0)"
59502,2006-05-28 07:00:00,45.7,SURF,True,NORMAL,55,0,0,
59298,2006-05-28 13:00:00,22.9,SURF,True,NORMAL,380,0,0,
59324,2006-05-28 13:00:00,9.7,SURF,True,NORMAL,3,0,0,
59659,2006-05-29 10:00:00,5.0,SURF,True,NORMAL,4,0,0,
59500,2006-05-29 17:00:00,7.0,SURF,True,NORMAL,1,0,0,
57989,2006-05-29 19:00:00,2.7,SURF,True,NORMAL,1,0,0,
59475,2006-06-01 11:00:00,22.0,SURF,True,EXTREME_TYPE1,306,1,1,"(112.68, 22.4)"
59304,2006-06-01 16:00:00,2.4,SURF,True,NORMAL,0,0,0,
59278,2006-06-02 15:00:00,25.9,SURF,True,EXTREME_TYPE1,445,1,1,"(112.68, 22.8)"
59653,2006-06-02 16:00:00,9.5,SURF,True,NORMAL,2,0,0,
59501,2006-06-03 06:00:00,81.9,SURF,True,NORMAL,65,0,0,
59087,2006-06-04 01:00:00,3.9,SURF,True,EXTREME_TYPE1,4,10,7,"(113.4, 23.9);(113.4, 24.0);(113.5, 23.9);(113.5, 24.0);(113.6, 23.9);(113.6, 24.0);(113.7, 23.9)"
59290,2006-06-05 09:00:00,31.4,SURF,True,EXTREME_TYPE1,250,1,1,"(114.32, 23.6)"
59284,2006-06-06 09:00:00,30.3,SURF,True,NORMAL,518,0,0,
59280,2006-06-07 19:00:00,53.2,SURF,True,EXTREME_TYPE1,509,1,1,"(113.09, 23.6)"
59270,2006-06-08 11:00:00,18.0,SURF,True,NORMAL,1,0,0,
59492,2006-06-09 05:00:00,7.7,SURF,True,NORMAL,3,0,0,
59297,2006-06-09 06:00:00,20.0,SURF,True,NORMAL,380,0,0,
59297,2006-06-09 11:00:00,6.8,SURF,True,NORMAL,1,0,0,
59492,2006-06-09 14:00:00,1.6,SURF,True,NORMAL,3,0,0,
59313,2006-06-09 20:00:00,1.4,SURF,True,NORMAL,1,0,0,
59488,2006-06-09 21:00:00,24.5,SURF,True,NORMAL,435,0,0,
59297,2006-06-12 11:00:00,2.8,SURF,True,NORMAL,3,0,0,
59324,2006-06-12 11:00:00,5.3,SURF,True,NORMAL,3,0,0,
59294,2006-06-12 12:00:00,3.7,SURF,True,EXTREME_TYPE1,2,13,1,"(114.0, 23.3)"
59107,2006-06-12 13:00:00,5.6,SURF,True,NORMAL,0,0,0,
59318,2006-06-12 13:00:00,10.8,SURF,True,NORMAL,11,0,0,
59315,2006-06-12 22:00:00,4.0,SURF,True,NORMAL,6,0,0,
59315,2006-06-13 07:00:00,9.1,SURF,True,NORMAL,6,0,0,
59304,2006-06-15 06:00:00,26.7,SURF,True,NORMAL,60,0,0,
59298,2006-06-19 13:00:00,10.5,SURF,True,EXTREME_TYPE1,4,12,9,"(114.3, 23.0);(114.3, 23.1);(114.3, 23.2);(114.4, 23.0);(114.4, 23.1);(114.4, 23.2);(114.5, 23.0);(114.5, 23.1);(114.5, 23.2)"
G1936,2006-06-21 03:00:00,3.4,AWST,False,FALSE,21,10,0,
G1936,2006-06-21 11:00:00,17.2,AWST,False,FALSE,21,10,0,
G1936,2006-06-21 12:00:00,35.2,AWST,False,EXTREME_TYPE1,552,1,1,"(113.91, 23.2)"
G1936,2006-06-21 15:00:00,288.0,AWST,False,FALSE,567,1,0,
G1936,2006-06-21 23:00:00,2.2,AWST,False,FALSE,21,10,0,
59485,2006-06-22 13:00:00,4.7,SURF,True,EXTREME_TYPE1,2,10,1,"(113.2, 22.5)"
G1936,2006-06-22 21:00:00,57.1,AWST,False,FALSE,528,1,0,
G1936,2006-06-22 23:00:00,15.0,AWST,False,FALSE,20,10,0,
G1936,2006-06-23 00:00:00,29.8,AWST,False,NORMAL,530,0,0,
G1936,2006-06-23 02:00:00,145.7,AWST,False,EXTREME_TYPE4,533,1,1,"(113.91, 23.2)"
G1936,2006-06-23 05:00:00,20.5,AWST,False,FALSE,533,1,0,
G1936,2006-06-24 00:00:00,31.0,AWST,False,NORMAL,580,0,0,
G1936,2006-06-24 03:00:00,2.9,AWST,False,FALSE,20,10,0,
G1936,2006-06-24 04:00:00,32.7,AWST,False,FALSE,580,1,0,
G1936,2006-06-24 06:00:00,9.0,AWST,False,FALSE,20,10,0,
G1936,2006-06-24 09:00:00,2.7,AWST,False,FALSE,20,10,0,
G1936,2006-06-24 10:00:00,9.7,AWST,False,FALSE,20,10,0,
G1936,2006-06-25 00:00:00,31.5,AWST,False,NORMAL,584,0,0,
G1936,2006-06-26 00:00:00,30.1,AWST,False,NORMAL,582,0,0,
G1936,2006-06-27 00:00:00,30.5,AWST,False,NORMAL,579,0,0,
G1936,2006-06-28 00:00:00,27.1,AWST,False,NORMAL,617,0,0,
59754,2006-06-29 10:00:00,50.4,SURF,True,EXTREME_TYPE1,59,1,1,"(110.23, 20.4)"
G1936,2006-07-01 13:00:00,197.9,AWST,False,FALSE,610,1,0,
G1936,2006-07-01 15:00:00,2.9,AWST,False,FALSE,21,10,0,
G1936,2006-07-01 16:00:00,61.4,AWST,False,FALSE,615,1,0,
G1936,2006-07-01 18:00:00,14.7,AWST,False,FALSE,21,10,0,
G1936,2006-07-01 20:00:00,26.2,AWST,False,EXTREME_TYPE1,607,1,1,"(113.91, 23.2)"
G1936,2006-07-02 06:00:00,77.8,AWST,False,FALSE,602,1,0,
G1936,2006-07-02 08:00:00,2.1,AWST,False,FALSE,19,10,0,
G1936,2006-07-02 12:00:00,37.9,AWST,False,EXTREME_TYPE3,613,1,1,"(113.91, 23.2)"
59088,2006-07-04 13:00:00,21.4,SURF,True,NORMAL,329,0,0,
59318,2006-07-08 13:00:00,10.3,SURF,True,FALSE,11,10,0,
59306,2006-07-11 12:00:00,31.3,SURF,True,EXTREME_TYPE2,220,1,1,"(115.95, 23.6)"
59313,2006-07-13 20:00:00,31.6,SURF,True,NORMAL,170,0,0,
59303,2006-07-14 17:00:00,28.2,SURF,True,NORMAL,139,0,0,
59314,2006-07-15 01:00:00,65.5,SURF,True,NORMAL,250,0,0,
59492,2006-07-15 02:00:00,62.9,SURF,True,NORMAL,149,0,0,
59500,2006-07-15 02:00:00,54.7,SURF,True,NORMAL,106,0,0,
57988,2006-07-15 04:00:00,16.9,SURF,True,NORMAL,1,0,0,
59109,2006-07-15 05:00:00,46.1,SURF,True,EXTREME_TYPE1,60,1,1,"(115.55, 24.0)"
59297,2006-07-15 10:00:00,75.8,SURF,True,NORMAL,400,0,0,
59276,2006-07-15 11:00:00,59.1,SURF,True,NORMAL,529,0,0,
59088,2006-07-15 12:00:00,50.8,SURF,True,EXTREME_TYPE1,323,1,1,"(113.5, 24.0)"
59315,2006-07-16 03:00:00,12.8,SURF,True,NORMAL,6,0,0,
59306,2006-07-16 04:00:00,53.4,SURF,True,NORMAL,220,0,0,
59294,2006-07-16 07:00:00,1.7,SURF,True,NORMAL,4,0,0,
59284,2006-07-16 12:00:00,1.1,SURF,True,NORMAL,10,0,0,
59456,2006-07-16 17:00:00,8.1,SURF,True,NORMAL,2,0,0,
59485,2006-07-16 18:00:00,22.7,SURF,True,EXTREME_TYPE1,370,1,1,"(113.5, 22.4)"
59276,2006-07-16 20:00:00,50.6,SURF,True,EXTREME_TYPE1,534,1,1,"(112.68, 23.2)"
59656,2006-07-16 20:00:00,1.1,SURF,True,NORMAL,3,0,0,
59476,2006-07-17 00:00:00,33.4,SURF,True,NORMAL,258,0,0,
59310,2006-07-17 01:00:00,37.6,SURF,True,EXTREME_TYPE1,280,1,1,"(116.36, 23.6)"
59312,2006-07-17 21:00:00,21.8,SURF,True,EXTREME_TYPE1,245,1,1,"(116.77, 23.6)"
59654,2006-07-18 15:00:00,54.4,SURF,True,EXTREME_TYPE1,130,1,1,"(110.23, 21.6)"
59750,2006-07-18 17:00:00,64.3,SURF,True,EXTREME_TYPE1,105,1,1,"(110.23, 20.8)"
59492,2006-07-25 22:00:00,55.0,SURF,True,EXTREME_TYPE1,148,1,1,"(114.73, 23.2)"
59094,2006-07-26 05:00:00,7.6,SURF,True,NORMAL,1,0,0,
59096,2006-07-26 10:00:00,25.6,SURF,True,NORMAL,123,0,0,
59750,2006-07-26 12:00:00,6.4,SURF,True,NORMAL,2,0,0,
59294,2006-07-26 17:00:00,1.9,SURF,True,NORMAL,4,0,0,
59081,2006-07-27 02:00:00,5.1,SURF,True,NORMAL,1,0,0,
59315,2006-07-27 02:00:00,66.9,SURF,True,EXTREME_TYPE1,277,1,1,"(116.36, 23.6)"
59462,2006-07-27 15:00:00,12.2,SURF,True,NORMAL,2,0,0,
59658,2006-07-28 07:00:00,34.0,SURF,True,EXTREME_TYPE1,138,1,1,"(110.23, 21.2)"
59081,2006-08-02 02:00:00,2.6,SURF,True,NORMAL,1,0,0,
59502,2006-08-02 17:00:00,55.9,SURF,True,EXTREME_TYPE1,90,1,1,"(115.55, 22.8)"
59501,2006-08-03 05:00:00,52.6,SURF,True,EXTREME_TYPE2,84,1,1,"(115.55, 22.8)"
59288,2006-08-03 19:00:00,19.4,SURF,True,NORMAL,10,0,0,
59664,2006-08-03 21:00:00,73.3,SURF,True,NORMAL,50,0,0,
59655,2006-08-03 23:00:00,50.5,SURF,True,EXTREME_TYPE1,90,1,1,"(110.64, 21.6)"
59656,2006-08-04 07:00:00,6.8,SURF,True,NORMAL,2,0,0,
59473,2006-08-04 08:00:00,44.6,SURF,True,NORMAL,575,0,0,
59477,2006-08-04 10:00:00,23.5,SURF,True,NORMAL,110,0,0,
59754,2006-08-04 12:00:00,30.2,SURF,True,NORMAL,69,0,0,
59456,2006-08-05 02:00:00,40.4,SURF,True,NORMAL,40,0,0,
59284,2006-08-08 22:00:00,17.7,SURF,True,FALSE,5,11,0,
59655,2006-08-09 17:00:00,97.3,SURF,True,EXTREME_TYPE1,90,1,1,"(110.64, 21.6)"
59492,2006-08-10 01:00:00,3.6,SURF,True,NORMAL,4,0,0,
59478,2006-08-10 08:00:00,33.7,SURF,True,NORMAL,199,0,0,
59650,2006-08-11 19:00:00,12.0,SURF,True,FALSE,1,11,0,
59488,2006-08-19 02:00:00,30.6,SURF,True,EXTREME_TYPE1,427,1,1,"(113.5, 22.4)"
59318,2006-08-23 06:00:00,12.8,SURF,True,FALSE,11,10,0,
59653,2006-08-24 20:00:00,84.7,SURF,True,NORMAL,49,0,0,
59493,2006-08-25 01:00:00,6.2,SURF,True,NORMAL,10,0,0,
59488,2006-08-25 12:00:00,1.2,SURF,True,NORMAL,2,0,0,
59298,2006-08-26 01:00:00,14.2,SURF,True,EXTREME_TYPE1,5,12,9,"(114.3, 23.0);(114.3, 23.1);(114.3, 23.2);(114.4, 23.0);(114.4, 23.1);(114.4, 23.2);(114.5, 23.0);(114.5, 23.1);(114.5, 23.2)"
59456,2006-08-26 03:00:00,6.8,SURF,True,NORMAL,0,0,0,
59456,2006-08-28 15:00:00,21.3,SURF,True,NORMAL,40,0,0,
59469,2006-08-28 15:00:00,93.1,SURF,True,NORMAL,25,0,0,
59485,2006-09-03 13:00:00,57.6,SURF,True,EXTREME_TYPE1,604,1,1,"(113.5, 22.4)"
57996,2006-09-05 06:00:00,57.1,SURF,True,NORMAL,40,0,0,
59087,2006-09-05 21:00:00,39.2,SURF,True,EXTREME_TYPE1,290,1,1,"(113.5, 24.0)"
59288,2006-09-05 23:00:00,50.4,SURF,True,EXTREME_TYPE1,770,1,1,"(113.09, 23.2)"
59487,2006-09-08 14:00:00,51.1,SURF,True,EXTREME_TYPE1,601,1,1,"(113.5, 22.4)"
59473,2006-09-08 21:00:00,58.1,SURF,True,EXTREME_TYPE1,739,1,1,"(113.09, 22.8)"
59109,2006-09-09 07:00:00,12.2,SURF,True,FALSE,3,10,0,
59304,2006-09-09 15:00:00,20.8,SURF,True,EXTREME_TYPE1,60,1,1,"(115.14, 23.6)"
59310,2006-09-09 19:00:00,53.4,SURF,True,EXTREME_TYPE1,253,1,1,"(116.36, 23.6)"
59276,2006-09-12 17:00:00,4.4,SURF,True,NORMAL,4,0,0,
59487,2006-09-13 09:00:00,3.0,SURF,True,NORMAL,7,0,0,
59284,2006-09-14 06:00:00,6.4,SURF,True,NORMAL,5,0,0,
59485,2006-09-14 13:00:00,37.8,SURF,True,EXTREME_TYPE1,600,1,1,"(113.5, 22.4)"
59477,2006-10-09 19:00:00,82.0,SURF,True,NORMAL,115,0,0,
59087,2006-10-16 07:00:00,58.6,SURF,True,EXTREME_TYPE1,300,1,1,"(113.5, 24.0)"
59279,2006-10-16 11:00:00,88.2,SURF,True,EXTREME_TYPE1,470,1,1,"(112.68, 23.2)"
59750,2006-11-09 00:00:00,1.2,SURF,True,FALSE,2,2,0,
59750,2006-11-16 07:00:00,53.6,SURF,True,EXTREME_TYPE1,120,1,1,"(110.23, 20.8)"
59288,2006-11-18 20:00:00,55.1,SURF,True,EXTREME_TYPE1,637,1,1,"(113.09, 23.2)"
59088,2006-11-21 13:00:00,8.4,SURF,True,NORMAL,2,0,0,
59493,2006-11-21 19:00:00,20.6,SURF,True,NORMAL,414,0,0,
59493,2006-11-22 01:00:00,7.7,SURF,True,NORMAL,8,0,0,
59659,2006-12-14 06:00:00,1.2,SURF,True,EXTREME_TYPE1,4,10,6,"(110.8, 21.7);(110.9, 21.6);(110.9, 21.7);(110.9, 21.9);(111.0, 21.8);(111.0, 21.9)"
59324,2007-01-17 14:00:00,2.4,SURF,True,NORMAL,5,0,0,
59313,2007-01-17 18:00:00,5.9,SURF,True,NORMAL,3,0,0,
59116,2007-01-21 10:00:00,5.4,SURF,True,FALSE,2,10,0,
59074,2007-02-16 06:00:00,8.4,SURF,True,NORMAL,6,0,0,
G2173,2007-02-25 00:00:00,167.8,AWST,False,FALSE,470,1,0,
G2173,2007-02-25 06:00:00,463.9,AWST,False,FALSE,469,1,0,
G2173,2007-02-25 07:00:00,721.7,AWST,False,FALSE,470,1,0,
G2173,2007-02-25 08:00:00,188.0,AWST,False,FALSE,470,1,0,
G2173,2007-02-26 10:00:00,19.7,AWST,False,FALSE,6,10,0,
G2173,2007-02-26 16:00:00,22.2,AWST,False,FALSE,470,1,0,
G2173,2007-02-26 18:00:00,531.0,AWST,False,FALSE,470,1,0,
G2173,2007-02-26 19:00:00,72.6,AWST,False,FALSE,470,1,0,
G2173,2007-02-26 22:00:00,742.1,AWST,False,FALSE,469,1,0,
G2173,2007-02-26 23:00:00,744.4,AWST,False,FALSE,469,1,0,
G2173,2007-02-27 02:00:00,412.0,AWST,False,FALSE,468,1,0,
G2173,2007-02-27 11:00:00,231.7,AWST,False,FALSE,469,1,0,
G2173,2007-02-27 12:00:00,115.4,AWST,False,FALSE,469,1,0,
G1741,2007-03-16 06:00:00,131.3,AWST,False,FALSE,640,1,0,
G1741,2007-03-16 07:00:00,74.6,AWST,False,FALSE,640,1,0,
G1741,2007-03-16 10:00:00,2.1,AWST,False,FALSE,6,12,0,
G1741,2007-03-17 01:00:00,168.6,AWST,False,FALSE,634,1,0,
G1741,2007-03-17 03:00:00,450.3,AWST,False,FALSE,634,1,0,
G1741,2007-03-17 07:00:00,21.5,AWST,False,EXTREME_TYPE5,647,1,1,"(114.32, 23.2)"
G1741,2007-03-17 13:00:00,10.2,AWST,False,FALSE,6,12,0,
G1741,2007-03-17 14:00:00,232.3,AWST,False,FALSE,647,1,0,
59290,2007-03-27 10:00:00,9.0,SURF,True,NORMAL,2,0,0,
59297,2007-04-02 11:00:00,29.4,SURF,True,NORMAL,652,0,0,
59306,2007-04-02 13:00:00,57.4,SURF,True,NORMAL,304,0,0,
59502,2007-04-02 14:00:00,3.4,SURF,True,NORMAL,2,0,0,
59298,2007-04-17 20:00:00,35.0,SURF,True,NORMAL,654,0,0,
59316,2007-04-23 11:00:00,2.5,SURF,True,NORMAL,12,0,0,
59475,2007-04-24 11:00:00,60.0,SURF,True,NORMAL,470,0,0,
59270,2007-04-28 03:00:00,3.8,SURF,True,NORMAL,1,0,0,
59658,2007-04-29 18:00:00,52.8,SURF,True,NORMAL,145,0,0,
59754,2007-04-29 18:00:00,63.6,SURF,True,NORMAL,70,0,0,
59287,2007-04-30 05:00:00,11.2,SURF,True,EXTREME_TYPE1,12,10,10,"(113.3, 23.2);(113.4, 23.1);(113.4, 23.2);(113.4, 23.3);(113.5, 23.1);(113.5, 23.2);(113.5, 23.3);(113.6, 23.1);(113.6, 23.2);(113.6, 23.3)"
59653,2007-05-04 15:00:00,34.9,SURF,True,EXTREME_TYPE1,204,1,1,"(111.05, 22.0)"
59659,2007-05-04 16:00:00,30.7,SURF,True,EXTREME_TYPE1,165,1,1,"(111.05, 21.6)"
59500,2007-05-05 10:00:00,23.1,SURF,True,NORMAL,240,0,0,
59297,2007-05-16 20:00:00,7.4,SURF,True,EXTREME_TYPE1,2,11,7,"(114.1, 23.1);(114.1, 23.2);(114.2, 23.1);(114.2, 23.2);(114.2, 23.3);(114.3, 23.2);(114.3, 23.3)"
59493,2007-05-18 18:00:00,31.1,SURF,True,NORMAL,739,0,0,
59293,2007-05-20 04:00:00,6.5,SURF,True,NORMAL,3,0,0,
59481,2007-05-20 04:00:00,13.7,SURF,True,NORMAL,45,0,0,
59664,2007-05-20 07:00:00,71.7,SURF,True,NORMAL,156,0,0,
59673,2007-05-20 10:00:00,52.9,SURF,True,NORMAL,85,0,0,
59087,2007-05-26 04:00:00,88.2,SURF,True,EXTREME_TYPE1,365,1,1,"(113.5, 24.0)"
59285,2007-05-26 05:00:00,54.9,SURF,True,EXTREME_TYPE1,910,1,1,"(113.5, 23.6)"
59294,2007-05-26 16:00:00,8.0,SURF,True,NORMAL,6,0,0,
59456,2007-05-26 16:00:00,41.7,SURF,True,EXTREME_TYPE1,132,1,1,"(111.05, 22.4)"
59476,2007-05-27 15:00:00,50.9,SURF,True,NORMAL,787,0,0,
59315,2007-05-28 16:00:00,7.1,SURF,True,EXTREME_TYPE1,6,9,9,"(116.3, 23.5);(116.3, 23.6);(116.3, 23.7);(116.4, 23.5);(116.4, 23.6);(116.4, 23.7);(116.5, 23.5);(116.5, 23.6);(116.5, 23.7)"
59650,2007-05-28 23:00:00,70.5,SURF,True,EXTREME_TYPE1,140,1,1,"(110.23, 21.6)"
59269,2007-06-03 16:00:00,41.5,SURF,True,NORMAL,205,0,0,
59114,2007-06-03 21:00:00,64.8,SURF,True,EXTREME_TYPE1,70,1,1,"(116.36, 24.8)"
59097,2007-06-08 02:00:00,16.5,SURF,True,NORMAL,2,0,0,
59109,2007-06-09 05:00:00,21.4,SURF,True,NORMAL,220,0,0,
59456,2007-06-09 15:00:00,24.5,SURF,True,EXTREME_TYPE1,130,1,1,"(111.05, 22.4)"
59087,2007-06-09 22:00:00,67.8,SURF,True,EXTREME_TYPE1,365,1,1,"(113.5, 24.0)"
59294,2007-06-10 01:00:00,59.1,SURF,True,NORMAL,895,0,0,
59456,2007-06-10 05:00:00,30.3,SURF,True,NORMAL,130,0,0,
59289,2007-06-11 22:00:00,65.7,SURF,True,EXTREME_TYPE1,895,1,1,"(113.91, 22.8)"
59280,2007-06-12 08:00:00,62.2,SURF,True,EXTREME_TYPE1,671,1,1,"(113.09, 23.6)"
59288,2007-06-12 15:00:00,73.7,SURF,True,EXTREME_TYPE1,977,1,1,"(113.09, 23.2)"
59502,2007-06-13 07:00:00,21.3,SURF,True,NORMAL,149,0,0,
59317,2007-06-13 08:00:00,28.5,SURF,True,NORMAL,135,0,0,
59656,2007-06-15 18:00:00,2.5,SURF,True,NORMAL,3,0,0,
59304,2007-06-16 23:00:00,20.6,SURF,True,EXTREME_TYPE1,210,1,1,"(115.14, 23.6)"
59663,2007-06-17 07:00:00,38.7,SURF,True,EXTREME_TYPE1,181,1,1,"(111.86, 22.0)"
59109,2007-06-17 14:00:00,32.4,SURF,True,EXTREME_TYPE1,231,1,1,"(115.55, 24.0)"
59501,2007-06-27 11:00:00,28.5,SURF,True,EXTREME_TYPE5,150,1,1,"(115.55, 22.8)"
59462,2007-06-27 17:00:00,58.6,SURF,True,EXTREME_TYPE1,175,1,1,"(111.45, 22.8)"
59462,2007-06-27 18:00:00,11.3,SURF,True,NORMAL,2,0,0,
59488,2007-06-27 22:00:00,21.3,SURF,True,EXTREME_TYPE1,795,1,1,"(113.5, 22.4)"
59502,2007-06-28 01:00:00,50.9,SURF,True,EXTREME_TYPE1,150,1,1,"(115.55, 22.8)"
59485,2007-06-29 19:00:00,6.7,SURF,True,EXTREME_TYPE1,19,10,10,"(113.2, 22.5);(113.3, 22.4);(113.3, 22.5);(113.3, 22.6);(113.4, 22.4);(113.4, 22.5);(113.4, 22.6);(113.5, 22.4);(113.5, 22.5);(113.5, 22.6)"
59294,2007-06-29 22:00:00,10.8,SURF,True,EXTREME_TYPE1,7,13,13,"(113.7, 23.2);(113.7, 23.3);(113.7, 23.4);(113.8, 23.2);(113.8, 23.3);(113.8, 23.4);(113.8, 23.5);(113.9, 23.2);(113.9, 23.3);(113.9, 23.4);(113.9, 23.5);(114.0, 23.3);(114.0, 23.4)"
59276,2007-06-30 18:00:00,23.6,SURF,True,EXTREME_TYPE1,660,1,1,"(112.68, 23.2)"
59673,2007-07-01 06:00:00,53.7,SURF,True,EXTREME_TYPE1,84,1,1,"(112.68, 21.6)"
59655,2007-07-31 12:00:00,58.3,SURF,True,EXTREME_TYPE4,162,1,1,"(110.64, 21.6)"
59485,2007-08-01 14:00:00,4.3,SURF,True,EXTREME_TYPE1,19,10,10,"(113.2, 22.5);(113.3, 22.4);(113.3, 22.5);(113.3, 22.6);(113.4, 22.4);(113.4, 22.5);(113.4, 22.6);(113.5, 22.4);(113.5, 22.5);(113.5, 22.6)"
59754,2007-08-01 15:00:00,55.4,SURF,True,FALSE,70,1,0,
59268,2007-08-08 20:00:00,51.2,SURF,True,EXTREME_TYPE1,138,1,1,"(111.45, 23.2)"
59324,2007-08-09 08:00:00,56.3,SURF,True,NORMAL,175,0,0,
59316,2007-08-09 12:00:00,50.7,SURF,True,NORMAL,235,0,0,
59500,2007-08-10 01:00:00,12.0,SURF,True,EXTREME_TYPE1,1,10,1,"(115.5, 23.0)"
59501,2007-08-10 17:00:00,1.0,SURF,True,NORMAL,1,0,0,
59656,2007-08-11 08:00:00,1.2,SURF,True,NORMAL,3,0,0,
59318,2007-08-11 18:00:00,3.1,SURF,True,NORMAL,11,0,0,
59297,2007-08-11 22:00:00,37.3,SURF,True,EXTREME_TYPE1,810,1,1,"(114.32, 23.2)"
59298,2007-08-12 08:00:00,24.5,SURF,True,EXTREME_TYPE1,806,1,1,"(114.32, 23.2)"
59654,2007-08-13 09:00:00,25.3,SURF,True,NORMAL,145,0,0,
59654,2007-08-13 10:00:00,5.6,SURF,True,NORMAL,3,0,0,
59650,2007-08-13 11:00:00,34.2,SURF,True,EXTREME_TYPE1,144,1,1,"(110.23, 21.6)"
59658,2007-08-13 13:00:00,60.2,SURF,True,NORMAL,144,0,0,
59278,2007-08-13 15:00:00,18.0,SURF,True,NORMAL,3,0,0,
59088,2007-08-13 19:00:00,53.5,SURF,True,EXTREME_TYPE1,357,1,1,"(113.5, 24.0)"
59297,2007-08-14 19:00:00,30.7,SURF,True,EXTREME_TYPE1,807,1,1,"(114.32, 23.2)"
59289,2007-08-16 18:00:00,31.8,SURF,True,NORMAL,1337,0,0,
59481,2007-08-16 21:00:00,3.3,SURF,True,NORMAL,44,0,0,
59492,2007-08-19 22:00:00,19.3,SURF,True,EXTREME_TYPE1,4,9,9,"(114.5, 23.0);(114.5, 23.1);(114.6, 22.9);(114.6, 23.0);(114.6, 23.1);(114.7, 22.9);(114.7, 23.0);(114.7, 23.1);(114.8, 22.9)"
59317,2007-08-20 01:00:00,14.1,SURF,True,EXTREME_TYPE1,4,9,9,"(116.2, 22.9);(116.2, 23.0);(116.2, 23.1);(116.3, 22.9);(116.3, 23.0);(116.3, 23.1);(116.4, 22.9);(116.4, 23.0);(116.4, 23.1)"
59477,2007-08-22 08:00:00,1.7,SURF,True,NORMAL,2,0,0,
59485,2007-08-25 23:00:00,1.6,SURF,True,NORMAL,19,0,0,
59650,2007-08-26 19:00:00,26.2,SURF,True,NORMAL,145,0,0,
59087,2007-08-27 14:00:00,17.0,SURF,True,EXTREME_TYPE1,4,10,5,"(113.4, 23.9);(113.4, 24.0);(113.5, 23.9);(113.5, 24.0);(113.6, 24.0)"
59673,2007-08-28 05:00:00,12.6,SURF,True,FALSE,0,0,0,
59279,2007-09-02 03:00:00,56.4,SURF,True,EXTREME_TYPE1,613,1,1,"(112.68, 23.2)"
59480,2007-09-02 06:00:00,51.8,SURF,True,EXTREME_TYPE1,1010,1,1,"(113.09, 22.8)"
59306,2007-09-02 16:00:00,67.5,SURF,True,EXTREME_TYPE2,231,1,1,"(115.95, 23.6)"
59114,2007-09-02 20:00:00,92.8,SURF,True,EXTREME_TYPE5,79,1,1,"(116.36, 24.8)"
59290,2007-09-03 16:00:00,8.4,SURF,True,EXTREME_TYPE1,2,7,5,"(114.1, 23.8);(114.2, 23.7);(114.3, 23.7);(114.3, 23.9);(114.4, 23.8)"
59278,2007-09-03 21:00:00,53.5,SURF,True,EXTREME_TYPE1,753,1,1,"(112.68, 22.8)"
59654,2007-09-04 04:00:00,67.4,SURF,True,EXTREME_TYPE1,155,1,1,"(110.23, 21.6)"
59658,2007-09-11 02:00:00,56.5,SURF,True,EXTREME_TYPE3,154,1,1,"(110.23, 21.2)"
59659,2007-09-17 19:00:00,25.8,SURF,True,EXTREME_TYPE1,170,1,1,"(111.05, 21.6)"
59316,2007-09-24 17:00:00,32.3,SURF,True,NORMAL,215,0,0,
59314,2007-09-25 03:00:00,18.0,SURF,True,EXTREME_TYPE1,9,9,4,"(116.1, 23.3);(116.1, 23.4);(116.1, 23.5);(116.2, 23.4)"
G2171,2008-01-17 02:00:00,5.1,AWST,False,FALSE,13,10,0,
G2113,2008-01-17 09:00:00,1.6,AWST,False,NORMAL,30,0,0,
G2109,2008-01-17 10:00:00,257.3,AWST,False,FALSE,431,1,0,
G2135,2008-01-17 10:00:00,51.9,AWST,False,FALSE,972,1,0,
G2164,2008-01-17 10:00:00,257.3,AWST,False,FALSE,431,1,0,
59074,2008-01-31 20:00:00,1.2,SURF,True,NORMAL,5,0,0,
G1401,2008-02-02 02:00:00,947.3,AWST,False,FALSE,191,1,0,
G1402,2008-02-02 04:00:00,436.2,AWST,False,FALSE,191,1,0,
G1402,2008-02-02 08:00:00,411.2,AWST,False,FALSE,181,1,0,
59487,2008-02-05 09:00:00,1.7,SURF,True,NORMAL,13,0,0,
59304,2008-02-25 12:00:00,2.6,SURF,True,NORMAL,2,0,0,
59493,2008-03-26 07:00:00,4.6,SURF,True,NORMAL,33,0,0,
59462,2008-03-31 14:00:00,58.0,SURF,True,EXTREME_TYPE1,285,1,1,"(111.45, 22.8)"
59114,2008-04-10 23:00:00,5.1,SURF,True,EXTREME_TYPE1,6,12,11,"(116.0, 24.6);(116.0, 24.7);(116.1, 24.5);(116.1, 24.6);(116.1, 24.7);(116.2, 24.5);(116.2, 24.6);(116.2, 24.7);(116.2, 24.8);(116.3, 24.6);(116.3, 24.7)"
59655,2008-04-13 00:00:00,52.3,SURF,True,EXTREME_TYPE1,244,1,1,"(110.64, 21.6)"
59478,2008-04-19 14:00:00,15.3,SURF,True,NORMAL,6,0,0,
59488,2008-04-19 15:00:00,15.3,SURF,True,NORMAL,3,0,0,
59488,2008-04-19 17:00:00,52.7,SURF,True,NORMAL,1288,0,0,
59304,2008-04-19 23:00:00,1.8,SURF,True,NORMAL,3,0,0,
59492,2008-04-20 00:00:00,33.5,SURF,True,NORMAL,459,0,0,
59293,2008-04-20 01:00:00,12.6,SURF,True,NORMAL,3,0,0,
59317,2008-04-20 06:00:00,83.2,SURF,True,NORMAL,140,0,0,
59314,2008-04-20 08:00:00,77.2,SURF,True,NORMAL,314,0,0,
59316,2008-04-20 11:00:00,62.4,SURF,True,NORMAL,273,0,0,
59318,2008-04-20 12:00:00,52.9,SURF,True,NORMAL,273,0,0,
59097,2008-04-20 19:00:00,21.0,SURF,True,EXTREME_TYPE1,295,1,1,"(114.32, 24.0)"
59279,2008-05-04 22:00:00,32.8,SURF,True,NORMAL,1029,0,0,
59284,2008-05-05 02:00:00,28.9,SURF,True,EXTREME_TYPE1,948,1,1,"(113.09, 23.6)"
59278,2008-05-05 05:00:00,69.9,SURF,True,EXTREME_TYPE1,1087,1,1,"(112.68, 22.8)"
59664,2008-05-06 05:00:00,83.3,SURF,True,NORMAL,230,0,0,
59656,2008-05-06 06:00:00,47.1,SURF,True,NORMAL,249,0,0,
G1705,2008-05-08 02:00:00,231.7,AWST,False,FALSE,970,1,0,
G1705,2008-05-08 03:00:00,131.0,AWST,False,FALSE,970,1,0,
59655,2008-05-19 06:00:00,72.6,SURF,True,EXTREME_TYPE1,250,1,1,"(110.64, 21.6)"
59655,2008-05-19 07:00:00,30.0,SURF,True,NORMAL,250,0,0,
59650,2008-05-19 09:00:00,27.0,SURF,True,NORMAL,205,0,0,
59475,2008-05-22 14:00:00,29.0,SURF,True,EXTREME_TYPE1,694,1,1,"(112.68, 22.4)"
59655,2008-05-22 17:00:00,28.2,SURF,True,EXTREME_TYPE1,262,1,1,"(110.64, 21.6)"
59310,2008-05-23 15:00:00,33.4,SURF,True,EXTREME_TYPE1,435,1,1,"(116.36, 23.6)"
59650,2008-05-25 15:00:00,9.3,SURF,True,EXTREME_TYPE1,3,11,7,"(110.1, 21.3);(110.1, 21.4);(110.2, 21.3);(110.2, 21.4);(110.2, 21.5);(110.3, 21.3);(110.3, 21.4)"
59116,2008-05-27 08:00:00,20.7,SURF,True,NORMAL,200,0,0,
59288,2008-05-27 14:00:00,9.7,SURF,True,EXTREME_TYPE1,24,11,11,"(112.9, 23.0);(112.9, 23.1);(112.9, 23.2);(113.0, 23.0);(113.0, 23.1);(113.0, 23.2);(113.0, 23.3);(113.1, 23.0);(113.1, 23.1);(113.1, 23.2);(113.1, 23.3)"
59290,2008-05-29 04:00:00,53.9,SURF,True,NORMAL,485,0,0,
59502,2008-05-29 12:00:00,67.4,SURF,True,EXTREME_TYPE1,129,1,1,"(115.55, 22.8)"
59473,2008-05-29 18:00:00,12.6,SURF,True,NORMAL,22,0,0,
59294,2008-05-30 08:00:00,54.7,SURF,True,NORMAL,1515,0,0,
59285,2008-05-30 09:00:00,16.0,SURF,True,NORMAL,11,0,0,
59478,2008-05-30 15:00:00,59.6,SURF,True,EXTREME_TYPE1,689,1,1,"(112.68, 22.4)"
59650,2008-05-30 19:00:00,57.1,SURF,True,EXTREME_TYPE1,205,1,1,"(110.23, 21.6)"
59655,2008-05-30 21:00:00,95.2,SURF,True,EXTREME_TYPE1,255,1,1,"(110.64, 21.6)"
59477,2008-06-01 18:00:00,49.0,SURF,True,EXTREME_TYPE1,414,1,1,"(112.27, 22.4)"
59470,2008-06-06 10:00:00,22.9,SURF,True,NORMAL,519,0,0,
59501,2008-06-07 20:00:00,56.7,SURF,True,NORMAL,138,0,0,
G1210,2008-06-08 03:00:00,292.5,AWST,False,FALSE,390,1,0,
G1210,2008-06-08 04:00:00,385.9,AWST,False,FALSE,390,1,0,
G1210,2008-06-08 09:00:00,145.2,AWST,False,FALSE,390,1,0,
G1210,2008-06-08 12:00:00,1.0,AWST,False,FALSE,7,12,0,
59500,2008-06-10 22:00:00,16.3,SURF,True,EXTREME_TYPE1,3,10,6,"(115.3, 23.0);(115.3, 23.1);(115.4, 22.9);(115.4, 23.0);(115.4, 23.1);(115.5, 23.0)"
59470,2008-06-11 17:00:00,2.0,SURF,True,NORMAL,7,0,0,
59088,2008-06-12 21:00:00,16.2,SURF,True,NORMAL,6,0,0,
59493,2008-06-13 01:00:00,29.9,SURF,True,NORMAL,1052,0,0,
59097,2008-06-13 03:00:00,23.8,SURF,True,NORMAL,295,0,0,
59289,2008-06-13 06:00:00,67.5,SURF,True,EXTREME_TYPE1,1508,1,1,"(113.91, 22.8)"
59469,2008-06-13 08:00:00,73.8,SURF,True,EXTREME_TYPE5,245,1,1,"(111.86, 22.0)"
59485,2008-06-13 08:00:00,51.2,SURF,True,NORMAL,1250,0,0,
59493,2008-06-13 12:00:00,6.0,SURF,True,NORMAL,29,0,0,
59312,2008-06-13 16:00:00,54.5,SURF,True,NORMAL,320,0,0,
59476,2008-06-13 18:00:00,37.8,SURF,True,NORMAL,1011,0,0,
59492,2008-06-13 18:00:00,52.5,SURF,True,NORMAL,425,0,0,
59316,2008-06-13 19:00:00,85.1,SURF,True,NORMAL,270,0,0,
59318,2008-06-13 19:00:00,62.1,SURF,True,NORMAL,270,0,0,
59297,2008-06-13 20:00:00,50.3,SURF,True,NORMAL,934,0,0,
59501,2008-06-13 20:00:00,21.2,SURF,True,NORMAL,137,0,0,
59493,2008-06-13 22:00:00,53.2,SURF,True,NORMAL,1042,0,0,
59310,2008-06-13 23:00:00,9.2,SURF,True,NORMAL,4,0,0,
59315,2008-06-13 23:00:00,25.3,SURF,True,NORMAL,428,0,0,
59473,2008-06-15 16:00:00,50.8,SURF,True,EXTREME_TYPE1,1537,1,1,"(113.09, 22.8)"
59285,2008-06-16 14:00:00,23.1,SURF,True,EXTREME_TYPE1,1078,1,1,"(113.5, 23.6)"
59653,2008-06-16 16:00:00,21.1,SURF,True,NORMAL,316,0,0,
59288,2008-06-16 17:00:00,64.0,SURF,True,EXTREME_TYPE1,1394,1,1,"(113.09, 23.2)"
59271,2008-06-16 18:00:00,67.9,SURF,True,EXTREME_TYPE1,551,1,1,"(112.27, 23.6)"
59654,2008-06-16 18:00:00,50.3,SURF,True,EXTREME_TYPE1,208,1,1,"(110.23, 21.6)"
59317,2008-06-17 05:00:00,55.5,SURF,True,NORMAL,135,0,0,
59316,2008-06-17 07:00:00,53.3,SURF,True,NORMAL,270,0,0,
59501,2008-06-17 07:00:00,54.8,SURF,True,EXTREME_TYPE1,139,1,1,"(115.55, 22.8)"
59492,2008-06-17 12:00:00,17.2,SURF,True,NORMAL,3,0,0,
59270,2008-06-17 18:00:00,50.3,SURF,True,EXTREME_TYPE1,369,1,1,"(112.27, 24.0)"
59673,2008-06-25 02:00:00,1.3,SURF,True,NORMAL,0,0,0,
59654,2008-06-25 09:00:00,57.9,SURF,True,EXTREME_TYPE1,210,1,1,"(110.23, 21.6)"
59480,2008-06-25 13:00:00,50.1,SURF,True,NORMAL,1484,0,0,
59476,2008-06-25 15:00:00,7.2,SURF,True,NORMAL,24,0,0,
59471,2008-06-25 17:00:00,70.8,SURF,True,NORMAL,433,0,0,
59289,2008-06-25 20:00:00,27.5,SURF,True,NORMAL,1526,0,0,
59287,2008-06-25 21:00:00,32.9,SURF,True,NORMAL,1683,0,0,
59500,2008-06-25 21:00:00,14.0,SURF,True,NORMAL,3,0,0,
59315,2008-06-26 04:00:00,14.6,SURF,True,EXTREME_TYPE1,9,9,9,"(116.3, 23.5);(116.3, 23.6);(116.3, 23.7);(116.4, 23.5);(116.4, 23.6);(116.4, 23.7);(116.5, 23.5);(116.5, 23.6);(116.5, 23.7)"
59750,2008-06-26 05:00:00,8.8,SURF,True,NORMAL,2,0,0,
59654,2008-06-28 23:00:00,23.0,SURF,True,EXTREME_TYPE1,215,1,1,"(110.23, 21.6)"
59473,2008-06-29 13:00:00,19.4,SURF,True,NORMAL,22,0,0,
59285,2008-06-29 14:00:00,61.7,SURF,True,NORMAL,1114,0,0,
59500,2008-06-29 18:00:00,13.0,SURF,True,NORMAL,3,0,0,
59476,2008-06-30 13:00:00,56.8,SURF,True,EXTREME_TYPE1,1005,1,1,"(113.09, 22.4)"
59087,2008-07-08 03:00:00,20.8,SURF,True,NORMAL,432,0,0,
59312,2008-07-08 05:00:00,63.2,SURF,True,NORMAL,330,0,0,
59502,2008-07-08 05:00:00,54.4,SURF,True,NORMAL,135,0,0,
59314,2008-07-08 12:00:00,60.6,SURF,True,EXTREME_TYPE1,320,1,1,"(116.36, 23.2)"
59315,2008-07-08 12:00:00,15.5,SURF,True,NORMAL,9,0,0,
59655,2008-07-08 13:00:00,64.3,SURF,True,EXTREME_TYPE1,269,1,1,"(110.64, 21.6)"
59656,2008-07-08 16:00:00,12.8,SURF,True,FALSE,5,8,0,
59478,2008-07-09 05:00:00,5.7,SURF,True,NORMAL,6,0,0,
59478,2008-07-09 13:00:00,14.3,SURF,True,EXTREME_TYPE1,6,10,7,"(112.7, 22.2);(112.7, 22.3);(112.8, 22.1);(112.8, 22.3);(112.8, 22.4);(112.9, 22.2);(112.9, 22.3)"
59269,2008-07-10 17:00:00,53.3,SURF,True,EXTREME_TYPE1,416,1,1,"(111.86, 23.2)"
57996,2008-07-13 17:00:00,8.8,SURF,True,NORMAL,3,0,0,
59294,2008-07-16 18:00:00,57.1,SURF,True,EXTREME_TYPE1,1513,1,1,"(113.91, 23.2)"
59656,2008-07-19 16:00:00,19.1,SURF,True,NORMAL,4,0,0,
59271,2008-07-20 18:00:00,44.2,SURF,True,EXTREME_TYPE1,583,1,1,"(112.27, 23.6)"
59310,2008-07-30 00:00:00,37.3,SURF,True,NORMAL,430,0,0,
59315,2008-07-30 01:00:00,31.9,SURF,True,NORMAL,430,0,0,
59316,2008-07-30 01:00:00,57.1,SURF,True,NORMAL,275,0,0,
59317,2008-07-30 01:00:00,56.9,SURF,True,NORMAL,135,0,0,
59502,2008-07-30 01:00:00,56.8,SURF,True,NORMAL,135,0,0,
59500,2008-07-30 02:00:00,58.4,SURF,True,EXTREME_TYPE1,255,1,1,"(115.14, 23.2)"
59502,2008-07-30 02:00:00,98.0,SURF,True,NORMAL,135,0,0,
59317,2008-07-30 03:00:00,13.0,SURF,True,NORMAL,3,0,0,
59502,2008-07-30 03:00:00,63.0,SURF,True,EXTREME_TYPE1,135,1,1,"(115.55, 22.8)"
59293,2008-07-30 04:00:00,64.0,SURF,True,NORMAL,302,0,0,
59304,2008-07-30 05:00:00,57.2,SURF,True,NORMAL,253,0,0,
59502,2008-07-30 05:00:00,58.7,SURF,True,NORMAL,135,0,0,
59081,2008-07-31 08:00:00,10.9,SURF,True,EXTREME_TYPE1,8,8,2,"(113.1, 24.8);(113.2, 24.9)"
59315,2008-07-31 12:00:00,78.4,SURF,True,EXTREME_TYPE1,430,1,1,"(116.36, 23.6)"
59288,2008-08-04 21:00:00,52.9,SURF,True,EXTREME_TYPE1,1471,1,1,"(113.09, 23.2)"
59476,2008-08-04 23:00:00,3.5,SURF,True,NORMAL,24,0,0,
59315,2008-08-05 10:00:00,21.9,SURF,True,NORMAL,435,0,0,
59754,2008-08-06 23:00:00,101.9,SURF,True,NORMAL,85,0,0,
59754,2008-08-07 00:00:00,70.0,SURF,True,NORMAL,85,0,0,
59653,2008-08-07 14:00:00,50.8,SURF,True,EXTREME_TYPE1,313,1,1,"(111.05, 22.0)"
59298,2008-08-07 17:00:00,3.1,SURF,True,NORMAL,7,0,0,
59278,2008-08-07 18:00:00,3.6,SURF,True,NORMAL,10,0,0,
59469,2008-08-11 12:00:00,5.5,SURF,True,NORMAL,3,0,0,
59074,2008-08-11 18:00:00,13.6,SURF,True,FALSE,7,5,0,
59654,2008-08-17 17:00:00,26.7,SURF,True,EXTREME_TYPE1,220,1,1,"(110.23, 21.6)"
59663,2008-08-22 18:00:00,113.3,SURF,True,NORMAL,260,0,0,
59488,2008-08-22 20:00:00,7.9,SURF,True,EXTREME_TYPE1,3,12,12,"(113.4, 22.2);(113.4, 22.3);(113.5, 22.2);(113.5, 22.3);(113.5, 22.4);(113.6, 22.1);(113.6, 22.2);(113.6, 22.3);(113.6, 22.4);(113.7, 22.2);(113.7, 22.3);(113.7, 22.4)"
59653,2008-08-22 22:00:00,55.5,SURF,True,NORMAL,317,0,0,
59658,2008-08-23 09:00:00,25.7,SURF,True,NORMAL,176,0,0,
59650,2008-08-28 17:00:00,66.7,SURF,True,EXTREME_TYPE5,215,1,1,"(110.23, 21.6)"
59269,2008-08-31 21:00:00,34.3,SURF,True,EXTREME_TYPE1,465,1,1,"(111.86, 23.2)"
59304,2008-09-07 12:00:00,6.1,SURF,True,EXTREME_TYPE1,2,1,1,"(115.0, 23.6)"
59493,2008-09-17 14:00:00,18.2,SURF,True,EXTREME_TYPE1,28,10,10,"(113.9, 22.4);(113.9, 22.5);(113.9, 22.6);(114.0, 22.4);(114.0, 22.5);(114.0, 22.6);(114.0, 22.7);(114.1, 22.4);(114.1, 22.5);(114.1, 22.6)"
57988,2008-09-23 21:00:00,3.1,SURF,True,NORMAL,1,0,0,
59298,2008-10-05 21:00:00,23.6,SURF,True,NORMAL,907,0,0,
59297,2008-10-06 02:00:00,32.0,SURF,True,NORMAL,909,0,0,
59314,2008-10-06 05:00:00,55.3,SURF,True,NORMAL,358,0,0,
59469,2008-11-02 14:00:00,54.9,SURF,True,EXTREME_TYPE1,260,1,1,"(111.86, 22.0)"
59480,2008-11-02 15:00:00,27.6,SURF,True,EXTREME_TYPE1,1614,1,1,"(113.09, 22.8)"
59654,2008-11-02 23:00:00,56.4,SURF,True,EXTREME_TYPE1,225,1,1,"(110.23, 21.6)"
59284,2008-11-03 04:00:00,50.2,SURF,True,EXTREME_TYPE1,993,1,1,"(113.09, 23.6)"
59294,2008-11-03 10:00:00,20.8,SURF,True,EXTREME_TYPE1,1514,1,1,"(113.91, 23.2)"
59477,2008-11-07 19:00:00,56.5,SURF,True,EXTREME_TYPE1,460,1,1,"(112.27, 22.4)"
59475,2008-11-07 20:00:00,50.0,SURF,True,EXTREME_TYPE1,714,1,1,"(112.68, 22.4)"
59319,2008-11-08 09:00:00,6.1,SURF,True,NORMAL,8,0,0,
59287,2008-12-04 07:00:00,5.6,SURF,True,EXTREME_TYPE1,12,10,9,"(113.3, 23.2);(113.4, 23.1);(113.4, 23.2);(113.4, 23.3);(113.5, 23.2);(113.5, 23.3);(113.6, 23.1);(113.6, 23.2);(113.6, 23.3)"
59279,2009-03-06 02:00:00,5.2,SURF,True,NORMAL,34,0,0,
59310,2009-03-06 11:00:00,1.8,SURF,True,NORMAL,7,0,0,
59314,2009-03-06 13:00:00,5.2,SURF,True,NORMAL,13,0,0,
57988,2009-04-09 15:00:00,5.2,SURF,True,NORMAL,4,0,0,
59754,2009-04-18 12:00:00,63.0,SURF,True,EXTREME_TYPE1,125,1,1,"(110.23, 20.4)"
59294,2009-04-19 15:00:00,28.0,SURF,True,EXTREME_TYPE1,1814,1,1,"(113.91, 23.2)"
59088,2009-04-20 02:00:00,15.6,SURF,True,NORMAL,6,0,0,
59114,2009-04-20 03:00:00,5.6,SURF,True,NORMAL,6,0,0,
59071,2009-04-24 20:00:00,5.0,SURF,True,NORMAL,6,0,0,
59477,2009-04-25 04:00:00,57.8,SURF,True,EXTREME_TYPE1,659,1,1,"(112.27, 22.4)"
59314,2009-04-25 14:00:00,9.3,SURF,True,NORMAL,14,0,0,
G1043,2009-05-01 19:00:00,24.0,AWST,False,FALSE,2226,1,0,
G1043,2009-05-01 20:00:00,95.8,AWST,False,FALSE,2227,1,0,
G1043,2009-05-01 21:00:00,106.6,AWST,False,FALSE,2228,1,0,
G1043,2009-05-01 22:00:00,169.0,AWST,False,FALSE,2229,1,0,
G1043,2009-05-02 00:00:00,217.6,AWST,False,FALSE,2232,1,0,
G1043,2009-05-02 01:00:00,112.1,AWST,False,FALSE,2234,1,0,
G1043,2009-05-02 04:00:00,21.5,AWST,False,FALSE,2235,1,0,
G1043,2009-05-02 06:00:00,33.5,AWST,False,FALSE,2232,1,0,
G1043,2009-05-02 07:00:00,48.1,AWST,False,FALSE,2230,1,0,
G1043,2009-05-02 08:00:00,47.5,AWST,False,FALSE,2228,1,0,
G1043,2009-05-02 09:00:00,17.4,AWST,False,FALSE,36,11,0,
59074,2009-05-17 11:00:00,33.9,SURF,True,NORMAL,379,0,0,
59114,2009-05-18 21:00:00,11.0,SURF,True,EXTREME_TYPE1,9,12,12,"(116.0, 24.6);(116.0, 24.7);(116.1, 24.5);(116.1, 24.6);(116.1, 24.7);(116.1, 24.8);(116.2, 24.5);(116.2, 24.6);(116.2, 24.7);(116.2, 24.8);(116.3, 24.6);(116.3, 24.7)"
59290,2009-05-19 12:00:00,12.8,SURF,True,EXTREME_TYPE1,3,7,4,"(114.1, 23.7);(114.1, 23.8);(114.2, 23.7);(114.3, 23.7)"
59488,2009-05-23 15:00:00,53.9,SURF,True,EXTREME_TYPE1,1648,1,1,"(113.5, 22.4)"
59663,2009-05-23 19:00:00,22.6,SURF,True,NORMAL,428,0,0,
59478,2009-05-23 20:00:00,25.7,SURF,True,NORMAL,1076,0,0,
59470,2009-05-24 04:00:00,7.2,SURF,True,NORMAL,8,0,0,
59294,2009-05-24 10:00:00,8.0,SURF,True,NORMAL,11,0,0,
59469,2009-05-24 10:00:00,8.8,SURF,True,NORMAL,7,0,0,
59072,2009-05-24 11:00:00,1.6,SURF,True,NORMAL,6,0,0,
59485,2009-05-24 12:00:00,20.3,SURF,True,NORMAL,1645,0,0,
59471,2009-05-24 21:00:00,2.6,SURF,True,NORMAL,6,0,0,
59075,2009-06-03 01:00:00,24.9,SURF,True,NORMAL,497,0,0,
59082,2009-06-03 03:00:00,24.0,SURF,True,NORMAL,501,0,0,
59279,2009-06-03 22:00:00,52.8,SURF,True,NORMAL,1621,0,0,
59287,2009-06-03 23:00:00,67.7,SURF,True,NORMAL,2414,0,0,
59298,2009-06-04 01:00:00,35.2,SURF,True,NORMAL,1245,0,0,
59116,2009-06-04 03:00:00,11.7,SURF,True,NORMAL,4,0,0,
59502,2009-06-04 03:00:00,25.5,SURF,True,NORMAL,219,0,0,
59658,2009-06-07 18:00:00,52.2,SURF,True,EXTREME_TYPE1,315,1,1,"(110.23, 21.2)"
59659,2009-06-08 01:00:00,1.7,SURF,True,NORMAL,10,0,0,
59663,2009-06-08 03:00:00,60.6,SURF,True,EXTREME_TYPE1,422,1,1,"(111.86, 22.0)"
59750,2009-06-09 04:00:00,10.6,SURF,True,FALSE,3,2,0,
59487,2009-06-09 09:00:00,28.4,SURF,True,NORMAL,1648,0,0,
59485,2009-06-09 11:00:00,8.3,SURF,True,NORMAL,35,0,0,
59072,2009-06-10 06:00:00,11.5,SURF,True,NORMAL,6,0,0,
59313,2009-06-10 08:00:00,12.6,SURF,True,EXTREME_TYPE1,3,8,4,"(116.9, 23.6);(116.9, 23.7);(117.0, 23.6);(117.0, 23.7)"
59303,2009-06-11 14:00:00,63.6,SURF,True,EXTREME_TYPE1,698,1,1,"(115.95, 24.0)"
59500,2009-06-13 13:00:00,5.0,SURF,True,EXTREME_TYPE1,7,10,6,"(115.3, 23.0);(115.3, 23.1);(115.4, 22.9);(115.4, 23.0);(115.4, 23.1);(115.5, 23.0)"
59663,2009-06-13 21:00:00,52.5,SURF,True,NORMAL,408,0,0,
59663,2009-06-13 22:00:00,50.8,SURF,True,NORMAL,408,0,0,
59082,2009-06-14 18:00:00,51.9,SURF,True,EXTREME_TYPE1,498,1,1,"(113.5, 24.8)"
59664,2009-06-15 12:00:00,34.0,SURF,True,EXTREME_TYPE1,435,1,1,"(111.05, 21.6)"
G3531,2009-06-19 19:00:00,603.7,AWST,False,FALSE,2011,1,0,
59318,2009-06-21 20:00:00,15.4,SURF,True,NORMAL,18,0,0,
59317,2009-06-22 07:00:00,63.5,SURF,True,EXTREME_TYPE1,248,1,1,"(116.36, 22.8)"
59087,2009-06-22 08:00:00,43.5,SURF,True,EXTREME_TYPE1,660,1,1,"(113.5, 24.0)"
59106,2009-06-22 09:00:00,138.9,SURF,True,EXTREME_TYPE3,566,1,1,"(115.95, 24.4)"
59106,2009-06-22 13:00:00,61.4,SURF,True,EXTREME_TYPE1,565,1,1,"(115.95, 24.4)"
59107,2009-06-22 16:00:00,11.0,SURF,True,EXTREME_TYPE1,6,10,6,"(115.1, 24.1);(115.2, 24.0);(115.2, 24.1);(115.2, 24.2);(115.3, 24.0);(115.3, 24.1)"
59096,2009-06-22 17:00:00,55.0,SURF,True,EXTREME_TYPE1,390,1,1,"(114.32, 24.4)"
59285,2009-06-23 08:00:00,13.6,SURF,True,NORMAL,12,0,0,
59310,2009-06-23 14:00:00,68.1,SURF,True,EXTREME_TYPE3,655,1,1,"(116.36, 23.6)"
59750,2009-06-26 14:00:00,52.7,SURF,True,EXTREME_TYPE1,236,1,1,"(110.23, 20.8)"
59280,2009-06-27 17:00:00,27.3,SURF,True,NORMAL,1507,0,0,
59492,2009-06-28 01:00:00,26.0,SURF,True,EXTREME_TYPE1,614,1,1,"(114.73, 23.2)"
59478,2009-06-28 12:00:00,20.9,SURF,True,NORMAL,1104,0,0,
59476,2009-06-28 17:00:00,13.2,SURF,True,NORMAL,35,0,0,
59477,2009-07-04 02:00:00,6.0,SURF,True,NORMAL,11,0,0,
59462,2009-07-04 13:00:00,2.8,SURF,True,NORMAL,7,0,0,
59653,2009-07-05 16:00:00,14.6,SURF,True,NORMAL,8,0,0,
59304,2009-07-12 14:00:00,15.4,SURF,True,EXTREME_TYPE1,6,1,1,"(115.0, 23.6)"
59462,2009-07-19 01:00:00,50.7,SURF,True,NORMAL,418,0,0,
59664,2009-07-19 09:00:00,62.9,SURF,True,NORMAL,439,0,0,
59656,2009-07-19 10:00:00,30.4,SURF,True,NORMAL,439,0,0,
59456,2009-07-19 13:00:00,18.7,SURF,True,NORMAL,6,0,0,
59750,2009-07-20 16:00:00,51.5,SURF,True,EXTREME_TYPE1,240,1,1,"(110.23, 20.8)"
59315,2009-07-23 15:00:00,3.8,SURF,True,EXTREME_TYPE1,9,9,8,"(116.3, 23.5);(116.3, 23.6);(116.3, 23.7);(116.4, 23.5);(116.4, 23.6);(116.4, 23.7);(116.5, 23.5);(116.5, 23.6)"
59316,2009-07-25 11:00:00,10.8,SURF,True,EXTREME_TYPE1,16,10,10,"(116.5, 23.4);(116.6, 23.3);(116.6, 23.4);(116.6, 23.5);(116.7, 23.3);(116.7, 23.4);(116.7, 23.5);(116.8, 23.3);(116.8, 23.4);(116.8, 23.5)"
59478,2009-07-25 11:00:00,25.8,SURF,True,EXTREME_TYPE1,1120,1,1,"(112.68, 22.4)"
59502,2009-07-26 05:00:00,41.1,SURF,True,EXTREME_TYPE5,231,1,1,"(115.55, 22.8)"
59074,2009-07-28 08:00:00,53.0,SURF,True,FALSE,385,1,0,
59655,2009-07-29 02:00:00,53.0,SURF,True,EXTREME_TYPE1,439,1,1,"(110.64, 21.6)"
59287,2009-07-31 12:00:00,12.9,SURF,True,EXTREME_TYPE1,23,10,9,"(113.3, 23.2);(113.4, 23.1);(113.4, 23.2);(113.4, 23.3);(113.5, 23.1);(113.5, 23.2);(113.5, 23.3);(113.6, 23.1);(113.6, 23.2)"
59278,2009-08-05 01:00:00,2.2,SURF,True,EXTREME_TYPE1,14,10,10,"(112.3, 23.0);(112.4, 22.9);(112.4, 23.0);(112.4, 23.1);(112.5, 22.9);(112.5, 23.0);(112.5, 23.1);(112.6, 22.9);(112.6, 23.0);(112.6, 23.1)"
59456,2009-08-05 01:00:00,7.2,SURF,True,NORMAL,7,0,0,
59663,2009-08-05 08:00:00,2.7,SURF,True,NORMAL,7,0,0,
G2505,2009-08-05 10:00:00,278.1,AWST,False,FALSE,241,1,0,
G2505,2009-08-05 11:00:00,337.7,AWST,False,FALSE,242,1,0,
59673,2009-08-05 12:00:00,60.1,SURF,True,EXTREME_TYPE1,205,1,1,"(112.68, 21.6)"
59673,2009-08-05 13:00:00,43.1,SURF,True,NORMAL,204,0,0,
59476,2009-08-06 01:00:00,18.5,SURF,True,NORMAL,37,0,0,
59477,2009-08-06 04:00:00,32.6,SURF,True,NORMAL,635,0,0,
59476,2009-08-10 23:00:00,53.7,SURF,True,EXTREME_TYPE1,1533,1,1,"(113.09, 22.4)"
59288,2009-08-11 17:00:00,33.9,SURF,True,EXTREME_TYPE1,2273,1,1,"(113.09, 23.2)"
59114,2009-08-11 22:00:00,20.6,SURF,True,EXTREME_TYPE1,320,1,1,"(116.36, 24.8)"
59279,2009-08-12 05:00:00,58.7,SURF,True,NORMAL,1635,0,0,
59288,2009-08-12 05:00:00,65.0,SURF,True,NORMAL,2262,0,0,
59462,2009-08-12 07:00:00,62.2,SURF,True,EXTREME_TYPE1,420,1,1,"(111.45, 22.8)"
59294,2009-08-17 01:00:00,23.2,SURF,True,EXTREME_TYPE1,2014,1,1,"(113.91, 23.2)"
G8207,2009-08-23 20:00:00,2.1,AWST,False,EXTREME_TYPE1,20,10,9,"(112.7, 23.5);(112.7, 23.6);(112.8, 23.4);(112.8, 23.5);(112.8, 23.6);(112.9, 23.4);(112.9, 23.5);(112.9, 23.6);(113.0, 23.5)"
59287,2009-08-25 16:00:00,40.4,SURF,True,EXTREME_TYPE1,2474,1,1,"(113.5, 23.2)"
59290,2009-09-09 07:00:00,32.0,SURF,True,EXTREME_TYPE1,793,1,1,"(114.32, 23.6)"
59107,2009-09-12 23:00:00,16.9,SURF,True,FALSE,6,10,0,
59476,2009-09-15 05:00:00,15.1,SURF,True,NORMAL,36,0,0,
59663,2009-09-15 09:00:00,21.1,SURF,True,NORMAL,424,0,0,
59276,2009-09-15 11:00:00,7.5,SURF,True,NORMAL,17,0,0,
59290,2009-09-16 01:00:00,28.9,SURF,True,EXTREME_TYPE1,774,1,1,"(114.32, 23.6)"
59269,2009-10-13 11:00:00,1.4,SURF,True,NORMAL,8,0,0,
59477,2009-10-19 21:00:00,4.3,SURF,True,NORMAL,10,0,0,
59109,2009-11-12 19:00:00,1.0,SURF,True,NORMAL,11,0,0,
59485,2009-11-16 02:00:00,1.3,SURF,True,NORMAL,41,0,0,
59485,2010-02-07 15:00:00,1.1,SURF,True,NORMAL,41,0,0,
59314,2010-03-07 04:00:00,33.1,SURF,True,EXTREME_TYPE1,560,1,1,"(116.36, 23.2)"
59673,2010-03-25 01:00:00,7.4,SURF,True,NORMAL,0,0,0,
59313,2010-04-08 03:00:00,15.4,SURF,True,NORMAL,3,0,0,
59071,2010-04-08 05:00:00,6.8,SURF,True,NORMAL,10,0,0,
59075,2010-04-08 05:00:00,3.3,SURF,True,NORMAL,5,0,0,
59293,2010-04-08 08:00:00,7.3,SURF,True,NORMAL,8,0,0,
59290,2010-04-13 09:00:00,5.1,SURF,True,EXTREME_TYPE1,5,7,6,"(114.1, 23.8);(114.2, 23.7);(114.3, 23.7);(114.3, 23.9);(114.4, 23.7);(114.4, 23.8)"
59501,2010-04-13 09:00:00,36.0,SURF,True,EXTREME_TYPE1,255,1,1,"(115.55, 22.8)"
59088,2010-04-13 18:00:00,9.5,SURF,True,EXTREME_TYPE1,9,10,10,"(113.3, 24.1);(113.3, 24.2);(113.3, 24.3);(113.4, 24.1);(113.4, 24.2);(113.4, 24.3);(113.5, 24.1);(113.5, 24.2);(113.5, 24.3);(113.6, 24.2)"
59117,2010-04-15 07:00:00,2.0,SURF,True,NORMAL,12,0,0,
59658,2010-04-19 17:00:00,11.8,SURF,True,NORMAL,9,0,0,
59293,2010-04-22 10:00:00,67.2,SURF,True,EXTREME_TYPE1,617,1,1,"(114.73, 23.6)"
59469,2010-04-22 10:00:00,23.6,SURF,True,NORMAL,492,0,0,
59107,2010-04-22 15:00:00,6.7,SURF,True,NORMAL,9,0,0,
59298,2010-04-29 14:00:00,5.5,SURF,True,NORMAL,13,0,0,
57996,2010-05-06 09:00:00,7.0,SURF,True,NORMAL,5,0,0,
59099,2010-05-06 11:00:00,74.2,SURF,True,EXTREME_TYPE1,487,1,1,"(115.14, 24.4)"
59094,2010-05-06 17:00:00,51.0,SURF,True,NORMAL,569,0,0,
59107,2010-05-06 17:00:00,55.8,SURF,True,NORMAL,622,0,0,
59312,2010-05-06 17:00:00,14.3,SURF,True,NORMAL,6,0,0,
59087,2010-05-06 22:00:00,51.0,SURF,True,EXTREME_TYPE1,786,1,1,"(113.5, 24.0)"
59271,2010-05-06 23:00:00,30.2,SURF,True,EXTREME_TYPE1,773,1,1,"(112.27, 23.6)"
59284,2010-05-07 01:00:00,115.2,SURF,True,NORMAL,1652,0,0,
59287,2010-05-07 03:00:00,63.1,SURF,True,NORMAL,2542,0,0,
59493,2010-05-07 03:00:00,42.9,SURF,True,NORMAL,1316,0,0,
59279,2010-05-07 04:00:00,91.7,SURF,True,NORMAL,1716,0,0,
59269,2010-05-09 15:00:00,79.8,SURF,True,EXTREME_TYPE1,648,1,1,"(111.86, 23.2)"
59476,2010-05-09 23:00:00,66.0,SURF,True,EXTREME_TYPE1,1603,1,1,"(113.09, 22.4)"
59478,2010-05-10 00:00:00,51.2,SURF,True,NORMAL,1213,0,0,
59476,2010-05-10 09:00:00,26.4,SURF,True,NORMAL,1615,0,0,
59284,2010-05-14 18:00:00,52.8,SURF,True,EXTREME_TYPE1,1645,1,1,"(113.09, 23.6)"
59481,2010-05-15 01:00:00,71.2,SURF,True,EXTREME_TYPE1,2689,1,1,"(113.5, 22.8)"
59663,2010-05-15 02:00:00,86.4,SURF,True,EXTREME_TYPE1,489,1,1,"(111.86, 22.0)"
59663,2010-05-15 11:00:00,47.6,SURF,True,EXTREME_TYPE1,492,1,1,"(111.86, 22.0)"
59654,2010-05-15 15:00:00,39.8,SURF,True,EXTREME_TYPE1,347,1,1,"(110.23, 21.6)"
59081,2010-05-19 11:00:00,50.5,SURF,True,NORMAL,621,0,0,
59106,2010-05-19 17:00:00,4.8,SURF,True,NORMAL,10,0,0,
59075,2010-05-20 18:00:00,56.3,SURF,True,EXTREME_TYPE1,565,1,1,"(112.68, 24.4)"
59071,2010-05-22 14:00:00,1.5,SURF,True,NORMAL,10,0,0,
59314,2010-05-23 03:00:00,60.5,SURF,True,NORMAL,570,0,0,
59317,2010-05-23 07:00:00,56.3,SURF,True,NORMAL,315,0,0,
59750,2010-05-27 17:00:00,52.8,SURF,True,EXTREME_TYPE1,250,1,1,"(110.23, 20.8)"
59271,2010-05-29 03:00:00,1.3,SURF,True,NORMAL,11,0,0,
59476,2010-05-29 17:00:00,23.3,SURF,True,NORMAL,1626,0,0,
59663,2010-06-02 13:00:00,3.0,SURF,True,NORMAL,8,0,0,
59655,2010-06-08 07:00:00,53.1,SURF,True,EXTREME_TYPE1,452,1,1,"(110.64, 21.6)"
59655,2010-06-08 20:00:00,50.3,SURF,True,EXTREME_TYPE1,449,1,1,"(110.64, 21.6)"
59487,2010-06-09 08:00:00,82.7,SURF,True,NORMAL,1733,0,0,
59488,2010-06-09 09:00:00,43.7,SURF,True,EXTREME_TYPE1,1731,1,1,"(113.5, 22.4)"
59074,2010-06-09 21:00:00,11.5,SURF,True,NORMAL,13,0,0,
59087,2010-06-09 23:00:00,30.6,SURF,True,NORMAL,774,0,0,
59501,2010-06-10 08:00:00,58.4,SURF,True,NORMAL,243,0,0,
59492,2010-06-10 18:00:00,3.9,SURF,True,NORMAL,7,0,0,
59493,2010-06-12 02:00:00,9.0,SURF,True,EXTREME_TYPE1,30,10,10,"(113.9, 22.4);(113.9, 22.5);(113.9, 22.6);(114.0, 22.4);(114.0, 22.5);(114.0, 22.6);(114.0, 22.7);(114.1, 22.4);(114.1, 22.5);(114.1, 22.6)"
59314,2010-06-12 19:00:00,39.6,SURF,True,NORMAL,553,0,0,
59475,2010-06-13 03:00:00,24.3,SURF,True,EXTREME_TYPE1,1212,1,1,"(112.68, 22.4)"
59117,2010-06-14 23:00:00,25.2,SURF,True,NORMAL,562,0,0,
59290,2010-06-15 05:00:00,71.9,SURF,True,EXTREME_TYPE1,902,1,1,"(114.32, 23.6)"
59293,2010-06-15 10:00:00,61.0,SURF,True,EXTREME_TYPE1,595,1,1,"(114.73, 23.6)"
59314,2010-06-16 12:00:00,59.7,SURF,True,EXTREME_TYPE1,548,1,1,"(116.36, 23.2)"
59099,2010-06-17 16:00:00,23.1,SURF,True,EXTREME_TYPE1,463,1,1,"(115.14, 24.4)"
59502,2010-06-21 15:00:00,2.2,SURF,True,FALSE,6,12,0,
59287,2010-06-21 17:00:00,70.6,SURF,True,EXTREME_TYPE1,2568,1,1,"(113.5, 23.2)"
59114,2010-06-22 16:00:00,55.5,SURF,True,EXTREME_TYPE1,317,1,1,"(116.36, 24.8)"
59297,2010-06-23 09:00:00,9.1,SURF,True,EXTREME_TYPE1,8,11,9,"(114.1, 23.1);(114.1, 23.2);(114.2, 23.1);(114.2, 23.2);(114.2, 23.3);(114.3, 23.1);(114.3, 23.2);(114.3, 23.3);(114.4, 23.1)"
59318,2010-06-25 02:00:00,68.6,SURF,True,NORMAL,471,0,0,
59318,2010-06-25 03:00:00,69.2,SURF,True,NORMAL,468,0,0,
59318,2010-06-25 04:00:00,57.9,SURF,True,NORMAL,472,0,0,
59264,2010-06-25 07:00:00,32.4,SURF,True,NORMAL,383,0,0,
59653,2010-06-25 11:00:00,17.6,SURF,True,NORMAL,8,0,0,
59487,2010-06-25 12:00:00,1.0,SURF,True,NORMAL,24,0,0,
59492,2010-06-26 16:00:00,31.6,SURF,True,NORMAL,691,0,0,
59485,2010-06-26 17:00:00,4.8,SURF,True,NORMAL,41,0,0,
59284,2010-06-27 07:00:00,52.2,SURF,True,NORMAL,1479,0,0,
59074,2010-06-27 13:00:00,9.8,SURF,True,NORMAL,1,0,0,
59478,2010-06-28 06:00:00,50.3,SURF,True,NORMAL,1197,0,0,
59473,2010-06-28 09:00:00,19.1,SURF,True,NORMAL,41,0,0,
59654,2010-07-17 08:00:00,24.2,SURF,True,NORMAL,357,0,0,
59650,2010-07-17 12:00:00,5.5,SURF,True,NORMAL,6,0,0,
59094,2010-07-21 18:00:00,6.7,SURF,True,NORMAL,5,0,0,
59658,2010-07-22 16:00:00,40.5,SURF,True,NORMAL,295,0,0,
59656,2010-07-22 20:00:00,53.9,SURF,True,NORMAL,432,0,0,
59654,2010-07-23 00:00:00,66.2,SURF,True,EXTREME_TYPE1,344,1,1,"(110.23, 21.6)"
59654,2010-07-23 01:00:00,59.3,SURF,True,NORMAL,345,0,0,
59480,2010-07-23 02:00:00,36.2,SURF,True,EXTREME_TYPE1,2460,1,1,"(113.09, 22.8)"
59314,2010-07-23 13:00:00,52.9,SURF,True,EXTREME_TYPE1,560,1,1,"(116.36, 23.2)"
59117,2010-07-23 17:00:00,49.5,SURF,True,EXTREME_TYPE1,594,1,1,"(115.95, 24.4)"
59288,2010-07-24 16:00:00,8.5,SURF,True,EXTREME_TYPE1,40,11,7,"(113.0, 23.0);(113.0, 23.1);(113.0, 23.2);(113.1, 23.0);(113.1, 23.1);(113.1, 23.2);(113.1, 23.3)"
59285,2010-07-26 16:00:00,57.4,SURF,True,EXTREME_TYPE1,1699,1,1,"(113.5, 23.6)"
59306,2010-08-07 23:00:00,32.2,SURF,True,EXTREME_TYPE1,749,1,1,"(115.95, 23.6)"
57996,2010-08-08 01:00:00,43.5,SURF,True,NORMAL,193,0,0,
59650,2010-08-10 19:00:00,22.9,SURF,True,EXTREME_TYPE1,339,1,1,"(110.23, 21.6)"
59314,2010-08-15 05:00:00,9.3,SURF,True,FALSE,20,9,0,
59659,2010-08-16 15:00:00,44.0,SURF,True,EXTREME_TYPE1,455,1,1,"(111.05, 21.6)"
59304,2010-08-23 17:00:00,28.9,SURF,True,EXTREME_TYPE1,548,1,1,"(115.14, 23.6)"
59754,2010-08-23 22:00:00,8.9,SURF,True,NORMAL,8,0,0,
59650,2010-08-26 15:00:00,61.4,SURF,True,EXTREME_TYPE1,350,1,1,"(110.23, 21.6)"
59109,2010-08-26 19:00:00,60.9,SURF,True,EXTREME_TYPE1,650,1,1,"(115.55, 24.0)"
59303,2010-08-26 19:00:00,103.5,SURF,True,EXTREME_TYPE1,761,1,1,"(115.95, 24.0)"
59107,2010-09-02 18:00:00,55.5,SURF,True,NORMAL,608,0,0,
59287,2010-09-02 18:00:00,10.4,SURF,True,EXTREME_TYPE1,27,10,10,"(113.3, 23.2);(113.4, 23.1);(113.4, 23.2);(113.4, 23.3);(113.5, 23.1);(113.5, 23.2);(113.5, 23.3);(113.6, 23.1);(113.6, 23.2);(113.6, 23.3)"
59324,2010-09-03 01:00:00,52.5,SURF,True,NORMAL,324,0,0,
59117,2010-09-03 13:00:00,1.9,SURF,True,NORMAL,12,0,0,
59469,2010-09-04 19:00:00,1.1,SURF,True,NORMAL,10,0,0,
59480,2010-09-09 03:00:00,57.2,SURF,True,NORMAL,2249,0,0,
59485,2010-09-09 03:00:00,62.3,SURF,True,NORMAL,1652,0,0,
59473,2010-09-09 04:00:00,67.7,SURF,True,EXTREME_TYPE1,2218,1,1,"(113.09, 22.8)"
59285,2010-09-11 13:00:00,83.7,SURF,True,EXTREME_TYPE1,1623,1,1,"(113.5, 23.6)"
59087,2010-09-11 16:00:00,37.5,SURF,True,EXTREME_TYPE1,728,1,1,"(113.5, 24.0)"
59500,2010-09-17 18:00:00,17.2,SURF,True,EXTREME_TYPE1,10,10,10,"(115.2, 22.9);(115.2, 23.0);(115.2, 23.1);(115.3, 22.9);(115.3, 23.0);(115.3, 23.1);(115.4, 22.9);(115.4, 23.0);(115.4, 23.1);(115.5, 23.0)"
59303,2010-09-20 12:00:00,1.7,SURF,True,NORMAL,6,0,0,
59476,2010-09-20 18:00:00,16.3,SURF,True,NORMAL,35,0,0,
59673,2010-09-20 21:00:00,59.3,SURF,True,EXTREME_TYPE1,254,1,1,"(112.68, 21.6)"
59673,2010-09-20 22:00:00,68.5,SURF,True,EXTREME_TYPE1,250,1,1,"(112.68, 21.6)"
59673,2010-09-21 01:00:00,89.2,SURF,True,EXTREME_TYPE1,238,1,1,"(112.68, 21.6)"
59471,2010-09-21 02:00:00,56.8,SURF,True,NORMAL,952,0,0,
59264,2010-09-21 08:00:00,51.8,SURF,True,NORMAL,386,0,0,
59456,2010-09-21 10:00:00,52.6,SURF,True,NORMAL,395,0,0,
59659,2010-09-21 13:00:00,35.5,SURF,True,NORMAL,445,0,0,
59656,2010-09-21 14:00:00,18.0,SURF,True,NORMAL,7,0,0,
59663,2010-09-22 02:00:00,68.5,SURF,True,NORMAL,470,0,0,
59096,2010-09-22 15:00:00,6.3,SURF,True,NORMAL,3,0,0,
59655,2010-09-22 23:00:00,49.0,SURF,True,EXTREME_TYPE1,433,1,1,"(110.64, 21.6)"
59650,2010-09-23 14:00:00,15.5,SURF,True,NORMAL,6,0,0,
59750,2010-09-23 14:00:00,97.5,SURF,True,EXTREME_TYPE1,245,1,1,"(110.23, 20.8)"
59477,2010-09-24 16:00:00,38.8,SURF,True,EXTREME_TYPE1,742,1,1,"(112.27, 22.4)"
59097,2010-09-24 22:00:00,33.2,SURF,True,EXTREME_TYPE1,537,1,1,"(114.32, 24.0)"
59303,2010-09-25 00:00:00,3.6,SURF,True,EXTREME_TYPE1,6,6,4,"(115.7, 24.0);(115.8, 23.9);(115.8, 24.0);(115.9, 24.0)"
59750,2010-10-08 16:00:00,2.0,SURF,True,NORMAL,4,0,0,
59492,2010-11-06 08:00:00,1.0,SURF,True,NORMAL,7,0,0,
59477,2011-01-12 00:00:00,1.1,SURF,True,NORMAL,14,0,0,
59502,2011-02-15 11:00:00,1.2,SURF,True,NORMAL,9,0,0,
57996,2011-03-19 00:00:00,1.0,SURF,True,NORMAL,7,0,0,
59475,2011-04-29 04:00:00,2.9,SURF,True,NORMAL,17,0,0,
59324,2011-04-29 19:00:00,13.1,SURF,True,NORMAL,7,0,0,
59090,2011-05-01 16:00:00,9.1,SURF,True,NORMAL,7,0,0,
57996,2011-05-04 09:00:00,1.9,SURF,True,NORMAL,7,0,0,
59099,2011-05-07 19:00:00,1.5,SURF,True,NORMAL,8,0,0,
59280,2011-05-08 19:00:00,38.3,SURF,True,EXTREME_TYPE1,1700,1,1,"(113.09, 23.6)"
59478,2011-05-10 17:00:00,14.6,SURF,True,FALSE,13,10,0,
59269,2011-05-11 20:00:00,56.3,SURF,True,EXTREME_TYPE1,721,1,1,"(111.86, 23.2)"
59268,2011-05-12 15:00:00,23.9,SURF,True,NORMAL,464,0,0,
59107,2011-05-12 22:00:00,7.3,SURF,True,NORMAL,1,0,0,
59664,2011-05-13 03:00:00,21.0,SURF,True,NORMAL,500,0,0,
59088,2011-05-13 12:00:00,9.1,SURF,True,NORMAL,9,0,0,
59673,2011-05-13 13:00:00,20.8,SURF,True,NORMAL,270,0,0,
59087,2011-05-14 13:00:00,13.7,SURF,True,NORMAL,9,0,0,
59750,2011-05-15 17:00:00,76.1,SURF,True,EXTREME_TYPE2,245,1,1,"(110.23, 20.8)"
59114,2011-05-16 08:00:00,25.0,SURF,True,NORMAL,306,0,0,
59485,2011-05-16 16:00:00,65.3,SURF,True,EXTREME_TYPE1,1762,1,1,"(113.5, 22.4)"
59655,2011-05-21 19:00:00,25.3,SURF,True,EXTREME_TYPE1,444,1,1,"(110.64, 21.6)"
59278,2011-05-22 16:00:00,47.3,SURF,True,NORMAL,1966,0,0,
59471,2011-05-22 17:00:00,52.9,SURF,True,NORMAL,1073,0,0,
59475,2011-05-22 19:00:00,55.9,SURF,True,NORMAL,1269,0,0,
59477,2011-05-22 19:00:00,75.6,SURF,True,NORMAL,846,0,0,
59656,2011-05-22 19:00:00,50.6,SURF,True,NORMAL,439,0,0,
59318,2011-05-22 20:00:00,5.8,SURF,True,NORMAL,18,0,0,
59276,2011-06-05 20:00:00,9.4,SURF,True,EXTREME_TYPE1,19,12,11,"(112.5, 23.3);(112.5, 23.4);(112.6, 23.2);(112.6, 23.3);(112.6, 23.4);(112.6, 23.5);(112.7, 23.2);(112.7, 23.3);(112.7, 23.4);(112.7, 23.5);(112.8, 23.4)"
59096,2011-06-06 16:00:00,41.1,SURF,True,EXTREME_TYPE1,518,1,1,"(114.32, 24.4)"
59470,2011-06-11 16:00:00,20.3,SURF,True,EXTREME_TYPE1,1003,1,1,"(112.27, 22.8)"
59280,2011-06-11 19:00:00,61.5,SURF,True,EXTREME_TYPE1,1687,1,1,"(113.09, 23.6)"
59287,2011-06-12 07:00:00,79.7,SURF,True,EXTREME_TYPE1,2639,1,1,"(113.5, 23.2)"
59287,2011-06-16 08:00:00,24.5,SURF,True,EXTREME_TYPE1,2648,1,1,"(113.5, 23.2)"
59502,2011-06-16 13:00:00,52.9,SURF,True,NORMAL,375,0,0,
59306,2011-06-16 16:00:00,86.7,SURF,True,EXTREME_TYPE1,923,1,1,"(115.95, 23.6)"
59502,2011-06-16 16:00:00,23.6,SURF,True,NORMAL,375,0,0,
59754,2011-06-22 06:00:00,20.4,SURF,True,EXTREME_TYPE1,143,1,1,"(110.23, 20.4)"
59656,2011-06-24 02:00:00,9.7,SURF,True,NORMAL,7,0,0,
59655,2011-06-25 08:00:00,42.6,SURF,True,EXTREME_TYPE1,432,1,1,"(110.64, 21.6)"
59456,2011-06-25 21:00:00,54.0,SURF,True,EXTREME_TYPE1,466,1,1,"(111.05, 22.4)"
59289,2011-06-26 08:00:00,12.8,SURF,True,NORMAL,50,0,0,
59310,2011-06-26 18:00:00,75.5,SURF,True,EXTREME_TYPE1,872,1,1,"(116.36, 23.6)"
59502,2011-06-27 17:00:00,21.1,SURF,True,EXTREME_TYPE1,375,1,1,"(115.55, 22.8)"
59478,2011-06-29 07:00:00,23.2,SURF,True,NORMAL,1281,0,0,
59481,2011-06-29 08:00:00,16.6,SURF,True,NORMAL,64,0,0,
59072,2011-06-29 09:00:00,13.5,SURF,True,NORMAL,8,0,0,
59663,2011-06-29 10:00:00,51.3,SURF,True,NORMAL,551,0,0,
59298,2011-06-30 14:00:00,5.9,SURF,True,NORMAL,15,0,0,
59074,2011-07-08 07:00:00,20.9,SURF,True,EXTREME_TYPE1,253,1,1,"(112.27, 24.4)"
59492,2011-07-09 16:00:00,50.5,SURF,True,EXTREME_TYPE1,599,1,1,"(114.73, 23.2)"
59663,2011-07-10 16:00:00,57.2,SURF,True,EXTREME_TYPE1,546,1,1,"(111.86, 22.0)"
59456,2011-07-11 15:00:00,71.7,SURF,True,EXTREME_TYPE1,434,1,1,"(111.05, 22.4)"
59476,2011-07-11 18:00:00,1.8,SURF,True,NORMAL,36,0,0,
59754,2011-07-14 05:00:00,56.9,SURF,True,EXTREME_TYPE1,145,1,1,"(110.23, 20.4)"
59654,2011-07-15 16:00:00,7.8,SURF,True,EXTREME_TYPE1,5,8,8,"(110.2, 21.5);(110.2, 21.7);(110.3, 21.5);(110.3, 21.6);(110.3, 21.7);(110.4, 21.5);(110.4, 21.6);(110.4, 21.7)"
59279,2011-07-15 19:00:00,36.2,SURF,True,EXTREME_TYPE1,1584,1,1,"(112.68, 23.2)"
59659,2011-07-15 20:00:00,78.1,SURF,True,EXTREME_TYPE1,405,1,1,"(111.05, 21.6)"
59294,2011-07-16 05:00:00,7.8,SURF,True,NORMAL,11,0,0,
59289,2011-07-16 20:00:00,39.6,SURF,True,EXTREME_TYPE1,2202,1,1,"(113.91, 22.8)"
59754,2011-07-17 06:00:00,103.7,SURF,True,EXTREME_TYPE1,141,1,1,"(110.23, 20.4)"
59754,2011-07-17 07:00:00,68.6,SURF,True,EXTREME_TYPE1,140,1,1,"(110.23, 20.4)"
59290,2011-07-17 17:00:00,38.5,SURF,True,EXTREME_TYPE1,891,1,1,"(114.32, 23.6)"
59654,2011-07-18 20:00:00,55.7,SURF,True,EXTREME_TYPE1,320,1,1,"(110.23, 21.6)"
59477,2011-07-27 17:00:00,70.2,SURF,True,EXTREME_TYPE4,842,1,1,"(112.27, 22.4)"
59117,2011-08-04 19:00:00,87.5,SURF,True,EXTREME_TYPE1,584,1,1,"(115.95, 24.4)"
59097,2011-08-07 18:00:00,54.0,SURF,True,EXTREME_TYPE1,580,1,1,"(114.32, 24.0)"
59114,2011-08-08 17:00:00,13.8,SURF,True,EXTREME_TYPE1,9,12,12,"(116.0, 24.6);(116.0, 24.7);(116.1, 24.5);(116.1, 24.6);(116.1, 24.7);(116.1, 24.8);(116.2, 24.5);(116.2, 24.6);(116.2, 24.7);(116.2, 24.8);(116.3, 24.6);(116.3, 24.7)"
59480,2011-08-10 01:00:00,34.1,SURF,True,EXTREME_TYPE1,2511,1,1,"(113.09, 22.8)"
59663,2011-08-10 11:00:00,56.4,SURF,True,EXTREME_TYPE1,549,1,1,"(111.86, 22.0)"
59094,2011-08-11 18:00:00,40.9,SURF,True,EXTREME_TYPE1,636,1,1,"(113.91, 24.4)"
59315,2011-08-24 16:00:00,57.7,SURF,True,EXTREME_TYPE1,884,1,1,"(116.36, 23.6)"
59117,2011-08-24 18:00:00,25.6,SURF,True,EXTREME_TYPE1,579,1,1,"(115.95, 24.4)"
59314,2011-08-24 20:00:00,39.7,SURF,True,EXTREME_TYPE1,725,1,1,"(116.36, 23.2)"
57996,2011-09-01 06:00:00,12.9,SURF,True,NORMAL,7,0,0,
59492,2011-09-02 14:00:00,81.7,SURF,True,EXTREME_TYPE1,708,1,1,"(114.73, 23.2)"
59087,2011-09-02 18:00:00,5.2,SURF,True,EXTREME_TYPE1,9,10,9,"(113.4, 23.8);(113.4, 23.9);(113.5, 23.8);(113.5, 23.9);(113.5, 24.0);(113.6, 23.8);(113.6, 23.9);(113.6, 24.0);(113.7, 23.9)"
59314,2011-09-19 20:00:00,8.1,SURF,True,NORMAL,31,0,0,
59500,2011-09-29 05:00:00,32.9,SURF,True,EXTREME_TYPE1,558,1,1,"(115.14, 23.2)"
59317,2011-09-29 06:00:00,12.2,SURF,True,NORMAL,15,0,0,
59500,2011-09-29 14:00:00,44.7,SURF,True,NORMAL,600,0,0,
59650,2011-09-29 20:00:00,13.7,SURF,True,NORMAL,6,0,0,
59481,2011-09-29 21:00:00,5.4,SURF,True,NORMAL,66,0,0,
59656,2011-09-30 14:00:00,8.9,SURF,True,EXTREME_TYPE1,7,8,8,"(110.7, 21.3);(110.7, 21.4);(110.7, 21.5);(110.8, 21.4);(110.8, 21.5);(110.9, 21.4);(110.9, 21.5);(111.0, 21.4)"
59269,2011-10-01 14:00:00,12.0,SURF,True,EXTREME_TYPE1,9,11,11,"(111.7, 23.1);(111.7, 23.2);(111.8, 23.1);(111.8, 23.2);(111.8, 23.3);(111.9, 23.0);(111.9, 23.1);(111.9, 23.2);(111.9, 23.3);(112.0, 23.1);(112.0, 23.2)"
57988,2011-10-07 07:00:00,4.4,SURF,True,NORMAL,9,0,0,
59476,2011-10-13 01:00:00,25.5,SURF,True,EXTREME_TYPE1,1691,1,1,"(113.09, 22.4)"
59653,2011-10-13 08:00:00,5.4,SURF,True,NORMAL,9,0,0,
59284,2011-10-13 15:00:00,56.6,SURF,True,EXTREME_TYPE1,1703,1,1,"(113.09, 23.6)"
59271,2011-10-13 17:00:00,36.4,SURF,True,EXTREME_TYPE1,785,1,1,"(112.27, 23.6)"
59278,2011-10-13 19:00:00,52.4,SURF,True,EXTREME_TYPE1,1992,1,1,"(112.68, 22.8)"
59473,2011-10-14 00:00:00,26.8,SURF,True,NORMAL,2515,0,0,
59481,2011-10-14 01:00:00,59.1,SURF,True,EXTREME_TYPE1,2708,1,1,"(113.5, 22.8)"
59304,2011-10-14 05:00:00,2.4,SURF,True,NORMAL,5,0,0,
59658,2011-11-08 06:00:00,2.9,SURF,True,NORMAL,5,0,0,
59294,2011-11-08 10:00:00,4.3,SURF,True,NORMAL,11,0,0,
59653,2011-11-09 05:00:00,10.1,SURF,True,NORMAL,9,0,0,
59314,2011-11-09 21:00:00,1.4,SURF,True,NORMAL,31,0,0,
57996,2011-11-18 09:00:00,2.5,SURF,True,EXTREME_TYPE1,7,10,1,"(114.1, 25.0)"
59109,2011-11-19 02:00:00,5.7,SURF,True,NORMAL,11,0,0,
57996,2012-01-04 03:00:00,1.7,SURF,True,NORMAL,8,0,0,
59090,2012-01-14 08:00:00,1.9,SURF,True,NORMAL,7,0,0,
57996,2012-01-14 19:00:00,1.5,SURF,True,NORMAL,8,0,0,
59289,2012-02-28 04:00:00,5.2,SURF,True,NORMAL,52,0,0,
59096,2012-03-06 14:00:00,7.2,SURF,True,NORMAL,3,0,0,
59087,2012-03-10 05:00:00,2.3,SURF,True,EXTREME_TYPE1,9,10,10,"(113.4, 23.8);(113.4, 23.9);(113.4, 24.0);(113.5, 23.8);(113.5, 23.9);(113.5, 24.0);(113.6, 23.8);(113.6, 23.9);(113.6, 24.0);(113.7, 23.9)"
59072,2012-04-05 05:00:00,22.5,SURF,True,NORMAL,337,0,0,
59276,2012-04-05 11:00:00,1.8,SURF,True,NORMAL,19,0,0,
59500,2012-04-06 07:00:00,1.8,SURF,True,NORMAL,13,0,0,
59271,2012-04-08 19:00:00,5.5,SURF,True,NORMAL,11,0,0,
59502,2012-04-09 04:00:00,1.2,SURF,True,NORMAL,9,0,0,
59314,2012-04-09 19:00:00,6.5,SURF,True,NORMAL,31,0,0,
59081,2012-04-12 22:00:00,30.9,SURF,True,EXTREME_TYPE1,619,1,1,"(113.09, 24.8)"
59294,2012-04-13 14:00:00,20.2,SURF,True,NORMAL,2250,0,0,
59656,2012-04-18 10:00:00,93.3,SURF,True,EXTREME_TYPE1,443,1,1,"(110.64, 21.6)"
59304,2012-04-18 16:00:00,5.5,SURF,True,NORMAL,6,0,0,
59477,2012-04-19 11:00:00,27.9,SURF,True,NORMAL,877,0,0,
59477,2012-04-19 12:00:00,32.6,SURF,True,NORMAL,874,0,0,
59673,2012-04-19 13:00:00,58.1,SURF,True,NORMAL,265,0,0,
59673,2012-04-20 12:00:00,53.5,SURF,True,EXTREME_TYPE1,271,1,1,"(112.68, 21.6)"
59656,2012-04-20 17:00:00,52.6,SURF,True,NORMAL,446,0,0,
59088,2012-04-25 14:00:00,40.5,SURF,True,NORMAL,798,0,0,
59280,2012-04-27 13:00:00,68.0,SURF,True,NORMAL,1710,0,0,
59294,2012-04-27 14:00:00,10.6,SURF,True,NORMAL,11,0,0,
59650,2012-04-27 15:00:00,78.6,SURF,True,EXTREME_TYPE1,349,1,1,"(110.23, 21.6)"
59663,2012-04-27 22:00:00,54.1,SURF,True,NORMAL,541,0,0,
59492,2012-04-29 05:00:00,21.3,SURF,True,NORMAL,722,0,0,
59094,2012-05-03 06:00:00,12.6,SURF,True,NORMAL,6,0,0,
59297,2012-05-03 16:00:00,50.4,SURF,True,EXTREME_TYPE1,1347,1,1,"(114.32, 23.2)"
59290,2012-05-04 20:00:00,55.7,SURF,True,EXTREME_TYPE1,772,1,1,"(114.32, 23.6)"
59288,2012-05-05 08:00:00,4.9,SURF,True,NORMAL,39,0,0,
59303,2012-05-06 09:00:00,23.6,SURF,True,EXTREME_TYPE1,859,1,1,"(115.95, 24.0)"
59312,2012-05-10 16:00:00,9.1,SURF,True,NORMAL,10,0,0,
59264,2012-05-14 19:00:00,31.6,SURF,True,NORMAL,453,0,0,
59304,2012-05-16 20:00:00,34.3,SURF,True,EXTREME_TYPE1,582,1,1,"(115.14, 23.6)"
59310,2012-05-18 01:00:00,41.5,SURF,True,EXTREME_TYPE1,918,1,1,"(116.36, 23.6)"
59487,2012-05-18 08:00:00,25.9,SURF,True,NORMAL,1783,0,0,
59502,2012-05-18 11:00:00,9.7,SURF,True,NORMAL,10,0,0,
59288,2012-05-18 12:00:00,30.0,SURF,True,NORMAL,2471,0,0,
59097,2012-05-18 15:00:00,32.5,SURF,True,NORMAL,579,0,0,
59485,2012-05-20 20:00:00,25.2,SURF,True,EXTREME_TYPE1,1764,1,1,"(113.5, 22.4)"
59278,2012-05-20 21:00:00,56.5,SURF,True,EXTREME_TYPE1,1953,1,1,"(112.68, 22.8)"
59654,2012-05-21 15:00:00,36.4,SURF,True,EXTREME_TYPE1,334,1,1,"(110.23, 21.6)"
59655,2012-05-24 11:00:00,5.4,SURF,True,NORMAL,5,0,0,
59659,2012-05-27 18:00:00,3.3,SURF,True,NORMAL,10,0,0,
59114,2012-05-28 03:00:00,7.4,SURF,True,NORMAL,9,0,0,
59654,2012-05-28 04:00:00,20.0,SURF,True,EXTREME_TYPE1,340,1,1,"(110.23, 21.6)"
59269,2012-05-31 00:00:00,32.5,SURF,True,EXTREME_TYPE1,735,1,1,"(111.86, 23.2)"
59754,2012-05-31 16:00:00,43.5,SURF,True,EXTREME_TYPE1,142,1,1,"(110.23, 20.4)"
59754,2012-05-31 17:00:00,17.0,SURF,True,EXTREME_TYPE1,8,3,3,"(110.1, 20.4);(110.2, 20.3);(110.2, 20.4)"
59654,2012-06-08 10:00:00,22.1,SURF,True,EXTREME_TYPE1,344,1,1,"(110.23, 21.6)"
59317,2012-06-10 09:00:00,16.0,SURF,True,EXTREME_TYPE1,15,9,9,"(116.2, 22.9);(116.2, 23.0);(116.2, 23.1);(116.3, 22.9);(116.3, 23.0);(116.3, 23.1);(116.4, 22.9);(116.4, 23.0);(116.4, 23.1)"
59487,2012-06-12 19:00:00,8.6,SURF,True,NORMAL,25,0,0,
59285,2012-06-13 18:00:00,58.9,SURF,True,EXTREME_TYPE1,1823,1,1,"(113.5, 23.6)"
59501,2012-06-16 18:00:00,25.0,SURF,True,NORMAL,383,0,0,
59502,2012-06-16 18:00:00,5.4,SURF,True,NORMAL,10,0,0,
59319,2012-06-17 08:00:00,34.5,SURF,True,NORMAL,696,0,0,
59310,2012-06-18 14:00:00,8.3,SURF,True,EXTREME_TYPE1,8,12,9,"(116.0, 23.7);(116.1, 23.7);(116.1, 23.8);(116.2, 23.6);(116.2, 23.7);(116.2, 23.8);(116.2, 23.9);(116.3, 23.7);(116.3, 23.8)"
59099,2012-06-21 12:00:00,34.0,SURF,True,EXTREME_TYPE1,480,1,1,"(115.14, 24.4)"
59289,2012-06-21 16:00:00,10.3,SURF,True,NORMAL,53,0,0,
59075,2012-06-22 19:00:00,58.2,SURF,True,EXTREME_TYPE1,577,1,1,"(112.68, 24.4)"
59294,2012-06-23 06:00:00,19.8,SURF,True,NORMAL,11,0,0,
59478,2012-06-24 07:00:00,21.4,SURF,True,NORMAL,1264,0,0,
59287,2012-06-30 13:00:00,1.1,SURF,True,NORMAL,29,0,0,
59109,2012-07-17 15:00:00,21.4,SURF,True,EXTREME_TYPE1,689,1,1,"(115.55, 24.0)"
59653,2012-07-22 15:00:00,53.8,SURF,True,EXTREME_TYPE1,576,1,1,"(111.05, 22.0)"
59462,2012-07-24 10:00:00,34.0,SURF,True,NORMAL,584,0,0,
59656,2012-07-24 19:00:00,6.4,SURF,True,NORMAL,7,0,0,
59673,2012-07-25 19:00:00,79.3,SURF,True,EXTREME_TYPE1,270,1,1,"(112.68, 21.6)"
59485,2012-07-27 06:00:00,27.5,SURF,True,EXTREME_TYPE1,1785,1,1,"(113.5, 22.4)"
59280,2012-07-28 19:00:00,6.2,SURF,True,EXTREME_TYPE1,6,9,9,"(112.9, 23.7);(113.0, 23.6);(113.0, 23.7);(113.0, 23.8);(113.1, 23.6);(113.1, 23.7);(113.2, 23.6);(113.2, 23.7);(113.2, 23.8)"
59500,2012-08-07 14:00:00,21.7,SURF,True,EXTREME_TYPE1,640,1,1,"(115.14, 23.2)"
59663,2012-08-08 22:00:00,32.2,SURF,True,EXTREME_TYPE1,565,1,1,"(111.86, 22.0)"
59481,2012-08-10 19:00:00,32.6,SURF,True,EXTREME_TYPE1,2729,1,1,"(113.5, 22.8)"
59284,2012-08-11 14:00:00,30.4,SURF,True,EXTREME_TYPE1,1617,1,1,"(113.09, 23.6)"
59485,2012-08-12 05:00:00,12.5,SURF,True,NORMAL,41,0,0,
59297,2012-08-12 19:00:00,59.0,SURF,True,EXTREME_TYPE1,1343,1,1,"(114.32, 23.2)"
59280,2012-08-13 04:00:00,36.6,SURF,True,EXTREME_TYPE1,1689,1,1,"(113.09, 23.6)"
59477,2012-08-13 17:00:00,58.5,SURF,True,EXTREME_TYPE1,882,1,1,"(112.27, 22.4)"
59476,2012-08-14 17:00:00,1.8,SURF,True,FALSE,38,12,0,
59658,2012-08-16 16:00:00,81.3,SURF,True,NORMAL,316,0,0,
59673,2012-08-17 09:00:00,6.0,SURF,True,NORMAL,0,0,0,
59664,2012-08-17 12:00:00,12.5,SURF,True,NORMAL,10,0,0,
59306,2012-08-18 13:00:00,30.6,SURF,True,EXTREME_TYPE1,936,1,1,"(115.95, 23.6)"
59096,2012-08-20 16:00:00,43.1,SURF,True,EXTREME_TYPE3,538,1,1,"(114.32, 24.4)"
59106,2012-08-20 19:00:00,72.5,SURF,True,EXTREME_TYPE1,579,1,1,"(115.95, 24.4)"
59287,2012-08-22 15:00:00,33.5,SURF,True,EXTREME_TYPE1,2469,1,1,"(113.5, 23.2)"
59654,2012-08-22 16:00:00,30.5,SURF,True,EXTREME_TYPE1,349,1,1,"(110.23, 21.6)"
59664,2012-08-23 15:00:00,50.7,SURF,True,EXTREME_TYPE1,520,1,1,"(111.05, 21.6)"
59754,2012-08-31 13:00:00,80.2,SURF,True,EXTREME_TYPE4,145,1,1,"(110.23, 20.4)"
59294,2012-09-01 17:00:00,12.7,SURF,True,EXTREME_TYPE1,11,13,13,"(113.7, 23.2);(113.7, 23.3);(113.7, 23.4);(113.8, 23.2);(113.8, 23.3);(113.8, 23.4);(113.8, 23.5);(113.9, 23.2);(113.9, 23.3);(113.9, 23.4);(113.9, 23.5);(114.0, 23.3);(114.0, 23.4)"
59473,2012-09-03 23:00:00,53.2,SURF,True,EXTREME_TYPE1,2469,1,1,"(113.09, 22.8)"
59481,2012-09-04 17:00:00,55.2,SURF,True,EXTREME_TYPE1,2722,1,1,"(113.5, 22.8)"
59475,2012-09-05 14:00:00,16.9,SURF,True,EXTREME_TYPE1,17,12,12,"(112.5, 22.3);(112.5, 22.4);(112.5, 22.5);(112.6, 22.3);(112.6, 22.4);(112.6, 22.5);(112.7, 22.3);(112.7, 22.4);(112.7, 22.5);(112.8, 22.3);(112.8, 22.4);(112.8, 22.5)"
59650,2012-09-07 05:00:00,8.4,SURF,True,NORMAL,6,0,0,
59658,2012-09-10 07:00:00,5.8,SURF,True,FALSE,8,9,0,
59090,2012-09-13 08:00:00,39.6,SURF,True,EXTREME_TYPE1,484,1,1,"(113.91, 24.8)"
59114,2012-09-24 04:00:00,2.4,SURF,True,EXTREME_TYPE1,9,12,12,"(116.0, 24.6);(116.0, 24.7);(116.1, 24.5);(116.1, 24.6);(116.1, 24.7);(116.1, 24.8);(116.2, 24.5);(116.2, 24.6);(116.2, 24.7);(116.2, 24.8);(116.3, 24.6);(116.3, 24.7)"
59289,2012-09-24 18:00:00,40.4,SURF,True,EXTREME_TYPE1,2168,1,1,"(113.91, 22.8)"
59673,2012-09-25 13:00:00,6.3,SURF,True,FALSE,0,0,0,
59655,2012-10-30 00:00:00,56.4,SURF,True,EXTREME_TYPE1,460,1,1,"(110.64, 21.6)"
59655,2012-10-30 01:00:00,67.6,SURF,True,EXTREME_TYPE1,461,1,1,"(110.64, 21.6)"
59664,2012-10-30 04:00:00,52.2,SURF,True,NORMAL,520,0,0,
59663,2012-10-30 08:00:00,35.2,SURF,True,NORMAL,580,0,0,
59478,2012-10-30 17:00:00,1.8,SURF,True,NORMAL,13,0,0,
59663,2012-10-30 20:00:00,1.2,SURF,True,NORMAL,8,0,0,
59287,2012-11-21 02:00:00,2.5,SURF,True,NORMAL,29,0,0,
59094,2012-11-23 01:00:00,5.0,SURF,True,NORMAL,6,0,0,
57988,2012-11-26 02:00:00,3.4,SURF,True,NORMAL,10,0,0,
59088,2012-11-26 08:00:00,5.9,SURF,True,NORMAL,9,0,0,
59280,2012-11-28 13:00:00,5.0,SURF,True,NORMAL,6,0,0,
59304,2012-11-30 02:00:00,1.0,SURF,True,NORMAL,6,0,0,
59107,2012-11-30 09:00:00,28.0,SURF,True,EXTREME_TYPE1,631,1,1,"(115.14, 24.0)"
59285,2012-11-30 14:00:00,10.4,SURF,True,NORMAL,18,0,0,
59313,2012-12-04 21:00:00,3.0,SURF,True,NORMAL,8,0,0,
59279,2013-03-24 10:00:00,6.8,SURF,True,NORMAL,40,0,0,
59090,2013-03-26 12:00:00,7.8,SURF,True,NORMAL,13,0,0,
59271,2013-03-26 14:00:00,22.0,SURF,True,NORMAL,806,0,0,
59493,2013-03-26 17:00:00,33.2,SURF,True,EXTREME_TYPE1,1389,1,1,"(113.91, 22.4)"
59289,2013-03-26 20:00:00,1.3,SURF,True,NORMAL,53,0,0,
59290,2013-03-28 05:00:00,15.7,SURF,True,NORMAL,7,0,0,
59288,2013-03-28 06:00:00,31.9,SURF,True,EXTREME_TYPE1,2472,1,1,"(113.09, 23.2)"
59304,2013-03-28 10:00:00,25.4,SURF,True,EXTREME_TYPE1,601,1,1,"(115.14, 23.6)"
59462,2013-03-30 08:00:00,18.5,SURF,True,NORMAL,12,0,0,
59471,2013-03-30 15:00:00,8.0,SURF,True,NORMAL,10,0,0,
59650,2013-03-30 15:00:00,66.4,SURF,True,NORMAL,547,0,0,
59293,2013-03-30 17:00:00,11.7,SURF,True,NORMAL,8,0,0,
59290,2013-04-02 09:00:00,1.6,SURF,True,NORMAL,6,0,0,
59107,2013-04-05 10:00:00,24.5,SURF,True,NORMAL,642,0,0,
59109,2013-04-05 16:00:00,8.3,SURF,True,NORMAL,11,0,0,
59278,2013-04-09 06:00:00,12.5,SURF,True,NORMAL,16,0,0,
59470,2013-04-10 03:00:00,1.0,SURF,True,NORMAL,12,0,0,
59116,2013-04-19 11:00:00,5.2,SURF,True,NORMAL,7,0,0,
59481,2013-04-20 20:00:00,53.0,SURF,True,NORMAL,2776,0,0,
59500,2013-04-25 21:00:00,33.7,SURF,True,NORMAL,595,0,0,
59653,2013-04-25 21:00:00,22.7,SURF,True,NORMAL,745,0,0,
59279,2013-04-30 13:00:00,26.7,SURF,True,NORMAL,1755,0,0,
59293,2013-05-04 13:00:00,1.3,SURF,True,NORMAL,8,0,0,
59655,2013-05-07 15:00:00,118.2,SURF,True,EXTREME_TYPE1,593,1,1,"(110.64, 21.6)"
59475,2013-05-08 10:00:00,10.9,SURF,True,NORMAL,18,0,0,
59475,2013-05-08 12:00:00,82.7,SURF,True,EXTREME_TYPE1,1337,1,1,"(112.68, 22.4)"
57989,2013-05-08 14:00:00,15.7,SURF,True,NORMAL,7,0,0,
59476,2013-05-08 14:00:00,54.2,SURF,True,NORMAL,1705,0,0,
59485,2013-05-08 15:00:00,55.0,SURF,True,NORMAL,1769,0,0,
59485,2013-05-08 17:00:00,31.1,SURF,True,NORMAL,1770,0,0,
59289,2013-05-08 18:00:00,55.1,SURF,True,EXTREME_TYPE1,2156,1,1,"(113.91, 22.8)"
59487,2013-05-08 19:00:00,36.1,SURF,True,NORMAL,1771,0,0,
59500,2013-05-09 07:00:00,63.4,SURF,True,EXTREME_TYPE1,639,1,1,"(115.14, 23.2)"
59663,2013-05-10 08:00:00,57.5,SURF,True,EXTREME_TYPE1,622,1,1,"(111.86, 22.0)"
59290,2013-05-11 02:00:00,7.7,SURF,True,EXTREME_TYPE1,7,7,7,"(114.1, 23.7);(114.1, 23.8);(114.2, 23.7);(114.3, 23.7);(114.3, 23.9);(114.4, 23.7);(114.4, 23.8)"
59290,2013-05-15 11:00:00,16.7,SURF,True,NORMAL,7,0,0,
59087,2013-05-15 21:00:00,53.5,SURF,True,EXTREME_TYPE1,890,1,1,"(113.5, 24.0)"
59087,2013-05-15 22:00:00,60.6,SURF,True,EXTREME_TYPE1,887,1,1,"(113.5, 24.0)"
57989,2013-05-16 03:00:00,21.7,SURF,True,NORMAL,485,0,0,
59099,2013-05-16 08:00:00,52.6,SURF,True,NORMAL,470,0,0,
59096,2013-05-16 09:00:00,5.6,SURF,True,NORMAL,3,0,0,
59099,2013-05-16 11:00:00,5.9,SURF,True,NORMAL,8,0,0,
59313,2013-05-16 12:00:00,54.3,SURF,True,EXTREME_TYPE1,492,1,1,"(117.18, 23.6)"
59314,2013-05-16 16:00:00,62.8,SURF,True,NORMAL,960,0,0,
59313,2013-05-16 17:00:00,64.5,SURF,True,NORMAL,486,0,0,
59287,2013-05-17 04:00:00,9.2,SURF,True,EXTREME_TYPE1,21,10,10,"(113.3, 23.2);(113.4, 23.1);(113.4, 23.2);(113.4, 23.3);(113.5, 23.1);(113.5, 23.2);(113.5, 23.3);(113.6, 23.1);(113.6, 23.2);(113.6, 23.3)"
59298,2013-05-17 08:00:00,5.9,SURF,True,NORMAL,14,0,0,
59471,2013-05-19 22:00:00,1.7,SURF,True,NORMAL,11,0,0,
59279,2013-05-20 16:00:00,8.5,SURF,True,NORMAL,41,0,0,
59288,2013-05-20 17:00:00,81.1,SURF,True,NORMAL,2418,0,0,
59487,2013-05-21 11:00:00,15.9,SURF,True,NORMAL,23,0,0,
59502,2013-05-21 14:00:00,24.2,SURF,True,NORMAL,431,0,0,
59485,2013-05-21 21:00:00,40.1,SURF,True,EXTREME_TYPE1,1769,1,1,"(113.5, 22.4)"
59290,2013-05-21 22:00:00,52.2,SURF,True,EXTREME_TYPE1,953,1,1,"(114.32, 23.6)"
59488,2013-05-22 03:00:00,68.5,SURF,True,EXTREME_TYPE1,1762,1,1,"(113.5, 22.4)"
59488,2013-05-22 12:00:00,5.1,SURF,True,EXTREME_TYPE1,4,12,11,"(113.4, 22.2);(113.4, 22.3);(113.5, 22.2);(113.5, 22.3);(113.5, 22.4);(113.6, 22.1);(113.6, 22.2);(113.6, 22.3);(113.6, 22.4);(113.7, 22.2);(113.7, 22.3)"
59072,2013-05-25 14:00:00,2.0,SURF,True,NORMAL,9,0,0,
59492,2013-05-26 09:00:00,17.8,SURF,True,EXTREME_TYPE1,7,9,7,"(114.6, 22.9);(114.6, 23.0);(114.6, 23.1);(114.7, 22.9);(114.7, 23.0);(114.7, 23.1);(114.8, 22.9)"
59314,2013-05-26 15:00:00,32.8,SURF,True,EXTREME_TYPE1,837,1,1,"(116.36, 23.2)"
59097,2013-05-27 06:00:00,59.2,SURF,True,EXTREME_TYPE1,619,1,1,"(114.32, 24.0)"
59317,2013-05-27 15:00:00,64.9,SURF,True,EXTREME_TYPE1,424,1,1,"(116.36, 22.8)"
59469,2013-06-05 08:00:00,6.6,SURF,True,NORMAL,10,0,0,
59658,2013-06-05 14:00:00,58.3,SURF,True,EXTREME_TYPE1,490,1,1,"(110.23, 21.2)"
59270,2013-06-10 02:00:00,24.0,SURF,True,NORMAL,519,0,0,
59082,2013-06-10 04:00:00,23.4,SURF,True,NORMAL,571,0,0,
59269,2013-06-10 13:00:00,12.8,SURF,True,NORMAL,9,0,0,
59487,2013-06-11 02:00:00,9.2,SURF,True,NORMAL,25,0,0,
59312,2013-06-11 10:00:00,10.9,SURF,True,NORMAL,14,0,0,
59502,2013-06-15 15:00:00,53.6,SURF,True,EXTREME_TYPE1,150,1,1,"(115.55, 22.8)"
59750,2013-06-17 01:00:00,3.3,SURF,True,FALSE,7,2,0,
G2308,2013-06-23 02:00:00,94.2,AWST,False,EXTREME_TYPE5,564,1,1,"(111.86, 22.0)"
G2308,2013-06-23 03:00:00,55.9,AWST,False,EXTREME_TYPE4,562,1,1,"(111.86, 22.0)"
G2308,2013-06-23 04:00:00,188.0,AWST,False,FALSE,563,1,0,
59487,2013-06-24 12:00:00,56.3,SURF,True,NORMAL,1618,0,0,
59456,2013-06-24 14:00:00,39.7,SURF,True,EXTREME_TYPE1,531,1,1,"(111.05, 22.4)"
59284,2013-06-25 04:00:00,43.6,SURF,True,EXTREME_TYPE1,1642,1,1,"(113.09, 23.6)"
59673,2013-07-02 05:00:00,8.9,SURF,True,FALSE,0,0,0,
59754,2013-07-02 06:00:00,54.5,SURF,True,NORMAL,169,0,0,
59659,2013-07-15 08:00:00,52.8,SURF,True,EXTREME_TYPE1,624,1,1,"(111.05, 21.6)"
59659,2013-07-15 09:00:00,102.5,SURF,True,EXTREME_TYPE1,624,1,1,"(111.05, 21.6)"
59269,2013-07-16 16:00:00,32.0,SURF,True,NORMAL,753,0,0,
59480,2013-07-17 14:00:00,33.4,SURF,True,EXTREME_TYPE1,2527,1,1,"(113.09, 22.8)"
59658,2013-07-25 04:00:00,16.4,SURF,True,FALSE,13,9,0,
59754,2013-07-25 10:00:00,8.1,SURF,True,EXTREME_TYPE1,8,3,3,"(110.1, 20.4);(110.2, 20.3);(110.2, 20.4)"
59655,2013-07-25 18:00:00,22.7,SURF,True,NORMAL,627,0,0,
59655,2013-07-26 05:00:00,9.8,SURF,True,NORMAL,9,0,0,
59313,2013-07-26 19:00:00,23.1,SURF,True,NORMAL,470,0,0,
59290,2013-08-01 16:00:00,9.6,SURF,True,EXTREME_TYPE1,7,7,6,"(114.1, 23.7);(114.1, 23.8);(114.2, 23.7);(114.3, 23.7);(114.3, 23.9);(114.4, 23.8)"
59312,2013-08-02 05:00:00,8.4,SURF,True,NORMAL,14,0,0,
59114,2013-08-02 08:00:00,1.0,SURF,True,NORMAL,9,0,0,
59279,2013-08-10 23:00:00,68.4,SURF,True,EXTREME_TYPE1,1755,1,1,"(112.68, 23.2)"
59664,2013-08-13 15:00:00,19.2,SURF,True,NORMAL,8,0,0,
59317,2013-08-14 21:00:00,53.4,SURF,True,NORMAL,424,0,0,
59659,2013-08-15 00:00:00,43.5,SURF,True,NORMAL,433,0,0,
59750,2013-08-15 00:00:00,59.0,SURF,True,NORMAL,372,0,0,
59310,2013-08-15 02:00:00,10.3,SURF,True,NORMAL,8,0,0,
59754,2013-08-15 07:00:00,1.1,SURF,True,NORMAL,9,0,0,
59650,2013-08-15 13:00:00,1.8,SURF,True,NORMAL,8,0,0,
59285,2013-08-15 14:00:00,10.4,SURF,True,NORMAL,20,0,0,
59087,2013-08-15 15:00:00,41.5,SURF,True,EXTREME_TYPE1,957,1,1,"(113.5, 24.0)"
59750,2013-08-15 18:00:00,73.4,SURF,True,EXTREME_TYPE1,374,1,1,"(110.23, 20.8)"
59485,2013-08-15 23:00:00,20.3,SURF,True,NORMAL,1648,0,0,
59477,2013-08-16 02:00:00,71.9,SURF,True,EXTREME_TYPE1,816,1,1,"(112.27, 22.4)"
59109,2013-08-16 21:00:00,12.4,SURF,True,NORMAL,10,0,0,
59658,2013-08-17 04:00:00,10.9,SURF,True,NORMAL,12,0,0,
59314,2013-08-17 07:00:00,52.0,SURF,True,NORMAL,846,0,0,
59090,2013-08-17 08:00:00,6.6,SURF,True,NORMAL,9,0,0,
59318,2013-08-17 19:00:00,62.2,SURF,True,NORMAL,752,0,0,
59317,2013-08-17 21:00:00,54.6,SURF,True,NORMAL,420,0,0,
59071,2013-08-17 22:00:00,1.8,SURF,True,NORMAL,9,0,0,
59317,2013-08-18 00:00:00,90.8,SURF,True,EXTREME_TYPE1,418,1,1,"(116.36, 22.8)"
59318,2013-08-18 00:00:00,74.0,SURF,True,EXTREME_TYPE1,748,1,1,"(116.77, 23.2)"
59318,2013-08-18 01:00:00,50.4,SURF,True,NORMAL,748,0,0,
59500,2013-08-18 02:00:00,51.8,SURF,True,EXTREME_TYPE3,395,1,1,"(115.14, 23.2)"
59477,2013-08-18 03:00:00,57.1,SURF,True,EXTREME_TYPE1,827,1,1,"(112.27, 22.4)"
59072,2013-08-18 05:00:00,15.8,SURF,True,NORMAL,9,0,0,
59303,2013-08-20 19:00:00,52.1,SURF,True,EXTREME_TYPE1,860,1,1,"(115.95, 24.0)"
59656,2013-08-22 17:00:00,19.2,SURF,True,EXTREME_TYPE1,7,8,7,"(110.7, 21.3);(110.7, 21.4);(110.7, 21.5);(110.8, 21.4);(110.8, 21.5);(110.9, 21.4);(110.9, 21.5)"
59310,2013-08-23 05:00:00,43.5,SURF,True,EXTREME_TYPE1,1073,1,1,"(116.36, 23.6)"
59654,2013-08-30 20:00:00,48.3,SURF,True,EXTREME_TYPE1,434,1,1,"(110.23, 21.6)"
59488,2013-08-31 14:00:00,16.3,SURF,True,EXTREME_TYPE1,4,12,10,"(113.4, 22.2);(113.4, 22.3);(113.5, 22.2);(113.5, 22.3);(113.5, 22.4);(113.6, 22.2);(113.6, 22.3);(113.6, 22.4);(113.7, 22.3);(113.7, 22.4)"
59488,2013-08-31 15:00:00,72.6,SURF,True,EXTREME_TYPE1,1721,1,1,"(113.5, 22.4)"
59471,2013-08-31 17:00:00,50.5,SURF,True,EXTREME_TYPE1,1046,1,1,"(112.27, 22.8)"
59493,2013-08-31 17:00:00,15.1,SURF,True,NORMAL,29,0,0,
59264,2013-09-02 21:00:00,7.4,SURF,True,FALSE,2,7,0,
59294,2013-09-03 15:00:00,1.0,SURF,True,NORMAL,13,0,0,
59462,2013-09-03 17:00:00,1.0,SURF,True,NORMAL,15,0,0,
59659,2013-09-05 21:00:00,56.2,SURF,True,EXTREME_TYPE1,633,1,1,"(111.05, 21.6)"
59116,2013-09-07 21:00:00,62.4,SURF,True,EXTREME_TYPE2,391,1,1,"(116.77, 24.4)"
59096,2013-09-13 20:00:00,53.8,SURF,True,EXTREME_TYPE1,453,1,1,"(114.32, 24.4)"
59106,2013-09-13 20:00:00,55.8,SURF,True,EXTREME_TYPE1,581,1,1,"(115.95, 24.4)"
59287,2013-09-23 02:00:00,20.4,SURF,True,NORMAL,2590,0,0,
59304,2013-09-23 05:00:00,2.0,SURF,True,NORMAL,5,0,0,
59475,2013-09-23 06:00:00,11.7,SURF,True,NORMAL,17,0,0,
59754,2013-09-30 09:00:00,1.4,SURF,True,NORMAL,9,0,0,
59750,2013-11-10 21:00:00,26.1,SURF,True,NORMAL,354,0,0,
59650,2013-11-12 05:00:00,65.9,SURF,True,NORMAL,537,0,0,
59653,2013-11-12 05:00:00,51.9,SURF,True,EXTREME_TYPE1,748,1,1,"(111.05, 22.0)"
59655,2013-11-12 05:00:00,51.1,SURF,True,NORMAL,644,0,0,
59653,2013-11-12 06:00:00,66.8,SURF,True,NORMAL,747,0,0,
59659,2013-11-12 07:00:00,74.9,SURF,True,NORMAL,636,0,0,
59276,2013-11-12 13:00:00,5.5,SURF,True,NORMAL,21,0,0,
59278,2013-11-14 11:00:00,1.6,SURF,True,NORMAL,15,0,0,
59075,2013-12-15 23:00:00,8.6,SURF,True,NORMAL,0,0,0,
57988,2013-12-16 09:00:00,7.1,SURF,True,NORMAL,10,0,0,
59659,2013-12-16 11:00:00,9.8,SURF,True,NORMAL,12,0,0,
59284,2013-12-17 12:00:00,1.0,SURF,True,NORMAL,19,0,0,
59072,2014-02-09 04:00:00,5.1,SURF,True,NORMAL,1,0,0,
59290,2014-02-13 09:00:00,1.9,SURF,True,NORMAL,7,0,0,
59072,2014-02-22 15:00:00,1.6,SURF,True,FALSE,1,9,0,
59289,2014-03-09 09:00:00,1.0,SURF,True,NORMAL,52,0,0,
59310,2014-03-10 07:00:00,2.2,SURF,True,NORMAL,9,0,0,
59293,2014-03-10 09:00:00,4.1,SURF,True,NORMAL,8,0,0,
59310,2014-03-11 11:00:00,8.4,SURF,True,NORMAL,9,0,0,
59480,2014-03-30 07:00:00,51.0,SURF,True,NORMAL,2273,0,0,
59297,2014-03-30 14:00:00,26.3,SURF,True,NORMAL,1410,0,0,
59114,2014-03-30 17:00:00,16.1,SURF,True,NORMAL,9,0,0,
59088,2014-03-31 06:00:00,26.8,SURF,True,NORMAL,724,0,0,
59287,2014-03-31 08:00:00,27.6,SURF,True,NORMAL,2381,0,0,
59477,2014-03-31 09:00:00,52.0,SURF,True,NORMAL,931,0,0,
59306,2014-04-02 08:00:00,7.0,SURF,True,NORMAL,21,0,0,
59476,2014-04-02 08:00:00,6.1,SURF,True,NORMAL,37,0,0,
59271,2014-04-03 01:00:00,14.7,SURF,True,NORMAL,14,0,0,
59285,2014-04-03 03:00:00,9.0,SURF,True,NORMAL,19,0,0,
59289,2014-04-03 03:00:00,29.4,SURF,True,NORMAL,2131,0,0,
59314,2014-04-03 04:00:00,5.3,SURF,True,NORMAL,33,0,0,
59655,2014-04-06 10:00:00,54.1,SURF,True,EXTREME_TYPE1,405,1,1,"(110.64, 21.6)"
59655,2014-04-06 11:00:00,20.7,SURF,True,NORMAL,405,0,0,
59659,2014-04-06 11:00:00,44.1,SURF,True,NORMAL,530,0,0,
59072,2014-04-22 00:00:00,5.8,SURF,True,NORMAL,3,0,0,
59656,2014-04-30 20:00:00,27.0,SURF,True,NORMAL,410,0,0,
59664,2014-04-30 20:00:00,61.5,SURF,True,EXTREME_TYPE1,535,1,1,"(111.05, 21.6)"
59280,2014-05-04 21:00:00,4.5,SURF,True,NORMAL,2,0,0,
59462,2014-05-05 20:00:00,1.0,SURF,True,NORMAL,16,0,0,
59475,2014-05-08 19:00:00,54.8,SURF,True,NORMAL,1348,0,0,
59473,2014-05-08 20:00:00,11.5,SURF,True,NORMAL,46,0,0,
59485,2014-05-08 21:00:00,72.3,SURF,True,NORMAL,1690,0,0,
59488,2014-05-09 08:00:00,3.8,SURF,True,NORMAL,4,0,0,
59493,2014-05-09 11:00:00,5.1,SURF,True,NORMAL,29,0,0,
59673,2014-05-09 15:00:00,3.1,SURF,True,NORMAL,0,0,0,
59493,2014-05-11 10:00:00,34.3,SURF,True,NORMAL,1261,0,0,
59488,2014-05-11 19:00:00,55.5,SURF,True,EXTREME_TYPE1,1658,1,1,"(113.5, 22.4)"
59318,2014-05-12 00:00:00,25.2,SURF,True,NORMAL,780,0,0,
59654,2014-05-15 15:00:00,57.5,SURF,True,EXTREME_TYPE4,228,1,1,"(110.23, 21.6)"
59500,2014-05-16 06:00:00,51.7,SURF,True,EXTREME_TYPE1,730,1,1,"(115.14, 23.2)"
59096,2014-05-16 16:00:00,13.1,SURF,True,NORMAL,3,0,0,
59082,2014-05-17 11:00:00,20.8,SURF,True,NORMAL,572,0,0,
59087,2014-05-17 14:00:00,66.0,SURF,True,NORMAL,736,0,0,
59072,2014-05-18 06:00:00,60.4,SURF,True,EXTREME_TYPE2,210,1,1,"(112.27, 24.8)"
59500,2014-05-18 14:00:00,72.1,SURF,True,EXTREME_TYPE1,688,1,1,"(115.14, 23.2)"
59500,2014-05-18 15:00:00,82.5,SURF,True,EXTREME_TYPE1,687,1,1,"(115.14, 23.2)"
59500,2014-05-18 16:00:00,76.9,SURF,True,EXTREME_TYPE1,685,1,1,"(115.14, 23.2)"
59088,2014-05-18 18:00:00,31.9,SURF,True,NORMAL,672,0,0,
59500,2014-05-19 15:00:00,8.6,SURF,True,FALSE,2,10,0,
59290,2014-05-19 18:00:00,28.5,SURF,True,EXTREME_TYPE1,1064,1,1,"(114.32, 23.6)"
59313,2014-05-22 13:00:00,17.0,SURF,True,NORMAL,9,0,0,
59072,2014-05-23 01:00:00,6.4,SURF,True,NORMAL,3,0,0,
59285,2014-05-23 06:00:00,5.2,SURF,True,NORMAL,21,0,0,
59088,2014-05-23 10:00:00,25.8,SURF,True,NORMAL,715,0,0,
59285,2014-05-23 11:00:00,66.3,SURF,True,NORMAL,1561,0,0,
59284,2014-05-25 20:00:00,57.9,SURF,True,EXTREME_TYPE2,1375,1,1,"(113.09, 23.6)"
59071,2014-05-28 18:00:00,50.1,SURF,True,EXTREME_TYPE1,210,1,1,"(112.27, 24.8)"
59087,2014-06-03 06:00:00,24.1,SURF,True,NORMAL,916,0,0,
59081,2014-06-03 13:00:00,21.3,SURF,True,EXTREME_TYPE1,736,1,1,"(113.09, 24.8)"
59276,2014-06-05 18:00:00,1.9,SURF,True,NORMAL,22,0,0,
59287,2014-06-05 18:00:00,53.6,SURF,True,EXTREME_TYPE1,2121,1,1,"(113.5, 23.2)"
59456,2014-06-07 02:00:00,17.7,SURF,True,NORMAL,15,0,0,
59317,2014-06-16 02:00:00,74.8,SURF,True,EXTREME_TYPE1,476,1,1,"(116.36, 22.8)"
59087,2014-06-17 11:00:00,9.2,SURF,True,NORMAL,10,0,0,
59500,2014-06-18 06:00:00,63.9,SURF,True,EXTREME_TYPE3,774,1,1,"(115.14, 23.2)"
59082,2014-06-20 03:00:00,10.9,SURF,True,NORMAL,11,0,0,
59306,2014-06-21 04:00:00,15.3,SURF,True,NORMAL,21,0,0,
59478,2014-06-21 19:00:00,58.2,SURF,True,EXTREME_TYPE1,1238,1,1,"(112.68, 22.4)"
59502,2014-06-21 22:00:00,25.0,SURF,True,EXTREME_TYPE1,413,1,1,"(115.55, 22.8)"
59096,2014-06-22 04:00:00,6.5,SURF,True,EXTREME_TYPE1,3,5,5,"(114.3, 24.4);(114.4, 24.3);(114.4, 24.4);(114.5, 24.3);(114.6, 24.4)"
59501,2014-06-22 09:00:00,5.5,SURF,True,NORMAL,15,0,0,
59473,2014-06-23 19:00:00,7.7,SURF,True,NORMAL,46,0,0,
59658,2014-06-24 19:00:00,32.9,SURF,True,EXTREME_TYPE1,100,1,1,"(110.23, 21.2)"
59500,2014-06-26 03:00:00,28.1,SURF,True,EXTREME_TYPE1,755,1,1,"(115.14, 23.2)"
59500,2014-06-26 05:00:00,25.2,SURF,True,NORMAL,755,0,0,
59501,2014-06-26 05:00:00,5.4,SURF,True,NORMAL,15,0,0,
59650,2014-06-30 07:00:00,3.8,SURF,True,EXTREME_TYPE1,10,11,11,"(110.1, 21.3);(110.1, 21.4);(110.2, 21.3);(110.2, 21.4);(110.2, 21.5);(110.3, 21.3);(110.3, 21.4);(110.3, 21.5);(110.4, 21.3);(110.4, 21.4);(110.4, 21.5)"
59303,2014-07-01 15:00:00,5.3,SURF,True,NORMAL,11,0,0,
59315,2014-07-03 18:00:00,41.8,SURF,True,FALSE,1226,1,0,
59493,2014-07-07 06:00:00,64.3,SURF,True,EXTREME_TYPE1,1666,1,1,"(113.91, 22.4)"
57996,2014-07-07 20:00:00,28.2,SURF,True,EXTREME_TYPE1,324,1,1,"(114.32, 25.2)"
59097,2014-07-08 02:00:00,50.4,SURF,True,EXTREME_TYPE1,743,1,1,"(114.32, 24.0)"
59285,2014-07-08 19:00:00,59.8,SURF,True,EXTREME_TYPE1,2159,1,1,"(113.5, 23.6)"
59469,2014-07-15 13:00:00,5.0,SURF,True,FALSE,11,10,0,
59471,2014-07-17 18:00:00,11.4,SURF,True,NORMAL,13,0,0,
59303,2014-07-18 09:00:00,9.4,SURF,True,NORMAL,11,0,0,
59303,2014-07-18 14:00:00,2.6,SURF,True,NORMAL,11,0,0,
59658,2014-07-18 19:00:00,18.1,SURF,True,NORMAL,13,0,0,
59754,2014-07-18 23:00:00,15.1,SURF,True,NORMAL,3,0,0,
59754,2014-07-19 01:00:00,43.5,SURF,True,NORMAL,99,0,0,
59500,2014-07-19 11:00:00,17.5,SURF,True,EXTREME_TYPE1,15,10,10,"(115.2, 22.9);(115.2, 23.0);(115.2, 23.1);(115.3, 22.9);(115.3, 23.0);(115.3, 23.1);(115.4, 22.9);(115.4, 23.0);(115.4, 23.1);(115.5, 23.0)"
59750,2014-07-20 17:00:00,13.5,SURF,True,NORMAL,7,0,0,
59074,2014-07-21 17:00:00,1.5,SURF,True,NORMAL,16,0,0,
59318,2014-07-23 20:00:00,71.0,SURF,True,NORMAL,793,0,0,
59475,2014-07-25 01:00:00,43.9,SURF,True,EXTREME_TYPE1,1556,1,1,"(112.68, 22.4)"
59268,2014-08-02 19:00:00,59.9,SURF,True,EXTREME_TYPE1,562,1,1,"(111.45, 23.2)"
59289,2014-08-02 22:00:00,72.5,SURF,True,EXTREME_TYPE1,2611,1,1,"(113.91, 22.8)"
59271,2014-08-04 01:00:00,60.6,SURF,True,EXTREME_TYPE1,945,1,1,"(112.27, 23.6)"
59276,2014-08-06 12:00:00,11.7,SURF,True,EXTREME_TYPE1,22,12,11,"(112.5, 23.4);(112.6, 23.2);(112.6, 23.3);(112.6, 23.4);(112.6, 23.5);(112.7, 23.2);(112.7, 23.3);(112.7, 23.4);(112.7, 23.5);(112.8, 23.3);(112.8, 23.4)"
59287,2014-08-07 02:00:00,56.1,SURF,True,EXTREME_TYPE1,3086,1,1,"(113.5, 23.2)"
59316,2014-08-12 17:00:00,90.8,SURF,True,EXTREME_TYPE1,786,1,1,"(116.77, 23.2)"
59107,2014-08-12 19:00:00,1.2,SURF,True,NORMAL,11,0,0,
59269,2014-08-12 19:00:00,54.3,SURF,True,EXTREME_TYPE1,875,1,1,"(111.86, 23.2)"
59107,2014-08-12 20:00:00,28.2,SURF,True,EXTREME_TYPE1,679,1,1,"(115.14, 24.0)"
59071,2014-08-12 23:00:00,35.2,SURF,True,NORMAL,430,0,0,
59284,2014-08-12 23:00:00,61.7,SURF,True,EXTREME_TYPE1,2087,1,1,"(113.09, 23.6)"
59278,2014-08-13 14:00:00,17.4,SURF,True,EXTREME_TYPE1,24,10,9,"(112.3, 23.0);(112.4, 22.9);(112.4, 23.0);(112.4, 23.1);(112.5, 22.9);(112.5, 23.0);(112.5, 23.1);(112.6, 23.0);(112.6, 23.1)"
59288,2014-08-13 14:00:00,18.8,SURF,True,NORMAL,51,0,0,
57996,2014-08-13 18:00:00,21.2,SURF,True,NORMAL,209,0,0,
59087,2014-08-14 06:00:00,50.7,SURF,True,EXTREME_TYPE1,1084,1,1,"(113.5, 24.0)"
59285,2014-08-14 13:00:00,16.1,SURF,True,EXTREME_TYPE1,20,10,10,"(113.5, 23.5);(113.5, 23.6);(113.5, 23.7);(113.6, 23.5);(113.6, 23.6);(113.6, 23.7);(113.7, 23.5);(113.7, 23.6);(113.7, 23.7);(113.8, 23.6)"
59318,2014-08-19 02:00:00,25.9,SURF,True,EXTREME_TYPE1,713,1,1,"(116.77, 23.2)"
59655,2014-08-19 13:00:00,68.7,SURF,True,EXTREME_TYPE1,684,1,1,"(110.64, 21.6)"
59117,2014-08-19 15:00:00,20.6,SURF,True,NORMAL,714,0,0,
59106,2014-08-19 18:00:00,1.2,SURF,True,NORMAL,12,0,0,
59673,2014-08-20 04:00:00,38.5,SURF,True,NORMAL,274,0,0,
59488,2014-08-22 04:00:00,55.4,SURF,True,EXTREME_TYPE2,2032,1,1,"(113.5, 22.4)"
59276,2014-08-22 20:00:00,7.0,SURF,True,EXTREME_TYPE1,22,12,11,"(112.5, 23.3);(112.5, 23.4);(112.6, 23.2);(112.6, 23.3);(112.6, 23.4);(112.6, 23.5);(112.7, 23.2);(112.7, 23.3);(112.7, 23.4);(112.7, 23.5);(112.8, 23.4)"
59074,2014-08-23 17:00:00,1.9,SURF,True,EXTREME_TYPE1,17,5,5,"(112.1, 24.6);(112.1, 24.7);(112.2, 24.5);(112.2, 24.6);(112.2, 24.7)"
59673,2014-08-27 15:00:00,28.2,SURF,True,EXTREME_TYPE1,274,1,1,"(112.68, 21.6)"
59094,2014-08-30 17:00:00,8.4,SURF,True,EXTREME_TYPE1,9,12,12,"(114.0, 24.3);(114.0, 24.4);(114.1, 24.2);(114.1, 24.3);(114.1, 24.4);(114.1, 24.5);(114.2, 24.2);(114.2, 24.3);(114.2, 24.4);(114.2, 24.5);(114.3, 24.3);(114.3, 24.4)"
59654,2014-08-31 13:00:00,16.0,SURF,True,EXTREME_TYPE1,11,8,8,"(110.2, 21.5);(110.2, 21.7);(110.3, 21.5);(110.3, 21.6);(110.3, 21.7);(110.4, 21.5);(110.4, 21.6);(110.4, 21.7)"
59750,2014-09-03 15:00:00,39.5,SURF,True,EXTREME_TYPE1,376,1,1,"(110.23, 20.8)"
59303,2014-09-04 19:00:00,57.2,SURF,True,EXTREME_TYPE1,1068,1,1,"(115.95, 24.0)"
59117,2014-09-04 20:00:00,3.5,SURF,True,EXTREME_TYPE1,14,11,11,"(115.9, 24.2);(115.9, 24.3);(116.0, 24.2);(116.0, 24.3);(116.0, 24.4);(116.1, 24.2);(116.1, 24.3);(116.1, 24.4);(116.2, 24.2);(116.2, 24.3);(116.2, 24.4)"
59500,2014-09-08 14:00:00,12.8,SURF,True,EXTREME_TYPE1,15,10,7,"(115.3, 22.9);(115.3, 23.0);(115.3, 23.1);(115.4, 22.9);(115.4, 23.0);(115.4, 23.1);(115.5, 23.0)"
59478,2014-09-12 14:00:00,32.4,SURF,True,EXTREME_TYPE1,1590,1,1,"(112.68, 22.4)"
59477,2014-09-15 20:00:00,11.6,SURF,True,NORMAL,18,0,0,
59656,2014-09-15 21:00:00,12.3,SURF,True,NORMAL,8,0,0,
59276,2014-09-15 23:00:00,11.8,SURF,True,NORMAL,22,0,0,
59072,2014-09-16 16:00:00,1.8,SURF,True,NORMAL,11,0,0,
59310,2014-09-24 18:00:00,52.9,SURF,True,EXTREME_TYPE1,1221,1,1,"(116.36, 23.6)"
59303,2014-09-25 02:00:00,5.2,SURF,True,EXTREME_TYPE1,11,6,2,"(115.7, 23.8);(115.8, 23.9)"
59487,2014-09-30 23:00:00,51.2,SURF,True,EXTREME_TYPE1,2041,1,1,"(113.5, 22.4)"
59487,2014-10-01 05:00:00,19.7,SURF,True,NORMAL,25,0,0,
59478,2014-10-03 08:00:00,60.3,SURF,True,EXTREME_TYPE1,919,1,1,"(112.68, 22.4)"
59303,2014-11-08 07:00:00,1.5,SURF,True,NORMAL,11,0,0,
59470,2014-12-02 22:00:00,1.2,SURF,True,NORMAL,14,0,0,
59485,2014-12-04 14:00:00,1.4,SURF,True,NORMAL,41,0,0,
59318,2014-12-25 12:00:00,5.1,SURF,True,NORMAL,26,0,0,
59654,2014-12-26 06:00:00,2.1,SURF,True,NORMAL,12,0,0,
59470,2014-12-27 19:00:00,2.6,SURF,True,NORMAL,13,0,0,
59478,2014-12-28 01:00:00,1.5,SURF,True,NORMAL,13,0,0,
59288,2015-01-12 10:00:00,4.5,SURF,True,NORMAL,56,0,0,
59289,2015-01-12 14:00:00,2.0,SURF,True,NORMAL,53,0,0,
59319,2015-01-13 17:00:00,5.2,SURF,True,NORMAL,20,0,0,
59289,2015-02-22 19:00:00,25.5,SURF,True,EXTREME_TYPE1,2779,1,1,"(113.91, 22.8)"
59673,2015-02-22 23:00:00,35.7,SURF,True,EXTREME_TYPE1,295,1,1,"(112.68, 21.6)"
59099,2015-03-16 20:00:00,1.2,SURF,True,NORMAL,9,0,0,
59478,2015-04-10 23:00:00,5.4,SURF,True,NORMAL,13,0,0,
59072,2015-04-20 02:00:00,24.4,SURF,True,NORMAL,417,0,0,
59316,2015-04-21 02:00:00,7.5,SURF,True,NORMAL,29,0,0,
57989,2015-04-28 15:00:00,40.0,SURF,True,EXTREME_TYPE1,580,1,1,"(113.91, 25.2)"
59492,2015-04-29 22:00:00,62.0,SURF,True,EXTREME_TYPE1,1002,1,1,"(114.73, 23.2)"
59462,2015-05-01 12:00:00,30.8,SURF,True,EXTREME_TYPE1,749,1,1,"(111.45, 22.8)"
59097,2015-05-03 08:00:00,56.5,SURF,True,EXTREME_TYPE1,777,1,1,"(114.32, 24.0)"
59087,2015-05-04 21:00:00,31.3,SURF,True,NORMAL,1107,0,0,
59287,2015-05-05 00:00:00,48.3,SURF,True,EXTREME_TYPE1,3341,1,1,"(113.5, 23.2)"
59470,2015-05-05 09:00:00,58.6,SURF,True,NORMAL,1465,0,0,
59471,2015-05-05 17:00:00,21.6,SURF,True,EXTREME_TYPE1,1477,1,1,"(112.27, 22.8)"
59075,2015-05-06 02:00:00,77.5,SURF,True,EXTREME_TYPE1,725,1,1,"(112.68, 24.4)"
59456,2015-05-06 08:00:00,77.6,SURF,True,EXTREME_TYPE1,598,1,1,"(111.05, 22.4)"
59087,2015-05-06 09:00:00,21.5,SURF,True,EXTREME_TYPE1,1108,1,1,"(113.5, 24.0)"
59290,2015-05-06 18:00:00,62.4,SURF,True,EXTREME_TYPE1,1163,1,1,"(114.32, 23.6)"
59476,2015-05-07 14:00:00,1.3,SURF,True,EXTREME_TYPE1,43,12,8,"(113.0, 22.5);(113.0, 22.6);(113.1, 22.4);(113.1, 22.5);(113.1, 22.6);(113.1, 22.7);(113.2, 22.5);(113.2, 22.6)"
59268,2015-05-08 13:00:00,1.0,SURF,True,NORMAL,11,0,0,
59271,2015-05-08 19:00:00,34.8,SURF,True,EXTREME_TYPE1,1005,1,1,"(112.27, 23.6)"
59290,2015-05-09 07:00:00,59.1,SURF,True,EXTREME_TYPE1,1165,1,1,"(114.32, 23.6)"
59289,2015-05-09 15:00:00,57.2,SURF,True,EXTREME_TYPE1,2794,1,1,"(113.91, 22.8)"
59270,2015-05-10 19:00:00,1.5,SURF,True,NORMAL,8,0,0,
59280,2015-05-11 05:00:00,56.5,SURF,True,EXTREME_TYPE1,2281,1,1,"(113.09, 23.6)"
59481,2015-05-11 16:00:00,51.8,SURF,True,NORMAL,3530,0,0,
59478,2015-05-11 19:00:00,41.3,SURF,True,NORMAL,1702,0,0,
59664,2015-05-11 23:00:00,58.7,SURF,True,EXTREME_TYPE1,733,1,1,"(111.05, 21.6)"
59072,2015-05-16 00:00:00,3.9,SURF,True,NORMAL,11,0,0,
59663,2015-05-16 17:00:00,51.7,SURF,True,NORMAL,698,0,0,
59656,2015-05-17 07:00:00,38.7,SURF,True,EXTREME_TYPE1,701,1,1,"(110.64, 21.6)"
59663,2015-05-17 08:00:00,59.0,SURF,True,NORMAL,697,0,0,
59673,2015-05-17 13:00:00,70.0,SURF,True,EXTREME_TYPE1,296,1,1,"(112.68, 21.6)"
59663,2015-05-18 09:00:00,61.2,SURF,True,EXTREME_TYPE1,687,1,1,"(111.86, 22.0)"
59478,2015-05-18 10:00:00,11.6,SURF,True,NORMAL,13,0,0,
59317,2015-05-20 00:00:00,58.7,SURF,True,EXTREME_TYPE1,525,1,1,"(116.36, 22.8)"
59317,2015-05-20 01:00:00,66.5,SURF,True,EXTREME_TYPE1,521,1,1,"(116.36, 22.8)"
59074,2015-05-20 03:00:00,10.3,SURF,True,NORMAL,16,0,0,
59502,2015-05-20 06:00:00,79.7,SURF,True,EXTREME_TYPE1,532,1,1,"(115.55, 22.8)"
59285,2015-05-20 10:00:00,62.7,SURF,True,NORMAL,2373,0,0,
59500,2015-05-20 10:00:00,64.6,SURF,True,EXTREME_TYPE1,799,1,1,"(115.14, 23.2)"
59502,2015-05-20 10:00:00,20.6,SURF,True,NORMAL,526,0,0,
59297,2015-05-20 11:00:00,79.9,SURF,True,EXTREME_TYPE1,1810,1,1,"(114.32, 23.2)"
59071,2015-05-20 13:00:00,34.7,SURF,True,NORMAL,440,0,0,
59289,2015-05-20 13:00:00,80.1,SURF,True,NORMAL,2817,0,0,
59072,2015-05-20 14:00:00,25.8,SURF,True,NORMAL,436,0,0,
59470,2015-05-20 18:00:00,41.8,SURF,True,NORMAL,1507,0,0,
59297,2015-05-25 19:00:00,65.4,SURF,True,EXTREME_TYPE1,1790,1,1,"(114.32, 23.2)"
59290,2015-05-26 06:00:00,33.7,SURF,True,NORMAL,1140,0,0,
59477,2015-05-26 15:00:00,1.1,SURF,True,NORMAL,20,0,0,
59264,2015-05-26 17:00:00,15.9,SURF,True,NORMAL,10,0,0,
59298,2015-05-31 14:00:00,40.4,SURF,True,EXTREME_TYPE1,1781,1,1,"(114.32, 23.2)"
59285,2015-06-01 15:00:00,34.9,SURF,True,EXTREME_TYPE1,2364,1,1,"(113.5, 23.6)"
59075,2015-06-02 17:00:00,23.9,SURF,True,EXTREME_TYPE1,718,1,1,"(112.68, 24.4)"
59462,2015-06-06 13:00:00,13.2,SURF,True,NORMAL,16,0,0,
59287,2015-06-11 15:00:00,21.2,SURF,True,EXTREME_TYPE1,3346,1,1,"(113.5, 23.2)"
59304,2015-06-11 20:00:00,4.7,SURF,True,EXTREME_TYPE1,6,1,1,"(115.0, 23.6)"
59288,2015-06-12 15:00:00,32.7,SURF,True,NORMAL,3179,0,0,
59109,2015-06-12 16:00:00,5.8,SURF,True,NORMAL,14,0,0,
59096,2015-06-12 18:00:00,26.2,SURF,True,NORMAL,658,0,0,
59279,2015-06-22 13:00:00,10.1,SURF,True,EXTREME_TYPE1,59,10,10,"(112.7, 23.2);(112.8, 23.1);(112.8, 23.2);(112.8, 23.3);(112.9, 23.1);(112.9, 23.2);(112.9, 23.3);(113.0, 23.1);(113.0, 23.2);(113.0, 23.3)"
59310,2015-06-23 07:00:00,7.3,SURF,True,EXTREME_TYPE1,11,12,12,"(116.0, 23.7);(116.0, 23.8);(116.1, 23.7);(116.1, 23.8);(116.1, 23.9);(116.2, 23.6);(116.2, 23.7);(116.2, 23.8);(116.2, 23.9);(116.3, 23.7);(116.3, 23.8);(116.3, 23.9)"
59278,2015-06-23 15:00:00,26.1,SURF,True,EXTREME_TYPE1,2597,1,1,"(112.68, 22.8)"
59117,2015-06-24 06:00:00,2.5,SURF,True,NORMAL,16,0,0,
59650,2015-07-05 05:00:00,40.8,SURF,True,EXTREME_TYPE1,609,1,1,"(110.23, 21.6)"
59664,2015-07-05 08:00:00,76.1,SURF,True,NORMAL,740,0,0,
59462,2015-07-05 18:00:00,4.4,SURF,True,EXTREME_TYPE1,16,9,9,"(111.5, 22.6);(111.5, 22.7);(111.5, 22.8);(111.6, 22.6);(111.6, 22.7);(111.6, 22.8);(111.7, 22.6);(111.7, 22.7);(111.7, 22.8)"
59312,2015-07-09 11:00:00,13.2,SURF,True,NORMAL,15,0,0,
59315,2015-07-09 12:00:00,11.4,SURF,True,NORMAL,19,0,0,
59502,2015-07-09 14:00:00,51.6,SURF,True,NORMAL,501,0,0,
59481,2015-07-10 20:00:00,3.7,SURF,True,EXTREME_TYPE1,76,12,12,"(113.2, 22.9);(113.2, 23.0);(113.3, 22.8);(113.3, 22.9);(113.3, 23.0);(113.3, 23.1);(113.4, 22.8);(113.4, 22.9);(113.4, 23.0);(113.4, 23.1);(113.5, 22.9);(113.5, 23.0)"
59754,2015-07-14 14:00:00,73.8,SURF,True,EXTREME_TYPE1,169,1,1,"(110.23, 20.4)"
59485,2015-07-16 16:00:00,60.7,SURF,True,EXTREME_TYPE1,2179,1,1,"(113.5, 22.4)"
57996,2015-07-17 19:00:00,53.2,SURF,True,EXTREME_TYPE1,309,1,1,"(114.32, 25.2)"
59287,2015-07-17 22:00:00,90.4,SURF,True,EXTREME_TYPE1,3350,1,1,"(113.5, 23.2)"
59673,2015-07-20 19:00:00,29.2,SURF,True,EXTREME_TYPE1,293,1,1,"(112.68, 21.6)"
59673,2015-07-21 03:00:00,62.2,SURF,True,EXTREME_TYPE1,284,1,1,"(112.68, 21.6)"
59673,2015-07-21 04:00:00,61.2,SURF,True,NORMAL,283,0,0,
59469,2015-07-21 12:00:00,2.5,SURF,True,NORMAL,10,0,0,
59456,2015-07-21 13:00:00,47.9,SURF,True,NORMAL,597,0,0,
59456,2015-07-21 14:00:00,72.6,SURF,True,EXTREME_TYPE1,597,1,1,"(111.05, 22.4)"
59312,2015-07-22 16:00:00,3.1,SURF,True,NORMAL,15,0,0,
59284,2015-07-22 17:00:00,21.3,SURF,True,EXTREME_TYPE1,2277,1,1,"(113.09, 23.6)"
59318,2015-07-23 04:00:00,16.7,SURF,True,NORMAL,25,0,0,
59319,2015-07-23 11:00:00,60.4,SURF,True,EXTREME_TYPE1,947,1,1,"(116.77, 23.6)"
59492,2015-07-23 12:00:00,50.8,SURF,True,EXTREME_TYPE1,1016,1,1,"(114.73, 23.2)"
59493,2015-07-24 13:00:00,9.3,SURF,True,NORMAL,58,0,0,
59500,2015-08-09 19:00:00,22.5,SURF,True,EXTREME_TYPE1,825,1,1,"(115.14, 23.2)"
59319,2015-08-11 00:00:00,8.8,SURF,True,EXTREME_TYPE1,20,11,6,"(116.6, 23.4);(116.6, 23.5);(116.6, 23.6);(116.7, 23.5);(116.7, 23.6);(116.8, 23.6)"
59279,2015-08-12 21:00:00,92.3,SURF,True,EXTREME_TYPE1,2478,1,1,"(112.68, 23.2)"
59312,2015-08-13 13:00:00,54.9,SURF,True,EXTREME_TYPE1,960,1,1,"(116.77, 23.6)"
59480,2015-08-14 13:00:00,53.9,SURF,True,EXTREME_TYPE1,3275,1,1,"(113.09, 22.8)"
59114,2015-08-14 17:00:00,64.3,SURF,True,EXTREME_TYPE1,410,1,1,"(116.36, 24.8)"
59081,2015-08-14 19:00:00,6.9,SURF,True,NORMAL,16,0,0,
59288,2015-08-14 19:00:00,5.0,SURF,True,NORMAL,61,0,0,
59106,2015-08-19 17:00:00,50.8,SURF,True,EXTREME_TYPE1,754,1,1,"(115.95, 24.4)"
59306,2015-08-27 19:00:00,55.4,SURF,True,EXTREME_TYPE1,1254,1,1,"(115.95, 23.6)"
59492,2015-08-30 14:00:00,92.3,SURF,True,EXTREME_TYPE1,1015,1,1,"(114.73, 23.2)"
59481,2015-08-30 15:00:00,5.6,SURF,True,NORMAL,80,0,0,
59304,2015-08-30 16:00:00,60.9,SURF,True,EXTREME_TYPE1,705,1,1,"(115.14, 23.6)"
59276,2015-09-01 15:00:00,21.3,SURF,True,NORMAL,2466,0,0,
59303,2015-09-01 16:00:00,6.0,SURF,True,NORMAL,10,0,0,
59655,2015-09-01 19:00:00,21.6,SURF,True,EXTREME_TYPE1,724,1,1,"(110.64, 21.6)"
59278,2015-09-03 04:00:00,10.4,SURF,True,EXTREME_TYPE1,25,10,10,"(112.3, 23.0);(112.4, 22.9);(112.4, 23.0);(112.4, 23.1);(112.5, 22.9);(112.5, 23.0);(112.5, 23.1);(112.6, 22.9);(112.6, 23.0);(112.6, 23.1)"
59493,2015-09-21 05:00:00,60.8,SURF,True,NORMAL,1733,0,0,
59493,2015-10-04 09:00:00,32.2,SURF,True,NORMAL,1733,0,0,
59658,2015-10-04 14:00:00,81.2,SURF,True,NORMAL,506,0,0,
59456,2015-10-05 02:00:00,26.9,SURF,True,NORMAL,612,0,0,
59269,2015-10-05 04:00:00,9.3,SURF,True,NORMAL,12,0,0,
59288,2015-10-05 09:00:00,60.2,SURF,True,NORMAL,3225,0,0,
59280,2015-10-05 13:00:00,59.2,SURF,True,EXTREME_TYPE1,2309,1,1,"(113.09, 23.6)"
59087,2015-10-05 14:00:00,1.5,SURF,True,NORMAL,14,0,0,
59476,2015-10-06 12:00:00,15.4,SURF,True,EXTREME_TYPE1,45,12,12,"(112.9, 22.5);(112.9, 22.6);(113.0, 22.4);(113.0, 22.5);(113.0, 22.6);(113.0, 22.7);(113.1, 22.4);(113.1, 22.5);(113.1, 22.6);(113.1, 22.7);(113.2, 22.5);(113.2, 22.6)"
59081,2015-10-06 16:00:00,1.2,SURF,True,NORMAL,16,0,0,
59653,2015-10-06 16:00:00,64.3,SURF,True,EXTREME_TYPE1,824,1,1,"(111.05, 22.0)"
59655,2015-10-06 16:00:00,60.6,SURF,True,EXTREME_TYPE1,666,1,1,"(110.64, 21.6)"
59475,2015-10-07 02:00:00,22.1,SURF,True,EXTREME_TYPE1,1706,1,1,"(112.68, 22.4)"
59663,2015-10-07 04:00:00,31.9,SURF,True,EXTREME_TYPE1,699,1,1,"(111.86, 22.0)"
59279,2015-10-07 14:00:00,10.1,SURF,True,EXTREME_TYPE1,58,10,10,"(112.7, 23.2);(112.8, 23.1);(112.8, 23.2);(112.8, 23.3);(112.9, 23.1);(112.9, 23.2);(112.9, 23.3);(113.0, 23.1);(113.0, 23.2);(113.0, 23.3)"
59081,2015-11-01 07:00:00,4.4,SURF,True,NORMAL,15,0,0,
G4507,2015-11-01 15:00:00,22.3,AWST,False,FALSE,633,1,0,
G4507,2015-11-01 17:00:00,191.2,AWST,False,FALSE,635,1,0,
59088,2015-11-10 07:00:00,2.8,SURF,True,EXTREME_TYPE1,11,10,10,"(113.3, 24.1);(113.3, 24.2);(113.3, 24.3);(113.4, 24.1);(113.4, 24.2);(113.4, 24.3);(113.5, 24.1);(113.5, 24.2);(113.5, 24.3);(113.6, 24.2)"
59650,2015-11-13 00:00:00,59.7,SURF,True,EXTREME_TYPE1,614,1,1,"(110.23, 21.6)"
59087,2015-11-13 09:00:00,6.0,SURF,True,NORMAL,14,0,0,
59493,2015-11-13 16:00:00,3.1,SURF,True,NORMAL,57,0,0,
59754,2015-11-14 05:00:00,53.7,SURF,True,EXTREME_TYPE1,223,1,1,"(110.23, 20.4)"
57988,2015-11-21 11:00:00,1.2,SURF,True,NORMAL,15,0,0,
59290,2015-12-03 11:00:00,1.3,SURF,True,NORMAL,8,0,0,
59477,2015-12-05 12:00:00,10.5,SURF,True,NORMAL,20,0,0,
59493,2015-12-05 14:00:00,1.7,SURF,True,NORMAL,57,0,0,
59082,2015-12-09 04:00:00,1.6,SURF,True,NORMAL,12,0,0,
57989,2015-12-13 10:00:00,1.1,SURF,True,NORMAL,10,0,0,
59324,2016-01-03 14:00:00,1.5,SURF,True,NORMAL,9,0,0,
59480,2016-01-05 10:00:00,13.6,SURF,True,NORMAL,73,0,0,
59289,2016-01-05 14:00:00,17.7,SURF,True,NORMAL,56,0,0,
59304,2016-01-05 17:00:00,5.4,SURF,True,NORMAL,5,0,0,
59469,2016-01-22 10:00:00,16.5,SURF,True,FALSE,11,10,0,
59289,2016-01-26 19:00:00,1.5,SURF,True,NORMAL,56,0,0,
59318,2016-01-27 12:00:00,1.1,SURF,True,NORMAL,28,0,0,
59656,2016-01-28 04:00:00,32.8,SURF,True,NORMAL,719,0,0,
59654,2016-01-28 11:00:00,13.5,SURF,True,NORMAL,11,0,0,
59653,2016-01-28 12:00:00,18.2,SURF,True,NORMAL,12,0,0,
59475,2016-01-28 21:00:00,7.1,SURF,True,NORMAL,24,0,0,
59285,2016-01-28 22:00:00,8.5,SURF,True,NORMAL,21,0,0,
59312,2016-02-01 11:00:00,3.1,SURF,True,NORMAL,15,0,0,
59289,2016-03-09 12:00:00,10.7,SURF,True,EXTREME_TYPE1,56,12,12,"(113.6, 22.9);(113.6, 23.0);(113.7, 22.8);(113.7, 22.9);(113.7, 23.0);(113.7, 23.1);(113.8, 22.8);(113.8, 22.9);(113.8, 23.0);(113.8, 23.1);(113.9, 22.9);(113.9, 23.0)"
59319,2016-03-13 04:00:00,1.3,SURF,True,NORMAL,20,0,0,
59475,2016-03-19 18:00:00,6.0,SURF,True,NORMAL,26,0,0,
59297,2016-03-21 04:00:00,22.7,SURF,True,NORMAL,1790,0,0,
59663,2016-03-21 17:00:00,6.1,SURF,True,NORMAL,8,0,0,
59485,2016-03-24 07:00:00,4.7,SURF,True,NORMAL,41,0,0,
59293,2016-04-04 12:00:00,5.0,SURF,True,NORMAL,7,0,0,
59473,2016-04-10 09:00:00,17.2,SURF,True,NORMAL,50,0,0,
59501,2016-04-10 11:00:00,53.0,SURF,True,NORMAL,581,0,0,
59298,2016-04-10 15:00:00,3.0,SURF,True,EXTREME_TYPE1,20,12,12,"(114.2, 23.0);(114.2, 23.1);(114.3, 23.0);(114.3, 23.1);(114.3, 23.2);(114.4, 22.9);(114.4, 23.0);(114.4, 23.1);(114.4, 23.2);(114.5, 23.0);(114.5, 23.1);(114.5, 23.2)"
59473,2016-04-13 06:00:00,18.0,SURF,True,NORMAL,51,0,0,
59072,2016-04-14 08:00:00,16.0,SURF,True,NORMAL,11,0,0,
59099,2016-04-15 10:00:00,50.7,SURF,True,NORMAL,546,0,0,
59293,2016-04-15 11:00:00,20.1,SURF,True,EXTREME_TYPE1,808,1,1,"(114.73, 23.6)"
59099,2016-04-18 01:00:00,5.7,SURF,True,NORMAL,9,0,0,
59654,2016-04-20 12:00:00,18.6,SURF,True,NORMAL,12,0,0,
59269,2016-04-20 13:00:00,6.5,SURF,True,NORMAL,13,0,0,
59469,2016-04-20 15:00:00,54.4,SURF,True,EXTREME_TYPE1,729,1,1,"(111.86, 22.0)"
59318,2016-04-23 19:00:00,53.9,SURF,True,NORMAL,831,0,0,
59106,2016-04-25 21:00:00,18.8,SURF,True,NORMAL,16,0,0,
59270,2016-04-26 15:00:00,26.5,SURF,True,NORMAL,648,0,0,
59099,2016-04-26 18:00:00,11.4,SURF,True,NORMAL,9,0,0,
59107,2016-04-26 20:00:00,3.0,SURF,True,NORMAL,12,0,0,
59478,2016-04-27 22:00:00,21.4,SURF,True,EXTREME_TYPE1,1819,1,1,"(112.68, 22.4)"
59107,2016-05-01 01:00:00,13.4,SURF,True,NORMAL,12,0,0,
59658,2016-05-03 16:00:00,46.8,SURF,True,EXTREME_TYPE1,572,1,1,"(110.23, 21.2)"
59487,2016-05-03 19:00:00,56.0,SURF,True,EXTREME_TYPE1,2300,1,1,"(113.5, 22.4)"
59280,2016-05-04 22:00:00,39.4,SURF,True,EXTREME_TYPE1,2353,1,1,"(113.09, 23.6)"
59094,2016-05-06 17:00:00,15.9,SURF,True,NORMAL,11,0,0,
59298,2016-05-06 21:00:00,8.8,SURF,True,NORMAL,19,0,0,
59493,2016-05-10 07:00:00,57.8,SURF,True,NORMAL,1774,0,0,
59294,2016-05-10 09:00:00,5.2,SURF,True,NORMAL,14,0,0,
59289,2016-05-10 15:00:00,4.9,SURF,True,EXTREME_TYPE1,56,12,12,"(113.6, 22.9);(113.6, 23.0);(113.7, 22.8);(113.7, 22.9);(113.7, 23.0);(113.7, 23.1);(113.8, 22.8);(113.8, 22.9);(113.8, 23.0);(113.8, 23.1);(113.9, 22.9);(113.9, 23.0)"
G6551,2016-05-11 01:00:00,4.1,AWST,False,FALSE,51,12,0,
G6551,2016-05-11 09:00:00,2.6,AWST,False,FALSE,51,12,0,
G6551,2016-05-11 15:00:00,12.7,AWST,False,FALSE,51,12,0,
G6551,2016-05-11 16:00:00,7.1,AWST,False,FALSE,51,12,0,
59074,2016-05-14 09:00:00,4.3,SURF,True,EXTREME_TYPE1,18,5,5,"(112.1, 24.6);(112.1, 24.7);(112.2, 24.5);(112.2, 24.6);(112.2, 24.7)"
59288,2016-05-15 18:00:00,31.2,SURF,True,NORMAL,3297,0,0,
59107,2016-05-15 20:00:00,1.6,SURF,True,NORMAL,11,0,0,
59673,2016-05-19 10:00:00,13.0,SURF,True,FALSE,0,0,0,
59663,2016-05-20 17:00:00,53.5,SURF,True,NORMAL,709,0,0,
59500,2016-05-21 15:00:00,21.6,SURF,True,NORMAL,855,0,0,
G1222,2016-05-22 22:00:00,29.8,AWST,False,FALSE,787,1,0,
G1222,2016-05-23 00:00:00,35.3,AWST,False,FALSE,790,1,0,
G1222,2016-05-23 01:00:00,194.1,AWST,False,FALSE,791,1,0,
G1222,2016-05-23 03:00:00,123.3,AWST,False,FALSE,790,1,0,
G1222,2016-05-23 09:00:00,2.3,AWST,False,FALSE,11,8,0,
59116,2016-05-23 22:00:00,11.4,SURF,True,FALSE,8,10,0,
59289,2016-05-28 06:00:00,40.3,SURF,True,EXTREME_TYPE1,2919,1,1,"(113.91, 22.8)"
59276,2016-06-04 13:00:00,2.3,SURF,True,NORMAL,26,0,0,
59312,2016-06-06 04:00:00,52.4,SURF,True,EXTREME_TYPE1,950,1,1,"(116.77, 23.6)"
59487,2016-06-07 16:00:00,36.0,SURF,True,EXTREME_TYPE1,2278,1,1,"(113.5, 22.4)"
59658,2016-06-07 16:00:00,33.8,SURF,True,EXTREME_TYPE1,524,1,1,"(110.23, 21.2)"
59480,2016-06-07 17:00:00,54.0,SURF,True,EXTREME_TYPE1,3268,1,1,"(113.09, 22.8)"
59456,2016-06-07 20:00:00,50.7,SURF,True,EXTREME_TYPE1,596,1,1,"(111.05, 22.4)"
59287,2016-06-08 06:00:00,51.5,SURF,True,EXTREME_TYPE1,3267,1,1,"(113.5, 23.2)"
59297,2016-06-08 09:00:00,5.1,SURF,True,NORMAL,12,0,0,
59315,2016-06-08 15:00:00,70.2,SURF,True,EXTREME_TYPE1,1210,1,1,"(116.36, 23.6)"
59500,2016-06-08 20:00:00,12.5,SURF,True,NORMAL,14,0,0,
59500,2016-06-08 21:00:00,53.0,SURF,True,EXTREME_TYPE1,826,1,1,"(115.14, 23.2)"
59290,2016-06-09 03:00:00,50.9,SURF,True,EXTREME_TYPE1,1178,1,1,"(114.32, 23.6)"
59500,2016-06-11 01:00:00,7.0,SURF,True,NORMAL,15,0,0,
59501,2016-06-12 02:00:00,23.1,SURF,True,EXTREME_TYPE1,572,1,1,"(115.55, 22.8)"
59287,2016-06-13 03:00:00,22.6,SURF,True,EXTREME_TYPE1,3454,1,1,"(113.5, 23.2)"
59502,2016-06-13 06:00:00,40.0,SURF,True,NORMAL,589,0,0,
59493,2016-06-17 07:00:00,11.7,SURF,True,EXTREME_TYPE1,57,10,10,"(113.9, 22.4);(113.9, 22.5);(113.9, 22.6);(114.0, 22.4);(114.0, 22.5);(114.0, 22.6);(114.0, 22.7);(114.1, 22.4);(114.1, 22.5);(114.1, 22.6)"
59269,2016-06-17 17:00:00,5.5,SURF,True,NORMAL,13,0,0,
59487,2016-06-28 08:00:00,29.7,SURF,True,NORMAL,2357,0,0,
59653,2016-06-30 21:00:00,12.3,SURF,True,NORMAL,13,0,0,
59477,2016-07-01 11:00:00,21.7,SURF,True,EXTREME_TYPE1,1249,1,1,"(112.27, 22.4)"
59654,2016-07-01 18:00:00,23.3,SURF,True,EXTREME_TYPE1,585,1,1,"(110.23, 21.6)"
59485,2016-07-04 21:00:00,1.0,SURF,True,NORMAL,41,0,0,
59654,2016-07-05 11:00:00,54.5,SURF,True,EXTREME_TYPE1,582,1,1,"(110.23, 21.6)"
59074,2016-07-10 16:00:00,18.1,SURF,True,NORMAL,17,0,0,
59487,2016-07-11 17:00:00,55.8,SURF,True,EXTREME_TYPE1,2334,1,1,"(113.5, 22.4)"
59475,2016-07-13 06:00:00,28.1,SURF,True,EXTREME_TYPE1,1843,1,1,"(112.68, 22.4)"
59480,2016-07-14 14:00:00,11.9,SURF,True,EXTREME_TYPE1,76,12,12,"(113.1, 22.7);(113.1, 22.8);(113.1, 22.9);(113.2, 22.7);(113.2, 22.8);(113.2, 22.9);(113.2, 23.0);(113.3, 22.7);(113.3, 22.8);(113.3, 22.9);(113.4, 22.8);(113.4, 22.9)"
59278,2016-07-30 19:00:00,23.9,SURF,True,EXTREME_TYPE1,2821,1,1,"(112.68, 22.8)"
59478,2016-08-01 20:00:00,26.1,SURF,True,NORMAL,1849,0,0,
59278,2016-08-02 05:00:00,1.6,SURF,True,NORMAL,26,0,0,
59289,2016-08-02 07:00:00,21.4,SURF,True,NORMAL,2891,0,0,
59476,2016-08-02 07:00:00,21.7,SURF,True,NORMAL,2311,0,0,
59750,2016-08-02 08:00:00,64.7,SURF,True,NORMAL,391,0,0,
59673,2016-08-02 10:00:00,103.0,SURF,True,EXTREME_TYPE1,330,1,1,"(112.68, 21.6)"
59285,2016-08-02 11:00:00,2.7,SURF,True,NORMAL,20,0,0,
59481,2016-08-03 00:00:00,58.4,SURF,True,EXTREME_TYPE1,3746,1,1,"(113.5, 22.8)"
59280,2016-08-03 04:00:00,16.4,SURF,True,NORMAL,9,0,0,
59288,2016-08-03 13:00:00,83.9,SURF,True,EXTREME_TYPE1,3387,1,1,"(113.09, 23.2)"
59075,2016-08-04 17:00:00,16.7,SURF,True,NORMAL,8,0,0,
59493,2016-08-10 07:00:00,35.2,SURF,True,NORMAL,1740,0,0,
59650,2016-08-11 13:00:00,101.4,SURF,True,EXTREME_TYPE1,559,1,1,"(110.23, 21.6)"
59317,2016-08-11 16:00:00,24.1,SURF,True,EXTREME_TYPE1,447,1,1,"(116.36, 22.8)"
59285,2016-08-12 10:00:00,65.5,SURF,True,EXTREME_TYPE1,2296,1,1,"(113.5, 23.6)"
59285,2016-08-12 11:00:00,39.3,SURF,True,EXTREME_TYPE1,2294,1,1,"(113.5, 23.6)"
59297,2016-08-12 12:00:00,52.8,SURF,True,EXTREME_TYPE1,1801,1,1,"(114.32, 23.2)"
59088,2016-08-12 17:00:00,50.7,SURF,True,EXTREME_TYPE1,846,1,1,"(113.5, 24.0)"
59081,2016-08-13 23:00:00,22.4,SURF,True,NORMAL,715,0,0,
59480,2016-08-14 01:00:00,13.0,SURF,True,NORMAL,75,0,0,
59471,2016-08-14 12:00:00,58.4,SURF,True,EXTREME_TYPE1,1500,1,1,"(112.27, 22.8)"
59650,2016-08-14 17:00:00,61.6,SURF,True,EXTREME_TYPE1,567,1,1,"(110.23, 21.6)"
59673,2016-08-16 04:00:00,15.2,SURF,True,NORMAL,0,0,0,
59488,2016-08-18 02:00:00,1.9,SURF,True,NORMAL,6,0,0,
59475,2016-08-19 01:00:00,1.9,SURF,True,NORMAL,24,0,0,
59663,2016-08-21 14:00:00,6.5,SURF,True,NORMAL,8,0,0,
59287,2016-08-26 17:00:00,71.6,SURF,True,EXTREME_TYPE1,3244,1,1,"(113.5, 23.2)"
59114,2016-08-26 18:00:00,21.8,SURF,True,NORMAL,427,0,0,
59289,2016-08-26 18:00:00,31.2,SURF,True,NORMAL,2813,0,0,
59485,2016-08-26 19:00:00,57.4,SURF,True,EXTREME_TYPE1,2166,1,1,"(113.5, 22.4)"
59090,2016-08-26 21:00:00,3.7,SURF,True,NORMAL,13,0,0,
59750,2016-08-27 01:00:00,50.7,SURF,True,NORMAL,388,0,0,
59500,2016-08-28 00:00:00,18.2,SURF,True,EXTREME_TYPE1,14,10,10,"(115.2, 22.9);(115.2, 23.0);(115.2, 23.1);(115.3, 22.9);(115.3, 23.0);(115.3, 23.1);(115.4, 22.9);(115.4, 23.0);(115.4, 23.1);(115.5, 23.0)"
59117,2016-09-03 21:00:00,14.0,SURF,True,NORMAL,18,0,0,
59288,2016-09-04 20:00:00,71.9,SURF,True,EXTREME_TYPE1,3351,1,1,"(113.09, 23.2)"
59269,2016-09-04 21:00:00,6.5,SURF,True,EXTREME_TYPE1,10,11,11,"(111.7, 23.1);(111.7, 23.2);(111.8, 23.1);(111.8, 23.2);(111.8, 23.3);(111.9, 23.0);(111.9, 23.1);(111.9, 23.2);(111.9, 23.3);(112.0, 23.1);(112.0, 23.2)"
59107,2016-09-06 19:00:00,43.4,SURF,True,EXTREME_TYPE1,692,1,1,"(115.14, 24.0)"
59485,2016-09-07 14:00:00,42.3,SURF,True,EXTREME_TYPE1,2411,1,1,"(113.5, 22.4)"
59655,2016-09-07 16:00:00,59.0,SURF,True,EXTREME_TYPE1,728,1,1,"(110.64, 21.6)"
59653,2016-09-07 17:00:00,50.0,SURF,True,EXTREME_TYPE1,874,1,1,"(111.05, 22.0)"
59290,2016-09-07 21:00:00,20.9,SURF,True,NORMAL,1206,0,0,
59500,2016-09-09 13:00:00,8.4,SURF,True,EXTREME_TYPE1,17,10,5,"(115.2, 22.9);(115.2, 23.0);(115.4, 22.9);(115.4, 23.0);(115.5, 23.0)"
59653,2016-09-10 12:00:00,1.2,SURF,True,NORMAL,12,0,0,
59271,2016-09-10 14:00:00,7.7,SURF,True,FALSE,16,11,0,
59492,2016-09-12 20:00:00,21.6,SURF,True,EXTREME_TYPE1,1037,1,1,"(114.73, 23.2)"
59312,2016-09-28 14:00:00,2.2,SURF,True,NORMAL,15,0,0,
59116,2016-09-30 13:00:00,10.6,SURF,True,NORMAL,9,0,0,
59650,2016-10-02 18:00:00,32.8,SURF,True,EXTREME_TYPE1,621,1,1,"(110.23, 21.6)"
59097,2016-10-02 19:00:00,28.8,SURF,True,EXTREME_TYPE1,763,1,1,"(114.32, 24.0)"
59285,2016-10-02 19:00:00,35.1,SURF,True,EXTREME_TYPE1,2509,1,1,"(113.5, 23.6)"
59088,2016-10-18 07:00:00,5.0,SURF,True,NORMAL,9,0,0,
59487,2016-10-18 14:00:00,5.1,SURF,True,NORMAL,39,0,0,
59658,2016-10-18 20:00:00,7.3,SURF,True,NORMAL,15,0,0,
59264,2016-10-19 11:00:00,3.7,SURF,True,NORMAL,10,0,0,
59310,2016-10-24 18:00:00,2.1,SURF,True,NORMAL,10,0,0,
59081,2016-11-20 14:00:00,21.5,SURF,True,EXTREME_TYPE1,762,1,1,"(113.09, 24.8)"
59290,2016-11-20 19:00:00,56.9,SURF,True,EXTREME_TYPE1,1187,1,1,"(114.32, 23.6)"
59278,2016-11-21 00:00:00,5.0,SURF,True,NORMAL,28,0,0,
59481,2016-11-22 21:00:00,1.7,SURF,True,NORMAL,83,0,0,
59280,2016-11-26 07:00:00,5.3,SURF,True,NORMAL,9,0,0,
59290,2016-11-26 09:00:00,8.2,SURF,True,NORMAL,8,0,0,
59107,2016-11-26 16:00:00,5.0,SURF,True,NORMAL,11,0,0,
59313,2017-02-22 08:00:00,7.0,SURF,True,NORMAL,9,0,0,
59306,2017-03-08 04:00:00,2.7,SURF,True,NORMAL,22,0,0,
57988,2017-03-10 11:00:00,1.2,SURF,True,NORMAL,15,0,0,
59280,2017-03-18 04:00:00,5.4,SURF,True,NORMAL,10,0,0,
59659,2017-03-19 05:00:00,8.7,SURF,True,NORMAL,17,0,0,
59074,2017-03-31 02:00:00,27.9,SURF,True,NORMAL,601,0,0,
59470,2017-04-19 16:00:00,5.4,SURF,True,NORMAL,15,0,0,
59285,2017-04-19 17:00:00,1.9,SURF,True,NORMAL,21,0,0,
59285,2017-04-26 16:00:00,91.7,SURF,True,EXTREME_TYPE1,2532,1,1,"(113.5, 23.6)"
59116,2017-05-02 02:00:00,7.4,SURF,True,EXTREME_TYPE1,8,10,10,"(116.6, 24.3);(116.6, 24.4);(116.6, 24.5);(116.7, 24.2);(116.7, 24.3);(116.7, 24.4);(116.7, 24.5);(116.8, 24.2);(116.8, 24.3);(116.8, 24.4)"
59659,2017-05-04 04:00:00,14.6,SURF,True,EXTREME_TYPE1,16,10,7,"(110.8, 21.8);(110.9, 21.7);(110.9, 21.8);(110.9, 21.9);(111.0, 21.7);(111.0, 21.8);(111.0, 21.9)"
59653,2017-05-04 08:00:00,52.3,SURF,True,NORMAL,897,0,0,
59658,2017-05-04 09:00:00,64.2,SURF,True,NORMAL,572,0,0,
59487,2017-05-04 10:00:00,63.6,SURF,True,NORMAL,2458,0,0,
59750,2017-05-06 10:00:00,56.6,SURF,True,EXTREME_TYPE1,431,1,1,"(110.23, 20.8)"
59087,2017-05-07 04:00:00,61.1,SURF,True,EXTREME_TYPE1,1197,1,1,"(113.5, 24.0)"
59287,2017-05-07 10:00:00,78.8,SURF,True,EXTREME_TYPE1,3543,1,1,"(113.5, 23.2)"
59087,2017-05-08 17:00:00,10.2,SURF,True,NORMAL,13,0,0,
59097,2017-05-08 19:00:00,29.4,SURF,True,NORMAL,810,0,0,
59480,2017-05-08 21:00:00,20.3,SURF,True,NORMAL,3728,0,0,
59456,2017-05-09 16:00:00,39.8,SURF,True,EXTREME_TYPE1,657,1,1,"(111.05, 22.4)"
59477,2017-05-09 16:00:00,63.6,SURF,True,EXTREME_TYPE1,1364,1,1,"(112.27, 22.4)"
59659,2017-05-09 16:00:00,52.5,SURF,True,EXTREME_TYPE1,751,1,1,"(111.05, 21.6)"
59658,2017-05-12 14:00:00,50.3,SURF,True,NORMAL,571,0,0,
59304,2017-05-13 17:00:00,7.2,SURF,True,EXTREME_TYPE1,6,1,1,"(115.0, 23.6)"
59656,2017-05-15 16:00:00,28.2,SURF,True,EXTREME_TYPE1,762,1,1,"(110.64, 21.6)"
59285,2017-05-15 20:00:00,55.9,SURF,True,EXTREME_TYPE1,2569,1,1,"(113.5, 23.6)"
59294,2017-05-15 22:00:00,21.4,SURF,True,NORMAL,3152,0,0,
59478,2017-05-16 03:00:00,11.8,SURF,True,NORMAL,18,0,0,
59081,2017-05-24 00:00:00,1.1,SURF,True,NORMAL,15,0,0,
59107,2017-05-24 08:00:00,50.4,SURF,True,NORMAL,718,0,0,
59754,2017-05-24 15:00:00,56.4,SURF,True,EXTREME_TYPE1,233,1,1,"(110.23, 20.4)"
59114,2017-06-04 02:00:00,1.6,SURF,True,NORMAL,13,0,0,
59653,2017-06-05 07:00:00,58.7,SURF,True,EXTREME_TYPE1,879,1,1,"(111.05, 22.0)"
59097,2017-06-06 21:00:00,67.2,SURF,True,EXTREME_TYPE1,809,1,1,"(114.32, 24.0)"
59473,2017-06-09 11:00:00,6.5,SURF,True,NORMAL,54,0,0,
59475,2017-06-12 14:00:00,7.3,SURF,True,NORMAL,27,0,0,
59318,2017-06-14 09:00:00,21.9,SURF,True,NORMAL,816,0,0,
59284,2017-06-15 22:00:00,62.4,SURF,True,EXTREME_TYPE1,2483,1,1,"(113.09, 23.6)"
59294,2017-06-16 02:00:00,52.3,SURF,True,EXTREME_TYPE1,3117,1,1,"(113.91, 23.2)"
59502,2017-06-16 03:00:00,65.5,SURF,True,EXTREME_TYPE1,602,1,1,"(115.55, 22.8)"
59314,2017-06-16 09:00:00,14.9,SURF,True,NORMAL,33,0,0,
59501,2017-06-16 11:00:00,43.8,SURF,True,EXTREME_TYPE1,588,1,1,"(115.55, 22.8)"
59287,2017-06-16 19:00:00,33.5,SURF,True,NORMAL,3532,0,0,
59462,2017-06-16 20:00:00,1.6,SURF,True,NORMAL,16,0,0,
59287,2017-06-17 03:00:00,2.1,SURF,True,NORMAL,39,0,0,
59501,2017-06-17 11:00:00,37.9,SURF,True,EXTREME_TYPE1,599,1,1,"(115.55, 22.8)"
59487,2017-06-17 20:00:00,16.5,SURF,True,NORMAL,37,0,0,
59314,2017-06-19 08:00:00,5.8,SURF,True,NORMAL,34,0,0,
59318,2017-06-19 12:00:00,10.9,SURF,True,NORMAL,29,0,0,
59673,2017-06-19 13:00:00,54.4,SURF,True,NORMAL,369,0,0,
59500,2017-06-21 07:00:00,5.6,SURF,True,NORMAL,18,0,0,
59306,2017-06-21 08:00:00,12.9,SURF,True,NORMAL,23,0,0,
59071,2017-06-25 04:00:00,5.2,SURF,True,NORMAL,13,0,0,
59287,2017-07-03 07:00:00,6.3,SURF,True,NORMAL,39,0,0,
59480,2017-07-04 03:00:00,61.0,SURF,True,EXTREME_TYPE1,3684,1,1,"(113.09, 22.8)"
59310,2017-07-08 12:00:00,39.1,SURF,True,EXTREME_TYPE1,1298,1,1,"(116.36, 23.6)"
59276,2017-07-11 15:00:00,10.4,SURF,True,EXTREME_TYPE1,31,12,12,"(112.5, 23.3);(112.5, 23.4);(112.6, 23.2);(112.6, 23.3);(112.6, 23.4);(112.6, 23.5);(112.7, 23.2);(112.7, 23.3);(112.7, 23.4);(112.7, 23.5);(112.8, 23.3);(112.8, 23.4)"
59319,2017-07-16 03:00:00,1.2,SURF,True,NORMAL,22,0,0,
59317,2017-07-16 14:00:00,5.3,SURF,True,NORMAL,21,0,0,
59293,2017-07-16 15:00:00,15.0,SURF,True,NORMAL,8,0,0,
59303,2017-07-17 14:00:00,13.4,SURF,True,NORMAL,14,0,0,
59288,2017-07-17 17:00:00,13.1,SURF,True,NORMAL,69,0,0,
59502,2017-07-17 21:00:00,15.3,SURF,True,NORMAL,16,0,0,
59493,2017-07-18 08:00:00,6.3,SURF,True,NORMAL,58,0,0,
59492,2017-07-18 15:00:00,10.0,SURF,True,NORMAL,8,0,0,
59664,2017-07-19 11:00:00,1.7,SURF,True,NORMAL,15,0,0,
59658,2017-07-20 04:00:00,60.9,SURF,True,EXTREME_TYPE1,607,1,1,"(110.23, 21.2)"
59501,2017-07-23 14:00:00,24.7,SURF,True,EXTREME_TYPE1,608,1,1,"(115.55, 22.8)"
59500,2017-07-24 02:00:00,23.9,SURF,True,NORMAL,877,0,0,
59318,2017-08-01 05:00:00,38.6,SURF,True,EXTREME_TYPE1,879,1,1,"(116.77, 23.2)"
59294,2017-08-02 06:00:00,24.3,SURF,True,EXTREME_TYPE1,3144,1,1,"(113.91, 23.2)"
59493,2017-08-02 12:00:00,60.5,SURF,True,EXTREME_TYPE1,1920,1,1,"(113.91, 22.4)"
59655,2017-08-03 12:00:00,13.9,SURF,True,NORMAL,14,0,0,
59663,2017-08-03 17:00:00,20.2,SURF,True,EXTREME_TYPE1,806,1,1,"(111.86, 22.0)"
59476,2017-08-22 20:00:00,70.4,SURF,True,EXTREME_TYPE1,2399,1,1,"(113.09, 22.4)"
59313,2017-08-23 14:00:00,20.9,SURF,True,NORMAL,547,0,0,
59477,2017-08-23 16:00:00,50.2,SURF,True,NORMAL,1116,0,0,
59107,2017-08-23 23:00:00,53.7,SURF,True,FALSE,728,1,0,
59107,2017-08-24 00:00:00,58.6,SURF,True,FALSE,730,1,0,
59075,2017-08-24 10:00:00,3.9,SURF,True,NORMAL,8,0,0,
59088,2017-08-24 16:00:00,28.1,SURF,True,EXTREME_TYPE1,1231,1,1,"(113.5, 24.0)"
59470,2017-08-27 12:00:00,40.5,SURF,True,NORMAL,1601,0,0,
59462,2017-09-01 17:00:00,5.8,SURF,True,EXTREME_TYPE1,17,9,9,"(111.5, 22.6);(111.5, 22.7);(111.5, 22.8);(111.6, 22.6);(111.6, 22.7);(111.6, 22.8);(111.7, 22.6);(111.7, 22.7);(111.7, 22.8)"
59478,2017-09-02 19:00:00,52.3,SURF,True,EXTREME_TYPE1,1965,1,1,"(112.68, 22.4)"
59285,2017-09-05 08:00:00,45.2,SURF,True,EXTREME_TYPE1,2572,1,1,"(113.5, 23.6)"
59298,2017-09-05 16:00:00,65.2,SURF,True,EXTREME_TYPE1,1879,1,1,"(114.32, 23.2)"
59287,2017-09-06 04:00:00,36.9,SURF,True,EXTREME_TYPE1,3608,1,1,"(113.5, 23.2)"
59087,2017-09-07 01:00:00,50.6,SURF,True,EXTREME_TYPE1,1229,1,1,"(113.5, 24.0)"
59471,2017-09-07 10:00:00,61.4,SURF,True,EXTREME_TYPE1,1696,1,1,"(112.27, 22.8)"
59656,2017-09-07 17:00:00,13.9,SURF,True,EXTREME_TYPE1,11,8,6,"(110.7, 21.3);(110.7, 21.4);(110.7, 21.5);(110.8, 21.4);(110.8, 21.5);(110.9, 21.4)"
59750,2017-09-29 07:00:00,9.9,SURF,True,EXTREME_TYPE1,10,2,2,"(110.0, 21.0);(110.1, 21.1)"
59475,2017-09-30 01:00:00,10.6,SURF,True,EXTREME_TYPE1,27,12,11,"(112.5, 22.3);(112.5, 22.4);(112.5, 22.5);(112.6, 22.3);(112.6, 22.4);(112.6, 22.5);(112.7, 22.3);(112.7, 22.4);(112.7, 22.5);(112.8, 22.4);(112.8, 22.5)"
59278,2017-10-09 18:00:00,2.1,SURF,True,NORMAL,31,0,0,
59107,2017-10-15 10:00:00,1.0,SURF,True,NORMAL,11,0,0,
59501,2017-10-15 21:00:00,34.5,SURF,True,NORMAL,632,0,0,
59486,2018-01-07 02:00:00,5.3,SURF,True,NORMAL,43,0,0,
59075,2018-01-08 06:00:00,9.8,SURF,True,NORMAL,9,0,0,
59306,2018-01-09 04:00:00,2.0,SURF,True,NORMAL,24,0,0,
59072,2018-03-14 21:00:00,14.9,SURF,True,NORMAL,13,0,0,
59088,2018-04-14 11:00:00,52.1,SURF,True,EXTREME_TYPE1,1367,1,1,"(113.5, 24.0)"
59097,2018-04-14 13:00:00,37.5,SURF,True,NORMAL,892,0,0,
59285,2018-04-14 16:00:00,11.1,SURF,True,NORMAL,22,0,0,
59298,2018-04-14 22:00:00,6.7,SURF,True,NORMAL,21,0,0,
59654,2018-04-30 15:00:00,60.9,SURF,True,EXTREME_TYPE1,764,1,1,"(110.23, 21.6)"
59269,2018-05-01 13:00:00,21.7,SURF,True,EXTREME_TYPE1,995,1,1,"(111.86, 23.2)"
59477,2018-05-04 02:00:00,72.6,SURF,True,EXTREME_TYPE1,1360,1,1,"(112.27, 22.4)"
59750,2018-05-05 18:00:00,39.5,SURF,True,EXTREME_TYPE1,485,1,1,"(110.23, 20.8)"
59314,2018-05-07 12:00:00,51.2,SURF,True,EXTREME_TYPE1,1212,1,1,"(116.36, 23.2)"
59287,2018-05-07 18:00:00,52.8,SURF,True,NORMAL,3788,0,0,
59314,2018-05-07 22:00:00,6.9,SURF,True,NORMAL,38,0,0,
59471,2018-05-08 02:00:00,76.6,SURF,True,EXTREME_TYPE1,1772,1,1,"(112.27, 22.8)"
59315,2018-05-08 19:00:00,54.8,SURF,True,EXTREME_TYPE1,1444,1,1,"(116.36, 23.6)"
59269,2018-05-09 03:00:00,5.5,SURF,True,NORMAL,13,0,0,
59088,2018-05-09 14:00:00,1.6,SURF,True,NORMAL,13,0,0,
59279,2018-05-10 05:00:00,6.3,SURF,True,NORMAL,61,0,0,
59656,2018-05-10 21:00:00,28.3,SURF,True,EXTREME_TYPE1,919,1,1,"(110.64, 21.6)"
59655,2018-05-12 11:00:00,20.5,SURF,True,EXTREME_TYPE1,931,1,1,"(110.64, 21.6)"
57988,2018-05-12 18:00:00,8.3,SURF,True,NORMAL,17,0,0,
59650,2018-05-17 16:00:00,49.7,SURF,True,EXTREME_TYPE1,756,1,1,"(110.23, 21.6)"
59650,2018-05-18 17:00:00,18.0,SURF,True,EXTREME_TYPE1,14,11,11,"(110.1, 21.3);(110.1, 21.4);(110.2, 21.3);(110.2, 21.4);(110.2, 21.5);(110.3, 21.3);(110.3, 21.4);(110.3, 21.5);(110.4, 21.3);(110.4, 21.4);(110.4, 21.5)"
59477,2018-05-28 14:00:00,12.7,SURF,True,EXTREME_TYPE1,27,10,8,"(112.2, 22.2);(112.2, 22.3);(112.2, 22.4);(112.3, 22.2);(112.3, 22.3);(112.3, 22.4);(112.4, 22.2);(112.4, 22.3)"
59264,2018-06-01 19:00:00,23.6,SURF,True,NORMAL,617,0,0,
59673,2018-06-02 09:00:00,59.9,SURF,True,EXTREME_TYPE1,383,1,1,"(112.68, 21.6)"
59289,2018-06-03 20:00:00,15.2,SURF,True,EXTREME_TYPE1,57,12,12,"(113.6, 22.9);(113.6, 23.0);(113.7, 22.8);(113.7, 22.9);(113.7, 23.0);(113.7, 23.1);(113.8, 22.8);(113.8, 22.9);(113.8, 23.0);(113.8, 23.1);(113.9, 22.9);(113.9, 23.0)"
59487,2018-06-06 05:00:00,2.2,SURF,True,NORMAL,47,0,0,
59478,2018-06-06 06:00:00,64.8,SURF,True,EXTREME_TYPE1,2078,1,1,"(112.68, 22.4)"
59303,2018-06-06 19:00:00,9.5,SURF,True,NORMAL,14,0,0,
59485,2018-06-07 08:00:00,10.7,SURF,True,NORMAL,45,0,0,
59480,2018-06-07 09:00:00,27.9,SURF,True,NORMAL,3882,0,0,
59493,2018-06-07 21:00:00,15.3,SURF,True,NORMAL,89,0,0,
59485,2018-06-08 05:00:00,40.5,SURF,True,NORMAL,2850,0,0,
59279,2018-06-08 07:00:00,20.0,SURF,True,NORMAL,2749,0,0,
59501,2018-06-08 09:00:00,48.3,SURF,True,NORMAL,810,0,0,
59287,2018-06-08 12:00:00,17.1,SURF,True,NORMAL,42,0,0,
59288,2018-06-08 13:00:00,52.7,SURF,True,NORMAL,3567,0,0,
59287,2018-06-08 19:00:00,52.7,SURF,True,NORMAL,3796,0,0,
59294,2018-06-09 02:00:00,58.6,SURF,True,NORMAL,3513,0,0,
59485,2018-06-12 20:00:00,13.3,SURF,True,NORMAL,46,0,0,
59470,2018-06-13 07:00:00,5.9,SURF,True,NORMAL,14,0,0,
59114,2018-06-13 18:00:00,2.4,SURF,True,NORMAL,15,0,0,
59324,2018-06-18 22:00:00,54.2,SURF,True,NORMAL,583,0,0,
59502,2018-06-22 04:00:00,53.2,SURF,True,EXTREME_TYPE1,821,1,1,"(115.55, 22.8)"
59673,2018-06-22 08:00:00,23.8,SURF,True,EXTREME_TYPE1,372,1,1,"(112.68, 21.6)"
59475,2018-06-24 05:00:00,35.8,SURF,True,EXTREME_TYPE1,2061,1,1,"(112.68, 22.4)"
59287,2018-07-06 16:00:00,63.2,SURF,True,EXTREME_TYPE1,3804,1,1,"(113.5, 23.2)"
59306,2018-07-09 15:00:00,24.0,SURF,True,EXTREME_TYPE1,1534,1,1,"(115.95, 23.6)"
59270,2018-07-13 17:00:00,37.7,SURF,True,EXTREME_TYPE1,767,1,1,"(112.27, 24.0)"
59487,2018-07-17 21:00:00,58.3,SURF,True,NORMAL,2844,0,0,
59478,2018-07-17 23:00:00,35.6,SURF,True,NORMAL,2072,0,0,
59658,2018-07-18 14:00:00,5.5,SURF,True,NORMAL,17,0,0,
59315,2018-07-21 21:00:00,7.5,SURF,True,FALSE,23,9,0,
59487,2018-07-23 18:00:00,12.0,SURF,True,NORMAL,45,0,0,
59287,2018-07-24 11:00:00,12.4,SURF,True,NORMAL,40,0,0,
59279,2018-07-26 13:00:00,56.5,SURF,True,EXTREME_TYPE1,2772,1,1,"(112.68, 23.2)"
59750,2018-07-26 16:00:00,34.5,SURF,True,NORMAL,474,0,0,
59477,2018-07-29 14:00:00,11.3,SURF,True,NORMAL,27,0,0,
59293,2018-08-02 11:00:00,30.9,SURF,True,EXTREME_TYPE1,857,1,1,"(114.73, 23.6)"
59659,2018-08-07 14:00:00,55.6,SURF,True,EXTREME_TYPE1,920,1,1,"(111.05, 21.6)"
59082,2018-08-07 17:00:00,24.5,SURF,True,EXTREME_TYPE1,956,1,1,"(113.5, 24.8)"
59094,2018-08-10 14:00:00,13.1,SURF,True,FALSE,12,12,0,
59754,2018-08-10 16:00:00,50.6,SURF,True,NORMAL,253,0,0,
59471,2018-08-10 20:00:00,8.5,SURF,True,NORMAL,16,0,0,
59656,2018-08-11 01:00:00,12.3,SURF,True,NORMAL,11,0,0,
59501,2018-08-11 08:00:00,10.0,SURF,True,EXTREME_TYPE1,28,11,11,"(115.2, 22.7);(115.2, 22.8);(115.3, 22.7);(115.3, 22.8);(115.3, 22.9);(115.4, 22.7);(115.4, 22.8);(115.4, 22.9);(115.5, 22.7);(115.5, 22.8);(115.5, 22.9)"
59469,2018-08-11 14:00:00,51.0,SURF,True,NORMAL,876,0,0,
59469,2018-08-11 15:00:00,81.3,SURF,True,EXTREME_TYPE1,875,1,1,"(111.86, 22.0)"
59477,2018-08-12 03:00:00,24.2,SURF,True,NORMAL,1413,0,0,
59655,2018-08-16 02:00:00,1.9,SURF,True,NORMAL,15,0,0,
59480,2018-08-19 16:00:00,50.0,SURF,True,EXTREME_TYPE1,3834,1,1,"(113.09, 22.8)"
59317,2018-08-20 05:00:00,51.6,SURF,True,EXTREME_TYPE1,645,1,1,"(116.36, 22.8)"
59288,2018-08-21 21:00:00,65.8,SURF,True,EXTREME_TYPE1,3553,1,1,"(113.09, 23.2)"
59473,2018-08-21 22:00:00,58.3,SURF,True,NORMAL,3833,0,0,
59097,2018-08-22 03:00:00,18.8,SURF,True,EXTREME_TYPE1,14,10,9,"(114.1, 24.0);(114.1, 24.1);(114.2, 24.0);(114.2, 24.1);(114.2, 24.2);(114.3, 23.9);(114.3, 24.0);(114.3, 24.1);(114.3, 24.2)"
59284,2018-08-22 16:00:00,39.4,SURF,True,EXTREME_TYPE1,2614,1,1,"(113.09, 23.6)"
59659,2018-08-23 16:00:00,139.9,SURF,True,EXTREME_TYPE1,916,1,1,"(111.05, 21.6)"
59750,2018-08-23 18:00:00,51.0,SURF,True,EXTREME_TYPE1,486,1,1,"(110.23, 20.8)"
59318,2018-08-26 22:00:00,1.8,SURF,True,NORMAL,28,0,0,
59655,2018-08-26 23:00:00,51.7,SURF,True,EXTREME_TYPE1,898,1,1,"(110.64, 21.6)"
59271,2018-08-27 20:00:00,5.5,SURF,True,NORMAL,19,0,0,
59492,2018-08-28 01:00:00,2.9,SURF,True,NORMAL,7,0,0,
59654,2018-08-28 12:00:00,6.2,SURF,True,EXTREME_TYPE1,14,8,8,"(110.2, 21.5);(110.2, 21.7);(110.3, 21.5);(110.3, 21.6);(110.3, 21.7);(110.4, 21.5);(110.4, 21.6);(110.4, 21.7)"
59279,2018-08-29 15:00:00,28.9,SURF,True,EXTREME_TYPE1,2812,1,1,"(112.68, 23.2)"
59317,2018-08-29 16:00:00,5.1,SURF,True,NORMAL,21,0,0,
59318,2018-08-30 14:00:00,56.2,SURF,True,NORMAL,896,0,0,
59097,2018-08-30 15:00:00,17.7,SURF,True,NORMAL,13,0,0,
59653,2018-08-30 20:00:00,57.0,SURF,True,EXTREME_TYPE1,1018,1,1,"(111.05, 22.0)"
59107,2018-08-31 05:00:00,8.0,SURF,True,EXTREME_TYPE1,11,10,10,"(115.1, 24.1);(115.2, 24.0);(115.2, 24.1);(115.2, 24.2);(115.3, 24.0);(115.3, 24.1);(115.3, 24.2);(115.4, 24.0);(115.4, 24.1);(115.4, 24.2)"
59500,2018-08-31 07:00:00,44.8,SURF,True,EXTREME_TYPE1,1069,1,1,"(115.14, 23.2)"
59287,2018-08-31 14:00:00,23.3,SURF,True,NORMAL,3787,0,0,
59293,2018-08-31 15:00:00,1.7,SURF,True,NORMAL,9,0,0,
59294,2018-08-31 16:00:00,14.6,SURF,True,NORMAL,15,0,0,
59075,2018-09-01 11:00:00,34.7,SURF,True,EXTREME_TYPE1,909,1,1,"(112.68, 24.4)"
59107,2018-09-02 18:00:00,27.5,SURF,True,EXTREME_TYPE1,780,1,1,"(115.14, 24.0)"
59289,2018-09-02 18:00:00,11.4,SURF,True,EXTREME_TYPE1,58,12,10,"(113.6, 22.9);(113.6, 23.0);(113.7, 22.9);(113.7, 23.0);(113.7, 23.1);(113.8, 22.9);(113.8, 23.0);(113.8, 23.1);(113.9, 22.9);(113.9, 23.0)"
59278,2018-09-06 17:00:00,57.5,SURF,True,EXTREME_TYPE1,3065,1,1,"(112.68, 22.8)"
59655,2018-09-07 20:00:00,41.9,SURF,True,EXTREME_TYPE1,925,1,1,"(110.64, 21.6)"
59658,2018-09-13 06:00:00,12.5,SURF,True,NORMAL,17,0,0,
59487,2018-09-16 12:00:00,19.1,SURF,True,NORMAL,47,0,0,
59473,2018-09-16 15:00:00,13.3,SURF,True,NORMAL,54,0,0,
59487,2018-09-16 16:00:00,18.8,SURF,True,NORMAL,46,0,0,
59663,2018-09-17 05:00:00,56.1,SURF,True,EXTREME_TYPE1,752,1,1,"(111.86, 22.0)"
59663,2018-09-17 06:00:00,74.6,SURF,True,EXTREME_TYPE1,748,1,1,"(111.86, 22.0)"
59653,2018-09-17 10:00:00,10.6,SURF,True,NORMAL,15,0,0,
59071,2018-09-17 13:00:00,15.8,SURF,True,NORMAL,18,0,0,
59485,2018-09-24 09:00:00,34.4,SURF,True,EXTREME_TYPE1,2843,1,1,"(113.5, 22.4)"
59271,2018-10-15 04:00:00,6.4,SURF,True,NORMAL,19,0,0,
59289,2018-10-15 17:00:00,20.3,SURF,True,EXTREME_TYPE1,3424,1,1,"(113.91, 22.8)"
59284,2018-10-17 06:00:00,5.8,SURF,True,NORMAL,43,0,0,
59462,2018-10-22 20:00:00,33.6,SURF,True,EXTREME_TYPE1,887,1,1,"(111.45, 22.8)"
59456,2018-10-22 21:00:00,72.6,SURF,True,EXTREME_TYPE1,768,1,1,"(111.05, 22.4)"
59082,2018-12-08 19:00:00,1.9,SURF,True,NORMAL,14,0,0,
59288,2019-02-18 10:00:00,15.4,SURF,True,NORMAL,67,0,0,
59469,2019-02-18 10:00:00,33.9,SURF,True,NORMAL,889,0,0,
59653,2019-02-21 17:00:00,12.4,SURF,True,EXTREME_TYPE1,16,12,12,"(110.7, 21.9);(110.7, 22.0);(110.8, 21.8);(110.8, 21.9);(110.8, 22.0);(110.8, 22.1);(110.9, 21.8);(110.9, 21.9);(110.9, 22.0);(110.9, 22.1);(111.0, 21.9);(111.0, 22.0)"
59287,2019-02-21 18:00:00,54.7,SURF,True,EXTREME_TYPE1,3833,1,1,"(113.5, 23.2)"
59090,2019-02-23 15:00:00,5.3,SURF,True,NORMAL,18,0,0,
59664,2019-02-23 15:00:00,11.8,SURF,True,NORMAL,22,0,0,
59088,2019-02-23 19:00:00,1.5,SURF,True,NORMAL,13,0,0,
59279,2019-02-23 20:00:00,1.6,SURF,True,NORMAL,64,0,0,
59663,2019-03-06 12:00:00,26.6,SURF,True,NORMAL,790,0,0,
59480,2019-03-09 09:00:00,6.7,SURF,True,NORMAL,87,0,0,
59303,2019-03-22 18:00:00,63.2,SURF,True,EXTREME_TYPE1,1363,1,1,"(115.95, 24.0)"
59650,2019-03-23 08:00:00,56.1,SURF,True,EXTREME_TYPE1,779,1,1,"(110.23, 21.6)"
59082,2019-03-23 09:00:00,2.5,SURF,True,NORMAL,12,0,0,
59658,2019-03-23 09:00:00,70.9,SURF,True,EXTREME_TYPE1,674,1,1,"(110.23, 21.2)"
59072,2019-03-24 01:00:00,7.7,SURF,True,NORMAL,13,0,0,
59268,2019-03-29 11:00:00,1.4,SURF,True,NORMAL,15,0,0,
59094,2019-03-29 13:00:00,8.8,SURF,True,NORMAL,13,0,0,
59075,2019-03-31 09:00:00,4.5,SURF,True,NORMAL,9,0,0,
59470,2019-03-31 22:00:00,15.2,SURF,True,EXTREME_TYPE1,15,10,7,"(112.1, 22.7);(112.1, 22.8);(112.2, 22.6);(112.2, 22.7);(112.2, 22.8);(112.3, 22.7);(112.3, 22.8)"
59456,2019-04-12 08:00:00,3.9,SURF,True,NORMAL,18,0,0,
59650,2019-04-12 08:00:00,66.7,SURF,True,NORMAL,778,0,0,
59653,2019-04-12 09:00:00,32.1,SURF,True,NORMAL,1051,0,0,
59462,2019-04-12 10:00:00,3.8,SURF,True,NORMAL,18,0,0,
59664,2019-04-13 17:00:00,70.0,SURF,True,NORMAL,921,0,0,
59456,2019-04-14 17:00:00,57.5,SURF,True,NORMAL,744,0,0,
59469,2019-04-14 17:00:00,29.2,SURF,True,NORMAL,874,0,0,
59074,2019-04-18 14:00:00,20.6,SURF,True,NORMAL,705,0,0,
59109,2019-04-18 20:00:00,26.9,SURF,True,NORMAL,978,0,0,
59304,2019-04-19 03:00:00,33.8,SURF,True,EXTREME_TYPE1,928,1,1,"(115.14, 23.6)"
59287,2019-04-19 05:00:00,29.9,SURF,True,NORMAL,3853,0,0,
59318,2019-04-19 15:00:00,15.7,SURF,True,NORMAL,29,0,0,
59087,2019-04-20 10:00:00,30.0,SURF,True,NORMAL,1322,0,0,
59297,2019-04-20 14:00:00,58.7,SURF,True,NORMAL,2174,0,0,
59290,2019-04-21 21:00:00,56.4,SURF,True,EXTREME_TYPE1,1281,1,1,"(114.32, 23.6)"
59294,2019-04-22 18:00:00,54.6,SURF,True,EXTREME_TYPE1,3541,1,1,"(113.91, 23.2)"
59074,2019-04-25 17:00:00,1.3,SURF,True,FALSE,17,5,0,
59271,2019-04-26 22:00:00,50.5,SURF,True,EXTREME_TYPE1,1177,1,1,"(112.27, 23.6)"
59284,2019-04-26 23:00:00,50.7,SURF,True,NORMAL,2620,0,0,
59285,2019-04-26 23:00:00,51.4,SURF,True,NORMAL,2728,0,0,
59270,2019-04-27 07:00:00,3.0,SURF,True,NORMAL,10,0,0,
59096,2019-04-27 15:00:00,14.0,SURF,True,NORMAL,4,0,0,
59094,2019-04-30 08:00:00,41.9,SURF,True,EXTREME_TYPE1,1035,1,1,"(113.91, 24.4)"
59653,2019-04-30 09:00:00,53.8,SURF,True,NORMAL,1074,0,0,
59500,2019-05-06 16:00:00,4.5,SURF,True,EXTREME_TYPE1,31,10,10,"(115.2, 22.9);(115.2, 23.0);(115.2, 23.1);(115.3, 22.9);(115.3, 23.0);(115.3, 23.1);(115.4, 22.9);(115.4, 23.0);(115.4, 23.1);(115.5, 23.0)"
59117,2019-05-07 00:00:00,1.1,SURF,True,EXTREME_TYPE1,21,11,11,"(115.9, 24.2);(115.9, 24.3);(116.0, 24.2);(116.0, 24.3);(116.0, 24.4);(116.1, 24.2);(116.1, 24.3);(116.1, 24.4);(116.2, 24.2);(116.2, 24.3);(116.2, 24.4)"
59269,2019-05-08 10:00:00,8.2,SURF,True,NORMAL,14,0,0,
59082,2019-05-18 04:00:00,36.7,SURF,True,EXTREME_TYPE1,992,1,1,"(113.5, 24.8)"
59088,2019-05-20 04:00:00,38.5,SURF,True,NORMAL,1350,0,0,
59285,2019-05-20 06:00:00,27.1,SURF,True,EXTREME_TYPE1,2763,1,1,"(113.5, 23.6)"
59653,2019-05-20 18:00:00,70.6,SURF,True,EXTREME_TYPE1,1057,1,1,"(111.05, 22.0)"
59653,2019-05-21 11:00:00,50.3,SURF,True,EXTREME_TYPE1,1054,1,1,"(111.05, 22.0)"
59287,2019-05-23 14:00:00,20.9,SURF,True,EXTREME_TYPE1,3933,1,1,"(113.5, 23.2)"
59289,2019-05-23 16:00:00,56.7,SURF,True,EXTREME_TYPE1,3665,1,1,"(113.91, 22.8)"
59663,2019-05-24 02:00:00,50.5,SURF,True,EXTREME_TYPE1,902,1,1,"(111.86, 22.0)"
59478,2019-05-25 02:00:00,59.8,SURF,True,EXTREME_TYPE1,2155,1,1,"(112.68, 22.4)"
57989,2019-05-26 07:00:00,5.5,SURF,True,NORMAL,12,0,0,
59471,2019-05-26 15:00:00,12.4,SURF,True,NORMAL,16,0,0,
59488,2019-05-27 08:00:00,57.6,SURF,True,EXTREME_TYPE1,3099,1,1,"(113.5, 22.4)"
59318,2019-05-27 11:00:00,34.2,SURF,True,NORMAL,924,0,0,
59475,2019-05-29 07:00:00,52.3,SURF,True,EXTREME_TYPE1,2151,1,1,"(112.68, 22.4)"
59481,2019-05-29 10:00:00,62.3,SURF,True,EXTREME_TYPE1,4537,1,1,"(113.5, 22.8)"
59269,2019-05-30 19:00:00,7.2,SURF,True,NORMAL,14,0,0,
59659,2019-05-31 15:00:00,55.5,SURF,True,EXTREME_TYPE1,948,1,1,"(111.05, 21.6)"
59278,2019-06-02 20:00:00,6.7,SURF,True,NORMAL,33,0,0,
59290,2019-06-03 04:00:00,5.5,SURF,True,FALSE,9,7,0,
59658,2019-06-04 15:00:00,20.9,SURF,True,NORMAL,670,0,0,
59288,2019-06-07 11:00:00,12.5,SURF,True,EXTREME_TYPE1,68,11,9,"(112.9, 23.0);(112.9, 23.1);(112.9, 23.2);(113.0, 23.0);(113.0, 23.1);(113.0, 23.2);(113.1, 23.0);(113.1, 23.1);(113.1, 23.2)"
57996,2019-06-10 08:00:00,6.4,SURF,True,NORMAL,21,0,0,
59294,2019-06-10 13:00:00,24.2,SURF,True,EXTREME_TYPE1,3749,1,1,"(113.91, 23.2)"
59462,2019-06-11 19:00:00,17.0,SURF,True,NORMAL,16,0,0,
59271,2019-06-11 20:00:00,23.2,SURF,True,NORMAL,1192,0,0,
59278,2019-06-11 20:00:00,27.9,SURF,True,EXTREME_TYPE1,3169,1,1,"(112.68, 22.8)"
59306,2019-06-12 14:00:00,12.8,SURF,True,NORMAL,26,0,0,
57988,2019-06-12 20:00:00,33.7,SURF,True,NORMAL,767,0,0,
59487,2019-06-13 08:00:00,12.1,SURF,True,NORMAL,49,0,0,
59655,2019-06-13 12:00:00,41.0,SURF,True,EXTREME_TYPE1,949,1,1,"(110.64, 21.6)"
59663,2019-06-17 03:00:00,12.7,SURF,True,NORMAL,9,0,0,
59294,2019-06-18 12:00:00,30.3,SURF,True,EXTREME_TYPE1,3735,1,1,"(113.91, 23.2)"
59488,2019-06-25 15:00:00,30.1,SURF,True,EXTREME_TYPE1,3091,1,1,"(113.5, 22.4)"
59492,2019-06-30 13:00:00,61.1,SURF,True,EXTREME_TYPE1,1270,1,1,"(114.73, 23.2)"
59471,2019-07-01 23:00:00,55.9,SURF,True,EXTREME_TYPE1,1877,1,1,"(112.27, 22.8)"
59501,2019-07-04 06:00:00,2.7,SURF,True,NORMAL,31,0,0,
59116,2019-07-09 14:00:00,13.5,SURF,True,EXTREME_TYPE1,11,10,9,"(116.6, 24.3);(116.6, 24.4);(116.6, 24.5);(116.7, 24.2);(116.7, 24.3);(116.7, 24.4);(116.7, 24.5);(116.8, 24.3);(116.8, 24.4)"
59314,2019-07-10 03:00:00,57.8,SURF,True,EXTREME_TYPE1,1278,1,1,"(116.36, 23.2)"
59492,2019-07-10 05:00:00,63.8,SURF,True,EXTREME_TYPE1,1263,1,1,"(114.73, 23.2)"
59319,2019-07-10 07:00:00,53.4,SURF,True,NORMAL,1123,0,0,
59456,2019-07-11 13:00:00,41.8,SURF,True,NORMAL,766,0,0,
59114,2019-07-11 20:00:00,50.2,SURF,True,EXTREME_TYPE1,516,1,1,"(116.36, 24.8)"
59075,2019-07-19 16:00:00,34.2,SURF,True,EXTREME_TYPE1,930,1,1,"(112.68, 24.4)"
59284,2019-07-19 16:00:00,77.1,SURF,True,EXTREME_TYPE1,2567,1,1,"(113.09, 23.6)"
59107,2019-07-19 17:00:00,64.0,SURF,True,EXTREME_TYPE1,788,1,1,"(115.14, 24.0)"
59271,2019-07-22 16:00:00,24.9,SURF,True,EXTREME_TYPE1,1225,1,1,"(112.27, 23.6)"
59500,2019-07-22 22:00:00,44.1,SURF,True,EXTREME_TYPE1,1114,1,1,"(115.14, 23.2)"
59290,2019-07-24 18:00:00,34.9,SURF,True,EXTREME_TYPE1,1318,1,1,"(114.32, 23.6)"
59663,2019-07-29 07:00:00,43.7,SURF,True,EXTREME_TYPE1,908,1,1,"(111.86, 22.0)"
59487,2019-07-31 01:00:00,7.3,SURF,True,EXTREME_TYPE1,49,10,10,"(113.2, 22.1);(113.2, 22.2);(113.2, 22.3);(113.3, 22.1);(113.3, 22.2);(113.3, 22.3);(113.3, 22.4);(113.4, 22.1);(113.4, 22.2);(113.4, 22.3)"
59318,2019-08-01 06:00:00,6.1,SURF,True,NORMAL,34,0,0,
59673,2019-08-01 06:00:00,50.8,SURF,True,NORMAL,400,0,0,
59664,2019-08-01 12:00:00,55.0,SURF,True,NORMAL,948,0,0,
59502,2019-08-01 13:00:00,4.5,SURF,True,NORMAL,25,0,0,
59664,2019-08-01 17:00:00,34.0,SURF,True,NORMAL,950,0,0,
59663,2019-08-01 18:00:00,31.5,SURF,True,NORMAL,919,0,0,
59750,2019-08-02 06:00:00,34.1,SURF,True,NORMAL,497,0,0,
59487,2019-08-02 12:00:00,63.2,SURF,True,EXTREME_TYPE1,3088,1,1,"(113.5, 22.4)"
59487,2019-08-02 13:00:00,59.1,SURF,True,EXTREME_TYPE1,3088,1,1,"(113.5, 22.4)"
59288,2019-08-06 21:00:00,42.4,SURF,True,EXTREME_TYPE1,3726,1,1,"(113.09, 23.2)"
59754,2019-08-07 14:00:00,52.4,SURF,True,EXTREME_TYPE1,260,1,1,"(110.23, 20.4)"
59500,2019-08-14 14:00:00,67.0,SURF,True,EXTREME_TYPE1,1112,1,1,"(115.14, 23.2)"
59287,2019-08-15 02:00:00,50.7,SURF,True,EXTREME_TYPE1,3912,1,1,"(113.5, 23.2)"
59313,2019-08-15 16:00:00,68.4,SURF,True,EXTREME_TYPE1,615,1,1,"(117.18, 23.6)"
59462,2019-08-15 16:00:00,26.7,SURF,True,NORMAL,898,0,0,
59654,2019-08-16 13:00:00,32.5,SURF,True,EXTREME_TYPE1,776,1,1,"(110.23, 21.6)"
59280,2019-08-16 19:00:00,54.6,SURF,True,EXTREME_TYPE1,2658,1,1,"(113.09, 23.6)"
59502,2019-08-18 15:00:00,58.5,SURF,True,NORMAL,841,0,0,
59469,2019-08-19 16:00:00,59.9,SURF,True,EXTREME_TYPE1,908,1,1,"(111.86, 22.0)"
59656,2019-08-22 01:00:00,57.6,SURF,True,FALSE,952,1,0,
59315,2019-08-25 10:00:00,22.2,SURF,True,NORMAL,1542,0,0,
59480,2019-08-25 20:00:00,50.0,SURF,True,EXTREME_TYPE1,4071,1,1,"(113.09, 22.8)"
59088,2019-08-26 04:00:00,2.3,SURF,True,NORMAL,13,0,0,
59456,2019-08-26 07:00:00,28.7,SURF,True,NORMAL,781,0,0,
59750,2019-08-31 05:00:00,35.0,SURF,True,EXTREME_TYPE1,498,1,1,"(110.23, 20.8)"
59106,2019-08-31 21:00:00,60.5,SURF,True,EXTREME_TYPE1,930,1,1,"(115.95, 24.4)"
59469,2019-08-31 23:00:00,5.9,SURF,True,NORMAL,12,0,0,
59493,2019-09-02 03:00:00,11.2,SURF,True,NORMAL,107,0,0,
59750,2019-09-02 14:00:00,6.1,SURF,True,NORMAL,11,0,0,
59117,2019-09-02 15:00:00,51.6,SURF,True,EXTREME_TYPE1,928,1,1,"(115.95, 24.4)"
59478,2019-09-08 16:00:00,62.5,SURF,True,EXTREME_TYPE1,2152,1,1,"(112.68, 22.4)"
59492,2019-09-11 19:00:00,9.2,SURF,True,EXTREME_TYPE1,8,9,9,"(114.5, 23.0);(114.5, 23.1);(114.6, 22.9);(114.6, 23.0);(114.6, 23.1);(114.7, 22.9);(114.7, 23.0);(114.7, 23.1);(114.8, 22.9)"
59276,2019-09-15 04:00:00,21.7,SURF,True,NORMAL,2896,0,0,
59486,2019-09-16 04:00:00,5.2,SURF,True,NORMAL,56,0,0,
59480,2019-09-17 09:00:00,14.8,SURF,True,EXTREME_TYPE1,88,12,12,"(113.1, 22.7);(113.1, 22.8);(113.1, 22.9);(113.2, 22.7);(113.2, 22.8);(113.2, 22.9);(113.2, 23.0);(113.3, 22.7);(113.3, 22.8);(113.3, 22.9);(113.4, 22.8);(113.4, 22.9)"
59487,2019-09-17 20:00:00,16.0,SURF,True,NORMAL,49,0,0,
59487,2019-10-07 03:00:00,10.2,SURF,True,EXTREME_TYPE1,48,10,9,"(113.2, 22.1);(113.2, 22.2);(113.2, 22.3);(113.3, 22.1);(113.3, 22.2);(113.3, 22.3);(113.4, 22.1);(113.4, 22.2);(113.4, 22.3)"
G2696,2019-10-26 10:00:00,42.2,AWST,False,FALSE,1759,1,0,
G2696,2019-10-26 14:00:00,1.1,AWST,False,FALSE,35,10,0,
G2696,2019-10-26 18:00:00,189.7,AWST,False,FALSE,1759,1,0,
G2696,2019-10-26 21:00:00,37.8,AWST,False,FALSE,1760,1,0,
59279,2020-02-03 21:00:00,3.8,SURF,True,NORMAL,68,0,0,
59654,2020-02-13 07:00:00,22.9,SURF,True,NORMAL,772,0,0,
59287,2020-02-15 12:00:00,25.7,SURF,True,NORMAL,4057,0,0,
59480,2020-02-15 18:00:00,4.2,SURF,True,NORMAL,94,0,0,
59462,2020-03-04 08:00:00,1.5,SURF,True,NORMAL,18,0,0,
59096,2020-03-04 16:00:00,1.5,SURF,True,NORMAL,6,0,0,
59659,2020-03-04 17:00:00,3.9,SURF,True,NORMAL,20,0,0,
59754,2020-03-06 07:00:00,3.1,SURF,True,EXTREME_TYPE1,12,3,3,"(110.1, 20.4);(110.2, 20.3);(110.2, 20.4)"
59278,2020-03-18 10:00:00,1.0,SURF,True,NORMAL,35,0,0,
59270,2020-03-19 05:00:00,1.5,SURF,True,NORMAL,10,0,0,
59750,2020-03-21 09:00:00,6.4,SURF,True,NORMAL,11,0,0,
59287,2020-03-27 20:00:00,22.7,SURF,True,NORMAL,4131,0,0,
59264,2020-03-27 22:00:00,13.4,SURF,True,NORMAL,9,0,0,
59473,2020-03-27 22:00:00,70.4,SURF,True,EXTREME_TYPE1,4241,1,1,"(113.09, 22.8)"
59673,2020-03-28 06:00:00,60.8,SURF,True,EXTREME_TYPE1,417,1,1,"(112.68, 21.6)"
59271,2020-04-11 18:00:00,1.4,SURF,True,NORMAL,16,0,0,
59471,2020-04-22 16:00:00,24.0,SURF,True,NORMAL,1884,0,0,
59654,2020-04-22 16:00:00,54.0,SURF,True,NORMAL,774,0,0,
59279,2020-04-22 18:00:00,19.6,SURF,True,NORMAL,69,0,0,
59297,2020-04-22 20:00:00,12.5,SURF,True,NORMAL,13,0,0,
59287,2020-05-10 15:00:00,21.0,SURF,True,NORMAL,4114,0,0,
59488,2020-05-10 19:00:00,36.9,SURF,True,EXTREME_TYPE1,3238,1,1,"(113.5, 22.4)"
59298,2020-05-16 17:00:00,53.0,SURF,True,EXTREME_TYPE1,2349,1,1,"(114.32, 23.2)"
59473,2020-05-16 23:00:00,6.4,SURF,True,EXTREME_TYPE1,59,13,13,"(112.8, 22.7);(112.8, 22.8);(112.9, 22.6);(112.9, 22.7);(112.9, 22.8);(112.9, 22.9);(113.0, 22.6);(113.0, 22.7);(113.0, 22.8);(113.0, 22.9);(113.1, 22.6);(113.1, 22.7);(113.1, 22.8)"
59314,2020-05-17 15:00:00,23.0,SURF,True,EXTREME_TYPE1,1430,1,1,"(116.36, 23.2)"
59655,2020-05-17 15:00:00,12.9,SURF,True,NORMAL,15,0,0,
59476,2020-05-17 17:00:00,78.8,SURF,True,EXTREME_TYPE1,2858,1,1,"(113.09, 22.4)"
59284,2020-05-17 21:00:00,14.0,SURF,True,NORMAL,44,0,0,
59297,2020-05-20 15:00:00,54.2,SURF,True,EXTREME_TYPE1,2367,1,1,"(114.32, 23.2)"
59284,2020-05-21 00:00:00,30.5,SURF,True,NORMAL,2786,0,0,
59673,2020-05-21 05:00:00,55.7,SURF,True,EXTREME_TYPE1,426,1,1,"(112.68, 21.6)"
59673,2020-05-21 06:00:00,106.2,SURF,True,EXTREME_TYPE1,425,1,1,"(112.68, 21.6)"
59673,2020-05-21 07:00:00,161.0,SURF,True,EXTREME_TYPE1,424,1,1,"(112.68, 21.6)"
59500,2020-05-21 19:00:00,21.4,SURF,True,NORMAL,1205,0,0,
59294,2020-05-22 00:00:00,92.5,SURF,True,NORMAL,3926,0,0,
59284,2020-05-22 02:00:00,13.7,SURF,True,NORMAL,44,0,0,
59287,2020-05-22 03:00:00,84.7,SURF,True,NORMAL,4033,0,0,
59480,2020-05-22 07:00:00,63.2,SURF,True,EXTREME_TYPE1,4193,1,1,"(113.09, 22.8)"
59477,2020-05-22 08:00:00,51.7,SURF,True,EXTREME_TYPE1,1487,1,1,"(112.27, 22.4)"
59476,2020-05-22 09:00:00,11.8,SURF,True,NORMAL,50,0,0,
59477,2020-05-25 05:00:00,5.8,SURF,True,NORMAL,29,0,0,
59478,2020-05-30 07:00:00,51.2,SURF,True,EXTREME_TYPE1,2237,1,1,"(112.68, 22.4)"
59298,2020-05-31 13:00:00,70.3,SURF,True,EXTREME_TYPE1,2374,1,1,"(114.32, 23.2)"
59663,2020-06-02 09:00:00,79.8,SURF,True,NORMAL,897,0,0,
59294,2020-06-05 12:00:00,32.0,SURF,True,EXTREME_TYPE1,3925,1,1,"(113.91, 23.2)"
59481,2020-06-05 17:00:00,17.0,SURF,True,NORMAL,104,0,0,
59664,2020-06-05 17:00:00,30.3,SURF,True,NORMAL,950,0,0,
59280,2020-06-06 16:00:00,56.0,SURF,True,EXTREME_TYPE1,2793,1,1,"(113.09, 23.6)"
59075,2020-06-07 03:00:00,54.4,SURF,True,NORMAL,963,0,0,
59319,2020-06-07 09:00:00,13.4,SURF,True,NORMAL,24,0,0,
59087,2020-06-07 18:00:00,52.2,SURF,True,EXTREME_TYPE1,1421,1,1,"(113.5, 24.0)"
59285,2020-06-07 22:00:00,52.7,SURF,True,EXTREME_TYPE1,2876,1,1,"(113.5, 23.6)"
59501,2020-06-08 07:00:00,45.3,SURF,True,NORMAL,966,0,0,
59297,2020-06-08 11:00:00,30.6,SURF,True,NORMAL,2370,0,0,
59294,2020-06-08 12:00:00,34.0,SURF,True,NORMAL,3913,0,0,
59297,2020-06-08 12:00:00,89.7,SURF,True,EXTREME_TYPE1,2370,1,1,"(114.32, 23.2)"
59285,2020-06-08 13:00:00,2.4,SURF,True,NORMAL,24,0,0,
59279,2020-06-09 19:00:00,16.0,SURF,True,NORMAL,69,0,0,
59750,2020-06-15 16:00:00,17.3,SURF,True,NORMAL,11,0,0,
59754,2020-07-04 19:00:00,1.3,SURF,True,NORMAL,12,0,0,
59075,2020-07-10 00:00:00,9.6,SURF,True,NORMAL,11,0,0,
59316,2020-07-14 21:00:00,41.8,SURF,True,NORMAL,1047,0,0,
59290,2020-07-31 12:00:00,2.5,SURF,True,NORMAL,9,0,0,
59315,2020-07-31 20:00:00,5.6,SURF,True,NORMAL,24,0,0,
59319,2020-08-11 07:00:00,7.5,SURF,True,NORMAL,25,0,0,
59500,2020-08-12 12:00:00,21.7,SURF,True,NORMAL,1214,0,0,
59289,2020-08-12 14:00:00,34.3,SURF,True,EXTREME_TYPE1,3831,1,1,"(113.91, 22.8)"
59650,2020-08-15 17:00:00,75.6,SURF,True,EXTREME_TYPE1,789,1,1,"(110.23, 21.6)"
59316,2020-08-18 16:00:00,7.8,SURF,True,NORMAL,35,0,0,
59488,2020-08-19 08:00:00,10.3,SURF,True,NORMAL,17,0,0,
59478,2020-08-19 10:00:00,55.8,SURF,True,NORMAL,2244,0,0,
59654,2020-08-19 15:00:00,5.5,SURF,True,NORMAL,15,0,0,
59502,2020-08-24 21:00:00,52.9,SURF,True,EXTREME_TYPE1,984,1,1,"(115.55, 22.8)"
59269,2020-08-26 15:00:00,6.3,SURF,True,NORMAL,15,0,0,
59476,2020-08-26 19:00:00,37.4,SURF,True,EXTREME_TYPE1,2858,1,1,"(113.09, 22.4)"
59117,2020-08-27 19:00:00,45.1,SURF,True,EXTREME_TYPE1,1090,1,1,"(115.95, 24.4)"
59284,2020-09-05 10:00:00,25.2,SURF,True,EXTREME_TYPE1,2800,1,1,"(113.09, 23.6)"
59486,2020-09-05 12:00:00,17.5,SURF,True,EXTREME_TYPE1,64,11,11,"(113.8, 22.5);(113.8, 22.6);(113.8, 22.7);(113.8, 22.8);(113.9, 22.5);(113.9, 22.6);(113.9, 22.7);(113.9, 22.8);(114.0, 22.6);(114.0, 22.7);(114.0, 22.8)"
59270,2020-09-06 23:00:00,15.2,SURF,True,EXTREME_TYPE1,10,2,2,"(112.3, 23.8);(112.3, 23.9)"
59072,2020-09-07 18:00:00,25.2,SURF,True,EXTREME_TYPE1,584,1,1,"(112.27, 24.8)"
59264,2020-09-12 01:00:00,65.0,SURF,True,EXTREME_TYPE1,654,1,1,"(111.45, 23.2)"
59315,2020-09-12 16:00:00,60.3,SURF,True,EXTREME_TYPE1,1689,1,1,"(116.36, 23.6)"
59475,2020-09-12 17:00:00,65.1,SURF,True,EXTREME_TYPE1,2275,1,1,"(112.68, 22.4)"
59106,2020-09-13 20:00:00,12.2,SURF,True,EXTREME_TYPE1,21,11,6,"(115.7, 24.5);(115.8, 24.6);(115.8, 24.7);(115.9, 24.6);(115.9, 24.7);(116.0, 24.6)"
59271,2020-09-20 09:00:00,35.5,SURF,True,EXTREME_TYPE1,1229,1,1,"(112.27, 23.6)"
59673,2020-09-23 11:00:00,20.3,SURF,True,EXTREME_TYPE1,417,1,1,"(112.68, 21.6)"
59673,2020-09-23 12:00:00,52.7,SURF,True,EXTREME_TYPE1,418,1,1,"(112.68, 21.6)"
59462,2020-09-24 02:00:00,44.0,SURF,True,EXTREME_TYPE1,890,1,1,"(111.45, 22.8)"
59088,2020-09-30 08:00:00,31.8,SURF,True,EXTREME_TYPE1,1428,1,1,"(113.5, 24.0)"
59486,2020-09-30 17:00:00,60.6,SURF,True,EXTREME_TYPE1,3799,1,1,"(113.91, 22.8)"
59653,2020-09-30 17:00:00,68.5,SURF,True,EXTREME_TYPE1,1084,1,1,"(111.05, 22.0)"
59653,2020-10-13 22:00:00,2.1,SURF,True,NORMAL,17,0,0,
59656,2020-10-15 00:00:00,22.0,SURF,True,NORMAL,959,0,0,
59654,2021-04-26 08:00:00,65.9,SURF,True,EXTREME_TYPE1,792,1,1,"(110.23, 21.6)"
59290,2021-04-26 22:00:00,8.6,SURF,True,NORMAL,9,0,0,
59655,2021-05-02 14:00:00,55.0,SURF,True,EXTREME_TYPE1,970,1,1,"(110.64, 21.6)"
59285,2021-05-03 00:00:00,1.0,SURF,True,NORMAL,24,0,0,
59750,2021-05-03 17:00:00,43.1,SURF,True,NORMAL,497,0,0,
59071,2021-05-04 08:00:00,15.1,SURF,True,NORMAL,18,0,0,
59294,2021-05-25 05:00:00,4.3,SURF,True,NORMAL,15,0,0,
59316,2021-05-31 08:00:00,5.2,SURF,True,NORMAL,35,0,0,
59317,2021-05-31 08:00:00,62.4,SURF,True,NORMAL,850,0,0,
59488,2021-06-01 04:00:00,62.2,SURF,True,EXTREME_TYPE1,3239,1,1,"(113.5, 22.4)"
59284,2021-06-01 16:00:00,76.0,SURF,True,NORMAL,2926,0,0,
59264,2021-06-02 15:00:00,30.2,SURF,True,NORMAL,689,0,0,
59287,2021-06-04 04:00:00,12.0,SURF,True,NORMAL,48,0,0,
59456,2021-06-08 18:00:00,63.7,SURF,True,FALSE,812,1,0,
59293,2021-06-10 20:00:00,8.5,SURF,True,EXTREME_TYPE1,9,8,8,"(114.6, 23.7);(114.6, 23.8);(114.7, 23.7);(114.7, 23.8);(114.7, 23.9);(114.8, 23.7);(114.8, 23.8);(114.8, 23.9)"
59270,2021-06-14 17:00:00,14.7,SURF,True,EXTREME_TYPE1,13,2,2,"(112.3, 23.8);(112.3, 23.9)"
59480,2021-06-22 06:00:00,55.3,SURF,True,NORMAL,4355,0,0,
59481,2021-06-22 09:00:00,2.1,SURF,True,NORMAL,103,0,0,
59074,2021-06-22 15:00:00,52.3,SURF,True,EXTREME_TYPE1,775,1,1,"(112.27, 24.4)"
59107,2021-06-22 15:00:00,30.5,SURF,True,EXTREME_TYPE1,1096,1,1,"(115.14, 24.0)"
59096,2021-06-22 19:00:00,8.4,SURF,True,NORMAL,6,0,0,
59264,2021-06-23 16:00:00,2.0,SURF,True,NORMAL,12,0,0,
59487,2021-06-24 06:00:00,10.3,SURF,True,NORMAL,50,0,0,
59280,2021-06-25 18:00:00,54.6,SURF,True,EXTREME_TYPE1,2925,1,1,"(113.09, 23.6)"
59477,2021-06-25 18:00:00,10.1,SURF,True,EXTREME_TYPE1,31,10,5,"(112.2, 22.1);(112.2, 22.2);(112.2, 22.3);(112.3, 22.1);(112.3, 22.2)"
59114,2021-06-29 12:00:00,16.3,SURF,True,NORMAL,16,0,0,
59477,2021-06-30 11:00:00,2.0,SURF,True,EXTREME_TYPE1,31,10,8,"(112.2, 22.2);(112.2, 22.3);(112.2, 22.4);(112.3, 22.2);(112.3, 22.3);(112.3, 22.4);(112.4, 22.2);(112.4, 22.3)"
59655,2021-06-30 15:00:00,53.7,SURF,True,EXTREME_TYPE1,969,1,1,"(110.64, 21.6)"
59488,2021-07-19 03:00:00,25.2,SURF,True,EXTREME_TYPE1,3313,1,1,"(113.5, 22.4)"
59471,2021-07-21 19:00:00,26.2,SURF,True,EXTREME_TYPE1,2005,1,1,"(112.27, 22.8)"
59071,2021-07-21 21:00:00,5.2,SURF,True,EXTREME_TYPE1,18,11,11,"(112.1, 24.7);(112.2, 24.6);(112.2, 24.7);(112.2, 24.8);(112.3, 24.6);(112.3, 24.7);(112.3, 24.8);(112.3, 24.9);(112.4, 24.6);(112.4, 24.7);(112.4, 24.8)"
59493,2021-07-25 00:00:00,65.3,SURF,True,EXTREME_TYPE1,2763,1,1,"(113.91, 22.4)"
59298,2021-07-27 21:00:00,26.9,SURF,True,NORMAL,2477,0,0,
59099,2021-07-30 17:00:00,57.5,SURF,True,EXTREME_TYPE1,931,1,1,"(115.14, 24.4)"
59106,2021-08-08 18:00:00,50.4,SURF,True,EXTREME_TYPE1,1223,1,1,"(115.95, 24.4)"
59280,2021-08-09 10:00:00,59.4,SURF,True,EXTREME_TYPE1,2992,1,1,"(113.09, 23.6)"
59280,2021-08-09 11:00:00,60.9,SURF,True,EXTREME_TYPE1,2993,1,1,"(113.09, 23.6)"
59297,2021-08-09 16:00:00,82.0,SURF,True,EXTREME_TYPE1,2496,1,1,"(114.32, 23.2)"
59487,2021-08-10 05:00:00,89.1,SURF,True,EXTREME_TYPE1,3321,1,1,"(113.5, 22.4)"
59289,2021-08-10 06:00:00,48.0,SURF,True,NORMAL,3935,0,0,
59488,2021-08-14 05:00:00,29.1,SURF,True,EXTREME_TYPE1,3319,1,1,"(113.5, 22.4)"
57989,2021-08-15 18:00:00,48.6,SURF,True,EXTREME_TYPE1,790,1,1,"(113.91, 25.2)"
59090,2021-08-18 09:00:00,52.4,SURF,True,EXTREME_TYPE1,1070,1,1,"(113.91, 24.8)"
57988,2021-08-18 18:00:00,14.3,SURF,True,NORMAL,18,0,0,
59487,2021-08-18 19:00:00,56.5,SURF,True,EXTREME_TYPE1,3331,1,1,"(113.5, 22.4)"
59081,2021-08-19 17:00:00,49.1,SURF,True,EXTREME_TYPE1,1067,1,1,"(113.09, 24.8)"
59487,2021-08-27 09:00:00,23.2,SURF,True,NORMAL,3321,0,0,
59287,2021-08-31 06:00:00,40.0,SURF,True,EXTREME_TYPE1,4388,1,1,"(113.5, 23.2)"
59470,2021-09-01 15:00:00,38.6,SURF,True,EXTREME_TYPE1,1999,1,1,"(112.27, 22.8)"
59502,2021-09-06 15:00:00,50.8,SURF,True,EXTREME_TYPE1,1047,1,1,"(115.55, 22.8)"
59106,2021-09-08 22:00:00,7.8,SURF,True,EXTREME_TYPE1,21,11,8,"(115.7, 24.5);(115.8, 24.4);(115.8, 24.5);(115.8, 24.6);(115.9, 24.4);(115.9, 24.5);(115.9, 24.6);(116.0, 24.5)"
59750,2021-09-14 08:00:00,6.1,SURF,True,FALSE,11,2,0,
59476,2021-09-14 12:00:00,50.8,SURF,True,EXTREME_TYPE1,2913,1,1,"(113.09, 22.4)"
59486,2021-09-14 14:00:00,61.7,SURF,True,NORMAL,3953,0,0,
59456,2021-09-17 16:00:00,61.0,SURF,True,EXTREME_TYPE1,813,1,1,"(111.05, 22.4)"
59315,2021-10-01 00:00:00,27.4,SURF,True,EXTREME_TYPE1,1798,1,1,"(116.36, 23.6)"
59754,2021-10-05 10:00:00,61.3,SURF,True,EXTREME_TYPE1,259,1,1,"(110.23, 20.4)"
59317,2021-10-07 17:00:00,14.8,SURF,True,EXTREME_TYPE1,29,9,9,"(116.2, 22.9);(116.2, 23.0);(116.2, 23.1);(116.3, 22.9);(116.3, 23.0);(116.3, 23.1);(116.4, 22.9);(116.4, 23.0);(116.4, 23.1)"
59487,2021-10-08 13:00:00,17.4,SURF,True,NORMAL,53,0,0,
59486,2021-10-08 14:00:00,15.8,SURF,True,NORMAL,65,0,0,
59298,2021-10-08 21:00:00,3.8,SURF,True,NORMAL,19,0,0,
59485,2021-10-09 03:00:00,20.7,SURF,True,NORMAL,3334,0,0,
59655,2021-10-10 00:00:00,51.3,SURF,True,EXTREME_TYPE1,960,1,1,"(110.64, 21.6)"
59754,2021-10-15 08:00:00,51.1,SURF,True,EXTREME_TYPE1,264,1,1,"(110.23, 20.4)"
59271,2021-10-29 22:00:00,3.6,SURF,True,NORMAL,19,0,0,
59269,2021-12-20 18:00:00,1.2,SURF,True,NORMAL,16,0,0,
59473,2022-02-01 11:00:00,4.1,SURF,True,NORMAL,60,0,0,
59114,2022-02-03 07:00:00,6.4,SURF,True,NORMAL,16,0,0,
59088,2022-02-08 19:00:00,2.1,SURF,True,NORMAL,12,0,0,
G5605,2022-02-12 01:00:00,159.5,AWST,False,FALSE,1063,1,0,
G5605,2022-02-12 02:00:00,179.0,AWST,False,FALSE,1063,1,0,
G5605,2022-02-12 04:00:00,160.3,AWST,False,FALSE,1065,1,0,
G5605,2022-02-12 06:00:00,147.2,AWST,False,FALSE,1065,1,0,
G5605,2022-02-12 07:00:00,125.5,AWST,False,FALSE,1065,1,0,
G5605,2022-02-12 10:00:00,79.5,AWST,False,FALSE,1065,1,0,
G5605,2022-02-12 11:00:00,134.7,AWST,False,FALSE,1065,1,0,
59096,2022-02-19 14:00:00,2.1,SURF,True,NORMAL,6,0,0,
59313,2022-02-19 22:00:00,7.1,SURF,True,NORMAL,10,0,0,
59487,2022-02-19 23:00:00,2.8,SURF,True,NORMAL,55,0,0,
59475,2022-02-20 13:00:00,3.1,SURF,True,NORMAL,31,0,0,
59476,2022-02-21 01:00:00,1.2,SURF,True,NORMAL,52,0,0,
59319,2022-03-20 16:00:00,31.1,SURF,True,EXTREME_TYPE1,1361,1,1,"(116.77, 23.6)"
59293,2022-03-22 22:00:00,10.9,SURF,True,NORMAL,9,0,0,
59072,2022-03-23 05:00:00,5.8,SURF,True,NORMAL,15,0,0,
59290,2022-03-26 16:00:00,21.7,SURF,True,EXTREME_TYPE1,1530,1,1,"(114.32, 23.6)"
59493,2022-03-28 02:00:00,12.0,SURF,True,NORMAL,113,0,0,
59284,2022-04-19 02:00:00,1.2,SURF,True,NORMAL,48,0,0,
59287,2022-04-23 21:00:00,53.1,SURF,True,NORMAL,5054,0,0,
59271,2022-04-30 20:00:00,62.9,SURF,True,EXTREME_TYPE1,1478,1,1,"(112.27, 23.6)"
59271,2022-05-01 06:00:00,5.1,SURF,True,NORMAL,19,0,0,
59473,2022-05-01 18:00:00,2.4,SURF,True,NORMAL,63,0,0,
59456,2022-05-11 01:00:00,39.9,SURF,True,NORMAL,811,0,0,
59663,2022-05-11 05:00:00,60.1,SURF,True,NORMAL,995,0,0,
59488,2022-05-11 06:00:00,79.2,SURF,True,EXTREME_TYPE1,3722,1,1,"(113.5, 22.4)"
59488,2022-05-11 07:00:00,62.7,SURF,True,EXTREME_TYPE1,3720,1,1,"(113.5, 22.4)"
59280,2022-05-11 12:00:00,65.8,SURF,True,EXTREME_TYPE1,3258,1,1,"(113.09, 23.6)"
59088,2022-05-11 13:00:00,12.8,SURF,True,NORMAL,13,0,0,
59096,2022-05-11 14:00:00,3.5,SURF,True,NORMAL,6,0,0,
59298,2022-05-11 21:00:00,11.9,SURF,True,EXTREME_TYPE1,20,12,12,"(114.2, 23.0);(114.2, 23.1);(114.3, 23.0);(114.3, 23.1);(114.3, 23.2);(114.4, 22.9);(114.4, 23.0);(114.4, 23.1);(114.4, 23.2);(114.5, 23.0);(114.5, 23.1);(114.5, 23.2)"
59478,2022-05-12 07:00:00,32.7,SURF,True,NORMAL,2385,0,0,
59270,2022-05-12 12:00:00,24.2,SURF,True,NORMAL,860,0,0,
59087,2022-05-12 14:00:00,7.0,SURF,True,NORMAL,15,0,0,
59303,2022-05-13 15:00:00,8.5,SURF,True,NORMAL,15,0,0,
59477,2022-05-13 18:00:00,62.2,SURF,True,EXTREME_TYPE1,1611,1,1,"(112.27, 22.4)"
59664,2022-05-15 15:00:00,38.7,SURF,True,NORMAL,985,0,0,
59297,2022-05-21 15:00:00,10.9,SURF,True,EXTREME_TYPE1,13,11,2,"(114.1, 23.1);(114.2, 23.1)"
59075,2022-05-22 08:00:00,6.3,SURF,True,NORMAL,14,0,0,
59650,2022-05-22 12:00:00,1.9,SURF,True,NORMAL,14,0,0,
59312,2022-05-25 15:00:00,11.4,SURF,True,EXTREME_TYPE1,20,10,10,"(116.6, 23.6);(116.6, 23.7);(116.6, 23.8);(116.7, 23.5);(116.7, 23.6);(116.7, 23.7);(116.7, 23.8);(116.8, 23.6);(116.8, 23.7);(116.8, 23.8)"
59096,2022-05-26 08:00:00,26.2,SURF,True,EXTREME_TYPE1,892,1,1,"(114.32, 24.4)"
59106,2022-05-27 03:00:00,56.6,SURF,True,EXTREME_TYPE1,1234,1,1,"(115.95, 24.4)"
59487,2022-05-27 06:00:00,10.3,SURF,True,EXTREME_TYPE1,54,10,10,"(113.2, 22.1);(113.2, 22.2);(113.2, 22.3);(113.3, 22.1);(113.3, 22.2);(113.3, 22.3);(113.3, 22.4);(113.4, 22.1);(113.4, 22.2);(113.4, 22.3)"
59099,2022-05-27 16:00:00,50.7,SURF,True,NORMAL,926,0,0,
59109,2022-05-27 17:00:00,5.8,SURF,True,NORMAL,18,0,0,
59500,2022-05-28 08:00:00,18.9,SURF,True,EXTREME_TYPE1,31,10,10,"(115.2, 22.9);(115.2, 23.0);(115.2, 23.1);(115.3, 22.9);(115.3, 23.0);(115.3, 23.1);(115.4, 22.9);(115.4, 23.0);(115.4, 23.1);(115.5, 23.0)"
G4540,2022-06-02 03:00:00,1.6,AWST,False,NORMAL,16,0,0,
G4540,2022-06-02 09:00:00,3.7,AWST,False,FALSE,16,1,0,
G4540,2022-06-02 14:00:00,199.3,AWST,False,FALSE,1083,1,0,
G4540,2022-06-02 15:00:00,72.1,AWST,False,EXTREME_TYPE5,1085,1,1,"(113.09, 24.8)"
59312,2022-06-03 18:00:00,58.9,SURF,True,EXTREME_TYPE1,1364,1,1,"(116.77, 23.6)"
59500,2022-06-06 15:00:00,51.4,SURF,True,EXTREME_TYPE1,1298,1,1,"(115.14, 23.2)"
59284,2022-06-06 17:00:00,94.7,SURF,True,NORMAL,3250,0,0,
59075,2022-06-06 18:00:00,51.7,SURF,True,NORMAL,1025,0,0,
59097,2022-06-06 19:00:00,7.4,SURF,True,NORMAL,16,0,0,
59117,2022-06-07 18:00:00,56.9,SURF,True,EXTREME_TYPE1,1243,1,1,"(115.95, 24.4)"
59750,2022-06-08 11:00:00,10.5,SURF,True,NORMAL,11,0,0,
59653,2022-06-08 15:00:00,50.9,SURF,True,NORMAL,1113,0,0,
59314,2022-06-09 17:00:00,19.3,SURF,True,NORMAL,52,0,0,
59654,2022-06-10 18:00:00,56.2,SURF,True,EXTREME_TYPE1,799,1,1,"(110.23, 21.6)"
59659,2022-06-11 09:00:00,38.4,SURF,True,NORMAL,976,0,0,
59478,2022-06-11 11:00:00,51.5,SURF,True,NORMAL,2396,0,0,
59099,2022-06-12 10:00:00,51.3,SURF,True,EXTREME_TYPE1,938,1,1,"(115.14, 24.4)"
59500,2022-06-12 11:00:00,107.3,SURF,True,EXTREME_TYPE1,1276,1,1,"(115.14, 23.2)"
59087,2022-06-12 20:00:00,5.6,SURF,True,NORMAL,15,0,0,
59107,2022-06-13 06:00:00,6.5,SURF,True,NORMAL,36,0,0,
57996,2022-06-13 19:00:00,13.1,SURF,True,NORMAL,21,0,0,
59269,2022-06-14 10:00:00,55.4,SURF,True,EXTREME_TYPE1,1164,1,1,"(111.86, 23.2)"
59099,2022-06-14 11:00:00,4.1,SURF,True,NORMAL,12,0,0,
59293,2022-06-14 11:00:00,44.0,SURF,True,NORMAL,1054,0,0,
59097,2022-06-16 23:00:00,27.9,SURF,True,NORMAL,979,0,0,
59290,2022-06-17 21:00:00,10.2,SURF,True,EXTREME_TYPE1,9,7,1,"(114.3, 23.9)"
59280,2022-06-18 05:00:00,20.3,SURF,True,NORMAL,3196,0,0,
59082,2022-06-19 10:00:00,56.7,SURF,True,EXTREME_TYPE1,1051,1,1,"(113.5, 24.8)"
59469,2022-06-20 01:00:00,36.0,SURF,True,EXTREME_TYPE1,987,1,1,"(111.86, 22.0)"
59082,2022-06-20 07:00:00,27.1,SURF,True,NORMAL,1043,0,0,
57988,2022-06-20 08:00:00,15.0,SURF,True,NORMAL,18,0,0,
59082,2022-06-21 08:00:00,51.8,SURF,True,NORMAL,1040,0,0,
59096,2022-06-27 15:00:00,1.1,SURF,True,EXTREME_TYPE1,6,5,5,"(114.3, 24.4);(114.4, 24.3);(114.4, 24.4);(114.5, 24.3);(114.6, 24.4)"
59288,2022-06-30 14:00:00,6.7,SURF,True,NORMAL,101,0,0,
59270,2022-07-04 09:00:00,11.5,SURF,True,NORMAL,13,0,0,
59297,2022-07-04 10:00:00,34.5,SURF,True,NORMAL,2977,0,0,
59117,2022-07-06 12:00:00,37.5,SURF,True,EXTREME_TYPE1,1240,1,1,"(115.95, 24.4)"
59294,2022-07-06 12:00:00,68.6,SURF,True,EXTREME_TYPE1,4694,1,1,"(113.91, 23.2)"
59303,2022-07-06 13:00:00,13.7,SURF,True,NORMAL,15,0,0,
59456,2022-07-07 05:00:00,38.7,SURF,True,NORMAL,805,0,0,
59659,2022-07-07 07:00:00,63.9,SURF,True,NORMAL,971,0,0,
59469,2022-07-07 09:00:00,63.1,SURF,True,EXTREME_TYPE1,990,1,1,"(111.86, 22.0)"
59750,2022-07-30 16:00:00,53.6,SURF,True,EXTREME_TYPE1,515,1,1,"(110.23, 20.8)"
59319,2022-07-31 16:00:00,25.9,SURF,True,EXTREME_TYPE1,1345,1,1,"(116.77, 23.6)"
59288,2022-08-03 03:00:00,55.5,SURF,True,EXTREME_TYPE1,4632,1,1,"(113.09, 23.2)"
59280,2022-08-03 20:00:00,57.3,SURF,True,EXTREME_TYPE1,3244,1,1,"(113.09, 23.6)"
59477,2022-08-04 01:00:00,2.2,SURF,True,NORMAL,30,0,0,
59659,2022-08-04 16:00:00,60.1,SURF,True,EXTREME_TYPE1,997,1,1,"(111.05, 21.6)"
59473,2022-08-04 18:00:00,55.8,SURF,True,EXTREME_TYPE1,4994,1,1,"(113.09, 22.8)"
59673,2022-08-04 20:00:00,36.4,SURF,True,EXTREME_TYPE1,480,1,1,"(112.68, 21.6)"
59493,2022-08-05 04:00:00,34.2,SURF,True,EXTREME_TYPE1,3302,1,1,"(113.91, 22.4)"
59314,2022-08-05 11:00:00,33.3,SURF,True,EXTREME_TYPE1,1609,1,1,"(116.36, 23.2)"
59270,2022-08-08 18:00:00,32.6,SURF,True,NORMAL,861,0,0,
59673,2022-08-09 20:00:00,16.2,SURF,True,NORMAL,0,0,0,
59656,2022-08-10 12:00:00,67.8,SURF,True,EXTREME_TYPE1,976,1,1,"(110.64, 21.6)"
59269,2022-08-11 01:00:00,9.6,SURF,True,NORMAL,16,0,0,
59288,2022-08-12 11:00:00,2.2,SURF,True,NORMAL,102,0,0,
59289,2022-08-25 18:00:00,28.3,SURF,True,EXTREME_TYPE1,4496,1,1,"(113.91, 22.8)"
59469,2022-08-26 05:00:00,17.4,SURF,True,EXTREME_TYPE1,13,10,8,"(111.7, 22.0);(111.7, 22.1);(111.7, 22.2);(111.7, 22.3);(111.8, 22.0);(111.8, 22.1);(111.8, 22.2);(111.9, 22.0)"
59477,2022-08-31 22:00:00,21.8,SURF,True,EXTREME_TYPE1,1621,1,1,"(112.27, 22.4)"
59658,2022-09-08 11:00:00,33.7,SURF,True,NORMAL,695,0,0,
59297,2022-09-08 17:00:00,67.1,SURF,True,EXTREME_TYPE1,3025,1,1,"(114.32, 23.2)"
59264,2022-09-08 19:00:00,53.0,SURF,True,NORMAL,691,0,0,
59264,2022-09-08 20:00:00,19.8,SURF,True,NORMAL,12,0,0,
59071,2022-09-09 02:00:00,30.0,SURF,True,NORMAL,599,0,0,
59654,2022-09-09 17:00:00,17.9,SURF,True,EXTREME_TYPE1,15,8,4,"(110.2, 21.5);(110.2, 21.7);(110.3, 21.6);(110.3, 21.7)"
59750,2022-09-16 13:00:00,22.4,SURF,True,EXTREME_TYPE1,530,1,1,"(110.23, 20.8)"
59469,2022-09-24 17:00:00,17.2,SURF,True,FALSE,13,10,0,
59754,2022-09-27 20:00:00,13.3,SURF,True,NORMAL,13,0,0,
59658,2022-09-29 13:00:00,23.3,SURF,True,NORMAL,695,0,0,
59750,2022-09-30 06:00:00,69.3,SURF,True,EXTREME_TYPE1,520,1,1,"(110.23, 20.8)"
59473,2022-09-30 12:00:00,17.3,SURF,True,NORMAL,61,0,0,
59475,2022-09-30 13:00:00,42.5,SURF,True,EXTREME_TYPE1,2430,1,1,"(112.68, 22.4)"
59485,2022-09-30 18:00:00,27.2,SURF,True,EXTREME_TYPE1,3762,1,1,"(113.5, 22.4)"
59314,2022-10-07 18:00:00,54.0,SURF,True,EXTREME_TYPE1,1587,1,1,"(116.36, 23.2)"
59315,2022-10-07 18:00:00,1.8,SURF,True,EXTREME_TYPE1,25,9,9,"(116.3, 23.5);(116.3, 23.6);(116.3, 23.7);(116.4, 23.5);(116.4, 23.6);(116.4, 23.7);(116.5, 23.5);(116.5, 23.6);(116.5, 23.7)"
59500,2022-11-02 06:00:00,5.8,SURF,True,NORMAL,28,0,0,
59493,2022-11-07 04:00:00,2.8,SURF,True,NORMAL,114,0,0,
59276,2022-11-22 05:00:00,1.1,SURF,True,NORMAL,50,0,0,
59106,2022-11-23 01:00:00,4.6,SURF,True,NORMAL,20,0,0,
59264,2022-11-25 07:00:00,8.9,SURF,True,NORMAL,12,0,0,
59270,2023-01-09 03:00:00,1.1,SURF,True,NORMAL,13,0,0,
59664,2023-01-10 09:00:00,1.8,SURF,True,NORMAL,25,0,0,
59114,2023-03-23 16:00:00,22.2,SURF,True,NORMAL,553,0,0,
59081,2023-03-24 03:00:00,15.9,SURF,True,NORMAL,19,0,0,
59293,2023-03-25 13:00:00,33.3,SURF,True,NORMAL,1127,0,0,
59663,2023-03-25 23:00:00,66.8,SURF,True,EXTREME_TYPE1,1000,1,1,"(111.86, 22.0)"
59270,2023-03-29 03:00:00,15.4,SURF,True,NORMAL,11,0,0,
59096,2023-03-29 07:00:00,2.1,SURF,True,NORMAL,8,0,0,
59501,2023-03-31 07:00:00,12.8,SURF,True,NORMAL,32,0,0,
59088,2023-03-31 21:00:00,5.1,SURF,True,NORMAL,13,0,0,
59097,2023-04-05 13:00:00,10.8,SURF,True,NORMAL,16,0,0,
59500,2023-04-05 20:00:00,70.9,SURF,True,NORMAL,1286,0,0,
59501,2023-04-05 21:00:00,60.2,SURF,True,NORMAL,1048,0,0,
59314,2023-04-06 22:00:00,7.4,SURF,True,EXTREME_TYPE1,54,9,9,"(116.1, 23.3);(116.1, 23.4);(116.1, 23.5);(116.2, 23.3);(116.2, 23.4);(116.2, 23.5);(116.3, 23.3);(116.3, 23.4);(116.3, 23.5)"
59096,2023-04-19 10:00:00,52.9,SURF,True,NORMAL,980,0,0,
59082,2023-04-19 11:00:00,59.8,SURF,True,NORMAL,1075,0,0,
59276,2023-04-29 11:00:00,5.8,SURF,True,NORMAL,50,0,0,
59094,2023-05-07 03:00:00,1.4,SURF,True,NORMAL,12,0,0,
59087,2023-05-07 06:00:00,29.1,SURF,True,NORMAL,1707,0,0,
59270,2023-05-07 12:00:00,1.8,SURF,True,NORMAL,12,0,0,
59473,2023-05-07 12:00:00,24.4,SURF,True,NORMAL,5259,0,0,
59088,2023-05-18 16:00:00,18.7,SURF,True,EXTREME_TYPE1,13,10,10,"(113.3, 24.1);(113.3, 24.2);(113.3, 24.3);(113.4, 24.1);(113.4, 24.2);(113.4, 24.3);(113.5, 24.1);(113.5, 24.2);(113.5, 24.3);(113.6, 24.2)"
59316,2023-05-19 03:00:00,60.7,SURF,True,EXTREME_TYPE1,1237,1,1,"(116.77, 23.2)"
59314,2023-05-22 23:00:00,57.7,SURF,True,EXTREME_TYPE1,1648,1,1,"(116.36, 23.2)"
59663,2023-05-24 12:00:00,33.7,SURF,True,NORMAL,1039,0,0,
59470,2023-06-01 10:00:00,52.3,SURF,True,EXTREME_TYPE1,2121,1,1,"(112.27, 22.8)"
59315,2023-06-01 17:00:00,85.2,SURF,True,EXTREME_TYPE1,1922,1,1,"(116.36, 23.6)"
59312,2023-06-02 18:00:00,40.6,SURF,True,EXTREME_TYPE1,1409,1,1,"(116.77, 23.6)"
59288,2023-06-04 05:00:00,44.5,SURF,True,EXTREME_TYPE1,5380,1,1,"(113.09, 23.2)"
59473,2023-06-08 11:00:00,15.3,SURF,True,EXTREME_TYPE1,65,13,13,"(112.8, 22.7);(112.8, 22.8);(112.9, 22.6);(112.9, 22.7);(112.9, 22.8);(112.9, 22.9);(113.0, 22.6);(113.0, 22.7);(113.0, 22.8);(113.0, 22.9);(113.1, 22.6);(113.1, 22.7);(113.1, 22.8)"
59293,2023-06-10 01:00:00,55.7,SURF,True,EXTREME_TYPE1,1146,1,1,"(114.73, 23.6)"
59656,2023-06-10 07:00:00,58.6,SURF,True,NORMAL,1047,0,0,
59475,2023-06-10 19:00:00,32.5,SURF,True,EXTREME_TYPE1,2581,1,1,"(112.68, 22.4)"
59485,2023-06-14 20:00:00,44.5,SURF,True,EXTREME_TYPE1,4040,1,1,"(113.5, 22.4)"
59317,2023-06-15 01:00:00,51.3,SURF,True,NORMAL,923,0,0,
59493,2023-06-15 01:00:00,50.7,SURF,True,NORMAL,3486,0,0,
59673,2023-06-16 11:00:00,30.4,SURF,True,EXTREME_TYPE1,494,1,1,"(112.68, 21.6)"
59476,2023-06-17 04:00:00,5.3,SURF,True,NORMAL,61,0,0,
59481,2023-06-17 05:00:00,6.5,SURF,True,NORMAL,138,0,0,
59071,2023-06-22 22:00:00,1.6,SURF,True,NORMAL,17,0,0,
59088,2023-06-23 04:00:00,53.7,SURF,True,EXTREME_TYPE1,1769,1,1,"(113.5, 24.0)"
59477,2023-06-23 04:00:00,84.8,SURF,True,EXTREME_TYPE1,1691,1,1,"(112.27, 22.4)"
59289,2023-06-24 05:00:00,21.4,SURF,True,EXTREME_TYPE1,4969,1,1,"(113.91, 22.8)"
59650,2023-06-24 08:00:00,68.4,SURF,True,NORMAL,825,0,0,
59074,2023-06-25 04:00:00,10.0,SURF,True,NORMAL,22,0,0,
59471,2023-06-26 14:00:00,64.0,SURF,True,EXTREME_TYPE1,2129,1,1,"(112.27, 22.8)"
59298,2023-06-26 17:00:00,76.8,SURF,True,EXTREME_TYPE1,3346,1,1,"(114.32, 23.2)"
59318,2023-06-27 11:00:00,22.4,SURF,True,EXTREME_TYPE1,1226,1,1,"(116.77, 23.2)"
59107,2023-07-02 14:00:00,9.1,SURF,True,EXTREME_TYPE1,37,10,10,"(115.1, 24.1);(115.2, 24.0);(115.2, 24.1);(115.2, 24.2);(115.3, 24.0);(115.3, 24.1);(115.3, 24.2);(115.4, 24.0);(115.4, 24.1);(115.4, 24.2)"
59298,2023-07-02 14:00:00,53.0,SURF,True,EXTREME_TYPE1,3316,1,1,"(114.32, 23.2)"
59488,2023-07-04 12:00:00,21.7,SURF,True,EXTREME_TYPE1,4030,1,1,"(113.5, 22.4)"
59271,2023-07-16 18:00:00,2.3,SURF,True,NORMAL,19,0,0,
59324,2023-07-17 00:00:00,1.5,SURF,True,NORMAL,10,0,0,
59655,2023-07-17 21:00:00,51.6,SURF,True,NORMAL,1047,0,0,
59500,2023-07-18 08:00:00,25.9,SURF,True,NORMAL,1443,0,0,
59488,2023-07-18 13:00:00,6.9,SURF,True,NORMAL,22,0,0,
59106,2023-07-22 03:00:00,50.5,SURF,True,NORMAL,1255,0,0,
59502,2023-07-29 05:00:00,42.7,SURF,True,EXTREME_TYPE1,1087,1,1,"(115.55, 22.8)"
59487,2023-07-29 07:00:00,54.5,SURF,True,EXTREME_TYPE1,4250,1,1,"(113.5, 22.4)"
59502,2023-07-29 11:00:00,26.9,SURF,True,NORMAL,1073,0,0,
59284,2023-07-30 02:00:00,101.9,SURF,True,EXTREME_TYPE1,3669,1,1,"(113.09, 23.6)"
59288,2023-07-30 14:00:00,62.5,SURF,True,EXTREME_TYPE1,5356,1,1,"(113.09, 23.2)"
59659,2023-07-30 14:00:00,1.4,SURF,True,EXTREME_TYPE1,21,10,8,"(110.8, 21.7);(110.8, 21.8);(110.9, 21.6);(110.9, 21.7);(110.9, 21.8);(110.9, 21.9);(111.0, 21.7);(111.0, 21.8)"
59500,2023-08-01 16:00:00,54.4,SURF,True,EXTREME_TYPE1,1399,1,1,"(115.14, 23.2)"
59284,2023-08-01 19:00:00,60.9,SURF,True,EXTREME_TYPE1,3701,1,1,"(113.09, 23.6)"
59090,2023-08-09 17:00:00,20.6,SURF,True,EXTREME_TYPE1,1185,1,1,"(113.91, 24.8)"
59493,2023-08-10 13:00:00,27.6,SURF,True,NORMAL,3521,0,0,
59071,2023-08-11 06:00:00,21.7,SURF,True,NORMAL,608,0,0,
59655,2023-08-11 13:00:00,51.2,SURF,True,EXTREME_TYPE1,1081,1,1,"(110.64, 21.6)"
59473,2023-08-13 09:00:00,1.1,SURF,True,EXTREME_TYPE1,101,13,13,"(112.8, 22.7);(112.8, 22.8);(112.9, 22.6);(112.9, 22.7);(112.9, 22.8);(112.9, 22.9);(113.0, 22.6);(113.0, 22.7);(113.0, 22.8);(113.0, 22.9);(113.1, 22.6);(113.1, 22.7);(113.1, 22.8)"
59492,2023-08-13 13:00:00,13.2,SURF,True,EXTREME_TYPE1,11,9,9,"(114.5, 23.0);(114.5, 23.1);(114.6, 22.9);(114.6, 23.0);(114.6, 23.1);(114.7, 22.9);(114.7, 23.0);(114.7, 23.1);(114.8, 22.9)"
59502,2023-08-17 15:00:00,69.9,SURF,True,EXTREME_TYPE1,1144,1,1,"(115.55, 22.8)"
59117,2023-08-19 16:00:00,4.0,SURF,True,NORMAL,23,0,0,
59107,2023-08-20 15:00:00,22.6,SURF,True,NORMAL,1331,0,0,
59117,2023-08-20 15:00:00,91.1,SURF,True,EXTREME_TYPE1,1261,1,1,"(115.95, 24.4)"
59297,2023-08-21 17:00:00,54.2,SURF,True,EXTREME_TYPE1,3518,1,1,"(114.32, 23.2)"
59477,2023-08-25 14:00:00,10.4,SURF,True,EXTREME_TYPE1,32,10,10,"(112.2, 22.1);(112.2, 22.2);(112.2, 22.3);(112.2, 22.4);(112.3, 22.1);(112.3, 22.2);(112.3, 22.3);(112.3, 22.4);(112.4, 22.2);(112.4, 22.3)"
59754,2023-08-29 16:00:00,24.5,SURF,True,EXTREME_TYPE1,303,1,1,"(110.23, 20.4)"
59298,2023-09-02 04:00:00,30.8,SURF,True,EXTREME_TYPE1,3470,1,1,"(114.32, 23.2)"
59306,2023-09-06 13:00:00,24.2,SURF,True,EXTREME_TYPE1,2006,1,1,"(115.95, 23.6)"
59289,2023-09-08 00:00:00,32.3,SURF,True,NORMAL,5163,0,0,
59487,2023-09-08 04:00:00,57.7,SURF,True,NORMAL,4284,0,0,
59487,2023-09-08 05:00:00,53.5,SURF,True,NORMAL,4285,0,0,
59469,2023-09-08 17:00:00,52.7,SURF,True,EXTREME_TYPE1,1075,1,1,"(111.86, 22.0)"
59663,2023-09-10 02:00:00,20.9,SURF,True,NORMAL,1078,0,0,
59654,2023-09-10 04:00:00,12.9,SURF,True,NORMAL,16,0,0,
59659,2023-09-10 04:00:00,81.3,SURF,True,EXTREME_TYPE1,1079,1,1,"(111.05, 21.6)"
59750,2023-09-10 04:00:00,53.5,SURF,True,NORMAL,598,0,0,
59653,2023-09-10 12:00:00,8.7,SURF,True,NORMAL,20,0,0,
59501,2023-09-13 12:00:00,19.3,SURF,True,EXTREME_TYPE1,37,11,11,"(115.2, 22.7);(115.2, 22.8);(115.3, 22.7);(115.3, 22.8);(115.3, 22.9);(115.4, 22.7);(115.4, 22.8);(115.4, 22.9);(115.5, 22.7);(115.5, 22.8);(115.5, 22.9)"
59658,2023-09-14 02:00:00,18.3,SURF,True,FALSE,25,9,0,
59278,2023-09-14 08:00:00,12.8,SURF,True,EXTREME_TYPE1,39,10,10,"(112.3, 23.0);(112.4, 22.9);(112.4, 23.0);(112.4, 23.1);(112.5, 22.9);(112.5, 23.0);(112.5, 23.1);(112.6, 22.9);(112.6, 23.0);(112.6, 23.1)"
59470,2023-09-14 18:00:00,1.1,SURF,True,NORMAL,17,0,0,
59081,2023-09-14 22:00:00,14.0,SURF,True,NORMAL,19,0,0,
59480,2023-09-14 22:00:00,5.1,SURF,True,NORMAL,116,0,0,
59650,2023-09-18 02:00:00,6.1,SURF,True,FALSE,15,11,0,
59087,2023-09-22 05:00:00,51.5,SURF,True,EXTREME_TYPE1,1819,1,1,"(113.5, 24.0)"
59270,2023-09-24 04:00:00,30.8,SURF,True,EXTREME_TYPE1,849,1,1,"(112.27, 24.0)"
59754,2023-09-25 00:00:00,1.0,SURF,True,EXTREME_TYPE1,15,3,3,"(110.1, 20.4);(110.2, 20.3);(110.2, 20.4)"
59324,2023-10-07 22:00:00,1.8,SURF,True,NORMAL,10,0,0,
59658,2023-10-19 08:00:00,51.3,SURF,True,NORMAL,766,0,0,
59650,2023-10-19 10:00:00,53.8,SURF,True,NORMAL,865,0,0,
59653,2023-10-20 01:00:00,6.7,SURF,True,NORMAL,19,0,0,
59655,2023-10-20 01:00:00,59.4,SURF,True,NORMAL,1093,0,0,
59656,2023-10-20 01:00:00,51.0,SURF,True,NORMAL,1093,0,0,
59656,2023-10-20 02:00:00,101.5,SURF,True,NORMAL,1091,0,0,
59653,2023-10-20 04:00:00,69.7,SURF,True,NORMAL,1187,0,0,
59654,2023-10-20 14:00:00,8.6,SURF,True,NORMAL,15,0,0,
59750,2023-10-29 21:00:00,82.3,SURF,True,EXTREME_TYPE1,615,1,1,"(110.23, 20.8)"
59280,2024-01-02 19:00:00,1.1,SURF,True,EXTREME_TYPE1,13,9,9,"(112.9, 23.7);(113.0, 23.6);(113.0, 23.7);(113.0, 23.8);(113.1, 23.6);(113.1, 23.7);(113.2, 23.6);(113.2, 23.7);(113.2, 23.8)"
59071,2024-02-04 05:00:00,5.5,SURF,True,NORMAL,18,0,0,
59109,2024-02-07 19:00:00,1.3,SURF,True,NORMAL,18,0,0,
59319,2024-03-10 02:00:00,1.9,SURF,True,NORMAL,31,0,0,
59264,2024-03-10 13:00:00,5.9,SURF,True,NORMAL,12,0,0,
59106,2024-03-11 08:00:00,5.3,SURF,True,NORMAL,23,0,0,
59653,2024-03-29 20:00:00,22.7,SURF,True,NORMAL,1196,0,0,
59081,2024-03-30 18:00:00,31.5,SURF,True,EXTREME_TYPE1,1146,1,1,"(113.09, 24.8)"
59106,2024-03-30 23:00:00,53.9,SURF,True,NORMAL,1237,0,0,
59081,2024-04-04 14:00:00,53.6,SURF,True,NORMAL,1127,0,0,
59090,2024-04-04 15:00:00,43.5,SURF,True,NORMAL,1397,0,0,
59293,2024-04-04 20:00:00,7.7,SURF,True,NORMAL,13,0,0,
59075,2024-04-06 08:00:00,23.6,SURF,True,NORMAL,967,0,0,
59481,2024-04-06 11:00:00,53.7,SURF,True,NORMAL,6738,0,0,
59456,2024-04-19 10:00:00,46.2,SURF,True,NORMAL,825,0,0,
59280,2024-04-19 11:00:00,54.4,SURF,True,NORMAL,4022,0,0,
59285,2024-04-19 13:00:00,54.9,SURF,True,NORMAL,4395,0,0,
59087,2024-04-19 17:00:00,71.3,SURF,True,EXTREME_TYPE1,1966,1,1,"(113.5, 24.0)"
59269,2024-04-20 14:00:00,51.4,SURF,True,NORMAL,1216,0,0,
59287,2024-04-20 19:00:00,25.6,SURF,True,NORMAL,6275,0,0,
59285,2024-04-20 20:00:00,5.5,SURF,True,NORMAL,42,0,0,
59456,2024-04-21 06:00:00,53.7,SURF,True,NORMAL,826,0,0,
59470,2024-04-21 08:00:00,61.5,SURF,True,NORMAL,2273,0,0,
59486,2024-04-23 11:00:00,60.8,SURF,True,NORMAL,5432,0,0,
59304,2024-04-23 23:00:00,20.8,SURF,True,EXTREME_TYPE1,1414,1,1,"(115.14, 23.6)"
59475,2024-04-24 21:00:00,23.6,SURF,True,EXTREME_TYPE1,3146,1,1,"(112.68, 22.4)"
59117,2024-04-25 04:00:00,24.9,SURF,True,NORMAL,1281,0,0,
59659,2024-04-25 09:00:00,55.5,SURF,True,NORMAL,1081,0,0,
59493,2024-04-25 12:00:00,8.1,SURF,True,NORMAL,120,0,0,
59087,2024-04-26 03:00:00,52.3,SURF,True,NORMAL,1940,0,0,
59290,2024-04-26 04:00:00,60.7,SURF,True,NORMAL,2123,0,0,
59501,2024-04-27 19:00:00,50.0,SURF,True,NORMAL,1242,0,0,
59502,2024-04-27 19:00:00,56.6,SURF,True,NORMAL,1242,0,0,
59294,2024-04-28 03:00:00,50.3,SURF,True,NORMAL,5641,0,0,
59502,2024-04-28 06:00:00,15.5,SURF,True,NORMAL,31,0,0,
59075,2024-04-30 09:00:00,4.0,SURF,True,NORMAL,13,0,0,
59750,2024-05-02 07:00:00,53.1,SURF,True,NORMAL,615,0,0,
59487,2024-05-04 10:00:00,93.8,SURF,True,NORMAL,4451,0,0,
59488,2024-05-04 13:00:00,54.4,SURF,True,EXTREME_TYPE1,4446,1,1,"(113.5, 22.4)"
59653,2024-05-04 13:00:00,52.8,SURF,True,NORMAL,1209,0,0,
59659,2024-05-04 13:00:00,66.1,SURF,True,NORMAL,1089,0,0,
59314,2024-05-05 00:00:00,13.6,SURF,True,NORMAL,54,0,0,
59264,2024-05-06 18:00:00,72.2,SURF,True,NORMAL,702,0,0,
59478,2024-05-12 15:00:00,68.6,SURF,True,EXTREME_TYPE1,3154,1,1,"(112.68, 22.4)"
59487,2024-05-12 17:00:00,13.3,SURF,True,NORMAL,81,0,0,
59313,2024-05-22 05:00:00,6.8,SURF,True,NORMAL,12,0,0,
59481,2024-05-23 14:00:00,64.9,SURF,True,EXTREME_TYPE1,7041,1,1,"(113.5, 22.8)"
59313,2024-05-23 17:00:00,1.8,SURF,True,NORMAL,12,0,0,
59475,2024-05-24 14:00:00,50.3,SURF,True,EXTREME_TYPE1,3177,1,1,"(112.68, 22.4)"
59492,2024-05-24 18:00:00,20.7,SURF,True,NORMAL,2040,0,0,
59653,2024-05-26 13:00:00,50.1,SURF,True,EXTREME_TYPE1,1199,1,1,"(111.05, 22.0)"
59310,2024-05-27 22:00:00,4.1,SURF,True,EXTREME_TYPE1,16,12,12,"(116.0, 23.7);(116.0, 23.8);(116.1, 23.7);(116.1, 23.8);(116.1, 23.9);(116.2, 23.6);(116.2, 23.7);(116.2, 23.8);(116.2, 23.9);(116.3, 23.7);(116.3, 23.8);(116.3, 23.9)"
59656,2024-05-28 17:00:00,9.3,SURF,True,NORMAL,17,0,0,
59481,2024-05-30 18:00:00,1.2,SURF,True,EXTREME_TYPE1,153,12,12,"(113.2, 22.9);(113.2, 23.0);(113.3, 22.8);(113.3, 22.9);(113.3, 23.0);(113.3, 23.1);(113.4, 22.8);(113.4, 22.9);(113.4, 23.0);(113.4, 23.1);(113.5, 22.9);(113.5, 23.0)"
59278,2024-05-31 16:00:00,23.6,SURF,True,NORMAL,4511,0,0,
59500,2024-06-04 01:00:00,1.2,SURF,True,EXTREME_TYPE1,37,10,9,"(115.2, 23.0);(115.2, 23.1);(115.3, 22.9);(115.3, 23.0);(115.3, 23.1);(115.4, 22.9);(115.4, 23.0);(115.4, 23.1);(115.5, 23.0)"
59290,2024-06-04 03:00:00,1.3,SURF,True,NORMAL,13,0,0,
59664,2024-06-05 03:00:00,51.7,SURF,True,NORMAL,1082,0,0,
59650,2024-06-05 16:00:00,62.2,SURF,True,NORMAL,894,0,0,
59293,2024-06-07 17:00:00,7.1,SURF,True,NORMAL,14,0,0,
59290,2024-06-14 06:00:00,42.0,SURF,True,EXTREME_TYPE1,2148,1,1,"(114.32, 23.6)"
59655,2024-06-15 14:00:00,57.6,SURF,True,NORMAL,1088,0,0,
59502,2024-06-15 16:00:00,34.8,SURF,True,EXTREME_TYPE1,1261,1,1,"(115.55, 22.8)"
59500,2024-06-15 21:00:00,33.1,SURF,True,NORMAL,1566,0,0,
59088,2024-06-16 03:00:00,7.0,SURF,True,EXTREME_TYPE1,13,10,10,"(113.3, 24.1);(113.3, 24.2);(113.3, 24.3);(113.4, 24.1);(113.4, 24.2);(113.4, 24.3);(113.5, 24.1);(113.5, 24.2);(113.5, 24.3);(113.6, 24.2)"
59097,2024-06-16 10:00:00,10.8,SURF,True,NORMAL,21,0,0,
59114,2024-06-18 21:00:00,1.8,SURF,True,EXTREME_TYPE1,14,12,12,"(116.0, 24.6);(116.0, 24.7);(116.1, 24.5);(116.1, 24.6);(116.1, 24.7);(116.1, 24.8);(116.2, 24.5);(116.2, 24.6);(116.2, 24.7);(116.2, 24.8);(116.3, 24.6);(116.3, 24.7)"
59653,2024-06-23 20:00:00,12.0,SURF,True,EXTREME_TYPE1,20,12,10,"(110.7, 21.9);(110.7, 22.0);(110.8, 21.8);(110.8, 21.9);(110.8, 22.0);(110.9, 21.8);(110.9, 21.9);(110.9, 22.0);(111.0, 21.9);(111.0, 22.0)"
59316,2024-06-27 05:00:00,20.3,SURF,True,EXTREME_TYPE1,1298,1,1,"(116.77, 23.2)"
59502,2024-06-30 03:00:00,6.7,SURF,True,NORMAL,32,0,0,
59500,2024-07-01 06:00:00,65.5,SURF,True,EXTREME_TYPE1,1611,1,1,"(115.14, 23.2)"
59082,2024-07-02 16:00:00,8.6,SURF,True,NORMAL,20,0,0,
59654,2024-07-08 19:00:00,35.1,SURF,True,EXTREME_TYPE1,904,1,1,"(110.23, 21.6)"
59074,2024-07-18 17:00:00,7.7,SURF,True,NORMAL,22,0,0,
59306,2024-07-26 12:00:00,28.8,SURF,True,NORMAL,1992,0,0,
59315,2024-07-26 12:00:00,57.4,SURF,True,EXTREME_TYPE1,1956,1,1,"(116.36, 23.6)"
59099,2024-07-26 14:00:00,61.6,SURF,True,EXTREME_TYPE1,1086,1,1,"(115.14, 24.4)"
59107,2024-07-26 15:00:00,53.3,SURF,True,EXTREME_TYPE1,1299,1,1,"(115.14, 24.0)"
59306,2024-07-26 18:00:00,46.1,SURF,True,NORMAL,2016,0,0,
59481,2024-07-26 18:00:00,64.8,SURF,True,EXTREME_TYPE1,7071,1,1,"(113.5, 22.8)"
59279,2024-07-27 07:00:00,51.2,SURF,True,NORMAL,4033,0,0,
59288,2024-07-27 08:00:00,63.2,SURF,True,NORMAL,5727,0,0,
59294,2024-07-27 09:00:00,71.2,SURF,True,EXTREME_TYPE1,5747,1,1,"(113.91, 23.2)"
59310,2024-07-27 10:00:00,33.2,SURF,True,NORMAL,1979,0,0,
59298,2024-07-28 09:00:00,6.7,SURF,True,NORMAL,24,0,0,
59317,2024-07-28 13:00:00,20.1,SURF,True,NORMAL,992,0,0,
59072,2024-07-28 21:00:00,62.2,SURF,True,EXTREME_TYPE1,587,1,1,"(112.27, 24.8)"
59673,2024-07-28 21:00:00,105.9,SURF,True,EXTREME_TYPE1,514,1,1,"(112.68, 21.6)"
59471,2024-07-29 08:00:00,21.5,SURF,True,EXTREME_TYPE1,2348,1,1,"(112.27, 22.8)"
59306,2024-07-29 14:00:00,3.1,SURF,True,NORMAL,37,0,0,
59650,2024-07-29 19:00:00,43.1,SURF,True,EXTREME_TYPE1,905,1,1,"(110.23, 21.6)"
59493,2024-07-31 10:00:00,2.3,SURF,True,NORMAL,121,0,0,
59314,2024-08-04 18:00:00,69.1,SURF,True,EXTREME_TYPE1,1764,1,1,"(116.36, 23.2)"
59485,2024-08-06 15:00:00,37.6,SURF,True,EXTREME_TYPE1,4550,1,1,"(113.5, 22.4)"
59081,2024-08-11 21:00:00,61.0,SURF,True,EXTREME_TYPE1,1162,1,1,"(113.09, 24.8)"
59314,2024-08-12 20:00:00,61.1,SURF,True,EXTREME_TYPE1,1745,1,1,"(116.36, 23.2)"
59486,2024-08-15 12:00:00,63.3,SURF,True,EXTREME_TYPE1,5621,1,1,"(113.91, 22.8)"
59493,2024-08-15 12:00:00,42.3,SURF,True,NORMAL,3805,0,0,
59071,2024-08-15 18:00:00,61.3,SURF,True,EXTREME_TYPE1,606,1,1,"(112.27, 24.8)"
59488,2024-08-16 13:00:00,57.6,SURF,True,EXTREME_TYPE1,4550,1,1,"(113.5, 22.4)"
59317,2024-08-20 04:00:00,38.6,SURF,True,NORMAL,954,0,0,
59502,2024-08-21 03:00:00,30.6,SURF,True,NORMAL,1238,0,0,
59298,2024-08-21 04:00:00,20.1,SURF,True,EXTREME_TYPE1,3715,1,1,"(114.32, 23.2)"
59298,2024-08-21 06:00:00,17.4,SURF,True,EXTREME_TYPE1,25,12,12,"(114.2, 23.0);(114.2, 23.1);(114.3, 23.0);(114.3, 23.1);(114.3, 23.2);(114.4, 22.9);(114.4, 23.0);(114.4, 23.1);(114.4, 23.2);(114.5, 23.0);(114.5, 23.1);(114.5, 23.2)"
59502,2024-08-21 07:00:00,8.6,SURF,True,NORMAL,32,0,0,
59285,2024-08-21 13:00:00,69.5,SURF,True,NORMAL,4421,0,0,
59298,2024-08-21 13:00:00,7.5,SURF,True,NORMAL,25,0,0,
59500,2024-08-25 14:00:00,21.4,SURF,True,NORMAL,1602,0,0,
59304,2024-08-25 17:00:00,55.4,SURF,True,EXTREME_TYPE1,1401,1,1,"(115.14, 23.6)"
59279,2024-08-25 19:00:00,48.0,SURF,True,EXTREME_TYPE1,4050,1,1,"(112.68, 23.2)"
59290,2024-08-27 16:00:00,20.5,SURF,True,EXTREME_TYPE1,2163,1,1,"(114.32, 23.6)"
59306,2024-08-29 17:00:00,10.3,SURF,True,NORMAL,35,0,0,
59473,2024-08-29 17:00:00,52.2,SURF,True,EXTREME_TYPE1,6245,1,1,"(113.09, 22.8)"
59481,2024-08-29 18:00:00,39.3,SURF,True,NORMAL,7072,0,0,
59500,2024-08-29 19:00:00,41.5,SURF,True,EXTREME_TYPE1,1596,1,1,"(115.14, 23.2)"
59271,2024-08-29 21:00:00,51.2,SURF,True,EXTREME_TYPE1,1518,1,1,"(112.27, 23.6)"
59288,2024-08-30 14:00:00,10.6,SURF,True,EXTREME_TYPE1,101,11,11,"(112.9, 23.0);(112.9, 23.1);(112.9, 23.2);(113.0, 23.0);(113.0, 23.1);(113.0, 23.2);(113.0, 23.3);(113.1, 23.0);(113.1, 23.1);(113.1, 23.2);(113.1, 23.3)"
59288,2024-08-30 19:00:00,21.3,SURF,True,EXTREME_TYPE1,5885,1,1,"(113.09, 23.2)"
59475,2024-09-05 18:00:00,7.1,SURF,True,EXTREME_TYPE1,31,12,12,"(112.5, 22.3);(112.5, 22.4);(112.5, 22.5);(112.6, 22.3);(112.6, 22.4);(112.6, 22.5);(112.7, 22.3);(112.7, 22.4);(112.7, 22.5);(112.8, 22.3);(112.8, 22.4);(112.8, 22.5)"
59314,2024-09-06 00:00:00,1.4,SURF,True,NORMAL,55,0,0,
59650,2024-09-06 19:00:00,5.1,SURF,True,NORMAL,15,0,0,
59470,2024-09-06 20:00:00,6.6,SURF,True,NORMAL,22,0,0,
59476,2024-09-13 20:00:00,10.2,SURF,True,EXTREME_TYPE1,73,12,12,"(112.9, 22.5);(112.9, 22.6);(113.0, 22.4);(113.0, 22.5);(113.0, 22.6);(113.0, 22.7);(113.1, 22.4);(113.1, 22.5);(113.1, 22.6);(113.1, 22.7);(113.2, 22.5);(113.2, 22.6)"
59456,2024-09-14 14:00:00,81.1,SURF,True,EXTREME_TYPE1,845,1,1,"(111.05, 22.4)"
59284,2024-09-14 16:00:00,54.2,SURF,True,EXTREME_TYPE1,4051,1,1,"(113.09, 23.6)"
59285,2024-09-14 16:00:00,5.9,SURF,True,NORMAL,43,0,0,
59106,2024-09-14 21:00:00,34.0,SURF,True,EXTREME_TYPE1,1299,1,1,"(115.95, 24.4)"
59492,2024-09-17 21:00:00,62.0,SURF,True,EXTREME_TYPE1,2151,1,1,"(114.73, 23.2)"
59289,2024-09-17 23:00:00,27.9,SURF,True,NORMAL,5622,0,0,
59288,2024-09-21 13:00:00,6.5,SURF,True,EXTREME_TYPE1,98,11,11,"(112.9, 23.0);(112.9, 23.1);(112.9, 23.2);(113.0, 23.0);(113.0, 23.1);(113.0, 23.2);(113.0, 23.3);(113.1, 23.0);(113.1, 23.1);(113.1, 23.2);(113.1, 23.3)"
59315,2024-09-22 13:00:00,21.9,SURF,True,NORMAL,1930,0,0,
59116,2024-09-22 14:00:00,60.2,SURF,True,EXTREME_TYPE1,684,1,1,"(116.77, 24.4)"
59324,2024-09-23 05:00:00,14.6,SURF,True,NORMAL,10,0,0,
59306,2024-09-23 20:00:00,27.5,SURF,True,NORMAL,1996,0,0,
59658,2024-10-17 21:00:00,35.7,SURF,True,EXTREME_TYPE1,823,1,1,"(110.23, 21.2)"
59106,2024-11-25 06:00:00,4.9,SURF,True,NORMAL,36,0,0,
59096,2025-03-03 12:00:00,3.5,SURF,True,NORMAL,18,0,0,
59312,2025-03-04 13:00:00,29.9,SURF,True,NORMAL,2205,0,0,
59270,2025-03-13 20:00:00,31.9,SURF,True,EXTREME_TYPE1,1181,1,1,"(112.27, 24.0)"
59106,2025-03-15 03:00:00,7.0,SURF,True,NORMAL,36,0,0,
59654,2025-03-29 01:00:00,2.6,SURF,True,NORMAL,25,0,0,
57988,2025-03-30 02:00:00,1.3,SURF,True,NORMAL,32,0,0,
59099,2025-04-12 12:00:00,1.6,SURF,True,NORMAL,28,0,0,
59088,2025-04-19 16:00:00,20.6,SURF,True,EXTREME_TYPE1,2468,1,1,"(113.5, 24.0)"
59082,2025-04-24 13:00:00,30.3,SURF,True,NORMAL,1827,0,0,
59462,2025-04-25 04:00:00,11.2,SURF,True,NORMAL,34,0,0,
59673,2025-04-25 13:00:00,50.7,SURF,True,EXTREME_TYPE1,586,1,1,"(112.68, 21.6)"
59655,2025-04-27 17:00:00,59.2,SURF,True,EXTREME_TYPE1,1731,1,1,"(110.64, 21.6)"
59492,2025-05-06 12:00:00,85.2,SURF,True,EXTREME_TYPE1,2605,1,1,"(114.73, 23.2)"
59476,2025-05-06 19:00:00,64.4,SURF,True,EXTREME_TYPE1,4175,1,1,"(113.09, 22.4)"
59280,2025-05-09 07:00:00,44.8,SURF,True,NORMAL,4602,0,0,
59278,2025-05-09 08:00:00,25.1,SURF,True,NORMAL,5042,0,0,
59654,2025-05-17 18:00:00,32.4,SURF,True,EXTREME_TYPE1,1417,1,1,"(110.23, 21.6)"
59456,2025-05-18 05:00:00,71.4,SURF,True,EXTREME_TYPE1,1417,1,1,"(111.05, 22.4)"
59655,2025-05-19 13:00:00,43.9,SURF,True,EXTREME_TYPE1,1717,1,1,"(110.64, 21.6)"
59081,2025-05-19 15:00:00,20.3,SURF,True,NORMAL,1576,0,0,
59750,2025-05-24 07:00:00,32.8,SURF,True,EXTREME_TYPE1,942,1,1,"(110.23, 20.8)"
59658,2025-05-28 17:00:00,6.0,SURF,True,EXTREME_TYPE1,36,9,9,"(110.2, 21.1);(110.2, 21.2);(110.2, 21.3);(110.3, 21.1);(110.3, 21.2);(110.3, 21.3);(110.4, 21.1);(110.4, 21.2);(110.4, 21.3)"
59312,2025-05-29 14:00:00,12.4,SURF,True,NORMAL,40,0,0,
59285,2025-06-03 00:00:00,65.1,SURF,True,EXTREME_TYPE1,5061,1,1,"(113.5, 23.6)"
59087,2025-06-10 18:00:00,59.6,SURF,True,EXTREME_TYPE1,2487,1,1,"(113.5, 24.0)"
57988,2025-06-11 23:00:00,16.0,SURF,True,NORMAL,32,0,0,
59750,2025-06-12 08:00:00,13.1,SURF,True,NORMAL,19,0,0,
59106,2025-06-12 18:00:00,34.3,SURF,True,NORMAL,1827,0,0,
59480,2025-06-14 15:00:00,35.6,SURF,True,EXTREME_TYPE1,6710,1,1,"(113.09, 22.8)"
59456,2025-06-14 22:00:00,5.9,SURF,True,NORMAL,30,0,0,
59462,2025-06-15 05:00:00,35.1,SURF,True,NORMAL,1503,0,0,
59270,2025-06-15 06:00:00,51.7,SURF,True,NORMAL,1291,0,0,
59271,2025-06-15 08:00:00,6.4,SURF,True,NORMAL,25,0,0,
59090,2025-06-15 12:00:00,4.0,SURF,True,NORMAL,28,0,0,
59270,2025-06-16 09:00:00,23.3,SURF,True,NORMAL,1287,0,0,
59270,2025-06-16 10:00:00,83.1,SURF,True,EXTREME_TYPE1,1286,1,1,"(112.27, 24.0)"
59477,2025-06-17 01:00:00,10.8,SURF,True,NORMAL,32,0,0,
59663,2025-06-17 05:00:00,50.8,SURF,True,EXTREME_TYPE1,1575,1,1,"(111.86, 22.0)"
59487,2025-06-17 06:00:00,55.4,SURF,True,NORMAL,4823,0,0,
59664,2025-06-17 08:00:00,37.9,SURF,True,NORMAL,1665,0,0,
59294,2025-06-17 18:00:00,15.0,SURF,True,NORMAL,36,0,0,
59654,2025-06-18 00:00:00,63.5,SURF,True,EXTREME_TYPE1,1400,1,1,"(110.23, 21.6)"
59653,2025-06-18 02:00:00,54.8,SURF,True,EXTREME_TYPE1,1913,1,1,"(111.05, 22.0)"
59469,2025-06-18 04:00:00,18.4,SURF,True,NORMAL,23,0,0,
59099,2025-07-01 15:00:00,50.1,SURF,True,EXTREME_TYPE1,1518,1,1,"(115.14, 24.4)"
59081,2025-07-01 16:00:00,15.9,SURF,True,EXTREME_TYPE1,26,8,8,"(113.1, 24.8);(113.2, 24.9);(113.3, 24.7);(113.3, 24.8);(113.3, 24.9);(113.4, 24.7);(113.4, 24.8);(113.4, 24.9)"
59290,2025-07-03 07:00:00,5.6,SURF,True,EXTREME_TYPE1,19,7,7,"(114.1, 23.7);(114.1, 23.8);(114.2, 23.7);(114.3, 23.7);(114.3, 23.9);(114.4, 23.7);(114.4, 23.8)"
59663,2025-07-05 23:00:00,35.4,SURF,True,EXTREME_TYPE1,1620,1,1,"(111.86, 22.0)"
59304,2025-07-10 00:00:00,39.4,SURF,True,EXTREME_TYPE1,2008,1,1,"(115.14, 23.6)"
59488,2025-07-10 16:00:00,62.3,SURF,True,NORMAL,4874,0,0,
59314,2025-07-11 12:00:00,76.0,SURF,True,EXTREME_TYPE1,2484,1,1,"(116.36, 23.2)"
59315,2025-07-11 13:00:00,34.9,SURF,True,EXTREME_TYPE1,2924,1,1,"(116.36, 23.6)"
59650,2025-07-13 14:00:00,54.0,SURF,True,EXTREME_TYPE1,1414,1,1,"(110.23, 21.6)"
59288,2025-07-18 17:00:00,52.4,SURF,True,EXTREME_TYPE1,6375,1,1,"(113.09, 23.2)"
59487,2025-07-20 00:00:00,24.3,SURF,True,NORMAL,4878,0,0,
59502,2025-07-20 08:00:00,54.7,SURF,True,NORMAL,1563,0,0,
59487,2025-07-20 17:00:00,9.1,SURF,True,NORMAL,86,0,0,
59071,2025-07-21 13:00:00,4.3,SURF,True,EXTREME_TYPE1,28,11,11,"(112.1, 24.7);(112.2, 24.6);(112.2, 24.7);(112.2, 24.8);(112.3, 24.6);(112.3, 24.7);(112.3, 24.8);(112.3, 24.9);(112.4, 24.6);(112.4, 24.7);(112.4, 24.8)"
59655,2025-07-21 13:00:00,1.0,SURF,True,NORMAL,31,0,0,
59469,2025-07-22 13:00:00,27.8,SURF,True,EXTREME_TYPE1,1625,1,1,"(111.86, 22.0)"
59293,2025-07-22 16:00:00,7.3,SURF,True,EXTREME_TYPE1,23,8,8,"(114.6, 23.7);(114.6, 23.8);(114.7, 23.7);(114.7, 23.8);(114.7, 23.9);(114.8, 23.7);(114.8, 23.8);(114.8, 23.9)"
59284,2025-07-23 20:00:00,65.0,SURF,True,EXTREME_TYPE1,4664,1,1,"(113.09, 23.6)"
59088,2025-07-28 00:00:00,1.3,SURF,True,EXTREME_TYPE1,23,10,10,"(113.3, 24.1);(113.3, 24.2);(113.3, 24.3);(113.4, 24.1);(113.4, 24.2);(113.4, 24.3);(113.5, 24.1);(113.5, 24.2);(113.5, 24.3);(113.6, 24.2)"
59324,2025-07-28 23:00:00,1.3,SURF,True,NORMAL,18,0,0,
59082,2025-07-30 17:00:00,51.4,SURF,True,EXTREME_TYPE1,1851,1,1,"(113.5, 24.8)"
59096,2025-07-30 21:00:00,51.7,SURF,True,EXTREME_TYPE1,1768,1,1,"(114.32, 24.4)"
59285,2025-07-31 00:00:00,10.0,SURF,True,EXTREME_TYPE1,45,10,10,"(113.5, 23.5);(113.5, 23.6);(113.5, 23.7);(113.6, 23.5);(113.6, 23.6);(113.6, 23.7);(113.7, 23.5);(113.7, 23.6);(113.7, 23.7);(113.8, 23.6)"
59493,2025-07-31 05:00:00,27.5,SURF,True,NORMAL,4292,0,0,
59268,2025-07-31 07:00:00,52.7,SURF,True,EXTREME_TYPE1,1167,1,1,"(111.45, 23.2)"
59074,2025-07-31 15:00:00,13.1,SURF,True,EXTREME_TYPE1,31,5,4,"(112.1, 24.6);(112.1, 24.7);(112.2, 24.5);(112.2, 24.6)"
59462,2025-07-31 20:00:00,78.4,SURF,True,EXTREME_TYPE1,1524,1,1,"(111.45, 22.8)"
59293,2025-08-01 00:00:00,73.0,SURF,True,EXTREME_TYPE1,2071,1,1,"(114.73, 23.6)"
59500,2025-08-01 16:00:00,38.1,SURF,True,EXTREME_TYPE1,2288,1,1,"(115.14, 23.2)"
59486,2025-08-03 02:00:00,24.0,SURF,True,EXTREME_TYPE1,6428,1,1,"(113.91, 22.8)"
59264,2025-08-03 03:00:00,28.2,SURF,True,NORMAL,1164,0,0,
59315,2025-08-03 06:00:00,21.4,SURF,True,NORMAL,2936,0,0,
59318,2025-08-03 06:00:00,30.5,SURF,True,NORMAL,1940,0,0,
59502,2025-08-04 00:00:00,44.4,SURF,True,EXTREME_TYPE1,1669,1,1,"(115.55, 22.8)"
59502,2025-08-04 02:00:00,68.4,SURF,True,EXTREME_TYPE1,1669,1,1,"(115.55, 22.8)"
59492,2025-08-04 12:00:00,17.8,SURF,True,NORMAL,19,0,0,
59501,2025-08-04 14:00:00,4.4,SURF,True,NORMAL,47,0,0,
59288,2025-08-04 21:00:00,43.2,SURF,True,EXTREME_TYPE1,6310,1,1,"(113.09, 23.2)"
59488,2025-08-05 06:00:00,24.4,SURF,True,NORMAL,4796,0,0,
59280,2025-08-06 05:00:00,35.6,SURF,True,NORMAL,4614,0,0,
59650,2025-08-06 06:00:00,23.3,SURF,True,NORMAL,1399,0,0,
59486,2025-08-06 12:00:00,26.0,SURF,True,NORMAL,6304,0,0,
59072,2025-08-07 12:00:00,7.3,SURF,True,NORMAL,23,0,0,
59279,2025-08-07 16:00:00,54.6,SURF,True,NORMAL,4739,0,0,
59304,2025-08-11 14:00:00,100.7,SURF,True,EXTREME_TYPE1,2023,1,1,"(115.14, 23.6)"
59317,2025-08-13 23:00:00,59.4,SURF,True,EXTREME_TYPE1,1274,1,1,"(116.36, 22.8)"
59500,2025-08-14 05:00:00,63.1,SURF,True,EXTREME_TYPE1,2233,1,1,"(115.14, 23.2)"
59492,2025-08-14 09:00:00,91.2,SURF,True,EXTREME_TYPE1,2979,1,1,"(114.73, 23.2)"
59288,2025-08-14 16:00:00,91.1,SURF,True,EXTREME_TYPE1,6359,1,1,"(113.09, 23.2)"
59294,2025-08-14 17:00:00,27.2,SURF,True,EXTREME_TYPE1,6701,1,1,"(113.91, 23.2)"
59264,2025-08-14 18:00:00,66.8,SURF,True,NORMAL,1161,0,0,
59268,2025-08-14 19:00:00,25.1,SURF,True,NORMAL,1164,0,0,
59280,2025-08-14 23:00:00,2.1,SURF,True,NORMAL,23,0,0,
59673,2025-08-15 01:00:00,20.9,SURF,True,EXTREME_TYPE1,592,1,1,"(112.68, 21.6)"
59493,2025-08-19 05:00:00,12.2,SURF,True,NORMAL,147,0,0,
59650,2025-08-19 21:00:00,6.4,SURF,True,NORMAL,25,0,0,
59264,2025-08-20 16:00:00,4.4,SURF,True,NORMAL,25,0,0,
59664,2025-08-25 09:00:00,16.6,SURF,True,NORMAL,34,0,0,
57989,2025-08-25 21:00:00,25.0,SURF,True,NORMAL,1338,0,0,
59116,2025-08-26 22:00:00,20.6,SURF,True,EXTREME_TYPE1,1126,1,1,"(116.77, 24.4)"
59476,2025-08-27 18:00:00,29.3,SURF,True,EXTREME_TYPE1,4268,1,1,"(113.09, 22.4)"
59456,2025-08-28 16:00:00,6.6,SURF,True,FALSE,30,10,0,
59754,2025-08-29 14:00:00,35.4,SURF,True,EXTREME_TYPE1,472,1,1,"(110.23, 20.4)"
59269,2025-08-30 16:00:00,10.0,SURF,True,NORMAL,26,0,0,
59106,2025-09-17 22:00:00,63.7,SURF,True,EXTREME_TYPE1,1842,1,1,"(115.95, 24.4)"
59315,2025-09-19 07:00:00,12.9,SURF,True,NORMAL,48,0,0,
59303,2025-09-19 17:00:00,21.7,SURF,True,NORMAL,2562,0,0,
59097,2025-09-20 00:00:00,4.7,SURF,True,NORMAL,25,0,0,
59303,2025-09-20 02:00:00,8.7,SURF,True,NORMAL,20,0,0,
59656,2025-09-20 21:00:00,27.8,SURF,True,EXTREME_TYPE1,1720,1,1,"(110.64, 21.6)"
59081,2025-09-21 18:00:00,10.1,SURF,True,EXTREME_TYPE1,30,8,8,"(113.1, 24.8);(113.2, 24.9);(113.3, 24.7);(113.3, 24.8);(113.3, 24.9);(113.4, 24.7);(113.4, 24.8);(113.4, 24.9)"
59269,2025-09-24 16:00:00,6.7,SURF,True,NORMAL,26,0,0,
59650,2025-09-28 23:00:00,1.1,SURF,True,NORMAL,25,0,0,
59658,2025-09-29 03:00:00,62.2,SURF,True,EXTREME_TYPE1,1287,1,1,"(110.23, 21.2)"
59289,2025-10-04 17:00:00,2.5,SURF,True,NORMAL,124,0,0,
59659,2025-10-06 00:00:00,56.9,SURF,True,EXTREME_TYPE1,1607,1,1,"(111.05, 21.6)"
59664,2025-10-06 00:00:00,60.3,SURF,True,EXTREME_TYPE1,1607,1,1,"(111.05, 21.6)"
59106,2025-10-16 19:00:00,6.4,SURF,True,EXTREME_TYPE1,38,11,11,"(115.7, 24.5);(115.8, 24.4);(115.8, 24.5);(115.8, 24.6);(115.8, 24.7);(115.9, 24.4);(115.9, 24.5);(115.9, 24.6);(115.9, 24.7);(116.0, 24.5);(116.0, 24.6)"
59270,2025-11-02 03:00:00,1.4,SURF,True,NORMAL,22,0,0,
59462,2025-11-04 07:00:00,1.3,SURF,True,NORMAL,34,0,0,
