stacode,ddatetime,r,statype,validation,qc_label,validation_sample_size,extreme_circle_count,validation_circle_count,validation_circle_locs
59298,2003-01-06 22:00:00,1.7,SURF,True,NORMAL,2,0,0,
G2109,2003-01-15 00:00:00,338.8,AWST,False,FALSE,265,3,0,
G1282,2003-02-27 02:00:00,57.0,AWST,False,FALSE,225,3,0,
G1282,2003-02-27 12:00:00,144.0,AWST,False,FALSE,225,3,0,
G1282,2003-02-27 23:00:00,280.0,AWST,False,FALSE,225,3,0,
G1282,2003-03-01 18:00:00,5.2,AWST,False,FALSE,3,11,0,
G1282,2003-03-02 03:00:00,5.0,AWST,False,FALSE,3,11,0,
G1282,2003-03-02 18:00:00,800.5,AWST,False,FALSE,255,3,0,
G1282,2003-03-02 21:00:00,460.1,AWST,False,FALSE,255,3,0,
G1282,2003-03-02 22:00:00,5.2,AWST,False,FALSE,3,11,0,
G1282,2003-03-03 11:00:00,63.3,AWST,False,FALSE,255,3,0,
G1282,2003-03-04 05:00:00,75.3,AWST,False,FALSE,260,3,0,
G1282,2003-03-04 22:00:00,303.5,AWST,False,FALSE,258,3,0,
G1282,2003-03-04 23:00:00,430.1,AWST,False,FALSE,257,3,0,
59500,2003-03-05 10:00:00,3.0,SURF,True,NORMAL,1,0,0,
G1282,2003-03-05 12:00:00,503.0,AWST,False,FALSE,255,3,0,
G1282,2003-03-06 00:00:00,1.8,AWST,False,FALSE,3,11,0,
59314,2003-03-06 18:00:00,5.1,SURF,True,NORMAL,5,0,0,
G1282,2003-03-07 15:00:00,11.8,AWST,False,FALSE,3,11,0,
G1282,2003-03-09 00:00:00,7.2,AWST,False,FALSE,3,11,0,
59094,2003-03-09 18:00:00,3.2,SURF,True,FALSE,3,12,0,
G1282,2003-03-11 09:00:00,500.7,AWST,False,FALSE,255,3,0,
G1282,2003-03-13 04:00:00,652.0,AWST,False,FALSE,255,3,0,
G1282,2003-03-14 06:00:00,901.1,AWST,False,FALSE,255,3,0,
G1282,2003-03-14 07:00:00,400.7,AWST,False,FALSE,255,3,0,
G1282,2003-03-15 11:00:00,14.8,AWST,False,FALSE,3,11,0,
G1282,2003-03-15 18:00:00,800.4,AWST,False,FALSE,255,3,0,
G1282,2003-03-15 19:00:00,58.1,AWST,False,FALSE,255,3,0,
G1282,2003-03-18 11:00:00,360.3,AWST,False,FALSE,255,3,0,
G1282,2003-03-18 21:00:00,304.0,AWST,False,FALSE,255,3,0,
G1282,2003-03-19 12:00:00,730.0,AWST,False,FALSE,255,3,0,
G1282,2003-03-19 13:00:00,130.0,AWST,False,FALSE,255,3,0,
G1282,2003-03-19 22:00:00,328.0,AWST,False,FALSE,252,3,0,
G1282,2003-03-22 18:00:00,59.0,AWST,False,FALSE,240,3,0,
G1282,2003-03-22 19:00:00,530.0,AWST,False,FALSE,240,3,0,
G1282,2003-03-23 07:00:00,29.0,AWST,False,FALSE,240,3,0,
G1282,2003-03-23 08:00:00,3.9,AWST,False,FALSE,3,11,0,
G1282,2003-03-23 17:00:00,5.3,AWST,False,FALSE,3,11,0,
G1282,2003-03-25 06:00:00,31.8,AWST,False,FALSE,240,3,0,
G1282,2003-03-26 18:00:00,3.0,AWST,False,FALSE,3,11,0,
G1282,2003-03-27 05:00:00,4.1,AWST,False,FALSE,3,11,0,
59306,2003-03-27 20:00:00,6.9,SURF,True,NORMAL,5,0,0,
G1282,2003-03-27 20:00:00,800.0,AWST,False,FALSE,235,3,0,
G1282,2003-03-27 23:00:00,33.0,AWST,False,FALSE,231,3,0,
G1282,2003-03-29 21:00:00,21.0,AWST,False,FALSE,225,3,0,
G1282,2003-03-30 05:00:00,380.1,AWST,False,FALSE,255,3,0,
G1282,2003-03-30 12:00:00,701.7,AWST,False,FALSE,255,3,0,
G1282,2003-03-31 12:00:00,901.6,AWST,False,FALSE,255,3,0,
G1282,2003-04-02 05:00:00,9.1,AWST,False,FALSE,3,11,0,
G1282,2003-04-02 08:00:00,900.0,AWST,False,FALSE,260,3,0,
59270,2003-04-02 23:00:00,22.5,SURF,True,NORMAL,35,0,0,
G1282,2003-04-03 06:00:00,156.0,AWST,False,FALSE,260,3,0,
G1282,2003-04-04 05:00:00,600.1,AWST,False,FALSE,260,3,0,
G1282,2003-04-04 23:00:00,201.0,AWST,False,FALSE,260,3,0,
G1282,2003-04-05 15:00:00,900.1,AWST,False,FALSE,260,3,0,
G1282,2003-04-05 20:00:00,7.0,AWST,False,FALSE,3,11,0,
G1282,2003-04-07 00:00:00,1.5,AWST,False,NORMAL,3,0,0,
G1282,2003-04-08 01:00:00,1.4,AWST,False,FALSE,3,11,0,
59284,2003-04-09 03:00:00,2.8,SURF,True,NORMAL,2,0,0,
59280,2003-04-09 08:00:00,51.0,SURF,True,FALSE,125,2,0,
G1282,2003-04-09 16:00:00,200.7,AWST,False,FALSE,258,3,0,
59096,2003-04-09 19:00:00,23.0,SURF,True,EXTREME_TYPE1,55,3,2,"(113.91, 24.5);(114.73, 24.5)"
G1282,2003-04-10 05:00:00,2.2,AWST,False,FALSE,3,11,0,
G1282,2003-04-10 08:00:00,3.0,AWST,False,FALSE,3,11,0,
G1282,2003-04-10 09:00:00,3.2,AWST,False,FALSE,3,11,0,
G1282,2003-04-10 10:00:00,1.7,AWST,False,FALSE,3,11,0,
G2109,2003-04-11 01:00:00,60.6,AWST,False,FALSE,355,3,0,
G2109,2003-04-11 08:00:00,60.4,AWST,False,FALSE,355,3,0,
G2109,2003-04-11 18:00:00,888.8,AWST,False,FALSE,355,3,0,
G2109,2003-04-12 09:00:00,555.5,AWST,False,FALSE,355,3,0,
G1282,2003-04-13 21:00:00,518.0,AWST,False,FALSE,285,3,0,
59106,2003-04-13 23:00:00,3.5,SURF,True,NORMAL,2,0,0,
G2109,2003-04-14 01:00:00,888.3,AWST,False,FALSE,355,3,0,
G2109,2003-04-14 02:00:00,555.2,AWST,False,FALSE,355,3,0,
59492,2003-04-14 03:00:00,2.6,SURF,True,NORMAL,2,0,0,
59314,2003-04-14 04:00:00,57.8,SURF,True,NORMAL,183,0,0,
G2109,2003-04-15 06:00:00,1.3,AWST,False,FALSE,3,11,0,
G1282,2003-04-15 08:00:00,37.0,AWST,False,FALSE,280,3,0,
G1282,2003-04-15 17:00:00,365.5,AWST,False,FALSE,280,3,0,
G2109,2003-04-15 20:00:00,700.0,AWST,False,FALSE,355,3,0,
G1282,2003-04-15 22:00:00,61.5,AWST,False,FALSE,280,3,0,
G1282,2003-04-16 16:00:00,920.0,AWST,False,FALSE,280,3,0,
G2109,2003-04-16 17:00:00,300.0,AWST,False,FALSE,348,3,0,
G1282,2003-04-17 12:00:00,53.0,AWST,False,FALSE,280,3,0,
G2109,2003-04-17 13:00:00,1.3,AWST,False,FALSE,3,11,0,
G1282,2003-04-17 21:00:00,70.5,AWST,False,FALSE,280,3,0,
G2109,2003-04-18 03:00:00,555.5,AWST,False,FALSE,350,3,0,
G2109,2003-04-19 06:00:00,555.5,AWST,False,FALSE,355,3,0,
G2109,2003-04-19 09:00:00,894.3,AWST,False,FALSE,355,3,0,
G1282,2003-04-19 18:00:00,50.0,AWST,False,FALSE,280,3,0,
G1282,2003-04-20 02:00:00,131.0,AWST,False,FALSE,280,3,0,
G2109,2003-04-20 22:00:00,130.0,AWST,False,FALSE,355,3,0,
G1282,2003-04-20 23:00:00,8.0,AWST,False,FALSE,3,11,0,
G2109,2003-04-21 00:00:00,54.5,AWST,False,FALSE,355,3,0,
G2109,2003-04-21 01:00:00,13.0,AWST,False,FALSE,3,11,0,
G2109,2003-04-21 11:00:00,13.0,AWST,False,FALSE,3,11,0,
G2109,2003-04-22 03:00:00,555.5,AWST,False,FALSE,355,3,0,
G2109,2003-04-22 04:00:00,5.5,AWST,False,FALSE,3,11,0,
G2109,2003-04-22 21:00:00,555.5,AWST,False,FALSE,355,3,0,
G1282,2003-04-23 07:00:00,800.2,AWST,False,FALSE,285,3,0,
G2109,2003-04-23 09:00:00,300.0,AWST,False,FALSE,354,3,0,
G2109,2003-04-23 10:00:00,888.8,AWST,False,FALSE,355,3,0,
G2109,2003-04-24 08:00:00,555.5,AWST,False,FALSE,355,3,0,
G2340,2003-04-24 15:00:00,630.0,AWST,False,FALSE,105,2,0,
G2109,2003-04-25 00:00:00,300.0,AWST,False,FALSE,355,3,0,
G2109,2003-04-25 02:00:00,300.0,AWST,False,FALSE,355,3,0,
G2109,2003-04-25 03:00:00,300.0,AWST,False,FALSE,355,3,0,
G2109,2003-04-25 08:00:00,30.0,AWST,False,FALSE,354,3,0,
G2109,2003-04-25 16:00:00,300.0,AWST,False,FALSE,355,3,0,
G2109,2003-04-25 21:00:00,1.3,AWST,False,FALSE,3,11,0,
G2109,2003-04-26 02:00:00,555.5,AWST,False,FALSE,355,3,0,
G1282,2003-04-26 22:00:00,8.8,AWST,False,FALSE,3,11,0,
G2109,2003-04-26 23:00:00,1.3,AWST,False,FALSE,3,11,0,
G2109,2003-04-27 03:00:00,100.0,AWST,False,FALSE,355,3,0,
G1282,2003-04-27 14:00:00,358.0,AWST,False,FALSE,280,3,0,
G2109,2003-04-28 11:00:00,30.0,AWST,False,FALSE,355,3,0,
G2109,2003-04-28 12:00:00,555.5,AWST,False,FALSE,355,3,0,
59500,2003-05-04 12:00:00,52.7,SURF,True,NORMAL,100,0,0,
59502,2003-05-04 14:00:00,51.8,SURF,True,EXTREME_TYPE1,180,2,2,"(115.55, 23.0);(116.36, 23.0)"
59317,2003-05-04 16:00:00,72.4,SURF,True,NORMAL,180,0,0,
59318,2003-05-04 16:00:00,77.7,SURF,True,NORMAL,130,0,0,
59324,2003-05-04 17:00:00,11.5,SURF,True,NORMAL,2,0,0,
59488,2003-05-05 01:00:00,63.5,SURF,True,NORMAL,130,0,0,
59480,2003-05-05 03:00:00,6.0,SURF,True,NORMAL,9,0,0,
59287,2003-05-05 05:00:00,5.5,SURF,True,NORMAL,3,0,0,
59502,2003-05-05 10:00:00,37.6,SURF,True,EXTREME_TYPE1,180,2,2,"(115.55, 23.0);(116.36, 23.0)"
59087,2003-05-08 04:00:00,74.9,SURF,True,NORMAL,121,0,0,
59673,2003-05-09 08:00:00,21.9,SURF,True,EXTREME_TYPE1,345,4,2,"(112.27, 22.25);(113.09, 22.25)"
59106,2003-05-11 07:00:00,48.4,SURF,True,NORMAL,40,0,0,
59287,2003-05-14 18:00:00,37.9,SURF,True,EXTREME_TYPE1,155,4,4,"(113.09, 23.0);(113.09, 23.75);(113.91, 23.0);(113.91, 23.75)"
59288,2003-05-14 18:00:00,83.6,SURF,True,EXTREME_TYPE1,170,3,3,"(112.27, 23.0);(113.09, 23.0);(113.09, 23.75)"
59314,2003-05-16 11:00:00,42.5,SURF,True,EXTREME_TYPE1,220,4,4,"(115.55, 23.0);(115.55, 23.75);(116.36, 23.0);(116.36, 23.75)"
59099,2003-05-17 05:00:00,27.1,SURF,True,NORMAL,35,0,0,
59109,2003-05-17 10:00:00,23.2,SURF,True,NORMAL,35,0,0,
59096,2003-05-17 13:00:00,9.3,SURF,True,NORMAL,3,0,0,
59673,2003-05-18 07:00:00,51.1,SURF,True,EXTREME_TYPE1,345,4,2,"(112.27, 22.25);(113.09, 22.25)"
59650,2003-05-23 15:00:00,5.2,SURF,True,EXTREME_TYPE1,2,11,10,"(110.1, 21.3);(110.1, 21.4);(110.2, 21.3);(110.2, 21.4);(110.2, 21.5);(110.3, 21.3);(110.3, 21.4);(110.3, 21.5);(110.4, 21.3);(110.4, 21.4)"
59673,2003-05-26 11:00:00,22.2,SURF,True,EXTREME_TYPE1,340,4,2,"(112.27, 22.25);(113.09, 22.25)"
59654,2003-05-27 08:00:00,51.8,SURF,True,EXTREME_TYPE1,30,3,2,"(109.82, 21.5);(110.64, 21.5)"
59659,2003-05-29 18:00:00,56.4,SURF,True,EXTREME_TYPE1,115,4,3,"(110.64, 21.5);(111.45, 21.5);(111.45, 22.25)"
G2109,2003-05-31 21:00:00,555.5,AWST,False,FALSE,335,3,0,
G2109,2003-06-03 06:00:00,888.8,AWST,False,FALSE,325,3,0,
G2109,2003-06-03 12:00:00,888.8,AWST,False,FALSE,325,3,0,
59072,2003-06-06 05:00:00,5.5,SURF,True,NORMAL,2,0,0,
G2109,2003-06-06 05:00:00,255.5,AWST,False,EXTREME_TYPE5,325,3,1,"(112.27, 22.25)"
G2109,2003-06-06 11:00:00,888.8,AWST,False,FALSE,325,3,0,
G2109,2003-06-06 12:00:00,555.5,AWST,False,FALSE,325,3,0,
59659,2003-06-06 15:00:00,2.3,SURF,True,NORMAL,1,0,0,
59297,2003-06-06 19:00:00,45.5,SURF,True,NORMAL,95,0,0,
G2109,2003-06-06 20:00:00,20.0,AWST,False,EXTREME_TYPE1,324,3,2,"(112.27, 23.0);(113.09, 22.25)"
G2109,2003-06-06 21:00:00,10.0,AWST,False,FALSE,4,11,0,
59313,2003-06-07 13:00:00,1.1,SURF,True,NORMAL,1,0,0,
G2109,2003-06-08 21:00:00,440.7,AWST,False,FALSE,322,3,0,
G2109,2003-06-09 04:00:00,1.8,AWST,False,NORMAL,4,0,0,
G2109,2003-06-09 05:00:00,588.1,AWST,False,FALSE,320,3,0,
G2109,2003-06-09 06:00:00,555.5,AWST,False,FALSE,321,3,0,
59488,2003-06-09 12:00:00,52.6,SURF,True,NORMAL,105,0,0,
59653,2003-06-09 19:00:00,20.5,SURF,True,NORMAL,110,0,0,
59279,2003-06-10 01:00:00,36.4,SURF,True,NORMAL,150,0,0,
G2109,2003-06-10 06:00:00,1.0,AWST,False,FALSE,4,11,0,
G2109,2003-06-10 13:00:00,1.6,AWST,False,NORMAL,4,0,0,
G2109,2003-06-10 15:00:00,10.3,AWST,False,FALSE,4,11,0,
59673,2003-06-10 22:00:00,117.4,SURF,True,EXTREME_TYPE1,323,4,2,"(113.09, 21.5);(113.09, 22.25)"
59488,2003-06-10 23:00:00,62.6,SURF,True,EXTREME_TYPE1,105,2,2,"(113.09, 22.25);(113.91, 22.25)"
59673,2003-06-10 23:00:00,64.3,SURF,True,EXTREME_TYPE1,321,4,1,"(113.09, 22.25)"
59673,2003-06-11 00:00:00,62.7,SURF,True,EXTREME_TYPE1,319,4,1,"(113.09, 22.25)"
57989,2003-06-11 07:00:00,6.4,SURF,True,NORMAL,1,0,0,
59502,2003-06-11 07:00:00,67.3,SURF,True,EXTREME_TYPE1,160,2,2,"(115.55, 23.0);(116.36, 23.0)"
59097,2003-06-12 16:00:00,1.3,SURF,True,FALSE,1,10,0,
59285,2003-06-14 06:00:00,50.0,SURF,True,EXTREME_TYPE1,154,3,2,"(113.09, 23.75);(113.91, 23.75)"
59289,2003-06-14 17:00:00,47.2,SURF,True,NORMAL,254,0,0,
59306,2003-06-15 09:00:00,28.5,SURF,True,NORMAL,185,0,0,
G2109,2003-06-15 09:00:00,10.0,AWST,False,FALSE,4,11,0,
59310,2003-06-15 20:00:00,6.1,SURF,True,NORMAL,4,0,0,
G2109,2003-06-16 16:00:00,533.1,AWST,False,FALSE,315,3,0,
G2109,2003-06-17 02:00:00,555.5,AWST,False,FALSE,315,3,0,
G2109,2003-06-18 21:00:00,555.5,AWST,False,FALSE,315,3,0,
59099,2003-06-22 15:00:00,2.7,SURF,True,NORMAL,0,0,0,
59485,2003-06-22 17:00:00,1.9,SURF,True,EXTREME_TYPE1,6,10,10,"(113.2, 22.5);(113.3, 22.4);(113.3, 22.5);(113.3, 22.6);(113.4, 22.4);(113.4, 22.5);(113.4, 22.6);(113.5, 22.4);(113.5, 22.5);(113.5, 22.6)"
59306,2003-06-26 07:00:00,54.1,SURF,True,EXTREME_TYPE1,180,4,4,"(115.55, 23.0);(115.55, 23.75);(116.36, 23.0);(116.36, 23.75)"
59477,2003-06-27 21:00:00,50.7,SURF,True,EXTREME_TYPE1,195,2,2,"(111.45, 22.25);(112.27, 22.25)"
59287,2003-06-27 22:00:00,17.2,SURF,True,NORMAL,3,0,0,
59492,2003-06-28 02:00:00,12.4,SURF,True,NORMAL,2,0,0,
59280,2003-06-28 18:00:00,52.1,SURF,True,EXTREME_TYPE3,150,2,1,"(113.09, 23.75)"
59654,2003-06-29 16:00:00,52.4,SURF,True,EXTREME_TYPE1,25,3,3,"(109.82, 21.5);(110.64, 21.5);(110.64, 22.25)"
59654,2003-06-29 17:00:00,55.1,SURF,True,NORMAL,25,0,0,
59654,2003-06-30 15:00:00,13.3,SURF,True,NORMAL,1,0,0,
59492,2003-07-24 08:00:00,30.1,SURF,True,NORMAL,130,0,0,
59303,2003-07-27 18:00:00,32.5,SURF,True,NORMAL,215,0,0,
59312,2003-07-27 18:00:00,58.9,SURF,True,NORMAL,130,0,0,
59285,2003-08-04 21:00:00,53.6,SURF,True,EXTREME_TYPE1,137,3,2,"(113.09, 23.75);(113.91, 23.0)"
59285,2003-08-05 01:00:00,1.7,SURF,True,NORMAL,1,0,0,
59469,2003-08-05 04:00:00,31.3,SURF,True,NORMAL,185,0,0,
59659,2003-08-05 23:00:00,4.6,SURF,True,NORMAL,1,0,0,
59264,2003-08-06 18:00:00,61.2,SURF,True,EXTREME_TYPE5,45,2,1,"(111.45, 23.0)"
59478,2003-08-12 14:00:00,9.8,SURF,True,NORMAL,4,0,0,
59653,2003-08-12 16:00:00,50.6,SURF,True,NORMAL,90,0,0,
59288,2003-08-12 19:00:00,19.9,SURF,True,NORMAL,2,0,0,
59306,2003-08-15 18:00:00,24.0,SURF,True,NORMAL,225,0,0,
59109,2003-08-15 19:00:00,59.5,SURF,True,NORMAL,44,0,0,
59071,2003-08-16 17:00:00,13.8,SURF,True,NORMAL,1,0,0,
59501,2003-08-17 06:00:00,25.0,SURF,True,NORMAL,105,0,0,
59288,2003-08-17 21:00:00,7.2,SURF,True,NORMAL,2,0,0,
59090,2003-08-17 22:00:00,15.5,SURF,True,NORMAL,2,0,0,
59492,2003-08-19 15:00:00,75.8,SURF,True,EXTREME_TYPE1,135,2,2,"(113.91, 23.0);(114.73, 23.0)"
59456,2003-08-19 19:00:00,35.3,SURF,True,NORMAL,90,0,0,
59276,2003-08-21 15:00:00,50.9,SURF,True,EXTREME_TYPE1,140,4,4,"(112.27, 23.0);(112.27, 23.75);(113.09, 23.0);(113.09, 23.75)"
59485,2003-08-21 15:00:00,50.5,SURF,True,EXTREME_TYPE1,280,4,4,"(113.09, 22.25);(113.09, 23.0);(113.91, 22.25);(113.91, 23.0)"
59294,2003-08-22 06:00:00,13.9,SURF,True,FALSE,2,13,0,
59094,2003-09-02 16:00:00,13.1,SURF,True,NORMAL,1,0,0,
59318,2003-09-02 19:00:00,33.6,SURF,True,NORMAL,127,0,0,
59310,2003-09-03 03:00:00,23.4,SURF,True,EXTREME_TYPE1,210,2,2,"(115.55, 23.75);(116.36, 23.75)"
59470,2003-09-03 04:00:00,33.1,SURF,True,NORMAL,195,0,0,
59298,2003-09-03 10:00:00,2.3,SURF,True,EXTREME_TYPE1,5,12,9,"(114.3, 23.0);(114.3, 23.1);(114.3, 23.2);(114.4, 23.0);(114.4, 23.1);(114.4, 23.2);(114.5, 23.0);(114.5, 23.1);(114.5, 23.2)"
59109,2003-09-03 14:00:00,10.5,SURF,True,NORMAL,0,0,0,
59477,2003-09-05 13:00:00,1.8,SURF,True,NORMAL,1,0,0,
59658,2003-09-08 09:00:00,6.0,SURF,True,NORMAL,2,0,0,
59315,2003-09-14 12:00:00,59.4,SURF,True,EXTREME_TYPE1,210,2,2,"(116.36, 23.0);(116.36, 23.75)"
59487,2003-09-14 15:00:00,8.2,SURF,True,NORMAL,7,0,0,
59269,2003-09-14 16:00:00,2.5,SURF,True,NORMAL,1,0,0,
59488,2003-09-14 19:00:00,32.1,SURF,True,NORMAL,105,0,0,
59485,2003-09-14 20:00:00,24.9,SURF,True,EXTREME_TYPE1,270,4,4,"(113.09, 22.25);(113.09, 23.0);(113.91, 22.25);(113.91, 23.0)"
59480,2003-09-15 03:00:00,21.3,SURF,True,NORMAL,270,0,0,
59488,2003-09-15 10:00:00,59.5,SURF,True,NORMAL,105,0,0,
59485,2003-09-15 15:00:00,33.0,SURF,True,NORMAL,270,0,0,
59310,2003-09-16 08:00:00,21.1,SURF,True,EXTREME_TYPE1,210,2,1,"(116.36, 23.75)"
G2764,2004-01-23 03:00:00,2.7,AWST,False,FALSE,1,12,0,
G2764,2004-01-23 04:00:00,80.3,AWST,False,FALSE,120,3,0,
G2764,2004-01-23 06:00:00,140.5,AWST,False,FALSE,120,3,0,
G2764,2004-01-23 14:00:00,212.7,AWST,False,FALSE,120,3,0,
G2764,2004-01-23 15:00:00,88.5,AWST,False,FALSE,120,3,0,
59480,2004-02-04 19:00:00,1.7,SURF,True,NORMAL,10,0,0,
59303,2004-02-05 02:00:00,3.2,SURF,True,NORMAL,3,0,0,
59279,2004-02-07 05:00:00,1.4,SURF,True,NORMAL,3,0,0,
G2764,2004-02-28 09:00:00,137.0,AWST,False,FALSE,125,3,0,
G2764,2004-02-28 10:00:00,186.0,AWST,False,FALSE,125,3,0,
G2764,2004-02-28 11:00:00,98.6,AWST,False,FALSE,125,3,0,
G2764,2004-02-28 17:00:00,31.7,AWST,False,FALSE,125,3,0,
G2764,2004-02-28 19:00:00,29.2,AWST,False,FALSE,125,3,0,
G2764,2004-03-01 12:00:00,1.7,AWST,False,FALSE,1,12,0,
G2764,2004-03-06 11:00:00,203.9,AWST,False,FALSE,125,3,0,
G2764,2004-03-06 12:00:00,9.8,AWST,False,FALSE,1,12,0,
G2764,2004-03-06 13:00:00,13.4,AWST,False,FALSE,1,12,0,
G2764,2004-03-06 16:00:00,2.1,AWST,False,FALSE,1,12,0,
G2764,2004-03-07 08:00:00,1.1,AWST,False,FALSE,1,12,0,
G2764,2004-03-08 12:00:00,75.8,AWST,False,FALSE,125,3,0,
G2764,2004-03-08 23:00:00,90.1,AWST,False,FALSE,125,3,0,
G2764,2004-03-09 03:00:00,808.4,AWST,False,FALSE,125,3,0,
G2764,2004-03-09 04:00:00,443.5,AWST,False,FALSE,125,3,0,
G2764,2004-03-09 05:00:00,160.7,AWST,False,FALSE,125,3,0,
G2764,2004-03-09 07:00:00,1.4,AWST,False,FALSE,1,12,0,
G2764,2004-03-10 17:00:00,117.3,AWST,False,FALSE,125,3,0,
G2764,2004-03-10 18:00:00,140.1,AWST,False,FALSE,125,3,0,
G2764,2004-03-10 19:00:00,201.8,AWST,False,FALSE,125,3,0,
G2764,2004-03-10 20:00:00,112.1,AWST,False,FALSE,125,3,0,
G2764,2004-03-11 01:00:00,256.3,AWST,False,FALSE,125,3,0,
G2764,2004-03-11 02:00:00,12.2,AWST,False,FALSE,1,12,0,
G2764,2004-03-11 10:00:00,119.5,AWST,False,FALSE,125,3,0,
G2764,2004-03-11 12:00:00,68.4,AWST,False,FALSE,125,3,0,
G2764,2004-03-12 03:00:00,56.3,AWST,False,FALSE,125,3,0,
G2764,2004-03-12 06:00:00,53.4,AWST,False,FALSE,125,3,0,
G2764,2004-03-12 07:00:00,65.1,AWST,False,FALSE,125,3,0,
G2764,2004-03-12 08:00:00,451.8,AWST,False,FALSE,125,3,0,
G2764,2004-03-12 09:00:00,479.5,AWST,False,FALSE,125,3,0,
G2764,2004-03-12 10:00:00,118.8,AWST,False,FALSE,125,3,0,
G2764,2004-03-12 11:00:00,125.5,AWST,False,FALSE,125,3,0,
G2764,2004-03-12 13:00:00,340.8,AWST,False,FALSE,125,3,0,
G2764,2004-03-12 15:00:00,328.5,AWST,False,FALSE,125,3,0,
G2764,2004-03-12 16:00:00,355.2,AWST,False,FALSE,125,3,0,
G2764,2004-03-12 22:00:00,93.9,AWST,False,FALSE,125,3,0,
G2764,2004-03-12 23:00:00,416.9,AWST,False,FALSE,125,3,0,
G2764,2004-03-13 01:00:00,85.3,AWST,False,FALSE,125,3,0,
G2764,2004-03-13 04:00:00,53.2,AWST,False,FALSE,125,3,0,
G2764,2004-03-13 06:00:00,4.3,AWST,False,FALSE,1,12,0,
G2764,2004-03-13 09:00:00,159.7,AWST,False,FALSE,125,3,0,
G2764,2004-03-13 10:00:00,12.5,AWST,False,FALSE,1,12,0,
G2764,2004-03-13 12:00:00,61.6,AWST,False,FALSE,125,3,0,
G2764,2004-03-13 16:00:00,544.5,AWST,False,FALSE,125,3,0,
G2764,2004-03-13 19:00:00,148.6,AWST,False,FALSE,125,3,0,
59313,2004-03-26 07:00:00,3.0,SURF,True,NORMAL,1,0,0,
59473,2004-04-01 09:00:00,4.3,SURF,True,NORMAL,14,0,0,
59297,2004-04-01 14:00:00,1.0,SURF,True,NORMAL,1,0,0,
59655,2004-04-17 14:00:00,66.9,SURF,True,NORMAL,25,0,0,
59289,2004-04-17 18:00:00,9.1,SURF,True,NORMAL,6,0,0,
59099,2004-05-07 05:00:00,3.4,SURF,True,NORMAL,0,0,0,
59653,2004-05-07 14:00:00,50.0,SURF,True,NORMAL,155,0,0,
59664,2004-05-07 19:00:00,67.4,SURF,True,NORMAL,90,0,0,
59664,2004-05-07 20:00:00,95.6,SURF,True,NORMAL,90,0,0,
59663,2004-05-07 21:00:00,56.9,SURF,True,NORMAL,215,0,0,
59663,2004-05-07 22:00:00,64.9,SURF,True,NORMAL,215,0,0,
59481,2004-05-08 01:00:00,11.8,SURF,True,NORMAL,5,0,0,
59492,2004-05-08 03:00:00,1.2,SURF,True,NORMAL,2,0,0,
59663,2004-05-08 03:00:00,90.1,SURF,True,NORMAL,215,0,0,
59284,2004-05-08 06:00:00,63.8,SURF,True,EXTREME_TYPE1,180,3,3,"(113.09, 23.0);(113.09, 23.75);(113.91, 23.75)"
59488,2004-05-08 06:00:00,57.0,SURF,True,EXTREME_TYPE1,150,2,2,"(113.09, 22.25);(113.91, 22.25)"
59492,2004-05-08 07:00:00,57.7,SURF,True,EXTREME_TYPE1,155,2,2,"(113.91, 23.0);(114.73, 23.0)"
59492,2004-05-08 09:00:00,50.3,SURF,True,NORMAL,155,0,0,
59664,2004-05-13 04:00:00,55.2,SURF,True,NORMAL,90,0,0,
59664,2004-05-13 05:00:00,90.9,SURF,True,NORMAL,90,0,0,
59284,2004-05-13 17:00:00,36.0,SURF,True,EXTREME_TYPE1,180,3,3,"(113.09, 23.0);(113.09, 23.75);(113.91, 23.75)"
59278,2004-05-13 18:00:00,34.4,SURF,True,EXTREME_TYPE1,355,2,2,"(112.27, 23.0);(113.09, 23.0)"
59663,2004-05-14 03:00:00,66.0,SURF,True,NORMAL,210,0,0,
59492,2004-05-14 11:00:00,44.2,SURF,True,EXTREME_TYPE1,155,2,2,"(113.91, 23.0);(114.73, 23.0)"
59264,2004-05-14 18:00:00,23.0,SURF,True,NORMAL,50,0,0,
59654,2004-05-15 18:00:00,30.7,SURF,True,EXTREME_TYPE1,30,3,2,"(109.82, 21.5);(110.64, 21.5)"
59310,2004-05-16 17:00:00,52.5,SURF,True,EXTREME_TYPE1,335,2,1,"(116.36, 23.75)"
59663,2004-05-19 03:00:00,21.2,SURF,True,EXTREME_TYPE1,210,4,4,"(111.45, 21.5);(111.45, 22.25);(112.27, 21.5);(112.27, 22.25)"
59074,2004-05-27 18:00:00,51.3,SURF,True,EXTREME_TYPE5,65,2,2,"(112.27, 24.5);(112.27, 25.25)"
59456,2004-05-28 20:00:00,53.9,SURF,True,NORMAL,155,0,0,
59285,2004-05-29 14:00:00,29.5,SURF,True,EXTREME_TYPE1,175,3,2,"(113.91, 23.0);(113.91, 23.75)"
59082,2004-05-30 13:00:00,16.1,SURF,True,FALSE,2,11,0,
59279,2004-05-31 17:00:00,37.0,SURF,True,EXTREME_TYPE1,198,3,3,"(112.27, 23.0);(113.09, 23.0);(113.09, 23.75)"
59290,2004-06-03 03:00:00,50.9,SURF,True,EXTREME_TYPE1,105,2,2,"(113.91, 23.75);(114.73, 23.75)"
59487,2004-06-16 09:00:00,12.7,SURF,True,NORMAL,10,0,0,
57988,2004-06-16 16:00:00,6.9,SURF,True,NORMAL,1,0,0,
59280,2004-06-16 17:00:00,17.8,SURF,True,NORMAL,3,0,0,
59088,2004-06-16 18:00:00,56.1,SURF,True,NORMAL,115,0,0,
59502,2004-06-20 22:00:00,50.0,SURF,True,EXTREME_TYPE5,180,2,2,"(115.55, 23.0);(116.36, 23.0)"
59488,2004-06-21 02:00:00,63.8,SURF,True,EXTREME_TYPE1,145,2,2,"(113.09, 22.25);(113.91, 22.25)"
59488,2004-06-21 04:00:00,51.5,SURF,True,EXTREME_TYPE1,145,2,2,"(113.09, 22.25);(113.91, 22.25)"
59268,2004-06-21 18:00:00,50.4,SURF,True,NORMAL,15,0,0,
59304,2004-06-29 18:00:00,9.0,SURF,True,EXTREME_TYPE1,3,1,1,"(115.0, 23.6)"
59313,2004-07-01 19:00:00,2.7,SURF,True,NORMAL,1,0,0,
59276,2004-07-01 21:00:00,32.5,SURF,True,EXTREME_TYPE1,205,4,4,"(112.27, 23.0);(112.27, 23.75);(113.09, 23.0);(113.09, 23.75)"
59306,2004-07-04 14:00:00,52.1,SURF,True,NORMAL,320,0,0,
59293,2004-07-07 19:00:00,16.7,SURF,True,NORMAL,1,0,0,
59082,2004-07-12 11:00:00,57.8,SURF,True,NORMAL,85,0,0,
59298,2004-07-14 15:00:00,21.1,SURF,True,EXTREME_TYPE1,155,2,2,"(113.91, 23.0);(114.73, 23.0)"
59312,2004-07-17 13:00:00,12.9,SURF,True,FALSE,4,10,0,
59312,2004-07-17 15:00:00,49.2,SURF,True,EXTREME_TYPE1,160,2,2,"(116.36, 23.75);(117.18, 23.75)"
59754,2004-07-18 22:00:00,6.7,SURF,True,FALSE,0,3,0,
59456,2004-07-19 06:00:00,7.9,SURF,True,NORMAL,0,0,0,
59650,2004-07-20 01:00:00,97.4,SURF,True,NORMAL,65,0,0,
59276,2004-07-20 06:00:00,1.4,SURF,True,NORMAL,2,0,0,
59481,2004-07-20 08:00:00,8.2,SURF,True,NORMAL,6,0,0,
59492,2004-07-20 10:00:00,12.3,SURF,True,NORMAL,2,0,0,
59316,2004-07-28 00:00:00,26.5,SURF,True,NORMAL,160,0,0,
59324,2004-07-28 09:00:00,22.5,SURF,True,NORMAL,160,0,0,
59278,2004-07-28 20:00:00,23.2,SURF,True,EXTREME_TYPE1,400,2,2,"(112.27, 23.0);(113.09, 23.0)"
59469,2004-07-29 17:00:00,1.5,SURF,True,NORMAL,2,0,0,
59654,2004-07-30 08:00:00,14.3,SURF,True,NORMAL,1,0,0,
59279,2004-07-30 12:00:00,24.7,SURF,True,NORMAL,228,0,0,
59314,2004-08-02 20:00:00,11.1,SURF,True,EXTREME_TYPE1,8,9,9,"(116.1, 23.3);(116.1, 23.4);(116.1, 23.5);(116.2, 23.3);(116.2, 23.4);(116.2, 23.5);(116.3, 23.3);(116.3, 23.4);(116.3, 23.5)"
59107,2004-08-04 18:00:00,57.0,SURF,True,EXTREME_TYPE1,75,4,2,"(115.55, 23.75);(115.55, 24.5)"
59481,2004-08-11 15:00:00,50.2,SURF,True,EXTREME_TYPE1,345,2,2,"(113.09, 23.0);(113.91, 23.0)"
59493,2004-08-11 15:00:00,63.3,SURF,True,EXTREME_TYPE1,345,2,2,"(113.91, 22.25);(113.91, 23.0)"
59284,2004-08-11 16:00:00,53.0,SURF,True,EXTREME_TYPE1,180,3,3,"(113.09, 23.0);(113.09, 23.75);(113.91, 23.75)"
59071,2004-08-11 18:00:00,51.9,SURF,True,NORMAL,65,0,0,
59288,2004-08-20 13:00:00,31.1,SURF,True,EXTREME_TYPE1,240,3,3,"(112.27, 23.0);(113.09, 23.0);(113.09, 23.75)"
59109,2004-08-20 14:00:00,53.4,SURF,True,EXTREME_TYPE2,75,2,2,"(115.55, 23.75);(115.55, 24.5)"
59284,2004-08-20 15:00:00,90.9,SURF,True,EXTREME_TYPE1,180,3,1,"(113.09, 23.0)"
59501,2004-08-22 12:00:00,34.2,SURF,True,NORMAL,115,0,0,
59294,2004-08-27 01:00:00,5.0,SURF,True,NORMAL,1,0,0,
59317,2004-08-27 16:00:00,7.9,SURF,True,NORMAL,4,0,0,
59673,2004-08-29 03:00:00,26.9,SURF,True,EXTREME_TYPE1,316,4,3,"(112.27, 22.25);(113.09, 21.5);(113.09, 22.25)"
59324,2004-08-29 09:00:00,7.1,SURF,True,NORMAL,3,0,0,
59284,2004-08-30 22:00:00,32.3,SURF,True,EXTREME_TYPE1,180,3,3,"(113.09, 23.0);(113.09, 23.75);(113.91, 23.75)"
59293,2004-09-05 16:00:00,41.8,SURF,True,EXTREME_TYPE1,184,3,1,"(115.55, 23.75)"
59471,2004-09-06 13:00:00,5.3,SURF,True,FALSE,1,13,0,
59487,2004-09-06 17:00:00,34.1,SURF,True,NORMAL,150,0,0,
59487,2004-09-06 18:00:00,21.8,SURF,True,NORMAL,150,0,0,
59750,2004-09-07 16:00:00,68.6,SURF,True,NORMAL,70,0,0,
59324,2004-09-08 09:00:00,70.5,SURF,True,EXTREME_TYPE1,165,3,3,"(116.36, 23.75);(117.18, 23.0);(117.18, 23.75)"
59324,2004-09-08 10:00:00,20.5,SURF,True,NORMAL,165,0,0,
59294,2004-09-18 13:00:00,22.9,SURF,True,EXTREME_TYPE1,170,2,2,"(113.91, 23.0);(113.91, 23.75)"
59315,2004-09-21 21:00:00,71.7,SURF,True,EXTREME_TYPE1,305,2,2,"(116.36, 23.0);(116.36, 23.75)"
G2775,2004-10-22 14:00:00,888.8,AWST,False,FALSE,175,2,0,
G2775,2004-10-22 20:00:00,55.5,AWST,False,FALSE,175,2,0,
G2775,2004-10-23 19:00:00,888.8,AWST,False,FALSE,175,2,0,
G2775,2004-10-25 04:00:00,555.5,AWST,False,FALSE,175,2,0,
G2775,2004-10-26 11:00:00,888.8,AWST,False,FALSE,170,2,0,
G2775,2004-10-27 21:00:00,555.5,AWST,False,FALSE,170,2,0,
G2775,2004-10-29 06:00:00,555.5,AWST,False,FALSE,175,2,0,
G2775,2004-10-29 12:00:00,55.5,AWST,False,FALSE,175,2,0,
G2775,2004-10-31 04:00:00,555.5,AWST,False,FALSE,175,2,0,
59081,2005-02-16 14:00:00,16.0,SURF,True,FALSE,1,8,0,
59500,2005-02-17 10:00:00,5.5,SURF,True,NORMAL,1,0,0,
59096,2005-02-28 02:00:00,7.2,SURF,True,NORMAL,2,0,0,
59487,2005-02-28 15:00:00,1.2,SURF,True,NORMAL,9,0,0,
59285,2005-03-12 10:00:00,2.4,SURF,True,NORMAL,1,0,0,
59673,2005-03-12 16:00:00,1.3,SURF,True,NORMAL,0,0,0,
G1032,2005-03-16 19:00:00,292.0,AWST,False,FALSE,493,2,0,
59081,2005-03-29 08:00:00,16.1,SURF,True,NORMAL,1,0,0,
59114,2005-03-29 13:00:00,25.1,SURF,True,NORMAL,135,0,0,
59310,2005-03-29 22:00:00,3.0,SURF,True,EXTREME_TYPE1,1,12,5,"(116.0, 23.7);(116.1, 23.7);(116.2, 23.6);(116.2, 23.7);(116.3, 23.7)"
59288,2005-03-30 19:00:00,5.6,SURF,True,NORMAL,12,0,0,
59462,2005-04-01 09:00:00,6.1,SURF,True,NORMAL,2,0,0,
59088,2005-04-09 19:00:00,44.6,SURF,True,EXTREME_TYPE1,130,4,3,"(113.09, 23.75);(113.09, 24.5);(113.91, 24.5)"
59656,2005-04-24 17:00:00,35.5,SURF,True,NORMAL,140,0,0,
59297,2005-04-25 17:00:00,22.3,SURF,True,NORMAL,95,0,0,
59480,2005-04-25 17:00:00,97.4,SURF,True,NORMAL,529,0,0,
59298,2005-04-25 18:00:00,70.0,SURF,True,EXTREME_TYPE1,155,2,2,"(113.91, 23.0);(114.73, 23.0)"
59653,2005-04-25 18:00:00,36.5,SURF,True,NORMAL,235,0,0,
59480,2005-04-25 19:00:00,13.0,SURF,True,NORMAL,17,0,0,
59287,2005-04-25 20:00:00,23.2,SURF,True,NORMAL,208,0,0,
59314,2005-04-27 17:00:00,1.0,SURF,True,NORMAL,9,0,0,
59656,2005-04-28 11:00:00,8.5,SURF,True,NORMAL,3,0,0,
59269,2005-05-06 00:00:00,34.0,SURF,True,NORMAL,200,0,0,
59297,2005-05-06 01:00:00,8.0,SURF,True,NORMAL,2,0,0,
59297,2005-05-06 02:00:00,55.8,SURF,True,NORMAL,95,0,0,
59493,2005-05-06 03:00:00,21.8,SURF,True,NORMAL,517,0,0,
59673,2005-05-06 07:00:00,3.8,SURF,True,FALSE,0,0,0,
59285,2005-05-09 10:00:00,57.7,SURF,True,NORMAL,208,0,0,
59477,2005-05-10 00:00:00,20.5,SURF,True,EXTREME_TYPE1,205,2,2,"(111.45, 22.25);(112.27, 22.25)"
59114,2005-05-13 17:00:00,11.7,SURF,True,EXTREME_TYPE1,2,12,3,"(116.2, 24.7);(116.2, 24.8);(116.3, 24.7)"
59087,2005-05-15 13:00:00,12.6,SURF,True,FALSE,1,10,0,
59315,2005-05-17 11:00:00,22.2,SURF,True,EXTREME_TYPE1,290,2,2,"(116.36, 23.0);(116.36, 23.75)"
59485,2005-05-18 14:00:00,17.2,SURF,True,EXTREME_TYPE1,9,10,9,"(113.2, 22.5);(113.3, 22.4);(113.3, 22.5);(113.3, 22.6);(113.4, 22.4);(113.4, 22.5);(113.4, 22.6);(113.5, 22.5);(113.5, 22.6)"
59278,2005-05-18 15:00:00,9.7,SURF,True,NORMAL,1,0,0,
59075,2005-05-20 09:00:00,56.0,SURF,True,EXTREME_TYPE1,175,3,2,"(112.27, 24.5);(113.09, 24.5)"
59488,2005-05-24 04:00:00,7.6,SURF,True,NORMAL,2,0,0,
59096,2005-05-24 09:00:00,4.1,SURF,True,NORMAL,1,0,0,
59294,2005-05-25 16:00:00,68.6,SURF,True,EXTREME_TYPE1,210,2,2,"(113.91, 23.0);(113.91, 23.75)"
59278,2005-05-25 18:00:00,60.2,SURF,True,EXTREME_TYPE1,635,2,2,"(112.27, 23.0);(113.09, 23.0)"
59289,2005-05-27 20:00:00,69.4,SURF,True,EXTREME_TYPE1,525,2,2,"(113.09, 23.0);(113.91, 23.0)"
59317,2005-06-02 06:00:00,81.2,SURF,True,NORMAL,210,0,0,
59317,2005-06-02 07:00:00,67.9,SURF,True,EXTREME_TYPE1,210,2,1,"(116.36, 23.0)"
57996,2005-06-02 11:00:00,29.2,SURF,True,NORMAL,40,0,0,
59094,2005-06-02 18:00:00,21.2,SURF,True,NORMAL,75,0,0,
59097,2005-06-03 20:00:00,51.2,SURF,True,NORMAL,75,0,0,
59094,2005-06-05 00:00:00,30.5,SURF,True,NORMAL,75,0,0,
59673,2005-06-05 04:00:00,65.7,SURF,True,EXTREME_TYPE1,375,4,2,"(113.09, 21.5);(113.09, 22.25)"
59656,2005-06-05 07:00:00,78.9,SURF,True,NORMAL,110,0,0,
59650,2005-06-08 11:00:00,56.5,SURF,True,EXTREME_TYPE1,145,2,2,"(109.82, 21.5);(110.64, 21.5)"
59650,2005-06-08 12:00:00,65.5,SURF,True,EXTREME_TYPE1,145,2,2,"(109.82, 21.5);(110.64, 21.5)"
59656,2005-06-10 20:00:00,24.7,SURF,True,EXTREME_TYPE1,110,3,3,"(110.64, 20.75);(110.64, 21.5);(111.45, 21.5)"
59114,2005-06-11 19:00:00,21.0,SURF,True,EXTREME_TYPE1,135,2,2,"(115.55, 24.5);(116.36, 24.5)"
59107,2005-06-12 04:00:00,56.0,SURF,True,NORMAL,135,0,0,
59314,2005-06-12 17:00:00,61.8,SURF,True,EXTREME_TYPE1,325,4,4,"(115.55, 23.0);(115.55, 23.75);(116.36, 23.0);(116.36, 23.75)"
59653,2005-06-13 17:00:00,1.8,SURF,True,NORMAL,2,0,0,
59293,2005-06-14 06:00:00,56.0,SURF,True,FALSE,190,3,0,
59488,2005-06-14 15:00:00,21.0,SURF,True,EXTREME_TYPE1,180,2,2,"(113.09, 22.25);(113.91, 22.25)"
59488,2005-06-14 16:00:00,55.8,SURF,True,EXTREME_TYPE1,180,2,2,"(113.09, 22.25);(113.91, 22.25)"
59477,2005-06-14 17:00:00,50.4,SURF,True,EXTREME_TYPE1,195,2,2,"(111.45, 22.25);(112.27, 22.25)"
59289,2005-06-15 08:00:00,76.0,SURF,True,EXTREME_TYPE1,430,2,1,"(113.91, 23.0)"
59117,2005-06-16 00:00:00,39.4,SURF,True,EXTREME_TYPE1,132,4,4,"(115.55, 23.75);(115.55, 24.5);(116.36, 23.75);(116.36, 24.5)"
59653,2005-06-17 17:00:00,74.7,SURF,True,EXTREME_TYPE1,175,4,3,"(110.64, 21.5);(110.64, 22.25);(111.45, 21.5)"
59082,2005-06-17 19:00:00,30.0,SURF,True,EXTREME_TYPE1,85,3,3,"(113.09, 24.5);(113.91, 24.5);(113.91, 25.25)"
59493,2005-06-18 06:00:00,1.1,SURF,True,NORMAL,1,0,0,
59290,2005-06-20 06:00:00,72.3,SURF,True,EXTREME_TYPE1,105,2,1,"(113.91, 23.75)"
59293,2005-06-20 14:00:00,30.9,SURF,True,NORMAL,190,0,0,
59298,2005-06-20 20:00:00,21.6,SURF,True,NORMAL,150,0,0,
59290,2005-06-21 06:00:00,72.7,SURF,True,EXTREME_TYPE1,105,2,2,"(113.91, 23.75);(114.73, 23.75)"
59293,2005-06-21 07:00:00,66.5,SURF,True,EXTREME_TYPE1,190,3,3,"(114.73, 23.75);(114.73, 24.5);(115.55, 23.75)"
59097,2005-06-21 08:00:00,64.5,SURF,True,NORMAL,75,0,0,
59293,2005-06-21 08:00:00,58.5,SURF,True,NORMAL,190,0,0,
59487,2005-06-21 10:00:00,60.0,SURF,True,NORMAL,180,0,0,
59315,2005-06-21 11:00:00,39.8,SURF,True,NORMAL,330,0,0,
59278,2005-06-21 18:00:00,52.4,SURF,True,EXTREME_TYPE1,530,2,2,"(112.27, 23.0);(113.09, 23.0)"
59500,2005-06-22 00:00:00,56.2,SURF,True,EXTREME_TYPE1,115,2,2,"(114.73, 23.0);(115.55, 23.0)"
59314,2005-06-22 02:00:00,52.3,SURF,True,NORMAL,330,0,0,
59298,2005-06-22 06:00:00,62.8,SURF,True,EXTREME_TYPE1,155,2,2,"(113.91, 23.0);(114.73, 23.0)"
59082,2005-06-22 14:00:00,52.4,SURF,True,EXTREME_TYPE1,85,3,3,"(113.09, 24.5);(113.91, 24.5);(113.91, 25.25)"
59493,2005-06-24 06:00:00,25.5,SURF,True,NORMAL,445,0,0,
59485,2005-06-24 10:00:00,1.8,SURF,True,NORMAL,9,0,0,
59663,2005-06-28 09:00:00,44.5,SURF,True,EXTREME_TYPE2,205,4,1,"(112.27, 22.25)"
59673,2005-06-30 05:00:00,32.7,SURF,True,NORMAL,400,0,0,
59477,2005-06-30 09:00:00,32.9,SURF,True,NORMAL,205,0,0,
59500,2005-07-01 05:00:00,32.0,SURF,True,EXTREME_TYPE1,110,2,2,"(114.73, 23.0);(115.55, 23.0)"
59279,2005-07-22 15:00:00,54.6,SURF,True,EXTREME_TYPE1,205,3,3,"(112.27, 23.0);(113.09, 23.0);(113.09, 23.75)"
59304,2005-07-24 17:00:00,11.8,SURF,True,FALSE,0,1,0,
G1071,2005-07-24 19:00:00,28.0,AWST,False,FALSE,288,2,0,
G1071,2005-07-24 21:00:00,325.5,AWST,False,FALSE,287,2,0,
G1015,2005-07-25 01:00:00,25.5,AWST,False,FALSE,287,2,0,
59271,2005-07-31 12:00:00,22.4,SURF,True,EXTREME_TYPE1,205,3,3,"(112.27, 23.0);(112.27, 23.75);(113.09, 23.75)"
59287,2005-08-04 23:00:00,88.8,SURF,True,EXTREME_TYPE1,285,4,3,"(113.09, 23.0);(113.09, 23.75);(113.91, 23.0)"
59303,2005-08-06 22:00:00,2.0,SURF,True,EXTREME_TYPE1,3,6,6,"(115.6, 24.0);(115.7, 23.8);(115.7, 24.0);(115.8, 23.9);(115.8, 24.0);(115.9, 24.0)"
59297,2005-08-07 07:00:00,69.7,SURF,True,FALSE,110,4,0,
59318,2005-08-13 17:00:00,12.1,SURF,True,NORMAL,11,0,0,
59318,2005-08-14 02:00:00,65.7,SURF,True,NORMAL,160,0,0,
59462,2005-08-14 06:00:00,34.2,SURF,True,EXTREME_TYPE1,241,3,3,"(111.45, 22.25);(111.45, 23.0);(112.27, 23.0)"
59318,2005-08-14 17:00:00,11.5,SURF,True,EXTREME_TYPE1,11,10,5,"(116.5, 23.4);(116.6, 23.3);(116.6, 23.4);(116.7, 23.3);(116.7, 23.4)"
59096,2005-08-15 17:00:00,30.9,SURF,True,EXTREME_TYPE1,95,3,3,"(113.91, 24.5);(114.73, 23.75);(114.73, 24.5)"
59469,2005-08-18 16:00:00,23.9,SURF,True,NORMAL,190,0,0,
59287,2005-08-21 04:00:00,23.6,SURF,True,EXTREME_TYPE1,285,4,4,"(113.09, 23.0);(113.09, 23.75);(113.91, 23.0);(113.91, 23.75)"
59317,2005-08-21 12:00:00,23.2,SURF,True,EXTREME_TYPE1,215,2,2,"(115.55, 23.0);(116.36, 23.0)"
59117,2005-08-24 14:00:00,2.9,SURF,True,EXTREME_TYPE1,2,11,2,"(115.9, 24.2);(115.9, 24.3)"
59297,2005-09-03 10:00:00,18.7,SURF,True,NORMAL,2,0,0,
59099,2005-09-03 17:00:00,3.7,SURF,True,NORMAL,0,0,0,
59487,2005-09-04 04:00:00,32.2,SURF,True,EXTREME_TYPE1,160,2,2,"(113.09, 22.25);(113.91, 22.25)"
59278,2005-09-04 06:00:00,1.7,SURF,True,NORMAL,1,0,0,
59317,2005-09-07 15:00:00,75.1,SURF,True,EXTREME_TYPE1,235,2,2,"(115.55, 23.0);(116.36, 23.0)"
59271,2005-09-09 05:00:00,57.8,SURF,True,EXTREME_TYPE1,365,3,1,"(113.09, 23.75)"
59492,2005-09-09 18:00:00,15.4,SURF,True,NORMAL,3,0,0,
59656,2005-09-19 04:00:00,35.9,SURF,True,EXTREME_TYPE1,110,3,3,"(110.64, 20.75);(110.64, 21.5);(111.45, 21.5)"
59501,2005-09-24 17:00:00,1.3,SURF,True,NORMAL,4,0,0,
59488,2005-09-25 11:00:00,9.7,SURF,True,NORMAL,2,0,0,
59658,2005-09-26 05:00:00,22.0,SURF,True,NORMAL,160,0,0,
59658,2005-09-26 14:00:00,4.9,SURF,True,NORMAL,4,0,0,
59663,2005-09-27 06:00:00,25.8,SURF,True,NORMAL,185,0,0,
59316,2005-10-03 13:00:00,20.7,SURF,True,NORMAL,157,0,0,
57988,2006-01-19 08:00:00,6.5,SURF,True,NORMAL,0,0,0,
G2635,2006-02-15 14:00:00,900.0,AWST,False,FALSE,85,2,0,
G2635,2006-02-16 02:00:00,400.0,AWST,False,FALSE,85,2,0,
59312,2006-02-18 19:00:00,1.4,SURF,True,NORMAL,1,0,0,
59270,2006-02-25 14:00:00,5.5,SURF,True,NORMAL,0,0,0,
59117,2006-02-28 05:00:00,1.2,SURF,True,NORMAL,0,0,0,
59094,2006-03-06 10:00:00,10.4,SURF,True,NORMAL,1,0,0,
59493,2006-03-06 14:00:00,1.3,SURF,True,NORMAL,9,0,0,
59284,2006-03-20 04:00:00,9.8,SURF,True,NORMAL,1,0,0,
59271,2006-03-23 10:00:00,31.0,SURF,True,EXTREME_TYPE1,120,3,3,"(112.27, 23.0);(112.27, 23.75);(113.09, 23.75)"
59492,2006-03-23 11:00:00,14.4,SURF,True,EXTREME_TYPE1,1,9,2,"(114.5, 23.0);(114.5, 23.1)"
59270,2006-04-07 12:00:00,4.5,SURF,True,NORMAL,1,0,0,
59754,2006-04-07 16:00:00,69.6,SURF,True,EXTREME_TYPE1,85,2,2,"(109.82, 20.75);(110.64, 20.75)"
59316,2006-04-10 09:00:00,55.2,SURF,True,NORMAL,105,0,0,
59116,2006-04-13 04:00:00,6.2,SURF,True,NORMAL,2,0,0,
59314,2006-04-27 14:00:00,2.4,SURF,True,NORMAL,7,0,0,
59297,2006-04-28 04:00:00,57.3,SURF,True,NORMAL,60,0,0,
59316,2006-04-28 05:00:00,5.6,SURF,True,NORMAL,4,0,0,
59268,2006-05-02 14:00:00,73.6,SURF,True,NORMAL,15,0,0,
59650,2006-05-02 17:00:00,20.4,SURF,True,NORMAL,159,0,0,
59650,2006-05-03 14:00:00,51.4,SURF,True,EXTREME_TYPE1,160,2,2,"(109.82, 21.5);(110.64, 21.5)"
59663,2006-05-04 08:00:00,83.1,SURF,True,NORMAL,59,0,0,
59663,2006-05-04 20:00:00,103.6,SURF,True,NORMAL,60,0,0,
59663,2006-05-04 21:00:00,82.0,SURF,True,NORMAL,60,0,0,
57989,2006-05-06 18:00:00,4.7,SURF,True,NORMAL,1,0,0,
59090,2006-05-06 18:00:00,24.9,SURF,True,NORMAL,39,0,0,
59285,2006-05-06 20:00:00,55.0,SURF,True,NORMAL,315,0,0,
59269,2006-05-06 21:00:00,66.1,SURF,True,EXTREME_TYPE1,131,4,3,"(111.45, 23.0);(112.27, 23.0);(112.27, 23.75)"
59276,2006-05-10 16:00:00,51.3,SURF,True,EXTREME_TYPE1,408,4,3,"(112.27, 23.0);(113.09, 23.0);(113.09, 23.75)"
59287,2006-05-10 18:00:00,52.5,SURF,True,EXTREME_TYPE1,314,4,3,"(113.09, 23.0);(113.09, 23.75);(113.91, 23.0)"
59090,2006-05-16 15:00:00,1.3,SURF,True,NORMAL,4,0,0,
59313,2006-05-17 23:00:00,34.6,SURF,True,NORMAL,148,0,0,
59316,2006-05-18 00:00:00,53.1,SURF,True,NORMAL,148,0,0,
59318,2006-05-18 00:00:00,55.8,SURF,True,NORMAL,148,0,0,
59673,2006-05-21 14:00:00,31.0,SURF,True,NORMAL,141,0,0,
59478,2006-05-21 17:00:00,26.8,SURF,True,NORMAL,140,0,0,
59500,2006-05-21 17:00:00,26.7,SURF,True,EXTREME_TYPE1,75,2,2,"(114.73, 23.0);(115.55, 23.0)"
59289,2006-05-22 04:00:00,53.5,SURF,True,NORMAL,575,0,0,
59285,2006-05-27 02:00:00,26.9,SURF,True,NORMAL,308,0,0,
59481,2006-05-27 07:00:00,74.3,SURF,True,EXTREME_TYPE1,589,2,2,"(113.09, 23.0);(113.91, 23.0)"
59304,2006-05-27 09:00:00,30.2,SURF,True,EXTREME_TYPE1,81,2,2,"(114.73, 23.75);(115.55, 23.75)"
59480,2006-05-27 09:00:00,38.2,SURF,True,NORMAL,583,0,0,
59473,2006-05-27 11:00:00,61.4,SURF,True,EXTREME_TYPE1,650,3,3,"(112.27, 23.0);(113.09, 22.25);(113.09, 23.0)"
59470,2006-05-27 12:00:00,44.8,SURF,True,NORMAL,174,0,0,
59475,2006-05-27 12:00:00,51.9,SURF,True,NORMAL,260,0,0,
59475,2006-05-27 13:00:00,60.1,SURF,True,NORMAL,260,0,0,
59303,2006-05-27 17:00:00,62.6,SURF,True,EXTREME_TYPE2,225,3,1,"(116.36, 23.75)"
59502,2006-05-28 07:00:00,45.7,SURF,True,NORMAL,145,0,0,
59298,2006-05-28 13:00:00,22.9,SURF,True,NORMAL,175,0,0,
59324,2006-05-28 13:00:00,9.7,SURF,True,NORMAL,3,0,0,
59659,2006-05-29 10:00:00,5.0,SURF,True,NORMAL,4,0,0,
59500,2006-05-29 17:00:00,7.0,SURF,True,NORMAL,1,0,0,
57989,2006-05-29 19:00:00,2.7,SURF,True,NORMAL,1,0,0,
59475,2006-06-01 11:00:00,22.0,SURF,True,EXTREME_TYPE1,300,3,3,"(112.27, 22.25);(112.27, 23.0);(113.09, 22.25)"
59304,2006-06-01 16:00:00,2.4,SURF,True,NORMAL,0,0,0,
59278,2006-06-02 15:00:00,25.9,SURF,True,EXTREME_TYPE1,633,2,2,"(112.27, 23.0);(113.09, 23.0)"
59653,2006-06-02 16:00:00,9.5,SURF,True,NORMAL,2,0,0,
59501,2006-06-03 06:00:00,81.9,SURF,True,NORMAL,95,0,0,
59087,2006-06-04 01:00:00,3.9,SURF,True,EXTREME_TYPE1,4,10,7,"(113.4, 23.9);(113.4, 24.0);(113.5, 23.9);(113.5, 24.0);(113.6, 23.9);(113.6, 24.0);(113.7, 23.9)"
59290,2006-06-05 09:00:00,31.4,SURF,True,EXTREME_TYPE1,83,2,2,"(113.91, 23.75);(114.73, 23.75)"
59284,2006-06-06 09:00:00,30.3,SURF,True,NORMAL,322,0,0,
59280,2006-06-07 19:00:00,53.2,SURF,True,EXTREME_TYPE1,421,2,2,"(113.09, 23.0);(113.09, 23.75)"
59270,2006-06-08 11:00:00,18.0,SURF,True,NORMAL,1,0,0,
59492,2006-06-09 05:00:00,7.7,SURF,True,NORMAL,3,0,0,
59297,2006-06-09 06:00:00,20.0,SURF,True,NORMAL,82,0,0,
59297,2006-06-09 11:00:00,6.8,SURF,True,NORMAL,1,0,0,
59492,2006-06-09 14:00:00,1.6,SURF,True,NORMAL,3,0,0,
59313,2006-06-09 20:00:00,1.4,SURF,True,NORMAL,1,0,0,
59488,2006-06-09 21:00:00,24.5,SURF,True,NORMAL,139,0,0,
59297,2006-06-12 11:00:00,2.8,SURF,True,NORMAL,3,0,0,
59324,2006-06-12 11:00:00,5.3,SURF,True,NORMAL,3,0,0,
59294,2006-06-12 12:00:00,3.7,SURF,True,EXTREME_TYPE1,2,13,1,"(114.0, 23.3)"
59107,2006-06-12 13:00:00,5.6,SURF,True,NORMAL,0,0,0,
59318,2006-06-12 13:00:00,10.8,SURF,True,NORMAL,11,0,0,
59315,2006-06-12 22:00:00,4.0,SURF,True,NORMAL,6,0,0,
59315,2006-06-13 07:00:00,9.1,SURF,True,NORMAL,6,0,0,
59304,2006-06-15 06:00:00,26.7,SURF,True,NORMAL,106,0,0,
59298,2006-06-19 13:00:00,10.5,SURF,True,EXTREME_TYPE1,4,12,9,"(114.3, 23.0);(114.3, 23.1);(114.3, 23.2);(114.4, 23.0);(114.4, 23.1);(114.4, 23.2);(114.5, 23.0);(114.5, 23.1);(114.5, 23.2)"
G1936,2006-06-21 03:00:00,3.4,AWST,False,FALSE,21,10,0,
G1936,2006-06-21 11:00:00,17.2,AWST,False,FALSE,21,10,0,
G1936,2006-06-21 12:00:00,35.2,AWST,False,EXTREME_TYPE1,280,3,1,"(113.91, 23.0)"
G1936,2006-06-21 15:00:00,288.0,AWST,False,FALSE,296,3,0,
G1936,2006-06-21 23:00:00,2.2,AWST,False,FALSE,21,10,0,
59485,2006-06-22 13:00:00,4.7,SURF,True,EXTREME_TYPE1,2,10,1,"(113.2, 22.5)"
G1936,2006-06-22 21:00:00,57.1,AWST,False,FALSE,263,3,0,
G1936,2006-06-22 23:00:00,15.0,AWST,False,FALSE,20,10,0,
G1936,2006-06-23 00:00:00,29.8,AWST,False,NORMAL,265,0,0,
G1936,2006-06-23 02:00:00,145.7,AWST,False,EXTREME_TYPE4,265,3,3,"(113.09, 23.0);(113.91, 23.0);(113.91, 23.75)"
G1936,2006-06-23 05:00:00,20.5,AWST,False,FALSE,265,3,0,
G1936,2006-06-24 00:00:00,31.0,AWST,False,NORMAL,315,0,0,
G1936,2006-06-24 03:00:00,2.9,AWST,False,FALSE,20,10,0,
G1936,2006-06-24 04:00:00,32.7,AWST,False,FALSE,315,3,0,
G1936,2006-06-24 06:00:00,9.0,AWST,False,FALSE,20,10,0,
G1936,2006-06-24 09:00:00,2.7,AWST,False,FALSE,20,10,0,
G1936,2006-06-24 10:00:00,9.7,AWST,False,FALSE,20,10,0,
G1936,2006-06-25 00:00:00,31.5,AWST,False,NORMAL,315,0,0,
G1936,2006-06-26 00:00:00,30.1,AWST,False,NORMAL,315,0,0,
G1936,2006-06-27 00:00:00,30.5,AWST,False,NORMAL,315,0,0,
G1936,2006-06-28 00:00:00,27.1,AWST,False,NORMAL,357,0,0,
59754,2006-06-29 10:00:00,50.4,SURF,True,EXTREME_TYPE1,80,2,2,"(109.82, 20.75);(110.64, 20.75)"
G1936,2006-07-01 13:00:00,197.9,AWST,False,FALSE,368,3,0,
G1936,2006-07-01 15:00:00,2.9,AWST,False,FALSE,21,10,0,
G1936,2006-07-01 16:00:00,61.4,AWST,False,FALSE,368,3,0,
G1936,2006-07-01 18:00:00,14.7,AWST,False,FALSE,21,10,0,
G1936,2006-07-01 20:00:00,26.2,AWST,False,EXTREME_TYPE1,363,3,2,"(113.09, 23.0);(113.91, 23.0)"
G1936,2006-07-02 06:00:00,77.8,AWST,False,FALSE,356,3,0,
G1936,2006-07-02 08:00:00,2.1,AWST,False,FALSE,19,10,0,
G1936,2006-07-02 12:00:00,37.9,AWST,False,EXTREME_TYPE3,364,3,1,"(113.91, 23.0)"
59088,2006-07-04 13:00:00,21.4,SURF,True,NORMAL,175,0,0,
59318,2006-07-08 13:00:00,10.3,SURF,True,FALSE,11,10,0,
59306,2006-07-11 12:00:00,31.3,SURF,True,EXTREME_TYPE2,275,4,1,"(116.36, 23.75)"
59313,2006-07-13 20:00:00,31.6,SURF,True,NORMAL,160,0,0,
59303,2006-07-14 17:00:00,28.2,SURF,True,NORMAL,274,0,0,
59314,2006-07-15 01:00:00,65.5,SURF,True,NORMAL,275,0,0,
59492,2006-07-15 02:00:00,62.9,SURF,True,NORMAL,159,0,0,
59500,2006-07-15 02:00:00,54.7,SURF,True,NORMAL,95,0,0,
57988,2006-07-15 04:00:00,16.9,SURF,True,NORMAL,1,0,0,
59109,2006-07-15 05:00:00,46.1,SURF,True,EXTREME_TYPE1,35,2,2,"(115.55, 23.75);(115.55, 24.5)"
59297,2006-07-15 10:00:00,75.8,SURF,True,NORMAL,86,0,0,
59276,2006-07-15 11:00:00,59.1,SURF,True,NORMAL,480,0,0,
59088,2006-07-15 12:00:00,50.8,SURF,True,EXTREME_TYPE1,165,4,4,"(113.09, 23.75);(113.09, 24.5);(113.91, 23.75);(113.91, 24.5)"
59315,2006-07-16 03:00:00,12.8,SURF,True,NORMAL,6,0,0,
59306,2006-07-16 04:00:00,53.4,SURF,True,NORMAL,275,0,0,
59294,2006-07-16 07:00:00,1.7,SURF,True,NORMAL,4,0,0,
59284,2006-07-16 12:00:00,1.1,SURF,True,NORMAL,10,0,0,
59456,2006-07-16 17:00:00,8.1,SURF,True,NORMAL,2,0,0,
59485,2006-07-16 18:00:00,22.7,SURF,True,EXTREME_TYPE1,615,4,4,"(113.09, 22.25);(113.09, 23.0);(113.91, 22.25);(113.91, 23.0)"
59276,2006-07-16 20:00:00,50.6,SURF,True,EXTREME_TYPE1,475,4,4,"(112.27, 23.0);(112.27, 23.75);(113.09, 23.0);(113.09, 23.75)"
59656,2006-07-16 20:00:00,1.1,SURF,True,NORMAL,3,0,0,
59476,2006-07-17 00:00:00,33.4,SURF,True,NORMAL,618,0,0,
59310,2006-07-17 01:00:00,37.6,SURF,True,EXTREME_TYPE1,275,2,2,"(115.55, 23.75);(116.36, 23.75)"
59312,2006-07-17 21:00:00,21.8,SURF,True,EXTREME_TYPE1,160,2,2,"(116.36, 23.75);(117.18, 23.75)"
59654,2006-07-18 15:00:00,54.4,SURF,True,EXTREME_TYPE1,120,3,1,"(109.82, 21.5)"
59750,2006-07-18 17:00:00,64.3,SURF,True,EXTREME_TYPE1,90,3,3,"(109.82, 20.75);(109.82, 21.5);(110.64, 20.75)"
59492,2006-07-25 22:00:00,55.0,SURF,True,EXTREME_TYPE1,158,2,2,"(113.91, 23.0);(114.73, 23.0)"
59094,2006-07-26 05:00:00,7.6,SURF,True,NORMAL,1,0,0,
59096,2006-07-26 10:00:00,25.6,SURF,True,NORMAL,50,0,0,
59750,2006-07-26 12:00:00,6.4,SURF,True,NORMAL,2,0,0,
59294,2006-07-26 17:00:00,1.9,SURF,True,NORMAL,4,0,0,
59081,2006-07-27 02:00:00,5.1,SURF,True,NORMAL,1,0,0,
59315,2006-07-27 02:00:00,66.9,SURF,True,EXTREME_TYPE1,267,2,2,"(116.36, 23.0);(116.36, 23.75)"
59462,2006-07-27 15:00:00,12.2,SURF,True,NORMAL,2,0,0,
59658,2006-07-28 07:00:00,34.0,SURF,True,EXTREME_TYPE1,154,4,4,"(109.82, 20.75);(109.82, 21.5);(110.64, 20.75);(110.64, 21.5)"
59081,2006-08-02 02:00:00,2.6,SURF,True,NORMAL,1,0,0,
59502,2006-08-02 17:00:00,55.9,SURF,True,EXTREME_TYPE1,194,2,1,"(115.55, 23.0)"
59501,2006-08-03 05:00:00,52.6,SURF,True,EXTREME_TYPE1,114,3,1,"(114.73, 23.0)"
59288,2006-08-03 19:00:00,19.4,SURF,True,NORMAL,10,0,0,
59664,2006-08-03 21:00:00,73.3,SURF,True,NORMAL,35,0,0,
59655,2006-08-03 23:00:00,50.5,SURF,True,EXTREME_TYPE1,30,2,2,"(110.64, 21.5);(110.64, 22.25)"
59656,2006-08-04 07:00:00,6.8,SURF,True,NORMAL,2,0,0,
59473,2006-08-04 08:00:00,44.6,SURF,True,NORMAL,580,0,0,
59477,2006-08-04 10:00:00,23.5,SURF,True,NORMAL,80,0,0,
59754,2006-08-04 12:00:00,30.2,SURF,True,NORMAL,90,0,0,
59456,2006-08-05 02:00:00,40.4,SURF,True,NORMAL,75,0,0,
59284,2006-08-08 22:00:00,17.7,SURF,True,FALSE,5,11,0,
59655,2006-08-09 17:00:00,97.3,SURF,True,EXTREME_TYPE1,30,2,2,"(110.64, 21.5);(110.64, 22.25)"
59492,2006-08-10 01:00:00,3.6,SURF,True,NORMAL,4,0,0,
59478,2006-08-10 08:00:00,33.7,SURF,True,NORMAL,190,0,0,
59650,2006-08-11 19:00:00,12.0,SURF,True,FALSE,1,11,0,
59488,2006-08-19 02:00:00,30.6,SURF,True,EXTREME_TYPE1,197,2,2,"(113.09, 22.25);(113.91, 22.25)"
59318,2006-08-23 06:00:00,12.8,SURF,True,FALSE,11,10,0,
59653,2006-08-24 20:00:00,84.7,SURF,True,NORMAL,71,0,0,
59493,2006-08-25 01:00:00,6.2,SURF,True,NORMAL,10,0,0,
59488,2006-08-25 12:00:00,1.2,SURF,True,NORMAL,2,0,0,
59298,2006-08-26 01:00:00,14.2,SURF,True,EXTREME_TYPE1,5,12,9,"(114.3, 23.0);(114.3, 23.1);(114.3, 23.2);(114.4, 23.0);(114.4, 23.1);(114.4, 23.2);(114.5, 23.0);(114.5, 23.1);(114.5, 23.2)"
59456,2006-08-26 03:00:00,6.8,SURF,True,NORMAL,0,0,0,
59456,2006-08-28 15:00:00,21.3,SURF,True,NORMAL,65,0,0,
59469,2006-08-28 15:00:00,93.1,SURF,True,NORMAL,60,0,0,
59485,2006-09-03 13:00:00,57.6,SURF,True,EXTREME_TYPE1,829,4,2,"(113.09, 23.0);(113.91, 23.0)"
57996,2006-09-05 06:00:00,57.1,SURF,True,NORMAL,25,0,0,
59087,2006-09-05 21:00:00,39.2,SURF,True,EXTREME_TYPE1,165,3,3,"(113.09, 23.75);(113.91, 23.75);(113.91, 24.5)"
59288,2006-09-05 23:00:00,50.4,SURF,True,EXTREME_TYPE1,410,3,3,"(112.27, 23.0);(113.09, 23.0);(113.09, 23.75)"
59487,2006-09-08 14:00:00,51.1,SURF,True,EXTREME_TYPE1,265,2,2,"(113.09, 22.25);(113.91, 22.25)"
59473,2006-09-08 21:00:00,58.1,SURF,True,EXTREME_TYPE1,739,3,2,"(112.27, 23.0);(113.09, 23.0)"
59109,2006-09-09 07:00:00,12.2,SURF,True,FALSE,3,10,0,
59304,2006-09-09 15:00:00,20.8,SURF,True,EXTREME_TYPE1,111,2,2,"(114.73, 23.75);(115.55, 23.75)"
59310,2006-09-09 19:00:00,53.4,SURF,True,EXTREME_TYPE1,258,2,2,"(115.55, 23.75);(116.36, 23.75)"
59276,2006-09-12 17:00:00,4.4,SURF,True,NORMAL,4,0,0,
59487,2006-09-13 09:00:00,3.0,SURF,True,NORMAL,7,0,0,
59284,2006-09-14 06:00:00,6.4,SURF,True,NORMAL,5,0,0,
59485,2006-09-14 13:00:00,37.8,SURF,True,EXTREME_TYPE1,825,4,4,"(113.09, 22.25);(113.09, 23.0);(113.91, 22.25);(113.91, 23.0)"
59477,2006-10-09 19:00:00,82.0,SURF,True,NORMAL,85,0,0,
59087,2006-10-16 07:00:00,58.6,SURF,True,EXTREME_TYPE1,180,3,3,"(113.09, 23.75);(113.91, 23.75);(113.91, 24.5)"
59279,2006-10-16 11:00:00,88.2,SURF,True,EXTREME_TYPE1,410,3,3,"(112.27, 23.0);(113.09, 23.0);(113.09, 23.75)"
59750,2006-11-09 00:00:00,1.2,SURF,True,FALSE,2,2,0,
59750,2006-11-16 07:00:00,53.6,SURF,True,EXTREME_TYPE1,90,3,2,"(109.82, 20.75);(110.64, 20.75)"
59288,2006-11-18 20:00:00,55.1,SURF,True,EXTREME_TYPE1,402,3,3,"(112.27, 23.0);(113.09, 23.0);(113.09, 23.75)"
59088,2006-11-21 13:00:00,8.4,SURF,True,NORMAL,2,0,0,
59493,2006-11-21 19:00:00,20.6,SURF,True,NORMAL,749,0,0,
59493,2006-11-22 01:00:00,7.7,SURF,True,NORMAL,8,0,0,
59659,2006-12-14 06:00:00,1.2,SURF,True,EXTREME_TYPE1,4,10,6,"(110.8, 21.7);(110.9, 21.6);(110.9, 21.7);(110.9, 21.9);(111.0, 21.8);(111.0, 21.9)"
59324,2007-01-17 14:00:00,2.4,SURF,True,NORMAL,5,0,0,
59313,2007-01-17 18:00:00,5.9,SURF,True,NORMAL,3,0,0,
59116,2007-01-21 10:00:00,5.4,SURF,True,FALSE,2,10,0,
59074,2007-02-16 06:00:00,8.4,SURF,True,NORMAL,6,0,0,
G2173,2007-02-25 00:00:00,167.8,AWST,False,FALSE,575,2,0,
G2173,2007-02-25 06:00:00,463.9,AWST,False,FALSE,574,2,0,
G2173,2007-02-25 07:00:00,721.7,AWST,False,FALSE,575,2,0,
G2173,2007-02-25 08:00:00,188.0,AWST,False,FALSE,575,2,0,
G2173,2007-02-26 10:00:00,19.7,AWST,False,FALSE,6,10,0,
G2173,2007-02-26 16:00:00,22.2,AWST,False,FALSE,575,2,0,
G2173,2007-02-26 18:00:00,531.0,AWST,False,FALSE,575,2,0,
G2173,2007-02-26 19:00:00,72.6,AWST,False,FALSE,575,2,0,
G2173,2007-02-26 22:00:00,742.1,AWST,False,FALSE,575,2,0,
G2173,2007-02-26 23:00:00,744.4,AWST,False,FALSE,575,2,0,
G2173,2007-02-27 02:00:00,412.0,AWST,False,FALSE,574,2,0,
G2173,2007-02-27 11:00:00,231.7,AWST,False,FALSE,574,2,0,
G2173,2007-02-27 12:00:00,115.4,AWST,False,FALSE,574,2,0,
G1741,2007-03-16 06:00:00,131.3,AWST,False,FALSE,300,3,0,
G1741,2007-03-16 07:00:00,74.6,AWST,False,FALSE,300,3,0,
G1741,2007-03-16 10:00:00,2.1,AWST,False,FALSE,6,12,0,
G1741,2007-03-17 01:00:00,168.6,AWST,False,FALSE,284,3,0,
G1741,2007-03-17 03:00:00,450.3,AWST,False,FALSE,284,3,0,
G1741,2007-03-17 07:00:00,21.5,AWST,False,EXTREME_TYPE5,298,3,2,"(113.91, 23.0);(113.91, 23.75)"
G1741,2007-03-17 13:00:00,10.2,AWST,False,FALSE,6,12,0,
G1741,2007-03-17 14:00:00,232.3,AWST,False,FALSE,295,3,0,
59290,2007-03-27 10:00:00,9.0,SURF,True,NORMAL,2,0,0,
59297,2007-04-02 11:00:00,29.4,SURF,True,NORMAL,206,0,0,
59306,2007-04-02 13:00:00,57.4,SURF,True,NORMAL,323,0,0,
59502,2007-04-02 14:00:00,3.4,SURF,True,NORMAL,2,0,0,
59298,2007-04-17 20:00:00,35.0,SURF,True,NORMAL,316,0,0,
59316,2007-04-23 11:00:00,2.5,SURF,True,NORMAL,12,0,0,
59475,2007-04-24 11:00:00,60.0,SURF,True,NORMAL,570,0,0,
59270,2007-04-28 03:00:00,3.8,SURF,True,NORMAL,1,0,0,
59658,2007-04-29 18:00:00,52.8,SURF,True,NORMAL,155,0,0,
59754,2007-04-29 18:00:00,63.6,SURF,True,NORMAL,90,0,0,
59287,2007-04-30 05:00:00,11.2,SURF,True,EXTREME_TYPE1,12,10,10,"(113.3, 23.2);(113.4, 23.1);(113.4, 23.2);(113.4, 23.3);(113.5, 23.1);(113.5, 23.2);(113.5, 23.3);(113.6, 23.1);(113.6, 23.2);(113.6, 23.3)"
59653,2007-05-04 15:00:00,34.9,SURF,True,EXTREME_TYPE1,235,4,4,"(110.64, 21.5);(110.64, 22.25);(111.45, 21.5);(111.45, 22.25)"
59659,2007-05-04 16:00:00,30.7,SURF,True,EXTREME_TYPE1,235,4,4,"(110.64, 21.5);(110.64, 22.25);(111.45, 21.5);(111.45, 22.25)"
59500,2007-05-05 10:00:00,23.1,SURF,True,NORMAL,195,0,0,
59297,2007-05-16 20:00:00,7.4,SURF,True,EXTREME_TYPE1,2,11,7,"(114.1, 23.1);(114.1, 23.2);(114.2, 23.1);(114.2, 23.2);(114.2, 23.3);(114.3, 23.2);(114.3, 23.3)"
59493,2007-05-18 18:00:00,31.1,SURF,True,NORMAL,1184,0,0,
59293,2007-05-20 04:00:00,6.5,SURF,True,NORMAL,3,0,0,
59481,2007-05-20 04:00:00,13.7,SURF,True,NORMAL,45,0,0,
59664,2007-05-20 07:00:00,71.7,SURF,True,NORMAL,126,0,0,
59673,2007-05-20 10:00:00,52.9,SURF,True,NORMAL,583,0,0,
59087,2007-05-26 04:00:00,88.2,SURF,True,EXTREME_TYPE1,200,3,2,"(113.09, 23.75);(113.91, 23.75)"
59285,2007-05-26 05:00:00,54.9,SURF,True,EXTREME_TYPE1,485,3,3,"(113.09, 23.75);(113.91, 23.0);(113.91, 23.75)"
59294,2007-05-26 16:00:00,8.0,SURF,True,NORMAL,6,0,0,
59456,2007-05-26 16:00:00,41.7,SURF,True,EXTREME_TYPE1,227,2,2,"(110.64, 22.25);(111.45, 22.25)"
59476,2007-05-27 15:00:00,50.9,SURF,True,NORMAL,1185,0,0,
59315,2007-05-28 16:00:00,7.1,SURF,True,EXTREME_TYPE1,6,9,9,"(116.3, 23.5);(116.3, 23.6);(116.3, 23.7);(116.4, 23.5);(116.4, 23.6);(116.4, 23.7);(116.5, 23.5);(116.5, 23.6);(116.5, 23.7)"
59650,2007-05-28 23:00:00,70.5,SURF,True,EXTREME_TYPE1,155,2,2,"(109.82, 21.5);(110.64, 21.5)"
59269,2007-06-03 16:00:00,41.5,SURF,True,NORMAL,215,0,0,
59114,2007-06-03 21:00:00,64.8,SURF,True,EXTREME_TYPE1,105,2,2,"(115.55, 24.5);(116.36, 24.5)"
59097,2007-06-08 02:00:00,16.5,SURF,True,NORMAL,2,0,0,
59109,2007-06-09 05:00:00,21.4,SURF,True,NORMAL,160,0,0,
59456,2007-06-09 15:00:00,24.5,SURF,True,EXTREME_TYPE1,225,2,2,"(110.64, 22.25);(111.45, 22.25)"
59087,2007-06-09 22:00:00,67.8,SURF,True,EXTREME_TYPE1,195,3,3,"(113.09, 23.75);(113.91, 23.75);(113.91, 24.5)"
59294,2007-06-10 01:00:00,59.1,SURF,True,NORMAL,408,0,0,
59456,2007-06-10 05:00:00,30.3,SURF,True,NORMAL,225,0,0,
59289,2007-06-11 22:00:00,65.7,SURF,True,EXTREME_TYPE1,910,2,2,"(113.09, 23.0);(113.91, 23.0)"
59280,2007-06-12 08:00:00,62.2,SURF,True,EXTREME_TYPE1,476,2,2,"(113.09, 23.0);(113.09, 23.75)"
59288,2007-06-12 15:00:00,73.7,SURF,True,EXTREME_TYPE1,470,3,1,"(113.09, 23.0)"
59502,2007-06-13 07:00:00,21.3,SURF,True,NORMAL,210,0,0,
59317,2007-06-13 08:00:00,28.5,SURF,True,NORMAL,210,0,0,
59656,2007-06-15 18:00:00,2.5,SURF,True,NORMAL,3,0,0,
59304,2007-06-16 23:00:00,20.6,SURF,True,EXTREME_TYPE1,243,2,2,"(114.73, 23.75);(115.55, 23.75)"
59663,2007-06-17 07:00:00,38.7,SURF,True,EXTREME_TYPE1,256,4,4,"(111.45, 21.5);(111.45, 22.25);(112.27, 21.5);(112.27, 22.25)"
59109,2007-06-17 14:00:00,32.4,SURF,True,EXTREME_TYPE1,166,2,2,"(115.55, 23.75);(115.55, 24.5)"
59501,2007-06-27 11:00:00,28.5,SURF,True,EXTREME_TYPE1,195,3,2,"(114.73, 23.0);(115.55, 23.0)"
59462,2007-06-27 17:00:00,58.6,SURF,True,EXTREME_TYPE1,290,3,2,"(111.45, 23.0);(112.27, 23.0)"
59462,2007-06-27 18:00:00,11.3,SURF,True,NORMAL,2,0,0,
59488,2007-06-27 22:00:00,21.3,SURF,True,EXTREME_TYPE1,330,2,2,"(113.09, 22.25);(113.91, 22.25)"
59502,2007-06-28 01:00:00,50.9,SURF,True,EXTREME_TYPE1,210,2,2,"(115.55, 23.0);(116.36, 23.0)"
59485,2007-06-29 19:00:00,6.7,SURF,True,EXTREME_TYPE1,19,10,10,"(113.2, 22.5);(113.3, 22.4);(113.3, 22.5);(113.3, 22.6);(113.4, 22.4);(113.4, 22.5);(113.4, 22.6);(113.5, 22.4);(113.5, 22.5);(113.5, 22.6)"
59294,2007-06-29 22:00:00,10.8,SURF,True,EXTREME_TYPE1,7,13,13,"(113.7, 23.2);(113.7, 23.3);(113.7, 23.4);(113.8, 23.2);(113.8, 23.3);(113.8, 23.4);(113.8, 23.5);(113.9, 23.2);(113.9, 23.3);(113.9, 23.4);(113.9, 23.5);(114.0, 23.3);(114.0, 23.4)"
59276,2007-06-30 18:00:00,23.6,SURF,True,EXTREME_TYPE1,485,4,4,"(112.27, 23.0);(112.27, 23.75);(113.09, 23.0);(113.09, 23.75)"
59673,2007-07-01 06:00:00,53.7,SURF,True,EXTREME_TYPE1,578,4,4,"(112.27, 21.5);(112.27, 22.25);(113.09, 21.5);(113.09, 22.25)"
59655,2007-07-31 12:00:00,58.3,SURF,True,EXTREME_TYPE4,120,2,2,"(110.64, 21.5);(110.64, 22.25)"
59485,2007-08-01 14:00:00,4.3,SURF,True,EXTREME_TYPE1,19,10,10,"(113.2, 22.5);(113.3, 22.4);(113.3, 22.5);(113.3, 22.6);(113.4, 22.4);(113.4, 22.5);(113.4, 22.6);(113.5, 22.4);(113.5, 22.5);(113.5, 22.6)"
59754,2007-08-01 15:00:00,55.4,SURF,True,FALSE,90,2,0,
59268,2007-08-08 20:00:00,51.2,SURF,True,EXTREME_TYPE1,90,2,2,"(111.45, 23.0);(111.45, 23.75)"
59324,2007-08-09 08:00:00,56.3,SURF,True,NORMAL,165,0,0,
59316,2007-08-09 12:00:00,50.7,SURF,True,NORMAL,165,0,0,
59500,2007-08-10 01:00:00,12.0,SURF,True,EXTREME_TYPE1,1,10,1,"(115.5, 23.0)"
59501,2007-08-10 17:00:00,1.0,SURF,True,NORMAL,1,0,0,
59656,2007-08-11 08:00:00,1.2,SURF,True,NORMAL,3,0,0,
59318,2007-08-11 18:00:00,3.1,SURF,True,NORMAL,11,0,0,
59297,2007-08-11 22:00:00,37.3,SURF,True,EXTREME_TYPE1,205,4,3,"(113.91, 23.0);(113.91, 23.75);(114.73, 23.0)"
59298,2007-08-12 08:00:00,24.5,SURF,True,EXTREME_TYPE1,394,2,2,"(113.91, 23.0);(114.73, 23.0)"
59654,2007-08-13 09:00:00,25.3,SURF,True,NORMAL,120,0,0,
59654,2007-08-13 10:00:00,5.6,SURF,True,NORMAL,3,0,0,
59650,2007-08-13 11:00:00,34.2,SURF,True,EXTREME_TYPE1,159,2,2,"(109.82, 21.5);(110.64, 21.5)"
59658,2007-08-13 13:00:00,60.2,SURF,True,NORMAL,159,0,0,
59278,2007-08-13 15:00:00,18.0,SURF,True,NORMAL,3,0,0,
59088,2007-08-13 19:00:00,53.5,SURF,True,EXTREME_TYPE1,197,4,4,"(113.09, 23.75);(113.09, 24.5);(113.91, 23.75);(113.91, 24.5)"
59297,2007-08-14 19:00:00,30.7,SURF,True,EXTREME_TYPE1,206,4,4,"(113.91, 23.0);(113.91, 23.75);(114.73, 23.0);(114.73, 23.75)"
59289,2007-08-16 18:00:00,31.8,SURF,True,NORMAL,1357,0,0,
59481,2007-08-16 21:00:00,3.3,SURF,True,NORMAL,44,0,0,
59492,2007-08-19 22:00:00,19.3,SURF,True,EXTREME_TYPE1,4,9,9,"(114.5, 23.0);(114.5, 23.1);(114.6, 22.9);(114.6, 23.0);(114.6, 23.1);(114.7, 22.9);(114.7, 23.0);(114.7, 23.1);(114.8, 22.9)"
59317,2007-08-20 01:00:00,14.1,SURF,True,EXTREME_TYPE1,4,9,9,"(116.2, 22.9);(116.2, 23.0);(116.2, 23.1);(116.3, 22.9);(116.3, 23.0);(116.3, 23.1);(116.4, 22.9);(116.4, 23.0);(116.4, 23.1)"
59477,2007-08-22 08:00:00,1.7,SURF,True,NORMAL,2,0,0,
59485,2007-08-25 23:00:00,1.6,SURF,True,NORMAL,19,0,0,
59650,2007-08-26 19:00:00,26.2,SURF,True,NORMAL,160,0,0,
59087,2007-08-27 14:00:00,17.0,SURF,True,EXTREME_TYPE1,4,10,5,"(113.4, 23.9);(113.4, 24.0);(113.5, 23.9);(113.5, 24.0);(113.6, 24.0)"
59673,2007-08-28 05:00:00,12.6,SURF,True,FALSE,0,0,0,
59279,2007-09-02 03:00:00,56.4,SURF,True,EXTREME_TYPE1,440,3,3,"(112.27, 23.0);(113.09, 23.0);(113.09, 23.75)"
59480,2007-09-02 06:00:00,51.8,SURF,True,EXTREME_TYPE1,1196,3,3,"(113.09, 22.25);(113.09, 23.0);(113.91, 23.0)"
59306,2007-09-02 16:00:00,67.5,SURF,True,EXTREME_TYPE2,260,4,2,"(115.55, 23.0);(115.55, 23.75)"
59114,2007-09-02 20:00:00,92.8,SURF,True,EXTREME_TYPE5,114,2,2,"(115.55, 24.5);(116.36, 24.5)"
59290,2007-09-03 16:00:00,8.4,SURF,True,EXTREME_TYPE1,2,7,5,"(114.1, 23.8);(114.2, 23.7);(114.3, 23.7);(114.3, 23.9);(114.4, 23.8)"
59278,2007-09-03 21:00:00,53.5,SURF,True,EXTREME_TYPE1,1055,2,2,"(112.27, 23.0);(113.09, 23.0)"
59654,2007-09-04 04:00:00,67.4,SURF,True,EXTREME_TYPE1,120,3,3,"(109.82, 21.5);(110.64, 21.5);(110.64, 22.25)"
59658,2007-09-11 02:00:00,56.5,SURF,True,EXTREME_TYPE3,169,4,4,"(109.82, 20.75);(109.82, 21.5);(110.64, 20.75);(110.64, 21.5)"
59659,2007-09-17 19:00:00,25.8,SURF,True,EXTREME_TYPE1,230,4,3,"(110.64, 21.5);(110.64, 22.25);(111.45, 21.5)"
59316,2007-09-24 17:00:00,32.3,SURF,True,NORMAL,140,0,0,
59314,2007-09-25 03:00:00,18.0,SURF,True,EXTREME_TYPE1,9,9,4,"(116.1, 23.3);(116.1, 23.4);(116.1, 23.5);(116.2, 23.4)"
G2171,2008-01-17 02:00:00,5.1,AWST,False,FALSE,13,10,0,
G2113,2008-01-17 09:00:00,1.6,AWST,False,NORMAL,30,0,0,
G2109,2008-01-17 10:00:00,257.3,AWST,False,FALSE,716,3,0,
G2135,2008-01-17 10:00:00,51.9,AWST,False,EXTREME_TYPE5,1416,3,1,"(113.09, 23.0)"
G2164,2008-01-17 10:00:00,257.3,AWST,False,FALSE,716,3,0,
59074,2008-01-31 20:00:00,1.2,SURF,True,NORMAL,5,0,0,
G1401,2008-02-02 02:00:00,947.3,AWST,False,FALSE,72,4,0,
G1402,2008-02-02 04:00:00,436.2,AWST,False,FALSE,73,4,0,
G1402,2008-02-02 08:00:00,411.2,AWST,False,FALSE,73,4,0,
59487,2008-02-05 09:00:00,1.7,SURF,True,NORMAL,13,0,0,
59304,2008-02-25 12:00:00,2.6,SURF,True,NORMAL,2,0,0,
59493,2008-03-26 07:00:00,4.6,SURF,True,NORMAL,33,0,0,
59462,2008-03-31 14:00:00,58.0,SURF,True,EXTREME_TYPE1,592,3,2,"(111.45, 22.25);(111.45, 23.0)"
59114,2008-04-10 23:00:00,5.1,SURF,True,EXTREME_TYPE1,6,12,11,"(116.0, 24.6);(116.0, 24.7);(116.1, 24.5);(116.1, 24.6);(116.1, 24.7);(116.2, 24.5);(116.2, 24.6);(116.2, 24.7);(116.2, 24.8);(116.3, 24.6);(116.3, 24.7)"
59655,2008-04-13 00:00:00,52.3,SURF,True,EXTREME_TYPE1,157,2,2,"(110.64, 21.5);(110.64, 22.25)"
59478,2008-04-19 14:00:00,15.3,SURF,True,NORMAL,6,0,0,
59488,2008-04-19 15:00:00,15.3,SURF,True,NORMAL,3,0,0,
59488,2008-04-19 17:00:00,52.7,SURF,True,NORMAL,762,0,0,
59304,2008-04-19 23:00:00,1.8,SURF,True,NORMAL,3,0,0,
59492,2008-04-20 00:00:00,33.5,SURF,True,NORMAL,510,0,0,
59293,2008-04-20 01:00:00,12.6,SURF,True,NORMAL,3,0,0,
59317,2008-04-20 06:00:00,83.2,SURF,True,NORMAL,245,0,0,
59314,2008-04-20 08:00:00,77.2,SURF,True,NORMAL,455,0,0,
59316,2008-04-20 11:00:00,62.4,SURF,True,NORMAL,215,0,0,
59318,2008-04-20 12:00:00,52.9,SURF,True,NORMAL,215,0,0,
59097,2008-04-20 19:00:00,21.0,SURF,True,EXTREME_TYPE1,160,4,4,"(113.91, 23.75);(113.91, 24.5);(114.73, 23.75);(114.73, 24.5)"
59279,2008-05-04 22:00:00,32.8,SURF,True,NORMAL,740,0,0,
59284,2008-05-05 02:00:00,28.9,SURF,True,EXTREME_TYPE1,589,3,3,"(113.09, 23.0);(113.09, 23.75);(113.91, 23.75)"
59278,2008-05-05 05:00:00,69.9,SURF,True,EXTREME_TYPE1,1518,2,2,"(112.27, 23.0);(113.09, 23.0)"
59664,2008-05-06 05:00:00,83.3,SURF,True,NORMAL,190,0,0,
59656,2008-05-06 06:00:00,47.1,SURF,True,NORMAL,189,0,0,
G1705,2008-05-08 02:00:00,231.7,AWST,False,FALSE,485,3,0,
G1705,2008-05-08 03:00:00,131.0,AWST,False,FALSE,485,3,0,
59655,2008-05-19 06:00:00,72.6,SURF,True,EXTREME_TYPE1,180,2,2,"(110.64, 21.5);(110.64, 22.25)"
59655,2008-05-19 07:00:00,30.0,SURF,True,NORMAL,180,0,0,
59650,2008-05-19 09:00:00,27.0,SURF,True,NORMAL,235,0,0,
59475,2008-05-22 14:00:00,29.0,SURF,True,EXTREME_TYPE1,765,3,3,"(112.27, 22.25);(112.27, 23.0);(113.09, 22.25)"
59655,2008-05-22 17:00:00,28.2,SURF,True,EXTREME_TYPE1,190,2,1,"(110.64, 21.5)"
59310,2008-05-23 15:00:00,33.4,SURF,True,EXTREME_TYPE1,460,2,2,"(115.55, 23.75);(116.36, 23.75)"
59650,2008-05-25 15:00:00,9.3,SURF,True,EXTREME_TYPE1,3,11,7,"(110.1, 21.3);(110.1, 21.4);(110.2, 21.3);(110.2, 21.4);(110.2, 21.5);(110.3, 21.3);(110.3, 21.4)"
59116,2008-05-27 08:00:00,20.7,SURF,True,NORMAL,60,0,0,
59288,2008-05-27 14:00:00,9.7,SURF,True,EXTREME_TYPE1,24,11,11,"(112.9, 23.0);(112.9, 23.1);(112.9, 23.2);(113.0, 23.0);(113.0, 23.1);(113.0, 23.2);(113.0, 23.3);(113.1, 23.0);(113.1, 23.1);(113.1, 23.2);(113.1, 23.3)"
59290,2008-05-29 04:00:00,53.9,SURF,True,NORMAL,180,0,0,
59502,2008-05-29 12:00:00,67.4,SURF,True,EXTREME_TYPE1,245,2,2,"(115.55, 23.0);(116.36, 23.0)"
59473,2008-05-29 18:00:00,12.6,SURF,True,NORMAL,22,0,0,
59294,2008-05-30 08:00:00,54.7,SURF,True,NORMAL,597,0,0,
59285,2008-05-30 09:00:00,16.0,SURF,True,NORMAL,11,0,0,
59478,2008-05-30 15:00:00,59.6,SURF,True,EXTREME_TYPE1,758,2,2,"(112.27, 22.25);(113.09, 22.25)"
59650,2008-05-30 19:00:00,57.1,SURF,True,EXTREME_TYPE1,240,2,2,"(109.82, 21.5);(110.64, 21.5)"
59655,2008-05-30 21:00:00,95.2,SURF,True,EXTREME_TYPE1,200,2,2,"(110.64, 21.5);(110.64, 22.25)"
59477,2008-06-01 18:00:00,49.0,SURF,True,EXTREME_TYPE1,379,2,2,"(111.45, 22.25);(112.27, 22.25)"
59470,2008-06-06 10:00:00,22.9,SURF,True,NORMAL,617,0,0,
59501,2008-06-07 20:00:00,56.7,SURF,True,NORMAL,193,0,0,
G1210,2008-06-08 03:00:00,292.5,AWST,False,FALSE,705,3,0,
G1210,2008-06-08 04:00:00,385.9,AWST,False,FALSE,703,3,0,
G1210,2008-06-08 09:00:00,145.2,AWST,False,FALSE,708,3,0,
G1210,2008-06-08 12:00:00,1.0,AWST,False,FALSE,7,12,0,
59500,2008-06-10 22:00:00,16.3,SURF,True,EXTREME_TYPE1,3,10,6,"(115.3, 23.0);(115.3, 23.1);(115.4, 22.9);(115.4, 23.0);(115.4, 23.1);(115.5, 23.0)"
59470,2008-06-11 17:00:00,2.0,SURF,True,NORMAL,7,0,0,
59088,2008-06-12 21:00:00,16.2,SURF,True,NORMAL,6,0,0,
59493,2008-06-13 01:00:00,29.9,SURF,True,NORMAL,1556,0,0,
59097,2008-06-13 03:00:00,23.8,SURF,True,NORMAL,170,0,0,
59289,2008-06-13 06:00:00,67.5,SURF,True,EXTREME_TYPE1,1558,2,2,"(113.09, 23.0);(113.91, 23.0)"
59469,2008-06-13 08:00:00,73.8,SURF,True,EXTREME_TYPE4,379,3,1,"(112.27, 22.25)"
59485,2008-06-13 08:00:00,51.2,SURF,True,NORMAL,1558,0,0,
59493,2008-06-13 12:00:00,6.0,SURF,True,NORMAL,29,0,0,
59312,2008-06-13 16:00:00,54.5,SURF,True,NORMAL,210,0,0,
59476,2008-06-13 18:00:00,37.8,SURF,True,NORMAL,1525,0,0,
59492,2008-06-13 18:00:00,52.5,SURF,True,NORMAL,475,0,0,
59316,2008-06-13 19:00:00,85.1,SURF,True,NORMAL,210,0,0,
59318,2008-06-13 19:00:00,62.1,SURF,True,NORMAL,210,0,0,
59297,2008-06-13 20:00:00,50.3,SURF,True,NORMAL,265,0,0,
59501,2008-06-13 20:00:00,21.2,SURF,True,NORMAL,192,0,0,
59493,2008-06-13 22:00:00,53.2,SURF,True,NORMAL,1556,0,0,
59310,2008-06-13 23:00:00,9.2,SURF,True,NORMAL,4,0,0,
59315,2008-06-13 23:00:00,25.3,SURF,True,NORMAL,450,0,0,
59473,2008-06-15 16:00:00,50.8,SURF,True,EXTREME_TYPE1,1511,3,3,"(112.27, 23.0);(113.09, 22.25);(113.09, 23.0)"
59285,2008-06-16 14:00:00,23.1,SURF,True,EXTREME_TYPE1,581,3,3,"(113.09, 23.75);(113.91, 23.0);(113.91, 23.75)"
59653,2008-06-16 16:00:00,21.1,SURF,True,NORMAL,322,0,0,
59288,2008-06-16 17:00:00,64.0,SURF,True,EXTREME_TYPE1,706,3,3,"(112.27, 23.0);(113.09, 23.0);(113.09, 23.75)"
59271,2008-06-16 18:00:00,67.9,SURF,True,EXTREME_TYPE1,728,3,3,"(112.27, 23.0);(112.27, 23.75);(113.09, 23.75)"
59654,2008-06-16 18:00:00,50.3,SURF,True,EXTREME_TYPE1,209,3,3,"(109.82, 21.5);(110.64, 21.5);(110.64, 22.25)"
59317,2008-06-17 05:00:00,55.5,SURF,True,NORMAL,240,0,0,
59316,2008-06-17 07:00:00,53.3,SURF,True,NORMAL,210,0,0,
59501,2008-06-17 07:00:00,54.8,SURF,True,EXTREME_TYPE1,194,3,3,"(114.73, 23.0);(115.55, 22.25);(115.55, 23.0)"
59492,2008-06-17 12:00:00,17.2,SURF,True,NORMAL,3,0,0,
59270,2008-06-17 18:00:00,50.3,SURF,True,EXTREME_TYPE1,298,3,3,"(111.45, 23.75);(112.27, 23.75);(112.27, 24.5)"
59673,2008-06-25 02:00:00,1.3,SURF,True,NORMAL,0,0,0,
59654,2008-06-25 09:00:00,57.9,SURF,True,EXTREME_TYPE1,205,3,3,"(109.82, 21.5);(110.64, 21.5);(110.64, 22.25)"
59480,2008-06-25 13:00:00,50.1,SURF,True,NORMAL,1561,0,0,
59476,2008-06-25 15:00:00,7.2,SURF,True,NORMAL,24,0,0,
59471,2008-06-25 17:00:00,70.8,SURF,True,NORMAL,548,0,0,
59289,2008-06-25 20:00:00,27.5,SURF,True,NORMAL,1576,0,0,
59287,2008-06-25 21:00:00,32.9,SURF,True,NORMAL,600,0,0,
59500,2008-06-25 21:00:00,14.0,SURF,True,NORMAL,3,0,0,
59315,2008-06-26 04:00:00,14.6,SURF,True,EXTREME_TYPE1,9,9,9,"(116.3, 23.5);(116.3, 23.6);(116.3, 23.7);(116.4, 23.5);(116.4, 23.6);(116.4, 23.7);(116.5, 23.5);(116.5, 23.6);(116.5, 23.7)"
59750,2008-06-26 05:00:00,8.8,SURF,True,NORMAL,2,0,0,
59654,2008-06-28 23:00:00,23.0,SURF,True,EXTREME_TYPE1,210,3,3,"(109.82, 21.5);(110.64, 21.5);(110.64, 22.25)"
59473,2008-06-29 13:00:00,19.4,SURF,True,NORMAL,22,0,0,
59285,2008-06-29 14:00:00,61.7,SURF,True,NORMAL,598,0,0,
59500,2008-06-29 18:00:00,13.0,SURF,True,NORMAL,3,0,0,
59476,2008-06-30 13:00:00,56.8,SURF,True,EXTREME_TYPE1,1494,2,2,"(113.09, 22.25);(113.09, 23.0)"
59087,2008-07-08 03:00:00,20.8,SURF,True,NORMAL,310,0,0,
59312,2008-07-08 05:00:00,63.2,SURF,True,NORMAL,220,0,0,
59502,2008-07-08 05:00:00,54.4,SURF,True,NORMAL,245,0,0,
59314,2008-07-08 12:00:00,60.6,SURF,True,EXTREME_TYPE1,460,4,4,"(115.55, 23.0);(115.55, 23.75);(116.36, 23.0);(116.36, 23.75)"
59315,2008-07-08 12:00:00,15.5,SURF,True,NORMAL,9,0,0,
59655,2008-07-08 13:00:00,64.3,SURF,True,EXTREME_TYPE1,204,2,1,"(110.64, 21.5)"
59656,2008-07-08 16:00:00,12.8,SURF,True,FALSE,5,8,0,
59478,2008-07-09 05:00:00,5.7,SURF,True,NORMAL,6,0,0,
59478,2008-07-09 13:00:00,14.3,SURF,True,EXTREME_TYPE1,6,10,7,"(112.7, 22.2);(112.7, 22.3);(112.8, 22.1);(112.8, 22.3);(112.8, 22.4);(112.9, 22.2);(112.9, 22.3)"
59269,2008-07-10 17:00:00,53.3,SURF,True,EXTREME_TYPE1,435,4,3,"(111.45, 23.0);(111.45, 23.75);(112.27, 23.0)"
57996,2008-07-13 17:00:00,8.8,SURF,True,NORMAL,3,0,0,
59294,2008-07-16 18:00:00,57.1,SURF,True,EXTREME_TYPE1,594,2,2,"(113.91, 23.0);(113.91, 23.75)"
59656,2008-07-19 16:00:00,19.1,SURF,True,NORMAL,4,0,0,
59271,2008-07-20 18:00:00,44.2,SURF,True,EXTREME_TYPE1,745,3,3,"(112.27, 23.0);(112.27, 23.75);(113.09, 23.75)"
59310,2008-07-30 00:00:00,37.3,SURF,True,NORMAL,450,0,0,
59315,2008-07-30 01:00:00,31.9,SURF,True,NORMAL,450,0,0,
59316,2008-07-30 01:00:00,57.1,SURF,True,NORMAL,220,0,0,
59317,2008-07-30 01:00:00,56.9,SURF,True,NORMAL,240,0,0,
59502,2008-07-30 01:00:00,56.8,SURF,True,NORMAL,240,0,0,
59500,2008-07-30 02:00:00,58.4,SURF,True,EXTREME_TYPE1,185,2,2,"(114.73, 23.0);(115.55, 23.0)"
59502,2008-07-30 02:00:00,98.0,SURF,True,NORMAL,240,0,0,
59317,2008-07-30 03:00:00,13.0,SURF,True,NORMAL,3,0,0,
59502,2008-07-30 03:00:00,63.0,SURF,True,EXTREME_TYPE1,240,2,2,"(115.55, 23.0);(116.36, 23.0)"
59293,2008-07-30 04:00:00,64.0,SURF,True,NORMAL,330,0,0,
59304,2008-07-30 05:00:00,57.2,SURF,True,NORMAL,330,0,0,
59502,2008-07-30 05:00:00,58.7,SURF,True,NORMAL,240,0,0,
59081,2008-07-31 08:00:00,10.9,SURF,True,EXTREME_TYPE1,8,8,2,"(113.1, 24.8);(113.2, 24.9)"
59315,2008-07-31 12:00:00,78.4,SURF,True,EXTREME_TYPE1,450,2,2,"(116.36, 23.0);(116.36, 23.75)"
59288,2008-08-04 21:00:00,52.9,SURF,True,EXTREME_TYPE1,757,3,3,"(112.27, 23.0);(113.09, 23.0);(113.09, 23.75)"
59476,2008-08-04 23:00:00,3.5,SURF,True,NORMAL,24,0,0,
59315,2008-08-05 10:00:00,21.9,SURF,True,NORMAL,455,0,0,
59754,2008-08-06 23:00:00,101.9,SURF,True,NORMAL,125,0,0,
59754,2008-08-07 00:00:00,70.0,SURF,True,NORMAL,125,0,0,
59653,2008-08-07 14:00:00,50.8,SURF,True,EXTREME_TYPE1,308,4,4,"(110.64, 21.5);(110.64, 22.25);(111.45, 21.5);(111.45, 22.25)"
59298,2008-08-07 17:00:00,3.1,SURF,True,NORMAL,7,0,0,
59278,2008-08-07 18:00:00,3.6,SURF,True,NORMAL,10,0,0,
59469,2008-08-11 12:00:00,5.5,SURF,True,NORMAL,3,0,0,
59074,2008-08-11 18:00:00,13.6,SURF,True,FALSE,7,5,0,
59654,2008-08-17 17:00:00,26.7,SURF,True,EXTREME_TYPE1,215,3,3,"(109.82, 21.5);(110.64, 21.5);(110.64, 22.25)"
59663,2008-08-22 18:00:00,113.3,SURF,True,NORMAL,384,0,0,
59488,2008-08-22 20:00:00,7.9,SURF,True,EXTREME_TYPE1,3,12,12,"(113.4, 22.2);(113.4, 22.3);(113.5, 22.2);(113.5, 22.3);(113.5, 22.4);(113.6, 22.1);(113.6, 22.2);(113.6, 22.3);(113.6, 22.4);(113.7, 22.2);(113.7, 22.3);(113.7, 22.4)"
59653,2008-08-22 22:00:00,55.5,SURF,True,NORMAL,318,0,0,
59658,2008-08-23 09:00:00,25.7,SURF,True,NORMAL,256,0,0,
59650,2008-08-28 17:00:00,66.7,SURF,True,EXTREME_TYPE5,250,2,1,"(110.64, 21.5)"
59269,2008-08-31 21:00:00,34.3,SURF,True,EXTREME_TYPE1,491,4,4,"(111.45, 23.0);(111.45, 23.75);(112.27, 23.0);(112.27, 23.75)"
59304,2008-09-07 12:00:00,6.1,SURF,True,EXTREME_TYPE1,2,1,1,"(115.0, 23.6)"
59493,2008-09-17 14:00:00,18.2,SURF,True,EXTREME_TYPE1,28,10,10,"(113.9, 22.4);(113.9, 22.5);(113.9, 22.6);(114.0, 22.4);(114.0, 22.5);(114.0, 22.6);(114.0, 22.7);(114.1, 22.4);(114.1, 22.5);(114.1, 22.6)"
57988,2008-09-23 21:00:00,3.1,SURF,True,NORMAL,1,0,0,
59298,2008-10-05 21:00:00,23.6,SURF,True,NORMAL,425,0,0,
59297,2008-10-06 02:00:00,32.0,SURF,True,NORMAL,245,0,0,
59314,2008-10-06 05:00:00,55.3,SURF,True,NORMAL,532,0,0,
59469,2008-11-02 14:00:00,54.9,SURF,True,EXTREME_TYPE1,395,3,3,"(111.45, 21.5);(111.45, 22.25);(112.27, 22.25)"
59480,2008-11-02 15:00:00,27.6,SURF,True,EXTREME_TYPE1,1598,3,3,"(113.09, 22.25);(113.09, 23.0);(113.91, 23.0)"
59654,2008-11-02 23:00:00,56.4,SURF,True,EXTREME_TYPE1,214,3,3,"(109.82, 21.5);(110.64, 21.5);(110.64, 22.25)"
59284,2008-11-03 04:00:00,50.2,SURF,True,EXTREME_TYPE1,593,3,3,"(113.09, 23.0);(113.09, 23.75);(113.91, 23.75)"
59294,2008-11-03 10:00:00,20.8,SURF,True,EXTREME_TYPE1,596,2,2,"(113.91, 23.0);(113.91, 23.75)"
59477,2008-11-07 19:00:00,56.5,SURF,True,EXTREME_TYPE1,400,2,2,"(111.45, 22.25);(112.27, 22.25)"
59475,2008-11-07 20:00:00,50.0,SURF,True,EXTREME_TYPE1,779,3,3,"(112.27, 22.25);(112.27, 23.0);(113.09, 22.25)"
59319,2008-11-08 09:00:00,6.1,SURF,True,NORMAL,8,0,0,
59287,2008-12-04 07:00:00,5.6,SURF,True,EXTREME_TYPE1,12,10,9,"(113.3, 23.2);(113.4, 23.1);(113.4, 23.2);(113.4, 23.3);(113.5, 23.2);(113.5, 23.3);(113.6, 23.1);(113.6, 23.2);(113.6, 23.3)"
59279,2009-03-06 02:00:00,5.2,SURF,True,NORMAL,34,0,0,
59310,2009-03-06 11:00:00,1.8,SURF,True,NORMAL,7,0,0,
59314,2009-03-06 13:00:00,5.2,SURF,True,NORMAL,13,0,0,
57988,2009-04-09 15:00:00,5.2,SURF,True,NORMAL,4,0,0,
59754,2009-04-18 12:00:00,63.0,SURF,True,EXTREME_TYPE1,175,2,2,"(109.82, 20.75);(110.64, 20.75)"
59294,2009-04-19 15:00:00,28.0,SURF,True,EXTREME_TYPE1,753,2,2,"(113.91, 23.0);(113.91, 23.75)"
59088,2009-04-20 02:00:00,15.6,SURF,True,NORMAL,6,0,0,
59114,2009-04-20 03:00:00,5.6,SURF,True,NORMAL,6,0,0,
59071,2009-04-24 20:00:00,5.0,SURF,True,NORMAL,6,0,0,
59477,2009-04-25 04:00:00,57.8,SURF,True,EXTREME_TYPE1,599,2,2,"(111.45, 22.25);(112.27, 22.25)"
59314,2009-04-25 14:00:00,9.3,SURF,True,NORMAL,14,0,0,
G1043,2009-05-01 19:00:00,24.0,AWST,False,FALSE,1164,2,0,
G1043,2009-05-01 20:00:00,95.8,AWST,False,FALSE,1164,2,0,
G1043,2009-05-01 21:00:00,106.6,AWST,False,FALSE,1165,2,0,
G1043,2009-05-01 22:00:00,169.0,AWST,False,FALSE,1165,2,0,
G1043,2009-05-02 00:00:00,217.6,AWST,False,FALSE,1167,2,0,
G1043,2009-05-02 01:00:00,112.1,AWST,False,FALSE,1169,2,0,
G1043,2009-05-02 04:00:00,21.5,AWST,False,FALSE,1171,2,0,
G1043,2009-05-02 06:00:00,33.5,AWST,False,FALSE,1168,2,0,
G1043,2009-05-02 07:00:00,48.1,AWST,False,FALSE,1166,2,0,
G1043,2009-05-02 08:00:00,47.5,AWST,False,FALSE,1165,2,0,
G1043,2009-05-02 09:00:00,17.4,AWST,False,FALSE,36,11,0,
59074,2009-05-17 11:00:00,33.9,SURF,True,NORMAL,174,0,0,
59114,2009-05-18 21:00:00,11.0,SURF,True,EXTREME_TYPE1,9,12,12,"(116.0, 24.6);(116.0, 24.7);(116.1, 24.5);(116.1, 24.6);(116.1, 24.7);(116.1, 24.8);(116.2, 24.5);(116.2, 24.6);(116.2, 24.7);(116.2, 24.8);(116.3, 24.6);(116.3, 24.7)"
59290,2009-05-19 12:00:00,12.8,SURF,True,EXTREME_TYPE1,3,7,4,"(114.1, 23.7);(114.1, 23.8);(114.2, 23.7);(114.3, 23.7)"
59488,2009-05-23 15:00:00,53.9,SURF,True,EXTREME_TYPE1,834,2,2,"(113.09, 22.25);(113.91, 22.25)"
59663,2009-05-23 19:00:00,22.6,SURF,True,NORMAL,603,0,0,
59478,2009-05-23 20:00:00,25.7,SURF,True,NORMAL,1097,0,0,
59470,2009-05-24 04:00:00,7.2,SURF,True,NORMAL,8,0,0,
59294,2009-05-24 10:00:00,8.0,SURF,True,NORMAL,11,0,0,
59469,2009-05-24 10:00:00,8.8,SURF,True,NORMAL,7,0,0,
59072,2009-05-24 11:00:00,1.6,SURF,True,NORMAL,6,0,0,
59485,2009-05-24 12:00:00,20.3,SURF,True,NORMAL,2068,0,0,
59471,2009-05-24 21:00:00,2.6,SURF,True,NORMAL,6,0,0,
59075,2009-06-03 01:00:00,24.9,SURF,True,NORMAL,532,0,0,
59082,2009-06-03 03:00:00,24.0,SURF,True,NORMAL,291,0,0,
59279,2009-06-03 22:00:00,52.8,SURF,True,NORMAL,1175,0,0,
59287,2009-06-03 23:00:00,67.7,SURF,True,NORMAL,872,0,0,
59298,2009-06-04 01:00:00,35.2,SURF,True,NORMAL,656,0,0,
59116,2009-06-04 03:00:00,11.7,SURF,True,NORMAL,4,0,0,
59502,2009-06-04 03:00:00,25.5,SURF,True,NORMAL,385,0,0,
59658,2009-06-07 18:00:00,52.2,SURF,True,EXTREME_TYPE1,425,4,4,"(109.82, 20.75);(109.82, 21.5);(110.64, 20.75);(110.64, 21.5)"
59659,2009-06-08 01:00:00,1.7,SURF,True,NORMAL,10,0,0,
59663,2009-06-08 03:00:00,60.6,SURF,True,EXTREME_TYPE1,600,4,4,"(111.45, 21.5);(111.45, 22.25);(112.27, 21.5);(112.27, 22.25)"
59750,2009-06-09 04:00:00,10.6,SURF,True,FALSE,3,2,0,
59487,2009-06-09 09:00:00,28.4,SURF,True,NORMAL,838,0,0,
59485,2009-06-09 11:00:00,8.3,SURF,True,NORMAL,35,0,0,
59072,2009-06-10 06:00:00,11.5,SURF,True,NORMAL,6,0,0,
59313,2009-06-10 08:00:00,12.6,SURF,True,EXTREME_TYPE1,3,8,4,"(116.9, 23.6);(116.9, 23.7);(117.0, 23.6);(117.0, 23.7)"
59303,2009-06-11 14:00:00,63.6,SURF,True,EXTREME_TYPE1,735,3,3,"(115.55, 23.75);(115.55, 24.5);(116.36, 23.75)"
59500,2009-06-13 13:00:00,5.0,SURF,True,EXTREME_TYPE1,7,10,6,"(115.3, 23.0);(115.3, 23.1);(115.4, 22.9);(115.4, 23.0);(115.4, 23.1);(115.5, 23.0)"
59663,2009-06-13 21:00:00,52.5,SURF,True,NORMAL,580,0,0,
59663,2009-06-13 22:00:00,50.8,SURF,True,NORMAL,578,0,0,
59082,2009-06-14 18:00:00,51.9,SURF,True,EXTREME_TYPE1,291,3,3,"(113.09, 24.5);(113.91, 24.5);(113.91, 25.25)"
59664,2009-06-15 12:00:00,34.0,SURF,True,EXTREME_TYPE1,345,2,2,"(110.64, 21.5);(111.45, 21.5)"
G3531,2009-06-19 19:00:00,603.7,AWST,False,FALSE,2061,2,0,
59318,2009-06-21 20:00:00,15.4,SURF,True,NORMAL,18,0,0,
59317,2009-06-22 07:00:00,63.5,SURF,True,EXTREME_TYPE1,383,2,2,"(115.55, 23.0);(116.36, 23.0)"
59087,2009-06-22 08:00:00,43.5,SURF,True,EXTREME_TYPE1,499,3,3,"(113.09, 23.75);(113.91, 23.75);(113.91, 24.5)"
59106,2009-06-22 09:00:00,138.9,SURF,True,EXTREME_TYPE2,461,2,1,"(116.36, 24.5)"
59106,2009-06-22 13:00:00,61.4,SURF,True,EXTREME_TYPE1,460,2,2,"(115.55, 24.5);(116.36, 24.5)"
59107,2009-06-22 16:00:00,11.0,SURF,True,EXTREME_TYPE1,6,10,6,"(115.1, 24.1);(115.2, 24.0);(115.2, 24.1);(115.2, 24.2);(115.3, 24.0);(115.3, 24.1)"
59096,2009-06-22 17:00:00,55.0,SURF,True,EXTREME_TYPE1,323,3,3,"(113.91, 24.5);(114.73, 23.75);(114.73, 24.5)"
59285,2009-06-23 08:00:00,13.6,SURF,True,NORMAL,12,0,0,
59310,2009-06-23 14:00:00,68.1,SURF,True,EXTREME_TYPE3,725,2,2,"(115.55, 23.75);(116.36, 23.75)"
59750,2009-06-26 14:00:00,52.7,SURF,True,EXTREME_TYPE1,186,3,3,"(109.82, 20.75);(109.82, 21.5);(110.64, 20.75)"
59280,2009-06-27 17:00:00,27.3,SURF,True,NORMAL,1162,0,0,
59492,2009-06-28 01:00:00,26.0,SURF,True,EXTREME_TYPE1,649,2,2,"(113.91, 23.0);(114.73, 23.0)"
59478,2009-06-28 12:00:00,20.9,SURF,True,NORMAL,1117,0,0,
59476,2009-06-28 17:00:00,13.2,SURF,True,NORMAL,35,0,0,
59477,2009-07-04 02:00:00,6.0,SURF,True,NORMAL,11,0,0,
59462,2009-07-04 13:00:00,2.8,SURF,True,NORMAL,7,0,0,
59653,2009-07-05 16:00:00,14.6,SURF,True,NORMAL,8,0,0,
59304,2009-07-12 14:00:00,15.4,SURF,True,EXTREME_TYPE1,6,1,1,"(115.0, 23.6)"
59462,2009-07-19 01:00:00,50.7,SURF,True,NORMAL,980,0,0,
59664,2009-07-19 09:00:00,62.9,SURF,True,NORMAL,351,0,0,
59656,2009-07-19 10:00:00,30.4,SURF,True,NORMAL,351,0,0,
59456,2009-07-19 13:00:00,18.7,SURF,True,NORMAL,6,0,0,
59750,2009-07-20 16:00:00,51.5,SURF,True,EXTREME_TYPE1,190,3,3,"(109.82, 20.75);(109.82, 21.5);(110.64, 20.75)"
59315,2009-07-23 15:00:00,3.8,SURF,True,EXTREME_TYPE1,9,9,8,"(116.3, 23.5);(116.3, 23.6);(116.3, 23.7);(116.4, 23.5);(116.4, 23.6);(116.4, 23.7);(116.5, 23.5);(116.5, 23.6)"
59316,2009-07-25 11:00:00,10.8,SURF,True,EXTREME_TYPE1,16,10,10,"(116.5, 23.4);(116.6, 23.3);(116.6, 23.4);(116.6, 23.5);(116.7, 23.3);(116.7, 23.4);(116.7, 23.5);(116.8, 23.3);(116.8, 23.4);(116.8, 23.5)"
59478,2009-07-25 11:00:00,25.8,SURF,True,EXTREME_TYPE1,1150,2,2,"(112.27, 22.25);(113.09, 22.25)"
59502,2009-07-26 05:00:00,41.1,SURF,True,EXTREME_TYPE5,389,2,2,"(115.55, 23.0);(116.36, 23.0)"
59074,2009-07-28 08:00:00,53.0,SURF,True,FALSE,180,2,0,
59655,2009-07-29 02:00:00,53.0,SURF,True,EXTREME_TYPE1,333,2,2,"(110.64, 21.5);(110.64, 22.25)"
59287,2009-07-31 12:00:00,12.9,SURF,True,EXTREME_TYPE1,23,10,9,"(113.3, 23.2);(113.4, 23.1);(113.4, 23.2);(113.4, 23.3);(113.5, 23.1);(113.5, 23.2);(113.5, 23.3);(113.6, 23.1);(113.6, 23.2)"
59278,2009-08-05 01:00:00,2.2,SURF,True,EXTREME_TYPE1,14,10,10,"(112.3, 23.0);(112.4, 22.9);(112.4, 23.0);(112.4, 23.1);(112.5, 22.9);(112.5, 23.0);(112.5, 23.1);(112.6, 22.9);(112.6, 23.0);(112.6, 23.1)"
59456,2009-08-05 01:00:00,7.2,SURF,True,NORMAL,7,0,0,
59663,2009-08-05 08:00:00,2.7,SURF,True,NORMAL,7,0,0,
G2505,2009-08-05 10:00:00,278.1,AWST,False,FALSE,338,2,0,
G2505,2009-08-05 11:00:00,337.7,AWST,False,FALSE,338,2,0,
59673,2009-08-05 12:00:00,60.1,SURF,True,EXTREME_TYPE1,1155,4,4,"(112.27, 21.5);(112.27, 22.25);(113.09, 21.5);(113.09, 22.25)"
59673,2009-08-05 13:00:00,43.1,SURF,True,NORMAL,1154,0,0,
59476,2009-08-06 01:00:00,18.5,SURF,True,NORMAL,37,0,0,
59477,2009-08-06 04:00:00,32.6,SURF,True,NORMAL,580,0,0,
59476,2009-08-10 23:00:00,53.7,SURF,True,EXTREME_TYPE1,2407,2,2,"(113.09, 22.25);(113.09, 23.0)"
59288,2009-08-11 17:00:00,33.9,SURF,True,EXTREME_TYPE1,1194,3,3,"(112.27, 23.0);(113.09, 23.0);(113.09, 23.75)"
59114,2009-08-11 22:00:00,20.6,SURF,True,EXTREME_TYPE1,474,2,2,"(115.55, 24.5);(116.36, 24.5)"
59279,2009-08-12 05:00:00,58.7,SURF,True,NORMAL,1192,0,0,
59288,2009-08-12 05:00:00,65.0,SURF,True,NORMAL,1192,0,0,
59462,2009-08-12 07:00:00,62.2,SURF,True,EXTREME_TYPE1,995,3,3,"(111.45, 22.25);(111.45, 23.0);(112.27, 23.0)"
59294,2009-08-17 01:00:00,23.2,SURF,True,EXTREME_TYPE1,874,2,2,"(113.91, 23.0);(113.91, 23.75)"
G8207,2009-08-23 20:00:00,2.1,AWST,False,EXTREME_TYPE1,20,10,9,"(112.7, 23.5);(112.7, 23.6);(112.8, 23.4);(112.8, 23.5);(112.8, 23.6);(112.9, 23.4);(112.9, 23.5);(112.9, 23.6);(113.0, 23.5)"
59287,2009-08-25 16:00:00,40.4,SURF,True,EXTREME_TYPE1,890,4,4,"(113.09, 23.0);(113.09, 23.75);(113.91, 23.0);(113.91, 23.75)"
59290,2009-09-09 07:00:00,32.0,SURF,True,EXTREME_TYPE1,460,2,2,"(113.91, 23.75);(114.73, 23.75)"
59107,2009-09-12 23:00:00,16.9,SURF,True,FALSE,6,10,0,
59476,2009-09-15 05:00:00,15.1,SURF,True,NORMAL,36,0,0,
59663,2009-09-15 09:00:00,21.1,SURF,True,NORMAL,596,0,0,
59276,2009-09-15 11:00:00,7.5,SURF,True,NORMAL,17,0,0,
59290,2009-09-16 01:00:00,28.9,SURF,True,EXTREME_TYPE1,465,2,2,"(113.91, 23.75);(114.73, 23.75)"
59269,2009-10-13 11:00:00,1.4,SURF,True,NORMAL,8,0,0,
59477,2009-10-19 21:00:00,4.3,SURF,True,NORMAL,10,0,0,
59109,2009-11-12 19:00:00,1.0,SURF,True,NORMAL,11,0,0,
59485,2009-11-16 02:00:00,1.3,SURF,True,NORMAL,41,0,0,
59485,2010-02-07 15:00:00,1.1,SURF,True,NORMAL,41,0,0,
59314,2010-03-07 04:00:00,33.1,SURF,True,EXTREME_TYPE1,800,4,4,"(115.55, 23.0);(115.55, 23.75);(116.36, 23.0);(116.36, 23.75)"
59673,2010-03-25 01:00:00,7.4,SURF,True,NORMAL,0,0,0,
59313,2010-04-08 03:00:00,15.4,SURF,True,NORMAL,3,0,0,
59071,2010-04-08 05:00:00,6.8,SURF,True,NORMAL,10,0,0,
59075,2010-04-08 05:00:00,3.3,SURF,True,NORMAL,5,0,0,
59293,2010-04-08 08:00:00,7.3,SURF,True,NORMAL,8,0,0,
59290,2010-04-13 09:00:00,5.1,SURF,True,EXTREME_TYPE1,5,7,6,"(114.1, 23.8);(114.2, 23.7);(114.3, 23.7);(114.3, 23.9);(114.4, 23.7);(114.4, 23.8)"
59501,2010-04-13 09:00:00,36.0,SURF,True,EXTREME_TYPE1,365,3,3,"(114.73, 23.0);(115.55, 22.25);(115.55, 23.0)"
59088,2010-04-13 18:00:00,9.5,SURF,True,EXTREME_TYPE1,9,10,10,"(113.3, 24.1);(113.3, 24.2);(113.3, 24.3);(113.4, 24.1);(113.4, 24.2);(113.4, 24.3);(113.5, 24.1);(113.5, 24.2);(113.5, 24.3);(113.6, 24.2)"
59117,2010-04-15 07:00:00,2.0,SURF,True,NORMAL,12,0,0,
59658,2010-04-19 17:00:00,11.8,SURF,True,NORMAL,9,0,0,
59293,2010-04-22 10:00:00,67.2,SURF,True,EXTREME_TYPE1,613,3,3,"(114.73, 23.75);(114.73, 24.5);(115.55, 23.75)"
59469,2010-04-22 10:00:00,23.6,SURF,True,NORMAL,733,0,0,
59107,2010-04-22 15:00:00,6.7,SURF,True,NORMAL,9,0,0,
59298,2010-04-29 14:00:00,5.5,SURF,True,NORMAL,13,0,0,
57996,2010-05-06 09:00:00,7.0,SURF,True,NORMAL,5,0,0,
59099,2010-05-06 11:00:00,74.2,SURF,True,EXTREME_TYPE1,550,2,2,"(114.73, 24.5);(115.55, 24.5)"
59094,2010-05-06 17:00:00,51.0,SURF,True,NORMAL,438,0,0,
59107,2010-05-06 17:00:00,55.8,SURF,True,NORMAL,546,0,0,
59312,2010-05-06 17:00:00,14.3,SURF,True,NORMAL,6,0,0,
59087,2010-05-06 22:00:00,51.0,SURF,True,EXTREME_TYPE1,538,3,3,"(113.09, 23.75);(113.91, 23.75);(113.91, 24.5)"
59271,2010-05-06 23:00:00,30.2,SURF,True,EXTREME_TYPE1,1319,3,3,"(112.27, 23.0);(112.27, 23.75);(113.09, 23.75)"
59284,2010-05-07 01:00:00,115.2,SURF,True,NORMAL,986,0,0,
59287,2010-05-07 03:00:00,63.1,SURF,True,NORMAL,993,0,0,
59493,2010-05-07 03:00:00,42.9,SURF,True,NORMAL,2191,0,0,
59279,2010-05-07 04:00:00,91.7,SURF,True,NORMAL,1306,0,0,
59269,2010-05-09 15:00:00,79.8,SURF,True,EXTREME_TYPE1,638,4,4,"(111.45, 23.0);(111.45, 23.75);(112.27, 23.0);(112.27, 23.75)"
59476,2010-05-09 23:00:00,66.0,SURF,True,EXTREME_TYPE1,2468,2,2,"(113.09, 22.25);(113.09, 23.0)"
59478,2010-05-10 00:00:00,51.2,SURF,True,NORMAL,1235,0,0,
59476,2010-05-10 09:00:00,26.4,SURF,True,NORMAL,2473,0,0,
59284,2010-05-14 18:00:00,52.8,SURF,True,EXTREME_TYPE1,1003,3,3,"(113.09, 23.0);(113.09, 23.75);(113.91, 23.75)"
59481,2010-05-15 01:00:00,71.2,SURF,True,EXTREME_TYPE1,2226,2,2,"(113.09, 23.0);(113.91, 23.0)"
59663,2010-05-15 02:00:00,86.4,SURF,True,EXTREME_TYPE1,724,4,4,"(111.45, 21.5);(111.45, 22.25);(112.27, 21.5);(112.27, 22.25)"
59663,2010-05-15 11:00:00,47.6,SURF,True,EXTREME_TYPE1,736,4,4,"(111.45, 21.5);(111.45, 22.25);(112.27, 21.5);(112.27, 22.25)"
59654,2010-05-15 15:00:00,39.8,SURF,True,EXTREME_TYPE1,349,3,3,"(109.82, 21.5);(110.64, 21.5);(110.64, 22.25)"
59081,2010-05-19 11:00:00,50.5,SURF,True,NORMAL,632,0,0,
59106,2010-05-19 17:00:00,4.8,SURF,True,NORMAL,10,0,0,
59075,2010-05-20 18:00:00,56.3,SURF,True,EXTREME_TYPE1,641,3,3,"(112.27, 23.75);(112.27, 24.5);(113.09, 24.5)"
59071,2010-05-22 14:00:00,1.5,SURF,True,NORMAL,10,0,0,
59314,2010-05-23 03:00:00,60.5,SURF,True,NORMAL,799,0,0,
59317,2010-05-23 07:00:00,56.3,SURF,True,NORMAL,460,0,0,
59750,2010-05-27 17:00:00,52.8,SURF,True,EXTREME_TYPE1,195,3,3,"(109.82, 20.75);(109.82, 21.5);(110.64, 20.75)"
59271,2010-05-29 03:00:00,1.3,SURF,True,NORMAL,11,0,0,
59476,2010-05-29 17:00:00,23.3,SURF,True,NORMAL,2483,0,0,
59663,2010-06-02 13:00:00,3.0,SURF,True,NORMAL,8,0,0,
59655,2010-06-08 07:00:00,53.1,SURF,True,EXTREME_TYPE1,357,2,2,"(110.64, 21.5);(110.64, 22.25)"
59655,2010-06-08 20:00:00,50.3,SURF,True,EXTREME_TYPE1,358,2,2,"(110.64, 21.5);(110.64, 22.25)"
59487,2010-06-09 08:00:00,82.7,SURF,True,NORMAL,888,0,0,
59488,2010-06-09 09:00:00,43.7,SURF,True,EXTREME_TYPE1,888,2,2,"(113.09, 22.25);(113.91, 22.25)"
59074,2010-06-09 21:00:00,11.5,SURF,True,NORMAL,13,0,0,
59087,2010-06-09 23:00:00,30.6,SURF,True,NORMAL,598,0,0,
59501,2010-06-10 08:00:00,58.4,SURF,True,NORMAL,350,0,0,
59492,2010-06-10 18:00:00,3.9,SURF,True,NORMAL,7,0,0,
59493,2010-06-12 02:00:00,9.0,SURF,True,EXTREME_TYPE1,30,10,10,"(113.9, 22.4);(113.9, 22.5);(113.9, 22.6);(114.0, 22.4);(114.0, 22.5);(114.0, 22.6);(114.0, 22.7);(114.1, 22.4);(114.1, 22.5);(114.1, 22.6)"
59314,2010-06-12 19:00:00,39.6,SURF,True,NORMAL,811,0,0,
59475,2010-06-13 03:00:00,24.3,SURF,True,EXTREME_TYPE1,1243,3,3,"(112.27, 22.25);(112.27, 23.0);(113.09, 22.25)"
59117,2010-06-14 23:00:00,25.2,SURF,True,NORMAL,495,0,0,
59290,2010-06-15 05:00:00,71.9,SURF,True,EXTREME_TYPE1,585,2,2,"(113.91, 23.75);(114.73, 23.75)"
59293,2010-06-15 10:00:00,61.0,SURF,True,EXTREME_TYPE1,591,3,3,"(114.73, 23.75);(114.73, 24.5);(115.55, 23.75)"
59314,2010-06-16 12:00:00,59.7,SURF,True,EXTREME_TYPE1,808,4,4,"(115.55, 23.0);(115.55, 23.75);(116.36, 23.0);(116.36, 23.75)"
59099,2010-06-17 16:00:00,23.1,SURF,True,EXTREME_TYPE1,533,2,1,"(114.73, 24.5)"
59502,2010-06-21 15:00:00,2.2,SURF,True,FALSE,6,12,0,
59287,2010-06-21 17:00:00,70.6,SURF,True,EXTREME_TYPE1,990,4,4,"(113.09, 23.0);(113.09, 23.75);(113.91, 23.0);(113.91, 23.75)"
59114,2010-06-22 16:00:00,55.5,SURF,True,EXTREME_TYPE1,486,2,2,"(115.55, 24.5);(116.36, 24.5)"
59297,2010-06-23 09:00:00,9.1,SURF,True,EXTREME_TYPE1,8,11,9,"(114.1, 23.1);(114.1, 23.2);(114.2, 23.1);(114.2, 23.2);(114.2, 23.3);(114.3, 23.1);(114.3, 23.2);(114.3, 23.3);(114.4, 23.1)"
59318,2010-06-25 02:00:00,68.6,SURF,True,NORMAL,309,0,0,
59318,2010-06-25 03:00:00,69.2,SURF,True,NORMAL,309,0,0,
59318,2010-06-25 04:00:00,57.9,SURF,True,NORMAL,309,0,0,
59264,2010-06-25 07:00:00,32.4,SURF,True,NORMAL,230,0,0,
59653,2010-06-25 11:00:00,17.6,SURF,True,NORMAL,8,0,0,
59487,2010-06-25 12:00:00,1.0,SURF,True,NORMAL,24,0,0,
59492,2010-06-26 16:00:00,31.6,SURF,True,NORMAL,709,0,0,
59485,2010-06-26 17:00:00,4.8,SURF,True,NORMAL,41,0,0,
59284,2010-06-27 07:00:00,52.2,SURF,True,NORMAL,933,0,0,
59074,2010-06-27 13:00:00,9.8,SURF,True,NORMAL,1,0,0,
59478,2010-06-28 06:00:00,50.3,SURF,True,NORMAL,1238,0,0,
59473,2010-06-28 09:00:00,19.1,SURF,True,NORMAL,41,0,0,
59654,2010-07-17 08:00:00,24.2,SURF,True,NORMAL,356,0,0,
59650,2010-07-17 12:00:00,5.5,SURF,True,NORMAL,6,0,0,
59094,2010-07-21 18:00:00,6.7,SURF,True,NORMAL,5,0,0,
59658,2010-07-22 16:00:00,40.5,SURF,True,NORMAL,414,0,0,
59656,2010-07-22 20:00:00,53.9,SURF,True,NORMAL,359,0,0,
59654,2010-07-23 00:00:00,66.2,SURF,True,EXTREME_TYPE1,357,3,3,"(109.82, 21.5);(110.64, 21.5);(110.64, 22.25)"
59654,2010-07-23 01:00:00,59.3,SURF,True,NORMAL,359,0,0,
59480,2010-07-23 02:00:00,36.2,SURF,True,EXTREME_TYPE1,2192,3,3,"(113.09, 22.25);(113.09, 23.0);(113.91, 23.0)"
59314,2010-07-23 13:00:00,52.9,SURF,True,EXTREME_TYPE1,805,4,4,"(115.55, 23.0);(115.55, 23.75);(116.36, 23.0);(116.36, 23.75)"
59117,2010-07-23 17:00:00,49.5,SURF,True,EXTREME_TYPE1,489,4,4,"(115.55, 23.75);(115.55, 24.5);(116.36, 23.75);(116.36, 24.5)"
59288,2010-07-24 16:00:00,8.5,SURF,True,EXTREME_TYPE1,40,11,7,"(113.0, 23.0);(113.0, 23.1);(113.0, 23.2);(113.1, 23.0);(113.1, 23.1);(113.1, 23.2);(113.1, 23.3)"
59285,2010-07-26 16:00:00,57.4,SURF,True,EXTREME_TYPE1,972,3,3,"(113.09, 23.75);(113.91, 23.0);(113.91, 23.75)"
59306,2010-08-07 23:00:00,32.2,SURF,True,EXTREME_TYPE1,801,4,4,"(115.55, 23.0);(115.55, 23.75);(116.36, 23.0);(116.36, 23.75)"
57996,2010-08-08 01:00:00,43.5,SURF,True,NORMAL,88,0,0,
59650,2010-08-10 19:00:00,22.9,SURF,True,EXTREME_TYPE1,411,2,2,"(109.82, 21.5);(110.64, 21.5)"
59314,2010-08-15 05:00:00,9.3,SURF,True,FALSE,20,9,0,
59659,2010-08-16 15:00:00,44.0,SURF,True,EXTREME_TYPE1,590,4,4,"(110.64, 21.5);(110.64, 22.25);(111.45, 21.5);(111.45, 22.25)"
59304,2010-08-23 17:00:00,28.9,SURF,True,EXTREME_TYPE1,604,2,2,"(114.73, 23.75);(115.55, 23.75)"
59754,2010-08-23 22:00:00,8.9,SURF,True,NORMAL,8,0,0,
59650,2010-08-26 15:00:00,61.4,SURF,True,EXTREME_TYPE1,425,2,2,"(109.82, 21.5);(110.64, 21.5)"
59109,2010-08-26 19:00:00,60.9,SURF,True,EXTREME_TYPE1,535,2,2,"(115.55, 23.75);(115.55, 24.5)"
59303,2010-08-26 19:00:00,103.5,SURF,True,EXTREME_TYPE1,795,3,3,"(115.55, 23.75);(115.55, 24.5);(116.36, 23.75)"
59107,2010-09-02 18:00:00,55.5,SURF,True,NORMAL,539,0,0,
59287,2010-09-02 18:00:00,10.4,SURF,True,EXTREME_TYPE1,27,10,10,"(113.3, 23.2);(113.4, 23.1);(113.4, 23.2);(113.4, 23.3);(113.5, 23.1);(113.5, 23.2);(113.5, 23.3);(113.6, 23.1);(113.6, 23.2);(113.6, 23.3)"
59324,2010-09-03 01:00:00,52.5,SURF,True,NORMAL,320,0,0,
59117,2010-09-03 13:00:00,1.9,SURF,True,NORMAL,12,0,0,
59469,2010-09-04 19:00:00,1.1,SURF,True,NORMAL,10,0,0,
59480,2010-09-09 03:00:00,57.2,SURF,True,NORMAL,2011,0,0,
59485,2010-09-09 03:00:00,62.3,SURF,True,NORMAL,2011,0,0,
59473,2010-09-09 04:00:00,67.7,SURF,True,EXTREME_TYPE1,2196,3,3,"(112.27, 23.0);(113.09, 22.25);(113.09, 23.0)"
59285,2010-09-11 13:00:00,83.7,SURF,True,EXTREME_TYPE1,933,3,3,"(113.09, 23.75);(113.91, 23.0);(113.91, 23.75)"
59087,2010-09-11 16:00:00,37.5,SURF,True,EXTREME_TYPE1,619,3,3,"(113.09, 23.75);(113.91, 23.75);(113.91, 24.5)"
59500,2010-09-17 18:00:00,17.2,SURF,True,EXTREME_TYPE1,10,10,10,"(115.2, 22.9);(115.2, 23.0);(115.2, 23.1);(115.3, 22.9);(115.3, 23.0);(115.3, 23.1);(115.4, 22.9);(115.4, 23.0);(115.4, 23.1);(115.5, 23.0)"
59303,2010-09-20 12:00:00,1.7,SURF,True,NORMAL,6,0,0,
59476,2010-09-20 18:00:00,16.3,SURF,True,NORMAL,35,0,0,
59673,2010-09-20 21:00:00,59.3,SURF,True,EXTREME_TYPE1,1212,4,4,"(112.27, 21.5);(112.27, 22.25);(113.09, 21.5);(113.09, 22.25)"
59673,2010-09-20 22:00:00,68.5,SURF,True,EXTREME_TYPE1,1209,4,4,"(112.27, 21.5);(112.27, 22.25);(113.09, 21.5);(113.09, 22.25)"
59673,2010-09-21 01:00:00,89.2,SURF,True,EXTREME_TYPE1,1204,4,4,"(112.27, 21.5);(112.27, 22.25);(113.09, 21.5);(113.09, 22.25)"
59471,2010-09-21 02:00:00,56.8,SURF,True,NORMAL,1066,0,0,
59264,2010-09-21 08:00:00,51.8,SURF,True,NORMAL,226,0,0,
59456,2010-09-21 10:00:00,52.6,SURF,True,NORMAL,590,0,0,
59659,2010-09-21 13:00:00,35.5,SURF,True,NORMAL,590,0,0,
59656,2010-09-21 14:00:00,18.0,SURF,True,NORMAL,7,0,0,
59663,2010-09-22 02:00:00,68.5,SURF,True,NORMAL,699,0,0,
59096,2010-09-22 15:00:00,6.3,SURF,True,NORMAL,3,0,0,
59655,2010-09-22 23:00:00,49.0,SURF,True,EXTREME_TYPE1,350,2,2,"(110.64, 21.5);(110.64, 22.25)"
59650,2010-09-23 14:00:00,15.5,SURF,True,NORMAL,6,0,0,
59750,2010-09-23 14:00:00,97.5,SURF,True,EXTREME_TYPE1,190,3,2,"(109.82, 20.75);(109.82, 21.5)"
59477,2010-09-24 16:00:00,38.8,SURF,True,EXTREME_TYPE1,679,2,2,"(111.45, 22.25);(112.27, 22.25)"
59097,2010-09-24 22:00:00,33.2,SURF,True,EXTREME_TYPE1,365,4,4,"(113.91, 23.75);(113.91, 24.5);(114.73, 23.75);(114.73, 24.5)"
59303,2010-09-25 00:00:00,3.6,SURF,True,EXTREME_TYPE1,6,6,4,"(115.7, 24.0);(115.8, 23.9);(115.8, 24.0);(115.9, 24.0)"
59750,2010-10-08 16:00:00,2.0,SURF,True,NORMAL,4,0,0,
59492,2010-11-06 08:00:00,1.0,SURF,True,NORMAL,7,0,0,
59477,2011-01-12 00:00:00,1.1,SURF,True,NORMAL,14,0,0,
59502,2011-02-15 11:00:00,1.2,SURF,True,NORMAL,9,0,0,
57996,2011-03-19 00:00:00,1.0,SURF,True,NORMAL,7,0,0,
59475,2011-04-29 04:00:00,2.9,SURF,True,NORMAL,17,0,0,
59324,2011-04-29 19:00:00,13.1,SURF,True,NORMAL,7,0,0,
59090,2011-05-01 16:00:00,9.1,SURF,True,NORMAL,7,0,0,
57996,2011-05-04 09:00:00,1.9,SURF,True,NORMAL,7,0,0,
59099,2011-05-07 19:00:00,1.5,SURF,True,NORMAL,8,0,0,
59280,2011-05-08 19:00:00,38.3,SURF,True,EXTREME_TYPE1,1360,2,2,"(113.09, 23.0);(113.09, 23.75)"
59478,2011-05-10 17:00:00,14.6,SURF,True,FALSE,13,10,0,
59269,2011-05-11 20:00:00,56.3,SURF,True,EXTREME_TYPE1,655,4,4,"(111.45, 23.0);(111.45, 23.75);(112.27, 23.0);(112.27, 23.75)"
59268,2011-05-12 15:00:00,23.9,SURF,True,NORMAL,232,0,0,
59107,2011-05-12 22:00:00,7.3,SURF,True,NORMAL,1,0,0,
59664,2011-05-13 03:00:00,21.0,SURF,True,NORMAL,370,0,0,
59088,2011-05-13 12:00:00,9.1,SURF,True,NORMAL,9,0,0,
59673,2011-05-13 13:00:00,20.8,SURF,True,NORMAL,1280,0,0,
59087,2011-05-14 13:00:00,13.7,SURF,True,NORMAL,9,0,0,
59750,2011-05-15 17:00:00,76.1,SURF,True,EXTREME_TYPE1,190,3,1,"(109.82, 21.5)"
59114,2011-05-16 08:00:00,25.0,SURF,True,NORMAL,476,0,0,
59485,2011-05-16 16:00:00,65.3,SURF,True,EXTREME_TYPE1,2097,4,4,"(113.09, 22.25);(113.09, 23.0);(113.91, 22.25);(113.91, 23.0)"
59655,2011-05-21 19:00:00,25.3,SURF,True,EXTREME_TYPE1,409,2,2,"(110.64, 21.5);(110.64, 22.25)"
59278,2011-05-22 16:00:00,47.3,SURF,True,NORMAL,2540,0,0,
59471,2011-05-22 17:00:00,52.9,SURF,True,NORMAL,1162,0,0,
59475,2011-05-22 19:00:00,55.9,SURF,True,NORMAL,1274,0,0,
59477,2011-05-22 19:00:00,75.6,SURF,True,NORMAL,756,0,0,
59656,2011-05-22 19:00:00,50.6,SURF,True,NORMAL,374,0,0,
59318,2011-05-22 20:00:00,5.8,SURF,True,NORMAL,18,0,0,
59276,2011-06-05 20:00:00,9.4,SURF,True,EXTREME_TYPE1,19,12,11,"(112.5, 23.3);(112.5, 23.4);(112.6, 23.2);(112.6, 23.3);(112.6, 23.4);(112.6, 23.5);(112.7, 23.2);(112.7, 23.3);(112.7, 23.4);(112.7, 23.5);(112.8, 23.4)"
59096,2011-06-06 16:00:00,41.1,SURF,True,EXTREME_TYPE1,440,3,2,"(113.91, 24.5);(114.73, 23.75)"
59470,2011-06-11 16:00:00,20.3,SURF,True,EXTREME_TYPE1,1107,2,2,"(112.27, 22.25);(112.27, 23.0)"
59280,2011-06-11 19:00:00,61.5,SURF,True,EXTREME_TYPE1,1355,2,2,"(113.09, 23.0);(113.09, 23.75)"
59287,2011-06-12 07:00:00,79.7,SURF,True,EXTREME_TYPE1,1056,4,4,"(113.09, 23.0);(113.09, 23.75);(113.91, 23.0);(113.91, 23.75)"
59287,2011-06-16 08:00:00,24.5,SURF,True,EXTREME_TYPE1,1055,4,4,"(113.09, 23.0);(113.09, 23.75);(113.91, 23.0);(113.91, 23.75)"
59502,2011-06-16 13:00:00,52.9,SURF,True,NORMAL,610,0,0,
59306,2011-06-16 16:00:00,86.7,SURF,True,EXTREME_TYPE1,915,4,4,"(115.55, 23.0);(115.55, 23.75);(116.36, 23.0);(116.36, 23.75)"
59502,2011-06-16 16:00:00,23.6,SURF,True,NORMAL,608,0,0,
59754,2011-06-22 06:00:00,20.4,SURF,True,EXTREME_TYPE1,178,2,2,"(109.82, 20.75);(110.64, 20.75)"
59656,2011-06-24 02:00:00,9.7,SURF,True,NORMAL,7,0,0,
59655,2011-06-25 08:00:00,42.6,SURF,True,EXTREME_TYPE1,400,2,2,"(110.64, 21.5);(110.64, 22.25)"
59456,2011-06-25 21:00:00,54.0,SURF,True,EXTREME_TYPE1,681,2,2,"(110.64, 22.25);(111.45, 22.25)"
59289,2011-06-26 08:00:00,12.8,SURF,True,NORMAL,50,0,0,
59310,2011-06-26 18:00:00,75.5,SURF,True,EXTREME_TYPE1,912,2,2,"(115.55, 23.75);(116.36, 23.75)"
59502,2011-06-27 17:00:00,21.1,SURF,True,EXTREME_TYPE1,615,2,2,"(115.55, 23.0);(116.36, 23.0)"
59478,2011-06-29 07:00:00,23.2,SURF,True,NORMAL,1276,0,0,
59481,2011-06-29 08:00:00,16.6,SURF,True,NORMAL,64,0,0,
59072,2011-06-29 09:00:00,13.5,SURF,True,NORMAL,8,0,0,
59663,2011-06-29 10:00:00,51.3,SURF,True,NORMAL,765,0,0,
59298,2011-06-30 14:00:00,5.9,SURF,True,NORMAL,15,0,0,
59074,2011-07-08 07:00:00,20.9,SURF,True,EXTREME_TYPE1,115,2,2,"(112.27, 24.5);(112.27, 25.25)"
59492,2011-07-09 16:00:00,50.5,SURF,True,EXTREME_TYPE1,689,2,2,"(113.91, 23.0);(114.73, 23.0)"
59663,2011-07-10 16:00:00,57.2,SURF,True,EXTREME_TYPE1,760,4,4,"(111.45, 21.5);(111.45, 22.25);(112.27, 21.5);(112.27, 22.25)"
59456,2011-07-11 15:00:00,71.7,SURF,True,EXTREME_TYPE1,595,2,2,"(110.64, 22.25);(111.45, 22.25)"
59476,2011-07-11 18:00:00,1.8,SURF,True,NORMAL,36,0,0,
59754,2011-07-14 05:00:00,56.9,SURF,True,EXTREME_TYPE1,190,2,2,"(109.82, 20.75);(110.64, 20.75)"
59654,2011-07-15 16:00:00,7.8,SURF,True,EXTREME_TYPE1,5,8,8,"(110.2, 21.5);(110.2, 21.7);(110.3, 21.5);(110.3, 21.6);(110.3, 21.7);(110.4, 21.5);(110.4, 21.6);(110.4, 21.7)"
59279,2011-07-15 19:00:00,36.2,SURF,True,EXTREME_TYPE1,1181,3,3,"(112.27, 23.0);(113.09, 23.0);(113.09, 23.75)"
59659,2011-07-15 20:00:00,78.1,SURF,True,EXTREME_TYPE1,464,4,4,"(110.64, 21.5);(110.64, 22.25);(111.45, 21.5);(111.45, 22.25)"
59294,2011-07-16 05:00:00,7.8,SURF,True,NORMAL,11,0,0,
59289,2011-07-16 20:00:00,39.6,SURF,True,EXTREME_TYPE1,2264,2,2,"(113.09, 23.0);(113.91, 23.0)"
59754,2011-07-17 06:00:00,103.7,SURF,True,EXTREME_TYPE1,186,2,2,"(109.82, 20.75);(110.64, 20.75)"
59754,2011-07-17 07:00:00,68.6,SURF,True,EXTREME_TYPE1,185,2,2,"(109.82, 20.75);(110.64, 20.75)"
59290,2011-07-17 17:00:00,38.5,SURF,True,EXTREME_TYPE1,542,2,2,"(113.91, 23.75);(114.73, 23.75)"
59654,2011-07-18 20:00:00,55.7,SURF,True,EXTREME_TYPE1,375,3,3,"(109.82, 21.5);(110.64, 21.5);(110.64, 22.25)"
59477,2011-07-27 17:00:00,70.2,SURF,True,EXTREME_TYPE4,767,2,1,"(112.27, 22.25)"
59117,2011-08-04 19:00:00,87.5,SURF,True,EXTREME_TYPE1,485,4,4,"(115.55, 23.75);(115.55, 24.5);(116.36, 23.75);(116.36, 24.5)"
59097,2011-08-07 18:00:00,54.0,SURF,True,EXTREME_TYPE1,415,4,4,"(113.91, 23.75);(113.91, 24.5);(114.73, 23.75);(114.73, 24.5)"
59114,2011-08-08 17:00:00,13.8,SURF,True,EXTREME_TYPE1,9,12,12,"(116.0, 24.6);(116.0, 24.7);(116.1, 24.5);(116.1, 24.6);(116.1, 24.7);(116.1, 24.8);(116.2, 24.5);(116.2, 24.6);(116.2, 24.7);(116.2, 24.8);(116.3, 24.6);(116.3, 24.7)"
59480,2011-08-10 01:00:00,34.1,SURF,True,EXTREME_TYPE1,2309,3,3,"(113.09, 22.25);(113.09, 23.0);(113.91, 23.0)"
59663,2011-08-10 11:00:00,56.4,SURF,True,EXTREME_TYPE1,772,4,4,"(111.45, 21.5);(111.45, 22.25);(112.27, 21.5);(112.27, 22.25)"
59094,2011-08-11 18:00:00,40.9,SURF,True,EXTREME_TYPE1,427,3,3,"(113.91, 23.75);(113.91, 24.5);(114.73, 24.5)"
59315,2011-08-24 16:00:00,57.7,SURF,True,EXTREME_TYPE1,919,2,2,"(116.36, 23.0);(116.36, 23.75)"
59117,2011-08-24 18:00:00,25.6,SURF,True,EXTREME_TYPE1,479,4,4,"(115.55, 23.75);(115.55, 24.5);(116.36, 23.75);(116.36, 24.5)"
59314,2011-08-24 20:00:00,39.7,SURF,True,EXTREME_TYPE1,914,4,4,"(115.55, 23.0);(115.55, 23.75);(116.36, 23.0);(116.36, 23.75)"
57996,2011-09-01 06:00:00,12.9,SURF,True,NORMAL,7,0,0,
59492,2011-09-02 14:00:00,81.7,SURF,True,EXTREME_TYPE1,739,2,2,"(113.91, 23.0);(114.73, 23.0)"
59087,2011-09-02 18:00:00,5.2,SURF,True,EXTREME_TYPE1,9,10,9,"(113.4, 23.8);(113.4, 23.9);(113.5, 23.8);(113.5, 23.9);(113.5, 24.0);(113.6, 23.8);(113.6, 23.9);(113.6, 24.0);(113.7, 23.9)"
59314,2011-09-19 20:00:00,8.1,SURF,True,NORMAL,31,0,0,
59500,2011-09-29 05:00:00,32.9,SURF,True,EXTREME_TYPE1,464,2,2,"(114.73, 23.0);(115.55, 23.0)"
59317,2011-09-29 06:00:00,12.2,SURF,True,NORMAL,15,0,0,
59500,2011-09-29 14:00:00,44.7,SURF,True,NORMAL,506,0,0,
59650,2011-09-29 20:00:00,13.7,SURF,True,NORMAL,6,0,0,
59481,2011-09-29 21:00:00,5.4,SURF,True,NORMAL,66,0,0,
59656,2011-09-30 14:00:00,8.9,SURF,True,EXTREME_TYPE1,7,8,8,"(110.7, 21.3);(110.7, 21.4);(110.7, 21.5);(110.8, 21.4);(110.8, 21.5);(110.9, 21.4);(110.9, 21.5);(111.0, 21.4)"
59269,2011-10-01 14:00:00,12.0,SURF,True,EXTREME_TYPE1,9,11,11,"(111.7, 23.1);(111.7, 23.2);(111.8, 23.1);(111.8, 23.2);(111.8, 23.3);(111.9, 23.0);(111.9, 23.1);(111.9, 23.2);(111.9, 23.3);(112.0, 23.1);(112.0, 23.2)"
57988,2011-10-07 07:00:00,4.4,SURF,True,NORMAL,9,0,0,
59476,2011-10-13 01:00:00,25.5,SURF,True,EXTREME_TYPE1,2551,2,2,"(113.09, 22.25);(113.09, 23.0)"
59653,2011-10-13 08:00:00,5.4,SURF,True,NORMAL,9,0,0,
59284,2011-10-13 15:00:00,56.6,SURF,True,EXTREME_TYPE1,1073,3,3,"(113.09, 23.0);(113.09, 23.75);(113.91, 23.75)"
59271,2011-10-13 17:00:00,36.4,SURF,True,EXTREME_TYPE1,1363,3,3,"(112.27, 23.0);(112.27, 23.75);(113.09, 23.75)"
59278,2011-10-13 19:00:00,52.4,SURF,True,EXTREME_TYPE1,2575,2,2,"(112.27, 23.0);(113.09, 23.0)"
59473,2011-10-14 00:00:00,26.8,SURF,True,NORMAL,2543,0,0,
59481,2011-10-14 01:00:00,59.1,SURF,True,EXTREME_TYPE1,2277,2,2,"(113.09, 23.0);(113.91, 23.0)"
59304,2011-10-14 05:00:00,2.4,SURF,True,NORMAL,5,0,0,
59658,2011-11-08 06:00:00,2.9,SURF,True,NORMAL,5,0,0,
59294,2011-11-08 10:00:00,4.3,SURF,True,NORMAL,11,0,0,
59653,2011-11-09 05:00:00,10.1,SURF,True,NORMAL,9,0,0,
59314,2011-11-09 21:00:00,1.4,SURF,True,NORMAL,31,0,0,
57996,2011-11-18 09:00:00,2.5,SURF,True,EXTREME_TYPE1,7,10,1,"(114.1, 25.0)"
59109,2011-11-19 02:00:00,5.7,SURF,True,NORMAL,11,0,0,
57996,2012-01-04 03:00:00,1.7,SURF,True,NORMAL,8,0,0,
59090,2012-01-14 08:00:00,1.9,SURF,True,NORMAL,7,0,0,
57996,2012-01-14 19:00:00,1.5,SURF,True,NORMAL,8,0,0,
59289,2012-02-28 04:00:00,5.2,SURF,True,NORMAL,52,0,0,
59096,2012-03-06 14:00:00,7.2,SURF,True,NORMAL,3,0,0,
59087,2012-03-10 05:00:00,2.3,SURF,True,EXTREME_TYPE1,9,10,10,"(113.4, 23.8);(113.4, 23.9);(113.4, 24.0);(113.5, 23.8);(113.5, 23.9);(113.5, 24.0);(113.6, 23.8);(113.6, 23.9);(113.6, 24.0);(113.7, 23.9)"
59072,2012-04-05 05:00:00,22.5,SURF,True,NORMAL,208,0,0,
59276,2012-04-05 11:00:00,1.8,SURF,True,NORMAL,19,0,0,
59500,2012-04-06 07:00:00,1.8,SURF,True,NORMAL,13,0,0,
59271,2012-04-08 19:00:00,5.5,SURF,True,NORMAL,11,0,0,
59502,2012-04-09 04:00:00,1.2,SURF,True,NORMAL,9,0,0,
59314,2012-04-09 19:00:00,6.5,SURF,True,NORMAL,31,0,0,
59081,2012-04-12 22:00:00,30.9,SURF,True,EXTREME_TYPE1,599,3,3,"(113.09, 24.5);(113.09, 25.25);(113.91, 24.5)"
59294,2012-04-13 14:00:00,20.2,SURF,True,NORMAL,1076,0,0,
59656,2012-04-18 10:00:00,93.3,SURF,True,EXTREME_TYPE1,380,3,3,"(110.64, 20.75);(110.64, 21.5);(111.45, 21.5)"
59304,2012-04-18 16:00:00,5.5,SURF,True,NORMAL,6,0,0,
59477,2012-04-19 11:00:00,27.9,SURF,True,NORMAL,789,0,0,
59477,2012-04-19 12:00:00,32.6,SURF,True,NORMAL,786,0,0,
59673,2012-04-19 13:00:00,58.1,SURF,True,NORMAL,1274,0,0,
59673,2012-04-20 12:00:00,53.5,SURF,True,EXTREME_TYPE1,1271,4,4,"(112.27, 21.5);(112.27, 22.25);(113.09, 21.5);(113.09, 22.25)"
59656,2012-04-20 17:00:00,52.6,SURF,True,NORMAL,380,0,0,
59088,2012-04-25 14:00:00,40.5,SURF,True,NORMAL,619,0,0,
59280,2012-04-27 13:00:00,68.0,SURF,True,NORMAL,1370,0,0,
59294,2012-04-27 14:00:00,10.6,SURF,True,NORMAL,11,0,0,
59650,2012-04-27 15:00:00,78.6,SURF,True,EXTREME_TYPE1,429,2,2,"(109.82, 21.5);(110.64, 21.5)"
59663,2012-04-27 22:00:00,54.1,SURF,True,NORMAL,792,0,0,
59492,2012-04-29 05:00:00,21.3,SURF,True,NORMAL,752,0,0,
59094,2012-05-03 06:00:00,12.6,SURF,True,NORMAL,6,0,0,
59297,2012-05-03 16:00:00,50.4,SURF,True,EXTREME_TYPE1,582,4,4,"(113.91, 23.0);(113.91, 23.75);(114.73, 23.0);(114.73, 23.75)"
59290,2012-05-04 20:00:00,55.7,SURF,True,EXTREME_TYPE1,567,2,2,"(113.91, 23.75);(114.73, 23.75)"
59288,2012-05-05 08:00:00,4.9,SURF,True,NORMAL,39,0,0,
59303,2012-05-06 09:00:00,23.6,SURF,True,EXTREME_TYPE1,949,3,3,"(115.55, 23.75);(115.55, 24.5);(116.36, 23.75)"
59312,2012-05-10 16:00:00,9.1,SURF,True,NORMAL,10,0,0,
59264,2012-05-14 19:00:00,31.6,SURF,True,NORMAL,228,0,0,
59304,2012-05-16 20:00:00,34.3,SURF,True,EXTREME_TYPE1,693,2,2,"(114.73, 23.75);(115.55, 23.75)"
59310,2012-05-18 01:00:00,41.5,SURF,True,EXTREME_TYPE1,954,2,2,"(115.55, 23.75);(116.36, 23.75)"
59487,2012-05-18 08:00:00,25.9,SURF,True,NORMAL,903,0,0,
59502,2012-05-18 11:00:00,9.7,SURF,True,NORMAL,10,0,0,
59288,2012-05-18 12:00:00,30.0,SURF,True,NORMAL,1366,0,0,
59097,2012-05-18 15:00:00,32.5,SURF,True,NORMAL,364,0,0,
59485,2012-05-20 20:00:00,25.2,SURF,True,EXTREME_TYPE1,2308,4,4,"(113.09, 22.25);(113.09, 23.0);(113.91, 22.25);(113.91, 23.0)"
59278,2012-05-20 21:00:00,56.5,SURF,True,EXTREME_TYPE1,2527,2,2,"(112.27, 23.0);(113.09, 23.0)"
59654,2012-05-21 15:00:00,36.4,SURF,True,EXTREME_TYPE1,384,3,3,"(109.82, 21.5);(110.64, 21.5);(110.64, 22.25)"
59655,2012-05-24 11:00:00,5.4,SURF,True,NORMAL,5,0,0,
59659,2012-05-27 18:00:00,3.3,SURF,True,NORMAL,10,0,0,
59114,2012-05-28 03:00:00,7.4,SURF,True,NORMAL,9,0,0,
59654,2012-05-28 04:00:00,20.0,SURF,True,EXTREME_TYPE1,380,3,3,"(109.82, 21.5);(110.64, 21.5);(110.64, 22.25)"
59269,2012-05-31 00:00:00,32.5,SURF,True,EXTREME_TYPE1,660,4,4,"(111.45, 23.0);(111.45, 23.75);(112.27, 23.0);(112.27, 23.75)"
59754,2012-05-31 16:00:00,43.5,SURF,True,EXTREME_TYPE1,186,2,2,"(109.82, 20.75);(110.64, 20.75)"
59754,2012-05-31 17:00:00,17.0,SURF,True,EXTREME_TYPE1,8,3,3,"(110.1, 20.4);(110.2, 20.3);(110.2, 20.4)"
59654,2012-06-08 10:00:00,22.1,SURF,True,EXTREME_TYPE1,385,3,3,"(109.82, 21.5);(110.64, 21.5);(110.64, 22.25)"
59317,2012-06-10 09:00:00,16.0,SURF,True,EXTREME_TYPE1,15,9,9,"(116.2, 22.9);(116.2, 23.0);(116.2, 23.1);(116.3, 22.9);(116.3, 23.0);(116.3, 23.1);(116.4, 22.9);(116.4, 23.0);(116.4, 23.1)"
59487,2012-06-12 19:00:00,8.6,SURF,True,NORMAL,25,0,0,
59285,2012-06-13 18:00:00,58.9,SURF,True,EXTREME_TYPE1,1049,3,3,"(113.09, 23.75);(113.91, 23.0);(113.91, 23.75)"
59501,2012-06-16 18:00:00,25.0,SURF,True,NORMAL,478,0,0,
59502,2012-06-16 18:00:00,5.4,SURF,True,NORMAL,10,0,0,
59319,2012-06-17 08:00:00,34.5,SURF,True,NORMAL,356,0,0,
59310,2012-06-18 14:00:00,8.3,SURF,True,EXTREME_TYPE1,8,12,9,"(116.0, 23.7);(116.1, 23.7);(116.1, 23.8);(116.2, 23.6);(116.2, 23.7);(116.2, 23.8);(116.2, 23.9);(116.3, 23.7);(116.3, 23.8)"
59099,2012-06-21 12:00:00,34.0,SURF,True,EXTREME_TYPE1,532,2,2,"(114.73, 24.5);(115.55, 24.5)"
59289,2012-06-21 16:00:00,10.3,SURF,True,NORMAL,53,0,0,
59075,2012-06-22 19:00:00,58.2,SURF,True,EXTREME_TYPE1,650,3,3,"(112.27, 23.75);(112.27, 24.5);(113.09, 24.5)"
59294,2012-06-23 06:00:00,19.8,SURF,True,NORMAL,11,0,0,
59478,2012-06-24 07:00:00,21.4,SURF,True,NORMAL,1261,0,0,
59287,2012-06-30 13:00:00,1.1,SURF,True,NORMAL,29,0,0,
59109,2012-07-17 15:00:00,21.4,SURF,True,EXTREME_TYPE1,549,2,2,"(115.55, 23.75);(115.55, 24.5)"
59653,2012-07-22 15:00:00,53.8,SURF,True,EXTREME_TYPE1,672,4,4,"(110.64, 21.5);(110.64, 22.25);(111.45, 21.5);(111.45, 22.25)"
59462,2012-07-24 10:00:00,34.0,SURF,True,NORMAL,1130,0,0,
59656,2012-07-24 19:00:00,6.4,SURF,True,NORMAL,7,0,0,
59673,2012-07-25 19:00:00,79.3,SURF,True,EXTREME_TYPE1,1273,4,3,"(112.27, 21.5);(113.09, 21.5);(113.09, 22.25)"
59485,2012-07-27 06:00:00,27.5,SURF,True,EXTREME_TYPE1,2302,4,4,"(113.09, 22.25);(113.09, 23.0);(113.91, 22.25);(113.91, 23.0)"
59280,2012-07-28 19:00:00,6.2,SURF,True,EXTREME_TYPE1,6,9,9,"(112.9, 23.7);(113.0, 23.6);(113.0, 23.7);(113.0, 23.8);(113.1, 23.6);(113.1, 23.7);(113.2, 23.6);(113.2, 23.7);(113.2, 23.8)"
59500,2012-08-07 14:00:00,21.7,SURF,True,EXTREME_TYPE1,520,2,2,"(114.73, 23.0);(115.55, 23.0)"
59663,2012-08-08 22:00:00,32.2,SURF,True,EXTREME_TYPE1,791,4,4,"(111.45, 21.5);(111.45, 22.25);(112.27, 21.5);(112.27, 22.25)"
59481,2012-08-10 19:00:00,32.6,SURF,True,EXTREME_TYPE1,2289,2,2,"(113.09, 23.0);(113.91, 23.0)"
59284,2012-08-11 14:00:00,30.4,SURF,True,EXTREME_TYPE1,968,3,3,"(113.09, 23.0);(113.09, 23.75);(113.91, 23.75)"
59485,2012-08-12 05:00:00,12.5,SURF,True,NORMAL,41,0,0,
59297,2012-08-12 19:00:00,59.0,SURF,True,EXTREME_TYPE1,605,4,4,"(113.91, 23.0);(113.91, 23.75);(114.73, 23.0);(114.73, 23.75)"
59280,2012-08-13 04:00:00,36.6,SURF,True,EXTREME_TYPE1,1350,2,2,"(113.09, 23.0);(113.09, 23.75)"
59477,2012-08-13 17:00:00,58.5,SURF,True,EXTREME_TYPE1,797,2,2,"(111.45, 22.25);(112.27, 22.25)"
59476,2012-08-14 17:00:00,1.8,SURF,True,FALSE,38,12,0,
59658,2012-08-16 16:00:00,81.3,SURF,True,NORMAL,446,0,0,
59673,2012-08-17 09:00:00,6.0,SURF,True,NORMAL,0,0,0,
59664,2012-08-17 12:00:00,12.5,SURF,True,NORMAL,10,0,0,
59306,2012-08-18 13:00:00,30.6,SURF,True,EXTREME_TYPE1,958,4,4,"(115.55, 23.0);(115.55, 23.75);(116.36, 23.0);(116.36, 23.75)"
59096,2012-08-20 16:00:00,43.1,SURF,True,EXTREME_TYPE1,444,3,2,"(114.73, 23.75);(114.73, 24.5)"
59106,2012-08-20 19:00:00,72.5,SURF,True,EXTREME_TYPE1,474,2,2,"(115.55, 24.5);(116.36, 24.5)"
59287,2012-08-22 15:00:00,33.5,SURF,True,EXTREME_TYPE1,1048,4,4,"(113.09, 23.0);(113.09, 23.75);(113.91, 23.0);(113.91, 23.75)"
59654,2012-08-22 16:00:00,30.5,SURF,True,EXTREME_TYPE1,404,3,3,"(109.82, 21.5);(110.64, 21.5);(110.64, 22.25)"
59664,2012-08-23 15:00:00,50.7,SURF,True,EXTREME_TYPE1,380,2,2,"(110.64, 21.5);(111.45, 21.5)"
59754,2012-08-31 13:00:00,80.2,SURF,True,EXTREME_TYPE4,195,2,1,"(109.82, 20.75)"
59294,2012-09-01 17:00:00,12.7,SURF,True,EXTREME_TYPE1,11,13,13,"(113.7, 23.2);(113.7, 23.3);(113.7, 23.4);(113.8, 23.2);(113.8, 23.3);(113.8, 23.4);(113.8, 23.5);(113.9, 23.2);(113.9, 23.3);(113.9, 23.4);(113.9, 23.5);(114.0, 23.3);(114.0, 23.4)"
59473,2012-09-03 23:00:00,53.2,SURF,True,EXTREME_TYPE1,2509,3,3,"(112.27, 23.0);(113.09, 22.25);(113.09, 23.0)"
59481,2012-09-04 17:00:00,55.2,SURF,True,EXTREME_TYPE1,2272,2,2,"(113.09, 23.0);(113.91, 23.0)"
59475,2012-09-05 14:00:00,16.9,SURF,True,EXTREME_TYPE1,17,12,12,"(112.5, 22.3);(112.5, 22.4);(112.5, 22.5);(112.6, 22.3);(112.6, 22.4);(112.6, 22.5);(112.7, 22.3);(112.7, 22.4);(112.7, 22.5);(112.8, 22.3);(112.8, 22.4);(112.8, 22.5)"
59650,2012-09-07 05:00:00,8.4,SURF,True,NORMAL,6,0,0,
59658,2012-09-10 07:00:00,5.8,SURF,True,FALSE,8,9,0,
59090,2012-09-13 08:00:00,39.6,SURF,True,EXTREME_TYPE1,87,3,3,"(113.91, 24.5);(113.91, 25.25);(114.73, 25.25)"
59114,2012-09-24 04:00:00,2.4,SURF,True,EXTREME_TYPE1,9,12,12,"(116.0, 24.6);(116.0, 24.7);(116.1, 24.5);(116.1, 24.6);(116.1, 24.7);(116.1, 24.8);(116.2, 24.5);(116.2, 24.6);(116.2, 24.7);(116.2, 24.8);(116.3, 24.6);(116.3, 24.7)"
59289,2012-09-24 18:00:00,40.4,SURF,True,EXTREME_TYPE1,2251,2,2,"(113.09, 23.0);(113.91, 23.0)"
59673,2012-09-25 13:00:00,6.3,SURF,True,FALSE,0,0,0,
59655,2012-10-30 00:00:00,56.4,SURF,True,EXTREME_TYPE1,420,2,2,"(110.64, 21.5);(110.64, 22.25)"
59655,2012-10-30 01:00:00,67.6,SURF,True,EXTREME_TYPE1,421,2,2,"(110.64, 21.5);(110.64, 22.25)"
59664,2012-10-30 04:00:00,52.2,SURF,True,NORMAL,375,0,0,
59663,2012-10-30 08:00:00,35.2,SURF,True,NORMAL,803,0,0,
59478,2012-10-30 17:00:00,1.8,SURF,True,NORMAL,13,0,0,
59663,2012-10-30 20:00:00,1.2,SURF,True,NORMAL,8,0,0,
59287,2012-11-21 02:00:00,2.5,SURF,True,NORMAL,29,0,0,
59094,2012-11-23 01:00:00,5.0,SURF,True,NORMAL,6,0,0,
57988,2012-11-26 02:00:00,3.4,SURF,True,NORMAL,10,0,0,
59088,2012-11-26 08:00:00,5.9,SURF,True,NORMAL,9,0,0,
59280,2012-11-28 13:00:00,5.0,SURF,True,NORMAL,6,0,0,
59304,2012-11-30 02:00:00,1.0,SURF,True,NORMAL,6,0,0,
59107,2012-11-30 09:00:00,28.0,SURF,True,EXTREME_TYPE1,544,4,4,"(114.73, 23.75);(114.73, 24.5);(115.55, 23.75);(115.55, 24.5)"
59285,2012-11-30 14:00:00,10.4,SURF,True,NORMAL,18,0,0,
59313,2012-12-04 21:00:00,3.0,SURF,True,NORMAL,8,0,0,
59279,2013-03-24 10:00:00,6.8,SURF,True,NORMAL,40,0,0,
59090,2013-03-26 12:00:00,7.8,SURF,True,NORMAL,13,0,0,
59271,2013-03-26 14:00:00,22.0,SURF,True,NORMAL,1415,0,0,
59493,2013-03-26 17:00:00,33.2,SURF,True,EXTREME_TYPE1,2419,2,2,"(113.91, 22.25);(113.91, 23.0)"
59289,2013-03-26 20:00:00,1.3,SURF,True,NORMAL,53,0,0,
59290,2013-03-28 05:00:00,15.7,SURF,True,NORMAL,7,0,0,
59288,2013-03-28 06:00:00,31.9,SURF,True,EXTREME_TYPE1,1413,3,3,"(112.27, 23.0);(113.09, 23.0);(113.09, 23.75)"
59304,2013-03-28 10:00:00,25.4,SURF,True,EXTREME_TYPE1,733,2,2,"(114.73, 23.75);(115.55, 23.75)"
59462,2013-03-30 08:00:00,18.5,SURF,True,NORMAL,12,0,0,
59471,2013-03-30 15:00:00,8.0,SURF,True,NORMAL,10,0,0,
59650,2013-03-30 15:00:00,66.4,SURF,True,NORMAL,626,0,0,
59293,2013-03-30 17:00:00,11.7,SURF,True,NORMAL,8,0,0,
59290,2013-04-02 09:00:00,1.6,SURF,True,NORMAL,6,0,0,
59107,2013-04-05 10:00:00,24.5,SURF,True,NORMAL,560,0,0,
59109,2013-04-05 16:00:00,8.3,SURF,True,NORMAL,11,0,0,
59278,2013-04-09 06:00:00,12.5,SURF,True,NORMAL,16,0,0,
59470,2013-04-10 03:00:00,1.0,SURF,True,NORMAL,12,0,0,
59116,2013-04-19 11:00:00,5.2,SURF,True,NORMAL,7,0,0,
59481,2013-04-20 20:00:00,53.0,SURF,True,NORMAL,2392,0,0,
59500,2013-04-25 21:00:00,33.7,SURF,True,NORMAL,487,0,0,
59653,2013-04-25 21:00:00,22.7,SURF,True,NORMAL,745,0,0,
59279,2013-04-30 13:00:00,26.7,SURF,True,NORMAL,1401,0,0,
59293,2013-05-04 13:00:00,1.3,SURF,True,NORMAL,8,0,0,
59655,2013-05-07 15:00:00,118.2,SURF,True,EXTREME_TYPE1,506,2,2,"(110.64, 21.5);(110.64, 22.25)"
59475,2013-05-08 10:00:00,10.9,SURF,True,NORMAL,18,0,0,
59475,2013-05-08 12:00:00,82.7,SURF,True,EXTREME_TYPE1,1310,3,3,"(112.27, 22.25);(112.27, 23.0);(113.09, 22.25)"
57989,2013-05-08 14:00:00,15.7,SURF,True,NORMAL,7,0,0,
59476,2013-05-08 14:00:00,54.2,SURF,True,NORMAL,2529,0,0,
59485,2013-05-08 15:00:00,55.0,SURF,True,NORMAL,2217,0,0,
59485,2013-05-08 17:00:00,31.1,SURF,True,NORMAL,2249,0,0,
59289,2013-05-08 18:00:00,55.1,SURF,True,EXTREME_TYPE1,2266,2,2,"(113.09, 23.0);(113.91, 23.0)"
59487,2013-05-08 19:00:00,36.1,SURF,True,NORMAL,911,0,0,
59500,2013-05-09 07:00:00,63.4,SURF,True,EXTREME_TYPE1,569,2,2,"(114.73, 23.0);(115.55, 23.0)"
59663,2013-05-10 08:00:00,57.5,SURF,True,EXTREME_TYPE1,824,4,4,"(111.45, 21.5);(111.45, 22.25);(112.27, 21.5);(112.27, 22.25)"
59290,2013-05-11 02:00:00,7.7,SURF,True,EXTREME_TYPE1,7,7,7,"(114.1, 23.7);(114.1, 23.8);(114.2, 23.7);(114.3, 23.7);(114.3, 23.9);(114.4, 23.7);(114.4, 23.8)"
59290,2013-05-15 11:00:00,16.7,SURF,True,NORMAL,7,0,0,
59087,2013-05-15 21:00:00,53.5,SURF,True,EXTREME_TYPE1,677,3,3,"(113.09, 23.75);(113.91, 23.75);(113.91, 24.5)"
59087,2013-05-15 22:00:00,60.6,SURF,True,EXTREME_TYPE1,677,3,3,"(113.09, 23.75);(113.91, 23.75);(113.91, 24.5)"
57989,2013-05-16 03:00:00,21.7,SURF,True,NORMAL,475,0,0,
59099,2013-05-16 08:00:00,52.6,SURF,True,NORMAL,535,0,0,
59096,2013-05-16 09:00:00,5.6,SURF,True,NORMAL,3,0,0,
59099,2013-05-16 11:00:00,5.9,SURF,True,NORMAL,8,0,0,
59313,2013-05-16 12:00:00,54.3,SURF,True,EXTREME_TYPE1,490,3,3,"(116.36, 23.75);(117.18, 23.0);(117.18, 23.75)"
59314,2013-05-16 16:00:00,62.8,SURF,True,NORMAL,1187,0,0,
59313,2013-05-16 17:00:00,64.5,SURF,True,NORMAL,486,0,0,
59287,2013-05-17 04:00:00,9.2,SURF,True,EXTREME_TYPE1,21,10,10,"(113.3, 23.2);(113.4, 23.1);(113.4, 23.2);(113.4, 23.3);(113.5, 23.1);(113.5, 23.2);(113.5, 23.3);(113.6, 23.1);(113.6, 23.2);(113.6, 23.3)"
59298,2013-05-17 08:00:00,5.9,SURF,True,NORMAL,14,0,0,
59471,2013-05-19 22:00:00,1.7,SURF,True,NORMAL,11,0,0,
59279,2013-05-20 16:00:00,8.5,SURF,True,NORMAL,41,0,0,
59288,2013-05-20 17:00:00,81.1,SURF,True,NORMAL,1353,0,0,
59487,2013-05-21 11:00:00,15.9,SURF,True,NORMAL,23,0,0,
59502,2013-05-21 14:00:00,24.2,SURF,True,NORMAL,748,0,0,
59485,2013-05-21 21:00:00,40.1,SURF,True,EXTREME_TYPE1,2272,4,4,"(113.09, 22.25);(113.09, 23.0);(113.91, 22.25);(113.91, 23.0)"
59290,2013-05-21 22:00:00,52.2,SURF,True,EXTREME_TYPE1,582,2,2,"(113.91, 23.75);(114.73, 23.75)"
59488,2013-05-22 03:00:00,68.5,SURF,True,EXTREME_TYPE1,914,2,2,"(113.09, 22.25);(113.91, 22.25)"
59488,2013-05-22 12:00:00,5.1,SURF,True,EXTREME_TYPE1,4,12,11,"(113.4, 22.2);(113.4, 22.3);(113.5, 22.2);(113.5, 22.3);(113.5, 22.4);(113.6, 22.1);(113.6, 22.2);(113.6, 22.3);(113.6, 22.4);(113.7, 22.2);(113.7, 22.3)"
59072,2013-05-25 14:00:00,2.0,SURF,True,NORMAL,9,0,0,
59492,2013-05-26 09:00:00,17.8,SURF,True,EXTREME_TYPE1,7,9,7,"(114.6, 22.9);(114.6, 23.0);(114.6, 23.1);(114.7, 22.9);(114.7, 23.0);(114.7, 23.1);(114.8, 22.9)"
59314,2013-05-26 15:00:00,32.8,SURF,True,EXTREME_TYPE1,1036,4,4,"(115.55, 23.0);(115.55, 23.75);(116.36, 23.0);(116.36, 23.75)"
59097,2013-05-27 06:00:00,59.2,SURF,True,EXTREME_TYPE1,478,4,4,"(113.91, 23.75);(113.91, 24.5);(114.73, 23.75);(114.73, 24.5)"
59317,2013-05-27 15:00:00,64.9,SURF,True,EXTREME_TYPE1,710,2,2,"(115.55, 23.0);(116.36, 23.0)"
59469,2013-06-05 08:00:00,6.6,SURF,True,NORMAL,10,0,0,
59658,2013-06-05 14:00:00,58.3,SURF,True,EXTREME_TYPE1,613,4,4,"(109.82, 20.75);(109.82, 21.5);(110.64, 20.75);(110.64, 21.5)"
59270,2013-06-10 02:00:00,24.0,SURF,True,NORMAL,463,0,0,
59082,2013-06-10 04:00:00,23.4,SURF,True,NORMAL,406,0,0,
59269,2013-06-10 13:00:00,12.8,SURF,True,NORMAL,9,0,0,
59487,2013-06-11 02:00:00,9.2,SURF,True,NORMAL,25,0,0,
59312,2013-06-11 10:00:00,10.9,SURF,True,NORMAL,14,0,0,
59502,2013-06-15 15:00:00,53.6,SURF,True,EXTREME_TYPE1,575,2,1,"(115.55, 23.0)"
59750,2013-06-17 01:00:00,3.3,SURF,True,FALSE,7,2,0,
G2308,2013-06-23 02:00:00,94.2,AWST,False,EXTREME_TYPE4,717,4,1,"(112.27, 22.25)"
G2308,2013-06-23 03:00:00,55.9,AWST,False,EXTREME_TYPE3,717,4,2,"(112.27, 21.5);(112.27, 22.25)"
G2308,2013-06-23 04:00:00,188.0,AWST,False,FALSE,717,4,0,
59487,2013-06-24 12:00:00,56.3,SURF,True,NORMAL,806,0,0,
59456,2013-06-24 14:00:00,39.7,SURF,True,EXTREME_TYPE1,715,2,2,"(110.64, 22.25);(111.45, 22.25)"
59284,2013-06-25 04:00:00,43.6,SURF,True,EXTREME_TYPE1,1113,3,3,"(113.09, 23.0);(113.09, 23.75);(113.91, 23.75)"
59673,2013-07-02 05:00:00,8.9,SURF,True,FALSE,0,0,0,
59754,2013-07-02 06:00:00,54.5,SURF,True,NORMAL,249,0,0,
59659,2013-07-15 08:00:00,52.8,SURF,True,EXTREME_TYPE1,769,4,4,"(110.64, 21.5);(110.64, 22.25);(111.45, 21.5);(111.45, 22.25)"
59659,2013-07-15 09:00:00,102.5,SURF,True,EXTREME_TYPE1,768,4,4,"(110.64, 21.5);(110.64, 22.25);(111.45, 21.5);(111.45, 22.25)"
59269,2013-07-16 16:00:00,32.0,SURF,True,NORMAL,674,0,0,
59480,2013-07-17 14:00:00,33.4,SURF,True,EXTREME_TYPE1,2337,3,3,"(113.09, 22.25);(113.09, 23.0);(113.91, 23.0)"
59658,2013-07-25 04:00:00,16.4,SURF,True,FALSE,13,9,0,
59754,2013-07-25 10:00:00,8.1,SURF,True,EXTREME_TYPE1,8,3,3,"(110.1, 20.4);(110.2, 20.3);(110.2, 20.4)"
59655,2013-07-25 18:00:00,22.7,SURF,True,NORMAL,493,0,0,
59655,2013-07-26 05:00:00,9.8,SURF,True,NORMAL,9,0,0,
59313,2013-07-26 19:00:00,23.1,SURF,True,NORMAL,440,0,0,
59290,2013-08-01 16:00:00,9.6,SURF,True,EXTREME_TYPE1,7,7,6,"(114.1, 23.7);(114.1, 23.8);(114.2, 23.7);(114.3, 23.7);(114.3, 23.9);(114.4, 23.8)"
59312,2013-08-02 05:00:00,8.4,SURF,True,NORMAL,14,0,0,
59114,2013-08-02 08:00:00,1.0,SURF,True,NORMAL,9,0,0,
59279,2013-08-10 23:00:00,68.4,SURF,True,EXTREME_TYPE1,1405,3,3,"(112.27, 23.0);(113.09, 23.0);(113.09, 23.75)"
59664,2013-08-13 15:00:00,19.2,SURF,True,NORMAL,8,0,0,
59317,2013-08-14 21:00:00,53.4,SURF,True,NORMAL,704,0,0,
59659,2013-08-15 00:00:00,43.5,SURF,True,NORMAL,571,0,0,
59750,2013-08-15 00:00:00,59.0,SURF,True,NORMAL,278,0,0,
59310,2013-08-15 02:00:00,10.3,SURF,True,NORMAL,8,0,0,
59754,2013-08-15 07:00:00,1.1,SURF,True,NORMAL,9,0,0,
59650,2013-08-15 13:00:00,1.8,SURF,True,NORMAL,8,0,0,
59285,2013-08-15 14:00:00,10.4,SURF,True,NORMAL,20,0,0,
59087,2013-08-15 15:00:00,41.5,SURF,True,EXTREME_TYPE1,617,3,3,"(113.09, 23.75);(113.91, 23.75);(113.91, 24.5)"
59750,2013-08-15 18:00:00,73.4,SURF,True,EXTREME_TYPE1,279,3,3,"(109.82, 20.75);(109.82, 21.5);(110.64, 20.75)"
59485,2013-08-15 23:00:00,20.3,SURF,True,NORMAL,2227,0,0,
59477,2013-08-16 02:00:00,71.9,SURF,True,EXTREME_TYPE1,691,2,1,"(112.27, 22.25)"
59109,2013-08-16 21:00:00,12.4,SURF,True,NORMAL,10,0,0,
59658,2013-08-17 04:00:00,10.9,SURF,True,NORMAL,12,0,0,
59314,2013-08-17 07:00:00,52.0,SURF,True,NORMAL,1115,0,0,
59090,2013-08-17 08:00:00,6.6,SURF,True,NORMAL,9,0,0,
59318,2013-08-17 19:00:00,62.2,SURF,True,NORMAL,489,0,0,
59317,2013-08-17 21:00:00,54.6,SURF,True,NORMAL,700,0,0,
59071,2013-08-17 22:00:00,1.8,SURF,True,NORMAL,9,0,0,
59317,2013-08-18 00:00:00,90.8,SURF,True,EXTREME_TYPE1,698,2,2,"(115.55, 23.0);(116.36, 23.0)"
59318,2013-08-18 00:00:00,74.0,SURF,True,EXTREME_TYPE1,489,4,4,"(116.36, 23.0);(116.36, 23.75);(117.18, 23.0);(117.18, 23.75)"
59318,2013-08-18 01:00:00,50.4,SURF,True,NORMAL,489,0,0,
59500,2013-08-18 02:00:00,51.8,SURF,True,EXTREME_TYPE1,333,2,1,"(115.55, 23.0)"
59477,2013-08-18 03:00:00,57.1,SURF,True,EXTREME_TYPE1,712,2,2,"(111.45, 22.25);(112.27, 22.25)"
59072,2013-08-18 05:00:00,15.8,SURF,True,NORMAL,9,0,0,
59303,2013-08-20 19:00:00,52.1,SURF,True,EXTREME_TYPE1,1116,3,3,"(115.55, 23.75);(115.55, 24.5);(116.36, 23.75)"
59656,2013-08-22 17:00:00,19.2,SURF,True,EXTREME_TYPE1,7,8,7,"(110.7, 21.3);(110.7, 21.4);(110.7, 21.5);(110.8, 21.4);(110.8, 21.5);(110.9, 21.4);(110.9, 21.5)"
59310,2013-08-23 05:00:00,43.5,SURF,True,EXTREME_TYPE1,1125,2,2,"(115.55, 23.75);(116.36, 23.75)"
59654,2013-08-30 20:00:00,48.3,SURF,True,EXTREME_TYPE1,305,3,3,"(109.82, 21.5);(110.64, 21.5);(110.64, 22.25)"
59488,2013-08-31 14:00:00,16.3,SURF,True,EXTREME_TYPE1,4,12,10,"(113.4, 22.2);(113.4, 22.3);(113.5, 22.2);(113.5, 22.3);(113.5, 22.4);(113.6, 22.2);(113.6, 22.3);(113.6, 22.4);(113.7, 22.3);(113.7, 22.4)"
59488,2013-08-31 15:00:00,72.6,SURF,True,EXTREME_TYPE1,881,2,2,"(113.09, 22.25);(113.91, 22.25)"
59471,2013-08-31 17:00:00,50.5,SURF,True,EXTREME_TYPE1,1131,3,3,"(111.45, 23.0);(112.27, 22.25);(112.27, 23.0)"
59493,2013-08-31 17:00:00,15.1,SURF,True,NORMAL,29,0,0,
59264,2013-09-02 21:00:00,7.4,SURF,True,FALSE,2,7,0,
59294,2013-09-03 15:00:00,1.0,SURF,True,NORMAL,13,0,0,
59462,2013-09-03 17:00:00,1.0,SURF,True,NORMAL,15,0,0,
59659,2013-09-05 21:00:00,56.2,SURF,True,EXTREME_TYPE1,769,4,4,"(110.64, 21.5);(110.64, 22.25);(111.45, 21.5);(111.45, 22.25)"
59116,2013-09-07 21:00:00,62.4,SURF,True,EXTREME_TYPE2,153,3,2,"(116.36, 23.75);(116.36, 24.5)"
59096,2013-09-13 20:00:00,53.8,SURF,True,EXTREME_TYPE1,376,3,3,"(113.91, 24.5);(114.73, 23.75);(114.73, 24.5)"
59106,2013-09-13 20:00:00,55.8,SURF,True,EXTREME_TYPE1,514,2,2,"(115.55, 24.5);(116.36, 24.5)"
59287,2013-09-23 02:00:00,20.4,SURF,True,NORMAL,1033,0,0,
59304,2013-09-23 05:00:00,2.0,SURF,True,NORMAL,5,0,0,
59475,2013-09-23 06:00:00,11.7,SURF,True,NORMAL,17,0,0,
59754,2013-09-30 09:00:00,1.4,SURF,True,NORMAL,9,0,0,
59750,2013-11-10 21:00:00,26.1,SURF,True,NORMAL,264,0,0,
59650,2013-11-12 05:00:00,65.9,SURF,True,NORMAL,628,0,0,
59653,2013-11-12 05:00:00,51.9,SURF,True,EXTREME_TYPE1,769,4,4,"(110.64, 21.5);(110.64, 22.25);(111.45, 21.5);(111.45, 22.25)"
59655,2013-11-12 05:00:00,51.1,SURF,True,NORMAL,528,0,0,
59653,2013-11-12 06:00:00,66.8,SURF,True,NORMAL,769,0,0,
59659,2013-11-12 07:00:00,74.9,SURF,True,NORMAL,767,0,0,
59276,2013-11-12 13:00:00,5.5,SURF,True,NORMAL,21,0,0,
59278,2013-11-14 11:00:00,1.6,SURF,True,NORMAL,15,0,0,
59075,2013-12-15 23:00:00,8.6,SURF,True,NORMAL,0,0,0,
57988,2013-12-16 09:00:00,7.1,SURF,True,NORMAL,10,0,0,
59659,2013-12-16 11:00:00,9.8,SURF,True,NORMAL,12,0,0,
59284,2013-12-17 12:00:00,1.0,SURF,True,NORMAL,19,0,0,
59072,2014-02-09 04:00:00,5.1,SURF,True,NORMAL,1,0,0,
59290,2014-02-13 09:00:00,1.9,SURF,True,NORMAL,7,0,0,
59072,2014-02-22 15:00:00,1.6,SURF,True,FALSE,1,9,0,
59289,2014-03-09 09:00:00,1.0,SURF,True,NORMAL,52,0,0,
59310,2014-03-10 07:00:00,2.2,SURF,True,NORMAL,9,0,0,
59293,2014-03-10 09:00:00,4.1,SURF,True,NORMAL,8,0,0,
59310,2014-03-11 11:00:00,8.4,SURF,True,NORMAL,9,0,0,
59480,2014-03-30 07:00:00,51.0,SURF,True,NORMAL,2092,0,0,
59297,2014-03-30 14:00:00,26.3,SURF,True,NORMAL,648,0,0,
59114,2014-03-30 17:00:00,16.1,SURF,True,NORMAL,9,0,0,
59088,2014-03-31 06:00:00,26.8,SURF,True,NORMAL,559,0,0,
59287,2014-03-31 08:00:00,27.6,SURF,True,NORMAL,962,0,0,
59477,2014-03-31 09:00:00,52.0,SURF,True,NORMAL,827,0,0,
59306,2014-04-02 08:00:00,7.0,SURF,True,NORMAL,21,0,0,
59476,2014-04-02 08:00:00,6.1,SURF,True,NORMAL,37,0,0,
59271,2014-04-03 01:00:00,14.7,SURF,True,NORMAL,14,0,0,
59285,2014-04-03 03:00:00,9.0,SURF,True,NORMAL,19,0,0,
59289,2014-04-03 03:00:00,29.4,SURF,True,NORMAL,2186,0,0,
59314,2014-04-03 04:00:00,5.3,SURF,True,NORMAL,33,0,0,
59655,2014-04-06 10:00:00,54.1,SURF,True,EXTREME_TYPE1,505,2,2,"(110.64, 21.5);(110.64, 22.25)"
59655,2014-04-06 11:00:00,20.7,SURF,True,NORMAL,505,0,0,
59659,2014-04-06 11:00:00,44.1,SURF,True,NORMAL,758,0,0,
59072,2014-04-22 00:00:00,5.8,SURF,True,NORMAL,3,0,0,
59656,2014-04-30 20:00:00,27.0,SURF,True,NORMAL,385,0,0,
59664,2014-04-30 20:00:00,61.5,SURF,True,EXTREME_TYPE1,385,2,2,"(110.64, 21.5);(111.45, 21.5)"
59280,2014-05-04 21:00:00,4.5,SURF,True,NORMAL,2,0,0,
59462,2014-05-05 20:00:00,1.0,SURF,True,NORMAL,16,0,0,
59475,2014-05-08 19:00:00,54.8,SURF,True,NORMAL,1249,0,0,
59473,2014-05-08 20:00:00,11.5,SURF,True,NORMAL,46,0,0,
59485,2014-05-08 21:00:00,72.3,SURF,True,NORMAL,2149,0,0,
59488,2014-05-09 08:00:00,3.8,SURF,True,NORMAL,4,0,0,
59493,2014-05-09 11:00:00,5.1,SURF,True,NORMAL,29,0,0,
59673,2014-05-09 15:00:00,3.1,SURF,True,NORMAL,0,0,0,
59493,2014-05-11 10:00:00,34.3,SURF,True,NORMAL,2126,0,0,
59488,2014-05-11 19:00:00,55.5,SURF,True,EXTREME_TYPE1,834,2,2,"(113.09, 22.25);(113.91, 22.25)"
59318,2014-05-12 00:00:00,25.2,SURF,True,NORMAL,498,0,0,
59654,2014-05-15 15:00:00,57.5,SURF,True,EXTREME_TYPE4,492,3,2,"(110.64, 21.5);(110.64, 22.25)"
59500,2014-05-16 06:00:00,51.7,SURF,True,EXTREME_TYPE1,655,2,2,"(114.73, 23.0);(115.55, 23.0)"
59096,2014-05-16 16:00:00,13.1,SURF,True,NORMAL,3,0,0,
59082,2014-05-17 11:00:00,20.8,SURF,True,NORMAL,425,0,0,
59087,2014-05-17 14:00:00,66.0,SURF,True,NORMAL,637,0,0,
59072,2014-05-18 06:00:00,60.4,SURF,True,EXTREME_TYPE1,145,2,1,"(112.27, 25.25)"
59500,2014-05-18 14:00:00,72.1,SURF,True,EXTREME_TYPE1,609,2,2,"(114.73, 23.0);(115.55, 23.0)"
59500,2014-05-18 15:00:00,82.5,SURF,True,EXTREME_TYPE1,608,2,2,"(114.73, 23.0);(115.55, 23.0)"
59500,2014-05-18 16:00:00,76.9,SURF,True,EXTREME_TYPE1,606,2,2,"(114.73, 23.0);(115.55, 23.0)"
59088,2014-05-18 18:00:00,31.9,SURF,True,NORMAL,544,0,0,
59500,2014-05-19 15:00:00,8.6,SURF,True,FALSE,2,10,0,
59290,2014-05-19 18:00:00,28.5,SURF,True,EXTREME_TYPE1,604,2,2,"(113.91, 23.75);(114.73, 23.75)"
59313,2014-05-22 13:00:00,17.0,SURF,True,NORMAL,9,0,0,
59072,2014-05-23 01:00:00,6.4,SURF,True,NORMAL,3,0,0,
59285,2014-05-23 06:00:00,5.2,SURF,True,NORMAL,21,0,0,
59088,2014-05-23 10:00:00,25.8,SURF,True,NORMAL,623,0,0,
59285,2014-05-23 11:00:00,66.3,SURF,True,NORMAL,1040,0,0,
59284,2014-05-25 20:00:00,57.9,SURF,True,EXTREME_TYPE1,1046,3,2,"(113.09, 23.0);(113.91, 23.75)"
59071,2014-05-28 18:00:00,50.1,SURF,True,EXTREME_TYPE1,147,2,2,"(112.27, 24.5);(112.27, 25.25)"
59087,2014-06-03 06:00:00,24.1,SURF,True,NORMAL,791,0,0,
59081,2014-06-03 13:00:00,21.3,SURF,True,EXTREME_TYPE1,786,3,3,"(113.09, 24.5);(113.09, 25.25);(113.91, 24.5)"
59276,2014-06-05 18:00:00,1.9,SURF,True,NORMAL,22,0,0,
59287,2014-06-05 18:00:00,53.6,SURF,True,EXTREME_TYPE1,968,4,4,"(113.09, 23.0);(113.09, 23.75);(113.91, 23.0);(113.91, 23.75)"
59456,2014-06-07 02:00:00,17.7,SURF,True,NORMAL,15,0,0,
59317,2014-06-16 02:00:00,74.8,SURF,True,EXTREME_TYPE1,785,2,2,"(115.55, 23.0);(116.36, 23.0)"
59087,2014-06-17 11:00:00,9.2,SURF,True,NORMAL,10,0,0,
59500,2014-06-18 06:00:00,63.9,SURF,True,EXTREME_TYPE3,674,2,2,"(114.73, 23.0);(115.55, 23.0)"
59082,2014-06-20 03:00:00,10.9,SURF,True,NORMAL,11,0,0,
59306,2014-06-21 04:00:00,15.3,SURF,True,NORMAL,21,0,0,
59478,2014-06-21 19:00:00,58.2,SURF,True,EXTREME_TYPE1,1132,2,2,"(112.27, 22.25);(113.09, 22.25)"
59502,2014-06-21 22:00:00,25.0,SURF,True,EXTREME_TYPE1,673,2,2,"(115.55, 23.0);(116.36, 23.0)"
59096,2014-06-22 04:00:00,6.5,SURF,True,EXTREME_TYPE1,3,5,5,"(114.3, 24.4);(114.4, 24.3);(114.4, 24.4);(114.5, 24.3);(114.6, 24.4)"
59501,2014-06-22 09:00:00,5.5,SURF,True,NORMAL,15,0,0,
59473,2014-06-23 19:00:00,7.7,SURF,True,NORMAL,46,0,0,
59658,2014-06-24 19:00:00,32.9,SURF,True,EXTREME_TYPE1,380,4,2,"(109.82, 21.5);(110.64, 21.5)"
59500,2014-06-26 03:00:00,28.1,SURF,True,EXTREME_TYPE1,670,2,2,"(114.73, 23.0);(115.55, 23.0)"
59500,2014-06-26 05:00:00,25.2,SURF,True,NORMAL,670,0,0,
59501,2014-06-26 05:00:00,5.4,SURF,True,NORMAL,15,0,0,
59650,2014-06-30 07:00:00,3.8,SURF,True,EXTREME_TYPE1,10,11,11,"(110.1, 21.3);(110.1, 21.4);(110.2, 21.3);(110.2, 21.4);(110.2, 21.5);(110.3, 21.3);(110.3, 21.4);(110.3, 21.5);(110.4, 21.3);(110.4, 21.4);(110.4, 21.5)"
59303,2014-07-01 15:00:00,5.3,SURF,True,NORMAL,11,0,0,
59315,2014-07-03 18:00:00,41.8,SURF,True,FALSE,1277,2,0,
59493,2014-07-07 06:00:00,64.3,SURF,True,EXTREME_TYPE1,2814,2,2,"(113.91, 22.25);(113.91, 23.0)"
57996,2014-07-07 20:00:00,28.2,SURF,True,EXTREME_TYPE1,187,3,3,"(113.91, 24.5);(113.91, 25.25);(114.73, 25.25)"
59097,2014-07-08 02:00:00,50.4,SURF,True,EXTREME_TYPE1,511,4,4,"(113.91, 23.75);(113.91, 24.5);(114.73, 23.75);(114.73, 24.5)"
59285,2014-07-08 19:00:00,59.8,SURF,True,EXTREME_TYPE1,1302,3,3,"(113.09, 23.75);(113.91, 23.0);(113.91, 23.75)"
59469,2014-07-15 13:00:00,5.0,SURF,True,FALSE,11,10,0,
59471,2014-07-17 18:00:00,11.4,SURF,True,NORMAL,13,0,0,
59303,2014-07-18 09:00:00,9.4,SURF,True,NORMAL,11,0,0,
59303,2014-07-18 14:00:00,2.6,SURF,True,NORMAL,11,0,0,
59658,2014-07-18 19:00:00,18.1,SURF,True,NORMAL,13,0,0,
59754,2014-07-18 23:00:00,15.1,SURF,True,NORMAL,3,0,0,
59754,2014-07-19 01:00:00,43.5,SURF,True,NORMAL,203,0,0,
59500,2014-07-19 11:00:00,17.5,SURF,True,EXTREME_TYPE1,15,10,10,"(115.2, 22.9);(115.2, 23.0);(115.2, 23.1);(115.3, 22.9);(115.3, 23.0);(115.3, 23.1);(115.4, 22.9);(115.4, 23.0);(115.4, 23.1);(115.5, 23.0)"
59750,2014-07-20 17:00:00,13.5,SURF,True,NORMAL,7,0,0,
59074,2014-07-21 17:00:00,1.5,SURF,True,NORMAL,16,0,0,
59318,2014-07-23 20:00:00,71.0,SURF,True,NORMAL,502,0,0,
59475,2014-07-25 01:00:00,43.9,SURF,True,EXTREME_TYPE1,1418,3,3,"(112.27, 22.25);(112.27, 23.0);(113.09, 22.25)"
59268,2014-08-02 19:00:00,59.9,SURF,True,EXTREME_TYPE1,304,2,2,"(111.45, 23.0);(111.45, 23.75)"
59289,2014-08-02 22:00:00,72.5,SURF,True,EXTREME_TYPE1,2755,2,2,"(113.09, 23.0);(113.91, 23.0)"
59271,2014-08-04 01:00:00,60.6,SURF,True,EXTREME_TYPE1,1666,3,3,"(112.27, 23.0);(112.27, 23.75);(113.09, 23.75)"
59276,2014-08-06 12:00:00,11.7,SURF,True,EXTREME_TYPE1,22,12,11,"(112.5, 23.4);(112.6, 23.2);(112.6, 23.3);(112.6, 23.4);(112.6, 23.5);(112.7, 23.2);(112.7, 23.3);(112.7, 23.4);(112.7, 23.5);(112.8, 23.3);(112.8, 23.4)"
59287,2014-08-07 02:00:00,56.1,SURF,True,EXTREME_TYPE1,1313,4,4,"(113.09, 23.0);(113.09, 23.75);(113.91, 23.0);(113.91, 23.75)"
59316,2014-08-12 17:00:00,90.8,SURF,True,EXTREME_TYPE1,494,4,2,"(116.36, 23.0);(116.36, 23.75)"
59107,2014-08-12 19:00:00,1.2,SURF,True,NORMAL,11,0,0,
59269,2014-08-12 19:00:00,54.3,SURF,True,EXTREME_TYPE1,817,4,4,"(111.45, 23.0);(111.45, 23.75);(112.27, 23.0);(112.27, 23.75)"
59107,2014-08-12 20:00:00,28.2,SURF,True,EXTREME_TYPE1,611,4,4,"(114.73, 23.75);(114.73, 24.5);(115.55, 23.75);(115.55, 24.5)"
59071,2014-08-12 23:00:00,35.2,SURF,True,NORMAL,285,0,0,
59284,2014-08-12 23:00:00,61.7,SURF,True,EXTREME_TYPE1,1322,3,3,"(113.09, 23.0);(113.09, 23.75);(113.91, 23.75)"
59278,2014-08-13 14:00:00,17.4,SURF,True,EXTREME_TYPE1,24,10,9,"(112.3, 23.0);(112.4, 22.9);(112.4, 23.0);(112.4, 23.1);(112.5, 22.9);(112.5, 23.0);(112.5, 23.1);(112.6, 23.0);(112.6, 23.1)"
59288,2014-08-13 14:00:00,18.8,SURF,True,NORMAL,51,0,0,
57996,2014-08-13 18:00:00,21.2,SURF,True,NORMAL,78,0,0,
59087,2014-08-14 06:00:00,50.7,SURF,True,EXTREME_TYPE1,776,3,3,"(113.09, 23.75);(113.91, 23.75);(113.91, 24.5)"
59285,2014-08-14 13:00:00,16.1,SURF,True,EXTREME_TYPE1,20,10,10,"(113.5, 23.5);(113.5, 23.6);(113.5, 23.7);(113.6, 23.5);(113.6, 23.6);(113.6, 23.7);(113.7, 23.5);(113.7, 23.6);(113.7, 23.7);(113.8, 23.6)"
59318,2014-08-19 02:00:00,25.9,SURF,True,EXTREME_TYPE1,426,4,3,"(116.36, 23.0);(116.36, 23.75);(117.18, 23.0)"
59655,2014-08-19 13:00:00,68.7,SURF,True,EXTREME_TYPE1,567,2,2,"(110.64, 21.5);(110.64, 22.25)"
59117,2014-08-19 15:00:00,20.6,SURF,True,NORMAL,620,0,0,
59106,2014-08-19 18:00:00,1.2,SURF,True,NORMAL,12,0,0,
59673,2014-08-20 04:00:00,38.5,SURF,True,NORMAL,1450,0,0,
59488,2014-08-22 04:00:00,55.4,SURF,True,EXTREME_TYPE1,1204,2,1,"(113.91, 22.25)"
59276,2014-08-22 20:00:00,7.0,SURF,True,EXTREME_TYPE1,22,12,11,"(112.5, 23.3);(112.5, 23.4);(112.6, 23.2);(112.6, 23.3);(112.6, 23.4);(112.6, 23.5);(112.7, 23.2);(112.7, 23.3);(112.7, 23.4);(112.7, 23.5);(112.8, 23.4)"
59074,2014-08-23 17:00:00,1.9,SURF,True,EXTREME_TYPE1,17,5,5,"(112.1, 24.6);(112.1, 24.7);(112.2, 24.5);(112.2, 24.6);(112.2, 24.7)"
59673,2014-08-27 15:00:00,28.2,SURF,True,EXTREME_TYPE1,1451,4,4,"(112.27, 21.5);(112.27, 22.25);(113.09, 21.5);(113.09, 22.25)"
59094,2014-08-30 17:00:00,8.4,SURF,True,EXTREME_TYPE1,9,12,12,"(114.0, 24.3);(114.0, 24.4);(114.1, 24.2);(114.1, 24.3);(114.1, 24.4);(114.1, 24.5);(114.2, 24.2);(114.2, 24.3);(114.2, 24.4);(114.2, 24.5);(114.3, 24.3);(114.3, 24.4)"
59654,2014-08-31 13:00:00,16.0,SURF,True,EXTREME_TYPE1,11,8,8,"(110.2, 21.5);(110.2, 21.7);(110.3, 21.5);(110.3, 21.6);(110.3, 21.7);(110.4, 21.5);(110.4, 21.6);(110.4, 21.7)"
59750,2014-09-03 15:00:00,39.5,SURF,True,EXTREME_TYPE1,286,3,3,"(109.82, 20.75);(109.82, 21.5);(110.64, 20.75)"
59303,2014-09-04 19:00:00,57.2,SURF,True,EXTREME_TYPE1,1270,3,3,"(115.55, 23.75);(115.55, 24.5);(116.36, 23.75)"
59117,2014-09-04 20:00:00,3.5,SURF,True,EXTREME_TYPE1,14,11,11,"(115.9, 24.2);(115.9, 24.3);(116.0, 24.2);(116.0, 24.3);(116.0, 24.4);(116.1, 24.2);(116.1, 24.3);(116.1, 24.4);(116.2, 24.2);(116.2, 24.3);(116.2, 24.4)"
59500,2014-09-08 14:00:00,12.8,SURF,True,EXTREME_TYPE1,15,10,7,"(115.3, 22.9);(115.3, 23.0);(115.3, 23.1);(115.4, 22.9);(115.4, 23.0);(115.4, 23.1);(115.5, 23.0)"
59478,2014-09-12 14:00:00,32.4,SURF,True,EXTREME_TYPE1,1450,2,2,"(112.27, 22.25);(113.09, 22.25)"
59477,2014-09-15 20:00:00,11.6,SURF,True,NORMAL,18,0,0,
59656,2014-09-15 21:00:00,12.3,SURF,True,NORMAL,8,0,0,
59276,2014-09-15 23:00:00,11.8,SURF,True,NORMAL,22,0,0,
59072,2014-09-16 16:00:00,1.8,SURF,True,NORMAL,11,0,0,
59310,2014-09-24 18:00:00,52.9,SURF,True,EXTREME_TYPE1,1276,2,2,"(115.55, 23.75);(116.36, 23.75)"
59303,2014-09-25 02:00:00,5.2,SURF,True,EXTREME_TYPE1,11,6,2,"(115.7, 23.8);(115.8, 23.9)"
59487,2014-09-30 23:00:00,51.2,SURF,True,EXTREME_TYPE1,1208,2,2,"(113.09, 22.25);(113.91, 22.25)"
59487,2014-10-01 05:00:00,19.7,SURF,True,NORMAL,25,0,0,
59478,2014-10-03 08:00:00,60.3,SURF,True,EXTREME_TYPE1,762,2,2,"(112.27, 22.25);(113.09, 22.25)"
59303,2014-11-08 07:00:00,1.5,SURF,True,NORMAL,11,0,0,
59470,2014-12-02 22:00:00,1.2,SURF,True,NORMAL,14,0,0,
59485,2014-12-04 14:00:00,1.4,SURF,True,NORMAL,41,0,0,
59318,2014-12-25 12:00:00,5.1,SURF,True,NORMAL,26,0,0,
59654,2014-12-26 06:00:00,2.1,SURF,True,NORMAL,12,0,0,
59470,2014-12-27 19:00:00,2.6,SURF,True,NORMAL,13,0,0,
59478,2014-12-28 01:00:00,1.5,SURF,True,NORMAL,13,0,0,
59288,2015-01-12 10:00:00,4.5,SURF,True,NORMAL,56,0,0,
59289,2015-01-12 14:00:00,2.0,SURF,True,NORMAL,53,0,0,
59319,2015-01-13 17:00:00,5.2,SURF,True,NORMAL,20,0,0,
59289,2015-02-22 19:00:00,25.5,SURF,True,EXTREME_TYPE1,2961,2,2,"(113.09, 23.0);(113.91, 23.0)"
59673,2015-02-22 23:00:00,35.7,SURF,True,EXTREME_TYPE1,1492,4,4,"(112.27, 21.5);(112.27, 22.25);(113.09, 21.5);(113.09, 22.25)"
59099,2015-03-16 20:00:00,1.2,SURF,True,NORMAL,9,0,0,
59478,2015-04-10 23:00:00,5.4,SURF,True,NORMAL,13,0,0,
59072,2015-04-20 02:00:00,24.4,SURF,True,NORMAL,266,0,0,
59316,2015-04-21 02:00:00,7.5,SURF,True,NORMAL,29,0,0,
57989,2015-04-28 15:00:00,40.0,SURF,True,EXTREME_TYPE1,550,3,3,"(113.09, 25.25);(113.91, 24.5);(113.91, 25.25)"
59492,2015-04-29 22:00:00,62.0,SURF,True,EXTREME_TYPE1,1096,2,2,"(113.91, 23.0);(114.73, 23.0)"
59462,2015-05-01 12:00:00,30.8,SURF,True,EXTREME_TYPE1,1604,3,3,"(111.45, 22.25);(111.45, 23.0);(112.27, 23.0)"
59097,2015-05-03 08:00:00,56.5,SURF,True,EXTREME_TYPE1,535,4,4,"(113.91, 23.75);(113.91, 24.5);(114.73, 23.75);(114.73, 24.5)"
59087,2015-05-04 21:00:00,31.3,SURF,True,NORMAL,833,0,0,
59287,2015-05-05 00:00:00,48.3,SURF,True,EXTREME_TYPE1,1375,4,4,"(113.09, 23.0);(113.09, 23.75);(113.91, 23.0);(113.91, 23.75)"
59470,2015-05-05 09:00:00,58.6,SURF,True,NORMAL,1559,0,0,
59471,2015-05-05 17:00:00,21.6,SURF,True,EXTREME_TYPE1,1570,3,3,"(111.45, 23.0);(112.27, 22.25);(112.27, 23.0)"
59075,2015-05-06 02:00:00,77.5,SURF,True,EXTREME_TYPE1,765,3,2,"(112.27, 24.5);(113.09, 24.5)"
59456,2015-05-06 08:00:00,77.6,SURF,True,EXTREME_TYPE1,820,2,2,"(110.64, 22.25);(111.45, 22.25)"
59087,2015-05-06 09:00:00,21.5,SURF,True,EXTREME_TYPE1,820,3,3,"(113.09, 23.75);(113.91, 23.75);(113.91, 24.5)"
59290,2015-05-06 18:00:00,62.4,SURF,True,EXTREME_TYPE1,721,2,2,"(113.91, 23.75);(114.73, 23.75)"
59476,2015-05-07 14:00:00,1.3,SURF,True,EXTREME_TYPE1,43,12,8,"(113.0, 22.5);(113.0, 22.6);(113.1, 22.4);(113.1, 22.5);(113.1, 22.6);(113.1, 22.7);(113.2, 22.5);(113.2, 22.6)"
59268,2015-05-08 13:00:00,1.0,SURF,True,NORMAL,11,0,0,
59271,2015-05-08 19:00:00,34.8,SURF,True,EXTREME_TYPE1,1821,3,3,"(112.27, 23.0);(112.27, 23.75);(113.09, 23.75)"
59290,2015-05-09 07:00:00,59.1,SURF,True,EXTREME_TYPE1,723,2,2,"(113.91, 23.75);(114.73, 23.75)"
59289,2015-05-09 15:00:00,57.2,SURF,True,EXTREME_TYPE1,2963,2,2,"(113.09, 23.0);(113.91, 23.0)"
59270,2015-05-10 19:00:00,1.5,SURF,True,NORMAL,8,0,0,
59280,2015-05-11 05:00:00,56.5,SURF,True,EXTREME_TYPE1,1827,2,2,"(113.09, 23.0);(113.09, 23.75)"
59481,2015-05-11 16:00:00,51.8,SURF,True,NORMAL,2973,0,0,
59478,2015-05-11 19:00:00,41.3,SURF,True,NORMAL,1504,0,0,
59664,2015-05-11 23:00:00,58.7,SURF,True,EXTREME_TYPE1,509,2,2,"(110.64, 21.5);(111.45, 21.5)"
59072,2015-05-16 00:00:00,3.9,SURF,True,NORMAL,11,0,0,
59663,2015-05-16 17:00:00,51.7,SURF,True,NORMAL,979,0,0,
59656,2015-05-17 07:00:00,38.7,SURF,True,EXTREME_TYPE1,507,3,3,"(110.64, 20.75);(110.64, 21.5);(111.45, 21.5)"
59663,2015-05-17 08:00:00,59.0,SURF,True,NORMAL,968,0,0,
59673,2015-05-17 13:00:00,70.0,SURF,True,EXTREME_TYPE1,1497,4,4,"(112.27, 21.5);(112.27, 22.25);(113.09, 21.5);(113.09, 22.25)"
59663,2015-05-18 09:00:00,61.2,SURF,True,EXTREME_TYPE1,964,4,4,"(111.45, 21.5);(111.45, 22.25);(112.27, 21.5);(112.27, 22.25)"
59478,2015-05-18 10:00:00,11.6,SURF,True,NORMAL,13,0,0,
59317,2015-05-20 00:00:00,58.7,SURF,True,EXTREME_TYPE1,852,2,2,"(115.55, 23.0);(116.36, 23.0)"
59317,2015-05-20 01:00:00,66.5,SURF,True,EXTREME_TYPE1,849,2,2,"(115.55, 23.0);(116.36, 23.0)"
59074,2015-05-20 03:00:00,10.3,SURF,True,NORMAL,16,0,0,
59502,2015-05-20 06:00:00,79.7,SURF,True,EXTREME_TYPE1,842,2,2,"(115.55, 23.0);(116.36, 23.0)"
59285,2015-05-20 10:00:00,62.7,SURF,True,NORMAL,1370,0,0,
59500,2015-05-20 10:00:00,64.6,SURF,True,EXTREME_TYPE1,690,2,2,"(114.73, 23.0);(115.55, 23.0)"
59502,2015-05-20 10:00:00,20.6,SURF,True,NORMAL,844,0,0,
59297,2015-05-20 11:00:00,79.9,SURF,True,EXTREME_TYPE1,724,4,4,"(113.91, 23.0);(113.91, 23.75);(114.73, 23.0);(114.73, 23.75)"
59071,2015-05-20 13:00:00,34.7,SURF,True,NORMAL,291,0,0,
59289,2015-05-20 13:00:00,80.1,SURF,True,NORMAL,2995,0,0,
59072,2015-05-20 14:00:00,25.8,SURF,True,NORMAL,287,0,0,
59470,2015-05-20 18:00:00,41.8,SURF,True,NORMAL,1596,0,0,
59297,2015-05-25 19:00:00,65.4,SURF,True,EXTREME_TYPE1,712,4,4,"(113.91, 23.0);(113.91, 23.75);(114.73, 23.0);(114.73, 23.75)"
59290,2015-05-26 06:00:00,33.7,SURF,True,NORMAL,708,0,0,
59477,2015-05-26 15:00:00,1.1,SURF,True,NORMAL,20,0,0,
59264,2015-05-26 17:00:00,15.9,SURF,True,NORMAL,10,0,0,
59298,2015-05-31 14:00:00,40.4,SURF,True,EXTREME_TYPE1,1091,2,2,"(113.91, 23.0);(114.73, 23.0)"
59285,2015-06-01 15:00:00,34.9,SURF,True,EXTREME_TYPE1,1372,3,3,"(113.09, 23.75);(113.91, 23.0);(113.91, 23.75)"
59075,2015-06-02 17:00:00,23.9,SURF,True,EXTREME_TYPE1,762,3,3,"(112.27, 23.75);(112.27, 24.5);(113.09, 24.5)"
59462,2015-06-06 13:00:00,13.2,SURF,True,NORMAL,16,0,0,
59287,2015-06-11 15:00:00,21.2,SURF,True,EXTREME_TYPE1,1381,4,4,"(113.09, 23.0);(113.09, 23.75);(113.91, 23.0);(113.91, 23.75)"
59304,2015-06-11 20:00:00,4.7,SURF,True,EXTREME_TYPE1,6,1,1,"(115.0, 23.6)"
59288,2015-06-12 15:00:00,32.7,SURF,True,NORMAL,1807,0,0,
59109,2015-06-12 16:00:00,5.8,SURF,True,NORMAL,14,0,0,
59096,2015-06-12 18:00:00,26.2,SURF,True,NORMAL,512,0,0,
59279,2015-06-22 13:00:00,10.1,SURF,True,EXTREME_TYPE1,59,10,10,"(112.7, 23.2);(112.8, 23.1);(112.8, 23.2);(112.8, 23.3);(112.9, 23.1);(112.9, 23.2);(112.9, 23.3);(113.0, 23.1);(113.0, 23.2);(113.0, 23.3)"
59310,2015-06-23 07:00:00,7.3,SURF,True,EXTREME_TYPE1,11,12,12,"(116.0, 23.7);(116.0, 23.8);(116.1, 23.7);(116.1, 23.8);(116.1, 23.9);(116.2, 23.6);(116.2, 23.7);(116.2, 23.8);(116.2, 23.9);(116.3, 23.7);(116.3, 23.8);(116.3, 23.9)"
59278,2015-06-23 15:00:00,26.1,SURF,True,EXTREME_TYPE1,3342,2,2,"(112.27, 23.0);(113.09, 23.0)"
59117,2015-06-24 06:00:00,2.5,SURF,True,NORMAL,16,0,0,
59650,2015-07-05 05:00:00,40.8,SURF,True,EXTREME_TYPE1,704,2,2,"(109.82, 21.5);(110.64, 21.5)"
59664,2015-07-05 08:00:00,76.1,SURF,True,NORMAL,518,0,0,
59462,2015-07-05 18:00:00,4.4,SURF,True,EXTREME_TYPE1,16,9,9,"(111.5, 22.6);(111.5, 22.7);(111.5, 22.8);(111.6, 22.6);(111.6, 22.7);(111.6, 22.8);(111.7, 22.6);(111.7, 22.7);(111.7, 22.8)"
59312,2015-07-09 11:00:00,13.2,SURF,True,NORMAL,15,0,0,
59315,2015-07-09 12:00:00,11.4,SURF,True,NORMAL,19,0,0,
59502,2015-07-09 14:00:00,51.6,SURF,True,NORMAL,785,0,0,
59481,2015-07-10 20:00:00,3.7,SURF,True,EXTREME_TYPE1,76,12,12,"(113.2, 22.9);(113.2, 23.0);(113.3, 22.8);(113.3, 22.9);(113.3, 23.0);(113.3, 23.1);(113.4, 22.8);(113.4, 22.9);(113.4, 23.0);(113.4, 23.1);(113.5, 22.9);(113.5, 23.0)"
59754,2015-07-14 14:00:00,73.8,SURF,True,EXTREME_TYPE1,243,2,2,"(109.82, 20.75);(110.64, 20.75)"
59485,2015-07-16 16:00:00,60.7,SURF,True,EXTREME_TYPE1,2993,4,4,"(113.09, 22.25);(113.09, 23.0);(113.91, 22.25);(113.91, 23.0)"
57996,2015-07-17 19:00:00,53.2,SURF,True,EXTREME_TYPE1,165,3,3,"(113.91, 24.5);(113.91, 25.25);(114.73, 25.25)"
59287,2015-07-17 22:00:00,90.4,SURF,True,EXTREME_TYPE1,1396,4,4,"(113.09, 23.0);(113.09, 23.75);(113.91, 23.0);(113.91, 23.75)"
59673,2015-07-20 19:00:00,29.2,SURF,True,EXTREME_TYPE1,1516,4,4,"(112.27, 21.5);(112.27, 22.25);(113.09, 21.5);(113.09, 22.25)"
59673,2015-07-21 03:00:00,62.2,SURF,True,EXTREME_TYPE1,1499,4,4,"(112.27, 21.5);(112.27, 22.25);(113.09, 21.5);(113.09, 22.25)"
59673,2015-07-21 04:00:00,61.2,SURF,True,NORMAL,1499,0,0,
59469,2015-07-21 12:00:00,2.5,SURF,True,NORMAL,10,0,0,
59456,2015-07-21 13:00:00,47.9,SURF,True,NORMAL,813,0,0,
59456,2015-07-21 14:00:00,72.6,SURF,True,EXTREME_TYPE1,814,2,2,"(110.64, 22.25);(111.45, 22.25)"
59312,2015-07-22 16:00:00,3.1,SURF,True,NORMAL,15,0,0,
59284,2015-07-22 17:00:00,21.3,SURF,True,EXTREME_TYPE1,1376,3,3,"(113.09, 23.0);(113.09, 23.75);(113.91, 23.75)"
59318,2015-07-23 04:00:00,16.7,SURF,True,NORMAL,25,0,0,
59319,2015-07-23 11:00:00,60.4,SURF,True,EXTREME_TYPE1,520,4,4,"(116.36, 23.0);(116.36, 23.75);(117.18, 23.0);(117.18, 23.75)"
59492,2015-07-23 12:00:00,50.8,SURF,True,EXTREME_TYPE1,1110,2,2,"(113.91, 23.0);(114.73, 23.0)"
59493,2015-07-24 13:00:00,9.3,SURF,True,NORMAL,58,0,0,
59500,2015-08-09 19:00:00,22.5,SURF,True,EXTREME_TYPE1,716,2,2,"(114.73, 23.0);(115.55, 23.0)"
59319,2015-08-11 00:00:00,8.8,SURF,True,EXTREME_TYPE1,20,11,6,"(116.6, 23.4);(116.6, 23.5);(116.6, 23.6);(116.7, 23.5);(116.7, 23.6);(116.8, 23.6)"
59279,2015-08-12 21:00:00,92.3,SURF,True,EXTREME_TYPE1,1847,3,3,"(112.27, 23.0);(113.09, 23.0);(113.09, 23.75)"
59312,2015-08-13 13:00:00,54.9,SURF,True,EXTREME_TYPE1,533,2,2,"(116.36, 23.75);(117.18, 23.75)"
59480,2015-08-14 13:00:00,53.9,SURF,True,EXTREME_TYPE1,3001,3,3,"(113.09, 22.25);(113.09, 23.0);(113.91, 23.0)"
59114,2015-08-14 17:00:00,64.3,SURF,True,EXTREME_TYPE1,650,2,2,"(115.55, 24.5);(116.36, 24.5)"
59081,2015-08-14 19:00:00,6.9,SURF,True,NORMAL,16,0,0,
59288,2015-08-14 19:00:00,5.0,SURF,True,NORMAL,61,0,0,
59106,2015-08-19 17:00:00,50.8,SURF,True,EXTREME_TYPE1,660,2,2,"(115.55, 24.5);(116.36, 24.5)"
59306,2015-08-27 19:00:00,55.4,SURF,True,EXTREME_TYPE1,1298,4,4,"(115.55, 23.0);(115.55, 23.75);(116.36, 23.0);(116.36, 23.75)"
59492,2015-08-30 14:00:00,92.3,SURF,True,EXTREME_TYPE1,1114,2,2,"(113.91, 23.0);(114.73, 23.0)"
59481,2015-08-30 15:00:00,5.6,SURF,True,NORMAL,80,0,0,
59304,2015-08-30 16:00:00,60.9,SURF,True,EXTREME_TYPE1,911,2,2,"(114.73, 23.75);(115.55, 23.75)"
59276,2015-09-01 15:00:00,21.3,SURF,True,NORMAL,1826,0,0,
59303,2015-09-01 16:00:00,6.0,SURF,True,NORMAL,10,0,0,
59655,2015-09-01 19:00:00,21.6,SURF,True,EXTREME_TYPE1,592,2,2,"(110.64, 21.5);(110.64, 22.25)"
59278,2015-09-03 04:00:00,10.4,SURF,True,EXTREME_TYPE1,25,10,10,"(112.3, 23.0);(112.4, 22.9);(112.4, 23.0);(112.4, 23.1);(112.5, 22.9);(112.5, 23.0);(112.5, 23.1);(112.6, 22.9);(112.6, 23.0);(112.6, 23.1)"
59493,2015-09-21 05:00:00,60.8,SURF,True,NORMAL,2974,0,0,
59493,2015-10-04 09:00:00,32.2,SURF,True,NORMAL,3001,0,0,
59658,2015-10-04 14:00:00,81.2,SURF,True,NORMAL,652,0,0,
59456,2015-10-05 02:00:00,26.9,SURF,True,NORMAL,822,0,0,
59269,2015-10-05 04:00:00,9.3,SURF,True,NORMAL,12,0,0,
59288,2015-10-05 09:00:00,60.2,SURF,True,NORMAL,1848,0,0,
59280,2015-10-05 13:00:00,59.2,SURF,True,EXTREME_TYPE1,1851,2,2,"(113.09, 23.0);(113.09, 23.75)"
59087,2015-10-05 14:00:00,1.5,SURF,True,NORMAL,14,0,0,
59476,2015-10-06 12:00:00,15.4,SURF,True,EXTREME_TYPE1,45,12,12,"(112.9, 22.5);(112.9, 22.6);(113.0, 22.4);(113.0, 22.5);(113.0, 22.6);(113.0, 22.7);(113.1, 22.4);(113.1, 22.5);(113.1, 22.6);(113.1, 22.7);(113.2, 22.5);(113.2, 22.6)"
59081,2015-10-06 16:00:00,1.2,SURF,True,NORMAL,16,0,0,
59653,2015-10-06 16:00:00,64.3,SURF,True,EXTREME_TYPE1,828,4,4,"(110.64, 21.5);(110.64, 22.25);(111.45, 21.5);(111.45, 22.25)"
59655,2015-10-06 16:00:00,60.6,SURF,True,EXTREME_TYPE1,574,2,2,"(110.64, 21.5);(110.64, 22.25)"
59475,2015-10-07 02:00:00,22.1,SURF,True,EXTREME_TYPE1,1522,3,3,"(112.27, 22.25);(112.27, 23.0);(113.09, 22.25)"
59663,2015-10-07 04:00:00,31.9,SURF,True,EXTREME_TYPE1,995,4,4,"(111.45, 21.5);(111.45, 22.25);(112.27, 21.5);(112.27, 22.25)"
59279,2015-10-07 14:00:00,10.1,SURF,True,EXTREME_TYPE1,58,10,10,"(112.7, 23.2);(112.8, 23.1);(112.8, 23.2);(112.8, 23.3);(112.9, 23.1);(112.9, 23.2);(112.9, 23.3);(113.0, 23.1);(113.0, 23.2);(113.0, 23.3)"
59081,2015-11-01 07:00:00,4.4,SURF,True,NORMAL,15,0,0,
G4507,2015-11-01 15:00:00,22.3,AWST,False,FALSE,177,4,0,
G4507,2015-11-01 17:00:00,191.2,AWST,False,FALSE,178,4,0,
59088,2015-11-10 07:00:00,2.8,SURF,True,EXTREME_TYPE1,11,10,10,"(113.3, 24.1);(113.3, 24.2);(113.3, 24.3);(113.4, 24.1);(113.4, 24.2);(113.4, 24.3);(113.5, 24.1);(113.5, 24.2);(113.5, 24.3);(113.6, 24.2)"
59650,2015-11-13 00:00:00,59.7,SURF,True,EXTREME_TYPE1,705,2,2,"(109.82, 21.5);(110.64, 21.5)"
59087,2015-11-13 09:00:00,6.0,SURF,True,NORMAL,14,0,0,
59493,2015-11-13 16:00:00,3.1,SURF,True,NORMAL,57,0,0,
59754,2015-11-14 05:00:00,53.7,SURF,True,EXTREME_TYPE1,317,2,2,"(109.82, 20.75);(110.64, 20.75)"
57988,2015-11-21 11:00:00,1.2,SURF,True,NORMAL,15,0,0,
59290,2015-12-03 11:00:00,1.3,SURF,True,NORMAL,8,0,0,
59477,2015-12-05 12:00:00,10.5,SURF,True,NORMAL,20,0,0,
59493,2015-12-05 14:00:00,1.7,SURF,True,NORMAL,57,0,0,
59082,2015-12-09 04:00:00,1.6,SURF,True,NORMAL,12,0,0,
57989,2015-12-13 10:00:00,1.1,SURF,True,NORMAL,10,0,0,
59324,2016-01-03 14:00:00,1.5,SURF,True,NORMAL,9,0,0,
59480,2016-01-05 10:00:00,13.6,SURF,True,NORMAL,73,0,0,
59289,2016-01-05 14:00:00,17.7,SURF,True,NORMAL,56,0,0,
59304,2016-01-05 17:00:00,5.4,SURF,True,NORMAL,5,0,0,
59469,2016-01-22 10:00:00,16.5,SURF,True,FALSE,11,10,0,
59289,2016-01-26 19:00:00,1.5,SURF,True,NORMAL,56,0,0,
59318,2016-01-27 12:00:00,1.1,SURF,True,NORMAL,28,0,0,
59656,2016-01-28 04:00:00,32.8,SURF,True,NORMAL,521,0,0,
59654,2016-01-28 11:00:00,13.5,SURF,True,NORMAL,11,0,0,
59653,2016-01-28 12:00:00,18.2,SURF,True,NORMAL,12,0,0,
59475,2016-01-28 21:00:00,7.1,SURF,True,NORMAL,24,0,0,
59285,2016-01-28 22:00:00,8.5,SURF,True,NORMAL,21,0,0,
59312,2016-02-01 11:00:00,3.1,SURF,True,NORMAL,15,0,0,
59289,2016-03-09 12:00:00,10.7,SURF,True,EXTREME_TYPE1,56,12,12,"(113.6, 22.9);(113.6, 23.0);(113.7, 22.8);(113.7, 22.9);(113.7, 23.0);(113.7, 23.1);(113.8, 22.8);(113.8, 22.9);(113.8, 23.0);(113.8, 23.1);(113.9, 22.9);(113.9, 23.0)"
59319,2016-03-13 04:00:00,1.3,SURF,True,NORMAL,20,0,0,
59475,2016-03-19 18:00:00,6.0,SURF,True,NORMAL,26,0,0,
59297,2016-03-21 04:00:00,22.7,SURF,True,NORMAL,708,0,0,
59663,2016-03-21 17:00:00,6.1,SURF,True,NORMAL,8,0,0,
59485,2016-03-24 07:00:00,4.7,SURF,True,NORMAL,41,0,0,
59293,2016-04-04 12:00:00,5.0,SURF,True,NORMAL,7,0,0,
59473,2016-04-10 09:00:00,17.2,SURF,True,NORMAL,50,0,0,
59501,2016-04-10 11:00:00,53.0,SURF,True,NORMAL,741,0,0,
59298,2016-04-10 15:00:00,3.0,SURF,True,EXTREME_TYPE1,20,12,12,"(114.2, 23.0);(114.2, 23.1);(114.3, 23.0);(114.3, 23.1);(114.3, 23.2);(114.4, 22.9);(114.4, 23.0);(114.4, 23.1);(114.4, 23.2);(114.5, 23.0);(114.5, 23.1);(114.5, 23.2)"
59473,2016-04-13 06:00:00,18.0,SURF,True,NORMAL,51,0,0,
59072,2016-04-14 08:00:00,16.0,SURF,True,NORMAL,11,0,0,
59099,2016-04-15 10:00:00,50.7,SURF,True,NORMAL,678,0,0,
59293,2016-04-15 11:00:00,20.1,SURF,True,EXTREME_TYPE1,936,3,3,"(114.73, 23.75);(114.73, 24.5);(115.55, 23.75)"
59099,2016-04-18 01:00:00,5.7,SURF,True,NORMAL,9,0,0,
59654,2016-04-20 12:00:00,18.6,SURF,True,NORMAL,12,0,0,
59269,2016-04-20 13:00:00,6.5,SURF,True,NORMAL,13,0,0,
59469,2016-04-20 15:00:00,54.4,SURF,True,EXTREME_TYPE1,1039,3,3,"(111.45, 21.5);(111.45, 22.25);(112.27, 22.25)"
59318,2016-04-23 19:00:00,53.9,SURF,True,NORMAL,538,0,0,
59106,2016-04-25 21:00:00,18.8,SURF,True,NORMAL,16,0,0,
59270,2016-04-26 15:00:00,26.5,SURF,True,NORMAL,563,0,0,
59099,2016-04-26 18:00:00,11.4,SURF,True,NORMAL,9,0,0,
59107,2016-04-26 20:00:00,3.0,SURF,True,NORMAL,12,0,0,
59478,2016-04-27 22:00:00,21.4,SURF,True,EXTREME_TYPE1,1651,2,2,"(112.27, 22.25);(113.09, 22.25)"
59107,2016-05-01 01:00:00,13.4,SURF,True,NORMAL,12,0,0,
59658,2016-05-03 16:00:00,46.8,SURF,True,EXTREME_TYPE1,741,4,4,"(109.82, 20.75);(109.82, 21.5);(110.64, 20.75);(110.64, 21.5)"
59487,2016-05-03 19:00:00,56.0,SURF,True,EXTREME_TYPE1,1303,2,2,"(113.09, 22.25);(113.91, 22.25)"
59280,2016-05-04 22:00:00,39.4,SURF,True,EXTREME_TYPE1,1908,2,2,"(113.09, 23.0);(113.09, 23.75)"
59094,2016-05-06 17:00:00,15.9,SURF,True,NORMAL,11,0,0,
59298,2016-05-06 21:00:00,8.8,SURF,True,NORMAL,19,0,0,
59493,2016-05-10 07:00:00,57.8,SURF,True,NORMAL,3012,0,0,
59294,2016-05-10 09:00:00,5.2,SURF,True,NORMAL,14,0,0,
59289,2016-05-10 15:00:00,4.9,SURF,True,EXTREME_TYPE1,56,12,12,"(113.6, 22.9);(113.6, 23.0);(113.7, 22.8);(113.7, 22.9);(113.7, 23.0);(113.7, 23.1);(113.8, 22.8);(113.8, 22.9);(113.8, 23.0);(113.8, 23.1);(113.9, 22.9);(113.9, 23.0)"
G6551,2016-05-11 01:00:00,4.1,AWST,False,FALSE,51,12,0,
G6551,2016-05-11 09:00:00,2.6,AWST,False,FALSE,51,12,0,
G6551,2016-05-11 15:00:00,12.7,AWST,False,FALSE,51,12,0,
G6551,2016-05-11 16:00:00,7.1,AWST,False,FALSE,51,12,0,
59074,2016-05-14 09:00:00,4.3,SURF,True,EXTREME_TYPE1,18,5,5,"(112.1, 24.6);(112.1, 24.7);(112.2, 24.5);(112.2, 24.6);(112.2, 24.7)"
59288,2016-05-15 18:00:00,31.2,SURF,True,NORMAL,1885,0,0,
59107,2016-05-15 20:00:00,1.6,SURF,True,NORMAL,11,0,0,
59673,2016-05-19 10:00:00,13.0,SURF,True,FALSE,0,0,0,
59663,2016-05-20 17:00:00,53.5,SURF,True,NORMAL,1072,0,0,
59500,2016-05-21 15:00:00,21.6,SURF,True,NORMAL,749,0,0,
G1222,2016-05-22 22:00:00,29.8,AWST,False,FALSE,1312,3,0,
G1222,2016-05-23 00:00:00,35.3,AWST,False,FALSE,1311,3,0,
G1222,2016-05-23 01:00:00,194.1,AWST,False,FALSE,1312,3,0,
G1222,2016-05-23 03:00:00,123.3,AWST,False,FALSE,1311,3,0,
G1222,2016-05-23 09:00:00,2.3,AWST,False,FALSE,11,8,0,
59116,2016-05-23 22:00:00,11.4,SURF,True,FALSE,8,10,0,
59289,2016-05-28 06:00:00,40.3,SURF,True,EXTREME_TYPE1,3094,2,2,"(113.09, 23.0);(113.91, 23.0)"
59276,2016-06-04 13:00:00,2.3,SURF,True,NORMAL,26,0,0,
59312,2016-06-06 04:00:00,52.4,SURF,True,EXTREME_TYPE1,534,2,2,"(116.36, 23.75);(117.18, 23.75)"
59487,2016-06-07 16:00:00,36.0,SURF,True,EXTREME_TYPE1,1305,2,2,"(113.09, 22.25);(113.91, 22.25)"
59658,2016-06-07 16:00:00,33.8,SURF,True,EXTREME_TYPE1,676,4,4,"(109.82, 20.75);(109.82, 21.5);(110.64, 20.75);(110.64, 21.5)"
59480,2016-06-07 17:00:00,54.0,SURF,True,EXTREME_TYPE1,2984,3,3,"(113.09, 22.25);(113.09, 23.0);(113.91, 23.0)"
59456,2016-06-07 20:00:00,50.7,SURF,True,EXTREME_TYPE1,771,2,2,"(110.64, 22.25);(111.45, 22.25)"
59287,2016-06-08 06:00:00,51.5,SURF,True,EXTREME_TYPE1,1328,4,4,"(113.09, 23.0);(113.09, 23.75);(113.91, 23.0);(113.91, 23.75)"
59297,2016-06-08 09:00:00,5.1,SURF,True,NORMAL,12,0,0,
59315,2016-06-08 15:00:00,70.2,SURF,True,EXTREME_TYPE1,1248,2,2,"(116.36, 23.0);(116.36, 23.75)"
59500,2016-06-08 20:00:00,12.5,SURF,True,NORMAL,14,0,0,
59500,2016-06-08 21:00:00,53.0,SURF,True,EXTREME_TYPE1,727,2,2,"(114.73, 23.0);(115.55, 23.0)"
59290,2016-06-09 03:00:00,50.9,SURF,True,EXTREME_TYPE1,728,2,2,"(113.91, 23.75);(114.73, 23.75)"
59500,2016-06-11 01:00:00,7.0,SURF,True,NORMAL,15,0,0,
59501,2016-06-12 02:00:00,23.1,SURF,True,EXTREME_TYPE1,722,3,3,"(114.73, 23.0);(115.55, 22.25);(115.55, 23.0)"
59287,2016-06-13 03:00:00,22.6,SURF,True,EXTREME_TYPE1,1403,4,4,"(113.09, 23.0);(113.09, 23.75);(113.91, 23.0);(113.91, 23.75)"
59502,2016-06-13 06:00:00,40.0,SURF,True,NORMAL,867,0,0,
59493,2016-06-17 07:00:00,11.7,SURF,True,EXTREME_TYPE1,57,10,10,"(113.9, 22.4);(113.9, 22.5);(113.9, 22.6);(114.0, 22.4);(114.0, 22.5);(114.0, 22.6);(114.0, 22.7);(114.1, 22.4);(114.1, 22.5);(114.1, 22.6)"
59269,2016-06-17 17:00:00,5.5,SURF,True,NORMAL,13,0,0,
59487,2016-06-28 08:00:00,29.7,SURF,True,NORMAL,1309,0,0,
59653,2016-06-30 21:00:00,12.3,SURF,True,NORMAL,13,0,0,
59477,2016-07-01 11:00:00,21.7,SURF,True,EXTREME_TYPE1,1072,2,2,"(111.45, 22.25);(112.27, 22.25)"
59654,2016-07-01 18:00:00,23.3,SURF,True,EXTREME_TYPE1,614,3,3,"(109.82, 21.5);(110.64, 21.5);(110.64, 22.25)"
59485,2016-07-04 21:00:00,1.0,SURF,True,NORMAL,41,0,0,
59654,2016-07-05 11:00:00,54.5,SURF,True,EXTREME_TYPE1,612,3,3,"(109.82, 21.5);(110.64, 21.5);(110.64, 22.25)"
59074,2016-07-10 16:00:00,18.1,SURF,True,NORMAL,17,0,0,
59487,2016-07-11 17:00:00,55.8,SURF,True,EXTREME_TYPE1,1312,2,2,"(113.09, 22.25);(113.91, 22.25)"
59475,2016-07-13 06:00:00,28.1,SURF,True,EXTREME_TYPE1,1683,3,3,"(112.27, 22.25);(112.27, 23.0);(113.09, 22.25)"
59480,2016-07-14 14:00:00,11.9,SURF,True,EXTREME_TYPE1,76,12,12,"(113.1, 22.7);(113.1, 22.8);(113.1, 22.9);(113.2, 22.7);(113.2, 22.8);(113.2, 22.9);(113.2, 23.0);(113.3, 22.7);(113.3, 22.8);(113.3, 22.9);(113.4, 22.8);(113.4, 22.9)"
59278,2016-07-30 19:00:00,23.9,SURF,True,EXTREME_TYPE1,3552,2,2,"(112.27, 23.0);(113.09, 23.0)"
59478,2016-08-01 20:00:00,26.1,SURF,True,NORMAL,1672,0,0,
59278,2016-08-02 05:00:00,1.6,SURF,True,NORMAL,26,0,0,
59289,2016-08-02 07:00:00,21.4,SURF,True,NORMAL,3077,0,0,
59476,2016-08-02 07:00:00,21.7,SURF,True,NORMAL,3576,0,0,
59750,2016-08-02 08:00:00,64.7,SURF,True,NORMAL,313,0,0,
59673,2016-08-02 10:00:00,103.0,SURF,True,EXTREME_TYPE1,1683,4,4,"(112.27, 21.5);(112.27, 22.25);(113.09, 21.5);(113.09, 22.25)"
59285,2016-08-02 11:00:00,2.7,SURF,True,NORMAL,20,0,0,
59481,2016-08-03 00:00:00,58.4,SURF,True,EXTREME_TYPE1,3083,2,2,"(113.09, 23.0);(113.91, 23.0)"
59280,2016-08-03 04:00:00,16.4,SURF,True,NORMAL,9,0,0,
59288,2016-08-03 13:00:00,83.9,SURF,True,EXTREME_TYPE1,1950,3,3,"(112.27, 23.0);(113.09, 23.0);(113.09, 23.75)"
59075,2016-08-04 17:00:00,16.7,SURF,True,NORMAL,8,0,0,
59493,2016-08-10 07:00:00,35.2,SURF,True,NORMAL,2985,0,0,
59650,2016-08-11 13:00:00,101.4,SURF,True,EXTREME_TYPE1,635,2,2,"(109.82, 21.5);(110.64, 21.5)"
59317,2016-08-11 16:00:00,24.1,SURF,True,EXTREME_TYPE1,746,2,2,"(115.55, 23.0);(116.36, 23.0)"
59285,2016-08-12 10:00:00,65.5,SURF,True,EXTREME_TYPE1,1325,3,3,"(113.09, 23.75);(113.91, 23.0);(113.91, 23.75)"
59285,2016-08-12 11:00:00,39.3,SURF,True,EXTREME_TYPE1,1323,3,3,"(113.09, 23.75);(113.91, 23.0);(113.91, 23.75)"
59297,2016-08-12 12:00:00,52.8,SURF,True,EXTREME_TYPE1,701,4,4,"(113.91, 23.0);(113.91, 23.75);(114.73, 23.0);(114.73, 23.75)"
59088,2016-08-12 17:00:00,50.7,SURF,True,EXTREME_TYPE1,699,4,4,"(113.09, 23.75);(113.09, 24.5);(113.91, 23.75);(113.91, 24.5)"
59081,2016-08-13 23:00:00,22.4,SURF,True,NORMAL,798,0,0,
59480,2016-08-14 01:00:00,13.0,SURF,True,NORMAL,75,0,0,
59471,2016-08-14 12:00:00,58.4,SURF,True,EXTREME_TYPE1,1555,3,3,"(111.45, 23.0);(112.27, 22.25);(112.27, 23.0)"
59650,2016-08-14 17:00:00,61.6,SURF,True,EXTREME_TYPE1,643,2,2,"(109.82, 21.5);(110.64, 21.5)"
59673,2016-08-16 04:00:00,15.2,SURF,True,NORMAL,0,0,0,
59488,2016-08-18 02:00:00,1.9,SURF,True,NORMAL,6,0,0,
59475,2016-08-19 01:00:00,1.9,SURF,True,NORMAL,24,0,0,
59663,2016-08-21 14:00:00,6.5,SURF,True,NORMAL,8,0,0,
59287,2016-08-26 17:00:00,71.6,SURF,True,EXTREME_TYPE1,1319,4,4,"(113.09, 23.0);(113.09, 23.75);(113.91, 23.0);(113.91, 23.75)"
59114,2016-08-26 18:00:00,21.8,SURF,True,NORMAL,648,0,0,
59289,2016-08-26 18:00:00,31.2,SURF,True,NORMAL,2961,0,0,
59485,2016-08-26 19:00:00,57.4,SURF,True,EXTREME_TYPE1,2954,4,4,"(113.09, 22.25);(113.09, 23.0);(113.91, 22.25);(113.91, 23.0)"
59090,2016-08-26 21:00:00,3.7,SURF,True,NORMAL,13,0,0,
59750,2016-08-27 01:00:00,50.7,SURF,True,NORMAL,302,0,0,
59500,2016-08-28 00:00:00,18.2,SURF,True,EXTREME_TYPE1,14,10,10,"(115.2, 22.9);(115.2, 23.0);(115.2, 23.1);(115.3, 22.9);(115.3, 23.0);(115.3, 23.1);(115.4, 22.9);(115.4, 23.0);(115.4, 23.1);(115.5, 23.0)"
59117,2016-09-03 21:00:00,14.0,SURF,True,NORMAL,18,0,0,
59288,2016-09-04 20:00:00,71.9,SURF,True,EXTREME_TYPE1,1902,3,3,"(112.27, 23.0);(113.09, 23.0);(113.09, 23.75)"
59269,2016-09-04 21:00:00,6.5,SURF,True,EXTREME_TYPE1,10,11,11,"(111.7, 23.1);(111.7, 23.2);(111.8, 23.1);(111.8, 23.2);(111.8, 23.3);(111.9, 23.0);(111.9, 23.1);(111.9, 23.2);(111.9, 23.3);(112.0, 23.1);(112.0, 23.2)"
59107,2016-09-06 19:00:00,43.4,SURF,True,EXTREME_TYPE1,686,4,4,"(114.73, 23.75);(114.73, 24.5);(115.55, 23.75);(115.55, 24.5)"
59485,2016-09-07 14:00:00,42.3,SURF,True,EXTREME_TYPE1,3099,4,4,"(113.09, 22.25);(113.09, 23.0);(113.91, 22.25);(113.91, 23.0)"
59655,2016-09-07 16:00:00,59.0,SURF,True,EXTREME_TYPE1,609,2,2,"(110.64, 21.5);(110.64, 22.25)"
59653,2016-09-07 17:00:00,50.0,SURF,True,EXTREME_TYPE1,893,4,4,"(110.64, 21.5);(110.64, 22.25);(111.45, 21.5);(111.45, 22.25)"
59290,2016-09-07 21:00:00,20.9,SURF,True,NORMAL,742,0,0,
59500,2016-09-09 13:00:00,8.4,SURF,True,EXTREME_TYPE1,17,10,5,"(115.2, 22.9);(115.2, 23.0);(115.4, 22.9);(115.4, 23.0);(115.5, 23.0)"
59653,2016-09-10 12:00:00,1.2,SURF,True,NORMAL,12,0,0,
59271,2016-09-10 14:00:00,7.7,SURF,True,FALSE,16,11,0,
59492,2016-09-12 20:00:00,21.6,SURF,True,EXTREME_TYPE1,1127,2,2,"(113.91, 23.0);(114.73, 23.0)"
59312,2016-09-28 14:00:00,2.2,SURF,True,NORMAL,15,0,0,
59116,2016-09-30 13:00:00,10.6,SURF,True,NORMAL,9,0,0,
59650,2016-10-02 18:00:00,32.8,SURF,True,EXTREME_TYPE1,718,2,2,"(109.82, 21.5);(110.64, 21.5)"
59097,2016-10-02 19:00:00,28.8,SURF,True,EXTREME_TYPE1,533,4,4,"(113.91, 23.75);(113.91, 24.5);(114.73, 23.75);(114.73, 24.5)"
59285,2016-10-02 19:00:00,35.1,SURF,True,EXTREME_TYPE1,1397,3,3,"(113.09, 23.75);(113.91, 23.0);(113.91, 23.75)"
59088,2016-10-18 07:00:00,5.0,SURF,True,NORMAL,9,0,0,
59487,2016-10-18 14:00:00,5.1,SURF,True,NORMAL,39,0,0,
59658,2016-10-18 20:00:00,7.3,SURF,True,NORMAL,15,0,0,
59264,2016-10-19 11:00:00,3.7,SURF,True,NORMAL,10,0,0,
59310,2016-10-24 18:00:00,2.1,SURF,True,NORMAL,10,0,0,
59081,2016-11-20 14:00:00,21.5,SURF,True,EXTREME_TYPE1,836,3,3,"(113.09, 24.5);(113.09, 25.25);(113.91, 24.5)"
59290,2016-11-20 19:00:00,56.9,SURF,True,EXTREME_TYPE1,733,2,2,"(113.91, 23.75);(114.73, 23.75)"
59278,2016-11-21 00:00:00,5.0,SURF,True,NORMAL,28,0,0,
59481,2016-11-22 21:00:00,1.7,SURF,True,NORMAL,83,0,0,
59280,2016-11-26 07:00:00,5.3,SURF,True,NORMAL,9,0,0,
59290,2016-11-26 09:00:00,8.2,SURF,True,NORMAL,8,0,0,
59107,2016-11-26 16:00:00,5.0,SURF,True,NORMAL,11,0,0,
59313,2017-02-22 08:00:00,7.0,SURF,True,NORMAL,9,0,0,
59306,2017-03-08 04:00:00,2.7,SURF,True,NORMAL,22,0,0,
57988,2017-03-10 11:00:00,1.2,SURF,True,NORMAL,15,0,0,
59280,2017-03-18 04:00:00,5.4,SURF,True,NORMAL,10,0,0,
59659,2017-03-19 05:00:00,8.7,SURF,True,NORMAL,17,0,0,
59074,2017-03-31 02:00:00,27.9,SURF,True,NORMAL,288,0,0,
59470,2017-04-19 16:00:00,5.4,SURF,True,NORMAL,15,0,0,
59285,2017-04-19 17:00:00,1.9,SURF,True,NORMAL,21,0,0,
59285,2017-04-26 16:00:00,91.7,SURF,True,EXTREME_TYPE1,1426,3,3,"(113.09, 23.75);(113.91, 23.0);(113.91, 23.75)"
59116,2017-05-02 02:00:00,7.4,SURF,True,EXTREME_TYPE1,8,10,10,"(116.6, 24.3);(116.6, 24.4);(116.6, 24.5);(116.7, 24.2);(116.7, 24.3);(116.7, 24.4);(116.7, 24.5);(116.8, 24.2);(116.8, 24.3);(116.8, 24.4)"
59659,2017-05-04 04:00:00,14.6,SURF,True,EXTREME_TYPE1,16,10,7,"(110.8, 21.8);(110.9, 21.7);(110.9, 21.8);(110.9, 21.9);(111.0, 21.7);(111.0, 21.8);(111.0, 21.9)"
59653,2017-05-04 08:00:00,52.3,SURF,True,NORMAL,908,0,0,
59658,2017-05-04 09:00:00,64.2,SURF,True,NORMAL,733,0,0,
59487,2017-05-04 10:00:00,63.6,SURF,True,NORMAL,1391,0,0,
59750,2017-05-06 10:00:00,56.6,SURF,True,EXTREME_TYPE1,350,3,1,"(110.64, 20.75)"
59087,2017-05-07 04:00:00,61.1,SURF,True,EXTREME_TYPE1,874,3,3,"(113.09, 23.75);(113.91, 23.75);(113.91, 24.5)"
59287,2017-05-07 10:00:00,78.8,SURF,True,EXTREME_TYPE1,1417,4,4,"(113.09, 23.0);(113.09, 23.75);(113.91, 23.0);(113.91, 23.75)"
59087,2017-05-08 17:00:00,10.2,SURF,True,NORMAL,13,0,0,
59097,2017-05-08 19:00:00,29.4,SURF,True,NORMAL,560,0,0,
59480,2017-05-08 21:00:00,20.3,SURF,True,NORMAL,3141,0,0,
59456,2017-05-09 16:00:00,39.8,SURF,True,EXTREME_TYPE1,889,2,2,"(110.64, 22.25);(111.45, 22.25)"
59477,2017-05-09 16:00:00,63.6,SURF,True,EXTREME_TYPE1,1164,2,2,"(111.45, 22.25);(112.27, 22.25)"
59659,2017-05-09 16:00:00,52.5,SURF,True,EXTREME_TYPE1,889,4,4,"(110.64, 21.5);(110.64, 22.25);(111.45, 21.5);(111.45, 22.25)"
59658,2017-05-12 14:00:00,50.3,SURF,True,NORMAL,730,0,0,
59304,2017-05-13 17:00:00,7.2,SURF,True,EXTREME_TYPE1,6,1,1,"(115.0, 23.6)"
59656,2017-05-15 16:00:00,28.2,SURF,True,EXTREME_TYPE1,550,3,3,"(110.64, 20.75);(110.64, 21.5);(111.45, 21.5)"
59285,2017-05-15 20:00:00,55.9,SURF,True,EXTREME_TYPE1,1447,3,3,"(113.09, 23.75);(113.91, 23.0);(113.91, 23.75)"
59294,2017-05-15 22:00:00,21.4,SURF,True,NORMAL,1452,0,0,
59478,2017-05-16 03:00:00,11.8,SURF,True,NORMAL,18,0,0,
59081,2017-05-24 00:00:00,1.1,SURF,True,NORMAL,15,0,0,
59107,2017-05-24 08:00:00,50.4,SURF,True,NORMAL,709,0,0,
59754,2017-05-24 15:00:00,56.4,SURF,True,EXTREME_TYPE1,353,2,2,"(109.82, 20.75);(110.64, 20.75)"
59114,2017-06-04 02:00:00,1.6,SURF,True,NORMAL,13,0,0,
59653,2017-06-05 07:00:00,58.7,SURF,True,EXTREME_TYPE1,907,4,4,"(110.64, 21.5);(110.64, 22.25);(111.45, 21.5);(111.45, 22.25)"
59097,2017-06-06 21:00:00,67.2,SURF,True,EXTREME_TYPE1,556,4,4,"(113.91, 23.75);(113.91, 24.5);(114.73, 23.75);(114.73, 24.5)"
59473,2017-06-09 11:00:00,6.5,SURF,True,NORMAL,54,0,0,
59475,2017-06-12 14:00:00,7.3,SURF,True,NORMAL,27,0,0,
59318,2017-06-14 09:00:00,21.9,SURF,True,NORMAL,551,0,0,
59284,2017-06-15 22:00:00,62.4,SURF,True,EXTREME_TYPE1,1470,3,3,"(113.09, 23.0);(113.09, 23.75);(113.91, 23.75)"
59294,2017-06-16 02:00:00,52.3,SURF,True,EXTREME_TYPE1,1452,2,2,"(113.91, 23.0);(113.91, 23.75)"
59502,2017-06-16 03:00:00,65.5,SURF,True,EXTREME_TYPE1,891,2,2,"(115.55, 23.0);(116.36, 23.0)"
59314,2017-06-16 09:00:00,14.9,SURF,True,NORMAL,33,0,0,
59501,2017-06-16 11:00:00,43.8,SURF,True,EXTREME_TYPE1,752,3,3,"(114.73, 23.0);(115.55, 22.25);(115.55, 23.0)"
59287,2017-06-16 19:00:00,33.5,SURF,True,NORMAL,1451,0,0,
59462,2017-06-16 20:00:00,1.6,SURF,True,NORMAL,16,0,0,
59287,2017-06-17 03:00:00,2.1,SURF,True,NORMAL,39,0,0,
59501,2017-06-17 11:00:00,37.9,SURF,True,EXTREME_TYPE1,762,3,3,"(114.73, 23.0);(115.55, 22.25);(115.55, 23.0)"
59487,2017-06-17 20:00:00,16.5,SURF,True,NORMAL,37,0,0,
59314,2017-06-19 08:00:00,5.8,SURF,True,NORMAL,34,0,0,
59318,2017-06-19 12:00:00,10.9,SURF,True,NORMAL,29,0,0,
59673,2017-06-19 13:00:00,54.4,SURF,True,NORMAL,1803,0,0,
59500,2017-06-21 07:00:00,5.6,SURF,True,NORMAL,18,0,0,
59306,2017-06-21 08:00:00,12.9,SURF,True,NORMAL,23,0,0,
59071,2017-06-25 04:00:00,5.2,SURF,True,NORMAL,13,0,0,
59287,2017-07-03 07:00:00,6.3,SURF,True,NORMAL,39,0,0,
59480,2017-07-04 03:00:00,61.0,SURF,True,EXTREME_TYPE1,3152,3,3,"(113.09, 22.25);(113.09, 23.0);(113.91, 23.0)"
59310,2017-07-08 12:00:00,39.1,SURF,True,EXTREME_TYPE1,1383,2,2,"(115.55, 23.75);(116.36, 23.75)"
59276,2017-07-11 15:00:00,10.4,SURF,True,EXTREME_TYPE1,31,12,12,"(112.5, 23.3);(112.5, 23.4);(112.6, 23.2);(112.6, 23.3);(112.6, 23.4);(112.6, 23.5);(112.7, 23.2);(112.7, 23.3);(112.7, 23.4);(112.7, 23.5);(112.8, 23.3);(112.8, 23.4)"
59319,2017-07-16 03:00:00,1.2,SURF,True,NORMAL,22,0,0,
59317,2017-07-16 14:00:00,5.3,SURF,True,NORMAL,21,0,0,
59293,2017-07-16 15:00:00,15.0,SURF,True,NORMAL,8,0,0,
59303,2017-07-17 14:00:00,13.4,SURF,True,NORMAL,14,0,0,
59288,2017-07-17 17:00:00,13.1,SURF,True,NORMAL,69,0,0,
59502,2017-07-17 21:00:00,15.3,SURF,True,NORMAL,16,0,0,
59493,2017-07-18 08:00:00,6.3,SURF,True,NORMAL,58,0,0,
59492,2017-07-18 15:00:00,10.0,SURF,True,NORMAL,8,0,0,
59664,2017-07-19 11:00:00,1.7,SURF,True,NORMAL,15,0,0,
59658,2017-07-20 04:00:00,60.9,SURF,True,EXTREME_TYPE1,757,4,4,"(109.82, 20.75);(109.82, 21.5);(110.64, 20.75);(110.64, 21.5)"
59501,2017-07-23 14:00:00,24.7,SURF,True,EXTREME_TYPE1,771,3,3,"(114.73, 23.0);(115.55, 22.25);(115.55, 23.0)"
59500,2017-07-24 02:00:00,23.9,SURF,True,NORMAL,776,0,0,
59318,2017-08-01 05:00:00,38.6,SURF,True,EXTREME_TYPE1,603,4,4,"(116.36, 23.0);(116.36, 23.75);(117.18, 23.0);(117.18, 23.75)"
59294,2017-08-02 06:00:00,24.3,SURF,True,EXTREME_TYPE1,1465,2,2,"(113.91, 23.0);(113.91, 23.75)"
59493,2017-08-02 12:00:00,60.5,SURF,True,EXTREME_TYPE1,3146,2,2,"(113.91, 22.25);(113.91, 23.0)"
59655,2017-08-03 12:00:00,13.9,SURF,True,NORMAL,14,0,0,
59663,2017-08-03 17:00:00,20.2,SURF,True,EXTREME_TYPE1,1153,4,4,"(111.45, 21.5);(111.45, 22.25);(112.27, 21.5);(112.27, 22.25)"
59476,2017-08-22 20:00:00,70.4,SURF,True,EXTREME_TYPE1,3652,2,2,"(113.09, 22.25);(113.09, 23.0)"
59313,2017-08-23 14:00:00,20.9,SURF,True,NORMAL,562,0,0,
59477,2017-08-23 16:00:00,50.2,SURF,True,NORMAL,944,0,0,
59107,2017-08-23 23:00:00,53.7,SURF,True,EXTREME_TYPE1,761,4,1,"(115.55, 23.75)"
59107,2017-08-24 00:00:00,58.6,SURF,True,EXTREME_TYPE1,765,4,1,"(115.55, 23.75)"
59075,2017-08-24 10:00:00,3.9,SURF,True,NORMAL,8,0,0,
59088,2017-08-24 16:00:00,28.1,SURF,True,EXTREME_TYPE1,900,4,4,"(113.09, 23.75);(113.09, 24.5);(113.91, 23.75);(113.91, 24.5)"
59470,2017-08-27 12:00:00,40.5,SURF,True,NORMAL,1664,0,0,
59462,2017-09-01 17:00:00,5.8,SURF,True,EXTREME_TYPE1,17,9,9,"(111.5, 22.6);(111.5, 22.7);(111.5, 22.8);(111.6, 22.6);(111.6, 22.7);(111.6, 22.8);(111.7, 22.6);(111.7, 22.7);(111.7, 22.8)"
59478,2017-09-02 19:00:00,52.3,SURF,True,EXTREME_TYPE1,1753,2,2,"(112.27, 22.25);(113.09, 22.25)"
59285,2017-09-05 08:00:00,45.2,SURF,True,EXTREME_TYPE1,1453,3,3,"(113.09, 23.75);(113.91, 23.0);(113.91, 23.75)"
59298,2017-09-05 16:00:00,65.2,SURF,True,EXTREME_TYPE1,1145,2,2,"(113.91, 23.0);(114.73, 23.0)"
59287,2017-09-06 04:00:00,36.9,SURF,True,EXTREME_TYPE1,1460,4,4,"(113.09, 23.0);(113.09, 23.75);(113.91, 23.0);(113.91, 23.75)"
59087,2017-09-07 01:00:00,50.6,SURF,True,EXTREME_TYPE1,895,3,3,"(113.09, 23.75);(113.91, 23.75);(113.91, 24.5)"
59471,2017-09-07 10:00:00,61.4,SURF,True,EXTREME_TYPE1,1726,3,3,"(111.45, 23.0);(112.27, 22.25);(112.27, 23.0)"
59656,2017-09-07 17:00:00,13.9,SURF,True,EXTREME_TYPE1,11,8,6,"(110.7, 21.3);(110.7, 21.4);(110.7, 21.5);(110.8, 21.4);(110.8, 21.5);(110.9, 21.4)"
59750,2017-09-29 07:00:00,9.9,SURF,True,EXTREME_TYPE1,10,2,2,"(110.0, 21.0);(110.1, 21.1)"
59475,2017-09-30 01:00:00,10.6,SURF,True,EXTREME_TYPE1,27,12,11,"(112.5, 22.3);(112.5, 22.4);(112.5, 22.5);(112.6, 22.3);(112.6, 22.4);(112.6, 22.5);(112.7, 22.3);(112.7, 22.4);(112.7, 22.5);(112.8, 22.4);(112.8, 22.5)"
59278,2017-10-09 18:00:00,2.1,SURF,True,NORMAL,31,0,0,
59107,2017-10-15 10:00:00,1.0,SURF,True,NORMAL,11,0,0,
59501,2017-10-15 21:00:00,34.5,SURF,True,NORMAL,796,0,0,
59486,2018-01-07 02:00:00,5.3,SURF,True,NORMAL,43,0,0,
59075,2018-01-08 06:00:00,9.8,SURF,True,NORMAL,9,0,0,
59306,2018-01-09 04:00:00,2.0,SURF,True,NORMAL,24,0,0,
59072,2018-03-14 21:00:00,14.9,SURF,True,NORMAL,13,0,0,
59088,2018-04-14 11:00:00,52.1,SURF,True,EXTREME_TYPE1,1003,4,4,"(113.09, 23.75);(113.09, 24.5);(113.91, 23.75);(113.91, 24.5)"
59097,2018-04-14 13:00:00,37.5,SURF,True,NORMAL,603,0,0,
59285,2018-04-14 16:00:00,11.1,SURF,True,NORMAL,22,0,0,
59298,2018-04-14 22:00:00,6.7,SURF,True,NORMAL,21,0,0,
59654,2018-04-30 15:00:00,60.9,SURF,True,EXTREME_TYPE1,716,3,3,"(109.82, 21.5);(110.64, 21.5);(110.64, 22.25)"
59269,2018-05-01 13:00:00,21.7,SURF,True,EXTREME_TYPE1,953,4,4,"(111.45, 23.0);(111.45, 23.75);(112.27, 23.0);(112.27, 23.75)"
59477,2018-05-04 02:00:00,72.6,SURF,True,EXTREME_TYPE1,1165,2,2,"(111.45, 22.25);(112.27, 22.25)"
59750,2018-05-05 18:00:00,39.5,SURF,True,EXTREME_TYPE1,385,3,3,"(109.82, 20.75);(109.82, 21.5);(110.64, 20.75)"
59314,2018-05-07 12:00:00,51.2,SURF,True,EXTREME_TYPE1,1531,4,4,"(115.55, 23.0);(115.55, 23.75);(116.36, 23.0);(116.36, 23.75)"
59287,2018-05-07 18:00:00,52.8,SURF,True,NORMAL,1546,0,0,
59314,2018-05-07 22:00:00,6.9,SURF,True,NORMAL,38,0,0,
59471,2018-05-08 02:00:00,76.6,SURF,True,EXTREME_TYPE1,1790,3,3,"(111.45, 23.0);(112.27, 22.25);(112.27, 23.0)"
59315,2018-05-08 19:00:00,54.8,SURF,True,EXTREME_TYPE1,1520,2,2,"(116.36, 23.0);(116.36, 23.75)"
59269,2018-05-09 03:00:00,5.5,SURF,True,NORMAL,13,0,0,
59088,2018-05-09 14:00:00,1.6,SURF,True,NORMAL,13,0,0,
59279,2018-05-10 05:00:00,6.3,SURF,True,NORMAL,61,0,0,
59656,2018-05-10 21:00:00,28.3,SURF,True,EXTREME_TYPE1,627,3,3,"(110.64, 20.75);(110.64, 21.5);(111.45, 21.5)"
59655,2018-05-12 11:00:00,20.5,SURF,True,EXTREME_TYPE1,719,2,2,"(110.64, 21.5);(110.64, 22.25)"
57988,2018-05-12 18:00:00,8.3,SURF,True,NORMAL,17,0,0,
59650,2018-05-17 16:00:00,49.7,SURF,True,EXTREME_TYPE1,885,2,2,"(109.82, 21.5);(110.64, 21.5)"
59650,2018-05-18 17:00:00,18.0,SURF,True,EXTREME_TYPE1,14,11,11,"(110.1, 21.3);(110.1, 21.4);(110.2, 21.3);(110.2, 21.4);(110.2, 21.5);(110.3, 21.3);(110.3, 21.4);(110.3, 21.5);(110.4, 21.3);(110.4, 21.4);(110.4, 21.5)"
59477,2018-05-28 14:00:00,12.7,SURF,True,EXTREME_TYPE1,27,10,8,"(112.2, 22.2);(112.2, 22.3);(112.2, 22.4);(112.3, 22.2);(112.3, 22.3);(112.3, 22.4);(112.4, 22.2);(112.4, 22.3)"
59264,2018-06-01 19:00:00,23.6,SURF,True,NORMAL,327,0,0,
59673,2018-06-02 09:00:00,59.9,SURF,True,EXTREME_TYPE1,1929,4,4,"(112.27, 21.5);(112.27, 22.25);(113.09, 21.5);(113.09, 22.25)"
59289,2018-06-03 20:00:00,15.2,SURF,True,EXTREME_TYPE1,57,12,12,"(113.6, 22.9);(113.6, 23.0);(113.7, 22.8);(113.7, 22.9);(113.7, 23.0);(113.7, 23.1);(113.8, 22.8);(113.8, 22.9);(113.8, 23.0);(113.8, 23.1);(113.9, 22.9);(113.9, 23.0)"
59487,2018-06-06 05:00:00,2.2,SURF,True,NORMAL,47,0,0,
59478,2018-06-06 06:00:00,64.8,SURF,True,EXTREME_TYPE1,1930,2,2,"(112.27, 22.25);(113.09, 22.25)"
59303,2018-06-06 19:00:00,9.5,SURF,True,NORMAL,14,0,0,
59485,2018-06-07 08:00:00,10.7,SURF,True,NORMAL,45,0,0,
59480,2018-06-07 09:00:00,27.9,SURF,True,NORMAL,3544,0,0,
59493,2018-06-07 21:00:00,15.3,SURF,True,NORMAL,89,0,0,
59485,2018-06-08 05:00:00,40.5,SURF,True,NORMAL,3546,0,0,
59279,2018-06-08 07:00:00,20.0,SURF,True,NORMAL,2140,0,0,
59501,2018-06-08 09:00:00,48.3,SURF,True,NORMAL,998,0,0,
59287,2018-06-08 12:00:00,17.1,SURF,True,NORMAL,42,0,0,
59288,2018-06-08 13:00:00,52.7,SURF,True,NORMAL,2135,0,0,
59287,2018-06-08 19:00:00,52.7,SURF,True,NORMAL,1558,0,0,
59294,2018-06-09 02:00:00,58.6,SURF,True,NORMAL,1548,0,0,
59485,2018-06-12 20:00:00,13.3,SURF,True,NORMAL,46,0,0,
59470,2018-06-13 07:00:00,5.9,SURF,True,NORMAL,14,0,0,
59114,2018-06-13 18:00:00,2.4,SURF,True,NORMAL,15,0,0,
59324,2018-06-18 22:00:00,54.2,SURF,True,NORMAL,597,0,0,
59502,2018-06-22 04:00:00,53.2,SURF,True,EXTREME_TYPE1,1003,2,2,"(115.55, 23.0);(116.36, 23.0)"
59673,2018-06-22 08:00:00,23.8,SURF,True,EXTREME_TYPE1,1928,4,4,"(112.27, 21.5);(112.27, 22.25);(113.09, 21.5);(113.09, 22.25)"
59475,2018-06-24 05:00:00,35.8,SURF,True,EXTREME_TYPE1,1921,3,3,"(112.27, 22.25);(112.27, 23.0);(113.09, 22.25)"
59287,2018-07-06 16:00:00,63.2,SURF,True,EXTREME_TYPE1,1561,4,4,"(113.09, 23.0);(113.09, 23.75);(113.91, 23.0);(113.91, 23.75)"
59306,2018-07-09 15:00:00,24.0,SURF,True,EXTREME_TYPE1,1536,4,4,"(115.55, 23.0);(115.55, 23.75);(116.36, 23.0);(116.36, 23.75)"
59270,2018-07-13 17:00:00,37.7,SURF,True,EXTREME_TYPE1,672,3,3,"(111.45, 23.75);(112.27, 23.75);(112.27, 24.5)"
59487,2018-07-17 21:00:00,58.3,SURF,True,NORMAL,1763,0,0,
59478,2018-07-17 23:00:00,35.6,SURF,True,NORMAL,1893,0,0,
59658,2018-07-18 14:00:00,5.5,SURF,True,NORMAL,17,0,0,
59315,2018-07-21 21:00:00,7.5,SURF,True,FALSE,23,9,0,
59487,2018-07-23 18:00:00,12.0,SURF,True,NORMAL,45,0,0,
59287,2018-07-24 11:00:00,12.4,SURF,True,NORMAL,40,0,0,
59279,2018-07-26 13:00:00,56.5,SURF,True,EXTREME_TYPE1,2092,3,3,"(112.27, 23.0);(113.09, 23.0);(113.09, 23.75)"
59750,2018-07-26 16:00:00,34.5,SURF,True,NORMAL,377,0,0,
59477,2018-07-29 14:00:00,11.3,SURF,True,NORMAL,27,0,0,
59293,2018-08-02 11:00:00,30.9,SURF,True,EXTREME_TYPE1,1109,3,2,"(114.73, 23.75);(114.73, 24.5)"
59659,2018-08-07 14:00:00,55.6,SURF,True,EXTREME_TYPE1,987,4,4,"(110.64, 21.5);(110.64, 22.25);(111.45, 21.5);(111.45, 22.25)"
59082,2018-08-07 17:00:00,24.5,SURF,True,EXTREME_TYPE1,648,3,3,"(113.09, 24.5);(113.91, 24.5);(113.91, 25.25)"
59094,2018-08-10 14:00:00,13.1,SURF,True,FALSE,12,12,0,
59754,2018-08-10 16:00:00,50.6,SURF,True,NORMAL,390,0,0,
59471,2018-08-10 20:00:00,8.5,SURF,True,NORMAL,16,0,0,
59656,2018-08-11 01:00:00,12.3,SURF,True,NORMAL,11,0,0,
59501,2018-08-11 08:00:00,10.0,SURF,True,EXTREME_TYPE1,28,11,11,"(115.2, 22.7);(115.2, 22.8);(115.3, 22.7);(115.3, 22.8);(115.3, 22.9);(115.4, 22.7);(115.4, 22.8);(115.4, 22.9);(115.5, 22.7);(115.5, 22.8);(115.5, 22.9)"
59469,2018-08-11 14:00:00,51.0,SURF,True,NORMAL,1213,0,0,
59469,2018-08-11 15:00:00,81.3,SURF,True,EXTREME_TYPE1,1210,3,3,"(111.45, 21.5);(111.45, 22.25);(112.27, 22.25)"
59477,2018-08-12 03:00:00,24.2,SURF,True,NORMAL,1214,0,0,
59655,2018-08-16 02:00:00,1.9,SURF,True,NORMAL,15,0,0,
59480,2018-08-19 16:00:00,50.0,SURF,True,EXTREME_TYPE1,3508,3,3,"(113.09, 22.25);(113.09, 23.0);(113.91, 23.0)"
59317,2018-08-20 05:00:00,51.6,SURF,True,EXTREME_TYPE1,1027,2,2,"(115.55, 23.0);(116.36, 23.0)"
59288,2018-08-21 21:00:00,65.8,SURF,True,EXTREME_TYPE1,2130,3,3,"(112.27, 23.0);(113.09, 23.0);(113.09, 23.75)"
59473,2018-08-21 22:00:00,58.3,SURF,True,NORMAL,3744,0,0,
59097,2018-08-22 03:00:00,18.8,SURF,True,EXTREME_TYPE1,14,10,9,"(114.1, 24.0);(114.1, 24.1);(114.2, 24.0);(114.2, 24.1);(114.2, 24.2);(114.3, 23.9);(114.3, 24.0);(114.3, 24.1);(114.3, 24.2)"
59284,2018-08-22 16:00:00,39.4,SURF,True,EXTREME_TYPE1,1518,3,3,"(113.09, 23.0);(113.09, 23.75);(113.91, 23.75)"
59659,2018-08-23 16:00:00,139.9,SURF,True,EXTREME_TYPE1,985,4,4,"(110.64, 21.5);(110.64, 22.25);(111.45, 21.5);(111.45, 22.25)"
59750,2018-08-23 18:00:00,51.0,SURF,True,EXTREME_TYPE1,389,3,3,"(109.82, 20.75);(109.82, 21.5);(110.64, 20.75)"
59318,2018-08-26 22:00:00,1.8,SURF,True,NORMAL,28,0,0,
59655,2018-08-26 23:00:00,51.7,SURF,True,EXTREME_TYPE1,706,2,2,"(110.64, 21.5);(110.64, 22.25)"
59271,2018-08-27 20:00:00,5.5,SURF,True,NORMAL,19,0,0,
59492,2018-08-28 01:00:00,2.9,SURF,True,NORMAL,7,0,0,
59654,2018-08-28 12:00:00,6.2,SURF,True,EXTREME_TYPE1,14,8,8,"(110.2, 21.5);(110.2, 21.7);(110.3, 21.5);(110.3, 21.6);(110.3, 21.7);(110.4, 21.5);(110.4, 21.6);(110.4, 21.7)"
59279,2018-08-29 15:00:00,28.9,SURF,True,EXTREME_TYPE1,2141,3,3,"(112.27, 23.0);(113.09, 23.0);(113.09, 23.75)"
59317,2018-08-29 16:00:00,5.1,SURF,True,NORMAL,21,0,0,
59318,2018-08-30 14:00:00,56.2,SURF,True,NORMAL,595,0,0,
59097,2018-08-30 15:00:00,17.7,SURF,True,NORMAL,13,0,0,
59653,2018-08-30 20:00:00,57.0,SURF,True,EXTREME_TYPE1,990,4,4,"(110.64, 21.5);(110.64, 22.25);(111.45, 21.5);(111.45, 22.25)"
59107,2018-08-31 05:00:00,8.0,SURF,True,EXTREME_TYPE1,11,10,10,"(115.1, 24.1);(115.2, 24.0);(115.2, 24.1);(115.2, 24.2);(115.3, 24.0);(115.3, 24.1);(115.3, 24.2);(115.4, 24.0);(115.4, 24.1);(115.4, 24.2)"
59500,2018-08-31 07:00:00,44.8,SURF,True,EXTREME_TYPE1,981,2,2,"(114.73, 23.0);(115.55, 23.0)"
59287,2018-08-31 14:00:00,23.3,SURF,True,NORMAL,1546,0,0,
59293,2018-08-31 15:00:00,1.7,SURF,True,NORMAL,9,0,0,
59294,2018-08-31 16:00:00,14.6,SURF,True,NORMAL,15,0,0,
59075,2018-09-01 11:00:00,34.7,SURF,True,EXTREME_TYPE1,991,3,3,"(112.27, 23.75);(112.27, 24.5);(113.09, 24.5)"
59107,2018-09-02 18:00:00,27.5,SURF,True,EXTREME_TYPE1,790,4,4,"(114.73, 23.75);(114.73, 24.5);(115.55, 23.75);(115.55, 24.5)"
59289,2018-09-02 18:00:00,11.4,SURF,True,EXTREME_TYPE1,58,12,10,"(113.6, 22.9);(113.6, 23.0);(113.7, 22.9);(113.7, 23.0);(113.7, 23.1);(113.8, 22.9);(113.8, 23.0);(113.8, 23.1);(113.9, 22.9);(113.9, 23.0)"
59278,2018-09-06 17:00:00,57.5,SURF,True,EXTREME_TYPE1,3814,2,2,"(112.27, 23.0);(113.09, 23.0)"
59655,2018-09-07 20:00:00,41.9,SURF,True,EXTREME_TYPE1,708,2,2,"(110.64, 21.5);(110.64, 22.25)"
59658,2018-09-13 06:00:00,12.5,SURF,True,NORMAL,17,0,0,
59487,2018-09-16 12:00:00,19.1,SURF,True,NORMAL,47,0,0,
59473,2018-09-16 15:00:00,13.3,SURF,True,NORMAL,54,0,0,
59487,2018-09-16 16:00:00,18.8,SURF,True,NORMAL,46,0,0,
59663,2018-09-17 05:00:00,56.1,SURF,True,EXTREME_TYPE1,978,4,4,"(111.45, 21.5);(111.45, 22.25);(112.27, 21.5);(112.27, 22.25)"
59663,2018-09-17 06:00:00,74.6,SURF,True,EXTREME_TYPE1,965,4,4,"(111.45, 21.5);(111.45, 22.25);(112.27, 21.5);(112.27, 22.25)"
59653,2018-09-17 10:00:00,10.6,SURF,True,NORMAL,15,0,0,
59071,2018-09-17 13:00:00,15.8,SURF,True,NORMAL,18,0,0,
59485,2018-09-24 09:00:00,34.4,SURF,True,EXTREME_TYPE1,3544,4,4,"(113.09, 22.25);(113.09, 23.0);(113.91, 22.25);(113.91, 23.0)"
59271,2018-10-15 04:00:00,6.4,SURF,True,NORMAL,19,0,0,
59289,2018-10-15 17:00:00,20.3,SURF,True,EXTREME_TYPE1,3564,2,2,"(113.09, 23.0);(113.91, 23.0)"
59284,2018-10-17 06:00:00,5.8,SURF,True,NORMAL,43,0,0,
59462,2018-10-22 20:00:00,33.6,SURF,True,EXTREME_TYPE1,1853,3,2,"(111.45, 22.25);(111.45, 23.0)"
59456,2018-10-22 21:00:00,72.6,SURF,True,EXTREME_TYPE1,1013,2,2,"(110.64, 22.25);(111.45, 22.25)"
59082,2018-12-08 19:00:00,1.9,SURF,True,NORMAL,14,0,0,
59288,2019-02-18 10:00:00,15.4,SURF,True,NORMAL,67,0,0,
59469,2019-02-18 10:00:00,33.9,SURF,True,NORMAL,1235,0,0,
59653,2019-02-21 17:00:00,12.4,SURF,True,EXTREME_TYPE1,16,12,12,"(110.7, 21.9);(110.7, 22.0);(110.8, 21.8);(110.8, 21.9);(110.8, 22.0);(110.8, 22.1);(110.9, 21.8);(110.9, 21.9);(110.9, 22.0);(110.9, 22.1);(111.0, 21.9);(111.0, 22.0)"
59287,2019-02-21 18:00:00,54.7,SURF,True,EXTREME_TYPE1,1591,4,4,"(113.09, 23.0);(113.09, 23.75);(113.91, 23.0);(113.91, 23.75)"
59090,2019-02-23 15:00:00,5.3,SURF,True,NORMAL,18,0,0,
59664,2019-02-23 15:00:00,11.8,SURF,True,NORMAL,22,0,0,
59088,2019-02-23 19:00:00,1.5,SURF,True,NORMAL,13,0,0,
59279,2019-02-23 20:00:00,1.6,SURF,True,NORMAL,64,0,0,
59663,2019-03-06 12:00:00,26.6,SURF,True,NORMAL,1151,0,0,
59480,2019-03-09 09:00:00,6.7,SURF,True,NORMAL,87,0,0,
59303,2019-03-22 18:00:00,63.2,SURF,True,EXTREME_TYPE1,1546,3,3,"(115.55, 23.75);(115.55, 24.5);(116.36, 23.75)"
59650,2019-03-23 08:00:00,56.1,SURF,True,EXTREME_TYPE1,905,2,2,"(109.82, 21.5);(110.64, 21.5)"
59082,2019-03-23 09:00:00,2.5,SURF,True,NORMAL,12,0,0,
59658,2019-03-23 09:00:00,70.9,SURF,True,EXTREME_TYPE1,906,4,4,"(109.82, 20.75);(109.82, 21.5);(110.64, 20.75);(110.64, 21.5)"
59072,2019-03-24 01:00:00,7.7,SURF,True,NORMAL,13,0,0,
59268,2019-03-29 11:00:00,1.4,SURF,True,NORMAL,15,0,0,
59094,2019-03-29 13:00:00,8.8,SURF,True,NORMAL,13,0,0,
59075,2019-03-31 09:00:00,4.5,SURF,True,NORMAL,9,0,0,
59470,2019-03-31 22:00:00,15.2,SURF,True,EXTREME_TYPE1,15,10,7,"(112.1, 22.7);(112.1, 22.8);(112.2, 22.6);(112.2, 22.7);(112.2, 22.8);(112.3, 22.7);(112.3, 22.8)"
59456,2019-04-12 08:00:00,3.9,SURF,True,NORMAL,18,0,0,
59650,2019-04-12 08:00:00,66.7,SURF,True,NORMAL,898,0,0,
59653,2019-04-12 09:00:00,32.1,SURF,True,NORMAL,1006,0,0,
59462,2019-04-12 10:00:00,3.8,SURF,True,NORMAL,18,0,0,
59664,2019-04-13 17:00:00,70.0,SURF,True,NORMAL,626,0,0,
59456,2019-04-14 17:00:00,57.5,SURF,True,NORMAL,972,0,0,
59469,2019-04-14 17:00:00,29.2,SURF,True,NORMAL,1193,0,0,
59074,2019-04-18 14:00:00,20.6,SURF,True,NORMAL,329,0,0,
59109,2019-04-18 20:00:00,26.9,SURF,True,NORMAL,788,0,0,
59304,2019-04-19 03:00:00,33.8,SURF,True,EXTREME_TYPE1,1141,2,2,"(114.73, 23.75);(115.55, 23.75)"
59287,2019-04-19 05:00:00,29.9,SURF,True,NORMAL,1568,0,0,
59318,2019-04-19 15:00:00,15.7,SURF,True,NORMAL,29,0,0,
59087,2019-04-20 10:00:00,30.0,SURF,True,NORMAL,1023,0,0,
59297,2019-04-20 14:00:00,58.7,SURF,True,NORMAL,824,0,0,
59290,2019-04-21 21:00:00,56.4,SURF,True,EXTREME_TYPE1,819,2,2,"(113.91, 23.75);(114.73, 23.75)"
59294,2019-04-22 18:00:00,54.6,SURF,True,EXTREME_TYPE1,1527,2,2,"(113.91, 23.0);(113.91, 23.75)"
59074,2019-04-25 17:00:00,1.3,SURF,True,FALSE,17,5,0,
59271,2019-04-26 22:00:00,50.5,SURF,True,EXTREME_TYPE1,2126,3,3,"(112.27, 23.0);(112.27, 23.75);(113.09, 23.75)"
59284,2019-04-26 23:00:00,50.7,SURF,True,NORMAL,1545,0,0,
59285,2019-04-26 23:00:00,51.4,SURF,True,NORMAL,1545,0,0,
59270,2019-04-27 07:00:00,3.0,SURF,True,NORMAL,10,0,0,
59096,2019-04-27 15:00:00,14.0,SURF,True,NORMAL,4,0,0,
59094,2019-04-30 08:00:00,41.9,SURF,True,EXTREME_TYPE1,633,3,3,"(113.91, 23.75);(113.91, 24.5);(114.73, 24.5)"
59653,2019-04-30 09:00:00,53.8,SURF,True,NORMAL,1027,0,0,
59500,2019-05-06 16:00:00,4.5,SURF,True,EXTREME_TYPE1,31,10,10,"(115.2, 22.9);(115.2, 23.0);(115.2, 23.1);(115.3, 22.9);(115.3, 23.0);(115.3, 23.1);(115.4, 22.9);(115.4, 23.0);(115.4, 23.1);(115.5, 23.0)"
59117,2019-05-07 00:00:00,1.1,SURF,True,EXTREME_TYPE1,21,11,11,"(115.9, 24.2);(115.9, 24.3);(116.0, 24.2);(116.0, 24.3);(116.0, 24.4);(116.1, 24.2);(116.1, 24.3);(116.1, 24.4);(116.2, 24.2);(116.2, 24.3);(116.2, 24.4)"
59269,2019-05-08 10:00:00,8.2,SURF,True,NORMAL,14,0,0,
59082,2019-05-18 04:00:00,36.7,SURF,True,EXTREME_TYPE1,675,3,3,"(113.09, 24.5);(113.91, 24.5);(113.91, 25.25)"
59088,2019-05-20 04:00:00,38.5,SURF,True,NORMAL,1021,0,0,
59285,2019-05-20 06:00:00,27.1,SURF,True,EXTREME_TYPE1,1567,3,3,"(113.09, 23.75);(113.91, 23.0);(113.91, 23.75)"
59653,2019-05-20 18:00:00,70.6,SURF,True,EXTREME_TYPE1,1014,4,4,"(110.64, 21.5);(110.64, 22.25);(111.45, 21.5);(111.45, 22.25)"
59653,2019-05-21 11:00:00,50.3,SURF,True,EXTREME_TYPE1,1009,4,4,"(110.64, 21.5);(110.64, 22.25);(111.45, 21.5);(111.45, 22.25)"
59287,2019-05-23 14:00:00,20.9,SURF,True,EXTREME_TYPE1,1571,4,4,"(113.09, 23.0);(113.09, 23.75);(113.91, 23.0);(113.91, 23.75)"
59289,2019-05-23 16:00:00,56.7,SURF,True,EXTREME_TYPE1,3807,2,2,"(113.09, 23.0);(113.91, 23.0)"
59663,2019-05-24 02:00:00,50.5,SURF,True,EXTREME_TYPE1,1236,4,4,"(111.45, 21.5);(111.45, 22.25);(112.27, 21.5);(112.27, 22.25)"
59478,2019-05-25 02:00:00,59.8,SURF,True,EXTREME_TYPE1,2006,2,2,"(112.27, 22.25);(113.09, 22.25)"
57989,2019-05-26 07:00:00,5.5,SURF,True,NORMAL,12,0,0,
59471,2019-05-26 15:00:00,12.4,SURF,True,NORMAL,16,0,0,
59488,2019-05-27 08:00:00,57.6,SURF,True,EXTREME_TYPE1,1977,2,2,"(113.09, 22.25);(113.91, 22.25)"
59318,2019-05-27 11:00:00,34.2,SURF,True,NORMAL,608,0,0,
59475,2019-05-29 07:00:00,52.3,SURF,True,EXTREME_TYPE1,2026,3,3,"(112.27, 22.25);(112.27, 23.0);(113.09, 22.25)"
59481,2019-05-29 10:00:00,62.3,SURF,True,EXTREME_TYPE1,3805,2,2,"(113.09, 23.0);(113.91, 23.0)"
59269,2019-05-30 19:00:00,7.2,SURF,True,NORMAL,14,0,0,
59659,2019-05-31 15:00:00,55.5,SURF,True,EXTREME_TYPE1,1025,4,4,"(110.64, 21.5);(110.64, 22.25);(111.45, 21.5);(111.45, 22.25)"
59278,2019-06-02 20:00:00,6.7,SURF,True,NORMAL,33,0,0,
59290,2019-06-03 04:00:00,5.5,SURF,True,FALSE,9,7,0,
59658,2019-06-04 15:00:00,20.9,SURF,True,NORMAL,907,0,0,
59288,2019-06-07 11:00:00,12.5,SURF,True,EXTREME_TYPE1,68,11,9,"(112.9, 23.0);(112.9, 23.1);(112.9, 23.2);(113.0, 23.0);(113.0, 23.1);(113.0, 23.2);(113.1, 23.0);(113.1, 23.1);(113.1, 23.2)"
57996,2019-06-10 08:00:00,6.4,SURF,True,NORMAL,21,0,0,
59294,2019-06-10 13:00:00,24.2,SURF,True,EXTREME_TYPE1,1574,2,2,"(113.91, 23.0);(113.91, 23.75)"
59462,2019-06-11 19:00:00,17.0,SURF,True,NORMAL,16,0,0,
59271,2019-06-11 20:00:00,23.2,SURF,True,NORMAL,2188,0,0,
59278,2019-06-11 20:00:00,27.9,SURF,True,EXTREME_TYPE1,3947,2,2,"(112.27, 23.0);(113.09, 23.0)"
59306,2019-06-12 14:00:00,12.8,SURF,True,NORMAL,26,0,0,
57988,2019-06-12 20:00:00,33.7,SURF,True,NORMAL,730,0,0,
59487,2019-06-13 08:00:00,12.1,SURF,True,NORMAL,49,0,0,
59655,2019-06-13 12:00:00,41.0,SURF,True,EXTREME_TYPE1,732,2,2,"(110.64, 21.5);(110.64, 22.25)"
59663,2019-06-17 03:00:00,12.7,SURF,True,NORMAL,9,0,0,
59294,2019-06-18 12:00:00,30.3,SURF,True,EXTREME_TYPE1,1569,2,2,"(113.91, 23.0);(113.91, 23.75)"
59488,2019-06-25 15:00:00,30.1,SURF,True,EXTREME_TYPE1,1978,2,2,"(113.09, 22.25);(113.91, 22.25)"
59492,2019-06-30 13:00:00,61.1,SURF,True,EXTREME_TYPE1,1476,2,2,"(113.91, 23.0);(114.73, 23.0)"
59471,2019-07-01 23:00:00,55.9,SURF,True,EXTREME_TYPE1,1903,3,3,"(111.45, 23.0);(112.27, 22.25);(112.27, 23.0)"
59501,2019-07-04 06:00:00,2.7,SURF,True,NORMAL,31,0,0,
59116,2019-07-09 14:00:00,13.5,SURF,True,EXTREME_TYPE1,11,10,9,"(116.6, 24.3);(116.6, 24.4);(116.6, 24.5);(116.7, 24.2);(116.7, 24.3);(116.7, 24.4);(116.7, 24.5);(116.8, 24.3);(116.8, 24.4)"
59314,2019-07-10 03:00:00,57.8,SURF,True,EXTREME_TYPE1,1568,4,4,"(115.55, 23.0);(115.55, 23.75);(116.36, 23.0);(116.36, 23.75)"
59492,2019-07-10 05:00:00,63.8,SURF,True,EXTREME_TYPE1,1468,2,2,"(113.91, 23.0);(114.73, 23.0)"
59319,2019-07-10 07:00:00,53.4,SURF,True,NORMAL,616,0,0,
59456,2019-07-11 13:00:00,41.8,SURF,True,NORMAL,1013,0,0,
59114,2019-07-11 20:00:00,50.2,SURF,True,EXTREME_TYPE1,810,2,2,"(115.55, 24.5);(116.36, 24.5)"
59075,2019-07-19 16:00:00,34.2,SURF,True,EXTREME_TYPE1,1043,3,3,"(112.27, 23.75);(112.27, 24.5);(113.09, 24.5)"
59284,2019-07-19 16:00:00,77.1,SURF,True,EXTREME_TYPE1,1537,3,3,"(113.09, 23.0);(113.09, 23.75);(113.91, 23.75)"
59107,2019-07-19 17:00:00,64.0,SURF,True,EXTREME_TYPE1,783,4,4,"(114.73, 23.75);(114.73, 24.5);(115.55, 23.75);(115.55, 24.5)"
59271,2019-07-22 16:00:00,24.9,SURF,True,EXTREME_TYPE1,2184,3,3,"(112.27, 23.0);(112.27, 23.75);(113.09, 23.75)"
59500,2019-07-22 22:00:00,44.1,SURF,True,EXTREME_TYPE1,1035,2,2,"(114.73, 23.0);(115.55, 23.0)"
59290,2019-07-24 18:00:00,34.9,SURF,True,EXTREME_TYPE1,829,2,2,"(113.91, 23.75);(114.73, 23.75)"
59663,2019-07-29 07:00:00,43.7,SURF,True,EXTREME_TYPE1,1255,4,4,"(111.45, 21.5);(111.45, 22.25);(112.27, 21.5);(112.27, 22.25)"
59487,2019-07-31 01:00:00,7.3,SURF,True,EXTREME_TYPE1,49,10,10,"(113.2, 22.1);(113.2, 22.2);(113.2, 22.3);(113.3, 22.1);(113.3, 22.2);(113.3, 22.3);(113.3, 22.4);(113.4, 22.1);(113.4, 22.2);(113.4, 22.3)"
59318,2019-08-01 06:00:00,6.1,SURF,True,NORMAL,34,0,0,
59673,2019-08-01 06:00:00,50.8,SURF,True,NORMAL,2024,0,0,
59664,2019-08-01 12:00:00,55.0,SURF,True,NORMAL,643,0,0,
59502,2019-08-01 13:00:00,4.5,SURF,True,NORMAL,25,0,0,
59664,2019-08-01 17:00:00,34.0,SURF,True,NORMAL,645,0,0,
59663,2019-08-01 18:00:00,31.5,SURF,True,NORMAL,1264,0,0,
59750,2019-08-02 06:00:00,34.1,SURF,True,NORMAL,402,0,0,
59487,2019-08-02 12:00:00,63.2,SURF,True,EXTREME_TYPE1,1981,2,2,"(113.09, 22.25);(113.91, 22.25)"
59487,2019-08-02 13:00:00,59.1,SURF,True,EXTREME_TYPE1,1980,2,2,"(113.09, 22.25);(113.91, 22.25)"
59288,2019-08-06 21:00:00,42.4,SURF,True,EXTREME_TYPE1,2196,3,3,"(112.27, 23.0);(113.09, 23.0);(113.09, 23.75)"
59754,2019-08-07 14:00:00,52.4,SURF,True,EXTREME_TYPE1,405,2,2,"(109.82, 20.75);(110.64, 20.75)"
59500,2019-08-14 14:00:00,67.0,SURF,True,EXTREME_TYPE1,1043,2,2,"(114.73, 23.0);(115.55, 23.0)"
59287,2019-08-15 02:00:00,50.7,SURF,True,EXTREME_TYPE1,1569,4,4,"(113.09, 23.0);(113.09, 23.75);(113.91, 23.0);(113.91, 23.75)"
59313,2019-08-15 16:00:00,68.4,SURF,True,EXTREME_TYPE1,630,3,3,"(116.36, 23.75);(117.18, 23.0);(117.18, 23.75)"
59462,2019-08-15 16:00:00,26.7,SURF,True,NORMAL,1894,0,0,
59654,2019-08-16 13:00:00,32.5,SURF,True,EXTREME_TYPE1,731,3,3,"(109.82, 21.5);(110.64, 21.5);(110.64, 22.25)"
59280,2019-08-16 19:00:00,54.6,SURF,True,EXTREME_TYPE1,2184,2,2,"(113.09, 23.0);(113.09, 23.75)"
59502,2019-08-18 15:00:00,58.5,SURF,True,NORMAL,1080,0,0,
59469,2019-08-19 16:00:00,59.9,SURF,True,EXTREME_TYPE1,1259,3,3,"(111.45, 21.5);(111.45, 22.25);(112.27, 22.25)"
59656,2019-08-22 01:00:00,57.6,SURF,True,FALSE,644,3,0,
59315,2019-08-25 10:00:00,22.2,SURF,True,NORMAL,1616,0,0,
59480,2019-08-25 20:00:00,50.0,SURF,True,EXTREME_TYPE1,3772,3,3,"(113.09, 22.25);(113.09, 23.0);(113.91, 23.0)"
59088,2019-08-26 04:00:00,2.3,SURF,True,NORMAL,13,0,0,
59456,2019-08-26 07:00:00,28.7,SURF,True,NORMAL,1036,0,0,
59750,2019-08-31 05:00:00,35.0,SURF,True,EXTREME_TYPE1,403,3,3,"(109.82, 20.75);(109.82, 21.5);(110.64, 20.75)"
59106,2019-08-31 21:00:00,60.5,SURF,True,EXTREME_TYPE1,832,2,2,"(115.55, 24.5);(116.36, 24.5)"
59469,2019-08-31 23:00:00,5.9,SURF,True,NORMAL,12,0,0,
59493,2019-09-02 03:00:00,11.2,SURF,True,NORMAL,107,0,0,
59750,2019-09-02 14:00:00,6.1,SURF,True,NORMAL,11,0,0,
59117,2019-09-02 15:00:00,51.6,SURF,True,EXTREME_TYPE1,820,4,4,"(115.55, 23.75);(115.55, 24.5);(116.36, 23.75);(116.36, 24.5)"
59478,2019-09-08 16:00:00,62.5,SURF,True,EXTREME_TYPE1,1983,2,2,"(112.27, 22.25);(113.09, 22.25)"
59492,2019-09-11 19:00:00,9.2,SURF,True,EXTREME_TYPE1,8,9,9,"(114.5, 23.0);(114.5, 23.1);(114.6, 22.9);(114.6, 23.0);(114.6, 23.1);(114.7, 22.9);(114.7, 23.0);(114.7, 23.1);(114.8, 22.9)"
59276,2019-09-15 04:00:00,21.7,SURF,True,NORMAL,2189,0,0,
59486,2019-09-16 04:00:00,5.2,SURF,True,NORMAL,56,0,0,
59480,2019-09-17 09:00:00,14.8,SURF,True,EXTREME_TYPE1,88,12,12,"(113.1, 22.7);(113.1, 22.8);(113.1, 22.9);(113.2, 22.7);(113.2, 22.8);(113.2, 22.9);(113.2, 23.0);(113.3, 22.7);(113.3, 22.8);(113.3, 22.9);(113.4, 22.8);(113.4, 22.9)"
59487,2019-09-17 20:00:00,16.0,SURF,True,NORMAL,49,0,0,
59487,2019-10-07 03:00:00,10.2,SURF,True,EXTREME_TYPE1,48,10,9,"(113.2, 22.1);(113.2, 22.2);(113.2, 22.3);(113.3, 22.1);(113.3, 22.2);(113.3, 22.3);(113.4, 22.1);(113.4, 22.2);(113.4, 22.3)"
G2696,2019-10-26 10:00:00,42.2,AWST,False,FALSE,4025,3,0,
G2696,2019-10-26 14:00:00,1.1,AWST,False,FALSE,35,10,0,
G2696,2019-10-26 18:00:00,189.7,AWST,False,FALSE,4029,3,0,
G2696,2019-10-26 21:00:00,37.8,AWST,False,FALSE,4033,3,0,
59279,2020-02-03 21:00:00,3.8,SURF,True,NORMAL,68,0,0,
59654,2020-02-13 07:00:00,22.9,SURF,True,NORMAL,721,0,0,
59287,2020-02-15 12:00:00,25.7,SURF,True,NORMAL,1611,0,0,
59480,2020-02-15 18:00:00,4.2,SURF,True,NORMAL,94,0,0,
59462,2020-03-04 08:00:00,1.5,SURF,True,NORMAL,18,0,0,
59096,2020-03-04 16:00:00,1.5,SURF,True,NORMAL,6,0,0,
59659,2020-03-04 17:00:00,3.9,SURF,True,NORMAL,20,0,0,
59754,2020-03-06 07:00:00,3.1,SURF,True,EXTREME_TYPE1,12,3,3,"(110.1, 20.4);(110.2, 20.3);(110.2, 20.4)"
59278,2020-03-18 10:00:00,1.0,SURF,True,NORMAL,35,0,0,
59270,2020-03-19 05:00:00,1.5,SURF,True,NORMAL,10,0,0,
59750,2020-03-21 09:00:00,6.4,SURF,True,NORMAL,11,0,0,
59287,2020-03-27 20:00:00,22.7,SURF,True,NORMAL,1618,0,0,
59264,2020-03-27 22:00:00,13.4,SURF,True,NORMAL,9,0,0,
59473,2020-03-27 22:00:00,70.4,SURF,True,EXTREME_TYPE1,4132,3,3,"(112.27, 23.0);(113.09, 22.25);(113.09, 23.0)"
59673,2020-03-28 06:00:00,60.8,SURF,True,EXTREME_TYPE1,2118,4,3,"(112.27, 21.5);(113.09, 21.5);(113.09, 22.25)"
59271,2020-04-11 18:00:00,1.4,SURF,True,NORMAL,16,0,0,
59471,2020-04-22 16:00:00,24.0,SURF,True,NORMAL,1920,0,0,
59654,2020-04-22 16:00:00,54.0,SURF,True,NORMAL,728,0,0,
59279,2020-04-22 18:00:00,19.6,SURF,True,NORMAL,69,0,0,
59297,2020-04-22 20:00:00,12.5,SURF,True,NORMAL,13,0,0,
59287,2020-05-10 15:00:00,21.0,SURF,True,NORMAL,1623,0,0,
59488,2020-05-10 19:00:00,36.9,SURF,True,EXTREME_TYPE1,2058,2,2,"(113.09, 22.25);(113.91, 22.25)"
59298,2020-05-16 17:00:00,53.0,SURF,True,EXTREME_TYPE1,1546,2,2,"(113.91, 23.0);(114.73, 23.0)"
59473,2020-05-16 23:00:00,6.4,SURF,True,EXTREME_TYPE1,59,13,13,"(112.8, 22.7);(112.8, 22.8);(112.9, 22.6);(112.9, 22.7);(112.9, 22.8);(112.9, 22.9);(113.0, 22.6);(113.0, 22.7);(113.0, 22.8);(113.0, 22.9);(113.1, 22.6);(113.1, 22.7);(113.1, 22.8)"
59314,2020-05-17 15:00:00,23.0,SURF,True,EXTREME_TYPE1,1697,4,4,"(115.55, 23.0);(115.55, 23.75);(116.36, 23.0);(116.36, 23.75)"
59655,2020-05-17 15:00:00,12.9,SURF,True,NORMAL,15,0,0,
59476,2020-05-17 17:00:00,78.8,SURF,True,EXTREME_TYPE1,4123,2,2,"(113.09, 22.25);(113.09, 23.0)"
59284,2020-05-17 21:00:00,14.0,SURF,True,NORMAL,44,0,0,
59297,2020-05-20 15:00:00,54.2,SURF,True,EXTREME_TYPE1,841,4,4,"(113.91, 23.0);(113.91, 23.75);(114.73, 23.0);(114.73, 23.75)"
59284,2020-05-21 00:00:00,30.5,SURF,True,NORMAL,1615,0,0,
59673,2020-05-21 05:00:00,55.7,SURF,True,EXTREME_TYPE1,2155,4,4,"(112.27, 21.5);(112.27, 22.25);(113.09, 21.5);(113.09, 22.25)"
59673,2020-05-21 06:00:00,106.2,SURF,True,EXTREME_TYPE1,2147,4,4,"(112.27, 21.5);(112.27, 22.25);(113.09, 21.5);(113.09, 22.25)"
59673,2020-05-21 07:00:00,161.0,SURF,True,EXTREME_TYPE1,2148,4,3,"(112.27, 21.5);(113.09, 21.5);(113.09, 22.25)"
59500,2020-05-21 19:00:00,21.4,SURF,True,NORMAL,1200,0,0,
59294,2020-05-22 00:00:00,92.5,SURF,True,NORMAL,1612,0,0,
59284,2020-05-22 02:00:00,13.7,SURF,True,NORMAL,44,0,0,
59287,2020-05-22 03:00:00,84.7,SURF,True,NORMAL,1604,0,0,
59480,2020-05-22 07:00:00,63.2,SURF,True,EXTREME_TYPE1,3904,3,3,"(113.09, 22.25);(113.09, 23.0);(113.91, 23.0)"
59477,2020-05-22 08:00:00,51.7,SURF,True,EXTREME_TYPE1,1274,2,2,"(111.45, 22.25);(112.27, 22.25)"
59476,2020-05-22 09:00:00,11.8,SURF,True,NORMAL,50,0,0,
59477,2020-05-25 05:00:00,5.8,SURF,True,NORMAL,29,0,0,
59478,2020-05-30 07:00:00,51.2,SURF,True,EXTREME_TYPE1,2135,2,2,"(112.27, 22.25);(113.09, 22.25)"
59298,2020-05-31 13:00:00,70.3,SURF,True,EXTREME_TYPE1,1563,2,2,"(113.91, 23.0);(114.73, 23.0)"
59663,2020-06-02 09:00:00,79.8,SURF,True,NORMAL,1244,0,0,
59294,2020-06-05 12:00:00,32.0,SURF,True,EXTREME_TYPE1,1613,2,2,"(113.91, 23.0);(113.91, 23.75)"
59481,2020-06-05 17:00:00,17.0,SURF,True,NORMAL,104,0,0,
59664,2020-06-05 17:00:00,30.3,SURF,True,NORMAL,646,0,0,
59280,2020-06-06 16:00:00,56.0,SURF,True,EXTREME_TYPE1,2292,2,2,"(113.09, 23.0);(113.09, 23.75)"
59075,2020-06-07 03:00:00,54.4,SURF,True,NORMAL,1052,0,0,
59319,2020-06-07 09:00:00,13.4,SURF,True,NORMAL,24,0,0,
59087,2020-06-07 18:00:00,52.2,SURF,True,EXTREME_TYPE1,1076,3,3,"(113.09, 23.75);(113.91, 23.75);(113.91, 24.5)"
59285,2020-06-07 22:00:00,52.7,SURF,True,EXTREME_TYPE1,1596,3,3,"(113.09, 23.75);(113.91, 23.0);(113.91, 23.75)"
59501,2020-06-08 07:00:00,45.3,SURF,True,NORMAL,1181,0,0,
59297,2020-06-08 11:00:00,30.6,SURF,True,NORMAL,832,0,0,
59294,2020-06-08 12:00:00,34.0,SURF,True,NORMAL,1591,0,0,
59297,2020-06-08 12:00:00,89.7,SURF,True,EXTREME_TYPE1,835,4,4,"(113.91, 23.0);(113.91, 23.75);(114.73, 23.0);(114.73, 23.75)"
59285,2020-06-08 13:00:00,2.4,SURF,True,NORMAL,24,0,0,
59279,2020-06-09 19:00:00,16.0,SURF,True,NORMAL,69,0,0,
59750,2020-06-15 16:00:00,17.3,SURF,True,NORMAL,11,0,0,
59754,2020-07-04 19:00:00,1.3,SURF,True,NORMAL,12,0,0,
59075,2020-07-10 00:00:00,9.6,SURF,True,NORMAL,11,0,0,
59316,2020-07-14 21:00:00,41.8,SURF,True,NORMAL,633,0,0,
59290,2020-07-31 12:00:00,2.5,SURF,True,NORMAL,9,0,0,
59315,2020-07-31 20:00:00,5.6,SURF,True,NORMAL,24,0,0,
59319,2020-08-11 07:00:00,7.5,SURF,True,NORMAL,25,0,0,
59500,2020-08-12 12:00:00,21.7,SURF,True,NORMAL,1203,0,0,
59289,2020-08-12 14:00:00,34.3,SURF,True,EXTREME_TYPE1,4008,2,2,"(113.09, 23.0);(113.91, 23.0)"
59650,2020-08-15 17:00:00,75.6,SURF,True,EXTREME_TYPE1,924,2,2,"(109.82, 21.5);(110.64, 21.5)"
59316,2020-08-18 16:00:00,7.8,SURF,True,NORMAL,35,0,0,
59488,2020-08-19 08:00:00,10.3,SURF,True,NORMAL,17,0,0,
59478,2020-08-19 10:00:00,55.8,SURF,True,NORMAL,2114,0,0,
59654,2020-08-19 15:00:00,5.5,SURF,True,NORMAL,15,0,0,
59502,2020-08-24 21:00:00,52.9,SURF,True,EXTREME_TYPE1,1214,2,2,"(115.55, 23.0);(116.36, 23.0)"
59269,2020-08-26 15:00:00,6.3,SURF,True,NORMAL,15,0,0,
59476,2020-08-26 19:00:00,37.4,SURF,True,EXTREME_TYPE1,4169,2,2,"(113.09, 22.25);(113.09, 23.0)"
59117,2020-08-27 19:00:00,45.1,SURF,True,EXTREME_TYPE1,860,4,4,"(115.55, 23.75);(115.55, 24.5);(116.36, 23.75);(116.36, 24.5)"
59284,2020-09-05 10:00:00,25.2,SURF,True,EXTREME_TYPE1,1616,3,3,"(113.09, 23.0);(113.09, 23.75);(113.91, 23.75)"
59486,2020-09-05 12:00:00,17.5,SURF,True,EXTREME_TYPE1,64,11,11,"(113.8, 22.5);(113.8, 22.6);(113.8, 22.7);(113.8, 22.8);(113.9, 22.5);(113.9, 22.6);(113.9, 22.7);(113.9, 22.8);(114.0, 22.6);(114.0, 22.7);(114.0, 22.8)"
59270,2020-09-06 23:00:00,15.2,SURF,True,EXTREME_TYPE1,10,2,2,"(112.3, 23.8);(112.3, 23.9)"
59072,2020-09-07 18:00:00,25.2,SURF,True,EXTREME_TYPE1,344,2,2,"(112.27, 24.5);(112.27, 25.25)"
59264,2020-09-12 01:00:00,65.0,SURF,True,EXTREME_TYPE1,329,2,2,"(111.45, 23.0);(111.45, 23.75)"
59315,2020-09-12 16:00:00,60.3,SURF,True,EXTREME_TYPE1,1723,2,2,"(116.36, 23.0);(116.36, 23.75)"
59475,2020-09-12 17:00:00,65.1,SURF,True,EXTREME_TYPE1,2150,3,3,"(112.27, 22.25);(112.27, 23.0);(113.09, 22.25)"
59106,2020-09-13 20:00:00,12.2,SURF,True,EXTREME_TYPE1,21,11,6,"(115.7, 24.5);(115.8, 24.6);(115.8, 24.7);(115.9, 24.6);(115.9, 24.7);(116.0, 24.6)"
59271,2020-09-20 09:00:00,35.5,SURF,True,EXTREME_TYPE1,2292,3,3,"(112.27, 23.0);(112.27, 23.75);(113.09, 23.75)"
59673,2020-09-23 11:00:00,20.3,SURF,True,EXTREME_TYPE1,2150,4,4,"(112.27, 21.5);(112.27, 22.25);(113.09, 21.5);(113.09, 22.25)"
59673,2020-09-23 12:00:00,52.7,SURF,True,EXTREME_TYPE1,2149,4,4,"(112.27, 21.5);(112.27, 22.25);(113.09, 21.5);(113.09, 22.25)"
59462,2020-09-24 02:00:00,44.0,SURF,True,EXTREME_TYPE1,1932,3,3,"(111.45, 22.25);(111.45, 23.0);(112.27, 23.0)"
59088,2020-09-30 08:00:00,31.8,SURF,True,EXTREME_TYPE1,1109,4,4,"(113.09, 23.75);(113.09, 24.5);(113.91, 23.75);(113.91, 24.5)"
59486,2020-09-30 17:00:00,60.6,SURF,True,EXTREME_TYPE1,3977,2,2,"(113.91, 22.25);(113.91, 23.0)"
59653,2020-09-30 17:00:00,68.5,SURF,True,EXTREME_TYPE1,1047,4,4,"(110.64, 21.5);(110.64, 22.25);(111.45, 21.5);(111.45, 22.25)"
59653,2020-10-13 22:00:00,2.1,SURF,True,NORMAL,17,0,0,
59656,2020-10-15 00:00:00,22.0,SURF,True,NORMAL,642,0,0,
59654,2021-04-26 08:00:00,65.9,SURF,True,EXTREME_TYPE1,748,3,3,"(109.82, 21.5);(110.64, 21.5);(110.64, 22.25)"
59290,2021-04-26 22:00:00,8.6,SURF,True,NORMAL,9,0,0,
59655,2021-05-02 14:00:00,55.0,SURF,True,EXTREME_TYPE1,750,2,2,"(110.64, 21.5);(110.64, 22.25)"
59285,2021-05-03 00:00:00,1.0,SURF,True,NORMAL,24,0,0,
59750,2021-05-03 17:00:00,43.1,SURF,True,NORMAL,402,0,0,
59071,2021-05-04 08:00:00,15.1,SURF,True,NORMAL,18,0,0,
59294,2021-05-25 05:00:00,4.3,SURF,True,NORMAL,15,0,0,
59316,2021-05-31 08:00:00,5.2,SURF,True,NORMAL,35,0,0,
59317,2021-05-31 08:00:00,62.4,SURF,True,NORMAL,1311,0,0,
59488,2021-06-01 04:00:00,62.2,SURF,True,EXTREME_TYPE1,2103,2,2,"(113.09, 22.25);(113.91, 22.25)"
59284,2021-06-01 16:00:00,76.0,SURF,True,NORMAL,1650,0,0,
59264,2021-06-02 15:00:00,30.2,SURF,True,NORMAL,360,0,0,
59287,2021-06-04 04:00:00,12.0,SURF,True,NORMAL,48,0,0,
59456,2021-06-08 18:00:00,63.7,SURF,True,EXTREME_TYPE2,1084,2,1,"(110.64, 22.25)"
59293,2021-06-10 20:00:00,8.5,SURF,True,EXTREME_TYPE1,9,8,8,"(114.6, 23.7);(114.6, 23.8);(114.7, 23.7);(114.7, 23.8);(114.7, 23.9);(114.8, 23.7);(114.8, 23.8);(114.8, 23.9)"
59270,2021-06-14 17:00:00,14.7,SURF,True,EXTREME_TYPE1,13,2,2,"(112.3, 23.8);(112.3, 23.9)"
59480,2021-06-22 06:00:00,55.3,SURF,True,NORMAL,3965,0,0,
59481,2021-06-22 09:00:00,2.1,SURF,True,NORMAL,103,0,0,
59074,2021-06-22 15:00:00,52.3,SURF,True,EXTREME_TYPE1,348,2,2,"(112.27, 24.5);(112.27, 25.25)"
59107,2021-06-22 15:00:00,30.5,SURF,True,EXTREME_TYPE1,1101,4,4,"(114.73, 23.75);(114.73, 24.5);(115.55, 23.75);(115.55, 24.5)"
59096,2021-06-22 19:00:00,8.4,SURF,True,NORMAL,6,0,0,
59264,2021-06-23 16:00:00,2.0,SURF,True,NORMAL,12,0,0,
59487,2021-06-24 06:00:00,10.3,SURF,True,NORMAL,50,0,0,
59280,2021-06-25 18:00:00,54.6,SURF,True,EXTREME_TYPE1,2421,2,2,"(113.09, 23.0);(113.09, 23.75)"
59477,2021-06-25 18:00:00,10.1,SURF,True,EXTREME_TYPE1,31,10,5,"(112.2, 22.1);(112.2, 22.2);(112.2, 22.3);(112.3, 22.1);(112.3, 22.2)"
59114,2021-06-29 12:00:00,16.3,SURF,True,NORMAL,16,0,0,
59477,2021-06-30 11:00:00,2.0,SURF,True,EXTREME_TYPE1,31,10,8,"(112.2, 22.2);(112.2, 22.3);(112.2, 22.4);(112.3, 22.2);(112.3, 22.3);(112.3, 22.4);(112.4, 22.2);(112.4, 22.3)"
59655,2021-06-30 15:00:00,53.7,SURF,True,EXTREME_TYPE1,750,2,2,"(110.64, 21.5);(110.64, 22.25)"
59488,2021-07-19 03:00:00,25.2,SURF,True,EXTREME_TYPE1,2171,2,2,"(113.09, 22.25);(113.91, 22.25)"
59471,2021-07-21 19:00:00,26.2,SURF,True,EXTREME_TYPE1,2075,3,3,"(111.45, 23.0);(112.27, 22.25);(112.27, 23.0)"
59071,2021-07-21 21:00:00,5.2,SURF,True,EXTREME_TYPE1,18,11,11,"(112.1, 24.7);(112.2, 24.6);(112.2, 24.7);(112.2, 24.8);(112.3, 24.6);(112.3, 24.7);(112.3, 24.8);(112.3, 24.9);(112.4, 24.6);(112.4, 24.7);(112.4, 24.8)"
59493,2021-07-25 00:00:00,65.3,SURF,True,EXTREME_TYPE1,4108,2,2,"(113.91, 22.25);(113.91, 23.0)"
59298,2021-07-27 21:00:00,26.9,SURF,True,NORMAL,1656,0,0,
59099,2021-07-30 17:00:00,57.5,SURF,True,EXTREME_TYPE1,1109,2,2,"(114.73, 24.5);(115.55, 24.5)"
59106,2021-08-08 18:00:00,50.4,SURF,True,EXTREME_TYPE1,868,2,2,"(115.55, 24.5);(116.36, 24.5)"
59280,2021-08-09 10:00:00,59.4,SURF,True,EXTREME_TYPE1,2473,2,2,"(113.09, 23.0);(113.09, 23.75)"
59280,2021-08-09 11:00:00,60.9,SURF,True,EXTREME_TYPE1,2473,2,2,"(113.09, 23.0);(113.09, 23.75)"
59297,2021-08-09 16:00:00,82.0,SURF,True,EXTREME_TYPE1,985,4,4,"(113.91, 23.0);(113.91, 23.75);(114.73, 23.0);(114.73, 23.75)"
59487,2021-08-10 05:00:00,89.1,SURF,True,EXTREME_TYPE1,2184,2,2,"(113.09, 22.25);(113.91, 22.25)"
59289,2021-08-10 06:00:00,48.0,SURF,True,NORMAL,4110,0,0,
59488,2021-08-14 05:00:00,29.1,SURF,True,EXTREME_TYPE1,2182,2,2,"(113.09, 22.25);(113.91, 22.25)"
57989,2021-08-15 18:00:00,48.6,SURF,True,EXTREME_TYPE1,745,3,3,"(113.09, 25.25);(113.91, 24.5);(113.91, 25.25)"
59090,2021-08-18 09:00:00,52.4,SURF,True,EXTREME_TYPE1,260,3,3,"(113.91, 24.5);(113.91, 25.25);(114.73, 25.25)"
57988,2021-08-18 18:00:00,14.3,SURF,True,NORMAL,18,0,0,
59487,2021-08-18 19:00:00,56.5,SURF,True,EXTREME_TYPE1,2175,2,2,"(113.09, 22.25);(113.91, 22.25)"
59081,2021-08-19 17:00:00,49.1,SURF,True,EXTREME_TYPE1,1115,3,3,"(113.09, 24.5);(113.09, 25.25);(113.91, 24.5)"
59487,2021-08-27 09:00:00,23.2,SURF,True,NORMAL,2170,0,0,
59287,2021-08-31 06:00:00,40.0,SURF,True,EXTREME_TYPE1,1707,4,4,"(113.09, 23.0);(113.09, 23.75);(113.91, 23.0);(113.91, 23.75)"
59470,2021-09-01 15:00:00,38.6,SURF,True,EXTREME_TYPE1,2073,2,2,"(112.27, 22.25);(112.27, 23.0)"
59502,2021-09-06 15:00:00,50.8,SURF,True,EXTREME_TYPE1,1332,2,2,"(115.55, 23.0);(116.36, 23.0)"
59106,2021-09-08 22:00:00,7.8,SURF,True,EXTREME_TYPE1,21,11,8,"(115.7, 24.5);(115.8, 24.4);(115.8, 24.5);(115.8, 24.6);(115.9, 24.4);(115.9, 24.5);(115.9, 24.6);(116.0, 24.5)"
59750,2021-09-14 08:00:00,6.1,SURF,True,FALSE,11,2,0,
59476,2021-09-14 12:00:00,50.8,SURF,True,EXTREME_TYPE1,4387,2,2,"(113.09, 22.25);(113.09, 23.0)"
59486,2021-09-14 14:00:00,61.7,SURF,True,NORMAL,4139,0,0,
59456,2021-09-17 16:00:00,61.0,SURF,True,EXTREME_TYPE1,1090,2,2,"(110.64, 22.25);(111.45, 22.25)"
59315,2021-10-01 00:00:00,27.4,SURF,True,EXTREME_TYPE1,1792,2,2,"(116.36, 23.0);(116.36, 23.75)"
59754,2021-10-05 10:00:00,61.3,SURF,True,EXTREME_TYPE1,409,2,2,"(109.82, 20.75);(110.64, 20.75)"
59317,2021-10-07 17:00:00,14.8,SURF,True,EXTREME_TYPE1,29,9,9,"(116.2, 22.9);(116.2, 23.0);(116.2, 23.1);(116.3, 22.9);(116.3, 23.0);(116.3, 23.1);(116.4, 22.9);(116.4, 23.0);(116.4, 23.1)"
59487,2021-10-08 13:00:00,17.4,SURF,True,NORMAL,53,0,0,
59486,2021-10-08 14:00:00,15.8,SURF,True,NORMAL,65,0,0,
59298,2021-10-08 21:00:00,3.8,SURF,True,NORMAL,19,0,0,
59485,2021-10-09 03:00:00,20.7,SURF,True,NORMAL,4130,0,0,
59655,2021-10-10 00:00:00,51.3,SURF,True,EXTREME_TYPE1,745,2,2,"(110.64, 21.5);(110.64, 22.25)"
59754,2021-10-15 08:00:00,51.1,SURF,True,EXTREME_TYPE1,410,2,2,"(109.82, 20.75);(110.64, 20.75)"
59271,2021-10-29 22:00:00,3.6,SURF,True,NORMAL,19,0,0,
59269,2021-12-20 18:00:00,1.2,SURF,True,NORMAL,16,0,0,
59473,2022-02-01 11:00:00,4.1,SURF,True,NORMAL,60,0,0,
59114,2022-02-03 07:00:00,6.4,SURF,True,NORMAL,16,0,0,
59088,2022-02-08 19:00:00,2.1,SURF,True,NORMAL,12,0,0,
G5605,2022-02-12 01:00:00,159.5,AWST,False,FALSE,1303,3,0,
G5605,2022-02-12 02:00:00,179.0,AWST,False,FALSE,1303,3,0,
G5605,2022-02-12 04:00:00,160.3,AWST,False,FALSE,1305,3,0,
G5605,2022-02-12 06:00:00,147.2,AWST,False,FALSE,1305,3,0,
G5605,2022-02-12 07:00:00,125.5,AWST,False,FALSE,1305,3,0,
G5605,2022-02-12 10:00:00,79.5,AWST,False,FALSE,1305,3,0,
G5605,2022-02-12 11:00:00,134.7,AWST,False,FALSE,1305,3,0,
59096,2022-02-19 14:00:00,2.1,SURF,True,NORMAL,6,0,0,
59313,2022-02-19 22:00:00,7.1,SURF,True,NORMAL,10,0,0,
59487,2022-02-19 23:00:00,2.8,SURF,True,NORMAL,55,0,0,
59475,2022-02-20 13:00:00,3.1,SURF,True,NORMAL,31,0,0,
59476,2022-02-21 01:00:00,1.2,SURF,True,NORMAL,52,0,0,
59319,2022-03-20 16:00:00,31.1,SURF,True,EXTREME_TYPE1,675,4,4,"(116.36, 23.0);(116.36, 23.75);(117.18, 23.0);(117.18, 23.75)"
59293,2022-03-22 22:00:00,10.9,SURF,True,NORMAL,9,0,0,
59072,2022-03-23 05:00:00,5.8,SURF,True,NORMAL,15,0,0,
59290,2022-03-26 16:00:00,21.7,SURF,True,EXTREME_TYPE1,1000,2,2,"(113.91, 23.75);(114.73, 23.75)"
59493,2022-03-28 02:00:00,12.0,SURF,True,NORMAL,113,0,0,
59284,2022-04-19 02:00:00,1.2,SURF,True,NORMAL,48,0,0,
59287,2022-04-23 21:00:00,53.1,SURF,True,NORMAL,1860,0,0,
59271,2022-04-30 20:00:00,62.9,SURF,True,EXTREME_TYPE1,2666,3,3,"(112.27, 23.0);(112.27, 23.75);(113.09, 23.75)"
59271,2022-05-01 06:00:00,5.1,SURF,True,NORMAL,19,0,0,
59473,2022-05-01 18:00:00,2.4,SURF,True,NORMAL,63,0,0,
59456,2022-05-11 01:00:00,39.9,SURF,True,NORMAL,1096,0,0,
59663,2022-05-11 05:00:00,60.1,SURF,True,NORMAL,1385,0,0,
59488,2022-05-11 06:00:00,79.2,SURF,True,EXTREME_TYPE1,2418,2,2,"(113.09, 22.25);(113.91, 22.25)"
59488,2022-05-11 07:00:00,62.7,SURF,True,EXTREME_TYPE1,2416,2,2,"(113.09, 22.25);(113.91, 22.25)"
59280,2022-05-11 12:00:00,65.8,SURF,True,EXTREME_TYPE1,2673,2,2,"(113.09, 23.0);(113.09, 23.75)"
59088,2022-05-11 13:00:00,12.8,SURF,True,NORMAL,13,0,0,
59096,2022-05-11 14:00:00,3.5,SURF,True,NORMAL,6,0,0,
59298,2022-05-11 21:00:00,11.9,SURF,True,EXTREME_TYPE1,20,12,12,"(114.2, 23.0);(114.2, 23.1);(114.3, 23.0);(114.3, 23.1);(114.3, 23.2);(114.4, 22.9);(114.4, 23.0);(114.4, 23.1);(114.4, 23.2);(114.5, 23.0);(114.5, 23.1);(114.5, 23.2)"
59478,2022-05-12 07:00:00,32.7,SURF,True,NORMAL,2255,0,0,
59270,2022-05-12 12:00:00,24.2,SURF,True,NORMAL,763,0,0,
59087,2022-05-12 14:00:00,7.0,SURF,True,NORMAL,15,0,0,
59303,2022-05-13 15:00:00,8.5,SURF,True,NORMAL,15,0,0,
59477,2022-05-13 18:00:00,62.2,SURF,True,EXTREME_TYPE1,1381,2,2,"(111.45, 22.25);(112.27, 22.25)"
59664,2022-05-15 15:00:00,38.7,SURF,True,NORMAL,696,0,0,
59297,2022-05-21 15:00:00,10.9,SURF,True,EXTREME_TYPE1,13,11,2,"(114.1, 23.1);(114.2, 23.1)"
59075,2022-05-22 08:00:00,6.3,SURF,True,NORMAL,14,0,0,
59650,2022-05-22 12:00:00,1.9,SURF,True,NORMAL,14,0,0,
59312,2022-05-25 15:00:00,11.4,SURF,True,EXTREME_TYPE1,20,10,10,"(116.6, 23.6);(116.6, 23.7);(116.6, 23.8);(116.7, 23.5);(116.7, 23.6);(116.7, 23.7);(116.7, 23.8);(116.8, 23.6);(116.8, 23.7);(116.8, 23.8)"
59096,2022-05-26 08:00:00,26.2,SURF,True,EXTREME_TYPE1,893,3,3,"(113.91, 24.5);(114.73, 23.75);(114.73, 24.5)"
59106,2022-05-27 03:00:00,56.6,SURF,True,EXTREME_TYPE1,874,2,2,"(115.55, 24.5);(116.36, 24.5)"
59487,2022-05-27 06:00:00,10.3,SURF,True,EXTREME_TYPE1,54,10,10,"(113.2, 22.1);(113.2, 22.2);(113.2, 22.3);(113.3, 22.1);(113.3, 22.2);(113.3, 22.3);(113.3, 22.4);(113.4, 22.1);(113.4, 22.2);(113.4, 22.3)"
59099,2022-05-27 16:00:00,50.7,SURF,True,NORMAL,1106,0,0,
59109,2022-05-27 17:00:00,5.8,SURF,True,NORMAL,18,0,0,
59500,2022-05-28 08:00:00,18.9,SURF,True,EXTREME_TYPE1,31,10,10,"(115.2, 22.9);(115.2, 23.0);(115.2, 23.1);(115.3, 22.9);(115.3, 23.0);(115.3, 23.1);(115.4, 22.9);(115.4, 23.0);(115.4, 23.1);(115.5, 23.0)"
G4540,2022-06-02 03:00:00,1.6,AWST,False,NORMAL,16,0,0,
G4540,2022-06-02 09:00:00,3.7,AWST,False,FALSE,16,1,0,
G4540,2022-06-02 14:00:00,199.3,AWST,False,FALSE,646,3,0,
G4540,2022-06-02 15:00:00,72.1,AWST,False,EXTREME_TYPE4,647,3,1,"(112.27, 24.5)"
59312,2022-06-03 18:00:00,58.9,SURF,True,EXTREME_TYPE1,675,2,2,"(116.36, 23.75);(117.18, 23.75)"
59500,2022-06-06 15:00:00,51.4,SURF,True,EXTREME_TYPE1,1312,2,2,"(114.73, 23.0);(115.55, 23.0)"
59284,2022-06-06 17:00:00,94.7,SURF,True,NORMAL,1878,0,0,
59075,2022-06-06 18:00:00,51.7,SURF,True,NORMAL,1129,0,0,
59097,2022-06-06 19:00:00,7.4,SURF,True,NORMAL,16,0,0,
59117,2022-06-07 18:00:00,56.9,SURF,True,EXTREME_TYPE1,870,4,4,"(115.55, 23.75);(115.55, 24.5);(116.36, 23.75);(116.36, 24.5)"
59750,2022-06-08 11:00:00,10.5,SURF,True,NORMAL,11,0,0,
59653,2022-06-08 15:00:00,50.9,SURF,True,NORMAL,1092,0,0,
59314,2022-06-09 17:00:00,19.3,SURF,True,NORMAL,52,0,0,
59654,2022-06-10 18:00:00,56.2,SURF,True,EXTREME_TYPE1,754,3,3,"(109.82, 21.5);(110.64, 21.5);(110.64, 22.25)"
59659,2022-06-11 09:00:00,38.4,SURF,True,NORMAL,1095,0,0,
59478,2022-06-11 11:00:00,51.5,SURF,True,NORMAL,2260,0,0,
59099,2022-06-12 10:00:00,51.3,SURF,True,EXTREME_TYPE1,1116,2,2,"(114.73, 24.5);(115.55, 24.5)"
59500,2022-06-12 11:00:00,107.3,SURF,True,EXTREME_TYPE1,1302,2,2,"(114.73, 23.0);(115.55, 23.0)"
59087,2022-06-12 20:00:00,5.6,SURF,True,NORMAL,15,0,0,
59107,2022-06-13 06:00:00,6.5,SURF,True,NORMAL,36,0,0,
57996,2022-06-13 19:00:00,13.1,SURF,True,NORMAL,21,0,0,
59269,2022-06-14 10:00:00,55.4,SURF,True,EXTREME_TYPE1,1152,4,4,"(111.45, 23.0);(111.45, 23.75);(112.27, 23.0);(112.27, 23.75)"
59099,2022-06-14 11:00:00,4.1,SURF,True,NORMAL,12,0,0,
59293,2022-06-14 11:00:00,44.0,SURF,True,NORMAL,1595,0,0,
59097,2022-06-16 23:00:00,27.9,SURF,True,NORMAL,886,0,0,
59290,2022-06-17 21:00:00,10.2,SURF,True,EXTREME_TYPE1,9,7,1,"(114.3, 23.9)"
59280,2022-06-18 05:00:00,20.3,SURF,True,NORMAL,2629,0,0,
59082,2022-06-19 10:00:00,56.7,SURF,True,EXTREME_TYPE1,725,3,3,"(113.09, 24.5);(113.91, 24.5);(113.91, 25.25)"
59469,2022-06-20 01:00:00,36.0,SURF,True,EXTREME_TYPE1,1364,3,3,"(111.45, 21.5);(111.45, 22.25);(112.27, 22.25)"
59082,2022-06-20 07:00:00,27.1,SURF,True,NORMAL,727,0,0,
57988,2022-06-20 08:00:00,15.0,SURF,True,NORMAL,18,0,0,
59082,2022-06-21 08:00:00,51.8,SURF,True,NORMAL,715,0,0,
59096,2022-06-27 15:00:00,1.1,SURF,True,EXTREME_TYPE1,6,5,5,"(114.3, 24.4);(114.4, 24.3);(114.4, 24.4);(114.5, 24.3);(114.6, 24.4)"
59288,2022-06-30 14:00:00,6.7,SURF,True,NORMAL,101,0,0,
59270,2022-07-04 09:00:00,11.5,SURF,True,NORMAL,13,0,0,
59297,2022-07-04 10:00:00,34.5,SURF,True,NORMAL,981,0,0,
59117,2022-07-06 12:00:00,37.5,SURF,True,EXTREME_TYPE1,863,4,4,"(115.55, 23.75);(115.55, 24.5);(116.36, 23.75);(116.36, 24.5)"
59294,2022-07-06 12:00:00,68.6,SURF,True,EXTREME_TYPE1,1841,2,2,"(113.91, 23.0);(113.91, 23.75)"
59303,2022-07-06 13:00:00,13.7,SURF,True,NORMAL,15,0,0,
59456,2022-07-07 05:00:00,38.7,SURF,True,NORMAL,1092,0,0,
59659,2022-07-07 07:00:00,63.9,SURF,True,NORMAL,1090,0,0,
59469,2022-07-07 09:00:00,63.1,SURF,True,EXTREME_TYPE1,1362,3,3,"(111.45, 21.5);(111.45, 22.25);(112.27, 22.25)"
59750,2022-07-30 16:00:00,53.6,SURF,True,EXTREME_TYPE1,430,3,3,"(109.82, 20.75);(109.82, 21.5);(110.64, 20.75)"
59319,2022-07-31 16:00:00,25.9,SURF,True,EXTREME_TYPE1,664,4,4,"(116.36, 23.0);(116.36, 23.75);(117.18, 23.0);(117.18, 23.75)"
59288,2022-08-03 03:00:00,55.5,SURF,True,EXTREME_TYPE1,2661,3,3,"(112.27, 23.0);(113.09, 23.0);(113.09, 23.75)"
59280,2022-08-03 20:00:00,57.3,SURF,True,EXTREME_TYPE1,2656,2,2,"(113.09, 23.0);(113.09, 23.75)"
59477,2022-08-04 01:00:00,2.2,SURF,True,NORMAL,30,0,0,
59659,2022-08-04 16:00:00,60.1,SURF,True,EXTREME_TYPE1,1109,4,4,"(110.64, 21.5);(110.64, 22.25);(111.45, 21.5);(111.45, 22.25)"
59473,2022-08-04 18:00:00,55.8,SURF,True,EXTREME_TYPE1,4914,3,3,"(112.27, 23.0);(113.09, 22.25);(113.09, 23.0)"
59673,2022-08-04 20:00:00,36.4,SURF,True,EXTREME_TYPE1,2294,4,4,"(112.27, 21.5);(112.27, 22.25);(113.09, 21.5);(113.09, 22.25)"
59493,2022-08-05 04:00:00,34.2,SURF,True,EXTREME_TYPE1,4722,2,2,"(113.91, 22.25);(113.91, 23.0)"
59314,2022-08-05 11:00:00,33.3,SURF,True,EXTREME_TYPE1,1856,4,4,"(115.55, 23.0);(115.55, 23.75);(116.36, 23.0);(116.36, 23.75)"
59270,2022-08-08 18:00:00,32.6,SURF,True,NORMAL,764,0,0,
59673,2022-08-09 20:00:00,16.2,SURF,True,NORMAL,0,0,0,
59656,2022-08-10 12:00:00,67.8,SURF,True,EXTREME_TYPE1,714,3,3,"(110.64, 20.75);(110.64, 21.5);(111.45, 21.5)"
59269,2022-08-11 01:00:00,9.6,SURF,True,NORMAL,16,0,0,
59288,2022-08-12 11:00:00,2.2,SURF,True,NORMAL,102,0,0,
59289,2022-08-25 18:00:00,28.3,SURF,True,EXTREME_TYPE1,4713,2,2,"(113.09, 23.0);(113.91, 23.0)"
59469,2022-08-26 05:00:00,17.4,SURF,True,EXTREME_TYPE1,13,10,8,"(111.7, 22.0);(111.7, 22.1);(111.7, 22.2);(111.7, 22.3);(111.8, 22.0);(111.8, 22.1);(111.8, 22.2);(111.9, 22.0)"
59477,2022-08-31 22:00:00,21.8,SURF,True,EXTREME_TYPE1,1387,2,2,"(111.45, 22.25);(112.27, 22.25)"
59658,2022-09-08 11:00:00,33.7,SURF,True,NORMAL,948,0,0,
59297,2022-09-08 17:00:00,67.1,SURF,True,EXTREME_TYPE1,1030,4,4,"(113.91, 23.0);(113.91, 23.75);(114.73, 23.0);(114.73, 23.75)"
59264,2022-09-08 19:00:00,53.0,SURF,True,NORMAL,369,0,0,
59264,2022-09-08 20:00:00,19.8,SURF,True,NORMAL,12,0,0,
59071,2022-09-09 02:00:00,30.0,SURF,True,NORMAL,342,0,0,
59654,2022-09-09 17:00:00,17.9,SURF,True,EXTREME_TYPE1,15,8,4,"(110.2, 21.5);(110.2, 21.7);(110.3, 21.6);(110.3, 21.7)"
59750,2022-09-16 13:00:00,22.4,SURF,True,EXTREME_TYPE1,445,3,3,"(109.82, 20.75);(109.82, 21.5);(110.64, 20.75)"
59469,2022-09-24 17:00:00,17.2,SURF,True,FALSE,13,10,0,
59754,2022-09-27 20:00:00,13.3,SURF,True,NORMAL,13,0,0,
59658,2022-09-29 13:00:00,23.3,SURF,True,NORMAL,940,0,0,
59750,2022-09-30 06:00:00,69.3,SURF,True,EXTREME_TYPE1,439,3,3,"(109.82, 20.75);(109.82, 21.5);(110.64, 20.75)"
59473,2022-09-30 12:00:00,17.3,SURF,True,NORMAL,61,0,0,
59475,2022-09-30 13:00:00,42.5,SURF,True,EXTREME_TYPE1,2292,3,3,"(112.27, 22.25);(112.27, 23.0);(113.09, 22.25)"
59485,2022-09-30 18:00:00,27.2,SURF,True,EXTREME_TYPE1,4801,4,4,"(113.09, 22.25);(113.09, 23.0);(113.91, 22.25);(113.91, 23.0)"
59314,2022-10-07 18:00:00,54.0,SURF,True,EXTREME_TYPE1,1825,4,4,"(115.55, 23.0);(115.55, 23.75);(116.36, 23.0);(116.36, 23.75)"
59315,2022-10-07 18:00:00,1.8,SURF,True,EXTREME_TYPE1,25,9,9,"(116.3, 23.5);(116.3, 23.6);(116.3, 23.7);(116.4, 23.5);(116.4, 23.6);(116.4, 23.7);(116.5, 23.5);(116.5, 23.6);(116.5, 23.7)"
59500,2022-11-02 06:00:00,5.8,SURF,True,NORMAL,28,0,0,
59493,2022-11-07 04:00:00,2.8,SURF,True,NORMAL,114,0,0,
59276,2022-11-22 05:00:00,1.1,SURF,True,NORMAL,50,0,0,
59106,2022-11-23 01:00:00,4.6,SURF,True,NORMAL,20,0,0,
59264,2022-11-25 07:00:00,8.9,SURF,True,NORMAL,12,0,0,
59270,2023-01-09 03:00:00,1.1,SURF,True,NORMAL,13,0,0,
59664,2023-01-10 09:00:00,1.8,SURF,True,NORMAL,25,0,0,
59114,2023-03-23 16:00:00,22.2,SURF,True,NORMAL,878,0,0,
59081,2023-03-24 03:00:00,15.9,SURF,True,NORMAL,19,0,0,
59293,2023-03-25 13:00:00,33.3,SURF,True,NORMAL,1624,0,0,
59663,2023-03-25 23:00:00,66.8,SURF,True,EXTREME_TYPE1,1335,4,4,"(111.45, 21.5);(111.45, 22.25);(112.27, 21.5);(112.27, 22.25)"
59270,2023-03-29 03:00:00,15.4,SURF,True,NORMAL,11,0,0,
59096,2023-03-29 07:00:00,2.1,SURF,True,NORMAL,8,0,0,
59501,2023-03-31 07:00:00,12.8,SURF,True,NORMAL,32,0,0,
59088,2023-03-31 21:00:00,5.1,SURF,True,NORMAL,13,0,0,
59097,2023-04-05 13:00:00,10.8,SURF,True,NORMAL,16,0,0,
59500,2023-04-05 20:00:00,70.9,SURF,True,NORMAL,1302,0,0,
59501,2023-04-05 21:00:00,60.2,SURF,True,NORMAL,1300,0,0,
59314,2023-04-06 22:00:00,7.4,SURF,True,EXTREME_TYPE1,54,9,9,"(116.1, 23.3);(116.1, 23.4);(116.1, 23.5);(116.2, 23.3);(116.2, 23.4);(116.2, 23.5);(116.3, 23.3);(116.3, 23.4);(116.3, 23.5)"
59096,2023-04-19 10:00:00,52.9,SURF,True,NORMAL,993,0,0,
59082,2023-04-19 11:00:00,59.8,SURF,True,NORMAL,732,0,0,
59276,2023-04-29 11:00:00,5.8,SURF,True,NORMAL,50,0,0,
59094,2023-05-07 03:00:00,1.4,SURF,True,NORMAL,12,0,0,
59087,2023-05-07 06:00:00,29.1,SURF,True,NORMAL,1159,0,0,
59270,2023-05-07 12:00:00,1.8,SURF,True,NORMAL,12,0,0,
59473,2023-05-07 12:00:00,24.4,SURF,True,NORMAL,5189,0,0,
59088,2023-05-18 16:00:00,18.7,SURF,True,EXTREME_TYPE1,13,10,10,"(113.3, 24.1);(113.3, 24.2);(113.3, 24.3);(113.4, 24.1);(113.4, 24.2);(113.4, 24.3);(113.5, 24.1);(113.5, 24.2);(113.5, 24.3);(113.6, 24.2)"
59316,2023-05-19 03:00:00,60.7,SURF,True,EXTREME_TYPE1,715,4,4,"(116.36, 23.0);(116.36, 23.75);(117.18, 23.0);(117.18, 23.75)"
59314,2023-05-22 23:00:00,57.7,SURF,True,EXTREME_TYPE1,1910,4,4,"(115.55, 23.0);(115.55, 23.75);(116.36, 23.0);(116.36, 23.75)"
59663,2023-05-24 12:00:00,33.7,SURF,True,NORMAL,1400,0,0,
59470,2023-06-01 10:00:00,52.3,SURF,True,EXTREME_TYPE1,2215,2,2,"(112.27, 22.25);(112.27, 23.0)"
59315,2023-06-01 17:00:00,85.2,SURF,True,EXTREME_TYPE1,1931,2,2,"(116.36, 23.0);(116.36, 23.75)"
59312,2023-06-02 18:00:00,40.6,SURF,True,EXTREME_TYPE1,716,2,2,"(116.36, 23.75);(117.18, 23.75)"
59288,2023-06-04 05:00:00,44.5,SURF,True,EXTREME_TYPE1,2954,3,3,"(112.27, 23.0);(113.09, 23.0);(113.09, 23.75)"
59473,2023-06-08 11:00:00,15.3,SURF,True,EXTREME_TYPE1,65,13,13,"(112.8, 22.7);(112.8, 22.8);(112.9, 22.6);(112.9, 22.7);(112.9, 22.8);(112.9, 22.9);(113.0, 22.6);(113.0, 22.7);(113.0, 22.8);(113.0, 22.9);(113.1, 22.6);(113.1, 22.7);(113.1, 22.8)"
59293,2023-06-10 01:00:00,55.7,SURF,True,EXTREME_TYPE1,1657,3,3,"(114.73, 23.75);(114.73, 24.5);(115.55, 23.75)"
59656,2023-06-10 07:00:00,58.6,SURF,True,NORMAL,782,0,0,
59475,2023-06-10 19:00:00,32.5,SURF,True,EXTREME_TYPE1,2486,3,3,"(112.27, 22.25);(112.27, 23.0);(113.09, 22.25)"
59485,2023-06-14 20:00:00,44.5,SURF,True,EXTREME_TYPE1,5234,4,4,"(113.09, 22.25);(113.09, 23.0);(113.91, 22.25);(113.91, 23.0)"
59317,2023-06-15 01:00:00,51.3,SURF,True,NORMAL,1424,0,0,
59493,2023-06-15 01:00:00,50.7,SURF,True,NORMAL,5227,0,0,
59673,2023-06-16 11:00:00,30.4,SURF,True,EXTREME_TYPE1,2522,4,4,"(112.27, 21.5);(112.27, 22.25);(113.09, 21.5);(113.09, 22.25)"
59476,2023-06-17 04:00:00,5.3,SURF,True,NORMAL,61,0,0,
59481,2023-06-17 05:00:00,6.5,SURF,True,NORMAL,138,0,0,
59071,2023-06-22 22:00:00,1.6,SURF,True,NORMAL,17,0,0,
59088,2023-06-23 04:00:00,53.7,SURF,True,EXTREME_TYPE1,1182,4,4,"(113.09, 23.75);(113.09, 24.5);(113.91, 23.75);(113.91, 24.5)"
59477,2023-06-23 04:00:00,84.8,SURF,True,EXTREME_TYPE1,1480,2,2,"(111.45, 22.25);(112.27, 22.25)"
59289,2023-06-24 05:00:00,21.4,SURF,True,EXTREME_TYPE1,5195,2,2,"(113.09, 23.0);(113.91, 23.0)"
59650,2023-06-24 08:00:00,68.4,SURF,True,NORMAL,1015,0,0,
59074,2023-06-25 04:00:00,10.0,SURF,True,NORMAL,22,0,0,
59471,2023-06-26 14:00:00,64.0,SURF,True,EXTREME_TYPE1,2219,3,3,"(111.45, 23.0);(112.27, 22.25);(112.27, 23.0)"
59298,2023-06-26 17:00:00,76.8,SURF,True,EXTREME_TYPE1,2042,2,2,"(113.91, 23.0);(114.73, 23.0)"
59318,2023-06-27 11:00:00,22.4,SURF,True,EXTREME_TYPE1,701,4,4,"(116.36, 23.0);(116.36, 23.75);(117.18, 23.0);(117.18, 23.75)"
59107,2023-07-02 14:00:00,9.1,SURF,True,EXTREME_TYPE1,37,10,10,"(115.1, 24.1);(115.2, 24.0);(115.2, 24.1);(115.2, 24.2);(115.3, 24.0);(115.3, 24.1);(115.3, 24.2);(115.4, 24.0);(115.4, 24.1);(115.4, 24.2)"
59298,2023-07-02 14:00:00,53.0,SURF,True,EXTREME_TYPE1,2023,2,2,"(113.91, 23.0);(114.73, 23.0)"
59488,2023-07-04 12:00:00,21.7,SURF,True,EXTREME_TYPE1,2621,2,2,"(113.09, 22.25);(113.91, 22.25)"
59271,2023-07-16 18:00:00,2.3,SURF,True,NORMAL,19,0,0,
59324,2023-07-17 00:00:00,1.5,SURF,True,NORMAL,10,0,0,
59655,2023-07-17 21:00:00,51.6,SURF,True,NORMAL,755,0,0,
59500,2023-07-18 08:00:00,25.9,SURF,True,NORMAL,1454,0,0,
59488,2023-07-18 13:00:00,6.9,SURF,True,NORMAL,22,0,0,
59106,2023-07-22 03:00:00,50.5,SURF,True,NORMAL,877,0,0,
59502,2023-07-29 05:00:00,42.7,SURF,True,EXTREME_TYPE1,1442,2,2,"(115.55, 23.0);(116.36, 23.0)"
59487,2023-07-29 07:00:00,54.5,SURF,True,EXTREME_TYPE1,2652,2,2,"(113.09, 22.25);(113.91, 22.25)"
59502,2023-07-29 11:00:00,26.9,SURF,True,NORMAL,1437,0,0,
59284,2023-07-30 02:00:00,101.9,SURF,True,EXTREME_TYPE1,2244,3,3,"(113.09, 23.0);(113.09, 23.75);(113.91, 23.75)"
59288,2023-07-30 14:00:00,62.5,SURF,True,EXTREME_TYPE1,2943,3,3,"(112.27, 23.0);(113.09, 23.0);(113.09, 23.75)"
59659,2023-07-30 14:00:00,1.4,SURF,True,EXTREME_TYPE1,21,10,8,"(110.8, 21.7);(110.8, 21.8);(110.9, 21.6);(110.9, 21.7);(110.9, 21.8);(110.9, 21.9);(111.0, 21.7);(111.0, 21.8)"
59500,2023-08-01 16:00:00,54.4,SURF,True,EXTREME_TYPE1,1337,2,2,"(114.73, 23.0);(115.55, 23.0)"
59284,2023-08-01 19:00:00,60.9,SURF,True,EXTREME_TYPE1,2275,3,3,"(113.09, 23.0);(113.09, 23.75);(113.91, 23.75)"
59090,2023-08-09 17:00:00,20.6,SURF,True,EXTREME_TYPE1,280,3,3,"(113.91, 24.5);(113.91, 25.25);(114.73, 25.25)"
59493,2023-08-10 13:00:00,27.6,SURF,True,NORMAL,5352,0,0,
59071,2023-08-11 06:00:00,21.7,SURF,True,NORMAL,348,0,0,
59655,2023-08-11 13:00:00,51.2,SURF,True,EXTREME_TYPE1,769,2,2,"(110.64, 21.5);(110.64, 22.25)"
59473,2023-08-13 09:00:00,1.1,SURF,True,EXTREME_TYPE1,101,13,13,"(112.8, 22.7);(112.8, 22.8);(112.9, 22.6);(112.9, 22.7);(112.9, 22.8);(112.9, 22.9);(113.0, 22.6);(113.0, 22.7);(113.0, 22.8);(113.0, 22.9);(113.1, 22.6);(113.1, 22.7);(113.1, 22.8)"
59492,2023-08-13 13:00:00,13.2,SURF,True,EXTREME_TYPE1,11,9,9,"(114.5, 23.0);(114.5, 23.1);(114.6, 22.9);(114.6, 23.0);(114.6, 23.1);(114.7, 22.9);(114.7, 23.0);(114.7, 23.1);(114.8, 22.9)"
59502,2023-08-17 15:00:00,69.9,SURF,True,EXTREME_TYPE1,1432,2,2,"(115.55, 23.0);(116.36, 23.0)"
59117,2023-08-19 16:00:00,4.0,SURF,True,NORMAL,23,0,0,
59107,2023-08-20 15:00:00,22.6,SURF,True,NORMAL,1203,0,0,
59117,2023-08-20 15:00:00,91.1,SURF,True,EXTREME_TYPE1,879,4,4,"(115.55, 23.75);(115.55, 24.5);(116.36, 23.75);(116.36, 24.5)"
59297,2023-08-21 17:00:00,54.2,SURF,True,EXTREME_TYPE1,1334,4,4,"(113.91, 23.0);(113.91, 23.75);(114.73, 23.0);(114.73, 23.75)"
59477,2023-08-25 14:00:00,10.4,SURF,True,EXTREME_TYPE1,32,10,10,"(112.2, 22.1);(112.2, 22.2);(112.2, 22.3);(112.2, 22.4);(112.3, 22.1);(112.3, 22.2);(112.3, 22.3);(112.3, 22.4);(112.4, 22.2);(112.4, 22.3)"
59754,2023-08-29 16:00:00,24.5,SURF,True,EXTREME_TYPE1,499,2,2,"(109.82, 20.75);(110.64, 20.75)"
59298,2023-09-02 04:00:00,30.8,SURF,True,EXTREME_TYPE1,2174,2,2,"(113.91, 23.0);(114.73, 23.0)"
59306,2023-09-06 13:00:00,24.2,SURF,True,EXTREME_TYPE1,1925,4,4,"(115.55, 23.0);(115.55, 23.75);(116.36, 23.0);(116.36, 23.75)"
59289,2023-09-08 00:00:00,32.3,SURF,True,NORMAL,5419,0,0,
59487,2023-09-08 04:00:00,57.7,SURF,True,NORMAL,2616,0,0,
59487,2023-09-08 05:00:00,53.5,SURF,True,NORMAL,2616,0,0,
59469,2023-09-08 17:00:00,52.7,SURF,True,EXTREME_TYPE1,1487,3,3,"(111.45, 21.5);(111.45, 22.25);(112.27, 22.25)"
59663,2023-09-10 02:00:00,20.9,SURF,True,NORMAL,1487,0,0,
59654,2023-09-10 04:00:00,12.9,SURF,True,NORMAL,16,0,0,
59659,2023-09-10 04:00:00,81.3,SURF,True,EXTREME_TYPE1,1173,4,4,"(110.64, 21.5);(110.64, 22.25);(111.45, 21.5);(111.45, 22.25)"
59750,2023-09-10 04:00:00,53.5,SURF,True,NORMAL,505,0,0,
59653,2023-09-10 12:00:00,8.7,SURF,True,NORMAL,20,0,0,
59501,2023-09-13 12:00:00,19.3,SURF,True,EXTREME_TYPE1,37,11,11,"(115.2, 22.7);(115.2, 22.8);(115.3, 22.7);(115.3, 22.8);(115.3, 22.9);(115.4, 22.7);(115.4, 22.8);(115.4, 22.9);(115.5, 22.7);(115.5, 22.8);(115.5, 22.9)"
59658,2023-09-14 02:00:00,18.3,SURF,True,FALSE,25,9,0,
59278,2023-09-14 08:00:00,12.8,SURF,True,EXTREME_TYPE1,39,10,10,"(112.3, 23.0);(112.4, 22.9);(112.4, 23.0);(112.4, 23.1);(112.5, 22.9);(112.5, 23.0);(112.5, 23.1);(112.6, 22.9);(112.6, 23.0);(112.6, 23.1)"
59470,2023-09-14 18:00:00,1.1,SURF,True,NORMAL,17,0,0,
59081,2023-09-14 22:00:00,14.0,SURF,True,NORMAL,19,0,0,
59480,2023-09-14 22:00:00,5.1,SURF,True,NORMAL,116,0,0,
59650,2023-09-18 02:00:00,6.1,SURF,True,FALSE,15,11,0,
59087,2023-09-22 05:00:00,51.5,SURF,True,EXTREME_TYPE1,1269,3,3,"(113.09, 23.75);(113.91, 23.75);(113.91, 24.5)"
59270,2023-09-24 04:00:00,30.8,SURF,True,EXTREME_TYPE1,749,3,3,"(111.45, 23.75);(112.27, 23.75);(112.27, 24.5)"
59754,2023-09-25 00:00:00,1.0,SURF,True,EXTREME_TYPE1,15,3,3,"(110.1, 20.4);(110.2, 20.3);(110.2, 20.4)"
59324,2023-10-07 22:00:00,1.8,SURF,True,NORMAL,10,0,0,
59658,2023-10-19 08:00:00,51.3,SURF,True,NORMAL,1044,0,0,
59650,2023-10-19 10:00:00,53.8,SURF,True,NORMAL,1046,0,0,
59653,2023-10-20 01:00:00,6.7,SURF,True,NORMAL,19,0,0,
59655,2023-10-20 01:00:00,59.4,SURF,True,NORMAL,764,0,0,
59656,2023-10-20 01:00:00,51.0,SURF,True,NORMAL,811,0,0,
59656,2023-10-20 02:00:00,101.5,SURF,True,NORMAL,809,0,0,
59653,2023-10-20 04:00:00,69.7,SURF,True,NORMAL,1168,0,0,
59654,2023-10-20 14:00:00,8.6,SURF,True,NORMAL,15,0,0,
59750,2023-10-29 21:00:00,82.3,SURF,True,EXTREME_TYPE1,510,3,3,"(109.82, 20.75);(109.82, 21.5);(110.64, 20.75)"
59280,2024-01-02 19:00:00,1.1,SURF,True,EXTREME_TYPE1,13,9,9,"(112.9, 23.7);(113.0, 23.6);(113.0, 23.7);(113.0, 23.8);(113.1, 23.6);(113.1, 23.7);(113.2, 23.6);(113.2, 23.7);(113.2, 23.8)"
59071,2024-02-04 05:00:00,5.5,SURF,True,NORMAL,18,0,0,
59109,2024-02-07 19:00:00,1.3,SURF,True,NORMAL,18,0,0,
59319,2024-03-10 02:00:00,1.9,SURF,True,NORMAL,31,0,0,
59264,2024-03-10 13:00:00,5.9,SURF,True,NORMAL,12,0,0,
59106,2024-03-11 08:00:00,5.3,SURF,True,NORMAL,23,0,0,
59653,2024-03-29 20:00:00,22.7,SURF,True,NORMAL,1140,0,0,
59081,2024-03-30 18:00:00,31.5,SURF,True,EXTREME_TYPE1,1444,3,3,"(113.09, 24.5);(113.09, 25.25);(113.91, 24.5)"
59106,2024-03-30 23:00:00,53.9,SURF,True,NORMAL,904,0,0,
59081,2024-04-04 14:00:00,53.6,SURF,True,NORMAL,1438,0,0,
59090,2024-04-04 15:00:00,43.5,SURF,True,NORMAL,289,0,0,
59293,2024-04-04 20:00:00,7.7,SURF,True,NORMAL,13,0,0,
59075,2024-04-06 08:00:00,23.6,SURF,True,NORMAL,1128,0,0,
59481,2024-04-06 11:00:00,53.7,SURF,True,NORMAL,5425,0,0,
59456,2024-04-19 10:00:00,46.2,SURF,True,NORMAL,1175,0,0,
59280,2024-04-19 11:00:00,54.4,SURF,True,NORMAL,3088,0,0,
59285,2024-04-19 13:00:00,54.9,SURF,True,NORMAL,2725,0,0,
59087,2024-04-19 17:00:00,71.3,SURF,True,EXTREME_TYPE1,1427,3,3,"(113.09, 23.75);(113.91, 23.75);(113.91, 24.5)"
59269,2024-04-20 14:00:00,51.4,SURF,True,NORMAL,1142,0,0,
59287,2024-04-20 19:00:00,25.6,SURF,True,NORMAL,2660,0,0,
59285,2024-04-20 20:00:00,5.5,SURF,True,NORMAL,42,0,0,
59456,2024-04-21 06:00:00,53.7,SURF,True,NORMAL,1156,0,0,
59470,2024-04-21 08:00:00,61.5,SURF,True,NORMAL,2389,0,0,
59486,2024-04-23 11:00:00,60.8,SURF,True,NORMAL,5653,0,0,
59304,2024-04-23 23:00:00,20.8,SURF,True,EXTREME_TYPE1,1667,2,2,"(114.73, 23.75);(115.55, 23.75)"
59475,2024-04-24 21:00:00,23.6,SURF,True,EXTREME_TYPE1,2898,3,3,"(112.27, 22.25);(112.27, 23.0);(113.09, 22.25)"
59117,2024-04-25 04:00:00,24.9,SURF,True,NORMAL,906,0,0,
59659,2024-04-25 09:00:00,55.5,SURF,True,NORMAL,1167,0,0,
59493,2024-04-25 12:00:00,8.1,SURF,True,NORMAL,120,0,0,
59087,2024-04-26 03:00:00,52.3,SURF,True,NORMAL,1432,0,0,
59290,2024-04-26 04:00:00,60.7,SURF,True,NORMAL,1317,0,0,
59501,2024-04-27 19:00:00,50.0,SURF,True,NORMAL,1485,0,0,
59502,2024-04-27 19:00:00,56.6,SURF,True,NORMAL,1479,0,0,
59294,2024-04-28 03:00:00,50.3,SURF,True,NORMAL,2687,0,0,
59502,2024-04-28 06:00:00,15.5,SURF,True,NORMAL,31,0,0,
59075,2024-04-30 09:00:00,4.0,SURF,True,NORMAL,13,0,0,
59750,2024-05-02 07:00:00,53.1,SURF,True,NORMAL,505,0,0,
59487,2024-05-04 10:00:00,93.8,SURF,True,NORMAL,2742,0,0,
59488,2024-05-04 13:00:00,54.4,SURF,True,EXTREME_TYPE1,2746,2,2,"(113.09, 22.25);(113.91, 22.25)"
59653,2024-05-04 13:00:00,52.8,SURF,True,NORMAL,1175,0,0,
59659,2024-05-04 13:00:00,66.1,SURF,True,NORMAL,1175,0,0,
59314,2024-05-05 00:00:00,13.6,SURF,True,NORMAL,54,0,0,
59264,2024-05-06 18:00:00,72.2,SURF,True,NORMAL,376,0,0,
59478,2024-05-12 15:00:00,68.6,SURF,True,EXTREME_TYPE1,2903,2,2,"(112.27, 22.25);(113.09, 22.25)"
59487,2024-05-12 17:00:00,13.3,SURF,True,NORMAL,81,0,0,
59313,2024-05-22 05:00:00,6.8,SURF,True,NORMAL,12,0,0,
59481,2024-05-23 14:00:00,64.9,SURF,True,EXTREME_TYPE1,5737,2,2,"(113.09, 23.0);(113.91, 23.0)"
59313,2024-05-23 17:00:00,1.8,SURF,True,NORMAL,12,0,0,
59475,2024-05-24 14:00:00,50.3,SURF,True,EXTREME_TYPE1,2922,3,3,"(112.27, 22.25);(112.27, 23.0);(113.09, 22.25)"
59492,2024-05-24 18:00:00,20.7,SURF,True,NORMAL,2257,0,0,
59653,2024-05-26 13:00:00,50.1,SURF,True,EXTREME_TYPE1,1162,4,4,"(110.64, 21.5);(110.64, 22.25);(111.45, 21.5);(111.45, 22.25)"
59310,2024-05-27 22:00:00,4.1,SURF,True,EXTREME_TYPE1,16,12,12,"(116.0, 23.7);(116.0, 23.8);(116.1, 23.7);(116.1, 23.8);(116.1, 23.9);(116.2, 23.6);(116.2, 23.7);(116.2, 23.8);(116.2, 23.9);(116.3, 23.7);(116.3, 23.8);(116.3, 23.9)"
59656,2024-05-28 17:00:00,9.3,SURF,True,NORMAL,17,0,0,
59481,2024-05-30 18:00:00,1.2,SURF,True,EXTREME_TYPE1,153,12,12,"(113.2, 22.9);(113.2, 23.0);(113.3, 22.8);(113.3, 22.9);(113.3, 23.0);(113.3, 23.1);(113.4, 22.8);(113.4, 22.9);(113.4, 23.0);(113.4, 23.1);(113.5, 22.9);(113.5, 23.0)"
59278,2024-05-31 16:00:00,23.6,SURF,True,NORMAL,6160,0,0,
59500,2024-06-04 01:00:00,1.2,SURF,True,EXTREME_TYPE1,37,10,9,"(115.2, 23.0);(115.2, 23.1);(115.3, 22.9);(115.3, 23.0);(115.3, 23.1);(115.4, 22.9);(115.4, 23.0);(115.4, 23.1);(115.5, 23.0)"
59290,2024-06-04 03:00:00,1.3,SURF,True,NORMAL,13,0,0,
59664,2024-06-05 03:00:00,51.7,SURF,True,NORMAL,802,0,0,
59650,2024-06-05 16:00:00,62.2,SURF,True,NORMAL,1052,0,0,
59293,2024-06-07 17:00:00,7.1,SURF,True,NORMAL,14,0,0,
59290,2024-06-14 06:00:00,42.0,SURF,True,EXTREME_TYPE1,1329,2,2,"(113.91, 23.75);(114.73, 23.75)"
59655,2024-06-15 14:00:00,57.6,SURF,True,NORMAL,771,0,0,
59502,2024-06-15 16:00:00,34.8,SURF,True,EXTREME_TYPE1,1500,2,2,"(115.55, 23.0);(116.36, 23.0)"
59500,2024-06-15 21:00:00,33.1,SURF,True,NORMAL,1504,0,0,
59088,2024-06-16 03:00:00,7.0,SURF,True,EXTREME_TYPE1,13,10,10,"(113.3, 24.1);(113.3, 24.2);(113.3, 24.3);(113.4, 24.1);(113.4, 24.2);(113.4, 24.3);(113.5, 24.1);(113.5, 24.2);(113.5, 24.3);(113.6, 24.2)"
59097,2024-06-16 10:00:00,10.8,SURF,True,NORMAL,21,0,0,
59114,2024-06-18 21:00:00,1.8,SURF,True,EXTREME_TYPE1,14,12,12,"(116.0, 24.6);(116.0, 24.7);(116.1, 24.5);(116.1, 24.6);(116.1, 24.7);(116.1, 24.8);(116.2, 24.5);(116.2, 24.6);(116.2, 24.7);(116.2, 24.8);(116.3, 24.6);(116.3, 24.7)"
59653,2024-06-23 20:00:00,12.0,SURF,True,EXTREME_TYPE1,20,12,10,"(110.7, 21.9);(110.7, 22.0);(110.8, 21.8);(110.8, 21.9);(110.8, 22.0);(110.9, 21.8);(110.9, 21.9);(110.9, 22.0);(111.0, 21.9);(111.0, 22.0)"
59316,2024-06-27 05:00:00,20.3,SURF,True,EXTREME_TYPE1,759,4,4,"(116.36, 23.0);(116.36, 23.75);(117.18, 23.0);(117.18, 23.75)"
59502,2024-06-30 03:00:00,6.7,SURF,True,NORMAL,32,0,0,
59500,2024-07-01 06:00:00,65.5,SURF,True,EXTREME_TYPE1,1516,2,2,"(114.73, 23.0);(115.55, 23.0)"
59082,2024-07-02 16:00:00,8.6,SURF,True,NORMAL,20,0,0,
59654,2024-07-08 19:00:00,35.1,SURF,True,EXTREME_TYPE1,774,3,3,"(109.82, 21.5);(110.64, 21.5);(110.64, 22.25)"
59074,2024-07-18 17:00:00,7.7,SURF,True,NORMAL,22,0,0,
59306,2024-07-26 12:00:00,28.8,SURF,True,NORMAL,1936,0,0,
59315,2024-07-26 12:00:00,57.4,SURF,True,EXTREME_TYPE1,1936,2,2,"(116.36, 23.0);(116.36, 23.75)"
59099,2024-07-26 14:00:00,61.6,SURF,True,EXTREME_TYPE1,1230,2,2,"(114.73, 24.5);(115.55, 24.5)"
59107,2024-07-26 15:00:00,53.3,SURF,True,EXTREME_TYPE1,1225,4,4,"(114.73, 23.75);(114.73, 24.5);(115.55, 23.75);(115.55, 24.5)"
59306,2024-07-26 18:00:00,46.1,SURF,True,NORMAL,1945,0,0,
59481,2024-07-26 18:00:00,64.8,SURF,True,EXTREME_TYPE1,5828,2,2,"(113.09, 23.0);(113.91, 23.0)"
59279,2024-07-27 07:00:00,51.2,SURF,True,NORMAL,3034,0,0,
59288,2024-07-27 08:00:00,63.2,SURF,True,NORMAL,3028,0,0,
59294,2024-07-27 09:00:00,71.2,SURF,True,EXTREME_TYPE1,2703,2,2,"(113.91, 23.0);(113.91, 23.75)"
59310,2024-07-27 10:00:00,33.2,SURF,True,NORMAL,1959,0,0,
59298,2024-07-28 09:00:00,6.7,SURF,True,NORMAL,24,0,0,
59317,2024-07-28 13:00:00,20.1,SURF,True,NORMAL,1498,0,0,
59072,2024-07-28 21:00:00,62.2,SURF,True,EXTREME_TYPE1,336,2,2,"(112.27, 24.5);(112.27, 25.25)"
59673,2024-07-28 21:00:00,105.9,SURF,True,EXTREME_TYPE1,2904,4,4,"(112.27, 21.5);(112.27, 22.25);(113.09, 21.5);(113.09, 22.25)"
59471,2024-07-29 08:00:00,21.5,SURF,True,EXTREME_TYPE1,2443,3,3,"(111.45, 23.0);(112.27, 22.25);(112.27, 23.0)"
59306,2024-07-29 14:00:00,3.1,SURF,True,NORMAL,37,0,0,
59650,2024-07-29 19:00:00,43.1,SURF,True,EXTREME_TYPE1,1070,2,2,"(109.82, 21.5);(110.64, 21.5)"
59493,2024-07-31 10:00:00,2.3,SURF,True,NORMAL,121,0,0,
59314,2024-08-04 18:00:00,69.1,SURF,True,EXTREME_TYPE1,1982,4,4,"(115.55, 23.0);(115.55, 23.75);(116.36, 23.0);(116.36, 23.75)"
59485,2024-08-06 15:00:00,37.6,SURF,True,EXTREME_TYPE1,5870,4,4,"(113.09, 22.25);(113.09, 23.0);(113.91, 22.25);(113.91, 23.0)"
59081,2024-08-11 21:00:00,61.0,SURF,True,EXTREME_TYPE1,1449,3,3,"(113.09, 24.5);(113.09, 25.25);(113.91, 24.5)"
59314,2024-08-12 20:00:00,61.1,SURF,True,EXTREME_TYPE1,1977,4,4,"(115.55, 23.0);(115.55, 23.75);(116.36, 23.0);(116.36, 23.75)"
59486,2024-08-15 12:00:00,63.3,SURF,True,EXTREME_TYPE1,5850,2,2,"(113.91, 22.25);(113.91, 23.0)"
59493,2024-08-15 12:00:00,42.3,SURF,True,NORMAL,5850,0,0,
59071,2024-08-15 18:00:00,61.3,SURF,True,EXTREME_TYPE1,354,2,2,"(112.27, 24.5);(112.27, 25.25)"
59488,2024-08-16 13:00:00,57.6,SURF,True,EXTREME_TYPE1,2822,2,2,"(113.09, 22.25);(113.91, 22.25)"
59317,2024-08-20 04:00:00,38.6,SURF,True,NORMAL,1450,0,0,
59502,2024-08-21 03:00:00,30.6,SURF,True,NORMAL,1483,0,0,
59298,2024-08-21 04:00:00,20.1,SURF,True,EXTREME_TYPE1,2323,2,2,"(113.91, 23.0);(114.73, 23.0)"
59298,2024-08-21 06:00:00,17.4,SURF,True,EXTREME_TYPE1,25,12,12,"(114.2, 23.0);(114.2, 23.1);(114.3, 23.0);(114.3, 23.1);(114.3, 23.2);(114.4, 22.9);(114.4, 23.0);(114.4, 23.1);(114.4, 23.2);(114.5, 23.0);(114.5, 23.1);(114.5, 23.2)"
59502,2024-08-21 07:00:00,8.6,SURF,True,NORMAL,32,0,0,
59285,2024-08-21 13:00:00,69.5,SURF,True,NORMAL,2723,0,0,
59298,2024-08-21 13:00:00,7.5,SURF,True,NORMAL,25,0,0,
59500,2024-08-25 14:00:00,21.4,SURF,True,NORMAL,1508,0,0,
59304,2024-08-25 17:00:00,55.4,SURF,True,EXTREME_TYPE1,1630,2,2,"(114.73, 23.75);(115.55, 23.75)"
59279,2024-08-25 19:00:00,48.0,SURF,True,EXTREME_TYPE1,3116,3,3,"(112.27, 23.0);(113.09, 23.0);(113.09, 23.75)"
59290,2024-08-27 16:00:00,20.5,SURF,True,EXTREME_TYPE1,1317,2,2,"(113.91, 23.75);(114.73, 23.75)"
59306,2024-08-29 17:00:00,10.3,SURF,True,NORMAL,35,0,0,
59473,2024-08-29 17:00:00,52.2,SURF,True,EXTREME_TYPE1,6165,3,3,"(112.27, 23.0);(113.09, 22.25);(113.09, 23.0)"
59481,2024-08-29 18:00:00,39.3,SURF,True,NORMAL,5842,0,0,
59500,2024-08-29 19:00:00,41.5,SURF,True,EXTREME_TYPE1,1500,2,2,"(114.73, 23.0);(115.55, 23.0)"
59271,2024-08-29 21:00:00,51.2,SURF,True,EXTREME_TYPE1,3094,3,3,"(112.27, 23.0);(112.27, 23.75);(113.09, 23.75)"
59288,2024-08-30 14:00:00,10.6,SURF,True,EXTREME_TYPE1,101,11,11,"(112.9, 23.0);(112.9, 23.1);(112.9, 23.2);(113.0, 23.0);(113.0, 23.1);(113.0, 23.2);(113.0, 23.3);(113.1, 23.0);(113.1, 23.1);(113.1, 23.2);(113.1, 23.3)"
59288,2024-08-30 19:00:00,21.3,SURF,True,EXTREME_TYPE1,3127,3,3,"(112.27, 23.0);(113.09, 23.0);(113.09, 23.75)"
59475,2024-09-05 18:00:00,7.1,SURF,True,EXTREME_TYPE1,31,12,12,"(112.5, 22.3);(112.5, 22.4);(112.5, 22.5);(112.6, 22.3);(112.6, 22.4);(112.6, 22.5);(112.7, 22.3);(112.7, 22.4);(112.7, 22.5);(112.8, 22.3);(112.8, 22.4);(112.8, 22.5)"
59314,2024-09-06 00:00:00,1.4,SURF,True,NORMAL,55,0,0,
59650,2024-09-06 19:00:00,5.1,SURF,True,NORMAL,15,0,0,
59470,2024-09-06 20:00:00,6.6,SURF,True,NORMAL,22,0,0,
59476,2024-09-13 20:00:00,10.2,SURF,True,EXTREME_TYPE1,73,12,12,"(112.9, 22.5);(112.9, 22.6);(113.0, 22.4);(113.0, 22.5);(113.0, 22.6);(113.0, 22.7);(113.1, 22.4);(113.1, 22.5);(113.1, 22.6);(113.1, 22.7);(113.2, 22.5);(113.2, 22.6)"
59456,2024-09-14 14:00:00,81.1,SURF,True,EXTREME_TYPE1,1205,2,2,"(110.64, 22.25);(111.45, 22.25)"
59284,2024-09-14 16:00:00,54.2,SURF,True,EXTREME_TYPE1,2797,3,3,"(113.09, 23.0);(113.09, 23.75);(113.91, 23.75)"
59285,2024-09-14 16:00:00,5.9,SURF,True,NORMAL,43,0,0,
59106,2024-09-14 21:00:00,34.0,SURF,True,EXTREME_TYPE1,947,2,2,"(115.55, 24.5);(116.36, 24.5)"
59492,2024-09-17 21:00:00,62.0,SURF,True,EXTREME_TYPE1,2353,2,2,"(113.91, 23.0);(114.73, 23.0)"
59289,2024-09-17 23:00:00,27.9,SURF,True,NORMAL,5860,0,0,
59288,2024-09-21 13:00:00,6.5,SURF,True,EXTREME_TYPE1,98,11,11,"(112.9, 23.0);(112.9, 23.1);(112.9, 23.2);(113.0, 23.0);(113.0, 23.1);(113.0, 23.2);(113.0, 23.3);(113.1, 23.0);(113.1, 23.1);(113.1, 23.2);(113.1, 23.3)"
59315,2024-09-22 13:00:00,21.9,SURF,True,NORMAL,1925,0,0,
59116,2024-09-22 14:00:00,60.2,SURF,True,EXTREME_TYPE1,275,3,3,"(116.36, 23.75);(116.36, 24.5);(117.18, 24.5)"
59324,2024-09-23 05:00:00,14.6,SURF,True,NORMAL,10,0,0,
59306,2024-09-23 20:00:00,27.5,SURF,True,NORMAL,1946,0,0,
59658,2024-10-17 21:00:00,35.7,SURF,True,EXTREME_TYPE1,1092,4,4,"(109.82, 20.75);(109.82, 21.5);(110.64, 20.75);(110.64, 21.5)"
59106,2024-11-25 06:00:00,4.9,SURF,True,NORMAL,36,0,0,
59096,2025-03-03 12:00:00,3.5,SURF,True,NORMAL,18,0,0,
59312,2025-03-04 13:00:00,29.9,SURF,True,NORMAL,1239,0,0,
59270,2025-03-13 20:00:00,31.9,SURF,True,EXTREME_TYPE1,1048,3,3,"(111.45, 23.75);(112.27, 23.75);(112.27, 24.5)"
59106,2025-03-15 03:00:00,7.0,SURF,True,NORMAL,36,0,0,
59654,2025-03-29 01:00:00,2.6,SURF,True,NORMAL,25,0,0,
57988,2025-03-30 02:00:00,1.3,SURF,True,NORMAL,32,0,0,
59099,2025-04-12 12:00:00,1.6,SURF,True,NORMAL,28,0,0,
59088,2025-04-19 16:00:00,20.6,SURF,True,EXTREME_TYPE1,1924,4,4,"(113.09, 23.75);(113.09, 24.5);(113.91, 23.75);(113.91, 24.5)"
59082,2025-04-24 13:00:00,30.3,SURF,True,NORMAL,1225,0,0,
59462,2025-04-25 04:00:00,11.2,SURF,True,NORMAL,34,0,0,
59673,2025-04-25 13:00:00,50.7,SURF,True,EXTREME_TYPE1,2954,4,4,"(112.27, 21.5);(112.27, 22.25);(113.09, 21.5);(113.09, 22.25)"
59655,2025-04-27 17:00:00,59.2,SURF,True,EXTREME_TYPE1,1257,2,2,"(110.64, 21.5);(110.64, 22.25)"
59492,2025-05-06 12:00:00,85.2,SURF,True,EXTREME_TYPE1,2777,2,2,"(113.91, 23.0);(114.73, 23.0)"
59476,2025-05-06 19:00:00,64.4,SURF,True,EXTREME_TYPE1,6600,2,2,"(113.09, 22.25);(113.09, 23.0)"
59280,2025-05-09 07:00:00,44.8,SURF,True,NORMAL,3661,0,0,
59278,2025-05-09 08:00:00,25.1,SURF,True,NORMAL,6607,0,0,
59654,2025-05-17 18:00:00,32.4,SURF,True,EXTREME_TYPE1,1252,3,3,"(109.82, 21.5);(110.64, 21.5);(110.64, 22.25)"
59456,2025-05-18 05:00:00,71.4,SURF,True,EXTREME_TYPE1,1930,2,2,"(110.64, 22.25);(111.45, 22.25)"
59655,2025-05-19 13:00:00,43.9,SURF,True,EXTREME_TYPE1,1250,2,2,"(110.64, 21.5);(110.64, 22.25)"
59081,2025-05-19 15:00:00,20.3,SURF,True,NORMAL,1945,0,0,
59750,2025-05-24 07:00:00,32.8,SURF,True,EXTREME_TYPE1,717,3,3,"(109.82, 20.75);(109.82, 21.5);(110.64, 20.75)"
59658,2025-05-28 17:00:00,6.0,SURF,True,EXTREME_TYPE1,36,9,9,"(110.2, 21.1);(110.2, 21.2);(110.2, 21.3);(110.3, 21.1);(110.3, 21.2);(110.3, 21.3);(110.4, 21.1);(110.4, 21.2);(110.4, 21.3)"
59312,2025-05-29 14:00:00,12.4,SURF,True,NORMAL,40,0,0,
59285,2025-06-03 00:00:00,65.1,SURF,True,EXTREME_TYPE1,3443,3,3,"(113.09, 23.75);(113.91, 23.0);(113.91, 23.75)"
59087,2025-06-10 18:00:00,59.6,SURF,True,EXTREME_TYPE1,1956,3,3,"(113.09, 23.75);(113.91, 23.75);(113.91, 24.5)"
57988,2025-06-11 23:00:00,16.0,SURF,True,NORMAL,32,0,0,
59750,2025-06-12 08:00:00,13.1,SURF,True,NORMAL,19,0,0,
59106,2025-06-12 18:00:00,34.3,SURF,True,NORMAL,1437,0,0,
59480,2025-06-14 15:00:00,35.6,SURF,True,EXTREME_TYPE1,6662,3,3,"(113.09, 22.25);(113.09, 23.0);(113.91, 23.0)"
59456,2025-06-14 22:00:00,5.9,SURF,True,NORMAL,30,0,0,
59462,2025-06-15 05:00:00,35.1,SURF,True,NORMAL,3039,0,0,
59270,2025-06-15 06:00:00,51.7,SURF,True,NORMAL,1063,0,0,
59271,2025-06-15 08:00:00,6.4,SURF,True,NORMAL,25,0,0,
59090,2025-06-15 12:00:00,4.0,SURF,True,NORMAL,28,0,0,
59270,2025-06-16 09:00:00,23.3,SURF,True,NORMAL,1073,0,0,
59270,2025-06-16 10:00:00,83.1,SURF,True,EXTREME_TYPE1,1069,3,3,"(111.45, 23.75);(112.27, 23.75);(112.27, 24.5)"
59477,2025-06-17 01:00:00,10.8,SURF,True,NORMAL,32,0,0,
59663,2025-06-17 05:00:00,50.8,SURF,True,EXTREME_TYPE1,1941,4,4,"(111.45, 21.5);(111.45, 22.25);(112.27, 21.5);(112.27, 22.25)"
59487,2025-06-17 06:00:00,55.4,SURF,True,NORMAL,3161,0,0,
59664,2025-06-17 08:00:00,37.9,SURF,True,NORMAL,1190,0,0,
59294,2025-06-17 18:00:00,15.0,SURF,True,NORMAL,36,0,0,
59654,2025-06-18 00:00:00,63.5,SURF,True,EXTREME_TYPE1,1234,3,3,"(109.82, 21.5);(110.64, 21.5);(110.64, 22.25)"
59653,2025-06-18 02:00:00,54.8,SURF,True,EXTREME_TYPE1,1880,4,4,"(110.64, 21.5);(110.64, 22.25);(111.45, 21.5);(111.45, 22.25)"
59469,2025-06-18 04:00:00,18.4,SURF,True,NORMAL,23,0,0,
59099,2025-07-01 15:00:00,50.1,SURF,True,EXTREME_TYPE1,1705,2,2,"(114.73, 24.5);(115.55, 24.5)"
59081,2025-07-01 16:00:00,15.9,SURF,True,EXTREME_TYPE1,26,8,8,"(113.1, 24.8);(113.2, 24.9);(113.3, 24.7);(113.3, 24.8);(113.3, 24.9);(113.4, 24.7);(113.4, 24.8);(113.4, 24.9)"
59290,2025-07-03 07:00:00,5.6,SURF,True,EXTREME_TYPE1,19,7,7,"(114.1, 23.7);(114.1, 23.8);(114.2, 23.7);(114.3, 23.7);(114.3, 23.9);(114.4, 23.7);(114.4, 23.8)"
59663,2025-07-05 23:00:00,35.4,SURF,True,EXTREME_TYPE1,1978,4,4,"(111.45, 21.5);(111.45, 22.25);(112.27, 21.5);(112.27, 22.25)"
59304,2025-07-10 00:00:00,39.4,SURF,True,EXTREME_TYPE1,2253,2,2,"(114.73, 23.75);(115.55, 23.75)"
59488,2025-07-10 16:00:00,62.3,SURF,True,NORMAL,3192,0,0,
59314,2025-07-11 12:00:00,76.0,SURF,True,EXTREME_TYPE1,2892,4,4,"(115.55, 23.0);(115.55, 23.75);(116.36, 23.0);(116.36, 23.75)"
59315,2025-07-11 13:00:00,34.9,SURF,True,EXTREME_TYPE1,2897,2,2,"(116.36, 23.0);(116.36, 23.75)"
59650,2025-07-13 14:00:00,54.0,SURF,True,EXTREME_TYPE1,1644,2,2,"(109.82, 21.5);(110.64, 21.5)"
59288,2025-07-18 17:00:00,52.4,SURF,True,EXTREME_TYPE1,3752,3,3,"(112.27, 23.0);(113.09, 23.0);(113.09, 23.75)"
59487,2025-07-20 00:00:00,24.3,SURF,True,NORMAL,3212,0,0,
59502,2025-07-20 08:00:00,54.7,SURF,True,NORMAL,2083,0,0,
59487,2025-07-20 17:00:00,9.1,SURF,True,NORMAL,86,0,0,
59071,2025-07-21 13:00:00,4.3,SURF,True,EXTREME_TYPE1,28,11,11,"(112.1, 24.7);(112.2, 24.6);(112.2, 24.7);(112.2, 24.8);(112.3, 24.6);(112.3, 24.7);(112.3, 24.8);(112.3, 24.9);(112.4, 24.6);(112.4, 24.7);(112.4, 24.8)"
59655,2025-07-21 13:00:00,1.0,SURF,True,NORMAL,31,0,0,
59469,2025-07-22 13:00:00,27.8,SURF,True,EXTREME_TYPE1,1994,3,3,"(111.45, 21.5);(111.45, 22.25);(112.27, 22.25)"
59293,2025-07-22 16:00:00,7.3,SURF,True,EXTREME_TYPE1,23,8,8,"(114.6, 23.7);(114.6, 23.8);(114.7, 23.7);(114.7, 23.8);(114.7, 23.9);(114.8, 23.7);(114.8, 23.8);(114.8, 23.9)"
59284,2025-07-23 20:00:00,65.0,SURF,True,EXTREME_TYPE1,3455,3,3,"(113.09, 23.0);(113.09, 23.75);(113.91, 23.75)"
59088,2025-07-28 00:00:00,1.3,SURF,True,EXTREME_TYPE1,23,10,10,"(113.3, 24.1);(113.3, 24.2);(113.3, 24.3);(113.4, 24.1);(113.4, 24.2);(113.4, 24.3);(113.5, 24.1);(113.5, 24.2);(113.5, 24.3);(113.6, 24.2)"
59324,2025-07-28 23:00:00,1.3,SURF,True,NORMAL,18,0,0,
59082,2025-07-30 17:00:00,51.4,SURF,True,EXTREME_TYPE1,1239,3,3,"(113.09, 24.5);(113.91, 24.5);(113.91, 25.25)"
59096,2025-07-30 21:00:00,51.7,SURF,True,EXTREME_TYPE1,1578,3,3,"(113.91, 24.5);(114.73, 23.75);(114.73, 24.5)"
59285,2025-07-31 00:00:00,10.0,SURF,True,EXTREME_TYPE1,45,10,10,"(113.5, 23.5);(113.5, 23.6);(113.5, 23.7);(113.6, 23.5);(113.6, 23.6);(113.6, 23.7);(113.7, 23.5);(113.7, 23.6);(113.7, 23.7);(113.8, 23.6)"
59493,2025-07-31 05:00:00,27.5,SURF,True,NORMAL,6704,0,0,
59268,2025-07-31 07:00:00,52.7,SURF,True,EXTREME_TYPE1,597,2,2,"(111.45, 23.0);(111.45, 23.75)"
59074,2025-07-31 15:00:00,13.1,SURF,True,EXTREME_TYPE1,31,5,4,"(112.1, 24.6);(112.1, 24.7);(112.2, 24.5);(112.2, 24.6)"
59462,2025-07-31 20:00:00,78.4,SURF,True,EXTREME_TYPE1,3101,3,3,"(111.45, 22.25);(111.45, 23.0);(112.27, 23.0)"
59293,2025-08-01 00:00:00,73.0,SURF,True,EXTREME_TYPE1,2288,3,3,"(114.73, 23.75);(114.73, 24.5);(115.55, 23.75)"
59500,2025-08-01 16:00:00,38.1,SURF,True,EXTREME_TYPE1,2112,2,2,"(114.73, 23.0);(115.55, 23.0)"
59486,2025-08-03 02:00:00,24.0,SURF,True,EXTREME_TYPE1,6701,2,2,"(113.91, 22.25);(113.91, 23.0)"
59264,2025-08-03 03:00:00,28.2,SURF,True,NORMAL,608,0,0,
59315,2025-08-03 06:00:00,21.4,SURF,True,NORMAL,2907,0,0,
59318,2025-08-03 06:00:00,30.5,SURF,True,NORMAL,1246,0,0,
59502,2025-08-04 00:00:00,44.4,SURF,True,EXTREME_TYPE1,2085,2,2,"(115.55, 23.0);(116.36, 23.0)"
59502,2025-08-04 02:00:00,68.4,SURF,True,EXTREME_TYPE1,2076,2,2,"(115.55, 23.0);(116.36, 23.0)"
59492,2025-08-04 12:00:00,17.8,SURF,True,NORMAL,19,0,0,
59501,2025-08-04 14:00:00,4.4,SURF,True,NORMAL,47,0,0,
59288,2025-08-04 21:00:00,43.2,SURF,True,EXTREME_TYPE1,3737,3,3,"(112.27, 23.0);(113.09, 23.0);(113.09, 23.75)"
59488,2025-08-05 06:00:00,24.4,SURF,True,NORMAL,3169,0,0,
59280,2025-08-06 05:00:00,35.6,SURF,True,NORMAL,3721,0,0,
59650,2025-08-06 06:00:00,23.3,SURF,True,NORMAL,1625,0,0,
59486,2025-08-06 12:00:00,26.0,SURF,True,NORMAL,6579,0,0,
59072,2025-08-07 12:00:00,7.3,SURF,True,NORMAL,23,0,0,
59279,2025-08-07 16:00:00,54.6,SURF,True,NORMAL,3741,0,0,
59304,2025-08-11 14:00:00,100.7,SURF,True,EXTREME_TYPE1,2282,2,2,"(114.73, 23.75);(115.55, 23.75)"
59317,2025-08-13 23:00:00,59.4,SURF,True,EXTREME_TYPE1,2064,2,2,"(115.55, 23.0);(116.36, 23.0)"
59500,2025-08-14 05:00:00,63.1,SURF,True,EXTREME_TYPE1,2054,2,2,"(114.73, 23.0);(115.55, 23.0)"
59492,2025-08-14 09:00:00,91.2,SURF,True,EXTREME_TYPE1,3132,2,2,"(113.91, 23.0);(114.73, 23.0)"
59288,2025-08-14 16:00:00,91.1,SURF,True,EXTREME_TYPE1,3732,3,3,"(112.27, 23.0);(113.09, 23.0);(113.09, 23.75)"
59294,2025-08-14 17:00:00,27.2,SURF,True,EXTREME_TYPE1,3434,2,2,"(113.91, 23.0);(113.91, 23.75)"
59264,2025-08-14 18:00:00,66.8,SURF,True,NORMAL,606,0,0,
59268,2025-08-14 19:00:00,25.1,SURF,True,NORMAL,605,0,0,
59280,2025-08-14 23:00:00,2.1,SURF,True,NORMAL,23,0,0,
59673,2025-08-15 01:00:00,20.9,SURF,True,EXTREME_TYPE1,3070,4,4,"(112.27, 21.5);(112.27, 22.25);(113.09, 21.5);(113.09, 22.25)"
59493,2025-08-19 05:00:00,12.2,SURF,True,NORMAL,147,0,0,
59650,2025-08-19 21:00:00,6.4,SURF,True,NORMAL,25,0,0,
59264,2025-08-20 16:00:00,4.4,SURF,True,NORMAL,25,0,0,
59664,2025-08-25 09:00:00,16.6,SURF,True,NORMAL,34,0,0,
57989,2025-08-25 21:00:00,25.0,SURF,True,NORMAL,1250,0,0,
59116,2025-08-26 22:00:00,20.6,SURF,True,EXTREME_TYPE1,466,3,3,"(116.36, 23.75);(116.36, 24.5);(117.18, 24.5)"
59476,2025-08-27 18:00:00,29.3,SURF,True,EXTREME_TYPE1,6649,2,2,"(113.09, 22.25);(113.09, 23.0)"
59456,2025-08-28 16:00:00,6.6,SURF,True,FALSE,30,10,0,
59754,2025-08-29 14:00:00,35.4,SURF,True,EXTREME_TYPE1,726,2,2,"(109.82, 20.75);(110.64, 20.75)"
59269,2025-08-30 16:00:00,10.0,SURF,True,NORMAL,26,0,0,
59106,2025-09-17 22:00:00,63.7,SURF,True,EXTREME_TYPE1,1439,2,2,"(115.55, 24.5);(116.36, 24.5)"
59315,2025-09-19 07:00:00,12.9,SURF,True,NORMAL,48,0,0,
59303,2025-09-19 17:00:00,21.7,SURF,True,NORMAL,2905,0,0,
59097,2025-09-20 00:00:00,4.7,SURF,True,NORMAL,25,0,0,
59303,2025-09-20 02:00:00,8.7,SURF,True,NORMAL,20,0,0,
59656,2025-09-20 21:00:00,27.8,SURF,True,EXTREME_TYPE1,1220,3,3,"(110.64, 20.75);(110.64, 21.5);(111.45, 21.5)"
59081,2025-09-21 18:00:00,10.1,SURF,True,EXTREME_TYPE1,30,8,8,"(113.1, 24.8);(113.2, 24.9);(113.3, 24.7);(113.3, 24.8);(113.3, 24.9);(113.4, 24.7);(113.4, 24.8);(113.4, 24.9)"
59269,2025-09-24 16:00:00,6.7,SURF,True,NORMAL,26,0,0,
59650,2025-09-28 23:00:00,1.1,SURF,True,NORMAL,25,0,0,
59658,2025-09-29 03:00:00,62.2,SURF,True,EXTREME_TYPE1,1649,4,4,"(109.82, 20.75);(109.82, 21.5);(110.64, 20.75);(110.64, 21.5)"
59289,2025-10-04 17:00:00,2.5,SURF,True,NORMAL,124,0,0,
59659,2025-10-06 00:00:00,56.9,SURF,True,EXTREME_TYPE1,1921,4,4,"(110.64, 21.5);(110.64, 22.25);(111.45, 21.5);(111.45, 22.25)"
59664,2025-10-06 00:00:00,60.3,SURF,True,EXTREME_TYPE1,1181,2,2,"(110.64, 21.5);(111.45, 21.5)"
59106,2025-10-16 19:00:00,6.4,SURF,True,EXTREME_TYPE1,38,11,11,"(115.7, 24.5);(115.8, 24.4);(115.8, 24.5);(115.8, 24.6);(115.8, 24.7);(115.9, 24.4);(115.9, 24.5);(115.9, 24.6);(115.9, 24.7);(116.0, 24.5);(116.0, 24.6)"
59270,2025-11-02 03:00:00,1.4,SURF,True,NORMAL,22,0,0,
59462,2025-11-04 07:00:00,1.3,SURF,True,NORMAL,34,0,0,
