stacode,ddatetime,r,statype,validation,qc_label,validation_sample_size,extreme_circle_count,validation_circle_count,validation_circle_locs,inspected
59298,2003-01-06 22:00:00,1.7,SURF,True,EXTREME_TYPE1,90,11,11,"(113.91, 22.8);(113.91, 23.2);(113.91, 23.6);(114.32, 22.4);(114.32, 22.8);(114.32, 23.2);(114.32, 23.6);(114.73, 22.8);(114.73, 23.2);(114.73, 23.6);(115.14, 23.2)",True
G2109,2003-01-15 00:00:00,338.8,AWST,False,FALSE,325,10,0,,True
G1282,2003-02-27 02:00:00,57.0,AWST,False,FALSE,75,10,0,,True
G1282,2003-02-27 12:00:00,144.0,AWST,False,FALSE,75,10,0,,True
G1282,2003-02-27 23:00:00,280.0,AWST,False,FALSE,75,10,0,,True
G1282,2003-03-01 18:00:00,5.2,AWST,False,FALSE,75,10,0,,True
G1282,2003-03-02 03:00:00,5.0,AWST,False,FALSE,75,10,0,,True
G1282,2003-03-02 18:00:00,800.5,AWST,False,FALSE,75,10,0,,True
G1282,2003-03-02 21:00:00,460.1,AWST,False,FALSE,75,10,0,,True
G1282,2003-03-02 22:00:00,5.2,AWST,False,FALSE,75,10,0,,True
G1282,2003-03-03 11:00:00,63.3,AWST,False,FALSE,75,10,0,,True
G1282,2003-03-04 05:00:00,75.3,AWST,False,FALSE,75,10,0,,True
G1282,2003-03-04 22:00:00,303.5,AWST,False,FALSE,75,10,0,,True
G1282,2003-03-04 23:00:00,430.1,AWST,False,FALSE,75,10,0,,True
59500,2003-03-05 10:00:00,3.0,SURF,True,EXTREME_TYPE1,130,12,11,"(114.73, 22.8);(114.73, 23.2);(115.14, 22.8);(115.14, 23.2);(115.14, 23.6);(115.55, 22.4);(115.55, 22.8);(115.55, 23.2);(115.55, 23.6);(115.95, 22.8);(115.95, 23.2)",True
G1282,2003-03-05 12:00:00,503.0,AWST,False,FALSE,75,10,0,,True
G1282,2003-03-06 00:00:00,1.8,AWST,False,EXTREME_TYPE1,75,10,10,"(113.09, 22.0);(113.09, 22.4);(113.09, 22.8);(113.5, 22.0);(113.5, 22.4);(113.5, 22.8);(113.91, 22.0);(113.91, 22.4);(113.91, 22.8);(114.32, 22.4)",True
59314,2003-03-06 18:00:00,5.1,SURF,True,EXTREME_TYPE1,175,12,11,"(115.55, 23.2);(115.55, 23.6);(115.95, 22.8);(115.95, 23.2);(115.95, 23.6);(116.36, 22.8);(116.36, 23.2);(116.36, 23.6);(116.36, 24.0);(116.77, 23.2);(116.77, 23.6)",True
G1282,2003-03-07 15:00:00,11.8,AWST,False,FALSE,75,10,0,,True
G1282,2003-03-09 00:00:00,7.2,AWST,False,FALSE,75,10,0,,True
59094,2003-03-09 18:00:00,3.2,SURF,True,EXTREME_TYPE1,50,12,9,"(113.91, 24.0);(113.91, 24.4);(113.91, 24.8);(114.32, 24.0);(114.32, 24.4);(114.32, 24.8);(114.73, 24.0);(114.73, 24.4);(114.73, 24.8)",True
G1282,2003-03-11 09:00:00,500.7,AWST,False,FALSE,75,10,0,,True
G1282,2003-03-13 04:00:00,652.0,AWST,False,FALSE,75,10,0,,True
G1282,2003-03-14 06:00:00,901.1,AWST,False,FALSE,75,10,0,,True
G1282,2003-03-14 07:00:00,400.7,AWST,False,FALSE,75,10,0,,True
G1282,2003-03-15 11:00:00,14.8,AWST,False,FALSE,75,10,0,,True
G1282,2003-03-15 18:00:00,800.4,AWST,False,FALSE,75,10,0,,True
G1282,2003-03-15 19:00:00,58.1,AWST,False,FALSE,75,10,0,,True
G1282,2003-03-18 11:00:00,360.3,AWST,False,FALSE,75,10,0,,True
G1282,2003-03-18 21:00:00,304.0,AWST,False,FALSE,75,10,0,,True
G1282,2003-03-19 12:00:00,730.0,AWST,False,FALSE,75,10,0,,True
G1282,2003-03-19 13:00:00,130.0,AWST,False,FALSE,75,10,0,,True
G1282,2003-03-19 22:00:00,328.0,AWST,False,FALSE,72,10,0,,True
G1282,2003-03-22 18:00:00,59.0,AWST,False,FALSE,60,10,0,,True
G1282,2003-03-22 19:00:00,530.0,AWST,False,FALSE,60,10,0,,True
G1282,2003-03-23 07:00:00,29.0,AWST,False,FALSE,60,10,0,,True
G1282,2003-03-23 08:00:00,3.9,AWST,False,EXTREME_TYPE1,60,10,1,"(113.09, 22.8)",True
G1282,2003-03-23 17:00:00,5.3,AWST,False,EXTREME_TYPE1,60,10,5,"(113.09, 22.4);(113.09, 22.8);(113.5, 22.4);(113.5, 22.8);(113.91, 22.8)",True
G1282,2003-03-25 06:00:00,31.8,AWST,False,FALSE,60,10,0,,True
G1282,2003-03-26 18:00:00,3.0,AWST,False,FALSE,60,10,0,,True
G1282,2003-03-27 05:00:00,4.1,AWST,False,FALSE,55,10,0,,True
59306,2003-03-27 20:00:00,6.9,SURF,True,EXTREME_TYPE1,215,12,12,"(115.14, 23.2);(115.14, 23.6);(115.55, 22.8);(115.55, 23.2);(115.55, 23.6);(115.55, 24.0);(115.95, 22.8);(115.95, 23.2);(115.95, 23.6);(115.95, 24.0);(116.36, 23.2);(116.36, 23.6)",True
G1282,2003-03-27 20:00:00,800.0,AWST,False,FALSE,55,10,0,,True
G1282,2003-03-27 23:00:00,33.0,AWST,False,FALSE,53,10,0,,True
G1282,2003-03-29 21:00:00,21.0,AWST,False,FALSE,50,10,0,,True
G1282,2003-03-30 05:00:00,380.1,AWST,False,FALSE,70,10,0,,True
G1282,2003-03-30 12:00:00,701.7,AWST,False,FALSE,70,10,0,,True
G1282,2003-03-31 12:00:00,901.6,AWST,False,FALSE,70,10,0,,True
G1282,2003-04-02 05:00:00,9.1,AWST,False,FALSE,50,10,0,,True
G1282,2003-04-02 08:00:00,900.0,AWST,False,FALSE,50,10,0,,True
59270,2003-04-02 23:00:00,22.5,SURF,True,EXTREME_TYPE1,55,10,2,"(112.68, 23.6);(112.68, 24.0)",True
G1282,2003-04-03 06:00:00,156.0,AWST,False,FALSE,50,10,0,,True
G1282,2003-04-04 05:00:00,600.1,AWST,False,FALSE,50,10,0,,True
G1282,2003-04-04 23:00:00,201.0,AWST,False,FALSE,50,10,0,,True
G1282,2003-04-05 15:00:00,900.1,AWST,False,FALSE,50,10,0,,True
G1282,2003-04-05 20:00:00,7.0,AWST,False,FALSE,50,10,0,,True
G1282,2003-04-07 00:00:00,1.5,AWST,False,EXTREME_TYPE1,50,10,10,"(113.09, 22.0);(113.09, 22.4);(113.09, 22.8);(113.5, 22.0);(113.5, 22.4);(113.5, 22.8);(113.91, 22.0);(113.91, 22.4);(113.91, 22.8);(114.32, 22.4)",True
G1282,2003-04-08 01:00:00,1.4,AWST,False,EXTREME_TYPE1,62,10,10,"(113.09, 22.0);(113.09, 22.4);(113.09, 22.8);(113.5, 22.0);(113.5, 22.4);(113.5, 22.8);(113.91, 22.0);(113.91, 22.4);(113.91, 22.8);(114.32, 22.4)",True
59284,2003-04-09 03:00:00,2.8,SURF,True,EXTREME_TYPE1,150,12,12,"(112.68, 23.2);(112.68, 23.6);(113.09, 22.8);(113.09, 23.2);(113.09, 23.6);(113.09, 24.0);(113.5, 22.8);(113.5, 23.2);(113.5, 23.6);(113.5, 24.0);(113.91, 23.2);(113.91, 23.6)",True
59280,2003-04-09 08:00:00,51.0,SURF,True,FALSE,105,10,0,,True
G1282,2003-04-09 16:00:00,200.7,AWST,False,FALSE,65,10,0,,True
59096,2003-04-09 19:00:00,23.0,SURF,True,EXTREME_TYPE1,15,12,9,"(113.91, 24.0);(113.91, 24.4);(113.91, 24.8);(114.32, 24.0);(114.32, 24.4);(114.32, 24.8);(114.73, 24.0);(114.73, 24.4);(114.73, 24.8)",True
G1282,2003-04-10 05:00:00,2.2,AWST,False,EXTREME_TYPE1,65,10,6,"(113.09, 22.0);(113.09, 22.4);(113.09, 22.8);(113.5, 22.4);(113.91, 22.8);(114.32, 22.4)",True
G1282,2003-04-10 08:00:00,3.0,AWST,False,EXTREME_TYPE1,65,10,4,"(113.09, 22.0);(113.09, 22.8);(113.5, 22.8);(113.91, 22.8)",True
G1282,2003-04-10 09:00:00,3.2,AWST,False,EXTREME_TYPE1,65,10,4,"(113.09, 22.4);(113.09, 22.8);(113.5, 22.4);(113.5, 22.8)",True
G1282,2003-04-10 10:00:00,1.7,AWST,False,EXTREME_TYPE1,65,10,10,"(113.09, 22.0);(113.09, 22.4);(113.09, 22.8);(113.5, 22.0);(113.5, 22.4);(113.5, 22.8);(113.91, 22.0);(113.91, 22.4);(113.91, 22.8);(114.32, 22.4)",True
G2109,2003-04-11 01:00:00,60.6,AWST,False,FALSE,420,10,0,,True
G2109,2003-04-11 08:00:00,60.4,AWST,False,FALSE,420,10,0,,True
G2109,2003-04-11 18:00:00,888.8,AWST,False,FALSE,420,10,0,,True
G2109,2003-04-12 09:00:00,555.5,AWST,False,FALSE,420,10,0,,True
G1282,2003-04-13 21:00:00,518.0,AWST,False,FALSE,85,10,0,,True
59106,2003-04-13 23:00:00,3.5,SURF,True,EXTREME_TYPE1,20,10,10,"(115.14, 24.4);(115.14, 24.8);(115.55, 24.0);(115.55, 24.4);(115.55, 24.8);(115.95, 24.0);(115.95, 24.4);(115.95, 24.8);(116.36, 24.4);(116.36, 24.8)",True
G2109,2003-04-14 01:00:00,888.3,AWST,False,FALSE,420,10,0,,True
G2109,2003-04-14 02:00:00,555.2,AWST,False,FALSE,420,10,0,,True
59492,2003-04-14 03:00:00,2.6,SURF,True,EXTREME_TYPE1,84,11,11,"(114.32, 22.4);(114.32, 22.8);(114.32, 23.2);(114.32, 23.6);(114.73, 22.4);(114.73, 22.8);(114.73, 23.2);(114.73, 23.6);(115.14, 22.8);(115.14, 23.2);(115.14, 23.6)",True
59314,2003-04-14 04:00:00,57.8,SURF,True,EXTREME_TYPE1,165,12,11,"(115.55, 23.2);(115.55, 23.6);(115.95, 22.8);(115.95, 23.2);(115.95, 23.6);(116.36, 22.8);(116.36, 23.2);(116.36, 23.6);(116.36, 24.0);(116.77, 23.2);(116.77, 23.6)",True
G2109,2003-04-15 06:00:00,1.3,AWST,False,FALSE,420,10,0,,True
G1282,2003-04-15 08:00:00,37.0,AWST,False,FALSE,85,10,0,,True
G1282,2003-04-15 17:00:00,365.5,AWST,False,FALSE,85,10,0,,True
G2109,2003-04-15 20:00:00,700.0,AWST,False,FALSE,420,10,0,,True
G1282,2003-04-15 22:00:00,61.5,AWST,False,FALSE,85,10,0,,True
G1282,2003-04-16 16:00:00,920.0,AWST,False,FALSE,85,10,0,,True
G2109,2003-04-16 17:00:00,300.0,AWST,False,FALSE,413,10,0,,True
G1282,2003-04-17 12:00:00,53.0,AWST,False,FALSE,85,10,0,,True
G2109,2003-04-17 13:00:00,1.3,AWST,False,EXTREME_TYPE1,415,10,3,"(111.86, 22.0);(111.86, 22.4);(112.27, 22.0)",True
G1282,2003-04-17 21:00:00,70.5,AWST,False,FALSE,85,10,0,,True
G2109,2003-04-18 03:00:00,555.5,AWST,False,FALSE,415,10,0,,True
G2109,2003-04-19 06:00:00,555.5,AWST,False,FALSE,420,10,0,,True
G2109,2003-04-19 09:00:00,894.3,AWST,False,FALSE,420,10,0,,True
G1282,2003-04-19 18:00:00,50.0,AWST,False,FALSE,85,10,0,,True
G1282,2003-04-20 02:00:00,131.0,AWST,False,FALSE,85,10,0,,True
G2109,2003-04-20 22:00:00,130.0,AWST,False,FALSE,420,10,0,,True
G1282,2003-04-20 23:00:00,8.0,AWST,False,EXTREME_TYPE1,85,10,1,"(113.09, 22.4)",True
G2109,2003-04-21 00:00:00,54.5,AWST,False,FALSE,420,10,0,,True
G2109,2003-04-21 01:00:00,13.0,AWST,False,FALSE,420,10,0,,True
G2109,2003-04-21 11:00:00,13.0,AWST,False,FALSE,420,10,0,,True
G2109,2003-04-22 03:00:00,555.5,AWST,False,FALSE,420,10,0,,True
G2109,2003-04-22 04:00:00,5.5,AWST,False,FALSE,420,10,0,,True
G2109,2003-04-22 21:00:00,555.5,AWST,False,FALSE,420,10,0,,True
G1282,2003-04-23 07:00:00,800.2,AWST,False,FALSE,85,10,0,,True
G2109,2003-04-23 09:00:00,300.0,AWST,False,FALSE,419,10,0,,True
G2109,2003-04-23 10:00:00,888.8,AWST,False,FALSE,420,10,0,,True
G2109,2003-04-24 08:00:00,555.5,AWST,False,FALSE,420,10,0,,True
G2340,2003-04-24 15:00:00,630.0,AWST,False,FALSE,135,9,0,,True
G2109,2003-04-25 00:00:00,300.0,AWST,False,FALSE,420,10,0,,True
G2109,2003-04-25 02:00:00,300.0,AWST,False,FALSE,420,10,0,,True
G2109,2003-04-25 03:00:00,300.0,AWST,False,FALSE,420,10,0,,True
G2109,2003-04-25 08:00:00,30.0,AWST,False,FALSE,419,10,0,,True
G2109,2003-04-25 16:00:00,300.0,AWST,False,FALSE,420,10,0,,True
G2109,2003-04-25 21:00:00,1.3,AWST,False,FALSE,420,10,0,,True
G2109,2003-04-26 02:00:00,555.5,AWST,False,FALSE,420,10,0,,True
G1282,2003-04-26 22:00:00,8.8,AWST,False,FALSE,85,10,0,,True
G2109,2003-04-26 23:00:00,1.3,AWST,False,FALSE,420,10,0,,True
G2109,2003-04-27 03:00:00,100.0,AWST,False,FALSE,420,10,0,,True
G1282,2003-04-27 14:00:00,358.0,AWST,False,FALSE,85,10,0,,True
G2109,2003-04-28 11:00:00,30.0,AWST,False,FALSE,420,10,0,,True
G2109,2003-04-28 12:00:00,555.5,AWST,False,FALSE,420,10,0,,True
59500,2003-05-04 12:00:00,52.7,SURF,True,EXTREME_TYPE1,165,12,12,"(114.73, 22.8);(114.73, 23.2);(115.14, 22.4);(115.14, 22.8);(115.14, 23.2);(115.14, 23.6);(115.55, 22.4);(115.55, 22.8);(115.55, 23.2);(115.55, 23.6);(115.95, 22.8);(115.95, 23.2)",True
59502,2003-05-04 14:00:00,51.8,SURF,True,EXTREME_TYPE1,210,12,12,"(115.14, 22.8);(115.14, 23.2);(115.55, 22.4);(115.55, 22.8);(115.55, 23.2);(115.55, 23.6);(115.95, 22.4);(115.95, 22.8);(115.95, 23.2);(115.95, 23.6);(116.36, 22.8);(116.36, 23.2)",True
59317,2003-05-04 16:00:00,72.4,SURF,True,EXTREME_TYPE1,190,9,9,"(115.95, 22.4);(115.95, 22.8);(115.95, 23.2);(115.95, 23.6);(116.36, 22.8);(116.36, 23.2);(116.36, 23.6);(116.77, 22.8);(116.77, 23.2)",True
59318,2003-05-04 16:00:00,77.7,SURF,True,EXTREME_TYPE1,140,12,12,"(115.95, 23.2);(115.95, 23.6);(116.36, 22.8);(116.36, 23.2);(116.36, 23.6);(116.36, 24.0);(116.77, 22.8);(116.77, 23.2);(116.77, 23.6);(116.77, 24.0);(117.18, 23.2);(117.18, 23.6)",True
59324,2003-05-04 17:00:00,11.5,SURF,True,EXTREME_TYPE1,25,10,10,"(116.36, 23.2);(116.36, 23.6);(116.77, 22.8);(116.77, 23.2);(116.77, 23.6);(116.77, 24.0);(117.18, 23.2);(117.18, 23.6);(117.18, 24.0);(117.59, 23.6)",True
59488,2003-05-05 01:00:00,63.5,SURF,True,EXTREME_TYPE1,80,11,11,"(113.09, 22.0);(113.09, 22.4);(113.09, 22.8);(113.5, 21.6);(113.5, 22.0);(113.5, 22.4);(113.5, 22.8);(113.91, 22.0);(113.91, 22.4);(113.91, 22.8);(114.32, 22.4)",True
59480,2003-05-05 03:00:00,6.0,SURF,True,EXTREME_TYPE1,278,10,10,"(112.68, 22.4);(112.68, 22.8);(112.68, 23.2);(113.09, 22.4);(113.09, 22.8);(113.09, 23.2);(113.5, 22.4);(113.5, 22.8);(113.5, 23.2);(113.91, 22.8)",True
59287,2003-05-05 05:00:00,5.5,SURF,True,EXTREME_TYPE1,163,9,9,"(113.09, 22.8);(113.09, 23.2);(113.09, 23.6);(113.5, 22.8);(113.5, 23.2);(113.5, 23.6);(113.91, 22.8);(113.91, 23.2);(113.91, 23.6)",True
59502,2003-05-05 10:00:00,37.6,SURF,True,EXTREME_TYPE1,207,12,12,"(115.14, 22.8);(115.14, 23.2);(115.55, 22.4);(115.55, 22.8);(115.55, 23.2);(115.55, 23.6);(115.95, 22.4);(115.95, 22.8);(115.95, 23.2);(115.95, 23.6);(116.36, 22.8);(116.36, 23.2)",True
59087,2003-05-08 04:00:00,74.9,SURF,True,EXTREME_TYPE1,121,10,10,"(113.09, 23.6);(113.09, 24.0);(113.09, 24.4);(113.5, 23.2);(113.5, 23.6);(113.5, 24.0);(113.5, 24.4);(113.91, 23.6);(113.91, 24.0);(113.91, 24.4)",True
59673,2003-05-09 08:00:00,21.9,SURF,True,EXTREME_TYPE1,60,8,4,"(112.27, 22.0);(112.68, 22.0);(112.68, 22.4);(113.09, 22.0)",True
59106,2003-05-11 07:00:00,48.4,SURF,True,FALSE,20,10,0,,True
59287,2003-05-14 18:00:00,37.9,SURF,True,EXTREME_TYPE1,165,9,9,"(113.09, 22.8);(113.09, 23.2);(113.09, 23.6);(113.5, 22.8);(113.5, 23.2);(113.5, 23.6);(113.91, 22.8);(113.91, 23.2);(113.91, 23.6)",True
59288,2003-05-14 18:00:00,83.6,SURF,True,EXTREME_TYPE1,225,10,10,"(112.27, 23.2);(112.68, 22.8);(112.68, 23.2);(112.68, 23.6);(113.09, 22.8);(113.09, 23.2);(113.09, 23.6);(113.5, 22.8);(113.5, 23.2);(113.5, 23.6)",True
59314,2003-05-16 11:00:00,42.5,SURF,True,EXTREME_TYPE1,200,12,12,"(115.55, 23.2);(115.55, 23.6);(115.95, 22.8);(115.95, 23.2);(115.95, 23.6);(115.95, 24.0);(116.36, 22.8);(116.36, 23.2);(116.36, 23.6);(116.36, 24.0);(116.77, 23.2);(116.77, 23.6)",True
59099,2003-05-17 05:00:00,27.1,SURF,True,EXTREME_TYPE1,25,10,8,"(114.32, 24.4);(114.32, 24.8);(114.73, 24.4);(114.73, 24.8);(115.14, 24.4);(115.14, 24.8);(115.55, 24.4);(115.55, 24.8)",True
59109,2003-05-17 10:00:00,23.2,SURF,True,EXTREME_TYPE1,55,12,11,"(115.14, 24.0);(115.14, 24.4);(115.55, 24.0);(115.55, 24.4);(115.55, 24.8);(115.95, 23.6);(115.95, 24.0);(115.95, 24.4);(115.95, 24.8);(116.36, 24.0);(116.36, 24.4)",True
59096,2003-05-17 13:00:00,9.3,SURF,True,EXTREME_TYPE1,15,12,12,"(113.91, 24.0);(113.91, 24.4);(113.91, 24.8);(114.32, 24.0);(114.32, 24.4);(114.32, 24.8);(114.73, 24.0);(114.73, 24.4);(114.73, 24.8);(115.14, 24.0);(115.14, 24.4);(115.14, 24.8)",True
59673,2003-05-18 07:00:00,51.1,SURF,True,EXTREME_TYPE1,60,8,4,"(112.27, 22.0);(112.68, 22.0);(112.68, 22.4);(113.09, 22.0)",True
59650,2003-05-23 15:00:00,5.2,SURF,True,EXTREME_TYPE1,70,11,11,"(109.82, 21.2);(109.82, 21.6);(109.82, 22.0);(110.23, 20.8);(110.23, 21.2);(110.23, 21.6);(110.23, 22.0);(110.64, 20.8);(110.64, 21.2);(110.64, 21.6);(110.64, 22.0)",True
59673,2003-05-26 11:00:00,22.2,SURF,True,EXTREME_TYPE1,60,8,4,"(112.27, 22.0);(112.68, 22.0);(112.68, 22.4);(113.09, 22.0)",True
59654,2003-05-27 08:00:00,51.8,SURF,True,EXTREME_TYPE1,75,10,9,"(109.82, 21.2);(109.82, 21.6);(110.23, 21.2);(110.23, 21.6);(110.23, 22.0);(110.64, 21.2);(110.64, 21.6);(110.64, 22.0);(111.05, 21.6)",True
59659,2003-05-29 18:00:00,56.4,SURF,True,EXTREME_TYPE1,95,12,9,"(110.23, 21.6);(110.23, 22.0);(110.64, 21.2);(110.64, 21.6);(110.64, 22.0);(111.05, 21.6);(111.05, 22.0);(111.45, 21.6);(111.45, 22.0)",True
G2109,2003-05-31 21:00:00,555.5,AWST,False,FALSE,400,10,0,,True
G2109,2003-06-03 06:00:00,888.8,AWST,False,FALSE,390,10,0,,True
G2109,2003-06-03 12:00:00,888.8,AWST,False,FALSE,390,10,0,,True
59072,2003-06-06 05:00:00,5.5,SURF,True,EXTREME_TYPE1,100,9,9,"(111.86, 24.4);(111.86, 24.8);(112.27, 24.4);(112.27, 24.8);(112.27, 25.2);(112.68, 24.4);(112.68, 24.8);(112.68, 25.2);(113.09, 24.8)",True
G2109,2003-06-06 05:00:00,255.5,AWST,False,EXTREME_TYPE5,390,10,4,"(111.86, 22.0);(112.27, 22.0);(112.27, 22.4);(112.68, 22.0)",True
G2109,2003-06-06 11:00:00,888.8,AWST,False,FALSE,390,10,0,,True
G2109,2003-06-06 12:00:00,555.5,AWST,False,FALSE,390,10,0,,True
59659,2003-06-06 15:00:00,2.3,SURF,True,EXTREME_TYPE1,95,12,12,"(110.23, 21.6);(110.23, 22.0);(110.64, 21.2);(110.64, 21.6);(110.64, 22.0);(110.64, 22.4);(111.05, 21.2);(111.05, 21.6);(111.05, 22.0);(111.05, 22.4);(111.45, 21.6);(111.45, 22.0)",True
59297,2003-06-06 19:00:00,45.5,SURF,True,EXTREME_TYPE1,130,10,10,"(113.5, 23.2);(113.91, 22.8);(113.91, 23.2);(113.91, 23.6);(114.32, 22.8);(114.32, 23.2);(114.32, 23.6);(114.73, 22.8);(114.73, 23.2);(114.73, 23.6)",True
G2109,2003-06-06 20:00:00,20.0,AWST,False,EXTREME_TYPE1,389,10,6,"(111.86, 22.8);(112.27, 22.4);(112.27, 22.8);(112.68, 22.4);(112.68, 22.8);(113.09, 22.4)",True
G2109,2003-06-06 21:00:00,10.0,AWST,False,EXTREME_TYPE1,390,10,6,"(111.86, 22.8);(112.27, 22.4);(112.27, 22.8);(112.68, 22.4);(112.68, 22.8);(113.09, 22.4)",True
59313,2003-06-07 13:00:00,1.1,SURF,True,EXTREME_TYPE1,25,9,9,"(116.36, 23.6);(116.36, 24.0);(116.77, 23.2);(116.77, 23.6);(116.77, 24.0);(117.18, 23.2);(117.18, 23.6);(117.18, 24.0);(117.59, 23.6)",True
G2109,2003-06-08 21:00:00,440.7,AWST,False,FALSE,387,10,0,,True
G2109,2003-06-09 04:00:00,1.8,AWST,False,EXTREME_TYPE1,385,10,10,"(111.86, 22.0);(111.86, 22.4);(111.86, 22.8);(112.27, 22.0);(112.27, 22.4);(112.27, 22.8);(112.68, 22.0);(112.68, 22.4);(112.68, 22.8);(113.09, 22.4)",True
G2109,2003-06-09 05:00:00,588.1,AWST,False,FALSE,385,10,0,,True
G2109,2003-06-09 06:00:00,555.5,AWST,False,FALSE,386,10,0,,True
59488,2003-06-09 12:00:00,52.6,SURF,True,EXTREME_TYPE1,80,11,11,"(113.09, 22.0);(113.09, 22.4);(113.09, 22.8);(113.5, 21.6);(113.5, 22.0);(113.5, 22.4);(113.5, 22.8);(113.91, 22.0);(113.91, 22.4);(113.91, 22.8);(114.32, 22.4)",True
59653,2003-06-09 19:00:00,20.5,SURF,True,EXTREME_TYPE1,90,11,11,"(110.23, 21.6);(110.23, 22.0);(110.64, 21.6);(110.64, 22.0);(110.64, 22.4);(111.05, 21.6);(111.05, 22.0);(111.05, 22.4);(111.45, 21.6);(111.45, 22.0);(111.45, 22.4)",True
59279,2003-06-10 01:00:00,36.4,SURF,True,EXTREME_TYPE1,214,12,12,"(112.27, 22.8);(112.27, 23.2);(112.27, 23.6);(112.68, 22.8);(112.68, 23.2);(112.68, 23.6);(113.09, 22.8);(113.09, 23.2);(113.09, 23.6);(113.5, 22.8);(113.5, 23.2);(113.5, 23.6)",True
G2109,2003-06-10 06:00:00,1.0,AWST,False,EXTREME_TYPE1,390,10,9,"(111.86, 22.0);(111.86, 22.4);(112.27, 22.0);(112.27, 22.4);(112.27, 22.8);(112.68, 22.0);(112.68, 22.4);(112.68, 22.8);(113.09, 22.4)",True
G2109,2003-06-10 13:00:00,1.6,AWST,False,EXTREME_TYPE1,390,10,10,"(111.86, 22.0);(111.86, 22.4);(111.86, 22.8);(112.27, 22.0);(112.27, 22.4);(112.27, 22.8);(112.68, 22.0);(112.68, 22.4);(112.68, 22.8);(113.09, 22.4)",True
G2109,2003-06-10 15:00:00,10.3,AWST,False,EXTREME_TYPE1,390,10,10,"(111.86, 22.0);(111.86, 22.4);(111.86, 22.8);(112.27, 22.0);(112.27, 22.4);(112.27, 22.8);(112.68, 22.0);(112.68, 22.4);(112.68, 22.8);(113.09, 22.4)",True
59673,2003-06-10 22:00:00,117.4,SURF,True,EXTREME_TYPE1,55,8,6,"(112.68, 21.6);(112.68, 22.0);(112.68, 22.4);(113.09, 21.6);(113.09, 22.0);(113.5, 21.6)",True
59488,2003-06-10 23:00:00,62.6,SURF,True,EXTREME_TYPE1,80,11,11,"(113.09, 22.0);(113.09, 22.4);(113.09, 22.8);(113.5, 21.6);(113.5, 22.0);(113.5, 22.4);(113.5, 22.8);(113.91, 22.0);(113.91, 22.4);(113.91, 22.8);(114.32, 22.4)",True
59673,2003-06-10 23:00:00,64.3,SURF,True,EXTREME_TYPE1,55,8,2,"(113.09, 22.0);(113.5, 21.6)",True
59673,2003-06-11 00:00:00,62.7,SURF,True,EXTREME_TYPE1,55,8,2,"(113.09, 22.0);(113.5, 21.6)",True
57989,2003-06-11 07:00:00,6.4,SURF,True,EXTREME_TYPE1,50,12,12,"(113.09, 24.8);(113.09, 25.2);(113.5, 24.4);(113.5, 24.8);(113.5, 25.2);(113.5, 25.6);(113.91, 24.4);(113.91, 24.8);(113.91, 25.2);(113.91, 25.6);(114.32, 24.8);(114.32, 25.2)",True
59502,2003-06-11 07:00:00,67.3,SURF,True,EXTREME_TYPE1,180,12,12,"(115.14, 22.8);(115.14, 23.2);(115.55, 22.4);(115.55, 22.8);(115.55, 23.2);(115.55, 23.6);(115.95, 22.4);(115.95, 22.8);(115.95, 23.2);(115.95, 23.6);(116.36, 22.8);(116.36, 23.2)",True
59097,2003-06-12 16:00:00,1.3,SURF,True,EXTREME_TYPE1,65,10,10,"(113.5, 24.0);(113.91, 23.6);(113.91, 24.0);(113.91, 24.4);(114.32, 23.6);(114.32, 24.0);(114.32, 24.4);(114.73, 23.6);(114.73, 24.0);(114.73, 24.4)",True
59285,2003-06-14 06:00:00,50.0,SURF,True,EXTREME_TYPE1,139,10,10,"(113.09, 23.2);(113.09, 23.6);(113.09, 24.0);(113.5, 23.2);(113.5, 23.6);(113.5, 24.0);(113.91, 23.2);(113.91, 23.6);(113.91, 24.0);(114.32, 23.6)",True
59289,2003-06-14 17:00:00,47.2,SURF,True,EXTREME_TYPE1,150,12,12,"(113.09, 22.8);(113.09, 23.2);(113.5, 22.4);(113.5, 22.8);(113.5, 23.2);(113.5, 23.6);(113.91, 22.4);(113.91, 22.8);(113.91, 23.2);(113.91, 23.6);(114.32, 22.8);(114.32, 23.2)",True
59306,2003-06-15 09:00:00,28.5,SURF,True,EXTREME_TYPE1,200,12,12,"(115.14, 23.2);(115.14, 23.6);(115.55, 22.8);(115.55, 23.2);(115.55, 23.6);(115.55, 24.0);(115.95, 22.8);(115.95, 23.2);(115.95, 23.6);(115.95, 24.0);(116.36, 23.2);(116.36, 23.6)",True
G2109,2003-06-15 09:00:00,10.0,AWST,False,EXTREME_TYPE1,380,10,3,"(112.68, 22.4);(112.68, 22.8);(113.09, 22.4)",True
59310,2003-06-15 20:00:00,6.1,SURF,True,EXTREME_TYPE1,135,12,12,"(115.55, 23.6);(115.55, 24.0);(115.95, 23.2);(115.95, 23.6);(115.95, 24.0);(115.95, 24.4);(116.36, 23.2);(116.36, 23.6);(116.36, 24.0);(116.36, 24.4);(116.77, 23.6);(116.77, 24.0)",True
G2109,2003-06-16 16:00:00,533.1,AWST,False,FALSE,380,10,0,,True
G2109,2003-06-17 02:00:00,555.5,AWST,False,FALSE,380,10,0,,True
G2109,2003-06-18 21:00:00,555.5,AWST,False,FALSE,380,10,0,,True
59099,2003-06-22 15:00:00,2.7,SURF,True,EXTREME_TYPE1,25,10,10,"(114.32, 24.4);(114.32, 24.8);(114.73, 24.0);(114.73, 24.4);(114.73, 24.8);(115.14, 24.0);(115.14, 24.4);(115.14, 24.8);(115.55, 24.4);(115.55, 24.8)",True
59485,2003-06-22 17:00:00,1.9,SURF,True,EXTREME_TYPE1,250,12,12,"(112.68, 22.4);(112.68, 22.8);(113.09, 22.0);(113.09, 22.4);(113.09, 22.8);(113.5, 22.0);(113.5, 22.4);(113.5, 22.8);(113.5, 23.2);(113.91, 22.0);(113.91, 22.4);(113.91, 22.8)",True
59306,2003-06-26 07:00:00,54.1,SURF,True,EXTREME_TYPE1,195,12,12,"(115.14, 23.2);(115.14, 23.6);(115.55, 22.8);(115.55, 23.2);(115.55, 23.6);(115.55, 24.0);(115.95, 22.8);(115.95, 23.2);(115.95, 23.6);(115.95, 24.0);(116.36, 23.2);(116.36, 23.6)",True
59477,2003-06-27 21:00:00,50.7,SURF,True,EXTREME_TYPE1,350,10,10,"(111.86, 22.0);(111.86, 22.4);(111.86, 22.8);(112.27, 21.6);(112.27, 22.0);(112.27, 22.4);(112.27, 22.8);(112.68, 22.0);(112.68, 22.4);(112.68, 22.8)",True
59287,2003-06-27 22:00:00,17.2,SURF,True,EXTREME_TYPE1,165,9,9,"(113.09, 22.8);(113.09, 23.2);(113.09, 23.6);(113.5, 22.8);(113.5, 23.2);(113.5, 23.6);(113.91, 22.8);(113.91, 23.2);(113.91, 23.6)",True
59492,2003-06-28 02:00:00,12.4,SURF,True,EXTREME_TYPE1,85,11,11,"(114.32, 22.4);(114.32, 22.8);(114.32, 23.2);(114.32, 23.6);(114.73, 22.4);(114.73, 22.8);(114.73, 23.2);(114.73, 23.6);(115.14, 22.8);(115.14, 23.2);(115.14, 23.6)",True
59280,2003-06-28 18:00:00,52.1,SURF,True,EXTREME_TYPE2,135,10,1,"(113.5, 24.0)",True
59654,2003-06-29 16:00:00,52.4,SURF,True,EXTREME_TYPE1,60,10,9,"(109.82, 21.2);(109.82, 21.6);(109.82, 22.0);(110.23, 21.2);(110.23, 21.6);(110.23, 22.0);(110.64, 21.2);(110.64, 21.6);(110.64, 22.0)",True
59654,2003-06-29 17:00:00,55.1,SURF,True,EXTREME_TYPE1,60,10,9,"(109.82, 21.2);(109.82, 21.6);(109.82, 22.0);(110.23, 21.2);(110.23, 21.6);(110.23, 22.0);(110.64, 21.2);(110.64, 21.6);(110.64, 22.0)",True
59654,2003-06-30 15:00:00,13.3,SURF,True,EXTREME_TYPE1,60,10,9,"(109.82, 21.2);(109.82, 21.6);(109.82, 22.0);(110.23, 21.2);(110.23, 21.6);(110.23, 22.0);(110.64, 21.2);(110.64, 21.6);(110.64, 22.0)",True
59492,2003-07-24 08:00:00,30.1,SURF,True,EXTREME_TYPE1,90,11,11,"(114.32, 22.4);(114.32, 22.8);(114.32, 23.2);(114.32, 23.6);(114.73, 22.4);(114.73, 22.8);(114.73, 23.2);(114.73, 23.6);(115.14, 22.8);(115.14, 23.2);(115.14, 23.6)",True
59303,2003-07-27 18:00:00,32.5,SURF,True,EXTREME_TYPE1,185,10,10,"(115.14, 23.6);(115.14, 24.0);(115.55, 23.6);(115.55, 24.0);(115.55, 24.4);(115.95, 23.6);(115.95, 24.0);(115.95, 24.4);(116.36, 23.6);(116.36, 24.0)",True
59312,2003-07-27 18:00:00,58.9,SURF,True,EXTREME_TYPE1,105,10,10,"(115.95, 23.6);(116.36, 23.2);(116.36, 23.6);(116.36, 24.0);(116.77, 23.2);(116.77, 23.6);(116.77, 24.0);(117.18, 23.2);(117.18, 23.6);(117.18, 24.0)",True
59285,2003-08-04 21:00:00,53.6,SURF,True,EXTREME_TYPE1,137,10,7,"(113.09, 23.2);(113.09, 23.6);(113.5, 23.2);(113.5, 23.6);(113.91, 23.2);(113.91, 23.6);(114.32, 23.6)",True
59285,2003-08-05 01:00:00,1.7,SURF,True,EXTREME_TYPE1,138,10,10,"(113.09, 23.2);(113.09, 23.6);(113.09, 24.0);(113.5, 23.2);(113.5, 23.6);(113.5, 24.0);(113.91, 23.2);(113.91, 23.6);(113.91, 24.0);(114.32, 23.6)",True
59469,2003-08-05 04:00:00,31.3,SURF,True,EXTREME_TYPE1,205,11,11,"(111.05, 22.0);(111.45, 21.6);(111.45, 22.0);(111.45, 22.4);(111.86, 21.6);(111.86, 22.0);(111.86, 22.4);(111.86, 22.8);(112.27, 21.6);(112.27, 22.0);(112.27, 22.4)",True
59659,2003-08-05 23:00:00,4.6,SURF,True,EXTREME_TYPE1,65,12,12,"(110.23, 21.6);(110.23, 22.0);(110.64, 21.2);(110.64, 21.6);(110.64, 22.0);(110.64, 22.4);(111.05, 21.2);(111.05, 21.6);(111.05, 22.0);(111.05, 22.4);(111.45, 21.6);(111.45, 22.0)",True
59264,2003-08-06 18:00:00,61.2,SURF,True,EXTREME_TYPE5,40,9,6,"(111.05, 23.2);(111.45, 22.8);(111.45, 23.2);(111.45, 23.6);(111.86, 22.8);(111.86, 23.2)",True
59478,2003-08-12 14:00:00,9.8,SURF,True,EXTREME_TYPE1,295,12,11,"(112.27, 22.0);(112.27, 22.4);(112.68, 21.6);(112.68, 22.0);(112.68, 22.4);(112.68, 22.8);(113.09, 21.6);(113.09, 22.0);(113.09, 22.4);(113.09, 22.8);(113.5, 22.4)",True
59653,2003-08-12 16:00:00,50.6,SURF,True,FALSE,90,11,0,,True
59288,2003-08-12 19:00:00,19.9,SURF,True,EXTREME_TYPE1,205,10,10,"(112.27, 23.2);(112.68, 22.8);(112.68, 23.2);(112.68, 23.6);(113.09, 22.8);(113.09, 23.2);(113.09, 23.6);(113.5, 22.8);(113.5, 23.2);(113.5, 23.6)",True
59306,2003-08-15 18:00:00,24.0,SURF,True,EXTREME_TYPE1,235,12,12,"(115.14, 23.2);(115.14, 23.6);(115.55, 22.8);(115.55, 23.2);(115.55, 23.6);(115.55, 24.0);(115.95, 22.8);(115.95, 23.2);(115.95, 23.6);(115.95, 24.0);(116.36, 23.2);(116.36, 23.6)",True
59109,2003-08-15 19:00:00,59.5,SURF,True,EXTREME_TYPE1,59,12,9,"(115.14, 24.0);(115.14, 24.4);(115.55, 23.6);(115.55, 24.0);(115.55, 24.4);(115.95, 23.6);(115.95, 24.0);(115.95, 24.4);(116.36, 24.0)",True
59071,2003-08-16 17:00:00,13.8,SURF,True,EXTREME_TYPE1,50,8,8,"(111.86, 24.4);(111.86, 24.8);(112.27, 24.4);(112.27, 24.8);(112.27, 25.2);(112.68, 24.4);(112.68, 24.8);(112.68, 25.2)",True
59501,2003-08-17 06:00:00,25.0,SURF,True,FALSE,170,12,0,,True
59288,2003-08-17 21:00:00,7.2,SURF,True,EXTREME_TYPE1,205,10,10,"(112.27, 23.2);(112.68, 22.8);(112.68, 23.2);(112.68, 23.6);(113.09, 22.8);(113.09, 23.2);(113.09, 23.6);(113.5, 22.8);(113.5, 23.2);(113.5, 23.6)",True
59090,2003-08-17 22:00:00,15.5,SURF,True,EXTREME_TYPE1,15,12,12,"(113.5, 24.8);(113.5, 25.2);(113.91, 24.4);(113.91, 24.8);(113.91, 25.2);(113.91, 25.6);(114.32, 24.4);(114.32, 24.8);(114.32, 25.2);(114.32, 25.6);(114.73, 24.8);(114.73, 25.2)",True
59492,2003-08-19 15:00:00,75.8,SURF,True,EXTREME_TYPE1,115,11,5,"(114.73, 22.8);(114.73, 23.2);(115.14, 22.8);(115.14, 23.2);(115.14, 23.6)",True
59456,2003-08-19 19:00:00,35.3,SURF,True,EXTREME_TYPE1,95,10,6,"(111.05, 22.0);(111.05, 22.4);(111.05, 22.8);(111.45, 22.0);(111.45, 22.4);(111.45, 22.8)",True
59276,2003-08-21 15:00:00,50.9,SURF,True,EXTREME_TYPE1,225,10,9,"(112.27, 22.8);(112.27, 23.6);(112.68, 22.8);(112.68, 23.2);(112.68, 23.6);(112.68, 24.0);(113.09, 22.8);(113.09, 23.2);(113.09, 23.6)",True
59485,2003-08-21 15:00:00,50.5,SURF,True,EXTREME_TYPE1,280,12,12,"(112.68, 22.4);(112.68, 22.8);(113.09, 22.0);(113.09, 22.4);(113.09, 22.8);(113.5, 22.0);(113.5, 22.4);(113.5, 22.8);(113.5, 23.2);(113.91, 22.0);(113.91, 22.4);(113.91, 22.8)",True
59294,2003-08-22 06:00:00,13.9,SURF,True,EXTREME_TYPE1,135,11,11,"(113.09, 23.2);(113.5, 22.8);(113.5, 23.2);(113.5, 23.6);(113.91, 22.8);(113.91, 23.2);(113.91, 23.6);(113.91, 24.0);(114.32, 22.8);(114.32, 23.2);(114.32, 23.6)",True
59094,2003-09-02 16:00:00,13.1,SURF,True,EXTREME_TYPE1,30,12,12,"(113.5, 24.0);(113.5, 24.4);(113.5, 24.8);(113.91, 24.0);(113.91, 24.4);(113.91, 24.8);(114.32, 24.0);(114.32, 24.4);(114.32, 24.8);(114.73, 24.0);(114.73, 24.4);(114.73, 24.8)",True
59318,2003-09-02 19:00:00,33.6,SURF,True,EXTREME_TYPE1,137,12,12,"(115.95, 23.2);(115.95, 23.6);(116.36, 22.8);(116.36, 23.2);(116.36, 23.6);(116.36, 24.0);(116.77, 22.8);(116.77, 23.2);(116.77, 23.6);(116.77, 24.0);(117.18, 23.2);(117.18, 23.6)",True
59310,2003-09-03 03:00:00,23.4,SURF,True,EXTREME_TYPE1,170,12,11,"(115.55, 23.6);(115.55, 24.0);(115.95, 23.2);(115.95, 23.6);(115.95, 24.0);(115.95, 24.4);(116.36, 23.2);(116.36, 23.6);(116.36, 24.0);(116.77, 23.6);(116.77, 24.0)",True
59470,2003-09-03 04:00:00,33.1,SURF,True,EXTREME_TYPE1,280,10,10,"(111.45, 22.8);(111.86, 22.4);(111.86, 22.8);(111.86, 23.2);(112.27, 22.4);(112.27, 22.8);(112.27, 23.2);(112.68, 22.4);(112.68, 22.8);(112.68, 23.2)",True
59298,2003-09-03 10:00:00,2.3,SURF,True,EXTREME_TYPE1,125,11,11,"(113.91, 22.8);(113.91, 23.2);(113.91, 23.6);(114.32, 22.4);(114.32, 22.8);(114.32, 23.2);(114.32, 23.6);(114.73, 22.8);(114.73, 23.2);(114.73, 23.6);(115.14, 23.2)",True
59109,2003-09-03 14:00:00,10.5,SURF,True,EXTREME_TYPE1,55,12,10,"(115.14, 24.0);(115.14, 24.4);(115.55, 23.6);(115.55, 24.0);(115.55, 24.4);(115.95, 23.6);(115.95, 24.0);(115.95, 24.4);(116.36, 24.0);(116.36, 24.4)",True
59477,2003-09-05 13:00:00,1.8,SURF,True,EXTREME_TYPE1,340,10,10,"(111.86, 22.0);(111.86, 22.4);(111.86, 22.8);(112.27, 21.6);(112.27, 22.0);(112.27, 22.4);(112.27, 22.8);(112.68, 22.0);(112.68, 22.4);(112.68, 22.8)",True
59658,2003-09-08 09:00:00,6.0,SURF,True,EXTREME_TYPE1,30,10,10,"(109.82, 20.8);(109.82, 21.2);(109.82, 21.6);(110.23, 20.8);(110.23, 21.2);(110.23, 21.6);(110.64, 20.8);(110.64, 21.2);(110.64, 21.6);(111.05, 21.2)",True
59315,2003-09-14 12:00:00,59.4,SURF,True,EXTREME_TYPE1,140,10,10,"(115.95, 23.2);(115.95, 23.6);(115.95, 24.0);(116.36, 23.2);(116.36, 23.6);(116.36, 24.0);(116.77, 23.2);(116.77, 23.6);(116.77, 24.0);(117.18, 23.6)",True
59487,2003-09-14 15:00:00,8.2,SURF,True,EXTREME_TYPE1,155,12,12,"(112.68, 22.0);(112.68, 22.4);(113.09, 21.6);(113.09, 22.0);(113.09, 22.4);(113.09, 22.8);(113.5, 21.6);(113.5, 22.0);(113.5, 22.4);(113.5, 22.8);(113.91, 22.0);(113.91, 22.4)",True
59269,2003-09-14 16:00:00,2.5,SURF,True,EXTREME_TYPE1,85,9,9,"(111.45, 22.8);(111.45, 23.2);(111.45, 23.6);(111.86, 22.8);(111.86, 23.2);(111.86, 23.6);(112.27, 22.8);(112.27, 23.2);(112.27, 23.6)",True
59488,2003-09-14 19:00:00,32.1,SURF,True,EXTREME_TYPE1,105,11,11,"(113.09, 22.0);(113.09, 22.4);(113.09, 22.8);(113.5, 21.6);(113.5, 22.0);(113.5, 22.4);(113.5, 22.8);(113.91, 22.0);(113.91, 22.4);(113.91, 22.8);(114.32, 22.4)",True
59485,2003-09-14 20:00:00,24.9,SURF,True,EXTREME_TYPE1,260,12,12,"(112.68, 22.4);(112.68, 22.8);(113.09, 22.0);(113.09, 22.4);(113.09, 22.8);(113.5, 22.0);(113.5, 22.4);(113.5, 22.8);(113.5, 23.2);(113.91, 22.0);(113.91, 22.4);(113.91, 22.8)",True
59480,2003-09-15 03:00:00,21.3,SURF,True,EXTREME_TYPE1,260,10,10,"(112.68, 22.4);(112.68, 22.8);(112.68, 23.2);(113.09, 22.4);(113.09, 22.8);(113.09, 23.2);(113.5, 22.4);(113.5, 22.8);(113.5, 23.2);(113.91, 22.8)",True
59488,2003-09-15 10:00:00,59.5,SURF,True,EXTREME_TYPE1,105,11,11,"(113.09, 22.0);(113.09, 22.4);(113.09, 22.8);(113.5, 21.6);(113.5, 22.0);(113.5, 22.4);(113.5, 22.8);(113.91, 22.0);(113.91, 22.4);(113.91, 22.8);(114.32, 22.4)",True
59485,2003-09-15 15:00:00,33.0,SURF,True,EXTREME_TYPE1,260,12,12,"(112.68, 22.4);(112.68, 22.8);(113.09, 22.0);(113.09, 22.4);(113.09, 22.8);(113.5, 22.0);(113.5, 22.4);(113.5, 22.8);(113.5, 23.2);(113.91, 22.0);(113.91, 22.4);(113.91, 22.8)",True
59310,2003-09-16 08:00:00,21.1,SURF,True,EXTREME_TYPE1,170,12,8,"(115.95, 23.2);(115.95, 23.6);(115.95, 24.0);(116.36, 23.2);(116.36, 23.6);(116.36, 24.0);(116.77, 23.6);(116.77, 24.0)",True
G2764,2004-01-23 03:00:00,2.7,AWST,False,EXTREME_TYPE5,125,12,4,"(112.68, 24.8);(112.68, 25.2);(113.09, 24.4);(113.09, 24.8)",True
G2764,2004-01-23 04:00:00,80.3,AWST,False,FALSE,125,12,0,,True
G2764,2004-01-23 06:00:00,140.5,AWST,False,FALSE,125,12,0,,True
G2764,2004-01-23 14:00:00,212.7,AWST,False,FALSE,125,12,0,,True
G2764,2004-01-23 15:00:00,88.5,AWST,False,FALSE,125,12,0,,True
59480,2004-02-04 19:00:00,1.7,SURF,True,EXTREME_TYPE1,332,10,10,"(112.68, 22.4);(112.68, 22.8);(112.68, 23.2);(113.09, 22.4);(113.09, 22.8);(113.09, 23.2);(113.5, 22.4);(113.5, 22.8);(113.5, 23.2);(113.91, 22.8)",True
59303,2004-02-05 02:00:00,3.2,SURF,True,EXTREME_TYPE1,288,10,10,"(115.14, 23.6);(115.14, 24.0);(115.55, 23.6);(115.55, 24.0);(115.55, 24.4);(115.95, 23.6);(115.95, 24.0);(115.95, 24.4);(116.36, 23.6);(116.36, 24.0)",True
59279,2004-02-07 05:00:00,1.4,SURF,True,EXTREME_TYPE1,253,12,12,"(112.27, 22.8);(112.27, 23.2);(112.27, 23.6);(112.68, 22.8);(112.68, 23.2);(112.68, 23.6);(113.09, 22.8);(113.09, 23.2);(113.09, 23.6);(113.5, 22.8);(113.5, 23.2);(113.5, 23.6)",True
G2764,2004-02-28 09:00:00,137.0,AWST,False,FALSE,130,12,0,,True
G2764,2004-02-28 10:00:00,186.0,AWST,False,FALSE,130,12,0,,True
G2764,2004-02-28 11:00:00,98.6,AWST,False,FALSE,130,12,0,,True
G2764,2004-02-28 17:00:00,31.7,AWST,False,FALSE,130,12,0,,True
G2764,2004-02-28 19:00:00,29.2,AWST,False,FALSE,130,12,0,,True
G2764,2004-03-01 12:00:00,1.7,AWST,False,EXTREME_TYPE1,130,12,8,"(111.86, 24.4);(112.27, 24.0);(112.27, 24.4);(112.68, 24.0);(112.68, 24.4);(112.68, 24.8);(113.09, 24.4);(113.09, 24.8)",True
G2764,2004-03-06 11:00:00,203.9,AWST,False,FALSE,130,12,0,,True
G2764,2004-03-06 12:00:00,9.8,AWST,False,FALSE,130,12,0,,True
G2764,2004-03-06 13:00:00,13.4,AWST,False,FALSE,130,12,0,,True
G2764,2004-03-06 16:00:00,2.1,AWST,False,FALSE,130,12,0,,True
G2764,2004-03-07 08:00:00,1.1,AWST,False,FALSE,130,12,0,,True
G2764,2004-03-08 12:00:00,75.8,AWST,False,FALSE,130,12,0,,True
G2764,2004-03-08 23:00:00,90.1,AWST,False,FALSE,130,12,0,,True
G2764,2004-03-09 03:00:00,808.4,AWST,False,FALSE,130,12,0,,True
G2764,2004-03-09 04:00:00,443.5,AWST,False,FALSE,130,12,0,,True
G2764,2004-03-09 05:00:00,160.7,AWST,False,FALSE,130,12,0,,True
G2764,2004-03-09 07:00:00,1.4,AWST,False,FALSE,130,12,0,,True
G2764,2004-03-10 17:00:00,117.3,AWST,False,FALSE,130,12,0,,True
G2764,2004-03-10 18:00:00,140.1,AWST,False,FALSE,130,12,0,,True
G2764,2004-03-10 19:00:00,201.8,AWST,False,FALSE,130,12,0,,True
G2764,2004-03-10 20:00:00,112.1,AWST,False,FALSE,130,12,0,,True
G2764,2004-03-11 01:00:00,256.3,AWST,False,FALSE,130,12,0,,True
G2764,2004-03-11 02:00:00,12.2,AWST,False,FALSE,130,12,0,,True
G2764,2004-03-11 10:00:00,119.5,AWST,False,FALSE,130,12,0,,True
G2764,2004-03-11 12:00:00,68.4,AWST,False,FALSE,130,12,0,,True
G2764,2004-03-12 03:00:00,56.3,AWST,False,FALSE,130,12,0,,True
G2764,2004-03-12 06:00:00,53.4,AWST,False,FALSE,130,12,0,,True
G2764,2004-03-12 07:00:00,65.1,AWST,False,FALSE,130,12,0,,True
G2764,2004-03-12 08:00:00,451.8,AWST,False,FALSE,130,12,0,,True
G2764,2004-03-12 09:00:00,479.5,AWST,False,FALSE,130,12,0,,True
G2764,2004-03-12 10:00:00,118.8,AWST,False,FALSE,130,12,0,,True
G2764,2004-03-12 11:00:00,125.5,AWST,False,FALSE,130,12,0,,True
G2764,2004-03-12 13:00:00,340.8,AWST,False,FALSE,130,12,0,,True
G2764,2004-03-12 15:00:00,328.5,AWST,False,FALSE,130,12,0,,True
G2764,2004-03-12 16:00:00,355.2,AWST,False,FALSE,130,12,0,,True
G2764,2004-03-12 22:00:00,93.9,AWST,False,FALSE,130,12,0,,True
G2764,2004-03-12 23:00:00,416.9,AWST,False,FALSE,130,12,0,,True
G2764,2004-03-13 01:00:00,85.3,AWST,False,FALSE,130,12,0,,True
G2764,2004-03-13 04:00:00,53.2,AWST,False,FALSE,130,12,0,,True
G2764,2004-03-13 06:00:00,4.3,AWST,False,FALSE,130,12,0,,True
G2764,2004-03-13 09:00:00,159.7,AWST,False,FALSE,130,12,0,,True
G2764,2004-03-13 10:00:00,12.5,AWST,False,FALSE,130,12,0,,True
G2764,2004-03-13 12:00:00,61.6,AWST,False,FALSE,130,12,0,,True
G2764,2004-03-13 16:00:00,544.5,AWST,False,FALSE,130,12,0,,True
G2764,2004-03-13 19:00:00,148.6,AWST,False,FALSE,130,12,0,,True
59313,2004-03-26 07:00:00,3.0,SURF,True,EXTREME_TYPE1,35,9,9,"(116.36, 23.6);(116.36, 24.0);(116.77, 23.2);(116.77, 23.6);(116.77, 24.0);(117.18, 23.2);(117.18, 23.6);(117.18, 24.0);(117.59, 23.6)",True
59473,2004-04-01 09:00:00,4.3,SURF,True,EXTREME_TYPE1,376,10,10,"(112.27, 22.8);(112.68, 22.4);(112.68, 22.8);(112.68, 23.2);(113.09, 22.4);(113.09, 22.8);(113.09, 23.2);(113.5, 22.4);(113.5, 22.8);(113.5, 23.2)",True
59297,2004-04-01 14:00:00,1.0,SURF,True,EXTREME_TYPE1,140,10,10,"(113.5, 23.2);(113.91, 22.8);(113.91, 23.2);(113.91, 23.6);(114.32, 22.8);(114.32, 23.2);(114.32, 23.6);(114.73, 22.8);(114.73, 23.2);(114.73, 23.6)",True
59655,2004-04-17 14:00:00,66.9,SURF,True,EXTREME_TYPE1,65,10,10,"(110.23, 21.2);(110.23, 21.6);(110.23, 22.0);(110.64, 21.2);(110.64, 21.6);(110.64, 22.0);(110.64, 22.4);(111.05, 21.2);(111.05, 21.6);(111.05, 22.0)",True
59289,2004-04-17 18:00:00,9.1,SURF,True,EXTREME_TYPE1,210,12,12,"(113.09, 22.8);(113.09, 23.2);(113.5, 22.4);(113.5, 22.8);(113.5, 23.2);(113.5, 23.6);(113.91, 22.4);(113.91, 22.8);(113.91, 23.2);(113.91, 23.6);(114.32, 22.8);(114.32, 23.2)",True
59099,2004-05-07 05:00:00,3.4,SURF,True,EXTREME_TYPE1,50,10,10,"(114.32, 24.4);(114.32, 24.8);(114.73, 24.0);(114.73, 24.4);(114.73, 24.8);(115.14, 24.0);(115.14, 24.4);(115.14, 24.8);(115.55, 24.4);(115.55, 24.8)",True
59653,2004-05-07 14:00:00,50.0,SURF,True,EXTREME_TYPE1,135,11,11,"(110.23, 21.6);(110.23, 22.0);(110.64, 21.6);(110.64, 22.0);(110.64, 22.4);(111.05, 21.6);(111.05, 22.0);(111.05, 22.4);(111.45, 21.6);(111.45, 22.0);(111.45, 22.4)",True
59664,2004-05-07 19:00:00,67.4,SURF,True,EXTREME_TYPE1,120,10,10,"(110.23, 21.6);(110.64, 21.2);(110.64, 21.6);(110.64, 22.0);(111.05, 21.2);(111.05, 21.6);(111.05, 22.0);(111.45, 21.2);(111.45, 21.6);(111.45, 22.0)",True
59664,2004-05-07 20:00:00,95.6,SURF,True,EXTREME_TYPE1,120,10,10,"(110.23, 21.6);(110.64, 21.2);(110.64, 21.6);(110.64, 22.0);(111.05, 21.2);(111.05, 21.6);(111.05, 22.0);(111.45, 21.2);(111.45, 21.6);(111.45, 22.0)",True
59663,2004-05-07 21:00:00,56.9,SURF,True,EXTREME_TYPE1,180,11,11,"(111.45, 21.6);(111.45, 22.0);(111.86, 21.2);(111.86, 21.6);(111.86, 22.0);(111.86, 22.4);(112.27, 21.6);(112.27, 22.0);(112.27, 22.4);(112.68, 21.6);(112.68, 22.0)",True
59663,2004-05-07 22:00:00,64.9,SURF,True,EXTREME_TYPE1,180,11,11,"(111.45, 21.6);(111.45, 22.0);(111.86, 21.2);(111.86, 21.6);(111.86, 22.0);(111.86, 22.4);(112.27, 21.6);(112.27, 22.0);(112.27, 22.4);(112.68, 21.6);(112.68, 22.0)",True
59481,2004-05-08 01:00:00,11.8,SURF,True,EXTREME_TYPE1,271,12,12,"(112.68, 22.8);(112.68, 23.2);(113.09, 22.4);(113.09, 22.8);(113.09, 23.2);(113.09, 23.6);(113.5, 22.4);(113.5, 22.8);(113.5, 23.2);(113.5, 23.6);(113.91, 22.8);(113.91, 23.2)",True
59492,2004-05-08 03:00:00,1.2,SURF,True,EXTREME_TYPE1,130,11,11,"(114.32, 22.4);(114.32, 22.8);(114.32, 23.2);(114.32, 23.6);(114.73, 22.4);(114.73, 22.8);(114.73, 23.2);(114.73, 23.6);(115.14, 22.8);(115.14, 23.2);(115.14, 23.6)",True
59663,2004-05-08 03:00:00,90.1,SURF,True,EXTREME_TYPE1,180,11,11,"(111.45, 21.6);(111.45, 22.0);(111.86, 21.2);(111.86, 21.6);(111.86, 22.0);(111.86, 22.4);(112.27, 21.6);(112.27, 22.0);(112.27, 22.4);(112.68, 21.6);(112.68, 22.0)",True
59284,2004-05-08 06:00:00,63.8,SURF,True,EXTREME_TYPE1,215,12,12,"(112.68, 23.2);(112.68, 23.6);(113.09, 22.8);(113.09, 23.2);(113.09, 23.6);(113.09, 24.0);(113.5, 22.8);(113.5, 23.2);(113.5, 23.6);(113.5, 24.0);(113.91, 23.2);(113.91, 23.6)",True
59488,2004-05-08 06:00:00,57.0,SURF,True,EXTREME_TYPE1,110,11,11,"(113.09, 22.0);(113.09, 22.4);(113.09, 22.8);(113.5, 21.6);(113.5, 22.0);(113.5, 22.4);(113.5, 22.8);(113.91, 22.0);(113.91, 22.4);(113.91, 22.8);(114.32, 22.4)",True
59492,2004-05-08 07:00:00,57.7,SURF,True,EXTREME_TYPE1,130,11,11,"(114.32, 22.4);(114.32, 22.8);(114.32, 23.2);(114.32, 23.6);(114.73, 22.4);(114.73, 22.8);(114.73, 23.2);(114.73, 23.6);(115.14, 22.8);(115.14, 23.2);(115.14, 23.6)",True
59492,2004-05-08 09:00:00,50.3,SURF,True,EXTREME_TYPE1,130,11,11,"(114.32, 22.4);(114.32, 22.8);(114.32, 23.2);(114.32, 23.6);(114.73, 22.4);(114.73, 22.8);(114.73, 23.2);(114.73, 23.6);(115.14, 22.8);(115.14, 23.2);(115.14, 23.6)",True
59664,2004-05-13 04:00:00,55.2,SURF,True,EXTREME_TYPE4,120,10,9,"(110.23, 21.6);(110.64, 21.2);(110.64, 21.6);(110.64, 22.0);(111.05, 21.2);(111.05, 21.6);(111.05, 22.0);(111.45, 21.6);(111.45, 22.0)",True
59664,2004-05-13 05:00:00,90.9,SURF,True,EXTREME_TYPE5,120,10,2,"(110.23, 21.6);(111.45, 22.0)",True
59284,2004-05-13 17:00:00,36.0,SURF,True,EXTREME_TYPE1,215,12,12,"(112.68, 23.2);(112.68, 23.6);(113.09, 22.8);(113.09, 23.2);(113.09, 23.6);(113.09, 24.0);(113.5, 22.8);(113.5, 23.2);(113.5, 23.6);(113.5, 24.0);(113.91, 23.2);(113.91, 23.6)",True
59278,2004-05-13 18:00:00,34.4,SURF,True,EXTREME_TYPE1,330,12,12,"(111.86, 22.8);(111.86, 23.2);(112.27, 22.4);(112.27, 22.8);(112.27, 23.2);(112.27, 23.6);(112.68, 22.4);(112.68, 22.8);(112.68, 23.2);(112.68, 23.6);(113.09, 22.8);(113.09, 23.2)",True
59663,2004-05-14 03:00:00,66.0,SURF,True,EXTREME_TYPE1,175,11,11,"(111.45, 21.6);(111.45, 22.0);(111.86, 21.2);(111.86, 21.6);(111.86, 22.0);(111.86, 22.4);(112.27, 21.6);(112.27, 22.0);(112.27, 22.4);(112.68, 21.6);(112.68, 22.0)",True
59492,2004-05-14 11:00:00,44.2,SURF,True,EXTREME_TYPE1,130,11,11,"(114.32, 22.4);(114.32, 22.8);(114.32, 23.2);(114.32, 23.6);(114.73, 22.4);(114.73, 22.8);(114.73, 23.2);(114.73, 23.6);(115.14, 22.8);(115.14, 23.2);(115.14, 23.6)",True
59264,2004-05-14 18:00:00,23.0,SURF,True,EXTREME_TYPE1,50,9,9,"(111.05, 23.2);(111.45, 22.8);(111.45, 23.2);(111.45, 23.6);(111.45, 24.0);(111.86, 22.8);(111.86, 23.2);(111.86, 23.6);(111.86, 24.0)",True
59654,2004-05-15 18:00:00,30.7,SURF,True,EXTREME_TYPE1,75,10,9,"(109.82, 21.2);(109.82, 21.6);(109.82, 22.0);(110.23, 21.2);(110.23, 21.6);(110.23, 22.0);(110.64, 21.2);(110.64, 21.6);(110.64, 22.0)",True
59310,2004-05-16 17:00:00,52.5,SURF,True,EXTREME_TYPE1,260,12,4,"(115.95, 24.4);(116.36, 24.0);(116.36, 24.4);(116.77, 24.0)",True
59663,2004-05-19 03:00:00,21.2,SURF,True,EXTREME_TYPE1,175,11,11,"(111.45, 21.6);(111.45, 22.0);(111.86, 21.2);(111.86, 21.6);(111.86, 22.0);(111.86, 22.4);(112.27, 21.6);(112.27, 22.0);(112.27, 22.4);(112.68, 21.6);(112.68, 22.0)",True
59074,2004-05-27 18:00:00,51.3,SURF,True,EXTREME_TYPE5,110,9,9,"(111.86, 24.0);(111.86, 24.4);(111.86, 24.8);(112.27, 24.0);(112.27, 24.4);(112.27, 24.8);(112.27, 25.2);(112.68, 24.4);(112.68, 24.8)",True
59456,2004-05-28 20:00:00,53.9,SURF,True,EXTREME_TYPE3,125,10,1,"(111.45, 22.0)",True
59285,2004-05-29 14:00:00,29.5,SURF,True,EXTREME_TYPE1,175,10,7,"(113.5, 23.2);(113.5, 23.6);(113.5, 24.0);(113.91, 23.2);(113.91, 23.6);(113.91, 24.0);(114.32, 23.6)",True
59082,2004-05-30 13:00:00,16.1,SURF,True,EXTREME_TYPE1,75,12,11,"(113.09, 24.4);(113.09, 24.8);(113.09, 25.2);(113.5, 24.0);(113.5, 24.4);(113.5, 24.8);(113.5, 25.2);(113.91, 24.4);(113.91, 24.8);(113.91, 25.2);(114.32, 24.4)",True
59279,2004-05-31 17:00:00,37.0,SURF,True,EXTREME_TYPE1,258,12,12,"(112.27, 22.8);(112.27, 23.2);(112.27, 23.6);(112.68, 22.8);(112.68, 23.2);(112.68, 23.6);(113.09, 22.8);(113.09, 23.2);(113.09, 23.6);(113.5, 22.8);(113.5, 23.2);(113.5, 23.6)",True
59290,2004-06-03 03:00:00,50.9,SURF,True,EXTREME_TYPE1,75,11,9,"(113.5, 23.6);(113.91, 23.2);(113.91, 23.6);(113.91, 24.0);(113.91, 24.4);(114.32, 23.2);(114.32, 23.6);(114.32, 24.0);(114.73, 23.6)",True
59487,2004-06-16 09:00:00,12.7,SURF,True,EXTREME_TYPE1,215,12,12,"(112.68, 22.0);(112.68, 22.4);(113.09, 21.6);(113.09, 22.0);(113.09, 22.4);(113.09, 22.8);(113.5, 21.6);(113.5, 22.0);(113.5, 22.4);(113.5, 22.8);(113.91, 22.0);(113.91, 22.4)",True
57988,2004-06-16 16:00:00,6.9,SURF,True,EXTREME_TYPE1,40,11,11,"(112.68, 24.8);(112.68, 25.2);(113.09, 24.8);(113.09, 25.2);(113.09, 25.6);(113.5, 24.8);(113.5, 25.2);(113.5, 25.6);(113.91, 24.8);(113.91, 25.2);(113.91, 25.6)",True
59280,2004-06-16 17:00:00,17.8,SURF,True,EXTREME_TYPE1,145,10,10,"(112.68, 23.2);(112.68, 23.6);(112.68, 24.0);(113.09, 23.2);(113.09, 23.6);(113.09, 24.0);(113.09, 24.4);(113.5, 23.2);(113.5, 23.6);(113.5, 24.0)",True
59088,2004-06-16 18:00:00,56.1,SURF,True,EXTREME_TYPE1,115,12,6,"(112.68, 24.0);(112.68, 24.4);(113.09, 23.6);(113.09, 24.0);(113.5, 23.6);(113.5, 24.0)",True
59502,2004-06-20 22:00:00,50.0,SURF,True,EXTREME_TYPE3,215,12,1,"(115.14, 23.2)",True
59488,2004-06-21 02:00:00,63.8,SURF,True,EXTREME_TYPE1,105,11,11,"(113.09, 22.0);(113.09, 22.4);(113.09, 22.8);(113.5, 21.6);(113.5, 22.0);(113.5, 22.4);(113.5, 22.8);(113.91, 22.0);(113.91, 22.4);(113.91, 22.8);(114.32, 22.4)",True
59488,2004-06-21 04:00:00,51.5,SURF,True,EXTREME_TYPE1,105,11,10,"(113.09, 22.0);(113.09, 22.4);(113.09, 22.8);(113.5, 21.6);(113.5, 22.0);(113.5, 22.4);(113.5, 22.8);(113.91, 22.0);(113.91, 22.4);(113.91, 22.8)",True
59268,2004-06-21 18:00:00,50.4,SURF,True,EXTREME_TYPE1,70,9,6,"(111.45, 22.8);(111.45, 23.2);(111.86, 22.8);(111.86, 23.2);(111.86, 23.6);(112.27, 23.2)",True
59304,2004-06-29 18:00:00,9.0,SURF,True,EXTREME_TYPE1,140,9,9,"(114.73, 23.2);(114.73, 23.6);(114.73, 24.0);(115.14, 23.2);(115.14, 23.6);(115.14, 24.0);(115.55, 23.2);(115.55, 23.6);(115.55, 24.0)",True
59313,2004-07-01 19:00:00,2.7,SURF,True,EXTREME_TYPE1,40,9,9,"(116.36, 23.6);(116.36, 24.0);(116.77, 23.2);(116.77, 23.6);(116.77, 24.0);(117.18, 23.2);(117.18, 23.6);(117.18, 24.0);(117.59, 23.6)",True
59276,2004-07-01 21:00:00,32.5,SURF,True,EXTREME_TYPE1,260,10,10,"(112.27, 22.8);(112.27, 23.2);(112.27, 23.6);(112.68, 22.8);(112.68, 23.2);(112.68, 23.6);(112.68, 24.0);(113.09, 22.8);(113.09, 23.2);(113.09, 23.6)",True
59306,2004-07-04 14:00:00,52.1,SURF,True,EXTREME_TYPE1,315,12,12,"(115.14, 23.2);(115.14, 23.6);(115.55, 22.8);(115.55, 23.2);(115.55, 23.6);(115.55, 24.0);(115.95, 22.8);(115.95, 23.2);(115.95, 23.6);(115.95, 24.0);(116.36, 23.2);(116.36, 23.6)",True
59293,2004-07-07 19:00:00,16.7,SURF,True,EXTREME_TYPE1,45,11,11,"(114.32, 23.2);(114.32, 23.6);(114.32, 24.0);(114.73, 23.2);(114.73, 23.6);(114.73, 24.0);(114.73, 24.4);(115.14, 23.2);(115.14, 23.6);(115.14, 24.0);(115.14, 24.4)",True
59082,2004-07-12 11:00:00,57.8,SURF,True,EXTREME_TYPE1,85,12,11,"(113.09, 24.4);(113.09, 24.8);(113.5, 24.0);(113.5, 24.4);(113.5, 24.8);(113.5, 25.2);(113.91, 24.4);(113.91, 24.8);(113.91, 25.2);(114.32, 24.4);(114.32, 24.8)",True
59298,2004-07-14 15:00:00,21.1,SURF,True,EXTREME_TYPE1,145,11,10,"(113.91, 22.8);(113.91, 23.2);(113.91, 23.6);(114.32, 22.8);(114.32, 23.2);(114.32, 23.6);(114.73, 22.8);(114.73, 23.2);(114.73, 23.6);(115.14, 23.2)",True
59312,2004-07-17 13:00:00,12.9,SURF,True,EXTREME_TYPE1,130,10,10,"(115.95, 23.6);(116.36, 23.2);(116.36, 23.6);(116.36, 24.0);(116.77, 23.2);(116.77, 23.6);(116.77, 24.0);(117.18, 23.2);(117.18, 23.6);(117.18, 24.0)",True
59312,2004-07-17 15:00:00,49.2,SURF,True,EXTREME_TYPE1,130,10,10,"(115.95, 23.6);(116.36, 23.2);(116.36, 23.6);(116.36, 24.0);(116.77, 23.2);(116.77, 23.6);(116.77, 24.0);(117.18, 23.2);(117.18, 23.6);(117.18, 24.0)",True
59754,2004-07-18 22:00:00,6.7,SURF,True,EXTREME_TYPE1,50,5,1,"(110.23, 20.8)",True
59456,2004-07-19 06:00:00,7.9,SURF,True,EXTREME_TYPE1,95,10,7,"(110.64, 22.0);(110.64, 22.4);(111.05, 22.0);(111.05, 22.4);(111.45, 22.0);(111.45, 22.4);(111.45, 22.8)",True
59650,2004-07-20 01:00:00,97.4,SURF,True,EXTREME_TYPE1,55,11,10,"(109.82, 21.2);(109.82, 21.6);(110.23, 20.8);(110.23, 21.2);(110.23, 21.6);(110.23, 22.0);(110.64, 20.8);(110.64, 21.2);(110.64, 21.6);(110.64, 22.0)",True
59276,2004-07-20 06:00:00,1.4,SURF,True,EXTREME_TYPE1,265,10,10,"(112.27, 22.8);(112.27, 23.2);(112.27, 23.6);(112.68, 22.8);(112.68, 23.2);(112.68, 23.6);(112.68, 24.0);(113.09, 22.8);(113.09, 23.2);(113.09, 23.6)",True
59481,2004-07-20 08:00:00,8.2,SURF,True,EXTREME_TYPE1,275,12,12,"(112.68, 22.8);(112.68, 23.2);(113.09, 22.4);(113.09, 22.8);(113.09, 23.2);(113.09, 23.6);(113.5, 22.4);(113.5, 22.8);(113.5, 23.2);(113.5, 23.6);(113.91, 22.8);(113.91, 23.2)",True
59492,2004-07-20 10:00:00,12.3,SURF,True,EXTREME_TYPE1,105,11,11,"(114.32, 22.4);(114.32, 22.8);(114.32, 23.2);(114.32, 23.6);(114.73, 22.4);(114.73, 22.8);(114.73, 23.2);(114.73, 23.6);(115.14, 22.8);(115.14, 23.2);(115.14, 23.6)",True
59316,2004-07-28 00:00:00,26.5,SURF,True,EXTREME_TYPE1,168,12,12,"(115.95, 23.2);(115.95, 23.6);(116.36, 22.8);(116.36, 23.2);(116.36, 23.6);(116.36, 24.0);(116.77, 22.8);(116.77, 23.2);(116.77, 23.6);(116.77, 24.0);(117.18, 23.2);(117.18, 23.6)",True
59324,2004-07-28 09:00:00,22.5,SURF,True,EXTREME_TYPE1,40,10,10,"(116.36, 23.2);(116.36, 23.6);(116.77, 22.8);(116.77, 23.2);(116.77, 23.6);(116.77, 24.0);(117.18, 23.2);(117.18, 23.6);(117.18, 24.0);(117.59, 23.6)",True
59278,2004-07-28 20:00:00,23.2,SURF,True,EXTREME_TYPE1,380,12,11,"(111.86, 22.8);(111.86, 23.2);(112.27, 22.8);(112.27, 23.2);(112.27, 23.6);(112.68, 22.4);(112.68, 22.8);(112.68, 23.2);(112.68, 23.6);(113.09, 22.8);(113.09, 23.2)",True
59469,2004-07-29 17:00:00,1.5,SURF,True,EXTREME_TYPE1,180,11,11,"(111.05, 22.0);(111.45, 21.6);(111.45, 22.0);(111.45, 22.4);(111.86, 21.6);(111.86, 22.0);(111.86, 22.4);(111.86, 22.8);(112.27, 21.6);(112.27, 22.0);(112.27, 22.4)",True
59654,2004-07-30 08:00:00,14.3,SURF,True,EXTREME_TYPE1,45,10,10,"(109.82, 21.2);(109.82, 21.6);(109.82, 22.0);(110.23, 21.2);(110.23, 21.6);(110.23, 22.0);(110.64, 21.2);(110.64, 21.6);(110.64, 22.0);(111.05, 21.6)",True
59279,2004-07-30 12:00:00,24.7,SURF,True,EXTREME_TYPE1,280,12,12,"(112.27, 22.8);(112.27, 23.2);(112.27, 23.6);(112.68, 22.8);(112.68, 23.2);(112.68, 23.6);(113.09, 22.8);(113.09, 23.2);(113.09, 23.6);(113.5, 22.8);(113.5, 23.2);(113.5, 23.6)",True
59314,2004-08-02 20:00:00,11.1,SURF,True,EXTREME_TYPE1,245,12,12,"(115.55, 23.2);(115.55, 23.6);(115.95, 22.8);(115.95, 23.2);(115.95, 23.6);(115.95, 24.0);(116.36, 22.8);(116.36, 23.2);(116.36, 23.6);(116.36, 24.0);(116.77, 23.2);(116.77, 23.6)",True
59107,2004-08-04 18:00:00,57.0,SURF,True,EXTREME_TYPE1,115,12,5,"(115.55, 23.6);(115.55, 24.0);(115.55, 24.4);(115.95, 24.0);(115.95, 24.4)",True
59481,2004-08-11 15:00:00,50.2,SURF,True,EXTREME_TYPE1,300,12,12,"(112.68, 22.8);(112.68, 23.2);(113.09, 22.4);(113.09, 22.8);(113.09, 23.2);(113.09, 23.6);(113.5, 22.4);(113.5, 22.8);(113.5, 23.2);(113.5, 23.6);(113.91, 22.8);(113.91, 23.2)",True
59493,2004-08-11 15:00:00,63.3,SURF,True,EXTREME_TYPE1,145,13,12,"(113.5, 22.0);(113.5, 22.4);(113.5, 22.8);(113.91, 22.0);(113.91, 22.4);(113.91, 22.8);(113.91, 23.2);(114.32, 22.4);(114.32, 22.8);(114.32, 23.2);(114.73, 22.4);(114.73, 22.8)",True
59284,2004-08-11 16:00:00,53.0,SURF,True,EXTREME_TYPE1,225,12,12,"(112.68, 23.2);(112.68, 23.6);(113.09, 22.8);(113.09, 23.2);(113.09, 23.6);(113.09, 24.0);(113.5, 22.8);(113.5, 23.2);(113.5, 23.6);(113.5, 24.0);(113.91, 23.2);(113.91, 23.6)",True
59071,2004-08-11 18:00:00,51.9,SURF,True,EXTREME_TYPE1,75,8,8,"(111.86, 24.4);(111.86, 24.8);(112.27, 24.4);(112.27, 24.8);(112.27, 25.2);(112.68, 24.4);(112.68, 24.8);(112.68, 25.2)",True
59288,2004-08-20 13:00:00,31.1,SURF,True,EXTREME_TYPE1,270,10,10,"(112.27, 23.2);(112.68, 22.8);(112.68, 23.2);(112.68, 23.6);(113.09, 22.8);(113.09, 23.2);(113.09, 23.6);(113.5, 22.8);(113.5, 23.2);(113.5, 23.6)",True
59109,2004-08-20 14:00:00,53.4,SURF,True,EXTREME_TYPE1,135,12,4,"(115.95, 23.6);(115.95, 24.0);(116.36, 24.0);(116.36, 24.4)",True
59284,2004-08-20 15:00:00,90.9,SURF,True,EXTREME_TYPE1,225,12,9,"(112.68, 23.2);(113.09, 22.8);(113.09, 23.2);(113.09, 23.6);(113.5, 22.8);(113.5, 23.2);(113.5, 23.6);(113.91, 23.2);(113.91, 23.6)",True
59501,2004-08-22 12:00:00,34.2,SURF,True,EXTREME_TYPE1,200,12,5,"(114.73, 22.8);(114.73, 23.2);(115.14, 22.8);(115.14, 23.2);(115.55, 23.2)",True
59294,2004-08-27 01:00:00,5.0,SURF,True,EXTREME_TYPE1,170,11,11,"(113.09, 23.2);(113.5, 22.8);(113.5, 23.2);(113.5, 23.6);(113.91, 22.8);(113.91, 23.2);(113.91, 23.6);(113.91, 24.0);(114.32, 22.8);(114.32, 23.2);(114.32, 23.6)",True
59317,2004-08-27 16:00:00,7.9,SURF,True,EXTREME_TYPE1,224,9,9,"(115.95, 22.4);(115.95, 22.8);(115.95, 23.2);(115.95, 23.6);(116.36, 22.8);(116.36, 23.2);(116.36, 23.6);(116.77, 22.8);(116.77, 23.2)",True
59673,2004-08-29 03:00:00,26.9,SURF,True,EXTREME_TYPE1,60,8,8,"(112.27, 21.6);(112.27, 22.0);(112.68, 21.6);(112.68, 22.0);(112.68, 22.4);(113.09, 21.6);(113.09, 22.0);(113.5, 21.6)",True
59324,2004-08-29 09:00:00,7.1,SURF,True,EXTREME_TYPE1,40,10,10,"(116.36, 23.2);(116.36, 23.6);(116.77, 22.8);(116.77, 23.2);(116.77, 23.6);(116.77, 24.0);(117.18, 23.2);(117.18, 23.6);(117.18, 24.0);(117.59, 23.6)",True
59284,2004-08-30 22:00:00,32.3,SURF,True,EXTREME_TYPE1,225,12,12,"(112.68, 23.2);(112.68, 23.6);(113.09, 22.8);(113.09, 23.2);(113.09, 23.6);(113.09, 24.0);(113.5, 22.8);(113.5, 23.2);(113.5, 23.6);(113.5, 24.0);(113.91, 23.2);(113.91, 23.6)",True
59293,2004-09-05 16:00:00,41.8,SURF,True,EXTREME_TYPE1,80,11,3,"(114.32, 23.6);(114.32, 24.0);(115.14, 23.2)",True
59471,2004-09-06 13:00:00,5.3,SURF,True,EXTREME_TYPE1,305,12,12,"(111.45, 22.8);(111.45, 23.2);(111.86, 22.4);(111.86, 22.8);(111.86, 23.2);(111.86, 23.6);(112.27, 22.4);(112.27, 22.8);(112.27, 23.2);(112.27, 23.6);(112.68, 22.8);(112.68, 23.2)",True
59487,2004-09-06 17:00:00,34.1,SURF,True,EXTREME_TYPE1,215,12,12,"(112.68, 22.0);(112.68, 22.4);(113.09, 21.6);(113.09, 22.0);(113.09, 22.4);(113.09, 22.8);(113.5, 21.6);(113.5, 22.0);(113.5, 22.4);(113.5, 22.8);(113.91, 22.0);(113.91, 22.4)",True
59487,2004-09-06 18:00:00,21.8,SURF,True,EXTREME_TYPE1,215,12,12,"(112.68, 22.0);(112.68, 22.4);(113.09, 21.6);(113.09, 22.0);(113.09, 22.4);(113.09, 22.8);(113.5, 21.6);(113.5, 22.0);(113.5, 22.4);(113.5, 22.8);(113.91, 22.0);(113.91, 22.4)",True
59750,2004-09-07 16:00:00,68.6,SURF,True,EXTREME_TYPE1,125,11,8,"(109.82, 20.4);(109.82, 20.8);(109.82, 21.2);(110.23, 20.4);(110.23, 20.8);(110.23, 21.2);(110.64, 20.8);(110.64, 21.2)",True
59324,2004-09-08 09:00:00,70.5,SURF,True,EXTREME_TYPE1,40,10,10,"(116.36, 23.2);(116.36, 23.6);(116.77, 22.8);(116.77, 23.2);(116.77, 23.6);(116.77, 24.0);(117.18, 23.2);(117.18, 23.6);(117.18, 24.0);(117.59, 23.6)",True
59324,2004-09-08 10:00:00,20.5,SURF,True,EXTREME_TYPE1,40,10,10,"(116.36, 23.2);(116.36, 23.6);(116.77, 22.8);(116.77, 23.2);(116.77, 23.6);(116.77, 24.0);(117.18, 23.2);(117.18, 23.6);(117.18, 24.0);(117.59, 23.6)",True
59294,2004-09-18 13:00:00,22.9,SURF,True,EXTREME_TYPE1,175,11,10,"(113.09, 23.2);(113.5, 22.8);(113.5, 23.2);(113.5, 23.6);(113.91, 23.2);(113.91, 23.6);(113.91, 24.0);(114.32, 22.8);(114.32, 23.2);(114.32, 23.6)",True
59315,2004-09-21 21:00:00,71.7,SURF,True,EXTREME_TYPE1,174,10,10,"(115.95, 23.2);(115.95, 23.6);(115.95, 24.0);(116.36, 23.2);(116.36, 23.6);(116.36, 24.0);(116.77, 23.2);(116.77, 23.6);(116.77, 24.0);(117.18, 23.6)",True
G2775,2004-10-22 14:00:00,888.8,AWST,False,FALSE,155,9,0,,True
G2775,2004-10-22 20:00:00,55.5,AWST,False,FALSE,155,9,0,,True
G2775,2004-10-23 19:00:00,888.8,AWST,False,FALSE,155,9,0,,True
G2775,2004-10-25 04:00:00,555.5,AWST,False,FALSE,155,9,0,,True
G2775,2004-10-26 11:00:00,888.8,AWST,False,FALSE,150,9,0,,True
G2775,2004-10-27 21:00:00,555.5,AWST,False,FALSE,150,9,0,,True
G2775,2004-10-29 06:00:00,555.5,AWST,False,FALSE,155,9,0,,True
G2775,2004-10-29 12:00:00,55.5,AWST,False,FALSE,155,9,0,,True
G2775,2004-10-31 04:00:00,555.5,AWST,False,FALSE,155,9,0,,True
59081,2005-02-16 14:00:00,16.0,SURF,True,EXTREME_TYPE1,75,12,12,"(112.68, 24.4);(112.68, 24.8);(112.68, 25.2);(113.09, 24.4);(113.09, 24.8);(113.09, 25.2);(113.5, 24.4);(113.5, 24.8);(113.5, 25.2);(113.91, 24.4);(113.91, 24.8);(113.91, 25.2)",True
59500,2005-02-17 10:00:00,5.5,SURF,True,EXTREME_TYPE1,175,12,7,"(115.14, 23.2);(115.14, 23.6);(115.55, 22.8);(115.55, 23.2);(115.55, 23.6);(115.95, 22.8);(115.95, 23.2)",True
59096,2005-02-28 02:00:00,7.2,SURF,True,EXTREME_TYPE1,30,12,12,"(113.91, 24.0);(113.91, 24.4);(113.91, 24.8);(114.32, 24.0);(114.32, 24.4);(114.32, 24.8);(114.73, 24.0);(114.73, 24.4);(114.73, 24.8);(115.14, 24.0);(115.14, 24.4);(115.14, 24.8)",True
59487,2005-02-28 15:00:00,1.2,SURF,True,EXTREME_TYPE1,282,12,12,"(112.68, 22.0);(112.68, 22.4);(113.09, 21.6);(113.09, 22.0);(113.09, 22.4);(113.09, 22.8);(113.5, 21.6);(113.5, 22.0);(113.5, 22.4);(113.5, 22.8);(113.91, 22.0);(113.91, 22.4)",True
59285,2005-03-12 10:00:00,2.4,SURF,True,EXTREME_TYPE1,115,10,10,"(113.09, 23.2);(113.09, 23.6);(113.09, 24.0);(113.5, 23.2);(113.5, 23.6);(113.5, 24.0);(113.91, 23.2);(113.91, 23.6);(113.91, 24.0);(114.32, 23.6)",True
59673,2005-03-12 16:00:00,1.3,SURF,True,EXTREME_TYPE1,55,8,8,"(112.27, 21.6);(112.27, 22.0);(112.68, 21.6);(112.68, 22.0);(112.68, 22.4);(113.09, 21.6);(113.09, 22.0);(113.5, 21.6)",True
G1032,2005-03-16 19:00:00,292.0,AWST,False,FALSE,287,11,0,,True
59081,2005-03-29 08:00:00,16.1,SURF,True,EXTREME_TYPE1,60,12,12,"(112.68, 24.4);(112.68, 24.8);(112.68, 25.2);(113.09, 24.4);(113.09, 24.8);(113.09, 25.2);(113.5, 24.4);(113.5, 24.8);(113.5, 25.2);(113.91, 24.4);(113.91, 24.8);(113.91, 25.2)",True
59114,2005-03-29 13:00:00,25.1,SURF,True,EXTREME_TYPE1,60,10,10,"(115.55, 24.4);(115.55, 24.8);(115.95, 24.0);(115.95, 24.4);(115.95, 24.8);(116.36, 24.0);(116.36, 24.4);(116.36, 24.8);(116.77, 24.4);(116.77, 24.8)",True
59310,2005-03-29 22:00:00,3.0,SURF,True,EXTREME_TYPE1,245,12,12,"(115.55, 23.6);(115.55, 24.0);(115.95, 23.2);(115.95, 23.6);(115.95, 24.0);(115.95, 24.4);(116.36, 23.2);(116.36, 23.6);(116.36, 24.0);(116.36, 24.4);(116.77, 23.6);(116.77, 24.0)",True
59288,2005-03-30 19:00:00,5.6,SURF,True,EXTREME_TYPE1,448,10,10,"(112.27, 23.2);(112.68, 22.8);(112.68, 23.2);(112.68, 23.6);(113.09, 22.8);(113.09, 23.2);(113.09, 23.6);(113.5, 22.8);(113.5, 23.2);(113.5, 23.6)",True
59462,2005-04-01 09:00:00,6.1,SURF,True,EXTREME_TYPE1,270,11,11,"(111.05, 22.4);(111.05, 22.8);(111.05, 23.2);(111.45, 22.4);(111.45, 22.8);(111.45, 23.2);(111.86, 22.4);(111.86, 22.8);(111.86, 23.2);(112.27, 22.4);(112.27, 22.8)",True
59088,2005-04-09 19:00:00,44.6,SURF,True,EXTREME_TYPE1,130,12,10,"(112.68, 24.0);(112.68, 24.4);(113.09, 23.6);(113.09, 24.0);(113.09, 24.4);(113.09, 24.8);(113.5, 24.0);(113.5, 24.4);(113.5, 24.8);(113.91, 24.4)",True
59656,2005-04-24 17:00:00,35.5,SURF,True,EXTREME_TYPE1,160,11,11,"(110.23, 21.2);(110.23, 21.6);(110.64, 20.8);(110.64, 21.2);(110.64, 21.6);(110.64, 22.0);(111.05, 21.2);(111.05, 21.6);(111.05, 22.0);(111.45, 21.2);(111.45, 21.6)",True
59297,2005-04-25 17:00:00,22.3,SURF,True,EXTREME_TYPE1,140,10,10,"(113.5, 23.2);(113.91, 22.8);(113.91, 23.2);(113.91, 23.6);(114.32, 22.8);(114.32, 23.2);(114.32, 23.6);(114.73, 22.8);(114.73, 23.2);(114.73, 23.6)",True
59480,2005-04-25 17:00:00,97.4,SURF,True,EXTREME_TYPE1,495,10,10,"(112.68, 22.4);(112.68, 22.8);(112.68, 23.2);(113.09, 22.4);(113.09, 22.8);(113.09, 23.2);(113.5, 22.4);(113.5, 22.8);(113.5, 23.2);(113.91, 22.8)",True
59298,2005-04-25 18:00:00,70.0,SURF,True,EXTREME_TYPE1,135,11,11,"(113.91, 22.8);(113.91, 23.2);(113.91, 23.6);(114.32, 22.4);(114.32, 22.8);(114.32, 23.2);(114.32, 23.6);(114.73, 22.8);(114.73, 23.2);(114.73, 23.6);(115.14, 23.2)",True
59653,2005-04-25 18:00:00,36.5,SURF,True,EXTREME_TYPE1,200,11,11,"(110.23, 21.6);(110.23, 22.0);(110.64, 21.6);(110.64, 22.0);(110.64, 22.4);(111.05, 21.6);(111.05, 22.0);(111.05, 22.4);(111.45, 21.6);(111.45, 22.0);(111.45, 22.4)",True
59480,2005-04-25 19:00:00,13.0,SURF,True,EXTREME_TYPE1,495,10,10,"(112.68, 22.4);(112.68, 22.8);(112.68, 23.2);(113.09, 22.4);(113.09, 22.8);(113.09, 23.2);(113.5, 22.4);(113.5, 22.8);(113.5, 23.2);(113.91, 22.8)",True
59287,2005-04-25 20:00:00,23.2,SURF,True,EXTREME_TYPE1,323,9,9,"(113.09, 22.8);(113.09, 23.2);(113.09, 23.6);(113.5, 22.8);(113.5, 23.2);(113.5, 23.6);(113.91, 22.8);(113.91, 23.2);(113.91, 23.6)",True
59314,2005-04-27 17:00:00,1.0,SURF,True,EXTREME_TYPE1,250,12,12,"(115.55, 23.2);(115.55, 23.6);(115.95, 22.8);(115.95, 23.2);(115.95, 23.6);(115.95, 24.0);(116.36, 22.8);(116.36, 23.2);(116.36, 23.6);(116.36, 24.0);(116.77, 23.2);(116.77, 23.6)",True
59656,2005-04-28 11:00:00,8.5,SURF,True,EXTREME_TYPE1,160,11,11,"(110.23, 21.2);(110.23, 21.6);(110.64, 20.8);(110.64, 21.2);(110.64, 21.6);(110.64, 22.0);(111.05, 21.2);(111.05, 21.6);(111.05, 22.0);(111.45, 21.2);(111.45, 21.6)",True
59269,2005-05-06 00:00:00,34.0,SURF,True,EXTREME_TYPE1,225,9,9,"(111.45, 22.8);(111.45, 23.2);(111.45, 23.6);(111.86, 22.8);(111.86, 23.2);(111.86, 23.6);(112.27, 22.8);(112.27, 23.2);(112.27, 23.6)",True
59297,2005-05-06 01:00:00,8.0,SURF,True,EXTREME_TYPE1,140,10,10,"(113.5, 23.2);(113.91, 22.8);(113.91, 23.2);(113.91, 23.6);(114.32, 22.8);(114.32, 23.2);(114.32, 23.6);(114.73, 22.8);(114.73, 23.2);(114.73, 23.6)",True
59297,2005-05-06 02:00:00,55.8,SURF,True,EXTREME_TYPE1,140,10,10,"(113.5, 23.2);(113.91, 22.8);(113.91, 23.2);(113.91, 23.6);(114.32, 22.8);(114.32, 23.2);(114.32, 23.6);(114.73, 22.8);(114.73, 23.2);(114.73, 23.6)",True
59493,2005-05-06 03:00:00,21.8,SURF,True,EXTREME_TYPE1,160,13,12,"(113.5, 22.0);(113.5, 22.4);(113.5, 22.8);(113.91, 22.0);(113.91, 22.4);(113.91, 22.8);(113.91, 23.2);(114.32, 22.4);(114.32, 22.8);(114.32, 23.2);(114.73, 22.4);(114.73, 22.8)",True
59673,2005-05-06 07:00:00,3.8,SURF,True,EXTREME_TYPE1,60,8,7,"(112.27, 21.6);(112.27, 22.0);(112.68, 21.6);(112.68, 22.0);(112.68, 22.4);(113.09, 21.6);(113.09, 22.0)",True
59285,2005-05-09 10:00:00,57.7,SURF,True,EXTREME_TYPE1,155,10,10,"(113.09, 23.2);(113.09, 23.6);(113.09, 24.0);(113.5, 23.2);(113.5, 23.6);(113.5, 24.0);(113.91, 23.2);(113.91, 23.6);(113.91, 24.0);(114.32, 23.6)",True
59477,2005-05-10 00:00:00,20.5,SURF,True,EXTREME_TYPE1,500,10,10,"(111.86, 22.0);(111.86, 22.4);(111.86, 22.8);(112.27, 21.6);(112.27, 22.0);(112.27, 22.4);(112.27, 22.8);(112.68, 22.0);(112.68, 22.4);(112.68, 22.8)",True
59114,2005-05-13 17:00:00,11.7,SURF,True,EXTREME_TYPE1,60,10,10,"(115.55, 24.4);(115.55, 24.8);(115.95, 24.0);(115.95, 24.4);(115.95, 24.8);(116.36, 24.0);(116.36, 24.4);(116.36, 24.8);(116.77, 24.4);(116.77, 24.8)",True
59087,2005-05-15 13:00:00,12.6,SURF,True,EXTREME_TYPE1,125,10,7,"(113.09, 23.6);(113.5, 23.2);(113.5, 23.6);(113.5, 24.0);(113.91, 23.6);(113.91, 24.0);(113.91, 24.4)",True
59315,2005-05-17 11:00:00,22.2,SURF,True,EXTREME_TYPE1,135,10,10,"(115.95, 23.2);(115.95, 23.6);(115.95, 24.0);(116.36, 23.2);(116.36, 23.6);(116.36, 24.0);(116.77, 23.2);(116.77, 23.6);(116.77, 24.0);(117.18, 23.6)",True
59485,2005-05-18 14:00:00,17.2,SURF,True,EXTREME_TYPE1,494,12,12,"(112.68, 22.4);(112.68, 22.8);(113.09, 22.0);(113.09, 22.4);(113.09, 22.8);(113.5, 22.0);(113.5, 22.4);(113.5, 22.8);(113.5, 23.2);(113.91, 22.0);(113.91, 22.4);(113.91, 22.8)",True
59278,2005-05-18 15:00:00,9.7,SURF,True,EXTREME_TYPE1,611,12,12,"(111.86, 22.8);(111.86, 23.2);(112.27, 22.4);(112.27, 22.8);(112.27, 23.2);(112.27, 23.6);(112.68, 22.4);(112.68, 22.8);(112.68, 23.2);(112.68, 23.6);(113.09, 22.8);(113.09, 23.2)",True
59075,2005-05-20 09:00:00,56.0,SURF,True,EXTREME_TYPE1,160,12,10,"(111.86, 24.4);(112.27, 24.0);(112.27, 24.4);(112.27, 24.8);(112.68, 24.0);(112.68, 24.4);(112.68, 24.8);(113.09, 24.0);(113.09, 24.4);(113.09, 24.8)",True
59488,2005-05-24 04:00:00,7.6,SURF,True,EXTREME_TYPE1,140,11,11,"(113.09, 22.0);(113.09, 22.4);(113.09, 22.8);(113.5, 21.6);(113.5, 22.0);(113.5, 22.4);(113.5, 22.8);(113.91, 22.0);(113.91, 22.4);(113.91, 22.8);(114.32, 22.4)",True
59096,2005-05-24 09:00:00,4.1,SURF,True,EXTREME_TYPE1,55,12,12,"(113.91, 24.0);(113.91, 24.4);(113.91, 24.8);(114.32, 24.0);(114.32, 24.4);(114.32, 24.8);(114.73, 24.0);(114.73, 24.4);(114.73, 24.8);(115.14, 24.0);(115.14, 24.4);(115.14, 24.8)",True
59294,2005-05-25 16:00:00,68.6,SURF,True,EXTREME_TYPE1,155,11,9,"(113.09, 23.2);(113.5, 22.8);(113.5, 23.2);(113.5, 23.6);(113.91, 22.8);(113.91, 23.2);(113.91, 23.6);(114.32, 23.2);(114.32, 23.6)",True
59278,2005-05-25 18:00:00,60.2,SURF,True,EXTREME_TYPE1,610,12,12,"(111.86, 22.8);(111.86, 23.2);(112.27, 22.4);(112.27, 22.8);(112.27, 23.2);(112.27, 23.6);(112.68, 22.4);(112.68, 22.8);(112.68, 23.2);(112.68, 23.6);(113.09, 22.8);(113.09, 23.2)",True
59289,2005-05-27 20:00:00,69.4,SURF,True,EXTREME_TYPE1,240,12,12,"(113.09, 22.8);(113.09, 23.2);(113.5, 22.4);(113.5, 22.8);(113.5, 23.2);(113.5, 23.6);(113.91, 22.4);(113.91, 22.8);(113.91, 23.2);(113.91, 23.6);(114.32, 22.8);(114.32, 23.2)",True
59317,2005-06-02 06:00:00,81.2,SURF,True,EXTREME_TYPE1,230,9,7,"(115.95, 22.8);(115.95, 23.2);(116.36, 22.8);(116.36, 23.2);(116.36, 23.6);(116.77, 22.8);(116.77, 23.2)",True
59317,2005-06-02 07:00:00,67.9,SURF,True,EXTREME_TYPE1,230,9,7,"(115.95, 22.8);(115.95, 23.2);(116.36, 22.8);(116.36, 23.2);(116.36, 23.6);(116.77, 22.8);(116.77, 23.2)",True
57996,2005-06-02 11:00:00,29.2,SURF,True,EXTREME_TYPE1,40,10,9,"(113.5, 25.2);(113.91, 24.8);(113.91, 25.2);(113.91, 25.6);(114.32, 24.8);(114.32, 25.2);(114.32, 25.6);(114.73, 24.8);(114.73, 25.2)",True
59094,2005-06-02 18:00:00,21.2,SURF,True,EXTREME_TYPE1,70,12,12,"(113.5, 24.0);(113.5, 24.4);(113.5, 24.8);(113.91, 24.0);(113.91, 24.4);(113.91, 24.8);(114.32, 24.0);(114.32, 24.4);(114.32, 24.8);(114.73, 24.0);(114.73, 24.4);(114.73, 24.8)",True
59097,2005-06-03 20:00:00,51.2,SURF,True,EXTREME_TYPE1,60,10,10,"(113.5, 24.0);(113.91, 23.6);(113.91, 24.0);(113.91, 24.4);(114.32, 23.6);(114.32, 24.0);(114.32, 24.4);(114.73, 23.6);(114.73, 24.0);(114.73, 24.4)",True
59094,2005-06-05 00:00:00,30.5,SURF,True,EXTREME_TYPE1,70,12,12,"(113.5, 24.0);(113.5, 24.4);(113.5, 24.8);(113.91, 24.0);(113.91, 24.4);(113.91, 24.8);(114.32, 24.0);(114.32, 24.4);(114.32, 24.8);(114.73, 24.0);(114.73, 24.4);(114.73, 24.8)",True
59673,2005-06-05 04:00:00,65.7,SURF,True,EXTREME_TYPE1,60,8,6,"(112.68, 21.6);(112.68, 22.0);(112.68, 22.4);(113.09, 21.6);(113.09, 22.0);(113.5, 21.6)",True
59656,2005-06-05 07:00:00,78.9,SURF,True,EXTREME_TYPE1,120,11,11,"(110.23, 21.2);(110.23, 21.6);(110.64, 20.8);(110.64, 21.2);(110.64, 21.6);(110.64, 22.0);(111.05, 21.2);(111.05, 21.6);(111.05, 22.0);(111.45, 21.2);(111.45, 21.6)",True
59650,2005-06-08 11:00:00,56.5,SURF,True,EXTREME_TYPE1,160,11,10,"(109.82, 21.2);(109.82, 21.6);(110.23, 20.8);(110.23, 21.2);(110.23, 21.6);(110.23, 22.0);(110.64, 20.8);(110.64, 21.2);(110.64, 21.6);(110.64, 22.0)",True
59650,2005-06-08 12:00:00,65.5,SURF,True,EXTREME_TYPE1,160,11,10,"(109.82, 21.2);(109.82, 21.6);(110.23, 20.8);(110.23, 21.2);(110.23, 21.6);(110.23, 22.0);(110.64, 20.8);(110.64, 21.2);(110.64, 21.6);(110.64, 22.0)",True
59656,2005-06-10 20:00:00,24.7,SURF,True,EXTREME_TYPE1,120,11,11,"(110.23, 21.2);(110.23, 21.6);(110.64, 20.8);(110.64, 21.2);(110.64, 21.6);(110.64, 22.0);(111.05, 21.2);(111.05, 21.6);(111.05, 22.0);(111.45, 21.2);(111.45, 21.6)",True
59114,2005-06-11 19:00:00,21.0,SURF,True,EXTREME_TYPE1,60,10,10,"(115.55, 24.4);(115.55, 24.8);(115.95, 24.0);(115.95, 24.4);(115.95, 24.8);(116.36, 24.0);(116.36, 24.4);(116.36, 24.8);(116.77, 24.4);(116.77, 24.8)",True
59107,2005-06-12 04:00:00,56.0,SURF,True,EXTREME_TYPE1,170,12,12,"(114.73, 23.6);(114.73, 24.0);(114.73, 24.4);(115.14, 23.6);(115.14, 24.0);(115.14, 24.4);(115.14, 24.8);(115.55, 23.6);(115.55, 24.0);(115.55, 24.4);(115.95, 24.0);(115.95, 24.4)",True
59314,2005-06-12 17:00:00,61.8,SURF,True,EXTREME_TYPE1,245,12,12,"(115.55, 23.2);(115.55, 23.6);(115.95, 22.8);(115.95, 23.2);(115.95, 23.6);(115.95, 24.0);(116.36, 22.8);(116.36, 23.2);(116.36, 23.6);(116.36, 24.0);(116.77, 23.2);(116.77, 23.6)",True
59653,2005-06-13 17:00:00,1.8,SURF,True,EXTREME_TYPE1,155,11,11,"(110.23, 21.6);(110.23, 22.0);(110.64, 21.6);(110.64, 22.0);(110.64, 22.4);(111.05, 21.6);(111.05, 22.0);(111.05, 22.4);(111.45, 21.6);(111.45, 22.0);(111.45, 22.4)",True
59293,2005-06-14 06:00:00,56.0,SURF,True,FALSE,100,11,0,,True
59488,2005-06-14 15:00:00,21.0,SURF,True,EXTREME_TYPE1,140,11,11,"(113.09, 22.0);(113.09, 22.4);(113.09, 22.8);(113.5, 21.6);(113.5, 22.0);(113.5, 22.4);(113.5, 22.8);(113.91, 22.0);(113.91, 22.4);(113.91, 22.8);(114.32, 22.4)",True
59488,2005-06-14 16:00:00,55.8,SURF,True,EXTREME_TYPE1,140,11,11,"(113.09, 22.0);(113.09, 22.4);(113.09, 22.8);(113.5, 21.6);(113.5, 22.0);(113.5, 22.4);(113.5, 22.8);(113.91, 22.0);(113.91, 22.4);(113.91, 22.8);(114.32, 22.4)",True
59477,2005-06-14 17:00:00,50.4,SURF,True,EXTREME_TYPE1,430,10,10,"(111.86, 22.0);(111.86, 22.4);(111.86, 22.8);(112.27, 21.6);(112.27, 22.0);(112.27, 22.4);(112.27, 22.8);(112.68, 22.0);(112.68, 22.4);(112.68, 22.8)",True
59289,2005-06-15 08:00:00,76.0,SURF,True,EXTREME_TYPE1,225,12,9,"(113.09, 23.2);(113.5, 22.8);(113.5, 23.2);(113.5, 23.6);(113.91, 22.8);(113.91, 23.2);(113.91, 23.6);(114.32, 22.8);(114.32, 23.2)",True
59117,2005-06-16 00:00:00,39.4,SURF,True,EXTREME_TYPE1,92,12,12,"(115.55, 24.0);(115.55, 24.4);(115.55, 24.8);(115.95, 23.6);(115.95, 24.0);(115.95, 24.4);(115.95, 24.8);(116.36, 24.0);(116.36, 24.4);(116.36, 24.8);(116.77, 24.0);(116.77, 24.4)",True
59653,2005-06-17 17:00:00,74.7,SURF,True,EXTREME_TYPE1,155,11,8,"(110.23, 21.6);(110.23, 22.0);(110.64, 21.6);(110.64, 22.0);(111.05, 21.6);(111.05, 22.0);(111.45, 21.6);(111.45, 22.0)",True
59082,2005-06-17 19:00:00,30.0,SURF,True,EXTREME_TYPE1,80,12,12,"(113.09, 24.4);(113.09, 24.8);(113.09, 25.2);(113.5, 24.0);(113.5, 24.4);(113.5, 24.8);(113.5, 25.2);(113.91, 24.4);(113.91, 24.8);(113.91, 25.2);(114.32, 24.4);(114.32, 24.8)",True
59493,2005-06-18 06:00:00,1.1,SURF,True,EXTREME_TYPE1,155,13,12,"(113.5, 22.0);(113.5, 22.4);(113.5, 22.8);(113.91, 22.0);(113.91, 22.4);(113.91, 22.8);(113.91, 23.2);(114.32, 22.4);(114.32, 22.8);(114.32, 23.2);(114.73, 22.4);(114.73, 22.8)",True
59290,2005-06-20 06:00:00,72.3,SURF,True,EXTREME_TYPE1,75,11,7,"(113.5, 23.6);(113.91, 23.6);(113.91, 24.0);(113.91, 24.4);(114.32, 23.6);(114.32, 24.0);(114.32, 24.4)",True
59293,2005-06-20 14:00:00,30.9,SURF,True,EXTREME_TYPE1,100,11,11,"(114.32, 23.2);(114.32, 23.6);(114.32, 24.0);(114.73, 23.2);(114.73, 23.6);(114.73, 24.0);(114.73, 24.4);(115.14, 23.2);(115.14, 23.6);(115.14, 24.0);(115.14, 24.4)",True
59298,2005-06-20 20:00:00,21.6,SURF,True,EXTREME_TYPE1,135,11,11,"(113.91, 22.8);(113.91, 23.2);(113.91, 23.6);(114.32, 22.4);(114.32, 22.8);(114.32, 23.2);(114.32, 23.6);(114.73, 22.8);(114.73, 23.2);(114.73, 23.6);(115.14, 23.2)",True
59290,2005-06-21 06:00:00,72.7,SURF,True,EXTREME_TYPE1,75,11,9,"(113.91, 23.6);(113.91, 24.0);(113.91, 24.4);(114.32, 23.2);(114.32, 23.6);(114.32, 24.0);(114.32, 24.4);(114.73, 23.6);(114.73, 24.0)",True
59293,2005-06-21 07:00:00,66.5,SURF,True,EXTREME_TYPE1,100,11,8,"(114.32, 23.2);(114.32, 23.6);(114.32, 24.0);(114.73, 23.6);(114.73, 24.0);(114.73, 24.4);(115.14, 24.0);(115.14, 24.4)",True
59097,2005-06-21 08:00:00,64.5,SURF,True,EXTREME_TYPE1,65,10,9,"(113.91, 23.6);(113.91, 24.0);(113.91, 24.4);(114.32, 23.6);(114.32, 24.0);(114.32, 24.4);(114.73, 23.6);(114.73, 24.0);(114.73, 24.4)",True
59293,2005-06-21 08:00:00,58.5,SURF,True,EXTREME_TYPE1,100,11,8,"(114.32, 23.2);(114.32, 23.6);(114.32, 24.0);(114.73, 23.6);(114.73, 24.0);(114.73, 24.4);(115.14, 24.0);(115.14, 24.4)",True
59487,2005-06-21 10:00:00,60.0,SURF,True,EXTREME_TYPE1,280,12,12,"(112.68, 22.0);(112.68, 22.4);(113.09, 21.6);(113.09, 22.0);(113.09, 22.4);(113.09, 22.8);(113.5, 21.6);(113.5, 22.0);(113.5, 22.4);(113.5, 22.8);(113.91, 22.0);(113.91, 22.4)",True
59315,2005-06-21 11:00:00,39.8,SURF,True,EXTREME_TYPE1,170,10,10,"(115.95, 23.2);(115.95, 23.6);(115.95, 24.0);(116.36, 23.2);(116.36, 23.6);(116.36, 24.0);(116.77, 23.2);(116.77, 23.6);(116.77, 24.0);(117.18, 23.6)",True
59278,2005-06-21 18:00:00,52.4,SURF,True,EXTREME_TYPE1,505,12,12,"(111.86, 22.8);(111.86, 23.2);(112.27, 22.4);(112.27, 22.8);(112.27, 23.2);(112.27, 23.6);(112.68, 22.4);(112.68, 22.8);(112.68, 23.2);(112.68, 23.6);(113.09, 22.8);(113.09, 23.2)",True
59500,2005-06-22 00:00:00,56.2,SURF,True,EXTREME_TYPE1,215,12,11,"(114.73, 22.8);(114.73, 23.2);(115.14, 22.4);(115.14, 22.8);(115.14, 23.2);(115.55, 22.4);(115.55, 22.8);(115.55, 23.2);(115.55, 23.6);(115.95, 22.8);(115.95, 23.2)",True
59314,2005-06-22 02:00:00,52.3,SURF,True,EXTREME_TYPE1,250,12,11,"(115.55, 23.2);(115.55, 23.6);(115.95, 22.8);(115.95, 23.2);(115.95, 23.6);(116.36, 22.8);(116.36, 23.2);(116.36, 23.6);(116.36, 24.0);(116.77, 23.2);(116.77, 23.6)",True
59298,2005-06-22 06:00:00,62.8,SURF,True,EXTREME_TYPE1,135,11,11,"(113.91, 22.8);(113.91, 23.2);(113.91, 23.6);(114.32, 22.4);(114.32, 22.8);(114.32, 23.2);(114.32, 23.6);(114.73, 22.8);(114.73, 23.2);(114.73, 23.6);(115.14, 23.2)",True
59082,2005-06-22 14:00:00,52.4,SURF,True,EXTREME_TYPE1,80,12,11,"(113.09, 24.4);(113.09, 24.8);(113.5, 24.0);(113.5, 24.4);(113.5, 24.8);(113.5, 25.2);(113.91, 24.4);(113.91, 24.8);(113.91, 25.2);(114.32, 24.4);(114.32, 24.8)",True
59493,2005-06-24 06:00:00,25.5,SURF,True,EXTREME_TYPE1,155,13,12,"(113.5, 22.0);(113.5, 22.4);(113.5, 22.8);(113.91, 22.0);(113.91, 22.4);(113.91, 22.8);(113.91, 23.2);(114.32, 22.4);(114.32, 22.8);(114.32, 23.2);(114.73, 22.4);(114.73, 22.8)",True
59485,2005-06-24 10:00:00,1.8,SURF,True,EXTREME_TYPE1,420,12,12,"(112.68, 22.4);(112.68, 22.8);(113.09, 22.0);(113.09, 22.4);(113.09, 22.8);(113.5, 22.0);(113.5, 22.4);(113.5, 22.8);(113.5, 23.2);(113.91, 22.0);(113.91, 22.4);(113.91, 22.8)",True
59663,2005-06-28 09:00:00,44.5,SURF,True,EXTREME_TYPE2,180,11,3,"(112.27, 22.0);(112.27, 22.4);(112.68, 22.0)",True
59673,2005-06-30 05:00:00,32.7,SURF,True,EXTREME_TYPE1,60,8,8,"(112.27, 21.6);(112.27, 22.0);(112.68, 21.6);(112.68, 22.0);(112.68, 22.4);(113.09, 21.6);(113.09, 22.0);(113.5, 21.6)",True
59477,2005-06-30 09:00:00,32.9,SURF,True,EXTREME_TYPE1,500,10,10,"(111.86, 22.0);(111.86, 22.4);(111.86, 22.8);(112.27, 21.6);(112.27, 22.0);(112.27, 22.4);(112.27, 22.8);(112.68, 22.0);(112.68, 22.4);(112.68, 22.8)",True
59500,2005-07-01 05:00:00,32.0,SURF,True,EXTREME_TYPE1,200,12,10,"(114.73, 22.8);(114.73, 23.2);(115.14, 22.8);(115.14, 23.2);(115.14, 23.6);(115.55, 22.8);(115.55, 23.2);(115.55, 23.6);(115.95, 22.8);(115.95, 23.2)",True
59279,2005-07-22 15:00:00,54.6,SURF,True,EXTREME_TYPE1,265,12,12,"(112.27, 22.8);(112.27, 23.2);(112.27, 23.6);(112.68, 22.8);(112.68, 23.2);(112.68, 23.6);(113.09, 22.8);(113.09, 23.2);(113.09, 23.6);(113.5, 22.8);(113.5, 23.2);(113.5, 23.6)",True
59304,2005-07-24 17:00:00,11.8,SURF,True,EXTREME_TYPE1,110,9,4,"(114.73, 23.2);(115.14, 23.2);(115.55, 23.2);(115.55, 23.6)",True
G1071,2005-07-24 19:00:00,28.0,AWST,False,FALSE,295,12,0,,True
G1071,2005-07-24 21:00:00,325.5,AWST,False,FALSE,295,12,0,,True
G1015,2005-07-25 01:00:00,25.5,AWST,False,FALSE,295,12,0,,True
59271,2005-07-31 12:00:00,22.4,SURF,True,EXTREME_TYPE1,215,11,11,"(111.86, 23.2);(111.86, 23.6);(111.86, 24.0);(112.27, 23.2);(112.27, 23.6);(112.27, 24.0);(112.68, 23.2);(112.68, 23.6);(112.68, 24.0);(113.09, 23.6);(113.09, 24.0)",True
59287,2005-08-04 23:00:00,88.8,SURF,True,EXTREME_TYPE1,400,9,9,"(113.09, 22.8);(113.09, 23.2);(113.09, 23.6);(113.5, 22.8);(113.5, 23.2);(113.5, 23.6);(113.91, 22.8);(113.91, 23.2);(113.91, 23.6)",True
59303,2005-08-06 22:00:00,2.0,SURF,True,EXTREME_TYPE1,295,10,10,"(115.14, 23.6);(115.14, 24.0);(115.55, 23.6);(115.55, 24.0);(115.55, 24.4);(115.95, 23.6);(115.95, 24.0);(115.95, 24.4);(116.36, 23.6);(116.36, 24.0)",True
59297,2005-08-07 07:00:00,69.7,SURF,True,FALSE,140,10,0,,True
59318,2005-08-13 17:00:00,12.1,SURF,True,EXTREME_TYPE1,170,12,12,"(115.95, 23.2);(115.95, 23.6);(116.36, 22.8);(116.36, 23.2);(116.36, 23.6);(116.36, 24.0);(116.77, 22.8);(116.77, 23.2);(116.77, 23.6);(116.77, 24.0);(117.18, 23.2);(117.18, 23.6)",True
59318,2005-08-14 02:00:00,65.7,SURF,True,EXTREME_TYPE1,170,12,11,"(115.95, 23.2);(115.95, 23.6);(116.36, 22.8);(116.36, 23.2);(116.36, 23.6);(116.77, 22.8);(116.77, 23.2);(116.77, 23.6);(116.77, 24.0);(117.18, 23.2);(117.18, 23.6)",True
59462,2005-08-14 06:00:00,34.2,SURF,True,EXTREME_TYPE1,236,11,10,"(111.05, 22.4);(111.05, 22.8);(111.05, 23.2);(111.45, 22.4);(111.45, 22.8);(111.45, 23.2);(111.86, 22.4);(111.86, 22.8);(111.86, 23.2);(112.27, 22.8)",True
59318,2005-08-14 17:00:00,11.5,SURF,True,EXTREME_TYPE1,165,12,12,"(115.95, 23.2);(115.95, 23.6);(116.36, 22.8);(116.36, 23.2);(116.36, 23.6);(116.36, 24.0);(116.77, 22.8);(116.77, 23.2);(116.77, 23.6);(116.77, 24.0);(117.18, 23.2);(117.18, 23.6)",True
59096,2005-08-15 17:00:00,30.9,SURF,True,EXTREME_TYPE1,65,12,10,"(113.91, 24.0);(113.91, 24.4);(113.91, 24.8);(114.32, 24.0);(114.32, 24.4);(114.32, 24.8);(114.73, 24.0);(114.73, 24.8);(115.14, 24.4);(115.14, 24.8)",True
59469,2005-08-18 16:00:00,23.9,SURF,True,EXTREME_TYPE1,215,11,11,"(111.05, 22.0);(111.45, 21.6);(111.45, 22.0);(111.45, 22.4);(111.86, 21.6);(111.86, 22.0);(111.86, 22.4);(111.86, 22.8);(112.27, 21.6);(112.27, 22.0);(112.27, 22.4)",True
59287,2005-08-21 04:00:00,23.6,SURF,True,EXTREME_TYPE1,400,9,9,"(113.09, 22.8);(113.09, 23.2);(113.09, 23.6);(113.5, 22.8);(113.5, 23.2);(113.5, 23.6);(113.91, 22.8);(113.91, 23.2);(113.91, 23.6)",True
59317,2005-08-21 12:00:00,23.2,SURF,True,EXTREME_TYPE1,225,9,9,"(115.95, 22.4);(115.95, 22.8);(115.95, 23.2);(115.95, 23.6);(116.36, 22.8);(116.36, 23.2);(116.36, 23.6);(116.77, 22.8);(116.77, 23.2)",True
59117,2005-08-24 14:00:00,2.9,SURF,True,EXTREME_TYPE1,85,12,12,"(115.55, 24.0);(115.55, 24.4);(115.55, 24.8);(115.95, 23.6);(115.95, 24.0);(115.95, 24.4);(115.95, 24.8);(116.36, 24.0);(116.36, 24.4);(116.36, 24.8);(116.77, 24.0);(116.77, 24.4)",True
59297,2005-09-03 10:00:00,18.7,SURF,True,EXTREME_TYPE1,130,10,10,"(113.5, 23.2);(113.91, 22.8);(113.91, 23.2);(113.91, 23.6);(114.32, 22.8);(114.32, 23.2);(114.32, 23.6);(114.73, 22.8);(114.73, 23.2);(114.73, 23.6)",True
59099,2005-09-03 17:00:00,3.7,SURF,True,EXTREME_TYPE1,85,10,9,"(114.32, 24.4);(114.32, 24.8);(114.73, 24.0);(114.73, 24.4);(114.73, 24.8);(115.14, 24.0);(115.14, 24.4);(115.14, 24.8);(115.55, 24.4)",True
59487,2005-09-04 04:00:00,32.2,SURF,True,EXTREME_TYPE1,260,12,10,"(112.68, 22.4);(113.09, 22.0);(113.09, 22.4);(113.09, 22.8);(113.5, 21.6);(113.5, 22.0);(113.5, 22.4);(113.5, 22.8);(113.91, 22.0);(113.91, 22.4)",True
59278,2005-09-04 06:00:00,1.7,SURF,True,EXTREME_TYPE1,601,12,12,"(111.86, 22.8);(111.86, 23.2);(112.27, 22.4);(112.27, 22.8);(112.27, 23.2);(112.27, 23.6);(112.68, 22.4);(112.68, 22.8);(112.68, 23.2);(112.68, 23.6);(113.09, 22.8);(113.09, 23.2)",True
59317,2005-09-07 15:00:00,75.1,SURF,True,EXTREME_TYPE1,240,9,8,"(115.95, 22.4);(115.95, 22.8);(115.95, 23.2);(115.95, 23.6);(116.36, 22.8);(116.36, 23.2);(116.36, 23.6);(116.77, 23.2)",True
59271,2005-09-09 05:00:00,57.8,SURF,True,EXTREME_TYPE1,255,11,5,"(112.68, 23.2);(112.68, 23.6);(112.68, 24.0);(113.09, 23.6);(113.09, 24.0)",True
59492,2005-09-09 18:00:00,15.4,SURF,True,EXTREME_TYPE1,99,11,11,"(114.32, 22.4);(114.32, 22.8);(114.32, 23.2);(114.32, 23.6);(114.73, 22.4);(114.73, 22.8);(114.73, 23.2);(114.73, 23.6);(115.14, 22.8);(115.14, 23.2);(115.14, 23.6)",True
59656,2005-09-19 04:00:00,35.9,SURF,True,EXTREME_TYPE1,120,11,11,"(110.23, 21.2);(110.23, 21.6);(110.64, 20.8);(110.64, 21.2);(110.64, 21.6);(110.64, 22.0);(111.05, 21.2);(111.05, 21.6);(111.05, 22.0);(111.45, 21.2);(111.45, 21.6)",True
59501,2005-09-24 17:00:00,1.3,SURF,True,EXTREME_TYPE1,230,12,12,"(114.73, 22.4);(114.73, 22.8);(114.73, 23.2);(115.14, 22.4);(115.14, 22.8);(115.14, 23.2);(115.55, 22.4);(115.55, 22.8);(115.55, 23.2);(115.95, 22.4);(115.95, 22.8);(115.95, 23.2)",True
59488,2005-09-25 11:00:00,9.7,SURF,True,EXTREME_TYPE1,140,11,11,"(113.09, 22.0);(113.09, 22.4);(113.09, 22.8);(113.5, 21.6);(113.5, 22.0);(113.5, 22.4);(113.5, 22.8);(113.91, 22.0);(113.91, 22.4);(113.91, 22.8);(114.32, 22.4)",True
59658,2005-09-26 05:00:00,22.0,SURF,True,EXTREME_TYPE1,100,10,10,"(109.82, 20.8);(109.82, 21.2);(109.82, 21.6);(110.23, 20.8);(110.23, 21.2);(110.23, 21.6);(110.64, 20.8);(110.64, 21.2);(110.64, 21.6);(111.05, 21.2)",True
59658,2005-09-26 14:00:00,4.9,SURF,True,EXTREME_TYPE1,100,10,10,"(109.82, 20.8);(109.82, 21.2);(109.82, 21.6);(110.23, 20.8);(110.23, 21.2);(110.23, 21.6);(110.64, 20.8);(110.64, 21.2);(110.64, 21.6);(111.05, 21.2)",True
59663,2005-09-27 06:00:00,25.8,SURF,True,EXTREME_TYPE1,180,11,8,"(111.86, 21.6);(111.86, 22.0);(111.86, 22.4);(112.27, 21.6);(112.27, 22.0);(112.27, 22.4);(112.68, 21.6);(112.68, 22.0)",True
59316,2005-10-03 13:00:00,20.7,SURF,True,EXTREME_TYPE1,167,12,12,"(115.95, 23.2);(115.95, 23.6);(116.36, 22.8);(116.36, 23.2);(116.36, 23.6);(116.36, 24.0);(116.77, 22.8);(116.77, 23.2);(116.77, 23.6);(116.77, 24.0);(117.18, 23.2);(117.18, 23.6)",True
57988,2006-01-19 08:00:00,6.5,SURF,True,EXTREME_TYPE4,15,11,8,"(112.68, 24.8);(112.68, 25.2);(113.09, 24.8);(113.09, 25.2);(113.5, 24.8);(113.5, 25.2);(113.91, 24.8);(113.91, 25.2)",True
G2635,2006-02-15 14:00:00,900.0,AWST,False,FALSE,40,10,0,,True
G2635,2006-02-16 02:00:00,400.0,AWST,False,FALSE,40,10,0,,True
59312,2006-02-18 19:00:00,1.4,SURF,True,EXTREME_TYPE1,20,10,10,"(115.95, 23.6);(116.36, 23.2);(116.36, 23.6);(116.36, 24.0);(116.77, 23.2);(116.77, 23.6);(116.77, 24.0);(117.18, 23.2);(117.18, 23.6);(117.18, 24.0)",True
59270,2006-02-25 14:00:00,5.5,SURF,True,EXTREME_TYPE1,30,10,10,"(111.45, 24.0);(111.86, 23.6);(111.86, 24.0);(111.86, 24.4);(112.27, 23.6);(112.27, 24.0);(112.27, 24.4);(112.68, 23.6);(112.68, 24.0);(112.68, 24.4)",True
59117,2006-02-28 05:00:00,1.2,SURF,True,EXTREME_TYPE1,10,12,12,"(115.55, 24.0);(115.55, 24.4);(115.55, 24.8);(115.95, 23.6);(115.95, 24.0);(115.95, 24.4);(115.95, 24.8);(116.36, 24.0);(116.36, 24.4);(116.36, 24.8);(116.77, 24.0);(116.77, 24.4)",True
59094,2006-03-06 10:00:00,10.4,SURF,True,EXTREME_TYPE1,20,12,10,"(113.5, 24.0);(113.91, 24.0);(113.91, 24.4);(113.91, 24.8);(114.32, 24.0);(114.32, 24.4);(114.32, 24.8);(114.73, 24.0);(114.73, 24.4);(114.73, 24.8)",True
59493,2006-03-06 14:00:00,1.3,SURF,True,EXTREME_TYPE1,103,13,13,"(113.5, 22.0);(113.5, 22.4);(113.5, 22.8);(113.91, 22.0);(113.91, 22.4);(113.91, 22.8);(113.91, 23.2);(114.32, 22.0);(114.32, 22.4);(114.32, 22.8);(114.32, 23.2);(114.73, 22.4);(114.73, 22.8)",True
59284,2006-03-20 04:00:00,9.8,SURF,True,EXTREME_TYPE1,65,12,10,"(112.68, 23.2);(112.68, 23.6);(113.09, 23.2);(113.09, 23.6);(113.09, 24.0);(113.5, 23.2);(113.5, 23.6);(113.5, 24.0);(113.91, 23.2);(113.91, 23.6)",True
59271,2006-03-23 10:00:00,31.0,SURF,True,EXTREME_TYPE1,45,11,11,"(111.86, 23.2);(111.86, 23.6);(111.86, 24.0);(112.27, 23.2);(112.27, 23.6);(112.27, 24.0);(112.68, 23.2);(112.68, 23.6);(112.68, 24.0);(113.09, 23.6);(113.09, 24.0)",True
59492,2006-03-23 11:00:00,14.4,SURF,True,EXTREME_TYPE1,40,11,11,"(114.32, 22.4);(114.32, 22.8);(114.32, 23.2);(114.32, 23.6);(114.73, 22.4);(114.73, 22.8);(114.73, 23.2);(114.73, 23.6);(115.14, 22.8);(115.14, 23.2);(115.14, 23.6)",True
59270,2006-04-07 12:00:00,4.5,SURF,True,EXTREME_TYPE1,125,10,10,"(111.45, 24.0);(111.86, 23.6);(111.86, 24.0);(111.86, 24.4);(112.27, 23.6);(112.27, 24.0);(112.27, 24.4);(112.68, 23.6);(112.68, 24.0);(112.68, 24.4)",True
59754,2006-04-07 16:00:00,69.6,SURF,True,EXTREME_TYPE1,95,5,5,"(109.82, 20.4);(109.82, 20.8);(110.23, 20.4);(110.23, 20.8);(110.64, 20.8)",True
59316,2006-04-10 09:00:00,55.2,SURF,True,EXTREME_TYPE1,110,12,12,"(115.95, 23.2);(115.95, 23.6);(116.36, 22.8);(116.36, 23.2);(116.36, 23.6);(116.36, 24.0);(116.77, 22.8);(116.77, 23.2);(116.77, 23.6);(116.77, 24.0);(117.18, 23.2);(117.18, 23.6)",True
59116,2006-04-13 04:00:00,6.2,SURF,True,EXTREME_TYPE1,35,9,9,"(115.95, 24.4);(116.36, 24.0);(116.36, 24.4);(116.36, 24.8);(116.77, 24.0);(116.77, 24.4);(116.77, 24.8);(117.18, 24.0);(117.18, 24.4)",True
59314,2006-04-27 14:00:00,2.4,SURF,True,EXTREME_TYPE1,153,12,12,"(115.55, 23.2);(115.55, 23.6);(115.95, 22.8);(115.95, 23.2);(115.95, 23.6);(115.95, 24.0);(116.36, 22.8);(116.36, 23.2);(116.36, 23.6);(116.36, 24.0);(116.77, 23.2);(116.77, 23.6)",True
59297,2006-04-28 04:00:00,57.3,SURF,True,EXTREME_TYPE1,60,10,10,"(113.5, 23.2);(113.91, 22.8);(113.91, 23.2);(113.91, 23.6);(114.32, 22.8);(114.32, 23.2);(114.32, 23.6);(114.73, 22.8);(114.73, 23.2);(114.73, 23.6)",True
59316,2006-04-28 05:00:00,5.6,SURF,True,EXTREME_TYPE1,103,12,12,"(115.95, 23.2);(115.95, 23.6);(116.36, 22.8);(116.36, 23.2);(116.36, 23.6);(116.36, 24.0);(116.77, 22.8);(116.77, 23.2);(116.77, 23.6);(116.77, 24.0);(117.18, 23.2);(117.18, 23.6)",True
59268,2006-05-02 14:00:00,73.6,SURF,True,EXTREME_TYPE5,155,9,2,"(111.05, 22.8);(111.45, 22.8)",True
59650,2006-05-02 17:00:00,20.4,SURF,True,EXTREME_TYPE1,160,11,11,"(109.82, 21.2);(109.82, 21.6);(109.82, 22.0);(110.23, 20.8);(110.23, 21.2);(110.23, 21.6);(110.23, 22.0);(110.64, 20.8);(110.64, 21.2);(110.64, 21.6);(110.64, 22.0)",True
59650,2006-05-03 14:00:00,51.4,SURF,True,EXTREME_TYPE1,160,11,11,"(109.82, 21.2);(109.82, 21.6);(109.82, 22.0);(110.23, 20.8);(110.23, 21.2);(110.23, 21.6);(110.23, 22.0);(110.64, 20.8);(110.64, 21.2);(110.64, 21.6);(110.64, 22.0)",True
59663,2006-05-04 08:00:00,83.1,SURF,True,FALSE,30,11,0,,True
59663,2006-05-04 20:00:00,103.6,SURF,True,FALSE,30,11,0,,True
59663,2006-05-04 21:00:00,82.0,SURF,True,FALSE,30,11,0,,True
57989,2006-05-06 18:00:00,4.7,SURF,True,EXTREME_TYPE1,57,12,12,"(113.09, 24.8);(113.09, 25.2);(113.5, 24.4);(113.5, 24.8);(113.5, 25.2);(113.5, 25.6);(113.91, 24.4);(113.91, 24.8);(113.91, 25.2);(113.91, 25.6);(114.32, 24.8);(114.32, 25.2)",True
59090,2006-05-06 18:00:00,24.9,SURF,True,EXTREME_TYPE1,39,12,11,"(113.5, 24.8);(113.5, 25.2);(113.91, 24.4);(113.91, 24.8);(113.91, 25.2);(113.91, 25.6);(114.32, 24.4);(114.32, 24.8);(114.32, 25.2);(114.73, 24.8);(114.73, 25.2)",True
59285,2006-05-06 20:00:00,55.0,SURF,True,EXTREME_TYPE1,245,10,10,"(113.09, 23.2);(113.09, 23.6);(113.09, 24.0);(113.5, 23.2);(113.5, 23.6);(113.5, 24.0);(113.91, 23.2);(113.91, 23.6);(113.91, 24.0);(114.32, 23.6)",True
59269,2006-05-06 21:00:00,66.1,SURF,True,EXTREME_TYPE1,146,9,8,"(111.45, 22.8);(111.45, 23.2);(111.86, 22.8);(111.86, 23.2);(111.86, 23.6);(112.27, 22.8);(112.27, 23.2);(112.27, 23.6)",True
59276,2006-05-10 16:00:00,51.3,SURF,True,EXTREME_TYPE1,503,10,9,"(112.27, 22.8);(112.27, 23.2);(112.27, 23.6);(112.68, 22.8);(112.68, 23.2);(112.68, 23.6);(113.09, 22.8);(113.09, 23.2);(113.09, 23.6)",True
59287,2006-05-10 18:00:00,52.5,SURF,True,EXTREME_TYPE1,494,9,9,"(113.09, 22.8);(113.09, 23.2);(113.09, 23.6);(113.5, 22.8);(113.5, 23.2);(113.5, 23.6);(113.91, 22.8);(113.91, 23.2);(113.91, 23.6)",True
59090,2006-05-16 15:00:00,1.3,SURF,True,EXTREME_TYPE1,35,12,12,"(113.5, 24.8);(113.5, 25.2);(113.91, 24.4);(113.91, 24.8);(113.91, 25.2);(113.91, 25.6);(114.32, 24.4);(114.32, 24.8);(114.32, 25.2);(114.32, 25.6);(114.73, 24.8);(114.73, 25.2)",True
59313,2006-05-17 23:00:00,34.6,SURF,True,EXTREME_TYPE1,38,9,9,"(116.36, 23.6);(116.36, 24.0);(116.77, 23.2);(116.77, 23.6);(116.77, 24.0);(117.18, 23.2);(117.18, 23.6);(117.18, 24.0);(117.59, 23.6)",True
59316,2006-05-18 00:00:00,53.1,SURF,True,EXTREME_TYPE1,153,12,12,"(115.95, 23.2);(115.95, 23.6);(116.36, 22.8);(116.36, 23.2);(116.36, 23.6);(116.36, 24.0);(116.77, 22.8);(116.77, 23.2);(116.77, 23.6);(116.77, 24.0);(117.18, 23.2);(117.18, 23.6)",True
59318,2006-05-18 00:00:00,55.8,SURF,True,EXTREME_TYPE1,153,12,12,"(115.95, 23.2);(115.95, 23.6);(116.36, 22.8);(116.36, 23.2);(116.36, 23.6);(116.36, 24.0);(116.77, 22.8);(116.77, 23.2);(116.77, 23.6);(116.77, 24.0);(117.18, 23.2);(117.18, 23.6)",True
59673,2006-05-21 14:00:00,31.0,SURF,True,EXTREME_TYPE1,10,8,7,"(112.27, 22.0);(112.68, 21.6);(112.68, 22.0);(112.68, 22.4);(113.09, 21.6);(113.09, 22.0);(113.5, 21.6)",True
59478,2006-05-21 17:00:00,26.8,SURF,True,EXTREME_TYPE1,343,12,12,"(112.27, 22.0);(112.27, 22.4);(112.68, 21.6);(112.68, 22.0);(112.68, 22.4);(112.68, 22.8);(113.09, 21.6);(113.09, 22.0);(113.09, 22.4);(113.09, 22.8);(113.5, 22.0);(113.5, 22.4)",True
59500,2006-05-21 17:00:00,26.7,SURF,True,EXTREME_TYPE1,135,12,12,"(114.73, 22.8);(114.73, 23.2);(115.14, 22.4);(115.14, 22.8);(115.14, 23.2);(115.14, 23.6);(115.55, 22.4);(115.55, 22.8);(115.55, 23.2);(115.55, 23.6);(115.95, 22.8);(115.95, 23.2)",True
59289,2006-05-22 04:00:00,53.5,SURF,True,EXTREME_TYPE1,360,12,12,"(113.09, 22.8);(113.09, 23.2);(113.5, 22.4);(113.5, 22.8);(113.5, 23.2);(113.5, 23.6);(113.91, 22.4);(113.91, 22.8);(113.91, 23.2);(113.91, 23.6);(114.32, 22.8);(114.32, 23.2)",True
59285,2006-05-27 02:00:00,26.9,SURF,True,EXTREME_TYPE1,244,10,10,"(113.09, 23.2);(113.09, 23.6);(113.09, 24.0);(113.5, 23.2);(113.5, 23.6);(113.5, 24.0);(113.91, 23.2);(113.91, 23.6);(113.91, 24.0);(114.32, 23.6)",True
59481,2006-05-27 07:00:00,74.3,SURF,True,EXTREME_TYPE1,604,12,12,"(112.68, 22.8);(112.68, 23.2);(113.09, 22.4);(113.09, 22.8);(113.09, 23.2);(113.09, 23.6);(113.5, 22.4);(113.5, 22.8);(113.5, 23.2);(113.5, 23.6);(113.91, 22.8);(113.91, 23.2)",True
59304,2006-05-27 09:00:00,30.2,SURF,True,EXTREME_TYPE1,66,9,8,"(114.73, 23.2);(114.73, 23.6);(115.14, 23.2);(115.14, 23.6);(115.14, 24.0);(115.55, 23.2);(115.55, 23.6);(115.55, 24.0)",True
59480,2006-05-27 09:00:00,38.2,SURF,True,EXTREME_TYPE1,521,10,10,"(112.68, 22.4);(112.68, 22.8);(112.68, 23.2);(113.09, 22.4);(113.09, 22.8);(113.09, 23.2);(113.5, 22.4);(113.5, 22.8);(113.5, 23.2);(113.91, 22.8)",True
59473,2006-05-27 11:00:00,61.4,SURF,True,EXTREME_TYPE1,757,10,10,"(112.27, 22.8);(112.68, 22.4);(112.68, 22.8);(112.68, 23.2);(113.09, 22.4);(113.09, 22.8);(113.09, 23.2);(113.5, 22.4);(113.5, 22.8);(113.5, 23.2)",True
59470,2006-05-27 12:00:00,44.8,SURF,True,EXTREME_TYPE1,490,10,9,"(111.86, 22.4);(111.86, 22.8);(111.86, 23.2);(112.27, 22.4);(112.27, 22.8);(112.27, 23.2);(112.68, 22.4);(112.68, 22.8);(112.68, 23.2)",True
59475,2006-05-27 12:00:00,51.9,SURF,True,EXTREME_TYPE1,660,9,9,"(112.27, 22.0);(112.27, 22.4);(112.27, 22.8);(112.68, 22.0);(112.68, 22.4);(112.68, 22.8);(113.09, 22.0);(113.09, 22.4);(113.09, 22.8)",True
59475,2006-05-27 13:00:00,60.1,SURF,True,EXTREME_TYPE1,661,9,9,"(112.27, 22.0);(112.27, 22.4);(112.27, 22.8);(112.68, 22.0);(112.68, 22.4);(112.68, 22.8);(113.09, 22.0);(113.09, 22.4);(113.09, 22.8)",True
59303,2006-05-27 17:00:00,62.6,SURF,True,EXTREME_TYPE2,195,10,2,"(115.95, 24.4);(116.36, 24.0)",True
59502,2006-05-28 07:00:00,45.7,SURF,True,EXTREME_TYPE1,195,12,8,"(115.14, 22.8);(115.14, 23.2);(115.55, 22.4);(115.55, 22.8);(115.55, 23.2);(115.55, 23.6);(115.95, 22.8);(115.95, 23.2)",True
59298,2006-05-28 13:00:00,22.9,SURF,True,EXTREME_TYPE1,110,11,11,"(113.91, 22.8);(113.91, 23.2);(113.91, 23.6);(114.32, 22.4);(114.32, 22.8);(114.32, 23.2);(114.32, 23.6);(114.73, 22.8);(114.73, 23.2);(114.73, 23.6);(115.14, 23.2)",True
59324,2006-05-28 13:00:00,9.7,SURF,True,EXTREME_TYPE1,40,10,10,"(116.36, 23.2);(116.36, 23.6);(116.77, 22.8);(116.77, 23.2);(116.77, 23.6);(116.77, 24.0);(117.18, 23.2);(117.18, 23.6);(117.18, 24.0);(117.59, 23.6)",True
59659,2006-05-29 10:00:00,5.0,SURF,True,EXTREME_TYPE1,125,12,12,"(110.23, 21.6);(110.23, 22.0);(110.64, 21.2);(110.64, 21.6);(110.64, 22.0);(110.64, 22.4);(111.05, 21.2);(111.05, 21.6);(111.05, 22.0);(111.05, 22.4);(111.45, 21.6);(111.45, 22.0)",True
59500,2006-05-29 17:00:00,7.0,SURF,True,EXTREME_TYPE1,135,12,11,"(114.73, 22.8);(114.73, 23.2);(115.14, 22.4);(115.14, 22.8);(115.14, 23.2);(115.14, 23.6);(115.55, 22.8);(115.55, 23.2);(115.55, 23.6);(115.95, 22.8);(115.95, 23.2)",True
57989,2006-05-29 19:00:00,2.7,SURF,True,EXTREME_TYPE1,60,12,12,"(113.09, 24.8);(113.09, 25.2);(113.5, 24.4);(113.5, 24.8);(113.5, 25.2);(113.5, 25.6);(113.91, 24.4);(113.91, 24.8);(113.91, 25.2);(113.91, 25.6);(114.32, 24.8);(114.32, 25.2)",True
59475,2006-06-01 11:00:00,22.0,SURF,True,EXTREME_TYPE1,679,9,9,"(112.27, 22.0);(112.27, 22.4);(112.27, 22.8);(112.68, 22.0);(112.68, 22.4);(112.68, 22.8);(113.09, 22.0);(113.09, 22.4);(113.09, 22.8)",True
59304,2006-06-01 16:00:00,2.4,SURF,True,EXTREME_TYPE1,78,9,9,"(114.73, 23.2);(114.73, 23.6);(114.73, 24.0);(115.14, 23.2);(115.14, 23.6);(115.14, 24.0);(115.55, 23.2);(115.55, 23.6);(115.55, 24.0)",True
59278,2006-06-02 15:00:00,25.9,SURF,True,EXTREME_TYPE1,629,12,12,"(111.86, 22.8);(111.86, 23.2);(112.27, 22.4);(112.27, 22.8);(112.27, 23.2);(112.27, 23.6);(112.68, 22.4);(112.68, 22.8);(112.68, 23.2);(112.68, 23.6);(113.09, 22.8);(113.09, 23.2)",True
59653,2006-06-02 16:00:00,9.5,SURF,True,EXTREME_TYPE1,135,11,11,"(110.23, 21.6);(110.23, 22.0);(110.64, 21.6);(110.64, 22.0);(110.64, 22.4);(111.05, 21.6);(111.05, 22.0);(111.05, 22.4);(111.45, 21.6);(111.45, 22.0);(111.45, 22.4)",True
59501,2006-06-03 06:00:00,81.9,SURF,True,EXTREME_TYPE1,190,12,9,"(114.73, 22.8);(114.73, 23.2);(115.14, 23.2);(115.55, 22.4);(115.55, 22.8);(115.55, 23.2);(115.95, 22.4);(115.95, 22.8);(115.95, 23.2)",True
59087,2006-06-04 01:00:00,3.9,SURF,True,EXTREME_TYPE1,210,10,10,"(113.09, 23.6);(113.09, 24.0);(113.09, 24.4);(113.5, 23.2);(113.5, 23.6);(113.5, 24.0);(113.5, 24.4);(113.91, 23.6);(113.91, 24.0);(113.91, 24.4)",True
59290,2006-06-05 09:00:00,31.4,SURF,True,EXTREME_TYPE1,68,11,11,"(113.5, 23.6);(113.91, 23.2);(113.91, 23.6);(113.91, 24.0);(113.91, 24.4);(114.32, 23.2);(114.32, 23.6);(114.32, 24.0);(114.32, 24.4);(114.73, 23.6);(114.73, 24.0)",True
59284,2006-06-06 09:00:00,30.3,SURF,True,EXTREME_TYPE1,502,12,12,"(112.68, 23.2);(112.68, 23.6);(113.09, 22.8);(113.09, 23.2);(113.09, 23.6);(113.09, 24.0);(113.5, 22.8);(113.5, 23.2);(113.5, 23.6);(113.5, 24.0);(113.91, 23.2);(113.91, 23.6)",True
59280,2006-06-07 19:00:00,53.2,SURF,True,EXTREME_TYPE1,294,10,10,"(112.68, 23.2);(112.68, 23.6);(112.68, 24.0);(113.09, 23.2);(113.09, 23.6);(113.09, 24.0);(113.09, 24.4);(113.5, 23.2);(113.5, 23.6);(113.5, 24.0)",True
59270,2006-06-08 11:00:00,18.0,SURF,True,EXTREME_TYPE1,199,10,10,"(111.45, 24.0);(111.86, 23.6);(111.86, 24.0);(111.86, 24.4);(112.27, 23.6);(112.27, 24.0);(112.27, 24.4);(112.68, 23.6);(112.68, 24.0);(112.68, 24.4)",True
59492,2006-06-09 05:00:00,7.7,SURF,True,EXTREME_TYPE1,60,11,11,"(114.32, 22.4);(114.32, 22.8);(114.32, 23.2);(114.32, 23.6);(114.73, 22.4);(114.73, 22.8);(114.73, 23.2);(114.73, 23.6);(115.14, 22.8);(115.14, 23.2);(115.14, 23.6)",True
59297,2006-06-09 06:00:00,20.0,SURF,True,EXTREME_TYPE1,112,10,10,"(113.5, 23.2);(113.91, 22.8);(113.91, 23.2);(113.91, 23.6);(114.32, 22.8);(114.32, 23.2);(114.32, 23.6);(114.73, 22.8);(114.73, 23.2);(114.73, 23.6)",True
59297,2006-06-09 11:00:00,6.8,SURF,True,EXTREME_TYPE1,115,10,10,"(113.5, 23.2);(113.91, 22.8);(113.91, 23.2);(113.91, 23.6);(114.32, 22.8);(114.32, 23.2);(114.32, 23.6);(114.73, 22.8);(114.73, 23.2);(114.73, 23.6)",True
59492,2006-06-09 14:00:00,1.6,SURF,True,EXTREME_TYPE1,60,11,11,"(114.32, 22.4);(114.32, 22.8);(114.32, 23.2);(114.32, 23.6);(114.73, 22.4);(114.73, 22.8);(114.73, 23.2);(114.73, 23.6);(115.14, 22.8);(115.14, 23.2);(115.14, 23.6)",True
59313,2006-06-09 20:00:00,1.4,SURF,True,EXTREME_TYPE1,40,9,9,"(116.36, 23.6);(116.36, 24.0);(116.77, 23.2);(116.77, 23.6);(116.77, 24.0);(117.18, 23.2);(117.18, 23.6);(117.18, 24.0);(117.59, 23.6)",True
59488,2006-06-09 21:00:00,24.5,SURF,True,EXTREME_TYPE1,175,11,11,"(113.09, 22.0);(113.09, 22.4);(113.09, 22.8);(113.5, 21.6);(113.5, 22.0);(113.5, 22.4);(113.5, 22.8);(113.91, 22.0);(113.91, 22.4);(113.91, 22.8);(114.32, 22.4)",True
59297,2006-06-12 11:00:00,2.8,SURF,True,EXTREME_TYPE1,107,10,10,"(113.5, 23.2);(113.91, 22.8);(113.91, 23.2);(113.91, 23.6);(114.32, 22.8);(114.32, 23.2);(114.32, 23.6);(114.73, 22.8);(114.73, 23.2);(114.73, 23.6)",True
59324,2006-06-12 11:00:00,5.3,SURF,True,EXTREME_TYPE1,40,10,10,"(116.36, 23.2);(116.36, 23.6);(116.77, 22.8);(116.77, 23.2);(116.77, 23.6);(116.77, 24.0);(117.18, 23.2);(117.18, 23.6);(117.18, 24.0);(117.59, 23.6)",True
59294,2006-06-12 12:00:00,3.7,SURF,True,EXTREME_TYPE1,251,11,11,"(113.09, 23.2);(113.5, 22.8);(113.5, 23.2);(113.5, 23.6);(113.91, 22.8);(113.91, 23.2);(113.91, 23.6);(113.91, 24.0);(114.32, 22.8);(114.32, 23.2);(114.32, 23.6)",True
59107,2006-06-12 13:00:00,5.6,SURF,True,EXTREME_TYPE1,67,12,12,"(114.73, 23.6);(114.73, 24.0);(114.73, 24.4);(115.14, 23.6);(115.14, 24.0);(115.14, 24.4);(115.14, 24.8);(115.55, 23.6);(115.55, 24.0);(115.55, 24.4);(115.95, 24.0);(115.95, 24.4)",True
59318,2006-06-12 13:00:00,10.8,SURF,True,EXTREME_TYPE1,168,12,12,"(115.95, 23.2);(115.95, 23.6);(116.36, 22.8);(116.36, 23.2);(116.36, 23.6);(116.36, 24.0);(116.77, 22.8);(116.77, 23.2);(116.77, 23.6);(116.77, 24.0);(117.18, 23.2);(117.18, 23.6)",True
59315,2006-06-12 22:00:00,4.0,SURF,True,EXTREME_TYPE1,170,10,10,"(115.95, 23.2);(115.95, 23.6);(115.95, 24.0);(116.36, 23.2);(116.36, 23.6);(116.36, 24.0);(116.77, 23.2);(116.77, 23.6);(116.77, 24.0);(117.18, 23.6)",True
59315,2006-06-13 07:00:00,9.1,SURF,True,EXTREME_TYPE1,169,10,10,"(115.95, 23.2);(115.95, 23.6);(115.95, 24.0);(116.36, 23.2);(116.36, 23.6);(116.36, 24.0);(116.77, 23.2);(116.77, 23.6);(116.77, 24.0);(117.18, 23.6)",True
59304,2006-06-15 06:00:00,26.7,SURF,True,EXTREME_TYPE1,76,9,9,"(114.73, 23.2);(114.73, 23.6);(114.73, 24.0);(115.14, 23.2);(115.14, 23.6);(115.14, 24.0);(115.55, 23.2);(115.55, 23.6);(115.55, 24.0)",True
59298,2006-06-19 13:00:00,10.5,SURF,True,EXTREME_TYPE1,110,11,11,"(113.91, 22.8);(113.91, 23.2);(113.91, 23.6);(114.32, 22.4);(114.32, 22.8);(114.32, 23.2);(114.32, 23.6);(114.73, 22.8);(114.73, 23.2);(114.73, 23.6);(115.14, 23.2)",True
G1936,2006-06-21 03:00:00,3.4,AWST,False,FALSE,375,11,0,,True
G1936,2006-06-21 11:00:00,17.2,AWST,False,FALSE,374,11,0,,True
G1936,2006-06-21 12:00:00,35.2,AWST,False,EXTREME_TYPE1,372,11,6,"(113.5, 22.8);(113.91, 22.4);(113.91, 22.8);(113.91, 23.2);(114.32, 22.8);(114.32, 23.2)",True
G1936,2006-06-21 15:00:00,288.0,AWST,False,FALSE,371,11,0,,True
G1936,2006-06-21 23:00:00,2.2,AWST,False,EXTREME_TYPE1,375,11,11,"(113.09, 22.8);(113.09, 23.2);(113.5, 22.8);(113.5, 23.2);(113.5, 23.6);(113.91, 22.4);(113.91, 22.8);(113.91, 23.2);(113.91, 23.6);(114.32, 22.8);(114.32, 23.2)",True
59485,2006-06-22 13:00:00,4.7,SURF,True,EXTREME_TYPE1,484,12,12,"(112.68, 22.4);(112.68, 22.8);(113.09, 22.0);(113.09, 22.4);(113.09, 22.8);(113.5, 22.0);(113.5, 22.4);(113.5, 22.8);(113.5, 23.2);(113.91, 22.0);(113.91, 22.4);(113.91, 22.8)",True
G1936,2006-06-22 21:00:00,57.1,AWST,False,FALSE,344,11,0,,True
G1936,2006-06-22 23:00:00,15.0,AWST,False,EXTREME_TYPE1,346,11,11,"(113.09, 22.8);(113.09, 23.2);(113.5, 22.8);(113.5, 23.2);(113.5, 23.6);(113.91, 22.4);(113.91, 22.8);(113.91, 23.2);(113.91, 23.6);(114.32, 22.8);(114.32, 23.2)",True
G1936,2006-06-23 00:00:00,29.8,AWST,False,EXTREME_TYPE1,346,11,11,"(113.09, 22.8);(113.09, 23.2);(113.5, 22.8);(113.5, 23.2);(113.5, 23.6);(113.91, 22.4);(113.91, 22.8);(113.91, 23.2);(113.91, 23.6);(114.32, 22.8);(114.32, 23.2)",True
G1936,2006-06-23 02:00:00,145.7,AWST,False,EXTREME_TYPE4,348,11,11,"(113.09, 22.8);(113.09, 23.2);(113.5, 22.8);(113.5, 23.2);(113.5, 23.6);(113.91, 22.4);(113.91, 22.8);(113.91, 23.2);(113.91, 23.6);(114.32, 22.8);(114.32, 23.2)",True
G1936,2006-06-23 05:00:00,20.5,AWST,False,FALSE,348,11,0,,True
G1936,2006-06-24 00:00:00,31.0,AWST,False,EXTREME_TYPE1,350,11,11,"(113.09, 22.8);(113.09, 23.2);(113.5, 22.8);(113.5, 23.2);(113.5, 23.6);(113.91, 22.4);(113.91, 22.8);(113.91, 23.2);(113.91, 23.6);(114.32, 22.8);(114.32, 23.2)",True
G1936,2006-06-24 03:00:00,2.9,AWST,False,FALSE,350,11,0,,True
G1936,2006-06-24 04:00:00,32.7,AWST,False,FALSE,350,11,0,,True
G1936,2006-06-24 06:00:00,9.0,AWST,False,FALSE,350,11,0,,True
G1936,2006-06-24 09:00:00,2.7,AWST,False,FALSE,350,11,0,,True
G1936,2006-06-24 10:00:00,9.7,AWST,False,FALSE,350,11,0,,True
G1936,2006-06-25 00:00:00,31.5,AWST,False,EXTREME_TYPE1,355,11,11,"(113.09, 22.8);(113.09, 23.2);(113.5, 22.8);(113.5, 23.2);(113.5, 23.6);(113.91, 22.4);(113.91, 22.8);(113.91, 23.2);(113.91, 23.6);(114.32, 22.8);(114.32, 23.2)",True
G1936,2006-06-26 00:00:00,30.1,AWST,False,EXTREME_TYPE1,354,11,11,"(113.09, 22.8);(113.09, 23.2);(113.5, 22.8);(113.5, 23.2);(113.5, 23.6);(113.91, 22.4);(113.91, 22.8);(113.91, 23.2);(113.91, 23.6);(114.32, 22.8);(114.32, 23.2)",True
G1936,2006-06-27 00:00:00,30.5,AWST,False,EXTREME_TYPE1,352,11,11,"(113.09, 22.8);(113.09, 23.2);(113.5, 22.8);(113.5, 23.2);(113.5, 23.6);(113.91, 22.4);(113.91, 22.8);(113.91, 23.2);(113.91, 23.6);(114.32, 22.8);(114.32, 23.2)",True
G1936,2006-06-28 00:00:00,27.1,AWST,False,EXTREME_TYPE1,393,11,11,"(113.09, 22.8);(113.09, 23.2);(113.5, 22.8);(113.5, 23.2);(113.5, 23.6);(113.91, 22.4);(113.91, 22.8);(113.91, 23.2);(113.91, 23.6);(114.32, 22.8);(114.32, 23.2)",True
59754,2006-06-29 10:00:00,50.4,SURF,True,EXTREME_TYPE1,85,5,5,"(109.82, 20.4);(109.82, 20.8);(110.23, 20.4);(110.23, 20.8);(110.64, 20.8)",True
G1936,2006-07-01 13:00:00,197.9,AWST,False,FALSE,389,11,0,,True
G1936,2006-07-01 15:00:00,2.9,AWST,False,EXTREME_TYPE1,390,11,11,"(113.09, 22.8);(113.09, 23.2);(113.5, 22.8);(113.5, 23.2);(113.5, 23.6);(113.91, 22.4);(113.91, 22.8);(113.91, 23.2);(113.91, 23.6);(114.32, 22.8);(114.32, 23.2)",True
G1936,2006-07-01 16:00:00,61.4,AWST,False,FALSE,390,11,0,,True
G1936,2006-07-01 18:00:00,14.7,AWST,False,EXTREME_TYPE1,389,11,10,"(113.09, 22.8);(113.09, 23.2);(113.5, 22.8);(113.5, 23.2);(113.5, 23.6);(113.91, 22.8);(113.91, 23.2);(113.91, 23.6);(114.32, 22.8);(114.32, 23.2)",True
G1936,2006-07-01 20:00:00,26.2,AWST,False,EXTREME_TYPE1,382,11,10,"(113.09, 22.8);(113.09, 23.2);(113.5, 22.8);(113.5, 23.2);(113.5, 23.6);(113.91, 22.8);(113.91, 23.2);(113.91, 23.6);(114.32, 22.8);(114.32, 23.2)",True
G1936,2006-07-02 06:00:00,77.8,AWST,False,FALSE,378,11,0,,True
G1936,2006-07-02 08:00:00,2.1,AWST,False,EXTREME_TYPE1,379,11,3,"(113.09, 22.8);(113.5, 22.8);(113.91, 22.4)",True
G1936,2006-07-02 12:00:00,37.9,AWST,False,EXTREME_TYPE3,388,11,8,"(113.5, 22.8);(113.5, 23.2);(113.91, 22.4);(113.91, 22.8);(113.91, 23.2);(113.91, 23.6);(114.32, 22.8);(114.32, 23.2)",True
59088,2006-07-04 13:00:00,21.4,SURF,True,EXTREME_TYPE1,185,12,12,"(112.68, 24.0);(112.68, 24.4);(113.09, 23.6);(113.09, 24.0);(113.09, 24.4);(113.09, 24.8);(113.5, 23.6);(113.5, 24.0);(113.5, 24.4);(113.5, 24.8);(113.91, 24.0);(113.91, 24.4)",True
59318,2006-07-08 13:00:00,10.3,SURF,True,EXTREME_TYPE1,170,12,9,"(115.95, 23.2);(115.95, 23.6);(116.36, 22.8);(116.36, 23.2);(116.36, 23.6);(116.36, 24.0);(116.77, 22.8);(116.77, 23.2);(116.77, 23.6)",True
59306,2006-07-11 12:00:00,31.3,SURF,True,EXTREME_TYPE2,280,12,3,"(115.95, 23.6);(116.36, 23.2);(116.36, 23.6)",True
59313,2006-07-13 20:00:00,31.6,SURF,True,EXTREME_TYPE1,40,9,9,"(116.36, 23.6);(116.36, 24.0);(116.77, 23.2);(116.77, 23.6);(116.77, 24.0);(117.18, 23.2);(117.18, 23.6);(117.18, 24.0);(117.59, 23.6)",True
59303,2006-07-14 17:00:00,28.2,SURF,True,EXTREME_TYPE1,229,10,9,"(115.14, 23.6);(115.55, 23.6);(115.55, 24.0);(115.55, 24.4);(115.95, 23.6);(115.95, 24.0);(115.95, 24.4);(116.36, 23.6);(116.36, 24.0)",True
59314,2006-07-15 01:00:00,65.5,SURF,True,EXTREME_TYPE1,245,12,11,"(115.55, 23.2);(115.55, 23.6);(115.95, 22.8);(115.95, 23.2);(115.95, 23.6);(116.36, 22.8);(116.36, 23.2);(116.36, 23.6);(116.36, 24.0);(116.77, 23.2);(116.77, 23.6)",True
59492,2006-07-15 02:00:00,62.9,SURF,True,EXTREME_TYPE1,65,11,11,"(114.32, 22.4);(114.32, 22.8);(114.32, 23.2);(114.32, 23.6);(114.73, 22.4);(114.73, 22.8);(114.73, 23.2);(114.73, 23.6);(115.14, 22.8);(115.14, 23.2);(115.14, 23.6)",True
59500,2006-07-15 02:00:00,54.7,SURF,True,EXTREME_TYPE1,190,12,11,"(114.73, 22.8);(114.73, 23.2);(115.14, 22.4);(115.14, 22.8);(115.14, 23.2);(115.14, 23.6);(115.55, 22.8);(115.55, 23.2);(115.55, 23.6);(115.95, 22.8);(115.95, 23.2)",True
57988,2006-07-15 04:00:00,16.9,SURF,True,EXTREME_TYPE1,44,11,11,"(112.68, 24.8);(112.68, 25.2);(113.09, 24.8);(113.09, 25.2);(113.09, 25.6);(113.5, 24.8);(113.5, 25.2);(113.5, 25.6);(113.91, 24.8);(113.91, 25.2);(113.91, 25.6)",True
59109,2006-07-15 05:00:00,46.1,SURF,True,EXTREME_TYPE1,75,12,9,"(115.14, 24.0);(115.14, 24.4);(115.55, 23.6);(115.55, 24.0);(115.55, 24.4);(115.95, 23.6);(115.95, 24.0);(115.95, 24.4);(116.36, 24.0)",True
59297,2006-07-15 10:00:00,75.8,SURF,True,EXTREME_TYPE1,111,10,10,"(113.5, 23.2);(113.91, 22.8);(113.91, 23.2);(113.91, 23.6);(114.32, 22.8);(114.32, 23.2);(114.32, 23.6);(114.73, 22.8);(114.73, 23.2);(114.73, 23.6)",True
59276,2006-07-15 11:00:00,59.1,SURF,True,EXTREME_TYPE1,580,10,10,"(112.27, 22.8);(112.27, 23.2);(112.27, 23.6);(112.68, 22.8);(112.68, 23.2);(112.68, 23.6);(112.68, 24.0);(113.09, 22.8);(113.09, 23.2);(113.09, 23.6)",True
59088,2006-07-15 12:00:00,50.8,SURF,True,EXTREME_TYPE1,175,12,12,"(112.68, 24.0);(112.68, 24.4);(113.09, 23.6);(113.09, 24.0);(113.09, 24.4);(113.09, 24.8);(113.5, 23.6);(113.5, 24.0);(113.5, 24.4);(113.5, 24.8);(113.91, 24.0);(113.91, 24.4)",True
59315,2006-07-16 03:00:00,12.8,SURF,True,EXTREME_TYPE1,170,10,10,"(115.95, 23.2);(115.95, 23.6);(115.95, 24.0);(116.36, 23.2);(116.36, 23.6);(116.36, 24.0);(116.77, 23.2);(116.77, 23.6);(116.77, 24.0);(117.18, 23.6)",True
59306,2006-07-16 04:00:00,53.4,SURF,True,EXTREME_TYPE1,280,12,12,"(115.14, 23.2);(115.14, 23.6);(115.55, 22.8);(115.55, 23.2);(115.55, 23.6);(115.55, 24.0);(115.95, 22.8);(115.95, 23.2);(115.95, 23.6);(115.95, 24.0);(116.36, 23.2);(116.36, 23.6)",True
59294,2006-07-16 07:00:00,1.7,SURF,True,EXTREME_TYPE1,278,11,11,"(113.09, 23.2);(113.5, 22.8);(113.5, 23.2);(113.5, 23.6);(113.91, 22.8);(113.91, 23.2);(113.91, 23.6);(113.91, 24.0);(114.32, 22.8);(114.32, 23.2);(114.32, 23.6)",True
59284,2006-07-16 12:00:00,1.1,SURF,True,EXTREME_TYPE1,549,12,12,"(112.68, 23.2);(112.68, 23.6);(113.09, 22.8);(113.09, 23.2);(113.09, 23.6);(113.09, 24.0);(113.5, 22.8);(113.5, 23.2);(113.5, 23.6);(113.5, 24.0);(113.91, 23.2);(113.91, 23.6)",True
59456,2006-07-16 17:00:00,8.1,SURF,True,EXTREME_TYPE1,148,10,10,"(110.23, 22.4);(110.64, 22.0);(110.64, 22.4);(110.64, 22.8);(111.05, 22.0);(111.05, 22.4);(111.05, 22.8);(111.45, 22.0);(111.45, 22.4);(111.45, 22.8)",True
59485,2006-07-16 18:00:00,22.7,SURF,True,EXTREME_TYPE1,545,12,12,"(112.68, 22.4);(112.68, 22.8);(113.09, 22.0);(113.09, 22.4);(113.09, 22.8);(113.5, 22.0);(113.5, 22.4);(113.5, 22.8);(113.5, 23.2);(113.91, 22.0);(113.91, 22.4);(113.91, 22.8)",True
59276,2006-07-16 20:00:00,50.6,SURF,True,EXTREME_TYPE1,575,10,9,"(112.27, 23.2);(112.27, 23.6);(112.68, 22.8);(112.68, 23.2);(112.68, 23.6);(112.68, 24.0);(113.09, 22.8);(113.09, 23.2);(113.09, 23.6)",True
59656,2006-07-16 20:00:00,1.1,SURF,True,EXTREME_TYPE1,90,11,10,"(110.23, 21.2);(110.23, 21.6);(110.64, 21.2);(110.64, 21.6);(110.64, 22.0);(111.05, 21.2);(111.05, 21.6);(111.05, 22.0);(111.45, 21.2);(111.45, 21.6)",True
59476,2006-07-17 00:00:00,33.4,SURF,True,EXTREME_TYPE1,669,11,10,"(112.27, 22.4);(112.68, 22.0);(112.68, 22.4);(112.68, 22.8);(113.09, 22.0);(113.09, 22.4);(113.09, 22.8);(113.09, 23.2);(113.5, 22.4);(113.5, 22.8)",True
59310,2006-07-17 01:00:00,37.6,SURF,True,EXTREME_TYPE1,220,12,11,"(115.55, 23.6);(115.55, 24.0);(115.95, 23.2);(115.95, 23.6);(115.95, 24.0);(116.36, 23.2);(116.36, 23.6);(116.36, 24.0);(116.36, 24.4);(116.77, 23.6);(116.77, 24.0)",True
59312,2006-07-17 21:00:00,21.8,SURF,True,EXTREME_TYPE1,130,10,10,"(115.95, 23.6);(116.36, 23.2);(116.36, 23.6);(116.36, 24.0);(116.77, 23.2);(116.77, 23.6);(116.77, 24.0);(117.18, 23.2);(117.18, 23.6);(117.18, 24.0)",True
59654,2006-07-18 15:00:00,54.4,SURF,True,EXTREME_TYPE1,135,10,5,"(109.82, 21.2);(109.82, 21.6);(110.23, 21.2);(110.23, 21.6);(110.64, 21.2)",True
59750,2006-07-18 17:00:00,64.3,SURF,True,EXTREME_TYPE1,130,11,9,"(109.82, 20.4);(109.82, 21.2);(109.82, 21.6);(110.23, 20.4);(110.23, 20.8);(110.23, 21.2);(110.23, 21.6);(110.64, 20.8);(110.64, 21.2)",True
59492,2006-07-25 22:00:00,55.0,SURF,True,EXTREME_TYPE1,61,11,11,"(114.32, 22.4);(114.32, 22.8);(114.32, 23.2);(114.32, 23.6);(114.73, 22.4);(114.73, 22.8);(114.73, 23.2);(114.73, 23.6);(115.14, 22.8);(115.14, 23.2);(115.14, 23.6)",True
59094,2006-07-26 05:00:00,7.6,SURF,True,EXTREME_TYPE1,45,12,12,"(113.5, 24.0);(113.5, 24.4);(113.5, 24.8);(113.91, 24.0);(113.91, 24.4);(113.91, 24.8);(114.32, 24.0);(114.32, 24.4);(114.32, 24.8);(114.73, 24.0);(114.73, 24.4);(114.73, 24.8)",True
59096,2006-07-26 10:00:00,25.6,SURF,True,EXTREME_TYPE1,25,12,12,"(113.91, 24.0);(113.91, 24.4);(113.91, 24.8);(114.32, 24.0);(114.32, 24.4);(114.32, 24.8);(114.73, 24.0);(114.73, 24.4);(114.73, 24.8);(115.14, 24.0);(115.14, 24.4);(115.14, 24.8)",True
59750,2006-07-26 12:00:00,6.4,SURF,True,EXTREME_TYPE1,134,11,6,"(109.82, 20.4);(109.82, 20.8);(109.82, 21.2);(110.23, 20.4);(110.23, 20.8);(110.64, 20.8)",True
59294,2006-07-26 17:00:00,1.9,SURF,True,EXTREME_TYPE1,289,11,11,"(113.09, 23.2);(113.5, 22.8);(113.5, 23.2);(113.5, 23.6);(113.91, 22.8);(113.91, 23.2);(113.91, 23.6);(113.91, 24.0);(114.32, 22.8);(114.32, 23.2);(114.32, 23.6)",True
59081,2006-07-27 02:00:00,5.1,SURF,True,EXTREME_TYPE1,85,12,12,"(112.68, 24.4);(112.68, 24.8);(112.68, 25.2);(113.09, 24.4);(113.09, 24.8);(113.09, 25.2);(113.5, 24.4);(113.5, 24.8);(113.5, 25.2);(113.91, 24.4);(113.91, 24.8);(113.91, 25.2)",True
59315,2006-07-27 02:00:00,66.9,SURF,True,EXTREME_TYPE1,170,10,9,"(115.95, 23.2);(115.95, 23.6);(115.95, 24.0);(116.36, 23.2);(116.36, 23.6);(116.36, 24.0);(116.77, 23.2);(116.77, 23.6);(116.77, 24.0)",True
59462,2006-07-27 15:00:00,12.2,SURF,True,EXTREME_TYPE1,205,11,11,"(111.05, 22.4);(111.05, 22.8);(111.05, 23.2);(111.45, 22.4);(111.45, 22.8);(111.45, 23.2);(111.86, 22.4);(111.86, 22.8);(111.86, 23.2);(112.27, 22.4);(112.27, 22.8)",True
59658,2006-07-28 07:00:00,34.0,SURF,True,EXTREME_TYPE1,100,10,10,"(109.82, 20.8);(109.82, 21.2);(109.82, 21.6);(110.23, 20.8);(110.23, 21.2);(110.23, 21.6);(110.64, 20.8);(110.64, 21.2);(110.64, 21.6);(111.05, 21.2)",True
59081,2006-08-02 02:00:00,2.6,SURF,True,EXTREME_TYPE1,86,12,12,"(112.68, 24.4);(112.68, 24.8);(112.68, 25.2);(113.09, 24.4);(113.09, 24.8);(113.09, 25.2);(113.5, 24.4);(113.5, 24.8);(113.5, 25.2);(113.91, 24.4);(113.91, 24.8);(113.91, 25.2)",True
59502,2006-08-02 17:00:00,55.9,SURF,True,EXTREME_TYPE1,249,12,5,"(115.14, 22.8);(115.14, 23.2);(115.55, 22.4);(115.55, 22.8);(115.55, 23.2)",True
59501,2006-08-03 05:00:00,52.6,SURF,True,EXTREME_TYPE1,190,12,5,"(114.73, 22.4);(114.73, 22.8);(114.73, 23.2);(115.14, 22.4);(115.14, 22.8)",True
59288,2006-08-03 19:00:00,19.4,SURF,True,EXTREME_TYPE1,606,10,10,"(112.27, 23.2);(112.68, 22.8);(112.68, 23.2);(112.68, 23.6);(113.09, 22.8);(113.09, 23.2);(113.09, 23.6);(113.5, 22.8);(113.5, 23.2);(113.5, 23.6)",True
59664,2006-08-03 21:00:00,73.3,SURF,True,EXTREME_TYPE1,35,10,8,"(110.23, 21.6);(110.64, 21.2);(110.64, 21.6);(110.64, 22.0);(111.05, 21.2);(111.05, 21.6);(111.05, 22.0);(111.45, 21.6)",True
59655,2006-08-03 23:00:00,50.5,SURF,True,EXTREME_TYPE1,50,10,10,"(110.23, 21.2);(110.23, 21.6);(110.23, 22.0);(110.64, 21.2);(110.64, 21.6);(110.64, 22.0);(110.64, 22.4);(111.05, 21.2);(111.05, 21.6);(111.05, 22.0)",True
59656,2006-08-04 07:00:00,6.8,SURF,True,EXTREME_TYPE1,35,11,11,"(110.23, 21.2);(110.23, 21.6);(110.64, 20.8);(110.64, 21.2);(110.64, 21.6);(110.64, 22.0);(111.05, 21.2);(111.05, 21.6);(111.05, 22.0);(111.45, 21.2);(111.45, 21.6)",True
59473,2006-08-04 08:00:00,44.6,SURF,True,EXTREME_TYPE1,745,10,10,"(112.27, 22.8);(112.68, 22.4);(112.68, 22.8);(112.68, 23.2);(113.09, 22.4);(113.09, 22.8);(113.09, 23.2);(113.5, 22.4);(113.5, 22.8);(113.5, 23.2)",True
59477,2006-08-04 10:00:00,23.5,SURF,True,EXTREME_TYPE1,395,10,10,"(111.86, 22.0);(111.86, 22.4);(111.86, 22.8);(112.27, 21.6);(112.27, 22.0);(112.27, 22.4);(112.27, 22.8);(112.68, 22.0);(112.68, 22.4);(112.68, 22.8)",True
59754,2006-08-04 12:00:00,30.2,SURF,True,EXTREME_TYPE1,95,5,5,"(109.82, 20.4);(109.82, 20.8);(110.23, 20.4);(110.23, 20.8);(110.64, 20.8)",True
59456,2006-08-05 02:00:00,40.4,SURF,True,EXTREME_TYPE3,110,10,6,"(110.64, 22.0);(110.64, 22.4);(111.05, 22.0);(111.05, 22.4);(111.45, 22.0);(111.45, 22.4)",True
59284,2006-08-08 22:00:00,17.7,SURF,True,EXTREME_TYPE1,527,12,12,"(112.68, 23.2);(112.68, 23.6);(113.09, 22.8);(113.09, 23.2);(113.09, 23.6);(113.09, 24.0);(113.5, 22.8);(113.5, 23.2);(113.5, 23.6);(113.5, 24.0);(113.91, 23.2);(113.91, 23.6)",True
59655,2006-08-09 17:00:00,97.3,SURF,True,EXTREME_TYPE1,50,10,9,"(110.23, 21.2);(110.23, 21.6);(110.23, 22.0);(110.64, 21.2);(110.64, 21.6);(110.64, 22.0);(111.05, 21.2);(111.05, 21.6);(111.05, 22.0)",True
59492,2006-08-10 01:00:00,3.6,SURF,True,EXTREME_TYPE1,61,11,11,"(114.32, 22.4);(114.32, 22.8);(114.32, 23.2);(114.32, 23.6);(114.73, 22.4);(114.73, 22.8);(114.73, 23.2);(114.73, 23.6);(115.14, 22.8);(115.14, 23.2);(115.14, 23.6)",True
59478,2006-08-10 08:00:00,33.7,SURF,True,EXTREME_TYPE1,434,12,12,"(112.27, 22.0);(112.27, 22.4);(112.68, 21.6);(112.68, 22.0);(112.68, 22.4);(112.68, 22.8);(113.09, 21.6);(113.09, 22.0);(113.09, 22.4);(113.09, 22.8);(113.5, 22.0);(113.5, 22.4)",True
59650,2006-08-11 19:00:00,12.0,SURF,True,EXTREME_TYPE1,59,11,11,"(109.82, 21.2);(109.82, 21.6);(109.82, 22.0);(110.23, 20.8);(110.23, 21.2);(110.23, 21.6);(110.23, 22.0);(110.64, 20.8);(110.64, 21.2);(110.64, 21.6);(110.64, 22.0)",True
59488,2006-08-19 02:00:00,30.6,SURF,True,EXTREME_TYPE1,232,11,11,"(113.09, 22.0);(113.09, 22.4);(113.09, 22.8);(113.5, 21.6);(113.5, 22.0);(113.5, 22.4);(113.5, 22.8);(113.91, 22.0);(113.91, 22.4);(113.91, 22.8);(114.32, 22.4)",True
59318,2006-08-23 06:00:00,12.8,SURF,True,EXTREME_TYPE1,180,12,12,"(115.95, 23.2);(115.95, 23.6);(116.36, 22.8);(116.36, 23.2);(116.36, 23.6);(116.36, 24.0);(116.77, 22.8);(116.77, 23.2);(116.77, 23.6);(116.77, 24.0);(117.18, 23.2);(117.18, 23.6)",True
59653,2006-08-24 20:00:00,84.7,SURF,True,EXTREME_TYPE1,66,11,2,"(111.05, 22.4);(111.45, 22.4)",True
59493,2006-08-25 01:00:00,6.2,SURF,True,EXTREME_TYPE1,227,13,13,"(113.5, 22.0);(113.5, 22.4);(113.5, 22.8);(113.91, 22.0);(113.91, 22.4);(113.91, 22.8);(113.91, 23.2);(114.32, 22.0);(114.32, 22.4);(114.32, 22.8);(114.32, 23.2);(114.73, 22.4);(114.73, 22.8)",True
59488,2006-08-25 12:00:00,1.2,SURF,True,EXTREME_TYPE1,245,11,11,"(113.09, 22.0);(113.09, 22.4);(113.09, 22.8);(113.5, 21.6);(113.5, 22.0);(113.5, 22.4);(113.5, 22.8);(113.91, 22.0);(113.91, 22.4);(113.91, 22.8);(114.32, 22.4)",True
59298,2006-08-26 01:00:00,14.2,SURF,True,EXTREME_TYPE1,130,11,11,"(113.91, 22.8);(113.91, 23.2);(113.91, 23.6);(114.32, 22.4);(114.32, 22.8);(114.32, 23.2);(114.32, 23.6);(114.73, 22.8);(114.73, 23.2);(114.73, 23.6);(115.14, 23.2)",True
59456,2006-08-26 03:00:00,6.8,SURF,True,EXTREME_TYPE1,101,10,5,"(110.64, 22.0);(111.05, 22.0);(111.45, 22.0);(111.45, 22.4);(111.45, 22.8)",True
59456,2006-08-28 15:00:00,21.3,SURF,True,EXTREME_TYPE1,105,10,5,"(111.05, 22.0);(111.05, 22.8);(111.45, 22.0);(111.45, 22.4);(111.45, 22.8)",True
59469,2006-08-28 15:00:00,93.1,SURF,True,EXTREME_TYPE2,90,11,2,"(112.27, 22.0);(112.27, 22.4)",True
59485,2006-09-03 13:00:00,57.6,SURF,True,EXTREME_TYPE1,769,12,7,"(112.68, 22.8);(113.09, 22.4);(113.09, 22.8);(113.5, 22.4);(113.5, 22.8);(113.5, 23.2);(113.91, 22.8)",True
57996,2006-09-05 06:00:00,57.1,SURF,True,EXTREME_TYPE1,25,10,9,"(113.91, 24.8);(113.91, 25.2);(113.91, 25.6);(114.32, 24.4);(114.32, 24.8);(114.32, 25.2);(114.32, 25.6);(114.73, 24.8);(114.73, 25.2)",True
59087,2006-09-05 21:00:00,39.2,SURF,True,EXTREME_TYPE1,175,10,10,"(113.09, 23.6);(113.09, 24.0);(113.09, 24.4);(113.5, 23.2);(113.5, 23.6);(113.5, 24.0);(113.5, 24.4);(113.91, 23.6);(113.91, 24.0);(113.91, 24.4)",True
59288,2006-09-05 23:00:00,50.4,SURF,True,EXTREME_TYPE1,680,10,10,"(112.27, 23.2);(112.68, 22.8);(112.68, 23.2);(112.68, 23.6);(113.09, 22.8);(113.09, 23.2);(113.09, 23.6);(113.5, 22.8);(113.5, 23.2);(113.5, 23.6)",True
59487,2006-09-08 14:00:00,51.1,SURF,True,EXTREME_TYPE1,475,12,12,"(112.68, 22.0);(112.68, 22.4);(113.09, 21.6);(113.09, 22.0);(113.09, 22.4);(113.09, 22.8);(113.5, 21.6);(113.5, 22.0);(113.5, 22.4);(113.5, 22.8);(113.91, 22.0);(113.91, 22.4)",True
59473,2006-09-08 21:00:00,58.1,SURF,True,EXTREME_TYPE1,919,10,8,"(112.27, 22.8);(112.68, 22.4);(112.68, 22.8);(112.68, 23.2);(113.09, 22.8);(113.09, 23.2);(113.5, 22.8);(113.5, 23.2)",True
59109,2006-09-09 07:00:00,12.2,SURF,True,EXTREME_TYPE1,109,12,12,"(115.14, 24.0);(115.14, 24.4);(115.55, 23.6);(115.55, 24.0);(115.55, 24.4);(115.55, 24.8);(115.95, 23.6);(115.95, 24.0);(115.95, 24.4);(115.95, 24.8);(116.36, 24.0);(116.36, 24.4)",True
59304,2006-09-09 15:00:00,20.8,SURF,True,EXTREME_TYPE1,81,9,9,"(114.73, 23.2);(114.73, 23.6);(114.73, 24.0);(115.14, 23.2);(115.14, 23.6);(115.14, 24.0);(115.55, 23.2);(115.55, 23.6);(115.55, 24.0)",True
59310,2006-09-09 19:00:00,53.4,SURF,True,EXTREME_TYPE1,203,12,8,"(115.55, 23.6);(115.55, 24.0);(115.95, 23.2);(115.95, 23.6);(115.95, 24.0);(116.36, 23.2);(116.36, 23.6);(116.36, 24.0)",True
59276,2006-09-12 17:00:00,4.4,SURF,True,EXTREME_TYPE1,545,10,10,"(112.27, 22.8);(112.27, 23.2);(112.27, 23.6);(112.68, 22.8);(112.68, 23.2);(112.68, 23.6);(112.68, 24.0);(113.09, 22.8);(113.09, 23.2);(113.09, 23.6)",True
59487,2006-09-13 09:00:00,3.0,SURF,True,EXTREME_TYPE1,480,12,12,"(112.68, 22.0);(112.68, 22.4);(113.09, 21.6);(113.09, 22.0);(113.09, 22.4);(113.09, 22.8);(113.5, 21.6);(113.5, 22.0);(113.5, 22.4);(113.5, 22.8);(113.91, 22.0);(113.91, 22.4)",True
59284,2006-09-14 06:00:00,6.4,SURF,True,EXTREME_TYPE1,525,12,12,"(112.68, 23.2);(112.68, 23.6);(113.09, 22.8);(113.09, 23.2);(113.09, 23.6);(113.09, 24.0);(113.5, 22.8);(113.5, 23.2);(113.5, 23.6);(113.5, 24.0);(113.91, 23.2);(113.91, 23.6)",True
59485,2006-09-14 13:00:00,37.8,SURF,True,EXTREME_TYPE1,765,12,9,"(112.68, 22.4);(112.68, 22.8);(113.09, 22.4);(113.09, 22.8);(113.5, 22.4);(113.5, 22.8);(113.5, 23.2);(113.91, 22.4);(113.91, 22.8)",True
59477,2006-10-09 19:00:00,82.0,SURF,True,FALSE,383,10,0,,True
59087,2006-10-16 07:00:00,58.6,SURF,True,EXTREME_TYPE1,190,10,9,"(113.09, 23.6);(113.09, 24.0);(113.5, 23.2);(113.5, 23.6);(113.5, 24.0);(113.5, 24.4);(113.91, 23.6);(113.91, 24.0);(113.91, 24.4)",True
59279,2006-10-16 11:00:00,88.2,SURF,True,EXTREME_TYPE1,640,12,12,"(112.27, 22.8);(112.27, 23.2);(112.27, 23.6);(112.68, 22.8);(112.68, 23.2);(112.68, 23.6);(113.09, 22.8);(113.09, 23.2);(113.09, 23.6);(113.5, 22.8);(113.5, 23.2);(113.5, 23.6)",True
59750,2006-11-09 00:00:00,1.2,SURF,True,EXTREME_TYPE1,100,11,8,"(109.82, 20.4);(109.82, 20.8);(109.82, 21.2);(110.23, 20.4);(110.23, 20.8);(110.23, 21.2);(110.64, 20.8);(110.64, 21.2)",True
59750,2006-11-16 07:00:00,53.6,SURF,True,EXTREME_TYPE1,100,11,8,"(109.82, 20.4);(109.82, 20.8);(109.82, 21.2);(110.23, 20.4);(110.23, 20.8);(110.23, 21.2);(110.64, 20.8);(110.64, 21.2)",True
59288,2006-11-18 20:00:00,55.1,SURF,True,EXTREME_TYPE1,662,10,10,"(112.27, 23.2);(112.68, 22.8);(112.68, 23.2);(112.68, 23.6);(113.09, 22.8);(113.09, 23.2);(113.09, 23.6);(113.5, 22.8);(113.5, 23.2);(113.5, 23.6)",True
59088,2006-11-21 13:00:00,8.4,SURF,True,EXTREME_TYPE1,194,12,12,"(112.68, 24.0);(112.68, 24.4);(113.09, 23.6);(113.09, 24.0);(113.09, 24.4);(113.09, 24.8);(113.5, 23.6);(113.5, 24.0);(113.5, 24.4);(113.5, 24.8);(113.91, 24.0);(113.91, 24.4)",True
59493,2006-11-21 19:00:00,20.6,SURF,True,EXTREME_TYPE1,303,13,13,"(113.5, 22.0);(113.5, 22.4);(113.5, 22.8);(113.91, 22.0);(113.91, 22.4);(113.91, 22.8);(113.91, 23.2);(114.32, 22.0);(114.32, 22.4);(114.32, 22.8);(114.32, 23.2);(114.73, 22.4);(114.73, 22.8)",True
59493,2006-11-22 01:00:00,7.7,SURF,True,EXTREME_TYPE1,302,13,13,"(113.5, 22.0);(113.5, 22.4);(113.5, 22.8);(113.91, 22.0);(113.91, 22.4);(113.91, 22.8);(113.91, 23.2);(114.32, 22.0);(114.32, 22.4);(114.32, 22.8);(114.32, 23.2);(114.73, 22.4);(114.73, 22.8)",True
59659,2006-12-14 06:00:00,1.2,SURF,True,EXTREME_TYPE1,125,12,12,"(110.23, 21.6);(110.23, 22.0);(110.64, 21.2);(110.64, 21.6);(110.64, 22.0);(110.64, 22.4);(111.05, 21.2);(111.05, 21.6);(111.05, 22.0);(111.05, 22.4);(111.45, 21.6);(111.45, 22.0)",True
59324,2007-01-17 14:00:00,2.4,SURF,True,EXTREME_TYPE1,55,10,10,"(116.36, 23.2);(116.36, 23.6);(116.77, 22.8);(116.77, 23.2);(116.77, 23.6);(116.77, 24.0);(117.18, 23.2);(117.18, 23.6);(117.18, 24.0);(117.59, 23.6)",True
59313,2007-01-17 18:00:00,5.9,SURF,True,EXTREME_TYPE1,55,9,9,"(116.36, 23.6);(116.36, 24.0);(116.77, 23.2);(116.77, 23.6);(116.77, 24.0);(117.18, 23.2);(117.18, 23.6);(117.18, 24.0);(117.59, 23.6)",True
59116,2007-01-21 10:00:00,5.4,SURF,True,EXTREME_TYPE1,50,9,8,"(115.95, 24.4);(116.36, 24.0);(116.36, 24.4);(116.36, 24.8);(116.77, 24.0);(116.77, 24.4);(116.77, 24.8);(117.18, 24.4)",True
59074,2007-02-16 06:00:00,8.4,SURF,True,EXTREME_TYPE1,170,9,9,"(111.86, 24.0);(111.86, 24.4);(111.86, 24.8);(112.27, 24.0);(112.27, 24.4);(112.27, 24.8);(112.27, 25.2);(112.68, 24.4);(112.68, 24.8)",True
G2173,2007-02-25 00:00:00,167.8,AWST,False,FALSE,1185,11,0,,True
G2173,2007-02-25 06:00:00,463.9,AWST,False,FALSE,1184,11,0,,True
G2173,2007-02-25 07:00:00,721.7,AWST,False,FALSE,1185,11,0,,True
G2173,2007-02-25 08:00:00,188.0,AWST,False,FALSE,1185,11,0,,True
G2173,2007-02-26 10:00:00,19.7,AWST,False,FALSE,1185,11,0,,True
G2173,2007-02-26 16:00:00,22.2,AWST,False,FALSE,1181,11,0,,True
G2173,2007-02-26 18:00:00,531.0,AWST,False,FALSE,1180,11,0,,True
G2173,2007-02-26 19:00:00,72.6,AWST,False,FALSE,1178,11,0,,True
G2173,2007-02-26 22:00:00,742.1,AWST,False,FALSE,1175,11,0,,True
G2173,2007-02-26 23:00:00,744.4,AWST,False,FALSE,1174,11,0,,True
G2173,2007-02-27 02:00:00,412.0,AWST,False,FALSE,1172,11,0,,True
G2173,2007-02-27 11:00:00,231.7,AWST,False,FALSE,1171,11,0,,True
G2173,2007-02-27 12:00:00,115.4,AWST,False,FALSE,1172,11,0,,True
G1741,2007-03-16 06:00:00,131.3,AWST,False,FALSE,225,11,0,,True
G1741,2007-03-16 07:00:00,74.6,AWST,False,FALSE,224,11,0,,True
G1741,2007-03-16 10:00:00,2.1,AWST,False,EXTREME_TYPE1,223,11,11,"(113.5, 22.8);(113.5, 23.2);(113.91, 22.8);(113.91, 23.2);(113.91, 23.6);(114.32, 22.8);(114.32, 23.2);(114.32, 23.6);(114.73, 22.8);(114.73, 23.2);(114.73, 23.6)",True
G1741,2007-03-17 01:00:00,168.6,AWST,False,FALSE,195,11,0,,True
G1741,2007-03-17 03:00:00,450.3,AWST,False,FALSE,195,11,0,,True
G1741,2007-03-17 07:00:00,21.5,AWST,False,EXTREME_TYPE5,195,11,8,"(113.5, 22.8);(113.5, 23.2);(113.91, 22.8);(113.91, 23.2);(113.91, 23.6);(114.32, 22.8);(114.32, 23.2);(114.32, 23.6)",True
G1741,2007-03-17 13:00:00,10.2,AWST,False,EXTREME_TYPE5,195,11,4,"(113.5, 22.8);(113.5, 23.2);(113.91, 22.8);(113.91, 23.2)",True
G1741,2007-03-17 14:00:00,232.3,AWST,False,FALSE,195,11,0,,True
59290,2007-03-27 10:00:00,9.0,SURF,True,EXTREME_TYPE1,171,11,11,"(113.5, 23.6);(113.91, 23.2);(113.91, 23.6);(113.91, 24.0);(113.91, 24.4);(114.32, 23.2);(114.32, 23.6);(114.32, 24.0);(114.32, 24.4);(114.73, 23.6);(114.73, 24.0)",True
59297,2007-04-02 11:00:00,29.4,SURF,True,EXTREME_TYPE1,226,10,10,"(113.5, 23.2);(113.91, 22.8);(113.91, 23.2);(113.91, 23.6);(114.32, 22.8);(114.32, 23.2);(114.32, 23.6);(114.73, 22.8);(114.73, 23.2);(114.73, 23.6)",True
59306,2007-04-02 13:00:00,57.4,SURF,True,EXTREME_TYPE1,314,12,12,"(115.14, 23.2);(115.14, 23.6);(115.55, 22.8);(115.55, 23.2);(115.55, 23.6);(115.55, 24.0);(115.95, 22.8);(115.95, 23.2);(115.95, 23.6);(115.95, 24.0);(116.36, 23.2);(116.36, 23.6)",True
59502,2007-04-02 14:00:00,3.4,SURF,True,EXTREME_TYPE1,275,12,12,"(115.14, 22.8);(115.14, 23.2);(115.55, 22.4);(115.55, 22.8);(115.55, 23.2);(115.55, 23.6);(115.95, 22.4);(115.95, 22.8);(115.95, 23.2);(115.95, 23.6);(116.36, 22.8);(116.36, 23.2)",True
59298,2007-04-17 20:00:00,35.0,SURF,True,EXTREME_TYPE1,235,11,11,"(113.91, 22.8);(113.91, 23.2);(113.91, 23.6);(114.32, 22.4);(114.32, 22.8);(114.32, 23.2);(114.32, 23.6);(114.73, 22.8);(114.73, 23.2);(114.73, 23.6);(115.14, 23.2)",True
59316,2007-04-23 11:00:00,2.5,SURF,True,EXTREME_TYPE1,185,12,12,"(115.95, 23.2);(115.95, 23.6);(116.36, 22.8);(116.36, 23.2);(116.36, 23.6);(116.36, 24.0);(116.77, 22.8);(116.77, 23.2);(116.77, 23.6);(116.77, 24.0);(117.18, 23.2);(117.18, 23.6)",True
59475,2007-04-24 11:00:00,60.0,SURF,True,EXTREME_TYPE1,1181,9,9,"(112.27, 22.0);(112.27, 22.4);(112.27, 22.8);(112.68, 22.0);(112.68, 22.4);(112.68, 22.8);(113.09, 22.0);(113.09, 22.4);(113.09, 22.8)",True
59270,2007-04-28 03:00:00,3.8,SURF,True,EXTREME_TYPE1,205,10,10,"(111.45, 24.0);(111.86, 23.6);(111.86, 24.0);(111.86, 24.4);(112.27, 23.6);(112.27, 24.0);(112.27, 24.4);(112.68, 23.6);(112.68, 24.0);(112.68, 24.4)",True
59658,2007-04-29 18:00:00,52.8,SURF,True,EXTREME_TYPE1,100,10,10,"(109.82, 20.8);(109.82, 21.2);(109.82, 21.6);(110.23, 20.8);(110.23, 21.2);(110.23, 21.6);(110.64, 20.8);(110.64, 21.2);(110.64, 21.6);(111.05, 21.2)",True
59754,2007-04-29 18:00:00,63.6,SURF,True,EXTREME_TYPE1,95,5,5,"(109.82, 20.4);(109.82, 20.8);(110.23, 20.4);(110.23, 20.8);(110.64, 20.8)",True
59287,2007-04-30 05:00:00,11.2,SURF,True,EXTREME_TYPE1,715,9,9,"(113.09, 22.8);(113.09, 23.2);(113.09, 23.6);(113.5, 22.8);(113.5, 23.2);(113.5, 23.6);(113.91, 22.8);(113.91, 23.2);(113.91, 23.6)",True
59653,2007-05-04 15:00:00,34.9,SURF,True,EXTREME_TYPE1,200,11,11,"(110.23, 21.6);(110.23, 22.0);(110.64, 21.6);(110.64, 22.0);(110.64, 22.4);(111.05, 21.6);(111.05, 22.0);(111.05, 22.4);(111.45, 21.6);(111.45, 22.0);(111.45, 22.4)",True
59659,2007-05-04 16:00:00,30.7,SURF,True,EXTREME_TYPE1,210,12,12,"(110.23, 21.6);(110.23, 22.0);(110.64, 21.2);(110.64, 21.6);(110.64, 22.0);(110.64, 22.4);(111.05, 21.2);(111.05, 21.6);(111.05, 22.0);(111.05, 22.4);(111.45, 21.6);(111.45, 22.0)",True
59500,2007-05-05 10:00:00,23.1,SURF,True,EXTREME_TYPE1,255,12,12,"(114.73, 22.8);(114.73, 23.2);(115.14, 22.4);(115.14, 22.8);(115.14, 23.2);(115.14, 23.6);(115.55, 22.4);(115.55, 22.8);(115.55, 23.2);(115.55, 23.6);(115.95, 22.8);(115.95, 23.2)",True
59297,2007-05-16 20:00:00,7.4,SURF,True,EXTREME_TYPE1,230,10,10,"(113.5, 23.2);(113.91, 22.8);(113.91, 23.2);(113.91, 23.6);(114.32, 22.8);(114.32, 23.2);(114.32, 23.6);(114.73, 22.8);(114.73, 23.2);(114.73, 23.6)",True
59493,2007-05-18 18:00:00,31.1,SURF,True,EXTREME_TYPE1,329,13,13,"(113.5, 22.0);(113.5, 22.4);(113.5, 22.8);(113.91, 22.0);(113.91, 22.4);(113.91, 22.8);(113.91, 23.2);(114.32, 22.0);(114.32, 22.4);(114.32, 22.8);(114.32, 23.2);(114.73, 22.4);(114.73, 22.8)",True
59293,2007-05-20 04:00:00,6.5,SURF,True,EXTREME_TYPE1,153,11,11,"(114.32, 23.2);(114.32, 23.6);(114.32, 24.0);(114.73, 23.2);(114.73, 23.6);(114.73, 24.0);(114.73, 24.4);(115.14, 23.2);(115.14, 23.6);(115.14, 24.0);(115.14, 24.4)",True
59481,2007-05-20 04:00:00,13.7,SURF,True,EXTREME_TYPE1,1150,12,12,"(112.68, 22.8);(112.68, 23.2);(113.09, 22.4);(113.09, 22.8);(113.09, 23.2);(113.09, 23.6);(113.5, 22.4);(113.5, 22.8);(113.5, 23.2);(113.5, 23.6);(113.91, 22.8);(113.91, 23.2)",True
59664,2007-05-20 07:00:00,71.7,SURF,True,EXTREME_TYPE1,201,10,10,"(110.23, 21.6);(110.64, 21.2);(110.64, 21.6);(110.64, 22.0);(111.05, 21.2);(111.05, 21.6);(111.05, 22.0);(111.45, 21.2);(111.45, 21.6);(111.45, 22.0)",True
59673,2007-05-20 10:00:00,52.9,SURF,True,EXTREME_TYPE1,65,8,8,"(112.27, 21.6);(112.27, 22.0);(112.68, 21.6);(112.68, 22.0);(112.68, 22.4);(113.09, 21.6);(113.09, 22.0);(113.5, 21.6)",True
59087,2007-05-26 04:00:00,88.2,SURF,True,EXTREME_TYPE1,215,10,9,"(113.09, 23.6);(113.09, 24.0);(113.5, 23.2);(113.5, 23.6);(113.5, 24.0);(113.5, 24.4);(113.91, 23.6);(113.91, 24.0);(113.91, 24.4)",True
59285,2007-05-26 05:00:00,54.9,SURF,True,EXTREME_TYPE1,435,10,10,"(113.09, 23.2);(113.09, 23.6);(113.09, 24.0);(113.5, 23.2);(113.5, 23.6);(113.5, 24.0);(113.91, 23.2);(113.91, 23.6);(113.91, 24.0);(114.32, 23.6)",True
59294,2007-05-26 16:00:00,8.0,SURF,True,EXTREME_TYPE1,439,11,11,"(113.09, 23.2);(113.5, 22.8);(113.5, 23.2);(113.5, 23.6);(113.91, 22.8);(113.91, 23.2);(113.91, 23.6);(113.91, 24.0);(114.32, 22.8);(114.32, 23.2);(114.32, 23.6)",True
59456,2007-05-26 16:00:00,41.7,SURF,True,EXTREME_TYPE1,167,10,10,"(110.23, 22.4);(110.64, 22.0);(110.64, 22.4);(110.64, 22.8);(111.05, 22.0);(111.05, 22.4);(111.05, 22.8);(111.45, 22.0);(111.45, 22.4);(111.45, 22.8)",True
59476,2007-05-27 15:00:00,50.9,SURF,True,EXTREME_TYPE1,1390,11,11,"(112.27, 22.4);(112.68, 22.0);(112.68, 22.4);(112.68, 22.8);(113.09, 22.0);(113.09, 22.4);(113.09, 22.8);(113.09, 23.2);(113.5, 22.0);(113.5, 22.4);(113.5, 22.8)",True
59315,2007-05-28 16:00:00,7.1,SURF,True,EXTREME_TYPE1,180,10,10,"(115.95, 23.2);(115.95, 23.6);(115.95, 24.0);(116.36, 23.2);(116.36, 23.6);(116.36, 24.0);(116.77, 23.2);(116.77, 23.6);(116.77, 24.0);(117.18, 23.6)",True
59650,2007-05-28 23:00:00,70.5,SURF,True,EXTREME_TYPE1,150,11,11,"(109.82, 21.2);(109.82, 21.6);(109.82, 22.0);(110.23, 20.8);(110.23, 21.2);(110.23, 21.6);(110.23, 22.0);(110.64, 20.8);(110.64, 21.2);(110.64, 21.6);(110.64, 22.0)",True
59269,2007-06-03 16:00:00,41.5,SURF,True,EXTREME_TYPE1,245,9,9,"(111.45, 22.8);(111.45, 23.2);(111.45, 23.6);(111.86, 22.8);(111.86, 23.2);(111.86, 23.6);(112.27, 22.8);(112.27, 23.2);(112.27, 23.6)",True
59114,2007-06-03 21:00:00,64.8,SURF,True,EXTREME_TYPE1,40,10,7,"(115.55, 24.4);(115.55, 24.8);(115.95, 24.0);(115.95, 24.4);(115.95, 24.8);(116.36, 24.4);(116.36, 24.8)",True
59097,2007-06-08 02:00:00,16.5,SURF,True,EXTREME_TYPE1,160,10,10,"(113.5, 24.0);(113.91, 23.6);(113.91, 24.0);(113.91, 24.4);(114.32, 23.6);(114.32, 24.0);(114.32, 24.4);(114.73, 23.6);(114.73, 24.0);(114.73, 24.4)",True
59109,2007-06-09 05:00:00,21.4,SURF,True,EXTREME_TYPE1,125,12,12,"(115.14, 24.0);(115.14, 24.4);(115.55, 23.6);(115.55, 24.0);(115.55, 24.4);(115.55, 24.8);(115.95, 23.6);(115.95, 24.0);(115.95, 24.4);(115.95, 24.8);(116.36, 24.0);(116.36, 24.4)",True
59456,2007-06-09 15:00:00,24.5,SURF,True,EXTREME_TYPE1,175,10,9,"(110.64, 22.0);(110.64, 22.4);(110.64, 22.8);(111.05, 22.0);(111.05, 22.4);(111.05, 22.8);(111.45, 22.0);(111.45, 22.4);(111.45, 22.8)",True
59087,2007-06-09 22:00:00,67.8,SURF,True,EXTREME_TYPE1,210,10,10,"(113.09, 23.6);(113.09, 24.0);(113.09, 24.4);(113.5, 23.2);(113.5, 23.6);(113.5, 24.0);(113.5, 24.4);(113.91, 23.6);(113.91, 24.0);(113.91, 24.4)",True
59294,2007-06-10 01:00:00,59.1,SURF,True,EXTREME_TYPE1,339,11,11,"(113.09, 23.2);(113.5, 22.8);(113.5, 23.2);(113.5, 23.6);(113.91, 22.8);(113.91, 23.2);(113.91, 23.6);(113.91, 24.0);(114.32, 22.8);(114.32, 23.2);(114.32, 23.6)",True
59456,2007-06-10 05:00:00,30.3,SURF,True,EXTREME_TYPE1,175,10,10,"(110.23, 22.4);(110.64, 22.0);(110.64, 22.4);(110.64, 22.8);(111.05, 22.0);(111.05, 22.4);(111.05, 22.8);(111.45, 22.0);(111.45, 22.4);(111.45, 22.8)",True
59289,2007-06-11 22:00:00,65.7,SURF,True,EXTREME_TYPE1,405,12,12,"(113.09, 22.8);(113.09, 23.2);(113.5, 22.4);(113.5, 22.8);(113.5, 23.2);(113.5, 23.6);(113.91, 22.4);(113.91, 22.8);(113.91, 23.2);(113.91, 23.6);(114.32, 22.8);(114.32, 23.2)",True
59280,2007-06-12 08:00:00,62.2,SURF,True,EXTREME_TYPE1,351,10,9,"(112.68, 23.2);(112.68, 23.6);(112.68, 24.0);(113.09, 23.2);(113.09, 23.6);(113.09, 24.0);(113.5, 23.2);(113.5, 23.6);(113.5, 24.0)",True
59288,2007-06-12 15:00:00,73.7,SURF,True,EXTREME_TYPE1,750,10,8,"(112.68, 22.8);(112.68, 23.2);(113.09, 22.8);(113.09, 23.2);(113.09, 23.6);(113.5, 22.8);(113.5, 23.2);(113.5, 23.6)",True
59502,2007-06-13 07:00:00,21.3,SURF,True,EXTREME_TYPE1,250,12,12,"(115.14, 22.8);(115.14, 23.2);(115.55, 22.4);(115.55, 22.8);(115.55, 23.2);(115.55, 23.6);(115.95, 22.4);(115.95, 22.8);(115.95, 23.2);(115.95, 23.6);(116.36, 22.8);(116.36, 23.2)",True
59317,2007-06-13 08:00:00,28.5,SURF,True,EXTREME_TYPE1,210,9,9,"(115.95, 22.4);(115.95, 22.8);(115.95, 23.2);(115.95, 23.6);(116.36, 22.8);(116.36, 23.2);(116.36, 23.6);(116.77, 22.8);(116.77, 23.2)",True
59656,2007-06-15 18:00:00,2.5,SURF,True,EXTREME_TYPE1,155,11,11,"(110.23, 21.2);(110.23, 21.6);(110.64, 20.8);(110.64, 21.2);(110.64, 21.6);(110.64, 22.0);(111.05, 21.2);(111.05, 21.6);(111.05, 22.0);(111.45, 21.2);(111.45, 21.6)",True
59304,2007-06-16 23:00:00,20.6,SURF,True,EXTREME_TYPE1,233,9,9,"(114.73, 23.2);(114.73, 23.6);(114.73, 24.0);(115.14, 23.2);(115.14, 23.6);(115.14, 24.0);(115.55, 23.2);(115.55, 23.6);(115.55, 24.0)",True
59663,2007-06-17 07:00:00,38.7,SURF,True,EXTREME_TYPE1,256,11,11,"(111.45, 21.6);(111.45, 22.0);(111.86, 21.2);(111.86, 21.6);(111.86, 22.0);(111.86, 22.4);(112.27, 21.6);(112.27, 22.0);(112.27, 22.4);(112.68, 21.6);(112.68, 22.0)",True
59109,2007-06-17 14:00:00,32.4,SURF,True,EXTREME_TYPE1,121,12,12,"(115.14, 24.0);(115.14, 24.4);(115.55, 23.6);(115.55, 24.0);(115.55, 24.4);(115.55, 24.8);(115.95, 23.6);(115.95, 24.0);(115.95, 24.4);(115.95, 24.8);(116.36, 24.0);(116.36, 24.4)",True
59501,2007-06-27 11:00:00,28.5,SURF,True,EXTREME_TYPE1,245,12,6,"(114.73, 22.4);(114.73, 22.8);(114.73, 23.2);(115.14, 22.8);(115.55, 23.2);(115.95, 23.2)",True
59462,2007-06-27 17:00:00,58.6,SURF,True,EXTREME_TYPE1,285,11,7,"(111.45, 22.8);(111.45, 23.2);(111.86, 22.4);(111.86, 22.8);(111.86, 23.2);(112.27, 22.4);(112.27, 22.8)",True
59462,2007-06-27 18:00:00,11.3,SURF,True,EXTREME_TYPE1,285,11,11,"(111.05, 22.4);(111.05, 22.8);(111.05, 23.2);(111.45, 22.4);(111.45, 22.8);(111.45, 23.2);(111.86, 22.4);(111.86, 22.8);(111.86, 23.2);(112.27, 22.4);(112.27, 22.8)",True
59488,2007-06-27 22:00:00,21.3,SURF,True,EXTREME_TYPE1,180,11,11,"(113.09, 22.0);(113.09, 22.4);(113.09, 22.8);(113.5, 21.6);(113.5, 22.0);(113.5, 22.4);(113.5, 22.8);(113.91, 22.0);(113.91, 22.4);(113.91, 22.8);(114.32, 22.4)",True
59502,2007-06-28 01:00:00,50.9,SURF,True,EXTREME_TYPE1,250,12,12,"(115.14, 22.8);(115.14, 23.2);(115.55, 22.4);(115.55, 22.8);(115.55, 23.2);(115.55, 23.6);(115.95, 22.4);(115.95, 22.8);(115.95, 23.2);(115.95, 23.6);(116.36, 22.8);(116.36, 23.2)",True
59485,2007-06-29 19:00:00,6.7,SURF,True,EXTREME_TYPE1,876,12,12,"(112.68, 22.4);(112.68, 22.8);(113.09, 22.0);(113.09, 22.4);(113.09, 22.8);(113.5, 22.0);(113.5, 22.4);(113.5, 22.8);(113.5, 23.2);(113.91, 22.0);(113.91, 22.4);(113.91, 22.8)",True
59294,2007-06-29 22:00:00,10.8,SURF,True,EXTREME_TYPE1,350,11,11,"(113.09, 23.2);(113.5, 22.8);(113.5, 23.2);(113.5, 23.6);(113.91, 22.8);(113.91, 23.2);(113.91, 23.6);(113.91, 24.0);(114.32, 22.8);(114.32, 23.2);(114.32, 23.6)",True
59276,2007-06-30 18:00:00,23.6,SURF,True,EXTREME_TYPE1,678,10,10,"(112.27, 22.8);(112.27, 23.2);(112.27, 23.6);(112.68, 22.8);(112.68, 23.2);(112.68, 23.6);(112.68, 24.0);(113.09, 22.8);(113.09, 23.2);(113.09, 23.6)",True
59673,2007-07-01 06:00:00,53.7,SURF,True,EXTREME_TYPE1,65,8,7,"(112.27, 21.6);(112.27, 22.0);(112.68, 21.6);(112.68, 22.0);(112.68, 22.4);(113.09, 21.6);(113.09, 22.0)",True
59655,2007-07-31 12:00:00,58.3,SURF,True,EXTREME_TYPE3,197,10,2,"(111.05, 21.6);(111.05, 22.0)",True
59485,2007-08-01 14:00:00,4.3,SURF,True,EXTREME_TYPE1,1337,12,12,"(112.68, 22.4);(112.68, 22.8);(113.09, 22.0);(113.09, 22.4);(113.09, 22.8);(113.5, 22.0);(113.5, 22.4);(113.5, 22.8);(113.5, 23.2);(113.91, 22.0);(113.91, 22.4);(113.91, 22.8)",True
59754,2007-08-01 15:00:00,55.4,SURF,True,EXTREME_TYPE1,95,5,2,"(110.23, 20.8);(110.64, 20.8)",True
59268,2007-08-08 20:00:00,51.2,SURF,True,EXTREME_TYPE1,260,9,9,"(111.05, 22.8);(111.05, 23.2);(111.45, 22.8);(111.45, 23.2);(111.45, 23.6);(111.86, 22.8);(111.86, 23.2);(111.86, 23.6);(112.27, 23.2)",True
59324,2007-08-09 08:00:00,56.3,SURF,True,EXTREME_TYPE1,50,10,10,"(116.36, 23.2);(116.36, 23.6);(116.77, 22.8);(116.77, 23.2);(116.77, 23.6);(116.77, 24.0);(117.18, 23.2);(117.18, 23.6);(117.18, 24.0);(117.59, 23.6)",True
59316,2007-08-09 12:00:00,50.7,SURF,True,EXTREME_TYPE1,175,12,12,"(115.95, 23.2);(115.95, 23.6);(116.36, 22.8);(116.36, 23.2);(116.36, 23.6);(116.36, 24.0);(116.77, 22.8);(116.77, 23.2);(116.77, 23.6);(116.77, 24.0);(117.18, 23.2);(117.18, 23.6)",True
59500,2007-08-10 01:00:00,12.0,SURF,True,EXTREME_TYPE1,215,12,12,"(114.73, 22.8);(114.73, 23.2);(115.14, 22.4);(115.14, 22.8);(115.14, 23.2);(115.14, 23.6);(115.55, 22.4);(115.55, 22.8);(115.55, 23.2);(115.55, 23.6);(115.95, 22.8);(115.95, 23.2)",True
59501,2007-08-10 17:00:00,1.0,SURF,True,EXTREME_TYPE1,215,12,12,"(114.73, 22.4);(114.73, 22.8);(114.73, 23.2);(115.14, 22.4);(115.14, 22.8);(115.14, 23.2);(115.55, 22.4);(115.55, 22.8);(115.55, 23.2);(115.95, 22.4);(115.95, 22.8);(115.95, 23.2)",True
59656,2007-08-11 08:00:00,1.2,SURF,True,EXTREME_TYPE1,150,11,11,"(110.23, 21.2);(110.23, 21.6);(110.64, 20.8);(110.64, 21.2);(110.64, 21.6);(110.64, 22.0);(111.05, 21.2);(111.05, 21.6);(111.05, 22.0);(111.45, 21.2);(111.45, 21.6)",True
59318,2007-08-11 18:00:00,3.1,SURF,True,EXTREME_TYPE1,175,12,12,"(115.95, 23.2);(115.95, 23.6);(116.36, 22.8);(116.36, 23.2);(116.36, 23.6);(116.36, 24.0);(116.77, 22.8);(116.77, 23.2);(116.77, 23.6);(116.77, 24.0);(117.18, 23.2);(117.18, 23.6)",True
59297,2007-08-11 22:00:00,37.3,SURF,True,EXTREME_TYPE1,225,10,10,"(113.5, 23.2);(113.91, 22.8);(113.91, 23.2);(113.91, 23.6);(114.32, 22.8);(114.32, 23.2);(114.32, 23.6);(114.73, 22.8);(114.73, 23.2);(114.73, 23.6)",True
59298,2007-08-12 08:00:00,24.5,SURF,True,EXTREME_TYPE1,201,11,11,"(113.91, 22.8);(113.91, 23.2);(113.91, 23.6);(114.32, 22.4);(114.32, 22.8);(114.32, 23.2);(114.32, 23.6);(114.73, 22.8);(114.73, 23.2);(114.73, 23.6);(115.14, 23.2)",True
59654,2007-08-13 09:00:00,25.3,SURF,True,EXTREME_TYPE1,165,10,10,"(109.82, 21.2);(109.82, 21.6);(109.82, 22.0);(110.23, 21.2);(110.23, 21.6);(110.23, 22.0);(110.64, 21.2);(110.64, 21.6);(110.64, 22.0);(111.05, 21.6)",True
59654,2007-08-13 10:00:00,5.6,SURF,True,EXTREME_TYPE1,164,10,10,"(109.82, 21.2);(109.82, 21.6);(109.82, 22.0);(110.23, 21.2);(110.23, 21.6);(110.23, 22.0);(110.64, 21.2);(110.64, 21.6);(110.64, 22.0);(111.05, 21.6)",True
59650,2007-08-13 11:00:00,34.2,SURF,True,EXTREME_TYPE1,154,11,11,"(109.82, 21.2);(109.82, 21.6);(109.82, 22.0);(110.23, 20.8);(110.23, 21.2);(110.23, 21.6);(110.23, 22.0);(110.64, 20.8);(110.64, 21.2);(110.64, 21.6);(110.64, 22.0)",True
59658,2007-08-13 13:00:00,60.2,SURF,True,EXTREME_TYPE1,105,10,10,"(109.82, 20.8);(109.82, 21.2);(109.82, 21.6);(110.23, 20.8);(110.23, 21.2);(110.23, 21.6);(110.64, 20.8);(110.64, 21.2);(110.64, 21.6);(111.05, 21.2)",True
59278,2007-08-13 15:00:00,18.0,SURF,True,EXTREME_TYPE1,1089,12,12,"(111.86, 22.8);(111.86, 23.2);(112.27, 22.4);(112.27, 22.8);(112.27, 23.2);(112.27, 23.6);(112.68, 22.4);(112.68, 22.8);(112.68, 23.2);(112.68, 23.6);(113.09, 22.8);(113.09, 23.2)",True
59088,2007-08-13 19:00:00,53.5,SURF,True,EXTREME_TYPE1,212,12,12,"(112.68, 24.0);(112.68, 24.4);(113.09, 23.6);(113.09, 24.0);(113.09, 24.4);(113.09, 24.8);(113.5, 23.6);(113.5, 24.0);(113.5, 24.4);(113.5, 24.8);(113.91, 24.0);(113.91, 24.4)",True
59297,2007-08-14 19:00:00,30.7,SURF,True,EXTREME_TYPE1,225,10,10,"(113.5, 23.2);(113.91, 22.8);(113.91, 23.2);(113.91, 23.6);(114.32, 22.8);(114.32, 23.2);(114.32, 23.6);(114.73, 22.8);(114.73, 23.2);(114.73, 23.6)",True
59289,2007-08-16 18:00:00,31.8,SURF,True,EXTREME_TYPE1,800,12,12,"(113.09, 22.8);(113.09, 23.2);(113.5, 22.4);(113.5, 22.8);(113.5, 23.2);(113.5, 23.6);(113.91, 22.4);(113.91, 22.8);(113.91, 23.2);(113.91, 23.6);(114.32, 22.8);(114.32, 23.2)",True
59481,2007-08-16 21:00:00,3.3,SURF,True,EXTREME_TYPE1,1280,12,12,"(112.68, 22.8);(112.68, 23.2);(113.09, 22.4);(113.09, 22.8);(113.09, 23.2);(113.09, 23.6);(113.5, 22.4);(113.5, 22.8);(113.5, 23.2);(113.5, 23.6);(113.91, 22.8);(113.91, 23.2)",True
59492,2007-08-19 22:00:00,19.3,SURF,True,EXTREME_TYPE1,191,11,11,"(114.32, 22.4);(114.32, 22.8);(114.32, 23.2);(114.32, 23.6);(114.73, 22.4);(114.73, 22.8);(114.73, 23.2);(114.73, 23.6);(115.14, 22.8);(115.14, 23.2);(115.14, 23.6)",True
59317,2007-08-20 01:00:00,14.1,SURF,True,EXTREME_TYPE1,235,9,9,"(115.95, 22.4);(115.95, 22.8);(115.95, 23.2);(115.95, 23.6);(116.36, 22.8);(116.36, 23.2);(116.36, 23.6);(116.77, 22.8);(116.77, 23.2)",True
59477,2007-08-22 08:00:00,1.7,SURF,True,EXTREME_TYPE1,718,10,9,"(111.86, 22.0);(111.86, 22.4);(112.27, 21.6);(112.27, 22.0);(112.27, 22.4);(112.27, 22.8);(112.68, 22.0);(112.68, 22.4);(112.68, 22.8)",True
59485,2007-08-25 23:00:00,1.6,SURF,True,EXTREME_TYPE1,1327,12,12,"(112.68, 22.4);(112.68, 22.8);(113.09, 22.0);(113.09, 22.4);(113.09, 22.8);(113.5, 22.0);(113.5, 22.4);(113.5, 22.8);(113.5, 23.2);(113.91, 22.0);(113.91, 22.4);(113.91, 22.8)",True
59650,2007-08-26 19:00:00,26.2,SURF,True,EXTREME_TYPE1,155,11,10,"(109.82, 21.2);(109.82, 21.6);(109.82, 22.0);(110.23, 20.8);(110.23, 21.2);(110.23, 21.6);(110.23, 22.0);(110.64, 21.2);(110.64, 21.6);(110.64, 22.0)",True
59087,2007-08-27 14:00:00,17.0,SURF,True,EXTREME_TYPE1,215,10,10,"(113.09, 23.6);(113.09, 24.0);(113.09, 24.4);(113.5, 23.2);(113.5, 23.6);(113.5, 24.0);(113.5, 24.4);(113.91, 23.6);(113.91, 24.0);(113.91, 24.4)",True
59673,2007-08-28 05:00:00,12.6,SURF,True,EXTREME_TYPE5,65,8,1,"(112.68, 22.0)",True
59279,2007-09-02 03:00:00,56.4,SURF,True,EXTREME_TYPE1,748,12,12,"(112.27, 22.8);(112.27, 23.2);(112.27, 23.6);(112.68, 22.8);(112.68, 23.2);(112.68, 23.6);(113.09, 22.8);(113.09, 23.2);(113.09, 23.6);(113.5, 22.8);(113.5, 23.2);(113.5, 23.6)",True
59480,2007-09-02 06:00:00,51.8,SURF,True,EXTREME_TYPE1,1186,10,10,"(112.68, 22.4);(112.68, 22.8);(112.68, 23.2);(113.09, 22.4);(113.09, 22.8);(113.09, 23.2);(113.5, 22.4);(113.5, 22.8);(113.5, 23.2);(113.91, 22.8)",True
59306,2007-09-02 16:00:00,67.5,SURF,True,EXTREME_TYPE2,254,12,7,"(115.14, 23.2);(115.55, 22.8);(115.55, 23.2);(115.55, 23.6);(115.55, 24.0);(115.95, 23.6);(115.95, 24.0)",True
59114,2007-09-02 20:00:00,92.8,SURF,True,EXTREME_TYPE5,45,10,8,"(115.55, 24.4);(115.55, 24.8);(115.95, 24.0);(115.95, 24.4);(115.95, 24.8);(116.36, 24.0);(116.36, 24.4);(116.36, 24.8)",True
59290,2007-09-03 16:00:00,8.4,SURF,True,EXTREME_TYPE1,195,11,11,"(113.5, 23.6);(113.91, 23.2);(113.91, 23.6);(113.91, 24.0);(113.91, 24.4);(114.32, 23.2);(114.32, 23.6);(114.32, 24.0);(114.32, 24.4);(114.73, 23.6);(114.73, 24.0)",True
59278,2007-09-03 21:00:00,53.5,SURF,True,EXTREME_TYPE1,985,12,12,"(111.86, 22.8);(111.86, 23.2);(112.27, 22.4);(112.27, 22.8);(112.27, 23.2);(112.27, 23.6);(112.68, 22.4);(112.68, 22.8);(112.68, 23.2);(112.68, 23.6);(113.09, 22.8);(113.09, 23.2)",True
59654,2007-09-04 04:00:00,67.4,SURF,True,EXTREME_TYPE1,170,10,9,"(109.82, 21.6);(109.82, 22.0);(110.23, 21.2);(110.23, 21.6);(110.23, 22.0);(110.64, 21.2);(110.64, 21.6);(110.64, 22.0);(111.05, 21.6)",True
59658,2007-09-11 02:00:00,56.5,SURF,True,EXTREME_TYPE3,114,10,10,"(109.82, 20.8);(109.82, 21.2);(109.82, 21.6);(110.23, 20.8);(110.23, 21.2);(110.23, 21.6);(110.64, 20.8);(110.64, 21.2);(110.64, 21.6);(111.05, 21.2)",True
59659,2007-09-17 19:00:00,25.8,SURF,True,EXTREME_TYPE1,205,12,10,"(110.23, 21.6);(110.23, 22.0);(110.64, 21.2);(110.64, 21.6);(110.64, 22.0);(110.64, 22.4);(111.05, 21.2);(111.05, 21.6);(111.05, 22.0);(111.45, 21.6)",True
59316,2007-09-24 17:00:00,32.3,SURF,True,EXTREME_TYPE1,150,12,12,"(115.95, 23.2);(115.95, 23.6);(116.36, 22.8);(116.36, 23.2);(116.36, 23.6);(116.36, 24.0);(116.77, 22.8);(116.77, 23.2);(116.77, 23.6);(116.77, 24.0);(117.18, 23.2);(117.18, 23.6)",True
59314,2007-09-25 03:00:00,18.0,SURF,True,EXTREME_TYPE1,225,12,12,"(115.55, 23.2);(115.55, 23.6);(115.95, 22.8);(115.95, 23.2);(115.95, 23.6);(115.95, 24.0);(116.36, 22.8);(116.36, 23.2);(116.36, 23.6);(116.36, 24.0);(116.77, 23.2);(116.77, 23.6)",True
G2171,2008-01-17 02:00:00,5.1,AWST,False,EXTREME_TYPE1,1428,9,9,"(112.27, 22.0);(112.27, 22.4);(112.27, 22.8);(112.68, 22.0);(112.68, 22.4);(112.68, 22.8);(113.09, 22.0);(113.09, 22.4);(113.09, 22.8)",True
G2113,2008-01-17 09:00:00,1.6,AWST,False,EXTREME_TYPE1,1575,10,10,"(112.27, 22.8);(112.68, 22.4);(112.68, 22.8);(112.68, 23.2);(113.09, 22.4);(113.09, 22.8);(113.09, 23.2);(113.5, 22.4);(113.5, 22.8);(113.5, 23.2)",True
G2109,2008-01-17 10:00:00,257.3,AWST,False,FALSE,972,10,0,,True
G2135,2008-01-17 10:00:00,51.9,AWST,False,EXTREME_TYPE5,1777,12,5,"(112.68, 22.8);(112.68, 23.2);(113.09, 22.8);(113.09, 23.2);(113.5, 22.8)",True
G2164,2008-01-17 10:00:00,257.3,AWST,False,FALSE,972,11,0,,True
59074,2008-01-31 20:00:00,1.2,SURF,True,EXTREME_TYPE1,201,9,9,"(111.86, 24.0);(111.86, 24.4);(111.86, 24.8);(112.27, 24.0);(112.27, 24.4);(112.27, 24.8);(112.27, 25.2);(112.68, 24.4);(112.68, 24.8)",True
G1401,2008-02-02 02:00:00,947.3,AWST,False,FALSE,129,10,0,,True
G1402,2008-02-02 04:00:00,436.2,AWST,False,FALSE,129,11,0,,True
G1402,2008-02-02 08:00:00,411.2,AWST,False,FALSE,132,11,0,,True
59487,2008-02-05 09:00:00,1.7,SURF,True,EXTREME_TYPE1,1086,12,12,"(112.68, 22.0);(112.68, 22.4);(113.09, 21.6);(113.09, 22.0);(113.09, 22.4);(113.09, 22.8);(113.5, 21.6);(113.5, 22.0);(113.5, 22.4);(113.5, 22.8);(113.91, 22.0);(113.91, 22.4)",True
59304,2008-02-25 12:00:00,2.6,SURF,True,EXTREME_TYPE1,275,9,9,"(114.73, 23.2);(114.73, 23.6);(114.73, 24.0);(115.14, 23.2);(115.14, 23.6);(115.14, 24.0);(115.55, 23.2);(115.55, 23.6);(115.55, 24.0)",True
59493,2008-03-26 07:00:00,4.6,SURF,True,EXTREME_TYPE1,543,13,13,"(113.5, 22.0);(113.5, 22.4);(113.5, 22.8);(113.91, 22.0);(113.91, 22.4);(113.91, 22.8);(113.91, 23.2);(114.32, 22.0);(114.32, 22.4);(114.32, 22.8);(114.32, 23.2);(114.73, 22.4);(114.73, 22.8)",True
59462,2008-03-31 14:00:00,58.0,SURF,True,EXTREME_TYPE1,515,11,9,"(111.05, 22.4);(111.05, 22.8);(111.05, 23.2);(111.45, 22.4);(111.45, 22.8);(111.45, 23.2);(111.86, 22.4);(111.86, 22.8);(111.86, 23.2)",True
59114,2008-04-10 23:00:00,5.1,SURF,True,EXTREME_TYPE1,100,10,10,"(115.55, 24.4);(115.55, 24.8);(115.95, 24.0);(115.95, 24.4);(115.95, 24.8);(116.36, 24.0);(116.36, 24.4);(116.36, 24.8);(116.77, 24.4);(116.77, 24.8)",True
59655,2008-04-13 00:00:00,52.3,SURF,True,EXTREME_TYPE1,262,10,10,"(110.23, 21.2);(110.23, 21.6);(110.23, 22.0);(110.64, 21.2);(110.64, 21.6);(110.64, 22.0);(110.64, 22.4);(111.05, 21.2);(111.05, 21.6);(111.05, 22.0)",True
59478,2008-04-19 14:00:00,15.3,SURF,True,EXTREME_TYPE1,1289,12,12,"(112.27, 22.0);(112.27, 22.4);(112.68, 21.6);(112.68, 22.0);(112.68, 22.4);(112.68, 22.8);(113.09, 21.6);(113.09, 22.0);(113.09, 22.4);(113.09, 22.8);(113.5, 22.0);(113.5, 22.4)",True
59488,2008-04-19 15:00:00,15.3,SURF,True,EXTREME_TYPE1,607,11,11,"(113.09, 22.0);(113.09, 22.4);(113.09, 22.8);(113.5, 21.6);(113.5, 22.0);(113.5, 22.4);(113.5, 22.8);(113.91, 22.0);(113.91, 22.4);(113.91, 22.8);(114.32, 22.4)",True
59488,2008-04-19 17:00:00,52.7,SURF,True,EXTREME_TYPE1,606,11,11,"(113.09, 22.0);(113.09, 22.4);(113.09, 22.8);(113.5, 21.6);(113.5, 22.0);(113.5, 22.4);(113.5, 22.8);(113.91, 22.0);(113.91, 22.4);(113.91, 22.8);(114.32, 22.4)",True
59304,2008-04-19 23:00:00,1.8,SURF,True,EXTREME_TYPE1,360,9,9,"(114.73, 23.2);(114.73, 23.6);(114.73, 24.0);(115.14, 23.2);(115.14, 23.6);(115.14, 24.0);(115.55, 23.2);(115.55, 23.6);(115.55, 24.0)",True
59492,2008-04-20 00:00:00,33.5,SURF,True,EXTREME_TYPE1,270,11,11,"(114.32, 22.4);(114.32, 22.8);(114.32, 23.2);(114.32, 23.6);(114.73, 22.4);(114.73, 22.8);(114.73, 23.2);(114.73, 23.6);(115.14, 22.8);(115.14, 23.2);(115.14, 23.6)",True
59293,2008-04-20 01:00:00,12.6,SURF,True,EXTREME_TYPE1,230,11,11,"(114.32, 23.2);(114.32, 23.6);(114.32, 24.0);(114.73, 23.2);(114.73, 23.6);(114.73, 24.0);(114.73, 24.4);(115.14, 23.2);(115.14, 23.6);(115.14, 24.0);(115.14, 24.4)",True
59317,2008-04-20 06:00:00,83.2,SURF,True,EXTREME_TYPE1,275,9,8,"(115.95, 22.8);(115.95, 23.2);(115.95, 23.6);(116.36, 22.8);(116.36, 23.2);(116.36, 23.6);(116.77, 22.8);(116.77, 23.2)",True
59314,2008-04-20 08:00:00,77.2,SURF,True,EXTREME_TYPE1,324,12,11,"(115.55, 23.2);(115.55, 23.6);(115.95, 22.8);(115.95, 23.2);(115.95, 23.6);(116.36, 22.8);(116.36, 23.2);(116.36, 23.6);(116.36, 24.0);(116.77, 23.2);(116.77, 23.6)",True
59316,2008-04-20 11:00:00,62.4,SURF,True,EXTREME_TYPE1,215,12,12,"(115.95, 23.2);(115.95, 23.6);(116.36, 22.8);(116.36, 23.2);(116.36, 23.6);(116.36, 24.0);(116.77, 22.8);(116.77, 23.2);(116.77, 23.6);(116.77, 24.0);(117.18, 23.2);(117.18, 23.6)",True
59318,2008-04-20 12:00:00,52.9,SURF,True,EXTREME_TYPE1,215,12,12,"(115.95, 23.2);(115.95, 23.6);(116.36, 22.8);(116.36, 23.2);(116.36, 23.6);(116.36, 24.0);(116.77, 22.8);(116.77, 23.2);(116.77, 23.6);(116.77, 24.0);(117.18, 23.2);(117.18, 23.6)",True
59097,2008-04-20 19:00:00,21.0,SURF,True,EXTREME_TYPE1,175,10,10,"(113.5, 24.0);(113.91, 23.6);(113.91, 24.0);(113.91, 24.4);(114.32, 23.6);(114.32, 24.0);(114.32, 24.4);(114.73, 23.6);(114.73, 24.0);(114.73, 24.4)",True
59279,2008-05-04 22:00:00,32.8,SURF,True,EXTREME_TYPE1,1125,12,12,"(112.27, 22.8);(112.27, 23.2);(112.27, 23.6);(112.68, 22.8);(112.68, 23.2);(112.68, 23.6);(113.09, 22.8);(113.09, 23.2);(113.09, 23.6);(113.5, 22.8);(113.5, 23.2);(113.5, 23.6)",True
59284,2008-05-05 02:00:00,28.9,SURF,True,EXTREME_TYPE1,844,12,12,"(112.68, 23.2);(112.68, 23.6);(113.09, 22.8);(113.09, 23.2);(113.09, 23.6);(113.09, 24.0);(113.5, 22.8);(113.5, 23.2);(113.5, 23.6);(113.5, 24.0);(113.91, 23.2);(113.91, 23.6)",True
59278,2008-05-05 05:00:00,69.9,SURF,True,EXTREME_TYPE1,1431,12,12,"(111.86, 22.8);(111.86, 23.2);(112.27, 22.4);(112.27, 22.8);(112.27, 23.2);(112.27, 23.6);(112.68, 22.4);(112.68, 22.8);(112.68, 23.2);(112.68, 23.6);(113.09, 22.8);(113.09, 23.2)",True
59664,2008-05-06 05:00:00,83.3,SURF,True,EXTREME_TYPE1,285,10,10,"(110.23, 21.6);(110.64, 21.2);(110.64, 21.6);(110.64, 22.0);(111.05, 21.2);(111.05, 21.6);(111.05, 22.0);(111.45, 21.2);(111.45, 21.6);(111.45, 22.0)",True
59656,2008-05-06 06:00:00,47.1,SURF,True,EXTREME_TYPE1,204,11,11,"(110.23, 21.2);(110.23, 21.6);(110.64, 20.8);(110.64, 21.2);(110.64, 21.6);(110.64, 22.0);(111.05, 21.2);(111.05, 21.6);(111.05, 22.0);(111.45, 21.2);(111.45, 21.6)",True
G1705,2008-05-08 02:00:00,231.7,AWST,False,FALSE,313,11,0,,True
G1705,2008-05-08 03:00:00,131.0,AWST,False,FALSE,314,11,0,,True
59655,2008-05-19 06:00:00,72.6,SURF,True,EXTREME_TYPE1,290,10,10,"(110.23, 21.2);(110.23, 21.6);(110.23, 22.0);(110.64, 21.2);(110.64, 21.6);(110.64, 22.0);(110.64, 22.4);(111.05, 21.2);(111.05, 21.6);(111.05, 22.0)",True
59655,2008-05-19 07:00:00,30.0,SURF,True,EXTREME_TYPE1,290,10,10,"(110.23, 21.2);(110.23, 21.6);(110.23, 22.0);(110.64, 21.2);(110.64, 21.6);(110.64, 22.0);(110.64, 22.4);(111.05, 21.2);(111.05, 21.6);(111.05, 22.0)",True
59650,2008-05-19 09:00:00,27.0,SURF,True,EXTREME_TYPE1,230,11,11,"(109.82, 21.2);(109.82, 21.6);(109.82, 22.0);(110.23, 20.8);(110.23, 21.2);(110.23, 21.6);(110.23, 22.0);(110.64, 20.8);(110.64, 21.2);(110.64, 21.6);(110.64, 22.0)",True
59475,2008-05-22 14:00:00,29.0,SURF,True,EXTREME_TYPE1,1569,9,9,"(112.27, 22.0);(112.27, 22.4);(112.27, 22.8);(112.68, 22.0);(112.68, 22.4);(112.68, 22.8);(113.09, 22.0);(113.09, 22.4);(113.09, 22.8)",True
59655,2008-05-22 17:00:00,28.2,SURF,True,EXTREME_TYPE1,297,10,8,"(110.23, 21.2);(110.23, 21.6);(110.23, 22.0);(110.64, 21.2);(110.64, 21.6);(110.64, 22.0);(111.05, 21.2);(111.05, 21.6)",True
59310,2008-05-23 15:00:00,33.4,SURF,True,EXTREME_TYPE1,360,12,12,"(115.55, 23.6);(115.55, 24.0);(115.95, 23.2);(115.95, 23.6);(115.95, 24.0);(115.95, 24.4);(116.36, 23.2);(116.36, 23.6);(116.36, 24.0);(116.36, 24.4);(116.77, 23.6);(116.77, 24.0)",True
59650,2008-05-25 15:00:00,9.3,SURF,True,EXTREME_TYPE1,238,11,11,"(109.82, 21.2);(109.82, 21.6);(109.82, 22.0);(110.23, 20.8);(110.23, 21.2);(110.23, 21.6);(110.23, 22.0);(110.64, 20.8);(110.64, 21.2);(110.64, 21.6);(110.64, 22.0)",True
59116,2008-05-27 08:00:00,20.7,SURF,True,EXTREME_TYPE1,70,9,9,"(115.95, 24.4);(116.36, 24.0);(116.36, 24.4);(116.36, 24.8);(116.77, 24.0);(116.77, 24.4);(116.77, 24.8);(117.18, 24.0);(117.18, 24.4)",True
59288,2008-05-27 14:00:00,9.7,SURF,True,EXTREME_TYPE1,1131,10,10,"(112.27, 23.2);(112.68, 22.8);(112.68, 23.2);(112.68, 23.6);(113.09, 22.8);(113.09, 23.2);(113.09, 23.6);(113.5, 22.8);(113.5, 23.2);(113.5, 23.6)",True
59290,2008-05-29 04:00:00,53.9,SURF,True,EXTREME_TYPE1,170,11,11,"(113.5, 23.6);(113.91, 23.2);(113.91, 23.6);(113.91, 24.0);(113.91, 24.4);(114.32, 23.2);(114.32, 23.6);(114.32, 24.0);(114.32, 24.4);(114.73, 23.6);(114.73, 24.0)",True
59502,2008-05-29 12:00:00,67.4,SURF,True,EXTREME_TYPE1,320,12,12,"(115.14, 22.8);(115.14, 23.2);(115.55, 22.4);(115.55, 22.8);(115.55, 23.2);(115.55, 23.6);(115.95, 22.4);(115.95, 22.8);(115.95, 23.2);(115.95, 23.6);(116.36, 22.8);(116.36, 23.2)",True
59473,2008-05-29 18:00:00,12.6,SURF,True,EXTREME_TYPE1,1706,10,10,"(112.27, 22.8);(112.68, 22.4);(112.68, 22.8);(112.68, 23.2);(113.09, 22.4);(113.09, 22.8);(113.09, 23.2);(113.5, 22.4);(113.5, 22.8);(113.5, 23.2)",True
59294,2008-05-30 08:00:00,54.7,SURF,True,EXTREME_TYPE1,542,11,11,"(113.09, 23.2);(113.5, 22.8);(113.5, 23.2);(113.5, 23.6);(113.91, 22.8);(113.91, 23.2);(113.91, 23.6);(113.91, 24.0);(114.32, 22.8);(114.32, 23.2);(114.32, 23.6)",True
59285,2008-05-30 09:00:00,16.0,SURF,True,EXTREME_TYPE1,541,10,10,"(113.09, 23.2);(113.09, 23.6);(113.09, 24.0);(113.5, 23.2);(113.5, 23.6);(113.5, 24.0);(113.91, 23.2);(113.91, 23.6);(113.91, 24.0);(114.32, 23.6)",True
59478,2008-05-30 15:00:00,59.6,SURF,True,EXTREME_TYPE1,1260,12,12,"(112.27, 22.0);(112.27, 22.4);(112.68, 21.6);(112.68, 22.0);(112.68, 22.4);(112.68, 22.8);(113.09, 21.6);(113.09, 22.0);(113.09, 22.4);(113.09, 22.8);(113.5, 22.0);(113.5, 22.4)",True
59650,2008-05-30 19:00:00,57.1,SURF,True,EXTREME_TYPE1,245,11,10,"(109.82, 21.2);(109.82, 21.6);(110.23, 20.8);(110.23, 21.2);(110.23, 21.6);(110.23, 22.0);(110.64, 20.8);(110.64, 21.2);(110.64, 21.6);(110.64, 22.0)",True
59655,2008-05-30 21:00:00,95.2,SURF,True,EXTREME_TYPE1,305,10,8,"(110.23, 21.2);(110.23, 21.6);(110.23, 22.0);(110.64, 21.2);(110.64, 21.6);(110.64, 22.0);(110.64, 22.4);(111.05, 22.0)",True
59477,2008-06-01 18:00:00,49.0,SURF,True,EXTREME_TYPE1,1080,10,10,"(111.86, 22.0);(111.86, 22.4);(111.86, 22.8);(112.27, 21.6);(112.27, 22.0);(112.27, 22.4);(112.27, 22.8);(112.68, 22.0);(112.68, 22.4);(112.68, 22.8)",True
59470,2008-06-06 10:00:00,22.9,SURF,True,EXTREME_TYPE1,1016,10,10,"(111.45, 22.8);(111.86, 22.4);(111.86, 22.8);(111.86, 23.2);(112.27, 22.4);(112.27, 22.8);(112.27, 23.2);(112.68, 22.4);(112.68, 22.8);(112.68, 23.2)",True
59501,2008-06-07 20:00:00,56.7,SURF,True,EXTREME_TYPE1,300,12,12,"(114.73, 22.4);(114.73, 22.8);(114.73, 23.2);(115.14, 22.4);(115.14, 22.8);(115.14, 23.2);(115.55, 22.4);(115.55, 22.8);(115.55, 23.2);(115.95, 22.4);(115.95, 22.8);(115.95, 23.2)",True
G1210,2008-06-08 03:00:00,292.5,AWST,False,FALSE,1052,12,0,,True
G1210,2008-06-08 04:00:00,385.9,AWST,False,FALSE,1050,12,0,,True
G1210,2008-06-08 09:00:00,145.2,AWST,False,FALSE,1055,12,0,,True
G1210,2008-06-08 12:00:00,1.0,AWST,False,EXTREME_TYPE1,1053,12,12,"(112.68, 22.0);(112.68, 22.4);(113.09, 21.6);(113.09, 22.0);(113.09, 22.4);(113.09, 22.8);(113.5, 21.6);(113.5, 22.0);(113.5, 22.4);(113.5, 22.8);(113.91, 22.0);(113.91, 22.4)",True
59500,2008-06-10 22:00:00,16.3,SURF,True,EXTREME_TYPE1,300,12,12,"(114.73, 22.8);(114.73, 23.2);(115.14, 22.4);(115.14, 22.8);(115.14, 23.2);(115.14, 23.6);(115.55, 22.4);(115.55, 22.8);(115.55, 23.2);(115.55, 23.6);(115.95, 22.8);(115.95, 23.2)",True
59470,2008-06-11 17:00:00,2.0,SURF,True,EXTREME_TYPE1,1032,10,10,"(111.45, 22.8);(111.86, 22.4);(111.86, 22.8);(111.86, 23.2);(112.27, 22.4);(112.27, 22.8);(112.27, 23.2);(112.68, 22.4);(112.68, 22.8);(112.68, 23.2)",True
59088,2008-06-12 21:00:00,16.2,SURF,True,EXTREME_TYPE1,329,12,12,"(112.68, 24.0);(112.68, 24.4);(113.09, 23.6);(113.09, 24.0);(113.09, 24.4);(113.09, 24.8);(113.5, 23.6);(113.5, 24.0);(113.5, 24.4);(113.5, 24.8);(113.91, 24.0);(113.91, 24.4)",True
59493,2008-06-13 01:00:00,29.9,SURF,True,EXTREME_TYPE1,491,13,13,"(113.5, 22.0);(113.5, 22.4);(113.5, 22.8);(113.91, 22.0);(113.91, 22.4);(113.91, 22.8);(113.91, 23.2);(114.32, 22.0);(114.32, 22.4);(114.32, 22.8);(114.32, 23.2);(114.73, 22.4);(114.73, 22.8)",True
59097,2008-06-13 03:00:00,23.8,SURF,True,EXTREME_TYPE1,180,10,10,"(113.5, 24.0);(113.91, 23.6);(113.91, 24.0);(113.91, 24.4);(114.32, 23.6);(114.32, 24.0);(114.32, 24.4);(114.73, 23.6);(114.73, 24.0);(114.73, 24.4)",True
59289,2008-06-13 06:00:00,67.5,SURF,True,EXTREME_TYPE1,938,12,12,"(113.09, 22.8);(113.09, 23.2);(113.5, 22.4);(113.5, 22.8);(113.5, 23.2);(113.5, 23.6);(113.91, 22.4);(113.91, 22.8);(113.91, 23.2);(113.91, 23.6);(114.32, 22.8);(114.32, 23.2)",True
59469,2008-06-13 08:00:00,73.8,SURF,True,EXTREME_TYPE4,414,11,4,"(111.86, 22.4);(111.86, 22.8);(112.27, 22.0);(112.27, 22.4)",True
59485,2008-06-13 08:00:00,51.2,SURF,True,EXTREME_TYPE1,1508,12,12,"(112.68, 22.4);(112.68, 22.8);(113.09, 22.0);(113.09, 22.4);(113.09, 22.8);(113.5, 22.0);(113.5, 22.4);(113.5, 22.8);(113.5, 23.2);(113.91, 22.0);(113.91, 22.4);(113.91, 22.8)",True
59493,2008-06-13 12:00:00,6.0,SURF,True,EXTREME_TYPE1,490,13,13,"(113.5, 22.0);(113.5, 22.4);(113.5, 22.8);(113.91, 22.0);(113.91, 22.4);(113.91, 22.8);(113.91, 23.2);(114.32, 22.0);(114.32, 22.4);(114.32, 22.8);(114.32, 23.2);(114.73, 22.4);(114.73, 22.8)",True
59312,2008-06-13 16:00:00,54.5,SURF,True,EXTREME_TYPE1,190,10,10,"(115.95, 23.6);(116.36, 23.2);(116.36, 23.6);(116.36, 24.0);(116.77, 23.2);(116.77, 23.6);(116.77, 24.0);(117.18, 23.2);(117.18, 23.6);(117.18, 24.0)",True
59476,2008-06-13 18:00:00,37.8,SURF,True,EXTREME_TYPE1,1797,11,11,"(112.27, 22.4);(112.68, 22.0);(112.68, 22.4);(112.68, 22.8);(113.09, 22.0);(113.09, 22.4);(113.09, 22.8);(113.09, 23.2);(113.5, 22.0);(113.5, 22.4);(113.5, 22.8)",True
59492,2008-06-13 18:00:00,52.5,SURF,True,EXTREME_TYPE1,273,11,11,"(114.32, 22.4);(114.32, 22.8);(114.32, 23.2);(114.32, 23.6);(114.73, 22.4);(114.73, 22.8);(114.73, 23.2);(114.73, 23.6);(115.14, 22.8);(115.14, 23.2);(115.14, 23.6)",True
59316,2008-06-13 19:00:00,85.1,SURF,True,EXTREME_TYPE1,210,12,12,"(115.95, 23.2);(115.95, 23.6);(116.36, 22.8);(116.36, 23.2);(116.36, 23.6);(116.36, 24.0);(116.77, 22.8);(116.77, 23.2);(116.77, 23.6);(116.77, 24.0);(117.18, 23.2);(117.18, 23.6)",True
59318,2008-06-13 19:00:00,62.1,SURF,True,EXTREME_TYPE1,210,12,12,"(115.95, 23.2);(115.95, 23.6);(116.36, 22.8);(116.36, 23.2);(116.36, 23.6);(116.36, 24.0);(116.77, 22.8);(116.77, 23.2);(116.77, 23.6);(116.77, 24.0);(117.18, 23.2);(117.18, 23.6)",True
59297,2008-06-13 20:00:00,50.3,SURF,True,EXTREME_TYPE1,310,10,10,"(113.5, 23.2);(113.91, 22.8);(113.91, 23.2);(113.91, 23.6);(114.32, 22.8);(114.32, 23.2);(114.32, 23.6);(114.73, 22.8);(114.73, 23.2);(114.73, 23.6)",True
59501,2008-06-13 20:00:00,21.2,SURF,True,EXTREME_TYPE1,300,12,12,"(114.73, 22.4);(114.73, 22.8);(114.73, 23.2);(115.14, 22.4);(115.14, 22.8);(115.14, 23.2);(115.55, 22.4);(115.55, 22.8);(115.55, 23.2);(115.95, 22.4);(115.95, 22.8);(115.95, 23.2)",True
59493,2008-06-13 22:00:00,53.2,SURF,True,EXTREME_TYPE1,490,13,13,"(113.5, 22.0);(113.5, 22.4);(113.5, 22.8);(113.91, 22.0);(113.91, 22.4);(113.91, 22.8);(113.91, 23.2);(114.32, 22.0);(114.32, 22.4);(114.32, 22.8);(114.32, 23.2);(114.73, 22.4);(114.73, 22.8)",True
59310,2008-06-13 23:00:00,9.2,SURF,True,EXTREME_TYPE1,353,12,12,"(115.55, 23.6);(115.55, 24.0);(115.95, 23.2);(115.95, 23.6);(115.95, 24.0);(115.95, 24.4);(116.36, 23.2);(116.36, 23.6);(116.36, 24.0);(116.36, 24.4);(116.77, 23.6);(116.77, 24.0)",True
59315,2008-06-13 23:00:00,25.3,SURF,True,EXTREME_TYPE1,209,10,10,"(115.95, 23.2);(115.95, 23.6);(115.95, 24.0);(116.36, 23.2);(116.36, 23.6);(116.36, 24.0);(116.77, 23.2);(116.77, 23.6);(116.77, 24.0);(117.18, 23.6)",True
59473,2008-06-15 16:00:00,50.8,SURF,True,EXTREME_TYPE1,1673,10,10,"(112.27, 22.8);(112.68, 22.4);(112.68, 22.8);(112.68, 23.2);(113.09, 22.4);(113.09, 22.8);(113.09, 23.2);(113.5, 22.4);(113.5, 22.8);(113.5, 23.2)",True
59285,2008-06-16 14:00:00,23.1,SURF,True,EXTREME_TYPE1,523,10,10,"(113.09, 23.2);(113.09, 23.6);(113.09, 24.0);(113.5, 23.2);(113.5, 23.6);(113.5, 24.0);(113.91, 23.2);(113.91, 23.6);(113.91, 24.0);(114.32, 23.6)",True
59653,2008-06-16 16:00:00,21.1,SURF,True,EXTREME_TYPE1,302,11,11,"(110.23, 21.6);(110.23, 22.0);(110.64, 21.6);(110.64, 22.0);(110.64, 22.4);(111.05, 21.6);(111.05, 22.0);(111.05, 22.4);(111.45, 21.6);(111.45, 22.0);(111.45, 22.4)",True
59288,2008-06-16 17:00:00,64.0,SURF,True,EXTREME_TYPE1,1086,10,10,"(112.27, 23.2);(112.68, 22.8);(112.68, 23.2);(112.68, 23.6);(113.09, 22.8);(113.09, 23.2);(113.09, 23.6);(113.5, 22.8);(113.5, 23.2);(113.5, 23.6)",True
59271,2008-06-16 18:00:00,67.9,SURF,True,EXTREME_TYPE1,472,11,11,"(111.86, 23.2);(111.86, 23.6);(111.86, 24.0);(112.27, 23.2);(112.27, 23.6);(112.27, 24.0);(112.68, 23.2);(112.68, 23.6);(112.68, 24.0);(113.09, 23.6);(113.09, 24.0)",True
59654,2008-06-16 18:00:00,50.3,SURF,True,EXTREME_TYPE1,264,10,10,"(109.82, 21.2);(109.82, 21.6);(109.82, 22.0);(110.23, 21.2);(110.23, 21.6);(110.23, 22.0);(110.64, 21.2);(110.64, 21.6);(110.64, 22.0);(111.05, 21.6)",True
59317,2008-06-17 05:00:00,55.5,SURF,True,EXTREME_TYPE1,270,9,9,"(115.95, 22.4);(115.95, 22.8);(115.95, 23.2);(115.95, 23.6);(116.36, 22.8);(116.36, 23.2);(116.36, 23.6);(116.77, 22.8);(116.77, 23.2)",True
59316,2008-06-17 07:00:00,53.3,SURF,True,EXTREME_TYPE1,210,12,12,"(115.95, 23.2);(115.95, 23.6);(116.36, 22.8);(116.36, 23.2);(116.36, 23.6);(116.36, 24.0);(116.77, 22.8);(116.77, 23.2);(116.77, 23.6);(116.77, 24.0);(117.18, 23.2);(117.18, 23.6)",True
59501,2008-06-17 07:00:00,54.8,SURF,True,EXTREME_TYPE1,300,12,11,"(114.73, 22.4);(114.73, 22.8);(115.14, 22.4);(115.14, 22.8);(115.14, 23.2);(115.55, 22.4);(115.55, 22.8);(115.55, 23.2);(115.95, 22.4);(115.95, 22.8);(115.95, 23.2)",True
59492,2008-06-17 12:00:00,17.2,SURF,True,EXTREME_TYPE1,275,11,11,"(114.32, 22.4);(114.32, 22.8);(114.32, 23.2);(114.32, 23.6);(114.73, 22.4);(114.73, 22.8);(114.73, 23.2);(114.73, 23.6);(115.14, 22.8);(115.14, 23.2);(115.14, 23.6)",True
59270,2008-06-17 18:00:00,50.3,SURF,True,EXTREME_TYPE1,392,10,10,"(111.45, 24.0);(111.86, 23.6);(111.86, 24.0);(111.86, 24.4);(112.27, 23.6);(112.27, 24.0);(112.27, 24.4);(112.68, 23.6);(112.68, 24.0);(112.68, 24.4)",True
59673,2008-06-25 02:00:00,1.3,SURF,True,EXTREME_TYPE1,75,8,8,"(112.27, 21.6);(112.27, 22.0);(112.68, 21.6);(112.68, 22.0);(112.68, 22.4);(113.09, 21.6);(113.09, 22.0);(113.5, 21.6)",True
59654,2008-06-25 09:00:00,57.9,SURF,True,EXTREME_TYPE1,259,10,9,"(109.82, 21.2);(109.82, 21.6);(110.23, 21.2);(110.23, 21.6);(110.23, 22.0);(110.64, 21.2);(110.64, 21.6);(110.64, 22.0);(111.05, 21.6)",True
59480,2008-06-25 13:00:00,50.1,SURF,True,EXTREME_TYPE1,1521,10,10,"(112.68, 22.4);(112.68, 22.8);(112.68, 23.2);(113.09, 22.4);(113.09, 22.8);(113.09, 23.2);(113.5, 22.4);(113.5, 22.8);(113.5, 23.2);(113.91, 22.8)",True
59476,2008-06-25 15:00:00,7.2,SURF,True,EXTREME_TYPE1,1721,11,11,"(112.27, 22.4);(112.68, 22.0);(112.68, 22.4);(112.68, 22.8);(113.09, 22.0);(113.09, 22.4);(113.09, 22.8);(113.09, 23.2);(113.5, 22.0);(113.5, 22.4);(113.5, 22.8)",True
59471,2008-06-25 17:00:00,70.8,SURF,True,EXTREME_TYPE1,904,12,12,"(111.45, 22.8);(111.45, 23.2);(111.86, 22.4);(111.86, 22.8);(111.86, 23.2);(111.86, 23.6);(112.27, 22.4);(112.27, 22.8);(112.27, 23.2);(112.27, 23.6);(112.68, 22.8);(112.68, 23.2)",True
59289,2008-06-25 20:00:00,27.5,SURF,True,EXTREME_TYPE1,961,12,12,"(113.09, 22.8);(113.09, 23.2);(113.5, 22.4);(113.5, 22.8);(113.5, 23.2);(113.5, 23.6);(113.91, 22.4);(113.91, 22.8);(113.91, 23.2);(113.91, 23.6);(114.32, 22.8);(114.32, 23.2)",True
59287,2008-06-25 21:00:00,32.9,SURF,True,EXTREME_TYPE1,855,9,9,"(113.09, 22.8);(113.09, 23.2);(113.09, 23.6);(113.5, 22.8);(113.5, 23.2);(113.5, 23.6);(113.91, 22.8);(113.91, 23.2);(113.91, 23.6)",True
59500,2008-06-25 21:00:00,14.0,SURF,True,EXTREME_TYPE1,300,12,12,"(114.73, 22.8);(114.73, 23.2);(115.14, 22.4);(115.14, 22.8);(115.14, 23.2);(115.14, 23.6);(115.55, 22.4);(115.55, 22.8);(115.55, 23.2);(115.55, 23.6);(115.95, 22.8);(115.95, 23.2)",True
59315,2008-06-26 04:00:00,14.6,SURF,True,EXTREME_TYPE1,210,10,10,"(115.95, 23.2);(115.95, 23.6);(115.95, 24.0);(116.36, 23.2);(116.36, 23.6);(116.36, 24.0);(116.77, 23.2);(116.77, 23.6);(116.77, 24.0);(117.18, 23.6)",True
59750,2008-06-26 05:00:00,8.8,SURF,True,EXTREME_TYPE1,206,11,11,"(109.41, 21.2);(109.82, 20.4);(109.82, 20.8);(109.82, 21.2);(109.82, 21.6);(110.23, 20.4);(110.23, 20.8);(110.23, 21.2);(110.23, 21.6);(110.64, 20.8);(110.64, 21.2)",True
59654,2008-06-28 23:00:00,23.0,SURF,True,EXTREME_TYPE1,260,10,10,"(109.82, 21.2);(109.82, 21.6);(109.82, 22.0);(110.23, 21.2);(110.23, 21.6);(110.23, 22.0);(110.64, 21.2);(110.64, 21.6);(110.64, 22.0);(111.05, 21.6)",True
59473,2008-06-29 13:00:00,19.4,SURF,True,EXTREME_TYPE1,1678,10,10,"(112.27, 22.8);(112.68, 22.4);(112.68, 22.8);(112.68, 23.2);(113.09, 22.4);(113.09, 22.8);(113.09, 23.2);(113.5, 22.4);(113.5, 22.8);(113.5, 23.2)",True
59285,2008-06-29 14:00:00,61.7,SURF,True,EXTREME_TYPE1,538,10,10,"(113.09, 23.2);(113.09, 23.6);(113.09, 24.0);(113.5, 23.2);(113.5, 23.6);(113.5, 24.0);(113.91, 23.2);(113.91, 23.6);(113.91, 24.0);(114.32, 23.6)",True
59500,2008-06-29 18:00:00,13.0,SURF,True,EXTREME_TYPE1,280,12,12,"(114.73, 22.8);(114.73, 23.2);(115.14, 22.4);(115.14, 22.8);(115.14, 23.2);(115.14, 23.6);(115.55, 22.4);(115.55, 22.8);(115.55, 23.2);(115.55, 23.6);(115.95, 22.8);(115.95, 23.2)",True
59476,2008-06-30 13:00:00,56.8,SURF,True,EXTREME_TYPE1,1779,11,11,"(112.27, 22.4);(112.68, 22.0);(112.68, 22.4);(112.68, 22.8);(113.09, 22.0);(113.09, 22.4);(113.09, 22.8);(113.09, 23.2);(113.5, 22.0);(113.5, 22.4);(113.5, 22.8)",True
59087,2008-07-08 03:00:00,20.8,SURF,True,EXTREME_TYPE1,335,10,10,"(113.09, 23.6);(113.09, 24.0);(113.09, 24.4);(113.5, 23.2);(113.5, 23.6);(113.5, 24.0);(113.5, 24.4);(113.91, 23.6);(113.91, 24.0);(113.91, 24.4)",True
59312,2008-07-08 05:00:00,63.2,SURF,True,EXTREME_TYPE1,195,10,10,"(115.95, 23.6);(116.36, 23.2);(116.36, 23.6);(116.36, 24.0);(116.77, 23.2);(116.77, 23.6);(116.77, 24.0);(117.18, 23.2);(117.18, 23.6);(117.18, 24.0)",True
59502,2008-07-08 05:00:00,54.4,SURF,True,EXTREME_TYPE1,320,12,12,"(115.14, 22.8);(115.14, 23.2);(115.55, 22.4);(115.55, 22.8);(115.55, 23.2);(115.55, 23.6);(115.95, 22.4);(115.95, 22.8);(115.95, 23.2);(115.95, 23.6);(116.36, 22.8);(116.36, 23.2)",True
59314,2008-07-08 12:00:00,60.6,SURF,True,EXTREME_TYPE1,330,12,12,"(115.55, 23.2);(115.55, 23.6);(115.95, 22.8);(115.95, 23.2);(115.95, 23.6);(115.95, 24.0);(116.36, 22.8);(116.36, 23.2);(116.36, 23.6);(116.36, 24.0);(116.77, 23.2);(116.77, 23.6)",True
59315,2008-07-08 12:00:00,15.5,SURF,True,EXTREME_TYPE1,220,10,10,"(115.95, 23.2);(115.95, 23.6);(115.95, 24.0);(116.36, 23.2);(116.36, 23.6);(116.36, 24.0);(116.77, 23.2);(116.77, 23.6);(116.77, 24.0);(117.18, 23.6)",True
59655,2008-07-08 13:00:00,64.3,SURF,True,EXTREME_TYPE1,314,10,6,"(110.23, 21.2);(110.23, 21.6);(110.64, 21.2);(110.64, 21.6);(111.05, 21.2);(111.05, 21.6)",True
59656,2008-07-08 16:00:00,12.8,SURF,True,EXTREME_TYPE1,230,11,11,"(110.23, 21.2);(110.23, 21.6);(110.64, 20.8);(110.64, 21.2);(110.64, 21.6);(110.64, 22.0);(111.05, 21.2);(111.05, 21.6);(111.05, 22.0);(111.45, 21.2);(111.45, 21.6)",True
59478,2008-07-09 05:00:00,5.7,SURF,True,EXTREME_TYPE1,1254,12,12,"(112.27, 22.0);(112.27, 22.4);(112.68, 21.6);(112.68, 22.0);(112.68, 22.4);(112.68, 22.8);(113.09, 21.6);(113.09, 22.0);(113.09, 22.4);(113.09, 22.8);(113.5, 22.0);(113.5, 22.4)",True
59478,2008-07-09 13:00:00,14.3,SURF,True,EXTREME_TYPE1,1255,12,12,"(112.27, 22.0);(112.27, 22.4);(112.68, 21.6);(112.68, 22.0);(112.68, 22.4);(112.68, 22.8);(113.09, 21.6);(113.09, 22.0);(113.09, 22.4);(113.09, 22.8);(113.5, 22.0);(113.5, 22.4)",True
59269,2008-07-10 17:00:00,53.3,SURF,True,EXTREME_TYPE1,558,9,9,"(111.45, 22.8);(111.45, 23.2);(111.45, 23.6);(111.86, 22.8);(111.86, 23.2);(111.86, 23.6);(112.27, 22.8);(112.27, 23.2);(112.27, 23.6)",True
57996,2008-07-13 17:00:00,8.8,SURF,True,EXTREME_TYPE1,45,10,10,"(113.5, 25.2);(113.91, 24.8);(113.91, 25.2);(113.91, 25.6);(114.32, 24.4);(114.32, 24.8);(114.32, 25.2);(114.32, 25.6);(114.73, 24.8);(114.73, 25.2)",True
59294,2008-07-16 18:00:00,57.1,SURF,True,EXTREME_TYPE1,539,11,11,"(113.09, 23.2);(113.5, 22.8);(113.5, 23.2);(113.5, 23.6);(113.91, 22.8);(113.91, 23.2);(113.91, 23.6);(113.91, 24.0);(114.32, 22.8);(114.32, 23.2);(114.32, 23.6)",True
59656,2008-07-19 16:00:00,19.1,SURF,True,EXTREME_TYPE1,215,11,10,"(110.23, 21.2);(110.23, 21.6);(110.64, 21.2);(110.64, 21.6);(110.64, 22.0);(111.05, 21.2);(111.05, 21.6);(111.05, 22.0);(111.45, 21.2);(111.45, 21.6)",True
59271,2008-07-20 18:00:00,44.2,SURF,True,EXTREME_TYPE1,483,11,11,"(111.86, 23.2);(111.86, 23.6);(111.86, 24.0);(112.27, 23.2);(112.27, 23.6);(112.27, 24.0);(112.68, 23.2);(112.68, 23.6);(112.68, 24.0);(113.09, 23.6);(113.09, 24.0)",True
59310,2008-07-30 00:00:00,37.3,SURF,True,EXTREME_TYPE1,365,12,12,"(115.55, 23.6);(115.55, 24.0);(115.95, 23.2);(115.95, 23.6);(115.95, 24.0);(115.95, 24.4);(116.36, 23.2);(116.36, 23.6);(116.36, 24.0);(116.36, 24.4);(116.77, 23.6);(116.77, 24.0)",True
59315,2008-07-30 01:00:00,31.9,SURF,True,EXTREME_TYPE1,220,10,10,"(115.95, 23.2);(115.95, 23.6);(115.95, 24.0);(116.36, 23.2);(116.36, 23.6);(116.36, 24.0);(116.77, 23.2);(116.77, 23.6);(116.77, 24.0);(117.18, 23.6)",True
59316,2008-07-30 01:00:00,57.1,SURF,True,EXTREME_TYPE1,220,12,12,"(115.95, 23.2);(115.95, 23.6);(116.36, 22.8);(116.36, 23.2);(116.36, 23.6);(116.36, 24.0);(116.77, 22.8);(116.77, 23.2);(116.77, 23.6);(116.77, 24.0);(117.18, 23.2);(117.18, 23.6)",True
59317,2008-07-30 01:00:00,56.9,SURF,True,EXTREME_TYPE1,275,9,9,"(115.95, 22.4);(115.95, 22.8);(115.95, 23.2);(115.95, 23.6);(116.36, 22.8);(116.36, 23.2);(116.36, 23.6);(116.77, 22.8);(116.77, 23.2)",True
59502,2008-07-30 01:00:00,56.8,SURF,True,EXTREME_TYPE1,315,12,12,"(115.14, 22.8);(115.14, 23.2);(115.55, 22.4);(115.55, 22.8);(115.55, 23.2);(115.55, 23.6);(115.95, 22.4);(115.95, 22.8);(115.95, 23.2);(115.95, 23.6);(116.36, 22.8);(116.36, 23.2)",True
59500,2008-07-30 02:00:00,58.4,SURF,True,EXTREME_TYPE1,290,12,12,"(114.73, 22.8);(114.73, 23.2);(115.14, 22.4);(115.14, 22.8);(115.14, 23.2);(115.14, 23.6);(115.55, 22.4);(115.55, 22.8);(115.55, 23.2);(115.55, 23.6);(115.95, 22.8);(115.95, 23.2)",True
59502,2008-07-30 02:00:00,98.0,SURF,True,EXTREME_TYPE1,315,12,12,"(115.14, 22.8);(115.14, 23.2);(115.55, 22.4);(115.55, 22.8);(115.55, 23.2);(115.55, 23.6);(115.95, 22.4);(115.95, 22.8);(115.95, 23.2);(115.95, 23.6);(116.36, 22.8);(116.36, 23.2)",True
59317,2008-07-30 03:00:00,13.0,SURF,True,EXTREME_TYPE1,275,9,9,"(115.95, 22.4);(115.95, 22.8);(115.95, 23.2);(115.95, 23.6);(116.36, 22.8);(116.36, 23.2);(116.36, 23.6);(116.77, 22.8);(116.77, 23.2)",True
59502,2008-07-30 03:00:00,63.0,SURF,True,EXTREME_TYPE1,315,12,12,"(115.14, 22.8);(115.14, 23.2);(115.55, 22.4);(115.55, 22.8);(115.55, 23.2);(115.55, 23.6);(115.95, 22.4);(115.95, 22.8);(115.95, 23.2);(115.95, 23.6);(116.36, 22.8);(116.36, 23.2)",True
59293,2008-07-30 04:00:00,64.0,SURF,True,EXTREME_TYPE1,228,11,11,"(114.32, 23.2);(114.32, 23.6);(114.32, 24.0);(114.73, 23.2);(114.73, 23.6);(114.73, 24.0);(114.73, 24.4);(115.14, 23.2);(115.14, 23.6);(115.14, 24.0);(115.14, 24.4)",True
59304,2008-07-30 05:00:00,57.2,SURF,True,EXTREME_TYPE1,343,9,9,"(114.73, 23.2);(114.73, 23.6);(114.73, 24.0);(115.14, 23.2);(115.14, 23.6);(115.14, 24.0);(115.55, 23.2);(115.55, 23.6);(115.55, 24.0)",True
59502,2008-07-30 05:00:00,58.7,SURF,True,EXTREME_TYPE1,315,12,12,"(115.14, 22.8);(115.14, 23.2);(115.55, 22.4);(115.55, 22.8);(115.55, 23.2);(115.55, 23.6);(115.95, 22.4);(115.95, 22.8);(115.95, 23.2);(115.95, 23.6);(116.36, 22.8);(116.36, 23.2)",True
59081,2008-07-31 08:00:00,10.9,SURF,True,EXTREME_TYPE1,168,12,11,"(112.68, 24.4);(112.68, 24.8);(112.68, 25.2);(113.09, 24.4);(113.09, 24.8);(113.09, 25.2);(113.5, 24.4);(113.5, 24.8);(113.5, 25.2);(113.91, 24.4);(113.91, 24.8)",True
59315,2008-07-31 12:00:00,78.4,SURF,True,EXTREME_TYPE1,220,10,9,"(115.95, 23.2);(115.95, 23.6);(115.95, 24.0);(116.36, 23.2);(116.36, 23.6);(116.36, 24.0);(116.77, 23.2);(116.77, 23.6);(116.77, 24.0)",True
59288,2008-08-04 21:00:00,52.9,SURF,True,EXTREME_TYPE1,1089,10,10,"(112.27, 23.2);(112.68, 22.8);(112.68, 23.2);(112.68, 23.6);(113.09, 22.8);(113.09, 23.2);(113.09, 23.6);(113.5, 22.8);(113.5, 23.2);(113.5, 23.6)",True
59476,2008-08-04 23:00:00,3.5,SURF,True,EXTREME_TYPE1,1790,11,11,"(112.27, 22.4);(112.68, 22.0);(112.68, 22.4);(112.68, 22.8);(113.09, 22.0);(113.09, 22.4);(113.09, 22.8);(113.09, 23.2);(113.5, 22.0);(113.5, 22.4);(113.5, 22.8)",True
59315,2008-08-05 10:00:00,21.9,SURF,True,EXTREME_TYPE1,215,10,10,"(115.95, 23.2);(115.95, 23.6);(115.95, 24.0);(116.36, 23.2);(116.36, 23.6);(116.36, 24.0);(116.77, 23.2);(116.77, 23.6);(116.77, 24.0);(117.18, 23.6)",True
59754,2008-08-06 23:00:00,101.9,SURF,True,EXTREME_TYPE1,135,5,5,"(109.82, 20.4);(109.82, 20.8);(110.23, 20.4);(110.23, 20.8);(110.64, 20.8)",True
59754,2008-08-07 00:00:00,70.0,SURF,True,EXTREME_TYPE1,135,5,5,"(109.82, 20.4);(109.82, 20.8);(110.23, 20.4);(110.23, 20.8);(110.64, 20.8)",True
59653,2008-08-07 14:00:00,50.8,SURF,True,EXTREME_TYPE1,293,11,11,"(110.23, 21.6);(110.23, 22.0);(110.64, 21.6);(110.64, 22.0);(110.64, 22.4);(111.05, 21.6);(111.05, 22.0);(111.05, 22.4);(111.45, 21.6);(111.45, 22.0);(111.45, 22.4)",True
59298,2008-08-07 17:00:00,3.1,SURF,True,EXTREME_TYPE1,255,11,11,"(113.91, 22.8);(113.91, 23.2);(113.91, 23.6);(114.32, 22.4);(114.32, 22.8);(114.32, 23.2);(114.32, 23.6);(114.73, 22.8);(114.73, 23.2);(114.73, 23.6);(115.14, 23.2)",True
59278,2008-08-07 18:00:00,3.6,SURF,True,EXTREME_TYPE1,1481,12,12,"(111.86, 22.8);(111.86, 23.2);(112.27, 22.4);(112.27, 22.8);(112.27, 23.2);(112.27, 23.6);(112.68, 22.4);(112.68, 22.8);(112.68, 23.2);(112.68, 23.6);(113.09, 22.8);(113.09, 23.2)",True
59469,2008-08-11 12:00:00,5.5,SURF,True,EXTREME_TYPE1,428,11,11,"(111.05, 22.0);(111.45, 21.6);(111.45, 22.0);(111.45, 22.4);(111.86, 21.6);(111.86, 22.0);(111.86, 22.4);(111.86, 22.8);(112.27, 21.6);(112.27, 22.0);(112.27, 22.4)",True
59074,2008-08-11 18:00:00,13.6,SURF,True,EXTREME_TYPE1,293,9,9,"(111.86, 24.0);(111.86, 24.4);(111.86, 24.8);(112.27, 24.0);(112.27, 24.4);(112.27, 24.8);(112.27, 25.2);(112.68, 24.4);(112.68, 24.8)",True
59654,2008-08-17 17:00:00,26.7,SURF,True,EXTREME_TYPE1,264,10,10,"(109.82, 21.2);(109.82, 21.6);(109.82, 22.0);(110.23, 21.2);(110.23, 21.6);(110.23, 22.0);(110.64, 21.2);(110.64, 21.6);(110.64, 22.0);(111.05, 21.6)",True
59663,2008-08-22 18:00:00,113.3,SURF,True,EXTREME_TYPE1,348,11,11,"(111.45, 21.6);(111.45, 22.0);(111.86, 21.2);(111.86, 21.6);(111.86, 22.0);(111.86, 22.4);(112.27, 21.6);(112.27, 22.0);(112.27, 22.4);(112.68, 21.6);(112.68, 22.0)",True
59488,2008-08-22 20:00:00,7.9,SURF,True,EXTREME_TYPE1,565,11,11,"(113.09, 22.0);(113.09, 22.4);(113.09, 22.8);(113.5, 21.6);(113.5, 22.0);(113.5, 22.4);(113.5, 22.8);(113.91, 22.0);(113.91, 22.4);(113.91, 22.8);(114.32, 22.4)",True
59653,2008-08-22 22:00:00,55.5,SURF,True,EXTREME_TYPE1,299,11,11,"(110.23, 21.6);(110.23, 22.0);(110.64, 21.6);(110.64, 22.0);(110.64, 22.4);(111.05, 21.6);(111.05, 22.0);(111.05, 22.4);(111.45, 21.6);(111.45, 22.0);(111.45, 22.4)",True
59658,2008-08-23 09:00:00,25.7,SURF,True,EXTREME_TYPE1,180,10,10,"(109.82, 20.8);(109.82, 21.2);(109.82, 21.6);(110.23, 20.8);(110.23, 21.2);(110.23, 21.6);(110.64, 20.8);(110.64, 21.2);(110.64, 21.6);(111.05, 21.2)",True
59650,2008-08-28 17:00:00,66.7,SURF,True,EXTREME_TYPE5,255,11,3,"(109.82, 21.6);(110.23, 21.6);(110.64, 21.6)",True
59269,2008-08-31 21:00:00,34.3,SURF,True,EXTREME_TYPE1,616,9,9,"(111.45, 22.8);(111.45, 23.2);(111.45, 23.6);(111.86, 22.8);(111.86, 23.2);(111.86, 23.6);(112.27, 22.8);(112.27, 23.2);(112.27, 23.6)",True
59304,2008-09-07 12:00:00,6.1,SURF,True,EXTREME_TYPE1,360,9,9,"(114.73, 23.2);(114.73, 23.6);(114.73, 24.0);(115.14, 23.2);(115.14, 23.6);(115.14, 24.0);(115.55, 23.2);(115.55, 23.6);(115.55, 24.0)",True
59493,2008-09-17 14:00:00,18.2,SURF,True,EXTREME_TYPE1,487,13,13,"(113.5, 22.0);(113.5, 22.4);(113.5, 22.8);(113.91, 22.0);(113.91, 22.4);(113.91, 22.8);(113.91, 23.2);(114.32, 22.0);(114.32, 22.4);(114.32, 22.8);(114.32, 23.2);(114.73, 22.4);(114.73, 22.8)",True
57988,2008-09-23 21:00:00,3.1,SURF,True,EXTREME_TYPE1,45,11,11,"(112.68, 24.8);(112.68, 25.2);(113.09, 24.8);(113.09, 25.2);(113.09, 25.6);(113.5, 24.8);(113.5, 25.2);(113.5, 25.6);(113.91, 24.8);(113.91, 25.2);(113.91, 25.6)",True
59298,2008-10-05 21:00:00,23.6,SURF,True,EXTREME_TYPE1,225,11,11,"(113.91, 22.8);(113.91, 23.2);(113.91, 23.6);(114.32, 22.4);(114.32, 22.8);(114.32, 23.2);(114.32, 23.6);(114.73, 22.8);(114.73, 23.2);(114.73, 23.6);(115.14, 23.2)",True
59297,2008-10-06 02:00:00,32.0,SURF,True,EXTREME_TYPE1,270,10,10,"(113.5, 23.2);(113.91, 22.8);(113.91, 23.2);(113.91, 23.6);(114.32, 22.8);(114.32, 23.2);(114.32, 23.6);(114.73, 22.8);(114.73, 23.2);(114.73, 23.6)",True
59314,2008-10-06 05:00:00,55.3,SURF,True,EXTREME_TYPE1,373,12,12,"(115.55, 23.2);(115.55, 23.6);(115.95, 22.8);(115.95, 23.2);(115.95, 23.6);(115.95, 24.0);(116.36, 22.8);(116.36, 23.2);(116.36, 23.6);(116.36, 24.0);(116.77, 23.2);(116.77, 23.6)",True
59469,2008-11-02 14:00:00,54.9,SURF,True,EXTREME_TYPE1,450,11,11,"(111.05, 22.0);(111.45, 21.6);(111.45, 22.0);(111.45, 22.4);(111.86, 21.6);(111.86, 22.0);(111.86, 22.4);(111.86, 22.8);(112.27, 21.6);(112.27, 22.0);(112.27, 22.4)",True
59480,2008-11-02 15:00:00,27.6,SURF,True,EXTREME_TYPE1,1548,10,10,"(112.68, 22.4);(112.68, 22.8);(112.68, 23.2);(113.09, 22.4);(113.09, 22.8);(113.09, 23.2);(113.5, 22.4);(113.5, 22.8);(113.5, 23.2);(113.91, 22.8)",True
59654,2008-11-02 23:00:00,56.4,SURF,True,EXTREME_TYPE1,269,10,10,"(109.82, 21.2);(109.82, 21.6);(109.82, 22.0);(110.23, 21.2);(110.23, 21.6);(110.23, 22.0);(110.64, 21.2);(110.64, 21.6);(110.64, 22.0);(111.05, 21.6)",True
59284,2008-11-03 04:00:00,50.2,SURF,True,EXTREME_TYPE1,856,12,12,"(112.68, 23.2);(112.68, 23.6);(113.09, 22.8);(113.09, 23.2);(113.09, 23.6);(113.09, 24.0);(113.5, 22.8);(113.5, 23.2);(113.5, 23.6);(113.5, 24.0);(113.91, 23.2);(113.91, 23.6)",True
59294,2008-11-03 10:00:00,20.8,SURF,True,EXTREME_TYPE1,539,11,11,"(113.09, 23.2);(113.5, 22.8);(113.5, 23.2);(113.5, 23.6);(113.91, 22.8);(113.91, 23.2);(113.91, 23.6);(113.91, 24.0);(114.32, 22.8);(114.32, 23.2);(114.32, 23.6)",True
59477,2008-11-07 19:00:00,56.5,SURF,True,EXTREME_TYPE1,1165,10,10,"(111.86, 22.0);(111.86, 22.4);(111.86, 22.8);(112.27, 21.6);(112.27, 22.0);(112.27, 22.4);(112.27, 22.8);(112.68, 22.0);(112.68, 22.4);(112.68, 22.8)",True
59475,2008-11-07 20:00:00,50.0,SURF,True,EXTREME_TYPE1,1628,9,9,"(112.27, 22.0);(112.27, 22.4);(112.27, 22.8);(112.68, 22.0);(112.68, 22.4);(112.68, 22.8);(113.09, 22.0);(113.09, 22.4);(113.09, 22.8)",True
59319,2008-11-08 09:00:00,6.1,SURF,True,EXTREME_TYPE1,195,11,11,"(115.95, 23.6);(116.36, 23.2);(116.36, 23.6);(116.36, 24.0);(116.77, 22.8);(116.77, 23.2);(116.77, 23.6);(116.77, 24.0);(117.18, 23.2);(117.18, 23.6);(117.18, 24.0)",True
59287,2008-12-04 07:00:00,5.6,SURF,True,EXTREME_TYPE1,860,9,9,"(113.09, 22.8);(113.09, 23.2);(113.09, 23.6);(113.5, 22.8);(113.5, 23.2);(113.5, 23.6);(113.91, 22.8);(113.91, 23.2);(113.91, 23.6)",True
59279,2009-03-06 02:00:00,5.2,SURF,True,EXTREME_TYPE1,1394,12,12,"(112.27, 22.8);(112.27, 23.2);(112.27, 23.6);(112.68, 22.8);(112.68, 23.2);(112.68, 23.6);(113.09, 22.8);(113.09, 23.2);(113.09, 23.6);(113.5, 22.8);(113.5, 23.2);(113.5, 23.6)",True
59310,2009-03-06 11:00:00,1.8,SURF,True,EXTREME_TYPE1,465,12,12,"(115.55, 23.6);(115.55, 24.0);(115.95, 23.2);(115.95, 23.6);(115.95, 24.0);(115.95, 24.4);(116.36, 23.2);(116.36, 23.6);(116.36, 24.0);(116.36, 24.4);(116.77, 23.6);(116.77, 24.0)",True
59314,2009-03-06 13:00:00,5.2,SURF,True,EXTREME_TYPE1,465,12,12,"(115.55, 23.2);(115.55, 23.6);(115.95, 22.8);(115.95, 23.2);(115.95, 23.6);(115.95, 24.0);(116.36, 22.8);(116.36, 23.2);(116.36, 23.6);(116.36, 24.0);(116.77, 23.2);(116.77, 23.6)",True
57988,2009-04-09 15:00:00,5.2,SURF,True,EXTREME_TYPE1,114,11,11,"(112.68, 24.8);(112.68, 25.2);(113.09, 24.8);(113.09, 25.2);(113.09, 25.6);(113.5, 24.8);(113.5, 25.2);(113.5, 25.6);(113.91, 24.8);(113.91, 25.2);(113.91, 25.6)",True
59754,2009-04-18 12:00:00,63.0,SURF,True,EXTREME_TYPE1,185,5,5,"(109.82, 20.4);(109.82, 20.8);(110.23, 20.4);(110.23, 20.8);(110.64, 20.8)",True
59294,2009-04-19 15:00:00,28.0,SURF,True,EXTREME_TYPE1,737,11,11,"(113.09, 23.2);(113.5, 22.8);(113.5, 23.2);(113.5, 23.6);(113.91, 22.8);(113.91, 23.2);(113.91, 23.6);(113.91, 24.0);(114.32, 22.8);(114.32, 23.2);(114.32, 23.6)",True
59088,2009-04-20 02:00:00,15.6,SURF,True,EXTREME_TYPE1,477,12,12,"(112.68, 24.0);(112.68, 24.4);(113.09, 23.6);(113.09, 24.0);(113.09, 24.4);(113.09, 24.8);(113.5, 23.6);(113.5, 24.0);(113.5, 24.4);(113.5, 24.8);(113.91, 24.0);(113.91, 24.4)",True
59114,2009-04-20 03:00:00,5.6,SURF,True,EXTREME_TYPE1,150,10,10,"(115.55, 24.4);(115.55, 24.8);(115.95, 24.0);(115.95, 24.4);(115.95, 24.8);(116.36, 24.0);(116.36, 24.4);(116.36, 24.8);(116.77, 24.4);(116.77, 24.8)",True
59071,2009-04-24 20:00:00,5.0,SURF,True,EXTREME_TYPE1,230,8,8,"(111.86, 24.4);(111.86, 24.8);(112.27, 24.4);(112.27, 24.8);(112.27, 25.2);(112.68, 24.4);(112.68, 24.8);(112.68, 25.2)",True
59477,2009-04-25 04:00:00,57.8,SURF,True,EXTREME_TYPE1,1699,10,10,"(111.86, 22.0);(111.86, 22.4);(111.86, 22.8);(112.27, 21.6);(112.27, 22.0);(112.27, 22.4);(112.27, 22.8);(112.68, 22.0);(112.68, 22.4);(112.68, 22.8)",True
59314,2009-04-25 14:00:00,9.3,SURF,True,EXTREME_TYPE1,435,12,12,"(115.55, 23.2);(115.55, 23.6);(115.95, 22.8);(115.95, 23.2);(115.95, 23.6);(115.95, 24.0);(116.36, 22.8);(116.36, 23.2);(116.36, 23.6);(116.36, 24.0);(116.77, 23.2);(116.77, 23.6)",True
G1043,2009-05-01 19:00:00,24.0,AWST,False,FALSE,1629,10,0,,True
G1043,2009-05-01 20:00:00,95.8,AWST,False,FALSE,1629,10,0,,True
G1043,2009-05-01 21:00:00,106.6,AWST,False,FALSE,1630,10,0,,True
G1043,2009-05-01 22:00:00,169.0,AWST,False,FALSE,1630,10,0,,True
G1043,2009-05-02 00:00:00,217.6,AWST,False,FALSE,1632,10,0,,True
G1043,2009-05-02 01:00:00,112.1,AWST,False,FALSE,1634,10,0,,True
G1043,2009-05-02 04:00:00,21.5,AWST,False,FALSE,1637,10,0,,True
G1043,2009-05-02 06:00:00,33.5,AWST,False,FALSE,1634,10,0,,True
G1043,2009-05-02 07:00:00,48.1,AWST,False,FALSE,1631,10,0,,True
G1043,2009-05-02 08:00:00,47.5,AWST,False,FALSE,1628,10,0,,True
G1043,2009-05-02 09:00:00,17.4,AWST,False,FALSE,1626,10,0,,True
59074,2009-05-17 11:00:00,33.9,SURF,True,EXTREME_TYPE1,401,9,9,"(111.86, 24.0);(111.86, 24.4);(111.86, 24.8);(112.27, 24.0);(112.27, 24.4);(112.27, 24.8);(112.27, 25.2);(112.68, 24.4);(112.68, 24.8)",True
59114,2009-05-18 21:00:00,11.0,SURF,True,EXTREME_TYPE1,180,10,10,"(115.55, 24.4);(115.55, 24.8);(115.95, 24.0);(115.95, 24.4);(115.95, 24.8);(116.36, 24.0);(116.36, 24.4);(116.36, 24.8);(116.77, 24.4);(116.77, 24.8)",True
59290,2009-05-19 12:00:00,12.8,SURF,True,EXTREME_TYPE1,426,11,11,"(113.5, 23.6);(113.91, 23.2);(113.91, 23.6);(113.91, 24.0);(113.91, 24.4);(114.32, 23.2);(114.32, 23.6);(114.32, 24.0);(114.32, 24.4);(114.73, 23.6);(114.73, 24.0)",True
59488,2009-05-23 15:00:00,53.9,SURF,True,EXTREME_TYPE1,668,11,11,"(113.09, 22.0);(113.09, 22.4);(113.09, 22.8);(113.5, 21.6);(113.5, 22.0);(113.5, 22.4);(113.5, 22.8);(113.91, 22.0);(113.91, 22.4);(113.91, 22.8);(114.32, 22.4)",True
59663,2009-05-23 19:00:00,22.6,SURF,True,EXTREME_TYPE1,518,11,11,"(111.45, 21.6);(111.45, 22.0);(111.86, 21.2);(111.86, 21.6);(111.86, 22.0);(111.86, 22.4);(112.27, 21.6);(112.27, 22.0);(112.27, 22.4);(112.68, 21.6);(112.68, 22.0)",True
59478,2009-05-23 20:00:00,25.7,SURF,True,EXTREME_TYPE1,1648,12,12,"(112.27, 22.0);(112.27, 22.4);(112.68, 21.6);(112.68, 22.0);(112.68, 22.4);(112.68, 22.8);(113.09, 21.6);(113.09, 22.0);(113.09, 22.4);(113.09, 22.8);(113.5, 22.0);(113.5, 22.4)",True
59470,2009-05-24 04:00:00,7.2,SURF,True,EXTREME_TYPE1,1620,10,10,"(111.45, 22.8);(111.86, 22.4);(111.86, 22.8);(111.86, 23.2);(112.27, 22.4);(112.27, 22.8);(112.27, 23.2);(112.68, 22.4);(112.68, 22.8);(112.68, 23.2)",True
59294,2009-05-24 10:00:00,8.0,SURF,True,EXTREME_TYPE1,790,11,11,"(113.09, 23.2);(113.5, 22.8);(113.5, 23.2);(113.5, 23.6);(113.91, 22.8);(113.91, 23.2);(113.91, 23.6);(113.91, 24.0);(114.32, 22.8);(114.32, 23.2);(114.32, 23.6)",True
59469,2009-05-24 10:00:00,8.8,SURF,True,EXTREME_TYPE1,659,11,11,"(111.05, 22.0);(111.45, 21.6);(111.45, 22.0);(111.45, 22.4);(111.86, 21.6);(111.86, 22.0);(111.86, 22.4);(111.86, 22.8);(112.27, 21.6);(112.27, 22.0);(112.27, 22.4)",True
59072,2009-05-24 11:00:00,1.6,SURF,True,EXTREME_TYPE1,486,9,9,"(111.86, 24.4);(111.86, 24.8);(112.27, 24.4);(112.27, 24.8);(112.27, 25.2);(112.68, 24.4);(112.68, 24.8);(112.68, 25.2);(113.09, 24.8)",True
59485,2009-05-24 12:00:00,20.3,SURF,True,EXTREME_TYPE1,2023,12,12,"(112.68, 22.4);(112.68, 22.8);(113.09, 22.0);(113.09, 22.4);(113.09, 22.8);(113.5, 22.0);(113.5, 22.4);(113.5, 22.8);(113.5, 23.2);(113.91, 22.0);(113.91, 22.4);(113.91, 22.8)",True
59471,2009-05-24 21:00:00,2.6,SURF,True,EXTREME_TYPE1,1624,12,12,"(111.45, 22.8);(111.45, 23.2);(111.86, 22.4);(111.86, 22.8);(111.86, 23.2);(111.86, 23.6);(112.27, 22.4);(112.27, 22.8);(112.27, 23.2);(112.27, 23.6);(112.68, 22.8);(112.68, 23.2)",True
59075,2009-06-03 01:00:00,24.9,SURF,True,EXTREME_TYPE1,494,12,12,"(111.86, 24.0);(111.86, 24.4);(112.27, 24.0);(112.27, 24.4);(112.27, 24.8);(112.68, 23.6);(112.68, 24.0);(112.68, 24.4);(112.68, 24.8);(113.09, 24.0);(113.09, 24.4);(113.09, 24.8)",True
59082,2009-06-03 03:00:00,24.0,SURF,True,EXTREME_TYPE1,356,12,12,"(113.09, 24.4);(113.09, 24.8);(113.09, 25.2);(113.5, 24.0);(113.5, 24.4);(113.5, 24.8);(113.5, 25.2);(113.91, 24.4);(113.91, 24.8);(113.91, 25.2);(114.32, 24.4);(114.32, 24.8)",True
59279,2009-06-03 22:00:00,52.8,SURF,True,EXTREME_TYPE1,1635,12,12,"(112.27, 22.8);(112.27, 23.2);(112.27, 23.6);(112.68, 22.8);(112.68, 23.2);(112.68, 23.6);(113.09, 22.8);(113.09, 23.2);(113.09, 23.6);(113.5, 22.8);(113.5, 23.2);(113.5, 23.6)",True
59287,2009-06-03 23:00:00,67.7,SURF,True,EXTREME_TYPE1,1213,9,9,"(113.09, 22.8);(113.09, 23.2);(113.09, 23.6);(113.5, 22.8);(113.5, 23.2);(113.5, 23.6);(113.91, 22.8);(113.91, 23.2);(113.91, 23.6)",True
59298,2009-06-04 01:00:00,35.2,SURF,True,EXTREME_TYPE1,471,11,11,"(113.91, 22.8);(113.91, 23.2);(113.91, 23.6);(114.32, 22.4);(114.32, 22.8);(114.32, 23.2);(114.32, 23.6);(114.73, 22.8);(114.73, 23.2);(114.73, 23.6);(115.14, 23.2)",True
59116,2009-06-04 03:00:00,11.7,SURF,True,EXTREME_TYPE1,128,9,9,"(115.95, 24.4);(116.36, 24.0);(116.36, 24.4);(116.36, 24.8);(116.77, 24.0);(116.77, 24.4);(116.77, 24.8);(117.18, 24.0);(117.18, 24.4)",True
59502,2009-06-04 03:00:00,25.5,SURF,True,EXTREME_TYPE1,485,12,12,"(115.14, 22.8);(115.14, 23.2);(115.55, 22.4);(115.55, 22.8);(115.55, 23.2);(115.55, 23.6);(115.95, 22.4);(115.95, 22.8);(115.95, 23.2);(115.95, 23.6);(116.36, 22.8);(116.36, 23.2)",True
59658,2009-06-07 18:00:00,52.2,SURF,True,EXTREME_TYPE1,290,10,10,"(109.82, 20.8);(109.82, 21.2);(109.82, 21.6);(110.23, 20.8);(110.23, 21.2);(110.23, 21.6);(110.64, 20.8);(110.64, 21.2);(110.64, 21.6);(111.05, 21.2)",True
59659,2009-06-08 01:00:00,1.7,SURF,True,EXTREME_TYPE1,509,12,12,"(110.23, 21.6);(110.23, 22.0);(110.64, 21.2);(110.64, 21.6);(110.64, 22.0);(110.64, 22.4);(111.05, 21.2);(111.05, 21.6);(111.05, 22.0);(111.05, 22.4);(111.45, 21.6);(111.45, 22.0)",True
59663,2009-06-08 03:00:00,60.6,SURF,True,EXTREME_TYPE1,525,11,11,"(111.45, 21.6);(111.45, 22.0);(111.86, 21.2);(111.86, 21.6);(111.86, 22.0);(111.86, 22.4);(112.27, 21.6);(112.27, 22.0);(112.27, 22.4);(112.68, 21.6);(112.68, 22.0)",True
59750,2009-06-09 04:00:00,10.6,SURF,True,EXTREME_TYPE1,350,11,10,"(109.82, 20.4);(109.82, 20.8);(109.82, 21.2);(109.82, 21.6);(110.23, 20.4);(110.23, 20.8);(110.23, 21.2);(110.23, 21.6);(110.64, 20.8);(110.64, 21.2)",True
59487,2009-06-09 09:00:00,28.4,SURF,True,EXTREME_TYPE1,1278,12,12,"(112.68, 22.0);(112.68, 22.4);(113.09, 21.6);(113.09, 22.0);(113.09, 22.4);(113.09, 22.8);(113.5, 21.6);(113.5, 22.0);(113.5, 22.4);(113.5, 22.8);(113.91, 22.0);(113.91, 22.4)",True
59485,2009-06-09 11:00:00,8.3,SURF,True,EXTREME_TYPE1,2016,12,12,"(112.68, 22.4);(112.68, 22.8);(113.09, 22.0);(113.09, 22.4);(113.09, 22.8);(113.5, 22.0);(113.5, 22.4);(113.5, 22.8);(113.5, 23.2);(113.91, 22.0);(113.91, 22.4);(113.91, 22.8)",True
59072,2009-06-10 06:00:00,11.5,SURF,True,EXTREME_TYPE1,484,9,9,"(111.86, 24.4);(111.86, 24.8);(112.27, 24.4);(112.27, 24.8);(112.27, 25.2);(112.68, 24.4);(112.68, 24.8);(112.68, 25.2);(113.09, 24.8)",True
59313,2009-06-10 08:00:00,12.6,SURF,True,EXTREME_TYPE1,80,9,9,"(116.36, 23.6);(116.36, 24.0);(116.77, 23.2);(116.77, 23.6);(116.77, 24.0);(117.18, 23.2);(117.18, 23.6);(117.18, 24.0);(117.59, 23.6)",True
59303,2009-06-11 14:00:00,63.6,SURF,True,EXTREME_TYPE1,720,10,10,"(115.14, 23.6);(115.14, 24.0);(115.55, 23.6);(115.55, 24.0);(115.55, 24.4);(115.95, 23.6);(115.95, 24.0);(115.95, 24.4);(116.36, 23.6);(116.36, 24.0)",True
59500,2009-06-13 13:00:00,5.0,SURF,True,EXTREME_TYPE1,509,12,12,"(114.73, 22.8);(114.73, 23.2);(115.14, 22.4);(115.14, 22.8);(115.14, 23.2);(115.14, 23.6);(115.55, 22.4);(115.55, 22.8);(115.55, 23.2);(115.55, 23.6);(115.95, 22.8);(115.95, 23.2)",True
59663,2009-06-13 21:00:00,52.5,SURF,True,EXTREME_TYPE1,517,11,11,"(111.45, 21.6);(111.45, 22.0);(111.86, 21.2);(111.86, 21.6);(111.86, 22.0);(111.86, 22.4);(112.27, 21.6);(112.27, 22.0);(112.27, 22.4);(112.68, 21.6);(112.68, 22.0)",True
59663,2009-06-13 22:00:00,50.8,SURF,True,EXTREME_TYPE1,516,11,11,"(111.45, 21.6);(111.45, 22.0);(111.86, 21.2);(111.86, 21.6);(111.86, 22.0);(111.86, 22.4);(112.27, 21.6);(112.27, 22.0);(112.27, 22.4);(112.68, 21.6);(112.68, 22.0)",True
59082,2009-06-14 18:00:00,51.9,SURF,True,EXTREME_TYPE1,356,12,12,"(113.09, 24.4);(113.09, 24.8);(113.09, 25.2);(113.5, 24.0);(113.5, 24.4);(113.5, 24.8);(113.5, 25.2);(113.91, 24.4);(113.91, 24.8);(113.91, 25.2);(114.32, 24.4);(114.32, 24.8)",True
59664,2009-06-15 12:00:00,34.0,SURF,True,EXTREME_TYPE1,505,10,10,"(110.23, 21.6);(110.64, 21.2);(110.64, 21.6);(110.64, 22.0);(111.05, 21.2);(111.05, 21.6);(111.05, 22.0);(111.45, 21.2);(111.45, 21.6);(111.45, 22.0)",True
G3531,2009-06-19 19:00:00,603.7,AWST,False,FALSE,1221,10,0,,True
59318,2009-06-21 20:00:00,15.4,SURF,True,EXTREME_TYPE1,280,12,12,"(115.95, 23.2);(115.95, 23.6);(116.36, 22.8);(116.36, 23.2);(116.36, 23.6);(116.36, 24.0);(116.77, 22.8);(116.77, 23.2);(116.77, 23.6);(116.77, 24.0);(117.18, 23.2);(117.18, 23.6)",True
59317,2009-06-22 07:00:00,63.5,SURF,True,EXTREME_TYPE1,409,9,9,"(115.95, 22.4);(115.95, 22.8);(115.95, 23.2);(115.95, 23.6);(116.36, 22.8);(116.36, 23.2);(116.36, 23.6);(116.77, 22.8);(116.77, 23.2)",True
59087,2009-06-22 08:00:00,43.5,SURF,True,EXTREME_TYPE1,509,10,10,"(113.09, 23.6);(113.09, 24.0);(113.09, 24.4);(113.5, 23.2);(113.5, 23.6);(113.5, 24.0);(113.5, 24.4);(113.91, 23.6);(113.91, 24.0);(113.91, 24.4)",True
59106,2009-06-22 09:00:00,138.9,SURF,True,EXTREME_TYPE2,311,10,1,"(116.36, 24.4)",True
59106,2009-06-22 13:00:00,61.4,SURF,True,EXTREME_TYPE1,310,10,10,"(115.14, 24.4);(115.14, 24.8);(115.55, 24.0);(115.55, 24.4);(115.55, 24.8);(115.95, 24.0);(115.95, 24.4);(115.95, 24.8);(116.36, 24.4);(116.36, 24.8)",True
59107,2009-06-22 16:00:00,11.0,SURF,True,EXTREME_TYPE1,563,12,12,"(114.73, 23.6);(114.73, 24.0);(114.73, 24.4);(115.14, 23.6);(115.14, 24.0);(115.14, 24.4);(115.14, 24.8);(115.55, 23.6);(115.55, 24.0);(115.55, 24.4);(115.95, 24.0);(115.95, 24.4)",True
59096,2009-06-22 17:00:00,55.0,SURF,True,EXTREME_TYPE1,236,12,12,"(113.91, 24.0);(113.91, 24.4);(113.91, 24.8);(114.32, 24.0);(114.32, 24.4);(114.32, 24.8);(114.73, 24.0);(114.73, 24.4);(114.73, 24.8);(115.14, 24.0);(115.14, 24.4);(115.14, 24.8)",True
59285,2009-06-23 08:00:00,13.6,SURF,True,EXTREME_TYPE1,792,10,10,"(113.09, 23.2);(113.09, 23.6);(113.09, 24.0);(113.5, 23.2);(113.5, 23.6);(113.5, 24.0);(113.91, 23.2);(113.91, 23.6);(113.91, 24.0);(114.32, 23.6)",True
59310,2009-06-23 14:00:00,68.1,SURF,True,EXTREME_TYPE3,530,12,12,"(115.55, 23.6);(115.55, 24.0);(115.95, 23.2);(115.95, 23.6);(115.95, 24.0);(115.95, 24.4);(116.36, 23.2);(116.36, 23.6);(116.36, 24.0);(116.36, 24.4);(116.77, 23.6);(116.77, 24.0)",True
59750,2009-06-26 14:00:00,52.7,SURF,True,EXTREME_TYPE1,341,11,11,"(109.41, 21.2);(109.82, 20.4);(109.82, 20.8);(109.82, 21.2);(109.82, 21.6);(110.23, 20.4);(110.23, 20.8);(110.23, 21.2);(110.23, 21.6);(110.64, 20.8);(110.64, 21.2)",True
59280,2009-06-27 17:00:00,27.3,SURF,True,EXTREME_TYPE1,672,10,10,"(112.68, 23.2);(112.68, 23.6);(112.68, 24.0);(113.09, 23.2);(113.09, 23.6);(113.09, 24.0);(113.09, 24.4);(113.5, 23.2);(113.5, 23.6);(113.5, 24.0)",True
59492,2009-06-28 01:00:00,26.0,SURF,True,EXTREME_TYPE1,439,11,11,"(114.32, 22.4);(114.32, 22.8);(114.32, 23.2);(114.32, 23.6);(114.73, 22.4);(114.73, 22.8);(114.73, 23.2);(114.73, 23.6);(115.14, 22.8);(115.14, 23.2);(115.14, 23.6)",True
59478,2009-06-28 12:00:00,20.9,SURF,True,EXTREME_TYPE1,1662,12,12,"(112.27, 22.0);(112.27, 22.4);(112.68, 21.6);(112.68, 22.0);(112.68, 22.4);(112.68, 22.8);(113.09, 21.6);(113.09, 22.0);(113.09, 22.4);(113.09, 22.8);(113.5, 22.0);(113.5, 22.4)",True
59476,2009-06-28 17:00:00,13.2,SURF,True,EXTREME_TYPE1,2544,11,11,"(112.27, 22.4);(112.68, 22.0);(112.68, 22.4);(112.68, 22.8);(113.09, 22.0);(113.09, 22.4);(113.09, 22.8);(113.09, 23.2);(113.5, 22.0);(113.5, 22.4);(113.5, 22.8)",True
59477,2009-07-04 02:00:00,6.0,SURF,True,EXTREME_TYPE1,1746,10,10,"(111.86, 22.0);(111.86, 22.4);(111.86, 22.8);(112.27, 21.6);(112.27, 22.0);(112.27, 22.4);(112.27, 22.8);(112.68, 22.0);(112.68, 22.4);(112.68, 22.8)",True
59462,2009-07-04 13:00:00,2.8,SURF,True,EXTREME_TYPE1,876,11,11,"(111.05, 22.4);(111.05, 22.8);(111.05, 23.2);(111.45, 22.4);(111.45, 22.8);(111.45, 23.2);(111.86, 22.4);(111.86, 22.8);(111.86, 23.2);(112.27, 22.4);(112.27, 22.8)",True
59653,2009-07-05 16:00:00,14.6,SURF,True,EXTREME_TYPE1,465,11,11,"(110.23, 21.6);(110.23, 22.0);(110.64, 21.6);(110.64, 22.0);(110.64, 22.4);(111.05, 21.6);(111.05, 22.0);(111.05, 22.4);(111.45, 21.6);(111.45, 22.0);(111.45, 22.4)",True
59304,2009-07-12 14:00:00,15.4,SURF,True,EXTREME_TYPE1,595,9,9,"(114.73, 23.2);(114.73, 23.6);(114.73, 24.0);(115.14, 23.2);(115.14, 23.6);(115.14, 24.0);(115.55, 23.2);(115.55, 23.6);(115.55, 24.0)",True
59462,2009-07-19 01:00:00,50.7,SURF,True,EXTREME_TYPE1,860,11,11,"(111.05, 22.4);(111.05, 22.8);(111.05, 23.2);(111.45, 22.4);(111.45, 22.8);(111.45, 23.2);(111.86, 22.4);(111.86, 22.8);(111.86, 23.2);(112.27, 22.4);(112.27, 22.8)",True
59664,2009-07-19 09:00:00,62.9,SURF,True,EXTREME_TYPE1,508,10,10,"(110.23, 21.6);(110.64, 21.2);(110.64, 21.6);(110.64, 22.0);(111.05, 21.2);(111.05, 21.6);(111.05, 22.0);(111.45, 21.2);(111.45, 21.6);(111.45, 22.0)",True
59656,2009-07-19 10:00:00,30.4,SURF,True,EXTREME_TYPE1,371,11,11,"(110.23, 21.2);(110.23, 21.6);(110.64, 20.8);(110.64, 21.2);(110.64, 21.6);(110.64, 22.0);(111.05, 21.2);(111.05, 21.6);(111.05, 22.0);(111.45, 21.2);(111.45, 21.6)",True
59456,2009-07-19 13:00:00,18.7,SURF,True,EXTREME_TYPE1,419,10,10,"(110.23, 22.4);(110.64, 22.0);(110.64, 22.4);(110.64, 22.8);(111.05, 22.0);(111.05, 22.4);(111.05, 22.8);(111.45, 22.0);(111.45, 22.4);(111.45, 22.8)",True
59750,2009-07-20 16:00:00,51.5,SURF,True,EXTREME_TYPE1,350,11,11,"(109.41, 21.2);(109.82, 20.4);(109.82, 20.8);(109.82, 21.2);(109.82, 21.6);(110.23, 20.4);(110.23, 20.8);(110.23, 21.2);(110.23, 21.6);(110.64, 20.8);(110.64, 21.2)",True
59315,2009-07-23 15:00:00,3.8,SURF,True,EXTREME_TYPE1,280,10,10,"(115.95, 23.2);(115.95, 23.6);(115.95, 24.0);(116.36, 23.2);(116.36, 23.6);(116.36, 24.0);(116.77, 23.2);(116.77, 23.6);(116.77, 24.0);(117.18, 23.6)",True
59316,2009-07-25 11:00:00,10.8,SURF,True,EXTREME_TYPE1,280,12,12,"(115.95, 23.2);(115.95, 23.6);(116.36, 22.8);(116.36, 23.2);(116.36, 23.6);(116.36, 24.0);(116.77, 22.8);(116.77, 23.2);(116.77, 23.6);(116.77, 24.0);(117.18, 23.2);(117.18, 23.6)",True
59478,2009-07-25 11:00:00,25.8,SURF,True,EXTREME_TYPE1,1688,12,12,"(112.27, 22.0);(112.27, 22.4);(112.68, 21.6);(112.68, 22.0);(112.68, 22.4);(112.68, 22.8);(113.09, 21.6);(113.09, 22.0);(113.09, 22.4);(113.09, 22.8);(113.5, 22.0);(113.5, 22.4)",True
59502,2009-07-26 05:00:00,41.1,SURF,True,EXTREME_TYPE4,489,12,4,"(115.14, 22.8);(115.14, 23.2);(115.95, 22.8);(115.95, 23.2)",True
59074,2009-07-28 08:00:00,53.0,SURF,True,EXTREME_TYPE1,410,9,1,"(112.68, 24.4)",True
59655,2009-07-29 02:00:00,53.0,SURF,True,EXTREME_TYPE1,497,10,10,"(110.23, 21.2);(110.23, 21.6);(110.23, 22.0);(110.64, 21.2);(110.64, 21.6);(110.64, 22.0);(110.64, 22.4);(111.05, 21.2);(111.05, 21.6);(111.05, 22.0)",True
59287,2009-07-31 12:00:00,12.9,SURF,True,EXTREME_TYPE1,1218,9,9,"(113.09, 22.8);(113.09, 23.2);(113.09, 23.6);(113.5, 22.8);(113.5, 23.2);(113.5, 23.6);(113.91, 22.8);(113.91, 23.2);(113.91, 23.6)",True
59278,2009-08-05 01:00:00,2.2,SURF,True,EXTREME_TYPE1,2251,12,12,"(111.86, 22.8);(111.86, 23.2);(112.27, 22.4);(112.27, 22.8);(112.27, 23.2);(112.27, 23.6);(112.68, 22.4);(112.68, 22.8);(112.68, 23.2);(112.68, 23.6);(113.09, 22.8);(113.09, 23.2)",True
59456,2009-08-05 01:00:00,7.2,SURF,True,EXTREME_TYPE1,419,10,10,"(110.23, 22.4);(110.64, 22.0);(110.64, 22.4);(110.64, 22.8);(111.05, 22.0);(111.05, 22.4);(111.05, 22.8);(111.45, 22.0);(111.45, 22.4);(111.45, 22.8)",True
59663,2009-08-05 08:00:00,2.7,SURF,True,EXTREME_TYPE1,540,11,11,"(111.45, 21.6);(111.45, 22.0);(111.86, 21.2);(111.86, 21.6);(111.86, 22.0);(111.86, 22.4);(112.27, 21.6);(112.27, 22.0);(112.27, 22.4);(112.68, 21.6);(112.68, 22.0)",True
G2505,2009-08-05 10:00:00,278.1,AWST,False,FALSE,352,10,0,,True
G2505,2009-08-05 11:00:00,337.7,AWST,False,FALSE,351,10,0,,True
59673,2009-08-05 12:00:00,60.1,SURF,True,EXTREME_TYPE1,110,8,8,"(112.27, 21.6);(112.27, 22.0);(112.68, 21.6);(112.68, 22.0);(112.68, 22.4);(113.09, 21.6);(113.09, 22.0);(113.5, 21.6)",True
59673,2009-08-05 13:00:00,43.1,SURF,True,EXTREME_TYPE1,110,8,8,"(112.27, 21.6);(112.27, 22.0);(112.68, 21.6);(112.68, 22.0);(112.68, 22.4);(113.09, 21.6);(113.09, 22.0);(113.5, 21.6)",True
59476,2009-08-06 01:00:00,18.5,SURF,True,EXTREME_TYPE1,2609,11,11,"(112.27, 22.4);(112.68, 22.0);(112.68, 22.4);(112.68, 22.8);(113.09, 22.0);(113.09, 22.4);(113.09, 22.8);(113.09, 23.2);(113.5, 22.0);(113.5, 22.4);(113.5, 22.8)",True
59477,2009-08-06 04:00:00,32.6,SURF,True,EXTREME_TYPE1,1757,10,10,"(111.86, 22.0);(111.86, 22.4);(111.86, 22.8);(112.27, 21.6);(112.27, 22.0);(112.27, 22.4);(112.27, 22.8);(112.68, 22.0);(112.68, 22.4);(112.68, 22.8)",True
59476,2009-08-10 23:00:00,53.7,SURF,True,EXTREME_TYPE1,2596,11,11,"(112.27, 22.4);(112.68, 22.0);(112.68, 22.4);(112.68, 22.8);(113.09, 22.0);(113.09, 22.4);(113.09, 22.8);(113.09, 23.2);(113.5, 22.0);(113.5, 22.4);(113.5, 22.8)",True
59288,2009-08-11 17:00:00,33.9,SURF,True,EXTREME_TYPE1,1663,10,10,"(112.27, 23.2);(112.68, 22.8);(112.68, 23.2);(112.68, 23.6);(113.09, 22.8);(113.09, 23.2);(113.09, 23.6);(113.5, 22.8);(113.5, 23.2);(113.5, 23.6)",True
59114,2009-08-11 22:00:00,20.6,SURF,True,EXTREME_TYPE1,190,10,10,"(115.55, 24.4);(115.55, 24.8);(115.95, 24.0);(115.95, 24.4);(115.95, 24.8);(116.36, 24.0);(116.36, 24.4);(116.36, 24.8);(116.77, 24.4);(116.77, 24.8)",True
59279,2009-08-12 05:00:00,58.7,SURF,True,EXTREME_TYPE1,1654,12,12,"(112.27, 22.8);(112.27, 23.2);(112.27, 23.6);(112.68, 22.8);(112.68, 23.2);(112.68, 23.6);(113.09, 22.8);(113.09, 23.2);(113.09, 23.6);(113.5, 22.8);(113.5, 23.2);(113.5, 23.6)",True
59288,2009-08-12 05:00:00,65.0,SURF,True,EXTREME_TYPE1,1654,10,10,"(112.27, 23.2);(112.68, 22.8);(112.68, 23.2);(112.68, 23.6);(113.09, 22.8);(113.09, 23.2);(113.09, 23.6);(113.5, 22.8);(113.5, 23.2);(113.5, 23.6)",True
59462,2009-08-12 07:00:00,62.2,SURF,True,EXTREME_TYPE1,869,11,11,"(111.05, 22.4);(111.05, 22.8);(111.05, 23.2);(111.45, 22.4);(111.45, 22.8);(111.45, 23.2);(111.86, 22.4);(111.86, 22.8);(111.86, 23.2);(112.27, 22.4);(112.27, 22.8)",True
59294,2009-08-17 01:00:00,23.2,SURF,True,EXTREME_TYPE1,791,11,11,"(113.09, 23.2);(113.5, 22.8);(113.5, 23.2);(113.5, 23.6);(113.91, 22.8);(113.91, 23.2);(113.91, 23.6);(113.91, 24.0);(114.32, 22.8);(114.32, 23.2);(114.32, 23.6)",True
G8207,2009-08-23 20:00:00,2.1,AWST,False,EXTREME_TYPE1,1645,12,12,"(112.27, 23.2);(112.27, 23.6);(112.27, 24.0);(112.68, 22.8);(112.68, 23.2);(112.68, 23.6);(112.68, 24.0);(113.09, 23.2);(113.09, 23.6);(113.09, 24.0);(113.5, 23.2);(113.5, 23.6)",True
59287,2009-08-25 16:00:00,40.4,SURF,True,EXTREME_TYPE1,1226,9,9,"(113.09, 22.8);(113.09, 23.2);(113.09, 23.6);(113.5, 22.8);(113.5, 23.2);(113.5, 23.6);(113.91, 22.8);(113.91, 23.2);(113.91, 23.6)",True
59290,2009-09-09 07:00:00,32.0,SURF,True,EXTREME_TYPE1,440,11,11,"(113.5, 23.6);(113.91, 23.2);(113.91, 23.6);(113.91, 24.0);(113.91, 24.4);(114.32, 23.2);(114.32, 23.6);(114.32, 24.0);(114.32, 24.4);(114.73, 23.6);(114.73, 24.0)",True
59107,2009-09-12 23:00:00,16.9,SURF,True,EXTREME_TYPE1,558,12,12,"(114.73, 23.6);(114.73, 24.0);(114.73, 24.4);(115.14, 23.6);(115.14, 24.0);(115.14, 24.4);(115.14, 24.8);(115.55, 23.6);(115.55, 24.0);(115.55, 24.4);(115.95, 24.0);(115.95, 24.4)",True
59476,2009-09-15 05:00:00,15.1,SURF,True,EXTREME_TYPE1,2463,11,11,"(112.27, 22.4);(112.68, 22.0);(112.68, 22.4);(112.68, 22.8);(113.09, 22.0);(113.09, 22.4);(113.09, 22.8);(113.09, 23.2);(113.5, 22.0);(113.5, 22.4);(113.5, 22.8)",True
59663,2009-09-15 09:00:00,21.1,SURF,True,EXTREME_TYPE1,515,11,11,"(111.45, 21.6);(111.45, 22.0);(111.86, 21.2);(111.86, 21.6);(111.86, 22.0);(111.86, 22.4);(112.27, 21.6);(112.27, 22.0);(112.27, 22.4);(112.68, 21.6);(112.68, 22.0)",True
59276,2009-09-15 11:00:00,7.5,SURF,True,EXTREME_TYPE1,1540,10,10,"(112.27, 22.8);(112.27, 23.2);(112.27, 23.6);(112.68, 22.8);(112.68, 23.2);(112.68, 23.6);(112.68, 24.0);(113.09, 22.8);(113.09, 23.2);(113.09, 23.6)",True
59290,2009-09-16 01:00:00,28.9,SURF,True,EXTREME_TYPE1,434,11,11,"(113.5, 23.6);(113.91, 23.2);(113.91, 23.6);(113.91, 24.0);(113.91, 24.4);(114.32, 23.2);(114.32, 23.6);(114.32, 24.0);(114.32, 24.4);(114.73, 23.6);(114.73, 24.0)",True
59269,2009-10-13 11:00:00,1.4,SURF,True,EXTREME_TYPE1,744,9,9,"(111.45, 22.8);(111.45, 23.2);(111.45, 23.6);(111.86, 22.8);(111.86, 23.2);(111.86, 23.6);(112.27, 22.8);(112.27, 23.2);(112.27, 23.6)",True
59477,2009-10-19 21:00:00,4.3,SURF,True,EXTREME_TYPE1,1739,10,10,"(111.86, 22.0);(111.86, 22.4);(111.86, 22.8);(112.27, 21.6);(112.27, 22.0);(112.27, 22.4);(112.27, 22.8);(112.68, 22.0);(112.68, 22.4);(112.68, 22.8)",True
59109,2009-11-12 19:00:00,1.0,SURF,True,EXTREME_TYPE1,503,12,12,"(115.14, 24.0);(115.14, 24.4);(115.55, 23.6);(115.55, 24.0);(115.55, 24.4);(115.55, 24.8);(115.95, 23.6);(115.95, 24.0);(115.95, 24.4);(115.95, 24.8);(116.36, 24.0);(116.36, 24.4)",True
59485,2009-11-16 02:00:00,1.3,SURF,True,EXTREME_TYPE1,2100,12,12,"(112.68, 22.4);(112.68, 22.8);(113.09, 22.0);(113.09, 22.4);(113.09, 22.8);(113.5, 22.0);(113.5, 22.4);(113.5, 22.8);(113.5, 23.2);(113.91, 22.0);(113.91, 22.4);(113.91, 22.8)",True
59485,2010-02-07 15:00:00,1.1,SURF,True,EXTREME_TYPE1,2205,12,12,"(112.68, 22.4);(112.68, 22.8);(113.09, 22.0);(113.09, 22.4);(113.09, 22.8);(113.5, 22.0);(113.5, 22.4);(113.5, 22.8);(113.5, 23.2);(113.91, 22.0);(113.91, 22.4);(113.91, 22.8)",True
59314,2010-03-07 04:00:00,33.1,SURF,True,EXTREME_TYPE1,570,12,11,"(115.55, 23.2);(115.55, 23.6);(115.95, 22.8);(115.95, 23.2);(115.95, 23.6);(116.36, 22.8);(116.36, 23.2);(116.36, 23.6);(116.36, 24.0);(116.77, 23.2);(116.77, 23.6)",True
59673,2010-03-25 01:00:00,7.4,SURF,True,EXTREME_TYPE1,114,8,8,"(112.27, 21.6);(112.27, 22.0);(112.68, 21.6);(112.68, 22.0);(112.68, 22.4);(113.09, 21.6);(113.09, 22.0);(113.5, 21.6)",True
59313,2010-04-08 03:00:00,15.4,SURF,True,EXTREME_TYPE1,80,9,9,"(116.36, 23.6);(116.36, 24.0);(116.77, 23.2);(116.77, 23.6);(116.77, 24.0);(117.18, 23.2);(117.18, 23.6);(117.18, 24.0);(117.59, 23.6)",True
59071,2010-04-08 05:00:00,6.8,SURF,True,EXTREME_TYPE1,308,8,8,"(111.86, 24.4);(111.86, 24.8);(112.27, 24.4);(112.27, 24.8);(112.27, 25.2);(112.68, 24.4);(112.68, 24.8);(112.68, 25.2)",True
59075,2010-04-08 05:00:00,3.3,SURF,True,EXTREME_TYPE1,604,12,12,"(111.86, 24.0);(111.86, 24.4);(112.27, 24.0);(112.27, 24.4);(112.27, 24.8);(112.68, 23.6);(112.68, 24.0);(112.68, 24.4);(112.68, 24.8);(113.09, 24.0);(113.09, 24.4);(113.09, 24.8)",True
59293,2010-04-08 08:00:00,7.3,SURF,True,EXTREME_TYPE1,490,11,11,"(114.32, 23.2);(114.32, 23.6);(114.32, 24.0);(114.73, 23.2);(114.73, 23.6);(114.73, 24.0);(114.73, 24.4);(115.14, 23.2);(115.14, 23.6);(115.14, 24.0);(115.14, 24.4)",True
59290,2010-04-13 09:00:00,5.1,SURF,True,EXTREME_TYPE1,590,11,11,"(113.5, 23.6);(113.91, 23.2);(113.91, 23.6);(113.91, 24.0);(113.91, 24.4);(114.32, 23.2);(114.32, 23.6);(114.32, 24.0);(114.32, 24.4);(114.73, 23.6);(114.73, 24.0)",True
59501,2010-04-13 09:00:00,36.0,SURF,True,EXTREME_TYPE1,595,12,12,"(114.73, 22.4);(114.73, 22.8);(114.73, 23.2);(115.14, 22.4);(115.14, 22.8);(115.14, 23.2);(115.55, 22.4);(115.55, 22.8);(115.55, 23.2);(115.95, 22.4);(115.95, 22.8);(115.95, 23.2)",True
59088,2010-04-13 18:00:00,9.5,SURF,True,EXTREME_TYPE1,658,12,12,"(112.68, 24.0);(112.68, 24.4);(113.09, 23.6);(113.09, 24.0);(113.09, 24.4);(113.09, 24.8);(113.5, 23.6);(113.5, 24.0);(113.5, 24.4);(113.5, 24.8);(113.91, 24.0);(113.91, 24.4)",True
59117,2010-04-15 07:00:00,2.0,SURF,True,EXTREME_TYPE1,325,12,12,"(115.55, 24.0);(115.55, 24.4);(115.55, 24.8);(115.95, 23.6);(115.95, 24.0);(115.95, 24.4);(115.95, 24.8);(116.36, 24.0);(116.36, 24.4);(116.36, 24.8);(116.77, 24.0);(116.77, 24.4)",True
59658,2010-04-19 17:00:00,11.8,SURF,True,EXTREME_TYPE1,283,10,10,"(109.82, 20.8);(109.82, 21.2);(109.82, 21.6);(110.23, 20.8);(110.23, 21.2);(110.23, 21.6);(110.64, 20.8);(110.64, 21.2);(110.64, 21.6);(111.05, 21.2)",True
59293,2010-04-22 10:00:00,67.2,SURF,True,EXTREME_TYPE1,485,11,11,"(114.32, 23.2);(114.32, 23.6);(114.32, 24.0);(114.73, 23.2);(114.73, 23.6);(114.73, 24.0);(114.73, 24.4);(115.14, 23.2);(115.14, 23.6);(115.14, 24.0);(115.14, 24.4)",True
59469,2010-04-22 10:00:00,23.6,SURF,True,EXTREME_TYPE1,808,11,11,"(111.05, 22.0);(111.45, 21.6);(111.45, 22.0);(111.45, 22.4);(111.86, 21.6);(111.86, 22.0);(111.86, 22.4);(111.86, 22.8);(112.27, 21.6);(112.27, 22.0);(112.27, 22.4)",True
59107,2010-04-22 15:00:00,6.7,SURF,True,EXTREME_TYPE1,601,12,12,"(114.73, 23.6);(114.73, 24.0);(114.73, 24.4);(115.14, 23.6);(115.14, 24.0);(115.14, 24.4);(115.14, 24.8);(115.55, 23.6);(115.55, 24.0);(115.55, 24.4);(115.95, 24.0);(115.95, 24.4)",True
59298,2010-04-29 14:00:00,5.5,SURF,True,EXTREME_TYPE1,525,11,11,"(113.91, 22.8);(113.91, 23.2);(113.91, 23.6);(114.32, 22.4);(114.32, 22.8);(114.32, 23.2);(114.32, 23.6);(114.73, 22.8);(114.73, 23.2);(114.73, 23.6);(115.14, 23.2)",True
57996,2010-05-06 09:00:00,7.0,SURF,True,EXTREME_TYPE1,121,10,10,"(113.5, 25.2);(113.91, 24.8);(113.91, 25.2);(113.91, 25.6);(114.32, 24.4);(114.32, 24.8);(114.32, 25.2);(114.32, 25.6);(114.73, 24.8);(114.73, 25.2)",True
59099,2010-05-06 11:00:00,74.2,SURF,True,EXTREME_TYPE1,362,10,10,"(114.32, 24.4);(114.32, 24.8);(114.73, 24.0);(114.73, 24.4);(114.73, 24.8);(115.14, 24.0);(115.14, 24.4);(115.14, 24.8);(115.55, 24.4);(115.55, 24.8)",True
59094,2010-05-06 17:00:00,51.0,SURF,True,EXTREME_TYPE1,343,12,12,"(113.5, 24.0);(113.5, 24.4);(113.5, 24.8);(113.91, 24.0);(113.91, 24.4);(113.91, 24.8);(114.32, 24.0);(114.32, 24.4);(114.32, 24.8);(114.73, 24.0);(114.73, 24.4);(114.73, 24.8)",True
59107,2010-05-06 17:00:00,55.8,SURF,True,EXTREME_TYPE1,595,12,12,"(114.73, 23.6);(114.73, 24.0);(114.73, 24.4);(115.14, 23.6);(115.14, 24.0);(115.14, 24.4);(115.14, 24.8);(115.55, 23.6);(115.55, 24.0);(115.55, 24.4);(115.95, 24.0);(115.95, 24.4)",True
59312,2010-05-06 17:00:00,14.3,SURF,True,EXTREME_TYPE1,285,10,10,"(115.95, 23.6);(116.36, 23.2);(116.36, 23.6);(116.36, 24.0);(116.77, 23.2);(116.77, 23.6);(116.77, 24.0);(117.18, 23.2);(117.18, 23.6);(117.18, 24.0)",True
59087,2010-05-06 22:00:00,51.0,SURF,True,EXTREME_TYPE1,563,10,10,"(113.09, 23.6);(113.09, 24.0);(113.09, 24.4);(113.5, 23.2);(113.5, 23.6);(113.5, 24.0);(113.5, 24.4);(113.91, 23.6);(113.91, 24.0);(113.91, 24.4)",True
59271,2010-05-06 23:00:00,30.2,SURF,True,EXTREME_TYPE1,753,11,11,"(111.86, 23.2);(111.86, 23.6);(111.86, 24.0);(112.27, 23.2);(112.27, 23.6);(112.27, 24.0);(112.68, 23.2);(112.68, 23.6);(112.68, 24.0);(113.09, 23.6);(113.09, 24.0)",True
59284,2010-05-07 01:00:00,115.2,SURF,True,EXTREME_TYPE1,1321,12,12,"(112.68, 23.2);(112.68, 23.6);(113.09, 22.8);(113.09, 23.2);(113.09, 23.6);(113.09, 24.0);(113.5, 22.8);(113.5, 23.2);(113.5, 23.6);(113.5, 24.0);(113.91, 23.2);(113.91, 23.6)",True
59287,2010-05-07 03:00:00,63.1,SURF,True,EXTREME_TYPE1,1327,9,9,"(113.09, 22.8);(113.09, 23.2);(113.09, 23.6);(113.5, 22.8);(113.5, 23.2);(113.5, 23.6);(113.91, 22.8);(113.91, 23.2);(113.91, 23.6)",True
59493,2010-05-07 03:00:00,42.9,SURF,True,EXTREME_TYPE1,668,13,13,"(113.5, 22.0);(113.5, 22.4);(113.5, 22.8);(113.91, 22.0);(113.91, 22.4);(113.91, 22.8);(113.91, 23.2);(114.32, 22.0);(114.32, 22.4);(114.32, 22.8);(114.32, 23.2);(114.73, 22.4);(114.73, 22.8)",True
59279,2010-05-07 04:00:00,91.7,SURF,True,EXTREME_TYPE1,1746,12,12,"(112.27, 22.8);(112.27, 23.2);(112.27, 23.6);(112.68, 22.8);(112.68, 23.2);(112.68, 23.6);(113.09, 22.8);(113.09, 23.2);(113.09, 23.6);(113.5, 22.8);(113.5, 23.2);(113.5, 23.6)",True
59269,2010-05-09 15:00:00,79.8,SURF,True,EXTREME_TYPE1,768,9,9,"(111.45, 22.8);(111.45, 23.2);(111.45, 23.6);(111.86, 22.8);(111.86, 23.2);(111.86, 23.6);(112.27, 22.8);(112.27, 23.2);(112.27, 23.6)",True
59476,2010-05-09 23:00:00,66.0,SURF,True,EXTREME_TYPE1,2635,11,11,"(112.27, 22.4);(112.68, 22.0);(112.68, 22.4);(112.68, 22.8);(113.09, 22.0);(113.09, 22.4);(113.09, 22.8);(113.09, 23.2);(113.5, 22.0);(113.5, 22.4);(113.5, 22.8)",True
59478,2010-05-10 00:00:00,51.2,SURF,True,EXTREME_TYPE1,1706,12,12,"(112.27, 22.0);(112.27, 22.4);(112.68, 21.6);(112.68, 22.0);(112.68, 22.4);(112.68, 22.8);(113.09, 21.6);(113.09, 22.0);(113.09, 22.4);(113.09, 22.8);(113.5, 22.0);(113.5, 22.4)",True
59476,2010-05-10 09:00:00,26.4,SURF,True,EXTREME_TYPE1,2632,11,11,"(112.27, 22.4);(112.68, 22.0);(112.68, 22.4);(112.68, 22.8);(113.09, 22.0);(113.09, 22.4);(113.09, 22.8);(113.09, 23.2);(113.5, 22.0);(113.5, 22.4);(113.5, 22.8)",True
59284,2010-05-14 18:00:00,52.8,SURF,True,EXTREME_TYPE1,1350,12,12,"(112.68, 23.2);(112.68, 23.6);(113.09, 22.8);(113.09, 23.2);(113.09, 23.6);(113.09, 24.0);(113.5, 22.8);(113.5, 23.2);(113.5, 23.6);(113.5, 24.0);(113.91, 23.2);(113.91, 23.6)",True
59481,2010-05-15 01:00:00,71.2,SURF,True,EXTREME_TYPE1,2126,12,12,"(112.68, 22.8);(112.68, 23.2);(113.09, 22.4);(113.09, 22.8);(113.09, 23.2);(113.09, 23.6);(113.5, 22.4);(113.5, 22.8);(113.5, 23.2);(113.5, 23.6);(113.91, 22.8);(113.91, 23.2)",True
59663,2010-05-15 02:00:00,86.4,SURF,True,EXTREME_TYPE1,618,11,11,"(111.45, 21.6);(111.45, 22.0);(111.86, 21.2);(111.86, 21.6);(111.86, 22.0);(111.86, 22.4);(112.27, 21.6);(112.27, 22.0);(112.27, 22.4);(112.68, 21.6);(112.68, 22.0)",True
59663,2010-05-15 11:00:00,47.6,SURF,True,EXTREME_TYPE1,618,11,11,"(111.45, 21.6);(111.45, 22.0);(111.86, 21.2);(111.86, 21.6);(111.86, 22.0);(111.86, 22.4);(112.27, 21.6);(112.27, 22.0);(112.27, 22.4);(112.68, 21.6);(112.68, 22.0)",True
59654,2010-05-15 15:00:00,39.8,SURF,True,EXTREME_TYPE1,452,10,10,"(109.82, 21.2);(109.82, 21.6);(109.82, 22.0);(110.23, 21.2);(110.23, 21.6);(110.23, 22.0);(110.64, 21.2);(110.64, 21.6);(110.64, 22.0);(111.05, 21.6)",True
59081,2010-05-19 11:00:00,50.5,SURF,True,EXTREME_TYPE1,421,12,12,"(112.68, 24.4);(112.68, 24.8);(112.68, 25.2);(113.09, 24.4);(113.09, 24.8);(113.09, 25.2);(113.5, 24.4);(113.5, 24.8);(113.5, 25.2);(113.91, 24.4);(113.91, 24.8);(113.91, 25.2)",True
59106,2010-05-19 17:00:00,4.8,SURF,True,EXTREME_TYPE1,309,10,10,"(115.14, 24.4);(115.14, 24.8);(115.55, 24.0);(115.55, 24.4);(115.55, 24.8);(115.95, 24.0);(115.95, 24.4);(115.95, 24.8);(116.36, 24.4);(116.36, 24.8)",True
59075,2010-05-20 18:00:00,56.3,SURF,True,EXTREME_TYPE1,621,12,11,"(111.86, 24.0);(111.86, 24.4);(112.27, 24.0);(112.27, 24.4);(112.27, 24.8);(112.68, 24.0);(112.68, 24.4);(112.68, 24.8);(113.09, 24.0);(113.09, 24.4);(113.09, 24.8)",True
59071,2010-05-22 14:00:00,1.5,SURF,True,EXTREME_TYPE1,314,8,8,"(111.86, 24.4);(111.86, 24.8);(112.27, 24.4);(112.27, 24.8);(112.27, 25.2);(112.68, 24.4);(112.68, 24.8);(112.68, 25.2)",True
59314,2010-05-23 03:00:00,60.5,SURF,True,EXTREME_TYPE1,590,12,12,"(115.55, 23.2);(115.55, 23.6);(115.95, 22.8);(115.95, 23.2);(115.95, 23.6);(115.95, 24.0);(116.36, 22.8);(116.36, 23.2);(116.36, 23.6);(116.36, 24.0);(116.77, 23.2);(116.77, 23.6)",True
59317,2010-05-23 07:00:00,56.3,SURF,True,EXTREME_TYPE1,485,9,9,"(115.95, 22.4);(115.95, 22.8);(115.95, 23.2);(115.95, 23.6);(116.36, 22.8);(116.36, 23.2);(116.36, 23.6);(116.77, 22.8);(116.77, 23.2)",True
59750,2010-05-27 17:00:00,52.8,SURF,True,EXTREME_TYPE1,364,11,11,"(109.41, 21.2);(109.82, 20.4);(109.82, 20.8);(109.82, 21.2);(109.82, 21.6);(110.23, 20.4);(110.23, 20.8);(110.23, 21.2);(110.23, 21.6);(110.64, 20.8);(110.64, 21.2)",True
59271,2010-05-29 03:00:00,1.3,SURF,True,EXTREME_TYPE1,737,11,11,"(111.86, 23.2);(111.86, 23.6);(111.86, 24.0);(112.27, 23.2);(112.27, 23.6);(112.27, 24.0);(112.68, 23.2);(112.68, 23.6);(112.68, 24.0);(113.09, 23.6);(113.09, 24.0)",True
59476,2010-05-29 17:00:00,23.3,SURF,True,EXTREME_TYPE1,2675,11,11,"(112.27, 22.4);(112.68, 22.0);(112.68, 22.4);(112.68, 22.8);(113.09, 22.0);(113.09, 22.4);(113.09, 22.8);(113.09, 23.2);(113.5, 22.0);(113.5, 22.4);(113.5, 22.8)",True
59663,2010-06-02 13:00:00,3.0,SURF,True,EXTREME_TYPE1,614,11,11,"(111.45, 21.6);(111.45, 22.0);(111.86, 21.2);(111.86, 21.6);(111.86, 22.0);(111.86, 22.4);(112.27, 21.6);(112.27, 22.0);(112.27, 22.4);(112.68, 21.6);(112.68, 22.0)",True
59655,2010-06-08 07:00:00,53.1,SURF,True,EXTREME_TYPE1,537,10,10,"(110.23, 21.2);(110.23, 21.6);(110.23, 22.0);(110.64, 21.2);(110.64, 21.6);(110.64, 22.0);(110.64, 22.4);(111.05, 21.2);(111.05, 21.6);(111.05, 22.0)",True
59655,2010-06-08 20:00:00,50.3,SURF,True,EXTREME_TYPE1,538,10,10,"(110.23, 21.2);(110.23, 21.6);(110.23, 22.0);(110.64, 21.2);(110.64, 21.6);(110.64, 22.0);(110.64, 22.4);(111.05, 21.2);(111.05, 21.6);(111.05, 22.0)",True
59487,2010-06-09 08:00:00,82.7,SURF,True,EXTREME_TYPE1,1342,12,12,"(112.68, 22.0);(112.68, 22.4);(113.09, 21.6);(113.09, 22.0);(113.09, 22.4);(113.09, 22.8);(113.5, 21.6);(113.5, 22.0);(113.5, 22.4);(113.5, 22.8);(113.91, 22.0);(113.91, 22.4)",True
59488,2010-06-09 09:00:00,43.7,SURF,True,EXTREME_TYPE1,699,11,11,"(113.09, 22.0);(113.09, 22.4);(113.09, 22.8);(113.5, 21.6);(113.5, 22.0);(113.5, 22.4);(113.5, 22.8);(113.91, 22.0);(113.91, 22.4);(113.91, 22.8);(114.32, 22.4)",True
59074,2010-06-09 21:00:00,11.5,SURF,True,EXTREME_TYPE1,508,9,9,"(111.86, 24.0);(111.86, 24.4);(111.86, 24.8);(112.27, 24.0);(112.27, 24.4);(112.27, 24.8);(112.27, 25.2);(112.68, 24.4);(112.68, 24.8)",True
59087,2010-06-09 23:00:00,30.6,SURF,True,EXTREME_TYPE1,627,10,10,"(113.09, 23.6);(113.09, 24.0);(113.09, 24.4);(113.5, 23.2);(113.5, 23.6);(113.5, 24.0);(113.5, 24.4);(113.91, 23.6);(113.91, 24.0);(113.91, 24.4)",True
59501,2010-06-10 08:00:00,58.4,SURF,True,EXTREME_TYPE1,568,12,12,"(114.73, 22.4);(114.73, 22.8);(114.73, 23.2);(115.14, 22.4);(115.14, 22.8);(115.14, 23.2);(115.55, 22.4);(115.55, 22.8);(115.55, 23.2);(115.95, 22.4);(115.95, 22.8);(115.95, 23.2)",True
59492,2010-06-10 18:00:00,3.9,SURF,True,EXTREME_TYPE1,522,11,11,"(114.32, 22.4);(114.32, 22.8);(114.32, 23.2);(114.32, 23.6);(114.73, 22.4);(114.73, 22.8);(114.73, 23.2);(114.73, 23.6);(115.14, 22.8);(115.14, 23.2);(115.14, 23.6)",True
59493,2010-06-12 02:00:00,9.0,SURF,True,EXTREME_TYPE1,692,13,13,"(113.5, 22.0);(113.5, 22.4);(113.5, 22.8);(113.91, 22.0);(113.91, 22.4);(113.91, 22.8);(113.91, 23.2);(114.32, 22.0);(114.32, 22.4);(114.32, 22.8);(114.32, 23.2);(114.73, 22.4);(114.73, 22.8)",True
59314,2010-06-12 19:00:00,39.6,SURF,True,EXTREME_TYPE1,577,12,12,"(115.55, 23.2);(115.55, 23.6);(115.95, 22.8);(115.95, 23.2);(115.95, 23.6);(115.95, 24.0);(116.36, 22.8);(116.36, 23.2);(116.36, 23.6);(116.36, 24.0);(116.77, 23.2);(116.77, 23.6)",True
59475,2010-06-13 03:00:00,24.3,SURF,True,EXTREME_TYPE1,2483,9,9,"(112.27, 22.0);(112.27, 22.4);(112.27, 22.8);(112.68, 22.0);(112.68, 22.4);(112.68, 22.8);(113.09, 22.0);(113.09, 22.4);(113.09, 22.8)",True
59117,2010-06-14 23:00:00,25.2,SURF,True,EXTREME_TYPE1,335,12,12,"(115.55, 24.0);(115.55, 24.4);(115.55, 24.8);(115.95, 23.6);(115.95, 24.0);(115.95, 24.4);(115.95, 24.8);(116.36, 24.0);(116.36, 24.4);(116.36, 24.8);(116.77, 24.0);(116.77, 24.4)",True
59290,2010-06-15 05:00:00,71.9,SURF,True,EXTREME_TYPE1,572,11,11,"(113.5, 23.6);(113.91, 23.2);(113.91, 23.6);(113.91, 24.0);(113.91, 24.4);(114.32, 23.2);(114.32, 23.6);(114.32, 24.0);(114.32, 24.4);(114.73, 23.6);(114.73, 24.0)",True
59293,2010-06-15 10:00:00,61.0,SURF,True,EXTREME_TYPE1,454,11,11,"(114.32, 23.2);(114.32, 23.6);(114.32, 24.0);(114.73, 23.2);(114.73, 23.6);(114.73, 24.0);(114.73, 24.4);(115.14, 23.2);(115.14, 23.6);(115.14, 24.0);(115.14, 24.4)",True
59314,2010-06-16 12:00:00,59.7,SURF,True,EXTREME_TYPE1,578,12,12,"(115.55, 23.2);(115.55, 23.6);(115.95, 22.8);(115.95, 23.2);(115.95, 23.6);(115.95, 24.0);(116.36, 22.8);(116.36, 23.2);(116.36, 23.6);(116.36, 24.0);(116.77, 23.2);(116.77, 23.6)",True
59099,2010-06-17 16:00:00,23.1,SURF,True,EXTREME_TYPE1,347,10,8,"(114.32, 24.4);(114.32, 24.8);(114.73, 24.0);(114.73, 24.4);(114.73, 24.8);(115.14, 24.0);(115.14, 24.4);(115.14, 24.8)",True
59502,2010-06-21 15:00:00,2.2,SURF,True,EXTREME_TYPE1,570,12,12,"(115.14, 22.8);(115.14, 23.2);(115.55, 22.4);(115.55, 22.8);(115.55, 23.2);(115.55, 23.6);(115.95, 22.4);(115.95, 22.8);(115.95, 23.2);(115.95, 23.6);(116.36, 22.8);(116.36, 23.2)",True
59287,2010-06-21 17:00:00,70.6,SURF,True,EXTREME_TYPE1,1342,9,9,"(113.09, 22.8);(113.09, 23.2);(113.09, 23.6);(113.5, 22.8);(113.5, 23.2);(113.5, 23.6);(113.91, 22.8);(113.91, 23.2);(113.91, 23.6)",True
59114,2010-06-22 16:00:00,55.5,SURF,True,EXTREME_TYPE1,190,10,10,"(115.55, 24.4);(115.55, 24.8);(115.95, 24.0);(115.95, 24.4);(115.95, 24.8);(116.36, 24.0);(116.36, 24.4);(116.36, 24.8);(116.77, 24.4);(116.77, 24.8)",True
59297,2010-06-23 09:00:00,9.1,SURF,True,EXTREME_TYPE1,574,10,10,"(113.5, 23.2);(113.91, 22.8);(113.91, 23.2);(113.91, 23.6);(114.32, 22.8);(114.32, 23.2);(114.32, 23.6);(114.73, 22.8);(114.73, 23.2);(114.73, 23.6)",True
59318,2010-06-25 02:00:00,68.6,SURF,True,EXTREME_TYPE1,314,12,12,"(115.95, 23.2);(115.95, 23.6);(116.36, 22.8);(116.36, 23.2);(116.36, 23.6);(116.36, 24.0);(116.77, 22.8);(116.77, 23.2);(116.77, 23.6);(116.77, 24.0);(117.18, 23.2);(117.18, 23.6)",True
59318,2010-06-25 03:00:00,69.2,SURF,True,EXTREME_TYPE1,314,12,12,"(115.95, 23.2);(115.95, 23.6);(116.36, 22.8);(116.36, 23.2);(116.36, 23.6);(116.36, 24.0);(116.77, 22.8);(116.77, 23.2);(116.77, 23.6);(116.77, 24.0);(117.18, 23.2);(117.18, 23.6)",True
59318,2010-06-25 04:00:00,57.9,SURF,True,EXTREME_TYPE1,314,12,12,"(115.95, 23.2);(115.95, 23.6);(116.36, 22.8);(116.36, 23.2);(116.36, 23.6);(116.36, 24.0);(116.77, 22.8);(116.77, 23.2);(116.77, 23.6);(116.77, 24.0);(117.18, 23.2);(117.18, 23.6)",True
59264,2010-06-25 07:00:00,32.4,SURF,True,EXTREME_TYPE1,343,9,9,"(111.05, 23.2);(111.45, 22.8);(111.45, 23.2);(111.45, 23.6);(111.45, 24.0);(111.86, 22.8);(111.86, 23.2);(111.86, 23.6);(111.86, 24.0)",True
59653,2010-06-25 11:00:00,17.6,SURF,True,EXTREME_TYPE1,508,11,11,"(110.23, 21.6);(110.23, 22.0);(110.64, 21.6);(110.64, 22.0);(110.64, 22.4);(111.05, 21.6);(111.05, 22.0);(111.05, 22.4);(111.45, 21.6);(111.45, 22.0);(111.45, 22.4)",True
59487,2010-06-25 12:00:00,1.0,SURF,True,EXTREME_TYPE1,1336,12,12,"(112.68, 22.0);(112.68, 22.4);(113.09, 21.6);(113.09, 22.0);(113.09, 22.4);(113.09, 22.8);(113.5, 21.6);(113.5, 22.0);(113.5, 22.4);(113.5, 22.8);(113.91, 22.0);(113.91, 22.4)",True
59492,2010-06-26 16:00:00,31.6,SURF,True,EXTREME_TYPE1,544,11,11,"(114.32, 22.4);(114.32, 22.8);(114.32, 23.2);(114.32, 23.6);(114.73, 22.4);(114.73, 22.8);(114.73, 23.2);(114.73, 23.6);(115.14, 22.8);(115.14, 23.2);(115.14, 23.6)",True
59485,2010-06-26 17:00:00,4.8,SURF,True,EXTREME_TYPE1,2147,12,12,"(112.68, 22.4);(112.68, 22.8);(113.09, 22.0);(113.09, 22.4);(113.09, 22.8);(113.5, 22.0);(113.5, 22.4);(113.5, 22.8);(113.5, 23.2);(113.91, 22.0);(113.91, 22.4);(113.91, 22.8)",True
59284,2010-06-27 07:00:00,52.2,SURF,True,EXTREME_TYPE1,1256,12,12,"(112.68, 23.2);(112.68, 23.6);(113.09, 22.8);(113.09, 23.2);(113.09, 23.6);(113.09, 24.0);(113.5, 22.8);(113.5, 23.2);(113.5, 23.6);(113.5, 24.0);(113.91, 23.2);(113.91, 23.6)",True
59074,2010-06-27 13:00:00,9.8,SURF,True,EXTREME_TYPE1,212,9,9,"(111.86, 24.0);(111.86, 24.4);(111.86, 24.8);(112.27, 24.0);(112.27, 24.4);(112.27, 24.8);(112.27, 25.2);(112.68, 24.4);(112.68, 24.8)",True
59478,2010-06-28 06:00:00,50.3,SURF,True,EXTREME_TYPE1,1711,12,12,"(112.27, 22.0);(112.27, 22.4);(112.68, 21.6);(112.68, 22.0);(112.68, 22.4);(112.68, 22.8);(113.09, 21.6);(113.09, 22.0);(113.09, 22.4);(113.09, 22.8);(113.5, 22.0);(113.5, 22.4)",True
59473,2010-06-28 09:00:00,19.1,SURF,True,EXTREME_TYPE1,2454,10,10,"(112.27, 22.8);(112.68, 22.4);(112.68, 22.8);(112.68, 23.2);(113.09, 22.4);(113.09, 22.8);(113.09, 23.2);(113.5, 22.4);(113.5, 22.8);(113.5, 23.2)",True
59654,2010-07-17 08:00:00,24.2,SURF,True,EXTREME_TYPE1,461,10,10,"(109.82, 21.2);(109.82, 21.6);(109.82, 22.0);(110.23, 21.2);(110.23, 21.6);(110.23, 22.0);(110.64, 21.2);(110.64, 21.6);(110.64, 22.0);(111.05, 21.6)",True
59650,2010-07-17 12:00:00,5.5,SURF,True,EXTREME_TYPE1,427,11,11,"(109.82, 21.2);(109.82, 21.6);(109.82, 22.0);(110.23, 20.8);(110.23, 21.2);(110.23, 21.6);(110.23, 22.0);(110.64, 20.8);(110.64, 21.2);(110.64, 21.6);(110.64, 22.0)",True
59094,2010-07-21 18:00:00,6.7,SURF,True,EXTREME_TYPE1,310,12,12,"(113.5, 24.0);(113.5, 24.4);(113.5, 24.8);(113.91, 24.0);(113.91, 24.4);(113.91, 24.8);(114.32, 24.0);(114.32, 24.4);(114.32, 24.8);(114.73, 24.0);(114.73, 24.4);(114.73, 24.8)",True
59658,2010-07-22 16:00:00,40.5,SURF,True,EXTREME_TYPE1,284,10,10,"(109.82, 20.8);(109.82, 21.2);(109.82, 21.6);(110.23, 20.8);(110.23, 21.2);(110.23, 21.6);(110.64, 20.8);(110.64, 21.2);(110.64, 21.6);(111.05, 21.2)",True
59656,2010-07-22 20:00:00,53.9,SURF,True,EXTREME_TYPE1,383,11,11,"(110.23, 21.2);(110.23, 21.6);(110.64, 20.8);(110.64, 21.2);(110.64, 21.6);(110.64, 22.0);(111.05, 21.2);(111.05, 21.6);(111.05, 22.0);(111.45, 21.2);(111.45, 21.6)",True
59654,2010-07-23 00:00:00,66.2,SURF,True,EXTREME_TYPE1,445,10,10,"(109.82, 21.2);(109.82, 21.6);(109.82, 22.0);(110.23, 21.2);(110.23, 21.6);(110.23, 22.0);(110.64, 21.2);(110.64, 21.6);(110.64, 22.0);(111.05, 21.6)",True
59654,2010-07-23 01:00:00,59.3,SURF,True,EXTREME_TYPE1,448,10,10,"(109.82, 21.2);(109.82, 21.6);(109.82, 22.0);(110.23, 21.2);(110.23, 21.6);(110.23, 22.0);(110.64, 21.2);(110.64, 21.6);(110.64, 22.0);(111.05, 21.6)",True
59480,2010-07-23 02:00:00,36.2,SURF,True,EXTREME_TYPE1,2147,10,10,"(112.68, 22.4);(112.68, 22.8);(112.68, 23.2);(113.09, 22.4);(113.09, 22.8);(113.09, 23.2);(113.5, 22.4);(113.5, 22.8);(113.5, 23.2);(113.91, 22.8)",True
59314,2010-07-23 13:00:00,52.9,SURF,True,EXTREME_TYPE1,575,12,12,"(115.55, 23.2);(115.55, 23.6);(115.95, 22.8);(115.95, 23.2);(115.95, 23.6);(115.95, 24.0);(116.36, 22.8);(116.36, 23.2);(116.36, 23.6);(116.36, 24.0);(116.77, 23.2);(116.77, 23.6)",True
59117,2010-07-23 17:00:00,49.5,SURF,True,EXTREME_TYPE1,330,12,12,"(115.55, 24.0);(115.55, 24.4);(115.55, 24.8);(115.95, 23.6);(115.95, 24.0);(115.95, 24.4);(115.95, 24.8);(116.36, 24.0);(116.36, 24.4);(116.36, 24.8);(116.77, 24.0);(116.77, 24.4)",True
59288,2010-07-24 16:00:00,8.5,SURF,True,EXTREME_TYPE1,1707,10,10,"(112.27, 23.2);(112.68, 22.8);(112.68, 23.2);(112.68, 23.6);(113.09, 22.8);(113.09, 23.2);(113.09, 23.6);(113.5, 22.8);(113.5, 23.2);(113.5, 23.6)",True
59285,2010-07-26 16:00:00,57.4,SURF,True,EXTREME_TYPE1,895,10,10,"(113.09, 23.2);(113.09, 23.6);(113.09, 24.0);(113.5, 23.2);(113.5, 23.6);(113.5, 24.0);(113.91, 23.2);(113.91, 23.6);(113.91, 24.0);(114.32, 23.6)",True
59306,2010-08-07 23:00:00,32.2,SURF,True,EXTREME_TYPE1,736,12,12,"(115.14, 23.2);(115.14, 23.6);(115.55, 22.8);(115.55, 23.2);(115.55, 23.6);(115.55, 24.0);(115.95, 22.8);(115.95, 23.2);(115.95, 23.6);(115.95, 24.0);(116.36, 23.2);(116.36, 23.6)",True
57996,2010-08-08 01:00:00,43.5,SURF,True,EXTREME_TYPE1,97,10,10,"(113.5, 25.2);(113.91, 24.8);(113.91, 25.2);(113.91, 25.6);(114.32, 24.4);(114.32, 24.8);(114.32, 25.2);(114.32, 25.6);(114.73, 24.8);(114.73, 25.2)",True
59650,2010-08-10 19:00:00,22.9,SURF,True,EXTREME_TYPE1,410,11,11,"(109.82, 21.2);(109.82, 21.6);(109.82, 22.0);(110.23, 20.8);(110.23, 21.2);(110.23, 21.6);(110.23, 22.0);(110.64, 20.8);(110.64, 21.2);(110.64, 21.6);(110.64, 22.0)",True
59314,2010-08-15 05:00:00,9.3,SURF,True,EXTREME_TYPE1,572,12,10,"(115.55, 23.2);(115.55, 23.6);(115.95, 22.8);(115.95, 23.2);(115.95, 23.6);(116.36, 22.8);(116.36, 23.2);(116.36, 23.6);(116.77, 23.2);(116.77, 23.6)",True
59659,2010-08-16 15:00:00,44.0,SURF,True,EXTREME_TYPE1,555,12,12,"(110.23, 21.6);(110.23, 22.0);(110.64, 21.2);(110.64, 21.6);(110.64, 22.0);(110.64, 22.4);(111.05, 21.2);(111.05, 21.6);(111.05, 22.0);(111.05, 22.4);(111.45, 21.6);(111.45, 22.0)",True
59304,2010-08-23 17:00:00,28.9,SURF,True,EXTREME_TYPE1,654,9,9,"(114.73, 23.2);(114.73, 23.6);(114.73, 24.0);(115.14, 23.2);(115.14, 23.6);(115.14, 24.0);(115.55, 23.2);(115.55, 23.6);(115.55, 24.0)",True
59754,2010-08-23 22:00:00,8.9,SURF,True,EXTREME_TYPE1,198,5,5,"(109.82, 20.4);(109.82, 20.8);(110.23, 20.4);(110.23, 20.8);(110.64, 20.8)",True
59650,2010-08-26 15:00:00,61.4,SURF,True,EXTREME_TYPE1,420,11,11,"(109.82, 21.2);(109.82, 21.6);(109.82, 22.0);(110.23, 20.8);(110.23, 21.2);(110.23, 21.6);(110.23, 22.0);(110.64, 20.8);(110.64, 21.2);(110.64, 21.6);(110.64, 22.0)",True
59109,2010-08-26 19:00:00,60.9,SURF,True,EXTREME_TYPE1,524,12,12,"(115.14, 24.0);(115.14, 24.4);(115.55, 23.6);(115.55, 24.0);(115.55, 24.4);(115.55, 24.8);(115.95, 23.6);(115.95, 24.0);(115.95, 24.4);(115.95, 24.8);(116.36, 24.0);(116.36, 24.4)",True
59303,2010-08-26 19:00:00,103.5,SURF,True,EXTREME_TYPE1,774,10,10,"(115.14, 23.6);(115.14, 24.0);(115.55, 23.6);(115.55, 24.0);(115.55, 24.4);(115.95, 23.6);(115.95, 24.0);(115.95, 24.4);(116.36, 23.6);(116.36, 24.0)",True
59107,2010-09-02 18:00:00,55.5,SURF,True,EXTREME_TYPE1,584,12,12,"(114.73, 23.6);(114.73, 24.0);(114.73, 24.4);(115.14, 23.6);(115.14, 24.0);(115.14, 24.4);(115.14, 24.8);(115.55, 23.6);(115.55, 24.0);(115.55, 24.4);(115.95, 24.0);(115.95, 24.4)",True
59287,2010-09-02 18:00:00,10.4,SURF,True,EXTREME_TYPE1,1324,9,9,"(113.09, 22.8);(113.09, 23.2);(113.09, 23.6);(113.5, 22.8);(113.5, 23.2);(113.5, 23.6);(113.91, 22.8);(113.91, 23.2);(113.91, 23.6)",True
59324,2010-09-03 01:00:00,52.5,SURF,True,EXTREME_TYPE1,90,10,10,"(116.36, 23.2);(116.36, 23.6);(116.77, 22.8);(116.77, 23.2);(116.77, 23.6);(116.77, 24.0);(117.18, 23.2);(117.18, 23.6);(117.18, 24.0);(117.59, 23.6)",True
59117,2010-09-03 13:00:00,1.9,SURF,True,EXTREME_TYPE1,339,12,12,"(115.55, 24.0);(115.55, 24.4);(115.55, 24.8);(115.95, 23.6);(115.95, 24.0);(115.95, 24.4);(115.95, 24.8);(116.36, 24.0);(116.36, 24.4);(116.36, 24.8);(116.77, 24.0);(116.77, 24.4)",True
59469,2010-09-04 19:00:00,1.1,SURF,True,EXTREME_TYPE1,794,11,11,"(111.05, 22.0);(111.45, 21.6);(111.45, 22.0);(111.45, 22.4);(111.86, 21.6);(111.86, 22.0);(111.86, 22.4);(111.86, 22.8);(112.27, 21.6);(112.27, 22.0);(112.27, 22.4)",True
59480,2010-09-09 03:00:00,57.2,SURF,True,EXTREME_TYPE1,2002,10,10,"(112.68, 22.4);(112.68, 22.8);(112.68, 23.2);(113.09, 22.4);(113.09, 22.8);(113.09, 23.2);(113.5, 22.4);(113.5, 22.8);(113.5, 23.2);(113.91, 22.8)",True
59485,2010-09-09 03:00:00,62.3,SURF,True,EXTREME_TYPE1,2002,12,12,"(112.68, 22.4);(112.68, 22.8);(113.09, 22.0);(113.09, 22.4);(113.09, 22.8);(113.5, 22.0);(113.5, 22.4);(113.5, 22.8);(113.5, 23.2);(113.91, 22.0);(113.91, 22.4);(113.91, 22.8)",True
59473,2010-09-09 04:00:00,67.7,SURF,True,EXTREME_TYPE1,2265,10,10,"(112.27, 22.8);(112.68, 22.4);(112.68, 22.8);(112.68, 23.2);(113.09, 22.4);(113.09, 22.8);(113.09, 23.2);(113.5, 22.4);(113.5, 22.8);(113.5, 23.2)",True
59285,2010-09-11 13:00:00,83.7,SURF,True,EXTREME_TYPE1,889,10,10,"(113.09, 23.2);(113.09, 23.6);(113.09, 24.0);(113.5, 23.2);(113.5, 23.6);(113.5, 24.0);(113.91, 23.2);(113.91, 23.6);(113.91, 24.0);(114.32, 23.6)",True
59087,2010-09-11 16:00:00,37.5,SURF,True,EXTREME_TYPE1,645,10,10,"(113.09, 23.6);(113.09, 24.0);(113.09, 24.4);(113.5, 23.2);(113.5, 23.6);(113.5, 24.0);(113.5, 24.4);(113.91, 23.6);(113.91, 24.0);(113.91, 24.4)",True
59500,2010-09-17 18:00:00,17.2,SURF,True,EXTREME_TYPE1,578,12,12,"(114.73, 22.8);(114.73, 23.2);(115.14, 22.4);(115.14, 22.8);(115.14, 23.2);(115.14, 23.6);(115.55, 22.4);(115.55, 22.8);(115.55, 23.2);(115.55, 23.6);(115.95, 22.8);(115.95, 23.2)",True
59303,2010-09-20 12:00:00,1.7,SURF,True,EXTREME_TYPE1,776,10,10,"(115.14, 23.6);(115.14, 24.0);(115.55, 23.6);(115.55, 24.0);(115.55, 24.4);(115.95, 23.6);(115.95, 24.0);(115.95, 24.4);(116.36, 23.6);(116.36, 24.0)",True
59476,2010-09-20 18:00:00,16.3,SURF,True,EXTREME_TYPE1,2654,11,11,"(112.27, 22.4);(112.68, 22.0);(112.68, 22.4);(112.68, 22.8);(113.09, 22.0);(113.09, 22.4);(113.09, 22.8);(113.09, 23.2);(113.5, 22.0);(113.5, 22.4);(113.5, 22.8)",True
59673,2010-09-20 21:00:00,59.3,SURF,True,EXTREME_TYPE1,115,8,8,"(112.27, 21.6);(112.27, 22.0);(112.68, 21.6);(112.68, 22.0);(112.68, 22.4);(113.09, 21.6);(113.09, 22.0);(113.5, 21.6)",True
59673,2010-09-20 22:00:00,68.5,SURF,True,EXTREME_TYPE1,115,8,8,"(112.27, 21.6);(112.27, 22.0);(112.68, 21.6);(112.68, 22.0);(112.68, 22.4);(113.09, 21.6);(113.09, 22.0);(113.5, 21.6)",True
59673,2010-09-21 01:00:00,89.2,SURF,True,EXTREME_TYPE1,115,8,8,"(112.27, 21.6);(112.27, 22.0);(112.68, 21.6);(112.68, 22.0);(112.68, 22.4);(113.09, 21.6);(113.09, 22.0);(113.5, 21.6)",True
59471,2010-09-21 02:00:00,56.8,SURF,True,EXTREME_TYPE1,1663,12,12,"(111.45, 22.8);(111.45, 23.2);(111.86, 22.4);(111.86, 22.8);(111.86, 23.2);(111.86, 23.6);(112.27, 22.4);(112.27, 22.8);(112.27, 23.2);(112.27, 23.6);(112.68, 22.8);(112.68, 23.2)",True
59264,2010-09-21 08:00:00,51.8,SURF,True,EXTREME_TYPE1,335,9,9,"(111.05, 23.2);(111.45, 22.8);(111.45, 23.2);(111.45, 23.6);(111.45, 24.0);(111.86, 22.8);(111.86, 23.2);(111.86, 23.6);(111.86, 24.0)",True
59456,2010-09-21 10:00:00,52.6,SURF,True,EXTREME_TYPE1,489,10,10,"(110.23, 22.4);(110.64, 22.0);(110.64, 22.4);(110.64, 22.8);(111.05, 22.0);(111.05, 22.4);(111.05, 22.8);(111.45, 22.0);(111.45, 22.4);(111.45, 22.8)",True
59659,2010-09-21 13:00:00,35.5,SURF,True,EXTREME_TYPE1,555,12,12,"(110.23, 21.6);(110.23, 22.0);(110.64, 21.2);(110.64, 21.6);(110.64, 22.0);(110.64, 22.4);(111.05, 21.2);(111.05, 21.6);(111.05, 22.0);(111.05, 22.4);(111.45, 21.6);(111.45, 22.0)",True
59656,2010-09-21 14:00:00,18.0,SURF,True,EXTREME_TYPE1,395,11,11,"(110.23, 21.2);(110.23, 21.6);(110.64, 20.8);(110.64, 21.2);(110.64, 21.6);(110.64, 22.0);(111.05, 21.2);(111.05, 21.6);(111.05, 22.0);(111.45, 21.2);(111.45, 21.6)",True
59663,2010-09-22 02:00:00,68.5,SURF,True,EXTREME_TYPE1,591,11,11,"(111.45, 21.6);(111.45, 22.0);(111.86, 21.2);(111.86, 21.6);(111.86, 22.0);(111.86, 22.4);(112.27, 21.6);(112.27, 22.0);(112.27, 22.4);(112.68, 21.6);(112.68, 22.0)",True
59096,2010-09-22 15:00:00,6.3,SURF,True,EXTREME_TYPE1,212,12,12,"(113.91, 24.0);(113.91, 24.4);(113.91, 24.8);(114.32, 24.0);(114.32, 24.4);(114.32, 24.8);(114.73, 24.0);(114.73, 24.4);(114.73, 24.8);(115.14, 24.0);(115.14, 24.4);(115.14, 24.8)",True
59655,2010-09-22 23:00:00,49.0,SURF,True,EXTREME_TYPE1,525,10,10,"(110.23, 21.2);(110.23, 21.6);(110.23, 22.0);(110.64, 21.2);(110.64, 21.6);(110.64, 22.0);(110.64, 22.4);(111.05, 21.2);(111.05, 21.6);(111.05, 22.0)",True
59650,2010-09-23 14:00:00,15.5,SURF,True,EXTREME_TYPE1,411,11,11,"(109.82, 21.2);(109.82, 21.6);(109.82, 22.0);(110.23, 20.8);(110.23, 21.2);(110.23, 21.6);(110.23, 22.0);(110.64, 20.8);(110.64, 21.2);(110.64, 21.6);(110.64, 22.0)",True
59750,2010-09-23 14:00:00,97.5,SURF,True,EXTREME_TYPE1,346,11,8,"(109.41, 21.2);(109.82, 20.8);(109.82, 21.2);(109.82, 21.6);(110.23, 20.8);(110.23, 21.2);(110.23, 21.6);(110.64, 21.2)",True
59477,2010-09-24 16:00:00,38.8,SURF,True,EXTREME_TYPE1,1785,10,10,"(111.86, 22.0);(111.86, 22.4);(111.86, 22.8);(112.27, 21.6);(112.27, 22.0);(112.27, 22.4);(112.27, 22.8);(112.68, 22.0);(112.68, 22.4);(112.68, 22.8)",True
59097,2010-09-24 22:00:00,33.2,SURF,True,EXTREME_TYPE1,409,10,10,"(113.5, 24.0);(113.91, 23.6);(113.91, 24.0);(113.91, 24.4);(114.32, 23.6);(114.32, 24.0);(114.32, 24.4);(114.73, 23.6);(114.73, 24.0);(114.73, 24.4)",True
59303,2010-09-25 00:00:00,3.6,SURF,True,EXTREME_TYPE1,723,10,10,"(115.14, 23.6);(115.14, 24.0);(115.55, 23.6);(115.55, 24.0);(115.55, 24.4);(115.95, 23.6);(115.95, 24.0);(115.95, 24.4);(116.36, 23.6);(116.36, 24.0)",True
59750,2010-10-08 16:00:00,2.0,SURF,True,EXTREME_TYPE1,360,11,11,"(109.41, 21.2);(109.82, 20.4);(109.82, 20.8);(109.82, 21.2);(109.82, 21.6);(110.23, 20.4);(110.23, 20.8);(110.23, 21.2);(110.23, 21.6);(110.64, 20.8);(110.64, 21.2)",True
59492,2010-11-06 08:00:00,1.0,SURF,True,EXTREME_TYPE1,554,11,11,"(114.32, 22.4);(114.32, 22.8);(114.32, 23.2);(114.32, 23.6);(114.73, 22.4);(114.73, 22.8);(114.73, 23.2);(114.73, 23.6);(115.14, 22.8);(115.14, 23.2);(115.14, 23.6)",True
59477,2011-01-12 00:00:00,1.1,SURF,True,EXTREME_TYPE1,1941,10,10,"(111.86, 22.0);(111.86, 22.4);(111.86, 22.8);(112.27, 21.6);(112.27, 22.0);(112.27, 22.4);(112.27, 22.8);(112.68, 22.0);(112.68, 22.4);(112.68, 22.8)",True
59502,2011-02-15 11:00:00,1.2,SURF,True,EXTREME_TYPE1,675,12,12,"(115.14, 22.8);(115.14, 23.2);(115.55, 22.4);(115.55, 22.8);(115.55, 23.2);(115.55, 23.6);(115.95, 22.4);(115.95, 22.8);(115.95, 23.2);(115.95, 23.6);(116.36, 22.8);(116.36, 23.2)",True
57996,2011-03-19 00:00:00,1.0,SURF,True,EXTREME_TYPE1,125,10,10,"(113.5, 25.2);(113.91, 24.8);(113.91, 25.2);(113.91, 25.6);(114.32, 24.4);(114.32, 24.8);(114.32, 25.2);(114.32, 25.6);(114.73, 24.8);(114.73, 25.2)",True
59475,2011-04-29 04:00:00,2.9,SURF,True,EXTREME_TYPE1,2525,9,9,"(112.27, 22.0);(112.27, 22.4);(112.27, 22.8);(112.68, 22.0);(112.68, 22.4);(112.68, 22.8);(113.09, 22.0);(113.09, 22.4);(113.09, 22.8)",True
59324,2011-04-29 19:00:00,13.1,SURF,True,EXTREME_TYPE1,94,10,10,"(116.36, 23.2);(116.36, 23.6);(116.77, 22.8);(116.77, 23.2);(116.77, 23.6);(116.77, 24.0);(117.18, 23.2);(117.18, 23.6);(117.18, 24.0);(117.59, 23.6)",True
59090,2011-05-01 16:00:00,9.1,SURF,True,EXTREME_TYPE1,135,12,12,"(113.5, 24.8);(113.5, 25.2);(113.91, 24.4);(113.91, 24.8);(113.91, 25.2);(113.91, 25.6);(114.32, 24.4);(114.32, 24.8);(114.32, 25.2);(114.32, 25.6);(114.73, 24.8);(114.73, 25.2)",True
57996,2011-05-04 09:00:00,1.9,SURF,True,EXTREME_TYPE1,123,10,10,"(113.5, 25.2);(113.91, 24.8);(113.91, 25.2);(113.91, 25.6);(114.32, 24.4);(114.32, 24.8);(114.32, 25.2);(114.32, 25.6);(114.73, 24.8);(114.73, 25.2)",True
59099,2011-05-07 19:00:00,1.5,SURF,True,EXTREME_TYPE1,364,10,10,"(114.32, 24.4);(114.32, 24.8);(114.73, 24.0);(114.73, 24.4);(114.73, 24.8);(115.14, 24.0);(115.14, 24.4);(115.14, 24.8);(115.55, 24.4);(115.55, 24.8)",True
59280,2011-05-08 19:00:00,38.3,SURF,True,EXTREME_TYPE1,831,10,10,"(112.68, 23.2);(112.68, 23.6);(112.68, 24.0);(113.09, 23.2);(113.09, 23.6);(113.09, 24.0);(113.09, 24.4);(113.5, 23.2);(113.5, 23.6);(113.5, 24.0)",True
59478,2011-05-10 17:00:00,14.6,SURF,True,EXTREME_TYPE1,1773,12,10,"(112.27, 22.0);(112.27, 22.4);(112.68, 21.6);(112.68, 22.0);(112.68, 22.4);(112.68, 22.8);(113.09, 22.0);(113.09, 22.4);(113.09, 22.8);(113.5, 22.4)",True
59269,2011-05-11 20:00:00,56.3,SURF,True,EXTREME_TYPE1,793,9,9,"(111.45, 22.8);(111.45, 23.2);(111.45, 23.6);(111.86, 22.8);(111.86, 23.2);(111.86, 23.6);(112.27, 22.8);(112.27, 23.2);(112.27, 23.6)",True
59268,2011-05-12 15:00:00,23.9,SURF,True,EXTREME_TYPE1,1055,9,9,"(111.05, 22.8);(111.05, 23.2);(111.45, 22.8);(111.45, 23.2);(111.45, 23.6);(111.86, 22.8);(111.86, 23.2);(111.86, 23.6);(112.27, 23.2)",True
59107,2011-05-12 22:00:00,7.3,SURF,True,EXTREME_TYPE1,517,12,12,"(114.73, 23.6);(114.73, 24.0);(114.73, 24.4);(115.14, 23.6);(115.14, 24.0);(115.14, 24.4);(115.14, 24.8);(115.55, 23.6);(115.55, 24.0);(115.55, 24.4);(115.95, 24.0);(115.95, 24.4)",True
59664,2011-05-13 03:00:00,21.0,SURF,True,EXTREME_TYPE1,610,10,10,"(110.23, 21.6);(110.64, 21.2);(110.64, 21.6);(110.64, 22.0);(111.05, 21.2);(111.05, 21.6);(111.05, 22.0);(111.45, 21.2);(111.45, 21.6);(111.45, 22.0)",True
59088,2011-05-13 12:00:00,9.1,SURF,True,EXTREME_TYPE1,618,12,12,"(112.68, 24.0);(112.68, 24.4);(113.09, 23.6);(113.09, 24.0);(113.09, 24.4);(113.09, 24.8);(113.5, 23.6);(113.5, 24.0);(113.5, 24.4);(113.5, 24.8);(113.91, 24.0);(113.91, 24.4)",True
59673,2011-05-13 13:00:00,20.8,SURF,True,EXTREME_TYPE1,120,8,8,"(112.27, 21.6);(112.27, 22.0);(112.68, 21.6);(112.68, 22.0);(112.68, 22.4);(113.09, 21.6);(113.09, 22.0);(113.5, 21.6)",True
59087,2011-05-14 13:00:00,13.7,SURF,True,EXTREME_TYPE1,589,10,10,"(113.09, 23.6);(113.09, 24.0);(113.09, 24.4);(113.5, 23.2);(113.5, 23.6);(113.5, 24.0);(113.5, 24.4);(113.91, 23.6);(113.91, 24.0);(113.91, 24.4)",True
59750,2011-05-15 17:00:00,76.1,SURF,True,EXTREME_TYPE1,355,11,5,"(109.82, 21.2);(109.82, 21.6);(110.23, 21.2);(110.23, 21.6);(110.64, 21.2)",True
59114,2011-05-16 08:00:00,25.0,SURF,True,EXTREME_TYPE1,176,10,10,"(115.55, 24.4);(115.55, 24.8);(115.95, 24.0);(115.95, 24.4);(115.95, 24.8);(116.36, 24.0);(116.36, 24.4);(116.36, 24.8);(116.77, 24.4);(116.77, 24.8)",True
59485,2011-05-16 16:00:00,65.3,SURF,True,EXTREME_TYPE1,2032,12,12,"(112.68, 22.4);(112.68, 22.8);(113.09, 22.0);(113.09, 22.4);(113.09, 22.8);(113.5, 22.0);(113.5, 22.4);(113.5, 22.8);(113.5, 23.2);(113.91, 22.0);(113.91, 22.4);(113.91, 22.8)",True
59655,2011-05-21 19:00:00,25.3,SURF,True,EXTREME_TYPE1,584,10,10,"(110.23, 21.2);(110.23, 21.6);(110.23, 22.0);(110.64, 21.2);(110.64, 21.6);(110.64, 22.0);(110.64, 22.4);(111.05, 21.2);(111.05, 21.6);(111.05, 22.0)",True
59278,2011-05-22 16:00:00,47.3,SURF,True,EXTREME_TYPE1,2406,12,12,"(111.86, 22.8);(111.86, 23.2);(112.27, 22.4);(112.27, 22.8);(112.27, 23.2);(112.27, 23.6);(112.68, 22.4);(112.68, 22.8);(112.68, 23.2);(112.68, 23.6);(113.09, 22.8);(113.09, 23.2)",True
59471,2011-05-22 17:00:00,52.9,SURF,True,EXTREME_TYPE1,1786,12,12,"(111.45, 22.8);(111.45, 23.2);(111.86, 22.4);(111.86, 22.8);(111.86, 23.2);(111.86, 23.6);(112.27, 22.4);(112.27, 22.8);(112.27, 23.2);(112.27, 23.6);(112.68, 22.8);(112.68, 23.2)",True
59475,2011-05-22 19:00:00,55.9,SURF,True,EXTREME_TYPE1,2528,9,9,"(112.27, 22.0);(112.27, 22.4);(112.27, 22.8);(112.68, 22.0);(112.68, 22.4);(112.68, 22.8);(113.09, 22.0);(113.09, 22.4);(113.09, 22.8)",True
59477,2011-05-22 19:00:00,75.6,SURF,True,EXTREME_TYPE1,1965,10,10,"(111.86, 22.0);(111.86, 22.4);(111.86, 22.8);(112.27, 21.6);(112.27, 22.0);(112.27, 22.4);(112.27, 22.8);(112.68, 22.0);(112.68, 22.4);(112.68, 22.8)",True
59656,2011-05-22 19:00:00,50.6,SURF,True,EXTREME_TYPE1,424,11,11,"(110.23, 21.2);(110.23, 21.6);(110.64, 20.8);(110.64, 21.2);(110.64, 21.6);(110.64, 22.0);(111.05, 21.2);(111.05, 21.6);(111.05, 22.0);(111.45, 21.2);(111.45, 21.6)",True
59318,2011-05-22 20:00:00,5.8,SURF,True,EXTREME_TYPE1,335,12,12,"(115.95, 23.2);(115.95, 23.6);(116.36, 22.8);(116.36, 23.2);(116.36, 23.6);(116.36, 24.0);(116.77, 22.8);(116.77, 23.2);(116.77, 23.6);(116.77, 24.0);(117.18, 23.2);(117.18, 23.6)",True
59276,2011-06-05 20:00:00,9.4,SURF,True,EXTREME_TYPE1,1655,10,10,"(112.27, 22.8);(112.27, 23.2);(112.27, 23.6);(112.68, 22.8);(112.68, 23.2);(112.68, 23.6);(112.68, 24.0);(113.09, 22.8);(113.09, 23.2);(113.09, 23.6)",True
59096,2011-06-06 16:00:00,41.1,SURF,True,EXTREME_TYPE1,303,12,7,"(113.91, 24.0);(113.91, 24.4);(113.91, 24.8);(114.32, 24.0);(114.32, 24.4);(114.73, 24.0);(114.73, 24.4)",True
59470,2011-06-11 16:00:00,20.3,SURF,True,EXTREME_TYPE1,1780,10,10,"(111.45, 22.8);(111.86, 22.4);(111.86, 22.8);(111.86, 23.2);(112.27, 22.4);(112.27, 22.8);(112.27, 23.2);(112.68, 22.4);(112.68, 22.8);(112.68, 23.2)",True
59280,2011-06-11 19:00:00,61.5,SURF,True,EXTREME_TYPE1,819,10,10,"(112.68, 23.2);(112.68, 23.6);(112.68, 24.0);(113.09, 23.2);(113.09, 23.6);(113.09, 24.0);(113.09, 24.4);(113.5, 23.2);(113.5, 23.6);(113.5, 24.0)",True
59287,2011-06-12 07:00:00,79.7,SURF,True,EXTREME_TYPE1,1400,9,9,"(113.09, 22.8);(113.09, 23.2);(113.09, 23.6);(113.5, 22.8);(113.5, 23.2);(113.5, 23.6);(113.91, 22.8);(113.91, 23.2);(113.91, 23.6)",True
59287,2011-06-16 08:00:00,24.5,SURF,True,EXTREME_TYPE1,1402,9,9,"(113.09, 22.8);(113.09, 23.2);(113.09, 23.6);(113.5, 22.8);(113.5, 23.2);(113.5, 23.6);(113.91, 22.8);(113.91, 23.2);(113.91, 23.6)",True
59502,2011-06-16 13:00:00,52.9,SURF,True,EXTREME_TYPE1,715,12,12,"(115.14, 22.8);(115.14, 23.2);(115.55, 22.4);(115.55, 22.8);(115.55, 23.2);(115.55, 23.6);(115.95, 22.4);(115.95, 22.8);(115.95, 23.2);(115.95, 23.6);(116.36, 22.8);(116.36, 23.2)",True
59306,2011-06-16 16:00:00,86.7,SURF,True,EXTREME_TYPE1,873,12,12,"(115.14, 23.2);(115.14, 23.6);(115.55, 22.8);(115.55, 23.2);(115.55, 23.6);(115.55, 24.0);(115.95, 22.8);(115.95, 23.2);(115.95, 23.6);(115.95, 24.0);(116.36, 23.2);(116.36, 23.6)",True
59502,2011-06-16 16:00:00,23.6,SURF,True,EXTREME_TYPE1,713,12,12,"(115.14, 22.8);(115.14, 23.2);(115.55, 22.4);(115.55, 22.8);(115.55, 23.2);(115.55, 23.6);(115.95, 22.4);(115.95, 22.8);(115.95, 23.2);(115.95, 23.6);(116.36, 22.8);(116.36, 23.2)",True
59754,2011-06-22 06:00:00,20.4,SURF,True,EXTREME_TYPE1,183,5,5,"(109.82, 20.4);(109.82, 20.8);(110.23, 20.4);(110.23, 20.8);(110.64, 20.8)",True
59656,2011-06-24 02:00:00,9.7,SURF,True,EXTREME_TYPE1,425,11,11,"(110.23, 21.2);(110.23, 21.6);(110.64, 20.8);(110.64, 21.2);(110.64, 21.6);(110.64, 22.0);(111.05, 21.2);(111.05, 21.6);(111.05, 22.0);(111.45, 21.2);(111.45, 21.6)",True
59655,2011-06-25 08:00:00,42.6,SURF,True,EXTREME_TYPE1,575,10,9,"(110.23, 21.2);(110.23, 21.6);(110.23, 22.0);(110.64, 21.2);(110.64, 21.6);(110.64, 22.0);(111.05, 21.2);(111.05, 21.6);(111.05, 22.0)",True
59456,2011-06-25 21:00:00,54.0,SURF,True,EXTREME_TYPE1,610,10,10,"(110.23, 22.4);(110.64, 22.0);(110.64, 22.4);(110.64, 22.8);(111.05, 22.0);(111.05, 22.4);(111.05, 22.8);(111.45, 22.0);(111.45, 22.4);(111.45, 22.8)",True
59289,2011-06-26 08:00:00,12.8,SURF,True,EXTREME_TYPE1,1347,12,12,"(113.09, 22.8);(113.09, 23.2);(113.5, 22.4);(113.5, 22.8);(113.5, 23.2);(113.5, 23.6);(113.91, 22.4);(113.91, 22.8);(113.91, 23.2);(113.91, 23.6);(114.32, 22.8);(114.32, 23.2)",True
59310,2011-06-26 18:00:00,75.5,SURF,True,EXTREME_TYPE1,633,12,12,"(115.55, 23.6);(115.55, 24.0);(115.95, 23.2);(115.95, 23.6);(115.95, 24.0);(115.95, 24.4);(116.36, 23.2);(116.36, 23.6);(116.36, 24.0);(116.36, 24.4);(116.77, 23.6);(116.77, 24.0)",True
59502,2011-06-27 17:00:00,21.1,SURF,True,EXTREME_TYPE1,720,12,12,"(115.14, 22.8);(115.14, 23.2);(115.55, 22.4);(115.55, 22.8);(115.55, 23.2);(115.55, 23.6);(115.95, 22.4);(115.95, 22.8);(115.95, 23.2);(115.95, 23.6);(116.36, 22.8);(116.36, 23.2)",True
59478,2011-06-29 07:00:00,23.2,SURF,True,EXTREME_TYPE1,1760,12,12,"(112.27, 22.0);(112.27, 22.4);(112.68, 21.6);(112.68, 22.0);(112.68, 22.4);(112.68, 22.8);(113.09, 21.6);(113.09, 22.0);(113.09, 22.4);(113.09, 22.8);(113.5, 22.0);(113.5, 22.4)",True
59481,2011-06-29 08:00:00,16.6,SURF,True,EXTREME_TYPE1,2176,12,12,"(112.68, 22.8);(112.68, 23.2);(113.09, 22.4);(113.09, 22.8);(113.09, 23.2);(113.09, 23.6);(113.5, 22.4);(113.5, 22.8);(113.5, 23.2);(113.5, 23.6);(113.91, 22.8);(113.91, 23.2)",True
59072,2011-06-29 09:00:00,13.5,SURF,True,EXTREME_TYPE1,623,9,9,"(111.86, 24.4);(111.86, 24.8);(112.27, 24.4);(112.27, 24.8);(112.27, 25.2);(112.68, 24.4);(112.68, 24.8);(112.68, 25.2);(113.09, 24.8)",True
59663,2011-06-29 10:00:00,51.3,SURF,True,EXTREME_TYPE1,644,11,11,"(111.45, 21.6);(111.45, 22.0);(111.86, 21.2);(111.86, 21.6);(111.86, 22.0);(111.86, 22.4);(112.27, 21.6);(112.27, 22.0);(112.27, 22.4);(112.68, 21.6);(112.68, 22.0)",True
59298,2011-06-30 14:00:00,5.9,SURF,True,EXTREME_TYPE1,603,11,11,"(113.91, 22.8);(113.91, 23.2);(113.91, 23.6);(114.32, 22.4);(114.32, 22.8);(114.32, 23.2);(114.32, 23.6);(114.73, 22.8);(114.73, 23.2);(114.73, 23.6);(115.14, 23.2)",True
59074,2011-07-08 07:00:00,20.9,SURF,True,EXTREME_TYPE1,345,9,9,"(111.86, 24.0);(111.86, 24.4);(111.86, 24.8);(112.27, 24.0);(112.27, 24.4);(112.27, 24.8);(112.27, 25.2);(112.68, 24.4);(112.68, 24.8)",True
59492,2011-07-09 16:00:00,50.5,SURF,True,EXTREME_TYPE1,357,11,11,"(114.32, 22.4);(114.32, 22.8);(114.32, 23.2);(114.32, 23.6);(114.73, 22.4);(114.73, 22.8);(114.73, 23.2);(114.73, 23.6);(115.14, 22.8);(115.14, 23.2);(115.14, 23.6)",True
59663,2011-07-10 16:00:00,57.2,SURF,True,EXTREME_TYPE1,636,11,11,"(111.45, 21.6);(111.45, 22.0);(111.86, 21.2);(111.86, 21.6);(111.86, 22.0);(111.86, 22.4);(112.27, 21.6);(112.27, 22.0);(112.27, 22.4);(112.68, 21.6);(112.68, 22.0)",True
59456,2011-07-11 15:00:00,71.7,SURF,True,EXTREME_TYPE1,553,10,10,"(110.23, 22.4);(110.64, 22.0);(110.64, 22.4);(110.64, 22.8);(111.05, 22.0);(111.05, 22.4);(111.05, 22.8);(111.45, 22.0);(111.45, 22.4);(111.45, 22.8)",True
59476,2011-07-11 18:00:00,1.8,SURF,True,EXTREME_TYPE1,2714,11,11,"(112.27, 22.4);(112.68, 22.0);(112.68, 22.4);(112.68, 22.8);(113.09, 22.0);(113.09, 22.4);(113.09, 22.8);(113.09, 23.2);(113.5, 22.0);(113.5, 22.4);(113.5, 22.8)",True
59754,2011-07-14 05:00:00,56.9,SURF,True,EXTREME_TYPE1,195,5,5,"(109.82, 20.4);(109.82, 20.8);(110.23, 20.4);(110.23, 20.8);(110.64, 20.8)",True
59654,2011-07-15 16:00:00,7.8,SURF,True,EXTREME_TYPE1,461,10,10,"(109.82, 21.2);(109.82, 21.6);(109.82, 22.0);(110.23, 21.2);(110.23, 21.6);(110.23, 22.0);(110.64, 21.2);(110.64, 21.6);(110.64, 22.0);(111.05, 21.6)",True
59279,2011-07-15 19:00:00,36.2,SURF,True,EXTREME_TYPE1,1725,12,12,"(112.27, 22.8);(112.27, 23.2);(112.27, 23.6);(112.68, 22.8);(112.68, 23.2);(112.68, 23.6);(113.09, 22.8);(113.09, 23.2);(113.09, 23.6);(113.5, 22.8);(113.5, 23.2);(113.5, 23.6)",True
59659,2011-07-15 20:00:00,78.1,SURF,True,EXTREME_TYPE1,378,12,12,"(110.23, 21.6);(110.23, 22.0);(110.64, 21.2);(110.64, 21.6);(110.64, 22.0);(110.64, 22.4);(111.05, 21.2);(111.05, 21.6);(111.05, 22.0);(111.05, 22.4);(111.45, 21.6);(111.45, 22.0)",True
59294,2011-07-16 05:00:00,7.8,SURF,True,EXTREME_TYPE1,947,11,11,"(113.09, 23.2);(113.5, 22.8);(113.5, 23.2);(113.5, 23.6);(113.91, 22.8);(113.91, 23.2);(113.91, 23.6);(113.91, 24.0);(114.32, 22.8);(114.32, 23.2);(114.32, 23.6)",True
59289,2011-07-16 20:00:00,39.6,SURF,True,EXTREME_TYPE1,1356,12,12,"(113.09, 22.8);(113.09, 23.2);(113.5, 22.4);(113.5, 22.8);(113.5, 23.2);(113.5, 23.6);(113.91, 22.4);(113.91, 22.8);(113.91, 23.2);(113.91, 23.6);(114.32, 22.8);(114.32, 23.2)",True
59754,2011-07-17 06:00:00,103.7,SURF,True,EXTREME_TYPE1,191,5,5,"(109.82, 20.4);(109.82, 20.8);(110.23, 20.4);(110.23, 20.8);(110.64, 20.8)",True
59754,2011-07-17 07:00:00,68.6,SURF,True,EXTREME_TYPE1,190,5,5,"(109.82, 20.4);(109.82, 20.8);(110.23, 20.4);(110.23, 20.8);(110.64, 20.8)",True
59290,2011-07-17 17:00:00,38.5,SURF,True,EXTREME_TYPE1,527,11,11,"(113.5, 23.6);(113.91, 23.2);(113.91, 23.6);(113.91, 24.0);(113.91, 24.4);(114.32, 23.2);(114.32, 23.6);(114.32, 24.0);(114.32, 24.4);(114.73, 23.6);(114.73, 24.0)",True
59654,2011-07-18 20:00:00,55.7,SURF,True,EXTREME_TYPE1,470,10,10,"(109.82, 21.2);(109.82, 21.6);(109.82, 22.0);(110.23, 21.2);(110.23, 21.6);(110.23, 22.0);(110.64, 21.2);(110.64, 21.6);(110.64, 22.0);(111.05, 21.6)",True
59477,2011-07-27 17:00:00,70.2,SURF,True,EXTREME_TYPE4,1891,10,7,"(111.86, 22.0);(111.86, 22.4);(112.27, 21.6);(112.27, 22.0);(112.27, 22.4);(112.68, 22.0);(112.68, 22.4)",True
59117,2011-08-04 19:00:00,87.5,SURF,True,EXTREME_TYPE1,335,12,11,"(115.55, 24.0);(115.55, 24.4);(115.95, 23.6);(115.95, 24.0);(115.95, 24.4);(115.95, 24.8);(116.36, 24.0);(116.36, 24.4);(116.36, 24.8);(116.77, 24.0);(116.77, 24.4)",True
59097,2011-08-07 18:00:00,54.0,SURF,True,EXTREME_TYPE1,451,10,10,"(113.5, 24.0);(113.91, 23.6);(113.91, 24.0);(113.91, 24.4);(114.32, 23.6);(114.32, 24.0);(114.32, 24.4);(114.73, 23.6);(114.73, 24.0);(114.73, 24.4)",True
59114,2011-08-08 17:00:00,13.8,SURF,True,EXTREME_TYPE1,161,10,10,"(115.55, 24.4);(115.55, 24.8);(115.95, 24.0);(115.95, 24.4);(115.95, 24.8);(116.36, 24.0);(116.36, 24.4);(116.36, 24.8);(116.77, 24.4);(116.77, 24.8)",True
59480,2011-08-10 01:00:00,34.1,SURF,True,EXTREME_TYPE1,2232,10,10,"(112.68, 22.4);(112.68, 22.8);(112.68, 23.2);(113.09, 22.4);(113.09, 22.8);(113.09, 23.2);(113.5, 22.4);(113.5, 22.8);(113.5, 23.2);(113.91, 22.8)",True
59663,2011-08-10 11:00:00,56.4,SURF,True,EXTREME_TYPE1,640,11,11,"(111.45, 21.6);(111.45, 22.0);(111.86, 21.2);(111.86, 21.6);(111.86, 22.0);(111.86, 22.4);(112.27, 21.6);(112.27, 22.0);(112.27, 22.4);(112.68, 21.6);(112.68, 22.0)",True
59094,2011-08-11 18:00:00,40.9,SURF,True,EXTREME_TYPE1,344,12,12,"(113.5, 24.0);(113.5, 24.4);(113.5, 24.8);(113.91, 24.0);(113.91, 24.4);(113.91, 24.8);(114.32, 24.0);(114.32, 24.4);(114.32, 24.8);(114.73, 24.0);(114.73, 24.4);(114.73, 24.8)",True
59315,2011-08-24 16:00:00,57.7,SURF,True,EXTREME_TYPE1,339,10,10,"(115.95, 23.2);(115.95, 23.6);(115.95, 24.0);(116.36, 23.2);(116.36, 23.6);(116.36, 24.0);(116.77, 23.2);(116.77, 23.6);(116.77, 24.0);(117.18, 23.6)",True
59117,2011-08-24 18:00:00,25.6,SURF,True,EXTREME_TYPE1,334,12,11,"(115.55, 24.0);(115.55, 24.4);(115.95, 23.6);(115.95, 24.0);(115.95, 24.4);(115.95, 24.8);(116.36, 24.0);(116.36, 24.4);(116.36, 24.8);(116.77, 24.0);(116.77, 24.4)",True
59314,2011-08-24 20:00:00,39.7,SURF,True,EXTREME_TYPE1,670,12,12,"(115.55, 23.2);(115.55, 23.6);(115.95, 22.8);(115.95, 23.2);(115.95, 23.6);(115.95, 24.0);(116.36, 22.8);(116.36, 23.2);(116.36, 23.6);(116.36, 24.0);(116.77, 23.2);(116.77, 23.6)",True
57996,2011-09-01 06:00:00,12.9,SURF,True,EXTREME_TYPE1,121,10,10,"(113.5, 25.2);(113.91, 24.8);(113.91, 25.2);(113.91, 25.6);(114.32, 24.4);(114.32, 24.8);(114.32, 25.2);(114.32, 25.6);(114.73, 24.8);(114.73, 25.2)",True
59492,2011-09-02 14:00:00,81.7,SURF,True,EXTREME_TYPE1,561,11,11,"(114.32, 22.4);(114.32, 22.8);(114.32, 23.2);(114.32, 23.6);(114.73, 22.4);(114.73, 22.8);(114.73, 23.2);(114.73, 23.6);(115.14, 22.8);(115.14, 23.2);(115.14, 23.6)",True
59087,2011-09-02 18:00:00,5.2,SURF,True,EXTREME_TYPE1,612,10,10,"(113.09, 23.6);(113.09, 24.0);(113.09, 24.4);(113.5, 23.2);(113.5, 23.6);(113.5, 24.0);(113.5, 24.4);(113.91, 23.6);(113.91, 24.0);(113.91, 24.4)",True
59314,2011-09-19 20:00:00,8.1,SURF,True,EXTREME_TYPE1,675,12,12,"(115.55, 23.2);(115.55, 23.6);(115.95, 22.8);(115.95, 23.2);(115.95, 23.6);(115.95, 24.0);(116.36, 22.8);(116.36, 23.2);(116.36, 23.6);(116.36, 24.0);(116.77, 23.2);(116.77, 23.6)",True
59500,2011-09-29 05:00:00,32.9,SURF,True,EXTREME_TYPE1,754,12,12,"(114.73, 22.8);(114.73, 23.2);(115.14, 22.4);(115.14, 22.8);(115.14, 23.2);(115.14, 23.6);(115.55, 22.4);(115.55, 22.8);(115.55, 23.2);(115.55, 23.6);(115.95, 22.8);(115.95, 23.2)",True
59317,2011-09-29 06:00:00,12.2,SURF,True,EXTREME_TYPE1,581,9,9,"(115.95, 22.4);(115.95, 22.8);(115.95, 23.2);(115.95, 23.6);(116.36, 22.8);(116.36, 23.2);(116.36, 23.6);(116.77, 22.8);(116.77, 23.2)",True
59500,2011-09-29 14:00:00,44.7,SURF,True,EXTREME_TYPE1,786,12,12,"(114.73, 22.8);(114.73, 23.2);(115.14, 22.4);(115.14, 22.8);(115.14, 23.2);(115.14, 23.6);(115.55, 22.4);(115.55, 22.8);(115.55, 23.2);(115.55, 23.6);(115.95, 22.8);(115.95, 23.2)",True
59650,2011-09-29 20:00:00,13.7,SURF,True,EXTREME_TYPE1,472,11,11,"(109.82, 21.2);(109.82, 21.6);(109.82, 22.0);(110.23, 20.8);(110.23, 21.2);(110.23, 21.6);(110.23, 22.0);(110.64, 20.8);(110.64, 21.2);(110.64, 21.6);(110.64, 22.0)",True
59481,2011-09-29 21:00:00,5.4,SURF,True,EXTREME_TYPE1,2207,12,12,"(112.68, 22.8);(112.68, 23.2);(113.09, 22.4);(113.09, 22.8);(113.09, 23.2);(113.09, 23.6);(113.5, 22.4);(113.5, 22.8);(113.5, 23.2);(113.5, 23.6);(113.91, 22.8);(113.91, 23.2)",True
59656,2011-09-30 14:00:00,8.9,SURF,True,EXTREME_TYPE1,428,11,11,"(110.23, 21.2);(110.23, 21.6);(110.64, 20.8);(110.64, 21.2);(110.64, 21.6);(110.64, 22.0);(111.05, 21.2);(111.05, 21.6);(111.05, 22.0);(111.45, 21.2);(111.45, 21.6)",True
59269,2011-10-01 14:00:00,12.0,SURF,True,EXTREME_TYPE1,796,9,9,"(111.45, 22.8);(111.45, 23.2);(111.45, 23.6);(111.86, 22.8);(111.86, 23.2);(111.86, 23.6);(112.27, 22.8);(112.27, 23.2);(112.27, 23.6)",True
57988,2011-10-07 07:00:00,4.4,SURF,True,EXTREME_TYPE1,179,11,11,"(112.68, 24.8);(112.68, 25.2);(113.09, 24.8);(113.09, 25.2);(113.09, 25.6);(113.5, 24.8);(113.5, 25.2);(113.5, 25.6);(113.91, 24.8);(113.91, 25.2);(113.91, 25.6)",True
59476,2011-10-13 01:00:00,25.5,SURF,True,EXTREME_TYPE1,2698,11,11,"(112.27, 22.4);(112.68, 22.0);(112.68, 22.4);(112.68, 22.8);(113.09, 22.0);(113.09, 22.4);(113.09, 22.8);(113.09, 23.2);(113.5, 22.0);(113.5, 22.4);(113.5, 22.8)",True
59653,2011-10-13 08:00:00,5.4,SURF,True,EXTREME_TYPE1,645,11,11,"(110.23, 21.6);(110.23, 22.0);(110.64, 21.6);(110.64, 22.0);(110.64, 22.4);(111.05, 21.6);(111.05, 22.0);(111.05, 22.4);(111.45, 21.6);(111.45, 22.0);(111.45, 22.4)",True
59284,2011-10-13 15:00:00,56.6,SURF,True,EXTREME_TYPE1,1405,12,12,"(112.68, 23.2);(112.68, 23.6);(113.09, 22.8);(113.09, 23.2);(113.09, 23.6);(113.09, 24.0);(113.5, 22.8);(113.5, 23.2);(113.5, 23.6);(113.5, 24.0);(113.91, 23.2);(113.91, 23.6)",True
59271,2011-10-13 17:00:00,36.4,SURF,True,EXTREME_TYPE1,793,11,11,"(111.86, 23.2);(111.86, 23.6);(111.86, 24.0);(112.27, 23.2);(112.27, 23.6);(112.27, 24.0);(112.68, 23.2);(112.68, 23.6);(112.68, 24.0);(113.09, 23.6);(113.09, 24.0)",True
59278,2011-10-13 19:00:00,52.4,SURF,True,EXTREME_TYPE1,2460,12,12,"(111.86, 22.8);(111.86, 23.2);(112.27, 22.4);(112.27, 22.8);(112.27, 23.2);(112.27, 23.6);(112.68, 22.4);(112.68, 22.8);(112.68, 23.2);(112.68, 23.6);(113.09, 22.8);(113.09, 23.2)",True
59473,2011-10-14 00:00:00,26.8,SURF,True,EXTREME_TYPE1,2627,10,10,"(112.27, 22.8);(112.68, 22.4);(112.68, 22.8);(112.68, 23.2);(113.09, 22.4);(113.09, 22.8);(113.09, 23.2);(113.5, 22.4);(113.5, 22.8);(113.5, 23.2)",True
59481,2011-10-14 01:00:00,59.1,SURF,True,EXTREME_TYPE1,2188,12,12,"(112.68, 22.8);(112.68, 23.2);(113.09, 22.4);(113.09, 22.8);(113.09, 23.2);(113.09, 23.6);(113.5, 22.4);(113.5, 22.8);(113.5, 23.2);(113.5, 23.6);(113.91, 22.8);(113.91, 23.2)",True
59304,2011-10-14 05:00:00,2.4,SURF,True,EXTREME_TYPE1,601,9,9,"(114.73, 23.2);(114.73, 23.6);(114.73, 24.0);(115.14, 23.2);(115.14, 23.6);(115.14, 24.0);(115.55, 23.2);(115.55, 23.6);(115.55, 24.0)",True
59658,2011-11-08 06:00:00,2.9,SURF,True,EXTREME_TYPE1,274,10,10,"(109.82, 20.8);(109.82, 21.2);(109.82, 21.6);(110.23, 20.8);(110.23, 21.2);(110.23, 21.6);(110.64, 20.8);(110.64, 21.2);(110.64, 21.6);(111.05, 21.2)",True
59294,2011-11-08 10:00:00,4.3,SURF,True,EXTREME_TYPE1,960,11,11,"(113.09, 23.2);(113.5, 22.8);(113.5, 23.2);(113.5, 23.6);(113.91, 22.8);(113.91, 23.2);(113.91, 23.6);(113.91, 24.0);(114.32, 22.8);(114.32, 23.2);(114.32, 23.6)",True
59653,2011-11-09 05:00:00,10.1,SURF,True,EXTREME_TYPE1,637,11,11,"(110.23, 21.6);(110.23, 22.0);(110.64, 21.6);(110.64, 22.0);(110.64, 22.4);(111.05, 21.6);(111.05, 22.0);(111.05, 22.4);(111.45, 21.6);(111.45, 22.0);(111.45, 22.4)",True
59314,2011-11-09 21:00:00,1.4,SURF,True,EXTREME_TYPE1,671,12,12,"(115.55, 23.2);(115.55, 23.6);(115.95, 22.8);(115.95, 23.2);(115.95, 23.6);(115.95, 24.0);(116.36, 22.8);(116.36, 23.2);(116.36, 23.6);(116.36, 24.0);(116.77, 23.2);(116.77, 23.6)",True
57996,2011-11-18 09:00:00,2.5,SURF,True,EXTREME_TYPE1,125,10,10,"(113.5, 25.2);(113.91, 24.8);(113.91, 25.2);(113.91, 25.6);(114.32, 24.4);(114.32, 24.8);(114.32, 25.2);(114.32, 25.6);(114.73, 24.8);(114.73, 25.2)",True
59109,2011-11-19 02:00:00,5.7,SURF,True,EXTREME_TYPE1,532,12,12,"(115.14, 24.0);(115.14, 24.4);(115.55, 23.6);(115.55, 24.0);(115.55, 24.4);(115.55, 24.8);(115.95, 23.6);(115.95, 24.0);(115.95, 24.4);(115.95, 24.8);(116.36, 24.0);(116.36, 24.4)",True
57996,2012-01-04 03:00:00,1.7,SURF,True,EXTREME_TYPE1,135,10,10,"(113.5, 25.2);(113.91, 24.8);(113.91, 25.2);(113.91, 25.6);(114.32, 24.4);(114.32, 24.8);(114.32, 25.2);(114.32, 25.6);(114.73, 24.8);(114.73, 25.2)",True
59090,2012-01-14 08:00:00,1.9,SURF,True,EXTREME_TYPE1,132,12,12,"(113.5, 24.8);(113.5, 25.2);(113.91, 24.4);(113.91, 24.8);(113.91, 25.2);(113.91, 25.6);(114.32, 24.4);(114.32, 24.8);(114.32, 25.2);(114.32, 25.6);(114.73, 24.8);(114.73, 25.2)",True
57996,2012-01-14 19:00:00,1.5,SURF,True,EXTREME_TYPE1,134,10,10,"(113.5, 25.2);(113.91, 24.8);(113.91, 25.2);(113.91, 25.6);(114.32, 24.4);(114.32, 24.8);(114.32, 25.2);(114.32, 25.6);(114.73, 24.8);(114.73, 25.2)",True
59289,2012-02-28 04:00:00,5.2,SURF,True,EXTREME_TYPE1,1373,12,12,"(113.09, 22.8);(113.09, 23.2);(113.5, 22.4);(113.5, 22.8);(113.5, 23.2);(113.5, 23.6);(113.91, 22.4);(113.91, 22.8);(113.91, 23.2);(113.91, 23.6);(114.32, 22.8);(114.32, 23.2)",True
59096,2012-03-06 14:00:00,7.2,SURF,True,EXTREME_TYPE1,308,12,12,"(113.91, 24.0);(113.91, 24.4);(113.91, 24.8);(114.32, 24.0);(114.32, 24.4);(114.32, 24.8);(114.73, 24.0);(114.73, 24.4);(114.73, 24.8);(115.14, 24.0);(115.14, 24.4);(115.14, 24.8)",True
59087,2012-03-10 05:00:00,2.3,SURF,True,EXTREME_TYPE1,648,10,10,"(113.09, 23.6);(113.09, 24.0);(113.09, 24.4);(113.5, 23.2);(113.5, 23.6);(113.5, 24.0);(113.5, 24.4);(113.91, 23.6);(113.91, 24.0);(113.91, 24.4)",True
59072,2012-04-05 05:00:00,22.5,SURF,True,EXTREME_TYPE1,612,9,9,"(111.86, 24.4);(111.86, 24.8);(112.27, 24.4);(112.27, 24.8);(112.27, 25.2);(112.68, 24.4);(112.68, 24.8);(112.68, 25.2);(113.09, 24.8)",True
59276,2012-04-05 11:00:00,1.8,SURF,True,EXTREME_TYPE1,1713,10,10,"(112.27, 22.8);(112.27, 23.2);(112.27, 23.6);(112.68, 22.8);(112.68, 23.2);(112.68, 23.6);(112.68, 24.0);(113.09, 22.8);(113.09, 23.2);(113.09, 23.6)",True
59500,2012-04-06 07:00:00,1.8,SURF,True,EXTREME_TYPE1,808,12,12,"(114.73, 22.8);(114.73, 23.2);(115.14, 22.4);(115.14, 22.8);(115.14, 23.2);(115.14, 23.6);(115.55, 22.4);(115.55, 22.8);(115.55, 23.2);(115.55, 23.6);(115.95, 22.8);(115.95, 23.2)",True
59271,2012-04-08 19:00:00,5.5,SURF,True,EXTREME_TYPE1,803,11,11,"(111.86, 23.2);(111.86, 23.6);(111.86, 24.0);(112.27, 23.2);(112.27, 23.6);(112.27, 24.0);(112.68, 23.2);(112.68, 23.6);(112.68, 24.0);(113.09, 23.6);(113.09, 24.0)",True
59502,2012-04-09 04:00:00,1.2,SURF,True,EXTREME_TYPE1,750,12,12,"(115.14, 22.8);(115.14, 23.2);(115.55, 22.4);(115.55, 22.8);(115.55, 23.2);(115.55, 23.6);(115.95, 22.4);(115.95, 22.8);(115.95, 23.2);(115.95, 23.6);(116.36, 22.8);(116.36, 23.2)",True
59314,2012-04-09 19:00:00,6.5,SURF,True,EXTREME_TYPE1,704,12,12,"(115.55, 23.2);(115.55, 23.6);(115.95, 22.8);(115.95, 23.2);(115.95, 23.6);(115.95, 24.0);(116.36, 22.8);(116.36, 23.2);(116.36, 23.6);(116.36, 24.0);(116.77, 23.2);(116.77, 23.6)",True
59081,2012-04-12 22:00:00,30.9,SURF,True,EXTREME_TYPE1,406,12,12,"(112.68, 24.4);(112.68, 24.8);(112.68, 25.2);(113.09, 24.4);(113.09, 24.8);(113.09, 25.2);(113.5, 24.4);(113.5, 24.8);(113.5, 25.2);(113.91, 24.4);(113.91, 24.8);(113.91, 25.2)",True
59294,2012-04-13 14:00:00,20.2,SURF,True,EXTREME_TYPE1,966,11,11,"(113.09, 23.2);(113.5, 22.8);(113.5, 23.2);(113.5, 23.6);(113.91, 22.8);(113.91, 23.2);(113.91, 23.6);(113.91, 24.0);(114.32, 22.8);(114.32, 23.2);(114.32, 23.6)",True
59656,2012-04-18 10:00:00,93.3,SURF,True,EXTREME_TYPE1,420,11,11,"(110.23, 21.2);(110.23, 21.6);(110.64, 20.8);(110.64, 21.2);(110.64, 21.6);(110.64, 22.0);(111.05, 21.2);(111.05, 21.6);(111.05, 22.0);(111.45, 21.2);(111.45, 21.6)",True
59304,2012-04-18 16:00:00,5.5,SURF,True,EXTREME_TYPE1,685,9,9,"(114.73, 23.2);(114.73, 23.6);(114.73, 24.0);(115.14, 23.2);(115.14, 23.6);(115.14, 24.0);(115.55, 23.2);(115.55, 23.6);(115.55, 24.0)",True
59477,2012-04-19 11:00:00,27.9,SURF,True,EXTREME_TYPE1,1988,10,10,"(111.86, 22.0);(111.86, 22.4);(111.86, 22.8);(112.27, 21.6);(112.27, 22.0);(112.27, 22.4);(112.27, 22.8);(112.68, 22.0);(112.68, 22.4);(112.68, 22.8)",True
59477,2012-04-19 12:00:00,32.6,SURF,True,EXTREME_TYPE1,1988,10,10,"(111.86, 22.0);(111.86, 22.4);(111.86, 22.8);(112.27, 21.6);(112.27, 22.0);(112.27, 22.4);(112.27, 22.8);(112.68, 22.0);(112.68, 22.4);(112.68, 22.8)",True
59673,2012-04-19 13:00:00,58.1,SURF,True,EXTREME_TYPE1,120,8,8,"(112.27, 21.6);(112.27, 22.0);(112.68, 21.6);(112.68, 22.0);(112.68, 22.4);(113.09, 21.6);(113.09, 22.0);(113.5, 21.6)",True
59673,2012-04-20 12:00:00,53.5,SURF,True,EXTREME_TYPE1,119,8,8,"(112.27, 21.6);(112.27, 22.0);(112.68, 21.6);(112.68, 22.0);(112.68, 22.4);(113.09, 21.6);(113.09, 22.0);(113.5, 21.6)",True
59656,2012-04-20 17:00:00,52.6,SURF,True,EXTREME_TYPE1,420,11,11,"(110.23, 21.2);(110.23, 21.6);(110.64, 20.8);(110.64, 21.2);(110.64, 21.6);(110.64, 22.0);(111.05, 21.2);(111.05, 21.6);(111.05, 22.0);(111.45, 21.2);(111.45, 21.6)",True
59088,2012-04-25 14:00:00,40.5,SURF,True,EXTREME_TYPE1,662,12,12,"(112.68, 24.0);(112.68, 24.4);(113.09, 23.6);(113.09, 24.0);(113.09, 24.4);(113.09, 24.8);(113.5, 23.6);(113.5, 24.0);(113.5, 24.4);(113.5, 24.8);(113.91, 24.0);(113.91, 24.4)",True
59280,2012-04-27 13:00:00,68.0,SURF,True,EXTREME_TYPE1,855,10,10,"(112.68, 23.2);(112.68, 23.6);(112.68, 24.0);(113.09, 23.2);(113.09, 23.6);(113.09, 24.0);(113.09, 24.4);(113.5, 23.2);(113.5, 23.6);(113.5, 24.0)",True
59294,2012-04-27 14:00:00,10.6,SURF,True,EXTREME_TYPE1,962,11,11,"(113.09, 23.2);(113.5, 22.8);(113.5, 23.2);(113.5, 23.6);(113.91, 22.8);(113.91, 23.2);(113.91, 23.6);(113.91, 24.0);(114.32, 22.8);(114.32, 23.2);(114.32, 23.6)",True
59650,2012-04-27 15:00:00,78.6,SURF,True,EXTREME_TYPE1,458,11,10,"(109.82, 21.2);(109.82, 21.6);(110.23, 20.8);(110.23, 21.2);(110.23, 21.6);(110.23, 22.0);(110.64, 20.8);(110.64, 21.2);(110.64, 21.6);(110.64, 22.0)",True
59663,2012-04-27 22:00:00,54.1,SURF,True,EXTREME_TYPE1,641,11,11,"(111.45, 21.6);(111.45, 22.0);(111.86, 21.2);(111.86, 21.6);(111.86, 22.0);(111.86, 22.4);(112.27, 21.6);(112.27, 22.0);(112.27, 22.4);(112.68, 21.6);(112.68, 22.0)",True
59492,2012-04-29 05:00:00,21.3,SURF,True,EXTREME_TYPE1,593,11,11,"(114.32, 22.4);(114.32, 22.8);(114.32, 23.2);(114.32, 23.6);(114.73, 22.4);(114.73, 22.8);(114.73, 23.2);(114.73, 23.6);(115.14, 22.8);(115.14, 23.2);(115.14, 23.6)",True
59094,2012-05-03 06:00:00,12.6,SURF,True,EXTREME_TYPE1,347,12,12,"(113.5, 24.0);(113.5, 24.4);(113.5, 24.8);(113.91, 24.0);(113.91, 24.4);(113.91, 24.8);(114.32, 24.0);(114.32, 24.4);(114.32, 24.8);(114.73, 24.0);(114.73, 24.4);(114.73, 24.8)",True
59297,2012-05-03 16:00:00,50.4,SURF,True,EXTREME_TYPE1,596,10,10,"(113.5, 23.2);(113.91, 22.8);(113.91, 23.2);(113.91, 23.6);(114.32, 22.8);(114.32, 23.2);(114.32, 23.6);(114.73, 22.8);(114.73, 23.2);(114.73, 23.6)",True
59290,2012-05-04 20:00:00,55.7,SURF,True,EXTREME_TYPE1,538,11,11,"(113.5, 23.6);(113.91, 23.2);(113.91, 23.6);(113.91, 24.0);(113.91, 24.4);(114.32, 23.2);(114.32, 23.6);(114.32, 24.0);(114.32, 24.4);(114.73, 23.6);(114.73, 24.0)",True
59288,2012-05-05 08:00:00,4.9,SURF,True,EXTREME_TYPE1,1788,10,10,"(112.27, 23.2);(112.68, 22.8);(112.68, 23.2);(112.68, 23.6);(113.09, 22.8);(113.09, 23.2);(113.09, 23.6);(113.5, 22.8);(113.5, 23.2);(113.5, 23.6)",True
59303,2012-05-06 09:00:00,23.6,SURF,True,EXTREME_TYPE1,879,10,10,"(115.14, 23.6);(115.14, 24.0);(115.55, 23.6);(115.55, 24.0);(115.55, 24.4);(115.95, 23.6);(115.95, 24.0);(115.95, 24.4);(116.36, 23.6);(116.36, 24.0)",True
59312,2012-05-10 16:00:00,9.1,SURF,True,EXTREME_TYPE1,329,10,10,"(115.95, 23.6);(116.36, 23.2);(116.36, 23.6);(116.36, 24.0);(116.77, 23.2);(116.77, 23.6);(116.77, 24.0);(117.18, 23.2);(117.18, 23.6);(117.18, 24.0)",True
59264,2012-05-14 19:00:00,31.6,SURF,True,EXTREME_TYPE1,340,9,9,"(111.05, 23.2);(111.45, 22.8);(111.45, 23.2);(111.45, 23.6);(111.45, 24.0);(111.86, 22.8);(111.86, 23.2);(111.86, 23.6);(111.86, 24.0)",True
59304,2012-05-16 20:00:00,34.3,SURF,True,EXTREME_TYPE1,693,9,9,"(114.73, 23.2);(114.73, 23.6);(114.73, 24.0);(115.14, 23.2);(115.14, 23.6);(115.14, 24.0);(115.55, 23.2);(115.55, 23.6);(115.55, 24.0)",True
59310,2012-05-18 01:00:00,41.5,SURF,True,EXTREME_TYPE1,659,12,11,"(115.55, 23.6);(115.55, 24.0);(115.95, 23.2);(115.95, 23.6);(115.95, 24.0);(115.95, 24.4);(116.36, 23.2);(116.36, 23.6);(116.36, 24.0);(116.77, 23.6);(116.77, 24.0)",True
59487,2012-05-18 08:00:00,25.9,SURF,True,EXTREME_TYPE1,1378,12,12,"(112.68, 22.0);(112.68, 22.4);(113.09, 21.6);(113.09, 22.0);(113.09, 22.4);(113.09, 22.8);(113.5, 21.6);(113.5, 22.0);(113.5, 22.4);(113.5, 22.8);(113.91, 22.0);(113.91, 22.4)",True
59502,2012-05-18 11:00:00,9.7,SURF,True,EXTREME_TYPE1,757,12,12,"(115.14, 22.8);(115.14, 23.2);(115.55, 22.4);(115.55, 22.8);(115.55, 23.2);(115.55, 23.6);(115.95, 22.4);(115.95, 22.8);(115.95, 23.2);(115.95, 23.6);(116.36, 22.8);(116.36, 23.2)",True
59288,2012-05-18 12:00:00,30.0,SURF,True,EXTREME_TYPE1,1856,10,10,"(112.27, 23.2);(112.68, 22.8);(112.68, 23.2);(112.68, 23.6);(113.09, 22.8);(113.09, 23.2);(113.09, 23.6);(113.5, 22.8);(113.5, 23.2);(113.5, 23.6)",True
59097,2012-05-18 15:00:00,32.5,SURF,True,EXTREME_TYPE1,404,10,10,"(113.5, 24.0);(113.91, 23.6);(113.91, 24.0);(113.91, 24.4);(114.32, 23.6);(114.32, 24.0);(114.32, 24.4);(114.73, 23.6);(114.73, 24.0);(114.73, 24.4)",True
59485,2012-05-20 20:00:00,25.2,SURF,True,EXTREME_TYPE1,2223,12,12,"(112.68, 22.4);(112.68, 22.8);(113.09, 22.0);(113.09, 22.4);(113.09, 22.8);(113.5, 22.0);(113.5, 22.4);(113.5, 22.8);(113.5, 23.2);(113.91, 22.0);(113.91, 22.4);(113.91, 22.8)",True
59278,2012-05-20 21:00:00,56.5,SURF,True,EXTREME_TYPE1,2422,12,12,"(111.86, 22.8);(111.86, 23.2);(112.27, 22.4);(112.27, 22.8);(112.27, 23.2);(112.27, 23.6);(112.68, 22.4);(112.68, 22.8);(112.68, 23.2);(112.68, 23.6);(113.09, 22.8);(113.09, 23.2)",True
59654,2012-05-21 15:00:00,36.4,SURF,True,EXTREME_TYPE1,484,10,10,"(109.82, 21.2);(109.82, 21.6);(109.82, 22.0);(110.23, 21.2);(110.23, 21.6);(110.23, 22.0);(110.64, 21.2);(110.64, 21.6);(110.64, 22.0);(111.05, 21.6)",True
59655,2012-05-24 11:00:00,5.4,SURF,True,EXTREME_TYPE1,566,10,10,"(110.23, 21.2);(110.23, 21.6);(110.23, 22.0);(110.64, 21.2);(110.64, 21.6);(110.64, 22.0);(110.64, 22.4);(111.05, 21.2);(111.05, 21.6);(111.05, 22.0)",True
59659,2012-05-27 18:00:00,3.3,SURF,True,EXTREME_TYPE1,608,12,12,"(110.23, 21.6);(110.23, 22.0);(110.64, 21.2);(110.64, 21.6);(110.64, 22.0);(110.64, 22.4);(111.05, 21.2);(111.05, 21.6);(111.05, 22.0);(111.05, 22.4);(111.45, 21.6);(111.45, 22.0)",True
59114,2012-05-28 03:00:00,7.4,SURF,True,EXTREME_TYPE1,178,10,10,"(115.55, 24.4);(115.55, 24.8);(115.95, 24.0);(115.95, 24.4);(115.95, 24.8);(116.36, 24.0);(116.36, 24.4);(116.36, 24.8);(116.77, 24.4);(116.77, 24.8)",True
59654,2012-05-28 04:00:00,20.0,SURF,True,EXTREME_TYPE1,490,10,10,"(109.82, 21.2);(109.82, 21.6);(109.82, 22.0);(110.23, 21.2);(110.23, 21.6);(110.23, 22.0);(110.64, 21.2);(110.64, 21.6);(110.64, 22.0);(111.05, 21.6)",True
59269,2012-05-31 00:00:00,32.5,SURF,True,EXTREME_TYPE1,800,9,9,"(111.45, 22.8);(111.45, 23.2);(111.45, 23.6);(111.86, 22.8);(111.86, 23.2);(111.86, 23.6);(112.27, 22.8);(112.27, 23.2);(112.27, 23.6)",True
59754,2012-05-31 16:00:00,43.5,SURF,True,EXTREME_TYPE1,192,5,5,"(109.82, 20.4);(109.82, 20.8);(110.23, 20.4);(110.23, 20.8);(110.64, 20.8)",True
59754,2012-05-31 17:00:00,17.0,SURF,True,EXTREME_TYPE1,194,5,5,"(109.82, 20.4);(109.82, 20.8);(110.23, 20.4);(110.23, 20.8);(110.64, 20.8)",True
59654,2012-06-08 10:00:00,22.1,SURF,True,EXTREME_TYPE1,478,10,10,"(109.82, 21.2);(109.82, 21.6);(109.82, 22.0);(110.23, 21.2);(110.23, 21.6);(110.23, 22.0);(110.64, 21.2);(110.64, 21.6);(110.64, 22.0);(111.05, 21.6)",True
59317,2012-06-10 09:00:00,16.0,SURF,True,EXTREME_TYPE1,615,9,9,"(115.95, 22.4);(115.95, 22.8);(115.95, 23.2);(115.95, 23.6);(116.36, 22.8);(116.36, 23.2);(116.36, 23.6);(116.77, 22.8);(116.77, 23.2)",True
59487,2012-06-12 19:00:00,8.6,SURF,True,EXTREME_TYPE1,1378,12,12,"(112.68, 22.0);(112.68, 22.4);(113.09, 21.6);(113.09, 22.0);(113.09, 22.4);(113.09, 22.8);(113.5, 21.6);(113.5, 22.0);(113.5, 22.4);(113.5, 22.8);(113.91, 22.0);(113.91, 22.4)",True
59285,2012-06-13 18:00:00,58.9,SURF,True,EXTREME_TYPE1,959,10,9,"(113.09, 23.2);(113.09, 23.6);(113.09, 24.0);(113.5, 23.2);(113.5, 23.6);(113.5, 24.0);(113.91, 23.2);(113.91, 23.6);(113.91, 24.0)",True
59501,2012-06-16 18:00:00,25.0,SURF,True,EXTREME_TYPE1,748,12,12,"(114.73, 22.4);(114.73, 22.8);(114.73, 23.2);(115.14, 22.4);(115.14, 22.8);(115.14, 23.2);(115.55, 22.4);(115.55, 22.8);(115.55, 23.2);(115.95, 22.4);(115.95, 22.8);(115.95, 23.2)",True
59502,2012-06-16 18:00:00,5.4,SURF,True,EXTREME_TYPE1,699,12,12,"(115.14, 22.8);(115.14, 23.2);(115.55, 22.4);(115.55, 22.8);(115.55, 23.2);(115.55, 23.6);(115.95, 22.4);(115.95, 22.8);(115.95, 23.2);(115.95, 23.6);(116.36, 22.8);(116.36, 23.2)",True
59319,2012-06-17 08:00:00,34.5,SURF,True,EXTREME_TYPE1,321,11,11,"(115.95, 23.6);(116.36, 23.2);(116.36, 23.6);(116.36, 24.0);(116.77, 22.8);(116.77, 23.2);(116.77, 23.6);(116.77, 24.0);(117.18, 23.2);(117.18, 23.6);(117.18, 24.0)",True
59310,2012-06-18 14:00:00,8.3,SURF,True,EXTREME_TYPE1,653,12,12,"(115.55, 23.6);(115.55, 24.0);(115.95, 23.2);(115.95, 23.6);(115.95, 24.0);(115.95, 24.4);(116.36, 23.2);(116.36, 23.6);(116.36, 24.0);(116.36, 24.4);(116.77, 23.6);(116.77, 24.0)",True
59099,2012-06-21 12:00:00,34.0,SURF,True,EXTREME_TYPE1,355,10,10,"(114.32, 24.4);(114.32, 24.8);(114.73, 24.0);(114.73, 24.4);(114.73, 24.8);(115.14, 24.0);(115.14, 24.4);(115.14, 24.8);(115.55, 24.4);(115.55, 24.8)",True
59289,2012-06-21 16:00:00,10.3,SURF,True,EXTREME_TYPE1,1366,12,12,"(113.09, 22.8);(113.09, 23.2);(113.5, 22.4);(113.5, 22.8);(113.5, 23.2);(113.5, 23.6);(113.91, 22.4);(113.91, 22.8);(113.91, 23.2);(113.91, 23.6);(114.32, 22.8);(114.32, 23.2)",True
59075,2012-06-22 19:00:00,58.2,SURF,True,EXTREME_TYPE1,624,12,12,"(111.86, 24.0);(111.86, 24.4);(112.27, 24.0);(112.27, 24.4);(112.27, 24.8);(112.68, 23.6);(112.68, 24.0);(112.68, 24.4);(112.68, 24.8);(113.09, 24.0);(113.09, 24.4);(113.09, 24.8)",True
59294,2012-06-23 06:00:00,19.8,SURF,True,EXTREME_TYPE1,950,11,11,"(113.09, 23.2);(113.5, 22.8);(113.5, 23.2);(113.5, 23.6);(113.91, 22.8);(113.91, 23.2);(113.91, 23.6);(113.91, 24.0);(114.32, 22.8);(114.32, 23.2);(114.32, 23.6)",True
59478,2012-06-24 07:00:00,21.4,SURF,True,EXTREME_TYPE1,1747,12,12,"(112.27, 22.0);(112.27, 22.4);(112.68, 21.6);(112.68, 22.0);(112.68, 22.4);(112.68, 22.8);(113.09, 21.6);(113.09, 22.0);(113.09, 22.4);(113.09, 22.8);(113.5, 22.0);(113.5, 22.4)",True
59287,2012-06-30 13:00:00,1.1,SURF,True,EXTREME_TYPE1,1393,9,9,"(113.09, 22.8);(113.09, 23.2);(113.09, 23.6);(113.5, 22.8);(113.5, 23.2);(113.5, 23.6);(113.91, 22.8);(113.91, 23.2);(113.91, 23.6)",True
59109,2012-07-17 15:00:00,21.4,SURF,True,EXTREME_TYPE1,523,12,12,"(115.14, 24.0);(115.14, 24.4);(115.55, 23.6);(115.55, 24.0);(115.55, 24.4);(115.55, 24.8);(115.95, 23.6);(115.95, 24.0);(115.95, 24.4);(115.95, 24.8);(116.36, 24.0);(116.36, 24.4)",True
59653,2012-07-22 15:00:00,53.8,SURF,True,EXTREME_TYPE1,629,11,11,"(110.23, 21.6);(110.23, 22.0);(110.64, 21.6);(110.64, 22.0);(110.64, 22.4);(111.05, 21.6);(111.05, 22.0);(111.05, 22.4);(111.45, 21.6);(111.45, 22.0);(111.45, 22.4)",True
59462,2012-07-24 10:00:00,34.0,SURF,True,EXTREME_TYPE1,1048,11,11,"(111.05, 22.4);(111.05, 22.8);(111.05, 23.2);(111.45, 22.4);(111.45, 22.8);(111.45, 23.2);(111.86, 22.4);(111.86, 22.8);(111.86, 23.2);(112.27, 22.4);(112.27, 22.8)",True
59656,2012-07-24 19:00:00,6.4,SURF,True,EXTREME_TYPE1,435,11,11,"(110.23, 21.2);(110.23, 21.6);(110.64, 20.8);(110.64, 21.2);(110.64, 21.6);(110.64, 22.0);(111.05, 21.2);(111.05, 21.6);(111.05, 22.0);(111.45, 21.2);(111.45, 21.6)",True
59673,2012-07-25 19:00:00,79.3,SURF,True,EXTREME_TYPE1,115,8,7,"(112.27, 21.6);(112.27, 22.0);(112.68, 21.6);(112.68, 22.0);(113.09, 21.6);(113.09, 22.0);(113.5, 21.6)",True
59485,2012-07-27 06:00:00,27.5,SURF,True,EXTREME_TYPE1,2227,12,12,"(112.68, 22.4);(112.68, 22.8);(113.09, 22.0);(113.09, 22.4);(113.09, 22.8);(113.5, 22.0);(113.5, 22.4);(113.5, 22.8);(113.5, 23.2);(113.91, 22.0);(113.91, 22.4);(113.91, 22.8)",True
59280,2012-07-28 19:00:00,6.2,SURF,True,EXTREME_TYPE1,839,10,10,"(112.68, 23.2);(112.68, 23.6);(112.68, 24.0);(113.09, 23.2);(113.09, 23.6);(113.09, 24.0);(113.09, 24.4);(113.5, 23.2);(113.5, 23.6);(113.5, 24.0)",True
59500,2012-08-07 14:00:00,21.7,SURF,True,EXTREME_TYPE1,800,12,12,"(114.73, 22.8);(114.73, 23.2);(115.14, 22.4);(115.14, 22.8);(115.14, 23.2);(115.14, 23.6);(115.55, 22.4);(115.55, 22.8);(115.55, 23.2);(115.55, 23.6);(115.95, 22.8);(115.95, 23.2)",True
59663,2012-08-08 22:00:00,32.2,SURF,True,EXTREME_TYPE1,652,11,11,"(111.45, 21.6);(111.45, 22.0);(111.86, 21.2);(111.86, 21.6);(111.86, 22.0);(111.86, 22.4);(112.27, 21.6);(112.27, 22.0);(112.27, 22.4);(112.68, 21.6);(112.68, 22.0)",True
59481,2012-08-10 19:00:00,32.6,SURF,True,EXTREME_TYPE1,2199,12,12,"(112.68, 22.8);(112.68, 23.2);(113.09, 22.4);(113.09, 22.8);(113.09, 23.2);(113.09, 23.6);(113.5, 22.4);(113.5, 22.8);(113.5, 23.2);(113.5, 23.6);(113.91, 22.8);(113.91, 23.2)",True
59284,2012-08-11 14:00:00,30.4,SURF,True,EXTREME_TYPE1,1298,12,12,"(112.68, 23.2);(112.68, 23.6);(113.09, 22.8);(113.09, 23.2);(113.09, 23.6);(113.09, 24.0);(113.5, 22.8);(113.5, 23.2);(113.5, 23.6);(113.5, 24.0);(113.91, 23.2);(113.91, 23.6)",True
59485,2012-08-12 05:00:00,12.5,SURF,True,EXTREME_TYPE1,2192,12,12,"(112.68, 22.4);(112.68, 22.8);(113.09, 22.0);(113.09, 22.4);(113.09, 22.8);(113.5, 22.0);(113.5, 22.4);(113.5, 22.8);(113.5, 23.2);(113.91, 22.0);(113.91, 22.4);(113.91, 22.8)",True
59297,2012-08-12 19:00:00,59.0,SURF,True,EXTREME_TYPE1,625,10,10,"(113.5, 23.2);(113.91, 22.8);(113.91, 23.2);(113.91, 23.6);(114.32, 22.8);(114.32, 23.2);(114.32, 23.6);(114.73, 22.8);(114.73, 23.2);(114.73, 23.6)",True
59280,2012-08-13 04:00:00,36.6,SURF,True,EXTREME_TYPE1,847,10,10,"(112.68, 23.2);(112.68, 23.6);(112.68, 24.0);(113.09, 23.2);(113.09, 23.6);(113.09, 24.0);(113.09, 24.4);(113.5, 23.2);(113.5, 23.6);(113.5, 24.0)",True
59477,2012-08-13 17:00:00,58.5,SURF,True,EXTREME_TYPE1,1995,10,6,"(112.27, 22.0);(112.27, 22.4);(112.27, 22.8);(112.68, 22.0);(112.68, 22.4);(112.68, 22.8)",True
59476,2012-08-14 17:00:00,1.8,SURF,True,EXTREME_TYPE1,2732,11,11,"(112.27, 22.4);(112.68, 22.0);(112.68, 22.4);(112.68, 22.8);(113.09, 22.0);(113.09, 22.4);(113.09, 22.8);(113.09, 23.2);(113.5, 22.0);(113.5, 22.4);(113.5, 22.8)",True
59658,2012-08-16 16:00:00,81.3,SURF,True,EXTREME_TYPE1,297,10,10,"(109.82, 20.8);(109.82, 21.2);(109.82, 21.6);(110.23, 20.8);(110.23, 21.2);(110.23, 21.6);(110.64, 20.8);(110.64, 21.2);(110.64, 21.6);(111.05, 21.2)",True
59673,2012-08-17 09:00:00,6.0,SURF,True,EXTREME_TYPE1,118,8,8,"(112.27, 21.6);(112.27, 22.0);(112.68, 21.6);(112.68, 22.0);(112.68, 22.4);(113.09, 21.6);(113.09, 22.0);(113.5, 21.6)",True
59664,2012-08-17 12:00:00,12.5,SURF,True,EXTREME_TYPE1,638,10,10,"(110.23, 21.6);(110.64, 21.2);(110.64, 21.6);(110.64, 22.0);(111.05, 21.2);(111.05, 21.6);(111.05, 22.0);(111.45, 21.2);(111.45, 21.6);(111.45, 22.0)",True
59306,2012-08-18 13:00:00,30.6,SURF,True,EXTREME_TYPE1,915,12,12,"(115.14, 23.2);(115.14, 23.6);(115.55, 22.8);(115.55, 23.2);(115.55, 23.6);(115.55, 24.0);(115.95, 22.8);(115.95, 23.2);(115.95, 23.6);(115.95, 24.0);(116.36, 23.2);(116.36, 23.6)",True
59096,2012-08-20 16:00:00,43.1,SURF,True,EXTREME_TYPE1,302,12,6,"(114.32, 24.0);(114.73, 24.0);(114.73, 24.4);(115.14, 24.0);(115.14, 24.4);(115.14, 24.8)",True
59106,2012-08-20 19:00:00,72.5,SURF,True,EXTREME_TYPE1,304,10,10,"(115.14, 24.4);(115.14, 24.8);(115.55, 24.0);(115.55, 24.4);(115.55, 24.8);(115.95, 24.0);(115.95, 24.4);(115.95, 24.8);(116.36, 24.4);(116.36, 24.8)",True
59287,2012-08-22 15:00:00,33.5,SURF,True,EXTREME_TYPE1,1398,9,9,"(113.09, 22.8);(113.09, 23.2);(113.09, 23.6);(113.5, 22.8);(113.5, 23.2);(113.5, 23.6);(113.91, 22.8);(113.91, 23.2);(113.91, 23.6)",True
59654,2012-08-22 16:00:00,30.5,SURF,True,EXTREME_TYPE1,504,10,10,"(109.82, 21.2);(109.82, 21.6);(109.82, 22.0);(110.23, 21.2);(110.23, 21.6);(110.23, 22.0);(110.64, 21.2);(110.64, 21.6);(110.64, 22.0);(111.05, 21.6)",True
59664,2012-08-23 15:00:00,50.7,SURF,True,EXTREME_TYPE1,635,10,10,"(110.23, 21.6);(110.64, 21.2);(110.64, 21.6);(110.64, 22.0);(111.05, 21.2);(111.05, 21.6);(111.05, 22.0);(111.45, 21.2);(111.45, 21.6);(111.45, 22.0)",True
59754,2012-08-31 13:00:00,80.2,SURF,True,EXTREME_TYPE4,205,5,4,"(109.82, 20.4);(109.82, 20.8);(110.23, 20.4);(110.23, 20.8)",True
59294,2012-09-01 17:00:00,12.7,SURF,True,EXTREME_TYPE1,955,11,11,"(113.09, 23.2);(113.5, 22.8);(113.5, 23.2);(113.5, 23.6);(113.91, 22.8);(113.91, 23.2);(113.91, 23.6);(113.91, 24.0);(114.32, 22.8);(114.32, 23.2);(114.32, 23.6)",True
59473,2012-09-03 23:00:00,53.2,SURF,True,EXTREME_TYPE1,2627,10,10,"(112.27, 22.8);(112.68, 22.4);(112.68, 22.8);(112.68, 23.2);(113.09, 22.4);(113.09, 22.8);(113.09, 23.2);(113.5, 22.4);(113.5, 22.8);(113.5, 23.2)",True
59481,2012-09-04 17:00:00,55.2,SURF,True,EXTREME_TYPE1,2182,12,12,"(112.68, 22.8);(112.68, 23.2);(113.09, 22.4);(113.09, 22.8);(113.09, 23.2);(113.09, 23.6);(113.5, 22.4);(113.5, 22.8);(113.5, 23.2);(113.5, 23.6);(113.91, 22.8);(113.91, 23.2)",True
59475,2012-09-05 14:00:00,16.9,SURF,True,EXTREME_TYPE1,2543,9,9,"(112.27, 22.0);(112.27, 22.4);(112.27, 22.8);(112.68, 22.0);(112.68, 22.4);(112.68, 22.8);(113.09, 22.0);(113.09, 22.4);(113.09, 22.8)",True
59650,2012-09-07 05:00:00,8.4,SURF,True,EXTREME_TYPE1,491,11,11,"(109.82, 21.2);(109.82, 21.6);(109.82, 22.0);(110.23, 20.8);(110.23, 21.2);(110.23, 21.6);(110.23, 22.0);(110.64, 20.8);(110.64, 21.2);(110.64, 21.6);(110.64, 22.0)",True
59658,2012-09-10 07:00:00,5.8,SURF,True,EXTREME_TYPE1,295,10,5,"(109.82, 21.6);(110.23, 21.2);(110.23, 21.6);(110.64, 21.2);(110.64, 21.6)",True
59090,2012-09-13 08:00:00,39.6,SURF,True,EXTREME_TYPE1,102,12,12,"(113.5, 24.8);(113.5, 25.2);(113.91, 24.4);(113.91, 24.8);(113.91, 25.2);(113.91, 25.6);(114.32, 24.4);(114.32, 24.8);(114.32, 25.2);(114.32, 25.6);(114.73, 24.8);(114.73, 25.2)",True
59114,2012-09-24 04:00:00,2.4,SURF,True,EXTREME_TYPE1,175,10,10,"(115.55, 24.4);(115.55, 24.8);(115.95, 24.0);(115.95, 24.4);(115.95, 24.8);(116.36, 24.0);(116.36, 24.4);(116.36, 24.8);(116.77, 24.4);(116.77, 24.8)",True
59289,2012-09-24 18:00:00,40.4,SURF,True,EXTREME_TYPE1,1314,12,12,"(113.09, 22.8);(113.09, 23.2);(113.5, 22.4);(113.5, 22.8);(113.5, 23.2);(113.5, 23.6);(113.91, 22.4);(113.91, 22.8);(113.91, 23.2);(113.91, 23.6);(114.32, 22.8);(114.32, 23.2)",True
59673,2012-09-25 13:00:00,6.3,SURF,True,EXTREME_TYPE1,120,8,8,"(112.27, 21.6);(112.27, 22.0);(112.68, 21.6);(112.68, 22.0);(112.68, 22.4);(113.09, 21.6);(113.09, 22.0);(113.5, 21.6)",True
59655,2012-10-30 00:00:00,56.4,SURF,True,EXTREME_TYPE1,599,10,10,"(110.23, 21.2);(110.23, 21.6);(110.23, 22.0);(110.64, 21.2);(110.64, 21.6);(110.64, 22.0);(110.64, 22.4);(111.05, 21.2);(111.05, 21.6);(111.05, 22.0)",True
59655,2012-10-30 01:00:00,67.6,SURF,True,EXTREME_TYPE1,601,10,10,"(110.23, 21.2);(110.23, 21.6);(110.23, 22.0);(110.64, 21.2);(110.64, 21.6);(110.64, 22.0);(110.64, 22.4);(111.05, 21.2);(111.05, 21.6);(111.05, 22.0)",True
59664,2012-10-30 04:00:00,52.2,SURF,True,EXTREME_TYPE1,635,10,10,"(110.23, 21.6);(110.64, 21.2);(110.64, 21.6);(110.64, 22.0);(111.05, 21.2);(111.05, 21.6);(111.05, 22.0);(111.45, 21.2);(111.45, 21.6);(111.45, 22.0)",True
59663,2012-10-30 08:00:00,35.2,SURF,True,EXTREME_TYPE1,663,11,11,"(111.45, 21.6);(111.45, 22.0);(111.86, 21.2);(111.86, 21.6);(111.86, 22.0);(111.86, 22.4);(112.27, 21.6);(112.27, 22.0);(112.27, 22.4);(112.68, 21.6);(112.68, 22.0)",True
59478,2012-10-30 17:00:00,1.8,SURF,True,EXTREME_TYPE1,1712,12,12,"(112.27, 22.0);(112.27, 22.4);(112.68, 21.6);(112.68, 22.0);(112.68, 22.4);(112.68, 22.8);(113.09, 21.6);(113.09, 22.0);(113.09, 22.4);(113.09, 22.8);(113.5, 22.0);(113.5, 22.4)",True
59663,2012-10-30 20:00:00,1.2,SURF,True,EXTREME_TYPE1,655,11,11,"(111.45, 21.6);(111.45, 22.0);(111.86, 21.2);(111.86, 21.6);(111.86, 22.0);(111.86, 22.4);(112.27, 21.6);(112.27, 22.0);(112.27, 22.4);(112.68, 21.6);(112.68, 22.0)",True
59287,2012-11-21 02:00:00,2.5,SURF,True,EXTREME_TYPE1,1440,9,9,"(113.09, 22.8);(113.09, 23.2);(113.09, 23.6);(113.5, 22.8);(113.5, 23.2);(113.5, 23.6);(113.91, 22.8);(113.91, 23.2);(113.91, 23.6)",True
59094,2012-11-23 01:00:00,5.0,SURF,True,EXTREME_TYPE1,350,12,12,"(113.5, 24.0);(113.5, 24.4);(113.5, 24.8);(113.91, 24.0);(113.91, 24.4);(113.91, 24.8);(114.32, 24.0);(114.32, 24.4);(114.32, 24.8);(114.73, 24.0);(114.73, 24.4);(114.73, 24.8)",True
57988,2012-11-26 02:00:00,3.4,SURF,True,EXTREME_TYPE1,205,11,11,"(112.68, 24.8);(112.68, 25.2);(113.09, 24.8);(113.09, 25.2);(113.09, 25.6);(113.5, 24.8);(113.5, 25.2);(113.5, 25.6);(113.91, 24.8);(113.91, 25.2);(113.91, 25.6)",True
59088,2012-11-26 08:00:00,5.9,SURF,True,EXTREME_TYPE1,687,12,12,"(112.68, 24.0);(112.68, 24.4);(113.09, 23.6);(113.09, 24.0);(113.09, 24.4);(113.09, 24.8);(113.5, 23.6);(113.5, 24.0);(113.5, 24.4);(113.5, 24.8);(113.91, 24.0);(113.91, 24.4)",True
59280,2012-11-28 13:00:00,5.0,SURF,True,EXTREME_TYPE1,883,10,10,"(112.68, 23.2);(112.68, 23.6);(112.68, 24.0);(113.09, 23.2);(113.09, 23.6);(113.09, 24.0);(113.09, 24.4);(113.5, 23.2);(113.5, 23.6);(113.5, 24.0)",True
59304,2012-11-30 02:00:00,1.0,SURF,True,EXTREME_TYPE1,670,9,9,"(114.73, 23.2);(114.73, 23.6);(114.73, 24.0);(115.14, 23.2);(115.14, 23.6);(115.14, 24.0);(115.55, 23.2);(115.55, 23.6);(115.55, 24.0)",True
59107,2012-11-30 09:00:00,28.0,SURF,True,EXTREME_TYPE1,579,12,12,"(114.73, 23.6);(114.73, 24.0);(114.73, 24.4);(115.14, 23.6);(115.14, 24.0);(115.14, 24.4);(115.14, 24.8);(115.55, 23.6);(115.55, 24.0);(115.55, 24.4);(115.95, 24.0);(115.95, 24.4)",True
59285,2012-11-30 14:00:00,10.4,SURF,True,EXTREME_TYPE1,980,10,10,"(113.09, 23.2);(113.09, 23.6);(113.09, 24.0);(113.5, 23.2);(113.5, 23.6);(113.5, 24.0);(113.91, 23.2);(113.91, 23.6);(113.91, 24.0);(114.32, 23.6)",True
59313,2012-12-04 21:00:00,3.0,SURF,True,EXTREME_TYPE1,135,9,9,"(116.36, 23.6);(116.36, 24.0);(116.77, 23.2);(116.77, 23.6);(116.77, 24.0);(117.18, 23.2);(117.18, 23.6);(117.18, 24.0);(117.59, 23.6)",True
59279,2013-03-24 10:00:00,6.8,SURF,True,EXTREME_TYPE1,1901,12,12,"(112.27, 22.8);(112.27, 23.2);(112.27, 23.6);(112.68, 22.8);(112.68, 23.2);(112.68, 23.6);(113.09, 22.8);(113.09, 23.2);(113.09, 23.6);(113.5, 22.8);(113.5, 23.2);(113.5, 23.6)",True
59090,2013-03-26 12:00:00,7.8,SURF,True,EXTREME_TYPE1,198,12,12,"(113.5, 24.8);(113.5, 25.2);(113.91, 24.4);(113.91, 24.8);(113.91, 25.2);(113.91, 25.6);(114.32, 24.4);(114.32, 24.8);(114.32, 25.2);(114.32, 25.6);(114.73, 24.8);(114.73, 25.2)",True
59271,2013-03-26 14:00:00,22.0,SURF,True,EXTREME_TYPE1,830,11,11,"(111.86, 23.2);(111.86, 23.6);(111.86, 24.0);(112.27, 23.2);(112.27, 23.6);(112.27, 24.0);(112.68, 23.2);(112.68, 23.6);(112.68, 24.0);(113.09, 23.6);(113.09, 24.0)",True
59493,2013-03-26 17:00:00,33.2,SURF,True,EXTREME_TYPE1,799,13,13,"(113.5, 22.0);(113.5, 22.4);(113.5, 22.8);(113.91, 22.0);(113.91, 22.4);(113.91, 22.8);(113.91, 23.2);(114.32, 22.0);(114.32, 22.4);(114.32, 22.8);(114.32, 23.2);(114.73, 22.4);(114.73, 22.8)",True
59289,2013-03-26 20:00:00,1.3,SURF,True,EXTREME_TYPE1,1460,12,12,"(113.09, 22.8);(113.09, 23.2);(113.5, 22.4);(113.5, 22.8);(113.5, 23.2);(113.5, 23.6);(113.91, 22.4);(113.91, 22.8);(113.91, 23.2);(113.91, 23.6);(114.32, 22.8);(114.32, 23.2)",True
59290,2013-03-28 05:00:00,15.7,SURF,True,EXTREME_TYPE1,637,11,11,"(113.5, 23.6);(113.91, 23.2);(113.91, 23.6);(113.91, 24.0);(113.91, 24.4);(114.32, 23.2);(114.32, 23.6);(114.32, 24.0);(114.32, 24.4);(114.73, 23.6);(114.73, 24.0)",True
59288,2013-03-28 06:00:00,31.9,SURF,True,EXTREME_TYPE1,1912,10,10,"(112.27, 23.2);(112.68, 22.8);(112.68, 23.2);(112.68, 23.6);(113.09, 22.8);(113.09, 23.2);(113.09, 23.6);(113.5, 22.8);(113.5, 23.2);(113.5, 23.6)",True
59304,2013-03-28 10:00:00,25.4,SURF,True,EXTREME_TYPE1,733,9,9,"(114.73, 23.2);(114.73, 23.6);(114.73, 24.0);(115.14, 23.2);(115.14, 23.6);(115.14, 24.0);(115.55, 23.2);(115.55, 23.6);(115.55, 24.0)",True
59462,2013-03-30 08:00:00,18.5,SURF,True,EXTREME_TYPE1,1099,11,11,"(111.05, 22.4);(111.05, 22.8);(111.05, 23.2);(111.45, 22.4);(111.45, 22.8);(111.45, 23.2);(111.86, 22.4);(111.86, 22.8);(111.86, 23.2);(112.27, 22.4);(112.27, 22.8)",True
59471,2013-03-30 15:00:00,8.0,SURF,True,EXTREME_TYPE1,1844,12,12,"(111.45, 22.8);(111.45, 23.2);(111.86, 22.4);(111.86, 22.8);(111.86, 23.2);(111.86, 23.6);(112.27, 22.4);(112.27, 22.8);(112.27, 23.2);(112.27, 23.6);(112.68, 22.8);(112.68, 23.2)",True
59650,2013-03-30 15:00:00,66.4,SURF,True,EXTREME_TYPE1,650,11,11,"(109.82, 21.2);(109.82, 21.6);(109.82, 22.0);(110.23, 20.8);(110.23, 21.2);(110.23, 21.6);(110.23, 22.0);(110.64, 20.8);(110.64, 21.2);(110.64, 21.6);(110.64, 22.0)",True
59293,2013-03-30 17:00:00,11.7,SURF,True,EXTREME_TYPE1,491,11,11,"(114.32, 23.2);(114.32, 23.6);(114.32, 24.0);(114.73, 23.2);(114.73, 23.6);(114.73, 24.0);(114.73, 24.4);(115.14, 23.2);(115.14, 23.6);(115.14, 24.0);(115.14, 24.4)",True
59290,2013-04-02 09:00:00,1.6,SURF,True,EXTREME_TYPE1,637,11,11,"(113.5, 23.6);(113.91, 23.2);(113.91, 23.6);(113.91, 24.0);(113.91, 24.4);(114.32, 23.2);(114.32, 23.6);(114.32, 24.0);(114.32, 24.4);(114.73, 23.6);(114.73, 24.0)",True
59107,2013-04-05 10:00:00,24.5,SURF,True,EXTREME_TYPE1,605,12,12,"(114.73, 23.6);(114.73, 24.0);(114.73, 24.4);(115.14, 23.6);(115.14, 24.0);(115.14, 24.4);(115.14, 24.8);(115.55, 23.6);(115.55, 24.0);(115.55, 24.4);(115.95, 24.0);(115.95, 24.4)",True
59109,2013-04-05 16:00:00,8.3,SURF,True,EXTREME_TYPE1,592,12,12,"(115.14, 24.0);(115.14, 24.4);(115.55, 23.6);(115.55, 24.0);(115.55, 24.4);(115.55, 24.8);(115.95, 23.6);(115.95, 24.0);(115.95, 24.4);(115.95, 24.8);(116.36, 24.0);(116.36, 24.4)",True
59278,2013-04-09 06:00:00,12.5,SURF,True,EXTREME_TYPE1,2487,12,12,"(111.86, 22.8);(111.86, 23.2);(112.27, 22.4);(112.27, 22.8);(112.27, 23.2);(112.27, 23.6);(112.68, 22.4);(112.68, 22.8);(112.68, 23.2);(112.68, 23.6);(113.09, 22.8);(113.09, 23.2)",True
59470,2013-04-10 03:00:00,1.0,SURF,True,EXTREME_TYPE1,1818,10,10,"(111.45, 22.8);(111.86, 22.4);(111.86, 22.8);(111.86, 23.2);(112.27, 22.4);(112.27, 22.8);(112.27, 23.2);(112.68, 22.4);(112.68, 22.8);(112.68, 23.2)",True
59116,2013-04-19 11:00:00,5.2,SURF,True,EXTREME_TYPE1,190,9,9,"(115.95, 24.4);(116.36, 24.0);(116.36, 24.4);(116.36, 24.8);(116.77, 24.0);(116.77, 24.4);(116.77, 24.8);(117.18, 24.0);(117.18, 24.4)",True
59481,2013-04-20 20:00:00,53.0,SURF,True,EXTREME_TYPE1,2318,12,12,"(112.68, 22.8);(112.68, 23.2);(113.09, 22.4);(113.09, 22.8);(113.09, 23.2);(113.09, 23.6);(113.5, 22.4);(113.5, 22.8);(113.5, 23.2);(113.5, 23.6);(113.91, 22.8);(113.91, 23.2)",True
59500,2013-04-25 21:00:00,33.7,SURF,True,EXTREME_TYPE1,815,12,12,"(114.73, 22.8);(114.73, 23.2);(115.14, 22.4);(115.14, 22.8);(115.14, 23.2);(115.14, 23.6);(115.55, 22.4);(115.55, 22.8);(115.55, 23.2);(115.55, 23.6);(115.95, 22.8);(115.95, 23.2)",True
59653,2013-04-25 21:00:00,22.7,SURF,True,EXTREME_TYPE1,681,11,11,"(110.23, 21.6);(110.23, 22.0);(110.64, 21.6);(110.64, 22.0);(110.64, 22.4);(111.05, 21.6);(111.05, 22.0);(111.05, 22.4);(111.45, 21.6);(111.45, 22.0);(111.45, 22.4)",True
59279,2013-04-30 13:00:00,26.7,SURF,True,EXTREME_TYPE1,1902,12,12,"(112.27, 22.8);(112.27, 23.2);(112.27, 23.6);(112.68, 22.8);(112.68, 23.2);(112.68, 23.6);(113.09, 22.8);(113.09, 23.2);(113.09, 23.6);(113.5, 22.8);(113.5, 23.2);(113.5, 23.6)",True
59293,2013-05-04 13:00:00,1.3,SURF,True,EXTREME_TYPE1,465,11,11,"(114.32, 23.2);(114.32, 23.6);(114.32, 24.0);(114.73, 23.2);(114.73, 23.6);(114.73, 24.0);(114.73, 24.4);(115.14, 23.2);(115.14, 23.6);(115.14, 24.0);(115.14, 24.4)",True
59655,2013-05-07 15:00:00,118.2,SURF,True,EXTREME_TYPE1,736,10,10,"(110.23, 21.2);(110.23, 21.6);(110.23, 22.0);(110.64, 21.2);(110.64, 21.6);(110.64, 22.0);(110.64, 22.4);(111.05, 21.2);(111.05, 21.6);(111.05, 22.0)",True
59475,2013-05-08 10:00:00,10.9,SURF,True,EXTREME_TYPE1,2528,9,9,"(112.27, 22.0);(112.27, 22.4);(112.27, 22.8);(112.68, 22.0);(112.68, 22.4);(112.68, 22.8);(113.09, 22.0);(113.09, 22.4);(113.09, 22.8)",True
59475,2013-05-08 12:00:00,82.7,SURF,True,EXTREME_TYPE1,2528,9,9,"(112.27, 22.0);(112.27, 22.4);(112.27, 22.8);(112.68, 22.0);(112.68, 22.4);(112.68, 22.8);(113.09, 22.0);(113.09, 22.4);(113.09, 22.8)",True
57989,2013-05-08 14:00:00,15.7,SURF,True,EXTREME_TYPE1,285,12,12,"(113.09, 24.8);(113.09, 25.2);(113.5, 24.4);(113.5, 24.8);(113.5, 25.2);(113.5, 25.6);(113.91, 24.4);(113.91, 24.8);(113.91, 25.2);(113.91, 25.6);(114.32, 24.8);(114.32, 25.2)",True
59476,2013-05-08 14:00:00,54.2,SURF,True,EXTREME_TYPE1,2685,11,11,"(112.27, 22.4);(112.68, 22.0);(112.68, 22.4);(112.68, 22.8);(113.09, 22.0);(113.09, 22.4);(113.09, 22.8);(113.09, 23.2);(113.5, 22.0);(113.5, 22.4);(113.5, 22.8)",True
59485,2013-05-08 15:00:00,55.0,SURF,True,EXTREME_TYPE1,2157,12,12,"(112.68, 22.4);(112.68, 22.8);(113.09, 22.0);(113.09, 22.4);(113.09, 22.8);(113.5, 22.0);(113.5, 22.4);(113.5, 22.8);(113.5, 23.2);(113.91, 22.0);(113.91, 22.4);(113.91, 22.8)",True
59485,2013-05-08 17:00:00,31.1,SURF,True,EXTREME_TYPE1,2155,12,12,"(112.68, 22.4);(112.68, 22.8);(113.09, 22.0);(113.09, 22.4);(113.09, 22.8);(113.5, 22.0);(113.5, 22.4);(113.5, 22.8);(113.5, 23.2);(113.91, 22.0);(113.91, 22.4);(113.91, 22.8)",True
59289,2013-05-08 18:00:00,55.1,SURF,True,EXTREME_TYPE1,1354,12,12,"(113.09, 22.8);(113.09, 23.2);(113.5, 22.4);(113.5, 22.8);(113.5, 23.2);(113.5, 23.6);(113.91, 22.4);(113.91, 22.8);(113.91, 23.2);(113.91, 23.6);(114.32, 22.8);(114.32, 23.2)",True
59487,2013-05-08 19:00:00,36.1,SURF,True,EXTREME_TYPE1,1374,12,12,"(112.68, 22.0);(112.68, 22.4);(113.09, 21.6);(113.09, 22.0);(113.09, 22.4);(113.09, 22.8);(113.5, 21.6);(113.5, 22.0);(113.5, 22.4);(113.5, 22.8);(113.91, 22.0);(113.91, 22.4)",True
59500,2013-05-09 07:00:00,63.4,SURF,True,EXTREME_TYPE1,865,12,12,"(114.73, 22.8);(114.73, 23.2);(115.14, 22.4);(115.14, 22.8);(115.14, 23.2);(115.14, 23.6);(115.55, 22.4);(115.55, 22.8);(115.55, 23.2);(115.55, 23.6);(115.95, 22.8);(115.95, 23.2)",True
59663,2013-05-10 08:00:00,57.5,SURF,True,EXTREME_TYPE1,676,11,11,"(111.45, 21.6);(111.45, 22.0);(111.86, 21.2);(111.86, 21.6);(111.86, 22.0);(111.86, 22.4);(112.27, 21.6);(112.27, 22.0);(112.27, 22.4);(112.68, 21.6);(112.68, 22.0)",True
59290,2013-05-11 02:00:00,7.7,SURF,True,EXTREME_TYPE1,590,11,11,"(113.5, 23.6);(113.91, 23.2);(113.91, 23.6);(113.91, 24.0);(113.91, 24.4);(114.32, 23.2);(114.32, 23.6);(114.32, 24.0);(114.32, 24.4);(114.73, 23.6);(114.73, 24.0)",True
59290,2013-05-15 11:00:00,16.7,SURF,True,EXTREME_TYPE1,574,11,11,"(113.5, 23.6);(113.91, 23.2);(113.91, 23.6);(113.91, 24.0);(113.91, 24.4);(114.32, 23.2);(114.32, 23.6);(114.32, 24.0);(114.32, 24.4);(114.73, 23.6);(114.73, 24.0)",True
59087,2013-05-15 21:00:00,53.5,SURF,True,EXTREME_TYPE1,695,10,10,"(113.09, 23.6);(113.09, 24.0);(113.09, 24.4);(113.5, 23.2);(113.5, 23.6);(113.5, 24.0);(113.5, 24.4);(113.91, 23.6);(113.91, 24.0);(113.91, 24.4)",True
59087,2013-05-15 22:00:00,60.6,SURF,True,EXTREME_TYPE1,693,10,10,"(113.09, 23.6);(113.09, 24.0);(113.09, 24.4);(113.5, 23.2);(113.5, 23.6);(113.5, 24.0);(113.5, 24.4);(113.91, 23.6);(113.91, 24.0);(113.91, 24.4)",True
57989,2013-05-16 03:00:00,21.7,SURF,True,EXTREME_TYPE1,292,12,12,"(113.09, 24.8);(113.09, 25.2);(113.5, 24.4);(113.5, 24.8);(113.5, 25.2);(113.5, 25.6);(113.91, 24.4);(113.91, 24.8);(113.91, 25.2);(113.91, 25.6);(114.32, 24.8);(114.32, 25.2)",True
59099,2013-05-16 08:00:00,52.6,SURF,True,EXTREME_TYPE1,365,10,10,"(114.32, 24.4);(114.32, 24.8);(114.73, 24.0);(114.73, 24.4);(114.73, 24.8);(115.14, 24.0);(115.14, 24.4);(115.14, 24.8);(115.55, 24.4);(115.55, 24.8)",True
59096,2013-05-16 09:00:00,5.6,SURF,True,EXTREME_TYPE1,329,12,12,"(113.91, 24.0);(113.91, 24.4);(113.91, 24.8);(114.32, 24.0);(114.32, 24.4);(114.32, 24.8);(114.73, 24.0);(114.73, 24.4);(114.73, 24.8);(115.14, 24.0);(115.14, 24.4);(115.14, 24.8)",True
59099,2013-05-16 11:00:00,5.9,SURF,True,EXTREME_TYPE1,383,10,10,"(114.32, 24.4);(114.32, 24.8);(114.73, 24.0);(114.73, 24.4);(114.73, 24.8);(115.14, 24.0);(115.14, 24.4);(115.14, 24.8);(115.55, 24.4);(115.55, 24.8)",True
59313,2013-05-16 12:00:00,54.3,SURF,True,EXTREME_TYPE1,139,9,9,"(116.36, 23.6);(116.36, 24.0);(116.77, 23.2);(116.77, 23.6);(116.77, 24.0);(117.18, 23.2);(117.18, 23.6);(117.18, 24.0);(117.59, 23.6)",True
59314,2013-05-16 16:00:00,62.8,SURF,True,EXTREME_TYPE1,898,12,12,"(115.55, 23.2);(115.55, 23.6);(115.95, 22.8);(115.95, 23.2);(115.95, 23.6);(115.95, 24.0);(116.36, 22.8);(116.36, 23.2);(116.36, 23.6);(116.36, 24.0);(116.77, 23.2);(116.77, 23.6)",True
59313,2013-05-16 17:00:00,64.5,SURF,True,EXTREME_TYPE1,138,9,9,"(116.36, 23.6);(116.36, 24.0);(116.77, 23.2);(116.77, 23.6);(116.77, 24.0);(117.18, 23.2);(117.18, 23.6);(117.18, 24.0);(117.59, 23.6)",True
59287,2013-05-17 04:00:00,9.2,SURF,True,EXTREME_TYPE1,1355,9,9,"(113.09, 22.8);(113.09, 23.2);(113.09, 23.6);(113.5, 22.8);(113.5, 23.2);(113.5, 23.6);(113.91, 22.8);(113.91, 23.2);(113.91, 23.6)",True
59298,2013-05-17 08:00:00,5.9,SURF,True,EXTREME_TYPE1,624,11,11,"(113.91, 22.8);(113.91, 23.2);(113.91, 23.6);(114.32, 22.4);(114.32, 22.8);(114.32, 23.2);(114.32, 23.6);(114.73, 22.8);(114.73, 23.2);(114.73, 23.6);(115.14, 23.2)",True
59471,2013-05-19 22:00:00,1.7,SURF,True,EXTREME_TYPE1,1785,12,12,"(111.45, 22.8);(111.45, 23.2);(111.86, 22.4);(111.86, 22.8);(111.86, 23.2);(111.86, 23.6);(112.27, 22.4);(112.27, 22.8);(112.27, 23.2);(112.27, 23.6);(112.68, 22.8);(112.68, 23.2)",True
59279,2013-05-20 16:00:00,8.5,SURF,True,EXTREME_TYPE1,1796,12,12,"(112.27, 22.8);(112.27, 23.2);(112.27, 23.6);(112.68, 22.8);(112.68, 23.2);(112.68, 23.6);(113.09, 22.8);(113.09, 23.2);(113.09, 23.6);(113.5, 22.8);(113.5, 23.2);(113.5, 23.6)",True
59288,2013-05-20 17:00:00,81.1,SURF,True,EXTREME_TYPE1,1800,10,10,"(112.27, 23.2);(112.68, 22.8);(112.68, 23.2);(112.68, 23.6);(113.09, 22.8);(113.09, 23.2);(113.09, 23.6);(113.5, 22.8);(113.5, 23.2);(113.5, 23.6)",True
59487,2013-05-21 11:00:00,15.9,SURF,True,EXTREME_TYPE1,1374,12,12,"(112.68, 22.0);(112.68, 22.4);(113.09, 21.6);(113.09, 22.0);(113.09, 22.4);(113.09, 22.8);(113.5, 21.6);(113.5, 22.0);(113.5, 22.4);(113.5, 22.8);(113.91, 22.0);(113.91, 22.4)",True
59502,2013-05-21 14:00:00,24.2,SURF,True,EXTREME_TYPE1,903,12,12,"(115.14, 22.8);(115.14, 23.2);(115.55, 22.4);(115.55, 22.8);(115.55, 23.2);(115.55, 23.6);(115.95, 22.4);(115.95, 22.8);(115.95, 23.2);(115.95, 23.6);(116.36, 22.8);(116.36, 23.2)",True
59485,2013-05-21 21:00:00,40.1,SURF,True,EXTREME_TYPE1,2169,12,12,"(112.68, 22.4);(112.68, 22.8);(113.09, 22.0);(113.09, 22.4);(113.09, 22.8);(113.5, 22.0);(113.5, 22.4);(113.5, 22.8);(113.5, 23.2);(113.91, 22.0);(113.91, 22.4);(113.91, 22.8)",True
59290,2013-05-21 22:00:00,52.2,SURF,True,EXTREME_TYPE1,558,11,11,"(113.5, 23.6);(113.91, 23.2);(113.91, 23.6);(113.91, 24.0);(113.91, 24.4);(114.32, 23.2);(114.32, 23.6);(114.32, 24.0);(114.32, 24.4);(114.73, 23.6);(114.73, 24.0)",True
59488,2013-05-22 03:00:00,68.5,SURF,True,EXTREME_TYPE1,741,11,11,"(113.09, 22.0);(113.09, 22.4);(113.09, 22.8);(113.5, 21.6);(113.5, 22.0);(113.5, 22.4);(113.5, 22.8);(113.91, 22.0);(113.91, 22.4);(113.91, 22.8);(114.32, 22.4)",True
59488,2013-05-22 12:00:00,5.1,SURF,True,EXTREME_TYPE1,744,11,11,"(113.09, 22.0);(113.09, 22.4);(113.09, 22.8);(113.5, 21.6);(113.5, 22.0);(113.5, 22.4);(113.5, 22.8);(113.91, 22.0);(113.91, 22.4);(113.91, 22.8);(114.32, 22.4)",True
59072,2013-05-25 14:00:00,2.0,SURF,True,EXTREME_TYPE1,645,9,9,"(111.86, 24.4);(111.86, 24.8);(112.27, 24.4);(112.27, 24.8);(112.27, 25.2);(112.68, 24.4);(112.68, 24.8);(112.68, 25.2);(113.09, 24.8)",True
59492,2013-05-26 09:00:00,17.8,SURF,True,EXTREME_TYPE1,505,11,11,"(114.32, 22.4);(114.32, 22.8);(114.32, 23.2);(114.32, 23.6);(114.73, 22.4);(114.73, 22.8);(114.73, 23.2);(114.73, 23.6);(115.14, 22.8);(115.14, 23.2);(115.14, 23.6)",True
59314,2013-05-26 15:00:00,32.8,SURF,True,EXTREME_TYPE1,816,12,12,"(115.55, 23.2);(115.55, 23.6);(115.95, 22.8);(115.95, 23.2);(115.95, 23.6);(115.95, 24.0);(116.36, 22.8);(116.36, 23.2);(116.36, 23.6);(116.36, 24.0);(116.77, 23.2);(116.77, 23.6)",True
59097,2013-05-27 06:00:00,59.2,SURF,True,EXTREME_TYPE1,499,10,10,"(113.5, 24.0);(113.91, 23.6);(113.91, 24.0);(113.91, 24.4);(114.32, 23.6);(114.32, 24.0);(114.32, 24.4);(114.73, 23.6);(114.73, 24.0);(114.73, 24.4)",True
59317,2013-05-27 15:00:00,64.9,SURF,True,EXTREME_TYPE1,730,9,9,"(115.95, 22.4);(115.95, 22.8);(115.95, 23.2);(115.95, 23.6);(116.36, 22.8);(116.36, 23.2);(116.36, 23.6);(116.77, 22.8);(116.77, 23.2)",True
59469,2013-06-05 08:00:00,6.6,SURF,True,EXTREME_TYPE1,672,11,11,"(111.05, 22.0);(111.45, 21.6);(111.45, 22.0);(111.45, 22.4);(111.86, 21.6);(111.86, 22.0);(111.86, 22.4);(111.86, 22.8);(112.27, 21.6);(112.27, 22.0);(112.27, 22.4)",True
59658,2013-06-05 14:00:00,58.3,SURF,True,EXTREME_TYPE1,398,10,10,"(109.82, 20.8);(109.82, 21.2);(109.82, 21.6);(110.23, 20.8);(110.23, 21.2);(110.23, 21.6);(110.64, 20.8);(110.64, 21.2);(110.64, 21.6);(111.05, 21.2)",True
59270,2013-06-10 02:00:00,24.0,SURF,True,EXTREME_TYPE1,586,10,10,"(111.45, 24.0);(111.86, 23.6);(111.86, 24.0);(111.86, 24.4);(112.27, 23.6);(112.27, 24.0);(112.27, 24.4);(112.68, 23.6);(112.68, 24.0);(112.68, 24.4)",True
59082,2013-06-10 04:00:00,23.4,SURF,True,EXTREME_TYPE1,462,12,12,"(113.09, 24.4);(113.09, 24.8);(113.09, 25.2);(113.5, 24.0);(113.5, 24.4);(113.5, 24.8);(113.5, 25.2);(113.91, 24.4);(113.91, 24.8);(113.91, 25.2);(114.32, 24.4);(114.32, 24.8)",True
59269,2013-06-10 13:00:00,12.8,SURF,True,EXTREME_TYPE1,776,9,9,"(111.45, 22.8);(111.45, 23.2);(111.45, 23.6);(111.86, 22.8);(111.86, 23.2);(111.86, 23.6);(112.27, 22.8);(112.27, 23.2);(112.27, 23.6)",True
59487,2013-06-11 02:00:00,9.2,SURF,True,EXTREME_TYPE1,1230,12,12,"(112.68, 22.0);(112.68, 22.4);(113.09, 21.6);(113.09, 22.0);(113.09, 22.4);(113.09, 22.8);(113.5, 21.6);(113.5, 22.0);(113.5, 22.4);(113.5, 22.8);(113.91, 22.0);(113.91, 22.4)",True
59312,2013-06-11 10:00:00,10.9,SURF,True,EXTREME_TYPE1,449,10,10,"(115.95, 23.6);(116.36, 23.2);(116.36, 23.6);(116.36, 24.0);(116.77, 23.2);(116.77, 23.6);(116.77, 24.0);(117.18, 23.2);(117.18, 23.6);(117.18, 24.0)",True
59502,2013-06-15 15:00:00,53.6,SURF,True,EXTREME_TYPE1,720,12,8,"(115.14, 23.2);(115.55, 22.8);(115.55, 23.2);(115.55, 23.6);(115.95, 22.8);(115.95, 23.2);(115.95, 23.6);(116.36, 23.2)",True
59750,2013-06-17 01:00:00,3.3,SURF,True,FALSE,521,11,0,,True
G2308,2013-06-23 02:00:00,94.2,AWST,False,EXTREME_TYPE4,826,10,3,"(112.27, 21.6);(112.27, 22.0);(112.27, 22.4)",True
G2308,2013-06-23 03:00:00,55.9,AWST,False,EXTREME_TYPE3,826,10,3,"(112.27, 21.6);(112.27, 22.0);(112.27, 22.4)",True
G2308,2013-06-23 04:00:00,188.0,AWST,False,FALSE,827,10,0,,True
59487,2013-06-24 12:00:00,56.3,SURF,True,EXTREME_TYPE1,1251,12,12,"(112.68, 22.0);(112.68, 22.4);(113.09, 21.6);(113.09, 22.0);(113.09, 22.4);(113.09, 22.8);(113.5, 21.6);(113.5, 22.0);(113.5, 22.4);(113.5, 22.8);(113.91, 22.0);(113.91, 22.4)",True
59456,2013-06-24 14:00:00,39.7,SURF,True,EXTREME_TYPE1,563,10,10,"(110.23, 22.4);(110.64, 22.0);(110.64, 22.4);(110.64, 22.8);(111.05, 22.0);(111.05, 22.4);(111.05, 22.8);(111.45, 22.0);(111.45, 22.4);(111.45, 22.8)",True
59284,2013-06-25 04:00:00,43.6,SURF,True,EXTREME_TYPE1,1480,12,12,"(112.68, 23.2);(112.68, 23.6);(113.09, 22.8);(113.09, 23.2);(113.09, 23.6);(113.09, 24.0);(113.5, 22.8);(113.5, 23.2);(113.5, 23.6);(113.5, 24.0);(113.91, 23.2);(113.91, 23.6)",True
59673,2013-07-02 05:00:00,8.9,SURF,True,EXTREME_TYPE1,80,8,8,"(112.27, 21.6);(112.27, 22.0);(112.68, 21.6);(112.68, 22.0);(112.68, 22.4);(113.09, 21.6);(113.09, 22.0);(113.5, 21.6)",True
59754,2013-07-02 06:00:00,54.5,SURF,True,EXTREME_TYPE1,263,5,5,"(109.82, 20.4);(109.82, 20.8);(110.23, 20.4);(110.23, 20.8);(110.64, 20.8)",True
59659,2013-07-15 08:00:00,52.8,SURF,True,EXTREME_TYPE1,712,12,12,"(110.23, 21.6);(110.23, 22.0);(110.64, 21.2);(110.64, 21.6);(110.64, 22.0);(110.64, 22.4);(111.05, 21.2);(111.05, 21.6);(111.05, 22.0);(111.05, 22.4);(111.45, 21.6);(111.45, 22.0)",True
59659,2013-07-15 09:00:00,102.5,SURF,True,EXTREME_TYPE1,710,12,12,"(110.23, 21.6);(110.23, 22.0);(110.64, 21.2);(110.64, 21.6);(110.64, 22.0);(110.64, 22.4);(111.05, 21.2);(111.05, 21.6);(111.05, 22.0);(111.05, 22.4);(111.45, 21.6);(111.45, 22.0)",True
59269,2013-07-16 16:00:00,32.0,SURF,True,EXTREME_TYPE1,827,9,9,"(111.45, 22.8);(111.45, 23.2);(111.45, 23.6);(111.86, 22.8);(111.86, 23.2);(111.86, 23.6);(112.27, 22.8);(112.27, 23.2);(112.27, 23.6)",True
59480,2013-07-17 14:00:00,33.4,SURF,True,EXTREME_TYPE1,2213,10,10,"(112.68, 22.4);(112.68, 22.8);(112.68, 23.2);(113.09, 22.4);(113.09, 22.8);(113.09, 23.2);(113.5, 22.4);(113.5, 22.8);(113.5, 23.2);(113.91, 22.8)",True
59658,2013-07-25 04:00:00,16.4,SURF,True,EXTREME_TYPE1,395,10,10,"(109.82, 20.8);(109.82, 21.2);(109.82, 21.6);(110.23, 20.8);(110.23, 21.2);(110.23, 21.6);(110.64, 20.8);(110.64, 21.2);(110.64, 21.6);(111.05, 21.2)",True
59754,2013-07-25 10:00:00,8.1,SURF,True,EXTREME_TYPE1,280,5,5,"(109.82, 20.4);(109.82, 20.8);(110.23, 20.4);(110.23, 20.8);(110.64, 20.8)",True
59655,2013-07-25 18:00:00,22.7,SURF,True,EXTREME_TYPE1,692,10,10,"(110.23, 21.2);(110.23, 21.6);(110.23, 22.0);(110.64, 21.2);(110.64, 21.6);(110.64, 22.0);(110.64, 22.4);(111.05, 21.2);(111.05, 21.6);(111.05, 22.0)",True
59655,2013-07-26 05:00:00,9.8,SURF,True,EXTREME_TYPE1,696,10,10,"(110.23, 21.2);(110.23, 21.6);(110.23, 22.0);(110.64, 21.2);(110.64, 21.6);(110.64, 22.0);(110.64, 22.4);(111.05, 21.2);(111.05, 21.6);(111.05, 22.0)",True
59313,2013-07-26 19:00:00,23.1,SURF,True,EXTREME_TYPE1,140,9,9,"(116.36, 23.6);(116.36, 24.0);(116.77, 23.2);(116.77, 23.6);(116.77, 24.0);(117.18, 23.2);(117.18, 23.6);(117.18, 24.0);(117.59, 23.6)",True
59290,2013-08-01 16:00:00,9.6,SURF,True,EXTREME_TYPE1,615,11,11,"(113.5, 23.6);(113.91, 23.2);(113.91, 23.6);(113.91, 24.0);(113.91, 24.4);(114.32, 23.2);(114.32, 23.6);(114.32, 24.0);(114.32, 24.4);(114.73, 23.6);(114.73, 24.0)",True
59312,2013-08-02 05:00:00,8.4,SURF,True,EXTREME_TYPE1,454,10,10,"(115.95, 23.6);(116.36, 23.2);(116.36, 23.6);(116.36, 24.0);(116.77, 23.2);(116.77, 23.6);(116.77, 24.0);(117.18, 23.2);(117.18, 23.6);(117.18, 24.0)",True
59114,2013-08-02 08:00:00,1.0,SURF,True,EXTREME_TYPE1,203,10,10,"(115.55, 24.4);(115.55, 24.8);(115.95, 24.0);(115.95, 24.4);(115.95, 24.8);(116.36, 24.0);(116.36, 24.4);(116.36, 24.8);(116.77, 24.4);(116.77, 24.8)",True
59279,2013-08-10 23:00:00,68.4,SURF,True,EXTREME_TYPE1,1890,12,12,"(112.27, 22.8);(112.27, 23.2);(112.27, 23.6);(112.68, 22.8);(112.68, 23.2);(112.68, 23.6);(113.09, 22.8);(113.09, 23.2);(113.09, 23.6);(113.5, 22.8);(113.5, 23.2);(113.5, 23.6)",True
59664,2013-08-13 15:00:00,19.2,SURF,True,EXTREME_TYPE1,539,10,10,"(110.23, 21.6);(110.64, 21.2);(110.64, 21.6);(110.64, 22.0);(111.05, 21.2);(111.05, 21.6);(111.05, 22.0);(111.45, 21.2);(111.45, 21.6);(111.45, 22.0)",True
59317,2013-08-14 21:00:00,53.4,SURF,True,EXTREME_TYPE1,754,9,9,"(115.95, 22.4);(115.95, 22.8);(115.95, 23.2);(115.95, 23.6);(116.36, 22.8);(116.36, 23.2);(116.36, 23.6);(116.77, 22.8);(116.77, 23.2)",True
59659,2013-08-15 00:00:00,43.5,SURF,True,EXTREME_TYPE1,502,12,12,"(110.23, 21.6);(110.23, 22.0);(110.64, 21.2);(110.64, 21.6);(110.64, 22.0);(110.64, 22.4);(111.05, 21.2);(111.05, 21.6);(111.05, 22.0);(111.05, 22.4);(111.45, 21.6);(111.45, 22.0)",True
59750,2013-08-15 00:00:00,59.0,SURF,True,EXTREME_TYPE1,435,11,11,"(109.41, 21.2);(109.82, 20.4);(109.82, 20.8);(109.82, 21.2);(109.82, 21.6);(110.23, 20.4);(110.23, 20.8);(110.23, 21.2);(110.23, 21.6);(110.64, 20.8);(110.64, 21.2)",True
59310,2013-08-15 02:00:00,10.3,SURF,True,EXTREME_TYPE1,802,12,12,"(115.55, 23.6);(115.55, 24.0);(115.95, 23.2);(115.95, 23.6);(115.95, 24.0);(115.95, 24.4);(116.36, 23.2);(116.36, 23.6);(116.36, 24.0);(116.36, 24.4);(116.77, 23.6);(116.77, 24.0)",True
59754,2013-08-15 07:00:00,1.1,SURF,True,EXTREME_TYPE1,293,5,5,"(109.82, 20.4);(109.82, 20.8);(110.23, 20.4);(110.23, 20.8);(110.64, 20.8)",True
59650,2013-08-15 13:00:00,1.8,SURF,True,EXTREME_TYPE1,427,11,11,"(109.82, 21.2);(109.82, 21.6);(109.82, 22.0);(110.23, 20.8);(110.23, 21.2);(110.23, 21.6);(110.23, 22.0);(110.64, 20.8);(110.64, 21.2);(110.64, 21.6);(110.64, 22.0)",True
59285,2013-08-15 14:00:00,10.4,SURF,True,EXTREME_TYPE1,1041,10,10,"(113.09, 23.2);(113.09, 23.6);(113.09, 24.0);(113.5, 23.2);(113.5, 23.6);(113.5, 24.0);(113.91, 23.2);(113.91, 23.6);(113.91, 24.0);(114.32, 23.6)",True
59087,2013-08-15 15:00:00,41.5,SURF,True,EXTREME_TYPE1,629,10,10,"(113.09, 23.6);(113.09, 24.0);(113.09, 24.4);(113.5, 23.2);(113.5, 23.6);(113.5, 24.0);(113.5, 24.4);(113.91, 23.6);(113.91, 24.0);(113.91, 24.4)",True
59750,2013-08-15 18:00:00,73.4,SURF,True,EXTREME_TYPE1,438,11,10,"(109.41, 21.2);(109.82, 20.4);(109.82, 20.8);(109.82, 21.2);(109.82, 21.6);(110.23, 20.4);(110.23, 20.8);(110.23, 21.2);(110.64, 20.8);(110.64, 21.2)",True
59485,2013-08-15 23:00:00,20.3,SURF,True,EXTREME_TYPE1,2079,12,12,"(112.68, 22.4);(112.68, 22.8);(113.09, 22.0);(113.09, 22.4);(113.09, 22.8);(113.5, 22.0);(113.5, 22.4);(113.5, 22.8);(113.5, 23.2);(113.91, 22.0);(113.91, 22.4);(113.91, 22.8)",True
59477,2013-08-16 02:00:00,71.9,SURF,True,EXTREME_TYPE1,1882,10,10,"(111.86, 22.0);(111.86, 22.4);(111.86, 22.8);(112.27, 21.6);(112.27, 22.0);(112.27, 22.4);(112.27, 22.8);(112.68, 22.0);(112.68, 22.4);(112.68, 22.8)",True
59109,2013-08-16 21:00:00,12.4,SURF,True,EXTREME_TYPE1,578,12,12,"(115.14, 24.0);(115.14, 24.4);(115.55, 23.6);(115.55, 24.0);(115.55, 24.4);(115.55, 24.8);(115.95, 23.6);(115.95, 24.0);(115.95, 24.4);(115.95, 24.8);(116.36, 24.0);(116.36, 24.4)",True
59658,2013-08-17 04:00:00,10.9,SURF,True,EXTREME_TYPE1,274,10,10,"(109.82, 20.8);(109.82, 21.2);(109.82, 21.6);(110.23, 20.8);(110.23, 21.2);(110.23, 21.6);(110.64, 20.8);(110.64, 21.2);(110.64, 21.6);(111.05, 21.2)",True
59314,2013-08-17 07:00:00,52.0,SURF,True,EXTREME_TYPE1,880,12,12,"(115.55, 23.2);(115.55, 23.6);(115.95, 22.8);(115.95, 23.2);(115.95, 23.6);(115.95, 24.0);(116.36, 22.8);(116.36, 23.2);(116.36, 23.6);(116.36, 24.0);(116.77, 23.2);(116.77, 23.6)",True
59090,2013-08-17 08:00:00,6.6,SURF,True,EXTREME_TYPE1,162,12,12,"(113.5, 24.8);(113.5, 25.2);(113.91, 24.4);(113.91, 24.8);(113.91, 25.2);(113.91, 25.6);(114.32, 24.4);(114.32, 24.8);(114.32, 25.2);(114.32, 25.6);(114.73, 24.8);(114.73, 25.2)",True
59318,2013-08-17 19:00:00,62.2,SURF,True,EXTREME_TYPE1,489,12,12,"(115.95, 23.2);(115.95, 23.6);(116.36, 22.8);(116.36, 23.2);(116.36, 23.6);(116.36, 24.0);(116.77, 22.8);(116.77, 23.2);(116.77, 23.6);(116.77, 24.0);(117.18, 23.2);(117.18, 23.6)",True
59317,2013-08-17 21:00:00,54.6,SURF,True,EXTREME_TYPE1,751,9,9,"(115.95, 22.4);(115.95, 22.8);(115.95, 23.2);(115.95, 23.6);(116.36, 22.8);(116.36, 23.2);(116.36, 23.6);(116.77, 22.8);(116.77, 23.2)",True
59071,2013-08-17 22:00:00,1.8,SURF,True,EXTREME_TYPE1,319,8,8,"(111.86, 24.4);(111.86, 24.8);(112.27, 24.4);(112.27, 24.8);(112.27, 25.2);(112.68, 24.4);(112.68, 24.8);(112.68, 25.2)",True
59317,2013-08-18 00:00:00,90.8,SURF,True,EXTREME_TYPE1,748,9,9,"(115.95, 22.4);(115.95, 22.8);(115.95, 23.2);(115.95, 23.6);(116.36, 22.8);(116.36, 23.2);(116.36, 23.6);(116.77, 22.8);(116.77, 23.2)",True
59318,2013-08-18 00:00:00,74.0,SURF,True,EXTREME_TYPE1,489,12,10,"(115.95, 23.2);(115.95, 23.6);(116.36, 22.8);(116.36, 23.2);(116.36, 23.6);(116.77, 22.8);(116.77, 23.2);(116.77, 23.6);(117.18, 23.2);(117.18, 23.6)",True
59318,2013-08-18 01:00:00,50.4,SURF,True,EXTREME_TYPE1,489,12,11,"(115.95, 23.2);(115.95, 23.6);(116.36, 22.8);(116.36, 23.2);(116.36, 23.6);(116.36, 24.0);(116.77, 22.8);(116.77, 23.2);(116.77, 23.6);(117.18, 23.2);(117.18, 23.6)",True
59500,2013-08-18 02:00:00,51.8,SURF,True,EXTREME_TYPE1,671,12,6,"(115.55, 22.4);(115.55, 22.8);(115.55, 23.2);(115.55, 23.6);(115.95, 22.8);(115.95, 23.2)",True
59477,2013-08-18 03:00:00,57.1,SURF,True,EXTREME_TYPE1,1915,10,10,"(111.86, 22.0);(111.86, 22.4);(111.86, 22.8);(112.27, 21.6);(112.27, 22.0);(112.27, 22.4);(112.27, 22.8);(112.68, 22.0);(112.68, 22.4);(112.68, 22.8)",True
59072,2013-08-18 05:00:00,15.8,SURF,True,EXTREME_TYPE1,607,9,9,"(111.86, 24.4);(111.86, 24.8);(112.27, 24.4);(112.27, 24.8);(112.27, 25.2);(112.68, 24.4);(112.68, 24.8);(112.68, 25.2);(113.09, 24.8)",True
59303,2013-08-20 19:00:00,52.1,SURF,True,EXTREME_TYPE1,1006,10,10,"(115.14, 23.6);(115.14, 24.0);(115.55, 23.6);(115.55, 24.0);(115.55, 24.4);(115.95, 23.6);(115.95, 24.0);(115.95, 24.4);(116.36, 23.6);(116.36, 24.0)",True
59656,2013-08-22 17:00:00,19.2,SURF,True,EXTREME_TYPE1,370,11,11,"(110.23, 21.2);(110.23, 21.6);(110.64, 20.8);(110.64, 21.2);(110.64, 21.6);(110.64, 22.0);(111.05, 21.2);(111.05, 21.6);(111.05, 22.0);(111.45, 21.2);(111.45, 21.6)",True
59310,2013-08-23 05:00:00,43.5,SURF,True,EXTREME_TYPE1,805,12,12,"(115.55, 23.6);(115.55, 24.0);(115.95, 23.2);(115.95, 23.6);(115.95, 24.0);(115.95, 24.4);(116.36, 23.2);(116.36, 23.6);(116.36, 24.0);(116.36, 24.4);(116.77, 23.6);(116.77, 24.0)",True
59654,2013-08-30 20:00:00,48.3,SURF,True,EXTREME_TYPE1,431,10,10,"(109.82, 21.2);(109.82, 21.6);(109.82, 22.0);(110.23, 21.2);(110.23, 21.6);(110.23, 22.0);(110.64, 21.2);(110.64, 21.6);(110.64, 22.0);(111.05, 21.6)",True
59488,2013-08-31 14:00:00,16.3,SURF,True,EXTREME_TYPE1,646,11,11,"(113.09, 22.0);(113.09, 22.4);(113.09, 22.8);(113.5, 21.6);(113.5, 22.0);(113.5, 22.4);(113.5, 22.8);(113.91, 22.0);(113.91, 22.4);(113.91, 22.8);(114.32, 22.4)",True
59488,2013-08-31 15:00:00,72.6,SURF,True,EXTREME_TYPE1,646,11,11,"(113.09, 22.0);(113.09, 22.4);(113.09, 22.8);(113.5, 21.6);(113.5, 22.0);(113.5, 22.4);(113.5, 22.8);(113.91, 22.0);(113.91, 22.4);(113.91, 22.8);(114.32, 22.4)",True
59471,2013-08-31 17:00:00,50.5,SURF,True,EXTREME_TYPE1,1798,12,12,"(111.45, 22.8);(111.45, 23.2);(111.86, 22.4);(111.86, 22.8);(111.86, 23.2);(111.86, 23.6);(112.27, 22.4);(112.27, 22.8);(112.27, 23.2);(112.27, 23.6);(112.68, 22.8);(112.68, 23.2)",True
59493,2013-08-31 17:00:00,15.1,SURF,True,EXTREME_TYPE1,618,13,13,"(113.5, 22.0);(113.5, 22.4);(113.5, 22.8);(113.91, 22.0);(113.91, 22.4);(113.91, 22.8);(113.91, 23.2);(114.32, 22.0);(114.32, 22.4);(114.32, 22.8);(114.32, 23.2);(114.73, 22.4);(114.73, 22.8)",True
59264,2013-09-02 21:00:00,7.4,SURF,True,EXTREME_TYPE1,349,9,9,"(111.05, 23.2);(111.45, 22.8);(111.45, 23.2);(111.45, 23.6);(111.45, 24.0);(111.86, 22.8);(111.86, 23.2);(111.86, 23.6);(111.86, 24.0)",True
59294,2013-09-03 15:00:00,1.0,SURF,True,EXTREME_TYPE1,990,11,11,"(113.09, 23.2);(113.5, 22.8);(113.5, 23.2);(113.5, 23.6);(113.91, 22.8);(113.91, 23.2);(113.91, 23.6);(113.91, 24.0);(114.32, 22.8);(114.32, 23.2);(114.32, 23.6)",True
59462,2013-09-03 17:00:00,1.0,SURF,True,EXTREME_TYPE1,1149,11,11,"(111.05, 22.4);(111.05, 22.8);(111.05, 23.2);(111.45, 22.4);(111.45, 22.8);(111.45, 23.2);(111.86, 22.4);(111.86, 22.8);(111.86, 23.2);(112.27, 22.4);(112.27, 22.8)",True
59659,2013-09-05 21:00:00,56.2,SURF,True,EXTREME_TYPE1,716,12,12,"(110.23, 21.6);(110.23, 22.0);(110.64, 21.2);(110.64, 21.6);(110.64, 22.0);(110.64, 22.4);(111.05, 21.2);(111.05, 21.6);(111.05, 22.0);(111.05, 22.4);(111.45, 21.6);(111.45, 22.0)",True
59116,2013-09-07 21:00:00,62.4,SURF,True,EXTREME_TYPE2,198,9,8,"(115.95, 24.4);(116.36, 24.0);(116.36, 24.4);(116.36, 24.8);(116.77, 24.0);(116.77, 24.4);(116.77, 24.8);(117.18, 24.4)",True
59096,2013-09-13 20:00:00,53.8,SURF,True,EXTREME_TYPE1,304,12,11,"(113.91, 24.0);(113.91, 24.4);(114.32, 24.0);(114.32, 24.4);(114.32, 24.8);(114.73, 24.0);(114.73, 24.4);(114.73, 24.8);(115.14, 24.0);(115.14, 24.4);(115.14, 24.8)",True
59106,2013-09-13 20:00:00,55.8,SURF,True,EXTREME_TYPE1,313,10,10,"(115.14, 24.4);(115.14, 24.8);(115.55, 24.0);(115.55, 24.4);(115.55, 24.8);(115.95, 24.0);(115.95, 24.4);(115.95, 24.8);(116.36, 24.4);(116.36, 24.8)",True
59287,2013-09-23 02:00:00,20.4,SURF,True,EXTREME_TYPE1,1379,9,9,"(113.09, 22.8);(113.09, 23.2);(113.09, 23.6);(113.5, 22.8);(113.5, 23.2);(113.5, 23.6);(113.91, 22.8);(113.91, 23.2);(113.91, 23.6)",True
59304,2013-09-23 05:00:00,2.0,SURF,True,EXTREME_TYPE1,686,9,9,"(114.73, 23.2);(114.73, 23.6);(114.73, 24.0);(115.14, 23.2);(115.14, 23.6);(115.14, 24.0);(115.55, 23.2);(115.55, 23.6);(115.55, 24.0)",True
59475,2013-09-23 06:00:00,11.7,SURF,True,EXTREME_TYPE1,2528,9,9,"(112.27, 22.0);(112.27, 22.4);(112.27, 22.8);(112.68, 22.0);(112.68, 22.4);(112.68, 22.8);(113.09, 22.0);(113.09, 22.4);(113.09, 22.8)",True
59754,2013-09-30 09:00:00,1.4,SURF,True,EXTREME_TYPE1,293,5,5,"(109.82, 20.4);(109.82, 20.8);(110.23, 20.4);(110.23, 20.8);(110.64, 20.8)",True
59750,2013-11-10 21:00:00,26.1,SURF,True,EXTREME_TYPE1,536,11,11,"(109.41, 21.2);(109.82, 20.4);(109.82, 20.8);(109.82, 21.2);(109.82, 21.6);(110.23, 20.4);(110.23, 20.8);(110.23, 21.2);(110.23, 21.6);(110.64, 20.8);(110.64, 21.2)",True
59650,2013-11-12 05:00:00,65.9,SURF,True,EXTREME_TYPE1,657,11,11,"(109.82, 21.2);(109.82, 21.6);(109.82, 22.0);(110.23, 20.8);(110.23, 21.2);(110.23, 21.6);(110.23, 22.0);(110.64, 20.8);(110.64, 21.2);(110.64, 21.6);(110.64, 22.0)",True
59653,2013-11-12 05:00:00,51.9,SURF,True,EXTREME_TYPE1,718,11,11,"(110.23, 21.6);(110.23, 22.0);(110.64, 21.6);(110.64, 22.0);(110.64, 22.4);(111.05, 21.6);(111.05, 22.0);(111.05, 22.4);(111.45, 21.6);(111.45, 22.0);(111.45, 22.4)",True
59655,2013-11-12 05:00:00,51.1,SURF,True,EXTREME_TYPE1,748,10,10,"(110.23, 21.2);(110.23, 21.6);(110.23, 22.0);(110.64, 21.2);(110.64, 21.6);(110.64, 22.0);(110.64, 22.4);(111.05, 21.2);(111.05, 21.6);(111.05, 22.0)",True
59653,2013-11-12 06:00:00,66.8,SURF,True,EXTREME_TYPE1,719,11,11,"(110.23, 21.6);(110.23, 22.0);(110.64, 21.6);(110.64, 22.0);(110.64, 22.4);(111.05, 21.6);(111.05, 22.0);(111.05, 22.4);(111.45, 21.6);(111.45, 22.0);(111.45, 22.4)",True
59659,2013-11-12 07:00:00,74.9,SURF,True,EXTREME_TYPE1,723,12,12,"(110.23, 21.6);(110.23, 22.0);(110.64, 21.2);(110.64, 21.6);(110.64, 22.0);(110.64, 22.4);(111.05, 21.2);(111.05, 21.6);(111.05, 22.0);(111.05, 22.4);(111.45, 21.6);(111.45, 22.0)",True
59276,2013-11-12 13:00:00,5.5,SURF,True,EXTREME_TYPE1,1738,10,10,"(112.27, 22.8);(112.27, 23.2);(112.27, 23.6);(112.68, 22.8);(112.68, 23.2);(112.68, 23.6);(112.68, 24.0);(113.09, 22.8);(113.09, 23.2);(113.09, 23.6)",True
59278,2013-11-14 11:00:00,1.6,SURF,True,EXTREME_TYPE1,2471,12,12,"(111.86, 22.8);(111.86, 23.2);(112.27, 22.4);(112.27, 22.8);(112.27, 23.2);(112.27, 23.6);(112.68, 22.4);(112.68, 22.8);(112.68, 23.2);(112.68, 23.6);(113.09, 22.8);(113.09, 23.2)",True
59075,2013-12-15 23:00:00,8.6,SURF,True,EXTREME_TYPE1,382,12,12,"(111.86, 24.0);(111.86, 24.4);(112.27, 24.0);(112.27, 24.4);(112.27, 24.8);(112.68, 23.6);(112.68, 24.0);(112.68, 24.4);(112.68, 24.8);(113.09, 24.0);(113.09, 24.4);(113.09, 24.8)",True
57988,2013-12-16 09:00:00,7.1,SURF,True,EXTREME_TYPE1,259,11,11,"(112.68, 24.8);(112.68, 25.2);(113.09, 24.8);(113.09, 25.2);(113.09, 25.6);(113.5, 24.8);(113.5, 25.2);(113.5, 25.6);(113.91, 24.8);(113.91, 25.2);(113.91, 25.6)",True
59659,2013-12-16 11:00:00,9.8,SURF,True,EXTREME_TYPE1,725,12,12,"(110.23, 21.6);(110.23, 22.0);(110.64, 21.2);(110.64, 21.6);(110.64, 22.0);(110.64, 22.4);(111.05, 21.2);(111.05, 21.6);(111.05, 22.0);(111.05, 22.4);(111.45, 21.6);(111.45, 22.0)",True
59284,2013-12-17 12:00:00,1.0,SURF,True,EXTREME_TYPE1,1346,12,12,"(112.68, 23.2);(112.68, 23.6);(113.09, 22.8);(113.09, 23.2);(113.09, 23.6);(113.09, 24.0);(113.5, 22.8);(113.5, 23.2);(113.5, 23.6);(113.5, 24.0);(113.91, 23.2);(113.91, 23.6)",True
59072,2014-02-09 04:00:00,5.1,SURF,True,EXTREME_TYPE1,395,9,9,"(111.86, 24.4);(111.86, 24.8);(112.27, 24.4);(112.27, 24.8);(112.27, 25.2);(112.68, 24.4);(112.68, 24.8);(112.68, 25.2);(113.09, 24.8)",True
59290,2014-02-13 09:00:00,1.9,SURF,True,EXTREME_TYPE1,640,11,11,"(113.5, 23.6);(113.91, 23.2);(113.91, 23.6);(113.91, 24.0);(113.91, 24.4);(114.32, 23.2);(114.32, 23.6);(114.32, 24.0);(114.32, 24.4);(114.73, 23.6);(114.73, 24.0)",True
59072,2014-02-22 15:00:00,1.6,SURF,True,EXTREME_TYPE1,398,9,9,"(111.86, 24.4);(111.86, 24.8);(112.27, 24.4);(112.27, 24.8);(112.27, 25.2);(112.68, 24.4);(112.68, 24.8);(112.68, 25.2);(113.09, 24.8)",True
59289,2014-03-09 09:00:00,1.0,SURF,True,EXTREME_TYPE1,1481,12,12,"(113.09, 22.8);(113.09, 23.2);(113.5, 22.4);(113.5, 22.8);(113.5, 23.2);(113.5, 23.6);(113.91, 22.4);(113.91, 22.8);(113.91, 23.2);(113.91, 23.6);(114.32, 22.8);(114.32, 23.2)",True
59310,2014-03-10 07:00:00,2.2,SURF,True,EXTREME_TYPE1,832,12,12,"(115.55, 23.6);(115.55, 24.0);(115.95, 23.2);(115.95, 23.6);(115.95, 24.0);(115.95, 24.4);(116.36, 23.2);(116.36, 23.6);(116.36, 24.0);(116.36, 24.4);(116.77, 23.6);(116.77, 24.0)",True
59293,2014-03-10 09:00:00,4.1,SURF,True,EXTREME_TYPE1,495,11,11,"(114.32, 23.2);(114.32, 23.6);(114.32, 24.0);(114.73, 23.2);(114.73, 23.6);(114.73, 24.0);(114.73, 24.4);(115.14, 23.2);(115.14, 23.6);(115.14, 24.0);(115.14, 24.4)",True
59310,2014-03-11 11:00:00,8.4,SURF,True,EXTREME_TYPE1,822,12,12,"(115.55, 23.6);(115.55, 24.0);(115.95, 23.2);(115.95, 23.6);(115.95, 24.0);(115.95, 24.4);(116.36, 23.2);(116.36, 23.6);(116.36, 24.0);(116.36, 24.4);(116.77, 23.6);(116.77, 24.0)",True
59480,2014-03-30 07:00:00,51.0,SURF,True,EXTREME_TYPE1,2049,10,10,"(112.68, 22.4);(112.68, 22.8);(112.68, 23.2);(113.09, 22.4);(113.09, 22.8);(113.09, 23.2);(113.5, 22.4);(113.5, 22.8);(113.5, 23.2);(113.91, 22.8)",True
59297,2014-03-30 14:00:00,26.3,SURF,True,EXTREME_TYPE1,716,10,10,"(113.5, 23.2);(113.91, 22.8);(113.91, 23.2);(113.91, 23.6);(114.32, 22.8);(114.32, 23.2);(114.32, 23.6);(114.73, 22.8);(114.73, 23.2);(114.73, 23.6)",True
59114,2014-03-30 17:00:00,16.1,SURF,True,EXTREME_TYPE1,228,10,10,"(115.55, 24.4);(115.55, 24.8);(115.95, 24.0);(115.95, 24.4);(115.95, 24.8);(116.36, 24.0);(116.36, 24.4);(116.36, 24.8);(116.77, 24.4);(116.77, 24.8)",True
59088,2014-03-31 06:00:00,26.8,SURF,True,EXTREME_TYPE1,569,12,12,"(112.68, 24.0);(112.68, 24.4);(113.09, 23.6);(113.09, 24.0);(113.09, 24.4);(113.09, 24.8);(113.5, 23.6);(113.5, 24.0);(113.5, 24.4);(113.5, 24.8);(113.91, 24.0);(113.91, 24.4)",True
59287,2014-03-31 08:00:00,27.6,SURF,True,EXTREME_TYPE1,1253,9,9,"(113.09, 22.8);(113.09, 23.2);(113.09, 23.6);(113.5, 22.8);(113.5, 23.2);(113.5, 23.6);(113.91, 22.8);(113.91, 23.2);(113.91, 23.6)",True
59477,2014-03-31 09:00:00,52.0,SURF,True,EXTREME_TYPE1,1918,10,10,"(111.86, 22.0);(111.86, 22.4);(111.86, 22.8);(112.27, 21.6);(112.27, 22.0);(112.27, 22.4);(112.27, 22.8);(112.68, 22.0);(112.68, 22.4);(112.68, 22.8)",True
59306,2014-04-02 08:00:00,7.0,SURF,True,EXTREME_TYPE1,1128,12,12,"(115.14, 23.2);(115.14, 23.6);(115.55, 22.8);(115.55, 23.2);(115.55, 23.6);(115.55, 24.0);(115.95, 22.8);(115.95, 23.2);(115.95, 23.6);(115.95, 24.0);(116.36, 23.2);(116.36, 23.6)",True
59476,2014-04-02 08:00:00,6.1,SURF,True,EXTREME_TYPE1,2532,11,11,"(112.27, 22.4);(112.68, 22.0);(112.68, 22.4);(112.68, 22.8);(113.09, 22.0);(113.09, 22.4);(113.09, 22.8);(113.09, 23.2);(113.5, 22.0);(113.5, 22.4);(113.5, 22.8)",True
59271,2014-04-03 01:00:00,14.7,SURF,True,EXTREME_TYPE1,712,11,11,"(111.86, 23.2);(111.86, 23.6);(111.86, 24.0);(112.27, 23.2);(112.27, 23.6);(112.27, 24.0);(112.68, 23.2);(112.68, 23.6);(112.68, 24.0);(113.09, 23.6);(113.09, 24.0)",True
59285,2014-04-03 03:00:00,9.0,SURF,True,EXTREME_TYPE1,1079,10,10,"(113.09, 23.2);(113.09, 23.6);(113.09, 24.0);(113.5, 23.2);(113.5, 23.6);(113.5, 24.0);(113.91, 23.2);(113.91, 23.6);(113.91, 24.0);(114.32, 23.6)",True
59289,2014-04-03 03:00:00,29.4,SURF,True,EXTREME_TYPE1,1449,12,12,"(113.09, 22.8);(113.09, 23.2);(113.5, 22.4);(113.5, 22.8);(113.5, 23.2);(113.5, 23.6);(113.91, 22.4);(113.91, 22.8);(113.91, 23.2);(113.91, 23.6);(114.32, 22.8);(114.32, 23.2)",True
59314,2014-04-03 04:00:00,5.3,SURF,True,EXTREME_TYPE1,879,12,12,"(115.55, 23.2);(115.55, 23.6);(115.95, 22.8);(115.95, 23.2);(115.95, 23.6);(115.95, 24.0);(116.36, 22.8);(116.36, 23.2);(116.36, 23.6);(116.36, 24.0);(116.77, 23.2);(116.77, 23.6)",True
59655,2014-04-06 10:00:00,54.1,SURF,True,EXTREME_TYPE1,708,10,10,"(110.23, 21.2);(110.23, 21.6);(110.23, 22.0);(110.64, 21.2);(110.64, 21.6);(110.64, 22.0);(110.64, 22.4);(111.05, 21.2);(111.05, 21.6);(111.05, 22.0)",True
59655,2014-04-06 11:00:00,20.7,SURF,True,EXTREME_TYPE1,708,10,10,"(110.23, 21.2);(110.23, 21.6);(110.23, 22.0);(110.64, 21.2);(110.64, 21.6);(110.64, 22.0);(110.64, 22.4);(111.05, 21.2);(111.05, 21.6);(111.05, 22.0)",True
59659,2014-04-06 11:00:00,44.1,SURF,True,EXTREME_TYPE1,698,12,12,"(110.23, 21.6);(110.23, 22.0);(110.64, 21.2);(110.64, 21.6);(110.64, 22.0);(110.64, 22.4);(111.05, 21.2);(111.05, 21.6);(111.05, 22.0);(111.05, 22.4);(111.45, 21.6);(111.45, 22.0)",True
59072,2014-04-22 00:00:00,5.8,SURF,True,EXTREME_TYPE1,531,9,9,"(111.86, 24.4);(111.86, 24.8);(112.27, 24.4);(112.27, 24.8);(112.27, 25.2);(112.68, 24.4);(112.68, 24.8);(112.68, 25.2);(113.09, 24.8)",True
59656,2014-04-30 20:00:00,27.0,SURF,True,EXTREME_TYPE1,445,11,10,"(110.23, 21.6);(110.64, 20.8);(110.64, 21.2);(110.64, 21.6);(110.64, 22.0);(111.05, 21.2);(111.05, 21.6);(111.05, 22.0);(111.45, 21.2);(111.45, 21.6)",True
59664,2014-04-30 20:00:00,61.5,SURF,True,EXTREME_TYPE1,694,10,9,"(110.64, 21.2);(110.64, 21.6);(110.64, 22.0);(111.05, 21.2);(111.05, 21.6);(111.05, 22.0);(111.45, 21.2);(111.45, 21.6);(111.45, 22.0)",True
59280,2014-05-04 21:00:00,4.5,SURF,True,EXTREME_TYPE1,754,10,10,"(112.68, 23.2);(112.68, 23.6);(112.68, 24.0);(113.09, 23.2);(113.09, 23.6);(113.09, 24.0);(113.09, 24.4);(113.5, 23.2);(113.5, 23.6);(113.5, 24.0)",True
59462,2014-05-05 20:00:00,1.0,SURF,True,EXTREME_TYPE1,1224,11,11,"(111.05, 22.4);(111.05, 22.8);(111.05, 23.2);(111.45, 22.4);(111.45, 22.8);(111.45, 23.2);(111.86, 22.4);(111.86, 22.8);(111.86, 23.2);(112.27, 22.4);(112.27, 22.8)",True
59475,2014-05-08 19:00:00,54.8,SURF,True,EXTREME_TYPE1,2257,9,9,"(112.27, 22.0);(112.27, 22.4);(112.27, 22.8);(112.68, 22.0);(112.68, 22.4);(112.68, 22.8);(113.09, 22.0);(113.09, 22.4);(113.09, 22.8)",True
59473,2014-05-08 20:00:00,11.5,SURF,True,EXTREME_TYPE1,2353,10,10,"(112.27, 22.8);(112.68, 22.4);(112.68, 22.8);(112.68, 23.2);(113.09, 22.4);(113.09, 22.8);(113.09, 23.2);(113.5, 22.4);(113.5, 22.8);(113.5, 23.2)",True
59485,2014-05-08 21:00:00,72.3,SURF,True,EXTREME_TYPE1,2091,12,12,"(112.68, 22.4);(112.68, 22.8);(113.09, 22.0);(113.09, 22.4);(113.09, 22.8);(113.5, 22.0);(113.5, 22.4);(113.5, 22.8);(113.5, 23.2);(113.91, 22.0);(113.91, 22.4);(113.91, 22.8)",True
59488,2014-05-09 08:00:00,3.8,SURF,True,EXTREME_TYPE1,740,11,11,"(113.09, 22.0);(113.09, 22.4);(113.09, 22.8);(113.5, 21.6);(113.5, 22.0);(113.5, 22.4);(113.5, 22.8);(113.91, 22.0);(113.91, 22.4);(113.91, 22.8);(114.32, 22.4)",True
59493,2014-05-09 11:00:00,5.1,SURF,True,EXTREME_TYPE1,828,13,13,"(113.5, 22.0);(113.5, 22.4);(113.5, 22.8);(113.91, 22.0);(113.91, 22.4);(113.91, 22.8);(113.91, 23.2);(114.32, 22.0);(114.32, 22.4);(114.32, 22.8);(114.32, 23.2);(114.73, 22.4);(114.73, 22.8)",True
59673,2014-05-09 15:00:00,3.1,SURF,True,EXTREME_TYPE1,118,8,8,"(112.27, 21.6);(112.27, 22.0);(112.68, 21.6);(112.68, 22.0);(112.68, 22.4);(113.09, 21.6);(113.09, 22.0);(113.5, 21.6)",True
59493,2014-05-11 10:00:00,34.3,SURF,True,EXTREME_TYPE1,821,13,13,"(113.5, 22.0);(113.5, 22.4);(113.5, 22.8);(113.91, 22.0);(113.91, 22.4);(113.91, 22.8);(113.91, 23.2);(114.32, 22.0);(114.32, 22.4);(114.32, 22.8);(114.32, 23.2);(114.73, 22.4);(114.73, 22.8)",True
59488,2014-05-11 19:00:00,55.5,SURF,True,EXTREME_TYPE1,694,11,11,"(113.09, 22.0);(113.09, 22.4);(113.09, 22.8);(113.5, 21.6);(113.5, 22.0);(113.5, 22.4);(113.5, 22.8);(113.91, 22.0);(113.91, 22.4);(113.91, 22.8);(114.32, 22.4)",True
59318,2014-05-12 00:00:00,25.2,SURF,True,EXTREME_TYPE1,500,12,12,"(115.95, 23.2);(115.95, 23.6);(116.36, 22.8);(116.36, 23.2);(116.36, 23.6);(116.36, 24.0);(116.77, 22.8);(116.77, 23.2);(116.77, 23.6);(116.77, 24.0);(117.18, 23.2);(117.18, 23.6)",True
59654,2014-05-15 15:00:00,57.5,SURF,True,EXTREME_TYPE4,526,10,6,"(109.82, 22.0);(110.23, 21.6);(110.23, 22.0);(110.64, 21.6);(110.64, 22.0);(111.05, 21.6)",True
59500,2014-05-16 06:00:00,51.7,SURF,True,EXTREME_TYPE1,978,12,12,"(114.73, 22.8);(114.73, 23.2);(115.14, 22.4);(115.14, 22.8);(115.14, 23.2);(115.14, 23.6);(115.55, 22.4);(115.55, 22.8);(115.55, 23.2);(115.55, 23.6);(115.95, 22.8);(115.95, 23.2)",True
59096,2014-05-16 16:00:00,13.1,SURF,True,EXTREME_TYPE1,245,12,12,"(113.91, 24.0);(113.91, 24.4);(113.91, 24.8);(114.32, 24.0);(114.32, 24.4);(114.32, 24.8);(114.73, 24.0);(114.73, 24.4);(114.73, 24.8);(115.14, 24.0);(115.14, 24.4);(115.14, 24.8)",True
59082,2014-05-17 11:00:00,20.8,SURF,True,EXTREME_TYPE1,490,12,12,"(113.09, 24.4);(113.09, 24.8);(113.09, 25.2);(113.5, 24.0);(113.5, 24.4);(113.5, 24.8);(113.5, 25.2);(113.91, 24.4);(113.91, 24.8);(113.91, 25.2);(114.32, 24.4);(114.32, 24.8)",True
59087,2014-05-17 14:00:00,66.0,SURF,True,EXTREME_TYPE1,647,10,10,"(113.09, 23.6);(113.09, 24.0);(113.09, 24.4);(113.5, 23.2);(113.5, 23.6);(113.5, 24.0);(113.5, 24.4);(113.91, 23.6);(113.91, 24.0);(113.91, 24.4)",True
59072,2014-05-18 06:00:00,60.4,SURF,True,EXTREME_TYPE1,515,9,4,"(112.27, 25.2);(112.68, 24.8);(112.68, 25.2);(113.09, 24.8)",True
59500,2014-05-18 14:00:00,72.1,SURF,True,EXTREME_TYPE1,929,12,12,"(114.73, 22.8);(114.73, 23.2);(115.14, 22.4);(115.14, 22.8);(115.14, 23.2);(115.14, 23.6);(115.55, 22.4);(115.55, 22.8);(115.55, 23.2);(115.55, 23.6);(115.95, 22.8);(115.95, 23.2)",True
59500,2014-05-18 15:00:00,82.5,SURF,True,EXTREME_TYPE1,927,12,12,"(114.73, 22.8);(114.73, 23.2);(115.14, 22.4);(115.14, 22.8);(115.14, 23.2);(115.14, 23.6);(115.55, 22.4);(115.55, 22.8);(115.55, 23.2);(115.55, 23.6);(115.95, 22.8);(115.95, 23.2)",True
59500,2014-05-18 16:00:00,76.9,SURF,True,EXTREME_TYPE1,922,12,12,"(114.73, 22.8);(114.73, 23.2);(115.14, 22.4);(115.14, 22.8);(115.14, 23.2);(115.14, 23.6);(115.55, 22.4);(115.55, 22.8);(115.55, 23.2);(115.55, 23.6);(115.95, 22.8);(115.95, 23.2)",True
59088,2014-05-18 18:00:00,31.9,SURF,True,EXTREME_TYPE1,575,12,12,"(112.68, 24.0);(112.68, 24.4);(113.09, 23.6);(113.09, 24.0);(113.09, 24.4);(113.09, 24.8);(113.5, 23.6);(113.5, 24.0);(113.5, 24.4);(113.5, 24.8);(113.91, 24.0);(113.91, 24.4)",True
59500,2014-05-19 15:00:00,8.6,SURF,True,EXTREME_TYPE1,833,12,12,"(114.73, 22.8);(114.73, 23.2);(115.14, 22.4);(115.14, 22.8);(115.14, 23.2);(115.14, 23.6);(115.55, 22.4);(115.55, 22.8);(115.55, 23.2);(115.55, 23.6);(115.95, 22.8);(115.95, 23.2)",True
59290,2014-05-19 18:00:00,28.5,SURF,True,EXTREME_TYPE1,534,11,11,"(113.5, 23.6);(113.91, 23.2);(113.91, 23.6);(113.91, 24.0);(113.91, 24.4);(114.32, 23.2);(114.32, 23.6);(114.32, 24.0);(114.32, 24.4);(114.73, 23.6);(114.73, 24.0)",True
59313,2014-05-22 13:00:00,17.0,SURF,True,EXTREME_TYPE1,144,9,9,"(116.36, 23.6);(116.36, 24.0);(116.77, 23.2);(116.77, 23.6);(116.77, 24.0);(117.18, 23.2);(117.18, 23.6);(117.18, 24.0);(117.59, 23.6)",True
59072,2014-05-23 01:00:00,6.4,SURF,True,EXTREME_TYPE1,518,9,9,"(111.86, 24.4);(111.86, 24.8);(112.27, 24.4);(112.27, 24.8);(112.27, 25.2);(112.68, 24.4);(112.68, 24.8);(112.68, 25.2);(113.09, 24.8)",True
59285,2014-05-23 06:00:00,5.2,SURF,True,EXTREME_TYPE1,1065,10,10,"(113.09, 23.2);(113.09, 23.6);(113.09, 24.0);(113.5, 23.2);(113.5, 23.6);(113.5, 24.0);(113.91, 23.2);(113.91, 23.6);(113.91, 24.0);(114.32, 23.6)",True
59088,2014-05-23 10:00:00,25.8,SURF,True,EXTREME_TYPE1,631,12,12,"(112.68, 24.0);(112.68, 24.4);(113.09, 23.6);(113.09, 24.0);(113.09, 24.4);(113.09, 24.8);(113.5, 23.6);(113.5, 24.0);(113.5, 24.4);(113.5, 24.8);(113.91, 24.0);(113.91, 24.4)",True
59285,2014-05-23 11:00:00,66.3,SURF,True,EXTREME_TYPE1,1033,10,10,"(113.09, 23.2);(113.09, 23.6);(113.09, 24.0);(113.5, 23.2);(113.5, 23.6);(113.5, 24.0);(113.91, 23.2);(113.91, 23.6);(113.91, 24.0);(114.32, 23.6)",True
59284,2014-05-25 20:00:00,57.9,SURF,True,EXTREME_TYPE1,1333,12,9,"(112.68, 23.2);(112.68, 23.6);(113.09, 22.8);(113.09, 23.2);(113.5, 22.8);(113.5, 23.2);(113.5, 23.6);(113.91, 23.2);(113.91, 23.6)",True
59071,2014-05-28 18:00:00,50.1,SURF,True,EXTREME_TYPE1,240,8,8,"(111.86, 24.4);(111.86, 24.8);(112.27, 24.4);(112.27, 24.8);(112.27, 25.2);(112.68, 24.4);(112.68, 24.8);(112.68, 25.2)",True
59087,2014-06-03 06:00:00,24.1,SURF,True,EXTREME_TYPE1,785,10,10,"(113.09, 23.6);(113.09, 24.0);(113.09, 24.4);(113.5, 23.2);(113.5, 23.6);(113.5, 24.0);(113.5, 24.4);(113.91, 23.6);(113.91, 24.0);(113.91, 24.4)",True
59081,2014-06-03 13:00:00,21.3,SURF,True,EXTREME_TYPE1,580,12,12,"(112.68, 24.4);(112.68, 24.8);(112.68, 25.2);(113.09, 24.4);(113.09, 24.8);(113.09, 25.2);(113.5, 24.4);(113.5, 24.8);(113.5, 25.2);(113.91, 24.4);(113.91, 24.8);(113.91, 25.2)",True
59276,2014-06-05 18:00:00,1.9,SURF,True,EXTREME_TYPE1,1388,10,10,"(112.27, 22.8);(112.27, 23.2);(112.27, 23.6);(112.68, 22.8);(112.68, 23.2);(112.68, 23.6);(112.68, 24.0);(113.09, 22.8);(113.09, 23.2);(113.09, 23.6)",True
59287,2014-06-05 18:00:00,53.6,SURF,True,EXTREME_TYPE1,1266,9,9,"(113.09, 22.8);(113.09, 23.2);(113.09, 23.6);(113.5, 22.8);(113.5, 23.2);(113.5, 23.6);(113.91, 22.8);(113.91, 23.2);(113.91, 23.6)",True
59456,2014-06-07 02:00:00,17.7,SURF,True,EXTREME_TYPE1,711,10,10,"(110.23, 22.4);(110.64, 22.0);(110.64, 22.4);(110.64, 22.8);(111.05, 22.0);(111.05, 22.4);(111.05, 22.8);(111.45, 22.0);(111.45, 22.4);(111.45, 22.8)",True
59317,2014-06-16 02:00:00,74.8,SURF,True,EXTREME_TYPE1,757,9,9,"(115.95, 22.4);(115.95, 22.8);(115.95, 23.2);(115.95, 23.6);(116.36, 22.8);(116.36, 23.2);(116.36, 23.6);(116.77, 22.8);(116.77, 23.2)",True
59087,2014-06-17 11:00:00,9.2,SURF,True,EXTREME_TYPE1,601,10,10,"(113.09, 23.6);(113.09, 24.0);(113.09, 24.4);(113.5, 23.2);(113.5, 23.6);(113.5, 24.0);(113.5, 24.4);(113.91, 23.6);(113.91, 24.0);(113.91, 24.4)",True
59500,2014-06-18 06:00:00,63.9,SURF,True,EXTREME_TYPE3,983,12,6,"(114.73, 23.2);(115.14, 22.8);(115.14, 23.2);(115.14, 23.6);(115.55, 22.8);(115.55, 23.6)",True
59082,2014-06-20 03:00:00,10.9,SURF,True,EXTREME_TYPE1,453,12,12,"(113.09, 24.4);(113.09, 24.8);(113.09, 25.2);(113.5, 24.0);(113.5, 24.4);(113.5, 24.8);(113.5, 25.2);(113.91, 24.4);(113.91, 24.8);(113.91, 25.2);(114.32, 24.4);(114.32, 24.8)",True
59306,2014-06-21 04:00:00,15.3,SURF,True,EXTREME_TYPE1,996,12,12,"(115.14, 23.2);(115.14, 23.6);(115.55, 22.8);(115.55, 23.2);(115.55, 23.6);(115.55, 24.0);(115.95, 22.8);(115.95, 23.2);(115.95, 23.6);(115.95, 24.0);(116.36, 23.2);(116.36, 23.6)",True
59478,2014-06-21 19:00:00,58.2,SURF,True,EXTREME_TYPE1,1487,12,12,"(112.27, 22.0);(112.27, 22.4);(112.68, 21.6);(112.68, 22.0);(112.68, 22.4);(112.68, 22.8);(113.09, 21.6);(113.09, 22.0);(113.09, 22.4);(113.09, 22.8);(113.5, 22.0);(113.5, 22.4)",True
59502,2014-06-21 22:00:00,25.0,SURF,True,EXTREME_TYPE1,810,12,12,"(115.14, 22.8);(115.14, 23.2);(115.55, 22.4);(115.55, 22.8);(115.55, 23.2);(115.55, 23.6);(115.95, 22.4);(115.95, 22.8);(115.95, 23.2);(115.95, 23.6);(116.36, 22.8);(116.36, 23.2)",True
59096,2014-06-22 04:00:00,6.5,SURF,True,EXTREME_TYPE1,338,12,12,"(113.91, 24.0);(113.91, 24.4);(113.91, 24.8);(114.32, 24.0);(114.32, 24.4);(114.32, 24.8);(114.73, 24.0);(114.73, 24.4);(114.73, 24.8);(115.14, 24.0);(115.14, 24.4);(115.14, 24.8)",True
59501,2014-06-22 09:00:00,5.5,SURF,True,EXTREME_TYPE1,977,12,12,"(114.73, 22.4);(114.73, 22.8);(114.73, 23.2);(115.14, 22.4);(115.14, 22.8);(115.14, 23.2);(115.55, 22.4);(115.55, 22.8);(115.55, 23.2);(115.95, 22.4);(115.95, 22.8);(115.95, 23.2)",True
59473,2014-06-23 19:00:00,7.7,SURF,True,EXTREME_TYPE1,2074,10,10,"(112.27, 22.8);(112.68, 22.4);(112.68, 22.8);(112.68, 23.2);(113.09, 22.4);(113.09, 22.8);(113.09, 23.2);(113.5, 22.4);(113.5, 22.8);(113.5, 23.2)",True
59658,2014-06-24 19:00:00,32.9,SURF,True,EXTREME_TYPE1,260,10,6,"(109.82, 21.2);(109.82, 21.6);(110.23, 21.2);(110.23, 21.6);(110.64, 21.2);(110.64, 21.6)",True
59500,2014-06-26 03:00:00,28.1,SURF,True,EXTREME_TYPE1,974,12,12,"(114.73, 22.8);(114.73, 23.2);(115.14, 22.4);(115.14, 22.8);(115.14, 23.2);(115.14, 23.6);(115.55, 22.4);(115.55, 22.8);(115.55, 23.2);(115.55, 23.6);(115.95, 22.8);(115.95, 23.2)",True
59500,2014-06-26 05:00:00,25.2,SURF,True,EXTREME_TYPE1,972,12,12,"(114.73, 22.8);(114.73, 23.2);(115.14, 22.4);(115.14, 22.8);(115.14, 23.2);(115.14, 23.6);(115.55, 22.4);(115.55, 22.8);(115.55, 23.2);(115.55, 23.6);(115.95, 22.8);(115.95, 23.2)",True
59501,2014-06-26 05:00:00,5.4,SURF,True,EXTREME_TYPE1,972,12,12,"(114.73, 22.4);(114.73, 22.8);(114.73, 23.2);(115.14, 22.4);(115.14, 22.8);(115.14, 23.2);(115.55, 22.4);(115.55, 22.8);(115.55, 23.2);(115.95, 22.4);(115.95, 22.8);(115.95, 23.2)",True
59650,2014-06-30 07:00:00,3.8,SURF,True,EXTREME_TYPE1,691,11,11,"(109.82, 21.2);(109.82, 21.6);(109.82, 22.0);(110.23, 20.8);(110.23, 21.2);(110.23, 21.6);(110.23, 22.0);(110.64, 20.8);(110.64, 21.2);(110.64, 21.6);(110.64, 22.0)",True
59303,2014-07-01 15:00:00,5.3,SURF,True,EXTREME_TYPE1,1188,10,10,"(115.14, 23.6);(115.14, 24.0);(115.55, 23.6);(115.55, 24.0);(115.55, 24.4);(115.95, 23.6);(115.95, 24.0);(115.95, 24.4);(116.36, 23.6);(116.36, 24.0)",True
59315,2014-07-03 18:00:00,41.8,SURF,True,FALSE,511,10,0,,True
59493,2014-07-07 06:00:00,64.3,SURF,True,EXTREME_TYPE1,1040,13,13,"(113.5, 22.0);(113.5, 22.4);(113.5, 22.8);(113.91, 22.0);(113.91, 22.4);(113.91, 22.8);(113.91, 23.2);(114.32, 22.0);(114.32, 22.4);(114.32, 22.8);(114.32, 23.2);(114.73, 22.4);(114.73, 22.8)",True
57996,2014-07-07 20:00:00,28.2,SURF,True,EXTREME_TYPE1,202,10,10,"(113.5, 25.2);(113.91, 24.8);(113.91, 25.2);(113.91, 25.6);(114.32, 24.4);(114.32, 24.8);(114.32, 25.2);(114.32, 25.6);(114.73, 24.8);(114.73, 25.2)",True
59097,2014-07-08 02:00:00,50.4,SURF,True,EXTREME_TYPE1,541,10,10,"(113.5, 24.0);(113.91, 23.6);(113.91, 24.0);(113.91, 24.4);(114.32, 23.6);(114.32, 24.0);(114.32, 24.4);(114.73, 23.6);(114.73, 24.0);(114.73, 24.4)",True
59285,2014-07-08 19:00:00,59.8,SURF,True,EXTREME_TYPE1,1112,10,10,"(113.09, 23.2);(113.09, 23.6);(113.09, 24.0);(113.5, 23.2);(113.5, 23.6);(113.5, 24.0);(113.91, 23.2);(113.91, 23.6);(113.91, 24.0);(114.32, 23.6)",True
59469,2014-07-15 13:00:00,5.0,SURF,True,EXTREME_TYPE1,1072,11,11,"(111.05, 22.0);(111.45, 21.6);(111.45, 22.0);(111.45, 22.4);(111.86, 21.6);(111.86, 22.0);(111.86, 22.4);(111.86, 22.8);(112.27, 21.6);(112.27, 22.0);(112.27, 22.4)",True
59471,2014-07-17 18:00:00,11.4,SURF,True,EXTREME_TYPE1,2192,12,12,"(111.45, 22.8);(111.45, 23.2);(111.86, 22.4);(111.86, 22.8);(111.86, 23.2);(111.86, 23.6);(112.27, 22.4);(112.27, 22.8);(112.27, 23.2);(112.27, 23.6);(112.68, 22.8);(112.68, 23.2)",True
59303,2014-07-18 09:00:00,9.4,SURF,True,EXTREME_TYPE1,1167,10,10,"(115.14, 23.6);(115.14, 24.0);(115.55, 23.6);(115.55, 24.0);(115.55, 24.4);(115.95, 23.6);(115.95, 24.0);(115.95, 24.4);(116.36, 23.6);(116.36, 24.0)",True
59303,2014-07-18 14:00:00,2.6,SURF,True,EXTREME_TYPE1,1191,10,10,"(115.14, 23.6);(115.14, 24.0);(115.55, 23.6);(115.55, 24.0);(115.55, 24.4);(115.95, 23.6);(115.95, 24.0);(115.95, 24.4);(116.36, 23.6);(116.36, 24.0)",True
59658,2014-07-18 19:00:00,18.1,SURF,True,EXTREME_TYPE1,413,10,10,"(109.82, 20.8);(109.82, 21.2);(109.82, 21.6);(110.23, 20.8);(110.23, 21.2);(110.23, 21.6);(110.64, 20.8);(110.64, 21.2);(110.64, 21.6);(111.05, 21.2)",True
59754,2014-07-18 23:00:00,15.1,SURF,True,EXTREME_TYPE1,217,5,5,"(109.82, 20.4);(109.82, 20.8);(110.23, 20.4);(110.23, 20.8);(110.64, 20.8)",True
59754,2014-07-19 01:00:00,43.5,SURF,True,EXTREME_TYPE1,218,5,5,"(109.82, 20.4);(109.82, 20.8);(110.23, 20.4);(110.23, 20.8);(110.64, 20.8)",True
59500,2014-07-19 11:00:00,17.5,SURF,True,EXTREME_TYPE1,1029,12,12,"(114.73, 22.8);(114.73, 23.2);(115.14, 22.4);(115.14, 22.8);(115.14, 23.2);(115.14, 23.6);(115.55, 22.4);(115.55, 22.8);(115.55, 23.2);(115.55, 23.6);(115.95, 22.8);(115.95, 23.2)",True
59750,2014-07-20 17:00:00,13.5,SURF,True,EXTREME_TYPE1,513,11,11,"(109.41, 21.2);(109.82, 20.4);(109.82, 20.8);(109.82, 21.2);(109.82, 21.6);(110.23, 20.4);(110.23, 20.8);(110.23, 21.2);(110.23, 21.6);(110.64, 20.8);(110.64, 21.2)",True
59074,2014-07-21 17:00:00,1.5,SURF,True,EXTREME_TYPE1,627,9,9,"(111.86, 24.0);(111.86, 24.4);(111.86, 24.8);(112.27, 24.0);(112.27, 24.4);(112.27, 24.8);(112.27, 25.2);(112.68, 24.4);(112.68, 24.8)",True
59318,2014-07-23 20:00:00,71.0,SURF,True,EXTREME_TYPE1,502,12,12,"(115.95, 23.2);(115.95, 23.6);(116.36, 22.8);(116.36, 23.2);(116.36, 23.6);(116.36, 24.0);(116.77, 22.8);(116.77, 23.2);(116.77, 23.6);(116.77, 24.0);(117.18, 23.2);(117.18, 23.6)",True
59475,2014-07-25 01:00:00,43.9,SURF,True,EXTREME_TYPE1,2988,9,9,"(112.27, 22.0);(112.27, 22.4);(112.27, 22.8);(112.68, 22.0);(112.68, 22.4);(112.68, 22.8);(113.09, 22.0);(113.09, 22.4);(113.09, 22.8)",True
59268,2014-08-02 19:00:00,59.9,SURF,True,EXTREME_TYPE1,1396,9,9,"(111.05, 22.8);(111.05, 23.2);(111.45, 22.8);(111.45, 23.2);(111.45, 23.6);(111.86, 22.8);(111.86, 23.2);(111.86, 23.6);(112.27, 23.2)",True
59289,2014-08-02 22:00:00,72.5,SURF,True,EXTREME_TYPE1,1708,12,12,"(113.09, 22.8);(113.09, 23.2);(113.5, 22.4);(113.5, 22.8);(113.5, 23.2);(113.5, 23.6);(113.91, 22.4);(113.91, 22.8);(113.91, 23.2);(113.91, 23.6);(114.32, 22.8);(114.32, 23.2)",True
59271,2014-08-04 01:00:00,60.6,SURF,True,EXTREME_TYPE1,979,11,11,"(111.86, 23.2);(111.86, 23.6);(111.86, 24.0);(112.27, 23.2);(112.27, 23.6);(112.27, 24.0);(112.68, 23.2);(112.68, 23.6);(112.68, 24.0);(113.09, 23.6);(113.09, 24.0)",True
59276,2014-08-06 12:00:00,11.7,SURF,True,EXTREME_TYPE1,2066,10,10,"(112.27, 22.8);(112.27, 23.2);(112.27, 23.6);(112.68, 22.8);(112.68, 23.2);(112.68, 23.6);(112.68, 24.0);(113.09, 22.8);(113.09, 23.2);(113.09, 23.6)",True
59287,2014-08-07 02:00:00,56.1,SURF,True,EXTREME_TYPE1,1678,9,9,"(113.09, 22.8);(113.09, 23.2);(113.09, 23.6);(113.5, 22.8);(113.5, 23.2);(113.5, 23.6);(113.91, 22.8);(113.91, 23.2);(113.91, 23.6)",True
59316,2014-08-12 17:00:00,90.8,SURF,True,EXTREME_TYPE1,494,12,10,"(115.95, 23.2);(115.95, 23.6);(116.36, 22.8);(116.36, 23.2);(116.36, 23.6);(116.36, 24.0);(116.77, 22.8);(116.77, 23.2);(116.77, 23.6);(116.77, 24.0)",True
59107,2014-08-12 19:00:00,1.2,SURF,True,EXTREME_TYPE1,683,12,12,"(114.73, 23.6);(114.73, 24.0);(114.73, 24.4);(115.14, 23.6);(115.14, 24.0);(115.14, 24.4);(115.14, 24.8);(115.55, 23.6);(115.55, 24.0);(115.55, 24.4);(115.95, 24.0);(115.95, 24.4)",True
59269,2014-08-12 19:00:00,54.3,SURF,True,EXTREME_TYPE1,970,9,9,"(111.45, 22.8);(111.45, 23.2);(111.45, 23.6);(111.86, 22.8);(111.86, 23.2);(111.86, 23.6);(112.27, 22.8);(112.27, 23.2);(112.27, 23.6)",True
59107,2014-08-12 20:00:00,28.2,SURF,True,EXTREME_TYPE1,680,12,12,"(114.73, 23.6);(114.73, 24.0);(114.73, 24.4);(115.14, 23.6);(115.14, 24.0);(115.14, 24.4);(115.14, 24.8);(115.55, 23.6);(115.55, 24.0);(115.55, 24.4);(115.95, 24.0);(115.95, 24.4)",True
59071,2014-08-12 23:00:00,35.2,SURF,True,EXTREME_TYPE1,439,8,8,"(111.86, 24.4);(111.86, 24.8);(112.27, 24.4);(112.27, 24.8);(112.27, 25.2);(112.68, 24.4);(112.68, 24.8);(112.68, 25.2)",True
59284,2014-08-12 23:00:00,61.7,SURF,True,EXTREME_TYPE1,1696,12,12,"(112.68, 23.2);(112.68, 23.6);(113.09, 22.8);(113.09, 23.2);(113.09, 23.6);(113.09, 24.0);(113.5, 22.8);(113.5, 23.2);(113.5, 23.6);(113.5, 24.0);(113.91, 23.2);(113.91, 23.6)",True
59278,2014-08-13 14:00:00,17.4,SURF,True,EXTREME_TYPE1,2961,12,12,"(111.86, 22.8);(111.86, 23.2);(112.27, 22.4);(112.27, 22.8);(112.27, 23.2);(112.27, 23.6);(112.68, 22.4);(112.68, 22.8);(112.68, 23.2);(112.68, 23.6);(113.09, 22.8);(113.09, 23.2)",True
59288,2014-08-13 14:00:00,18.8,SURF,True,EXTREME_TYPE1,2189,10,10,"(112.27, 23.2);(112.68, 22.8);(112.68, 23.2);(112.68, 23.6);(113.09, 22.8);(113.09, 23.2);(113.09, 23.6);(113.5, 22.8);(113.5, 23.2);(113.5, 23.6)",True
57996,2014-08-13 18:00:00,21.2,SURF,True,EXTREME_TYPE1,92,10,10,"(113.5, 25.2);(113.91, 24.8);(113.91, 25.2);(113.91, 25.6);(114.32, 24.4);(114.32, 24.8);(114.32, 25.2);(114.32, 25.6);(114.73, 24.8);(114.73, 25.2)",True
59087,2014-08-14 06:00:00,50.7,SURF,True,EXTREME_TYPE1,796,10,10,"(113.09, 23.6);(113.09, 24.0);(113.09, 24.4);(113.5, 23.2);(113.5, 23.6);(113.5, 24.0);(113.5, 24.4);(113.91, 23.6);(113.91, 24.0);(113.91, 24.4)",True
59285,2014-08-14 13:00:00,16.1,SURF,True,EXTREME_TYPE1,1132,10,10,"(113.09, 23.2);(113.09, 23.6);(113.09, 24.0);(113.5, 23.2);(113.5, 23.6);(113.5, 24.0);(113.91, 23.2);(113.91, 23.6);(113.91, 24.0);(114.32, 23.6)",True
59318,2014-08-19 02:00:00,25.9,SURF,True,EXTREME_TYPE1,429,12,9,"(115.95, 23.2);(115.95, 23.6);(116.36, 22.8);(116.36, 23.2);(116.36, 23.6);(116.77, 22.8);(116.77, 23.2);(116.77, 23.6);(117.18, 23.2)",True
59655,2014-08-19 13:00:00,68.7,SURF,True,EXTREME_TYPE1,826,10,10,"(110.23, 21.2);(110.23, 21.6);(110.23, 22.0);(110.64, 21.2);(110.64, 21.6);(110.64, 22.0);(110.64, 22.4);(111.05, 21.2);(111.05, 21.6);(111.05, 22.0)",True
59117,2014-08-19 15:00:00,20.6,SURF,True,EXTREME_TYPE1,479,12,12,"(115.55, 24.0);(115.55, 24.4);(115.55, 24.8);(115.95, 23.6);(115.95, 24.0);(115.95, 24.4);(115.95, 24.8);(116.36, 24.0);(116.36, 24.4);(116.36, 24.8);(116.77, 24.0);(116.77, 24.4)",True
59106,2014-08-19 18:00:00,1.2,SURF,True,EXTREME_TYPE1,387,10,10,"(115.14, 24.4);(115.14, 24.8);(115.55, 24.0);(115.55, 24.4);(115.55, 24.8);(115.95, 24.0);(115.95, 24.4);(115.95, 24.8);(116.36, 24.4);(116.36, 24.8)",True
59673,2014-08-20 04:00:00,38.5,SURF,True,EXTREME_TYPE1,115,8,8,"(112.27, 21.6);(112.27, 22.0);(112.68, 21.6);(112.68, 22.0);(112.68, 22.4);(113.09, 21.6);(113.09, 22.0);(113.5, 21.6)",True
59488,2014-08-22 04:00:00,55.4,SURF,True,EXTREME_TYPE1,1047,11,3,"(113.91, 22.4);(113.91, 22.8);(114.32, 22.4)",True
59276,2014-08-22 20:00:00,7.0,SURF,True,EXTREME_TYPE1,2100,10,10,"(112.27, 22.8);(112.27, 23.2);(112.27, 23.6);(112.68, 22.8);(112.68, 23.2);(112.68, 23.6);(112.68, 24.0);(113.09, 22.8);(113.09, 23.2);(113.09, 23.6)",True
59074,2014-08-23 17:00:00,1.9,SURF,True,EXTREME_TYPE1,655,9,9,"(111.86, 24.0);(111.86, 24.4);(111.86, 24.8);(112.27, 24.0);(112.27, 24.4);(112.27, 24.8);(112.27, 25.2);(112.68, 24.4);(112.68, 24.8)",True
59673,2014-08-27 15:00:00,28.2,SURF,True,EXTREME_TYPE1,113,8,8,"(112.27, 21.6);(112.27, 22.0);(112.68, 21.6);(112.68, 22.0);(112.68, 22.4);(113.09, 21.6);(113.09, 22.0);(113.5, 21.6)",True
59094,2014-08-30 17:00:00,8.4,SURF,True,EXTREME_TYPE1,436,12,12,"(113.5, 24.0);(113.5, 24.4);(113.5, 24.8);(113.91, 24.0);(113.91, 24.4);(113.91, 24.8);(114.32, 24.0);(114.32, 24.4);(114.32, 24.8);(114.73, 24.0);(114.73, 24.4);(114.73, 24.8)",True
59654,2014-08-31 13:00:00,16.0,SURF,True,EXTREME_TYPE1,705,10,10,"(109.82, 21.2);(109.82, 21.6);(109.82, 22.0);(110.23, 21.2);(110.23, 21.6);(110.23, 22.0);(110.64, 21.2);(110.64, 21.6);(110.64, 22.0);(111.05, 21.6)",True
59750,2014-09-03 15:00:00,39.5,SURF,True,EXTREME_TYPE1,570,11,10,"(109.41, 21.2);(109.82, 20.4);(109.82, 20.8);(109.82, 21.2);(109.82, 21.6);(110.23, 20.4);(110.23, 20.8);(110.23, 21.2);(110.64, 20.8);(110.64, 21.2)",True
59303,2014-09-04 19:00:00,57.2,SURF,True,EXTREME_TYPE1,1176,10,10,"(115.14, 23.6);(115.14, 24.0);(115.55, 23.6);(115.55, 24.0);(115.55, 24.4);(115.95, 23.6);(115.95, 24.0);(115.95, 24.4);(116.36, 23.6);(116.36, 24.0)",True
59117,2014-09-04 20:00:00,3.5,SURF,True,EXTREME_TYPE1,469,12,12,"(115.55, 24.0);(115.55, 24.4);(115.55, 24.8);(115.95, 23.6);(115.95, 24.0);(115.95, 24.4);(115.95, 24.8);(116.36, 24.0);(116.36, 24.4);(116.36, 24.8);(116.77, 24.0);(116.77, 24.4)",True
59500,2014-09-08 14:00:00,12.8,SURF,True,EXTREME_TYPE1,1009,12,12,"(114.73, 22.8);(114.73, 23.2);(115.14, 22.4);(115.14, 22.8);(115.14, 23.2);(115.14, 23.6);(115.55, 22.4);(115.55, 22.8);(115.55, 23.2);(115.55, 23.6);(115.95, 22.8);(115.95, 23.2)",True
59478,2014-09-12 14:00:00,32.4,SURF,True,EXTREME_TYPE1,2051,12,12,"(112.27, 22.0);(112.27, 22.4);(112.68, 21.6);(112.68, 22.0);(112.68, 22.4);(112.68, 22.8);(113.09, 21.6);(113.09, 22.0);(113.09, 22.4);(113.09, 22.8);(113.5, 22.0);(113.5, 22.4)",True
59477,2014-09-15 20:00:00,11.6,SURF,True,EXTREME_TYPE1,2440,10,10,"(111.86, 22.0);(111.86, 22.4);(111.86, 22.8);(112.27, 21.6);(112.27, 22.0);(112.27, 22.4);(112.27, 22.8);(112.68, 22.0);(112.68, 22.4);(112.68, 22.8)",True
59656,2014-09-15 21:00:00,12.3,SURF,True,EXTREME_TYPE1,554,11,11,"(110.23, 21.2);(110.23, 21.6);(110.64, 20.8);(110.64, 21.2);(110.64, 21.6);(110.64, 22.0);(111.05, 21.2);(111.05, 21.6);(111.05, 22.0);(111.45, 21.2);(111.45, 21.6)",True
59276,2014-09-15 23:00:00,11.8,SURF,True,EXTREME_TYPE1,1995,10,10,"(112.27, 22.8);(112.27, 23.2);(112.27, 23.6);(112.68, 22.8);(112.68, 23.2);(112.68, 23.6);(112.68, 24.0);(113.09, 22.8);(113.09, 23.2);(113.09, 23.6)",True
59072,2014-09-16 16:00:00,1.8,SURF,True,EXTREME_TYPE1,772,9,9,"(111.86, 24.4);(111.86, 24.8);(112.27, 24.4);(112.27, 24.8);(112.27, 25.2);(112.68, 24.4);(112.68, 24.8);(112.68, 25.2);(113.09, 24.8)",True
59310,2014-09-24 18:00:00,52.9,SURF,True,EXTREME_TYPE1,873,12,12,"(115.55, 23.6);(115.55, 24.0);(115.95, 23.2);(115.95, 23.6);(115.95, 24.0);(115.95, 24.4);(116.36, 23.2);(116.36, 23.6);(116.36, 24.0);(116.36, 24.4);(116.77, 23.6);(116.77, 24.0)",True
59303,2014-09-25 02:00:00,5.2,SURF,True,EXTREME_TYPE1,1192,10,10,"(115.14, 23.6);(115.14, 24.0);(115.55, 23.6);(115.55, 24.0);(115.55, 24.4);(115.95, 23.6);(115.95, 24.0);(115.95, 24.4);(116.36, 23.6);(116.36, 24.0)",True
59487,2014-09-30 23:00:00,51.2,SURF,True,EXTREME_TYPE1,1671,12,12,"(112.68, 22.0);(112.68, 22.4);(113.09, 21.6);(113.09, 22.0);(113.09, 22.4);(113.09, 22.8);(113.5, 21.6);(113.5, 22.0);(113.5, 22.4);(113.5, 22.8);(113.91, 22.0);(113.91, 22.4)",True
59487,2014-10-01 05:00:00,19.7,SURF,True,EXTREME_TYPE1,1661,12,12,"(112.68, 22.0);(112.68, 22.4);(113.09, 21.6);(113.09, 22.0);(113.09, 22.4);(113.09, 22.8);(113.5, 21.6);(113.5, 22.0);(113.5, 22.4);(113.5, 22.8);(113.91, 22.0);(113.91, 22.4)",True
59478,2014-10-03 08:00:00,60.3,SURF,True,EXTREME_TYPE1,1380,12,8,"(112.27, 22.0);(112.27, 22.4);(112.68, 22.0);(112.68, 22.4);(112.68, 22.8);(113.09, 22.4);(113.09, 22.8);(113.5, 22.4)",True
59303,2014-11-08 07:00:00,1.5,SURF,True,EXTREME_TYPE1,1191,10,10,"(115.14, 23.6);(115.14, 24.0);(115.55, 23.6);(115.55, 24.0);(115.55, 24.4);(115.95, 23.6);(115.95, 24.0);(115.95, 24.4);(116.36, 23.6);(116.36, 24.0)",True
59470,2014-12-02 22:00:00,1.2,SURF,True,EXTREME_TYPE1,2336,10,10,"(111.45, 22.8);(111.86, 22.4);(111.86, 22.8);(111.86, 23.2);(112.27, 22.4);(112.27, 22.8);(112.27, 23.2);(112.68, 22.4);(112.68, 22.8);(112.68, 23.2)",True
59485,2014-12-04 14:00:00,1.4,SURF,True,EXTREME_TYPE1,2769,12,12,"(112.68, 22.4);(112.68, 22.8);(113.09, 22.0);(113.09, 22.4);(113.09, 22.8);(113.5, 22.0);(113.5, 22.4);(113.5, 22.8);(113.5, 23.2);(113.91, 22.0);(113.91, 22.4);(113.91, 22.8)",True
59318,2014-12-25 12:00:00,5.1,SURF,True,EXTREME_TYPE1,518,12,12,"(115.95, 23.2);(115.95, 23.6);(116.36, 22.8);(116.36, 23.2);(116.36, 23.6);(116.36, 24.0);(116.77, 22.8);(116.77, 23.2);(116.77, 23.6);(116.77, 24.0);(117.18, 23.2);(117.18, 23.6)",True
59654,2014-12-26 06:00:00,2.1,SURF,True,EXTREME_TYPE1,710,10,10,"(109.82, 21.2);(109.82, 21.6);(109.82, 22.0);(110.23, 21.2);(110.23, 21.6);(110.23, 22.0);(110.64, 21.2);(110.64, 21.6);(110.64, 22.0);(111.05, 21.6)",True
59470,2014-12-27 19:00:00,2.6,SURF,True,EXTREME_TYPE1,2191,10,10,"(111.45, 22.8);(111.86, 22.4);(111.86, 22.8);(111.86, 23.2);(112.27, 22.4);(112.27, 22.8);(112.27, 23.2);(112.68, 22.4);(112.68, 22.8);(112.68, 23.2)",True
59478,2014-12-28 01:00:00,1.5,SURF,True,EXTREME_TYPE1,2107,12,12,"(112.27, 22.0);(112.27, 22.4);(112.68, 21.6);(112.68, 22.0);(112.68, 22.4);(112.68, 22.8);(113.09, 21.6);(113.09, 22.0);(113.09, 22.4);(113.09, 22.8);(113.5, 22.0);(113.5, 22.4)",True
59288,2015-01-12 10:00:00,4.5,SURF,True,EXTREME_TYPE1,2250,10,10,"(112.27, 23.2);(112.68, 22.8);(112.68, 23.2);(112.68, 23.6);(113.09, 22.8);(113.09, 23.2);(113.09, 23.6);(113.5, 22.8);(113.5, 23.2);(113.5, 23.6)",True
59289,2015-01-12 14:00:00,2.0,SURF,True,EXTREME_TYPE1,1781,12,12,"(113.09, 22.8);(113.09, 23.2);(113.5, 22.4);(113.5, 22.8);(113.5, 23.2);(113.5, 23.6);(113.91, 22.4);(113.91, 22.8);(113.91, 23.2);(113.91, 23.6);(114.32, 22.8);(114.32, 23.2)",True
59319,2015-01-13 17:00:00,5.2,SURF,True,EXTREME_TYPE1,483,11,11,"(115.95, 23.6);(116.36, 23.2);(116.36, 23.6);(116.36, 24.0);(116.77, 22.8);(116.77, 23.2);(116.77, 23.6);(116.77, 24.0);(117.18, 23.2);(117.18, 23.6);(117.18, 24.0)",True
59289,2015-02-22 19:00:00,25.5,SURF,True,EXTREME_TYPE1,1796,12,12,"(113.09, 22.8);(113.09, 23.2);(113.5, 22.4);(113.5, 22.8);(113.5, 23.2);(113.5, 23.6);(113.91, 22.4);(113.91, 22.8);(113.91, 23.2);(113.91, 23.6);(114.32, 22.8);(114.32, 23.2)",True
59673,2015-02-22 23:00:00,35.7,SURF,True,EXTREME_TYPE1,130,8,8,"(112.27, 21.6);(112.27, 22.0);(112.68, 21.6);(112.68, 22.0);(112.68, 22.4);(113.09, 21.6);(113.09, 22.0);(113.5, 21.6)",True
59099,2015-03-16 20:00:00,1.2,SURF,True,EXTREME_TYPE1,455,10,10,"(114.32, 24.4);(114.32, 24.8);(114.73, 24.0);(114.73, 24.4);(114.73, 24.8);(115.14, 24.0);(115.14, 24.4);(115.14, 24.8);(115.55, 24.4);(115.55, 24.8)",True
59478,2015-04-10 23:00:00,5.4,SURF,True,EXTREME_TYPE1,2171,12,12,"(112.27, 22.0);(112.27, 22.4);(112.68, 21.6);(112.68, 22.0);(112.68, 22.4);(112.68, 22.8);(113.09, 21.6);(113.09, 22.0);(113.09, 22.4);(113.09, 22.8);(113.5, 22.0);(113.5, 22.4)",True
59072,2015-04-20 02:00:00,24.4,SURF,True,EXTREME_TYPE1,748,9,9,"(111.86, 24.4);(111.86, 24.8);(112.27, 24.4);(112.27, 24.8);(112.27, 25.2);(112.68, 24.4);(112.68, 24.8);(112.68, 25.2);(113.09, 24.8)",True
59316,2015-04-21 02:00:00,7.5,SURF,True,EXTREME_TYPE1,521,12,12,"(115.95, 23.2);(115.95, 23.6);(116.36, 22.8);(116.36, 23.2);(116.36, 23.6);(116.36, 24.0);(116.77, 22.8);(116.77, 23.2);(116.77, 23.6);(116.77, 24.0);(117.18, 23.2);(117.18, 23.6)",True
57989,2015-04-28 15:00:00,40.0,SURF,True,EXTREME_TYPE1,334,12,12,"(113.09, 24.8);(113.09, 25.2);(113.5, 24.4);(113.5, 24.8);(113.5, 25.2);(113.5, 25.6);(113.91, 24.4);(113.91, 24.8);(113.91, 25.2);(113.91, 25.6);(114.32, 24.8);(114.32, 25.2)",True
59492,2015-04-29 22:00:00,62.0,SURF,True,EXTREME_TYPE1,700,11,11,"(114.32, 22.4);(114.32, 22.8);(114.32, 23.2);(114.32, 23.6);(114.73, 22.4);(114.73, 22.8);(114.73, 23.2);(114.73, 23.6);(115.14, 22.8);(115.14, 23.2);(115.14, 23.6)",True
59462,2015-05-01 12:00:00,30.8,SURF,True,EXTREME_TYPE1,1505,11,11,"(111.05, 22.4);(111.05, 22.8);(111.05, 23.2);(111.45, 22.4);(111.45, 22.8);(111.45, 23.2);(111.86, 22.4);(111.86, 22.8);(111.86, 23.2);(112.27, 22.4);(112.27, 22.8)",True
59097,2015-05-03 08:00:00,56.5,SURF,True,EXTREME_TYPE1,559,10,10,"(113.5, 24.0);(113.91, 23.6);(113.91, 24.0);(113.91, 24.4);(114.32, 23.6);(114.32, 24.0);(114.32, 24.4);(114.73, 23.6);(114.73, 24.0);(114.73, 24.4)",True
59087,2015-05-04 21:00:00,31.3,SURF,True,EXTREME_TYPE1,836,10,10,"(113.09, 23.6);(113.09, 24.0);(113.09, 24.4);(113.5, 23.2);(113.5, 23.6);(113.5, 24.0);(113.5, 24.4);(113.91, 23.6);(113.91, 24.0);(113.91, 24.4)",True
59287,2015-05-05 00:00:00,48.3,SURF,True,EXTREME_TYPE1,1800,9,9,"(113.09, 22.8);(113.09, 23.2);(113.09, 23.6);(113.5, 22.8);(113.5, 23.2);(113.5, 23.6);(113.91, 22.8);(113.91, 23.2);(113.91, 23.6)",True
59470,2015-05-05 09:00:00,58.6,SURF,True,EXTREME_TYPE1,2443,10,10,"(111.45, 22.8);(111.86, 22.4);(111.86, 22.8);(111.86, 23.2);(112.27, 22.4);(112.27, 22.8);(112.27, 23.2);(112.68, 22.4);(112.68, 22.8);(112.68, 23.2)",True
59471,2015-05-05 17:00:00,21.6,SURF,True,EXTREME_TYPE1,2434,12,12,"(111.45, 22.8);(111.45, 23.2);(111.86, 22.4);(111.86, 22.8);(111.86, 23.2);(111.86, 23.6);(112.27, 22.4);(112.27, 22.8);(112.27, 23.2);(112.27, 23.6);(112.68, 22.8);(112.68, 23.2)",True
59075,2015-05-06 02:00:00,77.5,SURF,True,EXTREME_TYPE1,754,12,10,"(112.27, 24.0);(112.27, 24.4);(112.27, 24.8);(112.68, 23.6);(112.68, 24.0);(112.68, 24.4);(112.68, 24.8);(113.09, 24.0);(113.09, 24.4);(113.09, 24.8)",True
59456,2015-05-06 08:00:00,77.6,SURF,True,EXTREME_TYPE1,744,10,10,"(110.23, 22.4);(110.64, 22.0);(110.64, 22.4);(110.64, 22.8);(111.05, 22.0);(111.05, 22.4);(111.05, 22.8);(111.45, 22.0);(111.45, 22.4);(111.45, 22.8)",True
59087,2015-05-06 09:00:00,21.5,SURF,True,EXTREME_TYPE1,828,10,10,"(113.09, 23.6);(113.09, 24.0);(113.09, 24.4);(113.5, 23.2);(113.5, 23.6);(113.5, 24.0);(113.5, 24.4);(113.91, 23.6);(113.91, 24.0);(113.91, 24.4)",True
59290,2015-05-06 18:00:00,62.4,SURF,True,EXTREME_TYPE1,694,11,11,"(113.5, 23.6);(113.91, 23.2);(113.91, 23.6);(113.91, 24.0);(113.91, 24.4);(114.32, 23.2);(114.32, 23.6);(114.32, 24.0);(114.32, 24.4);(114.73, 23.6);(114.73, 24.0)",True
59476,2015-05-07 14:00:00,1.3,SURF,True,EXTREME_TYPE1,3529,11,11,"(112.27, 22.4);(112.68, 22.0);(112.68, 22.4);(112.68, 22.8);(113.09, 22.0);(113.09, 22.4);(113.09, 22.8);(113.09, 23.2);(113.5, 22.0);(113.5, 22.4);(113.5, 22.8)",True
59268,2015-05-08 13:00:00,1.0,SURF,True,EXTREME_TYPE1,1464,9,9,"(111.05, 22.8);(111.05, 23.2);(111.45, 22.8);(111.45, 23.2);(111.45, 23.6);(111.86, 22.8);(111.86, 23.2);(111.86, 23.6);(112.27, 23.2)",True
59271,2015-05-08 19:00:00,34.8,SURF,True,EXTREME_TYPE1,1057,11,11,"(111.86, 23.2);(111.86, 23.6);(111.86, 24.0);(112.27, 23.2);(112.27, 23.6);(112.27, 24.0);(112.68, 23.2);(112.68, 23.6);(112.68, 24.0);(113.09, 23.6);(113.09, 24.0)",True
59290,2015-05-09 07:00:00,59.1,SURF,True,EXTREME_TYPE1,694,11,11,"(113.5, 23.6);(113.91, 23.2);(113.91, 23.6);(113.91, 24.0);(113.91, 24.4);(114.32, 23.2);(114.32, 23.6);(114.32, 24.0);(114.32, 24.4);(114.73, 23.6);(114.73, 24.0)",True
59289,2015-05-09 15:00:00,57.2,SURF,True,EXTREME_TYPE1,1789,12,12,"(113.09, 22.8);(113.09, 23.2);(113.5, 22.4);(113.5, 22.8);(113.5, 23.2);(113.5, 23.6);(113.91, 22.4);(113.91, 22.8);(113.91, 23.2);(113.91, 23.6);(114.32, 22.8);(114.32, 23.2)",True
59270,2015-05-10 19:00:00,1.5,SURF,True,EXTREME_TYPE1,726,10,10,"(111.45, 24.0);(111.86, 23.6);(111.86, 24.0);(111.86, 24.4);(112.27, 23.6);(112.27, 24.0);(112.27, 24.4);(112.68, 23.6);(112.68, 24.0);(112.68, 24.4)",True
59280,2015-05-11 05:00:00,56.5,SURF,True,EXTREME_TYPE1,1111,10,10,"(112.68, 23.2);(112.68, 23.6);(112.68, 24.0);(113.09, 23.2);(113.09, 23.6);(113.09, 24.0);(113.09, 24.4);(113.5, 23.2);(113.5, 23.6);(113.5, 24.0)",True
59481,2015-05-11 16:00:00,51.8,SURF,True,EXTREME_TYPE1,2951,12,12,"(112.68, 22.8);(112.68, 23.2);(113.09, 22.4);(113.09, 22.8);(113.09, 23.2);(113.09, 23.6);(113.5, 22.4);(113.5, 22.8);(113.5, 23.2);(113.5, 23.6);(113.91, 22.8);(113.91, 23.2)",True
59478,2015-05-11 19:00:00,41.3,SURF,True,EXTREME_TYPE1,2168,12,12,"(112.27, 22.0);(112.27, 22.4);(112.68, 21.6);(112.68, 22.0);(112.68, 22.4);(112.68, 22.8);(113.09, 21.6);(113.09, 22.0);(113.09, 22.4);(113.09, 22.8);(113.5, 22.0);(113.5, 22.4)",True
59664,2015-05-11 23:00:00,58.7,SURF,True,EXTREME_TYPE1,793,10,10,"(110.23, 21.6);(110.64, 21.2);(110.64, 21.6);(110.64, 22.0);(111.05, 21.2);(111.05, 21.6);(111.05, 22.0);(111.45, 21.2);(111.45, 21.6);(111.45, 22.0)",True
59072,2015-05-16 00:00:00,3.9,SURF,True,EXTREME_TYPE1,759,9,9,"(111.86, 24.4);(111.86, 24.8);(112.27, 24.4);(112.27, 24.8);(112.27, 25.2);(112.68, 24.4);(112.68, 24.8);(112.68, 25.2);(113.09, 24.8)",True
59663,2015-05-16 17:00:00,51.7,SURF,True,EXTREME_TYPE1,772,11,11,"(111.45, 21.6);(111.45, 22.0);(111.86, 21.2);(111.86, 21.6);(111.86, 22.0);(111.86, 22.4);(112.27, 21.6);(112.27, 22.0);(112.27, 22.4);(112.68, 21.6);(112.68, 22.0)",True
59656,2015-05-17 07:00:00,38.7,SURF,True,EXTREME_TYPE1,577,11,11,"(110.23, 21.2);(110.23, 21.6);(110.64, 20.8);(110.64, 21.2);(110.64, 21.6);(110.64, 22.0);(111.05, 21.2);(111.05, 21.6);(111.05, 22.0);(111.45, 21.2);(111.45, 21.6)",True
59663,2015-05-17 08:00:00,59.0,SURF,True,EXTREME_TYPE1,757,11,11,"(111.45, 21.6);(111.45, 22.0);(111.86, 21.2);(111.86, 21.6);(111.86, 22.0);(111.86, 22.4);(112.27, 21.6);(112.27, 22.0);(112.27, 22.4);(112.68, 21.6);(112.68, 22.0)",True
59673,2015-05-17 13:00:00,70.0,SURF,True,EXTREME_TYPE1,130,8,8,"(112.27, 21.6);(112.27, 22.0);(112.68, 21.6);(112.68, 22.0);(112.68, 22.4);(113.09, 21.6);(113.09, 22.0);(113.5, 21.6)",True
59663,2015-05-18 09:00:00,61.2,SURF,True,EXTREME_TYPE1,761,11,11,"(111.45, 21.6);(111.45, 22.0);(111.86, 21.2);(111.86, 21.6);(111.86, 22.0);(111.86, 22.4);(112.27, 21.6);(112.27, 22.0);(112.27, 22.4);(112.68, 21.6);(112.68, 22.0)",True
59478,2015-05-18 10:00:00,11.6,SURF,True,EXTREME_TYPE1,2182,12,12,"(112.27, 22.0);(112.27, 22.4);(112.68, 21.6);(112.68, 22.0);(112.68, 22.4);(112.68, 22.8);(113.09, 21.6);(113.09, 22.0);(113.09, 22.4);(113.09, 22.8);(113.5, 22.0);(113.5, 22.4)",True
59317,2015-05-20 00:00:00,58.7,SURF,True,EXTREME_TYPE1,824,9,9,"(115.95, 22.4);(115.95, 22.8);(115.95, 23.2);(115.95, 23.6);(116.36, 22.8);(116.36, 23.2);(116.36, 23.6);(116.77, 22.8);(116.77, 23.2)",True
59317,2015-05-20 01:00:00,66.5,SURF,True,EXTREME_TYPE1,820,9,9,"(115.95, 22.4);(115.95, 22.8);(115.95, 23.2);(115.95, 23.6);(116.36, 22.8);(116.36, 23.2);(116.36, 23.6);(116.77, 22.8);(116.77, 23.2)",True
59074,2015-05-20 03:00:00,10.3,SURF,True,EXTREME_TYPE1,656,9,9,"(111.86, 24.0);(111.86, 24.4);(111.86, 24.8);(112.27, 24.0);(112.27, 24.4);(112.27, 24.8);(112.27, 25.2);(112.68, 24.4);(112.68, 24.8)",True
59502,2015-05-20 06:00:00,79.7,SURF,True,EXTREME_TYPE1,990,12,12,"(115.14, 22.8);(115.14, 23.2);(115.55, 22.4);(115.55, 22.8);(115.55, 23.2);(115.55, 23.6);(115.95, 22.4);(115.95, 22.8);(115.95, 23.2);(115.95, 23.6);(116.36, 22.8);(116.36, 23.2)",True
59285,2015-05-20 10:00:00,62.7,SURF,True,EXTREME_TYPE1,1171,10,10,"(113.09, 23.2);(113.09, 23.6);(113.09, 24.0);(113.5, 23.2);(113.5, 23.6);(113.5, 24.0);(113.91, 23.2);(113.91, 23.6);(113.91, 24.0);(114.32, 23.6)",True
59500,2015-05-20 10:00:00,64.6,SURF,True,EXTREME_TYPE1,1034,12,12,"(114.73, 22.8);(114.73, 23.2);(115.14, 22.4);(115.14, 22.8);(115.14, 23.2);(115.14, 23.6);(115.55, 22.4);(115.55, 22.8);(115.55, 23.2);(115.55, 23.6);(115.95, 22.8);(115.95, 23.2)",True
59502,2015-05-20 10:00:00,20.6,SURF,True,EXTREME_TYPE1,991,12,12,"(115.14, 22.8);(115.14, 23.2);(115.55, 22.4);(115.55, 22.8);(115.55, 23.2);(115.55, 23.6);(115.95, 22.4);(115.95, 22.8);(115.95, 23.2);(115.95, 23.6);(116.36, 22.8);(116.36, 23.2)",True
59297,2015-05-20 11:00:00,79.9,SURF,True,EXTREME_TYPE1,788,10,10,"(113.5, 23.2);(113.91, 22.8);(113.91, 23.2);(113.91, 23.6);(114.32, 22.8);(114.32, 23.2);(114.32, 23.6);(114.73, 22.8);(114.73, 23.2);(114.73, 23.6)",True
59071,2015-05-20 13:00:00,34.7,SURF,True,EXTREME_TYPE1,454,8,8,"(111.86, 24.4);(111.86, 24.8);(112.27, 24.4);(112.27, 24.8);(112.27, 25.2);(112.68, 24.4);(112.68, 24.8);(112.68, 25.2)",True
59289,2015-05-20 13:00:00,80.1,SURF,True,EXTREME_TYPE1,1806,12,12,"(113.09, 22.8);(113.09, 23.2);(113.5, 22.4);(113.5, 22.8);(113.5, 23.2);(113.5, 23.6);(113.91, 22.4);(113.91, 22.8);(113.91, 23.2);(113.91, 23.6);(114.32, 22.8);(114.32, 23.2)",True
59072,2015-05-20 14:00:00,25.8,SURF,True,EXTREME_TYPE1,760,9,9,"(111.86, 24.4);(111.86, 24.8);(112.27, 24.4);(112.27, 24.8);(112.27, 25.2);(112.68, 24.4);(112.68, 24.8);(112.68, 25.2);(113.09, 24.8)",True
59470,2015-05-20 18:00:00,41.8,SURF,True,EXTREME_TYPE1,2499,10,10,"(111.45, 22.8);(111.86, 22.4);(111.86, 22.8);(111.86, 23.2);(112.27, 22.4);(112.27, 22.8);(112.27, 23.2);(112.68, 22.4);(112.68, 22.8);(112.68, 23.2)",True
59297,2015-05-25 19:00:00,65.4,SURF,True,EXTREME_TYPE1,788,10,10,"(113.5, 23.2);(113.91, 22.8);(113.91, 23.2);(113.91, 23.6);(114.32, 22.8);(114.32, 23.2);(114.32, 23.6);(114.73, 22.8);(114.73, 23.2);(114.73, 23.6)",True
59290,2015-05-26 06:00:00,33.7,SURF,True,EXTREME_TYPE1,698,11,11,"(113.5, 23.6);(113.91, 23.2);(113.91, 23.6);(113.91, 24.0);(113.91, 24.4);(114.32, 23.2);(114.32, 23.6);(114.32, 24.0);(114.32, 24.4);(114.73, 23.6);(114.73, 24.0)",True
59477,2015-05-26 15:00:00,1.1,SURF,True,EXTREME_TYPE1,2588,10,10,"(111.86, 22.0);(111.86, 22.4);(111.86, 22.8);(112.27, 21.6);(112.27, 22.0);(112.27, 22.4);(112.27, 22.8);(112.68, 22.0);(112.68, 22.4);(112.68, 22.8)",True
59264,2015-05-26 17:00:00,15.9,SURF,True,EXTREME_TYPE1,428,9,9,"(111.05, 23.2);(111.45, 22.8);(111.45, 23.2);(111.45, 23.6);(111.45, 24.0);(111.86, 22.8);(111.86, 23.2);(111.86, 23.6);(111.86, 24.0)",True
59298,2015-05-31 14:00:00,40.4,SURF,True,EXTREME_TYPE1,822,11,11,"(113.91, 22.8);(113.91, 23.2);(113.91, 23.6);(114.32, 22.4);(114.32, 22.8);(114.32, 23.2);(114.32, 23.6);(114.73, 22.8);(114.73, 23.2);(114.73, 23.6);(115.14, 23.2)",True
59285,2015-06-01 15:00:00,34.9,SURF,True,EXTREME_TYPE1,1168,10,10,"(113.09, 23.2);(113.09, 23.6);(113.09, 24.0);(113.5, 23.2);(113.5, 23.6);(113.5, 24.0);(113.91, 23.2);(113.91, 23.6);(113.91, 24.0);(114.32, 23.6)",True
59075,2015-06-02 17:00:00,23.9,SURF,True,EXTREME_TYPE1,764,12,12,"(111.86, 24.0);(111.86, 24.4);(112.27, 24.0);(112.27, 24.4);(112.27, 24.8);(112.68, 23.6);(112.68, 24.0);(112.68, 24.4);(112.68, 24.8);(113.09, 24.0);(113.09, 24.4);(113.09, 24.8)",True
59462,2015-06-06 13:00:00,13.2,SURF,True,EXTREME_TYPE1,1448,11,11,"(111.05, 22.4);(111.05, 22.8);(111.05, 23.2);(111.45, 22.4);(111.45, 22.8);(111.45, 23.2);(111.86, 22.4);(111.86, 22.8);(111.86, 23.2);(112.27, 22.4);(112.27, 22.8)",True
59287,2015-06-11 15:00:00,21.2,SURF,True,EXTREME_TYPE1,1804,9,9,"(113.09, 22.8);(113.09, 23.2);(113.09, 23.6);(113.5, 22.8);(113.5, 23.2);(113.5, 23.6);(113.91, 22.8);(113.91, 23.2);(113.91, 23.6)",True
59304,2015-06-11 20:00:00,4.7,SURF,True,EXTREME_TYPE1,814,9,9,"(114.73, 23.2);(114.73, 23.6);(114.73, 24.0);(115.14, 23.2);(115.14, 23.6);(115.14, 24.0);(115.55, 23.2);(115.55, 23.6);(115.55, 24.0)",True
59288,2015-06-12 15:00:00,32.7,SURF,True,EXTREME_TYPE1,2349,10,10,"(112.27, 23.2);(112.68, 22.8);(112.68, 23.2);(112.68, 23.6);(113.09, 22.8);(113.09, 23.2);(113.09, 23.6);(113.5, 22.8);(113.5, 23.2);(113.5, 23.6)",True
59109,2015-06-12 16:00:00,5.8,SURF,True,EXTREME_TYPE1,736,12,12,"(115.14, 24.0);(115.14, 24.4);(115.55, 23.6);(115.55, 24.0);(115.55, 24.4);(115.55, 24.8);(115.95, 23.6);(115.95, 24.0);(115.95, 24.4);(115.95, 24.8);(116.36, 24.0);(116.36, 24.4)",True
59096,2015-06-12 18:00:00,26.2,SURF,True,EXTREME_TYPE1,354,12,12,"(113.91, 24.0);(113.91, 24.4);(113.91, 24.8);(114.32, 24.0);(114.32, 24.4);(114.32, 24.8);(114.73, 24.0);(114.73, 24.4);(114.73, 24.8);(115.14, 24.0);(115.14, 24.4);(115.14, 24.8)",True
59279,2015-06-22 13:00:00,10.1,SURF,True,EXTREME_TYPE1,2364,12,12,"(112.27, 22.8);(112.27, 23.2);(112.27, 23.6);(112.68, 22.8);(112.68, 23.2);(112.68, 23.6);(113.09, 22.8);(113.09, 23.2);(113.09, 23.6);(113.5, 22.8);(113.5, 23.2);(113.5, 23.6)",True
59310,2015-06-23 07:00:00,7.3,SURF,True,EXTREME_TYPE1,902,12,12,"(115.55, 23.6);(115.55, 24.0);(115.95, 23.2);(115.95, 23.6);(115.95, 24.0);(115.95, 24.4);(116.36, 23.2);(116.36, 23.6);(116.36, 24.0);(116.36, 24.4);(116.77, 23.6);(116.77, 24.0)",True
59278,2015-06-23 15:00:00,26.1,SURF,True,EXTREME_TYPE1,3215,12,12,"(111.86, 22.8);(111.86, 23.2);(112.27, 22.4);(112.27, 22.8);(112.27, 23.2);(112.27, 23.6);(112.68, 22.4);(112.68, 22.8);(112.68, 23.2);(112.68, 23.6);(113.09, 22.8);(113.09, 23.2)",True
59117,2015-06-24 06:00:00,2.5,SURF,True,EXTREME_TYPE1,499,12,12,"(115.55, 24.0);(115.55, 24.4);(115.55, 24.8);(115.95, 23.6);(115.95, 24.0);(115.95, 24.4);(115.95, 24.8);(116.36, 24.0);(116.36, 24.4);(116.36, 24.8);(116.77, 24.0);(116.77, 24.4)",True
59650,2015-07-05 05:00:00,40.8,SURF,True,EXTREME_TYPE1,723,11,11,"(109.82, 21.2);(109.82, 21.6);(109.82, 22.0);(110.23, 20.8);(110.23, 21.2);(110.23, 21.6);(110.23, 22.0);(110.64, 20.8);(110.64, 21.2);(110.64, 21.6);(110.64, 22.0)",True
59664,2015-07-05 08:00:00,76.1,SURF,True,EXTREME_TYPE1,800,10,10,"(110.23, 21.6);(110.64, 21.2);(110.64, 21.6);(110.64, 22.0);(111.05, 21.2);(111.05, 21.6);(111.05, 22.0);(111.45, 21.2);(111.45, 21.6);(111.45, 22.0)",True
59462,2015-07-05 18:00:00,4.4,SURF,True,EXTREME_TYPE1,1484,11,11,"(111.05, 22.4);(111.05, 22.8);(111.05, 23.2);(111.45, 22.4);(111.45, 22.8);(111.45, 23.2);(111.86, 22.4);(111.86, 22.8);(111.86, 23.2);(112.27, 22.4);(112.27, 22.8)",True
59312,2015-07-09 11:00:00,13.2,SURF,True,EXTREME_TYPE1,476,10,10,"(115.95, 23.6);(116.36, 23.2);(116.36, 23.6);(116.36, 24.0);(116.77, 23.2);(116.77, 23.6);(116.77, 24.0);(117.18, 23.2);(117.18, 23.6);(117.18, 24.0)",True
59315,2015-07-09 12:00:00,11.4,SURF,True,EXTREME_TYPE1,516,10,10,"(115.95, 23.2);(115.95, 23.6);(115.95, 24.0);(116.36, 23.2);(116.36, 23.6);(116.36, 24.0);(116.77, 23.2);(116.77, 23.6);(116.77, 24.0);(117.18, 23.6)",True
59502,2015-07-09 14:00:00,51.6,SURF,True,EXTREME_TYPE1,935,12,12,"(115.14, 22.8);(115.14, 23.2);(115.55, 22.4);(115.55, 22.8);(115.55, 23.2);(115.55, 23.6);(115.95, 22.4);(115.95, 22.8);(115.95, 23.2);(115.95, 23.6);(116.36, 22.8);(116.36, 23.2)",True
59481,2015-07-10 20:00:00,3.7,SURF,True,EXTREME_TYPE1,2973,12,12,"(112.68, 22.8);(112.68, 23.2);(113.09, 22.4);(113.09, 22.8);(113.09, 23.2);(113.09, 23.6);(113.5, 22.4);(113.5, 22.8);(113.5, 23.2);(113.5, 23.6);(113.91, 22.8);(113.91, 23.2)",True
59754,2015-07-14 14:00:00,73.8,SURF,True,EXTREME_TYPE1,256,5,5,"(109.82, 20.4);(109.82, 20.8);(110.23, 20.4);(110.23, 20.8);(110.64, 20.8)",True
59485,2015-07-16 16:00:00,60.7,SURF,True,EXTREME_TYPE1,2826,12,12,"(112.68, 22.4);(112.68, 22.8);(113.09, 22.0);(113.09, 22.4);(113.09, 22.8);(113.5, 22.0);(113.5, 22.4);(113.5, 22.8);(113.5, 23.2);(113.91, 22.0);(113.91, 22.4);(113.91, 22.8)",True
57996,2015-07-17 19:00:00,53.2,SURF,True,EXTREME_TYPE1,180,10,10,"(113.5, 25.2);(113.91, 24.8);(113.91, 25.2);(113.91, 25.6);(114.32, 24.4);(114.32, 24.8);(114.32, 25.2);(114.32, 25.6);(114.73, 24.8);(114.73, 25.2)",True
59287,2015-07-17 22:00:00,90.4,SURF,True,EXTREME_TYPE1,1798,9,9,"(113.09, 22.8);(113.09, 23.2);(113.09, 23.6);(113.5, 22.8);(113.5, 23.2);(113.5, 23.6);(113.91, 22.8);(113.91, 23.2);(113.91, 23.6)",True
59673,2015-07-20 19:00:00,29.2,SURF,True,EXTREME_TYPE1,130,8,8,"(112.27, 21.6);(112.27, 22.0);(112.68, 21.6);(112.68, 22.0);(112.68, 22.4);(113.09, 21.6);(113.09, 22.0);(113.5, 21.6)",True
59673,2015-07-21 03:00:00,62.2,SURF,True,EXTREME_TYPE1,125,8,8,"(112.27, 21.6);(112.27, 22.0);(112.68, 21.6);(112.68, 22.0);(112.68, 22.4);(113.09, 21.6);(113.09, 22.0);(113.5, 21.6)",True
59673,2015-07-21 04:00:00,61.2,SURF,True,EXTREME_TYPE1,125,8,8,"(112.27, 21.6);(112.27, 22.0);(112.68, 21.6);(112.68, 22.0);(112.68, 22.4);(113.09, 21.6);(113.09, 22.0);(113.5, 21.6)",True
59469,2015-07-21 12:00:00,2.5,SURF,True,EXTREME_TYPE1,1141,11,11,"(111.05, 22.0);(111.45, 21.6);(111.45, 22.0);(111.45, 22.4);(111.86, 21.6);(111.86, 22.0);(111.86, 22.4);(111.86, 22.8);(112.27, 21.6);(112.27, 22.0);(112.27, 22.4)",True
59456,2015-07-21 13:00:00,47.9,SURF,True,EXTREME_TYPE1,750,10,10,"(110.23, 22.4);(110.64, 22.0);(110.64, 22.4);(110.64, 22.8);(111.05, 22.0);(111.05, 22.4);(111.05, 22.8);(111.45, 22.0);(111.45, 22.4);(111.45, 22.8)",True
59456,2015-07-21 14:00:00,72.6,SURF,True,EXTREME_TYPE1,750,10,10,"(110.23, 22.4);(110.64, 22.0);(110.64, 22.4);(110.64, 22.8);(111.05, 22.0);(111.05, 22.4);(111.05, 22.8);(111.45, 22.0);(111.45, 22.4);(111.45, 22.8)",True
59312,2015-07-22 16:00:00,3.1,SURF,True,EXTREME_TYPE1,482,10,10,"(115.95, 23.6);(116.36, 23.2);(116.36, 23.6);(116.36, 24.0);(116.77, 23.2);(116.77, 23.6);(116.77, 24.0);(117.18, 23.2);(117.18, 23.6);(117.18, 24.0)",True
59284,2015-07-22 17:00:00,21.3,SURF,True,EXTREME_TYPE1,1797,12,12,"(112.68, 23.2);(112.68, 23.6);(113.09, 22.8);(113.09, 23.2);(113.09, 23.6);(113.09, 24.0);(113.5, 22.8);(113.5, 23.2);(113.5, 23.6);(113.5, 24.0);(113.91, 23.2);(113.91, 23.6)",True
59318,2015-07-23 04:00:00,16.7,SURF,True,EXTREME_TYPE1,517,12,12,"(115.95, 23.2);(115.95, 23.6);(116.36, 22.8);(116.36, 23.2);(116.36, 23.6);(116.36, 24.0);(116.77, 22.8);(116.77, 23.2);(116.77, 23.6);(116.77, 24.0);(117.18, 23.2);(117.18, 23.6)",True
59319,2015-07-23 11:00:00,60.4,SURF,True,EXTREME_TYPE1,480,11,10,"(115.95, 23.6);(116.36, 23.2);(116.36, 23.6);(116.77, 22.8);(116.77, 23.2);(116.77, 23.6);(116.77, 24.0);(117.18, 23.2);(117.18, 23.6);(117.18, 24.0)",True
59492,2015-07-23 12:00:00,50.8,SURF,True,EXTREME_TYPE1,708,11,11,"(114.32, 22.4);(114.32, 22.8);(114.32, 23.2);(114.32, 23.6);(114.73, 22.4);(114.73, 22.8);(114.73, 23.2);(114.73, 23.6);(115.14, 22.8);(115.14, 23.2);(115.14, 23.6)",True
59493,2015-07-24 13:00:00,9.3,SURF,True,EXTREME_TYPE1,1086,13,13,"(113.5, 22.0);(113.5, 22.4);(113.5, 22.8);(113.91, 22.0);(113.91, 22.4);(113.91, 22.8);(113.91, 23.2);(114.32, 22.0);(114.32, 22.4);(114.32, 22.8);(114.32, 23.2);(114.73, 22.4);(114.73, 22.8)",True
59500,2015-08-09 19:00:00,22.5,SURF,True,EXTREME_TYPE1,1056,12,12,"(114.73, 22.8);(114.73, 23.2);(115.14, 22.4);(115.14, 22.8);(115.14, 23.2);(115.14, 23.6);(115.55, 22.4);(115.55, 22.8);(115.55, 23.2);(115.55, 23.6);(115.95, 22.8);(115.95, 23.2)",True
59319,2015-08-11 00:00:00,8.8,SURF,True,EXTREME_TYPE1,483,11,11,"(115.95, 23.6);(116.36, 23.2);(116.36, 23.6);(116.36, 24.0);(116.77, 22.8);(116.77, 23.2);(116.77, 23.6);(116.77, 24.0);(117.18, 23.2);(117.18, 23.6);(117.18, 24.0)",True
59279,2015-08-12 21:00:00,92.3,SURF,True,EXTREME_TYPE1,2402,12,12,"(112.27, 22.8);(112.27, 23.2);(112.27, 23.6);(112.68, 22.8);(112.68, 23.2);(112.68, 23.6);(113.09, 22.8);(113.09, 23.2);(113.09, 23.6);(113.5, 22.8);(113.5, 23.2);(113.5, 23.6)",True
59312,2015-08-13 13:00:00,54.9,SURF,True,EXTREME_TYPE1,478,10,10,"(115.95, 23.6);(116.36, 23.2);(116.36, 23.6);(116.36, 24.0);(116.77, 23.2);(116.77, 23.6);(116.77, 24.0);(117.18, 23.2);(117.18, 23.6);(117.18, 24.0)",True
59480,2015-08-14 13:00:00,53.9,SURF,True,EXTREME_TYPE1,2830,10,10,"(112.68, 22.4);(112.68, 22.8);(112.68, 23.2);(113.09, 22.4);(113.09, 22.8);(113.09, 23.2);(113.5, 22.4);(113.5, 22.8);(113.5, 23.2);(113.91, 22.8)",True
59114,2015-08-14 17:00:00,64.3,SURF,True,EXTREME_TYPE1,256,10,10,"(115.55, 24.4);(115.55, 24.8);(115.95, 24.0);(115.95, 24.4);(115.95, 24.8);(116.36, 24.0);(116.36, 24.4);(116.36, 24.8);(116.77, 24.4);(116.77, 24.8)",True
59081,2015-08-14 19:00:00,6.9,SURF,True,EXTREME_TYPE1,573,12,12,"(112.68, 24.4);(112.68, 24.8);(112.68, 25.2);(113.09, 24.4);(113.09, 24.8);(113.09, 25.2);(113.5, 24.4);(113.5, 24.8);(113.5, 25.2);(113.91, 24.4);(113.91, 24.8);(113.91, 25.2)",True
59288,2015-08-14 19:00:00,5.0,SURF,True,EXTREME_TYPE1,2396,10,10,"(112.27, 23.2);(112.68, 22.8);(112.68, 23.2);(112.68, 23.6);(113.09, 22.8);(113.09, 23.2);(113.09, 23.6);(113.5, 22.8);(113.5, 23.2);(113.5, 23.6)",True
59106,2015-08-19 17:00:00,50.8,SURF,True,EXTREME_TYPE1,427,10,10,"(115.14, 24.4);(115.14, 24.8);(115.55, 24.0);(115.55, 24.4);(115.55, 24.8);(115.95, 24.0);(115.95, 24.4);(115.95, 24.8);(116.36, 24.4);(116.36, 24.8)",True
59306,2015-08-27 19:00:00,55.4,SURF,True,EXTREME_TYPE1,1255,12,12,"(115.14, 23.2);(115.14, 23.6);(115.55, 22.8);(115.55, 23.2);(115.55, 23.6);(115.55, 24.0);(115.95, 22.8);(115.95, 23.2);(115.95, 23.6);(115.95, 24.0);(116.36, 23.2);(116.36, 23.6)",True
59492,2015-08-30 14:00:00,92.3,SURF,True,EXTREME_TYPE1,708,11,10,"(114.32, 22.4);(114.32, 22.8);(114.32, 23.2);(114.73, 22.4);(114.73, 22.8);(114.73, 23.2);(114.73, 23.6);(115.14, 22.8);(115.14, 23.2);(115.14, 23.6)",True
59481,2015-08-30 15:00:00,5.6,SURF,True,EXTREME_TYPE1,2991,12,12,"(112.68, 22.8);(112.68, 23.2);(113.09, 22.4);(113.09, 22.8);(113.09, 23.2);(113.09, 23.6);(113.5, 22.4);(113.5, 22.8);(113.5, 23.2);(113.5, 23.6);(113.91, 22.8);(113.91, 23.2)",True
59304,2015-08-30 16:00:00,60.9,SURF,True,EXTREME_TYPE1,830,9,9,"(114.73, 23.2);(114.73, 23.6);(114.73, 24.0);(115.14, 23.2);(115.14, 23.6);(115.14, 24.0);(115.55, 23.2);(115.55, 23.6);(115.55, 24.0)",True
59276,2015-09-01 15:00:00,21.3,SURF,True,EXTREME_TYPE1,2281,10,10,"(112.27, 22.8);(112.27, 23.2);(112.27, 23.6);(112.68, 22.8);(112.68, 23.2);(112.68, 23.6);(112.68, 24.0);(113.09, 22.8);(113.09, 23.2);(113.09, 23.6)",True
59303,2015-09-01 16:00:00,6.0,SURF,True,EXTREME_TYPE1,1202,10,10,"(115.14, 23.6);(115.14, 24.0);(115.55, 23.6);(115.55, 24.0);(115.55, 24.4);(115.95, 23.6);(115.95, 24.0);(115.95, 24.4);(116.36, 23.6);(116.36, 24.0)",True
59655,2015-09-01 19:00:00,21.6,SURF,True,EXTREME_TYPE1,849,10,10,"(110.23, 21.2);(110.23, 21.6);(110.23, 22.0);(110.64, 21.2);(110.64, 21.6);(110.64, 22.0);(110.64, 22.4);(111.05, 21.2);(111.05, 21.6);(111.05, 22.0)",True
59278,2015-09-03 04:00:00,10.4,SURF,True,EXTREME_TYPE1,3198,12,12,"(111.86, 22.8);(111.86, 23.2);(112.27, 22.4);(112.27, 22.8);(112.27, 23.2);(112.27, 23.6);(112.68, 22.4);(112.68, 22.8);(112.68, 23.2);(112.68, 23.6);(113.09, 22.8);(113.09, 23.2)",True
59493,2015-09-21 05:00:00,60.8,SURF,True,EXTREME_TYPE1,1089,13,13,"(113.5, 22.0);(113.5, 22.4);(113.5, 22.8);(113.91, 22.0);(113.91, 22.4);(113.91, 22.8);(113.91, 23.2);(114.32, 22.0);(114.32, 22.4);(114.32, 22.8);(114.32, 23.2);(114.73, 22.4);(114.73, 22.8)",True
59493,2015-10-04 09:00:00,32.2,SURF,True,EXTREME_TYPE1,1086,13,13,"(113.5, 22.0);(113.5, 22.4);(113.5, 22.8);(113.91, 22.0);(113.91, 22.4);(113.91, 22.8);(113.91, 23.2);(114.32, 22.0);(114.32, 22.4);(114.32, 22.8);(114.32, 23.2);(114.73, 22.4);(114.73, 22.8)",True
59658,2015-10-04 14:00:00,81.2,SURF,True,EXTREME_TYPE1,409,10,10,"(109.82, 20.8);(109.82, 21.2);(109.82, 21.6);(110.23, 20.8);(110.23, 21.2);(110.23, 21.6);(110.64, 20.8);(110.64, 21.2);(110.64, 21.6);(111.05, 21.2)",True
59456,2015-10-05 02:00:00,26.9,SURF,True,EXTREME_TYPE1,748,10,10,"(110.23, 22.4);(110.64, 22.0);(110.64, 22.4);(110.64, 22.8);(111.05, 22.0);(111.05, 22.4);(111.05, 22.8);(111.45, 22.0);(111.45, 22.4);(111.45, 22.8)",True
59269,2015-10-05 04:00:00,9.3,SURF,True,EXTREME_TYPE1,1020,9,9,"(111.45, 22.8);(111.45, 23.2);(111.45, 23.6);(111.86, 22.8);(111.86, 23.2);(111.86, 23.6);(112.27, 22.8);(112.27, 23.2);(112.27, 23.6)",True
59288,2015-10-05 09:00:00,60.2,SURF,True,EXTREME_TYPE1,2415,10,10,"(112.27, 23.2);(112.68, 22.8);(112.68, 23.2);(112.68, 23.6);(113.09, 22.8);(113.09, 23.2);(113.09, 23.6);(113.5, 22.8);(113.5, 23.2);(113.5, 23.6)",True
59280,2015-10-05 13:00:00,59.2,SURF,True,EXTREME_TYPE1,1131,10,10,"(112.68, 23.2);(112.68, 23.6);(112.68, 24.0);(113.09, 23.2);(113.09, 23.6);(113.09, 24.0);(113.09, 24.4);(113.5, 23.2);(113.5, 23.6);(113.5, 24.0)",True
59087,2015-10-05 14:00:00,1.5,SURF,True,EXTREME_TYPE1,815,10,10,"(113.09, 23.6);(113.09, 24.0);(113.09, 24.4);(113.5, 23.2);(113.5, 23.6);(113.5, 24.0);(113.5, 24.4);(113.91, 23.6);(113.91, 24.0);(113.91, 24.4)",True
59476,2015-10-06 12:00:00,15.4,SURF,True,EXTREME_TYPE1,3571,11,11,"(112.27, 22.4);(112.68, 22.0);(112.68, 22.4);(112.68, 22.8);(113.09, 22.0);(113.09, 22.4);(113.09, 22.8);(113.09, 23.2);(113.5, 22.0);(113.5, 22.4);(113.5, 22.8)",True
59081,2015-10-06 16:00:00,1.2,SURF,True,EXTREME_TYPE1,560,12,12,"(112.68, 24.4);(112.68, 24.8);(112.68, 25.2);(113.09, 24.4);(113.09, 24.8);(113.09, 25.2);(113.5, 24.4);(113.5, 24.8);(113.5, 25.2);(113.91, 24.4);(113.91, 24.8);(113.91, 25.2)",True
59653,2015-10-06 16:00:00,64.3,SURF,True,EXTREME_TYPE1,757,11,11,"(110.23, 21.6);(110.23, 22.0);(110.64, 21.6);(110.64, 22.0);(110.64, 22.4);(111.05, 21.6);(111.05, 22.0);(111.05, 22.4);(111.45, 21.6);(111.45, 22.0);(111.45, 22.4)",True
59655,2015-10-06 16:00:00,60.6,SURF,True,EXTREME_TYPE1,824,10,10,"(110.23, 21.2);(110.23, 21.6);(110.23, 22.0);(110.64, 21.2);(110.64, 21.6);(110.64, 22.0);(110.64, 22.4);(111.05, 21.2);(111.05, 21.6);(111.05, 22.0)",True
59475,2015-10-07 02:00:00,22.1,SURF,True,EXTREME_TYPE1,3305,9,9,"(112.27, 22.0);(112.27, 22.4);(112.27, 22.8);(112.68, 22.0);(112.68, 22.4);(112.68, 22.8);(113.09, 22.0);(113.09, 22.4);(113.09, 22.8)",True
59663,2015-10-07 04:00:00,31.9,SURF,True,EXTREME_TYPE1,786,11,11,"(111.45, 21.6);(111.45, 22.0);(111.86, 21.2);(111.86, 21.6);(111.86, 22.0);(111.86, 22.4);(112.27, 21.6);(112.27, 22.0);(112.27, 22.4);(112.68, 21.6);(112.68, 22.0)",True
59279,2015-10-07 14:00:00,10.1,SURF,True,EXTREME_TYPE1,2428,12,12,"(112.27, 22.8);(112.27, 23.2);(112.27, 23.6);(112.68, 22.8);(112.68, 23.2);(112.68, 23.6);(113.09, 22.8);(113.09, 23.2);(113.09, 23.6);(113.5, 22.8);(113.5, 23.2);(113.5, 23.6)",True
59081,2015-11-01 07:00:00,4.4,SURF,True,EXTREME_TYPE1,558,12,12,"(112.68, 24.4);(112.68, 24.8);(112.68, 25.2);(113.09, 24.4);(113.09, 24.8);(113.09, 25.2);(113.5, 24.4);(113.5, 24.8);(113.5, 25.2);(113.91, 24.4);(113.91, 24.8);(113.91, 25.2)",True
G4507,2015-11-01 15:00:00,22.3,AWST,False,FALSE,192,12,0,,True
G4507,2015-11-01 17:00:00,191.2,AWST,False,FALSE,193,12,0,,True
59088,2015-11-10 07:00:00,2.8,SURF,True,EXTREME_TYPE1,830,12,12,"(112.68, 24.0);(112.68, 24.4);(113.09, 23.6);(113.09, 24.0);(113.09, 24.4);(113.09, 24.8);(113.5, 23.6);(113.5, 24.0);(113.5, 24.4);(113.5, 24.8);(113.91, 24.0);(113.91, 24.4)",True
59650,2015-11-13 00:00:00,59.7,SURF,True,EXTREME_TYPE1,719,11,8,"(109.82, 21.6);(109.82, 22.0);(110.23, 21.2);(110.23, 21.6);(110.23, 22.0);(110.64, 21.2);(110.64, 21.6);(110.64, 22.0)",True
59087,2015-11-13 09:00:00,6.0,SURF,True,EXTREME_TYPE1,835,10,10,"(113.09, 23.6);(113.09, 24.0);(113.09, 24.4);(113.5, 23.2);(113.5, 23.6);(113.5, 24.0);(113.5, 24.4);(113.91, 23.6);(113.91, 24.0);(113.91, 24.4)",True
59493,2015-11-13 16:00:00,3.1,SURF,True,EXTREME_TYPE1,1090,13,13,"(113.5, 22.0);(113.5, 22.4);(113.5, 22.8);(113.91, 22.0);(113.91, 22.4);(113.91, 22.8);(113.91, 23.2);(114.32, 22.0);(114.32, 22.4);(114.32, 22.8);(114.32, 23.2);(114.73, 22.4);(114.73, 22.8)",True
59754,2015-11-14 05:00:00,53.7,SURF,True,EXTREME_TYPE1,332,5,5,"(109.82, 20.4);(109.82, 20.8);(110.23, 20.4);(110.23, 20.8);(110.64, 20.8)",True
57988,2015-11-21 11:00:00,1.2,SURF,True,EXTREME_TYPE1,298,11,11,"(112.68, 24.8);(112.68, 25.2);(113.09, 24.8);(113.09, 25.2);(113.09, 25.6);(113.5, 24.8);(113.5, 25.2);(113.5, 25.6);(113.91, 24.8);(113.91, 25.2);(113.91, 25.6)",True
59290,2015-12-03 11:00:00,1.3,SURF,True,EXTREME_TYPE1,715,11,11,"(113.5, 23.6);(113.91, 23.2);(113.91, 23.6);(113.91, 24.0);(113.91, 24.4);(114.32, 23.2);(114.32, 23.6);(114.32, 24.0);(114.32, 24.4);(114.73, 23.6);(114.73, 24.0)",True
59477,2015-12-05 12:00:00,10.5,SURF,True,EXTREME_TYPE1,2699,10,10,"(111.86, 22.0);(111.86, 22.4);(111.86, 22.8);(112.27, 21.6);(112.27, 22.0);(112.27, 22.4);(112.27, 22.8);(112.68, 22.0);(112.68, 22.4);(112.68, 22.8)",True
59493,2015-12-05 14:00:00,1.7,SURF,True,EXTREME_TYPE1,1097,13,13,"(113.5, 22.0);(113.5, 22.4);(113.5, 22.8);(113.91, 22.0);(113.91, 22.4);(113.91, 22.8);(113.91, 23.2);(114.32, 22.0);(114.32, 22.4);(114.32, 22.8);(114.32, 23.2);(114.73, 22.4);(114.73, 22.8)",True
59082,2015-12-09 04:00:00,1.6,SURF,True,EXTREME_TYPE1,633,12,12,"(113.09, 24.4);(113.09, 24.8);(113.09, 25.2);(113.5, 24.0);(113.5, 24.4);(113.5, 24.8);(113.5, 25.2);(113.91, 24.4);(113.91, 24.8);(113.91, 25.2);(114.32, 24.4);(114.32, 24.8)",True
57989,2015-12-13 10:00:00,1.1,SURF,True,EXTREME_TYPE1,324,12,12,"(113.09, 24.8);(113.09, 25.2);(113.5, 24.4);(113.5, 24.8);(113.5, 25.2);(113.5, 25.6);(113.91, 24.4);(113.91, 24.8);(113.91, 25.2);(113.91, 25.6);(114.32, 24.8);(114.32, 25.2)",True
59324,2016-01-03 14:00:00,1.5,SURF,True,EXTREME_TYPE1,154,10,10,"(116.36, 23.2);(116.36, 23.6);(116.77, 22.8);(116.77, 23.2);(116.77, 23.6);(116.77, 24.0);(117.18, 23.2);(117.18, 23.6);(117.18, 24.0);(117.59, 23.6)",True
59480,2016-01-05 10:00:00,13.6,SURF,True,EXTREME_TYPE1,2838,10,10,"(112.68, 22.4);(112.68, 22.8);(112.68, 23.2);(113.09, 22.4);(113.09, 22.8);(113.09, 23.2);(113.5, 22.4);(113.5, 22.8);(113.5, 23.2);(113.91, 22.8)",True
59289,2016-01-05 14:00:00,17.7,SURF,True,EXTREME_TYPE1,1823,12,12,"(113.09, 22.8);(113.09, 23.2);(113.5, 22.4);(113.5, 22.8);(113.5, 23.2);(113.5, 23.6);(113.91, 22.4);(113.91, 22.8);(113.91, 23.2);(113.91, 23.6);(114.32, 22.8);(114.32, 23.2)",True
59304,2016-01-05 17:00:00,5.4,SURF,True,EXTREME_TYPE1,848,9,9,"(114.73, 23.2);(114.73, 23.6);(114.73, 24.0);(115.14, 23.2);(115.14, 23.6);(115.14, 24.0);(115.55, 23.2);(115.55, 23.6);(115.55, 24.0)",True
59469,2016-01-22 10:00:00,16.5,SURF,True,EXTREME_TYPE1,1237,11,11,"(111.05, 22.0);(111.45, 21.6);(111.45, 22.0);(111.45, 22.4);(111.86, 21.6);(111.86, 22.0);(111.86, 22.4);(111.86, 22.8);(112.27, 21.6);(112.27, 22.0);(112.27, 22.4)",True
59289,2016-01-26 19:00:00,1.5,SURF,True,EXTREME_TYPE1,1827,12,12,"(113.09, 22.8);(113.09, 23.2);(113.5, 22.4);(113.5, 22.8);(113.5, 23.2);(113.5, 23.6);(113.91, 22.4);(113.91, 22.8);(113.91, 23.2);(113.91, 23.6);(114.32, 22.8);(114.32, 23.2)",True
59318,2016-01-27 12:00:00,1.1,SURF,True,EXTREME_TYPE1,538,12,12,"(115.95, 23.2);(115.95, 23.6);(116.36, 22.8);(116.36, 23.2);(116.36, 23.6);(116.36, 24.0);(116.77, 22.8);(116.77, 23.2);(116.77, 23.6);(116.77, 24.0);(117.18, 23.2);(117.18, 23.6)",True
59656,2016-01-28 04:00:00,32.8,SURF,True,EXTREME_TYPE1,596,11,11,"(110.23, 21.2);(110.23, 21.6);(110.64, 20.8);(110.64, 21.2);(110.64, 21.6);(110.64, 22.0);(111.05, 21.2);(111.05, 21.6);(111.05, 22.0);(111.45, 21.2);(111.45, 21.6)",True
59654,2016-01-28 11:00:00,13.5,SURF,True,EXTREME_TYPE1,747,10,10,"(109.82, 21.2);(109.82, 21.6);(109.82, 22.0);(110.23, 21.2);(110.23, 21.6);(110.23, 22.0);(110.64, 21.2);(110.64, 21.6);(110.64, 22.0);(111.05, 21.6)",True
59653,2016-01-28 12:00:00,18.2,SURF,True,EXTREME_TYPE1,820,11,11,"(110.23, 21.6);(110.23, 22.0);(110.64, 21.6);(110.64, 22.0);(110.64, 22.4);(111.05, 21.6);(111.05, 22.0);(111.05, 22.4);(111.45, 21.6);(111.45, 22.0);(111.45, 22.4)",True
59475,2016-01-28 21:00:00,7.1,SURF,True,EXTREME_TYPE1,3392,9,9,"(112.27, 22.0);(112.27, 22.4);(112.27, 22.8);(112.68, 22.0);(112.68, 22.4);(112.68, 22.8);(113.09, 22.0);(113.09, 22.4);(113.09, 22.8)",True
59285,2016-01-28 22:00:00,8.5,SURF,True,EXTREME_TYPE1,1195,10,10,"(113.09, 23.2);(113.09, 23.6);(113.09, 24.0);(113.5, 23.2);(113.5, 23.6);(113.5, 24.0);(113.91, 23.2);(113.91, 23.6);(113.91, 24.0);(114.32, 23.6)",True
59312,2016-02-01 11:00:00,3.1,SURF,True,EXTREME_TYPE1,486,10,10,"(115.95, 23.6);(116.36, 23.2);(116.36, 23.6);(116.36, 24.0);(116.77, 23.2);(116.77, 23.6);(116.77, 24.0);(117.18, 23.2);(117.18, 23.6);(117.18, 24.0)",True
59289,2016-03-09 12:00:00,10.7,SURF,True,EXTREME_TYPE1,1816,12,12,"(113.09, 22.8);(113.09, 23.2);(113.5, 22.4);(113.5, 22.8);(113.5, 23.2);(113.5, 23.6);(113.91, 22.4);(113.91, 22.8);(113.91, 23.2);(113.91, 23.6);(114.32, 22.8);(114.32, 23.2)",True
59319,2016-03-13 04:00:00,1.3,SURF,True,EXTREME_TYPE1,494,11,11,"(115.95, 23.6);(116.36, 23.2);(116.36, 23.6);(116.36, 24.0);(116.77, 22.8);(116.77, 23.2);(116.77, 23.6);(116.77, 24.0);(117.18, 23.2);(117.18, 23.6);(117.18, 24.0)",True
59475,2016-03-19 18:00:00,6.0,SURF,True,EXTREME_TYPE1,3345,9,9,"(112.27, 22.0);(112.27, 22.4);(112.27, 22.8);(112.68, 22.0);(112.68, 22.4);(112.68, 22.8);(113.09, 22.0);(113.09, 22.4);(113.09, 22.8)",True
59297,2016-03-21 04:00:00,22.7,SURF,True,EXTREME_TYPE1,788,10,10,"(113.5, 23.2);(113.91, 22.8);(113.91, 23.2);(113.91, 23.6);(114.32, 22.8);(114.32, 23.2);(114.32, 23.6);(114.73, 22.8);(114.73, 23.2);(114.73, 23.6)",True
59663,2016-03-21 17:00:00,6.1,SURF,True,EXTREME_TYPE1,904,11,11,"(111.45, 21.6);(111.45, 22.0);(111.86, 21.2);(111.86, 21.6);(111.86, 22.0);(111.86, 22.4);(112.27, 21.6);(112.27, 22.0);(112.27, 22.4);(112.68, 21.6);(112.68, 22.0)",True
59485,2016-03-24 07:00:00,4.7,SURF,True,EXTREME_TYPE1,2801,12,12,"(112.68, 22.4);(112.68, 22.8);(113.09, 22.0);(113.09, 22.4);(113.09, 22.8);(113.5, 22.0);(113.5, 22.4);(113.5, 22.8);(113.5, 23.2);(113.91, 22.0);(113.91, 22.4);(113.91, 22.8)",True
59293,2016-04-04 12:00:00,5.0,SURF,True,EXTREME_TYPE1,543,11,11,"(114.32, 23.2);(114.32, 23.6);(114.32, 24.0);(114.73, 23.2);(114.73, 23.6);(114.73, 24.0);(114.73, 24.4);(115.14, 23.2);(115.14, 23.6);(115.14, 24.0);(115.14, 24.4)",True
59473,2016-04-10 09:00:00,17.2,SURF,True,EXTREME_TYPE1,3403,10,10,"(112.27, 22.8);(112.68, 22.4);(112.68, 22.8);(112.68, 23.2);(113.09, 22.4);(113.09, 22.8);(113.09, 23.2);(113.5, 22.4);(113.5, 22.8);(113.5, 23.2)",True
59501,2016-04-10 11:00:00,53.0,SURF,True,EXTREME_TYPE1,1075,12,12,"(114.73, 22.4);(114.73, 22.8);(114.73, 23.2);(115.14, 22.4);(115.14, 22.8);(115.14, 23.2);(115.55, 22.4);(115.55, 22.8);(115.55, 23.2);(115.95, 22.4);(115.95, 22.8);(115.95, 23.2)",True
59298,2016-04-10 15:00:00,3.0,SURF,True,EXTREME_TYPE1,841,11,11,"(113.91, 22.8);(113.91, 23.2);(113.91, 23.6);(114.32, 22.4);(114.32, 22.8);(114.32, 23.2);(114.32, 23.6);(114.73, 22.8);(114.73, 23.2);(114.73, 23.6);(115.14, 23.2)",True
59473,2016-04-13 06:00:00,18.0,SURF,True,EXTREME_TYPE1,3389,10,10,"(112.27, 22.8);(112.68, 22.4);(112.68, 22.8);(112.68, 23.2);(113.09, 22.4);(113.09, 22.8);(113.09, 23.2);(113.5, 22.4);(113.5, 22.8);(113.5, 23.2)",True
59072,2016-04-14 08:00:00,16.0,SURF,True,EXTREME_TYPE1,770,9,9,"(111.86, 24.4);(111.86, 24.8);(112.27, 24.4);(112.27, 24.8);(112.27, 25.2);(112.68, 24.4);(112.68, 24.8);(112.68, 25.2);(113.09, 24.8)",True
59099,2016-04-15 10:00:00,50.7,SURF,True,EXTREME_TYPE1,441,10,10,"(114.32, 24.4);(114.32, 24.8);(114.73, 24.0);(114.73, 24.4);(114.73, 24.8);(115.14, 24.0);(115.14, 24.4);(115.14, 24.8);(115.55, 24.4);(115.55, 24.8)",True
59293,2016-04-15 11:00:00,20.1,SURF,True,EXTREME_TYPE1,545,11,11,"(114.32, 23.2);(114.32, 23.6);(114.32, 24.0);(114.73, 23.2);(114.73, 23.6);(114.73, 24.0);(114.73, 24.4);(115.14, 23.2);(115.14, 23.6);(115.14, 24.0);(115.14, 24.4)",True
59099,2016-04-18 01:00:00,5.7,SURF,True,EXTREME_TYPE1,447,10,10,"(114.32, 24.4);(114.32, 24.8);(114.73, 24.0);(114.73, 24.4);(114.73, 24.8);(115.14, 24.0);(115.14, 24.4);(115.14, 24.8);(115.55, 24.4);(115.55, 24.8)",True
59654,2016-04-20 12:00:00,18.6,SURF,True,EXTREME_TYPE1,764,10,10,"(109.82, 21.2);(109.82, 21.6);(109.82, 22.0);(110.23, 21.2);(110.23, 21.6);(110.23, 22.0);(110.64, 21.2);(110.64, 21.6);(110.64, 22.0);(111.05, 21.6)",True
59269,2016-04-20 13:00:00,6.5,SURF,True,EXTREME_TYPE1,1015,9,9,"(111.45, 22.8);(111.45, 23.2);(111.45, 23.6);(111.86, 22.8);(111.86, 23.2);(111.86, 23.6);(112.27, 22.8);(112.27, 23.2);(112.27, 23.6)",True
59469,2016-04-20 15:00:00,54.4,SURF,True,EXTREME_TYPE1,1224,11,11,"(111.05, 22.0);(111.45, 21.6);(111.45, 22.0);(111.45, 22.4);(111.86, 21.6);(111.86, 22.0);(111.86, 22.4);(111.86, 22.8);(112.27, 21.6);(112.27, 22.0);(112.27, 22.4)",True
59318,2016-04-23 19:00:00,53.9,SURF,True,EXTREME_TYPE1,536,12,12,"(115.95, 23.2);(115.95, 23.6);(116.36, 22.8);(116.36, 23.2);(116.36, 23.6);(116.36, 24.0);(116.77, 22.8);(116.77, 23.2);(116.77, 23.6);(116.77, 24.0);(117.18, 23.2);(117.18, 23.6)",True
59106,2016-04-25 21:00:00,18.8,SURF,True,EXTREME_TYPE1,429,10,10,"(115.14, 24.4);(115.14, 24.8);(115.55, 24.0);(115.55, 24.4);(115.55, 24.8);(115.95, 24.0);(115.95, 24.4);(115.95, 24.8);(116.36, 24.4);(116.36, 24.8)",True
59270,2016-04-26 15:00:00,26.5,SURF,True,EXTREME_TYPE1,727,10,10,"(111.45, 24.0);(111.86, 23.6);(111.86, 24.0);(111.86, 24.4);(112.27, 23.6);(112.27, 24.0);(112.27, 24.4);(112.68, 23.6);(112.68, 24.0);(112.68, 24.4)",True
59099,2016-04-26 18:00:00,11.4,SURF,True,EXTREME_TYPE1,428,10,10,"(114.32, 24.4);(114.32, 24.8);(114.73, 24.0);(114.73, 24.4);(114.73, 24.8);(115.14, 24.0);(115.14, 24.4);(115.14, 24.8);(115.55, 24.4);(115.55, 24.8)",True
59107,2016-04-26 20:00:00,3.0,SURF,True,EXTREME_TYPE1,784,12,12,"(114.73, 23.6);(114.73, 24.0);(114.73, 24.4);(115.14, 23.6);(115.14, 24.0);(115.14, 24.4);(115.14, 24.8);(115.55, 23.6);(115.55, 24.0);(115.55, 24.4);(115.95, 24.0);(115.95, 24.4)",True
59478,2016-04-27 22:00:00,21.4,SURF,True,EXTREME_TYPE1,2303,12,12,"(112.27, 22.0);(112.27, 22.4);(112.68, 21.6);(112.68, 22.0);(112.68, 22.4);(112.68, 22.8);(113.09, 21.6);(113.09, 22.0);(113.09, 22.4);(113.09, 22.8);(113.5, 22.0);(113.5, 22.4)",True
59107,2016-05-01 01:00:00,13.4,SURF,True,EXTREME_TYPE1,745,12,12,"(114.73, 23.6);(114.73, 24.0);(114.73, 24.4);(115.14, 23.6);(115.14, 24.0);(115.14, 24.4);(115.14, 24.8);(115.55, 23.6);(115.55, 24.0);(115.55, 24.4);(115.95, 24.0);(115.95, 24.4)",True
59658,2016-05-03 16:00:00,46.8,SURF,True,EXTREME_TYPE1,479,10,9,"(109.82, 20.8);(109.82, 21.2);(109.82, 21.6);(110.23, 20.8);(110.23, 21.2);(110.23, 21.6);(110.64, 20.8);(110.64, 21.2);(110.64, 21.6)",True
59487,2016-05-03 19:00:00,56.0,SURF,True,EXTREME_TYPE1,1788,12,12,"(112.68, 22.0);(112.68, 22.4);(113.09, 21.6);(113.09, 22.0);(113.09, 22.4);(113.09, 22.8);(113.5, 21.6);(113.5, 22.0);(113.5, 22.4);(113.5, 22.8);(113.91, 22.0);(113.91, 22.4)",True
59280,2016-05-04 22:00:00,39.4,SURF,True,EXTREME_TYPE1,1169,10,10,"(112.68, 23.2);(112.68, 23.6);(112.68, 24.0);(113.09, 23.2);(113.09, 23.6);(113.09, 24.0);(113.09, 24.4);(113.5, 23.2);(113.5, 23.6);(113.5, 24.0)",True
59094,2016-05-06 17:00:00,15.9,SURF,True,EXTREME_TYPE1,445,12,12,"(113.5, 24.0);(113.5, 24.4);(113.5, 24.8);(113.91, 24.0);(113.91, 24.4);(113.91, 24.8);(114.32, 24.0);(114.32, 24.4);(114.32, 24.8);(114.73, 24.0);(114.73, 24.4);(114.73, 24.8)",True
59298,2016-05-06 21:00:00,8.8,SURF,True,EXTREME_TYPE1,851,11,11,"(113.91, 22.8);(113.91, 23.2);(113.91, 23.6);(114.32, 22.4);(114.32, 22.8);(114.32, 23.2);(114.32, 23.6);(114.73, 22.8);(114.73, 23.2);(114.73, 23.6);(115.14, 23.2)",True
59493,2016-05-10 07:00:00,57.8,SURF,True,EXTREME_TYPE1,1099,13,13,"(113.5, 22.0);(113.5, 22.4);(113.5, 22.8);(113.91, 22.0);(113.91, 22.4);(113.91, 22.8);(113.91, 23.2);(114.32, 22.0);(114.32, 22.4);(114.32, 22.8);(114.32, 23.2);(114.73, 22.4);(114.73, 22.8)",True
59294,2016-05-10 09:00:00,5.2,SURF,True,EXTREME_TYPE1,1190,11,11,"(113.09, 23.2);(113.5, 22.8);(113.5, 23.2);(113.5, 23.6);(113.91, 22.8);(113.91, 23.2);(113.91, 23.6);(113.91, 24.0);(114.32, 22.8);(114.32, 23.2);(114.32, 23.6)",True
59289,2016-05-10 15:00:00,4.9,SURF,True,EXTREME_TYPE1,1815,12,12,"(113.09, 22.8);(113.09, 23.2);(113.5, 22.4);(113.5, 22.8);(113.5, 23.2);(113.5, 23.6);(113.91, 22.4);(113.91, 22.8);(113.91, 23.2);(113.91, 23.6);(114.32, 22.8);(114.32, 23.2)",True
G6551,2016-05-11 01:00:00,4.1,AWST,False,EXTREME_TYPE5,3429,11,1,"(112.68, 22.4)",True
G6551,2016-05-11 09:00:00,2.6,AWST,False,FALSE,3435,11,0,,True
G6551,2016-05-11 15:00:00,12.7,AWST,False,FALSE,3433,11,0,,True
G6551,2016-05-11 16:00:00,7.1,AWST,False,FALSE,3436,11,0,,True
59074,2016-05-14 09:00:00,4.3,SURF,True,EXTREME_TYPE1,676,9,9,"(111.86, 24.0);(111.86, 24.4);(111.86, 24.8);(112.27, 24.0);(112.27, 24.4);(112.27, 24.8);(112.27, 25.2);(112.68, 24.4);(112.68, 24.8)",True
59288,2016-05-15 18:00:00,31.2,SURF,True,EXTREME_TYPE1,2446,10,10,"(112.27, 23.2);(112.68, 22.8);(112.68, 23.2);(112.68, 23.6);(113.09, 22.8);(113.09, 23.2);(113.09, 23.6);(113.5, 22.8);(113.5, 23.2);(113.5, 23.6)",True
59107,2016-05-15 20:00:00,1.6,SURF,True,EXTREME_TYPE1,782,12,12,"(114.73, 23.6);(114.73, 24.0);(114.73, 24.4);(115.14, 23.6);(115.14, 24.0);(115.14, 24.4);(115.14, 24.8);(115.55, 23.6);(115.55, 24.0);(115.55, 24.4);(115.95, 24.0);(115.95, 24.4)",True
59673,2016-05-19 10:00:00,13.0,SURF,True,EXTREME_TYPE1,147,8,4,"(112.27, 21.6);(112.27, 22.0);(112.68, 21.6);(112.68, 22.0)",True
59663,2016-05-20 17:00:00,53.5,SURF,True,EXTREME_TYPE1,936,11,11,"(111.45, 21.6);(111.45, 22.0);(111.86, 21.2);(111.86, 21.6);(111.86, 22.0);(111.86, 22.4);(112.27, 21.6);(112.27, 22.0);(112.27, 22.4);(112.68, 21.6);(112.68, 22.0)",True
59500,2016-05-21 15:00:00,21.6,SURF,True,EXTREME_TYPE1,1078,12,12,"(114.73, 22.8);(114.73, 23.2);(115.14, 22.4);(115.14, 22.8);(115.14, 23.2);(115.14, 23.6);(115.55, 22.4);(115.55, 22.8);(115.55, 23.2);(115.55, 23.6);(115.95, 22.8);(115.95, 23.2)",True
G1222,2016-05-22 22:00:00,29.8,AWST,False,FALSE,1814,9,0,,True
G1222,2016-05-23 00:00:00,35.3,AWST,False,FALSE,1816,9,0,,True
G1222,2016-05-23 01:00:00,194.1,AWST,False,FALSE,1817,9,0,,True
G1222,2016-05-23 03:00:00,123.3,AWST,False,FALSE,1816,9,0,,True
G1222,2016-05-23 09:00:00,2.3,AWST,False,FALSE,1802,9,0,,True
59116,2016-05-23 22:00:00,11.4,SURF,True,EXTREME_TYPE1,248,9,9,"(115.95, 24.4);(116.36, 24.0);(116.36, 24.4);(116.36, 24.8);(116.77, 24.0);(116.77, 24.4);(116.77, 24.8);(117.18, 24.0);(117.18, 24.4)",True
59289,2016-05-28 06:00:00,40.3,SURF,True,EXTREME_TYPE1,1847,12,12,"(113.09, 22.8);(113.09, 23.2);(113.5, 22.4);(113.5, 22.8);(113.5, 23.2);(113.5, 23.6);(113.91, 22.4);(113.91, 22.8);(113.91, 23.2);(113.91, 23.6);(114.32, 22.8);(114.32, 23.2)",True
59276,2016-06-04 13:00:00,2.3,SURF,True,EXTREME_TYPE1,2328,10,10,"(112.27, 22.8);(112.27, 23.2);(112.27, 23.6);(112.68, 22.8);(112.68, 23.2);(112.68, 23.6);(112.68, 24.0);(113.09, 22.8);(113.09, 23.2);(113.09, 23.6)",True
59312,2016-06-06 04:00:00,52.4,SURF,True,EXTREME_TYPE1,483,10,10,"(115.95, 23.6);(116.36, 23.2);(116.36, 23.6);(116.36, 24.0);(116.77, 23.2);(116.77, 23.6);(116.77, 24.0);(117.18, 23.2);(117.18, 23.6);(117.18, 24.0)",True
59487,2016-06-07 16:00:00,36.0,SURF,True,EXTREME_TYPE1,1796,12,12,"(112.68, 22.0);(112.68, 22.4);(113.09, 21.6);(113.09, 22.0);(113.09, 22.4);(113.09, 22.8);(113.5, 21.6);(113.5, 22.0);(113.5, 22.4);(113.5, 22.8);(113.91, 22.0);(113.91, 22.4)",True
59658,2016-06-07 16:00:00,33.8,SURF,True,EXTREME_TYPE1,436,10,10,"(109.82, 20.8);(109.82, 21.2);(109.82, 21.6);(110.23, 20.8);(110.23, 21.2);(110.23, 21.6);(110.64, 20.8);(110.64, 21.2);(110.64, 21.6);(111.05, 21.2)",True
59480,2016-06-07 17:00:00,54.0,SURF,True,EXTREME_TYPE1,2829,10,10,"(112.68, 22.4);(112.68, 22.8);(112.68, 23.2);(113.09, 22.4);(113.09, 22.8);(113.09, 23.2);(113.5, 22.4);(113.5, 22.8);(113.5, 23.2);(113.91, 22.8)",True
59456,2016-06-07 20:00:00,50.7,SURF,True,EXTREME_TYPE1,679,10,10,"(110.23, 22.4);(110.64, 22.0);(110.64, 22.4);(110.64, 22.8);(111.05, 22.0);(111.05, 22.4);(111.05, 22.8);(111.45, 22.0);(111.45, 22.4);(111.45, 22.8)",True
59287,2016-06-08 06:00:00,51.5,SURF,True,EXTREME_TYPE1,1718,9,9,"(113.09, 22.8);(113.09, 23.2);(113.09, 23.6);(113.5, 22.8);(113.5, 23.2);(113.5, 23.6);(113.91, 22.8);(113.91, 23.2);(113.91, 23.6)",True
59297,2016-06-08 09:00:00,5.1,SURF,True,EXTREME_TYPE1,782,10,10,"(113.5, 23.2);(113.91, 22.8);(113.91, 23.2);(113.91, 23.6);(114.32, 22.8);(114.32, 23.2);(114.32, 23.6);(114.73, 22.8);(114.73, 23.2);(114.73, 23.6)",True
59315,2016-06-08 15:00:00,70.2,SURF,True,EXTREME_TYPE1,531,10,10,"(115.95, 23.2);(115.95, 23.6);(115.95, 24.0);(116.36, 23.2);(116.36, 23.6);(116.36, 24.0);(116.77, 23.2);(116.77, 23.6);(116.77, 24.0);(117.18, 23.6)",True
59500,2016-06-08 20:00:00,12.5,SURF,True,EXTREME_TYPE1,1062,12,12,"(114.73, 22.8);(114.73, 23.2);(115.14, 22.4);(115.14, 22.8);(115.14, 23.2);(115.14, 23.6);(115.55, 22.4);(115.55, 22.8);(115.55, 23.2);(115.55, 23.6);(115.95, 22.8);(115.95, 23.2)",True
59500,2016-06-08 21:00:00,53.0,SURF,True,EXTREME_TYPE1,1067,12,12,"(114.73, 22.8);(114.73, 23.2);(115.14, 22.4);(115.14, 22.8);(115.14, 23.2);(115.14, 23.6);(115.55, 22.4);(115.55, 22.8);(115.55, 23.2);(115.55, 23.6);(115.95, 22.8);(115.95, 23.2)",True
59290,2016-06-09 03:00:00,50.9,SURF,True,EXTREME_TYPE1,703,11,11,"(113.5, 23.6);(113.91, 23.2);(113.91, 23.6);(113.91, 24.0);(113.91, 24.4);(114.32, 23.2);(114.32, 23.6);(114.32, 24.0);(114.32, 24.4);(114.73, 23.6);(114.73, 24.0)",True
59500,2016-06-11 01:00:00,7.0,SURF,True,EXTREME_TYPE1,1079,12,12,"(114.73, 22.8);(114.73, 23.2);(115.14, 22.4);(115.14, 22.8);(115.14, 23.2);(115.14, 23.6);(115.55, 22.4);(115.55, 22.8);(115.55, 23.2);(115.55, 23.6);(115.95, 22.8);(115.95, 23.2)",True
59501,2016-06-12 02:00:00,23.1,SURF,True,EXTREME_TYPE1,1070,12,12,"(114.73, 22.4);(114.73, 22.8);(114.73, 23.2);(115.14, 22.4);(115.14, 22.8);(115.14, 23.2);(115.55, 22.4);(115.55, 22.8);(115.55, 23.2);(115.95, 22.4);(115.95, 22.8);(115.95, 23.2)",True
59287,2016-06-13 03:00:00,22.6,SURF,True,EXTREME_TYPE1,1832,9,9,"(113.09, 22.8);(113.09, 23.2);(113.09, 23.6);(113.5, 22.8);(113.5, 23.2);(113.5, 23.6);(113.91, 22.8);(113.91, 23.2);(113.91, 23.6)",True
59502,2016-06-13 06:00:00,40.0,SURF,True,EXTREME_TYPE1,1022,12,12,"(115.14, 22.8);(115.14, 23.2);(115.55, 22.4);(115.55, 22.8);(115.55, 23.2);(115.55, 23.6);(115.95, 22.4);(115.95, 22.8);(115.95, 23.2);(115.95, 23.6);(116.36, 22.8);(116.36, 23.2)",True
59493,2016-06-17 07:00:00,11.7,SURF,True,EXTREME_TYPE1,1112,13,13,"(113.5, 22.0);(113.5, 22.4);(113.5, 22.8);(113.91, 22.0);(113.91, 22.4);(113.91, 22.8);(113.91, 23.2);(114.32, 22.0);(114.32, 22.4);(114.32, 22.8);(114.32, 23.2);(114.73, 22.4);(114.73, 22.8)",True
59269,2016-06-17 17:00:00,5.5,SURF,True,EXTREME_TYPE1,997,9,9,"(111.45, 22.8);(111.45, 23.2);(111.45, 23.6);(111.86, 22.8);(111.86, 23.2);(111.86, 23.6);(112.27, 22.8);(112.27, 23.2);(112.27, 23.6)",True
59487,2016-06-28 08:00:00,29.7,SURF,True,EXTREME_TYPE1,1813,12,12,"(112.68, 22.0);(112.68, 22.4);(113.09, 21.6);(113.09, 22.0);(113.09, 22.4);(113.09, 22.8);(113.5, 21.6);(113.5, 22.0);(113.5, 22.4);(113.5, 22.8);(113.91, 22.0);(113.91, 22.4)",True
59653,2016-06-30 21:00:00,12.3,SURF,True,EXTREME_TYPE1,783,11,11,"(110.23, 21.6);(110.23, 22.0);(110.64, 21.6);(110.64, 22.0);(110.64, 22.4);(111.05, 21.6);(111.05, 22.0);(111.05, 22.4);(111.45, 21.6);(111.45, 22.0);(111.45, 22.4)",True
59477,2016-07-01 11:00:00,21.7,SURF,True,EXTREME_TYPE1,2836,10,10,"(111.86, 22.0);(111.86, 22.4);(111.86, 22.8);(112.27, 21.6);(112.27, 22.0);(112.27, 22.4);(112.27, 22.8);(112.68, 22.0);(112.68, 22.4);(112.68, 22.8)",True
59654,2016-07-01 18:00:00,23.3,SURF,True,EXTREME_TYPE1,742,10,10,"(109.82, 21.2);(109.82, 21.6);(109.82, 22.0);(110.23, 21.2);(110.23, 21.6);(110.23, 22.0);(110.64, 21.2);(110.64, 21.6);(110.64, 22.0);(111.05, 21.6)",True
59485,2016-07-04 21:00:00,1.0,SURF,True,EXTREME_TYPE1,2889,12,12,"(112.68, 22.4);(112.68, 22.8);(113.09, 22.0);(113.09, 22.4);(113.09, 22.8);(113.5, 22.0);(113.5, 22.4);(113.5, 22.8);(113.5, 23.2);(113.91, 22.0);(113.91, 22.4);(113.91, 22.8)",True
59654,2016-07-05 11:00:00,54.5,SURF,True,EXTREME_TYPE1,738,10,10,"(109.82, 21.2);(109.82, 21.6);(109.82, 22.0);(110.23, 21.2);(110.23, 21.6);(110.23, 22.0);(110.64, 21.2);(110.64, 21.6);(110.64, 22.0);(111.05, 21.6)",True
59074,2016-07-10 16:00:00,18.1,SURF,True,EXTREME_TYPE1,689,9,9,"(111.86, 24.0);(111.86, 24.4);(111.86, 24.8);(112.27, 24.0);(112.27, 24.4);(112.27, 24.8);(112.27, 25.2);(112.68, 24.4);(112.68, 24.8)",True
59487,2016-07-11 17:00:00,55.8,SURF,True,EXTREME_TYPE1,1805,12,12,"(112.68, 22.0);(112.68, 22.4);(113.09, 21.6);(113.09, 22.0);(113.09, 22.4);(113.09, 22.8);(113.5, 21.6);(113.5, 22.0);(113.5, 22.4);(113.5, 22.8);(113.91, 22.0);(113.91, 22.4)",True
59475,2016-07-13 06:00:00,28.1,SURF,True,EXTREME_TYPE1,3513,9,9,"(112.27, 22.0);(112.27, 22.4);(112.27, 22.8);(112.68, 22.0);(112.68, 22.4);(112.68, 22.8);(113.09, 22.0);(113.09, 22.4);(113.09, 22.8)",True
59480,2016-07-14 14:00:00,11.9,SURF,True,EXTREME_TYPE1,2869,10,10,"(112.68, 22.4);(112.68, 22.8);(112.68, 23.2);(113.09, 22.4);(113.09, 22.8);(113.09, 23.2);(113.5, 22.4);(113.5, 22.8);(113.5, 23.2);(113.91, 22.8)",True
59278,2016-07-30 19:00:00,23.9,SURF,True,EXTREME_TYPE1,3351,12,12,"(111.86, 22.8);(111.86, 23.2);(112.27, 22.4);(112.27, 22.8);(112.27, 23.2);(112.27, 23.6);(112.68, 22.4);(112.68, 22.8);(112.68, 23.2);(112.68, 23.6);(113.09, 22.8);(113.09, 23.2)",True
59478,2016-08-01 20:00:00,26.1,SURF,True,EXTREME_TYPE1,2354,12,12,"(112.27, 22.0);(112.27, 22.4);(112.68, 21.6);(112.68, 22.0);(112.68, 22.4);(112.68, 22.8);(113.09, 21.6);(113.09, 22.0);(113.09, 22.4);(113.09, 22.8);(113.5, 22.0);(113.5, 22.4)",True
59278,2016-08-02 05:00:00,1.6,SURF,True,EXTREME_TYPE1,3373,12,12,"(111.86, 22.8);(111.86, 23.2);(112.27, 22.4);(112.27, 22.8);(112.27, 23.2);(112.27, 23.6);(112.68, 22.4);(112.68, 22.8);(112.68, 23.2);(112.68, 23.6);(113.09, 22.8);(113.09, 23.2)",True
59289,2016-08-02 07:00:00,21.4,SURF,True,EXTREME_TYPE1,1797,12,12,"(113.09, 22.8);(113.09, 23.2);(113.5, 22.4);(113.5, 22.8);(113.5, 23.2);(113.5, 23.6);(113.91, 22.4);(113.91, 22.8);(113.91, 23.2);(113.91, 23.6);(114.32, 22.8);(114.32, 23.2)",True
59476,2016-08-02 07:00:00,21.7,SURF,True,EXTREME_TYPE1,3755,11,11,"(112.27, 22.4);(112.68, 22.0);(112.68, 22.4);(112.68, 22.8);(113.09, 22.0);(113.09, 22.4);(113.09, 22.8);(113.09, 23.2);(113.5, 22.0);(113.5, 22.4);(113.5, 22.8)",True
59750,2016-08-02 08:00:00,64.7,SURF,True,EXTREME_TYPE1,591,11,11,"(109.41, 21.2);(109.82, 20.4);(109.82, 20.8);(109.82, 21.2);(109.82, 21.6);(110.23, 20.4);(110.23, 20.8);(110.23, 21.2);(110.23, 21.6);(110.64, 20.8);(110.64, 21.2)",True
59673,2016-08-02 10:00:00,103.0,SURF,True,EXTREME_TYPE1,153,8,8,"(112.27, 21.6);(112.27, 22.0);(112.68, 21.6);(112.68, 22.0);(112.68, 22.4);(113.09, 21.6);(113.09, 22.0);(113.5, 21.6)",True
59285,2016-08-02 11:00:00,2.7,SURF,True,EXTREME_TYPE1,1150,10,10,"(113.09, 23.2);(113.09, 23.6);(113.09, 24.0);(113.5, 23.2);(113.5, 23.6);(113.5, 24.0);(113.91, 23.2);(113.91, 23.6);(113.91, 24.0);(114.32, 23.6)",True
59481,2016-08-03 00:00:00,58.4,SURF,True,EXTREME_TYPE1,3067,12,12,"(112.68, 22.8);(112.68, 23.2);(113.09, 22.4);(113.09, 22.8);(113.09, 23.2);(113.09, 23.6);(113.5, 22.4);(113.5, 22.8);(113.5, 23.2);(113.5, 23.6);(113.91, 22.8);(113.91, 23.2)",True
59280,2016-08-03 04:00:00,16.4,SURF,True,EXTREME_TYPE1,1172,10,10,"(112.68, 23.2);(112.68, 23.6);(112.68, 24.0);(113.09, 23.2);(113.09, 23.6);(113.09, 24.0);(113.09, 24.4);(113.5, 23.2);(113.5, 23.6);(113.5, 24.0)",True
59288,2016-08-03 13:00:00,83.9,SURF,True,EXTREME_TYPE1,2524,10,10,"(112.27, 23.2);(112.68, 22.8);(112.68, 23.2);(112.68, 23.6);(113.09, 22.8);(113.09, 23.2);(113.09, 23.6);(113.5, 22.8);(113.5, 23.2);(113.5, 23.6)",True
59075,2016-08-04 17:00:00,16.7,SURF,True,EXTREME_TYPE1,794,12,12,"(111.86, 24.0);(111.86, 24.4);(112.27, 24.0);(112.27, 24.4);(112.27, 24.8);(112.68, 23.6);(112.68, 24.0);(112.68, 24.4);(112.68, 24.8);(113.09, 24.0);(113.09, 24.4);(113.09, 24.8)",True
59493,2016-08-10 07:00:00,35.2,SURF,True,EXTREME_TYPE1,1090,13,13,"(113.5, 22.0);(113.5, 22.4);(113.5, 22.8);(113.91, 22.0);(113.91, 22.4);(113.91, 22.8);(113.91, 23.2);(114.32, 22.0);(114.32, 22.4);(114.32, 22.8);(114.32, 23.2);(114.73, 22.4);(114.73, 22.8)",True
59650,2016-08-11 13:00:00,101.4,SURF,True,EXTREME_TYPE1,666,11,10,"(109.82, 21.2);(109.82, 21.6);(110.23, 20.8);(110.23, 21.2);(110.23, 21.6);(110.23, 22.0);(110.64, 20.8);(110.64, 21.2);(110.64, 21.6);(110.64, 22.0)",True
59317,2016-08-11 16:00:00,24.1,SURF,True,EXTREME_TYPE1,733,9,9,"(115.95, 22.4);(115.95, 22.8);(115.95, 23.2);(115.95, 23.6);(116.36, 22.8);(116.36, 23.2);(116.36, 23.6);(116.77, 22.8);(116.77, 23.2)",True
59285,2016-08-12 10:00:00,65.5,SURF,True,EXTREME_TYPE1,1157,10,10,"(113.09, 23.2);(113.09, 23.6);(113.09, 24.0);(113.5, 23.2);(113.5, 23.6);(113.5, 24.0);(113.91, 23.2);(113.91, 23.6);(113.91, 24.0);(114.32, 23.6)",True
59285,2016-08-12 11:00:00,39.3,SURF,True,EXTREME_TYPE1,1157,10,10,"(113.09, 23.2);(113.09, 23.6);(113.09, 24.0);(113.5, 23.2);(113.5, 23.6);(113.5, 24.0);(113.91, 23.2);(113.91, 23.6);(113.91, 24.0);(114.32, 23.6)",True
59297,2016-08-12 12:00:00,52.8,SURF,True,EXTREME_TYPE1,773,10,10,"(113.5, 23.2);(113.91, 22.8);(113.91, 23.2);(113.91, 23.6);(114.32, 22.8);(114.32, 23.2);(114.32, 23.6);(114.73, 22.8);(114.73, 23.2);(114.73, 23.6)",True
59088,2016-08-12 17:00:00,50.7,SURF,True,EXTREME_TYPE1,696,12,12,"(112.68, 24.0);(112.68, 24.4);(113.09, 23.6);(113.09, 24.0);(113.09, 24.4);(113.09, 24.8);(113.5, 23.6);(113.5, 24.0);(113.5, 24.4);(113.5, 24.8);(113.91, 24.0);(113.91, 24.4)",True
59081,2016-08-13 23:00:00,22.4,SURF,True,EXTREME_TYPE1,542,12,12,"(112.68, 24.4);(112.68, 24.8);(112.68, 25.2);(113.09, 24.4);(113.09, 24.8);(113.09, 25.2);(113.5, 24.4);(113.5, 24.8);(113.5, 25.2);(113.91, 24.4);(113.91, 24.8);(113.91, 25.2)",True
59480,2016-08-14 01:00:00,13.0,SURF,True,EXTREME_TYPE1,2823,10,10,"(112.68, 22.4);(112.68, 22.8);(112.68, 23.2);(113.09, 22.4);(113.09, 22.8);(113.09, 23.2);(113.5, 22.4);(113.5, 22.8);(113.5, 23.2);(113.91, 22.8)",True
59471,2016-08-14 12:00:00,58.4,SURF,True,EXTREME_TYPE1,2408,12,12,"(111.45, 22.8);(111.45, 23.2);(111.86, 22.4);(111.86, 22.8);(111.86, 23.2);(111.86, 23.6);(112.27, 22.4);(112.27, 22.8);(112.27, 23.2);(112.27, 23.6);(112.68, 22.8);(112.68, 23.2)",True
59650,2016-08-14 17:00:00,61.6,SURF,True,EXTREME_TYPE1,667,11,11,"(109.82, 21.2);(109.82, 21.6);(109.82, 22.0);(110.23, 20.8);(110.23, 21.2);(110.23, 21.6);(110.23, 22.0);(110.64, 20.8);(110.64, 21.2);(110.64, 21.6);(110.64, 22.0)",True
59673,2016-08-16 04:00:00,15.2,SURF,True,EXTREME_TYPE1,155,8,8,"(112.27, 21.6);(112.27, 22.0);(112.68, 21.6);(112.68, 22.0);(112.68, 22.4);(113.09, 21.6);(113.09, 22.0);(113.5, 21.6)",True
59488,2016-08-18 02:00:00,1.9,SURF,True,EXTREME_TYPE1,1095,11,11,"(113.09, 22.0);(113.09, 22.4);(113.09, 22.8);(113.5, 21.6);(113.5, 22.0);(113.5, 22.4);(113.5, 22.8);(113.91, 22.0);(113.91, 22.4);(113.91, 22.8);(114.32, 22.4)",True
59475,2016-08-19 01:00:00,1.9,SURF,True,EXTREME_TYPE1,3253,9,9,"(112.27, 22.0);(112.27, 22.4);(112.27, 22.8);(112.68, 22.0);(112.68, 22.4);(112.68, 22.8);(113.09, 22.0);(113.09, 22.4);(113.09, 22.8)",True
59663,2016-08-21 14:00:00,6.5,SURF,True,EXTREME_TYPE1,836,11,11,"(111.45, 21.6);(111.45, 22.0);(111.86, 21.2);(111.86, 21.6);(111.86, 22.0);(111.86, 22.4);(112.27, 21.6);(112.27, 22.0);(112.27, 22.4);(112.68, 21.6);(112.68, 22.0)",True
59287,2016-08-26 17:00:00,71.6,SURF,True,EXTREME_TYPE1,1739,9,9,"(113.09, 22.8);(113.09, 23.2);(113.09, 23.6);(113.5, 22.8);(113.5, 23.2);(113.5, 23.6);(113.91, 22.8);(113.91, 23.2);(113.91, 23.6)",True
59114,2016-08-26 18:00:00,21.8,SURF,True,EXTREME_TYPE1,266,10,10,"(115.55, 24.4);(115.55, 24.8);(115.95, 24.0);(115.95, 24.4);(115.95, 24.8);(116.36, 24.0);(116.36, 24.4);(116.36, 24.8);(116.77, 24.4);(116.77, 24.8)",True
59289,2016-08-26 18:00:00,31.2,SURF,True,EXTREME_TYPE1,1809,12,12,"(113.09, 22.8);(113.09, 23.2);(113.5, 22.4);(113.5, 22.8);(113.5, 23.2);(113.5, 23.6);(113.91, 22.4);(113.91, 22.8);(113.91, 23.2);(113.91, 23.6);(114.32, 22.8);(114.32, 23.2)",True
59485,2016-08-26 19:00:00,57.4,SURF,True,EXTREME_TYPE1,2808,12,12,"(112.68, 22.4);(112.68, 22.8);(113.09, 22.0);(113.09, 22.4);(113.09, 22.8);(113.5, 22.0);(113.5, 22.4);(113.5, 22.8);(113.5, 23.2);(113.91, 22.0);(113.91, 22.4);(113.91, 22.8)",True
59090,2016-08-26 21:00:00,3.7,SURF,True,EXTREME_TYPE1,174,12,12,"(113.5, 24.8);(113.5, 25.2);(113.91, 24.4);(113.91, 24.8);(113.91, 25.2);(113.91, 25.6);(114.32, 24.4);(114.32, 24.8);(114.32, 25.2);(114.32, 25.6);(114.73, 24.8);(114.73, 25.2)",True
59750,2016-08-27 01:00:00,50.7,SURF,True,EXTREME_TYPE1,579,11,11,"(109.41, 21.2);(109.82, 20.4);(109.82, 20.8);(109.82, 21.2);(109.82, 21.6);(110.23, 20.4);(110.23, 20.8);(110.23, 21.2);(110.23, 21.6);(110.64, 20.8);(110.64, 21.2)",True
59500,2016-08-28 00:00:00,18.2,SURF,True,EXTREME_TYPE1,923,12,12,"(114.73, 22.8);(114.73, 23.2);(115.14, 22.4);(115.14, 22.8);(115.14, 23.2);(115.14, 23.6);(115.55, 22.4);(115.55, 22.8);(115.55, 23.2);(115.55, 23.6);(115.95, 22.8);(115.95, 23.2)",True
59117,2016-09-03 21:00:00,14.0,SURF,True,EXTREME_TYPE1,525,12,12,"(115.55, 24.0);(115.55, 24.4);(115.55, 24.8);(115.95, 23.6);(115.95, 24.0);(115.95, 24.4);(115.95, 24.8);(116.36, 24.0);(116.36, 24.4);(116.36, 24.8);(116.77, 24.0);(116.77, 24.4)",True
59288,2016-09-04 20:00:00,71.9,SURF,True,EXTREME_TYPE1,2488,10,10,"(112.27, 23.2);(112.68, 22.8);(112.68, 23.2);(112.68, 23.6);(113.09, 22.8);(113.09, 23.2);(113.09, 23.6);(113.5, 22.8);(113.5, 23.2);(113.5, 23.6)",True
59269,2016-09-04 21:00:00,6.5,SURF,True,EXTREME_TYPE1,1024,9,9,"(111.45, 22.8);(111.45, 23.2);(111.45, 23.6);(111.86, 22.8);(111.86, 23.2);(111.86, 23.6);(112.27, 22.8);(112.27, 23.2);(112.27, 23.6)",True
59107,2016-09-06 19:00:00,43.4,SURF,True,EXTREME_TYPE1,778,12,12,"(114.73, 23.6);(114.73, 24.0);(114.73, 24.4);(115.14, 23.6);(115.14, 24.0);(115.14, 24.4);(115.14, 24.8);(115.55, 23.6);(115.55, 24.0);(115.55, 24.4);(115.95, 24.0);(115.95, 24.4)",True
59485,2016-09-07 14:00:00,42.3,SURF,True,EXTREME_TYPE1,2909,12,12,"(112.68, 22.4);(112.68, 22.8);(113.09, 22.0);(113.09, 22.4);(113.09, 22.8);(113.5, 22.0);(113.5, 22.4);(113.5, 22.8);(113.5, 23.2);(113.91, 22.0);(113.91, 22.4);(113.91, 22.8)",True
59655,2016-09-07 16:00:00,59.0,SURF,True,EXTREME_TYPE1,880,10,10,"(110.23, 21.2);(110.23, 21.6);(110.23, 22.0);(110.64, 21.2);(110.64, 21.6);(110.64, 22.0);(110.64, 22.4);(111.05, 21.2);(111.05, 21.6);(111.05, 22.0)",True
59653,2016-09-07 17:00:00,50.0,SURF,True,EXTREME_TYPE1,818,11,11,"(110.23, 21.6);(110.23, 22.0);(110.64, 21.6);(110.64, 22.0);(110.64, 22.4);(111.05, 21.6);(111.05, 22.0);(111.05, 22.4);(111.45, 21.6);(111.45, 22.0);(111.45, 22.4)",True
59290,2016-09-07 21:00:00,20.9,SURF,True,EXTREME_TYPE1,718,11,11,"(113.5, 23.6);(113.91, 23.2);(113.91, 23.6);(113.91, 24.0);(113.91, 24.4);(114.32, 23.2);(114.32, 23.6);(114.32, 24.0);(114.32, 24.4);(114.73, 23.6);(114.73, 24.0)",True
59500,2016-09-09 13:00:00,8.4,SURF,True,EXTREME_TYPE1,1084,12,12,"(114.73, 22.8);(114.73, 23.2);(115.14, 22.4);(115.14, 22.8);(115.14, 23.2);(115.14, 23.6);(115.55, 22.4);(115.55, 22.8);(115.55, 23.2);(115.55, 23.6);(115.95, 22.8);(115.95, 23.2)",True
59653,2016-09-10 12:00:00,1.2,SURF,True,EXTREME_TYPE1,829,11,11,"(110.23, 21.6);(110.23, 22.0);(110.64, 21.6);(110.64, 22.0);(110.64, 22.4);(111.05, 21.6);(111.05, 22.0);(111.05, 22.4);(111.45, 21.6);(111.45, 22.0);(111.45, 22.4)",True
59271,2016-09-10 14:00:00,7.7,SURF,True,EXTREME_TYPE1,1137,11,11,"(111.86, 23.2);(111.86, 23.6);(111.86, 24.0);(112.27, 23.2);(112.27, 23.6);(112.27, 24.0);(112.68, 23.2);(112.68, 23.6);(112.68, 24.0);(113.09, 23.6);(113.09, 24.0)",True
59492,2016-09-12 20:00:00,21.6,SURF,True,EXTREME_TYPE1,744,11,11,"(114.32, 22.4);(114.32, 22.8);(114.32, 23.2);(114.32, 23.6);(114.73, 22.4);(114.73, 22.8);(114.73, 23.2);(114.73, 23.6);(115.14, 22.8);(115.14, 23.2);(115.14, 23.6)",True
59312,2016-09-28 14:00:00,2.2,SURF,True,EXTREME_TYPE1,494,10,10,"(115.95, 23.6);(116.36, 23.2);(116.36, 23.6);(116.36, 24.0);(116.77, 23.2);(116.77, 23.6);(116.77, 24.0);(117.18, 23.2);(117.18, 23.6);(117.18, 24.0)",True
59116,2016-09-30 13:00:00,10.6,SURF,True,EXTREME_TYPE1,254,9,9,"(115.95, 24.4);(116.36, 24.0);(116.36, 24.4);(116.36, 24.8);(116.77, 24.0);(116.77, 24.4);(116.77, 24.8);(117.18, 24.0);(117.18, 24.4)",True
59650,2016-10-02 18:00:00,32.8,SURF,True,EXTREME_TYPE1,752,11,10,"(109.82, 21.2);(109.82, 21.6);(110.23, 20.8);(110.23, 21.2);(110.23, 21.6);(110.23, 22.0);(110.64, 20.8);(110.64, 21.2);(110.64, 21.6);(110.64, 22.0)",True
59097,2016-10-02 19:00:00,28.8,SURF,True,EXTREME_TYPE1,557,10,10,"(113.5, 24.0);(113.91, 23.6);(113.91, 24.0);(113.91, 24.4);(114.32, 23.6);(114.32, 24.0);(114.32, 24.4);(114.73, 23.6);(114.73, 24.0);(114.73, 24.4)",True
59285,2016-10-02 19:00:00,35.1,SURF,True,EXTREME_TYPE1,1159,10,10,"(113.09, 23.2);(113.09, 23.6);(113.09, 24.0);(113.5, 23.2);(113.5, 23.6);(113.5, 24.0);(113.91, 23.2);(113.91, 23.6);(113.91, 24.0);(114.32, 23.6)",True
59088,2016-10-18 07:00:00,5.0,SURF,True,EXTREME_TYPE1,846,12,12,"(112.68, 24.0);(112.68, 24.4);(113.09, 23.6);(113.09, 24.0);(113.09, 24.4);(113.09, 24.8);(113.5, 23.6);(113.5, 24.0);(113.5, 24.4);(113.5, 24.8);(113.91, 24.0);(113.91, 24.4)",True
59487,2016-10-18 14:00:00,5.1,SURF,True,EXTREME_TYPE1,1869,12,12,"(112.68, 22.0);(112.68, 22.4);(113.09, 21.6);(113.09, 22.0);(113.09, 22.4);(113.09, 22.8);(113.5, 21.6);(113.5, 22.0);(113.5, 22.4);(113.5, 22.8);(113.91, 22.0);(113.91, 22.4)",True
59658,2016-10-18 20:00:00,7.3,SURF,True,EXTREME_TYPE1,489,10,10,"(109.82, 20.8);(109.82, 21.2);(109.82, 21.6);(110.23, 20.8);(110.23, 21.2);(110.23, 21.6);(110.64, 20.8);(110.64, 21.2);(110.64, 21.6);(111.05, 21.2)",True
59264,2016-10-19 11:00:00,3.7,SURF,True,EXTREME_TYPE1,435,9,9,"(111.05, 23.2);(111.45, 22.8);(111.45, 23.2);(111.45, 23.6);(111.45, 24.0);(111.86, 22.8);(111.86, 23.2);(111.86, 23.6);(111.86, 24.0)",True
59310,2016-10-24 18:00:00,2.1,SURF,True,EXTREME_TYPE1,932,12,12,"(115.55, 23.6);(115.55, 24.0);(115.95, 23.2);(115.95, 23.6);(115.95, 24.0);(115.95, 24.4);(116.36, 23.2);(116.36, 23.6);(116.36, 24.0);(116.36, 24.4);(116.77, 23.6);(116.77, 24.0)",True
59081,2016-11-20 14:00:00,21.5,SURF,True,EXTREME_TYPE1,550,12,12,"(112.68, 24.4);(112.68, 24.8);(112.68, 25.2);(113.09, 24.4);(113.09, 24.8);(113.09, 25.2);(113.5, 24.4);(113.5, 24.8);(113.5, 25.2);(113.91, 24.4);(113.91, 24.8);(113.91, 25.2)",True
59290,2016-11-20 19:00:00,56.9,SURF,True,EXTREME_TYPE1,711,11,11,"(113.5, 23.6);(113.91, 23.2);(113.91, 23.6);(113.91, 24.0);(113.91, 24.4);(114.32, 23.2);(114.32, 23.6);(114.32, 24.0);(114.32, 24.4);(114.73, 23.6);(114.73, 24.0)",True
59278,2016-11-21 00:00:00,5.0,SURF,True,EXTREME_TYPE1,3383,12,12,"(111.86, 22.8);(111.86, 23.2);(112.27, 22.4);(112.27, 22.8);(112.27, 23.2);(112.27, 23.6);(112.68, 22.4);(112.68, 22.8);(112.68, 23.2);(112.68, 23.6);(113.09, 22.8);(113.09, 23.2)",True
59481,2016-11-22 21:00:00,1.7,SURF,True,EXTREME_TYPE1,3046,12,12,"(112.68, 22.8);(112.68, 23.2);(113.09, 22.4);(113.09, 22.8);(113.09, 23.2);(113.09, 23.6);(113.5, 22.4);(113.5, 22.8);(113.5, 23.2);(113.5, 23.6);(113.91, 22.8);(113.91, 23.2)",True
59280,2016-11-26 07:00:00,5.3,SURF,True,EXTREME_TYPE1,1196,10,10,"(112.68, 23.2);(112.68, 23.6);(112.68, 24.0);(113.09, 23.2);(113.09, 23.6);(113.09, 24.0);(113.09, 24.4);(113.5, 23.2);(113.5, 23.6);(113.5, 24.0)",True
59290,2016-11-26 09:00:00,8.2,SURF,True,EXTREME_TYPE1,723,11,11,"(113.5, 23.6);(113.91, 23.2);(113.91, 23.6);(113.91, 24.0);(113.91, 24.4);(114.32, 23.2);(114.32, 23.6);(114.32, 24.0);(114.32, 24.4);(114.73, 23.6);(114.73, 24.0)",True
59107,2016-11-26 16:00:00,5.0,SURF,True,EXTREME_TYPE1,790,12,12,"(114.73, 23.6);(114.73, 24.0);(114.73, 24.4);(115.14, 23.6);(115.14, 24.0);(115.14, 24.4);(115.14, 24.8);(115.55, 23.6);(115.55, 24.0);(115.55, 24.4);(115.95, 24.0);(115.95, 24.4)",True
59313,2017-02-22 08:00:00,7.0,SURF,True,EXTREME_TYPE1,154,9,9,"(116.36, 23.6);(116.36, 24.0);(116.77, 23.2);(116.77, 23.6);(116.77, 24.0);(117.18, 23.2);(117.18, 23.6);(117.18, 24.0);(117.59, 23.6)",True
59306,2017-03-08 04:00:00,2.7,SURF,True,EXTREME_TYPE1,1254,12,12,"(115.14, 23.2);(115.14, 23.6);(115.55, 22.8);(115.55, 23.2);(115.55, 23.6);(115.55, 24.0);(115.95, 22.8);(115.95, 23.2);(115.95, 23.6);(115.95, 24.0);(116.36, 23.2);(116.36, 23.6)",True
57988,2017-03-10 11:00:00,1.2,SURF,True,EXTREME_TYPE1,313,11,11,"(112.68, 24.8);(112.68, 25.2);(113.09, 24.8);(113.09, 25.2);(113.09, 25.6);(113.5, 24.8);(113.5, 25.2);(113.5, 25.6);(113.91, 24.8);(113.91, 25.2);(113.91, 25.6)",True
59280,2017-03-18 04:00:00,5.4,SURF,True,EXTREME_TYPE1,1202,10,10,"(112.68, 23.2);(112.68, 23.6);(112.68, 24.0);(113.09, 23.2);(113.09, 23.6);(113.09, 24.0);(113.09, 24.4);(113.5, 23.2);(113.5, 23.6);(113.5, 24.0)",True
59659,2017-03-19 05:00:00,8.7,SURF,True,EXTREME_TYPE1,854,12,12,"(110.23, 21.6);(110.23, 22.0);(110.64, 21.2);(110.64, 21.6);(110.64, 22.0);(110.64, 22.4);(111.05, 21.2);(111.05, 21.6);(111.05, 22.0);(111.05, 22.4);(111.45, 21.6);(111.45, 22.0)",True
59074,2017-03-31 02:00:00,27.9,SURF,True,EXTREME_TYPE1,685,9,9,"(111.86, 24.0);(111.86, 24.4);(111.86, 24.8);(112.27, 24.0);(112.27, 24.4);(112.27, 24.8);(112.27, 25.2);(112.68, 24.4);(112.68, 24.8)",True
59470,2017-04-19 16:00:00,5.4,SURF,True,EXTREME_TYPE1,2737,10,10,"(111.45, 22.8);(111.86, 22.4);(111.86, 22.8);(111.86, 23.2);(112.27, 22.4);(112.27, 22.8);(112.27, 23.2);(112.68, 22.4);(112.68, 22.8);(112.68, 23.2)",True
59285,2017-04-19 17:00:00,1.9,SURF,True,EXTREME_TYPE1,1200,10,10,"(113.09, 23.2);(113.09, 23.6);(113.09, 24.0);(113.5, 23.2);(113.5, 23.6);(113.5, 24.0);(113.91, 23.2);(113.91, 23.6);(113.91, 24.0);(114.32, 23.6)",True
59285,2017-04-26 16:00:00,91.7,SURF,True,EXTREME_TYPE1,1201,10,10,"(113.09, 23.2);(113.09, 23.6);(113.09, 24.0);(113.5, 23.2);(113.5, 23.6);(113.5, 24.0);(113.91, 23.2);(113.91, 23.6);(113.91, 24.0);(114.32, 23.6)",True
59116,2017-05-02 02:00:00,7.4,SURF,True,EXTREME_TYPE1,248,9,9,"(115.95, 24.4);(116.36, 24.0);(116.36, 24.4);(116.36, 24.8);(116.77, 24.0);(116.77, 24.4);(116.77, 24.8);(117.18, 24.0);(117.18, 24.4)",True
59659,2017-05-04 04:00:00,14.6,SURF,True,EXTREME_TYPE1,850,12,12,"(110.23, 21.6);(110.23, 22.0);(110.64, 21.2);(110.64, 21.6);(110.64, 22.0);(110.64, 22.4);(111.05, 21.2);(111.05, 21.6);(111.05, 22.0);(111.05, 22.4);(111.45, 21.6);(111.45, 22.0)",True
59653,2017-05-04 08:00:00,52.3,SURF,True,EXTREME_TYPE1,833,11,11,"(110.23, 21.6);(110.23, 22.0);(110.64, 21.6);(110.64, 22.0);(110.64, 22.4);(111.05, 21.6);(111.05, 22.0);(111.05, 22.4);(111.45, 21.6);(111.45, 22.0);(111.45, 22.4)",True
59658,2017-05-04 09:00:00,64.2,SURF,True,EXTREME_TYPE1,482,10,10,"(109.82, 20.8);(109.82, 21.2);(109.82, 21.6);(110.23, 20.8);(110.23, 21.2);(110.23, 21.6);(110.64, 20.8);(110.64, 21.2);(110.64, 21.6);(111.05, 21.2)",True
59487,2017-05-04 10:00:00,63.6,SURF,True,EXTREME_TYPE1,1910,12,12,"(112.68, 22.0);(112.68, 22.4);(113.09, 21.6);(113.09, 22.0);(113.09, 22.4);(113.09, 22.8);(113.5, 21.6);(113.5, 22.0);(113.5, 22.4);(113.5, 22.8);(113.91, 22.0);(113.91, 22.4)",True
59750,2017-05-06 10:00:00,56.6,SURF,True,EXTREME_TYPE1,639,11,6,"(109.82, 21.2);(110.23, 20.8);(110.23, 21.2);(110.23, 21.6);(110.64, 20.8);(110.64, 21.2)",True
59087,2017-05-07 04:00:00,61.1,SURF,True,EXTREME_TYPE1,880,10,10,"(113.09, 23.6);(113.09, 24.0);(113.09, 24.4);(113.5, 23.2);(113.5, 23.6);(113.5, 24.0);(113.5, 24.4);(113.91, 23.6);(113.91, 24.0);(113.91, 24.4)",True
59287,2017-05-07 10:00:00,78.8,SURF,True,EXTREME_TYPE1,1852,9,9,"(113.09, 22.8);(113.09, 23.2);(113.09, 23.6);(113.5, 22.8);(113.5, 23.2);(113.5, 23.6);(113.91, 22.8);(113.91, 23.2);(113.91, 23.6)",True
59087,2017-05-08 17:00:00,10.2,SURF,True,EXTREME_TYPE1,882,10,10,"(113.09, 23.6);(113.09, 24.0);(113.09, 24.4);(113.5, 23.2);(113.5, 23.6);(113.5, 24.0);(113.5, 24.4);(113.91, 23.6);(113.91, 24.0);(113.91, 24.4)",True
59097,2017-05-08 19:00:00,29.4,SURF,True,EXTREME_TYPE1,596,10,10,"(113.5, 24.0);(113.91, 23.6);(113.91, 24.0);(113.91, 24.4);(114.32, 23.6);(114.32, 24.0);(114.32, 24.4);(114.73, 23.6);(114.73, 24.0);(114.73, 24.4)",True
59480,2017-05-08 21:00:00,20.3,SURF,True,EXTREME_TYPE1,2964,10,10,"(112.68, 22.4);(112.68, 22.8);(112.68, 23.2);(113.09, 22.4);(113.09, 22.8);(113.09, 23.2);(113.5, 22.4);(113.5, 22.8);(113.5, 23.2);(113.91, 22.8)",True
59456,2017-05-09 16:00:00,39.8,SURF,True,EXTREME_TYPE1,826,10,10,"(110.23, 22.4);(110.64, 22.0);(110.64, 22.4);(110.64, 22.8);(111.05, 22.0);(111.05, 22.4);(111.05, 22.8);(111.45, 22.0);(111.45, 22.4);(111.45, 22.8)",True
59477,2017-05-09 16:00:00,63.6,SURF,True,EXTREME_TYPE1,2977,10,10,"(111.86, 22.0);(111.86, 22.4);(111.86, 22.8);(112.27, 21.6);(112.27, 22.0);(112.27, 22.4);(112.27, 22.8);(112.68, 22.0);(112.68, 22.4);(112.68, 22.8)",True
59659,2017-05-09 16:00:00,52.5,SURF,True,EXTREME_TYPE1,847,12,12,"(110.23, 21.6);(110.23, 22.0);(110.64, 21.2);(110.64, 21.6);(110.64, 22.0);(110.64, 22.4);(111.05, 21.2);(111.05, 21.6);(111.05, 22.0);(111.05, 22.4);(111.45, 21.6);(111.45, 22.0)",True
59658,2017-05-12 14:00:00,50.3,SURF,True,EXTREME_TYPE1,486,10,10,"(109.82, 20.8);(109.82, 21.2);(109.82, 21.6);(110.23, 20.8);(110.23, 21.2);(110.23, 21.6);(110.64, 20.8);(110.64, 21.2);(110.64, 21.6);(111.05, 21.2)",True
59304,2017-05-13 17:00:00,7.2,SURF,True,EXTREME_TYPE1,860,9,9,"(114.73, 23.2);(114.73, 23.6);(114.73, 24.0);(115.14, 23.2);(115.14, 23.6);(115.14, 24.0);(115.55, 23.2);(115.55, 23.6);(115.55, 24.0)",True
59656,2017-05-15 16:00:00,28.2,SURF,True,EXTREME_TYPE1,631,11,11,"(110.23, 21.2);(110.23, 21.6);(110.64, 20.8);(110.64, 21.2);(110.64, 21.6);(110.64, 22.0);(111.05, 21.2);(111.05, 21.6);(111.05, 22.0);(111.45, 21.2);(111.45, 21.6)",True
59285,2017-05-15 20:00:00,55.9,SURF,True,EXTREME_TYPE1,1218,10,10,"(113.09, 23.2);(113.09, 23.6);(113.09, 24.0);(113.5, 23.2);(113.5, 23.6);(113.5, 24.0);(113.91, 23.2);(113.91, 23.6);(113.91, 24.0);(114.32, 23.6)",True
59294,2017-05-15 22:00:00,21.4,SURF,True,EXTREME_TYPE1,1218,11,11,"(113.09, 23.2);(113.5, 22.8);(113.5, 23.2);(113.5, 23.6);(113.91, 22.8);(113.91, 23.2);(113.91, 23.6);(113.91, 24.0);(114.32, 22.8);(114.32, 23.2);(114.32, 23.6)",True
59478,2017-05-16 03:00:00,11.8,SURF,True,EXTREME_TYPE1,2488,12,12,"(112.27, 22.0);(112.27, 22.4);(112.68, 21.6);(112.68, 22.0);(112.68, 22.4);(112.68, 22.8);(113.09, 21.6);(113.09, 22.0);(113.09, 22.4);(113.09, 22.8);(113.5, 22.0);(113.5, 22.4)",True
59081,2017-05-24 00:00:00,1.1,SURF,True,EXTREME_TYPE1,601,12,12,"(112.68, 24.4);(112.68, 24.8);(112.68, 25.2);(113.09, 24.4);(113.09, 24.8);(113.09, 25.2);(113.5, 24.4);(113.5, 24.8);(113.5, 25.2);(113.91, 24.4);(113.91, 24.8);(113.91, 25.2)",True
59107,2017-05-24 08:00:00,50.4,SURF,True,EXTREME_TYPE1,814,12,12,"(114.73, 23.6);(114.73, 24.0);(114.73, 24.4);(115.14, 23.6);(115.14, 24.0);(115.14, 24.4);(115.14, 24.8);(115.55, 23.6);(115.55, 24.0);(115.55, 24.4);(115.95, 24.0);(115.95, 24.4)",True
59754,2017-05-24 15:00:00,56.4,SURF,True,EXTREME_TYPE1,366,5,5,"(109.82, 20.4);(109.82, 20.8);(110.23, 20.4);(110.23, 20.8);(110.64, 20.8)",True
59114,2017-06-04 02:00:00,1.6,SURF,True,EXTREME_TYPE1,288,10,10,"(115.55, 24.4);(115.55, 24.8);(115.95, 24.0);(115.95, 24.4);(115.95, 24.8);(116.36, 24.0);(116.36, 24.4);(116.36, 24.8);(116.77, 24.4);(116.77, 24.8)",True
59653,2017-06-05 07:00:00,58.7,SURF,True,EXTREME_TYPE1,845,11,11,"(110.23, 21.6);(110.23, 22.0);(110.64, 21.6);(110.64, 22.0);(110.64, 22.4);(111.05, 21.6);(111.05, 22.0);(111.05, 22.4);(111.45, 21.6);(111.45, 22.0);(111.45, 22.4)",True
59097,2017-06-06 21:00:00,67.2,SURF,True,EXTREME_TYPE1,591,10,10,"(113.5, 24.0);(113.91, 23.6);(113.91, 24.0);(113.91, 24.4);(114.32, 23.6);(114.32, 24.0);(114.32, 24.4);(114.73, 23.6);(114.73, 24.0);(114.73, 24.4)",True
59473,2017-06-09 11:00:00,6.5,SURF,True,EXTREME_TYPE1,3576,10,10,"(112.27, 22.8);(112.68, 22.4);(112.68, 22.8);(112.68, 23.2);(113.09, 22.4);(113.09, 22.8);(113.09, 23.2);(113.5, 22.4);(113.5, 22.8);(113.5, 23.2)",True
59475,2017-06-12 14:00:00,7.3,SURF,True,EXTREME_TYPE1,3731,9,9,"(112.27, 22.0);(112.27, 22.4);(112.27, 22.8);(112.68, 22.0);(112.68, 22.4);(112.68, 22.8);(113.09, 22.0);(113.09, 22.4);(113.09, 22.8)",True
59318,2017-06-14 09:00:00,21.9,SURF,True,EXTREME_TYPE1,538,12,12,"(115.95, 23.2);(115.95, 23.6);(116.36, 22.8);(116.36, 23.2);(116.36, 23.6);(116.36, 24.0);(116.77, 22.8);(116.77, 23.2);(116.77, 23.6);(116.77, 24.0);(117.18, 23.2);(117.18, 23.6)",True
59284,2017-06-15 22:00:00,62.4,SURF,True,EXTREME_TYPE1,1902,12,12,"(112.68, 23.2);(112.68, 23.6);(113.09, 22.8);(113.09, 23.2);(113.09, 23.6);(113.09, 24.0);(113.5, 22.8);(113.5, 23.2);(113.5, 23.6);(113.5, 24.0);(113.91, 23.2);(113.91, 23.6)",True
59294,2017-06-16 02:00:00,52.3,SURF,True,EXTREME_TYPE1,1220,11,11,"(113.09, 23.2);(113.5, 22.8);(113.5, 23.2);(113.5, 23.6);(113.91, 22.8);(113.91, 23.2);(113.91, 23.6);(113.91, 24.0);(114.32, 22.8);(114.32, 23.2);(114.32, 23.6)",True
59502,2017-06-16 03:00:00,65.5,SURF,True,EXTREME_TYPE1,1051,12,12,"(115.14, 22.8);(115.14, 23.2);(115.55, 22.4);(115.55, 22.8);(115.55, 23.2);(115.55, 23.6);(115.95, 22.4);(115.95, 22.8);(115.95, 23.2);(115.95, 23.6);(116.36, 22.8);(116.36, 23.2)",True
59314,2017-06-16 09:00:00,14.9,SURF,True,EXTREME_TYPE1,956,12,12,"(115.55, 23.2);(115.55, 23.6);(115.95, 22.8);(115.95, 23.2);(115.95, 23.6);(115.95, 24.0);(116.36, 22.8);(116.36, 23.2);(116.36, 23.6);(116.36, 24.0);(116.77, 23.2);(116.77, 23.6)",True
59501,2017-06-16 11:00:00,43.8,SURF,True,EXTREME_TYPE1,1088,12,12,"(114.73, 22.4);(114.73, 22.8);(114.73, 23.2);(115.14, 22.4);(115.14, 22.8);(115.14, 23.2);(115.55, 22.4);(115.55, 22.8);(115.55, 23.2);(115.95, 22.4);(115.95, 22.8);(115.95, 23.2)",True
59287,2017-06-16 19:00:00,33.5,SURF,True,EXTREME_TYPE1,1880,9,9,"(113.09, 22.8);(113.09, 23.2);(113.09, 23.6);(113.5, 22.8);(113.5, 23.2);(113.5, 23.6);(113.91, 22.8);(113.91, 23.2);(113.91, 23.6)",True
59462,2017-06-16 20:00:00,1.6,SURF,True,EXTREME_TYPE1,1732,11,11,"(111.05, 22.4);(111.05, 22.8);(111.05, 23.2);(111.45, 22.4);(111.45, 22.8);(111.45, 23.2);(111.86, 22.4);(111.86, 22.8);(111.86, 23.2);(112.27, 22.4);(112.27, 22.8)",True
59287,2017-06-17 03:00:00,2.1,SURF,True,EXTREME_TYPE1,1884,9,9,"(113.09, 22.8);(113.09, 23.2);(113.09, 23.6);(113.5, 22.8);(113.5, 23.2);(113.5, 23.6);(113.91, 22.8);(113.91, 23.2);(113.91, 23.6)",True
59501,2017-06-17 11:00:00,37.9,SURF,True,EXTREME_TYPE1,1089,12,12,"(114.73, 22.4);(114.73, 22.8);(114.73, 23.2);(115.14, 22.4);(115.14, 22.8);(115.14, 23.2);(115.55, 22.4);(115.55, 22.8);(115.55, 23.2);(115.95, 22.4);(115.95, 22.8);(115.95, 23.2)",True
59487,2017-06-17 20:00:00,16.5,SURF,True,EXTREME_TYPE1,1909,12,12,"(112.68, 22.0);(112.68, 22.4);(113.09, 21.6);(113.09, 22.0);(113.09, 22.4);(113.09, 22.8);(113.5, 21.6);(113.5, 22.0);(113.5, 22.4);(113.5, 22.8);(113.91, 22.0);(113.91, 22.4)",True
59314,2017-06-19 08:00:00,5.8,SURF,True,EXTREME_TYPE1,970,12,12,"(115.55, 23.2);(115.55, 23.6);(115.95, 22.8);(115.95, 23.2);(115.95, 23.6);(115.95, 24.0);(116.36, 22.8);(116.36, 23.2);(116.36, 23.6);(116.36, 24.0);(116.77, 23.2);(116.77, 23.6)",True
59318,2017-06-19 12:00:00,10.9,SURF,True,EXTREME_TYPE1,543,12,12,"(115.95, 23.2);(115.95, 23.6);(116.36, 22.8);(116.36, 23.2);(116.36, 23.6);(116.36, 24.0);(116.77, 22.8);(116.77, 23.2);(116.77, 23.6);(116.77, 24.0);(117.18, 23.2);(117.18, 23.6)",True
59673,2017-06-19 13:00:00,54.4,SURF,True,EXTREME_TYPE1,201,8,8,"(112.27, 21.6);(112.27, 22.0);(112.68, 21.6);(112.68, 22.0);(112.68, 22.4);(113.09, 21.6);(113.09, 22.0);(113.5, 21.6)",True
59500,2017-06-21 07:00:00,5.6,SURF,True,EXTREME_TYPE1,1113,12,12,"(114.73, 22.8);(114.73, 23.2);(115.14, 22.4);(115.14, 22.8);(115.14, 23.2);(115.14, 23.6);(115.55, 22.4);(115.55, 22.8);(115.55, 23.2);(115.55, 23.6);(115.95, 22.8);(115.95, 23.2)",True
59306,2017-06-21 08:00:00,12.9,SURF,True,EXTREME_TYPE1,1289,12,12,"(115.14, 23.2);(115.14, 23.6);(115.55, 22.8);(115.55, 23.2);(115.55, 23.6);(115.55, 24.0);(115.95, 22.8);(115.95, 23.2);(115.95, 23.6);(115.95, 24.0);(116.36, 23.2);(116.36, 23.6)",True
59071,2017-06-25 04:00:00,5.2,SURF,True,EXTREME_TYPE1,471,8,8,"(111.86, 24.4);(111.86, 24.8);(112.27, 24.4);(112.27, 24.8);(112.27, 25.2);(112.68, 24.4);(112.68, 24.8);(112.68, 25.2)",True
59287,2017-07-03 07:00:00,6.3,SURF,True,EXTREME_TYPE1,1868,9,9,"(113.09, 22.8);(113.09, 23.2);(113.09, 23.6);(113.5, 22.8);(113.5, 23.2);(113.5, 23.6);(113.91, 22.8);(113.91, 23.2);(113.91, 23.6)",True
59480,2017-07-04 03:00:00,61.0,SURF,True,EXTREME_TYPE1,2958,10,10,"(112.68, 22.4);(112.68, 22.8);(112.68, 23.2);(113.09, 22.4);(113.09, 22.8);(113.09, 23.2);(113.5, 22.4);(113.5, 22.8);(113.5, 23.2);(113.91, 22.8)",True
59310,2017-07-08 12:00:00,39.1,SURF,True,EXTREME_TYPE1,960,12,12,"(115.55, 23.6);(115.55, 24.0);(115.95, 23.2);(115.95, 23.6);(115.95, 24.0);(115.95, 24.4);(116.36, 23.2);(116.36, 23.6);(116.36, 24.0);(116.36, 24.4);(116.77, 23.6);(116.77, 24.0)",True
59276,2017-07-11 15:00:00,10.4,SURF,True,EXTREME_TYPE1,2498,10,10,"(112.27, 22.8);(112.27, 23.2);(112.27, 23.6);(112.68, 22.8);(112.68, 23.2);(112.68, 23.6);(112.68, 24.0);(113.09, 22.8);(113.09, 23.2);(113.09, 23.6)",True
59319,2017-07-16 03:00:00,1.2,SURF,True,EXTREME_TYPE1,535,11,11,"(115.95, 23.6);(116.36, 23.2);(116.36, 23.6);(116.36, 24.0);(116.77, 22.8);(116.77, 23.2);(116.77, 23.6);(116.77, 24.0);(117.18, 23.2);(117.18, 23.6);(117.18, 24.0)",True
59317,2017-07-16 14:00:00,5.3,SURF,True,EXTREME_TYPE1,849,9,9,"(115.95, 22.4);(115.95, 22.8);(115.95, 23.2);(115.95, 23.6);(116.36, 22.8);(116.36, 23.2);(116.36, 23.6);(116.77, 22.8);(116.77, 23.2)",True
59293,2017-07-16 15:00:00,15.0,SURF,True,EXTREME_TYPE1,570,11,11,"(114.32, 23.2);(114.32, 23.6);(114.32, 24.0);(114.73, 23.2);(114.73, 23.6);(114.73, 24.0);(114.73, 24.4);(115.14, 23.2);(115.14, 23.6);(115.14, 24.0);(115.14, 24.4)",True
59303,2017-07-17 14:00:00,13.4,SURF,True,EXTREME_TYPE1,1348,10,10,"(115.14, 23.6);(115.14, 24.0);(115.55, 23.6);(115.55, 24.0);(115.55, 24.4);(115.95, 23.6);(115.95, 24.0);(115.95, 24.4);(116.36, 23.6);(116.36, 24.0)",True
59288,2017-07-17 17:00:00,13.1,SURF,True,EXTREME_TYPE1,2563,10,10,"(112.27, 23.2);(112.68, 22.8);(112.68, 23.2);(112.68, 23.6);(113.09, 22.8);(113.09, 23.2);(113.09, 23.6);(113.5, 22.8);(113.5, 23.2);(113.5, 23.6)",True
59502,2017-07-17 21:00:00,15.3,SURF,True,EXTREME_TYPE1,1070,12,12,"(115.14, 22.8);(115.14, 23.2);(115.55, 22.4);(115.55, 22.8);(115.55, 23.2);(115.55, 23.6);(115.95, 22.4);(115.95, 22.8);(115.95, 23.2);(115.95, 23.6);(116.36, 22.8);(116.36, 23.2)",True
59493,2017-07-18 08:00:00,6.3,SURF,True,EXTREME_TYPE1,1116,13,13,"(113.5, 22.0);(113.5, 22.4);(113.5, 22.8);(113.91, 22.0);(113.91, 22.4);(113.91, 22.8);(113.91, 23.2);(114.32, 22.0);(114.32, 22.4);(114.32, 22.8);(114.32, 23.2);(114.73, 22.4);(114.73, 22.8)",True
59492,2017-07-18 15:00:00,10.0,SURF,True,EXTREME_TYPE1,768,11,11,"(114.32, 22.4);(114.32, 22.8);(114.32, 23.2);(114.32, 23.6);(114.73, 22.4);(114.73, 22.8);(114.73, 23.2);(114.73, 23.6);(115.14, 22.8);(115.14, 23.2);(115.14, 23.6)",True
59664,2017-07-19 11:00:00,1.7,SURF,True,EXTREME_TYPE1,846,10,10,"(110.23, 21.6);(110.64, 21.2);(110.64, 21.6);(110.64, 22.0);(111.05, 21.2);(111.05, 21.6);(111.05, 22.0);(111.45, 21.2);(111.45, 21.6);(111.45, 22.0)",True
59658,2017-07-20 04:00:00,60.9,SURF,True,EXTREME_TYPE1,508,10,10,"(109.82, 20.8);(109.82, 21.2);(109.82, 21.6);(110.23, 20.8);(110.23, 21.2);(110.23, 21.6);(110.64, 20.8);(110.64, 21.2);(110.64, 21.6);(111.05, 21.2)",True
59501,2017-07-23 14:00:00,24.7,SURF,True,EXTREME_TYPE1,1121,12,12,"(114.73, 22.4);(114.73, 22.8);(114.73, 23.2);(115.14, 22.4);(115.14, 22.8);(115.14, 23.2);(115.55, 22.4);(115.55, 22.8);(115.55, 23.2);(115.95, 22.4);(115.95, 22.8);(115.95, 23.2)",True
59500,2017-07-24 02:00:00,23.9,SURF,True,EXTREME_TYPE1,1131,12,12,"(114.73, 22.8);(114.73, 23.2);(115.14, 22.4);(115.14, 22.8);(115.14, 23.2);(115.14, 23.6);(115.55, 22.4);(115.55, 22.8);(115.55, 23.2);(115.55, 23.6);(115.95, 22.8);(115.95, 23.2)",True
59318,2017-08-01 05:00:00,38.6,SURF,True,EXTREME_TYPE1,583,12,12,"(115.95, 23.2);(115.95, 23.6);(116.36, 22.8);(116.36, 23.2);(116.36, 23.6);(116.36, 24.0);(116.77, 22.8);(116.77, 23.2);(116.77, 23.6);(116.77, 24.0);(117.18, 23.2);(117.18, 23.6)",True
59294,2017-08-02 06:00:00,24.3,SURF,True,EXTREME_TYPE1,1212,11,11,"(113.09, 23.2);(113.5, 22.8);(113.5, 23.2);(113.5, 23.6);(113.91, 22.8);(113.91, 23.2);(113.91, 23.6);(113.91, 24.0);(114.32, 22.8);(114.32, 23.2);(114.32, 23.6)",True
59493,2017-08-02 12:00:00,60.5,SURF,True,EXTREME_TYPE1,1129,13,13,"(113.5, 22.0);(113.5, 22.4);(113.5, 22.8);(113.91, 22.0);(113.91, 22.4);(113.91, 22.8);(113.91, 23.2);(114.32, 22.0);(114.32, 22.4);(114.32, 22.8);(114.32, 23.2);(114.73, 22.4);(114.73, 22.8)",True
59655,2017-08-03 12:00:00,13.9,SURF,True,EXTREME_TYPE1,910,10,10,"(110.23, 21.2);(110.23, 21.6);(110.23, 22.0);(110.64, 21.2);(110.64, 21.6);(110.64, 22.0);(110.64, 22.4);(111.05, 21.2);(111.05, 21.6);(111.05, 22.0)",True
59663,2017-08-03 17:00:00,20.2,SURF,True,EXTREME_TYPE1,1014,11,11,"(111.45, 21.6);(111.45, 22.0);(111.86, 21.2);(111.86, 21.6);(111.86, 22.0);(111.86, 22.4);(112.27, 21.6);(112.27, 22.0);(112.27, 22.4);(112.68, 21.6);(112.68, 22.0)",True
59476,2017-08-22 20:00:00,70.4,SURF,True,EXTREME_TYPE1,3874,11,11,"(112.27, 22.4);(112.68, 22.0);(112.68, 22.4);(112.68, 22.8);(113.09, 22.0);(113.09, 22.4);(113.09, 22.8);(113.09, 23.2);(113.5, 22.0);(113.5, 22.4);(113.5, 22.8)",True
59313,2017-08-23 14:00:00,20.9,SURF,True,EXTREME_TYPE1,147,9,9,"(116.36, 23.6);(116.36, 24.0);(116.77, 23.2);(116.77, 23.6);(116.77, 24.0);(117.18, 23.2);(117.18, 23.6);(117.18, 24.0);(117.59, 23.6)",True
59477,2017-08-23 16:00:00,50.2,SURF,True,EXTREME_TYPE1,2682,10,10,"(111.86, 22.0);(111.86, 22.4);(111.86, 22.8);(112.27, 21.6);(112.27, 22.0);(112.27, 22.4);(112.27, 22.8);(112.68, 22.0);(112.68, 22.4);(112.68, 22.8)",True
59107,2017-08-23 23:00:00,53.7,SURF,True,EXTREME_TYPE1,905,12,3,"(114.73, 23.6);(115.14, 23.6);(115.55, 23.6)",True
59107,2017-08-24 00:00:00,58.6,SURF,True,EXTREME_TYPE1,907,12,3,"(114.73, 23.6);(115.14, 23.6);(115.55, 23.6)",True
59075,2017-08-24 10:00:00,3.9,SURF,True,EXTREME_TYPE1,825,12,12,"(111.86, 24.0);(111.86, 24.4);(112.27, 24.0);(112.27, 24.4);(112.27, 24.8);(112.68, 23.6);(112.68, 24.0);(112.68, 24.4);(112.68, 24.8);(113.09, 24.0);(113.09, 24.4);(113.09, 24.8)",True
59088,2017-08-24 16:00:00,28.1,SURF,True,EXTREME_TYPE1,900,12,12,"(112.68, 24.0);(112.68, 24.4);(113.09, 23.6);(113.09, 24.0);(113.09, 24.4);(113.09, 24.8);(113.5, 23.6);(113.5, 24.0);(113.5, 24.4);(113.5, 24.8);(113.91, 24.0);(113.91, 24.4)",True
59470,2017-08-27 12:00:00,40.5,SURF,True,EXTREME_TYPE1,2660,10,10,"(111.45, 22.8);(111.86, 22.4);(111.86, 22.8);(111.86, 23.2);(112.27, 22.4);(112.27, 22.8);(112.27, 23.2);(112.68, 22.4);(112.68, 22.8);(112.68, 23.2)",True
59462,2017-09-01 17:00:00,5.8,SURF,True,EXTREME_TYPE1,1705,11,11,"(111.05, 22.4);(111.05, 22.8);(111.05, 23.2);(111.45, 22.4);(111.45, 22.8);(111.45, 23.2);(111.86, 22.4);(111.86, 22.8);(111.86, 23.2);(112.27, 22.4);(112.27, 22.8)",True
59478,2017-09-02 19:00:00,52.3,SURF,True,EXTREME_TYPE1,2449,12,12,"(112.27, 22.0);(112.27, 22.4);(112.68, 21.6);(112.68, 22.0);(112.68, 22.4);(112.68, 22.8);(113.09, 21.6);(113.09, 22.0);(113.09, 22.4);(113.09, 22.8);(113.5, 22.0);(113.5, 22.4)",True
59285,2017-09-05 08:00:00,45.2,SURF,True,EXTREME_TYPE1,1214,10,10,"(113.09, 23.2);(113.09, 23.6);(113.09, 24.0);(113.5, 23.2);(113.5, 23.6);(113.5, 24.0);(113.91, 23.2);(113.91, 23.6);(113.91, 24.0);(114.32, 23.6)",True
59298,2017-09-05 16:00:00,65.2,SURF,True,EXTREME_TYPE1,885,11,11,"(113.91, 22.8);(113.91, 23.2);(113.91, 23.6);(114.32, 22.4);(114.32, 22.8);(114.32, 23.2);(114.32, 23.6);(114.73, 22.8);(114.73, 23.2);(114.73, 23.6);(115.14, 23.2)",True
59287,2017-09-06 04:00:00,36.9,SURF,True,EXTREME_TYPE1,1909,9,9,"(113.09, 22.8);(113.09, 23.2);(113.09, 23.6);(113.5, 22.8);(113.5, 23.2);(113.5, 23.6);(113.91, 22.8);(113.91, 23.2);(113.91, 23.6)",True
59087,2017-09-07 01:00:00,50.6,SURF,True,EXTREME_TYPE1,898,10,10,"(113.09, 23.6);(113.09, 24.0);(113.09, 24.4);(113.5, 23.2);(113.5, 23.6);(113.5, 24.0);(113.5, 24.4);(113.91, 23.6);(113.91, 24.0);(113.91, 24.4)",True
59471,2017-09-07 10:00:00,61.4,SURF,True,EXTREME_TYPE1,2706,12,12,"(111.45, 22.8);(111.45, 23.2);(111.86, 22.4);(111.86, 22.8);(111.86, 23.2);(111.86, 23.6);(112.27, 22.4);(112.27, 22.8);(112.27, 23.2);(112.27, 23.6);(112.68, 22.8);(112.68, 23.2)",True
59656,2017-09-07 17:00:00,13.9,SURF,True,EXTREME_TYPE1,656,11,11,"(110.23, 21.2);(110.23, 21.6);(110.64, 20.8);(110.64, 21.2);(110.64, 21.6);(110.64, 22.0);(111.05, 21.2);(111.05, 21.6);(111.05, 22.0);(111.45, 21.2);(111.45, 21.6)",True
59750,2017-09-29 07:00:00,9.9,SURF,True,EXTREME_TYPE1,669,11,11,"(109.41, 21.2);(109.82, 20.4);(109.82, 20.8);(109.82, 21.2);(109.82, 21.6);(110.23, 20.4);(110.23, 20.8);(110.23, 21.2);(110.23, 21.6);(110.64, 20.8);(110.64, 21.2)",True
59475,2017-09-30 01:00:00,10.6,SURF,True,EXTREME_TYPE1,3753,9,9,"(112.27, 22.0);(112.27, 22.4);(112.27, 22.8);(112.68, 22.0);(112.68, 22.4);(112.68, 22.8);(113.09, 22.0);(113.09, 22.4);(113.09, 22.8)",True
59278,2017-10-09 18:00:00,2.1,SURF,True,EXTREME_TYPE1,3495,12,12,"(111.86, 22.8);(111.86, 23.2);(112.27, 22.4);(112.27, 22.8);(112.27, 23.2);(112.27, 23.6);(112.68, 22.4);(112.68, 22.8);(112.68, 23.2);(112.68, 23.6);(113.09, 22.8);(113.09, 23.2)",True
59107,2017-10-15 10:00:00,1.0,SURF,True,EXTREME_TYPE1,883,12,12,"(114.73, 23.6);(114.73, 24.0);(114.73, 24.4);(115.14, 23.6);(115.14, 24.0);(115.14, 24.4);(115.14, 24.8);(115.55, 23.6);(115.55, 24.0);(115.55, 24.4);(115.95, 24.0);(115.95, 24.4)",True
59501,2017-10-15 21:00:00,34.5,SURF,True,EXTREME_TYPE1,1155,12,12,"(114.73, 22.4);(114.73, 22.8);(114.73, 23.2);(115.14, 22.4);(115.14, 22.8);(115.14, 23.2);(115.55, 22.4);(115.55, 22.8);(115.55, 23.2);(115.95, 22.4);(115.95, 22.8);(115.95, 23.2)",True
59486,2018-01-07 02:00:00,5.3,SURF,True,EXTREME_TYPE1,2002,10,10,"(113.5, 22.4);(113.5, 22.8);(113.5, 23.2);(113.91, 22.0);(113.91, 22.4);(113.91, 22.8);(113.91, 23.2);(114.32, 22.4);(114.32, 22.8);(114.32, 23.2)",True
59075,2018-01-08 06:00:00,9.8,SURF,True,EXTREME_TYPE1,874,12,12,"(111.86, 24.0);(111.86, 24.4);(112.27, 24.0);(112.27, 24.4);(112.27, 24.8);(112.68, 23.6);(112.68, 24.0);(112.68, 24.4);(112.68, 24.8);(113.09, 24.0);(113.09, 24.4);(113.09, 24.8)",True
59306,2018-01-09 04:00:00,2.0,SURF,True,EXTREME_TYPE1,1389,12,12,"(115.14, 23.2);(115.14, 23.6);(115.55, 22.8);(115.55, 23.2);(115.55, 23.6);(115.55, 24.0);(115.95, 22.8);(115.95, 23.2);(115.95, 23.6);(115.95, 24.0);(116.36, 23.2);(116.36, 23.6)",True
59072,2018-03-14 21:00:00,14.9,SURF,True,EXTREME_TYPE1,925,9,9,"(111.86, 24.4);(111.86, 24.8);(112.27, 24.4);(112.27, 24.8);(112.27, 25.2);(112.68, 24.4);(112.68, 24.8);(112.68, 25.2);(113.09, 24.8)",True
59088,2018-04-14 11:00:00,52.1,SURF,True,EXTREME_TYPE1,1006,12,12,"(112.68, 24.0);(112.68, 24.4);(113.09, 23.6);(113.09, 24.0);(113.09, 24.4);(113.09, 24.8);(113.5, 23.6);(113.5, 24.0);(113.5, 24.4);(113.5, 24.8);(113.91, 24.0);(113.91, 24.4)",True
59097,2018-04-14 13:00:00,37.5,SURF,True,EXTREME_TYPE1,629,10,10,"(113.5, 24.0);(113.91, 23.6);(113.91, 24.0);(113.91, 24.4);(114.32, 23.6);(114.32, 24.0);(114.32, 24.4);(114.73, 23.6);(114.73, 24.0);(114.73, 24.4)",True
59285,2018-04-14 16:00:00,11.1,SURF,True,EXTREME_TYPE1,1268,10,10,"(113.09, 23.2);(113.09, 23.6);(113.09, 24.0);(113.5, 23.2);(113.5, 23.6);(113.5, 24.0);(113.91, 23.2);(113.91, 23.6);(113.91, 24.0);(114.32, 23.6)",True
59298,2018-04-14 22:00:00,6.7,SURF,True,EXTREME_TYPE1,1048,11,11,"(113.91, 22.8);(113.91, 23.2);(113.91, 23.6);(114.32, 22.4);(114.32, 22.8);(114.32, 23.2);(114.32, 23.6);(114.73, 22.8);(114.73, 23.2);(114.73, 23.6);(115.14, 23.2)",True
59654,2018-04-30 15:00:00,60.9,SURF,True,EXTREME_TYPE1,920,10,10,"(109.82, 21.2);(109.82, 21.6);(109.82, 22.0);(110.23, 21.2);(110.23, 21.6);(110.23, 22.0);(110.64, 21.2);(110.64, 21.6);(110.64, 22.0);(111.05, 21.6)",True
59269,2018-05-01 13:00:00,21.7,SURF,True,EXTREME_TYPE1,1155,9,9,"(111.45, 22.8);(111.45, 23.2);(111.45, 23.6);(111.86, 22.8);(111.86, 23.2);(111.86, 23.6);(112.27, 22.8);(112.27, 23.2);(112.27, 23.6)",True
59477,2018-05-04 02:00:00,72.6,SURF,True,EXTREME_TYPE1,3021,10,10,"(111.86, 22.0);(111.86, 22.4);(111.86, 22.8);(112.27, 21.6);(112.27, 22.0);(112.27, 22.4);(112.27, 22.8);(112.68, 22.0);(112.68, 22.4);(112.68, 22.8)",True
59750,2018-05-05 18:00:00,39.5,SURF,True,EXTREME_TYPE1,737,11,11,"(109.41, 21.2);(109.82, 20.4);(109.82, 20.8);(109.82, 21.2);(109.82, 21.6);(110.23, 20.4);(110.23, 20.8);(110.23, 21.2);(110.23, 21.6);(110.64, 20.8);(110.64, 21.2)",True
59314,2018-05-07 12:00:00,51.2,SURF,True,EXTREME_TYPE1,1099,12,12,"(115.55, 23.2);(115.55, 23.6);(115.95, 22.8);(115.95, 23.2);(115.95, 23.6);(115.95, 24.0);(116.36, 22.8);(116.36, 23.2);(116.36, 23.6);(116.36, 24.0);(116.77, 23.2);(116.77, 23.6)",True
59287,2018-05-07 18:00:00,52.8,SURF,True,EXTREME_TYPE1,1988,9,9,"(113.09, 22.8);(113.09, 23.2);(113.09, 23.6);(113.5, 22.8);(113.5, 23.2);(113.5, 23.6);(113.91, 22.8);(113.91, 23.2);(113.91, 23.6)",True
59314,2018-05-07 22:00:00,6.9,SURF,True,EXTREME_TYPE1,1079,12,12,"(115.55, 23.2);(115.55, 23.6);(115.95, 22.8);(115.95, 23.2);(115.95, 23.6);(115.95, 24.0);(116.36, 22.8);(116.36, 23.2);(116.36, 23.6);(116.36, 24.0);(116.77, 23.2);(116.77, 23.6)",True
59471,2018-05-08 02:00:00,76.6,SURF,True,EXTREME_TYPE1,2785,12,12,"(111.45, 22.8);(111.45, 23.2);(111.86, 22.4);(111.86, 22.8);(111.86, 23.2);(111.86, 23.6);(112.27, 22.4);(112.27, 22.8);(112.27, 23.2);(112.27, 23.6);(112.68, 22.8);(112.68, 23.2)",True
59315,2018-05-08 19:00:00,54.8,SURF,True,EXTREME_TYPE1,575,10,10,"(115.95, 23.2);(115.95, 23.6);(115.95, 24.0);(116.36, 23.2);(116.36, 23.6);(116.36, 24.0);(116.77, 23.2);(116.77, 23.6);(116.77, 24.0);(117.18, 23.6)",True
59269,2018-05-09 03:00:00,5.5,SURF,True,EXTREME_TYPE1,1152,9,9,"(111.45, 22.8);(111.45, 23.2);(111.45, 23.6);(111.86, 22.8);(111.86, 23.2);(111.86, 23.6);(112.27, 22.8);(112.27, 23.2);(112.27, 23.6)",True
59088,2018-05-09 14:00:00,1.6,SURF,True,EXTREME_TYPE1,1001,12,12,"(112.68, 24.0);(112.68, 24.4);(113.09, 23.6);(113.09, 24.0);(113.09, 24.4);(113.09, 24.8);(113.5, 23.6);(113.5, 24.0);(113.5, 24.4);(113.5, 24.8);(113.91, 24.0);(113.91, 24.4)",True
59279,2018-05-10 05:00:00,6.3,SURF,True,EXTREME_TYPE1,2447,12,12,"(112.27, 22.8);(112.27, 23.2);(112.27, 23.6);(112.68, 22.8);(112.68, 23.2);(112.68, 23.6);(113.09, 22.8);(113.09, 23.2);(113.09, 23.6);(113.5, 22.8);(113.5, 23.2);(113.5, 23.6)",True
59656,2018-05-10 21:00:00,28.3,SURF,True,EXTREME_TYPE1,714,11,11,"(110.23, 21.2);(110.23, 21.6);(110.64, 20.8);(110.64, 21.2);(110.64, 21.6);(110.64, 22.0);(111.05, 21.2);(111.05, 21.6);(111.05, 22.0);(111.45, 21.2);(111.45, 21.6)",True
59655,2018-05-12 11:00:00,20.5,SURF,True,EXTREME_TYPE1,1023,10,10,"(110.23, 21.2);(110.23, 21.6);(110.23, 22.0);(110.64, 21.2);(110.64, 21.6);(110.64, 22.0);(110.64, 22.4);(111.05, 21.2);(111.05, 21.6);(111.05, 22.0)",True
57988,2018-05-12 18:00:00,8.3,SURF,True,EXTREME_TYPE1,373,11,11,"(112.68, 24.8);(112.68, 25.2);(113.09, 24.8);(113.09, 25.2);(113.09, 25.6);(113.5, 24.8);(113.5, 25.2);(113.5, 25.6);(113.91, 24.8);(113.91, 25.2);(113.91, 25.6)",True
59650,2018-05-17 16:00:00,49.7,SURF,True,EXTREME_TYPE1,908,11,11,"(109.82, 21.2);(109.82, 21.6);(109.82, 22.0);(110.23, 20.8);(110.23, 21.2);(110.23, 21.6);(110.23, 22.0);(110.64, 20.8);(110.64, 21.2);(110.64, 21.6);(110.64, 22.0)",True
59650,2018-05-18 17:00:00,18.0,SURF,True,EXTREME_TYPE1,907,11,11,"(109.82, 21.2);(109.82, 21.6);(109.82, 22.0);(110.23, 20.8);(110.23, 21.2);(110.23, 21.6);(110.23, 22.0);(110.64, 20.8);(110.64, 21.2);(110.64, 21.6);(110.64, 22.0)",True
59477,2018-05-28 14:00:00,12.7,SURF,True,EXTREME_TYPE1,3021,10,10,"(111.86, 22.0);(111.86, 22.4);(111.86, 22.8);(112.27, 21.6);(112.27, 22.0);(112.27, 22.4);(112.27, 22.8);(112.68, 22.0);(112.68, 22.4);(112.68, 22.8)",True
59264,2018-06-01 19:00:00,23.6,SURF,True,EXTREME_TYPE1,500,9,9,"(111.05, 23.2);(111.45, 22.8);(111.45, 23.2);(111.45, 23.6);(111.45, 24.0);(111.86, 22.8);(111.86, 23.2);(111.86, 23.6);(111.86, 24.0)",True
59673,2018-06-02 09:00:00,59.9,SURF,True,EXTREME_TYPE1,257,8,8,"(112.27, 21.6);(112.27, 22.0);(112.68, 21.6);(112.68, 22.0);(112.68, 22.4);(113.09, 21.6);(113.09, 22.0);(113.5, 21.6)",True
59289,2018-06-03 20:00:00,15.2,SURF,True,EXTREME_TYPE1,2175,12,12,"(113.09, 22.8);(113.09, 23.2);(113.5, 22.4);(113.5, 22.8);(113.5, 23.2);(113.5, 23.6);(113.91, 22.4);(113.91, 22.8);(113.91, 23.2);(113.91, 23.6);(114.32, 22.8);(114.32, 23.2)",True
59487,2018-06-06 05:00:00,2.2,SURF,True,EXTREME_TYPE1,2301,12,12,"(112.68, 22.0);(112.68, 22.4);(113.09, 21.6);(113.09, 22.0);(113.09, 22.4);(113.09, 22.8);(113.5, 21.6);(113.5, 22.0);(113.5, 22.4);(113.5, 22.8);(113.91, 22.0);(113.91, 22.4)",True
59478,2018-06-06 06:00:00,64.8,SURF,True,EXTREME_TYPE1,2865,12,12,"(112.27, 22.0);(112.27, 22.4);(112.68, 21.6);(112.68, 22.0);(112.68, 22.4);(112.68, 22.8);(113.09, 21.6);(113.09, 22.0);(113.09, 22.4);(113.09, 22.8);(113.5, 22.0);(113.5, 22.4)",True
59303,2018-06-06 19:00:00,9.5,SURF,True,EXTREME_TYPE1,1471,10,10,"(115.14, 23.6);(115.14, 24.0);(115.55, 23.6);(115.55, 24.0);(115.55, 24.4);(115.95, 23.6);(115.95, 24.0);(115.95, 24.4);(116.36, 23.6);(116.36, 24.0)",True
59485,2018-06-07 08:00:00,10.7,SURF,True,EXTREME_TYPE1,3390,12,12,"(112.68, 22.4);(112.68, 22.8);(113.09, 22.0);(113.09, 22.4);(113.09, 22.8);(113.5, 22.0);(113.5, 22.4);(113.5, 22.8);(113.5, 23.2);(113.91, 22.0);(113.91, 22.4);(113.91, 22.8)",True
59480,2018-06-07 09:00:00,27.9,SURF,True,EXTREME_TYPE1,3389,10,10,"(112.68, 22.4);(112.68, 22.8);(112.68, 23.2);(113.09, 22.4);(113.09, 22.8);(113.09, 23.2);(113.5, 22.4);(113.5, 22.8);(113.5, 23.2);(113.91, 22.8)",True
59493,2018-06-07 21:00:00,15.3,SURF,True,EXTREME_TYPE1,1423,13,13,"(113.5, 22.0);(113.5, 22.4);(113.5, 22.8);(113.91, 22.0);(113.91, 22.4);(113.91, 22.8);(113.91, 23.2);(114.32, 22.0);(114.32, 22.4);(114.32, 22.8);(114.32, 23.2);(114.73, 22.4);(114.73, 22.8)",True
59485,2018-06-08 05:00:00,40.5,SURF,True,EXTREME_TYPE1,3390,12,12,"(112.68, 22.4);(112.68, 22.8);(113.09, 22.0);(113.09, 22.4);(113.09, 22.8);(113.5, 22.0);(113.5, 22.4);(113.5, 22.8);(113.5, 23.2);(113.91, 22.0);(113.91, 22.4);(113.91, 22.8)",True
59279,2018-06-08 07:00:00,20.0,SURF,True,EXTREME_TYPE1,2697,12,12,"(112.27, 22.8);(112.27, 23.2);(112.27, 23.6);(112.68, 22.8);(112.68, 23.2);(112.68, 23.6);(113.09, 22.8);(113.09, 23.2);(113.09, 23.6);(113.5, 22.8);(113.5, 23.2);(113.5, 23.6)",True
59501,2018-06-08 09:00:00,48.3,SURF,True,EXTREME_TYPE1,1379,12,12,"(114.73, 22.4);(114.73, 22.8);(114.73, 23.2);(115.14, 22.4);(115.14, 22.8);(115.14, 23.2);(115.55, 22.4);(115.55, 22.8);(115.55, 23.2);(115.95, 22.4);(115.95, 22.8);(115.95, 23.2)",True
59287,2018-06-08 12:00:00,17.1,SURF,True,EXTREME_TYPE1,1998,9,9,"(113.09, 22.8);(113.09, 23.2);(113.09, 23.6);(113.5, 22.8);(113.5, 23.2);(113.5, 23.6);(113.91, 22.8);(113.91, 23.2);(113.91, 23.6)",True
59288,2018-06-08 13:00:00,52.7,SURF,True,EXTREME_TYPE1,2694,10,10,"(112.27, 23.2);(112.68, 22.8);(112.68, 23.2);(112.68, 23.6);(113.09, 22.8);(113.09, 23.2);(113.09, 23.6);(113.5, 22.8);(113.5, 23.2);(113.5, 23.6)",True
59287,2018-06-08 19:00:00,52.7,SURF,True,EXTREME_TYPE1,1993,9,9,"(113.09, 22.8);(113.09, 23.2);(113.09, 23.6);(113.5, 22.8);(113.5, 23.2);(113.5, 23.6);(113.91, 22.8);(113.91, 23.2);(113.91, 23.6)",True
59294,2018-06-09 02:00:00,58.6,SURF,True,EXTREME_TYPE1,1282,11,11,"(113.09, 23.2);(113.5, 22.8);(113.5, 23.2);(113.5, 23.6);(113.91, 22.8);(113.91, 23.2);(113.91, 23.6);(113.91, 24.0);(114.32, 22.8);(114.32, 23.2);(114.32, 23.6)",True
59485,2018-06-12 20:00:00,13.3,SURF,True,EXTREME_TYPE1,3392,12,12,"(112.68, 22.4);(112.68, 22.8);(113.09, 22.0);(113.09, 22.4);(113.09, 22.8);(113.5, 22.0);(113.5, 22.4);(113.5, 22.8);(113.5, 23.2);(113.91, 22.0);(113.91, 22.4);(113.91, 22.8)",True
59470,2018-06-13 07:00:00,5.9,SURF,True,EXTREME_TYPE1,2812,10,10,"(111.45, 22.8);(111.86, 22.4);(111.86, 22.8);(111.86, 23.2);(112.27, 22.4);(112.27, 22.8);(112.27, 23.2);(112.68, 22.4);(112.68, 22.8);(112.68, 23.2)",True
59114,2018-06-13 18:00:00,2.4,SURF,True,EXTREME_TYPE1,343,10,10,"(115.55, 24.4);(115.55, 24.8);(115.95, 24.0);(115.95, 24.4);(115.95, 24.8);(116.36, 24.0);(116.36, 24.4);(116.36, 24.8);(116.77, 24.4);(116.77, 24.8)",True
59324,2018-06-18 22:00:00,54.2,SURF,True,EXTREME_TYPE1,165,10,10,"(116.36, 23.2);(116.36, 23.6);(116.77, 22.8);(116.77, 23.2);(116.77, 23.6);(116.77, 24.0);(117.18, 23.2);(117.18, 23.6);(117.18, 24.0);(117.59, 23.6)",True
59502,2018-06-22 04:00:00,53.2,SURF,True,EXTREME_TYPE1,1230,12,12,"(115.14, 22.8);(115.14, 23.2);(115.55, 22.4);(115.55, 22.8);(115.55, 23.2);(115.55, 23.6);(115.95, 22.4);(115.95, 22.8);(115.95, 23.2);(115.95, 23.6);(116.36, 22.8);(116.36, 23.2)",True
59673,2018-06-22 08:00:00,23.8,SURF,True,EXTREME_TYPE1,267,8,8,"(112.27, 21.6);(112.27, 22.0);(112.68, 21.6);(112.68, 22.0);(112.68, 22.4);(113.09, 21.6);(113.09, 22.0);(113.5, 21.6)",True
59475,2018-06-24 05:00:00,35.8,SURF,True,EXTREME_TYPE1,3871,9,9,"(112.27, 22.0);(112.27, 22.4);(112.27, 22.8);(112.68, 22.0);(112.68, 22.4);(112.68, 22.8);(113.09, 22.0);(113.09, 22.4);(113.09, 22.8)",True
59287,2018-07-06 16:00:00,63.2,SURF,True,EXTREME_TYPE1,1998,9,9,"(113.09, 22.8);(113.09, 23.2);(113.09, 23.6);(113.5, 22.8);(113.5, 23.2);(113.5, 23.6);(113.91, 22.8);(113.91, 23.2);(113.91, 23.6)",True
59306,2018-07-09 15:00:00,24.0,SURF,True,EXTREME_TYPE1,1459,12,12,"(115.14, 23.2);(115.14, 23.6);(115.55, 22.8);(115.55, 23.2);(115.55, 23.6);(115.55, 24.0);(115.95, 22.8);(115.95, 23.2);(115.95, 23.6);(115.95, 24.0);(116.36, 23.2);(116.36, 23.6)",True
59270,2018-07-13 17:00:00,37.7,SURF,True,EXTREME_TYPE1,895,10,10,"(111.45, 24.0);(111.86, 23.6);(111.86, 24.0);(111.86, 24.4);(112.27, 23.6);(112.27, 24.0);(112.27, 24.4);(112.68, 23.6);(112.68, 24.0);(112.68, 24.4)",True
59487,2018-07-17 21:00:00,58.3,SURF,True,EXTREME_TYPE1,2278,12,12,"(112.68, 22.0);(112.68, 22.4);(113.09, 21.6);(113.09, 22.0);(113.09, 22.4);(113.09, 22.8);(113.5, 21.6);(113.5, 22.0);(113.5, 22.4);(113.5, 22.8);(113.91, 22.0);(113.91, 22.4)",True
59478,2018-07-17 23:00:00,35.6,SURF,True,EXTREME_TYPE1,2848,12,12,"(112.27, 22.0);(112.27, 22.4);(112.68, 21.6);(112.68, 22.0);(112.68, 22.4);(112.68, 22.8);(113.09, 21.6);(113.09, 22.0);(113.09, 22.4);(113.09, 22.8);(113.5, 22.0);(113.5, 22.4)",True
59658,2018-07-18 14:00:00,5.5,SURF,True,EXTREME_TYPE1,552,10,10,"(109.82, 20.8);(109.82, 21.2);(109.82, 21.6);(110.23, 20.8);(110.23, 21.2);(110.23, 21.6);(110.64, 20.8);(110.64, 21.2);(110.64, 21.6);(111.05, 21.2)",True
59315,2018-07-21 21:00:00,7.5,SURF,True,EXTREME_TYPE1,582,10,10,"(115.95, 23.2);(115.95, 23.6);(115.95, 24.0);(116.36, 23.2);(116.36, 23.6);(116.36, 24.0);(116.77, 23.2);(116.77, 23.6);(116.77, 24.0);(117.18, 23.6)",True
59487,2018-07-23 18:00:00,12.0,SURF,True,EXTREME_TYPE1,2282,12,12,"(112.68, 22.0);(112.68, 22.4);(113.09, 21.6);(113.09, 22.0);(113.09, 22.4);(113.09, 22.8);(113.5, 21.6);(113.5, 22.0);(113.5, 22.4);(113.5, 22.8);(113.91, 22.0);(113.91, 22.4)",True
59287,2018-07-24 11:00:00,12.4,SURF,True,EXTREME_TYPE1,1962,9,9,"(113.09, 22.8);(113.09, 23.2);(113.09, 23.6);(113.5, 22.8);(113.5, 23.2);(113.5, 23.6);(113.91, 22.8);(113.91, 23.2);(113.91, 23.6)",True
59279,2018-07-26 13:00:00,56.5,SURF,True,EXTREME_TYPE1,2640,12,12,"(112.27, 22.8);(112.27, 23.2);(112.27, 23.6);(112.68, 22.8);(112.68, 23.2);(112.68, 23.6);(113.09, 22.8);(113.09, 23.2);(113.09, 23.6);(113.5, 22.8);(113.5, 23.2);(113.5, 23.6)",True
59750,2018-07-26 16:00:00,34.5,SURF,True,EXTREME_TYPE1,726,11,11,"(109.41, 21.2);(109.82, 20.4);(109.82, 20.8);(109.82, 21.2);(109.82, 21.6);(110.23, 20.4);(110.23, 20.8);(110.23, 21.2);(110.23, 21.6);(110.64, 20.8);(110.64, 21.2)",True
59477,2018-07-29 14:00:00,11.3,SURF,True,EXTREME_TYPE1,3022,10,10,"(111.86, 22.0);(111.86, 22.4);(111.86, 22.8);(112.27, 21.6);(112.27, 22.0);(112.27, 22.4);(112.27, 22.8);(112.68, 22.0);(112.68, 22.4);(112.68, 22.8)",True
59293,2018-08-02 11:00:00,30.9,SURF,True,EXTREME_TYPE1,594,11,11,"(114.32, 23.2);(114.32, 23.6);(114.32, 24.0);(114.73, 23.2);(114.73, 23.6);(114.73, 24.0);(114.73, 24.4);(115.14, 23.2);(115.14, 23.6);(115.14, 24.0);(115.14, 24.4)",True
59659,2018-08-07 14:00:00,55.6,SURF,True,EXTREME_TYPE1,969,12,12,"(110.23, 21.6);(110.23, 22.0);(110.64, 21.2);(110.64, 21.6);(110.64, 22.0);(110.64, 22.4);(111.05, 21.2);(111.05, 21.6);(111.05, 22.0);(111.05, 22.4);(111.45, 21.6);(111.45, 22.0)",True
59082,2018-08-07 17:00:00,24.5,SURF,True,EXTREME_TYPE1,769,12,12,"(113.09, 24.4);(113.09, 24.8);(113.09, 25.2);(113.5, 24.0);(113.5, 24.4);(113.5, 24.8);(113.5, 25.2);(113.91, 24.4);(113.91, 24.8);(113.91, 25.2);(114.32, 24.4);(114.32, 24.8)",True
59094,2018-08-10 14:00:00,13.1,SURF,True,EXTREME_TYPE1,523,12,10,"(113.5, 24.0);(113.5, 24.4);(113.5, 24.8);(113.91, 24.0);(113.91, 24.4);(113.91, 24.8);(114.32, 24.0);(114.32, 24.4);(114.73, 24.0);(114.73, 24.4)",True
59754,2018-08-10 16:00:00,50.6,SURF,True,EXTREME_TYPE1,415,5,5,"(109.82, 20.4);(109.82, 20.8);(110.23, 20.4);(110.23, 20.8);(110.64, 20.8)",True
59471,2018-08-10 20:00:00,8.5,SURF,True,EXTREME_TYPE1,2801,12,12,"(111.45, 22.8);(111.45, 23.2);(111.86, 22.4);(111.86, 22.8);(111.86, 23.2);(111.86, 23.6);(112.27, 22.4);(112.27, 22.8);(112.27, 23.2);(112.27, 23.6);(112.68, 22.8);(112.68, 23.2)",True
59656,2018-08-11 01:00:00,12.3,SURF,True,EXTREME_TYPE1,723,11,11,"(110.23, 21.2);(110.23, 21.6);(110.64, 20.8);(110.64, 21.2);(110.64, 21.6);(110.64, 22.0);(111.05, 21.2);(111.05, 21.6);(111.05, 22.0);(111.45, 21.2);(111.45, 21.6)",True
59501,2018-08-11 08:00:00,10.0,SURF,True,EXTREME_TYPE1,1383,12,12,"(114.73, 22.4);(114.73, 22.8);(114.73, 23.2);(115.14, 22.4);(115.14, 22.8);(115.14, 23.2);(115.55, 22.4);(115.55, 22.8);(115.55, 23.2);(115.95, 22.4);(115.95, 22.8);(115.95, 23.2)",True
59469,2018-08-11 14:00:00,51.0,SURF,True,EXTREME_TYPE1,1414,11,11,"(111.05, 22.0);(111.45, 21.6);(111.45, 22.0);(111.45, 22.4);(111.86, 21.6);(111.86, 22.0);(111.86, 22.4);(111.86, 22.8);(112.27, 21.6);(112.27, 22.0);(112.27, 22.4)",True
59469,2018-08-11 15:00:00,81.3,SURF,True,EXTREME_TYPE1,1413,11,11,"(111.05, 22.0);(111.45, 21.6);(111.45, 22.0);(111.45, 22.4);(111.86, 21.6);(111.86, 22.0);(111.86, 22.4);(111.86, 22.8);(112.27, 21.6);(112.27, 22.0);(112.27, 22.4)",True
59477,2018-08-12 03:00:00,24.2,SURF,True,EXTREME_TYPE1,3068,10,10,"(111.86, 22.0);(111.86, 22.4);(111.86, 22.8);(112.27, 21.6);(112.27, 22.0);(112.27, 22.4);(112.27, 22.8);(112.68, 22.0);(112.68, 22.4);(112.68, 22.8)",True
59655,2018-08-16 02:00:00,1.9,SURF,True,EXTREME_TYPE1,1039,10,10,"(110.23, 21.2);(110.23, 21.6);(110.23, 22.0);(110.64, 21.2);(110.64, 21.6);(110.64, 22.0);(110.64, 22.4);(111.05, 21.2);(111.05, 21.6);(111.05, 22.0)",True
59480,2018-08-19 16:00:00,50.0,SURF,True,EXTREME_TYPE1,3350,10,10,"(112.68, 22.4);(112.68, 22.8);(112.68, 23.2);(113.09, 22.4);(113.09, 22.8);(113.09, 23.2);(113.5, 22.4);(113.5, 22.8);(113.5, 23.2);(113.91, 22.8)",True
59317,2018-08-20 05:00:00,51.6,SURF,True,EXTREME_TYPE1,907,9,9,"(115.95, 22.4);(115.95, 22.8);(115.95, 23.2);(115.95, 23.6);(116.36, 22.8);(116.36, 23.2);(116.36, 23.6);(116.77, 22.8);(116.77, 23.2)",True
59288,2018-08-21 21:00:00,65.8,SURF,True,EXTREME_TYPE1,2666,10,10,"(112.27, 23.2);(112.68, 22.8);(112.68, 23.2);(112.68, 23.6);(113.09, 22.8);(113.09, 23.2);(113.09, 23.6);(113.5, 22.8);(113.5, 23.2);(113.5, 23.6)",True
59473,2018-08-21 22:00:00,58.3,SURF,True,EXTREME_TYPE1,3738,10,10,"(112.27, 22.8);(112.68, 22.4);(112.68, 22.8);(112.68, 23.2);(113.09, 22.4);(113.09, 22.8);(113.09, 23.2);(113.5, 22.4);(113.5, 22.8);(113.5, 23.2)",True
59097,2018-08-22 03:00:00,18.8,SURF,True,EXTREME_TYPE1,635,10,10,"(113.5, 24.0);(113.91, 23.6);(113.91, 24.0);(113.91, 24.4);(114.32, 23.6);(114.32, 24.0);(114.32, 24.4);(114.73, 23.6);(114.73, 24.0);(114.73, 24.4)",True
59284,2018-08-22 16:00:00,39.4,SURF,True,EXTREME_TYPE1,1961,12,12,"(112.68, 23.2);(112.68, 23.6);(113.09, 22.8);(113.09, 23.2);(113.09, 23.6);(113.09, 24.0);(113.5, 22.8);(113.5, 23.2);(113.5, 23.6);(113.5, 24.0);(113.91, 23.2);(113.91, 23.6)",True
59659,2018-08-23 16:00:00,139.9,SURF,True,EXTREME_TYPE1,963,12,12,"(110.23, 21.6);(110.23, 22.0);(110.64, 21.2);(110.64, 21.6);(110.64, 22.0);(110.64, 22.4);(111.05, 21.2);(111.05, 21.6);(111.05, 22.0);(111.05, 22.4);(111.45, 21.6);(111.45, 22.0)",True
59750,2018-08-23 18:00:00,51.0,SURF,True,EXTREME_TYPE1,744,11,11,"(109.41, 21.2);(109.82, 20.4);(109.82, 20.8);(109.82, 21.2);(109.82, 21.6);(110.23, 20.4);(110.23, 20.8);(110.23, 21.2);(110.23, 21.6);(110.64, 20.8);(110.64, 21.2)",True
59318,2018-08-26 22:00:00,1.8,SURF,True,EXTREME_TYPE1,584,12,12,"(115.95, 23.2);(115.95, 23.6);(116.36, 22.8);(116.36, 23.2);(116.36, 23.6);(116.36, 24.0);(116.77, 22.8);(116.77, 23.2);(116.77, 23.6);(116.77, 24.0);(117.18, 23.2);(117.18, 23.6)",True
59655,2018-08-26 23:00:00,51.7,SURF,True,EXTREME_TYPE1,1004,10,10,"(110.23, 21.2);(110.23, 21.6);(110.23, 22.0);(110.64, 21.2);(110.64, 21.6);(110.64, 22.0);(110.64, 22.4);(111.05, 21.2);(111.05, 21.6);(111.05, 22.0)",True
59271,2018-08-27 20:00:00,5.5,SURF,True,EXTREME_TYPE1,1316,11,11,"(111.86, 23.2);(111.86, 23.6);(111.86, 24.0);(112.27, 23.2);(112.27, 23.6);(112.27, 24.0);(112.68, 23.2);(112.68, 23.6);(112.68, 24.0);(113.09, 23.6);(113.09, 24.0)",True
59492,2018-08-28 01:00:00,2.9,SURF,True,EXTREME_TYPE1,926,11,11,"(114.32, 22.4);(114.32, 22.8);(114.32, 23.2);(114.32, 23.6);(114.73, 22.4);(114.73, 22.8);(114.73, 23.2);(114.73, 23.6);(115.14, 22.8);(115.14, 23.2);(115.14, 23.6)",True
59654,2018-08-28 12:00:00,6.2,SURF,True,EXTREME_TYPE1,915,10,10,"(109.82, 21.2);(109.82, 21.6);(109.82, 22.0);(110.23, 21.2);(110.23, 21.6);(110.23, 22.0);(110.64, 21.2);(110.64, 21.6);(110.64, 22.0);(111.05, 21.6)",True
59279,2018-08-29 15:00:00,28.9,SURF,True,EXTREME_TYPE1,2672,12,12,"(112.27, 22.8);(112.27, 23.2);(112.27, 23.6);(112.68, 22.8);(112.68, 23.2);(112.68, 23.6);(113.09, 22.8);(113.09, 23.2);(113.09, 23.6);(113.5, 22.8);(113.5, 23.2);(113.5, 23.6)",True
59317,2018-08-29 16:00:00,5.1,SURF,True,EXTREME_TYPE1,903,9,9,"(115.95, 22.4);(115.95, 22.8);(115.95, 23.2);(115.95, 23.6);(116.36, 22.8);(116.36, 23.2);(116.36, 23.6);(116.77, 22.8);(116.77, 23.2)",True
59318,2018-08-30 14:00:00,56.2,SURF,True,EXTREME_TYPE1,586,12,12,"(115.95, 23.2);(115.95, 23.6);(116.36, 22.8);(116.36, 23.2);(116.36, 23.6);(116.36, 24.0);(116.77, 22.8);(116.77, 23.2);(116.77, 23.6);(116.77, 24.0);(117.18, 23.2);(117.18, 23.6)",True
59097,2018-08-30 15:00:00,17.7,SURF,True,EXTREME_TYPE1,641,10,10,"(113.5, 24.0);(113.91, 23.6);(113.91, 24.0);(113.91, 24.4);(114.32, 23.6);(114.32, 24.0);(114.32, 24.4);(114.73, 23.6);(114.73, 24.0);(114.73, 24.4)",True
59653,2018-08-30 20:00:00,57.0,SURF,True,EXTREME_TYPE1,920,11,11,"(110.23, 21.6);(110.23, 22.0);(110.64, 21.6);(110.64, 22.0);(110.64, 22.4);(111.05, 21.6);(111.05, 22.0);(111.05, 22.4);(111.45, 21.6);(111.45, 22.0);(111.45, 22.4)",True
59107,2018-08-31 05:00:00,8.0,SURF,True,EXTREME_TYPE1,934,12,12,"(114.73, 23.6);(114.73, 24.0);(114.73, 24.4);(115.14, 23.6);(115.14, 24.0);(115.14, 24.4);(115.14, 24.8);(115.55, 23.6);(115.55, 24.0);(115.55, 24.4);(115.95, 24.0);(115.95, 24.4)",True
59500,2018-08-31 07:00:00,44.8,SURF,True,EXTREME_TYPE1,1375,12,12,"(114.73, 22.8);(114.73, 23.2);(115.14, 22.4);(115.14, 22.8);(115.14, 23.2);(115.14, 23.6);(115.55, 22.4);(115.55, 22.8);(115.55, 23.2);(115.55, 23.6);(115.95, 22.8);(115.95, 23.2)",True
59287,2018-08-31 14:00:00,23.3,SURF,True,EXTREME_TYPE1,1994,9,9,"(113.09, 22.8);(113.09, 23.2);(113.09, 23.6);(113.5, 22.8);(113.5, 23.2);(113.5, 23.6);(113.91, 22.8);(113.91, 23.2);(113.91, 23.6)",True
59293,2018-08-31 15:00:00,1.7,SURF,True,EXTREME_TYPE1,606,11,11,"(114.32, 23.2);(114.32, 23.6);(114.32, 24.0);(114.73, 23.2);(114.73, 23.6);(114.73, 24.0);(114.73, 24.4);(115.14, 23.2);(115.14, 23.6);(115.14, 24.0);(115.14, 24.4)",True
59294,2018-08-31 16:00:00,14.6,SURF,True,EXTREME_TYPE1,1292,11,11,"(113.09, 23.2);(113.5, 22.8);(113.5, 23.2);(113.5, 23.6);(113.91, 22.8);(113.91, 23.2);(113.91, 23.6);(113.91, 24.0);(114.32, 22.8);(114.32, 23.2);(114.32, 23.6)",True
59075,2018-09-01 11:00:00,34.7,SURF,True,EXTREME_TYPE1,948,12,12,"(111.86, 24.0);(111.86, 24.4);(112.27, 24.0);(112.27, 24.4);(112.27, 24.8);(112.68, 23.6);(112.68, 24.0);(112.68, 24.4);(112.68, 24.8);(113.09, 24.0);(113.09, 24.4);(113.09, 24.8)",True
59107,2018-09-02 18:00:00,27.5,SURF,True,EXTREME_TYPE1,943,12,12,"(114.73, 23.6);(114.73, 24.0);(114.73, 24.4);(115.14, 23.6);(115.14, 24.0);(115.14, 24.4);(115.14, 24.8);(115.55, 23.6);(115.55, 24.0);(115.55, 24.4);(115.95, 24.0);(115.95, 24.4)",True
59289,2018-09-02 18:00:00,11.4,SURF,True,EXTREME_TYPE1,2170,12,12,"(113.09, 22.8);(113.09, 23.2);(113.5, 22.4);(113.5, 22.8);(113.5, 23.2);(113.5, 23.6);(113.91, 22.4);(113.91, 22.8);(113.91, 23.2);(113.91, 23.6);(114.32, 22.8);(114.32, 23.2)",True
59278,2018-09-06 17:00:00,57.5,SURF,True,EXTREME_TYPE1,3606,12,12,"(111.86, 22.8);(111.86, 23.2);(112.27, 22.4);(112.27, 22.8);(112.27, 23.2);(112.27, 23.6);(112.68, 22.4);(112.68, 22.8);(112.68, 23.2);(112.68, 23.6);(113.09, 22.8);(113.09, 23.2)",True
59655,2018-09-07 20:00:00,41.9,SURF,True,EXTREME_TYPE1,1015,10,10,"(110.23, 21.2);(110.23, 21.6);(110.23, 22.0);(110.64, 21.2);(110.64, 21.6);(110.64, 22.0);(110.64, 22.4);(111.05, 21.2);(111.05, 21.6);(111.05, 22.0)",True
59658,2018-09-13 06:00:00,12.5,SURF,True,EXTREME_TYPE1,570,10,10,"(109.82, 20.8);(109.82, 21.2);(109.82, 21.6);(110.23, 20.8);(110.23, 21.2);(110.23, 21.6);(110.64, 20.8);(110.64, 21.2);(110.64, 21.6);(111.05, 21.2)",True
59487,2018-09-16 12:00:00,19.1,SURF,True,EXTREME_TYPE1,2277,12,12,"(112.68, 22.0);(112.68, 22.4);(113.09, 21.6);(113.09, 22.0);(113.09, 22.4);(113.09, 22.8);(113.5, 21.6);(113.5, 22.0);(113.5, 22.4);(113.5, 22.8);(113.91, 22.0);(113.91, 22.4)",True
59473,2018-09-16 15:00:00,13.3,SURF,True,EXTREME_TYPE1,3689,10,10,"(112.27, 22.8);(112.68, 22.4);(112.68, 22.8);(112.68, 23.2);(113.09, 22.4);(113.09, 22.8);(113.09, 23.2);(113.5, 22.4);(113.5, 22.8);(113.5, 23.2)",True
59487,2018-09-16 16:00:00,18.8,SURF,True,EXTREME_TYPE1,2214,12,12,"(112.68, 22.0);(112.68, 22.4);(113.09, 21.6);(113.09, 22.0);(113.09, 22.4);(113.09, 22.8);(113.5, 21.6);(113.5, 22.0);(113.5, 22.4);(113.5, 22.8);(113.91, 22.0);(113.91, 22.4)",True
59663,2018-09-17 05:00:00,56.1,SURF,True,EXTREME_TYPE1,888,11,11,"(111.45, 21.6);(111.45, 22.0);(111.86, 21.2);(111.86, 21.6);(111.86, 22.0);(111.86, 22.4);(112.27, 21.6);(112.27, 22.0);(112.27, 22.4);(112.68, 21.6);(112.68, 22.0)",True
59663,2018-09-17 06:00:00,74.6,SURF,True,EXTREME_TYPE1,883,11,11,"(111.45, 21.6);(111.45, 22.0);(111.86, 21.2);(111.86, 21.6);(111.86, 22.0);(111.86, 22.4);(112.27, 21.6);(112.27, 22.0);(112.27, 22.4);(112.68, 21.6);(112.68, 22.0)",True
59653,2018-09-17 10:00:00,10.6,SURF,True,EXTREME_TYPE1,776,11,11,"(110.23, 21.6);(110.23, 22.0);(110.64, 21.6);(110.64, 22.0);(110.64, 22.4);(111.05, 21.6);(111.05, 22.0);(111.05, 22.4);(111.45, 21.6);(111.45, 22.0);(111.45, 22.4)",True
59071,2018-09-17 13:00:00,15.8,SURF,True,EXTREME_TYPE1,529,8,8,"(111.86, 24.4);(111.86, 24.8);(112.27, 24.4);(112.27, 24.8);(112.27, 25.2);(112.68, 24.4);(112.68, 24.8);(112.68, 25.2)",True
59485,2018-09-24 09:00:00,34.4,SURF,True,EXTREME_TYPE1,3393,12,12,"(112.68, 22.4);(112.68, 22.8);(113.09, 22.0);(113.09, 22.4);(113.09, 22.8);(113.5, 22.0);(113.5, 22.4);(113.5, 22.8);(113.5, 23.2);(113.91, 22.0);(113.91, 22.4);(113.91, 22.8)",True
59271,2018-10-15 04:00:00,6.4,SURF,True,EXTREME_TYPE1,1296,11,11,"(111.86, 23.2);(111.86, 23.6);(111.86, 24.0);(112.27, 23.2);(112.27, 23.6);(112.27, 24.0);(112.68, 23.2);(112.68, 23.6);(112.68, 24.0);(113.09, 23.6);(113.09, 24.0)",True
59289,2018-10-15 17:00:00,20.3,SURF,True,EXTREME_TYPE1,2166,12,12,"(113.09, 22.8);(113.09, 23.2);(113.5, 22.4);(113.5, 22.8);(113.5, 23.2);(113.5, 23.6);(113.91, 22.4);(113.91, 22.8);(113.91, 23.2);(113.91, 23.6);(114.32, 22.8);(114.32, 23.2)",True
59284,2018-10-17 06:00:00,5.8,SURF,True,EXTREME_TYPE1,1996,12,12,"(112.68, 23.2);(112.68, 23.6);(113.09, 22.8);(113.09, 23.2);(113.09, 23.6);(113.09, 24.0);(113.5, 22.8);(113.5, 23.2);(113.5, 23.6);(113.5, 24.0);(113.91, 23.2);(113.91, 23.6)",True
59462,2018-10-22 20:00:00,33.6,SURF,True,EXTREME_TYPE1,1827,11,11,"(111.05, 22.4);(111.05, 22.8);(111.05, 23.2);(111.45, 22.4);(111.45, 22.8);(111.45, 23.2);(111.86, 22.4);(111.86, 22.8);(111.86, 23.2);(112.27, 22.4);(112.27, 22.8)",True
59456,2018-10-22 21:00:00,72.6,SURF,True,EXTREME_TYPE1,888,10,10,"(110.23, 22.4);(110.64, 22.0);(110.64, 22.4);(110.64, 22.8);(111.05, 22.0);(111.05, 22.4);(111.05, 22.8);(111.45, 22.0);(111.45, 22.4);(111.45, 22.8)",True
59082,2018-12-08 19:00:00,1.9,SURF,True,EXTREME_TYPE1,808,12,12,"(113.09, 24.4);(113.09, 24.8);(113.09, 25.2);(113.5, 24.0);(113.5, 24.4);(113.5, 24.8);(113.5, 25.2);(113.91, 24.4);(113.91, 24.8);(113.91, 25.2);(114.32, 24.4);(114.32, 24.8)",True
59288,2019-02-18 10:00:00,15.4,SURF,True,EXTREME_TYPE1,2705,10,10,"(112.27, 23.2);(112.68, 22.8);(112.68, 23.2);(112.68, 23.6);(113.09, 22.8);(113.09, 23.2);(113.09, 23.6);(113.5, 22.8);(113.5, 23.2);(113.5, 23.6)",True
59469,2019-02-18 10:00:00,33.9,SURF,True,EXTREME_TYPE1,1457,11,11,"(111.05, 22.0);(111.45, 21.6);(111.45, 22.0);(111.45, 22.4);(111.86, 21.6);(111.86, 22.0);(111.86, 22.4);(111.86, 22.8);(112.27, 21.6);(112.27, 22.0);(112.27, 22.4)",True
59653,2019-02-21 17:00:00,12.4,SURF,True,EXTREME_TYPE1,939,11,11,"(110.23, 21.6);(110.23, 22.0);(110.64, 21.6);(110.64, 22.0);(110.64, 22.4);(111.05, 21.6);(111.05, 22.0);(111.05, 22.4);(111.45, 21.6);(111.45, 22.0);(111.45, 22.4)",True
59287,2019-02-21 18:00:00,54.7,SURF,True,EXTREME_TYPE1,2031,9,9,"(113.09, 22.8);(113.09, 23.2);(113.09, 23.6);(113.5, 22.8);(113.5, 23.2);(113.5, 23.6);(113.91, 22.8);(113.91, 23.2);(113.91, 23.6)",True
59090,2019-02-23 15:00:00,5.3,SURF,True,EXTREME_TYPE1,261,12,12,"(113.5, 24.8);(113.5, 25.2);(113.91, 24.4);(113.91, 24.8);(113.91, 25.2);(113.91, 25.6);(114.32, 24.4);(114.32, 24.8);(114.32, 25.2);(114.32, 25.6);(114.73, 24.8);(114.73, 25.2)",True
59664,2019-02-23 15:00:00,11.8,SURF,True,EXTREME_TYPE1,979,10,10,"(110.23, 21.6);(110.64, 21.2);(110.64, 21.6);(110.64, 22.0);(111.05, 21.2);(111.05, 21.6);(111.05, 22.0);(111.45, 21.2);(111.45, 21.6);(111.45, 22.0)",True
59088,2019-02-23 19:00:00,1.5,SURF,True,EXTREME_TYPE1,1029,12,12,"(112.68, 24.0);(112.68, 24.4);(113.09, 23.6);(113.09, 24.0);(113.09, 24.4);(113.09, 24.8);(113.5, 23.6);(113.5, 24.0);(113.5, 24.4);(113.5, 24.8);(113.91, 24.0);(113.91, 24.4)",True
59279,2019-02-23 20:00:00,1.6,SURF,True,EXTREME_TYPE1,2693,12,12,"(112.27, 22.8);(112.27, 23.2);(112.27, 23.6);(112.68, 22.8);(112.68, 23.2);(112.68, 23.6);(113.09, 22.8);(113.09, 23.2);(113.09, 23.6);(113.5, 22.8);(113.5, 23.2);(113.5, 23.6)",True
59663,2019-03-06 12:00:00,26.6,SURF,True,EXTREME_TYPE1,1030,11,11,"(111.45, 21.6);(111.45, 22.0);(111.86, 21.2);(111.86, 21.6);(111.86, 22.0);(111.86, 22.4);(112.27, 21.6);(112.27, 22.0);(112.27, 22.4);(112.68, 21.6);(112.68, 22.0)",True
59480,2019-03-09 09:00:00,6.7,SURF,True,EXTREME_TYPE1,3418,10,10,"(112.68, 22.4);(112.68, 22.8);(112.68, 23.2);(113.09, 22.4);(113.09, 22.8);(113.09, 23.2);(113.5, 22.4);(113.5, 22.8);(113.5, 23.2);(113.91, 22.8)",True
59303,2019-03-22 18:00:00,63.2,SURF,True,EXTREME_TYPE1,1476,10,10,"(115.14, 23.6);(115.14, 24.0);(115.55, 23.6);(115.55, 24.0);(115.55, 24.4);(115.95, 23.6);(115.95, 24.0);(115.95, 24.4);(116.36, 23.6);(116.36, 24.0)",True
59650,2019-03-23 08:00:00,56.1,SURF,True,EXTREME_TYPE1,928,11,11,"(109.82, 21.2);(109.82, 21.6);(109.82, 22.0);(110.23, 20.8);(110.23, 21.2);(110.23, 21.6);(110.23, 22.0);(110.64, 20.8);(110.64, 21.2);(110.64, 21.6);(110.64, 22.0)",True
59082,2019-03-23 09:00:00,2.5,SURF,True,EXTREME_TYPE1,799,12,12,"(113.09, 24.4);(113.09, 24.8);(113.09, 25.2);(113.5, 24.0);(113.5, 24.4);(113.5, 24.8);(113.5, 25.2);(113.91, 24.4);(113.91, 24.8);(113.91, 25.2);(114.32, 24.4);(114.32, 24.8)",True
59658,2019-03-23 09:00:00,70.9,SURF,True,EXTREME_TYPE1,591,10,10,"(109.82, 20.8);(109.82, 21.2);(109.82, 21.6);(110.23, 20.8);(110.23, 21.2);(110.23, 21.6);(110.64, 20.8);(110.64, 21.2);(110.64, 21.6);(111.05, 21.2)",True
59072,2019-03-24 01:00:00,7.7,SURF,True,EXTREME_TYPE1,942,9,9,"(111.86, 24.4);(111.86, 24.8);(112.27, 24.4);(112.27, 24.8);(112.27, 25.2);(112.68, 24.4);(112.68, 24.8);(112.68, 25.2);(113.09, 24.8)",True
59268,2019-03-29 11:00:00,1.4,SURF,True,EXTREME_TYPE1,1720,9,9,"(111.05, 22.8);(111.05, 23.2);(111.45, 22.8);(111.45, 23.2);(111.45, 23.6);(111.86, 22.8);(111.86, 23.2);(111.86, 23.6);(112.27, 23.2)",True
59094,2019-03-29 13:00:00,8.8,SURF,True,EXTREME_TYPE1,554,12,12,"(113.5, 24.0);(113.5, 24.4);(113.5, 24.8);(113.91, 24.0);(113.91, 24.4);(113.91, 24.8);(114.32, 24.0);(114.32, 24.4);(114.32, 24.8);(114.73, 24.0);(114.73, 24.4);(114.73, 24.8)",True
59075,2019-03-31 09:00:00,4.5,SURF,True,EXTREME_TYPE1,971,12,12,"(111.86, 24.0);(111.86, 24.4);(112.27, 24.0);(112.27, 24.4);(112.27, 24.8);(112.68, 23.6);(112.68, 24.0);(112.68, 24.4);(112.68, 24.8);(113.09, 24.0);(113.09, 24.4);(113.09, 24.8)",True
59470,2019-03-31 22:00:00,15.2,SURF,True,EXTREME_TYPE1,2840,10,10,"(111.45, 22.8);(111.86, 22.4);(111.86, 22.8);(111.86, 23.2);(112.27, 22.4);(112.27, 22.8);(112.27, 23.2);(112.68, 22.4);(112.68, 22.8);(112.68, 23.2)",True
59456,2019-04-12 08:00:00,3.9,SURF,True,EXTREME_TYPE1,887,10,10,"(110.23, 22.4);(110.64, 22.0);(110.64, 22.4);(110.64, 22.8);(111.05, 22.0);(111.05, 22.4);(111.05, 22.8);(111.45, 22.0);(111.45, 22.4);(111.45, 22.8)",True
59650,2019-04-12 08:00:00,66.7,SURF,True,EXTREME_TYPE1,928,11,11,"(109.82, 21.2);(109.82, 21.6);(109.82, 22.0);(110.23, 20.8);(110.23, 21.2);(110.23, 21.6);(110.23, 22.0);(110.64, 20.8);(110.64, 21.2);(110.64, 21.6);(110.64, 22.0)",True
59653,2019-04-12 09:00:00,32.1,SURF,True,EXTREME_TYPE1,928,11,11,"(110.23, 21.6);(110.23, 22.0);(110.64, 21.6);(110.64, 22.0);(110.64, 22.4);(111.05, 21.6);(111.05, 22.0);(111.05, 22.4);(111.45, 21.6);(111.45, 22.0);(111.45, 22.4)",True
59462,2019-04-12 10:00:00,3.8,SURF,True,EXTREME_TYPE1,1823,11,11,"(111.05, 22.4);(111.05, 22.8);(111.05, 23.2);(111.45, 22.4);(111.45, 22.8);(111.45, 23.2);(111.86, 22.4);(111.86, 22.8);(111.86, 23.2);(112.27, 22.4);(112.27, 22.8)",True
59664,2019-04-13 17:00:00,70.0,SURF,True,EXTREME_TYPE1,991,10,10,"(110.23, 21.6);(110.64, 21.2);(110.64, 21.6);(110.64, 22.0);(111.05, 21.2);(111.05, 21.6);(111.05, 22.0);(111.45, 21.2);(111.45, 21.6);(111.45, 22.0)",True
59456,2019-04-14 17:00:00,57.5,SURF,True,EXTREME_TYPE1,851,10,10,"(110.23, 22.4);(110.64, 22.0);(110.64, 22.4);(110.64, 22.8);(111.05, 22.0);(111.05, 22.4);(111.05, 22.8);(111.45, 22.0);(111.45, 22.4);(111.45, 22.8)",True
59469,2019-04-14 17:00:00,29.2,SURF,True,EXTREME_TYPE1,1396,11,11,"(111.05, 22.0);(111.45, 21.6);(111.45, 22.0);(111.45, 22.4);(111.86, 21.6);(111.86, 22.0);(111.86, 22.4);(111.86, 22.8);(112.27, 21.6);(112.27, 22.0);(112.27, 22.4)",True
59074,2019-04-18 14:00:00,20.6,SURF,True,EXTREME_TYPE1,827,9,9,"(111.86, 24.0);(111.86, 24.4);(111.86, 24.8);(112.27, 24.0);(112.27, 24.4);(112.27, 24.8);(112.27, 25.2);(112.68, 24.4);(112.68, 24.8)",True
59109,2019-04-18 20:00:00,26.9,SURF,True,EXTREME_TYPE1,927,12,12,"(115.14, 24.0);(115.14, 24.4);(115.55, 23.6);(115.55, 24.0);(115.55, 24.4);(115.55, 24.8);(115.95, 23.6);(115.95, 24.0);(115.95, 24.4);(115.95, 24.8);(116.36, 24.0);(116.36, 24.4)",True
59304,2019-04-19 03:00:00,33.8,SURF,True,EXTREME_TYPE1,973,9,9,"(114.73, 23.2);(114.73, 23.6);(114.73, 24.0);(115.14, 23.2);(115.14, 23.6);(115.14, 24.0);(115.55, 23.2);(115.55, 23.6);(115.55, 24.0)",True
59287,2019-04-19 05:00:00,29.9,SURF,True,EXTREME_TYPE1,2011,9,9,"(113.09, 22.8);(113.09, 23.2);(113.09, 23.6);(113.5, 22.8);(113.5, 23.2);(113.5, 23.6);(113.91, 22.8);(113.91, 23.2);(113.91, 23.6)",True
59318,2019-04-19 15:00:00,15.7,SURF,True,EXTREME_TYPE1,588,12,12,"(115.95, 23.2);(115.95, 23.6);(116.36, 22.8);(116.36, 23.2);(116.36, 23.6);(116.36, 24.0);(116.77, 22.8);(116.77, 23.2);(116.77, 23.6);(116.77, 24.0);(117.18, 23.2);(117.18, 23.6)",True
59087,2019-04-20 10:00:00,30.0,SURF,True,EXTREME_TYPE1,1027,10,10,"(113.09, 23.6);(113.09, 24.0);(113.09, 24.4);(113.5, 23.2);(113.5, 23.6);(113.5, 24.0);(113.5, 24.4);(113.91, 23.6);(113.91, 24.0);(113.91, 24.4)",True
59297,2019-04-20 14:00:00,58.7,SURF,True,EXTREME_TYPE1,900,10,10,"(113.5, 23.2);(113.91, 22.8);(113.91, 23.2);(113.91, 23.6);(114.32, 22.8);(114.32, 23.2);(114.32, 23.6);(114.73, 22.8);(114.73, 23.2);(114.73, 23.6)",True
59290,2019-04-21 21:00:00,56.4,SURF,True,EXTREME_TYPE1,784,11,11,"(113.5, 23.6);(113.91, 23.2);(113.91, 23.6);(113.91, 24.0);(113.91, 24.4);(114.32, 23.2);(114.32, 23.6);(114.32, 24.0);(114.32, 24.4);(114.73, 23.6);(114.73, 24.0)",True
59294,2019-04-22 18:00:00,54.6,SURF,True,EXTREME_TYPE1,1278,11,11,"(113.09, 23.2);(113.5, 22.8);(113.5, 23.2);(113.5, 23.6);(113.91, 22.8);(113.91, 23.2);(113.91, 23.6);(113.91, 24.0);(114.32, 22.8);(114.32, 23.2);(114.32, 23.6)",True
59074,2019-04-25 17:00:00,1.3,SURF,True,EXTREME_TYPE1,810,9,9,"(111.86, 24.0);(111.86, 24.4);(111.86, 24.8);(112.27, 24.0);(112.27, 24.4);(112.27, 24.8);(112.27, 25.2);(112.68, 24.4);(112.68, 24.8)",True
59271,2019-04-26 22:00:00,50.5,SURF,True,EXTREME_TYPE1,1275,11,11,"(111.86, 23.2);(111.86, 23.6);(111.86, 24.0);(112.27, 23.2);(112.27, 23.6);(112.27, 24.0);(112.68, 23.2);(112.68, 23.6);(112.68, 24.0);(113.09, 23.6);(113.09, 24.0)",True
59284,2019-04-26 23:00:00,50.7,SURF,True,EXTREME_TYPE1,1993,12,12,"(112.68, 23.2);(112.68, 23.6);(113.09, 22.8);(113.09, 23.2);(113.09, 23.6);(113.09, 24.0);(113.5, 22.8);(113.5, 23.2);(113.5, 23.6);(113.5, 24.0);(113.91, 23.2);(113.91, 23.6)",True
59285,2019-04-26 23:00:00,51.4,SURF,True,EXTREME_TYPE1,1291,10,10,"(113.09, 23.2);(113.09, 23.6);(113.09, 24.0);(113.5, 23.2);(113.5, 23.6);(113.5, 24.0);(113.91, 23.2);(113.91, 23.6);(113.91, 24.0);(114.32, 23.6)",True
59270,2019-04-27 07:00:00,3.0,SURF,True,EXTREME_TYPE1,867,10,10,"(111.45, 24.0);(111.86, 23.6);(111.86, 24.0);(111.86, 24.4);(112.27, 23.6);(112.27, 24.0);(112.27, 24.4);(112.68, 23.6);(112.68, 24.0);(112.68, 24.4)",True
59096,2019-04-27 15:00:00,14.0,SURF,True,EXTREME_TYPE1,396,12,12,"(113.91, 24.0);(113.91, 24.4);(113.91, 24.8);(114.32, 24.0);(114.32, 24.4);(114.32, 24.8);(114.73, 24.0);(114.73, 24.4);(114.73, 24.8);(115.14, 24.0);(115.14, 24.4);(115.14, 24.8)",True
59094,2019-04-30 08:00:00,41.9,SURF,True,EXTREME_TYPE1,546,12,12,"(113.5, 24.0);(113.5, 24.4);(113.5, 24.8);(113.91, 24.0);(113.91, 24.4);(113.91, 24.8);(114.32, 24.0);(114.32, 24.4);(114.32, 24.8);(114.73, 24.0);(114.73, 24.4);(114.73, 24.8)",True
59653,2019-04-30 09:00:00,53.8,SURF,True,EXTREME_TYPE1,934,11,11,"(110.23, 21.6);(110.23, 22.0);(110.64, 21.6);(110.64, 22.0);(110.64, 22.4);(111.05, 21.6);(111.05, 22.0);(111.05, 22.4);(111.45, 21.6);(111.45, 22.0);(111.45, 22.4)",True
59500,2019-05-06 16:00:00,4.5,SURF,True,EXTREME_TYPE1,1423,12,12,"(114.73, 22.8);(114.73, 23.2);(115.14, 22.4);(115.14, 22.8);(115.14, 23.2);(115.14, 23.6);(115.55, 22.4);(115.55, 22.8);(115.55, 23.2);(115.55, 23.6);(115.95, 22.8);(115.95, 23.2)",True
59117,2019-05-07 00:00:00,1.1,SURF,True,EXTREME_TYPE1,636,12,12,"(115.55, 24.0);(115.55, 24.4);(115.55, 24.8);(115.95, 23.6);(115.95, 24.0);(115.95, 24.4);(115.95, 24.8);(116.36, 24.0);(116.36, 24.4);(116.36, 24.8);(116.77, 24.0);(116.77, 24.4)",True
59269,2019-05-08 10:00:00,8.2,SURF,True,EXTREME_TYPE1,1194,9,9,"(111.45, 22.8);(111.45, 23.2);(111.45, 23.6);(111.86, 22.8);(111.86, 23.2);(111.86, 23.6);(112.27, 22.8);(112.27, 23.2);(112.27, 23.6)",True
59082,2019-05-18 04:00:00,36.7,SURF,True,EXTREME_TYPE1,785,12,12,"(113.09, 24.4);(113.09, 24.8);(113.09, 25.2);(113.5, 24.0);(113.5, 24.4);(113.5, 24.8);(113.5, 25.2);(113.91, 24.4);(113.91, 24.8);(113.91, 25.2);(114.32, 24.4);(114.32, 24.8)",True
59088,2019-05-20 04:00:00,38.5,SURF,True,EXTREME_TYPE1,1026,12,12,"(112.68, 24.0);(112.68, 24.4);(113.09, 23.6);(113.09, 24.0);(113.09, 24.4);(113.09, 24.8);(113.5, 23.6);(113.5, 24.0);(113.5, 24.4);(113.5, 24.8);(113.91, 24.0);(113.91, 24.4)",True
59285,2019-05-20 06:00:00,27.1,SURF,True,EXTREME_TYPE1,1306,10,10,"(113.09, 23.2);(113.09, 23.6);(113.09, 24.0);(113.5, 23.2);(113.5, 23.6);(113.5, 24.0);(113.91, 23.2);(113.91, 23.6);(113.91, 24.0);(114.32, 23.6)",True
59653,2019-05-20 18:00:00,70.6,SURF,True,EXTREME_TYPE1,918,11,11,"(110.23, 21.6);(110.23, 22.0);(110.64, 21.6);(110.64, 22.0);(110.64, 22.4);(111.05, 21.6);(111.05, 22.0);(111.05, 22.4);(111.45, 21.6);(111.45, 22.0);(111.45, 22.4)",True
59653,2019-05-21 11:00:00,50.3,SURF,True,EXTREME_TYPE1,914,11,11,"(110.23, 21.6);(110.23, 22.0);(110.64, 21.6);(110.64, 22.0);(110.64, 22.4);(111.05, 21.6);(111.05, 22.0);(111.05, 22.4);(111.45, 21.6);(111.45, 22.0);(111.45, 22.4)",True
59287,2019-05-23 14:00:00,20.9,SURF,True,EXTREME_TYPE1,2013,9,9,"(113.09, 22.8);(113.09, 23.2);(113.09, 23.6);(113.5, 22.8);(113.5, 23.2);(113.5, 23.6);(113.91, 22.8);(113.91, 23.2);(113.91, 23.6)",True
59289,2019-05-23 16:00:00,56.7,SURF,True,EXTREME_TYPE1,2311,12,12,"(113.09, 22.8);(113.09, 23.2);(113.5, 22.4);(113.5, 22.8);(113.5, 23.2);(113.5, 23.6);(113.91, 22.4);(113.91, 22.8);(113.91, 23.2);(113.91, 23.6);(114.32, 22.8);(114.32, 23.2)",True
59663,2019-05-24 02:00:00,50.5,SURF,True,EXTREME_TYPE1,1124,11,11,"(111.45, 21.6);(111.45, 22.0);(111.86, 21.2);(111.86, 21.6);(111.86, 22.0);(111.86, 22.4);(112.27, 21.6);(112.27, 22.0);(112.27, 22.4);(112.68, 21.6);(112.68, 22.0)",True
59478,2019-05-25 02:00:00,59.8,SURF,True,EXTREME_TYPE1,3101,12,12,"(112.27, 22.0);(112.27, 22.4);(112.68, 21.6);(112.68, 22.0);(112.68, 22.4);(112.68, 22.8);(113.09, 21.6);(113.09, 22.0);(113.09, 22.4);(113.09, 22.8);(113.5, 22.0);(113.5, 22.4)",True
57989,2019-05-26 07:00:00,5.5,SURF,True,EXTREME_TYPE1,408,12,12,"(113.09, 24.8);(113.09, 25.2);(113.5, 24.4);(113.5, 24.8);(113.5, 25.2);(113.5, 25.6);(113.91, 24.4);(113.91, 24.8);(113.91, 25.2);(113.91, 25.6);(114.32, 24.8);(114.32, 25.2)",True
59471,2019-05-26 15:00:00,12.4,SURF,True,EXTREME_TYPE1,2896,12,12,"(111.45, 22.8);(111.45, 23.2);(111.86, 22.4);(111.86, 22.8);(111.86, 23.2);(111.86, 23.6);(112.27, 22.4);(112.27, 22.8);(112.27, 23.2);(112.27, 23.6);(112.68, 22.8);(112.68, 23.2)",True
59488,2019-05-27 08:00:00,57.6,SURF,True,EXTREME_TYPE1,1627,11,11,"(113.09, 22.0);(113.09, 22.4);(113.09, 22.8);(113.5, 21.6);(113.5, 22.0);(113.5, 22.4);(113.5, 22.8);(113.91, 22.0);(113.91, 22.4);(113.91, 22.8);(114.32, 22.4)",True
59318,2019-05-27 11:00:00,34.2,SURF,True,EXTREME_TYPE1,598,12,12,"(115.95, 23.2);(115.95, 23.6);(116.36, 22.8);(116.36, 23.2);(116.36, 23.6);(116.36, 24.0);(116.77, 22.8);(116.77, 23.2);(116.77, 23.6);(116.77, 24.0);(117.18, 23.2);(117.18, 23.6)",True
59475,2019-05-29 07:00:00,52.3,SURF,True,EXTREME_TYPE1,4074,9,9,"(112.27, 22.0);(112.27, 22.4);(112.27, 22.8);(112.68, 22.0);(112.68, 22.4);(112.68, 22.8);(113.09, 22.0);(113.09, 22.4);(113.09, 22.8)",True
59481,2019-05-29 10:00:00,62.3,SURF,True,EXTREME_TYPE1,3771,12,12,"(112.68, 22.8);(112.68, 23.2);(113.09, 22.4);(113.09, 22.8);(113.09, 23.2);(113.09, 23.6);(113.5, 22.4);(113.5, 22.8);(113.5, 23.2);(113.5, 23.6);(113.91, 22.8);(113.91, 23.2)",True
59269,2019-05-30 19:00:00,7.2,SURF,True,EXTREME_TYPE1,1179,9,9,"(111.45, 22.8);(111.45, 23.2);(111.45, 23.6);(111.86, 22.8);(111.86, 23.2);(111.86, 23.6);(112.27, 22.8);(112.27, 23.2);(112.27, 23.6)",True
59659,2019-05-31 15:00:00,55.5,SURF,True,EXTREME_TYPE1,1000,12,12,"(110.23, 21.6);(110.23, 22.0);(110.64, 21.2);(110.64, 21.6);(110.64, 22.0);(110.64, 22.4);(111.05, 21.2);(111.05, 21.6);(111.05, 22.0);(111.05, 22.4);(111.45, 21.6);(111.45, 22.0)",True
59278,2019-06-02 20:00:00,6.7,SURF,True,EXTREME_TYPE1,3702,12,12,"(111.86, 22.8);(111.86, 23.2);(112.27, 22.4);(112.27, 22.8);(112.27, 23.2);(112.27, 23.6);(112.68, 22.4);(112.68, 22.8);(112.68, 23.2);(112.68, 23.6);(113.09, 22.8);(113.09, 23.2)",True
59290,2019-06-03 04:00:00,5.5,SURF,True,EXTREME_TYPE1,791,11,11,"(113.5, 23.6);(113.91, 23.2);(113.91, 23.6);(113.91, 24.0);(113.91, 24.4);(114.32, 23.2);(114.32, 23.6);(114.32, 24.0);(114.32, 24.4);(114.73, 23.6);(114.73, 24.0)",True
59658,2019-06-04 15:00:00,20.9,SURF,True,EXTREME_TYPE1,587,10,10,"(109.82, 20.8);(109.82, 21.2);(109.82, 21.6);(110.23, 20.8);(110.23, 21.2);(110.23, 21.6);(110.64, 20.8);(110.64, 21.2);(110.64, 21.6);(111.05, 21.2)",True
59288,2019-06-07 11:00:00,12.5,SURF,True,EXTREME_TYPE1,2738,10,10,"(112.27, 23.2);(112.68, 22.8);(112.68, 23.2);(112.68, 23.6);(113.09, 22.8);(113.09, 23.2);(113.09, 23.6);(113.5, 22.8);(113.5, 23.2);(113.5, 23.6)",True
57996,2019-06-10 08:00:00,6.4,SURF,True,EXTREME_TYPE1,275,10,10,"(113.5, 25.2);(113.91, 24.8);(113.91, 25.2);(113.91, 25.6);(114.32, 24.4);(114.32, 24.8);(114.32, 25.2);(114.32, 25.6);(114.73, 24.8);(114.73, 25.2)",True
59294,2019-06-10 13:00:00,24.2,SURF,True,EXTREME_TYPE1,1309,11,11,"(113.09, 23.2);(113.5, 22.8);(113.5, 23.2);(113.5, 23.6);(113.91, 22.8);(113.91, 23.2);(113.91, 23.6);(113.91, 24.0);(114.32, 22.8);(114.32, 23.2);(114.32, 23.6)",True
59462,2019-06-11 19:00:00,17.0,SURF,True,EXTREME_TYPE1,1839,11,11,"(111.05, 22.4);(111.05, 22.8);(111.05, 23.2);(111.45, 22.4);(111.45, 22.8);(111.45, 23.2);(111.86, 22.4);(111.86, 22.8);(111.86, 23.2);(112.27, 22.4);(112.27, 22.8)",True
59271,2019-06-11 20:00:00,23.2,SURF,True,EXTREME_TYPE1,1325,11,11,"(111.86, 23.2);(111.86, 23.6);(111.86, 24.0);(112.27, 23.2);(112.27, 23.6);(112.27, 24.0);(112.68, 23.2);(112.68, 23.6);(112.68, 24.0);(113.09, 23.6);(113.09, 24.0)",True
59278,2019-06-11 20:00:00,27.9,SURF,True,EXTREME_TYPE1,3736,12,12,"(111.86, 22.8);(111.86, 23.2);(112.27, 22.4);(112.27, 22.8);(112.27, 23.2);(112.27, 23.6);(112.68, 22.4);(112.68, 22.8);(112.68, 23.2);(112.68, 23.6);(113.09, 22.8);(113.09, 23.2)",True
59306,2019-06-12 14:00:00,12.8,SURF,True,EXTREME_TYPE1,1479,12,12,"(115.14, 23.2);(115.14, 23.6);(115.55, 22.8);(115.55, 23.2);(115.55, 23.6);(115.55, 24.0);(115.95, 22.8);(115.95, 23.2);(115.95, 23.6);(115.95, 24.0);(116.36, 23.2);(116.36, 23.6)",True
57988,2019-06-12 20:00:00,33.7,SURF,True,EXTREME_TYPE1,410,11,11,"(112.68, 24.8);(112.68, 25.2);(113.09, 24.8);(113.09, 25.2);(113.09, 25.6);(113.5, 24.8);(113.5, 25.2);(113.5, 25.6);(113.91, 24.8);(113.91, 25.2);(113.91, 25.6)",True
59487,2019-06-13 08:00:00,12.1,SURF,True,EXTREME_TYPE1,2513,12,12,"(112.68, 22.0);(112.68, 22.4);(113.09, 21.6);(113.09, 22.0);(113.09, 22.4);(113.09, 22.8);(113.5, 21.6);(113.5, 22.0);(113.5, 22.4);(113.5, 22.8);(113.91, 22.0);(113.91, 22.4)",True
59655,2019-06-13 12:00:00,41.0,SURF,True,EXTREME_TYPE1,1057,10,10,"(110.23, 21.2);(110.23, 21.6);(110.23, 22.0);(110.64, 21.2);(110.64, 21.6);(110.64, 22.0);(110.64, 22.4);(111.05, 21.2);(111.05, 21.6);(111.05, 22.0)",True
59663,2019-06-17 03:00:00,12.7,SURF,True,EXTREME_TYPE1,1153,11,11,"(111.45, 21.6);(111.45, 22.0);(111.86, 21.2);(111.86, 21.6);(111.86, 22.0);(111.86, 22.4);(112.27, 21.6);(112.27, 22.0);(112.27, 22.4);(112.68, 21.6);(112.68, 22.0)",True
59294,2019-06-18 12:00:00,30.3,SURF,True,EXTREME_TYPE1,1300,11,11,"(113.09, 23.2);(113.5, 22.8);(113.5, 23.2);(113.5, 23.6);(113.91, 22.8);(113.91, 23.2);(113.91, 23.6);(113.91, 24.0);(114.32, 22.8);(114.32, 23.2);(114.32, 23.6)",True
59488,2019-06-25 15:00:00,30.1,SURF,True,EXTREME_TYPE1,1622,11,11,"(113.09, 22.0);(113.09, 22.4);(113.09, 22.8);(113.5, 21.6);(113.5, 22.0);(113.5, 22.4);(113.5, 22.8);(113.91, 22.0);(113.91, 22.4);(113.91, 22.8);(114.32, 22.4)",True
59492,2019-06-30 13:00:00,61.1,SURF,True,EXTREME_TYPE1,926,11,6,"(114.32, 22.4);(114.32, 22.8);(114.32, 23.2);(114.73, 22.4);(114.73, 22.8);(114.73, 23.2)",True
59471,2019-07-01 23:00:00,55.9,SURF,True,EXTREME_TYPE1,2913,12,12,"(111.45, 22.8);(111.45, 23.2);(111.86, 22.4);(111.86, 22.8);(111.86, 23.2);(111.86, 23.6);(112.27, 22.4);(112.27, 22.8);(112.27, 23.2);(112.27, 23.6);(112.68, 22.8);(112.68, 23.2)",True
59501,2019-07-04 06:00:00,2.7,SURF,True,EXTREME_TYPE1,1438,12,12,"(114.73, 22.4);(114.73, 22.8);(114.73, 23.2);(115.14, 22.4);(115.14, 22.8);(115.14, 23.2);(115.55, 22.4);(115.55, 22.8);(115.55, 23.2);(115.95, 22.4);(115.95, 22.8);(115.95, 23.2)",True
59116,2019-07-09 14:00:00,13.5,SURF,True,EXTREME_TYPE1,302,9,9,"(115.95, 24.4);(116.36, 24.0);(116.36, 24.4);(116.36, 24.8);(116.77, 24.0);(116.77, 24.4);(116.77, 24.8);(117.18, 24.0);(117.18, 24.4)",True
59314,2019-07-10 03:00:00,57.8,SURF,True,EXTREME_TYPE1,1129,12,12,"(115.55, 23.2);(115.55, 23.6);(115.95, 22.8);(115.95, 23.2);(115.95, 23.6);(115.95, 24.0);(116.36, 22.8);(116.36, 23.2);(116.36, 23.6);(116.36, 24.0);(116.77, 23.2);(116.77, 23.6)",True
59492,2019-07-10 05:00:00,63.8,SURF,True,EXTREME_TYPE1,911,11,11,"(114.32, 22.4);(114.32, 22.8);(114.32, 23.2);(114.32, 23.6);(114.73, 22.4);(114.73, 22.8);(114.73, 23.2);(114.73, 23.6);(115.14, 22.8);(115.14, 23.2);(115.14, 23.6)",True
59319,2019-07-10 07:00:00,53.4,SURF,True,EXTREME_TYPE1,575,11,11,"(115.95, 23.6);(116.36, 23.2);(116.36, 23.6);(116.36, 24.0);(116.77, 22.8);(116.77, 23.2);(116.77, 23.6);(116.77, 24.0);(117.18, 23.2);(117.18, 23.6);(117.18, 24.0)",True
59456,2019-07-11 13:00:00,41.8,SURF,True,EXTREME_TYPE1,886,10,10,"(110.23, 22.4);(110.64, 22.0);(110.64, 22.4);(110.64, 22.8);(111.05, 22.0);(111.05, 22.4);(111.05, 22.8);(111.45, 22.0);(111.45, 22.4);(111.45, 22.8)",True
59114,2019-07-11 20:00:00,50.2,SURF,True,EXTREME_TYPE1,345,10,10,"(115.55, 24.4);(115.55, 24.8);(115.95, 24.0);(115.95, 24.4);(115.95, 24.8);(116.36, 24.0);(116.36, 24.4);(116.36, 24.8);(116.77, 24.4);(116.77, 24.8)",True
59075,2019-07-19 16:00:00,34.2,SURF,True,EXTREME_TYPE1,1012,12,12,"(111.86, 24.0);(111.86, 24.4);(112.27, 24.0);(112.27, 24.4);(112.27, 24.8);(112.68, 23.6);(112.68, 24.0);(112.68, 24.4);(112.68, 24.8);(113.09, 24.0);(113.09, 24.4);(113.09, 24.8)",True
59284,2019-07-19 16:00:00,77.1,SURF,True,EXTREME_TYPE1,1972,12,12,"(112.68, 23.2);(112.68, 23.6);(113.09, 22.8);(113.09, 23.2);(113.09, 23.6);(113.09, 24.0);(113.5, 22.8);(113.5, 23.2);(113.5, 23.6);(113.5, 24.0);(113.91, 23.2);(113.91, 23.6)",True
59107,2019-07-19 17:00:00,64.0,SURF,True,EXTREME_TYPE1,954,12,12,"(114.73, 23.6);(114.73, 24.0);(114.73, 24.4);(115.14, 23.6);(115.14, 24.0);(115.14, 24.4);(115.14, 24.8);(115.55, 23.6);(115.55, 24.0);(115.55, 24.4);(115.95, 24.0);(115.95, 24.4)",True
59271,2019-07-22 16:00:00,24.9,SURF,True,EXTREME_TYPE1,1318,11,11,"(111.86, 23.2);(111.86, 23.6);(111.86, 24.0);(112.27, 23.2);(112.27, 23.6);(112.27, 24.0);(112.68, 23.2);(112.68, 23.6);(112.68, 24.0);(113.09, 23.6);(113.09, 24.0)",True
59500,2019-07-22 22:00:00,44.1,SURF,True,EXTREME_TYPE1,1443,12,12,"(114.73, 22.8);(114.73, 23.2);(115.14, 22.4);(115.14, 22.8);(115.14, 23.2);(115.14, 23.6);(115.55, 22.4);(115.55, 22.8);(115.55, 23.2);(115.55, 23.6);(115.95, 22.8);(115.95, 23.2)",True
59290,2019-07-24 18:00:00,34.9,SURF,True,EXTREME_TYPE1,799,11,11,"(113.5, 23.6);(113.91, 23.2);(113.91, 23.6);(113.91, 24.0);(113.91, 24.4);(114.32, 23.2);(114.32, 23.6);(114.32, 24.0);(114.32, 24.4);(114.73, 23.6);(114.73, 24.0)",True
59663,2019-07-29 07:00:00,43.7,SURF,True,EXTREME_TYPE1,1144,11,11,"(111.45, 21.6);(111.45, 22.0);(111.86, 21.2);(111.86, 21.6);(111.86, 22.0);(111.86, 22.4);(112.27, 21.6);(112.27, 22.0);(112.27, 22.4);(112.68, 21.6);(112.68, 22.0)",True
59487,2019-07-31 01:00:00,7.3,SURF,True,EXTREME_TYPE1,2518,12,12,"(112.68, 22.0);(112.68, 22.4);(113.09, 21.6);(113.09, 22.0);(113.09, 22.4);(113.09, 22.8);(113.5, 21.6);(113.5, 22.0);(113.5, 22.4);(113.5, 22.8);(113.91, 22.0);(113.91, 22.4)",True
59318,2019-08-01 06:00:00,6.1,SURF,True,EXTREME_TYPE1,611,12,12,"(115.95, 23.2);(115.95, 23.6);(116.36, 22.8);(116.36, 23.2);(116.36, 23.6);(116.36, 24.0);(116.77, 22.8);(116.77, 23.2);(116.77, 23.6);(116.77, 24.0);(117.18, 23.2);(117.18, 23.6)",True
59673,2019-08-01 06:00:00,50.8,SURF,True,EXTREME_TYPE1,295,8,8,"(112.27, 21.6);(112.27, 22.0);(112.68, 21.6);(112.68, 22.0);(112.68, 22.4);(113.09, 21.6);(113.09, 22.0);(113.5, 21.6)",True
59664,2019-08-01 12:00:00,55.0,SURF,True,EXTREME_TYPE1,1003,10,10,"(110.23, 21.6);(110.64, 21.2);(110.64, 21.6);(110.64, 22.0);(111.05, 21.2);(111.05, 21.6);(111.05, 22.0);(111.45, 21.2);(111.45, 21.6);(111.45, 22.0)",True
59502,2019-08-01 13:00:00,4.5,SURF,True,EXTREME_TYPE1,1311,12,12,"(115.14, 22.8);(115.14, 23.2);(115.55, 22.4);(115.55, 22.8);(115.55, 23.2);(115.55, 23.6);(115.95, 22.4);(115.95, 22.8);(115.95, 23.2);(115.95, 23.6);(116.36, 22.8);(116.36, 23.2)",True
59664,2019-08-01 17:00:00,34.0,SURF,True,EXTREME_TYPE1,1004,10,10,"(110.23, 21.6);(110.64, 21.2);(110.64, 21.6);(110.64, 22.0);(111.05, 21.2);(111.05, 21.6);(111.05, 22.0);(111.45, 21.2);(111.45, 21.6);(111.45, 22.0)",True
59663,2019-08-01 18:00:00,31.5,SURF,True,EXTREME_TYPE1,1150,11,11,"(111.45, 21.6);(111.45, 22.0);(111.86, 21.2);(111.86, 21.6);(111.86, 22.0);(111.86, 22.4);(112.27, 21.6);(112.27, 22.0);(112.27, 22.4);(112.68, 21.6);(112.68, 22.0)",True
59750,2019-08-02 06:00:00,34.1,SURF,True,EXTREME_TYPE1,760,11,11,"(109.41, 21.2);(109.82, 20.4);(109.82, 20.8);(109.82, 21.2);(109.82, 21.6);(110.23, 20.4);(110.23, 20.8);(110.23, 21.2);(110.23, 21.6);(110.64, 20.8);(110.64, 21.2)",True
59487,2019-08-02 12:00:00,63.2,SURF,True,EXTREME_TYPE1,2511,12,12,"(112.68, 22.0);(112.68, 22.4);(113.09, 21.6);(113.09, 22.0);(113.09, 22.4);(113.09, 22.8);(113.5, 21.6);(113.5, 22.0);(113.5, 22.4);(113.5, 22.8);(113.91, 22.0);(113.91, 22.4)",True
59487,2019-08-02 13:00:00,59.1,SURF,True,EXTREME_TYPE1,2511,12,12,"(112.68, 22.0);(112.68, 22.4);(113.09, 21.6);(113.09, 22.0);(113.09, 22.4);(113.09, 22.8);(113.5, 21.6);(113.5, 22.0);(113.5, 22.4);(113.5, 22.8);(113.91, 22.0);(113.91, 22.4)",True
59288,2019-08-06 21:00:00,42.4,SURF,True,EXTREME_TYPE1,2765,10,10,"(112.27, 23.2);(112.68, 22.8);(112.68, 23.2);(112.68, 23.6);(113.09, 22.8);(113.09, 23.2);(113.09, 23.6);(113.5, 22.8);(113.5, 23.2);(113.5, 23.6)",True
59754,2019-08-07 14:00:00,52.4,SURF,True,EXTREME_TYPE1,430,5,5,"(109.82, 20.4);(109.82, 20.8);(110.23, 20.4);(110.23, 20.8);(110.64, 20.8)",True
59500,2019-08-14 14:00:00,67.0,SURF,True,EXTREME_TYPE1,1443,12,12,"(114.73, 22.8);(114.73, 23.2);(115.14, 22.4);(115.14, 22.8);(115.14, 23.2);(115.14, 23.6);(115.55, 22.4);(115.55, 22.8);(115.55, 23.2);(115.55, 23.6);(115.95, 22.8);(115.95, 23.2)",True
59287,2019-08-15 02:00:00,50.7,SURF,True,EXTREME_TYPE1,2030,9,9,"(113.09, 22.8);(113.09, 23.2);(113.09, 23.6);(113.5, 22.8);(113.5, 23.2);(113.5, 23.6);(113.91, 22.8);(113.91, 23.2);(113.91, 23.6)",True
59313,2019-08-15 16:00:00,68.4,SURF,True,EXTREME_TYPE1,170,9,9,"(116.36, 23.6);(116.36, 24.0);(116.77, 23.2);(116.77, 23.6);(116.77, 24.0);(117.18, 23.2);(117.18, 23.6);(117.18, 24.0);(117.59, 23.6)",True
59462,2019-08-15 16:00:00,26.7,SURF,True,EXTREME_TYPE1,1868,11,11,"(111.05, 22.4);(111.05, 22.8);(111.05, 23.2);(111.45, 22.4);(111.45, 22.8);(111.45, 23.2);(111.86, 22.4);(111.86, 22.8);(111.86, 23.2);(112.27, 22.4);(112.27, 22.8)",True
59654,2019-08-16 13:00:00,32.5,SURF,True,EXTREME_TYPE1,939,10,10,"(109.82, 21.2);(109.82, 21.6);(109.82, 22.0);(110.23, 21.2);(110.23, 21.6);(110.23, 22.0);(110.64, 21.2);(110.64, 21.6);(110.64, 22.0);(111.05, 21.6)",True
59280,2019-08-16 19:00:00,54.6,SURF,True,EXTREME_TYPE1,1365,10,10,"(112.68, 23.2);(112.68, 23.6);(112.68, 24.0);(113.09, 23.2);(113.09, 23.6);(113.09, 24.0);(113.09, 24.4);(113.5, 23.2);(113.5, 23.6);(113.5, 24.0)",True
59502,2019-08-18 15:00:00,58.5,SURF,True,EXTREME_TYPE1,1314,12,12,"(115.14, 22.8);(115.14, 23.2);(115.55, 22.4);(115.55, 22.8);(115.55, 23.2);(115.55, 23.6);(115.95, 22.4);(115.95, 22.8);(115.95, 23.2);(115.95, 23.6);(116.36, 22.8);(116.36, 23.2)",True
59469,2019-08-19 16:00:00,59.9,SURF,True,EXTREME_TYPE1,1475,11,11,"(111.05, 22.0);(111.45, 21.6);(111.45, 22.0);(111.45, 22.4);(111.86, 21.6);(111.86, 22.0);(111.86, 22.4);(111.86, 22.8);(112.27, 21.6);(112.27, 22.0);(112.27, 22.4)",True
59656,2019-08-22 01:00:00,57.6,SURF,True,FALSE,734,11,0,,True
59315,2019-08-25 10:00:00,22.2,SURF,True,EXTREME_TYPE1,622,10,10,"(115.95, 23.2);(115.95, 23.6);(115.95, 24.0);(116.36, 23.2);(116.36, 23.6);(116.36, 24.0);(116.77, 23.2);(116.77, 23.6);(116.77, 24.0);(117.18, 23.6)",True
59480,2019-08-25 20:00:00,50.0,SURF,True,EXTREME_TYPE1,3642,10,10,"(112.68, 22.4);(112.68, 22.8);(112.68, 23.2);(113.09, 22.4);(113.09, 22.8);(113.09, 23.2);(113.5, 22.4);(113.5, 22.8);(113.5, 23.2);(113.91, 22.8)",True
59088,2019-08-26 04:00:00,2.3,SURF,True,EXTREME_TYPE1,1074,12,12,"(112.68, 24.0);(112.68, 24.4);(113.09, 23.6);(113.09, 24.0);(113.09, 24.4);(113.09, 24.8);(113.5, 23.6);(113.5, 24.0);(113.5, 24.4);(113.5, 24.8);(113.91, 24.0);(113.91, 24.4)",True
59456,2019-08-26 07:00:00,28.7,SURF,True,EXTREME_TYPE1,894,10,10,"(110.23, 22.4);(110.64, 22.0);(110.64, 22.4);(110.64, 22.8);(111.05, 22.0);(111.05, 22.4);(111.05, 22.8);(111.45, 22.0);(111.45, 22.4);(111.45, 22.8)",True
59750,2019-08-31 05:00:00,35.0,SURF,True,EXTREME_TYPE1,758,11,11,"(109.41, 21.2);(109.82, 20.4);(109.82, 20.8);(109.82, 21.2);(109.82, 21.6);(110.23, 20.4);(110.23, 20.8);(110.23, 21.2);(110.23, 21.6);(110.64, 20.8);(110.64, 21.2)",True
59106,2019-08-31 21:00:00,60.5,SURF,True,EXTREME_TYPE1,525,10,10,"(115.14, 24.4);(115.14, 24.8);(115.55, 24.0);(115.55, 24.4);(115.55, 24.8);(115.95, 24.0);(115.95, 24.4);(115.95, 24.8);(116.36, 24.4);(116.36, 24.8)",True
59469,2019-08-31 23:00:00,5.9,SURF,True,EXTREME_TYPE1,1484,11,11,"(111.05, 22.0);(111.45, 21.6);(111.45, 22.0);(111.45, 22.4);(111.86, 21.6);(111.86, 22.0);(111.86, 22.4);(111.86, 22.8);(112.27, 21.6);(112.27, 22.0);(112.27, 22.4)",True
59493,2019-09-02 03:00:00,11.2,SURF,True,EXTREME_TYPE1,1540,13,13,"(113.5, 22.0);(113.5, 22.4);(113.5, 22.8);(113.91, 22.0);(113.91, 22.4);(113.91, 22.8);(113.91, 23.2);(114.32, 22.0);(114.32, 22.4);(114.32, 22.8);(114.32, 23.2);(114.73, 22.4);(114.73, 22.8)",True
59750,2019-09-02 14:00:00,6.1,SURF,True,EXTREME_TYPE1,760,11,11,"(109.41, 21.2);(109.82, 20.4);(109.82, 20.8);(109.82, 21.2);(109.82, 21.6);(110.23, 20.4);(110.23, 20.8);(110.23, 21.2);(110.23, 21.6);(110.64, 20.8);(110.64, 21.2)",True
59117,2019-09-02 15:00:00,51.6,SURF,True,EXTREME_TYPE1,639,12,12,"(115.55, 24.0);(115.55, 24.4);(115.55, 24.8);(115.95, 23.6);(115.95, 24.0);(115.95, 24.4);(115.95, 24.8);(116.36, 24.0);(116.36, 24.4);(116.36, 24.8);(116.77, 24.0);(116.77, 24.4)",True
59478,2019-09-08 16:00:00,62.5,SURF,True,EXTREME_TYPE1,3076,12,11,"(112.27, 22.0);(112.27, 22.4);(112.68, 21.6);(112.68, 22.0);(112.68, 22.4);(112.68, 22.8);(113.09, 22.0);(113.09, 22.4);(113.09, 22.8);(113.5, 22.0);(113.5, 22.4)",True
59492,2019-09-11 19:00:00,9.2,SURF,True,EXTREME_TYPE1,940,11,11,"(114.32, 22.4);(114.32, 22.8);(114.32, 23.2);(114.32, 23.6);(114.73, 22.4);(114.73, 22.8);(114.73, 23.2);(114.73, 23.6);(115.14, 22.8);(115.14, 23.2);(115.14, 23.6)",True
59276,2019-09-15 04:00:00,21.7,SURF,True,EXTREME_TYPE1,2676,10,10,"(112.27, 22.8);(112.27, 23.2);(112.27, 23.6);(112.68, 22.8);(112.68, 23.2);(112.68, 23.6);(112.68, 24.0);(113.09, 22.8);(113.09, 23.2);(113.09, 23.6)",True
59486,2019-09-16 04:00:00,5.2,SURF,True,EXTREME_TYPE1,2306,10,10,"(113.5, 22.4);(113.5, 22.8);(113.5, 23.2);(113.91, 22.0);(113.91, 22.4);(113.91, 22.8);(113.91, 23.2);(114.32, 22.4);(114.32, 22.8);(114.32, 23.2)",True
59480,2019-09-17 09:00:00,14.8,SURF,True,EXTREME_TYPE1,3645,10,10,"(112.68, 22.4);(112.68, 22.8);(112.68, 23.2);(113.09, 22.4);(113.09, 22.8);(113.09, 23.2);(113.5, 22.4);(113.5, 22.8);(113.5, 23.2);(113.91, 22.8)",True
59487,2019-09-17 20:00:00,16.0,SURF,True,EXTREME_TYPE1,2504,12,12,"(112.68, 22.0);(112.68, 22.4);(113.09, 21.6);(113.09, 22.0);(113.09, 22.4);(113.09, 22.8);(113.5, 21.6);(113.5, 22.0);(113.5, 22.4);(113.5, 22.8);(113.91, 22.0);(113.91, 22.4)",True
59487,2019-10-07 03:00:00,10.2,SURF,True,EXTREME_TYPE1,2521,12,12,"(112.68, 22.0);(112.68, 22.4);(113.09, 21.6);(113.09, 22.0);(113.09, 22.4);(113.09, 22.8);(113.5, 21.6);(113.5, 22.0);(113.5, 22.4);(113.5, 22.8);(113.91, 22.0);(113.91, 22.4)",True
G2696,2019-10-26 10:00:00,42.2,AWST,False,FALSE,3797,11,0,,True
G2696,2019-10-26 14:00:00,1.1,AWST,False,EXTREME_TYPE2,3801,11,4,"(112.68, 22.8);(112.68, 23.2);(113.09, 22.8);(113.09, 23.2)",True
G2696,2019-10-26 18:00:00,189.7,AWST,False,FALSE,3801,11,0,,True
G2696,2019-10-26 21:00:00,37.8,AWST,False,EXTREME_TYPE4,3803,11,2,"(111.86, 22.8);(112.27, 22.4)",True
59279,2020-02-03 21:00:00,3.8,SURF,True,EXTREME_TYPE1,2821,12,12,"(112.27, 22.8);(112.27, 23.2);(112.27, 23.6);(112.68, 22.8);(112.68, 23.2);(112.68, 23.6);(113.09, 22.8);(113.09, 23.2);(113.09, 23.6);(113.5, 22.8);(113.5, 23.2);(113.5, 23.6)",True
59654,2020-02-13 07:00:00,22.9,SURF,True,EXTREME_TYPE1,939,10,10,"(109.82, 21.2);(109.82, 21.6);(109.82, 22.0);(110.23, 21.2);(110.23, 21.6);(110.23, 22.0);(110.64, 21.2);(110.64, 21.6);(110.64, 22.0);(111.05, 21.6)",True
59287,2020-02-15 12:00:00,25.7,SURF,True,EXTREME_TYPE1,2079,9,9,"(113.09, 22.8);(113.09, 23.2);(113.09, 23.6);(113.5, 22.8);(113.5, 23.2);(113.5, 23.6);(113.91, 22.8);(113.91, 23.2);(113.91, 23.6)",True
59480,2020-02-15 18:00:00,4.2,SURF,True,EXTREME_TYPE1,3716,10,10,"(112.68, 22.4);(112.68, 22.8);(112.68, 23.2);(113.09, 22.4);(113.09, 22.8);(113.09, 23.2);(113.5, 22.4);(113.5, 22.8);(113.5, 23.2);(113.91, 22.8)",True
59462,2020-03-04 08:00:00,1.5,SURF,True,EXTREME_TYPE1,1913,11,11,"(111.05, 22.4);(111.05, 22.8);(111.05, 23.2);(111.45, 22.4);(111.45, 22.8);(111.45, 23.2);(111.86, 22.4);(111.86, 22.8);(111.86, 23.2);(112.27, 22.4);(112.27, 22.8)",True
59096,2020-03-04 16:00:00,1.5,SURF,True,EXTREME_TYPE1,405,12,12,"(113.91, 24.0);(113.91, 24.4);(113.91, 24.8);(114.32, 24.0);(114.32, 24.4);(114.32, 24.8);(114.73, 24.0);(114.73, 24.4);(114.73, 24.8);(115.14, 24.0);(115.14, 24.4);(115.14, 24.8)",True
59659,2020-03-04 17:00:00,3.9,SURF,True,EXTREME_TYPE1,1002,12,12,"(110.23, 21.6);(110.23, 22.0);(110.64, 21.2);(110.64, 21.6);(110.64, 22.0);(110.64, 22.4);(111.05, 21.2);(111.05, 21.6);(111.05, 22.0);(111.05, 22.4);(111.45, 21.6);(111.45, 22.0)",True
59754,2020-03-06 07:00:00,3.1,SURF,True,EXTREME_TYPE1,434,5,5,"(109.82, 20.4);(109.82, 20.8);(110.23, 20.4);(110.23, 20.8);(110.64, 20.8)",True
59278,2020-03-18 10:00:00,1.0,SURF,True,EXTREME_TYPE1,3921,12,12,"(111.86, 22.8);(111.86, 23.2);(112.27, 22.4);(112.27, 22.8);(112.27, 23.2);(112.27, 23.6);(112.68, 22.4);(112.68, 22.8);(112.68, 23.2);(112.68, 23.6);(113.09, 22.8);(113.09, 23.2)",True
59270,2020-03-19 05:00:00,1.5,SURF,True,EXTREME_TYPE1,961,10,10,"(111.45, 24.0);(111.86, 23.6);(111.86, 24.0);(111.86, 24.4);(112.27, 23.6);(112.27, 24.0);(112.27, 24.4);(112.68, 23.6);(112.68, 24.0);(112.68, 24.4)",True
59750,2020-03-21 09:00:00,6.4,SURF,True,EXTREME_TYPE1,764,11,11,"(109.41, 21.2);(109.82, 20.4);(109.82, 20.8);(109.82, 21.2);(109.82, 21.6);(110.23, 20.4);(110.23, 20.8);(110.23, 21.2);(110.23, 21.6);(110.64, 20.8);(110.64, 21.2)",True
59287,2020-03-27 20:00:00,22.7,SURF,True,EXTREME_TYPE1,2125,9,9,"(113.09, 22.8);(113.09, 23.2);(113.09, 23.6);(113.5, 22.8);(113.5, 23.2);(113.5, 23.6);(113.91, 22.8);(113.91, 23.2);(113.91, 23.6)",True
59264,2020-03-27 22:00:00,13.4,SURF,True,EXTREME_TYPE1,505,9,9,"(111.05, 23.2);(111.45, 22.8);(111.45, 23.2);(111.45, 23.6);(111.45, 24.0);(111.86, 22.8);(111.86, 23.2);(111.86, 23.6);(111.86, 24.0)",True
59473,2020-03-27 22:00:00,70.4,SURF,True,EXTREME_TYPE1,4126,10,10,"(112.27, 22.8);(112.68, 22.4);(112.68, 22.8);(112.68, 23.2);(113.09, 22.4);(113.09, 22.8);(113.09, 23.2);(113.5, 22.4);(113.5, 22.8);(113.5, 23.2)",True
59673,2020-03-28 06:00:00,60.8,SURF,True,EXTREME_TYPE1,323,8,8,"(112.27, 21.6);(112.27, 22.0);(112.68, 21.6);(112.68, 22.0);(112.68, 22.4);(113.09, 21.6);(113.09, 22.0);(113.5, 21.6)",True
59271,2020-04-11 18:00:00,1.4,SURF,True,EXTREME_TYPE1,1361,11,11,"(111.86, 23.2);(111.86, 23.6);(111.86, 24.0);(112.27, 23.2);(112.27, 23.6);(112.27, 24.0);(112.68, 23.2);(112.68, 23.6);(112.68, 24.0);(113.09, 23.6);(113.09, 24.0)",True
59471,2020-04-22 16:00:00,24.0,SURF,True,EXTREME_TYPE1,3015,12,12,"(111.45, 22.8);(111.45, 23.2);(111.86, 22.4);(111.86, 22.8);(111.86, 23.2);(111.86, 23.6);(112.27, 22.4);(112.27, 22.8);(112.27, 23.2);(112.27, 23.6);(112.68, 22.8);(112.68, 23.2)",True
59654,2020-04-22 16:00:00,54.0,SURF,True,EXTREME_TYPE1,936,10,10,"(109.82, 21.2);(109.82, 21.6);(109.82, 22.0);(110.23, 21.2);(110.23, 21.6);(110.23, 22.0);(110.64, 21.2);(110.64, 21.6);(110.64, 22.0);(111.05, 21.6)",True
59279,2020-04-22 18:00:00,19.6,SURF,True,EXTREME_TYPE1,2904,12,12,"(112.27, 22.8);(112.27, 23.2);(112.27, 23.6);(112.68, 22.8);(112.68, 23.2);(112.68, 23.6);(113.09, 22.8);(113.09, 23.2);(113.09, 23.6);(113.5, 22.8);(113.5, 23.2);(113.5, 23.6)",True
59297,2020-04-22 20:00:00,12.5,SURF,True,EXTREME_TYPE1,923,10,10,"(113.5, 23.2);(113.91, 22.8);(113.91, 23.2);(113.91, 23.6);(114.32, 22.8);(114.32, 23.2);(114.32, 23.6);(114.73, 22.8);(114.73, 23.2);(114.73, 23.6)",True
59287,2020-05-10 15:00:00,21.0,SURF,True,EXTREME_TYPE1,2109,9,9,"(113.09, 22.8);(113.09, 23.2);(113.09, 23.6);(113.5, 22.8);(113.5, 23.2);(113.5, 23.6);(113.91, 22.8);(113.91, 23.2);(113.91, 23.6)",True
59488,2020-05-10 19:00:00,36.9,SURF,True,EXTREME_TYPE1,1656,11,11,"(113.09, 22.0);(113.09, 22.4);(113.09, 22.8);(113.5, 21.6);(113.5, 22.0);(113.5, 22.4);(113.5, 22.8);(113.91, 22.0);(113.91, 22.4);(113.91, 22.8);(114.32, 22.4)",True
59298,2020-05-16 17:00:00,53.0,SURF,True,EXTREME_TYPE1,1184,11,11,"(113.91, 22.8);(113.91, 23.2);(113.91, 23.6);(114.32, 22.4);(114.32, 22.8);(114.32, 23.2);(114.32, 23.6);(114.73, 22.8);(114.73, 23.2);(114.73, 23.6);(115.14, 23.2)",True
59473,2020-05-16 23:00:00,6.4,SURF,True,EXTREME_TYPE1,4099,10,10,"(112.27, 22.8);(112.68, 22.4);(112.68, 22.8);(112.68, 23.2);(113.09, 22.4);(113.09, 22.8);(113.09, 23.2);(113.5, 22.4);(113.5, 22.8);(113.5, 23.2)",True
59314,2020-05-17 15:00:00,23.0,SURF,True,EXTREME_TYPE1,1220,12,12,"(115.55, 23.2);(115.55, 23.6);(115.95, 22.8);(115.95, 23.2);(115.95, 23.6);(115.95, 24.0);(116.36, 22.8);(116.36, 23.2);(116.36, 23.6);(116.36, 24.0);(116.77, 23.2);(116.77, 23.6)",True
59655,2020-05-17 15:00:00,12.9,SURF,True,EXTREME_TYPE1,1070,10,10,"(110.23, 21.2);(110.23, 21.6);(110.23, 22.0);(110.64, 21.2);(110.64, 21.6);(110.64, 22.0);(110.64, 22.4);(111.05, 21.2);(111.05, 21.6);(111.05, 22.0)",True
59476,2020-05-17 17:00:00,78.8,SURF,True,EXTREME_TYPE1,4760,11,11,"(112.27, 22.4);(112.68, 22.0);(112.68, 22.4);(112.68, 22.8);(113.09, 22.0);(113.09, 22.4);(113.09, 22.8);(113.09, 23.2);(113.5, 22.0);(113.5, 22.4);(113.5, 22.8)",True
59284,2020-05-17 21:00:00,14.0,SURF,True,EXTREME_TYPE1,2103,12,12,"(112.68, 23.2);(112.68, 23.6);(113.09, 22.8);(113.09, 23.2);(113.09, 23.6);(113.09, 24.0);(113.5, 22.8);(113.5, 23.2);(113.5, 23.6);(113.5, 24.0);(113.91, 23.2);(113.91, 23.6)",True
59297,2020-05-20 15:00:00,54.2,SURF,True,EXTREME_TYPE1,920,10,10,"(113.5, 23.2);(113.91, 22.8);(113.91, 23.2);(113.91, 23.6);(114.32, 22.8);(114.32, 23.2);(114.32, 23.6);(114.73, 22.8);(114.73, 23.2);(114.73, 23.6)",True
59284,2020-05-21 00:00:00,30.5,SURF,True,EXTREME_TYPE1,2115,12,12,"(112.68, 23.2);(112.68, 23.6);(113.09, 22.8);(113.09, 23.2);(113.09, 23.6);(113.09, 24.0);(113.5, 22.8);(113.5, 23.2);(113.5, 23.6);(113.5, 24.0);(113.91, 23.2);(113.91, 23.6)",True
59673,2020-05-21 05:00:00,55.7,SURF,True,EXTREME_TYPE1,333,8,8,"(112.27, 21.6);(112.27, 22.0);(112.68, 21.6);(112.68, 22.0);(112.68, 22.4);(113.09, 21.6);(113.09, 22.0);(113.5, 21.6)",True
59673,2020-05-21 06:00:00,106.2,SURF,True,EXTREME_TYPE1,331,8,8,"(112.27, 21.6);(112.27, 22.0);(112.68, 21.6);(112.68, 22.0);(112.68, 22.4);(113.09, 21.6);(113.09, 22.0);(113.5, 21.6)",True
59673,2020-05-21 07:00:00,161.0,SURF,True,EXTREME_TYPE1,330,8,8,"(112.27, 21.6);(112.27, 22.0);(112.68, 21.6);(112.68, 22.0);(112.68, 22.4);(113.09, 21.6);(113.09, 22.0);(113.5, 21.6)",True
59500,2020-05-21 19:00:00,21.4,SURF,True,EXTREME_TYPE1,1591,12,12,"(114.73, 22.8);(114.73, 23.2);(115.14, 22.4);(115.14, 22.8);(115.14, 23.2);(115.14, 23.6);(115.55, 22.4);(115.55, 22.8);(115.55, 23.2);(115.55, 23.6);(115.95, 22.8);(115.95, 23.2)",True
59294,2020-05-22 00:00:00,92.5,SURF,True,EXTREME_TYPE1,1339,11,11,"(113.09, 23.2);(113.5, 22.8);(113.5, 23.2);(113.5, 23.6);(113.91, 22.8);(113.91, 23.2);(113.91, 23.6);(113.91, 24.0);(114.32, 22.8);(114.32, 23.2);(114.32, 23.6)",True
59284,2020-05-22 02:00:00,13.7,SURF,True,EXTREME_TYPE1,2112,12,12,"(112.68, 23.2);(112.68, 23.6);(113.09, 22.8);(113.09, 23.2);(113.09, 23.6);(113.09, 24.0);(113.5, 22.8);(113.5, 23.2);(113.5, 23.6);(113.5, 24.0);(113.91, 23.2);(113.91, 23.6)",True
59287,2020-05-22 03:00:00,84.7,SURF,True,EXTREME_TYPE1,2107,9,9,"(113.09, 22.8);(113.09, 23.2);(113.09, 23.6);(113.5, 22.8);(113.5, 23.2);(113.5, 23.6);(113.91, 22.8);(113.91, 23.2);(113.91, 23.6)",True
59480,2020-05-22 07:00:00,63.2,SURF,True,EXTREME_TYPE1,3734,10,10,"(112.68, 22.4);(112.68, 22.8);(112.68, 23.2);(113.09, 22.4);(113.09, 22.8);(113.09, 23.2);(113.5, 22.4);(113.5, 22.8);(113.5, 23.2);(113.91, 22.8)",True
59477,2020-05-22 08:00:00,51.7,SURF,True,EXTREME_TYPE1,3282,10,10,"(111.86, 22.0);(111.86, 22.4);(111.86, 22.8);(112.27, 21.6);(112.27, 22.0);(112.27, 22.4);(112.27, 22.8);(112.68, 22.0);(112.68, 22.4);(112.68, 22.8)",True
59476,2020-05-22 09:00:00,11.8,SURF,True,EXTREME_TYPE1,4728,11,11,"(112.27, 22.4);(112.68, 22.0);(112.68, 22.4);(112.68, 22.8);(113.09, 22.0);(113.09, 22.4);(113.09, 22.8);(113.09, 23.2);(113.5, 22.0);(113.5, 22.4);(113.5, 22.8)",True
59477,2020-05-25 05:00:00,5.8,SURF,True,EXTREME_TYPE1,3323,10,10,"(111.86, 22.0);(111.86, 22.4);(111.86, 22.8);(112.27, 21.6);(112.27, 22.0);(112.27, 22.4);(112.27, 22.8);(112.68, 22.0);(112.68, 22.4);(112.68, 22.8)",True
59478,2020-05-30 07:00:00,51.2,SURF,True,EXTREME_TYPE1,3234,12,12,"(112.27, 22.0);(112.27, 22.4);(112.68, 21.6);(112.68, 22.0);(112.68, 22.4);(112.68, 22.8);(113.09, 21.6);(113.09, 22.0);(113.09, 22.4);(113.09, 22.8);(113.5, 22.0);(113.5, 22.4)",True
59298,2020-05-31 13:00:00,70.3,SURF,True,EXTREME_TYPE1,1209,11,11,"(113.91, 22.8);(113.91, 23.2);(113.91, 23.6);(114.32, 22.4);(114.32, 22.8);(114.32, 23.2);(114.32, 23.6);(114.73, 22.8);(114.73, 23.2);(114.73, 23.6);(115.14, 23.2)",True
59663,2020-06-02 09:00:00,79.8,SURF,True,EXTREME_TYPE1,1199,11,11,"(111.45, 21.6);(111.45, 22.0);(111.86, 21.2);(111.86, 21.6);(111.86, 22.0);(111.86, 22.4);(112.27, 21.6);(112.27, 22.0);(112.27, 22.4);(112.68, 21.6);(112.68, 22.0)",True
59294,2020-06-05 12:00:00,32.0,SURF,True,EXTREME_TYPE1,1334,11,11,"(113.09, 23.2);(113.5, 22.8);(113.5, 23.2);(113.5, 23.6);(113.91, 22.8);(113.91, 23.2);(113.91, 23.6);(113.91, 24.0);(114.32, 22.8);(114.32, 23.2);(114.32, 23.6)",True
59481,2020-06-05 17:00:00,17.0,SURF,True,EXTREME_TYPE1,3931,12,12,"(112.68, 22.8);(112.68, 23.2);(113.09, 22.4);(113.09, 22.8);(113.09, 23.2);(113.09, 23.6);(113.5, 22.4);(113.5, 22.8);(113.5, 23.2);(113.5, 23.6);(113.91, 22.8);(113.91, 23.2)",True
59664,2020-06-05 17:00:00,30.3,SURF,True,EXTREME_TYPE1,1016,10,10,"(110.23, 21.6);(110.64, 21.2);(110.64, 21.6);(110.64, 22.0);(111.05, 21.2);(111.05, 21.6);(111.05, 22.0);(111.45, 21.2);(111.45, 21.6);(111.45, 22.0)",True
59280,2020-06-06 16:00:00,56.0,SURF,True,EXTREME_TYPE1,1415,10,10,"(112.68, 23.2);(112.68, 23.6);(112.68, 24.0);(113.09, 23.2);(113.09, 23.6);(113.09, 24.0);(113.09, 24.4);(113.5, 23.2);(113.5, 23.6);(113.5, 24.0)",True
59075,2020-06-07 03:00:00,54.4,SURF,True,EXTREME_TYPE1,1022,12,12,"(111.86, 24.0);(111.86, 24.4);(112.27, 24.0);(112.27, 24.4);(112.27, 24.8);(112.68, 23.6);(112.68, 24.0);(112.68, 24.4);(112.68, 24.8);(113.09, 24.0);(113.09, 24.4);(113.09, 24.8)",True
59319,2020-06-07 09:00:00,13.4,SURF,True,EXTREME_TYPE1,585,11,11,"(115.95, 23.6);(116.36, 23.2);(116.36, 23.6);(116.36, 24.0);(116.77, 22.8);(116.77, 23.2);(116.77, 23.6);(116.77, 24.0);(117.18, 23.2);(117.18, 23.6);(117.18, 24.0)",True
59087,2020-06-07 18:00:00,52.2,SURF,True,EXTREME_TYPE1,1062,10,10,"(113.09, 23.6);(113.09, 24.0);(113.09, 24.4);(113.5, 23.2);(113.5, 23.6);(113.5, 24.0);(113.5, 24.4);(113.91, 23.6);(113.91, 24.0);(113.91, 24.4)",True
59285,2020-06-07 22:00:00,52.7,SURF,True,EXTREME_TYPE1,1326,10,10,"(113.09, 23.2);(113.09, 23.6);(113.09, 24.0);(113.5, 23.2);(113.5, 23.6);(113.5, 24.0);(113.91, 23.2);(113.91, 23.6);(113.91, 24.0);(114.32, 23.6)",True
59501,2020-06-08 07:00:00,45.3,SURF,True,EXTREME_TYPE1,1583,12,12,"(114.73, 22.4);(114.73, 22.8);(114.73, 23.2);(115.14, 22.4);(115.14, 22.8);(115.14, 23.2);(115.55, 22.4);(115.55, 22.8);(115.55, 23.2);(115.95, 22.4);(115.95, 22.8);(115.95, 23.2)",True
59297,2020-06-08 11:00:00,30.6,SURF,True,EXTREME_TYPE1,910,10,10,"(113.5, 23.2);(113.91, 22.8);(113.91, 23.2);(113.91, 23.6);(114.32, 22.8);(114.32, 23.2);(114.32, 23.6);(114.73, 22.8);(114.73, 23.2);(114.73, 23.6)",True
59294,2020-06-08 12:00:00,34.0,SURF,True,EXTREME_TYPE1,1321,11,11,"(113.09, 23.2);(113.5, 22.8);(113.5, 23.2);(113.5, 23.6);(113.91, 22.8);(113.91, 23.2);(113.91, 23.6);(113.91, 24.0);(114.32, 22.8);(114.32, 23.2);(114.32, 23.6)",True
59297,2020-06-08 12:00:00,89.7,SURF,True,EXTREME_TYPE1,911,10,10,"(113.5, 23.2);(113.91, 22.8);(113.91, 23.2);(113.91, 23.6);(114.32, 22.8);(114.32, 23.2);(114.32, 23.6);(114.73, 22.8);(114.73, 23.2);(114.73, 23.6)",True
59285,2020-06-08 13:00:00,2.4,SURF,True,EXTREME_TYPE1,1318,10,10,"(113.09, 23.2);(113.09, 23.6);(113.09, 24.0);(113.5, 23.2);(113.5, 23.6);(113.5, 24.0);(113.91, 23.2);(113.91, 23.6);(113.91, 24.0);(114.32, 23.6)",True
59279,2020-06-09 19:00:00,16.0,SURF,True,EXTREME_TYPE1,2867,12,12,"(112.27, 22.8);(112.27, 23.2);(112.27, 23.6);(112.68, 22.8);(112.68, 23.2);(112.68, 23.6);(113.09, 22.8);(113.09, 23.2);(113.09, 23.6);(113.5, 22.8);(113.5, 23.2);(113.5, 23.6)",True
59750,2020-06-15 16:00:00,17.3,SURF,True,EXTREME_TYPE1,768,11,11,"(109.41, 21.2);(109.82, 20.4);(109.82, 20.8);(109.82, 21.2);(109.82, 21.6);(110.23, 20.4);(110.23, 20.8);(110.23, 21.2);(110.23, 21.6);(110.64, 20.8);(110.64, 21.2)",True
59754,2020-07-04 19:00:00,1.3,SURF,True,EXTREME_TYPE1,435,5,5,"(109.82, 20.4);(109.82, 20.8);(110.23, 20.4);(110.23, 20.8);(110.64, 20.8)",True
59075,2020-07-10 00:00:00,9.6,SURF,True,EXTREME_TYPE1,1032,12,11,"(111.86, 24.0);(111.86, 24.4);(112.27, 24.0);(112.27, 24.4);(112.27, 24.8);(112.68, 24.0);(112.68, 24.4);(112.68, 24.8);(113.09, 24.0);(113.09, 24.4);(113.09, 24.8)",True
59316,2020-07-14 21:00:00,41.8,SURF,True,EXTREME_TYPE1,623,12,12,"(115.95, 23.2);(115.95, 23.6);(116.36, 22.8);(116.36, 23.2);(116.36, 23.6);(116.36, 24.0);(116.77, 22.8);(116.77, 23.2);(116.77, 23.6);(116.77, 24.0);(117.18, 23.2);(117.18, 23.6)",True
59290,2020-07-31 12:00:00,2.5,SURF,True,EXTREME_TYPE1,890,11,11,"(113.5, 23.6);(113.91, 23.2);(113.91, 23.6);(113.91, 24.0);(113.91, 24.4);(114.32, 23.2);(114.32, 23.6);(114.32, 24.0);(114.32, 24.4);(114.73, 23.6);(114.73, 24.0)",True
59315,2020-07-31 20:00:00,5.6,SURF,True,EXTREME_TYPE1,625,10,10,"(115.95, 23.2);(115.95, 23.6);(115.95, 24.0);(116.36, 23.2);(116.36, 23.6);(116.36, 24.0);(116.77, 23.2);(116.77, 23.6);(116.77, 24.0);(117.18, 23.6)",True
59319,2020-08-11 07:00:00,7.5,SURF,True,EXTREME_TYPE1,598,11,11,"(115.95, 23.6);(116.36, 23.2);(116.36, 23.6);(116.36, 24.0);(116.77, 22.8);(116.77, 23.2);(116.77, 23.6);(116.77, 24.0);(117.18, 23.2);(117.18, 23.6);(117.18, 24.0)",True
59500,2020-08-12 12:00:00,21.7,SURF,True,EXTREME_TYPE1,1612,12,12,"(114.73, 22.8);(114.73, 23.2);(115.14, 22.4);(115.14, 22.8);(115.14, 23.2);(115.14, 23.6);(115.55, 22.4);(115.55, 22.8);(115.55, 23.2);(115.55, 23.6);(115.95, 22.8);(115.95, 23.2)",True
59289,2020-08-12 14:00:00,34.3,SURF,True,EXTREME_TYPE1,2406,12,12,"(113.09, 22.8);(113.09, 23.2);(113.5, 22.4);(113.5, 22.8);(113.5, 23.2);(113.5, 23.6);(113.91, 22.4);(113.91, 22.8);(113.91, 23.2);(113.91, 23.6);(114.32, 22.8);(114.32, 23.2)",True
59650,2020-08-15 17:00:00,75.6,SURF,True,EXTREME_TYPE1,949,11,11,"(109.82, 21.2);(109.82, 21.6);(109.82, 22.0);(110.23, 20.8);(110.23, 21.2);(110.23, 21.6);(110.23, 22.0);(110.64, 20.8);(110.64, 21.2);(110.64, 21.6);(110.64, 22.0)",True
59316,2020-08-18 16:00:00,7.8,SURF,True,EXTREME_TYPE1,623,12,12,"(115.95, 23.2);(115.95, 23.6);(116.36, 22.8);(116.36, 23.2);(116.36, 23.6);(116.36, 24.0);(116.77, 22.8);(116.77, 23.2);(116.77, 23.6);(116.77, 24.0);(117.18, 23.2);(117.18, 23.6)",True
59488,2020-08-19 08:00:00,10.3,SURF,True,EXTREME_TYPE1,1684,11,11,"(113.09, 22.0);(113.09, 22.4);(113.09, 22.8);(113.5, 21.6);(113.5, 22.0);(113.5, 22.4);(113.5, 22.8);(113.91, 22.0);(113.91, 22.4);(113.91, 22.8);(114.32, 22.4)",True
59478,2020-08-19 10:00:00,55.8,SURF,True,EXTREME_TYPE1,3236,12,12,"(112.27, 22.0);(112.27, 22.4);(112.68, 21.6);(112.68, 22.0);(112.68, 22.4);(112.68, 22.8);(113.09, 21.6);(113.09, 22.0);(113.09, 22.4);(113.09, 22.8);(113.5, 22.0);(113.5, 22.4)",True
59654,2020-08-19 15:00:00,5.5,SURF,True,EXTREME_TYPE1,964,10,10,"(109.82, 21.2);(109.82, 21.6);(109.82, 22.0);(110.23, 21.2);(110.23, 21.6);(110.23, 22.0);(110.64, 21.2);(110.64, 21.6);(110.64, 22.0);(111.05, 21.6)",True
59502,2020-08-24 21:00:00,52.9,SURF,True,EXTREME_TYPE1,1454,12,12,"(115.14, 22.8);(115.14, 23.2);(115.55, 22.4);(115.55, 22.8);(115.55, 23.2);(115.55, 23.6);(115.95, 22.4);(115.95, 22.8);(115.95, 23.2);(115.95, 23.6);(116.36, 22.8);(116.36, 23.2)",True
59269,2020-08-26 15:00:00,6.3,SURF,True,EXTREME_TYPE1,1225,9,9,"(111.45, 22.8);(111.45, 23.2);(111.45, 23.6);(111.86, 22.8);(111.86, 23.2);(111.86, 23.6);(112.27, 22.8);(112.27, 23.2);(112.27, 23.6)",True
59476,2020-08-26 19:00:00,37.4,SURF,True,EXTREME_TYPE1,4819,11,11,"(112.27, 22.4);(112.68, 22.0);(112.68, 22.4);(112.68, 22.8);(113.09, 22.0);(113.09, 22.4);(113.09, 22.8);(113.09, 23.2);(113.5, 22.0);(113.5, 22.4);(113.5, 22.8)",True
59117,2020-08-27 19:00:00,45.1,SURF,True,EXTREME_TYPE1,660,12,12,"(115.55, 24.0);(115.55, 24.4);(115.55, 24.8);(115.95, 23.6);(115.95, 24.0);(115.95, 24.4);(115.95, 24.8);(116.36, 24.0);(116.36, 24.4);(116.36, 24.8);(116.77, 24.0);(116.77, 24.4)",True
59284,2020-09-05 10:00:00,25.2,SURF,True,EXTREME_TYPE1,2111,12,12,"(112.68, 23.2);(112.68, 23.6);(113.09, 22.8);(113.09, 23.2);(113.09, 23.6);(113.09, 24.0);(113.5, 22.8);(113.5, 23.2);(113.5, 23.6);(113.5, 24.0);(113.91, 23.2);(113.91, 23.6)",True
59486,2020-09-05 12:00:00,17.5,SURF,True,EXTREME_TYPE1,2410,10,10,"(113.5, 22.4);(113.5, 22.8);(113.5, 23.2);(113.91, 22.0);(113.91, 22.4);(113.91, 22.8);(113.91, 23.2);(114.32, 22.4);(114.32, 22.8);(114.32, 23.2)",True
59270,2020-09-06 23:00:00,15.2,SURF,True,EXTREME_TYPE1,955,10,10,"(111.45, 24.0);(111.86, 23.6);(111.86, 24.0);(111.86, 24.4);(112.27, 23.6);(112.27, 24.0);(112.27, 24.4);(112.68, 23.6);(112.68, 24.0);(112.68, 24.4)",True
59072,2020-09-07 18:00:00,25.2,SURF,True,EXTREME_TYPE1,1028,9,9,"(111.86, 24.4);(111.86, 24.8);(112.27, 24.4);(112.27, 24.8);(112.27, 25.2);(112.68, 24.4);(112.68, 24.8);(112.68, 25.2);(113.09, 24.8)",True
59264,2020-09-12 01:00:00,65.0,SURF,True,EXTREME_TYPE1,520,9,9,"(111.05, 23.2);(111.45, 22.8);(111.45, 23.2);(111.45, 23.6);(111.45, 24.0);(111.86, 22.8);(111.86, 23.2);(111.86, 23.6);(111.86, 24.0)",True
59315,2020-09-12 16:00:00,60.3,SURF,True,EXTREME_TYPE1,633,10,10,"(115.95, 23.2);(115.95, 23.6);(115.95, 24.0);(116.36, 23.2);(116.36, 23.6);(116.36, 24.0);(116.77, 23.2);(116.77, 23.6);(116.77, 24.0);(117.18, 23.6)",True
59475,2020-09-12 17:00:00,65.1,SURF,True,EXTREME_TYPE1,4291,9,9,"(112.27, 22.0);(112.27, 22.4);(112.27, 22.8);(112.68, 22.0);(112.68, 22.4);(112.68, 22.8);(113.09, 22.0);(113.09, 22.4);(113.09, 22.8)",True
59106,2020-09-13 20:00:00,12.2,SURF,True,EXTREME_TYPE1,548,10,10,"(115.14, 24.4);(115.14, 24.8);(115.55, 24.0);(115.55, 24.4);(115.55, 24.8);(115.95, 24.0);(115.95, 24.4);(115.95, 24.8);(116.36, 24.4);(116.36, 24.8)",True
59271,2020-09-20 09:00:00,35.5,SURF,True,EXTREME_TYPE1,1356,11,11,"(111.86, 23.2);(111.86, 23.6);(111.86, 24.0);(112.27, 23.2);(112.27, 23.6);(112.27, 24.0);(112.68, 23.2);(112.68, 23.6);(112.68, 24.0);(113.09, 23.6);(113.09, 24.0)",True
59673,2020-09-23 11:00:00,20.3,SURF,True,EXTREME_TYPE1,322,8,8,"(112.27, 21.6);(112.27, 22.0);(112.68, 21.6);(112.68, 22.0);(112.68, 22.4);(113.09, 21.6);(113.09, 22.0);(113.5, 21.6)",True
59673,2020-09-23 12:00:00,52.7,SURF,True,EXTREME_TYPE1,321,8,8,"(112.27, 21.6);(112.27, 22.0);(112.68, 21.6);(112.68, 22.0);(112.68, 22.4);(113.09, 21.6);(113.09, 22.0);(113.5, 21.6)",True
59462,2020-09-24 02:00:00,44.0,SURF,True,EXTREME_TYPE1,1902,11,11,"(111.05, 22.4);(111.05, 22.8);(111.05, 23.2);(111.45, 22.4);(111.45, 22.8);(111.45, 23.2);(111.86, 22.4);(111.86, 22.8);(111.86, 23.2);(112.27, 22.4);(112.27, 22.8)",True
59088,2020-09-30 08:00:00,31.8,SURF,True,EXTREME_TYPE1,1094,12,12,"(112.68, 24.0);(112.68, 24.4);(113.09, 23.6);(113.09, 24.0);(113.09, 24.4);(113.09, 24.8);(113.5, 23.6);(113.5, 24.0);(113.5, 24.4);(113.5, 24.8);(113.91, 24.0);(113.91, 24.4)",True
59486,2020-09-30 17:00:00,60.6,SURF,True,EXTREME_TYPE1,2402,10,10,"(113.5, 22.4);(113.5, 22.8);(113.5, 23.2);(113.91, 22.0);(113.91, 22.4);(113.91, 22.8);(113.91, 23.2);(114.32, 22.4);(114.32, 22.8);(114.32, 23.2)",True
59653,2020-09-30 17:00:00,68.5,SURF,True,EXTREME_TYPE1,955,11,11,"(110.23, 21.6);(110.23, 22.0);(110.64, 21.6);(110.64, 22.0);(110.64, 22.4);(111.05, 21.6);(111.05, 22.0);(111.05, 22.4);(111.45, 21.6);(111.45, 22.0);(111.45, 22.4)",True
59653,2020-10-13 22:00:00,2.1,SURF,True,EXTREME_TYPE1,957,11,11,"(110.23, 21.6);(110.23, 22.0);(110.64, 21.6);(110.64, 22.0);(110.64, 22.4);(111.05, 21.6);(111.05, 22.0);(111.05, 22.4);(111.45, 21.6);(111.45, 22.0);(111.45, 22.4)",True
59656,2020-10-15 00:00:00,22.0,SURF,True,EXTREME_TYPE1,732,11,11,"(110.23, 21.2);(110.23, 21.6);(110.64, 20.8);(110.64, 21.2);(110.64, 21.6);(110.64, 22.0);(111.05, 21.2);(111.05, 21.6);(111.05, 22.0);(111.45, 21.2);(111.45, 21.6)",True
59654,2021-04-26 08:00:00,65.9,SURF,True,EXTREME_TYPE1,979,10,10,"(109.82, 21.2);(109.82, 21.6);(109.82, 22.0);(110.23, 21.2);(110.23, 21.6);(110.23, 22.0);(110.64, 21.2);(110.64, 21.6);(110.64, 22.0);(111.05, 21.6)",True
59290,2021-04-26 22:00:00,8.6,SURF,True,EXTREME_TYPE1,1023,11,11,"(113.5, 23.6);(113.91, 23.2);(113.91, 23.6);(113.91, 24.0);(113.91, 24.4);(114.32, 23.2);(114.32, 23.6);(114.32, 24.0);(114.32, 24.4);(114.73, 23.6);(114.73, 24.0)",True
59655,2021-05-02 14:00:00,55.0,SURF,True,EXTREME_TYPE1,1115,10,9,"(110.23, 21.2);(110.23, 21.6);(110.23, 22.0);(110.64, 21.2);(110.64, 21.6);(110.64, 22.0);(111.05, 21.2);(111.05, 21.6);(111.05, 22.0)",True
59285,2021-05-03 00:00:00,1.0,SURF,True,EXTREME_TYPE1,1383,10,10,"(113.09, 23.2);(113.09, 23.6);(113.09, 24.0);(113.5, 23.2);(113.5, 23.6);(113.5, 24.0);(113.91, 23.2);(113.91, 23.6);(113.91, 24.0);(114.32, 23.6)",True
59750,2021-05-03 17:00:00,43.1,SURF,True,EXTREME_TYPE1,772,11,11,"(109.41, 21.2);(109.82, 20.4);(109.82, 20.8);(109.82, 21.2);(109.82, 21.6);(110.23, 20.4);(110.23, 20.8);(110.23, 21.2);(110.23, 21.6);(110.64, 20.8);(110.64, 21.2)",True
59071,2021-05-04 08:00:00,15.1,SURF,True,EXTREME_TYPE1,597,8,8,"(111.86, 24.4);(111.86, 24.8);(112.27, 24.4);(112.27, 24.8);(112.27, 25.2);(112.68, 24.4);(112.68, 24.8);(112.68, 25.2)",True
59294,2021-05-25 05:00:00,4.3,SURF,True,EXTREME_TYPE1,1380,11,11,"(113.09, 23.2);(113.5, 22.8);(113.5, 23.2);(113.5, 23.6);(113.91, 22.8);(113.91, 23.2);(113.91, 23.6);(113.91, 24.0);(114.32, 22.8);(114.32, 23.2);(114.32, 23.6)",True
59316,2021-05-31 08:00:00,5.2,SURF,True,EXTREME_TYPE1,645,12,12,"(115.95, 23.2);(115.95, 23.6);(116.36, 22.8);(116.36, 23.2);(116.36, 23.6);(116.36, 24.0);(116.77, 22.8);(116.77, 23.2);(116.77, 23.6);(116.77, 24.0);(117.18, 23.2);(117.18, 23.6)",True
59317,2021-05-31 08:00:00,62.4,SURF,True,EXTREME_TYPE1,1135,9,9,"(115.95, 22.4);(115.95, 22.8);(115.95, 23.2);(115.95, 23.6);(116.36, 22.8);(116.36, 23.2);(116.36, 23.6);(116.77, 22.8);(116.77, 23.2)",True
59488,2021-06-01 04:00:00,62.2,SURF,True,EXTREME_TYPE1,1677,11,11,"(113.09, 22.0);(113.09, 22.4);(113.09, 22.8);(113.5, 21.6);(113.5, 22.0);(113.5, 22.4);(113.5, 22.8);(113.91, 22.0);(113.91, 22.4);(113.91, 22.8);(114.32, 22.4)",True
59284,2021-06-01 16:00:00,76.0,SURF,True,EXTREME_TYPE1,2120,12,12,"(112.68, 23.2);(112.68, 23.6);(113.09, 22.8);(113.09, 23.2);(113.09, 23.6);(113.09, 24.0);(113.5, 22.8);(113.5, 23.2);(113.5, 23.6);(113.5, 24.0);(113.91, 23.2);(113.91, 23.6)",True
59264,2021-06-02 15:00:00,30.2,SURF,True,EXTREME_TYPE1,533,9,9,"(111.05, 23.2);(111.45, 22.8);(111.45, 23.2);(111.45, 23.6);(111.45, 24.0);(111.86, 22.8);(111.86, 23.2);(111.86, 23.6);(111.86, 24.0)",True
59287,2021-06-04 04:00:00,12.0,SURF,True,EXTREME_TYPE1,2138,9,9,"(113.09, 22.8);(113.09, 23.2);(113.09, 23.6);(113.5, 22.8);(113.5, 23.2);(113.5, 23.6);(113.91, 22.8);(113.91, 23.2);(113.91, 23.6)",True
59456,2021-06-08 18:00:00,63.7,SURF,True,EXTREME_TYPE2,924,10,2,"(110.64, 22.0);(111.05, 22.0)",True
59293,2021-06-10 20:00:00,8.5,SURF,True,EXTREME_TYPE1,927,11,11,"(114.32, 23.2);(114.32, 23.6);(114.32, 24.0);(114.73, 23.2);(114.73, 23.6);(114.73, 24.0);(114.73, 24.4);(115.14, 23.2);(115.14, 23.6);(115.14, 24.0);(115.14, 24.4)",True
59270,2021-06-14 17:00:00,14.7,SURF,True,EXTREME_TYPE1,987,10,10,"(111.45, 24.0);(111.86, 23.6);(111.86, 24.0);(111.86, 24.4);(112.27, 23.6);(112.27, 24.0);(112.27, 24.4);(112.68, 23.6);(112.68, 24.0);(112.68, 24.4)",True
59480,2021-06-22 06:00:00,55.3,SURF,True,EXTREME_TYPE1,3778,10,10,"(112.68, 22.4);(112.68, 22.8);(112.68, 23.2);(113.09, 22.4);(113.09, 22.8);(113.09, 23.2);(113.5, 22.4);(113.5, 22.8);(113.5, 23.2);(113.91, 22.8)",True
59481,2021-06-22 09:00:00,2.1,SURF,True,EXTREME_TYPE1,3941,12,12,"(112.68, 22.8);(112.68, 23.2);(113.09, 22.4);(113.09, 22.8);(113.09, 23.2);(113.09, 23.6);(113.5, 22.4);(113.5, 22.8);(113.5, 23.2);(113.5, 23.6);(113.91, 22.8);(113.91, 23.2)",True
59074,2021-06-22 15:00:00,52.3,SURF,True,EXTREME_TYPE1,918,9,9,"(111.86, 24.0);(111.86, 24.4);(111.86, 24.8);(112.27, 24.0);(112.27, 24.4);(112.27, 24.8);(112.27, 25.2);(112.68, 24.4);(112.68, 24.8)",True
59107,2021-06-22 15:00:00,30.5,SURF,True,EXTREME_TYPE1,1220,12,12,"(114.73, 23.6);(114.73, 24.0);(114.73, 24.4);(115.14, 23.6);(115.14, 24.0);(115.14, 24.4);(115.14, 24.8);(115.55, 23.6);(115.55, 24.0);(115.55, 24.4);(115.95, 24.0);(115.95, 24.4)",True
59096,2021-06-22 19:00:00,8.4,SURF,True,EXTREME_TYPE1,643,12,12,"(113.91, 24.0);(113.91, 24.4);(113.91, 24.8);(114.32, 24.0);(114.32, 24.4);(114.32, 24.8);(114.73, 24.0);(114.73, 24.4);(114.73, 24.8);(115.14, 24.0);(115.14, 24.4);(115.14, 24.8)",True
59264,2021-06-23 16:00:00,2.0,SURF,True,EXTREME_TYPE1,560,9,9,"(111.05, 23.2);(111.45, 22.8);(111.45, 23.2);(111.45, 23.6);(111.45, 24.0);(111.86, 22.8);(111.86, 23.2);(111.86, 23.6);(111.86, 24.0)",True
59487,2021-06-24 06:00:00,10.3,SURF,True,EXTREME_TYPE1,2680,12,12,"(112.68, 22.0);(112.68, 22.4);(113.09, 21.6);(113.09, 22.0);(113.09, 22.4);(113.09, 22.8);(113.5, 21.6);(113.5, 22.0);(113.5, 22.4);(113.5, 22.8);(113.91, 22.0);(113.91, 22.4)",True
59280,2021-06-25 18:00:00,54.6,SURF,True,EXTREME_TYPE1,1450,10,10,"(112.68, 23.2);(112.68, 23.6);(112.68, 24.0);(113.09, 23.2);(113.09, 23.6);(113.09, 24.0);(113.09, 24.4);(113.5, 23.2);(113.5, 23.6);(113.5, 24.0)",True
59477,2021-06-25 18:00:00,10.1,SURF,True,EXTREME_TYPE1,3433,10,10,"(111.86, 22.0);(111.86, 22.4);(111.86, 22.8);(112.27, 21.6);(112.27, 22.0);(112.27, 22.4);(112.27, 22.8);(112.68, 22.0);(112.68, 22.4);(112.68, 22.8)",True
59114,2021-06-29 12:00:00,16.3,SURF,True,EXTREME_TYPE1,355,10,10,"(115.55, 24.4);(115.55, 24.8);(115.95, 24.0);(115.95, 24.4);(115.95, 24.8);(116.36, 24.0);(116.36, 24.4);(116.36, 24.8);(116.77, 24.4);(116.77, 24.8)",True
59477,2021-06-30 11:00:00,2.0,SURF,True,EXTREME_TYPE1,3455,10,10,"(111.86, 22.0);(111.86, 22.4);(111.86, 22.8);(112.27, 21.6);(112.27, 22.0);(112.27, 22.4);(112.27, 22.8);(112.68, 22.0);(112.68, 22.4);(112.68, 22.8)",True
59655,2021-06-30 15:00:00,53.7,SURF,True,EXTREME_TYPE1,1115,10,10,"(110.23, 21.2);(110.23, 21.6);(110.23, 22.0);(110.64, 21.2);(110.64, 21.6);(110.64, 22.0);(110.64, 22.4);(111.05, 21.2);(111.05, 21.6);(111.05, 22.0)",True
59488,2021-07-19 03:00:00,25.2,SURF,True,EXTREME_TYPE1,1756,11,11,"(113.09, 22.0);(113.09, 22.4);(113.09, 22.8);(113.5, 21.6);(113.5, 22.0);(113.5, 22.4);(113.5, 22.8);(113.91, 22.0);(113.91, 22.4);(113.91, 22.8);(114.32, 22.4)",True
59471,2021-07-21 19:00:00,26.2,SURF,True,EXTREME_TYPE1,3181,12,12,"(111.45, 22.8);(111.45, 23.2);(111.86, 22.4);(111.86, 22.8);(111.86, 23.2);(111.86, 23.6);(112.27, 22.4);(112.27, 22.8);(112.27, 23.2);(112.27, 23.6);(112.68, 22.8);(112.68, 23.2)",True
59071,2021-07-21 21:00:00,5.2,SURF,True,EXTREME_TYPE1,615,8,8,"(111.86, 24.4);(111.86, 24.8);(112.27, 24.4);(112.27, 24.8);(112.27, 25.2);(112.68, 24.4);(112.68, 24.8);(112.68, 25.2)",True
59493,2021-07-25 00:00:00,65.3,SURF,True,EXTREME_TYPE1,1702,13,13,"(113.5, 22.0);(113.5, 22.4);(113.5, 22.8);(113.91, 22.0);(113.91, 22.4);(113.91, 22.8);(113.91, 23.2);(114.32, 22.0);(114.32, 22.4);(114.32, 22.8);(114.32, 23.2);(114.73, 22.4);(114.73, 22.8)",True
59298,2021-07-27 21:00:00,26.9,SURF,True,EXTREME_TYPE1,1246,11,11,"(113.91, 22.8);(113.91, 23.2);(113.91, 23.6);(114.32, 22.4);(114.32, 22.8);(114.32, 23.2);(114.32, 23.6);(114.73, 22.8);(114.73, 23.2);(114.73, 23.6);(115.14, 23.2)",True
59099,2021-07-30 17:00:00,57.5,SURF,True,EXTREME_TYPE1,758,10,10,"(114.32, 24.4);(114.32, 24.8);(114.73, 24.0);(114.73, 24.4);(114.73, 24.8);(115.14, 24.0);(115.14, 24.4);(115.14, 24.8);(115.55, 24.4);(115.55, 24.8)",True
59106,2021-08-08 18:00:00,50.4,SURF,True,EXTREME_TYPE1,549,10,10,"(115.14, 24.4);(115.14, 24.8);(115.55, 24.0);(115.55, 24.4);(115.55, 24.8);(115.95, 24.0);(115.95, 24.4);(115.95, 24.8);(116.36, 24.4);(116.36, 24.8)",True
59280,2021-08-09 10:00:00,59.4,SURF,True,EXTREME_TYPE1,1469,10,10,"(112.68, 23.2);(112.68, 23.6);(112.68, 24.0);(113.09, 23.2);(113.09, 23.6);(113.09, 24.0);(113.09, 24.4);(113.5, 23.2);(113.5, 23.6);(113.5, 24.0)",True
59280,2021-08-09 11:00:00,60.9,SURF,True,EXTREME_TYPE1,1469,10,10,"(112.68, 23.2);(112.68, 23.6);(112.68, 24.0);(113.09, 23.2);(113.09, 23.6);(113.09, 24.0);(113.09, 24.4);(113.5, 23.2);(113.5, 23.6);(113.5, 24.0)",True
59297,2021-08-09 16:00:00,82.0,SURF,True,EXTREME_TYPE1,1025,10,10,"(113.5, 23.2);(113.91, 22.8);(113.91, 23.2);(113.91, 23.6);(114.32, 22.8);(114.32, 23.2);(114.32, 23.6);(114.73, 22.8);(114.73, 23.2);(114.73, 23.6)",True
59487,2021-08-10 05:00:00,89.1,SURF,True,EXTREME_TYPE1,2768,12,12,"(112.68, 22.0);(112.68, 22.4);(113.09, 21.6);(113.09, 22.0);(113.09, 22.4);(113.09, 22.8);(113.5, 21.6);(113.5, 22.0);(113.5, 22.4);(113.5, 22.8);(113.91, 22.0);(113.91, 22.4)",True
59289,2021-08-10 06:00:00,48.0,SURF,True,EXTREME_TYPE1,2492,12,12,"(113.09, 22.8);(113.09, 23.2);(113.5, 22.4);(113.5, 22.8);(113.5, 23.2);(113.5, 23.6);(113.91, 22.4);(113.91, 22.8);(113.91, 23.2);(113.91, 23.6);(114.32, 22.8);(114.32, 23.2)",True
59488,2021-08-14 05:00:00,29.1,SURF,True,EXTREME_TYPE1,1777,11,11,"(113.09, 22.0);(113.09, 22.4);(113.09, 22.8);(113.5, 21.6);(113.5, 22.0);(113.5, 22.4);(113.5, 22.8);(113.91, 22.0);(113.91, 22.4);(113.91, 22.8);(114.32, 22.4)",True
57989,2021-08-15 18:00:00,48.6,SURF,True,EXTREME_TYPE1,440,12,12,"(113.09, 24.8);(113.09, 25.2);(113.5, 24.4);(113.5, 24.8);(113.5, 25.2);(113.5, 25.6);(113.91, 24.4);(113.91, 24.8);(113.91, 25.2);(113.91, 25.6);(114.32, 24.8);(114.32, 25.2)",True
59090,2021-08-18 09:00:00,52.4,SURF,True,EXTREME_TYPE1,295,12,12,"(113.5, 24.8);(113.5, 25.2);(113.91, 24.4);(113.91, 24.8);(113.91, 25.2);(113.91, 25.6);(114.32, 24.4);(114.32, 24.8);(114.32, 25.2);(114.32, 25.6);(114.73, 24.8);(114.73, 25.2)",True
57988,2021-08-18 18:00:00,14.3,SURF,True,EXTREME_TYPE1,415,11,11,"(112.68, 24.8);(112.68, 25.2);(113.09, 24.8);(113.09, 25.2);(113.09, 25.6);(113.5, 24.8);(113.5, 25.2);(113.5, 25.6);(113.91, 24.8);(113.91, 25.2);(113.91, 25.6)",True
59487,2021-08-18 19:00:00,56.5,SURF,True,EXTREME_TYPE1,2758,12,12,"(112.68, 22.0);(112.68, 22.4);(113.09, 21.6);(113.09, 22.0);(113.09, 22.4);(113.09, 22.8);(113.5, 21.6);(113.5, 22.0);(113.5, 22.4);(113.5, 22.8);(113.91, 22.0);(113.91, 22.4)",True
59081,2021-08-19 17:00:00,49.1,SURF,True,EXTREME_TYPE1,790,12,12,"(112.68, 24.4);(112.68, 24.8);(112.68, 25.2);(113.09, 24.4);(113.09, 24.8);(113.09, 25.2);(113.5, 24.4);(113.5, 24.8);(113.5, 25.2);(113.91, 24.4);(113.91, 24.8);(113.91, 25.2)",True
59487,2021-08-27 09:00:00,23.2,SURF,True,EXTREME_TYPE1,2761,12,12,"(112.68, 22.0);(112.68, 22.4);(113.09, 21.6);(113.09, 22.0);(113.09, 22.4);(113.09, 22.8);(113.5, 21.6);(113.5, 22.0);(113.5, 22.4);(113.5, 22.8);(113.91, 22.0);(113.91, 22.4)",True
59287,2021-08-31 06:00:00,40.0,SURF,True,EXTREME_TYPE1,2221,9,9,"(113.09, 22.8);(113.09, 23.2);(113.09, 23.6);(113.5, 22.8);(113.5, 23.2);(113.5, 23.6);(113.91, 22.8);(113.91, 23.2);(113.91, 23.6)",True
59470,2021-09-01 15:00:00,38.6,SURF,True,EXTREME_TYPE1,3191,10,10,"(111.45, 22.8);(111.86, 22.4);(111.86, 22.8);(111.86, 23.2);(112.27, 22.4);(112.27, 22.8);(112.27, 23.2);(112.68, 22.4);(112.68, 22.8);(112.68, 23.2)",True
59502,2021-09-06 15:00:00,50.8,SURF,True,EXTREME_TYPE1,1567,12,12,"(115.14, 22.8);(115.14, 23.2);(115.55, 22.4);(115.55, 22.8);(115.55, 23.2);(115.55, 23.6);(115.95, 22.4);(115.95, 22.8);(115.95, 23.2);(115.95, 23.6);(116.36, 22.8);(116.36, 23.2)",True
59106,2021-09-08 22:00:00,7.8,SURF,True,EXTREME_TYPE1,548,10,10,"(115.14, 24.4);(115.14, 24.8);(115.55, 24.0);(115.55, 24.4);(115.55, 24.8);(115.95, 24.0);(115.95, 24.4);(115.95, 24.8);(116.36, 24.4);(116.36, 24.8)",True
59750,2021-09-14 08:00:00,6.1,SURF,True,EXTREME_TYPE1,785,11,11,"(109.41, 21.2);(109.82, 20.4);(109.82, 20.8);(109.82, 21.2);(109.82, 21.6);(110.23, 20.4);(110.23, 20.8);(110.23, 21.2);(110.23, 21.6);(110.64, 20.8);(110.64, 21.2)",True
59476,2021-09-14 12:00:00,50.8,SURF,True,EXTREME_TYPE1,4991,11,11,"(112.27, 22.4);(112.68, 22.0);(112.68, 22.4);(112.68, 22.8);(113.09, 22.0);(113.09, 22.4);(113.09, 22.8);(113.09, 23.2);(113.5, 22.0);(113.5, 22.4);(113.5, 22.8)",True
59486,2021-09-14 14:00:00,61.7,SURF,True,EXTREME_TYPE1,2516,10,10,"(113.5, 22.4);(113.5, 22.8);(113.5, 23.2);(113.91, 22.0);(113.91, 22.4);(113.91, 22.8);(113.91, 23.2);(114.32, 22.4);(114.32, 22.8);(114.32, 23.2)",True
59456,2021-09-17 16:00:00,61.0,SURF,True,EXTREME_TYPE1,927,10,10,"(110.23, 22.4);(110.64, 22.0);(110.64, 22.4);(110.64, 22.8);(111.05, 22.0);(111.05, 22.4);(111.05, 22.8);(111.45, 22.0);(111.45, 22.4);(111.45, 22.8)",True
59315,2021-10-01 00:00:00,27.4,SURF,True,EXTREME_TYPE1,640,10,10,"(115.95, 23.2);(115.95, 23.6);(115.95, 24.0);(116.36, 23.2);(116.36, 23.6);(116.36, 24.0);(116.77, 23.2);(116.77, 23.6);(116.77, 24.0);(117.18, 23.6)",True
59754,2021-10-05 10:00:00,61.3,SURF,True,EXTREME_TYPE1,439,5,5,"(109.82, 20.4);(109.82, 20.8);(110.23, 20.4);(110.23, 20.8);(110.64, 20.8)",True
59317,2021-10-07 17:00:00,14.8,SURF,True,EXTREME_TYPE1,1154,9,9,"(115.95, 22.4);(115.95, 22.8);(115.95, 23.2);(115.95, 23.6);(116.36, 22.8);(116.36, 23.2);(116.36, 23.6);(116.77, 22.8);(116.77, 23.2)",True
59487,2021-10-08 13:00:00,17.4,SURF,True,EXTREME_TYPE1,2767,12,12,"(112.68, 22.0);(112.68, 22.4);(113.09, 21.6);(113.09, 22.0);(113.09, 22.4);(113.09, 22.8);(113.5, 21.6);(113.5, 22.0);(113.5, 22.4);(113.5, 22.8);(113.91, 22.0);(113.91, 22.4)",True
59486,2021-10-08 14:00:00,15.8,SURF,True,EXTREME_TYPE1,2515,10,10,"(113.5, 22.4);(113.5, 22.8);(113.5, 23.2);(113.91, 22.0);(113.91, 22.4);(113.91, 22.8);(113.91, 23.2);(114.32, 22.4);(114.32, 22.8);(114.32, 23.2)",True
59298,2021-10-08 21:00:00,3.8,SURF,True,EXTREME_TYPE1,1259,11,11,"(113.91, 22.8);(113.91, 23.2);(113.91, 23.6);(114.32, 22.4);(114.32, 22.8);(114.32, 23.2);(114.32, 23.6);(114.73, 22.8);(114.73, 23.2);(114.73, 23.6);(115.14, 23.2)",True
59485,2021-10-09 03:00:00,20.7,SURF,True,EXTREME_TYPE1,3944,12,12,"(112.68, 22.4);(112.68, 22.8);(113.09, 22.0);(113.09, 22.4);(113.09, 22.8);(113.5, 22.0);(113.5, 22.4);(113.5, 22.8);(113.5, 23.2);(113.91, 22.0);(113.91, 22.4);(113.91, 22.8)",True
59655,2021-10-10 00:00:00,51.3,SURF,True,EXTREME_TYPE1,1105,10,10,"(110.23, 21.2);(110.23, 21.6);(110.23, 22.0);(110.64, 21.2);(110.64, 21.6);(110.64, 22.0);(110.64, 22.4);(111.05, 21.2);(111.05, 21.6);(111.05, 22.0)",True
59754,2021-10-15 08:00:00,51.1,SURF,True,EXTREME_TYPE1,440,5,5,"(109.82, 20.4);(109.82, 20.8);(110.23, 20.4);(110.23, 20.8);(110.64, 20.8)",True
59271,2021-10-29 22:00:00,3.6,SURF,True,EXTREME_TYPE1,1435,11,11,"(111.86, 23.2);(111.86, 23.6);(111.86, 24.0);(112.27, 23.2);(112.27, 23.6);(112.27, 24.0);(112.68, 23.2);(112.68, 23.6);(112.68, 24.0);(113.09, 23.6);(113.09, 24.0)",True
59269,2021-12-20 18:00:00,1.2,SURF,True,EXTREME_TYPE1,1433,9,9,"(111.45, 22.8);(111.45, 23.2);(111.45, 23.6);(111.86, 22.8);(111.86, 23.2);(111.86, 23.6);(112.27, 22.8);(112.27, 23.2);(112.27, 23.6)",True
59473,2022-02-01 11:00:00,4.1,SURF,True,EXTREME_TYPE1,4759,10,10,"(112.27, 22.8);(112.68, 22.4);(112.68, 22.8);(112.68, 23.2);(113.09, 22.4);(113.09, 22.8);(113.09, 23.2);(113.5, 22.4);(113.5, 22.8);(113.5, 23.2)",True
59114,2022-02-03 07:00:00,6.4,SURF,True,EXTREME_TYPE1,356,10,10,"(115.55, 24.4);(115.55, 24.8);(115.95, 24.0);(115.95, 24.4);(115.95, 24.8);(116.36, 24.0);(116.36, 24.4);(116.36, 24.8);(116.77, 24.4);(116.77, 24.8)",True
59088,2022-02-08 19:00:00,2.1,SURF,True,EXTREME_TYPE1,1092,12,12,"(112.68, 24.0);(112.68, 24.4);(113.09, 23.6);(113.09, 24.0);(113.09, 24.4);(113.09, 24.8);(113.5, 23.6);(113.5, 24.0);(113.5, 24.4);(113.5, 24.8);(113.91, 24.0);(113.91, 24.4)",True
G5605,2022-02-12 01:00:00,159.5,AWST,False,FALSE,1790,12,0,,True
G5605,2022-02-12 02:00:00,179.0,AWST,False,FALSE,1790,12,0,,True
G5605,2022-02-12 04:00:00,160.3,AWST,False,FALSE,1790,12,0,,True
G5605,2022-02-12 06:00:00,147.2,AWST,False,FALSE,1790,12,0,,True
G5605,2022-02-12 07:00:00,125.5,AWST,False,FALSE,1790,12,0,,True
G5605,2022-02-12 10:00:00,79.5,AWST,False,FALSE,1790,12,0,,True
G5605,2022-02-12 11:00:00,134.7,AWST,False,FALSE,1790,12,0,,True
59096,2022-02-19 14:00:00,2.1,SURF,True,EXTREME_TYPE1,638,12,12,"(113.91, 24.0);(113.91, 24.4);(113.91, 24.8);(114.32, 24.0);(114.32, 24.4);(114.32, 24.8);(114.73, 24.0);(114.73, 24.4);(114.73, 24.8);(115.14, 24.0);(115.14, 24.4);(115.14, 24.8)",True
59313,2022-02-19 22:00:00,7.1,SURF,True,EXTREME_TYPE1,170,9,9,"(116.36, 23.6);(116.36, 24.0);(116.77, 23.2);(116.77, 23.6);(116.77, 24.0);(117.18, 23.2);(117.18, 23.6);(117.18, 24.0);(117.59, 23.6)",True
59487,2022-02-19 23:00:00,2.8,SURF,True,EXTREME_TYPE1,3057,12,12,"(112.68, 22.0);(112.68, 22.4);(113.09, 21.6);(113.09, 22.0);(113.09, 22.4);(113.09, 22.8);(113.5, 21.6);(113.5, 22.0);(113.5, 22.4);(113.5, 22.8);(113.91, 22.0);(113.91, 22.4)",True
59475,2022-02-20 13:00:00,3.1,SURF,True,EXTREME_TYPE1,4807,9,9,"(112.27, 22.0);(112.27, 22.4);(112.27, 22.8);(112.68, 22.0);(112.68, 22.4);(112.68, 22.8);(113.09, 22.0);(113.09, 22.4);(113.09, 22.8)",True
59476,2022-02-21 01:00:00,1.2,SURF,True,EXTREME_TYPE1,5400,11,11,"(112.27, 22.4);(112.68, 22.0);(112.68, 22.4);(112.68, 22.8);(113.09, 22.0);(113.09, 22.4);(113.09, 22.8);(113.09, 23.2);(113.5, 22.0);(113.5, 22.4);(113.5, 22.8)",True
59319,2022-03-20 16:00:00,31.1,SURF,True,EXTREME_TYPE1,610,11,11,"(115.95, 23.6);(116.36, 23.2);(116.36, 23.6);(116.36, 24.0);(116.77, 22.8);(116.77, 23.2);(116.77, 23.6);(116.77, 24.0);(117.18, 23.2);(117.18, 23.6);(117.18, 24.0)",True
59293,2022-03-22 22:00:00,10.9,SURF,True,EXTREME_TYPE1,919,11,11,"(114.32, 23.2);(114.32, 23.6);(114.32, 24.0);(114.73, 23.2);(114.73, 23.6);(114.73, 24.0);(114.73, 24.4);(115.14, 23.2);(115.14, 23.6);(115.14, 24.0);(115.14, 24.4)",True
59072,2022-03-23 05:00:00,5.8,SURF,True,EXTREME_TYPE1,1081,9,9,"(111.86, 24.4);(111.86, 24.8);(112.27, 24.4);(112.27, 24.8);(112.27, 25.2);(112.68, 24.4);(112.68, 24.8);(112.68, 25.2);(113.09, 24.8)",True
59290,2022-03-26 16:00:00,21.7,SURF,True,EXTREME_TYPE1,1033,11,11,"(113.5, 23.6);(113.91, 23.2);(113.91, 23.6);(113.91, 24.0);(113.91, 24.4);(114.32, 23.2);(114.32, 23.6);(114.32, 24.0);(114.32, 24.4);(114.73, 23.6);(114.73, 24.0)",True
59493,2022-03-28 02:00:00,12.0,SURF,True,EXTREME_TYPE1,1820,13,13,"(113.5, 22.0);(113.5, 22.4);(113.5, 22.8);(113.91, 22.0);(113.91, 22.4);(113.91, 22.8);(113.91, 23.2);(114.32, 22.0);(114.32, 22.4);(114.32, 22.8);(114.32, 23.2);(114.73, 22.4);(114.73, 22.8)",True
59284,2022-04-19 02:00:00,1.2,SURF,True,EXTREME_TYPE1,2580,12,12,"(112.68, 23.2);(112.68, 23.6);(113.09, 22.8);(113.09, 23.2);(113.09, 23.6);(113.09, 24.0);(113.5, 22.8);(113.5, 23.2);(113.5, 23.6);(113.5, 24.0);(113.91, 23.2);(113.91, 23.6)",True
59287,2022-04-23 21:00:00,53.1,SURF,True,EXTREME_TYPE1,2602,9,9,"(113.09, 22.8);(113.09, 23.2);(113.09, 23.6);(113.5, 22.8);(113.5, 23.2);(113.5, 23.6);(113.91, 22.8);(113.91, 23.2);(113.91, 23.6)",True
59271,2022-04-30 20:00:00,62.9,SURF,True,EXTREME_TYPE1,1519,11,11,"(111.86, 23.2);(111.86, 23.6);(111.86, 24.0);(112.27, 23.2);(112.27, 23.6);(112.27, 24.0);(112.68, 23.2);(112.68, 23.6);(112.68, 24.0);(113.09, 23.6);(113.09, 24.0)",True
59271,2022-05-01 06:00:00,5.1,SURF,True,EXTREME_TYPE1,1517,11,11,"(111.86, 23.2);(111.86, 23.6);(111.86, 24.0);(112.27, 23.2);(112.27, 23.6);(112.27, 24.0);(112.68, 23.2);(112.68, 23.6);(112.68, 24.0);(113.09, 23.6);(113.09, 24.0)",True
59473,2022-05-01 18:00:00,2.4,SURF,True,EXTREME_TYPE1,5069,10,10,"(112.27, 22.8);(112.68, 22.4);(112.68, 22.8);(112.68, 23.2);(113.09, 22.4);(113.09, 22.8);(113.09, 23.2);(113.5, 22.4);(113.5, 22.8);(113.5, 23.2)",True
59456,2022-05-11 01:00:00,39.9,SURF,True,EXTREME_TYPE1,931,10,10,"(110.23, 22.4);(110.64, 22.0);(110.64, 22.4);(110.64, 22.8);(111.05, 22.0);(111.05, 22.4);(111.05, 22.8);(111.45, 22.0);(111.45, 22.4);(111.45, 22.8)",True
59663,2022-05-11 05:00:00,60.1,SURF,True,EXTREME_TYPE1,1281,11,11,"(111.45, 21.6);(111.45, 22.0);(111.86, 21.2);(111.86, 21.6);(111.86, 22.0);(111.86, 22.4);(112.27, 21.6);(112.27, 22.0);(112.27, 22.4);(112.68, 21.6);(112.68, 22.0)",True
59488,2022-05-11 06:00:00,79.2,SURF,True,EXTREME_TYPE1,2027,11,11,"(113.09, 22.0);(113.09, 22.4);(113.09, 22.8);(113.5, 21.6);(113.5, 22.0);(113.5, 22.4);(113.5, 22.8);(113.91, 22.0);(113.91, 22.4);(113.91, 22.8);(114.32, 22.4)",True
59488,2022-05-11 07:00:00,62.7,SURF,True,EXTREME_TYPE1,2025,11,11,"(113.09, 22.0);(113.09, 22.4);(113.09, 22.8);(113.5, 21.6);(113.5, 22.0);(113.5, 22.4);(113.5, 22.8);(113.91, 22.0);(113.91, 22.4);(113.91, 22.8);(114.32, 22.4)",True
59280,2022-05-11 12:00:00,65.8,SURF,True,EXTREME_TYPE1,1543,10,10,"(112.68, 23.2);(112.68, 23.6);(112.68, 24.0);(113.09, 23.2);(113.09, 23.6);(113.09, 24.0);(113.09, 24.4);(113.5, 23.2);(113.5, 23.6);(113.5, 24.0)",True
59088,2022-05-11 13:00:00,12.8,SURF,True,EXTREME_TYPE1,1115,12,12,"(112.68, 24.0);(112.68, 24.4);(113.09, 23.6);(113.09, 24.0);(113.09, 24.4);(113.09, 24.8);(113.5, 23.6);(113.5, 24.0);(113.5, 24.4);(113.5, 24.8);(113.91, 24.0);(113.91, 24.4)",True
59096,2022-05-11 14:00:00,3.5,SURF,True,EXTREME_TYPE1,635,12,12,"(113.91, 24.0);(113.91, 24.4);(113.91, 24.8);(114.32, 24.0);(114.32, 24.4);(114.32, 24.8);(114.73, 24.0);(114.73, 24.4);(114.73, 24.8);(115.14, 24.0);(115.14, 24.4);(115.14, 24.8)",True
59298,2022-05-11 21:00:00,11.9,SURF,True,EXTREME_TYPE1,1300,11,11,"(113.91, 22.8);(113.91, 23.2);(113.91, 23.6);(114.32, 22.4);(114.32, 22.8);(114.32, 23.2);(114.32, 23.6);(114.73, 22.8);(114.73, 23.2);(114.73, 23.6);(115.14, 23.2)",True
59478,2022-05-12 07:00:00,32.7,SURF,True,EXTREME_TYPE1,3717,12,12,"(112.27, 22.0);(112.27, 22.4);(112.68, 21.6);(112.68, 22.0);(112.68, 22.4);(112.68, 22.8);(113.09, 21.6);(113.09, 22.0);(113.09, 22.4);(113.09, 22.8);(113.5, 22.0);(113.5, 22.4)",True
59270,2022-05-12 12:00:00,24.2,SURF,True,EXTREME_TYPE1,1018,10,10,"(111.45, 24.0);(111.86, 23.6);(111.86, 24.0);(111.86, 24.4);(112.27, 23.6);(112.27, 24.0);(112.27, 24.4);(112.68, 23.6);(112.68, 24.0);(112.68, 24.4)",True
59087,2022-05-12 14:00:00,7.0,SURF,True,EXTREME_TYPE1,1114,10,10,"(113.09, 23.6);(113.09, 24.0);(113.09, 24.4);(113.5, 23.2);(113.5, 23.6);(113.5, 24.0);(113.5, 24.4);(113.91, 23.6);(113.91, 24.0);(113.91, 24.4)",True
59303,2022-05-13 15:00:00,8.5,SURF,True,EXTREME_TYPE1,1689,10,10,"(115.14, 23.6);(115.14, 24.0);(115.55, 23.6);(115.55, 24.0);(115.55, 24.4);(115.95, 23.6);(115.95, 24.0);(115.95, 24.4);(116.36, 23.6);(116.36, 24.0)",True
59477,2022-05-13 18:00:00,62.2,SURF,True,EXTREME_TYPE1,3696,10,10,"(111.86, 22.0);(111.86, 22.4);(111.86, 22.8);(112.27, 21.6);(112.27, 22.0);(112.27, 22.4);(112.27, 22.8);(112.68, 22.0);(112.68, 22.4);(112.68, 22.8)",True
59664,2022-05-15 15:00:00,38.7,SURF,True,EXTREME_TYPE1,1081,10,10,"(110.23, 21.6);(110.64, 21.2);(110.64, 21.6);(110.64, 22.0);(111.05, 21.2);(111.05, 21.6);(111.05, 22.0);(111.45, 21.2);(111.45, 21.6);(111.45, 22.0)",True
59297,2022-05-21 15:00:00,10.9,SURF,True,EXTREME_TYPE1,1070,10,10,"(113.5, 23.2);(113.91, 22.8);(113.91, 23.2);(113.91, 23.6);(114.32, 22.8);(114.32, 23.2);(114.32, 23.6);(114.73, 22.8);(114.73, 23.2);(114.73, 23.6)",True
59075,2022-05-22 08:00:00,6.3,SURF,True,EXTREME_TYPE1,1095,12,12,"(111.86, 24.0);(111.86, 24.4);(112.27, 24.0);(112.27, 24.4);(112.27, 24.8);(112.68, 23.6);(112.68, 24.0);(112.68, 24.4);(112.68, 24.8);(113.09, 24.0);(113.09, 24.4);(113.09, 24.8)",True
59650,2022-05-22 12:00:00,1.9,SURF,True,EXTREME_TYPE1,958,11,11,"(109.82, 21.2);(109.82, 21.6);(109.82, 22.0);(110.23, 20.8);(110.23, 21.2);(110.23, 21.6);(110.23, 22.0);(110.64, 20.8);(110.64, 21.2);(110.64, 21.6);(110.64, 22.0)",True
59312,2022-05-25 15:00:00,11.4,SURF,True,EXTREME_TYPE1,609,10,10,"(115.95, 23.6);(116.36, 23.2);(116.36, 23.6);(116.36, 24.0);(116.77, 23.2);(116.77, 23.6);(116.77, 24.0);(117.18, 23.2);(117.18, 23.6);(117.18, 24.0)",True
59096,2022-05-26 08:00:00,26.2,SURF,True,EXTREME_TYPE1,638,12,12,"(113.91, 24.0);(113.91, 24.4);(113.91, 24.8);(114.32, 24.0);(114.32, 24.4);(114.32, 24.8);(114.73, 24.0);(114.73, 24.4);(114.73, 24.8);(115.14, 24.0);(115.14, 24.4);(115.14, 24.8)",True
59106,2022-05-27 03:00:00,56.6,SURF,True,EXTREME_TYPE1,550,10,10,"(115.14, 24.4);(115.14, 24.8);(115.55, 24.0);(115.55, 24.4);(115.55, 24.8);(115.95, 24.0);(115.95, 24.4);(115.95, 24.8);(116.36, 24.4);(116.36, 24.8)",True
59487,2022-05-27 06:00:00,10.3,SURF,True,EXTREME_TYPE1,3267,12,12,"(112.68, 22.0);(112.68, 22.4);(113.09, 21.6);(113.09, 22.0);(113.09, 22.4);(113.09, 22.8);(113.5, 21.6);(113.5, 22.0);(113.5, 22.4);(113.5, 22.8);(113.91, 22.0);(113.91, 22.4)",True
59099,2022-05-27 16:00:00,50.7,SURF,True,EXTREME_TYPE1,746,10,10,"(114.32, 24.4);(114.32, 24.8);(114.73, 24.0);(114.73, 24.4);(114.73, 24.8);(115.14, 24.0);(115.14, 24.4);(115.14, 24.8);(115.55, 24.4);(115.55, 24.8)",True
59109,2022-05-27 17:00:00,5.8,SURF,True,EXTREME_TYPE1,1005,12,12,"(115.14, 24.0);(115.14, 24.4);(115.55, 23.6);(115.55, 24.0);(115.55, 24.4);(115.55, 24.8);(115.95, 23.6);(115.95, 24.0);(115.95, 24.4);(115.95, 24.8);(116.36, 24.0);(116.36, 24.4)",True
59500,2022-05-28 08:00:00,18.9,SURF,True,EXTREME_TYPE1,1803,12,12,"(114.73, 22.8);(114.73, 23.2);(115.14, 22.4);(115.14, 22.8);(115.14, 23.2);(115.14, 23.6);(115.55, 22.4);(115.55, 22.8);(115.55, 23.2);(115.55, 23.6);(115.95, 22.8);(115.95, 23.2)",True
G4540,2022-06-02 03:00:00,1.6,AWST,False,EXTREME_TYPE1,805,11,11,"(112.27, 24.8);(112.68, 24.4);(112.68, 24.8);(112.68, 25.2);(113.09, 24.0);(113.09, 24.4);(113.09, 24.8);(113.09, 25.2);(113.5, 24.4);(113.5, 24.8);(113.5, 25.2)",True
G4540,2022-06-02 09:00:00,3.7,AWST,False,EXTREME_TYPE1,805,11,11,"(112.27, 24.8);(112.68, 24.4);(112.68, 24.8);(112.68, 25.2);(113.09, 24.0);(113.09, 24.4);(113.09, 24.8);(113.09, 25.2);(113.5, 24.4);(113.5, 24.8);(113.5, 25.2)",True
G4540,2022-06-02 14:00:00,199.3,AWST,False,FALSE,806,11,0,,True
G4540,2022-06-02 15:00:00,72.1,AWST,False,EXTREME_TYPE4,807,11,2,"(112.68, 24.4);(113.09, 24.0)",True
59312,2022-06-03 18:00:00,58.9,SURF,True,EXTREME_TYPE1,612,10,10,"(115.95, 23.6);(116.36, 23.2);(116.36, 23.6);(116.36, 24.0);(116.77, 23.2);(116.77, 23.6);(116.77, 24.0);(117.18, 23.2);(117.18, 23.6);(117.18, 24.0)",True
59500,2022-06-06 15:00:00,51.4,SURF,True,EXTREME_TYPE1,1797,12,12,"(114.73, 22.8);(114.73, 23.2);(115.14, 22.4);(115.14, 22.8);(115.14, 23.2);(115.14, 23.6);(115.55, 22.4);(115.55, 22.8);(115.55, 23.2);(115.55, 23.6);(115.95, 22.8);(115.95, 23.2)",True
59284,2022-06-06 17:00:00,94.7,SURF,True,EXTREME_TYPE1,2639,12,12,"(112.68, 23.2);(112.68, 23.6);(113.09, 22.8);(113.09, 23.2);(113.09, 23.6);(113.09, 24.0);(113.5, 22.8);(113.5, 23.2);(113.5, 23.6);(113.5, 24.0);(113.91, 23.2);(113.91, 23.6)",True
59075,2022-06-06 18:00:00,51.7,SURF,True,EXTREME_TYPE1,1095,12,12,"(111.86, 24.0);(111.86, 24.4);(112.27, 24.0);(112.27, 24.4);(112.27, 24.8);(112.68, 23.6);(112.68, 24.0);(112.68, 24.4);(112.68, 24.8);(113.09, 24.0);(113.09, 24.4);(113.09, 24.8)",True
59097,2022-06-06 19:00:00,7.4,SURF,True,EXTREME_TYPE1,943,10,10,"(113.5, 24.0);(113.91, 23.6);(113.91, 24.0);(113.91, 24.4);(114.32, 23.6);(114.32, 24.0);(114.32, 24.4);(114.73, 23.6);(114.73, 24.0);(114.73, 24.4)",True
59117,2022-06-07 18:00:00,56.9,SURF,True,EXTREME_TYPE1,660,12,12,"(115.55, 24.0);(115.55, 24.4);(115.55, 24.8);(115.95, 23.6);(115.95, 24.0);(115.95, 24.4);(115.95, 24.8);(116.36, 24.0);(116.36, 24.4);(116.36, 24.8);(116.77, 24.0);(116.77, 24.4)",True
59750,2022-06-08 11:00:00,10.5,SURF,True,EXTREME_TYPE1,785,11,11,"(109.41, 21.2);(109.82, 20.4);(109.82, 20.8);(109.82, 21.2);(109.82, 21.6);(110.23, 20.4);(110.23, 20.8);(110.23, 21.2);(110.23, 21.6);(110.64, 20.8);(110.64, 21.2)",True
59653,2022-06-08 15:00:00,50.9,SURF,True,EXTREME_TYPE1,983,11,11,"(110.23, 21.6);(110.23, 22.0);(110.64, 21.6);(110.64, 22.0);(110.64, 22.4);(111.05, 21.6);(111.05, 22.0);(111.05, 22.4);(111.45, 21.6);(111.45, 22.0);(111.45, 22.4)",True
59314,2022-06-09 17:00:00,19.3,SURF,True,EXTREME_TYPE1,1362,12,12,"(115.55, 23.2);(115.55, 23.6);(115.95, 22.8);(115.95, 23.2);(115.95, 23.6);(115.95, 24.0);(116.36, 22.8);(116.36, 23.2);(116.36, 23.6);(116.36, 24.0);(116.77, 23.2);(116.77, 23.6)",True
59654,2022-06-10 18:00:00,56.2,SURF,True,EXTREME_TYPE1,983,10,10,"(109.82, 21.2);(109.82, 21.6);(109.82, 22.0);(110.23, 21.2);(110.23, 21.6);(110.23, 22.0);(110.64, 21.2);(110.64, 21.6);(110.64, 22.0);(111.05, 21.6)",True
59659,2022-06-11 09:00:00,38.4,SURF,True,EXTREME_TYPE1,1076,12,12,"(110.23, 21.6);(110.23, 22.0);(110.64, 21.2);(110.64, 21.6);(110.64, 22.0);(110.64, 22.4);(111.05, 21.2);(111.05, 21.6);(111.05, 22.0);(111.05, 22.4);(111.45, 21.6);(111.45, 22.0)",True
59478,2022-06-11 11:00:00,51.5,SURF,True,EXTREME_TYPE1,3722,12,12,"(112.27, 22.0);(112.27, 22.4);(112.68, 21.6);(112.68, 22.0);(112.68, 22.4);(112.68, 22.8);(113.09, 21.6);(113.09, 22.0);(113.09, 22.4);(113.09, 22.8);(113.5, 22.0);(113.5, 22.4)",True
59099,2022-06-12 10:00:00,51.3,SURF,True,EXTREME_TYPE1,758,10,10,"(114.32, 24.4);(114.32, 24.8);(114.73, 24.0);(114.73, 24.4);(114.73, 24.8);(115.14, 24.0);(115.14, 24.4);(115.14, 24.8);(115.55, 24.4);(115.55, 24.8)",True
59500,2022-06-12 11:00:00,107.3,SURF,True,EXTREME_TYPE1,1786,12,12,"(114.73, 22.8);(114.73, 23.2);(115.14, 22.4);(115.14, 22.8);(115.14, 23.2);(115.14, 23.6);(115.55, 22.4);(115.55, 22.8);(115.55, 23.2);(115.55, 23.6);(115.95, 22.8);(115.95, 23.2)",True
59087,2022-06-12 20:00:00,5.6,SURF,True,EXTREME_TYPE1,1116,10,10,"(113.09, 23.6);(113.09, 24.0);(113.09, 24.4);(113.5, 23.2);(113.5, 23.6);(113.5, 24.0);(113.5, 24.4);(113.91, 23.6);(113.91, 24.0);(113.91, 24.4)",True
59107,2022-06-13 06:00:00,6.5,SURF,True,EXTREME_TYPE1,1239,12,12,"(114.73, 23.6);(114.73, 24.0);(114.73, 24.4);(115.14, 23.6);(115.14, 24.0);(115.14, 24.4);(115.14, 24.8);(115.55, 23.6);(115.55, 24.0);(115.55, 24.4);(115.95, 24.0);(115.95, 24.4)",True
57996,2022-06-13 19:00:00,13.1,SURF,True,EXTREME_TYPE1,295,10,10,"(113.5, 25.2);(113.91, 24.8);(113.91, 25.2);(113.91, 25.6);(114.32, 24.4);(114.32, 24.8);(114.32, 25.2);(114.32, 25.6);(114.73, 24.8);(114.73, 25.2)",True
59269,2022-06-14 10:00:00,55.4,SURF,True,EXTREME_TYPE1,1457,9,9,"(111.45, 22.8);(111.45, 23.2);(111.45, 23.6);(111.86, 22.8);(111.86, 23.2);(111.86, 23.6);(112.27, 22.8);(112.27, 23.2);(112.27, 23.6)",True
59099,2022-06-14 11:00:00,4.1,SURF,True,EXTREME_TYPE1,757,10,10,"(114.32, 24.4);(114.32, 24.8);(114.73, 24.0);(114.73, 24.4);(114.73, 24.8);(115.14, 24.0);(115.14, 24.4);(115.14, 24.8);(115.55, 24.4);(115.55, 24.8)",True
59293,2022-06-14 11:00:00,44.0,SURF,True,EXTREME_TYPE1,943,11,11,"(114.32, 23.2);(114.32, 23.6);(114.32, 24.0);(114.73, 23.2);(114.73, 23.6);(114.73, 24.0);(114.73, 24.4);(115.14, 23.2);(115.14, 23.6);(115.14, 24.0);(115.14, 24.4)",True
59097,2022-06-16 23:00:00,27.9,SURF,True,EXTREME_TYPE1,936,10,10,"(113.5, 24.0);(113.91, 23.6);(113.91, 24.0);(113.91, 24.4);(114.32, 23.6);(114.32, 24.0);(114.32, 24.4);(114.73, 23.6);(114.73, 24.0);(114.73, 24.4)",True
59290,2022-06-17 21:00:00,10.2,SURF,True,EXTREME_TYPE1,1023,11,11,"(113.5, 23.6);(113.91, 23.2);(113.91, 23.6);(113.91, 24.0);(113.91, 24.4);(114.32, 23.2);(114.32, 23.6);(114.32, 24.0);(114.32, 24.4);(114.73, 23.6);(114.73, 24.0)",True
59280,2022-06-18 05:00:00,20.3,SURF,True,EXTREME_TYPE1,1515,10,10,"(112.68, 23.2);(112.68, 23.6);(112.68, 24.0);(113.09, 23.2);(113.09, 23.6);(113.09, 24.0);(113.09, 24.4);(113.5, 23.2);(113.5, 23.6);(113.5, 24.0)",True
59082,2022-06-19 10:00:00,56.7,SURF,True,EXTREME_TYPE1,844,12,12,"(113.09, 24.4);(113.09, 24.8);(113.09, 25.2);(113.5, 24.0);(113.5, 24.4);(113.5, 24.8);(113.5, 25.2);(113.91, 24.4);(113.91, 24.8);(113.91, 25.2);(114.32, 24.4);(114.32, 24.8)",True
59469,2022-06-20 01:00:00,36.0,SURF,True,EXTREME_TYPE1,1599,11,11,"(111.05, 22.0);(111.45, 21.6);(111.45, 22.0);(111.45, 22.4);(111.86, 21.6);(111.86, 22.0);(111.86, 22.4);(111.86, 22.8);(112.27, 21.6);(112.27, 22.0);(112.27, 22.4)",True
59082,2022-06-20 07:00:00,27.1,SURF,True,EXTREME_TYPE1,838,12,12,"(113.09, 24.4);(113.09, 24.8);(113.09, 25.2);(113.5, 24.0);(113.5, 24.4);(113.5, 24.8);(113.5, 25.2);(113.91, 24.4);(113.91, 24.8);(113.91, 25.2);(114.32, 24.4);(114.32, 24.8)",True
57988,2022-06-20 08:00:00,15.0,SURF,True,EXTREME_TYPE1,414,11,11,"(112.68, 24.8);(112.68, 25.2);(113.09, 24.8);(113.09, 25.2);(113.09, 25.6);(113.5, 24.8);(113.5, 25.2);(113.5, 25.6);(113.91, 24.8);(113.91, 25.2);(113.91, 25.6)",True
59082,2022-06-21 08:00:00,51.8,SURF,True,EXTREME_TYPE1,833,12,12,"(113.09, 24.4);(113.09, 24.8);(113.09, 25.2);(113.5, 24.0);(113.5, 24.4);(113.5, 24.8);(113.5, 25.2);(113.91, 24.4);(113.91, 24.8);(113.91, 25.2);(114.32, 24.4);(114.32, 24.8)",True
59096,2022-06-27 15:00:00,1.1,SURF,True,EXTREME_TYPE1,637,12,12,"(113.91, 24.0);(113.91, 24.4);(113.91, 24.8);(114.32, 24.0);(114.32, 24.4);(114.32, 24.8);(114.73, 24.0);(114.73, 24.4);(114.73, 24.8);(115.14, 24.0);(115.14, 24.4);(115.14, 24.8)",True
59288,2022-06-30 14:00:00,6.7,SURF,True,EXTREME_TYPE1,3448,10,10,"(112.27, 23.2);(112.68, 22.8);(112.68, 23.2);(112.68, 23.6);(113.09, 22.8);(113.09, 23.2);(113.09, 23.6);(113.5, 22.8);(113.5, 23.2);(113.5, 23.6)",True
59270,2022-07-04 09:00:00,11.5,SURF,True,EXTREME_TYPE1,960,10,10,"(111.45, 24.0);(111.86, 23.6);(111.86, 24.0);(111.86, 24.4);(112.27, 23.6);(112.27, 24.0);(112.27, 24.4);(112.68, 23.6);(112.68, 24.0);(112.68, 24.4)",True
59297,2022-07-04 10:00:00,34.5,SURF,True,EXTREME_TYPE1,1031,10,10,"(113.5, 23.2);(113.91, 22.8);(113.91, 23.2);(113.91, 23.6);(114.32, 22.8);(114.32, 23.2);(114.32, 23.6);(114.73, 22.8);(114.73, 23.2);(114.73, 23.6)",True
59117,2022-07-06 12:00:00,37.5,SURF,True,EXTREME_TYPE1,654,12,12,"(115.55, 24.0);(115.55, 24.4);(115.55, 24.8);(115.95, 23.6);(115.95, 24.0);(115.95, 24.4);(115.95, 24.8);(116.36, 24.0);(116.36, 24.4);(116.36, 24.8);(116.77, 24.0);(116.77, 24.4)",True
59294,2022-07-06 12:00:00,68.6,SURF,True,EXTREME_TYPE1,1596,11,11,"(113.09, 23.2);(113.5, 22.8);(113.5, 23.2);(113.5, 23.6);(113.91, 22.8);(113.91, 23.2);(113.91, 23.6);(113.91, 24.0);(114.32, 22.8);(114.32, 23.2);(114.32, 23.6)",True
59303,2022-07-06 13:00:00,13.7,SURF,True,EXTREME_TYPE1,1666,10,10,"(115.14, 23.6);(115.14, 24.0);(115.55, 23.6);(115.55, 24.0);(115.55, 24.4);(115.95, 23.6);(115.95, 24.0);(115.95, 24.4);(116.36, 23.6);(116.36, 24.0)",True
59456,2022-07-07 05:00:00,38.7,SURF,True,EXTREME_TYPE1,903,10,10,"(110.23, 22.4);(110.64, 22.0);(110.64, 22.4);(110.64, 22.8);(111.05, 22.0);(111.05, 22.4);(111.05, 22.8);(111.45, 22.0);(111.45, 22.4);(111.45, 22.8)",True
59659,2022-07-07 07:00:00,63.9,SURF,True,EXTREME_TYPE1,1071,12,12,"(110.23, 21.6);(110.23, 22.0);(110.64, 21.2);(110.64, 21.6);(110.64, 22.0);(110.64, 22.4);(111.05, 21.2);(111.05, 21.6);(111.05, 22.0);(111.05, 22.4);(111.45, 21.6);(111.45, 22.0)",True
59469,2022-07-07 09:00:00,63.1,SURF,True,EXTREME_TYPE1,1591,11,11,"(111.05, 22.0);(111.45, 21.6);(111.45, 22.0);(111.45, 22.4);(111.86, 21.6);(111.86, 22.0);(111.86, 22.4);(111.86, 22.8);(112.27, 21.6);(112.27, 22.0);(112.27, 22.4)",True
59750,2022-07-30 16:00:00,53.6,SURF,True,EXTREME_TYPE1,795,11,11,"(109.41, 21.2);(109.82, 20.4);(109.82, 20.8);(109.82, 21.2);(109.82, 21.6);(110.23, 20.4);(110.23, 20.8);(110.23, 21.2);(110.23, 21.6);(110.64, 20.8);(110.64, 21.2)",True
59319,2022-07-31 16:00:00,25.9,SURF,True,EXTREME_TYPE1,624,11,11,"(115.95, 23.6);(116.36, 23.2);(116.36, 23.6);(116.36, 24.0);(116.77, 22.8);(116.77, 23.2);(116.77, 23.6);(116.77, 24.0);(117.18, 23.2);(117.18, 23.6);(117.18, 24.0)",True
59288,2022-08-03 03:00:00,55.5,SURF,True,EXTREME_TYPE1,3556,10,10,"(112.27, 23.2);(112.68, 22.8);(112.68, 23.2);(112.68, 23.6);(113.09, 22.8);(113.09, 23.2);(113.09, 23.6);(113.5, 22.8);(113.5, 23.2);(113.5, 23.6)",True
59280,2022-08-03 20:00:00,57.3,SURF,True,EXTREME_TYPE1,1523,10,10,"(112.68, 23.2);(112.68, 23.6);(112.68, 24.0);(113.09, 23.2);(113.09, 23.6);(113.09, 24.0);(113.09, 24.4);(113.5, 23.2);(113.5, 23.6);(113.5, 24.0)",True
59477,2022-08-04 01:00:00,2.2,SURF,True,EXTREME_TYPE1,3708,10,10,"(111.86, 22.0);(111.86, 22.4);(111.86, 22.8);(112.27, 21.6);(112.27, 22.0);(112.27, 22.4);(112.27, 22.8);(112.68, 22.0);(112.68, 22.4);(112.68, 22.8)",True
59659,2022-08-04 16:00:00,60.1,SURF,True,EXTREME_TYPE1,1099,12,12,"(110.23, 21.6);(110.23, 22.0);(110.64, 21.2);(110.64, 21.6);(110.64, 22.0);(110.64, 22.4);(111.05, 21.2);(111.05, 21.6);(111.05, 22.0);(111.05, 22.4);(111.45, 21.6);(111.45, 22.0)",True
59473,2022-08-04 18:00:00,55.8,SURF,True,EXTREME_TYPE1,5100,10,10,"(112.27, 22.8);(112.68, 22.4);(112.68, 22.8);(112.68, 23.2);(113.09, 22.4);(113.09, 22.8);(113.09, 23.2);(113.5, 22.4);(113.5, 22.8);(113.5, 23.2)",True
59673,2022-08-04 20:00:00,36.4,SURF,True,EXTREME_TYPE1,365,8,8,"(112.27, 21.6);(112.27, 22.0);(112.68, 21.6);(112.68, 22.0);(112.68, 22.4);(113.09, 21.6);(113.09, 22.0);(113.5, 21.6)",True
59493,2022-08-05 04:00:00,34.2,SURF,True,EXTREME_TYPE1,1901,13,13,"(113.5, 22.0);(113.5, 22.4);(113.5, 22.8);(113.91, 22.0);(113.91, 22.4);(113.91, 22.8);(113.91, 23.2);(114.32, 22.0);(114.32, 22.4);(114.32, 22.8);(114.32, 23.2);(114.73, 22.4);(114.73, 22.8)",True
59314,2022-08-05 11:00:00,33.3,SURF,True,EXTREME_TYPE1,1353,12,12,"(115.55, 23.2);(115.55, 23.6);(115.95, 22.8);(115.95, 23.2);(115.95, 23.6);(115.95, 24.0);(116.36, 22.8);(116.36, 23.2);(116.36, 23.6);(116.36, 24.0);(116.77, 23.2);(116.77, 23.6)",True
59270,2022-08-08 18:00:00,32.6,SURF,True,EXTREME_TYPE1,1015,10,10,"(111.45, 24.0);(111.86, 23.6);(111.86, 24.0);(111.86, 24.4);(112.27, 23.6);(112.27, 24.0);(112.27, 24.4);(112.68, 23.6);(112.68, 24.0);(112.68, 24.4)",True
59673,2022-08-09 20:00:00,16.2,SURF,True,EXTREME_TYPE1,363,8,8,"(112.27, 21.6);(112.27, 22.0);(112.68, 21.6);(112.68, 22.0);(112.68, 22.4);(113.09, 21.6);(113.09, 22.0);(113.5, 21.6)",True
59656,2022-08-10 12:00:00,67.8,SURF,True,EXTREME_TYPE1,814,11,11,"(110.23, 21.2);(110.23, 21.6);(110.64, 20.8);(110.64, 21.2);(110.64, 21.6);(110.64, 22.0);(111.05, 21.2);(111.05, 21.6);(111.05, 22.0);(111.45, 21.2);(111.45, 21.6)",True
59269,2022-08-11 01:00:00,9.6,SURF,True,EXTREME_TYPE1,1475,9,9,"(111.45, 22.8);(111.45, 23.2);(111.45, 23.6);(111.86, 22.8);(111.86, 23.2);(111.86, 23.6);(112.27, 22.8);(112.27, 23.2);(112.27, 23.6)",True
59288,2022-08-12 11:00:00,2.2,SURF,True,EXTREME_TYPE1,3579,10,10,"(112.27, 23.2);(112.68, 22.8);(112.68, 23.2);(112.68, 23.6);(113.09, 22.8);(113.09, 23.2);(113.09, 23.6);(113.5, 22.8);(113.5, 23.2);(113.5, 23.6)",True
59289,2022-08-25 18:00:00,28.3,SURF,True,EXTREME_TYPE1,2992,12,12,"(113.09, 22.8);(113.09, 23.2);(113.5, 22.4);(113.5, 22.8);(113.5, 23.2);(113.5, 23.6);(113.91, 22.4);(113.91, 22.8);(113.91, 23.2);(113.91, 23.6);(114.32, 22.8);(114.32, 23.2)",True
59469,2022-08-26 05:00:00,17.4,SURF,True,EXTREME_TYPE1,1622,11,11,"(111.05, 22.0);(111.45, 21.6);(111.45, 22.0);(111.45, 22.4);(111.86, 21.6);(111.86, 22.0);(111.86, 22.4);(111.86, 22.8);(112.27, 21.6);(112.27, 22.0);(112.27, 22.4)",True
59477,2022-08-31 22:00:00,21.8,SURF,True,EXTREME_TYPE1,3745,10,10,"(111.86, 22.0);(111.86, 22.4);(111.86, 22.8);(112.27, 21.6);(112.27, 22.0);(112.27, 22.4);(112.27, 22.8);(112.68, 22.0);(112.68, 22.4);(112.68, 22.8)",True
59658,2022-09-08 11:00:00,33.7,SURF,True,EXTREME_TYPE1,637,10,10,"(109.82, 20.8);(109.82, 21.2);(109.82, 21.6);(110.23, 20.8);(110.23, 21.2);(110.23, 21.6);(110.64, 20.8);(110.64, 21.2);(110.64, 21.6);(111.05, 21.2)",True
59297,2022-09-08 17:00:00,67.1,SURF,True,EXTREME_TYPE1,1070,10,10,"(113.5, 23.2);(113.91, 22.8);(113.91, 23.2);(113.91, 23.6);(114.32, 22.8);(114.32, 23.2);(114.32, 23.6);(114.73, 22.8);(114.73, 23.2);(114.73, 23.6)",True
59264,2022-09-08 19:00:00,53.0,SURF,True,EXTREME_TYPE1,559,9,9,"(111.05, 23.2);(111.45, 22.8);(111.45, 23.2);(111.45, 23.6);(111.45, 24.0);(111.86, 22.8);(111.86, 23.2);(111.86, 23.6);(111.86, 24.0)",True
59264,2022-09-08 20:00:00,19.8,SURF,True,EXTREME_TYPE1,557,9,9,"(111.05, 23.2);(111.45, 22.8);(111.45, 23.2);(111.45, 23.6);(111.45, 24.0);(111.86, 22.8);(111.86, 23.2);(111.86, 23.6);(111.86, 24.0)",True
59071,2022-09-09 02:00:00,30.0,SURF,True,EXTREME_TYPE1,608,8,8,"(111.86, 24.4);(111.86, 24.8);(112.27, 24.4);(112.27, 24.8);(112.27, 25.2);(112.68, 24.4);(112.68, 24.8);(112.68, 25.2)",True
59654,2022-09-09 17:00:00,17.9,SURF,True,EXTREME_TYPE1,1010,10,10,"(109.82, 21.2);(109.82, 21.6);(109.82, 22.0);(110.23, 21.2);(110.23, 21.6);(110.23, 22.0);(110.64, 21.2);(110.64, 21.6);(110.64, 22.0);(111.05, 21.6)",True
59750,2022-09-16 13:00:00,22.4,SURF,True,EXTREME_TYPE1,805,11,11,"(109.41, 21.2);(109.82, 20.4);(109.82, 20.8);(109.82, 21.2);(109.82, 21.6);(110.23, 20.4);(110.23, 20.8);(110.23, 21.2);(110.23, 21.6);(110.64, 20.8);(110.64, 21.2)",True
59469,2022-09-24 17:00:00,17.2,SURF,True,EXTREME_TYPE1,1629,11,11,"(111.05, 22.0);(111.45, 21.6);(111.45, 22.0);(111.45, 22.4);(111.86, 21.6);(111.86, 22.0);(111.86, 22.4);(111.86, 22.8);(112.27, 21.6);(112.27, 22.0);(112.27, 22.4)",True
59754,2022-09-27 20:00:00,13.3,SURF,True,EXTREME_TYPE1,473,5,5,"(109.82, 20.4);(109.82, 20.8);(110.23, 20.4);(110.23, 20.8);(110.64, 20.8)",True
59658,2022-09-29 13:00:00,23.3,SURF,True,EXTREME_TYPE1,632,10,10,"(109.82, 20.8);(109.82, 21.2);(109.82, 21.6);(110.23, 20.8);(110.23, 21.2);(110.23, 21.6);(110.64, 20.8);(110.64, 21.2);(110.64, 21.6);(111.05, 21.2)",True
59750,2022-09-30 06:00:00,69.3,SURF,True,EXTREME_TYPE1,793,11,11,"(109.41, 21.2);(109.82, 20.4);(109.82, 20.8);(109.82, 21.2);(109.82, 21.6);(110.23, 20.4);(110.23, 20.8);(110.23, 21.2);(110.23, 21.6);(110.64, 20.8);(110.64, 21.2)",True
59473,2022-09-30 12:00:00,17.3,SURF,True,EXTREME_TYPE1,5218,10,10,"(112.27, 22.8);(112.68, 22.4);(112.68, 22.8);(112.68, 23.2);(113.09, 22.4);(113.09, 22.8);(113.09, 23.2);(113.5, 22.4);(113.5, 22.8);(113.5, 23.2)",True
59475,2022-09-30 13:00:00,42.5,SURF,True,EXTREME_TYPE1,5053,9,9,"(112.27, 22.0);(112.27, 22.4);(112.27, 22.8);(112.68, 22.0);(112.68, 22.4);(112.68, 22.8);(113.09, 22.0);(113.09, 22.4);(113.09, 22.8)",True
59485,2022-09-30 18:00:00,27.2,SURF,True,EXTREME_TYPE1,4562,12,12,"(112.68, 22.4);(112.68, 22.8);(113.09, 22.0);(113.09, 22.4);(113.09, 22.8);(113.5, 22.0);(113.5, 22.4);(113.5, 22.8);(113.5, 23.2);(113.91, 22.0);(113.91, 22.4);(113.91, 22.8)",True
59314,2022-10-07 18:00:00,54.0,SURF,True,EXTREME_TYPE1,1341,12,12,"(115.55, 23.2);(115.55, 23.6);(115.95, 22.8);(115.95, 23.2);(115.95, 23.6);(115.95, 24.0);(116.36, 22.8);(116.36, 23.2);(116.36, 23.6);(116.36, 24.0);(116.77, 23.2);(116.77, 23.6)",True
59315,2022-10-07 18:00:00,1.8,SURF,True,EXTREME_TYPE1,660,10,10,"(115.95, 23.2);(115.95, 23.6);(115.95, 24.0);(116.36, 23.2);(116.36, 23.6);(116.36, 24.0);(116.77, 23.2);(116.77, 23.6);(116.77, 24.0);(117.18, 23.6)",True
59500,2022-11-02 06:00:00,5.8,SURF,True,EXTREME_TYPE1,1768,12,12,"(114.73, 22.8);(114.73, 23.2);(115.14, 22.4);(115.14, 22.8);(115.14, 23.2);(115.14, 23.6);(115.55, 22.4);(115.55, 22.8);(115.55, 23.2);(115.55, 23.6);(115.95, 22.8);(115.95, 23.2)",True
59493,2022-11-07 04:00:00,2.8,SURF,True,EXTREME_TYPE1,1854,13,13,"(113.5, 22.0);(113.5, 22.4);(113.5, 22.8);(113.91, 22.0);(113.91, 22.4);(113.91, 22.8);(113.91, 23.2);(114.32, 22.0);(114.32, 22.4);(114.32, 22.8);(114.32, 23.2);(114.73, 22.4);(114.73, 22.8)",True
59276,2022-11-22 05:00:00,1.1,SURF,True,EXTREME_TYPE1,3387,10,10,"(112.27, 22.8);(112.27, 23.2);(112.27, 23.6);(112.68, 22.8);(112.68, 23.2);(112.68, 23.6);(112.68, 24.0);(113.09, 22.8);(113.09, 23.2);(113.09, 23.6)",True
59106,2022-11-23 01:00:00,4.6,SURF,True,EXTREME_TYPE1,555,10,10,"(115.14, 24.4);(115.14, 24.8);(115.55, 24.0);(115.55, 24.4);(115.55, 24.8);(115.95, 24.0);(115.95, 24.4);(115.95, 24.8);(116.36, 24.4);(116.36, 24.8)",True
59264,2022-11-25 07:00:00,8.9,SURF,True,EXTREME_TYPE1,546,9,9,"(111.05, 23.2);(111.45, 22.8);(111.45, 23.2);(111.45, 23.6);(111.45, 24.0);(111.86, 22.8);(111.86, 23.2);(111.86, 23.6);(111.86, 24.0)",True
59270,2023-01-09 03:00:00,1.1,SURF,True,EXTREME_TYPE1,1013,10,10,"(111.45, 24.0);(111.86, 23.6);(111.86, 24.0);(111.86, 24.4);(112.27, 23.6);(112.27, 24.0);(112.27, 24.4);(112.68, 23.6);(112.68, 24.0);(112.68, 24.4)",True
59664,2023-01-10 09:00:00,1.8,SURF,True,EXTREME_TYPE1,1101,10,10,"(110.23, 21.6);(110.64, 21.2);(110.64, 21.6);(110.64, 22.0);(111.05, 21.2);(111.05, 21.6);(111.05, 22.0);(111.45, 21.2);(111.45, 21.6);(111.45, 22.0)",True
59114,2023-03-23 16:00:00,22.2,SURF,True,EXTREME_TYPE1,369,10,10,"(115.55, 24.4);(115.55, 24.8);(115.95, 24.0);(115.95, 24.4);(115.95, 24.8);(116.36, 24.0);(116.36, 24.4);(116.36, 24.8);(116.77, 24.4);(116.77, 24.8)",True
59081,2023-03-24 03:00:00,15.9,SURF,True,EXTREME_TYPE1,788,12,12,"(112.68, 24.4);(112.68, 24.8);(112.68, 25.2);(113.09, 24.4);(113.09, 24.8);(113.09, 25.2);(113.5, 24.4);(113.5, 24.8);(113.5, 25.2);(113.91, 24.4);(113.91, 24.8);(113.91, 25.2)",True
59293,2023-03-25 13:00:00,33.3,SURF,True,EXTREME_TYPE1,1025,11,11,"(114.32, 23.2);(114.32, 23.6);(114.32, 24.0);(114.73, 23.2);(114.73, 23.6);(114.73, 24.0);(114.73, 24.4);(115.14, 23.2);(115.14, 23.6);(115.14, 24.0);(115.14, 24.4)",True
59663,2023-03-25 23:00:00,66.8,SURF,True,EXTREME_TYPE1,1307,11,11,"(111.45, 21.6);(111.45, 22.0);(111.86, 21.2);(111.86, 21.6);(111.86, 22.0);(111.86, 22.4);(112.27, 21.6);(112.27, 22.0);(112.27, 22.4);(112.68, 21.6);(112.68, 22.0)",True
59270,2023-03-29 03:00:00,15.4,SURF,True,EXTREME_TYPE1,993,10,10,"(111.45, 24.0);(111.86, 23.6);(111.86, 24.0);(111.86, 24.4);(112.27, 23.6);(112.27, 24.0);(112.27, 24.4);(112.68, 23.6);(112.68, 24.0);(112.68, 24.4)",True
59096,2023-03-29 07:00:00,2.1,SURF,True,EXTREME_TYPE1,695,12,12,"(113.91, 24.0);(113.91, 24.4);(113.91, 24.8);(114.32, 24.0);(114.32, 24.4);(114.32, 24.8);(114.73, 24.0);(114.73, 24.4);(114.73, 24.8);(115.14, 24.0);(115.14, 24.4);(115.14, 24.8)",True
59501,2023-03-31 07:00:00,12.8,SURF,True,EXTREME_TYPE1,1788,12,12,"(114.73, 22.4);(114.73, 22.8);(114.73, 23.2);(115.14, 22.4);(115.14, 22.8);(115.14, 23.2);(115.55, 22.4);(115.55, 22.8);(115.55, 23.2);(115.95, 22.4);(115.95, 22.8);(115.95, 23.2)",True
59088,2023-03-31 21:00:00,5.1,SURF,True,EXTREME_TYPE1,1152,12,12,"(112.68, 24.0);(112.68, 24.4);(113.09, 23.6);(113.09, 24.0);(113.09, 24.4);(113.09, 24.8);(113.5, 23.6);(113.5, 24.0);(113.5, 24.4);(113.5, 24.8);(113.91, 24.0);(113.91, 24.4)",True
59097,2023-04-05 13:00:00,10.8,SURF,True,EXTREME_TYPE1,1025,10,10,"(113.5, 24.0);(113.91, 23.6);(113.91, 24.0);(113.91, 24.4);(114.32, 23.6);(114.32, 24.0);(114.32, 24.4);(114.73, 23.6);(114.73, 24.0);(114.73, 24.4)",True
59500,2023-04-05 20:00:00,70.9,SURF,True,EXTREME_TYPE1,1781,12,12,"(114.73, 22.8);(114.73, 23.2);(115.14, 22.4);(115.14, 22.8);(115.14, 23.2);(115.14, 23.6);(115.55, 22.4);(115.55, 22.8);(115.55, 23.2);(115.55, 23.6);(115.95, 22.8);(115.95, 23.2)",True
59501,2023-04-05 21:00:00,60.2,SURF,True,EXTREME_TYPE1,1781,12,12,"(114.73, 22.4);(114.73, 22.8);(114.73, 23.2);(115.14, 22.4);(115.14, 22.8);(115.14, 23.2);(115.55, 22.4);(115.55, 22.8);(115.55, 23.2);(115.95, 22.4);(115.95, 22.8);(115.95, 23.2)",True
59314,2023-04-06 22:00:00,7.4,SURF,True,EXTREME_TYPE1,1389,12,12,"(115.55, 23.2);(115.55, 23.6);(115.95, 22.8);(115.95, 23.2);(115.95, 23.6);(115.95, 24.0);(116.36, 22.8);(116.36, 23.2);(116.36, 23.6);(116.36, 24.0);(116.77, 23.2);(116.77, 23.6)",True
59096,2023-04-19 10:00:00,52.9,SURF,True,EXTREME_TYPE1,714,12,12,"(113.91, 24.0);(113.91, 24.4);(113.91, 24.8);(114.32, 24.0);(114.32, 24.4);(114.32, 24.8);(114.73, 24.0);(114.73, 24.4);(114.73, 24.8);(115.14, 24.0);(115.14, 24.4);(115.14, 24.8)",True
59082,2023-04-19 11:00:00,59.8,SURF,True,EXTREME_TYPE1,875,12,12,"(113.09, 24.4);(113.09, 24.8);(113.09, 25.2);(113.5, 24.0);(113.5, 24.4);(113.5, 24.8);(113.5, 25.2);(113.91, 24.4);(113.91, 24.8);(113.91, 25.2);(114.32, 24.4);(114.32, 24.8)",True
59276,2023-04-29 11:00:00,5.8,SURF,True,EXTREME_TYPE1,3501,10,10,"(112.27, 22.8);(112.27, 23.2);(112.27, 23.6);(112.68, 22.8);(112.68, 23.2);(112.68, 23.6);(112.68, 24.0);(113.09, 22.8);(113.09, 23.2);(113.09, 23.6)",True
59094,2023-05-07 03:00:00,1.4,SURF,True,EXTREME_TYPE1,749,12,12,"(113.5, 24.0);(113.5, 24.4);(113.5, 24.8);(113.91, 24.0);(113.91, 24.4);(113.91, 24.8);(114.32, 24.0);(114.32, 24.4);(114.32, 24.8);(114.73, 24.0);(114.73, 24.4);(114.73, 24.8)",True
59087,2023-05-07 06:00:00,29.1,SURF,True,EXTREME_TYPE1,1149,10,10,"(113.09, 23.6);(113.09, 24.0);(113.09, 24.4);(113.5, 23.2);(113.5, 23.6);(113.5, 24.0);(113.5, 24.4);(113.91, 23.6);(113.91, 24.0);(113.91, 24.4)",True
59270,2023-05-07 12:00:00,1.8,SURF,True,EXTREME_TYPE1,998,10,10,"(111.45, 24.0);(111.86, 23.6);(111.86, 24.0);(111.86, 24.4);(112.27, 23.6);(112.27, 24.0);(112.27, 24.4);(112.68, 23.6);(112.68, 24.0);(112.68, 24.4)",True
59473,2023-05-07 12:00:00,24.4,SURF,True,EXTREME_TYPE1,5381,10,10,"(112.27, 22.8);(112.68, 22.4);(112.68, 22.8);(112.68, 23.2);(113.09, 22.4);(113.09, 22.8);(113.09, 23.2);(113.5, 22.4);(113.5, 22.8);(113.5, 23.2)",True
59088,2023-05-18 16:00:00,18.7,SURF,True,EXTREME_TYPE1,1174,12,12,"(112.68, 24.0);(112.68, 24.4);(113.09, 23.6);(113.09, 24.0);(113.09, 24.4);(113.09, 24.8);(113.5, 23.6);(113.5, 24.0);(113.5, 24.4);(113.5, 24.8);(113.91, 24.0);(113.91, 24.4)",True
59316,2023-05-19 03:00:00,60.7,SURF,True,EXTREME_TYPE1,704,12,12,"(115.95, 23.2);(115.95, 23.6);(116.36, 22.8);(116.36, 23.2);(116.36, 23.6);(116.36, 24.0);(116.77, 22.8);(116.77, 23.2);(116.77, 23.6);(116.77, 24.0);(117.18, 23.2);(117.18, 23.6)",True
59314,2023-05-22 23:00:00,57.7,SURF,True,EXTREME_TYPE1,1391,12,12,"(115.55, 23.2);(115.55, 23.6);(115.95, 22.8);(115.95, 23.2);(115.95, 23.6);(115.95, 24.0);(116.36, 22.8);(116.36, 23.2);(116.36, 23.6);(116.36, 24.0);(116.77, 23.2);(116.77, 23.6)",True
59663,2023-05-24 12:00:00,33.7,SURF,True,EXTREME_TYPE1,1395,11,11,"(111.45, 21.6);(111.45, 22.0);(111.86, 21.2);(111.86, 21.6);(111.86, 22.0);(111.86, 22.4);(112.27, 21.6);(112.27, 22.0);(112.27, 22.4);(112.68, 21.6);(112.68, 22.0)",True
59470,2023-06-01 10:00:00,52.3,SURF,True,EXTREME_TYPE1,3533,10,10,"(111.45, 22.8);(111.86, 22.4);(111.86, 22.8);(111.86, 23.2);(112.27, 22.4);(112.27, 22.8);(112.27, 23.2);(112.68, 22.4);(112.68, 22.8);(112.68, 23.2)",True
59315,2023-06-01 17:00:00,85.2,SURF,True,EXTREME_TYPE1,709,10,10,"(115.95, 23.2);(115.95, 23.6);(115.95, 24.0);(116.36, 23.2);(116.36, 23.6);(116.36, 24.0);(116.77, 23.2);(116.77, 23.6);(116.77, 24.0);(117.18, 23.6)",True
59312,2023-06-02 18:00:00,40.6,SURF,True,EXTREME_TYPE1,662,10,10,"(115.95, 23.6);(116.36, 23.2);(116.36, 23.6);(116.36, 24.0);(116.77, 23.2);(116.77, 23.6);(116.77, 24.0);(117.18, 23.2);(117.18, 23.6);(117.18, 24.0)",True
59288,2023-06-04 05:00:00,44.5,SURF,True,EXTREME_TYPE1,3965,10,10,"(112.27, 23.2);(112.68, 22.8);(112.68, 23.2);(112.68, 23.6);(113.09, 22.8);(113.09, 23.2);(113.09, 23.6);(113.5, 22.8);(113.5, 23.2);(113.5, 23.6)",True
59473,2023-06-08 11:00:00,15.3,SURF,True,EXTREME_TYPE1,5459,10,10,"(112.27, 22.8);(112.68, 22.4);(112.68, 22.8);(112.68, 23.2);(113.09, 22.4);(113.09, 22.8);(113.09, 23.2);(113.5, 22.4);(113.5, 22.8);(113.5, 23.2)",True
59293,2023-06-10 01:00:00,55.7,SURF,True,EXTREME_TYPE1,1063,11,11,"(114.32, 23.2);(114.32, 23.6);(114.32, 24.0);(114.73, 23.2);(114.73, 23.6);(114.73, 24.0);(114.73, 24.4);(115.14, 23.2);(115.14, 23.6);(115.14, 24.0);(115.14, 24.4)",True
59656,2023-06-10 07:00:00,58.6,SURF,True,EXTREME_TYPE1,882,11,11,"(110.23, 21.2);(110.23, 21.6);(110.64, 20.8);(110.64, 21.2);(110.64, 21.6);(110.64, 22.0);(111.05, 21.2);(111.05, 21.6);(111.05, 22.0);(111.45, 21.2);(111.45, 21.6)",True
59475,2023-06-10 19:00:00,32.5,SURF,True,EXTREME_TYPE1,5287,9,9,"(112.27, 22.0);(112.27, 22.4);(112.27, 22.8);(112.68, 22.0);(112.68, 22.4);(112.68, 22.8);(113.09, 22.0);(113.09, 22.4);(113.09, 22.8)",True
59485,2023-06-14 20:00:00,44.5,SURF,True,EXTREME_TYPE1,4995,12,12,"(112.68, 22.4);(112.68, 22.8);(113.09, 22.0);(113.09, 22.4);(113.09, 22.8);(113.5, 22.0);(113.5, 22.4);(113.5, 22.8);(113.5, 23.2);(113.91, 22.0);(113.91, 22.4);(113.91, 22.8)",True
59317,2023-06-15 01:00:00,51.3,SURF,True,EXTREME_TYPE1,1235,9,9,"(115.95, 22.4);(115.95, 22.8);(115.95, 23.2);(115.95, 23.6);(116.36, 22.8);(116.36, 23.2);(116.36, 23.6);(116.77, 22.8);(116.77, 23.2)",True
59493,2023-06-15 01:00:00,50.7,SURF,True,EXTREME_TYPE1,2039,13,13,"(113.5, 22.0);(113.5, 22.4);(113.5, 22.8);(113.91, 22.0);(113.91, 22.4);(113.91, 22.8);(113.91, 23.2);(114.32, 22.0);(114.32, 22.4);(114.32, 22.8);(114.32, 23.2);(114.73, 22.4);(114.73, 22.8)",True
59673,2023-06-16 11:00:00,30.4,SURF,True,EXTREME_TYPE1,421,8,8,"(112.27, 21.6);(112.27, 22.0);(112.68, 21.6);(112.68, 22.0);(112.68, 22.4);(113.09, 21.6);(113.09, 22.0);(113.5, 21.6)",True
59476,2023-06-17 04:00:00,5.3,SURF,True,EXTREME_TYPE1,6245,11,11,"(112.27, 22.4);(112.68, 22.0);(112.68, 22.4);(112.68, 22.8);(113.09, 22.0);(113.09, 22.4);(113.09, 22.8);(113.09, 23.2);(113.5, 22.0);(113.5, 22.4);(113.5, 22.8)",True
59481,2023-06-17 05:00:00,6.5,SURF,True,EXTREME_TYPE1,5197,12,12,"(112.68, 22.8);(112.68, 23.2);(113.09, 22.4);(113.09, 22.8);(113.09, 23.2);(113.09, 23.6);(113.5, 22.4);(113.5, 22.8);(113.5, 23.2);(113.5, 23.6);(113.91, 22.8);(113.91, 23.2)",True
59071,2023-06-22 22:00:00,1.6,SURF,True,EXTREME_TYPE1,587,8,8,"(111.86, 24.4);(111.86, 24.8);(112.27, 24.4);(112.27, 24.8);(112.27, 25.2);(112.68, 24.4);(112.68, 24.8);(112.68, 25.2)",True
59088,2023-06-23 04:00:00,53.7,SURF,True,EXTREME_TYPE1,1192,12,12,"(112.68, 24.0);(112.68, 24.4);(113.09, 23.6);(113.09, 24.0);(113.09, 24.4);(113.09, 24.8);(113.5, 23.6);(113.5, 24.0);(113.5, 24.4);(113.5, 24.8);(113.91, 24.0);(113.91, 24.4)",True
59477,2023-06-23 04:00:00,84.8,SURF,True,EXTREME_TYPE1,3931,10,10,"(111.86, 22.0);(111.86, 22.4);(111.86, 22.8);(112.27, 21.6);(112.27, 22.0);(112.27, 22.4);(112.27, 22.8);(112.68, 22.0);(112.68, 22.4);(112.68, 22.8)",True
59289,2023-06-24 05:00:00,21.4,SURF,True,EXTREME_TYPE1,3327,12,12,"(113.09, 22.8);(113.09, 23.2);(113.5, 22.4);(113.5, 22.8);(113.5, 23.2);(113.5, 23.6);(113.91, 22.4);(113.91, 22.8);(113.91, 23.2);(113.91, 23.6);(114.32, 22.8);(114.32, 23.2)",True
59650,2023-06-24 08:00:00,68.4,SURF,True,EXTREME_TYPE1,1002,11,11,"(109.82, 21.2);(109.82, 21.6);(109.82, 22.0);(110.23, 20.8);(110.23, 21.2);(110.23, 21.6);(110.23, 22.0);(110.64, 20.8);(110.64, 21.2);(110.64, 21.6);(110.64, 22.0)",True
59074,2023-06-25 04:00:00,10.0,SURF,True,EXTREME_TYPE1,920,9,9,"(111.86, 24.0);(111.86, 24.4);(111.86, 24.8);(112.27, 24.0);(112.27, 24.4);(112.27, 24.8);(112.27, 25.2);(112.68, 24.4);(112.68, 24.8)",True
59471,2023-06-26 14:00:00,64.0,SURF,True,EXTREME_TYPE1,3536,12,12,"(111.45, 22.8);(111.45, 23.2);(111.86, 22.4);(111.86, 22.8);(111.86, 23.2);(111.86, 23.6);(112.27, 22.4);(112.27, 22.8);(112.27, 23.2);(112.27, 23.6);(112.68, 22.8);(112.68, 23.2)",True
59298,2023-06-26 17:00:00,76.8,SURF,True,EXTREME_TYPE1,1463,11,11,"(113.91, 22.8);(113.91, 23.2);(113.91, 23.6);(114.32, 22.4);(114.32, 22.8);(114.32, 23.2);(114.32, 23.6);(114.73, 22.8);(114.73, 23.2);(114.73, 23.6);(115.14, 23.2)",True
59318,2023-06-27 11:00:00,22.4,SURF,True,EXTREME_TYPE1,691,12,12,"(115.95, 23.2);(115.95, 23.6);(116.36, 22.8);(116.36, 23.2);(116.36, 23.6);(116.36, 24.0);(116.77, 22.8);(116.77, 23.2);(116.77, 23.6);(116.77, 24.0);(117.18, 23.2);(117.18, 23.6)",True
59107,2023-07-02 14:00:00,9.1,SURF,True,EXTREME_TYPE1,1264,12,12,"(114.73, 23.6);(114.73, 24.0);(114.73, 24.4);(115.14, 23.6);(115.14, 24.0);(115.14, 24.4);(115.14, 24.8);(115.55, 23.6);(115.55, 24.0);(115.55, 24.4);(115.95, 24.0);(115.95, 24.4)",True
59298,2023-07-02 14:00:00,53.0,SURF,True,EXTREME_TYPE1,1448,11,11,"(113.91, 22.8);(113.91, 23.2);(113.91, 23.6);(114.32, 22.4);(114.32, 22.8);(114.32, 23.2);(114.32, 23.6);(114.73, 22.8);(114.73, 23.2);(114.73, 23.6);(115.14, 23.2)",True
59488,2023-07-04 12:00:00,21.7,SURF,True,EXTREME_TYPE1,2014,11,11,"(113.09, 22.0);(113.09, 22.4);(113.09, 22.8);(113.5, 21.6);(113.5, 22.0);(113.5, 22.4);(113.5, 22.8);(113.91, 22.0);(113.91, 22.4);(113.91, 22.8);(114.32, 22.4)",True
59271,2023-07-16 18:00:00,2.3,SURF,True,EXTREME_TYPE1,1643,11,11,"(111.86, 23.2);(111.86, 23.6);(111.86, 24.0);(112.27, 23.2);(112.27, 23.6);(112.27, 24.0);(112.68, 23.2);(112.68, 23.6);(112.68, 24.0);(113.09, 23.6);(113.09, 24.0)",True
59324,2023-07-17 00:00:00,1.5,SURF,True,EXTREME_TYPE1,209,10,10,"(116.36, 23.2);(116.36, 23.6);(116.77, 22.8);(116.77, 23.2);(116.77, 23.6);(116.77, 24.0);(117.18, 23.2);(117.18, 23.6);(117.18, 24.0);(117.59, 23.6)",True
59655,2023-07-17 21:00:00,51.6,SURF,True,EXTREME_TYPE1,1160,10,10,"(110.23, 21.2);(110.23, 21.6);(110.23, 22.0);(110.64, 21.2);(110.64, 21.6);(110.64, 22.0);(110.64, 22.4);(111.05, 21.2);(111.05, 21.6);(111.05, 22.0)",True
59500,2023-07-18 08:00:00,25.9,SURF,True,EXTREME_TYPE1,1847,12,12,"(114.73, 22.8);(114.73, 23.2);(115.14, 22.4);(115.14, 22.8);(115.14, 23.2);(115.14, 23.6);(115.55, 22.4);(115.55, 22.8);(115.55, 23.2);(115.55, 23.6);(115.95, 22.8);(115.95, 23.2)",True
59488,2023-07-18 13:00:00,6.9,SURF,True,EXTREME_TYPE1,2016,11,11,"(113.09, 22.0);(113.09, 22.4);(113.09, 22.8);(113.5, 21.6);(113.5, 22.0);(113.5, 22.4);(113.5, 22.8);(113.91, 22.0);(113.91, 22.4);(113.91, 22.8);(114.32, 22.4)",True
59106,2023-07-22 03:00:00,50.5,SURF,True,EXTREME_TYPE1,552,10,10,"(115.14, 24.4);(115.14, 24.8);(115.55, 24.0);(115.55, 24.4);(115.55, 24.8);(115.95, 24.0);(115.95, 24.4);(115.95, 24.8);(116.36, 24.4);(116.36, 24.8)",True
59502,2023-07-29 05:00:00,42.7,SURF,True,EXTREME_TYPE1,1688,12,12,"(115.14, 22.8);(115.14, 23.2);(115.55, 22.4);(115.55, 22.8);(115.55, 23.2);(115.55, 23.6);(115.95, 22.4);(115.95, 22.8);(115.95, 23.2);(115.95, 23.6);(116.36, 22.8);(116.36, 23.2)",True
59487,2023-07-29 07:00:00,54.5,SURF,True,EXTREME_TYPE1,3516,12,12,"(112.68, 22.0);(112.68, 22.4);(113.09, 21.6);(113.09, 22.0);(113.09, 22.4);(113.09, 22.8);(113.5, 21.6);(113.5, 22.0);(113.5, 22.4);(113.5, 22.8);(113.91, 22.0);(113.91, 22.4)",True
59502,2023-07-29 11:00:00,26.9,SURF,True,EXTREME_TYPE1,1681,12,12,"(115.14, 22.8);(115.14, 23.2);(115.55, 22.4);(115.55, 22.8);(115.55, 23.2);(115.55, 23.6);(115.95, 22.4);(115.95, 22.8);(115.95, 23.2);(115.95, 23.6);(116.36, 22.8);(116.36, 23.2)",True
59284,2023-07-30 02:00:00,101.9,SURF,True,EXTREME_TYPE1,3039,12,12,"(112.68, 23.2);(112.68, 23.6);(113.09, 22.8);(113.09, 23.2);(113.09, 23.6);(113.09, 24.0);(113.5, 22.8);(113.5, 23.2);(113.5, 23.6);(113.5, 24.0);(113.91, 23.2);(113.91, 23.6)",True
59288,2023-07-30 14:00:00,62.5,SURF,True,EXTREME_TYPE1,3991,10,10,"(112.27, 23.2);(112.68, 22.8);(112.68, 23.2);(112.68, 23.6);(113.09, 22.8);(113.09, 23.2);(113.09, 23.6);(113.5, 22.8);(113.5, 23.2);(113.5, 23.6)",True
59659,2023-07-30 14:00:00,1.4,SURF,True,EXTREME_TYPE1,1167,12,12,"(110.23, 21.6);(110.23, 22.0);(110.64, 21.2);(110.64, 21.6);(110.64, 22.0);(110.64, 22.4);(111.05, 21.2);(111.05, 21.6);(111.05, 22.0);(111.05, 22.4);(111.45, 21.6);(111.45, 22.0)",True
59500,2023-08-01 16:00:00,54.4,SURF,True,EXTREME_TYPE1,1823,12,12,"(114.73, 22.8);(114.73, 23.2);(115.14, 22.4);(115.14, 22.8);(115.14, 23.2);(115.14, 23.6);(115.55, 22.4);(115.55, 22.8);(115.55, 23.2);(115.55, 23.6);(115.95, 22.8);(115.95, 23.2)",True
59284,2023-08-01 19:00:00,60.9,SURF,True,EXTREME_TYPE1,3075,12,12,"(112.68, 23.2);(112.68, 23.6);(113.09, 22.8);(113.09, 23.2);(113.09, 23.6);(113.09, 24.0);(113.5, 22.8);(113.5, 23.2);(113.5, 23.6);(113.5, 24.0);(113.91, 23.2);(113.91, 23.6)",True
59090,2023-08-09 17:00:00,20.6,SURF,True,EXTREME_TYPE1,324,12,12,"(113.5, 24.8);(113.5, 25.2);(113.91, 24.4);(113.91, 24.8);(113.91, 25.2);(113.91, 25.6);(114.32, 24.4);(114.32, 24.8);(114.32, 25.2);(114.32, 25.6);(114.73, 24.8);(114.73, 25.2)",True
59493,2023-08-10 13:00:00,27.6,SURF,True,EXTREME_TYPE1,2064,13,13,"(113.5, 22.0);(113.5, 22.4);(113.5, 22.8);(113.91, 22.0);(113.91, 22.4);(113.91, 22.8);(113.91, 23.2);(114.32, 22.0);(114.32, 22.4);(114.32, 22.8);(114.32, 23.2);(114.73, 22.4);(114.73, 22.8)",True
59071,2023-08-11 06:00:00,21.7,SURF,True,EXTREME_TYPE1,611,8,8,"(111.86, 24.4);(111.86, 24.8);(112.27, 24.4);(112.27, 24.8);(112.27, 25.2);(112.68, 24.4);(112.68, 24.8);(112.68, 25.2)",True
59655,2023-08-11 13:00:00,51.2,SURF,True,EXTREME_TYPE1,1199,10,10,"(110.23, 21.2);(110.23, 21.6);(110.23, 22.0);(110.64, 21.2);(110.64, 21.6);(110.64, 22.0);(110.64, 22.4);(111.05, 21.2);(111.05, 21.6);(111.05, 22.0)",True
59473,2023-08-13 09:00:00,1.1,SURF,True,EXTREME_TYPE1,6070,10,10,"(112.27, 22.8);(112.68, 22.4);(112.68, 22.8);(112.68, 23.2);(113.09, 22.4);(113.09, 22.8);(113.09, 23.2);(113.5, 22.4);(113.5, 22.8);(113.5, 23.2)",True
59492,2023-08-13 13:00:00,13.2,SURF,True,EXTREME_TYPE1,1392,11,11,"(114.32, 22.4);(114.32, 22.8);(114.32, 23.2);(114.32, 23.6);(114.73, 22.4);(114.73, 22.8);(114.73, 23.2);(114.73, 23.6);(115.14, 22.8);(115.14, 23.2);(115.14, 23.6)",True
59502,2023-08-17 15:00:00,69.9,SURF,True,EXTREME_TYPE1,1684,12,12,"(115.14, 22.8);(115.14, 23.2);(115.55, 22.4);(115.55, 22.8);(115.55, 23.2);(115.55, 23.6);(115.95, 22.4);(115.95, 22.8);(115.95, 23.2);(115.95, 23.6);(116.36, 22.8);(116.36, 23.2)",True
59117,2023-08-19 16:00:00,4.0,SURF,True,EXTREME_TYPE1,667,12,12,"(115.55, 24.0);(115.55, 24.4);(115.55, 24.8);(115.95, 23.6);(115.95, 24.0);(115.95, 24.4);(115.95, 24.8);(116.36, 24.0);(116.36, 24.4);(116.36, 24.8);(116.77, 24.0);(116.77, 24.4)",True
59107,2023-08-20 15:00:00,22.6,SURF,True,EXTREME_TYPE1,1261,12,12,"(114.73, 23.6);(114.73, 24.0);(114.73, 24.4);(115.14, 23.6);(115.14, 24.0);(115.14, 24.4);(115.14, 24.8);(115.55, 23.6);(115.55, 24.0);(115.55, 24.4);(115.95, 24.0);(115.95, 24.4)",True
59117,2023-08-20 15:00:00,91.1,SURF,True,EXTREME_TYPE1,670,12,12,"(115.55, 24.0);(115.55, 24.4);(115.55, 24.8);(115.95, 23.6);(115.95, 24.0);(115.95, 24.4);(115.95, 24.8);(116.36, 24.0);(116.36, 24.4);(116.36, 24.8);(116.77, 24.0);(116.77, 24.4)",True
59297,2023-08-21 17:00:00,54.2,SURF,True,EXTREME_TYPE1,1364,10,10,"(113.5, 23.2);(113.91, 22.8);(113.91, 23.2);(113.91, 23.6);(114.32, 22.8);(114.32, 23.2);(114.32, 23.6);(114.73, 22.8);(114.73, 23.2);(114.73, 23.6)",True
59477,2023-08-25 14:00:00,10.4,SURF,True,EXTREME_TYPE1,4317,10,10,"(111.86, 22.0);(111.86, 22.4);(111.86, 22.8);(112.27, 21.6);(112.27, 22.0);(112.27, 22.4);(112.27, 22.8);(112.68, 22.0);(112.68, 22.4);(112.68, 22.8)",True
59754,2023-08-29 16:00:00,24.5,SURF,True,EXTREME_TYPE1,525,5,5,"(109.82, 20.4);(109.82, 20.8);(110.23, 20.4);(110.23, 20.8);(110.64, 20.8)",True
59298,2023-09-02 04:00:00,30.8,SURF,True,EXTREME_TYPE1,1523,11,11,"(113.91, 22.8);(113.91, 23.2);(113.91, 23.6);(114.32, 22.4);(114.32, 22.8);(114.32, 23.2);(114.32, 23.6);(114.73, 22.8);(114.73, 23.2);(114.73, 23.6);(115.14, 23.2)",True
59306,2023-09-06 13:00:00,24.2,SURF,True,EXTREME_TYPE1,1945,12,12,"(115.14, 23.2);(115.14, 23.6);(115.55, 22.8);(115.55, 23.2);(115.55, 23.6);(115.55, 24.0);(115.95, 22.8);(115.95, 23.2);(115.95, 23.6);(115.95, 24.0);(116.36, 23.2);(116.36, 23.6)",True
59289,2023-09-08 00:00:00,32.3,SURF,True,EXTREME_TYPE1,3441,12,12,"(113.09, 22.8);(113.09, 23.2);(113.5, 22.4);(113.5, 22.8);(113.5, 23.2);(113.5, 23.6);(113.91, 22.4);(113.91, 22.8);(113.91, 23.2);(113.91, 23.6);(114.32, 22.8);(114.32, 23.2)",True
59487,2023-09-08 04:00:00,57.7,SURF,True,EXTREME_TYPE1,3518,12,12,"(112.68, 22.0);(112.68, 22.4);(113.09, 21.6);(113.09, 22.0);(113.09, 22.4);(113.09, 22.8);(113.5, 21.6);(113.5, 22.0);(113.5, 22.4);(113.5, 22.8);(113.91, 22.0);(113.91, 22.4)",True
59487,2023-09-08 05:00:00,53.5,SURF,True,EXTREME_TYPE1,3519,12,12,"(112.68, 22.0);(112.68, 22.4);(113.09, 21.6);(113.09, 22.0);(113.09, 22.4);(113.09, 22.8);(113.5, 21.6);(113.5, 22.0);(113.5, 22.4);(113.5, 22.8);(113.91, 22.0);(113.91, 22.4)",True
59469,2023-09-08 17:00:00,52.7,SURF,True,EXTREME_TYPE1,1745,11,11,"(111.05, 22.0);(111.45, 21.6);(111.45, 22.0);(111.45, 22.4);(111.86, 21.6);(111.86, 22.0);(111.86, 22.4);(111.86, 22.8);(112.27, 21.6);(112.27, 22.0);(112.27, 22.4)",True
59663,2023-09-10 02:00:00,20.9,SURF,True,EXTREME_TYPE1,1446,11,11,"(111.45, 21.6);(111.45, 22.0);(111.86, 21.2);(111.86, 21.6);(111.86, 22.0);(111.86, 22.4);(112.27, 21.6);(112.27, 22.0);(112.27, 22.4);(112.68, 21.6);(112.68, 22.0)",True
59654,2023-09-10 04:00:00,12.9,SURF,True,EXTREME_TYPE1,1079,10,10,"(109.82, 21.2);(109.82, 21.6);(109.82, 22.0);(110.23, 21.2);(110.23, 21.6);(110.23, 22.0);(110.64, 21.2);(110.64, 21.6);(110.64, 22.0);(111.05, 21.6)",True
59659,2023-09-10 04:00:00,81.3,SURF,True,EXTREME_TYPE1,1207,12,12,"(110.23, 21.6);(110.23, 22.0);(110.64, 21.2);(110.64, 21.6);(110.64, 22.0);(110.64, 22.4);(111.05, 21.2);(111.05, 21.6);(111.05, 22.0);(111.05, 22.4);(111.45, 21.6);(111.45, 22.0)",True
59750,2023-09-10 04:00:00,53.5,SURF,True,EXTREME_TYPE1,898,11,11,"(109.41, 21.2);(109.82, 20.4);(109.82, 20.8);(109.82, 21.2);(109.82, 21.6);(110.23, 20.4);(110.23, 20.8);(110.23, 21.2);(110.23, 21.6);(110.64, 20.8);(110.64, 21.2)",True
59653,2023-09-10 12:00:00,8.7,SURF,True,EXTREME_TYPE1,1017,11,11,"(110.23, 21.6);(110.23, 22.0);(110.64, 21.6);(110.64, 22.0);(110.64, 22.4);(111.05, 21.6);(111.05, 22.0);(111.05, 22.4);(111.45, 21.6);(111.45, 22.0);(111.45, 22.4)",True
59501,2023-09-13 12:00:00,19.3,SURF,True,EXTREME_TYPE1,1896,12,12,"(114.73, 22.4);(114.73, 22.8);(114.73, 23.2);(115.14, 22.4);(115.14, 22.8);(115.14, 23.2);(115.55, 22.4);(115.55, 22.8);(115.55, 23.2);(115.95, 22.4);(115.95, 22.8);(115.95, 23.2)",True
59658,2023-09-14 02:00:00,18.3,SURF,True,EXTREME_TYPE1,759,10,6,"(109.82, 21.2);(109.82, 21.6);(110.23, 21.2);(110.23, 21.6);(110.64, 21.2);(110.64, 21.6)",True
59278,2023-09-14 08:00:00,12.8,SURF,True,EXTREME_TYPE1,5624,12,12,"(111.86, 22.8);(111.86, 23.2);(112.27, 22.4);(112.27, 22.8);(112.27, 23.2);(112.27, 23.6);(112.68, 22.4);(112.68, 22.8);(112.68, 23.2);(112.68, 23.6);(113.09, 22.8);(113.09, 23.2)",True
59470,2023-09-14 18:00:00,1.1,SURF,True,EXTREME_TYPE1,3949,10,10,"(111.45, 22.8);(111.86, 22.4);(111.86, 22.8);(111.86, 23.2);(112.27, 22.4);(112.27, 22.8);(112.27, 23.2);(112.68, 22.4);(112.68, 22.8);(112.68, 23.2)",True
59081,2023-09-14 22:00:00,14.0,SURF,True,EXTREME_TYPE1,897,12,12,"(112.68, 24.4);(112.68, 24.8);(112.68, 25.2);(113.09, 24.4);(113.09, 24.8);(113.09, 25.2);(113.5, 24.4);(113.5, 24.8);(113.5, 25.2);(113.91, 24.4);(113.91, 24.8);(113.91, 25.2)",True
59480,2023-09-14 22:00:00,5.1,SURF,True,EXTREME_TYPE1,5236,10,10,"(112.68, 22.4);(112.68, 22.8);(112.68, 23.2);(113.09, 22.4);(113.09, 22.8);(113.09, 23.2);(113.5, 22.4);(113.5, 22.8);(113.5, 23.2);(113.91, 22.8)",True
59650,2023-09-18 02:00:00,6.1,SURF,True,EXTREME_TYPE1,1004,11,11,"(109.82, 21.2);(109.82, 21.6);(109.82, 22.0);(110.23, 20.8);(110.23, 21.2);(110.23, 21.6);(110.23, 22.0);(110.64, 20.8);(110.64, 21.2);(110.64, 21.6);(110.64, 22.0)",True
59087,2023-09-22 05:00:00,51.5,SURF,True,EXTREME_TYPE1,1280,10,10,"(113.09, 23.6);(113.09, 24.0);(113.09, 24.4);(113.5, 23.2);(113.5, 23.6);(113.5, 24.0);(113.5, 24.4);(113.91, 23.6);(113.91, 24.0);(113.91, 24.4)",True
59270,2023-09-24 04:00:00,30.8,SURF,True,EXTREME_TYPE1,1003,10,10,"(111.45, 24.0);(111.86, 23.6);(111.86, 24.0);(111.86, 24.4);(112.27, 23.6);(112.27, 24.0);(112.27, 24.4);(112.68, 23.6);(112.68, 24.0);(112.68, 24.4)",True
59754,2023-09-25 00:00:00,1.0,SURF,True,EXTREME_TYPE1,535,5,5,"(109.82, 20.4);(109.82, 20.8);(110.23, 20.4);(110.23, 20.8);(110.64, 20.8)",True
59324,2023-10-07 22:00:00,1.8,SURF,True,EXTREME_TYPE1,203,10,10,"(116.36, 23.2);(116.36, 23.6);(116.77, 22.8);(116.77, 23.2);(116.77, 23.6);(116.77, 24.0);(117.18, 23.2);(117.18, 23.6);(117.18, 24.0);(117.59, 23.6)",True
59658,2023-10-19 08:00:00,51.3,SURF,True,EXTREME_TYPE1,748,10,10,"(109.82, 20.8);(109.82, 21.2);(109.82, 21.6);(110.23, 20.8);(110.23, 21.2);(110.23, 21.6);(110.64, 20.8);(110.64, 21.2);(110.64, 21.6);(111.05, 21.2)",True
59650,2023-10-19 10:00:00,53.8,SURF,True,EXTREME_TYPE1,990,11,11,"(109.82, 21.2);(109.82, 21.6);(109.82, 22.0);(110.23, 20.8);(110.23, 21.2);(110.23, 21.6);(110.23, 22.0);(110.64, 20.8);(110.64, 21.2);(110.64, 21.6);(110.64, 22.0)",True
59653,2023-10-20 01:00:00,6.7,SURF,True,EXTREME_TYPE1,1023,11,11,"(110.23, 21.6);(110.23, 22.0);(110.64, 21.6);(110.64, 22.0);(110.64, 22.4);(111.05, 21.6);(111.05, 22.0);(111.05, 22.4);(111.45, 21.6);(111.45, 22.0);(111.45, 22.4)",True
59655,2023-10-20 01:00:00,59.4,SURF,True,EXTREME_TYPE1,1196,10,10,"(110.23, 21.2);(110.23, 21.6);(110.23, 22.0);(110.64, 21.2);(110.64, 21.6);(110.64, 22.0);(110.64, 22.4);(111.05, 21.2);(111.05, 21.6);(111.05, 22.0)",True
59656,2023-10-20 01:00:00,51.0,SURF,True,EXTREME_TYPE1,919,11,11,"(110.23, 21.2);(110.23, 21.6);(110.64, 20.8);(110.64, 21.2);(110.64, 21.6);(110.64, 22.0);(111.05, 21.2);(111.05, 21.6);(111.05, 22.0);(111.45, 21.2);(111.45, 21.6)",True
59656,2023-10-20 02:00:00,101.5,SURF,True,EXTREME_TYPE1,917,11,11,"(110.23, 21.2);(110.23, 21.6);(110.64, 20.8);(110.64, 21.2);(110.64, 21.6);(110.64, 22.0);(111.05, 21.2);(111.05, 21.6);(111.05, 22.0);(111.45, 21.2);(111.45, 21.6)",True
59653,2023-10-20 04:00:00,69.7,SURF,True,EXTREME_TYPE1,1018,11,11,"(110.23, 21.6);(110.23, 22.0);(110.64, 21.6);(110.64, 22.0);(110.64, 22.4);(111.05, 21.6);(111.05, 22.0);(111.05, 22.4);(111.45, 21.6);(111.45, 22.0);(111.45, 22.4)",True
59654,2023-10-20 14:00:00,8.6,SURF,True,EXTREME_TYPE1,1086,10,10,"(109.82, 21.2);(109.82, 21.6);(109.82, 22.0);(110.23, 21.2);(110.23, 21.6);(110.23, 22.0);(110.64, 21.2);(110.64, 21.6);(110.64, 22.0);(111.05, 21.6)",True
59750,2023-10-29 21:00:00,82.3,SURF,True,EXTREME_TYPE1,902,11,11,"(109.41, 21.2);(109.82, 20.4);(109.82, 20.8);(109.82, 21.2);(109.82, 21.6);(110.23, 20.4);(110.23, 20.8);(110.23, 21.2);(110.23, 21.6);(110.64, 20.8);(110.64, 21.2)",True
59280,2024-01-02 19:00:00,1.1,SURF,True,EXTREME_TYPE1,1900,10,10,"(112.68, 23.2);(112.68, 23.6);(112.68, 24.0);(113.09, 23.2);(113.09, 23.6);(113.09, 24.0);(113.09, 24.4);(113.5, 23.2);(113.5, 23.6);(113.5, 24.0)",True
59071,2024-02-04 05:00:00,5.5,SURF,True,EXTREME_TYPE1,613,8,8,"(111.86, 24.4);(111.86, 24.8);(112.27, 24.4);(112.27, 24.8);(112.27, 25.2);(112.68, 24.4);(112.68, 24.8);(112.68, 25.2)",True
59109,2024-02-07 19:00:00,1.3,SURF,True,EXTREME_TYPE1,984,12,12,"(115.14, 24.0);(115.14, 24.4);(115.55, 23.6);(115.55, 24.0);(115.55, 24.4);(115.55, 24.8);(115.95, 23.6);(115.95, 24.0);(115.95, 24.4);(115.95, 24.8);(116.36, 24.0);(116.36, 24.4)",True
59319,2024-03-10 02:00:00,1.9,SURF,True,EXTREME_TYPE1,674,11,11,"(115.95, 23.6);(116.36, 23.2);(116.36, 23.6);(116.36, 24.0);(116.77, 22.8);(116.77, 23.2);(116.77, 23.6);(116.77, 24.0);(117.18, 23.2);(117.18, 23.6);(117.18, 24.0)",True
59264,2024-03-10 13:00:00,5.9,SURF,True,EXTREME_TYPE1,549,9,9,"(111.05, 23.2);(111.45, 22.8);(111.45, 23.2);(111.45, 23.6);(111.45, 24.0);(111.86, 22.8);(111.86, 23.2);(111.86, 23.6);(111.86, 24.0)",True
59106,2024-03-11 08:00:00,5.3,SURF,True,EXTREME_TYPE1,557,10,10,"(115.14, 24.4);(115.14, 24.8);(115.55, 24.0);(115.55, 24.4);(115.55, 24.8);(115.95, 24.0);(115.95, 24.4);(115.95, 24.8);(116.36, 24.4);(116.36, 24.8)",True
59653,2024-03-29 20:00:00,22.7,SURF,True,EXTREME_TYPE1,1005,11,11,"(110.23, 21.6);(110.23, 22.0);(110.64, 21.6);(110.64, 22.0);(110.64, 22.4);(111.05, 21.6);(111.05, 22.0);(111.05, 22.4);(111.45, 21.6);(111.45, 22.0);(111.45, 22.4)",True
59081,2024-03-30 18:00:00,31.5,SURF,True,EXTREME_TYPE1,990,12,12,"(112.68, 24.4);(112.68, 24.8);(112.68, 25.2);(113.09, 24.4);(113.09, 24.8);(113.09, 25.2);(113.5, 24.4);(113.5, 24.8);(113.5, 25.2);(113.91, 24.4);(113.91, 24.8);(113.91, 25.2)",True
59106,2024-03-30 23:00:00,53.9,SURF,True,EXTREME_TYPE1,574,10,10,"(115.14, 24.4);(115.14, 24.8);(115.55, 24.0);(115.55, 24.4);(115.55, 24.8);(115.95, 24.0);(115.95, 24.4);(115.95, 24.8);(116.36, 24.4);(116.36, 24.8)",True
59081,2024-04-04 14:00:00,53.6,SURF,True,EXTREME_TYPE1,991,12,12,"(112.68, 24.4);(112.68, 24.8);(112.68, 25.2);(113.09, 24.4);(113.09, 24.8);(113.09, 25.2);(113.5, 24.4);(113.5, 24.8);(113.5, 25.2);(113.91, 24.4);(113.91, 24.8);(113.91, 25.2)",True
59090,2024-04-04 15:00:00,43.5,SURF,True,EXTREME_TYPE1,336,12,12,"(113.5, 24.8);(113.5, 25.2);(113.91, 24.4);(113.91, 24.8);(113.91, 25.2);(113.91, 25.6);(114.32, 24.4);(114.32, 24.8);(114.32, 25.2);(114.32, 25.6);(114.73, 24.8);(114.73, 25.2)",True
59293,2024-04-04 20:00:00,7.7,SURF,True,EXTREME_TYPE1,1033,11,11,"(114.32, 23.2);(114.32, 23.6);(114.32, 24.0);(114.73, 23.2);(114.73, 23.6);(114.73, 24.0);(114.73, 24.4);(115.14, 23.2);(115.14, 23.6);(115.14, 24.0);(115.14, 24.4)",True
59075,2024-04-06 08:00:00,23.6,SURF,True,EXTREME_TYPE1,1114,12,12,"(111.86, 24.0);(111.86, 24.4);(112.27, 24.0);(112.27, 24.4);(112.27, 24.8);(112.68, 23.6);(112.68, 24.0);(112.68, 24.4);(112.68, 24.8);(113.09, 24.0);(113.09, 24.4);(113.09, 24.8)",True
59481,2024-04-06 11:00:00,53.7,SURF,True,EXTREME_TYPE1,5403,12,12,"(112.68, 22.8);(112.68, 23.2);(113.09, 22.4);(113.09, 22.8);(113.09, 23.2);(113.09, 23.6);(113.5, 22.4);(113.5, 22.8);(113.5, 23.2);(113.5, 23.6);(113.91, 22.8);(113.91, 23.2)",True
59456,2024-04-19 10:00:00,46.2,SURF,True,EXTREME_TYPE1,942,10,10,"(110.23, 22.4);(110.64, 22.0);(110.64, 22.4);(110.64, 22.8);(111.05, 22.0);(111.05, 22.4);(111.05, 22.8);(111.45, 22.0);(111.45, 22.4);(111.45, 22.8)",True
59280,2024-04-19 11:00:00,54.4,SURF,True,EXTREME_TYPE1,1968,10,10,"(112.68, 23.2);(112.68, 23.6);(112.68, 24.0);(113.09, 23.2);(113.09, 23.6);(113.09, 24.0);(113.09, 24.4);(113.5, 23.2);(113.5, 23.6);(113.5, 24.0)",True
59285,2024-04-19 13:00:00,54.9,SURF,True,EXTREME_TYPE1,2145,10,10,"(113.09, 23.2);(113.09, 23.6);(113.09, 24.0);(113.5, 23.2);(113.5, 23.6);(113.5, 24.0);(113.91, 23.2);(113.91, 23.6);(113.91, 24.0);(114.32, 23.6)",True
59087,2024-04-19 17:00:00,71.3,SURF,True,EXTREME_TYPE1,1437,10,10,"(113.09, 23.6);(113.09, 24.0);(113.09, 24.4);(113.5, 23.2);(113.5, 23.6);(113.5, 24.0);(113.5, 24.4);(113.91, 23.6);(113.91, 24.0);(113.91, 24.4)",True
59269,2024-04-20 14:00:00,51.4,SURF,True,EXTREME_TYPE1,1500,9,9,"(111.45, 22.8);(111.45, 23.2);(111.45, 23.6);(111.86, 22.8);(111.86, 23.2);(111.86, 23.6);(112.27, 22.8);(112.27, 23.2);(112.27, 23.6)",True
59287,2024-04-20 19:00:00,25.6,SURF,True,EXTREME_TYPE1,3454,9,9,"(113.09, 22.8);(113.09, 23.2);(113.09, 23.6);(113.5, 22.8);(113.5, 23.2);(113.5, 23.6);(113.91, 22.8);(113.91, 23.2);(113.91, 23.6)",True
59285,2024-04-20 20:00:00,5.5,SURF,True,EXTREME_TYPE1,2109,10,10,"(113.09, 23.2);(113.09, 23.6);(113.09, 24.0);(113.5, 23.2);(113.5, 23.6);(113.5, 24.0);(113.91, 23.2);(113.91, 23.6);(113.91, 24.0);(114.32, 23.6)",True
59456,2024-04-21 06:00:00,53.7,SURF,True,EXTREME_TYPE1,917,10,10,"(110.23, 22.4);(110.64, 22.0);(110.64, 22.4);(110.64, 22.8);(111.05, 22.0);(111.05, 22.4);(111.05, 22.8);(111.45, 22.0);(111.45, 22.4);(111.45, 22.8)",True
59470,2024-04-21 08:00:00,61.5,SURF,True,EXTREME_TYPE1,4027,10,10,"(111.45, 22.8);(111.86, 22.4);(111.86, 22.8);(111.86, 23.2);(112.27, 22.4);(112.27, 22.8);(112.27, 23.2);(112.68, 22.4);(112.68, 22.8);(112.68, 23.2)",True
59486,2024-04-23 11:00:00,60.8,SURF,True,EXTREME_TYPE1,3597,10,10,"(113.5, 22.4);(113.5, 22.8);(113.5, 23.2);(113.91, 22.0);(113.91, 22.4);(113.91, 22.8);(113.91, 23.2);(114.32, 22.4);(114.32, 22.8);(114.32, 23.2)",True
59304,2024-04-23 23:00:00,20.8,SURF,True,EXTREME_TYPE1,1511,9,9,"(114.73, 23.2);(114.73, 23.6);(114.73, 24.0);(115.14, 23.2);(115.14, 23.6);(115.14, 24.0);(115.55, 23.2);(115.55, 23.6);(115.55, 24.0)",True
59475,2024-04-24 21:00:00,23.6,SURF,True,EXTREME_TYPE1,6191,9,9,"(112.27, 22.0);(112.27, 22.4);(112.27, 22.8);(112.68, 22.0);(112.68, 22.4);(112.68, 22.8);(113.09, 22.0);(113.09, 22.4);(113.09, 22.8)",True
59117,2024-04-25 04:00:00,24.9,SURF,True,EXTREME_TYPE1,668,12,12,"(115.55, 24.0);(115.55, 24.4);(115.55, 24.8);(115.95, 23.6);(115.95, 24.0);(115.95, 24.4);(115.95, 24.8);(116.36, 24.0);(116.36, 24.4);(116.36, 24.8);(116.77, 24.0);(116.77, 24.4)",True
59659,2024-04-25 09:00:00,55.5,SURF,True,EXTREME_TYPE1,1203,12,12,"(110.23, 21.6);(110.23, 22.0);(110.64, 21.2);(110.64, 21.6);(110.64, 22.0);(110.64, 22.4);(111.05, 21.2);(111.05, 21.6);(111.05, 22.0);(111.05, 22.4);(111.45, 21.6);(111.45, 22.0)",True
59493,2024-04-25 12:00:00,8.1,SURF,True,EXTREME_TYPE1,2155,13,13,"(113.5, 22.0);(113.5, 22.4);(113.5, 22.8);(113.91, 22.0);(113.91, 22.4);(113.91, 22.8);(113.91, 23.2);(114.32, 22.0);(114.32, 22.4);(114.32, 22.8);(114.32, 23.2);(114.73, 22.4);(114.73, 22.8)",True
59087,2024-04-26 03:00:00,52.3,SURF,True,EXTREME_TYPE1,1437,10,10,"(113.09, 23.6);(113.09, 24.0);(113.09, 24.4);(113.5, 23.2);(113.5, 23.6);(113.5, 24.0);(113.5, 24.4);(113.91, 23.6);(113.91, 24.0);(113.91, 24.4)",True
59290,2024-04-26 04:00:00,60.7,SURF,True,EXTREME_TYPE1,1374,11,11,"(113.5, 23.6);(113.91, 23.2);(113.91, 23.6);(113.91, 24.0);(113.91, 24.4);(114.32, 23.2);(114.32, 23.6);(114.32, 24.0);(114.32, 24.4);(114.73, 23.6);(114.73, 24.0)",True
59501,2024-04-27 19:00:00,50.0,SURF,True,EXTREME_TYPE1,1903,12,12,"(114.73, 22.4);(114.73, 22.8);(114.73, 23.2);(115.14, 22.4);(115.14, 22.8);(115.14, 23.2);(115.55, 22.4);(115.55, 22.8);(115.55, 23.2);(115.95, 22.4);(115.95, 22.8);(115.95, 23.2)",True
59502,2024-04-27 19:00:00,56.6,SURF,True,EXTREME_TYPE1,1731,12,12,"(115.14, 22.8);(115.14, 23.2);(115.55, 22.4);(115.55, 22.8);(115.55, 23.2);(115.55, 23.6);(115.95, 22.4);(115.95, 22.8);(115.95, 23.2);(115.95, 23.6);(116.36, 22.8);(116.36, 23.2)",True
59294,2024-04-28 03:00:00,50.3,SURF,True,EXTREME_TYPE1,2104,11,11,"(113.09, 23.2);(113.5, 22.8);(113.5, 23.2);(113.5, 23.6);(113.91, 22.8);(113.91, 23.2);(113.91, 23.6);(113.91, 24.0);(114.32, 22.8);(114.32, 23.2);(114.32, 23.6)",True
59502,2024-04-28 06:00:00,15.5,SURF,True,EXTREME_TYPE1,1703,12,12,"(115.14, 22.8);(115.14, 23.2);(115.55, 22.4);(115.55, 22.8);(115.55, 23.2);(115.55, 23.6);(115.95, 22.4);(115.95, 22.8);(115.95, 23.2);(115.95, 23.6);(116.36, 22.8);(116.36, 23.2)",True
59075,2024-04-30 09:00:00,4.0,SURF,True,EXTREME_TYPE1,1136,12,12,"(111.86, 24.0);(111.86, 24.4);(112.27, 24.0);(112.27, 24.4);(112.27, 24.8);(112.68, 23.6);(112.68, 24.0);(112.68, 24.4);(112.68, 24.8);(113.09, 24.0);(113.09, 24.4);(113.09, 24.8)",True
59750,2024-05-02 07:00:00,53.1,SURF,True,EXTREME_TYPE1,903,11,11,"(109.41, 21.2);(109.82, 20.4);(109.82, 20.8);(109.82, 21.2);(109.82, 21.6);(110.23, 20.4);(110.23, 20.8);(110.23, 21.2);(110.23, 21.6);(110.64, 20.8);(110.64, 21.2)",True
59487,2024-05-04 10:00:00,93.8,SURF,True,EXTREME_TYPE1,3686,12,12,"(112.68, 22.0);(112.68, 22.4);(113.09, 21.6);(113.09, 22.0);(113.09, 22.4);(113.09, 22.8);(113.5, 21.6);(113.5, 22.0);(113.5, 22.4);(113.5, 22.8);(113.91, 22.0);(113.91, 22.4)",True
59488,2024-05-04 13:00:00,54.4,SURF,True,EXTREME_TYPE1,2112,11,11,"(113.09, 22.0);(113.09, 22.4);(113.09, 22.8);(113.5, 21.6);(113.5, 22.0);(113.5, 22.4);(113.5, 22.8);(113.91, 22.0);(113.91, 22.4);(113.91, 22.8);(114.32, 22.4)",True
59653,2024-05-04 13:00:00,52.8,SURF,True,EXTREME_TYPE1,1030,11,11,"(110.23, 21.6);(110.23, 22.0);(110.64, 21.6);(110.64, 22.0);(110.64, 22.4);(111.05, 21.6);(111.05, 22.0);(111.05, 22.4);(111.45, 21.6);(111.45, 22.0);(111.45, 22.4)",True
59659,2024-05-04 13:00:00,66.1,SURF,True,EXTREME_TYPE1,1213,12,12,"(110.23, 21.6);(110.23, 22.0);(110.64, 21.2);(110.64, 21.6);(110.64, 22.0);(110.64, 22.4);(111.05, 21.2);(111.05, 21.6);(111.05, 22.0);(111.05, 22.4);(111.45, 21.6);(111.45, 22.0)",True
59314,2024-05-05 00:00:00,13.6,SURF,True,EXTREME_TYPE1,1438,12,12,"(115.55, 23.2);(115.55, 23.6);(115.95, 22.8);(115.95, 23.2);(115.95, 23.6);(115.95, 24.0);(116.36, 22.8);(116.36, 23.2);(116.36, 23.6);(116.36, 24.0);(116.77, 23.2);(116.77, 23.6)",True
59264,2024-05-06 18:00:00,72.2,SURF,True,EXTREME_TYPE1,561,9,9,"(111.05, 23.2);(111.45, 22.8);(111.45, 23.2);(111.45, 23.6);(111.45, 24.0);(111.86, 22.8);(111.86, 23.2);(111.86, 23.6);(111.86, 24.0)",True
59478,2024-05-12 15:00:00,68.6,SURF,True,EXTREME_TYPE1,4493,12,12,"(112.27, 22.0);(112.27, 22.4);(112.68, 21.6);(112.68, 22.0);(112.68, 22.4);(112.68, 22.8);(113.09, 21.6);(113.09, 22.0);(113.09, 22.4);(113.09, 22.8);(113.5, 22.0);(113.5, 22.4)",True
59487,2024-05-12 17:00:00,13.3,SURF,True,EXTREME_TYPE1,3713,12,12,"(112.68, 22.0);(112.68, 22.4);(113.09, 21.6);(113.09, 22.0);(113.09, 22.4);(113.09, 22.8);(113.5, 21.6);(113.5, 22.0);(113.5, 22.4);(113.5, 22.8);(113.91, 22.0);(113.91, 22.4)",True
59313,2024-05-22 05:00:00,6.8,SURF,True,EXTREME_TYPE1,224,9,9,"(116.36, 23.6);(116.36, 24.0);(116.77, 23.2);(116.77, 23.6);(116.77, 24.0);(117.18, 23.2);(117.18, 23.6);(117.18, 24.0);(117.59, 23.6)",True
59481,2024-05-23 14:00:00,64.9,SURF,True,EXTREME_TYPE1,5716,12,12,"(112.68, 22.8);(112.68, 23.2);(113.09, 22.4);(113.09, 22.8);(113.09, 23.2);(113.09, 23.6);(113.5, 22.4);(113.5, 22.8);(113.5, 23.2);(113.5, 23.6);(113.91, 22.8);(113.91, 23.2)",True
59313,2024-05-23 17:00:00,1.8,SURF,True,EXTREME_TYPE1,216,9,9,"(116.36, 23.6);(116.36, 24.0);(116.77, 23.2);(116.77, 23.6);(116.77, 24.0);(117.18, 23.2);(117.18, 23.6);(117.18, 24.0);(117.59, 23.6)",True
59475,2024-05-24 14:00:00,50.3,SURF,True,EXTREME_TYPE1,6241,9,9,"(112.27, 22.0);(112.27, 22.4);(112.27, 22.8);(112.68, 22.0);(112.68, 22.4);(112.68, 22.8);(113.09, 22.0);(113.09, 22.4);(113.09, 22.8)",True
59492,2024-05-24 18:00:00,20.7,SURF,True,EXTREME_TYPE1,1420,11,11,"(114.32, 22.4);(114.32, 22.8);(114.32, 23.2);(114.32, 23.6);(114.73, 22.4);(114.73, 22.8);(114.73, 23.2);(114.73, 23.6);(115.14, 22.8);(115.14, 23.2);(115.14, 23.6)",True
59653,2024-05-26 13:00:00,50.1,SURF,True,EXTREME_TYPE1,1022,11,11,"(110.23, 21.6);(110.23, 22.0);(110.64, 21.6);(110.64, 22.0);(110.64, 22.4);(111.05, 21.6);(111.05, 22.0);(111.05, 22.4);(111.45, 21.6);(111.45, 22.0);(111.45, 22.4)",True
59310,2024-05-27 22:00:00,4.1,SURF,True,EXTREME_TYPE1,1307,12,12,"(115.55, 23.6);(115.55, 24.0);(115.95, 23.2);(115.95, 23.6);(115.95, 24.0);(115.95, 24.4);(116.36, 23.2);(116.36, 23.6);(116.36, 24.0);(116.36, 24.4);(116.77, 23.6);(116.77, 24.0)",True
59656,2024-05-28 17:00:00,9.3,SURF,True,EXTREME_TYPE1,921,11,11,"(110.23, 21.2);(110.23, 21.6);(110.64, 20.8);(110.64, 21.2);(110.64, 21.6);(110.64, 22.0);(111.05, 21.2);(111.05, 21.6);(111.05, 22.0);(111.45, 21.2);(111.45, 21.6)",True
59481,2024-05-30 18:00:00,1.2,SURF,True,EXTREME_TYPE1,5749,12,12,"(112.68, 22.8);(112.68, 23.2);(113.09, 22.4);(113.09, 22.8);(113.09, 23.2);(113.09, 23.6);(113.5, 22.4);(113.5, 22.8);(113.5, 23.2);(113.5, 23.6);(113.91, 22.8);(113.91, 23.2)",True
59278,2024-05-31 16:00:00,23.6,SURF,True,EXTREME_TYPE1,5834,12,12,"(111.86, 22.8);(111.86, 23.2);(112.27, 22.4);(112.27, 22.8);(112.27, 23.2);(112.27, 23.6);(112.68, 22.4);(112.68, 22.8);(112.68, 23.2);(112.68, 23.6);(113.09, 22.8);(113.09, 23.2)",True
59500,2024-06-04 01:00:00,1.2,SURF,True,EXTREME_TYPE1,1924,12,12,"(114.73, 22.8);(114.73, 23.2);(115.14, 22.4);(115.14, 22.8);(115.14, 23.2);(115.14, 23.6);(115.55, 22.4);(115.55, 22.8);(115.55, 23.2);(115.55, 23.6);(115.95, 22.8);(115.95, 23.2)",True
59290,2024-06-04 03:00:00,1.3,SURF,True,EXTREME_TYPE1,1393,11,11,"(113.5, 23.6);(113.91, 23.2);(113.91, 23.6);(113.91, 24.0);(113.91, 24.4);(114.32, 23.2);(114.32, 23.6);(114.32, 24.0);(114.32, 24.4);(114.73, 23.6);(114.73, 24.0)",True
59664,2024-06-05 03:00:00,51.7,SURF,True,EXTREME_TYPE1,1206,10,10,"(110.23, 21.6);(110.64, 21.2);(110.64, 21.6);(110.64, 22.0);(111.05, 21.2);(111.05, 21.6);(111.05, 22.0);(111.45, 21.2);(111.45, 21.6);(111.45, 22.0)",True
59650,2024-06-05 16:00:00,62.2,SURF,True,EXTREME_TYPE1,1003,11,11,"(109.82, 21.2);(109.82, 21.6);(109.82, 22.0);(110.23, 20.8);(110.23, 21.2);(110.23, 21.6);(110.23, 22.0);(110.64, 20.8);(110.64, 21.2);(110.64, 21.6);(110.64, 22.0)",True
59293,2024-06-07 17:00:00,7.1,SURF,True,EXTREME_TYPE1,1117,11,11,"(114.32, 23.2);(114.32, 23.6);(114.32, 24.0);(114.73, 23.2);(114.73, 23.6);(114.73, 24.0);(114.73, 24.4);(115.14, 23.2);(115.14, 23.6);(115.14, 24.0);(115.14, 24.4)",True
59290,2024-06-14 06:00:00,42.0,SURF,True,EXTREME_TYPE1,1384,11,11,"(113.5, 23.6);(113.91, 23.2);(113.91, 23.6);(113.91, 24.0);(113.91, 24.4);(114.32, 23.2);(114.32, 23.6);(114.32, 24.0);(114.32, 24.4);(114.73, 23.6);(114.73, 24.0)",True
59655,2024-06-15 14:00:00,57.6,SURF,True,EXTREME_TYPE1,1200,10,10,"(110.23, 21.2);(110.23, 21.6);(110.23, 22.0);(110.64, 21.2);(110.64, 21.6);(110.64, 22.0);(110.64, 22.4);(111.05, 21.2);(111.05, 21.6);(111.05, 22.0)",True
59502,2024-06-15 16:00:00,34.8,SURF,True,EXTREME_TYPE1,1770,12,12,"(115.14, 22.8);(115.14, 23.2);(115.55, 22.4);(115.55, 22.8);(115.55, 23.2);(115.55, 23.6);(115.95, 22.4);(115.95, 22.8);(115.95, 23.2);(115.95, 23.6);(116.36, 22.8);(116.36, 23.2)",True
59500,2024-06-15 21:00:00,33.1,SURF,True,EXTREME_TYPE1,1928,12,12,"(114.73, 22.8);(114.73, 23.2);(115.14, 22.4);(115.14, 22.8);(115.14, 23.2);(115.14, 23.6);(115.55, 22.4);(115.55, 22.8);(115.55, 23.2);(115.55, 23.6);(115.95, 22.8);(115.95, 23.2)",True
59088,2024-06-16 03:00:00,7.0,SURF,True,EXTREME_TYPE1,1442,12,12,"(112.68, 24.0);(112.68, 24.4);(113.09, 23.6);(113.09, 24.0);(113.09, 24.4);(113.09, 24.8);(113.5, 23.6);(113.5, 24.0);(113.5, 24.4);(113.5, 24.8);(113.91, 24.0);(113.91, 24.4)",True
59097,2024-06-16 10:00:00,10.8,SURF,True,EXTREME_TYPE1,1264,10,10,"(113.5, 24.0);(113.91, 23.6);(113.91, 24.0);(113.91, 24.4);(114.32, 23.6);(114.32, 24.0);(114.32, 24.4);(114.73, 23.6);(114.73, 24.0);(114.73, 24.4)",True
59114,2024-06-18 21:00:00,1.8,SURF,True,EXTREME_TYPE1,384,10,10,"(115.55, 24.4);(115.55, 24.8);(115.95, 24.0);(115.95, 24.4);(115.95, 24.8);(116.36, 24.0);(116.36, 24.4);(116.36, 24.8);(116.77, 24.4);(116.77, 24.8)",True
59653,2024-06-23 20:00:00,12.0,SURF,True,EXTREME_TYPE1,1040,11,11,"(110.23, 21.6);(110.23, 22.0);(110.64, 21.6);(110.64, 22.0);(110.64, 22.4);(111.05, 21.6);(111.05, 22.0);(111.05, 22.4);(111.45, 21.6);(111.45, 22.0);(111.45, 22.4)",True
59316,2024-06-27 05:00:00,20.3,SURF,True,EXTREME_TYPE1,749,12,12,"(115.95, 23.2);(115.95, 23.6);(116.36, 22.8);(116.36, 23.2);(116.36, 23.6);(116.36, 24.0);(116.77, 22.8);(116.77, 23.2);(116.77, 23.6);(116.77, 24.0);(117.18, 23.2);(117.18, 23.6)",True
59502,2024-06-30 03:00:00,6.7,SURF,True,EXTREME_TYPE1,1751,12,12,"(115.14, 22.8);(115.14, 23.2);(115.55, 22.4);(115.55, 22.8);(115.55, 23.2);(115.55, 23.6);(115.95, 22.4);(115.95, 22.8);(115.95, 23.2);(115.95, 23.6);(116.36, 22.8);(116.36, 23.2)",True
59500,2024-07-01 06:00:00,65.5,SURF,True,EXTREME_TYPE1,1937,12,12,"(114.73, 22.8);(114.73, 23.2);(115.14, 22.4);(115.14, 22.8);(115.14, 23.2);(115.14, 23.6);(115.55, 22.4);(115.55, 22.8);(115.55, 23.2);(115.55, 23.6);(115.95, 22.8);(115.95, 23.2)",True
59082,2024-07-02 16:00:00,8.6,SURF,True,EXTREME_TYPE1,1177,12,12,"(113.09, 24.4);(113.09, 24.8);(113.09, 25.2);(113.5, 24.0);(113.5, 24.4);(113.5, 24.8);(113.5, 25.2);(113.91, 24.4);(113.91, 24.8);(113.91, 25.2);(114.32, 24.4);(114.32, 24.8)",True
59654,2024-07-08 19:00:00,35.1,SURF,True,EXTREME_TYPE1,1099,10,10,"(109.82, 21.2);(109.82, 21.6);(109.82, 22.0);(110.23, 21.2);(110.23, 21.6);(110.23, 22.0);(110.64, 21.2);(110.64, 21.6);(110.64, 22.0);(111.05, 21.6)",True
59074,2024-07-18 17:00:00,7.7,SURF,True,EXTREME_TYPE1,959,9,9,"(111.86, 24.0);(111.86, 24.4);(111.86, 24.8);(112.27, 24.0);(112.27, 24.4);(112.27, 24.8);(112.27, 25.2);(112.68, 24.4);(112.68, 24.8)",True
59306,2024-07-26 12:00:00,28.8,SURF,True,EXTREME_TYPE1,1956,12,12,"(115.14, 23.2);(115.14, 23.6);(115.55, 22.8);(115.55, 23.2);(115.55, 23.6);(115.55, 24.0);(115.95, 22.8);(115.95, 23.2);(115.95, 23.6);(115.95, 24.0);(116.36, 23.2);(116.36, 23.6)",True
59315,2024-07-26 12:00:00,57.4,SURF,True,EXTREME_TYPE1,717,10,10,"(115.95, 23.2);(115.95, 23.6);(115.95, 24.0);(116.36, 23.2);(116.36, 23.6);(116.36, 24.0);(116.77, 23.2);(116.77, 23.6);(116.77, 24.0);(117.18, 23.6)",True
59099,2024-07-26 14:00:00,61.6,SURF,True,EXTREME_TYPE1,841,10,10,"(114.32, 24.4);(114.32, 24.8);(114.73, 24.0);(114.73, 24.4);(114.73, 24.8);(115.14, 24.0);(115.14, 24.4);(115.14, 24.8);(115.55, 24.4);(115.55, 24.8)",True
59107,2024-07-26 15:00:00,53.3,SURF,True,EXTREME_TYPE1,1294,12,12,"(114.73, 23.6);(114.73, 24.0);(114.73, 24.4);(115.14, 23.6);(115.14, 24.0);(115.14, 24.4);(115.14, 24.8);(115.55, 23.6);(115.55, 24.0);(115.55, 24.4);(115.95, 24.0);(115.95, 24.4)",True
59306,2024-07-26 18:00:00,46.1,SURF,True,EXTREME_TYPE1,1969,12,12,"(115.14, 23.2);(115.14, 23.6);(115.55, 22.8);(115.55, 23.2);(115.55, 23.6);(115.55, 24.0);(115.95, 22.8);(115.95, 23.2);(115.95, 23.6);(115.95, 24.0);(116.36, 23.2);(116.36, 23.6)",True
59481,2024-07-26 18:00:00,64.8,SURF,True,EXTREME_TYPE1,5802,12,12,"(112.68, 22.8);(112.68, 23.2);(113.09, 22.4);(113.09, 22.8);(113.09, 23.2);(113.09, 23.6);(113.5, 22.4);(113.5, 22.8);(113.5, 23.2);(113.5, 23.6);(113.91, 22.8);(113.91, 23.2)",True
59279,2024-07-27 07:00:00,51.2,SURF,True,EXTREME_TYPE1,4344,12,12,"(112.27, 22.8);(112.27, 23.2);(112.27, 23.6);(112.68, 22.8);(112.68, 23.2);(112.68, 23.6);(113.09, 22.8);(113.09, 23.2);(113.09, 23.6);(113.5, 22.8);(113.5, 23.2);(113.5, 23.6)",True
59288,2024-07-27 08:00:00,63.2,SURF,True,EXTREME_TYPE1,4335,10,10,"(112.27, 23.2);(112.68, 22.8);(112.68, 23.2);(112.68, 23.6);(113.09, 22.8);(113.09, 23.2);(113.09, 23.6);(113.5, 22.8);(113.5, 23.2);(113.5, 23.6)",True
59294,2024-07-27 09:00:00,71.2,SURF,True,EXTREME_TYPE1,2154,11,11,"(113.09, 23.2);(113.5, 22.8);(113.5, 23.2);(113.5, 23.6);(113.91, 22.8);(113.91, 23.2);(113.91, 23.6);(113.91, 24.0);(114.32, 22.8);(114.32, 23.2);(114.32, 23.6)",True
59310,2024-07-27 10:00:00,33.2,SURF,True,EXTREME_TYPE1,1291,12,12,"(115.55, 23.6);(115.55, 24.0);(115.95, 23.2);(115.95, 23.6);(115.95, 24.0);(115.95, 24.4);(116.36, 23.2);(116.36, 23.6);(116.36, 24.0);(116.36, 24.4);(116.77, 23.6);(116.77, 24.0)",True
59298,2024-07-28 09:00:00,6.7,SURF,True,EXTREME_TYPE1,1578,11,11,"(113.91, 22.8);(113.91, 23.2);(113.91, 23.6);(114.32, 22.4);(114.32, 22.8);(114.32, 23.2);(114.32, 23.6);(114.73, 22.8);(114.73, 23.2);(114.73, 23.6);(115.14, 23.2)",True
59317,2024-07-28 13:00:00,20.1,SURF,True,EXTREME_TYPE1,1310,9,9,"(115.95, 22.4);(115.95, 22.8);(115.95, 23.2);(115.95, 23.6);(116.36, 22.8);(116.36, 23.2);(116.36, 23.6);(116.77, 22.8);(116.77, 23.2)",True
59072,2024-07-28 21:00:00,62.2,SURF,True,EXTREME_TYPE1,1151,9,9,"(111.86, 24.4);(111.86, 24.8);(112.27, 24.4);(112.27, 24.8);(112.27, 25.2);(112.68, 24.4);(112.68, 24.8);(112.68, 25.2);(113.09, 24.8)",True
59673,2024-07-28 21:00:00,105.9,SURF,True,EXTREME_TYPE1,479,8,7,"(112.27, 21.6);(112.27, 22.0);(112.68, 21.6);(112.68, 22.0);(112.68, 22.4);(113.09, 21.6);(113.09, 22.0)",True
59471,2024-07-29 08:00:00,21.5,SURF,True,EXTREME_TYPE1,4120,12,12,"(111.45, 22.8);(111.45, 23.2);(111.86, 22.4);(111.86, 22.8);(111.86, 23.2);(111.86, 23.6);(112.27, 22.4);(112.27, 22.8);(112.27, 23.2);(112.27, 23.6);(112.68, 22.8);(112.68, 23.2)",True
59306,2024-07-29 14:00:00,3.1,SURF,True,EXTREME_TYPE1,1997,12,12,"(115.14, 23.2);(115.14, 23.6);(115.55, 22.8);(115.55, 23.2);(115.55, 23.6);(115.55, 24.0);(115.95, 22.8);(115.95, 23.2);(115.95, 23.6);(115.95, 24.0);(116.36, 23.2);(116.36, 23.6)",True
59650,2024-07-29 19:00:00,43.1,SURF,True,EXTREME_TYPE1,1014,11,11,"(109.82, 21.2);(109.82, 21.6);(109.82, 22.0);(110.23, 20.8);(110.23, 21.2);(110.23, 21.6);(110.23, 22.0);(110.64, 20.8);(110.64, 21.2);(110.64, 21.6);(110.64, 22.0)",True
59493,2024-07-31 10:00:00,2.3,SURF,True,EXTREME_TYPE1,2270,13,13,"(113.5, 22.0);(113.5, 22.4);(113.5, 22.8);(113.91, 22.0);(113.91, 22.4);(113.91, 22.8);(113.91, 23.2);(114.32, 22.0);(114.32, 22.4);(114.32, 22.8);(114.32, 23.2);(114.73, 22.4);(114.73, 22.8)",True
59314,2024-08-04 18:00:00,69.1,SURF,True,EXTREME_TYPE1,1473,12,12,"(115.55, 23.2);(115.55, 23.6);(115.95, 22.8);(115.95, 23.2);(115.95, 23.6);(115.95, 24.0);(116.36, 22.8);(116.36, 23.2);(116.36, 23.6);(116.36, 24.0);(116.77, 23.2);(116.77, 23.6)",True
59485,2024-08-06 15:00:00,37.6,SURF,True,EXTREME_TYPE1,5635,12,12,"(112.68, 22.4);(112.68, 22.8);(113.09, 22.0);(113.09, 22.4);(113.09, 22.8);(113.5, 22.0);(113.5, 22.4);(113.5, 22.8);(113.5, 23.2);(113.91, 22.0);(113.91, 22.4);(113.91, 22.8)",True
59081,2024-08-11 21:00:00,61.0,SURF,True,EXTREME_TYPE1,989,12,12,"(112.68, 24.4);(112.68, 24.8);(112.68, 25.2);(113.09, 24.4);(113.09, 24.8);(113.09, 25.2);(113.5, 24.4);(113.5, 24.8);(113.5, 25.2);(113.91, 24.4);(113.91, 24.8);(113.91, 25.2)",True
59314,2024-08-12 20:00:00,61.1,SURF,True,EXTREME_TYPE1,1457,12,12,"(115.55, 23.2);(115.55, 23.6);(115.95, 22.8);(115.95, 23.2);(115.95, 23.6);(115.95, 24.0);(116.36, 22.8);(116.36, 23.2);(116.36, 23.6);(116.36, 24.0);(116.77, 23.2);(116.77, 23.6)",True
59486,2024-08-15 12:00:00,63.3,SURF,True,EXTREME_TYPE1,3769,10,10,"(113.5, 22.4);(113.5, 22.8);(113.5, 23.2);(113.91, 22.0);(113.91, 22.4);(113.91, 22.8);(113.91, 23.2);(114.32, 22.4);(114.32, 22.8);(114.32, 23.2)",True
59493,2024-08-15 12:00:00,42.3,SURF,True,EXTREME_TYPE1,2269,13,13,"(113.5, 22.0);(113.5, 22.4);(113.5, 22.8);(113.91, 22.0);(113.91, 22.4);(113.91, 22.8);(113.91, 23.2);(114.32, 22.0);(114.32, 22.4);(114.32, 22.8);(114.32, 23.2);(114.73, 22.4);(114.73, 22.8)",True
59071,2024-08-15 18:00:00,61.3,SURF,True,EXTREME_TYPE1,624,8,8,"(111.86, 24.4);(111.86, 24.8);(112.27, 24.4);(112.27, 24.8);(112.27, 25.2);(112.68, 24.4);(112.68, 24.8);(112.68, 25.2)",True
59488,2024-08-16 13:00:00,57.6,SURF,True,EXTREME_TYPE1,2203,11,11,"(113.09, 22.0);(113.09, 22.4);(113.09, 22.8);(113.5, 21.6);(113.5, 22.0);(113.5, 22.4);(113.5, 22.8);(113.91, 22.0);(113.91, 22.4);(113.91, 22.8);(114.32, 22.4)",True
59317,2024-08-20 04:00:00,38.6,SURF,True,EXTREME_TYPE1,1287,9,9,"(115.95, 22.4);(115.95, 22.8);(115.95, 23.2);(115.95, 23.6);(116.36, 22.8);(116.36, 23.2);(116.36, 23.6);(116.77, 22.8);(116.77, 23.2)",True
59502,2024-08-21 03:00:00,30.6,SURF,True,EXTREME_TYPE1,1743,12,12,"(115.14, 22.8);(115.14, 23.2);(115.55, 22.4);(115.55, 22.8);(115.55, 23.2);(115.55, 23.6);(115.95, 22.4);(115.95, 22.8);(115.95, 23.2);(115.95, 23.6);(116.36, 22.8);(116.36, 23.2)",True
59298,2024-08-21 04:00:00,20.1,SURF,True,EXTREME_TYPE1,1581,11,11,"(113.91, 22.8);(113.91, 23.2);(113.91, 23.6);(114.32, 22.4);(114.32, 22.8);(114.32, 23.2);(114.32, 23.6);(114.73, 22.8);(114.73, 23.2);(114.73, 23.6);(115.14, 23.2)",True
59298,2024-08-21 06:00:00,17.4,SURF,True,EXTREME_TYPE1,1579,11,11,"(113.91, 22.8);(113.91, 23.2);(113.91, 23.6);(114.32, 22.4);(114.32, 22.8);(114.32, 23.2);(114.32, 23.6);(114.73, 22.8);(114.73, 23.2);(114.73, 23.6);(115.14, 23.2)",True
59502,2024-08-21 07:00:00,8.6,SURF,True,EXTREME_TYPE1,1725,12,12,"(115.14, 22.8);(115.14, 23.2);(115.55, 22.4);(115.55, 22.8);(115.55, 23.2);(115.55, 23.6);(115.95, 22.4);(115.95, 22.8);(115.95, 23.2);(115.95, 23.6);(116.36, 22.8);(116.36, 23.2)",True
59285,2024-08-21 13:00:00,69.5,SURF,True,EXTREME_TYPE1,2132,10,10,"(113.09, 23.2);(113.09, 23.6);(113.09, 24.0);(113.5, 23.2);(113.5, 23.6);(113.5, 24.0);(113.91, 23.2);(113.91, 23.6);(113.91, 24.0);(114.32, 23.6)",True
59298,2024-08-21 13:00:00,7.5,SURF,True,EXTREME_TYPE1,1587,11,11,"(113.91, 22.8);(113.91, 23.2);(113.91, 23.6);(114.32, 22.4);(114.32, 22.8);(114.32, 23.2);(114.32, 23.6);(114.73, 22.8);(114.73, 23.2);(114.73, 23.6);(115.14, 23.2)",True
59500,2024-08-25 14:00:00,21.4,SURF,True,EXTREME_TYPE1,1920,12,12,"(114.73, 22.8);(114.73, 23.2);(115.14, 22.4);(115.14, 22.8);(115.14, 23.2);(115.14, 23.6);(115.55, 22.4);(115.55, 22.8);(115.55, 23.2);(115.55, 23.6);(115.95, 22.8);(115.95, 23.2)",True
59304,2024-08-25 17:00:00,55.4,SURF,True,EXTREME_TYPE1,1494,9,9,"(114.73, 23.2);(114.73, 23.6);(114.73, 24.0);(115.14, 23.2);(115.14, 23.6);(115.14, 24.0);(115.55, 23.2);(115.55, 23.6);(115.55, 24.0)",True
59279,2024-08-25 19:00:00,48.0,SURF,True,EXTREME_TYPE1,4469,12,12,"(112.27, 22.8);(112.27, 23.2);(112.27, 23.6);(112.68, 22.8);(112.68, 23.2);(112.68, 23.6);(113.09, 22.8);(113.09, 23.2);(113.09, 23.6);(113.5, 22.8);(113.5, 23.2);(113.5, 23.6)",True
59290,2024-08-27 16:00:00,20.5,SURF,True,EXTREME_TYPE1,1362,11,11,"(113.5, 23.6);(113.91, 23.2);(113.91, 23.6);(113.91, 24.0);(113.91, 24.4);(114.32, 23.2);(114.32, 23.6);(114.32, 24.0);(114.32, 24.4);(114.73, 23.6);(114.73, 24.0)",True
59306,2024-08-29 17:00:00,10.3,SURF,True,EXTREME_TYPE1,1970,12,12,"(115.14, 23.2);(115.14, 23.6);(115.55, 22.8);(115.55, 23.2);(115.55, 23.6);(115.55, 24.0);(115.95, 22.8);(115.95, 23.2);(115.95, 23.6);(115.95, 24.0);(116.36, 23.2);(116.36, 23.6)",True
59473,2024-08-29 17:00:00,52.2,SURF,True,EXTREME_TYPE1,6443,10,10,"(112.27, 22.8);(112.68, 22.4);(112.68, 22.8);(112.68, 23.2);(113.09, 22.4);(113.09, 22.8);(113.09, 23.2);(113.5, 22.4);(113.5, 22.8);(113.5, 23.2)",True
59481,2024-08-29 18:00:00,39.3,SURF,True,EXTREME_TYPE1,5825,12,12,"(112.68, 22.8);(112.68, 23.2);(113.09, 22.4);(113.09, 22.8);(113.09, 23.2);(113.09, 23.6);(113.5, 22.4);(113.5, 22.8);(113.5, 23.2);(113.5, 23.6);(113.91, 22.8);(113.91, 23.2)",True
59500,2024-08-29 19:00:00,41.5,SURF,True,EXTREME_TYPE1,1913,12,12,"(114.73, 22.8);(114.73, 23.2);(115.14, 22.4);(115.14, 22.8);(115.14, 23.2);(115.14, 23.6);(115.55, 22.4);(115.55, 22.8);(115.55, 23.2);(115.55, 23.6);(115.95, 22.8);(115.95, 23.2)",True
59271,2024-08-29 21:00:00,51.2,SURF,True,EXTREME_TYPE1,1714,11,11,"(111.86, 23.2);(111.86, 23.6);(111.86, 24.0);(112.27, 23.2);(112.27, 23.6);(112.27, 24.0);(112.68, 23.2);(112.68, 23.6);(112.68, 24.0);(113.09, 23.6);(113.09, 24.0)",True
59288,2024-08-30 14:00:00,10.6,SURF,True,EXTREME_TYPE1,4477,10,10,"(112.27, 23.2);(112.68, 22.8);(112.68, 23.2);(112.68, 23.6);(113.09, 22.8);(113.09, 23.2);(113.09, 23.6);(113.5, 22.8);(113.5, 23.2);(113.5, 23.6)",True
59288,2024-08-30 19:00:00,21.3,SURF,True,EXTREME_TYPE1,4475,10,10,"(112.27, 23.2);(112.68, 22.8);(112.68, 23.2);(112.68, 23.6);(113.09, 22.8);(113.09, 23.2);(113.09, 23.6);(113.5, 22.8);(113.5, 23.2);(113.5, 23.6)",True
59475,2024-09-05 18:00:00,7.1,SURF,True,EXTREME_TYPE1,6267,9,9,"(112.27, 22.0);(112.27, 22.4);(112.27, 22.8);(112.68, 22.0);(112.68, 22.4);(112.68, 22.8);(113.09, 22.0);(113.09, 22.4);(113.09, 22.8)",True
59314,2024-09-06 00:00:00,1.4,SURF,True,EXTREME_TYPE1,1445,12,12,"(115.55, 23.2);(115.55, 23.6);(115.95, 22.8);(115.95, 23.2);(115.95, 23.6);(115.95, 24.0);(116.36, 22.8);(116.36, 23.2);(116.36, 23.6);(116.36, 24.0);(116.77, 23.2);(116.77, 23.6)",True
59650,2024-09-06 19:00:00,5.1,SURF,True,EXTREME_TYPE1,1003,11,11,"(109.82, 21.2);(109.82, 21.6);(109.82, 22.0);(110.23, 20.8);(110.23, 21.2);(110.23, 21.6);(110.23, 22.0);(110.64, 20.8);(110.64, 21.2);(110.64, 21.6);(110.64, 22.0)",True
59470,2024-09-06 20:00:00,6.6,SURF,True,EXTREME_TYPE1,4118,10,10,"(111.45, 22.8);(111.86, 22.4);(111.86, 22.8);(111.86, 23.2);(112.27, 22.4);(112.27, 22.8);(112.27, 23.2);(112.68, 22.4);(112.68, 22.8);(112.68, 23.2)",True
59476,2024-09-13 20:00:00,10.2,SURF,True,EXTREME_TYPE1,7114,11,11,"(112.27, 22.4);(112.68, 22.0);(112.68, 22.4);(112.68, 22.8);(113.09, 22.0);(113.09, 22.4);(113.09, 22.8);(113.09, 23.2);(113.5, 22.0);(113.5, 22.4);(113.5, 22.8)",True
59456,2024-09-14 14:00:00,81.1,SURF,True,EXTREME_TYPE1,959,10,10,"(110.23, 22.4);(110.64, 22.0);(110.64, 22.4);(110.64, 22.8);(111.05, 22.0);(111.05, 22.4);(111.05, 22.8);(111.45, 22.0);(111.45, 22.4);(111.45, 22.8)",True
59284,2024-09-14 16:00:00,54.2,SURF,True,EXTREME_TYPE1,3588,12,12,"(112.68, 23.2);(112.68, 23.6);(113.09, 22.8);(113.09, 23.2);(113.09, 23.6);(113.09, 24.0);(113.5, 22.8);(113.5, 23.2);(113.5, 23.6);(113.5, 24.0);(113.91, 23.2);(113.91, 23.6)",True
59285,2024-09-14 16:00:00,5.9,SURF,True,EXTREME_TYPE1,2214,10,10,"(113.09, 23.2);(113.09, 23.6);(113.09, 24.0);(113.5, 23.2);(113.5, 23.6);(113.5, 24.0);(113.91, 23.2);(113.91, 23.6);(113.91, 24.0);(114.32, 23.6)",True
59106,2024-09-14 21:00:00,34.0,SURF,True,EXTREME_TYPE1,623,10,10,"(115.14, 24.4);(115.14, 24.8);(115.55, 24.0);(115.55, 24.4);(115.55, 24.8);(115.95, 24.0);(115.95, 24.4);(115.95, 24.8);(116.36, 24.4);(116.36, 24.8)",True
59492,2024-09-17 21:00:00,62.0,SURF,True,EXTREME_TYPE1,1414,11,11,"(114.32, 22.4);(114.32, 22.8);(114.32, 23.2);(114.32, 23.6);(114.73, 22.4);(114.73, 22.8);(114.73, 23.2);(114.73, 23.6);(115.14, 22.8);(115.14, 23.2);(115.14, 23.6)",True
59289,2024-09-17 23:00:00,27.9,SURF,True,EXTREME_TYPE1,3795,12,12,"(113.09, 22.8);(113.09, 23.2);(113.5, 22.4);(113.5, 22.8);(113.5, 23.2);(113.5, 23.6);(113.91, 22.4);(113.91, 22.8);(113.91, 23.2);(113.91, 23.6);(114.32, 22.8);(114.32, 23.2)",True
59288,2024-09-21 13:00:00,6.5,SURF,True,EXTREME_TYPE1,4493,10,10,"(112.27, 23.2);(112.68, 22.8);(112.68, 23.2);(112.68, 23.6);(113.09, 22.8);(113.09, 23.2);(113.09, 23.6);(113.5, 22.8);(113.5, 23.2);(113.5, 23.6)",True
59315,2024-09-22 13:00:00,21.9,SURF,True,EXTREME_TYPE1,722,10,10,"(115.95, 23.2);(115.95, 23.6);(115.95, 24.0);(116.36, 23.2);(116.36, 23.6);(116.36, 24.0);(116.77, 23.2);(116.77, 23.6);(116.77, 24.0);(117.18, 23.6)",True
59116,2024-09-22 14:00:00,60.2,SURF,True,EXTREME_TYPE1,340,9,9,"(115.95, 24.4);(116.36, 24.0);(116.36, 24.4);(116.36, 24.8);(116.77, 24.0);(116.77, 24.4);(116.77, 24.8);(117.18, 24.0);(117.18, 24.4)",True
59324,2024-09-23 05:00:00,14.6,SURF,True,EXTREME_TYPE1,225,10,10,"(116.36, 23.2);(116.36, 23.6);(116.77, 22.8);(116.77, 23.2);(116.77, 23.6);(116.77, 24.0);(117.18, 23.2);(117.18, 23.6);(117.18, 24.0);(117.59, 23.6)",True
59306,2024-09-23 20:00:00,27.5,SURF,True,EXTREME_TYPE1,1960,12,12,"(115.14, 23.2);(115.14, 23.6);(115.55, 22.8);(115.55, 23.2);(115.55, 23.6);(115.55, 24.0);(115.95, 22.8);(115.95, 23.2);(115.95, 23.6);(115.95, 24.0);(116.36, 23.2);(116.36, 23.6)",True
59658,2024-10-17 21:00:00,35.7,SURF,True,EXTREME_TYPE1,782,10,10,"(109.82, 20.8);(109.82, 21.2);(109.82, 21.6);(110.23, 20.8);(110.23, 21.2);(110.23, 21.6);(110.64, 20.8);(110.64, 21.2);(110.64, 21.6);(111.05, 21.2)",True
59106,2024-11-25 06:00:00,4.9,SURF,True,EXTREME_TYPE1,691,10,10,"(115.14, 24.4);(115.14, 24.8);(115.55, 24.0);(115.55, 24.4);(115.55, 24.8);(115.95, 24.0);(115.95, 24.4);(115.95, 24.8);(116.36, 24.4);(116.36, 24.8)",True
59096,2025-03-03 12:00:00,3.5,SURF,True,EXTREME_TYPE1,975,12,12,"(113.91, 24.0);(113.91, 24.4);(113.91, 24.8);(114.32, 24.0);(114.32, 24.4);(114.32, 24.8);(114.73, 24.0);(114.73, 24.4);(114.73, 24.8);(115.14, 24.0);(115.14, 24.4);(115.14, 24.8)",True
59312,2025-03-04 13:00:00,29.9,SURF,True,EXTREME_TYPE1,1169,10,10,"(115.95, 23.6);(116.36, 23.2);(116.36, 23.6);(116.36, 24.0);(116.77, 23.2);(116.77, 23.6);(116.77, 24.0);(117.18, 23.2);(117.18, 23.6);(117.18, 24.0)",True
59270,2025-03-13 20:00:00,31.9,SURF,True,EXTREME_TYPE1,1390,10,10,"(111.45, 24.0);(111.86, 23.6);(111.86, 24.0);(111.86, 24.4);(112.27, 23.6);(112.27, 24.0);(112.27, 24.4);(112.68, 23.6);(112.68, 24.0);(112.68, 24.4)",True
59106,2025-03-15 03:00:00,7.0,SURF,True,EXTREME_TYPE1,929,10,10,"(115.14, 24.4);(115.14, 24.8);(115.55, 24.0);(115.55, 24.4);(115.55, 24.8);(115.95, 24.0);(115.95, 24.4);(115.95, 24.8);(116.36, 24.4);(116.36, 24.8)",True
59654,2025-03-29 01:00:00,2.6,SURF,True,EXTREME_TYPE1,1697,10,10,"(109.82, 21.2);(109.82, 21.6);(109.82, 22.0);(110.23, 21.2);(110.23, 21.6);(110.23, 22.0);(110.64, 21.2);(110.64, 21.6);(110.64, 22.0);(111.05, 21.6)",True
57988,2025-03-30 02:00:00,1.3,SURF,True,EXTREME_TYPE1,709,11,11,"(112.68, 24.8);(112.68, 25.2);(113.09, 24.8);(113.09, 25.2);(113.09, 25.6);(113.5, 24.8);(113.5, 25.2);(113.5, 25.6);(113.91, 24.8);(113.91, 25.2);(113.91, 25.6)",True
59099,2025-04-12 12:00:00,1.6,SURF,True,EXTREME_TYPE1,1152,10,10,"(114.32, 24.4);(114.32, 24.8);(114.73, 24.0);(114.73, 24.4);(114.73, 24.8);(115.14, 24.0);(115.14, 24.4);(115.14, 24.8);(115.55, 24.4);(115.55, 24.8)",True
59088,2025-04-19 16:00:00,20.6,SURF,True,EXTREME_TYPE1,1934,12,12,"(112.68, 24.0);(112.68, 24.4);(113.09, 23.6);(113.09, 24.0);(113.09, 24.4);(113.09, 24.8);(113.5, 23.6);(113.5, 24.0);(113.5, 24.4);(113.5, 24.8);(113.91, 24.0);(113.91, 24.4)",True
59082,2025-04-24 13:00:00,30.3,SURF,True,EXTREME_TYPE1,1568,12,12,"(113.09, 24.4);(113.09, 24.8);(113.09, 25.2);(113.5, 24.0);(113.5, 24.4);(113.5, 24.8);(113.5, 25.2);(113.91, 24.4);(113.91, 24.8);(113.91, 25.2);(114.32, 24.4);(114.32, 24.8)",True
59462,2025-04-25 04:00:00,11.2,SURF,True,EXTREME_TYPE1,2914,11,11,"(111.05, 22.4);(111.05, 22.8);(111.05, 23.2);(111.45, 22.4);(111.45, 22.8);(111.45, 23.2);(111.86, 22.4);(111.86, 22.8);(111.86, 23.2);(112.27, 22.4);(112.27, 22.8)",True
59673,2025-04-25 13:00:00,50.7,SURF,True,EXTREME_TYPE1,496,8,8,"(112.27, 21.6);(112.27, 22.0);(112.68, 21.6);(112.68, 22.0);(112.68, 22.4);(113.09, 21.6);(113.09, 22.0);(113.5, 21.6)",True
59655,2025-04-27 17:00:00,59.2,SURF,True,EXTREME_TYPE1,1971,10,10,"(110.23, 21.2);(110.23, 21.6);(110.23, 22.0);(110.64, 21.2);(110.64, 21.6);(110.64, 22.0);(110.64, 22.4);(111.05, 21.2);(111.05, 21.6);(111.05, 22.0)",True
59492,2025-05-06 12:00:00,85.2,SURF,True,EXTREME_TYPE1,1895,11,11,"(114.32, 22.4);(114.32, 22.8);(114.32, 23.2);(114.32, 23.6);(114.73, 22.4);(114.73, 22.8);(114.73, 23.2);(114.73, 23.6);(115.14, 22.8);(115.14, 23.2);(115.14, 23.6)",True
59476,2025-05-06 19:00:00,64.4,SURF,True,EXTREME_TYPE1,7473,11,11,"(112.27, 22.4);(112.68, 22.0);(112.68, 22.4);(112.68, 22.8);(113.09, 22.0);(113.09, 22.4);(113.09, 22.8);(113.09, 23.2);(113.5, 22.0);(113.5, 22.4);(113.5, 22.8)",True
59280,2025-05-09 07:00:00,44.8,SURF,True,EXTREME_TYPE1,2450,10,10,"(112.68, 23.2);(112.68, 23.6);(112.68, 24.0);(113.09, 23.2);(113.09, 23.6);(113.09, 24.0);(113.09, 24.4);(113.5, 23.2);(113.5, 23.6);(113.5, 24.0)",True
59278,2025-05-09 08:00:00,25.1,SURF,True,EXTREME_TYPE1,6311,12,12,"(111.86, 22.8);(111.86, 23.2);(112.27, 22.4);(112.27, 22.8);(112.27, 23.2);(112.27, 23.6);(112.68, 22.4);(112.68, 22.8);(112.68, 23.2);(112.68, 23.6);(113.09, 22.8);(113.09, 23.2)",True
59654,2025-05-17 18:00:00,32.4,SURF,True,EXTREME_TYPE1,1698,10,10,"(109.82, 21.2);(109.82, 21.6);(109.82, 22.0);(110.23, 21.2);(110.23, 21.6);(110.23, 22.0);(110.64, 21.2);(110.64, 21.6);(110.64, 22.0);(111.05, 21.6)",True
59456,2025-05-18 05:00:00,71.4,SURF,True,EXTREME_TYPE1,1529,10,10,"(110.23, 22.4);(110.64, 22.0);(110.64, 22.4);(110.64, 22.8);(111.05, 22.0);(111.05, 22.4);(111.05, 22.8);(111.45, 22.0);(111.45, 22.4);(111.45, 22.8)",True
59655,2025-05-19 13:00:00,43.9,SURF,True,EXTREME_TYPE1,1950,10,10,"(110.23, 21.2);(110.23, 21.6);(110.23, 22.0);(110.64, 21.2);(110.64, 21.6);(110.64, 22.0);(110.64, 22.4);(111.05, 21.2);(111.05, 21.6);(111.05, 22.0)",True
59081,2025-05-19 15:00:00,20.3,SURF,True,EXTREME_TYPE1,1324,12,12,"(112.68, 24.4);(112.68, 24.8);(112.68, 25.2);(113.09, 24.4);(113.09, 24.8);(113.09, 25.2);(113.5, 24.4);(113.5, 24.8);(113.5, 25.2);(113.91, 24.4);(113.91, 24.8);(113.91, 25.2)",True
59750,2025-05-24 07:00:00,32.8,SURF,True,EXTREME_TYPE1,1311,11,11,"(109.41, 21.2);(109.82, 20.4);(109.82, 20.8);(109.82, 21.2);(109.82, 21.6);(110.23, 20.4);(110.23, 20.8);(110.23, 21.2);(110.23, 21.6);(110.64, 20.8);(110.64, 21.2)",True
59658,2025-05-28 17:00:00,6.0,SURF,True,EXTREME_TYPE1,1055,10,10,"(109.82, 20.8);(109.82, 21.2);(109.82, 21.6);(110.23, 20.8);(110.23, 21.2);(110.23, 21.6);(110.64, 20.8);(110.64, 21.2);(110.64, 21.6);(111.05, 21.2)",True
59312,2025-05-29 14:00:00,12.4,SURF,True,EXTREME_TYPE1,1173,10,10,"(115.95, 23.6);(116.36, 23.2);(116.36, 23.6);(116.36, 24.0);(116.77, 23.2);(116.77, 23.6);(116.77, 24.0);(117.18, 23.2);(117.18, 23.6);(117.18, 24.0)",True
59285,2025-06-03 00:00:00,65.1,SURF,True,EXTREME_TYPE1,2899,10,10,"(113.09, 23.2);(113.09, 23.6);(113.09, 24.0);(113.5, 23.2);(113.5, 23.6);(113.5, 24.0);(113.91, 23.2);(113.91, 23.6);(113.91, 24.0);(114.32, 23.6)",True
59087,2025-06-10 18:00:00,59.6,SURF,True,EXTREME_TYPE1,1966,10,10,"(113.09, 23.6);(113.09, 24.0);(113.09, 24.4);(113.5, 23.2);(113.5, 23.6);(113.5, 24.0);(113.5, 24.4);(113.91, 23.6);(113.91, 24.0);(113.91, 24.4)",True
57988,2025-06-11 23:00:00,16.0,SURF,True,EXTREME_TYPE1,710,11,11,"(112.68, 24.8);(112.68, 25.2);(113.09, 24.8);(113.09, 25.2);(113.09, 25.6);(113.5, 24.8);(113.5, 25.2);(113.5, 25.6);(113.91, 24.8);(113.91, 25.2);(113.91, 25.6)",True
59750,2025-06-12 08:00:00,13.1,SURF,True,EXTREME_TYPE1,1299,11,11,"(109.41, 21.2);(109.82, 20.4);(109.82, 20.8);(109.82, 21.2);(109.82, 21.6);(110.23, 20.4);(110.23, 20.8);(110.23, 21.2);(110.23, 21.6);(110.64, 20.8);(110.64, 21.2)",True
59106,2025-06-12 18:00:00,34.3,SURF,True,EXTREME_TYPE1,956,10,10,"(115.14, 24.4);(115.14, 24.8);(115.55, 24.0);(115.55, 24.4);(115.55, 24.8);(115.95, 24.0);(115.95, 24.4);(115.95, 24.8);(116.36, 24.4);(116.36, 24.8)",True
59480,2025-06-14 15:00:00,35.6,SURF,True,EXTREME_TYPE1,6354,10,10,"(112.68, 22.4);(112.68, 22.8);(112.68, 23.2);(113.09, 22.4);(113.09, 22.8);(113.09, 23.2);(113.5, 22.4);(113.5, 22.8);(113.5, 23.2);(113.91, 22.8)",True
59456,2025-06-14 22:00:00,5.9,SURF,True,EXTREME_TYPE1,1521,10,10,"(110.23, 22.4);(110.64, 22.0);(110.64, 22.4);(110.64, 22.8);(111.05, 22.0);(111.05, 22.4);(111.05, 22.8);(111.45, 22.0);(111.45, 22.4);(111.45, 22.8)",True
59462,2025-06-15 05:00:00,35.1,SURF,True,EXTREME_TYPE1,2892,11,11,"(111.05, 22.4);(111.05, 22.8);(111.05, 23.2);(111.45, 22.4);(111.45, 22.8);(111.45, 23.2);(111.86, 22.4);(111.86, 22.8);(111.86, 23.2);(112.27, 22.4);(112.27, 22.8)",True
59270,2025-06-15 06:00:00,51.7,SURF,True,EXTREME_TYPE1,1424,10,10,"(111.45, 24.0);(111.86, 23.6);(111.86, 24.0);(111.86, 24.4);(112.27, 23.6);(112.27, 24.0);(112.27, 24.4);(112.68, 23.6);(112.68, 24.0);(112.68, 24.4)",True
59271,2025-06-15 08:00:00,6.4,SURF,True,EXTREME_TYPE1,2194,11,11,"(111.86, 23.2);(111.86, 23.6);(111.86, 24.0);(112.27, 23.2);(112.27, 23.6);(112.27, 24.0);(112.68, 23.2);(112.68, 23.6);(112.68, 24.0);(113.09, 23.6);(113.09, 24.0)",True
59090,2025-06-15 12:00:00,4.0,SURF,True,EXTREME_TYPE1,486,12,12,"(113.5, 24.8);(113.5, 25.2);(113.91, 24.4);(113.91, 24.8);(113.91, 25.2);(113.91, 25.6);(114.32, 24.4);(114.32, 24.8);(114.32, 25.2);(114.32, 25.6);(114.73, 24.8);(114.73, 25.2)",True
59270,2025-06-16 09:00:00,23.3,SURF,True,EXTREME_TYPE1,1431,10,10,"(111.45, 24.0);(111.86, 23.6);(111.86, 24.0);(111.86, 24.4);(112.27, 23.6);(112.27, 24.0);(112.27, 24.4);(112.68, 23.6);(112.68, 24.0);(112.68, 24.4)",True
59270,2025-06-16 10:00:00,83.1,SURF,True,EXTREME_TYPE1,1427,10,10,"(111.45, 24.0);(111.86, 23.6);(111.86, 24.0);(111.86, 24.4);(112.27, 23.6);(112.27, 24.0);(112.27, 24.4);(112.68, 23.6);(112.68, 24.0);(112.68, 24.4)",True
59477,2025-06-17 01:00:00,10.8,SURF,True,EXTREME_TYPE1,5030,10,10,"(111.86, 22.0);(111.86, 22.4);(111.86, 22.8);(112.27, 21.6);(112.27, 22.0);(112.27, 22.4);(112.27, 22.8);(112.68, 22.0);(112.68, 22.4);(112.68, 22.8)",True
59663,2025-06-17 05:00:00,50.8,SURF,True,EXTREME_TYPE1,1666,11,11,"(111.45, 21.6);(111.45, 22.0);(111.86, 21.2);(111.86, 21.6);(111.86, 22.0);(111.86, 22.4);(112.27, 21.6);(112.27, 22.0);(112.27, 22.4);(112.68, 21.6);(112.68, 22.0)",True
59487,2025-06-17 06:00:00,55.4,SURF,True,EXTREME_TYPE1,4220,12,12,"(112.68, 22.0);(112.68, 22.4);(113.09, 21.6);(113.09, 22.0);(113.09, 22.4);(113.09, 22.8);(113.5, 21.6);(113.5, 22.0);(113.5, 22.4);(113.5, 22.8);(113.91, 22.0);(113.91, 22.4)",True
59664,2025-06-17 08:00:00,37.9,SURF,True,EXTREME_TYPE1,1866,10,10,"(110.23, 21.6);(110.64, 21.2);(110.64, 21.6);(110.64, 22.0);(111.05, 21.2);(111.05, 21.6);(111.05, 22.0);(111.45, 21.2);(111.45, 21.6);(111.45, 22.0)",True
59294,2025-06-17 18:00:00,15.0,SURF,True,EXTREME_TYPE1,2895,11,11,"(113.09, 23.2);(113.5, 22.8);(113.5, 23.2);(113.5, 23.6);(113.91, 22.8);(113.91, 23.2);(113.91, 23.6);(113.91, 24.0);(114.32, 22.8);(114.32, 23.2);(114.32, 23.6)",True
59654,2025-06-18 00:00:00,63.5,SURF,True,EXTREME_TYPE1,1641,10,10,"(109.82, 21.2);(109.82, 21.6);(109.82, 22.0);(110.23, 21.2);(110.23, 21.6);(110.23, 22.0);(110.64, 21.2);(110.64, 21.6);(110.64, 22.0);(111.05, 21.6)",True
59653,2025-06-18 02:00:00,54.8,SURF,True,EXTREME_TYPE1,1716,11,11,"(110.23, 21.6);(110.23, 22.0);(110.64, 21.6);(110.64, 22.0);(110.64, 22.4);(111.05, 21.6);(111.05, 22.0);(111.05, 22.4);(111.45, 21.6);(111.45, 22.0);(111.45, 22.4)",True
59469,2025-06-18 04:00:00,18.4,SURF,True,EXTREME_TYPE1,2329,11,11,"(111.05, 22.0);(111.45, 21.6);(111.45, 22.0);(111.45, 22.4);(111.86, 21.6);(111.86, 22.0);(111.86, 22.4);(111.86, 22.8);(112.27, 21.6);(112.27, 22.0);(112.27, 22.4)",True
59099,2025-07-01 15:00:00,50.1,SURF,True,EXTREME_TYPE1,1173,10,9,"(114.32, 24.4);(114.32, 24.8);(114.73, 24.0);(114.73, 24.4);(114.73, 24.8);(115.14, 24.0);(115.14, 24.4);(115.14, 24.8);(115.55, 24.4)",True
59081,2025-07-01 16:00:00,15.9,SURF,True,EXTREME_TYPE1,1327,12,12,"(112.68, 24.4);(112.68, 24.8);(112.68, 25.2);(113.09, 24.4);(113.09, 24.8);(113.09, 25.2);(113.5, 24.4);(113.5, 24.8);(113.5, 25.2);(113.91, 24.4);(113.91, 24.8);(113.91, 25.2)",True
59290,2025-07-03 07:00:00,5.6,SURF,True,EXTREME_TYPE1,2002,11,11,"(113.5, 23.6);(113.91, 23.2);(113.91, 23.6);(113.91, 24.0);(113.91, 24.4);(114.32, 23.2);(114.32, 23.6);(114.32, 24.0);(114.32, 24.4);(114.73, 23.6);(114.73, 24.0)",True
59663,2025-07-05 23:00:00,35.4,SURF,True,EXTREME_TYPE1,1718,11,11,"(111.45, 21.6);(111.45, 22.0);(111.86, 21.2);(111.86, 21.6);(111.86, 22.0);(111.86, 22.4);(112.27, 21.6);(112.27, 22.0);(112.27, 22.4);(112.68, 21.6);(112.68, 22.0)",True
59304,2025-07-10 00:00:00,39.4,SURF,True,EXTREME_TYPE1,2088,9,9,"(114.73, 23.2);(114.73, 23.6);(114.73, 24.0);(115.14, 23.2);(115.14, 23.6);(115.14, 24.0);(115.55, 23.2);(115.55, 23.6);(115.55, 24.0)",True
59488,2025-07-10 16:00:00,62.3,SURF,True,EXTREME_TYPE1,2660,11,11,"(113.09, 22.0);(113.09, 22.4);(113.09, 22.8);(113.5, 21.6);(113.5, 22.0);(113.5, 22.4);(113.5, 22.8);(113.91, 22.0);(113.91, 22.4);(113.91, 22.8);(114.32, 22.4)",True
59314,2025-07-11 12:00:00,76.0,SURF,True,EXTREME_TYPE1,2199,12,12,"(115.55, 23.2);(115.55, 23.6);(115.95, 22.8);(115.95, 23.2);(115.95, 23.6);(115.95, 24.0);(116.36, 22.8);(116.36, 23.2);(116.36, 23.6);(116.36, 24.0);(116.77, 23.2);(116.77, 23.6)",True
59315,2025-07-11 13:00:00,34.9,SURF,True,EXTREME_TYPE1,1246,10,10,"(115.95, 23.2);(115.95, 23.6);(115.95, 24.0);(116.36, 23.2);(116.36, 23.6);(116.36, 24.0);(116.77, 23.2);(116.77, 23.6);(116.77, 24.0);(117.18, 23.6)",True
59650,2025-07-13 14:00:00,54.0,SURF,True,EXTREME_TYPE1,1604,11,11,"(109.82, 21.2);(109.82, 21.6);(109.82, 22.0);(110.23, 20.8);(110.23, 21.2);(110.23, 21.6);(110.23, 22.0);(110.64, 20.8);(110.64, 21.2);(110.64, 21.6);(110.64, 22.0)",True
59288,2025-07-18 17:00:00,52.4,SURF,True,EXTREME_TYPE1,5089,10,10,"(112.27, 23.2);(112.68, 22.8);(112.68, 23.2);(112.68, 23.6);(113.09, 22.8);(113.09, 23.2);(113.09, 23.6);(113.5, 22.8);(113.5, 23.2);(113.5, 23.6)",True
59487,2025-07-20 00:00:00,24.3,SURF,True,EXTREME_TYPE1,4266,12,12,"(112.68, 22.0);(112.68, 22.4);(113.09, 21.6);(113.09, 22.0);(113.09, 22.4);(113.09, 22.8);(113.5, 21.6);(113.5, 22.0);(113.5, 22.4);(113.5, 22.8);(113.91, 22.0);(113.91, 22.4)",True
59502,2025-07-20 08:00:00,54.7,SURF,True,EXTREME_TYPE1,2521,12,12,"(115.14, 22.8);(115.14, 23.2);(115.55, 22.4);(115.55, 22.8);(115.55, 23.2);(115.55, 23.6);(115.95, 22.4);(115.95, 22.8);(115.95, 23.2);(115.95, 23.6);(116.36, 22.8);(116.36, 23.2)",True
59487,2025-07-20 17:00:00,9.1,SURF,True,EXTREME_TYPE1,4275,12,12,"(112.68, 22.0);(112.68, 22.4);(113.09, 21.6);(113.09, 22.0);(113.09, 22.4);(113.09, 22.8);(113.5, 21.6);(113.5, 22.0);(113.5, 22.4);(113.5, 22.8);(113.91, 22.0);(113.91, 22.4)",True
59071,2025-07-21 13:00:00,4.3,SURF,True,EXTREME_TYPE1,881,8,8,"(111.86, 24.4);(111.86, 24.8);(112.27, 24.4);(112.27, 24.8);(112.27, 25.2);(112.68, 24.4);(112.68, 24.8);(112.68, 25.2)",True
59655,2025-07-21 13:00:00,1.0,SURF,True,EXTREME_TYPE1,1951,10,10,"(110.23, 21.2);(110.23, 21.6);(110.23, 22.0);(110.64, 21.2);(110.64, 21.6);(110.64, 22.0);(110.64, 22.4);(111.05, 21.2);(111.05, 21.6);(111.05, 22.0)",True
59469,2025-07-22 13:00:00,27.8,SURF,True,EXTREME_TYPE1,2345,11,11,"(111.05, 22.0);(111.45, 21.6);(111.45, 22.0);(111.45, 22.4);(111.86, 21.6);(111.86, 22.0);(111.86, 22.4);(111.86, 22.8);(112.27, 21.6);(112.27, 22.0);(112.27, 22.4)",True
59293,2025-07-22 16:00:00,7.3,SURF,True,EXTREME_TYPE1,1525,11,11,"(114.32, 23.2);(114.32, 23.6);(114.32, 24.0);(114.73, 23.2);(114.73, 23.6);(114.73, 24.0);(114.73, 24.4);(115.14, 23.2);(115.14, 23.6);(115.14, 24.0);(115.14, 24.4)",True
59284,2025-07-23 20:00:00,65.0,SURF,True,EXTREME_TYPE1,4294,12,12,"(112.68, 23.2);(112.68, 23.6);(113.09, 22.8);(113.09, 23.2);(113.09, 23.6);(113.09, 24.0);(113.5, 22.8);(113.5, 23.2);(113.5, 23.6);(113.5, 24.0);(113.91, 23.2);(113.91, 23.6)",True
59088,2025-07-28 00:00:00,1.3,SURF,True,EXTREME_TYPE1,1961,12,12,"(112.68, 24.0);(112.68, 24.4);(113.09, 23.6);(113.09, 24.0);(113.09, 24.4);(113.09, 24.8);(113.5, 23.6);(113.5, 24.0);(113.5, 24.4);(113.5, 24.8);(113.91, 24.0);(113.91, 24.4)",True
59324,2025-07-28 23:00:00,1.3,SURF,True,EXTREME_TYPE1,376,10,10,"(116.36, 23.2);(116.36, 23.6);(116.77, 22.8);(116.77, 23.2);(116.77, 23.6);(116.77, 24.0);(117.18, 23.2);(117.18, 23.6);(117.18, 24.0);(117.59, 23.6)",True
59082,2025-07-30 17:00:00,51.4,SURF,True,EXTREME_TYPE1,1579,12,12,"(113.09, 24.4);(113.09, 24.8);(113.09, 25.2);(113.5, 24.0);(113.5, 24.4);(113.5, 24.8);(113.5, 25.2);(113.91, 24.4);(113.91, 24.8);(113.91, 25.2);(114.32, 24.4);(114.32, 24.8)",True
59096,2025-07-30 21:00:00,51.7,SURF,True,EXTREME_TYPE1,994,12,12,"(113.91, 24.0);(113.91, 24.4);(113.91, 24.8);(114.32, 24.0);(114.32, 24.4);(114.32, 24.8);(114.73, 24.0);(114.73, 24.4);(114.73, 24.8);(115.14, 24.0);(115.14, 24.4);(115.14, 24.8)",True
59285,2025-07-31 00:00:00,10.0,SURF,True,EXTREME_TYPE1,2915,10,10,"(113.09, 23.2);(113.09, 23.6);(113.09, 24.0);(113.5, 23.2);(113.5, 23.6);(113.5, 24.0);(113.91, 23.2);(113.91, 23.6);(113.91, 24.0);(114.32, 23.6)",True
59493,2025-07-31 05:00:00,27.5,SURF,True,EXTREME_TYPE1,2890,13,13,"(113.5, 22.0);(113.5, 22.4);(113.5, 22.8);(113.91, 22.0);(113.91, 22.4);(113.91, 22.8);(113.91, 23.2);(114.32, 22.0);(114.32, 22.4);(114.32, 22.8);(114.32, 23.2);(114.73, 22.4);(114.73, 22.8)",True
59268,2025-07-31 07:00:00,52.7,SURF,True,EXTREME_TYPE1,2978,9,9,"(111.05, 22.8);(111.05, 23.2);(111.45, 22.8);(111.45, 23.2);(111.45, 23.6);(111.86, 22.8);(111.86, 23.2);(111.86, 23.6);(112.27, 23.2)",True
59074,2025-07-31 15:00:00,13.1,SURF,True,EXTREME_TYPE1,1287,9,9,"(111.86, 24.0);(111.86, 24.4);(111.86, 24.8);(112.27, 24.0);(112.27, 24.4);(112.27, 24.8);(112.27, 25.2);(112.68, 24.4);(112.68, 24.8)",True
59462,2025-07-31 20:00:00,78.4,SURF,True,EXTREME_TYPE1,2956,11,11,"(111.05, 22.4);(111.05, 22.8);(111.05, 23.2);(111.45, 22.4);(111.45, 22.8);(111.45, 23.2);(111.86, 22.4);(111.86, 22.8);(111.86, 23.2);(112.27, 22.4);(112.27, 22.8)",True
59293,2025-08-01 00:00:00,73.0,SURF,True,EXTREME_TYPE1,1519,11,11,"(114.32, 23.2);(114.32, 23.6);(114.32, 24.0);(114.73, 23.2);(114.73, 23.6);(114.73, 24.0);(114.73, 24.4);(115.14, 23.2);(115.14, 23.6);(115.14, 24.0);(115.14, 24.4)",True
59500,2025-08-01 16:00:00,38.1,SURF,True,EXTREME_TYPE1,2612,12,12,"(114.73, 22.8);(114.73, 23.2);(115.14, 22.4);(115.14, 22.8);(115.14, 23.2);(115.14, 23.6);(115.55, 22.4);(115.55, 22.8);(115.55, 23.2);(115.55, 23.6);(115.95, 22.8);(115.95, 23.2)",True
59486,2025-08-03 02:00:00,24.0,SURF,True,EXTREME_TYPE1,4604,10,10,"(113.5, 22.4);(113.5, 22.8);(113.5, 23.2);(113.91, 22.0);(113.91, 22.4);(113.91, 22.8);(113.91, 23.2);(114.32, 22.4);(114.32, 22.8);(114.32, 23.2)",True
59264,2025-08-03 03:00:00,28.2,SURF,True,EXTREME_TYPE1,871,9,9,"(111.05, 23.2);(111.45, 22.8);(111.45, 23.2);(111.45, 23.6);(111.45, 24.0);(111.86, 22.8);(111.86, 23.2);(111.86, 23.6);(111.86, 24.0)",True
59315,2025-08-03 06:00:00,21.4,SURF,True,EXTREME_TYPE1,1231,10,10,"(115.95, 23.2);(115.95, 23.6);(115.95, 24.0);(116.36, 23.2);(116.36, 23.6);(116.36, 24.0);(116.77, 23.2);(116.77, 23.6);(116.77, 24.0);(117.18, 23.6)",True
59318,2025-08-03 06:00:00,30.5,SURF,True,EXTREME_TYPE1,1231,12,12,"(115.95, 23.2);(115.95, 23.6);(116.36, 22.8);(116.36, 23.2);(116.36, 23.6);(116.36, 24.0);(116.77, 22.8);(116.77, 23.2);(116.77, 23.6);(116.77, 24.0);(117.18, 23.2);(117.18, 23.6)",True
59502,2025-08-04 00:00:00,44.4,SURF,True,EXTREME_TYPE1,2517,12,12,"(115.14, 22.8);(115.14, 23.2);(115.55, 22.4);(115.55, 22.8);(115.55, 23.2);(115.55, 23.6);(115.95, 22.4);(115.95, 22.8);(115.95, 23.2);(115.95, 23.6);(116.36, 22.8);(116.36, 23.2)",True
59502,2025-08-04 02:00:00,68.4,SURF,True,EXTREME_TYPE1,2508,12,12,"(115.14, 22.8);(115.14, 23.2);(115.55, 22.4);(115.55, 22.8);(115.55, 23.2);(115.55, 23.6);(115.95, 22.4);(115.95, 22.8);(115.95, 23.2);(115.95, 23.6);(116.36, 22.8);(116.36, 23.2)",True
59492,2025-08-04 12:00:00,17.8,SURF,True,EXTREME_TYPE1,2019,11,11,"(114.32, 22.4);(114.32, 22.8);(114.32, 23.2);(114.32, 23.6);(114.73, 22.4);(114.73, 22.8);(114.73, 23.2);(114.73, 23.6);(115.14, 22.8);(115.14, 23.2);(115.14, 23.6)",True
59501,2025-08-04 14:00:00,4.4,SURF,True,EXTREME_TYPE1,2593,12,12,"(114.73, 22.4);(114.73, 22.8);(114.73, 23.2);(115.14, 22.4);(115.14, 22.8);(115.14, 23.2);(115.55, 22.4);(115.55, 22.8);(115.55, 23.2);(115.95, 22.4);(115.95, 22.8);(115.95, 23.2)",True
59288,2025-08-04 21:00:00,43.2,SURF,True,EXTREME_TYPE1,5030,10,10,"(112.27, 23.2);(112.68, 22.8);(112.68, 23.2);(112.68, 23.6);(113.09, 22.8);(113.09, 23.2);(113.09, 23.6);(113.5, 22.8);(113.5, 23.2);(113.5, 23.6)",True
59488,2025-08-05 06:00:00,24.4,SURF,True,EXTREME_TYPE1,2617,11,11,"(113.09, 22.0);(113.09, 22.4);(113.09, 22.8);(113.5, 21.6);(113.5, 22.0);(113.5, 22.4);(113.5, 22.8);(113.91, 22.0);(113.91, 22.4);(113.91, 22.8);(114.32, 22.4)",True
59280,2025-08-06 05:00:00,35.6,SURF,True,EXTREME_TYPE1,2468,10,10,"(112.68, 23.2);(112.68, 23.6);(112.68, 24.0);(113.09, 23.2);(113.09, 23.6);(113.09, 24.0);(113.09, 24.4);(113.5, 23.2);(113.5, 23.6);(113.5, 24.0)",True
59650,2025-08-06 06:00:00,23.3,SURF,True,EXTREME_TYPE1,1586,11,11,"(109.82, 21.2);(109.82, 21.6);(109.82, 22.0);(110.23, 20.8);(110.23, 21.2);(110.23, 21.6);(110.23, 22.0);(110.64, 20.8);(110.64, 21.2);(110.64, 21.6);(110.64, 22.0)",True
59486,2025-08-06 12:00:00,26.0,SURF,True,EXTREME_TYPE1,4527,10,10,"(113.5, 22.4);(113.5, 22.8);(113.5, 23.2);(113.91, 22.0);(113.91, 22.4);(113.91, 22.8);(113.91, 23.2);(114.32, 22.4);(114.32, 22.8);(114.32, 23.2)",True
59072,2025-08-07 12:00:00,7.3,SURF,True,EXTREME_TYPE1,1576,9,9,"(111.86, 24.4);(111.86, 24.8);(112.27, 24.4);(112.27, 24.8);(112.27, 25.2);(112.68, 24.4);(112.68, 24.8);(112.68, 25.2);(113.09, 24.8)",True
59279,2025-08-07 16:00:00,54.6,SURF,True,EXTREME_TYPE1,5083,12,12,"(112.27, 22.8);(112.27, 23.2);(112.27, 23.6);(112.68, 22.8);(112.68, 23.2);(112.68, 23.6);(113.09, 22.8);(113.09, 23.2);(113.09, 23.6);(113.5, 22.8);(113.5, 23.2);(113.5, 23.6)",True
59304,2025-08-11 14:00:00,100.7,SURF,True,EXTREME_TYPE1,2120,9,9,"(114.73, 23.2);(114.73, 23.6);(114.73, 24.0);(115.14, 23.2);(115.14, 23.6);(115.14, 24.0);(115.55, 23.2);(115.55, 23.6);(115.55, 24.0)",True
59317,2025-08-13 23:00:00,59.4,SURF,True,EXTREME_TYPE1,1927,9,9,"(115.95, 22.4);(115.95, 22.8);(115.95, 23.2);(115.95, 23.6);(116.36, 22.8);(116.36, 23.2);(116.36, 23.6);(116.77, 22.8);(116.77, 23.2)",True
59500,2025-08-14 05:00:00,63.1,SURF,True,EXTREME_TYPE1,2562,12,12,"(114.73, 22.8);(114.73, 23.2);(115.14, 22.4);(115.14, 22.8);(115.14, 23.2);(115.14, 23.6);(115.55, 22.4);(115.55, 22.8);(115.55, 23.2);(115.55, 23.6);(115.95, 22.8);(115.95, 23.2)",True
59492,2025-08-14 09:00:00,91.2,SURF,True,EXTREME_TYPE1,2003,11,11,"(114.32, 22.4);(114.32, 22.8);(114.32, 23.2);(114.32, 23.6);(114.73, 22.4);(114.73, 22.8);(114.73, 23.2);(114.73, 23.6);(115.14, 22.8);(115.14, 23.2);(115.14, 23.6)",True
59288,2025-08-14 16:00:00,91.1,SURF,True,EXTREME_TYPE1,5067,10,10,"(112.27, 23.2);(112.68, 22.8);(112.68, 23.2);(112.68, 23.6);(113.09, 22.8);(113.09, 23.2);(113.09, 23.6);(113.5, 22.8);(113.5, 23.2);(113.5, 23.6)",True
59294,2025-08-14 17:00:00,27.2,SURF,True,EXTREME_TYPE1,2911,11,11,"(113.09, 23.2);(113.5, 22.8);(113.5, 23.2);(113.5, 23.6);(113.91, 22.8);(113.91, 23.2);(113.91, 23.6);(113.91, 24.0);(114.32, 22.8);(114.32, 23.2);(114.32, 23.6)",True
59264,2025-08-14 18:00:00,66.8,SURF,True,EXTREME_TYPE1,868,9,9,"(111.05, 23.2);(111.45, 22.8);(111.45, 23.2);(111.45, 23.6);(111.45, 24.0);(111.86, 22.8);(111.86, 23.2);(111.86, 23.6);(111.86, 24.0)",True
59268,2025-08-14 19:00:00,25.1,SURF,True,EXTREME_TYPE1,2966,9,9,"(111.05, 22.8);(111.05, 23.2);(111.45, 22.8);(111.45, 23.2);(111.45, 23.6);(111.86, 22.8);(111.86, 23.2);(111.86, 23.6);(112.27, 23.2)",True
59280,2025-08-14 23:00:00,2.1,SURF,True,EXTREME_TYPE1,2480,10,10,"(112.68, 23.2);(112.68, 23.6);(112.68, 24.0);(113.09, 23.2);(113.09, 23.6);(113.09, 24.0);(113.09, 24.4);(113.5, 23.2);(113.5, 23.6);(113.5, 24.0)",True
59673,2025-08-15 01:00:00,20.9,SURF,True,EXTREME_TYPE1,544,8,8,"(112.27, 21.6);(112.27, 22.0);(112.68, 21.6);(112.68, 22.0);(112.68, 22.4);(113.09, 21.6);(113.09, 22.0);(113.5, 21.6)",True
59493,2025-08-19 05:00:00,12.2,SURF,True,EXTREME_TYPE1,2976,13,13,"(113.5, 22.0);(113.5, 22.4);(113.5, 22.8);(113.91, 22.0);(113.91, 22.4);(113.91, 22.8);(113.91, 23.2);(114.32, 22.0);(114.32, 22.4);(114.32, 22.8);(114.32, 23.2);(114.73, 22.4);(114.73, 22.8)",True
59650,2025-08-19 21:00:00,6.4,SURF,True,EXTREME_TYPE1,1602,11,11,"(109.82, 21.2);(109.82, 21.6);(109.82, 22.0);(110.23, 20.8);(110.23, 21.2);(110.23, 21.6);(110.23, 22.0);(110.64, 20.8);(110.64, 21.2);(110.64, 21.6);(110.64, 22.0)",True
59264,2025-08-20 16:00:00,4.4,SURF,True,EXTREME_TYPE1,869,9,9,"(111.05, 23.2);(111.45, 22.8);(111.45, 23.2);(111.45, 23.6);(111.45, 24.0);(111.86, 22.8);(111.86, 23.2);(111.86, 23.6);(111.86, 24.0)",True
59664,2025-08-25 09:00:00,16.6,SURF,True,EXTREME_TYPE1,1885,10,10,"(110.23, 21.6);(110.64, 21.2);(110.64, 21.6);(110.64, 22.0);(111.05, 21.2);(111.05, 21.6);(111.05, 22.0);(111.45, 21.2);(111.45, 21.6);(111.45, 22.0)",True
57989,2025-08-25 21:00:00,25.0,SURF,True,EXTREME_TYPE1,832,12,12,"(113.09, 24.8);(113.09, 25.2);(113.5, 24.4);(113.5, 24.8);(113.5, 25.2);(113.5, 25.6);(113.91, 24.4);(113.91, 24.8);(113.91, 25.2);(113.91, 25.6);(114.32, 24.8);(114.32, 25.2)",True
59116,2025-08-26 22:00:00,20.6,SURF,True,EXTREME_TYPE1,559,9,9,"(115.95, 24.4);(116.36, 24.0);(116.36, 24.4);(116.36, 24.8);(116.77, 24.0);(116.77, 24.4);(116.77, 24.8);(117.18, 24.0);(117.18, 24.4)",True
59476,2025-08-27 18:00:00,29.3,SURF,True,EXTREME_TYPE1,7703,11,11,"(112.27, 22.4);(112.68, 22.0);(112.68, 22.4);(112.68, 22.8);(113.09, 22.0);(113.09, 22.4);(113.09, 22.8);(113.09, 23.2);(113.5, 22.0);(113.5, 22.4);(113.5, 22.8)",True
59456,2025-08-28 16:00:00,6.6,SURF,True,EXTREME_TYPE1,1528,10,9,"(110.23, 22.4);(110.64, 22.0);(110.64, 22.4);(110.64, 22.8);(111.05, 22.0);(111.05, 22.4);(111.05, 22.8);(111.45, 22.0);(111.45, 22.4)",True
59754,2025-08-29 14:00:00,35.4,SURF,True,EXTREME_TYPE1,786,5,5,"(109.82, 20.4);(109.82, 20.8);(110.23, 20.4);(110.23, 20.8);(110.64, 20.8)",True
59269,2025-08-30 16:00:00,10.0,SURF,True,EXTREME_TYPE1,2103,9,9,"(111.45, 22.8);(111.45, 23.2);(111.45, 23.6);(111.86, 22.8);(111.86, 23.2);(111.86, 23.6);(112.27, 22.8);(112.27, 23.2);(112.27, 23.6)",True
59106,2025-09-17 22:00:00,63.7,SURF,True,EXTREME_TYPE1,960,10,10,"(115.14, 24.4);(115.14, 24.8);(115.55, 24.0);(115.55, 24.4);(115.55, 24.8);(115.95, 24.0);(115.95, 24.4);(115.95, 24.8);(116.36, 24.4);(116.36, 24.8)",True
59315,2025-09-19 07:00:00,12.9,SURF,True,EXTREME_TYPE1,1220,10,10,"(115.95, 23.2);(115.95, 23.6);(115.95, 24.0);(116.36, 23.2);(116.36, 23.6);(116.36, 24.0);(116.77, 23.2);(116.77, 23.6);(116.77, 24.0);(117.18, 23.6)",True
59303,2025-09-19 17:00:00,21.7,SURF,True,EXTREME_TYPE1,2707,10,10,"(115.14, 23.6);(115.14, 24.0);(115.55, 23.6);(115.55, 24.0);(115.55, 24.4);(115.95, 23.6);(115.95, 24.0);(115.95, 24.4);(116.36, 23.6);(116.36, 24.0)",True
59097,2025-09-20 00:00:00,4.7,SURF,True,EXTREME_TYPE1,1668,10,10,"(113.5, 24.0);(113.91, 23.6);(113.91, 24.0);(113.91, 24.4);(114.32, 23.6);(114.32, 24.0);(114.32, 24.4);(114.73, 23.6);(114.73, 24.0);(114.73, 24.4)",True
59303,2025-09-20 02:00:00,8.7,SURF,True,EXTREME_TYPE1,2733,10,10,"(115.14, 23.6);(115.14, 24.0);(115.55, 23.6);(115.55, 24.0);(115.55, 24.4);(115.95, 23.6);(115.95, 24.0);(115.95, 24.4);(116.36, 23.6);(116.36, 24.0)",True
59656,2025-09-20 21:00:00,27.8,SURF,True,EXTREME_TYPE1,1397,11,11,"(110.23, 21.2);(110.23, 21.6);(110.64, 20.8);(110.64, 21.2);(110.64, 21.6);(110.64, 22.0);(111.05, 21.2);(111.05, 21.6);(111.05, 22.0);(111.45, 21.2);(111.45, 21.6)",True
59081,2025-09-21 18:00:00,10.1,SURF,True,EXTREME_TYPE1,1355,12,12,"(112.68, 24.4);(112.68, 24.8);(112.68, 25.2);(113.09, 24.4);(113.09, 24.8);(113.09, 25.2);(113.5, 24.4);(113.5, 24.8);(113.5, 25.2);(113.91, 24.4);(113.91, 24.8);(113.91, 25.2)",True
59269,2025-09-24 16:00:00,6.7,SURF,True,EXTREME_TYPE1,2093,9,9,"(111.45, 22.8);(111.45, 23.2);(111.45, 23.6);(111.86, 22.8);(111.86, 23.2);(111.86, 23.6);(112.27, 22.8);(112.27, 23.2);(112.27, 23.6)",True
59650,2025-09-28 23:00:00,1.1,SURF,True,EXTREME_TYPE1,1605,11,11,"(109.82, 21.2);(109.82, 21.6);(109.82, 22.0);(110.23, 20.8);(110.23, 21.2);(110.23, 21.6);(110.23, 22.0);(110.64, 20.8);(110.64, 21.2);(110.64, 21.6);(110.64, 22.0)",True
59658,2025-09-29 03:00:00,62.2,SURF,True,EXTREME_TYPE1,1046,10,10,"(109.82, 20.8);(109.82, 21.2);(109.82, 21.6);(110.23, 20.8);(110.23, 21.2);(110.23, 21.6);(110.64, 20.8);(110.64, 21.2);(110.64, 21.6);(111.05, 21.2)",True
59289,2025-10-04 17:00:00,2.5,SURF,True,EXTREME_TYPE1,4642,12,12,"(113.09, 22.8);(113.09, 23.2);(113.5, 22.4);(113.5, 22.8);(113.5, 23.2);(113.5, 23.6);(113.91, 22.4);(113.91, 22.8);(113.91, 23.2);(113.91, 23.6);(114.32, 22.8);(114.32, 23.2)",True
59659,2025-10-06 00:00:00,56.9,SURF,True,EXTREME_TYPE1,1877,12,12,"(110.23, 21.6);(110.23, 22.0);(110.64, 21.2);(110.64, 21.6);(110.64, 22.0);(110.64, 22.4);(111.05, 21.2);(111.05, 21.6);(111.05, 22.0);(111.05, 22.4);(111.45, 21.6);(111.45, 22.0)",True
59664,2025-10-06 00:00:00,60.3,SURF,True,EXTREME_TYPE1,1877,10,10,"(110.23, 21.6);(110.64, 21.2);(110.64, 21.6);(110.64, 22.0);(111.05, 21.2);(111.05, 21.6);(111.05, 22.0);(111.45, 21.2);(111.45, 21.6);(111.45, 22.0)",True
59106,2025-10-16 19:00:00,6.4,SURF,True,EXTREME_TYPE1,955,10,10,"(115.14, 24.4);(115.14, 24.8);(115.55, 24.0);(115.55, 24.4);(115.55, 24.8);(115.95, 24.0);(115.95, 24.4);(115.95, 24.8);(116.36, 24.4);(116.36, 24.8)",True
59270,2025-11-02 03:00:00,1.4,SURF,True,EXTREME_TYPE1,1444,10,10,"(111.45, 24.0);(111.86, 23.6);(111.86, 24.0);(111.86, 24.4);(112.27, 23.6);(112.27, 24.0);(112.27, 24.4);(112.68, 23.6);(112.68, 24.0);(112.68, 24.4)",True
59462,2025-11-04 07:00:00,1.3,SURF,True,EXTREME_TYPE1,2908,11,11,"(111.05, 22.4);(111.05, 22.8);(111.05, 23.2);(111.45, 22.4);(111.45, 22.8);(111.45, 23.2);(111.86, 22.4);(111.86, 22.8);(111.86, 23.2);(112.27, 22.4);(112.27, 22.8)",True
