stacode,ddatetime,r,statype,validation,qc_label,validation_sample_size,extreme_circle_count,validation_circle_count,validation_circle_locs,inspected
59298,2003-01-06 22:00:00,1.7,SURF,True,,,,,,False
G2109,2003-01-15 00:00:00,338.8,AWST,False,FALSE,325.0,10.0,0.0,,True
G1282,2003-02-27 02:00:00,57.0,AWST,False,FALSE,75.0,10.0,0.0,,True
G1282,2003-02-27 12:00:00,144.0,AWST,False,FALSE,75.0,10.0,0.0,,True
G1282,2003-02-27 23:00:00,280.0,AWST,False,FALSE,75.0,10.0,0.0,,True
G1282,2003-03-01 18:00:00,5.2,AWST,False,,,,,,False
G1282,2003-03-02 03:00:00,5.0,AWST,False,,,,,,False
G1282,2003-03-02 18:00:00,800.5,AWST,False,FALSE,75.0,10.0,0.0,,True
G1282,2003-03-02 21:00:00,460.1,AWST,False,FALSE,75.0,10.0,0.0,,True
G1282,2003-03-02 22:00:00,5.2,AWST,False,,,,,,False
G1282,2003-03-03 11:00:00,63.3,AWST,False,FALSE,75.0,10.0,0.0,,True
G1282,2003-03-04 05:00:00,75.3,AWST,False,FALSE,75.0,10.0,0.0,,True
G1282,2003-03-04 22:00:00,303.5,AWST,False,FALSE,75.0,10.0,0.0,,True
G1282,2003-03-04 23:00:00,430.1,AWST,False,FALSE,75.0,10.0,0.0,,True
59500,2003-03-05 10:00:00,3.0,SURF,True,,,,,,False
G1282,2003-03-05 12:00:00,503.0,AWST,False,FALSE,75.0,10.0,0.0,,True
G1282,2003-03-06 00:00:00,1.8,AWST,False,,,,,,False
59314,2003-03-06 18:00:00,5.1,SURF,True,,,,,,False
G1282,2003-03-07 15:00:00,11.8,AWST,False,,,,,,False
G1282,2003-03-09 00:00:00,7.2,AWST,False,,,,,,False
59094,2003-03-09 18:00:00,3.2,SURF,True,,,,,,False
G1282,2003-03-11 09:00:00,500.7,AWST,False,FALSE,75.0,10.0,0.0,,True
G1282,2003-03-13 04:00:00,652.0,AWST,False,FALSE,75.0,10.0,0.0,,True
G1282,2003-03-14 06:00:00,901.1,AWST,False,FALSE,75.0,10.0,0.0,,True
G1282,2003-03-14 07:00:00,400.7,AWST,False,FALSE,75.0,10.0,0.0,,True
G1282,2003-03-15 11:00:00,14.8,AWST,False,,,,,,False
G1282,2003-03-15 18:00:00,800.4,AWST,False,FALSE,75.0,10.0,0.0,,True
G1282,2003-03-15 19:00:00,58.1,AWST,False,FALSE,75.0,10.0,0.0,,True
G1282,2003-03-18 11:00:00,360.3,AWST,False,FALSE,75.0,10.0,0.0,,True
G1282,2003-03-18 21:00:00,304.0,AWST,False,FALSE,75.0,10.0,0.0,,True
G1282,2003-03-19 12:00:00,730.0,AWST,False,FALSE,75.0,10.0,0.0,,True
G1282,2003-03-19 13:00:00,130.0,AWST,False,FALSE,75.0,10.0,0.0,,True
G1282,2003-03-19 22:00:00,328.0,AWST,False,FALSE,72.0,10.0,0.0,,True
G1282,2003-03-22 18:00:00,59.0,AWST,False,FALSE,60.0,10.0,0.0,,True
G1282,2003-03-22 19:00:00,530.0,AWST,False,FALSE,60.0,10.0,0.0,,True
G1282,2003-03-23 07:00:00,29.0,AWST,False,FALSE,60.0,10.0,0.0,,True
G1282,2003-03-23 08:00:00,3.9,AWST,False,,,,,,False
G1282,2003-03-23 17:00:00,5.3,AWST,False,,,,,,False
G1282,2003-03-25 06:00:00,31.8,AWST,False,FALSE,60.0,10.0,0.0,,True
G1282,2003-03-26 18:00:00,3.0,AWST,False,,,,,,False
G1282,2003-03-27 05:00:00,4.1,AWST,False,,,,,,False
59306,2003-03-27 20:00:00,6.9,SURF,True,,,,,,False
G1282,2003-03-27 20:00:00,800.0,AWST,False,FALSE,55.0,10.0,0.0,,True
G1282,2003-03-27 23:00:00,33.0,AWST,False,FALSE,53.0,10.0,0.0,,True
G1282,2003-03-29 21:00:00,21.0,AWST,False,FALSE,50.0,10.0,0.0,,True
G1282,2003-03-30 05:00:00,380.1,AWST,False,FALSE,70.0,10.0,0.0,,True
G1282,2003-03-30 12:00:00,701.7,AWST,False,FALSE,70.0,10.0,0.0,,True
G1282,2003-03-31 12:00:00,901.6,AWST,False,FALSE,70.0,10.0,0.0,,True
G1282,2003-04-02 05:00:00,9.1,AWST,False,,,,,,False
G1282,2003-04-02 08:00:00,900.0,AWST,False,FALSE,50.0,10.0,0.0,,True
59270,2003-04-02 23:00:00,22.5,SURF,True,EXTREME_TYPE1,55.0,10.0,2.0,"(112.68, 23.6);(112.68, 24.0)",True
G1282,2003-04-03 06:00:00,156.0,AWST,False,FALSE,50.0,10.0,0.0,,True
G1282,2003-04-04 05:00:00,600.1,AWST,False,FALSE,50.0,10.0,0.0,,True
G1282,2003-04-04 23:00:00,201.0,AWST,False,FALSE,50.0,10.0,0.0,,True
G1282,2003-04-05 15:00:00,900.1,AWST,False,FALSE,50.0,10.0,0.0,,True
G1282,2003-04-05 20:00:00,7.0,AWST,False,,,,,,False
G1282,2003-04-07 00:00:00,1.5,AWST,False,,,,,,False
G1282,2003-04-08 01:00:00,1.4,AWST,False,,,,,,False
59284,2003-04-09 03:00:00,2.8,SURF,True,,,,,,False
59280,2003-04-09 08:00:00,51.0,SURF,True,FALSE,105.0,10.0,0.0,,True
G1282,2003-04-09 16:00:00,200.7,AWST,False,FALSE,65.0,10.0,0.0,,True
59096,2003-04-09 19:00:00,23.0,SURF,True,EXTREME_TYPE1,15.0,12.0,9.0,"(113.91, 24.0);(113.91, 24.4);(113.91, 24.8);(114.32, 24.0);(114.32, 24.4);(114.32, 24.8);(114.73, 24.0);(114.73, 24.4);(114.73, 24.8)",True
G1282,2003-04-10 05:00:00,2.2,AWST,False,,,,,,False
G1282,2003-04-10 08:00:00,3.0,AWST,False,,,,,,False
G1282,2003-04-10 09:00:00,3.2,AWST,False,,,,,,False
G1282,2003-04-10 10:00:00,1.7,AWST,False,,,,,,False
G2109,2003-04-11 01:00:00,60.6,AWST,False,FALSE,420.0,10.0,0.0,,True
G2109,2003-04-11 08:00:00,60.4,AWST,False,FALSE,420.0,10.0,0.0,,True
G2109,2003-04-11 18:00:00,888.8,AWST,False,FALSE,420.0,10.0,0.0,,True
G2109,2003-04-12 09:00:00,555.5,AWST,False,FALSE,420.0,10.0,0.0,,True
G1282,2003-04-13 21:00:00,518.0,AWST,False,FALSE,85.0,10.0,0.0,,True
59106,2003-04-13 23:00:00,3.5,SURF,True,,,,,,False
G2109,2003-04-14 01:00:00,888.3,AWST,False,FALSE,420.0,10.0,0.0,,True
G2109,2003-04-14 02:00:00,555.2,AWST,False,FALSE,420.0,10.0,0.0,,True
59492,2003-04-14 03:00:00,2.6,SURF,True,,,,,,False
59314,2003-04-14 04:00:00,57.8,SURF,True,EXTREME_TYPE1,165.0,12.0,11.0,"(115.55, 23.2);(115.55, 23.6);(115.95, 22.8);(115.95, 23.2);(115.95, 23.6);(116.36, 22.8);(116.36, 23.2);(116.36, 23.6);(116.36, 24.0);(116.77, 23.2);(116.77, 23.6)",True
G2109,2003-04-15 06:00:00,1.3,AWST,False,,,,,,False
G1282,2003-04-15 08:00:00,37.0,AWST,False,FALSE,85.0,10.0,0.0,,True
G1282,2003-04-15 17:00:00,365.5,AWST,False,FALSE,85.0,10.0,0.0,,True
G2109,2003-04-15 20:00:00,700.0,AWST,False,FALSE,420.0,10.0,0.0,,True
G1282,2003-04-15 22:00:00,61.5,AWST,False,FALSE,85.0,10.0,0.0,,True
G1282,2003-04-16 16:00:00,920.0,AWST,False,FALSE,85.0,10.0,0.0,,True
G2109,2003-04-16 17:00:00,300.0,AWST,False,FALSE,413.0,10.0,0.0,,True
G1282,2003-04-17 12:00:00,53.0,AWST,False,FALSE,85.0,10.0,0.0,,True
G2109,2003-04-17 13:00:00,1.3,AWST,False,,,,,,False
G1282,2003-04-17 21:00:00,70.5,AWST,False,FALSE,85.0,10.0,0.0,,True
G2109,2003-04-18 03:00:00,555.5,AWST,False,FALSE,415.0,10.0,0.0,,True
G2109,2003-04-19 06:00:00,555.5,AWST,False,FALSE,420.0,10.0,0.0,,True
G2109,2003-04-19 09:00:00,894.3,AWST,False,FALSE,420.0,10.0,0.0,,True
G1282,2003-04-19 18:00:00,50.0,AWST,False,FALSE,85.0,10.0,0.0,,True
G1282,2003-04-20 02:00:00,131.0,AWST,False,FALSE,85.0,10.0,0.0,,True
G2109,2003-04-20 22:00:00,130.0,AWST,False,FALSE,420.0,10.0,0.0,,True
G1282,2003-04-20 23:00:00,8.0,AWST,False,,,,,,False
G2109,2003-04-21 00:00:00,54.5,AWST,False,FALSE,420.0,10.0,0.0,,True
G2109,2003-04-21 01:00:00,13.0,AWST,False,,,,,,False
G2109,2003-04-21 11:00:00,13.0,AWST,False,,,,,,False
G2109,2003-04-22 03:00:00,555.5,AWST,False,FALSE,420.0,10.0,0.0,,True
G2109,2003-04-22 04:00:00,5.5,AWST,False,,,,,,False
G2109,2003-04-22 21:00:00,555.5,AWST,False,FALSE,420.0,10.0,0.0,,True
G1282,2003-04-23 07:00:00,800.2,AWST,False,FALSE,85.0,10.0,0.0,,True
G2109,2003-04-23 09:00:00,300.0,AWST,False,FALSE,419.0,10.0,0.0,,True
G2109,2003-04-23 10:00:00,888.8,AWST,False,FALSE,420.0,10.0,0.0,,True
G2109,2003-04-24 08:00:00,555.5,AWST,False,FALSE,420.0,10.0,0.0,,True
G2340,2003-04-24 15:00:00,630.0,AWST,False,FALSE,135.0,9.0,0.0,,True
G2109,2003-04-25 00:00:00,300.0,AWST,False,FALSE,420.0,10.0,0.0,,True
G2109,2003-04-25 02:00:00,300.0,AWST,False,FALSE,420.0,10.0,0.0,,True
G2109,2003-04-25 03:00:00,300.0,AWST,False,FALSE,420.0,10.0,0.0,,True
G2109,2003-04-25 08:00:00,30.0,AWST,False,FALSE,419.0,10.0,0.0,,True
G2109,2003-04-25 16:00:00,300.0,AWST,False,FALSE,420.0,10.0,0.0,,True
G2109,2003-04-25 21:00:00,1.3,AWST,False,,,,,,False
G2109,2003-04-26 02:00:00,555.5,AWST,False,FALSE,420.0,10.0,0.0,,True
G1282,2003-04-26 22:00:00,8.8,AWST,False,,,,,,False
G2109,2003-04-26 23:00:00,1.3,AWST,False,,,,,,False
G2109,2003-04-27 03:00:00,100.0,AWST,False,FALSE,420.0,10.0,0.0,,True
G1282,2003-04-27 14:00:00,358.0,AWST,False,FALSE,85.0,10.0,0.0,,True
G2109,2003-04-28 11:00:00,30.0,AWST,False,FALSE,420.0,10.0,0.0,,True
G2109,2003-04-28 12:00:00,555.5,AWST,False,FALSE,420.0,10.0,0.0,,True
59500,2003-05-04 12:00:00,52.7,SURF,True,EXTREME_TYPE1,165.0,12.0,11.0,"(114.73, 22.8);(114.73, 23.2);(115.14, 22.4);(115.14, 22.8);(115.14, 23.2);(115.55, 22.4);(115.55, 22.8);(115.55, 23.2);(115.55, 23.6);(115.95, 22.8);(115.95, 23.2)",True
59502,2003-05-04 14:00:00,51.8,SURF,True,EXTREME_TYPE1,210.0,12.0,12.0,"(115.14, 22.8);(115.14, 23.2);(115.55, 22.4);(115.55, 22.8);(115.55, 23.2);(115.55, 23.6);(115.95, 22.4);(115.95, 22.8);(115.95, 23.2);(115.95, 23.6);(116.36, 22.8);(116.36, 23.2)",True
59317,2003-05-04 16:00:00,72.4,SURF,True,EXTREME_TYPE1,190.0,9.0,9.0,"(115.95, 22.4);(115.95, 22.8);(115.95, 23.2);(115.95, 23.6);(116.36, 22.8);(116.36, 23.2);(116.36, 23.6);(116.77, 22.8);(116.77, 23.2)",True
59318,2003-05-04 16:00:00,77.7,SURF,True,EXTREME_TYPE1,140.0,12.0,12.0,"(115.95, 23.2);(115.95, 23.6);(116.36, 22.8);(116.36, 23.2);(116.36, 23.6);(116.36, 24.0);(116.77, 22.8);(116.77, 23.2);(116.77, 23.6);(116.77, 24.0);(117.18, 23.2);(117.18, 23.6)",True
59324,2003-05-04 17:00:00,11.5,SURF,True,,,,,,False
59488,2003-05-05 01:00:00,63.5,SURF,True,EXTREME_TYPE1,80.0,11.0,11.0,"(113.09, 22.0);(113.09, 22.4);(113.09, 22.8);(113.5, 21.6);(113.5, 22.0);(113.5, 22.4);(113.5, 22.8);(113.91, 22.0);(113.91, 22.4);(113.91, 22.8);(114.32, 22.4)",True
59480,2003-05-05 03:00:00,6.0,SURF,True,,,,,,False
59287,2003-05-05 05:00:00,5.5,SURF,True,,,,,,False
59502,2003-05-05 10:00:00,37.6,SURF,True,EXTREME_TYPE1,207.0,12.0,12.0,"(115.14, 22.8);(115.14, 23.2);(115.55, 22.4);(115.55, 22.8);(115.55, 23.2);(115.55, 23.6);(115.95, 22.4);(115.95, 22.8);(115.95, 23.2);(115.95, 23.6);(116.36, 22.8);(116.36, 23.2)",True
59087,2003-05-08 04:00:00,74.9,SURF,True,EXTREME_TYPE1,121.0,10.0,8.0,"(113.09, 23.6);(113.09, 24.0);(113.09, 24.4);(113.5, 23.2);(113.5, 23.6);(113.5, 24.0);(113.91, 23.6);(113.91, 24.0)",True
59673,2003-05-09 08:00:00,21.9,SURF,True,EXTREME_TYPE1,60.0,8.0,1.0,"(113.09, 22.0)",True
59106,2003-05-11 07:00:00,48.4,SURF,True,FALSE,20.0,10.0,0.0,,True
59287,2003-05-14 18:00:00,37.9,SURF,True,EXTREME_TYPE1,165.0,9.0,9.0,"(113.09, 22.8);(113.09, 23.2);(113.09, 23.6);(113.5, 22.8);(113.5, 23.2);(113.5, 23.6);(113.91, 22.8);(113.91, 23.2);(113.91, 23.6)",True
59288,2003-05-14 18:00:00,83.6,SURF,True,EXTREME_TYPE1,225.0,10.0,9.0,"(112.68, 22.8);(112.68, 23.2);(112.68, 23.6);(113.09, 22.8);(113.09, 23.2);(113.09, 23.6);(113.5, 22.8);(113.5, 23.2);(113.5, 23.6)",True
59314,2003-05-16 11:00:00,42.5,SURF,True,EXTREME_TYPE1,200.0,12.0,12.0,"(115.55, 23.2);(115.55, 23.6);(115.95, 22.8);(115.95, 23.2);(115.95, 23.6);(115.95, 24.0);(116.36, 22.8);(116.36, 23.2);(116.36, 23.6);(116.36, 24.0);(116.77, 23.2);(116.77, 23.6)",True
59099,2003-05-17 05:00:00,27.1,SURF,True,EXTREME_TYPE1,25.0,10.0,8.0,"(114.32, 24.4);(114.32, 24.8);(114.73, 24.4);(114.73, 24.8);(115.14, 24.4);(115.14, 24.8);(115.55, 24.4);(115.55, 24.8)",True
59109,2003-05-17 10:00:00,23.2,SURF,True,EXTREME_TYPE1,55.0,12.0,11.0,"(115.14, 24.0);(115.14, 24.4);(115.55, 24.0);(115.55, 24.4);(115.55, 24.8);(115.95, 23.6);(115.95, 24.0);(115.95, 24.4);(115.95, 24.8);(116.36, 24.0);(116.36, 24.4)",True
59096,2003-05-17 13:00:00,9.3,SURF,True,,,,,,False
59673,2003-05-18 07:00:00,51.1,SURF,True,EXTREME_TYPE5,60.0,8.0,3.0,"(112.68, 22.0);(112.68, 22.4);(113.09, 22.0)",True
59650,2003-05-23 15:00:00,5.2,SURF,True,,,,,,False
59673,2003-05-26 11:00:00,22.2,SURF,True,EXTREME_TYPE1,60.0,8.0,4.0,"(112.27, 22.0);(112.68, 22.0);(112.68, 22.4);(113.09, 22.0)",True
59654,2003-05-27 08:00:00,51.8,SURF,True,EXTREME_TYPE1,75.0,10.0,6.0,"(109.82, 21.2);(109.82, 21.6);(110.23, 21.2);(110.23, 21.6);(110.64, 21.2);(110.64, 21.6)",True
59659,2003-05-29 18:00:00,56.4,SURF,True,EXTREME_TYPE1,95.0,12.0,5.0,"(110.23, 21.6);(110.23, 22.0);(110.64, 21.2);(110.64, 21.6);(110.64, 22.0)",True
G2109,2003-05-31 21:00:00,555.5,AWST,False,FALSE,400.0,10.0,0.0,,True
G2109,2003-06-03 06:00:00,888.8,AWST,False,FALSE,390.0,10.0,0.0,,True
G2109,2003-06-03 12:00:00,888.8,AWST,False,FALSE,390.0,10.0,0.0,,True
59072,2003-06-06 05:00:00,5.5,SURF,True,,,,,,False
G2109,2003-06-06 05:00:00,255.5,AWST,False,EXTREME_TYPE5,390.0,10.0,4.0,"(111.86, 22.0);(112.27, 22.0);(112.27, 22.4);(112.68, 22.0)",True
G2109,2003-06-06 11:00:00,888.8,AWST,False,FALSE,390.0,10.0,0.0,,True
G2109,2003-06-06 12:00:00,555.5,AWST,False,FALSE,390.0,10.0,0.0,,True
59659,2003-06-06 15:00:00,2.3,SURF,True,,,,,,False
59297,2003-06-06 19:00:00,45.5,SURF,True,EXTREME_TYPE1,130.0,10.0,10.0,"(113.5, 23.2);(113.91, 22.8);(113.91, 23.2);(113.91, 23.6);(114.32, 22.8);(114.32, 23.2);(114.32, 23.6);(114.73, 22.8);(114.73, 23.2);(114.73, 23.6)",True
G2109,2003-06-06 20:00:00,20.0,AWST,False,EXTREME_TYPE1,389.0,10.0,5.0,"(111.86, 22.8);(112.27, 22.8);(112.68, 22.4);(112.68, 22.8);(113.09, 22.4)",True
G2109,2003-06-06 21:00:00,10.0,AWST,False,,,,,,False
59313,2003-06-07 13:00:00,1.1,SURF,True,,,,,,False
G2109,2003-06-08 21:00:00,440.7,AWST,False,FALSE,387.0,10.0,0.0,,True
G2109,2003-06-09 04:00:00,1.8,AWST,False,,,,,,False
G2109,2003-06-09 05:00:00,588.1,AWST,False,FALSE,385.0,10.0,0.0,,True
G2109,2003-06-09 06:00:00,555.5,AWST,False,FALSE,386.0,10.0,0.0,,True
59488,2003-06-09 12:00:00,52.6,SURF,True,EXTREME_TYPE1,80.0,11.0,11.0,"(113.09, 22.0);(113.09, 22.4);(113.09, 22.8);(113.5, 21.6);(113.5, 22.0);(113.5, 22.4);(113.5, 22.8);(113.91, 22.0);(113.91, 22.4);(113.91, 22.8);(114.32, 22.4)",True
59653,2003-06-09 19:00:00,20.5,SURF,True,EXTREME_TYPE1,90.0,11.0,11.0,"(110.23, 21.6);(110.23, 22.0);(110.64, 21.6);(110.64, 22.0);(110.64, 22.4);(111.05, 21.6);(111.05, 22.0);(111.05, 22.4);(111.45, 21.6);(111.45, 22.0);(111.45, 22.4)",True
59279,2003-06-10 01:00:00,36.4,SURF,True,EXTREME_TYPE1,214.0,12.0,12.0,"(112.27, 22.8);(112.27, 23.2);(112.27, 23.6);(112.68, 22.8);(112.68, 23.2);(112.68, 23.6);(113.09, 22.8);(113.09, 23.2);(113.09, 23.6);(113.5, 22.8);(113.5, 23.2);(113.5, 23.6)",True
G2109,2003-06-10 06:00:00,1.0,AWST,False,,,,,,False
G2109,2003-06-10 13:00:00,1.6,AWST,False,,,,,,False
G2109,2003-06-10 15:00:00,10.3,AWST,False,,,,,,False
59673,2003-06-10 22:00:00,117.4,SURF,True,EXTREME_TYPE1,55.0,8.0,2.0,"(113.09, 22.0);(113.5, 21.6)",True
59488,2003-06-10 23:00:00,62.6,SURF,True,EXTREME_TYPE1,80.0,11.0,11.0,"(113.09, 22.0);(113.09, 22.4);(113.09, 22.8);(113.5, 21.6);(113.5, 22.0);(113.5, 22.4);(113.5, 22.8);(113.91, 22.0);(113.91, 22.4);(113.91, 22.8);(114.32, 22.4)",True
59673,2003-06-10 23:00:00,64.3,SURF,True,EXTREME_TYPE1,55.0,8.0,2.0,"(113.09, 22.0);(113.5, 21.6)",True
59673,2003-06-11 00:00:00,62.7,SURF,True,EXTREME_TYPE1,55.0,8.0,2.0,"(113.09, 22.0);(113.5, 21.6)",True
57989,2003-06-11 07:00:00,6.4,SURF,True,,,,,,False
59502,2003-06-11 07:00:00,67.3,SURF,True,EXTREME_TYPE1,180.0,12.0,12.0,"(115.14, 22.8);(115.14, 23.2);(115.55, 22.4);(115.55, 22.8);(115.55, 23.2);(115.55, 23.6);(115.95, 22.4);(115.95, 22.8);(115.95, 23.2);(115.95, 23.6);(116.36, 22.8);(116.36, 23.2)",True
59097,2003-06-12 16:00:00,1.3,SURF,True,,,,,,False
59285,2003-06-14 06:00:00,50.0,SURF,True,EXTREME_TYPE1,139.0,10.0,6.0,"(113.5, 23.6);(113.5, 24.0);(113.91, 23.2);(113.91, 23.6);(113.91, 24.0);(114.32, 23.6)",True
59289,2003-06-14 17:00:00,47.2,SURF,True,EXTREME_TYPE1,150.0,12.0,12.0,"(113.09, 22.8);(113.09, 23.2);(113.5, 22.4);(113.5, 22.8);(113.5, 23.2);(113.5, 23.6);(113.91, 22.4);(113.91, 22.8);(113.91, 23.2);(113.91, 23.6);(114.32, 22.8);(114.32, 23.2)",True
59306,2003-06-15 09:00:00,28.5,SURF,True,EXTREME_TYPE1,200.0,12.0,12.0,"(115.14, 23.2);(115.14, 23.6);(115.55, 22.8);(115.55, 23.2);(115.55, 23.6);(115.55, 24.0);(115.95, 22.8);(115.95, 23.2);(115.95, 23.6);(115.95, 24.0);(116.36, 23.2);(116.36, 23.6)",True
G2109,2003-06-15 09:00:00,10.0,AWST,False,,,,,,False
59310,2003-06-15 20:00:00,6.1,SURF,True,,,,,,False
G2109,2003-06-16 16:00:00,533.1,AWST,False,FALSE,380.0,10.0,0.0,,True
G2109,2003-06-17 02:00:00,555.5,AWST,False,FALSE,380.0,10.0,0.0,,True
G2109,2003-06-18 21:00:00,555.5,AWST,False,FALSE,380.0,10.0,0.0,,True
59099,2003-06-22 15:00:00,2.7,SURF,True,,,,,,False
59485,2003-06-22 17:00:00,1.9,SURF,True,,,,,,False
59306,2003-06-26 07:00:00,54.1,SURF,True,EXTREME_TYPE4,195.0,12.0,5.0,"(115.95, 23.2);(115.95, 23.6);(115.95, 24.0);(116.36, 23.2);(116.36, 23.6)",True
59477,2003-06-27 21:00:00,50.7,SURF,True,EXTREME_TYPE1,350.0,10.0,9.0,"(111.86, 22.0);(111.86, 22.4);(112.27, 21.6);(112.27, 22.0);(112.27, 22.4);(112.27, 22.8);(112.68, 22.0);(112.68, 22.4);(112.68, 22.8)",True
59287,2003-06-27 22:00:00,17.2,SURF,True,,,,,,False
59492,2003-06-28 02:00:00,12.4,SURF,True,,,,,,False
59280,2003-06-28 18:00:00,52.1,SURF,True,EXTREME_TYPE3,135.0,10.0,6.0,"(112.68, 23.2);(112.68, 23.6);(112.68, 24.0);(113.09, 23.6);(113.09, 24.0);(113.5, 24.0)",True
59654,2003-06-29 16:00:00,52.4,SURF,True,EXTREME_TYPE1,60.0,10.0,9.0,"(109.82, 21.2);(109.82, 21.6);(109.82, 22.0);(110.23, 21.2);(110.23, 21.6);(110.23, 22.0);(110.64, 21.2);(110.64, 21.6);(110.64, 22.0)",True
59654,2003-06-29 17:00:00,55.1,SURF,True,EXTREME_TYPE1,60.0,10.0,9.0,"(109.82, 21.2);(109.82, 21.6);(109.82, 22.0);(110.23, 21.2);(110.23, 21.6);(110.23, 22.0);(110.64, 21.2);(110.64, 21.6);(110.64, 22.0)",True
59654,2003-06-30 15:00:00,13.3,SURF,True,,,,,,False
59492,2003-07-24 08:00:00,30.1,SURF,True,EXTREME_TYPE1,90.0,11.0,11.0,"(114.32, 22.4);(114.32, 22.8);(114.32, 23.2);(114.32, 23.6);(114.73, 22.4);(114.73, 22.8);(114.73, 23.2);(114.73, 23.6);(115.14, 22.8);(115.14, 23.2);(115.14, 23.6)",True
59303,2003-07-27 18:00:00,32.5,SURF,True,EXTREME_TYPE1,185.0,10.0,10.0,"(115.14, 23.6);(115.14, 24.0);(115.55, 23.6);(115.55, 24.0);(115.55, 24.4);(115.95, 23.6);(115.95, 24.0);(115.95, 24.4);(116.36, 23.6);(116.36, 24.0)",True
59312,2003-07-27 18:00:00,58.9,SURF,True,EXTREME_TYPE1,105.0,10.0,10.0,"(115.95, 23.6);(116.36, 23.2);(116.36, 23.6);(116.36, 24.0);(116.77, 23.2);(116.77, 23.6);(116.77, 24.0);(117.18, 23.2);(117.18, 23.6);(117.18, 24.0)",True
59285,2003-08-04 21:00:00,53.6,SURF,True,EXTREME_TYPE1,137.0,10.0,5.0,"(113.09, 23.2);(113.09, 23.6);(113.5, 23.2);(113.5, 23.6);(113.91, 23.2)",True
59285,2003-08-05 01:00:00,1.7,SURF,True,,,,,,False
59469,2003-08-05 04:00:00,31.3,SURF,True,EXTREME_TYPE1,205.0,11.0,10.0,"(111.05, 22.0);(111.45, 21.6);(111.45, 22.0);(111.45, 22.4);(111.86, 21.6);(111.86, 22.0);(111.86, 22.4);(111.86, 22.8);(112.27, 22.0);(112.27, 22.4)",True
59659,2003-08-05 23:00:00,4.6,SURF,True,,,,,,False
59264,2003-08-06 18:00:00,61.2,SURF,True,EXTREME_TYPE5,40.0,9.0,2.0,"(111.45, 23.2);(111.86, 23.2)",True
59478,2003-08-12 14:00:00,9.8,SURF,True,,,,,,False
59653,2003-08-12 16:00:00,50.6,SURF,True,FALSE,90.0,11.0,0.0,,True
59288,2003-08-12 19:00:00,19.9,SURF,True,,,,,,False
59306,2003-08-15 18:00:00,24.0,SURF,True,EXTREME_TYPE1,235.0,12.0,12.0,"(115.14, 23.2);(115.14, 23.6);(115.55, 22.8);(115.55, 23.2);(115.55, 23.6);(115.55, 24.0);(115.95, 22.8);(115.95, 23.2);(115.95, 23.6);(115.95, 24.0);(116.36, 23.2);(116.36, 23.6)",True
59109,2003-08-15 19:00:00,59.5,SURF,True,EXTREME_TYPE1,59.0,12.0,7.0,"(115.14, 24.0);(115.55, 23.6);(115.55, 24.0);(115.55, 24.4);(115.95, 23.6);(115.95, 24.0);(116.36, 24.0)",True
59071,2003-08-16 17:00:00,13.8,SURF,True,,,,,,False
59501,2003-08-17 06:00:00,25.0,SURF,True,FALSE,170.0,12.0,0.0,,True
59288,2003-08-17 21:00:00,7.2,SURF,True,,,,,,False
59090,2003-08-17 22:00:00,15.5,SURF,True,,,,,,False
59492,2003-08-19 15:00:00,75.8,SURF,True,EXTREME_TYPE1,115.0,11.0,5.0,"(114.73, 22.8);(114.73, 23.2);(115.14, 22.8);(115.14, 23.2);(115.14, 23.6)",True
59456,2003-08-19 19:00:00,35.3,SURF,True,EXTREME_TYPE1,95.0,10.0,5.0,"(111.05, 22.4);(111.05, 22.8);(111.45, 22.0);(111.45, 22.4);(111.45, 22.8)",True
59276,2003-08-21 15:00:00,50.9,SURF,True,EXTREME_TYPE1,225.0,10.0,7.0,"(112.27, 22.8);(112.68, 22.8);(112.68, 23.2);(112.68, 23.6);(113.09, 22.8);(113.09, 23.2);(113.09, 23.6)",True
59485,2003-08-21 15:00:00,50.5,SURF,True,EXTREME_TYPE1,280.0,12.0,11.0,"(112.68, 22.4);(112.68, 22.8);(113.09, 22.0);(113.09, 22.4);(113.09, 22.8);(113.5, 22.0);(113.5, 22.4);(113.5, 22.8);(113.5, 23.2);(113.91, 22.4);(113.91, 22.8)",True
59294,2003-08-22 06:00:00,13.9,SURF,True,,,,,,False
59094,2003-09-02 16:00:00,13.1,SURF,True,,,,,,False
59318,2003-09-02 19:00:00,33.6,SURF,True,EXTREME_TYPE1,137.0,12.0,12.0,"(115.95, 23.2);(115.95, 23.6);(116.36, 22.8);(116.36, 23.2);(116.36, 23.6);(116.36, 24.0);(116.77, 22.8);(116.77, 23.2);(116.77, 23.6);(116.77, 24.0);(117.18, 23.2);(117.18, 23.6)",True
59310,2003-09-03 03:00:00,23.4,SURF,True,EXTREME_TYPE1,170.0,12.0,11.0,"(115.55, 23.6);(115.55, 24.0);(115.95, 23.2);(115.95, 23.6);(115.95, 24.0);(115.95, 24.4);(116.36, 23.2);(116.36, 23.6);(116.36, 24.0);(116.77, 23.6);(116.77, 24.0)",True
59470,2003-09-03 04:00:00,33.1,SURF,True,EXTREME_TYPE1,280.0,10.0,10.0,"(111.45, 22.8);(111.86, 22.4);(111.86, 22.8);(111.86, 23.2);(112.27, 22.4);(112.27, 22.8);(112.27, 23.2);(112.68, 22.4);(112.68, 22.8);(112.68, 23.2)",True
59298,2003-09-03 10:00:00,2.3,SURF,True,,,,,,False
59109,2003-09-03 14:00:00,10.5,SURF,True,,,,,,False
59477,2003-09-05 13:00:00,1.8,SURF,True,,,,,,False
59658,2003-09-08 09:00:00,6.0,SURF,True,,,,,,False
59315,2003-09-14 12:00:00,59.4,SURF,True,EXTREME_TYPE1,140.0,10.0,10.0,"(115.95, 23.2);(115.95, 23.6);(115.95, 24.0);(116.36, 23.2);(116.36, 23.6);(116.36, 24.0);(116.77, 23.2);(116.77, 23.6);(116.77, 24.0);(117.18, 23.6)",True
59487,2003-09-14 15:00:00,8.2,SURF,True,,,,,,False
59269,2003-09-14 16:00:00,2.5,SURF,True,,,,,,False
59488,2003-09-14 19:00:00,32.1,SURF,True,EXTREME_TYPE1,105.0,11.0,11.0,"(113.09, 22.0);(113.09, 22.4);(113.09, 22.8);(113.5, 21.6);(113.5, 22.0);(113.5, 22.4);(113.5, 22.8);(113.91, 22.0);(113.91, 22.4);(113.91, 22.8);(114.32, 22.4)",True
59485,2003-09-14 20:00:00,24.9,SURF,True,EXTREME_TYPE1,260.0,12.0,11.0,"(112.68, 22.4);(112.68, 22.8);(113.09, 22.0);(113.09, 22.4);(113.09, 22.8);(113.5, 22.0);(113.5, 22.4);(113.5, 22.8);(113.91, 22.0);(113.91, 22.4);(113.91, 22.8)",True
59480,2003-09-15 03:00:00,21.3,SURF,True,EXTREME_TYPE1,260.0,10.0,10.0,"(112.68, 22.4);(112.68, 22.8);(112.68, 23.2);(113.09, 22.4);(113.09, 22.8);(113.09, 23.2);(113.5, 22.4);(113.5, 22.8);(113.5, 23.2);(113.91, 22.8)",True
59488,2003-09-15 10:00:00,59.5,SURF,True,EXTREME_TYPE1,105.0,11.0,10.0,"(113.09, 22.0);(113.09, 22.4);(113.09, 22.8);(113.5, 22.0);(113.5, 22.4);(113.5, 22.8);(113.91, 22.0);(113.91, 22.4);(113.91, 22.8);(114.32, 22.4)",True
59485,2003-09-15 15:00:00,33.0,SURF,True,EXTREME_TYPE1,260.0,12.0,11.0,"(112.68, 22.4);(112.68, 22.8);(113.09, 22.0);(113.09, 22.4);(113.09, 22.8);(113.5, 22.0);(113.5, 22.4);(113.5, 22.8);(113.5, 23.2);(113.91, 22.4);(113.91, 22.8)",True
59310,2003-09-16 08:00:00,21.1,SURF,True,EXTREME_TYPE1,170.0,12.0,8.0,"(115.95, 23.2);(115.95, 23.6);(115.95, 24.0);(116.36, 23.2);(116.36, 23.6);(116.36, 24.0);(116.77, 23.6);(116.77, 24.0)",True
G2764,2004-01-23 03:00:00,2.7,AWST,False,,,,,,False
G2764,2004-01-23 04:00:00,80.3,AWST,False,FALSE,125.0,12.0,0.0,,True
G2764,2004-01-23 06:00:00,140.5,AWST,False,FALSE,125.0,12.0,0.0,,True
G2764,2004-01-23 14:00:00,212.7,AWST,False,FALSE,125.0,12.0,0.0,,True
G2764,2004-01-23 15:00:00,88.5,AWST,False,FALSE,125.0,12.0,0.0,,True
59480,2004-02-04 19:00:00,1.7,SURF,True,,,,,,False
59303,2004-02-05 02:00:00,3.2,SURF,True,,,,,,False
59279,2004-02-07 05:00:00,1.4,SURF,True,,,,,,False
G2764,2004-02-28 09:00:00,137.0,AWST,False,FALSE,130.0,12.0,0.0,,True
G2764,2004-02-28 10:00:00,186.0,AWST,False,FALSE,130.0,12.0,0.0,,True
G2764,2004-02-28 11:00:00,98.6,AWST,False,FALSE,130.0,12.0,0.0,,True
G2764,2004-02-28 17:00:00,31.7,AWST,False,FALSE,130.0,12.0,0.0,,True
G2764,2004-02-28 19:00:00,29.2,AWST,False,FALSE,130.0,12.0,0.0,,True
G2764,2004-03-01 12:00:00,1.7,AWST,False,,,,,,False
G2764,2004-03-06 11:00:00,203.9,AWST,False,FALSE,130.0,12.0,0.0,,True
G2764,2004-03-06 12:00:00,9.8,AWST,False,,,,,,False
G2764,2004-03-06 13:00:00,13.4,AWST,False,,,,,,False
G2764,2004-03-06 16:00:00,2.1,AWST,False,,,,,,False
G2764,2004-03-07 08:00:00,1.1,AWST,False,,,,,,False
G2764,2004-03-08 12:00:00,75.8,AWST,False,FALSE,130.0,12.0,0.0,,True
G2764,2004-03-08 23:00:00,90.1,AWST,False,FALSE,130.0,12.0,0.0,,True
G2764,2004-03-09 03:00:00,808.4,AWST,False,FALSE,130.0,12.0,0.0,,True
G2764,2004-03-09 04:00:00,443.5,AWST,False,FALSE,130.0,12.0,0.0,,True
G2764,2004-03-09 05:00:00,160.7,AWST,False,FALSE,130.0,12.0,0.0,,True
G2764,2004-03-09 07:00:00,1.4,AWST,False,,,,,,False
G2764,2004-03-10 17:00:00,117.3,AWST,False,FALSE,130.0,12.0,0.0,,True
G2764,2004-03-10 18:00:00,140.1,AWST,False,FALSE,130.0,12.0,0.0,,True
G2764,2004-03-10 19:00:00,201.8,AWST,False,FALSE,130.0,12.0,0.0,,True
G2764,2004-03-10 20:00:00,112.1,AWST,False,FALSE,130.0,12.0,0.0,,True
G2764,2004-03-11 01:00:00,256.3,AWST,False,FALSE,130.0,12.0,0.0,,True
G2764,2004-03-11 02:00:00,12.2,AWST,False,,,,,,False
G2764,2004-03-11 10:00:00,119.5,AWST,False,FALSE,130.0,12.0,0.0,,True
G2764,2004-03-11 12:00:00,68.4,AWST,False,FALSE,130.0,12.0,0.0,,True
G2764,2004-03-12 03:00:00,56.3,AWST,False,FALSE,130.0,12.0,0.0,,True
G2764,2004-03-12 06:00:00,53.4,AWST,False,FALSE,130.0,12.0,0.0,,True
G2764,2004-03-12 07:00:00,65.1,AWST,False,FALSE,130.0,12.0,0.0,,True
G2764,2004-03-12 08:00:00,451.8,AWST,False,FALSE,130.0,12.0,0.0,,True
G2764,2004-03-12 09:00:00,479.5,AWST,False,FALSE,130.0,12.0,0.0,,True
G2764,2004-03-12 10:00:00,118.8,AWST,False,FALSE,130.0,12.0,0.0,,True
G2764,2004-03-12 11:00:00,125.5,AWST,False,FALSE,130.0,12.0,0.0,,True
G2764,2004-03-12 13:00:00,340.8,AWST,False,FALSE,130.0,12.0,0.0,,True
G2764,2004-03-12 15:00:00,328.5,AWST,False,FALSE,130.0,12.0,0.0,,True
G2764,2004-03-12 16:00:00,355.2,AWST,False,FALSE,130.0,12.0,0.0,,True
G2764,2004-03-12 22:00:00,93.9,AWST,False,FALSE,130.0,12.0,0.0,,True
G2764,2004-03-12 23:00:00,416.9,AWST,False,FALSE,130.0,12.0,0.0,,True
G2764,2004-03-13 01:00:00,85.3,AWST,False,FALSE,130.0,12.0,0.0,,True
G2764,2004-03-13 04:00:00,53.2,AWST,False,FALSE,130.0,12.0,0.0,,True
G2764,2004-03-13 06:00:00,4.3,AWST,False,,,,,,False
G2764,2004-03-13 09:00:00,159.7,AWST,False,FALSE,130.0,12.0,0.0,,True
G2764,2004-03-13 10:00:00,12.5,AWST,False,,,,,,False
G2764,2004-03-13 12:00:00,61.6,AWST,False,FALSE,130.0,12.0,0.0,,True
G2764,2004-03-13 16:00:00,544.5,AWST,False,FALSE,130.0,12.0,0.0,,True
G2764,2004-03-13 19:00:00,148.6,AWST,False,FALSE,130.0,12.0,0.0,,True
59313,2004-03-26 07:00:00,3.0,SURF,True,,,,,,False
59473,2004-04-01 09:00:00,4.3,SURF,True,,,,,,False
59297,2004-04-01 14:00:00,1.0,SURF,True,,,,,,False
59655,2004-04-17 14:00:00,66.9,SURF,True,EXTREME_TYPE1,65.0,10.0,10.0,"(110.23, 21.2);(110.23, 21.6);(110.23, 22.0);(110.64, 21.2);(110.64, 21.6);(110.64, 22.0);(110.64, 22.4);(111.05, 21.2);(111.05, 21.6);(111.05, 22.0)",True
59289,2004-04-17 18:00:00,9.1,SURF,True,,,,,,False
59099,2004-05-07 05:00:00,3.4,SURF,True,,,,,,False
59653,2004-05-07 14:00:00,50.0,SURF,True,EXTREME_TYPE1,135.0,11.0,10.0,"(110.23, 21.6);(110.23, 22.0);(110.64, 21.6);(110.64, 22.0);(110.64, 22.4);(111.05, 21.6);(111.05, 22.0);(111.05, 22.4);(111.45, 21.6);(111.45, 22.0)",True
59664,2004-05-07 19:00:00,67.4,SURF,True,EXTREME_TYPE1,120.0,10.0,10.0,"(110.23, 21.6);(110.64, 21.2);(110.64, 21.6);(110.64, 22.0);(111.05, 21.2);(111.05, 21.6);(111.05, 22.0);(111.45, 21.2);(111.45, 21.6);(111.45, 22.0)",True
59664,2004-05-07 20:00:00,95.6,SURF,True,EXTREME_TYPE1,120.0,10.0,10.0,"(110.23, 21.6);(110.64, 21.2);(110.64, 21.6);(110.64, 22.0);(111.05, 21.2);(111.05, 21.6);(111.05, 22.0);(111.45, 21.2);(111.45, 21.6);(111.45, 22.0)",True
59663,2004-05-07 21:00:00,56.9,SURF,True,EXTREME_TYPE1,180.0,11.0,11.0,"(111.45, 21.6);(111.45, 22.0);(111.86, 21.2);(111.86, 21.6);(111.86, 22.0);(111.86, 22.4);(112.27, 21.6);(112.27, 22.0);(112.27, 22.4);(112.68, 21.6);(112.68, 22.0)",True
59663,2004-05-07 22:00:00,64.9,SURF,True,EXTREME_TYPE1,180.0,11.0,11.0,"(111.45, 21.6);(111.45, 22.0);(111.86, 21.2);(111.86, 21.6);(111.86, 22.0);(111.86, 22.4);(112.27, 21.6);(112.27, 22.0);(112.27, 22.4);(112.68, 21.6);(112.68, 22.0)",True
59481,2004-05-08 01:00:00,11.8,SURF,True,,,,,,False
59492,2004-05-08 03:00:00,1.2,SURF,True,,,,,,False
59663,2004-05-08 03:00:00,90.1,SURF,True,EXTREME_TYPE1,180.0,11.0,11.0,"(111.45, 21.6);(111.45, 22.0);(111.86, 21.2);(111.86, 21.6);(111.86, 22.0);(111.86, 22.4);(112.27, 21.6);(112.27, 22.0);(112.27, 22.4);(112.68, 21.6);(112.68, 22.0)",True
59284,2004-05-08 06:00:00,63.8,SURF,True,EXTREME_TYPE1,215.0,12.0,12.0,"(112.68, 23.2);(112.68, 23.6);(113.09, 22.8);(113.09, 23.2);(113.09, 23.6);(113.09, 24.0);(113.5, 22.8);(113.5, 23.2);(113.5, 23.6);(113.5, 24.0);(113.91, 23.2);(113.91, 23.6)",True
59488,2004-05-08 06:00:00,57.0,SURF,True,EXTREME_TYPE1,110.0,11.0,11.0,"(113.09, 22.0);(113.09, 22.4);(113.09, 22.8);(113.5, 21.6);(113.5, 22.0);(113.5, 22.4);(113.5, 22.8);(113.91, 22.0);(113.91, 22.4);(113.91, 22.8);(114.32, 22.4)",True
59492,2004-05-08 07:00:00,57.7,SURF,True,EXTREME_TYPE1,130.0,11.0,11.0,"(114.32, 22.4);(114.32, 22.8);(114.32, 23.2);(114.32, 23.6);(114.73, 22.4);(114.73, 22.8);(114.73, 23.2);(114.73, 23.6);(115.14, 22.8);(115.14, 23.2);(115.14, 23.6)",True
59492,2004-05-08 09:00:00,50.3,SURF,True,EXTREME_TYPE1,130.0,11.0,11.0,"(114.32, 22.4);(114.32, 22.8);(114.32, 23.2);(114.32, 23.6);(114.73, 22.4);(114.73, 22.8);(114.73, 23.2);(114.73, 23.6);(115.14, 22.8);(115.14, 23.2);(115.14, 23.6)",True
59664,2004-05-13 04:00:00,55.2,SURF,True,EXTREME_TYPE4,120.0,10.0,1.0,"(111.45, 22.0)",True
59664,2004-05-13 05:00:00,90.9,SURF,True,EXTREME_TYPE5,120.0,10.0,1.0,"(111.45, 22.0)",True
59284,2004-05-13 17:00:00,36.0,SURF,True,EXTREME_TYPE1,215.0,12.0,12.0,"(112.68, 23.2);(112.68, 23.6);(113.09, 22.8);(113.09, 23.2);(113.09, 23.6);(113.09, 24.0);(113.5, 22.8);(113.5, 23.2);(113.5, 23.6);(113.5, 24.0);(113.91, 23.2);(113.91, 23.6)",True
59278,2004-05-13 18:00:00,34.4,SURF,True,EXTREME_TYPE1,330.0,12.0,11.0,"(111.86, 22.8);(111.86, 23.2);(112.27, 22.4);(112.27, 22.8);(112.27, 23.2);(112.27, 23.6);(112.68, 22.8);(112.68, 23.2);(112.68, 23.6);(113.09, 22.8);(113.09, 23.2)",True
59663,2004-05-14 03:00:00,66.0,SURF,True,EXTREME_TYPE1,175.0,11.0,11.0,"(111.45, 21.6);(111.45, 22.0);(111.86, 21.2);(111.86, 21.6);(111.86, 22.0);(111.86, 22.4);(112.27, 21.6);(112.27, 22.0);(112.27, 22.4);(112.68, 21.6);(112.68, 22.0)",True
59492,2004-05-14 11:00:00,44.2,SURF,True,EXTREME_TYPE1,130.0,11.0,11.0,"(114.32, 22.4);(114.32, 22.8);(114.32, 23.2);(114.32, 23.6);(114.73, 22.4);(114.73, 22.8);(114.73, 23.2);(114.73, 23.6);(115.14, 22.8);(115.14, 23.2);(115.14, 23.6)",True
59264,2004-05-14 18:00:00,23.0,SURF,True,EXTREME_TYPE1,50.0,9.0,8.0,"(111.05, 23.2);(111.45, 22.8);(111.45, 23.2);(111.45, 23.6);(111.45, 24.0);(111.86, 22.8);(111.86, 23.2);(111.86, 23.6)",True
59654,2004-05-15 18:00:00,30.7,SURF,True,EXTREME_TYPE1,75.0,10.0,9.0,"(109.82, 21.2);(109.82, 21.6);(109.82, 22.0);(110.23, 21.2);(110.23, 21.6);(110.23, 22.0);(110.64, 21.2);(110.64, 21.6);(110.64, 22.0)",True
59310,2004-05-16 17:00:00,52.5,SURF,True,EXTREME_TYPE1,260.0,12.0,4.0,"(115.95, 24.4);(116.36, 24.0);(116.36, 24.4);(116.77, 24.0)",True
59663,2004-05-19 03:00:00,21.2,SURF,True,EXTREME_TYPE1,175.0,11.0,11.0,"(111.45, 21.6);(111.45, 22.0);(111.86, 21.2);(111.86, 21.6);(111.86, 22.0);(111.86, 22.4);(112.27, 21.6);(112.27, 22.0);(112.27, 22.4);(112.68, 21.6);(112.68, 22.0)",True
59074,2004-05-27 18:00:00,51.3,SURF,True,EXTREME_TYPE5,110.0,9.0,9.0,"(111.86, 24.0);(111.86, 24.4);(111.86, 24.8);(112.27, 24.0);(112.27, 24.4);(112.27, 24.8);(112.27, 25.2);(112.68, 24.4);(112.68, 24.8)",True
59456,2004-05-28 20:00:00,53.9,SURF,True,EXTREME_TYPE3,125.0,10.0,1.0,"(111.45, 22.0)",True
59285,2004-05-29 14:00:00,29.5,SURF,True,EXTREME_TYPE1,175.0,10.0,7.0,"(113.5, 23.2);(113.5, 23.6);(113.5, 24.0);(113.91, 23.2);(113.91, 23.6);(113.91, 24.0);(114.32, 23.6)",True
59082,2004-05-30 13:00:00,16.1,SURF,True,,,,,,False
59279,2004-05-31 17:00:00,37.0,SURF,True,EXTREME_TYPE1,258.0,12.0,12.0,"(112.27, 22.8);(112.27, 23.2);(112.27, 23.6);(112.68, 22.8);(112.68, 23.2);(112.68, 23.6);(113.09, 22.8);(113.09, 23.2);(113.09, 23.6);(113.5, 22.8);(113.5, 23.2);(113.5, 23.6)",True
59290,2004-06-03 03:00:00,50.9,SURF,True,EXTREME_TYPE1,75.0,11.0,6.0,"(113.5, 23.6);(113.91, 23.2);(113.91, 23.6);(113.91, 24.0);(113.91, 24.4);(114.32, 23.6)",True
59487,2004-06-16 09:00:00,12.7,SURF,True,,,,,,False
57988,2004-06-16 16:00:00,6.9,SURF,True,,,,,,False
59280,2004-06-16 17:00:00,17.8,SURF,True,,,,,,False
59088,2004-06-16 18:00:00,56.1,SURF,True,EXTREME_TYPE1,115.0,12.0,3.0,"(112.68, 24.4);(113.09, 23.6);(113.5, 23.6)",True
59502,2004-06-20 22:00:00,50.0,SURF,True,EXTREME_TYPE4,215.0,12.0,1.0,"(115.14, 23.2)",True
59488,2004-06-21 02:00:00,63.8,SURF,True,EXTREME_TYPE1,105.0,11.0,11.0,"(113.09, 22.0);(113.09, 22.4);(113.09, 22.8);(113.5, 21.6);(113.5, 22.0);(113.5, 22.4);(113.5, 22.8);(113.91, 22.0);(113.91, 22.4);(113.91, 22.8);(114.32, 22.4)",True
59488,2004-06-21 04:00:00,51.5,SURF,True,EXTREME_TYPE1,105.0,11.0,10.0,"(113.09, 22.0);(113.09, 22.4);(113.09, 22.8);(113.5, 21.6);(113.5, 22.0);(113.5, 22.4);(113.5, 22.8);(113.91, 22.0);(113.91, 22.4);(113.91, 22.8)",True
59268,2004-06-21 18:00:00,50.4,SURF,True,EXTREME_TYPE1,70.0,9.0,6.0,"(111.45, 22.8);(111.45, 23.2);(111.86, 22.8);(111.86, 23.2);(111.86, 23.6);(112.27, 23.2)",True
59304,2004-06-29 18:00:00,9.0,SURF,True,,,,,,False
59313,2004-07-01 19:00:00,2.7,SURF,True,,,,,,False
59276,2004-07-01 21:00:00,32.5,SURF,True,EXTREME_TYPE1,260.0,10.0,10.0,"(112.27, 22.8);(112.27, 23.2);(112.27, 23.6);(112.68, 22.8);(112.68, 23.2);(112.68, 23.6);(112.68, 24.0);(113.09, 22.8);(113.09, 23.2);(113.09, 23.6)",True
59306,2004-07-04 14:00:00,52.1,SURF,True,EXTREME_TYPE1,315.0,12.0,12.0,"(115.14, 23.2);(115.14, 23.6);(115.55, 22.8);(115.55, 23.2);(115.55, 23.6);(115.55, 24.0);(115.95, 22.8);(115.95, 23.2);(115.95, 23.6);(115.95, 24.0);(116.36, 23.2);(116.36, 23.6)",True
59293,2004-07-07 19:00:00,16.7,SURF,True,,,,,,False
59082,2004-07-12 11:00:00,57.8,SURF,True,EXTREME_TYPE1,85.0,12.0,8.0,"(113.09, 24.4);(113.09, 24.8);(113.5, 24.0);(113.5, 24.4);(113.5, 24.8);(113.5, 25.2);(113.91, 24.4);(113.91, 24.8)",True
59298,2004-07-14 15:00:00,21.1,SURF,True,EXTREME_TYPE1,145.0,11.0,2.0,"(113.91, 22.8);(113.91, 23.2)",True
59312,2004-07-17 13:00:00,12.9,SURF,True,,,,,,False
59312,2004-07-17 15:00:00,49.2,SURF,True,EXTREME_TYPE1,130.0,10.0,8.0,"(115.95, 23.6);(116.36, 23.2);(116.36, 23.6);(116.36, 24.0);(116.77, 23.2);(116.77, 23.6);(116.77, 24.0);(117.18, 23.6)",True
59754,2004-07-18 22:00:00,6.7,SURF,True,,,,,,False
59456,2004-07-19 06:00:00,7.9,SURF,True,,,,,,False
59650,2004-07-20 01:00:00,97.4,SURF,True,EXTREME_TYPE1,55.0,11.0,10.0,"(109.82, 21.2);(109.82, 21.6);(110.23, 20.8);(110.23, 21.2);(110.23, 21.6);(110.23, 22.0);(110.64, 20.8);(110.64, 21.2);(110.64, 21.6);(110.64, 22.0)",True
59276,2004-07-20 06:00:00,1.4,SURF,True,,,,,,False
59481,2004-07-20 08:00:00,8.2,SURF,True,,,,,,False
59492,2004-07-20 10:00:00,12.3,SURF,True,,,,,,False
59316,2004-07-28 00:00:00,26.5,SURF,True,EXTREME_TYPE1,168.0,12.0,12.0,"(115.95, 23.2);(115.95, 23.6);(116.36, 22.8);(116.36, 23.2);(116.36, 23.6);(116.36, 24.0);(116.77, 22.8);(116.77, 23.2);(116.77, 23.6);(116.77, 24.0);(117.18, 23.2);(117.18, 23.6)",True
59324,2004-07-28 09:00:00,22.5,SURF,True,EXTREME_TYPE1,40.0,10.0,10.0,"(116.36, 23.2);(116.36, 23.6);(116.77, 22.8);(116.77, 23.2);(116.77, 23.6);(116.77, 24.0);(117.18, 23.2);(117.18, 23.6);(117.18, 24.0);(117.59, 23.6)",True
59278,2004-07-28 20:00:00,23.2,SURF,True,EXTREME_TYPE1,380.0,12.0,10.0,"(111.86, 22.8);(111.86, 23.2);(112.27, 22.8);(112.27, 23.2);(112.27, 23.6);(112.68, 22.8);(112.68, 23.2);(112.68, 23.6);(113.09, 22.8);(113.09, 23.2)",True
59469,2004-07-29 17:00:00,1.5,SURF,True,,,,,,False
59654,2004-07-30 08:00:00,14.3,SURF,True,,,,,,False
59279,2004-07-30 12:00:00,24.7,SURF,True,EXTREME_TYPE1,280.0,12.0,11.0,"(112.27, 22.8);(112.27, 23.2);(112.27, 23.6);(112.68, 22.8);(112.68, 23.2);(112.68, 23.6);(113.09, 22.8);(113.09, 23.2);(113.09, 23.6);(113.5, 23.2);(113.5, 23.6)",True
59314,2004-08-02 20:00:00,11.1,SURF,True,,,,,,False
59107,2004-08-04 18:00:00,57.0,SURF,True,EXTREME_TYPE3,115.0,12.0,1.0,"(115.55, 23.6)",True
59481,2004-08-11 15:00:00,50.2,SURF,True,EXTREME_TYPE1,300.0,12.0,12.0,"(112.68, 22.8);(112.68, 23.2);(113.09, 22.4);(113.09, 22.8);(113.09, 23.2);(113.09, 23.6);(113.5, 22.4);(113.5, 22.8);(113.5, 23.2);(113.5, 23.6);(113.91, 22.8);(113.91, 23.2)",True
59493,2004-08-11 15:00:00,63.3,SURF,True,EXTREME_TYPE1,145.0,13.0,8.0,"(113.5, 22.4);(113.5, 22.8);(113.91, 22.4);(113.91, 22.8);(113.91, 23.2);(114.32, 22.4);(114.32, 22.8);(114.32, 23.2)",True
59284,2004-08-11 16:00:00,53.0,SURF,True,EXTREME_TYPE1,225.0,12.0,11.0,"(112.68, 23.2);(112.68, 23.6);(113.09, 22.8);(113.09, 23.2);(113.09, 23.6);(113.09, 24.0);(113.5, 22.8);(113.5, 23.2);(113.5, 23.6);(113.91, 23.2);(113.91, 23.6)",True
59071,2004-08-11 18:00:00,51.9,SURF,True,EXTREME_TYPE1,75.0,8.0,2.0,"(112.27, 24.4);(112.68, 24.4)",True
59288,2004-08-20 13:00:00,31.1,SURF,True,EXTREME_TYPE1,270.0,10.0,9.0,"(112.68, 22.8);(112.68, 23.2);(112.68, 23.6);(113.09, 22.8);(113.09, 23.2);(113.09, 23.6);(113.5, 22.8);(113.5, 23.2);(113.5, 23.6)",True
59109,2004-08-20 14:00:00,53.4,SURF,True,EXTREME_TYPE2,135.0,12.0,6.0,"(115.55, 24.4);(115.55, 24.8);(115.95, 23.6);(115.95, 24.0);(116.36, 24.0);(116.36, 24.4)",True
59284,2004-08-20 15:00:00,90.9,SURF,True,EXTREME_TYPE1,225.0,12.0,7.0,"(112.68, 23.2);(113.09, 22.8);(113.09, 23.2);(113.09, 23.6);(113.5, 22.8);(113.5, 23.2);(113.91, 23.2)",True
59501,2004-08-22 12:00:00,34.2,SURF,True,EXTREME_TYPE1,200.0,12.0,3.0,"(114.73, 22.8);(114.73, 23.2);(115.14, 23.2)",True
59294,2004-08-27 01:00:00,5.0,SURF,True,,,,,,False
59317,2004-08-27 16:00:00,7.9,SURF,True,,,,,,False
59673,2004-08-29 03:00:00,26.9,SURF,True,EXTREME_TYPE1,60.0,8.0,8.0,"(112.27, 21.6);(112.27, 22.0);(112.68, 21.6);(112.68, 22.0);(112.68, 22.4);(113.09, 21.6);(113.09, 22.0);(113.5, 21.6)",True
59324,2004-08-29 09:00:00,7.1,SURF,True,,,,,,False
59284,2004-08-30 22:00:00,32.3,SURF,True,EXTREME_TYPE1,225.0,12.0,11.0,"(112.68, 23.2);(112.68, 23.6);(113.09, 22.8);(113.09, 23.2);(113.09, 23.6);(113.5, 22.8);(113.5, 23.2);(113.5, 23.6);(113.5, 24.0);(113.91, 23.2);(113.91, 23.6)",True
59293,2004-09-05 16:00:00,41.8,SURF,True,EXTREME_TYPE1,80.0,11.0,1.0,"(115.14, 23.2)",True
59471,2004-09-06 13:00:00,5.3,SURF,True,,,,,,False
59487,2004-09-06 17:00:00,34.1,SURF,True,EXTREME_TYPE1,215.0,12.0,12.0,"(112.68, 22.0);(112.68, 22.4);(113.09, 21.6);(113.09, 22.0);(113.09, 22.4);(113.09, 22.8);(113.5, 21.6);(113.5, 22.0);(113.5, 22.4);(113.5, 22.8);(113.91, 22.0);(113.91, 22.4)",True
59487,2004-09-06 18:00:00,21.8,SURF,True,EXTREME_TYPE1,215.0,12.0,12.0,"(112.68, 22.0);(112.68, 22.4);(113.09, 21.6);(113.09, 22.0);(113.09, 22.4);(113.09, 22.8);(113.5, 21.6);(113.5, 22.0);(113.5, 22.4);(113.5, 22.8);(113.91, 22.0);(113.91, 22.4)",True
59750,2004-09-07 16:00:00,68.6,SURF,True,EXTREME_TYPE3,125.0,11.0,5.0,"(109.82, 20.4);(109.82, 20.8);(110.23, 20.4);(110.23, 20.8);(110.64, 20.8)",True
59324,2004-09-08 09:00:00,70.5,SURF,True,EXTREME_TYPE1,40.0,10.0,10.0,"(116.36, 23.2);(116.36, 23.6);(116.77, 22.8);(116.77, 23.2);(116.77, 23.6);(116.77, 24.0);(117.18, 23.2);(117.18, 23.6);(117.18, 24.0);(117.59, 23.6)",True
59324,2004-09-08 10:00:00,20.5,SURF,True,EXTREME_TYPE1,40.0,10.0,10.0,"(116.36, 23.2);(116.36, 23.6);(116.77, 22.8);(116.77, 23.2);(116.77, 23.6);(116.77, 24.0);(117.18, 23.2);(117.18, 23.6);(117.18, 24.0);(117.59, 23.6)",True
59294,2004-09-18 13:00:00,22.9,SURF,True,EXTREME_TYPE1,175.0,11.0,4.0,"(113.5, 23.6);(113.91, 23.2);(114.32, 23.2);(114.32, 23.6)",True
59315,2004-09-21 21:00:00,71.7,SURF,True,EXTREME_TYPE1,174.0,10.0,10.0,"(115.95, 23.2);(115.95, 23.6);(115.95, 24.0);(116.36, 23.2);(116.36, 23.6);(116.36, 24.0);(116.77, 23.2);(116.77, 23.6);(116.77, 24.0);(117.18, 23.6)",True
G2775,2004-10-22 14:00:00,888.8,AWST,False,FALSE,155.0,9.0,0.0,,True
G2775,2004-10-22 20:00:00,55.5,AWST,False,FALSE,155.0,9.0,0.0,,True
G2775,2004-10-23 19:00:00,888.8,AWST,False,FALSE,155.0,9.0,0.0,,True
G2775,2004-10-25 04:00:00,555.5,AWST,False,FALSE,155.0,9.0,0.0,,True
G2775,2004-10-26 11:00:00,888.8,AWST,False,FALSE,150.0,9.0,0.0,,True
G2775,2004-10-27 21:00:00,555.5,AWST,False,FALSE,150.0,9.0,0.0,,True
G2775,2004-10-29 06:00:00,555.5,AWST,False,FALSE,155.0,9.0,0.0,,True
G2775,2004-10-29 12:00:00,55.5,AWST,False,FALSE,155.0,9.0,0.0,,True
G2775,2004-10-31 04:00:00,555.5,AWST,False,FALSE,155.0,9.0,0.0,,True
59081,2005-02-16 14:00:00,16.0,SURF,True,,,,,,False
59500,2005-02-17 10:00:00,5.5,SURF,True,,,,,,False
59096,2005-02-28 02:00:00,7.2,SURF,True,,,,,,False
59487,2005-02-28 15:00:00,1.2,SURF,True,,,,,,False
59285,2005-03-12 10:00:00,2.4,SURF,True,,,,,,False
59673,2005-03-12 16:00:00,1.3,SURF,True,,,,,,False
G1032,2005-03-16 19:00:00,292.0,AWST,False,FALSE,287.0,11.0,0.0,,True
59081,2005-03-29 08:00:00,16.1,SURF,True,,,,,,False
59114,2005-03-29 13:00:00,25.1,SURF,True,EXTREME_TYPE1,60.0,10.0,10.0,"(115.55, 24.4);(115.55, 24.8);(115.95, 24.0);(115.95, 24.4);(115.95, 24.8);(116.36, 24.0);(116.36, 24.4);(116.36, 24.8);(116.77, 24.4);(116.77, 24.8)",True
59310,2005-03-29 22:00:00,3.0,SURF,True,,,,,,False
59288,2005-03-30 19:00:00,5.6,SURF,True,,,,,,False
59462,2005-04-01 09:00:00,6.1,SURF,True,,,,,,False
59088,2005-04-09 19:00:00,44.6,SURF,True,EXTREME_TYPE1,130.0,12.0,10.0,"(112.68, 24.0);(112.68, 24.4);(113.09, 23.6);(113.09, 24.0);(113.09, 24.4);(113.09, 24.8);(113.5, 24.0);(113.5, 24.4);(113.5, 24.8);(113.91, 24.4)",True
59656,2005-04-24 17:00:00,35.5,SURF,True,EXTREME_TYPE1,160.0,11.0,11.0,"(110.23, 21.2);(110.23, 21.6);(110.64, 20.8);(110.64, 21.2);(110.64, 21.6);(110.64, 22.0);(111.05, 21.2);(111.05, 21.6);(111.05, 22.0);(111.45, 21.2);(111.45, 21.6)",True
59297,2005-04-25 17:00:00,22.3,SURF,True,EXTREME_TYPE1,140.0,10.0,10.0,"(113.5, 23.2);(113.91, 22.8);(113.91, 23.2);(113.91, 23.6);(114.32, 22.8);(114.32, 23.2);(114.32, 23.6);(114.73, 22.8);(114.73, 23.2);(114.73, 23.6)",True
59480,2005-04-25 17:00:00,97.4,SURF,True,EXTREME_TYPE1,495.0,10.0,10.0,"(112.68, 22.4);(112.68, 22.8);(112.68, 23.2);(113.09, 22.4);(113.09, 22.8);(113.09, 23.2);(113.5, 22.4);(113.5, 22.8);(113.5, 23.2);(113.91, 22.8)",True
59298,2005-04-25 18:00:00,70.0,SURF,True,EXTREME_TYPE1,135.0,11.0,11.0,"(113.91, 22.8);(113.91, 23.2);(113.91, 23.6);(114.32, 22.4);(114.32, 22.8);(114.32, 23.2);(114.32, 23.6);(114.73, 22.8);(114.73, 23.2);(114.73, 23.6);(115.14, 23.2)",True
59653,2005-04-25 18:00:00,36.5,SURF,True,EXTREME_TYPE1,200.0,11.0,11.0,"(110.23, 21.6);(110.23, 22.0);(110.64, 21.6);(110.64, 22.0);(110.64, 22.4);(111.05, 21.6);(111.05, 22.0);(111.05, 22.4);(111.45, 21.6);(111.45, 22.0);(111.45, 22.4)",True
59480,2005-04-25 19:00:00,13.0,SURF,True,,,,,,False
59287,2005-04-25 20:00:00,23.2,SURF,True,EXTREME_TYPE1,323.0,9.0,9.0,"(113.09, 22.8);(113.09, 23.2);(113.09, 23.6);(113.5, 22.8);(113.5, 23.2);(113.5, 23.6);(113.91, 22.8);(113.91, 23.2);(113.91, 23.6)",True
59314,2005-04-27 17:00:00,1.0,SURF,True,,,,,,False
59656,2005-04-28 11:00:00,8.5,SURF,True,,,,,,False
59269,2005-05-06 00:00:00,34.0,SURF,True,EXTREME_TYPE1,225.0,9.0,9.0,"(111.45, 22.8);(111.45, 23.2);(111.45, 23.6);(111.86, 22.8);(111.86, 23.2);(111.86, 23.6);(112.27, 22.8);(112.27, 23.2);(112.27, 23.6)",True
59297,2005-05-06 01:00:00,8.0,SURF,True,,,,,,False
59297,2005-05-06 02:00:00,55.8,SURF,True,EXTREME_TYPE1,140.0,10.0,10.0,"(113.5, 23.2);(113.91, 22.8);(113.91, 23.2);(113.91, 23.6);(114.32, 22.8);(114.32, 23.2);(114.32, 23.6);(114.73, 22.8);(114.73, 23.2);(114.73, 23.6)",True
59493,2005-05-06 03:00:00,21.8,SURF,True,EXTREME_TYPE1,160.0,13.0,12.0,"(113.5, 22.0);(113.5, 22.4);(113.5, 22.8);(113.91, 22.0);(113.91, 22.4);(113.91, 22.8);(113.91, 23.2);(114.32, 22.4);(114.32, 22.8);(114.32, 23.2);(114.73, 22.4);(114.73, 22.8)",True
59673,2005-05-06 07:00:00,3.8,SURF,True,,,,,,False
59285,2005-05-09 10:00:00,57.7,SURF,True,EXTREME_TYPE1,155.0,10.0,10.0,"(113.09, 23.2);(113.09, 23.6);(113.09, 24.0);(113.5, 23.2);(113.5, 23.6);(113.5, 24.0);(113.91, 23.2);(113.91, 23.6);(113.91, 24.0);(114.32, 23.6)",True
59477,2005-05-10 00:00:00,20.5,SURF,True,EXTREME_TYPE1,500.0,10.0,10.0,"(111.86, 22.0);(111.86, 22.4);(111.86, 22.8);(112.27, 21.6);(112.27, 22.0);(112.27, 22.4);(112.27, 22.8);(112.68, 22.0);(112.68, 22.4);(112.68, 22.8)",True
59114,2005-05-13 17:00:00,11.7,SURF,True,,,,,,False
59087,2005-05-15 13:00:00,12.6,SURF,True,,,,,,False
59315,2005-05-17 11:00:00,22.2,SURF,True,EXTREME_TYPE1,135.0,10.0,10.0,"(115.95, 23.2);(115.95, 23.6);(115.95, 24.0);(116.36, 23.2);(116.36, 23.6);(116.36, 24.0);(116.77, 23.2);(116.77, 23.6);(116.77, 24.0);(117.18, 23.6)",True
59485,2005-05-18 14:00:00,17.2,SURF,True,,,,,,False
59278,2005-05-18 15:00:00,9.7,SURF,True,,,,,,False
59075,2005-05-20 09:00:00,56.0,SURF,True,EXTREME_TYPE1,160.0,12.0,10.0,"(111.86, 24.4);(112.27, 24.0);(112.27, 24.4);(112.27, 24.8);(112.68, 24.0);(112.68, 24.4);(112.68, 24.8);(113.09, 24.0);(113.09, 24.4);(113.09, 24.8)",True
59488,2005-05-24 04:00:00,7.6,SURF,True,,,,,,False
59096,2005-05-24 09:00:00,4.1,SURF,True,,,,,,False
59294,2005-05-25 16:00:00,68.6,SURF,True,EXTREME_TYPE1,155.0,11.0,7.0,"(113.09, 23.2);(113.5, 22.8);(113.5, 23.2);(113.5, 23.6);(113.91, 22.8);(113.91, 23.2);(113.91, 23.6)",True
59278,2005-05-25 18:00:00,60.2,SURF,True,EXTREME_TYPE1,610.0,12.0,12.0,"(111.86, 22.8);(111.86, 23.2);(112.27, 22.4);(112.27, 22.8);(112.27, 23.2);(112.27, 23.6);(112.68, 22.4);(112.68, 22.8);(112.68, 23.2);(112.68, 23.6);(113.09, 22.8);(113.09, 23.2)",True
59289,2005-05-27 20:00:00,69.4,SURF,True,EXTREME_TYPE1,240.0,12.0,12.0,"(113.09, 22.8);(113.09, 23.2);(113.5, 22.4);(113.5, 22.8);(113.5, 23.2);(113.5, 23.6);(113.91, 22.4);(113.91, 22.8);(113.91, 23.2);(113.91, 23.6);(114.32, 22.8);(114.32, 23.2)",True
59317,2005-06-02 06:00:00,81.2,SURF,True,EXTREME_TYPE1,230.0,9.0,7.0,"(115.95, 22.8);(115.95, 23.2);(116.36, 22.8);(116.36, 23.2);(116.36, 23.6);(116.77, 22.8);(116.77, 23.2)",True
59317,2005-06-02 07:00:00,67.9,SURF,True,EXTREME_TYPE1,230.0,9.0,7.0,"(115.95, 22.8);(115.95, 23.2);(116.36, 22.8);(116.36, 23.2);(116.36, 23.6);(116.77, 22.8);(116.77, 23.2)",True
57996,2005-06-02 11:00:00,29.2,SURF,True,EXTREME_TYPE1,40.0,10.0,9.0,"(113.5, 25.2);(113.91, 24.8);(113.91, 25.2);(113.91, 25.6);(114.32, 24.8);(114.32, 25.2);(114.32, 25.6);(114.73, 24.8);(114.73, 25.2)",True
59094,2005-06-02 18:00:00,21.2,SURF,True,EXTREME_TYPE1,70.0,12.0,12.0,"(113.5, 24.0);(113.5, 24.4);(113.5, 24.8);(113.91, 24.0);(113.91, 24.4);(113.91, 24.8);(114.32, 24.0);(114.32, 24.4);(114.32, 24.8);(114.73, 24.0);(114.73, 24.4);(114.73, 24.8)",True
59097,2005-06-03 20:00:00,51.2,SURF,True,EXTREME_TYPE1,60.0,10.0,10.0,"(113.5, 24.0);(113.91, 23.6);(113.91, 24.0);(113.91, 24.4);(114.32, 23.6);(114.32, 24.0);(114.32, 24.4);(114.73, 23.6);(114.73, 24.0);(114.73, 24.4)",True
59094,2005-06-05 00:00:00,30.5,SURF,True,EXTREME_TYPE1,70.0,12.0,12.0,"(113.5, 24.0);(113.5, 24.4);(113.5, 24.8);(113.91, 24.0);(113.91, 24.4);(113.91, 24.8);(114.32, 24.0);(114.32, 24.4);(114.32, 24.8);(114.73, 24.0);(114.73, 24.4);(114.73, 24.8)",True
59673,2005-06-05 04:00:00,65.7,SURF,True,EXTREME_TYPE1,60.0,8.0,6.0,"(112.68, 21.6);(112.68, 22.0);(112.68, 22.4);(113.09, 21.6);(113.09, 22.0);(113.5, 21.6)",True
59656,2005-06-05 07:00:00,78.9,SURF,True,EXTREME_TYPE1,120.0,11.0,11.0,"(110.23, 21.2);(110.23, 21.6);(110.64, 20.8);(110.64, 21.2);(110.64, 21.6);(110.64, 22.0);(111.05, 21.2);(111.05, 21.6);(111.05, 22.0);(111.45, 21.2);(111.45, 21.6)",True
59650,2005-06-08 11:00:00,56.5,SURF,True,EXTREME_TYPE1,160.0,11.0,10.0,"(109.82, 21.2);(109.82, 21.6);(110.23, 20.8);(110.23, 21.2);(110.23, 21.6);(110.23, 22.0);(110.64, 20.8);(110.64, 21.2);(110.64, 21.6);(110.64, 22.0)",True
59650,2005-06-08 12:00:00,65.5,SURF,True,EXTREME_TYPE1,160.0,11.0,10.0,"(109.82, 21.2);(109.82, 21.6);(110.23, 20.8);(110.23, 21.2);(110.23, 21.6);(110.23, 22.0);(110.64, 20.8);(110.64, 21.2);(110.64, 21.6);(110.64, 22.0)",True
59656,2005-06-10 20:00:00,24.7,SURF,True,EXTREME_TYPE1,120.0,11.0,2.0,"(111.05, 22.0);(111.45, 21.6)",True
59114,2005-06-11 19:00:00,21.0,SURF,True,EXTREME_TYPE1,60.0,10.0,10.0,"(115.55, 24.4);(115.55, 24.8);(115.95, 24.0);(115.95, 24.4);(115.95, 24.8);(116.36, 24.0);(116.36, 24.4);(116.36, 24.8);(116.77, 24.4);(116.77, 24.8)",True
59107,2005-06-12 04:00:00,56.0,SURF,True,EXTREME_TYPE1,170.0,12.0,12.0,"(114.73, 23.6);(114.73, 24.0);(114.73, 24.4);(115.14, 23.6);(115.14, 24.0);(115.14, 24.4);(115.14, 24.8);(115.55, 23.6);(115.55, 24.0);(115.55, 24.4);(115.95, 24.0);(115.95, 24.4)",True
59314,2005-06-12 17:00:00,61.8,SURF,True,EXTREME_TYPE1,245.0,12.0,9.0,"(115.55, 23.6);(115.95, 23.2);(115.95, 23.6);(115.95, 24.0);(116.36, 23.2);(116.36, 23.6);(116.36, 24.0);(116.77, 23.2);(116.77, 23.6)",True
59653,2005-06-13 17:00:00,1.8,SURF,True,,,,,,False
59293,2005-06-14 06:00:00,56.0,SURF,True,FALSE,100.0,11.0,0.0,,True
59488,2005-06-14 15:00:00,21.0,SURF,True,EXTREME_TYPE1,140.0,11.0,10.0,"(113.09, 22.0);(113.09, 22.4);(113.09, 22.8);(113.5, 22.0);(113.5, 22.4);(113.5, 22.8);(113.91, 22.0);(113.91, 22.4);(113.91, 22.8);(114.32, 22.4)",True
59488,2005-06-14 16:00:00,55.8,SURF,True,EXTREME_TYPE1,140.0,11.0,10.0,"(113.09, 22.0);(113.09, 22.4);(113.09, 22.8);(113.5, 22.0);(113.5, 22.4);(113.5, 22.8);(113.91, 22.0);(113.91, 22.4);(113.91, 22.8);(114.32, 22.4)",True
59477,2005-06-14 17:00:00,50.4,SURF,True,EXTREME_TYPE1,430.0,10.0,9.0,"(111.86, 22.0);(111.86, 22.4);(111.86, 22.8);(112.27, 22.0);(112.27, 22.4);(112.27, 22.8);(112.68, 22.0);(112.68, 22.4);(112.68, 22.8)",True
59289,2005-06-15 08:00:00,76.0,SURF,True,EXTREME_TYPE1,225.0,12.0,9.0,"(113.09, 23.2);(113.5, 22.8);(113.5, 23.2);(113.5, 23.6);(113.91, 22.8);(113.91, 23.2);(113.91, 23.6);(114.32, 22.8);(114.32, 23.2)",True
59117,2005-06-16 00:00:00,39.4,SURF,True,EXTREME_TYPE1,92.0,12.0,12.0,"(115.55, 24.0);(115.55, 24.4);(115.55, 24.8);(115.95, 23.6);(115.95, 24.0);(115.95, 24.4);(115.95, 24.8);(116.36, 24.0);(116.36, 24.4);(116.36, 24.8);(116.77, 24.0);(116.77, 24.4)",True
59653,2005-06-17 17:00:00,74.7,SURF,True,EXTREME_TYPE1,155.0,11.0,3.0,"(110.23, 21.6);(110.23, 22.0);(110.64, 21.6)",True
59082,2005-06-17 19:00:00,30.0,SURF,True,EXTREME_TYPE1,80.0,12.0,12.0,"(113.09, 24.4);(113.09, 24.8);(113.09, 25.2);(113.5, 24.0);(113.5, 24.4);(113.5, 24.8);(113.5, 25.2);(113.91, 24.4);(113.91, 24.8);(113.91, 25.2);(114.32, 24.4);(114.32, 24.8)",True
59493,2005-06-18 06:00:00,1.1,SURF,True,,,,,,False
59290,2005-06-20 06:00:00,72.3,SURF,True,EXTREME_TYPE2,75.0,11.0,7.0,"(113.5, 23.6);(113.91, 23.6);(113.91, 24.0);(113.91, 24.4);(114.32, 23.6);(114.32, 24.0);(114.32, 24.4)",True
59293,2005-06-20 14:00:00,30.9,SURF,True,EXTREME_TYPE1,100.0,11.0,11.0,"(114.32, 23.2);(114.32, 23.6);(114.32, 24.0);(114.73, 23.2);(114.73, 23.6);(114.73, 24.0);(114.73, 24.4);(115.14, 23.2);(115.14, 23.6);(115.14, 24.0);(115.14, 24.4)",True
59298,2005-06-20 20:00:00,21.6,SURF,True,EXTREME_TYPE1,135.0,11.0,11.0,"(113.91, 22.8);(113.91, 23.2);(113.91, 23.6);(114.32, 22.4);(114.32, 22.8);(114.32, 23.2);(114.32, 23.6);(114.73, 22.8);(114.73, 23.2);(114.73, 23.6);(115.14, 23.2)",True
59290,2005-06-21 06:00:00,72.7,SURF,True,EXTREME_TYPE1,75.0,11.0,9.0,"(113.91, 23.6);(113.91, 24.0);(113.91, 24.4);(114.32, 23.2);(114.32, 23.6);(114.32, 24.0);(114.32, 24.4);(114.73, 23.6);(114.73, 24.0)",True
59293,2005-06-21 07:00:00,66.5,SURF,True,EXTREME_TYPE1,100.0,11.0,6.0,"(114.32, 23.2);(114.32, 23.6);(114.32, 24.0);(114.73, 23.6);(114.73, 24.0);(114.73, 24.4)",True
59097,2005-06-21 08:00:00,64.5,SURF,True,EXTREME_TYPE1,65.0,10.0,9.0,"(113.91, 23.6);(113.91, 24.0);(113.91, 24.4);(114.32, 23.6);(114.32, 24.0);(114.32, 24.4);(114.73, 23.6);(114.73, 24.0);(114.73, 24.4)",True
59293,2005-06-21 08:00:00,58.5,SURF,True,EXTREME_TYPE1,100.0,11.0,6.0,"(114.32, 23.2);(114.32, 23.6);(114.32, 24.0);(114.73, 23.6);(114.73, 24.0);(114.73, 24.4)",True
59487,2005-06-21 10:00:00,60.0,SURF,True,EXTREME_TYPE1,280.0,12.0,12.0,"(112.68, 22.0);(112.68, 22.4);(113.09, 21.6);(113.09, 22.0);(113.09, 22.4);(113.09, 22.8);(113.5, 21.6);(113.5, 22.0);(113.5, 22.4);(113.5, 22.8);(113.91, 22.0);(113.91, 22.4)",True
59315,2005-06-21 11:00:00,39.8,SURF,True,EXTREME_TYPE1,170.0,10.0,10.0,"(115.95, 23.2);(115.95, 23.6);(115.95, 24.0);(116.36, 23.2);(116.36, 23.6);(116.36, 24.0);(116.77, 23.2);(116.77, 23.6);(116.77, 24.0);(117.18, 23.6)",True
59278,2005-06-21 18:00:00,52.4,SURF,True,EXTREME_TYPE1,505.0,12.0,12.0,"(111.86, 22.8);(111.86, 23.2);(112.27, 22.4);(112.27, 22.8);(112.27, 23.2);(112.27, 23.6);(112.68, 22.4);(112.68, 22.8);(112.68, 23.2);(112.68, 23.6);(113.09, 22.8);(113.09, 23.2)",True
59500,2005-06-22 00:00:00,56.2,SURF,True,EXTREME_TYPE1,215.0,12.0,11.0,"(114.73, 22.8);(114.73, 23.2);(115.14, 22.4);(115.14, 22.8);(115.14, 23.2);(115.55, 22.4);(115.55, 22.8);(115.55, 23.2);(115.55, 23.6);(115.95, 22.8);(115.95, 23.2)",True
59314,2005-06-22 02:00:00,52.3,SURF,True,EXTREME_TYPE1,250.0,12.0,10.0,"(115.55, 23.2);(115.55, 23.6);(115.95, 22.8);(115.95, 23.2);(115.95, 23.6);(116.36, 23.2);(116.36, 23.6);(116.36, 24.0);(116.77, 23.2);(116.77, 23.6)",True
59298,2005-06-22 06:00:00,62.8,SURF,True,EXTREME_TYPE1,135.0,11.0,11.0,"(113.91, 22.8);(113.91, 23.2);(113.91, 23.6);(114.32, 22.4);(114.32, 22.8);(114.32, 23.2);(114.32, 23.6);(114.73, 22.8);(114.73, 23.2);(114.73, 23.6);(115.14, 23.2)",True
59082,2005-06-22 14:00:00,52.4,SURF,True,EXTREME_TYPE1,80.0,12.0,11.0,"(113.09, 24.4);(113.09, 24.8);(113.5, 24.0);(113.5, 24.4);(113.5, 24.8);(113.5, 25.2);(113.91, 24.4);(113.91, 24.8);(113.91, 25.2);(114.32, 24.4);(114.32, 24.8)",True
59493,2005-06-24 06:00:00,25.5,SURF,True,EXTREME_TYPE1,155.0,13.0,12.0,"(113.5, 22.0);(113.5, 22.4);(113.5, 22.8);(113.91, 22.0);(113.91, 22.4);(113.91, 22.8);(113.91, 23.2);(114.32, 22.4);(114.32, 22.8);(114.32, 23.2);(114.73, 22.4);(114.73, 22.8)",True
59485,2005-06-24 10:00:00,1.8,SURF,True,,,,,,False
59663,2005-06-28 09:00:00,44.5,SURF,True,EXTREME_TYPE4,180.0,11.0,3.0,"(112.27, 22.0);(112.27, 22.4);(112.68, 22.0)",True
59673,2005-06-30 05:00:00,32.7,SURF,True,EXTREME_TYPE1,60.0,8.0,8.0,"(112.27, 21.6);(112.27, 22.0);(112.68, 21.6);(112.68, 22.0);(112.68, 22.4);(113.09, 21.6);(113.09, 22.0);(113.5, 21.6)",True
59477,2005-06-30 09:00:00,32.9,SURF,True,EXTREME_TYPE1,500.0,10.0,10.0,"(111.86, 22.0);(111.86, 22.4);(111.86, 22.8);(112.27, 21.6);(112.27, 22.0);(112.27, 22.4);(112.27, 22.8);(112.68, 22.0);(112.68, 22.4);(112.68, 22.8)",True
59500,2005-07-01 05:00:00,32.0,SURF,True,EXTREME_TYPE3,200.0,12.0,4.0,"(115.14, 23.2);(115.14, 23.6);(115.55, 23.2);(115.55, 23.6)",True
59279,2005-07-22 15:00:00,54.6,SURF,True,EXTREME_TYPE1,265.0,12.0,12.0,"(112.27, 22.8);(112.27, 23.2);(112.27, 23.6);(112.68, 22.8);(112.68, 23.2);(112.68, 23.6);(113.09, 22.8);(113.09, 23.2);(113.09, 23.6);(113.5, 22.8);(113.5, 23.2);(113.5, 23.6)",True
59304,2005-07-24 17:00:00,11.8,SURF,True,,,,,,False
G1071,2005-07-24 19:00:00,28.0,AWST,False,FALSE,295.0,12.0,0.0,,True
G1071,2005-07-24 21:00:00,325.5,AWST,False,FALSE,295.0,12.0,0.0,,True
G1015,2005-07-25 01:00:00,25.5,AWST,False,FALSE,295.0,12.0,0.0,,True
59271,2005-07-31 12:00:00,22.4,SURF,True,EXTREME_TYPE1,215.0,11.0,8.0,"(111.86, 24.0);(112.27, 23.2);(112.27, 24.0);(112.68, 23.2);(112.68, 23.6);(112.68, 24.0);(113.09, 23.6);(113.09, 24.0)",True
59287,2005-08-04 23:00:00,88.8,SURF,True,EXTREME_TYPE1,400.0,9.0,9.0,"(113.09, 22.8);(113.09, 23.2);(113.09, 23.6);(113.5, 22.8);(113.5, 23.2);(113.5, 23.6);(113.91, 22.8);(113.91, 23.2);(113.91, 23.6)",True
59303,2005-08-06 22:00:00,2.0,SURF,True,,,,,,False
59297,2005-08-07 07:00:00,69.7,SURF,True,FALSE,140.0,10.0,0.0,,True
59318,2005-08-13 17:00:00,12.1,SURF,True,,,,,,False
59318,2005-08-14 02:00:00,65.7,SURF,True,EXTREME_TYPE1,170.0,12.0,11.0,"(115.95, 23.2);(115.95, 23.6);(116.36, 22.8);(116.36, 23.2);(116.36, 23.6);(116.77, 22.8);(116.77, 23.2);(116.77, 23.6);(116.77, 24.0);(117.18, 23.2);(117.18, 23.6)",True
59462,2005-08-14 06:00:00,34.2,SURF,True,EXTREME_TYPE1,236.0,11.0,7.0,"(111.05, 22.8);(111.05, 23.2);(111.45, 22.4);(111.45, 22.8);(111.45, 23.2);(111.86, 22.8);(111.86, 23.2)",True
59318,2005-08-14 17:00:00,11.5,SURF,True,,,,,,False
59096,2005-08-15 17:00:00,30.9,SURF,True,EXTREME_TYPE1,65.0,12.0,7.0,"(113.91, 24.0);(113.91, 24.4);(113.91, 24.8);(114.32, 24.0);(114.32, 24.4);(114.32, 24.8);(115.14, 24.8)",True
59469,2005-08-18 16:00:00,23.9,SURF,True,EXTREME_TYPE1,215.0,11.0,11.0,"(111.05, 22.0);(111.45, 21.6);(111.45, 22.0);(111.45, 22.4);(111.86, 21.6);(111.86, 22.0);(111.86, 22.4);(111.86, 22.8);(112.27, 21.6);(112.27, 22.0);(112.27, 22.4)",True
59287,2005-08-21 04:00:00,23.6,SURF,True,EXTREME_TYPE1,400.0,9.0,9.0,"(113.09, 22.8);(113.09, 23.2);(113.09, 23.6);(113.5, 22.8);(113.5, 23.2);(113.5, 23.6);(113.91, 22.8);(113.91, 23.2);(113.91, 23.6)",True
59317,2005-08-21 12:00:00,23.2,SURF,True,EXTREME_TYPE1,225.0,9.0,8.0,"(115.95, 22.8);(115.95, 23.2);(115.95, 23.6);(116.36, 22.8);(116.36, 23.2);(116.36, 23.6);(116.77, 22.8);(116.77, 23.2)",True
59117,2005-08-24 14:00:00,2.9,SURF,True,,,,,,False
59297,2005-09-03 10:00:00,18.7,SURF,True,,,,,,False
59099,2005-09-03 17:00:00,3.7,SURF,True,,,,,,False
59487,2005-09-04 04:00:00,32.2,SURF,True,EXTREME_TYPE1,260.0,12.0,9.0,"(112.68, 22.4);(113.09, 22.0);(113.09, 22.4);(113.09, 22.8);(113.5, 22.0);(113.5, 22.4);(113.5, 22.8);(113.91, 22.0);(113.91, 22.4)",True
59278,2005-09-04 06:00:00,1.7,SURF,True,,,,,,False
59317,2005-09-07 15:00:00,75.1,SURF,True,EXTREME_TYPE1,240.0,9.0,7.0,"(115.95, 22.8);(115.95, 23.2);(115.95, 23.6);(116.36, 22.8);(116.36, 23.2);(116.36, 23.6);(116.77, 23.2)",True
59271,2005-09-09 05:00:00,57.8,SURF,True,EXTREME_TYPE1,255.0,11.0,5.0,"(112.68, 23.2);(112.68, 23.6);(112.68, 24.0);(113.09, 23.6);(113.09, 24.0)",True
59492,2005-09-09 18:00:00,15.4,SURF,True,,,,,,False
59656,2005-09-19 04:00:00,35.9,SURF,True,EXTREME_TYPE1,120.0,11.0,11.0,"(110.23, 21.2);(110.23, 21.6);(110.64, 20.8);(110.64, 21.2);(110.64, 21.6);(110.64, 22.0);(111.05, 21.2);(111.05, 21.6);(111.05, 22.0);(111.45, 21.2);(111.45, 21.6)",True
59501,2005-09-24 17:00:00,1.3,SURF,True,,,,,,False
59488,2005-09-25 11:00:00,9.7,SURF,True,,,,,,False
59658,2005-09-26 05:00:00,22.0,SURF,True,EXTREME_TYPE1,100.0,10.0,10.0,"(109.82, 20.8);(109.82, 21.2);(109.82, 21.6);(110.23, 20.8);(110.23, 21.2);(110.23, 21.6);(110.64, 20.8);(110.64, 21.2);(110.64, 21.6);(111.05, 21.2)",True
59658,2005-09-26 14:00:00,4.9,SURF,True,,,,,,False
59663,2005-09-27 06:00:00,25.8,SURF,True,EXTREME_TYPE1,180.0,11.0,8.0,"(111.86, 21.6);(111.86, 22.0);(111.86, 22.4);(112.27, 21.6);(112.27, 22.0);(112.27, 22.4);(112.68, 21.6);(112.68, 22.0)",True
59316,2005-10-03 13:00:00,20.7,SURF,True,EXTREME_TYPE1,167.0,12.0,12.0,"(115.95, 23.2);(115.95, 23.6);(116.36, 22.8);(116.36, 23.2);(116.36, 23.6);(116.36, 24.0);(116.77, 22.8);(116.77, 23.2);(116.77, 23.6);(116.77, 24.0);(117.18, 23.2);(117.18, 23.6)",True
57988,2006-01-19 08:00:00,6.5,SURF,True,,,,,,False
G2635,2006-02-15 14:00:00,900.0,AWST,False,FALSE,40.0,10.0,0.0,,True
G2635,2006-02-16 02:00:00,400.0,AWST,False,FALSE,40.0,10.0,0.0,,True
59312,2006-02-18 19:00:00,1.4,SURF,True,,,,,,False
59270,2006-02-25 14:00:00,5.5,SURF,True,,,,,,False
59117,2006-02-28 05:00:00,1.2,SURF,True,,,,,,False
59094,2006-03-06 10:00:00,10.4,SURF,True,,,,,,False
59493,2006-03-06 14:00:00,1.3,SURF,True,,,,,,False
59284,2006-03-20 04:00:00,9.8,SURF,True,,,,,,False
59271,2006-03-23 10:00:00,31.0,SURF,True,EXTREME_TYPE1,45.0,11.0,11.0,"(111.86, 23.2);(111.86, 23.6);(111.86, 24.0);(112.27, 23.2);(112.27, 23.6);(112.27, 24.0);(112.68, 23.2);(112.68, 23.6);(112.68, 24.0);(113.09, 23.6);(113.09, 24.0)",True
59492,2006-03-23 11:00:00,14.4,SURF,True,,,,,,False
59270,2006-04-07 12:00:00,4.5,SURF,True,,,,,,False
59754,2006-04-07 16:00:00,69.6,SURF,True,EXTREME_TYPE1,95.0,5.0,5.0,"(109.82, 20.4);(109.82, 20.8);(110.23, 20.4);(110.23, 20.8);(110.64, 20.8)",True
59316,2006-04-10 09:00:00,55.2,SURF,True,EXTREME_TYPE1,110.0,12.0,12.0,"(115.95, 23.2);(115.95, 23.6);(116.36, 22.8);(116.36, 23.2);(116.36, 23.6);(116.36, 24.0);(116.77, 22.8);(116.77, 23.2);(116.77, 23.6);(116.77, 24.0);(117.18, 23.2);(117.18, 23.6)",True
59116,2006-04-13 04:00:00,6.2,SURF,True,,,,,,False
59314,2006-04-27 14:00:00,2.4,SURF,True,,,,,,False
59297,2006-04-28 04:00:00,57.3,SURF,True,EXTREME_TYPE1,60.0,10.0,10.0,"(113.5, 23.2);(113.91, 22.8);(113.91, 23.2);(113.91, 23.6);(114.32, 22.8);(114.32, 23.2);(114.32, 23.6);(114.73, 22.8);(114.73, 23.2);(114.73, 23.6)",True
59316,2006-04-28 05:00:00,5.6,SURF,True,,,,,,False
59268,2006-05-02 14:00:00,73.6,SURF,True,EXTREME_TYPE5,155.0,9.0,1.0,"(111.05, 22.8)",True
59650,2006-05-02 17:00:00,20.4,SURF,True,EXTREME_TYPE1,160.0,11.0,11.0,"(109.82, 21.2);(109.82, 21.6);(109.82, 22.0);(110.23, 20.8);(110.23, 21.2);(110.23, 21.6);(110.23, 22.0);(110.64, 20.8);(110.64, 21.2);(110.64, 21.6);(110.64, 22.0)",True
59650,2006-05-03 14:00:00,51.4,SURF,True,EXTREME_TYPE1,160.0,11.0,10.0,"(109.82, 21.2);(109.82, 21.6);(110.23, 20.8);(110.23, 21.2);(110.23, 21.6);(110.23, 22.0);(110.64, 20.8);(110.64, 21.2);(110.64, 21.6);(110.64, 22.0)",True
59663,2006-05-04 08:00:00,83.1,SURF,True,FALSE,30.0,11.0,0.0,,True
59663,2006-05-04 20:00:00,103.6,SURF,True,FALSE,30.0,11.0,0.0,,True
59663,2006-05-04 21:00:00,82.0,SURF,True,FALSE,30.0,11.0,0.0,,True
57989,2006-05-06 18:00:00,4.7,SURF,True,,,,,,False
59090,2006-05-06 18:00:00,24.9,SURF,True,EXTREME_TYPE1,39.0,12.0,10.0,"(113.5, 24.8);(113.5, 25.2);(113.91, 24.4);(113.91, 24.8);(113.91, 25.2);(113.91, 25.6);(114.32, 24.4);(114.32, 24.8);(114.32, 25.2);(114.73, 24.8)",True
59285,2006-05-06 20:00:00,55.0,SURF,True,EXTREME_TYPE1,245.0,10.0,10.0,"(113.09, 23.2);(113.09, 23.6);(113.09, 24.0);(113.5, 23.2);(113.5, 23.6);(113.5, 24.0);(113.91, 23.2);(113.91, 23.6);(113.91, 24.0);(114.32, 23.6)",True
59269,2006-05-06 21:00:00,66.1,SURF,True,EXTREME_TYPE1,146.0,9.0,7.0,"(111.45, 23.2);(111.86, 22.8);(111.86, 23.2);(111.86, 23.6);(112.27, 22.8);(112.27, 23.2);(112.27, 23.6)",True
59276,2006-05-10 16:00:00,51.3,SURF,True,EXTREME_TYPE1,503.0,10.0,9.0,"(112.27, 22.8);(112.27, 23.2);(112.27, 23.6);(112.68, 22.8);(112.68, 23.2);(112.68, 23.6);(113.09, 22.8);(113.09, 23.2);(113.09, 23.6)",True
59287,2006-05-10 18:00:00,52.5,SURF,True,EXTREME_TYPE1,494.0,9.0,9.0,"(113.09, 22.8);(113.09, 23.2);(113.09, 23.6);(113.5, 22.8);(113.5, 23.2);(113.5, 23.6);(113.91, 22.8);(113.91, 23.2);(113.91, 23.6)",True
59090,2006-05-16 15:00:00,1.3,SURF,True,,,,,,False
59313,2006-05-17 23:00:00,34.6,SURF,True,EXTREME_TYPE1,38.0,9.0,9.0,"(116.36, 23.6);(116.36, 24.0);(116.77, 23.2);(116.77, 23.6);(116.77, 24.0);(117.18, 23.2);(117.18, 23.6);(117.18, 24.0);(117.59, 23.6)",True
59316,2006-05-18 00:00:00,53.1,SURF,True,EXTREME_TYPE1,153.0,12.0,12.0,"(115.95, 23.2);(115.95, 23.6);(116.36, 22.8);(116.36, 23.2);(116.36, 23.6);(116.36, 24.0);(116.77, 22.8);(116.77, 23.2);(116.77, 23.6);(116.77, 24.0);(117.18, 23.2);(117.18, 23.6)",True
59318,2006-05-18 00:00:00,55.8,SURF,True,EXTREME_TYPE1,153.0,12.0,12.0,"(115.95, 23.2);(115.95, 23.6);(116.36, 22.8);(116.36, 23.2);(116.36, 23.6);(116.36, 24.0);(116.77, 22.8);(116.77, 23.2);(116.77, 23.6);(116.77, 24.0);(117.18, 23.2);(117.18, 23.6)",True
59673,2006-05-21 14:00:00,31.0,SURF,True,EXTREME_TYPE1,10.0,8.0,7.0,"(112.27, 22.0);(112.68, 21.6);(112.68, 22.0);(112.68, 22.4);(113.09, 21.6);(113.09, 22.0);(113.5, 21.6)",True
59478,2006-05-21 17:00:00,26.8,SURF,True,EXTREME_TYPE1,343.0,12.0,12.0,"(112.27, 22.0);(112.27, 22.4);(112.68, 21.6);(112.68, 22.0);(112.68, 22.4);(112.68, 22.8);(113.09, 21.6);(113.09, 22.0);(113.09, 22.4);(113.09, 22.8);(113.5, 22.0);(113.5, 22.4)",True
59500,2006-05-21 17:00:00,26.7,SURF,True,EXTREME_TYPE1,135.0,12.0,12.0,"(114.73, 22.8);(114.73, 23.2);(115.14, 22.4);(115.14, 22.8);(115.14, 23.2);(115.14, 23.6);(115.55, 22.4);(115.55, 22.8);(115.55, 23.2);(115.55, 23.6);(115.95, 22.8);(115.95, 23.2)",True
59289,2006-05-22 04:00:00,53.5,SURF,True,EXTREME_TYPE1,360.0,12.0,12.0,"(113.09, 22.8);(113.09, 23.2);(113.5, 22.4);(113.5, 22.8);(113.5, 23.2);(113.5, 23.6);(113.91, 22.4);(113.91, 22.8);(113.91, 23.2);(113.91, 23.6);(114.32, 22.8);(114.32, 23.2)",True
59285,2006-05-27 02:00:00,26.9,SURF,True,EXTREME_TYPE1,244.0,10.0,10.0,"(113.09, 23.2);(113.09, 23.6);(113.09, 24.0);(113.5, 23.2);(113.5, 23.6);(113.5, 24.0);(113.91, 23.2);(113.91, 23.6);(113.91, 24.0);(114.32, 23.6)",True
59481,2006-05-27 07:00:00,74.3,SURF,True,EXTREME_TYPE1,604.0,12.0,12.0,"(112.68, 22.8);(112.68, 23.2);(113.09, 22.4);(113.09, 22.8);(113.09, 23.2);(113.09, 23.6);(113.5, 22.4);(113.5, 22.8);(113.5, 23.2);(113.5, 23.6);(113.91, 22.8);(113.91, 23.2)",True
59304,2006-05-27 09:00:00,30.2,SURF,True,EXTREME_TYPE1,66.0,9.0,8.0,"(114.73, 23.2);(114.73, 23.6);(115.14, 23.2);(115.14, 23.6);(115.14, 24.0);(115.55, 23.2);(115.55, 23.6);(115.55, 24.0)",True
59480,2006-05-27 09:00:00,38.2,SURF,True,EXTREME_TYPE1,521.0,10.0,10.0,"(112.68, 22.4);(112.68, 22.8);(112.68, 23.2);(113.09, 22.4);(113.09, 22.8);(113.09, 23.2);(113.5, 22.4);(113.5, 22.8);(113.5, 23.2);(113.91, 22.8)",True
59473,2006-05-27 11:00:00,61.4,SURF,True,EXTREME_TYPE1,757.0,10.0,10.0,"(112.27, 22.8);(112.68, 22.4);(112.68, 22.8);(112.68, 23.2);(113.09, 22.4);(113.09, 22.8);(113.09, 23.2);(113.5, 22.4);(113.5, 22.8);(113.5, 23.2)",True
59470,2006-05-27 12:00:00,44.8,SURF,True,EXTREME_TYPE1,490.0,10.0,9.0,"(111.86, 22.4);(111.86, 22.8);(111.86, 23.2);(112.27, 22.4);(112.27, 22.8);(112.27, 23.2);(112.68, 22.4);(112.68, 22.8);(112.68, 23.2)",True
59475,2006-05-27 12:00:00,51.9,SURF,True,EXTREME_TYPE1,660.0,9.0,9.0,"(112.27, 22.0);(112.27, 22.4);(112.27, 22.8);(112.68, 22.0);(112.68, 22.4);(112.68, 22.8);(113.09, 22.0);(113.09, 22.4);(113.09, 22.8)",True
59475,2006-05-27 13:00:00,60.1,SURF,True,EXTREME_TYPE1,661.0,9.0,9.0,"(112.27, 22.0);(112.27, 22.4);(112.27, 22.8);(112.68, 22.0);(112.68, 22.4);(112.68, 22.8);(113.09, 22.0);(113.09, 22.4);(113.09, 22.8)",True
59303,2006-05-27 17:00:00,62.6,SURF,True,EXTREME_TYPE3,195.0,10.0,1.0,"(115.95, 24.4)",True
59502,2006-05-28 07:00:00,45.7,SURF,True,EXTREME_TYPE1,195.0,12.0,8.0,"(115.14, 22.8);(115.14, 23.2);(115.55, 22.4);(115.55, 22.8);(115.55, 23.2);(115.55, 23.6);(115.95, 22.8);(115.95, 23.2)",True
59298,2006-05-28 13:00:00,22.9,SURF,True,EXTREME_TYPE1,110.0,11.0,11.0,"(113.91, 22.8);(113.91, 23.2);(113.91, 23.6);(114.32, 22.4);(114.32, 22.8);(114.32, 23.2);(114.32, 23.6);(114.73, 22.8);(114.73, 23.2);(114.73, 23.6);(115.14, 23.2)",True
59324,2006-05-28 13:00:00,9.7,SURF,True,,,,,,False
59659,2006-05-29 10:00:00,5.0,SURF,True,,,,,,False
59500,2006-05-29 17:00:00,7.0,SURF,True,,,,,,False
57989,2006-05-29 19:00:00,2.7,SURF,True,,,,,,False
59475,2006-06-01 11:00:00,22.0,SURF,True,EXTREME_TYPE1,679.0,9.0,9.0,"(112.27, 22.0);(112.27, 22.4);(112.27, 22.8);(112.68, 22.0);(112.68, 22.4);(112.68, 22.8);(113.09, 22.0);(113.09, 22.4);(113.09, 22.8)",True
59304,2006-06-01 16:00:00,2.4,SURF,True,,,,,,False
59278,2006-06-02 15:00:00,25.9,SURF,True,EXTREME_TYPE1,629.0,12.0,12.0,"(111.86, 22.8);(111.86, 23.2);(112.27, 22.4);(112.27, 22.8);(112.27, 23.2);(112.27, 23.6);(112.68, 22.4);(112.68, 22.8);(112.68, 23.2);(112.68, 23.6);(113.09, 22.8);(113.09, 23.2)",True
59653,2006-06-02 16:00:00,9.5,SURF,True,,,,,,False
59501,2006-06-03 06:00:00,81.9,SURF,True,EXTREME_TYPE1,190.0,12.0,3.0,"(115.95, 22.4);(115.95, 22.8);(115.95, 23.2)",True
59087,2006-06-04 01:00:00,3.9,SURF,True,,,,,,False
59290,2006-06-05 09:00:00,31.4,SURF,True,EXTREME_TYPE1,68.0,11.0,11.0,"(113.5, 23.6);(113.91, 23.2);(113.91, 23.6);(113.91, 24.0);(113.91, 24.4);(114.32, 23.2);(114.32, 23.6);(114.32, 24.0);(114.32, 24.4);(114.73, 23.6);(114.73, 24.0)",True
59284,2006-06-06 09:00:00,30.3,SURF,True,EXTREME_TYPE1,502.0,12.0,12.0,"(112.68, 23.2);(112.68, 23.6);(113.09, 22.8);(113.09, 23.2);(113.09, 23.6);(113.09, 24.0);(113.5, 22.8);(113.5, 23.2);(113.5, 23.6);(113.5, 24.0);(113.91, 23.2);(113.91, 23.6)",True
59280,2006-06-07 19:00:00,53.2,SURF,True,EXTREME_TYPE1,294.0,10.0,10.0,"(112.68, 23.2);(112.68, 23.6);(112.68, 24.0);(113.09, 23.2);(113.09, 23.6);(113.09, 24.0);(113.09, 24.4);(113.5, 23.2);(113.5, 23.6);(113.5, 24.0)",True
59270,2006-06-08 11:00:00,18.0,SURF,True,,,,,,False
59492,2006-06-09 05:00:00,7.7,SURF,True,,,,,,False
59297,2006-06-09 06:00:00,20.0,SURF,True,EXTREME_TYPE1,112.0,10.0,10.0,"(113.5, 23.2);(113.91, 22.8);(113.91, 23.2);(113.91, 23.6);(114.32, 22.8);(114.32, 23.2);(114.32, 23.6);(114.73, 22.8);(114.73, 23.2);(114.73, 23.6)",True
59297,2006-06-09 11:00:00,6.8,SURF,True,,,,,,False
59492,2006-06-09 14:00:00,1.6,SURF,True,,,,,,False
59313,2006-06-09 20:00:00,1.4,SURF,True,,,,,,False
59488,2006-06-09 21:00:00,24.5,SURF,True,EXTREME_TYPE1,175.0,11.0,11.0,"(113.09, 22.0);(113.09, 22.4);(113.09, 22.8);(113.5, 21.6);(113.5, 22.0);(113.5, 22.4);(113.5, 22.8);(113.91, 22.0);(113.91, 22.4);(113.91, 22.8);(114.32, 22.4)",True
59297,2006-06-12 11:00:00,2.8,SURF,True,,,,,,False
59324,2006-06-12 11:00:00,5.3,SURF,True,,,,,,False
59294,2006-06-12 12:00:00,3.7,SURF,True,,,,,,False
59107,2006-06-12 13:00:00,5.6,SURF,True,,,,,,False
59318,2006-06-12 13:00:00,10.8,SURF,True,,,,,,False
59315,2006-06-12 22:00:00,4.0,SURF,True,,,,,,False
59315,2006-06-13 07:00:00,9.1,SURF,True,,,,,,False
59304,2006-06-15 06:00:00,26.7,SURF,True,EXTREME_TYPE1,76.0,9.0,9.0,"(114.73, 23.2);(114.73, 23.6);(114.73, 24.0);(115.14, 23.2);(115.14, 23.6);(115.14, 24.0);(115.55, 23.2);(115.55, 23.6);(115.55, 24.0)",True
59298,2006-06-19 13:00:00,10.5,SURF,True,,,,,,False
G1936,2006-06-21 03:00:00,3.4,AWST,False,,,,,,False
G1936,2006-06-21 11:00:00,17.2,AWST,False,,,,,,False
G1936,2006-06-21 12:00:00,35.2,AWST,False,EXTREME_TYPE5,372.0,11.0,2.0,"(114.32, 22.8);(114.32, 23.2)",True
G1936,2006-06-21 15:00:00,288.0,AWST,False,FALSE,371.0,11.0,0.0,,True
G1936,2006-06-21 23:00:00,2.2,AWST,False,,,,,,False
59485,2006-06-22 13:00:00,4.7,SURF,True,,,,,,False
G1936,2006-06-22 21:00:00,57.1,AWST,False,FALSE,344.0,11.0,0.0,,True
G1936,2006-06-22 23:00:00,15.0,AWST,False,,,,,,False
G1936,2006-06-23 00:00:00,29.8,AWST,False,EXTREME_TYPE1,346.0,11.0,11.0,"(113.09, 22.8);(113.09, 23.2);(113.5, 22.8);(113.5, 23.2);(113.5, 23.6);(113.91, 22.4);(113.91, 22.8);(113.91, 23.2);(113.91, 23.6);(114.32, 22.8);(114.32, 23.2)",True
G1936,2006-06-23 02:00:00,145.7,AWST,False,EXTREME_TYPE4,348.0,11.0,11.0,"(113.09, 22.8);(113.09, 23.2);(113.5, 22.8);(113.5, 23.2);(113.5, 23.6);(113.91, 22.4);(113.91, 22.8);(113.91, 23.2);(113.91, 23.6);(114.32, 22.8);(114.32, 23.2)",True
G1936,2006-06-23 05:00:00,20.5,AWST,False,FALSE,348.0,11.0,0.0,,True
G1936,2006-06-24 00:00:00,31.0,AWST,False,EXTREME_TYPE1,350.0,11.0,11.0,"(113.09, 22.8);(113.09, 23.2);(113.5, 22.8);(113.5, 23.2);(113.5, 23.6);(113.91, 22.4);(113.91, 22.8);(113.91, 23.2);(113.91, 23.6);(114.32, 22.8);(114.32, 23.2)",True
G1936,2006-06-24 03:00:00,2.9,AWST,False,,,,,,False
G1936,2006-06-24 04:00:00,32.7,AWST,False,FALSE,350.0,11.0,0.0,,True
G1936,2006-06-24 06:00:00,9.0,AWST,False,,,,,,False
G1936,2006-06-24 09:00:00,2.7,AWST,False,,,,,,False
G1936,2006-06-24 10:00:00,9.7,AWST,False,,,,,,False
G1936,2006-06-25 00:00:00,31.5,AWST,False,EXTREME_TYPE1,355.0,11.0,11.0,"(113.09, 22.8);(113.09, 23.2);(113.5, 22.8);(113.5, 23.2);(113.5, 23.6);(113.91, 22.4);(113.91, 22.8);(113.91, 23.2);(113.91, 23.6);(114.32, 22.8);(114.32, 23.2)",True
G1936,2006-06-26 00:00:00,30.1,AWST,False,EXTREME_TYPE1,354.0,11.0,11.0,"(113.09, 22.8);(113.09, 23.2);(113.5, 22.8);(113.5, 23.2);(113.5, 23.6);(113.91, 22.4);(113.91, 22.8);(113.91, 23.2);(113.91, 23.6);(114.32, 22.8);(114.32, 23.2)",True
G1936,2006-06-27 00:00:00,30.5,AWST,False,EXTREME_TYPE1,352.0,11.0,11.0,"(113.09, 22.8);(113.09, 23.2);(113.5, 22.8);(113.5, 23.2);(113.5, 23.6);(113.91, 22.4);(113.91, 22.8);(113.91, 23.2);(113.91, 23.6);(114.32, 22.8);(114.32, 23.2)",True
G1936,2006-06-28 00:00:00,27.1,AWST,False,EXTREME_TYPE1,393.0,11.0,11.0,"(113.09, 22.8);(113.09, 23.2);(113.5, 22.8);(113.5, 23.2);(113.5, 23.6);(113.91, 22.4);(113.91, 22.8);(113.91, 23.2);(113.91, 23.6);(114.32, 22.8);(114.32, 23.2)",True
59754,2006-06-29 10:00:00,50.4,SURF,True,EXTREME_TYPE3,85.0,5.0,2.0,"(109.82, 20.8);(110.23, 20.8)",True
G1936,2006-07-01 13:00:00,197.9,AWST,False,FALSE,389.0,11.0,0.0,,True
G1936,2006-07-01 15:00:00,2.9,AWST,False,,,,,,False
G1936,2006-07-01 16:00:00,61.4,AWST,False,FALSE,390.0,11.0,0.0,,True
G1936,2006-07-01 18:00:00,14.7,AWST,False,,,,,,False
G1936,2006-07-01 20:00:00,26.2,AWST,False,FALSE,382.0,11.0,0.0,,True
G1936,2006-07-02 06:00:00,77.8,AWST,False,FALSE,378.0,11.0,0.0,,True
G1936,2006-07-02 08:00:00,2.1,AWST,False,,,,,,False
G1936,2006-07-02 12:00:00,37.9,AWST,False,EXTREME_TYPE3,388.0,11.0,7.0,"(113.5, 22.8);(113.5, 23.2);(113.91, 22.8);(113.91, 23.2);(113.91, 23.6);(114.32, 22.8);(114.32, 23.2)",True
59088,2006-07-04 13:00:00,21.4,SURF,True,EXTREME_TYPE1,185.0,12.0,12.0,"(112.68, 24.0);(112.68, 24.4);(113.09, 23.6);(113.09, 24.0);(113.09, 24.4);(113.09, 24.8);(113.5, 23.6);(113.5, 24.0);(113.5, 24.4);(113.5, 24.8);(113.91, 24.0);(113.91, 24.4)",True
59318,2006-07-08 13:00:00,10.3,SURF,True,,,,,,False
59306,2006-07-11 12:00:00,31.3,SURF,True,EXTREME_TYPE2,280.0,12.0,3.0,"(115.95, 23.6);(116.36, 23.2);(116.36, 23.6)",True
59313,2006-07-13 20:00:00,31.6,SURF,True,EXTREME_TYPE1,40.0,9.0,8.0,"(116.36, 23.6);(116.77, 23.2);(116.77, 23.6);(116.77, 24.0);(117.18, 23.2);(117.18, 23.6);(117.18, 24.0);(117.59, 23.6)",True
59303,2006-07-14 17:00:00,28.2,SURF,True,EXTREME_TYPE1,229.0,10.0,9.0,"(115.14, 23.6);(115.55, 23.6);(115.55, 24.0);(115.55, 24.4);(115.95, 23.6);(115.95, 24.0);(115.95, 24.4);(116.36, 23.6);(116.36, 24.0)",True
59314,2006-07-15 01:00:00,65.5,SURF,True,EXTREME_TYPE1,245.0,12.0,11.0,"(115.55, 23.2);(115.55, 23.6);(115.95, 22.8);(115.95, 23.2);(115.95, 23.6);(116.36, 22.8);(116.36, 23.2);(116.36, 23.6);(116.36, 24.0);(116.77, 23.2);(116.77, 23.6)",True
59492,2006-07-15 02:00:00,62.9,SURF,True,EXTREME_TYPE1,65.0,11.0,11.0,"(114.32, 22.4);(114.32, 22.8);(114.32, 23.2);(114.32, 23.6);(114.73, 22.4);(114.73, 22.8);(114.73, 23.2);(114.73, 23.6);(115.14, 22.8);(115.14, 23.2);(115.14, 23.6)",True
59500,2006-07-15 02:00:00,54.7,SURF,True,EXTREME_TYPE1,190.0,12.0,11.0,"(114.73, 22.8);(114.73, 23.2);(115.14, 22.4);(115.14, 22.8);(115.14, 23.2);(115.14, 23.6);(115.55, 22.8);(115.55, 23.2);(115.55, 23.6);(115.95, 22.8);(115.95, 23.2)",True
57988,2006-07-15 04:00:00,16.9,SURF,True,,,,,,False
59109,2006-07-15 05:00:00,46.1,SURF,True,EXTREME_TYPE1,75.0,12.0,9.0,"(115.14, 24.0);(115.14, 24.4);(115.55, 23.6);(115.55, 24.0);(115.55, 24.4);(115.95, 23.6);(115.95, 24.0);(115.95, 24.4);(116.36, 24.0)",True
59297,2006-07-15 10:00:00,75.8,SURF,True,EXTREME_TYPE1,111.0,10.0,10.0,"(113.5, 23.2);(113.91, 22.8);(113.91, 23.2);(113.91, 23.6);(114.32, 22.8);(114.32, 23.2);(114.32, 23.6);(114.73, 22.8);(114.73, 23.2);(114.73, 23.6)",True
59276,2006-07-15 11:00:00,59.1,SURF,True,EXTREME_TYPE1,580.0,10.0,10.0,"(112.27, 22.8);(112.27, 23.2);(112.27, 23.6);(112.68, 22.8);(112.68, 23.2);(112.68, 23.6);(112.68, 24.0);(113.09, 22.8);(113.09, 23.2);(113.09, 23.6)",True
59088,2006-07-15 12:00:00,50.8,SURF,True,EXTREME_TYPE1,175.0,12.0,12.0,"(112.68, 24.0);(112.68, 24.4);(113.09, 23.6);(113.09, 24.0);(113.09, 24.4);(113.09, 24.8);(113.5, 23.6);(113.5, 24.0);(113.5, 24.4);(113.5, 24.8);(113.91, 24.0);(113.91, 24.4)",True
59315,2006-07-16 03:00:00,12.8,SURF,True,,,,,,False
59306,2006-07-16 04:00:00,53.4,SURF,True,EXTREME_TYPE1,280.0,12.0,12.0,"(115.14, 23.2);(115.14, 23.6);(115.55, 22.8);(115.55, 23.2);(115.55, 23.6);(115.55, 24.0);(115.95, 22.8);(115.95, 23.2);(115.95, 23.6);(115.95, 24.0);(116.36, 23.2);(116.36, 23.6)",True
59294,2006-07-16 07:00:00,1.7,SURF,True,,,,,,False
59284,2006-07-16 12:00:00,1.1,SURF,True,,,,,,False
59456,2006-07-16 17:00:00,8.1,SURF,True,,,,,,False
59485,2006-07-16 18:00:00,22.7,SURF,True,EXTREME_TYPE1,545.0,12.0,12.0,"(112.68, 22.4);(112.68, 22.8);(113.09, 22.0);(113.09, 22.4);(113.09, 22.8);(113.5, 22.0);(113.5, 22.4);(113.5, 22.8);(113.5, 23.2);(113.91, 22.0);(113.91, 22.4);(113.91, 22.8)",True
59276,2006-07-16 20:00:00,50.6,SURF,True,EXTREME_TYPE1,575.0,10.0,9.0,"(112.27, 23.2);(112.27, 23.6);(112.68, 22.8);(112.68, 23.2);(112.68, 23.6);(112.68, 24.0);(113.09, 22.8);(113.09, 23.2);(113.09, 23.6)",True
59656,2006-07-16 20:00:00,1.1,SURF,True,,,,,,False
59476,2006-07-17 00:00:00,33.4,SURF,True,EXTREME_TYPE1,669.0,11.0,10.0,"(112.27, 22.4);(112.68, 22.0);(112.68, 22.4);(112.68, 22.8);(113.09, 22.0);(113.09, 22.4);(113.09, 22.8);(113.09, 23.2);(113.5, 22.4);(113.5, 22.8)",True
59310,2006-07-17 01:00:00,37.6,SURF,True,EXTREME_TYPE1,220.0,12.0,7.0,"(115.95, 23.6);(115.95, 24.0);(116.36, 23.6);(116.36, 24.0);(116.36, 24.4);(116.77, 23.6);(116.77, 24.0)",True
59312,2006-07-17 21:00:00,21.8,SURF,True,EXTREME_TYPE1,130.0,10.0,10.0,"(115.95, 23.6);(116.36, 23.2);(116.36, 23.6);(116.36, 24.0);(116.77, 23.2);(116.77, 23.6);(116.77, 24.0);(117.18, 23.2);(117.18, 23.6);(117.18, 24.0)",True
59654,2006-07-18 15:00:00,54.4,SURF,True,EXTREME_TYPE1,135.0,10.0,5.0,"(109.82, 21.2);(109.82, 21.6);(110.23, 21.2);(110.23, 21.6);(110.64, 21.2)",True
59750,2006-07-18 17:00:00,64.3,SURF,True,EXTREME_TYPE1,130.0,11.0,5.0,"(109.82, 21.2);(109.82, 21.6);(110.23, 21.2);(110.23, 21.6);(110.64, 21.2)",True
59492,2006-07-25 22:00:00,55.0,SURF,True,EXTREME_TYPE1,61.0,11.0,8.0,"(114.32, 22.8);(114.32, 23.2);(114.32, 23.6);(114.73, 22.8);(114.73, 23.2);(115.14, 22.8);(115.14, 23.2);(115.14, 23.6)",True
59094,2006-07-26 05:00:00,7.6,SURF,True,,,,,,False
59096,2006-07-26 10:00:00,25.6,SURF,True,EXTREME_TYPE1,25.0,12.0,12.0,"(113.91, 24.0);(113.91, 24.4);(113.91, 24.8);(114.32, 24.0);(114.32, 24.4);(114.32, 24.8);(114.73, 24.0);(114.73, 24.4);(114.73, 24.8);(115.14, 24.0);(115.14, 24.4);(115.14, 24.8)",True
59750,2006-07-26 12:00:00,6.4,SURF,True,,,,,,False
59294,2006-07-26 17:00:00,1.9,SURF,True,,,,,,False
59081,2006-07-27 02:00:00,5.1,SURF,True,,,,,,False
59315,2006-07-27 02:00:00,66.9,SURF,True,EXTREME_TYPE1,170.0,10.0,9.0,"(115.95, 23.2);(115.95, 23.6);(115.95, 24.0);(116.36, 23.2);(116.36, 23.6);(116.36, 24.0);(116.77, 23.2);(116.77, 23.6);(116.77, 24.0)",True
59462,2006-07-27 15:00:00,12.2,SURF,True,,,,,,False
59658,2006-07-28 07:00:00,34.0,SURF,True,EXTREME_TYPE1,100.0,10.0,9.0,"(109.82, 20.8);(109.82, 21.2);(109.82, 21.6);(110.23, 20.8);(110.23, 21.2);(110.23, 21.6);(110.64, 20.8);(110.64, 21.2);(110.64, 21.6)",True
59081,2006-08-02 02:00:00,2.6,SURF,True,,,,,,False
59502,2006-08-02 17:00:00,55.9,SURF,True,EXTREME_TYPE4,249.0,12.0,6.0,"(115.14, 22.8);(115.14, 23.2);(115.55, 22.4);(115.55, 22.8);(115.55, 23.2);(115.55, 23.6)",True
59501,2006-08-03 05:00:00,52.6,SURF,True,EXTREME_TYPE1,190.0,12.0,3.0,"(114.73, 22.4);(114.73, 22.8);(114.73, 23.2)",True
59288,2006-08-03 19:00:00,19.4,SURF,True,,,,,,False
59664,2006-08-03 21:00:00,73.3,SURF,True,EXTREME_TYPE1,35.0,10.0,7.0,"(110.23, 21.6);(110.64, 21.2);(110.64, 21.6);(110.64, 22.0);(111.05, 21.2);(111.05, 21.6);(111.05, 22.0)",True
59655,2006-08-03 23:00:00,50.5,SURF,True,EXTREME_TYPE1,50.0,10.0,10.0,"(110.23, 21.2);(110.23, 21.6);(110.23, 22.0);(110.64, 21.2);(110.64, 21.6);(110.64, 22.0);(110.64, 22.4);(111.05, 21.2);(111.05, 21.6);(111.05, 22.0)",True
59656,2006-08-04 07:00:00,6.8,SURF,True,,,,,,False
59473,2006-08-04 08:00:00,44.6,SURF,True,EXTREME_TYPE1,745.0,10.0,10.0,"(112.27, 22.8);(112.68, 22.4);(112.68, 22.8);(112.68, 23.2);(113.09, 22.4);(113.09, 22.8);(113.09, 23.2);(113.5, 22.4);(113.5, 22.8);(113.5, 23.2)",True
59477,2006-08-04 10:00:00,23.5,SURF,True,EXTREME_TYPE1,395.0,10.0,10.0,"(111.86, 22.0);(111.86, 22.4);(111.86, 22.8);(112.27, 21.6);(112.27, 22.0);(112.27, 22.4);(112.27, 22.8);(112.68, 22.0);(112.68, 22.4);(112.68, 22.8)",True
59754,2006-08-04 12:00:00,30.2,SURF,True,EXTREME_TYPE1,95.0,5.0,5.0,"(109.82, 20.4);(109.82, 20.8);(110.23, 20.4);(110.23, 20.8);(110.64, 20.8)",True
59456,2006-08-05 02:00:00,40.4,SURF,True,EXTREME_TYPE3,110.0,10.0,6.0,"(110.64, 22.0);(110.64, 22.4);(111.05, 22.0);(111.05, 22.4);(111.45, 22.0);(111.45, 22.4)",True
59284,2006-08-08 22:00:00,17.7,SURF,True,,,,,,False
59655,2006-08-09 17:00:00,97.3,SURF,True,EXTREME_TYPE3,50.0,10.0,8.0,"(110.23, 21.2);(110.23, 21.6);(110.64, 21.2);(110.64, 21.6);(110.64, 22.0);(111.05, 21.2);(111.05, 21.6);(111.05, 22.0)",True
59492,2006-08-10 01:00:00,3.6,SURF,True,,,,,,False
59478,2006-08-10 08:00:00,33.7,SURF,True,EXTREME_TYPE1,434.0,12.0,11.0,"(112.27, 22.0);(112.27, 22.4);(112.68, 22.0);(112.68, 22.4);(112.68, 22.8);(113.09, 21.6);(113.09, 22.0);(113.09, 22.4);(113.09, 22.8);(113.5, 22.0);(113.5, 22.4)",True
59650,2006-08-11 19:00:00,12.0,SURF,True,,,,,,False
59488,2006-08-19 02:00:00,30.6,SURF,True,EXTREME_TYPE1,232.0,11.0,11.0,"(113.09, 22.0);(113.09, 22.4);(113.09, 22.8);(113.5, 21.6);(113.5, 22.0);(113.5, 22.4);(113.5, 22.8);(113.91, 22.0);(113.91, 22.4);(113.91, 22.8);(114.32, 22.4)",True
59318,2006-08-23 06:00:00,12.8,SURF,True,,,,,,False
59653,2006-08-24 20:00:00,84.7,SURF,True,EXTREME_TYPE5,66.0,11.0,11.0,"(110.23, 21.6);(110.23, 22.0);(110.64, 21.6);(110.64, 22.0);(110.64, 22.4);(111.05, 21.6);(111.05, 22.0);(111.05, 22.4);(111.45, 21.6);(111.45, 22.0);(111.45, 22.4)",True
59493,2006-08-25 01:00:00,6.2,SURF,True,,,,,,False
59488,2006-08-25 12:00:00,1.2,SURF,True,,,,,,False
59298,2006-08-26 01:00:00,14.2,SURF,True,,,,,,False
59456,2006-08-26 03:00:00,6.8,SURF,True,,,,,,False
59456,2006-08-28 15:00:00,21.3,SURF,True,EXTREME_TYPE1,105.0,10.0,4.0,"(111.05, 22.0);(111.45, 22.0);(111.45, 22.4);(111.45, 22.8)",True
59469,2006-08-28 15:00:00,93.1,SURF,True,EXTREME_TYPE5,90.0,11.0,3.0,"(111.45, 22.4);(111.86, 22.8);(112.27, 22.4)",True
59485,2006-09-03 13:00:00,57.6,SURF,True,EXTREME_TYPE1,769.0,12.0,7.0,"(112.68, 22.8);(113.09, 22.4);(113.09, 22.8);(113.5, 22.4);(113.5, 22.8);(113.5, 23.2);(113.91, 22.8)",True
57996,2006-09-05 06:00:00,57.1,SURF,True,EXTREME_TYPE1,25.0,10.0,1.0,"(113.91, 24.8)",True
59087,2006-09-05 21:00:00,39.2,SURF,True,EXTREME_TYPE1,175.0,10.0,8.0,"(113.09, 23.6);(113.09, 24.0);(113.5, 23.2);(113.5, 23.6);(113.5, 24.0);(113.5, 24.4);(113.91, 23.6);(113.91, 24.0)",True
59288,2006-09-05 23:00:00,50.4,SURF,True,EXTREME_TYPE1,680.0,10.0,10.0,"(112.27, 23.2);(112.68, 22.8);(112.68, 23.2);(112.68, 23.6);(113.09, 22.8);(113.09, 23.2);(113.09, 23.6);(113.5, 22.8);(113.5, 23.2);(113.5, 23.6)",True
59487,2006-09-08 14:00:00,51.1,SURF,True,EXTREME_TYPE1,475.0,12.0,2.0,"(113.09, 22.8);(113.5, 22.8)",True
59473,2006-09-08 21:00:00,58.1,SURF,True,EXTREME_TYPE1,919.0,10.0,8.0,"(112.27, 22.8);(112.68, 22.4);(112.68, 22.8);(112.68, 23.2);(113.09, 22.8);(113.09, 23.2);(113.5, 22.8);(113.5, 23.2)",True
59109,2006-09-09 07:00:00,12.2,SURF,True,,,,,,False
59304,2006-09-09 15:00:00,20.8,SURF,True,EXTREME_TYPE1,81.0,9.0,9.0,"(114.73, 23.2);(114.73, 23.6);(114.73, 24.0);(115.14, 23.2);(115.14, 23.6);(115.14, 24.0);(115.55, 23.2);(115.55, 23.6);(115.55, 24.0)",True
59310,2006-09-09 19:00:00,53.4,SURF,True,EXTREME_TYPE1,203.0,12.0,8.0,"(115.55, 23.6);(115.55, 24.0);(115.95, 23.2);(115.95, 23.6);(115.95, 24.0);(116.36, 23.2);(116.36, 23.6);(116.36, 24.0)",True
59276,2006-09-12 17:00:00,4.4,SURF,True,,,,,,False
59487,2006-09-13 09:00:00,3.0,SURF,True,,,,,,False
59284,2006-09-14 06:00:00,6.4,SURF,True,,,,,,False
59485,2006-09-14 13:00:00,37.8,SURF,True,EXTREME_TYPE1,765.0,12.0,9.0,"(112.68, 22.4);(112.68, 22.8);(113.09, 22.4);(113.09, 22.8);(113.5, 22.4);(113.5, 22.8);(113.5, 23.2);(113.91, 22.4);(113.91, 22.8)",True
59477,2006-10-09 19:00:00,82.0,SURF,True,FALSE,383.0,10.0,0.0,,True
59087,2006-10-16 07:00:00,58.6,SURF,True,EXTREME_TYPE1,190.0,10.0,9.0,"(113.09, 23.6);(113.09, 24.0);(113.5, 23.2);(113.5, 23.6);(113.5, 24.0);(113.5, 24.4);(113.91, 23.6);(113.91, 24.0);(113.91, 24.4)",True
59279,2006-10-16 11:00:00,88.2,SURF,True,EXTREME_TYPE1,640.0,12.0,11.0,"(112.27, 23.2);(112.27, 23.6);(112.68, 22.8);(112.68, 23.2);(112.68, 23.6);(113.09, 22.8);(113.09, 23.2);(113.09, 23.6);(113.5, 22.8);(113.5, 23.2);(113.5, 23.6)",True
59750,2006-11-09 00:00:00,1.2,SURF,True,,,,,,False
59750,2006-11-16 07:00:00,53.6,SURF,True,EXTREME_TYPE5,100.0,11.0,10.0,"(109.82, 20.4);(109.82, 20.8);(109.82, 21.2);(109.82, 21.6);(110.23, 20.4);(110.23, 20.8);(110.23, 21.2);(110.23, 21.6);(110.64, 20.8);(110.64, 21.2)",True
59288,2006-11-18 20:00:00,55.1,SURF,True,EXTREME_TYPE1,662.0,10.0,9.0,"(112.27, 23.2);(112.68, 22.8);(112.68, 23.2);(112.68, 23.6);(113.09, 22.8);(113.09, 23.2);(113.09, 23.6);(113.5, 22.8);(113.5, 23.2)",True
59088,2006-11-21 13:00:00,8.4,SURF,True,,,,,,False
59493,2006-11-21 19:00:00,20.6,SURF,True,EXTREME_TYPE1,303.0,13.0,13.0,"(113.5, 22.0);(113.5, 22.4);(113.5, 22.8);(113.91, 22.0);(113.91, 22.4);(113.91, 22.8);(113.91, 23.2);(114.32, 22.0);(114.32, 22.4);(114.32, 22.8);(114.32, 23.2);(114.73, 22.4);(114.73, 22.8)",True
59493,2006-11-22 01:00:00,7.7,SURF,True,,,,,,False
59659,2006-12-14 06:00:00,1.2,SURF,True,,,,,,False
59324,2007-01-17 14:00:00,2.4,SURF,True,,,,,,False
59313,2007-01-17 18:00:00,5.9,SURF,True,,,,,,False
59116,2007-01-21 10:00:00,5.4,SURF,True,,,,,,False
59074,2007-02-16 06:00:00,8.4,SURF,True,,,,,,False
G2173,2007-02-25 00:00:00,167.8,AWST,False,FALSE,1185.0,11.0,0.0,,True
G2173,2007-02-25 06:00:00,463.9,AWST,False,FALSE,1184.0,11.0,0.0,,True
G2173,2007-02-25 07:00:00,721.7,AWST,False,FALSE,1185.0,11.0,0.0,,True
G2173,2007-02-25 08:00:00,188.0,AWST,False,FALSE,1185.0,11.0,0.0,,True
G2173,2007-02-26 10:00:00,19.7,AWST,False,,,,,,False
G2173,2007-02-26 16:00:00,22.2,AWST,False,FALSE,1181.0,11.0,0.0,,True
G2173,2007-02-26 18:00:00,531.0,AWST,False,FALSE,1180.0,11.0,0.0,,True
G2173,2007-02-26 19:00:00,72.6,AWST,False,FALSE,1178.0,11.0,0.0,,True
G2173,2007-02-26 22:00:00,742.1,AWST,False,FALSE,1175.0,11.0,0.0,,True
G2173,2007-02-26 23:00:00,744.4,AWST,False,FALSE,1174.0,11.0,0.0,,True
G2173,2007-02-27 02:00:00,412.0,AWST,False,FALSE,1172.0,11.0,0.0,,True
G2173,2007-02-27 11:00:00,231.7,AWST,False,FALSE,1171.0,11.0,0.0,,True
G2173,2007-02-27 12:00:00,115.4,AWST,False,FALSE,1172.0,11.0,0.0,,True
G1741,2007-03-16 06:00:00,131.3,AWST,False,FALSE,225.0,11.0,0.0,,True
G1741,2007-03-16 07:00:00,74.6,AWST,False,FALSE,224.0,11.0,0.0,,True
G1741,2007-03-16 10:00:00,2.1,AWST,False,,,,,,False
G1741,2007-03-17 01:00:00,168.6,AWST,False,FALSE,195.0,11.0,0.0,,True
G1741,2007-03-17 03:00:00,450.3,AWST,False,FALSE,195.0,11.0,0.0,,True
G1741,2007-03-17 07:00:00,21.5,AWST,False,EXTREME_TYPE5,195.0,11.0,8.0,"(113.5, 22.8);(113.5, 23.2);(113.91, 22.8);(113.91, 23.2);(113.91, 23.6);(114.32, 22.8);(114.32, 23.2);(114.32, 23.6)",True
G1741,2007-03-17 13:00:00,10.2,AWST,False,,,,,,False
G1741,2007-03-17 14:00:00,232.3,AWST,False,FALSE,195.0,11.0,0.0,,True
59290,2007-03-27 10:00:00,9.0,SURF,True,,,,,,False
59297,2007-04-02 11:00:00,29.4,SURF,True,EXTREME_TYPE1,226.0,10.0,10.0,"(113.5, 23.2);(113.91, 22.8);(113.91, 23.2);(113.91, 23.6);(114.32, 22.8);(114.32, 23.2);(114.32, 23.6);(114.73, 22.8);(114.73, 23.2);(114.73, 23.6)",True
59306,2007-04-02 13:00:00,57.4,SURF,True,EXTREME_TYPE1,314.0,12.0,12.0,"(115.14, 23.2);(115.14, 23.6);(115.55, 22.8);(115.55, 23.2);(115.55, 23.6);(115.55, 24.0);(115.95, 22.8);(115.95, 23.2);(115.95, 23.6);(115.95, 24.0);(116.36, 23.2);(116.36, 23.6)",True
59502,2007-04-02 14:00:00,3.4,SURF,True,,,,,,False
59298,2007-04-17 20:00:00,35.0,SURF,True,EXTREME_TYPE1,235.0,11.0,11.0,"(113.91, 22.8);(113.91, 23.2);(113.91, 23.6);(114.32, 22.4);(114.32, 22.8);(114.32, 23.2);(114.32, 23.6);(114.73, 22.8);(114.73, 23.2);(114.73, 23.6);(115.14, 23.2)",True
59316,2007-04-23 11:00:00,2.5,SURF,True,,,,,,False
59475,2007-04-24 11:00:00,60.0,SURF,True,EXTREME_TYPE1,1181.0,9.0,9.0,"(112.27, 22.0);(112.27, 22.4);(112.27, 22.8);(112.68, 22.0);(112.68, 22.4);(112.68, 22.8);(113.09, 22.0);(113.09, 22.4);(113.09, 22.8)",True
59270,2007-04-28 03:00:00,3.8,SURF,True,,,,,,False
59658,2007-04-29 18:00:00,52.8,SURF,True,EXTREME_TYPE1,100.0,10.0,10.0,"(109.82, 20.8);(109.82, 21.2);(109.82, 21.6);(110.23, 20.8);(110.23, 21.2);(110.23, 21.6);(110.64, 20.8);(110.64, 21.2);(110.64, 21.6);(111.05, 21.2)",True
59754,2007-04-29 18:00:00,63.6,SURF,True,EXTREME_TYPE1,95.0,5.0,5.0,"(109.82, 20.4);(109.82, 20.8);(110.23, 20.4);(110.23, 20.8);(110.64, 20.8)",True
59287,2007-04-30 05:00:00,11.2,SURF,True,,,,,,False
59653,2007-05-04 15:00:00,34.9,SURF,True,EXTREME_TYPE1,200.0,11.0,11.0,"(110.23, 21.6);(110.23, 22.0);(110.64, 21.6);(110.64, 22.0);(110.64, 22.4);(111.05, 21.6);(111.05, 22.0);(111.05, 22.4);(111.45, 21.6);(111.45, 22.0);(111.45, 22.4)",True
59659,2007-05-04 16:00:00,30.7,SURF,True,EXTREME_TYPE1,210.0,12.0,12.0,"(110.23, 21.6);(110.23, 22.0);(110.64, 21.2);(110.64, 21.6);(110.64, 22.0);(110.64, 22.4);(111.05, 21.2);(111.05, 21.6);(111.05, 22.0);(111.05, 22.4);(111.45, 21.6);(111.45, 22.0)",True
59500,2007-05-05 10:00:00,23.1,SURF,True,EXTREME_TYPE1,255.0,12.0,12.0,"(114.73, 22.8);(114.73, 23.2);(115.14, 22.4);(115.14, 22.8);(115.14, 23.2);(115.14, 23.6);(115.55, 22.4);(115.55, 22.8);(115.55, 23.2);(115.55, 23.6);(115.95, 22.8);(115.95, 23.2)",True
59297,2007-05-16 20:00:00,7.4,SURF,True,,,,,,False
59493,2007-05-18 18:00:00,31.1,SURF,True,EXTREME_TYPE1,329.0,13.0,13.0,"(113.5, 22.0);(113.5, 22.4);(113.5, 22.8);(113.91, 22.0);(113.91, 22.4);(113.91, 22.8);(113.91, 23.2);(114.32, 22.0);(114.32, 22.4);(114.32, 22.8);(114.32, 23.2);(114.73, 22.4);(114.73, 22.8)",True
59293,2007-05-20 04:00:00,6.5,SURF,True,,,,,,False
59481,2007-05-20 04:00:00,13.7,SURF,True,,,,,,False
59664,2007-05-20 07:00:00,71.7,SURF,True,EXTREME_TYPE1,201.0,10.0,10.0,"(110.23, 21.6);(110.64, 21.2);(110.64, 21.6);(110.64, 22.0);(111.05, 21.2);(111.05, 21.6);(111.05, 22.0);(111.45, 21.2);(111.45, 21.6);(111.45, 22.0)",True
59673,2007-05-20 10:00:00,52.9,SURF,True,EXTREME_TYPE1,65.0,8.0,8.0,"(112.27, 21.6);(112.27, 22.0);(112.68, 21.6);(112.68, 22.0);(112.68, 22.4);(113.09, 21.6);(113.09, 22.0);(113.5, 21.6)",True
59087,2007-05-26 04:00:00,88.2,SURF,True,EXTREME_TYPE1,215.0,10.0,7.0,"(113.09, 23.6);(113.09, 24.0);(113.5, 23.2);(113.5, 23.6);(113.5, 24.0);(113.91, 23.6);(113.91, 24.0)",True
59285,2007-05-26 05:00:00,54.9,SURF,True,EXTREME_TYPE1,435.0,10.0,9.0,"(113.09, 23.6);(113.09, 24.0);(113.5, 23.2);(113.5, 23.6);(113.5, 24.0);(113.91, 23.2);(113.91, 23.6);(113.91, 24.0);(114.32, 23.6)",True
59294,2007-05-26 16:00:00,8.0,SURF,True,,,,,,False
59456,2007-05-26 16:00:00,41.7,SURF,True,EXTREME_TYPE1,167.0,10.0,9.0,"(110.23, 22.4);(110.64, 22.0);(110.64, 22.4);(111.05, 22.0);(111.05, 22.4);(111.05, 22.8);(111.45, 22.0);(111.45, 22.4);(111.45, 22.8)",True
59476,2007-05-27 15:00:00,50.9,SURF,True,EXTREME_TYPE1,1390.0,11.0,11.0,"(112.27, 22.4);(112.68, 22.0);(112.68, 22.4);(112.68, 22.8);(113.09, 22.0);(113.09, 22.4);(113.09, 22.8);(113.09, 23.2);(113.5, 22.0);(113.5, 22.4);(113.5, 22.8)",True
59315,2007-05-28 16:00:00,7.1,SURF,True,,,,,,False
59650,2007-05-28 23:00:00,70.5,SURF,True,EXTREME_TYPE1,150.0,11.0,9.0,"(109.82, 21.2);(109.82, 21.6);(109.82, 22.0);(110.23, 21.2);(110.23, 21.6);(110.23, 22.0);(110.64, 21.2);(110.64, 21.6);(110.64, 22.0)",True
59269,2007-06-03 16:00:00,41.5,SURF,True,EXTREME_TYPE1,245.0,9.0,9.0,"(111.45, 22.8);(111.45, 23.2);(111.45, 23.6);(111.86, 22.8);(111.86, 23.2);(111.86, 23.6);(112.27, 22.8);(112.27, 23.2);(112.27, 23.6)",True
59114,2007-06-03 21:00:00,64.8,SURF,True,EXTREME_TYPE1,40.0,10.0,7.0,"(115.55, 24.4);(115.55, 24.8);(115.95, 24.0);(115.95, 24.4);(115.95, 24.8);(116.36, 24.4);(116.36, 24.8)",True
59097,2007-06-08 02:00:00,16.5,SURF,True,,,,,,False
59109,2007-06-09 05:00:00,21.4,SURF,True,EXTREME_TYPE1,125.0,12.0,12.0,"(115.14, 24.0);(115.14, 24.4);(115.55, 23.6);(115.55, 24.0);(115.55, 24.4);(115.55, 24.8);(115.95, 23.6);(115.95, 24.0);(115.95, 24.4);(115.95, 24.8);(116.36, 24.0);(116.36, 24.4)",True
59456,2007-06-09 15:00:00,24.5,SURF,True,EXTREME_TYPE1,175.0,10.0,9.0,"(110.64, 22.0);(110.64, 22.4);(110.64, 22.8);(111.05, 22.0);(111.05, 22.4);(111.05, 22.8);(111.45, 22.0);(111.45, 22.4);(111.45, 22.8)",True
59087,2007-06-09 22:00:00,67.8,SURF,True,EXTREME_TYPE1,210.0,10.0,10.0,"(113.09, 23.6);(113.09, 24.0);(113.09, 24.4);(113.5, 23.2);(113.5, 23.6);(113.5, 24.0);(113.5, 24.4);(113.91, 23.6);(113.91, 24.0);(113.91, 24.4)",True
59294,2007-06-10 01:00:00,59.1,SURF,True,EXTREME_TYPE1,339.0,11.0,11.0,"(113.09, 23.2);(113.5, 22.8);(113.5, 23.2);(113.5, 23.6);(113.91, 22.8);(113.91, 23.2);(113.91, 23.6);(113.91, 24.0);(114.32, 22.8);(114.32, 23.2);(114.32, 23.6)",True
59456,2007-06-10 05:00:00,30.3,SURF,True,EXTREME_TYPE1,175.0,10.0,9.0,"(110.64, 22.0);(110.64, 22.4);(110.64, 22.8);(111.05, 22.0);(111.05, 22.4);(111.05, 22.8);(111.45, 22.0);(111.45, 22.4);(111.45, 22.8)",True
59289,2007-06-11 22:00:00,65.7,SURF,True,EXTREME_TYPE1,405.0,12.0,12.0,"(113.09, 22.8);(113.09, 23.2);(113.5, 22.4);(113.5, 22.8);(113.5, 23.2);(113.5, 23.6);(113.91, 22.4);(113.91, 22.8);(113.91, 23.2);(113.91, 23.6);(114.32, 22.8);(114.32, 23.2)",True
59280,2007-06-12 08:00:00,62.2,SURF,True,EXTREME_TYPE1,351.0,10.0,7.0,"(112.68, 23.6);(113.09, 23.2);(113.09, 23.6);(113.09, 24.0);(113.5, 23.2);(113.5, 23.6);(113.5, 24.0)",True
59288,2007-06-12 15:00:00,73.7,SURF,True,EXTREME_TYPE1,750.0,10.0,8.0,"(112.68, 22.8);(112.68, 23.2);(113.09, 22.8);(113.09, 23.2);(113.09, 23.6);(113.5, 22.8);(113.5, 23.2);(113.5, 23.6)",True
59502,2007-06-13 07:00:00,21.3,SURF,True,EXTREME_TYPE1,250.0,12.0,12.0,"(115.14, 22.8);(115.14, 23.2);(115.55, 22.4);(115.55, 22.8);(115.55, 23.2);(115.55, 23.6);(115.95, 22.4);(115.95, 22.8);(115.95, 23.2);(115.95, 23.6);(116.36, 22.8);(116.36, 23.2)",True
59317,2007-06-13 08:00:00,28.5,SURF,True,EXTREME_TYPE1,210.0,9.0,9.0,"(115.95, 22.4);(115.95, 22.8);(115.95, 23.2);(115.95, 23.6);(116.36, 22.8);(116.36, 23.2);(116.36, 23.6);(116.77, 22.8);(116.77, 23.2)",True
59656,2007-06-15 18:00:00,2.5,SURF,True,,,,,,False
59304,2007-06-16 23:00:00,20.6,SURF,True,EXTREME_TYPE1,233.0,9.0,9.0,"(114.73, 23.2);(114.73, 23.6);(114.73, 24.0);(115.14, 23.2);(115.14, 23.6);(115.14, 24.0);(115.55, 23.2);(115.55, 23.6);(115.55, 24.0)",True
59663,2007-06-17 07:00:00,38.7,SURF,True,EXTREME_TYPE1,256.0,11.0,11.0,"(111.45, 21.6);(111.45, 22.0);(111.86, 21.2);(111.86, 21.6);(111.86, 22.0);(111.86, 22.4);(112.27, 21.6);(112.27, 22.0);(112.27, 22.4);(112.68, 21.6);(112.68, 22.0)",True
59109,2007-06-17 14:00:00,32.4,SURF,True,EXTREME_TYPE1,121.0,12.0,10.0,"(115.14, 24.0);(115.14, 24.4);(115.55, 23.6);(115.55, 24.0);(115.55, 24.4);(115.55, 24.8);(115.95, 23.6);(115.95, 24.0);(115.95, 24.4);(116.36, 24.0)",True
59501,2007-06-27 11:00:00,28.5,SURF,True,EXTREME_TYPE1,245.0,12.0,3.0,"(114.73, 22.8);(114.73, 23.2);(115.95, 23.2)",True
59462,2007-06-27 17:00:00,58.6,SURF,True,EXTREME_TYPE1,285.0,11.0,5.0,"(111.45, 23.2);(111.86, 22.8);(111.86, 23.2);(112.27, 22.4);(112.27, 22.8)",True
59462,2007-06-27 18:00:00,11.3,SURF,True,,,,,,False
59488,2007-06-27 22:00:00,21.3,SURF,True,EXTREME_TYPE1,180.0,11.0,11.0,"(113.09, 22.0);(113.09, 22.4);(113.09, 22.8);(113.5, 21.6);(113.5, 22.0);(113.5, 22.4);(113.5, 22.8);(113.91, 22.0);(113.91, 22.4);(113.91, 22.8);(114.32, 22.4)",True
59502,2007-06-28 01:00:00,50.9,SURF,True,EXTREME_TYPE1,250.0,12.0,11.0,"(115.14, 22.8);(115.14, 23.2);(115.55, 22.4);(115.55, 22.8);(115.55, 23.2);(115.55, 23.6);(115.95, 22.4);(115.95, 22.8);(115.95, 23.2);(116.36, 22.8);(116.36, 23.2)",True
59485,2007-06-29 19:00:00,6.7,SURF,True,,,,,,False
59294,2007-06-29 22:00:00,10.8,SURF,True,,,,,,False
59276,2007-06-30 18:00:00,23.6,SURF,True,EXTREME_TYPE1,678.0,10.0,10.0,"(112.27, 22.8);(112.27, 23.2);(112.27, 23.6);(112.68, 22.8);(112.68, 23.2);(112.68, 23.6);(112.68, 24.0);(113.09, 22.8);(113.09, 23.2);(113.09, 23.6)",True
59673,2007-07-01 06:00:00,53.7,SURF,True,EXTREME_TYPE1,65.0,8.0,7.0,"(112.27, 21.6);(112.27, 22.0);(112.68, 21.6);(112.68, 22.0);(112.68, 22.4);(113.09, 21.6);(113.09, 22.0)",True
59655,2007-07-31 12:00:00,58.3,SURF,True,EXTREME_TYPE4,197.0,10.0,3.0,"(110.23, 21.6);(110.64, 21.6);(111.05, 22.0)",True
59485,2007-08-01 14:00:00,4.3,SURF,True,,,,,,False
59754,2007-08-01 15:00:00,55.4,SURF,True,EXTREME_TYPE1,95.0,5.0,2.0,"(110.23, 20.8);(110.64, 20.8)",True
59268,2007-08-08 20:00:00,51.2,SURF,True,EXTREME_TYPE1,260.0,9.0,9.0,"(111.05, 22.8);(111.05, 23.2);(111.45, 22.8);(111.45, 23.2);(111.45, 23.6);(111.86, 22.8);(111.86, 23.2);(111.86, 23.6);(112.27, 23.2)",True
59324,2007-08-09 08:00:00,56.3,SURF,True,EXTREME_TYPE1,50.0,10.0,10.0,"(116.36, 23.2);(116.36, 23.6);(116.77, 22.8);(116.77, 23.2);(116.77, 23.6);(116.77, 24.0);(117.18, 23.2);(117.18, 23.6);(117.18, 24.0);(117.59, 23.6)",True
59316,2007-08-09 12:00:00,50.7,SURF,True,EXTREME_TYPE1,175.0,12.0,12.0,"(115.95, 23.2);(115.95, 23.6);(116.36, 22.8);(116.36, 23.2);(116.36, 23.6);(116.36, 24.0);(116.77, 22.8);(116.77, 23.2);(116.77, 23.6);(116.77, 24.0);(117.18, 23.2);(117.18, 23.6)",True
59500,2007-08-10 01:00:00,12.0,SURF,True,,,,,,False
59501,2007-08-10 17:00:00,1.0,SURF,True,,,,,,False
59656,2007-08-11 08:00:00,1.2,SURF,True,,,,,,False
59318,2007-08-11 18:00:00,3.1,SURF,True,,,,,,False
59297,2007-08-11 22:00:00,37.3,SURF,True,EXTREME_TYPE3,225.0,10.0,10.0,"(113.5, 23.2);(113.91, 22.8);(113.91, 23.2);(113.91, 23.6);(114.32, 22.8);(114.32, 23.2);(114.32, 23.6);(114.73, 22.8);(114.73, 23.2);(114.73, 23.6)",True
59298,2007-08-12 08:00:00,24.5,SURF,True,EXTREME_TYPE1,201.0,11.0,11.0,"(113.91, 22.8);(113.91, 23.2);(113.91, 23.6);(114.32, 22.4);(114.32, 22.8);(114.32, 23.2);(114.32, 23.6);(114.73, 22.8);(114.73, 23.2);(114.73, 23.6);(115.14, 23.2)",True
59654,2007-08-13 09:00:00,25.3,SURF,True,EXTREME_TYPE1,165.0,10.0,10.0,"(109.82, 21.2);(109.82, 21.6);(109.82, 22.0);(110.23, 21.2);(110.23, 21.6);(110.23, 22.0);(110.64, 21.2);(110.64, 21.6);(110.64, 22.0);(111.05, 21.6)",True
59654,2007-08-13 10:00:00,5.6,SURF,True,,,,,,False
59650,2007-08-13 11:00:00,34.2,SURF,True,EXTREME_TYPE1,154.0,11.0,11.0,"(109.82, 21.2);(109.82, 21.6);(109.82, 22.0);(110.23, 20.8);(110.23, 21.2);(110.23, 21.6);(110.23, 22.0);(110.64, 20.8);(110.64, 21.2);(110.64, 21.6);(110.64, 22.0)",True
59658,2007-08-13 13:00:00,60.2,SURF,True,EXTREME_TYPE1,105.0,10.0,10.0,"(109.82, 20.8);(109.82, 21.2);(109.82, 21.6);(110.23, 20.8);(110.23, 21.2);(110.23, 21.6);(110.64, 20.8);(110.64, 21.2);(110.64, 21.6);(111.05, 21.2)",True
59278,2007-08-13 15:00:00,18.0,SURF,True,,,,,,False
59088,2007-08-13 19:00:00,53.5,SURF,True,EXTREME_TYPE1,212.0,12.0,12.0,"(112.68, 24.0);(112.68, 24.4);(113.09, 23.6);(113.09, 24.0);(113.09, 24.4);(113.09, 24.8);(113.5, 23.6);(113.5, 24.0);(113.5, 24.4);(113.5, 24.8);(113.91, 24.0);(113.91, 24.4)",True
59297,2007-08-14 19:00:00,30.7,SURF,True,EXTREME_TYPE1,225.0,10.0,10.0,"(113.5, 23.2);(113.91, 22.8);(113.91, 23.2);(113.91, 23.6);(114.32, 22.8);(114.32, 23.2);(114.32, 23.6);(114.73, 22.8);(114.73, 23.2);(114.73, 23.6)",True
59289,2007-08-16 18:00:00,31.8,SURF,True,EXTREME_TYPE1,800.0,12.0,12.0,"(113.09, 22.8);(113.09, 23.2);(113.5, 22.4);(113.5, 22.8);(113.5, 23.2);(113.5, 23.6);(113.91, 22.4);(113.91, 22.8);(113.91, 23.2);(113.91, 23.6);(114.32, 22.8);(114.32, 23.2)",True
59481,2007-08-16 21:00:00,3.3,SURF,True,,,,,,False
59492,2007-08-19 22:00:00,19.3,SURF,True,,,,,,False
59317,2007-08-20 01:00:00,14.1,SURF,True,,,,,,False
59477,2007-08-22 08:00:00,1.7,SURF,True,,,,,,False
59485,2007-08-25 23:00:00,1.6,SURF,True,,,,,,False
59650,2007-08-26 19:00:00,26.2,SURF,True,EXTREME_TYPE1,155.0,11.0,10.0,"(109.82, 21.2);(109.82, 21.6);(109.82, 22.0);(110.23, 20.8);(110.23, 21.2);(110.23, 21.6);(110.23, 22.0);(110.64, 21.2);(110.64, 21.6);(110.64, 22.0)",True
59087,2007-08-27 14:00:00,17.0,SURF,True,,,,,,False
59673,2007-08-28 05:00:00,12.6,SURF,True,,,,,,False
59279,2007-09-02 03:00:00,56.4,SURF,True,EXTREME_TYPE1,748.0,12.0,12.0,"(112.27, 22.8);(112.27, 23.2);(112.27, 23.6);(112.68, 22.8);(112.68, 23.2);(112.68, 23.6);(113.09, 22.8);(113.09, 23.2);(113.09, 23.6);(113.5, 22.8);(113.5, 23.2);(113.5, 23.6)",True
59480,2007-09-02 06:00:00,51.8,SURF,True,EXTREME_TYPE1,1186.0,10.0,10.0,"(112.68, 22.4);(112.68, 22.8);(112.68, 23.2);(113.09, 22.4);(113.09, 22.8);(113.09, 23.2);(113.5, 22.4);(113.5, 22.8);(113.5, 23.2);(113.91, 22.8)",True
59306,2007-09-02 16:00:00,67.5,SURF,True,EXTREME_TYPE2,254.0,12.0,1.0,"(115.55, 23.6)",True
59114,2007-09-02 20:00:00,92.8,SURF,True,EXTREME_TYPE5,45.0,10.0,8.0,"(115.55, 24.4);(115.55, 24.8);(115.95, 24.0);(115.95, 24.4);(115.95, 24.8);(116.36, 24.0);(116.36, 24.4);(116.36, 24.8)",True
59290,2007-09-03 16:00:00,8.4,SURF,True,,,,,,False
59278,2007-09-03 21:00:00,53.5,SURF,True,EXTREME_TYPE1,985.0,12.0,12.0,"(111.86, 22.8);(111.86, 23.2);(112.27, 22.4);(112.27, 22.8);(112.27, 23.2);(112.27, 23.6);(112.68, 22.4);(112.68, 22.8);(112.68, 23.2);(112.68, 23.6);(113.09, 22.8);(113.09, 23.2)",True
59654,2007-09-04 04:00:00,67.4,SURF,True,EXTREME_TYPE2,170.0,10.0,1.0,"(111.05, 21.6)",True
59658,2007-09-11 02:00:00,56.5,SURF,True,EXTREME_TYPE3,114.0,10.0,8.0,"(109.82, 20.8);(109.82, 21.2);(110.23, 20.8);(110.23, 21.2);(110.23, 21.6);(110.64, 20.8);(110.64, 21.2);(110.64, 21.6)",True
59659,2007-09-17 19:00:00,25.8,SURF,True,EXTREME_TYPE1,205.0,12.0,9.0,"(110.23, 21.6);(110.23, 22.0);(110.64, 21.2);(110.64, 21.6);(110.64, 22.0);(110.64, 22.4);(111.05, 21.2);(111.05, 21.6);(111.05, 22.0)",True
59316,2007-09-24 17:00:00,32.3,SURF,True,EXTREME_TYPE1,150.0,12.0,12.0,"(115.95, 23.2);(115.95, 23.6);(116.36, 22.8);(116.36, 23.2);(116.36, 23.6);(116.36, 24.0);(116.77, 22.8);(116.77, 23.2);(116.77, 23.6);(116.77, 24.0);(117.18, 23.2);(117.18, 23.6)",True
59314,2007-09-25 03:00:00,18.0,SURF,True,,,,,,False
G2171,2008-01-17 02:00:00,5.1,AWST,False,,,,,,False
G2113,2008-01-17 09:00:00,1.6,AWST,False,,,,,,False
G2109,2008-01-17 10:00:00,257.3,AWST,False,FALSE,972.0,10.0,0.0,,True
G2135,2008-01-17 10:00:00,51.9,AWST,False,EXTREME_TYPE5,1777.0,12.0,5.0,"(112.68, 22.8);(112.68, 23.2);(113.09, 22.8);(113.09, 23.2);(113.5, 22.8)",True
G2164,2008-01-17 10:00:00,257.3,AWST,False,FALSE,972.0,11.0,0.0,,True
59074,2008-01-31 20:00:00,1.2,SURF,True,,,,,,False
G1401,2008-02-02 02:00:00,947.3,AWST,False,FALSE,129.0,10.0,0.0,,True
G1402,2008-02-02 04:00:00,436.2,AWST,False,FALSE,129.0,11.0,0.0,,True
G1402,2008-02-02 08:00:00,411.2,AWST,False,FALSE,132.0,11.0,0.0,,True
59487,2008-02-05 09:00:00,1.7,SURF,True,,,,,,False
59304,2008-02-25 12:00:00,2.6,SURF,True,,,,,,False
59493,2008-03-26 07:00:00,4.6,SURF,True,,,,,,False
59462,2008-03-31 14:00:00,58.0,SURF,True,EXTREME_TYPE1,515.0,11.0,8.0,"(111.05, 22.4);(111.05, 22.8);(111.05, 23.2);(111.45, 22.4);(111.45, 22.8);(111.45, 23.2);(111.86, 22.4);(111.86, 22.8)",True
59114,2008-04-10 23:00:00,5.1,SURF,True,,,,,,False
59655,2008-04-13 00:00:00,52.3,SURF,True,EXTREME_TYPE1,262.0,10.0,10.0,"(110.23, 21.2);(110.23, 21.6);(110.23, 22.0);(110.64, 21.2);(110.64, 21.6);(110.64, 22.0);(110.64, 22.4);(111.05, 21.2);(111.05, 21.6);(111.05, 22.0)",True
59478,2008-04-19 14:00:00,15.3,SURF,True,,,,,,False
59488,2008-04-19 15:00:00,15.3,SURF,True,,,,,,False
59488,2008-04-19 17:00:00,52.7,SURF,True,EXTREME_TYPE1,606.0,11.0,11.0,"(113.09, 22.0);(113.09, 22.4);(113.09, 22.8);(113.5, 21.6);(113.5, 22.0);(113.5, 22.4);(113.5, 22.8);(113.91, 22.0);(113.91, 22.4);(113.91, 22.8);(114.32, 22.4)",True
59304,2008-04-19 23:00:00,1.8,SURF,True,,,,,,False
59492,2008-04-20 00:00:00,33.5,SURF,True,EXTREME_TYPE1,270.0,11.0,11.0,"(114.32, 22.4);(114.32, 22.8);(114.32, 23.2);(114.32, 23.6);(114.73, 22.4);(114.73, 22.8);(114.73, 23.2);(114.73, 23.6);(115.14, 22.8);(115.14, 23.2);(115.14, 23.6)",True
59293,2008-04-20 01:00:00,12.6,SURF,True,,,,,,False
59317,2008-04-20 06:00:00,83.2,SURF,True,EXTREME_TYPE1,275.0,9.0,8.0,"(115.95, 22.8);(115.95, 23.2);(115.95, 23.6);(116.36, 22.8);(116.36, 23.2);(116.36, 23.6);(116.77, 22.8);(116.77, 23.2)",True
59314,2008-04-20 08:00:00,77.2,SURF,True,EXTREME_TYPE1,324.0,12.0,11.0,"(115.55, 23.2);(115.55, 23.6);(115.95, 22.8);(115.95, 23.2);(115.95, 23.6);(116.36, 22.8);(116.36, 23.2);(116.36, 23.6);(116.36, 24.0);(116.77, 23.2);(116.77, 23.6)",True
59316,2008-04-20 11:00:00,62.4,SURF,True,EXTREME_TYPE1,215.0,12.0,12.0,"(115.95, 23.2);(115.95, 23.6);(116.36, 22.8);(116.36, 23.2);(116.36, 23.6);(116.36, 24.0);(116.77, 22.8);(116.77, 23.2);(116.77, 23.6);(116.77, 24.0);(117.18, 23.2);(117.18, 23.6)",True
59318,2008-04-20 12:00:00,52.9,SURF,True,EXTREME_TYPE1,215.0,12.0,12.0,"(115.95, 23.2);(115.95, 23.6);(116.36, 22.8);(116.36, 23.2);(116.36, 23.6);(116.36, 24.0);(116.77, 22.8);(116.77, 23.2);(116.77, 23.6);(116.77, 24.0);(117.18, 23.2);(117.18, 23.6)",True
59097,2008-04-20 19:00:00,21.0,SURF,True,EXTREME_TYPE1,175.0,10.0,10.0,"(113.5, 24.0);(113.91, 23.6);(113.91, 24.0);(113.91, 24.4);(114.32, 23.6);(114.32, 24.0);(114.32, 24.4);(114.73, 23.6);(114.73, 24.0);(114.73, 24.4)",True
59279,2008-05-04 22:00:00,32.8,SURF,True,EXTREME_TYPE1,1125.0,12.0,12.0,"(112.27, 22.8);(112.27, 23.2);(112.27, 23.6);(112.68, 22.8);(112.68, 23.2);(112.68, 23.6);(113.09, 22.8);(113.09, 23.2);(113.09, 23.6);(113.5, 22.8);(113.5, 23.2);(113.5, 23.6)",True
59284,2008-05-05 02:00:00,28.9,SURF,True,EXTREME_TYPE1,844.0,12.0,12.0,"(112.68, 23.2);(112.68, 23.6);(113.09, 22.8);(113.09, 23.2);(113.09, 23.6);(113.09, 24.0);(113.5, 22.8);(113.5, 23.2);(113.5, 23.6);(113.5, 24.0);(113.91, 23.2);(113.91, 23.6)",True
59278,2008-05-05 05:00:00,69.9,SURF,True,EXTREME_TYPE1,1431.0,12.0,12.0,"(111.86, 22.8);(111.86, 23.2);(112.27, 22.4);(112.27, 22.8);(112.27, 23.2);(112.27, 23.6);(112.68, 22.4);(112.68, 22.8);(112.68, 23.2);(112.68, 23.6);(113.09, 22.8);(113.09, 23.2)",True
59664,2008-05-06 05:00:00,83.3,SURF,True,EXTREME_TYPE1,285.0,10.0,10.0,"(110.23, 21.6);(110.64, 21.2);(110.64, 21.6);(110.64, 22.0);(111.05, 21.2);(111.05, 21.6);(111.05, 22.0);(111.45, 21.2);(111.45, 21.6);(111.45, 22.0)",True
59656,2008-05-06 06:00:00,47.1,SURF,True,EXTREME_TYPE1,204.0,11.0,11.0,"(110.23, 21.2);(110.23, 21.6);(110.64, 20.8);(110.64, 21.2);(110.64, 21.6);(110.64, 22.0);(111.05, 21.2);(111.05, 21.6);(111.05, 22.0);(111.45, 21.2);(111.45, 21.6)",True
G1705,2008-05-08 02:00:00,231.7,AWST,False,FALSE,313.0,11.0,0.0,,True
G1705,2008-05-08 03:00:00,131.0,AWST,False,FALSE,314.0,11.0,0.0,,True
59655,2008-05-19 06:00:00,72.6,SURF,True,EXTREME_TYPE1,290.0,10.0,9.0,"(110.23, 21.2);(110.23, 21.6);(110.23, 22.0);(110.64, 21.2);(110.64, 21.6);(110.64, 22.0);(111.05, 21.2);(111.05, 21.6);(111.05, 22.0)",True
59655,2008-05-19 07:00:00,30.0,SURF,True,EXTREME_TYPE1,290.0,10.0,10.0,"(110.23, 21.2);(110.23, 21.6);(110.23, 22.0);(110.64, 21.2);(110.64, 21.6);(110.64, 22.0);(110.64, 22.4);(111.05, 21.2);(111.05, 21.6);(111.05, 22.0)",True
59650,2008-05-19 09:00:00,27.0,SURF,True,EXTREME_TYPE1,230.0,11.0,11.0,"(109.82, 21.2);(109.82, 21.6);(109.82, 22.0);(110.23, 20.8);(110.23, 21.2);(110.23, 21.6);(110.23, 22.0);(110.64, 20.8);(110.64, 21.2);(110.64, 21.6);(110.64, 22.0)",True
59475,2008-05-22 14:00:00,29.0,SURF,True,EXTREME_TYPE1,1569.0,9.0,6.0,"(112.27, 22.4);(112.27, 22.8);(112.68, 22.4);(112.68, 22.8);(113.09, 22.4);(113.09, 22.8)",True
59655,2008-05-22 17:00:00,28.2,SURF,True,EXTREME_TYPE1,297.0,10.0,2.0,"(110.23, 21.2);(110.64, 21.2)",True
59310,2008-05-23 15:00:00,33.4,SURF,True,EXTREME_TYPE1,360.0,12.0,10.0,"(115.55, 23.6);(115.55, 24.0);(115.95, 23.2);(115.95, 23.6);(115.95, 24.0);(115.95, 24.4);(116.36, 23.2);(116.36, 23.6);(116.36, 24.0);(116.77, 23.6)",True
59650,2008-05-25 15:00:00,9.3,SURF,True,,,,,,False
59116,2008-05-27 08:00:00,20.7,SURF,True,EXTREME_TYPE1,70.0,9.0,9.0,"(115.95, 24.4);(116.36, 24.0);(116.36, 24.4);(116.36, 24.8);(116.77, 24.0);(116.77, 24.4);(116.77, 24.8);(117.18, 24.0);(117.18, 24.4)",True
59288,2008-05-27 14:00:00,9.7,SURF,True,,,,,,False
59290,2008-05-29 04:00:00,53.9,SURF,True,EXTREME_TYPE1,170.0,11.0,11.0,"(113.5, 23.6);(113.91, 23.2);(113.91, 23.6);(113.91, 24.0);(113.91, 24.4);(114.32, 23.2);(114.32, 23.6);(114.32, 24.0);(114.32, 24.4);(114.73, 23.6);(114.73, 24.0)",True
59502,2008-05-29 12:00:00,67.4,SURF,True,EXTREME_TYPE1,320.0,12.0,11.0,"(115.14, 22.8);(115.14, 23.2);(115.55, 22.4);(115.55, 22.8);(115.55, 23.2);(115.55, 23.6);(115.95, 22.8);(115.95, 23.2);(115.95, 23.6);(116.36, 22.8);(116.36, 23.2)",True
59473,2008-05-29 18:00:00,12.6,SURF,True,,,,,,False
59294,2008-05-30 08:00:00,54.7,SURF,True,EXTREME_TYPE1,542.0,11.0,11.0,"(113.09, 23.2);(113.5, 22.8);(113.5, 23.2);(113.5, 23.6);(113.91, 22.8);(113.91, 23.2);(113.91, 23.6);(113.91, 24.0);(114.32, 22.8);(114.32, 23.2);(114.32, 23.6)",True
59285,2008-05-30 09:00:00,16.0,SURF,True,,,,,,False
59478,2008-05-30 15:00:00,59.6,SURF,True,EXTREME_TYPE1,1260.0,12.0,12.0,"(112.27, 22.0);(112.27, 22.4);(112.68, 21.6);(112.68, 22.0);(112.68, 22.4);(112.68, 22.8);(113.09, 21.6);(113.09, 22.0);(113.09, 22.4);(113.09, 22.8);(113.5, 22.0);(113.5, 22.4)",True
59650,2008-05-30 19:00:00,57.1,SURF,True,EXTREME_TYPE1,245.0,11.0,10.0,"(109.82, 21.2);(109.82, 21.6);(110.23, 20.8);(110.23, 21.2);(110.23, 21.6);(110.23, 22.0);(110.64, 20.8);(110.64, 21.2);(110.64, 21.6);(110.64, 22.0)",True
59655,2008-05-30 21:00:00,95.2,SURF,True,EXTREME_TYPE1,305.0,10.0,6.0,"(110.23, 21.2);(110.23, 21.6);(110.23, 22.0);(110.64, 21.2);(110.64, 21.6);(110.64, 22.0)",True
59477,2008-06-01 18:00:00,49.0,SURF,True,EXTREME_TYPE1,1080.0,10.0,10.0,"(111.86, 22.0);(111.86, 22.4);(111.86, 22.8);(112.27, 21.6);(112.27, 22.0);(112.27, 22.4);(112.27, 22.8);(112.68, 22.0);(112.68, 22.4);(112.68, 22.8)",True
59470,2008-06-06 10:00:00,22.9,SURF,True,EXTREME_TYPE1,1016.0,10.0,10.0,"(111.45, 22.8);(111.86, 22.4);(111.86, 22.8);(111.86, 23.2);(112.27, 22.4);(112.27, 22.8);(112.27, 23.2);(112.68, 22.4);(112.68, 22.8);(112.68, 23.2)",True
59501,2008-06-07 20:00:00,56.7,SURF,True,EXTREME_TYPE1,300.0,12.0,12.0,"(114.73, 22.4);(114.73, 22.8);(114.73, 23.2);(115.14, 22.4);(115.14, 22.8);(115.14, 23.2);(115.55, 22.4);(115.55, 22.8);(115.55, 23.2);(115.95, 22.4);(115.95, 22.8);(115.95, 23.2)",True
G1210,2008-06-08 03:00:00,292.5,AWST,False,FALSE,1052.0,12.0,0.0,,True
G1210,2008-06-08 04:00:00,385.9,AWST,False,FALSE,1050.0,12.0,0.0,,True
G1210,2008-06-08 09:00:00,145.2,AWST,False,FALSE,1055.0,12.0,0.0,,True
G1210,2008-06-08 12:00:00,1.0,AWST,False,,,,,,False
59500,2008-06-10 22:00:00,16.3,SURF,True,,,,,,False
59470,2008-06-11 17:00:00,2.0,SURF,True,,,,,,False
59088,2008-06-12 21:00:00,16.2,SURF,True,,,,,,False
59493,2008-06-13 01:00:00,29.9,SURF,True,EXTREME_TYPE1,491.0,13.0,13.0,"(113.5, 22.0);(113.5, 22.4);(113.5, 22.8);(113.91, 22.0);(113.91, 22.4);(113.91, 22.8);(113.91, 23.2);(114.32, 22.0);(114.32, 22.4);(114.32, 22.8);(114.32, 23.2);(114.73, 22.4);(114.73, 22.8)",True
59097,2008-06-13 03:00:00,23.8,SURF,True,EXTREME_TYPE1,180.0,10.0,10.0,"(113.5, 24.0);(113.91, 23.6);(113.91, 24.0);(113.91, 24.4);(114.32, 23.6);(114.32, 24.0);(114.32, 24.4);(114.73, 23.6);(114.73, 24.0);(114.73, 24.4)",True
59289,2008-06-13 06:00:00,67.5,SURF,True,EXTREME_TYPE1,938.0,12.0,12.0,"(113.09, 22.8);(113.09, 23.2);(113.5, 22.4);(113.5, 22.8);(113.5, 23.2);(113.5, 23.6);(113.91, 22.4);(113.91, 22.8);(113.91, 23.2);(113.91, 23.6);(114.32, 22.8);(114.32, 23.2)",True
59469,2008-06-13 08:00:00,73.8,SURF,True,EXTREME_TYPE4,414.0,11.0,4.0,"(111.86, 22.4);(111.86, 22.8);(112.27, 22.0);(112.27, 22.4)",True
59485,2008-06-13 08:00:00,51.2,SURF,True,EXTREME_TYPE1,1508.0,12.0,12.0,"(112.68, 22.4);(112.68, 22.8);(113.09, 22.0);(113.09, 22.4);(113.09, 22.8);(113.5, 22.0);(113.5, 22.4);(113.5, 22.8);(113.5, 23.2);(113.91, 22.0);(113.91, 22.4);(113.91, 22.8)",True
59493,2008-06-13 12:00:00,6.0,SURF,True,,,,,,False
59312,2008-06-13 16:00:00,54.5,SURF,True,EXTREME_TYPE1,190.0,10.0,10.0,"(115.95, 23.6);(116.36, 23.2);(116.36, 23.6);(116.36, 24.0);(116.77, 23.2);(116.77, 23.6);(116.77, 24.0);(117.18, 23.2);(117.18, 23.6);(117.18, 24.0)",True
59476,2008-06-13 18:00:00,37.8,SURF,True,EXTREME_TYPE1,1797.0,11.0,11.0,"(112.27, 22.4);(112.68, 22.0);(112.68, 22.4);(112.68, 22.8);(113.09, 22.0);(113.09, 22.4);(113.09, 22.8);(113.09, 23.2);(113.5, 22.0);(113.5, 22.4);(113.5, 22.8)",True
59492,2008-06-13 18:00:00,52.5,SURF,True,EXTREME_TYPE1,273.0,11.0,11.0,"(114.32, 22.4);(114.32, 22.8);(114.32, 23.2);(114.32, 23.6);(114.73, 22.4);(114.73, 22.8);(114.73, 23.2);(114.73, 23.6);(115.14, 22.8);(115.14, 23.2);(115.14, 23.6)",True
59316,2008-06-13 19:00:00,85.1,SURF,True,EXTREME_TYPE1,210.0,12.0,12.0,"(115.95, 23.2);(115.95, 23.6);(116.36, 22.8);(116.36, 23.2);(116.36, 23.6);(116.36, 24.0);(116.77, 22.8);(116.77, 23.2);(116.77, 23.6);(116.77, 24.0);(117.18, 23.2);(117.18, 23.6)",True
59318,2008-06-13 19:00:00,62.1,SURF,True,EXTREME_TYPE1,210.0,12.0,12.0,"(115.95, 23.2);(115.95, 23.6);(116.36, 22.8);(116.36, 23.2);(116.36, 23.6);(116.36, 24.0);(116.77, 22.8);(116.77, 23.2);(116.77, 23.6);(116.77, 24.0);(117.18, 23.2);(117.18, 23.6)",True
59297,2008-06-13 20:00:00,50.3,SURF,True,EXTREME_TYPE1,310.0,10.0,10.0,"(113.5, 23.2);(113.91, 22.8);(113.91, 23.2);(113.91, 23.6);(114.32, 22.8);(114.32, 23.2);(114.32, 23.6);(114.73, 22.8);(114.73, 23.2);(114.73, 23.6)",True
59501,2008-06-13 20:00:00,21.2,SURF,True,EXTREME_TYPE1,300.0,12.0,12.0,"(114.73, 22.4);(114.73, 22.8);(114.73, 23.2);(115.14, 22.4);(115.14, 22.8);(115.14, 23.2);(115.55, 22.4);(115.55, 22.8);(115.55, 23.2);(115.95, 22.4);(115.95, 22.8);(115.95, 23.2)",True
59493,2008-06-13 22:00:00,53.2,SURF,True,EXTREME_TYPE1,490.0,13.0,13.0,"(113.5, 22.0);(113.5, 22.4);(113.5, 22.8);(113.91, 22.0);(113.91, 22.4);(113.91, 22.8);(113.91, 23.2);(114.32, 22.0);(114.32, 22.4);(114.32, 22.8);(114.32, 23.2);(114.73, 22.4);(114.73, 22.8)",True
59310,2008-06-13 23:00:00,9.2,SURF,True,,,,,,False
59315,2008-06-13 23:00:00,25.3,SURF,True,EXTREME_TYPE1,209.0,10.0,10.0,"(115.95, 23.2);(115.95, 23.6);(115.95, 24.0);(116.36, 23.2);(116.36, 23.6);(116.36, 24.0);(116.77, 23.2);(116.77, 23.6);(116.77, 24.0);(117.18, 23.6)",True
59473,2008-06-15 16:00:00,50.8,SURF,True,EXTREME_TYPE1,1673.0,10.0,10.0,"(112.27, 22.8);(112.68, 22.4);(112.68, 22.8);(112.68, 23.2);(113.09, 22.4);(113.09, 22.8);(113.09, 23.2);(113.5, 22.4);(113.5, 22.8);(113.5, 23.2)",True
59285,2008-06-16 14:00:00,23.1,SURF,True,EXTREME_TYPE1,523.0,10.0,10.0,"(113.09, 23.2);(113.09, 23.6);(113.09, 24.0);(113.5, 23.2);(113.5, 23.6);(113.5, 24.0);(113.91, 23.2);(113.91, 23.6);(113.91, 24.0);(114.32, 23.6)",True
59653,2008-06-16 16:00:00,21.1,SURF,True,EXTREME_TYPE1,302.0,11.0,11.0,"(110.23, 21.6);(110.23, 22.0);(110.64, 21.6);(110.64, 22.0);(110.64, 22.4);(111.05, 21.6);(111.05, 22.0);(111.05, 22.4);(111.45, 21.6);(111.45, 22.0);(111.45, 22.4)",True
59288,2008-06-16 17:00:00,64.0,SURF,True,EXTREME_TYPE1,1086.0,10.0,10.0,"(112.27, 23.2);(112.68, 22.8);(112.68, 23.2);(112.68, 23.6);(113.09, 22.8);(113.09, 23.2);(113.09, 23.6);(113.5, 22.8);(113.5, 23.2);(113.5, 23.6)",True
59271,2008-06-16 18:00:00,67.9,SURF,True,EXTREME_TYPE1,472.0,11.0,10.0,"(111.86, 23.2);(111.86, 23.6);(111.86, 24.0);(112.27, 23.2);(112.27, 23.6);(112.27, 24.0);(112.68, 23.2);(112.68, 23.6);(112.68, 24.0);(113.09, 23.6)",True
59654,2008-06-16 18:00:00,50.3,SURF,True,EXTREME_TYPE1,264.0,10.0,5.0,"(110.23, 21.6);(110.64, 21.2);(110.64, 21.6);(110.64, 22.0);(111.05, 21.6)",True
59317,2008-06-17 05:00:00,55.5,SURF,True,EXTREME_TYPE1,270.0,9.0,9.0,"(115.95, 22.4);(115.95, 22.8);(115.95, 23.2);(115.95, 23.6);(116.36, 22.8);(116.36, 23.2);(116.36, 23.6);(116.77, 22.8);(116.77, 23.2)",True
59316,2008-06-17 07:00:00,53.3,SURF,True,EXTREME_TYPE1,210.0,12.0,12.0,"(115.95, 23.2);(115.95, 23.6);(116.36, 22.8);(116.36, 23.2);(116.36, 23.6);(116.36, 24.0);(116.77, 22.8);(116.77, 23.2);(116.77, 23.6);(116.77, 24.0);(117.18, 23.2);(117.18, 23.6)",True
59501,2008-06-17 07:00:00,54.8,SURF,True,EXTREME_TYPE1,300.0,12.0,5.0,"(115.55, 22.8);(115.55, 23.2);(115.95, 22.4);(115.95, 22.8);(115.95, 23.2)",True
59492,2008-06-17 12:00:00,17.2,SURF,True,,,,,,False
59270,2008-06-17 18:00:00,50.3,SURF,True,EXTREME_TYPE1,392.0,10.0,10.0,"(111.45, 24.0);(111.86, 23.6);(111.86, 24.0);(111.86, 24.4);(112.27, 23.6);(112.27, 24.0);(112.27, 24.4);(112.68, 23.6);(112.68, 24.0);(112.68, 24.4)",True
59673,2008-06-25 02:00:00,1.3,SURF,True,,,,,,False
59654,2008-06-25 09:00:00,57.9,SURF,True,EXTREME_TYPE1,259.0,10.0,8.0,"(109.82, 21.2);(109.82, 21.6);(110.23, 21.2);(110.23, 21.6);(110.64, 21.2);(110.64, 21.6);(110.64, 22.0);(111.05, 21.6)",True
59480,2008-06-25 13:00:00,50.1,SURF,True,EXTREME_TYPE1,1521.0,10.0,10.0,"(112.68, 22.4);(112.68, 22.8);(112.68, 23.2);(113.09, 22.4);(113.09, 22.8);(113.09, 23.2);(113.5, 22.4);(113.5, 22.8);(113.5, 23.2);(113.91, 22.8)",True
59476,2008-06-25 15:00:00,7.2,SURF,True,,,,,,False
59471,2008-06-25 17:00:00,70.8,SURF,True,EXTREME_TYPE1,904.0,12.0,12.0,"(111.45, 22.8);(111.45, 23.2);(111.86, 22.4);(111.86, 22.8);(111.86, 23.2);(111.86, 23.6);(112.27, 22.4);(112.27, 22.8);(112.27, 23.2);(112.27, 23.6);(112.68, 22.8);(112.68, 23.2)",True
59289,2008-06-25 20:00:00,27.5,SURF,True,EXTREME_TYPE1,961.0,12.0,12.0,"(113.09, 22.8);(113.09, 23.2);(113.5, 22.4);(113.5, 22.8);(113.5, 23.2);(113.5, 23.6);(113.91, 22.4);(113.91, 22.8);(113.91, 23.2);(113.91, 23.6);(114.32, 22.8);(114.32, 23.2)",True
59287,2008-06-25 21:00:00,32.9,SURF,True,EXTREME_TYPE1,855.0,9.0,9.0,"(113.09, 22.8);(113.09, 23.2);(113.09, 23.6);(113.5, 22.8);(113.5, 23.2);(113.5, 23.6);(113.91, 22.8);(113.91, 23.2);(113.91, 23.6)",True
59500,2008-06-25 21:00:00,14.0,SURF,True,,,,,,False
59315,2008-06-26 04:00:00,14.6,SURF,True,,,,,,False
59750,2008-06-26 05:00:00,8.8,SURF,True,,,,,,False
59654,2008-06-28 23:00:00,23.0,SURF,True,EXTREME_TYPE1,260.0,10.0,9.0,"(109.82, 21.6);(109.82, 22.0);(110.23, 21.2);(110.23, 21.6);(110.23, 22.0);(110.64, 21.2);(110.64, 21.6);(110.64, 22.0);(111.05, 21.6)",True
59473,2008-06-29 13:00:00,19.4,SURF,True,,,,,,False
59285,2008-06-29 14:00:00,61.7,SURF,True,EXTREME_TYPE1,538.0,10.0,10.0,"(113.09, 23.2);(113.09, 23.6);(113.09, 24.0);(113.5, 23.2);(113.5, 23.6);(113.5, 24.0);(113.91, 23.2);(113.91, 23.6);(113.91, 24.0);(114.32, 23.6)",True
59500,2008-06-29 18:00:00,13.0,SURF,True,,,,,,False
59476,2008-06-30 13:00:00,56.8,SURF,True,EXTREME_TYPE1,1779.0,11.0,11.0,"(112.27, 22.4);(112.68, 22.0);(112.68, 22.4);(112.68, 22.8);(113.09, 22.0);(113.09, 22.4);(113.09, 22.8);(113.09, 23.2);(113.5, 22.0);(113.5, 22.4);(113.5, 22.8)",True
59087,2008-07-08 03:00:00,20.8,SURF,True,EXTREME_TYPE1,335.0,10.0,10.0,"(113.09, 23.6);(113.09, 24.0);(113.09, 24.4);(113.5, 23.2);(113.5, 23.6);(113.5, 24.0);(113.5, 24.4);(113.91, 23.6);(113.91, 24.0);(113.91, 24.4)",True
59312,2008-07-08 05:00:00,63.2,SURF,True,EXTREME_TYPE1,195.0,10.0,10.0,"(115.95, 23.6);(116.36, 23.2);(116.36, 23.6);(116.36, 24.0);(116.77, 23.2);(116.77, 23.6);(116.77, 24.0);(117.18, 23.2);(117.18, 23.6);(117.18, 24.0)",True
59502,2008-07-08 05:00:00,54.4,SURF,True,EXTREME_TYPE1,320.0,12.0,12.0,"(115.14, 22.8);(115.14, 23.2);(115.55, 22.4);(115.55, 22.8);(115.55, 23.2);(115.55, 23.6);(115.95, 22.4);(115.95, 22.8);(115.95, 23.2);(115.95, 23.6);(116.36, 22.8);(116.36, 23.2)",True
59314,2008-07-08 12:00:00,60.6,SURF,True,EXTREME_TYPE1,330.0,12.0,11.0,"(115.55, 23.2);(115.55, 23.6);(115.95, 22.8);(115.95, 23.2);(115.95, 23.6);(116.36, 22.8);(116.36, 23.2);(116.36, 23.6);(116.36, 24.0);(116.77, 23.2);(116.77, 23.6)",True
59315,2008-07-08 12:00:00,15.5,SURF,True,,,,,,False
59655,2008-07-08 13:00:00,64.3,SURF,True,EXTREME_TYPE1,314.0,10.0,6.0,"(110.23, 21.2);(110.23, 21.6);(110.64, 21.2);(110.64, 21.6);(111.05, 21.2);(111.05, 21.6)",True
59656,2008-07-08 16:00:00,12.8,SURF,True,,,,,,False
59478,2008-07-09 05:00:00,5.7,SURF,True,,,,,,False
59478,2008-07-09 13:00:00,14.3,SURF,True,,,,,,False
59269,2008-07-10 17:00:00,53.3,SURF,True,EXTREME_TYPE3,558.0,9.0,8.0,"(111.45, 22.8);(111.45, 23.2);(111.86, 22.8);(111.86, 23.2);(111.86, 23.6);(112.27, 22.8);(112.27, 23.2);(112.27, 23.6)",True
57996,2008-07-13 17:00:00,8.8,SURF,True,,,,,,False
59294,2008-07-16 18:00:00,57.1,SURF,True,EXTREME_TYPE1,539.0,11.0,2.0,"(113.5, 22.8);(113.5, 23.2)",True
59656,2008-07-19 16:00:00,19.1,SURF,True,,,,,,False
59271,2008-07-20 18:00:00,44.2,SURF,True,EXTREME_TYPE1,483.0,11.0,11.0,"(111.86, 23.2);(111.86, 23.6);(111.86, 24.0);(112.27, 23.2);(112.27, 23.6);(112.27, 24.0);(112.68, 23.2);(112.68, 23.6);(112.68, 24.0);(113.09, 23.6);(113.09, 24.0)",True
59310,2008-07-30 00:00:00,37.3,SURF,True,EXTREME_TYPE1,365.0,12.0,12.0,"(115.55, 23.6);(115.55, 24.0);(115.95, 23.2);(115.95, 23.6);(115.95, 24.0);(115.95, 24.4);(116.36, 23.2);(116.36, 23.6);(116.36, 24.0);(116.36, 24.4);(116.77, 23.6);(116.77, 24.0)",True
59315,2008-07-30 01:00:00,31.9,SURF,True,EXTREME_TYPE1,220.0,10.0,10.0,"(115.95, 23.2);(115.95, 23.6);(115.95, 24.0);(116.36, 23.2);(116.36, 23.6);(116.36, 24.0);(116.77, 23.2);(116.77, 23.6);(116.77, 24.0);(117.18, 23.6)",True
59316,2008-07-30 01:00:00,57.1,SURF,True,EXTREME_TYPE1,220.0,12.0,12.0,"(115.95, 23.2);(115.95, 23.6);(116.36, 22.8);(116.36, 23.2);(116.36, 23.6);(116.36, 24.0);(116.77, 22.8);(116.77, 23.2);(116.77, 23.6);(116.77, 24.0);(117.18, 23.2);(117.18, 23.6)",True
59317,2008-07-30 01:00:00,56.9,SURF,True,EXTREME_TYPE1,275.0,9.0,9.0,"(115.95, 22.4);(115.95, 22.8);(115.95, 23.2);(115.95, 23.6);(116.36, 22.8);(116.36, 23.2);(116.36, 23.6);(116.77, 22.8);(116.77, 23.2)",True
59502,2008-07-30 01:00:00,56.8,SURF,True,EXTREME_TYPE1,315.0,12.0,12.0,"(115.14, 22.8);(115.14, 23.2);(115.55, 22.4);(115.55, 22.8);(115.55, 23.2);(115.55, 23.6);(115.95, 22.4);(115.95, 22.8);(115.95, 23.2);(115.95, 23.6);(116.36, 22.8);(116.36, 23.2)",True
59500,2008-07-30 02:00:00,58.4,SURF,True,EXTREME_TYPE1,290.0,12.0,12.0,"(114.73, 22.8);(114.73, 23.2);(115.14, 22.4);(115.14, 22.8);(115.14, 23.2);(115.14, 23.6);(115.55, 22.4);(115.55, 22.8);(115.55, 23.2);(115.55, 23.6);(115.95, 22.8);(115.95, 23.2)",True
59502,2008-07-30 02:00:00,98.0,SURF,True,EXTREME_TYPE1,315.0,12.0,12.0,"(115.14, 22.8);(115.14, 23.2);(115.55, 22.4);(115.55, 22.8);(115.55, 23.2);(115.55, 23.6);(115.95, 22.4);(115.95, 22.8);(115.95, 23.2);(115.95, 23.6);(116.36, 22.8);(116.36, 23.2)",True
59317,2008-07-30 03:00:00,13.0,SURF,True,,,,,,False
59502,2008-07-30 03:00:00,63.0,SURF,True,EXTREME_TYPE1,315.0,12.0,12.0,"(115.14, 22.8);(115.14, 23.2);(115.55, 22.4);(115.55, 22.8);(115.55, 23.2);(115.55, 23.6);(115.95, 22.4);(115.95, 22.8);(115.95, 23.2);(115.95, 23.6);(116.36, 22.8);(116.36, 23.2)",True
59293,2008-07-30 04:00:00,64.0,SURF,True,EXTREME_TYPE1,228.0,11.0,11.0,"(114.32, 23.2);(114.32, 23.6);(114.32, 24.0);(114.73, 23.2);(114.73, 23.6);(114.73, 24.0);(114.73, 24.4);(115.14, 23.2);(115.14, 23.6);(115.14, 24.0);(115.14, 24.4)",True
59304,2008-07-30 05:00:00,57.2,SURF,True,EXTREME_TYPE1,343.0,9.0,9.0,"(114.73, 23.2);(114.73, 23.6);(114.73, 24.0);(115.14, 23.2);(115.14, 23.6);(115.14, 24.0);(115.55, 23.2);(115.55, 23.6);(115.55, 24.0)",True
59502,2008-07-30 05:00:00,58.7,SURF,True,EXTREME_TYPE1,315.0,12.0,12.0,"(115.14, 22.8);(115.14, 23.2);(115.55, 22.4);(115.55, 22.8);(115.55, 23.2);(115.55, 23.6);(115.95, 22.4);(115.95, 22.8);(115.95, 23.2);(115.95, 23.6);(116.36, 22.8);(116.36, 23.2)",True
59081,2008-07-31 08:00:00,10.9,SURF,True,,,,,,False
59315,2008-07-31 12:00:00,78.4,SURF,True,EXTREME_TYPE1,220.0,10.0,9.0,"(115.95, 23.2);(115.95, 23.6);(115.95, 24.0);(116.36, 23.2);(116.36, 23.6);(116.36, 24.0);(116.77, 23.2);(116.77, 23.6);(116.77, 24.0)",True
59288,2008-08-04 21:00:00,52.9,SURF,True,EXTREME_TYPE1,1089.0,10.0,10.0,"(112.27, 23.2);(112.68, 22.8);(112.68, 23.2);(112.68, 23.6);(113.09, 22.8);(113.09, 23.2);(113.09, 23.6);(113.5, 22.8);(113.5, 23.2);(113.5, 23.6)",True
59476,2008-08-04 23:00:00,3.5,SURF,True,,,,,,False
59315,2008-08-05 10:00:00,21.9,SURF,True,EXTREME_TYPE1,215.0,10.0,10.0,"(115.95, 23.2);(115.95, 23.6);(115.95, 24.0);(116.36, 23.2);(116.36, 23.6);(116.36, 24.0);(116.77, 23.2);(116.77, 23.6);(116.77, 24.0);(117.18, 23.6)",True
59754,2008-08-06 23:00:00,101.9,SURF,True,EXTREME_TYPE1,135.0,5.0,5.0,"(109.82, 20.4);(109.82, 20.8);(110.23, 20.4);(110.23, 20.8);(110.64, 20.8)",True
59754,2008-08-07 00:00:00,70.0,SURF,True,EXTREME_TYPE1,135.0,5.0,5.0,"(109.82, 20.4);(109.82, 20.8);(110.23, 20.4);(110.23, 20.8);(110.64, 20.8)",True
59653,2008-08-07 14:00:00,50.8,SURF,True,EXTREME_TYPE1,293.0,11.0,11.0,"(110.23, 21.6);(110.23, 22.0);(110.64, 21.6);(110.64, 22.0);(110.64, 22.4);(111.05, 21.6);(111.05, 22.0);(111.05, 22.4);(111.45, 21.6);(111.45, 22.0);(111.45, 22.4)",True
59298,2008-08-07 17:00:00,3.1,SURF,True,,,,,,False
59278,2008-08-07 18:00:00,3.6,SURF,True,,,,,,False
59469,2008-08-11 12:00:00,5.5,SURF,True,,,,,,False
59074,2008-08-11 18:00:00,13.6,SURF,True,,,,,,False
59654,2008-08-17 17:00:00,26.7,SURF,True,EXTREME_TYPE1,264.0,10.0,10.0,"(109.82, 21.2);(109.82, 21.6);(109.82, 22.0);(110.23, 21.2);(110.23, 21.6);(110.23, 22.0);(110.64, 21.2);(110.64, 21.6);(110.64, 22.0);(111.05, 21.6)",True
59663,2008-08-22 18:00:00,113.3,SURF,True,EXTREME_TYPE1,348.0,11.0,11.0,"(111.45, 21.6);(111.45, 22.0);(111.86, 21.2);(111.86, 21.6);(111.86, 22.0);(111.86, 22.4);(112.27, 21.6);(112.27, 22.0);(112.27, 22.4);(112.68, 21.6);(112.68, 22.0)",True
59488,2008-08-22 20:00:00,7.9,SURF,True,,,,,,False
59653,2008-08-22 22:00:00,55.5,SURF,True,EXTREME_TYPE1,299.0,11.0,11.0,"(110.23, 21.6);(110.23, 22.0);(110.64, 21.6);(110.64, 22.0);(110.64, 22.4);(111.05, 21.6);(111.05, 22.0);(111.05, 22.4);(111.45, 21.6);(111.45, 22.0);(111.45, 22.4)",True
59658,2008-08-23 09:00:00,25.7,SURF,True,EXTREME_TYPE1,180.0,10.0,10.0,"(109.82, 20.8);(109.82, 21.2);(109.82, 21.6);(110.23, 20.8);(110.23, 21.2);(110.23, 21.6);(110.64, 20.8);(110.64, 21.2);(110.64, 21.6);(111.05, 21.2)",True
59650,2008-08-28 17:00:00,66.7,SURF,True,FALSE,255.0,11.0,0.0,,True
59269,2008-08-31 21:00:00,34.3,SURF,True,EXTREME_TYPE1,616.0,9.0,9.0,"(111.45, 22.8);(111.45, 23.2);(111.45, 23.6);(111.86, 22.8);(111.86, 23.2);(111.86, 23.6);(112.27, 22.8);(112.27, 23.2);(112.27, 23.6)",True
59304,2008-09-07 12:00:00,6.1,SURF,True,,,,,,False
59493,2008-09-17 14:00:00,18.2,SURF,True,,,,,,False
57988,2008-09-23 21:00:00,3.1,SURF,True,,,,,,False
59298,2008-10-05 21:00:00,23.6,SURF,True,EXTREME_TYPE1,225.0,11.0,11.0,"(113.91, 22.8);(113.91, 23.2);(113.91, 23.6);(114.32, 22.4);(114.32, 22.8);(114.32, 23.2);(114.32, 23.6);(114.73, 22.8);(114.73, 23.2);(114.73, 23.6);(115.14, 23.2)",True
59297,2008-10-06 02:00:00,32.0,SURF,True,EXTREME_TYPE1,270.0,10.0,10.0,"(113.5, 23.2);(113.91, 22.8);(113.91, 23.2);(113.91, 23.6);(114.32, 22.8);(114.32, 23.2);(114.32, 23.6);(114.73, 22.8);(114.73, 23.2);(114.73, 23.6)",True
59314,2008-10-06 05:00:00,55.3,SURF,True,EXTREME_TYPE1,373.0,12.0,12.0,"(115.55, 23.2);(115.55, 23.6);(115.95, 22.8);(115.95, 23.2);(115.95, 23.6);(115.95, 24.0);(116.36, 22.8);(116.36, 23.2);(116.36, 23.6);(116.36, 24.0);(116.77, 23.2);(116.77, 23.6)",True
59469,2008-11-02 14:00:00,54.9,SURF,True,EXTREME_TYPE1,450.0,11.0,10.0,"(111.05, 22.0);(111.45, 21.6);(111.45, 22.0);(111.45, 22.4);(111.86, 21.6);(111.86, 22.0);(111.86, 22.4);(112.27, 21.6);(112.27, 22.0);(112.27, 22.4)",True
59480,2008-11-02 15:00:00,27.6,SURF,True,EXTREME_TYPE1,1548.0,10.0,10.0,"(112.68, 22.4);(112.68, 22.8);(112.68, 23.2);(113.09, 22.4);(113.09, 22.8);(113.09, 23.2);(113.5, 22.4);(113.5, 22.8);(113.5, 23.2);(113.91, 22.8)",True
59654,2008-11-02 23:00:00,56.4,SURF,True,EXTREME_TYPE1,269.0,10.0,8.0,"(109.82, 21.6);(110.23, 21.2);(110.23, 21.6);(110.23, 22.0);(110.64, 21.2);(110.64, 21.6);(110.64, 22.0);(111.05, 21.6)",True
59284,2008-11-03 04:00:00,50.2,SURF,True,EXTREME_TYPE1,856.0,12.0,12.0,"(112.68, 23.2);(112.68, 23.6);(113.09, 22.8);(113.09, 23.2);(113.09, 23.6);(113.09, 24.0);(113.5, 22.8);(113.5, 23.2);(113.5, 23.6);(113.5, 24.0);(113.91, 23.2);(113.91, 23.6)",True
59294,2008-11-03 10:00:00,20.8,SURF,True,EXTREME_TYPE1,539.0,11.0,11.0,"(113.09, 23.2);(113.5, 22.8);(113.5, 23.2);(113.5, 23.6);(113.91, 22.8);(113.91, 23.2);(113.91, 23.6);(113.91, 24.0);(114.32, 22.8);(114.32, 23.2);(114.32, 23.6)",True
59477,2008-11-07 19:00:00,56.5,SURF,True,EXTREME_TYPE1,1165.0,10.0,10.0,"(111.86, 22.0);(111.86, 22.4);(111.86, 22.8);(112.27, 21.6);(112.27, 22.0);(112.27, 22.4);(112.27, 22.8);(112.68, 22.0);(112.68, 22.4);(112.68, 22.8)",True
59475,2008-11-07 20:00:00,50.0,SURF,True,EXTREME_TYPE1,1628.0,9.0,9.0,"(112.27, 22.0);(112.27, 22.4);(112.27, 22.8);(112.68, 22.0);(112.68, 22.4);(112.68, 22.8);(113.09, 22.0);(113.09, 22.4);(113.09, 22.8)",True
59319,2008-11-08 09:00:00,6.1,SURF,True,,,,,,False
59287,2008-12-04 07:00:00,5.6,SURF,True,,,,,,False
59279,2009-03-06 02:00:00,5.2,SURF,True,,,,,,False
59310,2009-03-06 11:00:00,1.8,SURF,True,,,,,,False
59314,2009-03-06 13:00:00,5.2,SURF,True,,,,,,False
57988,2009-04-09 15:00:00,5.2,SURF,True,,,,,,False
59754,2009-04-18 12:00:00,63.0,SURF,True,EXTREME_TYPE2,185.0,5.0,5.0,"(109.82, 20.4);(109.82, 20.8);(110.23, 20.4);(110.23, 20.8);(110.64, 20.8)",True
59294,2009-04-19 15:00:00,28.0,SURF,True,EXTREME_TYPE1,737.0,11.0,11.0,"(113.09, 23.2);(113.5, 22.8);(113.5, 23.2);(113.5, 23.6);(113.91, 22.8);(113.91, 23.2);(113.91, 23.6);(113.91, 24.0);(114.32, 22.8);(114.32, 23.2);(114.32, 23.6)",True
59088,2009-04-20 02:00:00,15.6,SURF,True,,,,,,False
59114,2009-04-20 03:00:00,5.6,SURF,True,,,,,,False
59071,2009-04-24 20:00:00,5.0,SURF,True,,,,,,False
59477,2009-04-25 04:00:00,57.8,SURF,True,EXTREME_TYPE1,1699.0,10.0,10.0,"(111.86, 22.0);(111.86, 22.4);(111.86, 22.8);(112.27, 21.6);(112.27, 22.0);(112.27, 22.4);(112.27, 22.8);(112.68, 22.0);(112.68, 22.4);(112.68, 22.8)",True
59314,2009-04-25 14:00:00,9.3,SURF,True,,,,,,False
G1043,2009-05-01 19:00:00,24.0,AWST,False,FALSE,1629.0,10.0,0.0,,True
G1043,2009-05-01 20:00:00,95.8,AWST,False,FALSE,1629.0,10.0,0.0,,True
G1043,2009-05-01 21:00:00,106.6,AWST,False,FALSE,1630.0,10.0,0.0,,True
G1043,2009-05-01 22:00:00,169.0,AWST,False,FALSE,1630.0,10.0,0.0,,True
G1043,2009-05-02 00:00:00,217.6,AWST,False,FALSE,1632.0,10.0,0.0,,True
G1043,2009-05-02 01:00:00,112.1,AWST,False,FALSE,1634.0,10.0,0.0,,True
G1043,2009-05-02 04:00:00,21.5,AWST,False,FALSE,1637.0,10.0,0.0,,True
G1043,2009-05-02 06:00:00,33.5,AWST,False,FALSE,1634.0,10.0,0.0,,True
G1043,2009-05-02 07:00:00,48.1,AWST,False,FALSE,1631.0,10.0,0.0,,True
G1043,2009-05-02 08:00:00,47.5,AWST,False,FALSE,1628.0,10.0,0.0,,True
G1043,2009-05-02 09:00:00,17.4,AWST,False,,,,,,False
59074,2009-05-17 11:00:00,33.9,SURF,True,EXTREME_TYPE1,401.0,9.0,9.0,"(111.86, 24.0);(111.86, 24.4);(111.86, 24.8);(112.27, 24.0);(112.27, 24.4);(112.27, 24.8);(112.27, 25.2);(112.68, 24.4);(112.68, 24.8)",True
59114,2009-05-18 21:00:00,11.0,SURF,True,,,,,,False
59290,2009-05-19 12:00:00,12.8,SURF,True,,,,,,False
59488,2009-05-23 15:00:00,53.9,SURF,True,EXTREME_TYPE1,668.0,11.0,11.0,"(113.09, 22.0);(113.09, 22.4);(113.09, 22.8);(113.5, 21.6);(113.5, 22.0);(113.5, 22.4);(113.5, 22.8);(113.91, 22.0);(113.91, 22.4);(113.91, 22.8);(114.32, 22.4)",True
59663,2009-05-23 19:00:00,22.6,SURF,True,EXTREME_TYPE1,518.0,11.0,11.0,"(111.45, 21.6);(111.45, 22.0);(111.86, 21.2);(111.86, 21.6);(111.86, 22.0);(111.86, 22.4);(112.27, 21.6);(112.27, 22.0);(112.27, 22.4);(112.68, 21.6);(112.68, 22.0)",True
59478,2009-05-23 20:00:00,25.7,SURF,True,EXTREME_TYPE1,1648.0,12.0,12.0,"(112.27, 22.0);(112.27, 22.4);(112.68, 21.6);(112.68, 22.0);(112.68, 22.4);(112.68, 22.8);(113.09, 21.6);(113.09, 22.0);(113.09, 22.4);(113.09, 22.8);(113.5, 22.0);(113.5, 22.4)",True
59470,2009-05-24 04:00:00,7.2,SURF,True,,,,,,False
59294,2009-05-24 10:00:00,8.0,SURF,True,,,,,,False
59469,2009-05-24 10:00:00,8.8,SURF,True,,,,,,False
59072,2009-05-24 11:00:00,1.6,SURF,True,,,,,,False
59485,2009-05-24 12:00:00,20.3,SURF,True,EXTREME_TYPE1,2023.0,12.0,12.0,"(112.68, 22.4);(112.68, 22.8);(113.09, 22.0);(113.09, 22.4);(113.09, 22.8);(113.5, 22.0);(113.5, 22.4);(113.5, 22.8);(113.5, 23.2);(113.91, 22.0);(113.91, 22.4);(113.91, 22.8)",True
59471,2009-05-24 21:00:00,2.6,SURF,True,,,,,,False
59075,2009-06-03 01:00:00,24.9,SURF,True,EXTREME_TYPE1,494.0,12.0,12.0,"(111.86, 24.0);(111.86, 24.4);(112.27, 24.0);(112.27, 24.4);(112.27, 24.8);(112.68, 23.6);(112.68, 24.0);(112.68, 24.4);(112.68, 24.8);(113.09, 24.0);(113.09, 24.4);(113.09, 24.8)",True
59082,2009-06-03 03:00:00,24.0,SURF,True,EXTREME_TYPE1,356.0,12.0,12.0,"(113.09, 24.4);(113.09, 24.8);(113.09, 25.2);(113.5, 24.0);(113.5, 24.4);(113.5, 24.8);(113.5, 25.2);(113.91, 24.4);(113.91, 24.8);(113.91, 25.2);(114.32, 24.4);(114.32, 24.8)",True
59279,2009-06-03 22:00:00,52.8,SURF,True,EXTREME_TYPE1,1635.0,12.0,12.0,"(112.27, 22.8);(112.27, 23.2);(112.27, 23.6);(112.68, 22.8);(112.68, 23.2);(112.68, 23.6);(113.09, 22.8);(113.09, 23.2);(113.09, 23.6);(113.5, 22.8);(113.5, 23.2);(113.5, 23.6)",True
59287,2009-06-03 23:00:00,67.7,SURF,True,EXTREME_TYPE1,1213.0,9.0,9.0,"(113.09, 22.8);(113.09, 23.2);(113.09, 23.6);(113.5, 22.8);(113.5, 23.2);(113.5, 23.6);(113.91, 22.8);(113.91, 23.2);(113.91, 23.6)",True
59298,2009-06-04 01:00:00,35.2,SURF,True,EXTREME_TYPE1,471.0,11.0,11.0,"(113.91, 22.8);(113.91, 23.2);(113.91, 23.6);(114.32, 22.4);(114.32, 22.8);(114.32, 23.2);(114.32, 23.6);(114.73, 22.8);(114.73, 23.2);(114.73, 23.6);(115.14, 23.2)",True
59116,2009-06-04 03:00:00,11.7,SURF,True,,,,,,False
59502,2009-06-04 03:00:00,25.5,SURF,True,EXTREME_TYPE1,485.0,12.0,12.0,"(115.14, 22.8);(115.14, 23.2);(115.55, 22.4);(115.55, 22.8);(115.55, 23.2);(115.55, 23.6);(115.95, 22.4);(115.95, 22.8);(115.95, 23.2);(115.95, 23.6);(116.36, 22.8);(116.36, 23.2)",True
59658,2009-06-07 18:00:00,52.2,SURF,True,EXTREME_TYPE1,290.0,10.0,10.0,"(109.82, 20.8);(109.82, 21.2);(109.82, 21.6);(110.23, 20.8);(110.23, 21.2);(110.23, 21.6);(110.64, 20.8);(110.64, 21.2);(110.64, 21.6);(111.05, 21.2)",True
59659,2009-06-08 01:00:00,1.7,SURF,True,,,,,,False
59663,2009-06-08 03:00:00,60.6,SURF,True,EXTREME_TYPE1,525.0,11.0,11.0,"(111.45, 21.6);(111.45, 22.0);(111.86, 21.2);(111.86, 21.6);(111.86, 22.0);(111.86, 22.4);(112.27, 21.6);(112.27, 22.0);(112.27, 22.4);(112.68, 21.6);(112.68, 22.0)",True
59750,2009-06-09 04:00:00,10.6,SURF,True,,,,,,False
59487,2009-06-09 09:00:00,28.4,SURF,True,EXTREME_TYPE1,1278.0,12.0,12.0,"(112.68, 22.0);(112.68, 22.4);(113.09, 21.6);(113.09, 22.0);(113.09, 22.4);(113.09, 22.8);(113.5, 21.6);(113.5, 22.0);(113.5, 22.4);(113.5, 22.8);(113.91, 22.0);(113.91, 22.4)",True
59485,2009-06-09 11:00:00,8.3,SURF,True,,,,,,False
59072,2009-06-10 06:00:00,11.5,SURF,True,,,,,,False
59313,2009-06-10 08:00:00,12.6,SURF,True,,,,,,False
59303,2009-06-11 14:00:00,63.6,SURF,True,EXTREME_TYPE1,720.0,10.0,10.0,"(115.14, 23.6);(115.14, 24.0);(115.55, 23.6);(115.55, 24.0);(115.55, 24.4);(115.95, 23.6);(115.95, 24.0);(115.95, 24.4);(116.36, 23.6);(116.36, 24.0)",True
59500,2009-06-13 13:00:00,5.0,SURF,True,,,,,,False
59663,2009-06-13 21:00:00,52.5,SURF,True,EXTREME_TYPE1,517.0,11.0,11.0,"(111.45, 21.6);(111.45, 22.0);(111.86, 21.2);(111.86, 21.6);(111.86, 22.0);(111.86, 22.4);(112.27, 21.6);(112.27, 22.0);(112.27, 22.4);(112.68, 21.6);(112.68, 22.0)",True
59663,2009-06-13 22:00:00,50.8,SURF,True,EXTREME_TYPE1,516.0,11.0,11.0,"(111.45, 21.6);(111.45, 22.0);(111.86, 21.2);(111.86, 21.6);(111.86, 22.0);(111.86, 22.4);(112.27, 21.6);(112.27, 22.0);(112.27, 22.4);(112.68, 21.6);(112.68, 22.0)",True
59082,2009-06-14 18:00:00,51.9,SURF,True,EXTREME_TYPE1,356.0,12.0,10.0,"(113.09, 24.4);(113.09, 24.8);(113.09, 25.2);(113.5, 24.0);(113.5, 24.4);(113.5, 24.8);(113.5, 25.2);(113.91, 24.4);(113.91, 24.8);(114.32, 24.4)",True
59664,2009-06-15 12:00:00,34.0,SURF,True,EXTREME_TYPE1,505.0,10.0,10.0,"(110.23, 21.6);(110.64, 21.2);(110.64, 21.6);(110.64, 22.0);(111.05, 21.2);(111.05, 21.6);(111.05, 22.0);(111.45, 21.2);(111.45, 21.6);(111.45, 22.0)",True
G3531,2009-06-19 19:00:00,603.7,AWST,False,FALSE,1221.0,10.0,0.0,,True
59318,2009-06-21 20:00:00,15.4,SURF,True,,,,,,False
59317,2009-06-22 07:00:00,63.5,SURF,True,EXTREME_TYPE1,409.0,9.0,9.0,"(115.95, 22.4);(115.95, 22.8);(115.95, 23.2);(115.95, 23.6);(116.36, 22.8);(116.36, 23.2);(116.36, 23.6);(116.77, 22.8);(116.77, 23.2)",True
59087,2009-06-22 08:00:00,43.5,SURF,True,EXTREME_TYPE1,509.0,10.0,5.0,"(113.5, 23.2);(113.5, 23.6);(113.5, 24.0);(113.91, 23.6);(113.91, 24.0)",True
59106,2009-06-22 09:00:00,138.9,SURF,True,EXTREME_TYPE3,311.0,10.0,3.0,"(115.95, 24.4);(116.36, 24.4);(116.36, 24.8)",True
59106,2009-06-22 13:00:00,61.4,SURF,True,EXTREME_TYPE1,310.0,10.0,10.0,"(115.14, 24.4);(115.14, 24.8);(115.55, 24.0);(115.55, 24.4);(115.55, 24.8);(115.95, 24.0);(115.95, 24.4);(115.95, 24.8);(116.36, 24.4);(116.36, 24.8)",True
59107,2009-06-22 16:00:00,11.0,SURF,True,,,,,,False
59096,2009-06-22 17:00:00,55.0,SURF,True,EXTREME_TYPE1,236.0,12.0,12.0,"(113.91, 24.0);(113.91, 24.4);(113.91, 24.8);(114.32, 24.0);(114.32, 24.4);(114.32, 24.8);(114.73, 24.0);(114.73, 24.4);(114.73, 24.8);(115.14, 24.0);(115.14, 24.4);(115.14, 24.8)",True
59285,2009-06-23 08:00:00,13.6,SURF,True,,,,,,False
59310,2009-06-23 14:00:00,68.1,SURF,True,EXTREME_TYPE3,530.0,12.0,10.0,"(115.95, 23.2);(115.95, 23.6);(115.95, 24.0);(115.95, 24.4);(116.36, 23.2);(116.36, 23.6);(116.36, 24.0);(116.36, 24.4);(116.77, 23.6);(116.77, 24.0)",True
59750,2009-06-26 14:00:00,52.7,SURF,True,EXTREME_TYPE1,341.0,11.0,11.0,"(109.41, 21.2);(109.82, 20.4);(109.82, 20.8);(109.82, 21.2);(109.82, 21.6);(110.23, 20.4);(110.23, 20.8);(110.23, 21.2);(110.23, 21.6);(110.64, 20.8);(110.64, 21.2)",True
59280,2009-06-27 17:00:00,27.3,SURF,True,EXTREME_TYPE1,672.0,10.0,10.0,"(112.68, 23.2);(112.68, 23.6);(112.68, 24.0);(113.09, 23.2);(113.09, 23.6);(113.09, 24.0);(113.09, 24.4);(113.5, 23.2);(113.5, 23.6);(113.5, 24.0)",True
59492,2009-06-28 01:00:00,26.0,SURF,True,EXTREME_TYPE1,439.0,11.0,11.0,"(114.32, 22.4);(114.32, 22.8);(114.32, 23.2);(114.32, 23.6);(114.73, 22.4);(114.73, 22.8);(114.73, 23.2);(114.73, 23.6);(115.14, 22.8);(115.14, 23.2);(115.14, 23.6)",True
59478,2009-06-28 12:00:00,20.9,SURF,True,EXTREME_TYPE1,1662.0,12.0,12.0,"(112.27, 22.0);(112.27, 22.4);(112.68, 21.6);(112.68, 22.0);(112.68, 22.4);(112.68, 22.8);(113.09, 21.6);(113.09, 22.0);(113.09, 22.4);(113.09, 22.8);(113.5, 22.0);(113.5, 22.4)",True
59476,2009-06-28 17:00:00,13.2,SURF,True,,,,,,False
59477,2009-07-04 02:00:00,6.0,SURF,True,,,,,,False
59462,2009-07-04 13:00:00,2.8,SURF,True,,,,,,False
59653,2009-07-05 16:00:00,14.6,SURF,True,,,,,,False
59304,2009-07-12 14:00:00,15.4,SURF,True,,,,,,False
59462,2009-07-19 01:00:00,50.7,SURF,True,EXTREME_TYPE1,860.0,11.0,11.0,"(111.05, 22.4);(111.05, 22.8);(111.05, 23.2);(111.45, 22.4);(111.45, 22.8);(111.45, 23.2);(111.86, 22.4);(111.86, 22.8);(111.86, 23.2);(112.27, 22.4);(112.27, 22.8)",True
59664,2009-07-19 09:00:00,62.9,SURF,True,EXTREME_TYPE1,508.0,10.0,10.0,"(110.23, 21.6);(110.64, 21.2);(110.64, 21.6);(110.64, 22.0);(111.05, 21.2);(111.05, 21.6);(111.05, 22.0);(111.45, 21.2);(111.45, 21.6);(111.45, 22.0)",True
59656,2009-07-19 10:00:00,30.4,SURF,True,EXTREME_TYPE1,371.0,11.0,11.0,"(110.23, 21.2);(110.23, 21.6);(110.64, 20.8);(110.64, 21.2);(110.64, 21.6);(110.64, 22.0);(111.05, 21.2);(111.05, 21.6);(111.05, 22.0);(111.45, 21.2);(111.45, 21.6)",True
59456,2009-07-19 13:00:00,18.7,SURF,True,,,,,,False
59750,2009-07-20 16:00:00,51.5,SURF,True,EXTREME_TYPE2,350.0,11.0,6.0,"(109.41, 21.2);(109.82, 21.2);(109.82, 21.6);(110.23, 21.2);(110.23, 21.6);(110.64, 21.2)",True
59315,2009-07-23 15:00:00,3.8,SURF,True,,,,,,False
59316,2009-07-25 11:00:00,10.8,SURF,True,,,,,,False
59478,2009-07-25 11:00:00,25.8,SURF,True,EXTREME_TYPE1,1688.0,12.0,11.0,"(112.27, 22.0);(112.27, 22.4);(112.68, 22.0);(112.68, 22.4);(112.68, 22.8);(113.09, 21.6);(113.09, 22.0);(113.09, 22.4);(113.09, 22.8);(113.5, 22.0);(113.5, 22.4)",True
59502,2009-07-26 05:00:00,41.1,SURF,True,EXTREME_TYPE4,489.0,12.0,2.0,"(115.14, 22.8);(115.14, 23.2)",True
59074,2009-07-28 08:00:00,53.0,SURF,True,FALSE,410.0,9.0,0.0,,True
59655,2009-07-29 02:00:00,53.0,SURF,True,EXTREME_TYPE1,497.0,10.0,10.0,"(110.23, 21.2);(110.23, 21.6);(110.23, 22.0);(110.64, 21.2);(110.64, 21.6);(110.64, 22.0);(110.64, 22.4);(111.05, 21.2);(111.05, 21.6);(111.05, 22.0)",True
59287,2009-07-31 12:00:00,12.9,SURF,True,,,,,,False
59278,2009-08-05 01:00:00,2.2,SURF,True,,,,,,False
59456,2009-08-05 01:00:00,7.2,SURF,True,,,,,,False
59663,2009-08-05 08:00:00,2.7,SURF,True,,,,,,False
G2505,2009-08-05 10:00:00,278.1,AWST,False,FALSE,352.0,10.0,0.0,,True
G2505,2009-08-05 11:00:00,337.7,AWST,False,FALSE,351.0,10.0,0.0,,True
59673,2009-08-05 12:00:00,60.1,SURF,True,EXTREME_TYPE1,110.0,8.0,8.0,"(112.27, 21.6);(112.27, 22.0);(112.68, 21.6);(112.68, 22.0);(112.68, 22.4);(113.09, 21.6);(113.09, 22.0);(113.5, 21.6)",True
59673,2009-08-05 13:00:00,43.1,SURF,True,EXTREME_TYPE1,110.0,8.0,8.0,"(112.27, 21.6);(112.27, 22.0);(112.68, 21.6);(112.68, 22.0);(112.68, 22.4);(113.09, 21.6);(113.09, 22.0);(113.5, 21.6)",True
59476,2009-08-06 01:00:00,18.5,SURF,True,,,,,,False
59477,2009-08-06 04:00:00,32.6,SURF,True,EXTREME_TYPE1,1757.0,10.0,10.0,"(111.86, 22.0);(111.86, 22.4);(111.86, 22.8);(112.27, 21.6);(112.27, 22.0);(112.27, 22.4);(112.27, 22.8);(112.68, 22.0);(112.68, 22.4);(112.68, 22.8)",True
59476,2009-08-10 23:00:00,53.7,SURF,True,EXTREME_TYPE1,2596.0,11.0,11.0,"(112.27, 22.4);(112.68, 22.0);(112.68, 22.4);(112.68, 22.8);(113.09, 22.0);(113.09, 22.4);(113.09, 22.8);(113.09, 23.2);(113.5, 22.0);(113.5, 22.4);(113.5, 22.8)",True
59288,2009-08-11 17:00:00,33.9,SURF,True,EXTREME_TYPE1,1663.0,10.0,10.0,"(112.27, 23.2);(112.68, 22.8);(112.68, 23.2);(112.68, 23.6);(113.09, 22.8);(113.09, 23.2);(113.09, 23.6);(113.5, 22.8);(113.5, 23.2);(113.5, 23.6)",True
59114,2009-08-11 22:00:00,20.6,SURF,True,EXTREME_TYPE1,190.0,10.0,10.0,"(115.55, 24.4);(115.55, 24.8);(115.95, 24.0);(115.95, 24.4);(115.95, 24.8);(116.36, 24.0);(116.36, 24.4);(116.36, 24.8);(116.77, 24.4);(116.77, 24.8)",True
59279,2009-08-12 05:00:00,58.7,SURF,True,EXTREME_TYPE1,1654.0,12.0,12.0,"(112.27, 22.8);(112.27, 23.2);(112.27, 23.6);(112.68, 22.8);(112.68, 23.2);(112.68, 23.6);(113.09, 22.8);(113.09, 23.2);(113.09, 23.6);(113.5, 22.8);(113.5, 23.2);(113.5, 23.6)",True
59288,2009-08-12 05:00:00,65.0,SURF,True,EXTREME_TYPE1,1654.0,10.0,10.0,"(112.27, 23.2);(112.68, 22.8);(112.68, 23.2);(112.68, 23.6);(113.09, 22.8);(113.09, 23.2);(113.09, 23.6);(113.5, 22.8);(113.5, 23.2);(113.5, 23.6)",True
59462,2009-08-12 07:00:00,62.2,SURF,True,EXTREME_TYPE1,869.0,11.0,11.0,"(111.05, 22.4);(111.05, 22.8);(111.05, 23.2);(111.45, 22.4);(111.45, 22.8);(111.45, 23.2);(111.86, 22.4);(111.86, 22.8);(111.86, 23.2);(112.27, 22.4);(112.27, 22.8)",True
59294,2009-08-17 01:00:00,23.2,SURF,True,EXTREME_TYPE1,791.0,11.0,11.0,"(113.09, 23.2);(113.5, 22.8);(113.5, 23.2);(113.5, 23.6);(113.91, 22.8);(113.91, 23.2);(113.91, 23.6);(113.91, 24.0);(114.32, 22.8);(114.32, 23.2);(114.32, 23.6)",True
G8207,2009-08-23 20:00:00,2.1,AWST,False,,,,,,False
59287,2009-08-25 16:00:00,40.4,SURF,True,EXTREME_TYPE1,1226.0,9.0,9.0,"(113.09, 22.8);(113.09, 23.2);(113.09, 23.6);(113.5, 22.8);(113.5, 23.2);(113.5, 23.6);(113.91, 22.8);(113.91, 23.2);(113.91, 23.6)",True
59290,2009-09-09 07:00:00,32.0,SURF,True,EXTREME_TYPE1,440.0,11.0,11.0,"(113.5, 23.6);(113.91, 23.2);(113.91, 23.6);(113.91, 24.0);(113.91, 24.4);(114.32, 23.2);(114.32, 23.6);(114.32, 24.0);(114.32, 24.4);(114.73, 23.6);(114.73, 24.0)",True
59107,2009-09-12 23:00:00,16.9,SURF,True,,,,,,False
59476,2009-09-15 05:00:00,15.1,SURF,True,,,,,,False
59663,2009-09-15 09:00:00,21.1,SURF,True,EXTREME_TYPE1,515.0,11.0,11.0,"(111.45, 21.6);(111.45, 22.0);(111.86, 21.2);(111.86, 21.6);(111.86, 22.0);(111.86, 22.4);(112.27, 21.6);(112.27, 22.0);(112.27, 22.4);(112.68, 21.6);(112.68, 22.0)",True
59276,2009-09-15 11:00:00,7.5,SURF,True,,,,,,False
59290,2009-09-16 01:00:00,28.9,SURF,True,EXTREME_TYPE1,434.0,11.0,6.0,"(113.91, 23.2);(113.91, 23.6);(114.32, 23.2);(114.32, 23.6);(114.32, 24.0);(114.73, 23.6)",True
59269,2009-10-13 11:00:00,1.4,SURF,True,,,,,,False
59477,2009-10-19 21:00:00,4.3,SURF,True,,,,,,False
59109,2009-11-12 19:00:00,1.0,SURF,True,,,,,,False
59485,2009-11-16 02:00:00,1.3,SURF,True,,,,,,False
59485,2010-02-07 15:00:00,1.1,SURF,True,,,,,,False
59314,2010-03-07 04:00:00,33.1,SURF,True,EXTREME_TYPE1,570.0,12.0,10.0,"(115.55, 23.2);(115.55, 23.6);(115.95, 22.8);(115.95, 23.2);(115.95, 23.6);(116.36, 22.8);(116.36, 23.2);(116.36, 23.6);(116.77, 23.2);(116.77, 23.6)",True
59673,2010-03-25 01:00:00,7.4,SURF,True,,,,,,False
59313,2010-04-08 03:00:00,15.4,SURF,True,,,,,,False
59071,2010-04-08 05:00:00,6.8,SURF,True,,,,,,False
59075,2010-04-08 05:00:00,3.3,SURF,True,,,,,,False
59293,2010-04-08 08:00:00,7.3,SURF,True,,,,,,False
59290,2010-04-13 09:00:00,5.1,SURF,True,,,,,,False
59501,2010-04-13 09:00:00,36.0,SURF,True,EXTREME_TYPE1,595.0,12.0,12.0,"(114.73, 22.4);(114.73, 22.8);(114.73, 23.2);(115.14, 22.4);(115.14, 22.8);(115.14, 23.2);(115.55, 22.4);(115.55, 22.8);(115.55, 23.2);(115.95, 22.4);(115.95, 22.8);(115.95, 23.2)",True
59088,2010-04-13 18:00:00,9.5,SURF,True,,,,,,False
59117,2010-04-15 07:00:00,2.0,SURF,True,,,,,,False
59658,2010-04-19 17:00:00,11.8,SURF,True,,,,,,False
59293,2010-04-22 10:00:00,67.2,SURF,True,EXTREME_TYPE1,485.0,11.0,11.0,"(114.32, 23.2);(114.32, 23.6);(114.32, 24.0);(114.73, 23.2);(114.73, 23.6);(114.73, 24.0);(114.73, 24.4);(115.14, 23.2);(115.14, 23.6);(115.14, 24.0);(115.14, 24.4)",True
59469,2010-04-22 10:00:00,23.6,SURF,True,EXTREME_TYPE1,808.0,11.0,11.0,"(111.05, 22.0);(111.45, 21.6);(111.45, 22.0);(111.45, 22.4);(111.86, 21.6);(111.86, 22.0);(111.86, 22.4);(111.86, 22.8);(112.27, 21.6);(112.27, 22.0);(112.27, 22.4)",True
59107,2010-04-22 15:00:00,6.7,SURF,True,,,,,,False
59298,2010-04-29 14:00:00,5.5,SURF,True,,,,,,False
57996,2010-05-06 09:00:00,7.0,SURF,True,,,,,,False
59099,2010-05-06 11:00:00,74.2,SURF,True,EXTREME_TYPE1,362.0,10.0,10.0,"(114.32, 24.4);(114.32, 24.8);(114.73, 24.0);(114.73, 24.4);(114.73, 24.8);(115.14, 24.0);(115.14, 24.4);(115.14, 24.8);(115.55, 24.4);(115.55, 24.8)",True
59094,2010-05-06 17:00:00,51.0,SURF,True,EXTREME_TYPE1,343.0,12.0,12.0,"(113.5, 24.0);(113.5, 24.4);(113.5, 24.8);(113.91, 24.0);(113.91, 24.4);(113.91, 24.8);(114.32, 24.0);(114.32, 24.4);(114.32, 24.8);(114.73, 24.0);(114.73, 24.4);(114.73, 24.8)",True
59107,2010-05-06 17:00:00,55.8,SURF,True,EXTREME_TYPE1,595.0,12.0,12.0,"(114.73, 23.6);(114.73, 24.0);(114.73, 24.4);(115.14, 23.6);(115.14, 24.0);(115.14, 24.4);(115.14, 24.8);(115.55, 23.6);(115.55, 24.0);(115.55, 24.4);(115.95, 24.0);(115.95, 24.4)",True
59312,2010-05-06 17:00:00,14.3,SURF,True,,,,,,False
59087,2010-05-06 22:00:00,51.0,SURF,True,EXTREME_TYPE1,563.0,10.0,10.0,"(113.09, 23.6);(113.09, 24.0);(113.09, 24.4);(113.5, 23.2);(113.5, 23.6);(113.5, 24.0);(113.5, 24.4);(113.91, 23.6);(113.91, 24.0);(113.91, 24.4)",True
59271,2010-05-06 23:00:00,30.2,SURF,True,EXTREME_TYPE1,753.0,11.0,11.0,"(111.86, 23.2);(111.86, 23.6);(111.86, 24.0);(112.27, 23.2);(112.27, 23.6);(112.27, 24.0);(112.68, 23.2);(112.68, 23.6);(112.68, 24.0);(113.09, 23.6);(113.09, 24.0)",True
59284,2010-05-07 01:00:00,115.2,SURF,True,EXTREME_TYPE1,1321.0,12.0,12.0,"(112.68, 23.2);(112.68, 23.6);(113.09, 22.8);(113.09, 23.2);(113.09, 23.6);(113.09, 24.0);(113.5, 22.8);(113.5, 23.2);(113.5, 23.6);(113.5, 24.0);(113.91, 23.2);(113.91, 23.6)",True
59287,2010-05-07 03:00:00,63.1,SURF,True,EXTREME_TYPE1,1327.0,9.0,9.0,"(113.09, 22.8);(113.09, 23.2);(113.09, 23.6);(113.5, 22.8);(113.5, 23.2);(113.5, 23.6);(113.91, 22.8);(113.91, 23.2);(113.91, 23.6)",True
59493,2010-05-07 03:00:00,42.9,SURF,True,EXTREME_TYPE1,668.0,13.0,13.0,"(113.5, 22.0);(113.5, 22.4);(113.5, 22.8);(113.91, 22.0);(113.91, 22.4);(113.91, 22.8);(113.91, 23.2);(114.32, 22.0);(114.32, 22.4);(114.32, 22.8);(114.32, 23.2);(114.73, 22.4);(114.73, 22.8)",True
59279,2010-05-07 04:00:00,91.7,SURF,True,EXTREME_TYPE1,1746.0,12.0,12.0,"(112.27, 22.8);(112.27, 23.2);(112.27, 23.6);(112.68, 22.8);(112.68, 23.2);(112.68, 23.6);(113.09, 22.8);(113.09, 23.2);(113.09, 23.6);(113.5, 22.8);(113.5, 23.2);(113.5, 23.6)",True
59269,2010-05-09 15:00:00,79.8,SURF,True,EXTREME_TYPE1,768.0,9.0,9.0,"(111.45, 22.8);(111.45, 23.2);(111.45, 23.6);(111.86, 22.8);(111.86, 23.2);(111.86, 23.6);(112.27, 22.8);(112.27, 23.2);(112.27, 23.6)",True
59476,2010-05-09 23:00:00,66.0,SURF,True,EXTREME_TYPE1,2635.0,11.0,11.0,"(112.27, 22.4);(112.68, 22.0);(112.68, 22.4);(112.68, 22.8);(113.09, 22.0);(113.09, 22.4);(113.09, 22.8);(113.09, 23.2);(113.5, 22.0);(113.5, 22.4);(113.5, 22.8)",True
59478,2010-05-10 00:00:00,51.2,SURF,True,EXTREME_TYPE1,1706.0,12.0,12.0,"(112.27, 22.0);(112.27, 22.4);(112.68, 21.6);(112.68, 22.0);(112.68, 22.4);(112.68, 22.8);(113.09, 21.6);(113.09, 22.0);(113.09, 22.4);(113.09, 22.8);(113.5, 22.0);(113.5, 22.4)",True
59476,2010-05-10 09:00:00,26.4,SURF,True,EXTREME_TYPE1,2632.0,11.0,11.0,"(112.27, 22.4);(112.68, 22.0);(112.68, 22.4);(112.68, 22.8);(113.09, 22.0);(113.09, 22.4);(113.09, 22.8);(113.09, 23.2);(113.5, 22.0);(113.5, 22.4);(113.5, 22.8)",True
59284,2010-05-14 18:00:00,52.8,SURF,True,EXTREME_TYPE1,1350.0,12.0,12.0,"(112.68, 23.2);(112.68, 23.6);(113.09, 22.8);(113.09, 23.2);(113.09, 23.6);(113.09, 24.0);(113.5, 22.8);(113.5, 23.2);(113.5, 23.6);(113.5, 24.0);(113.91, 23.2);(113.91, 23.6)",True
59481,2010-05-15 01:00:00,71.2,SURF,True,EXTREME_TYPE1,2126.0,12.0,12.0,"(112.68, 22.8);(112.68, 23.2);(113.09, 22.4);(113.09, 22.8);(113.09, 23.2);(113.09, 23.6);(113.5, 22.4);(113.5, 22.8);(113.5, 23.2);(113.5, 23.6);(113.91, 22.8);(113.91, 23.2)",True
59663,2010-05-15 02:00:00,86.4,SURF,True,EXTREME_TYPE1,618.0,11.0,11.0,"(111.45, 21.6);(111.45, 22.0);(111.86, 21.2);(111.86, 21.6);(111.86, 22.0);(111.86, 22.4);(112.27, 21.6);(112.27, 22.0);(112.27, 22.4);(112.68, 21.6);(112.68, 22.0)",True
59663,2010-05-15 11:00:00,47.6,SURF,True,EXTREME_TYPE2,618.0,11.0,10.0,"(111.45, 21.6);(111.45, 22.0);(111.86, 21.6);(111.86, 22.0);(111.86, 22.4);(112.27, 21.6);(112.27, 22.0);(112.27, 22.4);(112.68, 21.6);(112.68, 22.0)",True
59654,2010-05-15 15:00:00,39.8,SURF,True,EXTREME_TYPE1,452.0,10.0,10.0,"(109.82, 21.2);(109.82, 21.6);(109.82, 22.0);(110.23, 21.2);(110.23, 21.6);(110.23, 22.0);(110.64, 21.2);(110.64, 21.6);(110.64, 22.0);(111.05, 21.6)",True
59081,2010-05-19 11:00:00,50.5,SURF,True,EXTREME_TYPE1,421.0,12.0,12.0,"(112.68, 24.4);(112.68, 24.8);(112.68, 25.2);(113.09, 24.4);(113.09, 24.8);(113.09, 25.2);(113.5, 24.4);(113.5, 24.8);(113.5, 25.2);(113.91, 24.4);(113.91, 24.8);(113.91, 25.2)",True
59106,2010-05-19 17:00:00,4.8,SURF,True,,,,,,False
59075,2010-05-20 18:00:00,56.3,SURF,True,EXTREME_TYPE1,621.0,12.0,10.0,"(111.86, 24.4);(112.27, 24.0);(112.27, 24.4);(112.27, 24.8);(112.68, 24.0);(112.68, 24.4);(112.68, 24.8);(113.09, 24.0);(113.09, 24.4);(113.09, 24.8)",True
59071,2010-05-22 14:00:00,1.5,SURF,True,,,,,,False
59314,2010-05-23 03:00:00,60.5,SURF,True,EXTREME_TYPE1,590.0,12.0,12.0,"(115.55, 23.2);(115.55, 23.6);(115.95, 22.8);(115.95, 23.2);(115.95, 23.6);(115.95, 24.0);(116.36, 22.8);(116.36, 23.2);(116.36, 23.6);(116.36, 24.0);(116.77, 23.2);(116.77, 23.6)",True
59317,2010-05-23 07:00:00,56.3,SURF,True,EXTREME_TYPE1,485.0,9.0,9.0,"(115.95, 22.4);(115.95, 22.8);(115.95, 23.2);(115.95, 23.6);(116.36, 22.8);(116.36, 23.2);(116.36, 23.6);(116.77, 22.8);(116.77, 23.2)",True
59750,2010-05-27 17:00:00,52.8,SURF,True,EXTREME_TYPE1,364.0,11.0,10.0,"(109.82, 20.4);(109.82, 20.8);(109.82, 21.2);(109.82, 21.6);(110.23, 20.4);(110.23, 20.8);(110.23, 21.2);(110.23, 21.6);(110.64, 20.8);(110.64, 21.2)",True
59271,2010-05-29 03:00:00,1.3,SURF,True,,,,,,False
59476,2010-05-29 17:00:00,23.3,SURF,True,EXTREME_TYPE1,2675.0,11.0,11.0,"(112.27, 22.4);(112.68, 22.0);(112.68, 22.4);(112.68, 22.8);(113.09, 22.0);(113.09, 22.4);(113.09, 22.8);(113.09, 23.2);(113.5, 22.0);(113.5, 22.4);(113.5, 22.8)",True
59663,2010-06-02 13:00:00,3.0,SURF,True,,,,,,False
59655,2010-06-08 07:00:00,53.1,SURF,True,EXTREME_TYPE1,537.0,10.0,10.0,"(110.23, 21.2);(110.23, 21.6);(110.23, 22.0);(110.64, 21.2);(110.64, 21.6);(110.64, 22.0);(110.64, 22.4);(111.05, 21.2);(111.05, 21.6);(111.05, 22.0)",True
59655,2010-06-08 20:00:00,50.3,SURF,True,EXTREME_TYPE1,538.0,10.0,10.0,"(110.23, 21.2);(110.23, 21.6);(110.23, 22.0);(110.64, 21.2);(110.64, 21.6);(110.64, 22.0);(110.64, 22.4);(111.05, 21.2);(111.05, 21.6);(111.05, 22.0)",True
59487,2010-06-09 08:00:00,82.7,SURF,True,EXTREME_TYPE1,1342.0,12.0,12.0,"(112.68, 22.0);(112.68, 22.4);(113.09, 21.6);(113.09, 22.0);(113.09, 22.4);(113.09, 22.8);(113.5, 21.6);(113.5, 22.0);(113.5, 22.4);(113.5, 22.8);(113.91, 22.0);(113.91, 22.4)",True
59488,2010-06-09 09:00:00,43.7,SURF,True,EXTREME_TYPE1,699.0,11.0,11.0,"(113.09, 22.0);(113.09, 22.4);(113.09, 22.8);(113.5, 21.6);(113.5, 22.0);(113.5, 22.4);(113.5, 22.8);(113.91, 22.0);(113.91, 22.4);(113.91, 22.8);(114.32, 22.4)",True
59074,2010-06-09 21:00:00,11.5,SURF,True,,,,,,False
59087,2010-06-09 23:00:00,30.6,SURF,True,EXTREME_TYPE1,627.0,10.0,10.0,"(113.09, 23.6);(113.09, 24.0);(113.09, 24.4);(113.5, 23.2);(113.5, 23.6);(113.5, 24.0);(113.5, 24.4);(113.91, 23.6);(113.91, 24.0);(113.91, 24.4)",True
59501,2010-06-10 08:00:00,58.4,SURF,True,EXTREME_TYPE1,568.0,12.0,12.0,"(114.73, 22.4);(114.73, 22.8);(114.73, 23.2);(115.14, 22.4);(115.14, 22.8);(115.14, 23.2);(115.55, 22.4);(115.55, 22.8);(115.55, 23.2);(115.95, 22.4);(115.95, 22.8);(115.95, 23.2)",True
59492,2010-06-10 18:00:00,3.9,SURF,True,,,,,,False
59493,2010-06-12 02:00:00,9.0,SURF,True,,,,,,False
59314,2010-06-12 19:00:00,39.6,SURF,True,EXTREME_TYPE1,577.0,12.0,12.0,"(115.55, 23.2);(115.55, 23.6);(115.95, 22.8);(115.95, 23.2);(115.95, 23.6);(115.95, 24.0);(116.36, 22.8);(116.36, 23.2);(116.36, 23.6);(116.36, 24.0);(116.77, 23.2);(116.77, 23.6)",True
59475,2010-06-13 03:00:00,24.3,SURF,True,EXTREME_TYPE1,2483.0,9.0,9.0,"(112.27, 22.0);(112.27, 22.4);(112.27, 22.8);(112.68, 22.0);(112.68, 22.4);(112.68, 22.8);(113.09, 22.0);(113.09, 22.4);(113.09, 22.8)",True
59117,2010-06-14 23:00:00,25.2,SURF,True,EXTREME_TYPE1,335.0,12.0,12.0,"(115.55, 24.0);(115.55, 24.4);(115.55, 24.8);(115.95, 23.6);(115.95, 24.0);(115.95, 24.4);(115.95, 24.8);(116.36, 24.0);(116.36, 24.4);(116.36, 24.8);(116.77, 24.0);(116.77, 24.4)",True
59290,2010-06-15 05:00:00,71.9,SURF,True,EXTREME_TYPE1,572.0,11.0,10.0,"(113.91, 23.2);(113.91, 23.6);(113.91, 24.0);(113.91, 24.4);(114.32, 23.2);(114.32, 23.6);(114.32, 24.0);(114.32, 24.4);(114.73, 23.6);(114.73, 24.0)",True
59293,2010-06-15 10:00:00,61.0,SURF,True,EXTREME_TYPE1,454.0,11.0,11.0,"(114.32, 23.2);(114.32, 23.6);(114.32, 24.0);(114.73, 23.2);(114.73, 23.6);(114.73, 24.0);(114.73, 24.4);(115.14, 23.2);(115.14, 23.6);(115.14, 24.0);(115.14, 24.4)",True
59314,2010-06-16 12:00:00,59.7,SURF,True,EXTREME_TYPE1,578.0,12.0,12.0,"(115.55, 23.2);(115.55, 23.6);(115.95, 22.8);(115.95, 23.2);(115.95, 23.6);(115.95, 24.0);(116.36, 22.8);(116.36, 23.2);(116.36, 23.6);(116.36, 24.0);(116.77, 23.2);(116.77, 23.6)",True
59099,2010-06-17 16:00:00,23.1,SURF,True,EXTREME_TYPE1,347.0,10.0,8.0,"(114.32, 24.4);(114.32, 24.8);(114.73, 24.0);(114.73, 24.4);(114.73, 24.8);(115.14, 24.0);(115.14, 24.4);(115.14, 24.8)",True
59502,2010-06-21 15:00:00,2.2,SURF,True,,,,,,False
59287,2010-06-21 17:00:00,70.6,SURF,True,EXTREME_TYPE1,1342.0,9.0,9.0,"(113.09, 22.8);(113.09, 23.2);(113.09, 23.6);(113.5, 22.8);(113.5, 23.2);(113.5, 23.6);(113.91, 22.8);(113.91, 23.2);(113.91, 23.6)",True
59114,2010-06-22 16:00:00,55.5,SURF,True,EXTREME_TYPE1,190.0,10.0,10.0,"(115.55, 24.4);(115.55, 24.8);(115.95, 24.0);(115.95, 24.4);(115.95, 24.8);(116.36, 24.0);(116.36, 24.4);(116.36, 24.8);(116.77, 24.4);(116.77, 24.8)",True
59297,2010-06-23 09:00:00,9.1,SURF,True,,,,,,False
59318,2010-06-25 02:00:00,68.6,SURF,True,EXTREME_TYPE1,314.0,12.0,12.0,"(115.95, 23.2);(115.95, 23.6);(116.36, 22.8);(116.36, 23.2);(116.36, 23.6);(116.36, 24.0);(116.77, 22.8);(116.77, 23.2);(116.77, 23.6);(116.77, 24.0);(117.18, 23.2);(117.18, 23.6)",True
59318,2010-06-25 03:00:00,69.2,SURF,True,EXTREME_TYPE1,314.0,12.0,12.0,"(115.95, 23.2);(115.95, 23.6);(116.36, 22.8);(116.36, 23.2);(116.36, 23.6);(116.36, 24.0);(116.77, 22.8);(116.77, 23.2);(116.77, 23.6);(116.77, 24.0);(117.18, 23.2);(117.18, 23.6)",True
59318,2010-06-25 04:00:00,57.9,SURF,True,EXTREME_TYPE1,314.0,12.0,12.0,"(115.95, 23.2);(115.95, 23.6);(116.36, 22.8);(116.36, 23.2);(116.36, 23.6);(116.36, 24.0);(116.77, 22.8);(116.77, 23.2);(116.77, 23.6);(116.77, 24.0);(117.18, 23.2);(117.18, 23.6)",True
59264,2010-06-25 07:00:00,32.4,SURF,True,EXTREME_TYPE1,343.0,9.0,9.0,"(111.05, 23.2);(111.45, 22.8);(111.45, 23.2);(111.45, 23.6);(111.45, 24.0);(111.86, 22.8);(111.86, 23.2);(111.86, 23.6);(111.86, 24.0)",True
59653,2010-06-25 11:00:00,17.6,SURF,True,,,,,,False
59487,2010-06-25 12:00:00,1.0,SURF,True,,,,,,False
59492,2010-06-26 16:00:00,31.6,SURF,True,EXTREME_TYPE1,544.0,11.0,11.0,"(114.32, 22.4);(114.32, 22.8);(114.32, 23.2);(114.32, 23.6);(114.73, 22.4);(114.73, 22.8);(114.73, 23.2);(114.73, 23.6);(115.14, 22.8);(115.14, 23.2);(115.14, 23.6)",True
59485,2010-06-26 17:00:00,4.8,SURF,True,,,,,,False
59284,2010-06-27 07:00:00,52.2,SURF,True,EXTREME_TYPE1,1256.0,12.0,12.0,"(112.68, 23.2);(112.68, 23.6);(113.09, 22.8);(113.09, 23.2);(113.09, 23.6);(113.09, 24.0);(113.5, 22.8);(113.5, 23.2);(113.5, 23.6);(113.5, 24.0);(113.91, 23.2);(113.91, 23.6)",True
59074,2010-06-27 13:00:00,9.8,SURF,True,,,,,,False
59478,2010-06-28 06:00:00,50.3,SURF,True,EXTREME_TYPE1,1711.0,12.0,12.0,"(112.27, 22.0);(112.27, 22.4);(112.68, 21.6);(112.68, 22.0);(112.68, 22.4);(112.68, 22.8);(113.09, 21.6);(113.09, 22.0);(113.09, 22.4);(113.09, 22.8);(113.5, 22.0);(113.5, 22.4)",True
59473,2010-06-28 09:00:00,19.1,SURF,True,,,,,,False
59654,2010-07-17 08:00:00,24.2,SURF,True,EXTREME_TYPE1,461.0,10.0,10.0,"(109.82, 21.2);(109.82, 21.6);(109.82, 22.0);(110.23, 21.2);(110.23, 21.6);(110.23, 22.0);(110.64, 21.2);(110.64, 21.6);(110.64, 22.0);(111.05, 21.6)",True
59650,2010-07-17 12:00:00,5.5,SURF,True,,,,,,False
59094,2010-07-21 18:00:00,6.7,SURF,True,,,,,,False
59658,2010-07-22 16:00:00,40.5,SURF,True,EXTREME_TYPE1,284.0,10.0,10.0,"(109.82, 20.8);(109.82, 21.2);(109.82, 21.6);(110.23, 20.8);(110.23, 21.2);(110.23, 21.6);(110.64, 20.8);(110.64, 21.2);(110.64, 21.6);(111.05, 21.2)",True
59656,2010-07-22 20:00:00,53.9,SURF,True,EXTREME_TYPE1,383.0,11.0,10.0,"(110.23, 21.2);(110.23, 21.6);(110.64, 20.8);(110.64, 21.2);(110.64, 21.6);(110.64, 22.0);(111.05, 21.2);(111.05, 21.6);(111.05, 22.0);(111.45, 21.6)",True
59654,2010-07-23 00:00:00,66.2,SURF,True,EXTREME_TYPE1,445.0,10.0,10.0,"(109.82, 21.2);(109.82, 21.6);(109.82, 22.0);(110.23, 21.2);(110.23, 21.6);(110.23, 22.0);(110.64, 21.2);(110.64, 21.6);(110.64, 22.0);(111.05, 21.6)",True
59654,2010-07-23 01:00:00,59.3,SURF,True,EXTREME_TYPE1,448.0,10.0,10.0,"(109.82, 21.2);(109.82, 21.6);(109.82, 22.0);(110.23, 21.2);(110.23, 21.6);(110.23, 22.0);(110.64, 21.2);(110.64, 21.6);(110.64, 22.0);(111.05, 21.6)",True
59480,2010-07-23 02:00:00,36.2,SURF,True,EXTREME_TYPE1,2147.0,10.0,10.0,"(112.68, 22.4);(112.68, 22.8);(112.68, 23.2);(113.09, 22.4);(113.09, 22.8);(113.09, 23.2);(113.5, 22.4);(113.5, 22.8);(113.5, 23.2);(113.91, 22.8)",True
59314,2010-07-23 13:00:00,52.9,SURF,True,EXTREME_TYPE1,575.0,12.0,12.0,"(115.55, 23.2);(115.55, 23.6);(115.95, 22.8);(115.95, 23.2);(115.95, 23.6);(115.95, 24.0);(116.36, 22.8);(116.36, 23.2);(116.36, 23.6);(116.36, 24.0);(116.77, 23.2);(116.77, 23.6)",True
59117,2010-07-23 17:00:00,49.5,SURF,True,EXTREME_TYPE1,330.0,12.0,12.0,"(115.55, 24.0);(115.55, 24.4);(115.55, 24.8);(115.95, 23.6);(115.95, 24.0);(115.95, 24.4);(115.95, 24.8);(116.36, 24.0);(116.36, 24.4);(116.36, 24.8);(116.77, 24.0);(116.77, 24.4)",True
59288,2010-07-24 16:00:00,8.5,SURF,True,,,,,,False
59285,2010-07-26 16:00:00,57.4,SURF,True,EXTREME_TYPE1,895.0,10.0,10.0,"(113.09, 23.2);(113.09, 23.6);(113.09, 24.0);(113.5, 23.2);(113.5, 23.6);(113.5, 24.0);(113.91, 23.2);(113.91, 23.6);(113.91, 24.0);(114.32, 23.6)",True
59306,2010-08-07 23:00:00,32.2,SURF,True,EXTREME_TYPE1,736.0,12.0,8.0,"(115.14, 23.6);(115.55, 23.6);(115.55, 24.0);(115.95, 23.2);(115.95, 23.6);(115.95, 24.0);(116.36, 23.2);(116.36, 23.6)",True
57996,2010-08-08 01:00:00,43.5,SURF,True,EXTREME_TYPE1,97.0,10.0,9.0,"(113.5, 25.2);(113.91, 24.8);(113.91, 25.2);(113.91, 25.6);(114.32, 24.8);(114.32, 25.2);(114.32, 25.6);(114.73, 24.8);(114.73, 25.2)",True
59650,2010-08-10 19:00:00,22.9,SURF,True,EXTREME_TYPE1,410.0,11.0,11.0,"(109.82, 21.2);(109.82, 21.6);(109.82, 22.0);(110.23, 20.8);(110.23, 21.2);(110.23, 21.6);(110.23, 22.0);(110.64, 20.8);(110.64, 21.2);(110.64, 21.6);(110.64, 22.0)",True
59314,2010-08-15 05:00:00,9.3,SURF,True,,,,,,False
59659,2010-08-16 15:00:00,44.0,SURF,True,EXTREME_TYPE1,555.0,12.0,12.0,"(110.23, 21.6);(110.23, 22.0);(110.64, 21.2);(110.64, 21.6);(110.64, 22.0);(110.64, 22.4);(111.05, 21.2);(111.05, 21.6);(111.05, 22.0);(111.05, 22.4);(111.45, 21.6);(111.45, 22.0)",True
59304,2010-08-23 17:00:00,28.9,SURF,True,EXTREME_TYPE1,654.0,9.0,8.0,"(114.73, 23.2);(114.73, 23.6);(114.73, 24.0);(115.14, 23.2);(115.14, 23.6);(115.14, 24.0);(115.55, 23.6);(115.55, 24.0)",True
59754,2010-08-23 22:00:00,8.9,SURF,True,,,,,,False
59650,2010-08-26 15:00:00,61.4,SURF,True,EXTREME_TYPE1,420.0,11.0,7.0,"(109.82, 22.0);(110.23, 21.2);(110.23, 21.6);(110.23, 22.0);(110.64, 21.2);(110.64, 21.6);(110.64, 22.0)",True
59109,2010-08-26 19:00:00,60.9,SURF,True,EXTREME_TYPE1,524.0,12.0,12.0,"(115.14, 24.0);(115.14, 24.4);(115.55, 23.6);(115.55, 24.0);(115.55, 24.4);(115.55, 24.8);(115.95, 23.6);(115.95, 24.0);(115.95, 24.4);(115.95, 24.8);(116.36, 24.0);(116.36, 24.4)",True
59303,2010-08-26 19:00:00,103.5,SURF,True,EXTREME_TYPE1,774.0,10.0,9.0,"(115.14, 23.6);(115.14, 24.0);(115.55, 23.6);(115.55, 24.0);(115.55, 24.4);(115.95, 23.6);(115.95, 24.0);(115.95, 24.4);(116.36, 24.0)",True
59107,2010-09-02 18:00:00,55.5,SURF,True,EXTREME_TYPE1,584.0,12.0,12.0,"(114.73, 23.6);(114.73, 24.0);(114.73, 24.4);(115.14, 23.6);(115.14, 24.0);(115.14, 24.4);(115.14, 24.8);(115.55, 23.6);(115.55, 24.0);(115.55, 24.4);(115.95, 24.0);(115.95, 24.4)",True
59287,2010-09-02 18:00:00,10.4,SURF,True,,,,,,False
59324,2010-09-03 01:00:00,52.5,SURF,True,EXTREME_TYPE1,90.0,10.0,10.0,"(116.36, 23.2);(116.36, 23.6);(116.77, 22.8);(116.77, 23.2);(116.77, 23.6);(116.77, 24.0);(117.18, 23.2);(117.18, 23.6);(117.18, 24.0);(117.59, 23.6)",True
59117,2010-09-03 13:00:00,1.9,SURF,True,,,,,,False
59469,2010-09-04 19:00:00,1.1,SURF,True,,,,,,False
59480,2010-09-09 03:00:00,57.2,SURF,True,EXTREME_TYPE1,2002.0,10.0,10.0,"(112.68, 22.4);(112.68, 22.8);(112.68, 23.2);(113.09, 22.4);(113.09, 22.8);(113.09, 23.2);(113.5, 22.4);(113.5, 22.8);(113.5, 23.2);(113.91, 22.8)",True
59485,2010-09-09 03:00:00,62.3,SURF,True,EXTREME_TYPE1,2002.0,12.0,12.0,"(112.68, 22.4);(112.68, 22.8);(113.09, 22.0);(113.09, 22.4);(113.09, 22.8);(113.5, 22.0);(113.5, 22.4);(113.5, 22.8);(113.5, 23.2);(113.91, 22.0);(113.91, 22.4);(113.91, 22.8)",True
59473,2010-09-09 04:00:00,67.7,SURF,True,EXTREME_TYPE1,2265.0,10.0,10.0,"(112.27, 22.8);(112.68, 22.4);(112.68, 22.8);(112.68, 23.2);(113.09, 22.4);(113.09, 22.8);(113.09, 23.2);(113.5, 22.4);(113.5, 22.8);(113.5, 23.2)",True
59285,2010-09-11 13:00:00,83.7,SURF,True,EXTREME_TYPE1,889.0,10.0,7.0,"(113.09, 23.2);(113.09, 23.6);(113.5, 23.2);(113.5, 23.6);(113.91, 23.2);(113.91, 23.6);(114.32, 23.6)",True
59087,2010-09-11 16:00:00,37.5,SURF,True,EXTREME_TYPE1,645.0,10.0,10.0,"(113.09, 23.6);(113.09, 24.0);(113.09, 24.4);(113.5, 23.2);(113.5, 23.6);(113.5, 24.0);(113.5, 24.4);(113.91, 23.6);(113.91, 24.0);(113.91, 24.4)",True
59500,2010-09-17 18:00:00,17.2,SURF,True,,,,,,False
59303,2010-09-20 12:00:00,1.7,SURF,True,,,,,,False
59476,2010-09-20 18:00:00,16.3,SURF,True,,,,,,False
59673,2010-09-20 21:00:00,59.3,SURF,True,EXTREME_TYPE1,115.0,8.0,8.0,"(112.27, 21.6);(112.27, 22.0);(112.68, 21.6);(112.68, 22.0);(112.68, 22.4);(113.09, 21.6);(113.09, 22.0);(113.5, 21.6)",True
59673,2010-09-20 22:00:00,68.5,SURF,True,EXTREME_TYPE1,115.0,8.0,8.0,"(112.27, 21.6);(112.27, 22.0);(112.68, 21.6);(112.68, 22.0);(112.68, 22.4);(113.09, 21.6);(113.09, 22.0);(113.5, 21.6)",True
59673,2010-09-21 01:00:00,89.2,SURF,True,EXTREME_TYPE1,115.0,8.0,8.0,"(112.27, 21.6);(112.27, 22.0);(112.68, 21.6);(112.68, 22.0);(112.68, 22.4);(113.09, 21.6);(113.09, 22.0);(113.5, 21.6)",True
59471,2010-09-21 02:00:00,56.8,SURF,True,EXTREME_TYPE1,1663.0,12.0,12.0,"(111.45, 22.8);(111.45, 23.2);(111.86, 22.4);(111.86, 22.8);(111.86, 23.2);(111.86, 23.6);(112.27, 22.4);(112.27, 22.8);(112.27, 23.2);(112.27, 23.6);(112.68, 22.8);(112.68, 23.2)",True
59264,2010-09-21 08:00:00,51.8,SURF,True,EXTREME_TYPE1,335.0,9.0,9.0,"(111.05, 23.2);(111.45, 22.8);(111.45, 23.2);(111.45, 23.6);(111.45, 24.0);(111.86, 22.8);(111.86, 23.2);(111.86, 23.6);(111.86, 24.0)",True
59456,2010-09-21 10:00:00,52.6,SURF,True,EXTREME_TYPE1,489.0,10.0,10.0,"(110.23, 22.4);(110.64, 22.0);(110.64, 22.4);(110.64, 22.8);(111.05, 22.0);(111.05, 22.4);(111.05, 22.8);(111.45, 22.0);(111.45, 22.4);(111.45, 22.8)",True
59659,2010-09-21 13:00:00,35.5,SURF,True,EXTREME_TYPE1,555.0,12.0,12.0,"(110.23, 21.6);(110.23, 22.0);(110.64, 21.2);(110.64, 21.6);(110.64, 22.0);(110.64, 22.4);(111.05, 21.2);(111.05, 21.6);(111.05, 22.0);(111.05, 22.4);(111.45, 21.6);(111.45, 22.0)",True
59656,2010-09-21 14:00:00,18.0,SURF,True,,,,,,False
59663,2010-09-22 02:00:00,68.5,SURF,True,EXTREME_TYPE1,591.0,11.0,11.0,"(111.45, 21.6);(111.45, 22.0);(111.86, 21.2);(111.86, 21.6);(111.86, 22.0);(111.86, 22.4);(112.27, 21.6);(112.27, 22.0);(112.27, 22.4);(112.68, 21.6);(112.68, 22.0)",True
59096,2010-09-22 15:00:00,6.3,SURF,True,,,,,,False
59655,2010-09-22 23:00:00,49.0,SURF,True,EXTREME_TYPE1,525.0,10.0,9.0,"(110.23, 21.2);(110.23, 21.6);(110.23, 22.0);(110.64, 21.2);(110.64, 21.6);(110.64, 22.0);(111.05, 21.2);(111.05, 21.6);(111.05, 22.0)",True
59650,2010-09-23 14:00:00,15.5,SURF,True,,,,,,False
59750,2010-09-23 14:00:00,97.5,SURF,True,EXTREME_TYPE3,346.0,11.0,8.0,"(109.82, 20.8);(109.82, 21.2);(110.23, 20.4);(110.23, 20.8);(110.23, 21.2);(110.23, 21.6);(110.64, 20.8);(110.64, 21.2)",True
59477,2010-09-24 16:00:00,38.8,SURF,True,EXTREME_TYPE1,1785.0,10.0,10.0,"(111.86, 22.0);(111.86, 22.4);(111.86, 22.8);(112.27, 21.6);(112.27, 22.0);(112.27, 22.4);(112.27, 22.8);(112.68, 22.0);(112.68, 22.4);(112.68, 22.8)",True
59097,2010-09-24 22:00:00,33.2,SURF,True,EXTREME_TYPE1,409.0,10.0,10.0,"(113.5, 24.0);(113.91, 23.6);(113.91, 24.0);(113.91, 24.4);(114.32, 23.6);(114.32, 24.0);(114.32, 24.4);(114.73, 23.6);(114.73, 24.0);(114.73, 24.4)",True
59303,2010-09-25 00:00:00,3.6,SURF,True,,,,,,False
59750,2010-10-08 16:00:00,2.0,SURF,True,,,,,,False
59492,2010-11-06 08:00:00,1.0,SURF,True,,,,,,False
59477,2011-01-12 00:00:00,1.1,SURF,True,,,,,,False
59502,2011-02-15 11:00:00,1.2,SURF,True,,,,,,False
57996,2011-03-19 00:00:00,1.0,SURF,True,,,,,,False
59475,2011-04-29 04:00:00,2.9,SURF,True,,,,,,False
59324,2011-04-29 19:00:00,13.1,SURF,True,,,,,,False
59090,2011-05-01 16:00:00,9.1,SURF,True,,,,,,False
57996,2011-05-04 09:00:00,1.9,SURF,True,,,,,,False
59099,2011-05-07 19:00:00,1.5,SURF,True,,,,,,False
59280,2011-05-08 19:00:00,38.3,SURF,True,EXTREME_TYPE1,831.0,10.0,10.0,"(112.68, 23.2);(112.68, 23.6);(112.68, 24.0);(113.09, 23.2);(113.09, 23.6);(113.09, 24.0);(113.09, 24.4);(113.5, 23.2);(113.5, 23.6);(113.5, 24.0)",True
59478,2011-05-10 17:00:00,14.6,SURF,True,,,,,,False
59269,2011-05-11 20:00:00,56.3,SURF,True,EXTREME_TYPE1,793.0,9.0,9.0,"(111.45, 22.8);(111.45, 23.2);(111.45, 23.6);(111.86, 22.8);(111.86, 23.2);(111.86, 23.6);(112.27, 22.8);(112.27, 23.2);(112.27, 23.6)",True
59268,2011-05-12 15:00:00,23.9,SURF,True,EXTREME_TYPE1,1055.0,9.0,9.0,"(111.05, 22.8);(111.05, 23.2);(111.45, 22.8);(111.45, 23.2);(111.45, 23.6);(111.86, 22.8);(111.86, 23.2);(111.86, 23.6);(112.27, 23.2)",True
59107,2011-05-12 22:00:00,7.3,SURF,True,,,,,,False
59664,2011-05-13 03:00:00,21.0,SURF,True,EXTREME_TYPE1,610.0,10.0,10.0,"(110.23, 21.6);(110.64, 21.2);(110.64, 21.6);(110.64, 22.0);(111.05, 21.2);(111.05, 21.6);(111.05, 22.0);(111.45, 21.2);(111.45, 21.6);(111.45, 22.0)",True
59088,2011-05-13 12:00:00,9.1,SURF,True,,,,,,False
59673,2011-05-13 13:00:00,20.8,SURF,True,EXTREME_TYPE1,120.0,8.0,8.0,"(112.27, 21.6);(112.27, 22.0);(112.68, 21.6);(112.68, 22.0);(112.68, 22.4);(113.09, 21.6);(113.09, 22.0);(113.5, 21.6)",True
59087,2011-05-14 13:00:00,13.7,SURF,True,,,,,,False
59750,2011-05-15 17:00:00,76.1,SURF,True,EXTREME_TYPE2,355.0,11.0,5.0,"(109.82, 21.2);(109.82, 21.6);(110.23, 21.2);(110.23, 21.6);(110.64, 21.2)",True
59114,2011-05-16 08:00:00,25.0,SURF,True,EXTREME_TYPE1,176.0,10.0,10.0,"(115.55, 24.4);(115.55, 24.8);(115.95, 24.0);(115.95, 24.4);(115.95, 24.8);(116.36, 24.0);(116.36, 24.4);(116.36, 24.8);(116.77, 24.4);(116.77, 24.8)",True
59485,2011-05-16 16:00:00,65.3,SURF,True,EXTREME_TYPE1,2032.0,12.0,12.0,"(112.68, 22.4);(112.68, 22.8);(113.09, 22.0);(113.09, 22.4);(113.09, 22.8);(113.5, 22.0);(113.5, 22.4);(113.5, 22.8);(113.5, 23.2);(113.91, 22.0);(113.91, 22.4);(113.91, 22.8)",True
59655,2011-05-21 19:00:00,25.3,SURF,True,EXTREME_TYPE1,584.0,10.0,10.0,"(110.23, 21.2);(110.23, 21.6);(110.23, 22.0);(110.64, 21.2);(110.64, 21.6);(110.64, 22.0);(110.64, 22.4);(111.05, 21.2);(111.05, 21.6);(111.05, 22.0)",True
59278,2011-05-22 16:00:00,47.3,SURF,True,EXTREME_TYPE1,2406.0,12.0,12.0,"(111.86, 22.8);(111.86, 23.2);(112.27, 22.4);(112.27, 22.8);(112.27, 23.2);(112.27, 23.6);(112.68, 22.4);(112.68, 22.8);(112.68, 23.2);(112.68, 23.6);(113.09, 22.8);(113.09, 23.2)",True
59471,2011-05-22 17:00:00,52.9,SURF,True,EXTREME_TYPE1,1786.0,12.0,12.0,"(111.45, 22.8);(111.45, 23.2);(111.86, 22.4);(111.86, 22.8);(111.86, 23.2);(111.86, 23.6);(112.27, 22.4);(112.27, 22.8);(112.27, 23.2);(112.27, 23.6);(112.68, 22.8);(112.68, 23.2)",True
59475,2011-05-22 19:00:00,55.9,SURF,True,EXTREME_TYPE1,2528.0,9.0,9.0,"(112.27, 22.0);(112.27, 22.4);(112.27, 22.8);(112.68, 22.0);(112.68, 22.4);(112.68, 22.8);(113.09, 22.0);(113.09, 22.4);(113.09, 22.8)",True
59477,2011-05-22 19:00:00,75.6,SURF,True,EXTREME_TYPE1,1965.0,10.0,10.0,"(111.86, 22.0);(111.86, 22.4);(111.86, 22.8);(112.27, 21.6);(112.27, 22.0);(112.27, 22.4);(112.27, 22.8);(112.68, 22.0);(112.68, 22.4);(112.68, 22.8)",True
59656,2011-05-22 19:00:00,50.6,SURF,True,EXTREME_TYPE1,424.0,11.0,11.0,"(110.23, 21.2);(110.23, 21.6);(110.64, 20.8);(110.64, 21.2);(110.64, 21.6);(110.64, 22.0);(111.05, 21.2);(111.05, 21.6);(111.05, 22.0);(111.45, 21.2);(111.45, 21.6)",True
59318,2011-05-22 20:00:00,5.8,SURF,True,,,,,,False
59276,2011-06-05 20:00:00,9.4,SURF,True,,,,,,False
59096,2011-06-06 16:00:00,41.1,SURF,True,EXTREME_TYPE1,303.0,12.0,2.0,"(113.91, 24.0);(114.32, 24.0)",True
59470,2011-06-11 16:00:00,20.3,SURF,True,EXTREME_TYPE1,1780.0,10.0,10.0,"(111.45, 22.8);(111.86, 22.4);(111.86, 22.8);(111.86, 23.2);(112.27, 22.4);(112.27, 22.8);(112.27, 23.2);(112.68, 22.4);(112.68, 22.8);(112.68, 23.2)",True
59280,2011-06-11 19:00:00,61.5,SURF,True,EXTREME_TYPE1,819.0,10.0,10.0,"(112.68, 23.2);(112.68, 23.6);(112.68, 24.0);(113.09, 23.2);(113.09, 23.6);(113.09, 24.0);(113.09, 24.4);(113.5, 23.2);(113.5, 23.6);(113.5, 24.0)",True
59287,2011-06-12 07:00:00,79.7,SURF,True,EXTREME_TYPE1,1400.0,9.0,9.0,"(113.09, 22.8);(113.09, 23.2);(113.09, 23.6);(113.5, 22.8);(113.5, 23.2);(113.5, 23.6);(113.91, 22.8);(113.91, 23.2);(113.91, 23.6)",True
59287,2011-06-16 08:00:00,24.5,SURF,True,EXTREME_TYPE1,1402.0,9.0,9.0,"(113.09, 22.8);(113.09, 23.2);(113.09, 23.6);(113.5, 22.8);(113.5, 23.2);(113.5, 23.6);(113.91, 22.8);(113.91, 23.2);(113.91, 23.6)",True
59502,2011-06-16 13:00:00,52.9,SURF,True,EXTREME_TYPE1,715.0,12.0,12.0,"(115.14, 22.8);(115.14, 23.2);(115.55, 22.4);(115.55, 22.8);(115.55, 23.2);(115.55, 23.6);(115.95, 22.4);(115.95, 22.8);(115.95, 23.2);(115.95, 23.6);(116.36, 22.8);(116.36, 23.2)",True
59306,2011-06-16 16:00:00,86.7,SURF,True,EXTREME_TYPE1,873.0,12.0,12.0,"(115.14, 23.2);(115.14, 23.6);(115.55, 22.8);(115.55, 23.2);(115.55, 23.6);(115.55, 24.0);(115.95, 22.8);(115.95, 23.2);(115.95, 23.6);(115.95, 24.0);(116.36, 23.2);(116.36, 23.6)",True
59502,2011-06-16 16:00:00,23.6,SURF,True,EXTREME_TYPE1,713.0,12.0,12.0,"(115.14, 22.8);(115.14, 23.2);(115.55, 22.4);(115.55, 22.8);(115.55, 23.2);(115.55, 23.6);(115.95, 22.4);(115.95, 22.8);(115.95, 23.2);(115.95, 23.6);(116.36, 22.8);(116.36, 23.2)",True
59754,2011-06-22 06:00:00,20.4,SURF,True,EXTREME_TYPE1,183.0,5.0,5.0,"(109.82, 20.4);(109.82, 20.8);(110.23, 20.4);(110.23, 20.8);(110.64, 20.8)",True
59656,2011-06-24 02:00:00,9.7,SURF,True,,,,,,False
59655,2011-06-25 08:00:00,42.6,SURF,True,EXTREME_TYPE5,575.0,10.0,8.0,"(110.23, 21.2);(110.23, 21.6);(110.23, 22.0);(110.64, 21.2);(110.64, 21.6);(110.64, 22.0);(111.05, 21.6);(111.05, 22.0)",True
59456,2011-06-25 21:00:00,54.0,SURF,True,EXTREME_TYPE1,610.0,10.0,10.0,"(110.23, 22.4);(110.64, 22.0);(110.64, 22.4);(110.64, 22.8);(111.05, 22.0);(111.05, 22.4);(111.05, 22.8);(111.45, 22.0);(111.45, 22.4);(111.45, 22.8)",True
59289,2011-06-26 08:00:00,12.8,SURF,True,,,,,,False
59310,2011-06-26 18:00:00,75.5,SURF,True,EXTREME_TYPE1,633.0,12.0,11.0,"(115.55, 23.6);(115.55, 24.0);(115.95, 23.2);(115.95, 23.6);(115.95, 24.0);(116.36, 23.2);(116.36, 23.6);(116.36, 24.0);(116.36, 24.4);(116.77, 23.6);(116.77, 24.0)",True
59502,2011-06-27 17:00:00,21.1,SURF,True,EXTREME_TYPE1,720.0,12.0,12.0,"(115.14, 22.8);(115.14, 23.2);(115.55, 22.4);(115.55, 22.8);(115.55, 23.2);(115.55, 23.6);(115.95, 22.4);(115.95, 22.8);(115.95, 23.2);(115.95, 23.6);(116.36, 22.8);(116.36, 23.2)",True
59478,2011-06-29 07:00:00,23.2,SURF,True,EXTREME_TYPE1,1760.0,12.0,12.0,"(112.27, 22.0);(112.27, 22.4);(112.68, 21.6);(112.68, 22.0);(112.68, 22.4);(112.68, 22.8);(113.09, 21.6);(113.09, 22.0);(113.09, 22.4);(113.09, 22.8);(113.5, 22.0);(113.5, 22.4)",True
59481,2011-06-29 08:00:00,16.6,SURF,True,,,,,,False
59072,2011-06-29 09:00:00,13.5,SURF,True,,,,,,False
59663,2011-06-29 10:00:00,51.3,SURF,True,EXTREME_TYPE1,644.0,11.0,11.0,"(111.45, 21.6);(111.45, 22.0);(111.86, 21.2);(111.86, 21.6);(111.86, 22.0);(111.86, 22.4);(112.27, 21.6);(112.27, 22.0);(112.27, 22.4);(112.68, 21.6);(112.68, 22.0)",True
59298,2011-06-30 14:00:00,5.9,SURF,True,,,,,,False
59074,2011-07-08 07:00:00,20.9,SURF,True,EXTREME_TYPE1,345.0,9.0,9.0,"(111.86, 24.0);(111.86, 24.4);(111.86, 24.8);(112.27, 24.0);(112.27, 24.4);(112.27, 24.8);(112.27, 25.2);(112.68, 24.4);(112.68, 24.8)",True
59492,2011-07-09 16:00:00,50.5,SURF,True,EXTREME_TYPE1,357.0,11.0,11.0,"(114.32, 22.4);(114.32, 22.8);(114.32, 23.2);(114.32, 23.6);(114.73, 22.4);(114.73, 22.8);(114.73, 23.2);(114.73, 23.6);(115.14, 22.8);(115.14, 23.2);(115.14, 23.6)",True
59663,2011-07-10 16:00:00,57.2,SURF,True,EXTREME_TYPE1,636.0,11.0,11.0,"(111.45, 21.6);(111.45, 22.0);(111.86, 21.2);(111.86, 21.6);(111.86, 22.0);(111.86, 22.4);(112.27, 21.6);(112.27, 22.0);(112.27, 22.4);(112.68, 21.6);(112.68, 22.0)",True
59456,2011-07-11 15:00:00,71.7,SURF,True,EXTREME_TYPE1,553.0,10.0,7.0,"(110.23, 22.4);(110.64, 22.0);(110.64, 22.4);(110.64, 22.8);(111.05, 22.0);(111.05, 22.4);(111.45, 22.0)",True
59476,2011-07-11 18:00:00,1.8,SURF,True,,,,,,False
59754,2011-07-14 05:00:00,56.9,SURF,True,EXTREME_TYPE1,195.0,5.0,5.0,"(109.82, 20.4);(109.82, 20.8);(110.23, 20.4);(110.23, 20.8);(110.64, 20.8)",True
59654,2011-07-15 16:00:00,7.8,SURF,True,,,,,,False
59279,2011-07-15 19:00:00,36.2,SURF,True,EXTREME_TYPE1,1725.0,12.0,12.0,"(112.27, 22.8);(112.27, 23.2);(112.27, 23.6);(112.68, 22.8);(112.68, 23.2);(112.68, 23.6);(113.09, 22.8);(113.09, 23.2);(113.09, 23.6);(113.5, 22.8);(113.5, 23.2);(113.5, 23.6)",True
59659,2011-07-15 20:00:00,78.1,SURF,True,EXTREME_TYPE1,378.0,12.0,11.0,"(110.23, 21.6);(110.23, 22.0);(110.64, 21.6);(110.64, 22.0);(110.64, 22.4);(111.05, 21.2);(111.05, 21.6);(111.05, 22.0);(111.05, 22.4);(111.45, 21.6);(111.45, 22.0)",True
59294,2011-07-16 05:00:00,7.8,SURF,True,,,,,,False
59289,2011-07-16 20:00:00,39.6,SURF,True,EXTREME_TYPE1,1356.0,12.0,12.0,"(113.09, 22.8);(113.09, 23.2);(113.5, 22.4);(113.5, 22.8);(113.5, 23.2);(113.5, 23.6);(113.91, 22.4);(113.91, 22.8);(113.91, 23.2);(113.91, 23.6);(114.32, 22.8);(114.32, 23.2)",True
59754,2011-07-17 06:00:00,103.7,SURF,True,EXTREME_TYPE1,191.0,5.0,5.0,"(109.82, 20.4);(109.82, 20.8);(110.23, 20.4);(110.23, 20.8);(110.64, 20.8)",True
59754,2011-07-17 07:00:00,68.6,SURF,True,EXTREME_TYPE1,190.0,5.0,5.0,"(109.82, 20.4);(109.82, 20.8);(110.23, 20.4);(110.23, 20.8);(110.64, 20.8)",True
59290,2011-07-17 17:00:00,38.5,SURF,True,EXTREME_TYPE1,527.0,11.0,11.0,"(113.5, 23.6);(113.91, 23.2);(113.91, 23.6);(113.91, 24.0);(113.91, 24.4);(114.32, 23.2);(114.32, 23.6);(114.32, 24.0);(114.32, 24.4);(114.73, 23.6);(114.73, 24.0)",True
59654,2011-07-18 20:00:00,55.7,SURF,True,EXTREME_TYPE3,470.0,10.0,8.0,"(109.82, 21.2);(109.82, 21.6);(109.82, 22.0);(110.23, 21.2);(110.23, 21.6);(110.23, 22.0);(110.64, 21.6);(110.64, 22.0)",True
59477,2011-07-27 17:00:00,70.2,SURF,True,EXTREME_TYPE5,1891.0,10.0,7.0,"(111.86, 22.0);(111.86, 22.4);(112.27, 21.6);(112.27, 22.0);(112.27, 22.4);(112.68, 22.0);(112.68, 22.4)",True
59117,2011-08-04 19:00:00,87.5,SURF,True,EXTREME_TYPE1,335.0,12.0,8.0,"(115.55, 24.0);(115.95, 23.6);(115.95, 24.0);(115.95, 24.4);(116.36, 24.0);(116.36, 24.4);(116.77, 24.0);(116.77, 24.4)",True
59097,2011-08-07 18:00:00,54.0,SURF,True,EXTREME_TYPE1,451.0,10.0,10.0,"(113.5, 24.0);(113.91, 23.6);(113.91, 24.0);(113.91, 24.4);(114.32, 23.6);(114.32, 24.0);(114.32, 24.4);(114.73, 23.6);(114.73, 24.0);(114.73, 24.4)",True
59114,2011-08-08 17:00:00,13.8,SURF,True,,,,,,False
59480,2011-08-10 01:00:00,34.1,SURF,True,EXTREME_TYPE1,2232.0,10.0,10.0,"(112.68, 22.4);(112.68, 22.8);(112.68, 23.2);(113.09, 22.4);(113.09, 22.8);(113.09, 23.2);(113.5, 22.4);(113.5, 22.8);(113.5, 23.2);(113.91, 22.8)",True
59663,2011-08-10 11:00:00,56.4,SURF,True,EXTREME_TYPE1,640.0,11.0,11.0,"(111.45, 21.6);(111.45, 22.0);(111.86, 21.2);(111.86, 21.6);(111.86, 22.0);(111.86, 22.4);(112.27, 21.6);(112.27, 22.0);(112.27, 22.4);(112.68, 21.6);(112.68, 22.0)",True
59094,2011-08-11 18:00:00,40.9,SURF,True,EXTREME_TYPE1,344.0,12.0,12.0,"(113.5, 24.0);(113.5, 24.4);(113.5, 24.8);(113.91, 24.0);(113.91, 24.4);(113.91, 24.8);(114.32, 24.0);(114.32, 24.4);(114.32, 24.8);(114.73, 24.0);(114.73, 24.4);(114.73, 24.8)",True
59315,2011-08-24 16:00:00,57.7,SURF,True,EXTREME_TYPE1,339.0,10.0,10.0,"(115.95, 23.2);(115.95, 23.6);(115.95, 24.0);(116.36, 23.2);(116.36, 23.6);(116.36, 24.0);(116.77, 23.2);(116.77, 23.6);(116.77, 24.0);(117.18, 23.6)",True
59117,2011-08-24 18:00:00,25.6,SURF,True,EXTREME_TYPE1,334.0,12.0,11.0,"(115.55, 24.0);(115.55, 24.4);(115.95, 23.6);(115.95, 24.0);(115.95, 24.4);(115.95, 24.8);(116.36, 24.0);(116.36, 24.4);(116.36, 24.8);(116.77, 24.0);(116.77, 24.4)",True
59314,2011-08-24 20:00:00,39.7,SURF,True,EXTREME_TYPE1,670.0,12.0,12.0,"(115.55, 23.2);(115.55, 23.6);(115.95, 22.8);(115.95, 23.2);(115.95, 23.6);(115.95, 24.0);(116.36, 22.8);(116.36, 23.2);(116.36, 23.6);(116.36, 24.0);(116.77, 23.2);(116.77, 23.6)",True
57996,2011-09-01 06:00:00,12.9,SURF,True,,,,,,False
59492,2011-09-02 14:00:00,81.7,SURF,True,EXTREME_TYPE1,561.0,11.0,11.0,"(114.32, 22.4);(114.32, 22.8);(114.32, 23.2);(114.32, 23.6);(114.73, 22.4);(114.73, 22.8);(114.73, 23.2);(114.73, 23.6);(115.14, 22.8);(115.14, 23.2);(115.14, 23.6)",True
59087,2011-09-02 18:00:00,5.2,SURF,True,,,,,,False
59314,2011-09-19 20:00:00,8.1,SURF,True,,,,,,False
59500,2011-09-29 05:00:00,32.9,SURF,True,EXTREME_TYPE1,754.0,12.0,12.0,"(114.73, 22.8);(114.73, 23.2);(115.14, 22.4);(115.14, 22.8);(115.14, 23.2);(115.14, 23.6);(115.55, 22.4);(115.55, 22.8);(115.55, 23.2);(115.55, 23.6);(115.95, 22.8);(115.95, 23.2)",True
59317,2011-09-29 06:00:00,12.2,SURF,True,,,,,,False
59500,2011-09-29 14:00:00,44.7,SURF,True,EXTREME_TYPE1,786.0,12.0,12.0,"(114.73, 22.8);(114.73, 23.2);(115.14, 22.4);(115.14, 22.8);(115.14, 23.2);(115.14, 23.6);(115.55, 22.4);(115.55, 22.8);(115.55, 23.2);(115.55, 23.6);(115.95, 22.8);(115.95, 23.2)",True
59650,2011-09-29 20:00:00,13.7,SURF,True,,,,,,False
59481,2011-09-29 21:00:00,5.4,SURF,True,,,,,,False
59656,2011-09-30 14:00:00,8.9,SURF,True,,,,,,False
59269,2011-10-01 14:00:00,12.0,SURF,True,,,,,,False
57988,2011-10-07 07:00:00,4.4,SURF,True,,,,,,False
59476,2011-10-13 01:00:00,25.5,SURF,True,EXTREME_TYPE1,2698.0,11.0,11.0,"(112.27, 22.4);(112.68, 22.0);(112.68, 22.4);(112.68, 22.8);(113.09, 22.0);(113.09, 22.4);(113.09, 22.8);(113.09, 23.2);(113.5, 22.0);(113.5, 22.4);(113.5, 22.8)",True
59653,2011-10-13 08:00:00,5.4,SURF,True,,,,,,False
59284,2011-10-13 15:00:00,56.6,SURF,True,EXTREME_TYPE1,1405.0,12.0,12.0,"(112.68, 23.2);(112.68, 23.6);(113.09, 22.8);(113.09, 23.2);(113.09, 23.6);(113.09, 24.0);(113.5, 22.8);(113.5, 23.2);(113.5, 23.6);(113.5, 24.0);(113.91, 23.2);(113.91, 23.6)",True
59271,2011-10-13 17:00:00,36.4,SURF,True,EXTREME_TYPE1,793.0,11.0,11.0,"(111.86, 23.2);(111.86, 23.6);(111.86, 24.0);(112.27, 23.2);(112.27, 23.6);(112.27, 24.0);(112.68, 23.2);(112.68, 23.6);(112.68, 24.0);(113.09, 23.6);(113.09, 24.0)",True
59278,2011-10-13 19:00:00,52.4,SURF,True,EXTREME_TYPE1,2460.0,12.0,12.0,"(111.86, 22.8);(111.86, 23.2);(112.27, 22.4);(112.27, 22.8);(112.27, 23.2);(112.27, 23.6);(112.68, 22.4);(112.68, 22.8);(112.68, 23.2);(112.68, 23.6);(113.09, 22.8);(113.09, 23.2)",True
59473,2011-10-14 00:00:00,26.8,SURF,True,EXTREME_TYPE1,2627.0,10.0,10.0,"(112.27, 22.8);(112.68, 22.4);(112.68, 22.8);(112.68, 23.2);(113.09, 22.4);(113.09, 22.8);(113.09, 23.2);(113.5, 22.4);(113.5, 22.8);(113.5, 23.2)",True
59481,2011-10-14 01:00:00,59.1,SURF,True,EXTREME_TYPE1,2188.0,12.0,12.0,"(112.68, 22.8);(112.68, 23.2);(113.09, 22.4);(113.09, 22.8);(113.09, 23.2);(113.09, 23.6);(113.5, 22.4);(113.5, 22.8);(113.5, 23.2);(113.5, 23.6);(113.91, 22.8);(113.91, 23.2)",True
59304,2011-10-14 05:00:00,2.4,SURF,True,,,,,,False
59658,2011-11-08 06:00:00,2.9,SURF,True,,,,,,False
59294,2011-11-08 10:00:00,4.3,SURF,True,,,,,,False
59653,2011-11-09 05:00:00,10.1,SURF,True,,,,,,False
59314,2011-11-09 21:00:00,1.4,SURF,True,,,,,,False
57996,2011-11-18 09:00:00,2.5,SURF,True,,,,,,False
59109,2011-11-19 02:00:00,5.7,SURF,True,,,,,,False
57996,2012-01-04 03:00:00,1.7,SURF,True,,,,,,False
59090,2012-01-14 08:00:00,1.9,SURF,True,,,,,,False
57996,2012-01-14 19:00:00,1.5,SURF,True,,,,,,False
59289,2012-02-28 04:00:00,5.2,SURF,True,,,,,,False
59096,2012-03-06 14:00:00,7.2,SURF,True,,,,,,False
59087,2012-03-10 05:00:00,2.3,SURF,True,,,,,,False
59072,2012-04-05 05:00:00,22.5,SURF,True,EXTREME_TYPE1,612.0,9.0,9.0,"(111.86, 24.4);(111.86, 24.8);(112.27, 24.4);(112.27, 24.8);(112.27, 25.2);(112.68, 24.4);(112.68, 24.8);(112.68, 25.2);(113.09, 24.8)",True
59276,2012-04-05 11:00:00,1.8,SURF,True,,,,,,False
59500,2012-04-06 07:00:00,1.8,SURF,True,,,,,,False
59271,2012-04-08 19:00:00,5.5,SURF,True,,,,,,False
59502,2012-04-09 04:00:00,1.2,SURF,True,,,,,,False
59314,2012-04-09 19:00:00,6.5,SURF,True,,,,,,False
59081,2012-04-12 22:00:00,30.9,SURF,True,EXTREME_TYPE1,406.0,12.0,12.0,"(112.68, 24.4);(112.68, 24.8);(112.68, 25.2);(113.09, 24.4);(113.09, 24.8);(113.09, 25.2);(113.5, 24.4);(113.5, 24.8);(113.5, 25.2);(113.91, 24.4);(113.91, 24.8);(113.91, 25.2)",True
59294,2012-04-13 14:00:00,20.2,SURF,True,EXTREME_TYPE1,966.0,11.0,11.0,"(113.09, 23.2);(113.5, 22.8);(113.5, 23.2);(113.5, 23.6);(113.91, 22.8);(113.91, 23.2);(113.91, 23.6);(113.91, 24.0);(114.32, 22.8);(114.32, 23.2);(114.32, 23.6)",True
59656,2012-04-18 10:00:00,93.3,SURF,True,EXTREME_TYPE1,420.0,11.0,11.0,"(110.23, 21.2);(110.23, 21.6);(110.64, 20.8);(110.64, 21.2);(110.64, 21.6);(110.64, 22.0);(111.05, 21.2);(111.05, 21.6);(111.05, 22.0);(111.45, 21.2);(111.45, 21.6)",True
59304,2012-04-18 16:00:00,5.5,SURF,True,,,,,,False
59477,2012-04-19 11:00:00,27.9,SURF,True,EXTREME_TYPE1,1988.0,10.0,10.0,"(111.86, 22.0);(111.86, 22.4);(111.86, 22.8);(112.27, 21.6);(112.27, 22.0);(112.27, 22.4);(112.27, 22.8);(112.68, 22.0);(112.68, 22.4);(112.68, 22.8)",True
59477,2012-04-19 12:00:00,32.6,SURF,True,EXTREME_TYPE1,1988.0,10.0,10.0,"(111.86, 22.0);(111.86, 22.4);(111.86, 22.8);(112.27, 21.6);(112.27, 22.0);(112.27, 22.4);(112.27, 22.8);(112.68, 22.0);(112.68, 22.4);(112.68, 22.8)",True
59673,2012-04-19 13:00:00,58.1,SURF,True,EXTREME_TYPE1,120.0,8.0,8.0,"(112.27, 21.6);(112.27, 22.0);(112.68, 21.6);(112.68, 22.0);(112.68, 22.4);(113.09, 21.6);(113.09, 22.0);(113.5, 21.6)",True
59673,2012-04-20 12:00:00,53.5,SURF,True,EXTREME_TYPE1,119.0,8.0,8.0,"(112.27, 21.6);(112.27, 22.0);(112.68, 21.6);(112.68, 22.0);(112.68, 22.4);(113.09, 21.6);(113.09, 22.0);(113.5, 21.6)",True
59656,2012-04-20 17:00:00,52.6,SURF,True,EXTREME_TYPE1,420.0,11.0,11.0,"(110.23, 21.2);(110.23, 21.6);(110.64, 20.8);(110.64, 21.2);(110.64, 21.6);(110.64, 22.0);(111.05, 21.2);(111.05, 21.6);(111.05, 22.0);(111.45, 21.2);(111.45, 21.6)",True
59088,2012-04-25 14:00:00,40.5,SURF,True,EXTREME_TYPE1,662.0,12.0,12.0,"(112.68, 24.0);(112.68, 24.4);(113.09, 23.6);(113.09, 24.0);(113.09, 24.4);(113.09, 24.8);(113.5, 23.6);(113.5, 24.0);(113.5, 24.4);(113.5, 24.8);(113.91, 24.0);(113.91, 24.4)",True
59280,2012-04-27 13:00:00,68.0,SURF,True,EXTREME_TYPE1,855.0,10.0,10.0,"(112.68, 23.2);(112.68, 23.6);(112.68, 24.0);(113.09, 23.2);(113.09, 23.6);(113.09, 24.0);(113.09, 24.4);(113.5, 23.2);(113.5, 23.6);(113.5, 24.0)",True
59294,2012-04-27 14:00:00,10.6,SURF,True,,,,,,False
59650,2012-04-27 15:00:00,78.6,SURF,True,EXTREME_TYPE1,458.0,11.0,7.0,"(109.82, 21.2);(110.23, 20.8);(110.23, 21.2);(110.23, 21.6);(110.64, 20.8);(110.64, 21.2);(110.64, 21.6)",True
59663,2012-04-27 22:00:00,54.1,SURF,True,EXTREME_TYPE1,641.0,11.0,11.0,"(111.45, 21.6);(111.45, 22.0);(111.86, 21.2);(111.86, 21.6);(111.86, 22.0);(111.86, 22.4);(112.27, 21.6);(112.27, 22.0);(112.27, 22.4);(112.68, 21.6);(112.68, 22.0)",True
59492,2012-04-29 05:00:00,21.3,SURF,True,EXTREME_TYPE1,593.0,11.0,11.0,"(114.32, 22.4);(114.32, 22.8);(114.32, 23.2);(114.32, 23.6);(114.73, 22.4);(114.73, 22.8);(114.73, 23.2);(114.73, 23.6);(115.14, 22.8);(115.14, 23.2);(115.14, 23.6)",True
59094,2012-05-03 06:00:00,12.6,SURF,True,,,,,,False
59297,2012-05-03 16:00:00,50.4,SURF,True,EXTREME_TYPE1,596.0,10.0,10.0,"(113.5, 23.2);(113.91, 22.8);(113.91, 23.2);(113.91, 23.6);(114.32, 22.8);(114.32, 23.2);(114.32, 23.6);(114.73, 22.8);(114.73, 23.2);(114.73, 23.6)",True
59290,2012-05-04 20:00:00,55.7,SURF,True,EXTREME_TYPE1,538.0,11.0,11.0,"(113.5, 23.6);(113.91, 23.2);(113.91, 23.6);(113.91, 24.0);(113.91, 24.4);(114.32, 23.2);(114.32, 23.6);(114.32, 24.0);(114.32, 24.4);(114.73, 23.6);(114.73, 24.0)",True
59288,2012-05-05 08:00:00,4.9,SURF,True,,,,,,False
59303,2012-05-06 09:00:00,23.6,SURF,True,EXTREME_TYPE1,879.0,10.0,10.0,"(115.14, 23.6);(115.14, 24.0);(115.55, 23.6);(115.55, 24.0);(115.55, 24.4);(115.95, 23.6);(115.95, 24.0);(115.95, 24.4);(116.36, 23.6);(116.36, 24.0)",True
59312,2012-05-10 16:00:00,9.1,SURF,True,,,,,,False
59264,2012-05-14 19:00:00,31.6,SURF,True,EXTREME_TYPE1,340.0,9.0,9.0,"(111.05, 23.2);(111.45, 22.8);(111.45, 23.2);(111.45, 23.6);(111.45, 24.0);(111.86, 22.8);(111.86, 23.2);(111.86, 23.6);(111.86, 24.0)",True
59304,2012-05-16 20:00:00,34.3,SURF,True,EXTREME_TYPE1,693.0,9.0,9.0,"(114.73, 23.2);(114.73, 23.6);(114.73, 24.0);(115.14, 23.2);(115.14, 23.6);(115.14, 24.0);(115.55, 23.2);(115.55, 23.6);(115.55, 24.0)",True
59310,2012-05-18 01:00:00,41.5,SURF,True,EXTREME_TYPE1,659.0,12.0,11.0,"(115.55, 23.6);(115.55, 24.0);(115.95, 23.2);(115.95, 23.6);(115.95, 24.0);(115.95, 24.4);(116.36, 23.2);(116.36, 23.6);(116.36, 24.0);(116.77, 23.6);(116.77, 24.0)",True
59487,2012-05-18 08:00:00,25.9,SURF,True,EXTREME_TYPE1,1378.0,12.0,12.0,"(112.68, 22.0);(112.68, 22.4);(113.09, 21.6);(113.09, 22.0);(113.09, 22.4);(113.09, 22.8);(113.5, 21.6);(113.5, 22.0);(113.5, 22.4);(113.5, 22.8);(113.91, 22.0);(113.91, 22.4)",True
59502,2012-05-18 11:00:00,9.7,SURF,True,,,,,,False
59288,2012-05-18 12:00:00,30.0,SURF,True,EXTREME_TYPE1,1856.0,10.0,10.0,"(112.27, 23.2);(112.68, 22.8);(112.68, 23.2);(112.68, 23.6);(113.09, 22.8);(113.09, 23.2);(113.09, 23.6);(113.5, 22.8);(113.5, 23.2);(113.5, 23.6)",True
59097,2012-05-18 15:00:00,32.5,SURF,True,EXTREME_TYPE1,404.0,10.0,10.0,"(113.5, 24.0);(113.91, 23.6);(113.91, 24.0);(113.91, 24.4);(114.32, 23.6);(114.32, 24.0);(114.32, 24.4);(114.73, 23.6);(114.73, 24.0);(114.73, 24.4)",True
59485,2012-05-20 20:00:00,25.2,SURF,True,EXTREME_TYPE1,2223.0,12.0,12.0,"(112.68, 22.4);(112.68, 22.8);(113.09, 22.0);(113.09, 22.4);(113.09, 22.8);(113.5, 22.0);(113.5, 22.4);(113.5, 22.8);(113.5, 23.2);(113.91, 22.0);(113.91, 22.4);(113.91, 22.8)",True
59278,2012-05-20 21:00:00,56.5,SURF,True,EXTREME_TYPE1,2422.0,12.0,12.0,"(111.86, 22.8);(111.86, 23.2);(112.27, 22.4);(112.27, 22.8);(112.27, 23.2);(112.27, 23.6);(112.68, 22.4);(112.68, 22.8);(112.68, 23.2);(112.68, 23.6);(113.09, 22.8);(113.09, 23.2)",True
59654,2012-05-21 15:00:00,36.4,SURF,True,EXTREME_TYPE1,484.0,10.0,10.0,"(109.82, 21.2);(109.82, 21.6);(109.82, 22.0);(110.23, 21.2);(110.23, 21.6);(110.23, 22.0);(110.64, 21.2);(110.64, 21.6);(110.64, 22.0);(111.05, 21.6)",True
59655,2012-05-24 11:00:00,5.4,SURF,True,,,,,,False
59659,2012-05-27 18:00:00,3.3,SURF,True,,,,,,False
59114,2012-05-28 03:00:00,7.4,SURF,True,,,,,,False
59654,2012-05-28 04:00:00,20.0,SURF,True,EXTREME_TYPE1,490.0,10.0,10.0,"(109.82, 21.2);(109.82, 21.6);(109.82, 22.0);(110.23, 21.2);(110.23, 21.6);(110.23, 22.0);(110.64, 21.2);(110.64, 21.6);(110.64, 22.0);(111.05, 21.6)",True
59269,2012-05-31 00:00:00,32.5,SURF,True,EXTREME_TYPE1,800.0,9.0,9.0,"(111.45, 22.8);(111.45, 23.2);(111.45, 23.6);(111.86, 22.8);(111.86, 23.2);(111.86, 23.6);(112.27, 22.8);(112.27, 23.2);(112.27, 23.6)",True
59754,2012-05-31 16:00:00,43.5,SURF,True,EXTREME_TYPE1,192.0,5.0,5.0,"(109.82, 20.4);(109.82, 20.8);(110.23, 20.4);(110.23, 20.8);(110.64, 20.8)",True
59754,2012-05-31 17:00:00,17.0,SURF,True,,,,,,False
59654,2012-06-08 10:00:00,22.1,SURF,True,EXTREME_TYPE1,478.0,10.0,10.0,"(109.82, 21.2);(109.82, 21.6);(109.82, 22.0);(110.23, 21.2);(110.23, 21.6);(110.23, 22.0);(110.64, 21.2);(110.64, 21.6);(110.64, 22.0);(111.05, 21.6)",True
59317,2012-06-10 09:00:00,16.0,SURF,True,,,,,,False
59487,2012-06-12 19:00:00,8.6,SURF,True,,,,,,False
59285,2012-06-13 18:00:00,58.9,SURF,True,EXTREME_TYPE1,959.0,10.0,5.0,"(113.09, 23.2);(113.5, 23.2);(113.5, 24.0);(113.91, 23.2);(113.91, 24.0)",True
59501,2012-06-16 18:00:00,25.0,SURF,True,EXTREME_TYPE1,748.0,12.0,12.0,"(114.73, 22.4);(114.73, 22.8);(114.73, 23.2);(115.14, 22.4);(115.14, 22.8);(115.14, 23.2);(115.55, 22.4);(115.55, 22.8);(115.55, 23.2);(115.95, 22.4);(115.95, 22.8);(115.95, 23.2)",True
59502,2012-06-16 18:00:00,5.4,SURF,True,,,,,,False
59319,2012-06-17 08:00:00,34.5,SURF,True,EXTREME_TYPE1,321.0,11.0,11.0,"(115.95, 23.6);(116.36, 23.2);(116.36, 23.6);(116.36, 24.0);(116.77, 22.8);(116.77, 23.2);(116.77, 23.6);(116.77, 24.0);(117.18, 23.2);(117.18, 23.6);(117.18, 24.0)",True
59310,2012-06-18 14:00:00,8.3,SURF,True,,,,,,False
59099,2012-06-21 12:00:00,34.0,SURF,True,EXTREME_TYPE1,355.0,10.0,10.0,"(114.32, 24.4);(114.32, 24.8);(114.73, 24.0);(114.73, 24.4);(114.73, 24.8);(115.14, 24.0);(115.14, 24.4);(115.14, 24.8);(115.55, 24.4);(115.55, 24.8)",True
59289,2012-06-21 16:00:00,10.3,SURF,True,,,,,,False
59075,2012-06-22 19:00:00,58.2,SURF,True,EXTREME_TYPE1,624.0,12.0,11.0,"(111.86, 24.0);(111.86, 24.4);(112.27, 24.0);(112.27, 24.4);(112.27, 24.8);(112.68, 24.0);(112.68, 24.4);(112.68, 24.8);(113.09, 24.0);(113.09, 24.4);(113.09, 24.8)",True
59294,2012-06-23 06:00:00,19.8,SURF,True,,,,,,False
59478,2012-06-24 07:00:00,21.4,SURF,True,EXTREME_TYPE1,1747.0,12.0,12.0,"(112.27, 22.0);(112.27, 22.4);(112.68, 21.6);(112.68, 22.0);(112.68, 22.4);(112.68, 22.8);(113.09, 21.6);(113.09, 22.0);(113.09, 22.4);(113.09, 22.8);(113.5, 22.0);(113.5, 22.4)",True
59287,2012-06-30 13:00:00,1.1,SURF,True,,,,,,False
59109,2012-07-17 15:00:00,21.4,SURF,True,EXTREME_TYPE1,523.0,12.0,12.0,"(115.14, 24.0);(115.14, 24.4);(115.55, 23.6);(115.55, 24.0);(115.55, 24.4);(115.55, 24.8);(115.95, 23.6);(115.95, 24.0);(115.95, 24.4);(115.95, 24.8);(116.36, 24.0);(116.36, 24.4)",True
59653,2012-07-22 15:00:00,53.8,SURF,True,EXTREME_TYPE1,629.0,11.0,10.0,"(110.23, 22.0);(110.64, 21.6);(110.64, 22.0);(110.64, 22.4);(111.05, 21.6);(111.05, 22.0);(111.05, 22.4);(111.45, 21.6);(111.45, 22.0);(111.45, 22.4)",True
59462,2012-07-24 10:00:00,34.0,SURF,True,EXTREME_TYPE1,1048.0,11.0,11.0,"(111.05, 22.4);(111.05, 22.8);(111.05, 23.2);(111.45, 22.4);(111.45, 22.8);(111.45, 23.2);(111.86, 22.4);(111.86, 22.8);(111.86, 23.2);(112.27, 22.4);(112.27, 22.8)",True
59656,2012-07-24 19:00:00,6.4,SURF,True,,,,,,False
59673,2012-07-25 19:00:00,79.3,SURF,True,EXTREME_TYPE2,115.0,8.0,6.0,"(112.27, 21.6);(112.27, 22.0);(112.68, 21.6);(112.68, 22.0);(113.09, 21.6);(113.09, 22.0)",True
59485,2012-07-27 06:00:00,27.5,SURF,True,EXTREME_TYPE1,2227.0,12.0,12.0,"(112.68, 22.4);(112.68, 22.8);(113.09, 22.0);(113.09, 22.4);(113.09, 22.8);(113.5, 22.0);(113.5, 22.4);(113.5, 22.8);(113.5, 23.2);(113.91, 22.0);(113.91, 22.4);(113.91, 22.8)",True
59280,2012-07-28 19:00:00,6.2,SURF,True,,,,,,False
59500,2012-08-07 14:00:00,21.7,SURF,True,EXTREME_TYPE1,800.0,12.0,12.0,"(114.73, 22.8);(114.73, 23.2);(115.14, 22.4);(115.14, 22.8);(115.14, 23.2);(115.14, 23.6);(115.55, 22.4);(115.55, 22.8);(115.55, 23.2);(115.55, 23.6);(115.95, 22.8);(115.95, 23.2)",True
59663,2012-08-08 22:00:00,32.2,SURF,True,EXTREME_TYPE1,652.0,11.0,11.0,"(111.45, 21.6);(111.45, 22.0);(111.86, 21.2);(111.86, 21.6);(111.86, 22.0);(111.86, 22.4);(112.27, 21.6);(112.27, 22.0);(112.27, 22.4);(112.68, 21.6);(112.68, 22.0)",True
59481,2012-08-10 19:00:00,32.6,SURF,True,EXTREME_TYPE1,2199.0,12.0,12.0,"(112.68, 22.8);(112.68, 23.2);(113.09, 22.4);(113.09, 22.8);(113.09, 23.2);(113.09, 23.6);(113.5, 22.4);(113.5, 22.8);(113.5, 23.2);(113.5, 23.6);(113.91, 22.8);(113.91, 23.2)",True
59284,2012-08-11 14:00:00,30.4,SURF,True,EXTREME_TYPE1,1298.0,12.0,12.0,"(112.68, 23.2);(112.68, 23.6);(113.09, 22.8);(113.09, 23.2);(113.09, 23.6);(113.09, 24.0);(113.5, 22.8);(113.5, 23.2);(113.5, 23.6);(113.5, 24.0);(113.91, 23.2);(113.91, 23.6)",True
59485,2012-08-12 05:00:00,12.5,SURF,True,,,,,,False
59297,2012-08-12 19:00:00,59.0,SURF,True,EXTREME_TYPE1,625.0,10.0,10.0,"(113.5, 23.2);(113.91, 22.8);(113.91, 23.2);(113.91, 23.6);(114.32, 22.8);(114.32, 23.2);(114.32, 23.6);(114.73, 22.8);(114.73, 23.2);(114.73, 23.6)",True
59280,2012-08-13 04:00:00,36.6,SURF,True,EXTREME_TYPE1,847.0,10.0,10.0,"(112.68, 23.2);(112.68, 23.6);(112.68, 24.0);(113.09, 23.2);(113.09, 23.6);(113.09, 24.0);(113.09, 24.4);(113.5, 23.2);(113.5, 23.6);(113.5, 24.0)",True
59477,2012-08-13 17:00:00,58.5,SURF,True,EXTREME_TYPE1,1995.0,10.0,4.0,"(112.27, 22.4);(112.68, 22.0);(112.68, 22.4);(112.68, 22.8)",True
59476,2012-08-14 17:00:00,1.8,SURF,True,,,,,,False
59658,2012-08-16 16:00:00,81.3,SURF,True,EXTREME_TYPE1,297.0,10.0,10.0,"(109.82, 20.8);(109.82, 21.2);(109.82, 21.6);(110.23, 20.8);(110.23, 21.2);(110.23, 21.6);(110.64, 20.8);(110.64, 21.2);(110.64, 21.6);(111.05, 21.2)",True
59673,2012-08-17 09:00:00,6.0,SURF,True,,,,,,False
59664,2012-08-17 12:00:00,12.5,SURF,True,,,,,,False
59306,2012-08-18 13:00:00,30.6,SURF,True,EXTREME_TYPE1,915.0,12.0,12.0,"(115.14, 23.2);(115.14, 23.6);(115.55, 22.8);(115.55, 23.2);(115.55, 23.6);(115.55, 24.0);(115.95, 22.8);(115.95, 23.2);(115.95, 23.6);(115.95, 24.0);(116.36, 23.2);(116.36, 23.6)",True
59096,2012-08-20 16:00:00,43.1,SURF,True,EXTREME_TYPE1,302.0,12.0,5.0,"(114.32, 24.0);(114.73, 24.0);(115.14, 24.0);(115.14, 24.4);(115.14, 24.8)",True
59106,2012-08-20 19:00:00,72.5,SURF,True,EXTREME_TYPE1,304.0,10.0,10.0,"(115.14, 24.4);(115.14, 24.8);(115.55, 24.0);(115.55, 24.4);(115.55, 24.8);(115.95, 24.0);(115.95, 24.4);(115.95, 24.8);(116.36, 24.4);(116.36, 24.8)",True
59287,2012-08-22 15:00:00,33.5,SURF,True,EXTREME_TYPE1,1398.0,9.0,9.0,"(113.09, 22.8);(113.09, 23.2);(113.09, 23.6);(113.5, 22.8);(113.5, 23.2);(113.5, 23.6);(113.91, 22.8);(113.91, 23.2);(113.91, 23.6)",True
59654,2012-08-22 16:00:00,30.5,SURF,True,EXTREME_TYPE1,504.0,10.0,10.0,"(109.82, 21.2);(109.82, 21.6);(109.82, 22.0);(110.23, 21.2);(110.23, 21.6);(110.23, 22.0);(110.64, 21.2);(110.64, 21.6);(110.64, 22.0);(111.05, 21.6)",True
59664,2012-08-23 15:00:00,50.7,SURF,True,EXTREME_TYPE1,635.0,10.0,10.0,"(110.23, 21.6);(110.64, 21.2);(110.64, 21.6);(110.64, 22.0);(111.05, 21.2);(111.05, 21.6);(111.05, 22.0);(111.45, 21.2);(111.45, 21.6);(111.45, 22.0)",True
59754,2012-08-31 13:00:00,80.2,SURF,True,EXTREME_TYPE4,205.0,5.0,4.0,"(109.82, 20.4);(109.82, 20.8);(110.23, 20.4);(110.23, 20.8)",True
59294,2012-09-01 17:00:00,12.7,SURF,True,,,,,,False
59473,2012-09-03 23:00:00,53.2,SURF,True,EXTREME_TYPE1,2627.0,10.0,10.0,"(112.27, 22.8);(112.68, 22.4);(112.68, 22.8);(112.68, 23.2);(113.09, 22.4);(113.09, 22.8);(113.09, 23.2);(113.5, 22.4);(113.5, 22.8);(113.5, 23.2)",True
59481,2012-09-04 17:00:00,55.2,SURF,True,EXTREME_TYPE1,2182.0,12.0,12.0,"(112.68, 22.8);(112.68, 23.2);(113.09, 22.4);(113.09, 22.8);(113.09, 23.2);(113.09, 23.6);(113.5, 22.4);(113.5, 22.8);(113.5, 23.2);(113.5, 23.6);(113.91, 22.8);(113.91, 23.2)",True
59475,2012-09-05 14:00:00,16.9,SURF,True,,,,,,False
59650,2012-09-07 05:00:00,8.4,SURF,True,,,,,,False
59658,2012-09-10 07:00:00,5.8,SURF,True,,,,,,False
59090,2012-09-13 08:00:00,39.6,SURF,True,EXTREME_TYPE1,102.0,12.0,9.0,"(113.5, 25.2);(113.91, 24.8);(113.91, 25.2);(113.91, 25.6);(114.32, 24.8);(114.32, 25.2);(114.32, 25.6);(114.73, 24.8);(114.73, 25.2)",True
59114,2012-09-24 04:00:00,2.4,SURF,True,,,,,,False
59289,2012-09-24 18:00:00,40.4,SURF,True,EXTREME_TYPE1,1314.0,12.0,12.0,"(113.09, 22.8);(113.09, 23.2);(113.5, 22.4);(113.5, 22.8);(113.5, 23.2);(113.5, 23.6);(113.91, 22.4);(113.91, 22.8);(113.91, 23.2);(113.91, 23.6);(114.32, 22.8);(114.32, 23.2)",True
59673,2012-09-25 13:00:00,6.3,SURF,True,,,,,,False
59655,2012-10-30 00:00:00,56.4,SURF,True,EXTREME_TYPE1,599.0,10.0,10.0,"(110.23, 21.2);(110.23, 21.6);(110.23, 22.0);(110.64, 21.2);(110.64, 21.6);(110.64, 22.0);(110.64, 22.4);(111.05, 21.2);(111.05, 21.6);(111.05, 22.0)",True
59655,2012-10-30 01:00:00,67.6,SURF,True,EXTREME_TYPE1,601.0,10.0,10.0,"(110.23, 21.2);(110.23, 21.6);(110.23, 22.0);(110.64, 21.2);(110.64, 21.6);(110.64, 22.0);(110.64, 22.4);(111.05, 21.2);(111.05, 21.6);(111.05, 22.0)",True
59664,2012-10-30 04:00:00,52.2,SURF,True,EXTREME_TYPE1,635.0,10.0,10.0,"(110.23, 21.6);(110.64, 21.2);(110.64, 21.6);(110.64, 22.0);(111.05, 21.2);(111.05, 21.6);(111.05, 22.0);(111.45, 21.2);(111.45, 21.6);(111.45, 22.0)",True
59663,2012-10-30 08:00:00,35.2,SURF,True,EXTREME_TYPE1,663.0,11.0,11.0,"(111.45, 21.6);(111.45, 22.0);(111.86, 21.2);(111.86, 21.6);(111.86, 22.0);(111.86, 22.4);(112.27, 21.6);(112.27, 22.0);(112.27, 22.4);(112.68, 21.6);(112.68, 22.0)",True
59478,2012-10-30 17:00:00,1.8,SURF,True,,,,,,False
59663,2012-10-30 20:00:00,1.2,SURF,True,,,,,,False
59287,2012-11-21 02:00:00,2.5,SURF,True,,,,,,False
59094,2012-11-23 01:00:00,5.0,SURF,True,,,,,,False
57988,2012-11-26 02:00:00,3.4,SURF,True,,,,,,False
59088,2012-11-26 08:00:00,5.9,SURF,True,,,,,,False
59280,2012-11-28 13:00:00,5.0,SURF,True,,,,,,False
59304,2012-11-30 02:00:00,1.0,SURF,True,,,,,,False
59107,2012-11-30 09:00:00,28.0,SURF,True,EXTREME_TYPE1,579.0,12.0,11.0,"(114.73, 23.6);(114.73, 24.0);(114.73, 24.4);(115.14, 23.6);(115.14, 24.0);(115.14, 24.4);(115.55, 23.6);(115.55, 24.0);(115.55, 24.4);(115.95, 24.0);(115.95, 24.4)",True
59285,2012-11-30 14:00:00,10.4,SURF,True,,,,,,False
59313,2012-12-04 21:00:00,3.0,SURF,True,,,,,,False
59279,2013-03-24 10:00:00,6.8,SURF,True,,,,,,False
59090,2013-03-26 12:00:00,7.8,SURF,True,,,,,,False
59271,2013-03-26 14:00:00,22.0,SURF,True,EXTREME_TYPE1,830.0,11.0,11.0,"(111.86, 23.2);(111.86, 23.6);(111.86, 24.0);(112.27, 23.2);(112.27, 23.6);(112.27, 24.0);(112.68, 23.2);(112.68, 23.6);(112.68, 24.0);(113.09, 23.6);(113.09, 24.0)",True
59493,2013-03-26 17:00:00,33.2,SURF,True,EXTREME_TYPE1,799.0,13.0,13.0,"(113.5, 22.0);(113.5, 22.4);(113.5, 22.8);(113.91, 22.0);(113.91, 22.4);(113.91, 22.8);(113.91, 23.2);(114.32, 22.0);(114.32, 22.4);(114.32, 22.8);(114.32, 23.2);(114.73, 22.4);(114.73, 22.8)",True
59289,2013-03-26 20:00:00,1.3,SURF,True,,,,,,False
59290,2013-03-28 05:00:00,15.7,SURF,True,,,,,,False
59288,2013-03-28 06:00:00,31.9,SURF,True,EXTREME_TYPE1,1912.0,10.0,10.0,"(112.27, 23.2);(112.68, 22.8);(112.68, 23.2);(112.68, 23.6);(113.09, 22.8);(113.09, 23.2);(113.09, 23.6);(113.5, 22.8);(113.5, 23.2);(113.5, 23.6)",True
59304,2013-03-28 10:00:00,25.4,SURF,True,EXTREME_TYPE1,733.0,9.0,9.0,"(114.73, 23.2);(114.73, 23.6);(114.73, 24.0);(115.14, 23.2);(115.14, 23.6);(115.14, 24.0);(115.55, 23.2);(115.55, 23.6);(115.55, 24.0)",True
59462,2013-03-30 08:00:00,18.5,SURF,True,,,,,,False
59471,2013-03-30 15:00:00,8.0,SURF,True,,,,,,False
59650,2013-03-30 15:00:00,66.4,SURF,True,EXTREME_TYPE1,650.0,11.0,11.0,"(109.82, 21.2);(109.82, 21.6);(109.82, 22.0);(110.23, 20.8);(110.23, 21.2);(110.23, 21.6);(110.23, 22.0);(110.64, 20.8);(110.64, 21.2);(110.64, 21.6);(110.64, 22.0)",True
59293,2013-03-30 17:00:00,11.7,SURF,True,,,,,,False
59290,2013-04-02 09:00:00,1.6,SURF,True,,,,,,False
59107,2013-04-05 10:00:00,24.5,SURF,True,EXTREME_TYPE1,605.0,12.0,12.0,"(114.73, 23.6);(114.73, 24.0);(114.73, 24.4);(115.14, 23.6);(115.14, 24.0);(115.14, 24.4);(115.14, 24.8);(115.55, 23.6);(115.55, 24.0);(115.55, 24.4);(115.95, 24.0);(115.95, 24.4)",True
59109,2013-04-05 16:00:00,8.3,SURF,True,,,,,,False
59278,2013-04-09 06:00:00,12.5,SURF,True,,,,,,False
59470,2013-04-10 03:00:00,1.0,SURF,True,,,,,,False
59116,2013-04-19 11:00:00,5.2,SURF,True,,,,,,False
59481,2013-04-20 20:00:00,53.0,SURF,True,EXTREME_TYPE1,2318.0,12.0,12.0,"(112.68, 22.8);(112.68, 23.2);(113.09, 22.4);(113.09, 22.8);(113.09, 23.2);(113.09, 23.6);(113.5, 22.4);(113.5, 22.8);(113.5, 23.2);(113.5, 23.6);(113.91, 22.8);(113.91, 23.2)",True
59500,2013-04-25 21:00:00,33.7,SURF,True,EXTREME_TYPE1,815.0,12.0,12.0,"(114.73, 22.8);(114.73, 23.2);(115.14, 22.4);(115.14, 22.8);(115.14, 23.2);(115.14, 23.6);(115.55, 22.4);(115.55, 22.8);(115.55, 23.2);(115.55, 23.6);(115.95, 22.8);(115.95, 23.2)",True
59653,2013-04-25 21:00:00,22.7,SURF,True,EXTREME_TYPE1,681.0,11.0,11.0,"(110.23, 21.6);(110.23, 22.0);(110.64, 21.6);(110.64, 22.0);(110.64, 22.4);(111.05, 21.6);(111.05, 22.0);(111.05, 22.4);(111.45, 21.6);(111.45, 22.0);(111.45, 22.4)",True
59279,2013-04-30 13:00:00,26.7,SURF,True,EXTREME_TYPE1,1902.0,12.0,12.0,"(112.27, 22.8);(112.27, 23.2);(112.27, 23.6);(112.68, 22.8);(112.68, 23.2);(112.68, 23.6);(113.09, 22.8);(113.09, 23.2);(113.09, 23.6);(113.5, 22.8);(113.5, 23.2);(113.5, 23.6)",True
59293,2013-05-04 13:00:00,1.3,SURF,True,,,,,,False
59655,2013-05-07 15:00:00,118.2,SURF,True,EXTREME_TYPE1,736.0,10.0,10.0,"(110.23, 21.2);(110.23, 21.6);(110.23, 22.0);(110.64, 21.2);(110.64, 21.6);(110.64, 22.0);(110.64, 22.4);(111.05, 21.2);(111.05, 21.6);(111.05, 22.0)",True
59475,2013-05-08 10:00:00,10.9,SURF,True,,,,,,False
59475,2013-05-08 12:00:00,82.7,SURF,True,EXTREME_TYPE1,2528.0,9.0,9.0,"(112.27, 22.0);(112.27, 22.4);(112.27, 22.8);(112.68, 22.0);(112.68, 22.4);(112.68, 22.8);(113.09, 22.0);(113.09, 22.4);(113.09, 22.8)",True
57989,2013-05-08 14:00:00,15.7,SURF,True,,,,,,False
59476,2013-05-08 14:00:00,54.2,SURF,True,EXTREME_TYPE1,2685.0,11.0,11.0,"(112.27, 22.4);(112.68, 22.0);(112.68, 22.4);(112.68, 22.8);(113.09, 22.0);(113.09, 22.4);(113.09, 22.8);(113.09, 23.2);(113.5, 22.0);(113.5, 22.4);(113.5, 22.8)",True
59485,2013-05-08 15:00:00,55.0,SURF,True,EXTREME_TYPE1,2157.0,12.0,12.0,"(112.68, 22.4);(112.68, 22.8);(113.09, 22.0);(113.09, 22.4);(113.09, 22.8);(113.5, 22.0);(113.5, 22.4);(113.5, 22.8);(113.5, 23.2);(113.91, 22.0);(113.91, 22.4);(113.91, 22.8)",True
59485,2013-05-08 17:00:00,31.1,SURF,True,EXTREME_TYPE1,2155.0,12.0,12.0,"(112.68, 22.4);(112.68, 22.8);(113.09, 22.0);(113.09, 22.4);(113.09, 22.8);(113.5, 22.0);(113.5, 22.4);(113.5, 22.8);(113.5, 23.2);(113.91, 22.0);(113.91, 22.4);(113.91, 22.8)",True
59289,2013-05-08 18:00:00,55.1,SURF,True,EXTREME_TYPE1,1354.0,12.0,12.0,"(113.09, 22.8);(113.09, 23.2);(113.5, 22.4);(113.5, 22.8);(113.5, 23.2);(113.5, 23.6);(113.91, 22.4);(113.91, 22.8);(113.91, 23.2);(113.91, 23.6);(114.32, 22.8);(114.32, 23.2)",True
59487,2013-05-08 19:00:00,36.1,SURF,True,EXTREME_TYPE1,1374.0,12.0,12.0,"(112.68, 22.0);(112.68, 22.4);(113.09, 21.6);(113.09, 22.0);(113.09, 22.4);(113.09, 22.8);(113.5, 21.6);(113.5, 22.0);(113.5, 22.4);(113.5, 22.8);(113.91, 22.0);(113.91, 22.4)",True
59500,2013-05-09 07:00:00,63.4,SURF,True,EXTREME_TYPE1,865.0,12.0,12.0,"(114.73, 22.8);(114.73, 23.2);(115.14, 22.4);(115.14, 22.8);(115.14, 23.2);(115.14, 23.6);(115.55, 22.4);(115.55, 22.8);(115.55, 23.2);(115.55, 23.6);(115.95, 22.8);(115.95, 23.2)",True
59663,2013-05-10 08:00:00,57.5,SURF,True,EXTREME_TYPE1,676.0,11.0,11.0,"(111.45, 21.6);(111.45, 22.0);(111.86, 21.2);(111.86, 21.6);(111.86, 22.0);(111.86, 22.4);(112.27, 21.6);(112.27, 22.0);(112.27, 22.4);(112.68, 21.6);(112.68, 22.0)",True
59290,2013-05-11 02:00:00,7.7,SURF,True,,,,,,False
59290,2013-05-15 11:00:00,16.7,SURF,True,,,,,,False
59087,2013-05-15 21:00:00,53.5,SURF,True,EXTREME_TYPE1,695.0,10.0,10.0,"(113.09, 23.6);(113.09, 24.0);(113.09, 24.4);(113.5, 23.2);(113.5, 23.6);(113.5, 24.0);(113.5, 24.4);(113.91, 23.6);(113.91, 24.0);(113.91, 24.4)",True
59087,2013-05-15 22:00:00,60.6,SURF,True,EXTREME_TYPE1,693.0,10.0,10.0,"(113.09, 23.6);(113.09, 24.0);(113.09, 24.4);(113.5, 23.2);(113.5, 23.6);(113.5, 24.0);(113.5, 24.4);(113.91, 23.6);(113.91, 24.0);(113.91, 24.4)",True
57989,2013-05-16 03:00:00,21.7,SURF,True,EXTREME_TYPE1,292.0,12.0,12.0,"(113.09, 24.8);(113.09, 25.2);(113.5, 24.4);(113.5, 24.8);(113.5, 25.2);(113.5, 25.6);(113.91, 24.4);(113.91, 24.8);(113.91, 25.2);(113.91, 25.6);(114.32, 24.8);(114.32, 25.2)",True
59099,2013-05-16 08:00:00,52.6,SURF,True,EXTREME_TYPE1,365.0,10.0,10.0,"(114.32, 24.4);(114.32, 24.8);(114.73, 24.0);(114.73, 24.4);(114.73, 24.8);(115.14, 24.0);(115.14, 24.4);(115.14, 24.8);(115.55, 24.4);(115.55, 24.8)",True
59096,2013-05-16 09:00:00,5.6,SURF,True,,,,,,False
59099,2013-05-16 11:00:00,5.9,SURF,True,,,,,,False
59313,2013-05-16 12:00:00,54.3,SURF,True,EXTREME_TYPE1,139.0,9.0,9.0,"(116.36, 23.6);(116.36, 24.0);(116.77, 23.2);(116.77, 23.6);(116.77, 24.0);(117.18, 23.2);(117.18, 23.6);(117.18, 24.0);(117.59, 23.6)",True
59314,2013-05-16 16:00:00,62.8,SURF,True,EXTREME_TYPE1,898.0,12.0,12.0,"(115.55, 23.2);(115.55, 23.6);(115.95, 22.8);(115.95, 23.2);(115.95, 23.6);(115.95, 24.0);(116.36, 22.8);(116.36, 23.2);(116.36, 23.6);(116.36, 24.0);(116.77, 23.2);(116.77, 23.6)",True
59313,2013-05-16 17:00:00,64.5,SURF,True,EXTREME_TYPE1,138.0,9.0,9.0,"(116.36, 23.6);(116.36, 24.0);(116.77, 23.2);(116.77, 23.6);(116.77, 24.0);(117.18, 23.2);(117.18, 23.6);(117.18, 24.0);(117.59, 23.6)",True
59287,2013-05-17 04:00:00,9.2,SURF,True,,,,,,False
59298,2013-05-17 08:00:00,5.9,SURF,True,,,,,,False
59471,2013-05-19 22:00:00,1.7,SURF,True,,,,,,False
59279,2013-05-20 16:00:00,8.5,SURF,True,,,,,,False
59288,2013-05-20 17:00:00,81.1,SURF,True,EXTREME_TYPE1,1800.0,10.0,10.0,"(112.27, 23.2);(112.68, 22.8);(112.68, 23.2);(112.68, 23.6);(113.09, 22.8);(113.09, 23.2);(113.09, 23.6);(113.5, 22.8);(113.5, 23.2);(113.5, 23.6)",True
59487,2013-05-21 11:00:00,15.9,SURF,True,,,,,,False
59502,2013-05-21 14:00:00,24.2,SURF,True,EXTREME_TYPE1,903.0,12.0,12.0,"(115.14, 22.8);(115.14, 23.2);(115.55, 22.4);(115.55, 22.8);(115.55, 23.2);(115.55, 23.6);(115.95, 22.4);(115.95, 22.8);(115.95, 23.2);(115.95, 23.6);(116.36, 22.8);(116.36, 23.2)",True
59485,2013-05-21 21:00:00,40.1,SURF,True,EXTREME_TYPE1,2169.0,12.0,12.0,"(112.68, 22.4);(112.68, 22.8);(113.09, 22.0);(113.09, 22.4);(113.09, 22.8);(113.5, 22.0);(113.5, 22.4);(113.5, 22.8);(113.5, 23.2);(113.91, 22.0);(113.91, 22.4);(113.91, 22.8)",True
59290,2013-05-21 22:00:00,52.2,SURF,True,EXTREME_TYPE1,558.0,11.0,11.0,"(113.5, 23.6);(113.91, 23.2);(113.91, 23.6);(113.91, 24.0);(113.91, 24.4);(114.32, 23.2);(114.32, 23.6);(114.32, 24.0);(114.32, 24.4);(114.73, 23.6);(114.73, 24.0)",True
59488,2013-05-22 03:00:00,68.5,SURF,True,EXTREME_TYPE1,741.0,11.0,11.0,"(113.09, 22.0);(113.09, 22.4);(113.09, 22.8);(113.5, 21.6);(113.5, 22.0);(113.5, 22.4);(113.5, 22.8);(113.91, 22.0);(113.91, 22.4);(113.91, 22.8);(114.32, 22.4)",True
59488,2013-05-22 12:00:00,5.1,SURF,True,,,,,,False
59072,2013-05-25 14:00:00,2.0,SURF,True,,,,,,False
59492,2013-05-26 09:00:00,17.8,SURF,True,,,,,,False
59314,2013-05-26 15:00:00,32.8,SURF,True,EXTREME_TYPE1,816.0,12.0,12.0,"(115.55, 23.2);(115.55, 23.6);(115.95, 22.8);(115.95, 23.2);(115.95, 23.6);(115.95, 24.0);(116.36, 22.8);(116.36, 23.2);(116.36, 23.6);(116.36, 24.0);(116.77, 23.2);(116.77, 23.6)",True
59097,2013-05-27 06:00:00,59.2,SURF,True,EXTREME_TYPE1,499.0,10.0,10.0,"(113.5, 24.0);(113.91, 23.6);(113.91, 24.0);(113.91, 24.4);(114.32, 23.6);(114.32, 24.0);(114.32, 24.4);(114.73, 23.6);(114.73, 24.0);(114.73, 24.4)",True
59317,2013-05-27 15:00:00,64.9,SURF,True,EXTREME_TYPE1,730.0,9.0,9.0,"(115.95, 22.4);(115.95, 22.8);(115.95, 23.2);(115.95, 23.6);(116.36, 22.8);(116.36, 23.2);(116.36, 23.6);(116.77, 22.8);(116.77, 23.2)",True
59469,2013-06-05 08:00:00,6.6,SURF,True,,,,,,False
59658,2013-06-05 14:00:00,58.3,SURF,True,EXTREME_TYPE1,398.0,10.0,9.0,"(109.82, 20.8);(109.82, 21.2);(110.23, 20.8);(110.23, 21.2);(110.23, 21.6);(110.64, 20.8);(110.64, 21.2);(110.64, 21.6);(111.05, 21.2)",True
59270,2013-06-10 02:00:00,24.0,SURF,True,EXTREME_TYPE1,586.0,10.0,10.0,"(111.45, 24.0);(111.86, 23.6);(111.86, 24.0);(111.86, 24.4);(112.27, 23.6);(112.27, 24.0);(112.27, 24.4);(112.68, 23.6);(112.68, 24.0);(112.68, 24.4)",True
59082,2013-06-10 04:00:00,23.4,SURF,True,EXTREME_TYPE1,462.0,12.0,12.0,"(113.09, 24.4);(113.09, 24.8);(113.09, 25.2);(113.5, 24.0);(113.5, 24.4);(113.5, 24.8);(113.5, 25.2);(113.91, 24.4);(113.91, 24.8);(113.91, 25.2);(114.32, 24.4);(114.32, 24.8)",True
59269,2013-06-10 13:00:00,12.8,SURF,True,,,,,,False
59487,2013-06-11 02:00:00,9.2,SURF,True,,,,,,False
59312,2013-06-11 10:00:00,10.9,SURF,True,,,,,,False
59502,2013-06-15 15:00:00,53.6,SURF,True,EXTREME_TYPE4,720.0,12.0,7.0,"(115.14, 23.2);(115.55, 22.8);(115.55, 23.2);(115.55, 23.6);(115.95, 22.8);(115.95, 23.2);(115.95, 23.6)",True
59750,2013-06-17 01:00:00,3.3,SURF,True,,,,,,False
G2308,2013-06-23 02:00:00,94.2,AWST,False,EXTREME_TYPE4,826.0,10.0,2.0,"(112.27, 22.0);(112.27, 22.4)",True
G2308,2013-06-23 03:00:00,55.9,AWST,False,EXTREME_TYPE3,826.0,10.0,3.0,"(112.27, 21.6);(112.27, 22.0);(112.27, 22.4)",True
G2308,2013-06-23 04:00:00,188.0,AWST,False,FALSE,827.0,10.0,0.0,,True
59487,2013-06-24 12:00:00,56.3,SURF,True,EXTREME_TYPE1,1251.0,12.0,12.0,"(112.68, 22.0);(112.68, 22.4);(113.09, 21.6);(113.09, 22.0);(113.09, 22.4);(113.09, 22.8);(113.5, 21.6);(113.5, 22.0);(113.5, 22.4);(113.5, 22.8);(113.91, 22.0);(113.91, 22.4)",True
59456,2013-06-24 14:00:00,39.7,SURF,True,EXTREME_TYPE1,563.0,10.0,10.0,"(110.23, 22.4);(110.64, 22.0);(110.64, 22.4);(110.64, 22.8);(111.05, 22.0);(111.05, 22.4);(111.05, 22.8);(111.45, 22.0);(111.45, 22.4);(111.45, 22.8)",True
59284,2013-06-25 04:00:00,43.6,SURF,True,EXTREME_TYPE1,1480.0,12.0,12.0,"(112.68, 23.2);(112.68, 23.6);(113.09, 22.8);(113.09, 23.2);(113.09, 23.6);(113.09, 24.0);(113.5, 22.8);(113.5, 23.2);(113.5, 23.6);(113.5, 24.0);(113.91, 23.2);(113.91, 23.6)",True
59673,2013-07-02 05:00:00,8.9,SURF,True,,,,,,False
59754,2013-07-02 06:00:00,54.5,SURF,True,EXTREME_TYPE1,263.0,5.0,5.0,"(109.82, 20.4);(109.82, 20.8);(110.23, 20.4);(110.23, 20.8);(110.64, 20.8)",True
59659,2013-07-15 08:00:00,52.8,SURF,True,EXTREME_TYPE1,712.0,12.0,12.0,"(110.23, 21.6);(110.23, 22.0);(110.64, 21.2);(110.64, 21.6);(110.64, 22.0);(110.64, 22.4);(111.05, 21.2);(111.05, 21.6);(111.05, 22.0);(111.05, 22.4);(111.45, 21.6);(111.45, 22.0)",True
59659,2013-07-15 09:00:00,102.5,SURF,True,EXTREME_TYPE1,710.0,12.0,12.0,"(110.23, 21.6);(110.23, 22.0);(110.64, 21.2);(110.64, 21.6);(110.64, 22.0);(110.64, 22.4);(111.05, 21.2);(111.05, 21.6);(111.05, 22.0);(111.05, 22.4);(111.45, 21.6);(111.45, 22.0)",True
59269,2013-07-16 16:00:00,32.0,SURF,True,EXTREME_TYPE1,827.0,9.0,9.0,"(111.45, 22.8);(111.45, 23.2);(111.45, 23.6);(111.86, 22.8);(111.86, 23.2);(111.86, 23.6);(112.27, 22.8);(112.27, 23.2);(112.27, 23.6)",True
59480,2013-07-17 14:00:00,33.4,SURF,True,EXTREME_TYPE1,2213.0,10.0,10.0,"(112.68, 22.4);(112.68, 22.8);(112.68, 23.2);(113.09, 22.4);(113.09, 22.8);(113.09, 23.2);(113.5, 22.4);(113.5, 22.8);(113.5, 23.2);(113.91, 22.8)",True
59658,2013-07-25 04:00:00,16.4,SURF,True,,,,,,False
59754,2013-07-25 10:00:00,8.1,SURF,True,,,,,,False
59655,2013-07-25 18:00:00,22.7,SURF,True,EXTREME_TYPE1,692.0,10.0,10.0,"(110.23, 21.2);(110.23, 21.6);(110.23, 22.0);(110.64, 21.2);(110.64, 21.6);(110.64, 22.0);(110.64, 22.4);(111.05, 21.2);(111.05, 21.6);(111.05, 22.0)",True
59655,2013-07-26 05:00:00,9.8,SURF,True,,,,,,False
59313,2013-07-26 19:00:00,23.1,SURF,True,EXTREME_TYPE1,140.0,9.0,9.0,"(116.36, 23.6);(116.36, 24.0);(116.77, 23.2);(116.77, 23.6);(116.77, 24.0);(117.18, 23.2);(117.18, 23.6);(117.18, 24.0);(117.59, 23.6)",True
59290,2013-08-01 16:00:00,9.6,SURF,True,,,,,,False
59312,2013-08-02 05:00:00,8.4,SURF,True,,,,,,False
59114,2013-08-02 08:00:00,1.0,SURF,True,,,,,,False
59279,2013-08-10 23:00:00,68.4,SURF,True,EXTREME_TYPE1,1890.0,12.0,11.0,"(112.27, 22.8);(112.27, 23.2);(112.27, 23.6);(112.68, 22.8);(112.68, 23.2);(112.68, 23.6);(113.09, 22.8);(113.09, 23.2);(113.09, 23.6);(113.5, 22.8);(113.5, 23.2)",True
59664,2013-08-13 15:00:00,19.2,SURF,True,,,,,,False
59317,2013-08-14 21:00:00,53.4,SURF,True,EXTREME_TYPE1,754.0,9.0,9.0,"(115.95, 22.4);(115.95, 22.8);(115.95, 23.2);(115.95, 23.6);(116.36, 22.8);(116.36, 23.2);(116.36, 23.6);(116.77, 22.8);(116.77, 23.2)",True
59659,2013-08-15 00:00:00,43.5,SURF,True,EXTREME_TYPE1,502.0,12.0,12.0,"(110.23, 21.6);(110.23, 22.0);(110.64, 21.2);(110.64, 21.6);(110.64, 22.0);(110.64, 22.4);(111.05, 21.2);(111.05, 21.6);(111.05, 22.0);(111.05, 22.4);(111.45, 21.6);(111.45, 22.0)",True
59750,2013-08-15 00:00:00,59.0,SURF,True,EXTREME_TYPE1,435.0,11.0,11.0,"(109.41, 21.2);(109.82, 20.4);(109.82, 20.8);(109.82, 21.2);(109.82, 21.6);(110.23, 20.4);(110.23, 20.8);(110.23, 21.2);(110.23, 21.6);(110.64, 20.8);(110.64, 21.2)",True
59310,2013-08-15 02:00:00,10.3,SURF,True,,,,,,False
59754,2013-08-15 07:00:00,1.1,SURF,True,,,,,,False
59650,2013-08-15 13:00:00,1.8,SURF,True,,,,,,False
59285,2013-08-15 14:00:00,10.4,SURF,True,,,,,,False
59087,2013-08-15 15:00:00,41.5,SURF,True,EXTREME_TYPE1,629.0,10.0,10.0,"(113.09, 23.6);(113.09, 24.0);(113.09, 24.4);(113.5, 23.2);(113.5, 23.6);(113.5, 24.0);(113.5, 24.4);(113.91, 23.6);(113.91, 24.0);(113.91, 24.4)",True
59750,2013-08-15 18:00:00,73.4,SURF,True,EXTREME_TYPE1,438.0,11.0,8.0,"(109.41, 21.2);(109.82, 20.4);(109.82, 20.8);(109.82, 21.2);(109.82, 21.6);(110.23, 20.4);(110.23, 20.8);(110.23, 21.2)",True
59485,2013-08-15 23:00:00,20.3,SURF,True,EXTREME_TYPE1,2079.0,12.0,12.0,"(112.68, 22.4);(112.68, 22.8);(113.09, 22.0);(113.09, 22.4);(113.09, 22.8);(113.5, 22.0);(113.5, 22.4);(113.5, 22.8);(113.5, 23.2);(113.91, 22.0);(113.91, 22.4);(113.91, 22.8)",True
59477,2013-08-16 02:00:00,71.9,SURF,True,EXTREME_TYPE1,1882.0,10.0,10.0,"(111.86, 22.0);(111.86, 22.4);(111.86, 22.8);(112.27, 21.6);(112.27, 22.0);(112.27, 22.4);(112.27, 22.8);(112.68, 22.0);(112.68, 22.4);(112.68, 22.8)",True
59109,2013-08-16 21:00:00,12.4,SURF,True,,,,,,False
59658,2013-08-17 04:00:00,10.9,SURF,True,,,,,,False
59314,2013-08-17 07:00:00,52.0,SURF,True,EXTREME_TYPE1,880.0,12.0,12.0,"(115.55, 23.2);(115.55, 23.6);(115.95, 22.8);(115.95, 23.2);(115.95, 23.6);(115.95, 24.0);(116.36, 22.8);(116.36, 23.2);(116.36, 23.6);(116.36, 24.0);(116.77, 23.2);(116.77, 23.6)",True
59090,2013-08-17 08:00:00,6.6,SURF,True,,,,,,False
59318,2013-08-17 19:00:00,62.2,SURF,True,EXTREME_TYPE1,489.0,12.0,12.0,"(115.95, 23.2);(115.95, 23.6);(116.36, 22.8);(116.36, 23.2);(116.36, 23.6);(116.36, 24.0);(116.77, 22.8);(116.77, 23.2);(116.77, 23.6);(116.77, 24.0);(117.18, 23.2);(117.18, 23.6)",True
59317,2013-08-17 21:00:00,54.6,SURF,True,EXTREME_TYPE1,751.0,9.0,9.0,"(115.95, 22.4);(115.95, 22.8);(115.95, 23.2);(115.95, 23.6);(116.36, 22.8);(116.36, 23.2);(116.36, 23.6);(116.77, 22.8);(116.77, 23.2)",True
59071,2013-08-17 22:00:00,1.8,SURF,True,,,,,,False
59317,2013-08-18 00:00:00,90.8,SURF,True,EXTREME_TYPE1,748.0,9.0,9.0,"(115.95, 22.4);(115.95, 22.8);(115.95, 23.2);(115.95, 23.6);(116.36, 22.8);(116.36, 23.2);(116.36, 23.6);(116.77, 22.8);(116.77, 23.2)",True
59318,2013-08-18 00:00:00,74.0,SURF,True,EXTREME_TYPE1,489.0,12.0,10.0,"(115.95, 23.2);(115.95, 23.6);(116.36, 22.8);(116.36, 23.2);(116.36, 23.6);(116.77, 22.8);(116.77, 23.2);(116.77, 23.6);(117.18, 23.2);(117.18, 23.6)",True
59318,2013-08-18 01:00:00,50.4,SURF,True,EXTREME_TYPE1,489.0,12.0,10.0,"(115.95, 23.2);(115.95, 23.6);(116.36, 22.8);(116.36, 23.2);(116.36, 23.6);(116.77, 22.8);(116.77, 23.2);(116.77, 23.6);(117.18, 23.2);(117.18, 23.6)",True
59500,2013-08-18 02:00:00,51.8,SURF,True,EXTREME_TYPE1,671.0,12.0,4.0,"(115.55, 22.8);(115.55, 23.2);(115.95, 22.8);(115.95, 23.2)",True
59477,2013-08-18 03:00:00,57.1,SURF,True,EXTREME_TYPE1,1915.0,10.0,10.0,"(111.86, 22.0);(111.86, 22.4);(111.86, 22.8);(112.27, 21.6);(112.27, 22.0);(112.27, 22.4);(112.27, 22.8);(112.68, 22.0);(112.68, 22.4);(112.68, 22.8)",True
59072,2013-08-18 05:00:00,15.8,SURF,True,,,,,,False
59303,2013-08-20 19:00:00,52.1,SURF,True,EXTREME_TYPE1,1006.0,10.0,10.0,"(115.14, 23.6);(115.14, 24.0);(115.55, 23.6);(115.55, 24.0);(115.55, 24.4);(115.95, 23.6);(115.95, 24.0);(115.95, 24.4);(116.36, 23.6);(116.36, 24.0)",True
59656,2013-08-22 17:00:00,19.2,SURF,True,,,,,,False
59310,2013-08-23 05:00:00,43.5,SURF,True,EXTREME_TYPE1,805.0,12.0,12.0,"(115.55, 23.6);(115.55, 24.0);(115.95, 23.2);(115.95, 23.6);(115.95, 24.0);(115.95, 24.4);(116.36, 23.2);(116.36, 23.6);(116.36, 24.0);(116.36, 24.4);(116.77, 23.6);(116.77, 24.0)",True
59654,2013-08-30 20:00:00,48.3,SURF,True,EXTREME_TYPE1,431.0,10.0,10.0,"(109.82, 21.2);(109.82, 21.6);(109.82, 22.0);(110.23, 21.2);(110.23, 21.6);(110.23, 22.0);(110.64, 21.2);(110.64, 21.6);(110.64, 22.0);(111.05, 21.6)",True
59488,2013-08-31 14:00:00,16.3,SURF,True,,,,,,False
59488,2013-08-31 15:00:00,72.6,SURF,True,EXTREME_TYPE1,646.0,11.0,11.0,"(113.09, 22.0);(113.09, 22.4);(113.09, 22.8);(113.5, 21.6);(113.5, 22.0);(113.5, 22.4);(113.5, 22.8);(113.91, 22.0);(113.91, 22.4);(113.91, 22.8);(114.32, 22.4)",True
59471,2013-08-31 17:00:00,50.5,SURF,True,EXTREME_TYPE1,1798.0,12.0,12.0,"(111.45, 22.8);(111.45, 23.2);(111.86, 22.4);(111.86, 22.8);(111.86, 23.2);(111.86, 23.6);(112.27, 22.4);(112.27, 22.8);(112.27, 23.2);(112.27, 23.6);(112.68, 22.8);(112.68, 23.2)",True
59493,2013-08-31 17:00:00,15.1,SURF,True,,,,,,False
59264,2013-09-02 21:00:00,7.4,SURF,True,,,,,,False
59294,2013-09-03 15:00:00,1.0,SURF,True,,,,,,False
59462,2013-09-03 17:00:00,1.0,SURF,True,,,,,,False
59659,2013-09-05 21:00:00,56.2,SURF,True,EXTREME_TYPE1,716.0,12.0,12.0,"(110.23, 21.6);(110.23, 22.0);(110.64, 21.2);(110.64, 21.6);(110.64, 22.0);(110.64, 22.4);(111.05, 21.2);(111.05, 21.6);(111.05, 22.0);(111.05, 22.4);(111.45, 21.6);(111.45, 22.0)",True
59116,2013-09-07 21:00:00,62.4,SURF,True,EXTREME_TYPE2,198.0,9.0,3.0,"(115.95, 24.4);(116.36, 24.0);(116.36, 24.4)",True
59096,2013-09-13 20:00:00,53.8,SURF,True,EXTREME_TYPE1,304.0,12.0,11.0,"(113.91, 24.0);(113.91, 24.4);(114.32, 24.0);(114.32, 24.4);(114.32, 24.8);(114.73, 24.0);(114.73, 24.4);(114.73, 24.8);(115.14, 24.0);(115.14, 24.4);(115.14, 24.8)",True
59106,2013-09-13 20:00:00,55.8,SURF,True,EXTREME_TYPE1,313.0,10.0,10.0,"(115.14, 24.4);(115.14, 24.8);(115.55, 24.0);(115.55, 24.4);(115.55, 24.8);(115.95, 24.0);(115.95, 24.4);(115.95, 24.8);(116.36, 24.4);(116.36, 24.8)",True
59287,2013-09-23 02:00:00,20.4,SURF,True,EXTREME_TYPE1,1379.0,9.0,9.0,"(113.09, 22.8);(113.09, 23.2);(113.09, 23.6);(113.5, 22.8);(113.5, 23.2);(113.5, 23.6);(113.91, 22.8);(113.91, 23.2);(113.91, 23.6)",True
59304,2013-09-23 05:00:00,2.0,SURF,True,,,,,,False
59475,2013-09-23 06:00:00,11.7,SURF,True,,,,,,False
59754,2013-09-30 09:00:00,1.4,SURF,True,,,,,,False
59750,2013-11-10 21:00:00,26.1,SURF,True,EXTREME_TYPE1,536.0,11.0,11.0,"(109.41, 21.2);(109.82, 20.4);(109.82, 20.8);(109.82, 21.2);(109.82, 21.6);(110.23, 20.4);(110.23, 20.8);(110.23, 21.2);(110.23, 21.6);(110.64, 20.8);(110.64, 21.2)",True
59650,2013-11-12 05:00:00,65.9,SURF,True,EXTREME_TYPE1,657.0,11.0,11.0,"(109.82, 21.2);(109.82, 21.6);(109.82, 22.0);(110.23, 20.8);(110.23, 21.2);(110.23, 21.6);(110.23, 22.0);(110.64, 20.8);(110.64, 21.2);(110.64, 21.6);(110.64, 22.0)",True
59653,2013-11-12 05:00:00,51.9,SURF,True,EXTREME_TYPE1,718.0,11.0,11.0,"(110.23, 21.6);(110.23, 22.0);(110.64, 21.6);(110.64, 22.0);(110.64, 22.4);(111.05, 21.6);(111.05, 22.0);(111.05, 22.4);(111.45, 21.6);(111.45, 22.0);(111.45, 22.4)",True
59655,2013-11-12 05:00:00,51.1,SURF,True,EXTREME_TYPE1,748.0,10.0,10.0,"(110.23, 21.2);(110.23, 21.6);(110.23, 22.0);(110.64, 21.2);(110.64, 21.6);(110.64, 22.0);(110.64, 22.4);(111.05, 21.2);(111.05, 21.6);(111.05, 22.0)",True
59653,2013-11-12 06:00:00,66.8,SURF,True,EXTREME_TYPE1,719.0,11.0,11.0,"(110.23, 21.6);(110.23, 22.0);(110.64, 21.6);(110.64, 22.0);(110.64, 22.4);(111.05, 21.6);(111.05, 22.0);(111.05, 22.4);(111.45, 21.6);(111.45, 22.0);(111.45, 22.4)",True
59659,2013-11-12 07:00:00,74.9,SURF,True,EXTREME_TYPE1,723.0,12.0,12.0,"(110.23, 21.6);(110.23, 22.0);(110.64, 21.2);(110.64, 21.6);(110.64, 22.0);(110.64, 22.4);(111.05, 21.2);(111.05, 21.6);(111.05, 22.0);(111.05, 22.4);(111.45, 21.6);(111.45, 22.0)",True
59276,2013-11-12 13:00:00,5.5,SURF,True,,,,,,False
59278,2013-11-14 11:00:00,1.6,SURF,True,,,,,,False
59075,2013-12-15 23:00:00,8.6,SURF,True,,,,,,False
57988,2013-12-16 09:00:00,7.1,SURF,True,,,,,,False
59659,2013-12-16 11:00:00,9.8,SURF,True,,,,,,False
59284,2013-12-17 12:00:00,1.0,SURF,True,,,,,,False
59072,2014-02-09 04:00:00,5.1,SURF,True,,,,,,False
59290,2014-02-13 09:00:00,1.9,SURF,True,,,,,,False
59072,2014-02-22 15:00:00,1.6,SURF,True,,,,,,False
59289,2014-03-09 09:00:00,1.0,SURF,True,,,,,,False
59310,2014-03-10 07:00:00,2.2,SURF,True,,,,,,False
59293,2014-03-10 09:00:00,4.1,SURF,True,,,,,,False
59310,2014-03-11 11:00:00,8.4,SURF,True,,,,,,False
59480,2014-03-30 07:00:00,51.0,SURF,True,EXTREME_TYPE1,2049.0,10.0,10.0,"(112.68, 22.4);(112.68, 22.8);(112.68, 23.2);(113.09, 22.4);(113.09, 22.8);(113.09, 23.2);(113.5, 22.4);(113.5, 22.8);(113.5, 23.2);(113.91, 22.8)",True
59297,2014-03-30 14:00:00,26.3,SURF,True,EXTREME_TYPE1,716.0,10.0,10.0,"(113.5, 23.2);(113.91, 22.8);(113.91, 23.2);(113.91, 23.6);(114.32, 22.8);(114.32, 23.2);(114.32, 23.6);(114.73, 22.8);(114.73, 23.2);(114.73, 23.6)",True
59114,2014-03-30 17:00:00,16.1,SURF,True,,,,,,False
59088,2014-03-31 06:00:00,26.8,SURF,True,EXTREME_TYPE1,569.0,12.0,12.0,"(112.68, 24.0);(112.68, 24.4);(113.09, 23.6);(113.09, 24.0);(113.09, 24.4);(113.09, 24.8);(113.5, 23.6);(113.5, 24.0);(113.5, 24.4);(113.5, 24.8);(113.91, 24.0);(113.91, 24.4)",True
59287,2014-03-31 08:00:00,27.6,SURF,True,EXTREME_TYPE1,1253.0,9.0,9.0,"(113.09, 22.8);(113.09, 23.2);(113.09, 23.6);(113.5, 22.8);(113.5, 23.2);(113.5, 23.6);(113.91, 22.8);(113.91, 23.2);(113.91, 23.6)",True
59477,2014-03-31 09:00:00,52.0,SURF,True,EXTREME_TYPE1,1918.0,10.0,10.0,"(111.86, 22.0);(111.86, 22.4);(111.86, 22.8);(112.27, 21.6);(112.27, 22.0);(112.27, 22.4);(112.27, 22.8);(112.68, 22.0);(112.68, 22.4);(112.68, 22.8)",True
59306,2014-04-02 08:00:00,7.0,SURF,True,,,,,,False
59476,2014-04-02 08:00:00,6.1,SURF,True,,,,,,False
59271,2014-04-03 01:00:00,14.7,SURF,True,,,,,,False
59285,2014-04-03 03:00:00,9.0,SURF,True,,,,,,False
59289,2014-04-03 03:00:00,29.4,SURF,True,EXTREME_TYPE1,1449.0,12.0,12.0,"(113.09, 22.8);(113.09, 23.2);(113.5, 22.4);(113.5, 22.8);(113.5, 23.2);(113.5, 23.6);(113.91, 22.4);(113.91, 22.8);(113.91, 23.2);(113.91, 23.6);(114.32, 22.8);(114.32, 23.2)",True
59314,2014-04-03 04:00:00,5.3,SURF,True,,,,,,False
59655,2014-04-06 10:00:00,54.1,SURF,True,EXTREME_TYPE1,708.0,10.0,10.0,"(110.23, 21.2);(110.23, 21.6);(110.23, 22.0);(110.64, 21.2);(110.64, 21.6);(110.64, 22.0);(110.64, 22.4);(111.05, 21.2);(111.05, 21.6);(111.05, 22.0)",True
59655,2014-04-06 11:00:00,20.7,SURF,True,EXTREME_TYPE1,708.0,10.0,10.0,"(110.23, 21.2);(110.23, 21.6);(110.23, 22.0);(110.64, 21.2);(110.64, 21.6);(110.64, 22.0);(110.64, 22.4);(111.05, 21.2);(111.05, 21.6);(111.05, 22.0)",True
59659,2014-04-06 11:00:00,44.1,SURF,True,EXTREME_TYPE1,698.0,12.0,12.0,"(110.23, 21.6);(110.23, 22.0);(110.64, 21.2);(110.64, 21.6);(110.64, 22.0);(110.64, 22.4);(111.05, 21.2);(111.05, 21.6);(111.05, 22.0);(111.05, 22.4);(111.45, 21.6);(111.45, 22.0)",True
59072,2014-04-22 00:00:00,5.8,SURF,True,,,,,,False
59656,2014-04-30 20:00:00,27.0,SURF,True,EXTREME_TYPE1,445.0,11.0,10.0,"(110.23, 21.6);(110.64, 20.8);(110.64, 21.2);(110.64, 21.6);(110.64, 22.0);(111.05, 21.2);(111.05, 21.6);(111.05, 22.0);(111.45, 21.2);(111.45, 21.6)",True
59664,2014-04-30 20:00:00,61.5,SURF,True,EXTREME_TYPE2,694.0,10.0,10.0,"(110.23, 21.6);(110.64, 21.2);(110.64, 21.6);(110.64, 22.0);(111.05, 21.2);(111.05, 21.6);(111.05, 22.0);(111.45, 21.2);(111.45, 21.6);(111.45, 22.0)",True
59280,2014-05-04 21:00:00,4.5,SURF,True,,,,,,False
59462,2014-05-05 20:00:00,1.0,SURF,True,,,,,,False
59475,2014-05-08 19:00:00,54.8,SURF,True,EXTREME_TYPE1,2257.0,9.0,9.0,"(112.27, 22.0);(112.27, 22.4);(112.27, 22.8);(112.68, 22.0);(112.68, 22.4);(112.68, 22.8);(113.09, 22.0);(113.09, 22.4);(113.09, 22.8)",True
59473,2014-05-08 20:00:00,11.5,SURF,True,,,,,,False
59485,2014-05-08 21:00:00,72.3,SURF,True,EXTREME_TYPE1,2091.0,12.0,12.0,"(112.68, 22.4);(112.68, 22.8);(113.09, 22.0);(113.09, 22.4);(113.09, 22.8);(113.5, 22.0);(113.5, 22.4);(113.5, 22.8);(113.5, 23.2);(113.91, 22.0);(113.91, 22.4);(113.91, 22.8)",True
59488,2014-05-09 08:00:00,3.8,SURF,True,,,,,,False
59493,2014-05-09 11:00:00,5.1,SURF,True,,,,,,False
59673,2014-05-09 15:00:00,3.1,SURF,True,,,,,,False
59493,2014-05-11 10:00:00,34.3,SURF,True,EXTREME_TYPE1,821.0,13.0,13.0,"(113.5, 22.0);(113.5, 22.4);(113.5, 22.8);(113.91, 22.0);(113.91, 22.4);(113.91, 22.8);(113.91, 23.2);(114.32, 22.0);(114.32, 22.4);(114.32, 22.8);(114.32, 23.2);(114.73, 22.4);(114.73, 22.8)",True
59488,2014-05-11 19:00:00,55.5,SURF,True,EXTREME_TYPE1,694.0,11.0,11.0,"(113.09, 22.0);(113.09, 22.4);(113.09, 22.8);(113.5, 21.6);(113.5, 22.0);(113.5, 22.4);(113.5, 22.8);(113.91, 22.0);(113.91, 22.4);(113.91, 22.8);(114.32, 22.4)",True
59318,2014-05-12 00:00:00,25.2,SURF,True,EXTREME_TYPE1,500.0,12.0,12.0,"(115.95, 23.2);(115.95, 23.6);(116.36, 22.8);(116.36, 23.2);(116.36, 23.6);(116.36, 24.0);(116.77, 22.8);(116.77, 23.2);(116.77, 23.6);(116.77, 24.0);(117.18, 23.2);(117.18, 23.6)",True
59654,2014-05-15 15:00:00,57.5,SURF,True,EXTREME_TYPE4,526.0,10.0,5.0,"(110.23, 21.6);(110.23, 22.0);(110.64, 21.6);(110.64, 22.0);(111.05, 21.6)",True
59500,2014-05-16 06:00:00,51.7,SURF,True,EXTREME_TYPE1,978.0,12.0,12.0,"(114.73, 22.8);(114.73, 23.2);(115.14, 22.4);(115.14, 22.8);(115.14, 23.2);(115.14, 23.6);(115.55, 22.4);(115.55, 22.8);(115.55, 23.2);(115.55, 23.6);(115.95, 22.8);(115.95, 23.2)",True
59096,2014-05-16 16:00:00,13.1,SURF,True,,,,,,False
59082,2014-05-17 11:00:00,20.8,SURF,True,EXTREME_TYPE1,490.0,12.0,12.0,"(113.09, 24.4);(113.09, 24.8);(113.09, 25.2);(113.5, 24.0);(113.5, 24.4);(113.5, 24.8);(113.5, 25.2);(113.91, 24.4);(113.91, 24.8);(113.91, 25.2);(114.32, 24.4);(114.32, 24.8)",True
59087,2014-05-17 14:00:00,66.0,SURF,True,EXTREME_TYPE1,647.0,10.0,10.0,"(113.09, 23.6);(113.09, 24.0);(113.09, 24.4);(113.5, 23.2);(113.5, 23.6);(113.5, 24.0);(113.5, 24.4);(113.91, 23.6);(113.91, 24.0);(113.91, 24.4)",True
59072,2014-05-18 06:00:00,60.4,SURF,True,EXTREME_TYPE1,515.0,9.0,4.0,"(112.27, 25.2);(112.68, 24.8);(112.68, 25.2);(113.09, 24.8)",True
59500,2014-05-18 14:00:00,72.1,SURF,True,EXTREME_TYPE1,929.0,12.0,9.0,"(114.73, 22.8);(114.73, 23.2);(115.14, 22.8);(115.14, 23.2);(115.14, 23.6);(115.55, 22.8);(115.55, 23.2);(115.55, 23.6);(115.95, 23.2)",True
59500,2014-05-18 15:00:00,82.5,SURF,True,EXTREME_TYPE1,927.0,12.0,1.0,"(114.73, 22.8)",True
59500,2014-05-18 16:00:00,76.9,SURF,True,EXTREME_TYPE1,922.0,12.0,9.0,"(114.73, 22.8);(114.73, 23.2);(115.14, 22.8);(115.14, 23.2);(115.14, 23.6);(115.55, 22.8);(115.55, 23.2);(115.55, 23.6);(115.95, 23.2)",True
59088,2014-05-18 18:00:00,31.9,SURF,True,EXTREME_TYPE1,575.0,12.0,12.0,"(112.68, 24.0);(112.68, 24.4);(113.09, 23.6);(113.09, 24.0);(113.09, 24.4);(113.09, 24.8);(113.5, 23.6);(113.5, 24.0);(113.5, 24.4);(113.5, 24.8);(113.91, 24.0);(113.91, 24.4)",True
59500,2014-05-19 15:00:00,8.6,SURF,True,,,,,,False
59290,2014-05-19 18:00:00,28.5,SURF,True,EXTREME_TYPE1,534.0,11.0,11.0,"(113.5, 23.6);(113.91, 23.2);(113.91, 23.6);(113.91, 24.0);(113.91, 24.4);(114.32, 23.2);(114.32, 23.6);(114.32, 24.0);(114.32, 24.4);(114.73, 23.6);(114.73, 24.0)",True
59313,2014-05-22 13:00:00,17.0,SURF,True,,,,,,False
59072,2014-05-23 01:00:00,6.4,SURF,True,,,,,,False
59285,2014-05-23 06:00:00,5.2,SURF,True,,,,,,False
59088,2014-05-23 10:00:00,25.8,SURF,True,EXTREME_TYPE1,631.0,12.0,12.0,"(112.68, 24.0);(112.68, 24.4);(113.09, 23.6);(113.09, 24.0);(113.09, 24.4);(113.09, 24.8);(113.5, 23.6);(113.5, 24.0);(113.5, 24.4);(113.5, 24.8);(113.91, 24.0);(113.91, 24.4)",True
59285,2014-05-23 11:00:00,66.3,SURF,True,EXTREME_TYPE1,1033.0,10.0,10.0,"(113.09, 23.2);(113.09, 23.6);(113.09, 24.0);(113.5, 23.2);(113.5, 23.6);(113.5, 24.0);(113.91, 23.2);(113.91, 23.6);(113.91, 24.0);(114.32, 23.6)",True
59284,2014-05-25 20:00:00,57.9,SURF,True,EXTREME_TYPE1,1333.0,12.0,1.0,"(112.68, 23.2)",True
59071,2014-05-28 18:00:00,50.1,SURF,True,EXTREME_TYPE1,240.0,8.0,7.0,"(111.86, 24.8);(112.27, 24.4);(112.27, 24.8);(112.27, 25.2);(112.68, 24.4);(112.68, 24.8);(112.68, 25.2)",True
59087,2014-06-03 06:00:00,24.1,SURF,True,EXTREME_TYPE1,785.0,10.0,10.0,"(113.09, 23.6);(113.09, 24.0);(113.09, 24.4);(113.5, 23.2);(113.5, 23.6);(113.5, 24.0);(113.5, 24.4);(113.91, 23.6);(113.91, 24.0);(113.91, 24.4)",True
59081,2014-06-03 13:00:00,21.3,SURF,True,EXTREME_TYPE1,580.0,12.0,12.0,"(112.68, 24.4);(112.68, 24.8);(112.68, 25.2);(113.09, 24.4);(113.09, 24.8);(113.09, 25.2);(113.5, 24.4);(113.5, 24.8);(113.5, 25.2);(113.91, 24.4);(113.91, 24.8);(113.91, 25.2)",True
59276,2014-06-05 18:00:00,1.9,SURF,True,,,,,,False
59287,2014-06-05 18:00:00,53.6,SURF,True,EXTREME_TYPE1,1266.0,9.0,9.0,"(113.09, 22.8);(113.09, 23.2);(113.09, 23.6);(113.5, 22.8);(113.5, 23.2);(113.5, 23.6);(113.91, 22.8);(113.91, 23.2);(113.91, 23.6)",True
59456,2014-06-07 02:00:00,17.7,SURF,True,,,,,,False
59317,2014-06-16 02:00:00,74.8,SURF,True,EXTREME_TYPE1,757.0,9.0,8.0,"(115.95, 22.8);(115.95, 23.2);(115.95, 23.6);(116.36, 22.8);(116.36, 23.2);(116.36, 23.6);(116.77, 22.8);(116.77, 23.2)",True
59087,2014-06-17 11:00:00,9.2,SURF,True,,,,,,False
59500,2014-06-18 06:00:00,63.9,SURF,True,EXTREME_TYPE3,983.0,12.0,2.0,"(115.14, 23.6);(115.55, 23.6)",True
59082,2014-06-20 03:00:00,10.9,SURF,True,,,,,,False
59306,2014-06-21 04:00:00,15.3,SURF,True,,,,,,False
59478,2014-06-21 19:00:00,58.2,SURF,True,EXTREME_TYPE1,1487.0,12.0,12.0,"(112.27, 22.0);(112.27, 22.4);(112.68, 21.6);(112.68, 22.0);(112.68, 22.4);(112.68, 22.8);(113.09, 21.6);(113.09, 22.0);(113.09, 22.4);(113.09, 22.8);(113.5, 22.0);(113.5, 22.4)",True
59502,2014-06-21 22:00:00,25.0,SURF,True,EXTREME_TYPE1,810.0,12.0,12.0,"(115.14, 22.8);(115.14, 23.2);(115.55, 22.4);(115.55, 22.8);(115.55, 23.2);(115.55, 23.6);(115.95, 22.4);(115.95, 22.8);(115.95, 23.2);(115.95, 23.6);(116.36, 22.8);(116.36, 23.2)",True
59096,2014-06-22 04:00:00,6.5,SURF,True,,,,,,False
59501,2014-06-22 09:00:00,5.5,SURF,True,,,,,,False
59473,2014-06-23 19:00:00,7.7,SURF,True,,,,,,False
59658,2014-06-24 19:00:00,32.9,SURF,True,EXTREME_TYPE1,260.0,10.0,6.0,"(109.82, 21.2);(109.82, 21.6);(110.23, 21.2);(110.23, 21.6);(110.64, 21.2);(110.64, 21.6)",True
59500,2014-06-26 03:00:00,28.1,SURF,True,EXTREME_TYPE1,974.0,12.0,12.0,"(114.73, 22.8);(114.73, 23.2);(115.14, 22.4);(115.14, 22.8);(115.14, 23.2);(115.14, 23.6);(115.55, 22.4);(115.55, 22.8);(115.55, 23.2);(115.55, 23.6);(115.95, 22.8);(115.95, 23.2)",True
59500,2014-06-26 05:00:00,25.2,SURF,True,EXTREME_TYPE1,972.0,12.0,12.0,"(114.73, 22.8);(114.73, 23.2);(115.14, 22.4);(115.14, 22.8);(115.14, 23.2);(115.14, 23.6);(115.55, 22.4);(115.55, 22.8);(115.55, 23.2);(115.55, 23.6);(115.95, 22.8);(115.95, 23.2)",True
59501,2014-06-26 05:00:00,5.4,SURF,True,,,,,,False
59650,2014-06-30 07:00:00,3.8,SURF,True,,,,,,False
59303,2014-07-01 15:00:00,5.3,SURF,True,,,,,,False
59315,2014-07-03 18:00:00,41.8,SURF,True,FALSE,511.0,10.0,0.0,,True
59493,2014-07-07 06:00:00,64.3,SURF,True,EXTREME_TYPE1,1040.0,13.0,13.0,"(113.5, 22.0);(113.5, 22.4);(113.5, 22.8);(113.91, 22.0);(113.91, 22.4);(113.91, 22.8);(113.91, 23.2);(114.32, 22.0);(114.32, 22.4);(114.32, 22.8);(114.32, 23.2);(114.73, 22.4);(114.73, 22.8)",True
57996,2014-07-07 20:00:00,28.2,SURF,True,EXTREME_TYPE1,202.0,10.0,9.0,"(113.91, 24.8);(113.91, 25.2);(113.91, 25.6);(114.32, 24.4);(114.32, 24.8);(114.32, 25.2);(114.32, 25.6);(114.73, 24.8);(114.73, 25.2)",True
59097,2014-07-08 02:00:00,50.4,SURF,True,EXTREME_TYPE1,541.0,10.0,10.0,"(113.5, 24.0);(113.91, 23.6);(113.91, 24.0);(113.91, 24.4);(114.32, 23.6);(114.32, 24.0);(114.32, 24.4);(114.73, 23.6);(114.73, 24.0);(114.73, 24.4)",True
59285,2014-07-08 19:00:00,59.8,SURF,True,EXTREME_TYPE1,1112.0,10.0,10.0,"(113.09, 23.2);(113.09, 23.6);(113.09, 24.0);(113.5, 23.2);(113.5, 23.6);(113.5, 24.0);(113.91, 23.2);(113.91, 23.6);(113.91, 24.0);(114.32, 23.6)",True
59469,2014-07-15 13:00:00,5.0,SURF,True,,,,,,False
59471,2014-07-17 18:00:00,11.4,SURF,True,,,,,,False
59303,2014-07-18 09:00:00,9.4,SURF,True,,,,,,False
59303,2014-07-18 14:00:00,2.6,SURF,True,,,,,,False
59658,2014-07-18 19:00:00,18.1,SURF,True,,,,,,False
59754,2014-07-18 23:00:00,15.1,SURF,True,,,,,,False
59754,2014-07-19 01:00:00,43.5,SURF,True,EXTREME_TYPE1,218.0,5.0,5.0,"(109.82, 20.4);(109.82, 20.8);(110.23, 20.4);(110.23, 20.8);(110.64, 20.8)",True
59500,2014-07-19 11:00:00,17.5,SURF,True,,,,,,False
59750,2014-07-20 17:00:00,13.5,SURF,True,,,,,,False
59074,2014-07-21 17:00:00,1.5,SURF,True,,,,,,False
59318,2014-07-23 20:00:00,71.0,SURF,True,EXTREME_TYPE1,502.0,12.0,12.0,"(115.95, 23.2);(115.95, 23.6);(116.36, 22.8);(116.36, 23.2);(116.36, 23.6);(116.36, 24.0);(116.77, 22.8);(116.77, 23.2);(116.77, 23.6);(116.77, 24.0);(117.18, 23.2);(117.18, 23.6)",True
59475,2014-07-25 01:00:00,43.9,SURF,True,EXTREME_TYPE1,2988.0,9.0,9.0,"(112.27, 22.0);(112.27, 22.4);(112.27, 22.8);(112.68, 22.0);(112.68, 22.4);(112.68, 22.8);(113.09, 22.0);(113.09, 22.4);(113.09, 22.8)",True
59268,2014-08-02 19:00:00,59.9,SURF,True,EXTREME_TYPE1,1396.0,9.0,8.0,"(111.05, 22.8);(111.45, 22.8);(111.45, 23.2);(111.45, 23.6);(111.86, 22.8);(111.86, 23.2);(111.86, 23.6);(112.27, 23.2)",True
59289,2014-08-02 22:00:00,72.5,SURF,True,EXTREME_TYPE1,1708.0,12.0,12.0,"(113.09, 22.8);(113.09, 23.2);(113.5, 22.4);(113.5, 22.8);(113.5, 23.2);(113.5, 23.6);(113.91, 22.4);(113.91, 22.8);(113.91, 23.2);(113.91, 23.6);(114.32, 22.8);(114.32, 23.2)",True
59271,2014-08-04 01:00:00,60.6,SURF,True,EXTREME_TYPE1,979.0,11.0,8.0,"(112.27, 23.2);(112.27, 23.6);(112.27, 24.0);(112.68, 23.2);(112.68, 23.6);(112.68, 24.0);(113.09, 23.6);(113.09, 24.0)",True
59276,2014-08-06 12:00:00,11.7,SURF,True,,,,,,False
59287,2014-08-07 02:00:00,56.1,SURF,True,EXTREME_TYPE1,1678.0,9.0,9.0,"(113.09, 22.8);(113.09, 23.2);(113.09, 23.6);(113.5, 22.8);(113.5, 23.2);(113.5, 23.6);(113.91, 22.8);(113.91, 23.2);(113.91, 23.6)",True
59316,2014-08-12 17:00:00,90.8,SURF,True,EXTREME_TYPE1,494.0,12.0,10.0,"(115.95, 23.2);(115.95, 23.6);(116.36, 22.8);(116.36, 23.2);(116.36, 23.6);(116.36, 24.0);(116.77, 22.8);(116.77, 23.2);(116.77, 23.6);(116.77, 24.0)",True
59107,2014-08-12 19:00:00,1.2,SURF,True,,,,,,False
59269,2014-08-12 19:00:00,54.3,SURF,True,EXTREME_TYPE1,970.0,9.0,9.0,"(111.45, 22.8);(111.45, 23.2);(111.45, 23.6);(111.86, 22.8);(111.86, 23.2);(111.86, 23.6);(112.27, 22.8);(112.27, 23.2);(112.27, 23.6)",True
59107,2014-08-12 20:00:00,28.2,SURF,True,EXTREME_TYPE1,680.0,12.0,12.0,"(114.73, 23.6);(114.73, 24.0);(114.73, 24.4);(115.14, 23.6);(115.14, 24.0);(115.14, 24.4);(115.14, 24.8);(115.55, 23.6);(115.55, 24.0);(115.55, 24.4);(115.95, 24.0);(115.95, 24.4)",True
59071,2014-08-12 23:00:00,35.2,SURF,True,EXTREME_TYPE1,439.0,8.0,8.0,"(111.86, 24.4);(111.86, 24.8);(112.27, 24.4);(112.27, 24.8);(112.27, 25.2);(112.68, 24.4);(112.68, 24.8);(112.68, 25.2)",True
59284,2014-08-12 23:00:00,61.7,SURF,True,EXTREME_TYPE1,1696.0,12.0,12.0,"(112.68, 23.2);(112.68, 23.6);(113.09, 22.8);(113.09, 23.2);(113.09, 23.6);(113.09, 24.0);(113.5, 22.8);(113.5, 23.2);(113.5, 23.6);(113.5, 24.0);(113.91, 23.2);(113.91, 23.6)",True
59278,2014-08-13 14:00:00,17.4,SURF,True,,,,,,False
59288,2014-08-13 14:00:00,18.8,SURF,True,,,,,,False
57996,2014-08-13 18:00:00,21.2,SURF,True,EXTREME_TYPE1,92.0,10.0,10.0,"(113.5, 25.2);(113.91, 24.8);(113.91, 25.2);(113.91, 25.6);(114.32, 24.4);(114.32, 24.8);(114.32, 25.2);(114.32, 25.6);(114.73, 24.8);(114.73, 25.2)",True
59087,2014-08-14 06:00:00,50.7,SURF,True,EXTREME_TYPE1,796.0,10.0,10.0,"(113.09, 23.6);(113.09, 24.0);(113.09, 24.4);(113.5, 23.2);(113.5, 23.6);(113.5, 24.0);(113.5, 24.4);(113.91, 23.6);(113.91, 24.0);(113.91, 24.4)",True
59285,2014-08-14 13:00:00,16.1,SURF,True,,,,,,False
59318,2014-08-19 02:00:00,25.9,SURF,True,EXTREME_TYPE1,429.0,12.0,9.0,"(115.95, 23.2);(115.95, 23.6);(116.36, 22.8);(116.36, 23.2);(116.36, 23.6);(116.77, 22.8);(116.77, 23.2);(116.77, 23.6);(117.18, 23.2)",True
59655,2014-08-19 13:00:00,68.7,SURF,True,EXTREME_TYPE1,826.0,10.0,10.0,"(110.23, 21.2);(110.23, 21.6);(110.23, 22.0);(110.64, 21.2);(110.64, 21.6);(110.64, 22.0);(110.64, 22.4);(111.05, 21.2);(111.05, 21.6);(111.05, 22.0)",True
59117,2014-08-19 15:00:00,20.6,SURF,True,EXTREME_TYPE1,479.0,12.0,12.0,"(115.55, 24.0);(115.55, 24.4);(115.55, 24.8);(115.95, 23.6);(115.95, 24.0);(115.95, 24.4);(115.95, 24.8);(116.36, 24.0);(116.36, 24.4);(116.36, 24.8);(116.77, 24.0);(116.77, 24.4)",True
59106,2014-08-19 18:00:00,1.2,SURF,True,,,,,,False
59673,2014-08-20 04:00:00,38.5,SURF,True,EXTREME_TYPE1,115.0,8.0,8.0,"(112.27, 21.6);(112.27, 22.0);(112.68, 21.6);(112.68, 22.0);(112.68, 22.4);(113.09, 21.6);(113.09, 22.0);(113.5, 21.6)",True
59488,2014-08-22 04:00:00,55.4,SURF,True,EXTREME_TYPE2,1047.0,11.0,3.0,"(113.91, 22.4);(113.91, 22.8);(114.32, 22.4)",True
59276,2014-08-22 20:00:00,7.0,SURF,True,,,,,,False
59074,2014-08-23 17:00:00,1.9,SURF,True,,,,,,False
59673,2014-08-27 15:00:00,28.2,SURF,True,EXTREME_TYPE1,113.0,8.0,8.0,"(112.27, 21.6);(112.27, 22.0);(112.68, 21.6);(112.68, 22.0);(112.68, 22.4);(113.09, 21.6);(113.09, 22.0);(113.5, 21.6)",True
59094,2014-08-30 17:00:00,8.4,SURF,True,,,,,,False
59654,2014-08-31 13:00:00,16.0,SURF,True,,,,,,False
59750,2014-09-03 15:00:00,39.5,SURF,True,EXTREME_TYPE1,570.0,11.0,8.0,"(109.82, 20.4);(109.82, 20.8);(109.82, 21.2);(110.23, 20.4);(110.23, 20.8);(110.23, 21.2);(110.64, 20.8);(110.64, 21.2)",True
59303,2014-09-04 19:00:00,57.2,SURF,True,EXTREME_TYPE1,1176.0,10.0,10.0,"(115.14, 23.6);(115.14, 24.0);(115.55, 23.6);(115.55, 24.0);(115.55, 24.4);(115.95, 23.6);(115.95, 24.0);(115.95, 24.4);(116.36, 23.6);(116.36, 24.0)",True
59117,2014-09-04 20:00:00,3.5,SURF,True,,,,,,False
59500,2014-09-08 14:00:00,12.8,SURF,True,,,,,,False
59478,2014-09-12 14:00:00,32.4,SURF,True,EXTREME_TYPE1,2051.0,12.0,12.0,"(112.27, 22.0);(112.27, 22.4);(112.68, 21.6);(112.68, 22.0);(112.68, 22.4);(112.68, 22.8);(113.09, 21.6);(113.09, 22.0);(113.09, 22.4);(113.09, 22.8);(113.5, 22.0);(113.5, 22.4)",True
59477,2014-09-15 20:00:00,11.6,SURF,True,,,,,,False
59656,2014-09-15 21:00:00,12.3,SURF,True,,,,,,False
59276,2014-09-15 23:00:00,11.8,SURF,True,,,,,,False
59072,2014-09-16 16:00:00,1.8,SURF,True,,,,,,False
59310,2014-09-24 18:00:00,52.9,SURF,True,EXTREME_TYPE1,873.0,12.0,8.0,"(115.55, 23.6);(115.95, 23.2);(115.95, 23.6);(115.95, 24.0);(116.36, 23.2);(116.36, 23.6);(116.36, 24.0);(116.77, 23.6)",True
59303,2014-09-25 02:00:00,5.2,SURF,True,,,,,,False
59487,2014-09-30 23:00:00,51.2,SURF,True,EXTREME_TYPE1,1671.0,12.0,11.0,"(112.68, 22.0);(112.68, 22.4);(113.09, 22.0);(113.09, 22.4);(113.09, 22.8);(113.5, 21.6);(113.5, 22.0);(113.5, 22.4);(113.5, 22.8);(113.91, 22.0);(113.91, 22.4)",True
59487,2014-10-01 05:00:00,19.7,SURF,True,,,,,,False
59478,2014-10-03 08:00:00,60.3,SURF,True,EXTREME_TYPE1,1380.0,12.0,7.0,"(112.27, 22.0);(112.27, 22.4);(112.68, 22.4);(112.68, 22.8);(113.09, 22.4);(113.09, 22.8);(113.5, 22.4)",True
59303,2014-11-08 07:00:00,1.5,SURF,True,,,,,,False
59470,2014-12-02 22:00:00,1.2,SURF,True,,,,,,False
59485,2014-12-04 14:00:00,1.4,SURF,True,,,,,,False
59318,2014-12-25 12:00:00,5.1,SURF,True,,,,,,False
59654,2014-12-26 06:00:00,2.1,SURF,True,,,,,,False
59470,2014-12-27 19:00:00,2.6,SURF,True,,,,,,False
59478,2014-12-28 01:00:00,1.5,SURF,True,,,,,,False
59288,2015-01-12 10:00:00,4.5,SURF,True,,,,,,False
59289,2015-01-12 14:00:00,2.0,SURF,True,,,,,,False
59319,2015-01-13 17:00:00,5.2,SURF,True,,,,,,False
59289,2015-02-22 19:00:00,25.5,SURF,True,EXTREME_TYPE1,1796.0,12.0,12.0,"(113.09, 22.8);(113.09, 23.2);(113.5, 22.4);(113.5, 22.8);(113.5, 23.2);(113.5, 23.6);(113.91, 22.4);(113.91, 22.8);(113.91, 23.2);(113.91, 23.6);(114.32, 22.8);(114.32, 23.2)",True
59673,2015-02-22 23:00:00,35.7,SURF,True,EXTREME_TYPE1,130.0,8.0,7.0,"(112.27, 21.6);(112.27, 22.0);(112.68, 21.6);(112.68, 22.0);(112.68, 22.4);(113.09, 21.6);(113.09, 22.0)",True
59099,2015-03-16 20:00:00,1.2,SURF,True,,,,,,False
59478,2015-04-10 23:00:00,5.4,SURF,True,,,,,,False
59072,2015-04-20 02:00:00,24.4,SURF,True,EXTREME_TYPE1,748.0,9.0,9.0,"(111.86, 24.4);(111.86, 24.8);(112.27, 24.4);(112.27, 24.8);(112.27, 25.2);(112.68, 24.4);(112.68, 24.8);(112.68, 25.2);(113.09, 24.8)",True
59316,2015-04-21 02:00:00,7.5,SURF,True,,,,,,False
57989,2015-04-28 15:00:00,40.0,SURF,True,EXTREME_TYPE1,334.0,12.0,12.0,"(113.09, 24.8);(113.09, 25.2);(113.5, 24.4);(113.5, 24.8);(113.5, 25.2);(113.5, 25.6);(113.91, 24.4);(113.91, 24.8);(113.91, 25.2);(113.91, 25.6);(114.32, 24.8);(114.32, 25.2)",True
59492,2015-04-29 22:00:00,62.0,SURF,True,EXTREME_TYPE1,700.0,11.0,11.0,"(114.32, 22.4);(114.32, 22.8);(114.32, 23.2);(114.32, 23.6);(114.73, 22.4);(114.73, 22.8);(114.73, 23.2);(114.73, 23.6);(115.14, 22.8);(115.14, 23.2);(115.14, 23.6)",True
59462,2015-05-01 12:00:00,30.8,SURF,True,EXTREME_TYPE1,1505.0,11.0,11.0,"(111.05, 22.4);(111.05, 22.8);(111.05, 23.2);(111.45, 22.4);(111.45, 22.8);(111.45, 23.2);(111.86, 22.4);(111.86, 22.8);(111.86, 23.2);(112.27, 22.4);(112.27, 22.8)",True
59097,2015-05-03 08:00:00,56.5,SURF,True,EXTREME_TYPE1,559.0,10.0,10.0,"(113.5, 24.0);(113.91, 23.6);(113.91, 24.0);(113.91, 24.4);(114.32, 23.6);(114.32, 24.0);(114.32, 24.4);(114.73, 23.6);(114.73, 24.0);(114.73, 24.4)",True
59087,2015-05-04 21:00:00,31.3,SURF,True,EXTREME_TYPE1,836.0,10.0,10.0,"(113.09, 23.6);(113.09, 24.0);(113.09, 24.4);(113.5, 23.2);(113.5, 23.6);(113.5, 24.0);(113.5, 24.4);(113.91, 23.6);(113.91, 24.0);(113.91, 24.4)",True
59287,2015-05-05 00:00:00,48.3,SURF,True,EXTREME_TYPE1,1800.0,9.0,9.0,"(113.09, 22.8);(113.09, 23.2);(113.09, 23.6);(113.5, 22.8);(113.5, 23.2);(113.5, 23.6);(113.91, 22.8);(113.91, 23.2);(113.91, 23.6)",True
59470,2015-05-05 09:00:00,58.6,SURF,True,EXTREME_TYPE1,2443.0,10.0,10.0,"(111.45, 22.8);(111.86, 22.4);(111.86, 22.8);(111.86, 23.2);(112.27, 22.4);(112.27, 22.8);(112.27, 23.2);(112.68, 22.4);(112.68, 22.8);(112.68, 23.2)",True
59471,2015-05-05 17:00:00,21.6,SURF,True,EXTREME_TYPE1,2434.0,12.0,12.0,"(111.45, 22.8);(111.45, 23.2);(111.86, 22.4);(111.86, 22.8);(111.86, 23.2);(111.86, 23.6);(112.27, 22.4);(112.27, 22.8);(112.27, 23.2);(112.27, 23.6);(112.68, 22.8);(112.68, 23.2)",True
59075,2015-05-06 02:00:00,77.5,SURF,True,EXTREME_TYPE1,754.0,12.0,9.0,"(112.27, 24.0);(112.27, 24.4);(112.27, 24.8);(112.68, 24.0);(112.68, 24.4);(112.68, 24.8);(113.09, 24.0);(113.09, 24.4);(113.09, 24.8)",True
59456,2015-05-06 08:00:00,77.6,SURF,True,EXTREME_TYPE1,744.0,10.0,10.0,"(110.23, 22.4);(110.64, 22.0);(110.64, 22.4);(110.64, 22.8);(111.05, 22.0);(111.05, 22.4);(111.05, 22.8);(111.45, 22.0);(111.45, 22.4);(111.45, 22.8)",True
59087,2015-05-06 09:00:00,21.5,SURF,True,EXTREME_TYPE1,828.0,10.0,10.0,"(113.09, 23.6);(113.09, 24.0);(113.09, 24.4);(113.5, 23.2);(113.5, 23.6);(113.5, 24.0);(113.5, 24.4);(113.91, 23.6);(113.91, 24.0);(113.91, 24.4)",True
59290,2015-05-06 18:00:00,62.4,SURF,True,EXTREME_TYPE1,694.0,11.0,11.0,"(113.5, 23.6);(113.91, 23.2);(113.91, 23.6);(113.91, 24.0);(113.91, 24.4);(114.32, 23.2);(114.32, 23.6);(114.32, 24.0);(114.32, 24.4);(114.73, 23.6);(114.73, 24.0)",True
59476,2015-05-07 14:00:00,1.3,SURF,True,,,,,,False
59268,2015-05-08 13:00:00,1.0,SURF,True,,,,,,False
59271,2015-05-08 19:00:00,34.8,SURF,True,EXTREME_TYPE1,1057.0,11.0,11.0,"(111.86, 23.2);(111.86, 23.6);(111.86, 24.0);(112.27, 23.2);(112.27, 23.6);(112.27, 24.0);(112.68, 23.2);(112.68, 23.6);(112.68, 24.0);(113.09, 23.6);(113.09, 24.0)",True
59290,2015-05-09 07:00:00,59.1,SURF,True,EXTREME_TYPE1,694.0,11.0,11.0,"(113.5, 23.6);(113.91, 23.2);(113.91, 23.6);(113.91, 24.0);(113.91, 24.4);(114.32, 23.2);(114.32, 23.6);(114.32, 24.0);(114.32, 24.4);(114.73, 23.6);(114.73, 24.0)",True
59289,2015-05-09 15:00:00,57.2,SURF,True,EXTREME_TYPE1,1789.0,12.0,12.0,"(113.09, 22.8);(113.09, 23.2);(113.5, 22.4);(113.5, 22.8);(113.5, 23.2);(113.5, 23.6);(113.91, 22.4);(113.91, 22.8);(113.91, 23.2);(113.91, 23.6);(114.32, 22.8);(114.32, 23.2)",True
59270,2015-05-10 19:00:00,1.5,SURF,True,,,,,,False
59280,2015-05-11 05:00:00,56.5,SURF,True,EXTREME_TYPE1,1111.0,10.0,10.0,"(112.68, 23.2);(112.68, 23.6);(112.68, 24.0);(113.09, 23.2);(113.09, 23.6);(113.09, 24.0);(113.09, 24.4);(113.5, 23.2);(113.5, 23.6);(113.5, 24.0)",True
59481,2015-05-11 16:00:00,51.8,SURF,True,EXTREME_TYPE1,2951.0,12.0,12.0,"(112.68, 22.8);(112.68, 23.2);(113.09, 22.4);(113.09, 22.8);(113.09, 23.2);(113.09, 23.6);(113.5, 22.4);(113.5, 22.8);(113.5, 23.2);(113.5, 23.6);(113.91, 22.8);(113.91, 23.2)",True
59478,2015-05-11 19:00:00,41.3,SURF,True,EXTREME_TYPE1,2168.0,12.0,12.0,"(112.27, 22.0);(112.27, 22.4);(112.68, 21.6);(112.68, 22.0);(112.68, 22.4);(112.68, 22.8);(113.09, 21.6);(113.09, 22.0);(113.09, 22.4);(113.09, 22.8);(113.5, 22.0);(113.5, 22.4)",True
59664,2015-05-11 23:00:00,58.7,SURF,True,EXTREME_TYPE1,793.0,10.0,10.0,"(110.23, 21.6);(110.64, 21.2);(110.64, 21.6);(110.64, 22.0);(111.05, 21.2);(111.05, 21.6);(111.05, 22.0);(111.45, 21.2);(111.45, 21.6);(111.45, 22.0)",True
59072,2015-05-16 00:00:00,3.9,SURF,True,,,,,,False
59663,2015-05-16 17:00:00,51.7,SURF,True,EXTREME_TYPE1,772.0,11.0,11.0,"(111.45, 21.6);(111.45, 22.0);(111.86, 21.2);(111.86, 21.6);(111.86, 22.0);(111.86, 22.4);(112.27, 21.6);(112.27, 22.0);(112.27, 22.4);(112.68, 21.6);(112.68, 22.0)",True
59656,2015-05-17 07:00:00,38.7,SURF,True,EXTREME_TYPE1,577.0,11.0,11.0,"(110.23, 21.2);(110.23, 21.6);(110.64, 20.8);(110.64, 21.2);(110.64, 21.6);(110.64, 22.0);(111.05, 21.2);(111.05, 21.6);(111.05, 22.0);(111.45, 21.2);(111.45, 21.6)",True
59663,2015-05-17 08:00:00,59.0,SURF,True,EXTREME_TYPE1,757.0,11.0,11.0,"(111.45, 21.6);(111.45, 22.0);(111.86, 21.2);(111.86, 21.6);(111.86, 22.0);(111.86, 22.4);(112.27, 21.6);(112.27, 22.0);(112.27, 22.4);(112.68, 21.6);(112.68, 22.0)",True
59673,2015-05-17 13:00:00,70.0,SURF,True,EXTREME_TYPE1,130.0,8.0,8.0,"(112.27, 21.6);(112.27, 22.0);(112.68, 21.6);(112.68, 22.0);(112.68, 22.4);(113.09, 21.6);(113.09, 22.0);(113.5, 21.6)",True
59663,2015-05-18 09:00:00,61.2,SURF,True,EXTREME_TYPE1,761.0,11.0,11.0,"(111.45, 21.6);(111.45, 22.0);(111.86, 21.2);(111.86, 21.6);(111.86, 22.0);(111.86, 22.4);(112.27, 21.6);(112.27, 22.0);(112.27, 22.4);(112.68, 21.6);(112.68, 22.0)",True
59478,2015-05-18 10:00:00,11.6,SURF,True,,,,,,False
59317,2015-05-20 00:00:00,58.7,SURF,True,EXTREME_TYPE1,824.0,9.0,9.0,"(115.95, 22.4);(115.95, 22.8);(115.95, 23.2);(115.95, 23.6);(116.36, 22.8);(116.36, 23.2);(116.36, 23.6);(116.77, 22.8);(116.77, 23.2)",True
59317,2015-05-20 01:00:00,66.5,SURF,True,EXTREME_TYPE1,820.0,9.0,9.0,"(115.95, 22.4);(115.95, 22.8);(115.95, 23.2);(115.95, 23.6);(116.36, 22.8);(116.36, 23.2);(116.36, 23.6);(116.77, 22.8);(116.77, 23.2)",True
59074,2015-05-20 03:00:00,10.3,SURF,True,,,,,,False
59502,2015-05-20 06:00:00,79.7,SURF,True,EXTREME_TYPE1,990.0,12.0,12.0,"(115.14, 22.8);(115.14, 23.2);(115.55, 22.4);(115.55, 22.8);(115.55, 23.2);(115.55, 23.6);(115.95, 22.4);(115.95, 22.8);(115.95, 23.2);(115.95, 23.6);(116.36, 22.8);(116.36, 23.2)",True
59285,2015-05-20 10:00:00,62.7,SURF,True,EXTREME_TYPE1,1171.0,10.0,10.0,"(113.09, 23.2);(113.09, 23.6);(113.09, 24.0);(113.5, 23.2);(113.5, 23.6);(113.5, 24.0);(113.91, 23.2);(113.91, 23.6);(113.91, 24.0);(114.32, 23.6)",True
59500,2015-05-20 10:00:00,64.6,SURF,True,EXTREME_TYPE1,1034.0,12.0,12.0,"(114.73, 22.8);(114.73, 23.2);(115.14, 22.4);(115.14, 22.8);(115.14, 23.2);(115.14, 23.6);(115.55, 22.4);(115.55, 22.8);(115.55, 23.2);(115.55, 23.6);(115.95, 22.8);(115.95, 23.2)",True
59502,2015-05-20 10:00:00,20.6,SURF,True,EXTREME_TYPE1,991.0,12.0,12.0,"(115.14, 22.8);(115.14, 23.2);(115.55, 22.4);(115.55, 22.8);(115.55, 23.2);(115.55, 23.6);(115.95, 22.4);(115.95, 22.8);(115.95, 23.2);(115.95, 23.6);(116.36, 22.8);(116.36, 23.2)",True
59297,2015-05-20 11:00:00,79.9,SURF,True,EXTREME_TYPE1,788.0,10.0,10.0,"(113.5, 23.2);(113.91, 22.8);(113.91, 23.2);(113.91, 23.6);(114.32, 22.8);(114.32, 23.2);(114.32, 23.6);(114.73, 22.8);(114.73, 23.2);(114.73, 23.6)",True
59071,2015-05-20 13:00:00,34.7,SURF,True,EXTREME_TYPE1,454.0,8.0,8.0,"(111.86, 24.4);(111.86, 24.8);(112.27, 24.4);(112.27, 24.8);(112.27, 25.2);(112.68, 24.4);(112.68, 24.8);(112.68, 25.2)",True
59289,2015-05-20 13:00:00,80.1,SURF,True,EXTREME_TYPE1,1806.0,12.0,12.0,"(113.09, 22.8);(113.09, 23.2);(113.5, 22.4);(113.5, 22.8);(113.5, 23.2);(113.5, 23.6);(113.91, 22.4);(113.91, 22.8);(113.91, 23.2);(113.91, 23.6);(114.32, 22.8);(114.32, 23.2)",True
59072,2015-05-20 14:00:00,25.8,SURF,True,EXTREME_TYPE1,760.0,9.0,9.0,"(111.86, 24.4);(111.86, 24.8);(112.27, 24.4);(112.27, 24.8);(112.27, 25.2);(112.68, 24.4);(112.68, 24.8);(112.68, 25.2);(113.09, 24.8)",True
59470,2015-05-20 18:00:00,41.8,SURF,True,EXTREME_TYPE1,2499.0,10.0,10.0,"(111.45, 22.8);(111.86, 22.4);(111.86, 22.8);(111.86, 23.2);(112.27, 22.4);(112.27, 22.8);(112.27, 23.2);(112.68, 22.4);(112.68, 22.8);(112.68, 23.2)",True
59297,2015-05-25 19:00:00,65.4,SURF,True,EXTREME_TYPE1,788.0,10.0,10.0,"(113.5, 23.2);(113.91, 22.8);(113.91, 23.2);(113.91, 23.6);(114.32, 22.8);(114.32, 23.2);(114.32, 23.6);(114.73, 22.8);(114.73, 23.2);(114.73, 23.6)",True
59290,2015-05-26 06:00:00,33.7,SURF,True,EXTREME_TYPE1,698.0,11.0,11.0,"(113.5, 23.6);(113.91, 23.2);(113.91, 23.6);(113.91, 24.0);(113.91, 24.4);(114.32, 23.2);(114.32, 23.6);(114.32, 24.0);(114.32, 24.4);(114.73, 23.6);(114.73, 24.0)",True
59477,2015-05-26 15:00:00,1.1,SURF,True,,,,,,False
59264,2015-05-26 17:00:00,15.9,SURF,True,,,,,,False
59298,2015-05-31 14:00:00,40.4,SURF,True,EXTREME_TYPE1,822.0,11.0,11.0,"(113.91, 22.8);(113.91, 23.2);(113.91, 23.6);(114.32, 22.4);(114.32, 22.8);(114.32, 23.2);(114.32, 23.6);(114.73, 22.8);(114.73, 23.2);(114.73, 23.6);(115.14, 23.2)",True
59285,2015-06-01 15:00:00,34.9,SURF,True,EXTREME_TYPE1,1168.0,10.0,10.0,"(113.09, 23.2);(113.09, 23.6);(113.09, 24.0);(113.5, 23.2);(113.5, 23.6);(113.5, 24.0);(113.91, 23.2);(113.91, 23.6);(113.91, 24.0);(114.32, 23.6)",True
59075,2015-06-02 17:00:00,23.9,SURF,True,EXTREME_TYPE1,764.0,12.0,12.0,"(111.86, 24.0);(111.86, 24.4);(112.27, 24.0);(112.27, 24.4);(112.27, 24.8);(112.68, 23.6);(112.68, 24.0);(112.68, 24.4);(112.68, 24.8);(113.09, 24.0);(113.09, 24.4);(113.09, 24.8)",True
59462,2015-06-06 13:00:00,13.2,SURF,True,,,,,,False
59287,2015-06-11 15:00:00,21.2,SURF,True,EXTREME_TYPE1,1804.0,9.0,9.0,"(113.09, 22.8);(113.09, 23.2);(113.09, 23.6);(113.5, 22.8);(113.5, 23.2);(113.5, 23.6);(113.91, 22.8);(113.91, 23.2);(113.91, 23.6)",True
59304,2015-06-11 20:00:00,4.7,SURF,True,,,,,,False
59288,2015-06-12 15:00:00,32.7,SURF,True,EXTREME_TYPE1,2349.0,10.0,10.0,"(112.27, 23.2);(112.68, 22.8);(112.68, 23.2);(112.68, 23.6);(113.09, 22.8);(113.09, 23.2);(113.09, 23.6);(113.5, 22.8);(113.5, 23.2);(113.5, 23.6)",True
59109,2015-06-12 16:00:00,5.8,SURF,True,,,,,,False
59096,2015-06-12 18:00:00,26.2,SURF,True,EXTREME_TYPE1,354.0,12.0,12.0,"(113.91, 24.0);(113.91, 24.4);(113.91, 24.8);(114.32, 24.0);(114.32, 24.4);(114.32, 24.8);(114.73, 24.0);(114.73, 24.4);(114.73, 24.8);(115.14, 24.0);(115.14, 24.4);(115.14, 24.8)",True
59279,2015-06-22 13:00:00,10.1,SURF,True,,,,,,False
59310,2015-06-23 07:00:00,7.3,SURF,True,,,,,,False
59278,2015-06-23 15:00:00,26.1,SURF,True,EXTREME_TYPE1,3215.0,12.0,12.0,"(111.86, 22.8);(111.86, 23.2);(112.27, 22.4);(112.27, 22.8);(112.27, 23.2);(112.27, 23.6);(112.68, 22.4);(112.68, 22.8);(112.68, 23.2);(112.68, 23.6);(113.09, 22.8);(113.09, 23.2)",True
59117,2015-06-24 06:00:00,2.5,SURF,True,,,,,,False
59650,2015-07-05 05:00:00,40.8,SURF,True,EXTREME_TYPE1,723.0,11.0,11.0,"(109.82, 21.2);(109.82, 21.6);(109.82, 22.0);(110.23, 20.8);(110.23, 21.2);(110.23, 21.6);(110.23, 22.0);(110.64, 20.8);(110.64, 21.2);(110.64, 21.6);(110.64, 22.0)",True
59664,2015-07-05 08:00:00,76.1,SURF,True,EXTREME_TYPE1,800.0,10.0,10.0,"(110.23, 21.6);(110.64, 21.2);(110.64, 21.6);(110.64, 22.0);(111.05, 21.2);(111.05, 21.6);(111.05, 22.0);(111.45, 21.2);(111.45, 21.6);(111.45, 22.0)",True
59462,2015-07-05 18:00:00,4.4,SURF,True,,,,,,False
59312,2015-07-09 11:00:00,13.2,SURF,True,,,,,,False
59315,2015-07-09 12:00:00,11.4,SURF,True,,,,,,False
59502,2015-07-09 14:00:00,51.6,SURF,True,EXTREME_TYPE1,935.0,12.0,12.0,"(115.14, 22.8);(115.14, 23.2);(115.55, 22.4);(115.55, 22.8);(115.55, 23.2);(115.55, 23.6);(115.95, 22.4);(115.95, 22.8);(115.95, 23.2);(115.95, 23.6);(116.36, 22.8);(116.36, 23.2)",True
59481,2015-07-10 20:00:00,3.7,SURF,True,,,,,,False
59754,2015-07-14 14:00:00,73.8,SURF,True,EXTREME_TYPE4,256.0,5.0,5.0,"(109.82, 20.4);(109.82, 20.8);(110.23, 20.4);(110.23, 20.8);(110.64, 20.8)",True
59485,2015-07-16 16:00:00,60.7,SURF,True,EXTREME_TYPE1,2826.0,12.0,11.0,"(112.68, 22.4);(112.68, 22.8);(113.09, 22.0);(113.09, 22.4);(113.09, 22.8);(113.5, 22.0);(113.5, 22.4);(113.5, 22.8);(113.5, 23.2);(113.91, 22.4);(113.91, 22.8)",True
57996,2015-07-17 19:00:00,53.2,SURF,True,EXTREME_TYPE1,180.0,10.0,10.0,"(113.5, 25.2);(113.91, 24.8);(113.91, 25.2);(113.91, 25.6);(114.32, 24.4);(114.32, 24.8);(114.32, 25.2);(114.32, 25.6);(114.73, 24.8);(114.73, 25.2)",True
59287,2015-07-17 22:00:00,90.4,SURF,True,EXTREME_TYPE1,1798.0,9.0,9.0,"(113.09, 22.8);(113.09, 23.2);(113.09, 23.6);(113.5, 22.8);(113.5, 23.2);(113.5, 23.6);(113.91, 22.8);(113.91, 23.2);(113.91, 23.6)",True
59673,2015-07-20 19:00:00,29.2,SURF,True,EXTREME_TYPE1,130.0,8.0,8.0,"(112.27, 21.6);(112.27, 22.0);(112.68, 21.6);(112.68, 22.0);(112.68, 22.4);(113.09, 21.6);(113.09, 22.0);(113.5, 21.6)",True
59673,2015-07-21 03:00:00,62.2,SURF,True,EXTREME_TYPE1,125.0,8.0,8.0,"(112.27, 21.6);(112.27, 22.0);(112.68, 21.6);(112.68, 22.0);(112.68, 22.4);(113.09, 21.6);(113.09, 22.0);(113.5, 21.6)",True
59673,2015-07-21 04:00:00,61.2,SURF,True,EXTREME_TYPE1,125.0,8.0,8.0,"(112.27, 21.6);(112.27, 22.0);(112.68, 21.6);(112.68, 22.0);(112.68, 22.4);(113.09, 21.6);(113.09, 22.0);(113.5, 21.6)",True
59469,2015-07-21 12:00:00,2.5,SURF,True,,,,,,False
59456,2015-07-21 13:00:00,47.9,SURF,True,EXTREME_TYPE1,750.0,10.0,10.0,"(110.23, 22.4);(110.64, 22.0);(110.64, 22.4);(110.64, 22.8);(111.05, 22.0);(111.05, 22.4);(111.05, 22.8);(111.45, 22.0);(111.45, 22.4);(111.45, 22.8)",True
59456,2015-07-21 14:00:00,72.6,SURF,True,EXTREME_TYPE1,750.0,10.0,10.0,"(110.23, 22.4);(110.64, 22.0);(110.64, 22.4);(110.64, 22.8);(111.05, 22.0);(111.05, 22.4);(111.05, 22.8);(111.45, 22.0);(111.45, 22.4);(111.45, 22.8)",True
59312,2015-07-22 16:00:00,3.1,SURF,True,,,,,,False
59284,2015-07-22 17:00:00,21.3,SURF,True,EXTREME_TYPE1,1797.0,12.0,12.0,"(112.68, 23.2);(112.68, 23.6);(113.09, 22.8);(113.09, 23.2);(113.09, 23.6);(113.09, 24.0);(113.5, 22.8);(113.5, 23.2);(113.5, 23.6);(113.5, 24.0);(113.91, 23.2);(113.91, 23.6)",True
59318,2015-07-23 04:00:00,16.7,SURF,True,,,,,,False
59319,2015-07-23 11:00:00,60.4,SURF,True,EXTREME_TYPE1,480.0,11.0,10.0,"(115.95, 23.6);(116.36, 23.2);(116.36, 23.6);(116.77, 22.8);(116.77, 23.2);(116.77, 23.6);(116.77, 24.0);(117.18, 23.2);(117.18, 23.6);(117.18, 24.0)",True
59492,2015-07-23 12:00:00,50.8,SURF,True,EXTREME_TYPE1,708.0,11.0,11.0,"(114.32, 22.4);(114.32, 22.8);(114.32, 23.2);(114.32, 23.6);(114.73, 22.4);(114.73, 22.8);(114.73, 23.2);(114.73, 23.6);(115.14, 22.8);(115.14, 23.2);(115.14, 23.6)",True
59493,2015-07-24 13:00:00,9.3,SURF,True,,,,,,False
59500,2015-08-09 19:00:00,22.5,SURF,True,EXTREME_TYPE1,1056.0,12.0,12.0,"(114.73, 22.8);(114.73, 23.2);(115.14, 22.4);(115.14, 22.8);(115.14, 23.2);(115.14, 23.6);(115.55, 22.4);(115.55, 22.8);(115.55, 23.2);(115.55, 23.6);(115.95, 22.8);(115.95, 23.2)",True
59319,2015-08-11 00:00:00,8.8,SURF,True,,,,,,False
59279,2015-08-12 21:00:00,92.3,SURF,True,EXTREME_TYPE1,2402.0,12.0,12.0,"(112.27, 22.8);(112.27, 23.2);(112.27, 23.6);(112.68, 22.8);(112.68, 23.2);(112.68, 23.6);(113.09, 22.8);(113.09, 23.2);(113.09, 23.6);(113.5, 22.8);(113.5, 23.2);(113.5, 23.6)",True
59312,2015-08-13 13:00:00,54.9,SURF,True,EXTREME_TYPE1,478.0,10.0,10.0,"(115.95, 23.6);(116.36, 23.2);(116.36, 23.6);(116.36, 24.0);(116.77, 23.2);(116.77, 23.6);(116.77, 24.0);(117.18, 23.2);(117.18, 23.6);(117.18, 24.0)",True
59480,2015-08-14 13:00:00,53.9,SURF,True,EXTREME_TYPE1,2830.0,10.0,10.0,"(112.68, 22.4);(112.68, 22.8);(112.68, 23.2);(113.09, 22.4);(113.09, 22.8);(113.09, 23.2);(113.5, 22.4);(113.5, 22.8);(113.5, 23.2);(113.91, 22.8)",True
59114,2015-08-14 17:00:00,64.3,SURF,True,EXTREME_TYPE1,256.0,10.0,10.0,"(115.55, 24.4);(115.55, 24.8);(115.95, 24.0);(115.95, 24.4);(115.95, 24.8);(116.36, 24.0);(116.36, 24.4);(116.36, 24.8);(116.77, 24.4);(116.77, 24.8)",True
59081,2015-08-14 19:00:00,6.9,SURF,True,,,,,,False
59288,2015-08-14 19:00:00,5.0,SURF,True,,,,,,False
59106,2015-08-19 17:00:00,50.8,SURF,True,EXTREME_TYPE1,427.0,10.0,10.0,"(115.14, 24.4);(115.14, 24.8);(115.55, 24.0);(115.55, 24.4);(115.55, 24.8);(115.95, 24.0);(115.95, 24.4);(115.95, 24.8);(116.36, 24.4);(116.36, 24.8)",True
59306,2015-08-27 19:00:00,55.4,SURF,True,EXTREME_TYPE1,1255.0,12.0,12.0,"(115.14, 23.2);(115.14, 23.6);(115.55, 22.8);(115.55, 23.2);(115.55, 23.6);(115.55, 24.0);(115.95, 22.8);(115.95, 23.2);(115.95, 23.6);(115.95, 24.0);(116.36, 23.2);(116.36, 23.6)",True
59492,2015-08-30 14:00:00,92.3,SURF,True,EXTREME_TYPE1,708.0,11.0,9.0,"(114.32, 22.4);(114.32, 22.8);(114.32, 23.2);(114.73, 22.8);(114.73, 23.2);(114.73, 23.6);(115.14, 22.8);(115.14, 23.2);(115.14, 23.6)",True
59481,2015-08-30 15:00:00,5.6,SURF,True,,,,,,False
59304,2015-08-30 16:00:00,60.9,SURF,True,EXTREME_TYPE1,830.0,9.0,8.0,"(114.73, 23.2);(114.73, 23.6);(115.14, 23.2);(115.14, 23.6);(115.14, 24.0);(115.55, 23.2);(115.55, 23.6);(115.55, 24.0)",True
59276,2015-09-01 15:00:00,21.3,SURF,True,EXTREME_TYPE1,2281.0,10.0,10.0,"(112.27, 22.8);(112.27, 23.2);(112.27, 23.6);(112.68, 22.8);(112.68, 23.2);(112.68, 23.6);(112.68, 24.0);(113.09, 22.8);(113.09, 23.2);(113.09, 23.6)",True
59303,2015-09-01 16:00:00,6.0,SURF,True,,,,,,False
59655,2015-09-01 19:00:00,21.6,SURF,True,EXTREME_TYPE1,849.0,10.0,10.0,"(110.23, 21.2);(110.23, 21.6);(110.23, 22.0);(110.64, 21.2);(110.64, 21.6);(110.64, 22.0);(110.64, 22.4);(111.05, 21.2);(111.05, 21.6);(111.05, 22.0)",True
59278,2015-09-03 04:00:00,10.4,SURF,True,,,,,,False
59493,2015-09-21 05:00:00,60.8,SURF,True,EXTREME_TYPE1,1089.0,13.0,13.0,"(113.5, 22.0);(113.5, 22.4);(113.5, 22.8);(113.91, 22.0);(113.91, 22.4);(113.91, 22.8);(113.91, 23.2);(114.32, 22.0);(114.32, 22.4);(114.32, 22.8);(114.32, 23.2);(114.73, 22.4);(114.73, 22.8)",True
59493,2015-10-04 09:00:00,32.2,SURF,True,EXTREME_TYPE1,1086.0,13.0,13.0,"(113.5, 22.0);(113.5, 22.4);(113.5, 22.8);(113.91, 22.0);(113.91, 22.4);(113.91, 22.8);(113.91, 23.2);(114.32, 22.0);(114.32, 22.4);(114.32, 22.8);(114.32, 23.2);(114.73, 22.4);(114.73, 22.8)",True
59658,2015-10-04 14:00:00,81.2,SURF,True,EXTREME_TYPE1,409.0,10.0,10.0,"(109.82, 20.8);(109.82, 21.2);(109.82, 21.6);(110.23, 20.8);(110.23, 21.2);(110.23, 21.6);(110.64, 20.8);(110.64, 21.2);(110.64, 21.6);(111.05, 21.2)",True
59456,2015-10-05 02:00:00,26.9,SURF,True,EXTREME_TYPE1,748.0,10.0,10.0,"(110.23, 22.4);(110.64, 22.0);(110.64, 22.4);(110.64, 22.8);(111.05, 22.0);(111.05, 22.4);(111.05, 22.8);(111.45, 22.0);(111.45, 22.4);(111.45, 22.8)",True
59269,2015-10-05 04:00:00,9.3,SURF,True,,,,,,False
59288,2015-10-05 09:00:00,60.2,SURF,True,EXTREME_TYPE1,2415.0,10.0,10.0,"(112.27, 23.2);(112.68, 22.8);(112.68, 23.2);(112.68, 23.6);(113.09, 22.8);(113.09, 23.2);(113.09, 23.6);(113.5, 22.8);(113.5, 23.2);(113.5, 23.6)",True
59280,2015-10-05 13:00:00,59.2,SURF,True,EXTREME_TYPE1,1131.0,10.0,10.0,"(112.68, 23.2);(112.68, 23.6);(112.68, 24.0);(113.09, 23.2);(113.09, 23.6);(113.09, 24.0);(113.09, 24.4);(113.5, 23.2);(113.5, 23.6);(113.5, 24.0)",True
59087,2015-10-05 14:00:00,1.5,SURF,True,,,,,,False
59476,2015-10-06 12:00:00,15.4,SURF,True,,,,,,False
59081,2015-10-06 16:00:00,1.2,SURF,True,,,,,,False
59653,2015-10-06 16:00:00,64.3,SURF,True,EXTREME_TYPE1,757.0,11.0,11.0,"(110.23, 21.6);(110.23, 22.0);(110.64, 21.6);(110.64, 22.0);(110.64, 22.4);(111.05, 21.6);(111.05, 22.0);(111.05, 22.4);(111.45, 21.6);(111.45, 22.0);(111.45, 22.4)",True
59655,2015-10-06 16:00:00,60.6,SURF,True,EXTREME_TYPE1,824.0,10.0,10.0,"(110.23, 21.2);(110.23, 21.6);(110.23, 22.0);(110.64, 21.2);(110.64, 21.6);(110.64, 22.0);(110.64, 22.4);(111.05, 21.2);(111.05, 21.6);(111.05, 22.0)",True
59475,2015-10-07 02:00:00,22.1,SURF,True,EXTREME_TYPE1,3305.0,9.0,9.0,"(112.27, 22.0);(112.27, 22.4);(112.27, 22.8);(112.68, 22.0);(112.68, 22.4);(112.68, 22.8);(113.09, 22.0);(113.09, 22.4);(113.09, 22.8)",True
59663,2015-10-07 04:00:00,31.9,SURF,True,EXTREME_TYPE1,786.0,11.0,11.0,"(111.45, 21.6);(111.45, 22.0);(111.86, 21.2);(111.86, 21.6);(111.86, 22.0);(111.86, 22.4);(112.27, 21.6);(112.27, 22.0);(112.27, 22.4);(112.68, 21.6);(112.68, 22.0)",True
59279,2015-10-07 14:00:00,10.1,SURF,True,,,,,,False
59081,2015-11-01 07:00:00,4.4,SURF,True,,,,,,False
G4507,2015-11-01 15:00:00,22.3,AWST,False,FALSE,192.0,12.0,0.0,,True
G4507,2015-11-01 17:00:00,191.2,AWST,False,FALSE,193.0,12.0,0.0,,True
59088,2015-11-10 07:00:00,2.8,SURF,True,,,,,,False
59650,2015-11-13 00:00:00,59.7,SURF,True,EXTREME_TYPE1,719.0,11.0,8.0,"(109.82, 21.6);(109.82, 22.0);(110.23, 21.2);(110.23, 21.6);(110.23, 22.0);(110.64, 21.2);(110.64, 21.6);(110.64, 22.0)",True
59087,2015-11-13 09:00:00,6.0,SURF,True,,,,,,False
59493,2015-11-13 16:00:00,3.1,SURF,True,,,,,,False
59754,2015-11-14 05:00:00,53.7,SURF,True,EXTREME_TYPE1,332.0,5.0,5.0,"(109.82, 20.4);(109.82, 20.8);(110.23, 20.4);(110.23, 20.8);(110.64, 20.8)",True
57988,2015-11-21 11:00:00,1.2,SURF,True,,,,,,False
59290,2015-12-03 11:00:00,1.3,SURF,True,,,,,,False
59477,2015-12-05 12:00:00,10.5,SURF,True,,,,,,False
59493,2015-12-05 14:00:00,1.7,SURF,True,,,,,,False
59082,2015-12-09 04:00:00,1.6,SURF,True,,,,,,False
57989,2015-12-13 10:00:00,1.1,SURF,True,,,,,,False
59324,2016-01-03 14:00:00,1.5,SURF,True,,,,,,False
59480,2016-01-05 10:00:00,13.6,SURF,True,,,,,,False
59289,2016-01-05 14:00:00,17.7,SURF,True,,,,,,False
59304,2016-01-05 17:00:00,5.4,SURF,True,,,,,,False
59469,2016-01-22 10:00:00,16.5,SURF,True,,,,,,False
59289,2016-01-26 19:00:00,1.5,SURF,True,,,,,,False
59318,2016-01-27 12:00:00,1.1,SURF,True,,,,,,False
59656,2016-01-28 04:00:00,32.8,SURF,True,EXTREME_TYPE1,596.0,11.0,11.0,"(110.23, 21.2);(110.23, 21.6);(110.64, 20.8);(110.64, 21.2);(110.64, 21.6);(110.64, 22.0);(111.05, 21.2);(111.05, 21.6);(111.05, 22.0);(111.45, 21.2);(111.45, 21.6)",True
59654,2016-01-28 11:00:00,13.5,SURF,True,,,,,,False
59653,2016-01-28 12:00:00,18.2,SURF,True,,,,,,False
59475,2016-01-28 21:00:00,7.1,SURF,True,,,,,,False
59285,2016-01-28 22:00:00,8.5,SURF,True,,,,,,False
59312,2016-02-01 11:00:00,3.1,SURF,True,,,,,,False
59289,2016-03-09 12:00:00,10.7,SURF,True,,,,,,False
59319,2016-03-13 04:00:00,1.3,SURF,True,,,,,,False
59475,2016-03-19 18:00:00,6.0,SURF,True,,,,,,False
59297,2016-03-21 04:00:00,22.7,SURF,True,EXTREME_TYPE1,788.0,10.0,10.0,"(113.5, 23.2);(113.91, 22.8);(113.91, 23.2);(113.91, 23.6);(114.32, 22.8);(114.32, 23.2);(114.32, 23.6);(114.73, 22.8);(114.73, 23.2);(114.73, 23.6)",True
59663,2016-03-21 17:00:00,6.1,SURF,True,,,,,,False
59485,2016-03-24 07:00:00,4.7,SURF,True,,,,,,False
59293,2016-04-04 12:00:00,5.0,SURF,True,,,,,,False
59473,2016-04-10 09:00:00,17.2,SURF,True,,,,,,False
59501,2016-04-10 11:00:00,53.0,SURF,True,EXTREME_TYPE1,1075.0,12.0,12.0,"(114.73, 22.4);(114.73, 22.8);(114.73, 23.2);(115.14, 22.4);(115.14, 22.8);(115.14, 23.2);(115.55, 22.4);(115.55, 22.8);(115.55, 23.2);(115.95, 22.4);(115.95, 22.8);(115.95, 23.2)",True
59298,2016-04-10 15:00:00,3.0,SURF,True,,,,,,False
59473,2016-04-13 06:00:00,18.0,SURF,True,,,,,,False
59072,2016-04-14 08:00:00,16.0,SURF,True,,,,,,False
59099,2016-04-15 10:00:00,50.7,SURF,True,EXTREME_TYPE1,441.0,10.0,10.0,"(114.32, 24.4);(114.32, 24.8);(114.73, 24.0);(114.73, 24.4);(114.73, 24.8);(115.14, 24.0);(115.14, 24.4);(115.14, 24.8);(115.55, 24.4);(115.55, 24.8)",True
59293,2016-04-15 11:00:00,20.1,SURF,True,EXTREME_TYPE1,545.0,11.0,11.0,"(114.32, 23.2);(114.32, 23.6);(114.32, 24.0);(114.73, 23.2);(114.73, 23.6);(114.73, 24.0);(114.73, 24.4);(115.14, 23.2);(115.14, 23.6);(115.14, 24.0);(115.14, 24.4)",True
59099,2016-04-18 01:00:00,5.7,SURF,True,,,,,,False
59654,2016-04-20 12:00:00,18.6,SURF,True,,,,,,False
59269,2016-04-20 13:00:00,6.5,SURF,True,,,,,,False
59469,2016-04-20 15:00:00,54.4,SURF,True,EXTREME_TYPE1,1224.0,11.0,11.0,"(111.05, 22.0);(111.45, 21.6);(111.45, 22.0);(111.45, 22.4);(111.86, 21.6);(111.86, 22.0);(111.86, 22.4);(111.86, 22.8);(112.27, 21.6);(112.27, 22.0);(112.27, 22.4)",True
59318,2016-04-23 19:00:00,53.9,SURF,True,EXTREME_TYPE1,536.0,12.0,12.0,"(115.95, 23.2);(115.95, 23.6);(116.36, 22.8);(116.36, 23.2);(116.36, 23.6);(116.36, 24.0);(116.77, 22.8);(116.77, 23.2);(116.77, 23.6);(116.77, 24.0);(117.18, 23.2);(117.18, 23.6)",True
59106,2016-04-25 21:00:00,18.8,SURF,True,,,,,,False
59270,2016-04-26 15:00:00,26.5,SURF,True,EXTREME_TYPE1,727.0,10.0,10.0,"(111.45, 24.0);(111.86, 23.6);(111.86, 24.0);(111.86, 24.4);(112.27, 23.6);(112.27, 24.0);(112.27, 24.4);(112.68, 23.6);(112.68, 24.0);(112.68, 24.4)",True
59099,2016-04-26 18:00:00,11.4,SURF,True,,,,,,False
59107,2016-04-26 20:00:00,3.0,SURF,True,,,,,,False
59478,2016-04-27 22:00:00,21.4,SURF,True,EXTREME_TYPE1,2303.0,12.0,12.0,"(112.27, 22.0);(112.27, 22.4);(112.68, 21.6);(112.68, 22.0);(112.68, 22.4);(112.68, 22.8);(113.09, 21.6);(113.09, 22.0);(113.09, 22.4);(113.09, 22.8);(113.5, 22.0);(113.5, 22.4)",True
59107,2016-05-01 01:00:00,13.4,SURF,True,,,,,,False
59658,2016-05-03 16:00:00,46.8,SURF,True,EXTREME_TYPE1,479.0,10.0,9.0,"(109.82, 20.8);(109.82, 21.2);(109.82, 21.6);(110.23, 20.8);(110.23, 21.2);(110.23, 21.6);(110.64, 20.8);(110.64, 21.2);(110.64, 21.6)",True
59487,2016-05-03 19:00:00,56.0,SURF,True,EXTREME_TYPE1,1788.0,12.0,12.0,"(112.68, 22.0);(112.68, 22.4);(113.09, 21.6);(113.09, 22.0);(113.09, 22.4);(113.09, 22.8);(113.5, 21.6);(113.5, 22.0);(113.5, 22.4);(113.5, 22.8);(113.91, 22.0);(113.91, 22.4)",True
59280,2016-05-04 22:00:00,39.4,SURF,True,EXTREME_TYPE1,1169.0,10.0,10.0,"(112.68, 23.2);(112.68, 23.6);(112.68, 24.0);(113.09, 23.2);(113.09, 23.6);(113.09, 24.0);(113.09, 24.4);(113.5, 23.2);(113.5, 23.6);(113.5, 24.0)",True
59094,2016-05-06 17:00:00,15.9,SURF,True,,,,,,False
59298,2016-05-06 21:00:00,8.8,SURF,True,,,,,,False
59493,2016-05-10 07:00:00,57.8,SURF,True,EXTREME_TYPE1,1099.0,13.0,13.0,"(113.5, 22.0);(113.5, 22.4);(113.5, 22.8);(113.91, 22.0);(113.91, 22.4);(113.91, 22.8);(113.91, 23.2);(114.32, 22.0);(114.32, 22.4);(114.32, 22.8);(114.32, 23.2);(114.73, 22.4);(114.73, 22.8)",True
59294,2016-05-10 09:00:00,5.2,SURF,True,,,,,,False
59289,2016-05-10 15:00:00,4.9,SURF,True,,,,,,False
G6551,2016-05-11 01:00:00,4.1,AWST,False,,,,,,False
G6551,2016-05-11 09:00:00,2.6,AWST,False,,,,,,False
G6551,2016-05-11 15:00:00,12.7,AWST,False,,,,,,False
G6551,2016-05-11 16:00:00,7.1,AWST,False,,,,,,False
59074,2016-05-14 09:00:00,4.3,SURF,True,,,,,,False
59288,2016-05-15 18:00:00,31.2,SURF,True,EXTREME_TYPE1,2446.0,10.0,10.0,"(112.27, 23.2);(112.68, 22.8);(112.68, 23.2);(112.68, 23.6);(113.09, 22.8);(113.09, 23.2);(113.09, 23.6);(113.5, 22.8);(113.5, 23.2);(113.5, 23.6)",True
59107,2016-05-15 20:00:00,1.6,SURF,True,,,,,,False
59673,2016-05-19 10:00:00,13.0,SURF,True,,,,,,False
59663,2016-05-20 17:00:00,53.5,SURF,True,EXTREME_TYPE1,936.0,11.0,11.0,"(111.45, 21.6);(111.45, 22.0);(111.86, 21.2);(111.86, 21.6);(111.86, 22.0);(111.86, 22.4);(112.27, 21.6);(112.27, 22.0);(112.27, 22.4);(112.68, 21.6);(112.68, 22.0)",True
59500,2016-05-21 15:00:00,21.6,SURF,True,EXTREME_TYPE1,1078.0,12.0,12.0,"(114.73, 22.8);(114.73, 23.2);(115.14, 22.4);(115.14, 22.8);(115.14, 23.2);(115.14, 23.6);(115.55, 22.4);(115.55, 22.8);(115.55, 23.2);(115.55, 23.6);(115.95, 22.8);(115.95, 23.2)",True
G1222,2016-05-22 22:00:00,29.8,AWST,False,FALSE,1814.0,9.0,0.0,,True
G1222,2016-05-23 00:00:00,35.3,AWST,False,FALSE,1816.0,9.0,0.0,,True
G1222,2016-05-23 01:00:00,194.1,AWST,False,FALSE,1817.0,9.0,0.0,,True
G1222,2016-05-23 03:00:00,123.3,AWST,False,FALSE,1816.0,9.0,0.0,,True
G1222,2016-05-23 09:00:00,2.3,AWST,False,,,,,,False
59116,2016-05-23 22:00:00,11.4,SURF,True,,,,,,False
59289,2016-05-28 06:00:00,40.3,SURF,True,EXTREME_TYPE1,1847.0,12.0,12.0,"(113.09, 22.8);(113.09, 23.2);(113.5, 22.4);(113.5, 22.8);(113.5, 23.2);(113.5, 23.6);(113.91, 22.4);(113.91, 22.8);(113.91, 23.2);(113.91, 23.6);(114.32, 22.8);(114.32, 23.2)",True
59276,2016-06-04 13:00:00,2.3,SURF,True,,,,,,False
59312,2016-06-06 04:00:00,52.4,SURF,True,EXTREME_TYPE1,483.0,10.0,10.0,"(115.95, 23.6);(116.36, 23.2);(116.36, 23.6);(116.36, 24.0);(116.77, 23.2);(116.77, 23.6);(116.77, 24.0);(117.18, 23.2);(117.18, 23.6);(117.18, 24.0)",True
59487,2016-06-07 16:00:00,36.0,SURF,True,EXTREME_TYPE1,1796.0,12.0,11.0,"(112.68, 22.0);(112.68, 22.4);(113.09, 22.0);(113.09, 22.4);(113.09, 22.8);(113.5, 21.6);(113.5, 22.0);(113.5, 22.4);(113.5, 22.8);(113.91, 22.0);(113.91, 22.4)",True
59658,2016-06-07 16:00:00,33.8,SURF,True,EXTREME_TYPE1,436.0,10.0,10.0,"(109.82, 20.8);(109.82, 21.2);(109.82, 21.6);(110.23, 20.8);(110.23, 21.2);(110.23, 21.6);(110.64, 20.8);(110.64, 21.2);(110.64, 21.6);(111.05, 21.2)",True
59480,2016-06-07 17:00:00,54.0,SURF,True,EXTREME_TYPE1,2829.0,10.0,10.0,"(112.68, 22.4);(112.68, 22.8);(112.68, 23.2);(113.09, 22.4);(113.09, 22.8);(113.09, 23.2);(113.5, 22.4);(113.5, 22.8);(113.5, 23.2);(113.91, 22.8)",True
59456,2016-06-07 20:00:00,50.7,SURF,True,EXTREME_TYPE1,679.0,10.0,9.0,"(110.64, 22.0);(110.64, 22.4);(110.64, 22.8);(111.05, 22.0);(111.05, 22.4);(111.05, 22.8);(111.45, 22.0);(111.45, 22.4);(111.45, 22.8)",True
59287,2016-06-08 06:00:00,51.5,SURF,True,EXTREME_TYPE1,1718.0,9.0,9.0,"(113.09, 22.8);(113.09, 23.2);(113.09, 23.6);(113.5, 22.8);(113.5, 23.2);(113.5, 23.6);(113.91, 22.8);(113.91, 23.2);(113.91, 23.6)",True
59297,2016-06-08 09:00:00,5.1,SURF,True,,,,,,False
59315,2016-06-08 15:00:00,70.2,SURF,True,EXTREME_TYPE1,531.0,10.0,10.0,"(115.95, 23.2);(115.95, 23.6);(115.95, 24.0);(116.36, 23.2);(116.36, 23.6);(116.36, 24.0);(116.77, 23.2);(116.77, 23.6);(116.77, 24.0);(117.18, 23.6)",True
59500,2016-06-08 20:00:00,12.5,SURF,True,,,,,,False
59500,2016-06-08 21:00:00,53.0,SURF,True,EXTREME_TYPE1,1067.0,12.0,12.0,"(114.73, 22.8);(114.73, 23.2);(115.14, 22.4);(115.14, 22.8);(115.14, 23.2);(115.14, 23.6);(115.55, 22.4);(115.55, 22.8);(115.55, 23.2);(115.55, 23.6);(115.95, 22.8);(115.95, 23.2)",True
59290,2016-06-09 03:00:00,50.9,SURF,True,EXTREME_TYPE1,703.0,11.0,11.0,"(113.5, 23.6);(113.91, 23.2);(113.91, 23.6);(113.91, 24.0);(113.91, 24.4);(114.32, 23.2);(114.32, 23.6);(114.32, 24.0);(114.32, 24.4);(114.73, 23.6);(114.73, 24.0)",True
59500,2016-06-11 01:00:00,7.0,SURF,True,,,,,,False
59501,2016-06-12 02:00:00,23.1,SURF,True,EXTREME_TYPE1,1070.0,12.0,12.0,"(114.73, 22.4);(114.73, 22.8);(114.73, 23.2);(115.14, 22.4);(115.14, 22.8);(115.14, 23.2);(115.55, 22.4);(115.55, 22.8);(115.55, 23.2);(115.95, 22.4);(115.95, 22.8);(115.95, 23.2)",True
59287,2016-06-13 03:00:00,22.6,SURF,True,EXTREME_TYPE1,1832.0,9.0,9.0,"(113.09, 22.8);(113.09, 23.2);(113.09, 23.6);(113.5, 22.8);(113.5, 23.2);(113.5, 23.6);(113.91, 22.8);(113.91, 23.2);(113.91, 23.6)",True
59502,2016-06-13 06:00:00,40.0,SURF,True,EXTREME_TYPE1,1022.0,12.0,12.0,"(115.14, 22.8);(115.14, 23.2);(115.55, 22.4);(115.55, 22.8);(115.55, 23.2);(115.55, 23.6);(115.95, 22.4);(115.95, 22.8);(115.95, 23.2);(115.95, 23.6);(116.36, 22.8);(116.36, 23.2)",True
59493,2016-06-17 07:00:00,11.7,SURF,True,,,,,,False
59269,2016-06-17 17:00:00,5.5,SURF,True,,,,,,False
59487,2016-06-28 08:00:00,29.7,SURF,True,EXTREME_TYPE1,1813.0,12.0,12.0,"(112.68, 22.0);(112.68, 22.4);(113.09, 21.6);(113.09, 22.0);(113.09, 22.4);(113.09, 22.8);(113.5, 21.6);(113.5, 22.0);(113.5, 22.4);(113.5, 22.8);(113.91, 22.0);(113.91, 22.4)",True
59653,2016-06-30 21:00:00,12.3,SURF,True,,,,,,False
59477,2016-07-01 11:00:00,21.7,SURF,True,EXTREME_TYPE1,2836.0,10.0,10.0,"(111.86, 22.0);(111.86, 22.4);(111.86, 22.8);(112.27, 21.6);(112.27, 22.0);(112.27, 22.4);(112.27, 22.8);(112.68, 22.0);(112.68, 22.4);(112.68, 22.8)",True
59654,2016-07-01 18:00:00,23.3,SURF,True,EXTREME_TYPE1,742.0,10.0,10.0,"(109.82, 21.2);(109.82, 21.6);(109.82, 22.0);(110.23, 21.2);(110.23, 21.6);(110.23, 22.0);(110.64, 21.2);(110.64, 21.6);(110.64, 22.0);(111.05, 21.6)",True
59485,2016-07-04 21:00:00,1.0,SURF,True,,,,,,False
59654,2016-07-05 11:00:00,54.5,SURF,True,EXTREME_TYPE1,738.0,10.0,10.0,"(109.82, 21.2);(109.82, 21.6);(109.82, 22.0);(110.23, 21.2);(110.23, 21.6);(110.23, 22.0);(110.64, 21.2);(110.64, 21.6);(110.64, 22.0);(111.05, 21.6)",True
59074,2016-07-10 16:00:00,18.1,SURF,True,,,,,,False
59487,2016-07-11 17:00:00,55.8,SURF,True,EXTREME_TYPE1,1805.0,12.0,11.0,"(112.68, 22.0);(112.68, 22.4);(113.09, 21.6);(113.09, 22.0);(113.09, 22.4);(113.09, 22.8);(113.5, 21.6);(113.5, 22.0);(113.5, 22.4);(113.5, 22.8);(113.91, 22.4)",True
59475,2016-07-13 06:00:00,28.1,SURF,True,EXTREME_TYPE1,3513.0,9.0,9.0,"(112.27, 22.0);(112.27, 22.4);(112.27, 22.8);(112.68, 22.0);(112.68, 22.4);(112.68, 22.8);(113.09, 22.0);(113.09, 22.4);(113.09, 22.8)",True
59480,2016-07-14 14:00:00,11.9,SURF,True,,,,,,False
59278,2016-07-30 19:00:00,23.9,SURF,True,EXTREME_TYPE1,3351.0,12.0,12.0,"(111.86, 22.8);(111.86, 23.2);(112.27, 22.4);(112.27, 22.8);(112.27, 23.2);(112.27, 23.6);(112.68, 22.4);(112.68, 22.8);(112.68, 23.2);(112.68, 23.6);(113.09, 22.8);(113.09, 23.2)",True
59478,2016-08-01 20:00:00,26.1,SURF,True,EXTREME_TYPE1,2354.0,12.0,12.0,"(112.27, 22.0);(112.27, 22.4);(112.68, 21.6);(112.68, 22.0);(112.68, 22.4);(112.68, 22.8);(113.09, 21.6);(113.09, 22.0);(113.09, 22.4);(113.09, 22.8);(113.5, 22.0);(113.5, 22.4)",True
59278,2016-08-02 05:00:00,1.6,SURF,True,,,,,,False
59289,2016-08-02 07:00:00,21.4,SURF,True,EXTREME_TYPE1,1797.0,12.0,12.0,"(113.09, 22.8);(113.09, 23.2);(113.5, 22.4);(113.5, 22.8);(113.5, 23.2);(113.5, 23.6);(113.91, 22.4);(113.91, 22.8);(113.91, 23.2);(113.91, 23.6);(114.32, 22.8);(114.32, 23.2)",True
59476,2016-08-02 07:00:00,21.7,SURF,True,EXTREME_TYPE1,3755.0,11.0,11.0,"(112.27, 22.4);(112.68, 22.0);(112.68, 22.4);(112.68, 22.8);(113.09, 22.0);(113.09, 22.4);(113.09, 22.8);(113.09, 23.2);(113.5, 22.0);(113.5, 22.4);(113.5, 22.8)",True
59750,2016-08-02 08:00:00,64.7,SURF,True,EXTREME_TYPE1,591.0,11.0,11.0,"(109.41, 21.2);(109.82, 20.4);(109.82, 20.8);(109.82, 21.2);(109.82, 21.6);(110.23, 20.4);(110.23, 20.8);(110.23, 21.2);(110.23, 21.6);(110.64, 20.8);(110.64, 21.2)",True
59673,2016-08-02 10:00:00,103.0,SURF,True,EXTREME_TYPE1,153.0,8.0,8.0,"(112.27, 21.6);(112.27, 22.0);(112.68, 21.6);(112.68, 22.0);(112.68, 22.4);(113.09, 21.6);(113.09, 22.0);(113.5, 21.6)",True
59285,2016-08-02 11:00:00,2.7,SURF,True,,,,,,False
59481,2016-08-03 00:00:00,58.4,SURF,True,EXTREME_TYPE1,3067.0,12.0,12.0,"(112.68, 22.8);(112.68, 23.2);(113.09, 22.4);(113.09, 22.8);(113.09, 23.2);(113.09, 23.6);(113.5, 22.4);(113.5, 22.8);(113.5, 23.2);(113.5, 23.6);(113.91, 22.8);(113.91, 23.2)",True
59280,2016-08-03 04:00:00,16.4,SURF,True,,,,,,False
59288,2016-08-03 13:00:00,83.9,SURF,True,EXTREME_TYPE1,2524.0,10.0,10.0,"(112.27, 23.2);(112.68, 22.8);(112.68, 23.2);(112.68, 23.6);(113.09, 22.8);(113.09, 23.2);(113.09, 23.6);(113.5, 22.8);(113.5, 23.2);(113.5, 23.6)",True
59075,2016-08-04 17:00:00,16.7,SURF,True,,,,,,False
59493,2016-08-10 07:00:00,35.2,SURF,True,EXTREME_TYPE1,1090.0,13.0,13.0,"(113.5, 22.0);(113.5, 22.4);(113.5, 22.8);(113.91, 22.0);(113.91, 22.4);(113.91, 22.8);(113.91, 23.2);(114.32, 22.0);(114.32, 22.4);(114.32, 22.8);(114.32, 23.2);(114.73, 22.4);(114.73, 22.8)",True
59650,2016-08-11 13:00:00,101.4,SURF,True,EXTREME_TYPE2,666.0,11.0,2.0,"(110.23, 20.8);(110.64, 20.8)",True
59317,2016-08-11 16:00:00,24.1,SURF,True,EXTREME_TYPE1,733.0,9.0,9.0,"(115.95, 22.4);(115.95, 22.8);(115.95, 23.2);(115.95, 23.6);(116.36, 22.8);(116.36, 23.2);(116.36, 23.6);(116.77, 22.8);(116.77, 23.2)",True
59285,2016-08-12 10:00:00,65.5,SURF,True,EXTREME_TYPE1,1157.0,10.0,10.0,"(113.09, 23.2);(113.09, 23.6);(113.09, 24.0);(113.5, 23.2);(113.5, 23.6);(113.5, 24.0);(113.91, 23.2);(113.91, 23.6);(113.91, 24.0);(114.32, 23.6)",True
59285,2016-08-12 11:00:00,39.3,SURF,True,EXTREME_TYPE1,1157.0,10.0,10.0,"(113.09, 23.2);(113.09, 23.6);(113.09, 24.0);(113.5, 23.2);(113.5, 23.6);(113.5, 24.0);(113.91, 23.2);(113.91, 23.6);(113.91, 24.0);(114.32, 23.6)",True
59297,2016-08-12 12:00:00,52.8,SURF,True,EXTREME_TYPE1,773.0,10.0,9.0,"(113.5, 23.2);(113.91, 22.8);(113.91, 23.2);(113.91, 23.6);(114.32, 22.8);(114.32, 23.2);(114.32, 23.6);(114.73, 23.2);(114.73, 23.6)",True
59088,2016-08-12 17:00:00,50.7,SURF,True,EXTREME_TYPE1,696.0,12.0,12.0,"(112.68, 24.0);(112.68, 24.4);(113.09, 23.6);(113.09, 24.0);(113.09, 24.4);(113.09, 24.8);(113.5, 23.6);(113.5, 24.0);(113.5, 24.4);(113.5, 24.8);(113.91, 24.0);(113.91, 24.4)",True
59081,2016-08-13 23:00:00,22.4,SURF,True,EXTREME_TYPE1,542.0,12.0,12.0,"(112.68, 24.4);(112.68, 24.8);(112.68, 25.2);(113.09, 24.4);(113.09, 24.8);(113.09, 25.2);(113.5, 24.4);(113.5, 24.8);(113.5, 25.2);(113.91, 24.4);(113.91, 24.8);(113.91, 25.2)",True
59480,2016-08-14 01:00:00,13.0,SURF,True,,,,,,False
59471,2016-08-14 12:00:00,58.4,SURF,True,EXTREME_TYPE1,2408.0,12.0,12.0,"(111.45, 22.8);(111.45, 23.2);(111.86, 22.4);(111.86, 22.8);(111.86, 23.2);(111.86, 23.6);(112.27, 22.4);(112.27, 22.8);(112.27, 23.2);(112.27, 23.6);(112.68, 22.8);(112.68, 23.2)",True
59650,2016-08-14 17:00:00,61.6,SURF,True,EXTREME_TYPE1,667.0,11.0,11.0,"(109.82, 21.2);(109.82, 21.6);(109.82, 22.0);(110.23, 20.8);(110.23, 21.2);(110.23, 21.6);(110.23, 22.0);(110.64, 20.8);(110.64, 21.2);(110.64, 21.6);(110.64, 22.0)",True
59673,2016-08-16 04:00:00,15.2,SURF,True,,,,,,False
59488,2016-08-18 02:00:00,1.9,SURF,True,,,,,,False
59475,2016-08-19 01:00:00,1.9,SURF,True,,,,,,False
59663,2016-08-21 14:00:00,6.5,SURF,True,,,,,,False
59287,2016-08-26 17:00:00,71.6,SURF,True,EXTREME_TYPE1,1739.0,9.0,9.0,"(113.09, 22.8);(113.09, 23.2);(113.09, 23.6);(113.5, 22.8);(113.5, 23.2);(113.5, 23.6);(113.91, 22.8);(113.91, 23.2);(113.91, 23.6)",True
59114,2016-08-26 18:00:00,21.8,SURF,True,EXTREME_TYPE1,266.0,10.0,10.0,"(115.55, 24.4);(115.55, 24.8);(115.95, 24.0);(115.95, 24.4);(115.95, 24.8);(116.36, 24.0);(116.36, 24.4);(116.36, 24.8);(116.77, 24.4);(116.77, 24.8)",True
59289,2016-08-26 18:00:00,31.2,SURF,True,EXTREME_TYPE1,1809.0,12.0,12.0,"(113.09, 22.8);(113.09, 23.2);(113.5, 22.4);(113.5, 22.8);(113.5, 23.2);(113.5, 23.6);(113.91, 22.4);(113.91, 22.8);(113.91, 23.2);(113.91, 23.6);(114.32, 22.8);(114.32, 23.2)",True
59485,2016-08-26 19:00:00,57.4,SURF,True,EXTREME_TYPE1,2808.0,12.0,12.0,"(112.68, 22.4);(112.68, 22.8);(113.09, 22.0);(113.09, 22.4);(113.09, 22.8);(113.5, 22.0);(113.5, 22.4);(113.5, 22.8);(113.5, 23.2);(113.91, 22.0);(113.91, 22.4);(113.91, 22.8)",True
59090,2016-08-26 21:00:00,3.7,SURF,True,,,,,,False
59750,2016-08-27 01:00:00,50.7,SURF,True,EXTREME_TYPE1,579.0,11.0,11.0,"(109.41, 21.2);(109.82, 20.4);(109.82, 20.8);(109.82, 21.2);(109.82, 21.6);(110.23, 20.4);(110.23, 20.8);(110.23, 21.2);(110.23, 21.6);(110.64, 20.8);(110.64, 21.2)",True
59500,2016-08-28 00:00:00,18.2,SURF,True,,,,,,False
59117,2016-09-03 21:00:00,14.0,SURF,True,,,,,,False
59288,2016-09-04 20:00:00,71.9,SURF,True,EXTREME_TYPE1,2488.0,10.0,10.0,"(112.27, 23.2);(112.68, 22.8);(112.68, 23.2);(112.68, 23.6);(113.09, 22.8);(113.09, 23.2);(113.09, 23.6);(113.5, 22.8);(113.5, 23.2);(113.5, 23.6)",True
59269,2016-09-04 21:00:00,6.5,SURF,True,,,,,,False
59107,2016-09-06 19:00:00,43.4,SURF,True,EXTREME_TYPE1,778.0,12.0,12.0,"(114.73, 23.6);(114.73, 24.0);(114.73, 24.4);(115.14, 23.6);(115.14, 24.0);(115.14, 24.4);(115.14, 24.8);(115.55, 23.6);(115.55, 24.0);(115.55, 24.4);(115.95, 24.0);(115.95, 24.4)",True
59485,2016-09-07 14:00:00,42.3,SURF,True,EXTREME_TYPE1,2909.0,12.0,12.0,"(112.68, 22.4);(112.68, 22.8);(113.09, 22.0);(113.09, 22.4);(113.09, 22.8);(113.5, 22.0);(113.5, 22.4);(113.5, 22.8);(113.5, 23.2);(113.91, 22.0);(113.91, 22.4);(113.91, 22.8)",True
59655,2016-09-07 16:00:00,59.0,SURF,True,EXTREME_TYPE1,880.0,10.0,10.0,"(110.23, 21.2);(110.23, 21.6);(110.23, 22.0);(110.64, 21.2);(110.64, 21.6);(110.64, 22.0);(110.64, 22.4);(111.05, 21.2);(111.05, 21.6);(111.05, 22.0)",True
59653,2016-09-07 17:00:00,50.0,SURF,True,EXTREME_TYPE1,818.0,11.0,11.0,"(110.23, 21.6);(110.23, 22.0);(110.64, 21.6);(110.64, 22.0);(110.64, 22.4);(111.05, 21.6);(111.05, 22.0);(111.05, 22.4);(111.45, 21.6);(111.45, 22.0);(111.45, 22.4)",True
59290,2016-09-07 21:00:00,20.9,SURF,True,EXTREME_TYPE1,718.0,11.0,11.0,"(113.5, 23.6);(113.91, 23.2);(113.91, 23.6);(113.91, 24.0);(113.91, 24.4);(114.32, 23.2);(114.32, 23.6);(114.32, 24.0);(114.32, 24.4);(114.73, 23.6);(114.73, 24.0)",True
59500,2016-09-09 13:00:00,8.4,SURF,True,,,,,,False
59653,2016-09-10 12:00:00,1.2,SURF,True,,,,,,False
59271,2016-09-10 14:00:00,7.7,SURF,True,,,,,,False
59492,2016-09-12 20:00:00,21.6,SURF,True,EXTREME_TYPE1,744.0,11.0,11.0,"(114.32, 22.4);(114.32, 22.8);(114.32, 23.2);(114.32, 23.6);(114.73, 22.4);(114.73, 22.8);(114.73, 23.2);(114.73, 23.6);(115.14, 22.8);(115.14, 23.2);(115.14, 23.6)",True
59312,2016-09-28 14:00:00,2.2,SURF,True,,,,,,False
59116,2016-09-30 13:00:00,10.6,SURF,True,,,,,,False
59650,2016-10-02 18:00:00,32.8,SURF,True,EXTREME_TYPE1,752.0,11.0,10.0,"(109.82, 21.2);(109.82, 21.6);(110.23, 20.8);(110.23, 21.2);(110.23, 21.6);(110.23, 22.0);(110.64, 20.8);(110.64, 21.2);(110.64, 21.6);(110.64, 22.0)",True
59097,2016-10-02 19:00:00,28.8,SURF,True,EXTREME_TYPE1,557.0,10.0,10.0,"(113.5, 24.0);(113.91, 23.6);(113.91, 24.0);(113.91, 24.4);(114.32, 23.6);(114.32, 24.0);(114.32, 24.4);(114.73, 23.6);(114.73, 24.0);(114.73, 24.4)",True
59285,2016-10-02 19:00:00,35.1,SURF,True,EXTREME_TYPE1,1159.0,10.0,10.0,"(113.09, 23.2);(113.09, 23.6);(113.09, 24.0);(113.5, 23.2);(113.5, 23.6);(113.5, 24.0);(113.91, 23.2);(113.91, 23.6);(113.91, 24.0);(114.32, 23.6)",True
59088,2016-10-18 07:00:00,5.0,SURF,True,,,,,,False
59487,2016-10-18 14:00:00,5.1,SURF,True,,,,,,False
59658,2016-10-18 20:00:00,7.3,SURF,True,,,,,,False
59264,2016-10-19 11:00:00,3.7,SURF,True,,,,,,False
59310,2016-10-24 18:00:00,2.1,SURF,True,,,,,,False
59081,2016-11-20 14:00:00,21.5,SURF,True,EXTREME_TYPE1,550.0,12.0,12.0,"(112.68, 24.4);(112.68, 24.8);(112.68, 25.2);(113.09, 24.4);(113.09, 24.8);(113.09, 25.2);(113.5, 24.4);(113.5, 24.8);(113.5, 25.2);(113.91, 24.4);(113.91, 24.8);(113.91, 25.2)",True
59290,2016-11-20 19:00:00,56.9,SURF,True,EXTREME_TYPE1,711.0,11.0,11.0,"(113.5, 23.6);(113.91, 23.2);(113.91, 23.6);(113.91, 24.0);(113.91, 24.4);(114.32, 23.2);(114.32, 23.6);(114.32, 24.0);(114.32, 24.4);(114.73, 23.6);(114.73, 24.0)",True
59278,2016-11-21 00:00:00,5.0,SURF,True,,,,,,False
59481,2016-11-22 21:00:00,1.7,SURF,True,,,,,,False
59280,2016-11-26 07:00:00,5.3,SURF,True,,,,,,False
59290,2016-11-26 09:00:00,8.2,SURF,True,,,,,,False
59107,2016-11-26 16:00:00,5.0,SURF,True,,,,,,False
59313,2017-02-22 08:00:00,7.0,SURF,True,,,,,,False
59306,2017-03-08 04:00:00,2.7,SURF,True,,,,,,False
57988,2017-03-10 11:00:00,1.2,SURF,True,,,,,,False
59280,2017-03-18 04:00:00,5.4,SURF,True,,,,,,False
59659,2017-03-19 05:00:00,8.7,SURF,True,,,,,,False
59074,2017-03-31 02:00:00,27.9,SURF,True,EXTREME_TYPE1,685.0,9.0,9.0,"(111.86, 24.0);(111.86, 24.4);(111.86, 24.8);(112.27, 24.0);(112.27, 24.4);(112.27, 24.8);(112.27, 25.2);(112.68, 24.4);(112.68, 24.8)",True
59470,2017-04-19 16:00:00,5.4,SURF,True,,,,,,False
59285,2017-04-19 17:00:00,1.9,SURF,True,,,,,,False
59285,2017-04-26 16:00:00,91.7,SURF,True,EXTREME_TYPE1,1201.0,10.0,10.0,"(113.09, 23.2);(113.09, 23.6);(113.09, 24.0);(113.5, 23.2);(113.5, 23.6);(113.5, 24.0);(113.91, 23.2);(113.91, 23.6);(113.91, 24.0);(114.32, 23.6)",True
59116,2017-05-02 02:00:00,7.4,SURF,True,,,,,,False
59659,2017-05-04 04:00:00,14.6,SURF,True,,,,,,False
59653,2017-05-04 08:00:00,52.3,SURF,True,EXTREME_TYPE1,833.0,11.0,11.0,"(110.23, 21.6);(110.23, 22.0);(110.64, 21.6);(110.64, 22.0);(110.64, 22.4);(111.05, 21.6);(111.05, 22.0);(111.05, 22.4);(111.45, 21.6);(111.45, 22.0);(111.45, 22.4)",True
59658,2017-05-04 09:00:00,64.2,SURF,True,EXTREME_TYPE1,482.0,10.0,10.0,"(109.82, 20.8);(109.82, 21.2);(109.82, 21.6);(110.23, 20.8);(110.23, 21.2);(110.23, 21.6);(110.64, 20.8);(110.64, 21.2);(110.64, 21.6);(111.05, 21.2)",True
59487,2017-05-04 10:00:00,63.6,SURF,True,EXTREME_TYPE1,1910.0,12.0,12.0,"(112.68, 22.0);(112.68, 22.4);(113.09, 21.6);(113.09, 22.0);(113.09, 22.4);(113.09, 22.8);(113.5, 21.6);(113.5, 22.0);(113.5, 22.4);(113.5, 22.8);(113.91, 22.0);(113.91, 22.4)",True
59750,2017-05-06 10:00:00,56.6,SURF,True,EXTREME_TYPE1,639.0,11.0,1.0,"(110.64, 21.2)",True
59087,2017-05-07 04:00:00,61.1,SURF,True,EXTREME_TYPE1,880.0,10.0,10.0,"(113.09, 23.6);(113.09, 24.0);(113.09, 24.4);(113.5, 23.2);(113.5, 23.6);(113.5, 24.0);(113.5, 24.4);(113.91, 23.6);(113.91, 24.0);(113.91, 24.4)",True
59287,2017-05-07 10:00:00,78.8,SURF,True,EXTREME_TYPE1,1852.0,9.0,9.0,"(113.09, 22.8);(113.09, 23.2);(113.09, 23.6);(113.5, 22.8);(113.5, 23.2);(113.5, 23.6);(113.91, 22.8);(113.91, 23.2);(113.91, 23.6)",True
59087,2017-05-08 17:00:00,10.2,SURF,True,,,,,,False
59097,2017-05-08 19:00:00,29.4,SURF,True,EXTREME_TYPE1,596.0,10.0,10.0,"(113.5, 24.0);(113.91, 23.6);(113.91, 24.0);(113.91, 24.4);(114.32, 23.6);(114.32, 24.0);(114.32, 24.4);(114.73, 23.6);(114.73, 24.0);(114.73, 24.4)",True
59480,2017-05-08 21:00:00,20.3,SURF,True,EXTREME_TYPE1,2964.0,10.0,10.0,"(112.68, 22.4);(112.68, 22.8);(112.68, 23.2);(113.09, 22.4);(113.09, 22.8);(113.09, 23.2);(113.5, 22.4);(113.5, 22.8);(113.5, 23.2);(113.91, 22.8)",True
59456,2017-05-09 16:00:00,39.8,SURF,True,EXTREME_TYPE1,826.0,10.0,10.0,"(110.23, 22.4);(110.64, 22.0);(110.64, 22.4);(110.64, 22.8);(111.05, 22.0);(111.05, 22.4);(111.05, 22.8);(111.45, 22.0);(111.45, 22.4);(111.45, 22.8)",True
59477,2017-05-09 16:00:00,63.6,SURF,True,EXTREME_TYPE1,2977.0,10.0,9.0,"(111.86, 22.0);(111.86, 22.4);(111.86, 22.8);(112.27, 22.0);(112.27, 22.4);(112.27, 22.8);(112.68, 22.0);(112.68, 22.4);(112.68, 22.8)",True
59659,2017-05-09 16:00:00,52.5,SURF,True,EXTREME_TYPE1,847.0,12.0,12.0,"(110.23, 21.6);(110.23, 22.0);(110.64, 21.2);(110.64, 21.6);(110.64, 22.0);(110.64, 22.4);(111.05, 21.2);(111.05, 21.6);(111.05, 22.0);(111.05, 22.4);(111.45, 21.6);(111.45, 22.0)",True
59658,2017-05-12 14:00:00,50.3,SURF,True,EXTREME_TYPE1,486.0,10.0,10.0,"(109.82, 20.8);(109.82, 21.2);(109.82, 21.6);(110.23, 20.8);(110.23, 21.2);(110.23, 21.6);(110.64, 20.8);(110.64, 21.2);(110.64, 21.6);(111.05, 21.2)",True
59304,2017-05-13 17:00:00,7.2,SURF,True,,,,,,False
59656,2017-05-15 16:00:00,28.2,SURF,True,EXTREME_TYPE1,631.0,11.0,11.0,"(110.23, 21.2);(110.23, 21.6);(110.64, 20.8);(110.64, 21.2);(110.64, 21.6);(110.64, 22.0);(111.05, 21.2);(111.05, 21.6);(111.05, 22.0);(111.45, 21.2);(111.45, 21.6)",True
59285,2017-05-15 20:00:00,55.9,SURF,True,EXTREME_TYPE1,1218.0,10.0,10.0,"(113.09, 23.2);(113.09, 23.6);(113.09, 24.0);(113.5, 23.2);(113.5, 23.6);(113.5, 24.0);(113.91, 23.2);(113.91, 23.6);(113.91, 24.0);(114.32, 23.6)",True
59294,2017-05-15 22:00:00,21.4,SURF,True,EXTREME_TYPE1,1218.0,11.0,11.0,"(113.09, 23.2);(113.5, 22.8);(113.5, 23.2);(113.5, 23.6);(113.91, 22.8);(113.91, 23.2);(113.91, 23.6);(113.91, 24.0);(114.32, 22.8);(114.32, 23.2);(114.32, 23.6)",True
59478,2017-05-16 03:00:00,11.8,SURF,True,,,,,,False
59081,2017-05-24 00:00:00,1.1,SURF,True,,,,,,False
59107,2017-05-24 08:00:00,50.4,SURF,True,EXTREME_TYPE1,814.0,12.0,12.0,"(114.73, 23.6);(114.73, 24.0);(114.73, 24.4);(115.14, 23.6);(115.14, 24.0);(115.14, 24.4);(115.14, 24.8);(115.55, 23.6);(115.55, 24.0);(115.55, 24.4);(115.95, 24.0);(115.95, 24.4)",True
59754,2017-05-24 15:00:00,56.4,SURF,True,FALSE,366.0,5.0,0.0,,True
59114,2017-06-04 02:00:00,1.6,SURF,True,,,,,,False
59653,2017-06-05 07:00:00,58.7,SURF,True,EXTREME_TYPE1,845.0,11.0,5.0,"(111.05, 21.6);(111.05, 22.0);(111.45, 21.6);(111.45, 22.0);(111.45, 22.4)",True
59097,2017-06-06 21:00:00,67.2,SURF,True,EXTREME_TYPE1,591.0,10.0,10.0,"(113.5, 24.0);(113.91, 23.6);(113.91, 24.0);(113.91, 24.4);(114.32, 23.6);(114.32, 24.0);(114.32, 24.4);(114.73, 23.6);(114.73, 24.0);(114.73, 24.4)",True
59473,2017-06-09 11:00:00,6.5,SURF,True,,,,,,False
59475,2017-06-12 14:00:00,7.3,SURF,True,,,,,,False
59318,2017-06-14 09:00:00,21.9,SURF,True,EXTREME_TYPE1,538.0,12.0,12.0,"(115.95, 23.2);(115.95, 23.6);(116.36, 22.8);(116.36, 23.2);(116.36, 23.6);(116.36, 24.0);(116.77, 22.8);(116.77, 23.2);(116.77, 23.6);(116.77, 24.0);(117.18, 23.2);(117.18, 23.6)",True
59284,2017-06-15 22:00:00,62.4,SURF,True,EXTREME_TYPE1,1902.0,12.0,12.0,"(112.68, 23.2);(112.68, 23.6);(113.09, 22.8);(113.09, 23.2);(113.09, 23.6);(113.09, 24.0);(113.5, 22.8);(113.5, 23.2);(113.5, 23.6);(113.5, 24.0);(113.91, 23.2);(113.91, 23.6)",True
59294,2017-06-16 02:00:00,52.3,SURF,True,EXTREME_TYPE1,1220.0,11.0,11.0,"(113.09, 23.2);(113.5, 22.8);(113.5, 23.2);(113.5, 23.6);(113.91, 22.8);(113.91, 23.2);(113.91, 23.6);(113.91, 24.0);(114.32, 22.8);(114.32, 23.2);(114.32, 23.6)",True
59502,2017-06-16 03:00:00,65.5,SURF,True,EXTREME_TYPE1,1051.0,12.0,12.0,"(115.14, 22.8);(115.14, 23.2);(115.55, 22.4);(115.55, 22.8);(115.55, 23.2);(115.55, 23.6);(115.95, 22.4);(115.95, 22.8);(115.95, 23.2);(115.95, 23.6);(116.36, 22.8);(116.36, 23.2)",True
59314,2017-06-16 09:00:00,14.9,SURF,True,,,,,,False
59501,2017-06-16 11:00:00,43.8,SURF,True,EXTREME_TYPE1,1088.0,12.0,12.0,"(114.73, 22.4);(114.73, 22.8);(114.73, 23.2);(115.14, 22.4);(115.14, 22.8);(115.14, 23.2);(115.55, 22.4);(115.55, 22.8);(115.55, 23.2);(115.95, 22.4);(115.95, 22.8);(115.95, 23.2)",True
59287,2017-06-16 19:00:00,33.5,SURF,True,EXTREME_TYPE1,1880.0,9.0,9.0,"(113.09, 22.8);(113.09, 23.2);(113.09, 23.6);(113.5, 22.8);(113.5, 23.2);(113.5, 23.6);(113.91, 22.8);(113.91, 23.2);(113.91, 23.6)",True
59462,2017-06-16 20:00:00,1.6,SURF,True,,,,,,False
59287,2017-06-17 03:00:00,2.1,SURF,True,,,,,,False
59501,2017-06-17 11:00:00,37.9,SURF,True,EXTREME_TYPE1,1089.0,12.0,11.0,"(114.73, 22.4);(114.73, 22.8);(115.14, 22.4);(115.14, 22.8);(115.14, 23.2);(115.55, 22.4);(115.55, 22.8);(115.55, 23.2);(115.95, 22.4);(115.95, 22.8);(115.95, 23.2)",True
59487,2017-06-17 20:00:00,16.5,SURF,True,,,,,,False
59314,2017-06-19 08:00:00,5.8,SURF,True,,,,,,False
59318,2017-06-19 12:00:00,10.9,SURF,True,,,,,,False
59673,2017-06-19 13:00:00,54.4,SURF,True,EXTREME_TYPE1,201.0,8.0,8.0,"(112.27, 21.6);(112.27, 22.0);(112.68, 21.6);(112.68, 22.0);(112.68, 22.4);(113.09, 21.6);(113.09, 22.0);(113.5, 21.6)",True
59500,2017-06-21 07:00:00,5.6,SURF,True,,,,,,False
59306,2017-06-21 08:00:00,12.9,SURF,True,,,,,,False
59071,2017-06-25 04:00:00,5.2,SURF,True,,,,,,False
59287,2017-07-03 07:00:00,6.3,SURF,True,,,,,,False
59480,2017-07-04 03:00:00,61.0,SURF,True,EXTREME_TYPE1,2958.0,10.0,10.0,"(112.68, 22.4);(112.68, 22.8);(112.68, 23.2);(113.09, 22.4);(113.09, 22.8);(113.09, 23.2);(113.5, 22.4);(113.5, 22.8);(113.5, 23.2);(113.91, 22.8)",True
59310,2017-07-08 12:00:00,39.1,SURF,True,EXTREME_TYPE1,960.0,12.0,12.0,"(115.55, 23.6);(115.55, 24.0);(115.95, 23.2);(115.95, 23.6);(115.95, 24.0);(115.95, 24.4);(116.36, 23.2);(116.36, 23.6);(116.36, 24.0);(116.36, 24.4);(116.77, 23.6);(116.77, 24.0)",True
59276,2017-07-11 15:00:00,10.4,SURF,True,,,,,,False
59319,2017-07-16 03:00:00,1.2,SURF,True,,,,,,False
59317,2017-07-16 14:00:00,5.3,SURF,True,,,,,,False
59293,2017-07-16 15:00:00,15.0,SURF,True,,,,,,False
59303,2017-07-17 14:00:00,13.4,SURF,True,,,,,,False
59288,2017-07-17 17:00:00,13.1,SURF,True,,,,,,False
59502,2017-07-17 21:00:00,15.3,SURF,True,,,,,,False
59493,2017-07-18 08:00:00,6.3,SURF,True,,,,,,False
59492,2017-07-18 15:00:00,10.0,SURF,True,,,,,,False
59664,2017-07-19 11:00:00,1.7,SURF,True,,,,,,False
59658,2017-07-20 04:00:00,60.9,SURF,True,EXTREME_TYPE1,508.0,10.0,9.0,"(109.82, 20.8);(109.82, 21.2);(109.82, 21.6);(110.23, 20.8);(110.23, 21.2);(110.23, 21.6);(110.64, 20.8);(110.64, 21.2);(110.64, 21.6)",True
59501,2017-07-23 14:00:00,24.7,SURF,True,EXTREME_TYPE1,1121.0,12.0,12.0,"(114.73, 22.4);(114.73, 22.8);(114.73, 23.2);(115.14, 22.4);(115.14, 22.8);(115.14, 23.2);(115.55, 22.4);(115.55, 22.8);(115.55, 23.2);(115.95, 22.4);(115.95, 22.8);(115.95, 23.2)",True
59500,2017-07-24 02:00:00,23.9,SURF,True,EXTREME_TYPE1,1131.0,12.0,12.0,"(114.73, 22.8);(114.73, 23.2);(115.14, 22.4);(115.14, 22.8);(115.14, 23.2);(115.14, 23.6);(115.55, 22.4);(115.55, 22.8);(115.55, 23.2);(115.55, 23.6);(115.95, 22.8);(115.95, 23.2)",True
59318,2017-08-01 05:00:00,38.6,SURF,True,EXTREME_TYPE1,583.0,12.0,12.0,"(115.95, 23.2);(115.95, 23.6);(116.36, 22.8);(116.36, 23.2);(116.36, 23.6);(116.36, 24.0);(116.77, 22.8);(116.77, 23.2);(116.77, 23.6);(116.77, 24.0);(117.18, 23.2);(117.18, 23.6)",True
59294,2017-08-02 06:00:00,24.3,SURF,True,EXTREME_TYPE1,1212.0,11.0,11.0,"(113.09, 23.2);(113.5, 22.8);(113.5, 23.2);(113.5, 23.6);(113.91, 22.8);(113.91, 23.2);(113.91, 23.6);(113.91, 24.0);(114.32, 22.8);(114.32, 23.2);(114.32, 23.6)",True
59493,2017-08-02 12:00:00,60.5,SURF,True,EXTREME_TYPE1,1129.0,13.0,13.0,"(113.5, 22.0);(113.5, 22.4);(113.5, 22.8);(113.91, 22.0);(113.91, 22.4);(113.91, 22.8);(113.91, 23.2);(114.32, 22.0);(114.32, 22.4);(114.32, 22.8);(114.32, 23.2);(114.73, 22.4);(114.73, 22.8)",True
59655,2017-08-03 12:00:00,13.9,SURF,True,,,,,,False
59663,2017-08-03 17:00:00,20.2,SURF,True,EXTREME_TYPE1,1014.0,11.0,11.0,"(111.45, 21.6);(111.45, 22.0);(111.86, 21.2);(111.86, 21.6);(111.86, 22.0);(111.86, 22.4);(112.27, 21.6);(112.27, 22.0);(112.27, 22.4);(112.68, 21.6);(112.68, 22.0)",True
59476,2017-08-22 20:00:00,70.4,SURF,True,EXTREME_TYPE1,3874.0,11.0,11.0,"(112.27, 22.4);(112.68, 22.0);(112.68, 22.4);(112.68, 22.8);(113.09, 22.0);(113.09, 22.4);(113.09, 22.8);(113.09, 23.2);(113.5, 22.0);(113.5, 22.4);(113.5, 22.8)",True
59313,2017-08-23 14:00:00,20.9,SURF,True,EXTREME_TYPE1,147.0,9.0,9.0,"(116.36, 23.6);(116.36, 24.0);(116.77, 23.2);(116.77, 23.6);(116.77, 24.0);(117.18, 23.2);(117.18, 23.6);(117.18, 24.0);(117.59, 23.6)",True
59477,2017-08-23 16:00:00,50.2,SURF,True,EXTREME_TYPE1,2682.0,10.0,10.0,"(111.86, 22.0);(111.86, 22.4);(111.86, 22.8);(112.27, 21.6);(112.27, 22.0);(112.27, 22.4);(112.27, 22.8);(112.68, 22.0);(112.68, 22.4);(112.68, 22.8)",True
59107,2017-08-23 23:00:00,53.7,SURF,True,EXTREME_TYPE1,905.0,12.0,3.0,"(114.73, 23.6);(115.14, 23.6);(115.55, 23.6)",True
59107,2017-08-24 00:00:00,58.6,SURF,True,EXTREME_TYPE1,907.0,12.0,3.0,"(114.73, 23.6);(115.14, 23.6);(115.55, 23.6)",True
59075,2017-08-24 10:00:00,3.9,SURF,True,,,,,,False
59088,2017-08-24 16:00:00,28.1,SURF,True,EXTREME_TYPE1,900.0,12.0,12.0,"(112.68, 24.0);(112.68, 24.4);(113.09, 23.6);(113.09, 24.0);(113.09, 24.4);(113.09, 24.8);(113.5, 23.6);(113.5, 24.0);(113.5, 24.4);(113.5, 24.8);(113.91, 24.0);(113.91, 24.4)",True
59470,2017-08-27 12:00:00,40.5,SURF,True,EXTREME_TYPE1,2660.0,10.0,10.0,"(111.45, 22.8);(111.86, 22.4);(111.86, 22.8);(111.86, 23.2);(112.27, 22.4);(112.27, 22.8);(112.27, 23.2);(112.68, 22.4);(112.68, 22.8);(112.68, 23.2)",True
59462,2017-09-01 17:00:00,5.8,SURF,True,,,,,,False
59478,2017-09-02 19:00:00,52.3,SURF,True,EXTREME_TYPE1,2449.0,12.0,9.0,"(112.68, 22.0);(112.68, 22.4);(112.68, 22.8);(113.09, 21.6);(113.09, 22.0);(113.09, 22.4);(113.09, 22.8);(113.5, 22.0);(113.5, 22.4)",True
59285,2017-09-05 08:00:00,45.2,SURF,True,EXTREME_TYPE1,1214.0,10.0,10.0,"(113.09, 23.2);(113.09, 23.6);(113.09, 24.0);(113.5, 23.2);(113.5, 23.6);(113.5, 24.0);(113.91, 23.2);(113.91, 23.6);(113.91, 24.0);(114.32, 23.6)",True
59298,2017-09-05 16:00:00,65.2,SURF,True,EXTREME_TYPE1,885.0,11.0,11.0,"(113.91, 22.8);(113.91, 23.2);(113.91, 23.6);(114.32, 22.4);(114.32, 22.8);(114.32, 23.2);(114.32, 23.6);(114.73, 22.8);(114.73, 23.2);(114.73, 23.6);(115.14, 23.2)",True
59287,2017-09-06 04:00:00,36.9,SURF,True,EXTREME_TYPE1,1909.0,9.0,9.0,"(113.09, 22.8);(113.09, 23.2);(113.09, 23.6);(113.5, 22.8);(113.5, 23.2);(113.5, 23.6);(113.91, 22.8);(113.91, 23.2);(113.91, 23.6)",True
59087,2017-09-07 01:00:00,50.6,SURF,True,EXTREME_TYPE1,898.0,10.0,10.0,"(113.09, 23.6);(113.09, 24.0);(113.09, 24.4);(113.5, 23.2);(113.5, 23.6);(113.5, 24.0);(113.5, 24.4);(113.91, 23.6);(113.91, 24.0);(113.91, 24.4)",True
59471,2017-09-07 10:00:00,61.4,SURF,True,EXTREME_TYPE1,2706.0,12.0,12.0,"(111.45, 22.8);(111.45, 23.2);(111.86, 22.4);(111.86, 22.8);(111.86, 23.2);(111.86, 23.6);(112.27, 22.4);(112.27, 22.8);(112.27, 23.2);(112.27, 23.6);(112.68, 22.8);(112.68, 23.2)",True
59656,2017-09-07 17:00:00,13.9,SURF,True,,,,,,False
59750,2017-09-29 07:00:00,9.9,SURF,True,,,,,,False
59475,2017-09-30 01:00:00,10.6,SURF,True,,,,,,False
59278,2017-10-09 18:00:00,2.1,SURF,True,,,,,,False
59107,2017-10-15 10:00:00,1.0,SURF,True,,,,,,False
59501,2017-10-15 21:00:00,34.5,SURF,True,EXTREME_TYPE1,1155.0,12.0,12.0,"(114.73, 22.4);(114.73, 22.8);(114.73, 23.2);(115.14, 22.4);(115.14, 22.8);(115.14, 23.2);(115.55, 22.4);(115.55, 22.8);(115.55, 23.2);(115.95, 22.4);(115.95, 22.8);(115.95, 23.2)",True
59486,2018-01-07 02:00:00,5.3,SURF,True,,,,,,False
59075,2018-01-08 06:00:00,9.8,SURF,True,,,,,,False
59306,2018-01-09 04:00:00,2.0,SURF,True,,,,,,False
59072,2018-03-14 21:00:00,14.9,SURF,True,,,,,,False
59088,2018-04-14 11:00:00,52.1,SURF,True,EXTREME_TYPE1,1006.0,12.0,12.0,"(112.68, 24.0);(112.68, 24.4);(113.09, 23.6);(113.09, 24.0);(113.09, 24.4);(113.09, 24.8);(113.5, 23.6);(113.5, 24.0);(113.5, 24.4);(113.5, 24.8);(113.91, 24.0);(113.91, 24.4)",True
59097,2018-04-14 13:00:00,37.5,SURF,True,EXTREME_TYPE1,629.0,10.0,10.0,"(113.5, 24.0);(113.91, 23.6);(113.91, 24.0);(113.91, 24.4);(114.32, 23.6);(114.32, 24.0);(114.32, 24.4);(114.73, 23.6);(114.73, 24.0);(114.73, 24.4)",True
59285,2018-04-14 16:00:00,11.1,SURF,True,,,,,,False
59298,2018-04-14 22:00:00,6.7,SURF,True,,,,,,False
59654,2018-04-30 15:00:00,60.9,SURF,True,EXTREME_TYPE1,920.0,10.0,10.0,"(109.82, 21.2);(109.82, 21.6);(109.82, 22.0);(110.23, 21.2);(110.23, 21.6);(110.23, 22.0);(110.64, 21.2);(110.64, 21.6);(110.64, 22.0);(111.05, 21.6)",True
59269,2018-05-01 13:00:00,21.7,SURF,True,EXTREME_TYPE1,1155.0,9.0,9.0,"(111.45, 22.8);(111.45, 23.2);(111.45, 23.6);(111.86, 22.8);(111.86, 23.2);(111.86, 23.6);(112.27, 22.8);(112.27, 23.2);(112.27, 23.6)",True
59477,2018-05-04 02:00:00,72.6,SURF,True,EXTREME_TYPE1,3021.0,10.0,10.0,"(111.86, 22.0);(111.86, 22.4);(111.86, 22.8);(112.27, 21.6);(112.27, 22.0);(112.27, 22.4);(112.27, 22.8);(112.68, 22.0);(112.68, 22.4);(112.68, 22.8)",True
59750,2018-05-05 18:00:00,39.5,SURF,True,EXTREME_TYPE1,737.0,11.0,11.0,"(109.41, 21.2);(109.82, 20.4);(109.82, 20.8);(109.82, 21.2);(109.82, 21.6);(110.23, 20.4);(110.23, 20.8);(110.23, 21.2);(110.23, 21.6);(110.64, 20.8);(110.64, 21.2)",True
59314,2018-05-07 12:00:00,51.2,SURF,True,EXTREME_TYPE1,1099.0,12.0,12.0,"(115.55, 23.2);(115.55, 23.6);(115.95, 22.8);(115.95, 23.2);(115.95, 23.6);(115.95, 24.0);(116.36, 22.8);(116.36, 23.2);(116.36, 23.6);(116.36, 24.0);(116.77, 23.2);(116.77, 23.6)",True
59287,2018-05-07 18:00:00,52.8,SURF,True,EXTREME_TYPE1,1988.0,9.0,9.0,"(113.09, 22.8);(113.09, 23.2);(113.09, 23.6);(113.5, 22.8);(113.5, 23.2);(113.5, 23.6);(113.91, 22.8);(113.91, 23.2);(113.91, 23.6)",True
59314,2018-05-07 22:00:00,6.9,SURF,True,,,,,,False
59471,2018-05-08 02:00:00,76.6,SURF,True,EXTREME_TYPE1,2785.0,12.0,12.0,"(111.45, 22.8);(111.45, 23.2);(111.86, 22.4);(111.86, 22.8);(111.86, 23.2);(111.86, 23.6);(112.27, 22.4);(112.27, 22.8);(112.27, 23.2);(112.27, 23.6);(112.68, 22.8);(112.68, 23.2)",True
59315,2018-05-08 19:00:00,54.8,SURF,True,EXTREME_TYPE1,575.0,10.0,10.0,"(115.95, 23.2);(115.95, 23.6);(115.95, 24.0);(116.36, 23.2);(116.36, 23.6);(116.36, 24.0);(116.77, 23.2);(116.77, 23.6);(116.77, 24.0);(117.18, 23.6)",True
59269,2018-05-09 03:00:00,5.5,SURF,True,,,,,,False
59088,2018-05-09 14:00:00,1.6,SURF,True,,,,,,False
59279,2018-05-10 05:00:00,6.3,SURF,True,,,,,,False
59656,2018-05-10 21:00:00,28.3,SURF,True,EXTREME_TYPE1,714.0,11.0,11.0,"(110.23, 21.2);(110.23, 21.6);(110.64, 20.8);(110.64, 21.2);(110.64, 21.6);(110.64, 22.0);(111.05, 21.2);(111.05, 21.6);(111.05, 22.0);(111.45, 21.2);(111.45, 21.6)",True
59655,2018-05-12 11:00:00,20.5,SURF,True,EXTREME_TYPE1,1023.0,10.0,10.0,"(110.23, 21.2);(110.23, 21.6);(110.23, 22.0);(110.64, 21.2);(110.64, 21.6);(110.64, 22.0);(110.64, 22.4);(111.05, 21.2);(111.05, 21.6);(111.05, 22.0)",True
57988,2018-05-12 18:00:00,8.3,SURF,True,,,,,,False
59650,2018-05-17 16:00:00,49.7,SURF,True,EXTREME_TYPE1,908.0,11.0,11.0,"(109.82, 21.2);(109.82, 21.6);(109.82, 22.0);(110.23, 20.8);(110.23, 21.2);(110.23, 21.6);(110.23, 22.0);(110.64, 20.8);(110.64, 21.2);(110.64, 21.6);(110.64, 22.0)",True
59650,2018-05-18 17:00:00,18.0,SURF,True,,,,,,False
59477,2018-05-28 14:00:00,12.7,SURF,True,,,,,,False
59264,2018-06-01 19:00:00,23.6,SURF,True,EXTREME_TYPE1,500.0,9.0,9.0,"(111.05, 23.2);(111.45, 22.8);(111.45, 23.2);(111.45, 23.6);(111.45, 24.0);(111.86, 22.8);(111.86, 23.2);(111.86, 23.6);(111.86, 24.0)",True
59673,2018-06-02 09:00:00,59.9,SURF,True,EXTREME_TYPE1,257.0,8.0,7.0,"(112.27, 21.6);(112.27, 22.0);(112.68, 21.6);(112.68, 22.0);(112.68, 22.4);(113.09, 21.6);(113.09, 22.0)",True
59289,2018-06-03 20:00:00,15.2,SURF,True,,,,,,False
59487,2018-06-06 05:00:00,2.2,SURF,True,,,,,,False
59478,2018-06-06 06:00:00,64.8,SURF,True,EXTREME_TYPE1,2865.0,12.0,12.0,"(112.27, 22.0);(112.27, 22.4);(112.68, 21.6);(112.68, 22.0);(112.68, 22.4);(112.68, 22.8);(113.09, 21.6);(113.09, 22.0);(113.09, 22.4);(113.09, 22.8);(113.5, 22.0);(113.5, 22.4)",True
59303,2018-06-06 19:00:00,9.5,SURF,True,,,,,,False
59485,2018-06-07 08:00:00,10.7,SURF,True,,,,,,False
59480,2018-06-07 09:00:00,27.9,SURF,True,EXTREME_TYPE1,3389.0,10.0,10.0,"(112.68, 22.4);(112.68, 22.8);(112.68, 23.2);(113.09, 22.4);(113.09, 22.8);(113.09, 23.2);(113.5, 22.4);(113.5, 22.8);(113.5, 23.2);(113.91, 22.8)",True
59493,2018-06-07 21:00:00,15.3,SURF,True,,,,,,False
59485,2018-06-08 05:00:00,40.5,SURF,True,EXTREME_TYPE1,3390.0,12.0,12.0,"(112.68, 22.4);(112.68, 22.8);(113.09, 22.0);(113.09, 22.4);(113.09, 22.8);(113.5, 22.0);(113.5, 22.4);(113.5, 22.8);(113.5, 23.2);(113.91, 22.0);(113.91, 22.4);(113.91, 22.8)",True
59279,2018-06-08 07:00:00,20.0,SURF,True,EXTREME_TYPE1,2697.0,12.0,12.0,"(112.27, 22.8);(112.27, 23.2);(112.27, 23.6);(112.68, 22.8);(112.68, 23.2);(112.68, 23.6);(113.09, 22.8);(113.09, 23.2);(113.09, 23.6);(113.5, 22.8);(113.5, 23.2);(113.5, 23.6)",True
59501,2018-06-08 09:00:00,48.3,SURF,True,EXTREME_TYPE1,1379.0,12.0,12.0,"(114.73, 22.4);(114.73, 22.8);(114.73, 23.2);(115.14, 22.4);(115.14, 22.8);(115.14, 23.2);(115.55, 22.4);(115.55, 22.8);(115.55, 23.2);(115.95, 22.4);(115.95, 22.8);(115.95, 23.2)",True
59287,2018-06-08 12:00:00,17.1,SURF,True,,,,,,False
59288,2018-06-08 13:00:00,52.7,SURF,True,EXTREME_TYPE1,2694.0,10.0,10.0,"(112.27, 23.2);(112.68, 22.8);(112.68, 23.2);(112.68, 23.6);(113.09, 22.8);(113.09, 23.2);(113.09, 23.6);(113.5, 22.8);(113.5, 23.2);(113.5, 23.6)",True
59287,2018-06-08 19:00:00,52.7,SURF,True,EXTREME_TYPE1,1993.0,9.0,9.0,"(113.09, 22.8);(113.09, 23.2);(113.09, 23.6);(113.5, 22.8);(113.5, 23.2);(113.5, 23.6);(113.91, 22.8);(113.91, 23.2);(113.91, 23.6)",True
59294,2018-06-09 02:00:00,58.6,SURF,True,EXTREME_TYPE1,1282.0,11.0,11.0,"(113.09, 23.2);(113.5, 22.8);(113.5, 23.2);(113.5, 23.6);(113.91, 22.8);(113.91, 23.2);(113.91, 23.6);(113.91, 24.0);(114.32, 22.8);(114.32, 23.2);(114.32, 23.6)",True
59485,2018-06-12 20:00:00,13.3,SURF,True,,,,,,False
59470,2018-06-13 07:00:00,5.9,SURF,True,,,,,,False
59114,2018-06-13 18:00:00,2.4,SURF,True,,,,,,False
59324,2018-06-18 22:00:00,54.2,SURF,True,EXTREME_TYPE1,165.0,10.0,10.0,"(116.36, 23.2);(116.36, 23.6);(116.77, 22.8);(116.77, 23.2);(116.77, 23.6);(116.77, 24.0);(117.18, 23.2);(117.18, 23.6);(117.18, 24.0);(117.59, 23.6)",True
59502,2018-06-22 04:00:00,53.2,SURF,True,EXTREME_TYPE1,1230.0,12.0,12.0,"(115.14, 22.8);(115.14, 23.2);(115.55, 22.4);(115.55, 22.8);(115.55, 23.2);(115.55, 23.6);(115.95, 22.4);(115.95, 22.8);(115.95, 23.2);(115.95, 23.6);(116.36, 22.8);(116.36, 23.2)",True
59673,2018-06-22 08:00:00,23.8,SURF,True,EXTREME_TYPE1,267.0,8.0,8.0,"(112.27, 21.6);(112.27, 22.0);(112.68, 21.6);(112.68, 22.0);(112.68, 22.4);(113.09, 21.6);(113.09, 22.0);(113.5, 21.6)",True
59475,2018-06-24 05:00:00,35.8,SURF,True,EXTREME_TYPE1,3871.0,9.0,9.0,"(112.27, 22.0);(112.27, 22.4);(112.27, 22.8);(112.68, 22.0);(112.68, 22.4);(112.68, 22.8);(113.09, 22.0);(113.09, 22.4);(113.09, 22.8)",True
59287,2018-07-06 16:00:00,63.2,SURF,True,EXTREME_TYPE1,1998.0,9.0,9.0,"(113.09, 22.8);(113.09, 23.2);(113.09, 23.6);(113.5, 22.8);(113.5, 23.2);(113.5, 23.6);(113.91, 22.8);(113.91, 23.2);(113.91, 23.6)",True
59306,2018-07-09 15:00:00,24.0,SURF,True,EXTREME_TYPE1,1459.0,12.0,12.0,"(115.14, 23.2);(115.14, 23.6);(115.55, 22.8);(115.55, 23.2);(115.55, 23.6);(115.55, 24.0);(115.95, 22.8);(115.95, 23.2);(115.95, 23.6);(115.95, 24.0);(116.36, 23.2);(116.36, 23.6)",True
59270,2018-07-13 17:00:00,37.7,SURF,True,EXTREME_TYPE1,895.0,10.0,10.0,"(111.45, 24.0);(111.86, 23.6);(111.86, 24.0);(111.86, 24.4);(112.27, 23.6);(112.27, 24.0);(112.27, 24.4);(112.68, 23.6);(112.68, 24.0);(112.68, 24.4)",True
59487,2018-07-17 21:00:00,58.3,SURF,True,EXTREME_TYPE1,2278.0,12.0,12.0,"(112.68, 22.0);(112.68, 22.4);(113.09, 21.6);(113.09, 22.0);(113.09, 22.4);(113.09, 22.8);(113.5, 21.6);(113.5, 22.0);(113.5, 22.4);(113.5, 22.8);(113.91, 22.0);(113.91, 22.4)",True
59478,2018-07-17 23:00:00,35.6,SURF,True,EXTREME_TYPE1,2848.0,12.0,12.0,"(112.27, 22.0);(112.27, 22.4);(112.68, 21.6);(112.68, 22.0);(112.68, 22.4);(112.68, 22.8);(113.09, 21.6);(113.09, 22.0);(113.09, 22.4);(113.09, 22.8);(113.5, 22.0);(113.5, 22.4)",True
59658,2018-07-18 14:00:00,5.5,SURF,True,,,,,,False
59315,2018-07-21 21:00:00,7.5,SURF,True,,,,,,False
59487,2018-07-23 18:00:00,12.0,SURF,True,,,,,,False
59287,2018-07-24 11:00:00,12.4,SURF,True,,,,,,False
59279,2018-07-26 13:00:00,56.5,SURF,True,EXTREME_TYPE1,2640.0,12.0,12.0,"(112.27, 22.8);(112.27, 23.2);(112.27, 23.6);(112.68, 22.8);(112.68, 23.2);(112.68, 23.6);(113.09, 22.8);(113.09, 23.2);(113.09, 23.6);(113.5, 22.8);(113.5, 23.2);(113.5, 23.6)",True
59750,2018-07-26 16:00:00,34.5,SURF,True,EXTREME_TYPE1,726.0,11.0,11.0,"(109.41, 21.2);(109.82, 20.4);(109.82, 20.8);(109.82, 21.2);(109.82, 21.6);(110.23, 20.4);(110.23, 20.8);(110.23, 21.2);(110.23, 21.6);(110.64, 20.8);(110.64, 21.2)",True
59477,2018-07-29 14:00:00,11.3,SURF,True,,,,,,False
59293,2018-08-02 11:00:00,30.9,SURF,True,EXTREME_TYPE1,594.0,11.0,11.0,"(114.32, 23.2);(114.32, 23.6);(114.32, 24.0);(114.73, 23.2);(114.73, 23.6);(114.73, 24.0);(114.73, 24.4);(115.14, 23.2);(115.14, 23.6);(115.14, 24.0);(115.14, 24.4)",True
59659,2018-08-07 14:00:00,55.6,SURF,True,EXTREME_TYPE1,969.0,12.0,12.0,"(110.23, 21.6);(110.23, 22.0);(110.64, 21.2);(110.64, 21.6);(110.64, 22.0);(110.64, 22.4);(111.05, 21.2);(111.05, 21.6);(111.05, 22.0);(111.05, 22.4);(111.45, 21.6);(111.45, 22.0)",True
59082,2018-08-07 17:00:00,24.5,SURF,True,EXTREME_TYPE1,769.0,12.0,12.0,"(113.09, 24.4);(113.09, 24.8);(113.09, 25.2);(113.5, 24.0);(113.5, 24.4);(113.5, 24.8);(113.5, 25.2);(113.91, 24.4);(113.91, 24.8);(113.91, 25.2);(114.32, 24.4);(114.32, 24.8)",True
59094,2018-08-10 14:00:00,13.1,SURF,True,,,,,,False
59754,2018-08-10 16:00:00,50.6,SURF,True,EXTREME_TYPE1,415.0,5.0,5.0,"(109.82, 20.4);(109.82, 20.8);(110.23, 20.4);(110.23, 20.8);(110.64, 20.8)",True
59471,2018-08-10 20:00:00,8.5,SURF,True,,,,,,False
59656,2018-08-11 01:00:00,12.3,SURF,True,,,,,,False
59501,2018-08-11 08:00:00,10.0,SURF,True,,,,,,False
59469,2018-08-11 14:00:00,51.0,SURF,True,EXTREME_TYPE1,1414.0,11.0,11.0,"(111.05, 22.0);(111.45, 21.6);(111.45, 22.0);(111.45, 22.4);(111.86, 21.6);(111.86, 22.0);(111.86, 22.4);(111.86, 22.8);(112.27, 21.6);(112.27, 22.0);(112.27, 22.4)",True
59469,2018-08-11 15:00:00,81.3,SURF,True,EXTREME_TYPE1,1413.0,11.0,11.0,"(111.05, 22.0);(111.45, 21.6);(111.45, 22.0);(111.45, 22.4);(111.86, 21.6);(111.86, 22.0);(111.86, 22.4);(111.86, 22.8);(112.27, 21.6);(112.27, 22.0);(112.27, 22.4)",True
59477,2018-08-12 03:00:00,24.2,SURF,True,EXTREME_TYPE1,3068.0,10.0,10.0,"(111.86, 22.0);(111.86, 22.4);(111.86, 22.8);(112.27, 21.6);(112.27, 22.0);(112.27, 22.4);(112.27, 22.8);(112.68, 22.0);(112.68, 22.4);(112.68, 22.8)",True
59655,2018-08-16 02:00:00,1.9,SURF,True,,,,,,False
59480,2018-08-19 16:00:00,50.0,SURF,True,EXTREME_TYPE1,3350.0,10.0,10.0,"(112.68, 22.4);(112.68, 22.8);(112.68, 23.2);(113.09, 22.4);(113.09, 22.8);(113.09, 23.2);(113.5, 22.4);(113.5, 22.8);(113.5, 23.2);(113.91, 22.8)",True
59317,2018-08-20 05:00:00,51.6,SURF,True,EXTREME_TYPE1,907.0,9.0,9.0,"(115.95, 22.4);(115.95, 22.8);(115.95, 23.2);(115.95, 23.6);(116.36, 22.8);(116.36, 23.2);(116.36, 23.6);(116.77, 22.8);(116.77, 23.2)",True
59288,2018-08-21 21:00:00,65.8,SURF,True,EXTREME_TYPE1,2666.0,10.0,10.0,"(112.27, 23.2);(112.68, 22.8);(112.68, 23.2);(112.68, 23.6);(113.09, 22.8);(113.09, 23.2);(113.09, 23.6);(113.5, 22.8);(113.5, 23.2);(113.5, 23.6)",True
59473,2018-08-21 22:00:00,58.3,SURF,True,EXTREME_TYPE1,3738.0,10.0,10.0,"(112.27, 22.8);(112.68, 22.4);(112.68, 22.8);(112.68, 23.2);(113.09, 22.4);(113.09, 22.8);(113.09, 23.2);(113.5, 22.4);(113.5, 22.8);(113.5, 23.2)",True
59097,2018-08-22 03:00:00,18.8,SURF,True,,,,,,False
59284,2018-08-22 16:00:00,39.4,SURF,True,EXTREME_TYPE1,1961.0,12.0,12.0,"(112.68, 23.2);(112.68, 23.6);(113.09, 22.8);(113.09, 23.2);(113.09, 23.6);(113.09, 24.0);(113.5, 22.8);(113.5, 23.2);(113.5, 23.6);(113.5, 24.0);(113.91, 23.2);(113.91, 23.6)",True
59659,2018-08-23 16:00:00,139.9,SURF,True,EXTREME_TYPE1,963.0,12.0,10.0,"(110.23, 21.6);(110.23, 22.0);(110.64, 21.2);(110.64, 21.6);(110.64, 22.0);(111.05, 21.2);(111.05, 21.6);(111.05, 22.0);(111.45, 21.6);(111.45, 22.0)",True
59750,2018-08-23 18:00:00,51.0,SURF,True,EXTREME_TYPE1,744.0,11.0,11.0,"(109.41, 21.2);(109.82, 20.4);(109.82, 20.8);(109.82, 21.2);(109.82, 21.6);(110.23, 20.4);(110.23, 20.8);(110.23, 21.2);(110.23, 21.6);(110.64, 20.8);(110.64, 21.2)",True
59318,2018-08-26 22:00:00,1.8,SURF,True,,,,,,False
59655,2018-08-26 23:00:00,51.7,SURF,True,EXTREME_TYPE1,1004.0,10.0,10.0,"(110.23, 21.2);(110.23, 21.6);(110.23, 22.0);(110.64, 21.2);(110.64, 21.6);(110.64, 22.0);(110.64, 22.4);(111.05, 21.2);(111.05, 21.6);(111.05, 22.0)",True
59271,2018-08-27 20:00:00,5.5,SURF,True,,,,,,False
59492,2018-08-28 01:00:00,2.9,SURF,True,,,,,,False
59654,2018-08-28 12:00:00,6.2,SURF,True,,,,,,False
59279,2018-08-29 15:00:00,28.9,SURF,True,EXTREME_TYPE1,2672.0,12.0,12.0,"(112.27, 22.8);(112.27, 23.2);(112.27, 23.6);(112.68, 22.8);(112.68, 23.2);(112.68, 23.6);(113.09, 22.8);(113.09, 23.2);(113.09, 23.6);(113.5, 22.8);(113.5, 23.2);(113.5, 23.6)",True
59317,2018-08-29 16:00:00,5.1,SURF,True,,,,,,False
59318,2018-08-30 14:00:00,56.2,SURF,True,EXTREME_TYPE1,586.0,12.0,12.0,"(115.95, 23.2);(115.95, 23.6);(116.36, 22.8);(116.36, 23.2);(116.36, 23.6);(116.36, 24.0);(116.77, 22.8);(116.77, 23.2);(116.77, 23.6);(116.77, 24.0);(117.18, 23.2);(117.18, 23.6)",True
59097,2018-08-30 15:00:00,17.7,SURF,True,,,,,,False
59653,2018-08-30 20:00:00,57.0,SURF,True,EXTREME_TYPE1,920.0,11.0,11.0,"(110.23, 21.6);(110.23, 22.0);(110.64, 21.6);(110.64, 22.0);(110.64, 22.4);(111.05, 21.6);(111.05, 22.0);(111.05, 22.4);(111.45, 21.6);(111.45, 22.0);(111.45, 22.4)",True
59107,2018-08-31 05:00:00,8.0,SURF,True,,,,,,False
59500,2018-08-31 07:00:00,44.8,SURF,True,EXTREME_TYPE1,1375.0,12.0,12.0,"(114.73, 22.8);(114.73, 23.2);(115.14, 22.4);(115.14, 22.8);(115.14, 23.2);(115.14, 23.6);(115.55, 22.4);(115.55, 22.8);(115.55, 23.2);(115.55, 23.6);(115.95, 22.8);(115.95, 23.2)",True
59287,2018-08-31 14:00:00,23.3,SURF,True,EXTREME_TYPE1,1994.0,9.0,9.0,"(113.09, 22.8);(113.09, 23.2);(113.09, 23.6);(113.5, 22.8);(113.5, 23.2);(113.5, 23.6);(113.91, 22.8);(113.91, 23.2);(113.91, 23.6)",True
59293,2018-08-31 15:00:00,1.7,SURF,True,,,,,,False
59294,2018-08-31 16:00:00,14.6,SURF,True,,,,,,False
59075,2018-09-01 11:00:00,34.7,SURF,True,EXTREME_TYPE1,948.0,12.0,12.0,"(111.86, 24.0);(111.86, 24.4);(112.27, 24.0);(112.27, 24.4);(112.27, 24.8);(112.68, 23.6);(112.68, 24.0);(112.68, 24.4);(112.68, 24.8);(113.09, 24.0);(113.09, 24.4);(113.09, 24.8)",True
59107,2018-09-02 18:00:00,27.5,SURF,True,EXTREME_TYPE1,943.0,12.0,12.0,"(114.73, 23.6);(114.73, 24.0);(114.73, 24.4);(115.14, 23.6);(115.14, 24.0);(115.14, 24.4);(115.14, 24.8);(115.55, 23.6);(115.55, 24.0);(115.55, 24.4);(115.95, 24.0);(115.95, 24.4)",True
59289,2018-09-02 18:00:00,11.4,SURF,True,,,,,,False
59278,2018-09-06 17:00:00,57.5,SURF,True,EXTREME_TYPE1,3606.0,12.0,12.0,"(111.86, 22.8);(111.86, 23.2);(112.27, 22.4);(112.27, 22.8);(112.27, 23.2);(112.27, 23.6);(112.68, 22.4);(112.68, 22.8);(112.68, 23.2);(112.68, 23.6);(113.09, 22.8);(113.09, 23.2)",True
59655,2018-09-07 20:00:00,41.9,SURF,True,EXTREME_TYPE1,1015.0,10.0,10.0,"(110.23, 21.2);(110.23, 21.6);(110.23, 22.0);(110.64, 21.2);(110.64, 21.6);(110.64, 22.0);(110.64, 22.4);(111.05, 21.2);(111.05, 21.6);(111.05, 22.0)",True
59658,2018-09-13 06:00:00,12.5,SURF,True,,,,,,False
59487,2018-09-16 12:00:00,19.1,SURF,True,,,,,,False
59473,2018-09-16 15:00:00,13.3,SURF,True,,,,,,False
59487,2018-09-16 16:00:00,18.8,SURF,True,,,,,,False
59663,2018-09-17 05:00:00,56.1,SURF,True,EXTREME_TYPE1,888.0,11.0,11.0,"(111.45, 21.6);(111.45, 22.0);(111.86, 21.2);(111.86, 21.6);(111.86, 22.0);(111.86, 22.4);(112.27, 21.6);(112.27, 22.0);(112.27, 22.4);(112.68, 21.6);(112.68, 22.0)",True
59663,2018-09-17 06:00:00,74.6,SURF,True,EXTREME_TYPE1,883.0,11.0,11.0,"(111.45, 21.6);(111.45, 22.0);(111.86, 21.2);(111.86, 21.6);(111.86, 22.0);(111.86, 22.4);(112.27, 21.6);(112.27, 22.0);(112.27, 22.4);(112.68, 21.6);(112.68, 22.0)",True
59653,2018-09-17 10:00:00,10.6,SURF,True,,,,,,False
59071,2018-09-17 13:00:00,15.8,SURF,True,,,,,,False
59485,2018-09-24 09:00:00,34.4,SURF,True,EXTREME_TYPE1,3393.0,12.0,12.0,"(112.68, 22.4);(112.68, 22.8);(113.09, 22.0);(113.09, 22.4);(113.09, 22.8);(113.5, 22.0);(113.5, 22.4);(113.5, 22.8);(113.5, 23.2);(113.91, 22.0);(113.91, 22.4);(113.91, 22.8)",True
59271,2018-10-15 04:00:00,6.4,SURF,True,,,,,,False
59289,2018-10-15 17:00:00,20.3,SURF,True,EXTREME_TYPE1,2166.0,12.0,12.0,"(113.09, 22.8);(113.09, 23.2);(113.5, 22.4);(113.5, 22.8);(113.5, 23.2);(113.5, 23.6);(113.91, 22.4);(113.91, 22.8);(113.91, 23.2);(113.91, 23.6);(114.32, 22.8);(114.32, 23.2)",True
59284,2018-10-17 06:00:00,5.8,SURF,True,,,,,,False
59462,2018-10-22 20:00:00,33.6,SURF,True,EXTREME_TYPE1,1827.0,11.0,11.0,"(111.05, 22.4);(111.05, 22.8);(111.05, 23.2);(111.45, 22.4);(111.45, 22.8);(111.45, 23.2);(111.86, 22.4);(111.86, 22.8);(111.86, 23.2);(112.27, 22.4);(112.27, 22.8)",True
59456,2018-10-22 21:00:00,72.6,SURF,True,EXTREME_TYPE1,888.0,10.0,10.0,"(110.23, 22.4);(110.64, 22.0);(110.64, 22.4);(110.64, 22.8);(111.05, 22.0);(111.05, 22.4);(111.05, 22.8);(111.45, 22.0);(111.45, 22.4);(111.45, 22.8)",True
59082,2018-12-08 19:00:00,1.9,SURF,True,,,,,,False
59288,2019-02-18 10:00:00,15.4,SURF,True,,,,,,False
59469,2019-02-18 10:00:00,33.9,SURF,True,EXTREME_TYPE1,1457.0,11.0,11.0,"(111.05, 22.0);(111.45, 21.6);(111.45, 22.0);(111.45, 22.4);(111.86, 21.6);(111.86, 22.0);(111.86, 22.4);(111.86, 22.8);(112.27, 21.6);(112.27, 22.0);(112.27, 22.4)",True
59653,2019-02-21 17:00:00,12.4,SURF,True,,,,,,False
59287,2019-02-21 18:00:00,54.7,SURF,True,EXTREME_TYPE1,2031.0,9.0,9.0,"(113.09, 22.8);(113.09, 23.2);(113.09, 23.6);(113.5, 22.8);(113.5, 23.2);(113.5, 23.6);(113.91, 22.8);(113.91, 23.2);(113.91, 23.6)",True
59090,2019-02-23 15:00:00,5.3,SURF,True,,,,,,False
59664,2019-02-23 15:00:00,11.8,SURF,True,,,,,,False
59088,2019-02-23 19:00:00,1.5,SURF,True,,,,,,False
59279,2019-02-23 20:00:00,1.6,SURF,True,,,,,,False
59663,2019-03-06 12:00:00,26.6,SURF,True,EXTREME_TYPE1,1030.0,11.0,11.0,"(111.45, 21.6);(111.45, 22.0);(111.86, 21.2);(111.86, 21.6);(111.86, 22.0);(111.86, 22.4);(112.27, 21.6);(112.27, 22.0);(112.27, 22.4);(112.68, 21.6);(112.68, 22.0)",True
59480,2019-03-09 09:00:00,6.7,SURF,True,,,,,,False
59303,2019-03-22 18:00:00,63.2,SURF,True,EXTREME_TYPE1,1476.0,10.0,10.0,"(115.14, 23.6);(115.14, 24.0);(115.55, 23.6);(115.55, 24.0);(115.55, 24.4);(115.95, 23.6);(115.95, 24.0);(115.95, 24.4);(116.36, 23.6);(116.36, 24.0)",True
59650,2019-03-23 08:00:00,56.1,SURF,True,EXTREME_TYPE1,928.0,11.0,11.0,"(109.82, 21.2);(109.82, 21.6);(109.82, 22.0);(110.23, 20.8);(110.23, 21.2);(110.23, 21.6);(110.23, 22.0);(110.64, 20.8);(110.64, 21.2);(110.64, 21.6);(110.64, 22.0)",True
59082,2019-03-23 09:00:00,2.5,SURF,True,,,,,,False
59658,2019-03-23 09:00:00,70.9,SURF,True,EXTREME_TYPE1,591.0,10.0,10.0,"(109.82, 20.8);(109.82, 21.2);(109.82, 21.6);(110.23, 20.8);(110.23, 21.2);(110.23, 21.6);(110.64, 20.8);(110.64, 21.2);(110.64, 21.6);(111.05, 21.2)",True
59072,2019-03-24 01:00:00,7.7,SURF,True,,,,,,False
59268,2019-03-29 11:00:00,1.4,SURF,True,,,,,,False
59094,2019-03-29 13:00:00,8.8,SURF,True,,,,,,False
59075,2019-03-31 09:00:00,4.5,SURF,True,,,,,,False
59470,2019-03-31 22:00:00,15.2,SURF,True,,,,,,False
59456,2019-04-12 08:00:00,3.9,SURF,True,,,,,,False
59650,2019-04-12 08:00:00,66.7,SURF,True,EXTREME_TYPE1,928.0,11.0,11.0,"(109.82, 21.2);(109.82, 21.6);(109.82, 22.0);(110.23, 20.8);(110.23, 21.2);(110.23, 21.6);(110.23, 22.0);(110.64, 20.8);(110.64, 21.2);(110.64, 21.6);(110.64, 22.0)",True
59653,2019-04-12 09:00:00,32.1,SURF,True,EXTREME_TYPE1,928.0,11.0,11.0,"(110.23, 21.6);(110.23, 22.0);(110.64, 21.6);(110.64, 22.0);(110.64, 22.4);(111.05, 21.6);(111.05, 22.0);(111.05, 22.4);(111.45, 21.6);(111.45, 22.0);(111.45, 22.4)",True
59462,2019-04-12 10:00:00,3.8,SURF,True,,,,,,False
59664,2019-04-13 17:00:00,70.0,SURF,True,EXTREME_TYPE1,991.0,10.0,10.0,"(110.23, 21.6);(110.64, 21.2);(110.64, 21.6);(110.64, 22.0);(111.05, 21.2);(111.05, 21.6);(111.05, 22.0);(111.45, 21.2);(111.45, 21.6);(111.45, 22.0)",True
59456,2019-04-14 17:00:00,57.5,SURF,True,EXTREME_TYPE1,851.0,10.0,10.0,"(110.23, 22.4);(110.64, 22.0);(110.64, 22.4);(110.64, 22.8);(111.05, 22.0);(111.05, 22.4);(111.05, 22.8);(111.45, 22.0);(111.45, 22.4);(111.45, 22.8)",True
59469,2019-04-14 17:00:00,29.2,SURF,True,EXTREME_TYPE1,1396.0,11.0,11.0,"(111.05, 22.0);(111.45, 21.6);(111.45, 22.0);(111.45, 22.4);(111.86, 21.6);(111.86, 22.0);(111.86, 22.4);(111.86, 22.8);(112.27, 21.6);(112.27, 22.0);(112.27, 22.4)",True
59074,2019-04-18 14:00:00,20.6,SURF,True,EXTREME_TYPE1,827.0,9.0,9.0,"(111.86, 24.0);(111.86, 24.4);(111.86, 24.8);(112.27, 24.0);(112.27, 24.4);(112.27, 24.8);(112.27, 25.2);(112.68, 24.4);(112.68, 24.8)",True
59109,2019-04-18 20:00:00,26.9,SURF,True,EXTREME_TYPE1,927.0,12.0,12.0,"(115.14, 24.0);(115.14, 24.4);(115.55, 23.6);(115.55, 24.0);(115.55, 24.4);(115.55, 24.8);(115.95, 23.6);(115.95, 24.0);(115.95, 24.4);(115.95, 24.8);(116.36, 24.0);(116.36, 24.4)",True
59304,2019-04-19 03:00:00,33.8,SURF,True,EXTREME_TYPE1,973.0,9.0,9.0,"(114.73, 23.2);(114.73, 23.6);(114.73, 24.0);(115.14, 23.2);(115.14, 23.6);(115.14, 24.0);(115.55, 23.2);(115.55, 23.6);(115.55, 24.0)",True
59287,2019-04-19 05:00:00,29.9,SURF,True,EXTREME_TYPE1,2011.0,9.0,9.0,"(113.09, 22.8);(113.09, 23.2);(113.09, 23.6);(113.5, 22.8);(113.5, 23.2);(113.5, 23.6);(113.91, 22.8);(113.91, 23.2);(113.91, 23.6)",True
59318,2019-04-19 15:00:00,15.7,SURF,True,,,,,,False
59087,2019-04-20 10:00:00,30.0,SURF,True,EXTREME_TYPE1,1027.0,10.0,10.0,"(113.09, 23.6);(113.09, 24.0);(113.09, 24.4);(113.5, 23.2);(113.5, 23.6);(113.5, 24.0);(113.5, 24.4);(113.91, 23.6);(113.91, 24.0);(113.91, 24.4)",True
59297,2019-04-20 14:00:00,58.7,SURF,True,EXTREME_TYPE1,900.0,10.0,10.0,"(113.5, 23.2);(113.91, 22.8);(113.91, 23.2);(113.91, 23.6);(114.32, 22.8);(114.32, 23.2);(114.32, 23.6);(114.73, 22.8);(114.73, 23.2);(114.73, 23.6)",True
59290,2019-04-21 21:00:00,56.4,SURF,True,EXTREME_TYPE1,784.0,11.0,11.0,"(113.5, 23.6);(113.91, 23.2);(113.91, 23.6);(113.91, 24.0);(113.91, 24.4);(114.32, 23.2);(114.32, 23.6);(114.32, 24.0);(114.32, 24.4);(114.73, 23.6);(114.73, 24.0)",True
59294,2019-04-22 18:00:00,54.6,SURF,True,EXTREME_TYPE1,1278.0,11.0,11.0,"(113.09, 23.2);(113.5, 22.8);(113.5, 23.2);(113.5, 23.6);(113.91, 22.8);(113.91, 23.2);(113.91, 23.6);(113.91, 24.0);(114.32, 22.8);(114.32, 23.2);(114.32, 23.6)",True
59074,2019-04-25 17:00:00,1.3,SURF,True,,,,,,False
59271,2019-04-26 22:00:00,50.5,SURF,True,EXTREME_TYPE1,1275.0,11.0,11.0,"(111.86, 23.2);(111.86, 23.6);(111.86, 24.0);(112.27, 23.2);(112.27, 23.6);(112.27, 24.0);(112.68, 23.2);(112.68, 23.6);(112.68, 24.0);(113.09, 23.6);(113.09, 24.0)",True
59284,2019-04-26 23:00:00,50.7,SURF,True,EXTREME_TYPE1,1993.0,12.0,12.0,"(112.68, 23.2);(112.68, 23.6);(113.09, 22.8);(113.09, 23.2);(113.09, 23.6);(113.09, 24.0);(113.5, 22.8);(113.5, 23.2);(113.5, 23.6);(113.5, 24.0);(113.91, 23.2);(113.91, 23.6)",True
59285,2019-04-26 23:00:00,51.4,SURF,True,EXTREME_TYPE1,1291.0,10.0,10.0,"(113.09, 23.2);(113.09, 23.6);(113.09, 24.0);(113.5, 23.2);(113.5, 23.6);(113.5, 24.0);(113.91, 23.2);(113.91, 23.6);(113.91, 24.0);(114.32, 23.6)",True
59270,2019-04-27 07:00:00,3.0,SURF,True,,,,,,False
59096,2019-04-27 15:00:00,14.0,SURF,True,,,,,,False
59094,2019-04-30 08:00:00,41.9,SURF,True,EXTREME_TYPE1,546.0,12.0,12.0,"(113.5, 24.0);(113.5, 24.4);(113.5, 24.8);(113.91, 24.0);(113.91, 24.4);(113.91, 24.8);(114.32, 24.0);(114.32, 24.4);(114.32, 24.8);(114.73, 24.0);(114.73, 24.4);(114.73, 24.8)",True
59653,2019-04-30 09:00:00,53.8,SURF,True,EXTREME_TYPE1,934.0,11.0,11.0,"(110.23, 21.6);(110.23, 22.0);(110.64, 21.6);(110.64, 22.0);(110.64, 22.4);(111.05, 21.6);(111.05, 22.0);(111.05, 22.4);(111.45, 21.6);(111.45, 22.0);(111.45, 22.4)",True
59500,2019-05-06 16:00:00,4.5,SURF,True,,,,,,False
59117,2019-05-07 00:00:00,1.1,SURF,True,,,,,,False
59269,2019-05-08 10:00:00,8.2,SURF,True,,,,,,False
59082,2019-05-18 04:00:00,36.7,SURF,True,EXTREME_TYPE1,785.0,12.0,12.0,"(113.09, 24.4);(113.09, 24.8);(113.09, 25.2);(113.5, 24.0);(113.5, 24.4);(113.5, 24.8);(113.5, 25.2);(113.91, 24.4);(113.91, 24.8);(113.91, 25.2);(114.32, 24.4);(114.32, 24.8)",True
59088,2019-05-20 04:00:00,38.5,SURF,True,EXTREME_TYPE1,1026.0,12.0,12.0,"(112.68, 24.0);(112.68, 24.4);(113.09, 23.6);(113.09, 24.0);(113.09, 24.4);(113.09, 24.8);(113.5, 23.6);(113.5, 24.0);(113.5, 24.4);(113.5, 24.8);(113.91, 24.0);(113.91, 24.4)",True
59285,2019-05-20 06:00:00,27.1,SURF,True,EXTREME_TYPE1,1306.0,10.0,10.0,"(113.09, 23.2);(113.09, 23.6);(113.09, 24.0);(113.5, 23.2);(113.5, 23.6);(113.5, 24.0);(113.91, 23.2);(113.91, 23.6);(113.91, 24.0);(114.32, 23.6)",True
59653,2019-05-20 18:00:00,70.6,SURF,True,EXTREME_TYPE1,918.0,11.0,11.0,"(110.23, 21.6);(110.23, 22.0);(110.64, 21.6);(110.64, 22.0);(110.64, 22.4);(111.05, 21.6);(111.05, 22.0);(111.05, 22.4);(111.45, 21.6);(111.45, 22.0);(111.45, 22.4)",True
59653,2019-05-21 11:00:00,50.3,SURF,True,EXTREME_TYPE1,914.0,11.0,11.0,"(110.23, 21.6);(110.23, 22.0);(110.64, 21.6);(110.64, 22.0);(110.64, 22.4);(111.05, 21.6);(111.05, 22.0);(111.05, 22.4);(111.45, 21.6);(111.45, 22.0);(111.45, 22.4)",True
59287,2019-05-23 14:00:00,20.9,SURF,True,EXTREME_TYPE1,2013.0,9.0,9.0,"(113.09, 22.8);(113.09, 23.2);(113.09, 23.6);(113.5, 22.8);(113.5, 23.2);(113.5, 23.6);(113.91, 22.8);(113.91, 23.2);(113.91, 23.6)",True
59289,2019-05-23 16:00:00,56.7,SURF,True,EXTREME_TYPE1,2311.0,12.0,12.0,"(113.09, 22.8);(113.09, 23.2);(113.5, 22.4);(113.5, 22.8);(113.5, 23.2);(113.5, 23.6);(113.91, 22.4);(113.91, 22.8);(113.91, 23.2);(113.91, 23.6);(114.32, 22.8);(114.32, 23.2)",True
59663,2019-05-24 02:00:00,50.5,SURF,True,EXTREME_TYPE1,1124.0,11.0,11.0,"(111.45, 21.6);(111.45, 22.0);(111.86, 21.2);(111.86, 21.6);(111.86, 22.0);(111.86, 22.4);(112.27, 21.6);(112.27, 22.0);(112.27, 22.4);(112.68, 21.6);(112.68, 22.0)",True
59478,2019-05-25 02:00:00,59.8,SURF,True,EXTREME_TYPE1,3101.0,12.0,11.0,"(112.27, 22.0);(112.27, 22.4);(112.68, 21.6);(112.68, 22.0);(112.68, 22.4);(112.68, 22.8);(113.09, 21.6);(113.09, 22.0);(113.09, 22.4);(113.09, 22.8);(113.5, 22.4)",True
57989,2019-05-26 07:00:00,5.5,SURF,True,,,,,,False
59471,2019-05-26 15:00:00,12.4,SURF,True,,,,,,False
59488,2019-05-27 08:00:00,57.6,SURF,True,EXTREME_TYPE1,1627.0,11.0,11.0,"(113.09, 22.0);(113.09, 22.4);(113.09, 22.8);(113.5, 21.6);(113.5, 22.0);(113.5, 22.4);(113.5, 22.8);(113.91, 22.0);(113.91, 22.4);(113.91, 22.8);(114.32, 22.4)",True
59318,2019-05-27 11:00:00,34.2,SURF,True,EXTREME_TYPE1,598.0,12.0,12.0,"(115.95, 23.2);(115.95, 23.6);(116.36, 22.8);(116.36, 23.2);(116.36, 23.6);(116.36, 24.0);(116.77, 22.8);(116.77, 23.2);(116.77, 23.6);(116.77, 24.0);(117.18, 23.2);(117.18, 23.6)",True
59475,2019-05-29 07:00:00,52.3,SURF,True,EXTREME_TYPE1,4074.0,9.0,9.0,"(112.27, 22.0);(112.27, 22.4);(112.27, 22.8);(112.68, 22.0);(112.68, 22.4);(112.68, 22.8);(113.09, 22.0);(113.09, 22.4);(113.09, 22.8)",True
59481,2019-05-29 10:00:00,62.3,SURF,True,EXTREME_TYPE1,3771.0,12.0,12.0,"(112.68, 22.8);(112.68, 23.2);(113.09, 22.4);(113.09, 22.8);(113.09, 23.2);(113.09, 23.6);(113.5, 22.4);(113.5, 22.8);(113.5, 23.2);(113.5, 23.6);(113.91, 22.8);(113.91, 23.2)",True
59269,2019-05-30 19:00:00,7.2,SURF,True,,,,,,False
59659,2019-05-31 15:00:00,55.5,SURF,True,EXTREME_TYPE1,1000.0,12.0,12.0,"(110.23, 21.6);(110.23, 22.0);(110.64, 21.2);(110.64, 21.6);(110.64, 22.0);(110.64, 22.4);(111.05, 21.2);(111.05, 21.6);(111.05, 22.0);(111.05, 22.4);(111.45, 21.6);(111.45, 22.0)",True
59278,2019-06-02 20:00:00,6.7,SURF,True,,,,,,False
59290,2019-06-03 04:00:00,5.5,SURF,True,,,,,,False
59658,2019-06-04 15:00:00,20.9,SURF,True,EXTREME_TYPE1,587.0,10.0,10.0,"(109.82, 20.8);(109.82, 21.2);(109.82, 21.6);(110.23, 20.8);(110.23, 21.2);(110.23, 21.6);(110.64, 20.8);(110.64, 21.2);(110.64, 21.6);(111.05, 21.2)",True
59288,2019-06-07 11:00:00,12.5,SURF,True,,,,,,False
57996,2019-06-10 08:00:00,6.4,SURF,True,,,,,,False
59294,2019-06-10 13:00:00,24.2,SURF,True,EXTREME_TYPE1,1309.0,11.0,11.0,"(113.09, 23.2);(113.5, 22.8);(113.5, 23.2);(113.5, 23.6);(113.91, 22.8);(113.91, 23.2);(113.91, 23.6);(113.91, 24.0);(114.32, 22.8);(114.32, 23.2);(114.32, 23.6)",True
59462,2019-06-11 19:00:00,17.0,SURF,True,,,,,,False
59271,2019-06-11 20:00:00,23.2,SURF,True,EXTREME_TYPE1,1325.0,11.0,11.0,"(111.86, 23.2);(111.86, 23.6);(111.86, 24.0);(112.27, 23.2);(112.27, 23.6);(112.27, 24.0);(112.68, 23.2);(112.68, 23.6);(112.68, 24.0);(113.09, 23.6);(113.09, 24.0)",True
59278,2019-06-11 20:00:00,27.9,SURF,True,EXTREME_TYPE1,3736.0,12.0,12.0,"(111.86, 22.8);(111.86, 23.2);(112.27, 22.4);(112.27, 22.8);(112.27, 23.2);(112.27, 23.6);(112.68, 22.4);(112.68, 22.8);(112.68, 23.2);(112.68, 23.6);(113.09, 22.8);(113.09, 23.2)",True
59306,2019-06-12 14:00:00,12.8,SURF,True,,,,,,False
57988,2019-06-12 20:00:00,33.7,SURF,True,EXTREME_TYPE1,410.0,11.0,11.0,"(112.68, 24.8);(112.68, 25.2);(113.09, 24.8);(113.09, 25.2);(113.09, 25.6);(113.5, 24.8);(113.5, 25.2);(113.5, 25.6);(113.91, 24.8);(113.91, 25.2);(113.91, 25.6)",True
59487,2019-06-13 08:00:00,12.1,SURF,True,,,,,,False
59655,2019-06-13 12:00:00,41.0,SURF,True,EXTREME_TYPE1,1057.0,10.0,10.0,"(110.23, 21.2);(110.23, 21.6);(110.23, 22.0);(110.64, 21.2);(110.64, 21.6);(110.64, 22.0);(110.64, 22.4);(111.05, 21.2);(111.05, 21.6);(111.05, 22.0)",True
59663,2019-06-17 03:00:00,12.7,SURF,True,,,,,,False
59294,2019-06-18 12:00:00,30.3,SURF,True,EXTREME_TYPE1,1300.0,11.0,11.0,"(113.09, 23.2);(113.5, 22.8);(113.5, 23.2);(113.5, 23.6);(113.91, 22.8);(113.91, 23.2);(113.91, 23.6);(113.91, 24.0);(114.32, 22.8);(114.32, 23.2);(114.32, 23.6)",True
59488,2019-06-25 15:00:00,30.1,SURF,True,EXTREME_TYPE1,1622.0,11.0,11.0,"(113.09, 22.0);(113.09, 22.4);(113.09, 22.8);(113.5, 21.6);(113.5, 22.0);(113.5, 22.4);(113.5, 22.8);(113.91, 22.0);(113.91, 22.4);(113.91, 22.8);(114.32, 22.4)",True
59492,2019-06-30 13:00:00,61.1,SURF,True,EXTREME_TYPE1,926.0,11.0,5.0,"(114.32, 22.4);(114.32, 22.8);(114.32, 23.2);(114.73, 22.4);(114.73, 22.8)",True
59471,2019-07-01 23:00:00,55.9,SURF,True,EXTREME_TYPE1,2913.0,12.0,12.0,"(111.45, 22.8);(111.45, 23.2);(111.86, 22.4);(111.86, 22.8);(111.86, 23.2);(111.86, 23.6);(112.27, 22.4);(112.27, 22.8);(112.27, 23.2);(112.27, 23.6);(112.68, 22.8);(112.68, 23.2)",True
59501,2019-07-04 06:00:00,2.7,SURF,True,,,,,,False
59116,2019-07-09 14:00:00,13.5,SURF,True,,,,,,False
59314,2019-07-10 03:00:00,57.8,SURF,True,EXTREME_TYPE1,1129.0,12.0,12.0,"(115.55, 23.2);(115.55, 23.6);(115.95, 22.8);(115.95, 23.2);(115.95, 23.6);(115.95, 24.0);(116.36, 22.8);(116.36, 23.2);(116.36, 23.6);(116.36, 24.0);(116.77, 23.2);(116.77, 23.6)",True
59492,2019-07-10 05:00:00,63.8,SURF,True,EXTREME_TYPE1,911.0,11.0,11.0,"(114.32, 22.4);(114.32, 22.8);(114.32, 23.2);(114.32, 23.6);(114.73, 22.4);(114.73, 22.8);(114.73, 23.2);(114.73, 23.6);(115.14, 22.8);(115.14, 23.2);(115.14, 23.6)",True
59319,2019-07-10 07:00:00,53.4,SURF,True,EXTREME_TYPE1,575.0,11.0,11.0,"(115.95, 23.6);(116.36, 23.2);(116.36, 23.6);(116.36, 24.0);(116.77, 22.8);(116.77, 23.2);(116.77, 23.6);(116.77, 24.0);(117.18, 23.2);(117.18, 23.6);(117.18, 24.0)",True
59456,2019-07-11 13:00:00,41.8,SURF,True,EXTREME_TYPE1,886.0,10.0,10.0,"(110.23, 22.4);(110.64, 22.0);(110.64, 22.4);(110.64, 22.8);(111.05, 22.0);(111.05, 22.4);(111.05, 22.8);(111.45, 22.0);(111.45, 22.4);(111.45, 22.8)",True
59114,2019-07-11 20:00:00,50.2,SURF,True,EXTREME_TYPE1,345.0,10.0,10.0,"(115.55, 24.4);(115.55, 24.8);(115.95, 24.0);(115.95, 24.4);(115.95, 24.8);(116.36, 24.0);(116.36, 24.4);(116.36, 24.8);(116.77, 24.4);(116.77, 24.8)",True
59075,2019-07-19 16:00:00,34.2,SURF,True,EXTREME_TYPE1,1012.0,12.0,12.0,"(111.86, 24.0);(111.86, 24.4);(112.27, 24.0);(112.27, 24.4);(112.27, 24.8);(112.68, 23.6);(112.68, 24.0);(112.68, 24.4);(112.68, 24.8);(113.09, 24.0);(113.09, 24.4);(113.09, 24.8)",True
59284,2019-07-19 16:00:00,77.1,SURF,True,EXTREME_TYPE1,1972.0,12.0,12.0,"(112.68, 23.2);(112.68, 23.6);(113.09, 22.8);(113.09, 23.2);(113.09, 23.6);(113.09, 24.0);(113.5, 22.8);(113.5, 23.2);(113.5, 23.6);(113.5, 24.0);(113.91, 23.2);(113.91, 23.6)",True
59107,2019-07-19 17:00:00,64.0,SURF,True,EXTREME_TYPE1,954.0,12.0,12.0,"(114.73, 23.6);(114.73, 24.0);(114.73, 24.4);(115.14, 23.6);(115.14, 24.0);(115.14, 24.4);(115.14, 24.8);(115.55, 23.6);(115.55, 24.0);(115.55, 24.4);(115.95, 24.0);(115.95, 24.4)",True
59271,2019-07-22 16:00:00,24.9,SURF,True,EXTREME_TYPE1,1318.0,11.0,11.0,"(111.86, 23.2);(111.86, 23.6);(111.86, 24.0);(112.27, 23.2);(112.27, 23.6);(112.27, 24.0);(112.68, 23.2);(112.68, 23.6);(112.68, 24.0);(113.09, 23.6);(113.09, 24.0)",True
59500,2019-07-22 22:00:00,44.1,SURF,True,EXTREME_TYPE1,1443.0,12.0,12.0,"(114.73, 22.8);(114.73, 23.2);(115.14, 22.4);(115.14, 22.8);(115.14, 23.2);(115.14, 23.6);(115.55, 22.4);(115.55, 22.8);(115.55, 23.2);(115.55, 23.6);(115.95, 22.8);(115.95, 23.2)",True
59290,2019-07-24 18:00:00,34.9,SURF,True,EXTREME_TYPE1,799.0,11.0,11.0,"(113.5, 23.6);(113.91, 23.2);(113.91, 23.6);(113.91, 24.0);(113.91, 24.4);(114.32, 23.2);(114.32, 23.6);(114.32, 24.0);(114.32, 24.4);(114.73, 23.6);(114.73, 24.0)",True
59663,2019-07-29 07:00:00,43.7,SURF,True,EXTREME_TYPE1,1144.0,11.0,11.0,"(111.45, 21.6);(111.45, 22.0);(111.86, 21.2);(111.86, 21.6);(111.86, 22.0);(111.86, 22.4);(112.27, 21.6);(112.27, 22.0);(112.27, 22.4);(112.68, 21.6);(112.68, 22.0)",True
59487,2019-07-31 01:00:00,7.3,SURF,True,,,,,,False
59318,2019-08-01 06:00:00,6.1,SURF,True,,,,,,False
59673,2019-08-01 06:00:00,50.8,SURF,True,EXTREME_TYPE1,295.0,8.0,8.0,"(112.27, 21.6);(112.27, 22.0);(112.68, 21.6);(112.68, 22.0);(112.68, 22.4);(113.09, 21.6);(113.09, 22.0);(113.5, 21.6)",True
59664,2019-08-01 12:00:00,55.0,SURF,True,EXTREME_TYPE1,1003.0,10.0,10.0,"(110.23, 21.6);(110.64, 21.2);(110.64, 21.6);(110.64, 22.0);(111.05, 21.2);(111.05, 21.6);(111.05, 22.0);(111.45, 21.2);(111.45, 21.6);(111.45, 22.0)",True
59502,2019-08-01 13:00:00,4.5,SURF,True,,,,,,False
59664,2019-08-01 17:00:00,34.0,SURF,True,EXTREME_TYPE1,1004.0,10.0,10.0,"(110.23, 21.6);(110.64, 21.2);(110.64, 21.6);(110.64, 22.0);(111.05, 21.2);(111.05, 21.6);(111.05, 22.0);(111.45, 21.2);(111.45, 21.6);(111.45, 22.0)",True
59663,2019-08-01 18:00:00,31.5,SURF,True,EXTREME_TYPE1,1150.0,11.0,11.0,"(111.45, 21.6);(111.45, 22.0);(111.86, 21.2);(111.86, 21.6);(111.86, 22.0);(111.86, 22.4);(112.27, 21.6);(112.27, 22.0);(112.27, 22.4);(112.68, 21.6);(112.68, 22.0)",True
59750,2019-08-02 06:00:00,34.1,SURF,True,EXTREME_TYPE1,760.0,11.0,11.0,"(109.41, 21.2);(109.82, 20.4);(109.82, 20.8);(109.82, 21.2);(109.82, 21.6);(110.23, 20.4);(110.23, 20.8);(110.23, 21.2);(110.23, 21.6);(110.64, 20.8);(110.64, 21.2)",True
59487,2019-08-02 12:00:00,63.2,SURF,True,EXTREME_TYPE1,2511.0,12.0,12.0,"(112.68, 22.0);(112.68, 22.4);(113.09, 21.6);(113.09, 22.0);(113.09, 22.4);(113.09, 22.8);(113.5, 21.6);(113.5, 22.0);(113.5, 22.4);(113.5, 22.8);(113.91, 22.0);(113.91, 22.4)",True
59487,2019-08-02 13:00:00,59.1,SURF,True,EXTREME_TYPE1,2511.0,12.0,12.0,"(112.68, 22.0);(112.68, 22.4);(113.09, 21.6);(113.09, 22.0);(113.09, 22.4);(113.09, 22.8);(113.5, 21.6);(113.5, 22.0);(113.5, 22.4);(113.5, 22.8);(113.91, 22.0);(113.91, 22.4)",True
59288,2019-08-06 21:00:00,42.4,SURF,True,EXTREME_TYPE1,2765.0,10.0,10.0,"(112.27, 23.2);(112.68, 22.8);(112.68, 23.2);(112.68, 23.6);(113.09, 22.8);(113.09, 23.2);(113.09, 23.6);(113.5, 22.8);(113.5, 23.2);(113.5, 23.6)",True
59754,2019-08-07 14:00:00,52.4,SURF,True,EXTREME_TYPE1,430.0,5.0,5.0,"(109.82, 20.4);(109.82, 20.8);(110.23, 20.4);(110.23, 20.8);(110.64, 20.8)",True
59500,2019-08-14 14:00:00,67.0,SURF,True,EXTREME_TYPE1,1443.0,12.0,11.0,"(114.73, 22.8);(114.73, 23.2);(115.14, 22.4);(115.14, 22.8);(115.14, 23.2);(115.14, 23.6);(115.55, 22.8);(115.55, 23.2);(115.55, 23.6);(115.95, 22.8);(115.95, 23.2)",True
59287,2019-08-15 02:00:00,50.7,SURF,True,EXTREME_TYPE1,2030.0,9.0,9.0,"(113.09, 22.8);(113.09, 23.2);(113.09, 23.6);(113.5, 22.8);(113.5, 23.2);(113.5, 23.6);(113.91, 22.8);(113.91, 23.2);(113.91, 23.6)",True
59313,2019-08-15 16:00:00,68.4,SURF,True,EXTREME_TYPE1,170.0,9.0,9.0,"(116.36, 23.6);(116.36, 24.0);(116.77, 23.2);(116.77, 23.6);(116.77, 24.0);(117.18, 23.2);(117.18, 23.6);(117.18, 24.0);(117.59, 23.6)",True
59462,2019-08-15 16:00:00,26.7,SURF,True,EXTREME_TYPE1,1868.0,11.0,11.0,"(111.05, 22.4);(111.05, 22.8);(111.05, 23.2);(111.45, 22.4);(111.45, 22.8);(111.45, 23.2);(111.86, 22.4);(111.86, 22.8);(111.86, 23.2);(112.27, 22.4);(112.27, 22.8)",True
59654,2019-08-16 13:00:00,32.5,SURF,True,EXTREME_TYPE1,939.0,10.0,10.0,"(109.82, 21.2);(109.82, 21.6);(109.82, 22.0);(110.23, 21.2);(110.23, 21.6);(110.23, 22.0);(110.64, 21.2);(110.64, 21.6);(110.64, 22.0);(111.05, 21.6)",True
59280,2019-08-16 19:00:00,54.6,SURF,True,EXTREME_TYPE1,1365.0,10.0,10.0,"(112.68, 23.2);(112.68, 23.6);(112.68, 24.0);(113.09, 23.2);(113.09, 23.6);(113.09, 24.0);(113.09, 24.4);(113.5, 23.2);(113.5, 23.6);(113.5, 24.0)",True
59502,2019-08-18 15:00:00,58.5,SURF,True,EXTREME_TYPE1,1314.0,12.0,12.0,"(115.14, 22.8);(115.14, 23.2);(115.55, 22.4);(115.55, 22.8);(115.55, 23.2);(115.55, 23.6);(115.95, 22.4);(115.95, 22.8);(115.95, 23.2);(115.95, 23.6);(116.36, 22.8);(116.36, 23.2)",True
59469,2019-08-19 16:00:00,59.9,SURF,True,EXTREME_TYPE1,1475.0,11.0,8.0,"(111.05, 22.0);(111.45, 21.6);(111.45, 22.0);(111.45, 22.4);(111.86, 21.6);(111.86, 22.0);(111.86, 22.4);(112.27, 22.0)",True
59656,2019-08-22 01:00:00,57.6,SURF,True,FALSE,734.0,11.0,0.0,,True
59315,2019-08-25 10:00:00,22.2,SURF,True,EXTREME_TYPE1,622.0,10.0,10.0,"(115.95, 23.2);(115.95, 23.6);(115.95, 24.0);(116.36, 23.2);(116.36, 23.6);(116.36, 24.0);(116.77, 23.2);(116.77, 23.6);(116.77, 24.0);(117.18, 23.6)",True
59480,2019-08-25 20:00:00,50.0,SURF,True,EXTREME_TYPE1,3642.0,10.0,10.0,"(112.68, 22.4);(112.68, 22.8);(112.68, 23.2);(113.09, 22.4);(113.09, 22.8);(113.09, 23.2);(113.5, 22.4);(113.5, 22.8);(113.5, 23.2);(113.91, 22.8)",True
59088,2019-08-26 04:00:00,2.3,SURF,True,,,,,,False
59456,2019-08-26 07:00:00,28.7,SURF,True,EXTREME_TYPE1,894.0,10.0,10.0,"(110.23, 22.4);(110.64, 22.0);(110.64, 22.4);(110.64, 22.8);(111.05, 22.0);(111.05, 22.4);(111.05, 22.8);(111.45, 22.0);(111.45, 22.4);(111.45, 22.8)",True
59750,2019-08-31 05:00:00,35.0,SURF,True,EXTREME_TYPE1,758.0,11.0,11.0,"(109.41, 21.2);(109.82, 20.4);(109.82, 20.8);(109.82, 21.2);(109.82, 21.6);(110.23, 20.4);(110.23, 20.8);(110.23, 21.2);(110.23, 21.6);(110.64, 20.8);(110.64, 21.2)",True
59106,2019-08-31 21:00:00,60.5,SURF,True,EXTREME_TYPE1,525.0,10.0,10.0,"(115.14, 24.4);(115.14, 24.8);(115.55, 24.0);(115.55, 24.4);(115.55, 24.8);(115.95, 24.0);(115.95, 24.4);(115.95, 24.8);(116.36, 24.4);(116.36, 24.8)",True
59469,2019-08-31 23:00:00,5.9,SURF,True,,,,,,False
59493,2019-09-02 03:00:00,11.2,SURF,True,,,,,,False
59750,2019-09-02 14:00:00,6.1,SURF,True,,,,,,False
59117,2019-09-02 15:00:00,51.6,SURF,True,EXTREME_TYPE1,639.0,12.0,12.0,"(115.55, 24.0);(115.55, 24.4);(115.55, 24.8);(115.95, 23.6);(115.95, 24.0);(115.95, 24.4);(115.95, 24.8);(116.36, 24.0);(116.36, 24.4);(116.36, 24.8);(116.77, 24.0);(116.77, 24.4)",True
59478,2019-09-08 16:00:00,62.5,SURF,True,EXTREME_TYPE1,3076.0,12.0,9.0,"(112.27, 22.0);(112.27, 22.4);(112.68, 22.0);(112.68, 22.4);(112.68, 22.8);(113.09, 22.0);(113.09, 22.4);(113.09, 22.8);(113.5, 22.4)",True
59492,2019-09-11 19:00:00,9.2,SURF,True,,,,,,False
59276,2019-09-15 04:00:00,21.7,SURF,True,EXTREME_TYPE1,2676.0,10.0,10.0,"(112.27, 22.8);(112.27, 23.2);(112.27, 23.6);(112.68, 22.8);(112.68, 23.2);(112.68, 23.6);(112.68, 24.0);(113.09, 22.8);(113.09, 23.2);(113.09, 23.6)",True
59486,2019-09-16 04:00:00,5.2,SURF,True,,,,,,False
59480,2019-09-17 09:00:00,14.8,SURF,True,,,,,,False
59487,2019-09-17 20:00:00,16.0,SURF,True,,,,,,False
59487,2019-10-07 03:00:00,10.2,SURF,True,,,,,,False
G2696,2019-10-26 10:00:00,42.2,AWST,False,FALSE,3797.0,11.0,0.0,,True
G2696,2019-10-26 14:00:00,1.1,AWST,False,,,,,,False
G2696,2019-10-26 18:00:00,189.7,AWST,False,FALSE,3801.0,11.0,0.0,,True
G2696,2019-10-26 21:00:00,37.8,AWST,False,EXTREME_TYPE4,3803.0,11.0,2.0,"(111.86, 22.8);(112.27, 22.4)",True
59279,2020-02-03 21:00:00,3.8,SURF,True,,,,,,False
59654,2020-02-13 07:00:00,22.9,SURF,True,EXTREME_TYPE1,939.0,10.0,10.0,"(109.82, 21.2);(109.82, 21.6);(109.82, 22.0);(110.23, 21.2);(110.23, 21.6);(110.23, 22.0);(110.64, 21.2);(110.64, 21.6);(110.64, 22.0);(111.05, 21.6)",True
59287,2020-02-15 12:00:00,25.7,SURF,True,EXTREME_TYPE1,2079.0,9.0,9.0,"(113.09, 22.8);(113.09, 23.2);(113.09, 23.6);(113.5, 22.8);(113.5, 23.2);(113.5, 23.6);(113.91, 22.8);(113.91, 23.2);(113.91, 23.6)",True
59480,2020-02-15 18:00:00,4.2,SURF,True,,,,,,False
59462,2020-03-04 08:00:00,1.5,SURF,True,,,,,,False
59096,2020-03-04 16:00:00,1.5,SURF,True,,,,,,False
59659,2020-03-04 17:00:00,3.9,SURF,True,,,,,,False
59754,2020-03-06 07:00:00,3.1,SURF,True,,,,,,False
59278,2020-03-18 10:00:00,1.0,SURF,True,,,,,,False
59270,2020-03-19 05:00:00,1.5,SURF,True,,,,,,False
59750,2020-03-21 09:00:00,6.4,SURF,True,,,,,,False
59287,2020-03-27 20:00:00,22.7,SURF,True,EXTREME_TYPE1,2125.0,9.0,9.0,"(113.09, 22.8);(113.09, 23.2);(113.09, 23.6);(113.5, 22.8);(113.5, 23.2);(113.5, 23.6);(113.91, 22.8);(113.91, 23.2);(113.91, 23.6)",True
59264,2020-03-27 22:00:00,13.4,SURF,True,,,,,,False
59473,2020-03-27 22:00:00,70.4,SURF,True,EXTREME_TYPE1,4126.0,10.0,10.0,"(112.27, 22.8);(112.68, 22.4);(112.68, 22.8);(112.68, 23.2);(113.09, 22.4);(113.09, 22.8);(113.09, 23.2);(113.5, 22.4);(113.5, 22.8);(113.5, 23.2)",True
59673,2020-03-28 06:00:00,60.8,SURF,True,EXTREME_TYPE4,323.0,8.0,4.0,"(112.27, 21.6);(112.27, 22.0);(112.68, 22.0);(112.68, 22.4)",True
59271,2020-04-11 18:00:00,1.4,SURF,True,,,,,,False
59471,2020-04-22 16:00:00,24.0,SURF,True,EXTREME_TYPE1,3015.0,12.0,12.0,"(111.45, 22.8);(111.45, 23.2);(111.86, 22.4);(111.86, 22.8);(111.86, 23.2);(111.86, 23.6);(112.27, 22.4);(112.27, 22.8);(112.27, 23.2);(112.27, 23.6);(112.68, 22.8);(112.68, 23.2)",True
59654,2020-04-22 16:00:00,54.0,SURF,True,EXTREME_TYPE1,936.0,10.0,10.0,"(109.82, 21.2);(109.82, 21.6);(109.82, 22.0);(110.23, 21.2);(110.23, 21.6);(110.23, 22.0);(110.64, 21.2);(110.64, 21.6);(110.64, 22.0);(111.05, 21.6)",True
59279,2020-04-22 18:00:00,19.6,SURF,True,,,,,,False
59297,2020-04-22 20:00:00,12.5,SURF,True,,,,,,False
59287,2020-05-10 15:00:00,21.0,SURF,True,EXTREME_TYPE1,2109.0,9.0,9.0,"(113.09, 22.8);(113.09, 23.2);(113.09, 23.6);(113.5, 22.8);(113.5, 23.2);(113.5, 23.6);(113.91, 22.8);(113.91, 23.2);(113.91, 23.6)",True
59488,2020-05-10 19:00:00,36.9,SURF,True,EXTREME_TYPE1,1656.0,11.0,11.0,"(113.09, 22.0);(113.09, 22.4);(113.09, 22.8);(113.5, 21.6);(113.5, 22.0);(113.5, 22.4);(113.5, 22.8);(113.91, 22.0);(113.91, 22.4);(113.91, 22.8);(114.32, 22.4)",True
59298,2020-05-16 17:00:00,53.0,SURF,True,EXTREME_TYPE1,1184.0,11.0,11.0,"(113.91, 22.8);(113.91, 23.2);(113.91, 23.6);(114.32, 22.4);(114.32, 22.8);(114.32, 23.2);(114.32, 23.6);(114.73, 22.8);(114.73, 23.2);(114.73, 23.6);(115.14, 23.2)",True
59473,2020-05-16 23:00:00,6.4,SURF,True,,,,,,False
59314,2020-05-17 15:00:00,23.0,SURF,True,EXTREME_TYPE1,1220.0,12.0,12.0,"(115.55, 23.2);(115.55, 23.6);(115.95, 22.8);(115.95, 23.2);(115.95, 23.6);(115.95, 24.0);(116.36, 22.8);(116.36, 23.2);(116.36, 23.6);(116.36, 24.0);(116.77, 23.2);(116.77, 23.6)",True
59655,2020-05-17 15:00:00,12.9,SURF,True,,,,,,False
59476,2020-05-17 17:00:00,78.8,SURF,True,EXTREME_TYPE1,4760.0,11.0,11.0,"(112.27, 22.4);(112.68, 22.0);(112.68, 22.4);(112.68, 22.8);(113.09, 22.0);(113.09, 22.4);(113.09, 22.8);(113.09, 23.2);(113.5, 22.0);(113.5, 22.4);(113.5, 22.8)",True
59284,2020-05-17 21:00:00,14.0,SURF,True,,,,,,False
59297,2020-05-20 15:00:00,54.2,SURF,True,EXTREME_TYPE1,920.0,10.0,10.0,"(113.5, 23.2);(113.91, 22.8);(113.91, 23.2);(113.91, 23.6);(114.32, 22.8);(114.32, 23.2);(114.32, 23.6);(114.73, 22.8);(114.73, 23.2);(114.73, 23.6)",True
59284,2020-05-21 00:00:00,30.5,SURF,True,EXTREME_TYPE1,2115.0,12.0,12.0,"(112.68, 23.2);(112.68, 23.6);(113.09, 22.8);(113.09, 23.2);(113.09, 23.6);(113.09, 24.0);(113.5, 22.8);(113.5, 23.2);(113.5, 23.6);(113.5, 24.0);(113.91, 23.2);(113.91, 23.6)",True
59673,2020-05-21 05:00:00,55.7,SURF,True,EXTREME_TYPE1,333.0,8.0,8.0,"(112.27, 21.6);(112.27, 22.0);(112.68, 21.6);(112.68, 22.0);(112.68, 22.4);(113.09, 21.6);(113.09, 22.0);(113.5, 21.6)",True
59673,2020-05-21 06:00:00,106.2,SURF,True,EXTREME_TYPE1,331.0,8.0,8.0,"(112.27, 21.6);(112.27, 22.0);(112.68, 21.6);(112.68, 22.0);(112.68, 22.4);(113.09, 21.6);(113.09, 22.0);(113.5, 21.6)",True
59673,2020-05-21 07:00:00,161.0,SURF,True,EXTREME_TYPE1,330.0,8.0,8.0,"(112.27, 21.6);(112.27, 22.0);(112.68, 21.6);(112.68, 22.0);(112.68, 22.4);(113.09, 21.6);(113.09, 22.0);(113.5, 21.6)",True
59500,2020-05-21 19:00:00,21.4,SURF,True,EXTREME_TYPE1,1591.0,12.0,12.0,"(114.73, 22.8);(114.73, 23.2);(115.14, 22.4);(115.14, 22.8);(115.14, 23.2);(115.14, 23.6);(115.55, 22.4);(115.55, 22.8);(115.55, 23.2);(115.55, 23.6);(115.95, 22.8);(115.95, 23.2)",True
59294,2020-05-22 00:00:00,92.5,SURF,True,EXTREME_TYPE1,1339.0,11.0,11.0,"(113.09, 23.2);(113.5, 22.8);(113.5, 23.2);(113.5, 23.6);(113.91, 22.8);(113.91, 23.2);(113.91, 23.6);(113.91, 24.0);(114.32, 22.8);(114.32, 23.2);(114.32, 23.6)",True
59284,2020-05-22 02:00:00,13.7,SURF,True,,,,,,False
59287,2020-05-22 03:00:00,84.7,SURF,True,EXTREME_TYPE1,2107.0,9.0,9.0,"(113.09, 22.8);(113.09, 23.2);(113.09, 23.6);(113.5, 22.8);(113.5, 23.2);(113.5, 23.6);(113.91, 22.8);(113.91, 23.2);(113.91, 23.6)",True
59480,2020-05-22 07:00:00,63.2,SURF,True,EXTREME_TYPE1,3734.0,10.0,10.0,"(112.68, 22.4);(112.68, 22.8);(112.68, 23.2);(113.09, 22.4);(113.09, 22.8);(113.09, 23.2);(113.5, 22.4);(113.5, 22.8);(113.5, 23.2);(113.91, 22.8)",True
59477,2020-05-22 08:00:00,51.7,SURF,True,EXTREME_TYPE1,3282.0,10.0,10.0,"(111.86, 22.0);(111.86, 22.4);(111.86, 22.8);(112.27, 21.6);(112.27, 22.0);(112.27, 22.4);(112.27, 22.8);(112.68, 22.0);(112.68, 22.4);(112.68, 22.8)",True
59476,2020-05-22 09:00:00,11.8,SURF,True,,,,,,False
59477,2020-05-25 05:00:00,5.8,SURF,True,,,,,,False
59478,2020-05-30 07:00:00,51.2,SURF,True,EXTREME_TYPE1,3234.0,12.0,12.0,"(112.27, 22.0);(112.27, 22.4);(112.68, 21.6);(112.68, 22.0);(112.68, 22.4);(112.68, 22.8);(113.09, 21.6);(113.09, 22.0);(113.09, 22.4);(113.09, 22.8);(113.5, 22.0);(113.5, 22.4)",True
59298,2020-05-31 13:00:00,70.3,SURF,True,EXTREME_TYPE1,1209.0,11.0,11.0,"(113.91, 22.8);(113.91, 23.2);(113.91, 23.6);(114.32, 22.4);(114.32, 22.8);(114.32, 23.2);(114.32, 23.6);(114.73, 22.8);(114.73, 23.2);(114.73, 23.6);(115.14, 23.2)",True
59663,2020-06-02 09:00:00,79.8,SURF,True,EXTREME_TYPE1,1199.0,11.0,11.0,"(111.45, 21.6);(111.45, 22.0);(111.86, 21.2);(111.86, 21.6);(111.86, 22.0);(111.86, 22.4);(112.27, 21.6);(112.27, 22.0);(112.27, 22.4);(112.68, 21.6);(112.68, 22.0)",True
59294,2020-06-05 12:00:00,32.0,SURF,True,EXTREME_TYPE1,1334.0,11.0,11.0,"(113.09, 23.2);(113.5, 22.8);(113.5, 23.2);(113.5, 23.6);(113.91, 22.8);(113.91, 23.2);(113.91, 23.6);(113.91, 24.0);(114.32, 22.8);(114.32, 23.2);(114.32, 23.6)",True
59481,2020-06-05 17:00:00,17.0,SURF,True,,,,,,False
59664,2020-06-05 17:00:00,30.3,SURF,True,EXTREME_TYPE1,1016.0,10.0,10.0,"(110.23, 21.6);(110.64, 21.2);(110.64, 21.6);(110.64, 22.0);(111.05, 21.2);(111.05, 21.6);(111.05, 22.0);(111.45, 21.2);(111.45, 21.6);(111.45, 22.0)",True
59280,2020-06-06 16:00:00,56.0,SURF,True,EXTREME_TYPE1,1415.0,10.0,10.0,"(112.68, 23.2);(112.68, 23.6);(112.68, 24.0);(113.09, 23.2);(113.09, 23.6);(113.09, 24.0);(113.09, 24.4);(113.5, 23.2);(113.5, 23.6);(113.5, 24.0)",True
59075,2020-06-07 03:00:00,54.4,SURF,True,EXTREME_TYPE1,1022.0,12.0,12.0,"(111.86, 24.0);(111.86, 24.4);(112.27, 24.0);(112.27, 24.4);(112.27, 24.8);(112.68, 23.6);(112.68, 24.0);(112.68, 24.4);(112.68, 24.8);(113.09, 24.0);(113.09, 24.4);(113.09, 24.8)",True
59319,2020-06-07 09:00:00,13.4,SURF,True,,,,,,False
59087,2020-06-07 18:00:00,52.2,SURF,True,EXTREME_TYPE1,1062.0,10.0,10.0,"(113.09, 23.6);(113.09, 24.0);(113.09, 24.4);(113.5, 23.2);(113.5, 23.6);(113.5, 24.0);(113.5, 24.4);(113.91, 23.6);(113.91, 24.0);(113.91, 24.4)",True
59285,2020-06-07 22:00:00,52.7,SURF,True,EXTREME_TYPE1,1326.0,10.0,10.0,"(113.09, 23.2);(113.09, 23.6);(113.09, 24.0);(113.5, 23.2);(113.5, 23.6);(113.5, 24.0);(113.91, 23.2);(113.91, 23.6);(113.91, 24.0);(114.32, 23.6)",True
59501,2020-06-08 07:00:00,45.3,SURF,True,EXTREME_TYPE1,1583.0,12.0,12.0,"(114.73, 22.4);(114.73, 22.8);(114.73, 23.2);(115.14, 22.4);(115.14, 22.8);(115.14, 23.2);(115.55, 22.4);(115.55, 22.8);(115.55, 23.2);(115.95, 22.4);(115.95, 22.8);(115.95, 23.2)",True
59297,2020-06-08 11:00:00,30.6,SURF,True,EXTREME_TYPE1,910.0,10.0,10.0,"(113.5, 23.2);(113.91, 22.8);(113.91, 23.2);(113.91, 23.6);(114.32, 22.8);(114.32, 23.2);(114.32, 23.6);(114.73, 22.8);(114.73, 23.2);(114.73, 23.6)",True
59294,2020-06-08 12:00:00,34.0,SURF,True,EXTREME_TYPE1,1321.0,11.0,11.0,"(113.09, 23.2);(113.5, 22.8);(113.5, 23.2);(113.5, 23.6);(113.91, 22.8);(113.91, 23.2);(113.91, 23.6);(113.91, 24.0);(114.32, 22.8);(114.32, 23.2);(114.32, 23.6)",True
59297,2020-06-08 12:00:00,89.7,SURF,True,EXTREME_TYPE1,911.0,10.0,10.0,"(113.5, 23.2);(113.91, 22.8);(113.91, 23.2);(113.91, 23.6);(114.32, 22.8);(114.32, 23.2);(114.32, 23.6);(114.73, 22.8);(114.73, 23.2);(114.73, 23.6)",True
59285,2020-06-08 13:00:00,2.4,SURF,True,,,,,,False
59279,2020-06-09 19:00:00,16.0,SURF,True,,,,,,False
59750,2020-06-15 16:00:00,17.3,SURF,True,,,,,,False
59754,2020-07-04 19:00:00,1.3,SURF,True,,,,,,False
59075,2020-07-10 00:00:00,9.6,SURF,True,,,,,,False
59316,2020-07-14 21:00:00,41.8,SURF,True,EXTREME_TYPE1,623.0,12.0,12.0,"(115.95, 23.2);(115.95, 23.6);(116.36, 22.8);(116.36, 23.2);(116.36, 23.6);(116.36, 24.0);(116.77, 22.8);(116.77, 23.2);(116.77, 23.6);(116.77, 24.0);(117.18, 23.2);(117.18, 23.6)",True
59290,2020-07-31 12:00:00,2.5,SURF,True,,,,,,False
59315,2020-07-31 20:00:00,5.6,SURF,True,,,,,,False
59319,2020-08-11 07:00:00,7.5,SURF,True,,,,,,False
59500,2020-08-12 12:00:00,21.7,SURF,True,EXTREME_TYPE1,1612.0,12.0,12.0,"(114.73, 22.8);(114.73, 23.2);(115.14, 22.4);(115.14, 22.8);(115.14, 23.2);(115.14, 23.6);(115.55, 22.4);(115.55, 22.8);(115.55, 23.2);(115.55, 23.6);(115.95, 22.8);(115.95, 23.2)",True
59289,2020-08-12 14:00:00,34.3,SURF,True,EXTREME_TYPE1,2406.0,12.0,12.0,"(113.09, 22.8);(113.09, 23.2);(113.5, 22.4);(113.5, 22.8);(113.5, 23.2);(113.5, 23.6);(113.91, 22.4);(113.91, 22.8);(113.91, 23.2);(113.91, 23.6);(114.32, 22.8);(114.32, 23.2)",True
59650,2020-08-15 17:00:00,75.6,SURF,True,EXTREME_TYPE1,949.0,11.0,10.0,"(109.82, 21.2);(109.82, 21.6);(110.23, 20.8);(110.23, 21.2);(110.23, 21.6);(110.23, 22.0);(110.64, 20.8);(110.64, 21.2);(110.64, 21.6);(110.64, 22.0)",True
59316,2020-08-18 16:00:00,7.8,SURF,True,,,,,,False
59488,2020-08-19 08:00:00,10.3,SURF,True,,,,,,False
59478,2020-08-19 10:00:00,55.8,SURF,True,EXTREME_TYPE1,3236.0,12.0,12.0,"(112.27, 22.0);(112.27, 22.4);(112.68, 21.6);(112.68, 22.0);(112.68, 22.4);(112.68, 22.8);(113.09, 21.6);(113.09, 22.0);(113.09, 22.4);(113.09, 22.8);(113.5, 22.0);(113.5, 22.4)",True
59654,2020-08-19 15:00:00,5.5,SURF,True,,,,,,False
59502,2020-08-24 21:00:00,52.9,SURF,True,EXTREME_TYPE1,1454.0,12.0,12.0,"(115.14, 22.8);(115.14, 23.2);(115.55, 22.4);(115.55, 22.8);(115.55, 23.2);(115.55, 23.6);(115.95, 22.4);(115.95, 22.8);(115.95, 23.2);(115.95, 23.6);(116.36, 22.8);(116.36, 23.2)",True
59269,2020-08-26 15:00:00,6.3,SURF,True,,,,,,False
59476,2020-08-26 19:00:00,37.4,SURF,True,EXTREME_TYPE1,4819.0,11.0,11.0,"(112.27, 22.4);(112.68, 22.0);(112.68, 22.4);(112.68, 22.8);(113.09, 22.0);(113.09, 22.4);(113.09, 22.8);(113.09, 23.2);(113.5, 22.0);(113.5, 22.4);(113.5, 22.8)",True
59117,2020-08-27 19:00:00,45.1,SURF,True,EXTREME_TYPE1,660.0,12.0,12.0,"(115.55, 24.0);(115.55, 24.4);(115.55, 24.8);(115.95, 23.6);(115.95, 24.0);(115.95, 24.4);(115.95, 24.8);(116.36, 24.0);(116.36, 24.4);(116.36, 24.8);(116.77, 24.0);(116.77, 24.4)",True
59284,2020-09-05 10:00:00,25.2,SURF,True,EXTREME_TYPE1,2111.0,12.0,12.0,"(112.68, 23.2);(112.68, 23.6);(113.09, 22.8);(113.09, 23.2);(113.09, 23.6);(113.09, 24.0);(113.5, 22.8);(113.5, 23.2);(113.5, 23.6);(113.5, 24.0);(113.91, 23.2);(113.91, 23.6)",True
59486,2020-09-05 12:00:00,17.5,SURF,True,,,,,,False
59270,2020-09-06 23:00:00,15.2,SURF,True,,,,,,False
59072,2020-09-07 18:00:00,25.2,SURF,True,EXTREME_TYPE1,1028.0,9.0,9.0,"(111.86, 24.4);(111.86, 24.8);(112.27, 24.4);(112.27, 24.8);(112.27, 25.2);(112.68, 24.4);(112.68, 24.8);(112.68, 25.2);(113.09, 24.8)",True
59264,2020-09-12 01:00:00,65.0,SURF,True,EXTREME_TYPE1,520.0,9.0,9.0,"(111.05, 23.2);(111.45, 22.8);(111.45, 23.2);(111.45, 23.6);(111.45, 24.0);(111.86, 22.8);(111.86, 23.2);(111.86, 23.6);(111.86, 24.0)",True
59315,2020-09-12 16:00:00,60.3,SURF,True,EXTREME_TYPE1,633.0,10.0,10.0,"(115.95, 23.2);(115.95, 23.6);(115.95, 24.0);(116.36, 23.2);(116.36, 23.6);(116.36, 24.0);(116.77, 23.2);(116.77, 23.6);(116.77, 24.0);(117.18, 23.6)",True
59475,2020-09-12 17:00:00,65.1,SURF,True,EXTREME_TYPE1,4291.0,9.0,9.0,"(112.27, 22.0);(112.27, 22.4);(112.27, 22.8);(112.68, 22.0);(112.68, 22.4);(112.68, 22.8);(113.09, 22.0);(113.09, 22.4);(113.09, 22.8)",True
59106,2020-09-13 20:00:00,12.2,SURF,True,,,,,,False
59271,2020-09-20 09:00:00,35.5,SURF,True,EXTREME_TYPE1,1356.0,11.0,11.0,"(111.86, 23.2);(111.86, 23.6);(111.86, 24.0);(112.27, 23.2);(112.27, 23.6);(112.27, 24.0);(112.68, 23.2);(112.68, 23.6);(112.68, 24.0);(113.09, 23.6);(113.09, 24.0)",True
59673,2020-09-23 11:00:00,20.3,SURF,True,EXTREME_TYPE1,322.0,8.0,8.0,"(112.27, 21.6);(112.27, 22.0);(112.68, 21.6);(112.68, 22.0);(112.68, 22.4);(113.09, 21.6);(113.09, 22.0);(113.5, 21.6)",True
59673,2020-09-23 12:00:00,52.7,SURF,True,EXTREME_TYPE1,321.0,8.0,8.0,"(112.27, 21.6);(112.27, 22.0);(112.68, 21.6);(112.68, 22.0);(112.68, 22.4);(113.09, 21.6);(113.09, 22.0);(113.5, 21.6)",True
59462,2020-09-24 02:00:00,44.0,SURF,True,EXTREME_TYPE1,1902.0,11.0,10.0,"(111.05, 22.4);(111.05, 22.8);(111.45, 22.4);(111.45, 22.8);(111.45, 23.2);(111.86, 22.4);(111.86, 22.8);(111.86, 23.2);(112.27, 22.4);(112.27, 22.8)",True
59088,2020-09-30 08:00:00,31.8,SURF,True,EXTREME_TYPE1,1094.0,12.0,12.0,"(112.68, 24.0);(112.68, 24.4);(113.09, 23.6);(113.09, 24.0);(113.09, 24.4);(113.09, 24.8);(113.5, 23.6);(113.5, 24.0);(113.5, 24.4);(113.5, 24.8);(113.91, 24.0);(113.91, 24.4)",True
59486,2020-09-30 17:00:00,60.6,SURF,True,EXTREME_TYPE1,2402.0,10.0,10.0,"(113.5, 22.4);(113.5, 22.8);(113.5, 23.2);(113.91, 22.0);(113.91, 22.4);(113.91, 22.8);(113.91, 23.2);(114.32, 22.4);(114.32, 22.8);(114.32, 23.2)",True
59653,2020-09-30 17:00:00,68.5,SURF,True,EXTREME_TYPE1,955.0,11.0,11.0,"(110.23, 21.6);(110.23, 22.0);(110.64, 21.6);(110.64, 22.0);(110.64, 22.4);(111.05, 21.6);(111.05, 22.0);(111.05, 22.4);(111.45, 21.6);(111.45, 22.0);(111.45, 22.4)",True
59653,2020-10-13 22:00:00,2.1,SURF,True,,,,,,False
59656,2020-10-15 00:00:00,22.0,SURF,True,EXTREME_TYPE1,732.0,11.0,11.0,"(110.23, 21.2);(110.23, 21.6);(110.64, 20.8);(110.64, 21.2);(110.64, 21.6);(110.64, 22.0);(111.05, 21.2);(111.05, 21.6);(111.05, 22.0);(111.45, 21.2);(111.45, 21.6)",True
59654,2021-04-26 08:00:00,65.9,SURF,True,EXTREME_TYPE1,979.0,10.0,10.0,"(109.82, 21.2);(109.82, 21.6);(109.82, 22.0);(110.23, 21.2);(110.23, 21.6);(110.23, 22.0);(110.64, 21.2);(110.64, 21.6);(110.64, 22.0);(111.05, 21.6)",True
59290,2021-04-26 22:00:00,8.6,SURF,True,,,,,,False
59655,2021-05-02 14:00:00,55.0,SURF,True,EXTREME_TYPE1,1115.0,10.0,9.0,"(110.23, 21.2);(110.23, 21.6);(110.23, 22.0);(110.64, 21.2);(110.64, 21.6);(110.64, 22.0);(111.05, 21.2);(111.05, 21.6);(111.05, 22.0)",True
59285,2021-05-03 00:00:00,1.0,SURF,True,,,,,,False
59750,2021-05-03 17:00:00,43.1,SURF,True,EXTREME_TYPE1,772.0,11.0,11.0,"(109.41, 21.2);(109.82, 20.4);(109.82, 20.8);(109.82, 21.2);(109.82, 21.6);(110.23, 20.4);(110.23, 20.8);(110.23, 21.2);(110.23, 21.6);(110.64, 20.8);(110.64, 21.2)",True
59071,2021-05-04 08:00:00,15.1,SURF,True,,,,,,False
59294,2021-05-25 05:00:00,4.3,SURF,True,,,,,,False
59316,2021-05-31 08:00:00,5.2,SURF,True,,,,,,False
59317,2021-05-31 08:00:00,62.4,SURF,True,EXTREME_TYPE1,1135.0,9.0,9.0,"(115.95, 22.4);(115.95, 22.8);(115.95, 23.2);(115.95, 23.6);(116.36, 22.8);(116.36, 23.2);(116.36, 23.6);(116.77, 22.8);(116.77, 23.2)",True
59488,2021-06-01 04:00:00,62.2,SURF,True,EXTREME_TYPE1,1677.0,11.0,11.0,"(113.09, 22.0);(113.09, 22.4);(113.09, 22.8);(113.5, 21.6);(113.5, 22.0);(113.5, 22.4);(113.5, 22.8);(113.91, 22.0);(113.91, 22.4);(113.91, 22.8);(114.32, 22.4)",True
59284,2021-06-01 16:00:00,76.0,SURF,True,EXTREME_TYPE1,2120.0,12.0,12.0,"(112.68, 23.2);(112.68, 23.6);(113.09, 22.8);(113.09, 23.2);(113.09, 23.6);(113.09, 24.0);(113.5, 22.8);(113.5, 23.2);(113.5, 23.6);(113.5, 24.0);(113.91, 23.2);(113.91, 23.6)",True
59264,2021-06-02 15:00:00,30.2,SURF,True,EXTREME_TYPE1,533.0,9.0,9.0,"(111.05, 23.2);(111.45, 22.8);(111.45, 23.2);(111.45, 23.6);(111.45, 24.0);(111.86, 22.8);(111.86, 23.2);(111.86, 23.6);(111.86, 24.0)",True
59287,2021-06-04 04:00:00,12.0,SURF,True,,,,,,False
59456,2021-06-08 18:00:00,63.7,SURF,True,EXTREME_TYPE4,924.0,10.0,2.0,"(110.64, 22.0);(111.05, 22.0)",True
59293,2021-06-10 20:00:00,8.5,SURF,True,,,,,,False
59270,2021-06-14 17:00:00,14.7,SURF,True,,,,,,False
59480,2021-06-22 06:00:00,55.3,SURF,True,EXTREME_TYPE1,3778.0,10.0,10.0,"(112.68, 22.4);(112.68, 22.8);(112.68, 23.2);(113.09, 22.4);(113.09, 22.8);(113.09, 23.2);(113.5, 22.4);(113.5, 22.8);(113.5, 23.2);(113.91, 22.8)",True
59481,2021-06-22 09:00:00,2.1,SURF,True,,,,,,False
59074,2021-06-22 15:00:00,52.3,SURF,True,EXTREME_TYPE1,918.0,9.0,9.0,"(111.86, 24.0);(111.86, 24.4);(111.86, 24.8);(112.27, 24.0);(112.27, 24.4);(112.27, 24.8);(112.27, 25.2);(112.68, 24.4);(112.68, 24.8)",True
59107,2021-06-22 15:00:00,30.5,SURF,True,EXTREME_TYPE1,1220.0,12.0,12.0,"(114.73, 23.6);(114.73, 24.0);(114.73, 24.4);(115.14, 23.6);(115.14, 24.0);(115.14, 24.4);(115.14, 24.8);(115.55, 23.6);(115.55, 24.0);(115.55, 24.4);(115.95, 24.0);(115.95, 24.4)",True
59096,2021-06-22 19:00:00,8.4,SURF,True,,,,,,False
59264,2021-06-23 16:00:00,2.0,SURF,True,,,,,,False
59487,2021-06-24 06:00:00,10.3,SURF,True,,,,,,False
59280,2021-06-25 18:00:00,54.6,SURF,True,EXTREME_TYPE1,1450.0,10.0,10.0,"(112.68, 23.2);(112.68, 23.6);(112.68, 24.0);(113.09, 23.2);(113.09, 23.6);(113.09, 24.0);(113.09, 24.4);(113.5, 23.2);(113.5, 23.6);(113.5, 24.0)",True
59477,2021-06-25 18:00:00,10.1,SURF,True,,,,,,False
59114,2021-06-29 12:00:00,16.3,SURF,True,,,,,,False
59477,2021-06-30 11:00:00,2.0,SURF,True,,,,,,False
59655,2021-06-30 15:00:00,53.7,SURF,True,EXTREME_TYPE1,1115.0,10.0,9.0,"(110.23, 21.2);(110.23, 21.6);(110.23, 22.0);(110.64, 21.2);(110.64, 21.6);(110.64, 22.0);(111.05, 21.2);(111.05, 21.6);(111.05, 22.0)",True
59488,2021-07-19 03:00:00,25.2,SURF,True,EXTREME_TYPE1,1756.0,11.0,11.0,"(113.09, 22.0);(113.09, 22.4);(113.09, 22.8);(113.5, 21.6);(113.5, 22.0);(113.5, 22.4);(113.5, 22.8);(113.91, 22.0);(113.91, 22.4);(113.91, 22.8);(114.32, 22.4)",True
59471,2021-07-21 19:00:00,26.2,SURF,True,EXTREME_TYPE1,3181.0,12.0,12.0,"(111.45, 22.8);(111.45, 23.2);(111.86, 22.4);(111.86, 22.8);(111.86, 23.2);(111.86, 23.6);(112.27, 22.4);(112.27, 22.8);(112.27, 23.2);(112.27, 23.6);(112.68, 22.8);(112.68, 23.2)",True
59071,2021-07-21 21:00:00,5.2,SURF,True,,,,,,False
59493,2021-07-25 00:00:00,65.3,SURF,True,EXTREME_TYPE1,1702.0,13.0,13.0,"(113.5, 22.0);(113.5, 22.4);(113.5, 22.8);(113.91, 22.0);(113.91, 22.4);(113.91, 22.8);(113.91, 23.2);(114.32, 22.0);(114.32, 22.4);(114.32, 22.8);(114.32, 23.2);(114.73, 22.4);(114.73, 22.8)",True
59298,2021-07-27 21:00:00,26.9,SURF,True,EXTREME_TYPE1,1246.0,11.0,11.0,"(113.91, 22.8);(113.91, 23.2);(113.91, 23.6);(114.32, 22.4);(114.32, 22.8);(114.32, 23.2);(114.32, 23.6);(114.73, 22.8);(114.73, 23.2);(114.73, 23.6);(115.14, 23.2)",True
59099,2021-07-30 17:00:00,57.5,SURF,True,EXTREME_TYPE1,758.0,10.0,9.0,"(114.32, 24.4);(114.32, 24.8);(114.73, 24.0);(114.73, 24.4);(114.73, 24.8);(115.14, 24.0);(115.14, 24.4);(115.55, 24.4);(115.55, 24.8)",True
59106,2021-08-08 18:00:00,50.4,SURF,True,EXTREME_TYPE1,549.0,10.0,10.0,"(115.14, 24.4);(115.14, 24.8);(115.55, 24.0);(115.55, 24.4);(115.55, 24.8);(115.95, 24.0);(115.95, 24.4);(115.95, 24.8);(116.36, 24.4);(116.36, 24.8)",True
59280,2021-08-09 10:00:00,59.4,SURF,True,EXTREME_TYPE1,1469.0,10.0,10.0,"(112.68, 23.2);(112.68, 23.6);(112.68, 24.0);(113.09, 23.2);(113.09, 23.6);(113.09, 24.0);(113.09, 24.4);(113.5, 23.2);(113.5, 23.6);(113.5, 24.0)",True
59280,2021-08-09 11:00:00,60.9,SURF,True,EXTREME_TYPE1,1469.0,10.0,10.0,"(112.68, 23.2);(112.68, 23.6);(112.68, 24.0);(113.09, 23.2);(113.09, 23.6);(113.09, 24.0);(113.09, 24.4);(113.5, 23.2);(113.5, 23.6);(113.5, 24.0)",True
59297,2021-08-09 16:00:00,82.0,SURF,True,EXTREME_TYPE1,1025.0,10.0,10.0,"(113.5, 23.2);(113.91, 22.8);(113.91, 23.2);(113.91, 23.6);(114.32, 22.8);(114.32, 23.2);(114.32, 23.6);(114.73, 22.8);(114.73, 23.2);(114.73, 23.6)",True
59487,2021-08-10 05:00:00,89.1,SURF,True,EXTREME_TYPE1,2768.0,12.0,12.0,"(112.68, 22.0);(112.68, 22.4);(113.09, 21.6);(113.09, 22.0);(113.09, 22.4);(113.09, 22.8);(113.5, 21.6);(113.5, 22.0);(113.5, 22.4);(113.5, 22.8);(113.91, 22.0);(113.91, 22.4)",True
59289,2021-08-10 06:00:00,48.0,SURF,True,EXTREME_TYPE1,2492.0,12.0,12.0,"(113.09, 22.8);(113.09, 23.2);(113.5, 22.4);(113.5, 22.8);(113.5, 23.2);(113.5, 23.6);(113.91, 22.4);(113.91, 22.8);(113.91, 23.2);(113.91, 23.6);(114.32, 22.8);(114.32, 23.2)",True
59488,2021-08-14 05:00:00,29.1,SURF,True,EXTREME_TYPE1,1777.0,11.0,11.0,"(113.09, 22.0);(113.09, 22.4);(113.09, 22.8);(113.5, 21.6);(113.5, 22.0);(113.5, 22.4);(113.5, 22.8);(113.91, 22.0);(113.91, 22.4);(113.91, 22.8);(114.32, 22.4)",True
57989,2021-08-15 18:00:00,48.6,SURF,True,EXTREME_TYPE1,440.0,12.0,12.0,"(113.09, 24.8);(113.09, 25.2);(113.5, 24.4);(113.5, 24.8);(113.5, 25.2);(113.5, 25.6);(113.91, 24.4);(113.91, 24.8);(113.91, 25.2);(113.91, 25.6);(114.32, 24.8);(114.32, 25.2)",True
59090,2021-08-18 09:00:00,52.4,SURF,True,EXTREME_TYPE1,295.0,12.0,12.0,"(113.5, 24.8);(113.5, 25.2);(113.91, 24.4);(113.91, 24.8);(113.91, 25.2);(113.91, 25.6);(114.32, 24.4);(114.32, 24.8);(114.32, 25.2);(114.32, 25.6);(114.73, 24.8);(114.73, 25.2)",True
57988,2021-08-18 18:00:00,14.3,SURF,True,,,,,,False
59487,2021-08-18 19:00:00,56.5,SURF,True,EXTREME_TYPE1,2758.0,12.0,12.0,"(112.68, 22.0);(112.68, 22.4);(113.09, 21.6);(113.09, 22.0);(113.09, 22.4);(113.09, 22.8);(113.5, 21.6);(113.5, 22.0);(113.5, 22.4);(113.5, 22.8);(113.91, 22.0);(113.91, 22.4)",True
59081,2021-08-19 17:00:00,49.1,SURF,True,EXTREME_TYPE1,790.0,12.0,12.0,"(112.68, 24.4);(112.68, 24.8);(112.68, 25.2);(113.09, 24.4);(113.09, 24.8);(113.09, 25.2);(113.5, 24.4);(113.5, 24.8);(113.5, 25.2);(113.91, 24.4);(113.91, 24.8);(113.91, 25.2)",True
59487,2021-08-27 09:00:00,23.2,SURF,True,EXTREME_TYPE1,2761.0,12.0,12.0,"(112.68, 22.0);(112.68, 22.4);(113.09, 21.6);(113.09, 22.0);(113.09, 22.4);(113.09, 22.8);(113.5, 21.6);(113.5, 22.0);(113.5, 22.4);(113.5, 22.8);(113.91, 22.0);(113.91, 22.4)",True
59287,2021-08-31 06:00:00,40.0,SURF,True,EXTREME_TYPE1,2221.0,9.0,9.0,"(113.09, 22.8);(113.09, 23.2);(113.09, 23.6);(113.5, 22.8);(113.5, 23.2);(113.5, 23.6);(113.91, 22.8);(113.91, 23.2);(113.91, 23.6)",True
59470,2021-09-01 15:00:00,38.6,SURF,True,EXTREME_TYPE1,3191.0,10.0,10.0,"(111.45, 22.8);(111.86, 22.4);(111.86, 22.8);(111.86, 23.2);(112.27, 22.4);(112.27, 22.8);(112.27, 23.2);(112.68, 22.4);(112.68, 22.8);(112.68, 23.2)",True
59502,2021-09-06 15:00:00,50.8,SURF,True,EXTREME_TYPE1,1567.0,12.0,12.0,"(115.14, 22.8);(115.14, 23.2);(115.55, 22.4);(115.55, 22.8);(115.55, 23.2);(115.55, 23.6);(115.95, 22.4);(115.95, 22.8);(115.95, 23.2);(115.95, 23.6);(116.36, 22.8);(116.36, 23.2)",True
59106,2021-09-08 22:00:00,7.8,SURF,True,,,,,,False
59750,2021-09-14 08:00:00,6.1,SURF,True,,,,,,False
59476,2021-09-14 12:00:00,50.8,SURF,True,EXTREME_TYPE1,4991.0,11.0,11.0,"(112.27, 22.4);(112.68, 22.0);(112.68, 22.4);(112.68, 22.8);(113.09, 22.0);(113.09, 22.4);(113.09, 22.8);(113.09, 23.2);(113.5, 22.0);(113.5, 22.4);(113.5, 22.8)",True
59486,2021-09-14 14:00:00,61.7,SURF,True,EXTREME_TYPE1,2516.0,10.0,10.0,"(113.5, 22.4);(113.5, 22.8);(113.5, 23.2);(113.91, 22.0);(113.91, 22.4);(113.91, 22.8);(113.91, 23.2);(114.32, 22.4);(114.32, 22.8);(114.32, 23.2)",True
59456,2021-09-17 16:00:00,61.0,SURF,True,EXTREME_TYPE1,927.0,10.0,10.0,"(110.23, 22.4);(110.64, 22.0);(110.64, 22.4);(110.64, 22.8);(111.05, 22.0);(111.05, 22.4);(111.05, 22.8);(111.45, 22.0);(111.45, 22.4);(111.45, 22.8)",True
59315,2021-10-01 00:00:00,27.4,SURF,True,EXTREME_TYPE1,640.0,10.0,10.0,"(115.95, 23.2);(115.95, 23.6);(115.95, 24.0);(116.36, 23.2);(116.36, 23.6);(116.36, 24.0);(116.77, 23.2);(116.77, 23.6);(116.77, 24.0);(117.18, 23.6)",True
59754,2021-10-05 10:00:00,61.3,SURF,True,EXTREME_TYPE1,439.0,5.0,5.0,"(109.82, 20.4);(109.82, 20.8);(110.23, 20.4);(110.23, 20.8);(110.64, 20.8)",True
59317,2021-10-07 17:00:00,14.8,SURF,True,,,,,,False
59487,2021-10-08 13:00:00,17.4,SURF,True,,,,,,False
59486,2021-10-08 14:00:00,15.8,SURF,True,,,,,,False
59298,2021-10-08 21:00:00,3.8,SURF,True,,,,,,False
59485,2021-10-09 03:00:00,20.7,SURF,True,EXTREME_TYPE1,3944.0,12.0,12.0,"(112.68, 22.4);(112.68, 22.8);(113.09, 22.0);(113.09, 22.4);(113.09, 22.8);(113.5, 22.0);(113.5, 22.4);(113.5, 22.8);(113.5, 23.2);(113.91, 22.0);(113.91, 22.4);(113.91, 22.8)",True
59655,2021-10-10 00:00:00,51.3,SURF,True,EXTREME_TYPE1,1105.0,10.0,10.0,"(110.23, 21.2);(110.23, 21.6);(110.23, 22.0);(110.64, 21.2);(110.64, 21.6);(110.64, 22.0);(110.64, 22.4);(111.05, 21.2);(111.05, 21.6);(111.05, 22.0)",True
59754,2021-10-15 08:00:00,51.1,SURF,True,EXTREME_TYPE1,440.0,5.0,5.0,"(109.82, 20.4);(109.82, 20.8);(110.23, 20.4);(110.23, 20.8);(110.64, 20.8)",True
59271,2021-10-29 22:00:00,3.6,SURF,True,,,,,,False
59269,2021-12-20 18:00:00,1.2,SURF,True,,,,,,False
59473,2022-02-01 11:00:00,4.1,SURF,True,,,,,,False
59114,2022-02-03 07:00:00,6.4,SURF,True,,,,,,False
59088,2022-02-08 19:00:00,2.1,SURF,True,,,,,,False
G5605,2022-02-12 01:00:00,159.5,AWST,False,FALSE,1790.0,12.0,0.0,,True
G5605,2022-02-12 02:00:00,179.0,AWST,False,FALSE,1790.0,12.0,0.0,,True
G5605,2022-02-12 04:00:00,160.3,AWST,False,FALSE,1790.0,12.0,0.0,,True
G5605,2022-02-12 06:00:00,147.2,AWST,False,FALSE,1790.0,12.0,0.0,,True
G5605,2022-02-12 07:00:00,125.5,AWST,False,FALSE,1790.0,12.0,0.0,,True
G5605,2022-02-12 10:00:00,79.5,AWST,False,FALSE,1790.0,12.0,0.0,,True
G5605,2022-02-12 11:00:00,134.7,AWST,False,FALSE,1790.0,12.0,0.0,,True
59096,2022-02-19 14:00:00,2.1,SURF,True,,,,,,False
59313,2022-02-19 22:00:00,7.1,SURF,True,,,,,,False
59487,2022-02-19 23:00:00,2.8,SURF,True,,,,,,False
59475,2022-02-20 13:00:00,3.1,SURF,True,,,,,,False
59476,2022-02-21 01:00:00,1.2,SURF,True,,,,,,False
59319,2022-03-20 16:00:00,31.1,SURF,True,EXTREME_TYPE1,610.0,11.0,11.0,"(115.95, 23.6);(116.36, 23.2);(116.36, 23.6);(116.36, 24.0);(116.77, 22.8);(116.77, 23.2);(116.77, 23.6);(116.77, 24.0);(117.18, 23.2);(117.18, 23.6);(117.18, 24.0)",True
59293,2022-03-22 22:00:00,10.9,SURF,True,,,,,,False
59072,2022-03-23 05:00:00,5.8,SURF,True,,,,,,False
59290,2022-03-26 16:00:00,21.7,SURF,True,EXTREME_TYPE1,1033.0,11.0,11.0,"(113.5, 23.6);(113.91, 23.2);(113.91, 23.6);(113.91, 24.0);(113.91, 24.4);(114.32, 23.2);(114.32, 23.6);(114.32, 24.0);(114.32, 24.4);(114.73, 23.6);(114.73, 24.0)",True
59493,2022-03-28 02:00:00,12.0,SURF,True,,,,,,False
59284,2022-04-19 02:00:00,1.2,SURF,True,,,,,,False
59287,2022-04-23 21:00:00,53.1,SURF,True,EXTREME_TYPE1,2602.0,9.0,9.0,"(113.09, 22.8);(113.09, 23.2);(113.09, 23.6);(113.5, 22.8);(113.5, 23.2);(113.5, 23.6);(113.91, 22.8);(113.91, 23.2);(113.91, 23.6)",True
59271,2022-04-30 20:00:00,62.9,SURF,True,EXTREME_TYPE1,1519.0,11.0,11.0,"(111.86, 23.2);(111.86, 23.6);(111.86, 24.0);(112.27, 23.2);(112.27, 23.6);(112.27, 24.0);(112.68, 23.2);(112.68, 23.6);(112.68, 24.0);(113.09, 23.6);(113.09, 24.0)",True
59271,2022-05-01 06:00:00,5.1,SURF,True,,,,,,False
59473,2022-05-01 18:00:00,2.4,SURF,True,,,,,,False
59456,2022-05-11 01:00:00,39.9,SURF,True,EXTREME_TYPE1,931.0,10.0,10.0,"(110.23, 22.4);(110.64, 22.0);(110.64, 22.4);(110.64, 22.8);(111.05, 22.0);(111.05, 22.4);(111.05, 22.8);(111.45, 22.0);(111.45, 22.4);(111.45, 22.8)",True
59663,2022-05-11 05:00:00,60.1,SURF,True,EXTREME_TYPE1,1281.0,11.0,11.0,"(111.45, 21.6);(111.45, 22.0);(111.86, 21.2);(111.86, 21.6);(111.86, 22.0);(111.86, 22.4);(112.27, 21.6);(112.27, 22.0);(112.27, 22.4);(112.68, 21.6);(112.68, 22.0)",True
59488,2022-05-11 06:00:00,79.2,SURF,True,EXTREME_TYPE1,2027.0,11.0,11.0,"(113.09, 22.0);(113.09, 22.4);(113.09, 22.8);(113.5, 21.6);(113.5, 22.0);(113.5, 22.4);(113.5, 22.8);(113.91, 22.0);(113.91, 22.4);(113.91, 22.8);(114.32, 22.4)",True
59488,2022-05-11 07:00:00,62.7,SURF,True,EXTREME_TYPE1,2025.0,11.0,11.0,"(113.09, 22.0);(113.09, 22.4);(113.09, 22.8);(113.5, 21.6);(113.5, 22.0);(113.5, 22.4);(113.5, 22.8);(113.91, 22.0);(113.91, 22.4);(113.91, 22.8);(114.32, 22.4)",True
59280,2022-05-11 12:00:00,65.8,SURF,True,EXTREME_TYPE1,1543.0,10.0,10.0,"(112.68, 23.2);(112.68, 23.6);(112.68, 24.0);(113.09, 23.2);(113.09, 23.6);(113.09, 24.0);(113.09, 24.4);(113.5, 23.2);(113.5, 23.6);(113.5, 24.0)",True
59088,2022-05-11 13:00:00,12.8,SURF,True,,,,,,False
59096,2022-05-11 14:00:00,3.5,SURF,True,,,,,,False
59298,2022-05-11 21:00:00,11.9,SURF,True,,,,,,False
59478,2022-05-12 07:00:00,32.7,SURF,True,EXTREME_TYPE1,3717.0,12.0,12.0,"(112.27, 22.0);(112.27, 22.4);(112.68, 21.6);(112.68, 22.0);(112.68, 22.4);(112.68, 22.8);(113.09, 21.6);(113.09, 22.0);(113.09, 22.4);(113.09, 22.8);(113.5, 22.0);(113.5, 22.4)",True
59270,2022-05-12 12:00:00,24.2,SURF,True,EXTREME_TYPE1,1018.0,10.0,10.0,"(111.45, 24.0);(111.86, 23.6);(111.86, 24.0);(111.86, 24.4);(112.27, 23.6);(112.27, 24.0);(112.27, 24.4);(112.68, 23.6);(112.68, 24.0);(112.68, 24.4)",True
59087,2022-05-12 14:00:00,7.0,SURF,True,,,,,,False
59303,2022-05-13 15:00:00,8.5,SURF,True,,,,,,False
59477,2022-05-13 18:00:00,62.2,SURF,True,EXTREME_TYPE1,3696.0,10.0,10.0,"(111.86, 22.0);(111.86, 22.4);(111.86, 22.8);(112.27, 21.6);(112.27, 22.0);(112.27, 22.4);(112.27, 22.8);(112.68, 22.0);(112.68, 22.4);(112.68, 22.8)",True
59664,2022-05-15 15:00:00,38.7,SURF,True,EXTREME_TYPE1,1081.0,10.0,10.0,"(110.23, 21.6);(110.64, 21.2);(110.64, 21.6);(110.64, 22.0);(111.05, 21.2);(111.05, 21.6);(111.05, 22.0);(111.45, 21.2);(111.45, 21.6);(111.45, 22.0)",True
59297,2022-05-21 15:00:00,10.9,SURF,True,,,,,,False
59075,2022-05-22 08:00:00,6.3,SURF,True,,,,,,False
59650,2022-05-22 12:00:00,1.9,SURF,True,,,,,,False
59312,2022-05-25 15:00:00,11.4,SURF,True,,,,,,False
59096,2022-05-26 08:00:00,26.2,SURF,True,EXTREME_TYPE1,638.0,12.0,12.0,"(113.91, 24.0);(113.91, 24.4);(113.91, 24.8);(114.32, 24.0);(114.32, 24.4);(114.32, 24.8);(114.73, 24.0);(114.73, 24.4);(114.73, 24.8);(115.14, 24.0);(115.14, 24.4);(115.14, 24.8)",True
59106,2022-05-27 03:00:00,56.6,SURF,True,EXTREME_TYPE1,550.0,10.0,7.0,"(115.14, 24.4);(115.14, 24.8);(115.55, 24.0);(115.55, 24.4);(115.55, 24.8);(115.95, 24.4);(115.95, 24.8)",True
59487,2022-05-27 06:00:00,10.3,SURF,True,,,,,,False
59099,2022-05-27 16:00:00,50.7,SURF,True,EXTREME_TYPE1,746.0,10.0,10.0,"(114.32, 24.4);(114.32, 24.8);(114.73, 24.0);(114.73, 24.4);(114.73, 24.8);(115.14, 24.0);(115.14, 24.4);(115.14, 24.8);(115.55, 24.4);(115.55, 24.8)",True
59109,2022-05-27 17:00:00,5.8,SURF,True,,,,,,False
59500,2022-05-28 08:00:00,18.9,SURF,True,,,,,,False
G4540,2022-06-02 03:00:00,1.6,AWST,False,,,,,,False
G4540,2022-06-02 09:00:00,3.7,AWST,False,,,,,,False
G4540,2022-06-02 14:00:00,199.3,AWST,False,FALSE,806.0,11.0,0.0,,True
G4540,2022-06-02 15:00:00,72.1,AWST,False,EXTREME_TYPE4,807.0,11.0,1.0,"(113.09, 24.0)",True
59312,2022-06-03 18:00:00,58.9,SURF,True,EXTREME_TYPE1,612.0,10.0,10.0,"(115.95, 23.6);(116.36, 23.2);(116.36, 23.6);(116.36, 24.0);(116.77, 23.2);(116.77, 23.6);(116.77, 24.0);(117.18, 23.2);(117.18, 23.6);(117.18, 24.0)",True
59500,2022-06-06 15:00:00,51.4,SURF,True,EXTREME_TYPE1,1797.0,12.0,12.0,"(114.73, 22.8);(114.73, 23.2);(115.14, 22.4);(115.14, 22.8);(115.14, 23.2);(115.14, 23.6);(115.55, 22.4);(115.55, 22.8);(115.55, 23.2);(115.55, 23.6);(115.95, 22.8);(115.95, 23.2)",True
59284,2022-06-06 17:00:00,94.7,SURF,True,EXTREME_TYPE1,2639.0,12.0,12.0,"(112.68, 23.2);(112.68, 23.6);(113.09, 22.8);(113.09, 23.2);(113.09, 23.6);(113.09, 24.0);(113.5, 22.8);(113.5, 23.2);(113.5, 23.6);(113.5, 24.0);(113.91, 23.2);(113.91, 23.6)",True
59075,2022-06-06 18:00:00,51.7,SURF,True,EXTREME_TYPE1,1095.0,12.0,12.0,"(111.86, 24.0);(111.86, 24.4);(112.27, 24.0);(112.27, 24.4);(112.27, 24.8);(112.68, 23.6);(112.68, 24.0);(112.68, 24.4);(112.68, 24.8);(113.09, 24.0);(113.09, 24.4);(113.09, 24.8)",True
59097,2022-06-06 19:00:00,7.4,SURF,True,,,,,,False
59117,2022-06-07 18:00:00,56.9,SURF,True,EXTREME_TYPE1,660.0,12.0,12.0,"(115.55, 24.0);(115.55, 24.4);(115.55, 24.8);(115.95, 23.6);(115.95, 24.0);(115.95, 24.4);(115.95, 24.8);(116.36, 24.0);(116.36, 24.4);(116.36, 24.8);(116.77, 24.0);(116.77, 24.4)",True
59750,2022-06-08 11:00:00,10.5,SURF,True,,,,,,False
59653,2022-06-08 15:00:00,50.9,SURF,True,EXTREME_TYPE1,983.0,11.0,11.0,"(110.23, 21.6);(110.23, 22.0);(110.64, 21.6);(110.64, 22.0);(110.64, 22.4);(111.05, 21.6);(111.05, 22.0);(111.05, 22.4);(111.45, 21.6);(111.45, 22.0);(111.45, 22.4)",True
59314,2022-06-09 17:00:00,19.3,SURF,True,,,,,,False
59654,2022-06-10 18:00:00,56.2,SURF,True,EXTREME_TYPE1,983.0,10.0,9.0,"(109.82, 21.6);(109.82, 22.0);(110.23, 21.2);(110.23, 21.6);(110.23, 22.0);(110.64, 21.2);(110.64, 21.6);(110.64, 22.0);(111.05, 21.6)",True
59659,2022-06-11 09:00:00,38.4,SURF,True,EXTREME_TYPE1,1076.0,12.0,12.0,"(110.23, 21.6);(110.23, 22.0);(110.64, 21.2);(110.64, 21.6);(110.64, 22.0);(110.64, 22.4);(111.05, 21.2);(111.05, 21.6);(111.05, 22.0);(111.05, 22.4);(111.45, 21.6);(111.45, 22.0)",True
59478,2022-06-11 11:00:00,51.5,SURF,True,EXTREME_TYPE1,3722.0,12.0,12.0,"(112.27, 22.0);(112.27, 22.4);(112.68, 21.6);(112.68, 22.0);(112.68, 22.4);(112.68, 22.8);(113.09, 21.6);(113.09, 22.0);(113.09, 22.4);(113.09, 22.8);(113.5, 22.0);(113.5, 22.4)",True
59099,2022-06-12 10:00:00,51.3,SURF,True,EXTREME_TYPE1,758.0,10.0,10.0,"(114.32, 24.4);(114.32, 24.8);(114.73, 24.0);(114.73, 24.4);(114.73, 24.8);(115.14, 24.0);(115.14, 24.4);(115.14, 24.8);(115.55, 24.4);(115.55, 24.8)",True
59500,2022-06-12 11:00:00,107.3,SURF,True,EXTREME_TYPE1,1786.0,12.0,12.0,"(114.73, 22.8);(114.73, 23.2);(115.14, 22.4);(115.14, 22.8);(115.14, 23.2);(115.14, 23.6);(115.55, 22.4);(115.55, 22.8);(115.55, 23.2);(115.55, 23.6);(115.95, 22.8);(115.95, 23.2)",True
59087,2022-06-12 20:00:00,5.6,SURF,True,,,,,,False
59107,2022-06-13 06:00:00,6.5,SURF,True,,,,,,False
57996,2022-06-13 19:00:00,13.1,SURF,True,,,,,,False
59269,2022-06-14 10:00:00,55.4,SURF,True,EXTREME_TYPE1,1457.0,9.0,9.0,"(111.45, 22.8);(111.45, 23.2);(111.45, 23.6);(111.86, 22.8);(111.86, 23.2);(111.86, 23.6);(112.27, 22.8);(112.27, 23.2);(112.27, 23.6)",True
59099,2022-06-14 11:00:00,4.1,SURF,True,,,,,,False
59293,2022-06-14 11:00:00,44.0,SURF,True,EXTREME_TYPE1,943.0,11.0,11.0,"(114.32, 23.2);(114.32, 23.6);(114.32, 24.0);(114.73, 23.2);(114.73, 23.6);(114.73, 24.0);(114.73, 24.4);(115.14, 23.2);(115.14, 23.6);(115.14, 24.0);(115.14, 24.4)",True
59097,2022-06-16 23:00:00,27.9,SURF,True,EXTREME_TYPE1,936.0,10.0,10.0,"(113.5, 24.0);(113.91, 23.6);(113.91, 24.0);(113.91, 24.4);(114.32, 23.6);(114.32, 24.0);(114.32, 24.4);(114.73, 23.6);(114.73, 24.0);(114.73, 24.4)",True
59290,2022-06-17 21:00:00,10.2,SURF,True,,,,,,False
59280,2022-06-18 05:00:00,20.3,SURF,True,EXTREME_TYPE1,1515.0,10.0,10.0,"(112.68, 23.2);(112.68, 23.6);(112.68, 24.0);(113.09, 23.2);(113.09, 23.6);(113.09, 24.0);(113.09, 24.4);(113.5, 23.2);(113.5, 23.6);(113.5, 24.0)",True
59082,2022-06-19 10:00:00,56.7,SURF,True,EXTREME_TYPE1,844.0,12.0,12.0,"(113.09, 24.4);(113.09, 24.8);(113.09, 25.2);(113.5, 24.0);(113.5, 24.4);(113.5, 24.8);(113.5, 25.2);(113.91, 24.4);(113.91, 24.8);(113.91, 25.2);(114.32, 24.4);(114.32, 24.8)",True
59469,2022-06-20 01:00:00,36.0,SURF,True,EXTREME_TYPE1,1599.0,11.0,11.0,"(111.05, 22.0);(111.45, 21.6);(111.45, 22.0);(111.45, 22.4);(111.86, 21.6);(111.86, 22.0);(111.86, 22.4);(111.86, 22.8);(112.27, 21.6);(112.27, 22.0);(112.27, 22.4)",True
59082,2022-06-20 07:00:00,27.1,SURF,True,EXTREME_TYPE1,838.0,12.0,12.0,"(113.09, 24.4);(113.09, 24.8);(113.09, 25.2);(113.5, 24.0);(113.5, 24.4);(113.5, 24.8);(113.5, 25.2);(113.91, 24.4);(113.91, 24.8);(113.91, 25.2);(114.32, 24.4);(114.32, 24.8)",True
57988,2022-06-20 08:00:00,15.0,SURF,True,,,,,,False
59082,2022-06-21 08:00:00,51.8,SURF,True,EXTREME_TYPE1,833.0,12.0,12.0,"(113.09, 24.4);(113.09, 24.8);(113.09, 25.2);(113.5, 24.0);(113.5, 24.4);(113.5, 24.8);(113.5, 25.2);(113.91, 24.4);(113.91, 24.8);(113.91, 25.2);(114.32, 24.4);(114.32, 24.8)",True
59096,2022-06-27 15:00:00,1.1,SURF,True,,,,,,False
59288,2022-06-30 14:00:00,6.7,SURF,True,,,,,,False
59270,2022-07-04 09:00:00,11.5,SURF,True,,,,,,False
59297,2022-07-04 10:00:00,34.5,SURF,True,EXTREME_TYPE1,1031.0,10.0,10.0,"(113.5, 23.2);(113.91, 22.8);(113.91, 23.2);(113.91, 23.6);(114.32, 22.8);(114.32, 23.2);(114.32, 23.6);(114.73, 22.8);(114.73, 23.2);(114.73, 23.6)",True
59117,2022-07-06 12:00:00,37.5,SURF,True,EXTREME_TYPE1,654.0,12.0,12.0,"(115.55, 24.0);(115.55, 24.4);(115.55, 24.8);(115.95, 23.6);(115.95, 24.0);(115.95, 24.4);(115.95, 24.8);(116.36, 24.0);(116.36, 24.4);(116.36, 24.8);(116.77, 24.0);(116.77, 24.4)",True
59294,2022-07-06 12:00:00,68.6,SURF,True,EXTREME_TYPE1,1596.0,11.0,11.0,"(113.09, 23.2);(113.5, 22.8);(113.5, 23.2);(113.5, 23.6);(113.91, 22.8);(113.91, 23.2);(113.91, 23.6);(113.91, 24.0);(114.32, 22.8);(114.32, 23.2);(114.32, 23.6)",True
59303,2022-07-06 13:00:00,13.7,SURF,True,,,,,,False
59456,2022-07-07 05:00:00,38.7,SURF,True,EXTREME_TYPE1,903.0,10.0,10.0,"(110.23, 22.4);(110.64, 22.0);(110.64, 22.4);(110.64, 22.8);(111.05, 22.0);(111.05, 22.4);(111.05, 22.8);(111.45, 22.0);(111.45, 22.4);(111.45, 22.8)",True
59659,2022-07-07 07:00:00,63.9,SURF,True,EXTREME_TYPE1,1071.0,12.0,12.0,"(110.23, 21.6);(110.23, 22.0);(110.64, 21.2);(110.64, 21.6);(110.64, 22.0);(110.64, 22.4);(111.05, 21.2);(111.05, 21.6);(111.05, 22.0);(111.05, 22.4);(111.45, 21.6);(111.45, 22.0)",True
59469,2022-07-07 09:00:00,63.1,SURF,True,EXTREME_TYPE1,1591.0,11.0,11.0,"(111.05, 22.0);(111.45, 21.6);(111.45, 22.0);(111.45, 22.4);(111.86, 21.6);(111.86, 22.0);(111.86, 22.4);(111.86, 22.8);(112.27, 21.6);(112.27, 22.0);(112.27, 22.4)",True
59750,2022-07-30 16:00:00,53.6,SURF,True,EXTREME_TYPE1,795.0,11.0,11.0,"(109.41, 21.2);(109.82, 20.4);(109.82, 20.8);(109.82, 21.2);(109.82, 21.6);(110.23, 20.4);(110.23, 20.8);(110.23, 21.2);(110.23, 21.6);(110.64, 20.8);(110.64, 21.2)",True
59319,2022-07-31 16:00:00,25.9,SURF,True,EXTREME_TYPE1,624.0,11.0,11.0,"(115.95, 23.6);(116.36, 23.2);(116.36, 23.6);(116.36, 24.0);(116.77, 22.8);(116.77, 23.2);(116.77, 23.6);(116.77, 24.0);(117.18, 23.2);(117.18, 23.6);(117.18, 24.0)",True
59288,2022-08-03 03:00:00,55.5,SURF,True,EXTREME_TYPE1,3556.0,10.0,10.0,"(112.27, 23.2);(112.68, 22.8);(112.68, 23.2);(112.68, 23.6);(113.09, 22.8);(113.09, 23.2);(113.09, 23.6);(113.5, 22.8);(113.5, 23.2);(113.5, 23.6)",True
59280,2022-08-03 20:00:00,57.3,SURF,True,EXTREME_TYPE1,1523.0,10.0,10.0,"(112.68, 23.2);(112.68, 23.6);(112.68, 24.0);(113.09, 23.2);(113.09, 23.6);(113.09, 24.0);(113.09, 24.4);(113.5, 23.2);(113.5, 23.6);(113.5, 24.0)",True
59477,2022-08-04 01:00:00,2.2,SURF,True,,,,,,False
59659,2022-08-04 16:00:00,60.1,SURF,True,EXTREME_TYPE1,1099.0,12.0,12.0,"(110.23, 21.6);(110.23, 22.0);(110.64, 21.2);(110.64, 21.6);(110.64, 22.0);(110.64, 22.4);(111.05, 21.2);(111.05, 21.6);(111.05, 22.0);(111.05, 22.4);(111.45, 21.6);(111.45, 22.0)",True
59473,2022-08-04 18:00:00,55.8,SURF,True,EXTREME_TYPE1,5100.0,10.0,10.0,"(112.27, 22.8);(112.68, 22.4);(112.68, 22.8);(112.68, 23.2);(113.09, 22.4);(113.09, 22.8);(113.09, 23.2);(113.5, 22.4);(113.5, 22.8);(113.5, 23.2)",True
59673,2022-08-04 20:00:00,36.4,SURF,True,EXTREME_TYPE1,365.0,8.0,8.0,"(112.27, 21.6);(112.27, 22.0);(112.68, 21.6);(112.68, 22.0);(112.68, 22.4);(113.09, 21.6);(113.09, 22.0);(113.5, 21.6)",True
59493,2022-08-05 04:00:00,34.2,SURF,True,EXTREME_TYPE1,1901.0,13.0,13.0,"(113.5, 22.0);(113.5, 22.4);(113.5, 22.8);(113.91, 22.0);(113.91, 22.4);(113.91, 22.8);(113.91, 23.2);(114.32, 22.0);(114.32, 22.4);(114.32, 22.8);(114.32, 23.2);(114.73, 22.4);(114.73, 22.8)",True
59314,2022-08-05 11:00:00,33.3,SURF,True,EXTREME_TYPE1,1353.0,12.0,12.0,"(115.55, 23.2);(115.55, 23.6);(115.95, 22.8);(115.95, 23.2);(115.95, 23.6);(115.95, 24.0);(116.36, 22.8);(116.36, 23.2);(116.36, 23.6);(116.36, 24.0);(116.77, 23.2);(116.77, 23.6)",True
59270,2022-08-08 18:00:00,32.6,SURF,True,EXTREME_TYPE1,1015.0,10.0,10.0,"(111.45, 24.0);(111.86, 23.6);(111.86, 24.0);(111.86, 24.4);(112.27, 23.6);(112.27, 24.0);(112.27, 24.4);(112.68, 23.6);(112.68, 24.0);(112.68, 24.4)",True
59673,2022-08-09 20:00:00,16.2,SURF,True,,,,,,False
59656,2022-08-10 12:00:00,67.8,SURF,True,EXTREME_TYPE1,814.0,11.0,11.0,"(110.23, 21.2);(110.23, 21.6);(110.64, 20.8);(110.64, 21.2);(110.64, 21.6);(110.64, 22.0);(111.05, 21.2);(111.05, 21.6);(111.05, 22.0);(111.45, 21.2);(111.45, 21.6)",True
59269,2022-08-11 01:00:00,9.6,SURF,True,,,,,,False
59288,2022-08-12 11:00:00,2.2,SURF,True,,,,,,False
59289,2022-08-25 18:00:00,28.3,SURF,True,EXTREME_TYPE1,2992.0,12.0,12.0,"(113.09, 22.8);(113.09, 23.2);(113.5, 22.4);(113.5, 22.8);(113.5, 23.2);(113.5, 23.6);(113.91, 22.4);(113.91, 22.8);(113.91, 23.2);(113.91, 23.6);(114.32, 22.8);(114.32, 23.2)",True
59469,2022-08-26 05:00:00,17.4,SURF,True,,,,,,False
59477,2022-08-31 22:00:00,21.8,SURF,True,EXTREME_TYPE1,3745.0,10.0,10.0,"(111.86, 22.0);(111.86, 22.4);(111.86, 22.8);(112.27, 21.6);(112.27, 22.0);(112.27, 22.4);(112.27, 22.8);(112.68, 22.0);(112.68, 22.4);(112.68, 22.8)",True
59658,2022-09-08 11:00:00,33.7,SURF,True,EXTREME_TYPE1,637.0,10.0,10.0,"(109.82, 20.8);(109.82, 21.2);(109.82, 21.6);(110.23, 20.8);(110.23, 21.2);(110.23, 21.6);(110.64, 20.8);(110.64, 21.2);(110.64, 21.6);(111.05, 21.2)",True
59297,2022-09-08 17:00:00,67.1,SURF,True,EXTREME_TYPE1,1070.0,10.0,10.0,"(113.5, 23.2);(113.91, 22.8);(113.91, 23.2);(113.91, 23.6);(114.32, 22.8);(114.32, 23.2);(114.32, 23.6);(114.73, 22.8);(114.73, 23.2);(114.73, 23.6)",True
59264,2022-09-08 19:00:00,53.0,SURF,True,EXTREME_TYPE1,559.0,9.0,9.0,"(111.05, 23.2);(111.45, 22.8);(111.45, 23.2);(111.45, 23.6);(111.45, 24.0);(111.86, 22.8);(111.86, 23.2);(111.86, 23.6);(111.86, 24.0)",True
59264,2022-09-08 20:00:00,19.8,SURF,True,,,,,,False
59071,2022-09-09 02:00:00,30.0,SURF,True,EXTREME_TYPE1,608.0,8.0,8.0,"(111.86, 24.4);(111.86, 24.8);(112.27, 24.4);(112.27, 24.8);(112.27, 25.2);(112.68, 24.4);(112.68, 24.8);(112.68, 25.2)",True
59654,2022-09-09 17:00:00,17.9,SURF,True,,,,,,False
59750,2022-09-16 13:00:00,22.4,SURF,True,EXTREME_TYPE1,805.0,11.0,11.0,"(109.41, 21.2);(109.82, 20.4);(109.82, 20.8);(109.82, 21.2);(109.82, 21.6);(110.23, 20.4);(110.23, 20.8);(110.23, 21.2);(110.23, 21.6);(110.64, 20.8);(110.64, 21.2)",True
59469,2022-09-24 17:00:00,17.2,SURF,True,,,,,,False
59754,2022-09-27 20:00:00,13.3,SURF,True,,,,,,False
59658,2022-09-29 13:00:00,23.3,SURF,True,EXTREME_TYPE1,632.0,10.0,10.0,"(109.82, 20.8);(109.82, 21.2);(109.82, 21.6);(110.23, 20.8);(110.23, 21.2);(110.23, 21.6);(110.64, 20.8);(110.64, 21.2);(110.64, 21.6);(111.05, 21.2)",True
59750,2022-09-30 06:00:00,69.3,SURF,True,EXTREME_TYPE1,793.0,11.0,11.0,"(109.41, 21.2);(109.82, 20.4);(109.82, 20.8);(109.82, 21.2);(109.82, 21.6);(110.23, 20.4);(110.23, 20.8);(110.23, 21.2);(110.23, 21.6);(110.64, 20.8);(110.64, 21.2)",True
59473,2022-09-30 12:00:00,17.3,SURF,True,,,,,,False
59475,2022-09-30 13:00:00,42.5,SURF,True,EXTREME_TYPE1,5053.0,9.0,9.0,"(112.27, 22.0);(112.27, 22.4);(112.27, 22.8);(112.68, 22.0);(112.68, 22.4);(112.68, 22.8);(113.09, 22.0);(113.09, 22.4);(113.09, 22.8)",True
59485,2022-09-30 18:00:00,27.2,SURF,True,EXTREME_TYPE1,4562.0,12.0,12.0,"(112.68, 22.4);(112.68, 22.8);(113.09, 22.0);(113.09, 22.4);(113.09, 22.8);(113.5, 22.0);(113.5, 22.4);(113.5, 22.8);(113.5, 23.2);(113.91, 22.0);(113.91, 22.4);(113.91, 22.8)",True
59314,2022-10-07 18:00:00,54.0,SURF,True,EXTREME_TYPE1,1341.0,12.0,9.0,"(115.95, 23.2);(115.95, 23.6);(115.95, 24.0);(116.36, 22.8);(116.36, 23.2);(116.36, 23.6);(116.36, 24.0);(116.77, 23.2);(116.77, 23.6)",True
59315,2022-10-07 18:00:00,1.8,SURF,True,,,,,,False
59500,2022-11-02 06:00:00,5.8,SURF,True,,,,,,False
59493,2022-11-07 04:00:00,2.8,SURF,True,,,,,,False
59276,2022-11-22 05:00:00,1.1,SURF,True,,,,,,False
59106,2022-11-23 01:00:00,4.6,SURF,True,,,,,,False
59264,2022-11-25 07:00:00,8.9,SURF,True,,,,,,False
59270,2023-01-09 03:00:00,1.1,SURF,True,,,,,,False
59664,2023-01-10 09:00:00,1.8,SURF,True,,,,,,False
59114,2023-03-23 16:00:00,22.2,SURF,True,EXTREME_TYPE1,369.0,10.0,10.0,"(115.55, 24.4);(115.55, 24.8);(115.95, 24.0);(115.95, 24.4);(115.95, 24.8);(116.36, 24.0);(116.36, 24.4);(116.36, 24.8);(116.77, 24.4);(116.77, 24.8)",True
59081,2023-03-24 03:00:00,15.9,SURF,True,,,,,,False
59293,2023-03-25 13:00:00,33.3,SURF,True,EXTREME_TYPE1,1025.0,11.0,11.0,"(114.32, 23.2);(114.32, 23.6);(114.32, 24.0);(114.73, 23.2);(114.73, 23.6);(114.73, 24.0);(114.73, 24.4);(115.14, 23.2);(115.14, 23.6);(115.14, 24.0);(115.14, 24.4)",True
59663,2023-03-25 23:00:00,66.8,SURF,True,EXTREME_TYPE1,1307.0,11.0,11.0,"(111.45, 21.6);(111.45, 22.0);(111.86, 21.2);(111.86, 21.6);(111.86, 22.0);(111.86, 22.4);(112.27, 21.6);(112.27, 22.0);(112.27, 22.4);(112.68, 21.6);(112.68, 22.0)",True
59270,2023-03-29 03:00:00,15.4,SURF,True,,,,,,False
59096,2023-03-29 07:00:00,2.1,SURF,True,,,,,,False
59501,2023-03-31 07:00:00,12.8,SURF,True,,,,,,False
59088,2023-03-31 21:00:00,5.1,SURF,True,,,,,,False
59097,2023-04-05 13:00:00,10.8,SURF,True,,,,,,False
59500,2023-04-05 20:00:00,70.9,SURF,True,EXTREME_TYPE1,1781.0,12.0,12.0,"(114.73, 22.8);(114.73, 23.2);(115.14, 22.4);(115.14, 22.8);(115.14, 23.2);(115.14, 23.6);(115.55, 22.4);(115.55, 22.8);(115.55, 23.2);(115.55, 23.6);(115.95, 22.8);(115.95, 23.2)",True
59501,2023-04-05 21:00:00,60.2,SURF,True,EXTREME_TYPE1,1781.0,12.0,12.0,"(114.73, 22.4);(114.73, 22.8);(114.73, 23.2);(115.14, 22.4);(115.14, 22.8);(115.14, 23.2);(115.55, 22.4);(115.55, 22.8);(115.55, 23.2);(115.95, 22.4);(115.95, 22.8);(115.95, 23.2)",True
59314,2023-04-06 22:00:00,7.4,SURF,True,,,,,,False
59096,2023-04-19 10:00:00,52.9,SURF,True,EXTREME_TYPE1,714.0,12.0,12.0,"(113.91, 24.0);(113.91, 24.4);(113.91, 24.8);(114.32, 24.0);(114.32, 24.4);(114.32, 24.8);(114.73, 24.0);(114.73, 24.4);(114.73, 24.8);(115.14, 24.0);(115.14, 24.4);(115.14, 24.8)",True
59082,2023-04-19 11:00:00,59.8,SURF,True,EXTREME_TYPE1,875.0,12.0,12.0,"(113.09, 24.4);(113.09, 24.8);(113.09, 25.2);(113.5, 24.0);(113.5, 24.4);(113.5, 24.8);(113.5, 25.2);(113.91, 24.4);(113.91, 24.8);(113.91, 25.2);(114.32, 24.4);(114.32, 24.8)",True
59276,2023-04-29 11:00:00,5.8,SURF,True,,,,,,False
59094,2023-05-07 03:00:00,1.4,SURF,True,,,,,,False
59087,2023-05-07 06:00:00,29.1,SURF,True,EXTREME_TYPE1,1149.0,10.0,10.0,"(113.09, 23.6);(113.09, 24.0);(113.09, 24.4);(113.5, 23.2);(113.5, 23.6);(113.5, 24.0);(113.5, 24.4);(113.91, 23.6);(113.91, 24.0);(113.91, 24.4)",True
59270,2023-05-07 12:00:00,1.8,SURF,True,,,,,,False
59473,2023-05-07 12:00:00,24.4,SURF,True,EXTREME_TYPE1,5381.0,10.0,10.0,"(112.27, 22.8);(112.68, 22.4);(112.68, 22.8);(112.68, 23.2);(113.09, 22.4);(113.09, 22.8);(113.09, 23.2);(113.5, 22.4);(113.5, 22.8);(113.5, 23.2)",True
59088,2023-05-18 16:00:00,18.7,SURF,True,,,,,,False
59316,2023-05-19 03:00:00,60.7,SURF,True,EXTREME_TYPE1,704.0,12.0,12.0,"(115.95, 23.2);(115.95, 23.6);(116.36, 22.8);(116.36, 23.2);(116.36, 23.6);(116.36, 24.0);(116.77, 22.8);(116.77, 23.2);(116.77, 23.6);(116.77, 24.0);(117.18, 23.2);(117.18, 23.6)",True
59314,2023-05-22 23:00:00,57.7,SURF,True,EXTREME_TYPE1,1391.0,12.0,12.0,"(115.55, 23.2);(115.55, 23.6);(115.95, 22.8);(115.95, 23.2);(115.95, 23.6);(115.95, 24.0);(116.36, 22.8);(116.36, 23.2);(116.36, 23.6);(116.36, 24.0);(116.77, 23.2);(116.77, 23.6)",True
59663,2023-05-24 12:00:00,33.7,SURF,True,EXTREME_TYPE1,1395.0,11.0,11.0,"(111.45, 21.6);(111.45, 22.0);(111.86, 21.2);(111.86, 21.6);(111.86, 22.0);(111.86, 22.4);(112.27, 21.6);(112.27, 22.0);(112.27, 22.4);(112.68, 21.6);(112.68, 22.0)",True
59470,2023-06-01 10:00:00,52.3,SURF,True,EXTREME_TYPE1,3533.0,10.0,10.0,"(111.45, 22.8);(111.86, 22.4);(111.86, 22.8);(111.86, 23.2);(112.27, 22.4);(112.27, 22.8);(112.27, 23.2);(112.68, 22.4);(112.68, 22.8);(112.68, 23.2)",True
59315,2023-06-01 17:00:00,85.2,SURF,True,EXTREME_TYPE1,709.0,10.0,10.0,"(115.95, 23.2);(115.95, 23.6);(115.95, 24.0);(116.36, 23.2);(116.36, 23.6);(116.36, 24.0);(116.77, 23.2);(116.77, 23.6);(116.77, 24.0);(117.18, 23.6)",True
59312,2023-06-02 18:00:00,40.6,SURF,True,EXTREME_TYPE1,662.0,10.0,9.0,"(115.95, 23.6);(116.36, 23.2);(116.36, 23.6);(116.36, 24.0);(116.77, 23.2);(116.77, 23.6);(116.77, 24.0);(117.18, 23.6);(117.18, 24.0)",True
59288,2023-06-04 05:00:00,44.5,SURF,True,EXTREME_TYPE1,3965.0,10.0,10.0,"(112.27, 23.2);(112.68, 22.8);(112.68, 23.2);(112.68, 23.6);(113.09, 22.8);(113.09, 23.2);(113.09, 23.6);(113.5, 22.8);(113.5, 23.2);(113.5, 23.6)",True
59473,2023-06-08 11:00:00,15.3,SURF,True,,,,,,False
59293,2023-06-10 01:00:00,55.7,SURF,True,EXTREME_TYPE1,1063.0,11.0,11.0,"(114.32, 23.2);(114.32, 23.6);(114.32, 24.0);(114.73, 23.2);(114.73, 23.6);(114.73, 24.0);(114.73, 24.4);(115.14, 23.2);(115.14, 23.6);(115.14, 24.0);(115.14, 24.4)",True
59656,2023-06-10 07:00:00,58.6,SURF,True,EXTREME_TYPE1,882.0,11.0,11.0,"(110.23, 21.2);(110.23, 21.6);(110.64, 20.8);(110.64, 21.2);(110.64, 21.6);(110.64, 22.0);(111.05, 21.2);(111.05, 21.6);(111.05, 22.0);(111.45, 21.2);(111.45, 21.6)",True
59475,2023-06-10 19:00:00,32.5,SURF,True,EXTREME_TYPE1,5287.0,9.0,9.0,"(112.27, 22.0);(112.27, 22.4);(112.27, 22.8);(112.68, 22.0);(112.68, 22.4);(112.68, 22.8);(113.09, 22.0);(113.09, 22.4);(113.09, 22.8)",True
59485,2023-06-14 20:00:00,44.5,SURF,True,EXTREME_TYPE1,4995.0,12.0,12.0,"(112.68, 22.4);(112.68, 22.8);(113.09, 22.0);(113.09, 22.4);(113.09, 22.8);(113.5, 22.0);(113.5, 22.4);(113.5, 22.8);(113.5, 23.2);(113.91, 22.0);(113.91, 22.4);(113.91, 22.8)",True
59317,2023-06-15 01:00:00,51.3,SURF,True,EXTREME_TYPE1,1235.0,9.0,9.0,"(115.95, 22.4);(115.95, 22.8);(115.95, 23.2);(115.95, 23.6);(116.36, 22.8);(116.36, 23.2);(116.36, 23.6);(116.77, 22.8);(116.77, 23.2)",True
59493,2023-06-15 01:00:00,50.7,SURF,True,EXTREME_TYPE1,2039.0,13.0,13.0,"(113.5, 22.0);(113.5, 22.4);(113.5, 22.8);(113.91, 22.0);(113.91, 22.4);(113.91, 22.8);(113.91, 23.2);(114.32, 22.0);(114.32, 22.4);(114.32, 22.8);(114.32, 23.2);(114.73, 22.4);(114.73, 22.8)",True
59673,2023-06-16 11:00:00,30.4,SURF,True,EXTREME_TYPE1,421.0,8.0,8.0,"(112.27, 21.6);(112.27, 22.0);(112.68, 21.6);(112.68, 22.0);(112.68, 22.4);(113.09, 21.6);(113.09, 22.0);(113.5, 21.6)",True
59476,2023-06-17 04:00:00,5.3,SURF,True,,,,,,False
59481,2023-06-17 05:00:00,6.5,SURF,True,,,,,,False
59071,2023-06-22 22:00:00,1.6,SURF,True,,,,,,False
59088,2023-06-23 04:00:00,53.7,SURF,True,EXTREME_TYPE1,1192.0,12.0,12.0,"(112.68, 24.0);(112.68, 24.4);(113.09, 23.6);(113.09, 24.0);(113.09, 24.4);(113.09, 24.8);(113.5, 23.6);(113.5, 24.0);(113.5, 24.4);(113.5, 24.8);(113.91, 24.0);(113.91, 24.4)",True
59477,2023-06-23 04:00:00,84.8,SURF,True,EXTREME_TYPE1,3931.0,10.0,3.0,"(111.86, 22.0);(111.86, 22.4);(112.27, 22.0)",True
59289,2023-06-24 05:00:00,21.4,SURF,True,EXTREME_TYPE1,3327.0,12.0,12.0,"(113.09, 22.8);(113.09, 23.2);(113.5, 22.4);(113.5, 22.8);(113.5, 23.2);(113.5, 23.6);(113.91, 22.4);(113.91, 22.8);(113.91, 23.2);(113.91, 23.6);(114.32, 22.8);(114.32, 23.2)",True
59650,2023-06-24 08:00:00,68.4,SURF,True,EXTREME_TYPE1,1002.0,11.0,11.0,"(109.82, 21.2);(109.82, 21.6);(109.82, 22.0);(110.23, 20.8);(110.23, 21.2);(110.23, 21.6);(110.23, 22.0);(110.64, 20.8);(110.64, 21.2);(110.64, 21.6);(110.64, 22.0)",True
59074,2023-06-25 04:00:00,10.0,SURF,True,,,,,,False
59471,2023-06-26 14:00:00,64.0,SURF,True,EXTREME_TYPE1,3536.0,12.0,12.0,"(111.45, 22.8);(111.45, 23.2);(111.86, 22.4);(111.86, 22.8);(111.86, 23.2);(111.86, 23.6);(112.27, 22.4);(112.27, 22.8);(112.27, 23.2);(112.27, 23.6);(112.68, 22.8);(112.68, 23.2)",True
59298,2023-06-26 17:00:00,76.8,SURF,True,EXTREME_TYPE1,1463.0,11.0,11.0,"(113.91, 22.8);(113.91, 23.2);(113.91, 23.6);(114.32, 22.4);(114.32, 22.8);(114.32, 23.2);(114.32, 23.6);(114.73, 22.8);(114.73, 23.2);(114.73, 23.6);(115.14, 23.2)",True
59318,2023-06-27 11:00:00,22.4,SURF,True,EXTREME_TYPE1,691.0,12.0,12.0,"(115.95, 23.2);(115.95, 23.6);(116.36, 22.8);(116.36, 23.2);(116.36, 23.6);(116.36, 24.0);(116.77, 22.8);(116.77, 23.2);(116.77, 23.6);(116.77, 24.0);(117.18, 23.2);(117.18, 23.6)",True
59107,2023-07-02 14:00:00,9.1,SURF,True,,,,,,False
59298,2023-07-02 14:00:00,53.0,SURF,True,EXTREME_TYPE1,1448.0,11.0,11.0,"(113.91, 22.8);(113.91, 23.2);(113.91, 23.6);(114.32, 22.4);(114.32, 22.8);(114.32, 23.2);(114.32, 23.6);(114.73, 22.8);(114.73, 23.2);(114.73, 23.6);(115.14, 23.2)",True
59488,2023-07-04 12:00:00,21.7,SURF,True,EXTREME_TYPE1,2014.0,11.0,11.0,"(113.09, 22.0);(113.09, 22.4);(113.09, 22.8);(113.5, 21.6);(113.5, 22.0);(113.5, 22.4);(113.5, 22.8);(113.91, 22.0);(113.91, 22.4);(113.91, 22.8);(114.32, 22.4)",True
59271,2023-07-16 18:00:00,2.3,SURF,True,,,,,,False
59324,2023-07-17 00:00:00,1.5,SURF,True,,,,,,False
59655,2023-07-17 21:00:00,51.6,SURF,True,EXTREME_TYPE1,1160.0,10.0,10.0,"(110.23, 21.2);(110.23, 21.6);(110.23, 22.0);(110.64, 21.2);(110.64, 21.6);(110.64, 22.0);(110.64, 22.4);(111.05, 21.2);(111.05, 21.6);(111.05, 22.0)",True
59500,2023-07-18 08:00:00,25.9,SURF,True,EXTREME_TYPE1,1847.0,12.0,12.0,"(114.73, 22.8);(114.73, 23.2);(115.14, 22.4);(115.14, 22.8);(115.14, 23.2);(115.14, 23.6);(115.55, 22.4);(115.55, 22.8);(115.55, 23.2);(115.55, 23.6);(115.95, 22.8);(115.95, 23.2)",True
59488,2023-07-18 13:00:00,6.9,SURF,True,,,,,,False
59106,2023-07-22 03:00:00,50.5,SURF,True,EXTREME_TYPE1,552.0,10.0,10.0,"(115.14, 24.4);(115.14, 24.8);(115.55, 24.0);(115.55, 24.4);(115.55, 24.8);(115.95, 24.0);(115.95, 24.4);(115.95, 24.8);(116.36, 24.4);(116.36, 24.8)",True
59502,2023-07-29 05:00:00,42.7,SURF,True,EXTREME_TYPE1,1688.0,12.0,12.0,"(115.14, 22.8);(115.14, 23.2);(115.55, 22.4);(115.55, 22.8);(115.55, 23.2);(115.55, 23.6);(115.95, 22.4);(115.95, 22.8);(115.95, 23.2);(115.95, 23.6);(116.36, 22.8);(116.36, 23.2)",True
59487,2023-07-29 07:00:00,54.5,SURF,True,EXTREME_TYPE1,3516.0,12.0,12.0,"(112.68, 22.0);(112.68, 22.4);(113.09, 21.6);(113.09, 22.0);(113.09, 22.4);(113.09, 22.8);(113.5, 21.6);(113.5, 22.0);(113.5, 22.4);(113.5, 22.8);(113.91, 22.0);(113.91, 22.4)",True
59502,2023-07-29 11:00:00,26.9,SURF,True,EXTREME_TYPE1,1681.0,12.0,12.0,"(115.14, 22.8);(115.14, 23.2);(115.55, 22.4);(115.55, 22.8);(115.55, 23.2);(115.55, 23.6);(115.95, 22.4);(115.95, 22.8);(115.95, 23.2);(115.95, 23.6);(116.36, 22.8);(116.36, 23.2)",True
59284,2023-07-30 02:00:00,101.9,SURF,True,EXTREME_TYPE1,3039.0,12.0,12.0,"(112.68, 23.2);(112.68, 23.6);(113.09, 22.8);(113.09, 23.2);(113.09, 23.6);(113.09, 24.0);(113.5, 22.8);(113.5, 23.2);(113.5, 23.6);(113.5, 24.0);(113.91, 23.2);(113.91, 23.6)",True
59288,2023-07-30 14:00:00,62.5,SURF,True,EXTREME_TYPE1,3991.0,10.0,10.0,"(112.27, 23.2);(112.68, 22.8);(112.68, 23.2);(112.68, 23.6);(113.09, 22.8);(113.09, 23.2);(113.09, 23.6);(113.5, 22.8);(113.5, 23.2);(113.5, 23.6)",True
59659,2023-07-30 14:00:00,1.4,SURF,True,,,,,,False
59500,2023-08-01 16:00:00,54.4,SURF,True,EXTREME_TYPE1,1823.0,12.0,12.0,"(114.73, 22.8);(114.73, 23.2);(115.14, 22.4);(115.14, 22.8);(115.14, 23.2);(115.14, 23.6);(115.55, 22.4);(115.55, 22.8);(115.55, 23.2);(115.55, 23.6);(115.95, 22.8);(115.95, 23.2)",True
59284,2023-08-01 19:00:00,60.9,SURF,True,EXTREME_TYPE1,3075.0,12.0,12.0,"(112.68, 23.2);(112.68, 23.6);(113.09, 22.8);(113.09, 23.2);(113.09, 23.6);(113.09, 24.0);(113.5, 22.8);(113.5, 23.2);(113.5, 23.6);(113.5, 24.0);(113.91, 23.2);(113.91, 23.6)",True
59090,2023-08-09 17:00:00,20.6,SURF,True,EXTREME_TYPE1,324.0,12.0,12.0,"(113.5, 24.8);(113.5, 25.2);(113.91, 24.4);(113.91, 24.8);(113.91, 25.2);(113.91, 25.6);(114.32, 24.4);(114.32, 24.8);(114.32, 25.2);(114.32, 25.6);(114.73, 24.8);(114.73, 25.2)",True
59493,2023-08-10 13:00:00,27.6,SURF,True,EXTREME_TYPE1,2064.0,13.0,13.0,"(113.5, 22.0);(113.5, 22.4);(113.5, 22.8);(113.91, 22.0);(113.91, 22.4);(113.91, 22.8);(113.91, 23.2);(114.32, 22.0);(114.32, 22.4);(114.32, 22.8);(114.32, 23.2);(114.73, 22.4);(114.73, 22.8)",True
59071,2023-08-11 06:00:00,21.7,SURF,True,EXTREME_TYPE1,611.0,8.0,8.0,"(111.86, 24.4);(111.86, 24.8);(112.27, 24.4);(112.27, 24.8);(112.27, 25.2);(112.68, 24.4);(112.68, 24.8);(112.68, 25.2)",True
59655,2023-08-11 13:00:00,51.2,SURF,True,EXTREME_TYPE1,1199.0,10.0,10.0,"(110.23, 21.2);(110.23, 21.6);(110.23, 22.0);(110.64, 21.2);(110.64, 21.6);(110.64, 22.0);(110.64, 22.4);(111.05, 21.2);(111.05, 21.6);(111.05, 22.0)",True
59473,2023-08-13 09:00:00,1.1,SURF,True,,,,,,False
59492,2023-08-13 13:00:00,13.2,SURF,True,,,,,,False
59502,2023-08-17 15:00:00,69.9,SURF,True,EXTREME_TYPE1,1684.0,12.0,12.0,"(115.14, 22.8);(115.14, 23.2);(115.55, 22.4);(115.55, 22.8);(115.55, 23.2);(115.55, 23.6);(115.95, 22.4);(115.95, 22.8);(115.95, 23.2);(115.95, 23.6);(116.36, 22.8);(116.36, 23.2)",True
59117,2023-08-19 16:00:00,4.0,SURF,True,,,,,,False
59107,2023-08-20 15:00:00,22.6,SURF,True,EXTREME_TYPE1,1261.0,12.0,12.0,"(114.73, 23.6);(114.73, 24.0);(114.73, 24.4);(115.14, 23.6);(115.14, 24.0);(115.14, 24.4);(115.14, 24.8);(115.55, 23.6);(115.55, 24.0);(115.55, 24.4);(115.95, 24.0);(115.95, 24.4)",True
59117,2023-08-20 15:00:00,91.1,SURF,True,EXTREME_TYPE1,670.0,12.0,12.0,"(115.55, 24.0);(115.55, 24.4);(115.55, 24.8);(115.95, 23.6);(115.95, 24.0);(115.95, 24.4);(115.95, 24.8);(116.36, 24.0);(116.36, 24.4);(116.36, 24.8);(116.77, 24.0);(116.77, 24.4)",True
59297,2023-08-21 17:00:00,54.2,SURF,True,EXTREME_TYPE1,1364.0,10.0,10.0,"(113.5, 23.2);(113.91, 22.8);(113.91, 23.2);(113.91, 23.6);(114.32, 22.8);(114.32, 23.2);(114.32, 23.6);(114.73, 22.8);(114.73, 23.2);(114.73, 23.6)",True
59477,2023-08-25 14:00:00,10.4,SURF,True,,,,,,False
59754,2023-08-29 16:00:00,24.5,SURF,True,EXTREME_TYPE1,525.0,5.0,5.0,"(109.82, 20.4);(109.82, 20.8);(110.23, 20.4);(110.23, 20.8);(110.64, 20.8)",True
59298,2023-09-02 04:00:00,30.8,SURF,True,EXTREME_TYPE1,1523.0,11.0,11.0,"(113.91, 22.8);(113.91, 23.2);(113.91, 23.6);(114.32, 22.4);(114.32, 22.8);(114.32, 23.2);(114.32, 23.6);(114.73, 22.8);(114.73, 23.2);(114.73, 23.6);(115.14, 23.2)",True
59306,2023-09-06 13:00:00,24.2,SURF,True,EXTREME_TYPE1,1945.0,12.0,12.0,"(115.14, 23.2);(115.14, 23.6);(115.55, 22.8);(115.55, 23.2);(115.55, 23.6);(115.55, 24.0);(115.95, 22.8);(115.95, 23.2);(115.95, 23.6);(115.95, 24.0);(116.36, 23.2);(116.36, 23.6)",True
59289,2023-09-08 00:00:00,32.3,SURF,True,EXTREME_TYPE1,3441.0,12.0,12.0,"(113.09, 22.8);(113.09, 23.2);(113.5, 22.4);(113.5, 22.8);(113.5, 23.2);(113.5, 23.6);(113.91, 22.4);(113.91, 22.8);(113.91, 23.2);(113.91, 23.6);(114.32, 22.8);(114.32, 23.2)",True
59487,2023-09-08 04:00:00,57.7,SURF,True,EXTREME_TYPE1,3518.0,12.0,12.0,"(112.68, 22.0);(112.68, 22.4);(113.09, 21.6);(113.09, 22.0);(113.09, 22.4);(113.09, 22.8);(113.5, 21.6);(113.5, 22.0);(113.5, 22.4);(113.5, 22.8);(113.91, 22.0);(113.91, 22.4)",True
59487,2023-09-08 05:00:00,53.5,SURF,True,EXTREME_TYPE1,3519.0,12.0,12.0,"(112.68, 22.0);(112.68, 22.4);(113.09, 21.6);(113.09, 22.0);(113.09, 22.4);(113.09, 22.8);(113.5, 21.6);(113.5, 22.0);(113.5, 22.4);(113.5, 22.8);(113.91, 22.0);(113.91, 22.4)",True
59469,2023-09-08 17:00:00,52.7,SURF,True,EXTREME_TYPE1,1745.0,11.0,11.0,"(111.05, 22.0);(111.45, 21.6);(111.45, 22.0);(111.45, 22.4);(111.86, 21.6);(111.86, 22.0);(111.86, 22.4);(111.86, 22.8);(112.27, 21.6);(112.27, 22.0);(112.27, 22.4)",True
59663,2023-09-10 02:00:00,20.9,SURF,True,EXTREME_TYPE1,1446.0,11.0,11.0,"(111.45, 21.6);(111.45, 22.0);(111.86, 21.2);(111.86, 21.6);(111.86, 22.0);(111.86, 22.4);(112.27, 21.6);(112.27, 22.0);(112.27, 22.4);(112.68, 21.6);(112.68, 22.0)",True
59654,2023-09-10 04:00:00,12.9,SURF,True,,,,,,False
59659,2023-09-10 04:00:00,81.3,SURF,True,EXTREME_TYPE1,1207.0,12.0,12.0,"(110.23, 21.6);(110.23, 22.0);(110.64, 21.2);(110.64, 21.6);(110.64, 22.0);(110.64, 22.4);(111.05, 21.2);(111.05, 21.6);(111.05, 22.0);(111.05, 22.4);(111.45, 21.6);(111.45, 22.0)",True
59750,2023-09-10 04:00:00,53.5,SURF,True,EXTREME_TYPE1,898.0,11.0,11.0,"(109.41, 21.2);(109.82, 20.4);(109.82, 20.8);(109.82, 21.2);(109.82, 21.6);(110.23, 20.4);(110.23, 20.8);(110.23, 21.2);(110.23, 21.6);(110.64, 20.8);(110.64, 21.2)",True
59653,2023-09-10 12:00:00,8.7,SURF,True,,,,,,False
59501,2023-09-13 12:00:00,19.3,SURF,True,,,,,,False
59658,2023-09-14 02:00:00,18.3,SURF,True,,,,,,False
59278,2023-09-14 08:00:00,12.8,SURF,True,,,,,,False
59470,2023-09-14 18:00:00,1.1,SURF,True,,,,,,False
59081,2023-09-14 22:00:00,14.0,SURF,True,,,,,,False
59480,2023-09-14 22:00:00,5.1,SURF,True,,,,,,False
59650,2023-09-18 02:00:00,6.1,SURF,True,,,,,,False
59087,2023-09-22 05:00:00,51.5,SURF,True,EXTREME_TYPE1,1280.0,10.0,10.0,"(113.09, 23.6);(113.09, 24.0);(113.09, 24.4);(113.5, 23.2);(113.5, 23.6);(113.5, 24.0);(113.5, 24.4);(113.91, 23.6);(113.91, 24.0);(113.91, 24.4)",True
59270,2023-09-24 04:00:00,30.8,SURF,True,EXTREME_TYPE1,1003.0,10.0,10.0,"(111.45, 24.0);(111.86, 23.6);(111.86, 24.0);(111.86, 24.4);(112.27, 23.6);(112.27, 24.0);(112.27, 24.4);(112.68, 23.6);(112.68, 24.0);(112.68, 24.4)",True
59754,2023-09-25 00:00:00,1.0,SURF,True,,,,,,False
59324,2023-10-07 22:00:00,1.8,SURF,True,,,,,,False
59658,2023-10-19 08:00:00,51.3,SURF,True,EXTREME_TYPE1,748.0,10.0,10.0,"(109.82, 20.8);(109.82, 21.2);(109.82, 21.6);(110.23, 20.8);(110.23, 21.2);(110.23, 21.6);(110.64, 20.8);(110.64, 21.2);(110.64, 21.6);(111.05, 21.2)",True
59650,2023-10-19 10:00:00,53.8,SURF,True,EXTREME_TYPE1,990.0,11.0,11.0,"(109.82, 21.2);(109.82, 21.6);(109.82, 22.0);(110.23, 20.8);(110.23, 21.2);(110.23, 21.6);(110.23, 22.0);(110.64, 20.8);(110.64, 21.2);(110.64, 21.6);(110.64, 22.0)",True
59653,2023-10-20 01:00:00,6.7,SURF,True,,,,,,False
59655,2023-10-20 01:00:00,59.4,SURF,True,EXTREME_TYPE1,1196.0,10.0,10.0,"(110.23, 21.2);(110.23, 21.6);(110.23, 22.0);(110.64, 21.2);(110.64, 21.6);(110.64, 22.0);(110.64, 22.4);(111.05, 21.2);(111.05, 21.6);(111.05, 22.0)",True
59656,2023-10-20 01:00:00,51.0,SURF,True,EXTREME_TYPE1,919.0,11.0,11.0,"(110.23, 21.2);(110.23, 21.6);(110.64, 20.8);(110.64, 21.2);(110.64, 21.6);(110.64, 22.0);(111.05, 21.2);(111.05, 21.6);(111.05, 22.0);(111.45, 21.2);(111.45, 21.6)",True
59656,2023-10-20 02:00:00,101.5,SURF,True,EXTREME_TYPE1,917.0,11.0,11.0,"(110.23, 21.2);(110.23, 21.6);(110.64, 20.8);(110.64, 21.2);(110.64, 21.6);(110.64, 22.0);(111.05, 21.2);(111.05, 21.6);(111.05, 22.0);(111.45, 21.2);(111.45, 21.6)",True
59653,2023-10-20 04:00:00,69.7,SURF,True,EXTREME_TYPE1,1018.0,11.0,11.0,"(110.23, 21.6);(110.23, 22.0);(110.64, 21.6);(110.64, 22.0);(110.64, 22.4);(111.05, 21.6);(111.05, 22.0);(111.05, 22.4);(111.45, 21.6);(111.45, 22.0);(111.45, 22.4)",True
59654,2023-10-20 14:00:00,8.6,SURF,True,,,,,,False
59750,2023-10-29 21:00:00,82.3,SURF,True,EXTREME_TYPE1,902.0,11.0,11.0,"(109.41, 21.2);(109.82, 20.4);(109.82, 20.8);(109.82, 21.2);(109.82, 21.6);(110.23, 20.4);(110.23, 20.8);(110.23, 21.2);(110.23, 21.6);(110.64, 20.8);(110.64, 21.2)",True
59280,2024-01-02 19:00:00,1.1,SURF,True,,,,,,False
59071,2024-02-04 05:00:00,5.5,SURF,True,,,,,,False
59109,2024-02-07 19:00:00,1.3,SURF,True,,,,,,False
59319,2024-03-10 02:00:00,1.9,SURF,True,,,,,,False
59264,2024-03-10 13:00:00,5.9,SURF,True,,,,,,False
59106,2024-03-11 08:00:00,5.3,SURF,True,,,,,,False
59653,2024-03-29 20:00:00,22.7,SURF,True,EXTREME_TYPE1,1005.0,11.0,11.0,"(110.23, 21.6);(110.23, 22.0);(110.64, 21.6);(110.64, 22.0);(110.64, 22.4);(111.05, 21.6);(111.05, 22.0);(111.05, 22.4);(111.45, 21.6);(111.45, 22.0);(111.45, 22.4)",True
59081,2024-03-30 18:00:00,31.5,SURF,True,EXTREME_TYPE1,990.0,12.0,12.0,"(112.68, 24.4);(112.68, 24.8);(112.68, 25.2);(113.09, 24.4);(113.09, 24.8);(113.09, 25.2);(113.5, 24.4);(113.5, 24.8);(113.5, 25.2);(113.91, 24.4);(113.91, 24.8);(113.91, 25.2)",True
59106,2024-03-30 23:00:00,53.9,SURF,True,EXTREME_TYPE1,574.0,10.0,10.0,"(115.14, 24.4);(115.14, 24.8);(115.55, 24.0);(115.55, 24.4);(115.55, 24.8);(115.95, 24.0);(115.95, 24.4);(115.95, 24.8);(116.36, 24.4);(116.36, 24.8)",True
59081,2024-04-04 14:00:00,53.6,SURF,True,EXTREME_TYPE1,991.0,12.0,12.0,"(112.68, 24.4);(112.68, 24.8);(112.68, 25.2);(113.09, 24.4);(113.09, 24.8);(113.09, 25.2);(113.5, 24.4);(113.5, 24.8);(113.5, 25.2);(113.91, 24.4);(113.91, 24.8);(113.91, 25.2)",True
59090,2024-04-04 15:00:00,43.5,SURF,True,EXTREME_TYPE1,336.0,12.0,12.0,"(113.5, 24.8);(113.5, 25.2);(113.91, 24.4);(113.91, 24.8);(113.91, 25.2);(113.91, 25.6);(114.32, 24.4);(114.32, 24.8);(114.32, 25.2);(114.32, 25.6);(114.73, 24.8);(114.73, 25.2)",True
59293,2024-04-04 20:00:00,7.7,SURF,True,,,,,,False
59075,2024-04-06 08:00:00,23.6,SURF,True,EXTREME_TYPE1,1114.0,12.0,12.0,"(111.86, 24.0);(111.86, 24.4);(112.27, 24.0);(112.27, 24.4);(112.27, 24.8);(112.68, 23.6);(112.68, 24.0);(112.68, 24.4);(112.68, 24.8);(113.09, 24.0);(113.09, 24.4);(113.09, 24.8)",True
59481,2024-04-06 11:00:00,53.7,SURF,True,EXTREME_TYPE1,5403.0,12.0,12.0,"(112.68, 22.8);(112.68, 23.2);(113.09, 22.4);(113.09, 22.8);(113.09, 23.2);(113.09, 23.6);(113.5, 22.4);(113.5, 22.8);(113.5, 23.2);(113.5, 23.6);(113.91, 22.8);(113.91, 23.2)",True
59456,2024-04-19 10:00:00,46.2,SURF,True,EXTREME_TYPE1,942.0,10.0,10.0,"(110.23, 22.4);(110.64, 22.0);(110.64, 22.4);(110.64, 22.8);(111.05, 22.0);(111.05, 22.4);(111.05, 22.8);(111.45, 22.0);(111.45, 22.4);(111.45, 22.8)",True
59280,2024-04-19 11:00:00,54.4,SURF,True,EXTREME_TYPE1,1968.0,10.0,10.0,"(112.68, 23.2);(112.68, 23.6);(112.68, 24.0);(113.09, 23.2);(113.09, 23.6);(113.09, 24.0);(113.09, 24.4);(113.5, 23.2);(113.5, 23.6);(113.5, 24.0)",True
59285,2024-04-19 13:00:00,54.9,SURF,True,EXTREME_TYPE1,2145.0,10.0,10.0,"(113.09, 23.2);(113.09, 23.6);(113.09, 24.0);(113.5, 23.2);(113.5, 23.6);(113.5, 24.0);(113.91, 23.2);(113.91, 23.6);(113.91, 24.0);(114.32, 23.6)",True
59087,2024-04-19 17:00:00,71.3,SURF,True,EXTREME_TYPE1,1437.0,10.0,10.0,"(113.09, 23.6);(113.09, 24.0);(113.09, 24.4);(113.5, 23.2);(113.5, 23.6);(113.5, 24.0);(113.5, 24.4);(113.91, 23.6);(113.91, 24.0);(113.91, 24.4)",True
59269,2024-04-20 14:00:00,51.4,SURF,True,EXTREME_TYPE1,1500.0,9.0,9.0,"(111.45, 22.8);(111.45, 23.2);(111.45, 23.6);(111.86, 22.8);(111.86, 23.2);(111.86, 23.6);(112.27, 22.8);(112.27, 23.2);(112.27, 23.6)",True
59287,2024-04-20 19:00:00,25.6,SURF,True,EXTREME_TYPE1,3454.0,9.0,9.0,"(113.09, 22.8);(113.09, 23.2);(113.09, 23.6);(113.5, 22.8);(113.5, 23.2);(113.5, 23.6);(113.91, 22.8);(113.91, 23.2);(113.91, 23.6)",True
59285,2024-04-20 20:00:00,5.5,SURF,True,,,,,,False
59456,2024-04-21 06:00:00,53.7,SURF,True,EXTREME_TYPE1,917.0,10.0,10.0,"(110.23, 22.4);(110.64, 22.0);(110.64, 22.4);(110.64, 22.8);(111.05, 22.0);(111.05, 22.4);(111.05, 22.8);(111.45, 22.0);(111.45, 22.4);(111.45, 22.8)",True
59470,2024-04-21 08:00:00,61.5,SURF,True,EXTREME_TYPE1,4027.0,10.0,10.0,"(111.45, 22.8);(111.86, 22.4);(111.86, 22.8);(111.86, 23.2);(112.27, 22.4);(112.27, 22.8);(112.27, 23.2);(112.68, 22.4);(112.68, 22.8);(112.68, 23.2)",True
59486,2024-04-23 11:00:00,60.8,SURF,True,EXTREME_TYPE1,3597.0,10.0,10.0,"(113.5, 22.4);(113.5, 22.8);(113.5, 23.2);(113.91, 22.0);(113.91, 22.4);(113.91, 22.8);(113.91, 23.2);(114.32, 22.4);(114.32, 22.8);(114.32, 23.2)",True
59304,2024-04-23 23:00:00,20.8,SURF,True,EXTREME_TYPE1,1511.0,9.0,9.0,"(114.73, 23.2);(114.73, 23.6);(114.73, 24.0);(115.14, 23.2);(115.14, 23.6);(115.14, 24.0);(115.55, 23.2);(115.55, 23.6);(115.55, 24.0)",True
59475,2024-04-24 21:00:00,23.6,SURF,True,EXTREME_TYPE1,6191.0,9.0,9.0,"(112.27, 22.0);(112.27, 22.4);(112.27, 22.8);(112.68, 22.0);(112.68, 22.4);(112.68, 22.8);(113.09, 22.0);(113.09, 22.4);(113.09, 22.8)",True
59117,2024-04-25 04:00:00,24.9,SURF,True,EXTREME_TYPE1,668.0,12.0,12.0,"(115.55, 24.0);(115.55, 24.4);(115.55, 24.8);(115.95, 23.6);(115.95, 24.0);(115.95, 24.4);(115.95, 24.8);(116.36, 24.0);(116.36, 24.4);(116.36, 24.8);(116.77, 24.0);(116.77, 24.4)",True
59659,2024-04-25 09:00:00,55.5,SURF,True,EXTREME_TYPE1,1203.0,12.0,12.0,"(110.23, 21.6);(110.23, 22.0);(110.64, 21.2);(110.64, 21.6);(110.64, 22.0);(110.64, 22.4);(111.05, 21.2);(111.05, 21.6);(111.05, 22.0);(111.05, 22.4);(111.45, 21.6);(111.45, 22.0)",True
59493,2024-04-25 12:00:00,8.1,SURF,True,,,,,,False
59087,2024-04-26 03:00:00,52.3,SURF,True,EXTREME_TYPE1,1437.0,10.0,10.0,"(113.09, 23.6);(113.09, 24.0);(113.09, 24.4);(113.5, 23.2);(113.5, 23.6);(113.5, 24.0);(113.5, 24.4);(113.91, 23.6);(113.91, 24.0);(113.91, 24.4)",True
59290,2024-04-26 04:00:00,60.7,SURF,True,EXTREME_TYPE1,1374.0,11.0,11.0,"(113.5, 23.6);(113.91, 23.2);(113.91, 23.6);(113.91, 24.0);(113.91, 24.4);(114.32, 23.2);(114.32, 23.6);(114.32, 24.0);(114.32, 24.4);(114.73, 23.6);(114.73, 24.0)",True
59501,2024-04-27 19:00:00,50.0,SURF,True,EXTREME_TYPE1,1903.0,12.0,12.0,"(114.73, 22.4);(114.73, 22.8);(114.73, 23.2);(115.14, 22.4);(115.14, 22.8);(115.14, 23.2);(115.55, 22.4);(115.55, 22.8);(115.55, 23.2);(115.95, 22.4);(115.95, 22.8);(115.95, 23.2)",True
59502,2024-04-27 19:00:00,56.6,SURF,True,EXTREME_TYPE1,1731.0,12.0,12.0,"(115.14, 22.8);(115.14, 23.2);(115.55, 22.4);(115.55, 22.8);(115.55, 23.2);(115.55, 23.6);(115.95, 22.4);(115.95, 22.8);(115.95, 23.2);(115.95, 23.6);(116.36, 22.8);(116.36, 23.2)",True
59294,2024-04-28 03:00:00,50.3,SURF,True,EXTREME_TYPE1,2104.0,11.0,11.0,"(113.09, 23.2);(113.5, 22.8);(113.5, 23.2);(113.5, 23.6);(113.91, 22.8);(113.91, 23.2);(113.91, 23.6);(113.91, 24.0);(114.32, 22.8);(114.32, 23.2);(114.32, 23.6)",True
59502,2024-04-28 06:00:00,15.5,SURF,True,,,,,,False
59075,2024-04-30 09:00:00,4.0,SURF,True,,,,,,False
59750,2024-05-02 07:00:00,53.1,SURF,True,EXTREME_TYPE1,903.0,11.0,11.0,"(109.41, 21.2);(109.82, 20.4);(109.82, 20.8);(109.82, 21.2);(109.82, 21.6);(110.23, 20.4);(110.23, 20.8);(110.23, 21.2);(110.23, 21.6);(110.64, 20.8);(110.64, 21.2)",True
59487,2024-05-04 10:00:00,93.8,SURF,True,EXTREME_TYPE1,3686.0,12.0,12.0,"(112.68, 22.0);(112.68, 22.4);(113.09, 21.6);(113.09, 22.0);(113.09, 22.4);(113.09, 22.8);(113.5, 21.6);(113.5, 22.0);(113.5, 22.4);(113.5, 22.8);(113.91, 22.0);(113.91, 22.4)",True
59488,2024-05-04 13:00:00,54.4,SURF,True,EXTREME_TYPE1,2112.0,11.0,11.0,"(113.09, 22.0);(113.09, 22.4);(113.09, 22.8);(113.5, 21.6);(113.5, 22.0);(113.5, 22.4);(113.5, 22.8);(113.91, 22.0);(113.91, 22.4);(113.91, 22.8);(114.32, 22.4)",True
59653,2024-05-04 13:00:00,52.8,SURF,True,EXTREME_TYPE1,1030.0,11.0,11.0,"(110.23, 21.6);(110.23, 22.0);(110.64, 21.6);(110.64, 22.0);(110.64, 22.4);(111.05, 21.6);(111.05, 22.0);(111.05, 22.4);(111.45, 21.6);(111.45, 22.0);(111.45, 22.4)",True
59659,2024-05-04 13:00:00,66.1,SURF,True,EXTREME_TYPE1,1213.0,12.0,12.0,"(110.23, 21.6);(110.23, 22.0);(110.64, 21.2);(110.64, 21.6);(110.64, 22.0);(110.64, 22.4);(111.05, 21.2);(111.05, 21.6);(111.05, 22.0);(111.05, 22.4);(111.45, 21.6);(111.45, 22.0)",True
59314,2024-05-05 00:00:00,13.6,SURF,True,,,,,,False
59264,2024-05-06 18:00:00,72.2,SURF,True,EXTREME_TYPE1,561.0,9.0,9.0,"(111.05, 23.2);(111.45, 22.8);(111.45, 23.2);(111.45, 23.6);(111.45, 24.0);(111.86, 22.8);(111.86, 23.2);(111.86, 23.6);(111.86, 24.0)",True
59478,2024-05-12 15:00:00,68.6,SURF,True,EXTREME_TYPE1,4493.0,12.0,12.0,"(112.27, 22.0);(112.27, 22.4);(112.68, 21.6);(112.68, 22.0);(112.68, 22.4);(112.68, 22.8);(113.09, 21.6);(113.09, 22.0);(113.09, 22.4);(113.09, 22.8);(113.5, 22.0);(113.5, 22.4)",True
59487,2024-05-12 17:00:00,13.3,SURF,True,,,,,,False
59313,2024-05-22 05:00:00,6.8,SURF,True,,,,,,False
59481,2024-05-23 14:00:00,64.9,SURF,True,EXTREME_TYPE1,5716.0,12.0,12.0,"(112.68, 22.8);(112.68, 23.2);(113.09, 22.4);(113.09, 22.8);(113.09, 23.2);(113.09, 23.6);(113.5, 22.4);(113.5, 22.8);(113.5, 23.2);(113.5, 23.6);(113.91, 22.8);(113.91, 23.2)",True
59313,2024-05-23 17:00:00,1.8,SURF,True,,,,,,False
59475,2024-05-24 14:00:00,50.3,SURF,True,EXTREME_TYPE1,6241.0,9.0,9.0,"(112.27, 22.0);(112.27, 22.4);(112.27, 22.8);(112.68, 22.0);(112.68, 22.4);(112.68, 22.8);(113.09, 22.0);(113.09, 22.4);(113.09, 22.8)",True
59492,2024-05-24 18:00:00,20.7,SURF,True,EXTREME_TYPE1,1420.0,11.0,11.0,"(114.32, 22.4);(114.32, 22.8);(114.32, 23.2);(114.32, 23.6);(114.73, 22.4);(114.73, 22.8);(114.73, 23.2);(114.73, 23.6);(115.14, 22.8);(115.14, 23.2);(115.14, 23.6)",True
59653,2024-05-26 13:00:00,50.1,SURF,True,EXTREME_TYPE1,1022.0,11.0,11.0,"(110.23, 21.6);(110.23, 22.0);(110.64, 21.6);(110.64, 22.0);(110.64, 22.4);(111.05, 21.6);(111.05, 22.0);(111.05, 22.4);(111.45, 21.6);(111.45, 22.0);(111.45, 22.4)",True
59310,2024-05-27 22:00:00,4.1,SURF,True,,,,,,False
59656,2024-05-28 17:00:00,9.3,SURF,True,,,,,,False
59481,2024-05-30 18:00:00,1.2,SURF,True,,,,,,False
59278,2024-05-31 16:00:00,23.6,SURF,True,EXTREME_TYPE1,5834.0,12.0,12.0,"(111.86, 22.8);(111.86, 23.2);(112.27, 22.4);(112.27, 22.8);(112.27, 23.2);(112.27, 23.6);(112.68, 22.4);(112.68, 22.8);(112.68, 23.2);(112.68, 23.6);(113.09, 22.8);(113.09, 23.2)",True
59500,2024-06-04 01:00:00,1.2,SURF,True,,,,,,False
59290,2024-06-04 03:00:00,1.3,SURF,True,,,,,,False
59664,2024-06-05 03:00:00,51.7,SURF,True,EXTREME_TYPE1,1206.0,10.0,10.0,"(110.23, 21.6);(110.64, 21.2);(110.64, 21.6);(110.64, 22.0);(111.05, 21.2);(111.05, 21.6);(111.05, 22.0);(111.45, 21.2);(111.45, 21.6);(111.45, 22.0)",True
59650,2024-06-05 16:00:00,62.2,SURF,True,EXTREME_TYPE1,1003.0,11.0,11.0,"(109.82, 21.2);(109.82, 21.6);(109.82, 22.0);(110.23, 20.8);(110.23, 21.2);(110.23, 21.6);(110.23, 22.0);(110.64, 20.8);(110.64, 21.2);(110.64, 21.6);(110.64, 22.0)",True
59293,2024-06-07 17:00:00,7.1,SURF,True,,,,,,False
59290,2024-06-14 06:00:00,42.0,SURF,True,EXTREME_TYPE1,1384.0,11.0,11.0,"(113.5, 23.6);(113.91, 23.2);(113.91, 23.6);(113.91, 24.0);(113.91, 24.4);(114.32, 23.2);(114.32, 23.6);(114.32, 24.0);(114.32, 24.4);(114.73, 23.6);(114.73, 24.0)",True
59655,2024-06-15 14:00:00,57.6,SURF,True,EXTREME_TYPE1,1200.0,10.0,10.0,"(110.23, 21.2);(110.23, 21.6);(110.23, 22.0);(110.64, 21.2);(110.64, 21.6);(110.64, 22.0);(110.64, 22.4);(111.05, 21.2);(111.05, 21.6);(111.05, 22.0)",True
59502,2024-06-15 16:00:00,34.8,SURF,True,EXTREME_TYPE1,1770.0,12.0,12.0,"(115.14, 22.8);(115.14, 23.2);(115.55, 22.4);(115.55, 22.8);(115.55, 23.2);(115.55, 23.6);(115.95, 22.4);(115.95, 22.8);(115.95, 23.2);(115.95, 23.6);(116.36, 22.8);(116.36, 23.2)",True
59500,2024-06-15 21:00:00,33.1,SURF,True,EXTREME_TYPE1,1928.0,12.0,12.0,"(114.73, 22.8);(114.73, 23.2);(115.14, 22.4);(115.14, 22.8);(115.14, 23.2);(115.14, 23.6);(115.55, 22.4);(115.55, 22.8);(115.55, 23.2);(115.55, 23.6);(115.95, 22.8);(115.95, 23.2)",True
59088,2024-06-16 03:00:00,7.0,SURF,True,,,,,,False
59097,2024-06-16 10:00:00,10.8,SURF,True,,,,,,False
59114,2024-06-18 21:00:00,1.8,SURF,True,,,,,,False
59653,2024-06-23 20:00:00,12.0,SURF,True,,,,,,False
59316,2024-06-27 05:00:00,20.3,SURF,True,EXTREME_TYPE1,749.0,12.0,12.0,"(115.95, 23.2);(115.95, 23.6);(116.36, 22.8);(116.36, 23.2);(116.36, 23.6);(116.36, 24.0);(116.77, 22.8);(116.77, 23.2);(116.77, 23.6);(116.77, 24.0);(117.18, 23.2);(117.18, 23.6)",True
59502,2024-06-30 03:00:00,6.7,SURF,True,,,,,,False
59500,2024-07-01 06:00:00,65.5,SURF,True,EXTREME_TYPE1,1937.0,12.0,12.0,"(114.73, 22.8);(114.73, 23.2);(115.14, 22.4);(115.14, 22.8);(115.14, 23.2);(115.14, 23.6);(115.55, 22.4);(115.55, 22.8);(115.55, 23.2);(115.55, 23.6);(115.95, 22.8);(115.95, 23.2)",True
59082,2024-07-02 16:00:00,8.6,SURF,True,,,,,,False
59654,2024-07-08 19:00:00,35.1,SURF,True,EXTREME_TYPE1,1099.0,10.0,10.0,"(109.82, 21.2);(109.82, 21.6);(109.82, 22.0);(110.23, 21.2);(110.23, 21.6);(110.23, 22.0);(110.64, 21.2);(110.64, 21.6);(110.64, 22.0);(111.05, 21.6)",True
59074,2024-07-18 17:00:00,7.7,SURF,True,,,,,,False
59306,2024-07-26 12:00:00,28.8,SURF,True,EXTREME_TYPE1,1956.0,12.0,12.0,"(115.14, 23.2);(115.14, 23.6);(115.55, 22.8);(115.55, 23.2);(115.55, 23.6);(115.55, 24.0);(115.95, 22.8);(115.95, 23.2);(115.95, 23.6);(115.95, 24.0);(116.36, 23.2);(116.36, 23.6)",True
59315,2024-07-26 12:00:00,57.4,SURF,True,EXTREME_TYPE1,717.0,10.0,10.0,"(115.95, 23.2);(115.95, 23.6);(115.95, 24.0);(116.36, 23.2);(116.36, 23.6);(116.36, 24.0);(116.77, 23.2);(116.77, 23.6);(116.77, 24.0);(117.18, 23.6)",True
59099,2024-07-26 14:00:00,61.6,SURF,True,EXTREME_TYPE1,841.0,10.0,10.0,"(114.32, 24.4);(114.32, 24.8);(114.73, 24.0);(114.73, 24.4);(114.73, 24.8);(115.14, 24.0);(115.14, 24.4);(115.14, 24.8);(115.55, 24.4);(115.55, 24.8)",True
59107,2024-07-26 15:00:00,53.3,SURF,True,EXTREME_TYPE1,1294.0,12.0,12.0,"(114.73, 23.6);(114.73, 24.0);(114.73, 24.4);(115.14, 23.6);(115.14, 24.0);(115.14, 24.4);(115.14, 24.8);(115.55, 23.6);(115.55, 24.0);(115.55, 24.4);(115.95, 24.0);(115.95, 24.4)",True
59306,2024-07-26 18:00:00,46.1,SURF,True,EXTREME_TYPE1,1969.0,12.0,12.0,"(115.14, 23.2);(115.14, 23.6);(115.55, 22.8);(115.55, 23.2);(115.55, 23.6);(115.55, 24.0);(115.95, 22.8);(115.95, 23.2);(115.95, 23.6);(115.95, 24.0);(116.36, 23.2);(116.36, 23.6)",True
59481,2024-07-26 18:00:00,64.8,SURF,True,EXTREME_TYPE1,5802.0,12.0,12.0,"(112.68, 22.8);(112.68, 23.2);(113.09, 22.4);(113.09, 22.8);(113.09, 23.2);(113.09, 23.6);(113.5, 22.4);(113.5, 22.8);(113.5, 23.2);(113.5, 23.6);(113.91, 22.8);(113.91, 23.2)",True
59279,2024-07-27 07:00:00,51.2,SURF,True,EXTREME_TYPE1,4344.0,12.0,12.0,"(112.27, 22.8);(112.27, 23.2);(112.27, 23.6);(112.68, 22.8);(112.68, 23.2);(112.68, 23.6);(113.09, 22.8);(113.09, 23.2);(113.09, 23.6);(113.5, 22.8);(113.5, 23.2);(113.5, 23.6)",True
59288,2024-07-27 08:00:00,63.2,SURF,True,EXTREME_TYPE1,4335.0,10.0,10.0,"(112.27, 23.2);(112.68, 22.8);(112.68, 23.2);(112.68, 23.6);(113.09, 22.8);(113.09, 23.2);(113.09, 23.6);(113.5, 22.8);(113.5, 23.2);(113.5, 23.6)",True
59294,2024-07-27 09:00:00,71.2,SURF,True,EXTREME_TYPE1,2154.0,11.0,11.0,"(113.09, 23.2);(113.5, 22.8);(113.5, 23.2);(113.5, 23.6);(113.91, 22.8);(113.91, 23.2);(113.91, 23.6);(113.91, 24.0);(114.32, 22.8);(114.32, 23.2);(114.32, 23.6)",True
59310,2024-07-27 10:00:00,33.2,SURF,True,EXTREME_TYPE1,1291.0,12.0,12.0,"(115.55, 23.6);(115.55, 24.0);(115.95, 23.2);(115.95, 23.6);(115.95, 24.0);(115.95, 24.4);(116.36, 23.2);(116.36, 23.6);(116.36, 24.0);(116.36, 24.4);(116.77, 23.6);(116.77, 24.0)",True
59298,2024-07-28 09:00:00,6.7,SURF,True,,,,,,False
59317,2024-07-28 13:00:00,20.1,SURF,True,EXTREME_TYPE1,1310.0,9.0,9.0,"(115.95, 22.4);(115.95, 22.8);(115.95, 23.2);(115.95, 23.6);(116.36, 22.8);(116.36, 23.2);(116.36, 23.6);(116.77, 22.8);(116.77, 23.2)",True
59072,2024-07-28 21:00:00,62.2,SURF,True,EXTREME_TYPE1,1151.0,9.0,9.0,"(111.86, 24.4);(111.86, 24.8);(112.27, 24.4);(112.27, 24.8);(112.27, 25.2);(112.68, 24.4);(112.68, 24.8);(112.68, 25.2);(113.09, 24.8)",True
59673,2024-07-28 21:00:00,105.9,SURF,True,EXTREME_TYPE1,479.0,8.0,2.0,"(112.27, 22.0);(112.68, 22.4)",True
59471,2024-07-29 08:00:00,21.5,SURF,True,EXTREME_TYPE1,4120.0,12.0,12.0,"(111.45, 22.8);(111.45, 23.2);(111.86, 22.4);(111.86, 22.8);(111.86, 23.2);(111.86, 23.6);(112.27, 22.4);(112.27, 22.8);(112.27, 23.2);(112.27, 23.6);(112.68, 22.8);(112.68, 23.2)",True
59306,2024-07-29 14:00:00,3.1,SURF,True,,,,,,False
59650,2024-07-29 19:00:00,43.1,SURF,True,EXTREME_TYPE1,1014.0,11.0,11.0,"(109.82, 21.2);(109.82, 21.6);(109.82, 22.0);(110.23, 20.8);(110.23, 21.2);(110.23, 21.6);(110.23, 22.0);(110.64, 20.8);(110.64, 21.2);(110.64, 21.6);(110.64, 22.0)",True
59493,2024-07-31 10:00:00,2.3,SURF,True,,,,,,False
59314,2024-08-04 18:00:00,69.1,SURF,True,EXTREME_TYPE1,1473.0,12.0,12.0,"(115.55, 23.2);(115.55, 23.6);(115.95, 22.8);(115.95, 23.2);(115.95, 23.6);(115.95, 24.0);(116.36, 22.8);(116.36, 23.2);(116.36, 23.6);(116.36, 24.0);(116.77, 23.2);(116.77, 23.6)",True
59485,2024-08-06 15:00:00,37.6,SURF,True,EXTREME_TYPE1,5635.0,12.0,12.0,"(112.68, 22.4);(112.68, 22.8);(113.09, 22.0);(113.09, 22.4);(113.09, 22.8);(113.5, 22.0);(113.5, 22.4);(113.5, 22.8);(113.5, 23.2);(113.91, 22.0);(113.91, 22.4);(113.91, 22.8)",True
59081,2024-08-11 21:00:00,61.0,SURF,True,EXTREME_TYPE1,989.0,12.0,12.0,"(112.68, 24.4);(112.68, 24.8);(112.68, 25.2);(113.09, 24.4);(113.09, 24.8);(113.09, 25.2);(113.5, 24.4);(113.5, 24.8);(113.5, 25.2);(113.91, 24.4);(113.91, 24.8);(113.91, 25.2)",True
59314,2024-08-12 20:00:00,61.1,SURF,True,EXTREME_TYPE1,1457.0,12.0,12.0,"(115.55, 23.2);(115.55, 23.6);(115.95, 22.8);(115.95, 23.2);(115.95, 23.6);(115.95, 24.0);(116.36, 22.8);(116.36, 23.2);(116.36, 23.6);(116.36, 24.0);(116.77, 23.2);(116.77, 23.6)",True
59486,2024-08-15 12:00:00,63.3,SURF,True,EXTREME_TYPE1,3769.0,10.0,10.0,"(113.5, 22.4);(113.5, 22.8);(113.5, 23.2);(113.91, 22.0);(113.91, 22.4);(113.91, 22.8);(113.91, 23.2);(114.32, 22.4);(114.32, 22.8);(114.32, 23.2)",True
59493,2024-08-15 12:00:00,42.3,SURF,True,EXTREME_TYPE1,2269.0,13.0,13.0,"(113.5, 22.0);(113.5, 22.4);(113.5, 22.8);(113.91, 22.0);(113.91, 22.4);(113.91, 22.8);(113.91, 23.2);(114.32, 22.0);(114.32, 22.4);(114.32, 22.8);(114.32, 23.2);(114.73, 22.4);(114.73, 22.8)",True
59071,2024-08-15 18:00:00,61.3,SURF,True,EXTREME_TYPE1,624.0,8.0,8.0,"(111.86, 24.4);(111.86, 24.8);(112.27, 24.4);(112.27, 24.8);(112.27, 25.2);(112.68, 24.4);(112.68, 24.8);(112.68, 25.2)",True
59488,2024-08-16 13:00:00,57.6,SURF,True,EXTREME_TYPE1,2203.0,11.0,11.0,"(113.09, 22.0);(113.09, 22.4);(113.09, 22.8);(113.5, 21.6);(113.5, 22.0);(113.5, 22.4);(113.5, 22.8);(113.91, 22.0);(113.91, 22.4);(113.91, 22.8);(114.32, 22.4)",True
59317,2024-08-20 04:00:00,38.6,SURF,True,EXTREME_TYPE1,1287.0,9.0,9.0,"(115.95, 22.4);(115.95, 22.8);(115.95, 23.2);(115.95, 23.6);(116.36, 22.8);(116.36, 23.2);(116.36, 23.6);(116.77, 22.8);(116.77, 23.2)",True
59502,2024-08-21 03:00:00,30.6,SURF,True,EXTREME_TYPE1,1743.0,12.0,12.0,"(115.14, 22.8);(115.14, 23.2);(115.55, 22.4);(115.55, 22.8);(115.55, 23.2);(115.55, 23.6);(115.95, 22.4);(115.95, 22.8);(115.95, 23.2);(115.95, 23.6);(116.36, 22.8);(116.36, 23.2)",True
59298,2024-08-21 04:00:00,20.1,SURF,True,EXTREME_TYPE1,1581.0,11.0,11.0,"(113.91, 22.8);(113.91, 23.2);(113.91, 23.6);(114.32, 22.4);(114.32, 22.8);(114.32, 23.2);(114.32, 23.6);(114.73, 22.8);(114.73, 23.2);(114.73, 23.6);(115.14, 23.2)",True
59298,2024-08-21 06:00:00,17.4,SURF,True,,,,,,False
59502,2024-08-21 07:00:00,8.6,SURF,True,,,,,,False
59285,2024-08-21 13:00:00,69.5,SURF,True,EXTREME_TYPE1,2132.0,10.0,10.0,"(113.09, 23.2);(113.09, 23.6);(113.09, 24.0);(113.5, 23.2);(113.5, 23.6);(113.5, 24.0);(113.91, 23.2);(113.91, 23.6);(113.91, 24.0);(114.32, 23.6)",True
59298,2024-08-21 13:00:00,7.5,SURF,True,,,,,,False
59500,2024-08-25 14:00:00,21.4,SURF,True,EXTREME_TYPE1,1920.0,12.0,12.0,"(114.73, 22.8);(114.73, 23.2);(115.14, 22.4);(115.14, 22.8);(115.14, 23.2);(115.14, 23.6);(115.55, 22.4);(115.55, 22.8);(115.55, 23.2);(115.55, 23.6);(115.95, 22.8);(115.95, 23.2)",True
59304,2024-08-25 17:00:00,55.4,SURF,True,EXTREME_TYPE1,1494.0,9.0,9.0,"(114.73, 23.2);(114.73, 23.6);(114.73, 24.0);(115.14, 23.2);(115.14, 23.6);(115.14, 24.0);(115.55, 23.2);(115.55, 23.6);(115.55, 24.0)",True
59279,2024-08-25 19:00:00,48.0,SURF,True,EXTREME_TYPE1,4469.0,12.0,12.0,"(112.27, 22.8);(112.27, 23.2);(112.27, 23.6);(112.68, 22.8);(112.68, 23.2);(112.68, 23.6);(113.09, 22.8);(113.09, 23.2);(113.09, 23.6);(113.5, 22.8);(113.5, 23.2);(113.5, 23.6)",True
59290,2024-08-27 16:00:00,20.5,SURF,True,EXTREME_TYPE1,1362.0,11.0,11.0,"(113.5, 23.6);(113.91, 23.2);(113.91, 23.6);(113.91, 24.0);(113.91, 24.4);(114.32, 23.2);(114.32, 23.6);(114.32, 24.0);(114.32, 24.4);(114.73, 23.6);(114.73, 24.0)",True
59306,2024-08-29 17:00:00,10.3,SURF,True,,,,,,False
59473,2024-08-29 17:00:00,52.2,SURF,True,EXTREME_TYPE1,6443.0,10.0,10.0,"(112.27, 22.8);(112.68, 22.4);(112.68, 22.8);(112.68, 23.2);(113.09, 22.4);(113.09, 22.8);(113.09, 23.2);(113.5, 22.4);(113.5, 22.8);(113.5, 23.2)",True
59481,2024-08-29 18:00:00,39.3,SURF,True,EXTREME_TYPE1,5825.0,12.0,12.0,"(112.68, 22.8);(112.68, 23.2);(113.09, 22.4);(113.09, 22.8);(113.09, 23.2);(113.09, 23.6);(113.5, 22.4);(113.5, 22.8);(113.5, 23.2);(113.5, 23.6);(113.91, 22.8);(113.91, 23.2)",True
59500,2024-08-29 19:00:00,41.5,SURF,True,EXTREME_TYPE1,1913.0,12.0,12.0,"(114.73, 22.8);(114.73, 23.2);(115.14, 22.4);(115.14, 22.8);(115.14, 23.2);(115.14, 23.6);(115.55, 22.4);(115.55, 22.8);(115.55, 23.2);(115.55, 23.6);(115.95, 22.8);(115.95, 23.2)",True
59271,2024-08-29 21:00:00,51.2,SURF,True,EXTREME_TYPE1,1714.0,11.0,11.0,"(111.86, 23.2);(111.86, 23.6);(111.86, 24.0);(112.27, 23.2);(112.27, 23.6);(112.27, 24.0);(112.68, 23.2);(112.68, 23.6);(112.68, 24.0);(113.09, 23.6);(113.09, 24.0)",True
59288,2024-08-30 14:00:00,10.6,SURF,True,,,,,,False
59288,2024-08-30 19:00:00,21.3,SURF,True,EXTREME_TYPE1,4475.0,10.0,10.0,"(112.27, 23.2);(112.68, 22.8);(112.68, 23.2);(112.68, 23.6);(113.09, 22.8);(113.09, 23.2);(113.09, 23.6);(113.5, 22.8);(113.5, 23.2);(113.5, 23.6)",True
59475,2024-09-05 18:00:00,7.1,SURF,True,,,,,,False
59314,2024-09-06 00:00:00,1.4,SURF,True,,,,,,False
59650,2024-09-06 19:00:00,5.1,SURF,True,,,,,,False
59470,2024-09-06 20:00:00,6.6,SURF,True,,,,,,False
59476,2024-09-13 20:00:00,10.2,SURF,True,,,,,,False
59456,2024-09-14 14:00:00,81.1,SURF,True,EXTREME_TYPE1,959.0,10.0,9.0,"(110.23, 22.4);(110.64, 22.0);(110.64, 22.4);(110.64, 22.8);(111.05, 22.0);(111.05, 22.4);(111.05, 22.8);(111.45, 22.0);(111.45, 22.4)",True
59284,2024-09-14 16:00:00,54.2,SURF,True,EXTREME_TYPE1,3588.0,12.0,12.0,"(112.68, 23.2);(112.68, 23.6);(113.09, 22.8);(113.09, 23.2);(113.09, 23.6);(113.09, 24.0);(113.5, 22.8);(113.5, 23.2);(113.5, 23.6);(113.5, 24.0);(113.91, 23.2);(113.91, 23.6)",True
59285,2024-09-14 16:00:00,5.9,SURF,True,,,,,,False
59106,2024-09-14 21:00:00,34.0,SURF,True,EXTREME_TYPE1,623.0,10.0,10.0,"(115.14, 24.4);(115.14, 24.8);(115.55, 24.0);(115.55, 24.4);(115.55, 24.8);(115.95, 24.0);(115.95, 24.4);(115.95, 24.8);(116.36, 24.4);(116.36, 24.8)",True
59492,2024-09-17 21:00:00,62.0,SURF,True,EXTREME_TYPE1,1414.0,11.0,11.0,"(114.32, 22.4);(114.32, 22.8);(114.32, 23.2);(114.32, 23.6);(114.73, 22.4);(114.73, 22.8);(114.73, 23.2);(114.73, 23.6);(115.14, 22.8);(115.14, 23.2);(115.14, 23.6)",True
59289,2024-09-17 23:00:00,27.9,SURF,True,EXTREME_TYPE1,3795.0,12.0,12.0,"(113.09, 22.8);(113.09, 23.2);(113.5, 22.4);(113.5, 22.8);(113.5, 23.2);(113.5, 23.6);(113.91, 22.4);(113.91, 22.8);(113.91, 23.2);(113.91, 23.6);(114.32, 22.8);(114.32, 23.2)",True
59288,2024-09-21 13:00:00,6.5,SURF,True,,,,,,False
59315,2024-09-22 13:00:00,21.9,SURF,True,EXTREME_TYPE1,722.0,10.0,10.0,"(115.95, 23.2);(115.95, 23.6);(115.95, 24.0);(116.36, 23.2);(116.36, 23.6);(116.36, 24.0);(116.77, 23.2);(116.77, 23.6);(116.77, 24.0);(117.18, 23.6)",True
59116,2024-09-22 14:00:00,60.2,SURF,True,EXTREME_TYPE1,340.0,9.0,9.0,"(115.95, 24.4);(116.36, 24.0);(116.36, 24.4);(116.36, 24.8);(116.77, 24.0);(116.77, 24.4);(116.77, 24.8);(117.18, 24.0);(117.18, 24.4)",True
59324,2024-09-23 05:00:00,14.6,SURF,True,,,,,,False
59306,2024-09-23 20:00:00,27.5,SURF,True,EXTREME_TYPE1,1960.0,12.0,12.0,"(115.14, 23.2);(115.14, 23.6);(115.55, 22.8);(115.55, 23.2);(115.55, 23.6);(115.55, 24.0);(115.95, 22.8);(115.95, 23.2);(115.95, 23.6);(115.95, 24.0);(116.36, 23.2);(116.36, 23.6)",True
59658,2024-10-17 21:00:00,35.7,SURF,True,EXTREME_TYPE1,782.0,10.0,10.0,"(109.82, 20.8);(109.82, 21.2);(109.82, 21.6);(110.23, 20.8);(110.23, 21.2);(110.23, 21.6);(110.64, 20.8);(110.64, 21.2);(110.64, 21.6);(111.05, 21.2)",True
59106,2024-11-25 06:00:00,4.9,SURF,True,,,,,,False
59096,2025-03-03 12:00:00,3.5,SURF,True,,,,,,False
59312,2025-03-04 13:00:00,29.9,SURF,True,EXTREME_TYPE1,1169.0,10.0,10.0,"(115.95, 23.6);(116.36, 23.2);(116.36, 23.6);(116.36, 24.0);(116.77, 23.2);(116.77, 23.6);(116.77, 24.0);(117.18, 23.2);(117.18, 23.6);(117.18, 24.0)",True
59270,2025-03-13 20:00:00,31.9,SURF,True,EXTREME_TYPE1,1390.0,10.0,10.0,"(111.45, 24.0);(111.86, 23.6);(111.86, 24.0);(111.86, 24.4);(112.27, 23.6);(112.27, 24.0);(112.27, 24.4);(112.68, 23.6);(112.68, 24.0);(112.68, 24.4)",True
59106,2025-03-15 03:00:00,7.0,SURF,True,,,,,,False
59654,2025-03-29 01:00:00,2.6,SURF,True,,,,,,False
57988,2025-03-30 02:00:00,1.3,SURF,True,,,,,,False
59099,2025-04-12 12:00:00,1.6,SURF,True,,,,,,False
59088,2025-04-19 16:00:00,20.6,SURF,True,EXTREME_TYPE1,1934.0,12.0,12.0,"(112.68, 24.0);(112.68, 24.4);(113.09, 23.6);(113.09, 24.0);(113.09, 24.4);(113.09, 24.8);(113.5, 23.6);(113.5, 24.0);(113.5, 24.4);(113.5, 24.8);(113.91, 24.0);(113.91, 24.4)",True
59082,2025-04-24 13:00:00,30.3,SURF,True,EXTREME_TYPE1,1568.0,12.0,12.0,"(113.09, 24.4);(113.09, 24.8);(113.09, 25.2);(113.5, 24.0);(113.5, 24.4);(113.5, 24.8);(113.5, 25.2);(113.91, 24.4);(113.91, 24.8);(113.91, 25.2);(114.32, 24.4);(114.32, 24.8)",True
59462,2025-04-25 04:00:00,11.2,SURF,True,,,,,,False
59673,2025-04-25 13:00:00,50.7,SURF,True,EXTREME_TYPE1,496.0,8.0,8.0,"(112.27, 21.6);(112.27, 22.0);(112.68, 21.6);(112.68, 22.0);(112.68, 22.4);(113.09, 21.6);(113.09, 22.0);(113.5, 21.6)",True
59655,2025-04-27 17:00:00,59.2,SURF,True,EXTREME_TYPE1,1971.0,10.0,10.0,"(110.23, 21.2);(110.23, 21.6);(110.23, 22.0);(110.64, 21.2);(110.64, 21.6);(110.64, 22.0);(110.64, 22.4);(111.05, 21.2);(111.05, 21.6);(111.05, 22.0)",True
59492,2025-05-06 12:00:00,85.2,SURF,True,EXTREME_TYPE1,1895.0,11.0,11.0,"(114.32, 22.4);(114.32, 22.8);(114.32, 23.2);(114.32, 23.6);(114.73, 22.4);(114.73, 22.8);(114.73, 23.2);(114.73, 23.6);(115.14, 22.8);(115.14, 23.2);(115.14, 23.6)",True
59476,2025-05-06 19:00:00,64.4,SURF,True,EXTREME_TYPE1,7473.0,11.0,11.0,"(112.27, 22.4);(112.68, 22.0);(112.68, 22.4);(112.68, 22.8);(113.09, 22.0);(113.09, 22.4);(113.09, 22.8);(113.09, 23.2);(113.5, 22.0);(113.5, 22.4);(113.5, 22.8)",True
59280,2025-05-09 07:00:00,44.8,SURF,True,EXTREME_TYPE1,2450.0,10.0,10.0,"(112.68, 23.2);(112.68, 23.6);(112.68, 24.0);(113.09, 23.2);(113.09, 23.6);(113.09, 24.0);(113.09, 24.4);(113.5, 23.2);(113.5, 23.6);(113.5, 24.0)",True
59278,2025-05-09 08:00:00,25.1,SURF,True,EXTREME_TYPE1,6311.0,12.0,12.0,"(111.86, 22.8);(111.86, 23.2);(112.27, 22.4);(112.27, 22.8);(112.27, 23.2);(112.27, 23.6);(112.68, 22.4);(112.68, 22.8);(112.68, 23.2);(112.68, 23.6);(113.09, 22.8);(113.09, 23.2)",True
59654,2025-05-17 18:00:00,32.4,SURF,True,EXTREME_TYPE1,1698.0,10.0,10.0,"(109.82, 21.2);(109.82, 21.6);(109.82, 22.0);(110.23, 21.2);(110.23, 21.6);(110.23, 22.0);(110.64, 21.2);(110.64, 21.6);(110.64, 22.0);(111.05, 21.6)",True
59456,2025-05-18 05:00:00,71.4,SURF,True,EXTREME_TYPE1,1529.0,10.0,10.0,"(110.23, 22.4);(110.64, 22.0);(110.64, 22.4);(110.64, 22.8);(111.05, 22.0);(111.05, 22.4);(111.05, 22.8);(111.45, 22.0);(111.45, 22.4);(111.45, 22.8)",True
59655,2025-05-19 13:00:00,43.9,SURF,True,EXTREME_TYPE1,1950.0,10.0,10.0,"(110.23, 21.2);(110.23, 21.6);(110.23, 22.0);(110.64, 21.2);(110.64, 21.6);(110.64, 22.0);(110.64, 22.4);(111.05, 21.2);(111.05, 21.6);(111.05, 22.0)",True
59081,2025-05-19 15:00:00,20.3,SURF,True,EXTREME_TYPE1,1324.0,12.0,12.0,"(112.68, 24.4);(112.68, 24.8);(112.68, 25.2);(113.09, 24.4);(113.09, 24.8);(113.09, 25.2);(113.5, 24.4);(113.5, 24.8);(113.5, 25.2);(113.91, 24.4);(113.91, 24.8);(113.91, 25.2)",True
59750,2025-05-24 07:00:00,32.8,SURF,True,EXTREME_TYPE1,1311.0,11.0,11.0,"(109.41, 21.2);(109.82, 20.4);(109.82, 20.8);(109.82, 21.2);(109.82, 21.6);(110.23, 20.4);(110.23, 20.8);(110.23, 21.2);(110.23, 21.6);(110.64, 20.8);(110.64, 21.2)",True
59658,2025-05-28 17:00:00,6.0,SURF,True,,,,,,False
59312,2025-05-29 14:00:00,12.4,SURF,True,,,,,,False
59285,2025-06-03 00:00:00,65.1,SURF,True,EXTREME_TYPE1,2899.0,10.0,10.0,"(113.09, 23.2);(113.09, 23.6);(113.09, 24.0);(113.5, 23.2);(113.5, 23.6);(113.5, 24.0);(113.91, 23.2);(113.91, 23.6);(113.91, 24.0);(114.32, 23.6)",True
59087,2025-06-10 18:00:00,59.6,SURF,True,EXTREME_TYPE1,1966.0,10.0,10.0,"(113.09, 23.6);(113.09, 24.0);(113.09, 24.4);(113.5, 23.2);(113.5, 23.6);(113.5, 24.0);(113.5, 24.4);(113.91, 23.6);(113.91, 24.0);(113.91, 24.4)",True
57988,2025-06-11 23:00:00,16.0,SURF,True,,,,,,False
59750,2025-06-12 08:00:00,13.1,SURF,True,,,,,,False
59106,2025-06-12 18:00:00,34.3,SURF,True,EXTREME_TYPE1,956.0,10.0,10.0,"(115.14, 24.4);(115.14, 24.8);(115.55, 24.0);(115.55, 24.4);(115.55, 24.8);(115.95, 24.0);(115.95, 24.4);(115.95, 24.8);(116.36, 24.4);(116.36, 24.8)",True
59480,2025-06-14 15:00:00,35.6,SURF,True,EXTREME_TYPE1,6354.0,10.0,10.0,"(112.68, 22.4);(112.68, 22.8);(112.68, 23.2);(113.09, 22.4);(113.09, 22.8);(113.09, 23.2);(113.5, 22.4);(113.5, 22.8);(113.5, 23.2);(113.91, 22.8)",True
59456,2025-06-14 22:00:00,5.9,SURF,True,,,,,,False
59462,2025-06-15 05:00:00,35.1,SURF,True,EXTREME_TYPE1,2892.0,11.0,11.0,"(111.05, 22.4);(111.05, 22.8);(111.05, 23.2);(111.45, 22.4);(111.45, 22.8);(111.45, 23.2);(111.86, 22.4);(111.86, 22.8);(111.86, 23.2);(112.27, 22.4);(112.27, 22.8)",True
59270,2025-06-15 06:00:00,51.7,SURF,True,EXTREME_TYPE1,1424.0,10.0,10.0,"(111.45, 24.0);(111.86, 23.6);(111.86, 24.0);(111.86, 24.4);(112.27, 23.6);(112.27, 24.0);(112.27, 24.4);(112.68, 23.6);(112.68, 24.0);(112.68, 24.4)",True
59271,2025-06-15 08:00:00,6.4,SURF,True,,,,,,False
59090,2025-06-15 12:00:00,4.0,SURF,True,,,,,,False
59270,2025-06-16 09:00:00,23.3,SURF,True,EXTREME_TYPE1,1431.0,10.0,10.0,"(111.45, 24.0);(111.86, 23.6);(111.86, 24.0);(111.86, 24.4);(112.27, 23.6);(112.27, 24.0);(112.27, 24.4);(112.68, 23.6);(112.68, 24.0);(112.68, 24.4)",True
59270,2025-06-16 10:00:00,83.1,SURF,True,EXTREME_TYPE1,1427.0,10.0,10.0,"(111.45, 24.0);(111.86, 23.6);(111.86, 24.0);(111.86, 24.4);(112.27, 23.6);(112.27, 24.0);(112.27, 24.4);(112.68, 23.6);(112.68, 24.0);(112.68, 24.4)",True
59477,2025-06-17 01:00:00,10.8,SURF,True,,,,,,False
59663,2025-06-17 05:00:00,50.8,SURF,True,EXTREME_TYPE1,1666.0,11.0,11.0,"(111.45, 21.6);(111.45, 22.0);(111.86, 21.2);(111.86, 21.6);(111.86, 22.0);(111.86, 22.4);(112.27, 21.6);(112.27, 22.0);(112.27, 22.4);(112.68, 21.6);(112.68, 22.0)",True
59487,2025-06-17 06:00:00,55.4,SURF,True,EXTREME_TYPE1,4220.0,12.0,12.0,"(112.68, 22.0);(112.68, 22.4);(113.09, 21.6);(113.09, 22.0);(113.09, 22.4);(113.09, 22.8);(113.5, 21.6);(113.5, 22.0);(113.5, 22.4);(113.5, 22.8);(113.91, 22.0);(113.91, 22.4)",True
59664,2025-06-17 08:00:00,37.9,SURF,True,EXTREME_TYPE1,1866.0,10.0,10.0,"(110.23, 21.6);(110.64, 21.2);(110.64, 21.6);(110.64, 22.0);(111.05, 21.2);(111.05, 21.6);(111.05, 22.0);(111.45, 21.2);(111.45, 21.6);(111.45, 22.0)",True
59294,2025-06-17 18:00:00,15.0,SURF,True,,,,,,False
59654,2025-06-18 00:00:00,63.5,SURF,True,EXTREME_TYPE1,1641.0,10.0,10.0,"(109.82, 21.2);(109.82, 21.6);(109.82, 22.0);(110.23, 21.2);(110.23, 21.6);(110.23, 22.0);(110.64, 21.2);(110.64, 21.6);(110.64, 22.0);(111.05, 21.6)",True
59653,2025-06-18 02:00:00,54.8,SURF,True,EXTREME_TYPE1,1716.0,11.0,11.0,"(110.23, 21.6);(110.23, 22.0);(110.64, 21.6);(110.64, 22.0);(110.64, 22.4);(111.05, 21.6);(111.05, 22.0);(111.05, 22.4);(111.45, 21.6);(111.45, 22.0);(111.45, 22.4)",True
59469,2025-06-18 04:00:00,18.4,SURF,True,,,,,,False
59099,2025-07-01 15:00:00,50.1,SURF,True,EXTREME_TYPE1,1173.0,10.0,6.0,"(114.32, 24.4);(114.73, 24.0);(114.73, 24.4);(115.14, 24.0);(115.14, 24.4);(115.55, 24.4)",True
59081,2025-07-01 16:00:00,15.9,SURF,True,,,,,,False
59290,2025-07-03 07:00:00,5.6,SURF,True,,,,,,False
59663,2025-07-05 23:00:00,35.4,SURF,True,EXTREME_TYPE1,1718.0,11.0,11.0,"(111.45, 21.6);(111.45, 22.0);(111.86, 21.2);(111.86, 21.6);(111.86, 22.0);(111.86, 22.4);(112.27, 21.6);(112.27, 22.0);(112.27, 22.4);(112.68, 21.6);(112.68, 22.0)",True
59304,2025-07-10 00:00:00,39.4,SURF,True,EXTREME_TYPE1,2088.0,9.0,9.0,"(114.73, 23.2);(114.73, 23.6);(114.73, 24.0);(115.14, 23.2);(115.14, 23.6);(115.14, 24.0);(115.55, 23.2);(115.55, 23.6);(115.55, 24.0)",True
59488,2025-07-10 16:00:00,62.3,SURF,True,EXTREME_TYPE1,2660.0,11.0,11.0,"(113.09, 22.0);(113.09, 22.4);(113.09, 22.8);(113.5, 21.6);(113.5, 22.0);(113.5, 22.4);(113.5, 22.8);(113.91, 22.0);(113.91, 22.4);(113.91, 22.8);(114.32, 22.4)",True
59314,2025-07-11 12:00:00,76.0,SURF,True,EXTREME_TYPE1,2199.0,12.0,12.0,"(115.55, 23.2);(115.55, 23.6);(115.95, 22.8);(115.95, 23.2);(115.95, 23.6);(115.95, 24.0);(116.36, 22.8);(116.36, 23.2);(116.36, 23.6);(116.36, 24.0);(116.77, 23.2);(116.77, 23.6)",True
59315,2025-07-11 13:00:00,34.9,SURF,True,EXTREME_TYPE1,1246.0,10.0,10.0,"(115.95, 23.2);(115.95, 23.6);(115.95, 24.0);(116.36, 23.2);(116.36, 23.6);(116.36, 24.0);(116.77, 23.2);(116.77, 23.6);(116.77, 24.0);(117.18, 23.6)",True
59650,2025-07-13 14:00:00,54.0,SURF,True,EXTREME_TYPE1,1604.0,11.0,11.0,"(109.82, 21.2);(109.82, 21.6);(109.82, 22.0);(110.23, 20.8);(110.23, 21.2);(110.23, 21.6);(110.23, 22.0);(110.64, 20.8);(110.64, 21.2);(110.64, 21.6);(110.64, 22.0)",True
59288,2025-07-18 17:00:00,52.4,SURF,True,EXTREME_TYPE1,5089.0,10.0,10.0,"(112.27, 23.2);(112.68, 22.8);(112.68, 23.2);(112.68, 23.6);(113.09, 22.8);(113.09, 23.2);(113.09, 23.6);(113.5, 22.8);(113.5, 23.2);(113.5, 23.6)",True
59487,2025-07-20 00:00:00,24.3,SURF,True,EXTREME_TYPE1,4266.0,12.0,12.0,"(112.68, 22.0);(112.68, 22.4);(113.09, 21.6);(113.09, 22.0);(113.09, 22.4);(113.09, 22.8);(113.5, 21.6);(113.5, 22.0);(113.5, 22.4);(113.5, 22.8);(113.91, 22.0);(113.91, 22.4)",True
59502,2025-07-20 08:00:00,54.7,SURF,True,EXTREME_TYPE1,2521.0,12.0,12.0,"(115.14, 22.8);(115.14, 23.2);(115.55, 22.4);(115.55, 22.8);(115.55, 23.2);(115.55, 23.6);(115.95, 22.4);(115.95, 22.8);(115.95, 23.2);(115.95, 23.6);(116.36, 22.8);(116.36, 23.2)",True
59487,2025-07-20 17:00:00,9.1,SURF,True,,,,,,False
59071,2025-07-21 13:00:00,4.3,SURF,True,,,,,,False
59655,2025-07-21 13:00:00,1.0,SURF,True,,,,,,False
59469,2025-07-22 13:00:00,27.8,SURF,True,EXTREME_TYPE1,2345.0,11.0,11.0,"(111.05, 22.0);(111.45, 21.6);(111.45, 22.0);(111.45, 22.4);(111.86, 21.6);(111.86, 22.0);(111.86, 22.4);(111.86, 22.8);(112.27, 21.6);(112.27, 22.0);(112.27, 22.4)",True
59293,2025-07-22 16:00:00,7.3,SURF,True,,,,,,False
59284,2025-07-23 20:00:00,65.0,SURF,True,EXTREME_TYPE1,4294.0,12.0,12.0,"(112.68, 23.2);(112.68, 23.6);(113.09, 22.8);(113.09, 23.2);(113.09, 23.6);(113.09, 24.0);(113.5, 22.8);(113.5, 23.2);(113.5, 23.6);(113.5, 24.0);(113.91, 23.2);(113.91, 23.6)",True
59088,2025-07-28 00:00:00,1.3,SURF,True,,,,,,False
59324,2025-07-28 23:00:00,1.3,SURF,True,,,,,,False
59082,2025-07-30 17:00:00,51.4,SURF,True,EXTREME_TYPE1,1579.0,12.0,12.0,"(113.09, 24.4);(113.09, 24.8);(113.09, 25.2);(113.5, 24.0);(113.5, 24.4);(113.5, 24.8);(113.5, 25.2);(113.91, 24.4);(113.91, 24.8);(113.91, 25.2);(114.32, 24.4);(114.32, 24.8)",True
59096,2025-07-30 21:00:00,51.7,SURF,True,EXTREME_TYPE1,994.0,12.0,12.0,"(113.91, 24.0);(113.91, 24.4);(113.91, 24.8);(114.32, 24.0);(114.32, 24.4);(114.32, 24.8);(114.73, 24.0);(114.73, 24.4);(114.73, 24.8);(115.14, 24.0);(115.14, 24.4);(115.14, 24.8)",True
59285,2025-07-31 00:00:00,10.0,SURF,True,,,,,,False
59493,2025-07-31 05:00:00,27.5,SURF,True,EXTREME_TYPE1,2890.0,13.0,13.0,"(113.5, 22.0);(113.5, 22.4);(113.5, 22.8);(113.91, 22.0);(113.91, 22.4);(113.91, 22.8);(113.91, 23.2);(114.32, 22.0);(114.32, 22.4);(114.32, 22.8);(114.32, 23.2);(114.73, 22.4);(114.73, 22.8)",True
59268,2025-07-31 07:00:00,52.7,SURF,True,EXTREME_TYPE1,2978.0,9.0,9.0,"(111.05, 22.8);(111.05, 23.2);(111.45, 22.8);(111.45, 23.2);(111.45, 23.6);(111.86, 22.8);(111.86, 23.2);(111.86, 23.6);(112.27, 23.2)",True
59074,2025-07-31 15:00:00,13.1,SURF,True,,,,,,False
59462,2025-07-31 20:00:00,78.4,SURF,True,EXTREME_TYPE1,2956.0,11.0,11.0,"(111.05, 22.4);(111.05, 22.8);(111.05, 23.2);(111.45, 22.4);(111.45, 22.8);(111.45, 23.2);(111.86, 22.4);(111.86, 22.8);(111.86, 23.2);(112.27, 22.4);(112.27, 22.8)",True
59293,2025-08-01 00:00:00,73.0,SURF,True,EXTREME_TYPE1,1519.0,11.0,11.0,"(114.32, 23.2);(114.32, 23.6);(114.32, 24.0);(114.73, 23.2);(114.73, 23.6);(114.73, 24.0);(114.73, 24.4);(115.14, 23.2);(115.14, 23.6);(115.14, 24.0);(115.14, 24.4)",True
59500,2025-08-01 16:00:00,38.1,SURF,True,EXTREME_TYPE1,2612.0,12.0,12.0,"(114.73, 22.8);(114.73, 23.2);(115.14, 22.4);(115.14, 22.8);(115.14, 23.2);(115.14, 23.6);(115.55, 22.4);(115.55, 22.8);(115.55, 23.2);(115.55, 23.6);(115.95, 22.8);(115.95, 23.2)",True
59486,2025-08-03 02:00:00,24.0,SURF,True,EXTREME_TYPE1,4604.0,10.0,10.0,"(113.5, 22.4);(113.5, 22.8);(113.5, 23.2);(113.91, 22.0);(113.91, 22.4);(113.91, 22.8);(113.91, 23.2);(114.32, 22.4);(114.32, 22.8);(114.32, 23.2)",True
59264,2025-08-03 03:00:00,28.2,SURF,True,EXTREME_TYPE1,871.0,9.0,9.0,"(111.05, 23.2);(111.45, 22.8);(111.45, 23.2);(111.45, 23.6);(111.45, 24.0);(111.86, 22.8);(111.86, 23.2);(111.86, 23.6);(111.86, 24.0)",True
59315,2025-08-03 06:00:00,21.4,SURF,True,EXTREME_TYPE1,1231.0,10.0,10.0,"(115.95, 23.2);(115.95, 23.6);(115.95, 24.0);(116.36, 23.2);(116.36, 23.6);(116.36, 24.0);(116.77, 23.2);(116.77, 23.6);(116.77, 24.0);(117.18, 23.6)",True
59318,2025-08-03 06:00:00,30.5,SURF,True,EXTREME_TYPE1,1231.0,12.0,12.0,"(115.95, 23.2);(115.95, 23.6);(116.36, 22.8);(116.36, 23.2);(116.36, 23.6);(116.36, 24.0);(116.77, 22.8);(116.77, 23.2);(116.77, 23.6);(116.77, 24.0);(117.18, 23.2);(117.18, 23.6)",True
59502,2025-08-04 00:00:00,44.4,SURF,True,EXTREME_TYPE1,2517.0,12.0,12.0,"(115.14, 22.8);(115.14, 23.2);(115.55, 22.4);(115.55, 22.8);(115.55, 23.2);(115.55, 23.6);(115.95, 22.4);(115.95, 22.8);(115.95, 23.2);(115.95, 23.6);(116.36, 22.8);(116.36, 23.2)",True
59502,2025-08-04 02:00:00,68.4,SURF,True,EXTREME_TYPE1,2508.0,12.0,12.0,"(115.14, 22.8);(115.14, 23.2);(115.55, 22.4);(115.55, 22.8);(115.55, 23.2);(115.55, 23.6);(115.95, 22.4);(115.95, 22.8);(115.95, 23.2);(115.95, 23.6);(116.36, 22.8);(116.36, 23.2)",True
59492,2025-08-04 12:00:00,17.8,SURF,True,,,,,,False
59501,2025-08-04 14:00:00,4.4,SURF,True,,,,,,False
59288,2025-08-04 21:00:00,43.2,SURF,True,EXTREME_TYPE1,5030.0,10.0,10.0,"(112.27, 23.2);(112.68, 22.8);(112.68, 23.2);(112.68, 23.6);(113.09, 22.8);(113.09, 23.2);(113.09, 23.6);(113.5, 22.8);(113.5, 23.2);(113.5, 23.6)",True
59488,2025-08-05 06:00:00,24.4,SURF,True,EXTREME_TYPE1,2617.0,11.0,11.0,"(113.09, 22.0);(113.09, 22.4);(113.09, 22.8);(113.5, 21.6);(113.5, 22.0);(113.5, 22.4);(113.5, 22.8);(113.91, 22.0);(113.91, 22.4);(113.91, 22.8);(114.32, 22.4)",True
59280,2025-08-06 05:00:00,35.6,SURF,True,EXTREME_TYPE1,2468.0,10.0,10.0,"(112.68, 23.2);(112.68, 23.6);(112.68, 24.0);(113.09, 23.2);(113.09, 23.6);(113.09, 24.0);(113.09, 24.4);(113.5, 23.2);(113.5, 23.6);(113.5, 24.0)",True
59650,2025-08-06 06:00:00,23.3,SURF,True,EXTREME_TYPE1,1586.0,11.0,11.0,"(109.82, 21.2);(109.82, 21.6);(109.82, 22.0);(110.23, 20.8);(110.23, 21.2);(110.23, 21.6);(110.23, 22.0);(110.64, 20.8);(110.64, 21.2);(110.64, 21.6);(110.64, 22.0)",True
59486,2025-08-06 12:00:00,26.0,SURF,True,EXTREME_TYPE1,4527.0,10.0,10.0,"(113.5, 22.4);(113.5, 22.8);(113.5, 23.2);(113.91, 22.0);(113.91, 22.4);(113.91, 22.8);(113.91, 23.2);(114.32, 22.4);(114.32, 22.8);(114.32, 23.2)",True
59072,2025-08-07 12:00:00,7.3,SURF,True,,,,,,False
59279,2025-08-07 16:00:00,54.6,SURF,True,EXTREME_TYPE1,5083.0,12.0,12.0,"(112.27, 22.8);(112.27, 23.2);(112.27, 23.6);(112.68, 22.8);(112.68, 23.2);(112.68, 23.6);(113.09, 22.8);(113.09, 23.2);(113.09, 23.6);(113.5, 22.8);(113.5, 23.2);(113.5, 23.6)",True
59304,2025-08-11 14:00:00,100.7,SURF,True,EXTREME_TYPE1,2120.0,9.0,4.0,"(114.73, 23.2);(114.73, 23.6);(114.73, 24.0);(115.14, 23.6)",True
59317,2025-08-13 23:00:00,59.4,SURF,True,EXTREME_TYPE1,1927.0,9.0,9.0,"(115.95, 22.4);(115.95, 22.8);(115.95, 23.2);(115.95, 23.6);(116.36, 22.8);(116.36, 23.2);(116.36, 23.6);(116.77, 22.8);(116.77, 23.2)",True
59500,2025-08-14 05:00:00,63.1,SURF,True,EXTREME_TYPE1,2562.0,12.0,12.0,"(114.73, 22.8);(114.73, 23.2);(115.14, 22.4);(115.14, 22.8);(115.14, 23.2);(115.14, 23.6);(115.55, 22.4);(115.55, 22.8);(115.55, 23.2);(115.55, 23.6);(115.95, 22.8);(115.95, 23.2)",True
59492,2025-08-14 09:00:00,91.2,SURF,True,EXTREME_TYPE1,2003.0,11.0,11.0,"(114.32, 22.4);(114.32, 22.8);(114.32, 23.2);(114.32, 23.6);(114.73, 22.4);(114.73, 22.8);(114.73, 23.2);(114.73, 23.6);(115.14, 22.8);(115.14, 23.2);(115.14, 23.6)",True
59288,2025-08-14 16:00:00,91.1,SURF,True,EXTREME_TYPE1,5067.0,10.0,10.0,"(112.27, 23.2);(112.68, 22.8);(112.68, 23.2);(112.68, 23.6);(113.09, 22.8);(113.09, 23.2);(113.09, 23.6);(113.5, 22.8);(113.5, 23.2);(113.5, 23.6)",True
59294,2025-08-14 17:00:00,27.2,SURF,True,EXTREME_TYPE1,2911.0,11.0,11.0,"(113.09, 23.2);(113.5, 22.8);(113.5, 23.2);(113.5, 23.6);(113.91, 22.8);(113.91, 23.2);(113.91, 23.6);(113.91, 24.0);(114.32, 22.8);(114.32, 23.2);(114.32, 23.6)",True
59264,2025-08-14 18:00:00,66.8,SURF,True,EXTREME_TYPE1,868.0,9.0,9.0,"(111.05, 23.2);(111.45, 22.8);(111.45, 23.2);(111.45, 23.6);(111.45, 24.0);(111.86, 22.8);(111.86, 23.2);(111.86, 23.6);(111.86, 24.0)",True
59268,2025-08-14 19:00:00,25.1,SURF,True,EXTREME_TYPE1,2966.0,9.0,9.0,"(111.05, 22.8);(111.05, 23.2);(111.45, 22.8);(111.45, 23.2);(111.45, 23.6);(111.86, 22.8);(111.86, 23.2);(111.86, 23.6);(112.27, 23.2)",True
59280,2025-08-14 23:00:00,2.1,SURF,True,,,,,,False
59673,2025-08-15 01:00:00,20.9,SURF,True,EXTREME_TYPE1,544.0,8.0,8.0,"(112.27, 21.6);(112.27, 22.0);(112.68, 21.6);(112.68, 22.0);(112.68, 22.4);(113.09, 21.6);(113.09, 22.0);(113.5, 21.6)",True
59493,2025-08-19 05:00:00,12.2,SURF,True,,,,,,False
59650,2025-08-19 21:00:00,6.4,SURF,True,,,,,,False
59264,2025-08-20 16:00:00,4.4,SURF,True,,,,,,False
59664,2025-08-25 09:00:00,16.6,SURF,True,,,,,,False
57989,2025-08-25 21:00:00,25.0,SURF,True,EXTREME_TYPE1,832.0,12.0,12.0,"(113.09, 24.8);(113.09, 25.2);(113.5, 24.4);(113.5, 24.8);(113.5, 25.2);(113.5, 25.6);(113.91, 24.4);(113.91, 24.8);(113.91, 25.2);(113.91, 25.6);(114.32, 24.8);(114.32, 25.2)",True
59116,2025-08-26 22:00:00,20.6,SURF,True,EXTREME_TYPE1,559.0,9.0,9.0,"(115.95, 24.4);(116.36, 24.0);(116.36, 24.4);(116.36, 24.8);(116.77, 24.0);(116.77, 24.4);(116.77, 24.8);(117.18, 24.0);(117.18, 24.4)",True
59476,2025-08-27 18:00:00,29.3,SURF,True,EXTREME_TYPE1,7703.0,11.0,11.0,"(112.27, 22.4);(112.68, 22.0);(112.68, 22.4);(112.68, 22.8);(113.09, 22.0);(113.09, 22.4);(113.09, 22.8);(113.09, 23.2);(113.5, 22.0);(113.5, 22.4);(113.5, 22.8)",True
59456,2025-08-28 16:00:00,6.6,SURF,True,,,,,,False
59754,2025-08-29 14:00:00,35.4,SURF,True,EXTREME_TYPE1,786.0,5.0,5.0,"(109.82, 20.4);(109.82, 20.8);(110.23, 20.4);(110.23, 20.8);(110.64, 20.8)",True
59269,2025-08-30 16:00:00,10.0,SURF,True,,,,,,False
59106,2025-09-17 22:00:00,63.7,SURF,True,EXTREME_TYPE1,960.0,10.0,10.0,"(115.14, 24.4);(115.14, 24.8);(115.55, 24.0);(115.55, 24.4);(115.55, 24.8);(115.95, 24.0);(115.95, 24.4);(115.95, 24.8);(116.36, 24.4);(116.36, 24.8)",True
59315,2025-09-19 07:00:00,12.9,SURF,True,,,,,,False
59303,2025-09-19 17:00:00,21.7,SURF,True,EXTREME_TYPE1,2707.0,10.0,10.0,"(115.14, 23.6);(115.14, 24.0);(115.55, 23.6);(115.55, 24.0);(115.55, 24.4);(115.95, 23.6);(115.95, 24.0);(115.95, 24.4);(116.36, 23.6);(116.36, 24.0)",True
59097,2025-09-20 00:00:00,4.7,SURF,True,,,,,,False
59303,2025-09-20 02:00:00,8.7,SURF,True,,,,,,False
59656,2025-09-20 21:00:00,27.8,SURF,True,EXTREME_TYPE1,1397.0,11.0,11.0,"(110.23, 21.2);(110.23, 21.6);(110.64, 20.8);(110.64, 21.2);(110.64, 21.6);(110.64, 22.0);(111.05, 21.2);(111.05, 21.6);(111.05, 22.0);(111.45, 21.2);(111.45, 21.6)",True
59081,2025-09-21 18:00:00,10.1,SURF,True,,,,,,False
59269,2025-09-24 16:00:00,6.7,SURF,True,,,,,,False
59650,2025-09-28 23:00:00,1.1,SURF,True,,,,,,False
59658,2025-09-29 03:00:00,62.2,SURF,True,EXTREME_TYPE1,1046.0,10.0,10.0,"(109.82, 20.8);(109.82, 21.2);(109.82, 21.6);(110.23, 20.8);(110.23, 21.2);(110.23, 21.6);(110.64, 20.8);(110.64, 21.2);(110.64, 21.6);(111.05, 21.2)",True
59289,2025-10-04 17:00:00,2.5,SURF,True,,,,,,False
59659,2025-10-06 00:00:00,56.9,SURF,True,EXTREME_TYPE1,1877.0,12.0,12.0,"(110.23, 21.6);(110.23, 22.0);(110.64, 21.2);(110.64, 21.6);(110.64, 22.0);(110.64, 22.4);(111.05, 21.2);(111.05, 21.6);(111.05, 22.0);(111.05, 22.4);(111.45, 21.6);(111.45, 22.0)",True
59664,2025-10-06 00:00:00,60.3,SURF,True,EXTREME_TYPE1,1877.0,10.0,10.0,"(110.23, 21.6);(110.64, 21.2);(110.64, 21.6);(110.64, 22.0);(111.05, 21.2);(111.05, 21.6);(111.05, 22.0);(111.45, 21.2);(111.45, 21.6);(111.45, 22.0)",True
59106,2025-10-16 19:00:00,6.4,SURF,True,,,,,,False
59270,2025-11-02 03:00:00,1.4,SURF,True,,,,,,False
59462,2025-11-04 07:00:00,1.3,SURF,True,,,,,,False
