stacode,ddatetime,r,statype,validation,qc_label,validation_sample_size,extreme_circle_count,validation_circle_count,validation_circle_locs,inspected
59298,2003-01-06 22:00:00,1.7,SURF,True,EXTREME_TYPE1,18,11,11,"(113.91, 22.8);(113.91, 23.2);(113.91, 23.6);(114.32, 22.4);(114.32, 22.8);(114.32, 23.2);(114.32, 23.6);(114.73, 22.8);(114.73, 23.2);(114.73, 23.6);(115.14, 23.2)",True
G2109,2003-01-15 00:00:00,338.8,AWST,False,FALSE,65,10,0,,True
G1282,2003-02-27 02:00:00,57.0,AWST,False,FALSE,15,10,0,,True
G1282,2003-02-27 12:00:00,144.0,AWST,False,FALSE,15,10,0,,True
G1282,2003-02-27 23:00:00,280.0,AWST,False,FALSE,15,10,0,,True
G1282,2003-03-01 18:00:00,5.2,AWST,False,FALSE,15,10,0,,True
G1282,2003-03-02 03:00:00,5.0,AWST,False,FALSE,15,10,0,,True
G1282,2003-03-02 18:00:00,800.5,AWST,False,FALSE,15,10,0,,True
G1282,2003-03-02 21:00:00,460.1,AWST,False,FALSE,15,10,0,,True
G1282,2003-03-02 22:00:00,5.2,AWST,False,FALSE,15,10,0,,True
G1282,2003-03-03 11:00:00,63.3,AWST,False,FALSE,15,10,0,,True
G1282,2003-03-04 05:00:00,75.3,AWST,False,FALSE,15,10,0,,True
G1282,2003-03-04 22:00:00,303.5,AWST,False,FALSE,15,10,0,,True
G1282,2003-03-04 23:00:00,430.1,AWST,False,FALSE,15,10,0,,True
59500,2003-03-05 10:00:00,3.0,SURF,True,EXTREME_TYPE1,26,12,8,"(115.14, 22.8);(115.14, 23.2);(115.55, 22.4);(115.55, 22.8);(115.55, 23.2);(115.55, 23.6);(115.95, 22.8);(115.95, 23.2)",True
G1282,2003-03-05 12:00:00,503.0,AWST,False,FALSE,15,10,0,,True
G1282,2003-03-06 00:00:00,1.8,AWST,False,EXTREME_TYPE1,15,10,9,"(113.09, 22.0);(113.09, 22.4);(113.09, 22.8);(113.5, 22.0);(113.5, 22.4);(113.5, 22.8);(113.91, 22.0);(113.91, 22.4);(113.91, 22.8)",True
59314,2003-03-06 18:00:00,5.1,SURF,True,EXTREME_TYPE1,35,12,10,"(115.55, 23.2);(115.55, 23.6);(115.95, 22.8);(115.95, 23.2);(115.95, 23.6);(116.36, 22.8);(116.36, 23.2);(116.36, 23.6);(116.77, 23.2);(116.77, 23.6)",True
G1282,2003-03-07 15:00:00,11.8,AWST,False,FALSE,15,10,0,,True
G1282,2003-03-09 00:00:00,7.2,AWST,False,FALSE,15,10,0,,True
59094,2003-03-09 18:00:00,3.2,SURF,True,FALSE,10,12,0,,True
G1282,2003-03-11 09:00:00,500.7,AWST,False,FALSE,15,10,0,,True
G1282,2003-03-13 04:00:00,652.0,AWST,False,FALSE,15,10,0,,True
G1282,2003-03-14 06:00:00,901.1,AWST,False,FALSE,15,10,0,,True
G1282,2003-03-14 07:00:00,400.7,AWST,False,FALSE,15,10,0,,True
G1282,2003-03-15 11:00:00,14.8,AWST,False,FALSE,15,10,0,,True
G1282,2003-03-15 18:00:00,800.4,AWST,False,FALSE,15,10,0,,True
G1282,2003-03-15 19:00:00,58.1,AWST,False,FALSE,15,10,0,,True
G1282,2003-03-18 11:00:00,360.3,AWST,False,FALSE,15,10,0,,True
G1282,2003-03-18 21:00:00,304.0,AWST,False,FALSE,15,10,0,,True
G1282,2003-03-19 12:00:00,730.0,AWST,False,FALSE,15,10,0,,True
G1282,2003-03-19 13:00:00,130.0,AWST,False,FALSE,15,10,0,,True
G1282,2003-03-19 22:00:00,328.0,AWST,False,FALSE,15,10,0,,True
G1282,2003-03-22 18:00:00,59.0,AWST,False,FALSE,12,10,0,,True
G1282,2003-03-22 19:00:00,530.0,AWST,False,FALSE,12,10,0,,True
G1282,2003-03-23 07:00:00,29.0,AWST,False,FALSE,12,10,0,,True
G1282,2003-03-23 08:00:00,3.9,AWST,False,FALSE,12,10,0,,True
G1282,2003-03-23 17:00:00,5.3,AWST,False,EXTREME_TYPE1,12,10,1,"(113.09, 22.8)",True
G1282,2003-03-25 06:00:00,31.8,AWST,False,FALSE,12,10,0,,True
G1282,2003-03-26 18:00:00,3.0,AWST,False,FALSE,12,10,0,,True
G1282,2003-03-27 05:00:00,4.1,AWST,False,FALSE,11,10,0,,True
59306,2003-03-27 20:00:00,6.9,SURF,True,EXTREME_TYPE1,43,12,12,"(115.14, 23.2);(115.14, 23.6);(115.55, 22.8);(115.55, 23.2);(115.55, 23.6);(115.55, 24.0);(115.95, 22.8);(115.95, 23.2);(115.95, 23.6);(115.95, 24.0);(116.36, 23.2);(116.36, 23.6)",True
G1282,2003-03-27 20:00:00,800.0,AWST,False,FALSE,11,10,0,,True
G1282,2003-03-27 23:00:00,33.0,AWST,False,FALSE,11,10,0,,True
G1282,2003-03-29 21:00:00,21.0,AWST,False,FALSE,10,10,0,,True
G1282,2003-03-30 05:00:00,380.1,AWST,False,FALSE,14,10,0,,True
G1282,2003-03-30 12:00:00,701.7,AWST,False,FALSE,14,10,0,,True
G1282,2003-03-31 12:00:00,901.6,AWST,False,FALSE,14,10,0,,True
G1282,2003-04-02 05:00:00,9.1,AWST,False,FALSE,10,10,0,,True
G1282,2003-04-02 08:00:00,900.0,AWST,False,FALSE,10,10,0,,True
59270,2003-04-02 23:00:00,22.5,SURF,True,EXTREME_TYPE1,11,10,1,"(112.68, 23.6)",True
G1282,2003-04-03 06:00:00,156.0,AWST,False,FALSE,10,10,0,,True
G1282,2003-04-04 05:00:00,600.1,AWST,False,FALSE,10,10,0,,True
G1282,2003-04-04 23:00:00,201.0,AWST,False,FALSE,10,10,0,,True
G1282,2003-04-05 15:00:00,900.1,AWST,False,FALSE,10,10,0,,True
G1282,2003-04-05 20:00:00,7.0,AWST,False,FALSE,10,10,0,,True
G1282,2003-04-07 00:00:00,1.5,AWST,False,EXTREME_TYPE1,10,10,9,"(113.09, 22.0);(113.09, 22.4);(113.09, 22.8);(113.5, 22.0);(113.5, 22.4);(113.5, 22.8);(113.91, 22.0);(113.91, 22.4);(113.91, 22.8)",True
G1282,2003-04-08 01:00:00,1.4,AWST,False,EXTREME_TYPE1,13,10,8,"(113.09, 22.0);(113.09, 22.4);(113.09, 22.8);(113.5, 22.0);(113.5, 22.4);(113.5, 22.8);(113.91, 22.8);(114.32, 22.4)",True
59284,2003-04-09 03:00:00,2.8,SURF,True,EXTREME_TYPE1,30,12,12,"(112.68, 23.2);(112.68, 23.6);(113.09, 22.8);(113.09, 23.2);(113.09, 23.6);(113.09, 24.0);(113.5, 22.8);(113.5, 23.2);(113.5, 23.6);(113.5, 24.0);(113.91, 23.2);(113.91, 23.6)",True
59280,2003-04-09 08:00:00,51.0,SURF,True,FALSE,21,10,0,,True
G1282,2003-04-09 16:00:00,200.7,AWST,False,FALSE,13,10,0,,True
59096,2003-04-09 19:00:00,23.0,SURF,True,FALSE,3,12,0,,True
G1282,2003-04-10 05:00:00,2.2,AWST,False,EXTREME_TYPE1,13,10,3,"(113.09, 22.0);(113.91, 22.8);(114.32, 22.4)",True
G1282,2003-04-10 08:00:00,3.0,AWST,False,FALSE,13,10,0,,True
G1282,2003-04-10 09:00:00,3.2,AWST,False,FALSE,13,10,0,,True
G1282,2003-04-10 10:00:00,1.7,AWST,False,EXTREME_TYPE1,13,10,1,"(113.09, 22.8)",True
G2109,2003-04-11 01:00:00,60.6,AWST,False,FALSE,84,10,0,,True
G2109,2003-04-11 08:00:00,60.4,AWST,False,FALSE,84,10,0,,True
G2109,2003-04-11 18:00:00,888.8,AWST,False,FALSE,84,10,0,,True
G2109,2003-04-12 09:00:00,555.5,AWST,False,FALSE,84,10,0,,True
G1282,2003-04-13 21:00:00,518.0,AWST,False,FALSE,17,10,0,,True
59106,2003-04-13 23:00:00,3.5,SURF,True,EXTREME_TYPE1,4,10,8,"(115.55, 24.0);(115.55, 24.4);(115.55, 24.8);(115.95, 24.0);(115.95, 24.4);(115.95, 24.8);(116.36, 24.4);(116.36, 24.8)",True
G2109,2003-04-14 01:00:00,888.3,AWST,False,FALSE,84,10,0,,True
G2109,2003-04-14 02:00:00,555.2,AWST,False,FALSE,84,10,0,,True
59492,2003-04-14 03:00:00,2.6,SURF,True,EXTREME_TYPE1,17,11,9,"(114.32, 22.8);(114.32, 23.2);(114.32, 23.6);(114.73, 22.8);(114.73, 23.2);(114.73, 23.6);(115.14, 22.8);(115.14, 23.2);(115.14, 23.6)",True
59314,2003-04-14 04:00:00,57.8,SURF,True,EXTREME_TYPE1,33,12,10,"(115.55, 23.2);(115.55, 23.6);(115.95, 22.8);(115.95, 23.2);(115.95, 23.6);(116.36, 22.8);(116.36, 23.2);(116.36, 23.6);(116.77, 23.2);(116.77, 23.6)",True
G2109,2003-04-15 06:00:00,1.3,AWST,False,FALSE,84,10,0,,True
G1282,2003-04-15 08:00:00,37.0,AWST,False,FALSE,17,10,0,,True
G1282,2003-04-15 17:00:00,365.5,AWST,False,FALSE,17,10,0,,True
G2109,2003-04-15 20:00:00,700.0,AWST,False,FALSE,84,10,0,,True
G1282,2003-04-15 22:00:00,61.5,AWST,False,FALSE,17,10,0,,True
G1282,2003-04-16 16:00:00,920.0,AWST,False,FALSE,17,10,0,,True
G2109,2003-04-16 17:00:00,300.0,AWST,False,FALSE,82,10,0,,True
G1282,2003-04-17 12:00:00,53.0,AWST,False,FALSE,17,10,0,,True
G2109,2003-04-17 13:00:00,1.3,AWST,False,FALSE,83,10,0,,True
G1282,2003-04-17 21:00:00,70.5,AWST,False,FALSE,17,10,0,,True
G2109,2003-04-18 03:00:00,555.5,AWST,False,FALSE,83,10,0,,True
G2109,2003-04-19 06:00:00,555.5,AWST,False,FALSE,84,10,0,,True
G2109,2003-04-19 09:00:00,894.3,AWST,False,FALSE,84,10,0,,True
G1282,2003-04-19 18:00:00,50.0,AWST,False,FALSE,17,10,0,,True
G1282,2003-04-20 02:00:00,131.0,AWST,False,FALSE,17,10,0,,True
G2109,2003-04-20 22:00:00,130.0,AWST,False,FALSE,84,10,0,,True
G1282,2003-04-20 23:00:00,8.0,AWST,False,FALSE,17,10,0,,True
G2109,2003-04-21 00:00:00,54.5,AWST,False,FALSE,84,10,0,,True
G2109,2003-04-21 01:00:00,13.0,AWST,False,FALSE,84,10,0,,True
G2109,2003-04-21 11:00:00,13.0,AWST,False,FALSE,84,10,0,,True
G2109,2003-04-22 03:00:00,555.5,AWST,False,FALSE,84,10,0,,True
G2109,2003-04-22 04:00:00,5.5,AWST,False,FALSE,84,10,0,,True
G2109,2003-04-22 21:00:00,555.5,AWST,False,FALSE,84,10,0,,True
G1282,2003-04-23 07:00:00,800.2,AWST,False,FALSE,17,10,0,,True
G2109,2003-04-23 09:00:00,300.0,AWST,False,FALSE,84,10,0,,True
G2109,2003-04-23 10:00:00,888.8,AWST,False,FALSE,84,10,0,,True
G2109,2003-04-24 08:00:00,555.5,AWST,False,FALSE,84,10,0,,True
G2340,2003-04-24 15:00:00,630.0,AWST,False,FALSE,27,9,0,,True
G2109,2003-04-25 00:00:00,300.0,AWST,False,FALSE,84,10,0,,True
G2109,2003-04-25 02:00:00,300.0,AWST,False,FALSE,84,10,0,,True
G2109,2003-04-25 03:00:00,300.0,AWST,False,FALSE,84,10,0,,True
G2109,2003-04-25 08:00:00,30.0,AWST,False,FALSE,84,10,0,,True
G2109,2003-04-25 16:00:00,300.0,AWST,False,FALSE,84,10,0,,True
G2109,2003-04-25 21:00:00,1.3,AWST,False,FALSE,84,10,0,,True
G2109,2003-04-26 02:00:00,555.5,AWST,False,FALSE,84,10,0,,True
G1282,2003-04-26 22:00:00,8.8,AWST,False,FALSE,17,10,0,,True
G2109,2003-04-26 23:00:00,1.3,AWST,False,FALSE,84,10,0,,True
G2109,2003-04-27 03:00:00,100.0,AWST,False,FALSE,84,10,0,,True
G1282,2003-04-27 14:00:00,358.0,AWST,False,FALSE,17,10,0,,True
G2109,2003-04-28 11:00:00,30.0,AWST,False,FALSE,84,10,0,,True
G2109,2003-04-28 12:00:00,555.5,AWST,False,FALSE,84,10,0,,True
59500,2003-05-04 12:00:00,52.7,SURF,True,EXTREME_TYPE1,33,12,10,"(114.73, 22.8);(114.73, 23.2);(115.14, 22.4);(115.14, 22.8);(115.14, 23.2);(115.55, 22.4);(115.55, 22.8);(115.55, 23.2);(115.95, 22.8);(115.95, 23.2)",True
59502,2003-05-04 14:00:00,51.8,SURF,True,EXTREME_TYPE1,42,12,11,"(115.14, 22.8);(115.14, 23.2);(115.55, 22.4);(115.55, 22.8);(115.55, 23.2);(115.55, 23.6);(115.95, 22.8);(115.95, 23.2);(115.95, 23.6);(116.36, 22.8);(116.36, 23.2)",True
59317,2003-05-04 16:00:00,72.4,SURF,True,EXTREME_TYPE1,38,9,9,"(115.95, 22.4);(115.95, 22.8);(115.95, 23.2);(115.95, 23.6);(116.36, 22.8);(116.36, 23.2);(116.36, 23.6);(116.77, 22.8);(116.77, 23.2)",True
59318,2003-05-04 16:00:00,77.7,SURF,True,EXTREME_TYPE1,28,12,12,"(115.95, 23.2);(115.95, 23.6);(116.36, 22.8);(116.36, 23.2);(116.36, 23.6);(116.36, 24.0);(116.77, 22.8);(116.77, 23.2);(116.77, 23.6);(116.77, 24.0);(117.18, 23.2);(117.18, 23.6)",True
59324,2003-05-04 17:00:00,11.5,SURF,True,EXTREME_TYPE1,5,10,10,"(116.36, 23.2);(116.36, 23.6);(116.77, 22.8);(116.77, 23.2);(116.77, 23.6);(116.77, 24.0);(117.18, 23.2);(117.18, 23.6);(117.18, 24.0);(117.59, 23.6)",True
59488,2003-05-05 01:00:00,63.5,SURF,True,EXTREME_TYPE1,16,11,11,"(113.09, 22.0);(113.09, 22.4);(113.09, 22.8);(113.5, 21.6);(113.5, 22.0);(113.5, 22.4);(113.5, 22.8);(113.91, 22.0);(113.91, 22.4);(113.91, 22.8);(114.32, 22.4)",True
59480,2003-05-05 03:00:00,6.0,SURF,True,EXTREME_TYPE1,56,10,10,"(112.68, 22.4);(112.68, 22.8);(112.68, 23.2);(113.09, 22.4);(113.09, 22.8);(113.09, 23.2);(113.5, 22.4);(113.5, 22.8);(113.5, 23.2);(113.91, 22.8)",True
59287,2003-05-05 05:00:00,5.5,SURF,True,EXTREME_TYPE1,33,9,9,"(113.09, 22.8);(113.09, 23.2);(113.09, 23.6);(113.5, 22.8);(113.5, 23.2);(113.5, 23.6);(113.91, 22.8);(113.91, 23.2);(113.91, 23.6)",True
59502,2003-05-05 10:00:00,37.6,SURF,True,FALSE,41,12,0,,True
59087,2003-05-08 04:00:00,74.9,SURF,True,EXTREME_TYPE1,24,10,10,"(113.09, 23.6);(113.09, 24.0);(113.09, 24.4);(113.5, 23.2);(113.5, 23.6);(113.5, 24.0);(113.5, 24.4);(113.91, 23.6);(113.91, 24.0);(113.91, 24.4)",True
59673,2003-05-09 08:00:00,21.9,SURF,True,EXTREME_TYPE1,12,8,4,"(112.27, 22.0);(112.68, 22.0);(112.68, 22.4);(113.09, 22.0)",True
59106,2003-05-11 07:00:00,48.4,SURF,True,FALSE,4,10,0,,True
59287,2003-05-14 18:00:00,37.9,SURF,True,EXTREME_TYPE1,33,9,9,"(113.09, 22.8);(113.09, 23.2);(113.09, 23.6);(113.5, 22.8);(113.5, 23.2);(113.5, 23.6);(113.91, 22.8);(113.91, 23.2);(113.91, 23.6)",True
59288,2003-05-14 18:00:00,83.6,SURF,True,EXTREME_TYPE1,45,10,10,"(112.27, 23.2);(112.68, 22.8);(112.68, 23.2);(112.68, 23.6);(113.09, 22.8);(113.09, 23.2);(113.09, 23.6);(113.5, 22.8);(113.5, 23.2);(113.5, 23.6)",True
59314,2003-05-16 11:00:00,42.5,SURF,True,EXTREME_TYPE1,40,12,10,"(115.55, 23.2);(115.55, 23.6);(115.95, 22.8);(115.95, 23.2);(115.95, 23.6);(116.36, 22.8);(116.36, 23.2);(116.36, 23.6);(116.77, 23.2);(116.77, 23.6)",True
59099,2003-05-17 05:00:00,27.1,SURF,True,EXTREME_TYPE1,5,10,8,"(114.32, 24.4);(114.32, 24.8);(114.73, 24.4);(114.73, 24.8);(115.14, 24.4);(115.14, 24.8);(115.55, 24.4);(115.55, 24.8)",True
59109,2003-05-17 10:00:00,23.2,SURF,True,EXTREME_TYPE1,11,12,4,"(115.14, 24.0);(115.14, 24.4);(116.36, 24.0);(116.36, 24.4)",True
59096,2003-05-17 13:00:00,9.3,SURF,True,EXTREME_TYPE1,3,12,8,"(113.91, 24.0);(113.91, 24.4);(113.91, 24.8);(114.32, 24.0);(114.32, 24.4);(114.32, 24.8);(114.73, 24.4);(114.73, 24.8)",True
59673,2003-05-18 07:00:00,51.1,SURF,True,EXTREME_TYPE1,12,8,4,"(112.27, 22.0);(112.68, 22.0);(112.68, 22.4);(113.09, 22.0)",True
59650,2003-05-23 15:00:00,5.2,SURF,True,EXTREME_TYPE1,14,11,10,"(109.82, 21.2);(109.82, 21.6);(110.23, 20.8);(110.23, 21.2);(110.23, 21.6);(110.23, 22.0);(110.64, 20.8);(110.64, 21.2);(110.64, 21.6);(110.64, 22.0)",True
59673,2003-05-26 11:00:00,22.2,SURF,True,EXTREME_TYPE1,12,8,4,"(112.27, 22.0);(112.68, 22.0);(112.68, 22.4);(113.09, 22.0)",True
59654,2003-05-27 08:00:00,51.8,SURF,True,EXTREME_TYPE1,15,10,6,"(109.82, 21.2);(109.82, 21.6);(110.23, 21.2);(110.23, 21.6);(110.64, 21.2);(110.64, 21.6)",True
59659,2003-05-29 18:00:00,56.4,SURF,True,FALSE,19,12,0,,True
G2109,2003-05-31 21:00:00,555.5,AWST,False,FALSE,78,10,0,,True
G2109,2003-06-03 06:00:00,888.8,AWST,False,FALSE,78,10,0,,True
G2109,2003-06-03 12:00:00,888.8,AWST,False,FALSE,78,10,0,,True
59072,2003-06-06 05:00:00,5.5,SURF,True,EXTREME_TYPE1,20,9,9,"(111.86, 24.4);(111.86, 24.8);(112.27, 24.4);(112.27, 24.8);(112.27, 25.2);(112.68, 24.4);(112.68, 24.8);(112.68, 25.2);(113.09, 24.8)",True
G2109,2003-06-06 05:00:00,255.5,AWST,False,FALSE,78,10,0,,True
G2109,2003-06-06 11:00:00,888.8,AWST,False,FALSE,78,10,0,,True
G2109,2003-06-06 12:00:00,555.5,AWST,False,FALSE,78,10,0,,True
59659,2003-06-06 15:00:00,2.3,SURF,True,EXTREME_TYPE1,19,12,7,"(110.64, 22.0);(110.64, 22.4);(111.05, 21.6);(111.05, 22.0);(111.05, 22.4);(111.45, 21.6);(111.45, 22.0)",True
59297,2003-06-06 19:00:00,45.5,SURF,True,EXTREME_TYPE1,26,10,10,"(113.5, 23.2);(113.91, 22.8);(113.91, 23.2);(113.91, 23.6);(114.32, 22.8);(114.32, 23.2);(114.32, 23.6);(114.73, 22.8);(114.73, 23.2);(114.73, 23.6)",True
G2109,2003-06-06 20:00:00,20.0,AWST,False,EXTREME_TYPE1,78,10,2,"(112.68, 22.8);(113.09, 22.4)",True
G2109,2003-06-06 21:00:00,10.0,AWST,False,FALSE,78,10,0,,True
59313,2003-06-07 13:00:00,1.1,SURF,True,EXTREME_TYPE1,5,9,9,"(116.36, 23.6);(116.36, 24.0);(116.77, 23.2);(116.77, 23.6);(116.77, 24.0);(117.18, 23.2);(117.18, 23.6);(117.18, 24.0);(117.59, 23.6)",True
G2109,2003-06-08 21:00:00,440.7,AWST,False,FALSE,77,10,0,,True
G2109,2003-06-09 04:00:00,1.8,AWST,False,EXTREME_TYPE1,77,10,9,"(111.86, 22.0);(111.86, 22.4);(111.86, 22.8);(112.27, 22.0);(112.27, 22.4);(112.27, 22.8);(112.68, 22.4);(112.68, 22.8);(113.09, 22.4)",True
G2109,2003-06-09 05:00:00,588.1,AWST,False,FALSE,77,10,0,,True
G2109,2003-06-09 06:00:00,555.5,AWST,False,FALSE,77,10,0,,True
59488,2003-06-09 12:00:00,52.6,SURF,True,EXTREME_TYPE1,16,11,10,"(113.09, 22.0);(113.09, 22.4);(113.09, 22.8);(113.5, 22.0);(113.5, 22.4);(113.5, 22.8);(113.91, 22.0);(113.91, 22.4);(113.91, 22.8);(114.32, 22.4)",True
59653,2003-06-09 19:00:00,20.5,SURF,True,EXTREME_TYPE1,18,11,10,"(110.23, 21.6);(110.23, 22.0);(110.64, 21.6);(110.64, 22.0);(110.64, 22.4);(111.05, 21.6);(111.05, 22.0);(111.05, 22.4);(111.45, 21.6);(111.45, 22.0)",True
59279,2003-06-10 01:00:00,36.4,SURF,True,EXTREME_TYPE1,43,12,12,"(112.27, 22.8);(112.27, 23.2);(112.27, 23.6);(112.68, 22.8);(112.68, 23.2);(112.68, 23.6);(113.09, 22.8);(113.09, 23.2);(113.09, 23.6);(113.5, 22.8);(113.5, 23.2);(113.5, 23.6)",True
G2109,2003-06-10 06:00:00,1.0,AWST,False,EXTREME_TYPE1,78,10,8,"(111.86, 22.0);(112.27, 22.0);(112.27, 22.4);(112.27, 22.8);(112.68, 22.0);(112.68, 22.4);(112.68, 22.8);(113.09, 22.4)",True
G2109,2003-06-10 13:00:00,1.6,AWST,False,EXTREME_TYPE1,78,10,10,"(111.86, 22.0);(111.86, 22.4);(111.86, 22.8);(112.27, 22.0);(112.27, 22.4);(112.27, 22.8);(112.68, 22.0);(112.68, 22.4);(112.68, 22.8);(113.09, 22.4)",True
G2109,2003-06-10 15:00:00,10.3,AWST,False,EXTREME_TYPE1,78,10,7,"(111.86, 22.0);(111.86, 22.4);(111.86, 22.8);(112.27, 22.0);(112.27, 22.4);(112.27, 22.8);(112.68, 22.8)",True
59673,2003-06-10 22:00:00,117.4,SURF,True,FALSE,11,8,0,,True
59488,2003-06-10 23:00:00,62.6,SURF,True,EXTREME_TYPE1,16,11,11,"(113.09, 22.0);(113.09, 22.4);(113.09, 22.8);(113.5, 21.6);(113.5, 22.0);(113.5, 22.4);(113.5, 22.8);(113.91, 22.0);(113.91, 22.4);(113.91, 22.8);(114.32, 22.4)",True
59673,2003-06-10 23:00:00,64.3,SURF,True,EXTREME_TYPE1,11,8,2,"(113.09, 22.0);(113.5, 21.6)",True
59673,2003-06-11 00:00:00,62.7,SURF,True,EXTREME_TYPE1,11,8,2,"(113.09, 22.0);(113.5, 21.6)",True
57989,2003-06-11 07:00:00,6.4,SURF,True,EXTREME_TYPE1,10,12,12,"(113.09, 24.8);(113.09, 25.2);(113.5, 24.4);(113.5, 24.8);(113.5, 25.2);(113.5, 25.6);(113.91, 24.4);(113.91, 24.8);(113.91, 25.2);(113.91, 25.6);(114.32, 24.8);(114.32, 25.2)",True
59502,2003-06-11 07:00:00,67.3,SURF,True,EXTREME_TYPE1,36,12,8,"(115.14, 22.8);(115.14, 23.2);(115.55, 22.4);(115.55, 22.8);(115.55, 23.2);(115.95, 22.4);(115.95, 22.8);(115.95, 23.2)",True
59097,2003-06-12 16:00:00,1.3,SURF,True,EXTREME_TYPE1,13,10,3,"(113.91, 23.6);(114.32, 23.6);(114.73, 23.6)",True
59285,2003-06-14 06:00:00,50.0,SURF,True,FALSE,27,10,0,,True
59289,2003-06-14 17:00:00,47.2,SURF,True,EXTREME_TYPE1,30,12,10,"(113.09, 22.8);(113.09, 23.2);(113.5, 22.4);(113.5, 22.8);(113.5, 23.2);(113.5, 23.6);(113.91, 22.4);(113.91, 22.8);(113.91, 23.2);(113.91, 23.6)",True
59306,2003-06-15 09:00:00,28.5,SURF,True,EXTREME_TYPE1,40,12,12,"(115.14, 23.2);(115.14, 23.6);(115.55, 22.8);(115.55, 23.2);(115.55, 23.6);(115.55, 24.0);(115.95, 22.8);(115.95, 23.2);(115.95, 23.6);(115.95, 24.0);(116.36, 23.2);(116.36, 23.6)",True
G2109,2003-06-15 09:00:00,10.0,AWST,False,EXTREME_TYPE1,76,10,3,"(112.68, 22.4);(112.68, 22.8);(113.09, 22.4)",True
59310,2003-06-15 20:00:00,6.1,SURF,True,EXTREME_TYPE1,27,12,11,"(115.55, 23.6);(115.95, 23.2);(115.95, 23.6);(115.95, 24.0);(115.95, 24.4);(116.36, 23.2);(116.36, 23.6);(116.36, 24.0);(116.36, 24.4);(116.77, 23.6);(116.77, 24.0)",True
G2109,2003-06-16 16:00:00,533.1,AWST,False,FALSE,76,10,0,,True
G2109,2003-06-17 02:00:00,555.5,AWST,False,FALSE,76,10,0,,True
G2109,2003-06-18 21:00:00,555.5,AWST,False,FALSE,76,10,0,,True
59099,2003-06-22 15:00:00,2.7,SURF,True,EXTREME_TYPE1,5,10,7,"(114.73, 24.0);(114.73, 24.4);(115.14, 24.0);(115.14, 24.4);(115.14, 24.8);(115.55, 24.4);(115.55, 24.8)",True
59485,2003-06-22 17:00:00,1.9,SURF,True,EXTREME_TYPE1,50,12,12,"(112.68, 22.4);(112.68, 22.8);(113.09, 22.0);(113.09, 22.4);(113.09, 22.8);(113.5, 22.0);(113.5, 22.4);(113.5, 22.8);(113.5, 23.2);(113.91, 22.0);(113.91, 22.4);(113.91, 22.8)",True
59306,2003-06-26 07:00:00,54.1,SURF,True,EXTREME_TYPE1,39,12,12,"(115.14, 23.2);(115.14, 23.6);(115.55, 22.8);(115.55, 23.2);(115.55, 23.6);(115.55, 24.0);(115.95, 22.8);(115.95, 23.2);(115.95, 23.6);(115.95, 24.0);(116.36, 23.2);(116.36, 23.6)",True
59477,2003-06-27 21:00:00,50.7,SURF,True,EXTREME_TYPE1,70,10,3,"(112.27, 22.8);(112.68, 22.4);(112.68, 22.8)",True
59287,2003-06-27 22:00:00,17.2,SURF,True,EXTREME_TYPE1,33,9,9,"(113.09, 22.8);(113.09, 23.2);(113.09, 23.6);(113.5, 22.8);(113.5, 23.2);(113.5, 23.6);(113.91, 22.8);(113.91, 23.2);(113.91, 23.6)",True
59492,2003-06-28 02:00:00,12.4,SURF,True,EXTREME_TYPE1,17,11,10,"(114.32, 22.4);(114.32, 22.8);(114.32, 23.2);(114.32, 23.6);(114.73, 22.4);(114.73, 22.8);(114.73, 23.2);(114.73, 23.6);(115.14, 22.8);(115.14, 23.2)",True
59280,2003-06-28 18:00:00,52.1,SURF,True,FALSE,27,10,0,,True
59654,2003-06-29 16:00:00,52.4,SURF,True,EXTREME_TYPE1,12,10,9,"(109.82, 21.2);(109.82, 21.6);(109.82, 22.0);(110.23, 21.2);(110.23, 21.6);(110.23, 22.0);(110.64, 21.2);(110.64, 21.6);(110.64, 22.0)",True
59654,2003-06-29 17:00:00,55.1,SURF,True,EXTREME_TYPE1,12,10,9,"(109.82, 21.2);(109.82, 21.6);(109.82, 22.0);(110.23, 21.2);(110.23, 21.6);(110.23, 22.0);(110.64, 21.2);(110.64, 21.6);(110.64, 22.0)",True
59654,2003-06-30 15:00:00,13.3,SURF,True,EXTREME_TYPE1,12,10,7,"(109.82, 21.6);(109.82, 22.0);(110.23, 21.2);(110.23, 21.6);(110.23, 22.0);(110.64, 21.6);(110.64, 22.0)",True
59492,2003-07-24 08:00:00,30.1,SURF,True,EXTREME_TYPE1,18,11,11,"(114.32, 22.4);(114.32, 22.8);(114.32, 23.2);(114.32, 23.6);(114.73, 22.4);(114.73, 22.8);(114.73, 23.2);(114.73, 23.6);(115.14, 22.8);(115.14, 23.2);(115.14, 23.6)",True
59303,2003-07-27 18:00:00,32.5,SURF,True,EXTREME_TYPE1,37,10,4,"(115.95, 23.6);(115.95, 24.0);(116.36, 23.6);(116.36, 24.0)",True
59312,2003-07-27 18:00:00,58.9,SURF,True,EXTREME_TYPE1,21,10,10,"(115.95, 23.6);(116.36, 23.2);(116.36, 23.6);(116.36, 24.0);(116.77, 23.2);(116.77, 23.6);(116.77, 24.0);(117.18, 23.2);(117.18, 23.6);(117.18, 24.0)",True
59285,2003-08-04 21:00:00,53.6,SURF,True,FALSE,28,10,0,,True
59285,2003-08-05 01:00:00,1.7,SURF,True,EXTREME_TYPE1,27,10,10,"(113.09, 23.2);(113.09, 23.6);(113.09, 24.0);(113.5, 23.2);(113.5, 23.6);(113.5, 24.0);(113.91, 23.2);(113.91, 23.6);(113.91, 24.0);(114.32, 23.6)",True
59469,2003-08-05 04:00:00,31.3,SURF,True,EXTREME_TYPE1,41,11,10,"(111.05, 22.0);(111.45, 21.6);(111.45, 22.0);(111.45, 22.4);(111.86, 21.6);(111.86, 22.0);(111.86, 22.4);(111.86, 22.8);(112.27, 22.0);(112.27, 22.4)",True
59659,2003-08-05 23:00:00,4.6,SURF,True,EXTREME_TYPE1,13,12,12,"(110.23, 21.6);(110.23, 22.0);(110.64, 21.2);(110.64, 21.6);(110.64, 22.0);(110.64, 22.4);(111.05, 21.2);(111.05, 21.6);(111.05, 22.0);(111.05, 22.4);(111.45, 21.6);(111.45, 22.0)",True
59264,2003-08-06 18:00:00,61.2,SURF,True,FALSE,8,9,0,,True
59478,2003-08-12 14:00:00,9.8,SURF,True,EXTREME_TYPE1,59,12,10,"(112.27, 22.0);(112.27, 22.4);(112.68, 21.6);(112.68, 22.0);(112.68, 22.4);(112.68, 22.8);(113.09, 22.0);(113.09, 22.4);(113.09, 22.8);(113.5, 22.4)",True
59653,2003-08-12 16:00:00,50.6,SURF,True,FALSE,18,11,0,,True
59288,2003-08-12 19:00:00,19.9,SURF,True,EXTREME_TYPE1,41,10,10,"(112.27, 23.2);(112.68, 22.8);(112.68, 23.2);(112.68, 23.6);(113.09, 22.8);(113.09, 23.2);(113.09, 23.6);(113.5, 22.8);(113.5, 23.2);(113.5, 23.6)",True
59306,2003-08-15 18:00:00,24.0,SURF,True,EXTREME_TYPE1,47,12,12,"(115.14, 23.2);(115.14, 23.6);(115.55, 22.8);(115.55, 23.2);(115.55, 23.6);(115.55, 24.0);(115.95, 22.8);(115.95, 23.2);(115.95, 23.6);(115.95, 24.0);(116.36, 23.2);(116.36, 23.6)",True
59109,2003-08-15 19:00:00,59.5,SURF,True,FALSE,12,12,0,,True
59071,2003-08-16 17:00:00,13.8,SURF,True,EXTREME_TYPE1,10,8,8,"(111.86, 24.4);(111.86, 24.8);(112.27, 24.4);(112.27, 24.8);(112.27, 25.2);(112.68, 24.4);(112.68, 24.8);(112.68, 25.2)",True
59501,2003-08-17 06:00:00,25.0,SURF,True,FALSE,34,12,0,,True
59288,2003-08-17 21:00:00,7.2,SURF,True,EXTREME_TYPE1,41,10,10,"(112.27, 23.2);(112.68, 22.8);(112.68, 23.2);(112.68, 23.6);(113.09, 22.8);(113.09, 23.2);(113.09, 23.6);(113.5, 22.8);(113.5, 23.2);(113.5, 23.6)",True
59090,2003-08-17 22:00:00,15.5,SURF,True,EXTREME_TYPE1,3,12,11,"(113.5, 25.2);(113.91, 24.4);(113.91, 24.8);(113.91, 25.2);(113.91, 25.6);(114.32, 24.4);(114.32, 24.8);(114.32, 25.2);(114.32, 25.6);(114.73, 24.8);(114.73, 25.2)",True
59492,2003-08-19 15:00:00,75.8,SURF,True,FALSE,23,11,0,,True
59456,2003-08-19 19:00:00,35.3,SURF,True,EXTREME_TYPE1,19,10,4,"(111.05, 22.4);(111.05, 22.8);(111.45, 22.4);(111.45, 22.8)",True
59276,2003-08-21 15:00:00,50.9,SURF,True,EXTREME_TYPE1,45,10,5,"(112.68, 22.8);(112.68, 23.2);(113.09, 22.8);(113.09, 23.2);(113.09, 23.6)",True
59485,2003-08-21 15:00:00,50.5,SURF,True,EXTREME_TYPE1,56,12,11,"(112.68, 22.4);(112.68, 22.8);(113.09, 22.0);(113.09, 22.4);(113.09, 22.8);(113.5, 22.0);(113.5, 22.4);(113.5, 22.8);(113.5, 23.2);(113.91, 22.4);(113.91, 22.8)",True
59294,2003-08-22 06:00:00,13.9,SURF,True,EXTREME_TYPE1,27,11,11,"(113.09, 23.2);(113.5, 22.8);(113.5, 23.2);(113.5, 23.6);(113.91, 22.8);(113.91, 23.2);(113.91, 23.6);(113.91, 24.0);(114.32, 22.8);(114.32, 23.2);(114.32, 23.6)",True
59094,2003-09-02 16:00:00,13.1,SURF,True,EXTREME_TYPE1,6,12,12,"(113.5, 24.0);(113.5, 24.4);(113.5, 24.8);(113.91, 24.0);(113.91, 24.4);(113.91, 24.8);(114.32, 24.0);(114.32, 24.4);(114.32, 24.8);(114.73, 24.0);(114.73, 24.4);(114.73, 24.8)",True
59318,2003-09-02 19:00:00,33.6,SURF,True,EXTREME_TYPE1,27,12,7,"(115.95, 23.2);(115.95, 23.6);(116.36, 22.8);(116.36, 23.2);(116.36, 23.6);(116.36, 24.0);(116.77, 23.6)",True
59310,2003-09-03 03:00:00,23.4,SURF,True,EXTREME_TYPE1,34,12,10,"(115.55, 23.6);(115.55, 24.0);(115.95, 23.2);(115.95, 23.6);(115.95, 24.0);(116.36, 23.2);(116.36, 23.6);(116.36, 24.0);(116.77, 23.6);(116.77, 24.0)",True
59470,2003-09-03 04:00:00,33.1,SURF,True,EXTREME_TYPE1,56,10,10,"(111.45, 22.8);(111.86, 22.4);(111.86, 22.8);(111.86, 23.2);(112.27, 22.4);(112.27, 22.8);(112.27, 23.2);(112.68, 22.4);(112.68, 22.8);(112.68, 23.2)",True
59298,2003-09-03 10:00:00,2.3,SURF,True,EXTREME_TYPE1,25,11,11,"(113.91, 22.8);(113.91, 23.2);(113.91, 23.6);(114.32, 22.4);(114.32, 22.8);(114.32, 23.2);(114.32, 23.6);(114.73, 22.8);(114.73, 23.2);(114.73, 23.6);(115.14, 23.2)",True
59109,2003-09-03 14:00:00,10.5,SURF,True,EXTREME_TYPE1,11,12,8,"(115.14, 24.0);(115.55, 23.6);(115.55, 24.0);(115.55, 24.4);(115.95, 23.6);(115.95, 24.0);(115.95, 24.4);(116.36, 24.0)",True
59477,2003-09-05 13:00:00,1.8,SURF,True,EXTREME_TYPE1,68,10,10,"(111.86, 22.0);(111.86, 22.4);(111.86, 22.8);(112.27, 21.6);(112.27, 22.0);(112.27, 22.4);(112.27, 22.8);(112.68, 22.0);(112.68, 22.4);(112.68, 22.8)",True
59658,2003-09-08 09:00:00,6.0,SURF,True,EXTREME_TYPE1,6,10,9,"(109.82, 20.8);(109.82, 21.2);(109.82, 21.6);(110.23, 20.8);(110.23, 21.2);(110.23, 21.6);(110.64, 20.8);(110.64, 21.2);(110.64, 21.6)",True
59315,2003-09-14 12:00:00,59.4,SURF,True,EXTREME_TYPE1,28,10,9,"(115.95, 23.2);(115.95, 23.6);(115.95, 24.0);(116.36, 23.2);(116.36, 23.6);(116.36, 24.0);(116.77, 23.2);(116.77, 23.6);(116.77, 24.0)",True
59487,2003-09-14 15:00:00,8.2,SURF,True,EXTREME_TYPE1,31,12,12,"(112.68, 22.0);(112.68, 22.4);(113.09, 21.6);(113.09, 22.0);(113.09, 22.4);(113.09, 22.8);(113.5, 21.6);(113.5, 22.0);(113.5, 22.4);(113.5, 22.8);(113.91, 22.0);(113.91, 22.4)",True
59269,2003-09-14 16:00:00,2.5,SURF,True,EXTREME_TYPE1,17,9,9,"(111.45, 22.8);(111.45, 23.2);(111.45, 23.6);(111.86, 22.8);(111.86, 23.2);(111.86, 23.6);(112.27, 22.8);(112.27, 23.2);(112.27, 23.6)",True
59488,2003-09-14 19:00:00,32.1,SURF,True,EXTREME_TYPE1,21,11,11,"(113.09, 22.0);(113.09, 22.4);(113.09, 22.8);(113.5, 21.6);(113.5, 22.0);(113.5, 22.4);(113.5, 22.8);(113.91, 22.0);(113.91, 22.4);(113.91, 22.8);(114.32, 22.4)",True
59485,2003-09-14 20:00:00,24.9,SURF,True,EXTREME_TYPE1,52,12,9,"(112.68, 22.4);(112.68, 22.8);(113.09, 22.0);(113.09, 22.4);(113.09, 22.8);(113.5, 22.0);(113.5, 22.4);(113.5, 22.8);(113.91, 22.4)",True
59480,2003-09-15 03:00:00,21.3,SURF,True,EXTREME_TYPE1,52,10,10,"(112.68, 22.4);(112.68, 22.8);(112.68, 23.2);(113.09, 22.4);(113.09, 22.8);(113.09, 23.2);(113.5, 22.4);(113.5, 22.8);(113.5, 23.2);(113.91, 22.8)",True
59488,2003-09-15 10:00:00,59.5,SURF,True,EXTREME_TYPE1,21,11,11,"(113.09, 22.0);(113.09, 22.4);(113.09, 22.8);(113.5, 21.6);(113.5, 22.0);(113.5, 22.4);(113.5, 22.8);(113.91, 22.0);(113.91, 22.4);(113.91, 22.8);(114.32, 22.4)",True
59485,2003-09-15 15:00:00,33.0,SURF,True,EXTREME_TYPE1,52,12,10,"(113.09, 22.0);(113.09, 22.4);(113.09, 22.8);(113.5, 22.0);(113.5, 22.4);(113.5, 22.8);(113.5, 23.2);(113.91, 22.0);(113.91, 22.4);(113.91, 22.8)",True
59310,2003-09-16 08:00:00,21.1,SURF,True,FALSE,34,12,0,,True
G2764,2004-01-23 03:00:00,2.7,AWST,False,FALSE,25,12,0,,True
G2764,2004-01-23 04:00:00,80.3,AWST,False,FALSE,25,12,0,,True
G2764,2004-01-23 06:00:00,140.5,AWST,False,FALSE,25,12,0,,True
G2764,2004-01-23 14:00:00,212.7,AWST,False,FALSE,25,12,0,,True
G2764,2004-01-23 15:00:00,88.5,AWST,False,FALSE,25,12,0,,True
59480,2004-02-04 19:00:00,1.7,SURF,True,EXTREME_TYPE1,66,10,10,"(112.68, 22.4);(112.68, 22.8);(112.68, 23.2);(113.09, 22.4);(113.09, 22.8);(113.09, 23.2);(113.5, 22.4);(113.5, 22.8);(113.5, 23.2);(113.91, 22.8)",True
59303,2004-02-05 02:00:00,3.2,SURF,True,EXTREME_TYPE1,57,10,10,"(115.14, 23.6);(115.14, 24.0);(115.55, 23.6);(115.55, 24.0);(115.55, 24.4);(115.95, 23.6);(115.95, 24.0);(115.95, 24.4);(116.36, 23.6);(116.36, 24.0)",True
59279,2004-02-07 05:00:00,1.4,SURF,True,EXTREME_TYPE1,50,12,12,"(112.27, 22.8);(112.27, 23.2);(112.27, 23.6);(112.68, 22.8);(112.68, 23.2);(112.68, 23.6);(113.09, 22.8);(113.09, 23.2);(113.09, 23.6);(113.5, 22.8);(113.5, 23.2);(113.5, 23.6)",True
G2764,2004-02-28 09:00:00,137.0,AWST,False,FALSE,26,12,0,,True
G2764,2004-02-28 10:00:00,186.0,AWST,False,FALSE,26,12,0,,True
G2764,2004-02-28 11:00:00,98.6,AWST,False,FALSE,26,12,0,,True
G2764,2004-02-28 17:00:00,31.7,AWST,False,FALSE,26,12,0,,True
G2764,2004-02-28 19:00:00,29.2,AWST,False,FALSE,26,12,0,,True
G2764,2004-03-01 12:00:00,1.7,AWST,False,EXTREME_TYPE1,26,12,4,"(112.68, 24.0);(112.68, 24.4);(113.09, 24.4);(113.09, 24.8)",True
G2764,2004-03-06 11:00:00,203.9,AWST,False,FALSE,26,12,0,,True
G2764,2004-03-06 12:00:00,9.8,AWST,False,FALSE,26,12,0,,True
G2764,2004-03-06 13:00:00,13.4,AWST,False,FALSE,26,12,0,,True
G2764,2004-03-06 16:00:00,2.1,AWST,False,FALSE,26,12,0,,True
G2764,2004-03-07 08:00:00,1.1,AWST,False,FALSE,26,12,0,,True
G2764,2004-03-08 12:00:00,75.8,AWST,False,FALSE,26,12,0,,True
G2764,2004-03-08 23:00:00,90.1,AWST,False,FALSE,26,12,0,,True
G2764,2004-03-09 03:00:00,808.4,AWST,False,FALSE,26,12,0,,True
G2764,2004-03-09 04:00:00,443.5,AWST,False,FALSE,26,12,0,,True
G2764,2004-03-09 05:00:00,160.7,AWST,False,FALSE,26,12,0,,True
G2764,2004-03-09 07:00:00,1.4,AWST,False,FALSE,26,12,0,,True
G2764,2004-03-10 17:00:00,117.3,AWST,False,FALSE,26,12,0,,True
G2764,2004-03-10 18:00:00,140.1,AWST,False,FALSE,26,12,0,,True
G2764,2004-03-10 19:00:00,201.8,AWST,False,FALSE,26,12,0,,True
G2764,2004-03-10 20:00:00,112.1,AWST,False,FALSE,26,12,0,,True
G2764,2004-03-11 01:00:00,256.3,AWST,False,FALSE,26,12,0,,True
G2764,2004-03-11 02:00:00,12.2,AWST,False,FALSE,26,12,0,,True
G2764,2004-03-11 10:00:00,119.5,AWST,False,FALSE,26,12,0,,True
G2764,2004-03-11 12:00:00,68.4,AWST,False,FALSE,26,12,0,,True
G2764,2004-03-12 03:00:00,56.3,AWST,False,FALSE,26,12,0,,True
G2764,2004-03-12 06:00:00,53.4,AWST,False,FALSE,26,12,0,,True
G2764,2004-03-12 07:00:00,65.1,AWST,False,FALSE,26,12,0,,True
G2764,2004-03-12 08:00:00,451.8,AWST,False,FALSE,26,12,0,,True
G2764,2004-03-12 09:00:00,479.5,AWST,False,FALSE,26,12,0,,True
G2764,2004-03-12 10:00:00,118.8,AWST,False,FALSE,26,12,0,,True
G2764,2004-03-12 11:00:00,125.5,AWST,False,FALSE,26,12,0,,True
G2764,2004-03-12 13:00:00,340.8,AWST,False,FALSE,26,12,0,,True
G2764,2004-03-12 15:00:00,328.5,AWST,False,FALSE,26,12,0,,True
G2764,2004-03-12 16:00:00,355.2,AWST,False,FALSE,26,12,0,,True
G2764,2004-03-12 22:00:00,93.9,AWST,False,FALSE,26,12,0,,True
G2764,2004-03-12 23:00:00,416.9,AWST,False,FALSE,26,12,0,,True
G2764,2004-03-13 01:00:00,85.3,AWST,False,FALSE,26,12,0,,True
G2764,2004-03-13 04:00:00,53.2,AWST,False,FALSE,26,12,0,,True
G2764,2004-03-13 06:00:00,4.3,AWST,False,FALSE,26,12,0,,True
G2764,2004-03-13 09:00:00,159.7,AWST,False,FALSE,26,12,0,,True
G2764,2004-03-13 10:00:00,12.5,AWST,False,FALSE,26,12,0,,True
G2764,2004-03-13 12:00:00,61.6,AWST,False,FALSE,26,12,0,,True
G2764,2004-03-13 16:00:00,544.5,AWST,False,FALSE,26,12,0,,True
G2764,2004-03-13 19:00:00,148.6,AWST,False,FALSE,26,12,0,,True
59313,2004-03-26 07:00:00,3.0,SURF,True,EXTREME_TYPE1,7,9,8,"(116.36, 23.6);(116.77, 23.2);(116.77, 23.6);(116.77, 24.0);(117.18, 23.2);(117.18, 23.6);(117.18, 24.0);(117.59, 23.6)",True
59473,2004-04-01 09:00:00,4.3,SURF,True,EXTREME_TYPE1,76,10,10,"(112.27, 22.8);(112.68, 22.4);(112.68, 22.8);(112.68, 23.2);(113.09, 22.4);(113.09, 22.8);(113.09, 23.2);(113.5, 22.4);(113.5, 22.8);(113.5, 23.2)",True
59297,2004-04-01 14:00:00,1.0,SURF,True,EXTREME_TYPE1,28,10,10,"(113.5, 23.2);(113.91, 22.8);(113.91, 23.2);(113.91, 23.6);(114.32, 22.8);(114.32, 23.2);(114.32, 23.6);(114.73, 22.8);(114.73, 23.2);(114.73, 23.6)",True
59655,2004-04-17 14:00:00,66.9,SURF,True,EXTREME_TYPE1,13,10,10,"(110.23, 21.2);(110.23, 21.6);(110.23, 22.0);(110.64, 21.2);(110.64, 21.6);(110.64, 22.0);(110.64, 22.4);(111.05, 21.2);(111.05, 21.6);(111.05, 22.0)",True
59289,2004-04-17 18:00:00,9.1,SURF,True,EXTREME_TYPE1,42,12,12,"(113.09, 22.8);(113.09, 23.2);(113.5, 22.4);(113.5, 22.8);(113.5, 23.2);(113.5, 23.6);(113.91, 22.4);(113.91, 22.8);(113.91, 23.2);(113.91, 23.6);(114.32, 22.8);(114.32, 23.2)",True
59099,2004-05-07 05:00:00,3.4,SURF,True,EXTREME_TYPE1,10,10,10,"(114.32, 24.4);(114.32, 24.8);(114.73, 24.0);(114.73, 24.4);(114.73, 24.8);(115.14, 24.0);(115.14, 24.4);(115.14, 24.8);(115.55, 24.4);(115.55, 24.8)",True
59653,2004-05-07 14:00:00,50.0,SURF,True,EXTREME_TYPE1,27,11,6,"(110.23, 21.6);(110.64, 21.6);(110.64, 22.0);(111.05, 21.6);(111.05, 22.0);(111.45, 21.6)",True
59664,2004-05-07 19:00:00,67.4,SURF,True,EXTREME_TYPE1,24,10,2,"(111.45, 21.6);(111.45, 22.0)",True
59664,2004-05-07 20:00:00,95.6,SURF,True,FALSE,24,10,0,,True
59663,2004-05-07 21:00:00,56.9,SURF,True,EXTREME_TYPE1,36,11,11,"(111.45, 21.6);(111.45, 22.0);(111.86, 21.2);(111.86, 21.6);(111.86, 22.0);(111.86, 22.4);(112.27, 21.6);(112.27, 22.0);(112.27, 22.4);(112.68, 21.6);(112.68, 22.0)",True
59663,2004-05-07 22:00:00,64.9,SURF,True,EXTREME_TYPE1,36,11,11,"(111.45, 21.6);(111.45, 22.0);(111.86, 21.2);(111.86, 21.6);(111.86, 22.0);(111.86, 22.4);(112.27, 21.6);(112.27, 22.0);(112.27, 22.4);(112.68, 21.6);(112.68, 22.0)",True
59481,2004-05-08 01:00:00,11.8,SURF,True,EXTREME_TYPE1,54,12,12,"(112.68, 22.8);(112.68, 23.2);(113.09, 22.4);(113.09, 22.8);(113.09, 23.2);(113.09, 23.6);(113.5, 22.4);(113.5, 22.8);(113.5, 23.2);(113.5, 23.6);(113.91, 22.8);(113.91, 23.2)",True
59492,2004-05-08 03:00:00,1.2,SURF,True,EXTREME_TYPE1,26,11,11,"(114.32, 22.4);(114.32, 22.8);(114.32, 23.2);(114.32, 23.6);(114.73, 22.4);(114.73, 22.8);(114.73, 23.2);(114.73, 23.6);(115.14, 22.8);(115.14, 23.2);(115.14, 23.6)",True
59663,2004-05-08 03:00:00,90.1,SURF,True,EXTREME_TYPE1,36,11,11,"(111.45, 21.6);(111.45, 22.0);(111.86, 21.2);(111.86, 21.6);(111.86, 22.0);(111.86, 22.4);(112.27, 21.6);(112.27, 22.0);(112.27, 22.4);(112.68, 21.6);(112.68, 22.0)",True
59284,2004-05-08 06:00:00,63.8,SURF,True,EXTREME_TYPE1,43,12,8,"(112.68, 23.2);(113.09, 22.8);(113.09, 23.2);(113.5, 22.8);(113.5, 23.2);(113.5, 23.6);(113.91, 23.2);(113.91, 23.6)",True
59488,2004-05-08 06:00:00,57.0,SURF,True,EXTREME_TYPE1,22,11,11,"(113.09, 22.0);(113.09, 22.4);(113.09, 22.8);(113.5, 21.6);(113.5, 22.0);(113.5, 22.4);(113.5, 22.8);(113.91, 22.0);(113.91, 22.4);(113.91, 22.8);(114.32, 22.4)",True
59492,2004-05-08 07:00:00,57.7,SURF,True,EXTREME_TYPE1,26,11,10,"(114.32, 22.4);(114.32, 22.8);(114.32, 23.2);(114.32, 23.6);(114.73, 22.4);(114.73, 22.8);(114.73, 23.2);(114.73, 23.6);(115.14, 22.8);(115.14, 23.2)",True
59492,2004-05-08 09:00:00,50.3,SURF,True,EXTREME_TYPE1,26,11,11,"(114.32, 22.4);(114.32, 22.8);(114.32, 23.2);(114.32, 23.6);(114.73, 22.4);(114.73, 22.8);(114.73, 23.2);(114.73, 23.6);(115.14, 22.8);(115.14, 23.2);(115.14, 23.6)",True
59664,2004-05-13 04:00:00,55.2,SURF,True,FALSE,24,10,0,,True
59664,2004-05-13 05:00:00,90.9,SURF,True,FALSE,24,10,0,,True
59284,2004-05-13 17:00:00,36.0,SURF,True,EXTREME_TYPE1,43,12,12,"(112.68, 23.2);(112.68, 23.6);(113.09, 22.8);(113.09, 23.2);(113.09, 23.6);(113.09, 24.0);(113.5, 22.8);(113.5, 23.2);(113.5, 23.6);(113.5, 24.0);(113.91, 23.2);(113.91, 23.6)",True
59278,2004-05-13 18:00:00,34.4,SURF,True,EXTREME_TYPE1,66,12,9,"(111.86, 22.8);(111.86, 23.2);(112.27, 22.4);(112.27, 22.8);(112.27, 23.2);(112.27, 23.6);(112.68, 22.8);(112.68, 23.2);(112.68, 23.6)",True
59663,2004-05-14 03:00:00,66.0,SURF,True,EXTREME_TYPE1,35,11,11,"(111.45, 21.6);(111.45, 22.0);(111.86, 21.2);(111.86, 21.6);(111.86, 22.0);(111.86, 22.4);(112.27, 21.6);(112.27, 22.0);(112.27, 22.4);(112.68, 21.6);(112.68, 22.0)",True
59492,2004-05-14 11:00:00,44.2,SURF,True,EXTREME_TYPE1,26,11,10,"(114.32, 22.4);(114.32, 22.8);(114.32, 23.2);(114.32, 23.6);(114.73, 22.4);(114.73, 22.8);(114.73, 23.2);(114.73, 23.6);(115.14, 22.8);(115.14, 23.2)",True
59264,2004-05-14 18:00:00,23.0,SURF,True,EXTREME_TYPE1,10,9,8,"(111.05, 23.2);(111.45, 22.8);(111.45, 23.2);(111.45, 23.6);(111.45, 24.0);(111.86, 22.8);(111.86, 23.2);(111.86, 23.6)",True
59654,2004-05-15 18:00:00,30.7,SURF,True,EXTREME_TYPE1,15,10,5,"(109.82, 21.2);(109.82, 21.6);(110.23, 21.2);(110.23, 21.6);(110.64, 21.2)",True
59310,2004-05-16 17:00:00,52.5,SURF,True,FALSE,52,12,0,,True
59663,2004-05-19 03:00:00,21.2,SURF,True,EXTREME_TYPE1,35,11,11,"(111.45, 21.6);(111.45, 22.0);(111.86, 21.2);(111.86, 21.6);(111.86, 22.0);(111.86, 22.4);(112.27, 21.6);(112.27, 22.0);(112.27, 22.4);(112.68, 21.6);(112.68, 22.0)",True
59074,2004-05-27 18:00:00,51.3,SURF,True,FALSE,22,9,0,,True
59456,2004-05-28 20:00:00,53.9,SURF,True,FALSE,25,10,0,,True
59285,2004-05-29 14:00:00,29.5,SURF,True,FALSE,35,10,0,,True
59082,2004-05-30 13:00:00,16.1,SURF,True,EXTREME_TYPE1,15,12,2,"(113.09, 24.8);(113.09, 25.2)",True
59279,2004-05-31 17:00:00,37.0,SURF,True,EXTREME_TYPE1,52,12,10,"(112.27, 22.8);(112.68, 22.8);(112.68, 23.2);(112.68, 23.6);(113.09, 22.8);(113.09, 23.2);(113.09, 23.6);(113.5, 22.8);(113.5, 23.2);(113.5, 23.6)",True
59290,2004-06-03 03:00:00,50.9,SURF,True,EXTREME_TYPE1,15,11,8,"(113.5, 23.6);(113.91, 23.2);(113.91, 23.6);(113.91, 24.0);(114.32, 23.2);(114.32, 23.6);(114.32, 24.0);(114.73, 23.6)",True
59487,2004-06-16 09:00:00,12.7,SURF,True,EXTREME_TYPE1,43,12,12,"(112.68, 22.0);(112.68, 22.4);(113.09, 21.6);(113.09, 22.0);(113.09, 22.4);(113.09, 22.8);(113.5, 21.6);(113.5, 22.0);(113.5, 22.4);(113.5, 22.8);(113.91, 22.0);(113.91, 22.4)",True
57988,2004-06-16 16:00:00,6.9,SURF,True,EXTREME_TYPE1,8,11,11,"(112.68, 24.8);(112.68, 25.2);(113.09, 24.8);(113.09, 25.2);(113.09, 25.6);(113.5, 24.8);(113.5, 25.2);(113.5, 25.6);(113.91, 24.8);(113.91, 25.2);(113.91, 25.6)",True
59280,2004-06-16 17:00:00,17.8,SURF,True,EXTREME_TYPE1,29,10,9,"(112.68, 23.2);(112.68, 23.6);(112.68, 24.0);(113.09, 23.2);(113.09, 23.6);(113.09, 24.0);(113.09, 24.4);(113.5, 23.6);(113.5, 24.0)",True
59088,2004-06-16 18:00:00,56.1,SURF,True,EXTREME_TYPE1,23,12,5,"(112.68, 24.0);(113.09, 23.6);(113.09, 24.0);(113.5, 23.6);(113.5, 24.0)",True
59502,2004-06-20 22:00:00,50.0,SURF,True,FALSE,43,12,0,,True
59488,2004-06-21 02:00:00,63.8,SURF,True,EXTREME_TYPE1,21,11,10,"(113.09, 22.0);(113.09, 22.4);(113.09, 22.8);(113.5, 21.6);(113.5, 22.0);(113.5, 22.4);(113.5, 22.8);(113.91, 22.0);(113.91, 22.4);(113.91, 22.8)",True
59488,2004-06-21 04:00:00,51.5,SURF,True,EXTREME_TYPE1,21,11,10,"(113.09, 22.0);(113.09, 22.4);(113.09, 22.8);(113.5, 21.6);(113.5, 22.0);(113.5, 22.4);(113.5, 22.8);(113.91, 22.0);(113.91, 22.4);(113.91, 22.8)",True
59268,2004-06-21 18:00:00,50.4,SURF,True,FALSE,14,9,0,,True
59304,2004-06-29 18:00:00,9.0,SURF,True,EXTREME_TYPE1,28,9,9,"(114.73, 23.2);(114.73, 23.6);(114.73, 24.0);(115.14, 23.2);(115.14, 23.6);(115.14, 24.0);(115.55, 23.2);(115.55, 23.6);(115.55, 24.0)",True
59313,2004-07-01 19:00:00,2.7,SURF,True,EXTREME_TYPE1,8,9,8,"(116.36, 23.6);(116.77, 23.2);(116.77, 23.6);(116.77, 24.0);(117.18, 23.2);(117.18, 23.6);(117.18, 24.0);(117.59, 23.6)",True
59276,2004-07-01 21:00:00,32.5,SURF,True,EXTREME_TYPE1,52,10,10,"(112.27, 22.8);(112.27, 23.2);(112.27, 23.6);(112.68, 22.8);(112.68, 23.2);(112.68, 23.6);(112.68, 24.0);(113.09, 22.8);(113.09, 23.2);(113.09, 23.6)",True
59306,2004-07-04 14:00:00,52.1,SURF,True,EXTREME_TYPE1,63,12,12,"(115.14, 23.2);(115.14, 23.6);(115.55, 22.8);(115.55, 23.2);(115.55, 23.6);(115.55, 24.0);(115.95, 22.8);(115.95, 23.2);(115.95, 23.6);(115.95, 24.0);(116.36, 23.2);(116.36, 23.6)",True
59293,2004-07-07 19:00:00,16.7,SURF,True,EXTREME_TYPE1,9,11,9,"(114.32, 23.2);(114.32, 23.6);(114.32, 24.0);(114.73, 23.6);(114.73, 24.0);(114.73, 24.4);(115.14, 23.6);(115.14, 24.0);(115.14, 24.4)",True
59082,2004-07-12 11:00:00,57.8,SURF,True,EXTREME_TYPE1,17,12,8,"(113.09, 24.4);(113.09, 24.8);(113.5, 24.0);(113.5, 24.4);(113.5, 24.8);(113.5, 25.2);(113.91, 24.4);(113.91, 24.8)",True
59298,2004-07-14 15:00:00,21.1,SURF,True,EXTREME_TYPE1,29,11,10,"(113.91, 22.8);(113.91, 23.2);(113.91, 23.6);(114.32, 22.8);(114.32, 23.2);(114.32, 23.6);(114.73, 22.8);(114.73, 23.2);(114.73, 23.6);(115.14, 23.2)",True
59312,2004-07-17 13:00:00,12.9,SURF,True,FALSE,26,10,0,,True
59312,2004-07-17 15:00:00,49.2,SURF,True,EXTREME_TYPE1,26,10,10,"(115.95, 23.6);(116.36, 23.2);(116.36, 23.6);(116.36, 24.0);(116.77, 23.2);(116.77, 23.6);(116.77, 24.0);(117.18, 23.2);(117.18, 23.6);(117.18, 24.0)",True
59754,2004-07-18 22:00:00,6.7,SURF,True,FALSE,10,5,0,,True
59456,2004-07-19 06:00:00,7.9,SURF,True,EXTREME_TYPE1,19,10,6,"(110.64, 22.0);(110.64, 22.4);(111.05, 22.0);(111.05, 22.4);(111.45, 22.0);(111.45, 22.4)",True
59650,2004-07-20 01:00:00,97.4,SURF,True,EXTREME_TYPE1,11,11,10,"(109.82, 21.2);(109.82, 21.6);(110.23, 20.8);(110.23, 21.2);(110.23, 21.6);(110.23, 22.0);(110.64, 20.8);(110.64, 21.2);(110.64, 21.6);(110.64, 22.0)",True
59276,2004-07-20 06:00:00,1.4,SURF,True,EXTREME_TYPE1,53,10,10,"(112.27, 22.8);(112.27, 23.2);(112.27, 23.6);(112.68, 22.8);(112.68, 23.2);(112.68, 23.6);(112.68, 24.0);(113.09, 22.8);(113.09, 23.2);(113.09, 23.6)",True
59481,2004-07-20 08:00:00,8.2,SURF,True,EXTREME_TYPE1,55,12,12,"(112.68, 22.8);(112.68, 23.2);(113.09, 22.4);(113.09, 22.8);(113.09, 23.2);(113.09, 23.6);(113.5, 22.4);(113.5, 22.8);(113.5, 23.2);(113.5, 23.6);(113.91, 22.8);(113.91, 23.2)",True
59492,2004-07-20 10:00:00,12.3,SURF,True,EXTREME_TYPE1,21,11,10,"(114.32, 22.4);(114.32, 22.8);(114.32, 23.2);(114.32, 23.6);(114.73, 22.4);(114.73, 22.8);(114.73, 23.2);(114.73, 23.6);(115.14, 22.8);(115.14, 23.2)",True
59316,2004-07-28 00:00:00,26.5,SURF,True,EXTREME_TYPE1,34,12,12,"(115.95, 23.2);(115.95, 23.6);(116.36, 22.8);(116.36, 23.2);(116.36, 23.6);(116.36, 24.0);(116.77, 22.8);(116.77, 23.2);(116.77, 23.6);(116.77, 24.0);(117.18, 23.2);(117.18, 23.6)",True
59324,2004-07-28 09:00:00,22.5,SURF,True,EXTREME_TYPE1,8,10,10,"(116.36, 23.2);(116.36, 23.6);(116.77, 22.8);(116.77, 23.2);(116.77, 23.6);(116.77, 24.0);(117.18, 23.2);(117.18, 23.6);(117.18, 24.0);(117.59, 23.6)",True
59278,2004-07-28 20:00:00,23.2,SURF,True,EXTREME_TYPE1,76,12,11,"(111.86, 22.8);(111.86, 23.2);(112.27, 22.8);(112.27, 23.2);(112.27, 23.6);(112.68, 22.4);(112.68, 22.8);(112.68, 23.2);(112.68, 23.6);(113.09, 22.8);(113.09, 23.2)",True
59469,2004-07-29 17:00:00,1.5,SURF,True,EXTREME_TYPE1,36,11,11,"(111.05, 22.0);(111.45, 21.6);(111.45, 22.0);(111.45, 22.4);(111.86, 21.6);(111.86, 22.0);(111.86, 22.4);(111.86, 22.8);(112.27, 21.6);(112.27, 22.0);(112.27, 22.4)",True
59654,2004-07-30 08:00:00,14.3,SURF,True,EXTREME_TYPE1,9,10,10,"(109.82, 21.2);(109.82, 21.6);(109.82, 22.0);(110.23, 21.2);(110.23, 21.6);(110.23, 22.0);(110.64, 21.2);(110.64, 21.6);(110.64, 22.0);(111.05, 21.6)",True
59279,2004-07-30 12:00:00,24.7,SURF,True,EXTREME_TYPE1,56,12,10,"(112.27, 22.8);(112.27, 23.2);(112.27, 23.6);(112.68, 22.8);(112.68, 23.2);(112.68, 23.6);(113.09, 22.8);(113.09, 23.2);(113.09, 23.6);(113.5, 23.2)",True
59314,2004-08-02 20:00:00,11.1,SURF,True,EXTREME_TYPE1,49,12,12,"(115.55, 23.2);(115.55, 23.6);(115.95, 22.8);(115.95, 23.2);(115.95, 23.6);(115.95, 24.0);(116.36, 22.8);(116.36, 23.2);(116.36, 23.6);(116.36, 24.0);(116.77, 23.2);(116.77, 23.6)",True
59107,2004-08-04 18:00:00,57.0,SURF,True,EXTREME_TYPE1,23,12,5,"(115.55, 23.6);(115.55, 24.0);(115.55, 24.4);(115.95, 24.0);(115.95, 24.4)",True
59481,2004-08-11 15:00:00,50.2,SURF,True,EXTREME_TYPE1,60,12,12,"(112.68, 22.8);(112.68, 23.2);(113.09, 22.4);(113.09, 22.8);(113.09, 23.2);(113.09, 23.6);(113.5, 22.4);(113.5, 22.8);(113.5, 23.2);(113.5, 23.6);(113.91, 22.8);(113.91, 23.2)",True
59493,2004-08-11 15:00:00,63.3,SURF,True,EXTREME_TYPE1,29,13,4,"(113.5, 22.4);(113.5, 22.8);(113.91, 22.8);(113.91, 23.2)",True
59284,2004-08-11 16:00:00,53.0,SURF,True,EXTREME_TYPE1,45,12,11,"(112.68, 23.2);(112.68, 23.6);(113.09, 22.8);(113.09, 23.2);(113.09, 23.6);(113.09, 24.0);(113.5, 22.8);(113.5, 23.2);(113.5, 23.6);(113.91, 23.2);(113.91, 23.6)",True
59071,2004-08-11 18:00:00,51.9,SURF,True,EXTREME_TYPE1,15,8,8,"(111.86, 24.4);(111.86, 24.8);(112.27, 24.4);(112.27, 24.8);(112.27, 25.2);(112.68, 24.4);(112.68, 24.8);(112.68, 25.2)",True
59288,2004-08-20 13:00:00,31.1,SURF,True,EXTREME_TYPE1,54,10,10,"(112.27, 23.2);(112.68, 22.8);(112.68, 23.2);(112.68, 23.6);(113.09, 22.8);(113.09, 23.2);(113.09, 23.6);(113.5, 22.8);(113.5, 23.2);(113.5, 23.6)",True
59109,2004-08-20 14:00:00,53.4,SURF,True,EXTREME_TYPE1,27,12,4,"(115.95, 23.6);(115.95, 24.0);(116.36, 24.0);(116.36, 24.4)",True
59284,2004-08-20 15:00:00,90.9,SURF,True,EXTREME_TYPE1,45,12,6,"(112.68, 23.2);(113.09, 22.8);(113.09, 23.2);(113.09, 23.6);(113.5, 22.8);(113.5, 23.2)",True
59501,2004-08-22 12:00:00,34.2,SURF,True,FALSE,40,12,0,,True
59294,2004-08-27 01:00:00,5.0,SURF,True,EXTREME_TYPE1,34,11,11,"(113.09, 23.2);(113.5, 22.8);(113.5, 23.2);(113.5, 23.6);(113.91, 22.8);(113.91, 23.2);(113.91, 23.6);(113.91, 24.0);(114.32, 22.8);(114.32, 23.2);(114.32, 23.6)",True
59317,2004-08-27 16:00:00,7.9,SURF,True,EXTREME_TYPE1,44,9,8,"(115.95, 22.8);(115.95, 23.2);(115.95, 23.6);(116.36, 22.8);(116.36, 23.2);(116.36, 23.6);(116.77, 22.8);(116.77, 23.2)",True
59673,2004-08-29 03:00:00,26.9,SURF,True,EXTREME_TYPE1,12,8,5,"(112.27, 21.6);(112.27, 22.0);(112.68, 22.0);(112.68, 22.4);(113.09, 22.0)",True
59324,2004-08-29 09:00:00,7.1,SURF,True,EXTREME_TYPE1,8,10,10,"(116.36, 23.2);(116.36, 23.6);(116.77, 22.8);(116.77, 23.2);(116.77, 23.6);(116.77, 24.0);(117.18, 23.2);(117.18, 23.6);(117.18, 24.0);(117.59, 23.6)",True
59284,2004-08-30 22:00:00,32.3,SURF,True,EXTREME_TYPE1,45,12,12,"(112.68, 23.2);(112.68, 23.6);(113.09, 22.8);(113.09, 23.2);(113.09, 23.6);(113.09, 24.0);(113.5, 22.8);(113.5, 23.2);(113.5, 23.6);(113.5, 24.0);(113.91, 23.2);(113.91, 23.6)",True
59293,2004-09-05 16:00:00,41.8,SURF,True,FALSE,16,11,0,,True
59471,2004-09-06 13:00:00,5.3,SURF,True,EXTREME_TYPE1,61,12,7,"(111.45, 22.8);(111.86, 22.4);(111.86, 22.8);(111.86, 23.2);(112.27, 22.4);(112.27, 22.8);(112.68, 22.8)",True
59487,2004-09-06 17:00:00,34.1,SURF,True,EXTREME_TYPE1,43,12,12,"(112.68, 22.0);(112.68, 22.4);(113.09, 21.6);(113.09, 22.0);(113.09, 22.4);(113.09, 22.8);(113.5, 21.6);(113.5, 22.0);(113.5, 22.4);(113.5, 22.8);(113.91, 22.0);(113.91, 22.4)",True
59487,2004-09-06 18:00:00,21.8,SURF,True,EXTREME_TYPE1,43,12,12,"(112.68, 22.0);(112.68, 22.4);(113.09, 21.6);(113.09, 22.0);(113.09, 22.4);(113.09, 22.8);(113.5, 21.6);(113.5, 22.0);(113.5, 22.4);(113.5, 22.8);(113.91, 22.0);(113.91, 22.4)",True
59750,2004-09-07 16:00:00,68.6,SURF,True,EXTREME_TYPE1,25,11,8,"(109.82, 20.4);(109.82, 20.8);(109.82, 21.2);(110.23, 20.4);(110.23, 20.8);(110.23, 21.2);(110.64, 20.8);(110.64, 21.2)",True
59324,2004-09-08 09:00:00,70.5,SURF,True,EXTREME_TYPE1,8,10,10,"(116.36, 23.2);(116.36, 23.6);(116.77, 22.8);(116.77, 23.2);(116.77, 23.6);(116.77, 24.0);(117.18, 23.2);(117.18, 23.6);(117.18, 24.0);(117.59, 23.6)",True
59324,2004-09-08 10:00:00,20.5,SURF,True,EXTREME_TYPE1,8,10,10,"(116.36, 23.2);(116.36, 23.6);(116.77, 22.8);(116.77, 23.2);(116.77, 23.6);(116.77, 24.0);(117.18, 23.2);(117.18, 23.6);(117.18, 24.0);(117.59, 23.6)",True
59294,2004-09-18 13:00:00,22.9,SURF,True,EXTREME_TYPE1,35,11,4,"(113.91, 23.2);(114.32, 22.8);(114.32, 23.2);(114.32, 23.6)",True
59315,2004-09-21 21:00:00,71.7,SURF,True,EXTREME_TYPE1,35,10,9,"(115.95, 23.2);(115.95, 23.6);(115.95, 24.0);(116.36, 23.2);(116.36, 23.6);(116.36, 24.0);(116.77, 23.2);(116.77, 23.6);(116.77, 24.0)",True
G2775,2004-10-22 14:00:00,888.8,AWST,False,FALSE,31,9,0,,True
G2775,2004-10-22 20:00:00,55.5,AWST,False,FALSE,31,9,0,,True
G2775,2004-10-23 19:00:00,888.8,AWST,False,FALSE,31,9,0,,True
G2775,2004-10-25 04:00:00,555.5,AWST,False,FALSE,31,9,0,,True
G2775,2004-10-26 11:00:00,888.8,AWST,False,FALSE,30,9,0,,True
G2775,2004-10-27 21:00:00,555.5,AWST,False,FALSE,30,9,0,,True
G2775,2004-10-29 06:00:00,555.5,AWST,False,FALSE,31,9,0,,True
G2775,2004-10-29 12:00:00,55.5,AWST,False,FALSE,31,9,0,,True
G2775,2004-10-31 04:00:00,555.5,AWST,False,FALSE,31,9,0,,True
59081,2005-02-16 14:00:00,16.0,SURF,True,EXTREME_TYPE1,15,12,3,"(113.5, 25.2);(113.91, 24.8);(113.91, 25.2)",True
59500,2005-02-17 10:00:00,5.5,SURF,True,EXTREME_TYPE1,35,12,4,"(115.55, 23.2);(115.55, 23.6);(115.95, 22.8);(115.95, 23.2)",True
59096,2005-02-28 02:00:00,7.2,SURF,True,EXTREME_TYPE1,6,12,12,"(113.91, 24.0);(113.91, 24.4);(113.91, 24.8);(114.32, 24.0);(114.32, 24.4);(114.32, 24.8);(114.73, 24.0);(114.73, 24.4);(114.73, 24.8);(115.14, 24.0);(115.14, 24.4);(115.14, 24.8)",True
59487,2005-02-28 15:00:00,1.2,SURF,True,EXTREME_TYPE1,56,12,12,"(112.68, 22.0);(112.68, 22.4);(113.09, 21.6);(113.09, 22.0);(113.09, 22.4);(113.09, 22.8);(113.5, 21.6);(113.5, 22.0);(113.5, 22.4);(113.5, 22.8);(113.91, 22.0);(113.91, 22.4)",True
59285,2005-03-12 10:00:00,2.4,SURF,True,EXTREME_TYPE1,23,10,10,"(113.09, 23.2);(113.09, 23.6);(113.09, 24.0);(113.5, 23.2);(113.5, 23.6);(113.5, 24.0);(113.91, 23.2);(113.91, 23.6);(113.91, 24.0);(114.32, 23.6)",True
59673,2005-03-12 16:00:00,1.3,SURF,True,EXTREME_TYPE1,11,8,8,"(112.27, 21.6);(112.27, 22.0);(112.68, 21.6);(112.68, 22.0);(112.68, 22.4);(113.09, 21.6);(113.09, 22.0);(113.5, 21.6)",True
G1032,2005-03-16 19:00:00,292.0,AWST,False,FALSE,58,11,0,,True
59081,2005-03-29 08:00:00,16.1,SURF,True,EXTREME_TYPE1,12,12,12,"(112.68, 24.4);(112.68, 24.8);(112.68, 25.2);(113.09, 24.4);(113.09, 24.8);(113.09, 25.2);(113.5, 24.4);(113.5, 24.8);(113.5, 25.2);(113.91, 24.4);(113.91, 24.8);(113.91, 25.2)",True
59114,2005-03-29 13:00:00,25.1,SURF,True,EXTREME_TYPE1,12,10,10,"(115.55, 24.4);(115.55, 24.8);(115.95, 24.0);(115.95, 24.4);(115.95, 24.8);(116.36, 24.0);(116.36, 24.4);(116.36, 24.8);(116.77, 24.4);(116.77, 24.8)",True
59310,2005-03-29 22:00:00,3.0,SURF,True,EXTREME_TYPE1,49,12,10,"(115.55, 23.6);(115.55, 24.0);(115.95, 23.2);(115.95, 23.6);(115.95, 24.0);(116.36, 23.2);(116.36, 23.6);(116.36, 24.0);(116.77, 23.6);(116.77, 24.0)",True
59288,2005-03-30 19:00:00,5.6,SURF,True,EXTREME_TYPE1,90,10,10,"(112.27, 23.2);(112.68, 22.8);(112.68, 23.2);(112.68, 23.6);(113.09, 22.8);(113.09, 23.2);(113.09, 23.6);(113.5, 22.8);(113.5, 23.2);(113.5, 23.6)",True
59462,2005-04-01 09:00:00,6.1,SURF,True,EXTREME_TYPE1,54,11,11,"(111.05, 22.4);(111.05, 22.8);(111.05, 23.2);(111.45, 22.4);(111.45, 22.8);(111.45, 23.2);(111.86, 22.4);(111.86, 22.8);(111.86, 23.2);(112.27, 22.4);(112.27, 22.8)",True
59088,2005-04-09 19:00:00,44.6,SURF,True,EXTREME_TYPE1,26,12,4,"(112.68, 24.0);(112.68, 24.4);(113.09, 24.4);(113.09, 24.8)",True
59656,2005-04-24 17:00:00,35.5,SURF,True,EXTREME_TYPE1,32,11,11,"(110.23, 21.2);(110.23, 21.6);(110.64, 20.8);(110.64, 21.2);(110.64, 21.6);(110.64, 22.0);(111.05, 21.2);(111.05, 21.6);(111.05, 22.0);(111.45, 21.2);(111.45, 21.6)",True
59297,2005-04-25 17:00:00,22.3,SURF,True,EXTREME_TYPE1,28,10,10,"(113.5, 23.2);(113.91, 22.8);(113.91, 23.2);(113.91, 23.6);(114.32, 22.8);(114.32, 23.2);(114.32, 23.6);(114.73, 22.8);(114.73, 23.2);(114.73, 23.6)",True
59480,2005-04-25 17:00:00,97.4,SURF,True,EXTREME_TYPE1,99,10,10,"(112.68, 22.4);(112.68, 22.8);(112.68, 23.2);(113.09, 22.4);(113.09, 22.8);(113.09, 23.2);(113.5, 22.4);(113.5, 22.8);(113.5, 23.2);(113.91, 22.8)",True
59298,2005-04-25 18:00:00,70.0,SURF,True,EXTREME_TYPE1,27,11,11,"(113.91, 22.8);(113.91, 23.2);(113.91, 23.6);(114.32, 22.4);(114.32, 22.8);(114.32, 23.2);(114.32, 23.6);(114.73, 22.8);(114.73, 23.2);(114.73, 23.6);(115.14, 23.2)",True
59653,2005-04-25 18:00:00,36.5,SURF,True,EXTREME_TYPE1,40,11,11,"(110.23, 21.6);(110.23, 22.0);(110.64, 21.6);(110.64, 22.0);(110.64, 22.4);(111.05, 21.6);(111.05, 22.0);(111.05, 22.4);(111.45, 21.6);(111.45, 22.0);(111.45, 22.4)",True
59480,2005-04-25 19:00:00,13.0,SURF,True,EXTREME_TYPE1,99,10,10,"(112.68, 22.4);(112.68, 22.8);(112.68, 23.2);(113.09, 22.4);(113.09, 22.8);(113.09, 23.2);(113.5, 22.4);(113.5, 22.8);(113.5, 23.2);(113.91, 22.8)",True
59287,2005-04-25 20:00:00,23.2,SURF,True,EXTREME_TYPE1,65,9,9,"(113.09, 22.8);(113.09, 23.2);(113.09, 23.6);(113.5, 22.8);(113.5, 23.2);(113.5, 23.6);(113.91, 22.8);(113.91, 23.2);(113.91, 23.6)",True
59314,2005-04-27 17:00:00,1.0,SURF,True,EXTREME_TYPE1,50,12,12,"(115.55, 23.2);(115.55, 23.6);(115.95, 22.8);(115.95, 23.2);(115.95, 23.6);(115.95, 24.0);(116.36, 22.8);(116.36, 23.2);(116.36, 23.6);(116.36, 24.0);(116.77, 23.2);(116.77, 23.6)",True
59656,2005-04-28 11:00:00,8.5,SURF,True,EXTREME_TYPE1,32,11,11,"(110.23, 21.2);(110.23, 21.6);(110.64, 20.8);(110.64, 21.2);(110.64, 21.6);(110.64, 22.0);(111.05, 21.2);(111.05, 21.6);(111.05, 22.0);(111.45, 21.2);(111.45, 21.6)",True
59269,2005-05-06 00:00:00,34.0,SURF,True,EXTREME_TYPE1,45,9,9,"(111.45, 22.8);(111.45, 23.2);(111.45, 23.6);(111.86, 22.8);(111.86, 23.2);(111.86, 23.6);(112.27, 22.8);(112.27, 23.2);(112.27, 23.6)",True
59297,2005-05-06 01:00:00,8.0,SURF,True,EXTREME_TYPE1,28,10,10,"(113.5, 23.2);(113.91, 22.8);(113.91, 23.2);(113.91, 23.6);(114.32, 22.8);(114.32, 23.2);(114.32, 23.6);(114.73, 22.8);(114.73, 23.2);(114.73, 23.6)",True
59297,2005-05-06 02:00:00,55.8,SURF,True,EXTREME_TYPE1,28,10,10,"(113.5, 23.2);(113.91, 22.8);(113.91, 23.2);(113.91, 23.6);(114.32, 22.8);(114.32, 23.2);(114.32, 23.6);(114.73, 22.8);(114.73, 23.2);(114.73, 23.6)",True
59493,2005-05-06 03:00:00,21.8,SURF,True,EXTREME_TYPE1,32,13,12,"(113.5, 22.0);(113.5, 22.4);(113.5, 22.8);(113.91, 22.0);(113.91, 22.4);(113.91, 22.8);(113.91, 23.2);(114.32, 22.4);(114.32, 22.8);(114.32, 23.2);(114.73, 22.4);(114.73, 22.8)",True
59673,2005-05-06 07:00:00,3.8,SURF,True,FALSE,12,8,0,,True
59285,2005-05-09 10:00:00,57.7,SURF,True,EXTREME_TYPE1,31,10,10,"(113.09, 23.2);(113.09, 23.6);(113.09, 24.0);(113.5, 23.2);(113.5, 23.6);(113.5, 24.0);(113.91, 23.2);(113.91, 23.6);(113.91, 24.0);(114.32, 23.6)",True
59477,2005-05-10 00:00:00,20.5,SURF,True,EXTREME_TYPE1,100,10,3,"(112.68, 22.0);(112.68, 22.4);(112.68, 22.8)",True
59114,2005-05-13 17:00:00,11.7,SURF,True,EXTREME_TYPE1,12,10,8,"(115.95, 24.0);(115.95, 24.4);(115.95, 24.8);(116.36, 24.0);(116.36, 24.4);(116.36, 24.8);(116.77, 24.4);(116.77, 24.8)",True
59087,2005-05-15 13:00:00,12.6,SURF,True,FALSE,25,10,0,,True
59315,2005-05-17 11:00:00,22.2,SURF,True,EXTREME_TYPE1,27,10,8,"(115.95, 23.2);(115.95, 23.6);(115.95, 24.0);(116.36, 23.2);(116.36, 23.6);(116.36, 24.0);(116.77, 23.2);(116.77, 23.6)",True
59485,2005-05-18 14:00:00,17.2,SURF,True,EXTREME_TYPE1,99,12,12,"(112.68, 22.4);(112.68, 22.8);(113.09, 22.0);(113.09, 22.4);(113.09, 22.8);(113.5, 22.0);(113.5, 22.4);(113.5, 22.8);(113.5, 23.2);(113.91, 22.0);(113.91, 22.4);(113.91, 22.8)",True
59278,2005-05-18 15:00:00,9.7,SURF,True,EXTREME_TYPE1,122,12,12,"(111.86, 22.8);(111.86, 23.2);(112.27, 22.4);(112.27, 22.8);(112.27, 23.2);(112.27, 23.6);(112.68, 22.4);(112.68, 22.8);(112.68, 23.2);(112.68, 23.6);(113.09, 22.8);(113.09, 23.2)",True
59075,2005-05-20 09:00:00,56.0,SURF,True,FALSE,32,12,0,,True
59488,2005-05-24 04:00:00,7.6,SURF,True,EXTREME_TYPE1,28,11,11,"(113.09, 22.0);(113.09, 22.4);(113.09, 22.8);(113.5, 21.6);(113.5, 22.0);(113.5, 22.4);(113.5, 22.8);(113.91, 22.0);(113.91, 22.4);(113.91, 22.8);(114.32, 22.4)",True
59096,2005-05-24 09:00:00,4.1,SURF,True,EXTREME_TYPE1,11,12,9,"(114.32, 24.0);(114.32, 24.4);(114.32, 24.8);(114.73, 24.0);(114.73, 24.4);(114.73, 24.8);(115.14, 24.0);(115.14, 24.4);(115.14, 24.8)",True
59294,2005-05-25 16:00:00,68.6,SURF,True,EXTREME_TYPE1,31,11,9,"(113.09, 23.2);(113.5, 22.8);(113.5, 23.2);(113.5, 23.6);(113.91, 22.8);(113.91, 23.2);(113.91, 23.6);(114.32, 23.2);(114.32, 23.6)",True
59278,2005-05-25 18:00:00,60.2,SURF,True,EXTREME_TYPE1,122,12,12,"(111.86, 22.8);(111.86, 23.2);(112.27, 22.4);(112.27, 22.8);(112.27, 23.2);(112.27, 23.6);(112.68, 22.4);(112.68, 22.8);(112.68, 23.2);(112.68, 23.6);(113.09, 22.8);(113.09, 23.2)",True
59289,2005-05-27 20:00:00,69.4,SURF,True,EXTREME_TYPE1,48,12,12,"(113.09, 22.8);(113.09, 23.2);(113.5, 22.4);(113.5, 22.8);(113.5, 23.2);(113.5, 23.6);(113.91, 22.4);(113.91, 22.8);(113.91, 23.2);(113.91, 23.6);(114.32, 22.8);(114.32, 23.2)",True
59317,2005-06-02 06:00:00,81.2,SURF,True,EXTREME_TYPE1,46,9,4,"(116.36, 23.2);(116.36, 23.6);(116.77, 22.8);(116.77, 23.2)",True
59317,2005-06-02 07:00:00,67.9,SURF,True,EXTREME_TYPE1,46,9,7,"(115.95, 22.8);(115.95, 23.2);(116.36, 22.8);(116.36, 23.2);(116.36, 23.6);(116.77, 22.8);(116.77, 23.2)",True
57996,2005-06-02 11:00:00,29.2,SURF,True,EXTREME_TYPE1,8,10,9,"(113.5, 25.2);(113.91, 24.8);(113.91, 25.2);(113.91, 25.6);(114.32, 24.8);(114.32, 25.2);(114.32, 25.6);(114.73, 24.8);(114.73, 25.2)",True
59094,2005-06-02 18:00:00,21.2,SURF,True,EXTREME_TYPE1,14,12,12,"(113.5, 24.0);(113.5, 24.4);(113.5, 24.8);(113.91, 24.0);(113.91, 24.4);(113.91, 24.8);(114.32, 24.0);(114.32, 24.4);(114.32, 24.8);(114.73, 24.0);(114.73, 24.4);(114.73, 24.8)",True
59097,2005-06-03 20:00:00,51.2,SURF,True,EXTREME_TYPE1,12,10,6,"(113.91, 23.6);(114.32, 23.6);(114.32, 24.0);(114.73, 23.6);(114.73, 24.0);(114.73, 24.4)",True
59094,2005-06-05 00:00:00,30.5,SURF,True,EXTREME_TYPE1,14,12,8,"(113.5, 24.0);(113.5, 24.4);(113.5, 24.8);(113.91, 24.0);(113.91, 24.4);(113.91, 24.8);(114.32, 24.0);(114.32, 24.4)",True
59673,2005-06-05 04:00:00,65.7,SURF,True,EXTREME_TYPE1,12,8,1,"(112.68, 22.4)",True
59656,2005-06-05 07:00:00,78.9,SURF,True,EXTREME_TYPE1,24,11,11,"(110.23, 21.2);(110.23, 21.6);(110.64, 20.8);(110.64, 21.2);(110.64, 21.6);(110.64, 22.0);(111.05, 21.2);(111.05, 21.6);(111.05, 22.0);(111.45, 21.2);(111.45, 21.6)",True
59650,2005-06-08 11:00:00,56.5,SURF,True,EXTREME_TYPE1,32,11,10,"(109.82, 21.2);(109.82, 21.6);(110.23, 20.8);(110.23, 21.2);(110.23, 21.6);(110.23, 22.0);(110.64, 20.8);(110.64, 21.2);(110.64, 21.6);(110.64, 22.0)",True
59650,2005-06-08 12:00:00,65.5,SURF,True,EXTREME_TYPE1,32,11,10,"(109.82, 21.2);(109.82, 21.6);(110.23, 20.8);(110.23, 21.2);(110.23, 21.6);(110.23, 22.0);(110.64, 20.8);(110.64, 21.2);(110.64, 21.6);(110.64, 22.0)",True
59656,2005-06-10 20:00:00,24.7,SURF,True,EXTREME_TYPE1,24,11,11,"(110.23, 21.2);(110.23, 21.6);(110.64, 20.8);(110.64, 21.2);(110.64, 21.6);(110.64, 22.0);(111.05, 21.2);(111.05, 21.6);(111.05, 22.0);(111.45, 21.2);(111.45, 21.6)",True
59114,2005-06-11 19:00:00,21.0,SURF,True,EXTREME_TYPE1,12,10,10,"(115.55, 24.4);(115.55, 24.8);(115.95, 24.0);(115.95, 24.4);(115.95, 24.8);(116.36, 24.0);(116.36, 24.4);(116.36, 24.8);(116.77, 24.4);(116.77, 24.8)",True
59107,2005-06-12 04:00:00,56.0,SURF,True,EXTREME_TYPE1,34,12,10,"(114.73, 23.6);(114.73, 24.0);(114.73, 24.4);(115.14, 23.6);(115.14, 24.0);(115.14, 24.4);(115.55, 23.6);(115.55, 24.0);(115.55, 24.4);(115.95, 24.0)",True
59314,2005-06-12 17:00:00,61.8,SURF,True,EXTREME_TYPE1,49,12,10,"(115.55, 23.2);(115.55, 23.6);(115.95, 22.8);(115.95, 23.2);(115.95, 23.6);(116.36, 22.8);(116.36, 23.2);(116.36, 23.6);(116.77, 23.2);(116.77, 23.6)",True
59653,2005-06-13 17:00:00,1.8,SURF,True,EXTREME_TYPE1,31,11,11,"(110.23, 21.6);(110.23, 22.0);(110.64, 21.6);(110.64, 22.0);(110.64, 22.4);(111.05, 21.6);(111.05, 22.0);(111.05, 22.4);(111.45, 21.6);(111.45, 22.0);(111.45, 22.4)",True
59293,2005-06-14 06:00:00,56.0,SURF,True,FALSE,20,11,0,,True
59488,2005-06-14 15:00:00,21.0,SURF,True,EXTREME_TYPE1,28,11,10,"(113.09, 22.0);(113.09, 22.4);(113.09, 22.8);(113.5, 22.0);(113.5, 22.4);(113.5, 22.8);(113.91, 22.0);(113.91, 22.4);(113.91, 22.8);(114.32, 22.4)",True
59488,2005-06-14 16:00:00,55.8,SURF,True,EXTREME_TYPE1,28,11,10,"(113.09, 22.0);(113.09, 22.4);(113.09, 22.8);(113.5, 21.6);(113.5, 22.0);(113.5, 22.4);(113.5, 22.8);(113.91, 22.0);(113.91, 22.4);(113.91, 22.8)",True
59477,2005-06-14 17:00:00,50.4,SURF,True,EXTREME_TYPE1,86,10,9,"(111.86, 22.0);(111.86, 22.4);(112.27, 21.6);(112.27, 22.0);(112.27, 22.4);(112.27, 22.8);(112.68, 22.0);(112.68, 22.4);(112.68, 22.8)",True
59289,2005-06-15 08:00:00,76.0,SURF,True,EXTREME_TYPE1,45,12,9,"(113.09, 23.2);(113.5, 22.8);(113.5, 23.2);(113.5, 23.6);(113.91, 22.8);(113.91, 23.2);(113.91, 23.6);(114.32, 22.8);(114.32, 23.2)",True
59117,2005-06-16 00:00:00,39.4,SURF,True,EXTREME_TYPE1,18,12,12,"(115.55, 24.0);(115.55, 24.4);(115.55, 24.8);(115.95, 23.6);(115.95, 24.0);(115.95, 24.4);(115.95, 24.8);(116.36, 24.0);(116.36, 24.4);(116.36, 24.8);(116.77, 24.0);(116.77, 24.4)",True
59653,2005-06-17 17:00:00,74.7,SURF,True,FALSE,31,11,0,,True
59082,2005-06-17 19:00:00,30.0,SURF,True,EXTREME_TYPE1,16,12,3,"(113.09, 24.4);(113.5, 24.0);(113.5, 24.4)",True
59493,2005-06-18 06:00:00,1.1,SURF,True,EXTREME_TYPE1,31,13,12,"(113.5, 22.0);(113.5, 22.4);(113.5, 22.8);(113.91, 22.0);(113.91, 22.4);(113.91, 22.8);(113.91, 23.2);(114.32, 22.4);(114.32, 22.8);(114.32, 23.2);(114.73, 22.4);(114.73, 22.8)",True
59290,2005-06-20 06:00:00,72.3,SURF,True,FALSE,15,11,0,,True
59293,2005-06-20 14:00:00,30.9,SURF,True,EXTREME_TYPE1,20,11,9,"(114.32, 23.2);(114.32, 23.6);(114.32, 24.0);(114.73, 23.2);(114.73, 23.6);(114.73, 24.0);(114.73, 24.4);(115.14, 23.2);(115.14, 23.6)",True
59298,2005-06-20 20:00:00,21.6,SURF,True,EXTREME_TYPE1,27,11,11,"(113.91, 22.8);(113.91, 23.2);(113.91, 23.6);(114.32, 22.4);(114.32, 22.8);(114.32, 23.2);(114.32, 23.6);(114.73, 22.8);(114.73, 23.2);(114.73, 23.6);(115.14, 23.2)",True
59290,2005-06-21 06:00:00,72.7,SURF,True,FALSE,15,11,0,,True
59293,2005-06-21 07:00:00,66.5,SURF,True,EXTREME_TYPE1,20,11,5,"(114.32, 23.2);(114.32, 23.6);(114.32, 24.0);(114.73, 23.6);(114.73, 24.0)",True
59097,2005-06-21 08:00:00,64.5,SURF,True,EXTREME_TYPE1,13,10,5,"(114.32, 23.6);(114.32, 24.0);(114.73, 23.6);(114.73, 24.0);(114.73, 24.4)",True
59293,2005-06-21 08:00:00,58.5,SURF,True,EXTREME_TYPE1,20,11,7,"(114.32, 23.6);(114.32, 24.0);(114.73, 23.6);(114.73, 24.0);(114.73, 24.4);(115.14, 24.0);(115.14, 24.4)",True
59487,2005-06-21 10:00:00,60.0,SURF,True,EXTREME_TYPE1,56,12,12,"(112.68, 22.0);(112.68, 22.4);(113.09, 21.6);(113.09, 22.0);(113.09, 22.4);(113.09, 22.8);(113.5, 21.6);(113.5, 22.0);(113.5, 22.4);(113.5, 22.8);(113.91, 22.0);(113.91, 22.4)",True
59315,2005-06-21 11:00:00,39.8,SURF,True,EXTREME_TYPE1,34,10,9,"(115.95, 23.2);(115.95, 23.6);(115.95, 24.0);(116.36, 23.2);(116.36, 23.6);(116.36, 24.0);(116.77, 23.2);(116.77, 23.6);(116.77, 24.0)",True
59278,2005-06-21 18:00:00,52.4,SURF,True,EXTREME_TYPE1,101,12,11,"(111.86, 22.8);(111.86, 23.2);(112.27, 22.4);(112.27, 22.8);(112.27, 23.2);(112.27, 23.6);(112.68, 22.8);(112.68, 23.2);(112.68, 23.6);(113.09, 22.8);(113.09, 23.2)",True
59500,2005-06-22 00:00:00,56.2,SURF,True,FALSE,43,12,0,,True
59314,2005-06-22 02:00:00,52.3,SURF,True,EXTREME_TYPE1,50,12,10,"(115.55, 23.2);(115.55, 23.6);(115.95, 22.8);(115.95, 23.2);(115.95, 23.6);(116.36, 22.8);(116.36, 23.2);(116.36, 23.6);(116.77, 23.2);(116.77, 23.6)",True
59298,2005-06-22 06:00:00,62.8,SURF,True,EXTREME_TYPE1,27,11,11,"(113.91, 22.8);(113.91, 23.2);(113.91, 23.6);(114.32, 22.4);(114.32, 22.8);(114.32, 23.2);(114.32, 23.6);(114.73, 22.8);(114.73, 23.2);(114.73, 23.6);(115.14, 23.2)",True
59082,2005-06-22 14:00:00,52.4,SURF,True,EXTREME_TYPE1,16,12,10,"(113.09, 24.4);(113.09, 24.8);(113.5, 24.0);(113.5, 24.4);(113.5, 24.8);(113.91, 24.4);(113.91, 24.8);(113.91, 25.2);(114.32, 24.4);(114.32, 24.8)",True
59493,2005-06-24 06:00:00,25.5,SURF,True,EXTREME_TYPE1,31,13,12,"(113.5, 22.0);(113.5, 22.4);(113.5, 22.8);(113.91, 22.0);(113.91, 22.4);(113.91, 22.8);(113.91, 23.2);(114.32, 22.4);(114.32, 22.8);(114.32, 23.2);(114.73, 22.4);(114.73, 22.8)",True
59485,2005-06-24 10:00:00,1.8,SURF,True,EXTREME_TYPE1,84,12,12,"(112.68, 22.4);(112.68, 22.8);(113.09, 22.0);(113.09, 22.4);(113.09, 22.8);(113.5, 22.0);(113.5, 22.4);(113.5, 22.8);(113.5, 23.2);(113.91, 22.0);(113.91, 22.4);(113.91, 22.8)",True
59663,2005-06-28 09:00:00,44.5,SURF,True,FALSE,36,11,0,,True
59673,2005-06-30 05:00:00,32.7,SURF,True,EXTREME_TYPE1,12,8,7,"(112.27, 21.6);(112.27, 22.0);(112.68, 21.6);(112.68, 22.0);(113.09, 21.6);(113.09, 22.0);(113.5, 21.6)",True
59477,2005-06-30 09:00:00,32.9,SURF,True,EXTREME_TYPE1,100,10,10,"(111.86, 22.0);(111.86, 22.4);(111.86, 22.8);(112.27, 21.6);(112.27, 22.0);(112.27, 22.4);(112.27, 22.8);(112.68, 22.0);(112.68, 22.4);(112.68, 22.8)",True
59500,2005-07-01 05:00:00,32.0,SURF,True,EXTREME_TYPE1,40,12,10,"(114.73, 22.8);(114.73, 23.2);(115.14, 22.8);(115.14, 23.2);(115.14, 23.6);(115.55, 22.8);(115.55, 23.2);(115.55, 23.6);(115.95, 22.8);(115.95, 23.2)",True
59279,2005-07-22 15:00:00,54.6,SURF,True,EXTREME_TYPE1,53,12,5,"(112.27, 22.8);(112.27, 23.2);(112.27, 23.6);(112.68, 22.8);(112.68, 23.2)",True
59304,2005-07-24 17:00:00,11.8,SURF,True,FALSE,22,9,0,,True
G1071,2005-07-24 19:00:00,28.0,AWST,False,FALSE,59,12,0,,True
G1071,2005-07-24 21:00:00,325.5,AWST,False,FALSE,59,12,0,,True
G1015,2005-07-25 01:00:00,25.5,AWST,False,FALSE,59,12,0,,True
59271,2005-07-31 12:00:00,22.4,SURF,True,EXTREME_TYPE1,43,11,1,"(111.86, 23.2)",True
59287,2005-08-04 23:00:00,88.8,SURF,True,EXTREME_TYPE1,80,9,9,"(113.09, 22.8);(113.09, 23.2);(113.09, 23.6);(113.5, 22.8);(113.5, 23.2);(113.5, 23.6);(113.91, 22.8);(113.91, 23.2);(113.91, 23.6)",True
59303,2005-08-06 22:00:00,2.0,SURF,True,EXTREME_TYPE1,59,10,10,"(115.14, 23.6);(115.14, 24.0);(115.55, 23.6);(115.55, 24.0);(115.55, 24.4);(115.95, 23.6);(115.95, 24.0);(115.95, 24.4);(116.36, 23.6);(116.36, 24.0)",True
59297,2005-08-07 07:00:00,69.7,SURF,True,FALSE,28,10,0,,True
59318,2005-08-13 17:00:00,12.1,SURF,True,EXTREME_TYPE1,34,12,12,"(115.95, 23.2);(115.95, 23.6);(116.36, 22.8);(116.36, 23.2);(116.36, 23.6);(116.36, 24.0);(116.77, 22.8);(116.77, 23.2);(116.77, 23.6);(116.77, 24.0);(117.18, 23.2);(117.18, 23.6)",True
59318,2005-08-14 02:00:00,65.7,SURF,True,EXTREME_TYPE1,34,12,11,"(115.95, 23.2);(115.95, 23.6);(116.36, 22.8);(116.36, 23.2);(116.36, 23.6);(116.77, 22.8);(116.77, 23.2);(116.77, 23.6);(116.77, 24.0);(117.18, 23.2);(117.18, 23.6)",True
59462,2005-08-14 06:00:00,34.2,SURF,True,FALSE,47,11,0,,True
59318,2005-08-14 17:00:00,11.5,SURF,True,EXTREME_TYPE1,33,12,12,"(115.95, 23.2);(115.95, 23.6);(116.36, 22.8);(116.36, 23.2);(116.36, 23.6);(116.36, 24.0);(116.77, 22.8);(116.77, 23.2);(116.77, 23.6);(116.77, 24.0);(117.18, 23.2);(117.18, 23.6)",True
59096,2005-08-15 17:00:00,30.9,SURF,True,FALSE,13,12,0,,True
59469,2005-08-18 16:00:00,23.9,SURF,True,EXTREME_TYPE1,43,11,11,"(111.05, 22.0);(111.45, 21.6);(111.45, 22.0);(111.45, 22.4);(111.86, 21.6);(111.86, 22.0);(111.86, 22.4);(111.86, 22.8);(112.27, 21.6);(112.27, 22.0);(112.27, 22.4)",True
59287,2005-08-21 04:00:00,23.6,SURF,True,EXTREME_TYPE1,80,9,9,"(113.09, 22.8);(113.09, 23.2);(113.09, 23.6);(113.5, 22.8);(113.5, 23.2);(113.5, 23.6);(113.91, 22.8);(113.91, 23.2);(113.91, 23.6)",True
59317,2005-08-21 12:00:00,23.2,SURF,True,EXTREME_TYPE1,45,9,8,"(115.95, 22.4);(115.95, 22.8);(115.95, 23.2);(115.95, 23.6);(116.36, 22.8);(116.36, 23.2);(116.77, 22.8);(116.77, 23.2)",True
59117,2005-08-24 14:00:00,2.9,SURF,True,EXTREME_TYPE1,17,12,10,"(115.55, 24.0);(115.55, 24.4);(115.55, 24.8);(115.95, 23.6);(115.95, 24.0);(115.95, 24.4);(115.95, 24.8);(116.36, 24.0);(116.36, 24.4);(116.77, 24.0)",True
59297,2005-09-03 10:00:00,18.7,SURF,True,EXTREME_TYPE1,26,10,6,"(113.91, 22.8);(113.91, 23.2);(114.32, 22.8);(114.32, 23.2);(114.73, 22.8);(114.73, 23.2)",True
59099,2005-09-03 17:00:00,3.7,SURF,True,EXTREME_TYPE1,17,10,4,"(114.32, 24.4);(114.32, 24.8);(114.73, 24.8);(115.55, 24.4)",True
59487,2005-09-04 04:00:00,32.2,SURF,True,EXTREME_TYPE1,52,12,9,"(112.68, 22.4);(113.09, 22.0);(113.09, 22.4);(113.09, 22.8);(113.5, 22.0);(113.5, 22.4);(113.5, 22.8);(113.91, 22.0);(113.91, 22.4)",True
59278,2005-09-04 06:00:00,1.7,SURF,True,EXTREME_TYPE1,120,12,12,"(111.86, 22.8);(111.86, 23.2);(112.27, 22.4);(112.27, 22.8);(112.27, 23.2);(112.27, 23.6);(112.68, 22.4);(112.68, 22.8);(112.68, 23.2);(112.68, 23.6);(113.09, 22.8);(113.09, 23.2)",True
59317,2005-09-07 15:00:00,75.1,SURF,True,EXTREME_TYPE1,48,9,5,"(115.95, 23.2);(115.95, 23.6);(116.36, 23.2);(116.36, 23.6);(116.77, 23.2)",True
59271,2005-09-09 05:00:00,57.8,SURF,True,EXTREME_TYPE1,51,11,5,"(112.68, 23.2);(112.68, 23.6);(112.68, 24.0);(113.09, 23.6);(113.09, 24.0)",True
59492,2005-09-09 18:00:00,15.4,SURF,True,EXTREME_TYPE1,20,11,11,"(114.32, 22.4);(114.32, 22.8);(114.32, 23.2);(114.32, 23.6);(114.73, 22.4);(114.73, 22.8);(114.73, 23.2);(114.73, 23.6);(115.14, 22.8);(115.14, 23.2);(115.14, 23.6)",True
59656,2005-09-19 04:00:00,35.9,SURF,True,EXTREME_TYPE1,24,11,11,"(110.23, 21.2);(110.23, 21.6);(110.64, 20.8);(110.64, 21.2);(110.64, 21.6);(110.64, 22.0);(111.05, 21.2);(111.05, 21.6);(111.05, 22.0);(111.45, 21.2);(111.45, 21.6)",True
59501,2005-09-24 17:00:00,1.3,SURF,True,EXTREME_TYPE1,46,12,12,"(114.73, 22.4);(114.73, 22.8);(114.73, 23.2);(115.14, 22.4);(115.14, 22.8);(115.14, 23.2);(115.55, 22.4);(115.55, 22.8);(115.55, 23.2);(115.95, 22.4);(115.95, 22.8);(115.95, 23.2)",True
59488,2005-09-25 11:00:00,9.7,SURF,True,EXTREME_TYPE1,28,11,11,"(113.09, 22.0);(113.09, 22.4);(113.09, 22.8);(113.5, 21.6);(113.5, 22.0);(113.5, 22.4);(113.5, 22.8);(113.91, 22.0);(113.91, 22.4);(113.91, 22.8);(114.32, 22.4)",True
59658,2005-09-26 05:00:00,22.0,SURF,True,EXTREME_TYPE1,20,10,10,"(109.82, 20.8);(109.82, 21.2);(109.82, 21.6);(110.23, 20.8);(110.23, 21.2);(110.23, 21.6);(110.64, 20.8);(110.64, 21.2);(110.64, 21.6);(111.05, 21.2)",True
59658,2005-09-26 14:00:00,4.9,SURF,True,EXTREME_TYPE1,20,10,10,"(109.82, 20.8);(109.82, 21.2);(109.82, 21.6);(110.23, 20.8);(110.23, 21.2);(110.23, 21.6);(110.64, 20.8);(110.64, 21.2);(110.64, 21.6);(111.05, 21.2)",True
59663,2005-09-27 06:00:00,25.8,SURF,True,EXTREME_TYPE1,36,11,7,"(111.86, 21.6);(111.86, 22.0);(112.27, 21.6);(112.27, 22.0);(112.27, 22.4);(112.68, 21.6);(112.68, 22.0)",True
59316,2005-10-03 13:00:00,20.7,SURF,True,EXTREME_TYPE1,33,12,12,"(115.95, 23.2);(115.95, 23.6);(116.36, 22.8);(116.36, 23.2);(116.36, 23.6);(116.36, 24.0);(116.77, 22.8);(116.77, 23.2);(116.77, 23.6);(116.77, 24.0);(117.18, 23.2);(117.18, 23.6)",True
57988,2006-01-19 08:00:00,6.5,SURF,True,FALSE,3,11,0,,True
G2635,2006-02-15 14:00:00,900.0,AWST,False,FALSE,8,10,0,,True
G2635,2006-02-16 02:00:00,400.0,AWST,False,FALSE,8,10,0,,True
59312,2006-02-18 19:00:00,1.4,SURF,True,EXTREME_TYPE1,4,10,10,"(115.95, 23.6);(116.36, 23.2);(116.36, 23.6);(116.36, 24.0);(116.77, 23.2);(116.77, 23.6);(116.77, 24.0);(117.18, 23.2);(117.18, 23.6);(117.18, 24.0)",True
59270,2006-02-25 14:00:00,5.5,SURF,True,EXTREME_TYPE1,6,10,10,"(111.45, 24.0);(111.86, 23.6);(111.86, 24.0);(111.86, 24.4);(112.27, 23.6);(112.27, 24.0);(112.27, 24.4);(112.68, 23.6);(112.68, 24.0);(112.68, 24.4)",True
59117,2006-02-28 05:00:00,1.2,SURF,True,EXTREME_TYPE1,2,12,12,"(115.55, 24.0);(115.55, 24.4);(115.55, 24.8);(115.95, 23.6);(115.95, 24.0);(115.95, 24.4);(115.95, 24.8);(116.36, 24.0);(116.36, 24.4);(116.36, 24.8);(116.77, 24.0);(116.77, 24.4)",True
59094,2006-03-06 10:00:00,10.4,SURF,True,EXTREME_TYPE1,4,12,9,"(113.91, 24.0);(113.91, 24.4);(113.91, 24.8);(114.32, 24.0);(114.32, 24.4);(114.32, 24.8);(114.73, 24.0);(114.73, 24.4);(114.73, 24.8)",True
59493,2006-03-06 14:00:00,1.3,SURF,True,EXTREME_TYPE1,21,13,11,"(113.5, 22.0);(113.5, 22.4);(113.5, 22.8);(113.91, 22.0);(113.91, 22.4);(113.91, 22.8);(113.91, 23.2);(114.32, 22.0);(114.32, 22.4);(114.32, 22.8);(114.32, 23.2)",True
59284,2006-03-20 04:00:00,9.8,SURF,True,EXTREME_TYPE1,13,12,8,"(112.68, 23.2);(112.68, 23.6);(113.09, 23.2);(113.09, 23.6);(113.09, 24.0);(113.5, 23.2);(113.5, 23.6);(113.5, 24.0)",True
59271,2006-03-23 10:00:00,31.0,SURF,True,FALSE,9,11,0,,True
59492,2006-03-23 11:00:00,14.4,SURF,True,EXTREME_TYPE1,8,11,10,"(114.32, 22.4);(114.32, 22.8);(114.32, 23.2);(114.32, 23.6);(114.73, 22.8);(114.73, 23.2);(114.73, 23.6);(115.14, 22.8);(115.14, 23.2);(115.14, 23.6)",True
59270,2006-04-07 12:00:00,4.5,SURF,True,EXTREME_TYPE1,25,10,10,"(111.45, 24.0);(111.86, 23.6);(111.86, 24.0);(111.86, 24.4);(112.27, 23.6);(112.27, 24.0);(112.27, 24.4);(112.68, 23.6);(112.68, 24.0);(112.68, 24.4)",True
59754,2006-04-07 16:00:00,69.6,SURF,True,EXTREME_TYPE1,19,5,5,"(109.82, 20.4);(109.82, 20.8);(110.23, 20.4);(110.23, 20.8);(110.64, 20.8)",True
59316,2006-04-10 09:00:00,55.2,SURF,True,EXTREME_TYPE1,22,12,12,"(115.95, 23.2);(115.95, 23.6);(116.36, 22.8);(116.36, 23.2);(116.36, 23.6);(116.36, 24.0);(116.77, 22.8);(116.77, 23.2);(116.77, 23.6);(116.77, 24.0);(117.18, 23.2);(117.18, 23.6)",True
59116,2006-04-13 04:00:00,6.2,SURF,True,EXTREME_TYPE1,7,9,9,"(115.95, 24.4);(116.36, 24.0);(116.36, 24.4);(116.36, 24.8);(116.77, 24.0);(116.77, 24.4);(116.77, 24.8);(117.18, 24.0);(117.18, 24.4)",True
59314,2006-04-27 14:00:00,2.4,SURF,True,EXTREME_TYPE1,31,12,12,"(115.55, 23.2);(115.55, 23.6);(115.95, 22.8);(115.95, 23.2);(115.95, 23.6);(115.95, 24.0);(116.36, 22.8);(116.36, 23.2);(116.36, 23.6);(116.36, 24.0);(116.77, 23.2);(116.77, 23.6)",True
59297,2006-04-28 04:00:00,57.3,SURF,True,EXTREME_TYPE1,12,10,10,"(113.5, 23.2);(113.91, 22.8);(113.91, 23.2);(113.91, 23.6);(114.32, 22.8);(114.32, 23.2);(114.32, 23.6);(114.73, 22.8);(114.73, 23.2);(114.73, 23.6)",True
59316,2006-04-28 05:00:00,5.6,SURF,True,EXTREME_TYPE1,21,12,12,"(115.95, 23.2);(115.95, 23.6);(116.36, 22.8);(116.36, 23.2);(116.36, 23.6);(116.36, 24.0);(116.77, 22.8);(116.77, 23.2);(116.77, 23.6);(116.77, 24.0);(117.18, 23.2);(117.18, 23.6)",True
59268,2006-05-02 14:00:00,73.6,SURF,True,FALSE,31,9,0,,True
59650,2006-05-02 17:00:00,20.4,SURF,True,EXTREME_TYPE1,32,11,10,"(109.82, 21.2);(109.82, 21.6);(110.23, 20.8);(110.23, 21.2);(110.23, 21.6);(110.23, 22.0);(110.64, 20.8);(110.64, 21.2);(110.64, 21.6);(110.64, 22.0)",True
59650,2006-05-03 14:00:00,51.4,SURF,True,EXTREME_TYPE1,32,11,10,"(109.82, 21.2);(109.82, 21.6);(110.23, 20.8);(110.23, 21.2);(110.23, 21.6);(110.23, 22.0);(110.64, 20.8);(110.64, 21.2);(110.64, 21.6);(110.64, 22.0)",True
59663,2006-05-04 08:00:00,83.1,SURF,True,FALSE,6,11,0,,True
59663,2006-05-04 20:00:00,103.6,SURF,True,FALSE,6,11,0,,True
59663,2006-05-04 21:00:00,82.0,SURF,True,FALSE,6,11,0,,True
57989,2006-05-06 18:00:00,4.7,SURF,True,EXTREME_TYPE1,11,12,12,"(113.09, 24.8);(113.09, 25.2);(113.5, 24.4);(113.5, 24.8);(113.5, 25.2);(113.5, 25.6);(113.91, 24.4);(113.91, 24.8);(113.91, 25.2);(113.91, 25.6);(114.32, 24.8);(114.32, 25.2)",True
59090,2006-05-06 18:00:00,24.9,SURF,True,EXTREME_TYPE1,8,12,9,"(113.5, 24.8);(113.91, 24.4);(113.91, 24.8);(113.91, 25.2);(114.32, 24.4);(114.32, 24.8);(114.32, 25.2);(114.73, 24.8);(114.73, 25.2)",True
59285,2006-05-06 20:00:00,55.0,SURF,True,EXTREME_TYPE1,49,10,10,"(113.09, 23.2);(113.09, 23.6);(113.09, 24.0);(113.5, 23.2);(113.5, 23.6);(113.5, 24.0);(113.91, 23.2);(113.91, 23.6);(113.91, 24.0);(114.32, 23.6)",True
59269,2006-05-06 21:00:00,66.1,SURF,True,FALSE,29,9,0,,True
59276,2006-05-10 16:00:00,51.3,SURF,True,EXTREME_TYPE1,102,10,9,"(112.27, 22.8);(112.27, 23.2);(112.27, 23.6);(112.68, 22.8);(112.68, 23.2);(112.68, 23.6);(113.09, 22.8);(113.09, 23.2);(113.09, 23.6)",True
59287,2006-05-10 18:00:00,52.5,SURF,True,EXTREME_TYPE1,99,9,9,"(113.09, 22.8);(113.09, 23.2);(113.09, 23.6);(113.5, 22.8);(113.5, 23.2);(113.5, 23.6);(113.91, 22.8);(113.91, 23.2);(113.91, 23.6)",True
59090,2006-05-16 15:00:00,1.3,SURF,True,EXTREME_TYPE1,7,12,12,"(113.5, 24.8);(113.5, 25.2);(113.91, 24.4);(113.91, 24.8);(113.91, 25.2);(113.91, 25.6);(114.32, 24.4);(114.32, 24.8);(114.32, 25.2);(114.32, 25.6);(114.73, 24.8);(114.73, 25.2)",True
59313,2006-05-17 23:00:00,34.6,SURF,True,EXTREME_TYPE1,7,9,9,"(116.36, 23.6);(116.36, 24.0);(116.77, 23.2);(116.77, 23.6);(116.77, 24.0);(117.18, 23.2);(117.18, 23.6);(117.18, 24.0);(117.59, 23.6)",True
59316,2006-05-18 00:00:00,53.1,SURF,True,EXTREME_TYPE1,31,12,12,"(115.95, 23.2);(115.95, 23.6);(116.36, 22.8);(116.36, 23.2);(116.36, 23.6);(116.36, 24.0);(116.77, 22.8);(116.77, 23.2);(116.77, 23.6);(116.77, 24.0);(117.18, 23.2);(117.18, 23.6)",True
59318,2006-05-18 00:00:00,55.8,SURF,True,EXTREME_TYPE1,31,12,12,"(115.95, 23.2);(115.95, 23.6);(116.36, 22.8);(116.36, 23.2);(116.36, 23.6);(116.36, 24.0);(116.77, 22.8);(116.77, 23.2);(116.77, 23.6);(116.77, 24.0);(117.18, 23.2);(117.18, 23.6)",True
59673,2006-05-21 14:00:00,31.0,SURF,True,FALSE,2,8,0,,True
59478,2006-05-21 17:00:00,26.8,SURF,True,EXTREME_TYPE1,69,12,11,"(112.27, 22.0);(112.27, 22.4);(112.68, 21.6);(112.68, 22.0);(112.68, 22.4);(112.68, 22.8);(113.09, 21.6);(113.09, 22.0);(113.09, 22.4);(113.09, 22.8);(113.5, 22.4)",True
59500,2006-05-21 17:00:00,26.7,SURF,True,EXTREME_TYPE1,27,12,5,"(114.73, 22.8);(114.73, 23.2);(115.14, 22.4);(115.14, 22.8);(115.14, 23.2)",True
59289,2006-05-22 04:00:00,53.5,SURF,True,EXTREME_TYPE1,72,12,12,"(113.09, 22.8);(113.09, 23.2);(113.5, 22.4);(113.5, 22.8);(113.5, 23.2);(113.5, 23.6);(113.91, 22.4);(113.91, 22.8);(113.91, 23.2);(113.91, 23.6);(114.32, 22.8);(114.32, 23.2)",True
59285,2006-05-27 02:00:00,26.9,SURF,True,EXTREME_TYPE1,49,10,10,"(113.09, 23.2);(113.09, 23.6);(113.09, 24.0);(113.5, 23.2);(113.5, 23.6);(113.5, 24.0);(113.91, 23.2);(113.91, 23.6);(113.91, 24.0);(114.32, 23.6)",True
59481,2006-05-27 07:00:00,74.3,SURF,True,EXTREME_TYPE1,121,12,12,"(112.68, 22.8);(112.68, 23.2);(113.09, 22.4);(113.09, 22.8);(113.09, 23.2);(113.09, 23.6);(113.5, 22.4);(113.5, 22.8);(113.5, 23.2);(113.5, 23.6);(113.91, 22.8);(113.91, 23.2)",True
59304,2006-05-27 09:00:00,30.2,SURF,True,EXTREME_TYPE1,14,9,3,"(114.73, 23.2);(114.73, 23.6);(115.14, 23.2)",True
59480,2006-05-27 09:00:00,38.2,SURF,True,EXTREME_TYPE1,106,10,10,"(112.68, 22.4);(112.68, 22.8);(112.68, 23.2);(113.09, 22.4);(113.09, 22.8);(113.09, 23.2);(113.5, 22.4);(113.5, 22.8);(113.5, 23.2);(113.91, 22.8)",True
59473,2006-05-27 11:00:00,61.4,SURF,True,EXTREME_TYPE1,150,10,10,"(112.27, 22.8);(112.68, 22.4);(112.68, 22.8);(112.68, 23.2);(113.09, 22.4);(113.09, 22.8);(113.09, 23.2);(113.5, 22.4);(113.5, 22.8);(113.5, 23.2)",True
59470,2006-05-27 12:00:00,44.8,SURF,True,EXTREME_TYPE1,98,10,6,"(111.86, 22.4);(112.27, 22.4);(112.27, 22.8);(112.68, 22.4);(112.68, 22.8);(112.68, 23.2)",True
59475,2006-05-27 12:00:00,51.9,SURF,True,EXTREME_TYPE1,132,9,9,"(112.27, 22.0);(112.27, 22.4);(112.27, 22.8);(112.68, 22.0);(112.68, 22.4);(112.68, 22.8);(113.09, 22.0);(113.09, 22.4);(113.09, 22.8)",True
59475,2006-05-27 13:00:00,60.1,SURF,True,EXTREME_TYPE1,132,9,9,"(112.27, 22.0);(112.27, 22.4);(112.27, 22.8);(112.68, 22.0);(112.68, 22.4);(112.68, 22.8);(113.09, 22.0);(113.09, 22.4);(113.09, 22.8)",True
59303,2006-05-27 17:00:00,62.6,SURF,True,FALSE,39,10,0,,True
59502,2006-05-28 07:00:00,45.7,SURF,True,EXTREME_TYPE1,39,12,8,"(115.14, 22.8);(115.14, 23.2);(115.55, 22.4);(115.55, 22.8);(115.55, 23.2);(115.55, 23.6);(115.95, 22.8);(115.95, 23.2)",True
59298,2006-05-28 13:00:00,22.9,SURF,True,EXTREME_TYPE1,22,11,11,"(113.91, 22.8);(113.91, 23.2);(113.91, 23.6);(114.32, 22.4);(114.32, 22.8);(114.32, 23.2);(114.32, 23.6);(114.73, 22.8);(114.73, 23.2);(114.73, 23.6);(115.14, 23.2)",True
59324,2006-05-28 13:00:00,9.7,SURF,True,EXTREME_TYPE1,8,10,10,"(116.36, 23.2);(116.36, 23.6);(116.77, 22.8);(116.77, 23.2);(116.77, 23.6);(116.77, 24.0);(117.18, 23.2);(117.18, 23.6);(117.18, 24.0);(117.59, 23.6)",True
59659,2006-05-29 10:00:00,5.0,SURF,True,EXTREME_TYPE1,25,12,12,"(110.23, 21.6);(110.23, 22.0);(110.64, 21.2);(110.64, 21.6);(110.64, 22.0);(110.64, 22.4);(111.05, 21.2);(111.05, 21.6);(111.05, 22.0);(111.05, 22.4);(111.45, 21.6);(111.45, 22.0)",True
59500,2006-05-29 17:00:00,7.0,SURF,True,EXTREME_TYPE1,27,12,11,"(114.73, 22.8);(114.73, 23.2);(115.14, 22.4);(115.14, 22.8);(115.14, 23.2);(115.14, 23.6);(115.55, 22.8);(115.55, 23.2);(115.55, 23.6);(115.95, 22.8);(115.95, 23.2)",True
57989,2006-05-29 19:00:00,2.7,SURF,True,EXTREME_TYPE1,12,12,12,"(113.09, 24.8);(113.09, 25.2);(113.5, 24.4);(113.5, 24.8);(113.5, 25.2);(113.5, 25.6);(113.91, 24.4);(113.91, 24.8);(113.91, 25.2);(113.91, 25.6);(114.32, 24.8);(114.32, 25.2)",True
59475,2006-06-01 11:00:00,22.0,SURF,True,EXTREME_TYPE1,136,9,9,"(112.27, 22.0);(112.27, 22.4);(112.27, 22.8);(112.68, 22.0);(112.68, 22.4);(112.68, 22.8);(113.09, 22.0);(113.09, 22.4);(113.09, 22.8)",True
59304,2006-06-01 16:00:00,2.4,SURF,True,EXTREME_TYPE1,16,9,9,"(114.73, 23.2);(114.73, 23.6);(114.73, 24.0);(115.14, 23.2);(115.14, 23.6);(115.14, 24.0);(115.55, 23.2);(115.55, 23.6);(115.55, 24.0)",True
59278,2006-06-02 15:00:00,25.9,SURF,True,EXTREME_TYPE1,127,12,10,"(111.86, 22.8);(111.86, 23.2);(112.27, 22.8);(112.27, 23.2);(112.27, 23.6);(112.68, 22.8);(112.68, 23.2);(112.68, 23.6);(113.09, 22.8);(113.09, 23.2)",True
59653,2006-06-02 16:00:00,9.5,SURF,True,EXTREME_TYPE1,27,11,11,"(110.23, 21.6);(110.23, 22.0);(110.64, 21.6);(110.64, 22.0);(110.64, 22.4);(111.05, 21.6);(111.05, 22.0);(111.05, 22.4);(111.45, 21.6);(111.45, 22.0);(111.45, 22.4)",True
59501,2006-06-03 06:00:00,81.9,SURF,True,EXTREME_TYPE1,38,12,9,"(114.73, 22.8);(114.73, 23.2);(115.14, 23.2);(115.55, 22.4);(115.55, 22.8);(115.55, 23.2);(115.95, 22.4);(115.95, 22.8);(115.95, 23.2)",True
59087,2006-06-04 01:00:00,3.9,SURF,True,EXTREME_TYPE1,42,10,9,"(113.09, 23.6);(113.09, 24.0);(113.09, 24.4);(113.5, 23.6);(113.5, 24.0);(113.5, 24.4);(113.91, 23.6);(113.91, 24.0);(113.91, 24.4)",True
59290,2006-06-05 09:00:00,31.4,SURF,True,FALSE,14,11,0,,True
59284,2006-06-06 09:00:00,30.3,SURF,True,EXTREME_TYPE1,101,12,12,"(112.68, 23.2);(112.68, 23.6);(113.09, 22.8);(113.09, 23.2);(113.09, 23.6);(113.09, 24.0);(113.5, 22.8);(113.5, 23.2);(113.5, 23.6);(113.5, 24.0);(113.91, 23.2);(113.91, 23.6)",True
59280,2006-06-07 19:00:00,53.2,SURF,True,EXTREME_TYPE1,61,10,10,"(112.68, 23.2);(112.68, 23.6);(112.68, 24.0);(113.09, 23.2);(113.09, 23.6);(113.09, 24.0);(113.09, 24.4);(113.5, 23.2);(113.5, 23.6);(113.5, 24.0)",True
59270,2006-06-08 11:00:00,18.0,SURF,True,EXTREME_TYPE1,38,10,9,"(111.86, 23.6);(111.86, 24.0);(111.86, 24.4);(112.27, 23.6);(112.27, 24.0);(112.27, 24.4);(112.68, 23.6);(112.68, 24.0);(112.68, 24.4)",True
59492,2006-06-09 05:00:00,7.7,SURF,True,EXTREME_TYPE1,12,11,10,"(114.32, 22.4);(114.32, 22.8);(114.32, 23.2);(114.32, 23.6);(114.73, 22.4);(114.73, 22.8);(114.73, 23.2);(114.73, 23.6);(115.14, 22.8);(115.14, 23.2)",True
59297,2006-06-09 06:00:00,20.0,SURF,True,EXTREME_TYPE1,23,10,10,"(113.5, 23.2);(113.91, 22.8);(113.91, 23.2);(113.91, 23.6);(114.32, 22.8);(114.32, 23.2);(114.32, 23.6);(114.73, 22.8);(114.73, 23.2);(114.73, 23.6)",True
59297,2006-06-09 11:00:00,6.8,SURF,True,EXTREME_TYPE1,23,10,10,"(113.5, 23.2);(113.91, 22.8);(113.91, 23.2);(113.91, 23.6);(114.32, 22.8);(114.32, 23.2);(114.32, 23.6);(114.73, 22.8);(114.73, 23.2);(114.73, 23.6)",True
59492,2006-06-09 14:00:00,1.6,SURF,True,EXTREME_TYPE1,12,11,11,"(114.32, 22.4);(114.32, 22.8);(114.32, 23.2);(114.32, 23.6);(114.73, 22.4);(114.73, 22.8);(114.73, 23.2);(114.73, 23.6);(115.14, 22.8);(115.14, 23.2);(115.14, 23.6)",True
59313,2006-06-09 20:00:00,1.4,SURF,True,EXTREME_TYPE1,8,9,9,"(116.36, 23.6);(116.36, 24.0);(116.77, 23.2);(116.77, 23.6);(116.77, 24.0);(117.18, 23.2);(117.18, 23.6);(117.18, 24.0);(117.59, 23.6)",True
59488,2006-06-09 21:00:00,24.5,SURF,True,EXTREME_TYPE1,35,11,11,"(113.09, 22.0);(113.09, 22.4);(113.09, 22.8);(113.5, 21.6);(113.5, 22.0);(113.5, 22.4);(113.5, 22.8);(113.91, 22.0);(113.91, 22.4);(113.91, 22.8);(114.32, 22.4)",True
59297,2006-06-12 11:00:00,2.8,SURF,True,EXTREME_TYPE1,22,10,10,"(113.5, 23.2);(113.91, 22.8);(113.91, 23.2);(113.91, 23.6);(114.32, 22.8);(114.32, 23.2);(114.32, 23.6);(114.73, 22.8);(114.73, 23.2);(114.73, 23.6)",True
59324,2006-06-12 11:00:00,5.3,SURF,True,EXTREME_TYPE1,8,10,10,"(116.36, 23.2);(116.36, 23.6);(116.77, 22.8);(116.77, 23.2);(116.77, 23.6);(116.77, 24.0);(117.18, 23.2);(117.18, 23.6);(117.18, 24.0);(117.59, 23.6)",True
59294,2006-06-12 12:00:00,3.7,SURF,True,EXTREME_TYPE1,52,11,10,"(113.09, 23.2);(113.5, 22.8);(113.5, 23.2);(113.5, 23.6);(113.91, 22.8);(113.91, 23.2);(113.91, 23.6);(114.32, 22.8);(114.32, 23.2);(114.32, 23.6)",True
59107,2006-06-12 13:00:00,5.6,SURF,True,EXTREME_TYPE1,15,12,10,"(114.73, 23.6);(114.73, 24.0);(115.14, 23.6);(115.14, 24.0);(115.14, 24.4);(115.55, 23.6);(115.55, 24.0);(115.55, 24.4);(115.95, 24.0);(115.95, 24.4)",True
59318,2006-06-12 13:00:00,10.8,SURF,True,EXTREME_TYPE1,34,12,12,"(115.95, 23.2);(115.95, 23.6);(116.36, 22.8);(116.36, 23.2);(116.36, 23.6);(116.36, 24.0);(116.77, 22.8);(116.77, 23.2);(116.77, 23.6);(116.77, 24.0);(117.18, 23.2);(117.18, 23.6)",True
59315,2006-06-12 22:00:00,4.0,SURF,True,EXTREME_TYPE1,34,10,10,"(115.95, 23.2);(115.95, 23.6);(115.95, 24.0);(116.36, 23.2);(116.36, 23.6);(116.36, 24.0);(116.77, 23.2);(116.77, 23.6);(116.77, 24.0);(117.18, 23.6)",True
59315,2006-06-13 07:00:00,9.1,SURF,True,EXTREME_TYPE1,33,10,10,"(115.95, 23.2);(115.95, 23.6);(115.95, 24.0);(116.36, 23.2);(116.36, 23.6);(116.36, 24.0);(116.77, 23.2);(116.77, 23.6);(116.77, 24.0);(117.18, 23.6)",True
59304,2006-06-15 06:00:00,26.7,SURF,True,EXTREME_TYPE1,15,9,6,"(114.73, 23.2);(114.73, 23.6);(114.73, 24.0);(115.14, 23.2);(115.14, 23.6);(115.14, 24.0)",True
59298,2006-06-19 13:00:00,10.5,SURF,True,EXTREME_TYPE1,22,11,11,"(113.91, 22.8);(113.91, 23.2);(113.91, 23.6);(114.32, 22.4);(114.32, 22.8);(114.32, 23.2);(114.32, 23.6);(114.73, 22.8);(114.73, 23.2);(114.73, 23.6);(115.14, 23.2)",True
G1936,2006-06-21 03:00:00,3.4,AWST,False,FALSE,75,11,0,,True
G1936,2006-06-21 11:00:00,17.2,AWST,False,FALSE,74,11,0,,True
G1936,2006-06-21 12:00:00,35.2,AWST,False,FALSE,75,11,0,,True
G1936,2006-06-21 15:00:00,288.0,AWST,False,FALSE,74,11,0,,True
G1936,2006-06-21 23:00:00,2.2,AWST,False,FALSE,76,11,0,,True
59485,2006-06-22 13:00:00,4.7,SURF,True,EXTREME_TYPE1,97,12,11,"(112.68, 22.4);(112.68, 22.8);(113.09, 22.0);(113.09, 22.4);(113.09, 22.8);(113.5, 22.0);(113.5, 22.4);(113.5, 22.8);(113.5, 23.2);(113.91, 22.4);(113.91, 22.8)",True
G1936,2006-06-22 21:00:00,57.1,AWST,False,FALSE,70,11,0,,True
G1936,2006-06-22 23:00:00,15.0,AWST,False,FALSE,69,11,0,,True
G1936,2006-06-23 00:00:00,29.8,AWST,False,EXTREME_TYPE1,69,11,11,"(113.09, 22.8);(113.09, 23.2);(113.5, 22.8);(113.5, 23.2);(113.5, 23.6);(113.91, 22.4);(113.91, 22.8);(113.91, 23.2);(113.91, 23.6);(114.32, 22.8);(114.32, 23.2)",True
G1936,2006-06-23 02:00:00,145.7,AWST,False,FALSE,70,11,0,,True
G1936,2006-06-23 05:00:00,20.5,AWST,False,FALSE,70,11,0,,True
G1936,2006-06-24 00:00:00,31.0,AWST,False,EXTREME_TYPE1,70,11,11,"(113.09, 22.8);(113.09, 23.2);(113.5, 22.8);(113.5, 23.2);(113.5, 23.6);(113.91, 22.4);(113.91, 22.8);(113.91, 23.2);(113.91, 23.6);(114.32, 22.8);(114.32, 23.2)",True
G1936,2006-06-24 03:00:00,2.9,AWST,False,FALSE,70,11,0,,True
G1936,2006-06-24 04:00:00,32.7,AWST,False,FALSE,70,11,0,,True
G1936,2006-06-24 06:00:00,9.0,AWST,False,FALSE,70,11,0,,True
G1936,2006-06-24 09:00:00,2.7,AWST,False,FALSE,70,11,0,,True
G1936,2006-06-24 10:00:00,9.7,AWST,False,FALSE,70,11,0,,True
G1936,2006-06-25 00:00:00,31.5,AWST,False,EXTREME_TYPE1,71,11,11,"(113.09, 22.8);(113.09, 23.2);(113.5, 22.8);(113.5, 23.2);(113.5, 23.6);(113.91, 22.4);(113.91, 22.8);(113.91, 23.2);(113.91, 23.6);(114.32, 22.8);(114.32, 23.2)",True
G1936,2006-06-26 00:00:00,30.1,AWST,False,EXTREME_TYPE1,71,11,11,"(113.09, 22.8);(113.09, 23.2);(113.5, 22.8);(113.5, 23.2);(113.5, 23.6);(113.91, 22.4);(113.91, 22.8);(113.91, 23.2);(113.91, 23.6);(114.32, 22.8);(114.32, 23.2)",True
G1936,2006-06-27 00:00:00,30.5,AWST,False,EXTREME_TYPE1,70,11,11,"(113.09, 22.8);(113.09, 23.2);(113.5, 22.8);(113.5, 23.2);(113.5, 23.6);(113.91, 22.4);(113.91, 22.8);(113.91, 23.2);(113.91, 23.6);(114.32, 22.8);(114.32, 23.2)",True
G1936,2006-06-28 00:00:00,27.1,AWST,False,EXTREME_TYPE1,79,11,11,"(113.09, 22.8);(113.09, 23.2);(113.5, 22.8);(113.5, 23.2);(113.5, 23.6);(113.91, 22.4);(113.91, 22.8);(113.91, 23.2);(113.91, 23.6);(114.32, 22.8);(114.32, 23.2)",True
59754,2006-06-29 10:00:00,50.4,SURF,True,FALSE,18,5,0,,True
G1936,2006-07-01 13:00:00,197.9,AWST,False,FALSE,78,11,0,,True
G1936,2006-07-01 15:00:00,2.9,AWST,False,EXTREME_TYPE1,76,11,2,"(113.09, 22.8);(113.09, 23.2)",True
G1936,2006-07-01 16:00:00,61.4,AWST,False,FALSE,79,11,0,,True
G1936,2006-07-01 18:00:00,14.7,AWST,False,FALSE,78,11,0,,True
G1936,2006-07-01 20:00:00,26.2,AWST,False,FALSE,76,11,0,,True
G1936,2006-07-02 06:00:00,77.8,AWST,False,FALSE,76,11,0,,True
G1936,2006-07-02 08:00:00,2.1,AWST,False,FALSE,72,11,0,,True
G1936,2006-07-02 12:00:00,37.9,AWST,False,FALSE,77,11,0,,True
59088,2006-07-04 13:00:00,21.4,SURF,True,EXTREME_TYPE1,37,12,12,"(112.68, 24.0);(112.68, 24.4);(113.09, 23.6);(113.09, 24.0);(113.09, 24.4);(113.09, 24.8);(113.5, 23.6);(113.5, 24.0);(113.5, 24.4);(113.5, 24.8);(113.91, 24.0);(113.91, 24.4)",True
59318,2006-07-08 13:00:00,10.3,SURF,True,FALSE,34,12,0,,True
59306,2006-07-11 12:00:00,31.3,SURF,True,FALSE,56,12,0,,True
59313,2006-07-13 20:00:00,31.6,SURF,True,EXTREME_TYPE1,8,9,9,"(116.36, 23.6);(116.36, 24.0);(116.77, 23.2);(116.77, 23.6);(116.77, 24.0);(117.18, 23.2);(117.18, 23.6);(117.18, 24.0);(117.59, 23.6)",True
59303,2006-07-14 17:00:00,28.2,SURF,True,EXTREME_TYPE1,46,10,4,"(115.95, 24.0);(115.95, 24.4);(116.36, 23.6);(116.36, 24.0)",True
59314,2006-07-15 01:00:00,65.5,SURF,True,EXTREME_TYPE1,49,12,8,"(115.55, 23.2);(115.55, 23.6);(115.95, 22.8);(115.95, 23.2);(115.95, 23.6);(116.36, 22.8);(116.36, 23.2);(116.36, 23.6)",True
59492,2006-07-15 02:00:00,62.9,SURF,True,EXTREME_TYPE1,13,11,11,"(114.32, 22.4);(114.32, 22.8);(114.32, 23.2);(114.32, 23.6);(114.73, 22.4);(114.73, 22.8);(114.73, 23.2);(114.73, 23.6);(115.14, 22.8);(115.14, 23.2);(115.14, 23.6)",True
59500,2006-07-15 02:00:00,54.7,SURF,True,EXTREME_TYPE1,38,12,11,"(114.73, 22.8);(114.73, 23.2);(115.14, 22.4);(115.14, 22.8);(115.14, 23.2);(115.14, 23.6);(115.55, 22.8);(115.55, 23.2);(115.55, 23.6);(115.95, 22.8);(115.95, 23.2)",True
57988,2006-07-15 04:00:00,16.9,SURF,True,EXTREME_TYPE1,9,11,11,"(112.68, 24.8);(112.68, 25.2);(113.09, 24.8);(113.09, 25.2);(113.09, 25.6);(113.5, 24.8);(113.5, 25.2);(113.5, 25.6);(113.91, 24.8);(113.91, 25.2);(113.91, 25.6)",True
59109,2006-07-15 05:00:00,46.1,SURF,True,FALSE,15,12,0,,True
59297,2006-07-15 10:00:00,75.8,SURF,True,EXTREME_TYPE1,23,10,10,"(113.5, 23.2);(113.91, 22.8);(113.91, 23.2);(113.91, 23.6);(114.32, 22.8);(114.32, 23.2);(114.32, 23.6);(114.73, 22.8);(114.73, 23.2);(114.73, 23.6)",True
59276,2006-07-15 11:00:00,59.1,SURF,True,EXTREME_TYPE1,116,10,10,"(112.27, 22.8);(112.27, 23.2);(112.27, 23.6);(112.68, 22.8);(112.68, 23.2);(112.68, 23.6);(112.68, 24.0);(113.09, 22.8);(113.09, 23.2);(113.09, 23.6)",True
59088,2006-07-15 12:00:00,50.8,SURF,True,EXTREME_TYPE1,35,12,6,"(112.68, 24.0);(112.68, 24.4);(113.09, 23.6);(113.09, 24.0);(113.09, 24.4);(113.5, 23.6)",True
59315,2006-07-16 03:00:00,12.8,SURF,True,EXTREME_TYPE1,34,10,10,"(115.95, 23.2);(115.95, 23.6);(115.95, 24.0);(116.36, 23.2);(116.36, 23.6);(116.36, 24.0);(116.77, 23.2);(116.77, 23.6);(116.77, 24.0);(117.18, 23.6)",True
59306,2006-07-16 04:00:00,53.4,SURF,True,EXTREME_TYPE1,56,12,12,"(115.14, 23.2);(115.14, 23.6);(115.55, 22.8);(115.55, 23.2);(115.55, 23.6);(115.55, 24.0);(115.95, 22.8);(115.95, 23.2);(115.95, 23.6);(115.95, 24.0);(116.36, 23.2);(116.36, 23.6)",True
59294,2006-07-16 07:00:00,1.7,SURF,True,EXTREME_TYPE1,56,11,11,"(113.09, 23.2);(113.5, 22.8);(113.5, 23.2);(113.5, 23.6);(113.91, 22.8);(113.91, 23.2);(113.91, 23.6);(113.91, 24.0);(114.32, 22.8);(114.32, 23.2);(114.32, 23.6)",True
59284,2006-07-16 12:00:00,1.1,SURF,True,EXTREME_TYPE1,110,12,12,"(112.68, 23.2);(112.68, 23.6);(113.09, 22.8);(113.09, 23.2);(113.09, 23.6);(113.09, 24.0);(113.5, 22.8);(113.5, 23.2);(113.5, 23.6);(113.5, 24.0);(113.91, 23.2);(113.91, 23.6)",True
59456,2006-07-16 17:00:00,8.1,SURF,True,EXTREME_TYPE1,29,10,10,"(110.23, 22.4);(110.64, 22.0);(110.64, 22.4);(110.64, 22.8);(111.05, 22.0);(111.05, 22.4);(111.05, 22.8);(111.45, 22.0);(111.45, 22.4);(111.45, 22.8)",True
59485,2006-07-16 18:00:00,22.7,SURF,True,EXTREME_TYPE1,109,12,3,"(112.68, 22.8);(113.91, 22.4);(113.91, 22.8)",True
59276,2006-07-16 20:00:00,50.6,SURF,True,EXTREME_TYPE1,115,10,1,"(113.09, 22.8)",True
59656,2006-07-16 20:00:00,1.1,SURF,True,EXTREME_TYPE1,18,11,8,"(110.23, 21.2);(110.23, 21.6);(110.64, 21.2);(110.64, 21.6);(110.64, 22.0);(111.05, 21.6);(111.05, 22.0);(111.45, 21.6)",True
59476,2006-07-17 00:00:00,33.4,SURF,True,EXTREME_TYPE1,102,11,7,"(112.68, 22.4);(112.68, 22.8);(113.09, 22.4);(113.09, 22.8);(113.09, 23.2);(113.5, 22.4);(113.5, 22.8)",True
59310,2006-07-17 01:00:00,37.6,SURF,True,EXTREME_TYPE1,44,12,9,"(115.55, 23.6);(115.55, 24.0);(115.95, 23.2);(115.95, 23.6);(115.95, 24.0);(116.36, 23.2);(116.36, 23.6);(116.36, 24.0);(116.77, 23.6)",True
59312,2006-07-17 21:00:00,21.8,SURF,True,EXTREME_TYPE1,26,10,10,"(115.95, 23.6);(116.36, 23.2);(116.36, 23.6);(116.36, 24.0);(116.77, 23.2);(116.77, 23.6);(116.77, 24.0);(117.18, 23.2);(117.18, 23.6);(117.18, 24.0)",True
59654,2006-07-18 15:00:00,54.4,SURF,True,FALSE,27,10,0,,True
59750,2006-07-18 17:00:00,64.3,SURF,True,FALSE,26,11,0,,True
59492,2006-07-25 22:00:00,55.0,SURF,True,EXTREME_TYPE1,13,11,10,"(114.32, 22.4);(114.32, 22.8);(114.32, 23.2);(114.32, 23.6);(114.73, 22.4);(114.73, 22.8);(114.73, 23.2);(114.73, 23.6);(115.14, 22.8);(115.14, 23.2)",True
59094,2006-07-26 05:00:00,7.6,SURF,True,EXTREME_TYPE1,9,12,12,"(113.5, 24.0);(113.5, 24.4);(113.5, 24.8);(113.91, 24.0);(113.91, 24.4);(113.91, 24.8);(114.32, 24.0);(114.32, 24.4);(114.32, 24.8);(114.73, 24.0);(114.73, 24.4);(114.73, 24.8)",True
59096,2006-07-26 10:00:00,25.6,SURF,True,EXTREME_TYPE1,5,12,6,"(114.32, 24.0);(114.73, 24.0);(114.73, 24.4);(115.14, 24.0);(115.14, 24.4);(115.14, 24.8)",True
59750,2006-07-26 12:00:00,6.4,SURF,True,EXTREME_TYPE1,27,11,5,"(109.82, 20.4);(109.82, 20.8);(110.23, 20.4);(110.23, 20.8);(110.64, 20.8)",True
59294,2006-07-26 17:00:00,1.9,SURF,True,EXTREME_TYPE1,58,11,11,"(113.09, 23.2);(113.5, 22.8);(113.5, 23.2);(113.5, 23.6);(113.91, 22.8);(113.91, 23.2);(113.91, 23.6);(113.91, 24.0);(114.32, 22.8);(114.32, 23.2);(114.32, 23.6)",True
59081,2006-07-27 02:00:00,5.1,SURF,True,EXTREME_TYPE1,17,12,12,"(112.68, 24.4);(112.68, 24.8);(112.68, 25.2);(113.09, 24.4);(113.09, 24.8);(113.09, 25.2);(113.5, 24.4);(113.5, 24.8);(113.5, 25.2);(113.91, 24.4);(113.91, 24.8);(113.91, 25.2)",True
59315,2006-07-27 02:00:00,66.9,SURF,True,EXTREME_TYPE1,34,10,9,"(115.95, 23.2);(115.95, 23.6);(115.95, 24.0);(116.36, 23.2);(116.36, 23.6);(116.36, 24.0);(116.77, 23.2);(116.77, 23.6);(116.77, 24.0)",True
59462,2006-07-27 15:00:00,12.2,SURF,True,EXTREME_TYPE1,41,11,11,"(111.05, 22.4);(111.05, 22.8);(111.05, 23.2);(111.45, 22.4);(111.45, 22.8);(111.45, 23.2);(111.86, 22.4);(111.86, 22.8);(111.86, 23.2);(112.27, 22.4);(112.27, 22.8)",True
59658,2006-07-28 07:00:00,34.0,SURF,True,EXTREME_TYPE1,20,10,6,"(109.82, 21.2);(109.82, 21.6);(110.23, 21.2);(110.23, 21.6);(110.64, 21.2);(110.64, 21.6)",True
59081,2006-08-02 02:00:00,2.6,SURF,True,EXTREME_TYPE1,16,12,12,"(112.68, 24.4);(112.68, 24.8);(112.68, 25.2);(113.09, 24.4);(113.09, 24.8);(113.09, 25.2);(113.5, 24.4);(113.5, 24.8);(113.5, 25.2);(113.91, 24.4);(113.91, 24.8);(113.91, 25.2)",True
59502,2006-08-02 17:00:00,55.9,SURF,True,EXTREME_TYPE1,50,12,5,"(115.14, 22.8);(115.14, 23.2);(115.55, 22.4);(115.55, 22.8);(115.55, 23.2)",True
59501,2006-08-03 05:00:00,52.6,SURF,True,EXTREME_TYPE1,38,12,2,"(114.73, 22.8);(114.73, 23.2)",True
59288,2006-08-03 19:00:00,19.4,SURF,True,EXTREME_TYPE1,121,10,10,"(112.27, 23.2);(112.68, 22.8);(112.68, 23.2);(112.68, 23.6);(113.09, 22.8);(113.09, 23.2);(113.09, 23.6);(113.5, 22.8);(113.5, 23.2);(113.5, 23.6)",True
59664,2006-08-03 21:00:00,73.3,SURF,True,FALSE,7,10,0,,True
59655,2006-08-03 23:00:00,50.5,SURF,True,FALSE,10,10,0,,True
59656,2006-08-04 07:00:00,6.8,SURF,True,EXTREME_TYPE1,7,11,11,"(110.23, 21.2);(110.23, 21.6);(110.64, 20.8);(110.64, 21.2);(110.64, 21.6);(110.64, 22.0);(111.05, 21.2);(111.05, 21.6);(111.05, 22.0);(111.45, 21.2);(111.45, 21.6)",True
59473,2006-08-04 08:00:00,44.6,SURF,True,EXTREME_TYPE1,149,10,10,"(112.27, 22.8);(112.68, 22.4);(112.68, 22.8);(112.68, 23.2);(113.09, 22.4);(113.09, 22.8);(113.09, 23.2);(113.5, 22.4);(113.5, 22.8);(113.5, 23.2)",True
59477,2006-08-04 10:00:00,23.5,SURF,True,EXTREME_TYPE1,79,10,3,"(112.27, 22.8);(112.68, 22.4);(112.68, 22.8)",True
59754,2006-08-04 12:00:00,30.2,SURF,True,EXTREME_TYPE1,19,5,4,"(109.82, 20.4);(109.82, 20.8);(110.23, 20.4);(110.23, 20.8)",True
59456,2006-08-05 02:00:00,40.4,SURF,True,FALSE,22,10,0,,True
59284,2006-08-08 22:00:00,17.7,SURF,True,EXTREME_TYPE1,108,12,7,"(112.68, 23.2);(113.09, 22.8);(113.09, 23.2);(113.09, 23.6);(113.5, 22.8);(113.5, 23.2);(113.91, 23.2)",True
59655,2006-08-09 17:00:00,97.3,SURF,True,FALSE,10,10,0,,True
59492,2006-08-10 01:00:00,3.6,SURF,True,EXTREME_TYPE1,12,11,10,"(114.32, 22.4);(114.32, 22.8);(114.32, 23.2);(114.32, 23.6);(114.73, 22.4);(114.73, 22.8);(114.73, 23.2);(114.73, 23.6);(115.14, 22.8);(115.14, 23.2)",True
59478,2006-08-10 08:00:00,33.7,SURF,True,EXTREME_TYPE1,87,12,8,"(112.27, 22.0);(112.27, 22.4);(112.68, 22.0);(112.68, 22.4);(112.68, 22.8);(113.09, 22.0);(113.09, 22.4);(113.09, 22.8)",True
59650,2006-08-11 19:00:00,12.0,SURF,True,EXTREME_TYPE1,12,11,4,"(110.23, 21.6);(110.23, 22.0);(110.64, 21.6);(110.64, 22.0)",True
59488,2006-08-19 02:00:00,30.6,SURF,True,EXTREME_TYPE1,46,11,11,"(113.09, 22.0);(113.09, 22.4);(113.09, 22.8);(113.5, 21.6);(113.5, 22.0);(113.5, 22.4);(113.5, 22.8);(113.91, 22.0);(113.91, 22.4);(113.91, 22.8);(114.32, 22.4)",True
59318,2006-08-23 06:00:00,12.8,SURF,True,EXTREME_TYPE1,36,12,6,"(115.95, 23.2);(115.95, 23.6);(116.36, 23.2);(116.36, 23.6);(116.36, 24.0);(116.77, 23.6)",True
59653,2006-08-24 20:00:00,84.7,SURF,True,EXTREME_TYPE1,12,11,2,"(111.05, 22.4);(111.45, 22.4)",True
59493,2006-08-25 01:00:00,6.2,SURF,True,EXTREME_TYPE1,46,13,13,"(113.5, 22.0);(113.5, 22.4);(113.5, 22.8);(113.91, 22.0);(113.91, 22.4);(113.91, 22.8);(113.91, 23.2);(114.32, 22.0);(114.32, 22.4);(114.32, 22.8);(114.32, 23.2);(114.73, 22.4);(114.73, 22.8)",True
59488,2006-08-25 12:00:00,1.2,SURF,True,EXTREME_TYPE1,49,11,11,"(113.09, 22.0);(113.09, 22.4);(113.09, 22.8);(113.5, 21.6);(113.5, 22.0);(113.5, 22.4);(113.5, 22.8);(113.91, 22.0);(113.91, 22.4);(113.91, 22.8);(114.32, 22.4)",True
59298,2006-08-26 01:00:00,14.2,SURF,True,EXTREME_TYPE1,26,11,11,"(113.91, 22.8);(113.91, 23.2);(113.91, 23.6);(114.32, 22.4);(114.32, 22.8);(114.32, 23.2);(114.32, 23.6);(114.73, 22.8);(114.73, 23.2);(114.73, 23.6);(115.14, 23.2)",True
59456,2006-08-26 03:00:00,6.8,SURF,True,EXTREME_TYPE1,20,10,4,"(111.05, 22.0);(111.45, 22.0);(111.45, 22.4);(111.45, 22.8)",True
59456,2006-08-28 15:00:00,21.3,SURF,True,EXTREME_TYPE1,21,10,5,"(111.05, 22.0);(111.05, 22.8);(111.45, 22.0);(111.45, 22.4);(111.45, 22.8)",True
59469,2006-08-28 15:00:00,93.1,SURF,True,FALSE,18,11,0,,True
59485,2006-09-03 13:00:00,57.6,SURF,True,FALSE,154,12,0,,True
57996,2006-09-05 06:00:00,57.1,SURF,True,EXTREME_TYPE1,5,10,9,"(113.91, 24.8);(113.91, 25.2);(113.91, 25.6);(114.32, 24.4);(114.32, 24.8);(114.32, 25.2);(114.32, 25.6);(114.73, 24.8);(114.73, 25.2)",True
59087,2006-09-05 21:00:00,39.2,SURF,True,EXTREME_TYPE1,35,10,9,"(113.09, 23.6);(113.09, 24.0);(113.09, 24.4);(113.5, 23.2);(113.5, 23.6);(113.5, 24.0);(113.5, 24.4);(113.91, 23.6);(113.91, 24.0)",True
59288,2006-09-05 23:00:00,50.4,SURF,True,EXTREME_TYPE1,136,10,10,"(112.27, 23.2);(112.68, 22.8);(112.68, 23.2);(112.68, 23.6);(113.09, 22.8);(113.09, 23.2);(113.09, 23.6);(113.5, 22.8);(113.5, 23.2);(113.5, 23.6)",True
59487,2006-09-08 14:00:00,51.1,SURF,True,EXTREME_TYPE1,95,12,12,"(112.68, 22.0);(112.68, 22.4);(113.09, 21.6);(113.09, 22.0);(113.09, 22.4);(113.09, 22.8);(113.5, 21.6);(113.5, 22.0);(113.5, 22.4);(113.5, 22.8);(113.91, 22.0);(113.91, 22.4)",True
59473,2006-09-08 21:00:00,58.1,SURF,True,FALSE,183,10,0,,True
59109,2006-09-09 07:00:00,12.2,SURF,True,EXTREME_TYPE1,22,12,9,"(115.14, 24.0);(115.14, 24.4);(115.55, 23.6);(115.55, 24.0);(115.55, 24.4);(115.95, 23.6);(115.95, 24.0);(115.95, 24.4);(116.36, 24.0)",True
59304,2006-09-09 15:00:00,20.8,SURF,True,EXTREME_TYPE1,16,9,7,"(114.73, 23.2);(114.73, 23.6);(115.14, 23.2);(115.14, 23.6);(115.55, 23.2);(115.55, 23.6);(115.55, 24.0)",True
59310,2006-09-09 19:00:00,53.4,SURF,True,EXTREME_TYPE1,40,12,7,"(115.55, 23.6);(115.55, 24.0);(115.95, 23.2);(115.95, 23.6);(115.95, 24.0);(116.36, 23.2);(116.36, 23.6)",True
59276,2006-09-12 17:00:00,4.4,SURF,True,EXTREME_TYPE1,109,10,10,"(112.27, 22.8);(112.27, 23.2);(112.27, 23.6);(112.68, 22.8);(112.68, 23.2);(112.68, 23.6);(112.68, 24.0);(113.09, 22.8);(113.09, 23.2);(113.09, 23.6)",True
59487,2006-09-13 09:00:00,3.0,SURF,True,EXTREME_TYPE1,96,12,12,"(112.68, 22.0);(112.68, 22.4);(113.09, 21.6);(113.09, 22.0);(113.09, 22.4);(113.09, 22.8);(113.5, 21.6);(113.5, 22.0);(113.5, 22.4);(113.5, 22.8);(113.91, 22.0);(113.91, 22.4)",True
59284,2006-09-14 06:00:00,6.4,SURF,True,EXTREME_TYPE1,105,12,12,"(112.68, 23.2);(112.68, 23.6);(113.09, 22.8);(113.09, 23.2);(113.09, 23.6);(113.09, 24.0);(113.5, 22.8);(113.5, 23.2);(113.5, 23.6);(113.5, 24.0);(113.91, 23.2);(113.91, 23.6)",True
59485,2006-09-14 13:00:00,37.8,SURF,True,FALSE,153,12,0,,True
59477,2006-10-09 19:00:00,82.0,SURF,True,FALSE,77,10,0,,True
59087,2006-10-16 07:00:00,58.6,SURF,True,FALSE,38,10,0,,True
59279,2006-10-16 11:00:00,88.2,SURF,True,EXTREME_TYPE1,128,12,11,"(112.27, 22.8);(112.27, 23.2);(112.27, 23.6);(112.68, 22.8);(112.68, 23.2);(112.68, 23.6);(113.09, 22.8);(113.09, 23.2);(113.09, 23.6);(113.5, 22.8);(113.5, 23.2)",True
59750,2006-11-09 00:00:00,1.2,SURF,True,FALSE,20,11,0,,True
59750,2006-11-16 07:00:00,53.6,SURF,True,EXTREME_TYPE1,20,11,8,"(109.82, 20.4);(109.82, 20.8);(109.82, 21.2);(110.23, 20.4);(110.23, 20.8);(110.23, 21.2);(110.64, 20.8);(110.64, 21.2)",True
59288,2006-11-18 20:00:00,55.1,SURF,True,EXTREME_TYPE1,132,10,10,"(112.27, 23.2);(112.68, 22.8);(112.68, 23.2);(112.68, 23.6);(113.09, 22.8);(113.09, 23.2);(113.09, 23.6);(113.5, 22.8);(113.5, 23.2);(113.5, 23.6)",True
59088,2006-11-21 13:00:00,8.4,SURF,True,EXTREME_TYPE1,39,12,12,"(112.68, 24.0);(112.68, 24.4);(113.09, 23.6);(113.09, 24.0);(113.09, 24.4);(113.09, 24.8);(113.5, 23.6);(113.5, 24.0);(113.5, 24.4);(113.5, 24.8);(113.91, 24.0);(113.91, 24.4)",True
59493,2006-11-21 19:00:00,20.6,SURF,True,EXTREME_TYPE1,59,13,13,"(113.5, 22.0);(113.5, 22.4);(113.5, 22.8);(113.91, 22.0);(113.91, 22.4);(113.91, 22.8);(113.91, 23.2);(114.32, 22.0);(114.32, 22.4);(114.32, 22.8);(114.32, 23.2);(114.73, 22.4);(114.73, 22.8)",True
59493,2006-11-22 01:00:00,7.7,SURF,True,EXTREME_TYPE1,59,13,13,"(113.5, 22.0);(113.5, 22.4);(113.5, 22.8);(113.91, 22.0);(113.91, 22.4);(113.91, 22.8);(113.91, 23.2);(114.32, 22.0);(114.32, 22.4);(114.32, 22.8);(114.32, 23.2);(114.73, 22.4);(114.73, 22.8)",True
59659,2006-12-14 06:00:00,1.2,SURF,True,EXTREME_TYPE1,25,12,12,"(110.23, 21.6);(110.23, 22.0);(110.64, 21.2);(110.64, 21.6);(110.64, 22.0);(110.64, 22.4);(111.05, 21.2);(111.05, 21.6);(111.05, 22.0);(111.05, 22.4);(111.45, 21.6);(111.45, 22.0)",True
59324,2007-01-17 14:00:00,2.4,SURF,True,EXTREME_TYPE1,11,10,10,"(116.36, 23.2);(116.36, 23.6);(116.77, 22.8);(116.77, 23.2);(116.77, 23.6);(116.77, 24.0);(117.18, 23.2);(117.18, 23.6);(117.18, 24.0);(117.59, 23.6)",True
59313,2007-01-17 18:00:00,5.9,SURF,True,EXTREME_TYPE1,11,9,9,"(116.36, 23.6);(116.36, 24.0);(116.77, 23.2);(116.77, 23.6);(116.77, 24.0);(117.18, 23.2);(117.18, 23.6);(117.18, 24.0);(117.59, 23.6)",True
59116,2007-01-21 10:00:00,5.4,SURF,True,EXTREME_TYPE1,10,9,6,"(115.95, 24.4);(116.36, 24.0);(116.36, 24.4);(116.36, 24.8);(116.77, 24.0);(116.77, 24.4)",True
59074,2007-02-16 06:00:00,8.4,SURF,True,EXTREME_TYPE1,34,9,9,"(111.86, 24.0);(111.86, 24.4);(111.86, 24.8);(112.27, 24.0);(112.27, 24.4);(112.27, 24.8);(112.27, 25.2);(112.68, 24.4);(112.68, 24.8)",True
G2173,2007-02-25 00:00:00,167.8,AWST,False,FALSE,237,11,0,,True
G2173,2007-02-25 06:00:00,463.9,AWST,False,FALSE,237,11,0,,True
G2173,2007-02-25 07:00:00,721.7,AWST,False,FALSE,237,11,0,,True
G2173,2007-02-25 08:00:00,188.0,AWST,False,FALSE,237,11,0,,True
G2173,2007-02-26 10:00:00,19.7,AWST,False,FALSE,237,11,0,,True
G2173,2007-02-26 16:00:00,22.2,AWST,False,FALSE,237,11,0,,True
G2173,2007-02-26 18:00:00,531.0,AWST,False,FALSE,235,11,0,,True
G2173,2007-02-26 19:00:00,72.6,AWST,False,FALSE,236,11,0,,True
G2173,2007-02-26 22:00:00,742.1,AWST,False,FALSE,235,11,0,,True
G2173,2007-02-26 23:00:00,744.4,AWST,False,FALSE,235,11,0,,True
G2173,2007-02-27 02:00:00,412.0,AWST,False,FALSE,234,11,0,,True
G2173,2007-02-27 11:00:00,231.7,AWST,False,FALSE,234,11,0,,True
G2173,2007-02-27 12:00:00,115.4,AWST,False,FALSE,234,11,0,,True
G1741,2007-03-16 06:00:00,131.3,AWST,False,FALSE,45,11,0,,True
G1741,2007-03-16 07:00:00,74.6,AWST,False,FALSE,45,11,0,,True
G1741,2007-03-16 10:00:00,2.1,AWST,False,FALSE,44,11,0,,True
G1741,2007-03-17 01:00:00,168.6,AWST,False,FALSE,39,11,0,,True
G1741,2007-03-17 03:00:00,450.3,AWST,False,FALSE,39,11,0,,True
G1741,2007-03-17 07:00:00,21.5,AWST,False,FALSE,39,11,0,,True
G1741,2007-03-17 13:00:00,10.2,AWST,False,FALSE,39,11,0,,True
G1741,2007-03-17 14:00:00,232.3,AWST,False,FALSE,39,11,0,,True
59290,2007-03-27 10:00:00,9.0,SURF,True,EXTREME_TYPE1,35,11,11,"(113.5, 23.6);(113.91, 23.2);(113.91, 23.6);(113.91, 24.0);(113.91, 24.4);(114.32, 23.2);(114.32, 23.6);(114.32, 24.0);(114.32, 24.4);(114.73, 23.6);(114.73, 24.0)",True
59297,2007-04-02 11:00:00,29.4,SURF,True,EXTREME_TYPE1,45,10,10,"(113.5, 23.2);(113.91, 22.8);(113.91, 23.2);(113.91, 23.6);(114.32, 22.8);(114.32, 23.2);(114.32, 23.6);(114.73, 22.8);(114.73, 23.2);(114.73, 23.6)",True
59306,2007-04-02 13:00:00,57.4,SURF,True,EXTREME_TYPE1,63,12,12,"(115.14, 23.2);(115.14, 23.6);(115.55, 22.8);(115.55, 23.2);(115.55, 23.6);(115.55, 24.0);(115.95, 22.8);(115.95, 23.2);(115.95, 23.6);(115.95, 24.0);(116.36, 23.2);(116.36, 23.6)",True
59502,2007-04-02 14:00:00,3.4,SURF,True,EXTREME_TYPE1,55,12,12,"(115.14, 22.8);(115.14, 23.2);(115.55, 22.4);(115.55, 22.8);(115.55, 23.2);(115.55, 23.6);(115.95, 22.4);(115.95, 22.8);(115.95, 23.2);(115.95, 23.6);(116.36, 22.8);(116.36, 23.2)",True
59298,2007-04-17 20:00:00,35.0,SURF,True,EXTREME_TYPE1,47,11,11,"(113.91, 22.8);(113.91, 23.2);(113.91, 23.6);(114.32, 22.4);(114.32, 22.8);(114.32, 23.2);(114.32, 23.6);(114.73, 22.8);(114.73, 23.2);(114.73, 23.6);(115.14, 23.2)",True
59316,2007-04-23 11:00:00,2.5,SURF,True,EXTREME_TYPE1,37,12,11,"(115.95, 23.2);(115.95, 23.6);(116.36, 22.8);(116.36, 23.2);(116.36, 23.6);(116.36, 24.0);(116.77, 23.2);(116.77, 23.6);(116.77, 24.0);(117.18, 23.2);(117.18, 23.6)",True
59475,2007-04-24 11:00:00,60.0,SURF,True,EXTREME_TYPE1,235,9,9,"(112.27, 22.0);(112.27, 22.4);(112.27, 22.8);(112.68, 22.0);(112.68, 22.4);(112.68, 22.8);(113.09, 22.0);(113.09, 22.4);(113.09, 22.8)",True
59270,2007-04-28 03:00:00,3.8,SURF,True,EXTREME_TYPE1,41,10,10,"(111.45, 24.0);(111.86, 23.6);(111.86, 24.0);(111.86, 24.4);(112.27, 23.6);(112.27, 24.0);(112.27, 24.4);(112.68, 23.6);(112.68, 24.0);(112.68, 24.4)",True
59658,2007-04-29 18:00:00,52.8,SURF,True,EXTREME_TYPE1,20,10,10,"(109.82, 20.8);(109.82, 21.2);(109.82, 21.6);(110.23, 20.8);(110.23, 21.2);(110.23, 21.6);(110.64, 20.8);(110.64, 21.2);(110.64, 21.6);(111.05, 21.2)",True
59754,2007-04-29 18:00:00,63.6,SURF,True,EXTREME_TYPE1,19,5,5,"(109.82, 20.4);(109.82, 20.8);(110.23, 20.4);(110.23, 20.8);(110.64, 20.8)",True
59287,2007-04-30 05:00:00,11.2,SURF,True,EXTREME_TYPE1,143,9,9,"(113.09, 22.8);(113.09, 23.2);(113.09, 23.6);(113.5, 22.8);(113.5, 23.2);(113.5, 23.6);(113.91, 22.8);(113.91, 23.2);(113.91, 23.6)",True
59653,2007-05-04 15:00:00,34.9,SURF,True,EXTREME_TYPE1,40,11,11,"(110.23, 21.6);(110.23, 22.0);(110.64, 21.6);(110.64, 22.0);(110.64, 22.4);(111.05, 21.6);(111.05, 22.0);(111.05, 22.4);(111.45, 21.6);(111.45, 22.0);(111.45, 22.4)",True
59659,2007-05-04 16:00:00,30.7,SURF,True,EXTREME_TYPE1,42,12,11,"(110.23, 21.6);(110.64, 21.2);(110.64, 21.6);(110.64, 22.0);(110.64, 22.4);(111.05, 21.2);(111.05, 21.6);(111.05, 22.0);(111.05, 22.4);(111.45, 21.6);(111.45, 22.0)",True
59500,2007-05-05 10:00:00,23.1,SURF,True,EXTREME_TYPE1,51,12,12,"(114.73, 22.8);(114.73, 23.2);(115.14, 22.4);(115.14, 22.8);(115.14, 23.2);(115.14, 23.6);(115.55, 22.4);(115.55, 22.8);(115.55, 23.2);(115.55, 23.6);(115.95, 22.8);(115.95, 23.2)",True
59297,2007-05-16 20:00:00,7.4,SURF,True,EXTREME_TYPE1,46,10,10,"(113.5, 23.2);(113.91, 22.8);(113.91, 23.2);(113.91, 23.6);(114.32, 22.8);(114.32, 23.2);(114.32, 23.6);(114.73, 22.8);(114.73, 23.2);(114.73, 23.6)",True
59493,2007-05-18 18:00:00,31.1,SURF,True,EXTREME_TYPE1,65,13,13,"(113.5, 22.0);(113.5, 22.4);(113.5, 22.8);(113.91, 22.0);(113.91, 22.4);(113.91, 22.8);(113.91, 23.2);(114.32, 22.0);(114.32, 22.4);(114.32, 22.8);(114.32, 23.2);(114.73, 22.4);(114.73, 22.8)",True
59293,2007-05-20 04:00:00,6.5,SURF,True,EXTREME_TYPE1,31,11,11,"(114.32, 23.2);(114.32, 23.6);(114.32, 24.0);(114.73, 23.2);(114.73, 23.6);(114.73, 24.0);(114.73, 24.4);(115.14, 23.2);(115.14, 23.6);(115.14, 24.0);(115.14, 24.4)",True
59481,2007-05-20 04:00:00,13.7,SURF,True,EXTREME_TYPE1,231,12,12,"(112.68, 22.8);(112.68, 23.2);(113.09, 22.4);(113.09, 22.8);(113.09, 23.2);(113.09, 23.6);(113.5, 22.4);(113.5, 22.8);(113.5, 23.2);(113.5, 23.6);(113.91, 22.8);(113.91, 23.2)",True
59664,2007-05-20 07:00:00,71.7,SURF,True,EXTREME_TYPE1,40,10,10,"(110.23, 21.6);(110.64, 21.2);(110.64, 21.6);(110.64, 22.0);(111.05, 21.2);(111.05, 21.6);(111.05, 22.0);(111.45, 21.2);(111.45, 21.6);(111.45, 22.0)",True
59673,2007-05-20 10:00:00,52.9,SURF,True,EXTREME_TYPE1,13,8,8,"(112.27, 21.6);(112.27, 22.0);(112.68, 21.6);(112.68, 22.0);(112.68, 22.4);(113.09, 21.6);(113.09, 22.0);(113.5, 21.6)",True
59087,2007-05-26 04:00:00,88.2,SURF,True,FALSE,43,10,0,,True
59285,2007-05-26 05:00:00,54.9,SURF,True,EXTREME_TYPE1,87,10,10,"(113.09, 23.2);(113.09, 23.6);(113.09, 24.0);(113.5, 23.2);(113.5, 23.6);(113.5, 24.0);(113.91, 23.2);(113.91, 23.6);(113.91, 24.0);(114.32, 23.6)",True
59294,2007-05-26 16:00:00,8.0,SURF,True,EXTREME_TYPE1,88,11,11,"(113.09, 23.2);(113.5, 22.8);(113.5, 23.2);(113.5, 23.6);(113.91, 22.8);(113.91, 23.2);(113.91, 23.6);(113.91, 24.0);(114.32, 22.8);(114.32, 23.2);(114.32, 23.6)",True
59456,2007-05-26 16:00:00,41.7,SURF,True,EXTREME_TYPE1,33,10,3,"(111.05, 22.0);(111.45, 22.0);(111.45, 22.4)",True
59476,2007-05-27 15:00:00,50.9,SURF,True,EXTREME_TYPE1,278,11,11,"(112.27, 22.4);(112.68, 22.0);(112.68, 22.4);(112.68, 22.8);(113.09, 22.0);(113.09, 22.4);(113.09, 22.8);(113.09, 23.2);(113.5, 22.0);(113.5, 22.4);(113.5, 22.8)",True
59315,2007-05-28 16:00:00,7.1,SURF,True,EXTREME_TYPE1,36,10,10,"(115.95, 23.2);(115.95, 23.6);(115.95, 24.0);(116.36, 23.2);(116.36, 23.6);(116.36, 24.0);(116.77, 23.2);(116.77, 23.6);(116.77, 24.0);(117.18, 23.6)",True
59650,2007-05-28 23:00:00,70.5,SURF,True,EXTREME_TYPE1,30,11,8,"(109.82, 21.2);(109.82, 21.6);(110.23, 20.8);(110.23, 21.2);(110.23, 21.6);(110.64, 20.8);(110.64, 21.2);(110.64, 21.6)",True
59269,2007-06-03 16:00:00,41.5,SURF,True,EXTREME_TYPE1,49,9,8,"(111.45, 22.8);(111.45, 23.2);(111.45, 23.6);(111.86, 22.8);(111.86, 23.2);(111.86, 23.6);(112.27, 22.8);(112.27, 23.2)",True
59114,2007-06-03 21:00:00,64.8,SURF,True,EXTREME_TYPE1,8,10,7,"(115.55, 24.4);(115.55, 24.8);(115.95, 24.0);(115.95, 24.4);(115.95, 24.8);(116.36, 24.4);(116.36, 24.8)",True
59097,2007-06-08 02:00:00,16.5,SURF,True,EXTREME_TYPE1,32,10,10,"(113.5, 24.0);(113.91, 23.6);(113.91, 24.0);(113.91, 24.4);(114.32, 23.6);(114.32, 24.0);(114.32, 24.4);(114.73, 23.6);(114.73, 24.0);(114.73, 24.4)",True
59109,2007-06-09 05:00:00,21.4,SURF,True,EXTREME_TYPE1,25,12,12,"(115.14, 24.0);(115.14, 24.4);(115.55, 23.6);(115.55, 24.0);(115.55, 24.4);(115.55, 24.8);(115.95, 23.6);(115.95, 24.0);(115.95, 24.4);(115.95, 24.8);(116.36, 24.0);(116.36, 24.4)",True
59456,2007-06-09 15:00:00,24.5,SURF,True,EXTREME_TYPE1,35,10,9,"(110.64, 22.0);(110.64, 22.4);(110.64, 22.8);(111.05, 22.0);(111.05, 22.4);(111.05, 22.8);(111.45, 22.0);(111.45, 22.4);(111.45, 22.8)",True
59087,2007-06-09 22:00:00,67.8,SURF,True,EXTREME_TYPE1,42,10,10,"(113.09, 23.6);(113.09, 24.0);(113.09, 24.4);(113.5, 23.2);(113.5, 23.6);(113.5, 24.0);(113.5, 24.4);(113.91, 23.6);(113.91, 24.0);(113.91, 24.4)",True
59294,2007-06-10 01:00:00,59.1,SURF,True,EXTREME_TYPE1,69,11,11,"(113.09, 23.2);(113.5, 22.8);(113.5, 23.2);(113.5, 23.6);(113.91, 22.8);(113.91, 23.2);(113.91, 23.6);(113.91, 24.0);(114.32, 22.8);(114.32, 23.2);(114.32, 23.6)",True
59456,2007-06-10 05:00:00,30.3,SURF,True,EXTREME_TYPE1,35,10,10,"(110.23, 22.4);(110.64, 22.0);(110.64, 22.4);(110.64, 22.8);(111.05, 22.0);(111.05, 22.4);(111.05, 22.8);(111.45, 22.0);(111.45, 22.4);(111.45, 22.8)",True
59289,2007-06-11 22:00:00,65.7,SURF,True,FALSE,81,12,0,,True
59280,2007-06-12 08:00:00,62.2,SURF,True,FALSE,70,10,0,,True
59288,2007-06-12 15:00:00,73.7,SURF,True,FALSE,150,10,0,,True
59502,2007-06-13 07:00:00,21.3,SURF,True,EXTREME_TYPE1,50,12,12,"(115.14, 22.8);(115.14, 23.2);(115.55, 22.4);(115.55, 22.8);(115.55, 23.2);(115.55, 23.6);(115.95, 22.4);(115.95, 22.8);(115.95, 23.2);(115.95, 23.6);(116.36, 22.8);(116.36, 23.2)",True
59317,2007-06-13 08:00:00,28.5,SURF,True,EXTREME_TYPE1,42,9,9,"(115.95, 22.4);(115.95, 22.8);(115.95, 23.2);(115.95, 23.6);(116.36, 22.8);(116.36, 23.2);(116.36, 23.6);(116.77, 22.8);(116.77, 23.2)",True
59656,2007-06-15 18:00:00,2.5,SURF,True,EXTREME_TYPE1,31,11,10,"(110.23, 21.2);(110.23, 21.6);(110.64, 20.8);(110.64, 21.2);(110.64, 21.6);(111.05, 21.2);(111.05, 21.6);(111.05, 22.0);(111.45, 21.2);(111.45, 21.6)",True
59304,2007-06-16 23:00:00,20.6,SURF,True,EXTREME_TYPE1,47,9,9,"(114.73, 23.2);(114.73, 23.6);(114.73, 24.0);(115.14, 23.2);(115.14, 23.6);(115.14, 24.0);(115.55, 23.2);(115.55, 23.6);(115.55, 24.0)",True
59663,2007-06-17 07:00:00,38.7,SURF,True,EXTREME_TYPE1,51,11,10,"(111.45, 21.6);(111.45, 22.0);(111.86, 21.2);(111.86, 21.6);(111.86, 22.0);(111.86, 22.4);(112.27, 21.6);(112.27, 22.0);(112.27, 22.4);(112.68, 21.6)",True
59109,2007-06-17 14:00:00,32.4,SURF,True,EXTREME_TYPE1,25,12,6,"(115.14, 24.0);(115.55, 23.6);(115.55, 24.0);(115.95, 23.6);(115.95, 24.0);(116.36, 24.0)",True
59501,2007-06-27 11:00:00,28.5,SURF,True,EXTREME_TYPE1,49,12,1,"(115.95, 23.2)",True
59462,2007-06-27 17:00:00,58.6,SURF,True,FALSE,57,11,0,,True
59462,2007-06-27 18:00:00,11.3,SURF,True,EXTREME_TYPE1,57,11,11,"(111.05, 22.4);(111.05, 22.8);(111.05, 23.2);(111.45, 22.4);(111.45, 22.8);(111.45, 23.2);(111.86, 22.4);(111.86, 22.8);(111.86, 23.2);(112.27, 22.4);(112.27, 22.8)",True
59488,2007-06-27 22:00:00,21.3,SURF,True,EXTREME_TYPE1,36,11,11,"(113.09, 22.0);(113.09, 22.4);(113.09, 22.8);(113.5, 21.6);(113.5, 22.0);(113.5, 22.4);(113.5, 22.8);(113.91, 22.0);(113.91, 22.4);(113.91, 22.8);(114.32, 22.4)",True
59502,2007-06-28 01:00:00,50.9,SURF,True,EXTREME_TYPE1,50,12,8,"(115.14, 22.8);(115.14, 23.2);(115.55, 22.4);(115.55, 22.8);(115.55, 23.2);(115.55, 23.6);(115.95, 22.8);(115.95, 23.2)",True
59485,2007-06-29 19:00:00,6.7,SURF,True,EXTREME_TYPE1,178,12,12,"(112.68, 22.4);(112.68, 22.8);(113.09, 22.0);(113.09, 22.4);(113.09, 22.8);(113.5, 22.0);(113.5, 22.4);(113.5, 22.8);(113.5, 23.2);(113.91, 22.0);(113.91, 22.4);(113.91, 22.8)",True
59294,2007-06-29 22:00:00,10.8,SURF,True,EXTREME_TYPE1,70,11,11,"(113.09, 23.2);(113.5, 22.8);(113.5, 23.2);(113.5, 23.6);(113.91, 22.8);(113.91, 23.2);(113.91, 23.6);(113.91, 24.0);(114.32, 22.8);(114.32, 23.2);(114.32, 23.6)",True
59276,2007-06-30 18:00:00,23.6,SURF,True,EXTREME_TYPE1,135,10,10,"(112.27, 22.8);(112.27, 23.2);(112.27, 23.6);(112.68, 22.8);(112.68, 23.2);(112.68, 23.6);(112.68, 24.0);(113.09, 22.8);(113.09, 23.2);(113.09, 23.6)",True
59673,2007-07-01 06:00:00,53.7,SURF,True,EXTREME_TYPE1,13,8,7,"(112.27, 21.6);(112.27, 22.0);(112.68, 21.6);(112.68, 22.0);(112.68, 22.4);(113.09, 21.6);(113.09, 22.0)",True
59655,2007-07-31 12:00:00,58.3,SURF,True,FALSE,40,10,0,,True
59485,2007-08-01 14:00:00,4.3,SURF,True,EXTREME_TYPE1,267,12,12,"(112.68, 22.4);(112.68, 22.8);(113.09, 22.0);(113.09, 22.4);(113.09, 22.8);(113.5, 22.0);(113.5, 22.4);(113.5, 22.8);(113.5, 23.2);(113.91, 22.0);(113.91, 22.4);(113.91, 22.8)",True
59754,2007-08-01 15:00:00,55.4,SURF,True,FALSE,19,5,0,,True
59268,2007-08-08 20:00:00,51.2,SURF,True,EXTREME_TYPE1,52,9,8,"(111.05, 22.8);(111.05, 23.2);(111.45, 22.8);(111.45, 23.2);(111.45, 23.6);(111.86, 22.8);(111.86, 23.2);(111.86, 23.6)",True
59324,2007-08-09 08:00:00,56.3,SURF,True,EXTREME_TYPE1,10,10,10,"(116.36, 23.2);(116.36, 23.6);(116.77, 22.8);(116.77, 23.2);(116.77, 23.6);(116.77, 24.0);(117.18, 23.2);(117.18, 23.6);(117.18, 24.0);(117.59, 23.6)",True
59316,2007-08-09 12:00:00,50.7,SURF,True,EXTREME_TYPE1,35,12,12,"(115.95, 23.2);(115.95, 23.6);(116.36, 22.8);(116.36, 23.2);(116.36, 23.6);(116.36, 24.0);(116.77, 22.8);(116.77, 23.2);(116.77, 23.6);(116.77, 24.0);(117.18, 23.2);(117.18, 23.6)",True
59500,2007-08-10 01:00:00,12.0,SURF,True,EXTREME_TYPE1,43,12,9,"(114.73, 22.8);(115.14, 22.8);(115.14, 23.2);(115.55, 22.4);(115.55, 22.8);(115.55, 23.2);(115.55, 23.6);(115.95, 22.8);(115.95, 23.2)",True
59501,2007-08-10 17:00:00,1.0,SURF,True,EXTREME_TYPE1,43,12,12,"(114.73, 22.4);(114.73, 22.8);(114.73, 23.2);(115.14, 22.4);(115.14, 22.8);(115.14, 23.2);(115.55, 22.4);(115.55, 22.8);(115.55, 23.2);(115.95, 22.4);(115.95, 22.8);(115.95, 23.2)",True
59656,2007-08-11 08:00:00,1.2,SURF,True,EXTREME_TYPE1,30,11,11,"(110.23, 21.2);(110.23, 21.6);(110.64, 20.8);(110.64, 21.2);(110.64, 21.6);(110.64, 22.0);(111.05, 21.2);(111.05, 21.6);(111.05, 22.0);(111.45, 21.2);(111.45, 21.6)",True
59318,2007-08-11 18:00:00,3.1,SURF,True,EXTREME_TYPE1,35,12,12,"(115.95, 23.2);(115.95, 23.6);(116.36, 22.8);(116.36, 23.2);(116.36, 23.6);(116.36, 24.0);(116.77, 22.8);(116.77, 23.2);(116.77, 23.6);(116.77, 24.0);(117.18, 23.2);(117.18, 23.6)",True
59297,2007-08-11 22:00:00,37.3,SURF,True,EXTREME_TYPE1,45,10,10,"(113.5, 23.2);(113.91, 22.8);(113.91, 23.2);(113.91, 23.6);(114.32, 22.8);(114.32, 23.2);(114.32, 23.6);(114.73, 22.8);(114.73, 23.2);(114.73, 23.6)",True
59298,2007-08-12 08:00:00,24.5,SURF,True,EXTREME_TYPE1,40,11,11,"(113.91, 22.8);(113.91, 23.2);(113.91, 23.6);(114.32, 22.4);(114.32, 22.8);(114.32, 23.2);(114.32, 23.6);(114.73, 22.8);(114.73, 23.2);(114.73, 23.6);(115.14, 23.2)",True
59654,2007-08-13 09:00:00,25.3,SURF,True,EXTREME_TYPE1,33,10,10,"(109.82, 21.2);(109.82, 21.6);(109.82, 22.0);(110.23, 21.2);(110.23, 21.6);(110.23, 22.0);(110.64, 21.2);(110.64, 21.6);(110.64, 22.0);(111.05, 21.6)",True
59654,2007-08-13 10:00:00,5.6,SURF,True,EXTREME_TYPE1,33,10,10,"(109.82, 21.2);(109.82, 21.6);(109.82, 22.0);(110.23, 21.2);(110.23, 21.6);(110.23, 22.0);(110.64, 21.2);(110.64, 21.6);(110.64, 22.0);(111.05, 21.6)",True
59650,2007-08-13 11:00:00,34.2,SURF,True,EXTREME_TYPE1,31,11,7,"(109.82, 21.2);(109.82, 21.6);(110.23, 20.8);(110.23, 21.2);(110.23, 21.6);(110.64, 21.6);(110.64, 22.0)",True
59658,2007-08-13 13:00:00,60.2,SURF,True,EXTREME_TYPE1,21,10,10,"(109.82, 20.8);(109.82, 21.2);(109.82, 21.6);(110.23, 20.8);(110.23, 21.2);(110.23, 21.6);(110.64, 20.8);(110.64, 21.2);(110.64, 21.6);(111.05, 21.2)",True
59278,2007-08-13 15:00:00,18.0,SURF,True,EXTREME_TYPE1,218,12,12,"(111.86, 22.8);(111.86, 23.2);(112.27, 22.4);(112.27, 22.8);(112.27, 23.2);(112.27, 23.6);(112.68, 22.4);(112.68, 22.8);(112.68, 23.2);(112.68, 23.6);(113.09, 22.8);(113.09, 23.2)",True
59088,2007-08-13 19:00:00,53.5,SURF,True,EXTREME_TYPE1,43,12,12,"(112.68, 24.0);(112.68, 24.4);(113.09, 23.6);(113.09, 24.0);(113.09, 24.4);(113.09, 24.8);(113.5, 23.6);(113.5, 24.0);(113.5, 24.4);(113.5, 24.8);(113.91, 24.0);(113.91, 24.4)",True
59297,2007-08-14 19:00:00,30.7,SURF,True,EXTREME_TYPE1,45,10,8,"(113.5, 23.2);(113.91, 22.8);(113.91, 23.2);(113.91, 23.6);(114.32, 22.8);(114.32, 23.2);(114.32, 23.6);(114.73, 23.2)",True
59289,2007-08-16 18:00:00,31.8,SURF,True,EXTREME_TYPE1,160,12,12,"(113.09, 22.8);(113.09, 23.2);(113.5, 22.4);(113.5, 22.8);(113.5, 23.2);(113.5, 23.6);(113.91, 22.4);(113.91, 22.8);(113.91, 23.2);(113.91, 23.6);(114.32, 22.8);(114.32, 23.2)",True
59481,2007-08-16 21:00:00,3.3,SURF,True,EXTREME_TYPE1,256,12,12,"(112.68, 22.8);(112.68, 23.2);(113.09, 22.4);(113.09, 22.8);(113.09, 23.2);(113.09, 23.6);(113.5, 22.4);(113.5, 22.8);(113.5, 23.2);(113.5, 23.6);(113.91, 22.8);(113.91, 23.2)",True
59492,2007-08-19 22:00:00,19.3,SURF,True,EXTREME_TYPE1,38,11,11,"(114.32, 22.4);(114.32, 22.8);(114.32, 23.2);(114.32, 23.6);(114.73, 22.4);(114.73, 22.8);(114.73, 23.2);(114.73, 23.6);(115.14, 22.8);(115.14, 23.2);(115.14, 23.6)",True
59317,2007-08-20 01:00:00,14.1,SURF,True,EXTREME_TYPE1,47,9,9,"(115.95, 22.4);(115.95, 22.8);(115.95, 23.2);(115.95, 23.6);(116.36, 22.8);(116.36, 23.2);(116.36, 23.6);(116.77, 22.8);(116.77, 23.2)",True
59477,2007-08-22 08:00:00,1.7,SURF,True,EXTREME_TYPE1,144,10,8,"(111.86, 22.0);(111.86, 22.4);(112.27, 21.6);(112.27, 22.0);(112.27, 22.4);(112.68, 22.0);(112.68, 22.4);(112.68, 22.8)",True
59485,2007-08-25 23:00:00,1.6,SURF,True,EXTREME_TYPE1,266,12,12,"(112.68, 22.4);(112.68, 22.8);(113.09, 22.0);(113.09, 22.4);(113.09, 22.8);(113.5, 22.0);(113.5, 22.4);(113.5, 22.8);(113.5, 23.2);(113.91, 22.0);(113.91, 22.4);(113.91, 22.8)",True
59650,2007-08-26 19:00:00,26.2,SURF,True,EXTREME_TYPE1,31,11,9,"(109.82, 21.2);(109.82, 21.6);(109.82, 22.0);(110.23, 21.2);(110.23, 21.6);(110.23, 22.0);(110.64, 21.2);(110.64, 21.6);(110.64, 22.0)",True
59087,2007-08-27 14:00:00,17.0,SURF,True,EXTREME_TYPE1,43,10,10,"(113.09, 23.6);(113.09, 24.0);(113.09, 24.4);(113.5, 23.2);(113.5, 23.6);(113.5, 24.0);(113.5, 24.4);(113.91, 23.6);(113.91, 24.0);(113.91, 24.4)",True
59673,2007-08-28 05:00:00,12.6,SURF,True,FALSE,13,8,0,,True
59279,2007-09-02 03:00:00,56.4,SURF,True,EXTREME_TYPE1,147,12,12,"(112.27, 22.8);(112.27, 23.2);(112.27, 23.6);(112.68, 22.8);(112.68, 23.2);(112.68, 23.6);(113.09, 22.8);(113.09, 23.2);(113.09, 23.6);(113.5, 22.8);(113.5, 23.2);(113.5, 23.6)",True
59480,2007-09-02 06:00:00,51.8,SURF,True,EXTREME_TYPE1,230,10,10,"(112.68, 22.4);(112.68, 22.8);(112.68, 23.2);(113.09, 22.4);(113.09, 22.8);(113.09, 23.2);(113.5, 22.4);(113.5, 22.8);(113.5, 23.2);(113.91, 22.8)",True
59306,2007-09-02 16:00:00,67.5,SURF,True,FALSE,51,12,0,,True
59114,2007-09-02 20:00:00,92.8,SURF,True,FALSE,9,10,0,,True
59290,2007-09-03 16:00:00,8.4,SURF,True,EXTREME_TYPE1,39,11,11,"(113.5, 23.6);(113.91, 23.2);(113.91, 23.6);(113.91, 24.0);(113.91, 24.4);(114.32, 23.2);(114.32, 23.6);(114.32, 24.0);(114.32, 24.4);(114.73, 23.6);(114.73, 24.0)",True
59278,2007-09-03 21:00:00,53.5,SURF,True,EXTREME_TYPE1,197,12,12,"(111.86, 22.8);(111.86, 23.2);(112.27, 22.4);(112.27, 22.8);(112.27, 23.2);(112.27, 23.6);(112.68, 22.4);(112.68, 22.8);(112.68, 23.2);(112.68, 23.6);(113.09, 22.8);(113.09, 23.2)",True
59654,2007-09-04 04:00:00,67.4,SURF,True,FALSE,34,10,0,,True
59658,2007-09-11 02:00:00,56.5,SURF,True,FALSE,23,10,0,,True
59659,2007-09-17 19:00:00,25.8,SURF,True,EXTREME_TYPE1,41,12,6,"(110.23, 21.6);(110.23, 22.0);(110.64, 21.2);(110.64, 21.6);(110.64, 22.0);(111.05, 21.6)",True
59316,2007-09-24 17:00:00,32.3,SURF,True,EXTREME_TYPE1,30,12,12,"(115.95, 23.2);(115.95, 23.6);(116.36, 22.8);(116.36, 23.2);(116.36, 23.6);(116.36, 24.0);(116.77, 22.8);(116.77, 23.2);(116.77, 23.6);(116.77, 24.0);(117.18, 23.2);(117.18, 23.6)",True
59314,2007-09-25 03:00:00,18.0,SURF,True,EXTREME_TYPE1,45,12,12,"(115.55, 23.2);(115.55, 23.6);(115.95, 22.8);(115.95, 23.2);(115.95, 23.6);(115.95, 24.0);(116.36, 22.8);(116.36, 23.2);(116.36, 23.6);(116.36, 24.0);(116.77, 23.2);(116.77, 23.6)",True
G2171,2008-01-17 02:00:00,5.1,AWST,False,EXTREME_TYPE1,285,9,7,"(112.27, 22.4);(112.68, 22.0);(112.68, 22.4);(112.68, 22.8);(113.09, 22.0);(113.09, 22.4);(113.09, 22.8)",True
G2113,2008-01-17 09:00:00,1.6,AWST,False,EXTREME_TYPE1,321,10,10,"(112.27, 22.8);(112.68, 22.4);(112.68, 22.8);(112.68, 23.2);(113.09, 22.4);(113.09, 22.8);(113.09, 23.2);(113.5, 22.4);(113.5, 22.8);(113.5, 23.2)",True
G2109,2008-01-17 10:00:00,257.3,AWST,False,FALSE,195,10,0,,True
G2135,2008-01-17 10:00:00,51.9,AWST,False,FALSE,357,12,0,,True
G2164,2008-01-17 10:00:00,257.3,AWST,False,FALSE,195,11,0,,True
59074,2008-01-31 20:00:00,1.2,SURF,True,EXTREME_TYPE1,40,9,9,"(111.86, 24.0);(111.86, 24.4);(111.86, 24.8);(112.27, 24.0);(112.27, 24.4);(112.27, 24.8);(112.27, 25.2);(112.68, 24.4);(112.68, 24.8)",True
G1401,2008-02-02 02:00:00,947.3,AWST,False,FALSE,27,10,0,,True
G1402,2008-02-02 04:00:00,436.2,AWST,False,FALSE,25,11,0,,True
G1402,2008-02-02 08:00:00,411.2,AWST,False,FALSE,27,11,0,,True
59487,2008-02-05 09:00:00,1.7,SURF,True,EXTREME_TYPE1,219,12,12,"(112.68, 22.0);(112.68, 22.4);(113.09, 21.6);(113.09, 22.0);(113.09, 22.4);(113.09, 22.8);(113.5, 21.6);(113.5, 22.0);(113.5, 22.4);(113.5, 22.8);(113.91, 22.0);(113.91, 22.4)",True
59304,2008-02-25 12:00:00,2.6,SURF,True,EXTREME_TYPE1,55,9,9,"(114.73, 23.2);(114.73, 23.6);(114.73, 24.0);(115.14, 23.2);(115.14, 23.6);(115.14, 24.0);(115.55, 23.2);(115.55, 23.6);(115.55, 24.0)",True
59493,2008-03-26 07:00:00,4.6,SURF,True,EXTREME_TYPE1,109,13,13,"(113.5, 22.0);(113.5, 22.4);(113.5, 22.8);(113.91, 22.0);(113.91, 22.4);(113.91, 22.8);(113.91, 23.2);(114.32, 22.0);(114.32, 22.4);(114.32, 22.8);(114.32, 23.2);(114.73, 22.4);(114.73, 22.8)",True
59462,2008-03-31 14:00:00,58.0,SURF,True,EXTREME_TYPE1,103,11,9,"(111.05, 22.4);(111.05, 22.8);(111.05, 23.2);(111.45, 22.4);(111.45, 22.8);(111.45, 23.2);(111.86, 22.4);(111.86, 22.8);(111.86, 23.2)",True
59114,2008-04-10 23:00:00,5.1,SURF,True,EXTREME_TYPE1,20,10,10,"(115.55, 24.4);(115.55, 24.8);(115.95, 24.0);(115.95, 24.4);(115.95, 24.8);(116.36, 24.0);(116.36, 24.4);(116.36, 24.8);(116.77, 24.4);(116.77, 24.8)",True
59655,2008-04-13 00:00:00,52.3,SURF,True,EXTREME_TYPE1,52,10,9,"(110.23, 21.2);(110.23, 21.6);(110.23, 22.0);(110.64, 21.2);(110.64, 21.6);(110.64, 22.0);(110.64, 22.4);(111.05, 21.6);(111.05, 22.0)",True
59478,2008-04-19 14:00:00,15.3,SURF,True,EXTREME_TYPE1,257,12,12,"(112.27, 22.0);(112.27, 22.4);(112.68, 21.6);(112.68, 22.0);(112.68, 22.4);(112.68, 22.8);(113.09, 21.6);(113.09, 22.0);(113.09, 22.4);(113.09, 22.8);(113.5, 22.0);(113.5, 22.4)",True
59488,2008-04-19 15:00:00,15.3,SURF,True,EXTREME_TYPE1,122,11,11,"(113.09, 22.0);(113.09, 22.4);(113.09, 22.8);(113.5, 21.6);(113.5, 22.0);(113.5, 22.4);(113.5, 22.8);(113.91, 22.0);(113.91, 22.4);(113.91, 22.8);(114.32, 22.4)",True
59488,2008-04-19 17:00:00,52.7,SURF,True,EXTREME_TYPE1,122,11,11,"(113.09, 22.0);(113.09, 22.4);(113.09, 22.8);(113.5, 21.6);(113.5, 22.0);(113.5, 22.4);(113.5, 22.8);(113.91, 22.0);(113.91, 22.4);(113.91, 22.8);(114.32, 22.4)",True
59304,2008-04-19 23:00:00,1.8,SURF,True,EXTREME_TYPE1,72,9,9,"(114.73, 23.2);(114.73, 23.6);(114.73, 24.0);(115.14, 23.2);(115.14, 23.6);(115.14, 24.0);(115.55, 23.2);(115.55, 23.6);(115.55, 24.0)",True
59492,2008-04-20 00:00:00,33.5,SURF,True,EXTREME_TYPE1,54,11,11,"(114.32, 22.4);(114.32, 22.8);(114.32, 23.2);(114.32, 23.6);(114.73, 22.4);(114.73, 22.8);(114.73, 23.2);(114.73, 23.6);(115.14, 22.8);(115.14, 23.2);(115.14, 23.6)",True
59293,2008-04-20 01:00:00,12.6,SURF,True,EXTREME_TYPE1,46,11,11,"(114.32, 23.2);(114.32, 23.6);(114.32, 24.0);(114.73, 23.2);(114.73, 23.6);(114.73, 24.0);(114.73, 24.4);(115.14, 23.2);(115.14, 23.6);(115.14, 24.0);(115.14, 24.4)",True
59317,2008-04-20 06:00:00,83.2,SURF,True,EXTREME_TYPE1,55,9,8,"(115.95, 22.8);(115.95, 23.2);(115.95, 23.6);(116.36, 22.8);(116.36, 23.2);(116.36, 23.6);(116.77, 22.8);(116.77, 23.2)",True
59314,2008-04-20 08:00:00,77.2,SURF,True,EXTREME_TYPE1,65,12,11,"(115.55, 23.2);(115.55, 23.6);(115.95, 22.8);(115.95, 23.2);(115.95, 23.6);(116.36, 22.8);(116.36, 23.2);(116.36, 23.6);(116.36, 24.0);(116.77, 23.2);(116.77, 23.6)",True
59316,2008-04-20 11:00:00,62.4,SURF,True,EXTREME_TYPE1,43,12,12,"(115.95, 23.2);(115.95, 23.6);(116.36, 22.8);(116.36, 23.2);(116.36, 23.6);(116.36, 24.0);(116.77, 22.8);(116.77, 23.2);(116.77, 23.6);(116.77, 24.0);(117.18, 23.2);(117.18, 23.6)",True
59318,2008-04-20 12:00:00,52.9,SURF,True,EXTREME_TYPE1,43,12,12,"(115.95, 23.2);(115.95, 23.6);(116.36, 22.8);(116.36, 23.2);(116.36, 23.6);(116.36, 24.0);(116.77, 22.8);(116.77, 23.2);(116.77, 23.6);(116.77, 24.0);(117.18, 23.2);(117.18, 23.6)",True
59097,2008-04-20 19:00:00,21.0,SURF,True,EXTREME_TYPE1,35,10,10,"(113.5, 24.0);(113.91, 23.6);(113.91, 24.0);(113.91, 24.4);(114.32, 23.6);(114.32, 24.0);(114.32, 24.4);(114.73, 23.6);(114.73, 24.0);(114.73, 24.4)",True
59279,2008-05-04 22:00:00,32.8,SURF,True,EXTREME_TYPE1,225,12,12,"(112.27, 22.8);(112.27, 23.2);(112.27, 23.6);(112.68, 22.8);(112.68, 23.2);(112.68, 23.6);(113.09, 22.8);(113.09, 23.2);(113.09, 23.6);(113.5, 22.8);(113.5, 23.2);(113.5, 23.6)",True
59284,2008-05-05 02:00:00,28.9,SURF,True,EXTREME_TYPE1,170,12,12,"(112.68, 23.2);(112.68, 23.6);(113.09, 22.8);(113.09, 23.2);(113.09, 23.6);(113.09, 24.0);(113.5, 22.8);(113.5, 23.2);(113.5, 23.6);(113.5, 24.0);(113.91, 23.2);(113.91, 23.6)",True
59278,2008-05-05 05:00:00,69.9,SURF,True,EXTREME_TYPE1,286,12,12,"(111.86, 22.8);(111.86, 23.2);(112.27, 22.4);(112.27, 22.8);(112.27, 23.2);(112.27, 23.6);(112.68, 22.4);(112.68, 22.8);(112.68, 23.2);(112.68, 23.6);(113.09, 22.8);(113.09, 23.2)",True
59664,2008-05-06 05:00:00,83.3,SURF,True,EXTREME_TYPE1,57,10,10,"(110.23, 21.6);(110.64, 21.2);(110.64, 21.6);(110.64, 22.0);(111.05, 21.2);(111.05, 21.6);(111.05, 22.0);(111.45, 21.2);(111.45, 21.6);(111.45, 22.0)",True
59656,2008-05-06 06:00:00,47.1,SURF,True,EXTREME_TYPE1,41,11,11,"(110.23, 21.2);(110.23, 21.6);(110.64, 20.8);(110.64, 21.2);(110.64, 21.6);(110.64, 22.0);(111.05, 21.2);(111.05, 21.6);(111.05, 22.0);(111.45, 21.2);(111.45, 21.6)",True
G1705,2008-05-08 02:00:00,231.7,AWST,False,FALSE,63,11,0,,True
G1705,2008-05-08 03:00:00,131.0,AWST,False,FALSE,63,11,0,,True
59655,2008-05-19 06:00:00,72.6,SURF,True,FALSE,58,10,0,,True
59655,2008-05-19 07:00:00,30.0,SURF,True,EXTREME_TYPE1,58,10,9,"(110.23, 21.2);(110.23, 21.6);(110.23, 22.0);(110.64, 21.2);(110.64, 21.6);(110.64, 22.0);(111.05, 21.2);(111.05, 21.6);(111.05, 22.0)",True
59650,2008-05-19 09:00:00,27.0,SURF,True,EXTREME_TYPE1,46,11,10,"(109.82, 21.2);(109.82, 21.6);(110.23, 20.8);(110.23, 21.2);(110.23, 21.6);(110.23, 22.0);(110.64, 20.8);(110.64, 21.2);(110.64, 21.6);(110.64, 22.0)",True
59475,2008-05-22 14:00:00,29.0,SURF,True,FALSE,314,9,0,,True
59655,2008-05-22 17:00:00,28.2,SURF,True,FALSE,59,10,0,,True
59310,2008-05-23 15:00:00,33.4,SURF,True,EXTREME_TYPE1,72,12,11,"(115.55, 23.6);(115.55, 24.0);(115.95, 23.2);(115.95, 23.6);(115.95, 24.0);(115.95, 24.4);(116.36, 23.2);(116.36, 23.6);(116.36, 24.0);(116.77, 23.6);(116.77, 24.0)",True
59650,2008-05-25 15:00:00,9.3,SURF,True,EXTREME_TYPE1,48,11,10,"(109.82, 21.2);(109.82, 21.6);(109.82, 22.0);(110.23, 20.8);(110.23, 21.2);(110.23, 21.6);(110.23, 22.0);(110.64, 20.8);(110.64, 21.2);(110.64, 21.6)",True
59116,2008-05-27 08:00:00,20.7,SURF,True,EXTREME_TYPE1,14,9,9,"(115.95, 24.4);(116.36, 24.0);(116.36, 24.4);(116.36, 24.8);(116.77, 24.0);(116.77, 24.4);(116.77, 24.8);(117.18, 24.0);(117.18, 24.4)",True
59288,2008-05-27 14:00:00,9.7,SURF,True,EXTREME_TYPE1,226,10,10,"(112.27, 23.2);(112.68, 22.8);(112.68, 23.2);(112.68, 23.6);(113.09, 22.8);(113.09, 23.2);(113.09, 23.6);(113.5, 22.8);(113.5, 23.2);(113.5, 23.6)",True
59290,2008-05-29 04:00:00,53.9,SURF,True,EXTREME_TYPE1,34,11,11,"(113.5, 23.6);(113.91, 23.2);(113.91, 23.6);(113.91, 24.0);(113.91, 24.4);(114.32, 23.2);(114.32, 23.6);(114.32, 24.0);(114.32, 24.4);(114.73, 23.6);(114.73, 24.0)",True
59502,2008-05-29 12:00:00,67.4,SURF,True,FALSE,64,12,0,,True
59473,2008-05-29 18:00:00,12.6,SURF,True,EXTREME_TYPE1,340,10,10,"(112.27, 22.8);(112.68, 22.4);(112.68, 22.8);(112.68, 23.2);(113.09, 22.4);(113.09, 22.8);(113.09, 23.2);(113.5, 22.4);(113.5, 22.8);(113.5, 23.2)",True
59294,2008-05-30 08:00:00,54.7,SURF,True,EXTREME_TYPE1,108,11,11,"(113.09, 23.2);(113.5, 22.8);(113.5, 23.2);(113.5, 23.6);(113.91, 22.8);(113.91, 23.2);(113.91, 23.6);(113.91, 24.0);(114.32, 22.8);(114.32, 23.2);(114.32, 23.6)",True
59285,2008-05-30 09:00:00,16.0,SURF,True,EXTREME_TYPE1,109,10,10,"(113.09, 23.2);(113.09, 23.6);(113.09, 24.0);(113.5, 23.2);(113.5, 23.6);(113.5, 24.0);(113.91, 23.2);(113.91, 23.6);(113.91, 24.0);(114.32, 23.6)",True
59478,2008-05-30 15:00:00,59.6,SURF,True,EXTREME_TYPE1,253,12,12,"(112.27, 22.0);(112.27, 22.4);(112.68, 21.6);(112.68, 22.0);(112.68, 22.4);(112.68, 22.8);(113.09, 21.6);(113.09, 22.0);(113.09, 22.4);(113.09, 22.8);(113.5, 22.0);(113.5, 22.4)",True
59650,2008-05-30 19:00:00,57.1,SURF,True,EXTREME_TYPE1,49,11,8,"(109.82, 21.2);(109.82, 21.6);(110.23, 20.8);(110.23, 21.2);(110.23, 21.6);(110.64, 20.8);(110.64, 21.2);(110.64, 21.6)",True
59655,2008-05-30 21:00:00,95.2,SURF,True,FALSE,61,10,0,,True
59477,2008-06-01 18:00:00,49.0,SURF,True,EXTREME_TYPE1,215,10,9,"(111.86, 22.0);(111.86, 22.4);(111.86, 22.8);(112.27, 22.0);(112.27, 22.4);(112.27, 22.8);(112.68, 22.0);(112.68, 22.4);(112.68, 22.8)",True
59470,2008-06-06 10:00:00,22.9,SURF,True,EXTREME_TYPE1,204,10,10,"(111.45, 22.8);(111.86, 22.4);(111.86, 22.8);(111.86, 23.2);(112.27, 22.4);(112.27, 22.8);(112.27, 23.2);(112.68, 22.4);(112.68, 22.8);(112.68, 23.2)",True
59501,2008-06-07 20:00:00,56.7,SURF,True,EXTREME_TYPE1,60,12,12,"(114.73, 22.4);(114.73, 22.8);(114.73, 23.2);(115.14, 22.4);(115.14, 22.8);(115.14, 23.2);(115.55, 22.4);(115.55, 22.8);(115.55, 23.2);(115.95, 22.4);(115.95, 22.8);(115.95, 23.2)",True
G1210,2008-06-08 03:00:00,292.5,AWST,False,FALSE,210,12,0,,True
G1210,2008-06-08 04:00:00,385.9,AWST,False,FALSE,210,12,0,,True
G1210,2008-06-08 09:00:00,145.2,AWST,False,FALSE,212,12,0,,True
G1210,2008-06-08 12:00:00,1.0,AWST,False,EXTREME_TYPE1,211,12,10,"(112.68, 22.0);(112.68, 22.4);(113.09, 21.6);(113.09, 22.0);(113.09, 22.4);(113.09, 22.8);(113.5, 22.0);(113.5, 22.4);(113.5, 22.8);(113.91, 22.4)",True
59500,2008-06-10 22:00:00,16.3,SURF,True,EXTREME_TYPE1,60,12,12,"(114.73, 22.8);(114.73, 23.2);(115.14, 22.4);(115.14, 22.8);(115.14, 23.2);(115.14, 23.6);(115.55, 22.4);(115.55, 22.8);(115.55, 23.2);(115.55, 23.6);(115.95, 22.8);(115.95, 23.2)",True
59470,2008-06-11 17:00:00,2.0,SURF,True,EXTREME_TYPE1,206,10,10,"(111.45, 22.8);(111.86, 22.4);(111.86, 22.8);(111.86, 23.2);(112.27, 22.4);(112.27, 22.8);(112.27, 23.2);(112.68, 22.4);(112.68, 22.8);(112.68, 23.2)",True
59088,2008-06-12 21:00:00,16.2,SURF,True,EXTREME_TYPE1,66,12,12,"(112.68, 24.0);(112.68, 24.4);(113.09, 23.6);(113.09, 24.0);(113.09, 24.4);(113.09, 24.8);(113.5, 23.6);(113.5, 24.0);(113.5, 24.4);(113.5, 24.8);(113.91, 24.0);(113.91, 24.4)",True
59493,2008-06-13 01:00:00,29.9,SURF,True,EXTREME_TYPE1,99,13,13,"(113.5, 22.0);(113.5, 22.4);(113.5, 22.8);(113.91, 22.0);(113.91, 22.4);(113.91, 22.8);(113.91, 23.2);(114.32, 22.0);(114.32, 22.4);(114.32, 22.8);(114.32, 23.2);(114.73, 22.4);(114.73, 22.8)",True
59097,2008-06-13 03:00:00,23.8,SURF,True,EXTREME_TYPE1,36,10,10,"(113.5, 24.0);(113.91, 23.6);(113.91, 24.0);(113.91, 24.4);(114.32, 23.6);(114.32, 24.0);(114.32, 24.4);(114.73, 23.6);(114.73, 24.0);(114.73, 24.4)",True
59289,2008-06-13 06:00:00,67.5,SURF,True,EXTREME_TYPE1,188,12,12,"(113.09, 22.8);(113.09, 23.2);(113.5, 22.4);(113.5, 22.8);(113.5, 23.2);(113.5, 23.6);(113.91, 22.4);(113.91, 22.8);(113.91, 23.2);(113.91, 23.6);(114.32, 22.8);(114.32, 23.2)",True
59469,2008-06-13 08:00:00,73.8,SURF,True,FALSE,83,11,0,,True
59485,2008-06-13 08:00:00,51.2,SURF,True,EXTREME_TYPE1,301,12,12,"(112.68, 22.4);(112.68, 22.8);(113.09, 22.0);(113.09, 22.4);(113.09, 22.8);(113.5, 22.0);(113.5, 22.4);(113.5, 22.8);(113.5, 23.2);(113.91, 22.0);(113.91, 22.4);(113.91, 22.8)",True
59493,2008-06-13 12:00:00,6.0,SURF,True,EXTREME_TYPE1,98,13,13,"(113.5, 22.0);(113.5, 22.4);(113.5, 22.8);(113.91, 22.0);(113.91, 22.4);(113.91, 22.8);(113.91, 23.2);(114.32, 22.0);(114.32, 22.4);(114.32, 22.8);(114.32, 23.2);(114.73, 22.4);(114.73, 22.8)",True
59312,2008-06-13 16:00:00,54.5,SURF,True,EXTREME_TYPE1,38,10,10,"(115.95, 23.6);(116.36, 23.2);(116.36, 23.6);(116.36, 24.0);(116.77, 23.2);(116.77, 23.6);(116.77, 24.0);(117.18, 23.2);(117.18, 23.6);(117.18, 24.0)",True
59476,2008-06-13 18:00:00,37.8,SURF,True,EXTREME_TYPE1,357,11,11,"(112.27, 22.4);(112.68, 22.0);(112.68, 22.4);(112.68, 22.8);(113.09, 22.0);(113.09, 22.4);(113.09, 22.8);(113.09, 23.2);(113.5, 22.0);(113.5, 22.4);(113.5, 22.8)",True
59492,2008-06-13 18:00:00,52.5,SURF,True,EXTREME_TYPE1,54,11,11,"(114.32, 22.4);(114.32, 22.8);(114.32, 23.2);(114.32, 23.6);(114.73, 22.4);(114.73, 22.8);(114.73, 23.2);(114.73, 23.6);(115.14, 22.8);(115.14, 23.2);(115.14, 23.6)",True
59316,2008-06-13 19:00:00,85.1,SURF,True,EXTREME_TYPE1,42,12,12,"(115.95, 23.2);(115.95, 23.6);(116.36, 22.8);(116.36, 23.2);(116.36, 23.6);(116.36, 24.0);(116.77, 22.8);(116.77, 23.2);(116.77, 23.6);(116.77, 24.0);(117.18, 23.2);(117.18, 23.6)",True
59318,2008-06-13 19:00:00,62.1,SURF,True,EXTREME_TYPE1,42,12,12,"(115.95, 23.2);(115.95, 23.6);(116.36, 22.8);(116.36, 23.2);(116.36, 23.6);(116.36, 24.0);(116.77, 22.8);(116.77, 23.2);(116.77, 23.6);(116.77, 24.0);(117.18, 23.2);(117.18, 23.6)",True
59297,2008-06-13 20:00:00,50.3,SURF,True,EXTREME_TYPE1,62,10,10,"(113.5, 23.2);(113.91, 22.8);(113.91, 23.2);(113.91, 23.6);(114.32, 22.8);(114.32, 23.2);(114.32, 23.6);(114.73, 22.8);(114.73, 23.2);(114.73, 23.6)",True
59501,2008-06-13 20:00:00,21.2,SURF,True,EXTREME_TYPE1,60,12,12,"(114.73, 22.4);(114.73, 22.8);(114.73, 23.2);(115.14, 22.4);(115.14, 22.8);(115.14, 23.2);(115.55, 22.4);(115.55, 22.8);(115.55, 23.2);(115.95, 22.4);(115.95, 22.8);(115.95, 23.2)",True
59493,2008-06-13 22:00:00,53.2,SURF,True,EXTREME_TYPE1,99,13,13,"(113.5, 22.0);(113.5, 22.4);(113.5, 22.8);(113.91, 22.0);(113.91, 22.4);(113.91, 22.8);(113.91, 23.2);(114.32, 22.0);(114.32, 22.4);(114.32, 22.8);(114.32, 23.2);(114.73, 22.4);(114.73, 22.8)",True
59310,2008-06-13 23:00:00,9.2,SURF,True,EXTREME_TYPE1,70,12,12,"(115.55, 23.6);(115.55, 24.0);(115.95, 23.2);(115.95, 23.6);(115.95, 24.0);(115.95, 24.4);(116.36, 23.2);(116.36, 23.6);(116.36, 24.0);(116.36, 24.4);(116.77, 23.6);(116.77, 24.0)",True
59315,2008-06-13 23:00:00,25.3,SURF,True,EXTREME_TYPE1,41,10,10,"(115.95, 23.2);(115.95, 23.6);(115.95, 24.0);(116.36, 23.2);(116.36, 23.6);(116.36, 24.0);(116.77, 23.2);(116.77, 23.6);(116.77, 24.0);(117.18, 23.6)",True
59473,2008-06-15 16:00:00,50.8,SURF,True,EXTREME_TYPE1,335,10,10,"(112.27, 22.8);(112.68, 22.4);(112.68, 22.8);(112.68, 23.2);(113.09, 22.4);(113.09, 22.8);(113.09, 23.2);(113.5, 22.4);(113.5, 22.8);(113.5, 23.2)",True
59285,2008-06-16 14:00:00,23.1,SURF,True,EXTREME_TYPE1,106,10,10,"(113.09, 23.2);(113.09, 23.6);(113.09, 24.0);(113.5, 23.2);(113.5, 23.6);(113.5, 24.0);(113.91, 23.2);(113.91, 23.6);(113.91, 24.0);(114.32, 23.6)",True
59653,2008-06-16 16:00:00,21.1,SURF,True,EXTREME_TYPE1,60,11,10,"(110.23, 21.6);(110.64, 21.6);(110.64, 22.0);(110.64, 22.4);(111.05, 21.6);(111.05, 22.0);(111.05, 22.4);(111.45, 21.6);(111.45, 22.0);(111.45, 22.4)",True
59288,2008-06-16 17:00:00,64.0,SURF,True,EXTREME_TYPE1,222,10,10,"(112.27, 23.2);(112.68, 22.8);(112.68, 23.2);(112.68, 23.6);(113.09, 22.8);(113.09, 23.2);(113.09, 23.6);(113.5, 22.8);(113.5, 23.2);(113.5, 23.6)",True
59271,2008-06-16 18:00:00,67.9,SURF,True,EXTREME_TYPE1,95,11,10,"(111.86, 23.2);(111.86, 23.6);(111.86, 24.0);(112.27, 23.2);(112.27, 23.6);(112.27, 24.0);(112.68, 23.2);(112.68, 23.6);(112.68, 24.0);(113.09, 23.6)",True
59654,2008-06-16 18:00:00,50.3,SURF,True,EXTREME_TYPE1,53,10,10,"(109.82, 21.2);(109.82, 21.6);(109.82, 22.0);(110.23, 21.2);(110.23, 21.6);(110.23, 22.0);(110.64, 21.2);(110.64, 21.6);(110.64, 22.0);(111.05, 21.6)",True
59317,2008-06-17 05:00:00,55.5,SURF,True,EXTREME_TYPE1,54,9,9,"(115.95, 22.4);(115.95, 22.8);(115.95, 23.2);(115.95, 23.6);(116.36, 22.8);(116.36, 23.2);(116.36, 23.6);(116.77, 22.8);(116.77, 23.2)",True
59316,2008-06-17 07:00:00,53.3,SURF,True,EXTREME_TYPE1,42,12,12,"(115.95, 23.2);(115.95, 23.6);(116.36, 22.8);(116.36, 23.2);(116.36, 23.6);(116.36, 24.0);(116.77, 22.8);(116.77, 23.2);(116.77, 23.6);(116.77, 24.0);(117.18, 23.2);(117.18, 23.6)",True
59501,2008-06-17 07:00:00,54.8,SURF,True,EXTREME_TYPE1,60,12,11,"(114.73, 22.4);(114.73, 22.8);(115.14, 22.4);(115.14, 22.8);(115.14, 23.2);(115.55, 22.4);(115.55, 22.8);(115.55, 23.2);(115.95, 22.4);(115.95, 22.8);(115.95, 23.2)",True
59492,2008-06-17 12:00:00,17.2,SURF,True,EXTREME_TYPE1,55,11,11,"(114.32, 22.4);(114.32, 22.8);(114.32, 23.2);(114.32, 23.6);(114.73, 22.4);(114.73, 22.8);(114.73, 23.2);(114.73, 23.6);(115.14, 22.8);(115.14, 23.2);(115.14, 23.6)",True
59270,2008-06-17 18:00:00,50.3,SURF,True,EXTREME_TYPE1,79,10,6,"(111.45, 24.0);(111.86, 23.6);(111.86, 24.0);(111.86, 24.4);(112.27, 23.6);(112.27, 24.0)",True
59673,2008-06-25 02:00:00,1.3,SURF,True,EXTREME_TYPE1,15,8,8,"(112.27, 21.6);(112.27, 22.0);(112.68, 21.6);(112.68, 22.0);(112.68, 22.4);(113.09, 21.6);(113.09, 22.0);(113.5, 21.6)",True
59654,2008-06-25 09:00:00,57.9,SURF,True,EXTREME_TYPE1,52,10,6,"(110.23, 21.2);(110.23, 21.6);(110.64, 21.2);(110.64, 21.6);(110.64, 22.0);(111.05, 21.6)",True
59480,2008-06-25 13:00:00,50.1,SURF,True,EXTREME_TYPE1,304,10,10,"(112.68, 22.4);(112.68, 22.8);(112.68, 23.2);(113.09, 22.4);(113.09, 22.8);(113.09, 23.2);(113.5, 22.4);(113.5, 22.8);(113.5, 23.2);(113.91, 22.8)",True
59476,2008-06-25 15:00:00,7.2,SURF,True,EXTREME_TYPE1,347,11,11,"(112.27, 22.4);(112.68, 22.0);(112.68, 22.4);(112.68, 22.8);(113.09, 22.0);(113.09, 22.4);(113.09, 22.8);(113.09, 23.2);(113.5, 22.0);(113.5, 22.4);(113.5, 22.8)",True
59471,2008-06-25 17:00:00,70.8,SURF,True,EXTREME_TYPE1,175,12,12,"(111.45, 22.8);(111.45, 23.2);(111.86, 22.4);(111.86, 22.8);(111.86, 23.2);(111.86, 23.6);(112.27, 22.4);(112.27, 22.8);(112.27, 23.2);(112.27, 23.6);(112.68, 22.8);(112.68, 23.2)",True
59289,2008-06-25 20:00:00,27.5,SURF,True,EXTREME_TYPE1,193,12,12,"(113.09, 22.8);(113.09, 23.2);(113.5, 22.4);(113.5, 22.8);(113.5, 23.2);(113.5, 23.6);(113.91, 22.4);(113.91, 22.8);(113.91, 23.2);(113.91, 23.6);(114.32, 22.8);(114.32, 23.2)",True
59287,2008-06-25 21:00:00,32.9,SURF,True,EXTREME_TYPE1,171,9,9,"(113.09, 22.8);(113.09, 23.2);(113.09, 23.6);(113.5, 22.8);(113.5, 23.2);(113.5, 23.6);(113.91, 22.8);(113.91, 23.2);(113.91, 23.6)",True
59500,2008-06-25 21:00:00,14.0,SURF,True,EXTREME_TYPE1,60,12,12,"(114.73, 22.8);(114.73, 23.2);(115.14, 22.4);(115.14, 22.8);(115.14, 23.2);(115.14, 23.6);(115.55, 22.4);(115.55, 22.8);(115.55, 23.2);(115.55, 23.6);(115.95, 22.8);(115.95, 23.2)",True
59315,2008-06-26 04:00:00,14.6,SURF,True,EXTREME_TYPE1,42,10,10,"(115.95, 23.2);(115.95, 23.6);(115.95, 24.0);(116.36, 23.2);(116.36, 23.6);(116.36, 24.0);(116.77, 23.2);(116.77, 23.6);(116.77, 24.0);(117.18, 23.6)",True
59750,2008-06-26 05:00:00,8.8,SURF,True,EXTREME_TYPE1,41,11,8,"(109.82, 20.8);(109.82, 21.2);(109.82, 21.6);(110.23, 20.8);(110.23, 21.2);(110.23, 21.6);(110.64, 20.8);(110.64, 21.2)",True
59654,2008-06-28 23:00:00,23.0,SURF,True,EXTREME_TYPE1,52,10,6,"(110.23, 21.6);(110.23, 22.0);(110.64, 21.2);(110.64, 21.6);(110.64, 22.0);(111.05, 21.6)",True
59473,2008-06-29 13:00:00,19.4,SURF,True,EXTREME_TYPE1,336,10,10,"(112.27, 22.8);(112.68, 22.4);(112.68, 22.8);(112.68, 23.2);(113.09, 22.4);(113.09, 22.8);(113.09, 23.2);(113.5, 22.4);(113.5, 22.8);(113.5, 23.2)",True
59285,2008-06-29 14:00:00,61.7,SURF,True,EXTREME_TYPE1,107,10,10,"(113.09, 23.2);(113.09, 23.6);(113.09, 24.0);(113.5, 23.2);(113.5, 23.6);(113.5, 24.0);(113.91, 23.2);(113.91, 23.6);(113.91, 24.0);(114.32, 23.6)",True
59500,2008-06-29 18:00:00,13.0,SURF,True,EXTREME_TYPE1,56,12,12,"(114.73, 22.8);(114.73, 23.2);(115.14, 22.4);(115.14, 22.8);(115.14, 23.2);(115.14, 23.6);(115.55, 22.4);(115.55, 22.8);(115.55, 23.2);(115.55, 23.6);(115.95, 22.8);(115.95, 23.2)",True
59476,2008-06-30 13:00:00,56.8,SURF,True,EXTREME_TYPE1,360,11,11,"(112.27, 22.4);(112.68, 22.0);(112.68, 22.4);(112.68, 22.8);(113.09, 22.0);(113.09, 22.4);(113.09, 22.8);(113.09, 23.2);(113.5, 22.0);(113.5, 22.4);(113.5, 22.8)",True
59087,2008-07-08 03:00:00,20.8,SURF,True,EXTREME_TYPE1,67,10,10,"(113.09, 23.6);(113.09, 24.0);(113.09, 24.4);(113.5, 23.2);(113.5, 23.6);(113.5, 24.0);(113.5, 24.4);(113.91, 23.6);(113.91, 24.0);(113.91, 24.4)",True
59312,2008-07-08 05:00:00,63.2,SURF,True,EXTREME_TYPE1,39,10,10,"(115.95, 23.6);(116.36, 23.2);(116.36, 23.6);(116.36, 24.0);(116.77, 23.2);(116.77, 23.6);(116.77, 24.0);(117.18, 23.2);(117.18, 23.6);(117.18, 24.0)",True
59502,2008-07-08 05:00:00,54.4,SURF,True,EXTREME_TYPE1,64,12,12,"(115.14, 22.8);(115.14, 23.2);(115.55, 22.4);(115.55, 22.8);(115.55, 23.2);(115.55, 23.6);(115.95, 22.4);(115.95, 22.8);(115.95, 23.2);(115.95, 23.6);(116.36, 22.8);(116.36, 23.2)",True
59314,2008-07-08 12:00:00,60.6,SURF,True,EXTREME_TYPE1,66,12,12,"(115.55, 23.2);(115.55, 23.6);(115.95, 22.8);(115.95, 23.2);(115.95, 23.6);(115.95, 24.0);(116.36, 22.8);(116.36, 23.2);(116.36, 23.6);(116.36, 24.0);(116.77, 23.2);(116.77, 23.6)",True
59315,2008-07-08 12:00:00,15.5,SURF,True,EXTREME_TYPE1,44,10,10,"(115.95, 23.2);(115.95, 23.6);(115.95, 24.0);(116.36, 23.2);(116.36, 23.6);(116.36, 24.0);(116.77, 23.2);(116.77, 23.6);(116.77, 24.0);(117.18, 23.6)",True
59655,2008-07-08 13:00:00,64.3,SURF,True,FALSE,62,10,0,,True
59656,2008-07-08 16:00:00,12.8,SURF,True,EXTREME_TYPE1,46,11,10,"(110.23, 21.2);(110.23, 21.6);(110.64, 20.8);(110.64, 21.2);(110.64, 21.6);(110.64, 22.0);(111.05, 21.2);(111.05, 21.6);(111.05, 22.0);(111.45, 21.6)",True
59478,2008-07-09 05:00:00,5.7,SURF,True,EXTREME_TYPE1,251,12,12,"(112.27, 22.0);(112.27, 22.4);(112.68, 21.6);(112.68, 22.0);(112.68, 22.4);(112.68, 22.8);(113.09, 21.6);(113.09, 22.0);(113.09, 22.4);(113.09, 22.8);(113.5, 22.0);(113.5, 22.4)",True
59478,2008-07-09 13:00:00,14.3,SURF,True,EXTREME_TYPE1,251,12,12,"(112.27, 22.0);(112.27, 22.4);(112.68, 21.6);(112.68, 22.0);(112.68, 22.4);(112.68, 22.8);(113.09, 21.6);(113.09, 22.0);(113.09, 22.4);(113.09, 22.8);(113.5, 22.0);(113.5, 22.4)",True
59269,2008-07-10 17:00:00,53.3,SURF,True,EXTREME_TYPE1,113,9,9,"(111.45, 22.8);(111.45, 23.2);(111.45, 23.6);(111.86, 22.8);(111.86, 23.2);(111.86, 23.6);(112.27, 22.8);(112.27, 23.2);(112.27, 23.6)",True
57996,2008-07-13 17:00:00,8.8,SURF,True,EXTREME_TYPE1,9,10,10,"(113.5, 25.2);(113.91, 24.8);(113.91, 25.2);(113.91, 25.6);(114.32, 24.4);(114.32, 24.8);(114.32, 25.2);(114.32, 25.6);(114.73, 24.8);(114.73, 25.2)",True
59294,2008-07-16 18:00:00,57.1,SURF,True,FALSE,108,11,0,,True
59656,2008-07-19 16:00:00,19.1,SURF,True,EXTREME_TYPE1,43,11,9,"(110.23, 21.2);(110.23, 21.6);(110.64, 21.2);(110.64, 21.6);(110.64, 22.0);(111.05, 21.2);(111.05, 21.6);(111.05, 22.0);(111.45, 21.6)",True
59271,2008-07-20 18:00:00,44.2,SURF,True,EXTREME_TYPE1,96,11,11,"(111.86, 23.2);(111.86, 23.6);(111.86, 24.0);(112.27, 23.2);(112.27, 23.6);(112.27, 24.0);(112.68, 23.2);(112.68, 23.6);(112.68, 24.0);(113.09, 23.6);(113.09, 24.0)",True
59310,2008-07-30 00:00:00,37.3,SURF,True,EXTREME_TYPE1,73,12,12,"(115.55, 23.6);(115.55, 24.0);(115.95, 23.2);(115.95, 23.6);(115.95, 24.0);(115.95, 24.4);(116.36, 23.2);(116.36, 23.6);(116.36, 24.0);(116.36, 24.4);(116.77, 23.6);(116.77, 24.0)",True
59315,2008-07-30 01:00:00,31.9,SURF,True,EXTREME_TYPE1,44,10,10,"(115.95, 23.2);(115.95, 23.6);(115.95, 24.0);(116.36, 23.2);(116.36, 23.6);(116.36, 24.0);(116.77, 23.2);(116.77, 23.6);(116.77, 24.0);(117.18, 23.6)",True
59316,2008-07-30 01:00:00,57.1,SURF,True,EXTREME_TYPE1,44,12,12,"(115.95, 23.2);(115.95, 23.6);(116.36, 22.8);(116.36, 23.2);(116.36, 23.6);(116.36, 24.0);(116.77, 22.8);(116.77, 23.2);(116.77, 23.6);(116.77, 24.0);(117.18, 23.2);(117.18, 23.6)",True
59317,2008-07-30 01:00:00,56.9,SURF,True,EXTREME_TYPE1,55,9,9,"(115.95, 22.4);(115.95, 22.8);(115.95, 23.2);(115.95, 23.6);(116.36, 22.8);(116.36, 23.2);(116.36, 23.6);(116.77, 22.8);(116.77, 23.2)",True
59502,2008-07-30 01:00:00,56.8,SURF,True,EXTREME_TYPE1,63,12,12,"(115.14, 22.8);(115.14, 23.2);(115.55, 22.4);(115.55, 22.8);(115.55, 23.2);(115.55, 23.6);(115.95, 22.4);(115.95, 22.8);(115.95, 23.2);(115.95, 23.6);(116.36, 22.8);(116.36, 23.2)",True
59500,2008-07-30 02:00:00,58.4,SURF,True,EXTREME_TYPE1,58,12,8,"(115.14, 22.8);(115.14, 23.2);(115.55, 22.4);(115.55, 22.8);(115.55, 23.2);(115.55, 23.6);(115.95, 22.8);(115.95, 23.2)",True
59502,2008-07-30 02:00:00,98.0,SURF,True,EXTREME_TYPE1,63,12,12,"(115.14, 22.8);(115.14, 23.2);(115.55, 22.4);(115.55, 22.8);(115.55, 23.2);(115.55, 23.6);(115.95, 22.4);(115.95, 22.8);(115.95, 23.2);(115.95, 23.6);(116.36, 22.8);(116.36, 23.2)",True
59317,2008-07-30 03:00:00,13.0,SURF,True,EXTREME_TYPE1,55,9,9,"(115.95, 22.4);(115.95, 22.8);(115.95, 23.2);(115.95, 23.6);(116.36, 22.8);(116.36, 23.2);(116.36, 23.6);(116.77, 22.8);(116.77, 23.2)",True
59502,2008-07-30 03:00:00,63.0,SURF,True,EXTREME_TYPE1,63,12,12,"(115.14, 22.8);(115.14, 23.2);(115.55, 22.4);(115.55, 22.8);(115.55, 23.2);(115.55, 23.6);(115.95, 22.4);(115.95, 22.8);(115.95, 23.2);(115.95, 23.6);(116.36, 22.8);(116.36, 23.2)",True
59293,2008-07-30 04:00:00,64.0,SURF,True,EXTREME_TYPE1,46,11,11,"(114.32, 23.2);(114.32, 23.6);(114.32, 24.0);(114.73, 23.2);(114.73, 23.6);(114.73, 24.0);(114.73, 24.4);(115.14, 23.2);(115.14, 23.6);(115.14, 24.0);(115.14, 24.4)",True
59304,2008-07-30 05:00:00,57.2,SURF,True,EXTREME_TYPE1,69,9,9,"(114.73, 23.2);(114.73, 23.6);(114.73, 24.0);(115.14, 23.2);(115.14, 23.6);(115.14, 24.0);(115.55, 23.2);(115.55, 23.6);(115.55, 24.0)",True
59502,2008-07-30 05:00:00,58.7,SURF,True,EXTREME_TYPE1,63,12,11,"(115.14, 22.8);(115.14, 23.2);(115.55, 22.4);(115.55, 22.8);(115.55, 23.2);(115.55, 23.6);(115.95, 22.8);(115.95, 23.2);(115.95, 23.6);(116.36, 22.8);(116.36, 23.2)",True
59081,2008-07-31 08:00:00,10.9,SURF,True,EXTREME_TYPE1,34,12,9,"(112.68, 24.4);(112.68, 24.8);(112.68, 25.2);(113.09, 24.4);(113.09, 24.8);(113.09, 25.2);(113.5, 24.4);(113.5, 24.8);(113.5, 25.2)",True
59315,2008-07-31 12:00:00,78.4,SURF,True,EXTREME_TYPE1,44,10,9,"(115.95, 23.2);(115.95, 23.6);(115.95, 24.0);(116.36, 23.2);(116.36, 23.6);(116.36, 24.0);(116.77, 23.2);(116.77, 23.6);(116.77, 24.0)",True
59288,2008-08-04 21:00:00,52.9,SURF,True,EXTREME_TYPE1,217,10,10,"(112.27, 23.2);(112.68, 22.8);(112.68, 23.2);(112.68, 23.6);(113.09, 22.8);(113.09, 23.2);(113.09, 23.6);(113.5, 22.8);(113.5, 23.2);(113.5, 23.6)",True
59476,2008-08-04 23:00:00,3.5,SURF,True,EXTREME_TYPE1,356,11,11,"(112.27, 22.4);(112.68, 22.0);(112.68, 22.4);(112.68, 22.8);(113.09, 22.0);(113.09, 22.4);(113.09, 22.8);(113.09, 23.2);(113.5, 22.0);(113.5, 22.4);(113.5, 22.8)",True
59315,2008-08-05 10:00:00,21.9,SURF,True,EXTREME_TYPE1,43,10,10,"(115.95, 23.2);(115.95, 23.6);(115.95, 24.0);(116.36, 23.2);(116.36, 23.6);(116.36, 24.0);(116.77, 23.2);(116.77, 23.6);(116.77, 24.0);(117.18, 23.6)",True
59754,2008-08-06 23:00:00,101.9,SURF,True,EXTREME_TYPE1,27,5,5,"(109.82, 20.4);(109.82, 20.8);(110.23, 20.4);(110.23, 20.8);(110.64, 20.8)",True
59754,2008-08-07 00:00:00,70.0,SURF,True,EXTREME_TYPE1,27,5,5,"(109.82, 20.4);(109.82, 20.8);(110.23, 20.4);(110.23, 20.8);(110.64, 20.8)",True
59653,2008-08-07 14:00:00,50.8,SURF,True,EXTREME_TYPE1,59,11,11,"(110.23, 21.6);(110.23, 22.0);(110.64, 21.6);(110.64, 22.0);(110.64, 22.4);(111.05, 21.6);(111.05, 22.0);(111.05, 22.4);(111.45, 21.6);(111.45, 22.0);(111.45, 22.4)",True
59298,2008-08-07 17:00:00,3.1,SURF,True,EXTREME_TYPE1,51,11,11,"(113.91, 22.8);(113.91, 23.2);(113.91, 23.6);(114.32, 22.4);(114.32, 22.8);(114.32, 23.2);(114.32, 23.6);(114.73, 22.8);(114.73, 23.2);(114.73, 23.6);(115.14, 23.2)",True
59278,2008-08-07 18:00:00,3.6,SURF,True,EXTREME_TYPE1,297,12,12,"(111.86, 22.8);(111.86, 23.2);(112.27, 22.4);(112.27, 22.8);(112.27, 23.2);(112.27, 23.6);(112.68, 22.4);(112.68, 22.8);(112.68, 23.2);(112.68, 23.6);(113.09, 22.8);(113.09, 23.2)",True
59469,2008-08-11 12:00:00,5.5,SURF,True,EXTREME_TYPE1,86,11,11,"(111.05, 22.0);(111.45, 21.6);(111.45, 22.0);(111.45, 22.4);(111.86, 21.6);(111.86, 22.0);(111.86, 22.4);(111.86, 22.8);(112.27, 21.6);(112.27, 22.0);(112.27, 22.4)",True
59074,2008-08-11 18:00:00,13.6,SURF,True,EXTREME_TYPE1,58,9,6,"(111.86, 24.0);(111.86, 24.4);(112.27, 24.0);(112.27, 24.4);(112.68, 24.4);(112.68, 24.8)",True
59654,2008-08-17 17:00:00,26.7,SURF,True,EXTREME_TYPE1,53,10,10,"(109.82, 21.2);(109.82, 21.6);(109.82, 22.0);(110.23, 21.2);(110.23, 21.6);(110.23, 22.0);(110.64, 21.2);(110.64, 21.6);(110.64, 22.0);(111.05, 21.6)",True
59663,2008-08-22 18:00:00,113.3,SURF,True,EXTREME_TYPE1,70,11,11,"(111.45, 21.6);(111.45, 22.0);(111.86, 21.2);(111.86, 21.6);(111.86, 22.0);(111.86, 22.4);(112.27, 21.6);(112.27, 22.0);(112.27, 22.4);(112.68, 21.6);(112.68, 22.0)",True
59488,2008-08-22 20:00:00,7.9,SURF,True,EXTREME_TYPE1,113,11,11,"(113.09, 22.0);(113.09, 22.4);(113.09, 22.8);(113.5, 21.6);(113.5, 22.0);(113.5, 22.4);(113.5, 22.8);(113.91, 22.0);(113.91, 22.4);(113.91, 22.8);(114.32, 22.4)",True
59653,2008-08-22 22:00:00,55.5,SURF,True,EXTREME_TYPE1,60,11,11,"(110.23, 21.6);(110.23, 22.0);(110.64, 21.6);(110.64, 22.0);(110.64, 22.4);(111.05, 21.6);(111.05, 22.0);(111.05, 22.4);(111.45, 21.6);(111.45, 22.0);(111.45, 22.4)",True
59658,2008-08-23 09:00:00,25.7,SURF,True,EXTREME_TYPE1,36,10,7,"(109.82, 21.2);(109.82, 21.6);(110.23, 21.2);(110.23, 21.6);(110.64, 21.2);(110.64, 21.6);(111.05, 21.2)",True
59650,2008-08-28 17:00:00,66.7,SURF,True,FALSE,51,11,0,,True
59269,2008-08-31 21:00:00,34.3,SURF,True,EXTREME_TYPE1,122,9,9,"(111.45, 22.8);(111.45, 23.2);(111.45, 23.6);(111.86, 22.8);(111.86, 23.2);(111.86, 23.6);(112.27, 22.8);(112.27, 23.2);(112.27, 23.6)",True
59304,2008-09-07 12:00:00,6.1,SURF,True,EXTREME_TYPE1,72,9,9,"(114.73, 23.2);(114.73, 23.6);(114.73, 24.0);(115.14, 23.2);(115.14, 23.6);(115.14, 24.0);(115.55, 23.2);(115.55, 23.6);(115.55, 24.0)",True
59493,2008-09-17 14:00:00,18.2,SURF,True,EXTREME_TYPE1,98,13,13,"(113.5, 22.0);(113.5, 22.4);(113.5, 22.8);(113.91, 22.0);(113.91, 22.4);(113.91, 22.8);(113.91, 23.2);(114.32, 22.0);(114.32, 22.4);(114.32, 22.8);(114.32, 23.2);(114.73, 22.4);(114.73, 22.8)",True
57988,2008-09-23 21:00:00,3.1,SURF,True,EXTREME_TYPE1,9,11,11,"(112.68, 24.8);(112.68, 25.2);(113.09, 24.8);(113.09, 25.2);(113.09, 25.6);(113.5, 24.8);(113.5, 25.2);(113.5, 25.6);(113.91, 24.8);(113.91, 25.2);(113.91, 25.6)",True
59298,2008-10-05 21:00:00,23.6,SURF,True,EXTREME_TYPE1,45,11,11,"(113.91, 22.8);(113.91, 23.2);(113.91, 23.6);(114.32, 22.4);(114.32, 22.8);(114.32, 23.2);(114.32, 23.6);(114.73, 22.8);(114.73, 23.2);(114.73, 23.6);(115.14, 23.2)",True
59297,2008-10-06 02:00:00,32.0,SURF,True,EXTREME_TYPE1,54,10,9,"(113.91, 22.8);(113.91, 23.2);(113.91, 23.6);(114.32, 22.8);(114.32, 23.2);(114.32, 23.6);(114.73, 22.8);(114.73, 23.2);(114.73, 23.6)",True
59314,2008-10-06 05:00:00,55.3,SURF,True,EXTREME_TYPE1,75,12,12,"(115.55, 23.2);(115.55, 23.6);(115.95, 22.8);(115.95, 23.2);(115.95, 23.6);(115.95, 24.0);(116.36, 22.8);(116.36, 23.2);(116.36, 23.6);(116.36, 24.0);(116.77, 23.2);(116.77, 23.6)",True
59469,2008-11-02 14:00:00,54.9,SURF,True,EXTREME_TYPE1,90,11,11,"(111.05, 22.0);(111.45, 21.6);(111.45, 22.0);(111.45, 22.4);(111.86, 21.6);(111.86, 22.0);(111.86, 22.4);(111.86, 22.8);(112.27, 21.6);(112.27, 22.0);(112.27, 22.4)",True
59480,2008-11-02 15:00:00,27.6,SURF,True,EXTREME_TYPE1,309,10,10,"(112.68, 22.4);(112.68, 22.8);(112.68, 23.2);(113.09, 22.4);(113.09, 22.8);(113.09, 23.2);(113.5, 22.4);(113.5, 22.8);(113.5, 23.2);(113.91, 22.8)",True
59654,2008-11-02 23:00:00,56.4,SURF,True,FALSE,54,10,0,,True
59284,2008-11-03 04:00:00,50.2,SURF,True,EXTREME_TYPE1,172,12,12,"(112.68, 23.2);(112.68, 23.6);(113.09, 22.8);(113.09, 23.2);(113.09, 23.6);(113.09, 24.0);(113.5, 22.8);(113.5, 23.2);(113.5, 23.6);(113.5, 24.0);(113.91, 23.2);(113.91, 23.6)",True
59294,2008-11-03 10:00:00,20.8,SURF,True,EXTREME_TYPE1,109,11,3,"(113.91, 23.6);(114.32, 23.2);(114.32, 23.6)",True
59477,2008-11-07 19:00:00,56.5,SURF,True,EXTREME_TYPE1,233,10,10,"(111.86, 22.0);(111.86, 22.4);(111.86, 22.8);(112.27, 21.6);(112.27, 22.0);(112.27, 22.4);(112.27, 22.8);(112.68, 22.0);(112.68, 22.4);(112.68, 22.8)",True
59475,2008-11-07 20:00:00,50.0,SURF,True,EXTREME_TYPE1,326,9,9,"(112.27, 22.0);(112.27, 22.4);(112.27, 22.8);(112.68, 22.0);(112.68, 22.4);(112.68, 22.8);(113.09, 22.0);(113.09, 22.4);(113.09, 22.8)",True
59319,2008-11-08 09:00:00,6.1,SURF,True,EXTREME_TYPE1,39,11,11,"(115.95, 23.6);(116.36, 23.2);(116.36, 23.6);(116.36, 24.0);(116.77, 22.8);(116.77, 23.2);(116.77, 23.6);(116.77, 24.0);(117.18, 23.2);(117.18, 23.6);(117.18, 24.0)",True
59287,2008-12-04 07:00:00,5.6,SURF,True,EXTREME_TYPE1,172,9,9,"(113.09, 22.8);(113.09, 23.2);(113.09, 23.6);(113.5, 22.8);(113.5, 23.2);(113.5, 23.6);(113.91, 22.8);(113.91, 23.2);(113.91, 23.6)",True
59279,2009-03-06 02:00:00,5.2,SURF,True,EXTREME_TYPE1,278,12,12,"(112.27, 22.8);(112.27, 23.2);(112.27, 23.6);(112.68, 22.8);(112.68, 23.2);(112.68, 23.6);(113.09, 22.8);(113.09, 23.2);(113.09, 23.6);(113.5, 22.8);(113.5, 23.2);(113.5, 23.6)",True
59310,2009-03-06 11:00:00,1.8,SURF,True,EXTREME_TYPE1,93,12,12,"(115.55, 23.6);(115.55, 24.0);(115.95, 23.2);(115.95, 23.6);(115.95, 24.0);(115.95, 24.4);(116.36, 23.2);(116.36, 23.6);(116.36, 24.0);(116.36, 24.4);(116.77, 23.6);(116.77, 24.0)",True
59314,2009-03-06 13:00:00,5.2,SURF,True,EXTREME_TYPE1,93,12,12,"(115.55, 23.2);(115.55, 23.6);(115.95, 22.8);(115.95, 23.2);(115.95, 23.6);(115.95, 24.0);(116.36, 22.8);(116.36, 23.2);(116.36, 23.6);(116.36, 24.0);(116.77, 23.2);(116.77, 23.6)",True
57988,2009-04-09 15:00:00,5.2,SURF,True,EXTREME_TYPE1,23,11,11,"(112.68, 24.8);(112.68, 25.2);(113.09, 24.8);(113.09, 25.2);(113.09, 25.6);(113.5, 24.8);(113.5, 25.2);(113.5, 25.6);(113.91, 24.8);(113.91, 25.2);(113.91, 25.6)",True
59754,2009-04-18 12:00:00,63.0,SURF,True,EXTREME_TYPE1,37,5,5,"(109.82, 20.4);(109.82, 20.8);(110.23, 20.4);(110.23, 20.8);(110.64, 20.8)",True
59294,2009-04-19 15:00:00,28.0,SURF,True,EXTREME_TYPE1,147,11,11,"(113.09, 23.2);(113.5, 22.8);(113.5, 23.2);(113.5, 23.6);(113.91, 22.8);(113.91, 23.2);(113.91, 23.6);(113.91, 24.0);(114.32, 22.8);(114.32, 23.2);(114.32, 23.6)",True
59088,2009-04-20 02:00:00,15.6,SURF,True,EXTREME_TYPE1,96,12,12,"(112.68, 24.0);(112.68, 24.4);(113.09, 23.6);(113.09, 24.0);(113.09, 24.4);(113.09, 24.8);(113.5, 23.6);(113.5, 24.0);(113.5, 24.4);(113.5, 24.8);(113.91, 24.0);(113.91, 24.4)",True
59114,2009-04-20 03:00:00,5.6,SURF,True,EXTREME_TYPE1,30,10,10,"(115.55, 24.4);(115.55, 24.8);(115.95, 24.0);(115.95, 24.4);(115.95, 24.8);(116.36, 24.0);(116.36, 24.4);(116.36, 24.8);(116.77, 24.4);(116.77, 24.8)",True
59071,2009-04-24 20:00:00,5.0,SURF,True,EXTREME_TYPE1,46,8,8,"(111.86, 24.4);(111.86, 24.8);(112.27, 24.4);(112.27, 24.8);(112.27, 25.2);(112.68, 24.4);(112.68, 24.8);(112.68, 25.2)",True
59477,2009-04-25 04:00:00,57.8,SURF,True,EXTREME_TYPE1,340,10,10,"(111.86, 22.0);(111.86, 22.4);(111.86, 22.8);(112.27, 21.6);(112.27, 22.0);(112.27, 22.4);(112.27, 22.8);(112.68, 22.0);(112.68, 22.4);(112.68, 22.8)",True
59314,2009-04-25 14:00:00,9.3,SURF,True,EXTREME_TYPE1,87,12,12,"(115.55, 23.2);(115.55, 23.6);(115.95, 22.8);(115.95, 23.2);(115.95, 23.6);(115.95, 24.0);(116.36, 22.8);(116.36, 23.2);(116.36, 23.6);(116.36, 24.0);(116.77, 23.2);(116.77, 23.6)",True
G1043,2009-05-01 19:00:00,24.0,AWST,False,FALSE,326,10,0,,True
G1043,2009-05-01 20:00:00,95.8,AWST,False,FALSE,326,10,0,,True
G1043,2009-05-01 21:00:00,106.6,AWST,False,FALSE,326,10,0,,True
G1043,2009-05-01 22:00:00,169.0,AWST,False,FALSE,326,10,0,,True
G1043,2009-05-02 00:00:00,217.6,AWST,False,FALSE,326,10,0,,True
G1043,2009-05-02 01:00:00,112.1,AWST,False,FALSE,327,10,0,,True
G1043,2009-05-02 04:00:00,21.5,AWST,False,FALSE,328,10,0,,True
G1043,2009-05-02 06:00:00,33.5,AWST,False,FALSE,327,10,0,,True
G1043,2009-05-02 07:00:00,48.1,AWST,False,FALSE,327,10,0,,True
G1043,2009-05-02 08:00:00,47.5,AWST,False,FALSE,325,10,0,,True
G1043,2009-05-02 09:00:00,17.4,AWST,False,FALSE,325,10,0,,True
59074,2009-05-17 11:00:00,33.9,SURF,True,EXTREME_TYPE1,80,9,9,"(111.86, 24.0);(111.86, 24.4);(111.86, 24.8);(112.27, 24.0);(112.27, 24.4);(112.27, 24.8);(112.27, 25.2);(112.68, 24.4);(112.68, 24.8)",True
59114,2009-05-18 21:00:00,11.0,SURF,True,EXTREME_TYPE1,36,10,10,"(115.55, 24.4);(115.55, 24.8);(115.95, 24.0);(115.95, 24.4);(115.95, 24.8);(116.36, 24.0);(116.36, 24.4);(116.36, 24.8);(116.77, 24.4);(116.77, 24.8)",True
59290,2009-05-19 12:00:00,12.8,SURF,True,EXTREME_TYPE1,85,11,11,"(113.5, 23.6);(113.91, 23.2);(113.91, 23.6);(113.91, 24.0);(113.91, 24.4);(114.32, 23.2);(114.32, 23.6);(114.32, 24.0);(114.32, 24.4);(114.73, 23.6);(114.73, 24.0)",True
59488,2009-05-23 15:00:00,53.9,SURF,True,EXTREME_TYPE1,133,11,11,"(113.09, 22.0);(113.09, 22.4);(113.09, 22.8);(113.5, 21.6);(113.5, 22.0);(113.5, 22.4);(113.5, 22.8);(113.91, 22.0);(113.91, 22.4);(113.91, 22.8);(114.32, 22.4)",True
59663,2009-05-23 19:00:00,22.6,SURF,True,EXTREME_TYPE1,104,11,11,"(111.45, 21.6);(111.45, 22.0);(111.86, 21.2);(111.86, 21.6);(111.86, 22.0);(111.86, 22.4);(112.27, 21.6);(112.27, 22.0);(112.27, 22.4);(112.68, 21.6);(112.68, 22.0)",True
59478,2009-05-23 20:00:00,25.7,SURF,True,EXTREME_TYPE1,328,12,12,"(112.27, 22.0);(112.27, 22.4);(112.68, 21.6);(112.68, 22.0);(112.68, 22.4);(112.68, 22.8);(113.09, 21.6);(113.09, 22.0);(113.09, 22.4);(113.09, 22.8);(113.5, 22.0);(113.5, 22.4)",True
59470,2009-05-24 04:00:00,7.2,SURF,True,EXTREME_TYPE1,323,10,10,"(111.45, 22.8);(111.86, 22.4);(111.86, 22.8);(111.86, 23.2);(112.27, 22.4);(112.27, 22.8);(112.27, 23.2);(112.68, 22.4);(112.68, 22.8);(112.68, 23.2)",True
59294,2009-05-24 10:00:00,8.0,SURF,True,EXTREME_TYPE1,158,11,11,"(113.09, 23.2);(113.5, 22.8);(113.5, 23.2);(113.5, 23.6);(113.91, 22.8);(113.91, 23.2);(113.91, 23.6);(113.91, 24.0);(114.32, 22.8);(114.32, 23.2);(114.32, 23.6)",True
59469,2009-05-24 10:00:00,8.8,SURF,True,EXTREME_TYPE1,132,11,11,"(111.05, 22.0);(111.45, 21.6);(111.45, 22.0);(111.45, 22.4);(111.86, 21.6);(111.86, 22.0);(111.86, 22.4);(111.86, 22.8);(112.27, 21.6);(112.27, 22.0);(112.27, 22.4)",True
59072,2009-05-24 11:00:00,1.6,SURF,True,EXTREME_TYPE1,97,9,9,"(111.86, 24.4);(111.86, 24.8);(112.27, 24.4);(112.27, 24.8);(112.27, 25.2);(112.68, 24.4);(112.68, 24.8);(112.68, 25.2);(113.09, 24.8)",True
59485,2009-05-24 12:00:00,20.3,SURF,True,EXTREME_TYPE1,405,12,12,"(112.68, 22.4);(112.68, 22.8);(113.09, 22.0);(113.09, 22.4);(113.09, 22.8);(113.5, 22.0);(113.5, 22.4);(113.5, 22.8);(113.5, 23.2);(113.91, 22.0);(113.91, 22.4);(113.91, 22.8)",True
59471,2009-05-24 21:00:00,2.6,SURF,True,EXTREME_TYPE1,325,12,12,"(111.45, 22.8);(111.45, 23.2);(111.86, 22.4);(111.86, 22.8);(111.86, 23.2);(111.86, 23.6);(112.27, 22.4);(112.27, 22.8);(112.27, 23.2);(112.27, 23.6);(112.68, 22.8);(112.68, 23.2)",True
59075,2009-06-03 01:00:00,24.9,SURF,True,EXTREME_TYPE1,99,12,12,"(111.86, 24.0);(111.86, 24.4);(112.27, 24.0);(112.27, 24.4);(112.27, 24.8);(112.68, 23.6);(112.68, 24.0);(112.68, 24.4);(112.68, 24.8);(113.09, 24.0);(113.09, 24.4);(113.09, 24.8)",True
59082,2009-06-03 03:00:00,24.0,SURF,True,EXTREME_TYPE1,71,12,12,"(113.09, 24.4);(113.09, 24.8);(113.09, 25.2);(113.5, 24.0);(113.5, 24.4);(113.5, 24.8);(113.5, 25.2);(113.91, 24.4);(113.91, 24.8);(113.91, 25.2);(114.32, 24.4);(114.32, 24.8)",True
59279,2009-06-03 22:00:00,52.8,SURF,True,EXTREME_TYPE1,327,12,12,"(112.27, 22.8);(112.27, 23.2);(112.27, 23.6);(112.68, 22.8);(112.68, 23.2);(112.68, 23.6);(113.09, 22.8);(113.09, 23.2);(113.09, 23.6);(113.5, 22.8);(113.5, 23.2);(113.5, 23.6)",True
59287,2009-06-03 23:00:00,67.7,SURF,True,EXTREME_TYPE1,242,9,9,"(113.09, 22.8);(113.09, 23.2);(113.09, 23.6);(113.5, 22.8);(113.5, 23.2);(113.5, 23.6);(113.91, 22.8);(113.91, 23.2);(113.91, 23.6)",True
59298,2009-06-04 01:00:00,35.2,SURF,True,EXTREME_TYPE1,94,11,11,"(113.91, 22.8);(113.91, 23.2);(113.91, 23.6);(114.32, 22.4);(114.32, 22.8);(114.32, 23.2);(114.32, 23.6);(114.73, 22.8);(114.73, 23.2);(114.73, 23.6);(115.14, 23.2)",True
59116,2009-06-04 03:00:00,11.7,SURF,True,EXTREME_TYPE1,26,9,9,"(115.95, 24.4);(116.36, 24.0);(116.36, 24.4);(116.36, 24.8);(116.77, 24.0);(116.77, 24.4);(116.77, 24.8);(117.18, 24.0);(117.18, 24.4)",True
59502,2009-06-04 03:00:00,25.5,SURF,True,EXTREME_TYPE1,97,12,12,"(115.14, 22.8);(115.14, 23.2);(115.55, 22.4);(115.55, 22.8);(115.55, 23.2);(115.55, 23.6);(115.95, 22.4);(115.95, 22.8);(115.95, 23.2);(115.95, 23.6);(116.36, 22.8);(116.36, 23.2)",True
59658,2009-06-07 18:00:00,52.2,SURF,True,EXTREME_TYPE1,58,10,10,"(109.82, 20.8);(109.82, 21.2);(109.82, 21.6);(110.23, 20.8);(110.23, 21.2);(110.23, 21.6);(110.64, 20.8);(110.64, 21.2);(110.64, 21.6);(111.05, 21.2)",True
59659,2009-06-08 01:00:00,1.7,SURF,True,EXTREME_TYPE1,102,12,12,"(110.23, 21.6);(110.23, 22.0);(110.64, 21.2);(110.64, 21.6);(110.64, 22.0);(110.64, 22.4);(111.05, 21.2);(111.05, 21.6);(111.05, 22.0);(111.05, 22.4);(111.45, 21.6);(111.45, 22.0)",True
59663,2009-06-08 03:00:00,60.6,SURF,True,EXTREME_TYPE1,105,11,11,"(111.45, 21.6);(111.45, 22.0);(111.86, 21.2);(111.86, 21.6);(111.86, 22.0);(111.86, 22.4);(112.27, 21.6);(112.27, 22.0);(112.27, 22.4);(112.68, 21.6);(112.68, 22.0)",True
59750,2009-06-09 04:00:00,10.6,SURF,True,EXTREME_TYPE1,70,11,3,"(109.82, 21.6);(110.23, 21.2);(110.23, 21.6)",True
59487,2009-06-09 09:00:00,28.4,SURF,True,EXTREME_TYPE1,256,12,12,"(112.68, 22.0);(112.68, 22.4);(113.09, 21.6);(113.09, 22.0);(113.09, 22.4);(113.09, 22.8);(113.5, 21.6);(113.5, 22.0);(113.5, 22.4);(113.5, 22.8);(113.91, 22.0);(113.91, 22.4)",True
59485,2009-06-09 11:00:00,8.3,SURF,True,EXTREME_TYPE1,403,12,12,"(112.68, 22.4);(112.68, 22.8);(113.09, 22.0);(113.09, 22.4);(113.09, 22.8);(113.5, 22.0);(113.5, 22.4);(113.5, 22.8);(113.5, 23.2);(113.91, 22.0);(113.91, 22.4);(113.91, 22.8)",True
59072,2009-06-10 06:00:00,11.5,SURF,True,EXTREME_TYPE1,97,9,9,"(111.86, 24.4);(111.86, 24.8);(112.27, 24.4);(112.27, 24.8);(112.27, 25.2);(112.68, 24.4);(112.68, 24.8);(112.68, 25.2);(113.09, 24.8)",True
59313,2009-06-10 08:00:00,12.6,SURF,True,EXTREME_TYPE1,16,9,9,"(116.36, 23.6);(116.36, 24.0);(116.77, 23.2);(116.77, 23.6);(116.77, 24.0);(117.18, 23.2);(117.18, 23.6);(117.18, 24.0);(117.59, 23.6)",True
59303,2009-06-11 14:00:00,63.6,SURF,True,EXTREME_TYPE1,144,10,10,"(115.14, 23.6);(115.14, 24.0);(115.55, 23.6);(115.55, 24.0);(115.55, 24.4);(115.95, 23.6);(115.95, 24.0);(115.95, 24.4);(116.36, 23.6);(116.36, 24.0)",True
59500,2009-06-13 13:00:00,5.0,SURF,True,EXTREME_TYPE1,102,12,12,"(114.73, 22.8);(114.73, 23.2);(115.14, 22.4);(115.14, 22.8);(115.14, 23.2);(115.14, 23.6);(115.55, 22.4);(115.55, 22.8);(115.55, 23.2);(115.55, 23.6);(115.95, 22.8);(115.95, 23.2)",True
59663,2009-06-13 21:00:00,52.5,SURF,True,EXTREME_TYPE1,103,11,11,"(111.45, 21.6);(111.45, 22.0);(111.86, 21.2);(111.86, 21.6);(111.86, 22.0);(111.86, 22.4);(112.27, 21.6);(112.27, 22.0);(112.27, 22.4);(112.68, 21.6);(112.68, 22.0)",True
59663,2009-06-13 22:00:00,50.8,SURF,True,EXTREME_TYPE1,103,11,11,"(111.45, 21.6);(111.45, 22.0);(111.86, 21.2);(111.86, 21.6);(111.86, 22.0);(111.86, 22.4);(112.27, 21.6);(112.27, 22.0);(112.27, 22.4);(112.68, 21.6);(112.68, 22.0)",True
59082,2009-06-14 18:00:00,51.9,SURF,True,EXTREME_TYPE1,72,12,1,"(113.5, 24.0)",True
59664,2009-06-15 12:00:00,34.0,SURF,True,EXTREME_TYPE1,101,10,9,"(110.64, 21.2);(110.64, 21.6);(110.64, 22.0);(111.05, 21.2);(111.05, 21.6);(111.05, 22.0);(111.45, 21.2);(111.45, 21.6);(111.45, 22.0)",True
G3531,2009-06-19 19:00:00,603.7,AWST,False,FALSE,244,10,0,,True
59318,2009-06-21 20:00:00,15.4,SURF,True,EXTREME_TYPE1,56,12,11,"(115.95, 23.2);(115.95, 23.6);(116.36, 22.8);(116.36, 23.2);(116.36, 23.6);(116.36, 24.0);(116.77, 22.8);(116.77, 23.2);(116.77, 23.6);(117.18, 23.2);(117.18, 23.6)",True
59317,2009-06-22 07:00:00,63.5,SURF,True,EXTREME_TYPE1,82,9,9,"(115.95, 22.4);(115.95, 22.8);(115.95, 23.2);(115.95, 23.6);(116.36, 22.8);(116.36, 23.2);(116.36, 23.6);(116.77, 22.8);(116.77, 23.2)",True
59087,2009-06-22 08:00:00,43.5,SURF,True,EXTREME_TYPE1,102,10,10,"(113.09, 23.6);(113.09, 24.0);(113.09, 24.4);(113.5, 23.2);(113.5, 23.6);(113.5, 24.0);(113.5, 24.4);(113.91, 23.6);(113.91, 24.0);(113.91, 24.4)",True
59106,2009-06-22 09:00:00,138.9,SURF,True,FALSE,62,10,0,,True
59106,2009-06-22 13:00:00,61.4,SURF,True,EXTREME_TYPE1,62,10,9,"(115.14, 24.4);(115.14, 24.8);(115.55, 24.0);(115.55, 24.4);(115.55, 24.8);(115.95, 24.4);(115.95, 24.8);(116.36, 24.4);(116.36, 24.8)",True
59107,2009-06-22 16:00:00,11.0,SURF,True,EXTREME_TYPE1,112,12,12,"(114.73, 23.6);(114.73, 24.0);(114.73, 24.4);(115.14, 23.6);(115.14, 24.0);(115.14, 24.4);(115.14, 24.8);(115.55, 23.6);(115.55, 24.0);(115.55, 24.4);(115.95, 24.0);(115.95, 24.4)",True
59096,2009-06-22 17:00:00,55.0,SURF,True,EXTREME_TYPE1,47,12,12,"(113.91, 24.0);(113.91, 24.4);(113.91, 24.8);(114.32, 24.0);(114.32, 24.4);(114.32, 24.8);(114.73, 24.0);(114.73, 24.4);(114.73, 24.8);(115.14, 24.0);(115.14, 24.4);(115.14, 24.8)",True
59285,2009-06-23 08:00:00,13.6,SURF,True,EXTREME_TYPE1,159,10,10,"(113.09, 23.2);(113.09, 23.6);(113.09, 24.0);(113.5, 23.2);(113.5, 23.6);(113.5, 24.0);(113.91, 23.2);(113.91, 23.6);(113.91, 24.0);(114.32, 23.6)",True
59310,2009-06-23 14:00:00,68.1,SURF,True,FALSE,106,12,0,,True
59750,2009-06-26 14:00:00,52.7,SURF,True,EXTREME_TYPE1,68,11,8,"(109.41, 21.2);(109.82, 20.4);(109.82, 20.8);(109.82, 21.2);(110.23, 20.4);(110.23, 20.8);(110.23, 21.2);(110.64, 20.8)",True
59280,2009-06-27 17:00:00,27.3,SURF,True,EXTREME_TYPE1,134,10,10,"(112.68, 23.2);(112.68, 23.6);(112.68, 24.0);(113.09, 23.2);(113.09, 23.6);(113.09, 24.0);(113.09, 24.4);(113.5, 23.2);(113.5, 23.6);(113.5, 24.0)",True
59492,2009-06-28 01:00:00,26.0,SURF,True,EXTREME_TYPE1,88,11,11,"(114.32, 22.4);(114.32, 22.8);(114.32, 23.2);(114.32, 23.6);(114.73, 22.4);(114.73, 22.8);(114.73, 23.2);(114.73, 23.6);(115.14, 22.8);(115.14, 23.2);(115.14, 23.6)",True
59478,2009-06-28 12:00:00,20.9,SURF,True,EXTREME_TYPE1,333,12,12,"(112.27, 22.0);(112.27, 22.4);(112.68, 21.6);(112.68, 22.0);(112.68, 22.4);(112.68, 22.8);(113.09, 21.6);(113.09, 22.0);(113.09, 22.4);(113.09, 22.8);(113.5, 22.0);(113.5, 22.4)",True
59476,2009-06-28 17:00:00,13.2,SURF,True,EXTREME_TYPE1,509,11,11,"(112.27, 22.4);(112.68, 22.0);(112.68, 22.4);(112.68, 22.8);(113.09, 22.0);(113.09, 22.4);(113.09, 22.8);(113.09, 23.2);(113.5, 22.0);(113.5, 22.4);(113.5, 22.8)",True
59477,2009-07-04 02:00:00,6.0,SURF,True,EXTREME_TYPE1,350,10,10,"(111.86, 22.0);(111.86, 22.4);(111.86, 22.8);(112.27, 21.6);(112.27, 22.0);(112.27, 22.4);(112.27, 22.8);(112.68, 22.0);(112.68, 22.4);(112.68, 22.8)",True
59462,2009-07-04 13:00:00,2.8,SURF,True,EXTREME_TYPE1,175,11,11,"(111.05, 22.4);(111.05, 22.8);(111.05, 23.2);(111.45, 22.4);(111.45, 22.8);(111.45, 23.2);(111.86, 22.4);(111.86, 22.8);(111.86, 23.2);(112.27, 22.4);(112.27, 22.8)",True
59653,2009-07-05 16:00:00,14.6,SURF,True,EXTREME_TYPE1,93,11,11,"(110.23, 21.6);(110.23, 22.0);(110.64, 21.6);(110.64, 22.0);(110.64, 22.4);(111.05, 21.6);(111.05, 22.0);(111.05, 22.4);(111.45, 21.6);(111.45, 22.0);(111.45, 22.4)",True
59304,2009-07-12 14:00:00,15.4,SURF,True,EXTREME_TYPE1,119,9,9,"(114.73, 23.2);(114.73, 23.6);(114.73, 24.0);(115.14, 23.2);(115.14, 23.6);(115.14, 24.0);(115.55, 23.2);(115.55, 23.6);(115.55, 24.0)",True
59462,2009-07-19 01:00:00,50.7,SURF,True,EXTREME_TYPE1,171,11,11,"(111.05, 22.4);(111.05, 22.8);(111.05, 23.2);(111.45, 22.4);(111.45, 22.8);(111.45, 23.2);(111.86, 22.4);(111.86, 22.8);(111.86, 23.2);(112.27, 22.4);(112.27, 22.8)",True
59664,2009-07-19 09:00:00,62.9,SURF,True,EXTREME_TYPE1,101,10,10,"(110.23, 21.6);(110.64, 21.2);(110.64, 21.6);(110.64, 22.0);(111.05, 21.2);(111.05, 21.6);(111.05, 22.0);(111.45, 21.2);(111.45, 21.6);(111.45, 22.0)",True
59656,2009-07-19 10:00:00,30.4,SURF,True,EXTREME_TYPE1,75,11,11,"(110.23, 21.2);(110.23, 21.6);(110.64, 20.8);(110.64, 21.2);(110.64, 21.6);(110.64, 22.0);(111.05, 21.2);(111.05, 21.6);(111.05, 22.0);(111.45, 21.2);(111.45, 21.6)",True
59456,2009-07-19 13:00:00,18.7,SURF,True,EXTREME_TYPE1,83,10,10,"(110.23, 22.4);(110.64, 22.0);(110.64, 22.4);(110.64, 22.8);(111.05, 22.0);(111.05, 22.4);(111.05, 22.8);(111.45, 22.0);(111.45, 22.4);(111.45, 22.8)",True
59750,2009-07-20 16:00:00,51.5,SURF,True,EXTREME_TYPE1,70,11,11,"(109.41, 21.2);(109.82, 20.4);(109.82, 20.8);(109.82, 21.2);(109.82, 21.6);(110.23, 20.4);(110.23, 20.8);(110.23, 21.2);(110.23, 21.6);(110.64, 20.8);(110.64, 21.2)",True
59315,2009-07-23 15:00:00,3.8,SURF,True,EXTREME_TYPE1,56,10,10,"(115.95, 23.2);(115.95, 23.6);(115.95, 24.0);(116.36, 23.2);(116.36, 23.6);(116.36, 24.0);(116.77, 23.2);(116.77, 23.6);(116.77, 24.0);(117.18, 23.6)",True
59316,2009-07-25 11:00:00,10.8,SURF,True,EXTREME_TYPE1,56,12,12,"(115.95, 23.2);(115.95, 23.6);(116.36, 22.8);(116.36, 23.2);(116.36, 23.6);(116.36, 24.0);(116.77, 22.8);(116.77, 23.2);(116.77, 23.6);(116.77, 24.0);(117.18, 23.2);(117.18, 23.6)",True
59478,2009-07-25 11:00:00,25.8,SURF,True,EXTREME_TYPE1,338,12,9,"(112.27, 22.0);(112.27, 22.4);(112.68, 22.0);(112.68, 22.4);(112.68, 22.8);(113.09, 22.0);(113.09, 22.4);(113.09, 22.8);(113.5, 22.4)",True
59502,2009-07-26 05:00:00,41.1,SURF,True,FALSE,98,12,0,,True
59074,2009-07-28 08:00:00,53.0,SURF,True,FALSE,82,9,0,,True
59655,2009-07-29 02:00:00,53.0,SURF,True,EXTREME_TYPE1,100,10,6,"(110.23, 21.2);(110.23, 21.6);(110.64, 21.2);(110.64, 21.6);(111.05, 21.2);(111.05, 21.6)",True
59287,2009-07-31 12:00:00,12.9,SURF,True,EXTREME_TYPE1,244,9,9,"(113.09, 22.8);(113.09, 23.2);(113.09, 23.6);(113.5, 22.8);(113.5, 23.2);(113.5, 23.6);(113.91, 22.8);(113.91, 23.2);(113.91, 23.6)",True
59278,2009-08-05 01:00:00,2.2,SURF,True,EXTREME_TYPE1,451,12,12,"(111.86, 22.8);(111.86, 23.2);(112.27, 22.4);(112.27, 22.8);(112.27, 23.2);(112.27, 23.6);(112.68, 22.4);(112.68, 22.8);(112.68, 23.2);(112.68, 23.6);(113.09, 22.8);(113.09, 23.2)",True
59456,2009-08-05 01:00:00,7.2,SURF,True,EXTREME_TYPE1,83,10,10,"(110.23, 22.4);(110.64, 22.0);(110.64, 22.4);(110.64, 22.8);(111.05, 22.0);(111.05, 22.4);(111.05, 22.8);(111.45, 22.0);(111.45, 22.4);(111.45, 22.8)",True
59663,2009-08-05 08:00:00,2.7,SURF,True,EXTREME_TYPE1,108,11,11,"(111.45, 21.6);(111.45, 22.0);(111.86, 21.2);(111.86, 21.6);(111.86, 22.0);(111.86, 22.4);(112.27, 21.6);(112.27, 22.0);(112.27, 22.4);(112.68, 21.6);(112.68, 22.0)",True
G2505,2009-08-05 10:00:00,278.1,AWST,False,FALSE,70,10,0,,True
G2505,2009-08-05 11:00:00,337.7,AWST,False,FALSE,71,10,0,,True
59673,2009-08-05 12:00:00,60.1,SURF,True,EXTREME_TYPE1,22,8,7,"(112.27, 21.6);(112.27, 22.0);(112.68, 21.6);(112.68, 22.0);(113.09, 21.6);(113.09, 22.0);(113.5, 21.6)",True
59673,2009-08-05 13:00:00,43.1,SURF,True,EXTREME_TYPE1,22,8,8,"(112.27, 21.6);(112.27, 22.0);(112.68, 21.6);(112.68, 22.0);(112.68, 22.4);(113.09, 21.6);(113.09, 22.0);(113.5, 21.6)",True
59476,2009-08-06 01:00:00,18.5,SURF,True,EXTREME_TYPE1,522,11,11,"(112.27, 22.4);(112.68, 22.0);(112.68, 22.4);(112.68, 22.8);(113.09, 22.0);(113.09, 22.4);(113.09, 22.8);(113.09, 23.2);(113.5, 22.0);(113.5, 22.4);(113.5, 22.8)",True
59477,2009-08-06 04:00:00,32.6,SURF,True,EXTREME_TYPE1,352,10,10,"(111.86, 22.0);(111.86, 22.4);(111.86, 22.8);(112.27, 21.6);(112.27, 22.0);(112.27, 22.4);(112.27, 22.8);(112.68, 22.0);(112.68, 22.4);(112.68, 22.8)",True
59476,2009-08-10 23:00:00,53.7,SURF,True,EXTREME_TYPE1,518,11,11,"(112.27, 22.4);(112.68, 22.0);(112.68, 22.4);(112.68, 22.8);(113.09, 22.0);(113.09, 22.4);(113.09, 22.8);(113.09, 23.2);(113.5, 22.0);(113.5, 22.4);(113.5, 22.8)",True
59288,2009-08-11 17:00:00,33.9,SURF,True,EXTREME_TYPE1,334,10,10,"(112.27, 23.2);(112.68, 22.8);(112.68, 23.2);(112.68, 23.6);(113.09, 22.8);(113.09, 23.2);(113.09, 23.6);(113.5, 22.8);(113.5, 23.2);(113.5, 23.6)",True
59114,2009-08-11 22:00:00,20.6,SURF,True,EXTREME_TYPE1,38,10,10,"(115.55, 24.4);(115.55, 24.8);(115.95, 24.0);(115.95, 24.4);(115.95, 24.8);(116.36, 24.0);(116.36, 24.4);(116.36, 24.8);(116.77, 24.4);(116.77, 24.8)",True
59279,2009-08-12 05:00:00,58.7,SURF,True,EXTREME_TYPE1,330,12,12,"(112.27, 22.8);(112.27, 23.2);(112.27, 23.6);(112.68, 22.8);(112.68, 23.2);(112.68, 23.6);(113.09, 22.8);(113.09, 23.2);(113.09, 23.6);(113.5, 22.8);(113.5, 23.2);(113.5, 23.6)",True
59288,2009-08-12 05:00:00,65.0,SURF,True,EXTREME_TYPE1,330,10,10,"(112.27, 23.2);(112.68, 22.8);(112.68, 23.2);(112.68, 23.6);(113.09, 22.8);(113.09, 23.2);(113.09, 23.6);(113.5, 22.8);(113.5, 23.2);(113.5, 23.6)",True
59462,2009-08-12 07:00:00,62.2,SURF,True,EXTREME_TYPE1,174,11,8,"(111.45, 22.4);(111.45, 22.8);(111.45, 23.2);(111.86, 22.4);(111.86, 22.8);(111.86, 23.2);(112.27, 22.4);(112.27, 22.8)",True
59294,2009-08-17 01:00:00,23.2,SURF,True,EXTREME_TYPE1,158,11,11,"(113.09, 23.2);(113.5, 22.8);(113.5, 23.2);(113.5, 23.6);(113.91, 22.8);(113.91, 23.2);(113.91, 23.6);(113.91, 24.0);(114.32, 22.8);(114.32, 23.2);(114.32, 23.6)",True
G8207,2009-08-23 20:00:00,2.1,AWST,False,EXTREME_TYPE1,329,12,12,"(112.27, 23.2);(112.27, 23.6);(112.27, 24.0);(112.68, 22.8);(112.68, 23.2);(112.68, 23.6);(112.68, 24.0);(113.09, 23.2);(113.09, 23.6);(113.09, 24.0);(113.5, 23.2);(113.5, 23.6)",True
59287,2009-08-25 16:00:00,40.4,SURF,True,EXTREME_TYPE1,245,9,9,"(113.09, 22.8);(113.09, 23.2);(113.09, 23.6);(113.5, 22.8);(113.5, 23.2);(113.5, 23.6);(113.91, 22.8);(113.91, 23.2);(113.91, 23.6)",True
59290,2009-09-09 07:00:00,32.0,SURF,True,EXTREME_TYPE1,88,11,10,"(113.5, 23.6);(113.91, 23.2);(113.91, 23.6);(113.91, 24.0);(114.32, 23.2);(114.32, 23.6);(114.32, 24.0);(114.32, 24.4);(114.73, 23.6);(114.73, 24.0)",True
59107,2009-09-12 23:00:00,16.9,SURF,True,EXTREME_TYPE1,112,12,6,"(114.73, 23.6);(115.14, 23.6);(115.14, 24.0);(115.55, 23.6);(115.55, 24.0);(115.95, 24.0)",True
59476,2009-09-15 05:00:00,15.1,SURF,True,EXTREME_TYPE1,494,11,11,"(112.27, 22.4);(112.68, 22.0);(112.68, 22.4);(112.68, 22.8);(113.09, 22.0);(113.09, 22.4);(113.09, 22.8);(113.09, 23.2);(113.5, 22.0);(113.5, 22.4);(113.5, 22.8)",True
59663,2009-09-15 09:00:00,21.1,SURF,True,EXTREME_TYPE1,103,11,11,"(111.45, 21.6);(111.45, 22.0);(111.86, 21.2);(111.86, 21.6);(111.86, 22.0);(111.86, 22.4);(112.27, 21.6);(112.27, 22.0);(112.27, 22.4);(112.68, 21.6);(112.68, 22.0)",True
59276,2009-09-15 11:00:00,7.5,SURF,True,EXTREME_TYPE1,308,10,10,"(112.27, 22.8);(112.27, 23.2);(112.27, 23.6);(112.68, 22.8);(112.68, 23.2);(112.68, 23.6);(112.68, 24.0);(113.09, 22.8);(113.09, 23.2);(113.09, 23.6)",True
59290,2009-09-16 01:00:00,28.9,SURF,True,EXTREME_TYPE1,87,11,11,"(113.5, 23.6);(113.91, 23.2);(113.91, 23.6);(113.91, 24.0);(113.91, 24.4);(114.32, 23.2);(114.32, 23.6);(114.32, 24.0);(114.32, 24.4);(114.73, 23.6);(114.73, 24.0)",True
59269,2009-10-13 11:00:00,1.4,SURF,True,EXTREME_TYPE1,149,9,9,"(111.45, 22.8);(111.45, 23.2);(111.45, 23.6);(111.86, 22.8);(111.86, 23.2);(111.86, 23.6);(112.27, 22.8);(112.27, 23.2);(112.27, 23.6)",True
59477,2009-10-19 21:00:00,4.3,SURF,True,EXTREME_TYPE1,348,10,10,"(111.86, 22.0);(111.86, 22.4);(111.86, 22.8);(112.27, 21.6);(112.27, 22.0);(112.27, 22.4);(112.27, 22.8);(112.68, 22.0);(112.68, 22.4);(112.68, 22.8)",True
59109,2009-11-12 19:00:00,1.0,SURF,True,EXTREME_TYPE1,101,12,12,"(115.14, 24.0);(115.14, 24.4);(115.55, 23.6);(115.55, 24.0);(115.55, 24.4);(115.55, 24.8);(115.95, 23.6);(115.95, 24.0);(115.95, 24.4);(115.95, 24.8);(116.36, 24.0);(116.36, 24.4)",True
59485,2009-11-16 02:00:00,1.3,SURF,True,EXTREME_TYPE1,420,12,12,"(112.68, 22.4);(112.68, 22.8);(113.09, 22.0);(113.09, 22.4);(113.09, 22.8);(113.5, 22.0);(113.5, 22.4);(113.5, 22.8);(113.5, 23.2);(113.91, 22.0);(113.91, 22.4);(113.91, 22.8)",True
59485,2010-02-07 15:00:00,1.1,SURF,True,EXTREME_TYPE1,441,12,12,"(112.68, 22.4);(112.68, 22.8);(113.09, 22.0);(113.09, 22.4);(113.09, 22.8);(113.5, 22.0);(113.5, 22.4);(113.5, 22.8);(113.5, 23.2);(113.91, 22.0);(113.91, 22.4);(113.91, 22.8)",True
59314,2010-03-07 04:00:00,33.1,SURF,True,EXTREME_TYPE1,114,12,10,"(115.55, 23.2);(115.55, 23.6);(115.95, 22.8);(115.95, 23.2);(115.95, 23.6);(116.36, 22.8);(116.36, 23.2);(116.36, 23.6);(116.77, 23.2);(116.77, 23.6)",True
59673,2010-03-25 01:00:00,7.4,SURF,True,EXTREME_TYPE1,23,8,8,"(112.27, 21.6);(112.27, 22.0);(112.68, 21.6);(112.68, 22.0);(112.68, 22.4);(113.09, 21.6);(113.09, 22.0);(113.5, 21.6)",True
59313,2010-04-08 03:00:00,15.4,SURF,True,EXTREME_TYPE1,16,9,9,"(116.36, 23.6);(116.36, 24.0);(116.77, 23.2);(116.77, 23.6);(116.77, 24.0);(117.18, 23.2);(117.18, 23.6);(117.18, 24.0);(117.59, 23.6)",True
59071,2010-04-08 05:00:00,6.8,SURF,True,EXTREME_TYPE1,60,8,8,"(111.86, 24.4);(111.86, 24.8);(112.27, 24.4);(112.27, 24.8);(112.27, 25.2);(112.68, 24.4);(112.68, 24.8);(112.68, 25.2)",True
59075,2010-04-08 05:00:00,3.3,SURF,True,EXTREME_TYPE1,118,12,12,"(111.86, 24.0);(111.86, 24.4);(112.27, 24.0);(112.27, 24.4);(112.27, 24.8);(112.68, 23.6);(112.68, 24.0);(112.68, 24.4);(112.68, 24.8);(113.09, 24.0);(113.09, 24.4);(113.09, 24.8)",True
59293,2010-04-08 08:00:00,7.3,SURF,True,EXTREME_TYPE1,98,11,11,"(114.32, 23.2);(114.32, 23.6);(114.32, 24.0);(114.73, 23.2);(114.73, 23.6);(114.73, 24.0);(114.73, 24.4);(115.14, 23.2);(115.14, 23.6);(115.14, 24.0);(115.14, 24.4)",True
59290,2010-04-13 09:00:00,5.1,SURF,True,EXTREME_TYPE1,118,11,11,"(113.5, 23.6);(113.91, 23.2);(113.91, 23.6);(113.91, 24.0);(113.91, 24.4);(114.32, 23.2);(114.32, 23.6);(114.32, 24.0);(114.32, 24.4);(114.73, 23.6);(114.73, 24.0)",True
59501,2010-04-13 09:00:00,36.0,SURF,True,FALSE,119,12,0,,True
59088,2010-04-13 18:00:00,9.5,SURF,True,EXTREME_TYPE1,132,12,12,"(112.68, 24.0);(112.68, 24.4);(113.09, 23.6);(113.09, 24.0);(113.09, 24.4);(113.09, 24.8);(113.5, 23.6);(113.5, 24.0);(113.5, 24.4);(113.5, 24.8);(113.91, 24.0);(113.91, 24.4)",True
59117,2010-04-15 07:00:00,2.0,SURF,True,EXTREME_TYPE1,65,12,12,"(115.55, 24.0);(115.55, 24.4);(115.55, 24.8);(115.95, 23.6);(115.95, 24.0);(115.95, 24.4);(115.95, 24.8);(116.36, 24.0);(116.36, 24.4);(116.36, 24.8);(116.77, 24.0);(116.77, 24.4)",True
59658,2010-04-19 17:00:00,11.8,SURF,True,EXTREME_TYPE1,57,10,10,"(109.82, 20.8);(109.82, 21.2);(109.82, 21.6);(110.23, 20.8);(110.23, 21.2);(110.23, 21.6);(110.64, 20.8);(110.64, 21.2);(110.64, 21.6);(111.05, 21.2)",True
59293,2010-04-22 10:00:00,67.2,SURF,True,EXTREME_TYPE1,98,11,11,"(114.32, 23.2);(114.32, 23.6);(114.32, 24.0);(114.73, 23.2);(114.73, 23.6);(114.73, 24.0);(114.73, 24.4);(115.14, 23.2);(115.14, 23.6);(115.14, 24.0);(115.14, 24.4)",True
59469,2010-04-22 10:00:00,23.6,SURF,True,EXTREME_TYPE1,163,11,11,"(111.05, 22.0);(111.45, 21.6);(111.45, 22.0);(111.45, 22.4);(111.86, 21.6);(111.86, 22.0);(111.86, 22.4);(111.86, 22.8);(112.27, 21.6);(112.27, 22.0);(112.27, 22.4)",True
59107,2010-04-22 15:00:00,6.7,SURF,True,EXTREME_TYPE1,121,12,12,"(114.73, 23.6);(114.73, 24.0);(114.73, 24.4);(115.14, 23.6);(115.14, 24.0);(115.14, 24.4);(115.14, 24.8);(115.55, 23.6);(115.55, 24.0);(115.55, 24.4);(115.95, 24.0);(115.95, 24.4)",True
59298,2010-04-29 14:00:00,5.5,SURF,True,EXTREME_TYPE1,105,11,11,"(113.91, 22.8);(113.91, 23.2);(113.91, 23.6);(114.32, 22.4);(114.32, 22.8);(114.32, 23.2);(114.32, 23.6);(114.73, 22.8);(114.73, 23.2);(114.73, 23.6);(115.14, 23.2)",True
57996,2010-05-06 09:00:00,7.0,SURF,True,EXTREME_TYPE1,24,10,10,"(113.5, 25.2);(113.91, 24.8);(113.91, 25.2);(113.91, 25.6);(114.32, 24.4);(114.32, 24.8);(114.32, 25.2);(114.32, 25.6);(114.73, 24.8);(114.73, 25.2)",True
59099,2010-05-06 11:00:00,74.2,SURF,True,EXTREME_TYPE1,73,10,10,"(114.32, 24.4);(114.32, 24.8);(114.73, 24.0);(114.73, 24.4);(114.73, 24.8);(115.14, 24.0);(115.14, 24.4);(115.14, 24.8);(115.55, 24.4);(115.55, 24.8)",True
59094,2010-05-06 17:00:00,51.0,SURF,True,EXTREME_TYPE1,69,12,12,"(113.5, 24.0);(113.5, 24.4);(113.5, 24.8);(113.91, 24.0);(113.91, 24.4);(113.91, 24.8);(114.32, 24.0);(114.32, 24.4);(114.32, 24.8);(114.73, 24.0);(114.73, 24.4);(114.73, 24.8)",True
59107,2010-05-06 17:00:00,55.8,SURF,True,EXTREME_TYPE1,120,12,12,"(114.73, 23.6);(114.73, 24.0);(114.73, 24.4);(115.14, 23.6);(115.14, 24.0);(115.14, 24.4);(115.14, 24.8);(115.55, 23.6);(115.55, 24.0);(115.55, 24.4);(115.95, 24.0);(115.95, 24.4)",True
59312,2010-05-06 17:00:00,14.3,SURF,True,EXTREME_TYPE1,57,10,10,"(115.95, 23.6);(116.36, 23.2);(116.36, 23.6);(116.36, 24.0);(116.77, 23.2);(116.77, 23.6);(116.77, 24.0);(117.18, 23.2);(117.18, 23.6);(117.18, 24.0)",True
59087,2010-05-06 22:00:00,51.0,SURF,True,EXTREME_TYPE1,112,10,10,"(113.09, 23.6);(113.09, 24.0);(113.09, 24.4);(113.5, 23.2);(113.5, 23.6);(113.5, 24.0);(113.5, 24.4);(113.91, 23.6);(113.91, 24.0);(113.91, 24.4)",True
59271,2010-05-06 23:00:00,30.2,SURF,True,EXTREME_TYPE1,151,11,11,"(111.86, 23.2);(111.86, 23.6);(111.86, 24.0);(112.27, 23.2);(112.27, 23.6);(112.27, 24.0);(112.68, 23.2);(112.68, 23.6);(112.68, 24.0);(113.09, 23.6);(113.09, 24.0)",True
59284,2010-05-07 01:00:00,115.2,SURF,True,EXTREME_TYPE1,270,12,12,"(112.68, 23.2);(112.68, 23.6);(113.09, 22.8);(113.09, 23.2);(113.09, 23.6);(113.09, 24.0);(113.5, 22.8);(113.5, 23.2);(113.5, 23.6);(113.5, 24.0);(113.91, 23.2);(113.91, 23.6)",True
59287,2010-05-07 03:00:00,63.1,SURF,True,EXTREME_TYPE1,264,9,9,"(113.09, 22.8);(113.09, 23.2);(113.09, 23.6);(113.5, 22.8);(113.5, 23.2);(113.5, 23.6);(113.91, 22.8);(113.91, 23.2);(113.91, 23.6)",True
59493,2010-05-07 03:00:00,42.9,SURF,True,EXTREME_TYPE1,132,13,13,"(113.5, 22.0);(113.5, 22.4);(113.5, 22.8);(113.91, 22.0);(113.91, 22.4);(113.91, 22.8);(113.91, 23.2);(114.32, 22.0);(114.32, 22.4);(114.32, 22.8);(114.32, 23.2);(114.73, 22.4);(114.73, 22.8)",True
59279,2010-05-07 04:00:00,91.7,SURF,True,EXTREME_TYPE1,349,12,12,"(112.27, 22.8);(112.27, 23.2);(112.27, 23.6);(112.68, 22.8);(112.68, 23.2);(112.68, 23.6);(113.09, 22.8);(113.09, 23.2);(113.09, 23.6);(113.5, 22.8);(113.5, 23.2);(113.5, 23.6)",True
59269,2010-05-09 15:00:00,79.8,SURF,True,EXTREME_TYPE1,154,9,9,"(111.45, 22.8);(111.45, 23.2);(111.45, 23.6);(111.86, 22.8);(111.86, 23.2);(111.86, 23.6);(112.27, 22.8);(112.27, 23.2);(112.27, 23.6)",True
59476,2010-05-09 23:00:00,66.0,SURF,True,EXTREME_TYPE1,526,11,11,"(112.27, 22.4);(112.68, 22.0);(112.68, 22.4);(112.68, 22.8);(113.09, 22.0);(113.09, 22.4);(113.09, 22.8);(113.09, 23.2);(113.5, 22.0);(113.5, 22.4);(113.5, 22.8)",True
59478,2010-05-10 00:00:00,51.2,SURF,True,EXTREME_TYPE1,342,12,12,"(112.27, 22.0);(112.27, 22.4);(112.68, 21.6);(112.68, 22.0);(112.68, 22.4);(112.68, 22.8);(113.09, 21.6);(113.09, 22.0);(113.09, 22.4);(113.09, 22.8);(113.5, 22.0);(113.5, 22.4)",True
59476,2010-05-10 09:00:00,26.4,SURF,True,EXTREME_TYPE1,528,11,11,"(112.27, 22.4);(112.68, 22.0);(112.68, 22.4);(112.68, 22.8);(113.09, 22.0);(113.09, 22.4);(113.09, 22.8);(113.09, 23.2);(113.5, 22.0);(113.5, 22.4);(113.5, 22.8)",True
59284,2010-05-14 18:00:00,52.8,SURF,True,EXTREME_TYPE1,273,12,12,"(112.68, 23.2);(112.68, 23.6);(113.09, 22.8);(113.09, 23.2);(113.09, 23.6);(113.09, 24.0);(113.5, 22.8);(113.5, 23.2);(113.5, 23.6);(113.5, 24.0);(113.91, 23.2);(113.91, 23.6)",True
59481,2010-05-15 01:00:00,71.2,SURF,True,EXTREME_TYPE1,425,12,12,"(112.68, 22.8);(112.68, 23.2);(113.09, 22.4);(113.09, 22.8);(113.09, 23.2);(113.09, 23.6);(113.5, 22.4);(113.5, 22.8);(113.5, 23.2);(113.5, 23.6);(113.91, 22.8);(113.91, 23.2)",True
59663,2010-05-15 02:00:00,86.4,SURF,True,EXTREME_TYPE1,124,11,11,"(111.45, 21.6);(111.45, 22.0);(111.86, 21.2);(111.86, 21.6);(111.86, 22.0);(111.86, 22.4);(112.27, 21.6);(112.27, 22.0);(112.27, 22.4);(112.68, 21.6);(112.68, 22.0)",True
59663,2010-05-15 11:00:00,47.6,SURF,True,EXTREME_TYPE1,123,11,11,"(111.45, 21.6);(111.45, 22.0);(111.86, 21.2);(111.86, 21.6);(111.86, 22.0);(111.86, 22.4);(112.27, 21.6);(112.27, 22.0);(112.27, 22.4);(112.68, 21.6);(112.68, 22.0)",True
59654,2010-05-15 15:00:00,39.8,SURF,True,EXTREME_TYPE1,91,10,10,"(109.82, 21.2);(109.82, 21.6);(109.82, 22.0);(110.23, 21.2);(110.23, 21.6);(110.23, 22.0);(110.64, 21.2);(110.64, 21.6);(110.64, 22.0);(111.05, 21.6)",True
59081,2010-05-19 11:00:00,50.5,SURF,True,EXTREME_TYPE1,84,12,12,"(112.68, 24.4);(112.68, 24.8);(112.68, 25.2);(113.09, 24.4);(113.09, 24.8);(113.09, 25.2);(113.5, 24.4);(113.5, 24.8);(113.5, 25.2);(113.91, 24.4);(113.91, 24.8);(113.91, 25.2)",True
59106,2010-05-19 17:00:00,4.8,SURF,True,EXTREME_TYPE1,62,10,10,"(115.14, 24.4);(115.14, 24.8);(115.55, 24.0);(115.55, 24.4);(115.55, 24.8);(115.95, 24.0);(115.95, 24.4);(115.95, 24.8);(116.36, 24.4);(116.36, 24.8)",True
59075,2010-05-20 18:00:00,56.3,SURF,True,EXTREME_TYPE1,125,12,9,"(112.27, 24.0);(112.27, 24.4);(112.27, 24.8);(112.68, 24.0);(112.68, 24.4);(112.68, 24.8);(113.09, 24.0);(113.09, 24.4);(113.09, 24.8)",True
59071,2010-05-22 14:00:00,1.5,SURF,True,EXTREME_TYPE1,63,8,8,"(111.86, 24.4);(111.86, 24.8);(112.27, 24.4);(112.27, 24.8);(112.27, 25.2);(112.68, 24.4);(112.68, 24.8);(112.68, 25.2)",True
59314,2010-05-23 03:00:00,60.5,SURF,True,EXTREME_TYPE1,118,12,12,"(115.55, 23.2);(115.55, 23.6);(115.95, 22.8);(115.95, 23.2);(115.95, 23.6);(115.95, 24.0);(116.36, 22.8);(116.36, 23.2);(116.36, 23.6);(116.36, 24.0);(116.77, 23.2);(116.77, 23.6)",True
59317,2010-05-23 07:00:00,56.3,SURF,True,EXTREME_TYPE1,97,9,9,"(115.95, 22.4);(115.95, 22.8);(115.95, 23.2);(115.95, 23.6);(116.36, 22.8);(116.36, 23.2);(116.36, 23.6);(116.77, 22.8);(116.77, 23.2)",True
59750,2010-05-27 17:00:00,52.8,SURF,True,EXTREME_TYPE1,73,11,8,"(109.82, 20.4);(109.82, 20.8);(109.82, 21.2);(110.23, 20.4);(110.23, 20.8);(110.23, 21.2);(110.64, 20.8);(110.64, 21.2)",True
59271,2010-05-29 03:00:00,1.3,SURF,True,EXTREME_TYPE1,148,11,11,"(111.86, 23.2);(111.86, 23.6);(111.86, 24.0);(112.27, 23.2);(112.27, 23.6);(112.27, 24.0);(112.68, 23.2);(112.68, 23.6);(112.68, 24.0);(113.09, 23.6);(113.09, 24.0)",True
59476,2010-05-29 17:00:00,23.3,SURF,True,EXTREME_TYPE1,535,11,11,"(112.27, 22.4);(112.68, 22.0);(112.68, 22.4);(112.68, 22.8);(113.09, 22.0);(113.09, 22.4);(113.09, 22.8);(113.09, 23.2);(113.5, 22.0);(113.5, 22.4);(113.5, 22.8)",True
59663,2010-06-02 13:00:00,3.0,SURF,True,EXTREME_TYPE1,123,11,11,"(111.45, 21.6);(111.45, 22.0);(111.86, 21.2);(111.86, 21.6);(111.86, 22.0);(111.86, 22.4);(112.27, 21.6);(112.27, 22.0);(112.27, 22.4);(112.68, 21.6);(112.68, 22.0)",True
59655,2010-06-08 07:00:00,53.1,SURF,True,FALSE,107,10,0,,True
59655,2010-06-08 20:00:00,50.3,SURF,True,EXTREME_TYPE1,108,10,10,"(110.23, 21.2);(110.23, 21.6);(110.23, 22.0);(110.64, 21.2);(110.64, 21.6);(110.64, 22.0);(110.64, 22.4);(111.05, 21.2);(111.05, 21.6);(111.05, 22.0)",True
59487,2010-06-09 08:00:00,82.7,SURF,True,EXTREME_TYPE1,267,12,12,"(112.68, 22.0);(112.68, 22.4);(113.09, 21.6);(113.09, 22.0);(113.09, 22.4);(113.09, 22.8);(113.5, 21.6);(113.5, 22.0);(113.5, 22.4);(113.5, 22.8);(113.91, 22.0);(113.91, 22.4)",True
59488,2010-06-09 09:00:00,43.7,SURF,True,EXTREME_TYPE1,140,11,11,"(113.09, 22.0);(113.09, 22.4);(113.09, 22.8);(113.5, 21.6);(113.5, 22.0);(113.5, 22.4);(113.5, 22.8);(113.91, 22.0);(113.91, 22.4);(113.91, 22.8);(114.32, 22.4)",True
59074,2010-06-09 21:00:00,11.5,SURF,True,EXTREME_TYPE1,103,9,9,"(111.86, 24.0);(111.86, 24.4);(111.86, 24.8);(112.27, 24.0);(112.27, 24.4);(112.27, 24.8);(112.27, 25.2);(112.68, 24.4);(112.68, 24.8)",True
59087,2010-06-09 23:00:00,30.6,SURF,True,EXTREME_TYPE1,105,10,10,"(113.09, 23.6);(113.09, 24.0);(113.09, 24.4);(113.5, 23.2);(113.5, 23.6);(113.5, 24.0);(113.5, 24.4);(113.91, 23.6);(113.91, 24.0);(113.91, 24.4)",True
59501,2010-06-10 08:00:00,58.4,SURF,True,EXTREME_TYPE1,110,12,11,"(114.73, 22.4);(114.73, 22.8);(115.14, 22.4);(115.14, 22.8);(115.14, 23.2);(115.55, 22.4);(115.55, 22.8);(115.55, 23.2);(115.95, 22.4);(115.95, 22.8);(115.95, 23.2)",True
59492,2010-06-10 18:00:00,3.9,SURF,True,EXTREME_TYPE1,110,11,11,"(114.32, 22.4);(114.32, 22.8);(114.32, 23.2);(114.32, 23.6);(114.73, 22.4);(114.73, 22.8);(114.73, 23.2);(114.73, 23.6);(115.14, 22.8);(115.14, 23.2);(115.14, 23.6)",True
59493,2010-06-12 02:00:00,9.0,SURF,True,EXTREME_TYPE1,138,13,13,"(113.5, 22.0);(113.5, 22.4);(113.5, 22.8);(113.91, 22.0);(113.91, 22.4);(113.91, 22.8);(113.91, 23.2);(114.32, 22.0);(114.32, 22.4);(114.32, 22.8);(114.32, 23.2);(114.73, 22.4);(114.73, 22.8)",True
59314,2010-06-12 19:00:00,39.6,SURF,True,EXTREME_TYPE1,116,12,12,"(115.55, 23.2);(115.55, 23.6);(115.95, 22.8);(115.95, 23.2);(115.95, 23.6);(115.95, 24.0);(116.36, 22.8);(116.36, 23.2);(116.36, 23.6);(116.36, 24.0);(116.77, 23.2);(116.77, 23.6)",True
59475,2010-06-13 03:00:00,24.3,SURF,True,EXTREME_TYPE1,498,9,9,"(112.27, 22.0);(112.27, 22.4);(112.27, 22.8);(112.68, 22.0);(112.68, 22.4);(112.68, 22.8);(113.09, 22.0);(113.09, 22.4);(113.09, 22.8)",True
59117,2010-06-14 23:00:00,25.2,SURF,True,EXTREME_TYPE1,67,12,12,"(115.55, 24.0);(115.55, 24.4);(115.55, 24.8);(115.95, 23.6);(115.95, 24.0);(115.95, 24.4);(115.95, 24.8);(116.36, 24.0);(116.36, 24.4);(116.36, 24.8);(116.77, 24.0);(116.77, 24.4)",True
59290,2010-06-15 05:00:00,71.9,SURF,True,EXTREME_TYPE1,115,11,11,"(113.5, 23.6);(113.91, 23.2);(113.91, 23.6);(113.91, 24.0);(113.91, 24.4);(114.32, 23.2);(114.32, 23.6);(114.32, 24.0);(114.32, 24.4);(114.73, 23.6);(114.73, 24.0)",True
59293,2010-06-15 10:00:00,61.0,SURF,True,EXTREME_TYPE1,92,11,11,"(114.32, 23.2);(114.32, 23.6);(114.32, 24.0);(114.73, 23.2);(114.73, 23.6);(114.73, 24.0);(114.73, 24.4);(115.14, 23.2);(115.14, 23.6);(115.14, 24.0);(115.14, 24.4)",True
59314,2010-06-16 12:00:00,59.7,SURF,True,EXTREME_TYPE1,117,12,12,"(115.55, 23.2);(115.55, 23.6);(115.95, 22.8);(115.95, 23.2);(115.95, 23.6);(115.95, 24.0);(116.36, 22.8);(116.36, 23.2);(116.36, 23.6);(116.36, 24.0);(116.77, 23.2);(116.77, 23.6)",True
59099,2010-06-17 16:00:00,23.1,SURF,True,EXTREME_TYPE1,70,10,5,"(114.32, 24.4);(114.32, 24.8);(114.73, 24.0);(114.73, 24.4);(114.73, 24.8)",True
59502,2010-06-21 15:00:00,2.2,SURF,True,EXTREME_TYPE1,114,12,10,"(115.14, 22.8);(115.14, 23.2);(115.55, 22.8);(115.55, 23.2);(115.55, 23.6);(115.95, 22.8);(115.95, 23.2);(115.95, 23.6);(116.36, 22.8);(116.36, 23.2)",True
59287,2010-06-21 17:00:00,70.6,SURF,True,EXTREME_TYPE1,267,9,9,"(113.09, 22.8);(113.09, 23.2);(113.09, 23.6);(113.5, 22.8);(113.5, 23.2);(113.5, 23.6);(113.91, 22.8);(113.91, 23.2);(113.91, 23.6)",True
59114,2010-06-22 16:00:00,55.5,SURF,True,EXTREME_TYPE1,38,10,10,"(115.55, 24.4);(115.55, 24.8);(115.95, 24.0);(115.95, 24.4);(115.95, 24.8);(116.36, 24.0);(116.36, 24.4);(116.36, 24.8);(116.77, 24.4);(116.77, 24.8)",True
59297,2010-06-23 09:00:00,9.1,SURF,True,EXTREME_TYPE1,120,10,10,"(113.5, 23.2);(113.91, 22.8);(113.91, 23.2);(113.91, 23.6);(114.32, 22.8);(114.32, 23.2);(114.32, 23.6);(114.73, 22.8);(114.73, 23.2);(114.73, 23.6)",True
59318,2010-06-25 02:00:00,68.6,SURF,True,EXTREME_TYPE1,63,12,12,"(115.95, 23.2);(115.95, 23.6);(116.36, 22.8);(116.36, 23.2);(116.36, 23.6);(116.36, 24.0);(116.77, 22.8);(116.77, 23.2);(116.77, 23.6);(116.77, 24.0);(117.18, 23.2);(117.18, 23.6)",True
59318,2010-06-25 03:00:00,69.2,SURF,True,EXTREME_TYPE1,63,12,12,"(115.95, 23.2);(115.95, 23.6);(116.36, 22.8);(116.36, 23.2);(116.36, 23.6);(116.36, 24.0);(116.77, 22.8);(116.77, 23.2);(116.77, 23.6);(116.77, 24.0);(117.18, 23.2);(117.18, 23.6)",True
59318,2010-06-25 04:00:00,57.9,SURF,True,EXTREME_TYPE1,62,12,11,"(115.95, 23.2);(115.95, 23.6);(116.36, 22.8);(116.36, 23.2);(116.36, 23.6);(116.77, 22.8);(116.77, 23.2);(116.77, 23.6);(116.77, 24.0);(117.18, 23.2);(117.18, 23.6)",True
59264,2010-06-25 07:00:00,32.4,SURF,True,EXTREME_TYPE1,68,9,9,"(111.05, 23.2);(111.45, 22.8);(111.45, 23.2);(111.45, 23.6);(111.45, 24.0);(111.86, 22.8);(111.86, 23.2);(111.86, 23.6);(111.86, 24.0)",True
59653,2010-06-25 11:00:00,17.6,SURF,True,EXTREME_TYPE1,104,11,10,"(110.23, 21.6);(110.23, 22.0);(110.64, 21.6);(110.64, 22.0);(110.64, 22.4);(111.05, 21.6);(111.05, 22.0);(111.05, 22.4);(111.45, 22.0);(111.45, 22.4)",True
59487,2010-06-25 12:00:00,1.0,SURF,True,EXTREME_TYPE1,268,12,12,"(112.68, 22.0);(112.68, 22.4);(113.09, 21.6);(113.09, 22.0);(113.09, 22.4);(113.09, 22.8);(113.5, 21.6);(113.5, 22.0);(113.5, 22.4);(113.5, 22.8);(113.91, 22.0);(113.91, 22.4)",True
59492,2010-06-26 16:00:00,31.6,SURF,True,EXTREME_TYPE1,109,11,11,"(114.32, 22.4);(114.32, 22.8);(114.32, 23.2);(114.32, 23.6);(114.73, 22.4);(114.73, 22.8);(114.73, 23.2);(114.73, 23.6);(115.14, 22.8);(115.14, 23.2);(115.14, 23.6)",True
59485,2010-06-26 17:00:00,4.8,SURF,True,EXTREME_TYPE1,429,12,12,"(112.68, 22.4);(112.68, 22.8);(113.09, 22.0);(113.09, 22.4);(113.09, 22.8);(113.5, 22.0);(113.5, 22.4);(113.5, 22.8);(113.5, 23.2);(113.91, 22.0);(113.91, 22.4);(113.91, 22.8)",True
59284,2010-06-27 07:00:00,52.2,SURF,True,EXTREME_TYPE1,250,12,12,"(112.68, 23.2);(112.68, 23.6);(113.09, 22.8);(113.09, 23.2);(113.09, 23.6);(113.09, 24.0);(113.5, 22.8);(113.5, 23.2);(113.5, 23.6);(113.5, 24.0);(113.91, 23.2);(113.91, 23.6)",True
59074,2010-06-27 13:00:00,9.8,SURF,True,EXTREME_TYPE1,42,9,9,"(111.86, 24.0);(111.86, 24.4);(111.86, 24.8);(112.27, 24.0);(112.27, 24.4);(112.27, 24.8);(112.27, 25.2);(112.68, 24.4);(112.68, 24.8)",True
59478,2010-06-28 06:00:00,50.3,SURF,True,EXTREME_TYPE1,342,12,12,"(112.27, 22.0);(112.27, 22.4);(112.68, 21.6);(112.68, 22.0);(112.68, 22.4);(112.68, 22.8);(113.09, 21.6);(113.09, 22.0);(113.09, 22.4);(113.09, 22.8);(113.5, 22.0);(113.5, 22.4)",True
59473,2010-06-28 09:00:00,19.1,SURF,True,EXTREME_TYPE1,489,10,10,"(112.27, 22.8);(112.68, 22.4);(112.68, 22.8);(112.68, 23.2);(113.09, 22.4);(113.09, 22.8);(113.09, 23.2);(113.5, 22.4);(113.5, 22.8);(113.5, 23.2)",True
59654,2010-07-17 08:00:00,24.2,SURF,True,EXTREME_TYPE1,93,10,10,"(109.82, 21.2);(109.82, 21.6);(109.82, 22.0);(110.23, 21.2);(110.23, 21.6);(110.23, 22.0);(110.64, 21.2);(110.64, 21.6);(110.64, 22.0);(111.05, 21.6)",True
59650,2010-07-17 12:00:00,5.5,SURF,True,EXTREME_TYPE1,87,11,11,"(109.82, 21.2);(109.82, 21.6);(109.82, 22.0);(110.23, 20.8);(110.23, 21.2);(110.23, 21.6);(110.23, 22.0);(110.64, 20.8);(110.64, 21.2);(110.64, 21.6);(110.64, 22.0)",True
59094,2010-07-21 18:00:00,6.7,SURF,True,EXTREME_TYPE1,62,12,12,"(113.5, 24.0);(113.5, 24.4);(113.5, 24.8);(113.91, 24.0);(113.91, 24.4);(113.91, 24.8);(114.32, 24.0);(114.32, 24.4);(114.32, 24.8);(114.73, 24.0);(114.73, 24.4);(114.73, 24.8)",True
59658,2010-07-22 16:00:00,40.5,SURF,True,EXTREME_TYPE1,57,10,10,"(109.82, 20.8);(109.82, 21.2);(109.82, 21.6);(110.23, 20.8);(110.23, 21.2);(110.23, 21.6);(110.64, 20.8);(110.64, 21.2);(110.64, 21.6);(111.05, 21.2)",True
59656,2010-07-22 20:00:00,53.9,SURF,True,EXTREME_TYPE1,76,11,10,"(110.23, 21.2);(110.23, 21.6);(110.64, 21.2);(110.64, 21.6);(110.64, 22.0);(111.05, 21.2);(111.05, 21.6);(111.05, 22.0);(111.45, 21.2);(111.45, 21.6)",True
59654,2010-07-23 00:00:00,66.2,SURF,True,EXTREME_TYPE1,90,10,10,"(109.82, 21.2);(109.82, 21.6);(109.82, 22.0);(110.23, 21.2);(110.23, 21.6);(110.23, 22.0);(110.64, 21.2);(110.64, 21.6);(110.64, 22.0);(111.05, 21.6)",True
59654,2010-07-23 01:00:00,59.3,SURF,True,EXTREME_TYPE1,90,10,10,"(109.82, 21.2);(109.82, 21.6);(109.82, 22.0);(110.23, 21.2);(110.23, 21.6);(110.23, 22.0);(110.64, 21.2);(110.64, 21.6);(110.64, 22.0);(111.05, 21.6)",True
59480,2010-07-23 02:00:00,36.2,SURF,True,EXTREME_TYPE1,430,10,10,"(112.68, 22.4);(112.68, 22.8);(112.68, 23.2);(113.09, 22.4);(113.09, 22.8);(113.09, 23.2);(113.5, 22.4);(113.5, 22.8);(113.5, 23.2);(113.91, 22.8)",True
59314,2010-07-23 13:00:00,52.9,SURF,True,EXTREME_TYPE1,115,12,3,"(115.55, 23.6);(115.95, 23.6);(115.95, 24.0)",True
59117,2010-07-23 17:00:00,49.5,SURF,True,EXTREME_TYPE1,66,12,12,"(115.55, 24.0);(115.55, 24.4);(115.55, 24.8);(115.95, 23.6);(115.95, 24.0);(115.95, 24.4);(115.95, 24.8);(116.36, 24.0);(116.36, 24.4);(116.36, 24.8);(116.77, 24.0);(116.77, 24.4)",True
59288,2010-07-24 16:00:00,8.5,SURF,True,EXTREME_TYPE1,341,10,10,"(112.27, 23.2);(112.68, 22.8);(112.68, 23.2);(112.68, 23.6);(113.09, 22.8);(113.09, 23.2);(113.09, 23.6);(113.5, 22.8);(113.5, 23.2);(113.5, 23.6)",True
59285,2010-07-26 16:00:00,57.4,SURF,True,EXTREME_TYPE1,178,10,10,"(113.09, 23.2);(113.09, 23.6);(113.09, 24.0);(113.5, 23.2);(113.5, 23.6);(113.5, 24.0);(113.91, 23.2);(113.91, 23.6);(113.91, 24.0);(114.32, 23.6)",True
59306,2010-08-07 23:00:00,32.2,SURF,True,EXTREME_TYPE1,147,12,12,"(115.14, 23.2);(115.14, 23.6);(115.55, 22.8);(115.55, 23.2);(115.55, 23.6);(115.55, 24.0);(115.95, 22.8);(115.95, 23.2);(115.95, 23.6);(115.95, 24.0);(116.36, 23.2);(116.36, 23.6)",True
57996,2010-08-08 01:00:00,43.5,SURF,True,EXTREME_TYPE1,20,10,10,"(113.5, 25.2);(113.91, 24.8);(113.91, 25.2);(113.91, 25.6);(114.32, 24.4);(114.32, 24.8);(114.32, 25.2);(114.32, 25.6);(114.73, 24.8);(114.73, 25.2)",True
59650,2010-08-10 19:00:00,22.9,SURF,True,EXTREME_TYPE1,82,11,11,"(109.82, 21.2);(109.82, 21.6);(109.82, 22.0);(110.23, 20.8);(110.23, 21.2);(110.23, 21.6);(110.23, 22.0);(110.64, 20.8);(110.64, 21.2);(110.64, 21.6);(110.64, 22.0)",True
59314,2010-08-15 05:00:00,9.3,SURF,True,FALSE,114,12,0,,True
59659,2010-08-16 15:00:00,44.0,SURF,True,EXTREME_TYPE1,111,12,12,"(110.23, 21.6);(110.23, 22.0);(110.64, 21.2);(110.64, 21.6);(110.64, 22.0);(110.64, 22.4);(111.05, 21.2);(111.05, 21.6);(111.05, 22.0);(111.05, 22.4);(111.45, 21.6);(111.45, 22.0)",True
59304,2010-08-23 17:00:00,28.9,SURF,True,EXTREME_TYPE1,130,9,9,"(114.73, 23.2);(114.73, 23.6);(114.73, 24.0);(115.14, 23.2);(115.14, 23.6);(115.14, 24.0);(115.55, 23.2);(115.55, 23.6);(115.55, 24.0)",True
59754,2010-08-23 22:00:00,8.9,SURF,True,EXTREME_TYPE1,40,5,5,"(109.82, 20.4);(109.82, 20.8);(110.23, 20.4);(110.23, 20.8);(110.64, 20.8)",True
59650,2010-08-26 15:00:00,61.4,SURF,True,EXTREME_TYPE1,84,11,6,"(109.82, 21.2);(110.23, 20.8);(110.23, 21.2);(110.64, 20.8);(110.64, 21.2);(110.64, 22.0)",True
59109,2010-08-26 19:00:00,60.9,SURF,True,EXTREME_TYPE1,104,12,8,"(115.14, 24.0);(115.55, 23.6);(115.55, 24.0);(115.55, 24.4);(115.95, 23.6);(115.95, 24.0);(115.95, 24.4);(116.36, 24.0)",True
59303,2010-08-26 19:00:00,103.5,SURF,True,EXTREME_TYPE1,154,10,10,"(115.14, 23.6);(115.14, 24.0);(115.55, 23.6);(115.55, 24.0);(115.55, 24.4);(115.95, 23.6);(115.95, 24.0);(115.95, 24.4);(116.36, 23.6);(116.36, 24.0)",True
59107,2010-09-02 18:00:00,55.5,SURF,True,EXTREME_TYPE1,115,12,12,"(114.73, 23.6);(114.73, 24.0);(114.73, 24.4);(115.14, 23.6);(115.14, 24.0);(115.14, 24.4);(115.14, 24.8);(115.55, 23.6);(115.55, 24.0);(115.55, 24.4);(115.95, 24.0);(115.95, 24.4)",True
59287,2010-09-02 18:00:00,10.4,SURF,True,EXTREME_TYPE1,266,9,9,"(113.09, 22.8);(113.09, 23.2);(113.09, 23.6);(113.5, 22.8);(113.5, 23.2);(113.5, 23.6);(113.91, 22.8);(113.91, 23.2);(113.91, 23.6)",True
59324,2010-09-03 01:00:00,52.5,SURF,True,EXTREME_TYPE1,18,10,10,"(116.36, 23.2);(116.36, 23.6);(116.77, 22.8);(116.77, 23.2);(116.77, 23.6);(116.77, 24.0);(117.18, 23.2);(117.18, 23.6);(117.18, 24.0);(117.59, 23.6)",True
59117,2010-09-03 13:00:00,1.9,SURF,True,EXTREME_TYPE1,68,12,12,"(115.55, 24.0);(115.55, 24.4);(115.55, 24.8);(115.95, 23.6);(115.95, 24.0);(115.95, 24.4);(115.95, 24.8);(116.36, 24.0);(116.36, 24.4);(116.36, 24.8);(116.77, 24.0);(116.77, 24.4)",True
59469,2010-09-04 19:00:00,1.1,SURF,True,EXTREME_TYPE1,158,11,11,"(111.05, 22.0);(111.45, 21.6);(111.45, 22.0);(111.45, 22.4);(111.86, 21.6);(111.86, 22.0);(111.86, 22.4);(111.86, 22.8);(112.27, 21.6);(112.27, 22.0);(112.27, 22.4)",True
59480,2010-09-09 03:00:00,57.2,SURF,True,EXTREME_TYPE1,398,10,10,"(112.68, 22.4);(112.68, 22.8);(112.68, 23.2);(113.09, 22.4);(113.09, 22.8);(113.09, 23.2);(113.5, 22.4);(113.5, 22.8);(113.5, 23.2);(113.91, 22.8)",True
59485,2010-09-09 03:00:00,62.3,SURF,True,EXTREME_TYPE1,398,12,12,"(112.68, 22.4);(112.68, 22.8);(113.09, 22.0);(113.09, 22.4);(113.09, 22.8);(113.5, 22.0);(113.5, 22.4);(113.5, 22.8);(113.5, 23.2);(113.91, 22.0);(113.91, 22.4);(113.91, 22.8)",True
59473,2010-09-09 04:00:00,67.7,SURF,True,EXTREME_TYPE1,452,10,10,"(112.27, 22.8);(112.68, 22.4);(112.68, 22.8);(112.68, 23.2);(113.09, 22.4);(113.09, 22.8);(113.09, 23.2);(113.5, 22.4);(113.5, 22.8);(113.5, 23.2)",True
59285,2010-09-11 13:00:00,83.7,SURF,True,EXTREME_TYPE1,181,10,10,"(113.09, 23.2);(113.09, 23.6);(113.09, 24.0);(113.5, 23.2);(113.5, 23.6);(113.5, 24.0);(113.91, 23.2);(113.91, 23.6);(113.91, 24.0);(114.32, 23.6)",True
59087,2010-09-11 16:00:00,37.5,SURF,True,EXTREME_TYPE1,129,10,10,"(113.09, 23.6);(113.09, 24.0);(113.09, 24.4);(113.5, 23.2);(113.5, 23.6);(113.5, 24.0);(113.5, 24.4);(113.91, 23.6);(113.91, 24.0);(113.91, 24.4)",True
59500,2010-09-17 18:00:00,17.2,SURF,True,EXTREME_TYPE1,116,12,12,"(114.73, 22.8);(114.73, 23.2);(115.14, 22.4);(115.14, 22.8);(115.14, 23.2);(115.14, 23.6);(115.55, 22.4);(115.55, 22.8);(115.55, 23.2);(115.55, 23.6);(115.95, 22.8);(115.95, 23.2)",True
59303,2010-09-20 12:00:00,1.7,SURF,True,EXTREME_TYPE1,155,10,10,"(115.14, 23.6);(115.14, 24.0);(115.55, 23.6);(115.55, 24.0);(115.55, 24.4);(115.95, 23.6);(115.95, 24.0);(115.95, 24.4);(116.36, 23.6);(116.36, 24.0)",True
59476,2010-09-20 18:00:00,16.3,SURF,True,EXTREME_TYPE1,531,11,11,"(112.27, 22.4);(112.68, 22.0);(112.68, 22.4);(112.68, 22.8);(113.09, 22.0);(113.09, 22.4);(113.09, 22.8);(113.09, 23.2);(113.5, 22.0);(113.5, 22.4);(113.5, 22.8)",True
59673,2010-09-20 21:00:00,59.3,SURF,True,EXTREME_TYPE1,23,8,7,"(112.27, 21.6);(112.27, 22.0);(112.68, 21.6);(112.68, 22.0);(112.68, 22.4);(113.09, 21.6);(113.09, 22.0)",True
59673,2010-09-20 22:00:00,68.5,SURF,True,EXTREME_TYPE1,23,8,8,"(112.27, 21.6);(112.27, 22.0);(112.68, 21.6);(112.68, 22.0);(112.68, 22.4);(113.09, 21.6);(113.09, 22.0);(113.5, 21.6)",True
59673,2010-09-21 01:00:00,89.2,SURF,True,EXTREME_TYPE1,23,8,7,"(112.27, 21.6);(112.27, 22.0);(112.68, 21.6);(112.68, 22.0);(112.68, 22.4);(113.09, 21.6);(113.09, 22.0)",True
59471,2010-09-21 02:00:00,56.8,SURF,True,EXTREME_TYPE1,335,12,12,"(111.45, 22.8);(111.45, 23.2);(111.86, 22.4);(111.86, 22.8);(111.86, 23.2);(111.86, 23.6);(112.27, 22.4);(112.27, 22.8);(112.27, 23.2);(112.27, 23.6);(112.68, 22.8);(112.68, 23.2)",True
59264,2010-09-21 08:00:00,51.8,SURF,True,EXTREME_TYPE1,66,9,9,"(111.05, 23.2);(111.45, 22.8);(111.45, 23.2);(111.45, 23.6);(111.45, 24.0);(111.86, 22.8);(111.86, 23.2);(111.86, 23.6);(111.86, 24.0)",True
59456,2010-09-21 10:00:00,52.6,SURF,True,EXTREME_TYPE1,97,10,10,"(110.23, 22.4);(110.64, 22.0);(110.64, 22.4);(110.64, 22.8);(111.05, 22.0);(111.05, 22.4);(111.05, 22.8);(111.45, 22.0);(111.45, 22.4);(111.45, 22.8)",True
59659,2010-09-21 13:00:00,35.5,SURF,True,EXTREME_TYPE1,111,12,12,"(110.23, 21.6);(110.23, 22.0);(110.64, 21.2);(110.64, 21.6);(110.64, 22.0);(110.64, 22.4);(111.05, 21.2);(111.05, 21.6);(111.05, 22.0);(111.05, 22.4);(111.45, 21.6);(111.45, 22.0)",True
59656,2010-09-21 14:00:00,18.0,SURF,True,EXTREME_TYPE1,79,11,11,"(110.23, 21.2);(110.23, 21.6);(110.64, 20.8);(110.64, 21.2);(110.64, 21.6);(110.64, 22.0);(111.05, 21.2);(111.05, 21.6);(111.05, 22.0);(111.45, 21.2);(111.45, 21.6)",True
59663,2010-09-22 02:00:00,68.5,SURF,True,EXTREME_TYPE1,118,11,11,"(111.45, 21.6);(111.45, 22.0);(111.86, 21.2);(111.86, 21.6);(111.86, 22.0);(111.86, 22.4);(112.27, 21.6);(112.27, 22.0);(112.27, 22.4);(112.68, 21.6);(112.68, 22.0)",True
59096,2010-09-22 15:00:00,6.3,SURF,True,EXTREME_TYPE1,42,12,12,"(113.91, 24.0);(113.91, 24.4);(113.91, 24.8);(114.32, 24.0);(114.32, 24.4);(114.32, 24.8);(114.73, 24.0);(114.73, 24.4);(114.73, 24.8);(115.14, 24.0);(115.14, 24.4);(115.14, 24.8)",True
59655,2010-09-22 23:00:00,49.0,SURF,True,EXTREME_TYPE1,105,10,10,"(110.23, 21.2);(110.23, 21.6);(110.23, 22.0);(110.64, 21.2);(110.64, 21.6);(110.64, 22.0);(110.64, 22.4);(111.05, 21.2);(111.05, 21.6);(111.05, 22.0)",True
59650,2010-09-23 14:00:00,15.5,SURF,True,EXTREME_TYPE1,82,11,11,"(109.82, 21.2);(109.82, 21.6);(109.82, 22.0);(110.23, 20.8);(110.23, 21.2);(110.23, 21.6);(110.23, 22.0);(110.64, 20.8);(110.64, 21.2);(110.64, 21.6);(110.64, 22.0)",True
59750,2010-09-23 14:00:00,97.5,SURF,True,FALSE,69,11,0,,True
59477,2010-09-24 16:00:00,38.8,SURF,True,EXTREME_TYPE1,362,10,9,"(111.86, 22.0);(111.86, 22.4);(111.86, 22.8);(112.27, 22.0);(112.27, 22.4);(112.27, 22.8);(112.68, 22.0);(112.68, 22.4);(112.68, 22.8)",True
59097,2010-09-24 22:00:00,33.2,SURF,True,EXTREME_TYPE1,68,10,10,"(113.5, 24.0);(113.91, 23.6);(113.91, 24.0);(113.91, 24.4);(114.32, 23.6);(114.32, 24.0);(114.32, 24.4);(114.73, 23.6);(114.73, 24.0);(114.73, 24.4)",True
59303,2010-09-25 00:00:00,3.6,SURF,True,EXTREME_TYPE1,141,10,10,"(115.14, 23.6);(115.14, 24.0);(115.55, 23.6);(115.55, 24.0);(115.55, 24.4);(115.95, 23.6);(115.95, 24.0);(115.95, 24.4);(116.36, 23.6);(116.36, 24.0)",True
59750,2010-10-08 16:00:00,2.0,SURF,True,EXTREME_TYPE1,72,11,11,"(109.41, 21.2);(109.82, 20.4);(109.82, 20.8);(109.82, 21.2);(109.82, 21.6);(110.23, 20.4);(110.23, 20.8);(110.23, 21.2);(110.23, 21.6);(110.64, 20.8);(110.64, 21.2)",True
59492,2010-11-06 08:00:00,1.0,SURF,True,EXTREME_TYPE1,110,11,11,"(114.32, 22.4);(114.32, 22.8);(114.32, 23.2);(114.32, 23.6);(114.73, 22.4);(114.73, 22.8);(114.73, 23.2);(114.73, 23.6);(115.14, 22.8);(115.14, 23.2);(115.14, 23.6)",True
59477,2011-01-12 00:00:00,1.1,SURF,True,EXTREME_TYPE1,390,10,10,"(111.86, 22.0);(111.86, 22.4);(111.86, 22.8);(112.27, 21.6);(112.27, 22.0);(112.27, 22.4);(112.27, 22.8);(112.68, 22.0);(112.68, 22.4);(112.68, 22.8)",True
59502,2011-02-15 11:00:00,1.2,SURF,True,EXTREME_TYPE1,135,12,12,"(115.14, 22.8);(115.14, 23.2);(115.55, 22.4);(115.55, 22.8);(115.55, 23.2);(115.55, 23.6);(115.95, 22.4);(115.95, 22.8);(115.95, 23.2);(115.95, 23.6);(116.36, 22.8);(116.36, 23.2)",True
57996,2011-03-19 00:00:00,1.0,SURF,True,EXTREME_TYPE1,25,10,10,"(113.5, 25.2);(113.91, 24.8);(113.91, 25.2);(113.91, 25.6);(114.32, 24.4);(114.32, 24.8);(114.32, 25.2);(114.32, 25.6);(114.73, 24.8);(114.73, 25.2)",True
59475,2011-04-29 04:00:00,2.9,SURF,True,EXTREME_TYPE1,505,9,9,"(112.27, 22.0);(112.27, 22.4);(112.27, 22.8);(112.68, 22.0);(112.68, 22.4);(112.68, 22.8);(113.09, 22.0);(113.09, 22.4);(113.09, 22.8)",True
59324,2011-04-29 19:00:00,13.1,SURF,True,EXTREME_TYPE1,19,10,10,"(116.36, 23.2);(116.36, 23.6);(116.77, 22.8);(116.77, 23.2);(116.77, 23.6);(116.77, 24.0);(117.18, 23.2);(117.18, 23.6);(117.18, 24.0);(117.59, 23.6)",True
59090,2011-05-01 16:00:00,9.1,SURF,True,EXTREME_TYPE1,27,12,12,"(113.5, 24.8);(113.5, 25.2);(113.91, 24.4);(113.91, 24.8);(113.91, 25.2);(113.91, 25.6);(114.32, 24.4);(114.32, 24.8);(114.32, 25.2);(114.32, 25.6);(114.73, 24.8);(114.73, 25.2)",True
57996,2011-05-04 09:00:00,1.9,SURF,True,EXTREME_TYPE1,24,10,10,"(113.5, 25.2);(113.91, 24.8);(113.91, 25.2);(113.91, 25.6);(114.32, 24.4);(114.32, 24.8);(114.32, 25.2);(114.32, 25.6);(114.73, 24.8);(114.73, 25.2)",True
59099,2011-05-07 19:00:00,1.5,SURF,True,EXTREME_TYPE1,73,10,10,"(114.32, 24.4);(114.32, 24.8);(114.73, 24.0);(114.73, 24.4);(114.73, 24.8);(115.14, 24.0);(115.14, 24.4);(115.14, 24.8);(115.55, 24.4);(115.55, 24.8)",True
59280,2011-05-08 19:00:00,38.3,SURF,True,EXTREME_TYPE1,167,10,9,"(112.68, 23.2);(112.68, 23.6);(112.68, 24.0);(113.09, 23.2);(113.09, 23.6);(113.09, 24.0);(113.5, 23.2);(113.5, 23.6);(113.5, 24.0)",True
59478,2011-05-10 17:00:00,14.6,SURF,True,EXTREME_TYPE1,357,12,2,"(112.27, 22.4);(112.68, 22.8)",True
59269,2011-05-11 20:00:00,56.3,SURF,True,EXTREME_TYPE1,159,9,9,"(111.45, 22.8);(111.45, 23.2);(111.45, 23.6);(111.86, 22.8);(111.86, 23.2);(111.86, 23.6);(112.27, 22.8);(112.27, 23.2);(112.27, 23.6)",True
59268,2011-05-12 15:00:00,23.9,SURF,True,EXTREME_TYPE1,211,9,9,"(111.05, 22.8);(111.05, 23.2);(111.45, 22.8);(111.45, 23.2);(111.45, 23.6);(111.86, 22.8);(111.86, 23.2);(111.86, 23.6);(112.27, 23.2)",True
59107,2011-05-12 22:00:00,7.3,SURF,True,EXTREME_TYPE1,97,12,12,"(114.73, 23.6);(114.73, 24.0);(114.73, 24.4);(115.14, 23.6);(115.14, 24.0);(115.14, 24.4);(115.14, 24.8);(115.55, 23.6);(115.55, 24.0);(115.55, 24.4);(115.95, 24.0);(115.95, 24.4)",True
59664,2011-05-13 03:00:00,21.0,SURF,True,EXTREME_TYPE1,122,10,10,"(110.23, 21.6);(110.64, 21.2);(110.64, 21.6);(110.64, 22.0);(111.05, 21.2);(111.05, 21.6);(111.05, 22.0);(111.45, 21.2);(111.45, 21.6);(111.45, 22.0)",True
59088,2011-05-13 12:00:00,9.1,SURF,True,EXTREME_TYPE1,128,12,12,"(112.68, 24.0);(112.68, 24.4);(113.09, 23.6);(113.09, 24.0);(113.09, 24.4);(113.09, 24.8);(113.5, 23.6);(113.5, 24.0);(113.5, 24.4);(113.5, 24.8);(113.91, 24.0);(113.91, 24.4)",True
59673,2011-05-13 13:00:00,20.8,SURF,True,EXTREME_TYPE1,24,8,8,"(112.27, 21.6);(112.27, 22.0);(112.68, 21.6);(112.68, 22.0);(112.68, 22.4);(113.09, 21.6);(113.09, 22.0);(113.5, 21.6)",True
59087,2011-05-14 13:00:00,13.7,SURF,True,EXTREME_TYPE1,120,10,10,"(113.09, 23.6);(113.09, 24.0);(113.09, 24.4);(113.5, 23.2);(113.5, 23.6);(113.5, 24.0);(113.5, 24.4);(113.91, 23.6);(113.91, 24.0);(113.91, 24.4)",True
59750,2011-05-15 17:00:00,76.1,SURF,True,FALSE,71,11,0,,True
59114,2011-05-16 08:00:00,25.0,SURF,True,EXTREME_TYPE1,36,10,10,"(115.55, 24.4);(115.55, 24.8);(115.95, 24.0);(115.95, 24.4);(115.95, 24.8);(116.36, 24.0);(116.36, 24.4);(116.36, 24.8);(116.77, 24.4);(116.77, 24.8)",True
59485,2011-05-16 16:00:00,65.3,SURF,True,EXTREME_TYPE1,407,12,12,"(112.68, 22.4);(112.68, 22.8);(113.09, 22.0);(113.09, 22.4);(113.09, 22.8);(113.5, 22.0);(113.5, 22.4);(113.5, 22.8);(113.5, 23.2);(113.91, 22.0);(113.91, 22.4);(113.91, 22.8)",True
59655,2011-05-21 19:00:00,25.3,SURF,True,EXTREME_TYPE1,117,10,10,"(110.23, 21.2);(110.23, 21.6);(110.23, 22.0);(110.64, 21.2);(110.64, 21.6);(110.64, 22.0);(110.64, 22.4);(111.05, 21.2);(111.05, 21.6);(111.05, 22.0)",True
59278,2011-05-22 16:00:00,47.3,SURF,True,EXTREME_TYPE1,458,12,12,"(111.86, 22.8);(111.86, 23.2);(112.27, 22.4);(112.27, 22.8);(112.27, 23.2);(112.27, 23.6);(112.68, 22.4);(112.68, 22.8);(112.68, 23.2);(112.68, 23.6);(113.09, 22.8);(113.09, 23.2)",True
59471,2011-05-22 17:00:00,52.9,SURF,True,EXTREME_TYPE1,355,12,12,"(111.45, 22.8);(111.45, 23.2);(111.86, 22.4);(111.86, 22.8);(111.86, 23.2);(111.86, 23.6);(112.27, 22.4);(112.27, 22.8);(112.27, 23.2);(112.27, 23.6);(112.68, 22.8);(112.68, 23.2)",True
59475,2011-05-22 19:00:00,55.9,SURF,True,EXTREME_TYPE1,507,9,9,"(112.27, 22.0);(112.27, 22.4);(112.27, 22.8);(112.68, 22.0);(112.68, 22.4);(112.68, 22.8);(113.09, 22.0);(113.09, 22.4);(113.09, 22.8)",True
59477,2011-05-22 19:00:00,75.6,SURF,True,EXTREME_TYPE1,394,10,9,"(111.86, 22.0);(111.86, 22.4);(112.27, 21.6);(112.27, 22.0);(112.27, 22.4);(112.27, 22.8);(112.68, 22.0);(112.68, 22.4);(112.68, 22.8)",True
59656,2011-05-22 19:00:00,50.6,SURF,True,EXTREME_TYPE1,85,11,11,"(110.23, 21.2);(110.23, 21.6);(110.64, 20.8);(110.64, 21.2);(110.64, 21.6);(110.64, 22.0);(111.05, 21.2);(111.05, 21.6);(111.05, 22.0);(111.45, 21.2);(111.45, 21.6)",True
59318,2011-05-22 20:00:00,5.8,SURF,True,EXTREME_TYPE1,67,12,12,"(115.95, 23.2);(115.95, 23.6);(116.36, 22.8);(116.36, 23.2);(116.36, 23.6);(116.36, 24.0);(116.77, 22.8);(116.77, 23.2);(116.77, 23.6);(116.77, 24.0);(117.18, 23.2);(117.18, 23.6)",True
59276,2011-06-05 20:00:00,9.4,SURF,True,EXTREME_TYPE1,336,10,10,"(112.27, 22.8);(112.27, 23.2);(112.27, 23.6);(112.68, 22.8);(112.68, 23.2);(112.68, 23.6);(112.68, 24.0);(113.09, 22.8);(113.09, 23.2);(113.09, 23.6)",True
59096,2011-06-06 16:00:00,41.1,SURF,True,EXTREME_TYPE1,62,12,7,"(113.91, 24.0);(113.91, 24.4);(113.91, 24.8);(114.32, 24.0);(114.32, 24.4);(114.73, 24.0);(114.73, 24.4)",True
59470,2011-06-11 16:00:00,20.3,SURF,True,EXTREME_TYPE1,357,10,10,"(111.45, 22.8);(111.86, 22.4);(111.86, 22.8);(111.86, 23.2);(112.27, 22.4);(112.27, 22.8);(112.27, 23.2);(112.68, 22.4);(112.68, 22.8);(112.68, 23.2)",True
59280,2011-06-11 19:00:00,61.5,SURF,True,EXTREME_TYPE1,164,10,9,"(112.68, 23.2);(112.68, 23.6);(112.68, 24.0);(113.09, 23.6);(113.09, 24.0);(113.09, 24.4);(113.5, 23.2);(113.5, 23.6);(113.5, 24.0)",True
59287,2011-06-12 07:00:00,79.7,SURF,True,EXTREME_TYPE1,281,9,9,"(113.09, 22.8);(113.09, 23.2);(113.09, 23.6);(113.5, 22.8);(113.5, 23.2);(113.5, 23.6);(113.91, 22.8);(113.91, 23.2);(113.91, 23.6)",True
59287,2011-06-16 08:00:00,24.5,SURF,True,EXTREME_TYPE1,280,9,9,"(113.09, 22.8);(113.09, 23.2);(113.09, 23.6);(113.5, 22.8);(113.5, 23.2);(113.5, 23.6);(113.91, 22.8);(113.91, 23.2);(113.91, 23.6)",True
59502,2011-06-16 13:00:00,52.9,SURF,True,EXTREME_TYPE1,143,12,12,"(115.14, 22.8);(115.14, 23.2);(115.55, 22.4);(115.55, 22.8);(115.55, 23.2);(115.55, 23.6);(115.95, 22.4);(115.95, 22.8);(115.95, 23.2);(115.95, 23.6);(116.36, 22.8);(116.36, 23.2)",True
59306,2011-06-16 16:00:00,86.7,SURF,True,EXTREME_TYPE1,175,12,12,"(115.14, 23.2);(115.14, 23.6);(115.55, 22.8);(115.55, 23.2);(115.55, 23.6);(115.55, 24.0);(115.95, 22.8);(115.95, 23.2);(115.95, 23.6);(115.95, 24.0);(116.36, 23.2);(116.36, 23.6)",True
59502,2011-06-16 16:00:00,23.6,SURF,True,EXTREME_TYPE1,143,12,12,"(115.14, 22.8);(115.14, 23.2);(115.55, 22.4);(115.55, 22.8);(115.55, 23.2);(115.55, 23.6);(115.95, 22.4);(115.95, 22.8);(115.95, 23.2);(115.95, 23.6);(116.36, 22.8);(116.36, 23.2)",True
59754,2011-06-22 06:00:00,20.4,SURF,True,EXTREME_TYPE1,37,5,5,"(109.82, 20.4);(109.82, 20.8);(110.23, 20.4);(110.23, 20.8);(110.64, 20.8)",True
59656,2011-06-24 02:00:00,9.7,SURF,True,EXTREME_TYPE1,85,11,11,"(110.23, 21.2);(110.23, 21.6);(110.64, 20.8);(110.64, 21.2);(110.64, 21.6);(110.64, 22.0);(111.05, 21.2);(111.05, 21.6);(111.05, 22.0);(111.45, 21.2);(111.45, 21.6)",True
59655,2011-06-25 08:00:00,42.6,SURF,True,FALSE,115,10,0,,True
59456,2011-06-25 21:00:00,54.0,SURF,True,EXTREME_TYPE1,122,10,2,"(111.05, 22.8);(111.45, 22.8)",True
59289,2011-06-26 08:00:00,12.8,SURF,True,EXTREME_TYPE1,270,12,12,"(113.09, 22.8);(113.09, 23.2);(113.5, 22.4);(113.5, 22.8);(113.5, 23.2);(113.5, 23.6);(113.91, 22.4);(113.91, 22.8);(113.91, 23.2);(113.91, 23.6);(114.32, 22.8);(114.32, 23.2)",True
59310,2011-06-26 18:00:00,75.5,SURF,True,EXTREME_TYPE1,126,12,12,"(115.55, 23.6);(115.55, 24.0);(115.95, 23.2);(115.95, 23.6);(115.95, 24.0);(115.95, 24.4);(116.36, 23.2);(116.36, 23.6);(116.36, 24.0);(116.36, 24.4);(116.77, 23.6);(116.77, 24.0)",True
59502,2011-06-27 17:00:00,21.1,SURF,True,EXTREME_TYPE1,144,12,12,"(115.14, 22.8);(115.14, 23.2);(115.55, 22.4);(115.55, 22.8);(115.55, 23.2);(115.55, 23.6);(115.95, 22.4);(115.95, 22.8);(115.95, 23.2);(115.95, 23.6);(116.36, 22.8);(116.36, 23.2)",True
59478,2011-06-29 07:00:00,23.2,SURF,True,EXTREME_TYPE1,352,12,12,"(112.27, 22.0);(112.27, 22.4);(112.68, 21.6);(112.68, 22.0);(112.68, 22.4);(112.68, 22.8);(113.09, 21.6);(113.09, 22.0);(113.09, 22.4);(113.09, 22.8);(113.5, 22.0);(113.5, 22.4)",True
59481,2011-06-29 08:00:00,16.6,SURF,True,EXTREME_TYPE1,435,12,12,"(112.68, 22.8);(112.68, 23.2);(113.09, 22.4);(113.09, 22.8);(113.09, 23.2);(113.09, 23.6);(113.5, 22.4);(113.5, 22.8);(113.5, 23.2);(113.5, 23.6);(113.91, 22.8);(113.91, 23.2)",True
59072,2011-06-29 09:00:00,13.5,SURF,True,EXTREME_TYPE1,124,9,9,"(111.86, 24.4);(111.86, 24.8);(112.27, 24.4);(112.27, 24.8);(112.27, 25.2);(112.68, 24.4);(112.68, 24.8);(112.68, 25.2);(113.09, 24.8)",True
59663,2011-06-29 10:00:00,51.3,SURF,True,EXTREME_TYPE1,129,11,11,"(111.45, 21.6);(111.45, 22.0);(111.86, 21.2);(111.86, 21.6);(111.86, 22.0);(111.86, 22.4);(112.27, 21.6);(112.27, 22.0);(112.27, 22.4);(112.68, 21.6);(112.68, 22.0)",True
59298,2011-06-30 14:00:00,5.9,SURF,True,EXTREME_TYPE1,123,11,11,"(113.91, 22.8);(113.91, 23.2);(113.91, 23.6);(114.32, 22.4);(114.32, 22.8);(114.32, 23.2);(114.32, 23.6);(114.73, 22.8);(114.73, 23.2);(114.73, 23.6);(115.14, 23.2)",True
59074,2011-07-08 07:00:00,20.9,SURF,True,EXTREME_TYPE1,69,9,9,"(111.86, 24.0);(111.86, 24.4);(111.86, 24.8);(112.27, 24.0);(112.27, 24.4);(112.27, 24.8);(112.27, 25.2);(112.68, 24.4);(112.68, 24.8)",True
59492,2011-07-09 16:00:00,50.5,SURF,True,EXTREME_TYPE1,72,11,11,"(114.32, 22.4);(114.32, 22.8);(114.32, 23.2);(114.32, 23.6);(114.73, 22.4);(114.73, 22.8);(114.73, 23.2);(114.73, 23.6);(115.14, 22.8);(115.14, 23.2);(115.14, 23.6)",True
59663,2011-07-10 16:00:00,57.2,SURF,True,EXTREME_TYPE1,127,11,11,"(111.45, 21.6);(111.45, 22.0);(111.86, 21.2);(111.86, 21.6);(111.86, 22.0);(111.86, 22.4);(112.27, 21.6);(112.27, 22.0);(112.27, 22.4);(112.68, 21.6);(112.68, 22.0)",True
59456,2011-07-11 15:00:00,71.7,SURF,True,EXTREME_TYPE1,114,10,2,"(111.05, 22.0);(111.45, 22.0)",True
59476,2011-07-11 18:00:00,1.8,SURF,True,EXTREME_TYPE1,543,11,11,"(112.27, 22.4);(112.68, 22.0);(112.68, 22.4);(112.68, 22.8);(113.09, 22.0);(113.09, 22.4);(113.09, 22.8);(113.09, 23.2);(113.5, 22.0);(113.5, 22.4);(113.5, 22.8)",True
59754,2011-07-14 05:00:00,56.9,SURF,True,EXTREME_TYPE1,39,5,5,"(109.82, 20.4);(109.82, 20.8);(110.23, 20.4);(110.23, 20.8);(110.64, 20.8)",True
59654,2011-07-15 16:00:00,7.8,SURF,True,EXTREME_TYPE1,95,10,10,"(109.82, 21.2);(109.82, 21.6);(109.82, 22.0);(110.23, 21.2);(110.23, 21.6);(110.23, 22.0);(110.64, 21.2);(110.64, 21.6);(110.64, 22.0);(111.05, 21.6)",True
59279,2011-07-15 19:00:00,36.2,SURF,True,EXTREME_TYPE1,343,12,12,"(112.27, 22.8);(112.27, 23.2);(112.27, 23.6);(112.68, 22.8);(112.68, 23.2);(112.68, 23.6);(113.09, 22.8);(113.09, 23.2);(113.09, 23.6);(113.5, 22.8);(113.5, 23.2);(113.5, 23.6)",True
59659,2011-07-15 20:00:00,78.1,SURF,True,EXTREME_TYPE1,78,12,5,"(110.64, 22.0);(110.64, 22.4);(111.05, 22.0);(111.05, 22.4);(111.45, 22.0)",True
59294,2011-07-16 05:00:00,7.8,SURF,True,EXTREME_TYPE1,189,11,11,"(113.09, 23.2);(113.5, 22.8);(113.5, 23.2);(113.5, 23.6);(113.91, 22.8);(113.91, 23.2);(113.91, 23.6);(113.91, 24.0);(114.32, 22.8);(114.32, 23.2);(114.32, 23.6)",True
59289,2011-07-16 20:00:00,39.6,SURF,True,EXTREME_TYPE1,270,12,12,"(113.09, 22.8);(113.09, 23.2);(113.5, 22.4);(113.5, 22.8);(113.5, 23.2);(113.5, 23.6);(113.91, 22.4);(113.91, 22.8);(113.91, 23.2);(113.91, 23.6);(114.32, 22.8);(114.32, 23.2)",True
59754,2011-07-17 06:00:00,103.7,SURF,True,EXTREME_TYPE1,37,5,5,"(109.82, 20.4);(109.82, 20.8);(110.23, 20.4);(110.23, 20.8);(110.64, 20.8)",True
59754,2011-07-17 07:00:00,68.6,SURF,True,EXTREME_TYPE1,38,5,5,"(109.82, 20.4);(109.82, 20.8);(110.23, 20.4);(110.23, 20.8);(110.64, 20.8)",True
59290,2011-07-17 17:00:00,38.5,SURF,True,EXTREME_TYPE1,100,11,9,"(113.5, 23.6);(113.91, 23.2);(113.91, 23.6);(113.91, 24.0);(114.32, 23.2);(114.32, 23.6);(114.32, 24.0);(114.73, 23.6);(114.73, 24.0)",True
59654,2011-07-18 20:00:00,55.7,SURF,True,EXTREME_TYPE1,94,10,10,"(109.82, 21.2);(109.82, 21.6);(109.82, 22.0);(110.23, 21.2);(110.23, 21.6);(110.23, 22.0);(110.64, 21.2);(110.64, 21.6);(110.64, 22.0);(111.05, 21.6)",True
59477,2011-07-27 17:00:00,70.2,SURF,True,FALSE,379,10,0,,True
59117,2011-08-04 19:00:00,87.5,SURF,True,EXTREME_TYPE1,67,12,11,"(115.55, 24.0);(115.55, 24.4);(115.95, 23.6);(115.95, 24.0);(115.95, 24.4);(115.95, 24.8);(116.36, 24.0);(116.36, 24.4);(116.36, 24.8);(116.77, 24.0);(116.77, 24.4)",True
59097,2011-08-07 18:00:00,54.0,SURF,True,EXTREME_TYPE1,92,10,10,"(113.5, 24.0);(113.91, 23.6);(113.91, 24.0);(113.91, 24.4);(114.32, 23.6);(114.32, 24.0);(114.32, 24.4);(114.73, 23.6);(114.73, 24.0);(114.73, 24.4)",True
59114,2011-08-08 17:00:00,13.8,SURF,True,EXTREME_TYPE1,36,10,10,"(115.55, 24.4);(115.55, 24.8);(115.95, 24.0);(115.95, 24.4);(115.95, 24.8);(116.36, 24.0);(116.36, 24.4);(116.36, 24.8);(116.77, 24.4);(116.77, 24.8)",True
59480,2011-08-10 01:00:00,34.1,SURF,True,EXTREME_TYPE1,448,10,10,"(112.68, 22.4);(112.68, 22.8);(112.68, 23.2);(113.09, 22.4);(113.09, 22.8);(113.09, 23.2);(113.5, 22.4);(113.5, 22.8);(113.5, 23.2);(113.91, 22.8)",True
59663,2011-08-10 11:00:00,56.4,SURF,True,EXTREME_TYPE1,128,11,11,"(111.45, 21.6);(111.45, 22.0);(111.86, 21.2);(111.86, 21.6);(111.86, 22.0);(111.86, 22.4);(112.27, 21.6);(112.27, 22.0);(112.27, 22.4);(112.68, 21.6);(112.68, 22.0)",True
59094,2011-08-11 18:00:00,40.9,SURF,True,EXTREME_TYPE1,68,12,12,"(113.5, 24.0);(113.5, 24.4);(113.5, 24.8);(113.91, 24.0);(113.91, 24.4);(113.91, 24.8);(114.32, 24.0);(114.32, 24.4);(114.32, 24.8);(114.73, 24.0);(114.73, 24.4);(114.73, 24.8)",True
59315,2011-08-24 16:00:00,57.7,SURF,True,EXTREME_TYPE1,68,10,10,"(115.95, 23.2);(115.95, 23.6);(115.95, 24.0);(116.36, 23.2);(116.36, 23.6);(116.36, 24.0);(116.77, 23.2);(116.77, 23.6);(116.77, 24.0);(117.18, 23.6)",True
59117,2011-08-24 18:00:00,25.6,SURF,True,EXTREME_TYPE1,66,12,11,"(115.55, 24.0);(115.55, 24.4);(115.95, 23.6);(115.95, 24.0);(115.95, 24.4);(115.95, 24.8);(116.36, 24.0);(116.36, 24.4);(116.36, 24.8);(116.77, 24.0);(116.77, 24.4)",True
59314,2011-08-24 20:00:00,39.7,SURF,True,EXTREME_TYPE1,134,12,12,"(115.55, 23.2);(115.55, 23.6);(115.95, 22.8);(115.95, 23.2);(115.95, 23.6);(115.95, 24.0);(116.36, 22.8);(116.36, 23.2);(116.36, 23.6);(116.36, 24.0);(116.77, 23.2);(116.77, 23.6)",True
57996,2011-09-01 06:00:00,12.9,SURF,True,EXTREME_TYPE1,24,10,10,"(113.5, 25.2);(113.91, 24.8);(113.91, 25.2);(113.91, 25.6);(114.32, 24.4);(114.32, 24.8);(114.32, 25.2);(114.32, 25.6);(114.73, 24.8);(114.73, 25.2)",True
59492,2011-09-02 14:00:00,81.7,SURF,True,EXTREME_TYPE1,113,11,11,"(114.32, 22.4);(114.32, 22.8);(114.32, 23.2);(114.32, 23.6);(114.73, 22.4);(114.73, 22.8);(114.73, 23.2);(114.73, 23.6);(115.14, 22.8);(115.14, 23.2);(115.14, 23.6)",True
59087,2011-09-02 18:00:00,5.2,SURF,True,EXTREME_TYPE1,122,10,10,"(113.09, 23.6);(113.09, 24.0);(113.09, 24.4);(113.5, 23.2);(113.5, 23.6);(113.5, 24.0);(113.5, 24.4);(113.91, 23.6);(113.91, 24.0);(113.91, 24.4)",True
59314,2011-09-19 20:00:00,8.1,SURF,True,EXTREME_TYPE1,135,12,12,"(115.55, 23.2);(115.55, 23.6);(115.95, 22.8);(115.95, 23.2);(115.95, 23.6);(115.95, 24.0);(116.36, 22.8);(116.36, 23.2);(116.36, 23.6);(116.36, 24.0);(116.77, 23.2);(116.77, 23.6)",True
59500,2011-09-29 05:00:00,32.9,SURF,True,EXTREME_TYPE1,158,12,12,"(114.73, 22.8);(114.73, 23.2);(115.14, 22.4);(115.14, 22.8);(115.14, 23.2);(115.14, 23.6);(115.55, 22.4);(115.55, 22.8);(115.55, 23.2);(115.55, 23.6);(115.95, 22.8);(115.95, 23.2)",True
59317,2011-09-29 06:00:00,12.2,SURF,True,EXTREME_TYPE1,117,9,9,"(115.95, 22.4);(115.95, 22.8);(115.95, 23.2);(115.95, 23.6);(116.36, 22.8);(116.36, 23.2);(116.36, 23.6);(116.77, 22.8);(116.77, 23.2)",True
59500,2011-09-29 14:00:00,44.7,SURF,True,EXTREME_TYPE1,156,12,12,"(114.73, 22.8);(114.73, 23.2);(115.14, 22.4);(115.14, 22.8);(115.14, 23.2);(115.14, 23.6);(115.55, 22.4);(115.55, 22.8);(115.55, 23.2);(115.55, 23.6);(115.95, 22.8);(115.95, 23.2)",True
59650,2011-09-29 20:00:00,13.7,SURF,True,EXTREME_TYPE1,94,11,11,"(109.82, 21.2);(109.82, 21.6);(109.82, 22.0);(110.23, 20.8);(110.23, 21.2);(110.23, 21.6);(110.23, 22.0);(110.64, 20.8);(110.64, 21.2);(110.64, 21.6);(110.64, 22.0)",True
59481,2011-09-29 21:00:00,5.4,SURF,True,EXTREME_TYPE1,445,12,12,"(112.68, 22.8);(112.68, 23.2);(113.09, 22.4);(113.09, 22.8);(113.09, 23.2);(113.09, 23.6);(113.5, 22.4);(113.5, 22.8);(113.5, 23.2);(113.5, 23.6);(113.91, 22.8);(113.91, 23.2)",True
59656,2011-09-30 14:00:00,8.9,SURF,True,EXTREME_TYPE1,85,11,11,"(110.23, 21.2);(110.23, 21.6);(110.64, 20.8);(110.64, 21.2);(110.64, 21.6);(110.64, 22.0);(111.05, 21.2);(111.05, 21.6);(111.05, 22.0);(111.45, 21.2);(111.45, 21.6)",True
59269,2011-10-01 14:00:00,12.0,SURF,True,EXTREME_TYPE1,160,9,9,"(111.45, 22.8);(111.45, 23.2);(111.45, 23.6);(111.86, 22.8);(111.86, 23.2);(111.86, 23.6);(112.27, 22.8);(112.27, 23.2);(112.27, 23.6)",True
57988,2011-10-07 07:00:00,4.4,SURF,True,EXTREME_TYPE1,35,11,11,"(112.68, 24.8);(112.68, 25.2);(113.09, 24.8);(113.09, 25.2);(113.09, 25.6);(113.5, 24.8);(113.5, 25.2);(113.5, 25.6);(113.91, 24.8);(113.91, 25.2);(113.91, 25.6)",True
59476,2011-10-13 01:00:00,25.5,SURF,True,EXTREME_TYPE1,550,11,11,"(112.27, 22.4);(112.68, 22.0);(112.68, 22.4);(112.68, 22.8);(113.09, 22.0);(113.09, 22.4);(113.09, 22.8);(113.09, 23.2);(113.5, 22.0);(113.5, 22.4);(113.5, 22.8)",True
59653,2011-10-13 08:00:00,5.4,SURF,True,EXTREME_TYPE1,129,11,11,"(110.23, 21.6);(110.23, 22.0);(110.64, 21.6);(110.64, 22.0);(110.64, 22.4);(111.05, 21.6);(111.05, 22.0);(111.05, 22.4);(111.45, 21.6);(111.45, 22.0);(111.45, 22.4)",True
59284,2011-10-13 15:00:00,56.6,SURF,True,EXTREME_TYPE1,282,12,12,"(112.68, 23.2);(112.68, 23.6);(113.09, 22.8);(113.09, 23.2);(113.09, 23.6);(113.09, 24.0);(113.5, 22.8);(113.5, 23.2);(113.5, 23.6);(113.5, 24.0);(113.91, 23.2);(113.91, 23.6)",True
59271,2011-10-13 17:00:00,36.4,SURF,True,EXTREME_TYPE1,158,11,11,"(111.86, 23.2);(111.86, 23.6);(111.86, 24.0);(112.27, 23.2);(112.27, 23.6);(112.27, 24.0);(112.68, 23.2);(112.68, 23.6);(112.68, 24.0);(113.09, 23.6);(113.09, 24.0)",True
59278,2011-10-13 19:00:00,52.4,SURF,True,EXTREME_TYPE1,492,12,12,"(111.86, 22.8);(111.86, 23.2);(112.27, 22.4);(112.27, 22.8);(112.27, 23.2);(112.27, 23.6);(112.68, 22.4);(112.68, 22.8);(112.68, 23.2);(112.68, 23.6);(113.09, 22.8);(113.09, 23.2)",True
59473,2011-10-14 00:00:00,26.8,SURF,True,EXTREME_TYPE1,530,10,10,"(112.27, 22.8);(112.68, 22.4);(112.68, 22.8);(112.68, 23.2);(113.09, 22.4);(113.09, 22.8);(113.09, 23.2);(113.5, 22.4);(113.5, 22.8);(113.5, 23.2)",True
59481,2011-10-14 01:00:00,59.1,SURF,True,EXTREME_TYPE1,441,12,12,"(112.68, 22.8);(112.68, 23.2);(113.09, 22.4);(113.09, 22.8);(113.09, 23.2);(113.09, 23.6);(113.5, 22.4);(113.5, 22.8);(113.5, 23.2);(113.5, 23.6);(113.91, 22.8);(113.91, 23.2)",True
59304,2011-10-14 05:00:00,2.4,SURF,True,EXTREME_TYPE1,117,9,9,"(114.73, 23.2);(114.73, 23.6);(114.73, 24.0);(115.14, 23.2);(115.14, 23.6);(115.14, 24.0);(115.55, 23.2);(115.55, 23.6);(115.55, 24.0)",True
59658,2011-11-08 06:00:00,2.9,SURF,True,EXTREME_TYPE1,54,10,10,"(109.82, 20.8);(109.82, 21.2);(109.82, 21.6);(110.23, 20.8);(110.23, 21.2);(110.23, 21.6);(110.64, 20.8);(110.64, 21.2);(110.64, 21.6);(111.05, 21.2)",True
59294,2011-11-08 10:00:00,4.3,SURF,True,EXTREME_TYPE1,192,11,11,"(113.09, 23.2);(113.5, 22.8);(113.5, 23.2);(113.5, 23.6);(113.91, 22.8);(113.91, 23.2);(113.91, 23.6);(113.91, 24.0);(114.32, 22.8);(114.32, 23.2);(114.32, 23.6)",True
59653,2011-11-09 05:00:00,10.1,SURF,True,EXTREME_TYPE1,127,11,11,"(110.23, 21.6);(110.23, 22.0);(110.64, 21.6);(110.64, 22.0);(110.64, 22.4);(111.05, 21.6);(111.05, 22.0);(111.05, 22.4);(111.45, 21.6);(111.45, 22.0);(111.45, 22.4)",True
59314,2011-11-09 21:00:00,1.4,SURF,True,EXTREME_TYPE1,135,12,12,"(115.55, 23.2);(115.55, 23.6);(115.95, 22.8);(115.95, 23.2);(115.95, 23.6);(115.95, 24.0);(116.36, 22.8);(116.36, 23.2);(116.36, 23.6);(116.36, 24.0);(116.77, 23.2);(116.77, 23.6)",True
57996,2011-11-18 09:00:00,2.5,SURF,True,EXTREME_TYPE1,25,10,8,"(113.5, 25.2);(113.91, 24.8);(113.91, 25.2);(113.91, 25.6);(114.32, 24.4);(114.32, 24.8);(114.32, 25.2);(114.73, 24.8)",True
59109,2011-11-19 02:00:00,5.7,SURF,True,EXTREME_TYPE1,106,12,12,"(115.14, 24.0);(115.14, 24.4);(115.55, 23.6);(115.55, 24.0);(115.55, 24.4);(115.55, 24.8);(115.95, 23.6);(115.95, 24.0);(115.95, 24.4);(115.95, 24.8);(116.36, 24.0);(116.36, 24.4)",True
57996,2012-01-04 03:00:00,1.7,SURF,True,EXTREME_TYPE1,27,10,10,"(113.5, 25.2);(113.91, 24.8);(113.91, 25.2);(113.91, 25.6);(114.32, 24.4);(114.32, 24.8);(114.32, 25.2);(114.32, 25.6);(114.73, 24.8);(114.73, 25.2)",True
59090,2012-01-14 08:00:00,1.9,SURF,True,EXTREME_TYPE1,25,12,12,"(113.5, 24.8);(113.5, 25.2);(113.91, 24.4);(113.91, 24.8);(113.91, 25.2);(113.91, 25.6);(114.32, 24.4);(114.32, 24.8);(114.32, 25.2);(114.32, 25.6);(114.73, 24.8);(114.73, 25.2)",True
57996,2012-01-14 19:00:00,1.5,SURF,True,EXTREME_TYPE1,27,10,10,"(113.5, 25.2);(113.91, 24.8);(113.91, 25.2);(113.91, 25.6);(114.32, 24.4);(114.32, 24.8);(114.32, 25.2);(114.32, 25.6);(114.73, 24.8);(114.73, 25.2)",True
59289,2012-02-28 04:00:00,5.2,SURF,True,EXTREME_TYPE1,273,12,12,"(113.09, 22.8);(113.09, 23.2);(113.5, 22.4);(113.5, 22.8);(113.5, 23.2);(113.5, 23.6);(113.91, 22.4);(113.91, 22.8);(113.91, 23.2);(113.91, 23.6);(114.32, 22.8);(114.32, 23.2)",True
59096,2012-03-06 14:00:00,7.2,SURF,True,EXTREME_TYPE1,62,12,12,"(113.91, 24.0);(113.91, 24.4);(113.91, 24.8);(114.32, 24.0);(114.32, 24.4);(114.32, 24.8);(114.73, 24.0);(114.73, 24.4);(114.73, 24.8);(115.14, 24.0);(115.14, 24.4);(115.14, 24.8)",True
59087,2012-03-10 05:00:00,2.3,SURF,True,EXTREME_TYPE1,130,10,10,"(113.09, 23.6);(113.09, 24.0);(113.09, 24.4);(113.5, 23.2);(113.5, 23.6);(113.5, 24.0);(113.5, 24.4);(113.91, 23.6);(113.91, 24.0);(113.91, 24.4)",True
59072,2012-04-05 05:00:00,22.5,SURF,True,EXTREME_TYPE1,122,9,9,"(111.86, 24.4);(111.86, 24.8);(112.27, 24.4);(112.27, 24.8);(112.27, 25.2);(112.68, 24.4);(112.68, 24.8);(112.68, 25.2);(113.09, 24.8)",True
59276,2012-04-05 11:00:00,1.8,SURF,True,EXTREME_TYPE1,343,10,10,"(112.27, 22.8);(112.27, 23.2);(112.27, 23.6);(112.68, 22.8);(112.68, 23.2);(112.68, 23.6);(112.68, 24.0);(113.09, 22.8);(113.09, 23.2);(113.09, 23.6)",True
59500,2012-04-06 07:00:00,1.8,SURF,True,EXTREME_TYPE1,161,12,12,"(114.73, 22.8);(114.73, 23.2);(115.14, 22.4);(115.14, 22.8);(115.14, 23.2);(115.14, 23.6);(115.55, 22.4);(115.55, 22.8);(115.55, 23.2);(115.55, 23.6);(115.95, 22.8);(115.95, 23.2)",True
59271,2012-04-08 19:00:00,5.5,SURF,True,EXTREME_TYPE1,161,11,11,"(111.86, 23.2);(111.86, 23.6);(111.86, 24.0);(112.27, 23.2);(112.27, 23.6);(112.27, 24.0);(112.68, 23.2);(112.68, 23.6);(112.68, 24.0);(113.09, 23.6);(113.09, 24.0)",True
59502,2012-04-09 04:00:00,1.2,SURF,True,EXTREME_TYPE1,150,12,12,"(115.14, 22.8);(115.14, 23.2);(115.55, 22.4);(115.55, 22.8);(115.55, 23.2);(115.55, 23.6);(115.95, 22.4);(115.95, 22.8);(115.95, 23.2);(115.95, 23.6);(116.36, 22.8);(116.36, 23.2)",True
59314,2012-04-09 19:00:00,6.5,SURF,True,EXTREME_TYPE1,141,12,12,"(115.55, 23.2);(115.55, 23.6);(115.95, 22.8);(115.95, 23.2);(115.95, 23.6);(115.95, 24.0);(116.36, 22.8);(116.36, 23.2);(116.36, 23.6);(116.36, 24.0);(116.77, 23.2);(116.77, 23.6)",True
59081,2012-04-12 22:00:00,30.9,SURF,True,EXTREME_TYPE1,82,12,10,"(112.68, 24.4);(112.68, 24.8);(112.68, 25.2);(113.09, 24.4);(113.09, 24.8);(113.09, 25.2);(113.5, 24.4);(113.5, 24.8);(113.5, 25.2);(113.91, 24.4)",True
59294,2012-04-13 14:00:00,20.2,SURF,True,EXTREME_TYPE1,194,11,11,"(113.09, 23.2);(113.5, 22.8);(113.5, 23.2);(113.5, 23.6);(113.91, 22.8);(113.91, 23.2);(113.91, 23.6);(113.91, 24.0);(114.32, 22.8);(114.32, 23.2);(114.32, 23.6)",True
59656,2012-04-18 10:00:00,93.3,SURF,True,EXTREME_TYPE1,84,11,11,"(110.23, 21.2);(110.23, 21.6);(110.64, 20.8);(110.64, 21.2);(110.64, 21.6);(110.64, 22.0);(111.05, 21.2);(111.05, 21.6);(111.05, 22.0);(111.45, 21.2);(111.45, 21.6)",True
59304,2012-04-18 16:00:00,5.5,SURF,True,EXTREME_TYPE1,137,9,9,"(114.73, 23.2);(114.73, 23.6);(114.73, 24.0);(115.14, 23.2);(115.14, 23.6);(115.14, 24.0);(115.55, 23.2);(115.55, 23.6);(115.55, 24.0)",True
59477,2012-04-19 11:00:00,27.9,SURF,True,EXTREME_TYPE1,396,10,10,"(111.86, 22.0);(111.86, 22.4);(111.86, 22.8);(112.27, 21.6);(112.27, 22.0);(112.27, 22.4);(112.27, 22.8);(112.68, 22.0);(112.68, 22.4);(112.68, 22.8)",True
59477,2012-04-19 12:00:00,32.6,SURF,True,EXTREME_TYPE1,398,10,10,"(111.86, 22.0);(111.86, 22.4);(111.86, 22.8);(112.27, 21.6);(112.27, 22.0);(112.27, 22.4);(112.27, 22.8);(112.68, 22.0);(112.68, 22.4);(112.68, 22.8)",True
59673,2012-04-19 13:00:00,58.1,SURF,True,EXTREME_TYPE1,24,8,8,"(112.27, 21.6);(112.27, 22.0);(112.68, 21.6);(112.68, 22.0);(112.68, 22.4);(113.09, 21.6);(113.09, 22.0);(113.5, 21.6)",True
59673,2012-04-20 12:00:00,53.5,SURF,True,EXTREME_TYPE1,24,8,8,"(112.27, 21.6);(112.27, 22.0);(112.68, 21.6);(112.68, 22.0);(112.68, 22.4);(113.09, 21.6);(113.09, 22.0);(113.5, 21.6)",True
59656,2012-04-20 17:00:00,52.6,SURF,True,EXTREME_TYPE1,84,11,11,"(110.23, 21.2);(110.23, 21.6);(110.64, 20.8);(110.64, 21.2);(110.64, 21.6);(110.64, 22.0);(111.05, 21.2);(111.05, 21.6);(111.05, 22.0);(111.45, 21.2);(111.45, 21.6)",True
59088,2012-04-25 14:00:00,40.5,SURF,True,EXTREME_TYPE1,132,12,12,"(112.68, 24.0);(112.68, 24.4);(113.09, 23.6);(113.09, 24.0);(113.09, 24.4);(113.09, 24.8);(113.5, 23.6);(113.5, 24.0);(113.5, 24.4);(113.5, 24.8);(113.91, 24.0);(113.91, 24.4)",True
59280,2012-04-27 13:00:00,68.0,SURF,True,EXTREME_TYPE1,171,10,10,"(112.68, 23.2);(112.68, 23.6);(112.68, 24.0);(113.09, 23.2);(113.09, 23.6);(113.09, 24.0);(113.09, 24.4);(113.5, 23.2);(113.5, 23.6);(113.5, 24.0)",True
59294,2012-04-27 14:00:00,10.6,SURF,True,EXTREME_TYPE1,194,11,11,"(113.09, 23.2);(113.5, 22.8);(113.5, 23.2);(113.5, 23.6);(113.91, 22.8);(113.91, 23.2);(113.91, 23.6);(113.91, 24.0);(114.32, 22.8);(114.32, 23.2);(114.32, 23.6)",True
59650,2012-04-27 15:00:00,78.6,SURF,True,FALSE,92,11,0,,True
59663,2012-04-27 22:00:00,54.1,SURF,True,EXTREME_TYPE1,129,11,11,"(111.45, 21.6);(111.45, 22.0);(111.86, 21.2);(111.86, 21.6);(111.86, 22.0);(111.86, 22.4);(112.27, 21.6);(112.27, 22.0);(112.27, 22.4);(112.68, 21.6);(112.68, 22.0)",True
59492,2012-04-29 05:00:00,21.3,SURF,True,EXTREME_TYPE1,119,11,11,"(114.32, 22.4);(114.32, 22.8);(114.32, 23.2);(114.32, 23.6);(114.73, 22.4);(114.73, 22.8);(114.73, 23.2);(114.73, 23.6);(115.14, 22.8);(115.14, 23.2);(115.14, 23.6)",True
59094,2012-05-03 06:00:00,12.6,SURF,True,EXTREME_TYPE1,70,12,12,"(113.5, 24.0);(113.5, 24.4);(113.5, 24.8);(113.91, 24.0);(113.91, 24.4);(113.91, 24.8);(114.32, 24.0);(114.32, 24.4);(114.32, 24.8);(114.73, 24.0);(114.73, 24.4);(114.73, 24.8)",True
59297,2012-05-03 16:00:00,50.4,SURF,True,EXTREME_TYPE1,118,10,10,"(113.5, 23.2);(113.91, 22.8);(113.91, 23.2);(113.91, 23.6);(114.32, 22.8);(114.32, 23.2);(114.32, 23.6);(114.73, 22.8);(114.73, 23.2);(114.73, 23.6)",True
59290,2012-05-04 20:00:00,55.7,SURF,True,EXTREME_TYPE1,116,11,6,"(113.5, 23.6);(113.91, 23.2);(113.91, 23.6);(113.91, 24.0);(114.32, 23.2);(114.73, 23.6)",True
59288,2012-05-05 08:00:00,4.9,SURF,True,EXTREME_TYPE1,356,10,10,"(112.27, 23.2);(112.68, 22.8);(112.68, 23.2);(112.68, 23.6);(113.09, 22.8);(113.09, 23.2);(113.09, 23.6);(113.5, 22.8);(113.5, 23.2);(113.5, 23.6)",True
59303,2012-05-06 09:00:00,23.6,SURF,True,FALSE,176,10,0,,True
59312,2012-05-10 16:00:00,9.1,SURF,True,EXTREME_TYPE1,66,10,10,"(115.95, 23.6);(116.36, 23.2);(116.36, 23.6);(116.36, 24.0);(116.77, 23.2);(116.77, 23.6);(116.77, 24.0);(117.18, 23.2);(117.18, 23.6);(117.18, 24.0)",True
59264,2012-05-14 19:00:00,31.6,SURF,True,EXTREME_TYPE1,69,9,9,"(111.05, 23.2);(111.45, 22.8);(111.45, 23.2);(111.45, 23.6);(111.45, 24.0);(111.86, 22.8);(111.86, 23.2);(111.86, 23.6);(111.86, 24.0)",True
59304,2012-05-16 20:00:00,34.3,SURF,True,EXTREME_TYPE1,139,9,9,"(114.73, 23.2);(114.73, 23.6);(114.73, 24.0);(115.14, 23.2);(115.14, 23.6);(115.14, 24.0);(115.55, 23.2);(115.55, 23.6);(115.55, 24.0)",True
59310,2012-05-18 01:00:00,41.5,SURF,True,EXTREME_TYPE1,132,12,10,"(115.55, 23.6);(115.55, 24.0);(115.95, 23.2);(115.95, 23.6);(115.95, 24.0);(116.36, 23.2);(116.36, 23.6);(116.36, 24.0);(116.77, 23.6);(116.77, 24.0)",True
59487,2012-05-18 08:00:00,25.9,SURF,True,EXTREME_TYPE1,276,12,12,"(112.68, 22.0);(112.68, 22.4);(113.09, 21.6);(113.09, 22.0);(113.09, 22.4);(113.09, 22.8);(113.5, 21.6);(113.5, 22.0);(113.5, 22.4);(113.5, 22.8);(113.91, 22.0);(113.91, 22.4)",True
59502,2012-05-18 11:00:00,9.7,SURF,True,EXTREME_TYPE1,151,12,12,"(115.14, 22.8);(115.14, 23.2);(115.55, 22.4);(115.55, 22.8);(115.55, 23.2);(115.55, 23.6);(115.95, 22.4);(115.95, 22.8);(115.95, 23.2);(115.95, 23.6);(116.36, 22.8);(116.36, 23.2)",True
59288,2012-05-18 12:00:00,30.0,SURF,True,EXTREME_TYPE1,371,10,10,"(112.27, 23.2);(112.68, 22.8);(112.68, 23.2);(112.68, 23.6);(113.09, 22.8);(113.09, 23.2);(113.09, 23.6);(113.5, 22.8);(113.5, 23.2);(113.5, 23.6)",True
59097,2012-05-18 15:00:00,32.5,SURF,True,EXTREME_TYPE1,81,10,10,"(113.5, 24.0);(113.91, 23.6);(113.91, 24.0);(113.91, 24.4);(114.32, 23.6);(114.32, 24.0);(114.32, 24.4);(114.73, 23.6);(114.73, 24.0);(114.73, 24.4)",True
59485,2012-05-20 20:00:00,25.2,SURF,True,EXTREME_TYPE1,444,12,12,"(112.68, 22.4);(112.68, 22.8);(113.09, 22.0);(113.09, 22.4);(113.09, 22.8);(113.5, 22.0);(113.5, 22.4);(113.5, 22.8);(113.5, 23.2);(113.91, 22.0);(113.91, 22.4);(113.91, 22.8)",True
59278,2012-05-20 21:00:00,56.5,SURF,True,EXTREME_TYPE1,483,12,12,"(111.86, 22.8);(111.86, 23.2);(112.27, 22.4);(112.27, 22.8);(112.27, 23.2);(112.27, 23.6);(112.68, 22.4);(112.68, 22.8);(112.68, 23.2);(112.68, 23.6);(113.09, 22.8);(113.09, 23.2)",True
59654,2012-05-21 15:00:00,36.4,SURF,True,EXTREME_TYPE1,97,10,10,"(109.82, 21.2);(109.82, 21.6);(109.82, 22.0);(110.23, 21.2);(110.23, 21.6);(110.23, 22.0);(110.64, 21.2);(110.64, 21.6);(110.64, 22.0);(111.05, 21.6)",True
59655,2012-05-24 11:00:00,5.4,SURF,True,EXTREME_TYPE1,113,10,9,"(110.23, 21.2);(110.23, 21.6);(110.23, 22.0);(110.64, 21.2);(110.64, 21.6);(110.64, 22.0);(111.05, 21.2);(111.05, 21.6);(111.05, 22.0)",True
59659,2012-05-27 18:00:00,3.3,SURF,True,EXTREME_TYPE1,122,12,12,"(110.23, 21.6);(110.23, 22.0);(110.64, 21.2);(110.64, 21.6);(110.64, 22.0);(110.64, 22.4);(111.05, 21.2);(111.05, 21.6);(111.05, 22.0);(111.05, 22.4);(111.45, 21.6);(111.45, 22.0)",True
59114,2012-05-28 03:00:00,7.4,SURF,True,EXTREME_TYPE1,35,10,10,"(115.55, 24.4);(115.55, 24.8);(115.95, 24.0);(115.95, 24.4);(115.95, 24.8);(116.36, 24.0);(116.36, 24.4);(116.36, 24.8);(116.77, 24.4);(116.77, 24.8)",True
59654,2012-05-28 04:00:00,20.0,SURF,True,EXTREME_TYPE1,98,10,10,"(109.82, 21.2);(109.82, 21.6);(109.82, 22.0);(110.23, 21.2);(110.23, 21.6);(110.23, 22.0);(110.64, 21.2);(110.64, 21.6);(110.64, 22.0);(111.05, 21.6)",True
59269,2012-05-31 00:00:00,32.5,SURF,True,EXTREME_TYPE1,160,9,9,"(111.45, 22.8);(111.45, 23.2);(111.45, 23.6);(111.86, 22.8);(111.86, 23.2);(111.86, 23.6);(112.27, 22.8);(112.27, 23.2);(112.27, 23.6)",True
59754,2012-05-31 16:00:00,43.5,SURF,True,EXTREME_TYPE1,38,5,5,"(109.82, 20.4);(109.82, 20.8);(110.23, 20.4);(110.23, 20.8);(110.64, 20.8)",True
59754,2012-05-31 17:00:00,17.0,SURF,True,EXTREME_TYPE1,39,5,5,"(109.82, 20.4);(109.82, 20.8);(110.23, 20.4);(110.23, 20.8);(110.64, 20.8)",True
59654,2012-06-08 10:00:00,22.1,SURF,True,EXTREME_TYPE1,96,10,10,"(109.82, 21.2);(109.82, 21.6);(109.82, 22.0);(110.23, 21.2);(110.23, 21.6);(110.23, 22.0);(110.64, 21.2);(110.64, 21.6);(110.64, 22.0);(111.05, 21.6)",True
59317,2012-06-10 09:00:00,16.0,SURF,True,EXTREME_TYPE1,123,9,9,"(115.95, 22.4);(115.95, 22.8);(115.95, 23.2);(115.95, 23.6);(116.36, 22.8);(116.36, 23.2);(116.36, 23.6);(116.77, 22.8);(116.77, 23.2)",True
59487,2012-06-12 19:00:00,8.6,SURF,True,EXTREME_TYPE1,275,12,12,"(112.68, 22.0);(112.68, 22.4);(113.09, 21.6);(113.09, 22.0);(113.09, 22.4);(113.09, 22.8);(113.5, 21.6);(113.5, 22.0);(113.5, 22.4);(113.5, 22.8);(113.91, 22.0);(113.91, 22.4)",True
59285,2012-06-13 18:00:00,58.9,SURF,True,EXTREME_TYPE1,194,10,9,"(113.09, 23.2);(113.09, 23.6);(113.09, 24.0);(113.5, 23.2);(113.5, 23.6);(113.5, 24.0);(113.91, 23.2);(113.91, 23.6);(113.91, 24.0)",True
59501,2012-06-16 18:00:00,25.0,SURF,True,EXTREME_TYPE1,150,12,12,"(114.73, 22.4);(114.73, 22.8);(114.73, 23.2);(115.14, 22.4);(115.14, 22.8);(115.14, 23.2);(115.55, 22.4);(115.55, 22.8);(115.55, 23.2);(115.95, 22.4);(115.95, 22.8);(115.95, 23.2)",True
59502,2012-06-16 18:00:00,5.4,SURF,True,EXTREME_TYPE1,140,12,12,"(115.14, 22.8);(115.14, 23.2);(115.55, 22.4);(115.55, 22.8);(115.55, 23.2);(115.55, 23.6);(115.95, 22.4);(115.95, 22.8);(115.95, 23.2);(115.95, 23.6);(116.36, 22.8);(116.36, 23.2)",True
59319,2012-06-17 08:00:00,34.5,SURF,True,EXTREME_TYPE1,64,11,11,"(115.95, 23.6);(116.36, 23.2);(116.36, 23.6);(116.36, 24.0);(116.77, 22.8);(116.77, 23.2);(116.77, 23.6);(116.77, 24.0);(117.18, 23.2);(117.18, 23.6);(117.18, 24.0)",True
59310,2012-06-18 14:00:00,8.3,SURF,True,EXTREME_TYPE1,131,12,12,"(115.55, 23.6);(115.55, 24.0);(115.95, 23.2);(115.95, 23.6);(115.95, 24.0);(115.95, 24.4);(116.36, 23.2);(116.36, 23.6);(116.36, 24.0);(116.36, 24.4);(116.77, 23.6);(116.77, 24.0)",True
59099,2012-06-21 12:00:00,34.0,SURF,True,EXTREME_TYPE1,71,10,10,"(114.32, 24.4);(114.32, 24.8);(114.73, 24.0);(114.73, 24.4);(114.73, 24.8);(115.14, 24.0);(115.14, 24.4);(115.14, 24.8);(115.55, 24.4);(115.55, 24.8)",True
59289,2012-06-21 16:00:00,10.3,SURF,True,EXTREME_TYPE1,277,12,12,"(113.09, 22.8);(113.09, 23.2);(113.5, 22.4);(113.5, 22.8);(113.5, 23.2);(113.5, 23.6);(113.91, 22.4);(113.91, 22.8);(113.91, 23.2);(113.91, 23.6);(114.32, 22.8);(114.32, 23.2)",True
59075,2012-06-22 19:00:00,58.2,SURF,True,EXTREME_TYPE1,124,12,9,"(111.86, 24.0);(111.86, 24.4);(112.27, 24.0);(112.27, 24.4);(112.27, 24.8);(112.68, 23.6);(112.68, 24.0);(112.68, 24.4);(112.68, 24.8)",True
59294,2012-06-23 06:00:00,19.8,SURF,True,EXTREME_TYPE1,190,11,11,"(113.09, 23.2);(113.5, 22.8);(113.5, 23.2);(113.5, 23.6);(113.91, 22.8);(113.91, 23.2);(113.91, 23.6);(113.91, 24.0);(114.32, 22.8);(114.32, 23.2);(114.32, 23.6)",True
59478,2012-06-24 07:00:00,21.4,SURF,True,EXTREME_TYPE1,349,12,12,"(112.27, 22.0);(112.27, 22.4);(112.68, 21.6);(112.68, 22.0);(112.68, 22.4);(112.68, 22.8);(113.09, 21.6);(113.09, 22.0);(113.09, 22.4);(113.09, 22.8);(113.5, 22.0);(113.5, 22.4)",True
59287,2012-06-30 13:00:00,1.1,SURF,True,EXTREME_TYPE1,281,9,9,"(113.09, 22.8);(113.09, 23.2);(113.09, 23.6);(113.5, 22.8);(113.5, 23.2);(113.5, 23.6);(113.91, 22.8);(113.91, 23.2);(113.91, 23.6)",True
59109,2012-07-17 15:00:00,21.4,SURF,True,EXTREME_TYPE1,105,12,12,"(115.14, 24.0);(115.14, 24.4);(115.55, 23.6);(115.55, 24.0);(115.55, 24.4);(115.55, 24.8);(115.95, 23.6);(115.95, 24.0);(115.95, 24.4);(115.95, 24.8);(116.36, 24.0);(116.36, 24.4)",True
59653,2012-07-22 15:00:00,53.8,SURF,True,EXTREME_TYPE1,126,11,11,"(110.23, 21.6);(110.23, 22.0);(110.64, 21.6);(110.64, 22.0);(110.64, 22.4);(111.05, 21.6);(111.05, 22.0);(111.05, 22.4);(111.45, 21.6);(111.45, 22.0);(111.45, 22.4)",True
59462,2012-07-24 10:00:00,34.0,SURF,True,EXTREME_TYPE1,206,11,11,"(111.05, 22.4);(111.05, 22.8);(111.05, 23.2);(111.45, 22.4);(111.45, 22.8);(111.45, 23.2);(111.86, 22.4);(111.86, 22.8);(111.86, 23.2);(112.27, 22.4);(112.27, 22.8)",True
59656,2012-07-24 19:00:00,6.4,SURF,True,EXTREME_TYPE1,87,11,11,"(110.23, 21.2);(110.23, 21.6);(110.64, 20.8);(110.64, 21.2);(110.64, 21.6);(110.64, 22.0);(111.05, 21.2);(111.05, 21.6);(111.05, 22.0);(111.45, 21.2);(111.45, 21.6)",True
59673,2012-07-25 19:00:00,79.3,SURF,True,EXTREME_TYPE1,23,8,7,"(112.27, 21.6);(112.27, 22.0);(112.68, 21.6);(112.68, 22.0);(113.09, 21.6);(113.09, 22.0);(113.5, 21.6)",True
59485,2012-07-27 06:00:00,27.5,SURF,True,EXTREME_TYPE1,446,12,12,"(112.68, 22.4);(112.68, 22.8);(113.09, 22.0);(113.09, 22.4);(113.09, 22.8);(113.5, 22.0);(113.5, 22.4);(113.5, 22.8);(113.5, 23.2);(113.91, 22.0);(113.91, 22.4);(113.91, 22.8)",True
59280,2012-07-28 19:00:00,6.2,SURF,True,EXTREME_TYPE1,168,10,9,"(112.68, 23.2);(112.68, 23.6);(112.68, 24.0);(113.09, 23.2);(113.09, 23.6);(113.09, 24.0);(113.5, 23.2);(113.5, 23.6);(113.5, 24.0)",True
59500,2012-08-07 14:00:00,21.7,SURF,True,EXTREME_TYPE1,160,12,11,"(114.73, 22.8);(114.73, 23.2);(115.14, 22.4);(115.14, 22.8);(115.14, 23.2);(115.55, 22.4);(115.55, 22.8);(115.55, 23.2);(115.55, 23.6);(115.95, 22.8);(115.95, 23.2)",True
59663,2012-08-08 22:00:00,32.2,SURF,True,EXTREME_TYPE1,132,11,11,"(111.45, 21.6);(111.45, 22.0);(111.86, 21.2);(111.86, 21.6);(111.86, 22.0);(111.86, 22.4);(112.27, 21.6);(112.27, 22.0);(112.27, 22.4);(112.68, 21.6);(112.68, 22.0)",True
59481,2012-08-10 19:00:00,32.6,SURF,True,EXTREME_TYPE1,440,12,12,"(112.68, 22.8);(112.68, 23.2);(113.09, 22.4);(113.09, 22.8);(113.09, 23.2);(113.09, 23.6);(113.5, 22.4);(113.5, 22.8);(113.5, 23.2);(113.5, 23.6);(113.91, 22.8);(113.91, 23.2)",True
59284,2012-08-11 14:00:00,30.4,SURF,True,EXTREME_TYPE1,256,12,12,"(112.68, 23.2);(112.68, 23.6);(113.09, 22.8);(113.09, 23.2);(113.09, 23.6);(113.09, 24.0);(113.5, 22.8);(113.5, 23.2);(113.5, 23.6);(113.5, 24.0);(113.91, 23.2);(113.91, 23.6)",True
59485,2012-08-12 05:00:00,12.5,SURF,True,EXTREME_TYPE1,438,12,12,"(112.68, 22.4);(112.68, 22.8);(113.09, 22.0);(113.09, 22.4);(113.09, 22.8);(113.5, 22.0);(113.5, 22.4);(113.5, 22.8);(113.5, 23.2);(113.91, 22.0);(113.91, 22.4);(113.91, 22.8)",True
59297,2012-08-12 19:00:00,59.0,SURF,True,EXTREME_TYPE1,125,10,7,"(113.5, 23.2);(113.91, 22.8);(113.91, 23.2);(113.91, 23.6);(114.32, 22.8);(114.32, 23.2);(114.32, 23.6)",True
59280,2012-08-13 04:00:00,36.6,SURF,True,EXTREME_TYPE1,169,10,10,"(112.68, 23.2);(112.68, 23.6);(112.68, 24.0);(113.09, 23.2);(113.09, 23.6);(113.09, 24.0);(113.09, 24.4);(113.5, 23.2);(113.5, 23.6);(113.5, 24.0)",True
59477,2012-08-13 17:00:00,58.5,SURF,True,FALSE,399,10,0,,True
59476,2012-08-14 17:00:00,1.8,SURF,True,EXTREME_TYPE1,545,11,11,"(112.27, 22.4);(112.68, 22.0);(112.68, 22.4);(112.68, 22.8);(113.09, 22.0);(113.09, 22.4);(113.09, 22.8);(113.09, 23.2);(113.5, 22.0);(113.5, 22.4);(113.5, 22.8)",True
59658,2012-08-16 16:00:00,81.3,SURF,True,EXTREME_TYPE1,59,10,8,"(109.82, 20.8);(109.82, 21.2);(109.82, 21.6);(110.23, 20.8);(110.23, 21.2);(110.23, 21.6);(110.64, 20.8);(110.64, 21.2)",True
59673,2012-08-17 09:00:00,6.0,SURF,True,EXTREME_TYPE1,24,8,8,"(112.27, 21.6);(112.27, 22.0);(112.68, 21.6);(112.68, 22.0);(112.68, 22.4);(113.09, 21.6);(113.09, 22.0);(113.5, 21.6)",True
59664,2012-08-17 12:00:00,12.5,SURF,True,EXTREME_TYPE1,128,10,10,"(110.23, 21.6);(110.64, 21.2);(110.64, 21.6);(110.64, 22.0);(111.05, 21.2);(111.05, 21.6);(111.05, 22.0);(111.45, 21.2);(111.45, 21.6);(111.45, 22.0)",True
59306,2012-08-18 13:00:00,30.6,SURF,True,EXTREME_TYPE1,183,12,8,"(115.14, 23.2);(115.14, 23.6);(115.55, 23.2);(115.95, 23.2);(115.95, 23.6);(115.95, 24.0);(116.36, 23.2);(116.36, 23.6)",True
59096,2012-08-20 16:00:00,43.1,SURF,True,FALSE,61,12,0,,True
59106,2012-08-20 19:00:00,72.5,SURF,True,EXTREME_TYPE1,60,10,8,"(115.14, 24.8);(115.55, 24.4);(115.55, 24.8);(115.95, 24.0);(115.95, 24.4);(115.95, 24.8);(116.36, 24.4);(116.36, 24.8)",True
59287,2012-08-22 15:00:00,33.5,SURF,True,EXTREME_TYPE1,279,9,9,"(113.09, 22.8);(113.09, 23.2);(113.09, 23.6);(113.5, 22.8);(113.5, 23.2);(113.5, 23.6);(113.91, 22.8);(113.91, 23.2);(113.91, 23.6)",True
59654,2012-08-22 16:00:00,30.5,SURF,True,EXTREME_TYPE1,101,10,10,"(109.82, 21.2);(109.82, 21.6);(109.82, 22.0);(110.23, 21.2);(110.23, 21.6);(110.23, 22.0);(110.64, 21.2);(110.64, 21.6);(110.64, 22.0);(111.05, 21.6)",True
59664,2012-08-23 15:00:00,50.7,SURF,True,FALSE,127,10,0,,True
59754,2012-08-31 13:00:00,80.2,SURF,True,FALSE,41,5,0,,True
59294,2012-09-01 17:00:00,12.7,SURF,True,EXTREME_TYPE1,191,11,11,"(113.09, 23.2);(113.5, 22.8);(113.5, 23.2);(113.5, 23.6);(113.91, 22.8);(113.91, 23.2);(113.91, 23.6);(113.91, 24.0);(114.32, 22.8);(114.32, 23.2);(114.32, 23.6)",True
59473,2012-09-03 23:00:00,53.2,SURF,True,EXTREME_TYPE1,524,10,10,"(112.27, 22.8);(112.68, 22.4);(112.68, 22.8);(112.68, 23.2);(113.09, 22.4);(113.09, 22.8);(113.09, 23.2);(113.5, 22.4);(113.5, 22.8);(113.5, 23.2)",True
59481,2012-09-04 17:00:00,55.2,SURF,True,EXTREME_TYPE1,437,12,12,"(112.68, 22.8);(112.68, 23.2);(113.09, 22.4);(113.09, 22.8);(113.09, 23.2);(113.09, 23.6);(113.5, 22.4);(113.5, 22.8);(113.5, 23.2);(113.5, 23.6);(113.91, 22.8);(113.91, 23.2)",True
59475,2012-09-05 14:00:00,16.9,SURF,True,EXTREME_TYPE1,509,9,9,"(112.27, 22.0);(112.27, 22.4);(112.27, 22.8);(112.68, 22.0);(112.68, 22.4);(112.68, 22.8);(113.09, 22.0);(113.09, 22.4);(113.09, 22.8)",True
59650,2012-09-07 05:00:00,8.4,SURF,True,EXTREME_TYPE1,99,11,11,"(109.82, 21.2);(109.82, 21.6);(109.82, 22.0);(110.23, 20.8);(110.23, 21.2);(110.23, 21.6);(110.23, 22.0);(110.64, 20.8);(110.64, 21.2);(110.64, 21.6);(110.64, 22.0)",True
59658,2012-09-10 07:00:00,5.8,SURF,True,EXTREME_TYPE1,59,10,2,"(110.23, 21.6);(110.64, 21.6)",True
59090,2012-09-13 08:00:00,39.6,SURF,True,EXTREME_TYPE1,14,12,12,"(113.5, 24.8);(113.5, 25.2);(113.91, 24.4);(113.91, 24.8);(113.91, 25.2);(113.91, 25.6);(114.32, 24.4);(114.32, 24.8);(114.32, 25.2);(114.32, 25.6);(114.73, 24.8);(114.73, 25.2)",True
59114,2012-09-24 04:00:00,2.4,SURF,True,EXTREME_TYPE1,35,10,10,"(115.55, 24.4);(115.55, 24.8);(115.95, 24.0);(115.95, 24.4);(115.95, 24.8);(116.36, 24.0);(116.36, 24.4);(116.36, 24.8);(116.77, 24.4);(116.77, 24.8)",True
59289,2012-09-24 18:00:00,40.4,SURF,True,EXTREME_TYPE1,262,12,12,"(113.09, 22.8);(113.09, 23.2);(113.5, 22.4);(113.5, 22.8);(113.5, 23.2);(113.5, 23.6);(113.91, 22.4);(113.91, 22.8);(113.91, 23.2);(113.91, 23.6);(114.32, 22.8);(114.32, 23.2)",True
59673,2012-09-25 13:00:00,6.3,SURF,True,EXTREME_TYPE1,24,8,8,"(112.27, 21.6);(112.27, 22.0);(112.68, 21.6);(112.68, 22.0);(112.68, 22.4);(113.09, 21.6);(113.09, 22.0);(113.5, 21.6)",True
59655,2012-10-30 00:00:00,56.4,SURF,True,EXTREME_TYPE1,120,10,10,"(110.23, 21.2);(110.23, 21.6);(110.23, 22.0);(110.64, 21.2);(110.64, 21.6);(110.64, 22.0);(110.64, 22.4);(111.05, 21.2);(111.05, 21.6);(111.05, 22.0)",True
59655,2012-10-30 01:00:00,67.6,SURF,True,EXTREME_TYPE1,121,10,10,"(110.23, 21.2);(110.23, 21.6);(110.23, 22.0);(110.64, 21.2);(110.64, 21.6);(110.64, 22.0);(110.64, 22.4);(111.05, 21.2);(111.05, 21.6);(111.05, 22.0)",True
59664,2012-10-30 04:00:00,52.2,SURF,True,EXTREME_TYPE1,127,10,10,"(110.23, 21.6);(110.64, 21.2);(110.64, 21.6);(110.64, 22.0);(111.05, 21.2);(111.05, 21.6);(111.05, 22.0);(111.45, 21.2);(111.45, 21.6);(111.45, 22.0)",True
59663,2012-10-30 08:00:00,35.2,SURF,True,EXTREME_TYPE1,133,11,11,"(111.45, 21.6);(111.45, 22.0);(111.86, 21.2);(111.86, 21.6);(111.86, 22.0);(111.86, 22.4);(112.27, 21.6);(112.27, 22.0);(112.27, 22.4);(112.68, 21.6);(112.68, 22.0)",True
59478,2012-10-30 17:00:00,1.8,SURF,True,EXTREME_TYPE1,353,12,12,"(112.27, 22.0);(112.27, 22.4);(112.68, 21.6);(112.68, 22.0);(112.68, 22.4);(112.68, 22.8);(113.09, 21.6);(113.09, 22.0);(113.09, 22.4);(113.09, 22.8);(113.5, 22.0);(113.5, 22.4)",True
59663,2012-10-30 20:00:00,1.2,SURF,True,EXTREME_TYPE1,131,11,11,"(111.45, 21.6);(111.45, 22.0);(111.86, 21.2);(111.86, 21.6);(111.86, 22.0);(111.86, 22.4);(112.27, 21.6);(112.27, 22.0);(112.27, 22.4);(112.68, 21.6);(112.68, 22.0)",True
59287,2012-11-21 02:00:00,2.5,SURF,True,EXTREME_TYPE1,288,9,9,"(113.09, 22.8);(113.09, 23.2);(113.09, 23.6);(113.5, 22.8);(113.5, 23.2);(113.5, 23.6);(113.91, 22.8);(113.91, 23.2);(113.91, 23.6)",True
59094,2012-11-23 01:00:00,5.0,SURF,True,EXTREME_TYPE1,73,12,12,"(113.5, 24.0);(113.5, 24.4);(113.5, 24.8);(113.91, 24.0);(113.91, 24.4);(113.91, 24.8);(114.32, 24.0);(114.32, 24.4);(114.32, 24.8);(114.73, 24.0);(114.73, 24.4);(114.73, 24.8)",True
57988,2012-11-26 02:00:00,3.4,SURF,True,EXTREME_TYPE1,41,11,11,"(112.68, 24.8);(112.68, 25.2);(113.09, 24.8);(113.09, 25.2);(113.09, 25.6);(113.5, 24.8);(113.5, 25.2);(113.5, 25.6);(113.91, 24.8);(113.91, 25.2);(113.91, 25.6)",True
59088,2012-11-26 08:00:00,5.9,SURF,True,EXTREME_TYPE1,138,12,12,"(112.68, 24.0);(112.68, 24.4);(113.09, 23.6);(113.09, 24.0);(113.09, 24.4);(113.09, 24.8);(113.5, 23.6);(113.5, 24.0);(113.5, 24.4);(113.5, 24.8);(113.91, 24.0);(113.91, 24.4)",True
59280,2012-11-28 13:00:00,5.0,SURF,True,EXTREME_TYPE1,177,10,10,"(112.68, 23.2);(112.68, 23.6);(112.68, 24.0);(113.09, 23.2);(113.09, 23.6);(113.09, 24.0);(113.09, 24.4);(113.5, 23.2);(113.5, 23.6);(113.5, 24.0)",True
59304,2012-11-30 02:00:00,1.0,SURF,True,EXTREME_TYPE1,137,9,9,"(114.73, 23.2);(114.73, 23.6);(114.73, 24.0);(115.14, 23.2);(115.14, 23.6);(115.14, 24.0);(115.55, 23.2);(115.55, 23.6);(115.55, 24.0)",True
59107,2012-11-30 09:00:00,28.0,SURF,True,EXTREME_TYPE1,117,12,11,"(114.73, 23.6);(114.73, 24.0);(114.73, 24.4);(115.14, 23.6);(115.14, 24.0);(115.14, 24.4);(115.55, 23.6);(115.55, 24.0);(115.55, 24.4);(115.95, 24.0);(115.95, 24.4)",True
59285,2012-11-30 14:00:00,10.4,SURF,True,EXTREME_TYPE1,196,10,10,"(113.09, 23.2);(113.09, 23.6);(113.09, 24.0);(113.5, 23.2);(113.5, 23.6);(113.5, 24.0);(113.91, 23.2);(113.91, 23.6);(113.91, 24.0);(114.32, 23.6)",True
59313,2012-12-04 21:00:00,3.0,SURF,True,EXTREME_TYPE1,27,9,9,"(116.36, 23.6);(116.36, 24.0);(116.77, 23.2);(116.77, 23.6);(116.77, 24.0);(117.18, 23.2);(117.18, 23.6);(117.18, 24.0);(117.59, 23.6)",True
59279,2013-03-24 10:00:00,6.8,SURF,True,EXTREME_TYPE1,380,12,12,"(112.27, 22.8);(112.27, 23.2);(112.27, 23.6);(112.68, 22.8);(112.68, 23.2);(112.68, 23.6);(113.09, 22.8);(113.09, 23.2);(113.09, 23.6);(113.5, 22.8);(113.5, 23.2);(113.5, 23.6)",True
59090,2013-03-26 12:00:00,7.8,SURF,True,EXTREME_TYPE1,40,12,12,"(113.5, 24.8);(113.5, 25.2);(113.91, 24.4);(113.91, 24.8);(113.91, 25.2);(113.91, 25.6);(114.32, 24.4);(114.32, 24.8);(114.32, 25.2);(114.32, 25.6);(114.73, 24.8);(114.73, 25.2)",True
59271,2013-03-26 14:00:00,22.0,SURF,True,EXTREME_TYPE1,165,11,11,"(111.86, 23.2);(111.86, 23.6);(111.86, 24.0);(112.27, 23.2);(112.27, 23.6);(112.27, 24.0);(112.68, 23.2);(112.68, 23.6);(112.68, 24.0);(113.09, 23.6);(113.09, 24.0)",True
59493,2013-03-26 17:00:00,33.2,SURF,True,EXTREME_TYPE1,160,13,13,"(113.5, 22.0);(113.5, 22.4);(113.5, 22.8);(113.91, 22.0);(113.91, 22.4);(113.91, 22.8);(113.91, 23.2);(114.32, 22.0);(114.32, 22.4);(114.32, 22.8);(114.32, 23.2);(114.73, 22.4);(114.73, 22.8)",True
59289,2013-03-26 20:00:00,1.3,SURF,True,EXTREME_TYPE1,292,12,12,"(113.09, 22.8);(113.09, 23.2);(113.5, 22.4);(113.5, 22.8);(113.5, 23.2);(113.5, 23.6);(113.91, 22.4);(113.91, 22.8);(113.91, 23.2);(113.91, 23.6);(114.32, 22.8);(114.32, 23.2)",True
59290,2013-03-28 05:00:00,15.7,SURF,True,EXTREME_TYPE1,127,11,11,"(113.5, 23.6);(113.91, 23.2);(113.91, 23.6);(113.91, 24.0);(113.91, 24.4);(114.32, 23.2);(114.32, 23.6);(114.32, 24.0);(114.32, 24.4);(114.73, 23.6);(114.73, 24.0)",True
59288,2013-03-28 06:00:00,31.9,SURF,True,EXTREME_TYPE1,382,10,10,"(112.27, 23.2);(112.68, 22.8);(112.68, 23.2);(112.68, 23.6);(113.09, 22.8);(113.09, 23.2);(113.09, 23.6);(113.5, 22.8);(113.5, 23.2);(113.5, 23.6)",True
59304,2013-03-28 10:00:00,25.4,SURF,True,EXTREME_TYPE1,147,9,9,"(114.73, 23.2);(114.73, 23.6);(114.73, 24.0);(115.14, 23.2);(115.14, 23.6);(115.14, 24.0);(115.55, 23.2);(115.55, 23.6);(115.55, 24.0)",True
59462,2013-03-30 08:00:00,18.5,SURF,True,EXTREME_TYPE1,220,11,11,"(111.05, 22.4);(111.05, 22.8);(111.05, 23.2);(111.45, 22.4);(111.45, 22.8);(111.45, 23.2);(111.86, 22.4);(111.86, 22.8);(111.86, 23.2);(112.27, 22.4);(112.27, 22.8)",True
59471,2013-03-30 15:00:00,8.0,SURF,True,EXTREME_TYPE1,365,12,12,"(111.45, 22.8);(111.45, 23.2);(111.86, 22.4);(111.86, 22.8);(111.86, 23.2);(111.86, 23.6);(112.27, 22.4);(112.27, 22.8);(112.27, 23.2);(112.27, 23.6);(112.68, 22.8);(112.68, 23.2)",True
59650,2013-03-30 15:00:00,66.4,SURF,True,EXTREME_TYPE1,131,11,11,"(109.82, 21.2);(109.82, 21.6);(109.82, 22.0);(110.23, 20.8);(110.23, 21.2);(110.23, 21.6);(110.23, 22.0);(110.64, 20.8);(110.64, 21.2);(110.64, 21.6);(110.64, 22.0)",True
59293,2013-03-30 17:00:00,11.7,SURF,True,EXTREME_TYPE1,98,11,11,"(114.32, 23.2);(114.32, 23.6);(114.32, 24.0);(114.73, 23.2);(114.73, 23.6);(114.73, 24.0);(114.73, 24.4);(115.14, 23.2);(115.14, 23.6);(115.14, 24.0);(115.14, 24.4)",True
59290,2013-04-02 09:00:00,1.6,SURF,True,EXTREME_TYPE1,127,11,11,"(113.5, 23.6);(113.91, 23.2);(113.91, 23.6);(113.91, 24.0);(113.91, 24.4);(114.32, 23.2);(114.32, 23.6);(114.32, 24.0);(114.32, 24.4);(114.73, 23.6);(114.73, 24.0)",True
59107,2013-04-05 10:00:00,24.5,SURF,True,EXTREME_TYPE1,122,12,12,"(114.73, 23.6);(114.73, 24.0);(114.73, 24.4);(115.14, 23.6);(115.14, 24.0);(115.14, 24.4);(115.14, 24.8);(115.55, 23.6);(115.55, 24.0);(115.55, 24.4);(115.95, 24.0);(115.95, 24.4)",True
59109,2013-04-05 16:00:00,8.3,SURF,True,EXTREME_TYPE1,118,12,12,"(115.14, 24.0);(115.14, 24.4);(115.55, 23.6);(115.55, 24.0);(115.55, 24.4);(115.55, 24.8);(115.95, 23.6);(115.95, 24.0);(115.95, 24.4);(115.95, 24.8);(116.36, 24.0);(116.36, 24.4)",True
59278,2013-04-09 06:00:00,12.5,SURF,True,EXTREME_TYPE1,495,12,12,"(111.86, 22.8);(111.86, 23.2);(112.27, 22.4);(112.27, 22.8);(112.27, 23.2);(112.27, 23.6);(112.68, 22.4);(112.68, 22.8);(112.68, 23.2);(112.68, 23.6);(113.09, 22.8);(113.09, 23.2)",True
59470,2013-04-10 03:00:00,1.0,SURF,True,EXTREME_TYPE1,363,10,10,"(111.45, 22.8);(111.86, 22.4);(111.86, 22.8);(111.86, 23.2);(112.27, 22.4);(112.27, 22.8);(112.27, 23.2);(112.68, 22.4);(112.68, 22.8);(112.68, 23.2)",True
59116,2013-04-19 11:00:00,5.2,SURF,True,EXTREME_TYPE1,40,9,9,"(115.95, 24.4);(116.36, 24.0);(116.36, 24.4);(116.36, 24.8);(116.77, 24.0);(116.77, 24.4);(116.77, 24.8);(117.18, 24.0);(117.18, 24.4)",True
59481,2013-04-20 20:00:00,53.0,SURF,True,EXTREME_TYPE1,463,12,12,"(112.68, 22.8);(112.68, 23.2);(113.09, 22.4);(113.09, 22.8);(113.09, 23.2);(113.09, 23.6);(113.5, 22.4);(113.5, 22.8);(113.5, 23.2);(113.5, 23.6);(113.91, 22.8);(113.91, 23.2)",True
59500,2013-04-25 21:00:00,33.7,SURF,True,EXTREME_TYPE1,168,12,12,"(114.73, 22.8);(114.73, 23.2);(115.14, 22.4);(115.14, 22.8);(115.14, 23.2);(115.14, 23.6);(115.55, 22.4);(115.55, 22.8);(115.55, 23.2);(115.55, 23.6);(115.95, 22.8);(115.95, 23.2)",True
59653,2013-04-25 21:00:00,22.7,SURF,True,EXTREME_TYPE1,137,11,11,"(110.23, 21.6);(110.23, 22.0);(110.64, 21.6);(110.64, 22.0);(110.64, 22.4);(111.05, 21.6);(111.05, 22.0);(111.05, 22.4);(111.45, 21.6);(111.45, 22.0);(111.45, 22.4)",True
59279,2013-04-30 13:00:00,26.7,SURF,True,EXTREME_TYPE1,378,12,12,"(112.27, 22.8);(112.27, 23.2);(112.27, 23.6);(112.68, 22.8);(112.68, 23.2);(112.68, 23.6);(113.09, 22.8);(113.09, 23.2);(113.09, 23.6);(113.5, 22.8);(113.5, 23.2);(113.5, 23.6)",True
59293,2013-05-04 13:00:00,1.3,SURF,True,EXTREME_TYPE1,93,11,11,"(114.32, 23.2);(114.32, 23.6);(114.32, 24.0);(114.73, 23.2);(114.73, 23.6);(114.73, 24.0);(114.73, 24.4);(115.14, 23.2);(115.14, 23.6);(115.14, 24.0);(115.14, 24.4)",True
59655,2013-05-07 15:00:00,118.2,SURF,True,EXTREME_TYPE1,147,10,4,"(110.23, 21.2);(110.23, 21.6);(110.64, 21.2);(110.64, 21.6)",True
59475,2013-05-08 10:00:00,10.9,SURF,True,EXTREME_TYPE1,504,9,9,"(112.27, 22.0);(112.27, 22.4);(112.27, 22.8);(112.68, 22.0);(112.68, 22.4);(112.68, 22.8);(113.09, 22.0);(113.09, 22.4);(113.09, 22.8)",True
59475,2013-05-08 12:00:00,82.7,SURF,True,EXTREME_TYPE1,506,9,9,"(112.27, 22.0);(112.27, 22.4);(112.27, 22.8);(112.68, 22.0);(112.68, 22.4);(112.68, 22.8);(113.09, 22.0);(113.09, 22.4);(113.09, 22.8)",True
57989,2013-05-08 14:00:00,15.7,SURF,True,EXTREME_TYPE1,57,12,12,"(113.09, 24.8);(113.09, 25.2);(113.5, 24.4);(113.5, 24.8);(113.5, 25.2);(113.5, 25.6);(113.91, 24.4);(113.91, 24.8);(113.91, 25.2);(113.91, 25.6);(114.32, 24.8);(114.32, 25.2)",True
59476,2013-05-08 14:00:00,54.2,SURF,True,EXTREME_TYPE1,536,11,11,"(112.27, 22.4);(112.68, 22.0);(112.68, 22.4);(112.68, 22.8);(113.09, 22.0);(113.09, 22.4);(113.09, 22.8);(113.09, 23.2);(113.5, 22.0);(113.5, 22.4);(113.5, 22.8)",True
59485,2013-05-08 15:00:00,55.0,SURF,True,EXTREME_TYPE1,430,12,12,"(112.68, 22.4);(112.68, 22.8);(113.09, 22.0);(113.09, 22.4);(113.09, 22.8);(113.5, 22.0);(113.5, 22.4);(113.5, 22.8);(113.5, 23.2);(113.91, 22.0);(113.91, 22.4);(113.91, 22.8)",True
59485,2013-05-08 17:00:00,31.1,SURF,True,EXTREME_TYPE1,429,12,12,"(112.68, 22.4);(112.68, 22.8);(113.09, 22.0);(113.09, 22.4);(113.09, 22.8);(113.5, 22.0);(113.5, 22.4);(113.5, 22.8);(113.5, 23.2);(113.91, 22.0);(113.91, 22.4);(113.91, 22.8)",True
59289,2013-05-08 18:00:00,55.1,SURF,True,EXTREME_TYPE1,270,12,12,"(113.09, 22.8);(113.09, 23.2);(113.5, 22.4);(113.5, 22.8);(113.5, 23.2);(113.5, 23.6);(113.91, 22.4);(113.91, 22.8);(113.91, 23.2);(113.91, 23.6);(114.32, 22.8);(114.32, 23.2)",True
59487,2013-05-08 19:00:00,36.1,SURF,True,EXTREME_TYPE1,276,12,12,"(112.68, 22.0);(112.68, 22.4);(113.09, 21.6);(113.09, 22.0);(113.09, 22.4);(113.09, 22.8);(113.5, 21.6);(113.5, 22.0);(113.5, 22.4);(113.5, 22.8);(113.91, 22.0);(113.91, 22.4)",True
59500,2013-05-09 07:00:00,63.4,SURF,True,EXTREME_TYPE1,173,12,12,"(114.73, 22.8);(114.73, 23.2);(115.14, 22.4);(115.14, 22.8);(115.14, 23.2);(115.14, 23.6);(115.55, 22.4);(115.55, 22.8);(115.55, 23.2);(115.55, 23.6);(115.95, 22.8);(115.95, 23.2)",True
59663,2013-05-10 08:00:00,57.5,SURF,True,EXTREME_TYPE1,136,11,11,"(111.45, 21.6);(111.45, 22.0);(111.86, 21.2);(111.86, 21.6);(111.86, 22.0);(111.86, 22.4);(112.27, 21.6);(112.27, 22.0);(112.27, 22.4);(112.68, 21.6);(112.68, 22.0)",True
59290,2013-05-11 02:00:00,7.7,SURF,True,EXTREME_TYPE1,118,11,11,"(113.5, 23.6);(113.91, 23.2);(113.91, 23.6);(113.91, 24.0);(113.91, 24.4);(114.32, 23.2);(114.32, 23.6);(114.32, 24.0);(114.32, 24.4);(114.73, 23.6);(114.73, 24.0)",True
59290,2013-05-15 11:00:00,16.7,SURF,True,EXTREME_TYPE1,116,11,10,"(113.91, 23.2);(113.91, 23.6);(113.91, 24.0);(113.91, 24.4);(114.32, 23.2);(114.32, 23.6);(114.32, 24.0);(114.32, 24.4);(114.73, 23.6);(114.73, 24.0)",True
59087,2013-05-15 21:00:00,53.5,SURF,True,EXTREME_TYPE1,139,10,10,"(113.09, 23.6);(113.09, 24.0);(113.09, 24.4);(113.5, 23.2);(113.5, 23.6);(113.5, 24.0);(113.5, 24.4);(113.91, 23.6);(113.91, 24.0);(113.91, 24.4)",True
59087,2013-05-15 22:00:00,60.6,SURF,True,EXTREME_TYPE1,138,10,10,"(113.09, 23.6);(113.09, 24.0);(113.09, 24.4);(113.5, 23.2);(113.5, 23.6);(113.5, 24.0);(113.5, 24.4);(113.91, 23.6);(113.91, 24.0);(113.91, 24.4)",True
57989,2013-05-16 03:00:00,21.7,SURF,True,EXTREME_TYPE1,57,12,12,"(113.09, 24.8);(113.09, 25.2);(113.5, 24.4);(113.5, 24.8);(113.5, 25.2);(113.5, 25.6);(113.91, 24.4);(113.91, 24.8);(113.91, 25.2);(113.91, 25.6);(114.32, 24.8);(114.32, 25.2)",True
59099,2013-05-16 08:00:00,52.6,SURF,True,EXTREME_TYPE1,73,10,10,"(114.32, 24.4);(114.32, 24.8);(114.73, 24.0);(114.73, 24.4);(114.73, 24.8);(115.14, 24.0);(115.14, 24.4);(115.14, 24.8);(115.55, 24.4);(115.55, 24.8)",True
59096,2013-05-16 09:00:00,5.6,SURF,True,EXTREME_TYPE1,66,12,12,"(113.91, 24.0);(113.91, 24.4);(113.91, 24.8);(114.32, 24.0);(114.32, 24.4);(114.32, 24.8);(114.73, 24.0);(114.73, 24.4);(114.73, 24.8);(115.14, 24.0);(115.14, 24.4);(115.14, 24.8)",True
59099,2013-05-16 11:00:00,5.9,SURF,True,EXTREME_TYPE1,78,10,10,"(114.32, 24.4);(114.32, 24.8);(114.73, 24.0);(114.73, 24.4);(114.73, 24.8);(115.14, 24.0);(115.14, 24.4);(115.14, 24.8);(115.55, 24.4);(115.55, 24.8)",True
59313,2013-05-16 12:00:00,54.3,SURF,True,EXTREME_TYPE1,28,9,9,"(116.36, 23.6);(116.36, 24.0);(116.77, 23.2);(116.77, 23.6);(116.77, 24.0);(117.18, 23.2);(117.18, 23.6);(117.18, 24.0);(117.59, 23.6)",True
59314,2013-05-16 16:00:00,62.8,SURF,True,EXTREME_TYPE1,181,12,12,"(115.55, 23.2);(115.55, 23.6);(115.95, 22.8);(115.95, 23.2);(115.95, 23.6);(115.95, 24.0);(116.36, 22.8);(116.36, 23.2);(116.36, 23.6);(116.36, 24.0);(116.77, 23.2);(116.77, 23.6)",True
59313,2013-05-16 17:00:00,64.5,SURF,True,EXTREME_TYPE1,28,9,9,"(116.36, 23.6);(116.36, 24.0);(116.77, 23.2);(116.77, 23.6);(116.77, 24.0);(117.18, 23.2);(117.18, 23.6);(117.18, 24.0);(117.59, 23.6)",True
59287,2013-05-17 04:00:00,9.2,SURF,True,EXTREME_TYPE1,272,9,9,"(113.09, 22.8);(113.09, 23.2);(113.09, 23.6);(113.5, 22.8);(113.5, 23.2);(113.5, 23.6);(113.91, 22.8);(113.91, 23.2);(113.91, 23.6)",True
59298,2013-05-17 08:00:00,5.9,SURF,True,EXTREME_TYPE1,124,11,11,"(113.91, 22.8);(113.91, 23.2);(113.91, 23.6);(114.32, 22.4);(114.32, 22.8);(114.32, 23.2);(114.32, 23.6);(114.73, 22.8);(114.73, 23.2);(114.73, 23.6);(115.14, 23.2)",True
59471,2013-05-19 22:00:00,1.7,SURF,True,EXTREME_TYPE1,364,12,12,"(111.45, 22.8);(111.45, 23.2);(111.86, 22.4);(111.86, 22.8);(111.86, 23.2);(111.86, 23.6);(112.27, 22.4);(112.27, 22.8);(112.27, 23.2);(112.27, 23.6);(112.68, 22.8);(112.68, 23.2)",True
59279,2013-05-20 16:00:00,8.5,SURF,True,EXTREME_TYPE1,362,12,12,"(112.27, 22.8);(112.27, 23.2);(112.27, 23.6);(112.68, 22.8);(112.68, 23.2);(112.68, 23.6);(113.09, 22.8);(113.09, 23.2);(113.09, 23.6);(113.5, 22.8);(113.5, 23.2);(113.5, 23.6)",True
59288,2013-05-20 17:00:00,81.1,SURF,True,EXTREME_TYPE1,359,10,10,"(112.27, 23.2);(112.68, 22.8);(112.68, 23.2);(112.68, 23.6);(113.09, 22.8);(113.09, 23.2);(113.09, 23.6);(113.5, 22.8);(113.5, 23.2);(113.5, 23.6)",True
59487,2013-05-21 11:00:00,15.9,SURF,True,EXTREME_TYPE1,273,12,12,"(112.68, 22.0);(112.68, 22.4);(113.09, 21.6);(113.09, 22.0);(113.09, 22.4);(113.09, 22.8);(113.5, 21.6);(113.5, 22.0);(113.5, 22.4);(113.5, 22.8);(113.91, 22.0);(113.91, 22.4)",True
59502,2013-05-21 14:00:00,24.2,SURF,True,EXTREME_TYPE1,181,12,12,"(115.14, 22.8);(115.14, 23.2);(115.55, 22.4);(115.55, 22.8);(115.55, 23.2);(115.55, 23.6);(115.95, 22.4);(115.95, 22.8);(115.95, 23.2);(115.95, 23.6);(116.36, 22.8);(116.36, 23.2)",True
59485,2013-05-21 21:00:00,40.1,SURF,True,EXTREME_TYPE1,433,12,12,"(112.68, 22.4);(112.68, 22.8);(113.09, 22.0);(113.09, 22.4);(113.09, 22.8);(113.5, 22.0);(113.5, 22.4);(113.5, 22.8);(113.5, 23.2);(113.91, 22.0);(113.91, 22.4);(113.91, 22.8)",True
59290,2013-05-21 22:00:00,52.2,SURF,True,EXTREME_TYPE1,102,11,10,"(113.91, 23.2);(113.91, 23.6);(113.91, 24.0);(113.91, 24.4);(114.32, 23.2);(114.32, 23.6);(114.32, 24.0);(114.32, 24.4);(114.73, 23.6);(114.73, 24.0)",True
59488,2013-05-22 03:00:00,68.5,SURF,True,EXTREME_TYPE1,149,11,11,"(113.09, 22.0);(113.09, 22.4);(113.09, 22.8);(113.5, 21.6);(113.5, 22.0);(113.5, 22.4);(113.5, 22.8);(113.91, 22.0);(113.91, 22.4);(113.91, 22.8);(114.32, 22.4)",True
59488,2013-05-22 12:00:00,5.1,SURF,True,EXTREME_TYPE1,149,11,11,"(113.09, 22.0);(113.09, 22.4);(113.09, 22.8);(113.5, 21.6);(113.5, 22.0);(113.5, 22.4);(113.5, 22.8);(113.91, 22.0);(113.91, 22.4);(113.91, 22.8);(114.32, 22.4)",True
59072,2013-05-25 14:00:00,2.0,SURF,True,EXTREME_TYPE1,129,9,9,"(111.86, 24.4);(111.86, 24.8);(112.27, 24.4);(112.27, 24.8);(112.27, 25.2);(112.68, 24.4);(112.68, 24.8);(112.68, 25.2);(113.09, 24.8)",True
59492,2013-05-26 09:00:00,17.8,SURF,True,EXTREME_TYPE1,101,11,11,"(114.32, 22.4);(114.32, 22.8);(114.32, 23.2);(114.32, 23.6);(114.73, 22.4);(114.73, 22.8);(114.73, 23.2);(114.73, 23.6);(115.14, 22.8);(115.14, 23.2);(115.14, 23.6)",True
59314,2013-05-26 15:00:00,32.8,SURF,True,EXTREME_TYPE1,170,12,12,"(115.55, 23.2);(115.55, 23.6);(115.95, 22.8);(115.95, 23.2);(115.95, 23.6);(115.95, 24.0);(116.36, 22.8);(116.36, 23.2);(116.36, 23.6);(116.36, 24.0);(116.77, 23.2);(116.77, 23.6)",True
59097,2013-05-27 06:00:00,59.2,SURF,True,EXTREME_TYPE1,99,10,10,"(113.5, 24.0);(113.91, 23.6);(113.91, 24.0);(113.91, 24.4);(114.32, 23.6);(114.32, 24.0);(114.32, 24.4);(114.73, 23.6);(114.73, 24.0);(114.73, 24.4)",True
59317,2013-05-27 15:00:00,64.9,SURF,True,EXTREME_TYPE1,146,9,9,"(115.95, 22.4);(115.95, 22.8);(115.95, 23.2);(115.95, 23.6);(116.36, 22.8);(116.36, 23.2);(116.36, 23.6);(116.77, 22.8);(116.77, 23.2)",True
59469,2013-06-05 08:00:00,6.6,SURF,True,EXTREME_TYPE1,167,11,11,"(111.05, 22.0);(111.45, 21.6);(111.45, 22.0);(111.45, 22.4);(111.86, 21.6);(111.86, 22.0);(111.86, 22.4);(111.86, 22.8);(112.27, 21.6);(112.27, 22.0);(112.27, 22.4)",True
59658,2013-06-05 14:00:00,58.3,SURF,True,FALSE,80,10,0,,True
59270,2013-06-10 02:00:00,24.0,SURF,True,EXTREME_TYPE1,119,10,10,"(111.45, 24.0);(111.86, 23.6);(111.86, 24.0);(111.86, 24.4);(112.27, 23.6);(112.27, 24.0);(112.27, 24.4);(112.68, 23.6);(112.68, 24.0);(112.68, 24.4)",True
59082,2013-06-10 04:00:00,23.4,SURF,True,EXTREME_TYPE1,92,12,12,"(113.09, 24.4);(113.09, 24.8);(113.09, 25.2);(113.5, 24.0);(113.5, 24.4);(113.5, 24.8);(113.5, 25.2);(113.91, 24.4);(113.91, 24.8);(113.91, 25.2);(114.32, 24.4);(114.32, 24.8)",True
59269,2013-06-10 13:00:00,12.8,SURF,True,EXTREME_TYPE1,160,9,9,"(111.45, 22.8);(111.45, 23.2);(111.45, 23.6);(111.86, 22.8);(111.86, 23.2);(111.86, 23.6);(112.27, 22.8);(112.27, 23.2);(112.27, 23.6)",True
59487,2013-06-11 02:00:00,9.2,SURF,True,EXTREME_TYPE1,255,12,12,"(112.68, 22.0);(112.68, 22.4);(113.09, 21.6);(113.09, 22.0);(113.09, 22.4);(113.09, 22.8);(113.5, 21.6);(113.5, 22.0);(113.5, 22.4);(113.5, 22.8);(113.91, 22.0);(113.91, 22.4)",True
59312,2013-06-11 10:00:00,10.9,SURF,True,EXTREME_TYPE1,90,10,10,"(115.95, 23.6);(116.36, 23.2);(116.36, 23.6);(116.36, 24.0);(116.77, 23.2);(116.77, 23.6);(116.77, 24.0);(117.18, 23.2);(117.18, 23.6);(117.18, 24.0)",True
59502,2013-06-15 15:00:00,53.6,SURF,True,FALSE,144,12,0,,True
59750,2013-06-17 01:00:00,3.3,SURF,True,FALSE,105,11,0,,True
G2308,2013-06-23 02:00:00,94.2,AWST,False,FALSE,163,10,0,,True
G2308,2013-06-23 03:00:00,55.9,AWST,False,FALSE,166,10,0,,True
G2308,2013-06-23 04:00:00,188.0,AWST,False,FALSE,166,10,0,,True
59487,2013-06-24 12:00:00,56.3,SURF,True,EXTREME_TYPE1,254,12,12,"(112.68, 22.0);(112.68, 22.4);(113.09, 21.6);(113.09, 22.0);(113.09, 22.4);(113.09, 22.8);(113.5, 21.6);(113.5, 22.0);(113.5, 22.4);(113.5, 22.8);(113.91, 22.0);(113.91, 22.4)",True
59456,2013-06-24 14:00:00,39.7,SURF,True,EXTREME_TYPE1,114,10,10,"(110.23, 22.4);(110.64, 22.0);(110.64, 22.4);(110.64, 22.8);(111.05, 22.0);(111.05, 22.4);(111.05, 22.8);(111.45, 22.0);(111.45, 22.4);(111.45, 22.8)",True
59284,2013-06-25 04:00:00,43.6,SURF,True,EXTREME_TYPE1,304,12,12,"(112.68, 23.2);(112.68, 23.6);(113.09, 22.8);(113.09, 23.2);(113.09, 23.6);(113.09, 24.0);(113.5, 22.8);(113.5, 23.2);(113.5, 23.6);(113.5, 24.0);(113.91, 23.2);(113.91, 23.6)",True
59673,2013-07-02 05:00:00,8.9,SURF,True,EXTREME_TYPE1,16,8,5,"(112.27, 21.6);(112.27, 22.0);(112.68, 21.6);(112.68, 22.0);(112.68, 22.4)",True
59754,2013-07-02 06:00:00,54.5,SURF,True,EXTREME_TYPE1,53,5,5,"(109.82, 20.4);(109.82, 20.8);(110.23, 20.4);(110.23, 20.8);(110.64, 20.8)",True
59659,2013-07-15 08:00:00,52.8,SURF,True,EXTREME_TYPE1,143,12,12,"(110.23, 21.6);(110.23, 22.0);(110.64, 21.2);(110.64, 21.6);(110.64, 22.0);(110.64, 22.4);(111.05, 21.2);(111.05, 21.6);(111.05, 22.0);(111.05, 22.4);(111.45, 21.6);(111.45, 22.0)",True
59659,2013-07-15 09:00:00,102.5,SURF,True,EXTREME_TYPE1,142,12,12,"(110.23, 21.6);(110.23, 22.0);(110.64, 21.2);(110.64, 21.6);(110.64, 22.0);(110.64, 22.4);(111.05, 21.2);(111.05, 21.6);(111.05, 22.0);(111.05, 22.4);(111.45, 21.6);(111.45, 22.0)",True
59269,2013-07-16 16:00:00,32.0,SURF,True,EXTREME_TYPE1,165,9,9,"(111.45, 22.8);(111.45, 23.2);(111.45, 23.6);(111.86, 22.8);(111.86, 23.2);(111.86, 23.6);(112.27, 22.8);(112.27, 23.2);(112.27, 23.6)",True
59480,2013-07-17 14:00:00,33.4,SURF,True,EXTREME_TYPE1,440,10,10,"(112.68, 22.4);(112.68, 22.8);(112.68, 23.2);(113.09, 22.4);(113.09, 22.8);(113.09, 23.2);(113.5, 22.4);(113.5, 22.8);(113.5, 23.2);(113.91, 22.8)",True
59658,2013-07-25 04:00:00,16.4,SURF,True,EXTREME_TYPE1,79,10,7,"(109.82, 20.8);(109.82, 21.2);(110.23, 20.8);(110.23, 21.2);(110.23, 21.6);(110.64, 20.8);(110.64, 21.2)",True
59754,2013-07-25 10:00:00,8.1,SURF,True,EXTREME_TYPE1,55,5,5,"(109.82, 20.4);(109.82, 20.8);(110.23, 20.4);(110.23, 20.8);(110.64, 20.8)",True
59655,2013-07-25 18:00:00,22.7,SURF,True,EXTREME_TYPE1,140,10,10,"(110.23, 21.2);(110.23, 21.6);(110.23, 22.0);(110.64, 21.2);(110.64, 21.6);(110.64, 22.0);(110.64, 22.4);(111.05, 21.2);(111.05, 21.6);(111.05, 22.0)",True
59655,2013-07-26 05:00:00,9.8,SURF,True,EXTREME_TYPE1,138,10,10,"(110.23, 21.2);(110.23, 21.6);(110.23, 22.0);(110.64, 21.2);(110.64, 21.6);(110.64, 22.0);(110.64, 22.4);(111.05, 21.2);(111.05, 21.6);(111.05, 22.0)",True
59313,2013-07-26 19:00:00,23.1,SURF,True,EXTREME_TYPE1,28,9,9,"(116.36, 23.6);(116.36, 24.0);(116.77, 23.2);(116.77, 23.6);(116.77, 24.0);(117.18, 23.2);(117.18, 23.6);(117.18, 24.0);(117.59, 23.6)",True
59290,2013-08-01 16:00:00,9.6,SURF,True,EXTREME_TYPE1,123,11,11,"(113.5, 23.6);(113.91, 23.2);(113.91, 23.6);(113.91, 24.0);(113.91, 24.4);(114.32, 23.2);(114.32, 23.6);(114.32, 24.0);(114.32, 24.4);(114.73, 23.6);(114.73, 24.0)",True
59312,2013-08-02 05:00:00,8.4,SURF,True,EXTREME_TYPE1,91,10,10,"(115.95, 23.6);(116.36, 23.2);(116.36, 23.6);(116.36, 24.0);(116.77, 23.2);(116.77, 23.6);(116.77, 24.0);(117.18, 23.2);(117.18, 23.6);(117.18, 24.0)",True
59114,2013-08-02 08:00:00,1.0,SURF,True,EXTREME_TYPE1,41,10,10,"(115.55, 24.4);(115.55, 24.8);(115.95, 24.0);(115.95, 24.4);(115.95, 24.8);(116.36, 24.0);(116.36, 24.4);(116.36, 24.8);(116.77, 24.4);(116.77, 24.8)",True
59279,2013-08-10 23:00:00,68.4,SURF,True,EXTREME_TYPE1,356,12,9,"(112.68, 22.8);(112.68, 23.2);(112.68, 23.6);(113.09, 22.8);(113.09, 23.2);(113.09, 23.6);(113.5, 22.8);(113.5, 23.2);(113.5, 23.6)",True
59664,2013-08-13 15:00:00,19.2,SURF,True,EXTREME_TYPE1,107,10,10,"(110.23, 21.6);(110.64, 21.2);(110.64, 21.6);(110.64, 22.0);(111.05, 21.2);(111.05, 21.6);(111.05, 22.0);(111.45, 21.2);(111.45, 21.6);(111.45, 22.0)",True
59317,2013-08-14 21:00:00,53.4,SURF,True,EXTREME_TYPE1,151,9,9,"(115.95, 22.4);(115.95, 22.8);(115.95, 23.2);(115.95, 23.6);(116.36, 22.8);(116.36, 23.2);(116.36, 23.6);(116.77, 22.8);(116.77, 23.2)",True
59659,2013-08-15 00:00:00,43.5,SURF,True,EXTREME_TYPE1,102,12,12,"(110.23, 21.6);(110.23, 22.0);(110.64, 21.2);(110.64, 21.6);(110.64, 22.0);(110.64, 22.4);(111.05, 21.2);(111.05, 21.6);(111.05, 22.0);(111.05, 22.4);(111.45, 21.6);(111.45, 22.0)",True
59750,2013-08-15 00:00:00,59.0,SURF,True,EXTREME_TYPE1,85,11,11,"(109.41, 21.2);(109.82, 20.4);(109.82, 20.8);(109.82, 21.2);(109.82, 21.6);(110.23, 20.4);(110.23, 20.8);(110.23, 21.2);(110.23, 21.6);(110.64, 20.8);(110.64, 21.2)",True
59310,2013-08-15 02:00:00,10.3,SURF,True,EXTREME_TYPE1,161,12,12,"(115.55, 23.6);(115.55, 24.0);(115.95, 23.2);(115.95, 23.6);(115.95, 24.0);(115.95, 24.4);(116.36, 23.2);(116.36, 23.6);(116.36, 24.0);(116.36, 24.4);(116.77, 23.6);(116.77, 24.0)",True
59754,2013-08-15 07:00:00,1.1,SURF,True,EXTREME_TYPE1,59,5,5,"(109.82, 20.4);(109.82, 20.8);(110.23, 20.4);(110.23, 20.8);(110.64, 20.8)",True
59650,2013-08-15 13:00:00,1.8,SURF,True,EXTREME_TYPE1,86,11,11,"(109.82, 21.2);(109.82, 21.6);(109.82, 22.0);(110.23, 20.8);(110.23, 21.2);(110.23, 21.6);(110.23, 22.0);(110.64, 20.8);(110.64, 21.2);(110.64, 21.6);(110.64, 22.0)",True
59285,2013-08-15 14:00:00,10.4,SURF,True,EXTREME_TYPE1,209,10,10,"(113.09, 23.2);(113.09, 23.6);(113.09, 24.0);(113.5, 23.2);(113.5, 23.6);(113.5, 24.0);(113.91, 23.2);(113.91, 23.6);(113.91, 24.0);(114.32, 23.6)",True
59087,2013-08-15 15:00:00,41.5,SURF,True,EXTREME_TYPE1,131,10,10,"(113.09, 23.6);(113.09, 24.0);(113.09, 24.4);(113.5, 23.2);(113.5, 23.6);(113.5, 24.0);(113.5, 24.4);(113.91, 23.6);(113.91, 24.0);(113.91, 24.4)",True
59750,2013-08-15 18:00:00,73.4,SURF,True,EXTREME_TYPE1,87,11,8,"(109.41, 21.2);(109.82, 20.4);(109.82, 20.8);(109.82, 21.2);(109.82, 21.6);(110.23, 20.4);(110.23, 20.8);(110.23, 21.2)",True
59485,2013-08-15 23:00:00,20.3,SURF,True,EXTREME_TYPE1,433,12,12,"(112.68, 22.4);(112.68, 22.8);(113.09, 22.0);(113.09, 22.4);(113.09, 22.8);(113.5, 22.0);(113.5, 22.4);(113.5, 22.8);(113.5, 23.2);(113.91, 22.0);(113.91, 22.4);(113.91, 22.8)",True
59477,2013-08-16 02:00:00,71.9,SURF,True,EXTREME_TYPE1,384,10,10,"(111.86, 22.0);(111.86, 22.4);(111.86, 22.8);(112.27, 21.6);(112.27, 22.0);(112.27, 22.4);(112.27, 22.8);(112.68, 22.0);(112.68, 22.4);(112.68, 22.8)",True
59109,2013-08-16 21:00:00,12.4,SURF,True,EXTREME_TYPE1,115,12,12,"(115.14, 24.0);(115.14, 24.4);(115.55, 23.6);(115.55, 24.0);(115.55, 24.4);(115.55, 24.8);(115.95, 23.6);(115.95, 24.0);(115.95, 24.4);(115.95, 24.8);(116.36, 24.0);(116.36, 24.4)",True
59658,2013-08-17 04:00:00,10.9,SURF,True,EXTREME_TYPE1,54,10,10,"(109.82, 20.8);(109.82, 21.2);(109.82, 21.6);(110.23, 20.8);(110.23, 21.2);(110.23, 21.6);(110.64, 20.8);(110.64, 21.2);(110.64, 21.6);(111.05, 21.2)",True
59314,2013-08-17 07:00:00,52.0,SURF,True,EXTREME_TYPE1,176,12,12,"(115.55, 23.2);(115.55, 23.6);(115.95, 22.8);(115.95, 23.2);(115.95, 23.6);(115.95, 24.0);(116.36, 22.8);(116.36, 23.2);(116.36, 23.6);(116.36, 24.0);(116.77, 23.2);(116.77, 23.6)",True
59090,2013-08-17 08:00:00,6.6,SURF,True,EXTREME_TYPE1,33,12,12,"(113.5, 24.8);(113.5, 25.2);(113.91, 24.4);(113.91, 24.8);(113.91, 25.2);(113.91, 25.6);(114.32, 24.4);(114.32, 24.8);(114.32, 25.2);(114.32, 25.6);(114.73, 24.8);(114.73, 25.2)",True
59318,2013-08-17 19:00:00,62.2,SURF,True,EXTREME_TYPE1,98,12,12,"(115.95, 23.2);(115.95, 23.6);(116.36, 22.8);(116.36, 23.2);(116.36, 23.6);(116.36, 24.0);(116.77, 22.8);(116.77, 23.2);(116.77, 23.6);(116.77, 24.0);(117.18, 23.2);(117.18, 23.6)",True
59317,2013-08-17 21:00:00,54.6,SURF,True,EXTREME_TYPE1,150,9,9,"(115.95, 22.4);(115.95, 22.8);(115.95, 23.2);(115.95, 23.6);(116.36, 22.8);(116.36, 23.2);(116.36, 23.6);(116.77, 22.8);(116.77, 23.2)",True
59071,2013-08-17 22:00:00,1.8,SURF,True,EXTREME_TYPE1,63,8,8,"(111.86, 24.4);(111.86, 24.8);(112.27, 24.4);(112.27, 24.8);(112.27, 25.2);(112.68, 24.4);(112.68, 24.8);(112.68, 25.2)",True
59317,2013-08-18 00:00:00,90.8,SURF,True,EXTREME_TYPE1,150,9,9,"(115.95, 22.4);(115.95, 22.8);(115.95, 23.2);(115.95, 23.6);(116.36, 22.8);(116.36, 23.2);(116.36, 23.6);(116.77, 22.8);(116.77, 23.2)",True
59318,2013-08-18 00:00:00,74.0,SURF,True,EXTREME_TYPE1,98,12,10,"(115.95, 23.2);(115.95, 23.6);(116.36, 22.8);(116.36, 23.2);(116.36, 23.6);(116.77, 22.8);(116.77, 23.2);(116.77, 23.6);(117.18, 23.2);(117.18, 23.6)",True
59318,2013-08-18 01:00:00,50.4,SURF,True,EXTREME_TYPE1,97,12,10,"(115.95, 23.2);(115.95, 23.6);(116.36, 22.8);(116.36, 23.2);(116.36, 23.6);(116.77, 22.8);(116.77, 23.2);(116.77, 23.6);(117.18, 23.2);(117.18, 23.6)",True
59500,2013-08-18 02:00:00,51.8,SURF,True,EXTREME_TYPE1,135,12,4,"(115.55, 22.8);(115.55, 23.2);(115.95, 22.8);(115.95, 23.2)",True
59477,2013-08-18 03:00:00,57.1,SURF,True,EXTREME_TYPE1,382,10,10,"(111.86, 22.0);(111.86, 22.4);(111.86, 22.8);(112.27, 21.6);(112.27, 22.0);(112.27, 22.4);(112.27, 22.8);(112.68, 22.0);(112.68, 22.4);(112.68, 22.8)",True
59072,2013-08-18 05:00:00,15.8,SURF,True,EXTREME_TYPE1,122,9,9,"(111.86, 24.4);(111.86, 24.8);(112.27, 24.4);(112.27, 24.8);(112.27, 25.2);(112.68, 24.4);(112.68, 24.8);(112.68, 25.2);(113.09, 24.8)",True
59303,2013-08-20 19:00:00,52.1,SURF,True,EXTREME_TYPE1,200,10,1,"(116.36, 23.6)",True
59656,2013-08-22 17:00:00,19.2,SURF,True,EXTREME_TYPE1,74,11,11,"(110.23, 21.2);(110.23, 21.6);(110.64, 20.8);(110.64, 21.2);(110.64, 21.6);(110.64, 22.0);(111.05, 21.2);(111.05, 21.6);(111.05, 22.0);(111.45, 21.2);(111.45, 21.6)",True
59310,2013-08-23 05:00:00,43.5,SURF,True,EXTREME_TYPE1,161,12,12,"(115.55, 23.6);(115.55, 24.0);(115.95, 23.2);(115.95, 23.6);(115.95, 24.0);(115.95, 24.4);(116.36, 23.2);(116.36, 23.6);(116.36, 24.0);(116.36, 24.4);(116.77, 23.6);(116.77, 24.0)",True
59654,2013-08-30 20:00:00,48.3,SURF,True,EXTREME_TYPE1,86,10,10,"(109.82, 21.2);(109.82, 21.6);(109.82, 22.0);(110.23, 21.2);(110.23, 21.6);(110.23, 22.0);(110.64, 21.2);(110.64, 21.6);(110.64, 22.0);(111.05, 21.6)",True
59488,2013-08-31 14:00:00,16.3,SURF,True,EXTREME_TYPE1,131,11,11,"(113.09, 22.0);(113.09, 22.4);(113.09, 22.8);(113.5, 21.6);(113.5, 22.0);(113.5, 22.4);(113.5, 22.8);(113.91, 22.0);(113.91, 22.4);(113.91, 22.8);(114.32, 22.4)",True
59488,2013-08-31 15:00:00,72.6,SURF,True,EXTREME_TYPE1,122,11,11,"(113.09, 22.0);(113.09, 22.4);(113.09, 22.8);(113.5, 21.6);(113.5, 22.0);(113.5, 22.4);(113.5, 22.8);(113.91, 22.0);(113.91, 22.4);(113.91, 22.8);(114.32, 22.4)",True
59471,2013-08-31 17:00:00,50.5,SURF,True,EXTREME_TYPE1,359,12,12,"(111.45, 22.8);(111.45, 23.2);(111.86, 22.4);(111.86, 22.8);(111.86, 23.2);(111.86, 23.6);(112.27, 22.4);(112.27, 22.8);(112.27, 23.2);(112.27, 23.6);(112.68, 22.8);(112.68, 23.2)",True
59493,2013-08-31 17:00:00,15.1,SURF,True,EXTREME_TYPE1,125,13,13,"(113.5, 22.0);(113.5, 22.4);(113.5, 22.8);(113.91, 22.0);(113.91, 22.4);(113.91, 22.8);(113.91, 23.2);(114.32, 22.0);(114.32, 22.4);(114.32, 22.8);(114.32, 23.2);(114.73, 22.4);(114.73, 22.8)",True
59264,2013-09-02 21:00:00,7.4,SURF,True,FALSE,62,9,0,,True
59294,2013-09-03 15:00:00,1.0,SURF,True,EXTREME_TYPE1,197,11,11,"(113.09, 23.2);(113.5, 22.8);(113.5, 23.2);(113.5, 23.6);(113.91, 22.8);(113.91, 23.2);(113.91, 23.6);(113.91, 24.0);(114.32, 22.8);(114.32, 23.2);(114.32, 23.6)",True
59462,2013-09-03 17:00:00,1.0,SURF,True,EXTREME_TYPE1,236,11,11,"(111.05, 22.4);(111.05, 22.8);(111.05, 23.2);(111.45, 22.4);(111.45, 22.8);(111.45, 23.2);(111.86, 22.4);(111.86, 22.8);(111.86, 23.2);(112.27, 22.4);(112.27, 22.8)",True
59659,2013-09-05 21:00:00,56.2,SURF,True,EXTREME_TYPE1,143,12,9,"(110.23, 21.6);(110.64, 21.2);(110.64, 21.6);(110.64, 22.0);(111.05, 21.2);(111.05, 21.6);(111.05, 22.0);(111.45, 21.6);(111.45, 22.0)",True
59116,2013-09-07 21:00:00,62.4,SURF,True,FALSE,39,9,0,,True
59096,2013-09-13 20:00:00,53.8,SURF,True,EXTREME_TYPE1,64,12,2,"(115.14, 24.4);(115.14, 24.8)",True
59106,2013-09-13 20:00:00,55.8,SURF,True,EXTREME_TYPE1,64,10,10,"(115.14, 24.4);(115.14, 24.8);(115.55, 24.0);(115.55, 24.4);(115.55, 24.8);(115.95, 24.0);(115.95, 24.4);(115.95, 24.8);(116.36, 24.4);(116.36, 24.8)",True
59287,2013-09-23 02:00:00,20.4,SURF,True,EXTREME_TYPE1,286,9,9,"(113.09, 22.8);(113.09, 23.2);(113.09, 23.6);(113.5, 22.8);(113.5, 23.2);(113.5, 23.6);(113.91, 22.8);(113.91, 23.2);(113.91, 23.6)",True
59304,2013-09-23 05:00:00,2.0,SURF,True,EXTREME_TYPE1,127,9,9,"(114.73, 23.2);(114.73, 23.6);(114.73, 24.0);(115.14, 23.2);(115.14, 23.6);(115.14, 24.0);(115.55, 23.2);(115.55, 23.6);(115.55, 24.0)",True
59475,2013-09-23 06:00:00,11.7,SURF,True,EXTREME_TYPE1,506,9,9,"(112.27, 22.0);(112.27, 22.4);(112.27, 22.8);(112.68, 22.0);(112.68, 22.4);(112.68, 22.8);(113.09, 22.0);(113.09, 22.4);(113.09, 22.8)",True
59754,2013-09-30 09:00:00,1.4,SURF,True,EXTREME_TYPE1,59,5,5,"(109.82, 20.4);(109.82, 20.8);(110.23, 20.4);(110.23, 20.8);(110.64, 20.8)",True
59750,2013-11-10 21:00:00,26.1,SURF,True,EXTREME_TYPE1,106,11,11,"(109.41, 21.2);(109.82, 20.4);(109.82, 20.8);(109.82, 21.2);(109.82, 21.6);(110.23, 20.4);(110.23, 20.8);(110.23, 21.2);(110.23, 21.6);(110.64, 20.8);(110.64, 21.2)",True
59650,2013-11-12 05:00:00,65.9,SURF,True,EXTREME_TYPE1,132,11,11,"(109.82, 21.2);(109.82, 21.6);(109.82, 22.0);(110.23, 20.8);(110.23, 21.2);(110.23, 21.6);(110.23, 22.0);(110.64, 20.8);(110.64, 21.2);(110.64, 21.6);(110.64, 22.0)",True
59653,2013-11-12 05:00:00,51.9,SURF,True,EXTREME_TYPE1,144,11,11,"(110.23, 21.6);(110.23, 22.0);(110.64, 21.6);(110.64, 22.0);(110.64, 22.4);(111.05, 21.6);(111.05, 22.0);(111.05, 22.4);(111.45, 21.6);(111.45, 22.0);(111.45, 22.4)",True
59655,2013-11-12 05:00:00,51.1,SURF,True,EXTREME_TYPE1,150,10,10,"(110.23, 21.2);(110.23, 21.6);(110.23, 22.0);(110.64, 21.2);(110.64, 21.6);(110.64, 22.0);(110.64, 22.4);(111.05, 21.2);(111.05, 21.6);(111.05, 22.0)",True
59653,2013-11-12 06:00:00,66.8,SURF,True,EXTREME_TYPE1,144,11,11,"(110.23, 21.6);(110.23, 22.0);(110.64, 21.6);(110.64, 22.0);(110.64, 22.4);(111.05, 21.6);(111.05, 22.0);(111.05, 22.4);(111.45, 21.6);(111.45, 22.0);(111.45, 22.4)",True
59659,2013-11-12 07:00:00,74.9,SURF,True,EXTREME_TYPE1,145,12,12,"(110.23, 21.6);(110.23, 22.0);(110.64, 21.2);(110.64, 21.6);(110.64, 22.0);(110.64, 22.4);(111.05, 21.2);(111.05, 21.6);(111.05, 22.0);(111.05, 22.4);(111.45, 21.6);(111.45, 22.0)",True
59276,2013-11-12 13:00:00,5.5,SURF,True,EXTREME_TYPE1,347,10,10,"(112.27, 22.8);(112.27, 23.2);(112.27, 23.6);(112.68, 22.8);(112.68, 23.2);(112.68, 23.6);(112.68, 24.0);(113.09, 22.8);(113.09, 23.2);(113.09, 23.6)",True
59278,2013-11-14 11:00:00,1.6,SURF,True,EXTREME_TYPE1,494,12,12,"(111.86, 22.8);(111.86, 23.2);(112.27, 22.4);(112.27, 22.8);(112.27, 23.2);(112.27, 23.6);(112.68, 22.4);(112.68, 22.8);(112.68, 23.2);(112.68, 23.6);(113.09, 22.8);(113.09, 23.2)",True
59075,2013-12-15 23:00:00,8.6,SURF,True,EXTREME_TYPE1,72,12,12,"(111.86, 24.0);(111.86, 24.4);(112.27, 24.0);(112.27, 24.4);(112.27, 24.8);(112.68, 23.6);(112.68, 24.0);(112.68, 24.4);(112.68, 24.8);(113.09, 24.0);(113.09, 24.4);(113.09, 24.8)",True
57988,2013-12-16 09:00:00,7.1,SURF,True,EXTREME_TYPE1,51,11,11,"(112.68, 24.8);(112.68, 25.2);(113.09, 24.8);(113.09, 25.2);(113.09, 25.6);(113.5, 24.8);(113.5, 25.2);(113.5, 25.6);(113.91, 24.8);(113.91, 25.2);(113.91, 25.6)",True
59659,2013-12-16 11:00:00,9.8,SURF,True,EXTREME_TYPE1,145,12,12,"(110.23, 21.6);(110.23, 22.0);(110.64, 21.2);(110.64, 21.6);(110.64, 22.0);(110.64, 22.4);(111.05, 21.2);(111.05, 21.6);(111.05, 22.0);(111.05, 22.4);(111.45, 21.6);(111.45, 22.0)",True
59284,2013-12-17 12:00:00,1.0,SURF,True,EXTREME_TYPE1,269,12,12,"(112.68, 23.2);(112.68, 23.6);(113.09, 22.8);(113.09, 23.2);(113.09, 23.6);(113.09, 24.0);(113.5, 22.8);(113.5, 23.2);(113.5, 23.6);(113.5, 24.0);(113.91, 23.2);(113.91, 23.6)",True
59072,2014-02-09 04:00:00,5.1,SURF,True,EXTREME_TYPE1,79,9,9,"(111.86, 24.4);(111.86, 24.8);(112.27, 24.4);(112.27, 24.8);(112.27, 25.2);(112.68, 24.4);(112.68, 24.8);(112.68, 25.2);(113.09, 24.8)",True
59290,2014-02-13 09:00:00,1.9,SURF,True,EXTREME_TYPE1,128,11,11,"(113.5, 23.6);(113.91, 23.2);(113.91, 23.6);(113.91, 24.0);(113.91, 24.4);(114.32, 23.2);(114.32, 23.6);(114.32, 24.0);(114.32, 24.4);(114.73, 23.6);(114.73, 24.0)",True
59072,2014-02-22 15:00:00,1.6,SURF,True,EXTREME_TYPE1,82,9,7,"(111.86, 24.4);(111.86, 24.8);(112.27, 24.4);(112.68, 24.4);(112.68, 24.8);(112.68, 25.2);(113.09, 24.8)",True
59289,2014-03-09 09:00:00,1.0,SURF,True,EXTREME_TYPE1,296,12,12,"(113.09, 22.8);(113.09, 23.2);(113.5, 22.4);(113.5, 22.8);(113.5, 23.2);(113.5, 23.6);(113.91, 22.4);(113.91, 22.8);(113.91, 23.2);(113.91, 23.6);(114.32, 22.8);(114.32, 23.2)",True
59310,2014-03-10 07:00:00,2.2,SURF,True,EXTREME_TYPE1,166,12,12,"(115.55, 23.6);(115.55, 24.0);(115.95, 23.2);(115.95, 23.6);(115.95, 24.0);(115.95, 24.4);(116.36, 23.2);(116.36, 23.6);(116.36, 24.0);(116.36, 24.4);(116.77, 23.6);(116.77, 24.0)",True
59293,2014-03-10 09:00:00,4.1,SURF,True,EXTREME_TYPE1,99,11,11,"(114.32, 23.2);(114.32, 23.6);(114.32, 24.0);(114.73, 23.2);(114.73, 23.6);(114.73, 24.0);(114.73, 24.4);(115.14, 23.2);(115.14, 23.6);(115.14, 24.0);(115.14, 24.4)",True
59310,2014-03-11 11:00:00,8.4,SURF,True,EXTREME_TYPE1,164,12,12,"(115.55, 23.6);(115.55, 24.0);(115.95, 23.2);(115.95, 23.6);(115.95, 24.0);(115.95, 24.4);(116.36, 23.2);(116.36, 23.6);(116.36, 24.0);(116.36, 24.4);(116.77, 23.6);(116.77, 24.0)",True
59480,2014-03-30 07:00:00,51.0,SURF,True,EXTREME_TYPE1,408,10,10,"(112.68, 22.4);(112.68, 22.8);(112.68, 23.2);(113.09, 22.4);(113.09, 22.8);(113.09, 23.2);(113.5, 22.4);(113.5, 22.8);(113.5, 23.2);(113.91, 22.8)",True
59297,2014-03-30 14:00:00,26.3,SURF,True,EXTREME_TYPE1,145,10,10,"(113.5, 23.2);(113.91, 22.8);(113.91, 23.2);(113.91, 23.6);(114.32, 22.8);(114.32, 23.2);(114.32, 23.6);(114.73, 22.8);(114.73, 23.2);(114.73, 23.6)",True
59114,2014-03-30 17:00:00,16.1,SURF,True,EXTREME_TYPE1,45,10,10,"(115.55, 24.4);(115.55, 24.8);(115.95, 24.0);(115.95, 24.4);(115.95, 24.8);(116.36, 24.0);(116.36, 24.4);(116.36, 24.8);(116.77, 24.4);(116.77, 24.8)",True
59088,2014-03-31 06:00:00,26.8,SURF,True,EXTREME_TYPE1,115,12,12,"(112.68, 24.0);(112.68, 24.4);(113.09, 23.6);(113.09, 24.0);(113.09, 24.4);(113.09, 24.8);(113.5, 23.6);(113.5, 24.0);(113.5, 24.4);(113.5, 24.8);(113.91, 24.0);(113.91, 24.4)",True
59287,2014-03-31 08:00:00,27.6,SURF,True,EXTREME_TYPE1,246,9,9,"(113.09, 22.8);(113.09, 23.2);(113.09, 23.6);(113.5, 22.8);(113.5, 23.2);(113.5, 23.6);(113.91, 22.8);(113.91, 23.2);(113.91, 23.6)",True
59477,2014-03-31 09:00:00,52.0,SURF,True,EXTREME_TYPE1,379,10,10,"(111.86, 22.0);(111.86, 22.4);(111.86, 22.8);(112.27, 21.6);(112.27, 22.0);(112.27, 22.4);(112.27, 22.8);(112.68, 22.0);(112.68, 22.4);(112.68, 22.8)",True
59306,2014-04-02 08:00:00,7.0,SURF,True,EXTREME_TYPE1,223,12,12,"(115.14, 23.2);(115.14, 23.6);(115.55, 22.8);(115.55, 23.2);(115.55, 23.6);(115.55, 24.0);(115.95, 22.8);(115.95, 23.2);(115.95, 23.6);(115.95, 24.0);(116.36, 23.2);(116.36, 23.6)",True
59476,2014-04-02 08:00:00,6.1,SURF,True,EXTREME_TYPE1,505,11,11,"(112.27, 22.4);(112.68, 22.0);(112.68, 22.4);(112.68, 22.8);(113.09, 22.0);(113.09, 22.4);(113.09, 22.8);(113.09, 23.2);(113.5, 22.0);(113.5, 22.4);(113.5, 22.8)",True
59271,2014-04-03 01:00:00,14.7,SURF,True,EXTREME_TYPE1,143,11,11,"(111.86, 23.2);(111.86, 23.6);(111.86, 24.0);(112.27, 23.2);(112.27, 23.6);(112.27, 24.0);(112.68, 23.2);(112.68, 23.6);(112.68, 24.0);(113.09, 23.6);(113.09, 24.0)",True
59285,2014-04-03 03:00:00,9.0,SURF,True,EXTREME_TYPE1,217,10,10,"(113.09, 23.2);(113.09, 23.6);(113.09, 24.0);(113.5, 23.2);(113.5, 23.6);(113.5, 24.0);(113.91, 23.2);(113.91, 23.6);(113.91, 24.0);(114.32, 23.6)",True
59289,2014-04-03 03:00:00,29.4,SURF,True,EXTREME_TYPE1,291,12,12,"(113.09, 22.8);(113.09, 23.2);(113.5, 22.4);(113.5, 22.8);(113.5, 23.2);(113.5, 23.6);(113.91, 22.4);(113.91, 22.8);(113.91, 23.2);(113.91, 23.6);(114.32, 22.8);(114.32, 23.2)",True
59314,2014-04-03 04:00:00,5.3,SURF,True,EXTREME_TYPE1,176,12,12,"(115.55, 23.2);(115.55, 23.6);(115.95, 22.8);(115.95, 23.2);(115.95, 23.6);(115.95, 24.0);(116.36, 22.8);(116.36, 23.2);(116.36, 23.6);(116.36, 24.0);(116.77, 23.2);(116.77, 23.6)",True
59655,2014-04-06 10:00:00,54.1,SURF,True,EXTREME_TYPE1,141,10,9,"(110.23, 21.2);(110.23, 21.6);(110.23, 22.0);(110.64, 21.2);(110.64, 21.6);(110.64, 22.0);(111.05, 21.2);(111.05, 21.6);(111.05, 22.0)",True
59655,2014-04-06 11:00:00,20.7,SURF,True,EXTREME_TYPE1,141,10,10,"(110.23, 21.2);(110.23, 21.6);(110.23, 22.0);(110.64, 21.2);(110.64, 21.6);(110.64, 22.0);(110.64, 22.4);(111.05, 21.2);(111.05, 21.6);(111.05, 22.0)",True
59659,2014-04-06 11:00:00,44.1,SURF,True,EXTREME_TYPE1,139,12,12,"(110.23, 21.6);(110.23, 22.0);(110.64, 21.2);(110.64, 21.6);(110.64, 22.0);(110.64, 22.4);(111.05, 21.2);(111.05, 21.6);(111.05, 22.0);(111.05, 22.4);(111.45, 21.6);(111.45, 22.0)",True
59072,2014-04-22 00:00:00,5.8,SURF,True,EXTREME_TYPE1,106,9,9,"(111.86, 24.4);(111.86, 24.8);(112.27, 24.4);(112.27, 24.8);(112.27, 25.2);(112.68, 24.4);(112.68, 24.8);(112.68, 25.2);(113.09, 24.8)",True
59656,2014-04-30 20:00:00,27.0,SURF,True,EXTREME_TYPE1,89,11,9,"(110.23, 21.6);(110.64, 21.2);(110.64, 21.6);(110.64, 22.0);(111.05, 21.2);(111.05, 21.6);(111.05, 22.0);(111.45, 21.2);(111.45, 21.6)",True
59664,2014-04-30 20:00:00,61.5,SURF,True,EXTREME_TYPE1,140,10,9,"(110.64, 21.2);(110.64, 21.6);(110.64, 22.0);(111.05, 21.2);(111.05, 21.6);(111.05, 22.0);(111.45, 21.2);(111.45, 21.6);(111.45, 22.0)",True
59280,2014-05-04 21:00:00,4.5,SURF,True,EXTREME_TYPE1,151,10,10,"(112.68, 23.2);(112.68, 23.6);(112.68, 24.0);(113.09, 23.2);(113.09, 23.6);(113.09, 24.0);(113.09, 24.4);(113.5, 23.2);(113.5, 23.6);(113.5, 24.0)",True
59462,2014-05-05 20:00:00,1.0,SURF,True,EXTREME_TYPE1,246,11,11,"(111.05, 22.4);(111.05, 22.8);(111.05, 23.2);(111.45, 22.4);(111.45, 22.8);(111.45, 23.2);(111.86, 22.4);(111.86, 22.8);(111.86, 23.2);(112.27, 22.4);(112.27, 22.8)",True
59475,2014-05-08 19:00:00,54.8,SURF,True,EXTREME_TYPE1,452,9,9,"(112.27, 22.0);(112.27, 22.4);(112.27, 22.8);(112.68, 22.0);(112.68, 22.4);(112.68, 22.8);(113.09, 22.0);(113.09, 22.4);(113.09, 22.8)",True
59473,2014-05-08 20:00:00,11.5,SURF,True,EXTREME_TYPE1,471,10,10,"(112.27, 22.8);(112.68, 22.4);(112.68, 22.8);(112.68, 23.2);(113.09, 22.4);(113.09, 22.8);(113.09, 23.2);(113.5, 22.4);(113.5, 22.8);(113.5, 23.2)",True
59485,2014-05-08 21:00:00,72.3,SURF,True,EXTREME_TYPE1,417,12,12,"(112.68, 22.4);(112.68, 22.8);(113.09, 22.0);(113.09, 22.4);(113.09, 22.8);(113.5, 22.0);(113.5, 22.4);(113.5, 22.8);(113.5, 23.2);(113.91, 22.0);(113.91, 22.4);(113.91, 22.8)",True
59488,2014-05-09 08:00:00,3.8,SURF,True,EXTREME_TYPE1,148,11,11,"(113.09, 22.0);(113.09, 22.4);(113.09, 22.8);(113.5, 21.6);(113.5, 22.0);(113.5, 22.4);(113.5, 22.8);(113.91, 22.0);(113.91, 22.4);(113.91, 22.8);(114.32, 22.4)",True
59493,2014-05-09 11:00:00,5.1,SURF,True,EXTREME_TYPE1,166,13,13,"(113.5, 22.0);(113.5, 22.4);(113.5, 22.8);(113.91, 22.0);(113.91, 22.4);(113.91, 22.8);(113.91, 23.2);(114.32, 22.0);(114.32, 22.4);(114.32, 22.8);(114.32, 23.2);(114.73, 22.4);(114.73, 22.8)",True
59673,2014-05-09 15:00:00,3.1,SURF,True,EXTREME_TYPE1,24,8,8,"(112.27, 21.6);(112.27, 22.0);(112.68, 21.6);(112.68, 22.0);(112.68, 22.4);(113.09, 21.6);(113.09, 22.0);(113.5, 21.6)",True
59493,2014-05-11 10:00:00,34.3,SURF,True,EXTREME_TYPE1,164,13,13,"(113.5, 22.0);(113.5, 22.4);(113.5, 22.8);(113.91, 22.0);(113.91, 22.4);(113.91, 22.8);(113.91, 23.2);(114.32, 22.0);(114.32, 22.4);(114.32, 22.8);(114.32, 23.2);(114.73, 22.4);(114.73, 22.8)",True
59488,2014-05-11 19:00:00,55.5,SURF,True,EXTREME_TYPE1,143,11,11,"(113.09, 22.0);(113.09, 22.4);(113.09, 22.8);(113.5, 21.6);(113.5, 22.0);(113.5, 22.4);(113.5, 22.8);(113.91, 22.0);(113.91, 22.4);(113.91, 22.8);(114.32, 22.4)",True
59318,2014-05-12 00:00:00,25.2,SURF,True,EXTREME_TYPE1,100,12,12,"(115.95, 23.2);(115.95, 23.6);(116.36, 22.8);(116.36, 23.2);(116.36, 23.6);(116.36, 24.0);(116.77, 22.8);(116.77, 23.2);(116.77, 23.6);(116.77, 24.0);(117.18, 23.2);(117.18, 23.6)",True
59654,2014-05-15 15:00:00,57.5,SURF,True,FALSE,106,10,0,,True
59500,2014-05-16 06:00:00,51.7,SURF,True,EXTREME_TYPE1,196,12,12,"(114.73, 22.8);(114.73, 23.2);(115.14, 22.4);(115.14, 22.8);(115.14, 23.2);(115.14, 23.6);(115.55, 22.4);(115.55, 22.8);(115.55, 23.2);(115.55, 23.6);(115.95, 22.8);(115.95, 23.2)",True
59096,2014-05-16 16:00:00,13.1,SURF,True,EXTREME_TYPE1,49,12,12,"(113.91, 24.0);(113.91, 24.4);(113.91, 24.8);(114.32, 24.0);(114.32, 24.4);(114.32, 24.8);(114.73, 24.0);(114.73, 24.4);(114.73, 24.8);(115.14, 24.0);(115.14, 24.4);(115.14, 24.8)",True
59082,2014-05-17 11:00:00,20.8,SURF,True,EXTREME_TYPE1,98,12,12,"(113.09, 24.4);(113.09, 24.8);(113.09, 25.2);(113.5, 24.0);(113.5, 24.4);(113.5, 24.8);(113.5, 25.2);(113.91, 24.4);(113.91, 24.8);(113.91, 25.2);(114.32, 24.4);(114.32, 24.8)",True
59087,2014-05-17 14:00:00,66.0,SURF,True,EXTREME_TYPE1,128,10,10,"(113.09, 23.6);(113.09, 24.0);(113.09, 24.4);(113.5, 23.2);(113.5, 23.6);(113.5, 24.0);(113.5, 24.4);(113.91, 23.6);(113.91, 24.0);(113.91, 24.4)",True
59072,2014-05-18 06:00:00,60.4,SURF,True,EXTREME_TYPE1,103,9,1,"(113.09, 24.8)",True
59500,2014-05-18 14:00:00,72.1,SURF,True,EXTREME_TYPE1,191,12,9,"(114.73, 22.8);(114.73, 23.2);(115.14, 22.8);(115.14, 23.2);(115.14, 23.6);(115.55, 22.8);(115.55, 23.2);(115.55, 23.6);(115.95, 23.2)",True
59500,2014-05-18 15:00:00,82.5,SURF,True,EXTREME_TYPE1,191,12,12,"(114.73, 22.8);(114.73, 23.2);(115.14, 22.4);(115.14, 22.8);(115.14, 23.2);(115.14, 23.6);(115.55, 22.4);(115.55, 22.8);(115.55, 23.2);(115.55, 23.6);(115.95, 22.8);(115.95, 23.2)",True
59500,2014-05-18 16:00:00,76.9,SURF,True,FALSE,165,12,0,,True
59088,2014-05-18 18:00:00,31.9,SURF,True,EXTREME_TYPE1,117,12,12,"(112.68, 24.0);(112.68, 24.4);(113.09, 23.6);(113.09, 24.0);(113.09, 24.4);(113.09, 24.8);(113.5, 23.6);(113.5, 24.0);(113.5, 24.4);(113.5, 24.8);(113.91, 24.0);(113.91, 24.4)",True
59500,2014-05-19 15:00:00,8.6,SURF,True,EXTREME_TYPE1,152,12,10,"(114.73, 22.8);(114.73, 23.2);(115.14, 22.4);(115.14, 22.8);(115.14, 23.2);(115.55, 22.4);(115.55, 22.8);(115.55, 23.2);(115.95, 22.8);(115.95, 23.2)",True
59290,2014-05-19 18:00:00,28.5,SURF,True,EXTREME_TYPE1,107,11,11,"(113.5, 23.6);(113.91, 23.2);(113.91, 23.6);(113.91, 24.0);(113.91, 24.4);(114.32, 23.2);(114.32, 23.6);(114.32, 24.0);(114.32, 24.4);(114.73, 23.6);(114.73, 24.0)",True
59313,2014-05-22 13:00:00,17.0,SURF,True,EXTREME_TYPE1,29,9,9,"(116.36, 23.6);(116.36, 24.0);(116.77, 23.2);(116.77, 23.6);(116.77, 24.0);(117.18, 23.2);(117.18, 23.6);(117.18, 24.0);(117.59, 23.6)",True
59072,2014-05-23 01:00:00,6.4,SURF,True,EXTREME_TYPE1,101,9,9,"(111.86, 24.4);(111.86, 24.8);(112.27, 24.4);(112.27, 24.8);(112.27, 25.2);(112.68, 24.4);(112.68, 24.8);(112.68, 25.2);(113.09, 24.8)",True
59285,2014-05-23 06:00:00,5.2,SURF,True,EXTREME_TYPE1,212,10,10,"(113.09, 23.2);(113.09, 23.6);(113.09, 24.0);(113.5, 23.2);(113.5, 23.6);(113.5, 24.0);(113.91, 23.2);(113.91, 23.6);(113.91, 24.0);(114.32, 23.6)",True
59088,2014-05-23 10:00:00,25.8,SURF,True,EXTREME_TYPE1,127,12,12,"(112.68, 24.0);(112.68, 24.4);(113.09, 23.6);(113.09, 24.0);(113.09, 24.4);(113.09, 24.8);(113.5, 23.6);(113.5, 24.0);(113.5, 24.4);(113.5, 24.8);(113.91, 24.0);(113.91, 24.4)",True
59285,2014-05-23 11:00:00,66.3,SURF,True,EXTREME_TYPE1,209,10,10,"(113.09, 23.2);(113.09, 23.6);(113.09, 24.0);(113.5, 23.2);(113.5, 23.6);(113.5, 24.0);(113.91, 23.2);(113.91, 23.6);(113.91, 24.0);(114.32, 23.6)",True
59284,2014-05-25 20:00:00,57.9,SURF,True,FALSE,267,12,0,,True
59071,2014-05-28 18:00:00,50.1,SURF,True,EXTREME_TYPE1,48,8,8,"(111.86, 24.4);(111.86, 24.8);(112.27, 24.4);(112.27, 24.8);(112.27, 25.2);(112.68, 24.4);(112.68, 24.8);(112.68, 25.2)",True
59087,2014-06-03 06:00:00,24.1,SURF,True,EXTREME_TYPE1,155,10,10,"(113.09, 23.6);(113.09, 24.0);(113.09, 24.4);(113.5, 23.2);(113.5, 23.6);(113.5, 24.0);(113.5, 24.4);(113.91, 23.6);(113.91, 24.0);(113.91, 24.4)",True
59081,2014-06-03 13:00:00,21.3,SURF,True,EXTREME_TYPE1,116,12,11,"(112.68, 24.4);(112.68, 24.8);(113.09, 24.4);(113.09, 24.8);(113.09, 25.2);(113.5, 24.4);(113.5, 24.8);(113.5, 25.2);(113.91, 24.4);(113.91, 24.8);(113.91, 25.2)",True
59276,2014-06-05 18:00:00,1.9,SURF,True,EXTREME_TYPE1,278,10,10,"(112.27, 22.8);(112.27, 23.2);(112.27, 23.6);(112.68, 22.8);(112.68, 23.2);(112.68, 23.6);(112.68, 24.0);(113.09, 22.8);(113.09, 23.2);(113.09, 23.6)",True
59287,2014-06-05 18:00:00,53.6,SURF,True,EXTREME_TYPE1,254,9,9,"(113.09, 22.8);(113.09, 23.2);(113.09, 23.6);(113.5, 22.8);(113.5, 23.2);(113.5, 23.6);(113.91, 22.8);(113.91, 23.2);(113.91, 23.6)",True
59456,2014-06-07 02:00:00,17.7,SURF,True,EXTREME_TYPE1,141,10,10,"(110.23, 22.4);(110.64, 22.0);(110.64, 22.4);(110.64, 22.8);(111.05, 22.0);(111.05, 22.4);(111.05, 22.8);(111.45, 22.0);(111.45, 22.4);(111.45, 22.8)",True
59317,2014-06-16 02:00:00,74.8,SURF,True,EXTREME_TYPE1,151,9,9,"(115.95, 22.4);(115.95, 22.8);(115.95, 23.2);(115.95, 23.6);(116.36, 22.8);(116.36, 23.2);(116.36, 23.6);(116.77, 22.8);(116.77, 23.2)",True
59087,2014-06-17 11:00:00,9.2,SURF,True,EXTREME_TYPE1,117,10,10,"(113.09, 23.6);(113.09, 24.0);(113.09, 24.4);(113.5, 23.2);(113.5, 23.6);(113.5, 24.0);(113.5, 24.4);(113.91, 23.6);(113.91, 24.0);(113.91, 24.4)",True
59500,2014-06-18 06:00:00,63.9,SURF,True,FALSE,196,12,0,,True
59082,2014-06-20 03:00:00,10.9,SURF,True,EXTREME_TYPE1,91,12,12,"(113.09, 24.4);(113.09, 24.8);(113.09, 25.2);(113.5, 24.0);(113.5, 24.4);(113.5, 24.8);(113.5, 25.2);(113.91, 24.4);(113.91, 24.8);(113.91, 25.2);(114.32, 24.4);(114.32, 24.8)",True
59306,2014-06-21 04:00:00,15.3,SURF,True,EXTREME_TYPE1,233,12,12,"(115.14, 23.2);(115.14, 23.6);(115.55, 22.8);(115.55, 23.2);(115.55, 23.6);(115.55, 24.0);(115.95, 22.8);(115.95, 23.2);(115.95, 23.6);(115.95, 24.0);(116.36, 23.2);(116.36, 23.6)",True
59478,2014-06-21 19:00:00,58.2,SURF,True,EXTREME_TYPE1,298,12,11,"(112.27, 22.0);(112.27, 22.4);(112.68, 21.6);(112.68, 22.0);(112.68, 22.4);(112.68, 22.8);(113.09, 22.0);(113.09, 22.4);(113.09, 22.8);(113.5, 22.0);(113.5, 22.4)",True
59502,2014-06-21 22:00:00,25.0,SURF,True,EXTREME_TYPE1,85,12,5,"(115.95, 22.8);(115.95, 23.2);(115.95, 23.6);(116.36, 22.8);(116.36, 23.2)",True
59096,2014-06-22 04:00:00,6.5,SURF,True,EXTREME_TYPE1,68,12,12,"(113.91, 24.0);(113.91, 24.4);(113.91, 24.8);(114.32, 24.0);(114.32, 24.4);(114.32, 24.8);(114.73, 24.0);(114.73, 24.4);(114.73, 24.8);(115.14, 24.0);(115.14, 24.4);(115.14, 24.8)",True
59501,2014-06-22 09:00:00,5.5,SURF,True,EXTREME_TYPE1,195,12,12,"(114.73, 22.4);(114.73, 22.8);(114.73, 23.2);(115.14, 22.4);(115.14, 22.8);(115.14, 23.2);(115.55, 22.4);(115.55, 22.8);(115.55, 23.2);(115.95, 22.4);(115.95, 22.8);(115.95, 23.2)",True
59473,2014-06-23 19:00:00,7.7,SURF,True,EXTREME_TYPE1,416,10,10,"(112.27, 22.8);(112.68, 22.4);(112.68, 22.8);(112.68, 23.2);(113.09, 22.4);(113.09, 22.8);(113.09, 23.2);(113.5, 22.4);(113.5, 22.8);(113.5, 23.2)",True
59658,2014-06-24 19:00:00,32.9,SURF,True,FALSE,52,10,0,,True
59500,2014-06-26 03:00:00,28.1,SURF,True,EXTREME_TYPE1,196,12,12,"(114.73, 22.8);(114.73, 23.2);(115.14, 22.4);(115.14, 22.8);(115.14, 23.2);(115.14, 23.6);(115.55, 22.4);(115.55, 22.8);(115.55, 23.2);(115.55, 23.6);(115.95, 22.8);(115.95, 23.2)",True
59500,2014-06-26 05:00:00,25.2,SURF,True,EXTREME_TYPE1,194,12,12,"(114.73, 22.8);(114.73, 23.2);(115.14, 22.4);(115.14, 22.8);(115.14, 23.2);(115.14, 23.6);(115.55, 22.4);(115.55, 22.8);(115.55, 23.2);(115.55, 23.6);(115.95, 22.8);(115.95, 23.2)",True
59501,2014-06-26 05:00:00,5.4,SURF,True,EXTREME_TYPE1,194,12,12,"(114.73, 22.4);(114.73, 22.8);(114.73, 23.2);(115.14, 22.4);(115.14, 22.8);(115.14, 23.2);(115.55, 22.4);(115.55, 22.8);(115.55, 23.2);(115.95, 22.4);(115.95, 22.8);(115.95, 23.2)",True
59650,2014-06-30 07:00:00,3.8,SURF,True,EXTREME_TYPE1,139,11,11,"(109.82, 21.2);(109.82, 21.6);(109.82, 22.0);(110.23, 20.8);(110.23, 21.2);(110.23, 21.6);(110.23, 22.0);(110.64, 20.8);(110.64, 21.2);(110.64, 21.6);(110.64, 22.0)",True
59303,2014-07-01 15:00:00,5.3,SURF,True,EXTREME_TYPE1,238,10,10,"(115.14, 23.6);(115.14, 24.0);(115.55, 23.6);(115.55, 24.0);(115.55, 24.4);(115.95, 23.6);(115.95, 24.0);(115.95, 24.4);(116.36, 23.6);(116.36, 24.0)",True
59315,2014-07-03 18:00:00,41.8,SURF,True,FALSE,103,10,0,,True
59493,2014-07-07 06:00:00,64.3,SURF,True,EXTREME_TYPE1,208,13,13,"(113.5, 22.0);(113.5, 22.4);(113.5, 22.8);(113.91, 22.0);(113.91, 22.4);(113.91, 22.8);(113.91, 23.2);(114.32, 22.0);(114.32, 22.4);(114.32, 22.8);(114.32, 23.2);(114.73, 22.4);(114.73, 22.8)",True
57996,2014-07-07 20:00:00,28.2,SURF,True,EXTREME_TYPE1,40,10,10,"(113.5, 25.2);(113.91, 24.8);(113.91, 25.2);(113.91, 25.6);(114.32, 24.4);(114.32, 24.8);(114.32, 25.2);(114.32, 25.6);(114.73, 24.8);(114.73, 25.2)",True
59097,2014-07-08 02:00:00,50.4,SURF,True,EXTREME_TYPE1,108,10,10,"(113.5, 24.0);(113.91, 23.6);(113.91, 24.0);(113.91, 24.4);(114.32, 23.6);(114.32, 24.0);(114.32, 24.4);(114.73, 23.6);(114.73, 24.0);(114.73, 24.4)",True
59285,2014-07-08 19:00:00,59.8,SURF,True,EXTREME_TYPE1,223,10,10,"(113.09, 23.2);(113.09, 23.6);(113.09, 24.0);(113.5, 23.2);(113.5, 23.6);(113.5, 24.0);(113.91, 23.2);(113.91, 23.6);(113.91, 24.0);(114.32, 23.6)",True
59469,2014-07-15 13:00:00,5.0,SURF,True,EXTREME_TYPE1,223,11,9,"(111.05, 22.0);(111.45, 21.6);(111.45, 22.0);(111.45, 22.4);(111.86, 22.0);(111.86, 22.4);(111.86, 22.8);(112.27, 22.0);(112.27, 22.4)",True
59471,2014-07-17 18:00:00,11.4,SURF,True,EXTREME_TYPE1,437,12,12,"(111.45, 22.8);(111.45, 23.2);(111.86, 22.4);(111.86, 22.8);(111.86, 23.2);(111.86, 23.6);(112.27, 22.4);(112.27, 22.8);(112.27, 23.2);(112.27, 23.6);(112.68, 22.8);(112.68, 23.2)",True
59303,2014-07-18 09:00:00,9.4,SURF,True,EXTREME_TYPE1,238,10,10,"(115.14, 23.6);(115.14, 24.0);(115.55, 23.6);(115.55, 24.0);(115.55, 24.4);(115.95, 23.6);(115.95, 24.0);(115.95, 24.4);(116.36, 23.6);(116.36, 24.0)",True
59303,2014-07-18 14:00:00,2.6,SURF,True,EXTREME_TYPE1,238,10,10,"(115.14, 23.6);(115.14, 24.0);(115.55, 23.6);(115.55, 24.0);(115.55, 24.4);(115.95, 23.6);(115.95, 24.0);(115.95, 24.4);(116.36, 23.6);(116.36, 24.0)",True
59658,2014-07-18 19:00:00,18.1,SURF,True,EXTREME_TYPE1,83,10,10,"(109.82, 20.8);(109.82, 21.2);(109.82, 21.6);(110.23, 20.8);(110.23, 21.2);(110.23, 21.6);(110.64, 20.8);(110.64, 21.2);(110.64, 21.6);(111.05, 21.2)",True
59754,2014-07-18 23:00:00,15.1,SURF,True,EXTREME_TYPE1,47,5,5,"(109.82, 20.4);(109.82, 20.8);(110.23, 20.4);(110.23, 20.8);(110.64, 20.8)",True
59754,2014-07-19 01:00:00,43.5,SURF,True,EXTREME_TYPE1,44,5,5,"(109.82, 20.4);(109.82, 20.8);(110.23, 20.4);(110.23, 20.8);(110.64, 20.8)",True
59500,2014-07-19 11:00:00,17.5,SURF,True,EXTREME_TYPE1,206,12,12,"(114.73, 22.8);(114.73, 23.2);(115.14, 22.4);(115.14, 22.8);(115.14, 23.2);(115.14, 23.6);(115.55, 22.4);(115.55, 22.8);(115.55, 23.2);(115.55, 23.6);(115.95, 22.8);(115.95, 23.2)",True
59750,2014-07-20 17:00:00,13.5,SURF,True,EXTREME_TYPE1,104,11,11,"(109.41, 21.2);(109.82, 20.4);(109.82, 20.8);(109.82, 21.2);(109.82, 21.6);(110.23, 20.4);(110.23, 20.8);(110.23, 21.2);(110.23, 21.6);(110.64, 20.8);(110.64, 21.2)",True
59074,2014-07-21 17:00:00,1.5,SURF,True,EXTREME_TYPE1,125,9,9,"(111.86, 24.0);(111.86, 24.4);(111.86, 24.8);(112.27, 24.0);(112.27, 24.4);(112.27, 24.8);(112.27, 25.2);(112.68, 24.4);(112.68, 24.8)",True
59318,2014-07-23 20:00:00,71.0,SURF,True,EXTREME_TYPE1,98,12,12,"(115.95, 23.2);(115.95, 23.6);(116.36, 22.8);(116.36, 23.2);(116.36, 23.6);(116.36, 24.0);(116.77, 22.8);(116.77, 23.2);(116.77, 23.6);(116.77, 24.0);(117.18, 23.2);(117.18, 23.6)",True
59475,2014-07-25 01:00:00,43.9,SURF,True,EXTREME_TYPE1,596,9,9,"(112.27, 22.0);(112.27, 22.4);(112.27, 22.8);(112.68, 22.0);(112.68, 22.4);(112.68, 22.8);(113.09, 22.0);(113.09, 22.4);(113.09, 22.8)",True
59268,2014-08-02 19:00:00,59.9,SURF,True,EXTREME_TYPE1,278,9,9,"(111.05, 22.8);(111.05, 23.2);(111.45, 22.8);(111.45, 23.2);(111.45, 23.6);(111.86, 22.8);(111.86, 23.2);(111.86, 23.6);(112.27, 23.2)",True
59289,2014-08-02 22:00:00,72.5,SURF,True,EXTREME_TYPE1,342,12,12,"(113.09, 22.8);(113.09, 23.2);(113.5, 22.4);(113.5, 22.8);(113.5, 23.2);(113.5, 23.6);(113.91, 22.4);(113.91, 22.8);(113.91, 23.2);(113.91, 23.6);(114.32, 22.8);(114.32, 23.2)",True
59271,2014-08-04 01:00:00,60.6,SURF,True,EXTREME_TYPE1,197,11,9,"(111.86, 23.2);(111.86, 23.6);(111.86, 24.0);(112.27, 23.2);(112.27, 23.6);(112.27, 24.0);(112.68, 23.2);(112.68, 23.6);(112.68, 24.0)",True
59276,2014-08-06 12:00:00,11.7,SURF,True,EXTREME_TYPE1,412,10,10,"(112.27, 22.8);(112.27, 23.2);(112.27, 23.6);(112.68, 22.8);(112.68, 23.2);(112.68, 23.6);(112.68, 24.0);(113.09, 22.8);(113.09, 23.2);(113.09, 23.6)",True
59287,2014-08-07 02:00:00,56.1,SURF,True,EXTREME_TYPE1,336,9,9,"(113.09, 22.8);(113.09, 23.2);(113.09, 23.6);(113.5, 22.8);(113.5, 23.2);(113.5, 23.6);(113.91, 22.8);(113.91, 23.2);(113.91, 23.6)",True
59316,2014-08-12 17:00:00,90.8,SURF,True,EXTREME_TYPE1,98,12,9,"(115.95, 23.2);(115.95, 23.6);(116.36, 22.8);(116.36, 23.2);(116.36, 23.6);(116.36, 24.0);(116.77, 22.8);(116.77, 23.2);(116.77, 23.6)",True
59107,2014-08-12 19:00:00,1.2,SURF,True,EXTREME_TYPE1,132,12,12,"(114.73, 23.6);(114.73, 24.0);(114.73, 24.4);(115.14, 23.6);(115.14, 24.0);(115.14, 24.4);(115.14, 24.8);(115.55, 23.6);(115.55, 24.0);(115.55, 24.4);(115.95, 24.0);(115.95, 24.4)",True
59269,2014-08-12 19:00:00,54.3,SURF,True,EXTREME_TYPE1,195,9,9,"(111.45, 22.8);(111.45, 23.2);(111.45, 23.6);(111.86, 22.8);(111.86, 23.2);(111.86, 23.6);(112.27, 22.8);(112.27, 23.2);(112.27, 23.6)",True
59107,2014-08-12 20:00:00,28.2,SURF,True,EXTREME_TYPE1,139,12,12,"(114.73, 23.6);(114.73, 24.0);(114.73, 24.4);(115.14, 23.6);(115.14, 24.0);(115.14, 24.4);(115.14, 24.8);(115.55, 23.6);(115.55, 24.0);(115.55, 24.4);(115.95, 24.0);(115.95, 24.4)",True
59071,2014-08-12 23:00:00,35.2,SURF,True,EXTREME_TYPE1,86,8,8,"(111.86, 24.4);(111.86, 24.8);(112.27, 24.4);(112.27, 24.8);(112.27, 25.2);(112.68, 24.4);(112.68, 24.8);(112.68, 25.2)",True
59284,2014-08-12 23:00:00,61.7,SURF,True,EXTREME_TYPE1,333,12,12,"(112.68, 23.2);(112.68, 23.6);(113.09, 22.8);(113.09, 23.2);(113.09, 23.6);(113.09, 24.0);(113.5, 22.8);(113.5, 23.2);(113.5, 23.6);(113.5, 24.0);(113.91, 23.2);(113.91, 23.6)",True
59278,2014-08-13 14:00:00,17.4,SURF,True,EXTREME_TYPE1,591,12,12,"(111.86, 22.8);(111.86, 23.2);(112.27, 22.4);(112.27, 22.8);(112.27, 23.2);(112.27, 23.6);(112.68, 22.4);(112.68, 22.8);(112.68, 23.2);(112.68, 23.6);(113.09, 22.8);(113.09, 23.2)",True
59288,2014-08-13 14:00:00,18.8,SURF,True,EXTREME_TYPE1,438,10,10,"(112.27, 23.2);(112.68, 22.8);(112.68, 23.2);(112.68, 23.6);(113.09, 22.8);(113.09, 23.2);(113.09, 23.6);(113.5, 22.8);(113.5, 23.2);(113.5, 23.6)",True
57996,2014-08-13 18:00:00,21.2,SURF,True,EXTREME_TYPE1,19,10,10,"(113.5, 25.2);(113.91, 24.8);(113.91, 25.2);(113.91, 25.6);(114.32, 24.4);(114.32, 24.8);(114.32, 25.2);(114.32, 25.6);(114.73, 24.8);(114.73, 25.2)",True
59087,2014-08-14 06:00:00,50.7,SURF,True,EXTREME_TYPE1,159,10,10,"(113.09, 23.6);(113.09, 24.0);(113.09, 24.4);(113.5, 23.2);(113.5, 23.6);(113.5, 24.0);(113.5, 24.4);(113.91, 23.6);(113.91, 24.0);(113.91, 24.4)",True
59285,2014-08-14 13:00:00,16.1,SURF,True,EXTREME_TYPE1,225,10,10,"(113.09, 23.2);(113.09, 23.6);(113.09, 24.0);(113.5, 23.2);(113.5, 23.6);(113.5, 24.0);(113.91, 23.2);(113.91, 23.6);(113.91, 24.0);(114.32, 23.6)",True
59318,2014-08-19 02:00:00,25.9,SURF,True,FALSE,86,12,0,,True
59655,2014-08-19 13:00:00,68.7,SURF,True,EXTREME_TYPE1,165,10,8,"(110.23, 21.6);(110.23, 22.0);(110.64, 21.2);(110.64, 21.6);(110.64, 22.0);(110.64, 22.4);(111.05, 21.6);(111.05, 22.0)",True
59117,2014-08-19 15:00:00,20.6,SURF,True,EXTREME_TYPE1,96,12,12,"(115.55, 24.0);(115.55, 24.4);(115.55, 24.8);(115.95, 23.6);(115.95, 24.0);(115.95, 24.4);(115.95, 24.8);(116.36, 24.0);(116.36, 24.4);(116.36, 24.8);(116.77, 24.0);(116.77, 24.4)",True
59106,2014-08-19 18:00:00,1.2,SURF,True,EXTREME_TYPE1,78,10,10,"(115.14, 24.4);(115.14, 24.8);(115.55, 24.0);(115.55, 24.4);(115.55, 24.8);(115.95, 24.0);(115.95, 24.4);(115.95, 24.8);(116.36, 24.4);(116.36, 24.8)",True
59673,2014-08-20 04:00:00,38.5,SURF,True,EXTREME_TYPE1,23,8,8,"(112.27, 21.6);(112.27, 22.0);(112.68, 21.6);(112.68, 22.0);(112.68, 22.4);(113.09, 21.6);(113.09, 22.0);(113.5, 21.6)",True
59488,2014-08-22 04:00:00,55.4,SURF,True,FALSE,210,11,0,,True
59276,2014-08-22 20:00:00,7.0,SURF,True,EXTREME_TYPE1,420,10,10,"(112.27, 22.8);(112.27, 23.2);(112.27, 23.6);(112.68, 22.8);(112.68, 23.2);(112.68, 23.6);(112.68, 24.0);(113.09, 22.8);(113.09, 23.2);(113.09, 23.6)",True
59074,2014-08-23 17:00:00,1.9,SURF,True,EXTREME_TYPE1,131,9,9,"(111.86, 24.0);(111.86, 24.4);(111.86, 24.8);(112.27, 24.0);(112.27, 24.4);(112.27, 24.8);(112.27, 25.2);(112.68, 24.4);(112.68, 24.8)",True
59673,2014-08-27 15:00:00,28.2,SURF,True,EXTREME_TYPE1,22,8,7,"(112.27, 21.6);(112.27, 22.0);(112.68, 21.6);(112.68, 22.0);(113.09, 21.6);(113.09, 22.0);(113.5, 21.6)",True
59094,2014-08-30 17:00:00,8.4,SURF,True,EXTREME_TYPE1,87,12,11,"(113.5, 24.0);(113.5, 24.4);(113.91, 24.0);(113.91, 24.4);(113.91, 24.8);(114.32, 24.0);(114.32, 24.4);(114.32, 24.8);(114.73, 24.0);(114.73, 24.4);(114.73, 24.8)",True
59654,2014-08-31 13:00:00,16.0,SURF,True,EXTREME_TYPE1,141,10,10,"(109.82, 21.2);(109.82, 21.6);(109.82, 22.0);(110.23, 21.2);(110.23, 21.6);(110.23, 22.0);(110.64, 21.2);(110.64, 21.6);(110.64, 22.0);(111.05, 21.6)",True
59750,2014-09-03 15:00:00,39.5,SURF,True,EXTREME_TYPE1,114,11,8,"(109.82, 20.4);(109.82, 20.8);(109.82, 21.2);(110.23, 20.4);(110.23, 20.8);(110.23, 21.2);(110.64, 20.8);(110.64, 21.2)",True
59303,2014-09-04 19:00:00,57.2,SURF,True,EXTREME_TYPE1,235,10,10,"(115.14, 23.6);(115.14, 24.0);(115.55, 23.6);(115.55, 24.0);(115.55, 24.4);(115.95, 23.6);(115.95, 24.0);(115.95, 24.4);(116.36, 23.6);(116.36, 24.0)",True
59117,2014-09-04 20:00:00,3.5,SURF,True,EXTREME_TYPE1,94,12,12,"(115.55, 24.0);(115.55, 24.4);(115.55, 24.8);(115.95, 23.6);(115.95, 24.0);(115.95, 24.4);(115.95, 24.8);(116.36, 24.0);(116.36, 24.4);(116.36, 24.8);(116.77, 24.0);(116.77, 24.4)",True
59500,2014-09-08 14:00:00,12.8,SURF,True,EXTREME_TYPE1,202,12,12,"(114.73, 22.8);(114.73, 23.2);(115.14, 22.4);(115.14, 22.8);(115.14, 23.2);(115.14, 23.6);(115.55, 22.4);(115.55, 22.8);(115.55, 23.2);(115.55, 23.6);(115.95, 22.8);(115.95, 23.2)",True
59478,2014-09-12 14:00:00,32.4,SURF,True,EXTREME_TYPE1,409,12,12,"(112.27, 22.0);(112.27, 22.4);(112.68, 21.6);(112.68, 22.0);(112.68, 22.4);(112.68, 22.8);(113.09, 21.6);(113.09, 22.0);(113.09, 22.4);(113.09, 22.8);(113.5, 22.0);(113.5, 22.4)",True
59477,2014-09-15 20:00:00,11.6,SURF,True,EXTREME_TYPE1,486,10,10,"(111.86, 22.0);(111.86, 22.4);(111.86, 22.8);(112.27, 21.6);(112.27, 22.0);(112.27, 22.4);(112.27, 22.8);(112.68, 22.0);(112.68, 22.4);(112.68, 22.8)",True
59656,2014-09-15 21:00:00,12.3,SURF,True,EXTREME_TYPE1,111,11,11,"(110.23, 21.2);(110.23, 21.6);(110.64, 20.8);(110.64, 21.2);(110.64, 21.6);(110.64, 22.0);(111.05, 21.2);(111.05, 21.6);(111.05, 22.0);(111.45, 21.2);(111.45, 21.6)",True
59276,2014-09-15 23:00:00,11.8,SURF,True,EXTREME_TYPE1,365,10,10,"(112.27, 22.8);(112.27, 23.2);(112.27, 23.6);(112.68, 22.8);(112.68, 23.2);(112.68, 23.6);(112.68, 24.0);(113.09, 22.8);(113.09, 23.2);(113.09, 23.6)",True
59072,2014-09-16 16:00:00,1.8,SURF,True,EXTREME_TYPE1,155,9,9,"(111.86, 24.4);(111.86, 24.8);(112.27, 24.4);(112.27, 24.8);(112.27, 25.2);(112.68, 24.4);(112.68, 24.8);(112.68, 25.2);(113.09, 24.8)",True
59310,2014-09-24 18:00:00,52.9,SURF,True,EXTREME_TYPE1,175,12,12,"(115.55, 23.6);(115.55, 24.0);(115.95, 23.2);(115.95, 23.6);(115.95, 24.0);(115.95, 24.4);(116.36, 23.2);(116.36, 23.6);(116.36, 24.0);(116.36, 24.4);(116.77, 23.6);(116.77, 24.0)",True
59303,2014-09-25 02:00:00,5.2,SURF,True,EXTREME_TYPE1,238,10,10,"(115.14, 23.6);(115.14, 24.0);(115.55, 23.6);(115.55, 24.0);(115.55, 24.4);(115.95, 23.6);(115.95, 24.0);(115.95, 24.4);(116.36, 23.6);(116.36, 24.0)",True
59487,2014-09-30 23:00:00,51.2,SURF,True,EXTREME_TYPE1,334,12,12,"(112.68, 22.0);(112.68, 22.4);(113.09, 21.6);(113.09, 22.0);(113.09, 22.4);(113.09, 22.8);(113.5, 21.6);(113.5, 22.0);(113.5, 22.4);(113.5, 22.8);(113.91, 22.0);(113.91, 22.4)",True
59487,2014-10-01 05:00:00,19.7,SURF,True,EXTREME_TYPE1,330,12,12,"(112.68, 22.0);(112.68, 22.4);(113.09, 21.6);(113.09, 22.0);(113.09, 22.4);(113.09, 22.8);(113.5, 21.6);(113.5, 22.0);(113.5, 22.4);(113.5, 22.8);(113.91, 22.0);(113.91, 22.4)",True
59478,2014-10-03 08:00:00,60.3,SURF,True,FALSE,386,12,0,,True
59303,2014-11-08 07:00:00,1.5,SURF,True,EXTREME_TYPE1,237,10,10,"(115.14, 23.6);(115.14, 24.0);(115.55, 23.6);(115.55, 24.0);(115.55, 24.4);(115.95, 23.6);(115.95, 24.0);(115.95, 24.4);(116.36, 23.6);(116.36, 24.0)",True
59470,2014-12-02 22:00:00,1.2,SURF,True,EXTREME_TYPE1,468,10,10,"(111.45, 22.8);(111.86, 22.4);(111.86, 22.8);(111.86, 23.2);(112.27, 22.4);(112.27, 22.8);(112.27, 23.2);(112.68, 22.4);(112.68, 22.8);(112.68, 23.2)",True
59485,2014-12-04 14:00:00,1.4,SURF,True,EXTREME_TYPE1,554,12,12,"(112.68, 22.4);(112.68, 22.8);(113.09, 22.0);(113.09, 22.4);(113.09, 22.8);(113.5, 22.0);(113.5, 22.4);(113.5, 22.8);(113.5, 23.2);(113.91, 22.0);(113.91, 22.4);(113.91, 22.8)",True
59318,2014-12-25 12:00:00,5.1,SURF,True,EXTREME_TYPE1,103,12,12,"(115.95, 23.2);(115.95, 23.6);(116.36, 22.8);(116.36, 23.2);(116.36, 23.6);(116.36, 24.0);(116.77, 22.8);(116.77, 23.2);(116.77, 23.6);(116.77, 24.0);(117.18, 23.2);(117.18, 23.6)",True
59654,2014-12-26 06:00:00,2.1,SURF,True,EXTREME_TYPE1,143,10,10,"(109.82, 21.2);(109.82, 21.6);(109.82, 22.0);(110.23, 21.2);(110.23, 21.6);(110.23, 22.0);(110.64, 21.2);(110.64, 21.6);(110.64, 22.0);(111.05, 21.6)",True
59470,2014-12-27 19:00:00,2.6,SURF,True,EXTREME_TYPE1,440,10,10,"(111.45, 22.8);(111.86, 22.4);(111.86, 22.8);(111.86, 23.2);(112.27, 22.4);(112.27, 22.8);(112.27, 23.2);(112.68, 22.4);(112.68, 22.8);(112.68, 23.2)",True
59478,2014-12-28 01:00:00,1.5,SURF,True,EXTREME_TYPE1,421,12,12,"(112.27, 22.0);(112.27, 22.4);(112.68, 21.6);(112.68, 22.0);(112.68, 22.4);(112.68, 22.8);(113.09, 21.6);(113.09, 22.0);(113.09, 22.4);(113.09, 22.8);(113.5, 22.0);(113.5, 22.4)",True
59288,2015-01-12 10:00:00,4.5,SURF,True,EXTREME_TYPE1,450,10,10,"(112.27, 23.2);(112.68, 22.8);(112.68, 23.2);(112.68, 23.6);(113.09, 22.8);(113.09, 23.2);(113.09, 23.6);(113.5, 22.8);(113.5, 23.2);(113.5, 23.6)",True
59289,2015-01-12 14:00:00,2.0,SURF,True,EXTREME_TYPE1,356,12,12,"(113.09, 22.8);(113.09, 23.2);(113.5, 22.4);(113.5, 22.8);(113.5, 23.2);(113.5, 23.6);(113.91, 22.4);(113.91, 22.8);(113.91, 23.2);(113.91, 23.6);(114.32, 22.8);(114.32, 23.2)",True
59319,2015-01-13 17:00:00,5.2,SURF,True,EXTREME_TYPE1,97,11,11,"(115.95, 23.6);(116.36, 23.2);(116.36, 23.6);(116.36, 24.0);(116.77, 22.8);(116.77, 23.2);(116.77, 23.6);(116.77, 24.0);(117.18, 23.2);(117.18, 23.6);(117.18, 24.0)",True
59289,2015-02-22 19:00:00,25.5,SURF,True,EXTREME_TYPE1,360,12,12,"(113.09, 22.8);(113.09, 23.2);(113.5, 22.4);(113.5, 22.8);(113.5, 23.2);(113.5, 23.6);(113.91, 22.4);(113.91, 22.8);(113.91, 23.2);(113.91, 23.6);(114.32, 22.8);(114.32, 23.2)",True
59673,2015-02-22 23:00:00,35.7,SURF,True,EXTREME_TYPE1,26,8,8,"(112.27, 21.6);(112.27, 22.0);(112.68, 21.6);(112.68, 22.0);(112.68, 22.4);(113.09, 21.6);(113.09, 22.0);(113.5, 21.6)",True
59099,2015-03-16 20:00:00,1.2,SURF,True,EXTREME_TYPE1,91,10,10,"(114.32, 24.4);(114.32, 24.8);(114.73, 24.0);(114.73, 24.4);(114.73, 24.8);(115.14, 24.0);(115.14, 24.4);(115.14, 24.8);(115.55, 24.4);(115.55, 24.8)",True
59478,2015-04-10 23:00:00,5.4,SURF,True,EXTREME_TYPE1,438,12,11,"(112.27, 22.0);(112.27, 22.4);(112.68, 21.6);(112.68, 22.0);(112.68, 22.4);(112.68, 22.8);(113.09, 22.0);(113.09, 22.4);(113.09, 22.8);(113.5, 22.0);(113.5, 22.4)",True
59072,2015-04-20 02:00:00,24.4,SURF,True,EXTREME_TYPE1,150,9,9,"(111.86, 24.4);(111.86, 24.8);(112.27, 24.4);(112.27, 24.8);(112.27, 25.2);(112.68, 24.4);(112.68, 24.8);(112.68, 25.2);(113.09, 24.8)",True
59316,2015-04-21 02:00:00,7.5,SURF,True,EXTREME_TYPE1,104,12,12,"(115.95, 23.2);(115.95, 23.6);(116.36, 22.8);(116.36, 23.2);(116.36, 23.6);(116.36, 24.0);(116.77, 22.8);(116.77, 23.2);(116.77, 23.6);(116.77, 24.0);(117.18, 23.2);(117.18, 23.6)",True
57989,2015-04-28 15:00:00,40.0,SURF,True,EXTREME_TYPE1,67,12,12,"(113.09, 24.8);(113.09, 25.2);(113.5, 24.4);(113.5, 24.8);(113.5, 25.2);(113.5, 25.6);(113.91, 24.4);(113.91, 24.8);(113.91, 25.2);(113.91, 25.6);(114.32, 24.8);(114.32, 25.2)",True
59492,2015-04-29 22:00:00,62.0,SURF,True,EXTREME_TYPE1,140,11,11,"(114.32, 22.4);(114.32, 22.8);(114.32, 23.2);(114.32, 23.6);(114.73, 22.4);(114.73, 22.8);(114.73, 23.2);(114.73, 23.6);(115.14, 22.8);(115.14, 23.2);(115.14, 23.6)",True
59462,2015-05-01 12:00:00,30.8,SURF,True,EXTREME_TYPE1,300,11,11,"(111.05, 22.4);(111.05, 22.8);(111.05, 23.2);(111.45, 22.4);(111.45, 22.8);(111.45, 23.2);(111.86, 22.4);(111.86, 22.8);(111.86, 23.2);(112.27, 22.4);(112.27, 22.8)",True
59097,2015-05-03 08:00:00,56.5,SURF,True,EXTREME_TYPE1,112,10,10,"(113.5, 24.0);(113.91, 23.6);(113.91, 24.0);(113.91, 24.4);(114.32, 23.6);(114.32, 24.0);(114.32, 24.4);(114.73, 23.6);(114.73, 24.0);(114.73, 24.4)",True
59087,2015-05-04 21:00:00,31.3,SURF,True,EXTREME_TYPE1,166,10,10,"(113.09, 23.6);(113.09, 24.0);(113.09, 24.4);(113.5, 23.2);(113.5, 23.6);(113.5, 24.0);(113.5, 24.4);(113.91, 23.6);(113.91, 24.0);(113.91, 24.4)",True
59287,2015-05-05 00:00:00,48.3,SURF,True,EXTREME_TYPE1,361,9,9,"(113.09, 22.8);(113.09, 23.2);(113.09, 23.6);(113.5, 22.8);(113.5, 23.2);(113.5, 23.6);(113.91, 22.8);(113.91, 23.2);(113.91, 23.6)",True
59470,2015-05-05 09:00:00,58.6,SURF,True,EXTREME_TYPE1,490,10,10,"(111.45, 22.8);(111.86, 22.4);(111.86, 22.8);(111.86, 23.2);(112.27, 22.4);(112.27, 22.8);(112.27, 23.2);(112.68, 22.4);(112.68, 22.8);(112.68, 23.2)",True
59471,2015-05-05 17:00:00,21.6,SURF,True,EXTREME_TYPE1,486,12,12,"(111.45, 22.8);(111.45, 23.2);(111.86, 22.4);(111.86, 22.8);(111.86, 23.2);(111.86, 23.6);(112.27, 22.4);(112.27, 22.8);(112.27, 23.2);(112.27, 23.6);(112.68, 22.8);(112.68, 23.2)",True
59075,2015-05-06 02:00:00,77.5,SURF,True,EXTREME_TYPE1,150,12,9,"(112.27, 24.0);(112.27, 24.4);(112.27, 24.8);(112.68, 24.0);(112.68, 24.4);(112.68, 24.8);(113.09, 24.0);(113.09, 24.4);(113.09, 24.8)",True
59456,2015-05-06 08:00:00,77.6,SURF,True,EXTREME_TYPE1,149,10,10,"(110.23, 22.4);(110.64, 22.0);(110.64, 22.4);(110.64, 22.8);(111.05, 22.0);(111.05, 22.4);(111.05, 22.8);(111.45, 22.0);(111.45, 22.4);(111.45, 22.8)",True
59087,2015-05-06 09:00:00,21.5,SURF,True,EXTREME_TYPE1,167,10,10,"(113.09, 23.6);(113.09, 24.0);(113.09, 24.4);(113.5, 23.2);(113.5, 23.6);(113.5, 24.0);(113.5, 24.4);(113.91, 23.6);(113.91, 24.0);(113.91, 24.4)",True
59290,2015-05-06 18:00:00,62.4,SURF,True,EXTREME_TYPE1,137,11,11,"(113.5, 23.6);(113.91, 23.2);(113.91, 23.6);(113.91, 24.0);(113.91, 24.4);(114.32, 23.2);(114.32, 23.6);(114.32, 24.0);(114.32, 24.4);(114.73, 23.6);(114.73, 24.0)",True
59476,2015-05-07 14:00:00,1.3,SURF,True,EXTREME_TYPE1,708,11,10,"(112.68, 22.0);(112.68, 22.4);(112.68, 22.8);(113.09, 22.0);(113.09, 22.4);(113.09, 22.8);(113.09, 23.2);(113.5, 22.0);(113.5, 22.4);(113.5, 22.8)",True
59268,2015-05-08 13:00:00,1.0,SURF,True,EXTREME_TYPE1,290,9,9,"(111.05, 22.8);(111.05, 23.2);(111.45, 22.8);(111.45, 23.2);(111.45, 23.6);(111.86, 22.8);(111.86, 23.2);(111.86, 23.6);(112.27, 23.2)",True
59271,2015-05-08 19:00:00,34.8,SURF,True,EXTREME_TYPE1,213,11,11,"(111.86, 23.2);(111.86, 23.6);(111.86, 24.0);(112.27, 23.2);(112.27, 23.6);(112.27, 24.0);(112.68, 23.2);(112.68, 23.6);(112.68, 24.0);(113.09, 23.6);(113.09, 24.0)",True
59290,2015-05-09 07:00:00,59.1,SURF,True,EXTREME_TYPE1,139,11,7,"(113.5, 23.6);(113.91, 23.6);(113.91, 24.0);(113.91, 24.4);(114.32, 23.6);(114.32, 24.0);(114.32, 24.4)",True
59289,2015-05-09 15:00:00,57.2,SURF,True,EXTREME_TYPE1,357,12,12,"(113.09, 22.8);(113.09, 23.2);(113.5, 22.4);(113.5, 22.8);(113.5, 23.2);(113.5, 23.6);(113.91, 22.4);(113.91, 22.8);(113.91, 23.2);(113.91, 23.6);(114.32, 22.8);(114.32, 23.2)",True
59270,2015-05-10 19:00:00,1.5,SURF,True,EXTREME_TYPE1,145,10,10,"(111.45, 24.0);(111.86, 23.6);(111.86, 24.0);(111.86, 24.4);(112.27, 23.6);(112.27, 24.0);(112.27, 24.4);(112.68, 23.6);(112.68, 24.0);(112.68, 24.4)",True
59280,2015-05-11 05:00:00,56.5,SURF,True,EXTREME_TYPE1,223,10,10,"(112.68, 23.2);(112.68, 23.6);(112.68, 24.0);(113.09, 23.2);(113.09, 23.6);(113.09, 24.0);(113.09, 24.4);(113.5, 23.2);(113.5, 23.6);(113.5, 24.0)",True
59481,2015-05-11 16:00:00,51.8,SURF,True,EXTREME_TYPE1,592,12,12,"(112.68, 22.8);(112.68, 23.2);(113.09, 22.4);(113.09, 22.8);(113.09, 23.2);(113.09, 23.6);(113.5, 22.4);(113.5, 22.8);(113.5, 23.2);(113.5, 23.6);(113.91, 22.8);(113.91, 23.2)",True
59478,2015-05-11 19:00:00,41.3,SURF,True,EXTREME_TYPE1,433,12,12,"(112.27, 22.0);(112.27, 22.4);(112.68, 21.6);(112.68, 22.0);(112.68, 22.4);(112.68, 22.8);(113.09, 21.6);(113.09, 22.0);(113.09, 22.4);(113.09, 22.8);(113.5, 22.0);(113.5, 22.4)",True
59664,2015-05-11 23:00:00,58.7,SURF,True,EXTREME_TYPE1,159,10,10,"(110.23, 21.6);(110.64, 21.2);(110.64, 21.6);(110.64, 22.0);(111.05, 21.2);(111.05, 21.6);(111.05, 22.0);(111.45, 21.2);(111.45, 21.6);(111.45, 22.0)",True
59072,2015-05-16 00:00:00,3.9,SURF,True,EXTREME_TYPE1,150,9,9,"(111.86, 24.4);(111.86, 24.8);(112.27, 24.4);(112.27, 24.8);(112.27, 25.2);(112.68, 24.4);(112.68, 24.8);(112.68, 25.2);(113.09, 24.8)",True
59663,2015-05-16 17:00:00,51.7,SURF,True,EXTREME_TYPE1,154,11,11,"(111.45, 21.6);(111.45, 22.0);(111.86, 21.2);(111.86, 21.6);(111.86, 22.0);(111.86, 22.4);(112.27, 21.6);(112.27, 22.0);(112.27, 22.4);(112.68, 21.6);(112.68, 22.0)",True
59656,2015-05-17 07:00:00,38.7,SURF,True,EXTREME_TYPE1,116,11,10,"(110.23, 21.2);(110.23, 21.6);(110.64, 21.2);(110.64, 21.6);(110.64, 22.0);(111.05, 21.2);(111.05, 21.6);(111.05, 22.0);(111.45, 21.2);(111.45, 21.6)",True
59663,2015-05-17 08:00:00,59.0,SURF,True,EXTREME_TYPE1,151,11,11,"(111.45, 21.6);(111.45, 22.0);(111.86, 21.2);(111.86, 21.6);(111.86, 22.0);(111.86, 22.4);(112.27, 21.6);(112.27, 22.0);(112.27, 22.4);(112.68, 21.6);(112.68, 22.0)",True
59673,2015-05-17 13:00:00,70.0,SURF,True,EXTREME_TYPE1,26,8,8,"(112.27, 21.6);(112.27, 22.0);(112.68, 21.6);(112.68, 22.0);(112.68, 22.4);(113.09, 21.6);(113.09, 22.0);(113.5, 21.6)",True
59663,2015-05-18 09:00:00,61.2,SURF,True,EXTREME_TYPE1,153,11,11,"(111.45, 21.6);(111.45, 22.0);(111.86, 21.2);(111.86, 21.6);(111.86, 22.0);(111.86, 22.4);(112.27, 21.6);(112.27, 22.0);(112.27, 22.4);(112.68, 21.6);(112.68, 22.0)",True
59478,2015-05-18 10:00:00,11.6,SURF,True,EXTREME_TYPE1,436,12,12,"(112.27, 22.0);(112.27, 22.4);(112.68, 21.6);(112.68, 22.0);(112.68, 22.4);(112.68, 22.8);(113.09, 21.6);(113.09, 22.0);(113.09, 22.4);(113.09, 22.8);(113.5, 22.0);(113.5, 22.4)",True
59317,2015-05-20 00:00:00,58.7,SURF,True,EXTREME_TYPE1,166,9,9,"(115.95, 22.4);(115.95, 22.8);(115.95, 23.2);(115.95, 23.6);(116.36, 22.8);(116.36, 23.2);(116.36, 23.6);(116.77, 22.8);(116.77, 23.2)",True
59317,2015-05-20 01:00:00,66.5,SURF,True,EXTREME_TYPE1,163,9,9,"(115.95, 22.4);(115.95, 22.8);(115.95, 23.2);(115.95, 23.6);(116.36, 22.8);(116.36, 23.2);(116.36, 23.6);(116.77, 22.8);(116.77, 23.2)",True
59074,2015-05-20 03:00:00,10.3,SURF,True,EXTREME_TYPE1,131,9,9,"(111.86, 24.0);(111.86, 24.4);(111.86, 24.8);(112.27, 24.0);(112.27, 24.4);(112.27, 24.8);(112.27, 25.2);(112.68, 24.4);(112.68, 24.8)",True
59502,2015-05-20 06:00:00,79.7,SURF,True,EXTREME_TYPE1,198,12,12,"(115.14, 22.8);(115.14, 23.2);(115.55, 22.4);(115.55, 22.8);(115.55, 23.2);(115.55, 23.6);(115.95, 22.4);(115.95, 22.8);(115.95, 23.2);(115.95, 23.6);(116.36, 22.8);(116.36, 23.2)",True
59285,2015-05-20 10:00:00,62.7,SURF,True,EXTREME_TYPE1,236,10,10,"(113.09, 23.2);(113.09, 23.6);(113.09, 24.0);(113.5, 23.2);(113.5, 23.6);(113.5, 24.0);(113.91, 23.2);(113.91, 23.6);(113.91, 24.0);(114.32, 23.6)",True
59500,2015-05-20 10:00:00,64.6,SURF,True,EXTREME_TYPE1,205,12,12,"(114.73, 22.8);(114.73, 23.2);(115.14, 22.4);(115.14, 22.8);(115.14, 23.2);(115.14, 23.6);(115.55, 22.4);(115.55, 22.8);(115.55, 23.2);(115.55, 23.6);(115.95, 22.8);(115.95, 23.2)",True
59502,2015-05-20 10:00:00,20.6,SURF,True,EXTREME_TYPE1,197,12,12,"(115.14, 22.8);(115.14, 23.2);(115.55, 22.4);(115.55, 22.8);(115.55, 23.2);(115.55, 23.6);(115.95, 22.4);(115.95, 22.8);(115.95, 23.2);(115.95, 23.6);(116.36, 22.8);(116.36, 23.2)",True
59297,2015-05-20 11:00:00,79.9,SURF,True,EXTREME_TYPE1,157,10,10,"(113.5, 23.2);(113.91, 22.8);(113.91, 23.2);(113.91, 23.6);(114.32, 22.8);(114.32, 23.2);(114.32, 23.6);(114.73, 22.8);(114.73, 23.2);(114.73, 23.6)",True
59071,2015-05-20 13:00:00,34.7,SURF,True,EXTREME_TYPE1,88,8,8,"(111.86, 24.4);(111.86, 24.8);(112.27, 24.4);(112.27, 24.8);(112.27, 25.2);(112.68, 24.4);(112.68, 24.8);(112.68, 25.2)",True
59289,2015-05-20 13:00:00,80.1,SURF,True,EXTREME_TYPE1,363,12,12,"(113.09, 22.8);(113.09, 23.2);(113.5, 22.4);(113.5, 22.8);(113.5, 23.2);(113.5, 23.6);(113.91, 22.4);(113.91, 22.8);(113.91, 23.2);(113.91, 23.6);(114.32, 22.8);(114.32, 23.2)",True
59072,2015-05-20 14:00:00,25.8,SURF,True,EXTREME_TYPE1,154,9,9,"(111.86, 24.4);(111.86, 24.8);(112.27, 24.4);(112.27, 24.8);(112.27, 25.2);(112.68, 24.4);(112.68, 24.8);(112.68, 25.2);(113.09, 24.8)",True
59470,2015-05-20 18:00:00,41.8,SURF,True,EXTREME_TYPE1,503,10,10,"(111.45, 22.8);(111.86, 22.4);(111.86, 22.8);(111.86, 23.2);(112.27, 22.4);(112.27, 22.8);(112.27, 23.2);(112.68, 22.4);(112.68, 22.8);(112.68, 23.2)",True
59297,2015-05-25 19:00:00,65.4,SURF,True,EXTREME_TYPE1,159,10,10,"(113.5, 23.2);(113.91, 22.8);(113.91, 23.2);(113.91, 23.6);(114.32, 22.8);(114.32, 23.2);(114.32, 23.6);(114.73, 22.8);(114.73, 23.2);(114.73, 23.6)",True
59290,2015-05-26 06:00:00,33.7,SURF,True,EXTREME_TYPE1,140,11,11,"(113.5, 23.6);(113.91, 23.2);(113.91, 23.6);(113.91, 24.0);(113.91, 24.4);(114.32, 23.2);(114.32, 23.6);(114.32, 24.0);(114.32, 24.4);(114.73, 23.6);(114.73, 24.0)",True
59477,2015-05-26 15:00:00,1.1,SURF,True,EXTREME_TYPE1,515,10,10,"(111.86, 22.0);(111.86, 22.4);(111.86, 22.8);(112.27, 21.6);(112.27, 22.0);(112.27, 22.4);(112.27, 22.8);(112.68, 22.0);(112.68, 22.4);(112.68, 22.8)",True
59264,2015-05-26 17:00:00,15.9,SURF,True,EXTREME_TYPE1,85,9,9,"(111.05, 23.2);(111.45, 22.8);(111.45, 23.2);(111.45, 23.6);(111.45, 24.0);(111.86, 22.8);(111.86, 23.2);(111.86, 23.6);(111.86, 24.0)",True
59298,2015-05-31 14:00:00,40.4,SURF,True,EXTREME_TYPE1,164,11,11,"(113.91, 22.8);(113.91, 23.2);(113.91, 23.6);(114.32, 22.4);(114.32, 22.8);(114.32, 23.2);(114.32, 23.6);(114.73, 22.8);(114.73, 23.2);(114.73, 23.6);(115.14, 23.2)",True
59285,2015-06-01 15:00:00,34.9,SURF,True,EXTREME_TYPE1,234,10,10,"(113.09, 23.2);(113.09, 23.6);(113.09, 24.0);(113.5, 23.2);(113.5, 23.6);(113.5, 24.0);(113.91, 23.2);(113.91, 23.6);(113.91, 24.0);(114.32, 23.6)",True
59075,2015-06-02 17:00:00,23.9,SURF,True,EXTREME_TYPE1,152,12,12,"(111.86, 24.0);(111.86, 24.4);(112.27, 24.0);(112.27, 24.4);(112.27, 24.8);(112.68, 23.6);(112.68, 24.0);(112.68, 24.4);(112.68, 24.8);(113.09, 24.0);(113.09, 24.4);(113.09, 24.8)",True
59462,2015-06-06 13:00:00,13.2,SURF,True,EXTREME_TYPE1,289,11,11,"(111.05, 22.4);(111.05, 22.8);(111.05, 23.2);(111.45, 22.4);(111.45, 22.8);(111.45, 23.2);(111.86, 22.4);(111.86, 22.8);(111.86, 23.2);(112.27, 22.4);(112.27, 22.8)",True
59287,2015-06-11 15:00:00,21.2,SURF,True,EXTREME_TYPE1,362,9,9,"(113.09, 22.8);(113.09, 23.2);(113.09, 23.6);(113.5, 22.8);(113.5, 23.2);(113.5, 23.6);(113.91, 22.8);(113.91, 23.2);(113.91, 23.6)",True
59304,2015-06-11 20:00:00,4.7,SURF,True,EXTREME_TYPE1,164,9,9,"(114.73, 23.2);(114.73, 23.6);(114.73, 24.0);(115.14, 23.2);(115.14, 23.6);(115.14, 24.0);(115.55, 23.2);(115.55, 23.6);(115.55, 24.0)",True
59288,2015-06-12 15:00:00,32.7,SURF,True,EXTREME_TYPE1,469,10,10,"(112.27, 23.2);(112.68, 22.8);(112.68, 23.2);(112.68, 23.6);(113.09, 22.8);(113.09, 23.2);(113.09, 23.6);(113.5, 22.8);(113.5, 23.2);(113.5, 23.6)",True
59109,2015-06-12 16:00:00,5.8,SURF,True,EXTREME_TYPE1,146,12,12,"(115.14, 24.0);(115.14, 24.4);(115.55, 23.6);(115.55, 24.0);(115.55, 24.4);(115.55, 24.8);(115.95, 23.6);(115.95, 24.0);(115.95, 24.4);(115.95, 24.8);(116.36, 24.0);(116.36, 24.4)",True
59096,2015-06-12 18:00:00,26.2,SURF,True,EXTREME_TYPE1,71,12,12,"(113.91, 24.0);(113.91, 24.4);(113.91, 24.8);(114.32, 24.0);(114.32, 24.4);(114.32, 24.8);(114.73, 24.0);(114.73, 24.4);(114.73, 24.8);(115.14, 24.0);(115.14, 24.4);(115.14, 24.8)",True
59279,2015-06-22 13:00:00,10.1,SURF,True,EXTREME_TYPE1,474,12,12,"(112.27, 22.8);(112.27, 23.2);(112.27, 23.6);(112.68, 22.8);(112.68, 23.2);(112.68, 23.6);(113.09, 22.8);(113.09, 23.2);(113.09, 23.6);(113.5, 22.8);(113.5, 23.2);(113.5, 23.6)",True
59310,2015-06-23 07:00:00,7.3,SURF,True,EXTREME_TYPE1,180,12,12,"(115.55, 23.6);(115.55, 24.0);(115.95, 23.2);(115.95, 23.6);(115.95, 24.0);(115.95, 24.4);(116.36, 23.2);(116.36, 23.6);(116.36, 24.0);(116.36, 24.4);(116.77, 23.6);(116.77, 24.0)",True
59278,2015-06-23 15:00:00,26.1,SURF,True,EXTREME_TYPE1,641,12,12,"(111.86, 22.8);(111.86, 23.2);(112.27, 22.4);(112.27, 22.8);(112.27, 23.2);(112.27, 23.6);(112.68, 22.4);(112.68, 22.8);(112.68, 23.2);(112.68, 23.6);(113.09, 22.8);(113.09, 23.2)",True
59117,2015-06-24 06:00:00,2.5,SURF,True,EXTREME_TYPE1,100,12,12,"(115.55, 24.0);(115.55, 24.4);(115.55, 24.8);(115.95, 23.6);(115.95, 24.0);(115.95, 24.4);(115.95, 24.8);(116.36, 24.0);(116.36, 24.4);(116.36, 24.8);(116.77, 24.0);(116.77, 24.4)",True
59650,2015-07-05 05:00:00,40.8,SURF,True,EXTREME_TYPE1,145,11,11,"(109.82, 21.2);(109.82, 21.6);(109.82, 22.0);(110.23, 20.8);(110.23, 21.2);(110.23, 21.6);(110.23, 22.0);(110.64, 20.8);(110.64, 21.2);(110.64, 21.6);(110.64, 22.0)",True
59664,2015-07-05 08:00:00,76.1,SURF,True,EXTREME_TYPE1,159,10,10,"(110.23, 21.6);(110.64, 21.2);(110.64, 21.6);(110.64, 22.0);(111.05, 21.2);(111.05, 21.6);(111.05, 22.0);(111.45, 21.2);(111.45, 21.6);(111.45, 22.0)",True
59462,2015-07-05 18:00:00,4.4,SURF,True,EXTREME_TYPE1,298,11,11,"(111.05, 22.4);(111.05, 22.8);(111.05, 23.2);(111.45, 22.4);(111.45, 22.8);(111.45, 23.2);(111.86, 22.4);(111.86, 22.8);(111.86, 23.2);(112.27, 22.4);(112.27, 22.8)",True
59312,2015-07-09 11:00:00,13.2,SURF,True,EXTREME_TYPE1,96,10,10,"(115.95, 23.6);(116.36, 23.2);(116.36, 23.6);(116.36, 24.0);(116.77, 23.2);(116.77, 23.6);(116.77, 24.0);(117.18, 23.2);(117.18, 23.6);(117.18, 24.0)",True
59315,2015-07-09 12:00:00,11.4,SURF,True,EXTREME_TYPE1,103,10,10,"(115.95, 23.2);(115.95, 23.6);(115.95, 24.0);(116.36, 23.2);(116.36, 23.6);(116.36, 24.0);(116.77, 23.2);(116.77, 23.6);(116.77, 24.0);(117.18, 23.6)",True
59502,2015-07-09 14:00:00,51.6,SURF,True,EXTREME_TYPE1,186,12,12,"(115.14, 22.8);(115.14, 23.2);(115.55, 22.4);(115.55, 22.8);(115.55, 23.2);(115.55, 23.6);(115.95, 22.4);(115.95, 22.8);(115.95, 23.2);(115.95, 23.6);(116.36, 22.8);(116.36, 23.2)",True
59481,2015-07-10 20:00:00,3.7,SURF,True,EXTREME_TYPE1,595,12,12,"(112.68, 22.8);(112.68, 23.2);(113.09, 22.4);(113.09, 22.8);(113.09, 23.2);(113.09, 23.6);(113.5, 22.4);(113.5, 22.8);(113.5, 23.2);(113.5, 23.6);(113.91, 22.8);(113.91, 23.2)",True
59754,2015-07-14 14:00:00,73.8,SURF,True,FALSE,63,5,0,,True
59485,2015-07-16 16:00:00,60.7,SURF,True,EXTREME_TYPE1,566,12,11,"(112.68, 22.4);(112.68, 22.8);(113.09, 22.0);(113.09, 22.4);(113.09, 22.8);(113.5, 22.0);(113.5, 22.4);(113.5, 22.8);(113.91, 22.0);(113.91, 22.4);(113.91, 22.8)",True
57996,2015-07-17 19:00:00,53.2,SURF,True,EXTREME_TYPE1,35,10,10,"(113.5, 25.2);(113.91, 24.8);(113.91, 25.2);(113.91, 25.6);(114.32, 24.4);(114.32, 24.8);(114.32, 25.2);(114.32, 25.6);(114.73, 24.8);(114.73, 25.2)",True
59287,2015-07-17 22:00:00,90.4,SURF,True,EXTREME_TYPE1,359,9,9,"(113.09, 22.8);(113.09, 23.2);(113.09, 23.6);(113.5, 22.8);(113.5, 23.2);(113.5, 23.6);(113.91, 22.8);(113.91, 23.2);(113.91, 23.6)",True
59673,2015-07-20 19:00:00,29.2,SURF,True,EXTREME_TYPE1,26,8,8,"(112.27, 21.6);(112.27, 22.0);(112.68, 21.6);(112.68, 22.0);(112.68, 22.4);(113.09, 21.6);(113.09, 22.0);(113.5, 21.6)",True
59673,2015-07-21 03:00:00,62.2,SURF,True,EXTREME_TYPE1,25,8,8,"(112.27, 21.6);(112.27, 22.0);(112.68, 21.6);(112.68, 22.0);(112.68, 22.4);(113.09, 21.6);(113.09, 22.0);(113.5, 21.6)",True
59673,2015-07-21 04:00:00,61.2,SURF,True,EXTREME_TYPE1,25,8,8,"(112.27, 21.6);(112.27, 22.0);(112.68, 21.6);(112.68, 22.0);(112.68, 22.4);(113.09, 21.6);(113.09, 22.0);(113.5, 21.6)",True
59469,2015-07-21 12:00:00,2.5,SURF,True,EXTREME_TYPE1,229,11,11,"(111.05, 22.0);(111.45, 21.6);(111.45, 22.0);(111.45, 22.4);(111.86, 21.6);(111.86, 22.0);(111.86, 22.4);(111.86, 22.8);(112.27, 21.6);(112.27, 22.0);(112.27, 22.4)",True
59456,2015-07-21 13:00:00,47.9,SURF,True,EXTREME_TYPE1,151,10,10,"(110.23, 22.4);(110.64, 22.0);(110.64, 22.4);(110.64, 22.8);(111.05, 22.0);(111.05, 22.4);(111.05, 22.8);(111.45, 22.0);(111.45, 22.4);(111.45, 22.8)",True
59456,2015-07-21 14:00:00,72.6,SURF,True,EXTREME_TYPE1,150,10,10,"(110.23, 22.4);(110.64, 22.0);(110.64, 22.4);(110.64, 22.8);(111.05, 22.0);(111.05, 22.4);(111.05, 22.8);(111.45, 22.0);(111.45, 22.4);(111.45, 22.8)",True
59312,2015-07-22 16:00:00,3.1,SURF,True,EXTREME_TYPE1,96,10,10,"(115.95, 23.6);(116.36, 23.2);(116.36, 23.6);(116.36, 24.0);(116.77, 23.2);(116.77, 23.6);(116.77, 24.0);(117.18, 23.2);(117.18, 23.6);(117.18, 24.0)",True
59284,2015-07-22 17:00:00,21.3,SURF,True,EXTREME_TYPE1,360,12,12,"(112.68, 23.2);(112.68, 23.6);(113.09, 22.8);(113.09, 23.2);(113.09, 23.6);(113.09, 24.0);(113.5, 22.8);(113.5, 23.2);(113.5, 23.6);(113.5, 24.0);(113.91, 23.2);(113.91, 23.6)",True
59318,2015-07-23 04:00:00,16.7,SURF,True,EXTREME_TYPE1,104,12,12,"(115.95, 23.2);(115.95, 23.6);(116.36, 22.8);(116.36, 23.2);(116.36, 23.6);(116.36, 24.0);(116.77, 22.8);(116.77, 23.2);(116.77, 23.6);(116.77, 24.0);(117.18, 23.2);(117.18, 23.6)",True
59319,2015-07-23 11:00:00,60.4,SURF,True,EXTREME_TYPE1,96,11,9,"(116.36, 23.2);(116.36, 23.6);(116.77, 22.8);(116.77, 23.2);(116.77, 23.6);(116.77, 24.0);(117.18, 23.2);(117.18, 23.6);(117.18, 24.0)",True
59492,2015-07-23 12:00:00,50.8,SURF,True,EXTREME_TYPE1,142,11,10,"(114.32, 22.4);(114.32, 22.8);(114.32, 23.2);(114.32, 23.6);(114.73, 22.4);(114.73, 22.8);(114.73, 23.2);(114.73, 23.6);(115.14, 22.8);(115.14, 23.2)",True
59493,2015-07-24 13:00:00,9.3,SURF,True,EXTREME_TYPE1,218,13,13,"(113.5, 22.0);(113.5, 22.4);(113.5, 22.8);(113.91, 22.0);(113.91, 22.4);(113.91, 22.8);(113.91, 23.2);(114.32, 22.0);(114.32, 22.4);(114.32, 22.8);(114.32, 23.2);(114.73, 22.4);(114.73, 22.8)",True
59500,2015-08-09 19:00:00,22.5,SURF,True,EXTREME_TYPE1,209,12,12,"(114.73, 22.8);(114.73, 23.2);(115.14, 22.4);(115.14, 22.8);(115.14, 23.2);(115.14, 23.6);(115.55, 22.4);(115.55, 22.8);(115.55, 23.2);(115.55, 23.6);(115.95, 22.8);(115.95, 23.2)",True
59319,2015-08-11 00:00:00,8.8,SURF,True,EXTREME_TYPE1,96,11,11,"(115.95, 23.6);(116.36, 23.2);(116.36, 23.6);(116.36, 24.0);(116.77, 22.8);(116.77, 23.2);(116.77, 23.6);(116.77, 24.0);(117.18, 23.2);(117.18, 23.6);(117.18, 24.0)",True
59279,2015-08-12 21:00:00,92.3,SURF,True,EXTREME_TYPE1,480,12,12,"(112.27, 22.8);(112.27, 23.2);(112.27, 23.6);(112.68, 22.8);(112.68, 23.2);(112.68, 23.6);(113.09, 22.8);(113.09, 23.2);(113.09, 23.6);(113.5, 22.8);(113.5, 23.2);(113.5, 23.6)",True
59312,2015-08-13 13:00:00,54.9,SURF,True,EXTREME_TYPE1,95,10,10,"(115.95, 23.6);(116.36, 23.2);(116.36, 23.6);(116.36, 24.0);(116.77, 23.2);(116.77, 23.6);(116.77, 24.0);(117.18, 23.2);(117.18, 23.6);(117.18, 24.0)",True
59480,2015-08-14 13:00:00,53.9,SURF,True,EXTREME_TYPE1,565,10,10,"(112.68, 22.4);(112.68, 22.8);(112.68, 23.2);(113.09, 22.4);(113.09, 22.8);(113.09, 23.2);(113.5, 22.4);(113.5, 22.8);(113.5, 23.2);(113.91, 22.8)",True
59114,2015-08-14 17:00:00,64.3,SURF,True,EXTREME_TYPE1,51,10,10,"(115.55, 24.4);(115.55, 24.8);(115.95, 24.0);(115.95, 24.4);(115.95, 24.8);(116.36, 24.0);(116.36, 24.4);(116.36, 24.8);(116.77, 24.4);(116.77, 24.8)",True
59081,2015-08-14 19:00:00,6.9,SURF,True,EXTREME_TYPE1,115,12,12,"(112.68, 24.4);(112.68, 24.8);(112.68, 25.2);(113.09, 24.4);(113.09, 24.8);(113.09, 25.2);(113.5, 24.4);(113.5, 24.8);(113.5, 25.2);(113.91, 24.4);(113.91, 24.8);(113.91, 25.2)",True
59288,2015-08-14 19:00:00,5.0,SURF,True,EXTREME_TYPE1,481,10,10,"(112.27, 23.2);(112.68, 22.8);(112.68, 23.2);(112.68, 23.6);(113.09, 22.8);(113.09, 23.2);(113.09, 23.6);(113.5, 22.8);(113.5, 23.2);(113.5, 23.6)",True
59106,2015-08-19 17:00:00,50.8,SURF,True,EXTREME_TYPE1,86,10,10,"(115.14, 24.4);(115.14, 24.8);(115.55, 24.0);(115.55, 24.4);(115.55, 24.8);(115.95, 24.0);(115.95, 24.4);(115.95, 24.8);(116.36, 24.4);(116.36, 24.8)",True
59306,2015-08-27 19:00:00,55.4,SURF,True,EXTREME_TYPE1,252,12,9,"(115.14, 23.6);(115.55, 23.2);(115.55, 23.6);(115.55, 24.0);(115.95, 23.2);(115.95, 23.6);(115.95, 24.0);(116.36, 23.2);(116.36, 23.6)",True
59492,2015-08-30 14:00:00,92.3,SURF,True,EXTREME_TYPE1,142,11,8,"(114.32, 22.4);(114.32, 22.8);(114.32, 23.2);(114.73, 22.8);(114.73, 23.2);(115.14, 22.8);(115.14, 23.2);(115.14, 23.6)",True
59481,2015-08-30 15:00:00,5.6,SURF,True,EXTREME_TYPE1,599,12,12,"(112.68, 22.8);(112.68, 23.2);(113.09, 22.4);(113.09, 22.8);(113.09, 23.2);(113.09, 23.6);(113.5, 22.4);(113.5, 22.8);(113.5, 23.2);(113.5, 23.6);(113.91, 22.8);(113.91, 23.2)",True
59304,2015-08-30 16:00:00,60.9,SURF,True,EXTREME_TYPE1,167,9,7,"(114.73, 23.6);(115.14, 23.2);(115.14, 23.6);(115.14, 24.0);(115.55, 23.2);(115.55, 23.6);(115.55, 24.0)",True
59276,2015-09-01 15:00:00,21.3,SURF,True,EXTREME_TYPE1,456,10,10,"(112.27, 22.8);(112.27, 23.2);(112.27, 23.6);(112.68, 22.8);(112.68, 23.2);(112.68, 23.6);(112.68, 24.0);(113.09, 22.8);(113.09, 23.2);(113.09, 23.6)",True
59303,2015-09-01 16:00:00,6.0,SURF,True,EXTREME_TYPE1,242,10,10,"(115.14, 23.6);(115.14, 24.0);(115.55, 23.6);(115.55, 24.0);(115.55, 24.4);(115.95, 23.6);(115.95, 24.0);(115.95, 24.4);(116.36, 23.6);(116.36, 24.0)",True
59655,2015-09-01 19:00:00,21.6,SURF,True,EXTREME_TYPE1,170,10,10,"(110.23, 21.2);(110.23, 21.6);(110.23, 22.0);(110.64, 21.2);(110.64, 21.6);(110.64, 22.0);(110.64, 22.4);(111.05, 21.2);(111.05, 21.6);(111.05, 22.0)",True
59278,2015-09-03 04:00:00,10.4,SURF,True,EXTREME_TYPE1,641,12,12,"(111.86, 22.8);(111.86, 23.2);(112.27, 22.4);(112.27, 22.8);(112.27, 23.2);(112.27, 23.6);(112.68, 22.4);(112.68, 22.8);(112.68, 23.2);(112.68, 23.6);(113.09, 22.8);(113.09, 23.2)",True
59493,2015-09-21 05:00:00,60.8,SURF,True,EXTREME_TYPE1,218,13,13,"(113.5, 22.0);(113.5, 22.4);(113.5, 22.8);(113.91, 22.0);(113.91, 22.4);(113.91, 22.8);(113.91, 23.2);(114.32, 22.0);(114.32, 22.4);(114.32, 22.8);(114.32, 23.2);(114.73, 22.4);(114.73, 22.8)",True
59493,2015-10-04 09:00:00,32.2,SURF,True,EXTREME_TYPE1,217,13,13,"(113.5, 22.0);(113.5, 22.4);(113.5, 22.8);(113.91, 22.0);(113.91, 22.4);(113.91, 22.8);(113.91, 23.2);(114.32, 22.0);(114.32, 22.4);(114.32, 22.8);(114.32, 23.2);(114.73, 22.4);(114.73, 22.8)",True
59658,2015-10-04 14:00:00,81.2,SURF,True,EXTREME_TYPE1,78,10,10,"(109.82, 20.8);(109.82, 21.2);(109.82, 21.6);(110.23, 20.8);(110.23, 21.2);(110.23, 21.6);(110.64, 20.8);(110.64, 21.2);(110.64, 21.6);(111.05, 21.2)",True
59456,2015-10-05 02:00:00,26.9,SURF,True,EXTREME_TYPE1,150,10,10,"(110.23, 22.4);(110.64, 22.0);(110.64, 22.4);(110.64, 22.8);(111.05, 22.0);(111.05, 22.4);(111.05, 22.8);(111.45, 22.0);(111.45, 22.4);(111.45, 22.8)",True
59269,2015-10-05 04:00:00,9.3,SURF,True,EXTREME_TYPE1,204,9,9,"(111.45, 22.8);(111.45, 23.2);(111.45, 23.6);(111.86, 22.8);(111.86, 23.2);(111.86, 23.6);(112.27, 22.8);(112.27, 23.2);(112.27, 23.6)",True
59288,2015-10-05 09:00:00,60.2,SURF,True,EXTREME_TYPE1,483,10,10,"(112.27, 23.2);(112.68, 22.8);(112.68, 23.2);(112.68, 23.6);(113.09, 22.8);(113.09, 23.2);(113.09, 23.6);(113.5, 22.8);(113.5, 23.2);(113.5, 23.6)",True
59280,2015-10-05 13:00:00,59.2,SURF,True,EXTREME_TYPE1,225,10,10,"(112.68, 23.2);(112.68, 23.6);(112.68, 24.0);(113.09, 23.2);(113.09, 23.6);(113.09, 24.0);(113.09, 24.4);(113.5, 23.2);(113.5, 23.6);(113.5, 24.0)",True
59087,2015-10-05 14:00:00,1.5,SURF,True,EXTREME_TYPE1,163,10,10,"(113.09, 23.6);(113.09, 24.0);(113.09, 24.4);(113.5, 23.2);(113.5, 23.6);(113.5, 24.0);(113.5, 24.4);(113.91, 23.6);(113.91, 24.0);(113.91, 24.4)",True
59476,2015-10-06 12:00:00,15.4,SURF,True,EXTREME_TYPE1,712,11,11,"(112.27, 22.4);(112.68, 22.0);(112.68, 22.4);(112.68, 22.8);(113.09, 22.0);(113.09, 22.4);(113.09, 22.8);(113.09, 23.2);(113.5, 22.0);(113.5, 22.4);(113.5, 22.8)",True
59081,2015-10-06 16:00:00,1.2,SURF,True,EXTREME_TYPE1,112,12,12,"(112.68, 24.4);(112.68, 24.8);(112.68, 25.2);(113.09, 24.4);(113.09, 24.8);(113.09, 25.2);(113.5, 24.4);(113.5, 24.8);(113.5, 25.2);(113.91, 24.4);(113.91, 24.8);(113.91, 25.2)",True
59653,2015-10-06 16:00:00,64.3,SURF,True,EXTREME_TYPE1,153,11,11,"(110.23, 21.6);(110.23, 22.0);(110.64, 21.6);(110.64, 22.0);(110.64, 22.4);(111.05, 21.6);(111.05, 22.0);(111.05, 22.4);(111.45, 21.6);(111.45, 22.0);(111.45, 22.4)",True
59655,2015-10-06 16:00:00,60.6,SURF,True,EXTREME_TYPE1,164,10,9,"(110.23, 21.6);(110.23, 22.0);(110.64, 21.2);(110.64, 21.6);(110.64, 22.0);(110.64, 22.4);(111.05, 21.2);(111.05, 21.6);(111.05, 22.0)",True
59475,2015-10-07 02:00:00,22.1,SURF,True,EXTREME_TYPE1,661,9,9,"(112.27, 22.0);(112.27, 22.4);(112.27, 22.8);(112.68, 22.0);(112.68, 22.4);(112.68, 22.8);(113.09, 22.0);(113.09, 22.4);(113.09, 22.8)",True
59663,2015-10-07 04:00:00,31.9,SURF,True,EXTREME_TYPE1,157,11,11,"(111.45, 21.6);(111.45, 22.0);(111.86, 21.2);(111.86, 21.6);(111.86, 22.0);(111.86, 22.4);(112.27, 21.6);(112.27, 22.0);(112.27, 22.4);(112.68, 21.6);(112.68, 22.0)",True
59279,2015-10-07 14:00:00,10.1,SURF,True,EXTREME_TYPE1,486,12,12,"(112.27, 22.8);(112.27, 23.2);(112.27, 23.6);(112.68, 22.8);(112.68, 23.2);(112.68, 23.6);(113.09, 22.8);(113.09, 23.2);(113.09, 23.6);(113.5, 22.8);(113.5, 23.2);(113.5, 23.6)",True
59081,2015-11-01 07:00:00,4.4,SURF,True,EXTREME_TYPE1,113,12,12,"(112.68, 24.4);(112.68, 24.8);(112.68, 25.2);(113.09, 24.4);(113.09, 24.8);(113.09, 25.2);(113.5, 24.4);(113.5, 24.8);(113.5, 25.2);(113.91, 24.4);(113.91, 24.8);(113.91, 25.2)",True
G4507,2015-11-01 15:00:00,22.3,AWST,False,FALSE,38,12,0,,True
G4507,2015-11-01 17:00:00,191.2,AWST,False,FALSE,38,12,0,,True
59088,2015-11-10 07:00:00,2.8,SURF,True,EXTREME_TYPE1,167,12,12,"(112.68, 24.0);(112.68, 24.4);(113.09, 23.6);(113.09, 24.0);(113.09, 24.4);(113.09, 24.8);(113.5, 23.6);(113.5, 24.0);(113.5, 24.4);(113.5, 24.8);(113.91, 24.0);(113.91, 24.4)",True
59650,2015-11-13 00:00:00,59.7,SURF,True,EXTREME_TYPE1,143,11,8,"(109.82, 21.6);(109.82, 22.0);(110.23, 21.2);(110.23, 21.6);(110.23, 22.0);(110.64, 21.2);(110.64, 21.6);(110.64, 22.0)",True
59087,2015-11-13 09:00:00,6.0,SURF,True,EXTREME_TYPE1,166,10,10,"(113.09, 23.6);(113.09, 24.0);(113.09, 24.4);(113.5, 23.2);(113.5, 23.6);(113.5, 24.0);(113.5, 24.4);(113.91, 23.6);(113.91, 24.0);(113.91, 24.4)",True
59493,2015-11-13 16:00:00,3.1,SURF,True,EXTREME_TYPE1,219,13,13,"(113.5, 22.0);(113.5, 22.4);(113.5, 22.8);(113.91, 22.0);(113.91, 22.4);(113.91, 22.8);(113.91, 23.2);(114.32, 22.0);(114.32, 22.4);(114.32, 22.8);(114.32, 23.2);(114.73, 22.4);(114.73, 22.8)",True
59754,2015-11-14 05:00:00,53.7,SURF,True,EXTREME_TYPE1,67,5,5,"(109.82, 20.4);(109.82, 20.8);(110.23, 20.4);(110.23, 20.8);(110.64, 20.8)",True
57988,2015-11-21 11:00:00,1.2,SURF,True,EXTREME_TYPE1,60,11,11,"(112.68, 24.8);(112.68, 25.2);(113.09, 24.8);(113.09, 25.2);(113.09, 25.6);(113.5, 24.8);(113.5, 25.2);(113.5, 25.6);(113.91, 24.8);(113.91, 25.2);(113.91, 25.6)",True
59290,2015-12-03 11:00:00,1.3,SURF,True,EXTREME_TYPE1,143,11,11,"(113.5, 23.6);(113.91, 23.2);(113.91, 23.6);(113.91, 24.0);(113.91, 24.4);(114.32, 23.2);(114.32, 23.6);(114.32, 24.0);(114.32, 24.4);(114.73, 23.6);(114.73, 24.0)",True
59477,2015-12-05 12:00:00,10.5,SURF,True,EXTREME_TYPE1,541,10,10,"(111.86, 22.0);(111.86, 22.4);(111.86, 22.8);(112.27, 21.6);(112.27, 22.0);(112.27, 22.4);(112.27, 22.8);(112.68, 22.0);(112.68, 22.4);(112.68, 22.8)",True
59493,2015-12-05 14:00:00,1.7,SURF,True,EXTREME_TYPE1,220,13,13,"(113.5, 22.0);(113.5, 22.4);(113.5, 22.8);(113.91, 22.0);(113.91, 22.4);(113.91, 22.8);(113.91, 23.2);(114.32, 22.0);(114.32, 22.4);(114.32, 22.8);(114.32, 23.2);(114.73, 22.4);(114.73, 22.8)",True
59082,2015-12-09 04:00:00,1.6,SURF,True,EXTREME_TYPE1,123,12,12,"(113.09, 24.4);(113.09, 24.8);(113.09, 25.2);(113.5, 24.0);(113.5, 24.4);(113.5, 24.8);(113.5, 25.2);(113.91, 24.4);(113.91, 24.8);(113.91, 25.2);(114.32, 24.4);(114.32, 24.8)",True
57989,2015-12-13 10:00:00,1.1,SURF,True,EXTREME_TYPE1,66,12,12,"(113.09, 24.8);(113.09, 25.2);(113.5, 24.4);(113.5, 24.8);(113.5, 25.2);(113.5, 25.6);(113.91, 24.4);(113.91, 24.8);(113.91, 25.2);(113.91, 25.6);(114.32, 24.8);(114.32, 25.2)",True
59324,2016-01-03 14:00:00,1.5,SURF,True,EXTREME_TYPE1,31,10,10,"(116.36, 23.2);(116.36, 23.6);(116.77, 22.8);(116.77, 23.2);(116.77, 23.6);(116.77, 24.0);(117.18, 23.2);(117.18, 23.6);(117.18, 24.0);(117.59, 23.6)",True
59480,2016-01-05 10:00:00,13.6,SURF,True,EXTREME_TYPE1,569,10,10,"(112.68, 22.4);(112.68, 22.8);(112.68, 23.2);(113.09, 22.4);(113.09, 22.8);(113.09, 23.2);(113.5, 22.4);(113.5, 22.8);(113.5, 23.2);(113.91, 22.8)",True
59289,2016-01-05 14:00:00,17.7,SURF,True,EXTREME_TYPE1,365,12,12,"(113.09, 22.8);(113.09, 23.2);(113.5, 22.4);(113.5, 22.8);(113.5, 23.2);(113.5, 23.6);(113.91, 22.4);(113.91, 22.8);(113.91, 23.2);(113.91, 23.6);(114.32, 22.8);(114.32, 23.2)",True
59304,2016-01-05 17:00:00,5.4,SURF,True,EXTREME_TYPE1,170,9,9,"(114.73, 23.2);(114.73, 23.6);(114.73, 24.0);(115.14, 23.2);(115.14, 23.6);(115.14, 24.0);(115.55, 23.2);(115.55, 23.6);(115.55, 24.0)",True
59469,2016-01-22 10:00:00,16.5,SURF,True,FALSE,248,11,0,,True
59289,2016-01-26 19:00:00,1.5,SURF,True,EXTREME_TYPE1,366,12,12,"(113.09, 22.8);(113.09, 23.2);(113.5, 22.4);(113.5, 22.8);(113.5, 23.2);(113.5, 23.6);(113.91, 22.4);(113.91, 22.8);(113.91, 23.2);(113.91, 23.6);(114.32, 22.8);(114.32, 23.2)",True
59318,2016-01-27 12:00:00,1.1,SURF,True,EXTREME_TYPE1,108,12,12,"(115.95, 23.2);(115.95, 23.6);(116.36, 22.8);(116.36, 23.2);(116.36, 23.6);(116.36, 24.0);(116.77, 22.8);(116.77, 23.2);(116.77, 23.6);(116.77, 24.0);(117.18, 23.2);(117.18, 23.6)",True
59656,2016-01-28 04:00:00,32.8,SURF,True,EXTREME_TYPE1,119,11,11,"(110.23, 21.2);(110.23, 21.6);(110.64, 20.8);(110.64, 21.2);(110.64, 21.6);(110.64, 22.0);(111.05, 21.2);(111.05, 21.6);(111.05, 22.0);(111.45, 21.2);(111.45, 21.6)",True
59654,2016-01-28 11:00:00,13.5,SURF,True,EXTREME_TYPE1,149,10,10,"(109.82, 21.2);(109.82, 21.6);(109.82, 22.0);(110.23, 21.2);(110.23, 21.6);(110.23, 22.0);(110.64, 21.2);(110.64, 21.6);(110.64, 22.0);(111.05, 21.6)",True
59653,2016-01-28 12:00:00,18.2,SURF,True,EXTREME_TYPE1,165,11,11,"(110.23, 21.6);(110.23, 22.0);(110.64, 21.6);(110.64, 22.0);(110.64, 22.4);(111.05, 21.6);(111.05, 22.0);(111.05, 22.4);(111.45, 21.6);(111.45, 22.0);(111.45, 22.4)",True
59475,2016-01-28 21:00:00,7.1,SURF,True,EXTREME_TYPE1,682,9,9,"(112.27, 22.0);(112.27, 22.4);(112.27, 22.8);(112.68, 22.0);(112.68, 22.4);(112.68, 22.8);(113.09, 22.0);(113.09, 22.4);(113.09, 22.8)",True
59285,2016-01-28 22:00:00,8.5,SURF,True,EXTREME_TYPE1,238,10,10,"(113.09, 23.2);(113.09, 23.6);(113.09, 24.0);(113.5, 23.2);(113.5, 23.6);(113.5, 24.0);(113.91, 23.2);(113.91, 23.6);(113.91, 24.0);(114.32, 23.6)",True
59312,2016-02-01 11:00:00,3.1,SURF,True,EXTREME_TYPE1,97,10,10,"(115.95, 23.6);(116.36, 23.2);(116.36, 23.6);(116.36, 24.0);(116.77, 23.2);(116.77, 23.6);(116.77, 24.0);(117.18, 23.2);(117.18, 23.6);(117.18, 24.0)",True
59289,2016-03-09 12:00:00,10.7,SURF,True,EXTREME_TYPE1,363,12,12,"(113.09, 22.8);(113.09, 23.2);(113.5, 22.4);(113.5, 22.8);(113.5, 23.2);(113.5, 23.6);(113.91, 22.4);(113.91, 22.8);(113.91, 23.2);(113.91, 23.6);(114.32, 22.8);(114.32, 23.2)",True
59319,2016-03-13 04:00:00,1.3,SURF,True,EXTREME_TYPE1,98,11,11,"(115.95, 23.6);(116.36, 23.2);(116.36, 23.6);(116.36, 24.0);(116.77, 22.8);(116.77, 23.2);(116.77, 23.6);(116.77, 24.0);(117.18, 23.2);(117.18, 23.6);(117.18, 24.0)",True
59475,2016-03-19 18:00:00,6.0,SURF,True,EXTREME_TYPE1,672,9,9,"(112.27, 22.0);(112.27, 22.4);(112.27, 22.8);(112.68, 22.0);(112.68, 22.4);(112.68, 22.8);(113.09, 22.0);(113.09, 22.4);(113.09, 22.8)",True
59297,2016-03-21 04:00:00,22.7,SURF,True,EXTREME_TYPE1,157,10,10,"(113.5, 23.2);(113.91, 22.8);(113.91, 23.2);(113.91, 23.6);(114.32, 22.8);(114.32, 23.2);(114.32, 23.6);(114.73, 22.8);(114.73, 23.2);(114.73, 23.6)",True
59663,2016-03-21 17:00:00,6.1,SURF,True,EXTREME_TYPE1,181,11,11,"(111.45, 21.6);(111.45, 22.0);(111.86, 21.2);(111.86, 21.6);(111.86, 22.0);(111.86, 22.4);(112.27, 21.6);(112.27, 22.0);(112.27, 22.4);(112.68, 21.6);(112.68, 22.0)",True
59485,2016-03-24 07:00:00,4.7,SURF,True,EXTREME_TYPE1,560,12,12,"(112.68, 22.4);(112.68, 22.8);(113.09, 22.0);(113.09, 22.4);(113.09, 22.8);(113.5, 22.0);(113.5, 22.4);(113.5, 22.8);(113.5, 23.2);(113.91, 22.0);(113.91, 22.4);(113.91, 22.8)",True
59293,2016-04-04 12:00:00,5.0,SURF,True,EXTREME_TYPE1,110,11,11,"(114.32, 23.2);(114.32, 23.6);(114.32, 24.0);(114.73, 23.2);(114.73, 23.6);(114.73, 24.0);(114.73, 24.4);(115.14, 23.2);(115.14, 23.6);(115.14, 24.0);(115.14, 24.4)",True
59473,2016-04-10 09:00:00,17.2,SURF,True,EXTREME_TYPE1,678,10,10,"(112.27, 22.8);(112.68, 22.4);(112.68, 22.8);(112.68, 23.2);(113.09, 22.4);(113.09, 22.8);(113.09, 23.2);(113.5, 22.4);(113.5, 22.8);(113.5, 23.2)",True
59501,2016-04-10 11:00:00,53.0,SURF,True,EXTREME_TYPE1,213,12,12,"(114.73, 22.4);(114.73, 22.8);(114.73, 23.2);(115.14, 22.4);(115.14, 22.8);(115.14, 23.2);(115.55, 22.4);(115.55, 22.8);(115.55, 23.2);(115.95, 22.4);(115.95, 22.8);(115.95, 23.2)",True
59298,2016-04-10 15:00:00,3.0,SURF,True,EXTREME_TYPE1,169,11,11,"(113.91, 22.8);(113.91, 23.2);(113.91, 23.6);(114.32, 22.4);(114.32, 22.8);(114.32, 23.2);(114.32, 23.6);(114.73, 22.8);(114.73, 23.2);(114.73, 23.6);(115.14, 23.2)",True
59473,2016-04-13 06:00:00,18.0,SURF,True,EXTREME_TYPE1,682,10,10,"(112.27, 22.8);(112.68, 22.4);(112.68, 22.8);(112.68, 23.2);(113.09, 22.4);(113.09, 22.8);(113.09, 23.2);(113.5, 22.4);(113.5, 22.8);(113.5, 23.2)",True
59072,2016-04-14 08:00:00,16.0,SURF,True,EXTREME_TYPE1,154,9,9,"(111.86, 24.4);(111.86, 24.8);(112.27, 24.4);(112.27, 24.8);(112.27, 25.2);(112.68, 24.4);(112.68, 24.8);(112.68, 25.2);(113.09, 24.8)",True
59099,2016-04-15 10:00:00,50.7,SURF,True,EXTREME_TYPE1,88,10,10,"(114.32, 24.4);(114.32, 24.8);(114.73, 24.0);(114.73, 24.4);(114.73, 24.8);(115.14, 24.0);(115.14, 24.4);(115.14, 24.8);(115.55, 24.4);(115.55, 24.8)",True
59293,2016-04-15 11:00:00,20.1,SURF,True,EXTREME_TYPE1,109,11,11,"(114.32, 23.2);(114.32, 23.6);(114.32, 24.0);(114.73, 23.2);(114.73, 23.6);(114.73, 24.0);(114.73, 24.4);(115.14, 23.2);(115.14, 23.6);(115.14, 24.0);(115.14, 24.4)",True
59099,2016-04-18 01:00:00,5.7,SURF,True,EXTREME_TYPE1,91,10,10,"(114.32, 24.4);(114.32, 24.8);(114.73, 24.0);(114.73, 24.4);(114.73, 24.8);(115.14, 24.0);(115.14, 24.4);(115.14, 24.8);(115.55, 24.4);(115.55, 24.8)",True
59654,2016-04-20 12:00:00,18.6,SURF,True,EXTREME_TYPE1,150,10,10,"(109.82, 21.2);(109.82, 21.6);(109.82, 22.0);(110.23, 21.2);(110.23, 21.6);(110.23, 22.0);(110.64, 21.2);(110.64, 21.6);(110.64, 22.0);(111.05, 21.6)",True
59269,2016-04-20 13:00:00,6.5,SURF,True,EXTREME_TYPE1,202,9,9,"(111.45, 22.8);(111.45, 23.2);(111.45, 23.6);(111.86, 22.8);(111.86, 23.2);(111.86, 23.6);(112.27, 22.8);(112.27, 23.2);(112.27, 23.6)",True
59469,2016-04-20 15:00:00,54.4,SURF,True,EXTREME_TYPE1,245,11,11,"(111.05, 22.0);(111.45, 21.6);(111.45, 22.0);(111.45, 22.4);(111.86, 21.6);(111.86, 22.0);(111.86, 22.4);(111.86, 22.8);(112.27, 21.6);(112.27, 22.0);(112.27, 22.4)",True
59318,2016-04-23 19:00:00,53.9,SURF,True,EXTREME_TYPE1,107,12,12,"(115.95, 23.2);(115.95, 23.6);(116.36, 22.8);(116.36, 23.2);(116.36, 23.6);(116.36, 24.0);(116.77, 22.8);(116.77, 23.2);(116.77, 23.6);(116.77, 24.0);(117.18, 23.2);(117.18, 23.6)",True
59106,2016-04-25 21:00:00,18.8,SURF,True,EXTREME_TYPE1,89,10,10,"(115.14, 24.4);(115.14, 24.8);(115.55, 24.0);(115.55, 24.4);(115.55, 24.8);(115.95, 24.0);(115.95, 24.4);(115.95, 24.8);(116.36, 24.4);(116.36, 24.8)",True
59270,2016-04-26 15:00:00,26.5,SURF,True,EXTREME_TYPE1,149,10,10,"(111.45, 24.0);(111.86, 23.6);(111.86, 24.0);(111.86, 24.4);(112.27, 23.6);(112.27, 24.0);(112.27, 24.4);(112.68, 23.6);(112.68, 24.0);(112.68, 24.4)",True
59099,2016-04-26 18:00:00,11.4,SURF,True,EXTREME_TYPE1,89,10,10,"(114.32, 24.4);(114.32, 24.8);(114.73, 24.0);(114.73, 24.4);(114.73, 24.8);(115.14, 24.0);(115.14, 24.4);(115.14, 24.8);(115.55, 24.4);(115.55, 24.8)",True
59107,2016-04-26 20:00:00,3.0,SURF,True,EXTREME_TYPE1,159,12,12,"(114.73, 23.6);(114.73, 24.0);(114.73, 24.4);(115.14, 23.6);(115.14, 24.0);(115.14, 24.4);(115.14, 24.8);(115.55, 23.6);(115.55, 24.0);(115.55, 24.4);(115.95, 24.0);(115.95, 24.4)",True
59478,2016-04-27 22:00:00,21.4,SURF,True,EXTREME_TYPE1,460,12,9,"(112.27, 22.0);(112.27, 22.4);(112.68, 21.6);(112.68, 22.0);(112.68, 22.4);(112.68, 22.8);(113.09, 22.0);(113.09, 22.4);(113.09, 22.8)",True
59107,2016-05-01 01:00:00,13.4,SURF,True,EXTREME_TYPE1,148,12,12,"(114.73, 23.6);(114.73, 24.0);(114.73, 24.4);(115.14, 23.6);(115.14, 24.0);(115.14, 24.4);(115.14, 24.8);(115.55, 23.6);(115.55, 24.0);(115.55, 24.4);(115.95, 24.0);(115.95, 24.4)",True
59658,2016-05-03 16:00:00,46.8,SURF,True,EXTREME_TYPE1,96,10,9,"(109.82, 20.8);(109.82, 21.2);(109.82, 21.6);(110.23, 20.8);(110.23, 21.2);(110.23, 21.6);(110.64, 20.8);(110.64, 21.2);(110.64, 21.6)",True
59487,2016-05-03 19:00:00,56.0,SURF,True,EXTREME_TYPE1,359,12,12,"(112.68, 22.0);(112.68, 22.4);(113.09, 21.6);(113.09, 22.0);(113.09, 22.4);(113.09, 22.8);(113.5, 21.6);(113.5, 22.0);(113.5, 22.4);(113.5, 22.8);(113.91, 22.0);(113.91, 22.4)",True
59280,2016-05-04 22:00:00,39.4,SURF,True,EXTREME_TYPE1,234,10,10,"(112.68, 23.2);(112.68, 23.6);(112.68, 24.0);(113.09, 23.2);(113.09, 23.6);(113.09, 24.0);(113.09, 24.4);(113.5, 23.2);(113.5, 23.6);(113.5, 24.0)",True
59094,2016-05-06 17:00:00,15.9,SURF,True,EXTREME_TYPE1,88,12,12,"(113.5, 24.0);(113.5, 24.4);(113.5, 24.8);(113.91, 24.0);(113.91, 24.4);(113.91, 24.8);(114.32, 24.0);(114.32, 24.4);(114.32, 24.8);(114.73, 24.0);(114.73, 24.4);(114.73, 24.8)",True
59298,2016-05-06 21:00:00,8.8,SURF,True,EXTREME_TYPE1,171,11,11,"(113.91, 22.8);(113.91, 23.2);(113.91, 23.6);(114.32, 22.4);(114.32, 22.8);(114.32, 23.2);(114.32, 23.6);(114.73, 22.8);(114.73, 23.2);(114.73, 23.6);(115.14, 23.2)",True
59493,2016-05-10 07:00:00,57.8,SURF,True,EXTREME_TYPE1,219,13,13,"(113.5, 22.0);(113.5, 22.4);(113.5, 22.8);(113.91, 22.0);(113.91, 22.4);(113.91, 22.8);(113.91, 23.2);(114.32, 22.0);(114.32, 22.4);(114.32, 22.8);(114.32, 23.2);(114.73, 22.4);(114.73, 22.8)",True
59294,2016-05-10 09:00:00,5.2,SURF,True,EXTREME_TYPE1,239,11,11,"(113.09, 23.2);(113.5, 22.8);(113.5, 23.2);(113.5, 23.6);(113.91, 22.8);(113.91, 23.2);(113.91, 23.6);(113.91, 24.0);(114.32, 22.8);(114.32, 23.2);(114.32, 23.6)",True
59289,2016-05-10 15:00:00,4.9,SURF,True,EXTREME_TYPE1,361,12,12,"(113.09, 22.8);(113.09, 23.2);(113.5, 22.4);(113.5, 22.8);(113.5, 23.2);(113.5, 23.6);(113.91, 22.4);(113.91, 22.8);(113.91, 23.2);(113.91, 23.6);(114.32, 22.8);(114.32, 23.2)",True
G6551,2016-05-11 01:00:00,4.1,AWST,False,FALSE,687,11,0,,True
G6551,2016-05-11 09:00:00,2.6,AWST,False,FALSE,686,11,0,,True
G6551,2016-05-11 15:00:00,12.7,AWST,False,FALSE,686,11,0,,True
G6551,2016-05-11 16:00:00,7.1,AWST,False,FALSE,686,11,0,,True
59074,2016-05-14 09:00:00,4.3,SURF,True,EXTREME_TYPE1,136,9,9,"(111.86, 24.0);(111.86, 24.4);(111.86, 24.8);(112.27, 24.0);(112.27, 24.4);(112.27, 24.8);(112.27, 25.2);(112.68, 24.4);(112.68, 24.8)",True
59288,2016-05-15 18:00:00,31.2,SURF,True,EXTREME_TYPE1,486,10,10,"(112.27, 23.2);(112.68, 22.8);(112.68, 23.2);(112.68, 23.6);(113.09, 22.8);(113.09, 23.2);(113.09, 23.6);(113.5, 22.8);(113.5, 23.2);(113.5, 23.6)",True
59107,2016-05-15 20:00:00,1.6,SURF,True,EXTREME_TYPE1,157,12,12,"(114.73, 23.6);(114.73, 24.0);(114.73, 24.4);(115.14, 23.6);(115.14, 24.0);(115.14, 24.4);(115.14, 24.8);(115.55, 23.6);(115.55, 24.0);(115.55, 24.4);(115.95, 24.0);(115.95, 24.4)",True
59673,2016-05-19 10:00:00,13.0,SURF,True,EXTREME_TYPE1,29,8,4,"(112.27, 21.6);(112.27, 22.0);(112.68, 21.6);(112.68, 22.0)",True
59663,2016-05-20 17:00:00,53.5,SURF,True,EXTREME_TYPE1,187,11,11,"(111.45, 21.6);(111.45, 22.0);(111.86, 21.2);(111.86, 21.6);(111.86, 22.0);(111.86, 22.4);(112.27, 21.6);(112.27, 22.0);(112.27, 22.4);(112.68, 21.6);(112.68, 22.0)",True
59500,2016-05-21 15:00:00,21.6,SURF,True,EXTREME_TYPE1,216,12,12,"(114.73, 22.8);(114.73, 23.2);(115.14, 22.4);(115.14, 22.8);(115.14, 23.2);(115.14, 23.6);(115.55, 22.4);(115.55, 22.8);(115.55, 23.2);(115.55, 23.6);(115.95, 22.8);(115.95, 23.2)",True
G1222,2016-05-22 22:00:00,29.8,AWST,False,FALSE,364,9,0,,True
G1222,2016-05-23 00:00:00,35.3,AWST,False,FALSE,364,9,0,,True
G1222,2016-05-23 01:00:00,194.1,AWST,False,FALSE,364,9,0,,True
G1222,2016-05-23 03:00:00,123.3,AWST,False,FALSE,365,9,0,,True
G1222,2016-05-23 09:00:00,2.3,AWST,False,FALSE,340,9,0,,True
59116,2016-05-23 22:00:00,11.4,SURF,True,FALSE,50,9,0,,True
59289,2016-05-28 06:00:00,40.3,SURF,True,EXTREME_TYPE1,371,12,12,"(113.09, 22.8);(113.09, 23.2);(113.5, 22.4);(113.5, 22.8);(113.5, 23.2);(113.5, 23.6);(113.91, 22.4);(113.91, 22.8);(113.91, 23.2);(113.91, 23.6);(114.32, 22.8);(114.32, 23.2)",True
59276,2016-06-04 13:00:00,2.3,SURF,True,EXTREME_TYPE1,468,10,10,"(112.27, 22.8);(112.27, 23.2);(112.27, 23.6);(112.68, 22.8);(112.68, 23.2);(112.68, 23.6);(112.68, 24.0);(113.09, 22.8);(113.09, 23.2);(113.09, 23.6)",True
59312,2016-06-06 04:00:00,52.4,SURF,True,EXTREME_TYPE1,97,10,10,"(115.95, 23.6);(116.36, 23.2);(116.36, 23.6);(116.36, 24.0);(116.77, 23.2);(116.77, 23.6);(116.77, 24.0);(117.18, 23.2);(117.18, 23.6);(117.18, 24.0)",True
59487,2016-06-07 16:00:00,36.0,SURF,True,EXTREME_TYPE1,357,12,12,"(112.68, 22.0);(112.68, 22.4);(113.09, 21.6);(113.09, 22.0);(113.09, 22.4);(113.09, 22.8);(113.5, 21.6);(113.5, 22.0);(113.5, 22.4);(113.5, 22.8);(113.91, 22.0);(113.91, 22.4)",True
59658,2016-06-07 16:00:00,33.8,SURF,True,EXTREME_TYPE1,88,10,10,"(109.82, 20.8);(109.82, 21.2);(109.82, 21.6);(110.23, 20.8);(110.23, 21.2);(110.23, 21.6);(110.64, 20.8);(110.64, 21.2);(110.64, 21.6);(111.05, 21.2)",True
59480,2016-06-07 17:00:00,54.0,SURF,True,EXTREME_TYPE1,564,10,9,"(112.68, 22.8);(112.68, 23.2);(113.09, 22.4);(113.09, 22.8);(113.09, 23.2);(113.5, 22.4);(113.5, 22.8);(113.5, 23.2);(113.91, 22.8)",True
59456,2016-06-07 20:00:00,50.7,SURF,True,EXTREME_TYPE1,136,10,7,"(110.64, 22.4);(111.05, 22.0);(111.05, 22.4);(111.05, 22.8);(111.45, 22.0);(111.45, 22.4);(111.45, 22.8)",True
59287,2016-06-08 06:00:00,51.5,SURF,True,EXTREME_TYPE1,343,9,9,"(113.09, 22.8);(113.09, 23.2);(113.09, 23.6);(113.5, 22.8);(113.5, 23.2);(113.5, 23.6);(113.91, 22.8);(113.91, 23.2);(113.91, 23.6)",True
59297,2016-06-08 09:00:00,5.1,SURF,True,EXTREME_TYPE1,153,10,10,"(113.5, 23.2);(113.91, 22.8);(113.91, 23.2);(113.91, 23.6);(114.32, 22.8);(114.32, 23.2);(114.32, 23.6);(114.73, 22.8);(114.73, 23.2);(114.73, 23.6)",True
59315,2016-06-08 15:00:00,70.2,SURF,True,EXTREME_TYPE1,107,10,10,"(115.95, 23.2);(115.95, 23.6);(115.95, 24.0);(116.36, 23.2);(116.36, 23.6);(116.36, 24.0);(116.77, 23.2);(116.77, 23.6);(116.77, 24.0);(117.18, 23.6)",True
59500,2016-06-08 20:00:00,12.5,SURF,True,EXTREME_TYPE1,213,12,12,"(114.73, 22.8);(114.73, 23.2);(115.14, 22.4);(115.14, 22.8);(115.14, 23.2);(115.14, 23.6);(115.55, 22.4);(115.55, 22.8);(115.55, 23.2);(115.55, 23.6);(115.95, 22.8);(115.95, 23.2)",True
59500,2016-06-08 21:00:00,53.0,SURF,True,EXTREME_TYPE1,213,12,12,"(114.73, 22.8);(114.73, 23.2);(115.14, 22.4);(115.14, 22.8);(115.14, 23.2);(115.14, 23.6);(115.55, 22.4);(115.55, 22.8);(115.55, 23.2);(115.55, 23.6);(115.95, 22.8);(115.95, 23.2)",True
59290,2016-06-09 03:00:00,50.9,SURF,True,EXTREME_TYPE1,141,11,11,"(113.5, 23.6);(113.91, 23.2);(113.91, 23.6);(113.91, 24.0);(113.91, 24.4);(114.32, 23.2);(114.32, 23.6);(114.32, 24.0);(114.32, 24.4);(114.73, 23.6);(114.73, 24.0)",True
59500,2016-06-11 01:00:00,7.0,SURF,True,EXTREME_TYPE1,217,12,12,"(114.73, 22.8);(114.73, 23.2);(115.14, 22.4);(115.14, 22.8);(115.14, 23.2);(115.14, 23.6);(115.55, 22.4);(115.55, 22.8);(115.55, 23.2);(115.55, 23.6);(115.95, 22.8);(115.95, 23.2)",True
59501,2016-06-12 02:00:00,23.1,SURF,True,EXTREME_TYPE1,214,12,12,"(114.73, 22.4);(114.73, 22.8);(114.73, 23.2);(115.14, 22.4);(115.14, 22.8);(115.14, 23.2);(115.55, 22.4);(115.55, 22.8);(115.55, 23.2);(115.95, 22.4);(115.95, 22.8);(115.95, 23.2)",True
59287,2016-06-13 03:00:00,22.6,SURF,True,EXTREME_TYPE1,365,9,9,"(113.09, 22.8);(113.09, 23.2);(113.09, 23.6);(113.5, 22.8);(113.5, 23.2);(113.5, 23.6);(113.91, 22.8);(113.91, 23.2);(113.91, 23.6)",True
59502,2016-06-13 06:00:00,40.0,SURF,True,EXTREME_TYPE1,205,12,12,"(115.14, 22.8);(115.14, 23.2);(115.55, 22.4);(115.55, 22.8);(115.55, 23.2);(115.55, 23.6);(115.95, 22.4);(115.95, 22.8);(115.95, 23.2);(115.95, 23.6);(116.36, 22.8);(116.36, 23.2)",True
59493,2016-06-17 07:00:00,11.7,SURF,True,EXTREME_TYPE1,223,13,13,"(113.5, 22.0);(113.5, 22.4);(113.5, 22.8);(113.91, 22.0);(113.91, 22.4);(113.91, 22.8);(113.91, 23.2);(114.32, 22.0);(114.32, 22.4);(114.32, 22.8);(114.32, 23.2);(114.73, 22.4);(114.73, 22.8)",True
59269,2016-06-17 17:00:00,5.5,SURF,True,EXTREME_TYPE1,200,9,9,"(111.45, 22.8);(111.45, 23.2);(111.45, 23.6);(111.86, 22.8);(111.86, 23.2);(111.86, 23.6);(112.27, 22.8);(112.27, 23.2);(112.27, 23.6)",True
59487,2016-06-28 08:00:00,29.7,SURF,True,EXTREME_TYPE1,363,12,12,"(112.68, 22.0);(112.68, 22.4);(113.09, 21.6);(113.09, 22.0);(113.09, 22.4);(113.09, 22.8);(113.5, 21.6);(113.5, 22.0);(113.5, 22.4);(113.5, 22.8);(113.91, 22.0);(113.91, 22.4)",True
59653,2016-06-30 21:00:00,12.3,SURF,True,EXTREME_TYPE1,158,11,11,"(110.23, 21.6);(110.23, 22.0);(110.64, 21.6);(110.64, 22.0);(110.64, 22.4);(111.05, 21.6);(111.05, 22.0);(111.05, 22.4);(111.45, 21.6);(111.45, 22.0);(111.45, 22.4)",True
59477,2016-07-01 11:00:00,21.7,SURF,True,EXTREME_TYPE1,567,10,10,"(111.86, 22.0);(111.86, 22.4);(111.86, 22.8);(112.27, 21.6);(112.27, 22.0);(112.27, 22.4);(112.27, 22.8);(112.68, 22.0);(112.68, 22.4);(112.68, 22.8)",True
59654,2016-07-01 18:00:00,23.3,SURF,True,EXTREME_TYPE1,148,10,10,"(109.82, 21.2);(109.82, 21.6);(109.82, 22.0);(110.23, 21.2);(110.23, 21.6);(110.23, 22.0);(110.64, 21.2);(110.64, 21.6);(110.64, 22.0);(111.05, 21.6)",True
59485,2016-07-04 21:00:00,1.0,SURF,True,EXTREME_TYPE1,584,12,12,"(112.68, 22.4);(112.68, 22.8);(113.09, 22.0);(113.09, 22.4);(113.09, 22.8);(113.5, 22.0);(113.5, 22.4);(113.5, 22.8);(113.5, 23.2);(113.91, 22.0);(113.91, 22.4);(113.91, 22.8)",True
59654,2016-07-05 11:00:00,54.5,SURF,True,EXTREME_TYPE1,147,10,10,"(109.82, 21.2);(109.82, 21.6);(109.82, 22.0);(110.23, 21.2);(110.23, 21.6);(110.23, 22.0);(110.64, 21.2);(110.64, 21.6);(110.64, 22.0);(111.05, 21.6)",True
59074,2016-07-10 16:00:00,18.1,SURF,True,EXTREME_TYPE1,137,9,9,"(111.86, 24.0);(111.86, 24.4);(111.86, 24.8);(112.27, 24.0);(112.27, 24.4);(112.27, 24.8);(112.27, 25.2);(112.68, 24.4);(112.68, 24.8)",True
59487,2016-07-11 17:00:00,55.8,SURF,True,EXTREME_TYPE1,363,12,10,"(112.68, 22.0);(112.68, 22.4);(113.09, 21.6);(113.09, 22.0);(113.09, 22.4);(113.09, 22.8);(113.5, 21.6);(113.5, 22.0);(113.5, 22.4);(113.5, 22.8)",True
59475,2016-07-13 06:00:00,28.1,SURF,True,EXTREME_TYPE1,696,9,9,"(112.27, 22.0);(112.27, 22.4);(112.27, 22.8);(112.68, 22.0);(112.68, 22.4);(112.68, 22.8);(113.09, 22.0);(113.09, 22.4);(113.09, 22.8)",True
59480,2016-07-14 14:00:00,11.9,SURF,True,EXTREME_TYPE1,579,10,10,"(112.68, 22.4);(112.68, 22.8);(112.68, 23.2);(113.09, 22.4);(113.09, 22.8);(113.09, 23.2);(113.5, 22.4);(113.5, 22.8);(113.5, 23.2);(113.91, 22.8)",True
59278,2016-07-30 19:00:00,23.9,SURF,True,EXTREME_TYPE1,670,12,12,"(111.86, 22.8);(111.86, 23.2);(112.27, 22.4);(112.27, 22.8);(112.27, 23.2);(112.27, 23.6);(112.68, 22.4);(112.68, 22.8);(112.68, 23.2);(112.68, 23.6);(113.09, 22.8);(113.09, 23.2)",True
59478,2016-08-01 20:00:00,26.1,SURF,True,EXTREME_TYPE1,472,12,12,"(112.27, 22.0);(112.27, 22.4);(112.68, 21.6);(112.68, 22.0);(112.68, 22.4);(112.68, 22.8);(113.09, 21.6);(113.09, 22.0);(113.09, 22.4);(113.09, 22.8);(113.5, 22.0);(113.5, 22.4)",True
59278,2016-08-02 05:00:00,1.6,SURF,True,EXTREME_TYPE1,675,12,12,"(111.86, 22.8);(111.86, 23.2);(112.27, 22.4);(112.27, 22.8);(112.27, 23.2);(112.27, 23.6);(112.68, 22.4);(112.68, 22.8);(112.68, 23.2);(112.68, 23.6);(113.09, 22.8);(113.09, 23.2)",True
59289,2016-08-02 07:00:00,21.4,SURF,True,EXTREME_TYPE1,358,12,12,"(113.09, 22.8);(113.09, 23.2);(113.5, 22.4);(113.5, 22.8);(113.5, 23.2);(113.5, 23.6);(113.91, 22.4);(113.91, 22.8);(113.91, 23.2);(113.91, 23.6);(114.32, 22.8);(114.32, 23.2)",True
59476,2016-08-02 07:00:00,21.7,SURF,True,EXTREME_TYPE1,748,11,11,"(112.27, 22.4);(112.68, 22.0);(112.68, 22.4);(112.68, 22.8);(113.09, 22.0);(113.09, 22.4);(113.09, 22.8);(113.09, 23.2);(113.5, 22.0);(113.5, 22.4);(113.5, 22.8)",True
59750,2016-08-02 08:00:00,64.7,SURF,True,EXTREME_TYPE1,118,11,11,"(109.41, 21.2);(109.82, 20.4);(109.82, 20.8);(109.82, 21.2);(109.82, 21.6);(110.23, 20.4);(110.23, 20.8);(110.23, 21.2);(110.23, 21.6);(110.64, 20.8);(110.64, 21.2)",True
59673,2016-08-02 10:00:00,103.0,SURF,True,EXTREME_TYPE1,31,8,8,"(112.27, 21.6);(112.27, 22.0);(112.68, 21.6);(112.68, 22.0);(112.68, 22.4);(113.09, 21.6);(113.09, 22.0);(113.5, 21.6)",True
59285,2016-08-02 11:00:00,2.7,SURF,True,EXTREME_TYPE1,229,10,10,"(113.09, 23.2);(113.09, 23.6);(113.09, 24.0);(113.5, 23.2);(113.5, 23.6);(113.5, 24.0);(113.91, 23.2);(113.91, 23.6);(113.91, 24.0);(114.32, 23.6)",True
59481,2016-08-03 00:00:00,58.4,SURF,True,EXTREME_TYPE1,613,12,12,"(112.68, 22.8);(112.68, 23.2);(113.09, 22.4);(113.09, 22.8);(113.09, 23.2);(113.09, 23.6);(113.5, 22.4);(113.5, 22.8);(113.5, 23.2);(113.5, 23.6);(113.91, 22.8);(113.91, 23.2)",True
59280,2016-08-03 04:00:00,16.4,SURF,True,EXTREME_TYPE1,235,10,10,"(112.68, 23.2);(112.68, 23.6);(112.68, 24.0);(113.09, 23.2);(113.09, 23.6);(113.09, 24.0);(113.09, 24.4);(113.5, 23.2);(113.5, 23.6);(113.5, 24.0)",True
59288,2016-08-03 13:00:00,83.9,SURF,True,EXTREME_TYPE1,506,10,10,"(112.27, 23.2);(112.68, 22.8);(112.68, 23.2);(112.68, 23.6);(113.09, 22.8);(113.09, 23.2);(113.09, 23.6);(113.5, 22.8);(113.5, 23.2);(113.5, 23.6)",True
59075,2016-08-04 17:00:00,16.7,SURF,True,EXTREME_TYPE1,160,12,12,"(111.86, 24.0);(111.86, 24.4);(112.27, 24.0);(112.27, 24.4);(112.27, 24.8);(112.68, 23.6);(112.68, 24.0);(112.68, 24.4);(112.68, 24.8);(113.09, 24.0);(113.09, 24.4);(113.09, 24.8)",True
59493,2016-08-10 07:00:00,35.2,SURF,True,EXTREME_TYPE1,216,13,13,"(113.5, 22.0);(113.5, 22.4);(113.5, 22.8);(113.91, 22.0);(113.91, 22.4);(113.91, 22.8);(113.91, 23.2);(114.32, 22.0);(114.32, 22.4);(114.32, 22.8);(114.32, 23.2);(114.73, 22.4);(114.73, 22.8)",True
59650,2016-08-11 13:00:00,101.4,SURF,True,EXTREME_TYPE1,133,11,10,"(109.82, 21.2);(109.82, 21.6);(110.23, 20.8);(110.23, 21.2);(110.23, 21.6);(110.23, 22.0);(110.64, 20.8);(110.64, 21.2);(110.64, 21.6);(110.64, 22.0)",True
59317,2016-08-11 16:00:00,24.1,SURF,True,EXTREME_TYPE1,151,9,9,"(115.95, 22.4);(115.95, 22.8);(115.95, 23.2);(115.95, 23.6);(116.36, 22.8);(116.36, 23.2);(116.36, 23.6);(116.77, 22.8);(116.77, 23.2)",True
59285,2016-08-12 10:00:00,65.5,SURF,True,EXTREME_TYPE1,232,10,10,"(113.09, 23.2);(113.09, 23.6);(113.09, 24.0);(113.5, 23.2);(113.5, 23.6);(113.5, 24.0);(113.91, 23.2);(113.91, 23.6);(113.91, 24.0);(114.32, 23.6)",True
59285,2016-08-12 11:00:00,39.3,SURF,True,EXTREME_TYPE1,228,10,10,"(113.09, 23.2);(113.09, 23.6);(113.09, 24.0);(113.5, 23.2);(113.5, 23.6);(113.5, 24.0);(113.91, 23.2);(113.91, 23.6);(113.91, 24.0);(114.32, 23.6)",True
59297,2016-08-12 12:00:00,52.8,SURF,True,EXTREME_TYPE1,155,10,9,"(113.5, 23.2);(113.91, 22.8);(113.91, 23.2);(113.91, 23.6);(114.32, 22.8);(114.32, 23.2);(114.32, 23.6);(114.73, 23.2);(114.73, 23.6)",True
59088,2016-08-12 17:00:00,50.7,SURF,True,EXTREME_TYPE1,162,12,12,"(112.68, 24.0);(112.68, 24.4);(113.09, 23.6);(113.09, 24.0);(113.09, 24.4);(113.09, 24.8);(113.5, 23.6);(113.5, 24.0);(113.5, 24.4);(113.5, 24.8);(113.91, 24.0);(113.91, 24.4)",True
59081,2016-08-13 23:00:00,22.4,SURF,True,EXTREME_TYPE1,109,12,12,"(112.68, 24.4);(112.68, 24.8);(112.68, 25.2);(113.09, 24.4);(113.09, 24.8);(113.09, 25.2);(113.5, 24.4);(113.5, 24.8);(113.5, 25.2);(113.91, 24.4);(113.91, 24.8);(113.91, 25.2)",True
59480,2016-08-14 01:00:00,13.0,SURF,True,EXTREME_TYPE1,567,10,10,"(112.68, 22.4);(112.68, 22.8);(112.68, 23.2);(113.09, 22.4);(113.09, 22.8);(113.09, 23.2);(113.5, 22.4);(113.5, 22.8);(113.5, 23.2);(113.91, 22.8)",True
59471,2016-08-14 12:00:00,58.4,SURF,True,EXTREME_TYPE1,482,12,12,"(111.45, 22.8);(111.45, 23.2);(111.86, 22.4);(111.86, 22.8);(111.86, 23.2);(111.86, 23.6);(112.27, 22.4);(112.27, 22.8);(112.27, 23.2);(112.27, 23.6);(112.68, 22.8);(112.68, 23.2)",True
59650,2016-08-14 17:00:00,61.6,SURF,True,EXTREME_TYPE1,133,11,11,"(109.82, 21.2);(109.82, 21.6);(109.82, 22.0);(110.23, 20.8);(110.23, 21.2);(110.23, 21.6);(110.23, 22.0);(110.64, 20.8);(110.64, 21.2);(110.64, 21.6);(110.64, 22.0)",True
59673,2016-08-16 04:00:00,15.2,SURF,True,EXTREME_TYPE1,31,8,8,"(112.27, 21.6);(112.27, 22.0);(112.68, 21.6);(112.68, 22.0);(112.68, 22.4);(113.09, 21.6);(113.09, 22.0);(113.5, 21.6)",True
59488,2016-08-18 02:00:00,1.9,SURF,True,EXTREME_TYPE1,220,11,11,"(113.09, 22.0);(113.09, 22.4);(113.09, 22.8);(113.5, 21.6);(113.5, 22.0);(113.5, 22.4);(113.5, 22.8);(113.91, 22.0);(113.91, 22.4);(113.91, 22.8);(114.32, 22.4)",True
59475,2016-08-19 01:00:00,1.9,SURF,True,EXTREME_TYPE1,649,9,9,"(112.27, 22.0);(112.27, 22.4);(112.27, 22.8);(112.68, 22.0);(112.68, 22.4);(112.68, 22.8);(113.09, 22.0);(113.09, 22.4);(113.09, 22.8)",True
59663,2016-08-21 14:00:00,6.5,SURF,True,EXTREME_TYPE1,166,11,11,"(111.45, 21.6);(111.45, 22.0);(111.86, 21.2);(111.86, 21.6);(111.86, 22.0);(111.86, 22.4);(112.27, 21.6);(112.27, 22.0);(112.27, 22.4);(112.68, 21.6);(112.68, 22.0)",True
59287,2016-08-26 17:00:00,71.6,SURF,True,EXTREME_TYPE1,347,9,9,"(113.09, 22.8);(113.09, 23.2);(113.09, 23.6);(113.5, 22.8);(113.5, 23.2);(113.5, 23.6);(113.91, 22.8);(113.91, 23.2);(113.91, 23.6)",True
59114,2016-08-26 18:00:00,21.8,SURF,True,EXTREME_TYPE1,51,10,10,"(115.55, 24.4);(115.55, 24.8);(115.95, 24.0);(115.95, 24.4);(115.95, 24.8);(116.36, 24.0);(116.36, 24.4);(116.36, 24.8);(116.77, 24.4);(116.77, 24.8)",True
59289,2016-08-26 18:00:00,31.2,SURF,True,EXTREME_TYPE1,362,12,12,"(113.09, 22.8);(113.09, 23.2);(113.5, 22.4);(113.5, 22.8);(113.5, 23.2);(113.5, 23.6);(113.91, 22.4);(113.91, 22.8);(113.91, 23.2);(113.91, 23.6);(114.32, 22.8);(114.32, 23.2)",True
59485,2016-08-26 19:00:00,57.4,SURF,True,EXTREME_TYPE1,559,12,12,"(112.68, 22.4);(112.68, 22.8);(113.09, 22.0);(113.09, 22.4);(113.09, 22.8);(113.5, 22.0);(113.5, 22.4);(113.5, 22.8);(113.5, 23.2);(113.91, 22.0);(113.91, 22.4);(113.91, 22.8)",True
59090,2016-08-26 21:00:00,3.7,SURF,True,EXTREME_TYPE1,35,12,12,"(113.5, 24.8);(113.5, 25.2);(113.91, 24.4);(113.91, 24.8);(113.91, 25.2);(113.91, 25.6);(114.32, 24.4);(114.32, 24.8);(114.32, 25.2);(114.32, 25.6);(114.73, 24.8);(114.73, 25.2)",True
59750,2016-08-27 01:00:00,50.7,SURF,True,EXTREME_TYPE1,114,11,11,"(109.41, 21.2);(109.82, 20.4);(109.82, 20.8);(109.82, 21.2);(109.82, 21.6);(110.23, 20.4);(110.23, 20.8);(110.23, 21.2);(110.23, 21.6);(110.64, 20.8);(110.64, 21.2)",True
59500,2016-08-28 00:00:00,18.2,SURF,True,EXTREME_TYPE1,185,12,12,"(114.73, 22.8);(114.73, 23.2);(115.14, 22.4);(115.14, 22.8);(115.14, 23.2);(115.14, 23.6);(115.55, 22.4);(115.55, 22.8);(115.55, 23.2);(115.55, 23.6);(115.95, 22.8);(115.95, 23.2)",True
59117,2016-09-03 21:00:00,14.0,SURF,True,EXTREME_TYPE1,104,12,12,"(115.55, 24.0);(115.55, 24.4);(115.55, 24.8);(115.95, 23.6);(115.95, 24.0);(115.95, 24.4);(115.95, 24.8);(116.36, 24.0);(116.36, 24.4);(116.36, 24.8);(116.77, 24.0);(116.77, 24.4)",True
59288,2016-09-04 20:00:00,71.9,SURF,True,EXTREME_TYPE1,497,10,10,"(112.27, 23.2);(112.68, 22.8);(112.68, 23.2);(112.68, 23.6);(113.09, 22.8);(113.09, 23.2);(113.09, 23.6);(113.5, 22.8);(113.5, 23.2);(113.5, 23.6)",True
59269,2016-09-04 21:00:00,6.5,SURF,True,EXTREME_TYPE1,200,9,9,"(111.45, 22.8);(111.45, 23.2);(111.45, 23.6);(111.86, 22.8);(111.86, 23.2);(111.86, 23.6);(112.27, 22.8);(112.27, 23.2);(112.27, 23.6)",True
59107,2016-09-06 19:00:00,43.4,SURF,True,EXTREME_TYPE1,156,12,12,"(114.73, 23.6);(114.73, 24.0);(114.73, 24.4);(115.14, 23.6);(115.14, 24.0);(115.14, 24.4);(115.14, 24.8);(115.55, 23.6);(115.55, 24.0);(115.55, 24.4);(115.95, 24.0);(115.95, 24.4)",True
59485,2016-09-07 14:00:00,42.3,SURF,True,EXTREME_TYPE1,583,12,12,"(112.68, 22.4);(112.68, 22.8);(113.09, 22.0);(113.09, 22.4);(113.09, 22.8);(113.5, 22.0);(113.5, 22.4);(113.5, 22.8);(113.5, 23.2);(113.91, 22.0);(113.91, 22.4);(113.91, 22.8)",True
59655,2016-09-07 16:00:00,59.0,SURF,True,EXTREME_TYPE1,177,10,10,"(110.23, 21.2);(110.23, 21.6);(110.23, 22.0);(110.64, 21.2);(110.64, 21.6);(110.64, 22.0);(110.64, 22.4);(111.05, 21.2);(111.05, 21.6);(111.05, 22.0)",True
59653,2016-09-07 17:00:00,50.0,SURF,True,EXTREME_TYPE1,164,11,11,"(110.23, 21.6);(110.23, 22.0);(110.64, 21.6);(110.64, 22.0);(110.64, 22.4);(111.05, 21.6);(111.05, 22.0);(111.05, 22.4);(111.45, 21.6);(111.45, 22.0);(111.45, 22.4)",True
59290,2016-09-07 21:00:00,20.9,SURF,True,EXTREME_TYPE1,143,11,11,"(113.5, 23.6);(113.91, 23.2);(113.91, 23.6);(113.91, 24.0);(113.91, 24.4);(114.32, 23.2);(114.32, 23.6);(114.32, 24.0);(114.32, 24.4);(114.73, 23.6);(114.73, 24.0)",True
59500,2016-09-09 13:00:00,8.4,SURF,True,EXTREME_TYPE1,218,12,12,"(114.73, 22.8);(114.73, 23.2);(115.14, 22.4);(115.14, 22.8);(115.14, 23.2);(115.14, 23.6);(115.55, 22.4);(115.55, 22.8);(115.55, 23.2);(115.55, 23.6);(115.95, 22.8);(115.95, 23.2)",True
59653,2016-09-10 12:00:00,1.2,SURF,True,EXTREME_TYPE1,165,11,11,"(110.23, 21.6);(110.23, 22.0);(110.64, 21.6);(110.64, 22.0);(110.64, 22.4);(111.05, 21.6);(111.05, 22.0);(111.05, 22.4);(111.45, 21.6);(111.45, 22.0);(111.45, 22.4)",True
59271,2016-09-10 14:00:00,7.7,SURF,True,EXTREME_TYPE1,228,11,11,"(111.86, 23.2);(111.86, 23.6);(111.86, 24.0);(112.27, 23.2);(112.27, 23.6);(112.27, 24.0);(112.68, 23.2);(112.68, 23.6);(112.68, 24.0);(113.09, 23.6);(113.09, 24.0)",True
59492,2016-09-12 20:00:00,21.6,SURF,True,EXTREME_TYPE1,148,11,10,"(114.32, 22.4);(114.32, 22.8);(114.32, 23.2);(114.73, 22.4);(114.73, 22.8);(114.73, 23.2);(114.73, 23.6);(115.14, 22.8);(115.14, 23.2);(115.14, 23.6)",True
59312,2016-09-28 14:00:00,2.2,SURF,True,EXTREME_TYPE1,99,10,10,"(115.95, 23.6);(116.36, 23.2);(116.36, 23.6);(116.36, 24.0);(116.77, 23.2);(116.77, 23.6);(116.77, 24.0);(117.18, 23.2);(117.18, 23.6);(117.18, 24.0)",True
59116,2016-09-30 13:00:00,10.6,SURF,True,EXTREME_TYPE1,51,9,9,"(115.95, 24.4);(116.36, 24.0);(116.36, 24.4);(116.36, 24.8);(116.77, 24.0);(116.77, 24.4);(116.77, 24.8);(117.18, 24.0);(117.18, 24.4)",True
59650,2016-10-02 18:00:00,32.8,SURF,True,EXTREME_TYPE1,151,11,10,"(109.82, 21.2);(109.82, 21.6);(110.23, 20.8);(110.23, 21.2);(110.23, 21.6);(110.23, 22.0);(110.64, 20.8);(110.64, 21.2);(110.64, 21.6);(110.64, 22.0)",True
59097,2016-10-02 19:00:00,28.8,SURF,True,EXTREME_TYPE1,111,10,10,"(113.5, 24.0);(113.91, 23.6);(113.91, 24.0);(113.91, 24.4);(114.32, 23.6);(114.32, 24.0);(114.32, 24.4);(114.73, 23.6);(114.73, 24.0);(114.73, 24.4)",True
59285,2016-10-02 19:00:00,35.1,SURF,True,EXTREME_TYPE1,234,10,10,"(113.09, 23.2);(113.09, 23.6);(113.09, 24.0);(113.5, 23.2);(113.5, 23.6);(113.5, 24.0);(113.91, 23.2);(113.91, 23.6);(113.91, 24.0);(114.32, 23.6)",True
59088,2016-10-18 07:00:00,5.0,SURF,True,EXTREME_TYPE1,168,12,12,"(112.68, 24.0);(112.68, 24.4);(113.09, 23.6);(113.09, 24.0);(113.09, 24.4);(113.09, 24.8);(113.5, 23.6);(113.5, 24.0);(113.5, 24.4);(113.5, 24.8);(113.91, 24.0);(113.91, 24.4)",True
59487,2016-10-18 14:00:00,5.1,SURF,True,EXTREME_TYPE1,376,12,12,"(112.68, 22.0);(112.68, 22.4);(113.09, 21.6);(113.09, 22.0);(113.09, 22.4);(113.09, 22.8);(113.5, 21.6);(113.5, 22.0);(113.5, 22.4);(113.5, 22.8);(113.91, 22.0);(113.91, 22.4)",True
59658,2016-10-18 20:00:00,7.3,SURF,True,EXTREME_TYPE1,97,10,10,"(109.82, 20.8);(109.82, 21.2);(109.82, 21.6);(110.23, 20.8);(110.23, 21.2);(110.23, 21.6);(110.64, 20.8);(110.64, 21.2);(110.64, 21.6);(111.05, 21.2)",True
59264,2016-10-19 11:00:00,3.7,SURF,True,EXTREME_TYPE1,87,9,9,"(111.05, 23.2);(111.45, 22.8);(111.45, 23.2);(111.45, 23.6);(111.45, 24.0);(111.86, 22.8);(111.86, 23.2);(111.86, 23.6);(111.86, 24.0)",True
59310,2016-10-24 18:00:00,2.1,SURF,True,EXTREME_TYPE1,186,12,12,"(115.55, 23.6);(115.55, 24.0);(115.95, 23.2);(115.95, 23.6);(115.95, 24.0);(115.95, 24.4);(116.36, 23.2);(116.36, 23.6);(116.36, 24.0);(116.36, 24.4);(116.77, 23.6);(116.77, 24.0)",True
59081,2016-11-20 14:00:00,21.5,SURF,True,EXTREME_TYPE1,112,12,12,"(112.68, 24.4);(112.68, 24.8);(112.68, 25.2);(113.09, 24.4);(113.09, 24.8);(113.09, 25.2);(113.5, 24.4);(113.5, 24.8);(113.5, 25.2);(113.91, 24.4);(113.91, 24.8);(113.91, 25.2)",True
59290,2016-11-20 19:00:00,56.9,SURF,True,EXTREME_TYPE1,142,11,11,"(113.5, 23.6);(113.91, 23.2);(113.91, 23.6);(113.91, 24.0);(113.91, 24.4);(114.32, 23.2);(114.32, 23.6);(114.32, 24.0);(114.32, 24.4);(114.73, 23.6);(114.73, 24.0)",True
59278,2016-11-21 00:00:00,5.0,SURF,True,EXTREME_TYPE1,674,12,12,"(111.86, 22.8);(111.86, 23.2);(112.27, 22.4);(112.27, 22.8);(112.27, 23.2);(112.27, 23.6);(112.68, 22.4);(112.68, 22.8);(112.68, 23.2);(112.68, 23.6);(113.09, 22.8);(113.09, 23.2)",True
59481,2016-11-22 21:00:00,1.7,SURF,True,EXTREME_TYPE1,610,12,12,"(112.68, 22.8);(112.68, 23.2);(113.09, 22.4);(113.09, 22.8);(113.09, 23.2);(113.09, 23.6);(113.5, 22.4);(113.5, 22.8);(113.5, 23.2);(113.5, 23.6);(113.91, 22.8);(113.91, 23.2)",True
59280,2016-11-26 07:00:00,5.3,SURF,True,EXTREME_TYPE1,239,10,10,"(112.68, 23.2);(112.68, 23.6);(112.68, 24.0);(113.09, 23.2);(113.09, 23.6);(113.09, 24.0);(113.09, 24.4);(113.5, 23.2);(113.5, 23.6);(113.5, 24.0)",True
59290,2016-11-26 09:00:00,8.2,SURF,True,EXTREME_TYPE1,145,11,11,"(113.5, 23.6);(113.91, 23.2);(113.91, 23.6);(113.91, 24.0);(113.91, 24.4);(114.32, 23.2);(114.32, 23.6);(114.32, 24.0);(114.32, 24.4);(114.73, 23.6);(114.73, 24.0)",True
59107,2016-11-26 16:00:00,5.0,SURF,True,EXTREME_TYPE1,157,12,12,"(114.73, 23.6);(114.73, 24.0);(114.73, 24.4);(115.14, 23.6);(115.14, 24.0);(115.14, 24.4);(115.14, 24.8);(115.55, 23.6);(115.55, 24.0);(115.55, 24.4);(115.95, 24.0);(115.95, 24.4)",True
59313,2017-02-22 08:00:00,7.0,SURF,True,EXTREME_TYPE1,31,9,9,"(116.36, 23.6);(116.36, 24.0);(116.77, 23.2);(116.77, 23.6);(116.77, 24.0);(117.18, 23.2);(117.18, 23.6);(117.18, 24.0);(117.59, 23.6)",True
59306,2017-03-08 04:00:00,2.7,SURF,True,EXTREME_TYPE1,251,12,12,"(115.14, 23.2);(115.14, 23.6);(115.55, 22.8);(115.55, 23.2);(115.55, 23.6);(115.55, 24.0);(115.95, 22.8);(115.95, 23.2);(115.95, 23.6);(115.95, 24.0);(116.36, 23.2);(116.36, 23.6)",True
57988,2017-03-10 11:00:00,1.2,SURF,True,EXTREME_TYPE1,64,11,11,"(112.68, 24.8);(112.68, 25.2);(113.09, 24.8);(113.09, 25.2);(113.09, 25.6);(113.5, 24.8);(113.5, 25.2);(113.5, 25.6);(113.91, 24.8);(113.91, 25.2);(113.91, 25.6)",True
59280,2017-03-18 04:00:00,5.4,SURF,True,EXTREME_TYPE1,241,10,10,"(112.68, 23.2);(112.68, 23.6);(112.68, 24.0);(113.09, 23.2);(113.09, 23.6);(113.09, 24.0);(113.09, 24.4);(113.5, 23.2);(113.5, 23.6);(113.5, 24.0)",True
59659,2017-03-19 05:00:00,8.7,SURF,True,EXTREME_TYPE1,172,12,12,"(110.23, 21.6);(110.23, 22.0);(110.64, 21.2);(110.64, 21.6);(110.64, 22.0);(110.64, 22.4);(111.05, 21.2);(111.05, 21.6);(111.05, 22.0);(111.05, 22.4);(111.45, 21.6);(111.45, 22.0)",True
59074,2017-03-31 02:00:00,27.9,SURF,True,EXTREME_TYPE1,136,9,9,"(111.86, 24.0);(111.86, 24.4);(111.86, 24.8);(112.27, 24.0);(112.27, 24.4);(112.27, 24.8);(112.27, 25.2);(112.68, 24.4);(112.68, 24.8)",True
59470,2017-04-19 16:00:00,5.4,SURF,True,EXTREME_TYPE1,546,10,10,"(111.45, 22.8);(111.86, 22.4);(111.86, 22.8);(111.86, 23.2);(112.27, 22.4);(112.27, 22.8);(112.27, 23.2);(112.68, 22.4);(112.68, 22.8);(112.68, 23.2)",True
59285,2017-04-19 17:00:00,1.9,SURF,True,EXTREME_TYPE1,239,10,10,"(113.09, 23.2);(113.09, 23.6);(113.09, 24.0);(113.5, 23.2);(113.5, 23.6);(113.5, 24.0);(113.91, 23.2);(113.91, 23.6);(113.91, 24.0);(114.32, 23.6)",True
59285,2017-04-26 16:00:00,91.7,SURF,True,EXTREME_TYPE1,241,10,10,"(113.09, 23.2);(113.09, 23.6);(113.09, 24.0);(113.5, 23.2);(113.5, 23.6);(113.5, 24.0);(113.91, 23.2);(113.91, 23.6);(113.91, 24.0);(114.32, 23.6)",True
59116,2017-05-02 02:00:00,7.4,SURF,True,EXTREME_TYPE1,50,9,9,"(115.95, 24.4);(116.36, 24.0);(116.36, 24.4);(116.36, 24.8);(116.77, 24.0);(116.77, 24.4);(116.77, 24.8);(117.18, 24.0);(117.18, 24.4)",True
59659,2017-05-04 04:00:00,14.6,SURF,True,EXTREME_TYPE1,170,12,10,"(110.23, 22.0);(110.64, 21.6);(110.64, 22.0);(110.64, 22.4);(111.05, 21.2);(111.05, 21.6);(111.05, 22.0);(111.05, 22.4);(111.45, 21.6);(111.45, 22.0)",True
59653,2017-05-04 08:00:00,52.3,SURF,True,EXTREME_TYPE1,167,11,11,"(110.23, 21.6);(110.23, 22.0);(110.64, 21.6);(110.64, 22.0);(110.64, 22.4);(111.05, 21.6);(111.05, 22.0);(111.05, 22.4);(111.45, 21.6);(111.45, 22.0);(111.45, 22.4)",True
59658,2017-05-04 09:00:00,64.2,SURF,True,EXTREME_TYPE1,96,10,10,"(109.82, 20.8);(109.82, 21.2);(109.82, 21.6);(110.23, 20.8);(110.23, 21.2);(110.23, 21.6);(110.64, 20.8);(110.64, 21.2);(110.64, 21.6);(111.05, 21.2)",True
59487,2017-05-04 10:00:00,63.6,SURF,True,EXTREME_TYPE1,382,12,12,"(112.68, 22.0);(112.68, 22.4);(113.09, 21.6);(113.09, 22.0);(113.09, 22.4);(113.09, 22.8);(113.5, 21.6);(113.5, 22.0);(113.5, 22.4);(113.5, 22.8);(113.91, 22.0);(113.91, 22.4)",True
59750,2017-05-06 10:00:00,56.6,SURF,True,EXTREME_TYPE1,129,11,1,"(110.64, 21.2)",True
59087,2017-05-07 04:00:00,61.1,SURF,True,EXTREME_TYPE1,177,10,10,"(113.09, 23.6);(113.09, 24.0);(113.09, 24.4);(113.5, 23.2);(113.5, 23.6);(113.5, 24.0);(113.5, 24.4);(113.91, 23.6);(113.91, 24.0);(113.91, 24.4)",True
59287,2017-05-07 10:00:00,78.8,SURF,True,EXTREME_TYPE1,368,9,9,"(113.09, 22.8);(113.09, 23.2);(113.09, 23.6);(113.5, 22.8);(113.5, 23.2);(113.5, 23.6);(113.91, 22.8);(113.91, 23.2);(113.91, 23.6)",True
59087,2017-05-08 17:00:00,10.2,SURF,True,EXTREME_TYPE1,173,10,10,"(113.09, 23.6);(113.09, 24.0);(113.09, 24.4);(113.5, 23.2);(113.5, 23.6);(113.5, 24.0);(113.5, 24.4);(113.91, 23.6);(113.91, 24.0);(113.91, 24.4)",True
59097,2017-05-08 19:00:00,29.4,SURF,True,EXTREME_TYPE1,120,10,10,"(113.5, 24.0);(113.91, 23.6);(113.91, 24.0);(113.91, 24.4);(114.32, 23.6);(114.32, 24.0);(114.32, 24.4);(114.73, 23.6);(114.73, 24.0);(114.73, 24.4)",True
59480,2017-05-08 21:00:00,20.3,SURF,True,EXTREME_TYPE1,594,10,10,"(112.68, 22.4);(112.68, 22.8);(112.68, 23.2);(113.09, 22.4);(113.09, 22.8);(113.09, 23.2);(113.5, 22.4);(113.5, 22.8);(113.5, 23.2);(113.91, 22.8)",True
59456,2017-05-09 16:00:00,39.8,SURF,True,EXTREME_TYPE1,164,10,10,"(110.23, 22.4);(110.64, 22.0);(110.64, 22.4);(110.64, 22.8);(111.05, 22.0);(111.05, 22.4);(111.05, 22.8);(111.45, 22.0);(111.45, 22.4);(111.45, 22.8)",True
59477,2017-05-09 16:00:00,63.6,SURF,True,EXTREME_TYPE1,597,10,10,"(111.86, 22.0);(111.86, 22.4);(111.86, 22.8);(112.27, 21.6);(112.27, 22.0);(112.27, 22.4);(112.27, 22.8);(112.68, 22.0);(112.68, 22.4);(112.68, 22.8)",True
59659,2017-05-09 16:00:00,52.5,SURF,True,EXTREME_TYPE1,171,12,12,"(110.23, 21.6);(110.23, 22.0);(110.64, 21.2);(110.64, 21.6);(110.64, 22.0);(110.64, 22.4);(111.05, 21.2);(111.05, 21.6);(111.05, 22.0);(111.05, 22.4);(111.45, 21.6);(111.45, 22.0)",True
59658,2017-05-12 14:00:00,50.3,SURF,True,EXTREME_TYPE1,98,10,10,"(109.82, 20.8);(109.82, 21.2);(109.82, 21.6);(110.23, 20.8);(110.23, 21.2);(110.23, 21.6);(110.64, 20.8);(110.64, 21.2);(110.64, 21.6);(111.05, 21.2)",True
59304,2017-05-13 17:00:00,7.2,SURF,True,EXTREME_TYPE1,172,9,9,"(114.73, 23.2);(114.73, 23.6);(114.73, 24.0);(115.14, 23.2);(115.14, 23.6);(115.14, 24.0);(115.55, 23.2);(115.55, 23.6);(115.55, 24.0)",True
59656,2017-05-15 16:00:00,28.2,SURF,True,EXTREME_TYPE1,129,11,11,"(110.23, 21.2);(110.23, 21.6);(110.64, 20.8);(110.64, 21.2);(110.64, 21.6);(110.64, 22.0);(111.05, 21.2);(111.05, 21.6);(111.05, 22.0);(111.45, 21.2);(111.45, 21.6)",True
59285,2017-05-15 20:00:00,55.9,SURF,True,EXTREME_TYPE1,243,10,10,"(113.09, 23.2);(113.09, 23.6);(113.09, 24.0);(113.5, 23.2);(113.5, 23.6);(113.5, 24.0);(113.91, 23.2);(113.91, 23.6);(113.91, 24.0);(114.32, 23.6)",True
59294,2017-05-15 22:00:00,21.4,SURF,True,EXTREME_TYPE1,244,11,11,"(113.09, 23.2);(113.5, 22.8);(113.5, 23.2);(113.5, 23.6);(113.91, 22.8);(113.91, 23.2);(113.91, 23.6);(113.91, 24.0);(114.32, 22.8);(114.32, 23.2);(114.32, 23.6)",True
59478,2017-05-16 03:00:00,11.8,SURF,True,EXTREME_TYPE1,499,12,12,"(112.27, 22.0);(112.27, 22.4);(112.68, 21.6);(112.68, 22.0);(112.68, 22.4);(112.68, 22.8);(113.09, 21.6);(113.09, 22.0);(113.09, 22.4);(113.09, 22.8);(113.5, 22.0);(113.5, 22.4)",True
59081,2017-05-24 00:00:00,1.1,SURF,True,EXTREME_TYPE1,121,12,12,"(112.68, 24.4);(112.68, 24.8);(112.68, 25.2);(113.09, 24.4);(113.09, 24.8);(113.09, 25.2);(113.5, 24.4);(113.5, 24.8);(113.5, 25.2);(113.91, 24.4);(113.91, 24.8);(113.91, 25.2)",True
59107,2017-05-24 08:00:00,50.4,SURF,True,EXTREME_TYPE1,162,12,12,"(114.73, 23.6);(114.73, 24.0);(114.73, 24.4);(115.14, 23.6);(115.14, 24.0);(115.14, 24.4);(115.14, 24.8);(115.55, 23.6);(115.55, 24.0);(115.55, 24.4);(115.95, 24.0);(115.95, 24.4)",True
59754,2017-05-24 15:00:00,56.4,SURF,True,EXTREME_TYPE1,75,5,5,"(109.82, 20.4);(109.82, 20.8);(110.23, 20.4);(110.23, 20.8);(110.64, 20.8)",True
59114,2017-06-04 02:00:00,1.6,SURF,True,EXTREME_TYPE1,58,10,10,"(115.55, 24.4);(115.55, 24.8);(115.95, 24.0);(115.95, 24.4);(115.95, 24.8);(116.36, 24.0);(116.36, 24.4);(116.36, 24.8);(116.77, 24.4);(116.77, 24.8)",True
59653,2017-06-05 07:00:00,58.7,SURF,True,EXTREME_TYPE1,169,11,10,"(110.23, 21.6);(110.23, 22.0);(110.64, 21.6);(110.64, 22.0);(110.64, 22.4);(111.05, 21.6);(111.05, 22.0);(111.05, 22.4);(111.45, 21.6);(111.45, 22.0)",True
59097,2017-06-06 21:00:00,67.2,SURF,True,EXTREME_TYPE1,118,10,10,"(113.5, 24.0);(113.91, 23.6);(113.91, 24.0);(113.91, 24.4);(114.32, 23.6);(114.32, 24.0);(114.32, 24.4);(114.73, 23.6);(114.73, 24.0);(114.73, 24.4)",True
59473,2017-06-09 11:00:00,6.5,SURF,True,EXTREME_TYPE1,719,10,10,"(112.27, 22.8);(112.68, 22.4);(112.68, 22.8);(112.68, 23.2);(113.09, 22.4);(113.09, 22.8);(113.09, 23.2);(113.5, 22.4);(113.5, 22.8);(113.5, 23.2)",True
59475,2017-06-12 14:00:00,7.3,SURF,True,EXTREME_TYPE1,748,9,9,"(112.27, 22.0);(112.27, 22.4);(112.27, 22.8);(112.68, 22.0);(112.68, 22.4);(112.68, 22.8);(113.09, 22.0);(113.09, 22.4);(113.09, 22.8)",True
59318,2017-06-14 09:00:00,21.9,SURF,True,EXTREME_TYPE1,107,12,12,"(115.95, 23.2);(115.95, 23.6);(116.36, 22.8);(116.36, 23.2);(116.36, 23.6);(116.36, 24.0);(116.77, 22.8);(116.77, 23.2);(116.77, 23.6);(116.77, 24.0);(117.18, 23.2);(117.18, 23.6)",True
59284,2017-06-15 22:00:00,62.4,SURF,True,EXTREME_TYPE1,381,12,12,"(112.68, 23.2);(112.68, 23.6);(113.09, 22.8);(113.09, 23.2);(113.09, 23.6);(113.09, 24.0);(113.5, 22.8);(113.5, 23.2);(113.5, 23.6);(113.5, 24.0);(113.91, 23.2);(113.91, 23.6)",True
59294,2017-06-16 02:00:00,52.3,SURF,True,EXTREME_TYPE1,243,11,11,"(113.09, 23.2);(113.5, 22.8);(113.5, 23.2);(113.5, 23.6);(113.91, 22.8);(113.91, 23.2);(113.91, 23.6);(113.91, 24.0);(114.32, 22.8);(114.32, 23.2);(114.32, 23.6)",True
59502,2017-06-16 03:00:00,65.5,SURF,True,EXTREME_TYPE1,210,12,12,"(115.14, 22.8);(115.14, 23.2);(115.55, 22.4);(115.55, 22.8);(115.55, 23.2);(115.55, 23.6);(115.95, 22.4);(115.95, 22.8);(115.95, 23.2);(115.95, 23.6);(116.36, 22.8);(116.36, 23.2)",True
59314,2017-06-16 09:00:00,14.9,SURF,True,EXTREME_TYPE1,190,12,12,"(115.55, 23.2);(115.55, 23.6);(115.95, 22.8);(115.95, 23.2);(115.95, 23.6);(115.95, 24.0);(116.36, 22.8);(116.36, 23.2);(116.36, 23.6);(116.36, 24.0);(116.77, 23.2);(116.77, 23.6)",True
59501,2017-06-16 11:00:00,43.8,SURF,True,EXTREME_TYPE1,218,12,12,"(114.73, 22.4);(114.73, 22.8);(114.73, 23.2);(115.14, 22.4);(115.14, 22.8);(115.14, 23.2);(115.55, 22.4);(115.55, 22.8);(115.55, 23.2);(115.95, 22.4);(115.95, 22.8);(115.95, 23.2)",True
59287,2017-06-16 19:00:00,33.5,SURF,True,EXTREME_TYPE1,372,9,9,"(113.09, 22.8);(113.09, 23.2);(113.09, 23.6);(113.5, 22.8);(113.5, 23.2);(113.5, 23.6);(113.91, 22.8);(113.91, 23.2);(113.91, 23.6)",True
59462,2017-06-16 20:00:00,1.6,SURF,True,EXTREME_TYPE1,346,11,11,"(111.05, 22.4);(111.05, 22.8);(111.05, 23.2);(111.45, 22.4);(111.45, 22.8);(111.45, 23.2);(111.86, 22.4);(111.86, 22.8);(111.86, 23.2);(112.27, 22.4);(112.27, 22.8)",True
59287,2017-06-17 03:00:00,2.1,SURF,True,EXTREME_TYPE1,377,9,9,"(113.09, 22.8);(113.09, 23.2);(113.09, 23.6);(113.5, 22.8);(113.5, 23.2);(113.5, 23.6);(113.91, 22.8);(113.91, 23.2);(113.91, 23.6)",True
59501,2017-06-17 11:00:00,37.9,SURF,True,EXTREME_TYPE1,218,12,11,"(114.73, 22.4);(114.73, 22.8);(115.14, 22.4);(115.14, 22.8);(115.14, 23.2);(115.55, 22.4);(115.55, 22.8);(115.55, 23.2);(115.95, 22.4);(115.95, 22.8);(115.95, 23.2)",True
59487,2017-06-17 20:00:00,16.5,SURF,True,EXTREME_TYPE1,382,12,12,"(112.68, 22.0);(112.68, 22.4);(113.09, 21.6);(113.09, 22.0);(113.09, 22.4);(113.09, 22.8);(113.5, 21.6);(113.5, 22.0);(113.5, 22.4);(113.5, 22.8);(113.91, 22.0);(113.91, 22.4)",True
59314,2017-06-19 08:00:00,5.8,SURF,True,EXTREME_TYPE1,194,12,12,"(115.55, 23.2);(115.55, 23.6);(115.95, 22.8);(115.95, 23.2);(115.95, 23.6);(115.95, 24.0);(116.36, 22.8);(116.36, 23.2);(116.36, 23.6);(116.36, 24.0);(116.77, 23.2);(116.77, 23.6)",True
59318,2017-06-19 12:00:00,10.9,SURF,True,EXTREME_TYPE1,109,12,12,"(115.95, 23.2);(115.95, 23.6);(116.36, 22.8);(116.36, 23.2);(116.36, 23.6);(116.36, 24.0);(116.77, 22.8);(116.77, 23.2);(116.77, 23.6);(116.77, 24.0);(117.18, 23.2);(117.18, 23.6)",True
59673,2017-06-19 13:00:00,54.4,SURF,True,EXTREME_TYPE1,39,8,7,"(112.27, 21.6);(112.27, 22.0);(112.68, 21.6);(112.68, 22.0);(112.68, 22.4);(113.09, 21.6);(113.09, 22.0)",True
59500,2017-06-21 07:00:00,5.6,SURF,True,EXTREME_TYPE1,222,12,12,"(114.73, 22.8);(114.73, 23.2);(115.14, 22.4);(115.14, 22.8);(115.14, 23.2);(115.14, 23.6);(115.55, 22.4);(115.55, 22.8);(115.55, 23.2);(115.55, 23.6);(115.95, 22.8);(115.95, 23.2)",True
59306,2017-06-21 08:00:00,12.9,SURF,True,EXTREME_TYPE1,258,12,12,"(115.14, 23.2);(115.14, 23.6);(115.55, 22.8);(115.55, 23.2);(115.55, 23.6);(115.55, 24.0);(115.95, 22.8);(115.95, 23.2);(115.95, 23.6);(115.95, 24.0);(116.36, 23.2);(116.36, 23.6)",True
59071,2017-06-25 04:00:00,5.2,SURF,True,EXTREME_TYPE1,95,8,8,"(111.86, 24.4);(111.86, 24.8);(112.27, 24.4);(112.27, 24.8);(112.27, 25.2);(112.68, 24.4);(112.68, 24.8);(112.68, 25.2)",True
59287,2017-07-03 07:00:00,6.3,SURF,True,EXTREME_TYPE1,371,9,9,"(113.09, 22.8);(113.09, 23.2);(113.09, 23.6);(113.5, 22.8);(113.5, 23.2);(113.5, 23.6);(113.91, 22.8);(113.91, 23.2);(113.91, 23.6)",True
59480,2017-07-04 03:00:00,61.0,SURF,True,EXTREME_TYPE1,592,10,10,"(112.68, 22.4);(112.68, 22.8);(112.68, 23.2);(113.09, 22.4);(113.09, 22.8);(113.09, 23.2);(113.5, 22.4);(113.5, 22.8);(113.5, 23.2);(113.91, 22.8)",True
59310,2017-07-08 12:00:00,39.1,SURF,True,EXTREME_TYPE1,192,12,12,"(115.55, 23.6);(115.55, 24.0);(115.95, 23.2);(115.95, 23.6);(115.95, 24.0);(115.95, 24.4);(116.36, 23.2);(116.36, 23.6);(116.36, 24.0);(116.36, 24.4);(116.77, 23.6);(116.77, 24.0)",True
59276,2017-07-11 15:00:00,10.4,SURF,True,EXTREME_TYPE1,503,10,10,"(112.27, 22.8);(112.27, 23.2);(112.27, 23.6);(112.68, 22.8);(112.68, 23.2);(112.68, 23.6);(112.68, 24.0);(113.09, 22.8);(113.09, 23.2);(113.09, 23.6)",True
59319,2017-07-16 03:00:00,1.2,SURF,True,EXTREME_TYPE1,108,11,11,"(115.95, 23.6);(116.36, 23.2);(116.36, 23.6);(116.36, 24.0);(116.77, 22.8);(116.77, 23.2);(116.77, 23.6);(116.77, 24.0);(117.18, 23.2);(117.18, 23.6);(117.18, 24.0)",True
59317,2017-07-16 14:00:00,5.3,SURF,True,EXTREME_TYPE1,171,9,9,"(115.95, 22.4);(115.95, 22.8);(115.95, 23.2);(115.95, 23.6);(116.36, 22.8);(116.36, 23.2);(116.36, 23.6);(116.77, 22.8);(116.77, 23.2)",True
59293,2017-07-16 15:00:00,15.0,SURF,True,EXTREME_TYPE1,115,11,10,"(114.32, 23.2);(114.32, 23.6);(114.32, 24.0);(114.73, 23.2);(114.73, 23.6);(114.73, 24.0);(114.73, 24.4);(115.14, 23.2);(115.14, 23.6);(115.14, 24.0)",True
59303,2017-07-17 14:00:00,13.4,SURF,True,EXTREME_TYPE1,272,10,10,"(115.14, 23.6);(115.14, 24.0);(115.55, 23.6);(115.55, 24.0);(115.55, 24.4);(115.95, 23.6);(115.95, 24.0);(115.95, 24.4);(116.36, 23.6);(116.36, 24.0)",True
59288,2017-07-17 17:00:00,13.1,SURF,True,EXTREME_TYPE1,512,10,10,"(112.27, 23.2);(112.68, 22.8);(112.68, 23.2);(112.68, 23.6);(113.09, 22.8);(113.09, 23.2);(113.09, 23.6);(113.5, 22.8);(113.5, 23.2);(113.5, 23.6)",True
59502,2017-07-17 21:00:00,15.3,SURF,True,EXTREME_TYPE1,214,12,12,"(115.14, 22.8);(115.14, 23.2);(115.55, 22.4);(115.55, 22.8);(115.55, 23.2);(115.55, 23.6);(115.95, 22.4);(115.95, 22.8);(115.95, 23.2);(115.95, 23.6);(116.36, 22.8);(116.36, 23.2)",True
59493,2017-07-18 08:00:00,6.3,SURF,True,EXTREME_TYPE1,223,13,13,"(113.5, 22.0);(113.5, 22.4);(113.5, 22.8);(113.91, 22.0);(113.91, 22.4);(113.91, 22.8);(113.91, 23.2);(114.32, 22.0);(114.32, 22.4);(114.32, 22.8);(114.32, 23.2);(114.73, 22.4);(114.73, 22.8)",True
59492,2017-07-18 15:00:00,10.0,SURF,True,EXTREME_TYPE1,153,11,11,"(114.32, 22.4);(114.32, 22.8);(114.32, 23.2);(114.32, 23.6);(114.73, 22.4);(114.73, 22.8);(114.73, 23.2);(114.73, 23.6);(115.14, 22.8);(115.14, 23.2);(115.14, 23.6)",True
59664,2017-07-19 11:00:00,1.7,SURF,True,EXTREME_TYPE1,169,10,10,"(110.23, 21.6);(110.64, 21.2);(110.64, 21.6);(110.64, 22.0);(111.05, 21.2);(111.05, 21.6);(111.05, 22.0);(111.45, 21.2);(111.45, 21.6);(111.45, 22.0)",True
59658,2017-07-20 04:00:00,60.9,SURF,True,EXTREME_TYPE1,102,10,9,"(109.82, 20.8);(109.82, 21.2);(110.23, 20.8);(110.23, 21.2);(110.23, 21.6);(110.64, 20.8);(110.64, 21.2);(110.64, 21.6);(111.05, 21.2)",True
59501,2017-07-23 14:00:00,24.7,SURF,True,EXTREME_TYPE1,225,12,12,"(114.73, 22.4);(114.73, 22.8);(114.73, 23.2);(115.14, 22.4);(115.14, 22.8);(115.14, 23.2);(115.55, 22.4);(115.55, 22.8);(115.55, 23.2);(115.95, 22.4);(115.95, 22.8);(115.95, 23.2)",True
59500,2017-07-24 02:00:00,23.9,SURF,True,EXTREME_TYPE1,226,12,12,"(114.73, 22.8);(114.73, 23.2);(115.14, 22.4);(115.14, 22.8);(115.14, 23.2);(115.14, 23.6);(115.55, 22.4);(115.55, 22.8);(115.55, 23.2);(115.55, 23.6);(115.95, 22.8);(115.95, 23.2)",True
59318,2017-08-01 05:00:00,38.6,SURF,True,EXTREME_TYPE1,117,12,12,"(115.95, 23.2);(115.95, 23.6);(116.36, 22.8);(116.36, 23.2);(116.36, 23.6);(116.36, 24.0);(116.77, 22.8);(116.77, 23.2);(116.77, 23.6);(116.77, 24.0);(117.18, 23.2);(117.18, 23.6)",True
59294,2017-08-02 06:00:00,24.3,SURF,True,EXTREME_TYPE1,242,11,11,"(113.09, 23.2);(113.5, 22.8);(113.5, 23.2);(113.5, 23.6);(113.91, 22.8);(113.91, 23.2);(113.91, 23.6);(113.91, 24.0);(114.32, 22.8);(114.32, 23.2);(114.32, 23.6)",True
59493,2017-08-02 12:00:00,60.5,SURF,True,EXTREME_TYPE1,226,13,13,"(113.5, 22.0);(113.5, 22.4);(113.5, 22.8);(113.91, 22.0);(113.91, 22.4);(113.91, 22.8);(113.91, 23.2);(114.32, 22.0);(114.32, 22.4);(114.32, 22.8);(114.32, 23.2);(114.73, 22.4);(114.73, 22.8)",True
59655,2017-08-03 12:00:00,13.9,SURF,True,EXTREME_TYPE1,182,10,10,"(110.23, 21.2);(110.23, 21.6);(110.23, 22.0);(110.64, 21.2);(110.64, 21.6);(110.64, 22.0);(110.64, 22.4);(111.05, 21.2);(111.05, 21.6);(111.05, 22.0)",True
59663,2017-08-03 17:00:00,20.2,SURF,True,EXTREME_TYPE1,201,11,11,"(111.45, 21.6);(111.45, 22.0);(111.86, 21.2);(111.86, 21.6);(111.86, 22.0);(111.86, 22.4);(112.27, 21.6);(112.27, 22.0);(112.27, 22.4);(112.68, 21.6);(112.68, 22.0)",True
59476,2017-08-22 20:00:00,70.4,SURF,True,EXTREME_TYPE1,772,11,11,"(112.27, 22.4);(112.68, 22.0);(112.68, 22.4);(112.68, 22.8);(113.09, 22.0);(113.09, 22.4);(113.09, 22.8);(113.09, 23.2);(113.5, 22.0);(113.5, 22.4);(113.5, 22.8)",True
59313,2017-08-23 14:00:00,20.9,SURF,True,EXTREME_TYPE1,27,9,9,"(116.36, 23.6);(116.36, 24.0);(116.77, 23.2);(116.77, 23.6);(116.77, 24.0);(117.18, 23.2);(117.18, 23.6);(117.18, 24.0);(117.59, 23.6)",True
59477,2017-08-23 16:00:00,50.2,SURF,True,EXTREME_TYPE1,535,10,10,"(111.86, 22.0);(111.86, 22.4);(111.86, 22.8);(112.27, 21.6);(112.27, 22.0);(112.27, 22.4);(112.27, 22.8);(112.68, 22.0);(112.68, 22.4);(112.68, 22.8)",True
59107,2017-08-23 23:00:00,53.7,SURF,True,EXTREME_TYPE1,182,12,3,"(114.73, 23.6);(115.14, 23.6);(115.55, 23.6)",True
59107,2017-08-24 00:00:00,58.6,SURF,True,FALSE,181,12,0,,True
59075,2017-08-24 10:00:00,3.9,SURF,True,EXTREME_TYPE1,167,12,12,"(111.86, 24.0);(111.86, 24.4);(112.27, 24.0);(112.27, 24.4);(112.27, 24.8);(112.68, 23.6);(112.68, 24.0);(112.68, 24.4);(112.68, 24.8);(113.09, 24.0);(113.09, 24.4);(113.09, 24.8)",True
59088,2017-08-24 16:00:00,28.1,SURF,True,EXTREME_TYPE1,180,12,12,"(112.68, 24.0);(112.68, 24.4);(113.09, 23.6);(113.09, 24.0);(113.09, 24.4);(113.09, 24.8);(113.5, 23.6);(113.5, 24.0);(113.5, 24.4);(113.5, 24.8);(113.91, 24.0);(113.91, 24.4)",True
59470,2017-08-27 12:00:00,40.5,SURF,True,EXTREME_TYPE1,532,10,10,"(111.45, 22.8);(111.86, 22.4);(111.86, 22.8);(111.86, 23.2);(112.27, 22.4);(112.27, 22.8);(112.27, 23.2);(112.68, 22.4);(112.68, 22.8);(112.68, 23.2)",True
59462,2017-09-01 17:00:00,5.8,SURF,True,EXTREME_TYPE1,344,11,11,"(111.05, 22.4);(111.05, 22.8);(111.05, 23.2);(111.45, 22.4);(111.45, 22.8);(111.45, 23.2);(111.86, 22.4);(111.86, 22.8);(111.86, 23.2);(112.27, 22.4);(112.27, 22.8)",True
59478,2017-09-02 19:00:00,52.3,SURF,True,FALSE,492,12,0,,True
59285,2017-09-05 08:00:00,45.2,SURF,True,EXTREME_TYPE1,243,10,10,"(113.09, 23.2);(113.09, 23.6);(113.09, 24.0);(113.5, 23.2);(113.5, 23.6);(113.5, 24.0);(113.91, 23.2);(113.91, 23.6);(113.91, 24.0);(114.32, 23.6)",True
59298,2017-09-05 16:00:00,65.2,SURF,True,EXTREME_TYPE1,178,11,11,"(113.91, 22.8);(113.91, 23.2);(113.91, 23.6);(114.32, 22.4);(114.32, 22.8);(114.32, 23.2);(114.32, 23.6);(114.73, 22.8);(114.73, 23.2);(114.73, 23.6);(115.14, 23.2)",True
59287,2017-09-06 04:00:00,36.9,SURF,True,EXTREME_TYPE1,382,9,9,"(113.09, 22.8);(113.09, 23.2);(113.09, 23.6);(113.5, 22.8);(113.5, 23.2);(113.5, 23.6);(113.91, 22.8);(113.91, 23.2);(113.91, 23.6)",True
59087,2017-09-07 01:00:00,50.6,SURF,True,EXTREME_TYPE1,179,10,10,"(113.09, 23.6);(113.09, 24.0);(113.09, 24.4);(113.5, 23.2);(113.5, 23.6);(113.5, 24.0);(113.5, 24.4);(113.91, 23.6);(113.91, 24.0);(113.91, 24.4)",True
59471,2017-09-07 10:00:00,61.4,SURF,True,EXTREME_TYPE1,542,12,12,"(111.45, 22.8);(111.45, 23.2);(111.86, 22.4);(111.86, 22.8);(111.86, 23.2);(111.86, 23.6);(112.27, 22.4);(112.27, 22.8);(112.27, 23.2);(112.27, 23.6);(112.68, 22.8);(112.68, 23.2)",True
59656,2017-09-07 17:00:00,13.9,SURF,True,EXTREME_TYPE1,131,11,11,"(110.23, 21.2);(110.23, 21.6);(110.64, 20.8);(110.64, 21.2);(110.64, 21.6);(110.64, 22.0);(111.05, 21.2);(111.05, 21.6);(111.05, 22.0);(111.45, 21.2);(111.45, 21.6)",True
59750,2017-09-29 07:00:00,9.9,SURF,True,EXTREME_TYPE1,133,11,11,"(109.41, 21.2);(109.82, 20.4);(109.82, 20.8);(109.82, 21.2);(109.82, 21.6);(110.23, 20.4);(110.23, 20.8);(110.23, 21.2);(110.23, 21.6);(110.64, 20.8);(110.64, 21.2)",True
59475,2017-09-30 01:00:00,10.6,SURF,True,EXTREME_TYPE1,752,9,9,"(112.27, 22.0);(112.27, 22.4);(112.27, 22.8);(112.68, 22.0);(112.68, 22.4);(112.68, 22.8);(113.09, 22.0);(113.09, 22.4);(113.09, 22.8)",True
59278,2017-10-09 18:00:00,2.1,SURF,True,EXTREME_TYPE1,700,12,12,"(111.86, 22.8);(111.86, 23.2);(112.27, 22.4);(112.27, 22.8);(112.27, 23.2);(112.27, 23.6);(112.68, 22.4);(112.68, 22.8);(112.68, 23.2);(112.68, 23.6);(113.09, 22.8);(113.09, 23.2)",True
59107,2017-10-15 10:00:00,1.0,SURF,True,EXTREME_TYPE1,178,12,12,"(114.73, 23.6);(114.73, 24.0);(114.73, 24.4);(115.14, 23.6);(115.14, 24.0);(115.14, 24.4);(115.14, 24.8);(115.55, 23.6);(115.55, 24.0);(115.55, 24.4);(115.95, 24.0);(115.95, 24.4)",True
59501,2017-10-15 21:00:00,34.5,SURF,True,EXTREME_TYPE1,232,12,12,"(114.73, 22.4);(114.73, 22.8);(114.73, 23.2);(115.14, 22.4);(115.14, 22.8);(115.14, 23.2);(115.55, 22.4);(115.55, 22.8);(115.55, 23.2);(115.95, 22.4);(115.95, 22.8);(115.95, 23.2)",True
59486,2018-01-07 02:00:00,5.3,SURF,True,EXTREME_TYPE1,400,10,10,"(113.5, 22.4);(113.5, 22.8);(113.5, 23.2);(113.91, 22.0);(113.91, 22.4);(113.91, 22.8);(113.91, 23.2);(114.32, 22.4);(114.32, 22.8);(114.32, 23.2)",True
59075,2018-01-08 06:00:00,9.8,SURF,True,EXTREME_TYPE1,175,12,12,"(111.86, 24.0);(111.86, 24.4);(112.27, 24.0);(112.27, 24.4);(112.27, 24.8);(112.68, 23.6);(112.68, 24.0);(112.68, 24.4);(112.68, 24.8);(113.09, 24.0);(113.09, 24.4);(113.09, 24.8)",True
59306,2018-01-09 04:00:00,2.0,SURF,True,EXTREME_TYPE1,278,12,12,"(115.14, 23.2);(115.14, 23.6);(115.55, 22.8);(115.55, 23.2);(115.55, 23.6);(115.55, 24.0);(115.95, 22.8);(115.95, 23.2);(115.95, 23.6);(115.95, 24.0);(116.36, 23.2);(116.36, 23.6)",True
59072,2018-03-14 21:00:00,14.9,SURF,True,EXTREME_TYPE1,185,9,9,"(111.86, 24.4);(111.86, 24.8);(112.27, 24.4);(112.27, 24.8);(112.27, 25.2);(112.68, 24.4);(112.68, 24.8);(112.68, 25.2);(113.09, 24.8)",True
59088,2018-04-14 11:00:00,52.1,SURF,True,EXTREME_TYPE1,202,12,12,"(112.68, 24.0);(112.68, 24.4);(113.09, 23.6);(113.09, 24.0);(113.09, 24.4);(113.09, 24.8);(113.5, 23.6);(113.5, 24.0);(113.5, 24.4);(113.5, 24.8);(113.91, 24.0);(113.91, 24.4)",True
59097,2018-04-14 13:00:00,37.5,SURF,True,EXTREME_TYPE1,126,10,10,"(113.5, 24.0);(113.91, 23.6);(113.91, 24.0);(113.91, 24.4);(114.32, 23.6);(114.32, 24.0);(114.32, 24.4);(114.73, 23.6);(114.73, 24.0);(114.73, 24.4)",True
59285,2018-04-14 16:00:00,11.1,SURF,True,EXTREME_TYPE1,253,10,10,"(113.09, 23.2);(113.09, 23.6);(113.09, 24.0);(113.5, 23.2);(113.5, 23.6);(113.5, 24.0);(113.91, 23.2);(113.91, 23.6);(113.91, 24.0);(114.32, 23.6)",True
59298,2018-04-14 22:00:00,6.7,SURF,True,EXTREME_TYPE1,211,11,11,"(113.91, 22.8);(113.91, 23.2);(113.91, 23.6);(114.32, 22.4);(114.32, 22.8);(114.32, 23.2);(114.32, 23.6);(114.73, 22.8);(114.73, 23.2);(114.73, 23.6);(115.14, 23.2)",True
59654,2018-04-30 15:00:00,60.9,SURF,True,EXTREME_TYPE1,183,10,10,"(109.82, 21.2);(109.82, 21.6);(109.82, 22.0);(110.23, 21.2);(110.23, 21.6);(110.23, 22.0);(110.64, 21.2);(110.64, 21.6);(110.64, 22.0);(111.05, 21.6)",True
59269,2018-05-01 13:00:00,21.7,SURF,True,EXTREME_TYPE1,232,9,9,"(111.45, 22.8);(111.45, 23.2);(111.45, 23.6);(111.86, 22.8);(111.86, 23.2);(111.86, 23.6);(112.27, 22.8);(112.27, 23.2);(112.27, 23.6)",True
59477,2018-05-04 02:00:00,72.6,SURF,True,EXTREME_TYPE1,600,10,10,"(111.86, 22.0);(111.86, 22.4);(111.86, 22.8);(112.27, 21.6);(112.27, 22.0);(112.27, 22.4);(112.27, 22.8);(112.68, 22.0);(112.68, 22.4);(112.68, 22.8)",True
59750,2018-05-05 18:00:00,39.5,SURF,True,EXTREME_TYPE1,148,11,11,"(109.41, 21.2);(109.82, 20.4);(109.82, 20.8);(109.82, 21.2);(109.82, 21.6);(110.23, 20.4);(110.23, 20.8);(110.23, 21.2);(110.23, 21.6);(110.64, 20.8);(110.64, 21.2)",True
59314,2018-05-07 12:00:00,51.2,SURF,True,EXTREME_TYPE1,221,12,12,"(115.55, 23.2);(115.55, 23.6);(115.95, 22.8);(115.95, 23.2);(115.95, 23.6);(115.95, 24.0);(116.36, 22.8);(116.36, 23.2);(116.36, 23.6);(116.36, 24.0);(116.77, 23.2);(116.77, 23.6)",True
59287,2018-05-07 18:00:00,52.8,SURF,True,EXTREME_TYPE1,401,9,9,"(113.09, 22.8);(113.09, 23.2);(113.09, 23.6);(113.5, 22.8);(113.5, 23.2);(113.5, 23.6);(113.91, 22.8);(113.91, 23.2);(113.91, 23.6)",True
59314,2018-05-07 22:00:00,6.9,SURF,True,EXTREME_TYPE1,209,12,12,"(115.55, 23.2);(115.55, 23.6);(115.95, 22.8);(115.95, 23.2);(115.95, 23.6);(115.95, 24.0);(116.36, 22.8);(116.36, 23.2);(116.36, 23.6);(116.36, 24.0);(116.77, 23.2);(116.77, 23.6)",True
59471,2018-05-08 02:00:00,76.6,SURF,True,EXTREME_TYPE1,561,12,12,"(111.45, 22.8);(111.45, 23.2);(111.86, 22.4);(111.86, 22.8);(111.86, 23.2);(111.86, 23.6);(112.27, 22.4);(112.27, 22.8);(112.27, 23.2);(112.27, 23.6);(112.68, 22.8);(112.68, 23.2)",True
59315,2018-05-08 19:00:00,54.8,SURF,True,EXTREME_TYPE1,116,10,10,"(115.95, 23.2);(115.95, 23.6);(115.95, 24.0);(116.36, 23.2);(116.36, 23.6);(116.36, 24.0);(116.77, 23.2);(116.77, 23.6);(116.77, 24.0);(117.18, 23.6)",True
59269,2018-05-09 03:00:00,5.5,SURF,True,EXTREME_TYPE1,230,9,9,"(111.45, 22.8);(111.45, 23.2);(111.45, 23.6);(111.86, 22.8);(111.86, 23.2);(111.86, 23.6);(112.27, 22.8);(112.27, 23.2);(112.27, 23.6)",True
59088,2018-05-09 14:00:00,1.6,SURF,True,EXTREME_TYPE1,201,12,12,"(112.68, 24.0);(112.68, 24.4);(113.09, 23.6);(113.09, 24.0);(113.09, 24.4);(113.09, 24.8);(113.5, 23.6);(113.5, 24.0);(113.5, 24.4);(113.5, 24.8);(113.91, 24.0);(113.91, 24.4)",True
59279,2018-05-10 05:00:00,6.3,SURF,True,EXTREME_TYPE1,490,12,12,"(112.27, 22.8);(112.27, 23.2);(112.27, 23.6);(112.68, 22.8);(112.68, 23.2);(112.68, 23.6);(113.09, 22.8);(113.09, 23.2);(113.09, 23.6);(113.5, 22.8);(113.5, 23.2);(113.5, 23.6)",True
59656,2018-05-10 21:00:00,28.3,SURF,True,EXTREME_TYPE1,143,11,11,"(110.23, 21.2);(110.23, 21.6);(110.64, 20.8);(110.64, 21.2);(110.64, 21.6);(110.64, 22.0);(111.05, 21.2);(111.05, 21.6);(111.05, 22.0);(111.45, 21.2);(111.45, 21.6)",True
59655,2018-05-12 11:00:00,20.5,SURF,True,EXTREME_TYPE1,203,10,10,"(110.23, 21.2);(110.23, 21.6);(110.23, 22.0);(110.64, 21.2);(110.64, 21.6);(110.64, 22.0);(110.64, 22.4);(111.05, 21.2);(111.05, 21.6);(111.05, 22.0)",True
57988,2018-05-12 18:00:00,8.3,SURF,True,EXTREME_TYPE1,75,11,11,"(112.68, 24.8);(112.68, 25.2);(113.09, 24.8);(113.09, 25.2);(113.09, 25.6);(113.5, 24.8);(113.5, 25.2);(113.5, 25.6);(113.91, 24.8);(113.91, 25.2);(113.91, 25.6)",True
59650,2018-05-17 16:00:00,49.7,SURF,True,EXTREME_TYPE1,181,11,11,"(109.82, 21.2);(109.82, 21.6);(109.82, 22.0);(110.23, 20.8);(110.23, 21.2);(110.23, 21.6);(110.23, 22.0);(110.64, 20.8);(110.64, 21.2);(110.64, 21.6);(110.64, 22.0)",True
59650,2018-05-18 17:00:00,18.0,SURF,True,EXTREME_TYPE1,183,11,11,"(109.82, 21.2);(109.82, 21.6);(109.82, 22.0);(110.23, 20.8);(110.23, 21.2);(110.23, 21.6);(110.23, 22.0);(110.64, 20.8);(110.64, 21.2);(110.64, 21.6);(110.64, 22.0)",True
59477,2018-05-28 14:00:00,12.7,SURF,True,EXTREME_TYPE1,605,10,10,"(111.86, 22.0);(111.86, 22.4);(111.86, 22.8);(112.27, 21.6);(112.27, 22.0);(112.27, 22.4);(112.27, 22.8);(112.68, 22.0);(112.68, 22.4);(112.68, 22.8)",True
59264,2018-06-01 19:00:00,23.6,SURF,True,EXTREME_TYPE1,101,9,9,"(111.05, 23.2);(111.45, 22.8);(111.45, 23.2);(111.45, 23.6);(111.45, 24.0);(111.86, 22.8);(111.86, 23.2);(111.86, 23.6);(111.86, 24.0)",True
59673,2018-06-02 09:00:00,59.9,SURF,True,EXTREME_TYPE1,52,8,1,"(112.68, 22.4)",True
59289,2018-06-03 20:00:00,15.2,SURF,True,EXTREME_TYPE1,435,12,12,"(113.09, 22.8);(113.09, 23.2);(113.5, 22.4);(113.5, 22.8);(113.5, 23.2);(113.5, 23.6);(113.91, 22.4);(113.91, 22.8);(113.91, 23.2);(113.91, 23.6);(114.32, 22.8);(114.32, 23.2)",True
59487,2018-06-06 05:00:00,2.2,SURF,True,EXTREME_TYPE1,459,12,12,"(112.68, 22.0);(112.68, 22.4);(113.09, 21.6);(113.09, 22.0);(113.09, 22.4);(113.09, 22.8);(113.5, 21.6);(113.5, 22.0);(113.5, 22.4);(113.5, 22.8);(113.91, 22.0);(113.91, 22.4)",True
59478,2018-06-06 06:00:00,64.8,SURF,True,EXTREME_TYPE1,574,12,12,"(112.27, 22.0);(112.27, 22.4);(112.68, 21.6);(112.68, 22.0);(112.68, 22.4);(112.68, 22.8);(113.09, 21.6);(113.09, 22.0);(113.09, 22.4);(113.09, 22.8);(113.5, 22.0);(113.5, 22.4)",True
59303,2018-06-06 19:00:00,9.5,SURF,True,EXTREME_TYPE1,295,10,10,"(115.14, 23.6);(115.14, 24.0);(115.55, 23.6);(115.55, 24.0);(115.55, 24.4);(115.95, 23.6);(115.95, 24.0);(115.95, 24.4);(116.36, 23.6);(116.36, 24.0)",True
59485,2018-06-07 08:00:00,10.7,SURF,True,EXTREME_TYPE1,679,12,12,"(112.68, 22.4);(112.68, 22.8);(113.09, 22.0);(113.09, 22.4);(113.09, 22.8);(113.5, 22.0);(113.5, 22.4);(113.5, 22.8);(113.5, 23.2);(113.91, 22.0);(113.91, 22.4);(113.91, 22.8)",True
59480,2018-06-07 09:00:00,27.9,SURF,True,EXTREME_TYPE1,680,10,10,"(112.68, 22.4);(112.68, 22.8);(112.68, 23.2);(113.09, 22.4);(113.09, 22.8);(113.09, 23.2);(113.5, 22.4);(113.5, 22.8);(113.5, 23.2);(113.91, 22.8)",True
59493,2018-06-07 21:00:00,15.3,SURF,True,EXTREME_TYPE1,287,13,13,"(113.5, 22.0);(113.5, 22.4);(113.5, 22.8);(113.91, 22.0);(113.91, 22.4);(113.91, 22.8);(113.91, 23.2);(114.32, 22.0);(114.32, 22.4);(114.32, 22.8);(114.32, 23.2);(114.73, 22.4);(114.73, 22.8)",True
59485,2018-06-08 05:00:00,40.5,SURF,True,EXTREME_TYPE1,678,12,12,"(112.68, 22.4);(112.68, 22.8);(113.09, 22.0);(113.09, 22.4);(113.09, 22.8);(113.5, 22.0);(113.5, 22.4);(113.5, 22.8);(113.5, 23.2);(113.91, 22.0);(113.91, 22.4);(113.91, 22.8)",True
59279,2018-06-08 07:00:00,20.0,SURF,True,EXTREME_TYPE1,538,12,12,"(112.27, 22.8);(112.27, 23.2);(112.27, 23.6);(112.68, 22.8);(112.68, 23.2);(112.68, 23.6);(113.09, 22.8);(113.09, 23.2);(113.09, 23.6);(113.5, 22.8);(113.5, 23.2);(113.5, 23.6)",True
59501,2018-06-08 09:00:00,48.3,SURF,True,EXTREME_TYPE1,275,12,12,"(114.73, 22.4);(114.73, 22.8);(114.73, 23.2);(115.14, 22.4);(115.14, 22.8);(115.14, 23.2);(115.55, 22.4);(115.55, 22.8);(115.55, 23.2);(115.95, 22.4);(115.95, 22.8);(115.95, 23.2)",True
59287,2018-06-08 12:00:00,17.1,SURF,True,EXTREME_TYPE1,399,9,9,"(113.09, 22.8);(113.09, 23.2);(113.09, 23.6);(113.5, 22.8);(113.5, 23.2);(113.5, 23.6);(113.91, 22.8);(113.91, 23.2);(113.91, 23.6)",True
59288,2018-06-08 13:00:00,52.7,SURF,True,EXTREME_TYPE1,540,10,10,"(112.27, 23.2);(112.68, 22.8);(112.68, 23.2);(112.68, 23.6);(113.09, 22.8);(113.09, 23.2);(113.09, 23.6);(113.5, 22.8);(113.5, 23.2);(113.5, 23.6)",True
59287,2018-06-08 19:00:00,52.7,SURF,True,EXTREME_TYPE1,401,9,9,"(113.09, 22.8);(113.09, 23.2);(113.09, 23.6);(113.5, 22.8);(113.5, 23.2);(113.5, 23.6);(113.91, 22.8);(113.91, 23.2);(113.91, 23.6)",True
59294,2018-06-09 02:00:00,58.6,SURF,True,EXTREME_TYPE1,256,11,11,"(113.09, 23.2);(113.5, 22.8);(113.5, 23.2);(113.5, 23.6);(113.91, 22.8);(113.91, 23.2);(113.91, 23.6);(113.91, 24.0);(114.32, 22.8);(114.32, 23.2);(114.32, 23.6)",True
59485,2018-06-12 20:00:00,13.3,SURF,True,EXTREME_TYPE1,677,12,12,"(112.68, 22.4);(112.68, 22.8);(113.09, 22.0);(113.09, 22.4);(113.09, 22.8);(113.5, 22.0);(113.5, 22.4);(113.5, 22.8);(113.5, 23.2);(113.91, 22.0);(113.91, 22.4);(113.91, 22.8)",True
59470,2018-06-13 07:00:00,5.9,SURF,True,EXTREME_TYPE1,561,10,10,"(111.45, 22.8);(111.86, 22.4);(111.86, 22.8);(111.86, 23.2);(112.27, 22.4);(112.27, 22.8);(112.27, 23.2);(112.68, 22.4);(112.68, 22.8);(112.68, 23.2)",True
59114,2018-06-13 18:00:00,2.4,SURF,True,EXTREME_TYPE1,67,10,10,"(115.55, 24.4);(115.55, 24.8);(115.95, 24.0);(115.95, 24.4);(115.95, 24.8);(116.36, 24.0);(116.36, 24.4);(116.36, 24.8);(116.77, 24.4);(116.77, 24.8)",True
59324,2018-06-18 22:00:00,54.2,SURF,True,EXTREME_TYPE1,33,10,10,"(116.36, 23.2);(116.36, 23.6);(116.77, 22.8);(116.77, 23.2);(116.77, 23.6);(116.77, 24.0);(117.18, 23.2);(117.18, 23.6);(117.18, 24.0);(117.59, 23.6)",True
59502,2018-06-22 04:00:00,53.2,SURF,True,EXTREME_TYPE1,248,12,12,"(115.14, 22.8);(115.14, 23.2);(115.55, 22.4);(115.55, 22.8);(115.55, 23.2);(115.55, 23.6);(115.95, 22.4);(115.95, 22.8);(115.95, 23.2);(115.95, 23.6);(116.36, 22.8);(116.36, 23.2)",True
59673,2018-06-22 08:00:00,23.8,SURF,True,EXTREME_TYPE1,53,8,8,"(112.27, 21.6);(112.27, 22.0);(112.68, 21.6);(112.68, 22.0);(112.68, 22.4);(113.09, 21.6);(113.09, 22.0);(113.5, 21.6)",True
59475,2018-06-24 05:00:00,35.8,SURF,True,EXTREME_TYPE1,775,9,9,"(112.27, 22.0);(112.27, 22.4);(112.27, 22.8);(112.68, 22.0);(112.68, 22.4);(112.68, 22.8);(113.09, 22.0);(113.09, 22.4);(113.09, 22.8)",True
59287,2018-07-06 16:00:00,63.2,SURF,True,EXTREME_TYPE1,399,9,9,"(113.09, 22.8);(113.09, 23.2);(113.09, 23.6);(113.5, 22.8);(113.5, 23.2);(113.5, 23.6);(113.91, 22.8);(113.91, 23.2);(113.91, 23.6)",True
59306,2018-07-09 15:00:00,24.0,SURF,True,EXTREME_TYPE1,293,12,12,"(115.14, 23.2);(115.14, 23.6);(115.55, 22.8);(115.55, 23.2);(115.55, 23.6);(115.55, 24.0);(115.95, 22.8);(115.95, 23.2);(115.95, 23.6);(115.95, 24.0);(116.36, 23.2);(116.36, 23.6)",True
59270,2018-07-13 17:00:00,37.7,SURF,True,EXTREME_TYPE1,180,10,10,"(111.45, 24.0);(111.86, 23.6);(111.86, 24.0);(111.86, 24.4);(112.27, 23.6);(112.27, 24.0);(112.27, 24.4);(112.68, 23.6);(112.68, 24.0);(112.68, 24.4)",True
59487,2018-07-17 21:00:00,58.3,SURF,True,EXTREME_TYPE1,454,12,12,"(112.68, 22.0);(112.68, 22.4);(113.09, 21.6);(113.09, 22.0);(113.09, 22.4);(113.09, 22.8);(113.5, 21.6);(113.5, 22.0);(113.5, 22.4);(113.5, 22.8);(113.91, 22.0);(113.91, 22.4)",True
59478,2018-07-17 23:00:00,35.6,SURF,True,EXTREME_TYPE1,568,12,12,"(112.27, 22.0);(112.27, 22.4);(112.68, 21.6);(112.68, 22.0);(112.68, 22.4);(112.68, 22.8);(113.09, 21.6);(113.09, 22.0);(113.09, 22.4);(113.09, 22.8);(113.5, 22.0);(113.5, 22.4)",True
59658,2018-07-18 14:00:00,5.5,SURF,True,EXTREME_TYPE1,113,10,10,"(109.82, 20.8);(109.82, 21.2);(109.82, 21.6);(110.23, 20.8);(110.23, 21.2);(110.23, 21.6);(110.64, 20.8);(110.64, 21.2);(110.64, 21.6);(111.05, 21.2)",True
59315,2018-07-21 21:00:00,7.5,SURF,True,EXTREME_TYPE1,115,10,9,"(115.95, 23.2);(115.95, 23.6);(115.95, 24.0);(116.36, 23.2);(116.36, 23.6);(116.36, 24.0);(116.77, 23.6);(116.77, 24.0);(117.18, 23.6)",True
59487,2018-07-23 18:00:00,12.0,SURF,True,EXTREME_TYPE1,456,12,12,"(112.68, 22.0);(112.68, 22.4);(113.09, 21.6);(113.09, 22.0);(113.09, 22.4);(113.09, 22.8);(113.5, 21.6);(113.5, 22.0);(113.5, 22.4);(113.5, 22.8);(113.91, 22.0);(113.91, 22.4)",True
59287,2018-07-24 11:00:00,12.4,SURF,True,EXTREME_TYPE1,390,9,9,"(113.09, 22.8);(113.09, 23.2);(113.09, 23.6);(113.5, 22.8);(113.5, 23.2);(113.5, 23.6);(113.91, 22.8);(113.91, 23.2);(113.91, 23.6)",True
59279,2018-07-26 13:00:00,56.5,SURF,True,EXTREME_TYPE1,527,12,12,"(112.27, 22.8);(112.27, 23.2);(112.27, 23.6);(112.68, 22.8);(112.68, 23.2);(112.68, 23.6);(113.09, 22.8);(113.09, 23.2);(113.09, 23.6);(113.5, 22.8);(113.5, 23.2);(113.5, 23.6)",True
59750,2018-07-26 16:00:00,34.5,SURF,True,EXTREME_TYPE1,147,11,11,"(109.41, 21.2);(109.82, 20.4);(109.82, 20.8);(109.82, 21.2);(109.82, 21.6);(110.23, 20.4);(110.23, 20.8);(110.23, 21.2);(110.23, 21.6);(110.64, 20.8);(110.64, 21.2)",True
59477,2018-07-29 14:00:00,11.3,SURF,True,EXTREME_TYPE1,610,10,10,"(111.86, 22.0);(111.86, 22.4);(111.86, 22.8);(112.27, 21.6);(112.27, 22.0);(112.27, 22.4);(112.27, 22.8);(112.68, 22.0);(112.68, 22.4);(112.68, 22.8)",True
59293,2018-08-02 11:00:00,30.9,SURF,True,EXTREME_TYPE1,120,11,11,"(114.32, 23.2);(114.32, 23.6);(114.32, 24.0);(114.73, 23.2);(114.73, 23.6);(114.73, 24.0);(114.73, 24.4);(115.14, 23.2);(115.14, 23.6);(115.14, 24.0);(115.14, 24.4)",True
59659,2018-08-07 14:00:00,55.6,SURF,True,EXTREME_TYPE1,192,12,12,"(110.23, 21.6);(110.23, 22.0);(110.64, 21.2);(110.64, 21.6);(110.64, 22.0);(110.64, 22.4);(111.05, 21.2);(111.05, 21.6);(111.05, 22.0);(111.05, 22.4);(111.45, 21.6);(111.45, 22.0)",True
59082,2018-08-07 17:00:00,24.5,SURF,True,EXTREME_TYPE1,154,12,11,"(113.09, 24.4);(113.09, 24.8);(113.5, 24.0);(113.5, 24.4);(113.5, 24.8);(113.5, 25.2);(113.91, 24.4);(113.91, 24.8);(113.91, 25.2);(114.32, 24.4);(114.32, 24.8)",True
59094,2018-08-10 14:00:00,13.1,SURF,True,EXTREME_TYPE1,104,12,6,"(113.5, 24.0);(113.5, 24.4);(113.91, 24.0);(113.91, 24.4);(114.32, 24.0);(114.73, 24.0)",True
59754,2018-08-10 16:00:00,50.6,SURF,True,EXTREME_TYPE1,83,5,5,"(109.82, 20.4);(109.82, 20.8);(110.23, 20.4);(110.23, 20.8);(110.64, 20.8)",True
59471,2018-08-10 20:00:00,8.5,SURF,True,EXTREME_TYPE1,561,12,12,"(111.45, 22.8);(111.45, 23.2);(111.86, 22.4);(111.86, 22.8);(111.86, 23.2);(111.86, 23.6);(112.27, 22.4);(112.27, 22.8);(112.27, 23.2);(112.27, 23.6);(112.68, 22.8);(112.68, 23.2)",True
59656,2018-08-11 01:00:00,12.3,SURF,True,EXTREME_TYPE1,145,11,11,"(110.23, 21.2);(110.23, 21.6);(110.64, 20.8);(110.64, 21.2);(110.64, 21.6);(110.64, 22.0);(111.05, 21.2);(111.05, 21.6);(111.05, 22.0);(111.45, 21.2);(111.45, 21.6)",True
59501,2018-08-11 08:00:00,10.0,SURF,True,EXTREME_TYPE1,275,12,12,"(114.73, 22.4);(114.73, 22.8);(114.73, 23.2);(115.14, 22.4);(115.14, 22.8);(115.14, 23.2);(115.55, 22.4);(115.55, 22.8);(115.55, 23.2);(115.95, 22.4);(115.95, 22.8);(115.95, 23.2)",True
59469,2018-08-11 14:00:00,51.0,SURF,True,EXTREME_TYPE1,284,11,11,"(111.05, 22.0);(111.45, 21.6);(111.45, 22.0);(111.45, 22.4);(111.86, 21.6);(111.86, 22.0);(111.86, 22.4);(111.86, 22.8);(112.27, 21.6);(112.27, 22.0);(112.27, 22.4)",True
59469,2018-08-11 15:00:00,81.3,SURF,True,EXTREME_TYPE1,282,11,11,"(111.05, 22.0);(111.45, 21.6);(111.45, 22.0);(111.45, 22.4);(111.86, 21.6);(111.86, 22.0);(111.86, 22.4);(111.86, 22.8);(112.27, 21.6);(112.27, 22.0);(112.27, 22.4)",True
59477,2018-08-12 03:00:00,24.2,SURF,True,EXTREME_TYPE1,617,10,10,"(111.86, 22.0);(111.86, 22.4);(111.86, 22.8);(112.27, 21.6);(112.27, 22.0);(112.27, 22.4);(112.27, 22.8);(112.68, 22.0);(112.68, 22.4);(112.68, 22.8)",True
59655,2018-08-16 02:00:00,1.9,SURF,True,EXTREME_TYPE1,207,10,9,"(110.23, 21.2);(110.23, 21.6);(110.23, 22.0);(110.64, 21.2);(110.64, 21.6);(110.64, 22.0);(111.05, 21.2);(111.05, 21.6);(111.05, 22.0)",True
59480,2018-08-19 16:00:00,50.0,SURF,True,EXTREME_TYPE1,671,10,10,"(112.68, 22.4);(112.68, 22.8);(112.68, 23.2);(113.09, 22.4);(113.09, 22.8);(113.09, 23.2);(113.5, 22.4);(113.5, 22.8);(113.5, 23.2);(113.91, 22.8)",True
59317,2018-08-20 05:00:00,51.6,SURF,True,EXTREME_TYPE1,179,9,9,"(115.95, 22.4);(115.95, 22.8);(115.95, 23.2);(115.95, 23.6);(116.36, 22.8);(116.36, 23.2);(116.36, 23.6);(116.77, 22.8);(116.77, 23.2)",True
59288,2018-08-21 21:00:00,65.8,SURF,True,EXTREME_TYPE1,532,10,10,"(112.27, 23.2);(112.68, 22.8);(112.68, 23.2);(112.68, 23.6);(113.09, 22.8);(113.09, 23.2);(113.09, 23.6);(113.5, 22.8);(113.5, 23.2);(113.5, 23.6)",True
59473,2018-08-21 22:00:00,58.3,SURF,True,EXTREME_TYPE1,747,10,10,"(112.27, 22.8);(112.68, 22.4);(112.68, 22.8);(112.68, 23.2);(113.09, 22.4);(113.09, 22.8);(113.09, 23.2);(113.5, 22.4);(113.5, 22.8);(113.5, 23.2)",True
59097,2018-08-22 03:00:00,18.8,SURF,True,EXTREME_TYPE1,127,10,10,"(113.5, 24.0);(113.91, 23.6);(113.91, 24.0);(113.91, 24.4);(114.32, 23.6);(114.32, 24.0);(114.32, 24.4);(114.73, 23.6);(114.73, 24.0);(114.73, 24.4)",True
59284,2018-08-22 16:00:00,39.4,SURF,True,EXTREME_TYPE1,394,12,12,"(112.68, 23.2);(112.68, 23.6);(113.09, 22.8);(113.09, 23.2);(113.09, 23.6);(113.09, 24.0);(113.5, 22.8);(113.5, 23.2);(113.5, 23.6);(113.5, 24.0);(113.91, 23.2);(113.91, 23.6)",True
59659,2018-08-23 16:00:00,139.9,SURF,True,EXTREME_TYPE1,194,12,12,"(110.23, 21.6);(110.23, 22.0);(110.64, 21.2);(110.64, 21.6);(110.64, 22.0);(110.64, 22.4);(111.05, 21.2);(111.05, 21.6);(111.05, 22.0);(111.05, 22.4);(111.45, 21.6);(111.45, 22.0)",True
59750,2018-08-23 18:00:00,51.0,SURF,True,EXTREME_TYPE1,149,11,11,"(109.41, 21.2);(109.82, 20.4);(109.82, 20.8);(109.82, 21.2);(109.82, 21.6);(110.23, 20.4);(110.23, 20.8);(110.23, 21.2);(110.23, 21.6);(110.64, 20.8);(110.64, 21.2)",True
59318,2018-08-26 22:00:00,1.8,SURF,True,EXTREME_TYPE1,116,12,12,"(115.95, 23.2);(115.95, 23.6);(116.36, 22.8);(116.36, 23.2);(116.36, 23.6);(116.36, 24.0);(116.77, 22.8);(116.77, 23.2);(116.77, 23.6);(116.77, 24.0);(117.18, 23.2);(117.18, 23.6)",True
59655,2018-08-26 23:00:00,51.7,SURF,True,EXTREME_TYPE1,201,10,10,"(110.23, 21.2);(110.23, 21.6);(110.23, 22.0);(110.64, 21.2);(110.64, 21.6);(110.64, 22.0);(110.64, 22.4);(111.05, 21.2);(111.05, 21.6);(111.05, 22.0)",True
59271,2018-08-27 20:00:00,5.5,SURF,True,EXTREME_TYPE1,265,11,11,"(111.86, 23.2);(111.86, 23.6);(111.86, 24.0);(112.27, 23.2);(112.27, 23.6);(112.27, 24.0);(112.68, 23.2);(112.68, 23.6);(112.68, 24.0);(113.09, 23.6);(113.09, 24.0)",True
59492,2018-08-28 01:00:00,2.9,SURF,True,EXTREME_TYPE1,186,11,11,"(114.32, 22.4);(114.32, 22.8);(114.32, 23.2);(114.32, 23.6);(114.73, 22.4);(114.73, 22.8);(114.73, 23.2);(114.73, 23.6);(115.14, 22.8);(115.14, 23.2);(115.14, 23.6)",True
59654,2018-08-28 12:00:00,6.2,SURF,True,EXTREME_TYPE1,182,10,10,"(109.82, 21.2);(109.82, 21.6);(109.82, 22.0);(110.23, 21.2);(110.23, 21.6);(110.23, 22.0);(110.64, 21.2);(110.64, 21.6);(110.64, 22.0);(111.05, 21.6)",True
59279,2018-08-29 15:00:00,28.9,SURF,True,EXTREME_TYPE1,533,12,12,"(112.27, 22.8);(112.27, 23.2);(112.27, 23.6);(112.68, 22.8);(112.68, 23.2);(112.68, 23.6);(113.09, 22.8);(113.09, 23.2);(113.09, 23.6);(113.5, 22.8);(113.5, 23.2);(113.5, 23.6)",True
59317,2018-08-29 16:00:00,5.1,SURF,True,EXTREME_TYPE1,179,9,9,"(115.95, 22.4);(115.95, 22.8);(115.95, 23.2);(115.95, 23.6);(116.36, 22.8);(116.36, 23.2);(116.36, 23.6);(116.77, 22.8);(116.77, 23.2)",True
59318,2018-08-30 14:00:00,56.2,SURF,True,EXTREME_TYPE1,118,12,12,"(115.95, 23.2);(115.95, 23.6);(116.36, 22.8);(116.36, 23.2);(116.36, 23.6);(116.36, 24.0);(116.77, 22.8);(116.77, 23.2);(116.77, 23.6);(116.77, 24.0);(117.18, 23.2);(117.18, 23.6)",True
59097,2018-08-30 15:00:00,17.7,SURF,True,EXTREME_TYPE1,127,10,10,"(113.5, 24.0);(113.91, 23.6);(113.91, 24.0);(113.91, 24.4);(114.32, 23.6);(114.32, 24.0);(114.32, 24.4);(114.73, 23.6);(114.73, 24.0);(114.73, 24.4)",True
59653,2018-08-30 20:00:00,57.0,SURF,True,EXTREME_TYPE1,183,11,11,"(110.23, 21.6);(110.23, 22.0);(110.64, 21.6);(110.64, 22.0);(110.64, 22.4);(111.05, 21.6);(111.05, 22.0);(111.05, 22.4);(111.45, 21.6);(111.45, 22.0);(111.45, 22.4)",True
59107,2018-08-31 05:00:00,8.0,SURF,True,EXTREME_TYPE1,189,12,12,"(114.73, 23.6);(114.73, 24.0);(114.73, 24.4);(115.14, 23.6);(115.14, 24.0);(115.14, 24.4);(115.14, 24.8);(115.55, 23.6);(115.55, 24.0);(115.55, 24.4);(115.95, 24.0);(115.95, 24.4)",True
59500,2018-08-31 07:00:00,44.8,SURF,True,EXTREME_TYPE1,275,12,12,"(114.73, 22.8);(114.73, 23.2);(115.14, 22.4);(115.14, 22.8);(115.14, 23.2);(115.14, 23.6);(115.55, 22.4);(115.55, 22.8);(115.55, 23.2);(115.55, 23.6);(115.95, 22.8);(115.95, 23.2)",True
59287,2018-08-31 14:00:00,23.3,SURF,True,EXTREME_TYPE1,397,9,9,"(113.09, 22.8);(113.09, 23.2);(113.09, 23.6);(113.5, 22.8);(113.5, 23.2);(113.5, 23.6);(113.91, 22.8);(113.91, 23.2);(113.91, 23.6)",True
59293,2018-08-31 15:00:00,1.7,SURF,True,EXTREME_TYPE1,121,11,11,"(114.32, 23.2);(114.32, 23.6);(114.32, 24.0);(114.73, 23.2);(114.73, 23.6);(114.73, 24.0);(114.73, 24.4);(115.14, 23.2);(115.14, 23.6);(115.14, 24.0);(115.14, 24.4)",True
59294,2018-08-31 16:00:00,14.6,SURF,True,EXTREME_TYPE1,260,11,11,"(113.09, 23.2);(113.5, 22.8);(113.5, 23.2);(113.5, 23.6);(113.91, 22.8);(113.91, 23.2);(113.91, 23.6);(113.91, 24.0);(114.32, 22.8);(114.32, 23.2);(114.32, 23.6)",True
59075,2018-09-01 11:00:00,34.7,SURF,True,EXTREME_TYPE1,189,12,11,"(111.86, 24.4);(112.27, 24.0);(112.27, 24.4);(112.27, 24.8);(112.68, 23.6);(112.68, 24.0);(112.68, 24.4);(112.68, 24.8);(113.09, 24.0);(113.09, 24.4);(113.09, 24.8)",True
59107,2018-09-02 18:00:00,27.5,SURF,True,EXTREME_TYPE1,186,12,11,"(114.73, 23.6);(114.73, 24.0);(114.73, 24.4);(115.14, 23.6);(115.14, 24.0);(115.14, 24.4);(115.14, 24.8);(115.55, 23.6);(115.55, 24.0);(115.55, 24.4);(115.95, 24.0)",True
59289,2018-09-02 18:00:00,11.4,SURF,True,EXTREME_TYPE1,435,12,12,"(113.09, 22.8);(113.09, 23.2);(113.5, 22.4);(113.5, 22.8);(113.5, 23.2);(113.5, 23.6);(113.91, 22.4);(113.91, 22.8);(113.91, 23.2);(113.91, 23.6);(114.32, 22.8);(114.32, 23.2)",True
59278,2018-09-06 17:00:00,57.5,SURF,True,EXTREME_TYPE1,722,12,12,"(111.86, 22.8);(111.86, 23.2);(112.27, 22.4);(112.27, 22.8);(112.27, 23.2);(112.27, 23.6);(112.68, 22.4);(112.68, 22.8);(112.68, 23.2);(112.68, 23.6);(113.09, 22.8);(113.09, 23.2)",True
59655,2018-09-07 20:00:00,41.9,SURF,True,EXTREME_TYPE1,200,10,10,"(110.23, 21.2);(110.23, 21.6);(110.23, 22.0);(110.64, 21.2);(110.64, 21.6);(110.64, 22.0);(110.64, 22.4);(111.05, 21.2);(111.05, 21.6);(111.05, 22.0)",True
59658,2018-09-13 06:00:00,12.5,SURF,True,EXTREME_TYPE1,113,10,10,"(109.82, 20.8);(109.82, 21.2);(109.82, 21.6);(110.23, 20.8);(110.23, 21.2);(110.23, 21.6);(110.64, 20.8);(110.64, 21.2);(110.64, 21.6);(111.05, 21.2)",True
59487,2018-09-16 12:00:00,19.1,SURF,True,EXTREME_TYPE1,458,12,12,"(112.68, 22.0);(112.68, 22.4);(113.09, 21.6);(113.09, 22.0);(113.09, 22.4);(113.09, 22.8);(113.5, 21.6);(113.5, 22.0);(113.5, 22.4);(113.5, 22.8);(113.91, 22.0);(113.91, 22.4)",True
59473,2018-09-16 15:00:00,13.3,SURF,True,EXTREME_TYPE1,737,10,10,"(112.27, 22.8);(112.68, 22.4);(112.68, 22.8);(112.68, 23.2);(113.09, 22.4);(113.09, 22.8);(113.09, 23.2);(113.5, 22.4);(113.5, 22.8);(113.5, 23.2)",True
59487,2018-09-16 16:00:00,18.8,SURF,True,EXTREME_TYPE1,445,12,12,"(112.68, 22.0);(112.68, 22.4);(113.09, 21.6);(113.09, 22.0);(113.09, 22.4);(113.09, 22.8);(113.5, 21.6);(113.5, 22.0);(113.5, 22.4);(113.5, 22.8);(113.91, 22.0);(113.91, 22.4)",True
59663,2018-09-17 05:00:00,56.1,SURF,True,EXTREME_TYPE1,180,11,11,"(111.45, 21.6);(111.45, 22.0);(111.86, 21.2);(111.86, 21.6);(111.86, 22.0);(111.86, 22.4);(112.27, 21.6);(112.27, 22.0);(112.27, 22.4);(112.68, 21.6);(112.68, 22.0)",True
59663,2018-09-17 06:00:00,74.6,SURF,True,EXTREME_TYPE1,175,11,11,"(111.45, 21.6);(111.45, 22.0);(111.86, 21.2);(111.86, 21.6);(111.86, 22.0);(111.86, 22.4);(112.27, 21.6);(112.27, 22.0);(112.27, 22.4);(112.68, 21.6);(112.68, 22.0)",True
59653,2018-09-17 10:00:00,10.6,SURF,True,EXTREME_TYPE1,152,11,11,"(110.23, 21.6);(110.23, 22.0);(110.64, 21.6);(110.64, 22.0);(110.64, 22.4);(111.05, 21.6);(111.05, 22.0);(111.05, 22.4);(111.45, 21.6);(111.45, 22.0);(111.45, 22.4)",True
59071,2018-09-17 13:00:00,15.8,SURF,True,EXTREME_TYPE1,106,8,8,"(111.86, 24.4);(111.86, 24.8);(112.27, 24.4);(112.27, 24.8);(112.27, 25.2);(112.68, 24.4);(112.68, 24.8);(112.68, 25.2)",True
59485,2018-09-24 09:00:00,34.4,SURF,True,EXTREME_TYPE1,678,12,12,"(112.68, 22.4);(112.68, 22.8);(113.09, 22.0);(113.09, 22.4);(113.09, 22.8);(113.5, 22.0);(113.5, 22.4);(113.5, 22.8);(113.5, 23.2);(113.91, 22.0);(113.91, 22.4);(113.91, 22.8)",True
59271,2018-10-15 04:00:00,6.4,SURF,True,EXTREME_TYPE1,260,11,11,"(111.86, 23.2);(111.86, 23.6);(111.86, 24.0);(112.27, 23.2);(112.27, 23.6);(112.27, 24.0);(112.68, 23.2);(112.68, 23.6);(112.68, 24.0);(113.09, 23.6);(113.09, 24.0)",True
59289,2018-10-15 17:00:00,20.3,SURF,True,EXTREME_TYPE1,434,12,12,"(113.09, 22.8);(113.09, 23.2);(113.5, 22.4);(113.5, 22.8);(113.5, 23.2);(113.5, 23.6);(113.91, 22.4);(113.91, 22.8);(113.91, 23.2);(113.91, 23.6);(114.32, 22.8);(114.32, 23.2)",True
59284,2018-10-17 06:00:00,5.8,SURF,True,EXTREME_TYPE1,398,12,12,"(112.68, 23.2);(112.68, 23.6);(113.09, 22.8);(113.09, 23.2);(113.09, 23.6);(113.09, 24.0);(113.5, 22.8);(113.5, 23.2);(113.5, 23.6);(113.5, 24.0);(113.91, 23.2);(113.91, 23.6)",True
59462,2018-10-22 20:00:00,33.6,SURF,True,EXTREME_TYPE1,366,11,11,"(111.05, 22.4);(111.05, 22.8);(111.05, 23.2);(111.45, 22.4);(111.45, 22.8);(111.45, 23.2);(111.86, 22.4);(111.86, 22.8);(111.86, 23.2);(112.27, 22.4);(112.27, 22.8)",True
59456,2018-10-22 21:00:00,72.6,SURF,True,EXTREME_TYPE1,177,10,10,"(110.23, 22.4);(110.64, 22.0);(110.64, 22.4);(110.64, 22.8);(111.05, 22.0);(111.05, 22.4);(111.05, 22.8);(111.45, 22.0);(111.45, 22.4);(111.45, 22.8)",True
59082,2018-12-08 19:00:00,1.9,SURF,True,EXTREME_TYPE1,160,12,12,"(113.09, 24.4);(113.09, 24.8);(113.09, 25.2);(113.5, 24.0);(113.5, 24.4);(113.5, 24.8);(113.5, 25.2);(113.91, 24.4);(113.91, 24.8);(113.91, 25.2);(114.32, 24.4);(114.32, 24.8)",True
59288,2019-02-18 10:00:00,15.4,SURF,True,EXTREME_TYPE1,544,10,10,"(112.27, 23.2);(112.68, 22.8);(112.68, 23.2);(112.68, 23.6);(113.09, 22.8);(113.09, 23.2);(113.09, 23.6);(113.5, 22.8);(113.5, 23.2);(113.5, 23.6)",True
59469,2019-02-18 10:00:00,33.9,SURF,True,EXTREME_TYPE1,290,11,11,"(111.05, 22.0);(111.45, 21.6);(111.45, 22.0);(111.45, 22.4);(111.86, 21.6);(111.86, 22.0);(111.86, 22.4);(111.86, 22.8);(112.27, 21.6);(112.27, 22.0);(112.27, 22.4)",True
59653,2019-02-21 17:00:00,12.4,SURF,True,EXTREME_TYPE1,189,11,11,"(110.23, 21.6);(110.23, 22.0);(110.64, 21.6);(110.64, 22.0);(110.64, 22.4);(111.05, 21.6);(111.05, 22.0);(111.05, 22.4);(111.45, 21.6);(111.45, 22.0);(111.45, 22.4)",True
59287,2019-02-21 18:00:00,54.7,SURF,True,EXTREME_TYPE1,406,9,9,"(113.09, 22.8);(113.09, 23.2);(113.09, 23.6);(113.5, 22.8);(113.5, 23.2);(113.5, 23.6);(113.91, 22.8);(113.91, 23.2);(113.91, 23.6)",True
59090,2019-02-23 15:00:00,5.3,SURF,True,EXTREME_TYPE1,53,12,12,"(113.5, 24.8);(113.5, 25.2);(113.91, 24.4);(113.91, 24.8);(113.91, 25.2);(113.91, 25.6);(114.32, 24.4);(114.32, 24.8);(114.32, 25.2);(114.32, 25.6);(114.73, 24.8);(114.73, 25.2)",True
59664,2019-02-23 15:00:00,11.8,SURF,True,EXTREME_TYPE1,196,10,10,"(110.23, 21.6);(110.64, 21.2);(110.64, 21.6);(110.64, 22.0);(111.05, 21.2);(111.05, 21.6);(111.05, 22.0);(111.45, 21.2);(111.45, 21.6);(111.45, 22.0)",True
59088,2019-02-23 19:00:00,1.5,SURF,True,EXTREME_TYPE1,206,12,12,"(112.68, 24.0);(112.68, 24.4);(113.09, 23.6);(113.09, 24.0);(113.09, 24.4);(113.09, 24.8);(113.5, 23.6);(113.5, 24.0);(113.5, 24.4);(113.5, 24.8);(113.91, 24.0);(113.91, 24.4)",True
59279,2019-02-23 20:00:00,1.6,SURF,True,EXTREME_TYPE1,544,12,12,"(112.27, 22.8);(112.27, 23.2);(112.27, 23.6);(112.68, 22.8);(112.68, 23.2);(112.68, 23.6);(113.09, 22.8);(113.09, 23.2);(113.09, 23.6);(113.5, 22.8);(113.5, 23.2);(113.5, 23.6)",True
59663,2019-03-06 12:00:00,26.6,SURF,True,EXTREME_TYPE1,214,11,11,"(111.45, 21.6);(111.45, 22.0);(111.86, 21.2);(111.86, 21.6);(111.86, 22.0);(111.86, 22.4);(112.27, 21.6);(112.27, 22.0);(112.27, 22.4);(112.68, 21.6);(112.68, 22.0)",True
59480,2019-03-09 09:00:00,6.7,SURF,True,EXTREME_TYPE1,682,10,10,"(112.68, 22.4);(112.68, 22.8);(112.68, 23.2);(113.09, 22.4);(113.09, 22.8);(113.09, 23.2);(113.5, 22.4);(113.5, 22.8);(113.5, 23.2);(113.91, 22.8)",True
59303,2019-03-22 18:00:00,63.2,SURF,True,EXTREME_TYPE1,296,10,10,"(115.14, 23.6);(115.14, 24.0);(115.55, 23.6);(115.55, 24.0);(115.55, 24.4);(115.95, 23.6);(115.95, 24.0);(115.95, 24.4);(116.36, 23.6);(116.36, 24.0)",True
59650,2019-03-23 08:00:00,56.1,SURF,True,EXTREME_TYPE1,185,11,11,"(109.82, 21.2);(109.82, 21.6);(109.82, 22.0);(110.23, 20.8);(110.23, 21.2);(110.23, 21.6);(110.23, 22.0);(110.64, 20.8);(110.64, 21.2);(110.64, 21.6);(110.64, 22.0)",True
59082,2019-03-23 09:00:00,2.5,SURF,True,EXTREME_TYPE1,160,12,12,"(113.09, 24.4);(113.09, 24.8);(113.09, 25.2);(113.5, 24.0);(113.5, 24.4);(113.5, 24.8);(113.5, 25.2);(113.91, 24.4);(113.91, 24.8);(113.91, 25.2);(114.32, 24.4);(114.32, 24.8)",True
59658,2019-03-23 09:00:00,70.9,SURF,True,EXTREME_TYPE1,118,10,10,"(109.82, 20.8);(109.82, 21.2);(109.82, 21.6);(110.23, 20.8);(110.23, 21.2);(110.23, 21.6);(110.64, 20.8);(110.64, 21.2);(110.64, 21.6);(111.05, 21.2)",True
59072,2019-03-24 01:00:00,7.7,SURF,True,EXTREME_TYPE1,189,9,9,"(111.86, 24.4);(111.86, 24.8);(112.27, 24.4);(112.27, 24.8);(112.27, 25.2);(112.68, 24.4);(112.68, 24.8);(112.68, 25.2);(113.09, 24.8)",True
59268,2019-03-29 11:00:00,1.4,SURF,True,EXTREME_TYPE1,342,9,9,"(111.05, 22.8);(111.05, 23.2);(111.45, 22.8);(111.45, 23.2);(111.45, 23.6);(111.86, 22.8);(111.86, 23.2);(111.86, 23.6);(112.27, 23.2)",True
59094,2019-03-29 13:00:00,8.8,SURF,True,EXTREME_TYPE1,112,12,12,"(113.5, 24.0);(113.5, 24.4);(113.5, 24.8);(113.91, 24.0);(113.91, 24.4);(113.91, 24.8);(114.32, 24.0);(114.32, 24.4);(114.32, 24.8);(114.73, 24.0);(114.73, 24.4);(114.73, 24.8)",True
59075,2019-03-31 09:00:00,4.5,SURF,True,EXTREME_TYPE1,195,12,12,"(111.86, 24.0);(111.86, 24.4);(112.27, 24.0);(112.27, 24.4);(112.27, 24.8);(112.68, 23.6);(112.68, 24.0);(112.68, 24.4);(112.68, 24.8);(113.09, 24.0);(113.09, 24.4);(113.09, 24.8)",True
59470,2019-03-31 22:00:00,15.2,SURF,True,EXTREME_TYPE1,570,10,10,"(111.45, 22.8);(111.86, 22.4);(111.86, 22.8);(111.86, 23.2);(112.27, 22.4);(112.27, 22.8);(112.27, 23.2);(112.68, 22.4);(112.68, 22.8);(112.68, 23.2)",True
59456,2019-04-12 08:00:00,3.9,SURF,True,EXTREME_TYPE1,178,10,10,"(110.23, 22.4);(110.64, 22.0);(110.64, 22.4);(110.64, 22.8);(111.05, 22.0);(111.05, 22.4);(111.05, 22.8);(111.45, 22.0);(111.45, 22.4);(111.45, 22.8)",True
59650,2019-04-12 08:00:00,66.7,SURF,True,EXTREME_TYPE1,186,11,11,"(109.82, 21.2);(109.82, 21.6);(109.82, 22.0);(110.23, 20.8);(110.23, 21.2);(110.23, 21.6);(110.23, 22.0);(110.64, 20.8);(110.64, 21.2);(110.64, 21.6);(110.64, 22.0)",True
59653,2019-04-12 09:00:00,32.1,SURF,True,EXTREME_TYPE1,185,11,11,"(110.23, 21.6);(110.23, 22.0);(110.64, 21.6);(110.64, 22.0);(110.64, 22.4);(111.05, 21.6);(111.05, 22.0);(111.05, 22.4);(111.45, 21.6);(111.45, 22.0);(111.45, 22.4)",True
59462,2019-04-12 10:00:00,3.8,SURF,True,EXTREME_TYPE1,364,11,11,"(111.05, 22.4);(111.05, 22.8);(111.05, 23.2);(111.45, 22.4);(111.45, 22.8);(111.45, 23.2);(111.86, 22.4);(111.86, 22.8);(111.86, 23.2);(112.27, 22.4);(112.27, 22.8)",True
59664,2019-04-13 17:00:00,70.0,SURF,True,EXTREME_TYPE1,198,10,10,"(110.23, 21.6);(110.64, 21.2);(110.64, 21.6);(110.64, 22.0);(111.05, 21.2);(111.05, 21.6);(111.05, 22.0);(111.45, 21.2);(111.45, 21.6);(111.45, 22.0)",True
59456,2019-04-14 17:00:00,57.5,SURF,True,EXTREME_TYPE1,170,10,10,"(110.23, 22.4);(110.64, 22.0);(110.64, 22.4);(110.64, 22.8);(111.05, 22.0);(111.05, 22.4);(111.05, 22.8);(111.45, 22.0);(111.45, 22.4);(111.45, 22.8)",True
59469,2019-04-14 17:00:00,29.2,SURF,True,EXTREME_TYPE1,279,11,11,"(111.05, 22.0);(111.45, 21.6);(111.45, 22.0);(111.45, 22.4);(111.86, 21.6);(111.86, 22.0);(111.86, 22.4);(111.86, 22.8);(112.27, 21.6);(112.27, 22.0);(112.27, 22.4)",True
59074,2019-04-18 14:00:00,20.6,SURF,True,EXTREME_TYPE1,166,9,9,"(111.86, 24.0);(111.86, 24.4);(111.86, 24.8);(112.27, 24.0);(112.27, 24.4);(112.27, 24.8);(112.27, 25.2);(112.68, 24.4);(112.68, 24.8)",True
59109,2019-04-18 20:00:00,26.9,SURF,True,EXTREME_TYPE1,186,12,12,"(115.14, 24.0);(115.14, 24.4);(115.55, 23.6);(115.55, 24.0);(115.55, 24.4);(115.55, 24.8);(115.95, 23.6);(115.95, 24.0);(115.95, 24.4);(115.95, 24.8);(116.36, 24.0);(116.36, 24.4)",True
59304,2019-04-19 03:00:00,33.8,SURF,True,EXTREME_TYPE1,195,9,9,"(114.73, 23.2);(114.73, 23.6);(114.73, 24.0);(115.14, 23.2);(115.14, 23.6);(115.14, 24.0);(115.55, 23.2);(115.55, 23.6);(115.55, 24.0)",True
59287,2019-04-19 05:00:00,29.9,SURF,True,EXTREME_TYPE1,402,9,9,"(113.09, 22.8);(113.09, 23.2);(113.09, 23.6);(113.5, 22.8);(113.5, 23.2);(113.5, 23.6);(113.91, 22.8);(113.91, 23.2);(113.91, 23.6)",True
59318,2019-04-19 15:00:00,15.7,SURF,True,EXTREME_TYPE1,118,12,12,"(115.95, 23.2);(115.95, 23.6);(116.36, 22.8);(116.36, 23.2);(116.36, 23.6);(116.36, 24.0);(116.77, 22.8);(116.77, 23.2);(116.77, 23.6);(116.77, 24.0);(117.18, 23.2);(117.18, 23.6)",True
59087,2019-04-20 10:00:00,30.0,SURF,True,EXTREME_TYPE1,206,10,10,"(113.09, 23.6);(113.09, 24.0);(113.09, 24.4);(113.5, 23.2);(113.5, 23.6);(113.5, 24.0);(113.5, 24.4);(113.91, 23.6);(113.91, 24.0);(113.91, 24.4)",True
59297,2019-04-20 14:00:00,58.7,SURF,True,EXTREME_TYPE1,180,10,10,"(113.5, 23.2);(113.91, 22.8);(113.91, 23.2);(113.91, 23.6);(114.32, 22.8);(114.32, 23.2);(114.32, 23.6);(114.73, 22.8);(114.73, 23.2);(114.73, 23.6)",True
59290,2019-04-21 21:00:00,56.4,SURF,True,EXTREME_TYPE1,159,11,11,"(113.5, 23.6);(113.91, 23.2);(113.91, 23.6);(113.91, 24.0);(113.91, 24.4);(114.32, 23.2);(114.32, 23.6);(114.32, 24.0);(114.32, 24.4);(114.73, 23.6);(114.73, 24.0)",True
59294,2019-04-22 18:00:00,54.6,SURF,True,EXTREME_TYPE1,255,11,11,"(113.09, 23.2);(113.5, 22.8);(113.5, 23.2);(113.5, 23.6);(113.91, 22.8);(113.91, 23.2);(113.91, 23.6);(113.91, 24.0);(114.32, 22.8);(114.32, 23.2);(114.32, 23.6)",True
59074,2019-04-25 17:00:00,1.3,SURF,True,EXTREME_TYPE1,162,9,5,"(111.86, 24.8);(112.27, 24.4);(112.27, 24.8);(112.27, 25.2);(112.68, 24.8)",True
59271,2019-04-26 22:00:00,50.5,SURF,True,EXTREME_TYPE1,255,11,11,"(111.86, 23.2);(111.86, 23.6);(111.86, 24.0);(112.27, 23.2);(112.27, 23.6);(112.27, 24.0);(112.68, 23.2);(112.68, 23.6);(112.68, 24.0);(113.09, 23.6);(113.09, 24.0)",True
59284,2019-04-26 23:00:00,50.7,SURF,True,EXTREME_TYPE1,400,12,12,"(112.68, 23.2);(112.68, 23.6);(113.09, 22.8);(113.09, 23.2);(113.09, 23.6);(113.09, 24.0);(113.5, 22.8);(113.5, 23.2);(113.5, 23.6);(113.5, 24.0);(113.91, 23.2);(113.91, 23.6)",True
59285,2019-04-26 23:00:00,51.4,SURF,True,EXTREME_TYPE1,259,10,10,"(113.09, 23.2);(113.09, 23.6);(113.09, 24.0);(113.5, 23.2);(113.5, 23.6);(113.5, 24.0);(113.91, 23.2);(113.91, 23.6);(113.91, 24.0);(114.32, 23.6)",True
59270,2019-04-27 07:00:00,3.0,SURF,True,EXTREME_TYPE1,174,10,10,"(111.45, 24.0);(111.86, 23.6);(111.86, 24.0);(111.86, 24.4);(112.27, 23.6);(112.27, 24.0);(112.27, 24.4);(112.68, 23.6);(112.68, 24.0);(112.68, 24.4)",True
59096,2019-04-27 15:00:00,14.0,SURF,True,EXTREME_TYPE1,80,12,12,"(113.91, 24.0);(113.91, 24.4);(113.91, 24.8);(114.32, 24.0);(114.32, 24.4);(114.32, 24.8);(114.73, 24.0);(114.73, 24.4);(114.73, 24.8);(115.14, 24.0);(115.14, 24.4);(115.14, 24.8)",True
59094,2019-04-30 08:00:00,41.9,SURF,True,EXTREME_TYPE1,109,12,12,"(113.5, 24.0);(113.5, 24.4);(113.5, 24.8);(113.91, 24.0);(113.91, 24.4);(113.91, 24.8);(114.32, 24.0);(114.32, 24.4);(114.32, 24.8);(114.73, 24.0);(114.73, 24.4);(114.73, 24.8)",True
59653,2019-04-30 09:00:00,53.8,SURF,True,EXTREME_TYPE1,187,11,11,"(110.23, 21.6);(110.23, 22.0);(110.64, 21.6);(110.64, 22.0);(110.64, 22.4);(111.05, 21.6);(111.05, 22.0);(111.05, 22.4);(111.45, 21.6);(111.45, 22.0);(111.45, 22.4)",True
59500,2019-05-06 16:00:00,4.5,SURF,True,EXTREME_TYPE1,285,12,12,"(114.73, 22.8);(114.73, 23.2);(115.14, 22.4);(115.14, 22.8);(115.14, 23.2);(115.14, 23.6);(115.55, 22.4);(115.55, 22.8);(115.55, 23.2);(115.55, 23.6);(115.95, 22.8);(115.95, 23.2)",True
59117,2019-05-07 00:00:00,1.1,SURF,True,EXTREME_TYPE1,127,12,12,"(115.55, 24.0);(115.55, 24.4);(115.55, 24.8);(115.95, 23.6);(115.95, 24.0);(115.95, 24.4);(115.95, 24.8);(116.36, 24.0);(116.36, 24.4);(116.36, 24.8);(116.77, 24.0);(116.77, 24.4)",True
59269,2019-05-08 10:00:00,8.2,SURF,True,EXTREME_TYPE1,239,9,9,"(111.45, 22.8);(111.45, 23.2);(111.45, 23.6);(111.86, 22.8);(111.86, 23.2);(111.86, 23.6);(112.27, 22.8);(112.27, 23.2);(112.27, 23.6)",True
59082,2019-05-18 04:00:00,36.7,SURF,True,EXTREME_TYPE1,157,12,12,"(113.09, 24.4);(113.09, 24.8);(113.09, 25.2);(113.5, 24.0);(113.5, 24.4);(113.5, 24.8);(113.5, 25.2);(113.91, 24.4);(113.91, 24.8);(113.91, 25.2);(114.32, 24.4);(114.32, 24.8)",True
59088,2019-05-20 04:00:00,38.5,SURF,True,EXTREME_TYPE1,206,12,12,"(112.68, 24.0);(112.68, 24.4);(113.09, 23.6);(113.09, 24.0);(113.09, 24.4);(113.09, 24.8);(113.5, 23.6);(113.5, 24.0);(113.5, 24.4);(113.5, 24.8);(113.91, 24.0);(113.91, 24.4)",True
59285,2019-05-20 06:00:00,27.1,SURF,True,EXTREME_TYPE1,260,10,10,"(113.09, 23.2);(113.09, 23.6);(113.09, 24.0);(113.5, 23.2);(113.5, 23.6);(113.5, 24.0);(113.91, 23.2);(113.91, 23.6);(113.91, 24.0);(114.32, 23.6)",True
59653,2019-05-20 18:00:00,70.6,SURF,True,EXTREME_TYPE1,183,11,11,"(110.23, 21.6);(110.23, 22.0);(110.64, 21.6);(110.64, 22.0);(110.64, 22.4);(111.05, 21.6);(111.05, 22.0);(111.05, 22.4);(111.45, 21.6);(111.45, 22.0);(111.45, 22.4)",True
59653,2019-05-21 11:00:00,50.3,SURF,True,EXTREME_TYPE1,183,11,11,"(110.23, 21.6);(110.23, 22.0);(110.64, 21.6);(110.64, 22.0);(110.64, 22.4);(111.05, 21.6);(111.05, 22.0);(111.05, 22.4);(111.45, 21.6);(111.45, 22.0);(111.45, 22.4)",True
59287,2019-05-23 14:00:00,20.9,SURF,True,EXTREME_TYPE1,400,9,9,"(113.09, 22.8);(113.09, 23.2);(113.09, 23.6);(113.5, 22.8);(113.5, 23.2);(113.5, 23.6);(113.91, 22.8);(113.91, 23.2);(113.91, 23.6)",True
59289,2019-05-23 16:00:00,56.7,SURF,True,EXTREME_TYPE1,464,12,12,"(113.09, 22.8);(113.09, 23.2);(113.5, 22.4);(113.5, 22.8);(113.5, 23.2);(113.5, 23.6);(113.91, 22.4);(113.91, 22.8);(113.91, 23.2);(113.91, 23.6);(114.32, 22.8);(114.32, 23.2)",True
59663,2019-05-24 02:00:00,50.5,SURF,True,EXTREME_TYPE1,224,11,11,"(111.45, 21.6);(111.45, 22.0);(111.86, 21.2);(111.86, 21.6);(111.86, 22.0);(111.86, 22.4);(112.27, 21.6);(112.27, 22.0);(112.27, 22.4);(112.68, 21.6);(112.68, 22.0)",True
59478,2019-05-25 02:00:00,59.8,SURF,True,EXTREME_TYPE1,619,12,11,"(112.27, 22.0);(112.27, 22.4);(112.68, 21.6);(112.68, 22.0);(112.68, 22.4);(112.68, 22.8);(113.09, 21.6);(113.09, 22.0);(113.09, 22.4);(113.09, 22.8);(113.5, 22.4)",True
57989,2019-05-26 07:00:00,5.5,SURF,True,EXTREME_TYPE1,82,12,12,"(113.09, 24.8);(113.09, 25.2);(113.5, 24.4);(113.5, 24.8);(113.5, 25.2);(113.5, 25.6);(113.91, 24.4);(113.91, 24.8);(113.91, 25.2);(113.91, 25.6);(114.32, 24.8);(114.32, 25.2)",True
59471,2019-05-26 15:00:00,12.4,SURF,True,EXTREME_TYPE1,579,12,12,"(111.45, 22.8);(111.45, 23.2);(111.86, 22.4);(111.86, 22.8);(111.86, 23.2);(111.86, 23.6);(112.27, 22.4);(112.27, 22.8);(112.27, 23.2);(112.27, 23.6);(112.68, 22.8);(112.68, 23.2)",True
59488,2019-05-27 08:00:00,57.6,SURF,True,EXTREME_TYPE1,325,11,11,"(113.09, 22.0);(113.09, 22.4);(113.09, 22.8);(113.5, 21.6);(113.5, 22.0);(113.5, 22.4);(113.5, 22.8);(113.91, 22.0);(113.91, 22.4);(113.91, 22.8);(114.32, 22.4)",True
59318,2019-05-27 11:00:00,34.2,SURF,True,EXTREME_TYPE1,120,12,12,"(115.95, 23.2);(115.95, 23.6);(116.36, 22.8);(116.36, 23.2);(116.36, 23.6);(116.36, 24.0);(116.77, 22.8);(116.77, 23.2);(116.77, 23.6);(116.77, 24.0);(117.18, 23.2);(117.18, 23.6)",True
59475,2019-05-29 07:00:00,52.3,SURF,True,EXTREME_TYPE1,815,9,9,"(112.27, 22.0);(112.27, 22.4);(112.27, 22.8);(112.68, 22.0);(112.68, 22.4);(112.68, 22.8);(113.09, 22.0);(113.09, 22.4);(113.09, 22.8)",True
59481,2019-05-29 10:00:00,62.3,SURF,True,EXTREME_TYPE1,754,12,12,"(112.68, 22.8);(112.68, 23.2);(113.09, 22.4);(113.09, 22.8);(113.09, 23.2);(113.09, 23.6);(113.5, 22.4);(113.5, 22.8);(113.5, 23.2);(113.5, 23.6);(113.91, 22.8);(113.91, 23.2)",True
59269,2019-05-30 19:00:00,7.2,SURF,True,EXTREME_TYPE1,236,9,9,"(111.45, 22.8);(111.45, 23.2);(111.45, 23.6);(111.86, 22.8);(111.86, 23.2);(111.86, 23.6);(112.27, 22.8);(112.27, 23.2);(112.27, 23.6)",True
59659,2019-05-31 15:00:00,55.5,SURF,True,EXTREME_TYPE1,198,12,12,"(110.23, 21.6);(110.23, 22.0);(110.64, 21.2);(110.64, 21.6);(110.64, 22.0);(110.64, 22.4);(111.05, 21.2);(111.05, 21.6);(111.05, 22.0);(111.05, 22.4);(111.45, 21.6);(111.45, 22.0)",True
59278,2019-06-02 20:00:00,6.7,SURF,True,EXTREME_TYPE1,745,12,12,"(111.86, 22.8);(111.86, 23.2);(112.27, 22.4);(112.27, 22.8);(112.27, 23.2);(112.27, 23.6);(112.68, 22.4);(112.68, 22.8);(112.68, 23.2);(112.68, 23.6);(113.09, 22.8);(113.09, 23.2)",True
59290,2019-06-03 04:00:00,5.5,SURF,True,EXTREME_TYPE1,158,11,5,"(113.5, 23.6);(114.32, 23.6);(114.32, 24.0);(114.73, 23.6);(114.73, 24.0)",True
59658,2019-06-04 15:00:00,20.9,SURF,True,EXTREME_TYPE1,118,10,10,"(109.82, 20.8);(109.82, 21.2);(109.82, 21.6);(110.23, 20.8);(110.23, 21.2);(110.23, 21.6);(110.64, 20.8);(110.64, 21.2);(110.64, 21.6);(111.05, 21.2)",True
59288,2019-06-07 11:00:00,12.5,SURF,True,EXTREME_TYPE1,546,10,10,"(112.27, 23.2);(112.68, 22.8);(112.68, 23.2);(112.68, 23.6);(113.09, 22.8);(113.09, 23.2);(113.09, 23.6);(113.5, 22.8);(113.5, 23.2);(113.5, 23.6)",True
57996,2019-06-10 08:00:00,6.4,SURF,True,EXTREME_TYPE1,55,10,10,"(113.5, 25.2);(113.91, 24.8);(113.91, 25.2);(113.91, 25.6);(114.32, 24.4);(114.32, 24.8);(114.32, 25.2);(114.32, 25.6);(114.73, 24.8);(114.73, 25.2)",True
59294,2019-06-10 13:00:00,24.2,SURF,True,EXTREME_TYPE1,262,11,11,"(113.09, 23.2);(113.5, 22.8);(113.5, 23.2);(113.5, 23.6);(113.91, 22.8);(113.91, 23.2);(113.91, 23.6);(113.91, 24.0);(114.32, 22.8);(114.32, 23.2);(114.32, 23.6)",True
59462,2019-06-11 19:00:00,17.0,SURF,True,EXTREME_TYPE1,367,11,11,"(111.05, 22.4);(111.05, 22.8);(111.05, 23.2);(111.45, 22.4);(111.45, 22.8);(111.45, 23.2);(111.86, 22.4);(111.86, 22.8);(111.86, 23.2);(112.27, 22.4);(112.27, 22.8)",True
59271,2019-06-11 20:00:00,23.2,SURF,True,EXTREME_TYPE1,265,11,11,"(111.86, 23.2);(111.86, 23.6);(111.86, 24.0);(112.27, 23.2);(112.27, 23.6);(112.27, 24.0);(112.68, 23.2);(112.68, 23.6);(112.68, 24.0);(113.09, 23.6);(113.09, 24.0)",True
59278,2019-06-11 20:00:00,27.9,SURF,True,EXTREME_TYPE1,747,12,12,"(111.86, 22.8);(111.86, 23.2);(112.27, 22.4);(112.27, 22.8);(112.27, 23.2);(112.27, 23.6);(112.68, 22.4);(112.68, 22.8);(112.68, 23.2);(112.68, 23.6);(113.09, 22.8);(113.09, 23.2)",True
59306,2019-06-12 14:00:00,12.8,SURF,True,EXTREME_TYPE1,296,12,12,"(115.14, 23.2);(115.14, 23.6);(115.55, 22.8);(115.55, 23.2);(115.55, 23.6);(115.55, 24.0);(115.95, 22.8);(115.95, 23.2);(115.95, 23.6);(115.95, 24.0);(116.36, 23.2);(116.36, 23.6)",True
57988,2019-06-12 20:00:00,33.7,SURF,True,EXTREME_TYPE1,82,11,11,"(112.68, 24.8);(112.68, 25.2);(113.09, 24.8);(113.09, 25.2);(113.09, 25.6);(113.5, 24.8);(113.5, 25.2);(113.5, 25.6);(113.91, 24.8);(113.91, 25.2);(113.91, 25.6)",True
59487,2019-06-13 08:00:00,12.1,SURF,True,EXTREME_TYPE1,503,12,12,"(112.68, 22.0);(112.68, 22.4);(113.09, 21.6);(113.09, 22.0);(113.09, 22.4);(113.09, 22.8);(113.5, 21.6);(113.5, 22.0);(113.5, 22.4);(113.5, 22.8);(113.91, 22.0);(113.91, 22.4)",True
59655,2019-06-13 12:00:00,41.0,SURF,True,EXTREME_TYPE1,211,10,10,"(110.23, 21.2);(110.23, 21.6);(110.23, 22.0);(110.64, 21.2);(110.64, 21.6);(110.64, 22.0);(110.64, 22.4);(111.05, 21.2);(111.05, 21.6);(111.05, 22.0)",True
59663,2019-06-17 03:00:00,12.7,SURF,True,EXTREME_TYPE1,229,11,11,"(111.45, 21.6);(111.45, 22.0);(111.86, 21.2);(111.86, 21.6);(111.86, 22.0);(111.86, 22.4);(112.27, 21.6);(112.27, 22.0);(112.27, 22.4);(112.68, 21.6);(112.68, 22.0)",True
59294,2019-06-18 12:00:00,30.3,SURF,True,EXTREME_TYPE1,261,11,11,"(113.09, 23.2);(113.5, 22.8);(113.5, 23.2);(113.5, 23.6);(113.91, 22.8);(113.91, 23.2);(113.91, 23.6);(113.91, 24.0);(114.32, 22.8);(114.32, 23.2);(114.32, 23.6)",True
59488,2019-06-25 15:00:00,30.1,SURF,True,EXTREME_TYPE1,324,11,11,"(113.09, 22.0);(113.09, 22.4);(113.09, 22.8);(113.5, 21.6);(113.5, 22.0);(113.5, 22.4);(113.5, 22.8);(113.91, 22.0);(113.91, 22.4);(113.91, 22.8);(114.32, 22.4)",True
59492,2019-06-30 13:00:00,61.1,SURF,True,FALSE,184,11,0,,True
59471,2019-07-01 23:00:00,55.9,SURF,True,EXTREME_TYPE1,580,12,12,"(111.45, 22.8);(111.45, 23.2);(111.86, 22.4);(111.86, 22.8);(111.86, 23.2);(111.86, 23.6);(112.27, 22.4);(112.27, 22.8);(112.27, 23.2);(112.27, 23.6);(112.68, 22.8);(112.68, 23.2)",True
59501,2019-07-04 06:00:00,2.7,SURF,True,EXTREME_TYPE1,287,12,12,"(114.73, 22.4);(114.73, 22.8);(114.73, 23.2);(115.14, 22.4);(115.14, 22.8);(115.14, 23.2);(115.55, 22.4);(115.55, 22.8);(115.55, 23.2);(115.95, 22.4);(115.95, 22.8);(115.95, 23.2)",True
59116,2019-07-09 14:00:00,13.5,SURF,True,EXTREME_TYPE1,59,9,9,"(115.95, 24.4);(116.36, 24.0);(116.36, 24.4);(116.36, 24.8);(116.77, 24.0);(116.77, 24.4);(116.77, 24.8);(117.18, 24.0);(117.18, 24.4)",True
59314,2019-07-10 03:00:00,57.8,SURF,True,EXTREME_TYPE1,226,12,12,"(115.55, 23.2);(115.55, 23.6);(115.95, 22.8);(115.95, 23.2);(115.95, 23.6);(115.95, 24.0);(116.36, 22.8);(116.36, 23.2);(116.36, 23.6);(116.36, 24.0);(116.77, 23.2);(116.77, 23.6)",True
59492,2019-07-10 05:00:00,63.8,SURF,True,EXTREME_TYPE1,182,11,11,"(114.32, 22.4);(114.32, 22.8);(114.32, 23.2);(114.32, 23.6);(114.73, 22.4);(114.73, 22.8);(114.73, 23.2);(114.73, 23.6);(115.14, 22.8);(115.14, 23.2);(115.14, 23.6)",True
59319,2019-07-10 07:00:00,53.4,SURF,True,EXTREME_TYPE1,116,11,11,"(115.95, 23.6);(116.36, 23.2);(116.36, 23.6);(116.36, 24.0);(116.77, 22.8);(116.77, 23.2);(116.77, 23.6);(116.77, 24.0);(117.18, 23.2);(117.18, 23.6);(117.18, 24.0)",True
59456,2019-07-11 13:00:00,41.8,SURF,True,EXTREME_TYPE1,178,10,10,"(110.23, 22.4);(110.64, 22.0);(110.64, 22.4);(110.64, 22.8);(111.05, 22.0);(111.05, 22.4);(111.05, 22.8);(111.45, 22.0);(111.45, 22.4);(111.45, 22.8)",True
59114,2019-07-11 20:00:00,50.2,SURF,True,EXTREME_TYPE1,68,10,10,"(115.55, 24.4);(115.55, 24.8);(115.95, 24.0);(115.95, 24.4);(115.95, 24.8);(116.36, 24.0);(116.36, 24.4);(116.36, 24.8);(116.77, 24.4);(116.77, 24.8)",True
59075,2019-07-19 16:00:00,34.2,SURF,True,EXTREME_TYPE1,207,12,12,"(111.86, 24.0);(111.86, 24.4);(112.27, 24.0);(112.27, 24.4);(112.27, 24.8);(112.68, 23.6);(112.68, 24.0);(112.68, 24.4);(112.68, 24.8);(113.09, 24.0);(113.09, 24.4);(113.09, 24.8)",True
59284,2019-07-19 16:00:00,77.1,SURF,True,EXTREME_TYPE1,408,12,12,"(112.68, 23.2);(112.68, 23.6);(113.09, 22.8);(113.09, 23.2);(113.09, 23.6);(113.09, 24.0);(113.5, 22.8);(113.5, 23.2);(113.5, 23.6);(113.5, 24.0);(113.91, 23.2);(113.91, 23.6)",True
59107,2019-07-19 17:00:00,64.0,SURF,True,EXTREME_TYPE1,190,12,12,"(114.73, 23.6);(114.73, 24.0);(114.73, 24.4);(115.14, 23.6);(115.14, 24.0);(115.14, 24.4);(115.14, 24.8);(115.55, 23.6);(115.55, 24.0);(115.55, 24.4);(115.95, 24.0);(115.95, 24.4)",True
59271,2019-07-22 16:00:00,24.9,SURF,True,EXTREME_TYPE1,261,11,11,"(111.86, 23.2);(111.86, 23.6);(111.86, 24.0);(112.27, 23.2);(112.27, 23.6);(112.27, 24.0);(112.68, 23.2);(112.68, 23.6);(112.68, 24.0);(113.09, 23.6);(113.09, 24.0)",True
59500,2019-07-22 22:00:00,44.1,SURF,True,EXTREME_TYPE1,289,12,12,"(114.73, 22.8);(114.73, 23.2);(115.14, 22.4);(115.14, 22.8);(115.14, 23.2);(115.14, 23.6);(115.55, 22.4);(115.55, 22.8);(115.55, 23.2);(115.55, 23.6);(115.95, 22.8);(115.95, 23.2)",True
59290,2019-07-24 18:00:00,34.9,SURF,True,EXTREME_TYPE1,160,11,11,"(113.5, 23.6);(113.91, 23.2);(113.91, 23.6);(113.91, 24.0);(113.91, 24.4);(114.32, 23.2);(114.32, 23.6);(114.32, 24.0);(114.32, 24.4);(114.73, 23.6);(114.73, 24.0)",True
59663,2019-07-29 07:00:00,43.7,SURF,True,EXTREME_TYPE1,227,11,11,"(111.45, 21.6);(111.45, 22.0);(111.86, 21.2);(111.86, 21.6);(111.86, 22.0);(111.86, 22.4);(112.27, 21.6);(112.27, 22.0);(112.27, 22.4);(112.68, 21.6);(112.68, 22.0)",True
59487,2019-07-31 01:00:00,7.3,SURF,True,EXTREME_TYPE1,505,12,12,"(112.68, 22.0);(112.68, 22.4);(113.09, 21.6);(113.09, 22.0);(113.09, 22.4);(113.09, 22.8);(113.5, 21.6);(113.5, 22.0);(113.5, 22.4);(113.5, 22.8);(113.91, 22.0);(113.91, 22.4)",True
59318,2019-08-01 06:00:00,6.1,SURF,True,EXTREME_TYPE1,122,12,12,"(115.95, 23.2);(115.95, 23.6);(116.36, 22.8);(116.36, 23.2);(116.36, 23.6);(116.36, 24.0);(116.77, 22.8);(116.77, 23.2);(116.77, 23.6);(116.77, 24.0);(117.18, 23.2);(117.18, 23.6)",True
59673,2019-08-01 06:00:00,50.8,SURF,True,EXTREME_TYPE1,59,8,8,"(112.27, 21.6);(112.27, 22.0);(112.68, 21.6);(112.68, 22.0);(112.68, 22.4);(113.09, 21.6);(113.09, 22.0);(113.5, 21.6)",True
59664,2019-08-01 12:00:00,55.0,SURF,True,EXTREME_TYPE1,202,10,10,"(110.23, 21.6);(110.64, 21.2);(110.64, 21.6);(110.64, 22.0);(111.05, 21.2);(111.05, 21.6);(111.05, 22.0);(111.45, 21.2);(111.45, 21.6);(111.45, 22.0)",True
59502,2019-08-01 13:00:00,4.5,SURF,True,EXTREME_TYPE1,263,12,12,"(115.14, 22.8);(115.14, 23.2);(115.55, 22.4);(115.55, 22.8);(115.55, 23.2);(115.55, 23.6);(115.95, 22.4);(115.95, 22.8);(115.95, 23.2);(115.95, 23.6);(116.36, 22.8);(116.36, 23.2)",True
59664,2019-08-01 17:00:00,34.0,SURF,True,EXTREME_TYPE1,201,10,10,"(110.23, 21.6);(110.64, 21.2);(110.64, 21.6);(110.64, 22.0);(111.05, 21.2);(111.05, 21.6);(111.05, 22.0);(111.45, 21.2);(111.45, 21.6);(111.45, 22.0)",True
59663,2019-08-01 18:00:00,31.5,SURF,True,EXTREME_TYPE1,230,11,11,"(111.45, 21.6);(111.45, 22.0);(111.86, 21.2);(111.86, 21.6);(111.86, 22.0);(111.86, 22.4);(112.27, 21.6);(112.27, 22.0);(112.27, 22.4);(112.68, 21.6);(112.68, 22.0)",True
59750,2019-08-02 06:00:00,34.1,SURF,True,EXTREME_TYPE1,152,11,11,"(109.41, 21.2);(109.82, 20.4);(109.82, 20.8);(109.82, 21.2);(109.82, 21.6);(110.23, 20.4);(110.23, 20.8);(110.23, 21.2);(110.23, 21.6);(110.64, 20.8);(110.64, 21.2)",True
59487,2019-08-02 12:00:00,63.2,SURF,True,EXTREME_TYPE1,502,12,12,"(112.68, 22.0);(112.68, 22.4);(113.09, 21.6);(113.09, 22.0);(113.09, 22.4);(113.09, 22.8);(113.5, 21.6);(113.5, 22.0);(113.5, 22.4);(113.5, 22.8);(113.91, 22.0);(113.91, 22.4)",True
59487,2019-08-02 13:00:00,59.1,SURF,True,EXTREME_TYPE1,502,12,12,"(112.68, 22.0);(112.68, 22.4);(113.09, 21.6);(113.09, 22.0);(113.09, 22.4);(113.09, 22.8);(113.5, 21.6);(113.5, 22.0);(113.5, 22.4);(113.5, 22.8);(113.91, 22.0);(113.91, 22.4)",True
59288,2019-08-06 21:00:00,42.4,SURF,True,EXTREME_TYPE1,554,10,10,"(112.27, 23.2);(112.68, 22.8);(112.68, 23.2);(112.68, 23.6);(113.09, 22.8);(113.09, 23.2);(113.09, 23.6);(113.5, 22.8);(113.5, 23.2);(113.5, 23.6)",True
59754,2019-08-07 14:00:00,52.4,SURF,True,EXTREME_TYPE1,86,5,5,"(109.82, 20.4);(109.82, 20.8);(110.23, 20.4);(110.23, 20.8);(110.64, 20.8)",True
59500,2019-08-14 14:00:00,67.0,SURF,True,EXTREME_TYPE1,290,12,11,"(114.73, 22.8);(114.73, 23.2);(115.14, 22.4);(115.14, 22.8);(115.14, 23.2);(115.14, 23.6);(115.55, 22.8);(115.55, 23.2);(115.55, 23.6);(115.95, 22.8);(115.95, 23.2)",True
59287,2019-08-15 02:00:00,50.7,SURF,True,EXTREME_TYPE1,407,9,9,"(113.09, 22.8);(113.09, 23.2);(113.09, 23.6);(113.5, 22.8);(113.5, 23.2);(113.5, 23.6);(113.91, 22.8);(113.91, 23.2);(113.91, 23.6)",True
59313,2019-08-15 16:00:00,68.4,SURF,True,EXTREME_TYPE1,34,9,9,"(116.36, 23.6);(116.36, 24.0);(116.77, 23.2);(116.77, 23.6);(116.77, 24.0);(117.18, 23.2);(117.18, 23.6);(117.18, 24.0);(117.59, 23.6)",True
59462,2019-08-15 16:00:00,26.7,SURF,True,EXTREME_TYPE1,374,11,11,"(111.05, 22.4);(111.05, 22.8);(111.05, 23.2);(111.45, 22.4);(111.45, 22.8);(111.45, 23.2);(111.86, 22.4);(111.86, 22.8);(111.86, 23.2);(112.27, 22.4);(112.27, 22.8)",True
59654,2019-08-16 13:00:00,32.5,SURF,True,EXTREME_TYPE1,188,10,10,"(109.82, 21.2);(109.82, 21.6);(109.82, 22.0);(110.23, 21.2);(110.23, 21.6);(110.23, 22.0);(110.64, 21.2);(110.64, 21.6);(110.64, 22.0);(111.05, 21.6)",True
59280,2019-08-16 19:00:00,54.6,SURF,True,EXTREME_TYPE1,264,10,10,"(112.68, 23.2);(112.68, 23.6);(112.68, 24.0);(113.09, 23.2);(113.09, 23.6);(113.09, 24.0);(113.09, 24.4);(113.5, 23.2);(113.5, 23.6);(113.5, 24.0)",True
59502,2019-08-18 15:00:00,58.5,SURF,True,EXTREME_TYPE1,263,12,12,"(115.14, 22.8);(115.14, 23.2);(115.55, 22.4);(115.55, 22.8);(115.55, 23.2);(115.55, 23.6);(115.95, 22.4);(115.95, 22.8);(115.95, 23.2);(115.95, 23.6);(116.36, 22.8);(116.36, 23.2)",True
59469,2019-08-19 16:00:00,59.9,SURF,True,EXTREME_TYPE1,295,11,11,"(111.05, 22.0);(111.45, 21.6);(111.45, 22.0);(111.45, 22.4);(111.86, 21.6);(111.86, 22.0);(111.86, 22.4);(111.86, 22.8);(112.27, 21.6);(112.27, 22.0);(112.27, 22.4)",True
59656,2019-08-22 01:00:00,57.6,SURF,True,FALSE,147,11,0,,True
59315,2019-08-25 10:00:00,22.2,SURF,True,EXTREME_TYPE1,125,10,10,"(115.95, 23.2);(115.95, 23.6);(115.95, 24.0);(116.36, 23.2);(116.36, 23.6);(116.36, 24.0);(116.77, 23.2);(116.77, 23.6);(116.77, 24.0);(117.18, 23.6)",True
59480,2019-08-25 20:00:00,50.0,SURF,True,EXTREME_TYPE1,733,10,10,"(112.68, 22.4);(112.68, 22.8);(112.68, 23.2);(113.09, 22.4);(113.09, 22.8);(113.09, 23.2);(113.5, 22.4);(113.5, 22.8);(113.5, 23.2);(113.91, 22.8)",True
59088,2019-08-26 04:00:00,2.3,SURF,True,EXTREME_TYPE1,215,12,12,"(112.68, 24.0);(112.68, 24.4);(113.09, 23.6);(113.09, 24.0);(113.09, 24.4);(113.09, 24.8);(113.5, 23.6);(113.5, 24.0);(113.5, 24.4);(113.5, 24.8);(113.91, 24.0);(113.91, 24.4)",True
59456,2019-08-26 07:00:00,28.7,SURF,True,EXTREME_TYPE1,179,10,10,"(110.23, 22.4);(110.64, 22.0);(110.64, 22.4);(110.64, 22.8);(111.05, 22.0);(111.05, 22.4);(111.05, 22.8);(111.45, 22.0);(111.45, 22.4);(111.45, 22.8)",True
59750,2019-08-31 05:00:00,35.0,SURF,True,EXTREME_TYPE1,151,11,11,"(109.41, 21.2);(109.82, 20.4);(109.82, 20.8);(109.82, 21.2);(109.82, 21.6);(110.23, 20.4);(110.23, 20.8);(110.23, 21.2);(110.23, 21.6);(110.64, 20.8);(110.64, 21.2)",True
59106,2019-08-31 21:00:00,60.5,SURF,True,EXTREME_TYPE1,105,10,10,"(115.14, 24.4);(115.14, 24.8);(115.55, 24.0);(115.55, 24.4);(115.55, 24.8);(115.95, 24.0);(115.95, 24.4);(115.95, 24.8);(116.36, 24.4);(116.36, 24.8)",True
59469,2019-08-31 23:00:00,5.9,SURF,True,EXTREME_TYPE1,298,11,11,"(111.05, 22.0);(111.45, 21.6);(111.45, 22.0);(111.45, 22.4);(111.86, 21.6);(111.86, 22.0);(111.86, 22.4);(111.86, 22.8);(112.27, 21.6);(112.27, 22.0);(112.27, 22.4)",True
59493,2019-09-02 03:00:00,11.2,SURF,True,EXTREME_TYPE1,308,13,13,"(113.5, 22.0);(113.5, 22.4);(113.5, 22.8);(113.91, 22.0);(113.91, 22.4);(113.91, 22.8);(113.91, 23.2);(114.32, 22.0);(114.32, 22.4);(114.32, 22.8);(114.32, 23.2);(114.73, 22.4);(114.73, 22.8)",True
59750,2019-09-02 14:00:00,6.1,SURF,True,EXTREME_TYPE1,152,11,11,"(109.41, 21.2);(109.82, 20.4);(109.82, 20.8);(109.82, 21.2);(109.82, 21.6);(110.23, 20.4);(110.23, 20.8);(110.23, 21.2);(110.23, 21.6);(110.64, 20.8);(110.64, 21.2)",True
59117,2019-09-02 15:00:00,51.6,SURF,True,EXTREME_TYPE1,128,12,12,"(115.55, 24.0);(115.55, 24.4);(115.55, 24.8);(115.95, 23.6);(115.95, 24.0);(115.95, 24.4);(115.95, 24.8);(116.36, 24.0);(116.36, 24.4);(116.36, 24.8);(116.77, 24.0);(116.77, 24.4)",True
59478,2019-09-08 16:00:00,62.5,SURF,True,EXTREME_TYPE1,616,12,10,"(112.27, 22.0);(112.27, 22.4);(112.68, 22.0);(112.68, 22.4);(112.68, 22.8);(113.09, 22.0);(113.09, 22.4);(113.09, 22.8);(113.5, 22.0);(113.5, 22.4)",True
59492,2019-09-11 19:00:00,9.2,SURF,True,EXTREME_TYPE1,189,11,11,"(114.32, 22.4);(114.32, 22.8);(114.32, 23.2);(114.32, 23.6);(114.73, 22.4);(114.73, 22.8);(114.73, 23.2);(114.73, 23.6);(115.14, 22.8);(115.14, 23.2);(115.14, 23.6)",True
59276,2019-09-15 04:00:00,21.7,SURF,True,EXTREME_TYPE1,536,10,10,"(112.27, 22.8);(112.27, 23.2);(112.27, 23.6);(112.68, 22.8);(112.68, 23.2);(112.68, 23.6);(112.68, 24.0);(113.09, 22.8);(113.09, 23.2);(113.09, 23.6)",True
59486,2019-09-16 04:00:00,5.2,SURF,True,EXTREME_TYPE1,461,10,10,"(113.5, 22.4);(113.5, 22.8);(113.5, 23.2);(113.91, 22.0);(113.91, 22.4);(113.91, 22.8);(113.91, 23.2);(114.32, 22.4);(114.32, 22.8);(114.32, 23.2)",True
59480,2019-09-17 09:00:00,14.8,SURF,True,EXTREME_TYPE1,729,10,10,"(112.68, 22.4);(112.68, 22.8);(112.68, 23.2);(113.09, 22.4);(113.09, 22.8);(113.09, 23.2);(113.5, 22.4);(113.5, 22.8);(113.5, 23.2);(113.91, 22.8)",True
59487,2019-09-17 20:00:00,16.0,SURF,True,EXTREME_TYPE1,501,12,12,"(112.68, 22.0);(112.68, 22.4);(113.09, 21.6);(113.09, 22.0);(113.09, 22.4);(113.09, 22.8);(113.5, 21.6);(113.5, 22.0);(113.5, 22.4);(113.5, 22.8);(113.91, 22.0);(113.91, 22.4)",True
59487,2019-10-07 03:00:00,10.2,SURF,True,EXTREME_TYPE1,502,12,12,"(112.68, 22.0);(112.68, 22.4);(113.09, 21.6);(113.09, 22.0);(113.09, 22.4);(113.09, 22.8);(113.5, 21.6);(113.5, 22.0);(113.5, 22.4);(113.5, 22.8);(113.91, 22.0);(113.91, 22.4)",True
G2696,2019-10-26 10:00:00,42.2,AWST,False,FALSE,760,11,0,,True
G2696,2019-10-26 14:00:00,1.1,AWST,False,FALSE,759,11,0,,True
G2696,2019-10-26 18:00:00,189.7,AWST,False,FALSE,760,11,0,,True
G2696,2019-10-26 21:00:00,37.8,AWST,False,FALSE,759,11,0,,True
59279,2020-02-03 21:00:00,3.8,SURF,True,EXTREME_TYPE1,564,12,12,"(112.27, 22.8);(112.27, 23.2);(112.27, 23.6);(112.68, 22.8);(112.68, 23.2);(112.68, 23.6);(113.09, 22.8);(113.09, 23.2);(113.09, 23.6);(113.5, 22.8);(113.5, 23.2);(113.5, 23.6)",True
59654,2020-02-13 07:00:00,22.9,SURF,True,EXTREME_TYPE1,188,10,10,"(109.82, 21.2);(109.82, 21.6);(109.82, 22.0);(110.23, 21.2);(110.23, 21.6);(110.23, 22.0);(110.64, 21.2);(110.64, 21.6);(110.64, 22.0);(111.05, 21.6)",True
59287,2020-02-15 12:00:00,25.7,SURF,True,EXTREME_TYPE1,416,9,9,"(113.09, 22.8);(113.09, 23.2);(113.09, 23.6);(113.5, 22.8);(113.5, 23.2);(113.5, 23.6);(113.91, 22.8);(113.91, 23.2);(113.91, 23.6)",True
59480,2020-02-15 18:00:00,4.2,SURF,True,EXTREME_TYPE1,740,10,10,"(112.68, 22.4);(112.68, 22.8);(112.68, 23.2);(113.09, 22.4);(113.09, 22.8);(113.09, 23.2);(113.5, 22.4);(113.5, 22.8);(113.5, 23.2);(113.91, 22.8)",True
59462,2020-03-04 08:00:00,1.5,SURF,True,EXTREME_TYPE1,383,11,11,"(111.05, 22.4);(111.05, 22.8);(111.05, 23.2);(111.45, 22.4);(111.45, 22.8);(111.45, 23.2);(111.86, 22.4);(111.86, 22.8);(111.86, 23.2);(112.27, 22.4);(112.27, 22.8)",True
59096,2020-03-04 16:00:00,1.5,SURF,True,EXTREME_TYPE1,81,12,12,"(113.91, 24.0);(113.91, 24.4);(113.91, 24.8);(114.32, 24.0);(114.32, 24.4);(114.32, 24.8);(114.73, 24.0);(114.73, 24.4);(114.73, 24.8);(115.14, 24.0);(115.14, 24.4);(115.14, 24.8)",True
59659,2020-03-04 17:00:00,3.9,SURF,True,EXTREME_TYPE1,200,12,12,"(110.23, 21.6);(110.23, 22.0);(110.64, 21.2);(110.64, 21.6);(110.64, 22.0);(110.64, 22.4);(111.05, 21.2);(111.05, 21.6);(111.05, 22.0);(111.05, 22.4);(111.45, 21.6);(111.45, 22.0)",True
59754,2020-03-06 07:00:00,3.1,SURF,True,EXTREME_TYPE1,87,5,5,"(109.82, 20.4);(109.82, 20.8);(110.23, 20.4);(110.23, 20.8);(110.64, 20.8)",True
59278,2020-03-18 10:00:00,1.0,SURF,True,EXTREME_TYPE1,784,12,12,"(111.86, 22.8);(111.86, 23.2);(112.27, 22.4);(112.27, 22.8);(112.27, 23.2);(112.27, 23.6);(112.68, 22.4);(112.68, 22.8);(112.68, 23.2);(112.68, 23.6);(113.09, 22.8);(113.09, 23.2)",True
59270,2020-03-19 05:00:00,1.5,SURF,True,EXTREME_TYPE1,192,10,10,"(111.45, 24.0);(111.86, 23.6);(111.86, 24.0);(111.86, 24.4);(112.27, 23.6);(112.27, 24.0);(112.27, 24.4);(112.68, 23.6);(112.68, 24.0);(112.68, 24.4)",True
59750,2020-03-21 09:00:00,6.4,SURF,True,EXTREME_TYPE1,153,11,11,"(109.41, 21.2);(109.82, 20.4);(109.82, 20.8);(109.82, 21.2);(109.82, 21.6);(110.23, 20.4);(110.23, 20.8);(110.23, 21.2);(110.23, 21.6);(110.64, 20.8);(110.64, 21.2)",True
59287,2020-03-27 20:00:00,22.7,SURF,True,EXTREME_TYPE1,425,9,9,"(113.09, 22.8);(113.09, 23.2);(113.09, 23.6);(113.5, 22.8);(113.5, 23.2);(113.5, 23.6);(113.91, 22.8);(113.91, 23.2);(113.91, 23.6)",True
59264,2020-03-27 22:00:00,13.4,SURF,True,EXTREME_TYPE1,100,9,9,"(111.05, 23.2);(111.45, 22.8);(111.45, 23.2);(111.45, 23.6);(111.45, 24.0);(111.86, 22.8);(111.86, 23.2);(111.86, 23.6);(111.86, 24.0)",True
59473,2020-03-27 22:00:00,70.4,SURF,True,EXTREME_TYPE1,825,10,10,"(112.27, 22.8);(112.68, 22.4);(112.68, 22.8);(112.68, 23.2);(113.09, 22.4);(113.09, 22.8);(113.09, 23.2);(113.5, 22.4);(113.5, 22.8);(113.5, 23.2)",True
59673,2020-03-28 06:00:00,60.8,SURF,True,EXTREME_TYPE1,64,8,8,"(112.27, 21.6);(112.27, 22.0);(112.68, 21.6);(112.68, 22.0);(112.68, 22.4);(113.09, 21.6);(113.09, 22.0);(113.5, 21.6)",True
59271,2020-04-11 18:00:00,1.4,SURF,True,EXTREME_TYPE1,270,11,11,"(111.86, 23.2);(111.86, 23.6);(111.86, 24.0);(112.27, 23.2);(112.27, 23.6);(112.27, 24.0);(112.68, 23.2);(112.68, 23.6);(112.68, 24.0);(113.09, 23.6);(113.09, 24.0)",True
59471,2020-04-22 16:00:00,24.0,SURF,True,EXTREME_TYPE1,603,12,12,"(111.45, 22.8);(111.45, 23.2);(111.86, 22.4);(111.86, 22.8);(111.86, 23.2);(111.86, 23.6);(112.27, 22.4);(112.27, 22.8);(112.27, 23.2);(112.27, 23.6);(112.68, 22.8);(112.68, 23.2)",True
59654,2020-04-22 16:00:00,54.0,SURF,True,EXTREME_TYPE1,187,10,10,"(109.82, 21.2);(109.82, 21.6);(109.82, 22.0);(110.23, 21.2);(110.23, 21.6);(110.23, 22.0);(110.64, 21.2);(110.64, 21.6);(110.64, 22.0);(111.05, 21.6)",True
59279,2020-04-22 18:00:00,19.6,SURF,True,EXTREME_TYPE1,579,12,12,"(112.27, 22.8);(112.27, 23.2);(112.27, 23.6);(112.68, 22.8);(112.68, 23.2);(112.68, 23.6);(113.09, 22.8);(113.09, 23.2);(113.09, 23.6);(113.5, 22.8);(113.5, 23.2);(113.5, 23.6)",True
59297,2020-04-22 20:00:00,12.5,SURF,True,EXTREME_TYPE1,185,10,10,"(113.5, 23.2);(113.91, 22.8);(113.91, 23.2);(113.91, 23.6);(114.32, 22.8);(114.32, 23.2);(114.32, 23.6);(114.73, 22.8);(114.73, 23.2);(114.73, 23.6)",True
59287,2020-05-10 15:00:00,21.0,SURF,True,EXTREME_TYPE1,421,9,9,"(113.09, 22.8);(113.09, 23.2);(113.09, 23.6);(113.5, 22.8);(113.5, 23.2);(113.5, 23.6);(113.91, 22.8);(113.91, 23.2);(113.91, 23.6)",True
59488,2020-05-10 19:00:00,36.9,SURF,True,EXTREME_TYPE1,332,11,11,"(113.09, 22.0);(113.09, 22.4);(113.09, 22.8);(113.5, 21.6);(113.5, 22.0);(113.5, 22.4);(113.5, 22.8);(113.91, 22.0);(113.91, 22.4);(113.91, 22.8);(114.32, 22.4)",True
59298,2020-05-16 17:00:00,53.0,SURF,True,EXTREME_TYPE1,214,11,11,"(113.91, 22.8);(113.91, 23.2);(113.91, 23.6);(114.32, 22.4);(114.32, 22.8);(114.32, 23.2);(114.32, 23.6);(114.73, 22.8);(114.73, 23.2);(114.73, 23.6);(115.14, 23.2)",True
59473,2020-05-16 23:00:00,6.4,SURF,True,EXTREME_TYPE1,824,10,10,"(112.27, 22.8);(112.68, 22.4);(112.68, 22.8);(112.68, 23.2);(113.09, 22.4);(113.09, 22.8);(113.09, 23.2);(113.5, 22.4);(113.5, 22.8);(113.5, 23.2)",True
59314,2020-05-17 15:00:00,23.0,SURF,True,EXTREME_TYPE1,243,12,12,"(115.55, 23.2);(115.55, 23.6);(115.95, 22.8);(115.95, 23.2);(115.95, 23.6);(115.95, 24.0);(116.36, 22.8);(116.36, 23.2);(116.36, 23.6);(116.36, 24.0);(116.77, 23.2);(116.77, 23.6)",True
59655,2020-05-17 15:00:00,12.9,SURF,True,EXTREME_TYPE1,216,10,10,"(110.23, 21.2);(110.23, 21.6);(110.23, 22.0);(110.64, 21.2);(110.64, 21.6);(110.64, 22.0);(110.64, 22.4);(111.05, 21.2);(111.05, 21.6);(111.05, 22.0)",True
59476,2020-05-17 17:00:00,78.8,SURF,True,EXTREME_TYPE1,951,11,11,"(112.27, 22.4);(112.68, 22.0);(112.68, 22.4);(112.68, 22.8);(113.09, 22.0);(113.09, 22.4);(113.09, 22.8);(113.09, 23.2);(113.5, 22.0);(113.5, 22.4);(113.5, 22.8)",True
59284,2020-05-17 21:00:00,14.0,SURF,True,EXTREME_TYPE1,422,12,12,"(112.68, 23.2);(112.68, 23.6);(113.09, 22.8);(113.09, 23.2);(113.09, 23.6);(113.09, 24.0);(113.5, 22.8);(113.5, 23.2);(113.5, 23.6);(113.5, 24.0);(113.91, 23.2);(113.91, 23.6)",True
59297,2020-05-20 15:00:00,54.2,SURF,True,EXTREME_TYPE1,184,10,10,"(113.5, 23.2);(113.91, 22.8);(113.91, 23.2);(113.91, 23.6);(114.32, 22.8);(114.32, 23.2);(114.32, 23.6);(114.73, 22.8);(114.73, 23.2);(114.73, 23.6)",True
59284,2020-05-21 00:00:00,30.5,SURF,True,EXTREME_TYPE1,424,12,12,"(112.68, 23.2);(112.68, 23.6);(113.09, 22.8);(113.09, 23.2);(113.09, 23.6);(113.09, 24.0);(113.5, 22.8);(113.5, 23.2);(113.5, 23.6);(113.5, 24.0);(113.91, 23.2);(113.91, 23.6)",True
59673,2020-05-21 05:00:00,55.7,SURF,True,FALSE,66,8,0,,True
59673,2020-05-21 06:00:00,106.2,SURF,True,EXTREME_TYPE1,67,8,8,"(112.27, 21.6);(112.27, 22.0);(112.68, 21.6);(112.68, 22.0);(112.68, 22.4);(113.09, 21.6);(113.09, 22.0);(113.5, 21.6)",True
59673,2020-05-21 07:00:00,161.0,SURF,True,EXTREME_TYPE1,66,8,8,"(112.27, 21.6);(112.27, 22.0);(112.68, 21.6);(112.68, 22.0);(112.68, 22.4);(113.09, 21.6);(113.09, 22.0);(113.5, 21.6)",True
59500,2020-05-21 19:00:00,21.4,SURF,True,EXTREME_TYPE1,319,12,12,"(114.73, 22.8);(114.73, 23.2);(115.14, 22.4);(115.14, 22.8);(115.14, 23.2);(115.14, 23.6);(115.55, 22.4);(115.55, 22.8);(115.55, 23.2);(115.55, 23.6);(115.95, 22.8);(115.95, 23.2)",True
59294,2020-05-22 00:00:00,92.5,SURF,True,EXTREME_TYPE1,268,11,11,"(113.09, 23.2);(113.5, 22.8);(113.5, 23.2);(113.5, 23.6);(113.91, 22.8);(113.91, 23.2);(113.91, 23.6);(113.91, 24.0);(114.32, 22.8);(114.32, 23.2);(114.32, 23.6)",True
59284,2020-05-22 02:00:00,13.7,SURF,True,EXTREME_TYPE1,424,12,12,"(112.68, 23.2);(112.68, 23.6);(113.09, 22.8);(113.09, 23.2);(113.09, 23.6);(113.09, 24.0);(113.5, 22.8);(113.5, 23.2);(113.5, 23.6);(113.5, 24.0);(113.91, 23.2);(113.91, 23.6)",True
59287,2020-05-22 03:00:00,84.7,SURF,True,EXTREME_TYPE1,424,9,9,"(113.09, 22.8);(113.09, 23.2);(113.09, 23.6);(113.5, 22.8);(113.5, 23.2);(113.5, 23.6);(113.91, 22.8);(113.91, 23.2);(113.91, 23.6)",True
59480,2020-05-22 07:00:00,63.2,SURF,True,EXTREME_TYPE1,748,10,10,"(112.68, 22.4);(112.68, 22.8);(112.68, 23.2);(113.09, 22.4);(113.09, 22.8);(113.09, 23.2);(113.5, 22.4);(113.5, 22.8);(113.5, 23.2);(113.91, 22.8)",True
59477,2020-05-22 08:00:00,51.7,SURF,True,EXTREME_TYPE1,655,10,10,"(111.86, 22.0);(111.86, 22.4);(111.86, 22.8);(112.27, 21.6);(112.27, 22.0);(112.27, 22.4);(112.27, 22.8);(112.68, 22.0);(112.68, 22.4);(112.68, 22.8)",True
59476,2020-05-22 09:00:00,11.8,SURF,True,EXTREME_TYPE1,942,11,11,"(112.27, 22.4);(112.68, 22.0);(112.68, 22.4);(112.68, 22.8);(113.09, 22.0);(113.09, 22.4);(113.09, 22.8);(113.09, 23.2);(113.5, 22.0);(113.5, 22.4);(113.5, 22.8)",True
59477,2020-05-25 05:00:00,5.8,SURF,True,EXTREME_TYPE1,668,10,10,"(111.86, 22.0);(111.86, 22.4);(111.86, 22.8);(112.27, 21.6);(112.27, 22.0);(112.27, 22.4);(112.27, 22.8);(112.68, 22.0);(112.68, 22.4);(112.68, 22.8)",True
59478,2020-05-30 07:00:00,51.2,SURF,True,EXTREME_TYPE1,649,12,12,"(112.27, 22.0);(112.27, 22.4);(112.68, 21.6);(112.68, 22.0);(112.68, 22.4);(112.68, 22.8);(113.09, 21.6);(113.09, 22.0);(113.09, 22.4);(113.09, 22.8);(113.5, 22.0);(113.5, 22.4)",True
59298,2020-05-31 13:00:00,70.3,SURF,True,EXTREME_TYPE1,243,11,11,"(113.91, 22.8);(113.91, 23.2);(113.91, 23.6);(114.32, 22.4);(114.32, 22.8);(114.32, 23.2);(114.32, 23.6);(114.73, 22.8);(114.73, 23.2);(114.73, 23.6);(115.14, 23.2)",True
59663,2020-06-02 09:00:00,79.8,SURF,True,EXTREME_TYPE1,241,11,11,"(111.45, 21.6);(111.45, 22.0);(111.86, 21.2);(111.86, 21.6);(111.86, 22.0);(111.86, 22.4);(112.27, 21.6);(112.27, 22.0);(112.27, 22.4);(112.68, 21.6);(112.68, 22.0)",True
59294,2020-06-05 12:00:00,32.0,SURF,True,EXTREME_TYPE1,267,11,11,"(113.09, 23.2);(113.5, 22.8);(113.5, 23.2);(113.5, 23.6);(113.91, 22.8);(113.91, 23.2);(113.91, 23.6);(113.91, 24.0);(114.32, 22.8);(114.32, 23.2);(114.32, 23.6)",True
59481,2020-06-05 17:00:00,17.0,SURF,True,EXTREME_TYPE1,786,12,12,"(112.68, 22.8);(112.68, 23.2);(113.09, 22.4);(113.09, 22.8);(113.09, 23.2);(113.09, 23.6);(113.5, 22.4);(113.5, 22.8);(113.5, 23.2);(113.5, 23.6);(113.91, 22.8);(113.91, 23.2)",True
59664,2020-06-05 17:00:00,30.3,SURF,True,EXTREME_TYPE1,203,10,10,"(110.23, 21.6);(110.64, 21.2);(110.64, 21.6);(110.64, 22.0);(111.05, 21.2);(111.05, 21.6);(111.05, 22.0);(111.45, 21.2);(111.45, 21.6);(111.45, 22.0)",True
59280,2020-06-06 16:00:00,56.0,SURF,True,EXTREME_TYPE1,284,10,10,"(112.68, 23.2);(112.68, 23.6);(112.68, 24.0);(113.09, 23.2);(113.09, 23.6);(113.09, 24.0);(113.09, 24.4);(113.5, 23.2);(113.5, 23.6);(113.5, 24.0)",True
59075,2020-06-07 03:00:00,54.4,SURF,True,EXTREME_TYPE1,205,12,11,"(111.86, 24.0);(111.86, 24.4);(112.27, 24.0);(112.27, 24.4);(112.27, 24.8);(112.68, 24.0);(112.68, 24.4);(112.68, 24.8);(113.09, 24.0);(113.09, 24.4);(113.09, 24.8)",True
59319,2020-06-07 09:00:00,13.4,SURF,True,EXTREME_TYPE1,117,11,11,"(115.95, 23.6);(116.36, 23.2);(116.36, 23.6);(116.36, 24.0);(116.77, 22.8);(116.77, 23.2);(116.77, 23.6);(116.77, 24.0);(117.18, 23.2);(117.18, 23.6);(117.18, 24.0)",True
59087,2020-06-07 18:00:00,52.2,SURF,True,EXTREME_TYPE1,211,10,10,"(113.09, 23.6);(113.09, 24.0);(113.09, 24.4);(113.5, 23.2);(113.5, 23.6);(113.5, 24.0);(113.5, 24.4);(113.91, 23.6);(113.91, 24.0);(113.91, 24.4)",True
59285,2020-06-07 22:00:00,52.7,SURF,True,EXTREME_TYPE1,266,10,10,"(113.09, 23.2);(113.09, 23.6);(113.09, 24.0);(113.5, 23.2);(113.5, 23.6);(113.5, 24.0);(113.91, 23.2);(113.91, 23.6);(113.91, 24.0);(114.32, 23.6)",True
59501,2020-06-08 07:00:00,45.3,SURF,True,EXTREME_TYPE1,316,12,12,"(114.73, 22.4);(114.73, 22.8);(114.73, 23.2);(115.14, 22.4);(115.14, 22.8);(115.14, 23.2);(115.55, 22.4);(115.55, 22.8);(115.55, 23.2);(115.95, 22.4);(115.95, 22.8);(115.95, 23.2)",True
59297,2020-06-08 11:00:00,30.6,SURF,True,EXTREME_TYPE1,183,10,10,"(113.5, 23.2);(113.91, 22.8);(113.91, 23.2);(113.91, 23.6);(114.32, 22.8);(114.32, 23.2);(114.32, 23.6);(114.73, 22.8);(114.73, 23.2);(114.73, 23.6)",True
59294,2020-06-08 12:00:00,34.0,SURF,True,EXTREME_TYPE1,261,11,11,"(113.09, 23.2);(113.5, 22.8);(113.5, 23.2);(113.5, 23.6);(113.91, 22.8);(113.91, 23.2);(113.91, 23.6);(113.91, 24.0);(114.32, 22.8);(114.32, 23.2);(114.32, 23.6)",True
59297,2020-06-08 12:00:00,89.7,SURF,True,EXTREME_TYPE1,181,10,10,"(113.5, 23.2);(113.91, 22.8);(113.91, 23.2);(113.91, 23.6);(114.32, 22.8);(114.32, 23.2);(114.32, 23.6);(114.73, 22.8);(114.73, 23.2);(114.73, 23.6)",True
59285,2020-06-08 13:00:00,2.4,SURF,True,EXTREME_TYPE1,264,10,10,"(113.09, 23.2);(113.09, 23.6);(113.09, 24.0);(113.5, 23.2);(113.5, 23.6);(113.5, 24.0);(113.91, 23.2);(113.91, 23.6);(113.91, 24.0);(114.32, 23.6)",True
59279,2020-06-09 19:00:00,16.0,SURF,True,EXTREME_TYPE1,574,12,12,"(112.27, 22.8);(112.27, 23.2);(112.27, 23.6);(112.68, 22.8);(112.68, 23.2);(112.68, 23.6);(113.09, 22.8);(113.09, 23.2);(113.09, 23.6);(113.5, 22.8);(113.5, 23.2);(113.5, 23.6)",True
59750,2020-06-15 16:00:00,17.3,SURF,True,EXTREME_TYPE1,153,11,11,"(109.41, 21.2);(109.82, 20.4);(109.82, 20.8);(109.82, 21.2);(109.82, 21.6);(110.23, 20.4);(110.23, 20.8);(110.23, 21.2);(110.23, 21.6);(110.64, 20.8);(110.64, 21.2)",True
59754,2020-07-04 19:00:00,1.3,SURF,True,EXTREME_TYPE1,87,5,5,"(109.82, 20.4);(109.82, 20.8);(110.23, 20.4);(110.23, 20.8);(110.64, 20.8)",True
59075,2020-07-10 00:00:00,9.6,SURF,True,EXTREME_TYPE1,207,12,11,"(111.86, 24.0);(111.86, 24.4);(112.27, 24.0);(112.27, 24.4);(112.27, 24.8);(112.68, 24.0);(112.68, 24.4);(112.68, 24.8);(113.09, 24.0);(113.09, 24.4);(113.09, 24.8)",True
59316,2020-07-14 21:00:00,41.8,SURF,True,EXTREME_TYPE1,124,12,12,"(115.95, 23.2);(115.95, 23.6);(116.36, 22.8);(116.36, 23.2);(116.36, 23.6);(116.36, 24.0);(116.77, 22.8);(116.77, 23.2);(116.77, 23.6);(116.77, 24.0);(117.18, 23.2);(117.18, 23.6)",True
59290,2020-07-31 12:00:00,2.5,SURF,True,EXTREME_TYPE1,178,11,11,"(113.5, 23.6);(113.91, 23.2);(113.91, 23.6);(113.91, 24.0);(113.91, 24.4);(114.32, 23.2);(114.32, 23.6);(114.32, 24.0);(114.32, 24.4);(114.73, 23.6);(114.73, 24.0)",True
59315,2020-07-31 20:00:00,5.6,SURF,True,EXTREME_TYPE1,125,10,10,"(115.95, 23.2);(115.95, 23.6);(115.95, 24.0);(116.36, 23.2);(116.36, 23.6);(116.36, 24.0);(116.77, 23.2);(116.77, 23.6);(116.77, 24.0);(117.18, 23.6)",True
59319,2020-08-11 07:00:00,7.5,SURF,True,EXTREME_TYPE1,120,11,11,"(115.95, 23.6);(116.36, 23.2);(116.36, 23.6);(116.36, 24.0);(116.77, 22.8);(116.77, 23.2);(116.77, 23.6);(116.77, 24.0);(117.18, 23.2);(117.18, 23.6);(117.18, 24.0)",True
59500,2020-08-12 12:00:00,21.7,SURF,True,EXTREME_TYPE1,323,12,12,"(114.73, 22.8);(114.73, 23.2);(115.14, 22.4);(115.14, 22.8);(115.14, 23.2);(115.14, 23.6);(115.55, 22.4);(115.55, 22.8);(115.55, 23.2);(115.55, 23.6);(115.95, 22.8);(115.95, 23.2)",True
59289,2020-08-12 14:00:00,34.3,SURF,True,EXTREME_TYPE1,482,12,12,"(113.09, 22.8);(113.09, 23.2);(113.5, 22.4);(113.5, 22.8);(113.5, 23.2);(113.5, 23.6);(113.91, 22.4);(113.91, 22.8);(113.91, 23.2);(113.91, 23.6);(114.32, 22.8);(114.32, 23.2)",True
59650,2020-08-15 17:00:00,75.6,SURF,True,EXTREME_TYPE1,190,11,10,"(109.82, 21.2);(109.82, 21.6);(110.23, 20.8);(110.23, 21.2);(110.23, 21.6);(110.23, 22.0);(110.64, 20.8);(110.64, 21.2);(110.64, 21.6);(110.64, 22.0)",True
59316,2020-08-18 16:00:00,7.8,SURF,True,EXTREME_TYPE1,126,12,12,"(115.95, 23.2);(115.95, 23.6);(116.36, 22.8);(116.36, 23.2);(116.36, 23.6);(116.36, 24.0);(116.77, 22.8);(116.77, 23.2);(116.77, 23.6);(116.77, 24.0);(117.18, 23.2);(117.18, 23.6)",True
59488,2020-08-19 08:00:00,10.3,SURF,True,EXTREME_TYPE1,337,11,11,"(113.09, 22.0);(113.09, 22.4);(113.09, 22.8);(113.5, 21.6);(113.5, 22.0);(113.5, 22.4);(113.5, 22.8);(113.91, 22.0);(113.91, 22.4);(113.91, 22.8);(114.32, 22.4)",True
59478,2020-08-19 10:00:00,55.8,SURF,True,EXTREME_TYPE1,646,12,12,"(112.27, 22.0);(112.27, 22.4);(112.68, 21.6);(112.68, 22.0);(112.68, 22.4);(112.68, 22.8);(113.09, 21.6);(113.09, 22.0);(113.09, 22.4);(113.09, 22.8);(113.5, 22.0);(113.5, 22.4)",True
59654,2020-08-19 15:00:00,5.5,SURF,True,EXTREME_TYPE1,193,10,10,"(109.82, 21.2);(109.82, 21.6);(109.82, 22.0);(110.23, 21.2);(110.23, 21.6);(110.23, 22.0);(110.64, 21.2);(110.64, 21.6);(110.64, 22.0);(111.05, 21.6)",True
59502,2020-08-24 21:00:00,52.9,SURF,True,EXTREME_TYPE1,291,12,12,"(115.14, 22.8);(115.14, 23.2);(115.55, 22.4);(115.55, 22.8);(115.55, 23.2);(115.55, 23.6);(115.95, 22.4);(115.95, 22.8);(115.95, 23.2);(115.95, 23.6);(116.36, 22.8);(116.36, 23.2)",True
59269,2020-08-26 15:00:00,6.3,SURF,True,EXTREME_TYPE1,244,9,9,"(111.45, 22.8);(111.45, 23.2);(111.45, 23.6);(111.86, 22.8);(111.86, 23.2);(111.86, 23.6);(112.27, 22.8);(112.27, 23.2);(112.27, 23.6)",True
59476,2020-08-26 19:00:00,37.4,SURF,True,EXTREME_TYPE1,960,11,11,"(112.27, 22.4);(112.68, 22.0);(112.68, 22.4);(112.68, 22.8);(113.09, 22.0);(113.09, 22.4);(113.09, 22.8);(113.09, 23.2);(113.5, 22.0);(113.5, 22.4);(113.5, 22.8)",True
59117,2020-08-27 19:00:00,45.1,SURF,True,EXTREME_TYPE1,132,12,12,"(115.55, 24.0);(115.55, 24.4);(115.55, 24.8);(115.95, 23.6);(115.95, 24.0);(115.95, 24.4);(115.95, 24.8);(116.36, 24.0);(116.36, 24.4);(116.36, 24.8);(116.77, 24.0);(116.77, 24.4)",True
59284,2020-09-05 10:00:00,25.2,SURF,True,EXTREME_TYPE1,422,12,12,"(112.68, 23.2);(112.68, 23.6);(113.09, 22.8);(113.09, 23.2);(113.09, 23.6);(113.09, 24.0);(113.5, 22.8);(113.5, 23.2);(113.5, 23.6);(113.5, 24.0);(113.91, 23.2);(113.91, 23.6)",True
59486,2020-09-05 12:00:00,17.5,SURF,True,EXTREME_TYPE1,483,10,10,"(113.5, 22.4);(113.5, 22.8);(113.5, 23.2);(113.91, 22.0);(113.91, 22.4);(113.91, 22.8);(113.91, 23.2);(114.32, 22.4);(114.32, 22.8);(114.32, 23.2)",True
59270,2020-09-06 23:00:00,15.2,SURF,True,EXTREME_TYPE1,188,10,10,"(111.45, 24.0);(111.86, 23.6);(111.86, 24.0);(111.86, 24.4);(112.27, 23.6);(112.27, 24.0);(112.27, 24.4);(112.68, 23.6);(112.68, 24.0);(112.68, 24.4)",True
59072,2020-09-07 18:00:00,25.2,SURF,True,EXTREME_TYPE1,205,9,9,"(111.86, 24.4);(111.86, 24.8);(112.27, 24.4);(112.27, 24.8);(112.27, 25.2);(112.68, 24.4);(112.68, 24.8);(112.68, 25.2);(113.09, 24.8)",True
59264,2020-09-12 01:00:00,65.0,SURF,True,EXTREME_TYPE1,104,9,9,"(111.05, 23.2);(111.45, 22.8);(111.45, 23.2);(111.45, 23.6);(111.45, 24.0);(111.86, 22.8);(111.86, 23.2);(111.86, 23.6);(111.86, 24.0)",True
59315,2020-09-12 16:00:00,60.3,SURF,True,EXTREME_TYPE1,126,10,10,"(115.95, 23.2);(115.95, 23.6);(115.95, 24.0);(116.36, 23.2);(116.36, 23.6);(116.36, 24.0);(116.77, 23.2);(116.77, 23.6);(116.77, 24.0);(117.18, 23.6)",True
59475,2020-09-12 17:00:00,65.1,SURF,True,EXTREME_TYPE1,860,9,9,"(112.27, 22.0);(112.27, 22.4);(112.27, 22.8);(112.68, 22.0);(112.68, 22.4);(112.68, 22.8);(113.09, 22.0);(113.09, 22.4);(113.09, 22.8)",True
59106,2020-09-13 20:00:00,12.2,SURF,True,EXTREME_TYPE1,110,10,10,"(115.14, 24.4);(115.14, 24.8);(115.55, 24.0);(115.55, 24.4);(115.55, 24.8);(115.95, 24.0);(115.95, 24.4);(115.95, 24.8);(116.36, 24.4);(116.36, 24.8)",True
59271,2020-09-20 09:00:00,35.5,SURF,True,EXTREME_TYPE1,272,11,11,"(111.86, 23.2);(111.86, 23.6);(111.86, 24.0);(112.27, 23.2);(112.27, 23.6);(112.27, 24.0);(112.68, 23.2);(112.68, 23.6);(112.68, 24.0);(113.09, 23.6);(113.09, 24.0)",True
59673,2020-09-23 11:00:00,20.3,SURF,True,EXTREME_TYPE1,63,8,8,"(112.27, 21.6);(112.27, 22.0);(112.68, 21.6);(112.68, 22.0);(112.68, 22.4);(113.09, 21.6);(113.09, 22.0);(113.5, 21.6)",True
59673,2020-09-23 12:00:00,52.7,SURF,True,EXTREME_TYPE1,65,8,8,"(112.27, 21.6);(112.27, 22.0);(112.68, 21.6);(112.68, 22.0);(112.68, 22.4);(113.09, 21.6);(113.09, 22.0);(113.5, 21.6)",True
59462,2020-09-24 02:00:00,44.0,SURF,True,EXTREME_TYPE1,380,11,11,"(111.05, 22.4);(111.05, 22.8);(111.05, 23.2);(111.45, 22.4);(111.45, 22.8);(111.45, 23.2);(111.86, 22.4);(111.86, 22.8);(111.86, 23.2);(112.27, 22.4);(112.27, 22.8)",True
59088,2020-09-30 08:00:00,31.8,SURF,True,EXTREME_TYPE1,218,12,12,"(112.68, 24.0);(112.68, 24.4);(113.09, 23.6);(113.09, 24.0);(113.09, 24.4);(113.09, 24.8);(113.5, 23.6);(113.5, 24.0);(113.5, 24.4);(113.5, 24.8);(113.91, 24.0);(113.91, 24.4)",True
59486,2020-09-30 17:00:00,60.6,SURF,True,EXTREME_TYPE1,480,10,10,"(113.5, 22.4);(113.5, 22.8);(113.5, 23.2);(113.91, 22.0);(113.91, 22.4);(113.91, 22.8);(113.91, 23.2);(114.32, 22.4);(114.32, 22.8);(114.32, 23.2)",True
59653,2020-09-30 17:00:00,68.5,SURF,True,EXTREME_TYPE1,191,11,11,"(110.23, 21.6);(110.23, 22.0);(110.64, 21.6);(110.64, 22.0);(110.64, 22.4);(111.05, 21.6);(111.05, 22.0);(111.05, 22.4);(111.45, 21.6);(111.45, 22.0);(111.45, 22.4)",True
59653,2020-10-13 22:00:00,2.1,SURF,True,EXTREME_TYPE1,192,11,11,"(110.23, 21.6);(110.23, 22.0);(110.64, 21.6);(110.64, 22.0);(110.64, 22.4);(111.05, 21.6);(111.05, 22.0);(111.05, 22.4);(111.45, 21.6);(111.45, 22.0);(111.45, 22.4)",True
59656,2020-10-15 00:00:00,22.0,SURF,True,EXTREME_TYPE1,148,11,11,"(110.23, 21.2);(110.23, 21.6);(110.64, 20.8);(110.64, 21.2);(110.64, 21.6);(110.64, 22.0);(111.05, 21.2);(111.05, 21.6);(111.05, 22.0);(111.45, 21.2);(111.45, 21.6)",True
59654,2021-04-26 08:00:00,65.9,SURF,True,EXTREME_TYPE1,195,10,10,"(109.82, 21.2);(109.82, 21.6);(109.82, 22.0);(110.23, 21.2);(110.23, 21.6);(110.23, 22.0);(110.64, 21.2);(110.64, 21.6);(110.64, 22.0);(111.05, 21.6)",True
59290,2021-04-26 22:00:00,8.6,SURF,True,EXTREME_TYPE1,205,11,11,"(113.5, 23.6);(113.91, 23.2);(113.91, 23.6);(113.91, 24.0);(113.91, 24.4);(114.32, 23.2);(114.32, 23.6);(114.32, 24.0);(114.32, 24.4);(114.73, 23.6);(114.73, 24.0)",True
59655,2021-05-02 14:00:00,55.0,SURF,True,EXTREME_TYPE1,223,10,9,"(110.23, 21.2);(110.23, 21.6);(110.23, 22.0);(110.64, 21.2);(110.64, 21.6);(110.64, 22.0);(111.05, 21.2);(111.05, 21.6);(111.05, 22.0)",True
59285,2021-05-03 00:00:00,1.0,SURF,True,EXTREME_TYPE1,277,10,10,"(113.09, 23.2);(113.09, 23.6);(113.09, 24.0);(113.5, 23.2);(113.5, 23.6);(113.5, 24.0);(113.91, 23.2);(113.91, 23.6);(113.91, 24.0);(114.32, 23.6)",True
59750,2021-05-03 17:00:00,43.1,SURF,True,EXTREME_TYPE1,154,11,11,"(109.41, 21.2);(109.82, 20.4);(109.82, 20.8);(109.82, 21.2);(109.82, 21.6);(110.23, 20.4);(110.23, 20.8);(110.23, 21.2);(110.23, 21.6);(110.64, 20.8);(110.64, 21.2)",True
59071,2021-05-04 08:00:00,15.1,SURF,True,EXTREME_TYPE1,119,8,8,"(111.86, 24.4);(111.86, 24.8);(112.27, 24.4);(112.27, 24.8);(112.27, 25.2);(112.68, 24.4);(112.68, 24.8);(112.68, 25.2)",True
59294,2021-05-25 05:00:00,4.3,SURF,True,EXTREME_TYPE1,276,11,11,"(113.09, 23.2);(113.5, 22.8);(113.5, 23.2);(113.5, 23.6);(113.91, 22.8);(113.91, 23.2);(113.91, 23.6);(113.91, 24.0);(114.32, 22.8);(114.32, 23.2);(114.32, 23.6)",True
59316,2021-05-31 08:00:00,5.2,SURF,True,EXTREME_TYPE1,129,12,12,"(115.95, 23.2);(115.95, 23.6);(116.36, 22.8);(116.36, 23.2);(116.36, 23.6);(116.36, 24.0);(116.77, 22.8);(116.77, 23.2);(116.77, 23.6);(116.77, 24.0);(117.18, 23.2);(117.18, 23.6)",True
59317,2021-05-31 08:00:00,62.4,SURF,True,EXTREME_TYPE1,227,9,9,"(115.95, 22.4);(115.95, 22.8);(115.95, 23.2);(115.95, 23.6);(116.36, 22.8);(116.36, 23.2);(116.36, 23.6);(116.77, 22.8);(116.77, 23.2)",True
59488,2021-06-01 04:00:00,62.2,SURF,True,EXTREME_TYPE1,335,11,11,"(113.09, 22.0);(113.09, 22.4);(113.09, 22.8);(113.5, 21.6);(113.5, 22.0);(113.5, 22.4);(113.5, 22.8);(113.91, 22.0);(113.91, 22.4);(113.91, 22.8);(114.32, 22.4)",True
59284,2021-06-01 16:00:00,76.0,SURF,True,EXTREME_TYPE1,424,12,12,"(112.68, 23.2);(112.68, 23.6);(113.09, 22.8);(113.09, 23.2);(113.09, 23.6);(113.09, 24.0);(113.5, 22.8);(113.5, 23.2);(113.5, 23.6);(113.5, 24.0);(113.91, 23.2);(113.91, 23.6)",True
59264,2021-06-02 15:00:00,30.2,SURF,True,EXTREME_TYPE1,107,9,9,"(111.05, 23.2);(111.45, 22.8);(111.45, 23.2);(111.45, 23.6);(111.45, 24.0);(111.86, 22.8);(111.86, 23.2);(111.86, 23.6);(111.86, 24.0)",True
59287,2021-06-04 04:00:00,12.0,SURF,True,EXTREME_TYPE1,428,9,9,"(113.09, 22.8);(113.09, 23.2);(113.09, 23.6);(113.5, 22.8);(113.5, 23.2);(113.5, 23.6);(113.91, 22.8);(113.91, 23.2);(113.91, 23.6)",True
59456,2021-06-08 18:00:00,63.7,SURF,True,FALSE,184,10,0,,True
59293,2021-06-10 20:00:00,8.5,SURF,True,EXTREME_TYPE1,186,11,11,"(114.32, 23.2);(114.32, 23.6);(114.32, 24.0);(114.73, 23.2);(114.73, 23.6);(114.73, 24.0);(114.73, 24.4);(115.14, 23.2);(115.14, 23.6);(115.14, 24.0);(115.14, 24.4)",True
59270,2021-06-14 17:00:00,14.7,SURF,True,EXTREME_TYPE1,198,10,10,"(111.45, 24.0);(111.86, 23.6);(111.86, 24.0);(111.86, 24.4);(112.27, 23.6);(112.27, 24.0);(112.27, 24.4);(112.68, 23.6);(112.68, 24.0);(112.68, 24.4)",True
59480,2021-06-22 06:00:00,55.3,SURF,True,EXTREME_TYPE1,755,10,10,"(112.68, 22.4);(112.68, 22.8);(112.68, 23.2);(113.09, 22.4);(113.09, 22.8);(113.09, 23.2);(113.5, 22.4);(113.5, 22.8);(113.5, 23.2);(113.91, 22.8)",True
59481,2021-06-22 09:00:00,2.1,SURF,True,EXTREME_TYPE1,788,12,12,"(112.68, 22.8);(112.68, 23.2);(113.09, 22.4);(113.09, 22.8);(113.09, 23.2);(113.09, 23.6);(113.5, 22.4);(113.5, 22.8);(113.5, 23.2);(113.5, 23.6);(113.91, 22.8);(113.91, 23.2)",True
59074,2021-06-22 15:00:00,52.3,SURF,True,EXTREME_TYPE1,183,9,9,"(111.86, 24.0);(111.86, 24.4);(111.86, 24.8);(112.27, 24.0);(112.27, 24.4);(112.27, 24.8);(112.27, 25.2);(112.68, 24.4);(112.68, 24.8)",True
59107,2021-06-22 15:00:00,30.5,SURF,True,EXTREME_TYPE1,243,12,12,"(114.73, 23.6);(114.73, 24.0);(114.73, 24.4);(115.14, 23.6);(115.14, 24.0);(115.14, 24.4);(115.14, 24.8);(115.55, 23.6);(115.55, 24.0);(115.55, 24.4);(115.95, 24.0);(115.95, 24.4)",True
59096,2021-06-22 19:00:00,8.4,SURF,True,EXTREME_TYPE1,129,12,12,"(113.91, 24.0);(113.91, 24.4);(113.91, 24.8);(114.32, 24.0);(114.32, 24.4);(114.32, 24.8);(114.73, 24.0);(114.73, 24.4);(114.73, 24.8);(115.14, 24.0);(115.14, 24.4);(115.14, 24.8)",True
59264,2021-06-23 16:00:00,2.0,SURF,True,EXTREME_TYPE1,112,9,9,"(111.05, 23.2);(111.45, 22.8);(111.45, 23.2);(111.45, 23.6);(111.45, 24.0);(111.86, 22.8);(111.86, 23.2);(111.86, 23.6);(111.86, 24.0)",True
59487,2021-06-24 06:00:00,10.3,SURF,True,EXTREME_TYPE1,536,12,12,"(112.68, 22.0);(112.68, 22.4);(113.09, 21.6);(113.09, 22.0);(113.09, 22.4);(113.09, 22.8);(113.5, 21.6);(113.5, 22.0);(113.5, 22.4);(113.5, 22.8);(113.91, 22.0);(113.91, 22.4)",True
59280,2021-06-25 18:00:00,54.6,SURF,True,EXTREME_TYPE1,290,10,9,"(112.68, 23.2);(112.68, 23.6);(112.68, 24.0);(113.09, 23.2);(113.09, 23.6);(113.09, 24.0);(113.5, 23.2);(113.5, 23.6);(113.5, 24.0)",True
59477,2021-06-25 18:00:00,10.1,SURF,True,EXTREME_TYPE1,686,10,10,"(111.86, 22.0);(111.86, 22.4);(111.86, 22.8);(112.27, 21.6);(112.27, 22.0);(112.27, 22.4);(112.27, 22.8);(112.68, 22.0);(112.68, 22.4);(112.68, 22.8)",True
59114,2021-06-29 12:00:00,16.3,SURF,True,EXTREME_TYPE1,71,10,10,"(115.55, 24.4);(115.55, 24.8);(115.95, 24.0);(115.95, 24.4);(115.95, 24.8);(116.36, 24.0);(116.36, 24.4);(116.36, 24.8);(116.77, 24.4);(116.77, 24.8)",True
59477,2021-06-30 11:00:00,2.0,SURF,True,EXTREME_TYPE1,691,10,10,"(111.86, 22.0);(111.86, 22.4);(111.86, 22.8);(112.27, 21.6);(112.27, 22.0);(112.27, 22.4);(112.27, 22.8);(112.68, 22.0);(112.68, 22.4);(112.68, 22.8)",True
59655,2021-06-30 15:00:00,53.7,SURF,True,EXTREME_TYPE1,223,10,9,"(110.23, 21.2);(110.23, 21.6);(110.23, 22.0);(110.64, 21.2);(110.64, 21.6);(110.64, 22.0);(111.05, 21.2);(111.05, 21.6);(111.05, 22.0)",True
59488,2021-07-19 03:00:00,25.2,SURF,True,EXTREME_TYPE1,349,11,11,"(113.09, 22.0);(113.09, 22.4);(113.09, 22.8);(113.5, 21.6);(113.5, 22.0);(113.5, 22.4);(113.5, 22.8);(113.91, 22.0);(113.91, 22.4);(113.91, 22.8);(114.32, 22.4)",True
59471,2021-07-21 19:00:00,26.2,SURF,True,EXTREME_TYPE1,637,12,12,"(111.45, 22.8);(111.45, 23.2);(111.86, 22.4);(111.86, 22.8);(111.86, 23.2);(111.86, 23.6);(112.27, 22.4);(112.27, 22.8);(112.27, 23.2);(112.27, 23.6);(112.68, 22.8);(112.68, 23.2)",True
59071,2021-07-21 21:00:00,5.2,SURF,True,EXTREME_TYPE1,123,8,8,"(111.86, 24.4);(111.86, 24.8);(112.27, 24.4);(112.27, 24.8);(112.27, 25.2);(112.68, 24.4);(112.68, 24.8);(112.68, 25.2)",True
59493,2021-07-25 00:00:00,65.3,SURF,True,EXTREME_TYPE1,341,13,13,"(113.5, 22.0);(113.5, 22.4);(113.5, 22.8);(113.91, 22.0);(113.91, 22.4);(113.91, 22.8);(113.91, 23.2);(114.32, 22.0);(114.32, 22.4);(114.32, 22.8);(114.32, 23.2);(114.73, 22.4);(114.73, 22.8)",True
59298,2021-07-27 21:00:00,26.9,SURF,True,EXTREME_TYPE1,249,11,7,"(113.91, 22.8);(113.91, 23.2);(114.32, 22.4);(114.32, 22.8);(114.32, 23.2);(114.73, 22.8);(114.73, 23.2)",True
59099,2021-07-30 17:00:00,57.5,SURF,True,EXTREME_TYPE1,150,10,10,"(114.32, 24.4);(114.32, 24.8);(114.73, 24.0);(114.73, 24.4);(114.73, 24.8);(115.14, 24.0);(115.14, 24.4);(115.14, 24.8);(115.55, 24.4);(115.55, 24.8)",True
59106,2021-08-08 18:00:00,50.4,SURF,True,EXTREME_TYPE1,110,10,10,"(115.14, 24.4);(115.14, 24.8);(115.55, 24.0);(115.55, 24.4);(115.55, 24.8);(115.95, 24.0);(115.95, 24.4);(115.95, 24.8);(116.36, 24.4);(116.36, 24.8)",True
59280,2021-08-09 10:00:00,59.4,SURF,True,EXTREME_TYPE1,294,10,10,"(112.68, 23.2);(112.68, 23.6);(112.68, 24.0);(113.09, 23.2);(113.09, 23.6);(113.09, 24.0);(113.09, 24.4);(113.5, 23.2);(113.5, 23.6);(113.5, 24.0)",True
59280,2021-08-09 11:00:00,60.9,SURF,True,EXTREME_TYPE1,294,10,10,"(112.68, 23.2);(112.68, 23.6);(112.68, 24.0);(113.09, 23.2);(113.09, 23.6);(113.09, 24.0);(113.09, 24.4);(113.5, 23.2);(113.5, 23.6);(113.5, 24.0)",True
59297,2021-08-09 16:00:00,82.0,SURF,True,EXTREME_TYPE1,205,10,10,"(113.5, 23.2);(113.91, 22.8);(113.91, 23.2);(113.91, 23.6);(114.32, 22.8);(114.32, 23.2);(114.32, 23.6);(114.73, 22.8);(114.73, 23.2);(114.73, 23.6)",True
59487,2021-08-10 05:00:00,89.1,SURF,True,EXTREME_TYPE1,553,12,12,"(112.68, 22.0);(112.68, 22.4);(113.09, 21.6);(113.09, 22.0);(113.09, 22.4);(113.09, 22.8);(113.5, 21.6);(113.5, 22.0);(113.5, 22.4);(113.5, 22.8);(113.91, 22.0);(113.91, 22.4)",True
59289,2021-08-10 06:00:00,48.0,SURF,True,EXTREME_TYPE1,499,12,12,"(113.09, 22.8);(113.09, 23.2);(113.5, 22.4);(113.5, 22.8);(113.5, 23.2);(113.5, 23.6);(113.91, 22.4);(113.91, 22.8);(113.91, 23.2);(113.91, 23.6);(114.32, 22.8);(114.32, 23.2)",True
59488,2021-08-14 05:00:00,29.1,SURF,True,EXTREME_TYPE1,353,11,11,"(113.09, 22.0);(113.09, 22.4);(113.09, 22.8);(113.5, 21.6);(113.5, 22.0);(113.5, 22.4);(113.5, 22.8);(113.91, 22.0);(113.91, 22.4);(113.91, 22.8);(114.32, 22.4)",True
57989,2021-08-15 18:00:00,48.6,SURF,True,EXTREME_TYPE1,88,12,12,"(113.09, 24.8);(113.09, 25.2);(113.5, 24.4);(113.5, 24.8);(113.5, 25.2);(113.5, 25.6);(113.91, 24.4);(113.91, 24.8);(113.91, 25.2);(113.91, 25.6);(114.32, 24.8);(114.32, 25.2)",True
59090,2021-08-18 09:00:00,52.4,SURF,True,EXTREME_TYPE1,59,12,12,"(113.5, 24.8);(113.5, 25.2);(113.91, 24.4);(113.91, 24.8);(113.91, 25.2);(113.91, 25.6);(114.32, 24.4);(114.32, 24.8);(114.32, 25.2);(114.32, 25.6);(114.73, 24.8);(114.73, 25.2)",True
57988,2021-08-18 18:00:00,14.3,SURF,True,EXTREME_TYPE1,83,11,11,"(112.68, 24.8);(112.68, 25.2);(113.09, 24.8);(113.09, 25.2);(113.09, 25.6);(113.5, 24.8);(113.5, 25.2);(113.5, 25.6);(113.91, 24.8);(113.91, 25.2);(113.91, 25.6)",True
59487,2021-08-18 19:00:00,56.5,SURF,True,EXTREME_TYPE1,552,12,12,"(112.68, 22.0);(112.68, 22.4);(113.09, 21.6);(113.09, 22.0);(113.09, 22.4);(113.09, 22.8);(113.5, 21.6);(113.5, 22.0);(113.5, 22.4);(113.5, 22.8);(113.91, 22.0);(113.91, 22.4)",True
59081,2021-08-19 17:00:00,49.1,SURF,True,EXTREME_TYPE1,158,12,12,"(112.68, 24.4);(112.68, 24.8);(112.68, 25.2);(113.09, 24.4);(113.09, 24.8);(113.09, 25.2);(113.5, 24.4);(113.5, 24.8);(113.5, 25.2);(113.91, 24.4);(113.91, 24.8);(113.91, 25.2)",True
59487,2021-08-27 09:00:00,23.2,SURF,True,EXTREME_TYPE1,552,12,12,"(112.68, 22.0);(112.68, 22.4);(113.09, 21.6);(113.09, 22.0);(113.09, 22.4);(113.09, 22.8);(113.5, 21.6);(113.5, 22.0);(113.5, 22.4);(113.5, 22.8);(113.91, 22.0);(113.91, 22.4)",True
59287,2021-08-31 06:00:00,40.0,SURF,True,EXTREME_TYPE1,442,9,9,"(113.09, 22.8);(113.09, 23.2);(113.09, 23.6);(113.5, 22.8);(113.5, 23.2);(113.5, 23.6);(113.91, 22.8);(113.91, 23.2);(113.91, 23.6)",True
59470,2021-09-01 15:00:00,38.6,SURF,True,EXTREME_TYPE1,636,10,10,"(111.45, 22.8);(111.86, 22.4);(111.86, 22.8);(111.86, 23.2);(112.27, 22.4);(112.27, 22.8);(112.27, 23.2);(112.68, 22.4);(112.68, 22.8);(112.68, 23.2)",True
59502,2021-09-06 15:00:00,50.8,SURF,True,EXTREME_TYPE1,314,12,10,"(115.14, 22.8);(115.14, 23.2);(115.55, 22.4);(115.55, 22.8);(115.55, 23.2);(115.55, 23.6);(115.95, 22.4);(115.95, 22.8);(115.95, 23.2);(115.95, 23.6)",True
59106,2021-09-08 22:00:00,7.8,SURF,True,EXTREME_TYPE1,110,10,10,"(115.14, 24.4);(115.14, 24.8);(115.55, 24.0);(115.55, 24.4);(115.55, 24.8);(115.95, 24.0);(115.95, 24.4);(115.95, 24.8);(116.36, 24.4);(116.36, 24.8)",True
59750,2021-09-14 08:00:00,6.1,SURF,True,EXTREME_TYPE1,157,11,11,"(109.41, 21.2);(109.82, 20.4);(109.82, 20.8);(109.82, 21.2);(109.82, 21.6);(110.23, 20.4);(110.23, 20.8);(110.23, 21.2);(110.23, 21.6);(110.64, 20.8);(110.64, 21.2)",True
59476,2021-09-14 12:00:00,50.8,SURF,True,EXTREME_TYPE1,997,11,11,"(112.27, 22.4);(112.68, 22.0);(112.68, 22.4);(112.68, 22.8);(113.09, 22.0);(113.09, 22.4);(113.09, 22.8);(113.09, 23.2);(113.5, 22.0);(113.5, 22.4);(113.5, 22.8)",True
59486,2021-09-14 14:00:00,61.7,SURF,True,EXTREME_TYPE1,503,10,10,"(113.5, 22.4);(113.5, 22.8);(113.5, 23.2);(113.91, 22.0);(113.91, 22.4);(113.91, 22.8);(113.91, 23.2);(114.32, 22.4);(114.32, 22.8);(114.32, 23.2)",True
59456,2021-09-17 16:00:00,61.0,SURF,True,EXTREME_TYPE1,185,10,10,"(110.23, 22.4);(110.64, 22.0);(110.64, 22.4);(110.64, 22.8);(111.05, 22.0);(111.05, 22.4);(111.05, 22.8);(111.45, 22.0);(111.45, 22.4);(111.45, 22.8)",True
59315,2021-10-01 00:00:00,27.4,SURF,True,EXTREME_TYPE1,128,10,10,"(115.95, 23.2);(115.95, 23.6);(115.95, 24.0);(116.36, 23.2);(116.36, 23.6);(116.36, 24.0);(116.77, 23.2);(116.77, 23.6);(116.77, 24.0);(117.18, 23.6)",True
59754,2021-10-05 10:00:00,61.3,SURF,True,EXTREME_TYPE1,88,5,5,"(109.82, 20.4);(109.82, 20.8);(110.23, 20.4);(110.23, 20.8);(110.64, 20.8)",True
59317,2021-10-07 17:00:00,14.8,SURF,True,EXTREME_TYPE1,231,9,9,"(115.95, 22.4);(115.95, 22.8);(115.95, 23.2);(115.95, 23.6);(116.36, 22.8);(116.36, 23.2);(116.36, 23.6);(116.77, 22.8);(116.77, 23.2)",True
59487,2021-10-08 13:00:00,17.4,SURF,True,EXTREME_TYPE1,555,12,12,"(112.68, 22.0);(112.68, 22.4);(113.09, 21.6);(113.09, 22.0);(113.09, 22.4);(113.09, 22.8);(113.5, 21.6);(113.5, 22.0);(113.5, 22.4);(113.5, 22.8);(113.91, 22.0);(113.91, 22.4)",True
59486,2021-10-08 14:00:00,15.8,SURF,True,EXTREME_TYPE1,503,10,10,"(113.5, 22.4);(113.5, 22.8);(113.5, 23.2);(113.91, 22.0);(113.91, 22.4);(113.91, 22.8);(113.91, 23.2);(114.32, 22.4);(114.32, 22.8);(114.32, 23.2)",True
59298,2021-10-08 21:00:00,3.8,SURF,True,EXTREME_TYPE1,252,11,11,"(113.91, 22.8);(113.91, 23.2);(113.91, 23.6);(114.32, 22.4);(114.32, 22.8);(114.32, 23.2);(114.32, 23.6);(114.73, 22.8);(114.73, 23.2);(114.73, 23.6);(115.14, 23.2)",True
59485,2021-10-09 03:00:00,20.7,SURF,True,EXTREME_TYPE1,790,12,12,"(112.68, 22.4);(112.68, 22.8);(113.09, 22.0);(113.09, 22.4);(113.09, 22.8);(113.5, 22.0);(113.5, 22.4);(113.5, 22.8);(113.5, 23.2);(113.91, 22.0);(113.91, 22.4);(113.91, 22.8)",True
59655,2021-10-10 00:00:00,51.3,SURF,True,EXTREME_TYPE1,221,10,10,"(110.23, 21.2);(110.23, 21.6);(110.23, 22.0);(110.64, 21.2);(110.64, 21.6);(110.64, 22.0);(110.64, 22.4);(111.05, 21.2);(111.05, 21.6);(111.05, 22.0)",True
59754,2021-10-15 08:00:00,51.1,SURF,True,EXTREME_TYPE1,88,5,5,"(109.82, 20.4);(109.82, 20.8);(110.23, 20.4);(110.23, 20.8);(110.64, 20.8)",True
59271,2021-10-29 22:00:00,3.6,SURF,True,EXTREME_TYPE1,287,11,11,"(111.86, 23.2);(111.86, 23.6);(111.86, 24.0);(112.27, 23.2);(112.27, 23.6);(112.27, 24.0);(112.68, 23.2);(112.68, 23.6);(112.68, 24.0);(113.09, 23.6);(113.09, 24.0)",True
59269,2021-12-20 18:00:00,1.2,SURF,True,EXTREME_TYPE1,286,9,9,"(111.45, 22.8);(111.45, 23.2);(111.45, 23.6);(111.86, 22.8);(111.86, 23.2);(111.86, 23.6);(112.27, 22.8);(112.27, 23.2);(112.27, 23.6)",True
59473,2022-02-01 11:00:00,4.1,SURF,True,EXTREME_TYPE1,953,10,10,"(112.27, 22.8);(112.68, 22.4);(112.68, 22.8);(112.68, 23.2);(113.09, 22.4);(113.09, 22.8);(113.09, 23.2);(113.5, 22.4);(113.5, 22.8);(113.5, 23.2)",True
59114,2022-02-03 07:00:00,6.4,SURF,True,EXTREME_TYPE1,72,10,10,"(115.55, 24.4);(115.55, 24.8);(115.95, 24.0);(115.95, 24.4);(115.95, 24.8);(116.36, 24.0);(116.36, 24.4);(116.36, 24.8);(116.77, 24.4);(116.77, 24.8)",True
59088,2022-02-08 19:00:00,2.1,SURF,True,EXTREME_TYPE1,219,12,12,"(112.68, 24.0);(112.68, 24.4);(113.09, 23.6);(113.09, 24.0);(113.09, 24.4);(113.09, 24.8);(113.5, 23.6);(113.5, 24.0);(113.5, 24.4);(113.5, 24.8);(113.91, 24.0);(113.91, 24.4)",True
G5605,2022-02-12 01:00:00,159.5,AWST,False,FALSE,358,12,0,,True
G5605,2022-02-12 02:00:00,179.0,AWST,False,FALSE,358,12,0,,True
G5605,2022-02-12 04:00:00,160.3,AWST,False,FALSE,358,12,0,,True
G5605,2022-02-12 06:00:00,147.2,AWST,False,FALSE,358,12,0,,True
G5605,2022-02-12 07:00:00,125.5,AWST,False,FALSE,358,12,0,,True
G5605,2022-02-12 10:00:00,79.5,AWST,False,FALSE,358,12,0,,True
G5605,2022-02-12 11:00:00,134.7,AWST,False,FALSE,358,12,0,,True
59096,2022-02-19 14:00:00,2.1,SURF,True,EXTREME_TYPE1,127,12,12,"(113.91, 24.0);(113.91, 24.4);(113.91, 24.8);(114.32, 24.0);(114.32, 24.4);(114.32, 24.8);(114.73, 24.0);(114.73, 24.4);(114.73, 24.8);(115.14, 24.0);(115.14, 24.4);(115.14, 24.8)",True
59313,2022-02-19 22:00:00,7.1,SURF,True,EXTREME_TYPE1,34,9,9,"(116.36, 23.6);(116.36, 24.0);(116.77, 23.2);(116.77, 23.6);(116.77, 24.0);(117.18, 23.2);(117.18, 23.6);(117.18, 24.0);(117.59, 23.6)",True
59487,2022-02-19 23:00:00,2.8,SURF,True,EXTREME_TYPE1,612,12,12,"(112.68, 22.0);(112.68, 22.4);(113.09, 21.6);(113.09, 22.0);(113.09, 22.4);(113.09, 22.8);(113.5, 21.6);(113.5, 22.0);(113.5, 22.4);(113.5, 22.8);(113.91, 22.0);(113.91, 22.4)",True
59475,2022-02-20 13:00:00,3.1,SURF,True,EXTREME_TYPE1,962,9,9,"(112.27, 22.0);(112.27, 22.4);(112.27, 22.8);(112.68, 22.0);(112.68, 22.4);(112.68, 22.8);(113.09, 22.0);(113.09, 22.4);(113.09, 22.8)",True
59476,2022-02-21 01:00:00,1.2,SURF,True,EXTREME_TYPE1,1080,11,11,"(112.27, 22.4);(112.68, 22.0);(112.68, 22.4);(112.68, 22.8);(113.09, 22.0);(113.09, 22.4);(113.09, 22.8);(113.09, 23.2);(113.5, 22.0);(113.5, 22.4);(113.5, 22.8)",True
59319,2022-03-20 16:00:00,31.1,SURF,True,EXTREME_TYPE1,122,11,11,"(115.95, 23.6);(116.36, 23.2);(116.36, 23.6);(116.36, 24.0);(116.77, 22.8);(116.77, 23.2);(116.77, 23.6);(116.77, 24.0);(117.18, 23.2);(117.18, 23.6);(117.18, 24.0)",True
59293,2022-03-22 22:00:00,10.9,SURF,True,EXTREME_TYPE1,183,11,11,"(114.32, 23.2);(114.32, 23.6);(114.32, 24.0);(114.73, 23.2);(114.73, 23.6);(114.73, 24.0);(114.73, 24.4);(115.14, 23.2);(115.14, 23.6);(115.14, 24.0);(115.14, 24.4)",True
59072,2022-03-23 05:00:00,5.8,SURF,True,EXTREME_TYPE1,216,9,9,"(111.86, 24.4);(111.86, 24.8);(112.27, 24.4);(112.27, 24.8);(112.27, 25.2);(112.68, 24.4);(112.68, 24.8);(112.68, 25.2);(113.09, 24.8)",True
59290,2022-03-26 16:00:00,21.7,SURF,True,EXTREME_TYPE1,207,11,11,"(113.5, 23.6);(113.91, 23.2);(113.91, 23.6);(113.91, 24.0);(113.91, 24.4);(114.32, 23.2);(114.32, 23.6);(114.32, 24.0);(114.32, 24.4);(114.73, 23.6);(114.73, 24.0)",True
59493,2022-03-28 02:00:00,12.0,SURF,True,EXTREME_TYPE1,364,13,13,"(113.5, 22.0);(113.5, 22.4);(113.5, 22.8);(113.91, 22.0);(113.91, 22.4);(113.91, 22.8);(113.91, 23.2);(114.32, 22.0);(114.32, 22.4);(114.32, 22.8);(114.32, 23.2);(114.73, 22.4);(114.73, 22.8)",True
59284,2022-04-19 02:00:00,1.2,SURF,True,EXTREME_TYPE1,516,12,12,"(112.68, 23.2);(112.68, 23.6);(113.09, 22.8);(113.09, 23.2);(113.09, 23.6);(113.09, 24.0);(113.5, 22.8);(113.5, 23.2);(113.5, 23.6);(113.5, 24.0);(113.91, 23.2);(113.91, 23.6)",True
59287,2022-04-23 21:00:00,53.1,SURF,True,EXTREME_TYPE1,521,9,9,"(113.09, 22.8);(113.09, 23.2);(113.09, 23.6);(113.5, 22.8);(113.5, 23.2);(113.5, 23.6);(113.91, 22.8);(113.91, 23.2);(113.91, 23.6)",True
59271,2022-04-30 20:00:00,62.9,SURF,True,EXTREME_TYPE1,304,11,11,"(111.86, 23.2);(111.86, 23.6);(111.86, 24.0);(112.27, 23.2);(112.27, 23.6);(112.27, 24.0);(112.68, 23.2);(112.68, 23.6);(112.68, 24.0);(113.09, 23.6);(113.09, 24.0)",True
59271,2022-05-01 06:00:00,5.1,SURF,True,EXTREME_TYPE1,303,11,11,"(111.86, 23.2);(111.86, 23.6);(111.86, 24.0);(112.27, 23.2);(112.27, 23.6);(112.27, 24.0);(112.68, 23.2);(112.68, 23.6);(112.68, 24.0);(113.09, 23.6);(113.09, 24.0)",True
59473,2022-05-01 18:00:00,2.4,SURF,True,EXTREME_TYPE1,1014,10,10,"(112.27, 22.8);(112.68, 22.4);(112.68, 22.8);(112.68, 23.2);(113.09, 22.4);(113.09, 22.8);(113.09, 23.2);(113.5, 22.4);(113.5, 22.8);(113.5, 23.2)",True
59456,2022-05-11 01:00:00,39.9,SURF,True,EXTREME_TYPE1,187,10,10,"(110.23, 22.4);(110.64, 22.0);(110.64, 22.4);(110.64, 22.8);(111.05, 22.0);(111.05, 22.4);(111.05, 22.8);(111.45, 22.0);(111.45, 22.4);(111.45, 22.8)",True
59663,2022-05-11 05:00:00,60.1,SURF,True,EXTREME_TYPE1,257,11,11,"(111.45, 21.6);(111.45, 22.0);(111.86, 21.2);(111.86, 21.6);(111.86, 22.0);(111.86, 22.4);(112.27, 21.6);(112.27, 22.0);(112.27, 22.4);(112.68, 21.6);(112.68, 22.0)",True
59488,2022-05-11 06:00:00,79.2,SURF,True,EXTREME_TYPE1,406,11,11,"(113.09, 22.0);(113.09, 22.4);(113.09, 22.8);(113.5, 21.6);(113.5, 22.0);(113.5, 22.4);(113.5, 22.8);(113.91, 22.0);(113.91, 22.4);(113.91, 22.8);(114.32, 22.4)",True
59488,2022-05-11 07:00:00,62.7,SURF,True,EXTREME_TYPE1,405,11,11,"(113.09, 22.0);(113.09, 22.4);(113.09, 22.8);(113.5, 21.6);(113.5, 22.0);(113.5, 22.4);(113.5, 22.8);(113.91, 22.0);(113.91, 22.4);(113.91, 22.8);(114.32, 22.4)",True
59280,2022-05-11 12:00:00,65.8,SURF,True,EXTREME_TYPE1,309,10,10,"(112.68, 23.2);(112.68, 23.6);(112.68, 24.0);(113.09, 23.2);(113.09, 23.6);(113.09, 24.0);(113.09, 24.4);(113.5, 23.2);(113.5, 23.6);(113.5, 24.0)",True
59088,2022-05-11 13:00:00,12.8,SURF,True,EXTREME_TYPE1,223,12,12,"(112.68, 24.0);(112.68, 24.4);(113.09, 23.6);(113.09, 24.0);(113.09, 24.4);(113.09, 24.8);(113.5, 23.6);(113.5, 24.0);(113.5, 24.4);(113.5, 24.8);(113.91, 24.0);(113.91, 24.4)",True
59096,2022-05-11 14:00:00,3.5,SURF,True,EXTREME_TYPE1,127,12,12,"(113.91, 24.0);(113.91, 24.4);(113.91, 24.8);(114.32, 24.0);(114.32, 24.4);(114.32, 24.8);(114.73, 24.0);(114.73, 24.4);(114.73, 24.8);(115.14, 24.0);(115.14, 24.4);(115.14, 24.8)",True
59298,2022-05-11 21:00:00,11.9,SURF,True,EXTREME_TYPE1,260,11,11,"(113.91, 22.8);(113.91, 23.2);(113.91, 23.6);(114.32, 22.4);(114.32, 22.8);(114.32, 23.2);(114.32, 23.6);(114.73, 22.8);(114.73, 23.2);(114.73, 23.6);(115.14, 23.2)",True
59478,2022-05-12 07:00:00,32.7,SURF,True,EXTREME_TYPE1,744,12,12,"(112.27, 22.0);(112.27, 22.4);(112.68, 21.6);(112.68, 22.0);(112.68, 22.4);(112.68, 22.8);(113.09, 21.6);(113.09, 22.0);(113.09, 22.4);(113.09, 22.8);(113.5, 22.0);(113.5, 22.4)",True
59270,2022-05-12 12:00:00,24.2,SURF,True,EXTREME_TYPE1,204,10,10,"(111.45, 24.0);(111.86, 23.6);(111.86, 24.0);(111.86, 24.4);(112.27, 23.6);(112.27, 24.0);(112.27, 24.4);(112.68, 23.6);(112.68, 24.0);(112.68, 24.4)",True
59087,2022-05-12 14:00:00,7.0,SURF,True,EXTREME_TYPE1,223,10,10,"(113.09, 23.6);(113.09, 24.0);(113.09, 24.4);(113.5, 23.2);(113.5, 23.6);(113.5, 24.0);(113.5, 24.4);(113.91, 23.6);(113.91, 24.0);(113.91, 24.4)",True
59303,2022-05-13 15:00:00,8.5,SURF,True,EXTREME_TYPE1,337,10,10,"(115.14, 23.6);(115.14, 24.0);(115.55, 23.6);(115.55, 24.0);(115.55, 24.4);(115.95, 23.6);(115.95, 24.0);(115.95, 24.4);(116.36, 23.6);(116.36, 24.0)",True
59477,2022-05-13 18:00:00,62.2,SURF,True,EXTREME_TYPE1,740,10,10,"(111.86, 22.0);(111.86, 22.4);(111.86, 22.8);(112.27, 21.6);(112.27, 22.0);(112.27, 22.4);(112.27, 22.8);(112.68, 22.0);(112.68, 22.4);(112.68, 22.8)",True
59664,2022-05-15 15:00:00,38.7,SURF,True,EXTREME_TYPE1,217,10,10,"(110.23, 21.6);(110.64, 21.2);(110.64, 21.6);(110.64, 22.0);(111.05, 21.2);(111.05, 21.6);(111.05, 22.0);(111.45, 21.2);(111.45, 21.6);(111.45, 22.0)",True
59297,2022-05-21 15:00:00,10.9,SURF,True,EXTREME_TYPE1,214,10,10,"(113.5, 23.2);(113.91, 22.8);(113.91, 23.2);(113.91, 23.6);(114.32, 22.8);(114.32, 23.2);(114.32, 23.6);(114.73, 22.8);(114.73, 23.2);(114.73, 23.6)",True
59075,2022-05-22 08:00:00,6.3,SURF,True,EXTREME_TYPE1,219,12,12,"(111.86, 24.0);(111.86, 24.4);(112.27, 24.0);(112.27, 24.4);(112.27, 24.8);(112.68, 23.6);(112.68, 24.0);(112.68, 24.4);(112.68, 24.8);(113.09, 24.0);(113.09, 24.4);(113.09, 24.8)",True
59650,2022-05-22 12:00:00,1.9,SURF,True,EXTREME_TYPE1,192,11,11,"(109.82, 21.2);(109.82, 21.6);(109.82, 22.0);(110.23, 20.8);(110.23, 21.2);(110.23, 21.6);(110.23, 22.0);(110.64, 20.8);(110.64, 21.2);(110.64, 21.6);(110.64, 22.0)",True
59312,2022-05-25 15:00:00,11.4,SURF,True,EXTREME_TYPE1,122,10,10,"(115.95, 23.6);(116.36, 23.2);(116.36, 23.6);(116.36, 24.0);(116.77, 23.2);(116.77, 23.6);(116.77, 24.0);(117.18, 23.2);(117.18, 23.6);(117.18, 24.0)",True
59096,2022-05-26 08:00:00,26.2,SURF,True,EXTREME_TYPE1,128,12,12,"(113.91, 24.0);(113.91, 24.4);(113.91, 24.8);(114.32, 24.0);(114.32, 24.4);(114.32, 24.8);(114.73, 24.0);(114.73, 24.4);(114.73, 24.8);(115.14, 24.0);(115.14, 24.4);(115.14, 24.8)",True
59106,2022-05-27 03:00:00,56.6,SURF,True,EXTREME_TYPE1,110,10,9,"(115.14, 24.4);(115.55, 24.0);(115.55, 24.4);(115.55, 24.8);(115.95, 24.0);(115.95, 24.4);(115.95, 24.8);(116.36, 24.4);(116.36, 24.8)",True
59487,2022-05-27 06:00:00,10.3,SURF,True,EXTREME_TYPE1,654,12,12,"(112.68, 22.0);(112.68, 22.4);(113.09, 21.6);(113.09, 22.0);(113.09, 22.4);(113.09, 22.8);(113.5, 21.6);(113.5, 22.0);(113.5, 22.4);(113.5, 22.8);(113.91, 22.0);(113.91, 22.4)",True
59099,2022-05-27 16:00:00,50.7,SURF,True,EXTREME_TYPE1,149,10,10,"(114.32, 24.4);(114.32, 24.8);(114.73, 24.0);(114.73, 24.4);(114.73, 24.8);(115.14, 24.0);(115.14, 24.4);(115.14, 24.8);(115.55, 24.4);(115.55, 24.8)",True
59109,2022-05-27 17:00:00,5.8,SURF,True,EXTREME_TYPE1,201,12,12,"(115.14, 24.0);(115.14, 24.4);(115.55, 23.6);(115.55, 24.0);(115.55, 24.4);(115.55, 24.8);(115.95, 23.6);(115.95, 24.0);(115.95, 24.4);(115.95, 24.8);(116.36, 24.0);(116.36, 24.4)",True
59500,2022-05-28 08:00:00,18.9,SURF,True,EXTREME_TYPE1,361,12,12,"(114.73, 22.8);(114.73, 23.2);(115.14, 22.4);(115.14, 22.8);(115.14, 23.2);(115.14, 23.6);(115.55, 22.4);(115.55, 22.8);(115.55, 23.2);(115.55, 23.6);(115.95, 22.8);(115.95, 23.2)",True
G4540,2022-06-02 03:00:00,1.6,AWST,False,EXTREME_TYPE1,161,11,11,"(112.27, 24.8);(112.68, 24.4);(112.68, 24.8);(112.68, 25.2);(113.09, 24.0);(113.09, 24.4);(113.09, 24.8);(113.09, 25.2);(113.5, 24.4);(113.5, 24.8);(113.5, 25.2)",True
G4540,2022-06-02 09:00:00,3.7,AWST,False,EXTREME_TYPE1,161,11,5,"(112.68, 24.4);(113.09, 24.0);(113.09, 24.4);(113.5, 24.4);(113.5, 24.8)",True
G4540,2022-06-02 14:00:00,199.3,AWST,False,FALSE,161,11,0,,True
G4540,2022-06-02 15:00:00,72.1,AWST,False,FALSE,161,11,0,,True
59312,2022-06-03 18:00:00,58.9,SURF,True,EXTREME_TYPE1,122,10,10,"(115.95, 23.6);(116.36, 23.2);(116.36, 23.6);(116.36, 24.0);(116.77, 23.2);(116.77, 23.6);(116.77, 24.0);(117.18, 23.2);(117.18, 23.6);(117.18, 24.0)",True
59500,2022-06-06 15:00:00,51.4,SURF,True,EXTREME_TYPE1,359,12,12,"(114.73, 22.8);(114.73, 23.2);(115.14, 22.4);(115.14, 22.8);(115.14, 23.2);(115.14, 23.6);(115.55, 22.4);(115.55, 22.8);(115.55, 23.2);(115.55, 23.6);(115.95, 22.8);(115.95, 23.2)",True
59284,2022-06-06 17:00:00,94.7,SURF,True,EXTREME_TYPE1,529,12,12,"(112.68, 23.2);(112.68, 23.6);(113.09, 22.8);(113.09, 23.2);(113.09, 23.6);(113.09, 24.0);(113.5, 22.8);(113.5, 23.2);(113.5, 23.6);(113.5, 24.0);(113.91, 23.2);(113.91, 23.6)",True
59075,2022-06-06 18:00:00,51.7,SURF,True,EXTREME_TYPE1,219,12,12,"(111.86, 24.0);(111.86, 24.4);(112.27, 24.0);(112.27, 24.4);(112.27, 24.8);(112.68, 23.6);(112.68, 24.0);(112.68, 24.4);(112.68, 24.8);(113.09, 24.0);(113.09, 24.4);(113.09, 24.8)",True
59097,2022-06-06 19:00:00,7.4,SURF,True,EXTREME_TYPE1,189,10,10,"(113.5, 24.0);(113.91, 23.6);(113.91, 24.0);(113.91, 24.4);(114.32, 23.6);(114.32, 24.0);(114.32, 24.4);(114.73, 23.6);(114.73, 24.0);(114.73, 24.4)",True
59117,2022-06-07 18:00:00,56.9,SURF,True,EXTREME_TYPE1,132,12,12,"(115.55, 24.0);(115.55, 24.4);(115.55, 24.8);(115.95, 23.6);(115.95, 24.0);(115.95, 24.4);(115.95, 24.8);(116.36, 24.0);(116.36, 24.4);(116.36, 24.8);(116.77, 24.0);(116.77, 24.4)",True
59750,2022-06-08 11:00:00,10.5,SURF,True,EXTREME_TYPE1,157,11,11,"(109.41, 21.2);(109.82, 20.4);(109.82, 20.8);(109.82, 21.2);(109.82, 21.6);(110.23, 20.4);(110.23, 20.8);(110.23, 21.2);(110.23, 21.6);(110.64, 20.8);(110.64, 21.2)",True
59653,2022-06-08 15:00:00,50.9,SURF,True,EXTREME_TYPE1,197,11,11,"(110.23, 21.6);(110.23, 22.0);(110.64, 21.6);(110.64, 22.0);(110.64, 22.4);(111.05, 21.6);(111.05, 22.0);(111.05, 22.4);(111.45, 21.6);(111.45, 22.0);(111.45, 22.4)",True
59314,2022-06-09 17:00:00,19.3,SURF,True,EXTREME_TYPE1,272,12,12,"(115.55, 23.2);(115.55, 23.6);(115.95, 22.8);(115.95, 23.2);(115.95, 23.6);(115.95, 24.0);(116.36, 22.8);(116.36, 23.2);(116.36, 23.6);(116.36, 24.0);(116.77, 23.2);(116.77, 23.6)",True
59654,2022-06-10 18:00:00,56.2,SURF,True,EXTREME_TYPE1,197,10,10,"(109.82, 21.2);(109.82, 21.6);(109.82, 22.0);(110.23, 21.2);(110.23, 21.6);(110.23, 22.0);(110.64, 21.2);(110.64, 21.6);(110.64, 22.0);(111.05, 21.6)",True
59659,2022-06-11 09:00:00,38.4,SURF,True,EXTREME_TYPE1,215,12,12,"(110.23, 21.6);(110.23, 22.0);(110.64, 21.2);(110.64, 21.6);(110.64, 22.0);(110.64, 22.4);(111.05, 21.2);(111.05, 21.6);(111.05, 22.0);(111.05, 22.4);(111.45, 21.6);(111.45, 22.0)",True
59478,2022-06-11 11:00:00,51.5,SURF,True,EXTREME_TYPE1,744,12,12,"(112.27, 22.0);(112.27, 22.4);(112.68, 21.6);(112.68, 22.0);(112.68, 22.4);(112.68, 22.8);(113.09, 21.6);(113.09, 22.0);(113.09, 22.4);(113.09, 22.8);(113.5, 22.0);(113.5, 22.4)",True
59099,2022-06-12 10:00:00,51.3,SURF,True,EXTREME_TYPE1,151,10,10,"(114.32, 24.4);(114.32, 24.8);(114.73, 24.0);(114.73, 24.4);(114.73, 24.8);(115.14, 24.0);(115.14, 24.4);(115.14, 24.8);(115.55, 24.4);(115.55, 24.8)",True
59500,2022-06-12 11:00:00,107.3,SURF,True,EXTREME_TYPE1,356,12,12,"(114.73, 22.8);(114.73, 23.2);(115.14, 22.4);(115.14, 22.8);(115.14, 23.2);(115.14, 23.6);(115.55, 22.4);(115.55, 22.8);(115.55, 23.2);(115.55, 23.6);(115.95, 22.8);(115.95, 23.2)",True
59087,2022-06-12 20:00:00,5.6,SURF,True,EXTREME_TYPE1,223,10,10,"(113.09, 23.6);(113.09, 24.0);(113.09, 24.4);(113.5, 23.2);(113.5, 23.6);(113.5, 24.0);(113.5, 24.4);(113.91, 23.6);(113.91, 24.0);(113.91, 24.4)",True
59107,2022-06-13 06:00:00,6.5,SURF,True,EXTREME_TYPE1,248,12,12,"(114.73, 23.6);(114.73, 24.0);(114.73, 24.4);(115.14, 23.6);(115.14, 24.0);(115.14, 24.4);(115.14, 24.8);(115.55, 23.6);(115.55, 24.0);(115.55, 24.4);(115.95, 24.0);(115.95, 24.4)",True
57996,2022-06-13 19:00:00,13.1,SURF,True,EXTREME_TYPE1,59,10,10,"(113.5, 25.2);(113.91, 24.8);(113.91, 25.2);(113.91, 25.6);(114.32, 24.4);(114.32, 24.8);(114.32, 25.2);(114.32, 25.6);(114.73, 24.8);(114.73, 25.2)",True
59269,2022-06-14 10:00:00,55.4,SURF,True,EXTREME_TYPE1,291,9,9,"(111.45, 22.8);(111.45, 23.2);(111.45, 23.6);(111.86, 22.8);(111.86, 23.2);(111.86, 23.6);(112.27, 22.8);(112.27, 23.2);(112.27, 23.6)",True
59099,2022-06-14 11:00:00,4.1,SURF,True,EXTREME_TYPE1,152,10,10,"(114.32, 24.4);(114.32, 24.8);(114.73, 24.0);(114.73, 24.4);(114.73, 24.8);(115.14, 24.0);(115.14, 24.4);(115.14, 24.8);(115.55, 24.4);(115.55, 24.8)",True
59293,2022-06-14 11:00:00,44.0,SURF,True,EXTREME_TYPE1,189,11,11,"(114.32, 23.2);(114.32, 23.6);(114.32, 24.0);(114.73, 23.2);(114.73, 23.6);(114.73, 24.0);(114.73, 24.4);(115.14, 23.2);(115.14, 23.6);(115.14, 24.0);(115.14, 24.4)",True
59097,2022-06-16 23:00:00,27.9,SURF,True,EXTREME_TYPE1,187,10,10,"(113.5, 24.0);(113.91, 23.6);(113.91, 24.0);(113.91, 24.4);(114.32, 23.6);(114.32, 24.0);(114.32, 24.4);(114.73, 23.6);(114.73, 24.0);(114.73, 24.4)",True
59290,2022-06-17 21:00:00,10.2,SURF,True,EXTREME_TYPE1,202,11,9,"(113.5, 23.6);(113.91, 23.6);(113.91, 24.0);(113.91, 24.4);(114.32, 23.6);(114.32, 24.0);(114.32, 24.4);(114.73, 23.6);(114.73, 24.0)",True
59280,2022-06-18 05:00:00,20.3,SURF,True,EXTREME_TYPE1,304,10,10,"(112.68, 23.2);(112.68, 23.6);(112.68, 24.0);(113.09, 23.2);(113.09, 23.6);(113.09, 24.0);(113.09, 24.4);(113.5, 23.2);(113.5, 23.6);(113.5, 24.0)",True
59082,2022-06-19 10:00:00,56.7,SURF,True,EXTREME_TYPE1,170,12,12,"(113.09, 24.4);(113.09, 24.8);(113.09, 25.2);(113.5, 24.0);(113.5, 24.4);(113.5, 24.8);(113.5, 25.2);(113.91, 24.4);(113.91, 24.8);(113.91, 25.2);(114.32, 24.4);(114.32, 24.8)",True
59469,2022-06-20 01:00:00,36.0,SURF,True,EXTREME_TYPE1,322,11,11,"(111.05, 22.0);(111.45, 21.6);(111.45, 22.0);(111.45, 22.4);(111.86, 21.6);(111.86, 22.0);(111.86, 22.4);(111.86, 22.8);(112.27, 21.6);(112.27, 22.0);(112.27, 22.4)",True
59082,2022-06-20 07:00:00,27.1,SURF,True,EXTREME_TYPE1,166,12,12,"(113.09, 24.4);(113.09, 24.8);(113.09, 25.2);(113.5, 24.0);(113.5, 24.4);(113.5, 24.8);(113.5, 25.2);(113.91, 24.4);(113.91, 24.8);(113.91, 25.2);(114.32, 24.4);(114.32, 24.8)",True
57988,2022-06-20 08:00:00,15.0,SURF,True,EXTREME_TYPE1,82,11,11,"(112.68, 24.8);(112.68, 25.2);(113.09, 24.8);(113.09, 25.2);(113.09, 25.6);(113.5, 24.8);(113.5, 25.2);(113.5, 25.6);(113.91, 24.8);(113.91, 25.2);(113.91, 25.6)",True
59082,2022-06-21 08:00:00,51.8,SURF,True,EXTREME_TYPE1,167,12,12,"(113.09, 24.4);(113.09, 24.8);(113.09, 25.2);(113.5, 24.0);(113.5, 24.4);(113.5, 24.8);(113.5, 25.2);(113.91, 24.4);(113.91, 24.8);(113.91, 25.2);(114.32, 24.4);(114.32, 24.8)",True
59096,2022-06-27 15:00:00,1.1,SURF,True,EXTREME_TYPE1,127,12,12,"(113.91, 24.0);(113.91, 24.4);(113.91, 24.8);(114.32, 24.0);(114.32, 24.4);(114.32, 24.8);(114.73, 24.0);(114.73, 24.4);(114.73, 24.8);(115.14, 24.0);(115.14, 24.4);(115.14, 24.8)",True
59288,2022-06-30 14:00:00,6.7,SURF,True,EXTREME_TYPE1,705,10,10,"(112.27, 23.2);(112.68, 22.8);(112.68, 23.2);(112.68, 23.6);(113.09, 22.8);(113.09, 23.2);(113.09, 23.6);(113.5, 22.8);(113.5, 23.2);(113.5, 23.6)",True
59270,2022-07-04 09:00:00,11.5,SURF,True,EXTREME_TYPE1,192,10,10,"(111.45, 24.0);(111.86, 23.6);(111.86, 24.0);(111.86, 24.4);(112.27, 23.6);(112.27, 24.0);(112.27, 24.4);(112.68, 23.6);(112.68, 24.0);(112.68, 24.4)",True
59297,2022-07-04 10:00:00,34.5,SURF,True,EXTREME_TYPE1,206,10,10,"(113.5, 23.2);(113.91, 22.8);(113.91, 23.2);(113.91, 23.6);(114.32, 22.8);(114.32, 23.2);(114.32, 23.6);(114.73, 22.8);(114.73, 23.2);(114.73, 23.6)",True
59117,2022-07-06 12:00:00,37.5,SURF,True,EXTREME_TYPE1,130,12,12,"(115.55, 24.0);(115.55, 24.4);(115.55, 24.8);(115.95, 23.6);(115.95, 24.0);(115.95, 24.4);(115.95, 24.8);(116.36, 24.0);(116.36, 24.4);(116.36, 24.8);(116.77, 24.0);(116.77, 24.4)",True
59294,2022-07-06 12:00:00,68.6,SURF,True,EXTREME_TYPE1,319,11,11,"(113.09, 23.2);(113.5, 22.8);(113.5, 23.2);(113.5, 23.6);(113.91, 22.8);(113.91, 23.2);(113.91, 23.6);(113.91, 24.0);(114.32, 22.8);(114.32, 23.2);(114.32, 23.6)",True
59303,2022-07-06 13:00:00,13.7,SURF,True,EXTREME_TYPE1,335,10,10,"(115.14, 23.6);(115.14, 24.0);(115.55, 23.6);(115.55, 24.0);(115.55, 24.4);(115.95, 23.6);(115.95, 24.0);(115.95, 24.4);(116.36, 23.6);(116.36, 24.0)",True
59456,2022-07-07 05:00:00,38.7,SURF,True,EXTREME_TYPE1,180,10,10,"(110.23, 22.4);(110.64, 22.0);(110.64, 22.4);(110.64, 22.8);(111.05, 22.0);(111.05, 22.4);(111.05, 22.8);(111.45, 22.0);(111.45, 22.4);(111.45, 22.8)",True
59659,2022-07-07 07:00:00,63.9,SURF,True,EXTREME_TYPE1,214,12,12,"(110.23, 21.6);(110.23, 22.0);(110.64, 21.2);(110.64, 21.6);(110.64, 22.0);(110.64, 22.4);(111.05, 21.2);(111.05, 21.6);(111.05, 22.0);(111.05, 22.4);(111.45, 21.6);(111.45, 22.0)",True
59469,2022-07-07 09:00:00,63.1,SURF,True,EXTREME_TYPE1,318,11,11,"(111.05, 22.0);(111.45, 21.6);(111.45, 22.0);(111.45, 22.4);(111.86, 21.6);(111.86, 22.0);(111.86, 22.4);(111.86, 22.8);(112.27, 21.6);(112.27, 22.0);(112.27, 22.4)",True
59750,2022-07-30 16:00:00,53.6,SURF,True,FALSE,159,11,0,,True
59319,2022-07-31 16:00:00,25.9,SURF,True,EXTREME_TYPE1,124,11,11,"(115.95, 23.6);(116.36, 23.2);(116.36, 23.6);(116.36, 24.0);(116.77, 22.8);(116.77, 23.2);(116.77, 23.6);(116.77, 24.0);(117.18, 23.2);(117.18, 23.6);(117.18, 24.0)",True
59288,2022-08-03 03:00:00,55.5,SURF,True,EXTREME_TYPE1,714,10,10,"(112.27, 23.2);(112.68, 22.8);(112.68, 23.2);(112.68, 23.6);(113.09, 22.8);(113.09, 23.2);(113.09, 23.6);(113.5, 22.8);(113.5, 23.2);(113.5, 23.6)",True
59280,2022-08-03 20:00:00,57.3,SURF,True,EXTREME_TYPE1,305,10,10,"(112.68, 23.2);(112.68, 23.6);(112.68, 24.0);(113.09, 23.2);(113.09, 23.6);(113.09, 24.0);(113.09, 24.4);(113.5, 23.2);(113.5, 23.6);(113.5, 24.0)",True
59477,2022-08-04 01:00:00,2.2,SURF,True,EXTREME_TYPE1,742,10,10,"(111.86, 22.0);(111.86, 22.4);(111.86, 22.8);(112.27, 21.6);(112.27, 22.0);(112.27, 22.4);(112.27, 22.8);(112.68, 22.0);(112.68, 22.4);(112.68, 22.8)",True
59659,2022-08-04 16:00:00,60.1,SURF,True,EXTREME_TYPE1,219,12,12,"(110.23, 21.6);(110.23, 22.0);(110.64, 21.2);(110.64, 21.6);(110.64, 22.0);(110.64, 22.4);(111.05, 21.2);(111.05, 21.6);(111.05, 22.0);(111.05, 22.4);(111.45, 21.6);(111.45, 22.0)",True
59473,2022-08-04 18:00:00,55.8,SURF,True,EXTREME_TYPE1,1023,10,10,"(112.27, 22.8);(112.68, 22.4);(112.68, 22.8);(112.68, 23.2);(113.09, 22.4);(113.09, 22.8);(113.09, 23.2);(113.5, 22.4);(113.5, 22.8);(113.5, 23.2)",True
59673,2022-08-04 20:00:00,36.4,SURF,True,EXTREME_TYPE1,73,8,1,"(112.68, 22.4)",True
59493,2022-08-05 04:00:00,34.2,SURF,True,EXTREME_TYPE1,378,13,13,"(113.5, 22.0);(113.5, 22.4);(113.5, 22.8);(113.91, 22.0);(113.91, 22.4);(113.91, 22.8);(113.91, 23.2);(114.32, 22.0);(114.32, 22.4);(114.32, 22.8);(114.32, 23.2);(114.73, 22.4);(114.73, 22.8)",True
59314,2022-08-05 11:00:00,33.3,SURF,True,EXTREME_TYPE1,271,12,12,"(115.55, 23.2);(115.55, 23.6);(115.95, 22.8);(115.95, 23.2);(115.95, 23.6);(115.95, 24.0);(116.36, 22.8);(116.36, 23.2);(116.36, 23.6);(116.36, 24.0);(116.77, 23.2);(116.77, 23.6)",True
59270,2022-08-08 18:00:00,32.6,SURF,True,EXTREME_TYPE1,204,10,10,"(111.45, 24.0);(111.86, 23.6);(111.86, 24.0);(111.86, 24.4);(112.27, 23.6);(112.27, 24.0);(112.27, 24.4);(112.68, 23.6);(112.68, 24.0);(112.68, 24.4)",True
59673,2022-08-09 20:00:00,16.2,SURF,True,EXTREME_TYPE1,73,8,8,"(112.27, 21.6);(112.27, 22.0);(112.68, 21.6);(112.68, 22.0);(112.68, 22.4);(113.09, 21.6);(113.09, 22.0);(113.5, 21.6)",True
59656,2022-08-10 12:00:00,67.8,SURF,True,EXTREME_TYPE1,162,11,11,"(110.23, 21.2);(110.23, 21.6);(110.64, 20.8);(110.64, 21.2);(110.64, 21.6);(110.64, 22.0);(111.05, 21.2);(111.05, 21.6);(111.05, 22.0);(111.45, 21.2);(111.45, 21.6)",True
59269,2022-08-11 01:00:00,9.6,SURF,True,EXTREME_TYPE1,295,9,9,"(111.45, 22.8);(111.45, 23.2);(111.45, 23.6);(111.86, 22.8);(111.86, 23.2);(111.86, 23.6);(112.27, 22.8);(112.27, 23.2);(112.27, 23.6)",True
59288,2022-08-12 11:00:00,2.2,SURF,True,EXTREME_TYPE1,716,10,10,"(112.27, 23.2);(112.68, 22.8);(112.68, 23.2);(112.68, 23.6);(113.09, 22.8);(113.09, 23.2);(113.09, 23.6);(113.5, 22.8);(113.5, 23.2);(113.5, 23.6)",True
59289,2022-08-25 18:00:00,28.3,SURF,True,EXTREME_TYPE1,597,12,12,"(113.09, 22.8);(113.09, 23.2);(113.5, 22.4);(113.5, 22.8);(113.5, 23.2);(113.5, 23.6);(113.91, 22.4);(113.91, 22.8);(113.91, 23.2);(113.91, 23.6);(114.32, 22.8);(114.32, 23.2)",True
59469,2022-08-26 05:00:00,17.4,SURF,True,EXTREME_TYPE1,325,11,11,"(111.05, 22.0);(111.45, 21.6);(111.45, 22.0);(111.45, 22.4);(111.86, 21.6);(111.86, 22.0);(111.86, 22.4);(111.86, 22.8);(112.27, 21.6);(112.27, 22.0);(112.27, 22.4)",True
59477,2022-08-31 22:00:00,21.8,SURF,True,EXTREME_TYPE1,746,10,10,"(111.86, 22.0);(111.86, 22.4);(111.86, 22.8);(112.27, 21.6);(112.27, 22.0);(112.27, 22.4);(112.27, 22.8);(112.68, 22.0);(112.68, 22.4);(112.68, 22.8)",True
59658,2022-09-08 11:00:00,33.7,SURF,True,EXTREME_TYPE1,126,10,10,"(109.82, 20.8);(109.82, 21.2);(109.82, 21.6);(110.23, 20.8);(110.23, 21.2);(110.23, 21.6);(110.64, 20.8);(110.64, 21.2);(110.64, 21.6);(111.05, 21.2)",True
59297,2022-09-08 17:00:00,67.1,SURF,True,EXTREME_TYPE1,214,10,10,"(113.5, 23.2);(113.91, 22.8);(113.91, 23.2);(113.91, 23.6);(114.32, 22.8);(114.32, 23.2);(114.32, 23.6);(114.73, 22.8);(114.73, 23.2);(114.73, 23.6)",True
59264,2022-09-08 19:00:00,53.0,SURF,True,EXTREME_TYPE1,111,9,9,"(111.05, 23.2);(111.45, 22.8);(111.45, 23.2);(111.45, 23.6);(111.45, 24.0);(111.86, 22.8);(111.86, 23.2);(111.86, 23.6);(111.86, 24.0)",True
59264,2022-09-08 20:00:00,19.8,SURF,True,EXTREME_TYPE1,112,9,9,"(111.05, 23.2);(111.45, 22.8);(111.45, 23.2);(111.45, 23.6);(111.45, 24.0);(111.86, 22.8);(111.86, 23.2);(111.86, 23.6);(111.86, 24.0)",True
59071,2022-09-09 02:00:00,30.0,SURF,True,EXTREME_TYPE1,120,8,8,"(111.86, 24.4);(111.86, 24.8);(112.27, 24.4);(112.27, 24.8);(112.27, 25.2);(112.68, 24.4);(112.68, 24.8);(112.68, 25.2)",True
59654,2022-09-09 17:00:00,17.9,SURF,True,EXTREME_TYPE1,202,10,9,"(109.82, 21.2);(109.82, 21.6);(109.82, 22.0);(110.23, 21.2);(110.23, 21.6);(110.23, 22.0);(110.64, 21.2);(110.64, 21.6);(110.64, 22.0)",True
59750,2022-09-16 13:00:00,22.4,SURF,True,EXTREME_TYPE1,161,11,10,"(109.41, 21.2);(109.82, 20.4);(109.82, 20.8);(109.82, 21.2);(110.23, 20.4);(110.23, 20.8);(110.23, 21.2);(110.23, 21.6);(110.64, 20.8);(110.64, 21.2)",True
59469,2022-09-24 17:00:00,17.2,SURF,True,EXTREME_TYPE1,326,11,9,"(111.05, 22.0);(111.45, 22.0);(111.45, 22.4);(111.86, 21.6);(111.86, 22.0);(111.86, 22.4);(112.27, 21.6);(112.27, 22.0);(112.27, 22.4)",True
59754,2022-09-27 20:00:00,13.3,SURF,True,EXTREME_TYPE1,95,5,5,"(109.82, 20.4);(109.82, 20.8);(110.23, 20.4);(110.23, 20.8);(110.64, 20.8)",True
59658,2022-09-29 13:00:00,23.3,SURF,True,EXTREME_TYPE1,126,10,10,"(109.82, 20.8);(109.82, 21.2);(109.82, 21.6);(110.23, 20.8);(110.23, 21.2);(110.23, 21.6);(110.64, 20.8);(110.64, 21.2);(110.64, 21.6);(111.05, 21.2)",True
59750,2022-09-30 06:00:00,69.3,SURF,True,EXTREME_TYPE1,160,11,11,"(109.41, 21.2);(109.82, 20.4);(109.82, 20.8);(109.82, 21.2);(109.82, 21.6);(110.23, 20.4);(110.23, 20.8);(110.23, 21.2);(110.23, 21.6);(110.64, 20.8);(110.64, 21.2)",True
59473,2022-09-30 12:00:00,17.3,SURF,True,EXTREME_TYPE1,1044,10,10,"(112.27, 22.8);(112.68, 22.4);(112.68, 22.8);(112.68, 23.2);(113.09, 22.4);(113.09, 22.8);(113.09, 23.2);(113.5, 22.4);(113.5, 22.8);(113.5, 23.2)",True
59475,2022-09-30 13:00:00,42.5,SURF,True,EXTREME_TYPE1,1010,9,9,"(112.27, 22.0);(112.27, 22.4);(112.27, 22.8);(112.68, 22.0);(112.68, 22.4);(112.68, 22.8);(113.09, 22.0);(113.09, 22.4);(113.09, 22.8)",True
59485,2022-09-30 18:00:00,27.2,SURF,True,EXTREME_TYPE1,911,12,12,"(112.68, 22.4);(112.68, 22.8);(113.09, 22.0);(113.09, 22.4);(113.09, 22.8);(113.5, 22.0);(113.5, 22.4);(113.5, 22.8);(113.5, 23.2);(113.91, 22.0);(113.91, 22.4);(113.91, 22.8)",True
59314,2022-10-07 18:00:00,54.0,SURF,True,EXTREME_TYPE1,268,12,12,"(115.55, 23.2);(115.55, 23.6);(115.95, 22.8);(115.95, 23.2);(115.95, 23.6);(115.95, 24.0);(116.36, 22.8);(116.36, 23.2);(116.36, 23.6);(116.36, 24.0);(116.77, 23.2);(116.77, 23.6)",True
59315,2022-10-07 18:00:00,1.8,SURF,True,EXTREME_TYPE1,132,10,10,"(115.95, 23.2);(115.95, 23.6);(115.95, 24.0);(116.36, 23.2);(116.36, 23.6);(116.36, 24.0);(116.77, 23.2);(116.77, 23.6);(116.77, 24.0);(117.18, 23.6)",True
59500,2022-11-02 06:00:00,5.8,SURF,True,EXTREME_TYPE1,352,12,12,"(114.73, 22.8);(114.73, 23.2);(115.14, 22.4);(115.14, 22.8);(115.14, 23.2);(115.14, 23.6);(115.55, 22.4);(115.55, 22.8);(115.55, 23.2);(115.55, 23.6);(115.95, 22.8);(115.95, 23.2)",True
59493,2022-11-07 04:00:00,2.8,SURF,True,EXTREME_TYPE1,371,13,13,"(113.5, 22.0);(113.5, 22.4);(113.5, 22.8);(113.91, 22.0);(113.91, 22.4);(113.91, 22.8);(113.91, 23.2);(114.32, 22.0);(114.32, 22.4);(114.32, 22.8);(114.32, 23.2);(114.73, 22.4);(114.73, 22.8)",True
59276,2022-11-22 05:00:00,1.1,SURF,True,EXTREME_TYPE1,678,10,10,"(112.27, 22.8);(112.27, 23.2);(112.27, 23.6);(112.68, 22.8);(112.68, 23.2);(112.68, 23.6);(112.68, 24.0);(113.09, 22.8);(113.09, 23.2);(113.09, 23.6)",True
59106,2022-11-23 01:00:00,4.6,SURF,True,EXTREME_TYPE1,111,10,10,"(115.14, 24.4);(115.14, 24.8);(115.55, 24.0);(115.55, 24.4);(115.55, 24.8);(115.95, 24.0);(115.95, 24.4);(115.95, 24.8);(116.36, 24.4);(116.36, 24.8)",True
59264,2022-11-25 07:00:00,8.9,SURF,True,EXTREME_TYPE1,109,9,9,"(111.05, 23.2);(111.45, 22.8);(111.45, 23.2);(111.45, 23.6);(111.45, 24.0);(111.86, 22.8);(111.86, 23.2);(111.86, 23.6);(111.86, 24.0)",True
59270,2023-01-09 03:00:00,1.1,SURF,True,EXTREME_TYPE1,202,10,10,"(111.45, 24.0);(111.86, 23.6);(111.86, 24.0);(111.86, 24.4);(112.27, 23.6);(112.27, 24.0);(112.27, 24.4);(112.68, 23.6);(112.68, 24.0);(112.68, 24.4)",True
59664,2023-01-10 09:00:00,1.8,SURF,True,EXTREME_TYPE1,220,10,10,"(110.23, 21.6);(110.64, 21.2);(110.64, 21.6);(110.64, 22.0);(111.05, 21.2);(111.05, 21.6);(111.05, 22.0);(111.45, 21.2);(111.45, 21.6);(111.45, 22.0)",True
59114,2023-03-23 16:00:00,22.2,SURF,True,EXTREME_TYPE1,73,10,10,"(115.55, 24.4);(115.55, 24.8);(115.95, 24.0);(115.95, 24.4);(115.95, 24.8);(116.36, 24.0);(116.36, 24.4);(116.36, 24.8);(116.77, 24.4);(116.77, 24.8)",True
59081,2023-03-24 03:00:00,15.9,SURF,True,EXTREME_TYPE1,157,12,12,"(112.68, 24.4);(112.68, 24.8);(112.68, 25.2);(113.09, 24.4);(113.09, 24.8);(113.09, 25.2);(113.5, 24.4);(113.5, 24.8);(113.5, 25.2);(113.91, 24.4);(113.91, 24.8);(113.91, 25.2)",True
59293,2023-03-25 13:00:00,33.3,SURF,True,EXTREME_TYPE1,205,11,11,"(114.32, 23.2);(114.32, 23.6);(114.32, 24.0);(114.73, 23.2);(114.73, 23.6);(114.73, 24.0);(114.73, 24.4);(115.14, 23.2);(115.14, 23.6);(115.14, 24.0);(115.14, 24.4)",True
59663,2023-03-25 23:00:00,66.8,SURF,True,EXTREME_TYPE1,260,11,11,"(111.45, 21.6);(111.45, 22.0);(111.86, 21.2);(111.86, 21.6);(111.86, 22.0);(111.86, 22.4);(112.27, 21.6);(112.27, 22.0);(112.27, 22.4);(112.68, 21.6);(112.68, 22.0)",True
59270,2023-03-29 03:00:00,15.4,SURF,True,EXTREME_TYPE1,198,10,10,"(111.45, 24.0);(111.86, 23.6);(111.86, 24.0);(111.86, 24.4);(112.27, 23.6);(112.27, 24.0);(112.27, 24.4);(112.68, 23.6);(112.68, 24.0);(112.68, 24.4)",True
59096,2023-03-29 07:00:00,2.1,SURF,True,EXTREME_TYPE1,140,12,12,"(113.91, 24.0);(113.91, 24.4);(113.91, 24.8);(114.32, 24.0);(114.32, 24.4);(114.32, 24.8);(114.73, 24.0);(114.73, 24.4);(114.73, 24.8);(115.14, 24.0);(115.14, 24.4);(115.14, 24.8)",True
59501,2023-03-31 07:00:00,12.8,SURF,True,EXTREME_TYPE1,355,12,12,"(114.73, 22.4);(114.73, 22.8);(114.73, 23.2);(115.14, 22.4);(115.14, 22.8);(115.14, 23.2);(115.55, 22.4);(115.55, 22.8);(115.55, 23.2);(115.95, 22.4);(115.95, 22.8);(115.95, 23.2)",True
59088,2023-03-31 21:00:00,5.1,SURF,True,EXTREME_TYPE1,231,12,12,"(112.68, 24.0);(112.68, 24.4);(113.09, 23.6);(113.09, 24.0);(113.09, 24.4);(113.09, 24.8);(113.5, 23.6);(113.5, 24.0);(113.5, 24.4);(113.5, 24.8);(113.91, 24.0);(113.91, 24.4)",True
59097,2023-04-05 13:00:00,10.8,SURF,True,EXTREME_TYPE1,202,10,10,"(113.5, 24.0);(113.91, 23.6);(113.91, 24.0);(113.91, 24.4);(114.32, 23.6);(114.32, 24.0);(114.32, 24.4);(114.73, 23.6);(114.73, 24.0);(114.73, 24.4)",True
59500,2023-04-05 20:00:00,70.9,SURF,True,EXTREME_TYPE1,359,12,12,"(114.73, 22.8);(114.73, 23.2);(115.14, 22.4);(115.14, 22.8);(115.14, 23.2);(115.14, 23.6);(115.55, 22.4);(115.55, 22.8);(115.55, 23.2);(115.55, 23.6);(115.95, 22.8);(115.95, 23.2)",True
59501,2023-04-05 21:00:00,60.2,SURF,True,EXTREME_TYPE1,353,12,12,"(114.73, 22.4);(114.73, 22.8);(114.73, 23.2);(115.14, 22.4);(115.14, 22.8);(115.14, 23.2);(115.55, 22.4);(115.55, 22.8);(115.55, 23.2);(115.95, 22.4);(115.95, 22.8);(115.95, 23.2)",True
59314,2023-04-06 22:00:00,7.4,SURF,True,EXTREME_TYPE1,277,12,12,"(115.55, 23.2);(115.55, 23.6);(115.95, 22.8);(115.95, 23.2);(115.95, 23.6);(115.95, 24.0);(116.36, 22.8);(116.36, 23.2);(116.36, 23.6);(116.36, 24.0);(116.77, 23.2);(116.77, 23.6)",True
59096,2023-04-19 10:00:00,52.9,SURF,True,EXTREME_TYPE1,143,12,12,"(113.91, 24.0);(113.91, 24.4);(113.91, 24.8);(114.32, 24.0);(114.32, 24.4);(114.32, 24.8);(114.73, 24.0);(114.73, 24.4);(114.73, 24.8);(115.14, 24.0);(115.14, 24.4);(115.14, 24.8)",True
59082,2023-04-19 11:00:00,59.8,SURF,True,EXTREME_TYPE1,175,12,12,"(113.09, 24.4);(113.09, 24.8);(113.09, 25.2);(113.5, 24.0);(113.5, 24.4);(113.5, 24.8);(113.5, 25.2);(113.91, 24.4);(113.91, 24.8);(113.91, 25.2);(114.32, 24.4);(114.32, 24.8)",True
59276,2023-04-29 11:00:00,5.8,SURF,True,EXTREME_TYPE1,702,10,10,"(112.27, 22.8);(112.27, 23.2);(112.27, 23.6);(112.68, 22.8);(112.68, 23.2);(112.68, 23.6);(112.68, 24.0);(113.09, 22.8);(113.09, 23.2);(113.09, 23.6)",True
59094,2023-05-07 03:00:00,1.4,SURF,True,EXTREME_TYPE1,149,12,12,"(113.5, 24.0);(113.5, 24.4);(113.5, 24.8);(113.91, 24.0);(113.91, 24.4);(113.91, 24.8);(114.32, 24.0);(114.32, 24.4);(114.32, 24.8);(114.73, 24.0);(114.73, 24.4);(114.73, 24.8)",True
59087,2023-05-07 06:00:00,29.1,SURF,True,EXTREME_TYPE1,229,10,10,"(113.09, 23.6);(113.09, 24.0);(113.09, 24.4);(113.5, 23.2);(113.5, 23.6);(113.5, 24.0);(113.5, 24.4);(113.91, 23.6);(113.91, 24.0);(113.91, 24.4)",True
59270,2023-05-07 12:00:00,1.8,SURF,True,EXTREME_TYPE1,200,10,10,"(111.45, 24.0);(111.86, 23.6);(111.86, 24.0);(111.86, 24.4);(112.27, 23.6);(112.27, 24.0);(112.27, 24.4);(112.68, 23.6);(112.68, 24.0);(112.68, 24.4)",True
59473,2023-05-07 12:00:00,24.4,SURF,True,EXTREME_TYPE1,1069,10,10,"(112.27, 22.8);(112.68, 22.4);(112.68, 22.8);(112.68, 23.2);(113.09, 22.4);(113.09, 22.8);(113.09, 23.2);(113.5, 22.4);(113.5, 22.8);(113.5, 23.2)",True
59088,2023-05-18 16:00:00,18.7,SURF,True,EXTREME_TYPE1,236,12,12,"(112.68, 24.0);(112.68, 24.4);(113.09, 23.6);(113.09, 24.0);(113.09, 24.4);(113.09, 24.8);(113.5, 23.6);(113.5, 24.0);(113.5, 24.4);(113.5, 24.8);(113.91, 24.0);(113.91, 24.4)",True
59316,2023-05-19 03:00:00,60.7,SURF,True,EXTREME_TYPE1,141,12,12,"(115.95, 23.2);(115.95, 23.6);(116.36, 22.8);(116.36, 23.2);(116.36, 23.6);(116.36, 24.0);(116.77, 22.8);(116.77, 23.2);(116.77, 23.6);(116.77, 24.0);(117.18, 23.2);(117.18, 23.6)",True
59314,2023-05-22 23:00:00,57.7,SURF,True,EXTREME_TYPE1,279,12,12,"(115.55, 23.2);(115.55, 23.6);(115.95, 22.8);(115.95, 23.2);(115.95, 23.6);(115.95, 24.0);(116.36, 22.8);(116.36, 23.2);(116.36, 23.6);(116.36, 24.0);(116.77, 23.2);(116.77, 23.6)",True
59663,2023-05-24 12:00:00,33.7,SURF,True,EXTREME_TYPE1,279,11,11,"(111.45, 21.6);(111.45, 22.0);(111.86, 21.2);(111.86, 21.6);(111.86, 22.0);(111.86, 22.4);(112.27, 21.6);(112.27, 22.0);(112.27, 22.4);(112.68, 21.6);(112.68, 22.0)",True
59470,2023-06-01 10:00:00,52.3,SURF,True,EXTREME_TYPE1,705,10,10,"(111.45, 22.8);(111.86, 22.4);(111.86, 22.8);(111.86, 23.2);(112.27, 22.4);(112.27, 22.8);(112.27, 23.2);(112.68, 22.4);(112.68, 22.8);(112.68, 23.2)",True
59315,2023-06-01 17:00:00,85.2,SURF,True,EXTREME_TYPE1,142,10,10,"(115.95, 23.2);(115.95, 23.6);(115.95, 24.0);(116.36, 23.2);(116.36, 23.6);(116.36, 24.0);(116.77, 23.2);(116.77, 23.6);(116.77, 24.0);(117.18, 23.6)",True
59312,2023-06-02 18:00:00,40.6,SURF,True,EXTREME_TYPE1,133,10,10,"(115.95, 23.6);(116.36, 23.2);(116.36, 23.6);(116.36, 24.0);(116.77, 23.2);(116.77, 23.6);(116.77, 24.0);(117.18, 23.2);(117.18, 23.6);(117.18, 24.0)",True
59288,2023-06-04 05:00:00,44.5,SURF,True,EXTREME_TYPE1,792,10,10,"(112.27, 23.2);(112.68, 22.8);(112.68, 23.2);(112.68, 23.6);(113.09, 22.8);(113.09, 23.2);(113.09, 23.6);(113.5, 22.8);(113.5, 23.2);(113.5, 23.6)",True
59473,2023-06-08 11:00:00,15.3,SURF,True,EXTREME_TYPE1,1093,10,10,"(112.27, 22.8);(112.68, 22.4);(112.68, 22.8);(112.68, 23.2);(113.09, 22.4);(113.09, 22.8);(113.09, 23.2);(113.5, 22.4);(113.5, 22.8);(113.5, 23.2)",True
59293,2023-06-10 01:00:00,55.7,SURF,True,EXTREME_TYPE1,213,11,11,"(114.32, 23.2);(114.32, 23.6);(114.32, 24.0);(114.73, 23.2);(114.73, 23.6);(114.73, 24.0);(114.73, 24.4);(115.14, 23.2);(115.14, 23.6);(115.14, 24.0);(115.14, 24.4)",True
59656,2023-06-10 07:00:00,58.6,SURF,True,EXTREME_TYPE1,177,11,11,"(110.23, 21.2);(110.23, 21.6);(110.64, 20.8);(110.64, 21.2);(110.64, 21.6);(110.64, 22.0);(111.05, 21.2);(111.05, 21.6);(111.05, 22.0);(111.45, 21.2);(111.45, 21.6)",True
59475,2023-06-10 19:00:00,32.5,SURF,True,EXTREME_TYPE1,1060,9,9,"(112.27, 22.0);(112.27, 22.4);(112.27, 22.8);(112.68, 22.0);(112.68, 22.4);(112.68, 22.8);(113.09, 22.0);(113.09, 22.4);(113.09, 22.8)",True
59485,2023-06-14 20:00:00,44.5,SURF,True,EXTREME_TYPE1,1000,12,12,"(112.68, 22.4);(112.68, 22.8);(113.09, 22.0);(113.09, 22.4);(113.09, 22.8);(113.5, 22.0);(113.5, 22.4);(113.5, 22.8);(113.5, 23.2);(113.91, 22.0);(113.91, 22.4);(113.91, 22.8)",True
59317,2023-06-15 01:00:00,51.3,SURF,True,EXTREME_TYPE1,248,9,9,"(115.95, 22.4);(115.95, 22.8);(115.95, 23.2);(115.95, 23.6);(116.36, 22.8);(116.36, 23.2);(116.36, 23.6);(116.77, 22.8);(116.77, 23.2)",True
59493,2023-06-15 01:00:00,50.7,SURF,True,EXTREME_TYPE1,408,13,13,"(113.5, 22.0);(113.5, 22.4);(113.5, 22.8);(113.91, 22.0);(113.91, 22.4);(113.91, 22.8);(113.91, 23.2);(114.32, 22.0);(114.32, 22.4);(114.32, 22.8);(114.32, 23.2);(114.73, 22.4);(114.73, 22.8)",True
59673,2023-06-16 11:00:00,30.4,SURF,True,EXTREME_TYPE1,85,8,8,"(112.27, 21.6);(112.27, 22.0);(112.68, 21.6);(112.68, 22.0);(112.68, 22.4);(113.09, 21.6);(113.09, 22.0);(113.5, 21.6)",True
59476,2023-06-17 04:00:00,5.3,SURF,True,EXTREME_TYPE1,1247,11,11,"(112.27, 22.4);(112.68, 22.0);(112.68, 22.4);(112.68, 22.8);(113.09, 22.0);(113.09, 22.4);(113.09, 22.8);(113.09, 23.2);(113.5, 22.0);(113.5, 22.4);(113.5, 22.8)",True
59481,2023-06-17 05:00:00,6.5,SURF,True,EXTREME_TYPE1,1044,12,12,"(112.68, 22.8);(112.68, 23.2);(113.09, 22.4);(113.09, 22.8);(113.09, 23.2);(113.09, 23.6);(113.5, 22.4);(113.5, 22.8);(113.5, 23.2);(113.5, 23.6);(113.91, 22.8);(113.91, 23.2)",True
59071,2023-06-22 22:00:00,1.6,SURF,True,EXTREME_TYPE1,118,8,8,"(111.86, 24.4);(111.86, 24.8);(112.27, 24.4);(112.27, 24.8);(112.27, 25.2);(112.68, 24.4);(112.68, 24.8);(112.68, 25.2)",True
59088,2023-06-23 04:00:00,53.7,SURF,True,EXTREME_TYPE1,238,12,12,"(112.68, 24.0);(112.68, 24.4);(113.09, 23.6);(113.09, 24.0);(113.09, 24.4);(113.09, 24.8);(113.5, 23.6);(113.5, 24.0);(113.5, 24.4);(113.5, 24.8);(113.91, 24.0);(113.91, 24.4)",True
59477,2023-06-23 04:00:00,84.8,SURF,True,EXTREME_TYPE1,786,10,10,"(111.86, 22.0);(111.86, 22.4);(111.86, 22.8);(112.27, 21.6);(112.27, 22.0);(112.27, 22.4);(112.27, 22.8);(112.68, 22.0);(112.68, 22.4);(112.68, 22.8)",True
59289,2023-06-24 05:00:00,21.4,SURF,True,EXTREME_TYPE1,664,12,12,"(113.09, 22.8);(113.09, 23.2);(113.5, 22.4);(113.5, 22.8);(113.5, 23.2);(113.5, 23.6);(113.91, 22.4);(113.91, 22.8);(113.91, 23.2);(113.91, 23.6);(114.32, 22.8);(114.32, 23.2)",True
59650,2023-06-24 08:00:00,68.4,SURF,True,EXTREME_TYPE1,201,11,11,"(109.82, 21.2);(109.82, 21.6);(109.82, 22.0);(110.23, 20.8);(110.23, 21.2);(110.23, 21.6);(110.23, 22.0);(110.64, 20.8);(110.64, 21.2);(110.64, 21.6);(110.64, 22.0)",True
59074,2023-06-25 04:00:00,10.0,SURF,True,EXTREME_TYPE1,184,9,9,"(111.86, 24.0);(111.86, 24.4);(111.86, 24.8);(112.27, 24.0);(112.27, 24.4);(112.27, 24.8);(112.27, 25.2);(112.68, 24.4);(112.68, 24.8)",True
59471,2023-06-26 14:00:00,64.0,SURF,True,EXTREME_TYPE1,706,12,12,"(111.45, 22.8);(111.45, 23.2);(111.86, 22.4);(111.86, 22.8);(111.86, 23.2);(111.86, 23.6);(112.27, 22.4);(112.27, 22.8);(112.27, 23.2);(112.27, 23.6);(112.68, 22.8);(112.68, 23.2)",True
59298,2023-06-26 17:00:00,76.8,SURF,True,EXTREME_TYPE1,293,11,11,"(113.91, 22.8);(113.91, 23.2);(113.91, 23.6);(114.32, 22.4);(114.32, 22.8);(114.32, 23.2);(114.32, 23.6);(114.73, 22.8);(114.73, 23.2);(114.73, 23.6);(115.14, 23.2)",True
59318,2023-06-27 11:00:00,22.4,SURF,True,EXTREME_TYPE1,138,12,12,"(115.95, 23.2);(115.95, 23.6);(116.36, 22.8);(116.36, 23.2);(116.36, 23.6);(116.36, 24.0);(116.77, 22.8);(116.77, 23.2);(116.77, 23.6);(116.77, 24.0);(117.18, 23.2);(117.18, 23.6)",True
59107,2023-07-02 14:00:00,9.1,SURF,True,EXTREME_TYPE1,253,12,12,"(114.73, 23.6);(114.73, 24.0);(114.73, 24.4);(115.14, 23.6);(115.14, 24.0);(115.14, 24.4);(115.14, 24.8);(115.55, 23.6);(115.55, 24.0);(115.55, 24.4);(115.95, 24.0);(115.95, 24.4)",True
59298,2023-07-02 14:00:00,53.0,SURF,True,EXTREME_TYPE1,288,11,11,"(113.91, 22.8);(113.91, 23.2);(113.91, 23.6);(114.32, 22.4);(114.32, 22.8);(114.32, 23.2);(114.32, 23.6);(114.73, 22.8);(114.73, 23.2);(114.73, 23.6);(115.14, 23.2)",True
59488,2023-07-04 12:00:00,21.7,SURF,True,EXTREME_TYPE1,404,11,11,"(113.09, 22.0);(113.09, 22.4);(113.09, 22.8);(113.5, 21.6);(113.5, 22.0);(113.5, 22.4);(113.5, 22.8);(113.91, 22.0);(113.91, 22.4);(113.91, 22.8);(114.32, 22.4)",True
59271,2023-07-16 18:00:00,2.3,SURF,True,EXTREME_TYPE1,326,11,11,"(111.86, 23.2);(111.86, 23.6);(111.86, 24.0);(112.27, 23.2);(112.27, 23.6);(112.27, 24.0);(112.68, 23.2);(112.68, 23.6);(112.68, 24.0);(113.09, 23.6);(113.09, 24.0)",True
59324,2023-07-17 00:00:00,1.5,SURF,True,EXTREME_TYPE1,42,10,10,"(116.36, 23.2);(116.36, 23.6);(116.77, 22.8);(116.77, 23.2);(116.77, 23.6);(116.77, 24.0);(117.18, 23.2);(117.18, 23.6);(117.18, 24.0);(117.59, 23.6)",True
59655,2023-07-17 21:00:00,51.6,SURF,True,EXTREME_TYPE1,234,10,10,"(110.23, 21.2);(110.23, 21.6);(110.23, 22.0);(110.64, 21.2);(110.64, 21.6);(110.64, 22.0);(110.64, 22.4);(111.05, 21.2);(111.05, 21.6);(111.05, 22.0)",True
59500,2023-07-18 08:00:00,25.9,SURF,True,EXTREME_TYPE1,369,12,12,"(114.73, 22.8);(114.73, 23.2);(115.14, 22.4);(115.14, 22.8);(115.14, 23.2);(115.14, 23.6);(115.55, 22.4);(115.55, 22.8);(115.55, 23.2);(115.55, 23.6);(115.95, 22.8);(115.95, 23.2)",True
59488,2023-07-18 13:00:00,6.9,SURF,True,EXTREME_TYPE1,404,11,11,"(113.09, 22.0);(113.09, 22.4);(113.09, 22.8);(113.5, 21.6);(113.5, 22.0);(113.5, 22.4);(113.5, 22.8);(113.91, 22.0);(113.91, 22.4);(113.91, 22.8);(114.32, 22.4)",True
59106,2023-07-22 03:00:00,50.5,SURF,True,EXTREME_TYPE1,110,10,10,"(115.14, 24.4);(115.14, 24.8);(115.55, 24.0);(115.55, 24.4);(115.55, 24.8);(115.95, 24.0);(115.95, 24.4);(115.95, 24.8);(116.36, 24.4);(116.36, 24.8)",True
59502,2023-07-29 05:00:00,42.7,SURF,True,EXTREME_TYPE1,339,12,12,"(115.14, 22.8);(115.14, 23.2);(115.55, 22.4);(115.55, 22.8);(115.55, 23.2);(115.55, 23.6);(115.95, 22.4);(115.95, 22.8);(115.95, 23.2);(115.95, 23.6);(116.36, 22.8);(116.36, 23.2)",True
59487,2023-07-29 07:00:00,54.5,SURF,True,EXTREME_TYPE1,703,12,12,"(112.68, 22.0);(112.68, 22.4);(113.09, 21.6);(113.09, 22.0);(113.09, 22.4);(113.09, 22.8);(113.5, 21.6);(113.5, 22.0);(113.5, 22.4);(113.5, 22.8);(113.91, 22.0);(113.91, 22.4)",True
59502,2023-07-29 11:00:00,26.9,SURF,True,EXTREME_TYPE1,336,12,12,"(115.14, 22.8);(115.14, 23.2);(115.55, 22.4);(115.55, 22.8);(115.55, 23.2);(115.55, 23.6);(115.95, 22.4);(115.95, 22.8);(115.95, 23.2);(115.95, 23.6);(116.36, 22.8);(116.36, 23.2)",True
59284,2023-07-30 02:00:00,101.9,SURF,True,EXTREME_TYPE1,606,12,12,"(112.68, 23.2);(112.68, 23.6);(113.09, 22.8);(113.09, 23.2);(113.09, 23.6);(113.09, 24.0);(113.5, 22.8);(113.5, 23.2);(113.5, 23.6);(113.5, 24.0);(113.91, 23.2);(113.91, 23.6)",True
59288,2023-07-30 14:00:00,62.5,SURF,True,EXTREME_TYPE1,793,10,10,"(112.27, 23.2);(112.68, 22.8);(112.68, 23.2);(112.68, 23.6);(113.09, 22.8);(113.09, 23.2);(113.09, 23.6);(113.5, 22.8);(113.5, 23.2);(113.5, 23.6)",True
59659,2023-07-30 14:00:00,1.4,SURF,True,EXTREME_TYPE1,232,12,12,"(110.23, 21.6);(110.23, 22.0);(110.64, 21.2);(110.64, 21.6);(110.64, 22.0);(110.64, 22.4);(111.05, 21.2);(111.05, 21.6);(111.05, 22.0);(111.05, 22.4);(111.45, 21.6);(111.45, 22.0)",True
59500,2023-08-01 16:00:00,54.4,SURF,True,EXTREME_TYPE1,364,12,12,"(114.73, 22.8);(114.73, 23.2);(115.14, 22.4);(115.14, 22.8);(115.14, 23.2);(115.14, 23.6);(115.55, 22.4);(115.55, 22.8);(115.55, 23.2);(115.55, 23.6);(115.95, 22.8);(115.95, 23.2)",True
59284,2023-08-01 19:00:00,60.9,SURF,True,EXTREME_TYPE1,615,12,12,"(112.68, 23.2);(112.68, 23.6);(113.09, 22.8);(113.09, 23.2);(113.09, 23.6);(113.09, 24.0);(113.5, 22.8);(113.5, 23.2);(113.5, 23.6);(113.5, 24.0);(113.91, 23.2);(113.91, 23.6)",True
59090,2023-08-09 17:00:00,20.6,SURF,True,EXTREME_TYPE1,65,12,12,"(113.5, 24.8);(113.5, 25.2);(113.91, 24.4);(113.91, 24.8);(113.91, 25.2);(113.91, 25.6);(114.32, 24.4);(114.32, 24.8);(114.32, 25.2);(114.32, 25.6);(114.73, 24.8);(114.73, 25.2)",True
59493,2023-08-10 13:00:00,27.6,SURF,True,EXTREME_TYPE1,396,13,13,"(113.5, 22.0);(113.5, 22.4);(113.5, 22.8);(113.91, 22.0);(113.91, 22.4);(113.91, 22.8);(113.91, 23.2);(114.32, 22.0);(114.32, 22.4);(114.32, 22.8);(114.32, 23.2);(114.73, 22.4);(114.73, 22.8)",True
59071,2023-08-11 06:00:00,21.7,SURF,True,EXTREME_TYPE1,122,8,8,"(111.86, 24.4);(111.86, 24.8);(112.27, 24.4);(112.27, 24.8);(112.27, 25.2);(112.68, 24.4);(112.68, 24.8);(112.68, 25.2)",True
59655,2023-08-11 13:00:00,51.2,SURF,True,EXTREME_TYPE1,239,10,10,"(110.23, 21.2);(110.23, 21.6);(110.23, 22.0);(110.64, 21.2);(110.64, 21.6);(110.64, 22.0);(110.64, 22.4);(111.05, 21.2);(111.05, 21.6);(111.05, 22.0)",True
59473,2023-08-13 09:00:00,1.1,SURF,True,EXTREME_TYPE1,1224,10,10,"(112.27, 22.8);(112.68, 22.4);(112.68, 22.8);(112.68, 23.2);(113.09, 22.4);(113.09, 22.8);(113.09, 23.2);(113.5, 22.4);(113.5, 22.8);(113.5, 23.2)",True
59492,2023-08-13 13:00:00,13.2,SURF,True,EXTREME_TYPE1,279,11,11,"(114.32, 22.4);(114.32, 22.8);(114.32, 23.2);(114.32, 23.6);(114.73, 22.4);(114.73, 22.8);(114.73, 23.2);(114.73, 23.6);(115.14, 22.8);(115.14, 23.2);(115.14, 23.6)",True
59502,2023-08-17 15:00:00,69.9,SURF,True,EXTREME_TYPE1,338,12,12,"(115.14, 22.8);(115.14, 23.2);(115.55, 22.4);(115.55, 22.8);(115.55, 23.2);(115.55, 23.6);(115.95, 22.4);(115.95, 22.8);(115.95, 23.2);(115.95, 23.6);(116.36, 22.8);(116.36, 23.2)",True
59117,2023-08-19 16:00:00,4.0,SURF,True,EXTREME_TYPE1,133,12,12,"(115.55, 24.0);(115.55, 24.4);(115.55, 24.8);(115.95, 23.6);(115.95, 24.0);(115.95, 24.4);(115.95, 24.8);(116.36, 24.0);(116.36, 24.4);(116.36, 24.8);(116.77, 24.0);(116.77, 24.4)",True
59107,2023-08-20 15:00:00,22.6,SURF,True,EXTREME_TYPE1,252,12,12,"(114.73, 23.6);(114.73, 24.0);(114.73, 24.4);(115.14, 23.6);(115.14, 24.0);(115.14, 24.4);(115.14, 24.8);(115.55, 23.6);(115.55, 24.0);(115.55, 24.4);(115.95, 24.0);(115.95, 24.4)",True
59117,2023-08-20 15:00:00,91.1,SURF,True,EXTREME_TYPE1,135,12,12,"(115.55, 24.0);(115.55, 24.4);(115.55, 24.8);(115.95, 23.6);(115.95, 24.0);(115.95, 24.4);(115.95, 24.8);(116.36, 24.0);(116.36, 24.4);(116.36, 24.8);(116.77, 24.0);(116.77, 24.4)",True
59297,2023-08-21 17:00:00,54.2,SURF,True,EXTREME_TYPE1,270,10,10,"(113.5, 23.2);(113.91, 22.8);(113.91, 23.2);(113.91, 23.6);(114.32, 22.8);(114.32, 23.2);(114.32, 23.6);(114.73, 22.8);(114.73, 23.2);(114.73, 23.6)",True
59477,2023-08-25 14:00:00,10.4,SURF,True,EXTREME_TYPE1,860,10,10,"(111.86, 22.0);(111.86, 22.4);(111.86, 22.8);(112.27, 21.6);(112.27, 22.0);(112.27, 22.4);(112.27, 22.8);(112.68, 22.0);(112.68, 22.4);(112.68, 22.8)",True
59754,2023-08-29 16:00:00,24.5,SURF,True,EXTREME_TYPE1,105,5,5,"(109.82, 20.4);(109.82, 20.8);(110.23, 20.4);(110.23, 20.8);(110.64, 20.8)",True
59298,2023-09-02 04:00:00,30.8,SURF,True,EXTREME_TYPE1,304,11,11,"(113.91, 22.8);(113.91, 23.2);(113.91, 23.6);(114.32, 22.4);(114.32, 22.8);(114.32, 23.2);(114.32, 23.6);(114.73, 22.8);(114.73, 23.2);(114.73, 23.6);(115.14, 23.2)",True
59306,2023-09-06 13:00:00,24.2,SURF,True,EXTREME_TYPE1,388,12,12,"(115.14, 23.2);(115.14, 23.6);(115.55, 22.8);(115.55, 23.2);(115.55, 23.6);(115.55, 24.0);(115.95, 22.8);(115.95, 23.2);(115.95, 23.6);(115.95, 24.0);(116.36, 23.2);(116.36, 23.6)",True
59289,2023-09-08 00:00:00,32.3,SURF,True,EXTREME_TYPE1,684,12,12,"(113.09, 22.8);(113.09, 23.2);(113.5, 22.4);(113.5, 22.8);(113.5, 23.2);(113.5, 23.6);(113.91, 22.4);(113.91, 22.8);(113.91, 23.2);(113.91, 23.6);(114.32, 22.8);(114.32, 23.2)",True
59487,2023-09-08 04:00:00,57.7,SURF,True,EXTREME_TYPE1,704,12,12,"(112.68, 22.0);(112.68, 22.4);(113.09, 21.6);(113.09, 22.0);(113.09, 22.4);(113.09, 22.8);(113.5, 21.6);(113.5, 22.0);(113.5, 22.4);(113.5, 22.8);(113.91, 22.0);(113.91, 22.4)",True
59487,2023-09-08 05:00:00,53.5,SURF,True,EXTREME_TYPE1,703,12,12,"(112.68, 22.0);(112.68, 22.4);(113.09, 21.6);(113.09, 22.0);(113.09, 22.4);(113.09, 22.8);(113.5, 21.6);(113.5, 22.0);(113.5, 22.4);(113.5, 22.8);(113.91, 22.0);(113.91, 22.4)",True
59469,2023-09-08 17:00:00,52.7,SURF,True,EXTREME_TYPE1,349,11,11,"(111.05, 22.0);(111.45, 21.6);(111.45, 22.0);(111.45, 22.4);(111.86, 21.6);(111.86, 22.0);(111.86, 22.4);(111.86, 22.8);(112.27, 21.6);(112.27, 22.0);(112.27, 22.4)",True
59663,2023-09-10 02:00:00,20.9,SURF,True,EXTREME_TYPE1,288,11,11,"(111.45, 21.6);(111.45, 22.0);(111.86, 21.2);(111.86, 21.6);(111.86, 22.0);(111.86, 22.4);(112.27, 21.6);(112.27, 22.0);(112.27, 22.4);(112.68, 21.6);(112.68, 22.0)",True
59654,2023-09-10 04:00:00,12.9,SURF,True,EXTREME_TYPE1,216,10,10,"(109.82, 21.2);(109.82, 21.6);(109.82, 22.0);(110.23, 21.2);(110.23, 21.6);(110.23, 22.0);(110.64, 21.2);(110.64, 21.6);(110.64, 22.0);(111.05, 21.6)",True
59659,2023-09-10 04:00:00,81.3,SURF,True,EXTREME_TYPE1,241,12,12,"(110.23, 21.6);(110.23, 22.0);(110.64, 21.2);(110.64, 21.6);(110.64, 22.0);(110.64, 22.4);(111.05, 21.2);(111.05, 21.6);(111.05, 22.0);(111.05, 22.4);(111.45, 21.6);(111.45, 22.0)",True
59750,2023-09-10 04:00:00,53.5,SURF,True,EXTREME_TYPE1,180,11,11,"(109.41, 21.2);(109.82, 20.4);(109.82, 20.8);(109.82, 21.2);(109.82, 21.6);(110.23, 20.4);(110.23, 20.8);(110.23, 21.2);(110.23, 21.6);(110.64, 20.8);(110.64, 21.2)",True
59653,2023-09-10 12:00:00,8.7,SURF,True,EXTREME_TYPE1,204,11,11,"(110.23, 21.6);(110.23, 22.0);(110.64, 21.6);(110.64, 22.0);(110.64, 22.4);(111.05, 21.6);(111.05, 22.0);(111.05, 22.4);(111.45, 21.6);(111.45, 22.0);(111.45, 22.4)",True
59501,2023-09-13 12:00:00,19.3,SURF,True,EXTREME_TYPE1,378,12,12,"(114.73, 22.4);(114.73, 22.8);(114.73, 23.2);(115.14, 22.4);(115.14, 22.8);(115.14, 23.2);(115.55, 22.4);(115.55, 22.8);(115.55, 23.2);(115.95, 22.4);(115.95, 22.8);(115.95, 23.2)",True
59658,2023-09-14 02:00:00,18.3,SURF,True,EXTREME_TYPE1,152,10,1,"(110.64, 21.6)",True
59278,2023-09-14 08:00:00,12.8,SURF,True,EXTREME_TYPE1,1125,12,12,"(111.86, 22.8);(111.86, 23.2);(112.27, 22.4);(112.27, 22.8);(112.27, 23.2);(112.27, 23.6);(112.68, 22.4);(112.68, 22.8);(112.68, 23.2);(112.68, 23.6);(113.09, 22.8);(113.09, 23.2)",True
59470,2023-09-14 18:00:00,1.1,SURF,True,EXTREME_TYPE1,792,10,10,"(111.45, 22.8);(111.86, 22.4);(111.86, 22.8);(111.86, 23.2);(112.27, 22.4);(112.27, 22.8);(112.27, 23.2);(112.68, 22.4);(112.68, 22.8);(112.68, 23.2)",True
59081,2023-09-14 22:00:00,14.0,SURF,True,EXTREME_TYPE1,179,12,12,"(112.68, 24.4);(112.68, 24.8);(112.68, 25.2);(113.09, 24.4);(113.09, 24.8);(113.09, 25.2);(113.5, 24.4);(113.5, 24.8);(113.5, 25.2);(113.91, 24.4);(113.91, 24.8);(113.91, 25.2)",True
59480,2023-09-14 22:00:00,5.1,SURF,True,EXTREME_TYPE1,1048,10,10,"(112.68, 22.4);(112.68, 22.8);(112.68, 23.2);(113.09, 22.4);(113.09, 22.8);(113.09, 23.2);(113.5, 22.4);(113.5, 22.8);(113.5, 23.2);(113.91, 22.8)",True
59650,2023-09-18 02:00:00,6.1,SURF,True,EXTREME_TYPE1,201,11,7,"(109.82, 21.2);(109.82, 21.6);(110.23, 20.8);(110.23, 21.2);(110.23, 21.6);(110.64, 20.8);(110.64, 21.2)",True
59087,2023-09-22 05:00:00,51.5,SURF,True,EXTREME_TYPE1,255,10,10,"(113.09, 23.6);(113.09, 24.0);(113.09, 24.4);(113.5, 23.2);(113.5, 23.6);(113.5, 24.0);(113.5, 24.4);(113.91, 23.6);(113.91, 24.0);(113.91, 24.4)",True
59270,2023-09-24 04:00:00,30.8,SURF,True,EXTREME_TYPE1,201,10,10,"(111.45, 24.0);(111.86, 23.6);(111.86, 24.0);(111.86, 24.4);(112.27, 23.6);(112.27, 24.0);(112.27, 24.4);(112.68, 23.6);(112.68, 24.0);(112.68, 24.4)",True
59754,2023-09-25 00:00:00,1.0,SURF,True,EXTREME_TYPE1,107,5,5,"(109.82, 20.4);(109.82, 20.8);(110.23, 20.4);(110.23, 20.8);(110.64, 20.8)",True
59324,2023-10-07 22:00:00,1.8,SURF,True,EXTREME_TYPE1,40,10,10,"(116.36, 23.2);(116.36, 23.6);(116.77, 22.8);(116.77, 23.2);(116.77, 23.6);(116.77, 24.0);(117.18, 23.2);(117.18, 23.6);(117.18, 24.0);(117.59, 23.6)",True
59658,2023-10-19 08:00:00,51.3,SURF,True,EXTREME_TYPE1,150,10,10,"(109.82, 20.8);(109.82, 21.2);(109.82, 21.6);(110.23, 20.8);(110.23, 21.2);(110.23, 21.6);(110.64, 20.8);(110.64, 21.2);(110.64, 21.6);(111.05, 21.2)",True
59650,2023-10-19 10:00:00,53.8,SURF,True,EXTREME_TYPE1,197,11,11,"(109.82, 21.2);(109.82, 21.6);(109.82, 22.0);(110.23, 20.8);(110.23, 21.2);(110.23, 21.6);(110.23, 22.0);(110.64, 20.8);(110.64, 21.2);(110.64, 21.6);(110.64, 22.0)",True
59653,2023-10-20 01:00:00,6.7,SURF,True,EXTREME_TYPE1,206,11,11,"(110.23, 21.6);(110.23, 22.0);(110.64, 21.6);(110.64, 22.0);(110.64, 22.4);(111.05, 21.6);(111.05, 22.0);(111.05, 22.4);(111.45, 21.6);(111.45, 22.0);(111.45, 22.4)",True
59655,2023-10-20 01:00:00,59.4,SURF,True,EXTREME_TYPE1,239,10,10,"(110.23, 21.2);(110.23, 21.6);(110.23, 22.0);(110.64, 21.2);(110.64, 21.6);(110.64, 22.0);(110.64, 22.4);(111.05, 21.2);(111.05, 21.6);(111.05, 22.0)",True
59656,2023-10-20 01:00:00,51.0,SURF,True,EXTREME_TYPE1,183,11,11,"(110.23, 21.2);(110.23, 21.6);(110.64, 20.8);(110.64, 21.2);(110.64, 21.6);(110.64, 22.0);(111.05, 21.2);(111.05, 21.6);(111.05, 22.0);(111.45, 21.2);(111.45, 21.6)",True
59656,2023-10-20 02:00:00,101.5,SURF,True,EXTREME_TYPE1,184,11,11,"(110.23, 21.2);(110.23, 21.6);(110.64, 20.8);(110.64, 21.2);(110.64, 21.6);(110.64, 22.0);(111.05, 21.2);(111.05, 21.6);(111.05, 22.0);(111.45, 21.2);(111.45, 21.6)",True
59653,2023-10-20 04:00:00,69.7,SURF,True,EXTREME_TYPE1,205,11,11,"(110.23, 21.6);(110.23, 22.0);(110.64, 21.6);(110.64, 22.0);(110.64, 22.4);(111.05, 21.6);(111.05, 22.0);(111.05, 22.4);(111.45, 21.6);(111.45, 22.0);(111.45, 22.4)",True
59654,2023-10-20 14:00:00,8.6,SURF,True,EXTREME_TYPE1,216,10,10,"(109.82, 21.2);(109.82, 21.6);(109.82, 22.0);(110.23, 21.2);(110.23, 21.6);(110.23, 22.0);(110.64, 21.2);(110.64, 21.6);(110.64, 22.0);(111.05, 21.6)",True
59750,2023-10-29 21:00:00,82.3,SURF,True,EXTREME_TYPE1,181,11,11,"(109.41, 21.2);(109.82, 20.4);(109.82, 20.8);(109.82, 21.2);(109.82, 21.6);(110.23, 20.4);(110.23, 20.8);(110.23, 21.2);(110.23, 21.6);(110.64, 20.8);(110.64, 21.2)",True
59280,2024-01-02 19:00:00,1.1,SURF,True,EXTREME_TYPE1,380,10,10,"(112.68, 23.2);(112.68, 23.6);(112.68, 24.0);(113.09, 23.2);(113.09, 23.6);(113.09, 24.0);(113.09, 24.4);(113.5, 23.2);(113.5, 23.6);(113.5, 24.0)",True
59071,2024-02-04 05:00:00,5.5,SURF,True,EXTREME_TYPE1,122,8,8,"(111.86, 24.4);(111.86, 24.8);(112.27, 24.4);(112.27, 24.8);(112.27, 25.2);(112.68, 24.4);(112.68, 24.8);(112.68, 25.2)",True
59109,2024-02-07 19:00:00,1.3,SURF,True,EXTREME_TYPE1,197,12,12,"(115.14, 24.0);(115.14, 24.4);(115.55, 23.6);(115.55, 24.0);(115.55, 24.4);(115.55, 24.8);(115.95, 23.6);(115.95, 24.0);(115.95, 24.4);(115.95, 24.8);(116.36, 24.0);(116.36, 24.4)",True
59319,2024-03-10 02:00:00,1.9,SURF,True,EXTREME_TYPE1,133,11,11,"(115.95, 23.6);(116.36, 23.2);(116.36, 23.6);(116.36, 24.0);(116.77, 22.8);(116.77, 23.2);(116.77, 23.6);(116.77, 24.0);(117.18, 23.2);(117.18, 23.6);(117.18, 24.0)",True
59264,2024-03-10 13:00:00,5.9,SURF,True,EXTREME_TYPE1,110,9,9,"(111.05, 23.2);(111.45, 22.8);(111.45, 23.2);(111.45, 23.6);(111.45, 24.0);(111.86, 22.8);(111.86, 23.2);(111.86, 23.6);(111.86, 24.0)",True
59106,2024-03-11 08:00:00,5.3,SURF,True,EXTREME_TYPE1,112,10,10,"(115.14, 24.4);(115.14, 24.8);(115.55, 24.0);(115.55, 24.4);(115.55, 24.8);(115.95, 24.0);(115.95, 24.4);(115.95, 24.8);(116.36, 24.4);(116.36, 24.8)",True
59653,2024-03-29 20:00:00,22.7,SURF,True,EXTREME_TYPE1,200,11,11,"(110.23, 21.6);(110.23, 22.0);(110.64, 21.6);(110.64, 22.0);(110.64, 22.4);(111.05, 21.6);(111.05, 22.0);(111.05, 22.4);(111.45, 21.6);(111.45, 22.0);(111.45, 22.4)",True
59081,2024-03-30 18:00:00,31.5,SURF,True,EXTREME_TYPE1,197,12,12,"(112.68, 24.4);(112.68, 24.8);(112.68, 25.2);(113.09, 24.4);(113.09, 24.8);(113.09, 25.2);(113.5, 24.4);(113.5, 24.8);(113.5, 25.2);(113.91, 24.4);(113.91, 24.8);(113.91, 25.2)",True
59106,2024-03-30 23:00:00,53.9,SURF,True,EXTREME_TYPE1,114,10,10,"(115.14, 24.4);(115.14, 24.8);(115.55, 24.0);(115.55, 24.4);(115.55, 24.8);(115.95, 24.0);(115.95, 24.4);(115.95, 24.8);(116.36, 24.4);(116.36, 24.8)",True
59081,2024-04-04 14:00:00,53.6,SURF,True,EXTREME_TYPE1,199,12,12,"(112.68, 24.4);(112.68, 24.8);(112.68, 25.2);(113.09, 24.4);(113.09, 24.8);(113.09, 25.2);(113.5, 24.4);(113.5, 24.8);(113.5, 25.2);(113.91, 24.4);(113.91, 24.8);(113.91, 25.2)",True
59090,2024-04-04 15:00:00,43.5,SURF,True,EXTREME_TYPE1,68,12,12,"(113.5, 24.8);(113.5, 25.2);(113.91, 24.4);(113.91, 24.8);(113.91, 25.2);(113.91, 25.6);(114.32, 24.4);(114.32, 24.8);(114.32, 25.2);(114.32, 25.6);(114.73, 24.8);(114.73, 25.2)",True
59293,2024-04-04 20:00:00,7.7,SURF,True,EXTREME_TYPE1,206,11,11,"(114.32, 23.2);(114.32, 23.6);(114.32, 24.0);(114.73, 23.2);(114.73, 23.6);(114.73, 24.0);(114.73, 24.4);(115.14, 23.2);(115.14, 23.6);(115.14, 24.0);(115.14, 24.4)",True
59075,2024-04-06 08:00:00,23.6,SURF,True,EXTREME_TYPE1,221,12,12,"(111.86, 24.0);(111.86, 24.4);(112.27, 24.0);(112.27, 24.4);(112.27, 24.8);(112.68, 23.6);(112.68, 24.0);(112.68, 24.4);(112.68, 24.8);(113.09, 24.0);(113.09, 24.4);(113.09, 24.8)",True
59481,2024-04-06 11:00:00,53.7,SURF,True,EXTREME_TYPE1,1082,12,12,"(112.68, 22.8);(112.68, 23.2);(113.09, 22.4);(113.09, 22.8);(113.09, 23.2);(113.09, 23.6);(113.5, 22.4);(113.5, 22.8);(113.5, 23.2);(113.5, 23.6);(113.91, 22.8);(113.91, 23.2)",True
59456,2024-04-19 10:00:00,46.2,SURF,True,EXTREME_TYPE1,184,10,10,"(110.23, 22.4);(110.64, 22.0);(110.64, 22.4);(110.64, 22.8);(111.05, 22.0);(111.05, 22.4);(111.05, 22.8);(111.45, 22.0);(111.45, 22.4);(111.45, 22.8)",True
59280,2024-04-19 11:00:00,54.4,SURF,True,EXTREME_TYPE1,395,10,10,"(112.68, 23.2);(112.68, 23.6);(112.68, 24.0);(113.09, 23.2);(113.09, 23.6);(113.09, 24.0);(113.09, 24.4);(113.5, 23.2);(113.5, 23.6);(113.5, 24.0)",True
59285,2024-04-19 13:00:00,54.9,SURF,True,EXTREME_TYPE1,429,10,10,"(113.09, 23.2);(113.09, 23.6);(113.09, 24.0);(113.5, 23.2);(113.5, 23.6);(113.5, 24.0);(113.91, 23.2);(113.91, 23.6);(113.91, 24.0);(114.32, 23.6)",True
59087,2024-04-19 17:00:00,71.3,SURF,True,EXTREME_TYPE1,286,10,10,"(113.09, 23.6);(113.09, 24.0);(113.09, 24.4);(113.5, 23.2);(113.5, 23.6);(113.5, 24.0);(113.5, 24.4);(113.91, 23.6);(113.91, 24.0);(113.91, 24.4)",True
59269,2024-04-20 14:00:00,51.4,SURF,True,EXTREME_TYPE1,299,9,9,"(111.45, 22.8);(111.45, 23.2);(111.45, 23.6);(111.86, 22.8);(111.86, 23.2);(111.86, 23.6);(112.27, 22.8);(112.27, 23.2);(112.27, 23.6)",True
59287,2024-04-20 19:00:00,25.6,SURF,True,EXTREME_TYPE1,688,9,9,"(113.09, 22.8);(113.09, 23.2);(113.09, 23.6);(113.5, 22.8);(113.5, 23.2);(113.5, 23.6);(113.91, 22.8);(113.91, 23.2);(113.91, 23.6)",True
59285,2024-04-20 20:00:00,5.5,SURF,True,EXTREME_TYPE1,420,10,10,"(113.09, 23.2);(113.09, 23.6);(113.09, 24.0);(113.5, 23.2);(113.5, 23.6);(113.5, 24.0);(113.91, 23.2);(113.91, 23.6);(113.91, 24.0);(114.32, 23.6)",True
59456,2024-04-21 06:00:00,53.7,SURF,True,EXTREME_TYPE1,182,10,10,"(110.23, 22.4);(110.64, 22.0);(110.64, 22.4);(110.64, 22.8);(111.05, 22.0);(111.05, 22.4);(111.05, 22.8);(111.45, 22.0);(111.45, 22.4);(111.45, 22.8)",True
59470,2024-04-21 08:00:00,61.5,SURF,True,EXTREME_TYPE1,801,10,10,"(111.45, 22.8);(111.86, 22.4);(111.86, 22.8);(111.86, 23.2);(112.27, 22.4);(112.27, 22.8);(112.27, 23.2);(112.68, 22.4);(112.68, 22.8);(112.68, 23.2)",True
59486,2024-04-23 11:00:00,60.8,SURF,True,EXTREME_TYPE1,716,10,10,"(113.5, 22.4);(113.5, 22.8);(113.5, 23.2);(113.91, 22.0);(113.91, 22.4);(113.91, 22.8);(113.91, 23.2);(114.32, 22.4);(114.32, 22.8);(114.32, 23.2)",True
59304,2024-04-23 23:00:00,20.8,SURF,True,EXTREME_TYPE1,302,9,9,"(114.73, 23.2);(114.73, 23.6);(114.73, 24.0);(115.14, 23.2);(115.14, 23.6);(115.14, 24.0);(115.55, 23.2);(115.55, 23.6);(115.55, 24.0)",True
59475,2024-04-24 21:00:00,23.6,SURF,True,EXTREME_TYPE1,1237,9,9,"(112.27, 22.0);(112.27, 22.4);(112.27, 22.8);(112.68, 22.0);(112.68, 22.4);(112.68, 22.8);(113.09, 22.0);(113.09, 22.4);(113.09, 22.8)",True
59117,2024-04-25 04:00:00,24.9,SURF,True,EXTREME_TYPE1,133,12,12,"(115.55, 24.0);(115.55, 24.4);(115.55, 24.8);(115.95, 23.6);(115.95, 24.0);(115.95, 24.4);(115.95, 24.8);(116.36, 24.0);(116.36, 24.4);(116.36, 24.8);(116.77, 24.0);(116.77, 24.4)",True
59659,2024-04-25 09:00:00,55.5,SURF,True,EXTREME_TYPE1,237,12,12,"(110.23, 21.6);(110.23, 22.0);(110.64, 21.2);(110.64, 21.6);(110.64, 22.0);(110.64, 22.4);(111.05, 21.2);(111.05, 21.6);(111.05, 22.0);(111.05, 22.4);(111.45, 21.6);(111.45, 22.0)",True
59493,2024-04-25 12:00:00,8.1,SURF,True,EXTREME_TYPE1,436,13,13,"(113.5, 22.0);(113.5, 22.4);(113.5, 22.8);(113.91, 22.0);(113.91, 22.4);(113.91, 22.8);(113.91, 23.2);(114.32, 22.0);(114.32, 22.4);(114.32, 22.8);(114.32, 23.2);(114.73, 22.4);(114.73, 22.8)",True
59087,2024-04-26 03:00:00,52.3,SURF,True,EXTREME_TYPE1,287,10,10,"(113.09, 23.6);(113.09, 24.0);(113.09, 24.4);(113.5, 23.2);(113.5, 23.6);(113.5, 24.0);(113.5, 24.4);(113.91, 23.6);(113.91, 24.0);(113.91, 24.4)",True
59290,2024-04-26 04:00:00,60.7,SURF,True,EXTREME_TYPE1,274,11,11,"(113.5, 23.6);(113.91, 23.2);(113.91, 23.6);(113.91, 24.0);(113.91, 24.4);(114.32, 23.2);(114.32, 23.6);(114.32, 24.0);(114.32, 24.4);(114.73, 23.6);(114.73, 24.0)",True
59501,2024-04-27 19:00:00,50.0,SURF,True,EXTREME_TYPE1,379,12,12,"(114.73, 22.4);(114.73, 22.8);(114.73, 23.2);(115.14, 22.4);(115.14, 22.8);(115.14, 23.2);(115.55, 22.4);(115.55, 22.8);(115.55, 23.2);(115.95, 22.4);(115.95, 22.8);(115.95, 23.2)",True
59502,2024-04-27 19:00:00,56.6,SURF,True,EXTREME_TYPE1,346,12,12,"(115.14, 22.8);(115.14, 23.2);(115.55, 22.4);(115.55, 22.8);(115.55, 23.2);(115.55, 23.6);(115.95, 22.4);(115.95, 22.8);(115.95, 23.2);(115.95, 23.6);(116.36, 22.8);(116.36, 23.2)",True
59294,2024-04-28 03:00:00,50.3,SURF,True,EXTREME_TYPE1,421,11,11,"(113.09, 23.2);(113.5, 22.8);(113.5, 23.2);(113.5, 23.6);(113.91, 22.8);(113.91, 23.2);(113.91, 23.6);(113.91, 24.0);(114.32, 22.8);(114.32, 23.2);(114.32, 23.6)",True
59502,2024-04-28 06:00:00,15.5,SURF,True,EXTREME_TYPE1,340,12,12,"(115.14, 22.8);(115.14, 23.2);(115.55, 22.4);(115.55, 22.8);(115.55, 23.2);(115.55, 23.6);(115.95, 22.4);(115.95, 22.8);(115.95, 23.2);(115.95, 23.6);(116.36, 22.8);(116.36, 23.2)",True
59075,2024-04-30 09:00:00,4.0,SURF,True,EXTREME_TYPE1,227,12,12,"(111.86, 24.0);(111.86, 24.4);(112.27, 24.0);(112.27, 24.4);(112.27, 24.8);(112.68, 23.6);(112.68, 24.0);(112.68, 24.4);(112.68, 24.8);(113.09, 24.0);(113.09, 24.4);(113.09, 24.8)",True
59750,2024-05-02 07:00:00,53.1,SURF,True,EXTREME_TYPE1,181,11,11,"(109.41, 21.2);(109.82, 20.4);(109.82, 20.8);(109.82, 21.2);(109.82, 21.6);(110.23, 20.4);(110.23, 20.8);(110.23, 21.2);(110.23, 21.6);(110.64, 20.8);(110.64, 21.2)",True
59487,2024-05-04 10:00:00,93.8,SURF,True,EXTREME_TYPE1,737,12,12,"(112.68, 22.0);(112.68, 22.4);(113.09, 21.6);(113.09, 22.0);(113.09, 22.4);(113.09, 22.8);(113.5, 21.6);(113.5, 22.0);(113.5, 22.4);(113.5, 22.8);(113.91, 22.0);(113.91, 22.4)",True
59488,2024-05-04 13:00:00,54.4,SURF,True,EXTREME_TYPE1,422,11,11,"(113.09, 22.0);(113.09, 22.4);(113.09, 22.8);(113.5, 21.6);(113.5, 22.0);(113.5, 22.4);(113.5, 22.8);(113.91, 22.0);(113.91, 22.4);(113.91, 22.8);(114.32, 22.4)",True
59653,2024-05-04 13:00:00,52.8,SURF,True,EXTREME_TYPE1,206,11,11,"(110.23, 21.6);(110.23, 22.0);(110.64, 21.6);(110.64, 22.0);(110.64, 22.4);(111.05, 21.6);(111.05, 22.0);(111.05, 22.4);(111.45, 21.6);(111.45, 22.0);(111.45, 22.4)",True
59659,2024-05-04 13:00:00,66.1,SURF,True,EXTREME_TYPE1,242,12,12,"(110.23, 21.6);(110.23, 22.0);(110.64, 21.2);(110.64, 21.6);(110.64, 22.0);(110.64, 22.4);(111.05, 21.2);(111.05, 21.6);(111.05, 22.0);(111.05, 22.4);(111.45, 21.6);(111.45, 22.0)",True
59314,2024-05-05 00:00:00,13.6,SURF,True,EXTREME_TYPE1,287,12,12,"(115.55, 23.2);(115.55, 23.6);(115.95, 22.8);(115.95, 23.2);(115.95, 23.6);(115.95, 24.0);(116.36, 22.8);(116.36, 23.2);(116.36, 23.6);(116.36, 24.0);(116.77, 23.2);(116.77, 23.6)",True
59264,2024-05-06 18:00:00,72.2,SURF,True,EXTREME_TYPE1,111,9,9,"(111.05, 23.2);(111.45, 22.8);(111.45, 23.2);(111.45, 23.6);(111.45, 24.0);(111.86, 22.8);(111.86, 23.2);(111.86, 23.6);(111.86, 24.0)",True
59478,2024-05-12 15:00:00,68.6,SURF,True,EXTREME_TYPE1,893,12,12,"(112.27, 22.0);(112.27, 22.4);(112.68, 21.6);(112.68, 22.0);(112.68, 22.4);(112.68, 22.8);(113.09, 21.6);(113.09, 22.0);(113.09, 22.4);(113.09, 22.8);(113.5, 22.0);(113.5, 22.4)",True
59487,2024-05-12 17:00:00,13.3,SURF,True,EXTREME_TYPE1,744,12,12,"(112.68, 22.0);(112.68, 22.4);(113.09, 21.6);(113.09, 22.0);(113.09, 22.4);(113.09, 22.8);(113.5, 21.6);(113.5, 22.0);(113.5, 22.4);(113.5, 22.8);(113.91, 22.0);(113.91, 22.4)",True
59313,2024-05-22 05:00:00,6.8,SURF,True,EXTREME_TYPE1,44,9,9,"(116.36, 23.6);(116.36, 24.0);(116.77, 23.2);(116.77, 23.6);(116.77, 24.0);(117.18, 23.2);(117.18, 23.6);(117.18, 24.0);(117.59, 23.6)",True
59481,2024-05-23 14:00:00,64.9,SURF,True,EXTREME_TYPE1,1144,12,12,"(112.68, 22.8);(112.68, 23.2);(113.09, 22.4);(113.09, 22.8);(113.09, 23.2);(113.09, 23.6);(113.5, 22.4);(113.5, 22.8);(113.5, 23.2);(113.5, 23.6);(113.91, 22.8);(113.91, 23.2)",True
59313,2024-05-23 17:00:00,1.8,SURF,True,EXTREME_TYPE1,43,9,9,"(116.36, 23.6);(116.36, 24.0);(116.77, 23.2);(116.77, 23.6);(116.77, 24.0);(117.18, 23.2);(117.18, 23.6);(117.18, 24.0);(117.59, 23.6)",True
59475,2024-05-24 14:00:00,50.3,SURF,True,EXTREME_TYPE1,1248,9,9,"(112.27, 22.0);(112.27, 22.4);(112.27, 22.8);(112.68, 22.0);(112.68, 22.4);(112.68, 22.8);(113.09, 22.0);(113.09, 22.4);(113.09, 22.8)",True
59492,2024-05-24 18:00:00,20.7,SURF,True,EXTREME_TYPE1,285,11,11,"(114.32, 22.4);(114.32, 22.8);(114.32, 23.2);(114.32, 23.6);(114.73, 22.4);(114.73, 22.8);(114.73, 23.2);(114.73, 23.6);(115.14, 22.8);(115.14, 23.2);(115.14, 23.6)",True
59653,2024-05-26 13:00:00,50.1,SURF,True,EXTREME_TYPE1,204,11,11,"(110.23, 21.6);(110.23, 22.0);(110.64, 21.6);(110.64, 22.0);(110.64, 22.4);(111.05, 21.6);(111.05, 22.0);(111.05, 22.4);(111.45, 21.6);(111.45, 22.0);(111.45, 22.4)",True
59310,2024-05-27 22:00:00,4.1,SURF,True,EXTREME_TYPE1,261,12,12,"(115.55, 23.6);(115.55, 24.0);(115.95, 23.2);(115.95, 23.6);(115.95, 24.0);(115.95, 24.4);(116.36, 23.2);(116.36, 23.6);(116.36, 24.0);(116.36, 24.4);(116.77, 23.6);(116.77, 24.0)",True
59656,2024-05-28 17:00:00,9.3,SURF,True,EXTREME_TYPE1,184,11,11,"(110.23, 21.2);(110.23, 21.6);(110.64, 20.8);(110.64, 21.2);(110.64, 21.6);(110.64, 22.0);(111.05, 21.2);(111.05, 21.6);(111.05, 22.0);(111.45, 21.2);(111.45, 21.6)",True
59481,2024-05-30 18:00:00,1.2,SURF,True,EXTREME_TYPE1,1150,12,12,"(112.68, 22.8);(112.68, 23.2);(113.09, 22.4);(113.09, 22.8);(113.09, 23.2);(113.09, 23.6);(113.5, 22.4);(113.5, 22.8);(113.5, 23.2);(113.5, 23.6);(113.91, 22.8);(113.91, 23.2)",True
59278,2024-05-31 16:00:00,23.6,SURF,True,EXTREME_TYPE1,1164,12,12,"(111.86, 22.8);(111.86, 23.2);(112.27, 22.4);(112.27, 22.8);(112.27, 23.2);(112.27, 23.6);(112.68, 22.4);(112.68, 22.8);(112.68, 23.2);(112.68, 23.6);(113.09, 22.8);(113.09, 23.2)",True
59500,2024-06-04 01:00:00,1.2,SURF,True,EXTREME_TYPE1,385,12,12,"(114.73, 22.8);(114.73, 23.2);(115.14, 22.4);(115.14, 22.8);(115.14, 23.2);(115.14, 23.6);(115.55, 22.4);(115.55, 22.8);(115.55, 23.2);(115.55, 23.6);(115.95, 22.8);(115.95, 23.2)",True
59290,2024-06-04 03:00:00,1.3,SURF,True,EXTREME_TYPE1,279,11,11,"(113.5, 23.6);(113.91, 23.2);(113.91, 23.6);(113.91, 24.0);(113.91, 24.4);(114.32, 23.2);(114.32, 23.6);(114.32, 24.0);(114.32, 24.4);(114.73, 23.6);(114.73, 24.0)",True
59664,2024-06-05 03:00:00,51.7,SURF,True,EXTREME_TYPE1,241,10,10,"(110.23, 21.6);(110.64, 21.2);(110.64, 21.6);(110.64, 22.0);(111.05, 21.2);(111.05, 21.6);(111.05, 22.0);(111.45, 21.2);(111.45, 21.6);(111.45, 22.0)",True
59650,2024-06-05 16:00:00,62.2,SURF,True,EXTREME_TYPE1,202,11,11,"(109.82, 21.2);(109.82, 21.6);(109.82, 22.0);(110.23, 20.8);(110.23, 21.2);(110.23, 21.6);(110.23, 22.0);(110.64, 20.8);(110.64, 21.2);(110.64, 21.6);(110.64, 22.0)",True
59293,2024-06-07 17:00:00,7.1,SURF,True,EXTREME_TYPE1,224,11,11,"(114.32, 23.2);(114.32, 23.6);(114.32, 24.0);(114.73, 23.2);(114.73, 23.6);(114.73, 24.0);(114.73, 24.4);(115.14, 23.2);(115.14, 23.6);(115.14, 24.0);(115.14, 24.4)",True
59290,2024-06-14 06:00:00,42.0,SURF,True,EXTREME_TYPE1,278,11,11,"(113.5, 23.6);(113.91, 23.2);(113.91, 23.6);(113.91, 24.0);(113.91, 24.4);(114.32, 23.2);(114.32, 23.6);(114.32, 24.0);(114.32, 24.4);(114.73, 23.6);(114.73, 24.0)",True
59655,2024-06-15 14:00:00,57.6,SURF,True,EXTREME_TYPE1,240,10,10,"(110.23, 21.2);(110.23, 21.6);(110.23, 22.0);(110.64, 21.2);(110.64, 21.6);(110.64, 22.0);(110.64, 22.4);(111.05, 21.2);(111.05, 21.6);(111.05, 22.0)",True
59502,2024-06-15 16:00:00,34.8,SURF,True,EXTREME_TYPE1,354,12,12,"(115.14, 22.8);(115.14, 23.2);(115.55, 22.4);(115.55, 22.8);(115.55, 23.2);(115.55, 23.6);(115.95, 22.4);(115.95, 22.8);(115.95, 23.2);(115.95, 23.6);(116.36, 22.8);(116.36, 23.2)",True
59500,2024-06-15 21:00:00,33.1,SURF,True,EXTREME_TYPE1,386,12,12,"(114.73, 22.8);(114.73, 23.2);(115.14, 22.4);(115.14, 22.8);(115.14, 23.2);(115.14, 23.6);(115.55, 22.4);(115.55, 22.8);(115.55, 23.2);(115.55, 23.6);(115.95, 22.8);(115.95, 23.2)",True
59088,2024-06-16 03:00:00,7.0,SURF,True,EXTREME_TYPE1,288,12,12,"(112.68, 24.0);(112.68, 24.4);(113.09, 23.6);(113.09, 24.0);(113.09, 24.4);(113.09, 24.8);(113.5, 23.6);(113.5, 24.0);(113.5, 24.4);(113.5, 24.8);(113.91, 24.0);(113.91, 24.4)",True
59097,2024-06-16 10:00:00,10.8,SURF,True,EXTREME_TYPE1,253,10,10,"(113.5, 24.0);(113.91, 23.6);(113.91, 24.0);(113.91, 24.4);(114.32, 23.6);(114.32, 24.0);(114.32, 24.4);(114.73, 23.6);(114.73, 24.0);(114.73, 24.4)",True
59114,2024-06-18 21:00:00,1.8,SURF,True,EXTREME_TYPE1,76,10,10,"(115.55, 24.4);(115.55, 24.8);(115.95, 24.0);(115.95, 24.4);(115.95, 24.8);(116.36, 24.0);(116.36, 24.4);(116.36, 24.8);(116.77, 24.4);(116.77, 24.8)",True
59653,2024-06-23 20:00:00,12.0,SURF,True,EXTREME_TYPE1,207,11,11,"(110.23, 21.6);(110.23, 22.0);(110.64, 21.6);(110.64, 22.0);(110.64, 22.4);(111.05, 21.6);(111.05, 22.0);(111.05, 22.4);(111.45, 21.6);(111.45, 22.0);(111.45, 22.4)",True
59316,2024-06-27 05:00:00,20.3,SURF,True,EXTREME_TYPE1,149,12,12,"(115.95, 23.2);(115.95, 23.6);(116.36, 22.8);(116.36, 23.2);(116.36, 23.6);(116.36, 24.0);(116.77, 22.8);(116.77, 23.2);(116.77, 23.6);(116.77, 24.0);(117.18, 23.2);(117.18, 23.6)",True
59502,2024-06-30 03:00:00,6.7,SURF,True,EXTREME_TYPE1,348,12,12,"(115.14, 22.8);(115.14, 23.2);(115.55, 22.4);(115.55, 22.8);(115.55, 23.2);(115.55, 23.6);(115.95, 22.4);(115.95, 22.8);(115.95, 23.2);(115.95, 23.6);(116.36, 22.8);(116.36, 23.2)",True
59500,2024-07-01 06:00:00,65.5,SURF,True,EXTREME_TYPE1,387,12,12,"(114.73, 22.8);(114.73, 23.2);(115.14, 22.4);(115.14, 22.8);(115.14, 23.2);(115.14, 23.6);(115.55, 22.4);(115.55, 22.8);(115.55, 23.2);(115.55, 23.6);(115.95, 22.8);(115.95, 23.2)",True
59082,2024-07-02 16:00:00,8.6,SURF,True,EXTREME_TYPE1,236,12,12,"(113.09, 24.4);(113.09, 24.8);(113.09, 25.2);(113.5, 24.0);(113.5, 24.4);(113.5, 24.8);(113.5, 25.2);(113.91, 24.4);(113.91, 24.8);(113.91, 25.2);(114.32, 24.4);(114.32, 24.8)",True
59654,2024-07-08 19:00:00,35.1,SURF,True,EXTREME_TYPE1,220,10,10,"(109.82, 21.2);(109.82, 21.6);(109.82, 22.0);(110.23, 21.2);(110.23, 21.6);(110.23, 22.0);(110.64, 21.2);(110.64, 21.6);(110.64, 22.0);(111.05, 21.6)",True
59074,2024-07-18 17:00:00,7.7,SURF,True,EXTREME_TYPE1,192,9,9,"(111.86, 24.0);(111.86, 24.4);(111.86, 24.8);(112.27, 24.0);(112.27, 24.4);(112.27, 24.8);(112.27, 25.2);(112.68, 24.4);(112.68, 24.8)",True
59306,2024-07-26 12:00:00,28.8,SURF,True,EXTREME_TYPE1,391,12,12,"(115.14, 23.2);(115.14, 23.6);(115.55, 22.8);(115.55, 23.2);(115.55, 23.6);(115.55, 24.0);(115.95, 22.8);(115.95, 23.2);(115.95, 23.6);(115.95, 24.0);(116.36, 23.2);(116.36, 23.6)",True
59315,2024-07-26 12:00:00,57.4,SURF,True,EXTREME_TYPE1,142,10,10,"(115.95, 23.2);(115.95, 23.6);(115.95, 24.0);(116.36, 23.2);(116.36, 23.6);(116.36, 24.0);(116.77, 23.2);(116.77, 23.6);(116.77, 24.0);(117.18, 23.6)",True
59099,2024-07-26 14:00:00,61.6,SURF,True,EXTREME_TYPE1,168,10,10,"(114.32, 24.4);(114.32, 24.8);(114.73, 24.0);(114.73, 24.4);(114.73, 24.8);(115.14, 24.0);(115.14, 24.4);(115.14, 24.8);(115.55, 24.4);(115.55, 24.8)",True
59107,2024-07-26 15:00:00,53.3,SURF,True,EXTREME_TYPE1,258,12,12,"(114.73, 23.6);(114.73, 24.0);(114.73, 24.4);(115.14, 23.6);(115.14, 24.0);(115.14, 24.4);(115.14, 24.8);(115.55, 23.6);(115.55, 24.0);(115.55, 24.4);(115.95, 24.0);(115.95, 24.4)",True
59306,2024-07-26 18:00:00,46.1,SURF,True,EXTREME_TYPE1,393,12,12,"(115.14, 23.2);(115.14, 23.6);(115.55, 22.8);(115.55, 23.2);(115.55, 23.6);(115.55, 24.0);(115.95, 22.8);(115.95, 23.2);(115.95, 23.6);(115.95, 24.0);(116.36, 23.2);(116.36, 23.6)",True
59481,2024-07-26 18:00:00,64.8,SURF,True,EXTREME_TYPE1,1157,12,12,"(112.68, 22.8);(112.68, 23.2);(113.09, 22.4);(113.09, 22.8);(113.09, 23.2);(113.09, 23.6);(113.5, 22.4);(113.5, 22.8);(113.5, 23.2);(113.5, 23.6);(113.91, 22.8);(113.91, 23.2)",True
59279,2024-07-27 07:00:00,51.2,SURF,True,EXTREME_TYPE1,865,12,12,"(112.27, 22.8);(112.27, 23.2);(112.27, 23.6);(112.68, 22.8);(112.68, 23.2);(112.68, 23.6);(113.09, 22.8);(113.09, 23.2);(113.09, 23.6);(113.5, 22.8);(113.5, 23.2);(113.5, 23.6)",True
59288,2024-07-27 08:00:00,63.2,SURF,True,EXTREME_TYPE1,866,10,10,"(112.27, 23.2);(112.68, 22.8);(112.68, 23.2);(112.68, 23.6);(113.09, 22.8);(113.09, 23.2);(113.09, 23.6);(113.5, 22.8);(113.5, 23.2);(113.5, 23.6)",True
59294,2024-07-27 09:00:00,71.2,SURF,True,EXTREME_TYPE1,427,11,11,"(113.09, 23.2);(113.5, 22.8);(113.5, 23.2);(113.5, 23.6);(113.91, 22.8);(113.91, 23.2);(113.91, 23.6);(113.91, 24.0);(114.32, 22.8);(114.32, 23.2);(114.32, 23.6)",True
59310,2024-07-27 10:00:00,33.2,SURF,True,EXTREME_TYPE1,255,12,12,"(115.55, 23.6);(115.55, 24.0);(115.95, 23.2);(115.95, 23.6);(115.95, 24.0);(115.95, 24.4);(116.36, 23.2);(116.36, 23.6);(116.36, 24.0);(116.36, 24.4);(116.77, 23.6);(116.77, 24.0)",True
59298,2024-07-28 09:00:00,6.7,SURF,True,EXTREME_TYPE1,316,11,11,"(113.91, 22.8);(113.91, 23.2);(113.91, 23.6);(114.32, 22.4);(114.32, 22.8);(114.32, 23.2);(114.32, 23.6);(114.73, 22.8);(114.73, 23.2);(114.73, 23.6);(115.14, 23.2)",True
59317,2024-07-28 13:00:00,20.1,SURF,True,EXTREME_TYPE1,263,9,9,"(115.95, 22.4);(115.95, 22.8);(115.95, 23.2);(115.95, 23.6);(116.36, 22.8);(116.36, 23.2);(116.36, 23.6);(116.77, 22.8);(116.77, 23.2)",True
59072,2024-07-28 21:00:00,62.2,SURF,True,EXTREME_TYPE1,228,9,9,"(111.86, 24.4);(111.86, 24.8);(112.27, 24.4);(112.27, 24.8);(112.27, 25.2);(112.68, 24.4);(112.68, 24.8);(112.68, 25.2);(113.09, 24.8)",True
59673,2024-07-28 21:00:00,105.9,SURF,True,EXTREME_TYPE1,96,8,2,"(112.27, 22.0);(112.68, 22.4)",True
59471,2024-07-29 08:00:00,21.5,SURF,True,EXTREME_TYPE1,824,12,12,"(111.45, 22.8);(111.45, 23.2);(111.86, 22.4);(111.86, 22.8);(111.86, 23.2);(111.86, 23.6);(112.27, 22.4);(112.27, 22.8);(112.27, 23.2);(112.27, 23.6);(112.68, 22.8);(112.68, 23.2)",True
59306,2024-07-29 14:00:00,3.1,SURF,True,EXTREME_TYPE1,400,12,12,"(115.14, 23.2);(115.14, 23.6);(115.55, 22.8);(115.55, 23.2);(115.55, 23.6);(115.55, 24.0);(115.95, 22.8);(115.95, 23.2);(115.95, 23.6);(115.95, 24.0);(116.36, 23.2);(116.36, 23.6)",True
59650,2024-07-29 19:00:00,43.1,SURF,True,EXTREME_TYPE1,203,11,11,"(109.82, 21.2);(109.82, 21.6);(109.82, 22.0);(110.23, 20.8);(110.23, 21.2);(110.23, 21.6);(110.23, 22.0);(110.64, 20.8);(110.64, 21.2);(110.64, 21.6);(110.64, 22.0)",True
59493,2024-07-31 10:00:00,2.3,SURF,True,EXTREME_TYPE1,452,13,13,"(113.5, 22.0);(113.5, 22.4);(113.5, 22.8);(113.91, 22.0);(113.91, 22.4);(113.91, 22.8);(113.91, 23.2);(114.32, 22.0);(114.32, 22.4);(114.32, 22.8);(114.32, 23.2);(114.73, 22.4);(114.73, 22.8)",True
59314,2024-08-04 18:00:00,69.1,SURF,True,EXTREME_TYPE1,291,12,12,"(115.55, 23.2);(115.55, 23.6);(115.95, 22.8);(115.95, 23.2);(115.95, 23.6);(115.95, 24.0);(116.36, 22.8);(116.36, 23.2);(116.36, 23.6);(116.36, 24.0);(116.77, 23.2);(116.77, 23.6)",True
59485,2024-08-06 15:00:00,37.6,SURF,True,EXTREME_TYPE1,1129,12,12,"(112.68, 22.4);(112.68, 22.8);(113.09, 22.0);(113.09, 22.4);(113.09, 22.8);(113.5, 22.0);(113.5, 22.4);(113.5, 22.8);(113.5, 23.2);(113.91, 22.0);(113.91, 22.4);(113.91, 22.8)",True
59081,2024-08-11 21:00:00,61.0,SURF,True,EXTREME_TYPE1,198,12,12,"(112.68, 24.4);(112.68, 24.8);(112.68, 25.2);(113.09, 24.4);(113.09, 24.8);(113.09, 25.2);(113.5, 24.4);(113.5, 24.8);(113.5, 25.2);(113.91, 24.4);(113.91, 24.8);(113.91, 25.2)",True
59314,2024-08-12 20:00:00,61.1,SURF,True,EXTREME_TYPE1,292,12,12,"(115.55, 23.2);(115.55, 23.6);(115.95, 22.8);(115.95, 23.2);(115.95, 23.6);(115.95, 24.0);(116.36, 22.8);(116.36, 23.2);(116.36, 23.6);(116.36, 24.0);(116.77, 23.2);(116.77, 23.6)",True
59486,2024-08-15 12:00:00,63.3,SURF,True,EXTREME_TYPE1,756,10,10,"(113.5, 22.4);(113.5, 22.8);(113.5, 23.2);(113.91, 22.0);(113.91, 22.4);(113.91, 22.8);(113.91, 23.2);(114.32, 22.4);(114.32, 22.8);(114.32, 23.2)",True
59493,2024-08-15 12:00:00,42.3,SURF,True,EXTREME_TYPE1,455,13,13,"(113.5, 22.0);(113.5, 22.4);(113.5, 22.8);(113.91, 22.0);(113.91, 22.4);(113.91, 22.8);(113.91, 23.2);(114.32, 22.0);(114.32, 22.4);(114.32, 22.8);(114.32, 23.2);(114.73, 22.4);(114.73, 22.8)",True
59071,2024-08-15 18:00:00,61.3,SURF,True,EXTREME_TYPE1,123,8,8,"(111.86, 24.4);(111.86, 24.8);(112.27, 24.4);(112.27, 24.8);(112.27, 25.2);(112.68, 24.4);(112.68, 24.8);(112.68, 25.2)",True
59488,2024-08-16 13:00:00,57.6,SURF,True,EXTREME_TYPE1,440,11,10,"(113.09, 22.0);(113.09, 22.4);(113.09, 22.8);(113.5, 21.6);(113.5, 22.0);(113.5, 22.4);(113.5, 22.8);(113.91, 22.0);(113.91, 22.4);(113.91, 22.8)",True
59317,2024-08-20 04:00:00,38.6,SURF,True,EXTREME_TYPE1,257,9,9,"(115.95, 22.4);(115.95, 22.8);(115.95, 23.2);(115.95, 23.6);(116.36, 22.8);(116.36, 23.2);(116.36, 23.6);(116.77, 22.8);(116.77, 23.2)",True
59502,2024-08-21 03:00:00,30.6,SURF,True,EXTREME_TYPE1,349,12,12,"(115.14, 22.8);(115.14, 23.2);(115.55, 22.4);(115.55, 22.8);(115.55, 23.2);(115.55, 23.6);(115.95, 22.4);(115.95, 22.8);(115.95, 23.2);(115.95, 23.6);(116.36, 22.8);(116.36, 23.2)",True
59298,2024-08-21 04:00:00,20.1,SURF,True,EXTREME_TYPE1,315,11,11,"(113.91, 22.8);(113.91, 23.2);(113.91, 23.6);(114.32, 22.4);(114.32, 22.8);(114.32, 23.2);(114.32, 23.6);(114.73, 22.8);(114.73, 23.2);(114.73, 23.6);(115.14, 23.2)",True
59298,2024-08-21 06:00:00,17.4,SURF,True,EXTREME_TYPE1,316,11,11,"(113.91, 22.8);(113.91, 23.2);(113.91, 23.6);(114.32, 22.4);(114.32, 22.8);(114.32, 23.2);(114.32, 23.6);(114.73, 22.8);(114.73, 23.2);(114.73, 23.6);(115.14, 23.2)",True
59502,2024-08-21 07:00:00,8.6,SURF,True,EXTREME_TYPE1,346,12,12,"(115.14, 22.8);(115.14, 23.2);(115.55, 22.4);(115.55, 22.8);(115.55, 23.2);(115.55, 23.6);(115.95, 22.4);(115.95, 22.8);(115.95, 23.2);(115.95, 23.6);(116.36, 22.8);(116.36, 23.2)",True
59285,2024-08-21 13:00:00,69.5,SURF,True,EXTREME_TYPE1,424,10,10,"(113.09, 23.2);(113.09, 23.6);(113.09, 24.0);(113.5, 23.2);(113.5, 23.6);(113.5, 24.0);(113.91, 23.2);(113.91, 23.6);(113.91, 24.0);(114.32, 23.6)",True
59298,2024-08-21 13:00:00,7.5,SURF,True,EXTREME_TYPE1,315,11,11,"(113.91, 22.8);(113.91, 23.2);(113.91, 23.6);(114.32, 22.4);(114.32, 22.8);(114.32, 23.2);(114.32, 23.6);(114.73, 22.8);(114.73, 23.2);(114.73, 23.6);(115.14, 23.2)",True
59500,2024-08-25 14:00:00,21.4,SURF,True,EXTREME_TYPE1,382,12,12,"(114.73, 22.8);(114.73, 23.2);(115.14, 22.4);(115.14, 22.8);(115.14, 23.2);(115.14, 23.6);(115.55, 22.4);(115.55, 22.8);(115.55, 23.2);(115.55, 23.6);(115.95, 22.8);(115.95, 23.2)",True
59304,2024-08-25 17:00:00,55.4,SURF,True,EXTREME_TYPE1,299,9,9,"(114.73, 23.2);(114.73, 23.6);(114.73, 24.0);(115.14, 23.2);(115.14, 23.6);(115.14, 24.0);(115.55, 23.2);(115.55, 23.6);(115.55, 24.0)",True
59279,2024-08-25 19:00:00,48.0,SURF,True,EXTREME_TYPE1,891,12,12,"(112.27, 22.8);(112.27, 23.2);(112.27, 23.6);(112.68, 22.8);(112.68, 23.2);(112.68, 23.6);(113.09, 22.8);(113.09, 23.2);(113.09, 23.6);(113.5, 22.8);(113.5, 23.2);(113.5, 23.6)",True
59290,2024-08-27 16:00:00,20.5,SURF,True,EXTREME_TYPE1,273,11,11,"(113.5, 23.6);(113.91, 23.2);(113.91, 23.6);(113.91, 24.0);(113.91, 24.4);(114.32, 23.2);(114.32, 23.6);(114.32, 24.0);(114.32, 24.4);(114.73, 23.6);(114.73, 24.0)",True
59306,2024-08-29 17:00:00,10.3,SURF,True,EXTREME_TYPE1,394,12,12,"(115.14, 23.2);(115.14, 23.6);(115.55, 22.8);(115.55, 23.2);(115.55, 23.6);(115.55, 24.0);(115.95, 22.8);(115.95, 23.2);(115.95, 23.6);(115.95, 24.0);(116.36, 23.2);(116.36, 23.6)",True
59473,2024-08-29 17:00:00,52.2,SURF,True,EXTREME_TYPE1,1292,10,10,"(112.27, 22.8);(112.68, 22.4);(112.68, 22.8);(112.68, 23.2);(113.09, 22.4);(113.09, 22.8);(113.09, 23.2);(113.5, 22.4);(113.5, 22.8);(113.5, 23.2)",True
59481,2024-08-29 18:00:00,39.3,SURF,True,EXTREME_TYPE1,1166,12,12,"(112.68, 22.8);(112.68, 23.2);(113.09, 22.4);(113.09, 22.8);(113.09, 23.2);(113.09, 23.6);(113.5, 22.4);(113.5, 22.8);(113.5, 23.2);(113.5, 23.6);(113.91, 22.8);(113.91, 23.2)",True
59500,2024-08-29 19:00:00,41.5,SURF,True,EXTREME_TYPE1,381,12,12,"(114.73, 22.8);(114.73, 23.2);(115.14, 22.4);(115.14, 22.8);(115.14, 23.2);(115.14, 23.6);(115.55, 22.4);(115.55, 22.8);(115.55, 23.2);(115.55, 23.6);(115.95, 22.8);(115.95, 23.2)",True
59271,2024-08-29 21:00:00,51.2,SURF,True,EXTREME_TYPE1,337,11,11,"(111.86, 23.2);(111.86, 23.6);(111.86, 24.0);(112.27, 23.2);(112.27, 23.6);(112.27, 24.0);(112.68, 23.2);(112.68, 23.6);(112.68, 24.0);(113.09, 23.6);(113.09, 24.0)",True
59288,2024-08-30 14:00:00,10.6,SURF,True,EXTREME_TYPE1,895,10,10,"(112.27, 23.2);(112.68, 22.8);(112.68, 23.2);(112.68, 23.6);(113.09, 22.8);(113.09, 23.2);(113.09, 23.6);(113.5, 22.8);(113.5, 23.2);(113.5, 23.6)",True
59288,2024-08-30 19:00:00,21.3,SURF,True,EXTREME_TYPE1,895,10,10,"(112.27, 23.2);(112.68, 22.8);(112.68, 23.2);(112.68, 23.6);(113.09, 22.8);(113.09, 23.2);(113.09, 23.6);(113.5, 22.8);(113.5, 23.2);(113.5, 23.6)",True
59475,2024-09-05 18:00:00,7.1,SURF,True,EXTREME_TYPE1,1254,9,9,"(112.27, 22.0);(112.27, 22.4);(112.27, 22.8);(112.68, 22.0);(112.68, 22.4);(112.68, 22.8);(113.09, 22.0);(113.09, 22.4);(113.09, 22.8)",True
59314,2024-09-06 00:00:00,1.4,SURF,True,EXTREME_TYPE1,289,12,12,"(115.55, 23.2);(115.55, 23.6);(115.95, 22.8);(115.95, 23.2);(115.95, 23.6);(115.95, 24.0);(116.36, 22.8);(116.36, 23.2);(116.36, 23.6);(116.36, 24.0);(116.77, 23.2);(116.77, 23.6)",True
59650,2024-09-06 19:00:00,5.1,SURF,True,EXTREME_TYPE1,200,11,11,"(109.82, 21.2);(109.82, 21.6);(109.82, 22.0);(110.23, 20.8);(110.23, 21.2);(110.23, 21.6);(110.23, 22.0);(110.64, 20.8);(110.64, 21.2);(110.64, 21.6);(110.64, 22.0)",True
59470,2024-09-06 20:00:00,6.6,SURF,True,EXTREME_TYPE1,822,10,10,"(111.45, 22.8);(111.86, 22.4);(111.86, 22.8);(111.86, 23.2);(112.27, 22.4);(112.27, 22.8);(112.27, 23.2);(112.68, 22.4);(112.68, 22.8);(112.68, 23.2)",True
59476,2024-09-13 20:00:00,10.2,SURF,True,EXTREME_TYPE1,1423,11,11,"(112.27, 22.4);(112.68, 22.0);(112.68, 22.4);(112.68, 22.8);(113.09, 22.0);(113.09, 22.4);(113.09, 22.8);(113.09, 23.2);(113.5, 22.0);(113.5, 22.4);(113.5, 22.8)",True
59456,2024-09-14 14:00:00,81.1,SURF,True,EXTREME_TYPE1,192,10,10,"(110.23, 22.4);(110.64, 22.0);(110.64, 22.4);(110.64, 22.8);(111.05, 22.0);(111.05, 22.4);(111.05, 22.8);(111.45, 22.0);(111.45, 22.4);(111.45, 22.8)",True
59284,2024-09-14 16:00:00,54.2,SURF,True,EXTREME_TYPE1,720,12,12,"(112.68, 23.2);(112.68, 23.6);(113.09, 22.8);(113.09, 23.2);(113.09, 23.6);(113.09, 24.0);(113.5, 22.8);(113.5, 23.2);(113.5, 23.6);(113.5, 24.0);(113.91, 23.2);(113.91, 23.6)",True
59285,2024-09-14 16:00:00,5.9,SURF,True,EXTREME_TYPE1,444,10,10,"(113.09, 23.2);(113.09, 23.6);(113.09, 24.0);(113.5, 23.2);(113.5, 23.6);(113.5, 24.0);(113.91, 23.2);(113.91, 23.6);(113.91, 24.0);(114.32, 23.6)",True
59106,2024-09-14 21:00:00,34.0,SURF,True,EXTREME_TYPE1,123,10,10,"(115.14, 24.4);(115.14, 24.8);(115.55, 24.0);(115.55, 24.4);(115.55, 24.8);(115.95, 24.0);(115.95, 24.4);(115.95, 24.8);(116.36, 24.4);(116.36, 24.8)",True
59492,2024-09-17 21:00:00,62.0,SURF,True,EXTREME_TYPE1,284,11,11,"(114.32, 22.4);(114.32, 22.8);(114.32, 23.2);(114.32, 23.6);(114.73, 22.4);(114.73, 22.8);(114.73, 23.2);(114.73, 23.6);(115.14, 22.8);(115.14, 23.2);(115.14, 23.6)",True
59289,2024-09-17 23:00:00,27.9,SURF,True,EXTREME_TYPE1,758,12,12,"(113.09, 22.8);(113.09, 23.2);(113.5, 22.4);(113.5, 22.8);(113.5, 23.2);(113.5, 23.6);(113.91, 22.4);(113.91, 22.8);(113.91, 23.2);(113.91, 23.6);(114.32, 22.8);(114.32, 23.2)",True
59288,2024-09-21 13:00:00,6.5,SURF,True,EXTREME_TYPE1,898,10,10,"(112.27, 23.2);(112.68, 22.8);(112.68, 23.2);(112.68, 23.6);(113.09, 22.8);(113.09, 23.2);(113.09, 23.6);(113.5, 22.8);(113.5, 23.2);(113.5, 23.6)",True
59315,2024-09-22 13:00:00,21.9,SURF,True,EXTREME_TYPE1,145,10,10,"(115.95, 23.2);(115.95, 23.6);(115.95, 24.0);(116.36, 23.2);(116.36, 23.6);(116.36, 24.0);(116.77, 23.2);(116.77, 23.6);(116.77, 24.0);(117.18, 23.6)",True
59116,2024-09-22 14:00:00,60.2,SURF,True,EXTREME_TYPE1,68,9,9,"(115.95, 24.4);(116.36, 24.0);(116.36, 24.4);(116.36, 24.8);(116.77, 24.0);(116.77, 24.4);(116.77, 24.8);(117.18, 24.0);(117.18, 24.4)",True
59324,2024-09-23 05:00:00,14.6,SURF,True,EXTREME_TYPE1,45,10,10,"(116.36, 23.2);(116.36, 23.6);(116.77, 22.8);(116.77, 23.2);(116.77, 23.6);(116.77, 24.0);(117.18, 23.2);(117.18, 23.6);(117.18, 24.0);(117.59, 23.6)",True
59306,2024-09-23 20:00:00,27.5,SURF,True,EXTREME_TYPE1,390,12,12,"(115.14, 23.2);(115.14, 23.6);(115.55, 22.8);(115.55, 23.2);(115.55, 23.6);(115.55, 24.0);(115.95, 22.8);(115.95, 23.2);(115.95, 23.6);(115.95, 24.0);(116.36, 23.2);(116.36, 23.6)",True
59658,2024-10-17 21:00:00,35.7,SURF,True,EXTREME_TYPE1,155,10,10,"(109.82, 20.8);(109.82, 21.2);(109.82, 21.6);(110.23, 20.8);(110.23, 21.2);(110.23, 21.6);(110.64, 20.8);(110.64, 21.2);(110.64, 21.6);(111.05, 21.2)",True
59106,2024-11-25 06:00:00,4.9,SURF,True,EXTREME_TYPE1,136,10,10,"(115.14, 24.4);(115.14, 24.8);(115.55, 24.0);(115.55, 24.4);(115.55, 24.8);(115.95, 24.0);(115.95, 24.4);(115.95, 24.8);(116.36, 24.4);(116.36, 24.8)",True
59096,2025-03-03 12:00:00,3.5,SURF,True,EXTREME_TYPE1,191,12,12,"(113.91, 24.0);(113.91, 24.4);(113.91, 24.8);(114.32, 24.0);(114.32, 24.4);(114.32, 24.8);(114.73, 24.0);(114.73, 24.4);(114.73, 24.8);(115.14, 24.0);(115.14, 24.4);(115.14, 24.8)",True
59312,2025-03-04 13:00:00,29.9,SURF,True,EXTREME_TYPE1,234,10,10,"(115.95, 23.6);(116.36, 23.2);(116.36, 23.6);(116.36, 24.0);(116.77, 23.2);(116.77, 23.6);(116.77, 24.0);(117.18, 23.2);(117.18, 23.6);(117.18, 24.0)",True
59270,2025-03-13 20:00:00,31.9,SURF,True,EXTREME_TYPE1,277,10,10,"(111.45, 24.0);(111.86, 23.6);(111.86, 24.0);(111.86, 24.4);(112.27, 23.6);(112.27, 24.0);(112.27, 24.4);(112.68, 23.6);(112.68, 24.0);(112.68, 24.4)",True
59106,2025-03-15 03:00:00,7.0,SURF,True,EXTREME_TYPE1,186,10,10,"(115.14, 24.4);(115.14, 24.8);(115.55, 24.0);(115.55, 24.4);(115.55, 24.8);(115.95, 24.0);(115.95, 24.4);(115.95, 24.8);(116.36, 24.4);(116.36, 24.8)",True
59654,2025-03-29 01:00:00,2.6,SURF,True,EXTREME_TYPE1,340,10,10,"(109.82, 21.2);(109.82, 21.6);(109.82, 22.0);(110.23, 21.2);(110.23, 21.6);(110.23, 22.0);(110.64, 21.2);(110.64, 21.6);(110.64, 22.0);(111.05, 21.6)",True
57988,2025-03-30 02:00:00,1.3,SURF,True,EXTREME_TYPE1,143,11,11,"(112.68, 24.8);(112.68, 25.2);(113.09, 24.8);(113.09, 25.2);(113.09, 25.6);(113.5, 24.8);(113.5, 25.2);(113.5, 25.6);(113.91, 24.8);(113.91, 25.2);(113.91, 25.6)",True
59099,2025-04-12 12:00:00,1.6,SURF,True,EXTREME_TYPE1,232,10,10,"(114.32, 24.4);(114.32, 24.8);(114.73, 24.0);(114.73, 24.4);(114.73, 24.8);(115.14, 24.0);(115.14, 24.4);(115.14, 24.8);(115.55, 24.4);(115.55, 24.8)",True
59088,2025-04-19 16:00:00,20.6,SURF,True,EXTREME_TYPE1,387,12,12,"(112.68, 24.0);(112.68, 24.4);(113.09, 23.6);(113.09, 24.0);(113.09, 24.4);(113.09, 24.8);(113.5, 23.6);(113.5, 24.0);(113.5, 24.4);(113.5, 24.8);(113.91, 24.0);(113.91, 24.4)",True
59082,2025-04-24 13:00:00,30.3,SURF,True,EXTREME_TYPE1,316,12,12,"(113.09, 24.4);(113.09, 24.8);(113.09, 25.2);(113.5, 24.0);(113.5, 24.4);(113.5, 24.8);(113.5, 25.2);(113.91, 24.4);(113.91, 24.8);(113.91, 25.2);(114.32, 24.4);(114.32, 24.8)",True
59462,2025-04-25 04:00:00,11.2,SURF,True,EXTREME_TYPE1,584,11,11,"(111.05, 22.4);(111.05, 22.8);(111.05, 23.2);(111.45, 22.4);(111.45, 22.8);(111.45, 23.2);(111.86, 22.4);(111.86, 22.8);(111.86, 23.2);(112.27, 22.4);(112.27, 22.8)",True
59673,2025-04-25 13:00:00,50.7,SURF,True,EXTREME_TYPE1,100,8,8,"(112.27, 21.6);(112.27, 22.0);(112.68, 21.6);(112.68, 22.0);(112.68, 22.4);(113.09, 21.6);(113.09, 22.0);(113.5, 21.6)",True
59655,2025-04-27 17:00:00,59.2,SURF,True,EXTREME_TYPE1,394,10,10,"(110.23, 21.2);(110.23, 21.6);(110.23, 22.0);(110.64, 21.2);(110.64, 21.6);(110.64, 22.0);(110.64, 22.4);(111.05, 21.2);(111.05, 21.6);(111.05, 22.0)",True
59492,2025-05-06 12:00:00,85.2,SURF,True,EXTREME_TYPE1,378,11,8,"(114.32, 22.4);(114.32, 22.8);(114.32, 23.2);(114.32, 23.6);(114.73, 22.4);(114.73, 22.8);(114.73, 23.2);(114.73, 23.6)",True
59476,2025-05-06 19:00:00,64.4,SURF,True,EXTREME_TYPE1,1495,11,11,"(112.27, 22.4);(112.68, 22.0);(112.68, 22.4);(112.68, 22.8);(113.09, 22.0);(113.09, 22.4);(113.09, 22.8);(113.09, 23.2);(113.5, 22.0);(113.5, 22.4);(113.5, 22.8)",True
59280,2025-05-09 07:00:00,44.8,SURF,True,EXTREME_TYPE1,492,10,10,"(112.68, 23.2);(112.68, 23.6);(112.68, 24.0);(113.09, 23.2);(113.09, 23.6);(113.09, 24.0);(113.09, 24.4);(113.5, 23.2);(113.5, 23.6);(113.5, 24.0)",True
59278,2025-05-09 08:00:00,25.1,SURF,True,EXTREME_TYPE1,1264,12,12,"(111.86, 22.8);(111.86, 23.2);(112.27, 22.4);(112.27, 22.8);(112.27, 23.2);(112.27, 23.6);(112.68, 22.4);(112.68, 22.8);(112.68, 23.2);(112.68, 23.6);(113.09, 22.8);(113.09, 23.2)",True
59654,2025-05-17 18:00:00,32.4,SURF,True,EXTREME_TYPE1,341,10,10,"(109.82, 21.2);(109.82, 21.6);(109.82, 22.0);(110.23, 21.2);(110.23, 21.6);(110.23, 22.0);(110.64, 21.2);(110.64, 21.6);(110.64, 22.0);(111.05, 21.6)",True
59456,2025-05-18 05:00:00,71.4,SURF,True,EXTREME_TYPE1,306,10,10,"(110.23, 22.4);(110.64, 22.0);(110.64, 22.4);(110.64, 22.8);(111.05, 22.0);(111.05, 22.4);(111.05, 22.8);(111.45, 22.0);(111.45, 22.4);(111.45, 22.8)",True
59655,2025-05-19 13:00:00,43.9,SURF,True,EXTREME_TYPE1,388,10,10,"(110.23, 21.2);(110.23, 21.6);(110.23, 22.0);(110.64, 21.2);(110.64, 21.6);(110.64, 22.0);(110.64, 22.4);(111.05, 21.2);(111.05, 21.6);(111.05, 22.0)",True
59081,2025-05-19 15:00:00,20.3,SURF,True,EXTREME_TYPE1,265,12,12,"(112.68, 24.4);(112.68, 24.8);(112.68, 25.2);(113.09, 24.4);(113.09, 24.8);(113.09, 25.2);(113.5, 24.4);(113.5, 24.8);(113.5, 25.2);(113.91, 24.4);(113.91, 24.8);(113.91, 25.2)",True
59750,2025-05-24 07:00:00,32.8,SURF,True,EXTREME_TYPE1,263,11,11,"(109.41, 21.2);(109.82, 20.4);(109.82, 20.8);(109.82, 21.2);(109.82, 21.6);(110.23, 20.4);(110.23, 20.8);(110.23, 21.2);(110.23, 21.6);(110.64, 20.8);(110.64, 21.2)",True
59658,2025-05-28 17:00:00,6.0,SURF,True,EXTREME_TYPE1,210,10,10,"(109.82, 20.8);(109.82, 21.2);(109.82, 21.6);(110.23, 20.8);(110.23, 21.2);(110.23, 21.6);(110.64, 20.8);(110.64, 21.2);(110.64, 21.6);(111.05, 21.2)",True
59312,2025-05-29 14:00:00,12.4,SURF,True,EXTREME_TYPE1,234,10,10,"(115.95, 23.6);(116.36, 23.2);(116.36, 23.6);(116.36, 24.0);(116.77, 23.2);(116.77, 23.6);(116.77, 24.0);(117.18, 23.2);(117.18, 23.6);(117.18, 24.0)",True
59285,2025-06-03 00:00:00,65.1,SURF,True,EXTREME_TYPE1,579,10,10,"(113.09, 23.2);(113.09, 23.6);(113.09, 24.0);(113.5, 23.2);(113.5, 23.6);(113.5, 24.0);(113.91, 23.2);(113.91, 23.6);(113.91, 24.0);(114.32, 23.6)",True
59087,2025-06-10 18:00:00,59.6,SURF,True,EXTREME_TYPE1,393,10,10,"(113.09, 23.6);(113.09, 24.0);(113.09, 24.4);(113.5, 23.2);(113.5, 23.6);(113.5, 24.0);(113.5, 24.4);(113.91, 23.6);(113.91, 24.0);(113.91, 24.4)",True
57988,2025-06-11 23:00:00,16.0,SURF,True,EXTREME_TYPE1,142,11,11,"(112.68, 24.8);(112.68, 25.2);(113.09, 24.8);(113.09, 25.2);(113.09, 25.6);(113.5, 24.8);(113.5, 25.2);(113.5, 25.6);(113.91, 24.8);(113.91, 25.2);(113.91, 25.6)",True
59750,2025-06-12 08:00:00,13.1,SURF,True,EXTREME_TYPE1,255,11,11,"(109.41, 21.2);(109.82, 20.4);(109.82, 20.8);(109.82, 21.2);(109.82, 21.6);(110.23, 20.4);(110.23, 20.8);(110.23, 21.2);(110.23, 21.6);(110.64, 20.8);(110.64, 21.2)",True
59106,2025-06-12 18:00:00,34.3,SURF,True,EXTREME_TYPE1,192,10,10,"(115.14, 24.4);(115.14, 24.8);(115.55, 24.0);(115.55, 24.4);(115.55, 24.8);(115.95, 24.0);(115.95, 24.4);(115.95, 24.8);(116.36, 24.4);(116.36, 24.8)",True
59480,2025-06-14 15:00:00,35.6,SURF,True,EXTREME_TYPE1,1261,10,10,"(112.68, 22.4);(112.68, 22.8);(112.68, 23.2);(113.09, 22.4);(113.09, 22.8);(113.09, 23.2);(113.5, 22.4);(113.5, 22.8);(113.5, 23.2);(113.91, 22.8)",True
59456,2025-06-14 22:00:00,5.9,SURF,True,EXTREME_TYPE1,305,10,10,"(110.23, 22.4);(110.64, 22.0);(110.64, 22.4);(110.64, 22.8);(111.05, 22.0);(111.05, 22.4);(111.05, 22.8);(111.45, 22.0);(111.45, 22.4);(111.45, 22.8)",True
59462,2025-06-15 05:00:00,35.1,SURF,True,EXTREME_TYPE1,579,11,11,"(111.05, 22.4);(111.05, 22.8);(111.05, 23.2);(111.45, 22.4);(111.45, 22.8);(111.45, 23.2);(111.86, 22.4);(111.86, 22.8);(111.86, 23.2);(112.27, 22.4);(112.27, 22.8)",True
59270,2025-06-15 06:00:00,51.7,SURF,True,EXTREME_TYPE1,285,10,10,"(111.45, 24.0);(111.86, 23.6);(111.86, 24.0);(111.86, 24.4);(112.27, 23.6);(112.27, 24.0);(112.27, 24.4);(112.68, 23.6);(112.68, 24.0);(112.68, 24.4)",True
59271,2025-06-15 08:00:00,6.4,SURF,True,EXTREME_TYPE1,437,11,11,"(111.86, 23.2);(111.86, 23.6);(111.86, 24.0);(112.27, 23.2);(112.27, 23.6);(112.27, 24.0);(112.68, 23.2);(112.68, 23.6);(112.68, 24.0);(113.09, 23.6);(113.09, 24.0)",True
59090,2025-06-15 12:00:00,4.0,SURF,True,EXTREME_TYPE1,98,12,12,"(113.5, 24.8);(113.5, 25.2);(113.91, 24.4);(113.91, 24.8);(113.91, 25.2);(113.91, 25.6);(114.32, 24.4);(114.32, 24.8);(114.32, 25.2);(114.32, 25.6);(114.73, 24.8);(114.73, 25.2)",True
59270,2025-06-16 09:00:00,23.3,SURF,True,EXTREME_TYPE1,286,10,10,"(111.45, 24.0);(111.86, 23.6);(111.86, 24.0);(111.86, 24.4);(112.27, 23.6);(112.27, 24.0);(112.27, 24.4);(112.68, 23.6);(112.68, 24.0);(112.68, 24.4)",True
59270,2025-06-16 10:00:00,83.1,SURF,True,EXTREME_TYPE1,285,10,10,"(111.45, 24.0);(111.86, 23.6);(111.86, 24.0);(111.86, 24.4);(112.27, 23.6);(112.27, 24.0);(112.27, 24.4);(112.68, 23.6);(112.68, 24.0);(112.68, 24.4)",True
59477,2025-06-17 01:00:00,10.8,SURF,True,EXTREME_TYPE1,1003,10,10,"(111.86, 22.0);(111.86, 22.4);(111.86, 22.8);(112.27, 21.6);(112.27, 22.0);(112.27, 22.4);(112.27, 22.8);(112.68, 22.0);(112.68, 22.4);(112.68, 22.8)",True
59663,2025-06-17 05:00:00,50.8,SURF,True,EXTREME_TYPE1,334,11,11,"(111.45, 21.6);(111.45, 22.0);(111.86, 21.2);(111.86, 21.6);(111.86, 22.0);(111.86, 22.4);(112.27, 21.6);(112.27, 22.0);(112.27, 22.4);(112.68, 21.6);(112.68, 22.0)",True
59487,2025-06-17 06:00:00,55.4,SURF,True,EXTREME_TYPE1,842,12,12,"(112.68, 22.0);(112.68, 22.4);(113.09, 21.6);(113.09, 22.0);(113.09, 22.4);(113.09, 22.8);(113.5, 21.6);(113.5, 22.0);(113.5, 22.4);(113.5, 22.8);(113.91, 22.0);(113.91, 22.4)",True
59664,2025-06-17 08:00:00,37.9,SURF,True,EXTREME_TYPE1,372,10,10,"(110.23, 21.6);(110.64, 21.2);(110.64, 21.6);(110.64, 22.0);(111.05, 21.2);(111.05, 21.6);(111.05, 22.0);(111.45, 21.2);(111.45, 21.6);(111.45, 22.0)",True
59294,2025-06-17 18:00:00,15.0,SURF,True,EXTREME_TYPE1,580,11,11,"(113.09, 23.2);(113.5, 22.8);(113.5, 23.2);(113.5, 23.6);(113.91, 22.8);(113.91, 23.2);(113.91, 23.6);(113.91, 24.0);(114.32, 22.8);(114.32, 23.2);(114.32, 23.6)",True
59654,2025-06-18 00:00:00,63.5,SURF,True,EXTREME_TYPE1,329,10,10,"(109.82, 21.2);(109.82, 21.6);(109.82, 22.0);(110.23, 21.2);(110.23, 21.6);(110.23, 22.0);(110.64, 21.2);(110.64, 21.6);(110.64, 22.0);(111.05, 21.6)",True
59653,2025-06-18 02:00:00,54.8,SURF,True,EXTREME_TYPE1,345,11,11,"(110.23, 21.6);(110.23, 22.0);(110.64, 21.6);(110.64, 22.0);(110.64, 22.4);(111.05, 21.6);(111.05, 22.0);(111.05, 22.4);(111.45, 21.6);(111.45, 22.0);(111.45, 22.4)",True
59469,2025-06-18 04:00:00,18.4,SURF,True,EXTREME_TYPE1,465,11,11,"(111.05, 22.0);(111.45, 21.6);(111.45, 22.0);(111.45, 22.4);(111.86, 21.6);(111.86, 22.0);(111.86, 22.4);(111.86, 22.8);(112.27, 21.6);(112.27, 22.0);(112.27, 22.4)",True
59099,2025-07-01 15:00:00,50.1,SURF,True,FALSE,234,10,0,,True
59081,2025-07-01 16:00:00,15.9,SURF,True,EXTREME_TYPE1,264,12,12,"(112.68, 24.4);(112.68, 24.8);(112.68, 25.2);(113.09, 24.4);(113.09, 24.8);(113.09, 25.2);(113.5, 24.4);(113.5, 24.8);(113.5, 25.2);(113.91, 24.4);(113.91, 24.8);(113.91, 25.2)",True
59290,2025-07-03 07:00:00,5.6,SURF,True,EXTREME_TYPE1,402,11,11,"(113.5, 23.6);(113.91, 23.2);(113.91, 23.6);(113.91, 24.0);(113.91, 24.4);(114.32, 23.2);(114.32, 23.6);(114.32, 24.0);(114.32, 24.4);(114.73, 23.6);(114.73, 24.0)",True
59663,2025-07-05 23:00:00,35.4,SURF,True,EXTREME_TYPE1,342,11,11,"(111.45, 21.6);(111.45, 22.0);(111.86, 21.2);(111.86, 21.6);(111.86, 22.0);(111.86, 22.4);(112.27, 21.6);(112.27, 22.0);(112.27, 22.4);(112.68, 21.6);(112.68, 22.0)",True
59304,2025-07-10 00:00:00,39.4,SURF,True,EXTREME_TYPE1,418,9,9,"(114.73, 23.2);(114.73, 23.6);(114.73, 24.0);(115.14, 23.2);(115.14, 23.6);(115.14, 24.0);(115.55, 23.2);(115.55, 23.6);(115.55, 24.0)",True
59488,2025-07-10 16:00:00,62.3,SURF,True,EXTREME_TYPE1,533,11,11,"(113.09, 22.0);(113.09, 22.4);(113.09, 22.8);(113.5, 21.6);(113.5, 22.0);(113.5, 22.4);(113.5, 22.8);(113.91, 22.0);(113.91, 22.4);(113.91, 22.8);(114.32, 22.4)",True
59314,2025-07-11 12:00:00,76.0,SURF,True,EXTREME_TYPE1,441,12,12,"(115.55, 23.2);(115.55, 23.6);(115.95, 22.8);(115.95, 23.2);(115.95, 23.6);(115.95, 24.0);(116.36, 22.8);(116.36, 23.2);(116.36, 23.6);(116.36, 24.0);(116.77, 23.2);(116.77, 23.6)",True
59315,2025-07-11 13:00:00,34.9,SURF,True,EXTREME_TYPE1,252,10,10,"(115.95, 23.2);(115.95, 23.6);(115.95, 24.0);(116.36, 23.2);(116.36, 23.6);(116.36, 24.0);(116.77, 23.2);(116.77, 23.6);(116.77, 24.0);(117.18, 23.6)",True
59650,2025-07-13 14:00:00,54.0,SURF,True,EXTREME_TYPE1,322,11,11,"(109.82, 21.2);(109.82, 21.6);(109.82, 22.0);(110.23, 20.8);(110.23, 21.2);(110.23, 21.6);(110.23, 22.0);(110.64, 20.8);(110.64, 21.2);(110.64, 21.6);(110.64, 22.0)",True
59288,2025-07-18 17:00:00,52.4,SURF,True,EXTREME_TYPE1,1015,10,10,"(112.27, 23.2);(112.68, 22.8);(112.68, 23.2);(112.68, 23.6);(113.09, 22.8);(113.09, 23.2);(113.09, 23.6);(113.5, 22.8);(113.5, 23.2);(113.5, 23.6)",True
59487,2025-07-20 00:00:00,24.3,SURF,True,EXTREME_TYPE1,853,12,12,"(112.68, 22.0);(112.68, 22.4);(113.09, 21.6);(113.09, 22.0);(113.09, 22.4);(113.09, 22.8);(113.5, 21.6);(113.5, 22.0);(113.5, 22.4);(113.5, 22.8);(113.91, 22.0);(113.91, 22.4)",True
59502,2025-07-20 08:00:00,54.7,SURF,True,EXTREME_TYPE1,503,12,12,"(115.14, 22.8);(115.14, 23.2);(115.55, 22.4);(115.55, 22.8);(115.55, 23.2);(115.55, 23.6);(115.95, 22.4);(115.95, 22.8);(115.95, 23.2);(115.95, 23.6);(116.36, 22.8);(116.36, 23.2)",True
59487,2025-07-20 17:00:00,9.1,SURF,True,EXTREME_TYPE1,855,12,12,"(112.68, 22.0);(112.68, 22.4);(113.09, 21.6);(113.09, 22.0);(113.09, 22.4);(113.09, 22.8);(113.5, 21.6);(113.5, 22.0);(113.5, 22.4);(113.5, 22.8);(113.91, 22.0);(113.91, 22.4)",True
59071,2025-07-21 13:00:00,4.3,SURF,True,EXTREME_TYPE1,175,8,8,"(111.86, 24.4);(111.86, 24.8);(112.27, 24.4);(112.27, 24.8);(112.27, 25.2);(112.68, 24.4);(112.68, 24.8);(112.68, 25.2)",True
59655,2025-07-21 13:00:00,1.0,SURF,True,EXTREME_TYPE1,391,10,10,"(110.23, 21.2);(110.23, 21.6);(110.23, 22.0);(110.64, 21.2);(110.64, 21.6);(110.64, 22.0);(110.64, 22.4);(111.05, 21.2);(111.05, 21.6);(111.05, 22.0)",True
59469,2025-07-22 13:00:00,27.8,SURF,True,EXTREME_TYPE1,468,11,11,"(111.05, 22.0);(111.45, 21.6);(111.45, 22.0);(111.45, 22.4);(111.86, 21.6);(111.86, 22.0);(111.86, 22.4);(111.86, 22.8);(112.27, 21.6);(112.27, 22.0);(112.27, 22.4)",True
59293,2025-07-22 16:00:00,7.3,SURF,True,EXTREME_TYPE1,306,11,11,"(114.32, 23.2);(114.32, 23.6);(114.32, 24.0);(114.73, 23.2);(114.73, 23.6);(114.73, 24.0);(114.73, 24.4);(115.14, 23.2);(115.14, 23.6);(115.14, 24.0);(115.14, 24.4)",True
59284,2025-07-23 20:00:00,65.0,SURF,True,EXTREME_TYPE1,854,12,12,"(112.68, 23.2);(112.68, 23.6);(113.09, 22.8);(113.09, 23.2);(113.09, 23.6);(113.09, 24.0);(113.5, 22.8);(113.5, 23.2);(113.5, 23.6);(113.5, 24.0);(113.91, 23.2);(113.91, 23.6)",True
59088,2025-07-28 00:00:00,1.3,SURF,True,EXTREME_TYPE1,393,12,12,"(112.68, 24.0);(112.68, 24.4);(113.09, 23.6);(113.09, 24.0);(113.09, 24.4);(113.09, 24.8);(113.5, 23.6);(113.5, 24.0);(113.5, 24.4);(113.5, 24.8);(113.91, 24.0);(113.91, 24.4)",True
59324,2025-07-28 23:00:00,1.3,SURF,True,EXTREME_TYPE1,74,10,10,"(116.36, 23.2);(116.36, 23.6);(116.77, 22.8);(116.77, 23.2);(116.77, 23.6);(116.77, 24.0);(117.18, 23.2);(117.18, 23.6);(117.18, 24.0);(117.59, 23.6)",True
59082,2025-07-30 17:00:00,51.4,SURF,True,EXTREME_TYPE1,316,12,12,"(113.09, 24.4);(113.09, 24.8);(113.09, 25.2);(113.5, 24.0);(113.5, 24.4);(113.5, 24.8);(113.5, 25.2);(113.91, 24.4);(113.91, 24.8);(113.91, 25.2);(114.32, 24.4);(114.32, 24.8)",True
59096,2025-07-30 21:00:00,51.7,SURF,True,EXTREME_TYPE1,200,12,12,"(113.91, 24.0);(113.91, 24.4);(113.91, 24.8);(114.32, 24.0);(114.32, 24.4);(114.32, 24.8);(114.73, 24.0);(114.73, 24.4);(114.73, 24.8);(115.14, 24.0);(115.14, 24.4);(115.14, 24.8)",True
59285,2025-07-31 00:00:00,10.0,SURF,True,EXTREME_TYPE1,581,10,10,"(113.09, 23.2);(113.09, 23.6);(113.09, 24.0);(113.5, 23.2);(113.5, 23.6);(113.5, 24.0);(113.91, 23.2);(113.91, 23.6);(113.91, 24.0);(114.32, 23.6)",True
59493,2025-07-31 05:00:00,27.5,SURF,True,EXTREME_TYPE1,578,13,13,"(113.5, 22.0);(113.5, 22.4);(113.5, 22.8);(113.91, 22.0);(113.91, 22.4);(113.91, 22.8);(113.91, 23.2);(114.32, 22.0);(114.32, 22.4);(114.32, 22.8);(114.32, 23.2);(114.73, 22.4);(114.73, 22.8)",True
59268,2025-07-31 07:00:00,52.7,SURF,True,EXTREME_TYPE1,595,9,9,"(111.05, 22.8);(111.05, 23.2);(111.45, 22.8);(111.45, 23.2);(111.45, 23.6);(111.86, 22.8);(111.86, 23.2);(111.86, 23.6);(112.27, 23.2)",True
59074,2025-07-31 15:00:00,13.1,SURF,True,EXTREME_TYPE1,258,9,9,"(111.86, 24.0);(111.86, 24.4);(111.86, 24.8);(112.27, 24.0);(112.27, 24.4);(112.27, 24.8);(112.27, 25.2);(112.68, 24.4);(112.68, 24.8)",True
59462,2025-07-31 20:00:00,78.4,SURF,True,EXTREME_TYPE1,592,11,11,"(111.05, 22.4);(111.05, 22.8);(111.05, 23.2);(111.45, 22.4);(111.45, 22.8);(111.45, 23.2);(111.86, 22.4);(111.86, 22.8);(111.86, 23.2);(112.27, 22.4);(112.27, 22.8)",True
59293,2025-08-01 00:00:00,73.0,SURF,True,EXTREME_TYPE1,305,11,10,"(114.32, 23.6);(114.32, 24.0);(114.73, 23.2);(114.73, 23.6);(114.73, 24.0);(114.73, 24.4);(115.14, 23.2);(115.14, 23.6);(115.14, 24.0);(115.14, 24.4)",True
59500,2025-08-01 16:00:00,38.1,SURF,True,EXTREME_TYPE1,523,12,12,"(114.73, 22.8);(114.73, 23.2);(115.14, 22.4);(115.14, 22.8);(115.14, 23.2);(115.14, 23.6);(115.55, 22.4);(115.55, 22.8);(115.55, 23.2);(115.55, 23.6);(115.95, 22.8);(115.95, 23.2)",True
59486,2025-08-03 02:00:00,24.0,SURF,True,EXTREME_TYPE1,921,10,10,"(113.5, 22.4);(113.5, 22.8);(113.5, 23.2);(113.91, 22.0);(113.91, 22.4);(113.91, 22.8);(113.91, 23.2);(114.32, 22.4);(114.32, 22.8);(114.32, 23.2)",True
59264,2025-08-03 03:00:00,28.2,SURF,True,EXTREME_TYPE1,174,9,9,"(111.05, 23.2);(111.45, 22.8);(111.45, 23.2);(111.45, 23.6);(111.45, 24.0);(111.86, 22.8);(111.86, 23.2);(111.86, 23.6);(111.86, 24.0)",True
59315,2025-08-03 06:00:00,21.4,SURF,True,EXTREME_TYPE1,245,10,10,"(115.95, 23.2);(115.95, 23.6);(115.95, 24.0);(116.36, 23.2);(116.36, 23.6);(116.36, 24.0);(116.77, 23.2);(116.77, 23.6);(116.77, 24.0);(117.18, 23.6)",True
59318,2025-08-03 06:00:00,30.5,SURF,True,EXTREME_TYPE1,245,12,12,"(115.95, 23.2);(115.95, 23.6);(116.36, 22.8);(116.36, 23.2);(116.36, 23.6);(116.36, 24.0);(116.77, 22.8);(116.77, 23.2);(116.77, 23.6);(116.77, 24.0);(117.18, 23.2);(117.18, 23.6)",True
59502,2025-08-04 00:00:00,44.4,SURF,True,EXTREME_TYPE1,501,12,12,"(115.14, 22.8);(115.14, 23.2);(115.55, 22.4);(115.55, 22.8);(115.55, 23.2);(115.55, 23.6);(115.95, 22.4);(115.95, 22.8);(115.95, 23.2);(115.95, 23.6);(116.36, 22.8);(116.36, 23.2)",True
59502,2025-08-04 02:00:00,68.4,SURF,True,EXTREME_TYPE1,503,12,12,"(115.14, 22.8);(115.14, 23.2);(115.55, 22.4);(115.55, 22.8);(115.55, 23.2);(115.55, 23.6);(115.95, 22.4);(115.95, 22.8);(115.95, 23.2);(115.95, 23.6);(116.36, 22.8);(116.36, 23.2)",True
59492,2025-08-04 12:00:00,17.8,SURF,True,EXTREME_TYPE1,404,11,11,"(114.32, 22.4);(114.32, 22.8);(114.32, 23.2);(114.32, 23.6);(114.73, 22.4);(114.73, 22.8);(114.73, 23.2);(114.73, 23.6);(115.14, 22.8);(115.14, 23.2);(115.14, 23.6)",True
59501,2025-08-04 14:00:00,4.4,SURF,True,EXTREME_TYPE1,519,12,12,"(114.73, 22.4);(114.73, 22.8);(114.73, 23.2);(115.14, 22.4);(115.14, 22.8);(115.14, 23.2);(115.55, 22.4);(115.55, 22.8);(115.55, 23.2);(115.95, 22.4);(115.95, 22.8);(115.95, 23.2)",True
59288,2025-08-04 21:00:00,43.2,SURF,True,EXTREME_TYPE1,1006,10,10,"(112.27, 23.2);(112.68, 22.8);(112.68, 23.2);(112.68, 23.6);(113.09, 22.8);(113.09, 23.2);(113.09, 23.6);(113.5, 22.8);(113.5, 23.2);(113.5, 23.6)",True
59488,2025-08-05 06:00:00,24.4,SURF,True,EXTREME_TYPE1,525,11,11,"(113.09, 22.0);(113.09, 22.4);(113.09, 22.8);(113.5, 21.6);(113.5, 22.0);(113.5, 22.4);(113.5, 22.8);(113.91, 22.0);(113.91, 22.4);(113.91, 22.8);(114.32, 22.4)",True
59280,2025-08-06 05:00:00,35.6,SURF,True,EXTREME_TYPE1,494,10,10,"(112.68, 23.2);(112.68, 23.6);(112.68, 24.0);(113.09, 23.2);(113.09, 23.6);(113.09, 24.0);(113.09, 24.4);(113.5, 23.2);(113.5, 23.6);(113.5, 24.0)",True
59650,2025-08-06 06:00:00,23.3,SURF,True,EXTREME_TYPE1,318,11,11,"(109.82, 21.2);(109.82, 21.6);(109.82, 22.0);(110.23, 20.8);(110.23, 21.2);(110.23, 21.6);(110.23, 22.0);(110.64, 20.8);(110.64, 21.2);(110.64, 21.6);(110.64, 22.0)",True
59486,2025-08-06 12:00:00,26.0,SURF,True,EXTREME_TYPE1,861,10,10,"(113.5, 22.4);(113.5, 22.8);(113.5, 23.2);(113.91, 22.0);(113.91, 22.4);(113.91, 22.8);(113.91, 23.2);(114.32, 22.4);(114.32, 22.8);(114.32, 23.2)",True
59072,2025-08-07 12:00:00,7.3,SURF,True,EXTREME_TYPE1,315,9,9,"(111.86, 24.4);(111.86, 24.8);(112.27, 24.4);(112.27, 24.8);(112.27, 25.2);(112.68, 24.4);(112.68, 24.8);(112.68, 25.2);(113.09, 24.8)",True
59279,2025-08-07 16:00:00,54.6,SURF,True,EXTREME_TYPE1,1012,12,12,"(112.27, 22.8);(112.27, 23.2);(112.27, 23.6);(112.68, 22.8);(112.68, 23.2);(112.68, 23.6);(113.09, 22.8);(113.09, 23.2);(113.09, 23.6);(113.5, 22.8);(113.5, 23.2);(113.5, 23.6)",True
59304,2025-08-11 14:00:00,100.7,SURF,True,EXTREME_TYPE1,423,9,9,"(114.73, 23.2);(114.73, 23.6);(114.73, 24.0);(115.14, 23.2);(115.14, 23.6);(115.14, 24.0);(115.55, 23.2);(115.55, 23.6);(115.55, 24.0)",True
59317,2025-08-13 23:00:00,59.4,SURF,True,EXTREME_TYPE1,384,9,9,"(115.95, 22.4);(115.95, 22.8);(115.95, 23.2);(115.95, 23.6);(116.36, 22.8);(116.36, 23.2);(116.36, 23.6);(116.77, 22.8);(116.77, 23.2)",True
59500,2025-08-14 05:00:00,63.1,SURF,True,EXTREME_TYPE1,510,12,12,"(114.73, 22.8);(114.73, 23.2);(115.14, 22.4);(115.14, 22.8);(115.14, 23.2);(115.14, 23.6);(115.55, 22.4);(115.55, 22.8);(115.55, 23.2);(115.55, 23.6);(115.95, 22.8);(115.95, 23.2)",True
59492,2025-08-14 09:00:00,91.2,SURF,True,EXTREME_TYPE1,399,11,11,"(114.32, 22.4);(114.32, 22.8);(114.32, 23.2);(114.32, 23.6);(114.73, 22.4);(114.73, 22.8);(114.73, 23.2);(114.73, 23.6);(115.14, 22.8);(115.14, 23.2);(115.14, 23.6)",True
59288,2025-08-14 16:00:00,91.1,SURF,True,EXTREME_TYPE1,1014,10,10,"(112.27, 23.2);(112.68, 22.8);(112.68, 23.2);(112.68, 23.6);(113.09, 22.8);(113.09, 23.2);(113.09, 23.6);(113.5, 22.8);(113.5, 23.2);(113.5, 23.6)",True
59294,2025-08-14 17:00:00,27.2,SURF,True,EXTREME_TYPE1,583,11,11,"(113.09, 23.2);(113.5, 22.8);(113.5, 23.2);(113.5, 23.6);(113.91, 22.8);(113.91, 23.2);(113.91, 23.6);(113.91, 24.0);(114.32, 22.8);(114.32, 23.2);(114.32, 23.6)",True
59264,2025-08-14 18:00:00,66.8,SURF,True,EXTREME_TYPE1,175,9,9,"(111.05, 23.2);(111.45, 22.8);(111.45, 23.2);(111.45, 23.6);(111.45, 24.0);(111.86, 22.8);(111.86, 23.2);(111.86, 23.6);(111.86, 24.0)",True
59268,2025-08-14 19:00:00,25.1,SURF,True,EXTREME_TYPE1,594,9,9,"(111.05, 22.8);(111.05, 23.2);(111.45, 22.8);(111.45, 23.2);(111.45, 23.6);(111.86, 22.8);(111.86, 23.2);(111.86, 23.6);(112.27, 23.2)",True
59280,2025-08-14 23:00:00,2.1,SURF,True,EXTREME_TYPE1,497,10,10,"(112.68, 23.2);(112.68, 23.6);(112.68, 24.0);(113.09, 23.2);(113.09, 23.6);(113.09, 24.0);(113.09, 24.4);(113.5, 23.2);(113.5, 23.6);(113.5, 24.0)",True
59673,2025-08-15 01:00:00,20.9,SURF,True,EXTREME_TYPE1,108,8,8,"(112.27, 21.6);(112.27, 22.0);(112.68, 21.6);(112.68, 22.0);(112.68, 22.4);(113.09, 21.6);(113.09, 22.0);(113.5, 21.6)",True
59493,2025-08-19 05:00:00,12.2,SURF,True,EXTREME_TYPE1,595,13,13,"(113.5, 22.0);(113.5, 22.4);(113.5, 22.8);(113.91, 22.0);(113.91, 22.4);(113.91, 22.8);(113.91, 23.2);(114.32, 22.0);(114.32, 22.4);(114.32, 22.8);(114.32, 23.2);(114.73, 22.4);(114.73, 22.8)",True
59650,2025-08-19 21:00:00,6.4,SURF,True,EXTREME_TYPE1,320,11,11,"(109.82, 21.2);(109.82, 21.6);(109.82, 22.0);(110.23, 20.8);(110.23, 21.2);(110.23, 21.6);(110.23, 22.0);(110.64, 20.8);(110.64, 21.2);(110.64, 21.6);(110.64, 22.0)",True
59264,2025-08-20 16:00:00,4.4,SURF,True,EXTREME_TYPE1,174,9,9,"(111.05, 23.2);(111.45, 22.8);(111.45, 23.2);(111.45, 23.6);(111.45, 24.0);(111.86, 22.8);(111.86, 23.2);(111.86, 23.6);(111.86, 24.0)",True
59664,2025-08-25 09:00:00,16.6,SURF,True,EXTREME_TYPE1,378,10,10,"(110.23, 21.6);(110.64, 21.2);(110.64, 21.6);(110.64, 22.0);(111.05, 21.2);(111.05, 21.6);(111.05, 22.0);(111.45, 21.2);(111.45, 21.6);(111.45, 22.0)",True
57989,2025-08-25 21:00:00,25.0,SURF,True,EXTREME_TYPE1,165,12,12,"(113.09, 24.8);(113.09, 25.2);(113.5, 24.4);(113.5, 24.8);(113.5, 25.2);(113.5, 25.6);(113.91, 24.4);(113.91, 24.8);(113.91, 25.2);(113.91, 25.6);(114.32, 24.8);(114.32, 25.2)",True
59116,2025-08-26 22:00:00,20.6,SURF,True,EXTREME_TYPE1,111,9,9,"(115.95, 24.4);(116.36, 24.0);(116.36, 24.4);(116.36, 24.8);(116.77, 24.0);(116.77, 24.4);(116.77, 24.8);(117.18, 24.0);(117.18, 24.4)",True
59476,2025-08-27 18:00:00,29.3,SURF,True,EXTREME_TYPE1,1536,11,11,"(112.27, 22.4);(112.68, 22.0);(112.68, 22.4);(112.68, 22.8);(113.09, 22.0);(113.09, 22.4);(113.09, 22.8);(113.09, 23.2);(113.5, 22.0);(113.5, 22.4);(113.5, 22.8)",True
59456,2025-08-28 16:00:00,6.6,SURF,True,EXTREME_TYPE1,306,10,7,"(110.23, 22.4);(110.64, 22.0);(110.64, 22.4);(110.64, 22.8);(111.05, 22.0);(111.05, 22.4);(111.45, 22.0)",True
59754,2025-08-29 14:00:00,35.4,SURF,True,EXTREME_TYPE1,156,5,5,"(109.82, 20.4);(109.82, 20.8);(110.23, 20.4);(110.23, 20.8);(110.64, 20.8)",True
59269,2025-08-30 16:00:00,10.0,SURF,True,EXTREME_TYPE1,421,9,9,"(111.45, 22.8);(111.45, 23.2);(111.45, 23.6);(111.86, 22.8);(111.86, 23.2);(111.86, 23.6);(112.27, 22.8);(112.27, 23.2);(112.27, 23.6)",True
59106,2025-09-17 22:00:00,63.7,SURF,True,EXTREME_TYPE1,192,10,10,"(115.14, 24.4);(115.14, 24.8);(115.55, 24.0);(115.55, 24.4);(115.55, 24.8);(115.95, 24.0);(115.95, 24.4);(115.95, 24.8);(116.36, 24.4);(116.36, 24.8)",True
59315,2025-09-19 07:00:00,12.9,SURF,True,EXTREME_TYPE1,242,10,10,"(115.95, 23.2);(115.95, 23.6);(115.95, 24.0);(116.36, 23.2);(116.36, 23.6);(116.36, 24.0);(116.77, 23.2);(116.77, 23.6);(116.77, 24.0);(117.18, 23.6)",True
59303,2025-09-19 17:00:00,21.7,SURF,True,EXTREME_TYPE1,542,10,10,"(115.14, 23.6);(115.14, 24.0);(115.55, 23.6);(115.55, 24.0);(115.55, 24.4);(115.95, 23.6);(115.95, 24.0);(115.95, 24.4);(116.36, 23.6);(116.36, 24.0)",True
59097,2025-09-20 00:00:00,4.7,SURF,True,EXTREME_TYPE1,330,10,10,"(113.5, 24.0);(113.91, 23.6);(113.91, 24.0);(113.91, 24.4);(114.32, 23.6);(114.32, 24.0);(114.32, 24.4);(114.73, 23.6);(114.73, 24.0);(114.73, 24.4)",True
59303,2025-09-20 02:00:00,8.7,SURF,True,EXTREME_TYPE1,548,10,10,"(115.14, 23.6);(115.14, 24.0);(115.55, 23.6);(115.55, 24.0);(115.55, 24.4);(115.95, 23.6);(115.95, 24.0);(115.95, 24.4);(116.36, 23.6);(116.36, 24.0)",True
59656,2025-09-20 21:00:00,27.8,SURF,True,EXTREME_TYPE1,279,11,11,"(110.23, 21.2);(110.23, 21.6);(110.64, 20.8);(110.64, 21.2);(110.64, 21.6);(110.64, 22.0);(111.05, 21.2);(111.05, 21.6);(111.05, 22.0);(111.45, 21.2);(111.45, 21.6)",True
59081,2025-09-21 18:00:00,10.1,SURF,True,EXTREME_TYPE1,271,12,12,"(112.68, 24.4);(112.68, 24.8);(112.68, 25.2);(113.09, 24.4);(113.09, 24.8);(113.09, 25.2);(113.5, 24.4);(113.5, 24.8);(113.5, 25.2);(113.91, 24.4);(113.91, 24.8);(113.91, 25.2)",True
59269,2025-09-24 16:00:00,6.7,SURF,True,EXTREME_TYPE1,420,9,9,"(111.45, 22.8);(111.45, 23.2);(111.45, 23.6);(111.86, 22.8);(111.86, 23.2);(111.86, 23.6);(112.27, 22.8);(112.27, 23.2);(112.27, 23.6)",True
59650,2025-09-28 23:00:00,1.1,SURF,True,EXTREME_TYPE1,321,11,11,"(109.82, 21.2);(109.82, 21.6);(109.82, 22.0);(110.23, 20.8);(110.23, 21.2);(110.23, 21.6);(110.23, 22.0);(110.64, 20.8);(110.64, 21.2);(110.64, 21.6);(110.64, 22.0)",True
59658,2025-09-29 03:00:00,62.2,SURF,True,EXTREME_TYPE1,210,10,10,"(109.82, 20.8);(109.82, 21.2);(109.82, 21.6);(110.23, 20.8);(110.23, 21.2);(110.23, 21.6);(110.64, 20.8);(110.64, 21.2);(110.64, 21.6);(111.05, 21.2)",True
59289,2025-10-04 17:00:00,2.5,SURF,True,EXTREME_TYPE1,926,12,12,"(113.09, 22.8);(113.09, 23.2);(113.5, 22.4);(113.5, 22.8);(113.5, 23.2);(113.5, 23.6);(113.91, 22.4);(113.91, 22.8);(113.91, 23.2);(113.91, 23.6);(114.32, 22.8);(114.32, 23.2)",True
59659,2025-10-06 00:00:00,56.9,SURF,True,EXTREME_TYPE1,375,12,12,"(110.23, 21.6);(110.23, 22.0);(110.64, 21.2);(110.64, 21.6);(110.64, 22.0);(110.64, 22.4);(111.05, 21.2);(111.05, 21.6);(111.05, 22.0);(111.05, 22.4);(111.45, 21.6);(111.45, 22.0)",True
59664,2025-10-06 00:00:00,60.3,SURF,True,EXTREME_TYPE1,375,10,10,"(110.23, 21.6);(110.64, 21.2);(110.64, 21.6);(110.64, 22.0);(111.05, 21.2);(111.05, 21.6);(111.05, 22.0);(111.45, 21.2);(111.45, 21.6);(111.45, 22.0)",True
59106,2025-10-16 19:00:00,6.4,SURF,True,EXTREME_TYPE1,192,10,10,"(115.14, 24.4);(115.14, 24.8);(115.55, 24.0);(115.55, 24.4);(115.55, 24.8);(115.95, 24.0);(115.95, 24.4);(115.95, 24.8);(116.36, 24.4);(116.36, 24.8)",True
59270,2025-11-02 03:00:00,1.4,SURF,True,EXTREME_TYPE1,287,10,10,"(111.45, 24.0);(111.86, 23.6);(111.86, 24.0);(111.86, 24.4);(112.27, 23.6);(112.27, 24.0);(112.27, 24.4);(112.68, 23.6);(112.68, 24.0);(112.68, 24.4)",True
59462,2025-11-04 07:00:00,1.3,SURF,True,EXTREME_TYPE1,552,11,11,"(111.05, 22.4);(111.05, 22.8);(111.05, 23.2);(111.45, 22.4);(111.45, 22.8);(111.45, 23.2);(111.86, 22.4);(111.86, 22.8);(111.86, 23.2);(112.27, 22.4);(112.27, 22.8)",True
